Sample	Gauss.X	Gauss.Y	Tcri13	Tcri13.1	Tcri27	Tcri27.1	Tcri29	Tcri29.1	Tcri35	Tcri35.1	Tcri36	Tcri36.1	Tc50	Tc50.1	Tc52	Tc52.1	Tc66	Tc66.1	Tc68	Tc68.1	Tc81	Tc81.1	Tc58	Tc58.1	Tc69	Tc69.1	Tc70v	Tc70v.1	Tc74	Tc74.1	TCM96	TCM96.1
Alz1	78631	69297	126	126	260	283	328	328	214	218	269	269	199	207	197	201	236	236	178	182	147	147	200	204	179	179	228	228	201	205	119	119
Alz10	78631	69297	126	126	257	276	324	332	210	230	233	295	215	223	197	201	236	236	178	190	131	135	204	208	179	179	228	228	205	205	119	119
Alz11	78631	69297	126	132	253	257	328	332	210	210	NA	NA	191	211	197	201	236	236	178	178	147	147	204	204	171	179	228	228	205	205	119	119
Alz12	78631	69297	120	126	257	257	328	328	218	218	241	265	199	231	197	201	236	236	178	190	131	147	204	204	171	171	228	228	205	205	119	119
Alz13	78631	69297	126	126	260	268	324	324	210	230	265	265	195	211	197	201	236	236	174	194	135	147	200	204	179	179	216	228	201	205	119	119
Alz14	78631	69297	126	126	NA	NA	324	328	218	218	269	295	199	231	201	201	236	236	190	190	135	135	200	204	171	179	216	228	201	205	119	119
Alz16	78631	69297	126	126	257	257	324	328	230	230	265	265	195	227	197	201	236	236	174	194	131	135	204	204	171	179	216	228	205	205	119	119
Alz17	78631	69297	120	126	257	283	324	332	230	230	265	269	199	199	201	201	236	236	174	190	131	147	204	204	179	179	228	228	205	205	119	119
Alz18	78631	69297	126	126	257	283	328	328	222	222	237	241	199	215	197	201	236	236	178	190	147	147	204	204	171	171	228	228	205	205	119	119
Alz19	78631	69297	126	126	283	283	328	328	222	230	265	265	199	227	197	201	236	236	178	178	135	147	204	204	179	179	216	228	201	205	119	119
Alz2	78631	69297	126	126	NA	NA	324	328	230	230	265	299	191	199	197	201	232	236	178	178	131	135	204	204	171	179	216	228	205	205	119	119
Alz20	78631	69297	126	126	257	257	324	332	218	218	241	265	199	239	201	201	236	236	190	190	135	147	204	204	179	179	216	228	205	205	119	119
Alz3	78631	69297	126	126	249	283	324	324	218	218	265	273	199	215	201	201	232	236	190	190	135	147	200	204	179	179	216	228	205	205	119	121
Alz4	78631	69297	126	126	257	276	324	324	214	230	265	265	179	195	197	201	236	236	190	190	135	147	200	200	171	179	216	216	205	205	119	119
Alz5	78631	69297	126	126	253	260	324	328	218	230	NA	NA	199	211	201	201	232	236	178	190	135	135	200	204	179	179	228	228	205	205	119	119
Alz6	78631	69297	126	126	NA	NA	328	332	222	230	245	295	207	211	201	201	236	236	174	190	135	147	200	204	179	179	216	228	205	205	119	119
Alz7	78631	69297	126	126	257	283	328	332	218	222	265	273	199	199	197	201	236	236	174	178	131	147	200	204	171	179	216	228	205	205	119	121
Alz8	78631	69297	126	128	257	272	324	328	218	230	NA	NA	207	219	197	201	236	236	178	190	135	147	204	204	171	179	216	228	201	205	119	119
Alz9	78631	69297	126	130	249	276	324	328	218	218	237	265	199	211	201	201	232	232	190	190	135	135	200	204	179	179	216	228	205	205	119	119
Bas1	61067	69525	126	126	268	276	324	328	218	218	237	241	199	215	201	201	236	236	186	186	147	147	200	204	171	179	228	228	201	205	119	119
Bas10	61067	69525	126	130	268	283	324	324	214	218	265	269	195	195	197	201	236	236	182	182	135	135	204	204	179	179	216	216	205	205	119	119
Bas11	61067	69525	126	126	268	272	320	324	218	218	241	299	199	227	197	201	236	236	178	182	147	147	204	204	171	171	228	228	201	205	119	119
Bas12	61067	69525	126	126	276	276	328	328	218	218	241	265	199	235	201	201	236	236	186	194	131	147	200	204	171	179	228	228	205	205	119	119
Bas13	61067	69525	126	132	272	276	324	328	218	218	237	269	195	215	201	201	236	236	186	194	135	147	200	204	NA	NA	216	228	205	205	119	119
Bas14	61067	69525	126	126	276	276	324	328	218	218	237	269	195	215	201	201	236	236	182	190	131	135	204	204	171	171	216	228	205	205	119	119
Bas15	61067	69525	126	126	272	276	320	328	218	218	265	265	215	235	201	201	236	236	186	194	135	147	200	204	171	171	216	228	205	205	119	119
Bas16	61067	69525	126	126	276	276	324	328	218	218	241	265	199	235	201	201	236	236	186	190	131	135	200	204	171	171	228	228	205	205	119	119
Bas17	61067	69525	126	126	257	276	324	328	218	218	237	265	215	215	201	201	236	236	178	186	135	147	200	204	171	171	228	228	205	205	119	119
Bas18	61067	69525	126	132	NA	NA	328	328	218	218	241	269	195	199	201	201	236	236	182	182	147	147	204	204	179	179	216	228	205	205	119	119
Bas19	61067	69525	132	134	257	264	328	328	210	218	295	299	227	235	201	201	236	240	182	190	147	147	204	204	175	179	216	228	201	205	119	121
Bas2	61067	69525	126	126	268	276	324	324	218	218	241	299	199	227	197	201	236	236	178	186	135	147	200	204	171	171	216	228	201	205	119	119
Bas20	61067	69525	126	126	272	272	324	324	218	218	241	299	199	227	197	201	236	236	178	190	147	147	204	204	171	179	216	228	205	205	119	119
Bas3	61067	69525	126	132	268	276	320	328	218	218	265	265	215	235	201	201	236	236	178	186	131	135	200	204	171	179	228	228	205	205	119	119
Bas4	61067	69525	126	126	268	272	320	328	218	218	237	265	215	215	201	201	236	236	178	182	135	147	204	204	171	171	216	228	201	205	119	119
Bas5	61067	69525	126	128	272	283	324	328	218	218	269	299	199	227	197	205	236	236	178	178	135	147	204	204	179	179	216	216	201	205	119	119
Bas6	61067	69525	126	126	272	276	324	328	218	218	241	265	199	235	201	201	236	236	182	194	135	147	204	204	171	179	216	228	205	205	119	119
Bas7	61067	69525	126	126	257	276	324	324	218	218	237	265	215	215	197	201	236	236	178	186	147	147	200	204	171	179	216	228	201	205	119	119
Bas8	61067	69525	126	126	268	268	320	324	218	218	299	299	227	227	201	201	236	236	182	186	135	135	200	204	171	179	216	228	201	201	119	119
Bas9	61067	69525	126	132	268	276	328	328	206	218	269	269	195	199	201	201	236	236	194	207	131	131	204	204	179	179	216	228	205	205	119	119
Be1	74982	65479	126	126	264	268	324	328	218	230	237	269	195	195	197	201	236	236	174	190	131	147	204	204	179	179	228	228	205	205	119	119
Be2	74982	65479	126	126	257	264	328	332	210	218	269	269	195	195	197	201	236	236	174	174	131	147	204	204	179	179	228	228	201	205	119	119
Be3	74982	65479	126	126	257	257	328	328	218	230	237	269	195	211	197	201	236	236	178	190	131	131	204	204	179	179	228	228	201	205	119	119
Bec1	59125	86848	126	126	257	257	324	328	222	222	269	269	219	227	201	201	236	236	190	199	131	135	204	204	179	179	228	228	201	205	119	119
Bec2	59125	86848	126	128	257	257	324	328	222	230	269	269	219	223	197	201	236	240	190	199	131	131	204	204	179	179	228	228	201	205	119	119
Bec3	59125	86848	126	126	257	257	328	328	222	222	269	269	219	227	201	201	236	236	199	199	131	131	204	204	179	179	228	228	201	201	119	119
Bet1	93332	84447	126	126	268	268	328	328	218	238	265	295	207	211	197	197	236	236	182	186	131	131	204	204	179	179	216	228	205	205	119	119
Bet10	93332	84447	126	126	257	268	328	328	218	234	241	295	227	227	201	201	236	240	182	207	131	147	204	204	179	179	216	228	201	205	119	119
Bet11	93332	84447	126	126	257	272	324	328	218	230	NA	NA	211	227	197	197	236	244	178	182	131	147	200	204	179	179	216	216	201	201	119	119
Bet12	93332	84447	126	126	257	268	328	328	210	230	NA	NA	211	227	197	201	236	236	186	207	135	135	204	204	179	179	216	216	201	205	119	119
Bet13	93332	84447	NA	NA	NA	NA	324	324	218	238	269	295	211	227	197	201	236	236	178	178	147	147	200	204	179	179	216	216	201	205	119	119
Bet14	93332	84447	120	126	249	268	324	328	214	238	295	295	211	227	197	201	236	236	178	178	131	131	200	204	179	179	216	216	201	205	119	119
Bet15	93332	84447	120	126	257	268	328	332	218	234	265	295	207	219	201	201	240	240	186	190	131	135	204	204	179	179	216	228	201	201	119	119
Bet16	93332	84447	126	126	257	276	324	328	214	218	265	295	227	227	197	201	236	244	190	190	147	147	204	204	179	179	216	228	205	205	119	119
Bet17	93332	84447	126	126	257	257	328	328	230	230	241	269	215	223	197	197	236	236	186	186	131	131	204	204	179	179	216	216	205	205	119	119
Bet18	93332	84447	126	126	268	272	328	332	210	234	241	265	207	211	197	197	236	240	190	190	131	131	204	204	179	179	216	228	201	205	119	119
Bet19	93332	84447	126	126	257	268	324	328	230	238	265	295	219	227	197	201	236	236	178	186	135	147	200	204	179	179	216	216	201	205	119	119
Bet2	93332	84447	126	126	268	272	328	328	210	234	241	265	211	211	197	197	236	236	186	190	131	131	200	204	179	179	216	216	201	201	119	119
Bet20	93332	84447	126	130	268	272	328	328	214	234	241	265	207	211	197	197	236	240	190	207	131	131	204	204	179	179	216	228	201	205	119	119
Bet3	93332	84447	126	126	272	276	328	328	214	238	265	265	227	227	197	201	236	244	190	190	147	147	204	204	179	179	228	228	205	205	119	119
Bet4	93332	84447	126	126	257	268	328	328	214	238	295	295	207	227	197	201	240	244	190	207	147	151	204	204	179	179	216	228	205	205	119	119
Bet5	93332	84447	126	126	268	272	328	328	214	234	265	295	207	219	197	201	236	240	186	190	131	131	204	204	179	179	216	228	201	205	119	119
Bet6	93332	84447	126	132	268	276	324	328	230	234	241	265	195	227	201	201	236	244	186	190	131	147	200	204	179	179	216	228	201	205	119	119
Bet7	93332	84447	126	126	257	268	328	328	214	218	295	295	207	219	197	197	236	244	190	190	131	147	200	204	179	179	216	228	205	205	119	119
Bet8	93332	84447	126	126	268	268	324	328	214	218	265	295	211	215	197	197	236	240	178	186	131	131	200	204	179	179	216	216	201	205	119	119
Bet9	93332	84447	126	126	249	268	328	328	218	238	295	295	215	227	197	197	236	236	178	178	131	131	200	204	179	179	216	228	201	205	119	119
Bey1	91086	77194	126	126	257	276	324	328	210	218	NA	NA	211	219	201	201	236	236	178	186	131	135	204	204	179	179	216	216	205	205	119	119
Bey2	91086	77194	126	126	257	272	328	328	218	218	269	295	215	227	201	201	236	240	178	186	131	147	204	204	179	179	216	216	205	205	119	119
Bey3	91086	77194	126	126	257	257	324	328	214	218	245	295	211	219	197	201	236	240	178	190	135	147	204	204	179	179	216	216	205	205	119	119
Bey4	91086	77194	126	130	257	257	328	328	218	218	245	265	215	219	201	201	236	240	190	190	135	147	204	204	179	179	216	216	205	205	119	119
Bey6	91086	77194	126	126	249	257	324	328	218	218	269	269	215	215	201	201	240	240	190	190	135	147	204	204	179	179	216	216	205	205	119	119
Bey7	91086	77194	126	126	257	257	324	328	218	218	295	295	219	219	201	201	236	236	178	190	147	147	204	204	179	179	216	216	205	205	119	119
Bis1	71743	95761	126	126	260	276	324	328	234	234	261	269	219	247	201	201	236	236	210	210	135	147	204	204	179	183	216	216	201	205	119	119
Bis10	71743	95761	126	132	241	257	324	324	234	234	241	241	247	247	201	201	236	236	186	190	135	147	204	204	171	179	216	216	201	201	119	119
Bis11	71743	95761	122	126	249	268	324	328	210	234	261	269	223	223	201	201	236	236	186	186	147	147	200	204	179	183	216	216	201	201	119	119
Bis12	71743	95761	122	126	257	268	324	324	230	234	241	261	195	247	201	201	236	236	210	210	135	147	204	204	179	179	216	216	201	205	119	119
Bis13	71743	95761	126	132	264	268	324	324	234	234	261	261	215	219	201	201	236	236	186	186	147	147	204	204	179	179	216	228	201	205	119	119
Bis14	71743	95761	122	126	268	268	324	328	210	234	261	269	223	247	201	201	236	236	186	190	131	135	204	204	179	183	216	216	201	201	119	119
Bis15	71743	95761	126	132	268	268	324	324	210	234	NA	NA	191	219	201	201	236	236	210	210	135	143	204	204	179	179	216	216	201	201	119	119
Bis16	71743	95761	122	126	257	257	324	328	210	234	237	261	191	191	201	201	236	236	182	210	131	147	200	204	179	179	216	216	201	201	119	119
Bis18	71743	95761	122	132	249	257	324	324	218	230	269	269	191	247	201	201	236	236	190	190	135	147	204	204	179	183	216	216	205	205	119	119
Bis19	71743	95761	122	132	268	272	324	324	234	234	237	237	191	219	201	201	236	236	190	210	135	135	204	204	179	179	216	228	205	205	119	119
Bis2	71743	95761	122	126	268	276	324	328	230	234	261	265	247	247	201	201	236	236	178	210	135	147	204	204	179	179	216	216	201	205	119	119
Bis20	71743	95761	122	126	257	264	324	328	210	234	237	269	191	247	201	201	236	236	178	190	135	147	204	204	179	179	228	228	201	205	119	119
Bis3	71743	95761	122	126	249	257	324	328	210	230	241	261	247	247	201	201	236	236	178	178	147	147	204	204	179	179	216	228	201	201	119	119
Bis4	71743	95761	122	122	241	268	324	324	210	234	269	269	191	223	201	201	236	236	178	186	131	135	204	204	179	179	216	216	201	205	119	119
Bis5	71743	95761	126	126	241	241	328	328	210	234	237	265	191	247	201	201	236	236	190	190	147	147	204	204	179	179	216	228	201	201	119	119
Bis6	71743	95761	122	122	268	276	324	328	234	234	237	261	191	219	201	201	236	236	178	210	131	147	204	204	179	179	216	216	201	201	119	119
Bis7	71743	95761	122	126	268	268	324	324	230	230	261	269	215	215	201	201	236	236	178	190	147	147	204	204	179	179	216	228	201	201	119	119
Bis8	71743	95761	122	122	257	257	324	324	218	234	241	287	207	247	201	201	236	236	210	210	131	135	204	204	179	183	216	216	201	205	119	119
Bom1	63151	70559	126	126	257	276	324	324	218	230	265	269	199	215	201	201	236	236	178	186	147	147	200	204	179	179	216	228	205	205	119	121
Bom10	63151	70559	126	130	249	268	324	328	206	218	237	299	227	231	201	201	236	236	174	178	131	147	204	204	179	179	216	228	205	205	119	121
Bom11	63151	70559	122	126	276	283	320	324	230	230	241	265	199	215	201	201	236	240	178	178	135	147	204	204	179	179	216	228	205	205	119	119
Bom12	63151	70559	126	132	268	276	324	328	218	230	265	265	215	219	201	201	236	236	186	186	147	147	200	204	179	179	216	216	205	205	119	119
Bom13	63151	70559	126	126	257	268	324	328	206	210	265	295	219	231	197	201	236	236	174	182	147	147	204	204	171	179	228	228	205	205	119	119
Bom14	63151	70559	126	126	257	272	328	328	218	230	269	295	199	231	201	201	236	236	182	190	147	147	204	204	NA	NA	216	228	205	205	119	119
Bom15	63151	70559	126	126	268	283	320	320	210	218	269	295	195	199	201	201	236	236	174	190	135	147	204	204	179	179	216	216	205	205	119	119
Bom16	63151	70559	126	126	257	276	324	328	210	218	265	269	199	231	201	201	236	236	182	182	131	147	204	204	179	179	216	216	205	205	119	119
Bom17	63151	70559	126	126	268	283	320	328	218	222	237	265	223	231	201	201	236	236	186	186	131	147	200	204	179	183	228	228	201	205	119	119
Bom18	63151	70559	126	132	268	276	324	328	206	218	265	295	195	227	197	201	236	236	186	190	131	147	204	204	171	175	216	216	201	205	119	119
Bom19	63151	70559	126	132	257	283	324	332	206	214	NA	NA	215	215	197	201	236	236	174	194	131	147	204	204	179	179	228	228	205	205	119	121
Bom2	63151	70559	126	134	268	283	324	324	210	230	237	269	195	211	201	201	236	236	174	174	131	147	204	204	179	179	228	228	201	201	119	121
Bom20	63151	70559	126	126	257	268	324	324	202	218	237	295	195	215	201	201	236	236	178	203	143	147	204	204	171	179	216	228	201	201	119	121
Bom3	63151	70559	126	128	257	276	320	324	206	218	265	265	219	235	201	201	236	236	174	190	147	147	204	204	171	179	228	228	201	205	119	119
Bom4	63151	70559	126	126	257	268	324	328	218	218	237	269	195	215	201	201	236	236	178	186	131	147	200	204	179	179	216	228	205	205	119	119
Bom5	63151	70559	126	126	257	283	324	324	218	230	237	295	215	227	201	201	236	236	182	186	135	147	204	204	183	183	216	228	205	205	119	119
Bom6	63151	70559	126	132	257	283	328	328	206	218	269	295	219	235	201	201	236	236	174	190	135	147	204	204	179	179	216	228	201	205	119	119
Bom7	63151	70559	126	126	264	276	324	328	206	218	241	295	199	231	201	201	236	236	178	186	147	147	200	204	179	179	NA	NA	201	205	119	119
Bom8	63151	70559	126	132	264	268	324	328	214	234	265	299	219	227	201	201	236	236	190	203	147	147	200	204	179	179	216	228	201	205	119	119
Bom9	63151	70559	126	132	NA	NA	324	324	210	218	265	269	199	219	197	201	236	236	174	190	147	147	204	204	171	179	216	216	205	205	119	119
Chr1	89005	94302	126	126	257	257	324	328	230	230	241	299	211	223	197	201	236	240	178	178	131	131	204	204	179	179	216	216	201	209	119	119
Chr10	89005	94302	126	126	268	268	324	324	218	230	269	299	215	223	197	197	236	236	182	190	131	135	204	204	179	179	216	216	205	209	119	119
Chr11	89005	94302	126	126	257	257	324	328	218	230	NA	NA	223	283	197	197	236	236	178	178	131	131	200	204	179	179	216	216	205	209	119	119
Chr12	89005	94302	126	126	268	268	324	328	218	230	269	299	215	223	197	197	236	236	190	194	135	147	204	204	179	179	216	216	205	209	119	119
Chr13	89005	94302	126	126	268	268	324	324	218	230	299	299	223	227	197	197	236	236	182	182	131	147	204	204	179	179	216	216	201	205	119	119
Chr14	89005	94302	126	126	257	268	324	328	218	230	NA	NA	223	227	197	197	236	240	178	190	131	135	204	204	179	179	216	216	NA	NA	119	119
Chr15	89005	94302	126	126	268	268	324	328	218	218	237	299	227	283	197	197	236	236	178	182	131	147	204	204	179	179	216	216	205	205	119	119
Chr16	89005	94302	126	126	NA	NA	324	328	218	218	269	299	215	223	197	197	236	236	182	182	135	147	204	204	179	179	216	216	205	209	119	119
Chr17	89005	94302	126	126	268	268	324	328	230	230	241	295	215	227	197	201	236	236	182	182	147	147	204	204	179	179	216	216	201	205	119	119
Chr18	89005	94302	126	126	NA	NA	324	328	230	230	241	269	211	211	197	201	236	236	178	178	131	147	204	204	179	179	216	216	201	209	119	119
Chr2	89005	94302	126	126	268	268	324	324	218	230	NA	NA	223	227	197	197	236	240	182	182	135	147	204	204	179	179	216	216	201	205	119	119
Chr3	89005	94302	126	126	268	268	324	324	226	230	299	299	215	223	197	197	236	236	182	190	131	147	204	204	179	179	216	216	205	209	119	119
Chr4	89005	94302	126	126	NA	NA	324	324	218	218	241	269	215	215	197	197	236	240	182	190	131	131	204	204	179	179	216	216	201	205	119	119
Chr5	89005	94302	126	126	268	268	324	324	218	218	299	299	223	227	197	197	236	236	182	182	131	147	204	204	179	179	216	216	205	205	119	119
Chr6	89005	94302	126	126	257	268	324	324	218	230	241	295	215	227	197	197	236	240	182	182	131	147	204	204	179	179	216	216	201	205	119	119
Chr7	89005	94302	126	126	268	268	324	328	218	230	241	269	211	215	197	201	236	240	178	182	147	147	204	204	179	179	216	216	201	201	119	119
Chr8	89005	94302	126	126	257	268	324	328	218	230	269	295	227	227	197	197	236	240	178	182	135	147	200	204	179	179	216	216	205	209	119	119
Chr9	89005	94302	126	126	268	268	324	328	226	230	241	299	211	223	197	201	236	240	178	190	131	131	204	204	179	179	216	216	201	209	119	119
Dah1	63333	73613	126	132	257	276	315	332	218	230	295	299	211	219	197	201	236	236	182	186	135	147	200	204	179	179	216	228	201	205	119	119
Dah10	63333	73613	126	128	268	272	324	332	218	218	241	265	199	207	201	205	240	244	174	178	135	147	204	204	171	179	216	228	205	205	119	119
Dah11	63333	73613	126	128	257	283	324	328	210	218	265	269	215	215	201	205	232	240	178	186	131	135	204	204	179	179	216	216	201	205	119	119
Dah13	63333	73613	126	126	257	276	311	328	206	230	237	241	207	219	197	205	236	236	182	190	135	147	204	204	179	179	216	228	205	205	119	119
Dah14	63333	73613	126	126	276	276	315	324	218	226	269	299	199	211	201	201	236	236	186	186	135	147	204	204	171	179	216	228	205	205	119	119
Dah15	63333	73613	126	128	257	257	320	332	206	214	NA	NA	207	211	197	201	236	240	182	190	135	147	204	204	179	183	228	228	201	205	119	119
Dah16	63333	73613	126	134	249	257	324	332	210	218	237	265	179	195	205	205	236	240	174	182	147	147	204	204	NA	NA	216	228	205	209	119	119
Dah17	63333	73613	126	126	268	268	328	332	210	226	241	273	211	211	201	201	236	240	182	186	135	147	204	204	171	183	216	216	201	205	119	119
Dah2	63333	73613	126	126	276	276	315	324	210	218	NA	NA	179	211	201	201	236	236	182	186	135	147	204	204	179	179	216	228	201	209	119	119
Dah3	63333	73613	126	126	268	283	328	328	218	218	265	295	199	207	201	201	236	240	182	182	135	147	200	200	179	179	216	216	209	209	119	119
Dah4	63333	73613	126	128	249	272	328	328	210	218	241	295	199	227	197	201	236	240	186	190	147	147	204	204	179	179	216	228	201	205	119	119
Dah5	63333	73613	126	130	268	276	324	328	210	218	269	295	195	199	197	201	236	236	186	203	131	147	204	204	179	179	216	228	205	205	119	119
Dah6	63333	73613	126	126	257	276	324	328	218	230	265	265	215	215	201	201	236	236	178	182	131	147	204	204	179	179	216	228	201	205	119	119
Dah7	63333	73613	126	126	257	276	324	328	210	218	265	295	199	215	201	201	236	240	NA	NA	135	135	200	204	179	179	216	228	201	205	119	119
Dah8	63333	73613	126	126	253	276	328	328	206	210	265	295	199	219	197	201	236	236	182	182	147	147	200	204	179	179	216	228	197	201	119	119
Dah9	63333	73613	126	126	272	276	324	328	210	210	265	269	207	215	201	201	236	236	182	182	135	147	204	204	171	179	216	228	205	209	119	119
DudelangeCharlie	75527	61189	126	128	257	276	324	328	230	230	NA	NA	191	219	197	197	236	236	174	190	147	147	204	204	171	179	216	216	201	205	119	119
Du1	75667	61183	126	128	257	257	328	328	218	230	265	273	191	215	201	201	236	236	178	178	135	147	204	204	179	179	216	228	201	201	119	119
Du10	75667	61183	126	128	249	257	324	328	226	230	237	265	219	223	201	201	236	236	178	210	135	147	204	204	179	179	216	228	205	205	119	119
Du11	75667	61183	126	126	257	257	328	328	218	230	237	269	211	219	197	201	236	236	178	182	147	147	204	204	171	179	216	228	201	205	119	119
Du12	75667	61183	126	126	249	276	328	328	218	230	265	265	219	219	197	197	236	236	174	186	147	147	200	204	171	179	228	228	201	205	119	119
Du13	75667	61183	126	126	257	257	328	328	210	218	265	295	211	219	201	201	236	236	174	178	147	147	204	204	179	179	216	228	205	205	119	119
Du14	75667	61183	126	126	257	276	328	328	218	226	265	269	219	219	201	201	236	236	178	178	147	147	204	204	179	179	216	228	205	205	119	119
Du15	75667	61183	126	126	257	257	328	328	210	230	241	265	223	223	201	201	236	236	178	178	147	147	204	204	179	179	216	228	201	205	119	119
Du16	75667	61183	126	130	257	276	328	328	230	230	265	269	219	219	197	197	236	236	178	199	131	147	204	204	179	179	216	216	201	205	119	119
Du17	75667	61183	126	126	257	276	324	328	230	230	237	241	191	219	197	201	236	236	178	186	131	135	204	204	179	179	216	228	201	205	119	119
Du18	75667	61183	126	128	257	276	328	328	218	230	265	265	219	223	201	201	236	236	178	199	131	147	204	204	179	179	216	216	205	205	119	119
Du19	75667	61183	126	126	257	257	328	328	230	230	241	241	191	223	201	201	236	236	178	182	147	147	204	204	179	179	216	228	201	205	119	119
Du2	75667	61183	126	128	257	276	328	328	226	230	265	265	219	219	197	201	236	236	178	186	147	147	204	204	171	179	216	216	201	205	119	119
Du20	75667	61183	126	128	257	276	328	328	218	230	NA	NA	211	223	201	201	236	236	178	178	135	147	204	204	179	179	216	228	205	205	119	119
Du3	75667	61183	126	126	257	276	324	328	230	230	237	269	219	223	201	201	236	236	178	186	131	147	204	204	179	179	216	228	205	205	119	119
Du4	75667	61183	126	128	257	257	328	328	218	226	269	273	187	215	201	201	236	240	178	178	131	147	204	204	179	179	216	228	201	205	119	119
Du5	75667	61183	126	126	249	276	324	328	218	226	265	269	219	223	197	201	236	236	174	190	147	147	204	204	179	179	228	228	205	205	119	119
Du6	75667	61183	126	126	257	276	328	328	230	230	NA	NA	191	219	197	197	236	236	174	199	135	147	204	204	171	179	216	228	201	201	119	119
Du7	75667	61183	126	126	276	276	324	328	218	230	265	265	219	223	197	201	236	236	174	199	131	147	204	204	179	179	216	228	205	205	119	119
Du8	75667	61183	126	130	257	276	328	328	230	230	241	265	191	219	197	201	236	236	178	199	131	147	204	204	179	179	216	216	205	205	119	119
Du9	75667	61183	126	126	257	276	328	328	218	230	241	295	211	223	197	201	236	236	178	178	147	147	204	204	179	179	228	228	201	205	119	119
Erp1	90772	67065	126	126	249	276	324	332	222	230	269	299	207	231	197	201	232	240	186	190	135	147	204	204	171	179	228	228	205	205	119	119
Erp10	90772	67065	126	130	257	268	328	328	210	230	269	269	195	219	197	201	236	236	186	190	131	147	204	204	179	179	216	228	205	205	119	119
Erp12	90772	67065	126	126	268	268	324	324	218	230	265	299	219	223	197	205	236	236	178	190	131	147	204	204	167	179	228	228	201	205	119	119
Erp13	90772	67065	126	132	257	276	324	324	210	234	287	295	215	215	201	201	236	236	174	174	131	147	200	204	179	179	216	228	205	205	119	119
Erp14	90772	67065	126	126	268	279	328	328	218	230	241	295	203	215	197	205	236	236	178	178	131	147	204	204	179	183	216	228	205	205	119	119
Erp15	90772	67065	126	126	268	268	324	328	222	234	269	295	219	219	197	201	236	236	182	199	147	147	204	204	179	179	216	228	205	205	119	119
Erp16	90772	67065	122	126	257	279	324	324	218	218	245	269	195	207	201	201	236	236	186	190	131	147	204	204	179	179	216	228	205	205	119	119
Erp2	90772	67065	126	126	249	257	328	332	218	234	269	295	195	211	201	201	232	236	178	186	139	147	200	204	171	179	216	228	201	209	119	119
Erp3	90772	67065	126	126	276	279	324	328	218	230	269	269	211	227	197	201	236	236	178	178	135	147	204	204	179	179	228	228	205	205	119	119
Erp4	90772	67065	126	126	268	268	324	324	218	222	237	295	211	215	197	201	236	240	178	190	147	147	204	204	179	179	228	228	205	205	119	119
Erp5	90772	67065	126	126	268	276	324	328	214	230	237	265	211	211	201	201	236	236	190	190	135	147	204	204	179	179	228	228	205	205	119	119
Erp6	90772	67065	126	130	276	283	324	324	NA	NA	265	299	191	199	201	201	232	236	178	178	131	135	204	204	179	179	228	228	205	205	119	119
Erp7	90772	67065	126	126	257	276	328	328	210	230	265	295	NA	NA	197	201	236	240	190	194	135	147	204	204	179	179	216	228	205	205	119	119
Erp8	90772	67065	126	126	268	268	324	324	218	230	265	299	219	223	197	205	236	236	178	190	147	147	200	204	167	179	216	228	205	205	119	119
Erp9	90772	67065	126	126	257	276	324	324	222	230	265	265	199	207	197	201	236	236	178	186	147	155	204	204	179	183	216	228	205	205	119	119
Eve1	64835	92680	120	126	257	276	324	324	226	234	265	269	215	223	197	201	236	236	170	186	135	147	204	204	171	179	228	228	205	205	119	119
Eve10	64835	92680	126	134	283	283	324	328	214	230	265	265	219	227	197	201	236	236	178	178	131	135	204	204	179	179	216	228	201	205	119	119
Eve11	64835	92680	126	126	260	276	324	332	226	230	265	295	191	219	197	201	236	236	174	190	131	131	204	204	179	179	216	228	201	205	119	119
Eve12	64835	92680	120	126	249	283	311	324	210	230	241	241	191	252	197	201	236	240	186	190	131	147	204	204	179	179	216	228	201	201	119	119
Eve13	64835	92680	126	132	257	257	311	311	210	214	NA	NA	223	227	201	201	236	240	182	190	131	131	204	204	179	179	228	228	201	201	119	119
Eve14	64835	92680	126	126	249	257	324	324	226	230	NA	NA	203	219	NA	NA	236	240	190	190	147	147	204	204	171	179	216	228	201	201	119	119
Eve15	64835	92680	126	126	241	276	324	328	230	230	237	265	219	227	197	201	236	236	182	190	139	147	204	204	175	179	228	228	201	201	119	119
Eve16	64835	92680	132	132	283	283	324	328	226	226	269	295	203	227	201	201	236	236	174	178	131	147	204	204	179	179	216	228	201	205	119	119
Eve17	64835	92680	126	126	NA	NA	324	328	230	230	265	265	199	227	197	201	236	240	178	186	131	147	204	204	179	179	228	228	201	205	119	119
Eve19	64835	92680	126	126	NA	NA	324	324	210	214	265	269	179	219	197	201	236	240	190	190	135	147	204	204	179	179	216	228	201	201	119	119
Eve2	64835	92680	122	132	257	283	324	324	214	234	237	295	219	219	197	197	236	240	178	190	135	147	204	204	171	179	216	216	201	205	119	119
Eve20	64835	92680	126	126	257	283	311	328	218	226	269	299	219	239	201	201	236	236	174	182	131	147	204	204	179	179	216	228	201	205	119	119
Eve3	64835	92680	132	132	257	260	311	311	218	226	269	295	191	211	197	201	236	236	178	190	131	147	204	204	171	179	228	228	205	205	119	119
Eve4	64835	92680	126	126	257	257	328	328	218	226	269	299	215	239	197	201	236	236	190	190	131	135	204	204	179	179	216	216	201	205	119	119
Eve5	64835	92680	132	132	257	268	324	328	210	230	265	299	239	239	197	201	236	236	182	182	131	147	204	204	171	175	216	228	201	205	119	119
Eve6	64835	92680	126	126	257	268	328	328	202	230	269	269	191	223	197	201	236	236	174	186	147	147	204	204	179	179	216	228	205	209	119	119
Eve7	64835	92680	126	130	NA	NA	324	332	210	230	237	265	219	219	197	201	236	240	178	178	131	147	204	204	179	179	228	228	205	205	119	119
Eve8	64835	92680	126	134	257	257	324	328	226	230	265	265	219	227	197	201	236	236	178	194	131	131	204	204	171	179	216	216	205	205	119	119
Eve9	64835	92680	126	126	257	268	324	328	230	234	241	269	203	203	201	201	236	240	178	178	131	147	204	204	171	179	216	228	201	205	119	119
Fin1	61131	73242	126	132	257	268	328	328	NA	NA	237	269	215	231	197	201	236	236	182	182	131	147	204	204	179	179	228	228	201	205	119	119
Fin10	61131	73242	126	126	268	276	332	332	210	218	265	295	203	207	201	201	236	240	182	186	147	147	204	204	179	179	216	228	205	209	119	119
Fin12	61131	73242	126	132	NA	NA	328	328	210	230	237	269	207	215	197	201	236	244	186	203	131	131	204	204	179	179	228	228	209	209	119	119
Fin13	61131	73242	126	126	268	276	324	328	210	234	237	265	207	211	201	201	236	236	186	190	131	147	204	204	171	179	216	228	205	205	119	119
Fin14	61131	73242	126	128	257	276	324	324	218	230	241	241	199	211	197	201	236	236	178	190	131	147	204	204	179	179	228	228	201	205	119	119
Fin15	61131	73242	126	126	257	257	328	328	230	230	NA	NA	207	231	197	205	236	236	182	190	135	147	204	204	171	179	216	228	205	205	119	119
Fin16	61131	73242	126	126	276	276	320	328	210	210	237	295	207	215	197	201	236	236	174	199	135	147	204	204	179	179	228	228	201	205	119	119
Fin17	61131	73242	126	126	257	276	324	328	NA	NA	NA	NA	211	215	197	201	236	240	178	178	131	147	204	204	171	179	216	228	205	205	119	119
Fin18	61131	73242	126	126	257	268	320	328	NA	NA	265	295	207	223	201	205	236	236	190	190	131	135	204	204	179	179	216	228	205	205	119	119
Fin19	61131	73242	126	128	257	257	324	324	210	230	269	295	203	259	197	197	236	236	178	178	131	131	200	204	179	183	216	228	201	201	119	119
Fin2	61131	73242	126	130	249	276	324	332	210	210	265	273	207	215	197	201	236	236	190	190	131	147	204	204	179	179	228	228	201	205	119	119
Fin20	61131	73242	126	126	257	276	328	332	210	234	265	273	207	215	197	201	232	236	182	186	131	147	204	204	179	179	228	228	205	205	119	119
Fin3	61131	73242	126	132	249	268	328	332	218	230	295	299	195	211	197	201	236	236	178	182	147	147	204	204	171	179	228	228	201	205	119	119
Fin4	61131	73242	128	132	257	276	324	328	202	210	265	273	215	231	201	201	236	236	178	190	131	147	204	204	171	179	216	228	205	209	119	119
Fin5	61131	73242	NA	NA	257	268	328	328	210	210	265	273	215	231	201	201	236	236	182	190	131	131	204	204	171	179	216	228	205	209	119	119
Fin6	61131	73242	126	132	257	268	320	328	210	210	265	269	207	231	201	201	236	236	178	186	147	147	200	204	171	179	216	216	201	205	119	119
Fin7	61131	73242	126	126	257	272	324	332	210	218	NA	NA	211	215	201	201	236	240	182	182	147	147	204	204	179	179	228	228	201	205	119	119
Fin8	61131	73242	126	126	257	268	324	324	NA	NA	265	269	207	231	201	201	236	236	190	194	147	147	204	204	179	179	216	228	205	205	119	119
Fin9	61131	73242	126	132	249	268	324	324	210	230	237	241	199	207	201	201	236	244	178	190	131	147	204	204	171	179	228	228	205	205	119	119
Foe1	68302	65933	126	126	257	268	NA	NA	210	226	269	287	191	211	197	205	236	240	178	182	147	147	204	204	179	179	228	228	201	205	119	119
Foe11	68302	65933	126	126	257	268	315	324	218	226	241	269	191	211	201	201	236	236	178	194	147	147	200	204	179	183	216	228	201	205	119	119
Foe12	68302	65933	126	126	268	276	324	328	218	230	265	287	211	223	201	201	236	240	178	182	131	147	204	204	179	179	216	228	201	205	119	119
Foe13	68302	65933	126	126	257	276	324	328	210	214	241	295	211	215	201	201	236	236	190	194	131	147	200	204	179	179	228	228	205	205	119	119
Foe14	68302	65933	126	126	249	283	324	328	210	218	265	265	191	223	197	201	236	240	182	194	147	147	204	204	179	179	228	228	205	205	119	119
Foe15	68302	65933	126	128	276	276	328	328	210	218	265	277	215	219	201	205	236	240	194	194	135	135	204	204	179	179	216	228	205	205	119	119
Foe16	68302	65933	126	126	257	283	318	328	210	218	287	295	211	223	197	205	236	236	186	190	135	135	200	200	179	179	228	228	205	205	119	119
Foe17	68302	65933	124	126	268	268	315	324	210	226	265	269	199	223	197	201	236	240	178	190	135	147	200	204	171	179	216	228	201	205	119	119
Foe18	68302	65933	126	126	257	268	324	324	210	210	265	287	211	211	201	201	236	236	182	190	147	147	204	204	179	183	216	228	205	205	119	119
Foe19	68302	65933	124	126	241	279	324	324	210	218	265	277	207	219	201	201	236	236	182	186	147	147	200	204	179	179	228	228	205	205	119	119
Foe3	68302	65933	126	134	257	268	324	324	210	210	241	265	211	215	201	201	236	236	186	194	135	147	200	204	179	179	216	216	201	201	119	119
Foe4	68302	65933	124	126	257	276	318	328	210	210	269	295	211	223	197	201	236	236	178	194	131	147	200	204	171	179	228	228	201	205	119	119
Foe5	68302	65933	126	126	268	268	NA	NA	218	218	241	295	215	235	201	201	236	236	186	194	135	135	200	204	179	179	228	228	205	205	119	119
Foe6	68302	65933	126	126	257	268	324	324	206	230	265	265	215	223	201	205	236	236	194	194	131	147	200	200	179	183	216	228	201	205	119	119
Foe8	68302	65933	124	126	257	276	NA	NA	210	218	265	265	211	223	201	201	236	240	190	194	135	147	204	204	179	179	228	228	205	209	119	119
Foe9	68302	65933	126	126	268	276	324	324	210	210	237	265	223	235	201	205	236	240	186	190	135	147	200	204	171	179	228	228	201	201	119	119
Hof1	61371	129428	126	126	257	268	315	324	218	230	237	261	199	227	201	201	236	240	178	186	135	147	200	204	179	179	228	228	201	201	119	119
Itz1	81626	73836	126	132	268	272	328	328	218	230	265	265	211	223	197	201	236	236	170	194	135	151	200	204	179	183	216	216	205	205	119	119
Itz10	81626	73836	126	132	NA	NA	324	328	218	222	265	265	207	231	201	201	236	240	178	190	131	131	200	204	179	183	216	216	205	205	119	119
Itz11	81626	73836	126	126	272	283	328	328	210	230	269	295	211	227	201	201	236	236	190	190	147	147	200	204	179	179	216	216	205	205	119	119
Itz12	81626	73836	126	126	257	276	324	332	218	218	269	295	207	211	197	201	236	236	186	194	147	147	200	204	179	179	216	228	201	205	119	119
Itz13	81626	73836	126	128	257	257	328	328	222	222	241	295	207	235	201	201	236	236	190	207	135	147	200	204	179	179	216	228	205	205	119	119
Itz14	81626	73836	126	126	260	276	328	328	218	222	241	265	223	223	201	201	236	236	186	190	135	147	204	204	179	183	228	228	205	205	119	119
Itz15	81626	73836	126	126	257	272	324	328	218	230	265	295	227	231	197	201	236	236	186	190	135	139	204	204	179	179	216	216	201	205	119	119
Itz16	81626	73836	126	126	268	276	328	328	230	230	241	269	207	231	201	201	236	236	186	190	135	151	204	204	179	183	216	228	205	205	119	119
Itz17	81626	73836	126	126	260	276	324	324	210	218	265	269	207	239	201	201	236	236	178	190	147	151	200	204	179	179	216	216	205	205	119	119
Itz18	81626	73836	126	126	257	260	315	332	230	230	265	269	203	223	201	201	232	236	178	194	135	147	204	204	179	183	216	228	205	205	119	119
Itz19	81626	73836	126	126	257	257	315	328	218	222	265	295	211	223	201	201	236	240	178	190	151	151	204	204	179	179	216	228	205	205	119	119
Itz2	81626	73836	126	126	NA	NA	324	328	218	230	241	299	223	227	197	201	236	236	178	190	151	151	204	204	179	179	216	216	201	205	119	119
Itz3	81626	73836	126	126	257	268	324	328	222	230	295	295	211	235	197	201	236	240	178	190	135	147	200	204	179	179	216	228	205	205	119	119
Itz5	81626	73836	126	126	272	276	324	324	222	230	241	295	211	235	197	201	232	236	182	194	147	151	204	204	179	179	216	228	201	205	119	119
Itz6	81626	73836	120	126	260	276	328	328	230	230	237	265	191	211	201	201	236	236	190	207	131	147	200	204	171	179	216	216	205	205	119	119
Itz7	81626	73836	126	126	260	268	328	328	202	230	245	265	215	227	201	201	236	240	178	194	135	151	204	204	179	179	216	216	205	205	119	119
Itz8	81626	73836	126	126	268	276	324	328	218	230	241	269	207	219	201	201	232	236	186	190	135	147	200	204	179	179	216	216	205	205	119	119
Itz9	81626	73836	126	126	257	276	328	328	218	218	265	269	211	231	197	197	236	236	178	186	135	147	204	204	179	179	216	216	205	205	119	119
Kal1	94124	96244	126	126	268	272	324	328	218	230	NA	NA	215	247	201	201	236	240	178	190	147	147	204	204	179	183	216	216	205	205	119	119
Kal10	94124	96244	126	126	257	257	324	328	210	218	237	241	195	235	201	201	236	240	178	190	131	147	204	204	179	179	228	228	205	205	119	119
Kal11	94124	96244	126	126	257	260	324	328	218	230	241	241	195	235	197	201	236	240	178	178	147	147	204	204	179	179	216	228	205	205	119	119
Kal12	94124	96244	126	128	257	257	328	328	210	230	265	295	211	227	197	201	236	236	178	186	131	135	200	204	179	179	216	216	205	205	119	119
Kal13	94124	96244	126	130	257	268	324	328	218	230	NA	NA	227	252	201	201	236	236	178	178	147	147	204	204	167	179	216	228	205	205	119	119
Kal14	94124	96244	126	126	268	276	328	328	NA	NA	237	265	215	247	197	201	236	236	174	178	147	147	204	204	179	179	228	228	205	205	119	119
Kal15	94124	96244	126	126	268	272	324	328	218	230	265	265	195	247	201	201	236	240	178	190	135	147	200	204	179	179	216	228	205	205	119	119
Kal17	94124	96244	126	126	257	268	324	324	214	230	241	241	215	235	201	201	236	240	178	190	147	147	204	204	179	179	216	216	205	205	119	119
Kal18	94124	96244	120	126	NA	NA	311	324	214	230	241	265	215	247	197	201	236	236	174	178	147	147	204	204	179	179	228	228	205	205	119	119
Kal2	94124	96244	126	128	260	268	324	328	218	230	237	265	223	227	201	201	236	236	178	178	147	147	204	204	179	179	216	228	205	205	119	119
Kal3	94124	96244	126	126	257	276	324	324	218	230	265	265	227	235	197	201	236	240	178	182	135	147	200	204	179	179	228	228	205	205	119	119
Kal4	94124	96244	126	128	264	264	324	328	230	230	241	265	235	235	201	201	236	236	186	190	135	147	200	204	179	179	216	228	205	205	119	119
Kal5	94124	96244	126	128	268	276	324	328	218	230	265	284	215	247	201	201	NA	NA	178	186	131	135	204	204	179	183	228	228	205	205	119	119
Kal6	94124	96244	126	126	257	257	328	328	230	230	265	265	195	247	197	201	236	240	178	178	135	147	204	204	179	179	216	228	205	205	119	119
Kal7	94124	96244	126	126	257	276	324	328	210	218	265	295	219	227	197	201	236	236	178	182	131	147	200	204	179	179	216	216	201	205	119	119
Kal8	94124	96244	126	128	257	272	328	332	218	234	265	265	195	215	201	201	236	240	174	178	147	147	204	204	167	179	216	228	205	205	119	119
Kal9	94124	96244	126	126	257	260	328	328	222	230	237	237	219	235	201	201	236	240	178	186	147	147	204	204	179	179	216	228	201	201	119	119
Kar1	72137	99081	122	126	NA	NA	324	324	230	234	241	265	223	227	201	201	236	240	178	182	131	147	200	204	179	179	216	228	201	205	119	119
Kar13	72137	99081	126	126	257	257	328	328	218	218	265	287	215	247	201	201	NA	NA	178	186	131	131	204	204	179	179	216	216	201	205	119	119
Kar14	72137	99081	120	126	257	257	324	328	218	230	265	265	215	219	197	201	236	240	178	182	131	131	204	204	179	179	216	228	205	205	119	119
Kar15	72137	99081	126	126	249	260	328	328	230	234	265	269	215	223	197	201	236	240	174	190	135	147	204	204	179	179	216	228	201	201	119	119
Kar16	72137	99081	126	126	241	283	324	324	230	230	241	265	219	219	197	201	236	236	178	210	131	135	204	204	179	179	216	228	205	205	119	119
Kar17	72137	99081	126	126	257	283	328	328	218	234	261	265	207	219	197	201	236	236	186	210	131	147	204	204	179	179	216	228	201	205	119	119
Kar18	72137	99081	126	126	268	283	324	332	230	230	241	295	207	215	201	201	236	236	178	190	131	147	204	204	179	179	216	228	205	205	119	119
Kar19	72137	99081	124	126	249	249	328	328	230	234	265	287	219	219	197	201	236	236	170	207	131	131	204	204	179	179	228	228	201	205	119	119
Kar2	72137	99081	126	126	257	257	324	328	218	230	237	269	219	223	197	201	236	236	178	182	131	147	204	204	179	179	216	228	205	205	119	119
Kar20	72137	99081	120	126	249	268	324	328	230	230	241	265	219	271	201	201	236	236	174	190	131	147	204	204	179	179	228	228	205	205	119	119
Kar3	72137	99081	120	126	257	283	328	328	230	230	265	269	215	219	201	201	236	236	174	178	131	135	204	204	179	179	216	228	205	205	119	119
Kar5	72137	99081	126	126	257	283	324	328	210	234	261	269	219	219	201	201	232	236	186	210	131	135	200	204	179	179	216	216	205	205	119	119
Kar6	72137	99081	122	126	268	283	328	328	218	230	265	287	223	271	197	201	236	236	174	178	131	147	200	204	179	179	216	228	205	205	119	119
Kar7	72137	99081	120	126	257	257	328	328	218	234	241	261	211	219	201	201	236	236	178	182	131	147	200	204	179	179	228	228	205	205	119	119
Kar8	72137	99081	126	126	268	283	324	328	218	230	241	269	179	223	197	197	236	236	190	190	131	135	204	204	179	179	216	216	201	205	119	119
Kar9	72137	99081	122	126	257	257	328	328	230	230	261	265	211	215	197	201	236	236	174	190	131	147	204	204	179	179	216	228	201	205	119	119
Lim1	64735	70090	126	126	257	257	315	324	218	230	269	273	191	215	201	201	236	236	190	203	131	147	204	204	179	179	216	228	201	205	119	119
Lim10	64735	70090	126	126	249	257	315	324	218	218	269	269	199	215	201	201	236	236	182	190	147	147	204	204	179	179	228	228	205	205	119	119
Lim12	64735	70090	126	126	276	276	324	324	218	218	237	265	195	215	201	201	236	236	182	186	131	131	200	204	179	179	228	228	201	205	119	119
Lim13	64735	70090	126	132	257	276	320	328	218	218	265	269	195	227	197	201	236	236	186	190	147	147	204	204	179	183	216	228	205	205	119	119
Lim14	64735	70090	126	126	257	276	315	328	206	230	237	265	211	219	197	197	236	240	182	186	147	147	204	204	171	179	216	228	201	205	119	119
Lim16	64735	70090	126	126	257	276	315	324	218	230	269	273	191	235	201	201	236	240	182	182	131	147	204	204	179	179	216	216	201	205	119	119
Lim17	64735	70090	NA	NA	257	257	315	328	230	230	269	273	191	215	201	201	236	236	190	190	131	131	204	204	179	183	216	216	205	205	119	119
Lim2	64735	70090	126	126	257	276	324	328	218	230	265	269	235	252	201	205	236	236	178	178	131	147	204	204	179	179	216	228	205	205	119	119
Lim3	64735	70090	124	126	257	283	315	324	218	218	265	269	215	227	201	201	236	236	190	203	147	147	204	204	183	183	216	228	205	205	119	119
Lim4	64735	70090	126	132	268	276	324	328	218	218	237	269	215	215	197	201	236	236	190	190	147	147	204	204	171	179	228	228	205	205	119	119
Lim5	64735	70090	126	126	257	286	320	328	218	218	265	273	191	219	197	197	236	236	182	199	131	147	200	204	179	179	228	228	201	205	119	119
Lim6	64735	70090	126	126	257	276	324	328	218	230	265	269	199	219	197	201	236	240	182	182	147	147	200	204	179	179	216	228	205	205	119	119
Lim8	64735	70090	126	126	268	283	324	328	218	230	241	269	199	199	201	201	236	236	190	203	131	147	204	204	179	179	216	228	205	205	119	121
Lim9	64735	70090	126	126	257	283	324	324	218	230	241	269	227	235	197	201	236	236	178	203	131	147	204	204	179	179	216	228	205	205	119	119
Mam1	68083	78102	128	128	268	276	324	324	218	230	241	265	195	215	201	201	236	240	174	190	131	147	204	204	179	179	228	228	205	205	119	119
Mam10	68083	78102	128	128	257	257	324	328	230	230	241	265	211	215	197	201	236	236	174	190	147	147	204	204	179	179	216	228	201	205	119	119
Mam11	68083	78102	126	126	257	283	324	328	218	230	295	295	215	219	197	201	236	240	174	178	147	147	200	204	179	179	216	216	205	205	119	119
Mam13	68083	78102	126	128	257	276	328	328	218	230	265	269	215	231	201	201	236	236	194	194	147	147	200	200	179	179	216	228	205	205	119	119
Mam15	68083	78102	128	132	257	283	315	328	214	214	265	265	195	211	201	201	236	236	174	186	131	147	204	204	179	179	216	228	205	205	119	119
Mam16	68083	78102	126	128	249	276	324	328	210	214	265	269	191	211	201	201	236	236	178	182	147	147	200	204	179	179	216	228	205	205	119	119
Mam17	68083	78102	126	126	276	276	315	324	206	218	241	265	211	215	201	201	236	240	178	190	147	147	204	204	175	179	228	228	205	205	119	119
Mam18	68083	78102	128	128	249	268	328	328	214	230	241	295	215	215	201	201	236	236	182	190	147	147	200	204	171	179	216	216	201	205	119	119
Mam19	68083	78102	128	128	257	257	324	328	214	218	241	265	211	215	197	201	236	236	178	182	147	147	200	204	179	179	216	216	205	205	119	119
Mam2	68083	78102	128	128	257	257	324	324	218	230	265	269	191	211	197	201	236	236	174	190	147	147	200	204	179	179	216	216	205	205	119	119
Mam20	68083	78102	128	128	257	276	328	328	210	218	241	269	191	211	201	201	236	236	174	190	131	139	204	204	179	179	216	228	205	205	119	119
Mam3	68083	78102	128	128	257	276	324	328	214	218	265	265	211	215	201	201	236	236	174	194	147	147	200	200	175	179	216	216	201	205	119	119
Mam4	68083	78102	126	132	257	257	324	328	210	218	265	295	215	231	201	201	236	236	174	182	147	147	200	200	179	179	216	228	205	205	119	119
Mam5	68083	78102	126	128	257	257	324	324	210	230	241	265	211	215	197	201	236	236	182	194	147	147	200	200	175	179	216	228	205	205	119	119
Mam6	68083	78102	126	128	257	257	324	328	214	218	265	269	215	215	197	201	236	236	182	194	147	147	200	200	175	179	216	216	205	205	119	119
Mam7	68083	78102	126	126	257	257	315	328	214	214	241	265	211	215	197	201	236	236	190	194	139	147	200	204	179	179	216	228	205	205	119	119
Mam8	68083	78102	128	128	249	283	328	328	210	230	241	273	211	215	197	201	236	236	178	182	147	147	200	204	179	179	216	216	201	205	119	119
Mam9	68083	78102	126	126	257	276	324	328	214	214	269	295	191	215	201	201	236	236	174	182	147	147	200	200	179	179	216	228	205	205	119	119
Mic1	94575	93131	126	130	268	276	328	328	218	218	269	295	223	252	197	201	236	236	186	190	131	147	204	204	171	179	216	216	205	205	119	119
Mic10	94575	93131	126	130	257	257	324	328	230	230	237	237	203	223	201	201	236	236	178	190	131	135	204	204	179	179	216	228	201	205	119	119
Mic11	94575	93131	130	130	257	257	324	328	218	218	NA	NA	211	211	201	201	236	236	178	186	135	135	204	204	171	179	228	228	205	205	119	119
Mic12	94575	93131	126	126	257	268	328	328	218	218	237	295	195	211	201	201	236	236	190	190	131	147	204	204	179	179	216	216	205	205	119	119
Mic13	94575	93131	126	126	249	257	324	328	218	230	237	269	195	211	201	201	236	236	178	190	147	147	204	204	179	179	228	228	201	205	119	119
Mic14	94575	93131	126	126	257	268	311	328	218	230	237	269	195	223	201	201	236	236	174	210	135	135	204	204	179	179	216	228	205	209	119	119
Mic15	94575	93131	126	126	257	268	328	328	230	230	241	241	203	211	201	201	236	236	186	190	131	131	204	204	179	179	216	216	205	205	119	119
Mic16	94575	93131	126	130	257	257	328	328	230	230	241	295	199	247	197	201	236	236	186	190	135	135	204	204	179	179	216	228	201	201	119	119
Mic17	94575	93131	126	126	257	268	328	328	218	230	241	269	211	227	201	201	236	236	186	190	131	147	200	204	179	179	216	228	205	205	119	119
Mic2	94575	93131	126	128	257	257	328	328	230	230	295	295	211	252	197	201	236	236	178	203	131	147	204	204	179	179	216	228	201	205	119	119
Mic3	94575	93131	126	130	257	268	324	324	218	222	233	295	195	223	201	201	236	236	186	186	135	147	204	204	179	179	228	228	205	205	119	119
Mic4	94575	93131	122	126	257	257	328	328	210	230	NA	NA	203	211	197	201	236	236	186	199	135	147	200	204	179	179	216	216	201	205	119	119
Mic5	94575	93131	122	126	249	257	324	328	218	218	241	269	211	211	197	201	236	236	174	186	147	147	204	204	179	179	228	228	201	205	119	119
Mic6	94575	93131	120	130	257	268	328	328	218	218	241	241	203	223	197	201	236	236	186	190	147	147	204	204	179	179	216	228	205	205	119	119
Mic7	94575	93131	126	126	257	257	324	328	218	222	241	241	211	239	201	201	236	236	186	186	147	147	200	204	179	179	228	228	205	205	119	119
Mic8	94575	93131	126	126	257	257	311	324	230	230	295	295	203	211	201	201	236	236	186	190	131	147	200	204	179	179	216	216	201	205	119	119
Mic9	94575	93131	126	126	257	257	328	328	230	230	241	241	211	215	201	201	236	236	186	186	131	147	200	204	179	179	216	228	205	205	119	119
Nie1	59216	67495	126	130	257	268	328	328	218	218	265	269	207	211	201	201	236	236	174	190	135	147	200	204	179	179	228	228	201	205	119	119
Nie10	59216	67495	126	126	257	276	324	328	210	218	265	265	211	215	201	201	NA	NA	178	178	135	147	204	204	179	179	216	228	205	205	119	119
Nie11	59216	67495	126	126	264	276	324	328	210	218	237	269	179	231	201	201	236	236	178	182	131	135	204	204	179	179	228	228	205	205	119	119
Nie12	59216	67495	126	126	257	276	315	328	210	210	265	269	195	227	197	201	236	240	182	186	147	147	204	204	179	179	216	228	205	205	119	119
Nie13	59216	67495	126	126	249	276	324	324	210	218	265	269	223	227	197	201	236	236	178	182	131	135	204	204	179	179	228	228	205	205	119	119
Nie14	59216	67495	126	126	257	257	328	328	210	210	265	269	211	223	197	201	236	236	178	178	135	135	204	204	167	179	216	228	201	205	119	119
Nie15	59216	67495	126	126	249	268	324	324	206	218	241	269	207	211	201	201	236	240	178	190	135	135	200	204	171	179	216	216	205	205	119	119
Nie16	59216	67495	126	126	276	276	328	328	210	218	237	241	211	227	201	201	236	240	178	190	135	135	204	204	179	179	216	228	205	205	119	119
Nie17	59216	67495	126	126	268	268	324	324	218	222	269	295	191	211	201	201	236	240	178	210	131	147	204	204	179	179	216	228	205	205	119	119
Nie2	59216	67495	126	126	257	257	324	328	210	210	241	295	191	211	201	201	236	240	186	190	147	147	204	204	179	179	216	228	201	205	119	119
Nie3	59216	67495	126	126	257	257	324	328	218	226	269	269	211	223	197	201	236	240	178	182	135	135	204	204	179	179	216	228	205	205	119	119
Nie4	59216	67495	126	126	257	257	324	324	218	226	265	269	227	227	201	201	240	240	190	190	135	135	200	204	171	179	228	228	205	205	119	119
Nie5	59216	67495	126	134	268	268	324	324	206	218	269	295	211	227	201	201	236	236	178	186	135	147	204	204	179	179	216	228	205	205	119	119
Nie6	59216	67495	126	126	257	268	324	328	206	210	265	295	211	227	201	201	232	240	174	178	135	135	200	204	179	179	216	228	201	205	119	119
Nie7	59216	67495	126	126	249	268	328	328	218	230	265	265	211	227	197	201	236	236	178	182	135	135	204	204	179	179	228	228	205	205	119	119
Nie8	59216	67495	126	126	249	257	328	328	214	218	265	295	195	231	201	205	236	240	182	186	135	147	204	204	179	179	216	228	201	205	119	119
Nie9	59216	67495	126	126	257	257	311	328	206	210	269	295	227	231	201	201	236	236	186	190	135	147	200	204	179	179	228	228	205	205	119	119
Nig1	62150	90953	126	126	257	257	328	328	210	222	269	299	219	223	201	201	220	236	182	190	135	135	204	204	179	179	216	228	205	205	119	119
Nig10	62150	90953	126	126	276	283	324	328	230	234	237	295	223	231	197	201	240	240	174	178	135	135	204	204	179	179	228	228	205	205	119	119
Nig11	62150	90953	120	126	257	283	328	328	230	234	265	269	191	219	197	197	236	236	174	182	131	139	204	204	179	179	216	216	205	205	119	119
Nig12	62150	90953	126	130	257	257	328	328	218	230	269	269	219	223	197	201	236	236	174	190	135	147	204	204	179	179	228	228	201	205	119	119
Nig13	62150	90953	126	126	257	257	324	324	226	230	237	269	219	219	201	201	220	240	174	190	135	139	204	204	179	179	228	228	205	205	119	119
Nig14	62150	90953	126	126	257	257	328	328	230	230	269	273	215	219	197	197	236	240	174	190	135	147	204	204	179	179	216	216	205	205	119	119
Nig15	62150	90953	120	126	283	283	324	332	230	230	241	295	223	231	197	201	220	236	182	182	135	139	204	204	179	179	216	216	201	205	119	119
Nig16	62150	90953	120	126	257	276	324	324	230	234	269	299	215	231	197	197	220	236	174	190	135	135	204	204	179	179	228	228	205	205	119	119
Nig17	62150	90953	126	126	257	276	328	328	218	222	299	299	211	215	197	201	236	240	174	190	135	147	204	204	179	179	228	228	205	205	119	119
Nig18	62150	90953	126	126	257	283	324	328	210	230	269	295	211	215	201	201	236	240	174	174	135	139	204	204	179	179	216	228	205	205	119	119
Nig19	62150	90953	126	126	257	276	328	328	210	234	269	269	211	219	197	201	236	236	174	190	135	147	204	204	179	179	216	228	205	205	119	119
Nig2	62150	90953	126	126	276	276	324	328	226	234	237	299	179	215	197	201	240	240	178	190	135	139	204	204	179	179	216	216	205	205	119	119
Nig20	62150	90953	126	132	257	276	324	328	222	230	269	295	191	219	201	201	236	236	174	174	135	147	200	204	179	179	228	228	201	205	119	119
Nig3	62150	90953	126	126	257	283	328	328	210	230	265	269	219	223	201	201	236	240	174	190	135	147	204	204	179	179	216	228	205	205	119	119
Nig4	62150	90953	126	126	257	276	324	328	230	230	269	269	211	215	197	201	236	236	190	190	135	135	204	204	179	179	216	228	205	205	119	119
Nig5	62150	90953	126	126	257	283	328	328	222	230	269	269	211	223	197	201	236	236	190	190	135	147	204	204	179	179	216	228	205	205	119	119
Nig6	62150	90953	126	126	257	276	328	328	230	234	237	299	179	215	201	201	236	236	174	174	131	135	204	204	179	179	216	216	205	205	119	119
Nig7	62150	90953	126	126	276	276	324	328	210	230	269	295	219	231	201	201	220	236	174	174	147	147	204	204	179	179	228	228	205	205	119	119
Nig8	62150	90953	126	126	257	276	324	328	218	230	269	295	219	231	197	201	236	236	174	190	135	139	204	204	179	179	216	228	205	205	119	119
Nig9	62150	90953	126	132	257	276	324	328	222	234	269	295	211	231	201	201	236	236	174	190	135	147	204	204	179	179	228	228	205	205	119	119
Noe1	70826	63556	126	126	257	260	324	324	210	218	241	245	179	215	201	201	236	236	178	194	135	147	204	204	179	179	216	228	205	205	119	119
Noe10	70826	63556	126	126	268	276	324	324	214	222	NA	NA	179	231	197	201	236	236	190	190	135	147	204	204	171	179	228	228	201	205	119	119
Noe11	70826	63556	126	126	249	257	328	328	218	218	273	299	211	227	197	201	236	240	178	190	147	147	200	204	171	179	216	228	205	205	119	119
Noe12	70826	63556	126	126	272	276	328	332	218	222	269	295	207	215	197	197	236	236	178	182	131	135	204	204	171	171	216	228	201	205	119	119
Noe13	70826	63556	126	126	268	276	324	328	218	222	273	295	203	231	201	201	236	240	178	178	131	147	200	200	171	179	216	228	205	205	119	119
Noe14	70826	63556	126	126	257	257	328	328	210	230	269	299	191	211	197	201	236	236	178	190	135	147	200	204	NA	NA	216	228	201	201	119	119
Noe15	70826	63556	126	126	257	268	328	328	210	230	241	299	211	219	197	197	236	236	178	178	135	135	200	204	171	179	216	228	205	205	119	119
Noe16	70826	63556	126	126	257	276	324	328	218	218	237	269	203	215	193	205	240	240	178	190	131	147	200	204	171	171	216	228	205	205	119	119
Noe17	70826	63556	126	126	249	276	324	324	214	222	241	269	179	215	201	201	236	240	186	190	131	135	200	204	171	179	216	216	201	205	119	119
Noe18	70826	63556	126	126	257	260	328	328	210	210	269	295	199	231	201	201	236	240	178	190	135	147	204	204	171	179	216	228	201	205	119	119
Noe19	70826	63556	126	126	257	257	328	332	210	210	265	295	207	211	197	201	236	236	182	182	131	147	204	204	171	179	216	228	201	201	119	119
Noe2	70826	63556	126	132	257	257	324	328	214	218	241	265	179	219	201	201	236	236	186	190	131	135	200	204	171	179	216	228	205	205	119	119
Noe20	70826	63556	126	126	257	276	328	328	210	218	241	265	219	252	201	201	236	236	178	182	131	147	204	204	179	179	216	228	201	205	119	119
Noe3	70826	63556	126	126	257	257	324	324	222	230	237	265	215	223	193	201	236	236	178	178	135	147	200	200	179	179	228	228	201	201	119	119
Noe4	70826	63556	126	126	268	276	328	328	210	210	241	269	215	219	197	197	236	236	182	190	131	135	204	204	179	179	216	228	201	205	119	119
Noe5	70826	63556	126	126	257	276	311	328	218	218	269	269	215	215	201	205	236	236	190	190	135	135	204	204	171	179	216	228	205	205	119	119
Noe6	70826	63556	126	126	257	260	328	328	218	222	241	273	211	223	201	201	236	236	190	194	135	147	204	204	179	179	228	228	205	205	119	119
Noe7	70826	63556	126	126	249	257	324	328	230	234	241	269	215	219	197	205	236	236	178	178	131	135	200	200	171	179	216	216	205	205	119	119
Noe8	70826	63556	126	132	257	276	332	332	218	218	237	265	215	252	197	197	236	236	178	186	147	147	200	204	179	179	216	228	205	205	119	119
Noe9	70826	63556	126	126	257	276	324	328	210	218	241	295	219	227	201	201	236	236	194	199	131	135	200	204	179	179	228	228	201	205	119	119
Ost1	91484	95679	126	126	257	257	328	328	218	230	237	265	227	227	197	201	236	236	174	174	147	147	204	204	179	179	228	228	201	201	119	119
Ost10	91484	95679	126	126	257	257	328	328	218	230	241	265	195	203	201	201	236	240	174	182	147	147	204	204	179	179	228	228	205	205	119	119
Ost11	91484	95679	126	126	257	268	311	324	218	218	241	299	195	195	201	201	236	240	178	178	131	147	200	200	179	179	228	228	201	205	119	119
Ost12	91484	95679	126	126	257	257	311	328	218	230	237	237	195	283	201	201	236	236	178	182	147	147	204	204	179	179	228	228	201	205	119	119
Ost13	91484	95679	126	126	257	268	328	328	218	218	237	269	195	227	201	201	236	240	174	178	147	147	204	204	179	179	228	228	205	205	119	119
Ost14	91484	95679	126	126	268	268	311	311	218	230	241	265	195	227	201	201	236	240	178	178	147	147	200	204	179	179	228	228	201	205	119	119
Ost2	91484	95679	126	126	257	268	328	328	218	230	261	295	195	227	201	201	236	240	178	178	135	147	204	204	179	179	216	228	205	205	119	119
Ost3	91484	95679	126	126	268	268	328	328	218	238	269	295	195	227	197	201	236	240	178	182	135	147	200	204	179	179	216	228	205	205	119	119
Ost4	91484	95679	126	126	257	268	328	328	218	238	237	241	195	227	201	201	236	240	182	182	131	147	204	204	179	179	228	228	205	205	119	119
Ost5	91484	95679	126	126	257	268	328	328	218	218	237	295	227	227	201	201	236	236	178	182	131	147	204	204	179	179	228	228	201	205	119	119
Ost6	91484	95679	126	126	257	257	324	328	218	218	237	265	195	223	201	201	240	240	174	182	131	147	200	204	179	179	228	228	201	205	119	119
Ost7	91484	95679	126	126	249	257	328	328	218	238	237	269	195	203	201	201	236	236	174	178	147	147	204	204	179	179	216	228	205	205	119	119
Ost8	91484	95679	126	126	257	268	324	328	218	230	237	265	195	247	197	201	236	240	174	178	147	147	204	204	179	179	228	228	205	205	119	119
Ost9	91484	95679	126	126	257	268	324	328	210	218	241	265	195	203	201	201	236	236	178	178	131	147	204	204	179	179	228	228	201	205	119	119
Pet1	74746	93912	126	126	257	257	324	324	210	230	265	295	NA	NA	201	201	236	236	178	182	147	147	200	204	179	179	216	216	205	205	119	119
Pet10	74746	93912	126	126	257	268	328	332	230	234	241	269	203	223	201	201	236	236	178	182	131	147	204	204	179	179	216	216	201	205	119	119
Pet11	74746	93912	122	126	268	272	328	328	230	230	237	269	211	211	197	201	236	240	178	178	131	131	204	204	179	179	216	228	201	205	119	119
Pet12	74746	93912	126	126	257	276	328	328	230	230	295	295	223	252	201	201	236	240	178	182	131	147	200	204	179	179	216	216	205	205	119	119
Pet13	74746	93912	126	126	257	272	324	328	222	230	241	265	195	227	197	201	236	236	182	186	131	147	200	204	179	179	216	216	201	205	119	119
Pet14	74746	93912	126	126	257	268	328	328	230	230	295	303	215	223	197	197	236	236	178	182	131	135	200	200	171	179	216	228	201	205	119	119
Pet15	74746	93912	126	126	268	276	324	328	230	230	265	269	211	219	197	201	236	240	178	190	131	131	200	200	179	179	216	216	205	205	119	119
Pet16	74746	93912	126	126	257	268	324	328	210	230	265	295	219	227	201	201	236	236	178	178	135	147	204	204	179	179	216	228	205	205	119	119
Pet17	74746	93912	126	126	257	257	324	324	230	230	237	265	211	279	201	201	236	236	178	182	131	135	200	200	179	179	216	216	201	201	119	119
Pet18	74746	93912	126	126	257	272	324	324	230	230	237	241	195	223	201	201	236	240	174	178	131	135	200	204	179	179	216	216	201	205	119	119
Pet19	74746	93912	126	126	249	268	324	328	210	230	237	273	203	227	197	201	236	236	182	190	131	147	204	204	179	179	228	228	205	205	119	119
Pet2	74746	93912	126	126	241	283	324	328	210	234	237	265	223	279	201	201	236	236	182	190	131	147	204	204	179	179	216	216	201	205	119	119
Pet20	74746	93912	126	126	276	283	324	328	218	230	265	269	211	215	201	201	236	236	178	178	131	147	200	200	179	179	216	228	205	205	119	119
Pet3	74746	93912	126	126	NA	NA	324	324	230	230	265	265	195	219	197	197	236	236	178	186	147	147	200	200	171	179	216	216	205	205	119	119
Pet4	74746	93912	126	126	257	268	324	328	218	230	295	295	223	223	197	201	236	236	178	182	131	135	204	204	171	179	216	228	205	205	119	119
Pet5	74746	93912	126	126	NA	NA	328	328	218	234	265	291	195	219	197	201	236	236	178	186	131	135	200	204	179	179	216	216	201	205	119	119
Pet6	74746	93912	126	126	257	276	328	328	230	230	265	295	211	215	197	197	236	236	178	186	131	131	200	204	179	179	228	228	201	205	119	119
Pet7	74746	93912	126	126	249	257	324	328	210	230	265	295	211	215	197	201	236	236	178	182	135	147	200	204	175	179	228	228	205	205	119	119
Pet8	74746	93912	126	126	241	268	324	328	210	230	265	265	211	227	197	201	236	236	178	182	131	135	204	204	179	179	216	228	205	205	119	119
Pet9	74746	93912	126	132	257	276	324	328	218	230	241	265	211	211	197	201	236	236	174	182	131	135	204	204	179	179	216	228	205	205	119	119
Red1	59142	91743	126	126	257	257	328	328	226	226	295	295	199	227	201	201	236	236	174	190	135	147	200	204	179	179	216	228	201	205	119	119
Red10	59142	91743	126	128	257	268	324	328	218	218	265	273	215	227	201	201	240	240	174	178	135	147	204	204	179	179	216	228	201	209	119	119
Red11	59142	91743	126	130	257	257	324	328	226	230	265	265	211	219	201	201	236	236	178	178	131	139	204	204	179	179	228	228	205	205	119	119
Red12	59142	91743	126	128	257	257	328	328	222	230	265	295	211	227	197	201	236	236	178	190	131	147	200	204	179	179	228	228	205	205	119	119
Red13	59142	91743	126	132	257	276	328	332	230	234	265	265	215	223	197	201	236	236	182	210	147	147	204	204	179	179	216	228	205	205	119	119
Red14	59142	91743	126	126	249	257	328	328	230	230	237	269	203	219	197	201	236	236	178	178	131	147	204	204	171	183	216	228	201	205	119	119
Red15	59142	91743	120	126	257	283	328	328	218	218	237	269	215	219	201	201	236	236	178	190	131	147	200	204	179	183	228	228	205	205	119	119
Red17	59142	91743	126	126	249	257	328	328	230	230	265	265	223	227	197	201	236	236	182	190	131	131	200	204	179	179	NA	NA	201	205	119	119
Red2	59142	91743	126	126	257	257	328	328	230	230	237	265	203	219	197	201	236	244	178	190	131	147	200	204	179	183	216	228	201	205	119	119
Red3	59142	91743	126	126	257	260	328	328	230	230	269	295	207	219	201	201	236	236	182	182	131	147	204	204	179	183	228	228	201	205	119	119
Red4	59142	91743	126	128	257	276	328	328	222	230	265	295	219	223	197	201	236	236	182	190	131	131	200	204	179	179	228	228	205	205	119	119
Red5	59142	91743	126	128	257	260	328	332	218	230	265	269	211	219	201	201	236	240	182	186	131	147	204	204	171	179	216	228	201	205	119	119
Red6	59142	91743	120	126	257	283	328	328	218	230	241	295	199	211	201	201	236	236	178	178	147	147	204	204	171	179	216	228	205	205	119	119
Red7	59142	91743	120	126	257	257	328	328	218	230	269	295	179	219	197	201	236	236	178	178	131	131	204	204	179	179	228	228	205	205	119	119
Red8	59142	91743	126	126	249	249	328	328	218	234	269	269	219	219	197	201	236	236	182	182	135	147	204	204	171	179	216	216	205	205	119	119
Red9	59142	91743	126	128	260	276	328	332	218	222	241	269	211	215	197	201	236	236	166	182	131	135	204	204	171	179	216	216	205	205	119	119
Roo1	73304	93563	126	126	241	276	324	324	218	230	237	237	211	215	197	197	236	236	178	182	147	147	204	204	179	179	216	228	201	205	119	119
Roo10	73304	93563	126	126	257	268	328	332	218	230	237	237	215	219	197	201	236	240	178	178	131	147	200	204	179	179	216	216	205	205	119	119
Roo11	73304	93563	126	126	241	276	324	328	210	218	269	303	223	223	197	201	236	240	178	190	131	131	200	204	179	183	216	228	201	201	119	119
Roo12	73304	93563	120	126	257	268	324	332	230	238	273	295	207	247	197	201	236	236	174	190	131	147	204	204	179	179	216	228	205	205	119	119
Roo13	73304	93563	126	126	257	268	324	328	218	230	241	269	215	215	197	197	236	236	178	182	135	147	200	204	175	179	216	228	205	205	119	119
Roo14	73304	93563	126	126	257	268	324	328	230	234	237	265	211	211	197	201	236	240	178	186	131	147	200	204	179	179	216	228	205	205	119	119
Roo15	73304	93563	126	126	257	264	328	328	218	230	269	269	227	243	197	197	236	236	178	178	131	147	200	204	175	175	216	216	205	205	119	119
Roo16	73304	93563	126	126	257	268	324	328	218	218	269	295	211	215	201	201	236	236	178	178	131	147	200	204	179	179	216	228	201	205	119	119
Roo17	73304	93563	126	126	257	276	328	332	218	230	241	303	195	275	197	197	236	236	178	178	131	147	204	204	179	183	216	216	201	205	119	119
Roo18	73304	93563	NA	NA	241	257	328	332	210	222	237	265	215	279	201	205	236	236	182	190	131	147	204	204	175	179	216	216	205	205	119	119
Roo19	73304	93563	120	126	268	276	328	328	210	218	241	269	215	219	197	197	236	236	182	182	131	147	204	204	179	179	216	228	201	205	119	119
Roo2	73304	93563	126	126	257	257	324	328	226	226	237	265	211	219	197	197	236	236	182	182	131	147	204	204	179	179	216	228	201	205	119	119
Roo20	73304	93563	126	126	257	268	324	328	218	230	237	295	195	207	197	201	236	240	182	190	131	131	204	204	179	183	216	216	205	205	119	119
Roo3	73304	93563	126	132	268	276	324	324	218	238	295	295	195	207	201	205	236	240	178	182	131	135	204	204	179	179	216	228	205	205	119	119
Roo4	73304	93563	120	126	276	276	324	332	210	234	NA	NA	215	243	197	201	236	236	186	190	131	135	204	204	179	183	216	216	205	205	119	119
Roo5	73304	93563	126	126	257	268	328	328	218	218	237	265	195	215	201	201	236	236	182	190	131	147	204	204	179	179	216	228	205	205	119	119
Roo6	73304	93563	126	126	257	268	328	328	230	230	237	241	207	219	201	205	236	236	174	182	131	131	204	204	171	179	216	228	201	205	119	119
Roo7	73304	93563	126	126	241	257	324	328	230	230	269	295	207	215	197	201	236	240	174	190	131	147	204	204	175	179	216	228	201	205	119	119
Roo8	73304	93563	126	126	257	268	324	328	210	238	241	295	195	195	201	201	236	236	178	190	131	131	204	204	179	179	216	228	205	205	119	119
Roo9	73304	93563	126	126	241	283	328	332	230	230	237	237	195	211	201	201	236	240	178	182	131	147	204	204	179	179	216	216	205	205	119	119
Rum1	69438	58037	126	132	249	276	324	324	230	230	265	269	211	219	201	201	236	240	186	207	135	143	204	204	179	183	228	228	205	205	119	119
Rum10	69438	58037	124	126	249	249	324	328	230	234	261	265	215	219	197	201	232	236	182	186	135	147	204	204	179	179	216	228	197	197	119	119
Rum11	69438	58037	126	132	257	276	324	328	218	218	265	295	195	231	201	201	232	236	194	199	131	135	204	204	179	183	228	228	205	209	119	119
Rum12	69438	58037	126	126	249	257	324	328	206	218	241	261	215	219	201	201	236	236	190	194	135	147	204	204	179	183	228	228	197	205	119	119
Rum13	69438	58037	126	126	249	276	324	324	210	218	265	269	211	215	201	201	236	236	182	190	135	147	204	204	179	183	228	228	205	205	119	119
Rum14	69438	58037	126	128	249	276	324	324	230	234	265	295	219	223	197	201	236	236	178	186	135	147	204	204	179	183	216	216	201	205	119	119
Rum15	69438	58037	126	132	249	283	324	324	230	234	265	265	215	231	201	201	236	236	190	190	135	147	204	204	179	183	216	228	197	205	119	119
Rum16	69438	58037	126	126	249	276	324	328	210	218	261	265	219	223	197	201	236	236	186	190	147	147	204	204	179	183	216	228	201	205	119	119
Rum17	69438	58037	126	126	249	257	324	324	218	218	265	265	215	231	201	201	236	236	186	194	135	147	204	204	179	179	228	228	201	209	119	119
Rum18	69438	58037	126	126	249	257	324	324	210	218	237	265	219	231	197	197	236	236	178	182	135	147	204	204	179	183	228	228	197	205	119	119
Rum19	69438	58037	126	132	249	249	324	324	218	234	269	269	211	219	201	201	236	240	182	186	135	147	200	204	179	183	228	228	201	209	119	119
Rum2	69438	58037	126	126	249	257	324	324	210	234	265	269	195	215	197	201	236	236	186	190	135	147	204	204	171	179	216	228	201	201	119	119
Rum20	69438	58037	126	132	249	249	324	324	210	218	265	295	211	231	201	201	236	236	182	186	143	147	204	204	179	179	216	228	205	209	119	119
Rum3	69438	58037	126	126	249	283	328	332	218	230	241	265	223	231	197	201	236	236	186	199	135	147	204	204	179	183	228	228	197	205	119	119
Rum4	69438	58037	126	132	249	249	324	324	218	218	NA	NA	219	227	197	201	236	240	190	194	131	147	204	204	179	183	216	228	201	205	119	119
Rum5	69438	58037	126	126	276	276	328	328	230	234	265	269	227	227	201	201	236	236	194	199	135	135	204	204	179	183	228	228	197	205	119	119
Rum6	69438	58037	126	126	276	276	324	328	210	222	265	269	211	219	197	201	236	236	190	199	131	135	204	204	179	179	228	228	205	205	119	119
Rum7	69438	58037	126	126	272	276	324	324	210	230	261	295	219	235	201	205	236	236	178	190	131	135	204	204	179	179	216	216	197	205	119	119
Rum8	69438	58037	126	132	249	257	324	328	218	234	261	265	219	223	201	201	236	236	190	199	147	147	204	204	179	179	228	228	197	205	119	119
Rum9	69438	58037	126	126	257	272	328	328	218	218	269	269	211	211	197	201	236	236	182	186	135	147	204	204	179	183	216	228	205	205	119	119
Sah1	65434	96135	126	126	283	283	324	328	230	230	261	295	219	247	201	201	232	236	178	186	131	147	204	204	179	179	216	228	201	205	119	119
Sah10	65434	96135	120	126	268	283	328	328	230	234	241	295	211	219	201	201	232	236	178	178	135	147	200	204	179	179	216	228	205	205	119	119
Sah11	65434	96135	120	126	276	283	324	328	210	230	241	287	199	215	201	201	236	236	182	190	131	131	204	204	179	179	216	228	201	205	119	119
Sah12	65434	96135	126	126	249	257	328	332	210	234	241	265	215	215	197	201	236	240	178	182	147	147	200	204	179	179	216	228	201	205	119	119
Sah13	65434	96135	126	126	257	283	328	332	210	218	241	265	191	199	201	201	232	236	174	178	131	147	200	200	179	179	216	228	205	205	119	119
Sah14	65434	96135	126	126	257	260	324	332	210	234	261	261	199	247	197	201	240	240	178	186	147	147	200	204	179	179	228	228	201	205	119	119
Sah15	65434	96135	NA	NA	260	268	324	328	218	230	241	287	199	215	201	201	232	236	182	190	131	135	204	204	179	179	216	216	201	201	119	119
Sah16	65434	96135	126	126	276	283	328	332	230	234	241	295	199	215	197	201	232	236	186	186	131	147	200	204	179	179	216	228	205	205	119	119
Sah18	65434	96135	126	126	283	283	324	328	230	230	265	265	215	219	197	201	232	236	182	186	131	147	204	204	179	179	216	228	205	205	119	119
Sah19	65434	96135	126	126	268	276	324	328	230	234	237	295	215	215	201	201	236	240	178	186	135	147	200	204	179	179	228	228	201	205	119	119
Sah2	65434	96135	126	126	257	257	324	332	210	230	241	241	199	215	201	201	240	240	186	190	147	147	204	204	179	179	216	228	205	205	119	119
Sah20	65434	96135	126	126	257	283	324	328	230	230	265	295	191	199	201	201	232	240	186	190	147	147	204	204	179	179	216	216	201	201	119	119
Sah3	65434	96135	126	126	283	283	328	332	214	230	237	237	199	215	201	201	236	236	178	186	131	131	204	204	179	179	228	228	201	205	119	119
Sah4	65434	96135	126	126	257	283	324	328	230	234	265	295	219	219	197	201	232	236	178	186	131	147	200	204	179	179	216	228	201	205	119	119
Sah5	65434	96135	126	126	257	260	328	328	210	210	265	265	215	219	201	201	240	240	174	186	147	147	200	204	179	179	216	216	205	205	119	119
Sah6	65434	96135	126	126	257	257	324	328	210	230	265	265	215	219	197	201	240	240	178	178	131	147	204	204	179	179	216	216	201	205	119	119
Sah7	65434	96135	120	126	249	257	328	328	214	214	261	265	199	247	201	201	236	236	186	186	147	147	204	204	179	179	216	228	201	205	119	119
Sah8	65434	96135	126	126	272	276	328	328	230	234	241	241	211	219	201	201	236	236	174	178	135	147	200	204	179	179	216	228	205	205	119	119
Sah9	65434	96135	126	126	249	283	328	328	230	234	241	265	211	215	201	201	236	236	174	178	131	131	200	204	179	179	216	216	205	205	119	119
Sav1	85227	97234	126	126	257	257	324	328	230	230	241	269	191	203	197	197	236	236	178	190	131	147	200	204	179	179	216	228	205	205	119	119
Sav10	85227	97234	126	130	257	268	324	324	222	230	241	241	203	207	197	197	236	240	182	186	131	131	204	204	179	179	216	228	201	205	119	119
Sav11	85227	97234	126	126	257	257	324	328	210	230	241	269	207	259	197	197	236	236	174	178	131	131	200	204	179	179	216	228	205	205	119	119
Sav12	85227	97234	126	126	257	268	324	328	230	230	NA	NA	211	252	197	201	236	236	178	203	131	147	200	204	179	179	216	228	201	205	119	119
Sav13	85227	97234	126	126	257	257	324	328	218	230	237	237	195	219	201	201	236	236	178	178	131	131	200	204	179	179	216	228	201	205	119	119
Sav14	85227	97234	126	126	257	268	324	328	218	230	241	269	195	211	201	201	236	236	178	178	131	131	200	204	179	179	216	228	201	205	119	119
Sav15	85227	97234	126	130	257	257	328	328	230	230	NA	NA	203	223	197	201	232	232	186	186	131	147	204	204	179	179	228	228	201	201	119	119
Sav16	85227	97234	126	128	257	260	324	328	230	230	237	265	223	227	197	201	236	236	174	178	131	135	200	204	179	179	216	228	205	205	119	119
Sav17	85227	97234	126	126	257	257	328	328	230	230	237	241	207	211	197	201	240	240	170	182	131	135	204	204	171	179	216	216	205	205	119	119
Sav18	85227	97234	126	128	257	268	328	328	218	230	237	269	223	255	197	201	240	240	178	178	135	147	200	204	179	179	216	216	201	205	119	119
Sav19	85227	97234	126	128	257	257	324	328	210	210	237	269	211	259	197	197	236	236	174	178	131	147	200	204	171	179	216	228	205	205	119	119
Sav2	85227	97234	126	126	257	257	328	328	230	230	NA	NA	195	223	197	197	236	236	174	178	131	147	200	204	179	179	216	216	201	201	119	119
Sav4	85227	97234	126	126	257	268	324	328	210	230	241	241	191	195	201	201	236	236	174	178	135	147	200	204	179	179	228	228	205	205	119	119
Sav5	85227	97234	126	126	249	257	324	328	230	230	265	295	211	223	197	197	236	236	178	178	147	147	200	200	179	179	216	228	205	205	119	119
Sav6	85227	97234	126	126	257	268	324	328	218	230	237	295	195	263	197	197	236	236	178	186	131	135	200	200	179	179	216	216	201	205	119	119
Sav7	85227	97234	128	128	257	257	324	328	210	218	237	265	195	255	197	201	236	240	174	190	135	147	200	204	179	179	216	228	201	205	119	119
Sav8	85227	97234	126	126	257	257	324	328	230	230	241	241	207	223	197	197	236	236	174	178	131	147	200	204	179	179	216	228	205	205	119	119
Sav9	85227	97234	126	126	257	268	324	324	230	230	237	241	211	252	197	197	236	240	178	186	131	147	200	204	179	179	228	228	201	205	119	119
Sch1	64892	71343	126	128	272	272	324	324	210	218	265	265	199	199	201	201	236	236	178	190	147	147	204	204	179	179	216	228	205	205	119	119
Sch10	64892	71343	126	126	276	276	324	328	214	218	241	299	211	227	197	201	236	236	190	194	135	147	200	204	179	179	228	228	201	205	119	119
Sch11	64892	71343	126	126	257	257	324	324	206	218	265	265	207	211	197	201	236	236	194	194	147	147	200	200	179	179	228	228	205	205	119	119
Sch12	64892	71343	126	134	NA	NA	324	332	210	210	269	295	211	211	201	205	232	236	178	182	135	147	204	204	179	179	216	228	201	205	119	119
Sch13	64892	71343	120	126	268	268	324	328	218	218	265	269	211	235	197	197	236	236	182	207	131	135	200	204	171	179	228	228	201	205	119	119
Sch14	64892	71343	126	126	249	257	324	328	218	230	265	265	207	211	197	201	236	236	182	190	131	135	204	204	179	179	216	216	205	205	119	119
Sch2	64892	71343	126	132	257	276	328	328	230	230	265	269	243	243	201	201	236	236	190	190	135	147	204	204	179	179	228	228	205	205	119	119
Sch3	64892	71343	126	130	276	276	320	324	210	230	NA	NA	235	243	201	201	236	236	178	190	135	147	204	204	179	179	216	228	205	205	119	119
Sch4	64892	71343	126	126	257	257	324	324	206	230	265	299	207	227	197	201	236	236	190	194	135	147	200	204	179	179	216	228	205	205	119	119
Sch5	64892	71343	128	128	257	276	324	328	214	218	241	265	223	252	201	201	236	236	186	190	131	147	204	204	179	179	228	228	201	205	119	119
Sch6	64892	71343	126	126	249	272	324	328	218	234	241	265	199	243	197	201	236	236	178	182	131	135	204	204	179	179	216	228	205	205	119	119
Sch7	64892	71343	126	128	249	268	324	328	218	218	265	269	199	211	197	201	236	236	182	186	131	147	200	204	175	179	216	228	205	205	119	119
Sch8	64892	71343	126	126	264	283	324	324	218	218	265	269	211	252	197	201	236	236	178	190	131	139	204	204	171	179	228	228	205	205	119	119
Sch9	64892	71343	126	126	257	276	315	324	218	218	265	269	227	243	201	201	236	236	178	194	135	147	200	204	171	179	228	228	205	205	119	119
Sg1	64049	70689	126	132	257	264	328	332	206	218	269	299	215	227	201	205	236	236	178	182	131	147	204	204	179	183	216	228	205	205	119	119
Sg10	64049	70689	126	126	257	257	315	328	218	230	265	237	191	243	201	201	236	236	178	182	147	147	200	204	179	179	216	228	205	205	119	119
Sg11	64049	70689	126	132	257	268	328	328	206	218	NA	NA	215	215	197	205	236	236	182	186	131	147	200	204	179	179	228	228	201	205	119	119
Sg12	64049	70689	126	126	276	276	324	324	218	230	241	265	199	215	201	201	236	236	182	190	135	147	204	204	179	179	228	228	205	205	119	119
Sg13	64049	70689	126	132	257	257	324	328	210	218	237	269	215	227	197	205	236	236	174	178	147	147	204	204	179	179	216	228	201	205	119	119
Sg14	64049	70689	126	132	NA	NA	324	328	218	230	269	269	215	235	197	201	236	236	182	186	131	147	200	200	179	179	216	216	201	205	119	119
Sg15	64049	70689	126	132	257	276	324	324	218	230	241	265	199	219	201	201	236	240	178	182	135	147	204	204	171	179	228	228	201	201	119	119
Sg16	64049	70689	126	128	257	276	324	328	218	230	265	299	227	252	201	201	240	240	178	186	135	147	204	204	179	179	216	216	205	205	119	119
Sg2	64049	70689	126	128	257	276	324	328	222	230	265	265	215	243	197	201	236	236	186	194	147	147	200	204	171	179	228	228	205	205	119	119
Sg3	64049	70689	126	126	276	283	320	324	218	218	237	241	215	227	201	205	236	236	186	186	NA	NA	200	204	179	179	216	228	205	205	119	119
Sg4	64049	70689	126	126	NA	NA	324	332	206	218	273	299	191	227	201	205	236	236	182	190	135	147	204	204	179	179	216	228	201	205	119	119
Sg5	64049	70689	126	126	NA	NA	324	324	206	218	237	269	227	231	201	201	236	236	190	194	135	147	200	204	179	179	216	228	205	205	119	119
Sg6	64049	70689	126	126	257	276	324	328	210	222	265	269	215	239	197	197	236	236	182	190	147	147	200	204	179	179	228	228	205	205	119	119
Sg7	64049	70689	122	126	NA	NA	320	328	214	230	241	273	199	227	201	205	236	236	178	190	131	135	204	204	179	179	216	228	205	205	119	119
Sg8	64049	70689	128	132	276	276	328	328	206	210	295	299	227	227	201	201	236	240	178	182	131	131	204	204	179	179	216	228	201	205	119	119
Sg9	64049	70689	126	126	268	276	320	328	218	230	241	241	199	199	201	205	236	236	178	190	131	131	204	204	179	179	228	228	205	205	119	119
Win1	93862	62871	126	126	257	268	324	324	218	238	265	269	199	207	201	205	236	236	174	190	147	147	204	204	179	179	216	228	205	205	119	119
Win10	93862	62871	126	126	257	264	328	328	210	210	237	295	191	231	201	205	236	240	174	178	155	155	204	204	179	179	216	216	205	205	119	119
Win11	93862	62871	126	126	257	272	332	332	210	222	241	265	195	227	201	205	236	240	174	190	131	147	204	204	179	179	216	216	201	205	119	119
Win12	93862	62871	126	126	257	264	324	328	210	218	237	265	191	199	197	201	236	236	174	178	135	147	204	204	179	179	228	228	205	205	119	119
Win13	93862	62871	126	126	268	272	324	328	218	238	295	295	199	219	197	201	236	236	174	190	147	147	204	204	179	179	216	228	201	205	119	119
Win14	93862	62871	126	126	257	272	332	332	210	222	NA	NA	199	231	201	201	236	240	174	178	135	147	204	204	179	179	216	216	205	205	119	119
Win15	93862	62871	126	126	272	272	328	328	210	218	245	295	195	219	197	205	236	240	178	190	147	155	204	204	179	179	216	216	205	205	119	119
Win16	93862	62871	126	126	257	257	324	328	218	238	265	265	191	199	205	205	236	236	174	178	131	147	204	204	179	179	216	216	205	205	119	119
Win17	93862	62871	126	126	257	272	332	332	218	222	245	295	199	199	201	205	236	236	178	178	131	147	204	204	179	179	216	216	205	205	119	119
Win18	93862	62871	126	126	249	249	328	332	210	238	295	295	191	191	201	201	236	236	174	178	131	147	204	204	179	179	216	216	205	205	119	119
Win19	93862	62871	126	126	257	257	324	324	218	222	245	295	191	219	201	201	236	236	174	178	131	155	204	204	179	179	228	228	205	205	119	119
Win2	93862	62871	126	126	257	272	324	328	210	238	245	269	195	231	201	201	236	236	178	178	147	147	204	204	179	179	216	228	205	205	119	119
Win20	93862	62871	126	126	249	257	324	324	210	210	265	269	199	231	201	201	236	240	174	174	147	147	204	204	179	179	228	228	205	205	119	119
Win3	93862	62871	126	126	249	264	324	328	210	210	245	265	195	199	201	205	240	240	178	190	131	147	204	204	179	179	216	216	205	205	119	119
Win4	93862	62871	126	126	272	272	324	328	218	222	245	295	191	195	201	205	236	240	174	178	147	147	204	204	179	179	216	228	205	205	119	119
Win5	93862	62871	126	126	257	260	324	332	218	222	245	269	195	231	197	201	236	236	178	178	135	135	204	204	179	179	216	228	205	205	119	119
Win6	93862	62871	126	126	257	272	324	328	230	230	237	241	195	207	201	201	236	236	174	174	147	147	204	204	179	179	216	216	201	205	119	119
Win7	93862	62871	126	126	272	272	324	332	210	222	265	269	227	231	201	205	236	240	174	178	131	147	204	204	179	179	216	228	205	205	119	119
Win8	93862	62871	126	126	257	272	324	324	238	238	237	269	207	223	197	201	236	236	190	190	131	147	204	204	179	179	228	228	205	205	119	119
Win9	93862	62871	126	126	272	272	324	324	210	218	245	245	195	195	201	205	236	236	174	190	147	155	204	204	179	179	216	216	205	205	119	119
TC201	64888	92461	122	126	249	257	324	328	214	230	241	265	179	215	197	201	236	236	178	190	131	131	204	204	171	179	216	228	NA	NA	119	119
TC202	64888	92461	126	126	257	283	324	328	226	230	237	299	191	219	197	205	236	240	178	182	131	139	204	204	171	179	216	228	201	205	119	119
TC203	64888	92461	126	132	257	257	328	328	210	230	237	269	215	219	197	201	236	236	186	186	147	147	204	204	179	179	216	228	201	205	119	119
TC204	74984	65474	126	132	257	257	328	332	218	230	265	269	195	247	197	201	236	236	174	194	131	131	204	204	179	179	228	228	201	205	119	119
TC206	74984	65474	126	126	257	268	328	328	218	230	237	269	195	211	197	201	236	236	178	178	131	131	204	204	179	179	216	228	205	205	119	119
TC207	74984	65474	126	132	257	264	328	328	218	230	269	269	195	195	201	201	236	236	174	178	131	147	NA	NA	179	179	228	228	NA	NA	119	119
TC208	74984	65474	126	126	257	268	324	328	210	218	237	269	195	211	197	201	236	236	178	178	135	147	204	204	179	179	228	228	205	205	119	119
TC209	74984	65474	126	132	257	268	328	328	230	230	237	265	195	247	197	201	236	236	190	194	131	135	204	204	179	179	228	228	205	205	119	119
TC2010	74984	65474	126	132	257	264	328	328	210	218	265	269	NA	NA	NA	NA	236	236	178	194	135	147	204	204	179	179	216	228	205	205	119	119
TC2011	74385	66893	126	126	257	264	324	328	218	230	265	269	215	219	201	201	240	240	182	182	135	147	204	204	179	179	216	216	201	205	119	119
TC2012	74385	66893	126	128	276	276	324	324	206	230	237	295	195	199	197	197	236	236	186	190	131	147	200	204	175	179	228	228	201	201	119	119
TC2014	74385	66893	126	126	276	283	324	328	210	218	265	269	195	219	197	201	236	236	174	186	131	147	200	200	179	179	228	228	201	205	119	119
TC2015	74385	66893	NA	NA	257	264	324	324	218	230	241	265	199	219	201	201	236	240	178	182	131	147	204	204	171	179	216	228	NA	NA	119	119
TC2016	74385	66893	126	132	276	276	324	328	218	218	241	295	195	199	197	201	236	240	186	186	131	147	204	204	179	179	216	216	201	205	119	119
TC2017	74385	66893	126	126	257	276	324	324	218	230	241	295	195	199	NA	NA	236	240	182	190	147	147	204	204	171	179	216	228	205	205	119	119
TC2019	74385	66893	126	132	276	283	324	324	214	218	241	295	199	231	197	201	236	240	182	190	147	147	204	204	179	179	216	228	201	205	119	119
TC2020	74385	66893	126	132	257	283	324	328	218	218	241	295	199	199	201	201	236	236	178	182	131	147	204	204	179	179	216	216	205	205	119	119
TC2021	74385	66893	NA	NA	276	283	324	328	210	218	241	269	195	215	197	201	236	236	174	186	131	135	200	204	179	179	228	228	205	205	119	119
TC2022	74385	66893	126	126	276	276	324	324	218	218	241	241	199	199	197	201	236	240	174	182	131	147	204	204	171	179	228	228	201	205	119	121
TC2023	74461	66848	126	126	257	283	324	324	218	218	241	241	199	199	197	201	236	240	186	186	147	147	200	204	179	179	216	216	201	205	119	119
TC2024	74461	66848	126	132	257	276	324	324	206	230	237	273	199	199	201	201	236	236	186	186	147	147	200	200	179	183	216	228	201	205	119	119
TC2025	74461	66848	126	126	257	257	324	324	218	230	237	241	199	215	197	201	240	240	182	182	131	147	204	204	179	183	216	228	NA	NA	119	119
TC2026	74461	66848	126	126	283	283	328	332	218	230	241	295	199	211	201	201	236	236	178	182	135	147	204	204	179	179	216	228	201	205	119	121
TC2027	74461	66848	126	126	257	276	324	324	218	218	241	295	219	235	197	201	236	236	186	186	147	147	200	204	179	179	216	228	201	201	119	119
TC2028	62701	66696	126	126	272	276	328	328	218	230	265	295	211	219	201	201	232	240	186	186	147	147	204	204	171	171	228	228	205	205	119	119
TC2029	62724	66654	126	132	272	272	328	328	NA	NA	265	295	219	235	201	201	236	236	186	186	131	131	204	204	171	179	228	228	205	205	119	119
TC2030	62724	66654	126	126	257	272	324	328	218	230	265	295	219	235	201	201	236	240	182	186	147	147	204	204	171	183	228	228	205	205	119	119
TC2031	62724	66654	126	126	272	276	324	328	218	218	265	295	219	235	197	201	232	240	186	186	131	147	204	204	171	179	228	228	205	205	119	119
TC2032	62724	66654	126	126	276	276	328	328	218	230	265	295	211	219	197	201	232	236	186	186	131	147	204	204	171	171	228	228	205	205	119	119
TC2033	62724	66654	126	126	272	272	328	328	218	218	265	295	215	219	197	201	232	236	186	186	131	147	200	204	171	179	216	216	205	205	119	119
TC2034	62724	66654	126	132	272	276	328	328	218	218	295	295	219	219	197	201	236	236	182	186	131	147	204	204	179	179	228	228	205	205	119	119
TC2035	62724	66654	126	126	276	276	320	320	218	218	265	295	211	219	197	201	232	240	186	186	147	147	200	204	171	179	216	228	205	205	119	119
TC2036	62724	66654	126	126	276	276	328	328	218	218	295	295	219	219	201	201	240	240	186	186	131	147	200	204	171	171	216	228	205	205	119	119
TC2037	62724	66654	126	126	276	276	328	328	218	222	295	295	211	219	197	201	232	232	186	186	131	147	200	204	171	171	216	228	205	205	119	119
TC2038	62724	66654	126	128	276	276	328	328	218	230	295	295	219	219	197	197	232	240	182	186	131	147	200	204	171	171	216	228	205	205	119	119
TC2039	62724	66654	126	126	272	276	328	328	218	230	295	295	219	219	201	201	232	240	186	186	131	147	200	200	171	171	216	228	201	205	119	119
TC2040	62724	66654	126	126	272	276	320	328	218	218	295	295	219	219	197	201	232	232	186	186	131	147	204	204	179	179	228	228	201	205	119	119
TC2041	62745	66650	126	132	272	276	324	328	218	230	295	295	219	219	201	201	232	236	182	186	143	147	204	204	179	183	228	228	205	205	119	119
TC2042	62745	66650	126	132	272	283	328	328	218	230	295	295	219	219	197	201	236	236	186	186	131	147	204	204	171	179	228	228	205	205	119	119
TC2043	62745	66650	126	126	272	276	320	328	218	230	295	295	219	219	197	201	236	240	186	186	131	131	200	204	171	179	228	228	205	205	119	119
TC2044	62745	66650	126	132	276	276	328	328	218	218	295	295	219	219	197	201	236	236	186	186	131	135	204	204	171	179	216	228	205	205	119	119
TC2045	62745	66650	126	126	276	276	320	328	218	230	295	295	219	219	201	201	232	240	186	186	147	147	204	204	171	179	228	228	205	205	119	119
TC2046	62745	66650	126	132	272	272	320	328	222	230	265	265	215	235	201	201	232	236	186	186	131	147	204	204	179	183	228	228	205	205	119	119
TC2047	62745	66650	126	132	272	283	320	328	218	230	295	295	219	219	201	201	232	236	186	186	131	131	200	204	179	179	216	228	205	205	119	119
TC2048	62745	66650	126	126	276	283	328	328	218	218	265	265	215	219	197	201	236	240	186	186	147	147	200	204	171	171	216	228	205	205	119	119
TC2049	62745	66650	126	126	272	283	320	328	218	218	295	295	219	219	197	201	236	236	186	186	131	147	200	204	171	179	228	228	205	205	119	119
TC2050	62745	66650	126	126	272	276	328	328	218	230	295	295	219	219	197	197	232	232	186	186	147	147	200	204	171	171	216	228	205	205	119	119
TC2051	62745	66650	126	126	276	276	320	328	218	230	295	295	219	219	201	201	232	236	186	186	147	147	204	204	171	179	228	228	205	205	119	119
TC2052	62493	69286	126	126	257	276	328	328	218	218	295	295	231	231	205	205	236	244	170	186	131	147	204	204	179	179	216	228	205	205	119	119
TC2053	62493	69286	126	126	257	276	324	328	210	222	295	295	195	215	201	201	236	236	186	194	135	135	200	204	179	179	216	216	205	205	119	119
TC2054	62493	69286	126	126	257	257	324	328	206	206	265	265	207	235	201	205	236	236	186	194	135	135	204	204	171	179	216	228	205	205	119	119
TC2055	62493	69286	126	126	257	283	324	328	222	230	237	295	215	231	197	201	236	236	174	186	147	147	204	204	179	179	216	216	205	205	119	119
TC2056	62493	69286	126	126	257	276	328	328	218	218	269	295	227	231	201	205	236	244	194	194	135	147	NA	NA	171	179	NA	NA	205	205	119	119
TC2057	62493	69286	126	126	257	283	324	328	218	222	265	295	195	207	201	201	236	236	186	186	131	131	204	204	179	179	216	216	201	205	119	119
TC2058	62493	69286	NA	NA	257	276	328	328	206	210	237	295	215	231	197	201	236	236	186	194	135	135	200	204	179	183	228	228	201	205	119	119
TC2059	62493	69286	126	126	257	257	328	328	218	222	237	295	195	215	201	201	236	244	174	194	131	135	200	204	179	179	216	216	205	205	119	119
TC2060	62493	69286	126	126	257	283	328	328	222	222	265	265	239	239	201	201	236	236	174	190	135	147	204	204	179	179	216	228	205	205	119	119
TC2061	62493	69286	126	126	257	283	328	328	210	222	265	295	231	239	201	201	NA	NA	170	174	135	147	204	204	179	179	228	228	205	205	119	119
TC2062	62493	69286	126	126	257	276	328	328	206	218	295	295	215	231	201	201	236	244	186	194	135	135	200	204	179	179	216	228	205	205	119	119
TC2063	62493	69286	126	126	276	283	328	328	218	222	269	295	227	231	201	205	236	236	174	186	147	147	204	204	179	179	216	228	205	205	119	119
TC2064	62493	69286	126	126	257	257	324	328	206	210	265	295	215	231	201	201	236	236	186	194	131	131	200	204	179	179	216	216	205	205	119	119
TC2065	62493	69286	126	126	276	276	324	328	210	218	237	265	215	235	201	201	236	236	186	194	131	135	200	204	171	179	228	228	201	205	119	119
TC2066	62493	69286	126	126	257	276	324	328	218	222	237	295	215	215	197	201	236	236	174	186	131	135	204	204	179	179	228	228	205	205	119	119
TC2067	62493	69286	122	126	257	276	320	328	206	230	265	295	195	207	197	201	236	236	174	178	131	135	204	204	179	179	216	216	205	205	119	119
TC2068	62493	69286	122	126	257	276	328	328	218	222	265	295	231	235	201	205	236	236	178	178	131	135	204	204	179	179	216	216	201	205	119	119
TC2069	63287	73535	126	126	249	268	324	332	218	226	237	269	195	199	201	201	232	236	186	186	147	147	204	204	171	179	216	228	205	209	119	119
TC2070	63287	73535	126	126	276	276	324	328	206	214	245	295	211	219	197	201	236	240	174	174	147	147	204	204	179	179	216	228	205	205	119	119
TC2071	63287	73535	126	132	257	260	324	332	210	230	299	299	195	223	201	201	236	240	186	190	131	131	204	204	171	179	228	228	205	205	119	119
TC2072	63287	73535	126	126	257	276	328	332	218	218	265	295	NA	NA	NA	NA	236	236	178	182	127	143	200	204	179	179	216	228	205	205	119	119
TC2073	61101	73233	126	126	257	276	320	328	218	218	237	273	215	215	197	201	236	236	178	186	131	131	204	204	179	179	228	228	205	205	119	119
TC2074	61101	73233	126	126	249	276	324	324	202	218	237	265	207	215	201	201	236	236	182	190	147	147	NA	NA	179	179	216	228	201	201	119	119
TC2075	61101	73233	126	126	257	276	324	328	218	230	241	265	207	211	201	201	236	236	178	182	147	147	204	204	171	179	216	228	201	205	119	119
TC2076	61101	73233	126	126	257	276	324	328	206	210	265	273	207	215	201	201	236	240	182	186	131	147	204	204	171	179	228	228	205	205	119	119
TC2077	61101	73233	126	126	268	276	324	328	206	210	241	295	195	203	201	201	236	236	178	182	131	147	204	204	179	179	228	228	201	205	NA	NA
TC2078	61101	73233	126	132	249	257	324	324	218	230	273	273	207	215	201	201	236	236	186	194	131	131	204	204	179	179	228	228	205	205	119	119
TC2079	61101	73233	126	132	272	276	328	332	218	230	273	295	203	215	201	201	236	240	186	190	131	147	204	204	179	179	228	228	201	209	119	119
TC2080	61101	73233	126	126	276	276	328	328	218	218	265	295	199	207	201	201	236	236	186	190	147	147	204	204	171	179	228	228	205	209	119	119
TC2081	61101	73233	126	126	257	268	324	328	210	218	237	273	215	215	201	201	236	240	178	178	135	147	204	204	171	179	228	228	205	205	119	119
TC2082	61101	73233	126	132	NA	NA	324	324	218	218	237	269	207	215	201	201	236	240	178	178	147	147	204	204	179	183	228	228	205	205	119	119
TC2083	61101	73233	126	126	268	276	320	328	210	210	237	273	215	215	201	201	236	236	178	186	131	147	204	204	171	179	228	228	201	205	119	119
TC2084	61101	73233	126	132	257	276	328	328	218	218	265	265	215	231	201	201	236	236	186	190	131	147	204	204	179	179	216	228	205	205	119	119
TC2085	61101	73233	126	132	276	276	328	332	218	230	237	295	195	215	201	201	236	236	190	199	131	147	204	204	179	179	228	228	201	205	119	119
TC2086	61101	73233	126	126	257	272	324	332	224	230	237	265	211	215	201	201	236	236	178	182	135	147	204	204	171	179	228	228	205	205	119	119
TC2087	61101	73233	126	126	249	272	328	332	224	230	265	269	207	223	197	197	236	244	190	190	135	147	204	204	179	179	228	228	205	205	119	119
TC2088	61101	73233	128	132	249	268	324	328	210	230	241	273	195	215	201	201	236	236	182	182	147	147	204	204	179	179	228	228	205	205	119	119
TC2089	61101	73233	126	126	257	276	324	328	218	230	265	295	199	231	201	201	236	240	178	186	131	147	204	204	179	179	216	228	201	205	119	119
TC2090	61101	73233	126	126	268	276	320	328	210	230	265	265	207	211	197	201	236	236	182	199	131	147	204	204	171	179	228	228	201	205	119	119
TC2091	61101	73233	126	132	257	276	328	328	230	230	265	273	207	215	NA	NA	236	240	186	190	131	147	204	204	171	179	228	228	205	209	119	119
TC2093	63348	73596	126	126	257	276	324	332	NA	NA	295	299	211	211	201	201	240	240	178	186	135	147	204	204	171	179	216	228	201	205	119	119
TC2094	63348	73596	126	126	272	283	328	328	218	230	299	299	207	223	201	201	236	236	190	194	131	147	204	204	179	183	228	228	205	205	119	119
TC2096	64898	70080	122	126	257	276	324	328	214	218	269	269	199	227	201	205	236	236	182	203	131	147	204	204	179	179	216	228	201	205	119	119
TC2097	64898	70080	122	126	257	257	315	324	218	230	265	269	191	219	NA	NA	NA	NA	178	182	147	147	204	204	179	179	216	228	201	205	119	119
TC2098	64898	70080	126	126	276	276	324	328	218	230	265	295	211	231	201	201	236	236	178	190	147	147	204	204	179	183	216	216	201	205	119	119
TC2099	64898	70080	126	126	257	257	324	328	218	230	265	269	215	227	201	201	236	236	190	190	147	147	204	204	179	179	216	216	205	205	119	119
TC20100	64898	70080	126	126	257	268	324	328	210	230	265	265	215	215	201	201	236	236	178	178	147	147	204	204	171	179	216	216	201	205	119	119
TC20101	64898	70080	126	126	257	287	324	328	218	218	241	273	191	235	201	201	236	236	178	182	131	147	204	204	171	179	216	216	205	205	119	119
TC20102	64736	70085	NA	NA	249	268	324	328	218	218	265	265	195	215	201	201	236	236	182	190	147	147	204	204	171	179	216	228	205	205	119	119
TC20103	64736	70085	126	126	257	276	324	324	214	218	269	295	199	227	197	201	NA	NA	190	203	131	147	NA	NA	179	179	228	228	205	205	119	121
TC20104	64736	70085	126	132	257	283	315	324	218	218	269	269	215	227	201	201	236	236	182	203	135	147	204	204	179	179	228	228	201	205	119	119
TC20105	64736	70085	126	134	257	283	324	324	214	218	241	295	231	235	201	205	236	236	178	186	131	147	204	204	175	179	228	228	205	205	117	119
TC20106	64736	70085	126	126	257	272	324	328	218	218	265	265	195	219	197	201	236	236	178	190	147	147	204	204	179	183	216	228	205	205	119	119
TC20107	64736	70085	126	126	257	276	315	328	206	218	265	269	191	219	201	205	236	236	178	182	147	147	204	204	179	179	228	228	201	205	119	119
TC20108	64736	70085	126	132	257	257	315	328	210	230	237	269	195	215	197	201	236	236	174	178	131	135	204	204	NA	NA	228	228	201	205	119	119
TC20109	64736	70085	126	132	257	268	315	328	210	218	269	273	191	199	201	201	236	240	182	203	147	147	204	204	179	179	216	216	201	205	119	119
TC20110	64736	70085	NA	NA	257	276	324	324	218	230	237	269	215	215	201	201	236	240	186	190	147	147	200	204	171	183	228	228	201	201	119	119
TC20112	65043	70087	126	132	257	257	320	328	218	230	265	269	219	227	197	201	236	240	182	186	131	147	204	204	179	179	216	228	205	205	119	119
TC20113	65043	70087	126	126	257	272	324	324	206	218	237	265	195	215	197	201	236	236	186	190	131	147	204	204	179	179	216	216	205	205	119	119
TC20115	65043	70087	126	126	257	283	328	328	202	218	265	299	195	211	201	205	236	236	182	190	135	147	NA	NA	179	179	228	228	201	205	119	119
TC20116	71506	63075	126	126	257	257	324	328	218	222	295	299	207	211	201	201	236	236	178	190	135	135	204	204	NA	NA	216	228	201	205	119	119
TC20117	71264	63273	126	126	257	268	324	324	230	234	241	287	211	223	201	201	236	236	190	190	131	147	204	204	179	179	216	228	201	205	119	119
TC20118	71264	63273	126	126	257	257	324	328	210	230	245	265	215	247	201	201	236	236	178	194	147	147	204	204	179	179	228	228	201	205	119	119
TC20119	71264	63273	126	126	257	257	324	328	222	230	245	269	215	215	197	201	236	240	190	190	131	135	204	204	179	179	216	228	205	205	119	119
TC20120	71264	63273	126	126	249	257	328	328	210	230	295	299	203	211	197	197	236	236	178	199	131	135	204	204	179	179	228	228	205	205	119	119
TC20121	71264	63273	126	126	257	268	324	328	230	230	295	299	207	215	201	201	236	236	178	182	135	147	200	204	179	179	228	228	205	205	119	119
TC20122	71264	63273	126	126	257	260	324	324	210	218	265	269	215	223	201	201	236	236	178	190	135	147	200	204	179	179	228	228	201	205	119	119
TC20123	71264	63273	126	126	268	276	324	328	210	218	245	295	211	215	197	201	236	236	178	190	147	147	204	204	171	179	216	228	205	205	119	119
TC20124	71264	63273	126	126	257	257	324	324	210	218	265	265	207	252	201	201	236	236	178	178	135	147	200	204	179	179	216	228	205	205	119	119
TC20125	71264	63273	126	126	257	276	324	324	218	222	265	265	215	247	197	201	236	236	190	194	131	135	204	204	179	179	216	228	205	205	119	119
TC20127	68520	77368	128	128	257	283	328	328	218	218	265	295	215	215	201	201	236	236	174	194	147	147	200	200	179	179	216	228	201	205	119	119
TC20128	68520	77368	126	128	257	276	315	324	210	218	265	265	191	195	201	201	236	236	174	182	131	147	200	200	179	179	216	228	205	205	119	119
TC20129	68520	77368	126	128	276	276	324	328	218	218	241	295	215	215	201	201	236	236	194	194	147	147	200	200	179	179	216	228	205	205	119	119
TC20130	67914	77200	128	132	257	276	324	328	214	218	265	269	191	195	201	201	236	236	178	190	147	147	204	204	179	179	216	216	205	205	119	119
TC20131	67914	77200	126	128	257	257	311	324	218	230	265	273	195	231	201	201	236	236	178	182	147	147	200	204	179	179	216	216	205	205	119	119
TC20132	67914	77200	128	132	249	249	324	324	210	210	241	241	211	215	201	201	236	240	174	178	147	147	200	204	179	179	216	228	201	201	119	119
TC20133	67914	77200	128	128	268	276	324	328	214	230	241	265	195	215	201	201	236	236	174	182	147	147	204	204	179	179	216	228	201	205	119	119
TC20134	67914	77200	126	132	257	283	324	324	206	210	241	265	195	195	201	201	236	236	174	194	147	147	200	200	179	179	216	216	201	205	119	119
TC20135	67914	77200	128	132	257	283	315	328	218	218	241	265	211	215	201	201	236	236	174	182	147	147	200	204	179	179	216	216	205	205	119	119
TC20136	67914	77200	128	128	257	283	324	324	210	214	265	265	195	231	201	201	236	236	174	174	147	147	NA	NA	179	179	216	216	201	205	119	119
TC20137	67914	77200	128	128	276	276	328	328	210	214	265	269	191	195	201	201	236	236	174	190	131	147	200	204	179	179	216	228	205	205	119	119
TC20138	67914	77200	126	132	249	276	324	328	218	230	265	295	215	215	201	201	236	240	178	190	147	147	204	204	179	179	216	216	201	205	119	119
TC20139	67914	77200	128	132	276	276	311	324	218	230	265	265	195	231	197	201	236	240	182	186	131	147	200	204	179	179	216	228	201	205	119	119
TC20140	67914	77200	128	128	257	268	324	328	210	230	265	265	211	211	201	201	236	236	174	182	147	147	200	200	179	179	216	228	201	201	119	119
TC20141	67914	77200	126	132	249	283	324	328	218	230	265	265	211	215	197	201	240	240	174	182	147	147	200	200	179	179	216	216	201	201	119	119
TC20142	67914	77200	128	132	257	257	324	324	210	214	241	265	NA	NA	201	201	236	236	174	178	147	147	200	204	179	179	216	228	201	205	119	119
TC20143	67914	77200	132	132	257	276	324	324	210	214	265	265	195	215	201	201	232	236	174	190	147	147	200	204	179	179	216	216	201	205	119	119
TC20144	67914	77200	128	128	257	283	324	328	218	230	265	273	211	231	201	201	236	236	178	178	147	147	204	204	179	179	216	216	201	205	119	119
TC20145	67914	77200	132	132	249	249	324	328	210	210	265	265	211	215	201	201	236	240	174	182	147	147	200	200	179	179	216	216	205	205	119	119
TC20146	67914	77200	126	128	257	257	328	328	210	218	241	265	195	215	201	201	236	236	174	174	147	147	200	200	179	179	216	228	201	201	119	119
TC20147	67914	77200	NA	NA	249	283	324	328	206	218	241	241	195	195	201	201	236	236	174	174	131	131	200	204	179	179	NA	NA	205	205	119	119
TC20148	67914	77200	126	126	257	268	324	328	NA	NA	265	265	215	215	201	201	236	240	182	194	147	147	200	200	171	179	216	228	205	205	119	119
TC20149	67914	77200	128	132	257	283	328	328	214	230	265	273	195	215	201	201	240	240	174	178	131	131	200	204	179	179	216	228	201	205	119	119
TC20150	65375	71125	126	126	257	257	328	328	210	218	265	299	227	243	201	201	236	236	174	174	147	147	204	204	179	179	216	228	205	205	119	119
TC20151	65375	71125	126	126	257	257	328	328	NA	NA	269	269	215	223	201	201	236	236	178	190	135	147	204	204	179	179	216	216	205	205	119	119
TC20152	74099	67078	126	126	257	257	324	324	206	230	241	295	199	231	197	201	236	236	182	186	147	147	204	204	179	179	216	228	201	205	119	119
TC20153	71315	64029	126	126	249	276	328	328	210	218	273	295	203	231	197	201	236	236	178	190	147	147	204	204	179	179	228	228	201	201	119	119
TC20155	71315	64029	126	126	257	257	324	328	210	230	265	303	211	247	201	201	236	236	178	178	135	147	204	204	179	179	228	228	205	205	119	119
TC20156	71315	64029	126	126	249	257	324	324	210	218	269	299	211	215	201	201	236	240	178	178	135	135	200	200	171	179	228	228	205	205	119	119
TC20157	71315	64029	126	126	276	279	324	332	210	218	265	295	203	219	197	197	236	236	178	182	135	147	200	204	171	179	228	228	201	205	119	119
TC20158	71315	64029	126	126	260	279	324	328	210	218	241	269	179	215	NA	NA	236	240	194	199	147	147	200	204	171	171	216	228	205	205	119	119
TC20159	71315	64029	126	126	257	276	324	328	218	230	265	265	207	247	197	197	236	240	178	199	131	147	200	200	171	179	216	228	205	205	119	119
TC20160	71315	64029	126	126	257	260	324	328	210	218	241	241	179	219	197	201	236	240	178	190	135	147	204	204	179	179	216	228	201	205	119	119
TC20162Frank	71315	64029	126	126	249	257	324	332	210	218	265	269	207	215	197	201	236	240	186	194	135	147	204	204	171	179	216	228	201	205	119	119
TC20163Frank	71315	64029	126	126	249	257	324	324	218	218	265	269	215	215	197	201	240	240	190	199	131	147	200	204	171	179	216	228	205	205	119	119
TC20164	68474	66322	124	126	268	276	318	324	218	226	265	295	211	223	197	205	236	236	190	190	147	147	200	204	179	179	NA	NA	201	209	119	119
TC20165	68474	66322	126	126	257	276	318	328	218	226	237	269	207	223	201	201	236	236	182	190	135	147	204	204	179	179	216	228	201	201	119	119
TC20166	68474	66322	124	126	257	257	324	328	218	230	241	241	211	259	201	201	236	236	182	182	135	147	204	204	179	179	NA	NA	205	205	119	119
TC20167	68474	66322	126	126	257	268	328	328	202	214	241	269	223	231	201	201	236	236	186	194	135	147	204	204	179	179	NA	NA	205	205	NA	NA
TC20168	68474	66322	124	126	276	276	324	328	218	218	241	265	211	211	201	201	236	240	178	194	131	147	200	204	179	179	216	228	201	205	119	119
TC20170	68474	66322	126	126	257	268	324	328	214	218	241	265	223	223	201	201	236	240	182	182	147	147	204	204	179	179	228	228	205	205	119	119
TC20171	68474	66322	126	126	268	276	318	324	218	230	265	287	211	223	201	205	236	236	190	190	135	135	204	204	179	179	228	228	205	205	119	121
TC20172	68474	66322	126	126	276	283	NA	NA	218	230	241	269	211	219	201	201	236	236	182	194	135	147	200	204	179	179	228	228	205	205	119	119
TC20173	68474	66322	126	126	268	268	324	328	210	218	241	295	NA	NA	201	201	236	236	NA	NA	135	135	200	204	179	179	216	228	201	205	119	119
TC20174	68474	66322	126	126	276	279	324	328	218	218	265	295	223	227	197	205	236	240	NA	NA	135	147	204	204	179	179	228	228	205	205	119	119
TC20175	68474	66322	126	128	257	268	324	328	210	210	241	269	211	215	197	201	236	236	186	190	147	147	200	204	179	179	216	228	201	205	119	119
TC20176	68474	66322	126	132	257	257	318	324	214	218	265	295	215	223	201	201	236	236	186	190	135	147	204	204	179	179	NA	NA	205	205	117	119
TC20177	68474	66322	126	134	276	283	318	318	202	206	269	287	219	223	201	201	236	236	178	186	135	135	NA	NA	179	183	NA	NA	205	205	119	119
TC20178	68474	66322	126	132	257	257	324	324	210	218	265	265	211	223	197	205	236	236	182	190	135	147	204	204	179	179	216	228	205	205	119	119
TC20179	68474	66322	126	126	268	276	324	324	218	226	241	241	203	211	201	201	236	236	178	199	147	147	204	204	179	179	216	228	205	213	119	119
TC20180	68354	66683	126	126	276	283	318	324	218	218	241	265	219	231	197	201	236	236	178	190	131	147	204	204	179	183	228	228	205	209	119	119
TC20181	68354	66683	126	130	241	283	324	328	218	218	265	265	211	219	201	205	236	236	190	203	147	147	200	204	179	179	228	228	201	205	119	119
TC20182	68354	66683	126	126	268	283	324	324	214	226	265	295	195	215	201	201	236	240	186	194	135	135	200	200	179	179	216	228	201	201	119	119
TC20183	68354	66683	126	126	257	276	324	328	206	218	284	287	195	223	197	201	236	236	174	182	131	147	200	204	179	179	216	228	201	205	119	119
TC20184	68354	66683	126	132	241	268	324	324	222	230	241	273	215	219	197	205	236	236	190	190	135	135	204	204	179	179	228	228	201	205	119	119
TC20185	68354	66683	126	126	276	283	315	318	214	214	265	265	211	223	197	197	236	236	182	190	135	135	204	204	179	183	216	228	201	205	119	119
TC20186	68354	66683	126	130	257	268	324	328	210	226	241	269	191	255	201	205	236	236	186	190	147	147	204	204	179	179	216	228	205	205	119	119
TC20187	68354	66683	124	126	241	268	324	324	210	218	265	299	223	227	201	201	236	236	186	194	147	147	200	204	179	179	216	216	201	205	119	119
TC20188	68354	66683	126	134	257	268	324	324	210	230	241	291	215	231	201	201	236	240	190	194	147	147	204	204	179	179	216	228	205	205	119	119
TC20189	68354	66683	124	126	268	283	324	328	206	218	241	287	211	223	197	201	236	240	182	190	135	147	204	204	179	179	216	228	205	209	119	119
TC20190	68354	66683	126	132	257	268	318	324	218	230	265	277	187	223	201	201	236	240	178	178	135	147	204	204	179	179	216	228	201	205	119	119
TC20191	68354	66683	128	132	257	257	318	324	218	218	241	277	187	227	197	201	236	240	178	194	147	147	204	204	179	179	216	228	201	205	119	119
TC20192	68354	66683	126	132	249	257	324	328	210	218	241	265	211	231	197	201	240	240	174	194	147	147	200	200	179	179	216	216	205	205	119	119
TC20193	68354	66683	132	132	276	283	324	324	210	218	265	269	187	219	197	201	236	236	178	190	147	147	204	204	179	179	216	228	205	205	119	119
TC20194	68354	66683	126	126	257	276	324	324	210	214	269	295	191	215	197	201	236	240	194	194	135	147	204	204	179	179	216	216	201	205	119	119
TC20196	71020	63263	126	126	257	257	324	328	210	210	273	295	199	219	201	201	236	236	178	199	131	147	200	204	179	179	216	228	205	205	NA	NA
TC20197	71020	63263	NA	NA	257	257	311	324	218	222	241	265	211	215	201	201	236	236	182	190	131	135	204	204	179	179	216	228	205	205	119	119
TC20198	71020	63263	126	126	260	260	324	324	218	218	241	265	219	223	201	205	236	236	190	190	135	147	204	204	179	179	216	228	205	205	119	119
TC20199	71020	63263	126	126	268	276	324	324	218	230	265	269	215	231	201	201	236	240	190	190	131	131	204	204	179	179	228	228	201	201	119	119
TC20200	71020	63263	126	126	257	257	NA	NA	218	230	273	299	211	219	197	201	236	240	178	182	135	147	204	204	179	179	216	228	205	205	119	119
TC20202	71020	63263	NA	NA	257	257	324	328	210	218	265	269	231	235	197	201	236	240	178	194	135	147	200	204	179	179	228	228	201	205	NA	NA
TC20204	78444	68707	NA	NA	257	257	328	328	218	230	265	295	199	207	201	201	236	236	186	190	135	147	200	204	171	179	228	228	NA	NA	119	119
TC20205	61700	74155	126	132	257	276	311	332	218	230	265	265	207	219	201	201	236	240	158	199	135	147	200	204	179	179	216	216	201	201	119	119
TC20206	61700	74155	126	132	257	257	328	328	210	210	237	273	215	219	201	201	236	236	182	190	131	131	204	204	179	179	216	228	205	205	119	119
TC20207	61700	74155	126	126	257	276	311	332	230	230	265	295	195	207	197	197	236	236	178	199	135	147	204	204	179	179	216	228	201	201	119	119
TC20208	61700	74155	126	132	264	276	332	332	218	230	265	295	195	207	201	201	236	240	178	199	135	147	200	204	NA	NA	216	228	201	205	119	119
TC20209	61700	74155	126	132	257	276	328	332	210	230	237	265	219	219	201	201	236	236	158	190	131	147	200	204	179	179	216	228	201	205	119	119
TC20210	61700	74155	126	132	257	276	328	332	210	230	237	265	207	215	201	201	236	236	182	199	131	147	204	204	179	179	216	216	NA	NA	119	119
TC20211	61700	74155	126	132	257	257	328	332	210	218	265	273	207	215	201	201	236	240	190	199	131	135	204	204	179	179	216	216	205	205	119	119
TC20212	61700	74155	NA	NA	276	276	332	332	230	230	265	265	195	207	197	197	236	236	158	199	135	147	200	204	179	179	216	228	201	205	119	119
TC20213	65576	77001	128	128	257	276	324	328	210	214	265	265	211	215	201	201	236	236	182	194	147	147	200	200	179	179	216	216	201	205	119	119
TC20214	65595	77014	128	128	249	257	324	328	210	214	241	265	215	215	197	201	236	240	182	194	147	147	200	204	175	179	216	216	201	205	119	119
TC20215	65620	77023	128	128	257	276	324	324	210	214	241	265	215	215	201	201	236	240	178	178	147	147	204	204	179	179	216	216	205	205	119	119
TC20216	68166	78118	126	128	276	283	328	328	210	230	241	265	211	215	201	201	236	236	174	190	147	147	200	204	179	179	216	228	201	201	119	119
TC20217	68166	78118	126	126	257	276	311	328	214	218	265	269	191	211	197	201	236	240	174	194	147	147	200	200	179	179	216	228	205	205	119	119
TC20218	68166	78118	126	126	276	276	324	324	218	218	241	265	211	215	201	201	236	236	178	182	147	147	204	204	179	179	216	228	205	205	119	119
TC20220	68166	78118	128	128	257	276	328	328	218	218	241	265	215	231	201	201	236	236	190	194	147	147	200	204	179	179	216	216	201	205	119	119
TC20221	68166	78118	126	128	249	257	324	324	210	214	241	269	215	215	201	201	236	236	190	190	131	135	204	204	179	179	216	228	205	205	119	119
TC20222	68166	78118	126	128	257	276	324	324	210	230	265	269	191	195	201	201	236	236	182	190	147	147	200	204	175	179	228	228	201	205	119	119
TC20223	68166	78118	NA	NA	276	283	324	328	218	218	265	269	191	195	197	201	236	236	182	194	147	147	200	200	179	179	216	228	201	205	119	119
TC20224	68166	78118	126	128	257	283	324	328	230	230	265	295	215	215	201	201	236	240	174	182	131	147	200	200	175	179	216	216	205	205	119	119
TC20225	68166	78118	126	128	257	276	328	328	206	218	265	265	195	215	201	201	236	236	186	194	147	147	200	204	179	179	216	216	201	205	119	119
TC20226	68129	78105	126	128	257	257	328	328	210	218	265	295	191	215	201	201	240	240	174	194	131	147	200	200	179	179	216	228	205	205	119	119
TC20228	68129	78105	128	128	268	276	324	328	214	218	241	265	195	215	197	201	236	240	178	178	147	147	204	204	179	179	216	228	205	205	119	119
TC20230	68129	78105	128	128	257	276	315	328	210	218	265	265	195	231	201	201	236	236	174	182	147	147	200	204	179	179	NA	NA	205	205	119	119
TC20231	68129	78105	126	128	249	257	315	324	218	230	265	265	195	215	201	201	236	236	182	190	147	147	200	204	179	179	216	228	205	205	119	119
TC20232	68129	78105	NA	NA	257	268	324	328	218	218	265	269	191	215	201	201	236	236	178	182	131	135	204	204	175	179	216	228	205	205	119	119
TC20233	68129	78105	128	132	257	283	328	328	218	218	265	273	215	219	201	201	236	240	174	174	147	147	200	200	175	179	216	216	205	205	119	119
TC20234	68129	78105	126	126	257	257	328	328	214	230	241	265	195	215	201	201	236	236	178	190	147	147	204	204	175	179	216	228	201	205	119	119
TC20235	68129	78105	126	128	257	276	328	328	206	230	241	265	195	215	201	201	236	236	174	182	147	147	200	200	179	179	216	216	205	205	119	119
TC20236	67824	78229	126	128	257	276	324	328	218	226	241	241	195	215	201	201	236	236	174	178	147	147	200	204	171	179	216	228	201	205	119	119
TC20237	67824	78229	126	128	257	268	328	332	218	226	241	299	215	215	201	201	236	236	178	182	147	147	204	204	175	179	216	228	201	205	119	119
TC20238	67824	78229	126	132	257	257	315	324	230	230	265	273	215	231	201	201	236	240	178	178	135	147	204	204	179	179	216	228	205	205	119	119
TC20239	67824	78229	128	128	257	276	315	328	210	218	241	299	215	227	201	201	236	236	178	182	147	147	200	204	179	179	228	228	205	205	119	119
TC20240	67824	78229	128	128	257	268	315	328	214	214	241	287	199	215	201	201	236	236	178	190	147	147	204	204	175	179	228	228	201	201	119	119
TC20241	67824	78229	128	132	257	268	324	324	206	226	265	273	219	227	201	201	236	236	178	178	131	131	204	204	179	179	NA	NA	205	205	119	119
TC20242	67824	78229	128	128	257	257	324	328	214	226	241	299	215	227	201	201	236	236	178	182	139	147	204	204	179	179	216	228	201	205	119	119
TC20243	67824	78229	128	132	257	276	311	315	218	230	241	265	215	231	201	201	232	236	178	182	147	147	204	204	179	179	216	228	205	205	119	119
TC20244	67824	78229	126	126	NA	NA	315	315	226	230	291	295	207	215	201	201	236	240	174	182	147	147	200	204	179	179	228	228	205	205	119	119
TC20245	67824	78229	128	128	257	276	324	328	214	218	265	295	215	219	201	201	232	236	178	178	147	147	204	204	179	179	228	228	201	201	119	119
TC20246	67824	78229	126	128	257	276	324	328	214	218	241	265	195	219	201	201	236	236	174	182	139	147	200	204	171	179	228	228	201	205	119	119
TC20247	67824	78229	128	128	276	276	315	328	210	218	265	273	211	231	201	201	236	236	174	174	131	131	200	200	179	179	216	228	205	205	119	119
TC20248	67824	78229	126	126	257	268	328	328	230	230	269	295	211	215	201	201	236	236	178	182	147	147	200	204	179	179	216	228	201	201	119	119
TC20249	67824	78229	126	126	257	257	315	328	210	230	265	299	195	227	197	201	236	236	174	178	147	147	204	204	179	179	216	228	205	205	119	119
TC20250	67824	78229	NA	NA	257	268	328	328	218	218	265	265	211	211	201	201	236	240	178	178	131	147	204	204	175	179	228	228	201	205	119	119
TC20251	67824	78229	126	128	257	257	324	328	214	218	269	295	195	215	201	201	232	236	178	182	NA	NA	200	204	175	179	216	216	201	205	119	119
TC20252	74918	80369	126	132	249	257	315	328	230	234	265	299	215	223	197	201	236	240	174	178	131	131	200	204	179	179	216	228	201	201	NA	NA
TC20253	74918	80369	126	126	249	257	324	328	210	230	241	265	215	243	201	201	236	240	178	182	131	131	200	204	179	179	216	216	201	205	119	119
TC20254	74513	80217	126	126	249	260	324	324	230	234	241	299	223	231	197	205	240	240	174	178	131	131	204	204	171	179	216	228	205	205	119	119
TC20256	74513	80217	126	132	NA	NA	311	328	218	230	295	299	NA	NA	197	201	236	236	182	190	135	135	204	204	179	179	216	228	201	201	119	119
TC20257	74513	80217	126	126	249	268	328	328	218	230	295	295	231	243	197	201	236	240	174	182	131	147	204	204	179	179	216	216	201	205	119	119
TC20258	74513	80217	126	132	NA	NA	324	324	218	230	265	265	243	243	197	201	236	236	174	186	135	135	204	204	179	179	216	228	201	205	119	119
TC20259	74513	80217	132	132	257	268	324	324	210	218	241	269	247	271	197	201	236	236	182	207	147	147	NA	NA	171	179	216	228	201	205	119	119
TC20260	74513	80217	126	126	257	268	324	324	210	218	241	241	191	219	201	201	236	236	174	182	135	147	204	204	179	179	216	216	205	205	119	119
TC20261	74513	80217	126	126	257	257	328	332	210	230	241	295	243	271	201	201	236	236	174	186	131	147	204	204	179	179	216	228	201	205	119	119
TC20262	74513	80217	122	132	NA	NA	328	332	210	230	265	269	207	239	197	201	236	240	174	182	147	147	204	204	179	179	216	228	201	205	119	119
TC20263	74513	80217	126	126	257	283	328	328	210	234	237	265	195	227	197	201	236	240	178	194	131	147	204	204	179	179	228	228	201	201	119	119
TC20264	74513	80217	126	132	268	283	328	328	218	234	269	295	199	247	NA	NA	236	240	182	207	131	135	204	204	171	171	216	228	205	205	119	119
TC20265	74513	80217	126	126	257	257	324	328	230	230	241	299	219	239	197	201	240	240	178	182	131	147	200	204	179	179	216	228	201	205	119	119
TC20266	74513	80217	126	126	249	260	324	328	230	230	265	269	179	239	201	201	NA	NA	NA	NA	147	147	204	204	179	179	216	216	205	205	119	119
TC20267	74513	80217	126	126	257	283	324	328	210	210	241	269	215	243	197	201	236	236	174	178	135	135	204	204	179	179	216	216	205	205	119	119
TC20268	74513	80217	NA	NA	NA	NA	324	328	226	230	237	265	215	239	197	201	236	236	174	178	147	147	204	204	171	179	216	228	201	201	119	119
TC20269	74918	80369	126	132	249	257	324	328	214	218	295	299	195	231	197	205	236	240	174	182	131	147	204	204	171	179	216	216	205	205	119	119
TC20270	74918	80369	126	132	249	268	311	324	218	230	295	295	207	227	197	201	236	240	182	182	131	135	204	204	179	183	228	228	201	205	119	119
TC20271	74918	80369	NA	NA	249	257	328	328	218	230	241	265	195	227	197	201	236	236	190	194	131	131	204	204	179	179	216	228	201	205	119	119
TC20272	74918	80369	126	130	257	268	328	328	210	218	269	269	179	203	197	201	236	240	174	182	135	147	204	204	NA	NA	216	228	205	205	119	119
TC20273	74918	80369	126	132	257	283	324	328	210	214	241	241	211	252	201	201	236	240	182	194	147	147	204	204	171	179	216	228	205	205	119	119
TC20274	74918	80369	122	132	268	283	328	328	230	230	265	265	243	243	197	201	236	236	178	182	147	147	204	204	175	179	228	228	201	205	119	119
TC20275	74208	80110	126	126	NA	NA	328	328	218	218	269	269	231	271	201	201	236	240	182	186	131	131	204	204	179	179	216	216	201	205	119	119
TC20276	74208	80110	126	126	257	257	328	328	210	226	265	269	243	252	197	201	236	236	178	186	131	147	200	204	179	179	216	216	201	205	119	119
TC20277	74208	80110	126	126	249	283	315	328	230	234	237	241	195	231	197	205	236	240	174	190	131	131	200	204	179	179	216	228	201	205	119	119
TC20278	74208	80110	126	126	268	268	328	328	218	230	269	299	243	271	201	201	236	236	182	182	131	131	204	204	179	179	216	228	205	205	119	119
TC20279	74208	80110	124	126	268	283	324	328	206	210	241	269	223	243	201	201	240	240	174	190	131	135	204	204	179	179	216	228	201	201	119	119
TC20280	74208	80110	126	126	249	276	315	324	210	218	269	299	219	271	197	201	236	236	178	178	147	147	204	204	179	179	216	228	201	205	NA	NA
TC20281	74208	80110	122	126	249	268	324	328	210	222	265	269	239	266	201	201	236	236	182	182	131	147	204	204	179	179	216	228	205	205	119	119
TC20282	74208	80110	126	128	249	257	324	324	210	218	265	269	211	231	201	201	236	236	174	174	147	147	200	204	179	179	216	216	201	205	119	119
TC20283	74208	80110	126	126	249	257	315	324	210	230	237	295	195	271	201	201	236	236	178	190	135	147	204	204	179	179	216	228	201	205	119	119
TC20284	74208	80110	126	132	257	268	324	324	210	222	265	295	215	247	197	201	236	236	178	178	131	135	200	204	171	179	216	216	201	205	119	119
TC20285	74208	80110	120	122	276	283	324	328	210	222	241	265	243	252	197	201	236	240	174	182	147	147	204	204	171	179	216	216	201	205	119	119
TC20286	74208	80110	122	126	249	257	324	328	218	230	241	265	215	227	197	201	236	240	182	182	131	147	204	204	171	179	216	216	201	205	119	119
TC20287	74208	80110	126	126	257	283	324	328	210	234	265	299	219	231	197	201	236	240	174	186	147	147	204	204	179	179	216	228	201	205	119	119
TC20288	74208	80110	126	126	257	283	324	324	210	226	265	299	195	243	201	201	236	236	174	178	131	131	200	204	179	179	216	216	201	205	119	119
TC20289	74208	80110	122	126	249	268	311	324	210	230	265	299	239	239	197	201	236	240	190	190	131	131	204	204	179	179	228	228	201	205	119	119
TC20290	74208	80110	132	132	268	283	324	328	210	230	269	295	247	271	197	201	236	236	174	186	147	147	204	204	171	179	216	216	201	205	119	119
TC20291	78444	68707	126	128	257	257	324	324	210	230	265	269	207	231	197	201	232	236	174	178	135	135	200	204	171	179	216	228	205	205	119	119
TC20292	63912	69302	126	132	257	276	328	328	218	230	295	299	191	235	201	201	236	236	178	182	135	147	204	204	179	179	228	228	201	205	119	119
TC20293	63912	69302	126	132	276	276	328	328	210	218	265	269	199	227	197	201	236	236	174	194	135	147	200	204	171	179	216	228	201	201	119	119
TC20294	63912	69302	126	126	257	257	328	328	218	230	237	269	195	215	201	201	236	236	182	182	135	135	204	204	179	179	216	216	205	205	119	119
TC20295	66596	78037	128	128	257	268	324	328	214	218	241	265	195	215	201	201	236	240	174	190	147	147	200	204	179	179	216	228	205	205	119	119
TC20296	66596	78037	132	132	257	283	328	328	214	230	273	291	199	231	201	201	236	236	178	182	135	147	204	204	179	179	216	216	201	205	119	119
TC20325	68815	99256	126	126	257	257	324	328	230	234	261	265	207	219	201	201	236	236	174	182	131	147	200	204	179	179	228	228	205	205	119	119
TC20326	68815	99256	120	126	257	276	324	328	230	234	265	287	207	215	197	197	236	236	174	178	135	135	204	204	179	179	228	228	205	205	119	119
TC20327	68815	99256	122	126	249	257	324	328	234	234	241	265	223	247	197	201	236	236	190	207	131	135	204	204	179	179	216	228	205	205	119	119
TC20328	68815	99256	122	126	268	283	324	332	230	234	261	269	219	223	197	201	236	240	190	190	135	147	204	204	179	179	216	228	201	205	119	119
TC20329	68815	99256	122	126	249	268	324	332	230	234	237	261	219	223	197	201	236	240	178	210	131	135	204	204	179	179	216	228	201	205	119	119
TC20330	68815	99256	122	132	241	268	324	328	230	234	261	269	219	223	201	201	236	236	178	210	131	135	204	204	179	179	216	228	201	205	119	119
TC20331	68815	99256	126	126	260	283	324	328	230	234	241	269	219	247	197	201	236	240	186	190	147	147	204	204	179	179	216	228	205	205	119	119
TC20332	68815	99256	120	126	276	283	328	328	230	230	261	265	215	215	201	201	236	236	174	178	131	147	NA	NA	179	179	216	228	201	205	119	119
TC20333	68815	99256	126	126	257	283	324	328	230	234	261	261	211	219	197	201	236	236	190	210	131	135	204	204	179	179	216	228	205	205	119	119
TC20334	72137	99081	122	126	257	257	328	328	230	230	241	265	219	271	201	201	236	236	178	182	135	147	200	204	179	179	228	228	201	205	119	119
TC20335	72137	99081	120	126	276	283	328	328	210	226	241	265	215	219	201	201	236	236	170	186	147	147	204	204	179	179	216	228	205	205	119	119
TC20336	72137	99081	126	126	257	268	324	328	230	230	261	269	215	219	201	201	236	236	178	186	131	135	204	204	179	179	216	228	205	209	119	119
TC20337	72137	99081	126	126	257	260	328	328	230	230	265	269	215	235	201	201	236	240	178	178	131	147	200	204	179	179	216	228	201	205	119	119
TC20338	72137	99081	120	122	249	257	328	328	230	234	265	265	215	219	197	197	236	236	182	210	147	147	204	204	179	179	216	228	201	205	119	119
TC20341	72137	99081	NA	NA	249	268	NA	NA	230	230	265	269	215	255	201	201	236	236	178	178	131	131	200	204	179	179	228	228	201	205	119	119
TC20342	72137	99081	122	126	260	268	324	332	218	230	261	269	219	219	201	201	236	240	178	186	147	147	204	204	179	179	216	216	201	205	119	119
TC20343	72137	99081	126	126	241	268	324	328	218	230	241	265	211	219	197	201	236	240	182	186	131	131	204	204	179	179	216	228	205	205	119	119
TC20347	72187	98483	126	126	260	268	324	332	218	230	241	269	179	215	197	201	236	236	186	190	147	147	204	204	179	179	216	228	205	205	119	119
TC20348	72187	98483	126	126	268	276	328	332	218	230	241	265	215	219	201	205	236	236	178	186	131	147	NA	NA	179	179	216	228	201	205	119	119
TC20349	72187	98483	126	126	257	283	328	328	218	218	261	265	215	219	201	201	236	236	178	182	131	147	200	204	179	179	216	228	201	205	119	119
TC20350	72187	98483	124	126	241	257	328	328	218	218	265	269	215	219	197	201	236	236	186	190	131	147	204	204	179	179	216	228	205	205	119	119
TC20351	72187	98483	124	126	268	283	328	328	230	234	241	265	211	215	201	201	236	236	178	182	147	147	204	204	179	179	216	216	201	201	119	119
TC20352	72187	98483	120	126	257	283	328	328	218	230	241	265	219	247	197	197	236	240	178	186	131	131	200	204	179	179	216	216	205	205	119	119
TC20353	72187	98483	126	126	260	276	324	328	210	234	241	265	215	255	201	201	236	236	186	186	135	147	200	204	179	179	216	228	201	205	119	119
TC20354	72187	98483	126	126	257	257	324	324	230	234	261	287	219	223	197	201	236	236	190	190	147	147	204	204	179	179	216	228	205	205	119	119
TC20355	74824	93388	126	126	257	268	328	328	218	230	237	303	211	231	197	201	240	240	174	186	135	135	200	204	179	183	216	228	205	205	119	119
TC20356	74824	93388	126	126	257	283	328	332	230	234	265	269	195	203	201	201	236	236	174	182	135	147	204	204	179	179	216	228	205	205	119	119
TC20357	74824	93388	NA	NA	268	268	324	328	210	218	237	269	211	219	197	201	232	236	178	182	135	135	200	204	179	179	216	228	205	205	119	119
TC20358	74824	93388	126	126	272	276	324	328	230	234	273	299	219	227	197	201	236	236	174	190	135	147	204	204	179	179	228	228	201	205	119	119
TC20362	74824	93388	126	126	257	276	328	328	210	218	237	273	203	227	197	197	236	240	178	182	135	135	200	204	179	183	216	228	201	205	119	119
TC20363	74824	93388	126	126	257	283	324	328	222	230	265	273	211	227	201	201	236	236	178	178	135	135	204	204	179	179	228	228	201	205	119	119
TC20364	74824	93388	126	126	272	283	328	328	230	230	265	273	195	223	201	201	236	236	178	178	135	135	200	204	179	179	216	228	201	205	119	119
TC20365	74824	93388	126	126	257	268	324	332	210	218	237	295	223	231	197	197	232	240	178	178	135	135	204	204	179	179	216	216	201	205	119	119
TC20366	74824	93388	126	126	276	276	324	328	214	230	287	295	219	223	201	201	232	236	182	186	135	135	204	204	171	179	216	216	205	205	119	119
TC20367	74824	93388	126	126	257	283	328	332	218	230	237	295	223	231	197	201	236	236	174	190	135	147	204	204	179	179	216	216	205	205	119	119
TC20368	74824	93388	126	126	257	257	324	328	210	230	265	265	195	211	197	201	236	240	178	182	131	135	204	204	179	179	216	228	205	205	119	119
TC20369	74824	93388	126	126	268	272	324	332	218	218	295	303	207	223	197	201	236	240	174	182	135	147	204	204	179	183	228	228	205	205	119	119
TC20370	72847	93058	126	126	241	257	324	328	230	238	269	269	207	247	197	201	236	240	178	178	131	147	200	204	175	179	216	228	205	205	119	119
TC20371	72847	93058	126	126	257	268	328	328	218	218	295	295	195	207	197	201	236	236	174	178	147	147	204	204	179	179	216	216	205	205	119	119
TC20372	72847	93058	126	126	268	268	324	328	210	230	269	295	207	243	197	201	236	240	174	190	131	147	204	204	179	179	216	228	201	205	119	119
TC20373	72847	93058	126	126	241	268	328	328	218	230	237	241	211	215	197	201	236	236	178	178	131	147	204	204	179	179	216	228	205	205	119	119
TC20374	72847	93058	126	126	241	257	324	328	218	230	265	265	211	219	197	201	236	236	178	190	131	131	200	204	171	179	216	216	205	205	119	119
TC20375	72847	93058	126	126	257	268	328	328	210	230	237	241	215	219	201	201	240	240	178	186	131	147	200	204	179	179	216	216	205	205	119	119
TC20376	72847	93058	126	126	241	257	324	328	218	218	265	299	219	252	201	201	240	240	186	190	131	147	200	204	179	179	216	228	193	205	119	119
TC20377	72847	93058	126	128	276	276	324	328	218	230	265	295	215	223	201	201	236	236	178	178	131	147	204	204	179	179	228	228	205	205	119	119
TC20378	72847	93058	126	126	257	257	324	324	230	238	265	269	219	223	201	201	236	236	186	190	135	147	204	204	179	179	216	216	205	205	119	119
TC20379	72847	93058	126	126	241	257	324	328	226	230	269	269	219	235	197	201	236	236	178	178	131	147	200	204	171	175	216	216	205	205	119	119
TC20380	72847	93058	126	126	257	279	324	328	218	230	241	269	215	215	197	201	236	236	174	186	131	135	204	204	175	179	228	228	205	205	119	119
TC20381	72847	93058	126	126	241	257	324	328	218	230	265	295	215	247	197	197	236	240	178	186	135	147	NA	NA	175	179	216	228	NA	NA	119	119
TC20382	72847	93058	126	126	241	276	324	324	230	230	241	265	219	219	197	197	236	236	178	182	131	135	204	204	179	179	216	216	201	205	119	119
TC20383	72847	93058	126	126	276	283	324	328	218	218	241	299	215	252	201	201	236	240	178	190	131	131	204	204	179	179	216	228	205	205	119	119
TC20384	72693	93481	126	126	276	276	328	328	230	234	241	265	215	215	197	201	236	236	190	190	131	135	204	204	175	179	216	228	205	205	119	119
TC20385	72693	93481	126	126	257	268	324	332	218	218	237	265	215	279	197	201	236	240	174	190	131	147	204	204	179	183	216	228	205	205	119	119
TC20386	72693	93481	126	126	257	257	328	328	218	230	265	265	219	271	201	201	236	236	178	182	131	135	204	204	179	179	216	216	205	205	119	119
TC20387	72693	93481	126	126	257	257	328	328	230	230	269	295	207	271	201	201	236	236	178	182	131	135	204	204	175	179	216	228	205	205	119	119
TC20388	72693	93481	126	126	257	276	328	332	210	234	265	269	219	279	197	201	236	236	178	186	131	131	200	204	179	179	216	216	205	205	119	119
TC20389	72693	93481	126	126	268	276	328	328	230	234	241	265	219	219	197	197	236	236	178	186	131	147	204	204	179	179	216	216	205	205	119	119
TC20390	72693	93481	126	126	268	268	324	328	210	210	269	273	207	223	201	201	236	236	182	186	147	147	204	204	171	179	216	228	201	205	119	119
TC20391	72693	93481	126	126	257	257	328	328	230	230	241	265	215	219	197	201	236	240	174	182	131	135	204	204	179	183	216	216	201	205	119	119
TC20392	72693	93481	126	128	268	268	328	332	210	230	237	269	219	271	197	201	236	240	178	186	131	147	200	204	179	179	216	216	205	205	119	119
TC20393	72693	93481	126	126	268	279	328	328	230	230	237	265	207	211	197	201	236	236	178	182	131	147	204	204	179	179	216	216	205	205	119	119
TC20394	72693	93481	126	126	268	268	328	328	230	230	237	273	207	219	201	201	236	236	186	190	147	147	204	204	171	179	228	228	NA	NA	119	119
TC20395	72693	93481	126	126	268	268	328	328	210	230	265	265	211	219	201	205	236	236	178	178	131	147	200	204	179	179	216	228	201	205	119	119
TC20396	72693	93481	126	126	268	268	328	332	230	234	237	237	199	219	197	201	236	236	182	190	131	147	200	204	179	179	216	228	205	205	119	119
TC20397	72693	93481	126	126	257	268	324	328	230	234	237	295	207	227	197	201	236	236	178	186	131	131	204	204	179	179	216	228	205	205	119	119
TC20398	72693	93481	126	126	257	283	324	328	230	238	237	265	219	219	197	201	236	236	178	178	147	147	204	204	179	183	216	216	201	201	119	119
TC20399	72372	93316	126	126	257	268	324	328	210	230	237	265	215	219	201	201	236	236	186	186	135	147	204	204	179	179	216	228	201	201	119	119
TC20400	72372	93316	126	126	257	257	324	328	230	234	265	295	207	207	205	205	236	240	178	182	131	135	204	204	179	179	216	216	205	205	119	119
TC20401	72372	93316	126	126	268	268	324	328	230	230	265	265	211	231	197	201	236	240	178	182	131	147	204	204	179	179	228	228	205	205	119	119
TC20402	72372	93316	126	126	257	268	324	328	206	218	265	303	219	223	201	201	236	236	178	186	147	147	NA	NA	179	179	216	228	201	205	119	119
TC20403	72372	93316	126	126	268	268	324	328	210	218	265	269	219	223	197	201	236	240	174	190	147	147	204	204	179	179	228	228	205	205	119	119
TC20404	72372	93316	126	126	241	257	324	328	226	230	237	265	219	219	197	197	236	236	182	182	131	135	204	204	175	179	216	228	205	205	119	119
TC20405	72372	93316	126	126	257	268	328	328	210	230	265	265	219	219	197	197	236	236	178	178	131	147	200	204	179	179	216	216	201	205	119	119
TC20406	72521	93406	126	126	241	257	324	328	230	230	241	241	215	219	197	197	236	240	178	178	135	147	204	204	179	179	216	216	205	205	119	119
TC20407	72521	93406	126	126	257	257	320	328	218	230	265	269	219	279	197	201	236	236	178	186	131	135	200	204	179	179	216	216	205	205	119	119
TC20408	72521	93406	126	126	241	283	324	328	222	230	241	273	215	219	197	197	236	236	178	178	131	147	204	204	179	179	216	228	205	205	119	119
TC20409	72521	93406	126	126	268	279	328	328	218	230	237	269	215	219	197	201	236	240	178	186	131	131	200	204	179	179	228	228	205	205	119	119
TC20410	72521	93406	126	126	257	276	324	332	218	234	237	245	215	215	197	201	236	236	174	178	131	147	204	204	171	179	216	228	205	205	119	119
TC20411	72521	93406	126	126	241	257	328	328	218	230	241	269	211	215	197	201	240	240	182	186	131	131	204	204	179	179	216	216	201	205	119	119
TC20412	72821	95761	126	126	257	268	324	328	234	234	261	295	195	223	201	201	236	236	178	178	147	147	204	204	179	179	216	216	201	205	119	119
TC20413	72821	95761	122	126	249	257	328	328	218	234	269	287	219	263	201	201	236	236	178	182	131	135	204	204	179	179	216	216	201	205	119	119
TC20414	72821	95761	122	126	241	257	324	328	210	234	241	261	223	247	201	201	236	236	178	210	135	135	204	204	171	179	216	228	201	205	119	119
TC20415	72821	95761	122	126	257	268	324	324	218	218	261	265	223	235	201	201	236	236	178	190	131	147	204	204	179	179	216	216	201	205	119	119
TC20417	71734	95725	126	132	257	257	324	324	230	234	261	261	219	247	201	201	236	236	178	210	131	135	204	204	179	179	216	216	201	205	119	119
TC20418	71734	95725	122	126	249	268	324	324	210	210	NA	NA	219	219	201	201	236	236	190	210	131	135	204	204	179	179	NA	NA	201	201	119	119
TC20419	71734	95725	122	126	268	268	324	328	230	234	241	261	247	247	201	201	236	236	178	178	135	135	204	204	179	179	216	228	201	205	119	119
TC20420	71734	95725	126	132	241	257	324	328	210	234	241	261	223	247	201	201	236	236	182	186	131	135	200	204	179	179	216	216	201	205	119	119
TC20421	71734	95725	122	126	249	268	315	324	210	230	261	269	219	223	201	201	236	236	210	210	147	147	204	204	179	179	216	216	NA	NA	119	119
TC20422	71734	95725	122	126	268	268	328	328	210	230	261	269	219	219	201	201	236	236	186	190	131	135	200	204	179	179	216	228	NA	NA	119	119
TC20423	71734	95725	122	126	260	264	324	324	210	230	261	269	223	247	201	201	236	236	178	210	131	147	204	204	179	179	216	216	201	205	119	119
TC20424	71734	95725	122	122	257	260	324	324	210	230	241	261	215	247	201	201	236	236	178	190	135	147	204	204	179	179	228	228	201	205	119	119
TC20425	71734	95725	122	126	257	257	324	324	230	234	241	261	219	247	201	201	236	236	178	210	131	135	204	204	179	179	216	216	201	205	119	119
TC20426	71734	95725	124	132	249	268	324	324	230	234	269	295	215	219	201	201	236	236	178	186	135	135	204	204	179	179	216	216	201	205	119	119
TC20427	71734	95725	122	126	249	257	324	324	234	234	261	269	191	215	201	201	236	236	190	210	131	135	204	204	179	179	216	216	205	205	119	119
TC20428	71734	95725	122	126	241	264	324	328	230	234	241	269	219	247	201	201	236	236	210	210	131	135	204	204	171	179	216	228	201	201	119	119
TC20429	71734	95725	122	126	264	264	324	324	234	234	237	261	191	247	201	201	236	236	178	210	131	135	204	204	179	179	216	216	201	205	119	119
TC20430	71734	95725	122	132	257	268	315	328	210	230	241	261	247	247	201	201	236	236	186	190	147	147	204	204	179	179	216	228	201	205	119	119
TC20431	71734	95725	126	126	257	260	324	328	230	234	241	269	215	247	201	201	236	236	178	210	135	147	204	204	179	179	216	216	NA	NA	119	119
TC20432	71734	95725	126	132	257	283	324	324	210	234	261	269	215	223	201	201	236	236	186	210	147	147	200	204	179	179	228	228	201	201	119	119
TC20433	72271	96044	126	132	257	257	324	324	210	210	237	261	191	247	201	201	236	236	NA	NA	131	147	204	204	179	179	228	228	201	205	119	119
TC20434	72271	96044	126	126	249	264	328	328	210	234	241	261	223	223	201	201	236	236	186	210	135	147	200	204	179	179	216	216	201	201	119	119
TC20435	72271	96044	122	126	249	257	324	328	230	234	261	269	219	247	201	201	236	236	210	210	131	135	204	204	179	179	216	216	NA	NA	119	119
TC20436	72271	96044	122	126	249	276	324	324	230	234	265	269	215	215	201	201	236	236	186	210	147	147	204	204	183	183	216	228	201	205	119	119
TC20437	72821	95761	120	122	257	257	324	328	234	234	269	295	219	223	201	201	236	236	178	178	131	131	204	204	179	179	216	228	NA	NA	119	119
TC20438	65443	96160	120	124	249	276	328	332	230	234	265	265	191	215	201	201	232	236	174	178	131	147	200	204	179	179	228	228	205	205	119	119
TC20439	65443	96160	126	126	260	283	328	328	210	210	265	295	215	215	197	201	236	236	178	190	131	147	200	204	179	179	216	228	201	205	119	119
TC20440	65443	96160	120	126	260	283	328	332	230	234	241	265	211	215	201	201	232	236	178	178	131	147	200	204	179	179	216	228	201	205	119	119
TC20441	65443	96160	126	126	257	272	324	328	210	230	287	295	215	219	201	201	232	236	178	182	131	131	200	204	179	179	216	228	201	201	119	119
TC20442	65443	96160	126	126	260	283	328	332	210	230	241	295	195	199	201	201	232	236	174	186	131	135	200	204	179	179	216	228	201	205	119	119
TC20443	67033	96216	120	126	257	283	328	332	226	230	265	295	191	215	201	201	232	236	174	178	131	135	200	200	179	179	216	228	201	205	119	119
TC20444	67100	96185	120	126	257	276	324	328	230	230	237	295	211	215	201	201	236	236	178	186	135	147	204	204	179	179	216	216	205	205	119	119
TC20445	67100	96185	126	126	276	276	324	328	210	230	237	265	215	215	201	201	236	240	178	186	131	131	200	204	179	179	216	216	205	205	119	119
TC20446	64871	92679	120	126	257	257	324	328	210	234	265	269	179	203	197	201	236	236	182	190	147	147	204	204	179	179	216	228	201	205	119	119
TC20447	64871	92679	126	126	249	279	324	328	210	230	237	269	219	219	197	201	236	236	178	190	131	147	204	204	179	179	216	228	205	205	119	119
TC20448	64871	92679	126	132	257	283	324	332	210	226	269	273	211	227	201	201	236	236	182	186	131	147	200	204	179	179	216	228	205	209	119	119
TC20449	64871	92679	122	126	276	283	324	328	234	234	237	295	191	203	197	201	236	236	178	178	135	135	204	204	179	179	216	228	201	205	119	119
TC20450	64871	92679	126	134	257	257	324	328	230	230	265	269	219	223	201	201	236	240	182	190	131	135	200	204	179	179	216	228	205	205	119	119
TC20451	64871	92679	126	132	260	276	324	328	218	226	269	295	219	227	201	201	236	236	178	178	135	147	204	204	179	179	228	228	201	209	119	119
TC20452	64871	92679	122	132	257	268	324	328	234	234	237	241	174	203	197	197	236	236	178	182	131	131	200	204	179	179	216	228	205	209	119	119
TC20453	64871	92679	126	132	257	260	328	332	230	230	291	299	191	211	201	201	236	236	178	182	131	147	204	204	179	179	216	228	201	209	119	119
TC20454	64871	92679	126	132	257	283	324	328	218	222	237	265	203	215	201	201	236	236	182	186	131	147	200	204	179	179	216	228	201	205	119	119
TC20455	64871	92679	126	130	257	283	324	328	210	230	269	269	203	219	201	201	236	240	174	190	147	151	204	204	179	179	216	216	205	205	119	119
TC20456	64871	92679	126	132	283	283	324	324	218	230	237	269	179	191	197	197	236	236	182	182	135	147	204	204	179	179	216	228	205	205	119	119
TC20457	64871	92679	122	122	257	283	324	328	226	230	269	269	179	203	197	201	236	236	182	186	131	147	200	204	179	179	228	228	NA	NA	119	119
TC20458	64871	92679	120	126	249	257	324	328	226	230	237	295	203	223	201	201	236	236	186	186	131	147	204	204	179	179	228	228	NA	NA	119	119
TC20459	64871	92679	126	132	249	257	324	324	218	230	269	269	219	223	197	201	236	236	174	190	131	151	204	204	179	179	216	228	201	205	119	119
TC20460	64871	92679	126	126	257	283	324	324	210	210	265	269	203	227	197	201	236	236	186	190	135	147	204	204	179	179	216	228	205	205	119	119
TC20461	64871	92679	120	132	260	276	328	328	230	230	237	265	215	219	197	201	236	236	186	190	135	147	204	204	179	179	228	228	201	201	119	119
TC20462	64699	92326	126	132	268	276	324	328	210	210	241	299	203	239	201	201	236	236	182	186	147	147	204	204	179	179	228	228	201	205	119	119
TC20463	64699	92326	120	126	276	283	324	324	230	230	237	273	211	227	201	201	236	236	174	190	135	147	204	204	179	179	216	228	201	205	119	119
TC20464	64699	92326	126	132	268	276	328	328	210	226	265	265	215	227	197	201	236	236	190	190	131	135	204	204	179	179	216	228	205	205	119	119
TC20465	64699	92326	120	126	257	283	324	328	210	230	237	299	227	239	197	205	236	236	182	182	131	147	NA	NA	179	179	228	228	205	205	119	119
TC20466	64699	92326	126	132	257	268	324	328	226	230	241	265	203	223	197	201	236	236	174	178	131	147	204	204	171	179	220	228	205	205	119	119
TC20467	64699	92326	126	126	257	257	328	328	230	230	241	269	219	223	201	209	236	236	NA	NA	131	135	204	204	171	179	228	228	205	205	119	119
TC20468	64699	92326	126	132	268	283	328	328	202	210	273	299	211	239	197	201	236	240	174	182	131	147	204	204	175	179	216	228	201	205	119	119
TC20469	64699	92326	126	132	257	283	324	332	230	230	237	265	191	223	197	201	236	240	182	190	131	147	204	204	179	179	216	228	201	205	119	119
TC20470	64888	92461	122	126	257	268	290	324	210	230	237	265	203	215	197	201	236	236	182	186	131	147	204	204	179	179	228	228	201	205	119	119
TC20471	64888	92461	120	126	257	283	324	324	210	230	241	265	174	191	197	201	236	236	178	182	131	147	204	204	179	179	228	228	205	205	119	119
TC20472	64888	92461	126	126	283	283	328	332	230	234	269	295	191	191	201	201	236	236	178	182	131	131	204	204	179	179	228	228	205	205	119	119
TC20473	64888	92461	132	132	268	283	328	328	226	230	237	265	203	215	197	201	236	236	178	186	131	147	204	204	179	179	216	216	201	205	119	119
TC20474	64888	92461	126	126	268	283	324	328	218	230	295	299	191	215	201	201	236	236	182	182	131	147	204	204	179	179	228	228	201	205	119	119
TC20475	64888	92461	126	132	249	257	324	328	218	230	269	269	219	223	197	201	236	240	170	186	131	131	204	204	179	179	228	228	201	205	119	119
TC20476	64888	92461	126	132	276	276	324	324	230	234	269	269	203	223	197	201	236	240	178	186	131	147	204	204	179	179	216	228	205	205	119	119
TC20477	64888	92461	126	126	257	283	328	328	210	226	241	269	215	223	197	201	236	236	174	190	131	147	204	204	179	179	216	228	205	209	119	119
TC20478	64888	92461	126	126	260	283	324	328	222	226	237	265	219	227	197	197	236	236	190	190	131	131	204	204	179	179	216	228	205	205	119	119
TC20479	64888	92461	126	132	257	283	311	328	210	218	237	269	219	239	201	201	236	236	178	186	131	131	204	204	179	179	228	228	NA	NA	119	119
TC20480	64888	92461	132	132	276	283	324	332	226	230	273	295	211	219	197	209	236	236	170	182	131	131	200	204	179	179	228	228	205	205	119	119
TC20481	64888	92461	126	126	283	283	324	324	230	230	265	269	179	219	197	201	236	236	182	182	147	151	204	204	179	179	216	228	209	209	119	119
TC20482	58783	90869	126	128	257	257	324	328	218	230	237	265	211	215	197	197	236	236	178	178	131	147	204	204	179	179	216	228	205	205	119	119
TC20483	58783	90869	128	128	249	249	324	328	226	230	245	269	179	191	201	201	236	236	174	182	131	147	204	204	179	179	216	228	205	205	119	119
TC20484	58783	90869	126	126	276	283	324	328	218	230	265	269	179	219	197	201	236	236	174	178	135	135	204	204	179	179	216	228	205	205	119	119
TC20485	58783	90869	126	128	249	249	320	324	226	230	241	269	191	227	197	197	236	236	174	182	131	147	204	204	179	179	216	228	205	205	119	119
TC20486	58783	90869	126	126	249	283	324	328	226	230	265	269	215	219	197	197	236	240	178	182	131	135	204	204	179	183	216	228	205	205	119	119
TC20487	58954	91447	120	120	276	276	320	328	218	218	265	299	211	215	201	205	236	236	182	203	131	139	204	204	179	179	216	228	205	205	119	119
TC20488	58954	91447	126	126	276	283	328	328	226	234	241	265	207	227	197	205	236	236	182	182	131	147	204	204	179	179	228	228	201	201	119	119
TC20489	58954	91447	126	128	249	257	328	328	210	230	269	269	203	203	197	197	236	236	178	182	131	135	204	204	171	179	216	228	205	205	119	119
TC20490	58954	91447	126	132	257	276	328	328	206	210	237	269	215	227	197	197	236	236	174	203	135	147	200	204	179	179	216	216	205	205	119	119
TC20491	58954	91447	126	128	NA	NA	328	328	226	230	265	295	211	227	197	197	236	236	182	190	131	147	204	204	171	179	216	228	205	205	119	119
TC20492	58954	91447	126	132	257	276	328	328	206	230	265	265	215	223	197	201	236	236	182	182	131	147	NA	NA	179	183	216	228	205	205	119	119
TC20493	58954	91447	126	128	276	276	328	332	206	230	241	295	179	219	197	201	236	240	182	182	131	131	204	204	179	179	216	228	205	205	119	119
TC20494	58954	91447	126	128	257	283	328	328	218	230	265	269	203	215	197	201	236	236	186	203	131	131	200	204	179	179	216	216	205	205	119	119
TC20495	58954	91447	NA	NA	249	276	328	328	218	234	265	265	211	211	201	201	236	236	182	190	135	147	200	204	179	179	216	228	205	205	119	119
TC20496	58954	91447	126	128	257	276	320	324	218	226	265	265	191	191	197	201	236	244	178	182	131	135	204	204	179	179	216	216	205	205	119	119
TC20497	58954	91447	126	128	249	253	328	332	218	230	265	295	179	227	197	205	236	236	178	182	131	131	204	204	171	179	216	228	201	205	119	119
TC20498	58954	91447	128	128	257	276	328	328	230	230	241	265	211	215	197	201	236	240	174	207	131	135	204	204	179	179	216	228	205	209	119	119
TC20499	58954	91447	NA	NA	276	276	328	328	218	226	269	295	191	211	197	201	236	236	186	186	131	131	204	204	179	179	228	228	205	205	119	119
TC20500	58954	91447	126	126	253	276	328	328	230	230	241	265	199	215	201	201	236	236	178	178	131	131	204	204	179	179	216	216	201	205	119	119
TC20501	58954	91447	126	128	NA	NA	324	328	206	234	265	269	207	211	197	201	236	236	166	203	131	135	200	204	171	179	228	228	205	205	119	119
TC20502	58954	91447	120	126	260	276	328	328	218	226	265	269	191	223	197	197	236	236	174	190	131	131	NA	NA	179	179	216	216	NA	NA	119	119
TC20503	59433	89993	126	126	257	257	328	328	210	230	265	265	227	255	201	201	236	236	182	186	131	147	204	204	179	179	216	228	205	205	119	119
TC20504	59433	89993	126	126	257	283	328	328	226	234	265	265	219	255	197	205	236	240	182	190	147	147	204	204	171	179	228	228	201	205	119	119
TC20505	59433	89993	126	128	257	283	328	328	226	230	265	295	223	231	197	201	236	236	174	190	147	147	204	204	179	179	228	228	205	205	119	119
TC20506	59433	89993	126	132	257	257	328	328	226	234	241	265	211	255	201	201	236	236	178	190	147	147	204	204	179	179	216	228	205	205	119	119
TC20507	59433	89993	126	132	257	276	328	328	234	234	265	265	211	255	197	201	240	240	190	190	131	147	204	204	179	179	228	228	201	205	119	119
TC20508	59433	89993	126	126	276	283	328	328	226	230	265	265	219	255	197	201	236	236	182	190	147	147	204	204	179	179	216	228	201	205	119	119
TC20509	59433	89993	126	126	257	257	328	328	230	234	265	265	211	223	201	201	236	240	186	186	147	147	204	204	179	179	216	228	201	205	119	119
TC20510	59433	89993	126	126	257	257	328	328	226	230	265	265	219	223	201	201	236	236	174	186	131	135	204	204	179	179	216	228	205	205	119	119
TC20511	60342	89764	126	126	253	276	324	328	226	226	265	273	215	219	201	205	236	236	178	182	135	147	200	204	179	179	216	228	201	201	119	119
TC20512	60342	89764	126	126	249	260	324	324	218	226	237	265	191	219	201	201	236	240	174	182	147	147	200	204	179	179	216	228	205	205	119	119
TC20513	60342	89764	126	126	249	257	324	328	226	226	237	269	179	191	197	201	236	236	178	178	147	147	204	204	179	179	216	228	201	205	119	119
TC20514	60342	89764	126	126	257	257	328	328	230	230	265	265	223	255	201	201	236	236	190	190	147	147	204	204	179	179	216	228	205	205	119	119
TC20515	72663	92678	126	126	268	268	324	324	230	230	245	265	215	215	201	201	236	240	178	178	131	135	200	204	179	179	228	228	205	205	119	119
TC20516	72663	92678	126	126	241	257	324	328	218	230	265	269	211	215	197	201	236	240	178	186	131	147	200	204	179	179	216	216	205	205	119	119
TC20517	73129	93154	126	126	257	276	324	328	218	218	269	273	219	247	197	201	236	236	186	190	147	147	204	204	179	179	216	228	205	205	119	119
TC20518	73129	93154	126	126	268	268	324	328	218	230	269	295	195	215	197	201	236	236	178	182	131	147	204	204	175	175	216	228	205	205	119	119
TC20519	59005	86932	126	130	257	257	328	328	222	222	269	269	219	227	201	201	236	240	199	199	131	131	204	204	179	179	228	228	205	205	119	119
TC20520	59005	86932	126	126	257	276	324	332	210	222	269	269	179	219	201	201	236	236	199	199	135	147	204	204	179	179	216	228	201	201	119	119
TC20521	59125	86848	126	130	257	257	324	328	206	222	269	269	227	227	201	201	236	236	190	199	131	135	204	204	179	179	216	228	201	205	119	119
TC20522	62463	90512	126	126	257	283	328	328	218	222	237	295	179	215	197	197	220	240	190	190	147	147	204	204	179	179	216	228	205	205	119	119
TC20523	62463	90512	126	126	257	276	328	328	222	230	269	299	215	219	197	201	236	236	210	210	135	147	204	204	179	179	228	228	205	205	119	119
TC20524	62463	90512	126	126	283	283	328	328	210	218	237	241	179	219	201	201	236	236	174	190	135	135	204	204	179	179	228	228	205	205	119	119
TC20525	62463	90512	126	126	257	276	328	328	226	230	237	269	179	223	197	201	236	236	174	190	139	147	204	204	179	179	228	228	205	205	119	119
TC20526	62463	90512	126	126	257	283	328	328	230	234	269	299	215	219	197	197	220	240	174	190	135	147	204	204	179	179	NA	NA	205	205	119	119
TC20527	62463	90512	126	126	257	276	328	328	210	230	265	265	219	219	197	201	236	240	174	186	135	139	204	204	179	179	228	228	205	205	119	119
TC20528	62616	90591	126	126	276	276	328	328	210	230	265	269	211	219	197	201	220	236	190	190	135	147	204	204	179	179	216	228	205	205	119	119
TC20529	78444	68707	126	126	257	257	324	328	214	230	269	295	207	219	201	201	236	236	178	190	135	135	204	204	171	179	216	228	205	205	119	119
TC20530	78444	68707	126	126	249	253	324	324	214	218	265	269	199	211	201	201	236	252	178	190	135	147	200	204	171	179	228	228	205	205	119	119
TC20531	78444	68707	126	130	253	268	324	324	230	230	241	241	195	211	197	201	236	236	178	178	131	135	204	204	179	179	216	216	201	205	119	119
TC20532	78444	68707	126	126	257	257	324	328	210	230	265	265	211	239	197	197	236	236	178	190	135	147	200	204	171	179	216	228	NA	NA	119	119
TC20533	78444	68707	126	130	253	253	324	328	210	230	237	295	199	211	201	201	236	236	186	186	131	147	200	200	171	179	228	228	205	205	119	119
TC20534	78444	68707	120	126	257	283	324	328	230	230	241	295	195	207	197	197	236	236	174	178	131	147	200	204	179	179	216	216	205	205	119	119
TC20535	78444	68707	126	128	249	257	324	328	210	230	265	265	211	239	201	201	236	236	178	190	131	135	200	204	179	179	228	228	197	205	119	119
TC20536	78444	68707	126	126	257	257	324	324	210	230	269	273	199	211	197	197	236	236	178	190	135	135	204	204	171	179	216	228	205	205	119	119
TC20537	71018	63264	126	126	257	257	328	328	210	230	237	241	215	219	197	197	236	236	178	194	131	147	204	204	171	179	228	228	205	205	119	119
TC20538	71018	63264	126	126	257	257	324	324	210	222	269	295	215	227	197	201	236	236	178	178	135	135	200	200	179	179	216	228	205	205	119	119
TC20539	71018	63264	126	126	260	276	324	328	218	218	241	273	219	231	201	201	236	236	178	178	147	147	204	204	179	179	216	228	201	201	119	119
TC20540	71018	63264	126	126	257	276	324	328	230	230	265	269	207	231	197	201	236	236	178	182	147	147	204	204	179	179	228	228	201	205	119	119
TC20541	71264	63273	126	126	249	268	324	324	214	218	265	295	207	235	201	205	236	240	178	182	131	135	200	204	179	179	216	216	205	205	119	119
TC20542	71264	63273	126	126	257	268	324	324	218	222	241	295	203	211	197	197	236	240	182	186	135	135	200	204	179	179	228	228	205	205	119	119
TC20543	71264	63273	126	126	257	260	324	328	210	218	269	273	215	231	197	201	236	240	178	190	135	135	204	204	179	179	216	228	201	205	119	119
TC20544	71264	63273	126	126	257	268	324	328	210	222	273	295	207	211	197	201	236	240	186	199	135	135	200	200	171	179	216	228	205	205	119	119
TC20545	71264	63273	126	126	257	268	328	328	218	230	265	295	211	223	201	201	236	240	190	190	135	147	204	204	179	179	216	216	201	205	119	119
TC20547	71264	63273	126	126	257	276	324	332	218	230	265	295	203	252	193	197	236	236	178	190	135	147	204	204	171	179	216	228	205	205	119	119
TC20548	71264	63273	126	126	257	268	328	328	210	218	241	273	211	211	197	197	236	236	178	199	147	147	200	204	179	179	228	228	201	205	119	119
TC20549	71264	63273	126	126	257	257	328	328	210	210	269	273	211	215	201	205	236	236	178	194	131	135	204	204	171	179	216	228	201	201	119	119
TC20551	71264	63273	126	126	257	257	324	328	222	222	245	265	207	207	197	201	236	236	178	199	135	147	200	204	179	179	228	228	205	205	119	119
Noe20_11	71315	64029	126	126	249	257	324	324	218	218	269	299	211	215	201	201	240	240	182	194	131	135	204	204	179	179	216	228	201	205	119	119
Noe20_12	71315	64029	126	126	249	257	324	324	218	230	241	269	211	215	201	201	236	240	182	190	131	131	204	204	171	179	228	228	205	205	119	119
Noe20_13	71315	64029	126	126	249	257	324	328	210	218	241	295	203	219	NA	NA	236	236	178	199	131	147	200	200	171	179	228	228	NA	NA	119	119
Noe20_14	71315	64029	126	126	257	260	324	332	218	230	241	265	207	219	197	197	236	240	178	182	135	135	204	204	171	179	228	228	205	205	119	119
Noe20_16	71315	64029	126	126	249	279	324	332	218	230	265	269	207	215	197	201	236	240	182	194	131	147	204	204	179	179	228	228	205	205	119	119
Noe20_17	71315	64029	126	126	249	279	324	332	210	218	241	265	207	252	197	201	236	236	182	199	147	147	200	204	171	179	228	228	201	205	119	119
