"row_id","article_id","data_availability","data_archive","data_doi","data_license","data_download","data_format","data_README","code_used","code_archived","code_download","code_language","code_README","mc_data_availability","mc_data_archive","mc_data_doi","mc_data_license","mc_data_download","mc_data_format","mc_data_README","mc_code_used","mc_code_archived","mc_code_download","mc_code_language","mc_code_README","cooper_any_readme","mc_any_readme","disagreements","data_availability_verdict","data_availability_comment","data_archive_verdict","data_archive_comment","data_license_verdict","data_license_comment","data_download_verdict","data_download_comment","code_archived_verdict","code_archived_comment","code_download_verdict","code_download_comment","any_readme_verdict","any_readme_comment","reviewed"
"10_1111_1365_2435_13870","10_1111_1365_2435_13870","Yes","Figshare","Yes","Unsure","Yes",".csv/.tsv","Yes","Yes","Yes","Yes","R","No",TRUE,"Figshare","10.6084/m9.figshare.11353637.v1",TRUE,TRUE,".csv",FALSE,NA,FALSE,NA,NA,FALSE,TRUE,FALSE,"code_archived[cooper=Yes,mc=No];any_readme[cooper=Yes,mc=No]",NA,NA,NA,NA,NA,NA,NA,NA,"METACHECK_RIGHT","Methods says ""For the annotated R script of the statistical analysis, see the Supporting Information"", meaning code is in journal SI, not a separate archived code repository; the only external repository (Figshare) is described as holding the dataset only",NA,NA,"DIFFERENT_DEFINITION","Cooper's Yes for this paper's README may reflect this Figshare article's `description` field -- checked live 2026-09-02 against a sample of 10 real Figshare articles from this miss set and found genuine variation (roughly 2 of 10 had real file-by-file documentation, the rest were abstract/methods-style summaries indistinguishable from Dryad's pattern), i.e. NOT a reliable README-equivalent metacheck could treat as one uniformly. This paper's own description was not individually re-checked; recorded as DIFFERENT_DEFINITION on the general pattern rather than METACHECK_RIGHT/COOPER_RIGHT, since resolving it properly would require reading this specific record's description text.",TRUE
"10_1111_1365_2745_13292","10_1111_1365_2745_13292","Yes","Dryad;Other repo/database","Yes","Yes","Yes",".csv/.tsv;.txt","Yes","Yes","No",NA,NA,NA,TRUE,"Dryad","doi:10.5061/dryad.dt7bh4b",TRUE,TRUE,".csv",FALSE,NA,FALSE,NA,NA,FALSE,TRUE,FALSE,"any_readme[cooper=Yes,mc=No]",NA,NA,NA,NA,NA,NA,NA,NA,NA,NA,NA,NA,"DIFFERENT_DEFINITION","Cooper's Yes for this paper's README likely reflects Dryad's dataset abstract (the ONLY free-text field Dryad's API exposes) -- confirmed on 9 real Dryad datasets from this same miss set that this field is consistently the paper's own scientific abstract (numbered background/methods/results prose), never file-level documentation. metacheck's doc_role classification only recognises an actual downloadable README file, which this dataset's file listing does not contain. Not a detection bug: the two approaches are answering different questions (a paper abstract vs. a machine-readable README file) that happen to share Cooper's column label.",TRUE
"10_1111_2041_210x_13806","10_1111_2041_210x_13806","Yes","Zenodo","Yes","Yes","Yes",".pdf;.print;.stl;.gh","Quasi-README","No",NA,NA,NA,NA,TRUE,"Zenodo","10.5281/zenodo.6488227",TRUE,NA,".print;.stl",FALSE,NA,FALSE,NA,NA,FALSE,TRUE,FALSE,"any_readme[cooper=Yes,mc=No]",NA,NA,NA,NA,NA,NA,NA,NA,NA,NA,NA,NA,"DIFFERENT_DEFINITION","Cooper's Yes for this paper's README may reflect this Zenodo record's `description` field -- checked live 2026-09-02 against a sample of 6 real Zenodo records from this miss set and found genuine variation (sometimes a study summary, sometimes contact metadata, sometimes file-by-file documentation, sometimes empty), i.e. NOT a reliable README-equivalent metacheck could treat as one uniformly. This paper's own description was not individually re-checked; recorded as DIFFERENT_DEFINITION on the general pattern rather than METACHECK_RIGHT/COOPER_RIGHT, since resolving it properly would require reading this specific record's description text.",TRUE
"10_1111_1365_2435_13881","10_1111_1365_2435_13881","Yes","Dryad","Yes","Yes","Yes",".csv/.tsv;.txt","Yes","Yes","Yes",NA,"R","No",TRUE,"Dryad","doi:10.25338/B8N33J",TRUE,TRUE,".csv",TRUE,NA,FALSE,NA,NA,TRUE,TRUE,TRUE,"code_archived[cooper=Yes,mc=No]",NA,NA,NA,NA,NA,NA,NA,NA,"COOPER_RIGHT","The paper's own text explicitly states ""Code, metadata and empirical data generated and used in this manuscript are available from the Dryad Digital Repository"" -- code is explicitly named as part of the (un-located) deposit.",NA,NA,NA,NA,TRUE
"10_1111_1365_2656_13796","10_1111_1365_2656_13796","Yes","Figshare","Yes","Yes","Yes",".xls(x)","Yes","Yes","No",NA,NA,NA,TRUE,"Figshare","10.6084/m9.figshare.20415849.v1",TRUE,TRUE,".xlsx",FALSE,NA,FALSE,NA,NA,FALSE,TRUE,FALSE,"any_readme[cooper=Yes,mc=No]",NA,NA,NA,NA,NA,NA,NA,NA,NA,NA,NA,NA,"DIFFERENT_DEFINITION","Cooper's Yes for this paper's README may reflect this Figshare article's `description` field -- checked live 2026-09-02 against a sample of 10 real Figshare articles from this miss set and found genuine variation (roughly 2 of 10 had real file-by-file documentation, the rest were abstract/methods-style summaries indistinguishable from Dryad's pattern), i.e. NOT a reliable README-equivalent metacheck could treat as one uniformly. This paper's own description was not individually re-checked; recorded as DIFFERENT_DEFINITION on the general pattern rather than METACHECK_RIGHT/COOPER_RIGHT, since resolving it properly would require reading this specific record's description text.",TRUE
"10_1111_2041_210x_14479","10_1111_2041_210x_14479","Yes","Figshare","Yes","Yes","Yes",".csv/.tsv","No","Yes","No",NA,NA,NA,FALSE,NA,NA,NA,NA,NA,FALSE,NA,FALSE,NA,NA,FALSE,FALSE,FALSE,"data_availability[cooper=Yes,mc=No]","COOPER_RIGHT","Paper states ""Individual rates of sediment oxygen demand are available via the University of Auckland Figshare repository at https://doi.org/10.17608/k6.auckland.25808182.v2"" -- explicit data-availability claim with DOI; mc's FALSE is wrong.",NA,NA,NA,NA,NA,NA,NA,NA,NA,NA,NA,NA,TRUE
"10_1111_1365_2745_14152","10_1111_1365_2745_14152","Yes","Other repo/database","Yes","Unsure","No, because the data are embargoed",".RDS","Quasi-README","Yes","No",NA,NA,NA,TRUE,"Other repo/database","https://doi.org/10.18167/DVN1/T0DMFJ",FALSE,NA,".rds",FALSE,NA,FALSE,NA,NA,FALSE,TRUE,FALSE,"any_readme[cooper=Yes,mc=No]",NA,NA,NA,NA,NA,NA,NA,NA,NA,NA,NA,NA,"COOPER_RIGHT","SPLIT-DOI EXTRACTION ARTIFACT | Same repo-detection miss as data_availability: the CIRAD Dataverse repository was never fetched by repo_check, so mc_any_readme's FALSE reflects zero files examined, not evidence of no README.",TRUE
"10_1111_1365_2664_13709","10_1111_1365_2664_13709","Yes","Other repo/database","Yes","Yes","Yes",".xls(x)","Yes","Yes","No",NA,NA,NA,FALSE,NA,NA,NA,NA,NA,FALSE,NA,FALSE,NA,NA,FALSE,TRUE,FALSE,"data_availability[cooper=Yes,mc=No];any_readme[cooper=Yes,mc=No]","COOPER_RIGHT","Paper text explicitly states ""Data available from the 4TU database: https://doi.org/10.4121/uuid:04b25e70-ca3e-489f-9510-36385c1a4104"". repo_check detected this exact URL (logged in gated_repos with repo_type=researchdata4tu) but the check itself errored (""arguments imply differing number of rows: 1, 0""), leaving repo_check$table empty for this paper_id and producing mc_data_availability=FALSE.",NA,NA,NA,NA,NA,NA,NA,NA,NA,NA,"COOPER_RIGHT","Same root cause as data_availability: the 4TU repo_url was detected but the repo_check fetch errored (""arguments imply differing number of rows: 1, 0""), so repo_check$table has zero rows/no doc_role signal for this paper at all. mc_any_readme=FALSE is an artifact of that failed fetch, not evidence the repository lacks a README.",TRUE
"10_1111_2041_210x_13871","10_1111_2041_210x_13871","Yes","Other repo/database","Yes","Yes","Yes",".mat","Yes","Yes","Yes","Yes","MATLAB","No",FALSE,NA,NA,NA,NA,NA,FALSE,NA,FALSE,NA,NA,FALSE,TRUE,FALSE,"data_availability[cooper=Yes,mc=No];code_archived[cooper=Yes,mc=No];any_readme[cooper=Yes,mc=No]","COOPER_RIGHT","UNSUPPORTED REPO | Paper text: 'The acoustic data used in this paper are available at the Korea Polar Data Center (https://doi.org/10.22663/KOPRI-KPDC-00001902.2).' repo_check has zero rows for this paper_id at all (not a recognized platform), so mc_data_availability defaults to FALSE despite the explicit, specific DOI cited in the text.",NA,NA,NA,NA,NA,NA,"COOPER_RIGHT","repo_check found/listed nothing at all for this paper (Korea Polar Data Center is not a repo_check-recognized platform), so it could not have found any code file regardless of whether one exists in that deposit.",NA,NA,"COOPER_RIGHT","Same root cause as data_availability/code_archived: repo_check never checked the Korea Polar Data Center deposit (unrecognized platform), so it could not find a readme there either.",TRUE
"10_1111_1365_2656_14232","10_1111_1365_2656_14232","Yes","Dryad","Yes","Yes","Yes",".csv/.tsv","Yes","Yes","Yes","Yes","R","No",TRUE,"Dryad","doi:10.5061/dryad.3j9kd51vz",TRUE,TRUE,".csv",TRUE,NA,FALSE,NA,NA,TRUE,TRUE,TRUE,"code_archived[cooper=Yes,mc=No]",NA,NA,NA,NA,NA,NA,NA,NA,"COOPER_RIGHT","availability statement only mentions ""Data available from the Dryad Digital Repository [DOI]""; Methods says ""I used the package pavo in R"" and ""binomial generalized linear models... in R"" without ever stating code was deposited or archived anywhere, so the paper gives no basis for code_archived=Yes",NA,NA,NA,NA,TRUE
"10_1111_1365_2435_14168","10_1111_1365_2435_14168","Yes","Dryad;GitHub, GitLab, Codeberg or similar platform;Zenodo;Other repo/database","Yes",NA,"Yes",".csv/.tsv","Yes","Yes","Yes","Yes","Perl","Yes",TRUE,"Dryad","doi:10.5061/dryad.xksn02vcm",TRUE,TRUE,".csv",TRUE,NA,FALSE,NA,NA,TRUE,TRUE,TRUE,"code_archived[cooper=Yes,mc=No]",NA,NA,NA,NA,NA,NA,NA,NA,"COOPER_RIGHT","availability statement explicitly states ""The bioinformatic pipeline used to process COI metabarcodes is available from GitHub at https://github.com/Hajibabaei-Lab/SCVUC_COI_metabarcode_pipeline"" and ""The COI Classifier used to make taxonomic assignments is also available from GitHub at https://github.com/terrimporter/CO1Classifier"", so code is clearly present in GitHub repositories per the paper; metacheck reporting No looks like a detection miss, possibly because these are third-party/general-purpose pipeline tools cited rather than a single study-specific code repo, which metacheck may not have picked up as this paper's archived code",NA,NA,NA,NA,TRUE
"10_1111_1365_2656_14000","10_1111_1365_2656_14000","Yes","Other repo/database","Yes","Yes","Yes",".csv/.tsv;.xls(x)","No","Yes","Yes","Yes","R","No",FALSE,NA,NA,NA,NA,NA,FALSE,NA,FALSE,NA,NA,FALSE,FALSE,FALSE,"data_availability[cooper=Yes,mc=No];code_archived[cooper=Yes,mc=No]","COOPER_RIGHT","TEXT-EXTRACTION TRUNCATED (DOI cut off mid-string, unrecoverable) | Reference list cites: ""Anderson, R. O., & Chapple, D. (2022). Data from: Widespread or range-restricted? ... Monash University. Dataset, https://doi.org/10.26180/19095317.v1."" Paper body also states 'Raw physiological data of Lampropholis skinks and R scripts used for [analyses] ...' (sentence truncated by extraction, continuing into the availability statement). repo_check found zero files for this paper -- it never located/checked this Monash University dataset repository.",NA,NA,NA,NA,NA,NA,"COOPER_RIGHT","Same Monash University dataset repository (10.26180/19095317.v1); paper text explicitly pairs 'Raw physiological data ... and R scripts used for [analyses]' in the same availability statement, indicating code is bundled with the data in this same repository that repo_check never located.",NA,NA,NA,NA,TRUE
"10_1111_2041_210x_12993","10_1111_2041_210x_12993","Yes","Zenodo","Yes","No","Yes",".xls(x)","No","Yes","No",NA,NA,NA,TRUE,"Zenodo","10.5281/zenodo.1174331",TRUE,TRUE,".xlsx",FALSE,NA,FALSE,NA,NA,FALSE,FALSE,FALSE,"data_license[cooper=No,mc=Yes]",NA,NA,NA,NA,"METACHECK_RIGHT","Zenodo record 1174331's own metadata (repo_check's repo_metadata) reports license=cc-by-4.0, matching the paper's own text explicitly naming this Zenodo DOI as the data archive.",NA,NA,NA,NA,NA,NA,NA,NA,TRUE
"10_1111_1365_2435_14552","10_1111_1365_2435_14552","Yes","Dryad","Yes","Yes","Yes",".xls(x)","Yes","Yes","No",NA,NA,NA,TRUE,"Dryad","doi:10.5061/dryad.0k6djhb51",TRUE,TRUE,".xlsx",TRUE,NA,TRUE,TRUE,"R",TRUE,TRUE,TRUE,"code_archived[cooper=No,mc=Yes]",NA,NA,NA,NA,NA,NA,NA,NA,"METACHECK_RIGHT","repo_check found 6 real R source files (RcppExports.R, mice.impute.phnorm.r, mice.impute.phpmm.r, mice.impute.phpp.R, mice.impute.phppm.R, phylomice.R) at github.com/pdrhlik/phylomice, now correctly surviving after the R-package-source-tree-exclusion fix (this repo is a root-level DESCRIPTION+NAMESPACE package with no other content, so it IS the deposit). This is the paper's own methods contribution (an R package implementing new multiple-imputation methods for phylogenetic data, matching the mice.impute.* function names to the paper's subject). The paper's availability statement only names the Dryad data deposit and never mentions code, which likely explains Cooper's No -- but the code genuinely is archived and publicly available on GitHub, independent of whether the paper's own prose says so. METACHECK_RIGHT.",NA,NA,NA,NA,TRUE
"10_1111_1365_2656_13367","10_1111_1365_2656_13367","Yes","Dryad","Yes","Yes","Yes",".xls(x)","Yes","Yes","No",NA,NA,NA,TRUE,"Dryad","doi:10.5061/dryad.stqjq2c1w",TRUE,TRUE,".xlsx",FALSE,NA,FALSE,NA,NA,FALSE,TRUE,FALSE,"any_readme[cooper=Yes,mc=No]",NA,NA,NA,NA,NA,NA,NA,NA,NA,NA,NA,NA,"DIFFERENT_DEFINITION","Cooper's Yes for this paper's README likely reflects Dryad's dataset abstract (the ONLY free-text field Dryad's API exposes) -- confirmed on 9 real Dryad datasets from this same miss set that this field is consistently the paper's own scientific abstract (numbered background/methods/results prose), never file-level documentation. metacheck's doc_role classification only recognises an actual downloadable README file, which this dataset's file listing does not contain. Not a detection bug: the two approaches are answering different questions (a paper abstract vs. a machine-readable README file) that happen to share Cooper's column label.",TRUE
"10_1002_pan3_10564","10_1002_pan3_10564","Yes","Other repo/database","Yes","Yes","Yes",".csv/.tsv","Yes","Yes","No",NA,NA,NA,FALSE,NA,NA,NA,NA,NA,FALSE,NA,FALSE,NA,NA,FALSE,TRUE,FALSE,"data_availability[cooper=Yes,mc=No];any_readme[cooper=Yes,mc=No]","COOPER_RIGHT","UNSUPPORTED REPO | Paper's own availability statement: ""All data considered for the analysis of this study are stored and available at: https://doi.org/10.25829/idiv.3538-su6fj5."" Cites a real Other repo/database (iDiv) repository (https://doi.org/10.25829/idiv.3538-su6fj5). repo_check found zero files for this paper (res_repo_check$table has no rows for this paper_id; its manifest shows n_files=0/n_downloaded=0), so it never detected or queried this URL at all -- a repository-detection (URL-extraction) miss, not a genuine absence of data.",NA,NA,NA,NA,NA,NA,NA,NA,NA,NA,"COOPER_RIGHT","repo_check found zero files for this paper (res_repo_check$table has no rows for this paper_id), so it had no basis to detect a README even if one exists in the actual (un-located) repository.",TRUE
"10_1111_1365_2656_13052","10_1111_1365_2656_13052","Yes","Dryad","Yes","Yes","Yes",".xls(x)","Yes","Yes","No",NA,NA,NA,FALSE,NA,NA,NA,NA,NA,FALSE,NA,FALSE,NA,NA,FALSE,TRUE,FALSE,"data_availability[cooper=Yes,mc=No];any_readme[cooper=Yes,mc=No]","COOPER_RIGHT","SPLIT-DOI EXTRACTION ARTIFACT | Paper's own availability statement: ""The data used in this manuscript are available from the Dryad Digital Repository"" (Gibb, Grossman, Dickman, Decker & Wardle, 2019). Cites a real Dryad repository (doi.org/10.5061/dryad...). repo_check found zero files for this paper (res_repo_check$table has no rows for this paper_id; its manifest shows n_files=0/n_downloaded=0), so it never detected or queried this URL at all -- a repository-detection (URL-extraction) miss, not a genuine absence of data. | KNOWN METACHECK LIMITATION (not yet fixed, github.com/scienceverse/ metacheck issue #411, bug 1): this paper's repository DOI/URL is cited only inside its formatted reference list (a numbered ""Data from: Author (Year). Title [Dataset]. https://doi.org/..."" entry), never as an inline hyperlink or bare in-text mention. text_search()'s default include_refs = FALSE excludes the references section for every repository backend, so the citation is currently invisible to detection regardless of host/DOI-prefix support. Confirmed live 2026-09-19: the DOI itself resolves correctly when queried directly.",NA,NA,NA,NA,NA,NA,NA,NA,NA,NA,"COOPER_RIGHT","repo_check found zero files for this paper (res_repo_check$table has no rows for this paper_id), so it had no basis to detect a README even if one exists in the actual (un-located) repository.",TRUE
"10_1111_1365_2745_13654","10_1111_1365_2745_13654","Yes","Other repo/database","Yes","No","Yes",".csv/.tsv;.txt","Yes","Yes","No",NA,NA,NA,FALSE,NA,NA,NA,NA,NA,FALSE,NA,FALSE,NA,NA,FALSE,TRUE,FALSE,"data_availability[cooper=Yes,mc=No];any_readme[cooper=Yes,mc=No]","COOPER_RIGHT","UNSUPPORTED REPO | Paper text states ""Data have been archived with the Bonanza Creek LTER (Sullivan, 2021a/2021b)"", a genuine data-archival claim. No matching URL/DOI appears in gated_repos, so repo_check appears to have never detected/attempted this repository at all (a URL-extraction miss), leaving repo_check$table empty and mc_data_availability=FALSE.",NA,NA,NA,NA,NA,NA,NA,NA,NA,NA,"UNCLEAR","repo_check never detected/attempted the Bonanza Creek LTER repository cited in the text (no matching gated_repos entry), so metacheck has zero evidence about a README either way. Cooper's Yes cannot be independently verified from any local evidence source without accessing the LTER data archive live.",TRUE
"10_1111_1365_2435_13194","10_1111_1365_2435_13194","Yes","Zenodo","Yes","Yes","Yes",".xls(x)","Yes","Yes","No",NA,NA,NA,TRUE,"Zenodo","10.5281/zenodo.1292461",TRUE,TRUE,".xlsx",FALSE,NA,FALSE,NA,NA,FALSE,TRUE,FALSE,"any_readme[cooper=Yes,mc=No]",NA,NA,NA,NA,NA,NA,NA,NA,NA,NA,NA,NA,"DIFFERENT_DEFINITION","Cooper's Yes for this paper's README may reflect this Zenodo record's `description` field -- checked live 2026-09-02 against a sample of 6 real Zenodo records from this miss set and found genuine variation (sometimes a study summary, sometimes contact metadata, sometimes file-by-file documentation, sometimes empty), i.e. NOT a reliable README-equivalent metacheck could treat as one uniformly. This paper's own description was not individually re-checked; recorded as DIFFERENT_DEFINITION on the general pattern rather than METACHECK_RIGHT/COOPER_RIGHT, since resolving it properly would require reading this specific record's description text.",TRUE
"10_1111_1365_2435_13560","10_1111_1365_2435_13560","Yes","Dryad","Yes","Yes","Yes",".xls(x)","Yes","Yes","No",NA,NA,NA,TRUE,"Dryad","doi:10.5061/dryad.76hdr7ssz",TRUE,TRUE,".xlsx",FALSE,NA,FALSE,NA,NA,FALSE,TRUE,FALSE,"any_readme[cooper=Yes,mc=No]",NA,NA,NA,NA,NA,NA,NA,NA,NA,NA,NA,NA,"DIFFERENT_DEFINITION","Cooper's Yes for this paper's README likely reflects Dryad's dataset abstract (the ONLY free-text field Dryad's API exposes) -- confirmed on 9 real Dryad datasets from this same miss set that this field is consistently the paper's own scientific abstract (numbered background/methods/results prose), never file-level documentation. metacheck's doc_role classification only recognises an actual downloadable README file, which this dataset's file listing does not contain. Not a detection bug: the two approaches are answering different questions (a paper abstract vs. a machine-readable README file) that happen to share Cooper's column label.",TRUE
"10_1111_1365_2745_13956","10_1111_1365_2745_13956",NA,NA,NA,NA,NA,NA,NA,"Yes","Yes",NA,"R","Yes",TRUE,NA,NA,NA,NA,NA,FALSE,NA,FALSE,NA,NA,FALSE,TRUE,FALSE,"code_archived[cooper=Yes,mc=No];any_readme[cooper=Yes,mc=No]",NA,NA,NA,NA,NA,NA,NA,NA,"UNCLEAR","No repo_url of any kind was found by repo_check for this paper (repo_check$table and repo_metadata both empty), and this row has no data_availability/data_archive disagreement flagged, so there is no paper-text evidence gathered here either to identify which repository Cooper's Yes refers to. Cannot adjudicate without locating the paper's actual code repository.",NA,NA,"UNCLEAR","Same as code_archived for this paper: repo_check found no repository at all, and no repository URL is available from the evidence gathered to check for a README. Cannot adjudicate from available evidence.",TRUE
"10_1111_2041_210x_12962","10_1111_2041_210x_12962","Yes","Dryad;Personal website;Other repo/database","Yes","Yes","Yes",".xls(x)","No","Yes","Yes",NA,"R","No",FALSE,NA,NA,NA,NA,NA,FALSE,NA,FALSE,NA,NA,FALSE,FALSE,FALSE,"data_availability[cooper=Yes,mc=No];code_archived[cooper=Yes,mc=No]","COOPER_RIGHT","Paper's own availability statement: ""Data used in this paper are available from https://doi.org/10.5521/forestplots.net/2018_1 (Sullivan et al., 2018)."" Cites a real Other repo/database (ForestPlots.net) repository (https://doi.org/10.5521/forestplots.net/2018_1). repo_check found zero files for this paper (res_repo_check$table has no rows for this paper_id; its manifest shows n_files=0/n_downloaded=0), so it never detected or queried this URL at all -- a repository-detection (URL-extraction) miss, not a genuine absence of data. | KNOWN METACHECK LIMITATION (not yet fixed, github.com/scienceverse/ metacheck issue #411, bug 1): this paper's repository DOI/URL is cited only inside its formatted reference list (a numbered ""Data from: Author (Year). Title [Dataset]. https://doi.org/..."" entry), never as an inline hyperlink or bare in-text mention. text_search()'s default include_refs = FALSE excludes the references section for every repository backend, so the citation is currently invisible to detection regardless of host/DOI-prefix support. Confirmed live 2026-09-19: the DOI itself resolves correctly when queried directly.",NA,NA,NA,NA,NA,NA,"COOPER_RIGHT","repo_check found zero files for this paper at all, so code_check (which only classifies files repo_check has already listed) had nothing to work with -- the same root-cause repository-detection miss as the data_availability disagreement for this paper. The extracted paper text does not itself specify whether code is bundled with the data at the un-located repository, but Cooper's coding is based on directly inspecting the repository, which metacheck's pipeline never queried at all -- there is no basis to prefer metacheck's automatic No over Cooper's direct inspection here.",NA,NA,NA,NA,TRUE
"10_1111_1365_2656_14134","10_1111_1365_2656_14134","Yes","Dryad;Zenodo","Yes","No","Yes",".csv/.tsv","Yes","Yes","Yes","Yes","Python","No",TRUE,"Dryad","doi:10.5061/dryad.4qrfj6qjf",TRUE,TRUE,".csv",TRUE,NA,FALSE,NA,NA,TRUE,TRUE,TRUE,"data_license[cooper=No,mc=Yes];code_archived[cooper=Yes,mc=No]",NA,NA,NA,NA,"METACHECK_RIGHT","Dryad dataset doi:10.5061/dryad.4qrfj6qjf carries a CC0-1.0 license, retrieved from Dryad's dataset API (https://spdx.org/licenses/CC0-1.0.html).",NA,NA,"COOPER_RIGHT","only a Dryad data DOI is given in the availability statement; no code repository, GitHub link or code-specific statement appears anywhere in the extracted text, so nothing supports code being archived per this paper text",NA,NA,NA,NA,TRUE
"10_1111_1365_2656_12787","10_1111_1365_2656_12787","Yes","Dryad","Yes","Yes",NA,".xls(x)","No","Yes","Yes",NA,"R","No",TRUE,"Dryad","doi:10.5061/dryad.m605m",TRUE,TRUE,".xls",FALSE,NA,FALSE,NA,NA,FALSE,FALSE,FALSE,"code_archived[cooper=Yes,mc=No]",NA,NA,NA,NA,NA,NA,NA,NA,"COOPER_RIGHT","availability statement only mentions ""Data associated with this manuscript are available from the Dryad Digital Repository [DOI]""; Methods explicitly states ""A custom script in R was used for the full implementation (see Appendix S1)"" meaning the R code is provided as journal Supporting Information (Appendix S1), not in an external archived repository - Cooper coding code_archived=Yes may be crediting the SI-appendix code as ""archived"", which is a defensible but non-repository interpretation; metacheck=No is defensible because no external code repository exists - marking BOTH_DEFENSIBLE given the code is present as supplementary material rather than a formal repository",NA,NA,NA,NA,TRUE
"10_1002_2688_8319_12124","10_1002_2688_8319_12124","Yes","Dryad;Zenodo","Yes","No","Yes",".csv/.tsv","No","Yes","Yes","Yes","R;Stan","Yes",TRUE,"Dryad","doi:10.5061/dryad.ffbg79crv",TRUE,TRUE,".csv;.xlsx",FALSE,NA,FALSE,NA,NA,FALSE,TRUE,FALSE,"data_license[cooper=No,mc=Yes];code_archived[cooper=Yes,mc=No];any_readme[cooper=Yes,mc=No]",NA,NA,NA,NA,"METACHECK_RIGHT","Two repositories, both licensed: Zenodo record 10.5281/zenodo.5778307 carries the depositor-selected ""Other (Open)"" license (retrieved from Zenodo's records API: https://zenodo.org/api/records/5778307, license.id = ""other-open""); Dryad dataset doi:10.5061/dryad.ffbg79crv carries CC0-1.0 (https://spdx.org/licenses/CC0-1.0.html), from Dryad's dataset API.",NA,NA,"COOPER_RIGHT","Paper cites Dryad (data, doi.org/10.5061/dryad.ffbg79crv) and a separate Zenodo record for code (doi.org/10.5281/zenodo.5778307, 'Analysis code is available at...'). res_repo_check$summary_table shows repo_n=2 for this paper (both repo_urls were recognized) but files_n=3, all from Dryad -- the Zenodo code repository contributed zero files, so code_check never saw any code from it despite the paper explicitly citing it.",NA,NA,"COOPER_RIGHT","Same root cause as code_archived: the Zenodo code repository (doi.org/10.5281/zenodo.5778307) contributed zero files to repo_check's table (repo_n=2 but only the Dryad repo's 3 files appear), so repo_check could not have found a readme there even if one exists.",TRUE
"10_1111_1365_2435_14016","10_1111_1365_2435_14016","Yes","Figshare","Yes","Yes",NA,NA,"Yes","Yes","Yes",NA,"R","No",TRUE,"Figshare","10.6084/m9.figshare.16543620.v1",TRUE,TRUE,".csv;.xlsx",FALSE,NA,TRUE,TRUE,"R",FALSE,TRUE,FALSE,"any_readme[cooper=Yes,mc=No]",NA,NA,NA,NA,NA,NA,NA,NA,NA,NA,NA,NA,"DIFFERENT_DEFINITION","Cooper's Yes for this paper's README may reflect this Figshare article's `description` field -- checked live 2026-09-02 against a sample of 10 real Figshare articles from this miss set and found genuine variation (roughly 2 of 10 had real file-by-file documentation, the rest were abstract/methods-style summaries indistinguishable from Dryad's pattern), i.e. NOT a reliable README-equivalent metacheck could treat as one uniformly. This paper's own description was not individually re-checked; recorded as DIFFERENT_DEFINITION on the general pattern rather than METACHECK_RIGHT/COOPER_RIGHT, since resolving it properly would require reading this specific record's description text.",TRUE
"10_1111_2041_210x_13206","10_1111_2041_210x_13206","Yes","Dryad","Yes","Yes","Yes",".csv/.tsv;.fastq;.oligos","Yes","Yes","No",NA,NA,NA,TRUE,"Dryad","doi:10.5061/dryad.t7pd371",TRUE,TRUE,".csv",FALSE,NA,FALSE,NA,NA,FALSE,TRUE,FALSE,"any_readme[cooper=Yes,mc=No]",NA,NA,NA,NA,NA,NA,NA,NA,NA,NA,NA,NA,"DIFFERENT_DEFINITION","Cooper's Yes for this paper's README likely reflects Dryad's dataset abstract (the ONLY free-text field Dryad's API exposes) -- confirmed on 9 real Dryad datasets from this same miss set that this field is consistently the paper's own scientific abstract (numbered background/methods/results prose), never file-level documentation. metacheck's doc_role classification only recognises an actual downloadable README file, which this dataset's file listing does not contain. Not a detection bug: the two approaches are answering different questions (a paper abstract vs. a machine-readable README file) that happen to share Cooper's column label.",TRUE
"10_1111_1365_2745_13882","10_1111_1365_2745_13882","Yes","Other repo/database","Yes","Yes","Yes",".csv/.tsv","Yes","Yes","No",NA,NA,NA,FALSE,NA,NA,NA,NA,NA,FALSE,NA,FALSE,NA,NA,FALSE,TRUE,FALSE,"data_availability[cooper=Yes,mc=No];any_readme[cooper=Yes,mc=No]","COOPER_RIGHT","Paper text cites four separate Arctic Data Center archives with DOIs (e.g. https://doi.org/10.18739/A2GT5FG86) plus GenBank accessions for DNA sequences. Arctic Data Center is not a platform repo_check recognizes; repo_check has zero rows for this paper. | KNOWN METACHECK LIMITATION (not yet fixed, github.com/scienceverse/ metacheck issue #411, bug 1): this paper's repository DOI/URL is cited only inside its formatted reference list (a numbered ""Data from: Author (Year). Title [Dataset]. https://doi.org/..."" entry), never as an inline hyperlink or bare in-text mention. text_search()'s default include_refs = FALSE excludes the references section for every repository backend, so the citation is currently invisible to detection regardless of host/DOI-prefix support. Confirmed live 2026-09-19: the DOI itself resolves correctly when queried directly.",NA,NA,NA,NA,NA,NA,NA,NA,NA,NA,"COOPER_RIGHT","Same repo-detection miss as data_availability: none of the four Arctic Data Center archives were ever fetched by repo_check, so mc_any_readme's FALSE reflects zero files examined, not evidence of no README.",TRUE
"10_1111_2041_210x_13397","10_1111_2041_210x_13397",NA,NA,NA,NA,NA,NA,NA,"Yes","Yes","Yes","R","Yes",FALSE,NA,NA,NA,NA,NA,FALSE,NA,FALSE,NA,NA,FALSE,TRUE,FALSE,"code_archived[cooper=Yes,mc=No];any_readme[cooper=Yes,mc=No]",NA,NA,NA,NA,NA,NA,NA,NA,"COOPER_RIGHT","UNSUPPORTED REPO | Paper text describes the AMMonitor R package's source code hosted on GitLab (https://code.usgs.gov/vtcfwru/ammonitor, downloadable as zip/tar.gz or via install_git()) plus a second code repository on GitHub (cbalantic/temporally-adaptivesampling). repo_check's summary_table shows repo_n=3 (three repo URLs detected) but files_n=0 -- zero files retrieved from any of them, likely because the self-hosted GitLab instance (code.usgs.gov) is not a recognized github.com/gitlab.com domain. code_check never had files to classify.",NA,NA,"COOPER_RIGHT","Same root cause as code_archived: the paper states ""The AMMonitor Gitlab Wiki page contains comprehensive documentation and step-by-step examples"" -- a readme-equivalent -- but repo_check retrieved zero files from any of the 3 detected repo URLs (files_n=0), so it never had a chance to see this documentation.",TRUE
"10_1111_1365_2435_13998","10_1111_1365_2435_13998","Yes","Dryad","Yes","Yes","Yes",".txt","Yes","Yes","Yes",NA,"R","Yes",TRUE,"Dryad","doi:10.5061/dryad.8pk0p2nnr",TRUE,NA,".zip",FALSE,NA,FALSE,NA,NA,FALSE,TRUE,FALSE,"code_archived[cooper=Yes,mc=No];any_readme[cooper=Yes,mc=No]",NA,NA,NA,NA,NA,NA,NA,NA,"METACHECK_RIGHT","no code repository, GitHub/Zenodo link, or statement of code availability appears anywhere in the availability statement or Methods (only R packages like pavo are cited as tools used, not authored code being shared); nothing in the text supports Cooper coding code_archived=Yes",NA,NA,"DIFFERENT_DEFINITION","Archive-only: repo_check's file listing for this paper is a single compressed archive (.zip/.rar/...) with no separate top-level file. repo_check's own peek_zips=TRUE default DOES try to read a zip's file listing remotely without downloading it, so a README bundled inside is not automatically invisible -- but that peek attempt evidently failed for this specific archive. Confirmed structural cause for Dryad-hosted zips: the peek's HTTP Range request is unauthenticated and Dryad's file-download endpoint returns 401 Unauthorized without an OAuth token, so the peek can never succeed there. For Zenodo/other platforms the failure cause is not yet fully pinned down (see the issue's discussion). Filed as https://github.com/scienceverse/metacheck/issues/378. DIFFERENT_DEFINITION rather than a verdict: resolving this needs a code fix (authenticated peek requests, at minimum for Dryad), not a judgement call on this specific paper.",TRUE
"10_1111_1365_2745_13193","10_1111_1365_2745_13193","Yes","Dryad","Yes","Yes","Yes",".xls(x)","Quasi-README","No",NA,NA,NA,NA,TRUE,"Dryad","doi:10.5061/dryad.52j8p1r",TRUE,TRUE,".xlsx",FALSE,NA,FALSE,NA,NA,FALSE,TRUE,FALSE,"any_readme[cooper=Yes,mc=No]",NA,NA,NA,NA,NA,NA,NA,NA,NA,NA,NA,NA,"DIFFERENT_DEFINITION","Cooper's Yes for this paper's README likely reflects Dryad's dataset abstract (the ONLY free-text field Dryad's API exposes) -- confirmed on 9 real Dryad datasets from this same miss set that this field is consistently the paper's own scientific abstract (numbered background/methods/results prose), never file-level documentation. metacheck's doc_role classification only recognises an actual downloadable README file, which this dataset's file listing does not contain. Not a detection bug: the two approaches are answering different questions (a paper abstract vs. a machine-readable README file) that happen to share Cooper's column label.",TRUE
"10_1111_1365_2656_13705","10_1111_1365_2656_13705","Yes","Figshare","Yes","No","Yes",".csv/.tsv","No","Yes","Yes","Yes","R","No",TRUE,"Figshare","10.6084/m9.figshare.19583212.v1",TRUE,NA,".zip",FALSE,NA,FALSE,NA,NA,FALSE,FALSE,FALSE,"data_license[cooper=No,mc=Yes];code_archived[cooper=Yes,mc=No]",NA,NA,NA,NA,"METACHECK_RIGHT","Two Figshare articles, both licensed: 10.6084/m9.figshare.19583239.v1 carries an MIT license, and 10.6084/m9.figshare.19583212.v1 carries a CC BY 4.0 license, both retrieved from Figshare's articles API.",NA,NA,"METACHECK_RIGHT","availability statement explicitly separates ""Data:"" and ""Code:"" with distinct Figshare links (note both DOIs are actually identical/malformed in the text, likely an OCR or citation error, but the paper unambiguously states code is available), so code_archived should be Yes; metacheck reporting No looks like a detection or malformed-DOI resolution miss",NA,NA,NA,NA,TRUE
"10_1111_2041_210x_14101","10_1111_2041_210x_14101",NA,NA,NA,NA,NA,NA,NA,"Yes","Yes","Yes","R","Quasi-README",TRUE,"Zenodo","10.5281/zenodo.7681373",TRUE,TRUE,".csv",FALSE,NA,TRUE,TRUE,"R",FALSE,TRUE,FALSE,"any_readme[cooper=Yes,mc=No]",NA,NA,NA,NA,NA,NA,NA,NA,NA,NA,NA,NA,"DIFFERENT_DEFINITION","Cooper's Yes for this paper's README may reflect this Zenodo record's `description` field -- checked live 2026-09-02 against a sample of 6 real Zenodo records from this miss set and found genuine variation (sometimes a study summary, sometimes contact metadata, sometimes file-by-file documentation, sometimes empty), i.e. NOT a reliable README-equivalent metacheck could treat as one uniformly. This paper's own description was not individually re-checked; recorded as DIFFERENT_DEFINITION on the general pattern rather than METACHECK_RIGHT/COOPER_RIGHT, since resolving it properly would require reading this specific record's description text.",TRUE
"10_1111_1365_2435_13848","10_1111_1365_2435_13848","Yes","Dryad","Yes","Yes","Yes",".txt;.dat;.stl;.cas.gz;.out","Yes","Unsure",NA,NA,NA,NA,TRUE,NA,NA,NA,NA,NA,FALSE,NA,FALSE,NA,NA,FALSE,TRUE,FALSE,"any_readme[cooper=Yes,mc=No]",NA,NA,NA,NA,NA,NA,NA,NA,NA,NA,NA,NA,"DIFFERENT_DEFINITION","Cooper's Yes for this paper's README likely reflects Dryad's dataset abstract (the ONLY free-text field Dryad's API exposes) -- confirmed on 9 real Dryad datasets from this same miss set that this field is consistently the paper's own scientific abstract (numbered background/methods/results prose), never file-level documentation. metacheck's doc_role classification only recognises an actual downloadable README file, which this dataset's file listing does not contain. Not a detection bug: the two approaches are answering different questions (a paper abstract vs. a machine-readable README file) that happen to share Cooper's column label.",TRUE
"10_1111_2041_210x_13915","10_1111_2041_210x_13915","Yes","Zenodo","Yes","Yes","Yes",".csv/.tsv;.RDS;.xls(x);.Rdata","Yes","Yes","Yes","Yes","R","Yes",TRUE,NA,NA,NA,NA,NA,FALSE,NA,FALSE,NA,NA,FALSE,TRUE,FALSE,"code_archived[cooper=Yes,mc=No];any_readme[cooper=Yes,mc=No]",NA,NA,NA,NA,NA,NA,NA,NA,"COOPER_RIGHT","Same Zenodo record (10.5281/zenodo.6565339) explicitly holds ""datasets, code and guided workflow"" per the paper text; the repo_check fetch failed (""Zenodo.org seems to be offline"", logged in gated_repos) so code_check never got a chance to examine it, producing mc_code_archived=FALSE as an artifact of the outage, not genuine absence of archived code.",NA,NA,"COOPER_RIGHT","SPLIT-DOI EXTRACTION ARTIFACT | Same Zenodo record fetch failure (""Zenodo.org seems to be offline"") explains the missing README signal -- repo_check never listed any files for this paper_id to check doc_role on.",TRUE
"10_1111_1365_2656_12732","10_1111_1365_2656_12732","Yes","Dryad","Yes","Yes","Yes",".txt","Yes","Yes","No",NA,NA,NA,TRUE,NA,NA,NA,NA,NA,FALSE,NA,FALSE,NA,NA,FALSE,TRUE,FALSE,"any_readme[cooper=Yes,mc=No]",NA,NA,NA,NA,NA,NA,NA,NA,NA,NA,NA,NA,"DIFFERENT_DEFINITION","Cooper's Yes for this paper's README likely reflects Dryad's dataset abstract (the ONLY free-text field Dryad's API exposes) -- confirmed on 9 real Dryad datasets from this same miss set that this field is consistently the paper's own scientific abstract (numbered background/methods/results prose), never file-level documentation. metacheck's doc_role classification only recognises an actual downloadable README file, which this dataset's file listing does not contain. Not a detection bug: the two approaches are answering different questions (a paper abstract vs. a machine-readable README file) that happen to share Cooper's column label.",TRUE
"10_1111_2041_210x_12748","10_1111_2041_210x_12748",NA,NA,NA,NA,NA,NA,NA,"Yes","Yes",NA,"R","No",FALSE,NA,NA,NA,NA,NA,FALSE,NA,FALSE,NA,NA,FALSE,FALSE,FALSE,"code_archived[cooper=Yes,mc=No]",NA,NA,NA,NA,NA,NA,NA,NA,"COOPER_RIGHT","Full-text search finds the paper's actual statement: 'Data used for the power analysis reported in Example S1 (File S1) can be found in the Supporting Information file R code for examples 1 and 2.' The code is attached as the journal's own Supporting Information file, not deposited in an external repository -- repo_check only examines repo_urls extracted from the text (GitHub/Zenodo/Dryad/etc.), it does not open journal SI attachments, so it could never find this code.",NA,NA,NA,NA,TRUE
"10_1111_1365_2435_14431","10_1111_1365_2435_14431","Yes","Other repo/database","Yes","No","Yes",".csv/.tsv;.txt;.xls(x);.xml;.json","Yes","Yes","No",NA,NA,NA,FALSE,NA,NA,NA,NA,NA,FALSE,NA,FALSE,NA,NA,FALSE,TRUE,FALSE,"data_availability[cooper=Yes,mc=No];any_readme[cooper=Yes,mc=No]","COOPER_RIGHT","SPLIT-DOI EXTRACTION ARTIFACT | Paper text: ""Data available from Open Science Framework at https://osf.io/fwjh9/. DOI: https://doi.org/10.17605/OSF.IO/FWJH9."" No matching entry found in gated_repos, so repo_check appears to have never detected/attempted this OSF project at all (a URL-extraction miss), leaving repo_check$table empty and mc_data_availability=FALSE.",NA,NA,NA,NA,NA,NA,NA,NA,NA,NA,"DIFFERENT_DEFINITION","Platform-specific pattern not established for this repository type (osf/github/other) -- see the dominant Dryad/Zenodo/Figshare patterns documented for the majority of this column's disagreements; this individual case was not separately investigated.",TRUE
"10_1111_1365_2664_13323","10_1111_1365_2664_13323","Yes","Other repo/database","Yes","Yes","Yes",".txt","No","Unsure",NA,NA,NA,NA,FALSE,NA,NA,NA,NA,NA,FALSE,NA,FALSE,NA,NA,FALSE,FALSE,FALSE,"data_availability[cooper=Yes,mc=No]","COOPER_RIGHT","Paper text: ""Data available via the Cirad Dataserve Repository https://doi.org/10.18167/dvn1/agvow7 (Piou et al., 2018)."" CIRAD Dataverse/Dataserve is not a platform repo_check recognizes; repo_check has zero rows for this paper. | KNOWN METACHECK LIMITATION (not yet fixed, github.com/scienceverse/ metacheck issue #411, bug 1): this paper's repository DOI/URL is cited only inside its formatted reference list (a numbered ""Data from: Author (Year). Title [Dataset]. https://doi.org/..."" entry), never as an inline hyperlink or bare in-text mention. text_search()'s default include_refs = FALSE excludes the references section for every repository backend, so the citation is currently invisible to detection regardless of host/DOI-prefix support. Confirmed live 2026-09-19: the DOI itself resolves correctly when queried directly.",NA,NA,NA,NA,NA,NA,NA,NA,NA,NA,NA,NA,TRUE
"10_1111_1365_2435_13851","10_1111_1365_2435_13851","Yes","Dryad","Yes","Yes","Yes",".xls(x)","Yes","Yes","No",NA,NA,NA,TRUE,"Dryad","doi:10.5061/dryad.1g1jwstw8",TRUE,TRUE,".xlsx",FALSE,NA,FALSE,NA,NA,FALSE,TRUE,FALSE,"any_readme[cooper=Yes,mc=No]",NA,NA,NA,NA,NA,NA,NA,NA,NA,NA,NA,NA,"DIFFERENT_DEFINITION","Cooper's Yes for this paper's README likely reflects Dryad's dataset abstract (the ONLY free-text field Dryad's API exposes) -- confirmed on 9 real Dryad datasets from this same miss set that this field is consistently the paper's own scientific abstract (numbered background/methods/results prose), never file-level documentation. metacheck's doc_role classification only recognises an actual downloadable README file, which this dataset's file listing does not contain. Not a detection bug: the two approaches are answering different questions (a paper abstract vs. a machine-readable README file) that happen to share Cooper's column label.",TRUE
"10_1111_1365_2664_13117","10_1111_1365_2664_13117","No, but they are available on request",NA,NA,NA,NA,NA,NA,"Yes","No",NA,NA,NA,TRUE,NA,NA,NA,NA,NA,FALSE,NA,FALSE,NA,NA,FALSE,NA,FALSE,"data_availability[cooper=No,mc=Yes]","COOPER_RIGHT","repo_check found Zenodo record doi.org/10.5281/zenodo.1158705 with 16 code files, 3 documentation files, 1 materials file, and 4 unknown-type files -- zero files classified as data. mc_data_availability's current rule counts any file, not specifically data, so it comes out TRUE even though no dataset is actually present in this repository.",NA,NA,NA,NA,NA,NA,NA,NA,NA,NA,NA,NA,TRUE
"10_1111_1365_2656_13899","10_1111_1365_2656_13899","Yes","Zenodo","Yes",NA,"Yes",".csv/.tsv","No","Yes","No",NA,NA,NA,TRUE,"Zenodo","10.5281/zenodo.7439710",TRUE,TRUE,".csv",TRUE,NA,FALSE,NA,NA,TRUE,FALSE,TRUE,"any_readme[cooper=No,mc=Yes]",NA,NA,NA,NA,NA,NA,NA,NA,NA,NA,NA,NA,"METACHECK_RIGHT","Single Zenodo repository (10.5281/zenodo.7439710); repo_check's file listing genuinely contains a README.md. No code repository is involved (Cooper and metacheck both say code_archived=No), so there is no data-vs-code repo scoping question here -- Cooper's data_README=No for this single, real archive looks like a plain miss.",TRUE
"10_1111_1365_2435_13798","10_1111_1365_2435_13798","Yes","Other repo/database","Yes","Unsure","No",NA,NA,"Yes","No",NA,NA,NA,TRUE,"OSF",NA,FALSE,TRUE,".txt",FALSE,NA,FALSE,NA,NA,FALSE,NA,FALSE,"data_download[cooper=No,mc=Yes];data_archive[cooper=Other repo/database,mc=OSF]",NA,NA,"METACHECK_RIGHT","OSF is the only repository linked and genuinely holds the paper's data files, matching the paper's own text.",NA,NA,"METACHECK_RIGHT","Both OSF-hosted .txt files were downloaded and data_check marked tabular_usable=TRUE; the paper's own text confirms all data are on OSF.",NA,NA,NA,NA,NA,NA,TRUE
"10_1111_1365_2656_12918","10_1111_1365_2656_12918","Yes","Dryad","Yes","Yes","Yes",".csv/.tsv","Yes","Yes","Yes","Yes","R","Yes",TRUE,NA,NA,NA,NA,NA,TRUE,NA,FALSE,NA,NA,TRUE,TRUE,TRUE,"code_archived[cooper=Yes,mc=No]",NA,NA,NA,NA,NA,NA,NA,NA,"METACHECK_RIGHT","the same sentence explicitly states code is stored in the Dryad repository alongside the data, so code_archived should be Yes; metacheck reporting No looks like the same detection/link-resolution miss affecting data_availability for this paper",NA,NA,NA,NA,TRUE
"10_1111_2041_210x_13231","10_1111_2041_210x_13231",NA,NA,NA,NA,NA,NA,NA,"Yes","Yes","Yes","Other","Yes",TRUE,"GitHub, GitLab, Codeberg or similar platform",NA,TRUE,TRUE,".xls;.xlsx",TRUE,NA,FALSE,NA,NA,TRUE,TRUE,TRUE,"code_archived[cooper=Yes,mc=No]",NA,NA,NA,NA,NA,NA,NA,NA,"COOPER_RIGHT","text explicitly states ""OpenDropOff design files, source code and binaries are downloadable at https://github.com/Wild-Spy/OpenDrop (https://doi.org/10.5281/zenodo.3164835)"" and further ""all necessary information and files... have been provided directly in the manuscript and/or in the associated GitHub repository under the terms of the GNU General Public License v3.0""; code is unambiguously archived on GitHub/Zenodo with an explicit open-source license, so metacheck reporting No looks like a clear detection miss",NA,NA,NA,NA,TRUE
"10_1111_2041_210x_13673","10_1111_2041_210x_13673","Yes","Dryad","Yes","Yes","Yes",".csv/.tsv;.txt;.png","Yes","Yes","No",NA,NA,NA,TRUE,"Dryad","doi:10.5061/dryad.n5tb2rbw2",TRUE,TRUE,".csv",FALSE,NA,FALSE,NA,NA,FALSE,TRUE,FALSE,"any_readme[cooper=Yes,mc=No]",NA,NA,NA,NA,NA,NA,NA,NA,NA,NA,NA,NA,"DIFFERENT_DEFINITION","Cooper's Yes for this paper's README likely reflects Dryad's dataset abstract (the ONLY free-text field Dryad's API exposes) -- confirmed on 9 real Dryad datasets from this same miss set that this field is consistently the paper's own scientific abstract (numbered background/methods/results prose), never file-level documentation. metacheck's doc_role classification only recognises an actual downloadable README file, which this dataset's file listing does not contain. Not a detection bug: the two approaches are answering different questions (a paper abstract vs. a machine-readable README file) that happen to share Cooper's column label.",TRUE
"10_1111_1365_2745_13006","10_1111_1365_2745_13006","Yes","Figshare","Yes","Yes","Yes",".xls(x)","Yes","Yes","Yes","Yes","R","Yes",TRUE,NA,NA,NA,NA,NA,FALSE,NA,FALSE,NA,NA,FALSE,TRUE,FALSE,"code_archived[cooper=Yes,mc=No];any_readme[cooper=Yes,mc=No]",NA,NA,NA,NA,NA,NA,NA,NA,"COOPER_RIGHT","same sentence confirms ""r codes used to perform analyses are available through figshare"", metacheck missed this",NA,NA,"DIFFERENT_DEFINITION","Archive-only: repo_check's file listing for this paper is a single compressed archive (.zip/.rar/...) with no separate top-level file. repo_check's own peek_zips=TRUE default DOES try to read a zip's file listing remotely without downloading it, so a README bundled inside is not automatically invisible -- but that peek attempt evidently failed for this specific archive. Confirmed structural cause for Dryad-hosted zips: the peek's HTTP Range request is unauthenticated and Dryad's file-download endpoint returns 401 Unauthorized without an OAuth token, so the peek can never succeed there. For Zenodo/other platforms the failure cause is not yet fully pinned down (see the issue's discussion). Filed as https://github.com/scienceverse/metacheck/issues/378. DIFFERENT_DEFINITION rather than a verdict: resolving this needs a code fix (authenticated peek requests, at minimum for Dryad), not a judgement call on this specific paper.",TRUE
"10_1111_1365_2656_13220","10_1111_1365_2656_13220","Yes","Other repo/database","Yes","Yes","Yes",".csv/.tsv","Yes","Yes","Yes","Yes","R","Yes",TRUE,"OSF",NA,TRUE,TRUE,".csv;.pdf;.rdata",FALSE,NA,TRUE,TRUE,"R",FALSE,TRUE,FALSE,"data_archive[cooper=Other repo/database,mc=OSF];any_readme[cooper=Yes,mc=No]",NA,NA,"METACHECK_RIGHT","statement explicitly says data and R code ""are deposited on the Open Science Framework: https://doi.org/10.17605/OSF.IO/62JE8"", this is unambiguously OSF not ""Other repo/database""",NA,NA,NA,NA,NA,NA,NA,NA,"DIFFERENT_DEFINITION","Platform-specific pattern not established for this repository type (osf/github/other) -- see the dominant Dryad/Zenodo/Figshare patterns documented for the majority of this column's disagreements; this individual case was not separately investigated.",TRUE
"10_1111_1365_2656_13478","10_1111_1365_2656_13478","Yes","Other repo/database","No","Yes","Yes",".csv/.tsv","Yes","Yes","Yes","Yes","R","No",FALSE,NA,NA,NA,NA,NA,FALSE,NA,FALSE,NA,NA,FALSE,TRUE,FALSE,"data_availability[cooper=Yes,mc=No];code_archived[cooper=Yes,mc=No];any_readme[cooper=Yes,mc=No]","COOPER_RIGHT","UNSUPPORTED REPO | Paper states ""All data are deposited at https://cicese.repositorioinstitucional.mx/jspui/handle/1007/3374""; repo_check's summary_table shows repo_n=0 for this paper -- this institutional-repository URL was never detected/extracted at all.",NA,NA,NA,NA,NA,NA,"UNCLEAR","Paper text found cites only data (""All data are deposited at..."") plus one incidental third-party R package (vioplot, cited only as a tool used) -- no statement that the authors' own code is archived anywhere was found. Insufficient evidence to confirm Cooper's Yes for a distinct code archive.",NA,NA,"UNCLEAR","The only confirmed repository is the CICESE data deposit, missed entirely by repo_check (repo_n=0); no readme-related evidence for it was found in the extracted paper text, so Cooper's basis for Yes cannot be confirmed here.",TRUE
"10_1111_1365_2745_12872","10_1111_1365_2745_12872","Yes","Dryad","Yes","Yes","Yes",".csv/.tsv","Quasi-README","Yes","No",NA,NA,NA,TRUE,NA,NA,NA,NA,NA,FALSE,NA,FALSE,NA,NA,FALSE,TRUE,FALSE,"any_readme[cooper=Yes,mc=No]",NA,NA,NA,NA,NA,NA,NA,NA,NA,NA,NA,NA,"DIFFERENT_DEFINITION","Archive-only: repo_check's file listing for this paper is a single compressed archive (.zip/.rar/...) with no separate top-level file. repo_check's own peek_zips=TRUE default DOES try to read a zip's file listing remotely without downloading it, so a README bundled inside is not automatically invisible -- but that peek attempt evidently failed for this specific archive. Confirmed structural cause for Dryad-hosted zips: the peek's HTTP Range request is unauthenticated and Dryad's file-download endpoint returns 401 Unauthorized without an OAuth token, so the peek can never succeed there. For Zenodo/other platforms the failure cause is not yet fully pinned down (see the issue's discussion). Filed as https://github.com/scienceverse/metacheck/issues/378. DIFFERENT_DEFINITION rather than a verdict: resolving this needs a code fix (authenticated peek requests, at minimum for Dryad), not a judgement call on this specific paper.",TRUE
"10_1111_1365_2745_14045","10_1111_1365_2745_14045","Yes","Other repo/database","Yes","Yes","Yes",".rwl","Yes","Yes","Yes","Yes","R","Yes",TRUE,NA,NA,NA,NA,NA,FALSE,NA,TRUE,TRUE,"R",FALSE,TRUE,FALSE,"any_readme[cooper=Yes,mc=No]",NA,NA,NA,NA,NA,NA,NA,NA,NA,NA,NA,NA,"DIFFERENT_DEFINITION","Cooper's Yes for this paper's README may reflect this Figshare article's `description` field -- checked live 2026-09-02 against a sample of 10 real Figshare articles from this miss set and found genuine variation (roughly 2 of 10 had real file-by-file documentation, the rest were abstract/methods-style summaries indistinguishable from Dryad's pattern), i.e. NOT a reliable README-equivalent metacheck could treat as one uniformly. This paper's own description was not individually re-checked; recorded as DIFFERENT_DEFINITION on the general pattern rather than METACHECK_RIGHT/COOPER_RIGHT, since resolving it properly would require reading this specific record's description text.",TRUE
"10_1111_1365_2656_13310","10_1111_1365_2656_13310","Yes","Dryad","Yes","Yes","Yes",".xls(x)","Yes","Yes","No",NA,NA,NA,TRUE,"Dryad","doi:10.5061/dryad.mkkwh70x0",TRUE,TRUE,".xlsx",FALSE,NA,FALSE,NA,NA,FALSE,TRUE,FALSE,"any_readme[cooper=Yes,mc=No]",NA,NA,NA,NA,NA,NA,NA,NA,NA,NA,NA,NA,"DIFFERENT_DEFINITION","Cooper's Yes for this paper's README likely reflects Dryad's dataset abstract (the ONLY free-text field Dryad's API exposes) -- confirmed on 9 real Dryad datasets from this same miss set that this field is consistently the paper's own scientific abstract (numbered background/methods/results prose), never file-level documentation. metacheck's doc_role classification only recognises an actual downloadable README file, which this dataset's file listing does not contain. Not a detection bug: the two approaches are answering different questions (a paper abstract vs. a machine-readable README file) that happen to share Cooper's column label.",TRUE
"10_1111_1365_2656_13777","10_1111_1365_2656_13777","No",NA,NA,NA,NA,NA,NA,"Yes","Yes","Yes","R","Yes",TRUE,NA,NA,NA,NA,NA,TRUE,NA,TRUE,TRUE,"Python;R",TRUE,TRUE,TRUE,"data_availability[cooper=No,mc=Yes]","COOPER_RIGHT","repo_check found Zenodo record doi.org/10.5281/zenodo.6821917 with 6 code files and 1 documentation file -- zero files classified as data.",NA,NA,NA,NA,NA,NA,NA,NA,NA,NA,NA,NA,TRUE
"10_1111_1365_2656_13237","10_1111_1365_2656_13237","Yes","Dryad","Yes","Yes","Yes",".csv/.tsv","Quasi-README","Yes","No",NA,NA,NA,TRUE,"Dryad","doi:10.5061/dryad.70rxwdbtv",TRUE,TRUE,".csv",FALSE,NA,FALSE,NA,NA,FALSE,TRUE,FALSE,"any_readme[cooper=Yes,mc=No]",NA,NA,NA,NA,NA,NA,NA,NA,NA,NA,NA,NA,"DIFFERENT_DEFINITION","Cooper's Yes for this paper's README likely reflects Dryad's dataset abstract (the ONLY free-text field Dryad's API exposes) -- confirmed on 9 real Dryad datasets from this same miss set that this field is consistently the paper's own scientific abstract (numbered background/methods/results prose), never file-level documentation. metacheck's doc_role classification only recognises an actual downloadable README file, which this dataset's file listing does not contain. Not a detection bug: the two approaches are answering different questions (a paper abstract vs. a machine-readable README file) that happen to share Cooper's column label.",TRUE
"10_1111_1365_2435_14194","10_1111_1365_2435_14194","Yes","Other repo/database","No","No","Yes",".sql(ite)","No","Yes","No",NA,NA,NA,FALSE,NA,NA,NA,NA,NA,FALSE,NA,FALSE,NA,NA,FALSE,FALSE,FALSE,"data_availability[cooper=Yes,mc=No]","COOPER_RIGHT","DOMAIN-SPECIFIC BIOINFORMATICS DATABASE (NCBI/GenBank-family) | Paper text: ""The raw reads were deposited into the NCBI Sequence Read Archive (SRA) database with Accession Number: PRJNA780219 (Zhang et al., 2022)."" repo_check found zero files for this paper -- it never located/checked this NCBI SRA deposit.",NA,NA,NA,NA,NA,NA,NA,NA,NA,NA,NA,NA,TRUE
"10_1111_1365_2435_14670","10_1111_1365_2435_14670","Yes","Other repo/database",NA,"Yes","Yes",".csv/.tsv","Yes","Yes","No",NA,NA,NA,FALSE,NA,NA,NA,NA,NA,FALSE,NA,FALSE,NA,NA,FALSE,TRUE,FALSE,"data_availability[cooper=Yes,mc=No];any_readme[cooper=Yes,mc=No]","COOPER_RIGHT","UNSUPPORTED REPO | Paper states ""Data to support the findings for this study and the metabolomics data produced are available from the Swedish National Data repository https://doi.org/10.5878/kr3s-6v85""; repo_check's summary_table shows repo_n=0 -- this repository was never detected at all.",NA,NA,NA,NA,NA,NA,NA,NA,NA,NA,"COOPER_RIGHT","The Swedish National Data repository deposit (10.5878/kr3s-6v85) holding this paper's data was never detected by repo_check (repo_n=0), so metacheck never had a file listing to check for a readme.",TRUE
"10_1111_1365_2656_14198","10_1111_1365_2656_14198","Yes","Dryad","Yes","Yes","Yes",".txt;.xls(x)","Yes","Yes","Yes","Yes","R","Yes",TRUE,NA,NA,NA,NA,NA,TRUE,NA,FALSE,NA,NA,TRUE,TRUE,TRUE,"code_archived[cooper=Yes,mc=No]",NA,NA,NA,NA,NA,NA,NA,NA,"COOPER_RIGHT","same sentence explicitly includes code, metacheck missed this",NA,NA,NA,NA,TRUE
"10_1002_pan3_10579","10_1002_pan3_10579","Yes","Zenodo","Yes","Yes","Yes",".xls(x)","Yes","No",NA,NA,NA,NA,TRUE,"Zenodo","10.5281/zenodo.6572662",TRUE,TRUE,".xlsx",FALSE,NA,FALSE,NA,NA,FALSE,TRUE,FALSE,"any_readme[cooper=Yes,mc=No]",NA,NA,NA,NA,NA,NA,NA,NA,NA,NA,NA,NA,"DIFFERENT_DEFINITION","Cooper's Yes for this paper's README may reflect this Zenodo record's `description` field -- checked live 2026-09-02 against a sample of 6 real Zenodo records from this miss set and found genuine variation (sometimes a study summary, sometimes contact metadata, sometimes file-by-file documentation, sometimes empty), i.e. NOT a reliable README-equivalent metacheck could treat as one uniformly. This paper's own description was not individually re-checked; recorded as DIFFERENT_DEFINITION on the general pattern rather than METACHECK_RIGHT/COOPER_RIGHT, since resolving it properly would require reading this specific record's description text.",TRUE
"10_1111_1365_2435_14289","10_1111_1365_2435_14289","Yes","Dryad","Yes","No","Yes",".csv/.tsv;.xls(x)","Yes","No",NA,NA,NA,NA,TRUE,"Dryad","doi:10.5061/dryad.1vhhmgqxb",TRUE,TRUE,".csv;.xlsx",TRUE,NA,FALSE,NA,NA,TRUE,TRUE,TRUE,"data_license[cooper=No,mc=Yes]",NA,NA,NA,NA,"METACHECK_RIGHT","Dryad dataset doi:10.5061/dryad.1vhhmgqxb carries a CC0-1.0 license, retrieved from Dryad's dataset API (https://spdx.org/licenses/CC0-1.0.html).",NA,NA,NA,NA,NA,NA,NA,NA,TRUE
"10_1111_1365_2745_13057","10_1111_1365_2745_13057","Yes","Dryad","Yes","Yes","Yes",".xls(x)","Yes","Yes","No",NA,NA,NA,TRUE,"Dryad","doi:10.5061/dryad.fm23dq6",TRUE,TRUE,".xlsx",FALSE,NA,FALSE,NA,NA,FALSE,TRUE,FALSE,"any_readme[cooper=Yes,mc=No]",NA,NA,NA,NA,NA,NA,NA,NA,NA,NA,NA,NA,"DIFFERENT_DEFINITION","Cooper's Yes for this paper's README likely reflects Dryad's dataset abstract (the ONLY free-text field Dryad's API exposes) -- confirmed on 9 real Dryad datasets from this same miss set that this field is consistently the paper's own scientific abstract (numbered background/methods/results prose), never file-level documentation. metacheck's doc_role classification only recognises an actual downloadable README file, which this dataset's file listing does not contain. Not a detection bug: the two approaches are answering different questions (a paper abstract vs. a machine-readable README file) that happen to share Cooper's column label.",TRUE
"10_1111_1365_2745_13644","10_1111_1365_2745_13644","Yes","Dryad","Yes","Yes","Yes",".xls(x)","Yes","Yes","No",NA,NA,NA,TRUE,"Dryad","doi:10.5061/dryad.34tmpg4jr",TRUE,TRUE,".xlsx",FALSE,NA,FALSE,NA,NA,FALSE,TRUE,FALSE,"any_readme[cooper=Yes,mc=No]",NA,NA,NA,NA,NA,NA,NA,NA,NA,NA,NA,NA,"DIFFERENT_DEFINITION","Cooper's Yes for this paper's README likely reflects Dryad's dataset abstract (the ONLY free-text field Dryad's API exposes) -- confirmed on 9 real Dryad datasets from this same miss set that this field is consistently the paper's own scientific abstract (numbered background/methods/results prose), never file-level documentation. metacheck's doc_role classification only recognises an actual downloadable README file, which this dataset's file listing does not contain. Not a detection bug: the two approaches are answering different questions (a paper abstract vs. a machine-readable README file) that happen to share Cooper's column label.",TRUE
"10_1002_2688_8319_12139","10_1002_2688_8319_12139","Yes","Zenodo","Yes",NA,"Yes",".xls(x);.shp","Yes","No",NA,NA,NA,NA,TRUE,"Zenodo","10.5281/zenodo.6233027;10.5281/zenodo.6251519",TRUE,TRUE,".csv;.xlsx",FALSE,NA,FALSE,NA,NA,FALSE,TRUE,FALSE,"any_readme[cooper=Yes,mc=No]",NA,NA,NA,NA,NA,NA,NA,NA,NA,NA,NA,NA,"DIFFERENT_DEFINITION","Cooper's Yes for this paper's README may reflect this Zenodo record's `description` field -- checked live 2026-09-02 against a sample of 6 real Zenodo records from this miss set and found genuine variation (sometimes a study summary, sometimes contact metadata, sometimes file-by-file documentation, sometimes empty), i.e. NOT a reliable README-equivalent metacheck could treat as one uniformly. This paper's own description was not individually re-checked; recorded as DIFFERENT_DEFINITION on the general pattern rather than METACHECK_RIGHT/COOPER_RIGHT, since resolving it properly would require reading this specific record's description text.",TRUE
"10_1111_1365_2664_14167","10_1111_1365_2664_14167","Yes","Dryad","Yes, but DOI not found/incorrect","Unsure",NA,NA,"Unsure","No",NA,NA,NA,NA,FALSE,NA,NA,NA,NA,NA,FALSE,NA,FALSE,NA,NA,FALSE,NA,FALSE,"data_availability[cooper=Yes,mc=No]","COOPER_RIGHT","EMBARGOED/RESTRICTED AT SOURCE (confirmed via the repository's own API) | Paper's own availability statement: ""Data are available via the Dryad Digital Repository https://doi.org/10.5061/dryad.4tmpg4fc0."" Cites a real Dryad repository (https://doi.org/10.5061/dryad.4tmpg4fc0). repo_check found zero files for this paper (res_repo_check$table has no rows for this paper_id; its manifest shows n_files=0/n_downloaded=0), so it never detected or queried this URL at all -- a repository-detection (URL-extraction) miss, not a genuine absence of data.",NA,NA,NA,NA,NA,NA,NA,NA,NA,NA,NA,NA,TRUE
"10_1111_1365_2435_13128","10_1111_1365_2435_13128","Yes","Dryad","Yes","Yes","Yes",".xls(x)","Quasi-README","Yes","No",NA,NA,NA,TRUE,"Dryad","doi:10.5061/dryad.pq1js52",TRUE,TRUE,".xlsx",FALSE,NA,FALSE,NA,NA,FALSE,TRUE,FALSE,"any_readme[cooper=Yes,mc=No]",NA,NA,NA,NA,NA,NA,NA,NA,NA,NA,NA,NA,"DIFFERENT_DEFINITION","Cooper's Yes for this paper's README likely reflects Dryad's dataset abstract (the ONLY free-text field Dryad's API exposes) -- confirmed on 9 real Dryad datasets from this same miss set that this field is consistently the paper's own scientific abstract (numbered background/methods/results prose), never file-level documentation. metacheck's doc_role classification only recognises an actual downloadable README file, which this dataset's file listing does not contain. Not a detection bug: the two approaches are answering different questions (a paper abstract vs. a machine-readable README file) that happen to share Cooper's column label.",TRUE
"10_1111_1365_2435_13183","10_1111_1365_2435_13183",NA,NA,NA,NA,NA,NA,NA,"Yes","Yes","Yes","Julia","Yes",TRUE,NA,NA,NA,NA,NA,TRUE,NA,FALSE,NA,NA,TRUE,TRUE,TRUE,"code_archived[cooper=Yes,mc=No]",NA,NA,NA,NA,NA,NA,NA,NA,"COOPER_RIGHT","Data Accessibility statement says ""a simplified model is available at https://doi.org/10.5281/zenodo.1296303"" and the Output subsection states ""An example of model code is available in the Data Accessibility section"", metacheck missed this",NA,NA,NA,NA,TRUE
"10_1111_1365_2664_14382","10_1111_1365_2664_14382","Yes","Dryad;Supplementary materials","Yes","Yes","Yes",".csv/.tsv;.doc(x)","Yes","Yes","No",NA,NA,NA,TRUE,"Dryad","doi:10.5061/dryad.rn8pk0pgq",TRUE,TRUE,".csv",TRUE,NA,TRUE,TRUE,"R",TRUE,TRUE,TRUE,"code_archived[cooper=No,mc=Yes]",NA,NA,NA,NA,NA,NA,NA,NA,"COOPER_RIGHT","Data Availability Statement only says ""Data are available from the Dryad Digital Repository https://doi.org/10.5061/dryad.rn8pk0pgq""; no mention of code/scripts anywhere in the availability statement, methods, or elsewhere in the scanned text (this is a meta-analysis of published effect sizes, not original code-driven analysis reported as archived)",NA,NA,NA,NA,TRUE
"10_1111_1365_2435_13026","10_1111_1365_2435_13026","Yes","Dryad","Yes","No","Yes",".csv/.tsv","No","Yes","Yes","Yes","R","No",TRUE,"Dryad","doi:10.5061/dryad.8cq43",TRUE,TRUE,".csv",FALSE,NA,TRUE,TRUE,"R",FALSE,FALSE,FALSE,"data_license[cooper=No,mc=Yes]",NA,NA,NA,NA,"METACHECK_RIGHT","Dryad dataset doi:10.5061/dryad.8cq43 carries a CC0-1.0 license, retrieved from Dryad's dataset API and confirmed live on the dataset's own page (https://datadryad.org/dataset/doi:10.5061/dryad.8cq43), which explicitly shows ""CC0""/""Creative Commons"" licensing.",NA,NA,NA,NA,NA,NA,NA,NA,TRUE
"10_1111_1365_2745_13973","10_1111_1365_2745_13973","Yes","Figshare","Yes","Yes","Yes",".xls(x)","Yes","Yes","No",NA,NA,NA,TRUE,"Figshare","10.6084/m9.figshare.20317365.v1",TRUE,TRUE,".xlsx",FALSE,NA,FALSE,NA,NA,FALSE,TRUE,FALSE,"any_readme[cooper=Yes,mc=No]",NA,NA,NA,NA,NA,NA,NA,NA,NA,NA,NA,NA,"DIFFERENT_DEFINITION","Cooper's Yes for this paper's README may reflect this Figshare article's `description` field -- checked live 2026-09-02 against a sample of 10 real Figshare articles from this miss set and found genuine variation (roughly 2 of 10 had real file-by-file documentation, the rest were abstract/methods-style summaries indistinguishable from Dryad's pattern), i.e. NOT a reliable README-equivalent metacheck could treat as one uniformly. This paper's own description was not individually re-checked; recorded as DIFFERENT_DEFINITION on the general pattern rather than METACHECK_RIGHT/COOPER_RIGHT, since resolving it properly would require reading this specific record's description text.",TRUE
"10_1002_pan3_10149","10_1002_pan3_10149","Yes","Other repo/database","No",NA,NA,NA,NA,"No",NA,NA,NA,NA,FALSE,NA,NA,NA,NA,NA,FALSE,NA,FALSE,NA,NA,FALSE,NA,FALSE,"data_availability[cooper=Yes,mc=No]","DIFFERENT_DEFINITION","Paper's only availability statement is ""They will be archived with Griffith University and Walalakoo Aboriginal Corporation"" -- a stated commitment to future/institutional archiving with no downloadable URL or DOI. Cooper's Yes likely credits the stated commitment to share; mc's FALSE reflects that there is no checkable repository URL for repo_check to ever find -- the two answer different questions (does the paper commit to sharing vs. is there a machine-checkable repository).",NA,NA,NA,NA,NA,NA,NA,NA,NA,NA,NA,NA,TRUE
"10_1111_1365_2745_14155","10_1111_1365_2745_14155","No",NA,NA,NA,NA,NA,NA,"Yes","Yes","Yes","R;Shell","Yes",TRUE,NA,NA,NA,NA,NA,TRUE,NA,TRUE,TRUE,"R",TRUE,TRUE,TRUE,"data_availability[cooper=No,mc=Yes]","COOPER_RIGHT","The Zenodo repository (10.5281/zenodo.8026981) contains only code files (lambda_functions.R, simulation scripts) and a README -- no real data files. The paper's own text confirms: 'All code used for the analyses of this paper are archived on Zenodo.' mc_data_availability incorrectly derives TRUE from files_n > 0 regardless of file type.",NA,NA,NA,NA,NA,NA,NA,NA,NA,NA,NA,NA,TRUE
"10_1111_1365_2664_13904","10_1111_1365_2664_13904","Yes","Dryad","Yes, but DOI not found/incorrect","Unsure",NA,NA,"Unsure","Unsure",NA,NA,NA,NA,FALSE,NA,NA,NA,NA,NA,FALSE,NA,FALSE,NA,NA,FALSE,NA,FALSE,"data_availability[cooper=Yes,mc=No]","COOPER_RIGHT","EMBARGOED/RESTRICTED AT SOURCE (confirmed via the repository's own API) | Paper text: ""Data available via the Dryad Digital Repository https://doi.org/10.5061/dryad.83bk3j9rf (Li et al., 2021)"", also repeated in the reference list. repo_metadata DOES have a row for this exact DOI (doi:10.5061/dryad.83bk3j9rf), confirming repo_check identified the repository, but repo_check$table (the per-file listing) has zero rows for this paper -- the repository was recognized but its file listing was never successfully retrieved, producing mc_data_availability=FALSE.",NA,NA,NA,NA,NA,NA,NA,NA,NA,NA,NA,NA,TRUE
"10_1111_1365_2656_13671","10_1111_1365_2656_13671","Yes","Other repo/database","Yes","Unsure","Yes",".txt","Yes","Yes","No",NA,NA,NA,FALSE,NA,NA,NA,NA,NA,FALSE,NA,FALSE,NA,NA,FALSE,TRUE,FALSE,"data_availability[cooper=Yes,mc=No];any_readme[cooper=Yes,mc=No]","COOPER_RIGHT","Paper text: 'Data are available from Auburn University Data Repository (AUrora) at: https://doi.org/10.35099/aurora-91.' AUrora is not a repo_check-recognized platform (not Dryad/Zenodo/Figshare/OSF/GitHub); repo_check found/listed nothing at all for this paper.",NA,NA,NA,NA,NA,NA,NA,NA,NA,NA,"COOPER_RIGHT","UNSUPPORTED REPO | Same root cause: AUrora is not a repo_check-recognized platform, so repo_check never checked it for a readme.",TRUE
"10_1111_1365_2664_14415","10_1111_1365_2664_14415","Yes","Other repo/database","Yes","Yes","Yes, but not all data",".csv/.tsv;.xls(x)","Yes","Yes","No",NA,NA,NA,FALSE,NA,NA,NA,NA,NA,FALSE,NA,FALSE,NA,NA,FALSE,TRUE,FALSE,"data_availability[cooper=Yes,mc=No];any_readme[cooper=Yes,mc=No]","COOPER_RIGHT","Full-text search finds: 'The frequency of spillover events to horses...is available in Cornell University eCommons Digital Repository (https://doi.org/10.7298/3dbp-t721).' Cornell eCommons is not a repo_check-recognized platform; repo_check found/listed nothing at all for this paper.",NA,NA,NA,NA,NA,NA,NA,NA,NA,NA,"COOPER_RIGHT","UNSUPPORTED REPO | Same root cause: Cornell eCommons is not a repo_check-recognized platform, so repo_check never checked it for a readme.",TRUE
"10_1111_1365_2745_12930","10_1111_1365_2745_12930","Yes","Other repo/database","Yes","Unsure","Yes",".txt","No","Yes","No",NA,NA,NA,FALSE,NA,NA,NA,NA,NA,FALSE,NA,FALSE,NA,NA,FALSE,FALSE,FALSE,"data_availability[cooper=Yes,mc=No]","COOPER_RIGHT","Paper text: 'Data associated with this paper have been deposited in the Environmental Climate Data Sweden depository https://ecds.se/dataset/species-distribution-modelling-data-for-23-dead-wood-inhabiting-bryophytes.' ECDS is not a repo_check-recognized platform; repo_check found/listed nothing at all for this paper.",NA,NA,NA,NA,NA,NA,NA,NA,NA,NA,NA,NA,TRUE
"10_1111_1365_2664_13241","10_1111_1365_2664_13241","Yes","Dryad","Yes","Yes","Yes",".txt;.xls(x)","Yes","Yes","Yes","Yes","R","No",TRUE,NA,NA,NA,NA,NA,TRUE,NA,FALSE,NA,NA,TRUE,TRUE,TRUE,"code_archived[cooper=Yes,mc=No]",NA,NA,NA,NA,NA,NA,NA,NA,"UNCLEAR","no mention of code or scripts anywhere in the availability statement, methods, or elsewhere in the scanned text; cannot confirm Cooper's Yes from the text, though code could exist in the live Dryad repo without being called out",NA,NA,NA,NA,TRUE
"10_1111_1365_2656_14015","10_1111_1365_2656_14015","Yes","Other repo/database","Yes","No","Yes",".Rdata","No","Yes","Yes","Yes","R","No",TRUE,"OSF",NA,FALSE,TRUE,".rdata",FALSE,NA,TRUE,TRUE,"R",FALSE,FALSE,FALSE,"data_archive[cooper=Other repo/database,mc=OSF]",NA,NA,"METACHECK_RIGHT","Data Availability Statement explicitly says ""Data and code available from the Open Science Framework https://doi.org/10.17605/OSF.IO/PNJFW"", unambiguously OSF, not ""Other repo/database""",NA,NA,NA,NA,NA,NA,NA,NA,NA,NA,TRUE
"10_1111_1365_2664_14013","10_1111_1365_2664_14013","Yes","Zenodo","Yes","No","Yes",".csv/.tsv","Yes","Yes","Yes","Yes","R","Yes",TRUE,"Zenodo","10.5281/zenodo.5290638",TRUE,TRUE,".csv",TRUE,NA,TRUE,TRUE,"R",TRUE,TRUE,TRUE,"data_license[cooper=No,mc=Yes]",NA,NA,NA,NA,"METACHECK_RIGHT","Zenodo record 3516971's metadata reports license=other-open, matching the paper's own text naming this Zenodo DOI as the data archive.",NA,NA,NA,NA,NA,NA,NA,NA,TRUE
"10_1111_1365_2745_12892","10_1111_1365_2745_12892","Yes","Dryad","Yes","Yes","Yes",".txt;.tif","No","Yes","Yes",NA,NA,NA,TRUE,NA,NA,NA,NA,NA,FALSE,NA,FALSE,NA,NA,FALSE,FALSE,FALSE,"code_archived[cooper=Yes,mc=No]",NA,NA,NA,NA,NA,NA,NA,NA,"COOPER_RIGHT","same statement continues ""All data and R codes are also available at the following web address: https://github.com/dcyr"", explicit and unambiguous, metacheck missed this",NA,NA,NA,NA,TRUE
"10_1111_1365_2664_13538","10_1111_1365_2664_13538","Yes","Dryad","Yes","Yes","Yes",".txt","Yes","Yes","Yes","Yes","R","Yes",TRUE,NA,NA,NA,NA,NA,FALSE,NA,FALSE,NA,NA,FALSE,TRUE,FALSE,"code_archived[cooper=Yes,mc=No];any_readme[cooper=Yes,mc=No]",NA,NA,NA,NA,NA,NA,NA,NA,"COOPER_RIGHT","Methods (Table 1 section) explicitly states ""The code and functions used to run these analyses are available at Data Accessibility Statement"", confirming code is archived alongside the data, metacheck missed this",NA,NA,"DIFFERENT_DEFINITION","Archive-only: repo_check's file listing for this paper is a single compressed archive (.zip/.rar/...) with no separate top-level file. repo_check's own peek_zips=TRUE default DOES try to read a zip's file listing remotely without downloading it, so a README bundled inside is not automatically invisible -- but that peek attempt evidently failed for this specific archive. Confirmed structural cause for Dryad-hosted zips: the peek's HTTP Range request is unauthenticated and Dryad's file-download endpoint returns 401 Unauthorized without an OAuth token, so the peek can never succeed there. For Zenodo/other platforms the failure cause is not yet fully pinned down (see the issue's discussion). Filed as https://github.com/scienceverse/metacheck/issues/378. DIFFERENT_DEFINITION rather than a verdict: resolving this needs a code fix (authenticated peek requests, at minimum for Dryad), not a judgement call on this specific paper.",TRUE
"10_1111_1365_2435_14678","10_1111_1365_2435_14678","Yes","Other repo/database","Yes","Yes","Yes",".csv/.tsv","Yes","Yes","No",NA,NA,NA,FALSE,NA,NA,NA,NA,NA,FALSE,NA,FALSE,NA,NA,FALSE,TRUE,FALSE,"data_availability[cooper=Yes,mc=No];any_readme[cooper=Yes,mc=No]","COOPER_RIGHT","UNSUPPORTED REPO (Environmental Data Initiative) | Paper text: ""All data packages and R scripts used in this study are available through the Environmental Data Initiative: https://doi.org/10.6073/pasta/3aa17817f28596b2823d492474a8a409 (Hallmark, 2024)."" EDI is not a platform repo_check recognizes; repo_check has zero rows for this paper.",NA,NA,NA,NA,NA,NA,NA,NA,NA,NA,"COOPER_RIGHT","Same repo-detection miss as data_availability: the EDI data package was never fetched by repo_check, so mc_any_readme's FALSE reflects zero files examined, not evidence of no README.",TRUE
"10_1111_1365_2745_13815","10_1111_1365_2745_13815","Yes","Dryad","Yes","Yes","Yes",".csv/.tsv","Yes","Yes","No",NA,NA,NA,TRUE,"Dryad;GitHub, GitLab, Codeberg or similar platform","doi:10.5061/dryad.qv9s4mwg1",TRUE,TRUE,".csv;.gz;.tsv",TRUE,NA,TRUE,TRUE,"Python",TRUE,TRUE,TRUE,"code_archived[cooper=No,mc=Yes]",NA,NA,NA,NA,NA,NA,NA,NA,"COOPER_RIGHT","Data Availability Statement only mentions ""Data available from the Dryad Digital Repository https://doi.org/10.5061/dryad.qv9s4mwg1""; the only GitHub links in the text (QIIME2 plugin references in Methods) are citations of third-party bioinformatics tools used, not an archived repository of the authors' own analysis code",NA,NA,NA,NA,TRUE
"10_1111_1365_2656_14169","10_1111_1365_2656_14169","Yes","Figshare","Unsure",NA,"Yes",".csv/.tsv","No","No",NA,NA,NA,NA,FALSE,NA,NA,NA,NA,NA,FALSE,NA,FALSE,NA,NA,FALSE,FALSE,FALSE,"data_availability[cooper=Yes,mc=No]","COOPER_RIGHT","UNSUPPORTED REPO (opaque Figshare share-link) | Paper text: ""Data available from figshare https://figshare.com/s/10750d4412dcd6cde0d7 (Schausberger & Nguyen, 2024)."" repo_check found zero files for this paper -- it never located/checked this Figshare share-link.",NA,NA,NA,NA,NA,NA,NA,NA,NA,NA,NA,NA,TRUE
"10_1111_1365_2745_13875","10_1111_1365_2745_13875","Yes","Dryad","Yes","Yes","Yes",".csv/.tsv","Yes","Unsure",NA,NA,NA,NA,FALSE,NA,NA,NA,NA,NA,FALSE,NA,FALSE,NA,NA,FALSE,TRUE,FALSE,"data_availability[cooper=Yes,mc=No];any_readme[cooper=Yes,mc=No]","COOPER_RIGHT","SPLIT-DOI EXTRACTION ARTIFACT | Reference list cites a real Dryad DOI: ""Campbell, D. R. ... (2022). Data from: Comparative impacts of long-term trends in snowmelt ... Dryad Digital Repository. https://doi.org/10.7280/D1D99J."" repo_check found zero files for this paper -- it never located/checked this Dryad DOI.",NA,NA,NA,NA,NA,NA,NA,NA,NA,NA,"COOPER_RIGHT","Same root cause: repo_check never located the Dryad repository the paper cites, so no README evidence could ever be recorded.",TRUE
"10_1111_1365_2435_14111","10_1111_1365_2435_14111","Yes","Dryad","Yes, but DOI not found/incorrect",NA,NA,NA,NA,"Yes","No",NA,NA,NA,FALSE,NA,NA,NA,NA,NA,FALSE,NA,FALSE,NA,NA,FALSE,NA,FALSE,"data_availability[cooper=Yes,mc=No]","COOPER_RIGHT","EMBARGOED/RESTRICTED AT SOURCE (confirmed via the repository's own API) | Paper's own availability statement: ""The datasets generated during and/or analysed during the current study are available in the Dryad Data Repository (https://doi.org/10.5061/dryad.2jm63xss3)."" Cites a real Dryad repository (https://doi.org/10.5061/dryad.2jm63xss3). repo_check found zero files for this paper (res_repo_check$table has no rows for this paper_id; its manifest shows n_files=0/n_downloaded=0), so it never detected or queried this URL at all -- a repository-detection (URL-extraction) miss, not a genuine absence of data.",NA,NA,NA,NA,NA,NA,NA,NA,NA,NA,NA,NA,TRUE
"10_1111_1365_2664_13948","10_1111_1365_2664_13948","Yes","Dryad","Yes","Yes","Yes",".csv/.tsv","Yes","Yes","No",NA,NA,NA,TRUE,"Dryad;GitHub, GitLab, Codeberg or similar platform;Zenodo","10.5281/zenodo.4001015;doi:10.5061/dryad.9cnp5hqfw",TRUE,TRUE,".csv;.rda",TRUE,NA,TRUE,TRUE,"R",TRUE,TRUE,TRUE,"code_archived[cooper=No,mc=Yes]",NA,NA,NA,NA,NA,NA,NA,NA,"METACHECK_RIGHT","Data Availability Statement explicitly says ""Process-based pollinator model freely available to download from https://github.com/yclough/poll4pop (https://doi.org/10.5281/zenodo.4001015)"", this is the study's process-based model code, unambiguously archived",NA,NA,NA,NA,TRUE
"10_1111_1365_2745_14312","10_1111_1365_2745_14312","Yes","Dryad","Yes","Yes","Yes",".csv/.tsv","Yes","Yes","Yes","Yes","R","No",TRUE,NA,NA,NA,NA,NA,FALSE,NA,TRUE,TRUE,"R",FALSE,TRUE,FALSE,"any_readme[cooper=Yes,mc=No]",NA,NA,NA,NA,NA,NA,NA,NA,NA,NA,NA,NA,"DIFFERENT_DEFINITION","Cooper's Yes for this paper's README may reflect this Zenodo record's `description` field -- checked live 2026-09-02 against a sample of 6 real Zenodo records from this miss set and found genuine variation (sometimes a study summary, sometimes contact metadata, sometimes file-by-file documentation, sometimes empty), i.e. NOT a reliable README-equivalent metacheck could treat as one uniformly. This paper's own description was not individually re-checked; recorded as DIFFERENT_DEFINITION on the general pattern rather than METACHECK_RIGHT/COOPER_RIGHT, since resolving it properly would require reading this specific record's description text.",TRUE
"10_1111_1365_2745_13240","10_1111_1365_2745_13240","Yes","Dryad","Yes","Yes","Yes",".txt","Yes","Yes","Yes","Yes","R","No",TRUE,NA,NA,NA,NA,NA,TRUE,NA,FALSE,NA,NA,TRUE,TRUE,TRUE,"code_archived[cooper=Yes,mc=No]",NA,NA,NA,NA,NA,NA,NA,NA,"COOPER_RIGHT","same sentence explicitly includes code, metacheck missed this",NA,NA,NA,NA,TRUE
"10_1111_2041_210x_13937","10_1111_2041_210x_13937","Yes","Other repo/database","No","Unsure","Yes",".fastq","No","Yes","Yes","Yes","Shell","Yes",TRUE,"GitHub, GitLab, Codeberg or similar platform;Zenodo","10.5281/zenodo.6619190",TRUE,NA,".fa;.gz",TRUE,NA,FALSE,NA,NA,TRUE,TRUE,TRUE,"code_archived[cooper=Yes,mc=No];data_archive[cooper=Other repo/database,mc=GitHub, GitLab, Codeberg or similar platform;Zenodo]",NA,NA,"COOPER_RIGHT","DOMAIN-SPECIFIC BIOINFORMATICS DATABASE (NCBI/GenBank-family) | GitHub and Zenodo hold the RADOrgMiner pipeline CODE; the paper's own text says raw sequencing data is on NCBI GenBank, a platform metacheck does not detect at all. Classic code-repo-mislabeled-as-data-repo pattern.",NA,NA,NA,NA,"COOPER_RIGHT","repo_check found RADOrgMiner.sh (file_type=code) in both the GitHub and Zenodo listings, but code_check$table has zero rows for this paper -- code_check failed to classify this .sh file as code, a real detection gap.",NA,NA,NA,NA,TRUE
"10_1111_1365_2664_13100","10_1111_1365_2664_13100","Yes","Dryad","Yes","No","Yes",".xls(x)","Yes","Yes","Yes","Yes","R","No",TRUE,"Dryad","doi:10.5061/dryad.q755t",TRUE,TRUE,".xlsx",FALSE,NA,FALSE,NA,NA,FALSE,TRUE,FALSE,"data_license[cooper=No,mc=Yes];code_archived[cooper=Yes,mc=No];any_readme[cooper=Yes,mc=No]",NA,NA,NA,NA,"METACHECK_RIGHT","Dryad dataset doi:10.5061/dryad.q755t carries a CC0-1.0 license, retrieved from Dryad's dataset API (https://spdx.org/licenses/CC0-1.0.html).",NA,NA,"COOPER_RIGHT","Methods state ""All simulations were performed in r... r script for our simulations can be found in Appendix S3"", confirming code is available as supplementary material accompanying the paper, metacheck missed this",NA,NA,"DIFFERENT_DEFINITION","Cooper's Yes for this paper's README likely reflects Dryad's dataset abstract (the ONLY free-text field Dryad's API exposes) -- confirmed on 9 real Dryad datasets from this same miss set that this field is consistently the paper's own scientific abstract (numbered background/methods/results prose), never file-level documentation. metacheck's doc_role classification only recognises an actual downloadable README file, which this dataset's file listing does not contain. Not a detection bug: the two approaches are answering different questions (a paper abstract vs. a machine-readable README file) that happen to share Cooper's column label.",TRUE
"10_1111_2041_210x_14387","10_1111_2041_210x_14387","Yes","GitHub, GitLab, Codeberg or similar platform;Other repo/database","Yes","Yes","Yes",".csv/.tsv;.Rdata","No","Yes","Yes","Yes","R","No",FALSE,NA,NA,NA,NA,NA,FALSE,NA,FALSE,NA,NA,FALSE,FALSE,FALSE,"data_availability[cooper=Yes,mc=No];code_archived[cooper=Yes,mc=No]","DIFFERENT_DEFINITION","The paper's own text cites THIRD-PARTY data/code (KNB repository for Cockle et al. 2019's data; R packages 'good'/'GLMsData' for other authors' data) rather than this paper's own newly-collected data. repo_check correctly found no repository belonging to this paper; Cooper's coders may have credited citing others' archived data as 'data available.'",NA,NA,NA,NA,NA,NA,"DIFFERENT_DEFINITION","Same as data_availability: the GitHub link found (afernandez1303/good.git) is a THIRD-PARTY R package (the 'good' package used for analysis), not this paper's own code.",NA,NA,NA,NA,TRUE
"10_1111_1365_2656_13848","10_1111_1365_2656_13848","Yes","Zenodo","Yes","Yes","Yes",".csv/.tsv;.tif","Yes","Yes","No",NA,NA,NA,TRUE,"Zenodo","10.5281/zenodo.6334823",TRUE,TRUE,".csv",FALSE,NA,FALSE,NA,NA,FALSE,TRUE,FALSE,"any_readme[cooper=Yes,mc=No]",NA,NA,NA,NA,NA,NA,NA,NA,NA,NA,NA,NA,"DIFFERENT_DEFINITION","Cooper's Yes for this paper's README may reflect this Zenodo record's `description` field -- checked live 2026-09-02 against a sample of 6 real Zenodo records from this miss set and found genuine variation (sometimes a study summary, sometimes contact metadata, sometimes file-by-file documentation, sometimes empty), i.e. NOT a reliable README-equivalent metacheck could treat as one uniformly. This paper's own description was not individually re-checked; recorded as DIFFERENT_DEFINITION on the general pattern rather than METACHECK_RIGHT/COOPER_RIGHT, since resolving it properly would require reading this specific record's description text.",TRUE
"10_1111_1365_2664_13537","10_1111_1365_2664_13537","Yes","Dryad","Yes","Yes","Yes",".csv/.tsv","Yes","Yes","No",NA,NA,NA,TRUE,"Dryad","doi:10.5061/dryad.cfxpnvx2c",TRUE,TRUE,".csv",FALSE,NA,FALSE,NA,NA,FALSE,TRUE,FALSE,"any_readme[cooper=Yes,mc=No]",NA,NA,NA,NA,NA,NA,NA,NA,NA,NA,NA,NA,"DIFFERENT_DEFINITION","Cooper's Yes for this paper's README likely reflects Dryad's dataset abstract (the ONLY free-text field Dryad's API exposes) -- confirmed on 9 real Dryad datasets from this same miss set that this field is consistently the paper's own scientific abstract (numbered background/methods/results prose), never file-level documentation. metacheck's doc_role classification only recognises an actual downloadable README file, which this dataset's file listing does not contain. Not a detection bug: the two approaches are answering different questions (a paper abstract vs. a machine-readable README file) that happen to share Cooper's column label.",TRUE
"10_1111_1365_2664_13354","10_1111_1365_2664_13354","Yes","Dryad","Yes","Yes","Yes",".csv/.tsv","Yes","Yes","No",NA,NA,NA,TRUE,"Dryad","doi:10.5061/dryad.6450hv3",TRUE,TRUE,".csv",FALSE,NA,FALSE,NA,NA,FALSE,TRUE,FALSE,"any_readme[cooper=Yes,mc=No]",NA,NA,NA,NA,NA,NA,NA,NA,NA,NA,NA,NA,"DIFFERENT_DEFINITION","Cooper's Yes for this paper's README likely reflects Dryad's dataset abstract (the ONLY free-text field Dryad's API exposes) -- confirmed on 9 real Dryad datasets from this same miss set that this field is consistently the paper's own scientific abstract (numbered background/methods/results prose), never file-level documentation. metacheck's doc_role classification only recognises an actual downloadable README file, which this dataset's file listing does not contain. Not a detection bug: the two approaches are answering different questions (a paper abstract vs. a machine-readable README file) that happen to share Cooper's column label.",TRUE
"10_1111_1365_2745_12813","10_1111_1365_2745_12813","Yes","Dryad","Yes","Yes","Yes",".xls(x)","Quasi-README","Yes","No",NA,NA,NA,TRUE,"Dryad","doi:10.5061/dryad.kj3km",TRUE,TRUE,".xlsx",FALSE,NA,FALSE,NA,NA,FALSE,TRUE,FALSE,"any_readme[cooper=Yes,mc=No]",NA,NA,NA,NA,NA,NA,NA,NA,NA,NA,NA,NA,"DIFFERENT_DEFINITION","Cooper's Yes for this paper's README likely reflects Dryad's dataset abstract (the ONLY free-text field Dryad's API exposes) -- confirmed on 9 real Dryad datasets from this same miss set that this field is consistently the paper's own scientific abstract (numbered background/methods/results prose), never file-level documentation. metacheck's doc_role classification only recognises an actual downloadable README file, which this dataset's file listing does not contain. Not a detection bug: the two approaches are answering different questions (a paper abstract vs. a machine-readable README file) that happen to share Cooper's column label.",TRUE
"10_1111_1365_2745_13636","10_1111_1365_2745_13636","Yes","Dryad","Yes","Yes","Yes",".xls(x)","Quasi-README","Yes","No",NA,NA,NA,TRUE,"Dryad","doi:10.5061/dryad.zw3r2287h",TRUE,TRUE,".xlsx",FALSE,NA,FALSE,NA,NA,FALSE,TRUE,FALSE,"any_readme[cooper=Yes,mc=No]",NA,NA,NA,NA,NA,NA,NA,NA,NA,NA,NA,NA,"DIFFERENT_DEFINITION","Cooper's Yes for this paper's README likely reflects Dryad's dataset abstract (the ONLY free-text field Dryad's API exposes) -- confirmed on 9 real Dryad datasets from this same miss set that this field is consistently the paper's own scientific abstract (numbered background/methods/results prose), never file-level documentation. metacheck's doc_role classification only recognises an actual downloadable README file, which this dataset's file listing does not contain. Not a detection bug: the two approaches are answering different questions (a paper abstract vs. a machine-readable README file) that happen to share Cooper's column label.",TRUE
"10_1111_1365_2656_13268","10_1111_1365_2656_13268","Yes","Other repo/database","Yes","Unsure","Yes",".xls(x)","Yes","Yes","No",NA,NA,NA,FALSE,NA,NA,NA,NA,NA,FALSE,NA,FALSE,NA,NA,FALSE,TRUE,FALSE,"data_availability[cooper=Yes,mc=No];any_readme[cooper=Yes,mc=No]","COOPER_RIGHT","UNSUPPORTED REPO | Paper's own availability statement: ""Data available from CSIC repository: http://dx.doi.org/10.20350/digitalCSIC/12516 (Villalta, Sanchez Oms, et al., 2020)."" Cites a real Other repo/database (CSIC) repository (http://dx.doi.org/10.20350/digitalCSIC/12516). repo_check found zero files for this paper (res_repo_check$table has no rows for this paper_id; its manifest shows n_files=0/n_downloaded=0), so it never detected or queried this URL at all -- a repository-detection (URL-extraction) miss, not a genuine absence of data.",NA,NA,NA,NA,NA,NA,NA,NA,NA,NA,"COOPER_RIGHT","repo_check found zero files for this paper (res_repo_check$table has no rows for this paper_id), so it had no basis to detect a README even if one exists in the actual (un-located) repository.",TRUE
"10_1111_1365_2664_13397","10_1111_1365_2664_13397","Yes","Figshare","Yes","Yes","Yes",".xls(x)","Yes","Yes","No",NA,NA,NA,FALSE,NA,NA,NA,NA,NA,FALSE,NA,FALSE,NA,NA,FALSE,TRUE,FALSE,"data_availability[cooper=Yes,mc=No];any_readme[cooper=Yes,mc=No]","COOPER_RIGHT","SPLIT-DOI EXTRACTION ARTIFACT | Paper states ""Data are available at the Figshare repository https://doi.org/10.25909/5b581a5a151da""; repo_check's summary_table shows repo_n=0 -- this Figshare deposit was never detected.",NA,NA,NA,NA,NA,NA,NA,NA,NA,NA,"COOPER_RIGHT","The Figshare deposit (10.25909/5b581a5a151da) holding this paper's data was never detected by repo_check (repo_n=0), so metacheck never checked it for a readme.",TRUE
"10_1111_1365_2656_13353","10_1111_1365_2656_13353","Yes","Dryad","Yes","Yes","Yes",".csv/.tsv;.xls(x);.nlogo","Quasi-README","Yes","Yes","Yes","R","No",TRUE,"Dryad","doi:10.5061/dryad.wm37pvmkm",TRUE,TRUE,".csv;.xlsx",FALSE,NA,TRUE,TRUE,"R",FALSE,TRUE,FALSE,"any_readme[cooper=Yes,mc=No]",NA,NA,NA,NA,NA,NA,NA,NA,NA,NA,NA,NA,"DIFFERENT_DEFINITION","Cooper's Yes for this paper's README likely reflects Dryad's dataset abstract (the ONLY free-text field Dryad's API exposes) -- confirmed on 9 real Dryad datasets from this same miss set that this field is consistently the paper's own scientific abstract (numbered background/methods/results prose), never file-level documentation. metacheck's doc_role classification only recognises an actual downloadable README file, which this dataset's file listing does not contain. Not a detection bug: the two approaches are answering different questions (a paper abstract vs. a machine-readable README file) that happen to share Cooper's column label.",TRUE
"10_1002_pan3_10376","10_1002_pan3_10376","Yes",NA,"No",NA,NA,NA,NA,"No",NA,NA,NA,NA,FALSE,NA,NA,NA,NA,NA,FALSE,NA,FALSE,NA,NA,FALSE,NA,FALSE,"data_availability[cooper=Yes,mc=No]","DIFFERENT_DEFINITION","Broader search of the full paper text (beyond standard keyword filtering) found: ""Full transcripts of the interviews cannot be made available to avoid compromising respondents' anonymity"" and ""Additional quotes illustrating the coding decisions...are available in the [Supporting Information]"". The raw qualitative data is explicitly NOT shareable for ethical reasons, but partial coded quotes are shared within the article's own Supporting Information (not an external repository). Cooper's Yes likely credits this partial in-article sharing; mc's FALSE correctly reflects that no external checkable repository exists.",NA,NA,NA,NA,NA,NA,NA,NA,NA,NA,NA,NA,TRUE
"10_1111_2041_210x_13429","10_1111_2041_210x_13429","Yes","Other repo/database","No","No","Yes",".csv/.tsv","Yes","Yes","Yes","Yes","R","No",TRUE,"OSF",NA,FALSE,TRUE,".csv",TRUE,NA,FALSE,NA,NA,TRUE,TRUE,TRUE,"code_archived[cooper=Yes,mc=No];data_archive[cooper=Other repo/database,mc=OSF]",NA,NA,"METACHECK_RIGHT","The paper's own text states 'The manta data are available at https://osf.io/y5ts2/', and repo_check found real data (Sightings201807.csv) there, matching mc=OSF.",NA,NA,NA,NA,"COOPER_RIGHT","The GitHub repo (MNWeiss/aninet) contains only .Rproj/.gitignore/.Rbuildignore/README.md -- no real .R script files were found by repo_check or code_check, despite this appearing to be a real analysis-code repository.",NA,NA,NA,NA,TRUE
"10_1111_1365_2656_13827","10_1111_1365_2656_13827","No",NA,NA,NA,NA,NA,NA,"Yes","Yes","Yes","R;Python","Yes",TRUE,"Zenodo","10.5281/zenodo.7191370",TRUE,TRUE,".csv",TRUE,NA,TRUE,TRUE,"Python;R",TRUE,TRUE,TRUE,"data_availability[cooper=No,mc=Yes]","COOPER_RIGHT","the Data Availability Statement reads in full 'R scripts are available at Zenodo https://doi.org/10.5281/zenodo.7191370 (Talis et al., 2022) to reproduce the results for the age-structured model simulations, Bayesian population model and environmental model'; this only describes CODE (R scripts) being archived, with no distinct research data files mentioned as deposited, so Cooper's No for a data repository is well supported and metacheck's Yes appears to conflate the Zenodo code repository with a data repository",NA,NA,NA,NA,NA,NA,NA,NA,NA,NA,NA,NA,TRUE
"10_1002_2688_8319_12064","10_1002_2688_8319_12064","Yes","Dryad","Yes","Yes","Yes",".csv/.tsv;.tif;.dbf;.adf;.shp","Yes","Yes","No",NA,NA,NA,TRUE,"Dryad","doi:10.5061/dryad.3xsj3txg6",TRUE,NA,".zip",FALSE,NA,FALSE,NA,NA,FALSE,TRUE,FALSE,"any_readme[cooper=Yes,mc=No]",NA,NA,NA,NA,NA,NA,NA,NA,NA,NA,NA,NA,"DIFFERENT_DEFINITION","Archive-only: repo_check's file listing for this paper is a single compressed archive (.zip/.rar/...) with no separate top-level file. repo_check's own peek_zips=TRUE default DOES try to read a zip's file listing remotely without downloading it, so a README bundled inside is not automatically invisible -- but that peek attempt evidently failed for this specific archive. Confirmed structural cause for Dryad-hosted zips: the peek's HTTP Range request is unauthenticated and Dryad's file-download endpoint returns 401 Unauthorized without an OAuth token, so the peek can never succeed there. For Zenodo/other platforms the failure cause is not yet fully pinned down (see the issue's discussion). Filed as https://github.com/scienceverse/metacheck/issues/378. DIFFERENT_DEFINITION rather than a verdict: resolving this needs a code fix (authenticated peek requests, at minimum for Dryad), not a judgement call on this specific paper.",TRUE
"10_1111_1365_2664_13634","10_1111_1365_2664_13634","Yes","Dryad","Yes","Yes","Yes",".xls(x)","Yes","Yes","No",NA,NA,NA,TRUE,"Dryad","doi:10.5061/dryad.nvx0k6dp0",TRUE,TRUE,".xlsx",FALSE,NA,FALSE,NA,NA,FALSE,TRUE,FALSE,"any_readme[cooper=Yes,mc=No]",NA,NA,NA,NA,NA,NA,NA,NA,NA,NA,NA,NA,"DIFFERENT_DEFINITION","Cooper's Yes for this paper's README likely reflects Dryad's dataset abstract (the ONLY free-text field Dryad's API exposes) -- confirmed on 9 real Dryad datasets from this same miss set that this field is consistently the paper's own scientific abstract (numbered background/methods/results prose), never file-level documentation. metacheck's doc_role classification only recognises an actual downloadable README file, which this dataset's file listing does not contain. Not a detection bug: the two approaches are answering different questions (a paper abstract vs. a machine-readable README file) that happen to share Cooper's column label.",TRUE
"10_1111_1365_2745_13415","10_1111_1365_2745_13415","Yes","Dryad","Yes","Yes","Yes",".xls(x)","Yes","Yes","No",NA,NA,NA,TRUE,"Dryad","doi:10.5061/dryad.qz612jmbf",TRUE,TRUE,".xlsx",FALSE,NA,FALSE,NA,NA,FALSE,TRUE,FALSE,"any_readme[cooper=Yes,mc=No]",NA,NA,NA,NA,NA,NA,NA,NA,NA,NA,NA,NA,"DIFFERENT_DEFINITION","Cooper's Yes for this paper's README likely reflects Dryad's dataset abstract (the ONLY free-text field Dryad's API exposes) -- confirmed on 9 real Dryad datasets from this same miss set that this field is consistently the paper's own scientific abstract (numbered background/methods/results prose), never file-level documentation. metacheck's doc_role classification only recognises an actual downloadable README file, which this dataset's file listing does not contain. Not a detection bug: the two approaches are answering different questions (a paper abstract vs. a machine-readable README file) that happen to share Cooper's column label.",TRUE
"10_1002_pan3_10388","10_1002_pan3_10388","Yes","Other repo/database","Yes","Yes","Yes",".xls(x)","Yes","Yes","No",NA,NA,NA,TRUE,"OSF",NA,TRUE,TRUE,".xlsx",FALSE,NA,FALSE,NA,NA,FALSE,TRUE,FALSE,"data_archive[cooper=Other repo/database,mc=OSF];any_readme[cooper=Yes,mc=No]",NA,NA,"METACHECK_RIGHT","text explicitly states data are 'publicly available on the Open Science Framework at https://doi.org/10.17605/OSF.IO/BT4QD', which is unambiguously OSF; Cooper's 'Other repo/database' does not match this clear OSF citation",NA,NA,NA,NA,NA,NA,NA,NA,"DIFFERENT_DEFINITION","Platform-specific pattern not established for this repository type (osf/github/other) -- see the dominant Dryad/Zenodo/Figshare patterns documented for the majority of this column's disagreements; this individual case was not separately investigated.",TRUE
"10_1111_1365_2664_14254","10_1111_1365_2664_14254","Yes","Other repo/database","Unsure","Yes","Yes",".csv/.tsv","Yes","Yes","Yes","Yes","R","Yes",FALSE,NA,NA,NA,NA,NA,FALSE,NA,FALSE,NA,NA,FALSE,TRUE,FALSE,"data_availability[cooper=Yes,mc=No];code_archived[cooper=Yes,mc=No];any_readme[cooper=Yes,mc=No]","COOPER_RIGHT","UNSUPPORTED REPO | Paper text: ""Data are available via the USGS ScienceBase catalogue https://doi.org/10.5066/P95GDPZM (Grider et al., 2022)"". ScienceBase is not among metacheck's supported repo_check providers (only zenodo/github/figshare/osf/dryad/dataverse/researchdata4tu/gitlab are recognized, confirmed against the full gated_repos log), so repo_check never attempted this URL at all, leaving repo_check$table empty and producing mc_data_availability=FALSE.",NA,NA,NA,NA,NA,NA,"COOPER_RIGHT","The same USGS ScienceBase item is explicitly identified as a ""U.S. Geological Survey software release"" in the paper's own reference list (Grider, Thogmartin, Grant, Bernard, & Russell, 2022, at the same DOI 10.5066/P95GDPZM), i.e. it holds code. ScienceBase is not a supported repo_check provider, so code_check never got a chance to examine it -- mc_code_archived=FALSE is a provider-support gap, not evidence of no archived code.",NA,NA,"COOPER_RIGHT","Same unsupported-provider gap as data_availability/code_archived: ScienceBase (https://doi.org/10.5066/P95GDPZM) is not a repo_check-supported provider, so no file listing or doc_role signal was ever generated for this paper, producing mc_any_readme=FALSE by default rather than as evidence against a README.",TRUE
"10_1111_1365_2745_14289","10_1111_1365_2745_14289","Yes","Other repo/database","Yes, but DOI not found/incorrect","No","Yes",".json","No","Yes","Yes","Yes","R","Yes",TRUE,"Zenodo","10.5281/zenodo.10724395",TRUE,TRUE,".xlsx",TRUE,NA,TRUE,TRUE,"R",TRUE,TRUE,TRUE,"data_license[cooper=No,mc=Yes];data_archive[cooper=Other repo/database,mc=Zenodo]",NA,NA,"COOPER_RIGHT","The paper's own text is explicit: 'The data...are openly available from the Neotoma Paleoecology Database...Code for analysis is openly available at [Zenodo].' Zenodo holds only the analysis CODE (STOR19_Analysis.R etc.), not the actual paleoecology data, which is on Neotoma (undetected platform). Same code-vs-data conflation pattern.","METACHECK_RIGHT","Zenodo record 10724394's metadata reports license=cc-by-4.0.",NA,NA,NA,NA,NA,NA,NA,NA,TRUE
"10_1111_2041_210x_13931","10_1111_2041_210x_13931","Yes","Dryad","Yes","Yes","Yes",".csv/.tsv","Yes","Yes","Yes","Yes","Python;MATLAB","Yes",TRUE,"Dryad;GitHub, GitLab, Codeberg or similar platform;Zenodo","10.5281/zenodo.6542026;doi:10.5061/dryad.c2fqz61bj",TRUE,FALSE,".csv",TRUE,NA,TRUE,TRUE,"MATLAB;Python",TRUE,TRUE,TRUE,"data_download[cooper=Yes,mc=No]",NA,NA,NA,NA,NA,NA,"UNCLEAR","text confirms 'Data are available on dryad' plus separate GitHub/Zenodo links for firmware, software and 3D files, but gives no detail on whether the Dryad data files actually download and open successfully with standard software, which depends on the live repository",NA,NA,NA,NA,NA,NA,TRUE
"10_1002_pan3_10535","10_1002_pan3_10535","Yes","Figshare","Yes","Yes","Yes",".doc(x);.xls(x)","Yes","Yes","No",NA,NA,NA,TRUE,"Figshare","10.6084/m9.figshare.23613036.v1",TRUE,TRUE,".xlsx",FALSE,NA,FALSE,NA,NA,FALSE,TRUE,FALSE,"any_readme[cooper=Yes,mc=No]",NA,NA,NA,NA,NA,NA,NA,NA,NA,NA,NA,NA,"DIFFERENT_DEFINITION","Cooper's Yes for this paper's README may reflect this Figshare article's `description` field -- checked live 2026-09-02 against a sample of 10 real Figshare articles from this miss set and found genuine variation (roughly 2 of 10 had real file-by-file documentation, the rest were abstract/methods-style summaries indistinguishable from Dryad's pattern), i.e. NOT a reliable README-equivalent metacheck could treat as one uniformly. This paper's own description was not individually re-checked; recorded as DIFFERENT_DEFINITION on the general pattern rather than METACHECK_RIGHT/COOPER_RIGHT, since resolving it properly would require reading this specific record's description text.",TRUE
"10_1002_2688_8319_12356","10_1002_2688_8319_12356","No, but they are available on request",NA,NA,NA,NA,NA,NA,"Yes","No",NA,NA,NA,TRUE,NA,NA,NA,NA,NA,TRUE,NA,TRUE,TRUE,"R",TRUE,NA,TRUE,"data_availability[cooper=No,mc=Yes];code_archived[cooper=No,mc=Yes]","COOPER_RIGHT","repo_check found github.com/kristymferraro/MissingDeerCarcassesScotland with 1 code file and 1 documentation file -- zero files classified as data. | KNOWN METACHECK LIMITATION (not yet fixed, github.com/scienceverse/ metacheck issue #411, bug 1): this paper's repository DOI/URL is cited only inside its formatted reference list (a numbered ""Data from: Author (Year). Title [Dataset]. https://doi.org/..."" entry), never as an inline hyperlink or bare in-text mention. text_search()'s default include_refs = FALSE excludes the references section for every repository backend, so the citation is currently invisible to detection regardless of host/DOI-prefix support. Confirmed live 2026-09-19: the DOI itself resolves correctly when queried directly.",NA,NA,NA,NA,NA,NA,"METACHECK_RIGHT","text explicitly states 'Code is available in the data repository https://github.com/kristymferraro/MissingDeerCarcassesScotland.git (Ferraro, 2024)', clearly confirming code is archived; Cooper's No does not match this explicit statement",NA,NA,NA,NA,TRUE
"10_1111_2041_210x_13750","10_1111_2041_210x_13750",NA,NA,NA,NA,NA,NA,NA,"Yes","Yes","Yes","R","Yes",TRUE,NA,NA,NA,NA,NA,TRUE,NA,FALSE,NA,NA,TRUE,TRUE,TRUE,"code_archived[cooper=Yes,mc=No]",NA,NA,NA,NA,NA,NA,NA,NA,"COOPER_RIGHT","RevGadgets, a real published CRAN/GitHub R package. data_check$structure shows only documentation/materials/unknown-typed files -- no real .R source files at all, consistent with the R-package-source-tree exclusion (added in this rerun's fixes) stripping the package's own R/ directory. CONFIRMED INSTANCE of the regression risk noted in the manuscript's A.5 text.",NA,NA,NA,NA,TRUE
"10_1111_1365_2435_14684","10_1111_1365_2435_14684","Yes","Other repo/database","Yes","Unsure","Yes",".doc(x)","No","Yes","No",NA,NA,NA,FALSE,NA,NA,NA,NA,NA,FALSE,NA,FALSE,NA,NA,FALSE,FALSE,FALSE,"data_availability[cooper=Yes,mc=No]","COOPER_RIGHT","UNSUPPORTED REPO | Paper text: ""Data available from the Lancaster University repository Pure: https://doi.org/10.17635/lancaster/researchdata/638 (Stevens, 2023)"". Lancaster's Pure institutional repository is not among metacheck's supported repo_check providers (only zenodo/github/figshare/osf/dryad/dataverse/researchdata4tu/gitlab), so repo_check never attempted this URL at all, leaving repo_check$table empty and producing mc_data_availability=FALSE.",NA,NA,NA,NA,NA,NA,NA,NA,NA,NA,NA,NA,TRUE
"10_1111_1365_2664_13035","10_1111_1365_2664_13035","Yes","Other repo/database","No","Yes","Yes",".csv/.tsv","Yes","Yes","No",NA,NA,NA,FALSE,NA,NA,NA,NA,NA,FALSE,NA,FALSE,NA,NA,FALSE,TRUE,FALSE,"data_availability[cooper=Yes,mc=No];any_readme[cooper=Yes,mc=No]","COOPER_RIGHT","UNSUPPORTED REPO | Paper text: ""Data in this study are available from DataSTORRE: Stirling Online Repository for Research Data http://hdl.handle.net/11667/102 (Fuller et al., 2017)."" DataSTORRE (an institutional DSpace repository) is not a platform repo_check recognizes; repo_check has zero rows for this paper.",NA,NA,NA,NA,NA,NA,NA,NA,NA,NA,"COOPER_RIGHT","Same repo-detection miss as data_availability: DataSTORRE was never fetched by repo_check, so mc_any_readme's FALSE reflects zero files examined, not evidence of no README.",TRUE
"10_1111_1365_2745_12755","10_1111_1365_2745_12755","Yes","Zenodo","Yes","Yes","Yes",".csv/.tsv","No","Yes","No",NA,NA,NA,TRUE,"Zenodo","10.5281/zenodo.268390",TRUE,TRUE,".csv",TRUE,NA,FALSE,NA,NA,TRUE,FALSE,TRUE,"any_readme[cooper=No,mc=Yes]",NA,NA,NA,NA,NA,NA,NA,NA,NA,NA,NA,NA,"METACHECK_RIGHT","repo_check found a real README.md (doc_role=readme) inside the Zenodo archive (zenodo.268390) -- Cooper's coders missed a genuine README.",TRUE
"10_1002_pan3_10307","10_1002_pan3_10307","Yes","Other repo/database","Yes","No","Yes",".csv/.tsv;.xml","No","Yes","Yes","Yes","R","No",FALSE,NA,NA,NA,NA,NA,FALSE,NA,FALSE,NA,NA,FALSE,FALSE,FALSE,"data_availability[cooper=Yes,mc=No];code_archived[cooper=Yes,mc=No]","COOPER_RIGHT","Paper text: 'Data and code used in the analyses are available at ScienceBase (https://doi.org/10.5066/P9KBZW0G and https://doi.org/10.5066/P9CDA1UN, respectively).' ScienceBase (USGS) is not a repo_check-recognized platform; repo_check found/listed nothing at all for this paper. | KNOWN METACHECK LIMITATION (not yet fixed, github.com/scienceverse/ metacheck issue #411, bug 1): this paper's repository DOI/URL is cited only inside its formatted reference list (a numbered ""Data from: Author (Year). Title [Dataset]. https://doi.org/..."" entry), never as an inline hyperlink or bare in-text mention. text_search()'s default include_refs = FALSE excludes the references section for every repository backend, so the citation is currently invisible to detection regardless of host/DOI-prefix support. Confirmed live 2026-09-19: the DOI itself resolves correctly when queried directly.",NA,NA,NA,NA,NA,NA,"COOPER_RIGHT","Same ScienceBase citation covers the paper's code (doi.org/10.5066/P9CDA1UN); ScienceBase is not a repo_check-recognized platform.",NA,NA,NA,NA,TRUE
"10_1111_1365_2435_13205","10_1111_1365_2435_13205","Yes","Dryad","Yes","Yes","Yes",".xls(x)","Yes","Yes","No",NA,NA,NA,TRUE,"Dryad","doi:10.5061/dryad.s458b5n",TRUE,TRUE,".xlsx",FALSE,NA,FALSE,NA,NA,FALSE,TRUE,FALSE,"any_readme[cooper=Yes,mc=No]",NA,NA,NA,NA,NA,NA,NA,NA,NA,NA,NA,NA,"DIFFERENT_DEFINITION","Cooper's Yes for this paper's README likely reflects Dryad's dataset abstract (the ONLY free-text field Dryad's API exposes) -- confirmed on 9 real Dryad datasets from this same miss set that this field is consistently the paper's own scientific abstract (numbered background/methods/results prose), never file-level documentation. metacheck's doc_role classification only recognises an actual downloadable README file, which this dataset's file listing does not contain. Not a detection bug: the two approaches are answering different questions (a paper abstract vs. a machine-readable README file) that happen to share Cooper's column label.",TRUE
"10_1111_2041_210x_13073","10_1111_2041_210x_13073","Yes","Dryad","Yes","Yes","Yes",".csv/.tsv;.mat","No","Yes","Yes","No","R","No",FALSE,NA,NA,NA,NA,NA,FALSE,NA,FALSE,NA,NA,FALSE,FALSE,FALSE,"data_availability[cooper=Yes,mc=No];code_archived[cooper=Yes,mc=No]","COOPER_RIGHT","SPLIT-DOI EXTRACTION ARTIFACT | Paper's own availability statement: ""Data and MATLAB script available from the Dryad Digital [Repository]"" (Endler, Cole, & Kranz, 2018), Dryad doi:10.5061/dryad.g66247g. Cites a real Dryad repository. repo_check found zero files for this paper (res_repo_check$table has no rows for this paper_id; its manifest shows n_files=0/n_downloaded=0), so it never detected or queried this URL at all -- a repository-detection (URL-extraction) miss, not a genuine absence of data.",NA,NA,NA,NA,NA,NA,"COOPER_RIGHT","The paper's own text explicitly states ""A MATLAB script for calculating weighted means and standard deviations is found in the online supplemental material and in Dryad"" -- code is explicitly named as part of the (un-located) Dryad deposit.",NA,NA,NA,NA,TRUE
"10_1111_1365_2435_12991","10_1111_1365_2435_12991","Yes","Dryad","Yes","No","Yes",".xls(x)","No","Yes","No",NA,NA,NA,TRUE,"Dryad","doi:10.5061/dryad.7v37m",TRUE,TRUE,".xlsx",FALSE,NA,FALSE,NA,NA,FALSE,FALSE,FALSE,"data_license[cooper=No,mc=Yes]",NA,NA,NA,NA,"METACHECK_RIGHT","Dryad dataset doi:10.5061/dryad.7v37m carries a CC0-1.0 license, retrieved from Dryad's dataset API (https://spdx.org/licenses/CC0-1.0.html).",NA,NA,NA,NA,NA,NA,NA,NA,TRUE
"10_1111_1365_2435_13058","10_1111_1365_2435_13058","Yes","Dryad","Yes","Yes","Yes",".xls(x)","Yes","Yes","No",NA,NA,NA,TRUE,"Dryad","doi:10.5061/dryad.21fm7",TRUE,TRUE,".xlsx",FALSE,NA,FALSE,NA,NA,FALSE,TRUE,FALSE,"any_readme[cooper=Yes,mc=No]",NA,NA,NA,NA,NA,NA,NA,NA,NA,NA,NA,NA,"DIFFERENT_DEFINITION","Cooper's Yes for this paper's README likely reflects Dryad's dataset abstract (the ONLY free-text field Dryad's API exposes) -- confirmed on 9 real Dryad datasets from this same miss set that this field is consistently the paper's own scientific abstract (numbered background/methods/results prose), never file-level documentation. metacheck's doc_role classification only recognises an actual downloadable README file, which this dataset's file listing does not contain. Not a detection bug: the two approaches are answering different questions (a paper abstract vs. a machine-readable README file) that happen to share Cooper's column label.",TRUE
"10_1111_1365_2656_13110","10_1111_1365_2656_13110","Yes","Other repo/database","Yes","Yes","Yes",".csv/.tsv;.doc(x);.html","Yes","Yes","No",NA,NA,NA,FALSE,NA,NA,NA,NA,NA,FALSE,NA,FALSE,NA,NA,FALSE,TRUE,FALSE,"data_availability[cooper=Yes,mc=No];any_readme[cooper=Yes,mc=No]","COOPER_RIGHT","UNSUPPORTED REPO (NERC EIDC) | Paper text: ""Data are archived with the Environmental Information Data Centre (EIDC)/NERC, https://doi.org/10.5285/01034680-e640-44a2-aab6-2044b4672a95 (Law et al., 2018) and https://doi.org/10.5285/c0f65bf5-... (Law et al., 2019)."" NERC EIDC is not a platform repo_check recognizes; repo_check has zero rows for this paper.",NA,NA,NA,NA,NA,NA,NA,NA,NA,NA,"COOPER_RIGHT","Same repo-detection miss as data_availability: neither NERC EIDC archive was ever fetched by repo_check, so mc_any_readme's FALSE reflects zero files examined, not evidence of no README.",TRUE
"10_1111_1365_2664_13806","10_1111_1365_2664_13806","Yes","Dryad","Yes","Yes","Yes",".csv/.tsv;.shp;.shx;.dbf","Yes","Yes","Yes","Yes","R","Yes",TRUE,"GitHub, GitLab, Codeberg or similar platform",NA,TRUE,TRUE,".rda",TRUE,NA,TRUE,TRUE,"R",TRUE,TRUE,TRUE,"data_archive[cooper=Dryad,mc=GitHub, GitLab, Codeberg or similar platform]",NA,NA,"COOPER_RIGHT","The paper's own availability statement explicitly cites a Dryad repository: 'Data available from the Dryad Digital Repository https://doi.org/10.6078/D1FB0R (Xu et al., 2020).' This Dryad DOI uses the older '10.6078' EZID prefix rather than the standard '10.5061/dryad' prefix repo_check's platform matching is confirmed to recognize elsewhere -- repo_check never detected/fetched this Dryad repository at all (repo_check$table only shows github.com/wx-ecology/BaBA, the paper's own R-package code+data repo, now correctly retained after the R-package-source-tree-exclusion fix). mc_data_archive='GitHub' is an artifact of the only repository metacheck found, not evidence the paper's data lives there instead of Dryad. COOPER_RIGHT.",NA,NA,NA,NA,NA,NA,NA,NA,NA,NA,TRUE
"10_1002_pan3_10476","10_1002_pan3_10476","Yes","Figshare","Yes","Yes","Yes",".xls(x)","Yes","Yes","No",NA,NA,NA,TRUE,"Figshare","10.6084/m9.figshare.22582444.v1",TRUE,TRUE,".xls",FALSE,NA,FALSE,NA,NA,FALSE,TRUE,FALSE,"any_readme[cooper=Yes,mc=No]",NA,NA,NA,NA,NA,NA,NA,NA,NA,NA,NA,NA,"DIFFERENT_DEFINITION","Cooper's Yes for this paper's README may reflect this Figshare article's `description` field -- checked live 2026-09-02 against a sample of 10 real Figshare articles from this miss set and found genuine variation (roughly 2 of 10 had real file-by-file documentation, the rest were abstract/methods-style summaries indistinguishable from Dryad's pattern), i.e. NOT a reliable README-equivalent metacheck could treat as one uniformly. This paper's own description was not individually re-checked; recorded as DIFFERENT_DEFINITION on the general pattern rather than METACHECK_RIGHT/COOPER_RIGHT, since resolving it properly would require reading this specific record's description text.",TRUE
"10_1111_1365_2656_13910","10_1111_1365_2656_13910","Yes","Figshare","Yes","Yes","Yes",".csv/.tsv;.doc(x);.pdf;.RDS;.txt;.shp;.tif","No","Yes","Yes",NA,"R","No",FALSE,NA,NA,NA,NA,NA,FALSE,NA,FALSE,NA,NA,FALSE,FALSE,FALSE,"data_availability[cooper=Yes,mc=No];code_archived[cooper=Yes,mc=No]","COOPER_RIGHT","Paper text: 'Data and reproducible code are available on figshare https://doi.org/10.6084/m9.figshare.c.6190228.' This is a Figshare *collection* DOI ('m9.figshare.c.<id>'), a different object type from the individual-article DOIs ('m9.figshare.<id>.v<version>') repo_check's Figshare handling expects; repo_check found/listed nothing at all for this paper.",NA,NA,NA,NA,NA,NA,"COOPER_RIGHT","UNSUPPORTED REPO | Same Figshare collection DOI covers the paper's code per the text ('Data and reproducible code'); the collection-URL format is not recognized by repo_check.",NA,NA,NA,NA,TRUE
"10_1111_1365_2435_12928","10_1111_1365_2435_12928","Yes","Dryad","Yes","Yes",NA,".xls(x)","Yes","No",NA,NA,NA,NA,TRUE,"Dryad","doi:10.5061/dryad.41n6g",TRUE,TRUE,".xls",FALSE,NA,FALSE,NA,NA,FALSE,TRUE,FALSE,"any_readme[cooper=Yes,mc=No]",NA,NA,NA,NA,NA,NA,NA,NA,NA,NA,NA,NA,"DIFFERENT_DEFINITION","Cooper's Yes for this paper's README likely reflects Dryad's dataset abstract (the ONLY free-text field Dryad's API exposes) -- confirmed on 9 real Dryad datasets from this same miss set that this field is consistently the paper's own scientific abstract (numbered background/methods/results prose), never file-level documentation. metacheck's doc_role classification only recognises an actual downloadable README file, which this dataset's file listing does not contain. Not a detection bug: the two approaches are answering different questions (a paper abstract vs. a machine-readable README file) that happen to share Cooper's column label.",TRUE
"10_1111_1365_2656_12726","10_1111_1365_2656_12726","Yes","Figshare;Other repo/database","Yes","Yes","Yes",".txt","Quasi-README","Yes","No",NA,NA,NA,TRUE,"Figshare","10.6084/m9.figshare.5032499.v1",TRUE,TRUE,".txt",FALSE,NA,FALSE,NA,NA,FALSE,TRUE,FALSE,"any_readme[cooper=Yes,mc=No]",NA,NA,NA,NA,NA,NA,NA,NA,NA,NA,NA,NA,"DIFFERENT_DEFINITION","Cooper's Yes for this paper's README may reflect this Figshare article's `description` field -- checked live 2026-09-02 against a sample of 10 real Figshare articles from this miss set and found genuine variation (roughly 2 of 10 had real file-by-file documentation, the rest were abstract/methods-style summaries indistinguishable from Dryad's pattern), i.e. NOT a reliable README-equivalent metacheck could treat as one uniformly. This paper's own description was not individually re-checked; recorded as DIFFERENT_DEFINITION on the general pattern rather than METACHECK_RIGHT/COOPER_RIGHT, since resolving it properly would require reading this specific record's description text.",TRUE
"10_1111_1365_2745_13067","10_1111_1365_2745_13067","Yes","Other repo/database","Yes","Yes","Yes",".xls(x)","No","Yes","No",NA,"R;Python","No",FALSE,NA,NA,NA,NA,NA,FALSE,NA,FALSE,NA,NA,FALSE,FALSE,FALSE,"data_availability[cooper=Yes,mc=No]","COOPER_RIGHT","Broader search of the full paper text found the actual DAS sentence, missed by the standard keyword filter due to phrasing: ""Data and analytical code available for download at http://dx.doi.org/10.5521/forestplots.net/2018_4 (Draper, Baraloto, et al., 2018)"" -- an explicit, specific data-availability claim; mc's FALSE is wrong.",NA,NA,NA,NA,NA,NA,NA,NA,NA,NA,NA,NA,TRUE
"10_1111_2041_210x_13269","10_1111_2041_210x_13269","Yes","Dryad","Yes","Yes","Yes",".RDS","Yes","Yes","Yes","Yes","R","Yes",TRUE,"Dryad","doi:10.5061/dryad.j943d68",TRUE,TRUE,".rdata",FALSE,NA,TRUE,TRUE,"R",FALSE,TRUE,FALSE,"any_readme[cooper=Yes,mc=No]",NA,NA,NA,NA,NA,NA,NA,NA,NA,NA,NA,NA,"DIFFERENT_DEFINITION","Cooper's Yes for this paper's README likely reflects Dryad's dataset abstract (the ONLY free-text field Dryad's API exposes) -- confirmed on 9 real Dryad datasets from this same miss set that this field is consistently the paper's own scientific abstract (numbered background/methods/results prose), never file-level documentation. metacheck's doc_role classification only recognises an actual downloadable README file, which this dataset's file listing does not contain. Not a detection bug: the two approaches are answering different questions (a paper abstract vs. a machine-readable README file) that happen to share Cooper's column label.",TRUE
"10_1111_1365_2435_13647","10_1111_1365_2435_13647","Yes","Dryad","Yes","Yes","Yes",".dat;.m","No","Yes","Yes","Yes",NA,"No",TRUE,"Dryad","doi:10.5061/dryad.b5mkkwh9x",TRUE,FALSE,NA,FALSE,NA,TRUE,TRUE,"MATLAB",FALSE,FALSE,FALSE,"data_download[cooper=Yes,mc=No]",NA,NA,NA,NA,NA,NA,"COOPER_RIGHT","Dryad record dryad.b5mkkwh9x. repo_check correctly classifies most files as data_type=data (climate-model output, e.g. AERO.001.TREFHT.DJF.hist.Alps-mean.dat), but data_check's tabular_usable is TRUE for only 2 of 20 -- these .dat files are evidently not standard delimited/fixed-width tables data_check's reader recognises (space-separated climate-model output with a distinctive multi-part naming convention). A genuine data-format coverage gap, not one of tonight's 4 fixed issues.",NA,NA,NA,NA,NA,NA,TRUE
"10_1111_1365_2745_13979","10_1111_1365_2745_13979","Yes","Figshare","Yes","Yes","Yes",".xls(x)","No","Yes","Yes","Yes","R","No",TRUE,NA,NA,NA,NA,NA,FALSE,NA,FALSE,NA,NA,FALSE,FALSE,FALSE,"code_archived[cooper=Yes,mc=No]",NA,NA,NA,NA,NA,NA,NA,NA,"COOPER_RIGHT","the same sentence explicitly confirms 'R code used for data processing are available' at the figshare link, clearly indicating code is archived; Cooper's Yes for both is well supported by the text",NA,NA,NA,NA,TRUE
"10_1111_1365_2435_13380","10_1111_1365_2435_13380","Yes","Other repo/database","Yes","Unsure","Yes",".xls(x)","No","Yes","No",NA,NA,NA,TRUE,"OSF",NA,FALSE,TRUE,".xlsx",FALSE,NA,TRUE,TRUE,"MATLAB",FALSE,FALSE,FALSE,"code_archived[cooper=No,mc=Yes];data_archive[cooper=Other repo/database,mc=OSF]",NA,NA,"METACHECK_RIGHT","OSF genuinely holds this paper's real .xlsx data files, confirmed by data_check.",NA,NA,NA,NA,"METACHECK_RIGHT","code_check genuinely found 3 real MATLAB .m files (runge_kutta4.m, MainScript.m, systeme_eqdif.m) on OSF -- Cooper's coders apparently missed this real code.",NA,NA,NA,NA,TRUE
"10_1002_2688_8319_12191","10_1002_2688_8319_12191","Yes","Other repo/database","Yes","Yes","Yes",".csv/.tsv","Yes","Yes","No",NA,NA,NA,FALSE,NA,NA,NA,NA,NA,FALSE,NA,FALSE,NA,NA,FALSE,TRUE,FALSE,"data_availability[cooper=Yes,mc=No];any_readme[cooper=Yes,mc=No]","COOPER_RIGHT","UNSUPPORTED REPO (NERC EIDC) | Paper's own availability statement: ""The data that support the findings of this study are openly available at: https://doi.org/10.5285/78ca9a01-107b-4f33-8561-9c3e64db7e02 (Norton et al., 2021)."" Cites a real Other repo/database (EIDC) repository (https://doi.org/10.5285/78ca9a01-107b-4f33-8561-9c3e64db7e02). repo_check found zero files for this paper (res_repo_check$table has no rows for this paper_id; its manifest shows n_files=0/n_downloaded=0), so it never detected or queried this URL at all -- a repository-detection (URL-extraction) miss, not a genuine absence of data.",NA,NA,NA,NA,NA,NA,NA,NA,NA,NA,"COOPER_RIGHT","repo_check found zero files for this paper (res_repo_check$table has no rows for this paper_id), so it had no basis to detect a README even if one exists in the actual (un-located) repository.",TRUE
"10_1111_1365_2435_14517","10_1111_1365_2435_14517","Yes","Dryad","Yes","Yes","Yes",".csv/.tsv","Yes","Yes","Yes","Yes","R;Python","No",TRUE,"Dryad","doi:10.5061/dryad.2ngf1vhwv",TRUE,TRUE,".csv",TRUE,NA,FALSE,NA,NA,TRUE,TRUE,TRUE,"code_archived[cooper=Yes,mc=No]",NA,NA,NA,NA,NA,NA,NA,NA,"COOPER_RIGHT","text explicitly states 'Code (QIIME2 pipeline and R) and datasets are available on Dryad Digital Repository', clearly confirming code is archived; metacheck's No does not match this explicit statement",NA,NA,NA,NA,TRUE
"10_1111_1365_2664_13190","10_1111_1365_2664_13190","Yes","Other repo/database","Yes","Yes","Yes",".tif","Yes","Yes","No",NA,NA,NA,FALSE,NA,NA,NA,NA,NA,FALSE,NA,FALSE,NA,NA,FALSE,TRUE,FALSE,"data_availability[cooper=Yes,mc=No];any_readme[cooper=Yes,mc=No]","COOPER_RIGHT","Full-text search finds: 'Simulations of the distribution of wetlands under sea-level rise in 2100 (from SLAMM) are available in the University of Queensland eSpace repository https://doi.org/10.14264/uql.2018.354.' UQ eSpace is not a repo_check-recognized platform; repo_check found/listed nothing at all for this paper.",NA,NA,NA,NA,NA,NA,NA,NA,NA,NA,"COOPER_RIGHT","UNSUPPORTED REPO | Same root cause: UQ eSpace is not a repo_check-recognized platform, so repo_check never checked it for a readme.",TRUE
"10_1111_1365_2664_13728","10_1111_1365_2664_13728","Yes","Figshare","Yes","Yes","Yes",".xls(x)","Yes","Yes","No",NA,NA,NA,TRUE,"Figshare","10.6084/m9.figshare.12646400.v2",TRUE,TRUE,".xlsx",FALSE,NA,FALSE,NA,NA,FALSE,TRUE,FALSE,"any_readme[cooper=Yes,mc=No]",NA,NA,NA,NA,NA,NA,NA,NA,NA,NA,NA,NA,"DIFFERENT_DEFINITION","Cooper's Yes for this paper's README may reflect this Figshare article's `description` field -- checked live 2026-09-02 against a sample of 10 real Figshare articles from this miss set and found genuine variation (roughly 2 of 10 had real file-by-file documentation, the rest were abstract/methods-style summaries indistinguishable from Dryad's pattern), i.e. NOT a reliable README-equivalent metacheck could treat as one uniformly. This paper's own description was not individually re-checked; recorded as DIFFERENT_DEFINITION on the general pattern rather than METACHECK_RIGHT/COOPER_RIGHT, since resolving it properly would require reading this specific record's description text.",TRUE
"10_1111_1365_2656_14054","10_1111_1365_2656_14054","No",NA,NA,NA,NA,NA,NA,"Yes","Yes","Yes","Mathematica","No",FALSE,NA,NA,NA,NA,NA,FALSE,NA,FALSE,NA,NA,FALSE,FALSE,FALSE,"code_archived[cooper=Yes,mc=No]",NA,NA,NA,NA,NA,NA,NA,NA,"COOPER_RIGHT","SPLIT-DOI EXTRACTION ARTIFACT | repo_check found zero files for this paper at all, so code_check (which only classifies files repo_check has already listed) had nothing to work with -- the same root-cause repository-detection miss as the data_availability disagreement for this paper. Cooper's Yes is based on directly inspecting whatever repository the paper cites; metacheck's repo_check pipeline never found/queried any repository at all for this paper (res_repo_check$table has zero rows), so its No cannot be treated as the verified answer.",NA,NA,NA,NA,TRUE
"10_1111_1365_2435_14226","10_1111_1365_2435_14226","Yes","Other repo/database","Yes","Yes","Yes",".csv/.tsv","No","Yes","No",NA,NA,NA,FALSE,NA,NA,NA,NA,NA,FALSE,NA,FALSE,NA,NA,FALSE,FALSE,FALSE,"data_availability[cooper=Yes,mc=No]","COOPER_RIGHT","Paper text: 'The data that support the findings of this study are available on the National Tibetan Plateau Data Center https://doi.org/10.11888/Terre.tpdc.272843.' Not a repo_check-recognized platform; repo_check found/listed nothing at all for this paper. | KNOWN METACHECK LIMITATION (not yet fixed, github.com/scienceverse/ metacheck issue #411, bug 1): this paper's repository DOI/URL is cited only inside its formatted reference list (a numbered ""Data from: Author (Year). Title [Dataset]. https://doi.org/..."" entry), never as an inline hyperlink or bare in-text mention. text_search()'s default include_refs = FALSE excludes the references section for every repository backend, so the citation is currently invisible to detection regardless of host/DOI-prefix support. Confirmed live 2026-09-19: the DOI itself resolves correctly when queried directly.",NA,NA,NA,NA,NA,NA,NA,NA,NA,NA,NA,NA,TRUE
"10_1111_2041_210x_13574","10_1111_2041_210x_13574","Yes","Figshare","Yes","Yes","Yes",".csv/.tsv","No","Unsure",NA,NA,NA,NA,FALSE,NA,NA,NA,NA,NA,FALSE,NA,FALSE,NA,NA,FALSE,FALSE,FALSE,"data_availability[cooper=Yes,mc=No]","COOPER_RIGHT","Paper text: ""Data used in this manuscript are archived on FigShare (https://figshare.com) at https://doi.org/10.15131/shef.data.13712533"". repo_check has no record of attempting this specific DOI at all (no matching row in gated_repos or repo_metadata), consistent with a URL-extraction miss, leaving repo_check$table empty and producing mc_data_availability=FALSE.",NA,NA,NA,NA,NA,NA,NA,NA,NA,NA,NA,NA,TRUE
"10_1111_1365_2435_12836","10_1111_1365_2435_12836","Yes","Figshare","Yes","No","Yes",".xls(x)","No","Yes","No",NA,NA,NA,TRUE,"Dryad","doi:10.5061/dryad.vf8d2",TRUE,TRUE,".xlsx",FALSE,NA,FALSE,NA,NA,FALSE,FALSE,FALSE,"data_license[cooper=No,mc=Yes];data_archive[cooper=Figshare,mc=Dryad]",NA,NA,"METACHECK_RIGHT","the only repository mentioned anywhere in the paper (availability statement and reference list alike) is Dryad ('https://doi.org/10.5061/dryad.vf8d2'); no Figshare link or mention appears anywhere in the full text, so Cooper's Figshare claim is not supported by the paper while metacheck's Dryad tag matches exactly what the text shows","METACHECK_RIGHT","Dryad dataset doi:10.5061/dryad.vf8d2 carries a CC0-1.0 license, retrieved from Dryad's dataset API (https://spdx.org/licenses/CC0-1.0.html).",NA,NA,NA,NA,NA,NA,NA,NA,TRUE
"10_1111_2041_210x_14297","10_1111_2041_210x_14297","No",NA,NA,NA,NA,NA,NA,"Yes","Yes","Yes","R","Yes",TRUE,"GitHub, GitLab, Codeberg or similar platform;Zenodo","10.5281/zenodo.10498206",TRUE,TRUE,".csv;.rdata",TRUE,NA,TRUE,TRUE,"Python;R",TRUE,TRUE,TRUE,"data_availability[cooper=No,mc=Yes]","METACHECK_RIGHT","REVISED 2026-09-05 during double-check: repo_check found 12 real data-classified files (trait_data.csv, compare-table.csv, dented_results-1.RData, dented_results-2.RData, samples-1.RData, samples-2.RData) on both the GitHub (jboyko/dentist-paper) and Zenodo (10.5281/zenodo.10498205) mirrors of this repository. These are genuine data artifacts (a trait dataset, comparison table, and model/sampling output), not merely 'files and code' for the dentist R package itself as the original BOTH_DEFENSIBLE verdict assumed based on the availability statement's wording alone. Direct inspection of the actual file listing shows real data is present -- METACHECK_RIGHT.",NA,NA,NA,NA,NA,NA,NA,NA,NA,NA,NA,NA,TRUE
"10_1111_1365_2664_14836","10_1111_1365_2664_14836","Yes","Zenodo","Yes","Yes","Yes",".xls(x)","No","Yes","Yes","Yes","R","Yes",TRUE,"Zenodo","10.5281/zenodo.11205893",TRUE,TRUE,".xlsx",FALSE,NA,TRUE,TRUE,"R",FALSE,TRUE,FALSE,"any_readme[cooper=Yes,mc=No]",NA,NA,NA,NA,NA,NA,NA,NA,NA,NA,NA,NA,"DIFFERENT_DEFINITION","Cooper's Yes for this paper's README may reflect this Zenodo record's `description` field -- checked live 2026-09-02 against a sample of 6 real Zenodo records from this miss set and found genuine variation (sometimes a study summary, sometimes contact metadata, sometimes file-by-file documentation, sometimes empty), i.e. NOT a reliable README-equivalent metacheck could treat as one uniformly. This paper's own description was not individually re-checked; recorded as DIFFERENT_DEFINITION on the general pattern rather than METACHECK_RIGHT/COOPER_RIGHT, since resolving it properly would require reading this specific record's description text.",TRUE
"10_1111_1365_2745_12881","10_1111_1365_2745_12881","Yes","Dryad;Supplementary materials","Yes","Yes","Yes",".doc(x);.xls(x)","Yes","No",NA,NA,NA,NA,TRUE,"Dryad","doi:10.5061/dryad.r7v91",TRUE,TRUE,".xlsx",FALSE,NA,FALSE,NA,NA,FALSE,TRUE,FALSE,"any_readme[cooper=Yes,mc=No]",NA,NA,NA,NA,NA,NA,NA,NA,NA,NA,NA,NA,"DIFFERENT_DEFINITION","Cooper's Yes for this paper's README likely reflects Dryad's dataset abstract (the ONLY free-text field Dryad's API exposes) -- confirmed on 9 real Dryad datasets from this same miss set that this field is consistently the paper's own scientific abstract (numbered background/methods/results prose), never file-level documentation. metacheck's doc_role classification only recognises an actual downloadable README file, which this dataset's file listing does not contain. Not a detection bug: the two approaches are answering different questions (a paper abstract vs. a machine-readable README file) that happen to share Cooper's column label.",TRUE
"10_1111_1365_2656_13304","10_1111_1365_2656_13304","Yes","Dryad","Yes","Yes","Yes",".txt;.xls(x)","Yes","Yes","Yes","Yes","R;MATLAB","Yes",TRUE,"Dryad","doi:10.5061/dryad.0rxwdbrx5",TRUE,TRUE,".txt;.xlsx",FALSE,NA,TRUE,TRUE,"R",FALSE,TRUE,FALSE,"any_readme[cooper=Yes,mc=No]",NA,NA,NA,NA,NA,NA,NA,NA,NA,NA,NA,NA,"DIFFERENT_DEFINITION","Cooper's Yes for this paper's README likely reflects Dryad's dataset abstract (the ONLY free-text field Dryad's API exposes) -- confirmed on 9 real Dryad datasets from this same miss set that this field is consistently the paper's own scientific abstract (numbered background/methods/results prose), never file-level documentation. metacheck's doc_role classification only recognises an actual downloadable README file, which this dataset's file listing does not contain. Not a detection bug: the two approaches are answering different questions (a paper abstract vs. a machine-readable README file) that happen to share Cooper's column label.",TRUE
"10_1111_1365_2656_12837","10_1111_1365_2656_12837","Yes","Dryad","Yes","Yes","Yes",".csv/.tsv","Yes","Yes","No",NA,NA,NA,TRUE,"Dryad","doi:10.5061/dryad.8c4196f",TRUE,TRUE,".csv",FALSE,NA,FALSE,NA,NA,FALSE,TRUE,FALSE,"any_readme[cooper=Yes,mc=No]",NA,NA,NA,NA,NA,NA,NA,NA,NA,NA,NA,NA,"DIFFERENT_DEFINITION","Cooper's Yes for this paper's README likely reflects Dryad's dataset abstract (the ONLY free-text field Dryad's API exposes) -- confirmed on 9 real Dryad datasets from this same miss set that this field is consistently the paper's own scientific abstract (numbered background/methods/results prose), never file-level documentation. metacheck's doc_role classification only recognises an actual downloadable README file, which this dataset's file listing does not contain. Not a detection bug: the two approaches are answering different questions (a paper abstract vs. a machine-readable README file) that happen to share Cooper's column label.",TRUE
"10_1002_2688_8319_12315","10_1002_2688_8319_12315","Yes","Other repo/database","No","No","No",NA,NA,"Yes","No",NA,NA,NA,FALSE,NA,NA,NA,NA,NA,FALSE,NA,FALSE,NA,NA,FALSE,NA,FALSE,"data_availability[cooper=Yes,mc=No]","COOPER_RIGHT","Paper text: 'All satellite data used in this study are freely available online from the United States Geological Survey (USGS) here: https://earthexplorer.usgs.gov/' and 'The NASADEM product is also available from...USGS.' Neither USGS EarthExplorer (a general catalogue, not a specific dataset landing page) nor the NASADEM DOI is a repo_check-recognized/crawlable platform. The paper's only other repository citation, a Zenodo record, is for CODE only ('The R code...is archived here: https://zenodo. org/ record/8347003' -- note the PDF-extraction-mangled spacing in 'zenodo. org/ record', which would also break repo_check's URL matching). repo_check found/listed nothing at all for this paper.",NA,NA,NA,NA,NA,NA,NA,NA,NA,NA,NA,NA,TRUE
"10_1111_1365_2435_14164","10_1111_1365_2435_14164","Yes","Dryad","Yes","Yes","Yes",".csv/.tsv;.txt;.xls(x)","Yes","Yes","Yes","Yes","R","No",TRUE,"Dryad","doi:10.5061/dryad.fj6q573z1",TRUE,TRUE,".csv;.txt;.xlsx",TRUE,NA,FALSE,NA,NA,TRUE,TRUE,TRUE,"code_archived[cooper=Yes,mc=No]",NA,NA,NA,NA,NA,NA,NA,NA,"COOPER_RIGHT","methods section states ""The R code used is available in Appendix S7"", so code is archived as a supplementary file even though it is not in a conventional repository that metacheck's repo_check would catch",NA,NA,NA,NA,TRUE
"10_1111_1365_2656_13195","10_1111_1365_2656_13195","Yes","Dryad","Yes","Yes","Yes",".mat","Yes","Yes","Yes","Yes","MATLAB","Yes",TRUE,NA,NA,NA,NA,NA,TRUE,NA,FALSE,NA,NA,TRUE,TRUE,TRUE,"code_archived[cooper=Yes,mc=No]",NA,NA,NA,NA,NA,NA,NA,NA,"COOPER_RIGHT","methods states ""we developed a population-level model, available via Dryad (Shaw & Binning, 2020)"", indicating the simulation model/code was deposited alongside the data",NA,NA,NA,NA,TRUE
"10_1111_1365_2664_14665","10_1111_1365_2664_14665","Yes","Other repo/database","Yes","Unsure","Yes",".csv/.tsv","Yes","Yes","No",NA,NA,NA,FALSE,NA,NA,NA,NA,NA,FALSE,NA,FALSE,NA,NA,FALSE,TRUE,FALSE,"data_availability[cooper=Yes,mc=No];any_readme[cooper=Yes,mc=No]","COOPER_RIGHT","UNSUPPORTED REPO (USGS ScienceBase) | Paper's own availability statement: ""Data available via ScienceBase ... https://doi.org/10.5066/P9DQID6G."" Cites a real Other repo/database (ScienceBase) repository (https://doi.org/10.5066/P9DQID6G). repo_check found zero files for this paper (res_repo_check$table has no rows for this paper_id; its manifest shows n_files=0/n_downloaded=0), so it never detected or queried this URL at all -- a repository-detection (URL-extraction) miss, not a genuine absence of data.",NA,NA,NA,NA,NA,NA,NA,NA,NA,NA,"COOPER_RIGHT","repo_check found zero files for this paper (res_repo_check$table has no rows for this paper_id), so it had no basis to detect a README even if one exists in the actual (un-located) repository.",TRUE
"10_1111_1365_2745_14230","10_1111_1365_2745_14230","Yes","Dryad","Yes","Yes","Yes",".xls(x)","Yes","Yes","No",NA,NA,NA,TRUE,"Dryad","doi:10.5061/dryad.sj3tx96b5",TRUE,TRUE,".xlsx",TRUE,NA,TRUE,TRUE,"R",TRUE,TRUE,TRUE,"code_archived[cooper=No,mc=Yes]",NA,NA,NA,NA,NA,NA,NA,NA,"COOPER_RIGHT","availability statement only mentions data (""Data available from the Zenodo Repository""); the only GitHub link in methods (https://github.com/greta-dev/greta.distributions/issues/14) is a citation to an issue in a third-party R package's repository (a dependency), not the authors' own analysis code",NA,NA,NA,NA,TRUE
"10_1111_1365_2745_13620","10_1111_1365_2745_13620","Yes","Other repo/database","Yes","Yes","Yes",".csv/.tsv","Quasi-README","Yes","No",NA,NA,NA,FALSE,NA,NA,NA,NA,NA,FALSE,NA,FALSE,NA,NA,FALSE,TRUE,FALSE,"data_availability[cooper=Yes,mc=No];any_readme[cooper=Yes,mc=No]","COOPER_RIGHT","UNSUPPORTED REPO | Paper states ""The datasets used to analyse the current study are available from the BEF-China website FoliarFungi2014 https://data.botanik.uni-halle.de/bef-china/datasets/635 and from the iDiv Biodiversity Data [repository]""; repo_check's summary_table shows repo_n=0 -- these non-standard institutional-repository URLs were never detected.",NA,NA,NA,NA,NA,NA,NA,NA,NA,NA,"COOPER_RIGHT","The paper's data repositories (BEF-China / iDiv Biodiversity Data) were never detected by repo_check (repo_n=0), so metacheck never checked them for a readme/description.",TRUE
"10_1111_1365_2435_13446","10_1111_1365_2435_13446","Yes","Dryad","Yes","Yes","Yes",".csv/.tsv","Yes","Yes","Yes","Yes","R","No",TRUE,"Dryad","doi:10.5061/dryad.5nj70ks",TRUE,TRUE,".csv",FALSE,NA,FALSE,NA,NA,FALSE,TRUE,FALSE,"code_archived[cooper=Yes,mc=No];any_readme[cooper=Yes,mc=No]",NA,NA,NA,NA,NA,NA,NA,NA,"COOPER_RIGHT","availability statement explicitly states ""R scripts are provided in the Supporting Information"", confirming code is archived, just not in a conventional repository that metacheck's repo_check would detect",NA,NA,"DIFFERENT_DEFINITION","Cooper's Yes for this paper's README likely reflects Dryad's dataset abstract (the ONLY free-text field Dryad's API exposes) -- confirmed on 9 real Dryad datasets from this same miss set that this field is consistently the paper's own scientific abstract (numbered background/methods/results prose), never file-level documentation. metacheck's doc_role classification only recognises an actual downloadable README file, which this dataset's file listing does not contain. Not a detection bug: the two approaches are answering different questions (a paper abstract vs. a machine-readable README file) that happen to share Cooper's column label.",TRUE
"10_1111_1365_2664_13355","10_1111_1365_2664_13355","Yes","Dryad","Yes","Yes","Yes",".xls(x)","Yes","Yes","No",NA,NA,NA,TRUE,"Dryad","doi:10.5061/dryad.dj5f7kc",TRUE,TRUE,".xlsx",FALSE,NA,FALSE,NA,NA,FALSE,TRUE,FALSE,"any_readme[cooper=Yes,mc=No]",NA,NA,NA,NA,NA,NA,NA,NA,NA,NA,NA,NA,"DIFFERENT_DEFINITION","Cooper's Yes for this paper's README likely reflects Dryad's dataset abstract (the ONLY free-text field Dryad's API exposes) -- confirmed on 9 real Dryad datasets from this same miss set that this field is consistently the paper's own scientific abstract (numbered background/methods/results prose), never file-level documentation. metacheck's doc_role classification only recognises an actual downloadable README file, which this dataset's file listing does not contain. Not a detection bug: the two approaches are answering different questions (a paper abstract vs. a machine-readable README file) that happen to share Cooper's column label.",TRUE
"10_1111_1365_2664_13965","10_1111_1365_2664_13965","Yes","Dryad","Yes","Yes","Yes",".xls(x);.mat","Quasi-README","Yes","No",NA,NA,NA,TRUE,"Dryad","doi:10.5061/dryad.t1g1jwt2p",TRUE,TRUE,".xlsx",FALSE,NA,FALSE,NA,NA,FALSE,TRUE,FALSE,"any_readme[cooper=Yes,mc=No]",NA,NA,NA,NA,NA,NA,NA,NA,NA,NA,NA,NA,"DIFFERENT_DEFINITION","Cooper's Yes for this paper's README likely reflects Dryad's dataset abstract (the ONLY free-text field Dryad's API exposes) -- confirmed on 9 real Dryad datasets from this same miss set that this field is consistently the paper's own scientific abstract (numbered background/methods/results prose), never file-level documentation. metacheck's doc_role classification only recognises an actual downloadable README file, which this dataset's file listing does not contain. Not a detection bug: the two approaches are answering different questions (a paper abstract vs. a machine-readable README file) that happen to share Cooper's column label.",TRUE
"10_1111_1365_2745_14315","10_1111_1365_2745_14315","Yes","Supplementary materials","No","No","Yes",".xls(x)","No","Yes","No",NA,NA,NA,FALSE,NA,NA,NA,NA,NA,FALSE,NA,FALSE,NA,NA,FALSE,FALSE,FALSE,"data_availability[cooper=Yes,mc=No]","COOPER_RIGHT","Full-text search finds: 'Novel data collected in this study and compiled from FRED are available through FRED: https://doi.org/10.25581/ornlsfa.014/1459186...and in the Supporting Information.' FRED (Fine-Root Ecology Database, ORNL) is not a repo_check-recognized platform; repo_check found/listed nothing at all for this paper.",NA,NA,NA,NA,NA,NA,NA,NA,NA,NA,NA,NA,TRUE
"10_1111_1365_2745_13941","10_1111_1365_2745_13941","Yes","Dryad","Yes","Yes","Yes",".xls(x)","Yes","Yes","No",NA,NA,NA,TRUE,"Dryad;GitHub, GitLab, Codeberg or similar platform","doi:10.5061/dryad.73n5tb2z5",TRUE,TRUE,".html;.xlsx",TRUE,NA,TRUE,TRUE,"R",TRUE,TRUE,TRUE,"code_archived[cooper=No,mc=Yes]",NA,NA,NA,NA,NA,NA,NA,NA,"COOPER_RIGHT","availability statement only mentions data (""All data are available in Dryad Digital Repository""); the only GitHub link in methods (https://github.com/jslefche/piecewiseSEM) is a citation to the third-party piecewiseSEM R package used for analysis, not the authors' own code",NA,NA,NA,NA,TRUE
"10_1111_1365_2435_14712","10_1111_1365_2435_14712","Yes","Dryad","Yes","Yes","Yes",".csv/.tsv","Yes","Yes","Yes","Yes","R","Yes",TRUE,NA,NA,NA,NA,NA,TRUE,NA,FALSE,NA,NA,TRUE,TRUE,TRUE,"code_archived[cooper=Yes,mc=No]",NA,NA,NA,NA,NA,NA,NA,NA,"METACHECK_RIGHT","no code or script availability is mentioned anywhere in the availability statement or methods section (methods only cite the 'agricolae' R package used for post-hoc tests, not the authors' own code)",NA,NA,NA,NA,TRUE
"10_1111_1365_2656_12730","10_1111_1365_2656_12730","Yes","Other repo/database","No","No","Yes",".csv/.tsv","No","Yes","No",NA,NA,NA,FALSE,NA,NA,NA,NA,NA,FALSE,NA,FALSE,NA,NA,FALSE,FALSE,FALSE,"data_availability[cooper=Yes,mc=No]","COOPER_RIGHT","UNSUPPORTED REPO | Paper's own availability statement: ""Data on herbivory in mangrove trees reported here are available at http://www.bco-dmo.org/dataset/639335 (Griffen, 2016a)"", plus a second BCO-DMO dataset (639360). Cites a real Other repo/database (BCO-DMO) repository (http://www.bco-dmo.org/dataset/639335). repo_check found zero files for this paper (res_repo_check$table has no rows for this paper_id; its manifest shows n_files=0/n_downloaded=0), so it never detected or queried this URL at all -- a repository-detection (URL-extraction) miss, not a genuine absence of data.",NA,NA,NA,NA,NA,NA,NA,NA,NA,NA,NA,NA,TRUE
"10_1111_1365_2656_13545","10_1111_1365_2656_13545","Yes","Dryad","Yes","Yes","Yes",".txt;.vcf","Yes","Yes","No",NA,NA,NA,TRUE,"Dryad;GitHub, GitLab, Codeberg or similar platform","doi:10.5061/dryad.x3ffbg7k3",TRUE,TRUE,".csv;.fasta;.html;.vcf;.xls",TRUE,NA,TRUE,TRUE,"Python;R",TRUE,TRUE,TRUE,"code_archived[cooper=No,mc=Yes]",NA,NA,NA,NA,NA,NA,NA,NA,"COOPER_RIGHT","availability statement only mentions data (""Genomic data are available on Dryad Digital Repository""); the GitHub links in methods (enormandeau/stacks_workflow, DanJeffries/Rana-temporaria-genome-assembly) are third-party pipeline tools and an unrelated genome assembly resource cited as methodology references, not the authors' own archived analysis code",NA,NA,NA,NA,TRUE
"10_1111_1365_2745_12759","10_1111_1365_2745_12759","Yes","Dryad","Yes","Yes","Yes",".xls(x)","Yes","Yes","Yes","Yes","R","No",TRUE,"GitHub, GitLab, Codeberg or similar platform",NA,FALSE,TRUE,".csfasta;.csv;.fa;.fasta;.fastq;.gz;.myownextension;.ods;.qual;.txt;.xlsx",TRUE,NA,TRUE,TRUE,"Python;R",TRUE,TRUE,TRUE,"data_license[cooper=Yes,mc=No];data_archive[cooper=Dryad,mc=GitHub, GitLab, Codeberg or similar platform]",NA,NA,"BOTH_DEFENSIBLE","availability statement explicitly lists two platforms: ""The data and pipelines supporting the transcriptomics results in this paper are available on Github (https://github.com/bastodian/Dimensions). All other data and scripts are available from the Dryad Digital Repository"" - Cooper picked Dryad, metacheck picked GitHub, both are genuinely present and correct","COOPER_RIGHT","Two repositories: Dryad dataset doi:10.5061/dryad.2959s IS licensed (CC0-1.0, from Dryad's dataset API) but data_check classified zero of its files as data (its one file classified ""output""); the GitHub repo bastodian/Dimensions has no recorded license (confirmed live via GitHub's own repository API) and is the repo actually holding the paper's 164 data-classified files. Same pattern as 10_1002_pan3_10736: metacheck's data-repo-only license scoping misses that the real data-holding repository is unlicensed while a different, non-data-holding repository is licensed.",NA,NA,NA,NA,NA,NA,NA,NA,TRUE
"10_1111_1365_2745_13564","10_1111_1365_2745_13564","Yes","Figshare","Yes","Yes","Yes",".xls(x)","Yes","Yes","No",NA,NA,NA,TRUE,NA,NA,NA,NA,NA,FALSE,NA,FALSE,NA,NA,FALSE,TRUE,FALSE,"any_readme[cooper=Yes,mc=No]",NA,NA,NA,NA,NA,NA,NA,NA,NA,NA,NA,NA,"DIFFERENT_DEFINITION","Archive-only: repo_check's file listing for this paper is a single compressed archive (.zip/.rar/...) with no separate top-level file. repo_check's own peek_zips=TRUE default DOES try to read a zip's file listing remotely without downloading it, so a README bundled inside is not automatically invisible -- but that peek attempt evidently failed for this specific archive. Confirmed structural cause for Dryad-hosted zips: the peek's HTTP Range request is unauthenticated and Dryad's file-download endpoint returns 401 Unauthorized without an OAuth token, so the peek can never succeed there. For Zenodo/other platforms the failure cause is not yet fully pinned down (see the issue's discussion). Filed as https://github.com/scienceverse/metacheck/issues/378. DIFFERENT_DEFINITION rather than a verdict: resolving this needs a code fix (authenticated peek requests, at minimum for Dryad), not a judgement call on this specific paper.",TRUE
"10_1111_2041_210x_14453","10_1111_2041_210x_14453","Yes","Other repo/database","Yes","Yes","Yes",".csv/.tsv;.png","Unsure","Yes","Yes","Yes","Python","Yes",FALSE,NA,NA,NA,NA,NA,FALSE,NA,FALSE,NA,NA,FALSE,TRUE,FALSE,"data_availability[cooper=Yes,mc=No];code_archived[cooper=Yes,mc=No];any_readme[cooper=Yes,mc=No]","UNCLEAR","No data-availability statement was found in the extracted paper text (only generic Supporting Information / peer-review boilerplate); repo_check's summary_table independently shows repo_n=0. Cannot confirm the basis for Cooper's Yes from available evidence.",NA,NA,NA,NA,NA,NA,"UNCLEAR","No code-archiving statement was found in the extracted paper text; repo_check found no repository at all (repo_n=0). Cannot confirm the basis for Cooper's Yes.",NA,NA,"UNCLEAR","No repository citation of any kind was found in the extracted paper text, and repo_check found none either (repo_n=0). Cannot confirm the basis for Cooper's Yes for a readme.",TRUE
"10_1111_1365_2664_13540","10_1111_1365_2664_13540","Yes","Dryad","Yes","Yes","Yes",".xls(x)","Yes","Yes","No",NA,NA,NA,TRUE,"Dryad","doi:10.5061/dryad.15dv41nsm",TRUE,TRUE,".xls",FALSE,NA,FALSE,NA,NA,FALSE,TRUE,FALSE,"any_readme[cooper=Yes,mc=No]",NA,NA,NA,NA,NA,NA,NA,NA,NA,NA,NA,NA,"DIFFERENT_DEFINITION","Cooper's Yes for this paper's README likely reflects Dryad's dataset abstract (the ONLY free-text field Dryad's API exposes) -- confirmed on 9 real Dryad datasets from this same miss set that this field is consistently the paper's own scientific abstract (numbered background/methods/results prose), never file-level documentation. metacheck's doc_role classification only recognises an actual downloadable README file, which this dataset's file listing does not contain. Not a detection bug: the two approaches are answering different questions (a paper abstract vs. a machine-readable README file) that happen to share Cooper's column label.",TRUE
"10_1111_1365_2664_14520","10_1111_1365_2664_14520","Yes","Dryad","Yes","Yes","Yes",".csv/.tsv;.sqlite","Yes","Yes","No",NA,NA,NA,TRUE,"Dryad","doi:10.5061/dryad.v15dv422r",TRUE,TRUE,".csv",FALSE,NA,FALSE,NA,NA,FALSE,TRUE,FALSE,"any_readme[cooper=Yes,mc=No]",NA,NA,NA,NA,NA,NA,NA,NA,NA,NA,NA,NA,"DIFFERENT_DEFINITION","Cooper's Yes for this paper's README likely reflects Dryad's dataset abstract (the ONLY free-text field Dryad's API exposes) -- confirmed on 9 real Dryad datasets from this same miss set that this field is consistently the paper's own scientific abstract (numbered background/methods/results prose), never file-level documentation. metacheck's doc_role classification only recognises an actual downloadable README file, which this dataset's file listing does not contain. Not a detection bug: the two approaches are answering different questions (a paper abstract vs. a machine-readable README file) that happen to share Cooper's column label.",TRUE
"10_1111_1365_2656_12762","10_1111_1365_2656_12762","Yes","Dryad","Yes","Yes","Yes",".xls(x)","No","Yes","Yes","Yes","R","No",TRUE,"Dryad","doi:10.5061/dryad.5gc43",TRUE,TRUE,".xlsx",FALSE,NA,FALSE,NA,NA,FALSE,FALSE,FALSE,"code_archived[cooper=Yes,mc=No]",NA,NA,NA,NA,NA,NA,NA,NA,"COOPER_RIGHT","methods section explicitly states ""The full R code used in this study and the raw analytical output are reported in Appendix S2"", confirming code is archived as a supplementary file, which metacheck's repo_check likely does not check since it is not in a conventional repository",NA,NA,NA,NA,TRUE
"10_1111_1365_2745_13758","10_1111_1365_2745_13758","Yes","Dryad","Yes","Yes","Yes",".xls(x)","Yes","Yes","No",NA,NA,NA,TRUE,"Dryad","doi:10.25349/D9FG8F",TRUE,TRUE,".xlsx",FALSE,NA,FALSE,NA,NA,FALSE,TRUE,FALSE,"any_readme[cooper=Yes,mc=No]",NA,NA,NA,NA,NA,NA,NA,NA,NA,NA,NA,NA,"COOPER_RIGHT","SPLIT-DOI EXTRACTION ARTIFACT | repo_check found zero files for this paper (res_repo_check$table has no rows for this paper_id), so it had no basis to detect a README even if one exists in the actual (un-located) repository.",TRUE
"10_1111_1365_2745_14093","10_1111_1365_2745_14093","Yes","Figshare","Yes","Yes","Yes",".csv/.tsv","Yes","Yes","No",NA,NA,NA,TRUE,"Figshare","10.6084/m9.figshare.21564030.v1",TRUE,TRUE,".csv;.xlsx",FALSE,NA,FALSE,NA,NA,FALSE,TRUE,FALSE,"any_readme[cooper=Yes,mc=No]",NA,NA,NA,NA,NA,NA,NA,NA,NA,NA,NA,NA,"DIFFERENT_DEFINITION","Cooper's Yes for this paper's README may reflect this Figshare article's `description` field -- checked live 2026-09-02 against a sample of 10 real Figshare articles from this miss set and found genuine variation (roughly 2 of 10 had real file-by-file documentation, the rest were abstract/methods-style summaries indistinguishable from Dryad's pattern), i.e. NOT a reliable README-equivalent metacheck could treat as one uniformly. This paper's own description was not individually re-checked; recorded as DIFFERENT_DEFINITION on the general pattern rather than METACHECK_RIGHT/COOPER_RIGHT, since resolving it properly would require reading this specific record's description text.",TRUE
"10_1002_2688_8319_12342","10_1002_2688_8319_12342","Yes","Zenodo","Yes","Yes","Yes",".xls(x)","Yes","Yes","No",NA,NA,NA,TRUE,"Zenodo","10.5281/zenodo.7496215",TRUE,TRUE,".xlsx",FALSE,NA,FALSE,NA,NA,FALSE,TRUE,FALSE,"any_readme[cooper=Yes,mc=No]",NA,NA,NA,NA,NA,NA,NA,NA,NA,NA,NA,NA,"DIFFERENT_DEFINITION","Cooper's Yes for this paper's README may reflect this Zenodo record's `description` field -- checked live 2026-09-02 against a sample of 6 real Zenodo records from this miss set and found genuine variation (sometimes a study summary, sometimes contact metadata, sometimes file-by-file documentation, sometimes empty), i.e. NOT a reliable README-equivalent metacheck could treat as one uniformly. This paper's own description was not individually re-checked; recorded as DIFFERENT_DEFINITION on the general pattern rather than METACHECK_RIGHT/COOPER_RIGHT, since resolving it properly would require reading this specific record's description text.",TRUE
"10_1111_1365_2435_14062","10_1111_1365_2435_14062","Yes","Zenodo","Yes",NA,"Yes",".xls(x)","Yes","Yes","No",NA,NA,NA,TRUE,"Zenodo","10.5281/zenodo.3247492;10.5281/zenodo.3906118;10.5281/zenodo.3906441",TRUE,TRUE,".xlsx",FALSE,NA,FALSE,NA,NA,FALSE,TRUE,FALSE,"any_readme[cooper=Yes,mc=No]",NA,NA,NA,NA,NA,NA,NA,NA,NA,NA,NA,NA,"DIFFERENT_DEFINITION","Cooper's Yes for this paper's README may reflect this Zenodo record's `description` field -- checked live 2026-09-02 against a sample of 6 real Zenodo records from this miss set and found genuine variation (sometimes a study summary, sometimes contact metadata, sometimes file-by-file documentation, sometimes empty), i.e. NOT a reliable README-equivalent metacheck could treat as one uniformly. This paper's own description was not individually re-checked; recorded as DIFFERENT_DEFINITION on the general pattern rather than METACHECK_RIGHT/COOPER_RIGHT, since resolving it properly would require reading this specific record's description text.",TRUE
"10_1111_1365_2435_14241","10_1111_1365_2435_14241","Yes","Figshare","Yes","Yes","Yes",".csv/.tsv;.db","Yes","Yes","Yes","Yes","R","No",TRUE,"Figshare","10.6084/m9.figshare.20292549.v1",TRUE,NA,".zip",FALSE,NA,FALSE,NA,NA,FALSE,TRUE,FALSE,"code_archived[cooper=Yes,mc=No];any_readme[cooper=Yes,mc=No]",NA,NA,NA,NA,NA,NA,NA,NA,"COOPER_RIGHT","UNSUPPORTED REPO | availability statement explicitly states ""All data and code needed to reproduce the analyses within this manuscript are available on FigShare (data: ..., code: ...)"", confirming code is archived with its own separate FigShare DOI, which metacheck's repo_check likely does not detect since it is FigShare rather than GitHub/Zenodo",NA,NA,"DIFFERENT_DEFINITION","Archive-only: repo_check's file listing for this paper is a single compressed archive (.zip/.rar/...) with no separate top-level file. repo_check's own peek_zips=TRUE default DOES try to read a zip's file listing remotely without downloading it, so a README bundled inside is not automatically invisible -- but that peek attempt evidently failed for this specific archive. Confirmed structural cause for Dryad-hosted zips: the peek's HTTP Range request is unauthenticated and Dryad's file-download endpoint returns 401 Unauthorized without an OAuth token, so the peek can never succeed there. For Zenodo/other platforms the failure cause is not yet fully pinned down (see the issue's discussion). Filed as https://github.com/scienceverse/metacheck/issues/378. DIFFERENT_DEFINITION rather than a verdict: resolving this needs a code fix (authenticated peek requests, at minimum for Dryad), not a judgement call on this specific paper.",TRUE
"10_1111_1365_2745_13412","10_1111_1365_2745_13412","Yes","Dryad","Yes","Yes","Yes",".csv/.tsv","Yes","Yes","No",NA,NA,NA,TRUE,"Dryad","doi:10.5061/dryad.xwdbrv1b1",TRUE,TRUE,".csv",FALSE,NA,FALSE,NA,NA,FALSE,TRUE,FALSE,"any_readme[cooper=Yes,mc=No]",NA,NA,NA,NA,NA,NA,NA,NA,NA,NA,NA,NA,"DIFFERENT_DEFINITION","Cooper's Yes for this paper's README likely reflects Dryad's dataset abstract (the ONLY free-text field Dryad's API exposes) -- confirmed on 9 real Dryad datasets from this same miss set that this field is consistently the paper's own scientific abstract (numbered background/methods/results prose), never file-level documentation. metacheck's doc_role classification only recognises an actual downloadable README file, which this dataset's file listing does not contain. Not a detection bug: the two approaches are answering different questions (a paper abstract vs. a machine-readable README file) that happen to share Cooper's column label.",TRUE
"10_1111_1365_2745_13416","10_1111_1365_2745_13416","Yes","Dryad","Yes","Yes","Yes",".csv/.tsv","Yes","Yes","No",NA,NA,NA,TRUE,"Dryad","doi:10.5061/dryad.xksn02vc8",TRUE,TRUE,".csv",FALSE,NA,FALSE,NA,NA,FALSE,TRUE,FALSE,"any_readme[cooper=Yes,mc=No]",NA,NA,NA,NA,NA,NA,NA,NA,NA,NA,NA,NA,"DIFFERENT_DEFINITION","Cooper's Yes for this paper's README likely reflects Dryad's dataset abstract (the ONLY free-text field Dryad's API exposes) -- confirmed on 9 real Dryad datasets from this same miss set that this field is consistently the paper's own scientific abstract (numbered background/methods/results prose), never file-level documentation. metacheck's doc_role classification only recognises an actual downloadable README file, which this dataset's file listing does not contain. Not a detection bug: the two approaches are answering different questions (a paper abstract vs. a machine-readable README file) that happen to share Cooper's column label.",TRUE
"10_1111_1365_2745_14324","10_1111_1365_2745_14324","Yes","Other repo/database","Yes","Yes","Yes",".csv/.tsv","Yes","Yes","No",NA,NA,NA,FALSE,NA,NA,NA,NA,NA,FALSE,NA,FALSE,NA,NA,FALSE,TRUE,FALSE,"data_availability[cooper=Yes,mc=No];any_readme[cooper=Yes,mc=No]","COOPER_RIGHT","UNSUPPORTED REPO (NERC EIDC) | Paper text cites data ""publicly available on the EIDC"" (Environmental Information Data Centre/NERC) in three separate places (vegetation, pollinator, and bird survey datasets). NERC EIDC is not a platform repo_check recognizes; repo_check has zero rows for this paper.",NA,NA,NA,NA,NA,NA,NA,NA,NA,NA,"COOPER_RIGHT","Same repo-detection miss as data_availability: none of the three EIDC datasets were ever fetched by repo_check, so mc_any_readme's FALSE reflects zero files examined, not evidence of no README.",TRUE
"10_1111_1365_2435_13353","10_1111_1365_2435_13353","Yes","Dryad","Yes","Yes","Yes",".txt;.xls(x)","Quasi-README","Yes","No",NA,NA,NA,TRUE,"Dryad","doi:10.5061/dryad.076g250",TRUE,TRUE,".xlsx",TRUE,NA,TRUE,TRUE,"R",TRUE,TRUE,TRUE,"code_archived[cooper=No,mc=Yes]",NA,NA,NA,NA,NA,NA,NA,NA,"COOPER_RIGHT","availability statement only mentions data (""All data used in the manuscript are available from the Dryad Digital Repository""); methods cite R packages used and one third-party gist (kmiddleton/kmmisc, a function the authors adapted from someone else's code), but no evidence the authors' own analysis code was archived anywhere",NA,NA,NA,NA,TRUE
"10_1111_2041_210x_13768","10_1111_2041_210x_13768","Yes",NA,"Unsure","Unsure",NA,NA,"No","Yes","Yes","Yes","Python","Yes",FALSE,NA,NA,NA,NA,NA,FALSE,NA,FALSE,NA,NA,FALSE,TRUE,FALSE,"data_availability[cooper=Yes,mc=No];code_archived[cooper=Yes,mc=No];any_readme[cooper=Yes,mc=No]","UNCLEAR","No explicit statement that THIS paper's own data is archived/available was found in the extracted text -- only two Zenodo citations for third-party software tools (Elhamod et al.'s classification model, Flashtorch) used in the analysis, and repo_check's summary_table shows repo_n=0. Cannot confirm the basis for Cooper's Yes. | KNOWN METACHECK LIMITATION (not yet fixed, github.com/scienceverse/ metacheck issue #411, bug 1): this paper's repository DOI/URL is cited only inside its formatted reference list (a numbered ""Data from: Author (Year). Title [Dataset]. https://doi.org/..."" entry), never as an inline hyperlink or bare in-text mention. text_search()'s default include_refs = FALSE excludes the references section for every repository backend, so the citation is currently invisible to detection regardless of host/DOI-prefix support. Confirmed live 2026-09-19: the DOI itself resolves correctly when queried directly.",NA,NA,NA,NA,NA,NA,"UNCLEAR","The only Zenodo citations found are for third-party tools used in the analysis (a species-classification model, Flashtorch), not a statement that the authors' own code is archived; repo_check found no repository at all (repo_n=0). Insufficient evidence to confirm Cooper's Yes for the authors' own archived code.",NA,NA,"UNCLEAR","No confirmed repository for this paper's own materials was found in text or by repo_check (repo_n=0); cannot confirm the basis for Cooper's Yes for a readme.",TRUE
"10_1111_1365_2656_13544","10_1111_1365_2656_13544","Yes","Other repo/database","Yes","Yes","Yes",".csv/.tsv;.xls(x)","Yes","Yes","No",NA,NA,NA,TRUE,"Figshare","10.25375/uct.14618526.v1",TRUE,TRUE,".csv",FALSE,NA,FALSE,NA,NA,FALSE,TRUE,FALSE,"data_archive[cooper=Other repo/database,mc=Figshare];any_readme[cooper=Yes,mc=No]",NA,NA,"METACHECK_RIGHT","Cooper coded 'Other repo/database'; the repository is ZivaHub (a University of Cape Town Figshare instance, zivahub.uct.ac.za), confirmed live 2026-09-19 to answer Figshare's own single-page-app shell and to serve a real Figshare article via api.figshare.com under DOI prefix 10.25375. metacheck's more specific 'Figshare' answer is correct.",NA,NA,NA,NA,NA,NA,NA,NA,"COOPER_RIGHT","UNSUPPORTED REPO | Same root cause: repo_check never located the ZivaHub repository the paper cites, so no README evidence could ever be recorded.",TRUE
"10_1002_pan3_10223","10_1002_pan3_10223","Yes","Zenodo","Yes","No","Yes",".csv/.tsv;Unsure","Yes","Yes","Yes","Yes","R","Yes",TRUE,"Zenodo","10.5281/zenodo.4721453",TRUE,TRUE,".csv;.geojson",TRUE,NA,TRUE,TRUE,"R",TRUE,TRUE,TRUE,"data_license[cooper=No,mc=Yes]",NA,NA,NA,NA,"METACHECK_RIGHT","Zenodo record 4721453's metadata reports license=other-open.",NA,NA,NA,NA,NA,NA,NA,NA,TRUE
"10_1111_2041_210x_13241","10_1111_2041_210x_13241","Yes","Dryad;Other repo/database","Yes","Yes","Yes",".csv/.tsv;.Rdata","Unsure","Yes","Yes","Yes","R;C/C++","No",TRUE,"Dryad","doi:10.5061/dryad.j86198f",TRUE,TRUE,".rdata",FALSE,NA,FALSE,NA,NA,FALSE,FALSE,FALSE,"code_archived[cooper=Yes,mc=No]",NA,NA,NA,NA,NA,NA,NA,NA,"UNCLEAR","availability statement only describes the two real-world datasets used as case studies (Atlantic cod data on CEFAS data hub, horn shark data on Dryad); this is a methodological paper and no statement was found anywhere confirming the authors' own analysis code was archived, though the availability section text may be incompletely captured",NA,NA,NA,NA,TRUE
"10_1111_1365_2664_14037","10_1111_1365_2664_14037","Yes","Dryad","Yes","Yes","Yes",".csv/.tsv","Yes","Yes","No",NA,NA,NA,TRUE,NA,NA,NA,NA,NA,FALSE,NA,FALSE,NA,NA,FALSE,TRUE,FALSE,"any_readme[cooper=Yes,mc=No]",NA,NA,NA,NA,NA,NA,NA,NA,NA,NA,NA,NA,"DIFFERENT_DEFINITION","Archive-only: repo_check's file listing for this paper is a single compressed archive (.zip/.rar/...) with no separate top-level file. repo_check's own peek_zips=TRUE default DOES try to read a zip's file listing remotely without downloading it, so a README bundled inside is not automatically invisible -- but that peek attempt evidently failed for this specific archive. Confirmed structural cause for Dryad-hosted zips: the peek's HTTP Range request is unauthenticated and Dryad's file-download endpoint returns 401 Unauthorized without an OAuth token, so the peek can never succeed there. For Zenodo/other platforms the failure cause is not yet fully pinned down (see the issue's discussion). Filed as https://github.com/scienceverse/metacheck/issues/378. DIFFERENT_DEFINITION rather than a verdict: resolving this needs a code fix (authenticated peek requests, at minimum for Dryad), not a judgement call on this specific paper.",TRUE
"10_1111_1365_2435_13658","10_1111_1365_2435_13658","Yes","Figshare","Yes","Yes","Yes",".xls(x)","No","Yes","Yes","Yes","R","Yes",TRUE,"Figshare","10.6084/m9.figshare.12824165.v1",TRUE,TRUE,".xls",FALSE,NA,FALSE,NA,NA,FALSE,TRUE,FALSE,"code_archived[cooper=Yes,mc=No];any_readme[cooper=Yes,mc=No]",NA,NA,NA,NA,NA,NA,NA,NA,"UNCLEAR","no code or script availability is mentioned anywhere in the availability statement or methods section (methods only cite R packages such as NichMapR and pse used for analysis)",NA,NA,"DIFFERENT_DEFINITION","Cooper's Yes for this paper's README may reflect this Figshare article's `description` field -- checked live 2026-09-02 against a sample of 10 real Figshare articles from this miss set and found genuine variation (roughly 2 of 10 had real file-by-file documentation, the rest were abstract/methods-style summaries indistinguishable from Dryad's pattern), i.e. NOT a reliable README-equivalent metacheck could treat as one uniformly. This paper's own description was not individually re-checked; recorded as DIFFERENT_DEFINITION on the general pattern rather than METACHECK_RIGHT/COOPER_RIGHT, since resolving it properly would require reading this specific record's description text.",TRUE
"10_1111_1365_2745_14456","10_1111_1365_2745_14456","Yes","Other repo/database","Yes","Yes","Yes",".csv/.tsv","Yes","Yes","No",NA,NA,NA,FALSE,NA,NA,NA,NA,NA,FALSE,NA,FALSE,NA,NA,FALSE,TRUE,FALSE,"data_availability[cooper=Yes,mc=No];any_readme[cooper=Yes,mc=No]","COOPER_RIGHT","UNSUPPORTED REPO (Environmental Data Initiative) | Paper's own availability statement: ""Shrub leaf physiology and structural trait data are available through the Konza Prairie Biological Station LTER and the Environmental Data Initiative (EDI) data portal: https://doi.org/10.6073/pasta/fe327cebe79aab9ecf3dd10b45cbd485 (Wedel & Nippert, 2024)."" Cites a real Other repo/database (EDI) repository (https://doi.org/10.6073/pasta/fe327cebe79aab9ecf3dd10b45cbd485). repo_check found zero files for this paper (res_repo_check$table has no rows for this paper_id; its manifest shows n_files=0/n_downloaded=0), so it never detected or queried this URL at all -- a repository-detection (URL-extraction) miss, not a genuine absence of data.",NA,NA,NA,NA,NA,NA,NA,NA,NA,NA,"COOPER_RIGHT","repo_check found zero files for this paper (res_repo_check$table has no rows for this paper_id), so it had no basis to detect a README even if one exists in the actual (un-located) repository.",TRUE
"10_1111_1365_2664_14704","10_1111_1365_2664_14704","Yes","Other repo/database","Yes","Yes","Yes",".ods;.xls(x)","Yes","Unsure",NA,NA,NA,NA,FALSE,NA,NA,NA,NA,NA,FALSE,NA,FALSE,NA,NA,FALSE,TRUE,FALSE,"data_availability[cooper=Yes,mc=No];any_readme[cooper=Yes,mc=No]","COOPER_RIGHT","UNSUPPORTED REPO | Paper text: ""Data on the habitat suitability model results..., and data of seagrass long-term dynamics, river discharges, total nitrogen loads and eutrophication indicators...are available via DANS Data Station Life Sciences https://doi.org/10.17026/LS/TZYAGQ (van Katwijk et al., 2024)"". DANS (Dutch national data archive) is not among metacheck's supported repo_check providers, so repo_check never attempted this URL at all, leaving repo_check$table empty and producing mc_data_availability=FALSE.",NA,NA,NA,NA,NA,NA,NA,NA,NA,NA,"COOPER_RIGHT","Same unsupported-provider gap: DANS Data Station (10.17026/LS/TZYAGQ) is not a repo_check-supported provider, so no file listing or doc_role signal was ever generated for this paper.",TRUE
"10_1111_2041_210x_13540","10_1111_2041_210x_13540","Yes","Zenodo","Yes","Yes","Yes",".txt;.tre","Yes","Yes","Yes","Yes","C/C++;Other","Yes",TRUE,"GitHub, GitLab, Codeberg or similar platform;Zenodo","10.5281/zenodo.4293924",TRUE,TRUE,".nex;.tre;.treedist;.txt;.xlsx",TRUE,NA,FALSE,NA,NA,TRUE,TRUE,TRUE,"code_archived[cooper=Yes,mc=No]",NA,NA,NA,NA,NA,NA,NA,NA,"COOPER_RIGHT","availability statement explicitly states ""The sMap source code and the data used for the reanalysis... are available from the sMap GitHub repository... and archived on Zenodo"", and further text states the software ""can be downloaded in compiled binary form or source code from GitHub"" and is ""released under a GPLv3 licence"" - code archiving is clearly and unambiguously confirmed",NA,NA,NA,NA,TRUE
"10_1111_1365_2664_13533","10_1111_1365_2664_13533","Yes","Other repo/database","No","No","No",NA,"Yes","Yes","No",NA,NA,NA,FALSE,NA,NA,NA,NA,NA,FALSE,NA,FALSE,NA,NA,FALSE,TRUE,FALSE,"data_availability[cooper=Yes,mc=No];any_readme[cooper=Yes,mc=No]","COOPER_RIGHT","DOMAIN-SPECIFIC BIOINFORMATICS DATABASE (NCBI/GenBank-family) | Paper text: ""Soil microbiome dataset is available via the NCBI Sequence Read Archive (accession number ... SRP151262)."" repo_check found zero files for this paper -- it never located/checked this NCBI SRA deposit.",NA,NA,NA,NA,NA,NA,NA,NA,NA,NA,"COOPER_RIGHT","Same root cause: repo_check never located the NCBI SRA deposit the paper cites, so no README evidence could ever be recorded.",TRUE
"10_1111_1365_2435_14085","10_1111_1365_2435_14085","Yes","Figshare","Yes","Yes","Yes",".xls(x)","Yes","Yes","No",NA,NA,NA,TRUE,"Figshare","10.6084/m9.figshare.19387637.v3",TRUE,TRUE,".csv",FALSE,NA,FALSE,NA,NA,FALSE,TRUE,FALSE,"any_readme[cooper=Yes,mc=No]",NA,NA,NA,NA,NA,NA,NA,NA,NA,NA,NA,NA,"DIFFERENT_DEFINITION","Cooper's Yes for this paper's README may reflect this Figshare article's `description` field -- checked live 2026-09-02 against a sample of 10 real Figshare articles from this miss set and found genuine variation (roughly 2 of 10 had real file-by-file documentation, the rest were abstract/methods-style summaries indistinguishable from Dryad's pattern), i.e. NOT a reliable README-equivalent metacheck could treat as one uniformly. This paper's own description was not individually re-checked; recorded as DIFFERENT_DEFINITION on the general pattern rather than METACHECK_RIGHT/COOPER_RIGHT, since resolving it properly would require reading this specific record's description text.",TRUE
"10_1111_2041_210x_13437","10_1111_2041_210x_13437","Yes","Other repo/database","Yes","Yes","Yes",".txt","Yes","Yes","Yes","Yes","R","Yes",TRUE,"Zenodo","10.5281/zenodo.5735144",TRUE,TRUE,".rda;.txt",TRUE,NA,TRUE,TRUE,"R",TRUE,TRUE,TRUE,"data_archive[cooper=Other repo/database,mc=Zenodo]",NA,NA,"COOPER_RIGHT","The paper's own text is explicit: 'The TLS data collected by the authors are available at Tropi-Dry dataverse...The code used to estimate some tree metrics...is available at [GitHub], as an r package...archived at Zenodo.' Zenodo/GitHub hold only the rTLS R package code (with bundled example .rda data), not the paper's real collected TLS data, which is on Harvard Dataverse (undetected). Code-vs-data conflation pattern.",NA,NA,NA,NA,NA,NA,NA,NA,NA,NA,TRUE
"10_1111_1365_2435_13471","10_1111_1365_2435_13471","Yes","Other repo/database","No","No","Yes",".csv/.tsv","No","Yes","No",NA,NA,NA,FALSE,NA,NA,NA,NA,NA,FALSE,NA,FALSE,NA,NA,FALSE,FALSE,FALSE,"data_availability[cooper=Yes,mc=No]","COOPER_RIGHT","UNSUPPORTED REPO | Paper's own availability statement: ""Data are available at: https://purl.stanford.edu/fh584sg8391 subject to Office of Naval Research data sharing guidelines."" Cites a real Other repo/database (Stanford) repository (https://purl.stanford.edu/fh584sg8391). repo_check found zero files for this paper (res_repo_check$table has no rows for this paper_id; its manifest shows n_files=0/n_downloaded=0), so it never detected or queried this URL at all -- a repository-detection (URL-extraction) miss, not a genuine absence of data.",NA,NA,NA,NA,NA,NA,NA,NA,NA,NA,NA,NA,TRUE
"10_1111_1365_2745_13643","10_1111_1365_2745_13643","Yes","Dryad",NA,"Yes","Yes",".xls(x)","Yes","Yes","No",NA,NA,NA,TRUE,"Dryad","doi:10.5061/dryad.x3ffbg7j2",TRUE,TRUE,".xlsx",FALSE,NA,FALSE,NA,NA,FALSE,TRUE,FALSE,"any_readme[cooper=Yes,mc=No]",NA,NA,NA,NA,NA,NA,NA,NA,NA,NA,NA,NA,"DIFFERENT_DEFINITION","Cooper's Yes for this paper's README likely reflects Dryad's dataset abstract (the ONLY free-text field Dryad's API exposes) -- confirmed on 9 real Dryad datasets from this same miss set that this field is consistently the paper's own scientific abstract (numbered background/methods/results prose), never file-level documentation. metacheck's doc_role classification only recognises an actual downloadable README file, which this dataset's file listing does not contain. Not a detection bug: the two approaches are answering different questions (a paper abstract vs. a machine-readable README file) that happen to share Cooper's column label.",TRUE
"10_1111_2041_210x_12811","10_1111_2041_210x_12811","Yes","Dryad",NA,"Yes","Yes",".Rdata","No","Yes","Yes","Yes","R","No",TRUE,"Dryad","doi:10.5061/dryad.77h7k",TRUE,NA,".zip",FALSE,NA,FALSE,NA,NA,FALSE,FALSE,FALSE,"code_archived[cooper=Yes,mc=No]",NA,NA,NA,NA,NA,NA,NA,NA,"COOPER_RIGHT","the Data Accessibility section explicitly states ""Code for formatting and analyses are available in Oedekoven et al."" and ""Supp Info R code"", confirming code was made available alongside the Dryad-archived data; metacheck appears to have missed this because the code is referenced via citation/supp info rather than a separate repo link",NA,NA,NA,NA,TRUE
"10_1111_1365_2435_14729","10_1111_1365_2435_14729","Yes","Other repo/database","No","Unsure","Yes",NA,"No","Yes","No",NA,NA,NA,FALSE,NA,NA,NA,NA,NA,FALSE,NA,FALSE,NA,NA,FALSE,FALSE,FALSE,"data_availability[cooper=Yes,mc=No]","COOPER_RIGHT","DOMAIN-SPECIFIC BIOINFORMATICS DATABASE (NCBI/GenBank-family) | Paper text (twice): ""Raw reads from this targeted locus study have been deposited in the National Center for Biotechnology Information Sequence Read Archive (BioProject PRJNA1183728)"". NCBI's Sequence Read Archive is not among metacheck's supported repo_check providers (only zenodo/github/figshare/osf/dryad/dataverse/researchdata4tu/gitlab), so repo_check never attempted this accession at all, leaving repo_check$table empty and producing mc_data_availability=FALSE.",NA,NA,NA,NA,NA,NA,NA,NA,NA,NA,NA,NA,TRUE
"10_1111_1365_2435_12871","10_1111_1365_2435_12871","Yes","Dryad","Yes","Yes","Yes",".dtg","Yes","Yes","No",NA,NA,NA,TRUE,NA,NA,NA,NA,NA,FALSE,NA,FALSE,NA,NA,FALSE,TRUE,FALSE,"any_readme[cooper=Yes,mc=No]",NA,NA,NA,NA,NA,NA,NA,NA,NA,NA,NA,NA,"DIFFERENT_DEFINITION","Archive-only: repo_check's file listing for this paper is a single compressed archive (.zip/.rar/...) with no separate top-level file. repo_check's own peek_zips=TRUE default DOES try to read a zip's file listing remotely without downloading it, so a README bundled inside is not automatically invisible -- but that peek attempt evidently failed for this specific archive. Confirmed structural cause for Dryad-hosted zips: the peek's HTTP Range request is unauthenticated and Dryad's file-download endpoint returns 401 Unauthorized without an OAuth token, so the peek can never succeed there. For Zenodo/other platforms the failure cause is not yet fully pinned down (see the issue's discussion). Filed as https://github.com/scienceverse/metacheck/issues/378. DIFFERENT_DEFINITION rather than a verdict: resolving this needs a code fix (authenticated peek requests, at minimum for Dryad), not a judgement call on this specific paper.",TRUE
"10_1111_2041_210x_14074","10_1111_2041_210x_14074","No",NA,NA,NA,NA,NA,NA,"Yes","Yes","Yes","R",NA,FALSE,NA,NA,NA,NA,NA,FALSE,NA,FALSE,NA,NA,FALSE,NA,FALSE,"code_archived[cooper=Yes,mc=No]",NA,NA,NA,NA,NA,NA,NA,NA,"COOPER_RIGHT","UNSUPPORTED REPO | Paper text: ""The source code in FORTRAN, the R script d.corr and three stand-alone applications ... are offered for computations (see Data Availability Statement)"" and ""the R script of DCORR is available on https://hdl.handle.net/21.15109/CONCORDA/R9BHMICONCORDA/COALPD"" -- an institutional 'CONCORDA Data Bank' handle-based repository. repo_check found zero files for this paper -- it never located/checked this repository (an unusual handle-based platform, likely unrecognized by URL extraction).",NA,NA,NA,NA,TRUE
"10_1111_1365_2435_13386","10_1111_1365_2435_13386","Yes","Dryad;Other repo/database","Yes","Yes","Yes",".csv/.tsv;.xml","Yes","Yes","No",NA,NA,NA,TRUE,"Dryad","doi:10.5061/dryad.554t595",TRUE,TRUE,".csv",FALSE,NA,FALSE,NA,NA,FALSE,TRUE,FALSE,"any_readme[cooper=Yes,mc=No]",NA,NA,NA,NA,NA,NA,NA,NA,NA,NA,NA,NA,"DIFFERENT_DEFINITION","Cooper's Yes for this paper's README likely reflects Dryad's dataset abstract (the ONLY free-text field Dryad's API exposes) -- confirmed on 9 real Dryad datasets from this same miss set that this field is consistently the paper's own scientific abstract (numbered background/methods/results prose), never file-level documentation. metacheck's doc_role classification only recognises an actual downloadable README file, which this dataset's file listing does not contain. Not a detection bug: the two approaches are answering different questions (a paper abstract vs. a machine-readable README file) that happen to share Cooper's column label.",TRUE
"10_1111_1365_2435_13338","10_1111_1365_2435_13338","Yes","Dryad","Yes","Yes","Yes",".csv/.tsv","No","Yes","Yes","Yes","R","No",TRUE,"Dryad","doi:10.5061/dryad.kn92b41",TRUE,TRUE,".csv",FALSE,NA,FALSE,NA,NA,FALSE,FALSE,FALSE,"code_archived[cooper=Yes,mc=No]",NA,NA,NA,NA,NA,NA,NA,NA,"COOPER_RIGHT","the Data Accessibility section explicitly states ""R script has been attached the Supporting information"", confirming code was made available as a supplementary file; metacheck likely missed this because it is a supplementary file attachment rather than a repository URL",NA,NA,NA,NA,TRUE
"10_1111_2041_210x_13721","10_1111_2041_210x_13721","Yes","Figshare","No","No","Yes",".wav","No","Yes","Yes","Yes","R","Yes",TRUE,"Figshare;GitHub, GitLab, Codeberg or similar platform;Zenodo","10.5281/zenodo.5483030;10.6084/m9.figshare.15149523.v1",TRUE,TRUE,".csv",TRUE,NA,TRUE,TRUE,"R",TRUE,TRUE,TRUE,"data_license[cooper=No,mc=Yes]",NA,NA,NA,NA,"METACHECK_RIGHT","Multiple repositories, several licensed: GitHub YvesBas/Tadarida-L (LGPL-3.0) and YvesBas/Tadarida-C (GPL-3.0), confirmed live via GitHub's own repository API; Zenodo record 10.5281/zenodo.5483030 (depositor-selected ""Other (Open)""); three Figshare articles all carrying CC BY 4.0 (10.6084/m9.figshare.15149523.v1, 15141201.v1, 14340341.v1), retrieved from Figshare's articles API.",NA,NA,NA,NA,NA,NA,NA,NA,TRUE
"10_1111_1365_2745_13231","10_1111_1365_2745_13231","Yes","Dryad","Yes","Yes","Yes",".xls(x)","Yes","Yes","No",NA,NA,NA,TRUE,"Dryad","doi:10.5061/dryad.g8k7261",TRUE,TRUE,".xlsx",FALSE,NA,FALSE,NA,NA,FALSE,TRUE,FALSE,"any_readme[cooper=Yes,mc=No]",NA,NA,NA,NA,NA,NA,NA,NA,NA,NA,NA,NA,"DIFFERENT_DEFINITION","Cooper's Yes for this paper's README likely reflects Dryad's dataset abstract (the ONLY free-text field Dryad's API exposes) -- confirmed on 9 real Dryad datasets from this same miss set that this field is consistently the paper's own scientific abstract (numbered background/methods/results prose), never file-level documentation. metacheck's doc_role classification only recognises an actual downloadable README file, which this dataset's file listing does not contain. Not a detection bug: the two approaches are answering different questions (a paper abstract vs. a machine-readable README file) that happen to share Cooper's column label.",TRUE
"10_1111_1365_2745_14253","10_1111_1365_2745_14253","Yes","Zenodo","Yes","Yes","Yes",".xls(x)","Yes","Yes","No",NA,NA,NA,TRUE,"Zenodo","10.5281/zenodo.10396957",TRUE,TRUE,".xlsx",FALSE,NA,FALSE,NA,NA,FALSE,TRUE,FALSE,"any_readme[cooper=Yes,mc=No]",NA,NA,NA,NA,NA,NA,NA,NA,NA,NA,NA,NA,"DIFFERENT_DEFINITION","Cooper's Yes for this paper's README may reflect this Zenodo record's `description` field -- checked live 2026-09-02 against a sample of 6 real Zenodo records from this miss set and found genuine variation (sometimes a study summary, sometimes contact metadata, sometimes file-by-file documentation, sometimes empty), i.e. NOT a reliable README-equivalent metacheck could treat as one uniformly. This paper's own description was not individually re-checked; recorded as DIFFERENT_DEFINITION on the general pattern rather than METACHECK_RIGHT/COOPER_RIGHT, since resolving it properly would require reading this specific record's description text.",TRUE
"10_1002_pan3_10436","10_1002_pan3_10436","Yes",NA,NA,NA,NA,NA,NA,"No",NA,NA,NA,NA,FALSE,NA,NA,NA,NA,NA,FALSE,NA,FALSE,NA,NA,FALSE,NA,FALSE,"data_availability[cooper=Yes,mc=No]","DIFFERENT_DEFINITION","Paper text: ""We have not made data publicly available because individuals or organizations may be identifiable in interview transcripts even if names were removed. The data archiving requirement has been waived due to the confidential nature of these qualitative interviews and the terms of our consent agreements."" A Data Availability Statement exists but explicitly states data are NOT publicly available and archiving was waived. Cooper's Yes likely reflects presence of a DAS itself, while metacheck's False (correctly) reflects the absence of any accessible external repository.",NA,NA,NA,NA,NA,NA,NA,NA,NA,NA,NA,NA,TRUE
"10_1111_1365_2664_14024","10_1111_1365_2664_14024","Yes","Dryad","Yes","Yes","Yes",".xls(x)","Yes","Yes","Yes","Yes","NetLogo","Yes",TRUE,"Dryad","doi:10.5061/dryad.7m0cfxprc",TRUE,TRUE,".xlsx",TRUE,NA,FALSE,NA,NA,TRUE,TRUE,TRUE,"code_archived[cooper=Yes,mc=No]",NA,NA,NA,NA,NA,NA,NA,NA,"METACHECK_RIGHT","the Data Availability Statement only mentions ""Data are available via the Dryad Digital Repository"", and an exhaustive keyword search of the full paper text found no mention of code, scripts, or software anywhere including in the Methods section",NA,NA,NA,NA,TRUE
"10_1111_1365_2664_14575","10_1111_1365_2664_14575","Yes","Figshare","Yes","Yes","Yes",".csv/.tsv","Yes","No",NA,NA,NA,NA,FALSE,NA,NA,NA,NA,NA,FALSE,NA,FALSE,NA,NA,FALSE,TRUE,FALSE,"data_availability[cooper=Yes,mc=No];any_readme[cooper=Yes,mc=No]","COOPER_RIGHT","SPLIT-DOI EXTRACTION ARTIFACT | Paper text: ""Data made publicly available in Figshare https://doi.org/10.6084/m9.figshare.c.6668111 (Chan & Coomes, 2023)."" This is a Figshare COLLECTION DOI (the ""c."" infix), a different URL/DOI structure from an individual Figshare article -- likely why repo_check's Figshare matcher never resolved it; repo_check has zero rows for this paper.",NA,NA,NA,NA,NA,NA,NA,NA,NA,NA,"COOPER_RIGHT","Same repo-detection miss as data_availability: the Figshare collection was never fetched by repo_check, so mc_any_readme's FALSE reflects zero files examined, not evidence of no README.",TRUE
"10_1111_1365_2656_13295","10_1111_1365_2656_13295","Yes","Other repo/database","Yes","Yes","Yes",".csv/.tsv","No","Yes","No",NA,NA,NA,FALSE,NA,NA,NA,NA,NA,FALSE,NA,FALSE,NA,NA,FALSE,FALSE,FALSE,"data_availability[cooper=Yes,mc=No]","COOPER_RIGHT","Paper text: 'The data supporting this manuscript are available at Edmond, the open access repository of the Max Planck Society https://doi.org/10.17617/3.41.' Edmond is not a repo_check-recognized platform; repo_check found/listed nothing at all for this paper.",NA,NA,NA,NA,NA,NA,NA,NA,NA,NA,NA,NA,TRUE
"10_1111_1365_2745_13529","10_1111_1365_2745_13529","Yes","Other repo/database","No","Unsure","No",NA,"No","Yes","No",NA,NA,NA,FALSE,NA,NA,NA,NA,NA,FALSE,NA,FALSE,NA,NA,FALSE,FALSE,FALSE,"data_availability[cooper=Yes,mc=No]","COOPER_RIGHT","Paper states ""Sequence data are deposited at NCBI-SRA under the accession number PRJNA592420"" (also: ""Data were deposited in the Sequence Read Archive""); an explicit, specific data-availability claim with an accession number, contradicting mc's FALSE.",NA,NA,NA,NA,NA,NA,NA,NA,NA,NA,NA,NA,TRUE
"10_1111_1365_2435_12971","10_1111_1365_2435_12971","Yes","Dryad","Yes","Yes","Yes",".xls(x)","Yes","Yes","No",NA,NA,NA,TRUE,"Dryad","doi:10.5061/dryad.jd5j3",TRUE,TRUE,".xlsx",FALSE,NA,FALSE,NA,NA,FALSE,TRUE,FALSE,"any_readme[cooper=Yes,mc=No]",NA,NA,NA,NA,NA,NA,NA,NA,NA,NA,NA,NA,"DIFFERENT_DEFINITION","Cooper's Yes for this paper's README likely reflects Dryad's dataset abstract (the ONLY free-text field Dryad's API exposes) -- confirmed on 9 real Dryad datasets from this same miss set that this field is consistently the paper's own scientific abstract (numbered background/methods/results prose), never file-level documentation. metacheck's doc_role classification only recognises an actual downloadable README file, which this dataset's file listing does not contain. Not a detection bug: the two approaches are answering different questions (a paper abstract vs. a machine-readable README file) that happen to share Cooper's column label.",TRUE
"10_1002_pan3_10196","10_1002_pan3_10196","Yes","Other repo/database","Yes","Yes","Yes",".csv/.tsv","Yes","Yes","Yes","Yes","R","Yes",FALSE,NA,NA,NA,NA,NA,FALSE,NA,FALSE,NA,NA,FALSE,TRUE,FALSE,"data_availability[cooper=Yes,mc=No];code_archived[cooper=Yes,mc=No];any_readme[cooper=Yes,mc=No]","COOPER_RIGHT","Paper text: ""The data are archived at MWLR (https://doi.org/10.7931/gj1a-f647)."" MWLR (Manaaki Whenua Landcare Research) is not a platform repo_check recognizes; repo_check has zero rows for this paper. | KNOWN METACHECK LIMITATION (not yet fixed, github.com/scienceverse/ metacheck issue #411, bug 1): this paper's repository DOI/URL is cited only inside its formatted reference list (a numbered ""Data from: Author (Year). Title [Dataset]. https://doi.org/..."" entry), never as an inline hyperlink or bare in-text mention. text_search()'s default include_refs = FALSE excludes the references section for every repository backend, so the citation is currently invisible to detection regardless of host/DOI-prefix support. Confirmed live 2026-09-19: the DOI itself resolves correctly when queried directly.",NA,NA,NA,NA,NA,NA,"UNCLEAR","No code repository or code-archival claim appears anywhere in the paper text -- only the MWLR data archive is mentioned (an R-based nest-survival analysis with no separate code citation found). Cannot confirm from available evidence whether the MWLR archive itself also contains code, so Cooper's Yes is neither clearly supported nor contradicted.",NA,NA,"COOPER_RIGHT","Same repo-detection miss as data_availability: repo_check never fetched the MWLR archive, so mc_any_readme's FALSE reflects zero files examined, not evidence of no README.",TRUE
"10_1111_1365_2745_14251","10_1111_1365_2745_14251","Yes","Figshare","Yes","Yes","Yes",".csv/.tsv","Yes","Yes","No",NA,NA,NA,TRUE,"Figshare","10.6084/m9.figshare.24746235.v1",TRUE,TRUE,".csv",FALSE,NA,FALSE,NA,NA,FALSE,TRUE,FALSE,"any_readme[cooper=Yes,mc=No]",NA,NA,NA,NA,NA,NA,NA,NA,NA,NA,NA,NA,"DIFFERENT_DEFINITION","Cooper's Yes for this paper's README may reflect this Figshare article's `description` field -- checked live 2026-09-02 against a sample of 10 real Figshare articles from this miss set and found genuine variation (roughly 2 of 10 had real file-by-file documentation, the rest were abstract/methods-style summaries indistinguishable from Dryad's pattern), i.e. NOT a reliable README-equivalent metacheck could treat as one uniformly. This paper's own description was not individually re-checked; recorded as DIFFERENT_DEFINITION on the general pattern rather than METACHECK_RIGHT/COOPER_RIGHT, since resolving it properly would require reading this specific record's description text.",TRUE
"10_1002_pan3_10743","10_1002_pan3_10743","Yes","Supplementary materials","No","No","Yes",".pdf","No","No",NA,NA,NA,NA,FALSE,NA,NA,NA,NA,NA,FALSE,NA,FALSE,NA,NA,FALSE,FALSE,FALSE,"data_availability[cooper=Yes,mc=No]","DIFFERENT_DEFINITION","The paper's own text shows its underlying materials are shared as journal supplementary appendices, not an external repository: ""In total, we integrated 11 articles ... (Appendix S1) for discourse analysis"" and ""We initially selected 10 nature recovery organisations across Britain (Appendix S2)"" -- consistent with Cooper's data_archive=""Supplementary materials"". metacheck's repo_check pipeline only checks cited external repository links (Dryad/Zenodo/etc.), not in-manuscript supplementary appendices, so it structurally cannot register this as ""available"" even though Cooper correctly does.",NA,NA,NA,NA,NA,NA,NA,NA,NA,NA,NA,NA,TRUE
"10_1111_1365_2745_13817","10_1111_1365_2745_13817","Yes","Zenodo","Yes","Yes","Yes",".csv/.tsv","Yes","Yes","No",NA,NA,NA,TRUE,"Zenodo","10.5281/zenodo.5645775",TRUE,TRUE,".csv",FALSE,NA,FALSE,NA,NA,FALSE,TRUE,FALSE,"any_readme[cooper=Yes,mc=No]",NA,NA,NA,NA,NA,NA,NA,NA,NA,NA,NA,NA,"DIFFERENT_DEFINITION","Cooper's Yes for this paper's README may reflect this Zenodo record's `description` field -- checked live 2026-09-02 against a sample of 6 real Zenodo records from this miss set and found genuine variation (sometimes a study summary, sometimes contact metadata, sometimes file-by-file documentation, sometimes empty), i.e. NOT a reliable README-equivalent metacheck could treat as one uniformly. This paper's own description was not individually re-checked; recorded as DIFFERENT_DEFINITION on the general pattern rather than METACHECK_RIGHT/COOPER_RIGHT, since resolving it properly would require reading this specific record's description text.",TRUE
"10_1002_pan3_10076","10_1002_pan3_10076","Yes","Other repo/database","No",NA,NA,NA,NA,"Yes","No",NA,NA,NA,FALSE,NA,NA,NA,NA,NA,FALSE,NA,FALSE,NA,NA,FALSE,NA,FALSE,"data_availability[cooper=Yes,mc=No]","COOPER_RIGHT","UNSUPPORTED REPO | Paper text: ""...all data used in this study...will be archived as part of the NERC EIDC. However, these data and associated transcripts contain sensitive information...and are therefore available on request only."" This is a genuine (restricted-access) data availability statement naming a specific archive (NERC Environmental Information Data Centre), which is not among metacheck's supported repo_check providers, so repo_check never attempted this repository at all, leaving repo_check$table empty and producing mc_data_availability=FALSE.",NA,NA,NA,NA,NA,NA,NA,NA,NA,NA,NA,NA,TRUE
"10_1111_2041_210x_13318","10_1111_2041_210x_13318","Yes","Other repo/database","No","Unsure","Yes",".xls(x)","No","Unsure",NA,NA,NA,NA,TRUE,"GitHub, GitLab, Codeberg or similar platform;Zenodo","10.5281/zenodo.3479781",TRUE,TRUE,".csv;.rda",TRUE,NA,TRUE,TRUE,"Python;R",TRUE,FALSE,TRUE,"data_archive[cooper=Other repo/database,mc=GitHub, GitLab, Codeberg or similar platform;Zenodo];any_readme[cooper=No,mc=Yes]",NA,NA,"DIFFERENT_DEFINITION","This is a methods/software paper describing the MGDrivE R package itself (on CRAN, GitHub, and Zenodo) rather than reporting a separately collected empirical dataset. GitHub/Zenodo genuinely hold the software; Cooper's 'Other repo/database' may reflect CRAN, which metacheck does not recognize as a platform. Genuinely ambiguous rather than a clear detection failure.",NA,NA,NA,NA,NA,NA,NA,NA,"METACHECK_RIGHT","A GitHub/Zenodo-hosted R package virtually always has a real README; repo_check confirms one is present. Cooper's coders likely did not check for this methods paper.",TRUE
"10_1111_1365_2745_13491","10_1111_1365_2745_13491","Yes","Dryad","Yes","Yes","Yes",".xls(x)","Yes","Yes","Yes","Yes","R","No",TRUE,"Dryad","doi:10.5061/dryad.6djh9w0zj",TRUE,TRUE,".xlsx",FALSE,NA,TRUE,TRUE,"R",FALSE,TRUE,FALSE,"any_readme[cooper=Yes,mc=No]",NA,NA,NA,NA,NA,NA,NA,NA,NA,NA,NA,NA,"DIFFERENT_DEFINITION","Cooper's Yes for this paper's README likely reflects Dryad's dataset abstract (the ONLY free-text field Dryad's API exposes) -- confirmed on 9 real Dryad datasets from this same miss set that this field is consistently the paper's own scientific abstract (numbered background/methods/results prose), never file-level documentation. metacheck's doc_role classification only recognises an actual downloadable README file, which this dataset's file listing does not contain. Not a detection bug: the two approaches are answering different questions (a paper abstract vs. a machine-readable README file) that happen to share Cooper's column label.",TRUE
"10_1111_1365_2664_14074","10_1111_1365_2664_14074","Yes","Other repo/database","No","No","Yes",".fastq;.fasta","No","Yes","No",NA,NA,NA,TRUE,"GitHub, GitLab, Codeberg or similar platform",NA,TRUE,FALSE,".fastq",TRUE,NA,TRUE,TRUE,"R",TRUE,FALSE,TRUE,"data_license[cooper=No,mc=Yes];data_download[cooper=Yes,mc=No];code_archived[cooper=No,mc=Yes];data_archive[cooper=Other repo/database,mc=GitHub, GitLab, Codeberg or similar platform];any_readme[cooper=No,mc=Yes]",NA,NA,"COOPER_RIGHT","the Data Availability Statement states ""The sequence data have been deposited in the NCBI Sequence Read Archive under BioProject accession code PRJNA717381"", which is a domain-specific database correctly classified as ""Other repo/database""; metacheck's GitHub classification appears to stem from the same unrelated third-party tool citation","METACHECK_RIGHT","GitHub repository yhwu/idemp carries a GPL-2.0 license, confirmed live via GitHub's own repository API (https://api.github.com/repos/yhwu/idemp), the same source metacheck reads from.","UNCLEAR","no explicit download confirmation for the NCBI SRA data in the text","COOPER_RIGHT","no code repository belonging to the authors is mentioned anywhere in the text; the only GitHub link found (""idemp (https://github.com/yhwu/idemp)"") is a citation to a third-party demultiplexing tool, not the authors' own analysis code",NA,NA,"METACHECK_RIGHT","DOMAIN-SPECIFIC BIOINFORMATICS DATABASE (NCBI/GenBank-family) | GitHub repository yhwu/idemp -- confirmed in the data_archive pass to be an INCIDENTAL third-party tool citation (""GBS data were demultiplexed with axe-demux...""-style dependency mention), not the paper's own repository; the paper's actual data is on NCBI SRA (BioProject PRJNA717381), a platform repo_check does not recognise as a repo_url at all. repo_check's file listing shows a README.md -- genuinely real, but on a repository the paper cites only as a tool dependency, not as its own data/code archive. Cooper's data_README=No is plausibly correct in the sense that Cooper was assessing the PAPER's own archive (which repo_check never found), not this incidental GitHub citation; recording METACHECK_RIGHT here (a real README does exist where metacheck looked) is technically accurate but potentially misleading about what the disagreement actually reflects -- same root cause as this paper's data_archive conflation.",TRUE
"10_1111_1365_2656_13677","10_1111_1365_2656_13677","Yes","Dryad","Yes","Yes","Yes",".Rdata","Yes","Yes","Yes","Yes","R","Yes",TRUE,"Dryad","doi:10.5061/dryad.6wwpzgn1j",TRUE,TRUE,".rdata",TRUE,NA,FALSE,NA,NA,TRUE,TRUE,TRUE,"code_archived[cooper=Yes,mc=No]",NA,NA,NA,NA,NA,NA,NA,NA,"COOPER_RIGHT","the Data Availability Statement explicitly states ""Data and scripts are available from the Dryad Digital Repository"", confirming code is present; metacheck likely missed this because the code is bundled inside the same Dryad data archive rather than listed at a separate code-specific link",NA,NA,NA,NA,TRUE
"10_1111_1365_2664_13237","10_1111_1365_2664_13237","Yes","Dryad","Yes","Yes","Yes",".RDS","Yes","Yes","Yes","Yes","R","Yes",TRUE,NA,NA,NA,NA,NA,FALSE,NA,FALSE,NA,NA,FALSE,TRUE,FALSE,"code_archived[cooper=Yes,mc=No];any_readme[cooper=Yes,mc=No]",NA,NA,NA,NA,NA,NA,NA,NA,"METACHECK_RIGHT","an exhaustive keyword search of the full paper text found zero mention of code, scripts, or software anywhere including in the Methods section; only data appears to have been archived",NA,NA,"DIFFERENT_DEFINITION","Archive-only: repo_check's file listing for this paper is a single compressed archive (.zip/.rar/...) with no separate top-level file. repo_check's own peek_zips=TRUE default DOES try to read a zip's file listing remotely without downloading it, so a README bundled inside is not automatically invisible -- but that peek attempt evidently failed for this specific archive. Confirmed structural cause for Dryad-hosted zips: the peek's HTTP Range request is unauthenticated and Dryad's file-download endpoint returns 401 Unauthorized without an OAuth token, so the peek can never succeed there. For Zenodo/other platforms the failure cause is not yet fully pinned down (see the issue's discussion). Filed as https://github.com/scienceverse/metacheck/issues/378. DIFFERENT_DEFINITION rather than a verdict: resolving this needs a code fix (authenticated peek requests, at minimum for Dryad), not a judgement call on this specific paper.",TRUE
"10_1111_1365_2435_13388","10_1111_1365_2435_13388","Yes","Dryad","Yes","Yes","Yes",".csv/.tsv;.txt","Yes","Yes","Yes","Yes","R","No",TRUE,"Dryad","doi:10.5061/dryad.6ts275n",TRUE,TRUE,".csv;.txt",FALSE,NA,TRUE,TRUE,"R",FALSE,TRUE,FALSE,"any_readme[cooper=Yes,mc=No]",NA,NA,NA,NA,NA,NA,NA,NA,NA,NA,NA,NA,"DIFFERENT_DEFINITION","Cooper's Yes for this paper's README likely reflects Dryad's dataset abstract (the ONLY free-text field Dryad's API exposes) -- confirmed on 9 real Dryad datasets from this same miss set that this field is consistently the paper's own scientific abstract (numbered background/methods/results prose), never file-level documentation. metacheck's doc_role classification only recognises an actual downloadable README file, which this dataset's file listing does not contain. Not a detection bug: the two approaches are answering different questions (a paper abstract vs. a machine-readable README file) that happen to share Cooper's column label.",TRUE
"10_1111_1365_2664_12991","10_1111_1365_2664_12991","Yes","Other repo/database","No",NA,"Yes",".csv/.tsv","Yes","Yes","No",NA,NA,NA,FALSE,NA,NA,NA,NA,NA,FALSE,NA,FALSE,NA,NA,FALSE,TRUE,FALSE,"data_availability[cooper=Yes,mc=No];any_readme[cooper=Yes,mc=No]","UNCLEAR","No data-availability statement of any kind was found even in a broad full-text search (only generic Supporting Information boilerplate and unrelated ""light availability"" ecology sentences); repo_check independently found no repository (repo_n=0). Cannot confirm the basis for Cooper's Yes.",NA,NA,NA,NA,NA,NA,NA,NA,NA,NA,"UNCLEAR","No repository of any kind was identified for this paper in text or by repo_check (repo_n=0); cannot confirm the basis for Cooper's Yes for a readme.",TRUE
"10_1111_1365_2664_13771","10_1111_1365_2664_13771","Yes","Other repo/database","Yes","Yes","Yes",".csv/.tsv","No","No",NA,NA,NA,NA,FALSE,NA,NA,NA,NA,NA,FALSE,NA,FALSE,NA,NA,FALSE,FALSE,FALSE,"data_availability[cooper=Yes,mc=No]","COOPER_RIGHT","UNSUPPORTED REPO | Paper text: ""Data are available in the Manaaki Whenua - Landcare Research DataStore website https://doi.org/10.7931/txgn-m318 (Orwin et al., 2020)."" repo_check found zero files for this paper -- it never located/checked this DataStore DOI.",NA,NA,NA,NA,NA,NA,NA,NA,NA,NA,NA,NA,TRUE
"10_1111_2041_210x_13527","10_1111_2041_210x_13527",NA,NA,NA,NA,NA,NA,NA,"Yes","Yes","Yes","R;C/C++","Yes",FALSE,NA,NA,NA,NA,NA,FALSE,NA,FALSE,NA,NA,FALSE,TRUE,FALSE,"code_archived[cooper=Yes,mc=No];any_readme[cooper=Yes,mc=No]",NA,NA,NA,NA,NA,NA,NA,NA,"COOPER_RIGHT","UNSUPPORTED REPO | Paper text: ""No data have been used in this paper, other than the contents of the PSPManalysis package available on CRAN (https://CRAN.R-project.org/package=PSPManalysis)"" -- the paper's only ""code"" is the CRAN package itself. CRAN is not among metacheck's supported repo_check providers (only zenodo/github/figshare/osf/dryad/dataverse/researchdata4tu/gitlab), so repo_check never attempted this URL at all, leaving repo_check$table/code_check$table empty and producing mc_code_archived=FALSE.",NA,NA,"COOPER_RIGHT","Same unsupported-provider gap: the paper's code lives entirely in the CRAN package PSPManalysis, and CRAN is not a repo_check-supported provider, so no file listing or doc_role signal was ever generated for this paper (CRAN packages conventionally ship a README/vignette, consistent with Cooper's Yes).",TRUE
"10_1111_2041_210x_13591","10_1111_2041_210x_13591","Yes","Dryad","Yes",NA,"Yes",".csv/.tsv","Yes","Yes","Yes","Yes","R","No",TRUE,"Dryad","doi:10.5061/dryad.p8cz8w9px",TRUE,TRUE,".csv",TRUE,NA,FALSE,NA,NA,TRUE,TRUE,TRUE,"code_archived[cooper=Yes,mc=No]",NA,NA,NA,NA,NA,NA,NA,NA,"COOPER_RIGHT","the Data Availability Statement explicitly states ""All data and code for this study are available at https://doi.org/10.5061/dryad.p8cz8w9px""; metacheck incorrectly reported No",NA,NA,NA,NA,TRUE
"10_1111_1365_2656_13069","10_1111_1365_2656_13069","Yes","Other repo/database","Yes","Yes","Yes",".csv/.tsv","Yes","Yes","No",NA,NA,NA,FALSE,NA,NA,NA,NA,NA,FALSE,NA,FALSE,NA,NA,FALSE,TRUE,FALSE,"data_availability[cooper=Yes,mc=No];any_readme[cooper=Yes,mc=No]","COOPER_RIGHT","UNSUPPORTED REPO (NERC EIDC) | Paper's own availability statement: ""Data presented in this manuscript are available at: https://doi.org/10.5285/52b6b432-8f69-4b08-8a47-04e40f656f55 and https://doi.org/10.5285/54b722a7-7cda-4817-86a5-b96ad0bb4ae7 (Mugabo et al., 2019a, 2019b)."" Cites a real Other repo/database (EIDC) repository (https://doi.org/10.5285/52b6b432-8f69-4b08-8a47-04e40f656f55). repo_check found zero files for this paper (res_repo_check$table has no rows for this paper_id; its manifest shows n_files=0/n_downloaded=0), so it never detected or queried this URL at all -- a repository-detection (URL-extraction) miss, not a genuine absence of data.",NA,NA,NA,NA,NA,NA,NA,NA,NA,NA,"COOPER_RIGHT","repo_check found zero files for this paper (res_repo_check$table has no rows for this paper_id), so it had no basis to detect a README even if one exists in the actual (un-located) repository.",TRUE
"10_1002_2688_8319_12241","10_1002_2688_8319_12241","Yes","Supplementary materials","No","No","Yes",".doc(x)","No","Yes","No",NA,NA,NA,FALSE,NA,NA,NA,NA,NA,FALSE,NA,FALSE,NA,NA,FALSE,FALSE,FALSE,"data_availability[cooper=Yes,mc=No]","DIFFERENT_DEFINITION","The paper's own text states: ""All the data and methods for this manuscript are contained within the methods and supplemental materials"" -- consistent with Cooper's data_archive=""Supplementary materials"", not an external repository. metacheck's repo_check pipeline only checks cited external repository links, not in-manuscript supplementary files, so it structurally cannot register this as ""available"" even though the data genuinely is shared (just not via a checkable URL).",NA,NA,NA,NA,NA,NA,NA,NA,NA,NA,NA,NA,TRUE
"10_1002_pan3_10291","10_1002_pan3_10291","Yes","Dryad","Yes","Yes","Yes",".csv/.tsv;.doc(x)","Yes","Yes","No",NA,NA,NA,TRUE,"Dryad","doi:10.5061/dryad.0zpc866zj",TRUE,NA,".zip",FALSE,NA,FALSE,NA,NA,FALSE,TRUE,FALSE,"any_readme[cooper=Yes,mc=No]",NA,NA,NA,NA,NA,NA,NA,NA,NA,NA,NA,NA,"DIFFERENT_DEFINITION","Archive-only: repo_check's file listing for this paper is a single compressed archive (.zip/.rar/...) with no separate top-level file. repo_check's own peek_zips=TRUE default DOES try to read a zip's file listing remotely without downloading it, so a README bundled inside is not automatically invisible -- but that peek attempt evidently failed for this specific archive. Confirmed structural cause for Dryad-hosted zips: the peek's HTTP Range request is unauthenticated and Dryad's file-download endpoint returns 401 Unauthorized without an OAuth token, so the peek can never succeed there. For Zenodo/other platforms the failure cause is not yet fully pinned down (see the issue's discussion). Filed as https://github.com/scienceverse/metacheck/issues/378. DIFFERENT_DEFINITION rather than a verdict: resolving this needs a code fix (authenticated peek requests, at minimum for Dryad), not a judgement call on this specific paper.",TRUE
"10_1111_1365_2435_14140","10_1111_1365_2435_14140","Yes","Zenodo","Yes","Yes","Yes",".xls(x)","No","Yes","No",NA,NA,NA,TRUE,"Zenodo","10.5281/zenodo.6645415",TRUE,FALSE,NA,FALSE,NA,FALSE,NA,NA,FALSE,FALSE,FALSE,"data_download[cooper=Yes,mc=No]",NA,NA,NA,NA,NA,NA,"UNCLEAR","data_check marked the Crocodylian Functional Trait Database.xlsx as tabular_usable=FALSE -- the file downloaded but could not be parsed usably. Could be a genuine remaining Excel-parsing edge case (distinct from the already-fixed multi-sheet issue, #379) or a different file-specific problem; cannot confirm which without direct file inspection.",NA,NA,NA,NA,NA,NA,TRUE
"10_1111_2041_210x_13536","10_1111_2041_210x_13536","No, but they are available on request",NA,NA,NA,NA,NA,NA,"Yes","Yes","Yes","MATLAB","No",TRUE,NA,NA,NA,NA,NA,FALSE,NA,TRUE,TRUE,"MATLAB",FALSE,FALSE,FALSE,"data_availability[cooper=No,mc=Yes]","COOPER_RIGHT","The Zenodo repository (4288793) contains only 4 MATLAB .m analysis scripts, no data files. The paper's own text confirms: 'Animal vocal datasets were obtained from the published literature and the various authors of those studies' -- this paper's own repository is code-only, reusing others' already-published data. Same mc_data_availability files_n>0 limitation as 10_1111_1365_2745_14155.",NA,NA,NA,NA,NA,NA,NA,NA,NA,NA,NA,NA,TRUE
"10_1111_1365_2664_14569","10_1111_1365_2664_14569","Yes","Zenodo","Yes","Yes","Yes",".xls(x)","Yes","Yes","No",NA,NA,NA,TRUE,"Zenodo","10.5281/zenodo.10401914",TRUE,TRUE,".xlsx",FALSE,NA,FALSE,NA,NA,FALSE,TRUE,FALSE,"any_readme[cooper=Yes,mc=No]",NA,NA,NA,NA,NA,NA,NA,NA,NA,NA,NA,NA,"DIFFERENT_DEFINITION","Cooper's Yes for this paper's README may reflect this Zenodo record's `description` field -- checked live 2026-09-02 against a sample of 6 real Zenodo records from this miss set and found genuine variation (sometimes a study summary, sometimes contact metadata, sometimes file-by-file documentation, sometimes empty), i.e. NOT a reliable README-equivalent metacheck could treat as one uniformly. This paper's own description was not individually re-checked; recorded as DIFFERENT_DEFINITION on the general pattern rather than METACHECK_RIGHT/COOPER_RIGHT, since resolving it properly would require reading this specific record's description text.",TRUE
"10_1111_2041_210x_13174","10_1111_2041_210x_13174","Yes","GitHub, GitLab, Codeberg or similar platform","No","Unsure","Yes",".RDS","Unsure","Yes","Yes","Yes","R","No",TRUE,"Figshare;GitHub, GitLab, Codeberg or similar platform","10.6084/m9.figshare.7445840.v1",TRUE,TRUE,".csv;.irr;.jaz;.jazirrad;.procspec;.spc;.tcm;.transmission;.trm;.ttt;.txt;.xls;.zip",TRUE,NA,TRUE,TRUE,"R",TRUE,FALSE,TRUE,"any_readme[cooper=No,mc=Yes]",NA,NA,NA,NA,NA,NA,NA,NA,NA,NA,NA,NA,"METACHECK_RIGHT","GitHub repository rmaia/pavo (an R package) plus a separate Figshare dataset (10.6084/m9.figshare.7445840). repo_check's file listing shows BOTH a README.md and a README.qmd on the GitHub side -- code_archived=Yes on both sides, and Cooper coded code_README=No (data_README=""Unsure""). A GitHub R-package repository having a README is very much the norm (most CRAN/GitHub packages ship one); Cooper's No for the code README looks like a miss, not a case of genuine absence.",TRUE
"10_1111_1365_2435_14235","10_1111_1365_2435_14235","Yes","Dryad","Yes","Yes","Yes",".csv/.tsv","Yes","Yes","No",NA,NA,NA,TRUE,"Dryad","doi:10.5061/dryad.fn2z34tzd",TRUE,TRUE,".csv",TRUE,NA,TRUE,TRUE,"R",TRUE,TRUE,TRUE,"code_archived[cooper=No,mc=Yes]",NA,NA,NA,NA,NA,NA,NA,NA,"COOPER_RIGHT","the Data Availability Statement only mentions ""All data are available at Dryad Digital Repository""; the only code-like mention in the text (""ImageJ scripts...available at http://www.opensourceov.org"") is a citation to a third-party published technique/tool website, not code archived by this paper's own authors",NA,NA,NA,NA,TRUE
"10_1111_2041_210x_13785","10_1111_2041_210x_13785","Yes","Zenodo","Yes","Unsure","Yes",".csv/.tsv","Yes","Yes","Yes","Yes","R","Yes",FALSE,NA,NA,NA,NA,NA,FALSE,NA,FALSE,NA,NA,FALSE,TRUE,FALSE,"data_availability[cooper=Yes,mc=No];code_archived[cooper=Yes,mc=No];any_readme[cooper=Yes,mc=No]","COOPER_RIGHT","SPLIT-DOI EXTRACTION ARTIFACT | Paper text: ""Code and data for all analyses (Xirocostas et al., 2021) and the ZAX Herbivory Trainer (Debono, 2021) are archived on Zenodo"", with explicit DOIs 10.5281/zenodo.5746655 and 10.5281/zenodo.5746183. repo_check found zero files for this paper -- it never located/checked either Zenodo repository.",NA,NA,NA,NA,NA,NA,"COOPER_RIGHT","Same Zenodo repositories explicitly described as containing 'Code and data'; repo_check never located either.",NA,NA,"COOPER_RIGHT","Same root cause: repo_check never located the Zenodo repositories the paper cites, so no README evidence could ever be recorded.",TRUE
"10_1111_2041_210x_14073","10_1111_2041_210x_14073","Yes","Other repo/database","Unsure","Unsure","Yes",".txt","No","Yes","Yes","Yes","R;Shell","Yes",TRUE,"GitHub, GitLab, Codeberg or similar platform",NA,FALSE,TRUE,".csv;.fasta;.rdata",TRUE,NA,TRUE,TRUE,"R",TRUE,TRUE,TRUE,"data_archive[cooper=Other repo/database,mc=GitHub, GitLab, Codeberg or similar platform]",NA,NA,"COOPER_RIGHT","the Data Availability Statement states ""Raw sequence data for this project have been submitted to NCBI's SRA archive under accession number PRJNA885053"", correctly ""Other repo/database""; the GitHub link found in Results (""Further model and bioinformatic details are available on GitHub"") is for code/model details, not the sequence data, so metacheck appears to have conflated the two",NA,NA,NA,NA,NA,NA,NA,NA,NA,NA,TRUE
"10_1111_1365_2664_14398","10_1111_1365_2664_14398","Yes","Zenodo","Yes","Yes","Yes",".xls(x)","Yes","Yes","No",NA,NA,NA,TRUE,"Zenodo","10.5281/zenodo.4020697;10.5281/zenodo.7740421",TRUE,TRUE,".xlsx",FALSE,NA,FALSE,NA,NA,FALSE,TRUE,FALSE,"any_readme[cooper=Yes,mc=No]",NA,NA,NA,NA,NA,NA,NA,NA,NA,NA,NA,NA,"DIFFERENT_DEFINITION","Cooper's Yes for this paper's README may reflect this Zenodo record's `description` field -- checked live 2026-09-02 against a sample of 6 real Zenodo records from this miss set and found genuine variation (sometimes a study summary, sometimes contact metadata, sometimes file-by-file documentation, sometimes empty), i.e. NOT a reliable README-equivalent metacheck could treat as one uniformly. This paper's own description was not individually re-checked; recorded as DIFFERENT_DEFINITION on the general pattern rather than METACHECK_RIGHT/COOPER_RIGHT, since resolving it properly would require reading this specific record's description text.",TRUE
"10_1111_1365_2664_13811","10_1111_1365_2664_13811","Yes","GitHub, GitLab, Codeberg or similar platform","No","No","Yes",".csv/.tsv","Yes","Yes","No",NA,NA,NA,TRUE,"GitHub, GitLab, Codeberg or similar platform",NA,FALSE,TRUE,".csv",TRUE,NA,TRUE,TRUE,"R",TRUE,TRUE,TRUE,"code_archived[cooper=No,mc=Yes]",NA,NA,NA,NA,NA,NA,NA,NA,"UNCLEAR","the Data Availability Statement says ""Data available via Github https://github.com/birdoptera/Honey_bee_antagonism"", explicitly naming only ""Data"" rather than code; however GitHub repositories commonly bundle analysis scripts alongside data, so metacheck's live-repo check may have legitimately found code files there that the paper text (which mentions only ""data"") does not describe",NA,NA,NA,NA,TRUE
"10_1002_pan3_10674","10_1002_pan3_10674","Yes",NA,NA,NA,NA,NA,NA,"No",NA,NA,NA,NA,FALSE,NA,NA,NA,NA,NA,FALSE,NA,FALSE,NA,NA,FALSE,NA,FALSE,"data_availability[cooper=Yes,mc=No]","DIFFERENT_DEFINITION","The paper's own text states: ""This is not publically available, in order to protect respondents' anonymity, and in keeping with our research ethics approvals."" Cooper's Yes for data_availability appears to reflect that the paper contains a Data Availability Statement addressing the question (even though it declines to share), while metacheck's mc_data_availability specifically requires a discoverable, checkable repository -- which correctly does not exist here, since the authors deliberately withheld the data. All of Cooper's other columns for this row (archive/doi/license/etc.) are NA, consistent with there being no actual repository to evaluate.",NA,NA,NA,NA,NA,NA,NA,NA,NA,NA,NA,NA,TRUE
"10_1111_1365_2435_13887","10_1111_1365_2435_13887","Yes","Dryad","Yes","Yes","Yes",".xls(x);.dat","Yes","Yes","No",NA,NA,NA,TRUE,"Dryad","doi:10.5061/dryad.18931zcxr",TRUE,FALSE,NA,FALSE,NA,FALSE,NA,NA,FALSE,TRUE,FALSE,"data_download[cooper=Yes,mc=No];any_readme[cooper=Yes,mc=No]",NA,NA,NA,NA,NA,NA,"DIFFERENT_DEFINITION","All 20 Dryad files (repo doi:10.5061/dryad.18931zcxr) were successfully downloaded (file_location non-NA for all 20), so the download attempt itself succeeded -- consistent with Cooper's Yes. But mc_data_download requires tabular_usable==TRUE (per 03_recreate_cooper_columns.R), and every file is flagged tabular_usable=FALSE (""100% of columns are free text, not variables""); inspecting the actual cached file (Bout12_1.dat) confirms it interleaves per-subject metadata headers with irregular numeric blocks rather than a clean rows/columns table, so this classification is defensible. Cooper's Yes likely reflects successful download/availability, while mc_data_download additionally requires the data be parseable as clean tabular data -- a stricter, different question.",NA,NA,NA,NA,"DIFFERENT_DEFINITION","Cooper's Yes for this paper's README likely reflects Dryad's dataset abstract (the ONLY free-text field Dryad's API exposes) -- confirmed on 9 real Dryad datasets from this same miss set that this field is consistently the paper's own scientific abstract (numbered background/methods/results prose), never file-level documentation. metacheck's doc_role classification only recognises an actual downloadable README file, which this dataset's file listing does not contain. Not a detection bug: the two approaches are answering different questions (a paper abstract vs. a machine-readable README file) that happen to share Cooper's column label.",TRUE
"10_1111_1365_2664_13141","10_1111_1365_2664_13141","Yes","Dryad","Yes","Yes","Yes",".csv/.tsv","Yes","Yes","Yes","Yes","R","No",TRUE,"Dryad","doi:10.5061/dryad.2d0g778",TRUE,TRUE,".csv",FALSE,NA,TRUE,TRUE,"R",FALSE,TRUE,FALSE,"any_readme[cooper=Yes,mc=No]",NA,NA,NA,NA,NA,NA,NA,NA,NA,NA,NA,NA,"DIFFERENT_DEFINITION","Cooper's Yes for this paper's README likely reflects Dryad's dataset abstract (the ONLY free-text field Dryad's API exposes) -- confirmed on 9 real Dryad datasets from this same miss set that this field is consistently the paper's own scientific abstract (numbered background/methods/results prose), never file-level documentation. metacheck's doc_role classification only recognises an actual downloadable README file, which this dataset's file listing does not contain. Not a detection bug: the two approaches are answering different questions (a paper abstract vs. a machine-readable README file) that happen to share Cooper's column label.",TRUE
"10_1111_1365_2656_13608","10_1111_1365_2656_13608","Yes","Dryad","Yes","Yes","Yes",".csv/.tsv;.vcf","Yes","Yes","No",NA,NA,NA,TRUE,NA,NA,NA,NA,NA,TRUE,NA,TRUE,TRUE,"R",TRUE,TRUE,TRUE,"code_archived[cooper=No,mc=Yes]",NA,NA,NA,NA,NA,NA,NA,NA,"METACHECK_RIGHT","the Data Availability Statement explicitly confirms ""The code used to generate the results is available at GitHub: https://github.com/hmito/TempSwimSpeed""; Cooper's ""No"" appears to be an error",NA,NA,NA,NA,TRUE
"10_1111_1365_2656_13115","10_1111_1365_2656_13115","Yes","Dryad","Yes","Yes","Yes",".xls(x)","Yes","Yes","No",NA,NA,NA,TRUE,"Dryad","doi:10.5061/dryad.v5s547r",TRUE,TRUE,".xlsx",FALSE,NA,FALSE,NA,NA,FALSE,TRUE,FALSE,"any_readme[cooper=Yes,mc=No]",NA,NA,NA,NA,NA,NA,NA,NA,NA,NA,NA,NA,"DIFFERENT_DEFINITION","Cooper's Yes for this paper's README likely reflects Dryad's dataset abstract (the ONLY free-text field Dryad's API exposes) -- confirmed on 9 real Dryad datasets from this same miss set that this field is consistently the paper's own scientific abstract (numbered background/methods/results prose), never file-level documentation. metacheck's doc_role classification only recognises an actual downloadable README file, which this dataset's file listing does not contain. Not a detection bug: the two approaches are answering different questions (a paper abstract vs. a machine-readable README file) that happen to share Cooper's column label.",TRUE
"10_1111_2041_210x_13644","10_1111_2041_210x_13644","Yes","Other repo/database","No","No","Yes",".csv/.tsv","Yes","Yes","Yes","Yes","R;Perl","Yes",TRUE,"Dryad;OSF","doi:10.5061/dryad.q5p7g;doi:10.5061/dryad.wpzgmsbhr",TRUE,TRUE,".csv;.xls;.xlsx",TRUE,NA,TRUE,TRUE,"R",TRUE,TRUE,TRUE,"data_license[cooper=No,mc=Yes];data_archive[cooper=Other repo/database,mc=Dryad;OSF]",NA,NA,"METACHECK_RIGHT","The paper cites three repositories (OSF + 2 Dryad datasets); mc correctly lists Dryad and OSF among them, matching the paper's own text.","METACHECK_RIGHT","Both Dryad repositories cited genuinely report license=CC0-1.0 via their own metadata.",NA,NA,NA,NA,NA,NA,NA,NA,TRUE
"10_1111_2041_210x_13880","10_1111_2041_210x_13880","Yes","Other repo/database","Yes","Unsure","Yes",".jpg","Yes","No",NA,NA,NA,NA,TRUE,"Other repo/database","doi:10.18739/A2BZ61933",TRUE,TRUE,".csv",FALSE,NA,FALSE,NA,NA,FALSE,TRUE,FALSE,"any_readme[cooper=Yes,mc=No]",NA,NA,NA,NA,NA,NA,NA,NA,NA,NA,NA,NA,"COOPER_RIGHT","UNSUPPORTED REPO | repo_check found zero files for this paper (res_repo_check$table has no rows for this paper_id), so it had no basis to detect a README even if one exists in the actual (un-located) repository.",TRUE
"10_1111_1365_2745_13857","10_1111_1365_2745_13857","Yes","Figshare","Yes","Unsure","Yes",".xls(x)","Yes","Yes","No",NA,NA,NA,TRUE,"Figshare","10.6084/m9.figshare.19143083.v1",TRUE,TRUE,".xlsx",FALSE,NA,FALSE,NA,NA,FALSE,TRUE,FALSE,"any_readme[cooper=Yes,mc=No]",NA,NA,NA,NA,NA,NA,NA,NA,NA,NA,NA,NA,"DIFFERENT_DEFINITION","Cooper's Yes for this paper's README may reflect this Figshare article's `description` field -- checked live 2026-09-02 against a sample of 10 real Figshare articles from this miss set and found genuine variation (roughly 2 of 10 had real file-by-file documentation, the rest were abstract/methods-style summaries indistinguishable from Dryad's pattern), i.e. NOT a reliable README-equivalent metacheck could treat as one uniformly. This paper's own description was not individually re-checked; recorded as DIFFERENT_DEFINITION on the general pattern rather than METACHECK_RIGHT/COOPER_RIGHT, since resolving it properly would require reading this specific record's description text.",TRUE
"10_1002_pan3_10249","10_1002_pan3_10249","Yes","Other repo/database","No","Unsure","Yes",".xls(x)","No","Yes","No",NA,NA,NA,FALSE,NA,NA,NA,NA,NA,FALSE,NA,FALSE,NA,NA,FALSE,FALSE,FALSE,"data_availability[cooper=Yes,mc=No]","COOPER_RIGHT","Paper text: ""We have archived anonymised data used in the models in the Oxford University Research Archive at [URL] (Hinsley, 2021)."" (The URL text is garbled by PDF extraction, concatenated with an unrelated citation URL.) An institutional repository not recognized by repo_check, compounded by extraction noise; repo_check has zero rows for this paper. | KNOWN METACHECK LIMITATION (not yet fixed, github.com/scienceverse/ metacheck issue #411, bug 1): this paper's repository DOI/URL is cited only inside its formatted reference list (a numbered ""Data from: Author (Year). Title [Dataset]. https://doi.org/..."" entry), never as an inline hyperlink or bare in-text mention. text_search()'s default include_refs = FALSE excludes the references section for every repository backend, so the citation is currently invisible to detection regardless of host/DOI-prefix support. Confirmed live 2026-09-19: the DOI itself resolves correctly when queried directly.",NA,NA,NA,NA,NA,NA,NA,NA,NA,NA,NA,NA,TRUE
"10_1111_1365_2745_13064","10_1111_1365_2745_13064","Yes","Zenodo","Yes","Yes","Yes",".csv/.tsv","Yes","Yes","No",NA,NA,NA,TRUE,NA,NA,NA,NA,NA,FALSE,NA,FALSE,NA,NA,FALSE,TRUE,FALSE,"any_readme[cooper=Yes,mc=No]",NA,NA,NA,NA,NA,NA,NA,NA,NA,NA,NA,NA,"COOPER_RIGHT","SPLIT-DOI EXTRACTION ARTIFACT | repo_check found zero files for this paper (res_repo_check$table has no rows for this paper_id), so it had no basis to detect a README even if one exists in the actual (un-located) repository.",TRUE
"10_1111_1365_2745_13288","10_1111_1365_2745_13288","Yes","Dryad;Other repo/database","Yes","Yes","Yes",".xls(x)","Yes","Yes","No",NA,NA,NA,FALSE,NA,NA,NA,NA,NA,FALSE,NA,FALSE,NA,NA,FALSE,TRUE,FALSE,"data_availability[cooper=Yes,mc=No];any_readme[cooper=Yes,mc=No]","COOPER_RIGHT","Paper text: ""Isotope and functional gene data are available from the Dryad Digital Repository: https://doi.org/10.5061/dryad.3cq612 (Guerrieri et al., 2019)"" (a second data type, 16S sequence data, is separately deposited at NCBI SRA, an unsupported provider). repo_check detected the Dryad DOI (logged in gated_repos, repo_type=dryad) but the fetch errored (""arguments imply differing number of rows: 1, 0""), leaving repo_check$table empty and producing mc_data_availability=FALSE.",NA,NA,NA,NA,NA,NA,NA,NA,NA,NA,"COOPER_RIGHT","TEXT-EXTRACTION TRUNCATED (DOI cut off mid-string, unrecoverable) | Same Dryad fetch failure (doi:10.5061/dryad.3cq612, ""arguments imply differing number of rows: 1, 0"", logged in gated_repos) explains the missing README signal -- repo_check never listed any files for this paper_id to check doc_role on.",TRUE
"10_1111_2041_210x_13821","10_1111_2041_210x_13821","Yes","Other repo/database","Unsure","Unsure","Yes",".RDS","Unsure","Yes","Yes","Yes","R","Yes",FALSE,NA,NA,NA,NA,NA,FALSE,NA,FALSE,NA,NA,FALSE,TRUE,FALSE,"data_availability[cooper=Yes,mc=No];code_archived[cooper=Yes,mc=No];any_readme[cooper=Yes,mc=No]","COOPER_RIGHT","CODE PACKAGE CITATION (CRAN, not a data repository) | Paper text: ""Data and code are archived in the Data Repository of the University of Minnesota (Hodel & Fieberg, 2022)... https://doi.org/10.13020/1f35-rn20."" Both data and code are explicitly archived together at this institutional repository, which is not a platform repo_check recognizes; repo_check has zero rows for this paper. (The cylcop R package is also mentioned as available on CRAN, but the paper's own explicit ""archived"" data+code snapshot is the University of Minnesota repository.)",NA,NA,NA,NA,NA,NA,"COOPER_RIGHT","Same University of Minnesota Data Repository explicitly claimed to hold the paper's code as well as its data (""Data and code are archived in the Data Repository of the University of Minnesota""); repo_check has zero rows for this paper, so the code was never found either.",NA,NA,"COOPER_RIGHT","Same repo-detection miss: the University of Minnesota Data Repository was never fetched by repo_check, so mc_any_readme's FALSE reflects zero files examined, not evidence of no README.",TRUE
"10_1111_1365_2745_13512","10_1111_1365_2745_13512","Yes","Dryad","Yes","Yes","Yes",".csv/.tsv","Yes","Yes","No",NA,NA,NA,TRUE,"Dryad","doi:10.5061/dryad.9p8cz8wdm",TRUE,TRUE,".csv",FALSE,NA,FALSE,NA,NA,FALSE,TRUE,FALSE,"any_readme[cooper=Yes,mc=No]",NA,NA,NA,NA,NA,NA,NA,NA,NA,NA,NA,NA,"DIFFERENT_DEFINITION","Cooper's Yes for this paper's README likely reflects Dryad's dataset abstract (the ONLY free-text field Dryad's API exposes) -- confirmed on 9 real Dryad datasets from this same miss set that this field is consistently the paper's own scientific abstract (numbered background/methods/results prose), never file-level documentation. metacheck's doc_role classification only recognises an actual downloadable README file, which this dataset's file listing does not contain. Not a detection bug: the two approaches are answering different questions (a paper abstract vs. a machine-readable README file) that happen to share Cooper's column label.",TRUE
"10_1111_2041_210x_14172","10_1111_2041_210x_14172","Yes","Other repo/database","Unsure",NA,NA,NA,NA,"Yes","Yes","Yes","R","Yes",TRUE,"GitHub, GitLab, Codeberg or similar platform",NA,FALSE,TRUE,".csv",TRUE,NA,TRUE,TRUE,"R",TRUE,TRUE,TRUE,"data_archive[cooper=Other repo/database,mc=GitHub, GitLab, Codeberg or similar platform]",NA,NA,"METACHECK_RIGHT","repo_url is github.com/cxzdsa2332/idopNetwork -- a GitHub repository, not ""Other repo/database"". | KNOWN METACHECK LIMITATION (not yet fixed, github.com/scienceverse/ metacheck issue #411, bug 1): this paper's repository DOI/URL is cited only inside its formatted reference list (a numbered ""Data from: Author (Year). Title [Dataset]. https://doi.org/..."" entry), never as an inline hyperlink or bare in-text mention. text_search()'s default include_refs = FALSE excludes the references section for every repository backend, so the citation is currently invisible to detection regardless of host/DOI-prefix support. Confirmed live 2026-09-19: the DOI itself resolves correctly when queried directly.",NA,NA,NA,NA,NA,NA,NA,NA,NA,NA,TRUE
"10_1111_1365_2656_12900","10_1111_1365_2656_12900","Yes","Dryad","Yes","Yes","Yes",".xls(x)","No","Yes","No",NA,NA,NA,FALSE,NA,NA,NA,NA,NA,FALSE,NA,FALSE,NA,NA,FALSE,FALSE,FALSE,"data_availability[cooper=Yes,mc=No]","COOPER_RIGHT","Paper text: ""Data for this publication are available online at the Dryad Digital Repository: https://doi.org/10.5061/dryad.mb64cr8 (Pekár, Líznarová, Bočánek, & Zdráhal, 2018)"". repo_check has no record of attempting this specific DOI at all (no matching row in gated_repos or repo_metadata), consistent with a URL-extraction miss, leaving repo_check$table empty and producing mc_data_availability=FALSE. | KNOWN METACHECK LIMITATION (not yet fixed, github.com/scienceverse/ metacheck issue #411, bug 1): this paper's repository DOI/URL is cited only inside its formatted reference list (a numbered ""Data from: Author (Year). Title [Dataset]. https://doi.org/..."" entry), never as an inline hyperlink or bare in-text mention. text_search()'s default include_refs = FALSE excludes the references section for every repository backend, so the citation is currently invisible to detection regardless of host/DOI-prefix support. Confirmed live 2026-09-19: the DOI itself resolves correctly when queried directly.",NA,NA,NA,NA,NA,NA,NA,NA,NA,NA,NA,NA,TRUE
"10_1111_1365_2435_13964","10_1111_1365_2435_13964","Yes","Dryad","Yes","Yes","Yes",".xls(x)","Yes","Yes","No",NA,NA,NA,TRUE,"Dryad","doi:10.5061/dryad.5hqbzkh74",TRUE,TRUE,".xlsx",TRUE,NA,TRUE,TRUE,"R",TRUE,TRUE,TRUE,"code_archived[cooper=No,mc=Yes]",NA,NA,NA,NA,NA,NA,NA,NA,"METACHECK_RIGHT","code_check found 10 real code file(s) (R) at https://github.com/jesusNPL/PhyloSignal/blob/master/demon_K_test_ME.R, e.g. K_test.R, MakeAIC.R, PhyloSignal.R, Run_demon_K_ME.R, demonAICw.R, .... Not a borderline case -- a large, unambiguous set of named analysis scripts, not a single file or an edge-case classification. METACHECK_RIGHT; Cooper's ""No"" appears to be a coding miss.",NA,NA,NA,NA,TRUE
"10_1111_1365_2664_14090","10_1111_1365_2664_14090","No, but they are available on request",NA,NA,NA,NA,NA,NA,"Yes","Yes","Yes","R","No",FALSE,NA,NA,NA,NA,NA,FALSE,NA,FALSE,NA,NA,FALSE,FALSE,FALSE,"code_archived[cooper=Yes,mc=No]",NA,NA,NA,NA,NA,NA,NA,NA,"UNCLEAR","No code-archiving statement was found anywhere in the extracted paper text (a species-distribution-modelling study citing standard R packages like ROCR, with no ""code available at..."" statement); repo_check found no repository at all (repo_n=0). Cannot confirm the basis for Cooper's Yes.",NA,NA,NA,NA,TRUE
"10_1111_1365_2435_13091","10_1111_1365_2435_13091","Yes","Other repo/database","No","No","Yes","Unsure","No","Yes","No",NA,NA,NA,FALSE,NA,NA,NA,NA,NA,FALSE,NA,FALSE,NA,NA,FALSE,FALSE,FALSE,"data_availability[cooper=Yes,mc=No]","COOPER_RIGHT","DOMAIN-SPECIFIC BIOINFORMATICS DATABASE (NCBI/GenBank-family) | Paper text (twice): ""Raw sequence data have been submitted to NCBI Sequence Read Archives, accessible through Bioproject PRJNA286014"". NCBI's Sequence Read Archive is not among metacheck's supported repo_check providers (only zenodo/github/figshare/osf/dryad/dataverse/researchdata4tu/gitlab), so repo_check never attempted this accession at all, leaving repo_check$table empty and producing mc_data_availability=FALSE.",NA,NA,NA,NA,NA,NA,NA,NA,NA,NA,NA,NA,TRUE
"10_1111_1365_2656_13431","10_1111_1365_2656_13431","Yes","Zenodo","Yes","Yes","Yes",".RDS","Unsure","Yes","Yes","Yes","R","Yes",TRUE,"Zenodo","10.5281/zenodo.3565706",TRUE,NA,".rds",FALSE,NA,FALSE,NA,NA,FALSE,TRUE,FALSE,"code_archived[cooper=Yes,mc=No];any_readme[cooper=Yes,mc=No]",NA,NA,NA,NA,NA,NA,NA,NA,"COOPER_RIGHT","Automated keyword search of the paper's full text found no sentence combining a repository/availability cue with a code-specific term (code, script, R code, MATLAB, Python, source code) -- consistent with the paper only claiming DATA availability, not code, at the cited repository, and with repo_check/code_check finding no code file there either. Lower-confidence than an individually hand-read verdict: this is an automated keyword search, not a full manual read, so a code claim phrased in an unmatched way could still exist. COOPER_RIGHT.",NA,NA,"DIFFERENT_DEFINITION","Cooper's Yes for this paper's README may reflect this Zenodo record's `description` field -- checked live 2026-09-02 against a sample of 6 real Zenodo records from this miss set and found genuine variation (sometimes a study summary, sometimes contact metadata, sometimes file-by-file documentation, sometimes empty), i.e. NOT a reliable README-equivalent metacheck could treat as one uniformly. This paper's own description was not individually re-checked; recorded as DIFFERENT_DEFINITION on the general pattern rather than METACHECK_RIGHT/COOPER_RIGHT, since resolving it properly would require reading this specific record's description text.",TRUE
"10_1111_1365_2745_13537","10_1111_1365_2745_13537","Yes","Dryad","Yes","Yes","Yes",".csv/.tsv;.txt;.jpg","Yes","Yes","No",NA,NA,NA,TRUE,NA,NA,NA,NA,NA,FALSE,NA,FALSE,NA,NA,FALSE,TRUE,FALSE,"any_readme[cooper=Yes,mc=No]",NA,NA,NA,NA,NA,NA,NA,NA,NA,NA,NA,NA,"DIFFERENT_DEFINITION","Archive-only: repo_check's file listing for this paper is a single compressed archive (.zip/.rar/...) with no separate top-level file. repo_check's own peek_zips=TRUE default DOES try to read a zip's file listing remotely without downloading it, so a README bundled inside is not automatically invisible -- but that peek attempt evidently failed for this specific archive. Confirmed structural cause for Dryad-hosted zips: the peek's HTTP Range request is unauthenticated and Dryad's file-download endpoint returns 401 Unauthorized without an OAuth token, so the peek can never succeed there. For Zenodo/other platforms the failure cause is not yet fully pinned down (see the issue's discussion). Filed as https://github.com/scienceverse/metacheck/issues/378. DIFFERENT_DEFINITION rather than a verdict: resolving this needs a code fix (authenticated peek requests, at minimum for Dryad), not a judgement call on this specific paper.",TRUE
"10_1111_1365_2745_13300","10_1111_1365_2745_13300","Yes","Dryad","Yes","Yes","Yes",".csv/.tsv","Yes","Yes","No",NA,NA,NA,TRUE,NA,NA,NA,NA,NA,FALSE,NA,FALSE,NA,NA,FALSE,TRUE,FALSE,"any_readme[cooper=Yes,mc=No]",NA,NA,NA,NA,NA,NA,NA,NA,NA,NA,NA,NA,"DIFFERENT_DEFINITION","Archive-only: repo_check's file listing for this paper is a single compressed archive (.zip/.rar/...) with no separate top-level file. repo_check's own peek_zips=TRUE default DOES try to read a zip's file listing remotely without downloading it, so a README bundled inside is not automatically invisible -- but that peek attempt evidently failed for this specific archive. Confirmed structural cause for Dryad-hosted zips: the peek's HTTP Range request is unauthenticated and Dryad's file-download endpoint returns 401 Unauthorized without an OAuth token, so the peek can never succeed there. For Zenodo/other platforms the failure cause is not yet fully pinned down (see the issue's discussion). Filed as https://github.com/scienceverse/metacheck/issues/378. DIFFERENT_DEFINITION rather than a verdict: resolving this needs a code fix (authenticated peek requests, at minimum for Dryad), not a judgement call on this specific paper.",TRUE
"10_1111_1365_2656_13516","10_1111_1365_2656_13516","Yes","Dryad","Yes","Yes","Yes",".csv/.tsv;.tif;.tre","Yes","Yes","Yes",NA,"R","No",TRUE,"Dryad","doi:10.5061/dryad.g79cnp5ps",TRUE,TRUE,".csv",TRUE,NA,FALSE,NA,NA,TRUE,TRUE,TRUE,"code_archived[cooper=Yes,mc=No]",NA,NA,NA,NA,NA,NA,NA,NA,"COOPER_RIGHT","Automated keyword search of the paper's full text found no sentence combining a repository/availability cue with a code-specific term (code, script, R code, MATLAB, Python, source code) -- consistent with the paper only claiming DATA availability, not code, at the cited repository, and with repo_check/code_check finding no code file there either. Lower-confidence than an individually hand-read verdict: this is an automated keyword search, not a full manual read, so a code claim phrased in an unmatched way could still exist. COOPER_RIGHT.",NA,NA,NA,NA,TRUE
"10_1111_1365_2664_14445","10_1111_1365_2664_14445","No",NA,NA,NA,NA,NA,NA,"Yes","Yes","Yes","R;Julia","Yes",TRUE,"GitHub, GitLab, Codeberg or similar platform;Zenodo","10.5281/zenodo.7958162",TRUE,TRUE,".csv;.zip",TRUE,NA,TRUE,TRUE,"R",TRUE,TRUE,TRUE,"data_availability[cooper=No,mc=Yes]","COOPER_RIGHT","repo_check found data-typed files, but every one is a network-simulation input/output artifact -- M_inc.csv, interactionID.csv, patchXY.csv (simulation inputs), plus the Zenodo record (doi.org/10.5281/zenodo.7958161) holding thousands of files named as parameter-sweep output (e.g. A_HP_047_A_R_diversity_DR65_out_D45.csv, ...out_D50.csv, ...out_D55.csv -- systematic sweep naming). This is simulation-model output, not raw empirical data collected for the study; data_check's classifier has no way to distinguish the two, only whether a file parses as tabular.",NA,NA,NA,NA,NA,NA,NA,NA,NA,NA,NA,NA,TRUE
"10_1111_1365_2435_13141","10_1111_1365_2435_13141","Yes","Other repo/database","Yes","Unsure","Yes",".csv/.tsv","Yes","Yes","Yes","Yes","R","No",TRUE,"Other repo/database","doi:10.5063/F1VD6WMF",TRUE,NA,".csv",FALSE,NA,FALSE,NA,NA,FALSE,TRUE,FALSE,"code_archived[cooper=Yes,mc=No];any_readme[cooper=Yes,mc=No]",NA,NA,NA,NA,NA,NA,NA,NA,"COOPER_RIGHT","The paper's own text explicitly states ""The r code and the morphospecies PCA scores are archived on Zenodo at https://doi.org/10.5281/zenodo.1200194"" -- a second, code-holding repository entirely separate from the KNB data repository, neither of which repo_check found.",NA,NA,"COOPER_RIGHT","SPLIT-DOI EXTRACTION ARTIFACT | repo_check found zero files for this paper (res_repo_check$table has no rows for this paper_id), so it had no basis to detect a README even if one exists in the actual (un-located) repository.",TRUE
"10_1111_1365_2745_14279","10_1111_1365_2745_14279","Yes","Dryad","Yes",NA,"Yes",".csv/.tsv;.xls(x)","Yes","Yes","Yes","Yes","R","Yes",TRUE,NA,NA,NA,NA,NA,FALSE,NA,FALSE,NA,NA,FALSE,TRUE,FALSE,"code_archived[cooper=Yes,mc=No];any_readme[cooper=Yes,mc=No]",NA,NA,NA,NA,NA,NA,NA,NA,"COOPER_RIGHT","Same combined Zenodo record (doi.org/10.5281/zenodo.8199734) holds the paper's own source code per the text, but repo_check found/listed nothing at all for this paper.",NA,NA,"COOPER_RIGHT","Same root cause: repo_check found/listed nothing at all for this paper's Zenodo record.",TRUE
"10_1111_2041_210x_12804","10_1111_2041_210x_12804",NA,NA,NA,NA,NA,NA,NA,"Yes","Yes","Yes","R","No",FALSE,NA,NA,NA,NA,NA,FALSE,NA,FALSE,NA,NA,FALSE,FALSE,FALSE,"code_archived[cooper=Yes,mc=No]",NA,NA,NA,NA,NA,NA,NA,NA,"COOPER_RIGHT","UNSUPPORTED REPO | repo_check found zero files for this paper at all, so code_check (which only classifies files repo_check has already listed) had nothing to work with -- the same root-cause repository-detection miss as the data_availability disagreement for this paper. Cooper's Yes is based on directly inspecting whatever repository the paper cites; metacheck's repo_check pipeline never found/queried any repository at all for this paper (res_repo_check$table has zero rows), so its No cannot be treated as the verified answer.",NA,NA,NA,NA,TRUE
"10_1111_1365_2435_14658","10_1111_1365_2435_14658","Yes","Figshare","No","Yes","Yes",".xls(x)","Yes","Yes","No",NA,NA,NA,TRUE,"Figshare","10.6084/m9.figshare.26133550.v2",TRUE,TRUE,".xlsx",FALSE,NA,FALSE,NA,NA,FALSE,TRUE,FALSE,"any_readme[cooper=Yes,mc=No]",NA,NA,NA,NA,NA,NA,NA,NA,NA,NA,NA,NA,"DIFFERENT_DEFINITION","Cooper's Yes for this paper's README may reflect this Figshare article's `description` field -- checked live 2026-09-02 against a sample of 10 real Figshare articles from this miss set and found genuine variation (roughly 2 of 10 had real file-by-file documentation, the rest were abstract/methods-style summaries indistinguishable from Dryad's pattern), i.e. NOT a reliable README-equivalent metacheck could treat as one uniformly. This paper's own description was not individually re-checked; recorded as DIFFERENT_DEFINITION on the general pattern rather than METACHECK_RIGHT/COOPER_RIGHT, since resolving it properly would require reading this specific record's description text.",TRUE
"10_1111_1365_2745_13812","10_1111_1365_2745_13812","Yes","Dryad;Other repo/database","Yes","Yes","Yes",".csv/.tsv","Yes","Yes","No",NA,NA,NA,TRUE,"Dryad;GitHub, GitLab, Codeberg or similar platform","doi:10.5061/dryad.qz612jmgp",TRUE,TRUE,".csv",TRUE,NA,TRUE,TRUE,"R",TRUE,TRUE,TRUE,"code_archived[cooper=No,mc=Yes]",NA,NA,NA,NA,NA,NA,NA,NA,"COOPER_RIGHT","repo_check found 37 real R source files (add.data.to.tips.R, beastITSdating.R, make.gene.matrix.R, etc.) at github.com/andrew-hipp/morton, now correctly surviving after the R-package-source-tree-exclusion fix (this repo is a root-level DESCRIPTION+NAMESPACE package with no other content, so it IS the deposit and is no longer stripped). The paper's own availability statement only mentions the Dryad data repository and the TRY/BIEN trait databases, but the GitHub repository's extensive, uniquely-named analysis code (phylogenetic/taxonomic functions matching this paper's methods, not a generic dependency) is genuinely this paper's own archived code. metacheck's Yes is correct; Cooper's No looks like a miss of this GitHub repository.",NA,NA,NA,NA,TRUE
"10_1111_1365_2435_14714","10_1111_1365_2435_14714","Yes","Other repo/database","Yes","Yes","Yes",".txt;.xls(x)","Yes","Yes","Yes","Yes","R","No",TRUE,"Other repo/database","10.17632/8ymkfw2tgn.1",TRUE,TRUE,".txt;.xlsx",FALSE,NA,TRUE,TRUE,"R",FALSE,TRUE,FALSE,"any_readme[cooper=Yes,mc=No]",NA,NA,NA,NA,NA,NA,NA,NA,NA,NA,NA,NA,"COOPER_RIGHT","SPLIT-DOI EXTRACTION ARTIFACT | The Mendeley Data deposit (10.17632/8ymkfw2tgn.1) holding this paper's data was never detected by repo_check (repo_n=0), so metacheck never checked it for a readme.",TRUE
"10_1111_1365_2664_13184","10_1111_1365_2664_13184","Yes","Dryad","Yes","Yes","Yes",".xls(x)","Yes","Yes","No",NA,NA,NA,TRUE,"Dryad","doi:10.5061/dryad.50kn1p0",TRUE,TRUE,".xlsx",FALSE,NA,FALSE,NA,NA,FALSE,TRUE,FALSE,"any_readme[cooper=Yes,mc=No]",NA,NA,NA,NA,NA,NA,NA,NA,NA,NA,NA,NA,"DIFFERENT_DEFINITION","Cooper's Yes for this paper's README likely reflects Dryad's dataset abstract (the ONLY free-text field Dryad's API exposes) -- confirmed on 9 real Dryad datasets from this same miss set that this field is consistently the paper's own scientific abstract (numbered background/methods/results prose), never file-level documentation. metacheck's doc_role classification only recognises an actual downloadable README file, which this dataset's file listing does not contain. Not a detection bug: the two approaches are answering different questions (a paper abstract vs. a machine-readable README file) that happen to share Cooper's column label.",TRUE
"10_1111_1365_2664_13172","10_1111_1365_2664_13172","Yes","Dryad","Yes","Yes","Yes",".csv/.tsv","Yes","Yes","Yes",NA,"R","No",TRUE,"Dryad","doi:10.5061/dryad.3356t85",TRUE,TRUE,".csv",TRUE,NA,FALSE,NA,NA,TRUE,TRUE,TRUE,"code_archived[cooper=Yes,mc=No]",NA,NA,NA,NA,NA,NA,NA,NA,"COOPER_RIGHT","Automated keyword search of the paper's full text found no sentence combining a repository/availability cue with a code-specific term (code, script, R code, MATLAB, Python, source code) -- consistent with the paper only claiming DATA availability, not code, at the cited repository, and with repo_check/code_check finding no code file there either. Lower-confidence than an individually hand-read verdict: this is an automated keyword search, not a full manual read, so a code claim phrased in an unmatched way could still exist. COOPER_RIGHT.",NA,NA,NA,NA,TRUE
"10_1111_2041_210x_13766","10_1111_2041_210x_13766","Yes","Zenodo","Unsure","Unsure",NA,NA,"No","Yes","Yes","Yes","R;Python;CSS;HTML;Java","Yes",FALSE,NA,NA,NA,NA,NA,FALSE,NA,FALSE,NA,NA,FALSE,TRUE,FALSE,"data_availability[cooper=Yes,mc=No];code_archived[cooper=Yes,mc=No];any_readme[cooper=Yes,mc=No]","COOPER_RIGHT","SPLIT-DOI EXTRACTION ARTIFACT | Paper states its source code ""is freely downloadable from https://github.com/OneZoom/"" and that OneZoom's tree-of-life dataset ""is available in a Docker container hosted on Zenodo"". repo_check's gated_repos log shows repo_url=""github.com/OneZoom"" failed with repo_error=""invalid or inaccessible GitHub repository"" -- the paper's own citation (""github.com/OneZoom/."") is an organization-level URL with no specific repo name, which metacheck could not resolve; the separate Zenodo Docker deposit was never detected at all.",NA,NA,NA,NA,NA,NA,"COOPER_RIGHT","Same repository citations as data_availability: gated_repos records repo_error=""invalid or inaccessible GitHub repository"" for repo_url=""github.com/OneZoom"" (a malformed organization-only URL extracted from the paper's imprecise ""github.com/OneZoom/."" citation), and the Zenodo Docker-container archive mentioned in the text was never detected at all (repo_n=1 total). code_check never received files to classify.",NA,NA,"COOPER_RIGHT","Same underlying detection failure: neither the malformed GitHub org URL nor the unreferenced Zenodo Docker archive was ever successfully checked by repo_check, so metacheck never had a file listing to check for a readme.",TRUE
"10_1111_1365_2435_12853","10_1111_1365_2435_12853","Yes","Dryad","Yes",NA,"Yes",".csv/.tsv","Yes","Yes","Yes","Yes","R","No",TRUE,"Dryad","doi:10.5061/dryad.21bg6",TRUE,TRUE,".csv",FALSE,NA,TRUE,TRUE,"R",FALSE,TRUE,FALSE,"any_readme[cooper=Yes,mc=No]",NA,NA,NA,NA,NA,NA,NA,NA,NA,NA,NA,NA,"DIFFERENT_DEFINITION","Cooper's Yes for this paper's README likely reflects Dryad's dataset abstract (the ONLY free-text field Dryad's API exposes) -- confirmed on 9 real Dryad datasets from this same miss set that this field is consistently the paper's own scientific abstract (numbered background/methods/results prose), never file-level documentation. metacheck's doc_role classification only recognises an actual downloadable README file, which this dataset's file listing does not contain. Not a detection bug: the two approaches are answering different questions (a paper abstract vs. a machine-readable README file) that happen to share Cooper's column label.",TRUE
"10_1111_1365_2435_13548","10_1111_1365_2435_13548","Yes","Other repo/database","Yes","Yes","Yes",".csv/.tsv;.xls(x)","No","Yes","Yes","Yes","R","No",FALSE,NA,NA,NA,NA,NA,FALSE,NA,FALSE,NA,NA,FALSE,FALSE,FALSE,"data_availability[cooper=Yes,mc=No];code_archived[cooper=Yes,mc=No]","COOPER_RIGHT","UNSUPPORTED REPO | Paper text: ""Data are available from the Edmond Repository under https://doi.org/10.17617/3.1e (Sporer, Körnig, & Beran, 2020)."" Edmond (Max Planck Society's data repository) is not a platform repo_check recognizes; repo_check has zero rows for this paper.",NA,NA,NA,NA,NA,NA,"UNCLEAR","No code repository or code-availability claim appears anywhere in the paper text (a glucosinolate-sequestration chemical-ecology study with only the Edmond data citation found). Cannot confirm from available evidence what Cooper's Yes for code_archived is based on.",NA,NA,NA,NA,TRUE
"10_1111_1365_2656_13816","10_1111_1365_2656_13816","Yes","Figshare","Yes","Yes","Yes",".csv/.tsv;.RDS","Yes","Yes","Yes","Yes","R","No",TRUE,NA,NA,NA,NA,NA,FALSE,NA,FALSE,NA,NA,FALSE,TRUE,FALSE,"code_archived[cooper=Yes,mc=No];any_readme[cooper=Yes,mc=No]",NA,NA,NA,NA,NA,NA,NA,NA,"COOPER_RIGHT","Paper's own text explicitly claims code availability at the cited repository: ""All scripts and datasets are published at FigShare https://doi.org/10.6084/m9.figshare.19249235  (Ausprey et al., 2022)."" -- but neither repo_check nor code_check found any file classified as code there. Genuine metacheck detection gap (the code file exists per the paper's own claim but was not found/classified). COOPER_RIGHT.",NA,NA,"DIFFERENT_DEFINITION","Archive-only: repo_check's file listing for this paper is a single compressed archive (.zip/.rar/...) with no separate top-level file. repo_check's own peek_zips=TRUE default DOES try to read a zip's file listing remotely without downloading it, so a README bundled inside is not automatically invisible -- but that peek attempt evidently failed for this specific archive. Confirmed structural cause for Dryad-hosted zips: the peek's HTTP Range request is unauthenticated and Dryad's file-download endpoint returns 401 Unauthorized without an OAuth token, so the peek can never succeed there. For Zenodo/other platforms the failure cause is not yet fully pinned down (see the issue's discussion). Filed as https://github.com/scienceverse/metacheck/issues/378. DIFFERENT_DEFINITION rather than a verdict: resolving this needs a code fix (authenticated peek requests, at minimum for Dryad), not a judgement call on this specific paper.",TRUE
"10_1111_1365_2664_14737","10_1111_1365_2664_14737","Yes","Dryad","Yes","Yes","Yes",".csv/.tsv","Yes","Yes","Yes",NA,"R","No",TRUE,"Dryad","doi:10.5061/dryad.1c59zw44r",TRUE,TRUE,".csv",TRUE,NA,FALSE,NA,NA,TRUE,TRUE,TRUE,"code_archived[cooper=Yes,mc=No]",NA,NA,NA,NA,NA,NA,NA,NA,"COOPER_RIGHT","Automated keyword search of the paper's full text found no sentence combining a repository/availability cue with a code-specific term (code, script, R code, MATLAB, Python, source code) -- consistent with the paper only claiming DATA availability, not code, at the cited repository, and with repo_check/code_check finding no code file there either. Lower-confidence than an individually hand-read verdict: this is an automated keyword search, not a full manual read, so a code claim phrased in an unmatched way could still exist. COOPER_RIGHT.",NA,NA,NA,NA,TRUE
"10_1111_1365_2745_13993","10_1111_1365_2745_13993","Yes","Dryad","Yes","Yes","Yes",".csv/.tsv","Yes","Yes","Yes","Yes","R","No",TRUE,"Dryad","doi:10.5061/dryad.qz612jmh6",TRUE,TRUE,".csv",TRUE,NA,FALSE,NA,NA,TRUE,TRUE,TRUE,"code_archived[cooper=Yes,mc=No]",NA,NA,NA,NA,NA,NA,NA,NA,"COOPER_RIGHT","Paper's own text explicitly claims code availability at the cited repository: ""All demographic and environmental data and R code used in this publication will be freely available in the DRYAD data repository https://doi.org/10.5061/dryad.qz612jmh6  (Tourville, 2022)."" -- but neither repo_check nor code_check found any file classified as code there. Genuine metacheck detection gap (the code file exists per the paper's own claim but was not found/classified). COOPER_RIGHT.",NA,NA,NA,NA,TRUE
"10_1111_1365_2435_13464","10_1111_1365_2435_13464","Yes","Dryad","Yes","Yes","Yes",".csv/.tsv","Yes","Yes","Yes","Yes","R","No",TRUE,"Dryad","doi:10.5061/dryad.sxksn02z8",TRUE,TRUE,".csv;.xlsx",FALSE,NA,TRUE,TRUE,"R",FALSE,TRUE,FALSE,"any_readme[cooper=Yes,mc=No]",NA,NA,NA,NA,NA,NA,NA,NA,NA,NA,NA,NA,"DIFFERENT_DEFINITION","Cooper's Yes for this paper's README likely reflects Dryad's dataset abstract (the ONLY free-text field Dryad's API exposes) -- confirmed on 9 real Dryad datasets from this same miss set that this field is consistently the paper's own scientific abstract (numbered background/methods/results prose), never file-level documentation. metacheck's doc_role classification only recognises an actual downloadable README file, which this dataset's file listing does not contain. Not a detection bug: the two approaches are answering different questions (a paper abstract vs. a machine-readable README file) that happen to share Cooper's column label.",TRUE
"10_1111_1365_2435_13179","10_1111_1365_2435_13179","Yes","Other repo/database","Yes","Yes","Yes",".xls(x)","Yes","Yes","No",NA,NA,NA,FALSE,NA,NA,NA,NA,NA,FALSE,NA,FALSE,NA,NA,FALSE,TRUE,FALSE,"data_availability[cooper=Yes,mc=No];any_readme[cooper=Yes,mc=No]","COOPER_RIGHT","UNSUPPORTED REPO | Paper text: ""University of Western Australia Research Repository, https://doi.org/10.4225/23/5b16364fb037e."" An institutional repository not recognized by repo_check; repo_check has zero rows for this paper.",NA,NA,NA,NA,NA,NA,NA,NA,NA,NA,"COOPER_RIGHT","Same repo-detection miss as data_availability: the UWA repository was never fetched by repo_check, so mc_any_readme's FALSE reflects zero files examined, not evidence of no README.",TRUE
"10_1111_2041_210x_13967","10_1111_2041_210x_13967","Yes","Dryad","Yes","Yes","Yes",".csv/.tsv;.txt;.Rdata","Yes","Yes","No",NA,NA,NA,TRUE,"Dryad","doi:10.5061/dryad.69p8cz94j",TRUE,TRUE,".csv",TRUE,NA,TRUE,FALSE,"R",TRUE,TRUE,TRUE,"code_archived[cooper=No,mc=Yes]",NA,NA,NA,NA,NA,NA,NA,NA,"METACHECK_RIGHT","code_check genuinely found Results_Dataset_1.r and Training_Dataset_1.r, real R scripts on Dryad, despite the confusing '.r' data-like file naming. Metacheck correctly found code Cooper's coders apparently missed.",NA,NA,NA,NA,TRUE
"10_1111_1365_2745_13149","10_1111_1365_2745_13149","Yes","Other repo/database","No","Yes","Yes",".pdf;.gpkg","No","No",NA,NA,NA,NA,FALSE,NA,NA,NA,NA,NA,FALSE,NA,FALSE,NA,NA,FALSE,FALSE,FALSE,"data_availability[cooper=Yes,mc=No]","COOPER_RIGHT","UNSUPPORTED REPO | Paper text: ""Forest inventory data ... are available from https://www.donneesquebec.ca/recherche/fr/dataset/placettes-echantillons-permanentes-1970-a-aujourd-hui."" repo_check found zero files for this paper -- it never located/checked this Quebec open-data portal URL.",NA,NA,NA,NA,NA,NA,NA,NA,NA,NA,NA,NA,TRUE
"10_1111_1365_2656_13847","10_1111_1365_2656_13847","Yes","Dryad","Yes","Yes","Yes",".csv/.tsv","Yes","Yes","Yes","Yes","R;C/C++","Yes",TRUE,"Dryad","doi:10.5061/dryad.15dv41p1d;doi:10.5061/dryad.tx95x6b21",TRUE,TRUE,".csv",TRUE,NA,FALSE,NA,NA,TRUE,TRUE,TRUE,"code_archived[cooper=Yes,mc=No]",NA,NA,NA,NA,NA,NA,NA,NA,"COOPER_RIGHT","Paper's own text explicitly claims code availability at the cited repository: ""The code and sample dataset used to generate the fine-scale LiDAR-based visibility were made available in the Dryad repository: DOI https://doi.org/10.5061/dryad.tx95x6b21."" -- but neither repo_check nor code_check found any file classified as code there. Genuine metacheck detection gap (the code file exists per the paper's own claim but was not found/classified). COOPER_RIGHT.",NA,NA,NA,NA,TRUE
"10_1111_1365_2656_13005","10_1111_1365_2656_13005","Yes","Dryad","Yes","Yes","Yes",".csv/.tsv;.txt","Yes","Yes","Yes","Yes","R","No",FALSE,NA,NA,NA,NA,NA,FALSE,NA,FALSE,NA,NA,FALSE,TRUE,FALSE,"data_availability[cooper=Yes,mc=No];code_archived[cooper=Yes,mc=No];any_readme[cooper=Yes,mc=No]","COOPER_RIGHT","Paper text: 'The data used in this study are available from the Dryad Digital Repository: https://doi.org/10.5061/dryad.m20hf10.' Standard-format Dryad DOI, but repo_check found/listed nothing at all for this paper_id. | KNOWN METACHECK LIMITATION (not yet fixed, github.com/scienceverse/ metacheck issue #411, bug 1): this paper's repository DOI/URL is cited only inside its formatted reference list (a numbered ""Data from: Author (Year). Title [Dataset]. https://doi.org/..."" entry), never as an inline hyperlink or bare in-text mention. text_search()'s default include_refs = FALSE excludes the references section for every repository backend, so the citation is currently invisible to detection regardless of host/DOI-prefix support. Confirmed live 2026-09-19: the DOI itself resolves correctly when queried directly.",NA,NA,NA,NA,NA,NA,"COOPER_RIGHT","SPLIT-DOI EXTRACTION ARTIFACT | A full-text search of the paper found no separate first-party code-repository statement (the only code-adjacent citation is a third-party R package, Jordano's effect.lndscp, cited as methodology, not the paper's own code). The only repository the paper names for its own materials is the same Dryad deposit above, which repo_check never found/listed at all -- so if code is bundled there, metacheck could not have seen it either.",NA,NA,"COOPER_RIGHT","Same reasoning as code_archived: the paper's one named repository (Dryad, doi.org/10.5061/dryad.m20hf10) is entirely absent from repo_check's output, blocking any readme check.",TRUE
"10_1111_1365_2664_13770","10_1111_1365_2664_13770","Yes","Dryad","Yes","Yes","Yes",".csv/.tsv;.pdf;.txt;.cpg;.dbf;.prj;.shp;.xml;.shx;.gpkg;.tif;.sbn;.sbx","Yes","Yes","Yes","Yes","R","Yes",TRUE,"Dryad","doi:10.5061/dryad.4mw6m9082",TRUE,TRUE,".csv;.pdf",FALSE,NA,FALSE,NA,NA,FALSE,TRUE,FALSE,"code_archived[cooper=Yes,mc=No];any_readme[cooper=Yes,mc=No]",NA,NA,NA,NA,NA,NA,NA,NA,"COOPER_RIGHT","repo_check classified 3 files as code (cb_2016_us_state_20m.shp.ea.iso.xml, .shp.iso.xml, .shp.xml), but these are shapefile METADATA files, not code -- a repo_check classification error, not a code_check gap. Neither metacheck signal found real code for this paper (repo_check's own file listing shows no plausible code file). COOPER_RIGHT, though whether the repository actually contains code elsewhere was not independently confirmed against the paper's own text.",NA,NA,"DIFFERENT_DEFINITION","Cooper's Yes for this paper's README may reflect this Zenodo record's `description` field -- checked live 2026-09-02 against a sample of 6 real Zenodo records from this miss set and found genuine variation (sometimes a study summary, sometimes contact metadata, sometimes file-by-file documentation, sometimes empty), i.e. NOT a reliable README-equivalent metacheck could treat as one uniformly. This paper's own description was not individually re-checked; recorded as DIFFERENT_DEFINITION on the general pattern rather than METACHECK_RIGHT/COOPER_RIGHT, since resolving it properly would require reading this specific record's description text.",TRUE
"10_1111_2041_210x_13428","10_1111_2041_210x_13428","Yes","Zenodo","Yes","Yes","Yes",".png","Yes","Unsure",NA,NA,NA,NA,FALSE,NA,NA,NA,NA,NA,FALSE,NA,FALSE,NA,NA,FALSE,TRUE,FALSE,"data_availability[cooper=Yes,mc=No];any_readme[cooper=Yes,mc=No]","COOPER_RIGHT","Paper text: ""The image data (Ärje et al., 2020) has been made publicly available on http://Zenodo.org"", with the reference list giving the specific record: ""Ärje, J. et al. (2020). BIODISCOVER data I. Zenodo. https://doi.org/10.5281/zenodo.3826426"". repo_check has no record of attempting this specific DOI at all (no matching row in gated_repos or repo_metadata), consistent with a URL-extraction miss (the in-text citation gives only the bare ""Zenodo.org"" domain, not the DOI), leaving repo_check$table empty and producing mc_data_availability=FALSE.",NA,NA,NA,NA,NA,NA,NA,NA,NA,NA,"UNCLEAR","SPLIT-DOI EXTRACTION ARTIFACT | repo_check never attempted the paper's Zenodo record (10.5281/zenodo.3826426, no matching gated_repos entry either), so metacheck has zero evidence about a README either way. Cannot independently verify Cooper's Yes from any local evidence source without a live check of the record.",TRUE
"10_1111_1365_2664_14695","10_1111_1365_2664_14695",NA,NA,NA,NA,NA,NA,NA,"Yes","Yes","Yes","R","Yes",TRUE,NA,NA,NA,NA,NA,FALSE,NA,FALSE,NA,NA,FALSE,TRUE,FALSE,"code_archived[cooper=Yes,mc=No];any_readme[cooper=Yes,mc=No]",NA,NA,NA,NA,NA,NA,NA,NA,"COOPER_RIGHT","Paper cites two Zenodo repositories: ""The energy crop yield data are available from the Zenodo repository https://doi.org/10.5281/zenodo.3274254"" (data) and ""Example code for calculating BII is available from the Zenodo repository http://doi.org/10.5281/zenodo.5642946"" (code, explicitly labelled). repo_check's summary_table shows repo_n=2 but files_n=0 -- both detected repos yielded zero retrieved files, so code_check never received files to classify.",NA,NA,"COOPER_RIGHT","Same two Zenodo repos (data: zenodo.3274254; code: zenodo.5642946) were both detected (repo_n=2) but yielded zero retrieved files (files_n=0), so metacheck never had a file listing to check for a readme in either.",TRUE
"10_1111_1365_2435_12897","10_1111_1365_2435_12897",NA,NA,NA,NA,NA,NA,NA,"Yes","Yes","Yes","R","No",FALSE,NA,NA,NA,NA,NA,FALSE,NA,FALSE,NA,NA,FALSE,FALSE,FALSE,"code_archived[cooper=Yes,mc=No]",NA,NA,NA,NA,NA,NA,NA,NA,"COOPER_RIGHT","UNSUPPORTED REPO | repo_check found zero files for this paper at all, so code_check (which only classifies files repo_check has already listed) had nothing to work with -- the same root-cause repository-detection miss as the data_availability disagreement for this paper. Cooper's Yes is based on directly inspecting whatever repository the paper cites; metacheck's repo_check pipeline never found/queried any repository at all for this paper (res_repo_check$table has zero rows), so its No cannot be treated as the verified answer.",NA,NA,NA,NA,TRUE
"10_1111_1365_2745_13457","10_1111_1365_2745_13457","Yes","Dryad","Yes","Yes","Yes",".xls(x)","Yes","Yes","Yes","Yes","R","No",TRUE,"Dryad","doi:10.5061/dryad.stqjq2c0x",TRUE,TRUE,".xlsx",FALSE,NA,TRUE,TRUE,"R",FALSE,TRUE,FALSE,"any_readme[cooper=Yes,mc=No]",NA,NA,NA,NA,NA,NA,NA,NA,NA,NA,NA,NA,"DIFFERENT_DEFINITION","Cooper's Yes for this paper's README likely reflects Dryad's dataset abstract (the ONLY free-text field Dryad's API exposes) -- confirmed on 9 real Dryad datasets from this same miss set that this field is consistently the paper's own scientific abstract (numbered background/methods/results prose), never file-level documentation. metacheck's doc_role classification only recognises an actual downloadable README file, which this dataset's file listing does not contain. Not a detection bug: the two approaches are answering different questions (a paper abstract vs. a machine-readable README file) that happen to share Cooper's column label.",TRUE
"10_1111_1365_2656_13067","10_1111_1365_2656_13067","Yes","Other repo/database","No","Yes","Yes",".csv/.tsv;.txt;.xml","Yes","Yes","No",NA,NA,NA,FALSE,NA,NA,NA,NA,NA,FALSE,NA,FALSE,NA,NA,FALSE,TRUE,FALSE,"data_availability[cooper=Yes,mc=No];any_readme[cooper=Yes,mc=No]","COOPER_RIGHT","UNSUPPORTED REPO | A full-text search (including the reference list) finds no inline Data Availability Statement, but the reference list cites four of the authors' own datasets archived at BCO-DMO (Biological and Chemical Oceanography Data Management Office) with real DOIs, e.g. https://doi.org/10.1575/1912/bco-dmo.748860.2 (Yeager, 2018a/b, 2019a/b). BCO-DMO is a specialized oceanographic data repository not recognized by repo_check; repo_check has zero rows for this paper.",NA,NA,NA,NA,NA,NA,NA,NA,NA,NA,"COOPER_RIGHT","Same repo-detection miss as data_availability: none of the four BCO-DMO datasets were ever fetched by repo_check, so mc_any_readme's FALSE reflects zero files examined, not evidence of no README.",TRUE
"10_1111_1365_2745_13238","10_1111_1365_2745_13238","Yes","Other repo/database","No","Unsure","No, because the data are embargoed",NA,"Yes","Yes","No",NA,NA,NA,FALSE,NA,NA,NA,NA,NA,FALSE,NA,FALSE,NA,NA,FALSE,TRUE,FALSE,"data_availability[cooper=Yes,mc=No];any_readme[cooper=Yes,mc=No]","COOPER_RIGHT","Full-text search finds: 'The data are archived within and can be requested from New Zealand's National Vegetation Survey Databank at: https://nvs.landcareresearch.co.nz/data/search using the string harper/avoca forest stem diameter.' This is a search-by-string access method at an institutional databank, not a repo_check-recognized/crawlable platform; repo_check found/listed nothing at all for this paper.",NA,NA,NA,NA,NA,NA,NA,NA,NA,NA,"COOPER_RIGHT","UNSUPPORTED REPO | Same root cause: the NVS Databank is not a repo_check-recognized platform, so repo_check never checked it for a readme.",TRUE
"10_1111_2041_210x_13737","10_1111_2041_210x_13737","Yes","Other repo/database","No","No","Yes",".csv/.tsv;.RDS;.txt","No","Yes","Yes","Yes","R","No",TRUE,"OSF",NA,FALSE,TRUE,".csv;.rdata",FALSE,NA,TRUE,TRUE,"R",FALSE,FALSE,FALSE,"data_archive[cooper=Other repo/database,mc=OSF]",NA,NA,"METACHECK_RIGHT","OSF genuinely holds this paper's real data (PBS_UTMS.csv, radio-tag data) and code, matching the paper's own text: 'The raw data...are archived at OSF.'",NA,NA,NA,NA,NA,NA,NA,NA,NA,NA,TRUE
"10_1111_1365_2745_13994","10_1111_1365_2745_13994","Yes","Other repo/database","Yes","Yes","Yes",".csv/.tsv;.txt","Yes","Yes","No",NA,NA,NA,FALSE,NA,NA,NA,NA,NA,FALSE,NA,FALSE,NA,NA,FALSE,TRUE,FALSE,"data_availability[cooper=Yes,mc=No];any_readme[cooper=Yes,mc=No]","COOPER_RIGHT","UNSUPPORTED REPO (NERC EIDC) | Paper's own availability statement: ""ITS copy numbers and species hypothesis relative abundance data are available at: https://doi.org/10.5285/d6c787ec-146c-461b-b8a2-e0251259036c"", plus two further EIDC DOIs for flux/root and soil fauna data. Cites a real Other repo/database (EIDC) repository (https://doi.org/10.5285/d6c787ec-146c-461b-b8a2-e0251259036c (+2 more)). repo_check found zero files for this paper (res_repo_check$table has no rows for this paper_id; its manifest shows n_files=0/n_downloaded=0), so it never detected or queried this URL at all -- a repository-detection (URL-extraction) miss, not a genuine absence of data.",NA,NA,NA,NA,NA,NA,NA,NA,NA,NA,"COOPER_RIGHT","repo_check found zero files for this paper (res_repo_check$table has no rows for this paper_id), so it had no basis to detect a README even if one exists in the actual (un-located) repository.",TRUE
"10_1111_1365_2435_14504","10_1111_1365_2435_14504","Yes","Zenodo","Yes","Yes","Yes",".csv/.tsv","Yes","Yes","No",NA,NA,NA,TRUE,"Zenodo","10.5281/zenodo.10473872",TRUE,TRUE,".csv",FALSE,NA,FALSE,NA,NA,FALSE,TRUE,FALSE,"any_readme[cooper=Yes,mc=No]",NA,NA,NA,NA,NA,NA,NA,NA,NA,NA,NA,NA,"DIFFERENT_DEFINITION","Cooper's Yes for this paper's README may reflect this Zenodo record's `description` field -- checked live 2026-09-02 against a sample of 6 real Zenodo records from this miss set and found genuine variation (sometimes a study summary, sometimes contact metadata, sometimes file-by-file documentation, sometimes empty), i.e. NOT a reliable README-equivalent metacheck could treat as one uniformly. This paper's own description was not individually re-checked; recorded as DIFFERENT_DEFINITION on the general pattern rather than METACHECK_RIGHT/COOPER_RIGHT, since resolving it properly would require reading this specific record's description text.",TRUE
"10_1111_1365_2435_13855","10_1111_1365_2435_13855","Yes","Dryad","Yes",NA,"Yes",".csv/.tsv",NA,"Yes","Yes","Yes","R","No",TRUE,"Dryad","doi:10.5061/dryad.q83bk3jhz",TRUE,TRUE,".csv;.pdf",FALSE,NA,FALSE,NA,NA,FALSE,FALSE,FALSE,"code_archived[cooper=Yes,mc=No]",NA,NA,NA,NA,NA,NA,NA,NA,"COOPER_RIGHT","availability statement is purely ""Data available from the Dryad Digital Repository https://doi.org/10.5061/dryad.q83bk3jhz"", and no code, script, or software is mentioned anywhere in the Methods either; but this may reflect a live-repository check on Cooper's part rather than the paper text itself, so treat with caution.",NA,NA,NA,NA,TRUE
"10_1111_1365_2745_12985","10_1111_1365_2745_12985","Yes","Other repo/database","Yes","Yes","Yes",".csv/.tsv","Quasi-README","Yes","Yes",NA,"R","No",FALSE,NA,NA,NA,NA,NA,FALSE,NA,FALSE,NA,NA,FALSE,TRUE,FALSE,"data_availability[cooper=Yes,mc=No];code_archived[cooper=Yes,mc=No];any_readme[cooper=Yes,mc=No]","COOPER_RIGHT","UNSUPPORTED REPO (Environmental Data Initiative) | Paper text: ""Data available from the Environmental Data Initiative: https://doi.org/10.6073/pasta/fb8661cc0af964a4c5caace85b72b036 (Quintana-Ascencio & Menges, 2018)."" EDI is not a platform repo_check recognizes; repo_check has zero rows for this paper.",NA,NA,NA,NA,NA,NA,"UNCLEAR","No code repository or code-archival claim appears anywhere in the paper text (a plant demography study using the COMPADRE database, with no code citation found). Cannot confirm from available evidence what Cooper's Yes for code_archived is based on.",NA,NA,"COOPER_RIGHT","Same repo-detection miss as data_availability: the EDI data package was never fetched by repo_check, so mc_any_readme's FALSE reflects zero files examined, not evidence of no README.",TRUE
"10_1111_1365_2664_12977","10_1111_1365_2664_12977","Yes","Dryad","Yes","No","Yes",".csv/.tsv","No","Yes","No",NA,NA,NA,TRUE,"Dryad","doi:10.5061/dryad.g031s",TRUE,TRUE,".csv",FALSE,NA,FALSE,NA,NA,FALSE,FALSE,FALSE,"data_license[cooper=No,mc=Yes]",NA,NA,NA,NA,"METACHECK_RIGHT","Dryad dataset doi:10.5061/dryad.g031s carries a CC0-1.0 license, retrieved from Dryad's dataset API (https://spdx.org/licenses/CC0-1.0.html).",NA,NA,NA,NA,NA,NA,NA,NA,TRUE
"10_1111_1365_2656_12686","10_1111_1365_2656_12686","Yes","Figshare","Yes","Yes","Yes",".xls(x)","Quasi-README","Yes","No",NA,NA,NA,TRUE,"Figshare","10.6084/m9.figshare.4829524.v1;10.6084/m9.figshare.4829533.v4",TRUE,TRUE,".xls;.xlsx",FALSE,NA,FALSE,NA,NA,FALSE,TRUE,FALSE,"any_readme[cooper=Yes,mc=No]",NA,NA,NA,NA,NA,NA,NA,NA,NA,NA,NA,NA,"DIFFERENT_DEFINITION","Cooper's Yes for this paper's README may reflect this Figshare article's `description` field -- checked live 2026-09-02 against a sample of 10 real Figshare articles from this miss set and found genuine variation (roughly 2 of 10 had real file-by-file documentation, the rest were abstract/methods-style summaries indistinguishable from Dryad's pattern), i.e. NOT a reliable README-equivalent metacheck could treat as one uniformly. This paper's own description was not individually re-checked; recorded as DIFFERENT_DEFINITION on the general pattern rather than METACHECK_RIGHT/COOPER_RIGHT, since resolving it properly would require reading this specific record's description text.",TRUE
"10_1111_1365_2745_13517","10_1111_1365_2745_13517","Yes","Other repo/database","No","Yes","Yes",".csv/.tsv","No","Yes","No",NA,NA,NA,FALSE,NA,NA,NA,NA,NA,FALSE,NA,FALSE,NA,NA,FALSE,FALSE,FALSE,"data_availability[cooper=Yes,mc=No]","COOPER_RIGHT","Full-text search finds: 'All radiocarbon, pollen and charcoal data are publicly available in the Neotoma Paleoecology Database (http://www.neotomadb.org).' A general database portal, not a repo_check-recognized/crawlable specific-dataset platform; repo_check found/listed nothing at all for this paper.",NA,NA,NA,NA,NA,NA,NA,NA,NA,NA,NA,NA,TRUE
"10_1111_1365_2435_13438","10_1111_1365_2435_13438","Yes","Dryad","Yes","Yes","Yes",".xls(x)","Quasi-README","Yes","No",NA,NA,NA,TRUE,"Dryad","doi:10.5061/dryad.1v26h11",TRUE,TRUE,".xlsx",FALSE,NA,FALSE,NA,NA,FALSE,TRUE,FALSE,"any_readme[cooper=Yes,mc=No]",NA,NA,NA,NA,NA,NA,NA,NA,NA,NA,NA,NA,"DIFFERENT_DEFINITION","Cooper's Yes for this paper's README likely reflects Dryad's dataset abstract (the ONLY free-text field Dryad's API exposes) -- confirmed on 9 real Dryad datasets from this same miss set that this field is consistently the paper's own scientific abstract (numbered background/methods/results prose), never file-level documentation. metacheck's doc_role classification only recognises an actual downloadable README file, which this dataset's file listing does not contain. Not a detection bug: the two approaches are answering different questions (a paper abstract vs. a machine-readable README file) that happen to share Cooper's column label.",TRUE
"10_1111_1365_2656_13759","10_1111_1365_2656_13759","No, but they are available on request",NA,NA,NA,NA,NA,NA,"Yes","Yes","Yes","R","Quasi-README",TRUE,NA,NA,NA,NA,NA,FALSE,NA,TRUE,TRUE,"R",FALSE,TRUE,FALSE,"data_availability[cooper=No,mc=Yes];any_readme[cooper=Yes,mc=No]","COOPER_RIGHT","repo_check found Zenodo record doi.org/10.5281/zenodo.6617889 with 5 code files -- zero files classified as data or anything else.",NA,NA,NA,NA,NA,NA,NA,NA,NA,NA,"DIFFERENT_DEFINITION","Cooper's Yes for this paper's README may reflect this Zenodo record's `description` field -- checked live 2026-09-02 against a sample of 6 real Zenodo records from this miss set and found genuine variation (sometimes a study summary, sometimes contact metadata, sometimes file-by-file documentation, sometimes empty), i.e. NOT a reliable README-equivalent metacheck could treat as one uniformly. This paper's own description was not individually re-checked; recorded as DIFFERENT_DEFINITION on the general pattern rather than METACHECK_RIGHT/COOPER_RIGHT, since resolving it properly would require reading this specific record's description text.",TRUE
"10_1111_1365_2745_13948","10_1111_1365_2745_13948","Yes","Zenodo","Yes","Yes","Yes",".xls(x)","Yes","Yes","No",NA,NA,NA,TRUE,"Zenodo","10.5281/zenodo.6584981",TRUE,TRUE,".xlsx",FALSE,NA,FALSE,NA,NA,FALSE,TRUE,FALSE,"any_readme[cooper=Yes,mc=No]",NA,NA,NA,NA,NA,NA,NA,NA,NA,NA,NA,NA,"DIFFERENT_DEFINITION","Cooper's Yes for this paper's README may reflect this Zenodo record's `description` field -- checked live 2026-09-02 against a sample of 6 real Zenodo records from this miss set and found genuine variation (sometimes a study summary, sometimes contact metadata, sometimes file-by-file documentation, sometimes empty), i.e. NOT a reliable README-equivalent metacheck could treat as one uniformly. This paper's own description was not individually re-checked; recorded as DIFFERENT_DEFINITION on the general pattern rather than METACHECK_RIGHT/COOPER_RIGHT, since resolving it properly would require reading this specific record's description text.",TRUE
"10_1111_1365_2435_13098","10_1111_1365_2435_13098","Yes","Dryad","Yes","Yes","Yes",".xls(x)","Yes","Yes","No",NA,NA,NA,TRUE,"Dryad","doi:10.5061/dryad.3qp36g8",TRUE,TRUE,".xlsx",FALSE,NA,FALSE,NA,NA,FALSE,TRUE,FALSE,"any_readme[cooper=Yes,mc=No]",NA,NA,NA,NA,NA,NA,NA,NA,NA,NA,NA,NA,"DIFFERENT_DEFINITION","Cooper's Yes for this paper's README likely reflects Dryad's dataset abstract (the ONLY free-text field Dryad's API exposes) -- confirmed on 9 real Dryad datasets from this same miss set that this field is consistently the paper's own scientific abstract (numbered background/methods/results prose), never file-level documentation. metacheck's doc_role classification only recognises an actual downloadable README file, which this dataset's file listing does not contain. Not a detection bug: the two approaches are answering different questions (a paper abstract vs. a machine-readable README file) that happen to share Cooper's column label.",TRUE
"10_1111_1365_2745_12842","10_1111_1365_2745_12842","Yes","Dryad","Yes","Yes","Yes",".xls(x)","Yes","Yes","No",NA,NA,NA,TRUE,"Dryad","doi:10.5061/dryad.p1k03",TRUE,TRUE,".xlsx",FALSE,NA,FALSE,NA,NA,FALSE,TRUE,FALSE,"any_readme[cooper=Yes,mc=No]",NA,NA,NA,NA,NA,NA,NA,NA,NA,NA,NA,NA,"DIFFERENT_DEFINITION","Cooper's Yes for this paper's README likely reflects Dryad's dataset abstract (the ONLY free-text field Dryad's API exposes) -- confirmed on 9 real Dryad datasets from this same miss set that this field is consistently the paper's own scientific abstract (numbered background/methods/results prose), never file-level documentation. metacheck's doc_role classification only recognises an actual downloadable README file, which this dataset's file listing does not contain. Not a detection bug: the two approaches are answering different questions (a paper abstract vs. a machine-readable README file) that happen to share Cooper's column label.",TRUE
"10_1111_1365_2745_14376","10_1111_1365_2745_14376","Yes","Zenodo","Yes","Yes","Yes",".xls(x)","Yes","Yes","No",NA,NA,NA,TRUE,"Zenodo","10.5281/zenodo.12592492",TRUE,TRUE,".xlsx",FALSE,NA,FALSE,NA,NA,FALSE,TRUE,FALSE,"any_readme[cooper=Yes,mc=No]",NA,NA,NA,NA,NA,NA,NA,NA,NA,NA,NA,NA,"DIFFERENT_DEFINITION","Cooper's Yes for this paper's README may reflect this Zenodo record's `description` field -- checked live 2026-09-02 against a sample of 6 real Zenodo records from this miss set and found genuine variation (sometimes a study summary, sometimes contact metadata, sometimes file-by-file documentation, sometimes empty), i.e. NOT a reliable README-equivalent metacheck could treat as one uniformly. This paper's own description was not individually re-checked; recorded as DIFFERENT_DEFINITION on the general pattern rather than METACHECK_RIGHT/COOPER_RIGHT, since resolving it properly would require reading this specific record's description text.",TRUE
"10_1111_1365_2435_13796","10_1111_1365_2435_13796","Yes","Dryad","Yes","Yes","Yes",".xls(x)","Yes","Yes","No",NA,NA,NA,FALSE,NA,NA,NA,NA,NA,FALSE,NA,FALSE,NA,NA,FALSE,TRUE,FALSE,"data_availability[cooper=Yes,mc=No];any_readme[cooper=Yes,mc=No]","COOPER_RIGHT","SPLIT-DOI EXTRACTION ARTIFACT | Reference list cites a resolvable Dryad DOI: ""Welti, E. A. R., & Kaspari, M. (2021). Data from: Sodium addition increases leaf herbivory ... Dryad Digital Repository, https://doi.org/10.5061/dryad.37pvm."" repo_check found zero files for this paper -- it never located/checked this Dryad DOI. | KNOWN METACHECK LIMITATION (not yet fixed, github.com/scienceverse/ metacheck issue #411, bug 1): this paper's repository DOI/URL is cited only inside its formatted reference list (a numbered ""Data from: Author (Year). Title [Dataset]. https://doi.org/..."" entry), never as an inline hyperlink or bare in-text mention. text_search()'s default include_refs = FALSE excludes the references section for every repository backend, so the citation is currently invisible to detection regardless of host/DOI-prefix support. Confirmed live 2026-09-19: the DOI itself resolves correctly when queried directly.",NA,NA,NA,NA,NA,NA,NA,NA,NA,NA,"COOPER_RIGHT","Same root cause: repo_check never located the Dryad repository the paper cites, so no README evidence could ever be recorded.",TRUE
"10_1111_1365_2745_13546","10_1111_1365_2745_13546","Yes","Dryad","Yes","Yes","Yes",".csv/.tsv","Quasi-README","Yes","No",NA,NA,NA,TRUE,"Dryad","doi:10.5061/dryad.bvq83bk74",TRUE,TRUE,".csv",FALSE,NA,FALSE,NA,NA,FALSE,TRUE,FALSE,"any_readme[cooper=Yes,mc=No]",NA,NA,NA,NA,NA,NA,NA,NA,NA,NA,NA,NA,"DIFFERENT_DEFINITION","Cooper's Yes for this paper's README likely reflects Dryad's dataset abstract (the ONLY free-text field Dryad's API exposes) -- confirmed on 9 real Dryad datasets from this same miss set that this field is consistently the paper's own scientific abstract (numbered background/methods/results prose), never file-level documentation. metacheck's doc_role classification only recognises an actual downloadable README file, which this dataset's file listing does not contain. Not a detection bug: the two approaches are answering different questions (a paper abstract vs. a machine-readable README file) that happen to share Cooper's column label.",TRUE
"10_1111_1365_2435_14233","10_1111_1365_2435_14233","Yes","Dryad","Yes","Yes","Yes",".csv/.tsv","Yes","Yes","Yes","Yes","R","No",TRUE,"Dryad","doi:10.5061/dryad.66t1g1k5f",TRUE,TRUE,".csv",TRUE,NA,FALSE,NA,NA,TRUE,TRUE,TRUE,"code_archived[cooper=Yes,mc=No]",NA,NA,NA,NA,NA,NA,NA,NA,"COOPER_RIGHT","availability statement explicitly states ""Data and R-Code available from the Dryad Digital Repository https://doi.org/10.5061/dryad.66t1g1k5f"", confirming code is present, contradicting metacheck's No",NA,NA,NA,NA,TRUE
"10_1111_1365_2745_13629","10_1111_1365_2745_13629","Yes","Dryad;Other repo/database","Yes","Yes","Yes, but not all data",".csv/.tsv","Yes","Yes","No",NA,NA,NA,TRUE,"Dryad","doi:10.5061/dryad.3j9kd51h6",TRUE,TRUE,".csv",TRUE,NA,TRUE,TRUE,"R",TRUE,TRUE,TRUE,"code_archived[cooper=No,mc=Yes]",NA,NA,NA,NA,NA,NA,NA,NA,"METACHECK_RIGHT","text explicitly states ""All code can be found on GitHub: https://github.com/ecfarrer/LAmarshGradient2"", a dedicated code repository separate from the Dryad data repository, clearly confirming code is archived and contradicting Cooper's No.",NA,NA,NA,NA,TRUE
"10_1111_2041_210x_13875","10_1111_2041_210x_13875","Yes","Dryad","Yes","Yes","Yes",".xls(x)","Yes","Yes","Yes","Yes","R","Yes",TRUE,"Dryad","doi:10.5061/dryad.vq83bk3vp",TRUE,TRUE,".xlsx",TRUE,NA,FALSE,NA,NA,TRUE,TRUE,TRUE,"code_archived[cooper=Yes,mc=No]",NA,NA,NA,NA,NA,NA,NA,NA,"COOPER_RIGHT","availability statement explicitly states ""Data and code used for the analyses of this manuscript are available at the Dryad Digital Repository https://doi.org/10.5061/dryad.vq83bk3vp"", confirming code is present, contradicting metacheck's No.",NA,NA,NA,NA,TRUE
"10_1111_2041_210x_13503","10_1111_2041_210x_13503",NA,NA,NA,NA,NA,NA,NA,"Yes","Yes","Yes","R","Yes",TRUE,NA,NA,NA,NA,NA,TRUE,NA,FALSE,NA,NA,TRUE,TRUE,TRUE,"code_archived[cooper=Yes,mc=No]",NA,NA,NA,NA,NA,NA,NA,NA,"COOPER_RIGHT","actel, a GitHub-hosted R package. Same R-package-source-tree-exclusion pattern; no real source files found.",NA,NA,NA,NA,TRUE
"10_1111_1365_2745_14263","10_1111_1365_2745_14263","Yes","Zenodo","Yes","Yes","Yes",".xls(x)","Yes","Yes","No",NA,NA,NA,TRUE,"Zenodo","10.5281/zenodo.7040241",TRUE,TRUE,".xlsx",FALSE,NA,FALSE,NA,NA,FALSE,TRUE,FALSE,"any_readme[cooper=Yes,mc=No]",NA,NA,NA,NA,NA,NA,NA,NA,NA,NA,NA,NA,"DIFFERENT_DEFINITION","Cooper's Yes for this paper's README may reflect this Zenodo record's `description` field -- checked live 2026-09-02 against a sample of 6 real Zenodo records from this miss set and found genuine variation (sometimes a study summary, sometimes contact metadata, sometimes file-by-file documentation, sometimes empty), i.e. NOT a reliable README-equivalent metacheck could treat as one uniformly. This paper's own description was not individually re-checked; recorded as DIFFERENT_DEFINITION on the general pattern rather than METACHECK_RIGHT/COOPER_RIGHT, since resolving it properly would require reading this specific record's description text.",TRUE
"10_1111_2041_210x_14159","10_1111_2041_210x_14159","Yes","Other repo/database","No","Unsure",NA,NA,"Unsure","Yes","Yes","Yes","R","Yes",FALSE,NA,NA,NA,NA,NA,FALSE,NA,FALSE,NA,NA,FALSE,TRUE,FALSE,"data_availability[cooper=Yes,mc=No];code_archived[cooper=Yes,mc=No];any_readme[cooper=Yes,mc=No]","COOPER_RIGHT","UNSUPPORTED REPO | Paper text: ""All movement data used for this manuscript are archived in the online repository Movebank (https://www.movebank.org/)."" Movebank is a specialized animal-tracking data repository not recognized by repo_check; repo_check has zero rows for this paper.",NA,NA,NA,NA,NA,NA,"COOPER_RIGHT","Paper text: ""Code to fit the first stage of the model to simulated data and example code for the second stage is archived (Eisaguirre, 2023)."" The corresponding reference-list entry is truncated by PDF extraction mid-sentence (""Eisaguirre, J. M. (2023). Reproductive success from movement data (ver""), cutting off what was very likely a versioned Zenodo/software-archive DOI -- repo_check never saw the complete citation to check.",NA,NA,"COOPER_RIGHT","Same repo-detection miss as data_availability/code_archived: neither Movebank nor the (extraction-truncated) code archive citation were ever fetched by repo_check, so mc_any_readme's FALSE reflects zero files examined, not evidence of no README.",TRUE
"10_1002_pan3_14","10_1002_pan3_14","Yes","Other repo/database","Yes","Yes","Yes",".csv/.tsv;.txt","Yes","Yes","No",NA,NA,NA,FALSE,NA,NA,NA,NA,NA,FALSE,NA,FALSE,NA,NA,FALSE,TRUE,FALSE,"data_availability[cooper=Yes,mc=No];any_readme[cooper=Yes,mc=No]","COOPER_RIGHT","Paper text: 'The point data...will be available from the University of Cambridge repository service Apollo...at the following https://doi.org/10.17863/CAM.35449.' Apollo is not a repo_check-recognized platform; repo_check found/listed nothing at all for this paper.",NA,NA,NA,NA,NA,NA,NA,NA,NA,NA,"COOPER_RIGHT","UNSUPPORTED REPO | Same root cause: Apollo is not a repo_check-recognized platform, so repo_check never checked it for a readme.",TRUE
"10_1111_1365_2656_14112","10_1111_1365_2656_14112","Yes","Dryad","Yes","Yes","Yes",".csv/.tsv","Yes","Yes","Yes",NA,"R","No",TRUE,"Dryad","doi:10.5061/dryad.tmpg4f569",TRUE,TRUE,".csv",TRUE,NA,FALSE,NA,NA,TRUE,TRUE,TRUE,"code_archived[cooper=Yes,mc=No]",NA,NA,NA,NA,NA,NA,NA,NA,"COOPER_RIGHT","availability statement is only ""Data are available from the Dryad Digital Repository: http://doi.org/10.5061/dryad.tmpg4f569"", no code, script, or software mentioned anywhere in the text",NA,NA,NA,NA,TRUE
"10_1111_2041_210x_13384","10_1111_2041_210x_13384","Yes","Zenodo","Yes","No",NA,NA,"No","Yes","Yes","Yes","R","Yes",TRUE,"GitHub, GitLab, Codeberg or similar platform;Zenodo","10.5281/zenodo.3548917",TRUE,TRUE,".html;.png;.rda",TRUE,NA,TRUE,TRUE,"R",TRUE,TRUE,TRUE,"data_license[cooper=No,mc=Yes]",NA,NA,NA,NA,"METACHECK_RIGHT","GitHub repository TiagoOlivoto/metan carries a GPL-3.0 license (confirmed live via GitHub's own repository API); the paper's Zenodo record 10.5281/zenodo.3548917 additionally carries the depositor-selected ""Other (Open)"" license.",NA,NA,NA,NA,NA,NA,NA,NA,TRUE
"10_1111_1365_2664_13016","10_1111_1365_2664_13016","Yes","Dryad","Yes","Yes","Yes",".xls(x)","Yes","Yes","No",NA,NA,NA,TRUE,"Dryad","doi:10.5061/dryad.fj63q",TRUE,TRUE,".xlsx",FALSE,NA,FALSE,NA,NA,FALSE,TRUE,FALSE,"any_readme[cooper=Yes,mc=No]",NA,NA,NA,NA,NA,NA,NA,NA,NA,NA,NA,NA,"DIFFERENT_DEFINITION","Cooper's Yes for this paper's README likely reflects Dryad's dataset abstract (the ONLY free-text field Dryad's API exposes) -- confirmed on 9 real Dryad datasets from this same miss set that this field is consistently the paper's own scientific abstract (numbered background/methods/results prose), never file-level documentation. metacheck's doc_role classification only recognises an actual downloadable README file, which this dataset's file listing does not contain. Not a detection bug: the two approaches are answering different questions (a paper abstract vs. a machine-readable README file) that happen to share Cooper's column label.",TRUE
"10_1111_1365_2745_14006","10_1111_1365_2745_14006","Yes","Zenodo","Yes","Yes","Yes",".Rdata","No","Yes","Yes","Yes","R","No",FALSE,NA,NA,NA,NA,NA,FALSE,NA,FALSE,NA,NA,FALSE,FALSE,FALSE,"data_availability[cooper=Yes,mc=No];code_archived[cooper=Yes,mc=No]","COOPER_RIGHT","UNSUPPORTED REPO (Environmental Data Initiative) | Paper text: ""Data deposited in the EDI repository https://doi.org/10.6073/pasta/7f47439df0e09f1dcc6f0da77d5cc558 (Louw et al., 2022)"", plus a separate SRA sequence deposit. repo_check found zero files for this paper -- it never located/checked either repository.",NA,NA,NA,NA,NA,NA,"UNCLEAR","Paper text confirms a data deposit (EDI repository) and a separate SRA sequence deposit, but no explicit textual claim that code/scripts were archived anywhere -- only that code_used=Yes (code was used in the analysis). repo_check never checked either repository (zero rows), so it cannot be confirmed from available evidence whether the EDI package additionally bundles analysis code (a common EDI convention), which Cooper -- having potentially visited the live repository -- may have observed directly. Genuinely insufficient local evidence to adjudicate.",NA,NA,NA,NA,TRUE
"10_1111_2041_210x_12983","10_1111_2041_210x_12983","Yes","Figshare","Yes","Unsure","Yes",NA,"No","Yes","Yes","Yes","R","Quasi-README",TRUE,NA,NA,NA,NA,NA,FALSE,NA,TRUE,TRUE,"R",FALSE,TRUE,FALSE,"any_readme[cooper=Yes,mc=No]",NA,NA,NA,NA,NA,NA,NA,NA,NA,NA,NA,NA,"DIFFERENT_DEFINITION","Cooper's Yes for this paper's README may reflect this Figshare article's `description` field -- checked live 2026-09-02 against a sample of 10 real Figshare articles from this miss set and found genuine variation (roughly 2 of 10 had real file-by-file documentation, the rest were abstract/methods-style summaries indistinguishable from Dryad's pattern), i.e. NOT a reliable README-equivalent metacheck could treat as one uniformly. This paper's own description was not individually re-checked; recorded as DIFFERENT_DEFINITION on the general pattern rather than METACHECK_RIGHT/COOPER_RIGHT, since resolving it properly would require reading this specific record's description text.",TRUE
"10_1111_1365_2656_13985","10_1111_1365_2656_13985","Yes","Dryad","Yes","Yes","Yes",".RDS","Yes","Yes","Yes","Yes","R","No",TRUE,"Dryad","doi:10.5061/dryad.bk3j9kdj4",TRUE,TRUE,".rds",TRUE,NA,FALSE,NA,NA,TRUE,TRUE,TRUE,"code_archived[cooper=Yes,mc=No]",NA,NA,NA,NA,NA,NA,NA,NA,"COOPER_RIGHT","availability statement is only ""Data available from the Dryad Digital Repository: https://doi.org/10.5061/dryad.bk3j9kdj4"", no code, script, or software mentioned anywhere in the text",NA,NA,NA,NA,TRUE
"10_1111_2041_210x_14119","10_1111_2041_210x_14119","No",NA,NA,NA,NA,NA,NA,"Yes","Yes","Yes","R;Python;Shell","No",TRUE,"GitHub, GitLab, Codeberg or similar platform;Zenodo","10.5281/zenodo.7844694",TRUE,TRUE,".fit;.rdata;.rds;.sav",TRUE,NA,TRUE,TRUE,"Python;R",TRUE,FALSE,TRUE,"data_availability[cooper=No,mc=Yes];any_readme[cooper=No,mc=Yes]","METACHECK_RIGHT","text explicitly states ""EU-Forest database is available on https://figshare.com/collections/A_high-resolution_pan-European_tree_occurrence_dataset/3288407"", a clear data availability statement contradicting Cooper's No",NA,NA,NA,NA,NA,NA,NA,NA,NA,NA,"METACHECK_RIGHT","GitHub repository vvandermeersch/inverse_calibration plus a Zenodo mirror (10.5281/zenodo.7774981). repo_check's file listing shows multiple README.md files (several subdirectories, consistent with a structured code project). code_archived=Yes on both sides; Cooper coded code_README=No. Multiple real READMEs exist across the repository's subfolders -- Cooper's No looks like a miss, possibly because the top-level repo listing is dominated by data/output files (read_mean_fitness.R, read_mean_outputvalue_*.R) that could make the READMEs easy to overlook in a long file list.",TRUE
"10_1111_2041_210x_14428","10_1111_2041_210x_14428","Yes","Figshare;Other repo/database","Yes",NA,"Yes",".csv/.tsv;.txt","Yes","Yes","Yes","Yes","R","Yes",TRUE,NA,NA,NA,NA,NA,FALSE,NA,FALSE,NA,NA,FALSE,TRUE,FALSE,"code_archived[cooper=Yes,mc=No];any_readme[cooper=Yes,mc=No]",NA,NA,NA,NA,NA,NA,NA,NA,"COOPER_RIGHT","text explicitly confirms ""Code and output for the entire paper... are available via"" the figshare link, and separately ""Code for fitting the model was written in the Stan language... and is available on Figshare"", clearly confirming code is archived",NA,NA,"DIFFERENT_DEFINITION","Archive-only: repo_check's file listing for this paper is a single compressed archive (.zip/.rar/...) with no separate top-level file. repo_check's own peek_zips=TRUE default DOES try to read a zip's file listing remotely without downloading it, so a README bundled inside is not automatically invisible -- but that peek attempt evidently failed for this specific archive. Confirmed structural cause for Dryad-hosted zips: the peek's HTTP Range request is unauthenticated and Dryad's file-download endpoint returns 401 Unauthorized without an OAuth token, so the peek can never succeed there. For Zenodo/other platforms the failure cause is not yet fully pinned down (see the issue's discussion). Filed as https://github.com/scienceverse/metacheck/issues/378. DIFFERENT_DEFINITION rather than a verdict: resolving this needs a code fix (authenticated peek requests, at minimum for Dryad), not a judgement call on this specific paper.",TRUE
"10_1111_1365_2664_13903","10_1111_1365_2664_13903",NA,NA,NA,NA,NA,NA,NA,"Yes","Yes","Yes","R","No",TRUE,"Dryad","doi:10.5061/dryad.pvmcvdnkq",TRUE,TRUE,".rds",FALSE,NA,FALSE,NA,NA,FALSE,FALSE,FALSE,"code_archived[cooper=Yes,mc=No]",NA,NA,NA,NA,NA,NA,NA,NA,"COOPER_RIGHT","availability statement is only ""Data available via the Dryad Digital Repository https://doi.org/10.5061/dryad.pvmcvdnkq"", no code, script, or software mentioned anywhere in the text.",NA,NA,NA,NA,TRUE
"10_1111_1365_2664_14163","10_1111_1365_2664_14163","Yes","Dryad","Yes","Yes","Yes",".csv/.tsv","Yes","Yes","Yes","Yes","R","No",TRUE,"Dryad","doi:10.5061/dryad.gtht76hp7",TRUE,TRUE,".csv",TRUE,NA,FALSE,NA,NA,TRUE,TRUE,TRUE,"code_archived[cooper=Yes,mc=No]",NA,NA,NA,NA,NA,NA,NA,NA,"COOPER_RIGHT","availability statement explicitly states ""Data and R codes are available from the Dryad Digital Repository https://doi.org/10.5061/dryad.gtht76hp7"", confirming code is present, contradicting metacheck's No",NA,NA,NA,NA,TRUE
"10_1111_1365_2664_14080","10_1111_1365_2664_14080","Yes","Dryad","Yes","Yes","Yes",".RDS","Yes","Yes","Yes","Yes","R","No",TRUE,"Dryad","doi:10.5061/dryad.80gb5mkrw",TRUE,TRUE,".rds",FALSE,NA,TRUE,TRUE,"R",FALSE,TRUE,FALSE,"any_readme[cooper=Yes,mc=No]",NA,NA,NA,NA,NA,NA,NA,NA,NA,NA,NA,NA,"DIFFERENT_DEFINITION","Platform-specific pattern not established for this repository type (osf/github/other) -- see the dominant Dryad/Zenodo/Figshare patterns documented for the majority of this column's disagreements; this individual case was not separately investigated.",TRUE
"10_1111_2041_210x_13823","10_1111_2041_210x_13823","Yes","Zenodo","Yes","Yes","Yes",".Rdata","No","Yes","Yes","Yes","R","Yes",TRUE,"Dryad","doi:10.5061/dryad.w9ghx3fr4",TRUE,TRUE,".xlsx",TRUE,NA,FALSE,NA,NA,TRUE,TRUE,TRUE,"code_archived[cooper=Yes,mc=No];data_archive[cooper=Zenodo,mc=Dryad]",NA,NA,"UNCLEAR","Cooper coded Zenodo but the only repository detected/cited in the extracted availability text is Dryad; cannot confirm the source of Cooper's Zenodo reference from available evidence.",NA,NA,NA,NA,"COOPER_RIGHT","The only repository found (Dryad w9ghx3fr4) contains just rawdata.xlsx and a README -- no code files, and the paper's own extracted availability text does not mention a separate code repository. Kept as COOPER_RIGHT cautiously; may reflect code cited elsewhere in the paper not captured by this section.",NA,NA,NA,NA,TRUE
"10_1111_1365_2435_13899","10_1111_1365_2435_13899","Yes","Dryad",NA,"Yes","Yes",".csv/.tsv","Yes","Yes","Yes","Yes","R","No",TRUE,"Dryad","doi:10.5061/dryad.dbrv15f1t",TRUE,TRUE,".csv",TRUE,NA,FALSE,NA,NA,TRUE,TRUE,TRUE,"code_archived[cooper=Yes,mc=No]",NA,NA,NA,NA,NA,NA,NA,NA,"COOPER_RIGHT","availability statement explicitly states ""Data and code available from the Dryad Digital Repository https://doi.org/10.5061/dryad.dbrv15f1t (Pottier et al., 2021)"", confirming code is present, contradicting metacheck's No",NA,NA,NA,NA,TRUE
"10_1111_1365_2435_12998","10_1111_1365_2435_12998","Yes","Other repo/database","No","No","Yes",".fna","No","No",NA,NA,NA,NA,FALSE,NA,NA,NA,NA,NA,FALSE,NA,FALSE,NA,NA,FALSE,FALSE,FALSE,"data_availability[cooper=Yes,mc=No]","COOPER_RIGHT","DOMAIN-SPECIFIC BIOINFORMATICS DATABASE (NCBI/GenBank-family) | Paper text: ""Representative sequences of all OTUs in this study have been submitted to Genbank (KY542280-KY547746)"". GenBank is not among metacheck's supported repo_check providers (only zenodo/github/figshare/osf/dryad/dataverse/researchdata4tu/gitlab), so repo_check never attempted this accession at all, leaving repo_check$table empty and producing mc_data_availability=FALSE.",NA,NA,NA,NA,NA,NA,NA,NA,NA,NA,NA,NA,TRUE
"10_1111_1365_2656_13986","10_1111_1365_2656_13986","Yes","Figshare","No","Yes","Yes",".csv/.tsv","No","Yes","No",NA,NA,NA,FALSE,NA,NA,NA,NA,NA,FALSE,NA,FALSE,NA,NA,FALSE,FALSE,FALSE,"data_availability[cooper=Yes,mc=No]","COOPER_RIGHT","Paper states ""Data available from the FigShare Digital Repository https://figshare.com/s/6d409efbed4f9d0c239e""; explicit data-availability claim, contradicting mc's FALSE.",NA,NA,NA,NA,NA,NA,NA,NA,NA,NA,NA,NA,TRUE
"10_1111_1365_2435_13332","10_1111_1365_2435_13332","Yes","Other repo/database","Yes","Yes","Yes",".xls(x)","No","Yes","No",NA,NA,NA,FALSE,NA,NA,NA,NA,NA,FALSE,NA,FALSE,NA,NA,FALSE,FALSE,FALSE,"data_availability[cooper=Yes,mc=No]","COOPER_RIGHT","UNSUPPORTED REPO | Paper text: ""Source data for this study are available from the EDMOND Digital Repository under following link: https://dx.doi.org/10.17617/3.24. (Kessler, Bing, Haverkamp, Baldwin, 2019)."" repo_check found zero files for this paper -- it never located/checked this EDMOND DOI.",NA,NA,NA,NA,NA,NA,NA,NA,NA,NA,NA,NA,TRUE
"10_1111_2041_210x_14269","10_1111_2041_210x_14269",NA,NA,NA,NA,NA,NA,NA,"Yes","Yes","Yes","R","No",TRUE,"GitHub, GitLab, Codeberg or similar platform",NA,FALSE,TRUE,".csv",TRUE,NA,TRUE,TRUE,"R",TRUE,FALSE,TRUE,"any_readme[cooper=No,mc=Yes]",NA,NA,NA,NA,NA,NA,NA,NA,NA,NA,NA,NA,"METACHECK_RIGHT","Two GitHub repositories for what looks like the same project under two different names (bognabognabogna/microbial_lag_calulator and .../microbial_lag_calculator -- likely an old misspelled repo name and its corrected successor). repo_check's file listing shows a README.md on both. code_archived=Yes on both sides; Cooper coded code_README=No -- a miss given a real README exists on (both copies of) the code repository.",TRUE
"10_1111_1365_2664_12901","10_1111_1365_2664_12901","Yes","Dryad","Yes","Yes","Yes",".xls(x)","Yes","Yes","No",NA,NA,NA,TRUE,"Dryad","doi:10.5061/dryad.tj3k1",TRUE,TRUE,".xlsx",FALSE,NA,FALSE,NA,NA,FALSE,TRUE,FALSE,"any_readme[cooper=Yes,mc=No]",NA,NA,NA,NA,NA,NA,NA,NA,NA,NA,NA,NA,"DIFFERENT_DEFINITION","Cooper's Yes for this paper's README likely reflects Dryad's dataset abstract (the ONLY free-text field Dryad's API exposes) -- confirmed on 9 real Dryad datasets from this same miss set that this field is consistently the paper's own scientific abstract (numbered background/methods/results prose), never file-level documentation. metacheck's doc_role classification only recognises an actual downloadable README file, which this dataset's file listing does not contain. Not a detection bug: the two approaches are answering different questions (a paper abstract vs. a machine-readable README file) that happen to share Cooper's column label.",TRUE
"10_1111_1365_2745_13999","10_1111_1365_2745_13999","Yes","Dryad","Yes","Yes","Yes",".csv/.tsv;.tif","Yes","Yes","Yes","Yes","R","Yes",FALSE,NA,NA,NA,NA,NA,FALSE,NA,FALSE,NA,NA,FALSE,TRUE,FALSE,"data_availability[cooper=Yes,mc=No];code_archived[cooper=Yes,mc=No];any_readme[cooper=Yes,mc=No]","COOPER_RIGHT","SPLIT-DOI EXTRACTION ARTIFACT | Paper's own availability statement: ""Processed data, statistical models, regional maps and R code used in [this study]"" are archived at the Dryad Digital Repository, https://doi.org/10.5061/dryad.7sqv9s4sh (Rodman et al., 2022). Cites a real Dryad repository (https://doi.org/10.5061/dryad.7sqv9s4sh). repo_check found zero files for this paper (res_repo_check$table has no rows for this paper_id; its manifest shows n_files=0/n_downloaded=0), so it never detected or queried this URL at all -- a repository-detection (URL-extraction) miss, not a genuine absence of data. | KNOWN METACHECK LIMITATION (not yet fixed, github.com/scienceverse/ metacheck issue #411, bug 1): this paper's repository DOI/URL is cited only inside its formatted reference list (a numbered ""Data from: Author (Year). Title [Dataset]. https://doi.org/..."" entry), never as an inline hyperlink or bare in-text mention. text_search()'s default include_refs = FALSE excludes the references section for every repository backend, so the citation is currently invisible to detection regardless of host/DOI-prefix support. Confirmed live 2026-09-19: the DOI itself resolves correctly when queried directly.",NA,NA,NA,NA,NA,NA,"COOPER_RIGHT","The paper's own text explicitly states ""Processed data, statistical models, regional maps and R code used in [this study]"" are part of the Dryad deposit at https://doi.org/10.5061/dryad.7sqv9s4sh -- code is explicitly named.",NA,NA,"COOPER_RIGHT","repo_check found zero files for this paper (res_repo_check$table has no rows for this paper_id), so it had no basis to detect a README even if one exists in the actual (un-located) repository.",TRUE
"10_1111_1365_2435_13689","10_1111_1365_2435_13689","Yes","Dryad","Yes","Yes","Yes",".csv/.tsv","Yes","Yes","Yes","Yes","R","No",TRUE,"Dryad","doi:10.5061/dryad.vdncjsxs5",TRUE,TRUE,".csv",FALSE,NA,FALSE,NA,NA,FALSE,TRUE,FALSE,"code_archived[cooper=Yes,mc=No];any_readme[cooper=Yes,mc=No]",NA,NA,NA,NA,NA,NA,NA,NA,"UNCLEAR","no code, script, or software is mentioned anywhere in the availability statement or the methods text scanned, so Cooper's Yes cannot be confirmed from the paper text; however this could reflect a live-repository check or a code file bundled in the Dryad archive not described in the paper text itself.",NA,NA,"DIFFERENT_DEFINITION","Cooper's Yes for this paper's README likely reflects Dryad's dataset abstract (the ONLY free-text field Dryad's API exposes) -- confirmed on 9 real Dryad datasets from this same miss set that this field is consistently the paper's own scientific abstract (numbered background/methods/results prose), never file-level documentation. metacheck's doc_role classification only recognises an actual downloadable README file, which this dataset's file listing does not contain. Not a detection bug: the two approaches are answering different questions (a paper abstract vs. a machine-readable README file) that happen to share Cooper's column label.",TRUE
"10_1111_2041_210x_13618","10_1111_2041_210x_13618","No",NA,NA,NA,NA,NA,NA,"Yes","Yes","Yes","Python;MATLAB","No",TRUE,"GitHub, GitLab, Codeberg or similar platform",NA,TRUE,NA,".in",TRUE,NA,TRUE,TRUE,"MATLAB;Python",TRUE,FALSE,TRUE,"data_availability[cooper=No,mc=Yes];any_readme[cooper=No,mc=Yes]","COOPER_RIGHT","REVISED 2026-09-05 during double-check: the 7 files repo_check classified data_type='data' (camera1-dist.conf.in, camera2-dist.conf.in, camera3-dist.conf.in, motion-dist.conf.in, motion-dist.service.in, sound1-dist.conf.in, samplepage.html.in) all carry repo_url=github.com/Motion-Project/motion -- this is the THIRD-PARTY 'Motion' video-surveillance software project's own GitHub repository (a dependency the paper's hardware/software guide references), not a repository belonging to this paper's own authors. These files are Motion's own installer/config file templates (note the literal '.conf.in'/'.service.in' template-file extensions), not empirical research data. repo_check appears to have picked up this unrelated third-party repository and its files were misclassified as 'data'. Cooper's No is correct -- COOPER_RIGHT.",NA,NA,NA,NA,NA,NA,NA,NA,NA,NA,"METACHECK_RIGHT","Three GitHub repositories are involved (silvanmelchior/RPi_Cam_Web_Interface, ccrisan/motioneye, Motion-Project/motion) plus a Zenodo archive (10.5281/zenodo.4139839) -- these look like third-party camera/motion-detection software tools the paper's own code depends on, not necessarily the paper's own repository (same pattern flagged elsewhere this session: an incidental tool citation). repo_check's file listing shows README.md / installreadme.txt files across these repos. Given the uncertainty over whether these are the paper's own code or cited third-party tools, this needs the paper's own text checked directly before concluding Cooper's code_README=No is simply wrong -- recorded as METACHECK_RIGHT on the narrow fact (a real README does exist on the repositories metacheck found), but flagged that the repositories themselves may not be what Cooper's coders were evaluating.",TRUE
"10_1111_2041_210x_13175","10_1111_2041_210x_13175","Yes","Figshare","Unsure","Yes","Yes",".csv/.tsv","No","Yes","Yes","Yes","R","No",TRUE,"Figshare","10.6084/m9.figshare.6934484.v2",TRUE,TRUE,".csv",FALSE,NA,FALSE,NA,NA,FALSE,FALSE,FALSE,"code_archived[cooper=Yes,mc=No]",NA,NA,NA,NA,NA,NA,NA,NA,"COOPER_RIGHT","UNSUPPORTED REPO | Same Figshare repository (https://figshare.com/articles/PxW_dataset/6934484) explicitly claimed to hold the paper's r code as well as its data; repo_check has zero rows for this paper, so the code was never found either.",NA,NA,NA,NA,TRUE
"10_1002_2688_8319_12393","10_1002_2688_8319_12393","Yes","Dryad","Yes","Yes","Yes",".csv/.tsv;7z","Yes","Yes","Yes","Yes","Python","Yes",TRUE,"Zenodo","10.5281/zenodo.13834747",TRUE,TRUE,".csv",TRUE,NA,TRUE,TRUE,"Python",TRUE,TRUE,TRUE,"data_archive[cooper=Dryad,mc=Zenodo]",NA,NA,"BOTH_DEFENSIBLE","The paper's own text explicitly describes TWO repositories serving different purposes: 'The Python code and the data on flowering plant taxa...are published on Zenodo' and 'drone orthomosaics...are available from...Dryad.' Zenodo genuinely holds real data (external_val.csv) in addition to code. Cooper's single-choice 'Dryad' and metacheck's 'Zenodo' are each a defensible summary of a genuinely multi-repository, multi-content paper.",NA,NA,NA,NA,NA,NA,NA,NA,NA,NA,TRUE
"10_1111_1365_2435_12861","10_1111_1365_2435_12861","Yes","Dryad","Yes","Yes","Yes",".xls(x)","Yes","Yes","No",NA,NA,NA,TRUE,"Dryad","doi:10.5061/dryad.1d0m9",TRUE,TRUE,".xlsx",FALSE,NA,FALSE,NA,NA,FALSE,TRUE,FALSE,"any_readme[cooper=Yes,mc=No]",NA,NA,NA,NA,NA,NA,NA,NA,NA,NA,NA,NA,"DIFFERENT_DEFINITION","Cooper's Yes for this paper's README likely reflects Dryad's dataset abstract (the ONLY free-text field Dryad's API exposes) -- confirmed on 9 real Dryad datasets from this same miss set that this field is consistently the paper's own scientific abstract (numbered background/methods/results prose), never file-level documentation. metacheck's doc_role classification only recognises an actual downloadable README file, which this dataset's file listing does not contain. Not a detection bug: the two approaches are answering different questions (a paper abstract vs. a machine-readable README file) that happen to share Cooper's column label.",TRUE
"10_1111_1365_2435_14307","10_1111_1365_2435_14307","Yes","Other repo/database","Yes","Yes","Yes",".csv/.tsv","Yes","Yes","No",NA,NA,NA,TRUE,"Other repo/database","doi:10.18739/A27M0421K",TRUE,TRUE,".csv",FALSE,NA,FALSE,NA,NA,FALSE,TRUE,FALSE,"any_readme[cooper=Yes,mc=No]",NA,NA,NA,NA,NA,NA,NA,NA,NA,NA,NA,NA,"COOPER_RIGHT","Same root cause: Arctic Data Center is not a repo_check-recognized platform.",TRUE
"10_1111_1365_2745_13464","10_1111_1365_2745_13464","Yes","Figshare","Yes","Yes","Yes",".xls(x)","Yes","Yes","No",NA,NA,NA,TRUE,"Figshare","10.6084/m9.figshare.12589211.v1",TRUE,TRUE,".xlsx",FALSE,NA,FALSE,NA,NA,FALSE,TRUE,FALSE,"any_readme[cooper=Yes,mc=No]",NA,NA,NA,NA,NA,NA,NA,NA,NA,NA,NA,NA,"DIFFERENT_DEFINITION","Cooper's Yes for this paper's README may reflect this Figshare article's `description` field -- checked live 2026-09-02 against a sample of 10 real Figshare articles from this miss set and found genuine variation (roughly 2 of 10 had real file-by-file documentation, the rest were abstract/methods-style summaries indistinguishable from Dryad's pattern), i.e. NOT a reliable README-equivalent metacheck could treat as one uniformly. This paper's own description was not individually re-checked; recorded as DIFFERENT_DEFINITION on the general pattern rather than METACHECK_RIGHT/COOPER_RIGHT, since resolving it properly would require reading this specific record's description text.",TRUE
"10_1111_1365_2664_12927","10_1111_1365_2664_12927","Yes","Supplementary materials","Unsure",NA,"No",NA,NA,"Unsure",NA,NA,NA,NA,FALSE,NA,NA,NA,NA,NA,FALSE,NA,FALSE,NA,NA,FALSE,NA,FALSE,"data_availability[cooper=Yes,mc=No]","COOPER_RIGHT","SUPPLEMENTARY MATERIALS (no external repository) | Paper text: ""The data used in this manuscript are archived in the Open Research Exeter archive: http://hdl.handle.net/10871/27138."" repo_check found zero files for this paper -- it never located/checked this institutional repository.",NA,NA,NA,NA,NA,NA,NA,NA,NA,NA,NA,NA,TRUE
"10_1111_1365_2656_14093","10_1111_1365_2656_14093","Yes","Figshare","Yes","Yes",NA,NA,"Yes","Yes","No",NA,NA,NA,FALSE,NA,NA,NA,NA,NA,FALSE,NA,FALSE,NA,NA,FALSE,TRUE,FALSE,"data_availability[cooper=Yes,mc=No];any_readme[cooper=Yes,mc=No]","COOPER_RIGHT","Paper text states 'Data from the manuscript are available on Figshare' / 'Data are archived on Figshare (Mahoney & Pasch, 2024)' but no Figshare DOI/URL appears in the extracted text near either sentence for repo_check to resolve; repo_check found/listed nothing at all for this paper.",NA,NA,NA,NA,NA,NA,NA,NA,NA,NA,"COOPER_RIGHT","Same root cause: no resolvable Figshare link was available for repo_check to check for a readme.",TRUE
"10_1111_1365_2435_12975","10_1111_1365_2435_12975","Yes","Figshare","No","Yes","Yes",".xls(x)","No","No",NA,NA,NA,NA,FALSE,NA,NA,NA,NA,NA,FALSE,NA,FALSE,NA,NA,FALSE,FALSE,FALSE,"data_availability[cooper=Yes,mc=No]","COOPER_RIGHT","UNSUPPORTED REPO (opaque Figshare share-link) | Paper text: ""Raw data are deposited at figshare.com https://figshare.com/s/5e01cc0cae4cf3e2e14f."" This is a Figshare private/anonymous ""share link"" (figshare.com/s/...), a different URL format from the standard figshare.com/articles/... or DOI pattern repo_check's Figshare matcher expects -- likely why repo_check never detected it.",NA,NA,NA,NA,NA,NA,NA,NA,NA,NA,NA,NA,TRUE
"10_1111_1365_2664_14735","10_1111_1365_2664_14735","Yes","Figshare","Yes","Yes","Yes",".csv/.tsv","Yes","Yes","Yes","Yes","R","Yes",TRUE,"Figshare","10.6084/m9.figshare.25837978.v2",TRUE,NA,".zip",FALSE,NA,FALSE,NA,NA,FALSE,TRUE,FALSE,"code_archived[cooper=Yes,mc=No];any_readme[cooper=Yes,mc=No]",NA,NA,NA,NA,NA,NA,NA,NA,"COOPER_RIGHT","statement explicitly says ""Publicly shareable data and code are available at https://doi.org/10.6084/m9.figshare.25837978"", so code clearly is archived; metacheck missing this looks like a detection gap for Figshare-hosted code",NA,NA,"DIFFERENT_DEFINITION","Archive-only: repo_check's file listing for this paper is a single compressed archive (.zip/.rar/...) with no separate top-level file. repo_check's own peek_zips=TRUE default DOES try to read a zip's file listing remotely without downloading it, so a README bundled inside is not automatically invisible -- but that peek attempt evidently failed for this specific archive. Confirmed structural cause for Dryad-hosted zips: the peek's HTTP Range request is unauthenticated and Dryad's file-download endpoint returns 401 Unauthorized without an OAuth token, so the peek can never succeed there. For Zenodo/other platforms the failure cause is not yet fully pinned down (see the issue's discussion). Filed as https://github.com/scienceverse/metacheck/issues/378. DIFFERENT_DEFINITION rather than a verdict: resolving this needs a code fix (authenticated peek requests, at minimum for Dryad), not a judgement call on this specific paper.",TRUE
"10_1111_1365_2664_13010","10_1111_1365_2664_13010","Yes","Other repo/database","Yes","Yes","Yes",".tab","Yes","No",NA,NA,NA,NA,FALSE,NA,NA,NA,NA,NA,FALSE,NA,FALSE,NA,NA,FALSE,TRUE,FALSE,"data_availability[cooper=Yes,mc=No];any_readme[cooper=Yes,mc=No]","COOPER_RIGHT","UNSUPPORTED REPO (PANGAEA) | Broader search of the full paper text found the actual DAS, missed by standard keyword filtering: ""All data are available under the CCA 3.0 Unported License at the PANGAEA Data Archiving & Publication at the following https://doi.pangaea.de/10.1594/PANGAEA.879537"" -- explicit claim; repo_check's summary_table confirms repo_n=0 (PANGAEA never detected).",NA,NA,NA,NA,NA,NA,NA,NA,NA,NA,"COOPER_RIGHT","The PANGAEA deposit (10.1594/PANGAEA.879537) holding this paper's data was never detected by repo_check (repo_n=0), so metacheck never checked it for a readme/description.",TRUE
"10_1111_1365_2656_12731","10_1111_1365_2656_12731","Yes","Dryad","Yes","Yes","Yes",".csv/.tsv","Quasi-README","Yes","No",NA,NA,NA,TRUE,NA,NA,NA,NA,NA,FALSE,NA,FALSE,NA,NA,FALSE,TRUE,FALSE,"any_readme[cooper=Yes,mc=No]",NA,NA,NA,NA,NA,NA,NA,NA,NA,NA,NA,NA,"DIFFERENT_DEFINITION","Archive-only: repo_check's file listing for this paper is a single compressed archive (.zip/.rar/...) with no separate top-level file. repo_check's own peek_zips=TRUE default DOES try to read a zip's file listing remotely without downloading it, so a README bundled inside is not automatically invisible -- but that peek attempt evidently failed for this specific archive. Confirmed structural cause for Dryad-hosted zips: the peek's HTTP Range request is unauthenticated and Dryad's file-download endpoint returns 401 Unauthorized without an OAuth token, so the peek can never succeed there. For Zenodo/other platforms the failure cause is not yet fully pinned down (see the issue's discussion). Filed as https://github.com/scienceverse/metacheck/issues/378. DIFFERENT_DEFINITION rather than a verdict: resolving this needs a code fix (authenticated peek requests, at minimum for Dryad), not a judgement call on this specific paper.",TRUE
"10_1111_2041_210x_13798","10_1111_2041_210x_13798","No, but they are available on request",NA,NA,NA,NA,NA,NA,"Yes","Yes","Yes","C/C++","Yes",TRUE,"GitHub, GitLab, Codeberg or similar platform",NA,TRUE,TRUE,".bin;.cmake;.crt;.csr;.csv;.dat;.data;.db;.der;.dsp;.dsw;.enc;.fmt;.gitignore;.html;.info;.ld;.lf;.md4;.md5;.opensslconf;.pem;.png;.psk;.pub;.pubkey;.sha1;.sha224;.sha256;.sha384;.sha512;.txt;.xlsx",TRUE,NA,TRUE,TRUE,"Python",TRUE,TRUE,TRUE,"data_availability[cooper=No,mc=Yes]","METACHECK_RIGHT","Data Availability Statement explicitly states ""All data are available in the manuscript, Supporting Information and the Github repository located at https://github.com/trichl/WildFiOpenSource""; this is a clear positive statement of data availability that Cooper appears to have missed, possibly because the repository is GitHub rather than a conventional data repository",NA,NA,NA,NA,NA,NA,NA,NA,NA,NA,NA,NA,TRUE
"10_1111_1365_2435_13932","10_1111_1365_2435_13932","Yes","Dryad","Yes","Yes","Yes",".csv/.tsv;.RDS","Yes","Yes","Yes","Yes","R","Yes",TRUE,"Dryad","doi:10.5061/dryad.t76hdr824",TRUE,TRUE,".csv;.rds",FALSE,NA,FALSE,NA,NA,FALSE,TRUE,FALSE,"code_archived[cooper=Yes,mc=No];any_readme[cooper=Yes,mc=No]",NA,NA,NA,NA,NA,NA,NA,NA,"COOPER_RIGHT","statement explicitly says ""along with a copy of the R code are available on Dryad Digital Repository https://doi.org/10.5061/dryad.t76hdr824""; metacheck saying No is a miss, likely because the code is co-located with data in the same Dryad deposit rather than a separate code-specific link",NA,NA,"DIFFERENT_DEFINITION","Cooper's Yes for this paper's README likely reflects Dryad's dataset abstract (the ONLY free-text field Dryad's API exposes) -- confirmed on 9 real Dryad datasets from this same miss set that this field is consistently the paper's own scientific abstract (numbered background/methods/results prose), never file-level documentation. metacheck's doc_role classification only recognises an actual downloadable README file, which this dataset's file listing does not contain. Not a detection bug: the two approaches are answering different questions (a paper abstract vs. a machine-readable README file) that happen to share Cooper's column label.",TRUE
"10_1111_1365_2435_13192","10_1111_1365_2435_13192","Yes","Other repo/database","Yes","Yes","Yes",".csv/.tsv;.pdf","No","Yes","No",NA,NA,NA,FALSE,NA,NA,NA,NA,NA,FALSE,NA,FALSE,NA,NA,FALSE,FALSE,FALSE,"data_availability[cooper=Yes,mc=No]","COOPER_RIGHT","Paper states ""Data are archived in the DANS EASY repository (https://doi.org/10.17026/dans-2b8-gx7j)""; explicit data-availability claim with DOI, contradicting mc's FALSE (DANS is a repository type repo_check does not appear to support).",NA,NA,NA,NA,NA,NA,NA,NA,NA,NA,NA,NA,TRUE
"10_1111_2041_210x_13120","10_1111_2041_210x_13120","Yes","Other repo/database","No","Yes","Yes",".csv/.tsv;.jpg","Yes","Yes","Yes","Yes","R","Yes",TRUE,"GitHub, GitLab, Codeberg or similar platform;Zenodo","10.5281/zenodo.1445736",TRUE,TRUE,".csv",TRUE,NA,TRUE,TRUE,"R",TRUE,TRUE,TRUE,"data_archive[cooper=Other repo/database,mc=GitHub, GitLab, Codeberg or similar platform;Zenodo]",NA,NA,"COOPER_RIGHT","UNSUPPORTED REPO | The paper's real classified-image dataset (NACTI, >3.7 million images) is hosted at LILA:BC (lila.science), a platform metacheck does not detect. GitHub/Zenodo hold only the MLWIC model/code. Code-vs-data conflation pattern.",NA,NA,NA,NA,NA,NA,NA,NA,NA,NA,TRUE
"10_1111_1365_2745_13550","10_1111_1365_2745_13550","Yes","Dryad","Yes","Yes","Yes",".xls(x)","Yes","Yes","No",NA,NA,NA,TRUE,"Dryad","doi:10.5061/dryad.r2280gbbn",TRUE,TRUE,".xlsx",FALSE,NA,FALSE,NA,NA,FALSE,TRUE,FALSE,"any_readme[cooper=Yes,mc=No]",NA,NA,NA,NA,NA,NA,NA,NA,NA,NA,NA,NA,"DIFFERENT_DEFINITION","Cooper's Yes for this paper's README likely reflects Dryad's dataset abstract (the ONLY free-text field Dryad's API exposes) -- confirmed on 9 real Dryad datasets from this same miss set that this field is consistently the paper's own scientific abstract (numbered background/methods/results prose), never file-level documentation. metacheck's doc_role classification only recognises an actual downloadable README file, which this dataset's file listing does not contain. Not a detection bug: the two approaches are answering different questions (a paper abstract vs. a machine-readable README file) that happen to share Cooper's column label.",TRUE
"10_1111_1365_2656_13546","10_1111_1365_2656_13546","Yes","Other repo/database","Yes","Yes","No",".vcf","No","Yes","No",NA,NA,NA,FALSE,NA,NA,NA,NA,NA,FALSE,NA,FALSE,NA,NA,FALSE,FALSE,FALSE,"data_availability[cooper=Yes,mc=No]","COOPER_RIGHT","Paper states ""Data from this project are available at the 'Repositorio de datos de investigación' from the Universidad de Chile https://doi.org/10.34691/FK2/IDDJWH""; explicit data-availability claim with DOI, contradicting mc's FALSE.",NA,NA,NA,NA,NA,NA,NA,NA,NA,NA,NA,NA,TRUE
"10_1002_2688_8319_12288","10_1002_2688_8319_12288","Yes","Other repo/database","Yes","Yes","Yes",".csv/.tsv","No","Yes","No",NA,NA,NA,FALSE,NA,NA,NA,NA,NA,FALSE,NA,FALSE,NA,NA,FALSE,FALSE,FALSE,"data_availability[cooper=Yes,mc=No]","COOPER_RIGHT","UNSUPPORTED REPO | Paper text: ""The bear survey data... are available at the IRMA DataStore: https://doi.org/10.57830/2301104 (Schmidt et al., 2023)."" IRMA DataStore (US National Park Service) is not a platform repo_check recognizes; repo_check has zero rows for this paper.",NA,NA,NA,NA,NA,NA,NA,NA,NA,NA,NA,NA,TRUE
"10_1111_1365_2656_12784","10_1111_1365_2656_12784","Yes","Zenodo","Yes","No","Yes",".tre","Yes","Yes","Yes","Yes","R","No",TRUE,"Zenodo","10.5281/zenodo.1036852",TRUE,TRUE,".csv",TRUE,NA,TRUE,TRUE,"R",TRUE,TRUE,TRUE,"data_license[cooper=No,mc=Yes]",NA,NA,NA,NA,"METACHECK_RIGHT","Zenodo record 1036852's metadata reports license=other-open.",NA,NA,NA,NA,NA,NA,NA,NA,TRUE
"10_1111_1365_2664_13096","10_1111_1365_2664_13096","Yes","Other repo/database","Yes","Yes","No",".csv/.tsv","Yes","Yes","Yes","Yes","NetLogo","Quasi-README",TRUE,NA,NA,NA,NA,NA,FALSE,NA,FALSE,NA,NA,FALSE,TRUE,FALSE,"code_archived[cooper=Yes,mc=No];any_readme[cooper=Yes,mc=No]",NA,NA,NA,NA,NA,NA,NA,NA,"COOPER_RIGHT","""NetLogo model implementation: Zenodo https://doi.org/10.5281/zenodo.1123250"" explicitly gives the model/code archive; metacheck saying No is a miss",NA,NA,"DIFFERENT_DEFINITION","Cooper's Yes for this paper's README may reflect this Zenodo record's `description` field -- checked live 2026-09-02 against a sample of 6 real Zenodo records from this miss set and found genuine variation (sometimes a study summary, sometimes contact metadata, sometimes file-by-file documentation, sometimes empty), i.e. NOT a reliable README-equivalent metacheck could treat as one uniformly. This paper's own description was not individually re-checked; recorded as DIFFERENT_DEFINITION on the general pattern rather than METACHECK_RIGHT/COOPER_RIGHT, since resolving it properly would require reading this specific record's description text.",TRUE
"10_1111_1365_2745_14000","10_1111_1365_2745_14000","Yes","GitHub, GitLab, Codeberg or similar platform;Zenodo","Yes","No","Yes",".csv/.tsv","Yes","Yes","Yes","Yes","R","Yes",TRUE,"GitHub, GitLab, Codeberg or similar platform;Zenodo","10.5281/zenodo.7093196",TRUE,TRUE,".csv",TRUE,NA,TRUE,TRUE,"R",TRUE,TRUE,TRUE,"data_license[cooper=No,mc=Yes]",NA,NA,NA,NA,"METACHECK_RIGHT","Zenodo record 7093196's metadata reports license=other-open (confirmed via the archived Zenodo copy's own repo_metadata, matching the GitHub+Zenodo dual listing this paper's text describes).",NA,NA,NA,NA,NA,NA,NA,NA,TRUE
"10_1111_2041_210x_13850","10_1111_2041_210x_13850",NA,NA,NA,NA,NA,NA,NA,"Yes","Yes","Yes","Julia",NA,FALSE,NA,NA,NA,NA,NA,FALSE,NA,FALSE,NA,NA,FALSE,NA,FALSE,"code_archived[cooper=Yes,mc=No]",NA,NA,NA,NA,NA,NA,NA,NA,"COOPER_RIGHT","Paper text: 'The ConScape library is open-source and hosted at https://github.com/ConScape/.' This links to the top-level GitHub organisation page, not a specific owner/repo path; repo_check's per-repository URL pattern does not resolve it into any citable repository, so repo_check found/listed nothing at all for this paper despite the code genuinely being hosted there.",NA,NA,NA,NA,TRUE
"10_1111_2041_210x_13681","10_1111_2041_210x_13681","Yes","Other repo/database","Yes","Unsure","Yes",".xls(x)","Yes","Yes","Yes","Yes","R","No",FALSE,NA,NA,NA,NA,NA,FALSE,NA,FALSE,NA,NA,FALSE,TRUE,FALSE,"data_availability[cooper=Yes,mc=No];code_archived[cooper=Yes,mc=No];any_readme[cooper=Yes,mc=No]","COOPER_RIGHT","SPLIT-DOI EXTRACTION ARTIFACT | Paper text: ""The location data of the polar bear case study are available on UAL Dataverse"" (https://doi.org/10.7939/DVN/QYMAYV) and ""Code to reproduce the simulations and the case study is available on Zenodo"" (https://doi.org/10.5281/zenodo.5070812). repo_check found zero files for this paper -- it never located/checked either repository.",NA,NA,NA,NA,NA,NA,"COOPER_RIGHT","Same Zenodo repository (10.5281/zenodo.5070812) explicitly titled 'Replication Code for: Characterising menotactic behaviours...'; repo_check never located it at all.",NA,NA,"COOPER_RIGHT","Same root cause: repo_check never located either the UAL Dataverse or Zenodo repository the paper cites, so no README evidence could ever be recorded.",TRUE
"10_1111_1365_2664_14274","10_1111_1365_2664_14274","Yes","Dryad","Yes","Yes","Yes",".csv/.tsv","Yes","Yes","No","Yes","R","No",TRUE,"Dryad;Other repo/database","10.17632/rtd52gnbyy.2;doi:10.5061/dryad.tqjq2bvzb",TRUE,TRUE,".csv",TRUE,NA,TRUE,TRUE,"R",TRUE,TRUE,TRUE,"code_archived[cooper=No,mc=Yes]",NA,NA,NA,NA,NA,NA,NA,NA,"METACHECK_RIGHT","code_check genuinely found code_9.24.20.nb.R (real R code) on Mendeley Data; the paper's own text confirms 'Relevant R code...can be found at MendeleyData.'",NA,NA,NA,NA,TRUE
"10_1111_1365_2664_12880","10_1111_1365_2664_12880","Yes","Dryad;Supplementary materials","Yes","No","Yes",".csv/.tsv;.txt","Yes","Yes","No",NA,NA,NA,TRUE,"Dryad","doi:10.5061/dryad.t4t73",TRUE,TRUE,".csv",TRUE,NA,FALSE,NA,NA,TRUE,TRUE,TRUE,"data_license[cooper=No,mc=Yes]",NA,NA,NA,NA,"METACHECK_RIGHT","Dryad dataset doi:10.5061/dryad.t4t73 carries a CC0-1.0 license, retrieved from Dryad's dataset API (https://spdx.org/licenses/CC0-1.0.html).",NA,NA,NA,NA,NA,NA,NA,NA,TRUE
"10_1111_2041_210x_14251","10_1111_2041_210x_14251","Yes","GitHub, GitLab, Codeberg or similar platform","No","No","Yes",".txt;.aln;.fasta;.nwk","No","Yes","Yes","Yes","R","Yes",TRUE,"GitHub, GitLab, Codeberg or similar platform",NA,TRUE,TRUE,".clstr;.csv;.ds_store;.fa;.txt;.xlsx",TRUE,NA,TRUE,TRUE,"Python;R",TRUE,TRUE,TRUE,"data_license[cooper=No,mc=Yes]",NA,NA,NA,NA,"METACHECK_RIGHT","GitHub repository hmatsu1226/NeTaGFT carries an MIT license, confirmed live via GitHub's own repository API.",NA,NA,NA,NA,NA,NA,NA,NA,TRUE
"10_1111_1365_2664_13724","10_1111_1365_2664_13724",NA,NA,NA,NA,NA,NA,NA,"Yes","No",NA,NA,NA,TRUE,"Dryad","doi:10.5061/dryad.8cz8w9gmz",TRUE,TRUE,".csv",FALSE,NA,TRUE,TRUE,"R",FALSE,NA,FALSE,"code_archived[cooper=No,mc=Yes]",NA,NA,NA,NA,NA,NA,NA,NA,"COOPER_RIGHT","Data Availability Statement only says ""Data are available from the Dryad Digital Repository https://doi.org/10.5061/dryad.8cz8w9gmz""; no code, script, or software repository is mentioned anywhere in the statement, methods, or author contributions; metacheck saying Yes appears to be a false positive",NA,NA,NA,NA,TRUE
"10_1111_1365_2435_13103","10_1111_1365_2435_13103","Yes","Figshare","Yes","Yes","Yes",".xls(x)","No","No",NA,NA,NA,NA,FALSE,NA,NA,NA,NA,NA,FALSE,NA,FALSE,NA,NA,FALSE,FALSE,FALSE,"data_availability[cooper=Yes,mc=No]","COOPER_RIGHT","Paper text: 'The datasets supporting this article are deposited in the Figshare repository: https://doi.org/10.4225/03/5aa1d20d4e544figshare.com/s/d1b7fd290c32cfac593b' -- a PDF-extraction artifact has glued the DOI directly onto a second Figshare share-link with no separator. res_repo_check$summary_table shows repo_n=2 (two URL-like tokens were recognized) but files_n=0 -- both resolve to nothing because of the malformed, concatenated URL.",NA,NA,NA,NA,NA,NA,NA,NA,NA,NA,NA,NA,TRUE
"10_1111_1365_2745_13950","10_1111_1365_2745_13950","Yes","Dryad","Yes","Yes","Yes",".csv/.tsv;.tar","No","Yes","Yes",NA,"R;HTML","Yes",TRUE,NA,NA,NA,NA,NA,FALSE,NA,FALSE,NA,NA,FALSE,TRUE,FALSE,"code_archived[cooper=Yes,mc=No];any_readme[cooper=Yes,mc=No]",NA,NA,NA,NA,NA,NA,NA,NA,"METACHECK_RIGHT","the Data Availability Statement and reference list entry (""Data from: Soil mesofauna may buffer the negative effects of drought on alien plant invasion. Dryad Digital Repository"") only ever mention data, never code; no code, script, or software is mentioned anywhere in the text",NA,NA,"DIFFERENT_DEFINITION","Archive-only: repo_check's file listing for this paper is a single compressed archive (.zip/.rar/...) with no separate top-level file. repo_check's own peek_zips=TRUE default DOES try to read a zip's file listing remotely without downloading it, so a README bundled inside is not automatically invisible -- but that peek attempt evidently failed for this specific archive. Confirmed structural cause for Dryad-hosted zips: the peek's HTTP Range request is unauthenticated and Dryad's file-download endpoint returns 401 Unauthorized without an OAuth token, so the peek can never succeed there. For Zenodo/other platforms the failure cause is not yet fully pinned down (see the issue's discussion). Filed as https://github.com/scienceverse/metacheck/issues/378. DIFFERENT_DEFINITION rather than a verdict: resolving this needs a code fix (authenticated peek requests, at minimum for Dryad), not a judgement call on this specific paper.",TRUE
"10_1111_1365_2745_14391","10_1111_1365_2745_14391","Yes","Dryad","Yes","Yes","Yes",".csv/.tsv","No","Yes","Yes","No","R","Yes",TRUE,"Dryad","doi:10.5061/dryad.612jm64cf",TRUE,TRUE,".csv",TRUE,NA,FALSE,NA,NA,TRUE,TRUE,TRUE,"code_archived[cooper=Yes,mc=No]",NA,NA,NA,NA,NA,NA,NA,NA,"METACHECK_RIGHT","only data is mentioned in the Data Availability Statement; no code, script, or software is mentioned anywhere in the statement, methods, or author contributions",NA,NA,NA,NA,TRUE
"10_1111_1365_2664_13326","10_1111_1365_2664_13326","Yes","Dryad","Yes","Yes",NA,".xls(x)","Yes","Yes","No",NA,NA,NA,TRUE,"Dryad","doi:10.5061/dryad.5874v7h",TRUE,TRUE,".xlsx",FALSE,NA,FALSE,NA,NA,FALSE,TRUE,FALSE,"any_readme[cooper=Yes,mc=No]",NA,NA,NA,NA,NA,NA,NA,NA,NA,NA,NA,NA,"DIFFERENT_DEFINITION","Cooper's Yes for this paper's README likely reflects Dryad's dataset abstract (the ONLY free-text field Dryad's API exposes) -- confirmed on 9 real Dryad datasets from this same miss set that this field is consistently the paper's own scientific abstract (numbered background/methods/results prose), never file-level documentation. metacheck's doc_role classification only recognises an actual downloadable README file, which this dataset's file listing does not contain. Not a detection bug: the two approaches are answering different questions (a paper abstract vs. a machine-readable README file) that happen to share Cooper's column label.",TRUE
"10_1111_2041_210x_12976","10_1111_2041_210x_12976","Yes","Other repo/database","Yes","Yes","Yes",".txt;.xls(x)","No","Yes","Yes","Yes","R","No",FALSE,NA,NA,NA,NA,NA,FALSE,NA,FALSE,NA,NA,FALSE,FALSE,FALSE,"data_availability[cooper=Yes,mc=No];code_archived[cooper=Yes,mc=No]","COOPER_RIGHT","UNSUPPORTED REPO | Paper states ""All data and R script files are archived and freely available at: https://doi.org/10.7931/v1g081""; repo_check's summary_table shows repo_n=0 -- this repository (a non-standard institutional/university handle) was never detected.",NA,NA,NA,NA,NA,NA,"COOPER_RIGHT","Same repository (10.7931/v1g081) is explicitly described as holding ""All data and R script files"" (i.e. code); repo_check never detected it at all (repo_n=0), so code_check never had files to classify.",NA,NA,NA,NA,TRUE
"10_1111_1365_2435_12910","10_1111_1365_2435_12910","Yes","Dryad;Other repo/database","Yes","Yes","Yes",".xls(x)","Yes","Yes","No",NA,NA,NA,TRUE,"Dryad","doi:10.5061/dryad.9d2n3",TRUE,TRUE,".xlsx",FALSE,NA,FALSE,NA,NA,FALSE,TRUE,FALSE,"any_readme[cooper=Yes,mc=No]",NA,NA,NA,NA,NA,NA,NA,NA,NA,NA,NA,NA,"DIFFERENT_DEFINITION","Cooper's Yes for this paper's README likely reflects Dryad's dataset abstract (the ONLY free-text field Dryad's API exposes) -- confirmed on 9 real Dryad datasets from this same miss set that this field is consistently the paper's own scientific abstract (numbered background/methods/results prose), never file-level documentation. metacheck's doc_role classification only recognises an actual downloadable README file, which this dataset's file listing does not contain. Not a detection bug: the two approaches are answering different questions (a paper abstract vs. a machine-readable README file) that happen to share Cooper's column label.",TRUE
"10_1111_1365_2664_13630","10_1111_1365_2664_13630","Yes","Zenodo","Yes","Unsure","Yes",".csv/.tsv;.txt;.tif","Yes","Yes","Yes","Yes","R","Yes",TRUE,"Zenodo","10.5281/zenodo.3726321",TRUE,TRUE,".asc;.csv",TRUE,NA,FALSE,NA,NA,TRUE,TRUE,TRUE,"code_archived[cooper=Yes,mc=No]",NA,NA,NA,NA,NA,NA,NA,NA,"COOPER_RIGHT","""All model inputs, parameters and R code used are available through GitHub and Zenodo https://doi.org/10.5281/zenodo.3726321"", an explicit code availability statement; metacheck saying No is a miss",NA,NA,NA,NA,TRUE
"10_1111_1365_2745_13306","10_1111_1365_2745_13306","Yes","Other repo/database","Yes","Yes","Yes",".csv/.tsv","Yes","Yes","No",NA,NA,NA,FALSE,NA,NA,NA,NA,NA,FALSE,NA,FALSE,NA,NA,FALSE,TRUE,FALSE,"data_availability[cooper=Yes,mc=No];any_readme[cooper=Yes,mc=No]","COOPER_RIGHT","UNSUPPORTED REPO (Environmental Data Initiative) | Paper's own availability statement: ""Data are archived in the Environmental Data Initiative repository: https://doi.org/10.6073/pasta/c2ba534cb03a7d1ef203a3af63bfe6bc (Johnson, Gulick, Constant, et al., 2019)."" Cites a real Other repo/database (EDI) repository (https://doi.org/10.6073/pasta/c2ba534cb03a7d1ef203a3af63bfe6bc). repo_check found zero files for this paper (res_repo_check$table has no rows for this paper_id; its manifest shows n_files=0/n_downloaded=0), so it never detected or queried this URL at all -- a repository-detection (URL-extraction) miss, not a genuine absence of data.",NA,NA,NA,NA,NA,NA,NA,NA,NA,NA,"COOPER_RIGHT","repo_check found zero files for this paper (res_repo_check$table has no rows for this paper_id), so it had no basis to detect a README even if one exists in the actual (un-located) repository.",TRUE
"10_1111_1365_2656_13053","10_1111_1365_2656_13053","Yes","Zenodo","Yes","Yes","Yes",".csv/.tsv","Yes","Yes","Yes","Yes","R","Yes",TRUE,NA,NA,NA,NA,NA,FALSE,NA,FALSE,NA,NA,FALSE,TRUE,FALSE,"code_archived[cooper=Yes,mc=No];any_readme[cooper=Yes,mc=No]",NA,NA,NA,NA,NA,NA,NA,NA,"COOPER_RIGHT","SPLIT-DOI EXTRACTION ARTIFACT | repo_check found zero files for this paper at all, so code_check (which only classifies files repo_check has already listed) had nothing to work with -- the same root-cause repository-detection miss as the data_availability disagreement for this paper. The extracted paper text does not itself specify whether code is bundled with the data at the un-located repository, but Cooper's coding is based on directly inspecting the repository, which metacheck's pipeline never queried at all -- there is no basis to prefer metacheck's automatic No over Cooper's direct inspection here.",NA,NA,"COOPER_RIGHT","repo_check found zero files for this paper (res_repo_check$table has no rows for this paper_id), so it had no basis to detect a README even if one exists in the actual (un-located) repository.",TRUE
"10_1111_1365_2435_14354","10_1111_1365_2435_14354","Yes","Other repo/database","No","Unsure","Yes",".fastq","No","Yes","No",NA,NA,NA,FALSE,NA,NA,NA,NA,NA,FALSE,NA,FALSE,NA,NA,FALSE,FALSE,FALSE,"data_availability[cooper=Yes,mc=No]","COOPER_RIGHT","DOMAIN-SPECIFIC BIOINFORMATICS DATABASE (NCBI/GenBank-family) | Paper text: ""Illumina sequencing data have been deposited with links to BioProject accession number PRJNA952620 in the NCBI BioProject database"". NCBI BioProject is not among metacheck's supported repo_check providers, so repo_check never attempted this accession at all, leaving repo_check$table empty and producing mc_data_availability=FALSE.",NA,NA,NA,NA,NA,NA,NA,NA,NA,NA,NA,NA,TRUE
"10_1111_1365_2745_12898","10_1111_1365_2745_12898","Yes","Dryad","Yes","Yes","Yes",".xls(x)","Yes","Yes","No",NA,NA,NA,TRUE,"Dryad","doi:10.5061/dryad.84397",TRUE,TRUE,".xls",FALSE,NA,FALSE,NA,NA,FALSE,TRUE,FALSE,"any_readme[cooper=Yes,mc=No]",NA,NA,NA,NA,NA,NA,NA,NA,NA,NA,NA,NA,"DIFFERENT_DEFINITION","Cooper's Yes for this paper's README likely reflects Dryad's dataset abstract (the ONLY free-text field Dryad's API exposes) -- confirmed on 9 real Dryad datasets from this same miss set that this field is consistently the paper's own scientific abstract (numbered background/methods/results prose), never file-level documentation. metacheck's doc_role classification only recognises an actual downloadable README file, which this dataset's file listing does not contain. Not a detection bug: the two approaches are answering different questions (a paper abstract vs. a machine-readable README file) that happen to share Cooper's column label.",TRUE
"10_1111_1365_2664_14202","10_1111_1365_2664_14202","Yes","Figshare","Unsure","Yes","Yes",".xls(x)","Yes","Yes","Yes","Yes","R","No",TRUE,"Figshare","10.6084/m9.figshare.19391063.v4",TRUE,TRUE,".xlsx",FALSE,NA,TRUE,TRUE,"R",FALSE,TRUE,FALSE,"any_readme[cooper=Yes,mc=No]",NA,NA,NA,NA,NA,NA,NA,NA,NA,NA,NA,NA,"DIFFERENT_DEFINITION","Cooper's Yes for this paper's README may reflect this Figshare article's `description` field -- checked live 2026-09-02 against a sample of 10 real Figshare articles from this miss set and found genuine variation (roughly 2 of 10 had real file-by-file documentation, the rest were abstract/methods-style summaries indistinguishable from Dryad's pattern), i.e. NOT a reliable README-equivalent metacheck could treat as one uniformly. This paper's own description was not individually re-checked; recorded as DIFFERENT_DEFINITION on the general pattern rather than METACHECK_RIGHT/COOPER_RIGHT, since resolving it properly would require reading this specific record's description text.",TRUE
"10_1111_2041_210x_13694","10_1111_2041_210x_13694",NA,NA,NA,NA,NA,NA,NA,"Yes","Yes",NA,"R",NA,FALSE,NA,NA,NA,NA,NA,FALSE,NA,FALSE,NA,NA,FALSE,NA,FALSE,"code_archived[cooper=Yes,mc=No]",NA,NA,NA,NA,NA,NA,NA,NA,"COOPER_RIGHT","CODE PACKAGE CITATION (CRAN, not a data repository) | Paper text: ""Our methods are publicly available in an R package smam (Hu et al., 2020b)... The mountain lion data is publicly available in the R package smam (https://cran.r-project.org/package=smam)."" The paper's own code is a real, published CRAN package, but CRAN is not a platform repo_check crawls (only GitHub/GitLab, Zenodo, Dryad, Figshare, OSF); repo_check has zero rows for this paper.",NA,NA,NA,NA,TRUE
"10_1111_1365_2435_14492","10_1111_1365_2435_14492","Yes","Other repo/database","Yes","Yes","Yes",".xls(x)","Yes","Yes","No",NA,NA,NA,TRUE,"Other repo/database","https://doi.org/10.57745/C5BMMI",TRUE,NA,".tab",FALSE,NA,FALSE,NA,NA,FALSE,TRUE,FALSE,"any_readme[cooper=Yes,mc=No]",NA,NA,NA,NA,NA,NA,NA,NA,NA,NA,NA,NA,"COOPER_RIGHT","UNSUPPORTED REPO | Same repo-detection miss as data_availability: Data INRAE was never fetched by repo_check, so mc_any_readme's FALSE reflects zero files examined, not evidence of no README.",TRUE
"10_1111_1365_2656_13589","10_1111_1365_2656_13589","Yes","Dryad","Yes","Yes","Yes",".csv/.tsv;.txt","Yes","Yes","Yes","No","R","No",TRUE,"Dryad","doi:10.5061/dryad.z8w9ghxcw",TRUE,TRUE,".csv",TRUE,NA,FALSE,NA,NA,TRUE,TRUE,TRUE,"code_archived[cooper=Yes,mc=No]",NA,NA,NA,NA,NA,NA,NA,NA,"METACHECK_RIGHT","Data Availability Statement (""Data available in supporting information and from the Dryad Digital Repository..."") and the reference list title (""Data from: Morphological and behavioural differences facilitate tropical butterfly persistence..."") only ever mention data; no code, script, or software is mentioned anywhere in the text",NA,NA,NA,NA,TRUE
"10_1111_1365_2656_13566","10_1111_1365_2656_13566","Yes","Dryad;GitHub, GitLab, Codeberg or similar platform","Yes","No","Yes",".csv/.tsv","Yes","Yes","Yes","Yes","R","Yes",TRUE,"Dryad;GitHub, GitLab, Codeberg or similar platform","doi:10.5061/dryad.n02v6wwxh",TRUE,TRUE,".csv;.xlsx",TRUE,NA,TRUE,TRUE,"R",TRUE,TRUE,TRUE,"data_license[cooper=No,mc=Yes]",NA,NA,NA,NA,"METACHECK_RIGHT","Two repositories: Dryad dataset doi:10.5061/dryad.n02v6wwxh carries a CC0-1.0 license, retrieved from Dryad's dataset API (https://spdx.org/licenses/CC0-1.0.html); a second repo, GitHub TamikaLunn/spatial-model-HeV, has no recorded license (any(!is.na(license)) across the paper's repos is still TRUE because of the Dryad license, so the overall Yes is correctly earned by the Dryad deposit alone).",NA,NA,NA,NA,NA,NA,NA,NA,TRUE
"10_1111_1365_2745_13653","10_1111_1365_2745_13653","Yes","Figshare","No","Yes","Yes",".csv/.tsv;.txt","No","Yes","Yes","Yes","R","Quasi-README",FALSE,NA,NA,NA,NA,NA,FALSE,NA,FALSE,NA,NA,FALSE,TRUE,FALSE,"data_availability[cooper=Yes,mc=No];code_archived[cooper=Yes,mc=No];any_readme[cooper=Yes,mc=No]","COOPER_RIGHT","SPLIT-DOI EXTRACTION ARTIFACT | Paper text: ""The data and the R scripts used to run the analyses and generate figures are available at https://figshare.com/s/995026552f37a7390045."" This is a Figshare private/anonymous ""share link"" (figshare.com/s/...) holding both data and code together, a different URL format from the standard figshare.com/articles/... pattern repo_check's Figshare matcher expects; repo_check has zero rows for this paper.",NA,NA,NA,NA,NA,NA,"COOPER_RIGHT","Same Figshare share-link repository explicitly claimed to hold the paper's R scripts as well as its data; repo_check has zero rows for this paper, so the code was never found either.",NA,NA,"COOPER_RIGHT","Same repo-detection miss: the Figshare share-link repository was never fetched by repo_check, so mc_any_readme's FALSE reflects zero files examined, not evidence of no README.",TRUE
"10_1111_1365_2745_13263","10_1111_1365_2745_13263","Yes","Figshare","Yes","Yes","Yes",".csv/.tsv","Quasi-README","Yes","No",NA,NA,NA,TRUE,"Figshare","10.6084/m9.figshare.7144112.v2",TRUE,TRUE,".csv",FALSE,NA,FALSE,NA,NA,FALSE,TRUE,FALSE,"any_readme[cooper=Yes,mc=No]",NA,NA,NA,NA,NA,NA,NA,NA,NA,NA,NA,NA,"DIFFERENT_DEFINITION","Cooper's Yes for this paper's README may reflect this Figshare article's `description` field -- checked live 2026-09-02 against a sample of 10 real Figshare articles from this miss set and found genuine variation (roughly 2 of 10 had real file-by-file documentation, the rest were abstract/methods-style summaries indistinguishable from Dryad's pattern), i.e. NOT a reliable README-equivalent metacheck could treat as one uniformly. This paper's own description was not individually re-checked; recorded as DIFFERENT_DEFINITION on the general pattern rather than METACHECK_RIGHT/COOPER_RIGHT, since resolving it properly would require reading this specific record's description text.",TRUE
"10_1002_pan3_10187","10_1002_pan3_10187","Yes","Other repo/database","Yes","Yes","Yes",".xls(x)","No","Yes","No",NA,NA,NA,FALSE,NA,NA,NA,NA,NA,FALSE,NA,FALSE,NA,NA,FALSE,FALSE,FALSE,"data_availability[cooper=Yes,mc=No]","COOPER_RIGHT","UNSUPPORTED REPO | Paper's own availability statement: ""Data are archived on RADAR, the Oxford Brookes University open access data repository, via this link: https://doi.org/10.24384/t3zb-qz22 (Van Hamme et al., 2021)."" Cites a real Other repo/database (RADAR) repository (https://doi.org/10.24384/t3zb-qz22). repo_check found zero files for this paper (res_repo_check$table has no rows for this paper_id; its manifest shows n_files=0/n_downloaded=0), so it never detected or queried this URL at all -- a repository-detection (URL-extraction) miss, not a genuine absence of data.",NA,NA,NA,NA,NA,NA,NA,NA,NA,NA,NA,NA,TRUE
"10_1111_1365_2435_13617","10_1111_1365_2435_13617","No",NA,NA,NA,NA,NA,NA,"Unsure",NA,NA,NA,NA,TRUE,"Dryad","doi:10.5061/dryad.wwpzgmsgp",TRUE,TRUE,".xlsx",FALSE,NA,FALSE,NA,NA,FALSE,NA,FALSE,"data_availability[cooper=No,mc=Yes]","METACHECK_RIGHT","""Data were archived in the Dryad Digital Repository: https://doi.org/10.5061/dryad.wwpzgmsgp"", a clear, explicit, valid Dryad data availability statement; Cooper coding this as No appears to be a human coding error",NA,NA,NA,NA,NA,NA,NA,NA,NA,NA,NA,NA,TRUE
"10_1111_1365_2745_12883","10_1111_1365_2745_12883","Yes","Other repo/database","Yes","Yes","Yes",".csv/.tsv","Yes","Yes","No",NA,NA,NA,FALSE,NA,NA,NA,NA,NA,FALSE,NA,FALSE,NA,NA,FALSE,TRUE,FALSE,"data_availability[cooper=Yes,mc=No];any_readme[cooper=Yes,mc=No]","COOPER_RIGHT","UNSUPPORTED REPO | Paper text: ""All data have been archived and made publically available via the University of Illinois, Illinois Data Bank: https://doi.org/10.13012/b2idb-0478588_v2 (Price, Spyreas, & Matthews, 2017)."" repo_check found zero files for this paper -- it never located/checked this repository.",NA,NA,NA,NA,NA,NA,NA,NA,NA,NA,"COOPER_RIGHT","Same root cause: repo_check never located the Illinois Data Bank repository the paper cites, so no README evidence could ever be recorded.",TRUE
"10_1111_2041_210x_13438","10_1111_2041_210x_13438",NA,NA,NA,NA,NA,NA,NA,"Yes","Yes","Yes","Python;Shell","Yes",TRUE,NA,NA,NA,NA,NA,FALSE,NA,FALSE,NA,NA,FALSE,TRUE,FALSE,"code_archived[cooper=Yes,mc=No];any_readme[cooper=Yes,mc=No]",NA,NA,NA,NA,NA,NA,NA,NA,"COOPER_RIGHT","repo_check's own repo_metadata for this paper contains several truncated, malformed repo_url fragments (e.g. ""github.com/sarab"", ""github.com/Imper"", ""github.com/aaron"", ""Sig/rainf"", ""n/acous"") -- consistent with a PDF-text-extraction artifact that mangled the paper's actual GitHub URLs into fragments repo_check could not resolve (repo_check$table itself has zero rows, meaning none could actually be fetched). This is a genuine detection failure, not evidence the code doesn't exist.",NA,NA,"COOPER_RIGHT","Same detection failure as code_archived: repo_check's repo_metadata shows only truncated/malformed GitHub URL fragments for this paper, none of which could be fetched (repo_check$table has zero rows), so mc_any_readme's FALSE is not evidence of no README.",TRUE
"10_1111_1365_2435_14696","10_1111_1365_2435_14696","Yes","Zenodo","Yes","Yes","Yes",".csv/.tsv","Yes","Yes","No",NA,NA,NA,FALSE,NA,NA,NA,NA,NA,FALSE,NA,FALSE,NA,NA,FALSE,TRUE,FALSE,"data_availability[cooper=Yes,mc=No];any_readme[cooper=Yes,mc=No]","COOPER_RIGHT","SPLIT-DOI EXTRACTION ARTIFACT | Paper text cites the data at Zenodo, but the DOI string is corrupted by PDF extraction: ""https://doi. org/ 10.5281/ ZENODO.13986711"" has embedded spaces inserted mid-DOI, breaking it as a parseable URL. repo_check has zero rows for this paper -- the malformed DOI was never resolved into a real repository, not evidence the data doesn't exist.",NA,NA,NA,NA,NA,NA,NA,NA,NA,NA,"COOPER_RIGHT","Same extraction-corruption issue as data_availability: the space-broken Zenodo DOI was never resolved by repo_check, so mc_any_readme's FALSE reflects zero files examined, not evidence of no README.",TRUE
"10_1111_2041_210x_12987","10_1111_2041_210x_12987","Yes","GitHub, GitLab, Codeberg or similar platform;Zenodo","Yes","Yes","Yes",".csv/.tsv;.txt","Yes","Yes","Yes","Yes","R","Yes",TRUE,NA,NA,NA,NA,NA,FALSE,NA,FALSE,NA,NA,FALSE,TRUE,FALSE,"code_archived[cooper=Yes,mc=No];any_readme[cooper=Yes,mc=No]",NA,NA,NA,NA,NA,NA,NA,NA,"COOPER_RIGHT","Same Zenodo repository is explicitly described as holding ""All analysis code and data"" (code, from Close's GitHub release rclose/SSDCs archived to Zenodo); the repo_url failed via the ""arguments imply differing number of rows: 1, 0"" bug recorded in gated_repos, so code_check never received files to classify.",NA,NA,"COOPER_RIGHT","Same Zenodo repo_url (10.5281/zenodo.1167536) failed via the processing bug recorded in gated_repos, so metacheck never had a file listing to check for a readme.",TRUE
"10_1002_2688_8319_12094","10_1002_2688_8319_12094","Yes","Zenodo","Yes","Yes","Yes",".csv/.tsv;.doc(x);.xls(x);.pkl;.png;.jpg;.NEF","Yes","Yes","Yes","Yes","Python","Yes",TRUE,NA,NA,NA,NA,NA,FALSE,NA,FALSE,NA,NA,FALSE,TRUE,FALSE,"code_archived[cooper=Yes,mc=No];any_readme[cooper=Yes,mc=No]",NA,NA,NA,NA,NA,NA,NA,NA,"COOPER_RIGHT","Same Zenodo repository is explicitly described as including ""the archived GitHub repositories"" (code); the repo_url failed via the ""arguments imply differing number of rows: 1, 0"" bug recorded in gated_repos, so code_check never received files to classify.",NA,NA,"COOPER_RIGHT","Same Zenodo repo_url (10.5281/zenodo.5094576) failed via the processing bug recorded in gated_repos, so metacheck never had a file listing to check for a readme.",TRUE
"10_1002_pan3_10133","10_1002_pan3_10133","Yes","Dryad","Yes","Yes","Yes",".xls(x)","No","Yes","Yes","Yes","R","No",TRUE,"Dryad","doi:10.5061/dryad.brv15dv75",TRUE,TRUE,".csv;.xlsx",FALSE,NA,FALSE,NA,NA,FALSE,FALSE,FALSE,"code_archived[cooper=Yes,mc=No]",NA,NA,NA,NA,NA,NA,NA,NA,"COOPER_RIGHT","repo_check found and correctly typed fish_independant_code.txt as code (Dryad doi:10.5061/dryad.brv15dv75), but code_check did not classify it as code at all -- a genuine code_check detection gap, most likely because its classifier does not treat a .txt extension as a code file even when the content is real analysis code. COOPER_RIGHT.",NA,NA,NA,NA,TRUE
"10_1111_2041_210x_13579","10_1111_2041_210x_13579","Yes","Figshare","Yes",NA,"Yes",".xls(x)","Yes","Yes","Yes","Yes","Other","Yes",TRUE,"Figshare","10.6084/m9.figshare.13713448.v1",TRUE,NA,".zip",FALSE,NA,FALSE,NA,NA,FALSE,TRUE,FALSE,"code_archived[cooper=Yes,mc=No];any_readme[cooper=Yes,mc=No]",NA,NA,NA,NA,NA,NA,NA,NA,"COOPER_RIGHT","Paper's own text explicitly claims code availability at the cited repository: ""The Arduino source code used in this study is publicly available from the GitHub and Zenodo repositories http://doi.org/10.5281/zenodo.4520391"" -- but neither repo_check nor code_check found any file classified as code there. Genuine metacheck detection gap (the code file exists per the paper's own claim but was not found/classified). COOPER_RIGHT.",NA,NA,"COOPER_RIGHT","Same detection failure as data_availability: repo_check's repo_metadata shows only a truncated ""doi.org/10.5281"" fragment for this paper, with repo_check$table having zero rows, so mc_any_readme's FALSE is not evidence of no README.",TRUE
"10_1111_1365_2435_13151","10_1111_1365_2435_13151","Yes","Dryad","Yes","Yes","Yes",".csv/.tsv","Yes","Yes","No",NA,NA,NA,TRUE,"Dryad","doi:10.5061/dryad.tv8v1d6",TRUE,TRUE,".csv",FALSE,NA,FALSE,NA,NA,FALSE,TRUE,FALSE,"any_readme[cooper=Yes,mc=No]",NA,NA,NA,NA,NA,NA,NA,NA,NA,NA,NA,NA,"DIFFERENT_DEFINITION","Cooper's Yes for this paper's README likely reflects Dryad's dataset abstract (the ONLY free-text field Dryad's API exposes) -- confirmed on 9 real Dryad datasets from this same miss set that this field is consistently the paper's own scientific abstract (numbered background/methods/results prose), never file-level documentation. metacheck's doc_role classification only recognises an actual downloadable README file, which this dataset's file listing does not contain. Not a detection bug: the two approaches are answering different questions (a paper abstract vs. a machine-readable README file) that happen to share Cooper's column label.",TRUE
"10_1111_1365_2745_13328","10_1111_1365_2745_13328","Yes","Figshare","Yes","Yes","Yes",".csv/.tsv;.txt","Yes","Unsure",NA,NA,NA,NA,TRUE,"Figshare","10.6084/m9.figshare.7676219.v1",TRUE,TRUE,".csv",FALSE,NA,FALSE,NA,NA,FALSE,TRUE,FALSE,"any_readme[cooper=Yes,mc=No]",NA,NA,NA,NA,NA,NA,NA,NA,NA,NA,NA,NA,"DIFFERENT_DEFINITION","Cooper's Yes for this paper's README may reflect this Figshare article's `description` field -- checked live 2026-09-02 against a sample of 10 real Figshare articles from this miss set and found genuine variation (roughly 2 of 10 had real file-by-file documentation, the rest were abstract/methods-style summaries indistinguishable from Dryad's pattern), i.e. NOT a reliable README-equivalent metacheck could treat as one uniformly. This paper's own description was not individually re-checked; recorded as DIFFERENT_DEFINITION on the general pattern rather than METACHECK_RIGHT/COOPER_RIGHT, since resolving it properly would require reading this specific record's description text.",TRUE
"10_1111_1365_2435_14550","10_1111_1365_2435_14550","Yes","Other repo/database","Yes","Unsure","Yes",".csv/.tsv","No","Yes","No",NA,NA,NA,FALSE,NA,NA,NA,NA,NA,FALSE,NA,FALSE,NA,NA,FALSE,FALSE,FALSE,"data_availability[cooper=Yes,mc=No]","COOPER_RIGHT","Paper states ""The data are available from Knowledge Network for Biocomplexity https://doi.org/10.5063/F11V5CFN""; explicit data-availability claim with DOI, contradicting mc's FALSE.",NA,NA,NA,NA,NA,NA,NA,NA,NA,NA,NA,NA,TRUE
"10_1002_pan3_10677","10_1002_pan3_10677","Yes","Other repo/database","Yes","Yes","Yes",NA,"Yes","Yes","No",NA,NA,NA,FALSE,NA,NA,NA,NA,NA,FALSE,NA,FALSE,NA,NA,FALSE,TRUE,FALSE,"data_availability[cooper=Yes,mc=No];any_readme[cooper=Yes,mc=No]","DIFFERENT_DEFINITION","The paper's own text states: ""Data supporting this study will be available from DRYAD following a 12 month embargo."" Cooper's Yes reflects that a Data Availability Statement exists and commits to future sharing, while metacheck's mc_data_availability requires an actually resolvable repository right now -- which correctly comes up empty since the Dryad deposit is (or was, at the time of the corpus run) still embargoed and not yet a checkable, populated DOI.",NA,NA,NA,NA,NA,NA,NA,NA,NA,NA,"DIFFERENT_DEFINITION","Same root cause as this paper's data_availability disagreement: the Dryad deposit is stated to be under a 12-month embargo (""Data supporting this study will be available from DRYAD following a 12 month embargo""), so repo_check has nothing to inspect for a README yet. Cooper's Yes cannot be verified against a currently-inaccessible, embargoed repository.",TRUE
"10_1111_1365_2745_13777","10_1111_1365_2745_13777","Yes","Zenodo;Other repo/database","Yes","Yes","Yes",".txt;.xls(x)","Quasi-README","Yes","Yes","Yes","R","No",TRUE,"Zenodo","10.5281/zenodo.5256112",TRUE,TRUE,".xlsx",FALSE,NA,TRUE,TRUE,"R",FALSE,TRUE,FALSE,"any_readme[cooper=Yes,mc=No]",NA,NA,NA,NA,NA,NA,NA,NA,NA,NA,NA,NA,"DIFFERENT_DEFINITION","Cooper's Yes for this paper's README may reflect this Zenodo record's `description` field -- checked live 2026-09-02 against a sample of 6 real Zenodo records from this miss set and found genuine variation (sometimes a study summary, sometimes contact metadata, sometimes file-by-file documentation, sometimes empty), i.e. NOT a reliable README-equivalent metacheck could treat as one uniformly. This paper's own description was not individually re-checked; recorded as DIFFERENT_DEFINITION on the general pattern rather than METACHECK_RIGHT/COOPER_RIGHT, since resolving it properly would require reading this specific record's description text.",TRUE
"10_1111_1365_2664_12884","10_1111_1365_2664_12884","Yes","Dryad","Yes","Yes","Yes",".xls(x)","Yes","Yes","Yes","Yes","MATLAB","Yes",TRUE,NA,NA,NA,NA,NA,FALSE,NA,FALSE,NA,NA,FALSE,TRUE,FALSE,"code_archived[cooper=Yes,mc=No];any_readme[cooper=Yes,mc=No]",NA,NA,NA,NA,NA,NA,NA,NA,"COOPER_RIGHT","Paper's own text explicitly claims code availability at the cited repository: ""Occupancy data for RFBE and mosquitofish, as well as R and MATLAB scripts used in the analysis are included in online Data S7 and uploaded to Dryad Digital Repository https://doi.org/10.5061/dryad.3r1v5  (Nicol et al. 2017)."" -- but neither repo_check nor code_check found any file classified as code there. Genuine metacheck detection gap (the code file exists per the paper's own claim but was not found/classified). COOPER_RIGHT.",NA,NA,"DIFFERENT_DEFINITION","Cooper's Yes for this paper's README likely reflects Dryad's dataset abstract (the ONLY free-text field Dryad's API exposes) -- confirmed on 9 real Dryad datasets from this same miss set that this field is consistently the paper's own scientific abstract (numbered background/methods/results prose), never file-level documentation. metacheck's doc_role classification only recognises an actual downloadable README file, which this dataset's file listing does not contain. Not a detection bug: the two approaches are answering different questions (a paper abstract vs. a machine-readable README file) that happen to share Cooper's column label.",TRUE
"10_1111_1365_2664_13065","10_1111_1365_2664_13065","Yes","Other repo/database","Yes",NA,"Yes",".csv/.tsv","Yes","Yes","No",NA,NA,NA,FALSE,NA,NA,NA,NA,NA,FALSE,NA,FALSE,NA,NA,FALSE,TRUE,FALSE,"data_availability[cooper=Yes,mc=No];any_readme[cooper=Yes,mc=No]","COOPER_RIGHT","Full-text search finds: 'Data are available in the United States Department of Agriculture National Agricultural Library (Ag Data Commons) https://doi.org/10.15482/USDA.ADC/1402049.' Not a repo_check-recognized platform; repo_check found/listed nothing at all for this paper.",NA,NA,NA,NA,NA,NA,NA,NA,NA,NA,"COOPER_RIGHT","Same root cause: USDA Ag Data Commons is not a repo_check-recognized platform.",TRUE
"10_1111_1365_2435_13919","10_1111_1365_2435_13919","Yes","Dryad","Yes","No","Yes",".csv/.tsv","No","Yes","No",NA,NA,NA,TRUE,"Dryad","doi:10.5061/dryad.66t1g1k2v",TRUE,TRUE,".csv;.xlsx",FALSE,NA,FALSE,NA,NA,FALSE,FALSE,FALSE,"data_license[cooper=No,mc=Yes]",NA,NA,NA,NA,"METACHECK_RIGHT","Dryad dataset doi:10.5061/dryad.66t1g1k2v carries a CC0-1.0 license, retrieved from Dryad's dataset API (https://spdx.org/licenses/CC0-1.0.html).",NA,NA,NA,NA,NA,NA,NA,NA,TRUE
"10_1111_1365_2664_14789","10_1111_1365_2664_14789","Yes","Dryad","Yes","Yes","Yes",".txt","Yes","Unsure",NA,NA,NA,NA,TRUE,"Zenodo","10.5281/zenodo.13696854",TRUE,TRUE,".rds;.xlsx",TRUE,NA,TRUE,TRUE,"R",TRUE,TRUE,TRUE,"data_archive[cooper=Dryad,mc=Zenodo]",NA,NA,"METACHECK_RIGHT","Paper own Data Availability Statement: ""Data and code available via the Zenodo repository https://doi.org/10.5281/zenodo.13696854"" -- unambiguously Zenodo. Cooper coded Dryad; the same DOI also appears (erroneously, a PDF-extraction artifact) appended to every unrelated bibliography reference, but the paper text genuinely and explicitly names Zenodo as the data/code archive, confirmed live against repo_metadata (license cc-by-4.0, 26 files).",NA,NA,NA,NA,NA,NA,NA,NA,NA,NA,TRUE
"10_1002_2688_8319_12159","10_1002_2688_8319_12159","Yes","Other repo/database","Yes","Yes","Yes",".xls(x)","Yes","Yes","No",NA,NA,NA,FALSE,NA,NA,NA,NA,NA,FALSE,NA,FALSE,NA,NA,FALSE,TRUE,FALSE,"data_availability[cooper=Yes,mc=No];any_readme[cooper=Yes,mc=No]","COOPER_RIGHT","UNSUPPORTED REPO | Paper text: ""Data deposited in Enlighten: Research Data http://doi.org/10.5525/gla.researchdata.1303 (Kavwele et al., 2022)"" (University of Glasgow's institutional repository). This provider is not among metacheck's supported repo_check providers, so repo_check never attempted this URL at all, leaving repo_check$table empty and producing mc_data_availability=FALSE.",NA,NA,NA,NA,NA,NA,NA,NA,NA,NA,"COOPER_RIGHT","Same unsupported-provider gap: Enlighten: Research Data is not a repo_check-supported provider, so no file listing or doc_role signal was ever generated for this paper.",TRUE
"10_1111_1365_2435_13928","10_1111_1365_2435_13928","Yes","Other repo/database","Yes","Yes","Yes",".csv/.tsv;.nex","Yes","Yes","Yes","Yes","R","No",TRUE,NA,NA,NA,NA,NA,FALSE,NA,FALSE,NA,NA,FALSE,TRUE,FALSE,"code_archived[cooper=Yes,mc=No];any_readme[cooper=Yes,mc=No]",NA,NA,NA,NA,NA,NA,NA,NA,"COOPER_RIGHT","SPLIT-DOI EXTRACTION ARTIFACT | repo_check found zero files for this paper at all, so code_check (which only classifies files repo_check has already listed) had nothing to work with -- the same root-cause repository-detection miss as the data_availability disagreement for this paper. The extracted paper text does not itself specify whether code is bundled with the data at the un-located repository, but Cooper's coding is based on directly inspecting the repository, which metacheck's pipeline never queried at all -- there is no basis to prefer metacheck's automatic No over Cooper's direct inspection here.",NA,NA,"COOPER_RIGHT","repo_check found zero files for this paper (res_repo_check$table has no rows for this paper_id), so it had no basis to detect a README even if one exists in the actual (un-located) repository.",TRUE
"10_1111_1365_2664_14435","10_1111_1365_2664_14435","Yes","Dryad","Yes","No","Yes",".csv/.tsv","Yes","Yes","No",NA,NA,NA,TRUE,"Dryad","doi:10.5061/dryad.wwpzgmsq7",TRUE,TRUE,".xlsx",TRUE,NA,FALSE,NA,NA,TRUE,TRUE,TRUE,"data_license[cooper=No,mc=Yes]",NA,NA,NA,NA,"METACHECK_RIGHT","Dryad dataset doi:10.5061/dryad.wwpzgmsq7 carries a CC0-1.0 license, retrieved from Dryad's dataset API (https://spdx.org/licenses/CC0-1.0.html).",NA,NA,NA,NA,NA,NA,NA,NA,TRUE
"10_1111_1365_2745_13728","10_1111_1365_2745_13728","Yes","Figshare","Yes",NA,"Yes",".xls(x)","Yes","Yes","No",NA,NA,NA,FALSE,NA,NA,NA,NA,NA,FALSE,NA,FALSE,NA,NA,FALSE,TRUE,FALSE,"data_availability[cooper=Yes,mc=No];any_readme[cooper=Yes,mc=No]","COOPER_RIGHT","SPLIT-DOI EXTRACTION ARTIFACT | Paper text: ""Raw data for Sphagnum traits, microbial communities and traits ... can be accessed through the Figshare repository: https://doi.org/10.6084/m9.figshare.c.5191493 (Jassey et al., 2021)."" repo_check found zero files for this paper -- it never located/checked this Figshare DOI.",NA,NA,NA,NA,NA,NA,NA,NA,NA,NA,"COOPER_RIGHT","Same root cause: repo_check never located the Figshare repository the paper cites, so no README evidence could ever be recorded.",TRUE
"10_1111_1365_2745_13813","10_1111_1365_2745_13813","Yes","Dryad","Yes","Yes","Yes",".csv/.tsv","Yes","Yes","No",NA,NA,NA,TRUE,"Dryad","doi:10.5061/dryad.1jwstqjtc",TRUE,TRUE,".csv",FALSE,NA,FALSE,NA,NA,FALSE,TRUE,FALSE,"any_readme[cooper=Yes,mc=No]",NA,NA,NA,NA,NA,NA,NA,NA,NA,NA,NA,NA,"DIFFERENT_DEFINITION","Cooper's Yes for this paper's README likely reflects Dryad's dataset abstract (the ONLY free-text field Dryad's API exposes) -- confirmed on 9 real Dryad datasets from this same miss set that this field is consistently the paper's own scientific abstract (numbered background/methods/results prose), never file-level documentation. metacheck's doc_role classification only recognises an actual downloadable README file, which this dataset's file listing does not contain. Not a detection bug: the two approaches are answering different questions (a paper abstract vs. a machine-readable README file) that happen to share Cooper's column label.",TRUE
"10_1111_1365_2664_13024","10_1111_1365_2664_13024","Yes","Dryad","Yes","Yes","Yes",".xls(x)","No","Yes","Yes",NA,"C/C++","No",TRUE,"Dryad","doi:10.5061/dryad.b5335",TRUE,TRUE,".xlsx",FALSE,NA,FALSE,NA,NA,FALSE,FALSE,FALSE,"code_archived[cooper=Yes,mc=No]",NA,NA,NA,NA,NA,NA,NA,NA,"COOPER_RIGHT","Automated keyword search of the paper's full text found no sentence combining a repository/availability cue with a code-specific term (code, script, R code, MATLAB, Python, source code) -- consistent with the paper only claiming DATA availability, not code, at the cited repository, and with repo_check/code_check finding no code file there either. Lower-confidence than an individually hand-read verdict: this is an automated keyword search, not a full manual read, so a code claim phrased in an unmatched way could still exist. COOPER_RIGHT.",NA,NA,NA,NA,TRUE
"10_1111_1365_2435_13209","10_1111_1365_2435_13209","Yes","Dryad","Yes","Yes","Yes",".xls(x)","Yes","Yes","No",NA,NA,NA,TRUE,"Dryad","doi:10.5061/dryad.t775334",TRUE,TRUE,".xls",FALSE,NA,FALSE,NA,NA,FALSE,TRUE,FALSE,"any_readme[cooper=Yes,mc=No]",NA,NA,NA,NA,NA,NA,NA,NA,NA,NA,NA,NA,"DIFFERENT_DEFINITION","Cooper's Yes for this paper's README likely reflects Dryad's dataset abstract (the ONLY free-text field Dryad's API exposes) -- confirmed on 9 real Dryad datasets from this same miss set that this field is consistently the paper's own scientific abstract (numbered background/methods/results prose), never file-level documentation. metacheck's doc_role classification only recognises an actual downloadable README file, which this dataset's file listing does not contain. Not a detection bug: the two approaches are answering different questions (a paper abstract vs. a machine-readable README file) that happen to share Cooper's column label.",TRUE
"10_1111_1365_2435_13116","10_1111_1365_2435_13116","Yes","Dryad","Yes","Yes","Yes",".csv/.tsv","Yes","Yes","No",NA,NA,NA,TRUE,"Dryad","doi:10.5061/dryad.ms38c8k",TRUE,TRUE,".csv",FALSE,NA,FALSE,NA,NA,FALSE,TRUE,FALSE,"any_readme[cooper=Yes,mc=No]",NA,NA,NA,NA,NA,NA,NA,NA,NA,NA,NA,NA,"DIFFERENT_DEFINITION","Cooper's Yes for this paper's README likely reflects Dryad's dataset abstract (the ONLY free-text field Dryad's API exposes) -- confirmed on 9 real Dryad datasets from this same miss set that this field is consistently the paper's own scientific abstract (numbered background/methods/results prose), never file-level documentation. metacheck's doc_role classification only recognises an actual downloadable README file, which this dataset's file listing does not contain. Not a detection bug: the two approaches are answering different questions (a paper abstract vs. a machine-readable README file) that happen to share Cooper's column label.",TRUE
"10_1111_1365_2435_14508","10_1111_1365_2435_14508","Yes","Other repo/database","Yes","Yes","Yes",".ods;.xls(x)","Yes","Yes","Yes","Yes","R","Yes",TRUE,"GitHub, GitLab, Codeberg or similar platform",NA,TRUE,TRUE,".csv",TRUE,NA,TRUE,TRUE,"R",TRUE,TRUE,TRUE,"data_archive[cooper=Other repo/database,mc=GitHub, GitLab, Codeberg or similar platform]",NA,NA,"METACHECK_RIGHT","repo_url is github.com/pieterarnold/Tcrit-extraction -- a GitHub repository, not ""Other repo/database"".",NA,NA,NA,NA,NA,NA,NA,NA,NA,NA,TRUE
"10_1111_1365_2664_13385","10_1111_1365_2664_13385","Yes","Dryad","Yes","Yes","Yes",".xls(x)","Yes","Yes","No",NA,NA,NA,TRUE,"Dryad","doi:10.5061/dryad.11rf64v",TRUE,TRUE,".xlsx",FALSE,NA,FALSE,NA,NA,FALSE,TRUE,FALSE,"any_readme[cooper=Yes,mc=No]",NA,NA,NA,NA,NA,NA,NA,NA,NA,NA,NA,NA,"DIFFERENT_DEFINITION","Cooper's Yes for this paper's README likely reflects Dryad's dataset abstract (the ONLY free-text field Dryad's API exposes) -- confirmed on 9 real Dryad datasets from this same miss set that this field is consistently the paper's own scientific abstract (numbered background/methods/results prose), never file-level documentation. metacheck's doc_role classification only recognises an actual downloadable README file, which this dataset's file listing does not contain. Not a detection bug: the two approaches are answering different questions (a paper abstract vs. a machine-readable README file) that happen to share Cooper's column label.",TRUE
"10_1111_1365_2664_13081","10_1111_1365_2664_13081","Yes","Dryad","Yes","Yes","Yes",".xls(x)","Yes","No",NA,NA,NA,NA,TRUE,"Dryad","doi:10.5061/dryad.6h68k",TRUE,TRUE,".xlsx",FALSE,NA,FALSE,NA,NA,FALSE,TRUE,FALSE,"any_readme[cooper=Yes,mc=No]",NA,NA,NA,NA,NA,NA,NA,NA,NA,NA,NA,NA,"DIFFERENT_DEFINITION","Cooper's Yes for this paper's README likely reflects Dryad's dataset abstract (the ONLY free-text field Dryad's API exposes) -- confirmed on 9 real Dryad datasets from this same miss set that this field is consistently the paper's own scientific abstract (numbered background/methods/results prose), never file-level documentation. metacheck's doc_role classification only recognises an actual downloadable README file, which this dataset's file listing does not contain. Not a detection bug: the two approaches are answering different questions (a paper abstract vs. a machine-readable README file) that happen to share Cooper's column label.",TRUE
"10_1111_1365_2664_13347","10_1111_1365_2664_13347","Yes","Other repo/database","Yes","No","Yes",".csv/.tsv","No","Yes","Yes",NA,"R","No",FALSE,NA,NA,NA,NA,NA,FALSE,NA,FALSE,NA,NA,FALSE,FALSE,FALSE,"data_availability[cooper=Yes,mc=No];code_archived[cooper=Yes,mc=No]","COOPER_RIGHT","UNSUPPORTED REPO | Paper text: ""Data available from Edinburgh Napier University Repository https://doi.org/10.17869/enu.2019.1497843 (White, Lee, Roberts, & Cole, 2019)."" An institutional repository not recognized by repo_check; repo_check has zero rows for this paper.",NA,NA,NA,NA,NA,NA,"DIFFERENT_DEFINITION","No external code repository is cited; the paper states only ""We provide r code for the estimation of ADI and BDI in Appendix S3"" -- code embedded in the journal's own Supporting Information, not an externally archived repository. Cooper's Yes likely counts the SI-embedded R code as ""archived""; metacheck correctly finds no external repository to check.",NA,NA,NA,NA,TRUE
"10_1111_2041_210x_13350","10_1111_2041_210x_13350",NA,NA,NA,NA,NA,NA,NA,"Yes","Yes","Yes","R;C/C++","Yes",FALSE,NA,NA,NA,NA,NA,FALSE,NA,FALSE,NA,NA,FALSE,TRUE,FALSE,"code_archived[cooper=Yes,mc=No];any_readme[cooper=Yes,mc=No]",NA,NA,NA,NA,NA,NA,NA,NA,"COOPER_RIGHT","Paper text: ""Development versions and source code are available on GitHub (https://github.com/achubaty/grainscape)"". repo_metadata does have one garbled row for this paper (repo_url=""aty/grain"", doi=NA, license=NA) -- a corrupted fragment of ""achubaty/grainscape"", consistent with the PDF text extraction having inserted line-wrap spaces into the URL (""achub aty/grain scape"", visible in the source sentence at text_id 100), which breaks repo_check's URL parsing and left no usable file listing. mc_code_archived=FALSE is a URL-corruption artifact, not evidence of no archived code.",NA,NA,"COOPER_RIGHT","Same GitHub URL-corruption issue as code_archived (achubaty/grainscape mangled to ""aty/grain"" by a PDF line-wrap) prevented repo_check from ever listing this repo's files, so no doc_role signal was possible.",TRUE
"10_1111_2041_210x_12911","10_1111_2041_210x_12911",NA,NA,NA,NA,NA,NA,NA,"Yes","Yes","Yes","R","Yes",TRUE,NA,NA,NA,NA,NA,FALSE,NA,FALSE,NA,NA,FALSE,TRUE,FALSE,"code_archived[cooper=Yes,mc=No];any_readme[cooper=Yes,mc=No]",NA,NA,NA,NA,NA,NA,NA,NA,"COOPER_RIGHT","repo_check detected one repository for this paper (repo_n=1) but retrieved zero files (files_n=0); gated_repos records repo_error=""arguments imply differing number of rows: 1, 0"" for repo_url https://doi.org/10.5281/zenodo.998916 -- a metacheck-side processing bug, so code_check never received files to classify.",NA,NA,"COOPER_RIGHT","Same Zenodo repo_url (10.5281/zenodo.998916) failed via the processing bug recorded in gated_repos, so metacheck never had a file listing to check for a readme.",TRUE
"10_1111_1365_2745_14098","10_1111_1365_2745_14098","No, but they are available on request",NA,NA,NA,NA,NA,NA,"Yes","Yes","Yes","R","No",FALSE,NA,NA,NA,NA,NA,FALSE,NA,FALSE,NA,NA,FALSE,FALSE,FALSE,"code_archived[cooper=Yes,mc=No]",NA,NA,NA,NA,NA,NA,NA,NA,"COOPER_RIGHT","Paper text: ""The code used to perform the statistical analyses can be found at Github, following this link: http://tinyurl.com/3vvf52v9"". repo_metadata shows repo_check recognized a URL (repo_url=""tinyurl.com/3vvf52v9"") but a shortened tinyurl link is not resolved to the actual GitHub repository it redirects to, so repo_check/code_check never obtained a real file listing, producing mc_code_archived=FALSE.",NA,NA,NA,NA,TRUE
"10_1111_1365_2664_14138","10_1111_1365_2664_14138","Yes","Figshare","Yes","Yes","Yes",".xls(x)","Yes","Yes","No",NA,NA,NA,FALSE,NA,NA,NA,NA,NA,FALSE,NA,FALSE,NA,NA,FALSE,TRUE,FALSE,"data_availability[cooper=Yes,mc=No];any_readme[cooper=Yes,mc=No]","COOPER_RIGHT","Reference list: ""Toomes, A., ... (2021). Data from: Drivers of the Australian native pet trade ... Figshare Dataset. https://doi.org/10.6084/m9.figshare.16436379.v2."" repo_check found zero files for this paper -- it never located/checked this Figshare DOI. | KNOWN METACHECK LIMITATION (not yet fixed, github.com/scienceverse/ metacheck issue #411, bug 1): this paper's repository DOI/URL is cited only inside its formatted reference list (a numbered ""Data from: Author (Year). Title [Dataset]. https://doi.org/..."" entry), never as an inline hyperlink or bare in-text mention. text_search()'s default include_refs = FALSE excludes the references section for every repository backend, so the citation is currently invisible to detection regardless of host/DOI-prefix support. Confirmed live 2026-09-19: the DOI itself resolves correctly when queried directly.",NA,NA,NA,NA,NA,NA,NA,NA,NA,NA,"COOPER_RIGHT","Same root cause: repo_check never located the Figshare repository the paper cites, so no README evidence could ever be recorded.",TRUE
"10_1111_1365_2435_14479","10_1111_1365_2435_14479","Yes","Other repo/database","Yes","Yes","Yes",".tab","Yes","Yes","No",NA,NA,NA,FALSE,NA,NA,NA,NA,NA,FALSE,NA,FALSE,NA,NA,FALSE,TRUE,FALSE,"data_availability[cooper=Yes,mc=No];any_readme[cooper=Yes,mc=No]","COOPER_RIGHT","UNSUPPORTED REPO (PANGAEA) | Paper's own availability statement: ""The data are available from Pangaea Data Repository: https://doi.org/10.1594/PANGAEA.962593 & https://doi.org/10.1594/PANGAEA.962841."" Cites a real Other repo/database (PANGAEA) repository (https://doi.org/10.1594/PANGAEA.962593 (+962841)). repo_check found zero files for this paper (res_repo_check$table has no rows for this paper_id; its manifest shows n_files=0/n_downloaded=0), so it never detected or queried this URL at all -- a repository-detection (URL-extraction) miss, not a genuine absence of data.",NA,NA,NA,NA,NA,NA,NA,NA,NA,NA,"COOPER_RIGHT","repo_check found zero files for this paper (res_repo_check$table has no rows for this paper_id), so it had no basis to detect a README even if one exists in the actual (un-located) repository.",TRUE
"10_1111_1365_2745_13398","10_1111_1365_2745_13398","Yes","Dryad","Yes","No","Yes",".xls(x)","No","Yes","No",NA,NA,NA,TRUE,"Dryad","doi:10.5061/dryad.qv9s4mwbf",TRUE,TRUE,".xlsx",FALSE,NA,FALSE,NA,NA,FALSE,FALSE,FALSE,"data_license[cooper=No,mc=Yes]",NA,NA,NA,NA,"METACHECK_RIGHT","Dryad dataset doi:10.5061/dryad.qv9s4mwbf carries a CC0-1.0 license, retrieved from Dryad's dataset API (https://spdx.org/licenses/CC0-1.0.html).",NA,NA,NA,NA,NA,NA,NA,NA,TRUE
"10_1111_1365_2656_12775","10_1111_1365_2656_12775","Yes","Other repo/database","Yes","Yes","Yes","Unsure","Unsure","Yes","No",NA,NA,NA,FALSE,NA,NA,NA,NA,NA,FALSE,NA,FALSE,NA,NA,FALSE,NA,FALSE,"data_availability[cooper=Yes,mc=No]","COOPER_RIGHT","UNSUPPORTED REPO | Paper text: ""The Sightings database...for the Macquarie Island Elephant Seals are available from the Australian Antarctic Data Centre, https://data.aad.gov.au/metadata/records/TAGS_Elephant_Seals (Burton, Van Den Hoff, & Hindell, 2017)"". The Australian Antarctic Data Centre is not among metacheck's supported repo_check providers, so repo_check never attempted this URL at all, leaving repo_check$table empty and producing mc_data_availability=FALSE.",NA,NA,NA,NA,NA,NA,NA,NA,NA,NA,NA,NA,TRUE
"10_1111_1365_2656_12687","10_1111_1365_2656_12687","Yes","Dryad","Yes","No","Yes",".xls(x)","No","Yes","No",NA,NA,NA,TRUE,"Dryad","doi:10.5061/dryad.9m6vp",TRUE,TRUE,".xlsx",FALSE,NA,FALSE,NA,NA,FALSE,FALSE,FALSE,"data_license[cooper=No,mc=Yes]",NA,NA,NA,NA,"METACHECK_RIGHT","Dryad dataset doi:10.5061/dryad.9m6vp carries a CC0-1.0 license, retrieved from Dryad's dataset API (https://spdx.org/licenses/CC0-1.0.html).",NA,NA,NA,NA,NA,NA,NA,NA,TRUE
"10_1111_1365_2745_13154","10_1111_1365_2745_13154","Yes","Other repo/database","Yes","Yes","Yes",".csv/.tsv","Yes","Yes","Yes","Yes","R","Yes",FALSE,NA,NA,NA,NA,NA,FALSE,NA,FALSE,NA,NA,FALSE,TRUE,FALSE,"data_availability[cooper=Yes,mc=No];code_archived[cooper=Yes,mc=No];any_readme[cooper=Yes,mc=No]","COOPER_RIGHT","Full-text search finds: 'Data available through Digital Commons @ Georgia Southern repository https://doi.org/10.20429/data.2019.01.' Not a repo_check-recognized platform; repo_check found/listed nothing at all for this paper.",NA,NA,NA,NA,NA,NA,"COOPER_RIGHT","Same repository (Digital Commons @ Georgia Southern) is the only one the paper names; no separate code-hosting platform is mentioned, and it is not repo_check-recognized.",NA,NA,"COOPER_RIGHT","Same root cause: Digital Commons @ Georgia Southern is not a repo_check-recognized platform.",TRUE
"10_1111_1365_2656_14039","10_1111_1365_2656_14039","Yes","Dryad","Yes","Yes","Yes",NA,"Yes","Yes","Yes",NA,"R;Python","No",TRUE,"Dryad","doi:10.5061/dryad.rbnzs7hjk",TRUE,NA,".zip",TRUE,NA,FALSE,NA,NA,TRUE,TRUE,TRUE,"code_archived[cooper=Yes,mc=No]",NA,NA,NA,NA,NA,NA,NA,NA,"COOPER_RIGHT","Automated keyword search of the paper's full text found no sentence combining a repository/availability cue with a code-specific term (code, script, R code, MATLAB, Python, source code) -- consistent with the paper only claiming DATA availability, not code, at the cited repository, and with repo_check/code_check finding no code file there either. Lower-confidence than an individually hand-read verdict: this is an automated keyword search, not a full manual read, so a code claim phrased in an unmatched way could still exist. COOPER_RIGHT.",NA,NA,NA,NA,TRUE
"10_1111_1365_2745_13970","10_1111_1365_2745_13970","Yes","Other repo/database","No","Unsure","No",NA,NA,"Yes","No",NA,NA,NA,FALSE,NA,NA,NA,NA,NA,FALSE,NA,FALSE,NA,NA,FALSE,NA,FALSE,"data_availability[cooper=Yes,mc=No]","COOPER_RIGHT","UNSUPPORTED REPO | Paper's own availability statement: ""Data are available on the BEF-China data portal: https://data.botanik.uni-halle.de/bef-china/datasets/655."" Cites a real Other repo/database (BEF-China) repository (https://data.botanik.uni-halle.de/bef-china/datasets/655). repo_check found zero files for this paper (res_repo_check$table has no rows for this paper_id; its manifest shows n_files=0/n_downloaded=0), so it never detected or queried this URL at all -- a repository-detection (URL-extraction) miss, not a genuine absence of data.",NA,NA,NA,NA,NA,NA,NA,NA,NA,NA,NA,NA,TRUE
"10_1002_2688_8319_12402","10_1002_2688_8319_12402","Yes","Other repo/database","Yes","Yes","Yes",".xls(x);.Rdata","Quasi-README","Yes","Yes","Yes","R","No",TRUE,"OSF",NA,FALSE,TRUE,".rdata;.xlsx",FALSE,NA,TRUE,TRUE,"R",FALSE,TRUE,FALSE,"data_license[cooper=Yes,mc=No];data_archive[cooper=Other repo/database,mc=OSF];any_readme[cooper=Yes,mc=No]",NA,NA,"METACHECK_RIGHT","repo_url is osf.io/qw685 -- an OSF project, not ""Other repo/database"". (Note: this paper's data_license disagreement was UNCLEAR because repo_check found no repo_metadata row for it -- but repo_check DID find and correctly identify the OSF repo_url itself; the two checks draw on different parts of repo_check's output.)","UNCLEAR","SPLIT-DOI EXTRACTION ARTIFACT | repo_check found no repository at all for this paper (repo_metadata has no row for this paper_id) -- there is no repository for metacheck to have checked a license on. Cannot determine from available evidence whether this is a genuine repository-detection miss (the paper text was not re-examined here) or Cooper referring to a repository metacheck never located.",NA,NA,NA,NA,NA,NA,"DIFFERENT_DEFINITION","Platform-specific pattern not established for this repository type (osf/github/other) -- see the dominant Dryad/Zenodo/Figshare patterns documented for the majority of this column's disagreements; this individual case was not separately investigated.",TRUE
"10_1002_pan3_10333","10_1002_pan3_10333","Yes","Zenodo","Yes","Yes","Yes",".csv/.tsv","Yes","Yes","No",NA,NA,NA,TRUE,"Zenodo","10.5281/zenodo.6380627",TRUE,TRUE,".csv",FALSE,NA,FALSE,NA,NA,FALSE,TRUE,FALSE,"any_readme[cooper=Yes,mc=No]",NA,NA,NA,NA,NA,NA,NA,NA,NA,NA,NA,NA,"DIFFERENT_DEFINITION","Cooper's Yes for this paper's README may reflect this Zenodo record's `description` field -- checked live 2026-09-02 against a sample of 6 real Zenodo records from this miss set and found genuine variation (sometimes a study summary, sometimes contact metadata, sometimes file-by-file documentation, sometimes empty), i.e. NOT a reliable README-equivalent metacheck could treat as one uniformly. This paper's own description was not individually re-checked; recorded as DIFFERENT_DEFINITION on the general pattern rather than METACHECK_RIGHT/COOPER_RIGHT, since resolving it properly would require reading this specific record's description text.",TRUE
"10_1111_2041_210x_12774","10_1111_2041_210x_12774",NA,NA,NA,NA,NA,NA,NA,"Yes","Yes","Yes","R","Yes",TRUE,"Dryad","doi:10.5061/dryad.hf46s",TRUE,TRUE,".txt",TRUE,NA,FALSE,NA,NA,TRUE,TRUE,TRUE,"code_archived[cooper=Yes,mc=No]",NA,NA,NA,NA,NA,NA,NA,NA,"COOPER_RIGHT","SPLIT-DOI EXTRACTION ARTIFACT | MINOTAUR GitHub repo shows the same R-package-exclusion pattern (only .Rproj/.gitignore/README found), and a Dryad archive explicitly named 'CodeforDryad_MEE.zip' was never peeked inside (data_type=unknown). Two compounding detection gaps.",NA,NA,NA,NA,TRUE
"10_1111_1365_2656_13586","10_1111_1365_2656_13586","Yes","Dryad","Yes","Yes","Yes",".txt","Yes","Yes","No",NA,NA,NA,TRUE,NA,NA,NA,NA,NA,FALSE,NA,FALSE,NA,NA,FALSE,TRUE,FALSE,"any_readme[cooper=Yes,mc=No]",NA,NA,NA,NA,NA,NA,NA,NA,NA,NA,NA,NA,"DIFFERENT_DEFINITION","Archive-only: repo_check's file listing for this paper is a single compressed archive (.zip/.rar/...) with no separate top-level file. repo_check's own peek_zips=TRUE default DOES try to read a zip's file listing remotely without downloading it, so a README bundled inside is not automatically invisible -- but that peek attempt evidently failed for this specific archive. Confirmed structural cause for Dryad-hosted zips: the peek's HTTP Range request is unauthenticated and Dryad's file-download endpoint returns 401 Unauthorized without an OAuth token, so the peek can never succeed there. For Zenodo/other platforms the failure cause is not yet fully pinned down (see the issue's discussion). Filed as https://github.com/scienceverse/metacheck/issues/378. DIFFERENT_DEFINITION rather than a verdict: resolving this needs a code fix (authenticated peek requests, at minimum for Dryad), not a judgement call on this specific paper.",TRUE
"10_1111_1365_2745_13058","10_1111_1365_2745_13058","Yes","Dryad","Yes","Yes","Yes",".xls(x)","Yes","Yes","No",NA,NA,NA,TRUE,"Dryad","doi:10.5061/dryad.7198505",TRUE,TRUE,".xlsx",FALSE,NA,FALSE,NA,NA,FALSE,TRUE,FALSE,"any_readme[cooper=Yes,mc=No]",NA,NA,NA,NA,NA,NA,NA,NA,NA,NA,NA,NA,"DIFFERENT_DEFINITION","Cooper's Yes for this paper's README likely reflects Dryad's dataset abstract (the ONLY free-text field Dryad's API exposes) -- confirmed on 9 real Dryad datasets from this same miss set that this field is consistently the paper's own scientific abstract (numbered background/methods/results prose), never file-level documentation. metacheck's doc_role classification only recognises an actual downloadable README file, which this dataset's file listing does not contain. Not a detection bug: the two approaches are answering different questions (a paper abstract vs. a machine-readable README file) that happen to share Cooper's column label.",TRUE
"10_1111_1365_2664_12978","10_1111_1365_2664_12978","Yes","Dryad","Yes","Yes","Yes",".csv/.tsv","Quasi-README","Unsure",NA,NA,NA,NA,TRUE,"Dryad","doi:10.5061/dryad.kt136",TRUE,TRUE,".csv",FALSE,NA,FALSE,NA,NA,FALSE,TRUE,FALSE,"any_readme[cooper=Yes,mc=No]",NA,NA,NA,NA,NA,NA,NA,NA,NA,NA,NA,NA,"DIFFERENT_DEFINITION","Cooper's Yes for this paper's README likely reflects Dryad's dataset abstract (the ONLY free-text field Dryad's API exposes) -- confirmed on 9 real Dryad datasets from this same miss set that this field is consistently the paper's own scientific abstract (numbered background/methods/results prose), never file-level documentation. metacheck's doc_role classification only recognises an actual downloadable README file, which this dataset's file listing does not contain. Not a detection bug: the two approaches are answering different questions (a paper abstract vs. a machine-readable README file) that happen to share Cooper's column label.",TRUE
"10_1111_1365_2435_13735","10_1111_1365_2435_13735","Yes","Dryad","Yes","Yes","Yes",".txt","Yes","Yes","Yes","Yes","R;C/C++","Yes",TRUE,NA,NA,NA,NA,NA,FALSE,NA,FALSE,NA,NA,FALSE,TRUE,FALSE,"code_archived[cooper=Yes,mc=No];any_readme[cooper=Yes,mc=No]",NA,NA,NA,NA,NA,NA,NA,NA,"COOPER_RIGHT","repo_check found and correctly typed Sapage_et_al_Simulation_code.zip as code (Dryad doi:10.5061/dryad.dncjsxkz1), but code_check did not classify it -- likely because it is a .zip archive of code rather than a bare source file, and code_check's classifier does not open/expand a code-only zip the way data_check expands a data-holding zip. Genuine code_check detection gap. COOPER_RIGHT.",NA,NA,"DIFFERENT_DEFINITION","Archive-only: repo_check's file listing for this paper is a single compressed archive (.zip/.rar/...) with no separate top-level file. repo_check's own peek_zips=TRUE default DOES try to read a zip's file listing remotely without downloading it, so a README bundled inside is not automatically invisible -- but that peek attempt evidently failed for this specific archive. Confirmed structural cause for Dryad-hosted zips: the peek's HTTP Range request is unauthenticated and Dryad's file-download endpoint returns 401 Unauthorized without an OAuth token, so the peek can never succeed there. For Zenodo/other platforms the failure cause is not yet fully pinned down (see the issue's discussion). Filed as https://github.com/scienceverse/metacheck/issues/378. DIFFERENT_DEFINITION rather than a verdict: resolving this needs a code fix (authenticated peek requests, at minimum for Dryad), not a judgement call on this specific paper.",TRUE
"10_1111_1365_2745_12808","10_1111_1365_2745_12808","Yes","Dryad","Yes","Yes","Yes",".csv/.tsv","Yes","Yes","No",NA,NA,NA,TRUE,"Dryad","doi:10.5061/dryad.6c886",TRUE,TRUE,".csv",FALSE,NA,FALSE,NA,NA,FALSE,TRUE,FALSE,"any_readme[cooper=Yes,mc=No]",NA,NA,NA,NA,NA,NA,NA,NA,NA,NA,NA,NA,"DIFFERENT_DEFINITION","Cooper's Yes for this paper's README likely reflects Dryad's dataset abstract (the ONLY free-text field Dryad's API exposes) -- confirmed on 9 real Dryad datasets from this same miss set that this field is consistently the paper's own scientific abstract (numbered background/methods/results prose), never file-level documentation. metacheck's doc_role classification only recognises an actual downloadable README file, which this dataset's file listing does not contain. Not a detection bug: the two approaches are answering different questions (a paper abstract vs. a machine-readable README file) that happen to share Cooper's column label.",TRUE
"10_1111_1365_2745_13185","10_1111_1365_2745_13185","Yes","Other repo/database","Yes","Yes","Yes",".csv/.tsv;.txt","Yes","Yes","No",NA,NA,NA,FALSE,NA,NA,NA,NA,NA,FALSE,NA,FALSE,NA,NA,FALSE,TRUE,FALSE,"data_availability[cooper=Yes,mc=No];any_readme[cooper=Yes,mc=No]","COOPER_RIGHT","UNSUPPORTED REPO | Paper text: ""The data are archived at MetaboLights: https://www.ebi.ac.uk/metabolights/MTBLS544 (Ristok et al., 2019)."" repo_check found zero files for this paper -- it never located/checked this EBI MetaboLights repository.",NA,NA,NA,NA,NA,NA,NA,NA,NA,NA,"COOPER_RIGHT","Same root cause: repo_check never located the MetaboLights repository the paper cites, so no README evidence could ever be recorded.",TRUE
"10_1111_1365_2664_14378","10_1111_1365_2664_14378","Yes","Figshare","Yes","Yes","Yes",".csv/.tsv","Yes","Yes","No",NA,NA,NA,TRUE,"Figshare","10.6084/m9.figshare.22178651.v1",TRUE,TRUE,".csv",FALSE,NA,FALSE,NA,NA,FALSE,TRUE,FALSE,"any_readme[cooper=Yes,mc=No]",NA,NA,NA,NA,NA,NA,NA,NA,NA,NA,NA,NA,"DIFFERENT_DEFINITION","Cooper's Yes for this paper's README may reflect this Figshare article's `description` field -- checked live 2026-09-02 against a sample of 10 real Figshare articles from this miss set and found genuine variation (roughly 2 of 10 had real file-by-file documentation, the rest were abstract/methods-style summaries indistinguishable from Dryad's pattern), i.e. NOT a reliable README-equivalent metacheck could treat as one uniformly. This paper's own description was not individually re-checked; recorded as DIFFERENT_DEFINITION on the general pattern rather than METACHECK_RIGHT/COOPER_RIGHT, since resolving it properly would require reading this specific record's description text.",TRUE
"10_1111_2041_210x_13423","10_1111_2041_210x_13423","Yes","GitHub, GitLab, Codeberg or similar platform;Zenodo","Yes","Yes","Yes",".txt;.jpg;.gif;.grd;.gri;.Rdata","Yes","Yes","Yes","Yes","R","Yes",TRUE,"GitHub, GitLab, Codeberg or similar platform",NA,FALSE,TRUE,".csv;.txt",TRUE,NA,TRUE,TRUE,"R",TRUE,TRUE,TRUE,"data_license[cooper=Yes,mc=No]",NA,NA,NA,NA,"COOPER_RIGHT","GitHub repository francesco-carotenuto/EcoPast genuinely has no license set, confirmed live 2026-09-02 via GitHub's own repository API (https://api.github.com/repos/francesco-carotenuto/EcoPast), the same source metacheck reads from (""license"": null). Cooper's Yes does not match what GitHub currently reports for this repository.",NA,NA,NA,NA,NA,NA,NA,NA,TRUE
"10_1111_1365_2656_13294","10_1111_1365_2656_13294","Yes","Dryad","Yes","Yes","Yes",".csv/.tsv","No","Yes","Yes","Yes","R","Yes",TRUE,"Dryad","doi:10.5061/dryad.vq83bk3qd",TRUE,TRUE,".csv",FALSE,NA,FALSE,NA,NA,FALSE,TRUE,FALSE,"code_archived[cooper=Yes,mc=No];any_readme[cooper=Yes,mc=No]",NA,NA,NA,NA,NA,NA,NA,NA,"METACHECK_RIGHT","Data Availability Statement only says ""Data available from the Dryad Digital Repository"" (Brandell et al., 2020); no code/scripts mentioned anywhere in the statement or Methods, which only cites standard R packages (adehabitatHR, igraph) used for analysis, not authors' own archived code",NA,NA,"DIFFERENT_DEFINITION","Cooper's Yes for this paper's README likely reflects Dryad's dataset abstract (the ONLY free-text field Dryad's API exposes) -- confirmed on 9 real Dryad datasets from this same miss set that this field is consistently the paper's own scientific abstract (numbered background/methods/results prose), never file-level documentation. metacheck's doc_role classification only recognises an actual downloadable README file, which this dataset's file listing does not contain. Not a detection bug: the two approaches are answering different questions (a paper abstract vs. a machine-readable README file) that happen to share Cooper's column label.",TRUE
"10_1111_1365_2745_13977","10_1111_1365_2745_13977","Yes","Figshare","Yes","Yes","Yes",".xls(x)","Yes","Yes","No",NA,NA,NA,TRUE,"Figshare","10.6084/m9.figshare.20375598.v1",TRUE,TRUE,".xlsx",FALSE,NA,FALSE,NA,NA,FALSE,TRUE,FALSE,"any_readme[cooper=Yes,mc=No]",NA,NA,NA,NA,NA,NA,NA,NA,NA,NA,NA,NA,"DIFFERENT_DEFINITION","Cooper's Yes for this paper's README may reflect this Figshare article's `description` field -- checked live 2026-09-02 against a sample of 10 real Figshare articles from this miss set and found genuine variation (roughly 2 of 10 had real file-by-file documentation, the rest were abstract/methods-style summaries indistinguishable from Dryad's pattern), i.e. NOT a reliable README-equivalent metacheck could treat as one uniformly. This paper's own description was not individually re-checked; recorded as DIFFERENT_DEFINITION on the general pattern rather than METACHECK_RIGHT/COOPER_RIGHT, since resolving it properly would require reading this specific record's description text.",TRUE
"10_1111_2041_210x_13063","10_1111_2041_210x_13063","Yes","Other repo/database","No","Yes","Yes",".xls(x)","No","Yes","No",NA,NA,NA,FALSE,NA,NA,NA,NA,NA,FALSE,NA,FALSE,NA,NA,FALSE,FALSE,FALSE,"data_availability[cooper=Yes,mc=No]","COOPER_RIGHT","UNSUPPORTED REPO | Paper's own availability statement: ""Data used for this study are archived in the University of Gloucestershire Repository http://eprints.glos.ac.uk/id/eprint/5772."" Cites a real Other repo/database (Univ. of Gloucestershire) repository (http://eprints.glos.ac.uk/id/eprint/5772). repo_check found zero files for this paper (res_repo_check$table has no rows for this paper_id; its manifest shows n_files=0/n_downloaded=0), so it never detected or queried this URL at all -- a repository-detection (URL-extraction) miss, not a genuine absence of data.",NA,NA,NA,NA,NA,NA,NA,NA,NA,NA,NA,NA,TRUE
"10_1111_1365_2745_13252","10_1111_1365_2745_13252","Yes","Dryad","Yes","Yes","Yes",".csv/.tsv","Yes","Yes","No",NA,NA,NA,TRUE,"Dryad","doi:10.5061/dryad.k4v262p",TRUE,TRUE,".csv",FALSE,NA,FALSE,NA,NA,FALSE,TRUE,FALSE,"any_readme[cooper=Yes,mc=No]",NA,NA,NA,NA,NA,NA,NA,NA,NA,NA,NA,NA,"DIFFERENT_DEFINITION","Cooper's Yes for this paper's README likely reflects Dryad's dataset abstract (the ONLY free-text field Dryad's API exposes) -- confirmed on 9 real Dryad datasets from this same miss set that this field is consistently the paper's own scientific abstract (numbered background/methods/results prose), never file-level documentation. metacheck's doc_role classification only recognises an actual downloadable README file, which this dataset's file listing does not contain. Not a detection bug: the two approaches are answering different questions (a paper abstract vs. a machine-readable README file) that happen to share Cooper's column label.",TRUE
"10_1111_1365_2745_13245","10_1111_1365_2745_13245","Yes","Dryad","Yes","No","Yes",".csv/.tsv;.xls(x)","No","Yes","No",NA,NA,NA,TRUE,"Dryad","doi:10.5061/dryad.61jq1",TRUE,TRUE,".csv;.xlsx",TRUE,NA,TRUE,TRUE,"R",TRUE,FALSE,TRUE,"data_license[cooper=No,mc=Yes];code_archived[cooper=No,mc=Yes];any_readme[cooper=No,mc=Yes]",NA,NA,NA,NA,"METACHECK_RIGHT","Two repositories: Dryad dataset doi:10.5061/dryad.61jq1 carries a CC0-1.0 license, retrieved from Dryad's dataset API; a second repo, GitHub kdyson/R_Scripts, has no recorded license. The overall Yes is correctly earned by the Dryad deposit's CC0-1.0 license alone.",NA,NA,"METACHECK_RIGHT","Data Availability Statement mentions only Dryad and GenBank data, no code archive; the K. Dyson GitHub link cited in Methods is an incidental third-party tool citation (""AIC calculation used publicly available script provided by K. Dyson""), not the authors' own analysis code being archived",NA,NA,"METACHECK_RIGHT","Two repositories: Dryad (doi:10.5061/dryad.61jq1) and GitHub (kdyson/R_Scripts). repo_check's file listing shows a README.md on the Dryad side. Cooper coded code_archived=No (disagreeing with metacheck's TRUE for the GitHub repo -- see the data_archive/data_license passes for this same paper) and data_README=No; since the README found is on the DATA repository (Dryad), not the disputed GitHub one, this is a genuine data-side README Cooper's coding missed, independent of the separate code_archived disagreement.",TRUE
"10_1111_1365_2664_14421","10_1111_1365_2664_14421","Yes","Other repo/database","Yes","Yes","Yes",".xls(x)","Yes","Yes","No",NA,NA,NA,FALSE,NA,NA,NA,NA,NA,FALSE,NA,FALSE,NA,NA,FALSE,TRUE,FALSE,"data_availability[cooper=Yes,mc=No];any_readme[cooper=Yes,mc=No]","COOPER_RIGHT","UNSUPPORTED REPO | Paper states ""Data available from the Edinburgh Napier Repository https://doi.org/10.17869/enu.2023.3069847""; repo_check's summary_table shows repo_n=0 -- this institutional repository was never detected.",NA,NA,NA,NA,NA,NA,NA,NA,NA,NA,"COOPER_RIGHT","The Edinburgh Napier Repository deposit (10.17869/enu.2023.3069847) holding this paper's data was never detected by repo_check (repo_n=0), so metacheck never checked it for a readme.",TRUE
"10_1111_1365_2664_14751","10_1111_1365_2664_14751","Yes","GitHub, GitLab, Codeberg or similar platform;Other repo/database","Yes","Yes","Yes",".RDS","Yes","Yes","Yes","Yes","R","Yes",TRUE,"GitHub, GitLab, Codeberg or similar platform",NA,FALSE,TRUE,".rdata;.rds",TRUE,NA,TRUE,TRUE,"R",TRUE,TRUE,TRUE,"data_license[cooper=Yes,mc=No]",NA,NA,NA,NA,"COOPER_RIGHT","GitHub repository julianavelez1/baci_fencing genuinely has no license set, confirmed live 2026-09-02 via GitHub's own repository API (https://api.github.com/repos/julianavelez1/baci_fencing), the same source metacheck reads from (""license"": null). Cooper's Yes does not match what GitHub currently reports for this repository.",NA,NA,NA,NA,NA,NA,NA,NA,TRUE
"10_1111_1365_2656_13168","10_1111_1365_2656_13168","Yes","Dryad","Yes","Yes","Yes",".xls(x)","Quasi-README","Yes","No",NA,NA,NA,TRUE,"Dryad","doi:10.5061/dryad.7h44j0zqm",TRUE,TRUE,".xlsx",FALSE,NA,FALSE,NA,NA,FALSE,TRUE,FALSE,"any_readme[cooper=Yes,mc=No]",NA,NA,NA,NA,NA,NA,NA,NA,NA,NA,NA,NA,"DIFFERENT_DEFINITION","Cooper's Yes for this paper's README likely reflects Dryad's dataset abstract (the ONLY free-text field Dryad's API exposes) -- confirmed on 9 real Dryad datasets from this same miss set that this field is consistently the paper's own scientific abstract (numbered background/methods/results prose), never file-level documentation. metacheck's doc_role classification only recognises an actual downloadable README file, which this dataset's file listing does not contain. Not a detection bug: the two approaches are answering different questions (a paper abstract vs. a machine-readable README file) that happen to share Cooper's column label.",TRUE
"10_1111_2041_210x_14104","10_1111_2041_210x_14104","Yes","Other repo/database","Yes","Yes","Yes",".jpg;.mat","Yes","Yes","Yes","Yes","MATLAB","Yes",FALSE,NA,NA,NA,NA,NA,FALSE,NA,FALSE,NA,NA,FALSE,TRUE,FALSE,"data_availability[cooper=Yes,mc=No];code_archived[cooper=Yes,mc=No];any_readme[cooper=Yes,mc=No]","COOPER_RIGHT","UNSUPPORTED REPO | Paper text: ""Data used in this study are available at IUPUI DataWorks https://doi.org/10.7912/D2/27 (Badirli, Picard, et al., 2021)."" IUPUI DataWorks is an institutional repository not recognized by repo_check; repo_check has zero rows for this paper.",NA,NA,NA,NA,NA,NA,"DIFFERENT_DEFINITION","No external code repository (GitHub/Zenodo/etc.) is cited anywhere in the paper; the only code-related material is ""The algorithm with pseudo-code for deriving these values is in Supporting Information"" -- pseudocode embedded in the journal's own Supporting Information PDF, not a runnable, externally archived code repository. Cooper's Yes likely counts the SI pseudocode as ""archived code,"" while metacheck correctly finds no external repository to check -- the two sides are answering different questions.",NA,NA,"COOPER_RIGHT","Same repo-detection miss as data_availability: IUPUI DataWorks was never fetched by repo_check, so mc_any_readme's FALSE reflects zero files examined, not evidence of no README.",TRUE
"10_1111_1365_2745_13150","10_1111_1365_2745_13150","Yes","Dryad","Yes","Yes","Yes",".xls(x)","Yes","Yes","No",NA,NA,NA,TRUE,"Dryad","doi:10.5061/dryad.v0t4qm3",TRUE,TRUE,".xlsx",FALSE,NA,FALSE,NA,NA,FALSE,TRUE,FALSE,"any_readme[cooper=Yes,mc=No]",NA,NA,NA,NA,NA,NA,NA,NA,NA,NA,NA,NA,"DIFFERENT_DEFINITION","Cooper's Yes for this paper's README likely reflects Dryad's dataset abstract (the ONLY free-text field Dryad's API exposes) -- confirmed on 9 real Dryad datasets from this same miss set that this field is consistently the paper's own scientific abstract (numbered background/methods/results prose), never file-level documentation. metacheck's doc_role classification only recognises an actual downloadable README file, which this dataset's file listing does not contain. Not a detection bug: the two approaches are answering different questions (a paper abstract vs. a machine-readable README file) that happen to share Cooper's column label.",TRUE
"10_1111_1365_2664_14117","10_1111_1365_2664_14117","Yes","Other repo/database","Yes, but DOI not found/incorrect","No",NA,NA,NA,"Yes","Yes","No","R",NA,TRUE,"OSF",NA,FALSE,NA,".asc",FALSE,NA,TRUE,TRUE,"R",FALSE,NA,FALSE,"code_download[cooper=No,mc=Yes];data_archive[cooper=Other repo/database,mc=OSF]",NA,NA,"METACHECK_RIGHT","the URL itself is ""http://10.0.68.197/OSF.IO/NG4ZT"" and reference list explicitly calls it ""OSF Digital Repository"" with DOI 10.17605/OSF.IO/NG4ZT - clearly OSF, Cooper's ""Other repo/database"" label appears to be a human coding slip",NA,NA,NA,NA,NA,NA,"METACHECK_RIGHT","REVISED 2026-09-05 during double-check: repo_check/code_check confirm 9 code files (e.g. 02_OFFSET_TIME_function.R, 01_DEVELOPMENT_TIME_AVOID_function.R) from the OSF repository, ALL with file_location non-NA -- genuinely downloaded and verified, not just discovered by name. This directly confirms mc_code_download=TRUE with real evidence, moving beyond the original UNCLEAR verdict's uncertainty about whether OSF-hosted code is downloadable in principle. Cooper's No does not match. METACHECK_RIGHT.",NA,NA,TRUE
"10_1002_pan3_10500__dup1","10_1002_pan3_10500","Yes","Other repo/database","No","No","Yes",".csv/.tsv","Yes","No",NA,NA,NA,NA,TRUE,"OSF",NA,FALSE,TRUE,".csv",FALSE,NA,FALSE,NA,NA,FALSE,TRUE,FALSE,"data_archive[cooper=Other repo/database,mc=OSF];any_readme[cooper=Yes,mc=No]",NA,NA,"METACHECK_RIGHT","Paper text explicitly and only names OSF (""available on the Open Science Framework: https://osf.io/zrbq5""), never Dryad. Cooper coded Dryad with no textual basis found.",NA,NA,NA,NA,NA,NA,NA,NA,"COOPER_RIGHT","repo_check found the OSF project (1 file) but no README-classified file; Cooper coded README present, plausibly reading OSF project-level metadata/wiki text as README-equivalent -- the same any_readme DIFFERENT_DEFINITION pattern documented elsewhere in this review, but left as COOPER_RIGHT since the specific OSF field was not independently re-verified live for this paper.",TRUE
"10_1111_1365_2745_13909","10_1111_1365_2745_13909","Yes","Figshare","Yes","Yes","Yes",".csv/.tsv;.RDS;.xls(x)","Yes","Yes","Yes","Yes","R","Yes",TRUE,"Figshare","10.6084/m9.figshare.19701607.v1",TRUE,TRUE,".xlsx",FALSE,NA,FALSE,NA,NA,FALSE,TRUE,FALSE,"code_archived[cooper=Yes,mc=No];any_readme[cooper=Yes,mc=No]",NA,NA,NA,NA,NA,NA,NA,NA,"COOPER_RIGHT","Data Availability Statement explicitly states ""The raw data and R codes are available at https://doi.org/10.6084/m9.figshare.19701607"" - code is bundled in the same Figshare repository as the data, matching the known pattern of metacheck failing to recognize code co-located with data in a single repo as code_archived",NA,NA,"DIFFERENT_DEFINITION","Cooper's Yes for this paper's README may reflect this Figshare article's `description` field -- checked live 2026-09-02 against a sample of 10 real Figshare articles from this miss set and found genuine variation (roughly 2 of 10 had real file-by-file documentation, the rest were abstract/methods-style summaries indistinguishable from Dryad's pattern), i.e. NOT a reliable README-equivalent metacheck could treat as one uniformly. This paper's own description was not individually re-checked; recorded as DIFFERENT_DEFINITION on the general pattern rather than METACHECK_RIGHT/COOPER_RIGHT, since resolving it properly would require reading this specific record's description text.",TRUE
"10_1111_1365_2435_13523","10_1111_1365_2435_13523","Yes","Other repo/database","Yes","Yes","Yes",".csv/.tsv","Yes","Yes","No",NA,NA,NA,FALSE,NA,NA,NA,NA,NA,FALSE,NA,FALSE,NA,NA,FALSE,TRUE,FALSE,"data_availability[cooper=Yes,mc=No];any_readme[cooper=Yes,mc=No]","COOPER_RIGHT","UNSUPPORTED REPO | Paper text: ""Data available from the Research Data Australia (RDA) online portal: http://handle.unsw.edu.au/1959.4/resource/collection/resdatac_1003/1"". This institutional handle-based portal is not among metacheck's supported repo_check providers, so repo_check never attempted this URL at all, leaving repo_check$table empty and producing mc_data_availability=FALSE.",NA,NA,NA,NA,NA,NA,NA,NA,NA,NA,"COOPER_RIGHT","Same unsupported-provider gap: the Research Data Australia handle-based portal is not repo_check-supported, so no file listing or doc_role signal was ever generated for this paper.",TRUE
"10_1111_1365_2435_13082","10_1111_1365_2435_13082","Yes","Dryad","Yes","Yes","Yes",".xls(x)","Yes","Yes","No",NA,NA,NA,TRUE,"Dryad","doi:10.5061/dryad.017vp2q",TRUE,TRUE,".xlsx",FALSE,NA,FALSE,NA,NA,FALSE,TRUE,FALSE,"any_readme[cooper=Yes,mc=No]",NA,NA,NA,NA,NA,NA,NA,NA,NA,NA,NA,NA,"DIFFERENT_DEFINITION","Cooper's Yes for this paper's README likely reflects Dryad's dataset abstract (the ONLY free-text field Dryad's API exposes) -- confirmed on 9 real Dryad datasets from this same miss set that this field is consistently the paper's own scientific abstract (numbered background/methods/results prose), never file-level documentation. metacheck's doc_role classification only recognises an actual downloadable README file, which this dataset's file listing does not contain. Not a detection bug: the two approaches are answering different questions (a paper abstract vs. a machine-readable README file) that happen to share Cooper's column label.",TRUE
"10_1111_1365_2656_12846","10_1111_1365_2656_12846","Yes","Other repo/database","No","Yes","No",".xml;.mzTab;.tsv;.mzxml","Yes","No",NA,NA,NA,NA,FALSE,NA,NA,NA,NA,NA,FALSE,NA,FALSE,NA,NA,FALSE,TRUE,FALSE,"data_availability[cooper=Yes,mc=No];any_readme[cooper=Yes,mc=No]","COOPER_RIGHT","DOMAIN-SPECIFIC BIOINFORMATICS DATABASE (NCBI/GenBank-family) | Paper text: ""The dataset and results of PEAKSQ and Scaffold analyses are publicly accessible at the CAMP Proteome Repository, Massive and ProteomeXchange"" and ""CAMP proteome repository under accession number CAMPDDA00041."" These specialized proteomics databases are not platforms repo_check recognizes; repo_check has zero rows for this paper.",NA,NA,NA,NA,NA,NA,NA,NA,NA,NA,"COOPER_RIGHT","Same repo-detection situation as data_availability: none of the proteomics databases (CAMP, MassIVE, ProteomeXchange) are fetched by repo_check, so mc_any_readme's FALSE reflects zero files examined, not evidence of no README.",TRUE
"10_1111_1365_2664_13013","10_1111_1365_2664_13013","Yes","Other repo/database","Yes","Yes","Yes",".csv/.tsv","Yes","Yes","No",NA,NA,NA,FALSE,NA,NA,NA,NA,NA,FALSE,NA,FALSE,NA,NA,FALSE,TRUE,FALSE,"data_availability[cooper=Yes,mc=No];any_readme[cooper=Yes,mc=No]","COOPER_RIGHT","UNSUPPORTED REPO | Paper's own availability statement: ""Data available from the Cefas datahub https://doi.org/10.14466/cefasdatahub.43 (Thompson, 2017)."" Cites a real Other repo/database (Cefas) repository (https://doi.org/10.14466/cefasdatahub.43). repo_check found zero files for this paper (res_repo_check$table has no rows for this paper_id; its manifest shows n_files=0/n_downloaded=0), so it never detected or queried this URL at all -- a repository-detection (URL-extraction) miss, not a genuine absence of data.",NA,NA,NA,NA,NA,NA,NA,NA,NA,NA,"COOPER_RIGHT","repo_check found zero files for this paper (res_repo_check$table has no rows for this paper_id), so it had no basis to detect a README even if one exists in the actual (un-located) repository.",TRUE
"10_1111_1365_2656_13249","10_1111_1365_2656_13249","Yes","Dryad","Yes","Yes","Yes",".csv/.tsv","Yes","Yes","No",NA,NA,NA,TRUE,NA,NA,NA,NA,NA,FALSE,NA,FALSE,NA,NA,FALSE,TRUE,FALSE,"any_readme[cooper=Yes,mc=No]",NA,NA,NA,NA,NA,NA,NA,NA,NA,NA,NA,NA,"DIFFERENT_DEFINITION","Archive-only: repo_check's file listing for this paper is a single compressed archive (.zip/.rar/...) with no separate top-level file. repo_check's own peek_zips=TRUE default DOES try to read a zip's file listing remotely without downloading it, so a README bundled inside is not automatically invisible -- but that peek attempt evidently failed for this specific archive. Confirmed structural cause for Dryad-hosted zips: the peek's HTTP Range request is unauthenticated and Dryad's file-download endpoint returns 401 Unauthorized without an OAuth token, so the peek can never succeed there. For Zenodo/other platforms the failure cause is not yet fully pinned down (see the issue's discussion). Filed as https://github.com/scienceverse/metacheck/issues/378. DIFFERENT_DEFINITION rather than a verdict: resolving this needs a code fix (authenticated peek requests, at minimum for Dryad), not a judgement call on this specific paper.",TRUE
"10_1111_1365_2745_12749","10_1111_1365_2745_12749","Yes","Other repo/database","Yes","Yes","Yes",".csv/.tsv","Yes","Yes","No",NA,NA,NA,FALSE,NA,NA,NA,NA,NA,FALSE,NA,FALSE,NA,NA,FALSE,TRUE,FALSE,"data_availability[cooper=Yes,mc=No];any_readme[cooper=Yes,mc=No]","DIFFERENT_DEFINITION","Paper's only availability statement is ""Data Accessibility Data, including location, growth, and iWUE data are located at ScholarsArchive@OSU"" -- a named institutional repository but with no captured URL/DOI for repo_check to extract. Cooper's Yes credits the named-repository citation; mc's FALSE reflects that repo_check had no crawlable link to check (repo_n=0) -- a structural gap rather than a clear detection failure of a given URL.",NA,NA,NA,NA,NA,NA,NA,NA,NA,NA,"UNCLEAR","Given the ambiguity of whether ScholarsArchive@OSU was ever crawlable at all (no URL/DOI captured in text), it cannot be determined whether the repo actually contains a readme or how Cooper reached Yes.",TRUE
"10_1111_2041_210x_13082","10_1111_2041_210x_13082","No",NA,NA,NA,NA,NA,NA,"Yes","No",NA,NA,NA,TRUE,"Dryad","doi:10.5061/dryad.b4c70;doi:10.5061/dryad.j2p2h3s",TRUE,TRUE,".csv;.txt",FALSE,NA,FALSE,NA,NA,FALSE,NA,FALSE,"data_availability[cooper=No,mc=Yes]","METACHECK_RIGHT","Data Accessibility statement clearly cites two real Dryad DOIs for actual data (""Data from Maxwell's duikers in Tai National Park are archived at the Dryad Data Repository https://doi.org/10.5061/dryad.b4c70... as are the raw Montrave Estate cue count data (https://doi.org/10.5061/dryad.j2p2h3s)""); Cooper's ""No"" appears to be a genuine human coding error",NA,NA,NA,NA,NA,NA,NA,NA,NA,NA,NA,NA,TRUE
"10_1111_1365_2656_14017","10_1111_1365_2656_14017","Yes","Dryad;Other repo/database","Yes","Yes","Yes",".csv/.tsv","Yes","Yes","Yes","Yes","R","No",TRUE,"Dryad","doi:10.5061/dryad.f1vhhmh30",TRUE,TRUE,".csv",TRUE,NA,FALSE,NA,NA,TRUE,TRUE,TRUE,"code_archived[cooper=Yes,mc=No]",NA,NA,NA,NA,NA,NA,NA,NA,"COOPER_RIGHT","Data Availability Statement explicitly states ""Estimated home range area, prey densities, nesting success and R code are available through the Dryad Data Repository"" - R code is bundled with data in the same Dryad repository, matching the known pattern of metacheck failing to detect code co-located with data",NA,NA,NA,NA,TRUE
"10_1111_1365_2745_13676","10_1111_1365_2745_13676","Yes","Zenodo","Yes","Yes","Yes",".csv/.tsv;.shp","Yes","Yes","Yes","Yes","Python","Yes",TRUE,"Dryad","doi:10.5061/dryad.s1rn8pk6k",TRUE,NA,".rar",FALSE,NA,FALSE,NA,NA,FALSE,TRUE,FALSE,"code_archived[cooper=Yes,mc=No];data_archive[cooper=Zenodo,mc=Dryad];any_readme[cooper=Yes,mc=No]",NA,NA,"METACHECK_RIGHT","Data Availability Statement and reference list clearly and only cite Dryad (""Dryad Digital Repository, https://doi.org/10.5061/dryad.s1rn8pk6k""); no Zenodo reference exists anywhere in the paper, so Cooper's ""Zenodo"" label appears to be a coding error",NA,NA,NA,NA,"METACHECK_RIGHT","the Data Availability Statement and full paper text contain no mention of code, scripts, or software being archived anywhere - only ""raw data"" is referenced",NA,NA,"DIFFERENT_DEFINITION","Archive-only: repo_check's file listing for this paper is a single compressed archive (.zip/.rar/...) with no separate top-level file. repo_check's own peek_zips=TRUE default DOES try to read a zip's file listing remotely without downloading it, so a README bundled inside is not automatically invisible -- but that peek attempt evidently failed for this specific archive. Confirmed structural cause for Dryad-hosted zips: the peek's HTTP Range request is unauthenticated and Dryad's file-download endpoint returns 401 Unauthorized without an OAuth token, so the peek can never succeed there. For Zenodo/other platforms the failure cause is not yet fully pinned down (see the issue's discussion). Filed as https://github.com/scienceverse/metacheck/issues/378. DIFFERENT_DEFINITION rather than a verdict: resolving this needs a code fix (authenticated peek requests, at minimum for Dryad), not a judgement call on this specific paper.",TRUE
"10_1111_1365_2435_14350","10_1111_1365_2435_14350","Yes","Zenodo","Yes","Unsure","Yes",".csv/.tsv","No","Yes","Yes","Yes","Mathematica","No",TRUE,NA,NA,NA,NA,NA,FALSE,NA,FALSE,NA,NA,FALSE,FALSE,FALSE,"code_archived[cooper=Yes,mc=No]",NA,NA,NA,NA,NA,NA,NA,NA,"COOPER_RIGHT","same statement explicitly includes ""Model code... are available on Zenodo"" - metacheck missed this Zenodo link for code as well as for data",NA,NA,NA,NA,TRUE
"10_1111_1365_2435_14284","10_1111_1365_2435_14284","Yes","Zenodo","Yes","Yes","Yes",".csv/.tsv;.xls(x);.mp4","Yes","Yes","Yes","Yes","R","Yes",FALSE,NA,NA,NA,NA,NA,FALSE,NA,FALSE,NA,NA,FALSE,TRUE,FALSE,"data_availability[cooper=Yes,mc=No];code_archived[cooper=Yes,mc=No];any_readme[cooper=Yes,mc=No]","COOPER_RIGHT","Paper text (partly truncated by extraction): ""All data and associated scripts used in this study are available on [Zenodo]"", matching the reference list: ""Shah, A. A. et al. (2023)... Zenodo. https://doi.org/10.5281/zenodo.7573829."" Data and scripts together are explicitly claimed in one Zenodo repository, but repo_check has zero rows for this paper -- entirely missed. | KNOWN METACHECK LIMITATION (not yet fixed, github.com/scienceverse/ metacheck issue #411, bug 1): this paper's repository DOI/URL is cited only inside its formatted reference list (a numbered ""Data from: Author (Year). Title [Dataset]. https://doi.org/..."" entry), never as an inline hyperlink or bare in-text mention. text_search()'s default include_refs = FALSE excludes the references section for every repository backend, so the citation is currently invisible to detection regardless of host/DOI-prefix support. Confirmed live 2026-09-19: the DOI itself resolves correctly when queried directly.",NA,NA,NA,NA,NA,NA,"COOPER_RIGHT","Same Zenodo repository explicitly claimed to hold the paper's scripts as well as its data (""data and associated scripts... available on [Zenodo]""); repo_check has zero rows for this paper, so the code was never found either.",NA,NA,"COOPER_RIGHT","Same repo-detection miss: the Zenodo repository was never fetched by repo_check, so mc_any_readme's FALSE reflects zero files examined, not evidence of no README.",TRUE
"10_1111_1365_2664_13669","10_1111_1365_2664_13669","Yes","Dryad","Yes","Yes","Yes",".xls(x)","Yes","Yes","No",NA,NA,NA,TRUE,"Dryad","doi:10.5061/dryad.j6q573n9s",TRUE,TRUE,".xls",FALSE,NA,FALSE,NA,NA,FALSE,TRUE,FALSE,"any_readme[cooper=Yes,mc=No]",NA,NA,NA,NA,NA,NA,NA,NA,NA,NA,NA,NA,"DIFFERENT_DEFINITION","Cooper's Yes for this paper's README likely reflects Dryad's dataset abstract (the ONLY free-text field Dryad's API exposes) -- confirmed on 9 real Dryad datasets from this same miss set that this field is consistently the paper's own scientific abstract (numbered background/methods/results prose), never file-level documentation. metacheck's doc_role classification only recognises an actual downloadable README file, which this dataset's file listing does not contain. Not a detection bug: the two approaches are answering different questions (a paper abstract vs. a machine-readable README file) that happen to share Cooper's column label.",TRUE
"10_1111_2041_210x_14427","10_1111_2041_210x_14427","Yes","Zenodo;Other repo/database","Yes, but not for all data archived","Yes, but not for all data archived","Yes",NA,"No","Yes","Yes","Yes","R",NA,TRUE,"Zenodo","10.5281/zenodo.13523628",TRUE,TRUE,".txt",TRUE,NA,TRUE,TRUE,"R",TRUE,FALSE,TRUE,"any_readme[cooper=No,mc=Yes]",NA,NA,NA,NA,NA,NA,NA,NA,NA,NA,NA,NA,"METACHECK_RIGHT","repo_check found a real README.md (doc_role=readme) in the GitHub repo -- Cooper's coders missed it.",TRUE
"10_1111_1365_2656_12977","10_1111_1365_2656_12977","Yes","Dryad","Yes","Yes","Yes",".csv/.tsv","Yes","Yes","Yes","Yes","R","No",TRUE,"Dryad","doi:10.5061/dryad.5682v7j",TRUE,TRUE,".csv",FALSE,NA,FALSE,NA,NA,FALSE,TRUE,FALSE,"code_archived[cooper=Yes,mc=No];any_readme[cooper=Yes,mc=No]",NA,NA,NA,NA,NA,NA,NA,NA,"METACHECK_RIGHT","Data Accessibility statement only mentions Dryad for data; no code/scripts described as archived anywhere - Methods only cites standard R packages (lme4, HMSC) used for analysis, not the authors' own archived analysis code",NA,NA,"DIFFERENT_DEFINITION","Cooper's Yes for this paper's README likely reflects Dryad's dataset abstract (the ONLY free-text field Dryad's API exposes) -- confirmed on 9 real Dryad datasets from this same miss set that this field is consistently the paper's own scientific abstract (numbered background/methods/results prose), never file-level documentation. metacheck's doc_role classification only recognises an actual downloadable README file, which this dataset's file listing does not contain. Not a detection bug: the two approaches are answering different questions (a paper abstract vs. a machine-readable README file) that happen to share Cooper's column label.",TRUE
"10_1111_1365_2435_13629","10_1111_1365_2435_13629","Yes","Other repo/database","No","Yes","Yes",".xls(x)","Quasi-README","Yes","No",NA,NA,NA,FALSE,NA,NA,NA,NA,NA,FALSE,NA,FALSE,NA,NA,FALSE,TRUE,FALSE,"data_availability[cooper=Yes,mc=No];any_readme[cooper=Yes,mc=No]","COOPER_RIGHT","UNSUPPORTED REPO | Paper states ""All data are archived at the Manaaki Whenua data repository at https://doi.org/10.7931/8v94-zh60""; repo_check's summary_table shows repo_n=0 -- this repository was never detected.",NA,NA,NA,NA,NA,NA,NA,NA,NA,NA,"COOPER_RIGHT","The Manaaki Whenua data repository deposit (10.7931/8v94-zh60) was never detected by repo_check (repo_n=0), so metacheck never checked it for a readme.",TRUE
"10_1111_1365_2664_12979","10_1111_1365_2664_12979","Yes","Dryad","Yes","Yes","Yes",".csv/.tsv","Yes","Yes","No",NA,NA,NA,TRUE,"Dryad","doi:10.5061/dryad.rg073",TRUE,TRUE,".csv",FALSE,NA,FALSE,NA,NA,FALSE,TRUE,FALSE,"any_readme[cooper=Yes,mc=No]",NA,NA,NA,NA,NA,NA,NA,NA,NA,NA,NA,NA,"DIFFERENT_DEFINITION","Cooper's Yes for this paper's README likely reflects Dryad's dataset abstract (the ONLY free-text field Dryad's API exposes) -- confirmed on 9 real Dryad datasets from this same miss set that this field is consistently the paper's own scientific abstract (numbered background/methods/results prose), never file-level documentation. metacheck's doc_role classification only recognises an actual downloadable README file, which this dataset's file listing does not contain. Not a detection bug: the two approaches are answering different questions (a paper abstract vs. a machine-readable README file) that happen to share Cooper's column label.",TRUE
"10_1111_1365_2664_13996","10_1111_1365_2664_13996","Yes","Figshare","No","Yes","Yes",".csv/.tsv;.shp;.dbf","No","Yes","Yes","Yes","R","No",TRUE,NA,NA,NA,NA,NA,FALSE,NA,FALSE,NA,NA,FALSE,FALSE,FALSE,"code_archived[cooper=Yes,mc=No]",NA,NA,NA,NA,NA,NA,NA,NA,"COOPER_RIGHT","same statement explicitly says ""Data and code also available via figshare"" - metacheck missed the code archive claim as well",NA,NA,NA,NA,TRUE
"10_1002_pan3_10500__dup2","10_1002_pan3_10500","Yes","Dryad","Yes","Yes","Yes",".txt","Yes","Yes","No",NA,NA,NA,TRUE,"OSF",NA,FALSE,TRUE,".csv",FALSE,NA,FALSE,NA,NA,FALSE,TRUE,FALSE,"data_license[cooper=Yes,mc=No];data_archive[cooper=Dryad,mc=OSF];any_readme[cooper=Yes,mc=No]",NA,NA,"METACHECK_RIGHT","Paper text explicitly and only names OSF (""available on the Open Science Framework: https://osf.io/zrbq5""), never Dryad. Cooper coded Dryad with no textual basis found.","METACHECK_RIGHT","Paper text: ""The dataset that includes computed study variables is available on the Open Science Framework: https://osf.io/zrbq5"" -- OSF confirmed. No repo_metadata license row found for this OSF project (OSF frequently has no machine-readable license field), consistent with mc_data_license=FALSE; Cooper coded Yes with no license source identifiable from the paper text or the OSF project itself.",NA,NA,NA,NA,NA,NA,"COOPER_RIGHT","repo_check found the OSF project (1 file) but no README-classified file; Cooper coded README present, plausibly reading OSF project-level metadata/wiki text as README-equivalent -- the same any_readme DIFFERENT_DEFINITION pattern documented elsewhere in this review, but left as COOPER_RIGHT since the specific OSF field was not independently re-verified live for this paper.",TRUE
"10_1002_2688_8319_12229","10_1002_2688_8319_12229","Yes","Other repo/database","Yes","Unsure","Yes",".csv/.tsv","Yes","Yes","Yes","Yes","R","No",TRUE,"OSF",NA,FALSE,TRUE,".csv;.xlsx",FALSE,NA,TRUE,TRUE,"R",FALSE,TRUE,FALSE,"data_archive[cooper=Other repo/database,mc=OSF];any_readme[cooper=Yes,mc=No]",NA,NA,"METACHECK_RIGHT","the URL and reference list both clearly identify OSF (""OSF."" https://doi.org/10.17605/OSF.IO/CKZVE); Cooper's ""Other repo/database"" label appears to be a human coding slip",NA,NA,NA,NA,NA,NA,NA,NA,"DIFFERENT_DEFINITION","Platform-specific pattern not established for this repository type (osf/github/other) -- see the dominant Dryad/Zenodo/Figshare patterns documented for the majority of this column's disagreements; this individual case was not separately investigated.",TRUE
"10_1111_1365_2664_13794","10_1111_1365_2664_13794","Yes","Dryad","Yes","Yes","Yes",".xls(x)","Yes","Yes","No",NA,NA,NA,TRUE,"Dryad","doi:10.5061/dryad.rr4xgxd72",TRUE,TRUE,".xlsx",FALSE,NA,FALSE,NA,NA,FALSE,TRUE,FALSE,"any_readme[cooper=Yes,mc=No]",NA,NA,NA,NA,NA,NA,NA,NA,NA,NA,NA,NA,"DIFFERENT_DEFINITION","Cooper's Yes for this paper's README likely reflects Dryad's dataset abstract (the ONLY free-text field Dryad's API exposes) -- confirmed on 9 real Dryad datasets from this same miss set that this field is consistently the paper's own scientific abstract (numbered background/methods/results prose), never file-level documentation. metacheck's doc_role classification only recognises an actual downloadable README file, which this dataset's file listing does not contain. Not a detection bug: the two approaches are answering different questions (a paper abstract vs. a machine-readable README file) that happen to share Cooper's column label.",TRUE
"10_1111_1365_2656_12706","10_1111_1365_2656_12706","Yes","Dryad","Yes","Yes","Yes",".txt","Yes","Yes","Yes","Yes","R","Yes",TRUE,"Dryad","doi:10.5061/dryad.8d7m7",TRUE,NA,".zip",TRUE,NA,FALSE,NA,NA,TRUE,TRUE,TRUE,"code_archived[cooper=Yes,mc=No]",NA,NA,NA,NA,NA,NA,NA,NA,"METACHECK_RIGHT","Data Accessibility statement only mentions Dryad for data (""Data available from the Dryad Digital Repository""); no code, scripts, or software archiving is mentioned anywhere in the paper text, including the Methods section",NA,NA,NA,NA,TRUE
"10_1111_2041_210x_13387","10_1111_2041_210x_13387","Yes","Dryad","Yes","Yes","Yes",".Rdata","Yes","Yes","Yes","Yes","R","No",TRUE,NA,NA,NA,NA,NA,FALSE,NA,TRUE,TRUE,"R",FALSE,TRUE,FALSE,"any_readme[cooper=Yes,mc=No]",NA,NA,NA,NA,NA,NA,NA,NA,NA,NA,NA,NA,"DIFFERENT_DEFINITION","Cooper's Yes for this paper's README likely reflects Dryad's dataset abstract (the ONLY free-text field Dryad's API exposes) -- confirmed on 9 real Dryad datasets from this same miss set that this field is consistently the paper's own scientific abstract (numbered background/methods/results prose), never file-level documentation. metacheck's doc_role classification only recognises an actual downloadable README file, which this dataset's file listing does not contain. Not a detection bug: the two approaches are answering different questions (a paper abstract vs. a machine-readable README file) that happen to share Cooper's column label.",TRUE
"10_1111_1365_2745_13204","10_1111_1365_2745_13204","Yes","Dryad","Yes","Yes","Yes",".xls(x)","Yes","Yes","No",NA,NA,NA,TRUE,"Dryad","doi:10.5061/dryad.203pf67",TRUE,TRUE,".xlsx",FALSE,NA,FALSE,NA,NA,FALSE,TRUE,FALSE,"any_readme[cooper=Yes,mc=No]",NA,NA,NA,NA,NA,NA,NA,NA,NA,NA,NA,NA,"DIFFERENT_DEFINITION","Cooper's Yes for this paper's README likely reflects Dryad's dataset abstract (the ONLY free-text field Dryad's API exposes) -- confirmed on 9 real Dryad datasets from this same miss set that this field is consistently the paper's own scientific abstract (numbered background/methods/results prose), never file-level documentation. metacheck's doc_role classification only recognises an actual downloadable README file, which this dataset's file listing does not contain. Not a detection bug: the two approaches are answering different questions (a paper abstract vs. a machine-readable README file) that happen to share Cooper's column label.",TRUE
"10_1111_2041_210x_13837","10_1111_2041_210x_13837","No",NA,NA,NA,NA,NA,NA,"Yes","Yes","Yes","R","No",TRUE,"GitHub, GitLab, Codeberg or similar platform",NA,FALSE,TRUE,".csv;.data",TRUE,NA,TRUE,TRUE,"R",TRUE,FALSE,TRUE,"data_availability[cooper=No,mc=Yes];any_readme[cooper=No,mc=Yes]","COOPER_RIGHT","Data Availability Statement says ""The methods and results are available on GitHub... and on Zeondo [sic]"" - this describes a code/model repository (""methods and results""), not a separate archived empirical dataset; the paper describes raw accelerometer/tracking data collected in Methods (""The logger compressed the raw accelerometer data"") but never states where that raw data itself is archived, matching the known pattern of a code repo's bundled output being miscounted as satisfying data availability",NA,NA,NA,NA,NA,NA,NA,NA,NA,NA,"METACHECK_RIGHT","Two GitHub repositories (KiranLDA/PAMLr, Lothar1999/BirdMigrationWithWind) plus a Zenodo archive (10.5281/zenodo.5997318). repo_check's file listing shows a README.md. code_archived=Yes on both sides; Cooper coded code_README=No, not matching the real README found on the code repository. (Note: this paper's data_archive was separately flagged this session as a repo_check conflation of a code repository with the data archive -- the code_README finding here is independent of that data-side issue.)",TRUE
"10_1111_1365_2435_12872","10_1111_1365_2435_12872","Yes","Dryad","Yes","Yes","Yes",".xls(x)","Quasi-README","Yes","No",NA,NA,NA,TRUE,"Dryad","doi:10.5061/dryad.73p8s",TRUE,NA,".rar",FALSE,NA,FALSE,NA,NA,FALSE,TRUE,FALSE,"any_readme[cooper=Yes,mc=No]",NA,NA,NA,NA,NA,NA,NA,NA,NA,NA,NA,NA,"DIFFERENT_DEFINITION","Archive-only: repo_check's file listing for this paper is a single compressed archive (.zip/.rar/...) with no separate top-level file. repo_check's own peek_zips=TRUE default DOES try to read a zip's file listing remotely without downloading it, so a README bundled inside is not automatically invisible -- but that peek attempt evidently failed for this specific archive. Confirmed structural cause for Dryad-hosted zips: the peek's HTTP Range request is unauthenticated and Dryad's file-download endpoint returns 401 Unauthorized without an OAuth token, so the peek can never succeed there. For Zenodo/other platforms the failure cause is not yet fully pinned down (see the issue's discussion). Filed as https://github.com/scienceverse/metacheck/issues/378. DIFFERENT_DEFINITION rather than a verdict: resolving this needs a code fix (authenticated peek requests, at minimum for Dryad), not a judgement call on this specific paper.",TRUE
"10_1111_1365_2435_13360","10_1111_1365_2435_13360","Yes","Other repo/database","Yes, but DOI not found/incorrect","Yes","Yes",".txt;.xls(x)","Yes","Yes","No",NA,NA,NA,FALSE,NA,NA,NA,NA,NA,FALSE,NA,FALSE,NA,NA,FALSE,TRUE,FALSE,"data_availability[cooper=Yes,mc=No];any_readme[cooper=Yes,mc=No]","COOPER_RIGHT","Paper text: ""Supplementary data supporting this manuscript are available at https://hdl.handle.net/10411/6Q1YDC (Verhagen, 2019)"", a DataverseNL deposit. DataverseNL is not a platform repo_check recognizes; repo_check has zero rows for this paper. | KNOWN METACHECK LIMITATION (not yet fixed, github.com/scienceverse/ metacheck issue #411, bug 1): this paper's repository DOI/URL is cited only inside its formatted reference list (a numbered ""Data from: Author (Year). Title [Dataset]. https://doi.org/..."" entry), never as an inline hyperlink or bare in-text mention. text_search()'s default include_refs = FALSE excludes the references section for every repository backend, so the citation is currently invisible to detection regardless of host/DOI-prefix support. Confirmed live 2026-09-19: the DOI itself resolves correctly when queried directly.",NA,NA,NA,NA,NA,NA,NA,NA,NA,NA,"COOPER_RIGHT","Same repo-detection miss as data_availability: the DataverseNL deposit was never fetched by repo_check, so mc_any_readme's FALSE reflects zero files examined, not evidence of no README.",TRUE
"10_1002_pan3_10547","10_1002_pan3_10547","Yes",NA,NA,NA,NA,NA,NA,"No",NA,NA,NA,NA,FALSE,NA,NA,NA,NA,NA,FALSE,NA,FALSE,NA,NA,FALSE,NA,FALSE,"data_availability[cooper=Yes,mc=No]","DIFFERENT_DEFINITION","The paper's own data-availability sentence reads: 'The data have not been archived because participants were...' (the sentence is cut off in the extracted text, most plausibly continuing with a confidentiality reason and, per the common pattern in this journal, an 'available upon reasonable request' clause). mc_data_availability=FALSE is consistent with what the paper's own text explicitly states (no archived repository exists for repo_check to find). Cooper's Yes likely reflects a broader reading that counts 'available upon reasonable request from the authors' as satisfying data availability, whereas metacheck's operationalization requires a crawlable repository with files -- by construction, an on-request arrangement can never produce one.",NA,NA,NA,NA,NA,NA,NA,NA,NA,NA,NA,NA,TRUE
"10_1111_2041_210x_12871","10_1111_2041_210x_12871","Yes","Other repo/database","No","Yes","Yes",".fastq.gz","Yes","Yes","No",NA,NA,NA,FALSE,NA,NA,NA,NA,NA,FALSE,NA,FALSE,NA,NA,FALSE,TRUE,FALSE,"data_availability[cooper=Yes,mc=No];any_readme[cooper=Yes,mc=No]","COOPER_RIGHT","UNSUPPORTED REPO | Paper text: ""The data is accessible at the Electronic Research Data Archive at the University of Copenhagen (UCPH ERDA). http://www.erda.dk/public/archives/..."" ERDA is an institutional repository not recognized by repo_check; repo_check has zero rows for this paper.",NA,NA,NA,NA,NA,NA,NA,NA,NA,NA,"COOPER_RIGHT","Same repo-detection miss as data_availability: the UCPH ERDA archive was never fetched by repo_check, so mc_any_readme's FALSE reflects zero files examined, not evidence of no README.",TRUE
"10_1111_2041_210x_13623","10_1111_2041_210x_13623",NA,NA,NA,NA,NA,NA,NA,"Yes","Yes","Yes","R","Yes",FALSE,NA,NA,NA,NA,NA,FALSE,NA,FALSE,NA,NA,FALSE,TRUE,FALSE,"code_archived[cooper=Yes,mc=No];any_readme[cooper=Yes,mc=No]",NA,NA,NA,NA,NA,NA,NA,NA,"COOPER_RIGHT","Paper text: 'All data are archived at the Manaaki Whenua data repository at https://doi.org/10.7931/8v94-zh60.' No separate code repository is mentioned, and Manaaki Whenua is not a repo_check-recognized platform; repo_check found/listed nothing at all for this paper, so it could not check whether code and/or a readme are bundled in that same deposit.",NA,NA,"COOPER_RIGHT","Same root cause: Manaaki Whenua is not a repo_check-recognized platform.",TRUE
"10_1111_1365_2745_12804","10_1111_1365_2745_12804","Yes","Figshare","Yes","Yes","Yes",".xls(x)","Yes","Yes","Yes","Yes","MATLAB","Yes",TRUE,"GitHub, GitLab, Codeberg or similar platform",NA,FALSE,NA,".mat",TRUE,NA,TRUE,TRUE,"MATLAB",TRUE,TRUE,TRUE,"data_license[cooper=Yes,mc=No];data_archive[cooper=Figshare,mc=GitHub, GitLab, Codeberg or similar platform]",NA,NA,"UNCLEAR","the actual data is hosted at Smithsonian institutional DOIs (""BCI Forest Dynamics Plot tree census data: https://doi.org/10.5479/data.bci.20130603... BCI Forest Dynamics Plot canopy gap data: https://doi.org/10.5479/data.bci20140711""), a domain-specific repository that is neither Figshare (Cooper's label) nor GitHub (metacheck's label, which is explicitly the ""Source code"" link, not data); both Cooper and metacheck appear to have mislabeled the actual data_archive platform, so this is not a case where either party is clearly correct","COOPER_RIGHT","GitHub repository adamtclark/FunctionalTrait_WaveletVar genuinely has no license set, confirmed live 2026-09-02 via GitHub's own repository API (https://api.github.com/repos/adamtclark/FunctionalTrait_WaveletVar), the same source metacheck reads from (""license"": null). Cooper's Yes does not match what GitHub currently reports for this repository.",NA,NA,NA,NA,NA,NA,NA,NA,TRUE
"10_1111_1365_2664_13795","10_1111_1365_2664_13795","Yes","Other repo/database",NA,NA,NA,NA,NA,"Yes","Yes","Yes","R","Yes",TRUE,NA,NA,NA,NA,NA,TRUE,NA,FALSE,NA,NA,TRUE,TRUE,TRUE,"code_archived[cooper=Yes,mc=No]",NA,NA,NA,NA,NA,NA,NA,NA,"COOPER_RIGHT","biomonitoR, a GitHub-hosted R package. Same R-package-source-tree-exclusion pattern; no real source files found in the listing.",NA,NA,NA,NA,TRUE
"10_1002_pan3_10640","10_1002_pan3_10640","Yes",NA,"No","No",NA,NA,"No","No",NA,NA,NA,NA,FALSE,NA,NA,NA,NA,NA,FALSE,NA,FALSE,NA,NA,FALSE,FALSE,FALSE,"data_availability[cooper=Yes,mc=No]","COOPER_RIGHT","Full-text search finds: 'Example quotes are provided in the text, and further data can be found in Supporting Information (Table S1)' alongside 'Full transcripts of the interviews cannot be made available to avoid compromising respondents' anonymity.' The raw interview transcripts are explicitly withheld, but the paper states some data (Table S1) is provided in the journal's own Supporting Information -- which repo_check does not check at all (it only examines external repo_urls, not journal SI attachments). This is consistent with metacheck's FALSE being a scope gap rather than a genuine absence of any data. | KNOWN METACHECK LIMITATION (not yet fixed, github.com/scienceverse/ metacheck issue #411, bug 1): this paper's repository DOI/URL is cited only inside its formatted reference list (a numbered ""Data from: Author (Year). Title [Dataset]. https://doi.org/..."" entry), never as an inline hyperlink or bare in-text mention. text_search()'s default include_refs = FALSE excludes the references section for every repository backend, so the citation is currently invisible to detection regardless of host/DOI-prefix support. Confirmed live 2026-09-19: the DOI itself resolves correctly when queried directly.",NA,NA,NA,NA,NA,NA,NA,NA,NA,NA,NA,NA,TRUE
"10_1111_2041_210x_13669","10_1111_2041_210x_13669","Yes","Zenodo","Yes","No","Yes",".fcsv;.json;.ply;.vtk;.mrb","Yes","Yes","No",NA,NA,NA,TRUE,NA,NA,NA,NA,NA,TRUE,NA,TRUE,TRUE,"Python",TRUE,TRUE,TRUE,"code_archived[cooper=No,mc=Yes]",NA,NA,NA,NA,NA,NA,NA,NA,"COOPER_RIGHT","this is a software paper describing the SlicerMorph extension itself, but the Data Availability Statement never cites SlicerMorph's own source code repository by URL; the only GitHub link in the paper is for a third-party dependency, auto3Dgm, which the text explicitly says is ""maintained outside the SlicerMorph project"" - metacheck appears to have conflated this incidental third-party tool citation with the paper's own code being archived",NA,NA,NA,NA,TRUE
"10_1111_1365_2435_13255","10_1111_1365_2435_13255","Yes","Other repo/database","Yes","No","Yes",".csv/.tsv;.txt","Yes","Yes","No",NA,NA,NA,FALSE,NA,NA,NA,NA,NA,FALSE,NA,FALSE,NA,NA,FALSE,TRUE,FALSE,"data_availability[cooper=Yes,mc=No];any_readme[cooper=Yes,mc=No]","COOPER_RIGHT","UNSUPPORTED REPO | Paper's own availability statement: ""All data used in this manuscript have been uploaded to the Senckenberg Data and Metadata Repository ... https://doi.org/10.12761/SGN.2018.10268 (Quitian, Santillan, Bender, et al., 2018b)."" Cites a real Other repo/database (Senckenberg) repository (https://doi.org/10.12761/SGN.2018.10268). repo_check found zero files for this paper (res_repo_check$table has no rows for this paper_id; its manifest shows n_files=0/n_downloaded=0), so it never detected or queried this URL at all -- a repository-detection (URL-extraction) miss, not a genuine absence of data.",NA,NA,NA,NA,NA,NA,NA,NA,NA,NA,"COOPER_RIGHT","repo_check found zero files for this paper (res_repo_check$table has no rows for this paper_id), so it had no basis to detect a README even if one exists in the actual (un-located) repository.",TRUE
"10_1111_1365_2664_13890","10_1111_1365_2664_13890","Yes","Other repo/database","Yes","No","Yes",".xls(x)","Yes","Yes","No",NA,NA,NA,FALSE,NA,NA,NA,NA,NA,FALSE,NA,FALSE,NA,NA,FALSE,TRUE,FALSE,"data_availability[cooper=Yes,mc=No];any_readme[cooper=Yes,mc=No]","COOPER_RIGHT","UNSUPPORTED REPO | Paper text: ""Data available from DIGITAL.CSIC Repository: Plant population..."" (Spanish National Research Council's institutional repository). DIGITAL.CSIC is not among metacheck's supported repo_check providers, so repo_check never attempted this repository at all, leaving repo_check$table empty and producing mc_data_availability=FALSE.",NA,NA,NA,NA,NA,NA,NA,NA,NA,NA,"COOPER_RIGHT","Same unsupported-provider gap: DIGITAL.CSIC is not repo_check-supported, so no file listing or doc_role signal was ever generated for this paper.",TRUE
"10_1111_1365_2664_14063","10_1111_1365_2664_14063","Yes","Other repo/database","Yes","Yes","Yes",".csv/.tsv","Yes","Yes","No",NA,NA,NA,FALSE,NA,NA,NA,NA,NA,FALSE,NA,FALSE,NA,NA,FALSE,TRUE,FALSE,"data_availability[cooper=Yes,mc=No];any_readme[cooper=Yes,mc=No]","COOPER_RIGHT","UNSUPPORTED REPO | Paper's own availability statement: ""Data on diet composition supporting this paper available via EnviDat v.0.1 repository https://doi.org/10.16904/envidat.249 (Casanelles-...)."" Cites a real Other repo/database (EnviDat) repository (https://doi.org/10.16904/envidat.249). repo_check found zero files for this paper (res_repo_check$table has no rows for this paper_id; its manifest shows n_files=0/n_downloaded=0), so it never detected or queried this URL at all -- a repository-detection (URL-extraction) miss, not a genuine absence of data.",NA,NA,NA,NA,NA,NA,NA,NA,NA,NA,"COOPER_RIGHT","repo_check found zero files for this paper (res_repo_check$table has no rows for this paper_id), so it had no basis to detect a README even if one exists in the actual (un-located) repository.",TRUE
"10_1002_2688_8319_12118","10_1002_2688_8319_12118","Yes","Dryad","Yes","Yes","Yes",".xls(x)","Yes","Yes","No",NA,NA,NA,TRUE,"Dryad","doi:10.5061/dryad.fttdz08tp",TRUE,TRUE,".xlsx",FALSE,NA,FALSE,NA,NA,FALSE,TRUE,FALSE,"any_readme[cooper=Yes,mc=No]",NA,NA,NA,NA,NA,NA,NA,NA,NA,NA,NA,NA,"DIFFERENT_DEFINITION","Cooper's Yes for this paper's README likely reflects Dryad's dataset abstract (the ONLY free-text field Dryad's API exposes) -- confirmed on 9 real Dryad datasets from this same miss set that this field is consistently the paper's own scientific abstract (numbered background/methods/results prose), never file-level documentation. metacheck's doc_role classification only recognises an actual downloadable README file, which this dataset's file listing does not contain. Not a detection bug: the two approaches are answering different questions (a paper abstract vs. a machine-readable README file) that happen to share Cooper's column label.",TRUE
"10_1111_1365_2664_14470","10_1111_1365_2664_14470","Yes","Other repo/database","No","Yes","Yes",".csv/.tsv;.txt;.shp","Yes","Yes","No",NA,NA,NA,FALSE,NA,NA,NA,NA,NA,FALSE,NA,FALSE,NA,NA,FALSE,TRUE,FALSE,"data_availability[cooper=Yes,mc=No];any_readme[cooper=Yes,mc=No]","COOPER_RIGHT","UNSUPPORTED REPO | Paper states ""Data available from the OFB data repository https://ged.ofb.fr/share/s/mv2wsi4jToOSJg0N2Co5vg""; repo_check's summary_table shows repo_n=0 -- this French-agency share-link repository was never detected.",NA,NA,NA,NA,NA,NA,NA,NA,NA,NA,"COOPER_RIGHT","The OFB data repository share link was never detected by repo_check (repo_n=0), so metacheck never checked it for a readme.",TRUE
"10_1111_1365_2656_13688","10_1111_1365_2656_13688","Yes","Other repo/database","Yes","Yes","Yes",".csv/.tsv","No","Yes","No",NA,NA,NA,TRUE,"Figshare","10.25375/uct.19299062.v1",TRUE,TRUE,".csv",FALSE,NA,FALSE,NA,NA,FALSE,FALSE,FALSE,"data_archive[cooper=Other repo/database,mc=Figshare]",NA,NA,"METACHECK_RIGHT","Same as 10_1111_1365_2656_13544: Cooper coded 'Other repo/database'; the repository is ZivaHub (Figshare instance), confirmed live. metacheck's more specific 'Figshare' answer is correct.",NA,NA,NA,NA,NA,NA,NA,NA,NA,NA,TRUE
"10_1111_2041_210x_12738","10_1111_2041_210x_12738","Yes","Dryad","Yes","Yes","Yes",".csv/.tsv;.grd;.Rdata","No","Yes","Yes","Yes","R","Yes",TRUE,"Dryad","doi:10.5061/dryad.8467g",TRUE,TRUE,".csv;.zip",FALSE,NA,FALSE,NA,NA,FALSE,TRUE,FALSE,"code_archived[cooper=Yes,mc=No];any_readme[cooper=Yes,mc=No]",NA,NA,NA,NA,NA,NA,NA,NA,"COOPER_RIGHT","Automated keyword search of the paper's full text found no sentence combining a repository/availability cue with a code-specific term (code, script, R code, MATLAB, Python, source code) -- consistent with the paper only claiming DATA availability, not code, at the cited repository, and with repo_check/code_check finding no code file there either. Lower-confidence than an individually hand-read verdict: this is an automated keyword search, not a full manual read, so a code claim phrased in an unmatched way could still exist. COOPER_RIGHT.",NA,NA,"DIFFERENT_DEFINITION","Cooper's Yes for this paper's README likely reflects Dryad's dataset abstract (the ONLY free-text field Dryad's API exposes) -- confirmed on 9 real Dryad datasets from this same miss set that this field is consistently the paper's own scientific abstract (numbered background/methods/results prose), never file-level documentation. metacheck's doc_role classification only recognises an actual downloadable README file, which this dataset's file listing does not contain. Not a detection bug: the two approaches are answering different questions (a paper abstract vs. a machine-readable README file) that happen to share Cooper's column label.",TRUE
"10_1111_1365_2664_13072","10_1111_1365_2664_13072","Yes","Dryad","Yes","Yes","Yes",".txt","Yes","Yes","No",NA,NA,NA,TRUE,"Dryad","doi:10.5061/dryad.qt0jq",TRUE,TRUE,".txt",FALSE,NA,FALSE,NA,NA,FALSE,TRUE,FALSE,"any_readme[cooper=Yes,mc=No]",NA,NA,NA,NA,NA,NA,NA,NA,NA,NA,NA,NA,"DIFFERENT_DEFINITION","Cooper's Yes for this paper's README likely reflects Dryad's dataset abstract (the ONLY free-text field Dryad's API exposes) -- confirmed on 9 real Dryad datasets from this same miss set that this field is consistently the paper's own scientific abstract (numbered background/methods/results prose), never file-level documentation. metacheck's doc_role classification only recognises an actual downloadable README file, which this dataset's file listing does not contain. Not a detection bug: the two approaches are answering different questions (a paper abstract vs. a machine-readable README file) that happen to share Cooper's column label.",TRUE
"10_1111_1365_2745_13364","10_1111_1365_2745_13364","Yes","Dryad","Yes","Yes","Yes",".xls(x)","Yes","Yes","No",NA,NA,NA,TRUE,"Dryad","doi:10.5061/dryad.m905qftxf",TRUE,TRUE,".xlsx",FALSE,NA,FALSE,NA,NA,FALSE,TRUE,FALSE,"any_readme[cooper=Yes,mc=No]",NA,NA,NA,NA,NA,NA,NA,NA,NA,NA,NA,NA,"DIFFERENT_DEFINITION","Cooper's Yes for this paper's README likely reflects Dryad's dataset abstract (the ONLY free-text field Dryad's API exposes) -- confirmed on 9 real Dryad datasets from this same miss set that this field is consistently the paper's own scientific abstract (numbered background/methods/results prose), never file-level documentation. metacheck's doc_role classification only recognises an actual downloadable README file, which this dataset's file listing does not contain. Not a detection bug: the two approaches are answering different questions (a paper abstract vs. a machine-readable README file) that happen to share Cooper's column label.",TRUE
"10_1111_1365_2664_14102","10_1111_1365_2664_14102","Yes",NA,NA,NA,NA,NA,NA,"Yes","No",NA,NA,NA,FALSE,NA,NA,NA,NA,NA,FALSE,NA,FALSE,NA,NA,FALSE,NA,FALSE,"data_availability[cooper=Yes,mc=No]","COOPER_RIGHT","Paper states ""Data available via the Dryad Digital Repository https://doi.org/10.5061/dryad.qnk98sfj9""; explicit data-availability claim with DOI, contradicting mc's FALSE.",NA,NA,NA,NA,NA,NA,NA,NA,NA,NA,NA,NA,TRUE
"10_1111_2041_210x_14093","10_1111_2041_210x_14093","Yes","Other repo/database","Yes","Yes","Yes",".csv/.tsv;.Rdata","Yes","Yes","Yes","Yes","R","Yes",FALSE,NA,NA,NA,NA,NA,FALSE,NA,FALSE,NA,NA,FALSE,TRUE,FALSE,"data_availability[cooper=Yes,mc=No];code_archived[cooper=Yes,mc=No];any_readme[cooper=Yes,mc=No]","COOPER_RIGHT","UNSUPPORTED REPO | Paper states ""The data, files and code used to conduct our analysis...have been archived at the Purdue University Research Repository (https://doi.org/10.4231/RF5H-C895)""; repo_check's summary_table shows repo_n=0 -- this institutional repository was never detected.",NA,NA,NA,NA,NA,NA,"COOPER_RIGHT","Same Purdue University Research Repository deposit is explicitly described as holding ""data, files and code""; repo_check never detected it (repo_n=0), so code_check never had files to classify.",NA,NA,"COOPER_RIGHT","Same repository (10.4231/RF5H-C895) was never detected by repo_check (repo_n=0), so metacheck never checked it for a readme.",TRUE
"10_1111_1365_2664_13708","10_1111_1365_2664_13708","Yes","Other repo/database","Yes","Yes","Yes",".xls(x)","No","No",NA,NA,NA,NA,FALSE,NA,NA,NA,NA,NA,FALSE,NA,FALSE,NA,NA,FALSE,FALSE,FALSE,"data_availability[cooper=Yes,mc=No]","COOPER_RIGHT","UNSUPPORTED REPO | Paper text: ""Data available via University of Leeds Repository https://doi.org/10.5518/833 (Brown & Holden, 2020)"". This institutional repository is not among metacheck's supported repo_check providers, so repo_check never attempted this URL at all, leaving repo_check$table empty and producing mc_data_availability=FALSE.",NA,NA,NA,NA,NA,NA,NA,NA,NA,NA,NA,NA,TRUE
"10_1111_1365_2435_14643","10_1111_1365_2435_14643","Yes","Figshare","Yes","Yes","Yes",".xls(x)","Yes","Yes","No",NA,NA,NA,TRUE,"Figshare","10.6084/m9.figshare.26501671.v2",TRUE,TRUE,".xlsx",FALSE,NA,FALSE,NA,NA,FALSE,TRUE,FALSE,"any_readme[cooper=Yes,mc=No]",NA,NA,NA,NA,NA,NA,NA,NA,NA,NA,NA,NA,"DIFFERENT_DEFINITION","Cooper's Yes for this paper's README may reflect this Figshare article's `description` field -- checked live 2026-09-02 against a sample of 10 real Figshare articles from this miss set and found genuine variation (roughly 2 of 10 had real file-by-file documentation, the rest were abstract/methods-style summaries indistinguishable from Dryad's pattern), i.e. NOT a reliable README-equivalent metacheck could treat as one uniformly. This paper's own description was not individually re-checked; recorded as DIFFERENT_DEFINITION on the general pattern rather than METACHECK_RIGHT/COOPER_RIGHT, since resolving it properly would require reading this specific record's description text.",TRUE
"10_1111_1365_2435_14407","10_1111_1365_2435_14407","Yes","Zenodo","Yes","Yes","Yes",".xls(x);.nex","Yes","Yes","Yes","Yes","R","Quasi-README",TRUE,"Zenodo","10.5281/zenodo.8146469",TRUE,TRUE,".xlsx",FALSE,NA,TRUE,TRUE,"R",FALSE,TRUE,FALSE,"any_readme[cooper=Yes,mc=No]",NA,NA,NA,NA,NA,NA,NA,NA,NA,NA,NA,NA,"DIFFERENT_DEFINITION","Cooper's Yes for this paper's README may reflect this Zenodo record's `description` field -- checked live 2026-09-02 against a sample of 6 real Zenodo records from this miss set and found genuine variation (sometimes a study summary, sometimes contact metadata, sometimes file-by-file documentation, sometimes empty), i.e. NOT a reliable README-equivalent metacheck could treat as one uniformly. This paper's own description was not individually re-checked; recorded as DIFFERENT_DEFINITION on the general pattern rather than METACHECK_RIGHT/COOPER_RIGHT, since resolving it properly would require reading this specific record's description text.",TRUE
"10_1111_1365_2664_14374","10_1111_1365_2664_14374","Yes","Dryad","Yes, but DOI not found/incorrect","Unsure",NA,NA,"Unsure","Yes","No",NA,NA,NA,FALSE,NA,NA,NA,NA,NA,FALSE,NA,FALSE,NA,NA,FALSE,NA,FALSE,"data_availability[cooper=Yes,mc=No]","COOPER_RIGHT","Paper states ""Data are available via the Dryad Digital Repository https://doi.org/10.5061/dryad.05qfttf6p""; explicit data-availability claim with DOI, contradicting mc's FALSE.",NA,NA,NA,NA,NA,NA,NA,NA,NA,NA,NA,NA,TRUE
"10_1111_1365_2656_12789","10_1111_1365_2656_12789","Yes","Dryad;Supplementary materials","Yes","Yes","Yes",".csv/.tsv;.xls(x)","Yes","Yes","No",NA,NA,NA,TRUE,"Dryad","doi:10.5061/dryad.5164v",TRUE,TRUE,".csv",FALSE,NA,FALSE,NA,NA,FALSE,TRUE,FALSE,"any_readme[cooper=Yes,mc=No]",NA,NA,NA,NA,NA,NA,NA,NA,NA,NA,NA,NA,"DIFFERENT_DEFINITION","Cooper's Yes for this paper's README likely reflects Dryad's dataset abstract (the ONLY free-text field Dryad's API exposes) -- confirmed on 9 real Dryad datasets from this same miss set that this field is consistently the paper's own scientific abstract (numbered background/methods/results prose), never file-level documentation. metacheck's doc_role classification only recognises an actual downloadable README file, which this dataset's file listing does not contain. Not a detection bug: the two approaches are answering different questions (a paper abstract vs. a machine-readable README file) that happen to share Cooper's column label.",TRUE
"10_1002_pan3_10170","10_1002_pan3_10170","Yes","Other repo/database","Yes","Yes","Yes",".txt","Yes","Yes","No",NA,NA,NA,FALSE,NA,NA,NA,NA,NA,FALSE,NA,FALSE,NA,NA,FALSE,TRUE,FALSE,"data_availability[cooper=Yes,mc=No];any_readme[cooper=Yes,mc=No]","COOPER_RIGHT","UNSUPPORTED REPO | Paper text: ""The data...are archived at the public platform the Swedish National Data Service website at https://doi.org/10.5878/22y8-p614."" repo_check has zero rows for this paper -- SND is not a platform repo_check's URL-matcher recognizes, so this DOI was never detected/fetched at all.",NA,NA,NA,NA,NA,NA,NA,NA,NA,NA,"COOPER_RIGHT","Same root cause as data_availability: repo_check never detected/fetched the SND repository (https://doi.org/10.5878/22y8-p614) at all, so mc_any_readme's FALSE reflects zero files ever examined, not evidence of no README.",TRUE
"10_1111_1365_2435_13874","10_1111_1365_2435_13874","Yes","Dryad","Yes","Yes","Yes",".txt","Quasi-README","Yes","Yes","Yes","R","No",TRUE,"Dryad","doi:10.5061/dryad.rr4xgxd8f",TRUE,TRUE,".txt",FALSE,NA,FALSE,NA,NA,FALSE,TRUE,FALSE,"code_archived[cooper=Yes,mc=No];any_readme[cooper=Yes,mc=No]",NA,NA,NA,NA,NA,NA,NA,NA,"COOPER_RIGHT","Automated keyword search of the paper's full text found no sentence combining a repository/availability cue with a code-specific term (code, script, R code, MATLAB, Python, source code) -- consistent with the paper only claiming DATA availability, not code, at the cited repository, and with repo_check/code_check finding no code file there either. Lower-confidence than an individually hand-read verdict: this is an automated keyword search, not a full manual read, so a code claim phrased in an unmatched way could still exist. COOPER_RIGHT.",NA,NA,"DIFFERENT_DEFINITION","Cooper's Yes for this paper's README likely reflects Dryad's dataset abstract (the ONLY free-text field Dryad's API exposes) -- confirmed on 9 real Dryad datasets from this same miss set that this field is consistently the paper's own scientific abstract (numbered background/methods/results prose), never file-level documentation. metacheck's doc_role classification only recognises an actual downloadable README file, which this dataset's file listing does not contain. Not a detection bug: the two approaches are answering different questions (a paper abstract vs. a machine-readable README file) that happen to share Cooper's column label.",TRUE
"10_1111_1365_2435_13611","10_1111_1365_2435_13611","Yes","Other repo/database","Yes","Yes","Yes",".xls(x)","No","Yes","No",NA,NA,NA,FALSE,NA,NA,NA,NA,NA,FALSE,NA,FALSE,NA,NA,FALSE,FALSE,FALSE,"data_availability[cooper=Yes,mc=No]","COOPER_RIGHT","DOMAIN-SPECIFIC BIOINFORMATICS DATABASE (NCBI/GenBank-family) | Paper text: ""Raw sequences have been deposited in the NCBI Sequence Read Archive under the BioProject accession number PRJNA550037"" and ""the rest of the data is available through the envidat.ch data portal...https://doi.org/10.16904/envidat.152"". Neither NCBI SRA nor envidat.ch (Swiss WSL data portal) is among metacheck's supported repo_check providers, so repo_check never attempted either at all, leaving repo_check$table empty and producing mc_data_availability=FALSE.",NA,NA,NA,NA,NA,NA,NA,NA,NA,NA,NA,NA,TRUE
"10_1111_1365_2656_12820","10_1111_1365_2656_12820","Yes","Dryad","Yes","Yes","Yes",".xls(x)","Yes","Yes","No",NA,NA,NA,TRUE,"Dryad","doi:10.5061/dryad.g7m7c70",TRUE,TRUE,".xls",FALSE,NA,FALSE,NA,NA,FALSE,TRUE,FALSE,"any_readme[cooper=Yes,mc=No]",NA,NA,NA,NA,NA,NA,NA,NA,NA,NA,NA,NA,"DIFFERENT_DEFINITION","Cooper's Yes for this paper's README likely reflects Dryad's dataset abstract (the ONLY free-text field Dryad's API exposes) -- confirmed on 9 real Dryad datasets from this same miss set that this field is consistently the paper's own scientific abstract (numbered background/methods/results prose), never file-level documentation. metacheck's doc_role classification only recognises an actual downloadable README file, which this dataset's file listing does not contain. Not a detection bug: the two approaches are answering different questions (a paper abstract vs. a machine-readable README file) that happen to share Cooper's column label.",TRUE
"10_1111_1365_2664_14422","10_1111_1365_2664_14422","Yes","Dryad","Yes","Yes","Yes",".csv/.tsv","Yes","Yes","Yes","Yes","R","No",TRUE,NA,NA,NA,NA,NA,TRUE,NA,FALSE,NA,NA,TRUE,TRUE,TRUE,"code_archived[cooper=Yes,mc=No]",NA,NA,NA,NA,NA,NA,NA,NA,"COOPER_RIGHT","Automated keyword search of the paper's full text found no sentence combining a repository/availability cue with a code-specific term (code, script, R code, MATLAB, Python, source code) -- consistent with the paper only claiming DATA availability, not code, at the cited repository, and with repo_check/code_check finding no code file there either. Lower-confidence than an individually hand-read verdict: this is an automated keyword search, not a full manual read, so a code claim phrased in an unmatched way could still exist. COOPER_RIGHT.",NA,NA,NA,NA,TRUE
"10_1111_1365_2435_14477","10_1111_1365_2435_14477","Yes","Other repo/database","No","Yes","Yes",".csv/.tsv","No","Yes","No",NA,NA,NA,FALSE,NA,NA,NA,NA,NA,FALSE,NA,FALSE,NA,NA,FALSE,FALSE,FALSE,"data_availability[cooper=Yes,mc=No]","UNCLEAR","No data-availability statement for THIS paper's own data was found even in a broad full-text search; the only repository-pattern match is a DANS citation inside a bibliography entry for a different, cited paper (Matsuo et al. 2023), not this paper's own data. repo_check independently found no repository (repo_n=0). Cannot confirm the basis for Cooper's Yes.",NA,NA,NA,NA,NA,NA,NA,NA,NA,NA,NA,NA,TRUE
"10_1111_1365_2656_13042","10_1111_1365_2656_13042","Yes","Other repo/database","Yes","Yes","Yes",".xls(x)","Yes","Yes","No",NA,NA,NA,FALSE,NA,NA,NA,NA,NA,FALSE,NA,FALSE,NA,NA,FALSE,TRUE,FALSE,"data_availability[cooper=Yes,mc=No];any_readme[cooper=Yes,mc=No]","COOPER_RIGHT","UNSUPPORTED REPO | Paper text: ""Data associated with this paper are deposited in the Purdue University Research Repository: https://doi.org/10.4231/BVZE-3057 (Hoverman & Gallagher, 2019)"". This institutional repository is not among metacheck's supported repo_check providers, so repo_check never attempted this URL at all, leaving repo_check$table empty and producing mc_data_availability=FALSE.",NA,NA,NA,NA,NA,NA,NA,NA,NA,NA,"COOPER_RIGHT","Same unsupported-provider gap: the Purdue University Research Repository is not repo_check-supported, so no file listing or doc_role signal was ever generated for this paper.",TRUE
"10_1111_1365_2664_14271","10_1111_1365_2664_14271","Yes","Other repo/database","No","No","Yes",".fna","Yes","Yes","No",NA,NA,NA,FALSE,NA,NA,NA,NA,NA,FALSE,NA,FALSE,NA,NA,FALSE,TRUE,FALSE,"data_availability[cooper=Yes,mc=No];any_readme[cooper=Yes,mc=No]","COOPER_RIGHT","DOMAIN-SPECIFIC BIOINFORMATICS DATABASE (NCBI/GenBank-family) | Paper text: DNA sequences deposited in GenBank under accession numbers OP038566-OP038624 etc. GenBank is a sequence database, not a platform repo_check recognizes as a code/data repository; repo_check has zero rows for this paper.",NA,NA,NA,NA,NA,NA,NA,NA,NA,NA,"COOPER_RIGHT","Same repo-detection situation as data_availability: GenBank is not fetched by repo_check at all, so mc_any_readme's FALSE reflects zero files examined, not evidence of no README.",TRUE
"10_1111_1365_2656_13767","10_1111_1365_2656_13767","Yes","Dryad;Other repo/database","Yes","Unsure","Yes",".csv/.tsv;.xls(x)","Yes","Yes","No",NA,NA,NA,FALSE,NA,NA,NA,NA,NA,FALSE,NA,FALSE,NA,NA,FALSE,TRUE,FALSE,"data_availability[cooper=Yes,mc=No];any_readme[cooper=Yes,mc=No]","COOPER_RIGHT","DOMAIN-SPECIFIC BIOINFORMATICS DATABASE (NCBI/GenBank-family) | Paper text: ""Data available from the World Spider Trait database... https://doi.org/10.57758/0p0v-gj43"" plus GenBank accessions. The World Spider Trait database is not a platform repo_check recognizes; repo_check has zero rows for this paper.",NA,NA,NA,NA,NA,NA,NA,NA,NA,NA,"COOPER_RIGHT","Same repo-detection miss as data_availability: the World Spider Trait database repository was never fetched by repo_check, so mc_any_readme's FALSE reflects zero files examined, not evidence of no README.",TRUE
"10_1002_2688_8319_12126","10_1002_2688_8319_12126","Yes","Other repo/database","Yes","Yes","Yes",".xls(x)","Yes","Yes","No",NA,NA,NA,TRUE,"Other repo/database","10.17632/vm9j9nzcwk.1",TRUE,TRUE,".xlsx",FALSE,NA,FALSE,NA,NA,FALSE,TRUE,FALSE,"any_readme[cooper=Yes,mc=No]",NA,NA,NA,NA,NA,NA,NA,NA,NA,NA,NA,NA,"COOPER_RIGHT","Same unsupported-provider gap: Mendeley Data is not repo_check-supported, so no file listing or doc_role signal was ever generated for this paper.",TRUE
"10_1111_1365_2656_13970","10_1111_1365_2656_13970","Yes","Other repo/database","Yes","Yes","Yes",".csv/.tsv","Unsure","Yes","No",NA,NA,NA,FALSE,NA,NA,NA,NA,NA,FALSE,NA,FALSE,NA,NA,FALSE,NA,FALSE,"data_availability[cooper=Yes,mc=No]","COOPER_RIGHT","Paper text: 'Data available from the Apollo-University of Cambridge Repository https://doi.org/10.17863/CAM.97060.' Apollo is not a repo_check-recognized platform; repo_check found/listed nothing at all for this paper.",NA,NA,NA,NA,NA,NA,NA,NA,NA,NA,NA,NA,TRUE
"10_1111_1365_2656_13065","10_1111_1365_2656_13065","Yes","Other repo/database","Yes","Unsure","Yes",".fastq","Yes","Yes","Yes",NA,NA,"No",FALSE,NA,NA,NA,NA,NA,FALSE,NA,FALSE,NA,NA,FALSE,TRUE,FALSE,"data_availability[cooper=Yes,mc=No];code_archived[cooper=Yes,mc=No];any_readme[cooper=Yes,mc=No]","COOPER_RIGHT","DOMAIN-SPECIFIC BIOINFORMATICS DATABASE (NCBI/GenBank-family) | Paper text: ""16S rRNA amplicon sequence data are available from the NCBI SRA (accession number PRJNA506340)"", ""Microsatellite loci sequences are logged in NCBI GenBank under accession numbers MF987878 to MF987887"", and ""Raw Illumina sequencing data...is deposited in the NCBI SRA (accession number PRJNA528609)"". Neither NCBI SRA nor GenBank is among metacheck's supported repo_check providers, so repo_check never attempted any of these accessions, leaving repo_check$table empty and producing mc_data_availability=FALSE.",NA,NA,NA,NA,NA,NA,"UNCLEAR","The gathered paper text only cites third-party software used in the analysis (Sickle, the biomformat/microbiome R packages on GitHub) -- no sentence identifies a repository holding the paper's OWN analysis code. repo_check found zero repositories for this paper at all. Cannot confirm what repository Cooper's code_archived=Yes verdict refers to from the evidence gathered.",NA,NA,"COOPER_RIGHT","Cooper's any_readme=TRUE here traces to data_README=Yes (code_README=No), consistent with the NCBI SRA/GenBank data deposits; neither is a repo_check-supported provider, so no file listing or doc_role signal was ever generated for this paper.",TRUE
"10_1111_1365_2656_13124","10_1111_1365_2656_13124","Yes","Dryad","Yes","Yes","Yes",".xls(x)","Yes","Yes","No",NA,NA,NA,TRUE,"Dryad","doi:10.5061/dryad.573n5tb3h",TRUE,TRUE,".xlsx",FALSE,NA,FALSE,NA,NA,FALSE,TRUE,FALSE,"any_readme[cooper=Yes,mc=No]",NA,NA,NA,NA,NA,NA,NA,NA,NA,NA,NA,NA,"DIFFERENT_DEFINITION","Cooper's Yes for this paper's README likely reflects Dryad's dataset abstract (the ONLY free-text field Dryad's API exposes) -- confirmed on 9 real Dryad datasets from this same miss set that this field is consistently the paper's own scientific abstract (numbered background/methods/results prose), never file-level documentation. metacheck's doc_role classification only recognises an actual downloadable README file, which this dataset's file listing does not contain. Not a detection bug: the two approaches are answering different questions (a paper abstract vs. a machine-readable README file) that happen to share Cooper's column label.",TRUE
"10_1002_2688_8319_12316","10_1002_2688_8319_12316","Yes","Figshare","Yes","Yes","Yes",".csv/.tsv","No","Yes","Yes","Yes","R","Yes",TRUE,"Figshare","10.6084/m9.figshare.25142693.v2",TRUE,TRUE,".csv",FALSE,NA,TRUE,TRUE,"R",FALSE,TRUE,FALSE,"any_readme[cooper=Yes,mc=No]",NA,NA,NA,NA,NA,NA,NA,NA,NA,NA,NA,NA,"DIFFERENT_DEFINITION","Cooper's Yes for this paper's README may reflect this Figshare article's `description` field -- checked live 2026-09-02 against a sample of 10 real Figshare articles from this miss set and found genuine variation (roughly 2 of 10 had real file-by-file documentation, the rest were abstract/methods-style summaries indistinguishable from Dryad's pattern), i.e. NOT a reliable README-equivalent metacheck could treat as one uniformly. This paper's own description was not individually re-checked; recorded as DIFFERENT_DEFINITION on the general pattern rather than METACHECK_RIGHT/COOPER_RIGHT, since resolving it properly would require reading this specific record's description text.",TRUE
"10_1111_1365_2435_14635","10_1111_1365_2435_14635","Yes","Dryad","Yes","Yes","Yes",".csv/.tsv","Yes","Yes","No",NA,NA,NA,TRUE,NA,NA,NA,NA,NA,FALSE,NA,FALSE,NA,NA,FALSE,TRUE,FALSE,"any_readme[cooper=Yes,mc=No]",NA,NA,NA,NA,NA,NA,NA,NA,NA,NA,NA,NA,"DIFFERENT_DEFINITION","repo_check found the Figshare article (10.6084/m9.figshare.26419813.v1, license CC BY 4.0, 1 file) but no README-classified file. Same Zenodo/Figshare description-field pattern documented for other any_readme DIFFERENT_DEFINITION cases: Cooper credits Figshare platform metadata as README-equivalent, which doc_role does not count.",TRUE
"10_1111_2041_210x_13103","10_1111_2041_210x_13103","Yes","Figshare;Other repo/database","Yes","Yes","Yes",".csv/.tsv;.wav","Yes","Yes","Yes","Yes","Python","Yes",TRUE,"Figshare","10.6084/m9.figshare.3851466.v1",TRUE,TRUE,".csv",FALSE,NA,FALSE,NA,NA,FALSE,TRUE,FALSE,"code_archived[cooper=Yes,mc=No];any_readme[cooper=Yes,mc=No]",NA,NA,NA,NA,NA,NA,NA,NA,"COOPER_RIGHT","Paper's own text explicitly claims code availability at the cited repository: ""• PolandNFC data: held back, in preparation for future challenge. • Source code for baseline classifiers: GMM ""smacpy"" classifier (MIT licence): https://doi.org/10.5281/ zenodo.1434195."" -- but neither repo_check nor code_check found any file classified as code there. Genuine metacheck detection gap (the code file exists per the paper's own claim but was not found/classified). COOPER_RIGHT.",NA,NA,"DIFFERENT_DEFINITION","Cooper's Yes for this paper's README may reflect this Figshare article's `description` field -- checked live 2026-09-02 against a sample of 10 real Figshare articles from this miss set and found genuine variation (roughly 2 of 10 had real file-by-file documentation, the rest were abstract/methods-style summaries indistinguishable from Dryad's pattern), i.e. NOT a reliable README-equivalent metacheck could treat as one uniformly. This paper's own description was not individually re-checked; recorded as DIFFERENT_DEFINITION on the general pattern rather than METACHECK_RIGHT/COOPER_RIGHT, since resolving it properly would require reading this specific record's description text.",TRUE
"10_1002_2688_8319_12280","10_1002_2688_8319_12280","Yes","Other repo/database","Yes","No",NA,NA,"No","Yes","No",NA,NA,NA,FALSE,NA,NA,NA,NA,NA,FALSE,NA,FALSE,NA,NA,FALSE,FALSE,FALSE,"data_availability[cooper=Yes,mc=No]","COOPER_RIGHT","SUPPLEMENTARY MATERIALS (no external repository) | Paper text: ""Data not found in the Supplementary Material can be accessed at https://doi.org/10.5066/P9FEN91Q (Yelenik & Warneke, 2023)."" repo_check found zero files for this paper -- it never located/checked this DOI.",NA,NA,NA,NA,NA,NA,NA,NA,NA,NA,NA,NA,TRUE
"10_1111_2041_210x_13547","10_1111_2041_210x_13547","Yes","Zenodo","Yes","Yes","Yes",".txt","Yes","Yes","Yes","Yes","Python","No",FALSE,NA,NA,NA,NA,NA,FALSE,NA,FALSE,NA,NA,FALSE,TRUE,FALSE,"data_availability[cooper=Yes,mc=No];code_archived[cooper=Yes,mc=No];any_readme[cooper=Yes,mc=No]","COOPER_RIGHT","SPLIT-DOI EXTRACTION ARTIFACT | Paper's own availability statement: ""The Paris 12 dataset is available on Zenodo (Machon, 2020)""; ""The codes to perform SBCE probability estimation are available on Zenodo (Louvet, 2020), as well as on a GitHub repository."" Cites a real Zenodo repository (https://doi.org/10.5281/zenodo.3770339 (data) + zenodo.4314518 (code)). repo_check found zero files for this paper (res_repo_check$table has no rows for this paper_id; its manifest shows n_files=0/n_downloaded=0), so it never detected or queried this URL at all -- a repository-detection (URL-extraction) miss, not a genuine absence of data.",NA,NA,NA,NA,NA,NA,"COOPER_RIGHT","The paper's own text explicitly states ""The codes to perform SBCE probability estimation are available on Zenodo (Louvet, 2020), as well as on a GitHub repository"" -- code is explicitly named and cited at two URLs, neither of which repo_check found.",NA,NA,"COOPER_RIGHT","repo_check found zero files for this paper (res_repo_check$table has no rows for this paper_id), so it had no basis to detect a README even if one exists in the actual (un-located) repository.",TRUE
"10_1111_2041_210x_13979","10_1111_2041_210x_13979",NA,NA,NA,NA,NA,NA,NA,"Yes","Yes","Yes","R","No",TRUE,NA,NA,NA,NA,NA,FALSE,NA,FALSE,NA,NA,FALSE,FALSE,FALSE,"code_archived[cooper=Yes,mc=No]",NA,NA,NA,NA,NA,NA,NA,NA,"COOPER_RIGHT","repo_check found and correctly typed ""R code.txt"" as code (Zenodo doi:10.5281/zenodo.7015481), but code_check did not classify it -- same .txt-extension gap as 10_1002_pan3_10133. Genuine code_check detection gap. COOPER_RIGHT.",NA,NA,NA,NA,TRUE
"10_1111_2041_210x_13308","10_1111_2041_210x_13308","Yes","Other repo/database","Yes","Yes","Yes",".csv/.tsv;.Rdata","Yes","Yes","Yes","Yes","R","Yes",FALSE,NA,NA,NA,NA,NA,FALSE,NA,FALSE,NA,NA,FALSE,TRUE,FALSE,"data_availability[cooper=Yes,mc=No];code_archived[cooper=Yes,mc=No];any_readme[cooper=Yes,mc=No]","COOPER_RIGHT","UNSUPPORTED REPO | Paper states ""all code is provided through the Data Repository of University of Minnesota and available at https://doi.org/10.13020/q3y6-h459"" and ""Data and R code used in this manuscript are archived with the [same repository]""; repo_check's summary_table shows repo_n=0 -- this institutional repository was never detected.",NA,NA,NA,NA,NA,NA,"COOPER_RIGHT","Same University of Minnesota Data Repository deposit is explicitly described as holding ""all code"" and ""R code""; repo_check never detected it (repo_n=0), so code_check never had files to classify. (A separate GitHub-hosted R package, lorelogram, is also mentioned but is a distinct tool, not this paper's archived analysis code.)",NA,NA,"COOPER_RIGHT","Same repository (10.13020/q3y6-h459) was never detected by repo_check (repo_n=0), so metacheck never checked it for a readme.",TRUE
"10_1111_1365_2664_14760","10_1111_1365_2664_14760","No",NA,NA,NA,NA,NA,NA,"Yes","Yes","Yes","R","No",TRUE,"Zenodo","10.5281/zenodo.12738322",TRUE,TRUE,".csv;.rdata;.rds",FALSE,NA,TRUE,TRUE,"R",FALSE,FALSE,FALSE,"data_availability[cooper=No,mc=Yes]","METACHECK_RIGHT","The paper's own text states 'All PIT-tag files and R code are available in a Zenodo Repository,' and the repository genuinely contains 7 real data-typed files (not just code) -- a genuine data repository, unlike the code-only cases flagged elsewhere in this batch.",NA,NA,NA,NA,NA,NA,NA,NA,NA,NA,NA,NA,TRUE
"10_1002_pan3_10117","10_1002_pan3_10117","Yes","Other repo/database","Unsure","Unsure",NA,NA,"Unsure","Unsure",NA,NA,NA,NA,FALSE,NA,NA,NA,NA,NA,FALSE,NA,FALSE,NA,NA,FALSE,NA,FALSE,"data_availability[cooper=Yes,mc=No]","COOPER_RIGHT","UNSUPPORTED REPO | Paper text: ""Data underlying all the results presented in this paper are archived and will be freely available at the University of Derby's online research archive at https://derby.openrepository.com/handle/10545/624822 (UDORA, 2020) after a 12-month embargo after publication."" An institutional repository not recognized by repo_check; repo_check has zero rows for this paper.",NA,NA,NA,NA,NA,NA,NA,NA,NA,NA,NA,NA,TRUE
"10_1111_2041_210x_13530","10_1111_2041_210x_13530",NA,NA,NA,NA,NA,NA,NA,"Yes","Yes","Yes","R","Yes",FALSE,NA,NA,NA,NA,NA,FALSE,NA,FALSE,NA,NA,FALSE,TRUE,FALSE,"code_archived[cooper=Yes,mc=No];any_readme[cooper=Yes,mc=No]",NA,NA,NA,NA,NA,NA,NA,NA,"COOPER_RIGHT","CODE PACKAGE CITATION (CRAN, not a data repository) | Paper states ""the graph4lg package, all the R source codes, documentation files and vignettes can be downloaded by users under the GPL-2 license from the CRAN repository (https://cran.r-project.org/web/packages/graph4lg/index.html)""; repo_check's summary_table shows repo_n=0 -- CRAN is a repository type/domain repo_check does not check, so this genuinely archived code was never detected.",NA,NA,"COOPER_RIGHT","The same CRAN package listing is explicitly described as including ""documentation files and vignettes"", but repo_check does not support CRAN as a checkable repository type (repo_n=0), so it never saw this documentation.",TRUE
"10_1111_1365_2664_13896","10_1111_1365_2664_13896","Yes","Dryad","Yes","Yes","Yes",".xls(x)","Yes","Yes","No",NA,NA,NA,TRUE,"Dryad","doi:10.5061/dryad.sf7m0cg67",TRUE,TRUE,".xlsx",FALSE,NA,FALSE,NA,NA,FALSE,TRUE,FALSE,"any_readme[cooper=Yes,mc=No]",NA,NA,NA,NA,NA,NA,NA,NA,NA,NA,NA,NA,"DIFFERENT_DEFINITION","Cooper's Yes for this paper's README likely reflects Dryad's dataset abstract (the ONLY free-text field Dryad's API exposes) -- confirmed on 9 real Dryad datasets from this same miss set that this field is consistently the paper's own scientific abstract (numbered background/methods/results prose), never file-level documentation. metacheck's doc_role classification only recognises an actual downloadable README file, which this dataset's file listing does not contain. Not a detection bug: the two approaches are answering different questions (a paper abstract vs. a machine-readable README file) that happen to share Cooper's column label.",TRUE
"10_1111_1365_2745_13251","10_1111_1365_2745_13251","Yes","Dryad;Other repo/database","Yes","Yes","Yes",".xls(x)","Yes","Yes","No",NA,NA,NA,TRUE,"Dryad","doi:10.5061/dryad.vg5712f",TRUE,TRUE,".xlsx",FALSE,NA,FALSE,NA,NA,FALSE,TRUE,FALSE,"any_readme[cooper=Yes,mc=No]",NA,NA,NA,NA,NA,NA,NA,NA,NA,NA,NA,NA,"DIFFERENT_DEFINITION","Cooper's Yes for this paper's README likely reflects Dryad's dataset abstract (the ONLY free-text field Dryad's API exposes) -- confirmed on 9 real Dryad datasets from this same miss set that this field is consistently the paper's own scientific abstract (numbered background/methods/results prose), never file-level documentation. metacheck's doc_role classification only recognises an actual downloadable README file, which this dataset's file listing does not contain. Not a detection bug: the two approaches are answering different questions (a paper abstract vs. a machine-readable README file) that happen to share Cooper's column label.",TRUE
"10_1111_1365_2745_13000","10_1111_1365_2745_13000","Yes","Other repo/database","Yes","Yes","Yes",".txt","Yes","Yes","No",NA,NA,NA,FALSE,NA,NA,NA,NA,NA,FALSE,NA,FALSE,NA,NA,FALSE,TRUE,FALSE,"data_availability[cooper=Yes,mc=No];any_readme[cooper=Yes,mc=No]","COOPER_RIGHT","UNSUPPORTED REPO (PANGAEA) | Paper states ""The data used in the analyses are available at PANGAEA: https://doi.pangaea.de/10.1594/PANGAEA.888585...PANGAEA.888584""; repo_check's summary_table shows repo_n=0 -- these PANGAEA deposits were never detected.",NA,NA,NA,NA,NA,NA,NA,NA,NA,NA,"COOPER_RIGHT","The PANGAEA deposits holding this paper's data were never detected by repo_check (repo_n=0), so metacheck never checked them for a readme/description.",TRUE
"10_1111_1365_2435_13795","10_1111_1365_2435_13795","Yes","GitHub, GitLab, Codeberg or similar platform;Zenodo","Yes","Yes","Yes",".csv/.tsv;.txt;.xls(x)","Yes","Yes","Yes","Yes","R","Yes",TRUE,"GitHub, GitLab, Codeberg or similar platform",NA,FALSE,TRUE,".csv;.xlsx",TRUE,NA,TRUE,TRUE,"R",TRUE,TRUE,TRUE,"data_license[cooper=Yes,mc=No]",NA,NA,NA,NA,"COOPER_RIGHT","GitHub repository cbwall/Gates-Mydlarz-bleaching-recovery genuinely has no license set, confirmed live 2026-09-02 via GitHub's own repository API (https://api.github.com/repos/cbwall/Gates-Mydlarz-bleaching-recovery), the same source metacheck reads from (""license"": null). Cooper's Yes does not match what GitHub currently reports for this repository.",NA,NA,NA,NA,NA,NA,NA,NA,TRUE
"10_1111_1365_2664_13711","10_1111_1365_2664_13711","Yes","Other repo/database","Yes","Yes","Yes",".xls(x)","No","Yes","No",NA,NA,NA,FALSE,NA,NA,NA,NA,NA,FALSE,NA,FALSE,NA,NA,FALSE,FALSE,FALSE,"data_availability[cooper=Yes,mc=No]","COOPER_RIGHT","UNSUPPORTED REPO | Paper text: ""Data available from the Purdue University Research Repository (PURR), https://doi.org/10.4231/XA35-0802 (Olaya-Arenas, Scharf, & Kaplan, 2020)."" An institutional repository not recognized by repo_check; repo_check has zero rows for this paper.",NA,NA,NA,NA,NA,NA,NA,NA,NA,NA,NA,NA,TRUE
"10_1111_1365_2745_13635","10_1111_1365_2745_13635","Yes","Dryad","Yes","Yes","Yes",".xls(x)","Yes","Yes","No",NA,NA,NA,TRUE,"Dryad","doi:10.5061/dryad.n02v6wwwf",TRUE,TRUE,".xlsx",FALSE,NA,FALSE,NA,NA,FALSE,TRUE,FALSE,"any_readme[cooper=Yes,mc=No]",NA,NA,NA,NA,NA,NA,NA,NA,NA,NA,NA,NA,"DIFFERENT_DEFINITION","Cooper's Yes for this paper's README likely reflects Dryad's dataset abstract (the ONLY free-text field Dryad's API exposes) -- confirmed on 9 real Dryad datasets from this same miss set that this field is consistently the paper's own scientific abstract (numbered background/methods/results prose), never file-level documentation. metacheck's doc_role classification only recognises an actual downloadable README file, which this dataset's file listing does not contain. Not a detection bug: the two approaches are answering different questions (a paper abstract vs. a machine-readable README file) that happen to share Cooper's column label.",TRUE
"10_1111_1365_2745_12835","10_1111_1365_2745_12835","Yes","Dryad","Yes","Yes","Yes",".xls(x)","Yes","Yes","No",NA,NA,NA,TRUE,"Dryad","doi:10.5061/dryad.cb2f5",TRUE,TRUE,".xlsx",FALSE,NA,FALSE,NA,NA,FALSE,TRUE,FALSE,"any_readme[cooper=Yes,mc=No]",NA,NA,NA,NA,NA,NA,NA,NA,NA,NA,NA,NA,"DIFFERENT_DEFINITION","Cooper's Yes for this paper's README likely reflects Dryad's dataset abstract (the ONLY free-text field Dryad's API exposes) -- confirmed on 9 real Dryad datasets from this same miss set that this field is consistently the paper's own scientific abstract (numbered background/methods/results prose), never file-level documentation. metacheck's doc_role classification only recognises an actual downloadable README file, which this dataset's file listing does not contain. Not a detection bug: the two approaches are answering different questions (a paper abstract vs. a machine-readable README file) that happen to share Cooper's column label.",TRUE
"10_1111_1365_2656_13283","10_1111_1365_2656_13283","Yes","Dryad","Yes","Yes","Yes",".txt","Yes","Yes","No",NA,NA,NA,TRUE,"Dryad","doi:10.5061/dryad.ksn02v71r",TRUE,TRUE,".txt",FALSE,NA,FALSE,NA,NA,FALSE,TRUE,FALSE,"any_readme[cooper=Yes,mc=No]",NA,NA,NA,NA,NA,NA,NA,NA,NA,NA,NA,NA,"DIFFERENT_DEFINITION","Cooper's Yes for this paper's README likely reflects Dryad's dataset abstract (the ONLY free-text field Dryad's API exposes) -- confirmed on 9 real Dryad datasets from this same miss set that this field is consistently the paper's own scientific abstract (numbered background/methods/results prose), never file-level documentation. metacheck's doc_role classification only recognises an actual downloadable README file, which this dataset's file listing does not contain. Not a detection bug: the two approaches are answering different questions (a paper abstract vs. a machine-readable README file) that happen to share Cooper's column label.",TRUE
"10_1111_1365_2745_12858","10_1111_1365_2745_12858","Yes",NA,"No","No",NA,NA,"No","Yes","No",NA,NA,NA,FALSE,NA,NA,NA,NA,NA,FALSE,NA,FALSE,NA,NA,FALSE,FALSE,FALSE,"data_availability[cooper=Yes,mc=No]","COOPER_RIGHT","UNSUPPORTED REPO | Paper text names the specific data sources and their access points: ""Phenology and precipitation data: CTFS-ForestGEO Data Management (http://www.forestgeo.si.edu/group/Data/Access+the+data)"" and ""Temperature data: NASA-Earth Observing System Data and Information System (https://earthdata.nasa.gov/)"". Neither CTFS-ForestGEO nor NASA EOSDIS is among metacheck's supported repo_check providers, so repo_check never attempted either at all, leaving repo_check$table empty and producing mc_data_availability=FALSE.",NA,NA,NA,NA,NA,NA,NA,NA,NA,NA,NA,NA,TRUE
"10_1111_1365_2435_14437","10_1111_1365_2435_14437","Yes","Dryad","Yes","Yes","Yes",".txt;.xls(x)","Yes","Yes","Yes",NA,"R","No",TRUE,"Dryad","doi:10.5061/dryad.b5mkkwhk5",TRUE,TRUE,".txt;.xlsx",TRUE,NA,FALSE,NA,NA,TRUE,TRUE,TRUE,"code_archived[cooper=Yes,mc=No]",NA,NA,NA,NA,NA,NA,NA,NA,"COOPER_RIGHT","Automated keyword search of the paper's full text found no sentence combining a repository/availability cue with a code-specific term (code, script, R code, MATLAB, Python, source code) -- consistent with the paper only claiming DATA availability, not code, at the cited repository, and with repo_check/code_check finding no code file there either. Lower-confidence than an individually hand-read verdict: this is an automated keyword search, not a full manual read, so a code claim phrased in an unmatched way could still exist. COOPER_RIGHT.",NA,NA,NA,NA,TRUE
"10_1111_1365_2664_14513","10_1111_1365_2664_14513","Yes","Other repo/database","Yes","Yes","Yes",".csv/.tsv","Yes","Yes","No",NA,NA,NA,FALSE,NA,NA,NA,NA,NA,FALSE,NA,FALSE,NA,NA,FALSE,TRUE,FALSE,"data_availability[cooper=Yes,mc=No];any_readme[cooper=Yes,mc=No]","COOPER_RIGHT","UNSUPPORTED REPO | Paper text: ""Data available via the Illinois Data Bank https://doi.org/10.13012/B2IDB-8891496_V1"". The Illinois Data Bank is not among metacheck's supported repo_check providers, so repo_check never attempted this URL at all, leaving repo_check$table empty and producing mc_data_availability=FALSE.",NA,NA,NA,NA,NA,NA,NA,NA,NA,NA,"COOPER_RIGHT","Same unsupported-provider gap: the Illinois Data Bank is not repo_check-supported, so no file listing or doc_role signal was ever generated for this paper.",TRUE
"10_1002_pan3_10220","10_1002_pan3_10220","Yes","Other repo/database","Yes",NA,"Yes",".xls(x)","Yes","Yes","No",NA,NA,NA,FALSE,NA,NA,NA,NA,NA,FALSE,NA,FALSE,NA,NA,FALSE,TRUE,FALSE,"data_availability[cooper=Yes,mc=No];any_readme[cooper=Yes,mc=No]","COOPER_RIGHT","UNSUPPORTED REPO | Broader search of the full paper text found the actual DAS, missed by standard keyword filtering: ""Quantitative data from the interviews are publicly available through Lancaster University https://doi.org/10.17635/lancaster/researchdata/464 (Woodhead et al., 2021)""; repo_check's summary_table confirms repo_n=0 (this institutional repository was never detected).",NA,NA,NA,NA,NA,NA,NA,NA,NA,NA,"COOPER_RIGHT","The Lancaster University data repository deposit (10.17635/lancaster/researchdata/464) was never detected by repo_check (repo_n=0), so metacheck never checked it for a readme.",TRUE
"10_1111_1365_2745_13865","10_1111_1365_2745_13865","Yes","Other repo/database","Yes","Yes","Yes",".csv/.tsv;.rocrate","Yes","Yes","No",NA,NA,NA,FALSE,NA,NA,NA,NA,NA,FALSE,NA,FALSE,NA,NA,FALSE,TRUE,FALSE,"data_availability[cooper=Yes,mc=No];any_readme[cooper=Yes,mc=No]","COOPER_RIGHT","Paper text: ""The data are freely available on the Natural Environment Research Council (NERC) Environmental Information Data Centre (https://doi.org/10.5285/d5ea9e2c-f053-4631-aead-a8a5557488c6)."" NERC EIDC is not a platform repo_check recognizes; repo_check has zero rows for this paper. | KNOWN METACHECK LIMITATION (not yet fixed, github.com/scienceverse/ metacheck issue #411, bug 1): this paper's repository DOI/URL is cited only inside its formatted reference list (a numbered ""Data from: Author (Year). Title [Dataset]. https://doi.org/..."" entry), never as an inline hyperlink or bare in-text mention. text_search()'s default include_refs = FALSE excludes the references section for every repository backend, so the citation is currently invisible to detection regardless of host/DOI-prefix support. Confirmed live 2026-09-19: the DOI itself resolves correctly when queried directly.",NA,NA,NA,NA,NA,NA,NA,NA,NA,NA,"COOPER_RIGHT","Same repo-detection miss as data_availability: the NERC EIDC archive was never fetched by repo_check, so mc_any_readme's FALSE reflects zero files examined, not evidence of no README.",TRUE
"10_1111_1365_2656_13387","10_1111_1365_2656_13387","Yes","Dryad","Yes","Yes","Yes",".csv/.tsv","Yes","Yes","No",NA,NA,NA,TRUE,"Dryad","doi:10.5061/dryad.wh70rxwm0",TRUE,TRUE,".csv",FALSE,NA,FALSE,NA,NA,FALSE,TRUE,FALSE,"any_readme[cooper=Yes,mc=No]",NA,NA,NA,NA,NA,NA,NA,NA,NA,NA,NA,NA,"DIFFERENT_DEFINITION","Cooper's Yes for this paper's README likely reflects Dryad's dataset abstract (the ONLY free-text field Dryad's API exposes) -- confirmed on 9 real Dryad datasets from this same miss set that this field is consistently the paper's own scientific abstract (numbered background/methods/results prose), never file-level documentation. metacheck's doc_role classification only recognises an actual downloadable README file, which this dataset's file listing does not contain. Not a detection bug: the two approaches are answering different questions (a paper abstract vs. a machine-readable README file) that happen to share Cooper's column label.",TRUE
"10_1111_1365_2435_13406","10_1111_1365_2435_13406","Yes","Dryad","Yes","No","Yes",".csv/.tsv","No","Yes","No",NA,NA,NA,TRUE,"Dryad","doi:10.5061/dryad.4k24304",TRUE,TRUE,".csv",FALSE,NA,FALSE,NA,NA,FALSE,FALSE,FALSE,"data_license[cooper=No,mc=Yes]",NA,NA,NA,NA,"METACHECK_RIGHT","Dryad dataset doi:10.5061/dryad.4k24304 carries a CC0-1.0 license, retrieved from Dryad's dataset API (https://spdx.org/licenses/CC0-1.0.html).",NA,NA,NA,NA,NA,NA,NA,NA,TRUE
"10_1111_1365_2664_13041","10_1111_1365_2664_13041","Yes","Figshare","Yes","Yes","Yes",".mat","No","Yes","Yes","Yes","MATLAB","No",TRUE,NA,NA,NA,NA,NA,FALSE,NA,FALSE,NA,NA,FALSE,FALSE,FALSE,"code_archived[cooper=Yes,mc=No]",NA,NA,NA,NA,NA,NA,NA,NA,"COOPER_RIGHT","Paper's own text explicitly claims code availability at the cited repository: ""Code, maps and data used for parameterization are publicly available (Pesendorfer, Sillett, & Morrison, 2017; Pesendorfer et al., 2017)."" -- but neither repo_check nor code_check found any file classified as code there. Genuine metacheck detection gap (the code file exists per the paper's own claim but was not found/classified). COOPER_RIGHT.",NA,NA,NA,NA,TRUE
"10_1111_1365_2745_13334","10_1111_1365_2745_13334","Yes","Dryad","Yes","Yes","Yes",".xls(x)","Yes","Yes","No",NA,NA,NA,TRUE,"Dryad","doi:10.5061/dryad.hqbzkh1bm",TRUE,TRUE,".xlsx",FALSE,NA,FALSE,NA,NA,FALSE,TRUE,FALSE,"any_readme[cooper=Yes,mc=No]",NA,NA,NA,NA,NA,NA,NA,NA,NA,NA,NA,NA,"DIFFERENT_DEFINITION","Cooper's Yes for this paper's README likely reflects Dryad's dataset abstract (the ONLY free-text field Dryad's API exposes) -- confirmed on 9 real Dryad datasets from this same miss set that this field is consistently the paper's own scientific abstract (numbered background/methods/results prose), never file-level documentation. metacheck's doc_role classification only recognises an actual downloadable README file, which this dataset's file listing does not contain. Not a detection bug: the two approaches are answering different questions (a paper abstract vs. a machine-readable README file) that happen to share Cooper's column label.",TRUE
"10_1111_2041_210x_12894","10_1111_2041_210x_12894","Yes","Other repo/database","No","No","No",".xls(x)","Yes","Yes","No",NA,NA,NA,FALSE,NA,NA,NA,NA,NA,FALSE,NA,FALSE,NA,NA,FALSE,TRUE,FALSE,"data_availability[cooper=Yes,mc=No];any_readme[cooper=Yes,mc=No]","COOPER_RIGHT","UNSUPPORTED REPO | Paper text: ""The data is available through the Knowledge Network for Biocomplexity (http://knb.ecoinformatics.org; idenitfier knb.1404.1)."" repo_check found zero files for this paper -- it never located/checked the KNB repository the paper explicitly names.",NA,NA,NA,NA,NA,NA,NA,NA,NA,NA,"COOPER_RIGHT","Same root cause as the data_availability finding: repo_check never located the KNB repository the paper cites, so no README evidence could ever be recorded -- mc_any_readme=FALSE is an artifact of the missed repository, not a real README check.",TRUE
"10_1111_1365_2745_14050","10_1111_1365_2745_14050","Yes","Dryad","Yes","No","Yes",".csv/.tsv","No","Yes","No",NA,NA,NA,FALSE,NA,NA,NA,NA,NA,FALSE,NA,FALSE,NA,NA,FALSE,FALSE,FALSE,"data_availability[cooper=Yes,mc=No]","COOPER_RIGHT","UNSUPPORTED REPO | Paper text: ""Data for this article have been deposited at the Environmental Data [Initiative]"" (sentence truncated by paragraph extraction but clearly names a real archive). repo_check found zero files for this paper -- it never located/checked this repository.",NA,NA,NA,NA,NA,NA,NA,NA,NA,NA,NA,NA,TRUE
"10_1111_2041_210x_13709","10_1111_2041_210x_13709","No",NA,NA,NA,NA,NA,NA,"Yes","Yes","Yes","Python","Yes",TRUE,NA,NA,NA,NA,NA,TRUE,NA,TRUE,TRUE,"Python",TRUE,TRUE,TRUE,"data_availability[cooper=No,mc=Yes]","COOPER_RIGHT","repo_check found github.com/philwilkes/branch-extraction with 12 files (code, README, LICENSE) -- zero files classified as data. Same mc_data_availability any-file-not-data-file root cause. | KNOWN METACHECK LIMITATION (not yet fixed, github.com/scienceverse/ metacheck issue #411, bug 1): this paper's repository DOI/URL is cited only inside its formatted reference list (a numbered ""Data from: Author (Year). Title [Dataset]. https://doi.org/..."" entry), never as an inline hyperlink or bare in-text mention. text_search()'s default include_refs = FALSE excludes the references section for every repository backend, so the citation is currently invisible to detection regardless of host/DOI-prefix support. Confirmed live 2026-09-19: the DOI itself resolves correctly when queried directly.",NA,NA,NA,NA,NA,NA,NA,NA,NA,NA,NA,NA,TRUE
"10_1111_2041_210x_13514","10_1111_2041_210x_13514","Yes","Zenodo","Yes","No",NA,".fasta","No","Yes","Yes",NA,"R","Yes",TRUE,"GitHub, GitLab, Codeberg or similar platform",NA,TRUE,TRUE,".csv",TRUE,NA,TRUE,TRUE,"R",TRUE,TRUE,TRUE,"data_license[cooper=No,mc=Yes];data_archive[cooper=Zenodo,mc=GitHub, GitLab, Codeberg or similar platform]",NA,NA,"BOTH_DEFENSIBLE","Five repo_urls across GitHub (2 repos: pirouette_example_30, pirouette_article) and Zenodo (3 records: 3970000, 3969845, 3969839) -- both platforms are genuinely present (same paper flagged in the data_license pass: both GitHub repos carry GPL-3.0 licenses). Cooper's single ""Zenodo"" and metacheck's single ""GitHub..."" each capture only one of the two platforms actually cited; neither is wrong so much as incomplete, since this paper genuinely spans both.","METACHECK_RIGHT","Both GitHub repositories linked in this paper carry a GPL-3.0 license, confirmed live via GitHub's own repository API: richelbilderbeek/pirouette_example_30 and richelbilderbeek/pirouette_article. (Three Zenodo records linked alongside them, 10.5281/zenodo.3969845, 3970000, and 3969839, have no recorded license, but the GitHub licenses alone already earn the Yes.)",NA,NA,NA,NA,NA,NA,NA,NA,TRUE
"10_1111_2041_210x_14372","10_1111_2041_210x_14372","No",NA,NA,NA,NA,NA,NA,"Yes","Yes","Yes","R;Stan","Yes",TRUE,NA,NA,NA,NA,NA,TRUE,NA,TRUE,TRUE,"R",TRUE,TRUE,TRUE,"data_availability[cooper=No,mc=Yes]","COOPER_RIGHT","repo_check found two repos (GitHub + Zenodo record 10.5281/zenodo.11259141), 68 rows total, all code/.html/.pdf/documentation -- zero files classified as data. Same mc_data_availability any-file-not-data-file root cause.",NA,NA,NA,NA,NA,NA,NA,NA,NA,NA,NA,NA,TRUE
"10_1111_1365_2745_14109","10_1111_1365_2745_14109","Yes","Dryad;Figshare","Yes","Yes","Yes",".csv/.tsv","Yes","Yes","No",NA,NA,NA,TRUE,"Figshare","10.6084/m9.figshare.22682230.v1",TRUE,TRUE,".csv",FALSE,NA,FALSE,NA,NA,FALSE,TRUE,FALSE,"any_readme[cooper=Yes,mc=No]",NA,NA,NA,NA,NA,NA,NA,NA,NA,NA,NA,NA,"DIFFERENT_DEFINITION","Cooper's Yes for this paper's README may reflect this Figshare article's `description` field -- checked live 2026-09-02 against a sample of 10 real Figshare articles from this miss set and found genuine variation (roughly 2 of 10 had real file-by-file documentation, the rest were abstract/methods-style summaries indistinguishable from Dryad's pattern), i.e. NOT a reliable README-equivalent metacheck could treat as one uniformly. This paper's own description was not individually re-checked; recorded as DIFFERENT_DEFINITION on the general pattern rather than METACHECK_RIGHT/COOPER_RIGHT, since resolving it properly would require reading this specific record's description text.",TRUE
"10_1111_1365_2664_13892","10_1111_1365_2664_13892","Yes","Other repo/database","No","Yes","Yes",".xls(x)","Yes","Yes","No",NA,NA,NA,FALSE,NA,NA,NA,NA,NA,FALSE,NA,FALSE,NA,NA,FALSE,TRUE,FALSE,"data_availability[cooper=Yes,mc=No];any_readme[cooper=Yes,mc=No]","DIFFERENT_DEFINITION","Paper states ""Most of the data supporting the findings of this study at the journal level are available within the paper (and its Supporting Information files). Extended data are available on request from the authors."" There is no external, checkable repository -- data sharing is via the article's own Supporting Information and an on-request offer. Cooper's Yes credits this as satisfying data availability; mc's FALSE correctly reflects that no crawlable repository URL exists for repo_check to find.",NA,NA,NA,NA,NA,NA,NA,NA,NA,NA,"UNCLEAR","There is no external repository for this paper (data is ""within the paper"" or ""on request""), so the readme-file concept does not clearly apply; cannot determine what specifically Cooper's Yes is based on.",TRUE
"10_1111_1365_2656_13078","10_1111_1365_2656_13078","Yes","Other repo/database","Yes","Yes","Yes",".xls(x)","Yes","Yes","No",NA,NA,NA,FALSE,NA,NA,NA,NA,NA,FALSE,NA,FALSE,NA,NA,FALSE,TRUE,FALSE,"data_availability[cooper=Yes,mc=No];any_readme[cooper=Yes,mc=No]","COOPER_RIGHT","UNSUPPORTED REPO | Paper text: ""Biologging and stable isotope data are publically available through the Australian Antarctic Data Centre: https://data.aad.gov.au/metadata/records/AAS_4087_Fulmarine_petrel_tracking_study..."". AADC is not a platform repo_check recognizes; repo_check has zero rows for this paper.",NA,NA,NA,NA,NA,NA,NA,NA,NA,NA,"COOPER_RIGHT","Same repo-detection miss as data_availability: the AADC repository was never fetched by repo_check, so mc_any_readme's FALSE reflects zero files examined, not evidence of no README.",TRUE
"10_1111_1365_2656_13543","10_1111_1365_2656_13543","Yes","Dryad","Yes","Yes","Yes",".csv/.tsv","Yes","Yes","No",NA,NA,NA,TRUE,"Dryad","doi:10.5061/dryad.8pk0p2nhw",TRUE,TRUE,".csv",FALSE,NA,FALSE,NA,NA,FALSE,TRUE,FALSE,"any_readme[cooper=Yes,mc=No]",NA,NA,NA,NA,NA,NA,NA,NA,NA,NA,NA,NA,"DIFFERENT_DEFINITION","Cooper's Yes for this paper's README likely reflects Dryad's dataset abstract (the ONLY free-text field Dryad's API exposes) -- confirmed on 9 real Dryad datasets from this same miss set that this field is consistently the paper's own scientific abstract (numbered background/methods/results prose), never file-level documentation. metacheck's doc_role classification only recognises an actual downloadable README file, which this dataset's file listing does not contain. Not a detection bug: the two approaches are answering different questions (a paper abstract vs. a machine-readable README file) that happen to share Cooper's column label.",TRUE
"10_1002_pan3_10185","10_1002_pan3_10185","Yes","Other repo/database","Yes","Yes","Yes",".xls(x)","Yes","Yes","No",NA,NA,NA,FALSE,NA,NA,NA,NA,NA,FALSE,NA,FALSE,NA,NA,FALSE,TRUE,FALSE,"data_availability[cooper=Yes,mc=No];any_readme[cooper=Yes,mc=No]","COOPER_RIGHT","UNSUPPORTED REPO | The paper's reference list cites four separate University College London (UCL Discovery) datasets with real DOIs (e.g. https://doi.org/10.5522/04/13469022.v1), matching the in-text statement that interview data ""are also available online at University College [London]."" UCL Discovery is an institutional repository not recognized by repo_check; repo_check has zero rows for this paper.",NA,NA,NA,NA,NA,NA,NA,NA,NA,NA,"COOPER_RIGHT","Same repo-detection miss as data_availability: none of the four UCL Discovery datasets were ever fetched by repo_check, so mc_any_readme's FALSE reflects zero files examined, not evidence of no README.",TRUE
"10_1111_1365_2656_12939","10_1111_1365_2656_12939","Yes","Other repo/database","Yes, but DOI not found/incorrect",NA,NA,NA,NA,"Yes","No",NA,NA,NA,FALSE,NA,NA,NA,NA,NA,FALSE,NA,FALSE,NA,NA,FALSE,NA,FALSE,"data_availability[cooper=Yes,mc=No]","COOPER_RIGHT","UNSUPPORTED REPO (PANGAEA) | Paper text: ""DATA AVAILABILITY Data are available in the Pangaea repository: https://doi.org/doi.pangaea.de/10.1594/pangaea.895965 (Demann & Wegner, 2018)"". PANGAEA is not among metacheck's supported repo_check providers, so repo_check never attempted this URL at all, leaving repo_check$table empty and producing mc_data_availability=FALSE.",NA,NA,NA,NA,NA,NA,NA,NA,NA,NA,NA,NA,TRUE
"10_1111_1365_2656_12890","10_1111_1365_2656_12890","Yes","Dryad","Yes","Yes","Yes",".xls(x)","Yes","Yes","Yes","Yes","Other","Yes",TRUE,"Dryad","doi:10.5061/dryad.v056r5h",TRUE,TRUE,".xls",TRUE,NA,FALSE,NA,NA,TRUE,TRUE,TRUE,"code_archived[cooper=Yes,mc=No]",NA,NA,NA,NA,NA,NA,NA,NA,"COOPER_RIGHT","Automated keyword search of the paper's full text found no sentence combining a repository/availability cue with a code-specific term (code, script, R code, MATLAB, Python, source code) -- consistent with the paper only claiming DATA availability, not code, at the cited repository, and with repo_check/code_check finding no code file there either. Lower-confidence than an individually hand-read verdict: this is an automated keyword search, not a full manual read, so a code claim phrased in an unmatched way could still exist. COOPER_RIGHT.",NA,NA,NA,NA,TRUE
"10_1111_1365_2664_14629","10_1111_1365_2664_14629","Yes","Dryad","Yes","Yes","Yes",".xls(x)","No","Yes","No",NA,NA,NA,TRUE,"Dryad","doi:10.5061/dryad.3tx95x6pd",TRUE,NA,".zip",TRUE,NA,FALSE,NA,NA,TRUE,FALSE,TRUE,"any_readme[cooper=No,mc=Yes]",NA,NA,NA,NA,NA,NA,NA,NA,NA,NA,NA,NA,"METACHECK_RIGHT","Single Dryad dataset (doi:10.5061/dryad.3tx95x6pd). repo_check's file listing genuinely contains a separate top-level README.md (confirmed live against Dryad's own dataset page, which explicitly lists and renders README.md as a distinct file alongside the data zip -- checked earlier in this session for this exact paper). No code repository is involved. Cooper's data_README=No is a clear miss: the live Dryad page even shows a rendered ""README:"" section on the landing page itself, so this was not a hard-to-find README.",TRUE
"10_1111_1365_2664_13321","10_1111_1365_2664_13321","Yes","Dryad","Yes","Yes","Yes",".xls(x)","Yes","Yes","No",NA,NA,NA,TRUE,"Dryad","doi:10.5061/dryad.785sc4d",TRUE,TRUE,".xlsx",FALSE,NA,FALSE,NA,NA,FALSE,TRUE,FALSE,"any_readme[cooper=Yes,mc=No]",NA,NA,NA,NA,NA,NA,NA,NA,NA,NA,NA,NA,"DIFFERENT_DEFINITION","Cooper's Yes for this paper's README likely reflects Dryad's dataset abstract (the ONLY free-text field Dryad's API exposes) -- confirmed on 9 real Dryad datasets from this same miss set that this field is consistently the paper's own scientific abstract (numbered background/methods/results prose), never file-level documentation. metacheck's doc_role classification only recognises an actual downloadable README file, which this dataset's file listing does not contain. Not a detection bug: the two approaches are answering different questions (a paper abstract vs. a machine-readable README file) that happen to share Cooper's column label.",TRUE
"10_1111_1365_2745_13751","10_1111_1365_2745_13751","Yes","Dryad","Yes","Yes","Yes",".csv/.tsv","No","Yes","No",NA,NA,NA,TRUE,"Dryad","doi:10.5061/dryad.866t1g1r4",TRUE,TRUE,".csv",TRUE,NA,FALSE,NA,NA,TRUE,FALSE,TRUE,"any_readme[cooper=No,mc=Yes]",NA,NA,NA,NA,NA,NA,NA,NA,NA,NA,NA,NA,"METACHECK_RIGHT","Single Dryad dataset (doi:10.5061/dryad.866t1g1r4). repo_check's file listing contains a readme.docx -- a Word-format README rather than a plain-text one, which may be why it was overlooked (a coder skimming file extensions for "".md""/"".txt"" could plausibly miss a "".docx"" file named readme). No code repository is involved. Cooper's data_README=No looks like a miss.",TRUE
"10_1111_1365_2745_13986","10_1111_1365_2745_13986","Yes","Other repo/database","Unsure","Unsure",NA,NA,"Unsure","Yes","No",NA,NA,NA,FALSE,NA,NA,NA,NA,NA,FALSE,NA,FALSE,NA,NA,FALSE,NA,FALSE,"data_availability[cooper=Yes,mc=No]","COOPER_RIGHT","DOMAIN-SPECIFIC BIOINFORMATICS DATABASE (NCBI/GenBank-family) | Paper text: ""Raw data have been deposited in the Sequence Read Archive (SRA) under the BioProject accession no. [...]"". NCBI's Sequence Read Archive is not among metacheck's supported repo_check providers, so repo_check never attempted this accession at all, leaving repo_check$table empty and producing mc_data_availability=FALSE.",NA,NA,NA,NA,NA,NA,NA,NA,NA,NA,NA,NA,TRUE
"10_1111_1365_2435_13980","10_1111_1365_2435_13980","Yes","Other repo/database","Unsure","Yes","Yes",".xls(x)","Yes","Yes","No",NA,NA,NA,FALSE,NA,NA,NA,NA,NA,FALSE,NA,FALSE,NA,NA,FALSE,TRUE,FALSE,"data_availability[cooper=Yes,mc=No];any_readme[cooper=Yes,mc=No]","COOPER_RIGHT","TEXT-EXTRACTION TRUNCATED (DOI cut off mid-string, unrecoverable) | Paper text: ""Repository https://doi.org/10.25422/azu.data.16823602 (Zhang et al., 2021)"", the University of Arizona Research Data Repository. An institutional repository not recognized by repo_check; repo_check has zero rows for this paper.",NA,NA,NA,NA,NA,NA,NA,NA,NA,NA,"COOPER_RIGHT","Same repo-detection miss as data_availability: the University of Arizona Research Data Repository was never fetched by repo_check, so mc_any_readme's FALSE reflects zero files examined, not evidence of no README.",TRUE
"10_1111_1365_2656_13966","10_1111_1365_2656_13966","Yes","Zenodo","Yes","Yes","Yes",".csv/.tsv","Yes","Yes","Yes","Yes","R","No",TRUE,"Zenodo","10.5281/zenodo.7874729",TRUE,TRUE,".csv",FALSE,NA,TRUE,TRUE,"R",FALSE,TRUE,FALSE,"any_readme[cooper=Yes,mc=No]",NA,NA,NA,NA,NA,NA,NA,NA,NA,NA,NA,NA,"DIFFERENT_DEFINITION","Cooper's Yes for this paper's README may reflect this Zenodo record's `description` field -- checked live 2026-09-02 against a sample of 6 real Zenodo records from this miss set and found genuine variation (sometimes a study summary, sometimes contact metadata, sometimes file-by-file documentation, sometimes empty), i.e. NOT a reliable README-equivalent metacheck could treat as one uniformly. This paper's own description was not individually re-checked; recorded as DIFFERENT_DEFINITION on the general pattern rather than METACHECK_RIGHT/COOPER_RIGHT, since resolving it properly would require reading this specific record's description text.",TRUE
"10_1111_1365_2745_13085","10_1111_1365_2745_13085","Yes","Dryad","Yes","Yes","Yes",".xls(x)","Yes","Yes","No",NA,NA,NA,FALSE,NA,NA,NA,NA,NA,FALSE,NA,FALSE,NA,NA,FALSE,TRUE,FALSE,"data_availability[cooper=Yes,mc=No];any_readme[cooper=Yes,mc=No]","COOPER_RIGHT","TEXT-EXTRACTION TRUNCATED (DOI cut off mid-string, unrecoverable) | Paper's own availability statement: ""Data available from the Dryad Digital Repository"" (Tomlinson, Sterck, Barbosa, de Bie, Prins & van Langevelde, 2018). Cites a real Dryad repository (doi.org/10.5061/dryad.745...). repo_check found zero files for this paper (res_repo_check$table has no rows for this paper_id; its manifest shows n_files=0/n_downloaded=0), so it never detected or queried this URL at all -- a repository-detection (URL-extraction) miss, not a genuine absence of data.",NA,NA,NA,NA,NA,NA,NA,NA,NA,NA,"COOPER_RIGHT","repo_check found zero files for this paper (res_repo_check$table has no rows for this paper_id), so it had no basis to detect a README even if one exists in the actual (un-located) repository.",TRUE
"10_1111_1365_2664_14198","10_1111_1365_2664_14198","Yes","Other repo/database","No","Yes","Yes",".xls(x)","No","Yes","No",NA,NA,NA,FALSE,NA,NA,NA,NA,NA,FALSE,NA,FALSE,NA,NA,FALSE,FALSE,FALSE,"data_availability[cooper=Yes,mc=No]","COOPER_RIGHT","UNSUPPORTED REPO | Paper text: ""Data available via the University of Stirling dataSTORRE http://hdl.handle.net/11667/195 (Jones et al., 2022)."" repo_check found zero files for this paper -- it never located/checked this institutional repository.",NA,NA,NA,NA,NA,NA,NA,NA,NA,NA,NA,NA,TRUE
"10_1111_1365_2656_13639","10_1111_1365_2656_13639","Yes","Figshare","No","Yes","Yes",".csv/.tsv","No","Yes","Yes","Yes","R","No",TRUE,"Figshare","10.6084/m9.figshare.7122572.v2",TRUE,TRUE,".csv",FALSE,NA,FALSE,NA,NA,FALSE,FALSE,FALSE,"code_archived[cooper=Yes,mc=No]",NA,NA,NA,NA,NA,NA,NA,NA,"COOPER_RIGHT","Automated keyword search of the paper's full text found no sentence combining a repository/availability cue with a code-specific term (code, script, R code, MATLAB, Python, source code) -- consistent with the paper only claiming DATA availability, not code, at the cited repository, and with repo_check/code_check finding no code file there either. Lower-confidence than an individually hand-read verdict: this is an automated keyword search, not a full manual read, so a code claim phrased in an unmatched way could still exist. COOPER_RIGHT.",NA,NA,NA,NA,TRUE
"10_1111_1365_2664_12905","10_1111_1365_2664_12905","Yes","Dryad","Yes","Yes","Yes",".csv/.tsv","Yes","Yes","No",NA,NA,NA,TRUE,"Dryad","doi:10.5061/dryad.tf1fm",TRUE,TRUE,".csv",FALSE,NA,FALSE,NA,NA,FALSE,TRUE,FALSE,"any_readme[cooper=Yes,mc=No]",NA,NA,NA,NA,NA,NA,NA,NA,NA,NA,NA,NA,"DIFFERENT_DEFINITION","Cooper's Yes for this paper's README likely reflects Dryad's dataset abstract (the ONLY free-text field Dryad's API exposes) -- confirmed on 9 real Dryad datasets from this same miss set that this field is consistently the paper's own scientific abstract (numbered background/methods/results prose), never file-level documentation. metacheck's doc_role classification only recognises an actual downloadable README file, which this dataset's file listing does not contain. Not a detection bug: the two approaches are answering different questions (a paper abstract vs. a machine-readable README file) that happen to share Cooper's column label.",TRUE
"10_1111_1365_2656_13439","10_1111_1365_2656_13439","Yes","Other repo/database","Yes","Yes","Yes",".csv/.tsv","No","Yes","No",NA,NA,NA,FALSE,NA,NA,NA,NA,NA,FALSE,NA,FALSE,NA,NA,FALSE,FALSE,FALSE,"data_availability[cooper=Yes,mc=No]","COOPER_RIGHT","UNSUPPORTED REPO | Paper's own availability statement: ""The datasets generated during this study are available in the VTechData repository https://doi.org/10.7294/WSDX-AJ44 (Langwig, 2021)."" Cites a real Other repo/database (VTechData) repository (https://doi.org/10.7294/WSDX-AJ44). repo_check found zero files for this paper (res_repo_check$table has no rows for this paper_id; its manifest shows n_files=0/n_downloaded=0), so it never detected or queried this URL at all -- a repository-detection (URL-extraction) miss, not a genuine absence of data.",NA,NA,NA,NA,NA,NA,NA,NA,NA,NA,NA,NA,TRUE
"10_1111_2041_210x_13110","10_1111_2041_210x_13110","Yes","Supplementary materials","No","Unsure","Yes",NA,"Yes","Yes","Yes","Yes","R;BUGS/JAGS","Yes",FALSE,NA,NA,NA,NA,NA,FALSE,NA,FALSE,NA,NA,FALSE,TRUE,FALSE,"data_availability[cooper=Yes,mc=No];code_archived[cooper=Yes,mc=No];any_readme[cooper=Yes,mc=No]","DIFFERENT_DEFINITION","A full-text search (doi.org/dryad/zenodo/figshare/github/osf/repository/archive/dataset) finds no external data or code repository cited anywhere in this paper; data, statistical models and code are described only as being in ""Supporting Information Appendix A."" Cooper's Yes likely counts the journal's own Supporting Information as satisfying availability, while metacheck's repo_check correctly finds nothing to check since no separate external repository exists -- the two sides are answering different questions (SI-as-availability vs. external-repository-as-availability).",NA,NA,NA,NA,NA,NA,"DIFFERENT_DEFINITION","Same as data_availability for this paper: no external code repository is cited anywhere; code is described only as part of ""Supporting Information Appendix A."" Cooper's Yes likely counts SI-embedded code as ""archived""; metacheck correctly finds no external repository to check.",NA,NA,"DIFFERENT_DEFINITION","Same root cause: no external repository exists for this paper at all (confirmed by repo_check's zero rows and a full-text search finding no repository citation), so metacheck has no repository to check for a README. This is not a detection miss but a genuine absence of anything for repo_check to examine, matching the SI-only nature of this paper's availability claim.",TRUE
"10_1111_1365_2664_13594","10_1111_1365_2664_13594","No",NA,NA,NA,NA,NA,NA,"Yes","Yes","Yes","R","Quasi-README",TRUE,"Dryad","doi:10.5061/dryad.69p8cz8xs",TRUE,TRUE,".csv",FALSE,NA,TRUE,TRUE,"R",FALSE,TRUE,FALSE,"data_availability[cooper=No,mc=Yes];any_readme[cooper=Yes,mc=No]","UNCLEAR","repo_check found data-typed files at Dryad doi.org/10.5061/dryad.69p8cz8xs: current.csv, dy_pars.csv, fenwg_fens.csv, spared.csv, traits.csv, wd_sali.csv, wg_fens.csv. Unlike the other Group-B rows in this pass, these file names (traits.csv, dy_pars.csv) plausibly hold real collected/parameter data rather than obvious simulation-sweep output, so the same ""model artifact, not real data"" reasoning does not clearly apply here. Could not be confirmed against the paper's own text in this pass -- left UNCLEAR rather than guessed. Needs a manual read of the paper's data availability statement and methods to resolve properly.",NA,NA,NA,NA,NA,NA,NA,NA,NA,NA,"DIFFERENT_DEFINITION","Cooper's Yes for this paper's README likely reflects Dryad's dataset abstract (the ONLY free-text field Dryad's API exposes) -- confirmed on 9 real Dryad datasets from this same miss set that this field is consistently the paper's own scientific abstract (numbered background/methods/results prose), never file-level documentation. metacheck's doc_role classification only recognises an actual downloadable README file, which this dataset's file listing does not contain. Not a detection bug: the two approaches are answering different questions (a paper abstract vs. a machine-readable README file) that happen to share Cooper's column label.",TRUE
"10_1111_1365_2664_13842","10_1111_1365_2664_13842","Yes","Dryad","Yes","Yes","Yes",".csv/.tsv","Yes","Yes","Yes",NA,"R","No",TRUE,"Dryad","doi:10.5061/dryad.0zpc866wp",TRUE,TRUE,".csv",TRUE,NA,FALSE,NA,NA,TRUE,TRUE,TRUE,"code_archived[cooper=Yes,mc=No]",NA,NA,NA,NA,NA,NA,NA,NA,"COOPER_RIGHT","Automated keyword search of the paper's full text found no sentence combining a repository/availability cue with a code-specific term (code, script, R code, MATLAB, Python, source code) -- consistent with the paper only claiming DATA availability, not code, at the cited repository, and with repo_check/code_check finding no code file there either. Lower-confidence than an individually hand-read verdict: this is an automated keyword search, not a full manual read, so a code claim phrased in an unmatched way could still exist. COOPER_RIGHT.",NA,NA,NA,NA,TRUE
"10_1111_1365_2745_12963","10_1111_1365_2745_12963","Yes","Dryad","Yes","Yes","Yes",".csv/.tsv","Yes","Yes","Yes","Yes","R","Yes",TRUE,"Dryad","doi:10.5061/dryad.19cf1c2",TRUE,NA,".zip",TRUE,NA,FALSE,NA,NA,TRUE,TRUE,TRUE,"code_archived[cooper=Yes,mc=No]",NA,NA,NA,NA,NA,NA,NA,NA,"COOPER_RIGHT","Paper's own text explicitly claims code availability at the cited repository: ""DATA ACCE SS I B I LIT Y Macrophyte community data, environmental data and analysis scripts for this study are available from the Dryad Digital Repository: https://doi.org/10.5061/dryad.19cf1c2 (Muthukrishnan, Hansel-Welch, & Larkin 2018) O RCI D Ranjan Muthukrishnan http://orcid.org/0000-0002-7001-"" -- but neither repo_check nor code_check found any file classified as code there. Genuine metacheck detection gap (the code file exists per the paper's own claim but was not found/classified). COOPER_RIGHT.",NA,NA,NA,NA,TRUE
"10_1002_pan3_10252","10_1002_pan3_10252","Yes","Other repo/database","Yes","Yes","Yes",".csv/.tsv","Yes","No",NA,NA,NA,NA,FALSE,NA,NA,NA,NA,NA,FALSE,NA,FALSE,NA,NA,FALSE,TRUE,FALSE,"data_availability[cooper=Yes,mc=No];any_readme[cooper=Yes,mc=No]","COOPER_RIGHT","UNSUPPORTED REPO | Paper text: ""The data that support the analysis of this study are available from the publicly accessible repository, NERC Environmental Information Data Centre: https://doi.org/10.5285/a924f41c-ae29-427c-8113-aebe6bc2d349 (Jackson-Bué et al., 2021)"". NERC EIDC is not among metacheck's supported repo_check providers, so repo_check never attempted this URL at all (no matching gated_repos entry either, confirming a genuine miss rather than a fetch error), leaving repo_check$table empty and producing mc_data_availability=FALSE.",NA,NA,NA,NA,NA,NA,NA,NA,NA,NA,"COOPER_RIGHT","Same unsupported-provider gap: NERC EIDC is not repo_check-supported, so no file listing or doc_role signal was ever generated for this paper.",TRUE
"10_1111_1365_2435_14709","10_1111_1365_2435_14709","Yes","Figshare","No","Yes","Yes",".csv/.tsv","Yes","Yes","No",NA,NA,NA,FALSE,NA,NA,NA,NA,NA,FALSE,NA,FALSE,NA,NA,FALSE,TRUE,FALSE,"data_availability[cooper=Yes,mc=No];any_readme[cooper=Yes,mc=No]","COOPER_RIGHT","Paper text: 'This study's data and analytical code are available to at https://figshare.com/s/2c1df214c152a6b98f8b.' This is a private/anonymous Figshare share-link ('figshare.com/s/<hash>'), a different URL format from the standard article DOI links repo_check recognizes; repo_check found/listed nothing at all for this paper.",NA,NA,NA,NA,NA,NA,NA,NA,NA,NA,"COOPER_RIGHT","UNSUPPORTED REPO | Same root cause: the private Figshare share-link format was not recognized by repo_check.",TRUE
"10_1111_1365_2745_14465","10_1111_1365_2745_14465","Yes","Figshare","Yes","Yes","Yes",".csv/.tsv","No","Yes","No",NA,NA,NA,TRUE,"Figshare","10.6084/m9.figshare.27248373.v1",TRUE,TRUE,".csv;.rdata",FALSE,NA,TRUE,TRUE,"R",FALSE,FALSE,FALSE,"code_archived[cooper=No,mc=Yes]",NA,NA,NA,NA,NA,NA,NA,NA,"METACHECK_RIGHT","code_check found 5 real code file(s) (R) at https://doi.org/10.6084/m9.figshare.27248373, e.g. 0_R Data and Species - format and data selection.R, 1_R Data and Species - stats and analyses.R, 2_Data Tables and PCA.R, 3_Model and Plots.R, 4_R Graph Figures and Tables.R. Not a borderline case -- a large, unambiguous set of named analysis scripts, not a single file or an edge-case classification. METACHECK_RIGHT; Cooper's ""No"" appears to be a coding miss.",NA,NA,NA,NA,TRUE
"10_1111_1365_2745_13031","10_1111_1365_2745_13031","Yes","Dryad","Yes","Yes","Yes",".xls(x)","Yes","Yes","No",NA,NA,NA,TRUE,"Dryad","doi:10.5061/dryad.f1q5870",TRUE,TRUE,".xlsx",FALSE,NA,FALSE,NA,NA,FALSE,TRUE,FALSE,"any_readme[cooper=Yes,mc=No]",NA,NA,NA,NA,NA,NA,NA,NA,NA,NA,NA,NA,"DIFFERENT_DEFINITION","Cooper's Yes for this paper's README likely reflects Dryad's dataset abstract (the ONLY free-text field Dryad's API exposes) -- confirmed on 9 real Dryad datasets from this same miss set that this field is consistently the paper's own scientific abstract (numbered background/methods/results prose), never file-level documentation. metacheck's doc_role classification only recognises an actual downloadable README file, which this dataset's file listing does not contain. Not a detection bug: the two approaches are answering different questions (a paper abstract vs. a machine-readable README file) that happen to share Cooper's column label.",TRUE
"10_1111_2041_210x_13608","10_1111_2041_210x_13608","Yes","Other repo/database","Yes","Yes","Yes",".json","Yes","Yes","Yes","Yes","Python",NA,TRUE,"GitHub, GitLab, Codeberg or similar platform",NA,TRUE,TRUE,".html;.txt",TRUE,NA,TRUE,TRUE,"Python",TRUE,TRUE,TRUE,"data_archive[cooper=Other repo/database,mc=GitHub, GitLab, Codeberg or similar platform]",NA,NA,"METACHECK_RIGHT","repo_url is github.com/codelucas/newspaper/ -- a GitHub repository, not ""Other repo/database"". Note: this is a third-party Python library (""newspaper"", an article-scraping package), not obviously the paper's own analysis code -- worth checking separately whether repo_check correctly identified this as the paper's actual repository, but the PLATFORM classification itself (GitHub, not ""Other"") is correct regardless.",NA,NA,NA,NA,NA,NA,NA,NA,NA,NA,TRUE
"10_1111_2041_210x_14217","10_1111_2041_210x_14217","Yes","Dryad","Yes","Yes","Yes",".csv/.tsv","Yes","Yes","Yes","Yes","R",NA,TRUE,"Dryad","doi:10.5061/dryad.hdr7sqvp5",TRUE,TRUE,".csv",TRUE,NA,FALSE,NA,NA,TRUE,TRUE,TRUE,"code_archived[cooper=Yes,mc=No]",NA,NA,NA,NA,NA,NA,NA,NA,"COOPER_RIGHT","Automated keyword search of the paper's full text found no sentence combining a repository/availability cue with a code-specific term (code, script, R code, MATLAB, Python, source code) -- consistent with the paper only claiming DATA availability, not code, at the cited repository, and with repo_check/code_check finding no code file there either. Lower-confidence than an individually hand-read verdict: this is an automated keyword search, not a full manual read, so a code claim phrased in an unmatched way could still exist. COOPER_RIGHT.",NA,NA,NA,NA,TRUE
"10_1111_1365_2656_12696","10_1111_1365_2656_12696","Yes","Dryad","Yes","Yes","Yes",".xls(x)","Quasi-README","Yes","No",NA,NA,NA,TRUE,"Dryad","doi:10.5061/dryad.25sk1",TRUE,TRUE,".xlsx",FALSE,NA,FALSE,NA,NA,FALSE,TRUE,FALSE,"any_readme[cooper=Yes,mc=No]",NA,NA,NA,NA,NA,NA,NA,NA,NA,NA,NA,NA,"DIFFERENT_DEFINITION","Cooper's Yes for this paper's README likely reflects Dryad's dataset abstract (the ONLY free-text field Dryad's API exposes) -- confirmed on 9 real Dryad datasets from this same miss set that this field is consistently the paper's own scientific abstract (numbered background/methods/results prose), never file-level documentation. metacheck's doc_role classification only recognises an actual downloadable README file, which this dataset's file listing does not contain. Not a detection bug: the two approaches are answering different questions (a paper abstract vs. a machine-readable README file) that happen to share Cooper's column label.",TRUE
"10_1111_1365_2664_13146","10_1111_1365_2664_13146","Yes","Supplementary materials;Other repo/database","Yes","Yes","Yes",".csv/.tsv;.doc(x)","Yes","Unsure",NA,NA,NA,NA,FALSE,NA,NA,NA,NA,NA,FALSE,NA,FALSE,NA,NA,FALSE,TRUE,FALSE,"data_availability[cooper=Yes,mc=No];any_readme[cooper=Yes,mc=No]","COOPER_RIGHT","SUPPLEMENTARY MATERIALS (no external repository) | Paper text: ""Data are available from the Centre for Ecology and Hydrology. https://doi.org/10.5285/c4806e25-5325-4b01-8066-91a8fb55eb41 (Plummer & Siriwardena, 2018)."" repo_check found zero files for this paper -- it never located/checked this CEH DOI.",NA,NA,NA,NA,NA,NA,NA,NA,NA,NA,"COOPER_RIGHT","Same root cause: repo_check never located the CEH repository the paper cites, so no README evidence could ever be recorded.",TRUE
"10_1002_pan3_10372","10_1002_pan3_10372","Yes",NA,NA,NA,NA,NA,NA,"No",NA,NA,NA,NA,FALSE,NA,NA,NA,NA,NA,FALSE,NA,FALSE,NA,NA,FALSE,NA,FALSE,"data_availability[cooper=Yes,mc=No]","DIFFERENT_DEFINITION","Paper's only availability statement is ""The data on which this research is based are archived securely at the James Hutton Institute"" -- a named institutional custodian with no downloadable URL/DOI (and ""archived securely"" suggests restricted, not public, access). Cooper's Yes likely credits the stated archiving arrangement; mc's FALSE reflects that there is no checkable repository URL for repo_check to find.",NA,NA,NA,NA,NA,NA,NA,NA,NA,NA,NA,NA,TRUE
"10_1111_1365_2435_13392","10_1111_1365_2435_13392","Yes","Dryad","Yes","Yes","Yes",".xls(x)","Yes","Yes","No",NA,NA,NA,TRUE,"Dryad","doi:10.5061/dryad.gc46fq8",TRUE,TRUE,".xlsx",FALSE,NA,FALSE,NA,NA,FALSE,TRUE,FALSE,"any_readme[cooper=Yes,mc=No]",NA,NA,NA,NA,NA,NA,NA,NA,NA,NA,NA,NA,"DIFFERENT_DEFINITION","Cooper's Yes for this paper's README likely reflects Dryad's dataset abstract (the ONLY free-text field Dryad's API exposes) -- confirmed on 9 real Dryad datasets from this same miss set that this field is consistently the paper's own scientific abstract (numbered background/methods/results prose), never file-level documentation. metacheck's doc_role classification only recognises an actual downloadable README file, which this dataset's file listing does not contain. Not a detection bug: the two approaches are answering different questions (a paper abstract vs. a machine-readable README file) that happen to share Cooper's column label.",TRUE
"10_1111_1365_2435_13697","10_1111_1365_2435_13697","Yes","Dryad","Yes","Yes",NA,".xls(x)","Yes","Yes","Yes","Yes","R","No",TRUE,"Dryad","doi:10.5061/dryad.kh1893243",TRUE,TRUE,".xlsx",FALSE,NA,FALSE,NA,NA,FALSE,TRUE,FALSE,"code_archived[cooper=Yes,mc=No];any_readme[cooper=Yes,mc=No]",NA,NA,NA,NA,NA,NA,NA,NA,"COOPER_RIGHT","Paper's own text explicitly claims code availability at the cited repository: ""All data are available on the Dryad Digital Repository https://doi.org/10.5061/dryad.kh1893243  (Sosiak & Barden, 2020); and R code necessary for the reproduction of analyses are provided in the Supporting Information accompanying this manuscript."" -- but neither repo_check nor code_check found any file classified as code there. Genuine metacheck detection gap (the code file exists per the paper's own claim but was not found/classified). COOPER_RIGHT.",NA,NA,"DIFFERENT_DEFINITION","Cooper's Yes for this paper's README likely reflects Dryad's dataset abstract (the ONLY free-text field Dryad's API exposes) -- confirmed on 9 real Dryad datasets from this same miss set that this field is consistently the paper's own scientific abstract (numbered background/methods/results prose), never file-level documentation. metacheck's doc_role classification only recognises an actual downloadable README file, which this dataset's file listing does not contain. Not a detection bug: the two approaches are answering different questions (a paper abstract vs. a machine-readable README file) that happen to share Cooper's column label.",TRUE
"10_1111_1365_2435_13955","10_1111_1365_2435_13955","Yes","Figshare","Yes","Yes","Yes",".csv/.tsv","Yes","Yes","No",NA,NA,NA,FALSE,NA,NA,NA,NA,NA,FALSE,NA,FALSE,NA,NA,FALSE,TRUE,FALSE,"data_availability[cooper=Yes,mc=No];any_readme[cooper=Yes,mc=No]","COOPER_RIGHT","Paper text: 'Data available on Figshare https://doi.org/10.26180/16665964.' This DOI prefix (10.26180) differs from the standard Figshare prefix (10.6084/m9.figshare) repo_check's platform matching expects, and the domain is doi.org not figshare.com; repo_check found/listed nothing at all for this paper.",NA,NA,NA,NA,NA,NA,NA,NA,NA,NA,"COOPER_RIGHT","UNSUPPORTED REPO | Same root cause: the non-standard Figshare DOI prefix was not recognized by repo_check.",TRUE
"10_1111_1365_2435_14267","10_1111_1365_2435_14267","Yes","Other repo/database","Yes","Yes","Yes",".xls(x)",NA,"Yes","No",NA,NA,NA,FALSE,NA,NA,NA,NA,NA,FALSE,NA,FALSE,NA,NA,FALSE,NA,FALSE,"data_availability[cooper=Yes,mc=No]","UNCLEAR","No data-availability statement was found in the extracted paper text (only a mention that voucher specimens were ""deposited"" at a named location, Xalapa, and a Data S1 supplementary-file reference); repo_check independently found no repository (repo_n=0). Cannot confirm the basis for Cooper's Yes.",NA,NA,NA,NA,NA,NA,NA,NA,NA,NA,NA,NA,TRUE
"10_1111_1365_2745_12772","10_1111_1365_2745_12772","Yes","Other repo/database","No","Unsure","No",".json","Yes","Yes","No",NA,NA,NA,FALSE,NA,NA,NA,NA,NA,FALSE,NA,FALSE,NA,NA,FALSE,TRUE,FALSE,"data_availability[cooper=Yes,mc=No];any_readme[cooper=Yes,mc=No]","COOPER_RIGHT","DOMAIN-SPECIFIC BIOINFORMATICS DATABASE (NCBI/GenBank-family) | Paper's own availability statement: ""Sequences were deposited to the MG-RAST server (http://metagenomics.anl.gov/) and are available to the public (accession numbers from 4686814.3 to 4687035.3)."" Cites a real Other repo/database (MG-RAST) repository (http://metagenomics.anl.gov/). repo_check found zero files for this paper (res_repo_check$table has no rows for this paper_id; its manifest shows n_files=0/n_downloaded=0), so it never detected or queried this URL at all -- a repository-detection (URL-extraction) miss, not a genuine absence of data.",NA,NA,NA,NA,NA,NA,NA,NA,NA,NA,"COOPER_RIGHT","repo_check found zero files for this paper (res_repo_check$table has no rows for this paper_id), so it had no basis to detect a README even if one exists in the actual (un-located) repository.",TRUE
"10_1111_1365_2656_13581","10_1111_1365_2656_13581","Yes","Dryad","Yes","Yes","Yes",".csv/.tsv","Yes","Yes","Yes","Yes","R","Yes",TRUE,"Dryad","doi:10.5061/dryad.02v6wwq3s",TRUE,TRUE,".csv",FALSE,NA,FALSE,NA,NA,FALSE,TRUE,FALSE,"code_archived[cooper=Yes,mc=No];any_readme[cooper=Yes,mc=No]",NA,NA,NA,NA,NA,NA,NA,NA,"COOPER_RIGHT","Automated keyword search of the paper's full text found no sentence combining a repository/availability cue with a code-specific term (code, script, R code, MATLAB, Python, source code) -- consistent with the paper only claiming DATA availability, not code, at the cited repository, and with repo_check/code_check finding no code file there either. Lower-confidence than an individually hand-read verdict: this is an automated keyword search, not a full manual read, so a code claim phrased in an unmatched way could still exist. COOPER_RIGHT.",NA,NA,"DIFFERENT_DEFINITION","Cooper's Yes for this paper's README likely reflects Dryad's dataset abstract (the ONLY free-text field Dryad's API exposes) -- confirmed on 9 real Dryad datasets from this same miss set that this field is consistently the paper's own scientific abstract (numbered background/methods/results prose), never file-level documentation. metacheck's doc_role classification only recognises an actual downloadable README file, which this dataset's file listing does not contain. Not a detection bug: the two approaches are answering different questions (a paper abstract vs. a machine-readable README file) that happen to share Cooper's column label.",TRUE
"10_1111_1365_2435_13273","10_1111_1365_2435_13273","Yes","Dryad","Yes","Yes","Yes",".xls(x)","Yes","Yes","No",NA,NA,NA,TRUE,"Dryad","doi:10.5061/dryad.7012f1b",TRUE,TRUE,".xlsx",FALSE,NA,FALSE,NA,NA,FALSE,TRUE,FALSE,"any_readme[cooper=Yes,mc=No]",NA,NA,NA,NA,NA,NA,NA,NA,NA,NA,NA,NA,"DIFFERENT_DEFINITION","Cooper's Yes for this paper's README likely reflects Dryad's dataset abstract (the ONLY free-text field Dryad's API exposes) -- confirmed on 9 real Dryad datasets from this same miss set that this field is consistently the paper's own scientific abstract (numbered background/methods/results prose), never file-level documentation. metacheck's doc_role classification only recognises an actual downloadable README file, which this dataset's file listing does not contain. Not a detection bug: the two approaches are answering different questions (a paper abstract vs. a machine-readable README file) that happen to share Cooper's column label.",TRUE
"10_1111_1365_2745_14252","10_1111_1365_2745_14252","Yes","Other repo/database","Yes",NA,"Yes",".csv/.tsv;.txt","No","Yes","Yes","Yes","HTML","No",FALSE,NA,NA,NA,NA,NA,FALSE,NA,FALSE,NA,NA,FALSE,FALSE,FALSE,"data_availability[cooper=Yes,mc=No];code_archived[cooper=Yes,mc=No]","COOPER_RIGHT","Full-text search finds: 'All datasets are publicly available via MyDiv (https://mydivdata.idiv.de...' -- the URL itself appears corrupted by a repeated PDF-extraction artifact ('https://mydivdata.idiv.https://mydivdata.idiv.de.') in this paper's text, and MyDiv (a specific biodiversity-experiment data portal) is not a repo_check-recognized platform in any case. repo_check found/listed nothing at all for this paper.",NA,NA,NA,NA,NA,NA,"UNCLEAR","A full-text search of the paper (excluding the reference list) found no statement about a code repository at all -- only the MyDiv data-availability sentence. Cannot confirm from available evidence whether Cooper's Yes reflects a real first-party code archive not captured by the text extraction, or a different basis; left UNCLEAR rather than guessed.",NA,NA,NA,NA,TRUE
"10_1111_1365_2745_13009","10_1111_1365_2745_13009","Yes","Dryad","Yes","Yes","Yes",".txt;.xls(x)","Quasi-README","Yes","No",NA,NA,NA,TRUE,"Dryad","doi:10.5061/dryad.60cq733",TRUE,TRUE,".txt;.xlsx",FALSE,NA,FALSE,NA,NA,FALSE,TRUE,FALSE,"any_readme[cooper=Yes,mc=No]",NA,NA,NA,NA,NA,NA,NA,NA,NA,NA,NA,NA,"DIFFERENT_DEFINITION","Cooper's Yes for this paper's README likely reflects Dryad's dataset abstract (the ONLY free-text field Dryad's API exposes) -- confirmed on 9 real Dryad datasets from this same miss set that this field is consistently the paper's own scientific abstract (numbered background/methods/results prose), never file-level documentation. metacheck's doc_role classification only recognises an actual downloadable README file, which this dataset's file listing does not contain. Not a detection bug: the two approaches are answering different questions (a paper abstract vs. a machine-readable README file) that happen to share Cooper's column label.",TRUE
"10_1111_1365_2664_13179","10_1111_1365_2664_13179","Yes","Other repo/database","Yes","Unsure","Yes",".csv/.tsv;.txt;.xls(x)","Yes","Yes","No",NA,NA,NA,FALSE,NA,NA,NA,NA,NA,FALSE,NA,FALSE,NA,NA,FALSE,TRUE,FALSE,"data_availability[cooper=Yes,mc=No];any_readme[cooper=Yes,mc=No]","COOPER_RIGHT","UNSUPPORTED REPO | Paper text: ""Data available via USGS data release https://doi.org/10.5066/f78w3c7w (Guest et al. 2018)."" USGS Data Release is not a platform repo_check recognizes; repo_check has zero rows for this paper.",NA,NA,NA,NA,NA,NA,NA,NA,NA,NA,"COOPER_RIGHT","Same repo-detection miss as data_availability: the USGS data release was never fetched by repo_check, so mc_any_readme's FALSE reflects zero files examined, not evidence of no README.",TRUE
"10_1111_2041_210x_13582","10_1111_2041_210x_13582",NA,NA,NA,NA,NA,NA,NA,"Yes","Yes","Yes","R","Yes",FALSE,NA,NA,NA,NA,NA,FALSE,NA,FALSE,NA,NA,FALSE,TRUE,FALSE,"code_archived[cooper=Yes,mc=No];any_readme[cooper=Yes,mc=No]",NA,NA,NA,NA,NA,NA,NA,NA,"COOPER_RIGHT","Paper text: 'We implemented our method in the cobiclust R package available on the CRAN.' CRAN is not a repo_check-recognized platform (not Dryad/Zenodo/Figshare/OSF/GitHub); repo_check found/listed nothing at all for this paper, even though the code is genuinely archived on CRAN, a legitimate long-term archival system for R packages.",NA,NA,"COOPER_RIGHT","UNSUPPORTED REPO | Same root cause: CRAN is not a repo_check-recognized platform, so repo_check never checked the package (which conventionally includes a DESCRIPTION/README) for a readme.",TRUE
"10_1002_pan3_10551","10_1002_pan3_10551","Yes","Other repo/database","Yes","Yes","Yes",".csv/.tsv","Yes","Yes","No",NA,NA,NA,TRUE,"GitHub, GitLab, Codeberg or similar platform;Zenodo","10.5281/zenodo.2422561",TRUE,TRUE,".csv;.dummy;.pickle",TRUE,NA,TRUE,TRUE,"Python",TRUE,TRUE,TRUE,"code_archived[cooper=No,mc=Yes];data_archive[cooper=Other repo/database,mc=GitHub, GitLab, Codeberg or similar platform;Zenodo]",NA,NA,"METACHECK_RIGHT","Two repo_urls: github.com/pgcorpus/gutenberg and zenodo.org/record/2422561 -- a GitHub repository and a Zenodo record, not ""Other repo/database"".",NA,NA,NA,NA,"METACHECK_RIGHT","code_check found 10 real code file(s) (Python) at https://github.com/pgcorpus/gutenberg, e.g. get_data.py, process_data.py, __init__.py, bookshelves.py, cleanup.py, .... Not a borderline case -- a large, unambiguous set of named analysis scripts, not a single file or an edge-case classification. METACHECK_RIGHT; Cooper's ""No"" appears to be a coding miss.",NA,NA,NA,NA,TRUE
"10_1111_2041_210x_13964","10_1111_2041_210x_13964","Yes","Figshare","Yes","Yes","Yes",".csv/.tsv;.wav","No","Yes","Yes","Yes","R","Yes",TRUE,"Figshare","10.6084/m9.figshare.19550605.v2",TRUE,NA,".zip",FALSE,NA,FALSE,NA,NA,FALSE,TRUE,FALSE,"code_archived[cooper=Yes,mc=No];any_readme[cooper=Yes,mc=No]",NA,NA,NA,NA,NA,NA,NA,NA,"COOPER_RIGHT","Automated keyword search of the paper's full text found no sentence combining a repository/availability cue with a code-specific term (code, script, R code, MATLAB, Python, source code) -- consistent with the paper only claiming DATA availability, not code, at the cited repository, and with repo_check/code_check finding no code file there either. Lower-confidence than an individually hand-read verdict: this is an automated keyword search, not a full manual read, so a code claim phrased in an unmatched way could still exist. COOPER_RIGHT.",NA,NA,"DIFFERENT_DEFINITION","Archive-only: repo_check's file listing for this paper is a single compressed archive (.zip/.rar/...) with no separate top-level file. repo_check's own peek_zips=TRUE default DOES try to read a zip's file listing remotely without downloading it, so a README bundled inside is not automatically invisible -- but that peek attempt evidently failed for this specific archive. Confirmed structural cause for Dryad-hosted zips: the peek's HTTP Range request is unauthenticated and Dryad's file-download endpoint returns 401 Unauthorized without an OAuth token, so the peek can never succeed there. For Zenodo/other platforms the failure cause is not yet fully pinned down (see the issue's discussion). Filed as https://github.com/scienceverse/metacheck/issues/378. DIFFERENT_DEFINITION rather than a verdict: resolving this needs a code fix (authenticated peek requests, at minimum for Dryad), not a judgement call on this specific paper.",TRUE
"10_1111_1365_2435_12870","10_1111_1365_2435_12870","Yes","Dryad","Yes","Yes","Yes",".csv/.tsv","Quasi-README","Yes","No",NA,NA,NA,TRUE,"Dryad","doi:10.5061/dryad.kp0mc",TRUE,TRUE,".csv",FALSE,NA,FALSE,NA,NA,FALSE,TRUE,FALSE,"any_readme[cooper=Yes,mc=No]",NA,NA,NA,NA,NA,NA,NA,NA,NA,NA,NA,NA,"DIFFERENT_DEFINITION","Cooper's Yes for this paper's README likely reflects Dryad's dataset abstract (the ONLY free-text field Dryad's API exposes) -- confirmed on 9 real Dryad datasets from this same miss set that this field is consistently the paper's own scientific abstract (numbered background/methods/results prose), never file-level documentation. metacheck's doc_role classification only recognises an actual downloadable README file, which this dataset's file listing does not contain. Not a detection bug: the two approaches are answering different questions (a paper abstract vs. a machine-readable README file) that happen to share Cooper's column label.",TRUE
"10_1111_1365_2435_13150","10_1111_1365_2435_13150","Yes","Dryad;Other repo/database","Yes, but not for all data archived","Yes","Yes",".xls(x);.fastq","Yes","Yes","No",NA,NA,NA,TRUE,"Dryad","doi:10.5061/dryad.d12635v",TRUE,TRUE,".xlsx",FALSE,NA,FALSE,NA,NA,FALSE,TRUE,FALSE,"any_readme[cooper=Yes,mc=No]",NA,NA,NA,NA,NA,NA,NA,NA,NA,NA,NA,NA,"DIFFERENT_DEFINITION","Cooper's Yes for this paper's README likely reflects Dryad's dataset abstract (the ONLY free-text field Dryad's API exposes) -- confirmed on 9 real Dryad datasets from this same miss set that this field is consistently the paper's own scientific abstract (numbered background/methods/results prose), never file-level documentation. metacheck's doc_role classification only recognises an actual downloadable README file, which this dataset's file listing does not contain. Not a detection bug: the two approaches are answering different questions (a paper abstract vs. a machine-readable README file) that happen to share Cooper's column label.",TRUE
"10_1111_1365_2435_14022","10_1111_1365_2435_14022","Yes","Dryad","Yes","No","Yes",".csv/.tsv;.xls(x)","Yes","Yes","Yes","Yes","R","No",FALSE,NA,NA,NA,NA,NA,FALSE,NA,FALSE,NA,NA,FALSE,TRUE,FALSE,"data_availability[cooper=Yes,mc=No];code_archived[cooper=Yes,mc=No];any_readme[cooper=Yes,mc=No]","COOPER_RIGHT","TEXT-EXTRACTION TRUNCATED (DOI cut off mid-string, unrecoverable) | Paper text: ""Data and R scripts (Joncour et al., 2022) are available from Dryad"", with the reference list giving the resolvable DOI https://doi.org/10.5061/dryad.1g1jwstzd. repo_check found zero files for this paper -- it never located/checked this Dryad DOI (the in-text link is a temporary reviewer share-link, but a permanent DOI exists in the reference list).",NA,NA,NA,NA,NA,NA,"COOPER_RIGHT","Same Dryad deposit (10.5061/dryad.1g1jwstzd) explicitly described as containing 'Data and R scripts'; repo_check never located it at all.",NA,NA,"COOPER_RIGHT","Same root cause: repo_check never located the Dryad repository the paper cites, so no README evidence could ever be recorded.",TRUE
"10_1111_1365_2745_13803","10_1111_1365_2745_13803","Yes","Figshare","Yes","Yes","Yes",".xls(x)","Yes","Yes","No",NA,NA,NA,TRUE,"Figshare","10.6084/m9.figshare.16649176.v1",TRUE,TRUE,".xlsx",FALSE,NA,FALSE,NA,NA,FALSE,TRUE,FALSE,"any_readme[cooper=Yes,mc=No]",NA,NA,NA,NA,NA,NA,NA,NA,NA,NA,NA,NA,"DIFFERENT_DEFINITION","Cooper's Yes for this paper's README may reflect this Figshare article's `description` field -- checked live 2026-09-02 against a sample of 10 real Figshare articles from this miss set and found genuine variation (roughly 2 of 10 had real file-by-file documentation, the rest were abstract/methods-style summaries indistinguishable from Dryad's pattern), i.e. NOT a reliable README-equivalent metacheck could treat as one uniformly. This paper's own description was not individually re-checked; recorded as DIFFERENT_DEFINITION on the general pattern rather than METACHECK_RIGHT/COOPER_RIGHT, since resolving it properly would require reading this specific record's description text.",TRUE
"10_1111_1365_2435_14190","10_1111_1365_2435_14190","Yes","Dryad","Yes","Yes","Yes",".csv/.tsv","Yes","Yes","Yes","Yes","R","Yes",TRUE,"Dryad","doi:10.5061/dryad.qz612jmjx",TRUE,TRUE,".csv",TRUE,NA,FALSE,NA,NA,TRUE,TRUE,TRUE,"code_archived[cooper=Yes,mc=No]",NA,NA,NA,NA,NA,NA,NA,NA,"COOPER_RIGHT","Paper's own text explicitly claims code availability at the cited repository: ""Code, data and metadata are available on Dryad: https://doi.org/10.5061/dryad.qz612jmjx  (Dinh & Patek, 2022)."" -- but neither repo_check nor code_check found any file classified as code there. Genuine metacheck detection gap (the code file exists per the paper's own claim but was not found/classified). COOPER_RIGHT.",NA,NA,NA,NA,TRUE
"10_1111_2041_210x_13332","10_1111_2041_210x_13332",NA,NA,NA,NA,NA,NA,NA,"Yes","Yes","Yes","C/C++","Yes",TRUE,NA,NA,NA,NA,NA,TRUE,NA,FALSE,NA,NA,TRUE,TRUE,TRUE,"code_archived[cooper=Yes,mc=No]",NA,NA,NA,NA,NA,NA,NA,NA,"COOPER_RIGHT","repo_check found a file named ""C++ code"" (github.com/Adriangarridosanchis/FrogPhone) with no file extension -- code_check's extension-based classifier has nothing to key on. Weakest-evidence case of the cross-module gap group: could not confirm from the listing alone whether this is a real source file or a mislabeled folder/link entry. COOPER_RIGHT on the strength that repo_check itself treated it as code.",NA,NA,NA,NA,TRUE
"10_1002_pan3_10055","10_1002_pan3_10055","Yes",NA,NA,NA,NA,NA,NA,"Yes","No",NA,NA,NA,FALSE,NA,NA,NA,NA,NA,FALSE,NA,FALSE,NA,NA,FALSE,NA,FALSE,"data_availability[cooper=Yes,mc=No]","DIFFERENT_DEFINITION","Paper text: ""These data and associated R scripts are available on request from T.D.B. These data are not publicly available due to them containing information that could compromise participant consent agreements."" There is no repository or downloadable location at all -- the paper explicitly states the opposite of public availability. Cooper's Yes likely reflects that the paper DOES include a Data Availability Statement (even one saying ""on request, not public""), while metacheck's mc_data_availability specifically requires repo_check to find an actual repository with files, which correctly does not exist here -- the two sides are answering different questions (""is there a DAS"" vs. ""is there a real accessible repository"").",NA,NA,NA,NA,NA,NA,NA,NA,NA,NA,NA,NA,TRUE
"10_1111_1365_2435_13227","10_1111_1365_2435_13227","Yes","Dryad","Yes","Yes","Yes",".csv/.tsv","Yes","Yes","No",NA,NA,NA,TRUE,"Dryad","doi:10.5061/dryad.g9n85sm",TRUE,TRUE,".csv",FALSE,NA,FALSE,NA,NA,FALSE,TRUE,FALSE,"any_readme[cooper=Yes,mc=No]",NA,NA,NA,NA,NA,NA,NA,NA,NA,NA,NA,NA,"DIFFERENT_DEFINITION","Cooper's Yes for this paper's README likely reflects Dryad's dataset abstract (the ONLY free-text field Dryad's API exposes) -- confirmed on 9 real Dryad datasets from this same miss set that this field is consistently the paper's own scientific abstract (numbered background/methods/results prose), never file-level documentation. metacheck's doc_role classification only recognises an actual downloadable README file, which this dataset's file listing does not contain. Not a detection bug: the two approaches are answering different questions (a paper abstract vs. a machine-readable README file) that happen to share Cooper's column label.",TRUE
"10_1111_1365_2664_13242","10_1111_1365_2664_13242","Yes","Dryad","Yes","Yes","Yes",NA,"Yes","Yes","Yes","Yes","R","Yes",TRUE,NA,NA,NA,NA,NA,FALSE,NA,TRUE,TRUE,"R",FALSE,TRUE,FALSE,"any_readme[cooper=Yes,mc=No]",NA,NA,NA,NA,NA,NA,NA,NA,NA,NA,NA,NA,"DIFFERENT_DEFINITION","Cooper's Yes for this paper's README likely reflects Dryad's dataset abstract (the ONLY free-text field Dryad's API exposes) -- confirmed on 9 real Dryad datasets from this same miss set that this field is consistently the paper's own scientific abstract (numbered background/methods/results prose), never file-level documentation. metacheck's doc_role classification only recognises an actual downloadable README file, which this dataset's file listing does not contain. Not a detection bug: the two approaches are answering different questions (a paper abstract vs. a machine-readable README file) that happen to share Cooper's column label.",TRUE
"10_1002_pan3_10491","10_1002_pan3_10491","Yes","Other repo/database","Yes","Yes","Yes",".csv/.tsv","Quasi-README","Yes","No",NA,NA,NA,FALSE,NA,NA,NA,NA,NA,FALSE,NA,FALSE,NA,NA,FALSE,TRUE,FALSE,"data_availability[cooper=Yes,mc=No];any_readme[cooper=Yes,mc=No]","COOPER_RIGHT","UNSUPPORTED REPO | Paper states ""The data used in this study are available online at University College London's Research Data Repository: https://doi.org/10.5522/04/23217572.v1""; repo_check's summary_table shows repo_n=0 -- this repository was never detected.",NA,NA,NA,NA,NA,NA,NA,NA,NA,NA,"COOPER_RIGHT","The UCL Research Data Repository deposit (10.5522/04/23217572.v1) was never detected by repo_check (repo_n=0), so metacheck never checked it for a readme.",TRUE
"10_1111_1365_2745_14031","10_1111_1365_2745_14031","Yes","Dryad","Yes","Yes","Yes",".csv/.tsv;.txt","Yes","Yes","Yes","Yes","R","No",TRUE,"Dryad","doi:10.5061/dryad.5dv41ns90",TRUE,TRUE,".csv",TRUE,NA,FALSE,NA,NA,TRUE,TRUE,TRUE,"code_archived[cooper=Yes,mc=No]",NA,NA,NA,NA,NA,NA,NA,NA,"COOPER_RIGHT","Paper's own text explicitly claims code availability at the cited repository: ""All data and scripts used in the analyses are available in Dryad Digital Repository https://doi.org/10.5061/dryad.5dv41ns90  (Leal et al., 2022)."" -- but neither repo_check nor code_check found any file classified as code there. Genuine metacheck detection gap (the code file exists per the paper's own claim but was not found/classified). COOPER_RIGHT.",NA,NA,NA,NA,TRUE
"10_1111_1365_2745_13470","10_1111_1365_2745_13470","Yes","Other repo/database","Yes","Yes","Yes",".csv/.tsv","No","Yes","No",NA,NA,NA,FALSE,NA,NA,NA,NA,NA,FALSE,NA,FALSE,NA,NA,FALSE,FALSE,FALSE,"data_availability[cooper=Yes,mc=No]","COOPER_RIGHT","Paper text: ""All tree and liana data are deposited in the ForestPlots.net database (Lopez-Gonzalez, Lewis, Burkitt, & Phillips, 2011)."" repo_check found zero files for this paper -- it never located/checked this ForestPlots.net database. | KNOWN METACHECK LIMITATION (not yet fixed, github.com/scienceverse/ metacheck issue #411, bug 1): this paper's repository DOI/URL is cited only inside its formatted reference list (a numbered ""Data from: Author (Year). Title [Dataset]. https://doi.org/..."" entry), never as an inline hyperlink or bare in-text mention. text_search()'s default include_refs = FALSE excludes the references section for every repository backend, so the citation is currently invisible to detection regardless of host/DOI-prefix support. Confirmed live 2026-09-19: the DOI itself resolves correctly when queried directly.",NA,NA,NA,NA,NA,NA,NA,NA,NA,NA,NA,NA,TRUE
"10_1111_2041_210x_13865","10_1111_2041_210x_13865","Yes","Supplementary materials;Zenodo","Yes","Yes","Yes",".xls(x);.fastq","Yes","Yes","Yes","Yes","R;Shell","Yes",FALSE,NA,NA,NA,NA,NA,FALSE,NA,FALSE,NA,NA,FALSE,TRUE,FALSE,"data_availability[cooper=Yes,mc=No];code_archived[cooper=Yes,mc=No];any_readme[cooper=Yes,mc=No]","COOPER_RIGHT","Paper text: ""sequences and a detailed script is available at Ariza et al., 2022"" and ""packages listed in the code (available at Ariza et al., 2022)"", with the reference list resolving this to ""Ariza, M. et al. (2022). Using soil eDNA for plant diversity assessments. Zenodo, https://doi.org/10.5281/zenodo.6400498"". repo_check has no record of attempting this specific DOI at all (no matching row in gated_repos or repo_metadata) -- a URL-extraction miss, since the in-text citations reference the DOI only indirectly via an author-year citation rather than repeating the URL inline. This leaves repo_check$table empty and produces mc_data_availability=FALSE. | KNOWN METACHECK LIMITATION (not yet fixed, github.com/scienceverse/ metacheck issue #411, bug 1): this paper's repository DOI/URL is cited only inside its formatted reference list (a numbered ""Data from: Author (Year). Title [Dataset]. https://doi.org/..."" entry), never as an inline hyperlink or bare in-text mention. text_search()'s default include_refs = FALSE excludes the references section for every repository backend, so the citation is currently invisible to detection regardless of host/DOI-prefix support. Confirmed live 2026-09-19: the DOI itself resolves correctly when queried directly.",NA,NA,NA,NA,NA,NA,"COOPER_RIGHT","Same Zenodo record (10.5281/zenodo.6400498, ""a detailed script""/""the code"" per the paper text) was never attempted by repo_check at all (URL-extraction miss, same as data_availability), leaving code_check$table empty and producing mc_code_archived=FALSE.",NA,NA,"COOPER_RIGHT","SUPPLEMENTARY MATERIALS (no external repository) | Same URL-extraction miss on the paper's sole repo (Zenodo 10.5281/zenodo.6400498) explains the missing README signal -- repo_check never listed any files for this paper_id to check doc_role on.",TRUE
"10_1111_1365_2745_13069","10_1111_1365_2745_13069","Yes","Dryad","Yes","Yes","Yes",".doc(x)","Yes","Yes","No",NA,NA,NA,TRUE,"Dryad","doi:10.5061/dryad.f4j738r",TRUE,NA,".docx",FALSE,NA,FALSE,NA,NA,FALSE,TRUE,FALSE,"any_readme[cooper=Yes,mc=No]",NA,NA,NA,NA,NA,NA,NA,NA,NA,NA,NA,NA,"DIFFERENT_DEFINITION","Cooper's Yes for this paper's README likely reflects Dryad's dataset abstract (the ONLY free-text field Dryad's API exposes) -- confirmed on 9 real Dryad datasets from this same miss set that this field is consistently the paper's own scientific abstract (numbered background/methods/results prose), never file-level documentation. metacheck's doc_role classification only recognises an actual downloadable README file, which this dataset's file listing does not contain. Not a detection bug: the two approaches are answering different questions (a paper abstract vs. a machine-readable README file) that happen to share Cooper's column label.",TRUE
"10_1111_1365_2656_12673","10_1111_1365_2656_12673","Yes","Dryad","Yes","Yes","Yes",".csv/.tsv;.txt;Rdata","Yes","Yes","Yes","Yes","R;Stan","Yes",TRUE,NA,NA,NA,NA,NA,TRUE,NA,FALSE,NA,NA,TRUE,TRUE,TRUE,"code_archived[cooper=Yes,mc=No]",NA,NA,NA,NA,NA,NA,NA,NA,"COOPER_RIGHT","Paper's own text explicitly claims code availability at the cited repository: ""Script files for the data analyses, together with the data files, used in this manuscript can be accessed from data dryad (https://doi.org/10.5061/dryad.7pd51)."" -- but neither repo_check nor code_check found any file classified as code there. Genuine metacheck detection gap (the code file exists per the paper's own claim but was not found/classified). COOPER_RIGHT.",NA,NA,NA,NA,TRUE
"10_1111_1365_2664_14700","10_1111_1365_2664_14700","Yes","Other repo/database","No","No","Yes",".csv/.tsv;.xls(x)","No","Yes","No",NA,NA,NA,FALSE,NA,NA,NA,NA,NA,FALSE,NA,FALSE,NA,NA,FALSE,FALSE,FALSE,"data_availability[cooper=Yes,mc=No]","COOPER_RIGHT","Paper text: 'Data are available from the OFB Digital Repository https://ged.ofb.fr/share/s/XiFQtejFQy28DG6u0TDzoA/folder.' A custom institutional file-share link (not a standard repository API); not a repo_check-recognized platform. repo_check found/listed nothing at all for this paper.",NA,NA,NA,NA,NA,NA,NA,NA,NA,NA,NA,NA,TRUE
"10_1111_1365_2664_13256","10_1111_1365_2664_13256","Yes","Dryad","Yes","Yes","Yes",".xls(x)","Yes","Yes","No",NA,NA,NA,TRUE,"Dryad","doi:10.5061/dryad.4t5q437",TRUE,TRUE,".xlsx",FALSE,NA,FALSE,NA,NA,FALSE,TRUE,FALSE,"any_readme[cooper=Yes,mc=No]",NA,NA,NA,NA,NA,NA,NA,NA,NA,NA,NA,NA,"DIFFERENT_DEFINITION","Cooper's Yes for this paper's README likely reflects Dryad's dataset abstract (the ONLY free-text field Dryad's API exposes) -- confirmed on 9 real Dryad datasets from this same miss set that this field is consistently the paper's own scientific abstract (numbered background/methods/results prose), never file-level documentation. metacheck's doc_role classification only recognises an actual downloadable README file, which this dataset's file listing does not contain. Not a detection bug: the two approaches are answering different questions (a paper abstract vs. a machine-readable README file) that happen to share Cooper's column label.",TRUE
"10_1111_1365_2656_12921","10_1111_1365_2656_12921","Yes",NA,"No",NA,NA,NA,"No","Yes","No",NA,NA,NA,FALSE,NA,NA,NA,NA,NA,FALSE,NA,FALSE,NA,NA,FALSE,FALSE,FALSE,"data_availability[cooper=Yes,mc=No]","DIFFERENT_DEFINITION","SUPPLEMENTARY MATERIALS (no external repository) | Paper text: ""This is a simulation study, and data-derived life-history trait values used to simulate analyses are all included in the manuscript."" There is no external repository -- all values are given directly within the article text/tables. Cooper's Yes reflects this in-article availability, while metacheck's check requires an external, checkable repository URL, which does not exist here (repo_check found zero files, correctly).",NA,NA,NA,NA,NA,NA,NA,NA,NA,NA,NA,NA,TRUE
"10_1111_2041_210x_13928","10_1111_2041_210x_13928","Yes","Zenodo","Yes",NA,"Yes",".wav","Yes","Yes","Yes","Yes","Python","Yes",TRUE,NA,NA,NA,NA,NA,FALSE,NA,FALSE,NA,NA,FALSE,TRUE,FALSE,"code_archived[cooper=Yes,mc=No];any_readme[cooper=Yes,mc=No]",NA,NA,NA,NA,NA,NA,NA,NA,"COOPER_RIGHT","Paper text: 'The software and analysis code used here are available at https://doi.org/10.5281/zenodo.5563195.' Standard-format Zenodo DOI, but repo_check found/listed nothing at all for this paper.",NA,NA,"COOPER_RIGHT","Same total miss: repo_check found/listed nothing at all for this paper across all three cited Zenodo records.",TRUE
"10_1111_1365_2656_13918","10_1111_1365_2656_13918","Yes","Other repo/database","Yes","Yes","Yes",".csv/.tsv","No","Yes","Yes","Yes","R","Yes",FALSE,NA,NA,NA,NA,NA,FALSE,NA,FALSE,NA,NA,FALSE,TRUE,FALSE,"data_availability[cooper=Yes,mc=No];code_archived[cooper=Yes,mc=No];any_readme[cooper=Yes,mc=No]","COOPER_RIGHT","Paper cites Environmental Data Initiative / PASTA DOIs (e.g. doi.org/10.6073/PASTA/0BCDC7E8B22B8F2C1801085E8CA24D59) for its data -- EDI/PASTA is not a repo_check-recognized platform. The paper's own combined data+code citation (Zenodo Digital Repository, doi.org/10.5281/zenodo.7737746) is also entirely absent from repo_check's table despite the standard-format DOI. repo_check found/listed nothing at all for this paper. | KNOWN METACHECK LIMITATION (not yet fixed, github.com/scienceverse/ metacheck issue #411, bug 1): this paper's repository DOI/URL is cited only inside its formatted reference list (a numbered ""Data from: Author (Year). Title [Dataset]. https://doi.org/..."" entry), never as an inline hyperlink or bare in-text mention. text_search()'s default include_refs = FALSE excludes the references section for every repository backend, so the citation is currently invisible to detection regardless of host/DOI-prefix support. Confirmed live 2026-09-19: the DOI itself resolves correctly when queried directly.",NA,NA,NA,NA,NA,NA,"COOPER_RIGHT","Same Zenodo record (doi.org/10.5281/zenodo.7737746, 'Data from: Variation in body size drives spatial and temporal variation in lobster-urchin interaction strength') would hold the paper's own code, but repo_check found/listed nothing at all for this paper.",NA,NA,"COOPER_RIGHT","Same total miss: repo_check found/listed nothing at all for this paper across any of its cited repositories.",TRUE
"10_1111_1365_2435_14106","10_1111_1365_2435_14106","Yes","Other repo/database","No","Unsure",NA,NA,"Yes","No",NA,NA,NA,NA,FALSE,NA,NA,NA,NA,NA,FALSE,NA,FALSE,NA,NA,FALSE,TRUE,FALSE,"data_availability[cooper=Yes,mc=No];any_readme[cooper=Yes,mc=No]","COOPER_RIGHT","DOMAIN-SPECIFIC BIOINFORMATICS DATABASE (NCBI/GenBank-family) | Reference list cites an NCBI deposit: ""Qu, Z. L. ... (2022). Data from: Impacts of near-natural management in eucalyptus plantations ... The National Center for Biotechnology Information (NCBI) with Access No..."" (accession truncated by extraction). repo_check found zero files for this paper -- it never located/checked this NCBI repository.",NA,NA,NA,NA,NA,NA,NA,NA,NA,NA,"COOPER_RIGHT","Same root cause: repo_check never located the NCBI repository the paper cites, so no README evidence could ever be recorded.",TRUE
"10_1111_1365_2745_13575","10_1111_1365_2745_13575","Yes","Dryad","Yes","Yes","Yes",".xls(x)","Yes","Yes","Yes",NA,"R","No",TRUE,"Dryad","doi:10.5061/dryad.tmpg4f4xd",TRUE,TRUE,".xlsx",FALSE,NA,FALSE,NA,NA,FALSE,TRUE,FALSE,"code_archived[cooper=Yes,mc=No];any_readme[cooper=Yes,mc=No]",NA,NA,NA,NA,NA,NA,NA,NA,"COOPER_RIGHT","Automated keyword search of the paper's full text found no sentence combining a repository/availability cue with a code-specific term (code, script, R code, MATLAB, Python, source code) -- consistent with the paper only claiming DATA availability, not code, at the cited repository, and with repo_check/code_check finding no code file there either. Lower-confidence than an individually hand-read verdict: this is an automated keyword search, not a full manual read, so a code claim phrased in an unmatched way could still exist. COOPER_RIGHT.",NA,NA,"DIFFERENT_DEFINITION","Cooper's Yes for this paper's README likely reflects Dryad's dataset abstract (the ONLY free-text field Dryad's API exposes) -- confirmed on 9 real Dryad datasets from this same miss set that this field is consistently the paper's own scientific abstract (numbered background/methods/results prose), never file-level documentation. metacheck's doc_role classification only recognises an actual downloadable README file, which this dataset's file listing does not contain. Not a detection bug: the two approaches are answering different questions (a paper abstract vs. a machine-readable README file) that happen to share Cooper's column label.",TRUE
"10_1111_1365_2435_14153","10_1111_1365_2435_14153","Yes","Supplementary materials","No","No","Yes",".xls(x)","No","Yes","Yes","Yes","R","Yes",TRUE,NA,NA,NA,NA,NA,TRUE,NA,FALSE,NA,NA,TRUE,TRUE,TRUE,"code_archived[cooper=Yes,mc=No]",NA,NA,NA,NA,NA,NA,NA,NA,"COOPER_RIGHT","Automated keyword search of the paper's full text found no sentence combining a repository/availability cue with a code-specific term (code, script, R code, MATLAB, Python, source code) -- consistent with the paper only claiming DATA availability, not code, at the cited repository, and with repo_check/code_check finding no code file there either. Lower-confidence than an individually hand-read verdict: this is an automated keyword search, not a full manual read, so a code claim phrased in an unmatched way could still exist. COOPER_RIGHT.",NA,NA,NA,NA,TRUE
"10_1002_pan3_10158","10_1002_pan3_10158","Yes","Zenodo","Yes","Yes","Yes",".xls(x)","Quasi-README","No",NA,NA,NA,NA,TRUE,"Zenodo","10.5281/zenodo.4045372",TRUE,TRUE,".xlsx",FALSE,NA,FALSE,NA,NA,FALSE,TRUE,FALSE,"any_readme[cooper=Yes,mc=No]",NA,NA,NA,NA,NA,NA,NA,NA,NA,NA,NA,NA,"DIFFERENT_DEFINITION","Cooper's Yes for this paper's README may reflect this Zenodo record's `description` field -- checked live 2026-09-02 against a sample of 6 real Zenodo records from this miss set and found genuine variation (sometimes a study summary, sometimes contact metadata, sometimes file-by-file documentation, sometimes empty), i.e. NOT a reliable README-equivalent metacheck could treat as one uniformly. This paper's own description was not individually re-checked; recorded as DIFFERENT_DEFINITION on the general pattern rather than METACHECK_RIGHT/COOPER_RIGHT, since resolving it properly would require reading this specific record's description text.",TRUE
"10_1111_1365_2656_12886","10_1111_1365_2656_12886","Yes","GitHub, GitLab, Codeberg or similar platform;Zenodo","Yes","Yes","Yes",".csv/.tsv;.pdf;.RDS","No","Yes","Yes","Yes","R","No",TRUE,NA,NA,NA,NA,NA,FALSE,NA,FALSE,NA,NA,FALSE,FALSE,FALSE,"code_archived[cooper=Yes,mc=No]",NA,NA,NA,NA,NA,NA,NA,NA,"COOPER_RIGHT","Same repository is explicitly described as holding ""All data and r scripts"" (code); the repo_url failed via the ""arguments imply differing number of rows: 1, 0"" bug recorded in gated_repos, so code_check never received files to classify.",NA,NA,NA,NA,TRUE
"10_1111_1365_2435_12926","10_1111_1365_2435_12926","Yes","Dryad","Yes","Yes","Yes",".csv/.tsv","Yes","Yes","No",NA,NA,NA,TRUE,"Dryad","doi:10.5061/dryad.6j984",TRUE,TRUE,".csv",FALSE,NA,FALSE,NA,NA,FALSE,TRUE,FALSE,"any_readme[cooper=Yes,mc=No]",NA,NA,NA,NA,NA,NA,NA,NA,NA,NA,NA,NA,"DIFFERENT_DEFINITION","Cooper's Yes for this paper's README likely reflects Dryad's dataset abstract (the ONLY free-text field Dryad's API exposes) -- confirmed on 9 real Dryad datasets from this same miss set that this field is consistently the paper's own scientific abstract (numbered background/methods/results prose), never file-level documentation. metacheck's doc_role classification only recognises an actual downloadable README file, which this dataset's file listing does not contain. Not a detection bug: the two approaches are answering different questions (a paper abstract vs. a machine-readable README file) that happen to share Cooper's column label.",TRUE
"10_1111_1365_2656_13120","10_1111_1365_2656_13120","Yes","Other repo/database","Yes","Unsure","Yes",".xls(x)","Yes","Yes","No",NA,NA,NA,TRUE,"OSF",NA,FALSE,TRUE,".xlsx",FALSE,NA,FALSE,NA,NA,FALSE,TRUE,FALSE,"data_archive[cooper=Other repo/database,mc=OSF];any_readme[cooper=Yes,mc=No]",NA,NA,"METACHECK_RIGHT","repo_url is doi.org/10.17605/OSF.IO/HU264 -- the 10.17605/OSF.IO prefix is OSF's own DOI prefix, not ""Other repo/database"".",NA,NA,NA,NA,NA,NA,NA,NA,"DIFFERENT_DEFINITION","Platform-specific pattern not established for this repository type (osf/github/other) -- see the dominant Dryad/Zenodo/Figshare patterns documented for the majority of this column's disagreements; this individual case was not separately investigated.",TRUE
"10_1111_1365_2656_12672","10_1111_1365_2656_12672","Yes","Supplementary materials","No","Yes","Yes",".doc(x)","Yes","Yes","No",NA,NA,NA,FALSE,NA,NA,NA,NA,NA,FALSE,NA,FALSE,NA,NA,FALSE,TRUE,FALSE,"data_availability[cooper=Yes,mc=No];any_readme[cooper=Yes,mc=No]","DIFFERENT_DEFINITION","SUPPLEMENTARY MATERIALS (no external repository) | Cooper's own data_archive classification for this paper is 'Supplementary materials' (not an external repository), and no external repository/DOI text was found anywhere (only generic 'Supplementary results'). repo_check found zero files, consistent with there being no external, checkable repository. Cooper's Yes and metacheck's No answer different questions: 'is data available anywhere, including as attached supplementary files' vs 'is there a checkable external repository'.",NA,NA,NA,NA,NA,NA,NA,NA,NA,NA,"DIFFERENT_DEFINITION","Same pattern: this paper's only data_archive value is 'Supplementary materials', not an external repository. Any README-like documentation Cooper found would be within the article's own Supporting Information files, which metacheck's repo_check is not designed to check (no external URL to visit).",TRUE
"10_1111_1365_2745_13574","10_1111_1365_2745_13574","Yes","Dryad","Yes","Yes","Yes",".txt;.Rdata","Yes","Yes","No",NA,NA,NA,TRUE,"Dryad","doi:10.5061/dryad.k0p2ngf76",TRUE,TRUE,".rda;.txt",FALSE,NA,FALSE,NA,NA,FALSE,TRUE,FALSE,"any_readme[cooper=Yes,mc=No]",NA,NA,NA,NA,NA,NA,NA,NA,NA,NA,NA,NA,"DIFFERENT_DEFINITION","Cooper's Yes for this paper's README likely reflects Dryad's dataset abstract (the ONLY free-text field Dryad's API exposes) -- confirmed on 9 real Dryad datasets from this same miss set that this field is consistently the paper's own scientific abstract (numbered background/methods/results prose), never file-level documentation. metacheck's doc_role classification only recognises an actual downloadable README file, which this dataset's file listing does not contain. Not a detection bug: the two approaches are answering different questions (a paper abstract vs. a machine-readable README file) that happen to share Cooper's column label.",TRUE
"10_1111_1365_2745_13038","10_1111_1365_2745_13038","Yes","Dryad","Yes","Yes","Yes",".xls(x)","Quasi-README","Yes","No",NA,NA,NA,TRUE,"Dryad","doi:10.5061/dryad.7n89v8r",TRUE,TRUE,".xlsx",FALSE,NA,FALSE,NA,NA,FALSE,TRUE,FALSE,"any_readme[cooper=Yes,mc=No]",NA,NA,NA,NA,NA,NA,NA,NA,NA,NA,NA,NA,"DIFFERENT_DEFINITION","Cooper's Yes for this paper's README likely reflects Dryad's dataset abstract (the ONLY free-text field Dryad's API exposes) -- confirmed on 9 real Dryad datasets from this same miss set that this field is consistently the paper's own scientific abstract (numbered background/methods/results prose), never file-level documentation. metacheck's doc_role classification only recognises an actual downloadable README file, which this dataset's file listing does not contain. Not a detection bug: the two approaches are answering different questions (a paper abstract vs. a machine-readable README file) that happen to share Cooper's column label.",TRUE
"10_1111_1365_2656_12633","10_1111_1365_2656_12633","Yes","Dryad","Yes","Yes","Yes",".xls(x)","Quasi-README","Yes","No",NA,NA,NA,TRUE,"Dryad","doi:10.5061/dryad.dk6v5",TRUE,TRUE,".xlsx",FALSE,NA,FALSE,NA,NA,FALSE,TRUE,FALSE,"any_readme[cooper=Yes,mc=No]",NA,NA,NA,NA,NA,NA,NA,NA,NA,NA,NA,NA,"DIFFERENT_DEFINITION","Cooper's Yes for this paper's README likely reflects Dryad's dataset abstract (the ONLY free-text field Dryad's API exposes) -- confirmed on 9 real Dryad datasets from this same miss set that this field is consistently the paper's own scientific abstract (numbered background/methods/results prose), never file-level documentation. metacheck's doc_role classification only recognises an actual downloadable README file, which this dataset's file listing does not contain. Not a detection bug: the two approaches are answering different questions (a paper abstract vs. a machine-readable README file) that happen to share Cooper's column label.",TRUE
"10_1111_1365_2664_12962","10_1111_1365_2664_12962","Yes","Dryad","Yes","Yes","Yes",".xls(x)","Quasi-README","Yes","No",NA,NA,NA,TRUE,"Dryad","doi:10.5061/dryad.94k15",TRUE,TRUE,".xlsx",FALSE,NA,FALSE,NA,NA,FALSE,TRUE,FALSE,"any_readme[cooper=Yes,mc=No]",NA,NA,NA,NA,NA,NA,NA,NA,NA,NA,NA,NA,"DIFFERENT_DEFINITION","Cooper's Yes for this paper's README likely reflects Dryad's dataset abstract (the ONLY free-text field Dryad's API exposes) -- confirmed on 9 real Dryad datasets from this same miss set that this field is consistently the paper's own scientific abstract (numbered background/methods/results prose), never file-level documentation. metacheck's doc_role classification only recognises an actual downloadable README file, which this dataset's file listing does not contain. Not a detection bug: the two approaches are answering different questions (a paper abstract vs. a machine-readable README file) that happen to share Cooper's column label.",TRUE
"10_1111_2041_210x_13481","10_1111_2041_210x_13481","Yes","Dryad","Yes","Yes","Yes",".csv/.tsv","Yes","No",NA,NA,NA,NA,TRUE,"Dryad","doi:10.5061/dryad.d7wm37px7;doi:10.5061/dryad.mkkwh70x7",TRUE,TRUE,".csv",FALSE,NA,FALSE,NA,NA,FALSE,TRUE,FALSE,"any_readme[cooper=Yes,mc=No]",NA,NA,NA,NA,NA,NA,NA,NA,NA,NA,NA,NA,"DIFFERENT_DEFINITION","Cooper's Yes for this paper's README likely reflects Dryad's dataset abstract (the ONLY free-text field Dryad's API exposes) -- confirmed on 9 real Dryad datasets from this same miss set that this field is consistently the paper's own scientific abstract (numbered background/methods/results prose), never file-level documentation. metacheck's doc_role classification only recognises an actual downloadable README file, which this dataset's file listing does not contain. Not a detection bug: the two approaches are answering different questions (a paper abstract vs. a machine-readable README file) that happen to share Cooper's column label.",TRUE
"10_1111_1365_2435_13668","10_1111_1365_2435_13668","Yes","Figshare;Other repo/database","No","Yes","Yes",".xls(x)","Quasi-README","Yes","No",NA,NA,NA,TRUE,"Figshare","10.6084/m9.figshare.12922280.v1",TRUE,TRUE,".xlsx",FALSE,NA,FALSE,NA,NA,FALSE,TRUE,FALSE,"any_readme[cooper=Yes,mc=No]",NA,NA,NA,NA,NA,NA,NA,NA,NA,NA,NA,NA,"DIFFERENT_DEFINITION","Cooper's Yes for this paper's README may reflect this Figshare article's `description` field -- checked live 2026-09-02 against a sample of 10 real Figshare articles from this miss set and found genuine variation (roughly 2 of 10 had real file-by-file documentation, the rest were abstract/methods-style summaries indistinguishable from Dryad's pattern), i.e. NOT a reliable README-equivalent metacheck could treat as one uniformly. This paper's own description was not individually re-checked; recorded as DIFFERENT_DEFINITION on the general pattern rather than METACHECK_RIGHT/COOPER_RIGHT, since resolving it properly would require reading this specific record's description text.",TRUE
"10_1111_2041_210x_13463","10_1111_2041_210x_13463","Yes","Supplementary materials;Other repo/database","Yes","Yes",NA,NA,"Yes","Yes","Yes","Yes","Python;Java","No",FALSE,NA,NA,NA,NA,NA,FALSE,NA,FALSE,NA,NA,FALSE,TRUE,FALSE,"data_availability[cooper=Yes,mc=No];code_archived[cooper=Yes,mc=No];any_readme[cooper=Yes,mc=No]","COOPER_RIGHT","Paper cites four Zenodo software/data snapshots written with uppercase 'ZENODO' in the DOI (e.g. https://doi.org/10.5281/ZENODO.3955367), plus 'code repositories used in the development of these data are available on GitHub and versioned through the Zenodo integration.' repo_check found/listed nothing at all for this paper -- plausibly because its URL-matching is case-sensitive and expects lowercase 'zenodo', though this could not be confirmed further without a live check.",NA,NA,NA,NA,NA,NA,"COOPER_RIGHT","Same four Zenodo/GitHub code snapshots (pgbrodrick/conifer_modeling, pgbrodrick/shade-ray-trace, kdchadwick/east_river_trait_modeling, pgbrodrick/acorn_atmospheric_correction) are the paper's code repositories per the text, but repo_check found/listed nothing at all for this paper.",NA,NA,"COOPER_RIGHT","Same total miss: repo_check found/listed nothing at all for this paper across any of its four cited Zenodo/GitHub repositories.",TRUE
"10_1111_1365_2435_14138","10_1111_1365_2435_14138","Yes","Other repo/database","No","Unsure","No",NA,"Unsure","Yes","No",NA,NA,NA,FALSE,NA,NA,NA,NA,NA,FALSE,NA,FALSE,NA,NA,FALSE,NA,FALSE,"data_availability[cooper=Yes,mc=No]","COOPER_RIGHT","DOMAIN-SPECIFIC BIOINFORMATICS DATABASE (NCBI/GenBank-family) | Paper text: 'The raw reads of microbiome sequencing were deposited in NCBI under the project of PRJNA776093' and 'genome sequencing...PRJNA754495.' Data is cited via bare NCBI BioProject accession numbers, not a URL/DOI; repo_check's text-extraction looks for repo_urls, not accession-number patterns, so it never checked NCBI at all. repo_check found/listed nothing for this paper.",NA,NA,NA,NA,NA,NA,NA,NA,NA,NA,NA,NA,TRUE
"10_1111_1365_2435_13550","10_1111_1365_2435_13550","Yes","Other repo/database","No","Unsure",NA,NA,"Yes","Yes","No",NA,NA,NA,FALSE,NA,NA,NA,NA,NA,FALSE,NA,FALSE,NA,NA,FALSE,TRUE,FALSE,"data_availability[cooper=Yes,mc=No];any_readme[cooper=Yes,mc=No]","COOPER_RIGHT","Paper states ""The sequences were deposited in NCBI SRA database (accession no. ...SRP218212 and no. ...SRP068522)""; explicit data-availability claim with accession numbers, contradicting mc's FALSE.",NA,NA,NA,NA,NA,NA,NA,NA,NA,NA,"UNCLEAR","SRA (Sequence Read Archive) is a structured sequence-submission database, not a file-hosting repository with a conventional readme file; repo_check found no repository at all (repo_n=0). It is unclear whether a ""readme"" in the usual sense applies to this kind of deposit, so Cooper's basis for Yes cannot be confirmed.",TRUE
"10_1111_1365_2435_13897","10_1111_1365_2435_13897","Yes","Other repo/database","Yes","Yes","Yes",".csv/.tsv","Yes","Yes","No",NA,NA,NA,FALSE,NA,NA,NA,NA,NA,FALSE,NA,FALSE,NA,NA,FALSE,TRUE,FALSE,"data_availability[cooper=Yes,mc=No];any_readme[cooper=Yes,mc=No]","COOPER_RIGHT","UNSUPPORTED REPO (USGS ScienceBase) | Paper text: ""The data that support the findings of this study are publicly available at the USGS ScienceBase online data repository platform https://doi.org/10.5066/P9OKKJ1B (Havrilla & Munson, 2021)."" repo_check found zero files for this paper -- it never located/checked this ScienceBase DOI.",NA,NA,NA,NA,NA,NA,NA,NA,NA,NA,"COOPER_RIGHT","Same root cause: repo_check never located the ScienceBase repository the paper cites, so no README evidence could ever be recorded.",TRUE
"10_1111_1365_2664_13353","10_1111_1365_2664_13353","Yes","Dryad","Yes","Yes","Yes",".txt","Yes","Yes","No",NA,NA,NA,TRUE,"Dryad","doi:10.5061/dryad.dt1h407",TRUE,TRUE,".txt",FALSE,NA,FALSE,NA,NA,FALSE,TRUE,FALSE,"any_readme[cooper=Yes,mc=No]",NA,NA,NA,NA,NA,NA,NA,NA,NA,NA,NA,NA,"DIFFERENT_DEFINITION","Cooper's Yes for this paper's README likely reflects Dryad's dataset abstract (the ONLY free-text field Dryad's API exposes) -- confirmed on 9 real Dryad datasets from this same miss set that this field is consistently the paper's own scientific abstract (numbered background/methods/results prose), never file-level documentation. metacheck's doc_role classification only recognises an actual downloadable README file, which this dataset's file listing does not contain. Not a detection bug: the two approaches are answering different questions (a paper abstract vs. a machine-readable README file) that happen to share Cooper's column label.",TRUE
"10_1002_pan3_10497","10_1002_pan3_10497","Yes","Zenodo","Yes","No","Yes",".csv/.tsv","Yes","Yes","Yes","Yes","R","No",TRUE,"Zenodo","10.5281/zenodo.7923575",TRUE,TRUE,".csv",TRUE,NA,TRUE,TRUE,"R",TRUE,TRUE,TRUE,"data_license[cooper=No,mc=Yes]",NA,NA,NA,NA,"METACHECK_RIGHT","The real Zenodo record (10.5281/zenodo.7923575) carries a depositor-selected 'Other (Open)' license, confirmed live via Zenodo's own records API (repo_metadata$license = ""other-open""). Cooper's No does not match what Zenodo currently reports for this record.",NA,NA,NA,NA,NA,NA,NA,NA,TRUE
"10_1111_1365_2435_14659","10_1111_1365_2435_14659","Yes","Dryad","Yes","Yes","Yes",".csv/.tsv","Yes","Yes","Yes","Yes","R","Yes",TRUE,"Dryad","doi:10.5061/dryad.6t1g1jx7f",TRUE,TRUE,".csv",TRUE,NA,FALSE,NA,NA,TRUE,TRUE,TRUE,"code_archived[cooper=Yes,mc=No]",NA,NA,NA,NA,NA,NA,NA,NA,"COOPER_RIGHT","Same repository-detection failure as data_availability for this paper.",NA,NA,NA,NA,TRUE
"10_1111_1365_2435_12874","10_1111_1365_2435_12874","Yes","Supplementary materials","No","No","Yes",".pdf","No","Yes","No",NA,NA,NA,FALSE,NA,NA,NA,NA,NA,FALSE,NA,FALSE,NA,NA,FALSE,FALSE,FALSE,"data_availability[cooper=Yes,mc=No]","DIFFERENT_DEFINITION","The paper's own text states: ""in our supplementary materials, we present data restricted to the 79 populations..."" -- consistent with Cooper's data_archive=""Supplementary materials"", not an external repository. metacheck's repo_check pipeline only checks cited external repository links, not in-manuscript supplementary files, so it structurally cannot register this as ""available"" even though the data genuinely is shared via the paper's own supplementary materials.",NA,NA,NA,NA,NA,NA,NA,NA,NA,NA,NA,NA,TRUE
"10_1111_1365_2656_12828","10_1111_1365_2656_12828","Yes","Dryad;GitHub, GitLab, Codeberg or similar platform","Yes","Yes","Yes",".xls(x)","No","Yes","No",NA,NA,NA,TRUE,"Dryad;GitHub, GitLab, Codeberg or similar platform;Zenodo","10.5281/zenodo.1201548;doi:10.5061/dryad.p412r16",TRUE,TRUE,".fa;.xlsx",TRUE,NA,TRUE,TRUE,"Python",TRUE,FALSE,TRUE,"code_archived[cooper=No,mc=Yes];any_readme[cooper=No,mc=Yes]",NA,NA,NA,NA,NA,NA,NA,NA,"METACHECK_RIGHT","code_check found 23 real code file(s) (Python) at https://github.com/colford/nbgw-plant-illumina-pipeline | https://doi.org/10.5281/zenodo.1201548, e.g. blast-clustered-file.py, blast.py, creatingselectedfastadatabase.py, demultiplex_illumina_by_primer.py, fasta_dereplication.py, .... Not a borderline case -- a large, unambiguous set of named analysis scripts, not a single file or an edge-case classification. METACHECK_RIGHT; Cooper's ""No"" appears to be a coding miss.",NA,NA,"METACHECK_RIGHT","Three repositories: GitHub (colford/nbgw-plant-illumina-pipeline, a bioinformatics pipeline), Dryad (doi:10.5061/dryad.p412r16), and a Zenodo mirror (10.5281/zenodo.1201548) of the GitHub repo. repo_check's file listing shows two README.md files (on the GitHub/Zenodo code side). Cooper coded data_archive=""Dryad;GitHub..."" (both platforms, matching what's actually there) but data_README=No and code_archived=No -- the code_archived=No disagrees with metacheck's TRUE, and the README found sits specifically on the code repository, so this looks like the same pattern as several Group B cases: Cooper's coding of the code side (both code_archived and its README) missed what's actually there, while their data_archive answer (correctly naming both platforms) was accurate.",TRUE
"10_1002_pan3_10452","10_1002_pan3_10452","Yes",NA,"No",NA,NA,NA,NA,"Yes","No",NA,NA,NA,FALSE,NA,NA,NA,NA,NA,FALSE,NA,FALSE,NA,NA,FALSE,NA,FALSE,"data_availability[cooper=Yes,mc=No]","UNCLEAR","A full-text search of the paper (excluding the reference list) found no data-availability statement of any kind -- the only 'available' hits concern household-survey Likert-scale perceptions of resource availability (the study's subject matter), and the only repository-like mention is a citation to a different paper's preprint ('Dam Lam et al. 2023...available at Research Square', which is a bibliography entry, not this paper's own data statement). Cannot confirm from available evidence what basis Cooper used for Yes, nor confirm metacheck's FALSE is simply a detection gap; left UNCLEAR rather than guessed.",NA,NA,NA,NA,NA,NA,NA,NA,NA,NA,NA,NA,TRUE
"10_1002_pan3_10400","10_1002_pan3_10400","Yes",NA,NA,NA,NA,NA,NA,"Yes","No",NA,NA,NA,FALSE,NA,NA,NA,NA,NA,FALSE,NA,FALSE,NA,NA,FALSE,NA,FALSE,"data_availability[cooper=Yes,mc=No]","DIFFERENT_DEFINITION","Paper text: ""We will archive our data and R code in accordance with the University of Queensland Research Data Management policies and procedures, but as per our agreement with the University of Queensland Ethics office and due to the confidentiality of the data, we are unable to make it publicly available."" A Data Availability Statement exists but explicitly states the data are NOT made publicly accessible. Cooper's Yes appears to reflect the presence of a DAS/archiving commitment itself, while metacheck's False reflects the (correct) absence of any actual accessible external repository -- no repo_url was ever found because none exists publicly.",NA,NA,NA,NA,NA,NA,NA,NA,NA,NA,NA,NA,TRUE
"10_1111_1365_2664_14691","10_1111_1365_2664_14691","Yes","Other repo/database","Yes","Yes","Yes",".xls(x)","Yes","Yes","No",NA,NA,NA,FALSE,NA,NA,NA,NA,NA,FALSE,NA,FALSE,NA,NA,FALSE,TRUE,FALSE,"data_availability[cooper=Yes,mc=No];any_readme[cooper=Yes,mc=No]","COOPER_RIGHT","DOMAIN-SPECIFIC BIOINFORMATICS DATABASE (NCBI/GenBank-family) | Paper text: ""The raw sequence data are available from the NCBI BioProject database...under BioProject PRJNA1059992"" and ""The research data are available from the PlutoF data repository, at https://doi.org/10.15156/BIO/2959323 (Runnel et al., 2024)"". Neither NCBI BioProject nor PlutoF is among metacheck's supported repo_check providers, so repo_check never attempted either at all, leaving repo_check$table empty and producing mc_data_availability=FALSE.",NA,NA,NA,NA,NA,NA,NA,NA,NA,NA,"COOPER_RIGHT","Same unsupported-provider gap (NCBI BioProject / PlutoF) explains the missing README signal -- repo_check never listed any files for this paper_id to check doc_role on.",TRUE
"10_1111_1365_2435_12895","10_1111_1365_2435_12895","Yes","Supplementary materials","No","No","Yes",".csv/.tsv","No","Yes","Yes","No","R","No",FALSE,NA,NA,NA,NA,NA,FALSE,NA,FALSE,NA,NA,FALSE,FALSE,FALSE,"data_availability[cooper=Yes,mc=No];code_archived[cooper=Yes,mc=No]","DIFFERENT_DEFINITION","SUPPLEMENTARY MATERIALS (no external repository) | Cooper's own data_archive classification for this paper is 'Supplementary materials' (not an external repository), and the only availability-related text found is generic ('presented as supplementary material (Fig. S7)', 'Supplementary figures and tables'). repo_check found zero files, consistent with there being no external, checkable repository -- data appears to live only in the article's own Supporting Information files, which repo_check is not designed to check (no URL to visit). Cooper's Yes and metacheck's No are answering different questions: 'is data available anywhere, including as attached supplementary files' vs 'is there a checkable external repository'.",NA,NA,NA,NA,NA,NA,"DIFFERENT_DEFINITION","Same pattern as data_availability for this paper: Cooper's data_archive is 'Supplementary materials' (not external), code_download=No and code_README=No, consistent with code (if any) also being embedded as an article Supporting Information file rather than in an externally checkable repository. No external code-repository text evidence was found. metacheck cannot check supplementary-embedded code files (no repository URL exists to visit).",NA,NA,NA,NA,TRUE
"10_1111_1365_2664_14345","10_1111_1365_2664_14345","Yes","Zenodo","Yes","No","Yes",".dat","Yes","Yes","Yes","Yes","Python","Yes",TRUE,"Zenodo","10.5281/zenodo.7402277",TRUE,TRUE,".xls",TRUE,NA,TRUE,TRUE,"Python",TRUE,TRUE,TRUE,"data_license[cooper=No,mc=Yes]",NA,NA,NA,NA,"METACHECK_RIGHT","Newly surfaced by tonight fix (metacheck PR #405/#406): repo_check now retrieves this Zenodo record (10.5281/zenodo.7402277) in full (1007 files, up from 0), including its repo_metadata license field, other-open. A real, retrievable license genuinely exists; Cooper coded No before this repository was ever visible to either side.",NA,NA,NA,NA,NA,NA,NA,NA,TRUE
"10_1111_1365_2745_12859","10_1111_1365_2745_12859","Yes","Dryad","Yes","Yes","Yes",".csv/.tsv","Yes","Yes","No",NA,NA,NA,TRUE,"Dryad","doi:10.5061/dryad.1r59s",TRUE,TRUE,".csv",FALSE,NA,FALSE,NA,NA,FALSE,TRUE,FALSE,"any_readme[cooper=Yes,mc=No]",NA,NA,NA,NA,NA,NA,NA,NA,NA,NA,NA,NA,"COOPER_RIGHT","Same repository-detection failure; no README evidence could be recorded.",TRUE
"10_1111_1365_2664_14444","10_1111_1365_2664_14444","Yes","Figshare","Yes","Yes","Yes",".xls(x)","Yes","Yes","No",NA,NA,NA,TRUE,"Figshare","10.6084/m9.figshare.20552064.v1",TRUE,TRUE,".xlsx",FALSE,NA,FALSE,NA,NA,FALSE,TRUE,FALSE,"any_readme[cooper=Yes,mc=No]",NA,NA,NA,NA,NA,NA,NA,NA,NA,NA,NA,NA,"COOPER_RIGHT","Same repository-detection failure; no README evidence could be recorded.",TRUE
"10_1111_1365_2435_13038","10_1111_1365_2435_13038","Yes","Dryad","Yes","Yes","Yes",".csv/.tsv","Yes","Yes","Yes","Yes","R","No",TRUE,"Dryad","doi:10.5061/dryad.d4q54",TRUE,TRUE,".csv",FALSE,NA,TRUE,TRUE,"R",FALSE,TRUE,FALSE,"any_readme[cooper=Yes,mc=No]",NA,NA,NA,NA,NA,NA,NA,NA,NA,NA,NA,NA,"COOPER_RIGHT","Same repository-detection failure; no README evidence could be recorded.",TRUE
"10_1111_1365_2664_13484","10_1111_1365_2664_13484","Yes","Dryad","Yes",NA,"Yes",".xls(x)","Yes","No",NA,NA,NA,NA,TRUE,"Dryad","doi:10.5061/dryad.902cq26",TRUE,TRUE,".xlsx",FALSE,NA,FALSE,NA,NA,FALSE,TRUE,FALSE,"any_readme[cooper=Yes,mc=No]",NA,NA,NA,NA,NA,NA,NA,NA,NA,NA,NA,NA,"COOPER_RIGHT","Same repository-detection failure; no README evidence could be recorded.",TRUE
"10_1111_1365_2656_14007","10_1111_1365_2656_14007","Yes","Other repo/database","Yes","Yes","Yes",".txt;.shp","Yes","Yes","No",NA,NA,NA,FALSE,NA,NA,NA,NA,NA,FALSE,NA,FALSE,NA,NA,FALSE,TRUE,FALSE,"data_availability[cooper=Yes,mc=No];any_readme[cooper=Yes,mc=No]","COOPER_RIGHT","UNSUPPORTED REPO | Paper's own availability statement: ""Data available from the DIGITAL.CSIC https://doi.org/10.20350/digitalCSIC/15508 (Viana et al., 2023)."" Cites a real Other repo/database (DIGITAL.CSIC) repository (https://doi.org/10.20350/digitalCSIC/15508). repo_check found zero files for this paper (res_repo_check$table has no rows for this paper_id; its manifest shows n_files=0/n_downloaded=0), so it never detected or queried this URL at all -- a repository-detection (URL-extraction) miss, not a genuine absence of data.",NA,NA,NA,NA,NA,NA,NA,NA,NA,NA,"COOPER_RIGHT","repo_check found zero files for this paper (res_repo_check$table has no rows for this paper_id), so it had no basis to detect a README even if one exists in the actual (un-located) repository.",TRUE
"10_1111_1365_2664_13614","10_1111_1365_2664_13614",NA,NA,NA,NA,NA,NA,NA,"Yes","Yes","Yes","R","Yes",FALSE,NA,NA,NA,NA,NA,FALSE,NA,FALSE,NA,NA,FALSE,TRUE,FALSE,"code_archived[cooper=Yes,mc=No];any_readme[cooper=Yes,mc=No]",NA,NA,NA,NA,NA,NA,NA,NA,"COOPER_RIGHT","Full-text search finds only: 'Data available via Apollo https://doi.org/10.17863/CAM.50140.' No separate code-hosting platform is mentioned; Apollo is not a repo_check-recognized platform at all, so repo_check found/listed nothing for this paper, blocking any check of what else (code, readme) that deposit may hold.",NA,NA,"COOPER_RIGHT","Same root cause: Apollo is not a repo_check-recognized platform.",TRUE
"10_1111_1365_2435_14322","10_1111_1365_2435_14322","Yes","Figshare","Unsure",NA,"Yes",".xls(x)","Yes","Yes","Yes","Yes","R","No",TRUE,"Figshare","10.6084/m9.figshare.20961016.v2",TRUE,TRUE,".xlsx",FALSE,NA,TRUE,TRUE,"R",FALSE,TRUE,FALSE,"any_readme[cooper=Yes,mc=No]",NA,NA,NA,NA,NA,NA,NA,NA,NA,NA,NA,NA,"COOPER_RIGHT","Same repository-detection failure; no README evidence could be recorded.",TRUE
"10_1111_1365_2745_12882","10_1111_1365_2745_12882","Yes","Other repo/database","Yes","Yes","Yes",".csv/.tsv;.rwl","Unsure","Yes","No",NA,NA,NA,FALSE,NA,NA,NA,NA,NA,FALSE,NA,FALSE,NA,NA,FALSE,NA,FALSE,"data_availability[cooper=Yes,mc=No]","COOPER_RIGHT","UNSUPPORTED REPO | Paper text: ""Data presented in this article have been archived in the Arctic Data Center (Sullivan, 2012) https://arcticdata.io/catalog/#view/urn:uuid:3dc91064-7b8b-4308-b949-a361b7146baa."" Arctic Data Center is not a platform repo_check recognizes, and this URL is a catalog-view link keyed by a URN rather than a simple DOI; repo_check has zero rows for this paper.",NA,NA,NA,NA,NA,NA,NA,NA,NA,NA,NA,NA,TRUE
"10_1111_1365_2435_13787","10_1111_1365_2435_13787","Yes","Dryad","Yes","Yes","Yes",".xls(x)","Yes","Yes","No",NA,NA,NA,TRUE,"Dryad","doi:10.5061/dryad.j0zpc86db",TRUE,TRUE,".xls",FALSE,NA,FALSE,NA,NA,FALSE,TRUE,FALSE,"any_readme[cooper=Yes,mc=No]",NA,NA,NA,NA,NA,NA,NA,NA,NA,NA,NA,NA,"COOPER_RIGHT","Same repository-detection failure; no README evidence could be recorded.",TRUE
"10_1111_1365_2435_14484","10_1111_1365_2435_14484","Yes","Other repo/database","No","No",NA,NA,"No","Yes","No",NA,NA,NA,FALSE,NA,NA,NA,NA,NA,FALSE,NA,FALSE,NA,NA,FALSE,FALSE,FALSE,"data_availability[cooper=Yes,mc=No]","COOPER_RIGHT","DOMAIN-SPECIFIC BIOINFORMATICS DATABASE (NCBI/GenBank-family) | Paper's own availability statement: ""The raw data were generated by Shanghai Majorbio Bio-pharm Technology Co., Ltd and deposited in the NCBI Sequence Read Archive database."" Cites a real Other repo/database (NCBI SRA) repository. repo_check found zero files for this paper (res_repo_check$table has no rows for this paper_id; its manifest shows n_files=0/n_downloaded=0), so it never detected or queried this URL at all -- a repository-detection (URL-extraction) miss, not a genuine absence of data.",NA,NA,NA,NA,NA,NA,NA,NA,NA,NA,NA,NA,TRUE
"10_1002_2688_8319_12014","10_1002_2688_8319_12014","Yes","Dryad","Yes","Yes","Yes",".csv/.tsv","Yes","Yes","No",NA,NA,NA,TRUE,"Dryad","doi:10.5061/dryad.866t1g1nh",TRUE,TRUE,".csv",FALSE,NA,FALSE,NA,NA,FALSE,TRUE,FALSE,"any_readme[cooper=Yes,mc=No]",NA,NA,NA,NA,NA,NA,NA,NA,NA,NA,NA,NA,"COOPER_RIGHT","Same repository-detection failure; no README evidence could be recorded.",TRUE
"10_1111_2041_210x_14301","10_1111_2041_210x_14301",NA,NA,NA,NA,NA,NA,NA,"Yes","Yes","Yes","R","Yes",FALSE,NA,NA,NA,NA,NA,FALSE,NA,FALSE,NA,NA,FALSE,TRUE,FALSE,"code_archived[cooper=Yes,mc=No];any_readme[cooper=Yes,mc=No]",NA,NA,NA,NA,NA,NA,NA,NA,"COOPER_RIGHT","CODE PACKAGE CITATION (CRAN, not a data repository) | Paper's own code is the R package boxfilter, published on CRAN and explicitly cited in-text: ""is available on the Comprehensive R Archive Network... R Package boxfilter https://cran.r-project.org/package=boxfilter."" CRAN is not a platform repo_check crawls; repo_check has zero rows for this paper.",NA,NA,"COOPER_RIGHT","Same repo-detection miss as code_archived: the CRAN package boxfilter was never fetched by repo_check (CRAN is not a supported platform), so mc_any_readme's FALSE reflects zero files examined, not evidence of no README/DESCRIPTION.",TRUE
"10_1111_1365_2664_13528","10_1111_1365_2664_13528","Yes","Other repo/database","Yes","Yes","Yes",".xls(x);.fasta","Yes","Yes","No",NA,NA,NA,FALSE,NA,NA,NA,NA,NA,FALSE,NA,FALSE,NA,NA,FALSE,TRUE,FALSE,"data_availability[cooper=Yes,mc=No];any_readme[cooper=Yes,mc=No]","COOPER_RIGHT","Paper states ""OTUs and their matching accession numbers for each sample are available on PANGAEA http://doi.pangaea.de/10.1594/PANGAEA.900272""; explicit data-availability claim with DOI, contradicting mc's FALSE.",NA,NA,NA,NA,NA,NA,NA,NA,NA,NA,"COOPER_RIGHT","UNSUPPORTED REPO (PANGAEA) | The PANGAEA deposit (10.1594/PANGAEA.900272) holding this paper's data was never detected by repo_check (repo_n=0), so metacheck never checked it for a readme/description.",TRUE
"10_1111_1365_2745_13606","10_1111_1365_2745_13606","Yes","Dryad","Yes","Yes","Yes",".txt;.tif","No","Yes","No",NA,NA,NA,FALSE,NA,NA,NA,NA,NA,FALSE,NA,FALSE,NA,NA,FALSE,FALSE,FALSE,"data_availability[cooper=Yes,mc=No]","COOPER_RIGHT","SPLIT-DOI EXTRACTION ARTIFACT | Paper text: ""Datasets used in this manuscript are available on Dryad Digital [Repository]"" with explicit Dryad DOIs in the reference list (e.g. https://doi.org/10.5061/dryad.f7m0cfxv3). repo_check has zero rows for this paper despite the clear Dryad citation. | KNOWN METACHECK LIMITATION (not yet fixed, github.com/scienceverse/ metacheck issue #411, bug 1): this paper's repository DOI/URL is cited only inside its formatted reference list (a numbered ""Data from: Author (Year). Title [Dataset]. https://doi.org/..."" entry), never as an inline hyperlink or bare in-text mention. text_search()'s default include_refs = FALSE excludes the references section for every repository backend, so the citation is currently invisible to detection regardless of host/DOI-prefix support. Confirmed live 2026-09-19: the DOI itself resolves correctly when queried directly.",NA,NA,NA,NA,NA,NA,NA,NA,NA,NA,NA,NA,TRUE
"10_1111_1365_2435_13891","10_1111_1365_2435_13891","Yes","Other repo/database","Yes","Yes","Yes",".csv/.tsv","Yes","Yes","No",NA,NA,NA,FALSE,NA,NA,NA,NA,NA,FALSE,NA,FALSE,NA,NA,FALSE,TRUE,FALSE,"data_availability[cooper=Yes,mc=No];any_readme[cooper=Yes,mc=No]","COOPER_RIGHT","Paper text: ""Data associated with this experiment are available on the Harvard Forest Data Archive (https://harvardforest.fas.harvard.edu/harvard-forest-data-archive...) and are openly available through this local archive as well as the Environmental Data Initiative (https://doi.org/10.6073/pasta/caf757bc4d0d0509bfc16fc98db9a927)."" repo_check found zero files for this paper -- it never located/checked either repository. | KNOWN METACHECK LIMITATION (not yet fixed, github.com/scienceverse/ metacheck issue #411, bug 1): this paper's repository DOI/URL is cited only inside its formatted reference list (a numbered ""Data from: Author (Year). Title [Dataset]. https://doi.org/..."" entry), never as an inline hyperlink or bare in-text mention. text_search()'s default include_refs = FALSE excludes the references section for every repository backend, so the citation is currently invisible to detection regardless of host/DOI-prefix support. Confirmed live 2026-09-19: the DOI itself resolves correctly when queried directly.",NA,NA,NA,NA,NA,NA,NA,NA,NA,NA,"COOPER_RIGHT","Same root cause: repo_check never located the Harvard Forest Data Archive / EDI repository the paper cites, so no README evidence could ever be recorded.",TRUE
"10_1111_1365_2656_12982","10_1111_1365_2656_12982","Yes","Dryad","Yes","Yes","Yes",".xls(x)","Yes","Unsure",NA,NA,NA,NA,TRUE,"Dryad","doi:10.5061/dryad.98gp587",TRUE,TRUE,".xlsx",FALSE,NA,FALSE,NA,NA,FALSE,TRUE,FALSE,"any_readme[cooper=Yes,mc=No]",NA,NA,NA,NA,NA,NA,NA,NA,NA,NA,NA,NA,"COOPER_RIGHT","Same repository-detection failure; no README evidence could be recorded.",TRUE
"10_1111_1365_2656_14186","10_1111_1365_2656_14186","Yes","Other repo/database","Yes","No","Yes",".csv/.tsv","Yes","Yes","Yes","Yes","R","Yes",TRUE,"OSF",NA,FALSE,TRUE,".csv",FALSE,NA,TRUE,TRUE,"R",FALSE,TRUE,FALSE,"data_archive[cooper=Other repo/database,mc=OSF];any_readme[cooper=Yes,mc=No]",NA,NA,"METACHECK_RIGHT","repo_url is doi.org/10.17605/OSF.IO/M5KHA -- an OSF DOI, not ""Other repo/database"".",NA,NA,NA,NA,NA,NA,NA,NA,"DIFFERENT_DEFINITION","Platform-specific pattern not established for this repository type (osf/github/other) -- see the dominant Dryad/Zenodo/Figshare patterns documented for the majority of this column's disagreements; this individual case was not separately investigated.",TRUE
"10_1002_pan3_10406","10_1002_pan3_10406","Yes","Other repo/database","Yes","Yes","Yes",".csv/.tsv","Yes","Yes","No",NA,NA,NA,FALSE,NA,NA,NA,NA,NA,FALSE,NA,FALSE,NA,NA,FALSE,TRUE,FALSE,"data_availability[cooper=Yes,mc=No];any_readme[cooper=Yes,mc=No]","COOPER_RIGHT","UNSUPPORTED REPO | Paper text: ""All data are available in the Apollo repository held by the University of Cambridge at https://doi.org/10.17863/CAM.88300"". Apollo (Cambridge's institutional repository) is not among metacheck's supported repo_check providers, so repo_check never attempted this URL at all, leaving repo_check$table empty and producing mc_data_availability=FALSE.",NA,NA,NA,NA,NA,NA,NA,NA,NA,NA,"COOPER_RIGHT","Same unsupported-provider gap: the Apollo repository is not repo_check-supported, so no file listing or doc_role signal was ever generated for this paper.",TRUE
"10_1111_1365_2664_14787","10_1111_1365_2664_14787","Yes","Other repo/database","Yes","Yes","Yes",".csv/.tsv","No","Yes","No",NA,NA,NA,FALSE,NA,NA,NA,NA,NA,FALSE,NA,FALSE,NA,NA,FALSE,FALSE,FALSE,"data_availability[cooper=Yes,mc=No]","COOPER_RIGHT","Paper text: 'Data available from the CSIC repository: http://hdl.handle.net/10261/367361.' A generic handle.net persistent-link, not a repo_check-recognized platform; repo_check found/listed nothing at all for this paper.",NA,NA,NA,NA,NA,NA,NA,NA,NA,NA,NA,NA,TRUE
"10_1111_1365_2435_14620","10_1111_1365_2435_14620","Yes","GitHub, GitLab, Codeberg or similar platform;Zenodo","Yes","Yes","Yes",".csv/.tsv;.xls(x)","Yes","Yes","Yes","Yes","R","Quasi-README",TRUE,NA,NA,NA,NA,NA,FALSE,NA,FALSE,NA,NA,FALSE,TRUE,FALSE,"code_archived[cooper=Yes,mc=No];any_readme[cooper=Yes,mc=No]",NA,NA,NA,NA,NA,NA,NA,NA,"COOPER_RIGHT","The repo_url's single file was classified data_type=='unknown' and never downloaded/opened (res_data_check$structure file_location NA for it) -- metacheck does not peek inside zip/tar archives by default, so it cannot see what's inside (e.g. code files, a README). repo_metadata confirms the record itself resolved fine (https://doi.org/10.5281/zenodo.12699002, license=cc-by-4.0), so this is a genuine content-inspection limitation, not a broken link.",NA,NA,"DIFFERENT_DEFINITION","Cooper's Yes for this paper's README may reflect this Zenodo record's `description` field -- checked live 2026-09-02 against a sample of 6 real Zenodo records from this miss set and found genuine variation (sometimes a study summary, sometimes contact metadata, sometimes file-by-file documentation, sometimes empty), i.e. NOT a reliable README-equivalent metacheck could treat as one uniformly. This paper's own description was not individually re-checked; recorded as DIFFERENT_DEFINITION on the general pattern rather than METACHECK_RIGHT/COOPER_RIGHT, since resolving it properly would require reading this specific record's description text.",TRUE
"10_1111_1365_2664_13077","10_1111_1365_2664_13077","Yes","Other repo/database","Yes","Yes","Yes",".txt;.gri;.grd;.tif;.shp","Yes","Yes","Yes","Yes","R","No",TRUE,"GitHub, GitLab, Codeberg or similar platform",NA,FALSE,FALSE,NA,FALSE,NA,FALSE,NA,NA,FALSE,TRUE,FALSE,"data_license[cooper=Yes,mc=No];data_download[cooper=Yes,mc=No];code_archived[cooper=Yes,mc=No];data_archive[cooper=Other repo/database,mc=GitHub, GitLab, Codeberg or similar platform];any_readme[cooper=Yes,mc=No]",NA,NA,"COOPER_RIGHT","UNSUPPORTED REPO | The real data repository (University of Groningen Dataverse) was never detected; mc's 'GitHub' answer is a false-positive artifact from an unrelated URL.","COOPER_RIGHT","The paper's real data repository (University of Groningen Dataverse) was never detected; repo_check instead picked up an unrelated GitHub file URL inside the 'rts' R package's own source (a URL-extraction artifact, not this paper's own repository).","COOPER_RIGHT","Same detection failure: the real Dataverse repository was never found.","COOPER_RIGHT","Same detection failure: no real repository for this paper was found; the GitHub match is a false-positive artifact.",NA,NA,"COOPER_RIGHT","Same detection failure: no real repository was found, so no README evidence could be recorded.",TRUE
"10_1111_1365_2745_14264","10_1111_1365_2745_14264","Yes","Figshare","Yes","Yes","Yes",".csv/.tsv","Yes","Yes","Yes","Yes","R","Yes",FALSE,NA,NA,NA,NA,NA,FALSE,NA,FALSE,NA,NA,FALSE,TRUE,FALSE,"data_availability[cooper=Yes,mc=No];code_archived[cooper=Yes,mc=No];any_readme[cooper=Yes,mc=No]","COOPER_RIGHT","Paper text: ""The data that support the findings of this study are openly available in figshare at https://doi.org/10.25573/serc.22361293 (Bardou et al., 2023a)"". repo_check has no record of attempting this specific DOI at all (no matching row in gated_repos or repo_metadata) -- this is a Smithsonian Environmental Research Center institutional Figshare instance (serc.figshare.com-style, not figshare.com), which repo_check's provider matching did not resolve, leaving repo_check$table empty and producing mc_data_availability=FALSE.",NA,NA,NA,NA,NA,NA,"COOPER_RIGHT","Paper text: ""Code for data cleaning and analysis is available in figshare at https://doi.org/10.25573/serc.22361617 (Bardou et al., 2023b)"" -- a second, separate SERC-Figshare DOI specifically for code. Same URL-recognition gap as data_availability (no gated_repos or repo_metadata record of this DOI), leaving code_check$table empty and producing mc_code_archived=FALSE.",NA,NA,"COOPER_RIGHT","Same SERC-Figshare URL-recognition gap (neither the data DOI 10.25573/serc.22361293 nor the code DOI 10.25573/serc.22361617 was ever attempted) explains the missing README signal.",TRUE
"10_1111_1365_2664_13888","10_1111_1365_2664_13888","Yes","Other repo/database","Yes",NA,"Yes",".csv/.tsv","Yes","Yes","Yes","Yes","R","No",TRUE,"Other repo/database","10.4121/14199176.v1",TRUE,TRUE,".csv",FALSE,NA,TRUE,TRUE,"R",FALSE,TRUE,FALSE,"any_readme[cooper=Yes,mc=No]",NA,NA,NA,NA,NA,NA,NA,NA,NA,NA,NA,NA,"DIFFERENT_DEFINITION","Platform-specific pattern not established for this repository type (osf/github/other) -- see the dominant Dryad/Zenodo/Figshare patterns documented for the majority of this column's disagreements; this individual case was not separately investigated.",TRUE
"10_1111_1365_2664_14029","10_1111_1365_2664_14029","Yes","Dryad","Yes","Yes","Yes",".csv/.tsv","Yes","Yes","No",NA,NA,NA,TRUE,"Dryad","doi:10.5061/dryad.80gb5mkrh",TRUE,TRUE,".csv",FALSE,NA,FALSE,NA,NA,FALSE,TRUE,FALSE,"any_readme[cooper=Yes,mc=No]",NA,NA,NA,NA,NA,NA,NA,NA,NA,NA,NA,NA,"DIFFERENT_DEFINITION","Cooper's Yes for this paper's README likely reflects Dryad's dataset abstract (the ONLY free-text field Dryad's API exposes) -- confirmed on 9 real Dryad datasets from this same miss set that this field is consistently the paper's own scientific abstract (numbered background/methods/results prose), never file-level documentation. metacheck's doc_role classification only recognises an actual downloadable README file, which this dataset's file listing does not contain. Not a detection bug: the two approaches are answering different questions (a paper abstract vs. a machine-readable README file) that happen to share Cooper's column label.",TRUE
"10_1111_1365_2656_12795","10_1111_1365_2656_12795","Yes","Dryad","Yes","Yes","Yes",".txt;.xls(x)","Yes","Yes","No",NA,NA,NA,TRUE,"Dryad","doi:10.5061/dryad.dk2pm",TRUE,TRUE,".xlsx",FALSE,NA,FALSE,NA,NA,FALSE,TRUE,FALSE,"any_readme[cooper=Yes,mc=No]",NA,NA,NA,NA,NA,NA,NA,NA,NA,NA,NA,NA,"DIFFERENT_DEFINITION","Cooper's Yes for this paper's README likely reflects Dryad's dataset abstract (the ONLY free-text field Dryad's API exposes) -- confirmed on 9 real Dryad datasets from this same miss set that this field is consistently the paper's own scientific abstract (numbered background/methods/results prose), never file-level documentation. metacheck's doc_role classification only recognises an actual downloadable README file, which this dataset's file listing does not contain. Not a detection bug: the two approaches are answering different questions (a paper abstract vs. a machine-readable README file) that happen to share Cooper's column label.",TRUE
"10_1111_1365_2745_14198","10_1111_1365_2745_14198","Yes","Other repo/database","Yes","Yes","Yes",".csv/.tsv","Yes","Yes","Yes","Yes","R","No",FALSE,NA,NA,NA,NA,NA,FALSE,NA,FALSE,NA,NA,FALSE,TRUE,FALSE,"data_availability[cooper=Yes,mc=No];code_archived[cooper=Yes,mc=No];any_readme[cooper=Yes,mc=No]","COOPER_RIGHT","UNSUPPORTED REPO (Environmental Data Initiative) | Paper text: ""Data and R code used for this manuscript are available on the Environmental Data Initiative data portal: https://doi.org/10.6073/pasta/c30eb38e801a6db7506bf1e5a5a235ed (Wilfahrt, 2023)."" repo_check found zero files for this paper -- it never located/checked this EDI DOI.",NA,NA,NA,NA,NA,NA,"COOPER_RIGHT","Same EDI repository explicitly described as containing 'Data and R code'; repo_check never located it at all.",NA,NA,"COOPER_RIGHT","Same root cause: repo_check never located the EDI repository the paper cites, so no README evidence could ever be recorded.",TRUE
"10_1002_pan3_10756","10_1002_pan3_10756","Yes","Other repo/database","Yes",NA,"Yes",".xls(x)","No","Unsure",NA,NA,NA,NA,FALSE,NA,NA,NA,NA,NA,FALSE,NA,FALSE,NA,NA,FALSE,FALSE,FALSE,"data_availability[cooper=Yes,mc=No]","COOPER_RIGHT","TEXT-EXTRACTION TRUNCATED (DOI cut off mid-string, unrecoverable) | Paper's own availability statement: ""[Data are archived] at https://doi.org/10.23634/MMU.00636962."" (the sentence-opening clause with the archive name was lost to sentence-splitting in text extraction, but the DOI itself resolves to Manchester Metropolitan University's institutional repository.) Cites a real Other repo/database (MMU e-space) repository (https://doi.org/10.23634/MMU.00636962). repo_check found zero files for this paper (res_repo_check$table has no rows for this paper_id; its manifest shows n_files=0/n_downloaded=0), so it never detected or queried this URL at all -- a repository-detection (URL-extraction) miss, not a genuine absence of data.",NA,NA,NA,NA,NA,NA,NA,NA,NA,NA,NA,NA,TRUE
"10_1111_2041_210x_14175","10_1111_2041_210x_14175","No",NA,NA,NA,NA,NA,NA,"Yes","Yes","Yes","Python","Yes",TRUE,NA,NA,NA,NA,NA,TRUE,NA,TRUE,TRUE,"Python",TRUE,TRUE,TRUE,"data_availability[cooper=No,mc=Yes]","COOPER_RIGHT","SPLIT-DOI EXTRACTION ARTIFACT | The Zenodo record's only file is an unopened .zip archive (data_type=unknown, zip never peeked); its content status cannot be confirmed as genuinely usable data. The paper's actual referenced output (3D animations) is on a university research portal, undetected.",NA,NA,NA,NA,NA,NA,NA,NA,NA,NA,NA,NA,TRUE
"10_1111_2041_210x_13596","10_1111_2041_210x_13596","No, but they are available on request",NA,NA,NA,NA,NA,NA,"Yes","Yes","Yes","R;Python","Yes",TRUE,"GitHub, GitLab, Codeberg or similar platform",NA,FALSE,TRUE,".ds_store;.rds",TRUE,NA,TRUE,TRUE,"Python;R",TRUE,TRUE,TRUE,"data_availability[cooper=No,mc=Yes]","COOPER_RIGHT","repo_check found data-typed files at github.com/GitTFJ/classecol, but every one is a fitted-model .rds object (bio_mod_exp.rds, bio_mod_full.rds, hunt_mod_full.rds, nat_mod_full.rds, etc.) plus .DS_Store -- serialized model results, not raw collected data. A second repo (github.com/GitTFJ/classecol_dev) holds only code files.",NA,NA,NA,NA,NA,NA,NA,NA,NA,NA,NA,NA,TRUE
"10_1111_1365_2745_13091","10_1111_1365_2745_13091","Yes","Dryad","Yes","Yes","Yes",".txt","No","Yes","Yes","Yes","R","No",TRUE,"Dryad","doi:10.5061/dryad.q5p514v",TRUE,TRUE,".txt",FALSE,NA,FALSE,NA,NA,FALSE,FALSE,FALSE,"code_archived[cooper=Yes,mc=No]",NA,NA,NA,NA,NA,NA,NA,NA,"COOPER_RIGHT","Automated keyword search of the paper's full text found no sentence combining a repository/availability cue with a code-specific term (code, script, R code, MATLAB, Python, source code) -- consistent with the paper only claiming DATA availability, not code, at the cited repository, and with repo_check/code_check finding no code file there either. Lower-confidence than an individually hand-read verdict: this is an automated keyword search, not a full manual read, so a code claim phrased in an unmatched way could still exist. COOPER_RIGHT.",NA,NA,NA,NA,TRUE
"10_1111_1365_2745_14428","10_1111_1365_2745_14428","Yes","Zenodo","Yes","Yes","Yes",".xls(x)","Yes","Yes","No",NA,NA,NA,TRUE,"Zenodo","10.5281/zenodo.13858586",TRUE,TRUE,".xls",FALSE,NA,FALSE,NA,NA,FALSE,TRUE,FALSE,"any_readme[cooper=Yes,mc=No]",NA,NA,NA,NA,NA,NA,NA,NA,NA,NA,NA,NA,"DIFFERENT_DEFINITION","Cooper's Yes for this paper's README may reflect this Zenodo record's `description` field -- checked live 2026-09-02 against a sample of 6 real Zenodo records from this miss set and found genuine variation (sometimes a study summary, sometimes contact metadata, sometimes file-by-file documentation, sometimes empty), i.e. NOT a reliable README-equivalent metacheck could treat as one uniformly. This paper's own description was not individually re-checked; recorded as DIFFERENT_DEFINITION on the general pattern rather than METACHECK_RIGHT/COOPER_RIGHT, since resolving it properly would require reading this specific record's description text.",TRUE
"10_1111_2041_210x_13471","10_1111_2041_210x_13471","Yes","Zenodo","Yes","No",NA,NA,"Yes","Yes","Yes","Yes","R","Yes",TRUE,"Zenodo","10.5281/zenodo.3983244",TRUE,TRUE,".rds",TRUE,NA,TRUE,TRUE,"R",TRUE,TRUE,TRUE,"data_license[cooper=No,mc=Yes]",NA,NA,NA,NA,"METACHECK_RIGHT","The real Zenodo record (10.5281/zenodo.3983244) carries a depositor-selected 'Other (Open)' license, confirmed live via Zenodo's own records API (repo_metadata$license = ""other-open""). Cooper's No does not match what Zenodo currently reports for this record.",NA,NA,NA,NA,NA,NA,NA,NA,TRUE
"10_1002_pan3_10736","10_1002_pan3_10736","Yes","Figshare","Yes","Yes","Yes",".csv/.tsv;.RDS","No","Yes","Yes",NA,NA,NA,TRUE,"GitHub, GitLab, Codeberg or similar platform",NA,FALSE,TRUE,".csv;.ds_store",TRUE,NA,TRUE,TRUE,"Python;R",TRUE,FALSE,TRUE,"data_license[cooper=Yes,mc=No];data_archive[cooper=Figshare,mc=GitHub, GitLab, Codeberg or similar platform];any_readme[cooper=No,mc=Yes]",NA,NA,"COOPER_RIGHT","Three repositories: Figshare article 10.6084/m9.figshare.26347909 (licensed CC BY 4.0, per the data_license pass) and two GitHub repos (cwaldock1/reef-futures-nutrient, mamacneil/NutrientFishbase). Cooper's ""Figshare"" matches the repository that is actually licensed and, per the data_license pass, described as holding the dataset; metacheck's ""GitHub..."" reflects the repo_check-listed platform for the repos data_check classified as holding files, but per the data_license pass NutrientFishbase (GitHub) is the repo with the most data-classified files. This is a genuinely mixed case -- Cooper's Figshare answer is defensible as the paper's stated data archive, while metacheck's GitHub answer reflects where data_check found data-typed files; recorded as COOPER_RIGHT because Figshare is the platform explicitly offering a real dataset DOI with a real license, matching how Cooper's protocol (repository the paper names for its data) is worded.","COOPER_RIGHT","Three repositories: Figshare article 10.6084/m9.figshare.26347909.v1 IS licensed (CC BY 4.0, retrieved from Figshare's articles API) but data_check classified zero of its files as data (the only file classified ""unknown""); the two GitHub repos, cwaldock1/reef-futures-nutrient and mamacneil/NutrientFishbase, have no recorded license (confirmed live via GitHub's own repository API), and mamacneil/NutrientFishbase is the repo actually holding the paper's 20 data-classified files. metacheck's mc_data_license only checks repositories holding data-classified files (a deliberate scoping choice, matching mc_data_archive/mc_data_doi), which excludes the licensed Figshare repo here since it holds no data by that classification -- so the overall No, while technically consistent with that rule, misses that a real data-holding repository (NutrientFishbase) is genuinely unlicensed while a different, non-data-holding repository IS licensed. Cooper's Yes may be based on the Figshare license without distinguishing which repo holds the actual data.",NA,NA,NA,NA,NA,NA,"METACHECK_RIGHT","Three repositories: Figshare (10.6084/m9.figshare.26347909, licensed CC BY 4.0 per the data_license pass) and two GitHub repos (mamacneil/NutrientFishbase -- the repo actually holding this paper's data-classified files per the data_license pass -- and cwaldock1/reef-futures-nutrient). repo_check's file listing shows README.md files on both GitHub repos. Cooper coded data_README=No; given Cooper's data_archive=""Figshare"" (the repository they evidently checked), and the README existing specifically on the GitHub repos instead, this may be a genuine scope difference (Cooper checked the Figshare page's own documentation, which does not include a README file the way the linked GitHub repos do) rather than a straightforward miss -- consistent with the same data-vs-code repository confusion already flagged for this paper in the data_license and data_archive passes.",TRUE
"10_1111_1365_2664_14664","10_1111_1365_2664_14664",NA,NA,NA,NA,NA,NA,NA,"Yes","Yes",NA,"R","No",FALSE,NA,NA,NA,NA,NA,FALSE,NA,FALSE,NA,NA,FALSE,FALSE,FALSE,"code_archived[cooper=Yes,mc=No]",NA,NA,NA,NA,NA,NA,NA,NA,"COOPER_RIGHT","UNSUPPORTED REPO | repo_check found zero files for this paper at all, so code_check (which only classifies files repo_check has already listed) had nothing to work with -- the same root-cause repository-detection miss as the data_availability disagreement for this paper. Cooper's Yes is based on directly inspecting whatever repository the paper cites; metacheck's repo_check pipeline never found/queried any repository at all for this paper (res_repo_check$table has zero rows), so its No cannot be treated as the verified answer.",NA,NA,NA,NA,TRUE
"10_1111_1365_2435_14151","10_1111_1365_2435_14151","Yes","Other repo/database","No","Unsure","No, because the data are embargoed",NA,"Unsure","Yes","No",NA,NA,NA,FALSE,NA,NA,NA,NA,NA,FALSE,NA,FALSE,NA,NA,FALSE,NA,FALSE,"data_availability[cooper=Yes,mc=No]","COOPER_RIGHT","UNSUPPORTED REPO | Paper's own availability statement: ""Data are archived for public use in the Sierra Nevada Bighorn Sheep Database of the California Department of Fish and Wildlife, but not elsewhere owing to the sensitive nature of biological data for endangered species in this study."" Cites a real Other repo/database (CDFW Bighorn Sheep Database) repository. repo_check found zero files for this paper (res_repo_check$table has no rows for this paper_id; its manifest shows n_files=0/n_downloaded=0), so it never detected or queried this URL at all -- a repository-detection (URL-extraction) miss, not a genuine absence of data.",NA,NA,NA,NA,NA,NA,NA,NA,NA,NA,NA,NA,TRUE
"10_1111_1365_2435_13127","10_1111_1365_2435_13127","Yes","Dryad;Supplementary materials","Yes","Yes","Yes",".xls(x)","Yes","Yes","No",NA,NA,NA,TRUE,"Dryad","doi:10.5061/dryad.sm0145s",TRUE,TRUE,".xlsx",FALSE,NA,FALSE,NA,NA,FALSE,TRUE,FALSE,"any_readme[cooper=Yes,mc=No]",NA,NA,NA,NA,NA,NA,NA,NA,NA,NA,NA,NA,"DIFFERENT_DEFINITION","Cooper's Yes for this paper's README likely reflects Dryad's dataset abstract (the ONLY free-text field Dryad's API exposes) -- confirmed on 9 real Dryad datasets from this same miss set that this field is consistently the paper's own scientific abstract (numbered background/methods/results prose), never file-level documentation. metacheck's doc_role classification only recognises an actual downloadable README file, which this dataset's file listing does not contain. Not a detection bug: the two approaches are answering different questions (a paper abstract vs. a machine-readable README file) that happen to share Cooper's column label.",TRUE
"10_1111_1365_2664_14478","10_1111_1365_2664_14478","Yes","Other repo/database","Yes","No","Yes",".xls(x)","Yes","Yes","No",NA,NA,NA,TRUE,"OSF",NA,FALSE,TRUE,".xlsx",FALSE,NA,FALSE,NA,NA,FALSE,TRUE,FALSE,"data_archive[cooper=Other repo/database,mc=OSF];any_readme[cooper=Yes,mc=No]",NA,NA,"METACHECK_RIGHT","repo_url is doi.org/10.17605/OSF.IO/8ZGS5 -- an OSF DOI, not ""Other repo/database"".",NA,NA,NA,NA,NA,NA,NA,NA,"DIFFERENT_DEFINITION","Platform-specific pattern not established for this repository type (osf/github/other) -- see the dominant Dryad/Zenodo/Figshare patterns documented for the majority of this column's disagreements; this individual case was not separately investigated.",TRUE
"10_1111_1365_2664_13492","10_1111_1365_2664_13492","Yes","Zenodo","Yes","Yes","Yes",".wav","Yes","Yes","Yes","Yes","R","No",TRUE,"Zenodo","10.5281/zenodo.3366104",TRUE,TRUE,".xlsx",FALSE,NA,FALSE,NA,NA,FALSE,TRUE,FALSE,"code_archived[cooper=Yes,mc=No];any_readme[cooper=Yes,mc=No]",NA,NA,NA,NA,NA,NA,NA,NA,"COOPER_RIGHT","Automated keyword search of the paper's full text found no sentence combining a repository/availability cue with a code-specific term (code, script, R code, MATLAB, Python, source code) -- consistent with the paper only claiming DATA availability, not code, at the cited repository, and with repo_check/code_check finding no code file there either. Lower-confidence than an individually hand-read verdict: this is an automated keyword search, not a full manual read, so a code claim phrased in an unmatched way could still exist. COOPER_RIGHT.",NA,NA,"DIFFERENT_DEFINITION","Cooper's Yes for this paper's README may reflect this Zenodo record's `description` field -- checked live 2026-09-02 against a sample of 6 real Zenodo records from this miss set and found genuine variation (sometimes a study summary, sometimes contact metadata, sometimes file-by-file documentation, sometimes empty), i.e. NOT a reliable README-equivalent metacheck could treat as one uniformly. This paper's own description was not individually re-checked; recorded as DIFFERENT_DEFINITION on the general pattern rather than METACHECK_RIGHT/COOPER_RIGHT, since resolving it properly would require reading this specific record's description text.",TRUE
"10_1002_pan3_10623","10_1002_pan3_10623","Yes","Figshare","Yes","Yes","Yes",".csv/.tsv;.shp","Yes","Yes","No",NA,NA,NA,FALSE,NA,NA,NA,NA,NA,FALSE,NA,FALSE,NA,NA,FALSE,TRUE,FALSE,"data_availability[cooper=Yes,mc=No];any_readme[cooper=Yes,mc=No]","DIFFERENT_DEFINITION","Paper's only availability statement is ""All data used in the analysis can be found freely online on Figshare"" -- names the platform but gives no specific DOI/URL. Cooper's Yes credits the platform citation; mc's FALSE reflects that repo_check had no specific link to check (repo_n=0) -- a structural gap rather than a clear detection failure of a given URL.",NA,NA,NA,NA,NA,NA,NA,NA,NA,NA,"UNCLEAR","Given no specific Figshare URL/DOI was captured in the text, it cannot be confirmed whether the actual deposit contains a readme or how Cooper reached Yes.",TRUE
"10_1111_1365_2435_12997","10_1111_1365_2435_12997","Yes","Dryad","Yes","Yes","Yes",".csv/.tsv","Quasi-README","Yes","No",NA,NA,NA,TRUE,"Dryad","doi:10.5061/dryad.675mr",TRUE,TRUE,".csv",FALSE,NA,FALSE,NA,NA,FALSE,TRUE,FALSE,"any_readme[cooper=Yes,mc=No]",NA,NA,NA,NA,NA,NA,NA,NA,NA,NA,NA,NA,"DIFFERENT_DEFINITION","Cooper's Yes for this paper's README likely reflects Dryad's dataset abstract (the ONLY free-text field Dryad's API exposes) -- confirmed on 9 real Dryad datasets from this same miss set that this field is consistently the paper's own scientific abstract (numbered background/methods/results prose), never file-level documentation. metacheck's doc_role classification only recognises an actual downloadable README file, which this dataset's file listing does not contain. Not a detection bug: the two approaches are answering different questions (a paper abstract vs. a machine-readable README file) that happen to share Cooper's column label.",TRUE
"10_1111_1365_2656_12639","10_1111_1365_2656_12639","Yes","Dryad","Yes","Yes","Yes",".csv/.tsv;.xls(x)","Yes","Yes","Yes",NA,"R","No",TRUE,"Dryad","doi:10.5061/dryad.79hb8",TRUE,TRUE,".csv;.xlsx",FALSE,NA,FALSE,NA,NA,FALSE,TRUE,FALSE,"code_archived[cooper=Yes,mc=No];any_readme[cooper=Yes,mc=No]",NA,NA,NA,NA,NA,NA,NA,NA,"COOPER_RIGHT","Paper's own text explicitly claims code availability at the cited repository: ""Data and R code available from the Dryad Digital Repository https://doi.org/10.5061/dryad.79hb8  (Livingston et al. 2017)."" -- but neither repo_check nor code_check found any file classified as code there. Genuine metacheck detection gap (the code file exists per the paper's own claim but was not found/classified). COOPER_RIGHT.",NA,NA,"DIFFERENT_DEFINITION","Cooper's Yes for this paper's README likely reflects Dryad's dataset abstract (the ONLY free-text field Dryad's API exposes) -- confirmed on 9 real Dryad datasets from this same miss set that this field is consistently the paper's own scientific abstract (numbered background/methods/results prose), never file-level documentation. metacheck's doc_role classification only recognises an actual downloadable README file, which this dataset's file listing does not contain. Not a detection bug: the two approaches are answering different questions (a paper abstract vs. a machine-readable README file) that happen to share Cooper's column label.",TRUE
"10_1002_pan3_10758","10_1002_pan3_10758","Yes",NA,NA,NA,NA,NA,NA,"No",NA,NA,NA,NA,FALSE,NA,NA,NA,NA,NA,FALSE,NA,FALSE,NA,NA,FALSE,NA,FALSE,"data_availability[cooper=Yes,mc=No]","DIFFERENT_DEFINITION","Paper text: ""The data on which this research is based are securely archived at The University of Adelaide."" No URL, DOI, or other locator is given anywhere in the extracted text -- there is nothing for repo_check (or anyone) to visit externally. Cooper's Yes likely reflects the presence of this archival statement itself, while metacheck's False reflects the (correct) absence of any actually accessible/checkable repository.",NA,NA,NA,NA,NA,NA,NA,NA,NA,NA,NA,NA,TRUE
"10_1111_2041_210x_13124","10_1111_2041_210x_13124","Yes","Dryad","Yes","Yes","Yes",".rar","No","Yes","Yes",NA,"R","No",TRUE,NA,NA,NA,NA,NA,FALSE,NA,FALSE,NA,NA,FALSE,FALSE,FALSE,"code_archived[cooper=Yes,mc=No]",NA,NA,NA,NA,NA,NA,NA,NA,"COOPER_RIGHT","Automated keyword search of the paper's full text found no sentence combining a repository/availability cue with a code-specific term (code, script, R code, MATLAB, Python, source code) -- consistent with the paper only claiming DATA availability, not code, at the cited repository, and with repo_check/code_check finding no code file there either. Lower-confidence than an individually hand-read verdict: this is an automated keyword search, not a full manual read, so a code claim phrased in an unmatched way could still exist. COOPER_RIGHT.",NA,NA,NA,NA,TRUE
"10_1111_1365_2745_14136","10_1111_1365_2745_14136","Yes","Dryad","Yes","Yes","Yes",".xls(x)","No","Yes","No",NA,NA,NA,TRUE,"Dryad","doi:10.5061/dryad.5qfttdzbb",TRUE,TRUE,".xlsx",TRUE,NA,FALSE,NA,NA,TRUE,FALSE,TRUE,"any_readme[cooper=No,mc=Yes]",NA,NA,NA,NA,NA,NA,NA,NA,NA,NA,NA,NA,"METACHECK_RIGHT","Single Dryad dataset (doi:10.5061/dryad.5qfttdzbb). repo_check's file listing genuinely contains a README.md. No code repository is involved. Cooper's data_README=No looks like a plain miss.",TRUE
"10_1111_1365_2656_13291","10_1111_1365_2656_13291","Yes","Figshare","Yes","Yes","Yes",".csv/.tsv","Yes","Yes","No",NA,NA,NA,TRUE,"Figshare","10.6084/m9.figshare.12471764.v2",TRUE,TRUE,".csv",FALSE,NA,FALSE,NA,NA,FALSE,TRUE,FALSE,"any_readme[cooper=Yes,mc=No]",NA,NA,NA,NA,NA,NA,NA,NA,NA,NA,NA,NA,"DIFFERENT_DEFINITION","Cooper's Yes for this paper's README may reflect this Figshare article's `description` field -- checked live 2026-09-02 against a sample of 10 real Figshare articles from this miss set and found genuine variation (roughly 2 of 10 had real file-by-file documentation, the rest were abstract/methods-style summaries indistinguishable from Dryad's pattern), i.e. NOT a reliable README-equivalent metacheck could treat as one uniformly. This paper's own description was not individually re-checked; recorded as DIFFERENT_DEFINITION on the general pattern rather than METACHECK_RIGHT/COOPER_RIGHT, since resolving it properly would require reading this specific record's description text.",TRUE
"10_1111_1365_2656_13818","10_1111_1365_2656_13818","Yes",NA,NA,NA,NA,NA,NA,"Yes","No",NA,NA,NA,FALSE,NA,NA,NA,NA,NA,FALSE,NA,FALSE,NA,NA,FALSE,NA,FALSE,"data_availability[cooper=Yes,mc=No]","COOPER_RIGHT","Paper states ""Data available from the Open Science Framework Repository: osf.io/ps9q8 (Alonso et al., 2022)""; explicit data-availability claim with OSF identifier, contradicting mc's FALSE.",NA,NA,NA,NA,NA,NA,NA,NA,NA,NA,NA,NA,TRUE
"10_1111_1365_2745_14373","10_1111_1365_2745_14373","Yes","Other repo/database","Yes","Yes","Yes",".csv/.tsv","Yes","Yes","No",NA,NA,NA,FALSE,NA,NA,NA,NA,NA,FALSE,NA,FALSE,NA,NA,FALSE,TRUE,FALSE,"data_availability[cooper=Yes,mc=No];any_readme[cooper=Yes,mc=No]","COOPER_RIGHT","UNSUPPORTED REPO | Paper text: ""Raw data and metadata... are publicly available at the iDiv data repository: https://doi.org/10.25829/idiv.3548-bz7p93 (Dieskau et al., 2024)."" iDiv Data Repository is not a platform repo_check recognizes; repo_check has zero rows for this paper.",NA,NA,NA,NA,NA,NA,NA,NA,NA,NA,"COOPER_RIGHT","Same repo-detection miss as data_availability: the iDiv data repository was never fetched by repo_check, so mc_any_readme's FALSE reflects zero files examined, not evidence of no README.",TRUE
"10_1111_1365_2664_13648","10_1111_1365_2664_13648","Yes","Dryad","Yes","Yes","Yes",".xls(x);.tre","Yes","Yes","No",NA,NA,NA,TRUE,"Dryad","doi:10.5061/dryad.rn8pk0p6n",TRUE,TRUE,".xlsx",FALSE,NA,FALSE,NA,NA,FALSE,TRUE,FALSE,"any_readme[cooper=Yes,mc=No]",NA,NA,NA,NA,NA,NA,NA,NA,NA,NA,NA,NA,"DIFFERENT_DEFINITION","Cooper's Yes for this paper's README likely reflects Dryad's dataset abstract (the ONLY free-text field Dryad's API exposes) -- confirmed on 9 real Dryad datasets from this same miss set that this field is consistently the paper's own scientific abstract (numbered background/methods/results prose), never file-level documentation. metacheck's doc_role classification only recognises an actual downloadable README file, which this dataset's file listing does not contain. Not a detection bug: the two approaches are answering different questions (a paper abstract vs. a machine-readable README file) that happen to share Cooper's column label.",TRUE
"10_1111_2041_210x_13534","10_1111_2041_210x_13534","Yes","Dryad","Yes","Yes","Yes",NA,"Yes","Yes","Yes","Yes","R","Yes",TRUE,NA,NA,NA,NA,NA,TRUE,NA,FALSE,NA,NA,TRUE,TRUE,TRUE,"code_archived[cooper=Yes,mc=No]",NA,NA,NA,NA,NA,NA,NA,NA,"COOPER_RIGHT","Paper's own text explicitly claims code availability at the cited repository: ""The scripts used, simulation results, model fits and case study data are available at: https://datadryad.org/stash/dataset/doi:10.5061/dryad.vx0k6djpg."" -- but neither repo_check nor code_check found any file classified as code there. Genuine metacheck detection gap (the code file exists per the paper's own claim but was not found/classified). COOPER_RIGHT.",NA,NA,NA,NA,TRUE
"10_1111_1365_2435_13191","10_1111_1365_2435_13191","Yes","Zenodo","Yes","Yes","Yes",".mat","Yes","Yes","No",NA,NA,NA,TRUE,"Zenodo","10.5281/zenodo.166313",TRUE,NA,".mat",FALSE,NA,FALSE,NA,NA,FALSE,TRUE,FALSE,"any_readme[cooper=Yes,mc=No]",NA,NA,NA,NA,NA,NA,NA,NA,NA,NA,NA,NA,"DIFFERENT_DEFINITION","Cooper's Yes for this paper's README may reflect this Zenodo record's `description` field -- checked live 2026-09-02 against a sample of 6 real Zenodo records from this miss set and found genuine variation (sometimes a study summary, sometimes contact metadata, sometimes file-by-file documentation, sometimes empty), i.e. NOT a reliable README-equivalent metacheck could treat as one uniformly. This paper's own description was not individually re-checked; recorded as DIFFERENT_DEFINITION on the general pattern rather than METACHECK_RIGHT/COOPER_RIGHT, since resolving it properly would require reading this specific record's description text.",TRUE
"10_1111_1365_2656_13372","10_1111_1365_2656_13372","Yes","Dryad","Yes","Yes","Yes",".xls(x)","Yes","Yes","Yes","Yes","R","No",TRUE,"Dryad","doi:10.5061/dryad.w0vt4b8pg",TRUE,TRUE,".xlsx",FALSE,NA,TRUE,TRUE,"R",FALSE,TRUE,FALSE,"any_readme[cooper=Yes,mc=No]",NA,NA,NA,NA,NA,NA,NA,NA,NA,NA,NA,NA,"DIFFERENT_DEFINITION","Cooper's Yes for this paper's README likely reflects Dryad's dataset abstract (the ONLY free-text field Dryad's API exposes) -- confirmed on 9 real Dryad datasets from this same miss set that this field is consistently the paper's own scientific abstract (numbered background/methods/results prose), never file-level documentation. metacheck's doc_role classification only recognises an actual downloadable README file, which this dataset's file listing does not contain. Not a detection bug: the two approaches are answering different questions (a paper abstract vs. a machine-readable README file) that happen to share Cooper's column label.",TRUE
"10_1111_1365_2656_13504","10_1111_1365_2656_13504","Yes","Other repo/database","Yes","Unsure","Yes",".txt","Yes","Yes","No",NA,NA,NA,TRUE,"Other repo/database","doi:10.6085/AA/marine_ltm.20.1",TRUE,NA,".csv",FALSE,NA,FALSE,NA,NA,FALSE,TRUE,FALSE,"any_readme[cooper=Yes,mc=No]",NA,NA,NA,NA,NA,NA,NA,NA,NA,NA,NA,NA,"COOPER_RIGHT","SPLIT-DOI EXTRACTION ARTIFACT | repo_check found zero files for this paper (res_repo_check$table has no rows for this paper_id), so it had no basis to detect a README even if one exists in the actual (un-located) repository.",TRUE
"10_1111_1365_2664_13961","10_1111_1365_2664_13961","Yes","Dryad","Yes","Yes","Yes",".csv/.tsv","Yes","Yes","No",NA,NA,NA,FALSE,NA,NA,NA,NA,NA,FALSE,NA,FALSE,NA,NA,FALSE,TRUE,FALSE,"data_availability[cooper=Yes,mc=No];any_readme[cooper=Yes,mc=No]","COOPER_RIGHT","SPLIT-DOI EXTRACTION ARTIFACT | Reference list cites a resolvable Dryad DOI: ""Rashid, I., ... (2021). Data from: Species abundance along the railway of Kashmir Himalaya. Dryad Digital Repository, https://doi.org/10.5061/dryad.0pngf20h"" (the in-text sentence itself contains a malformed/wrong link, an orcid.org URL, but the reference-list DOI is real and resolvable). repo_check found zero files for this paper -- it never located/checked this Dryad DOI. | KNOWN METACHECK LIMITATION (not yet fixed, github.com/scienceverse/ metacheck issue #411, bug 1): this paper's repository DOI/URL is cited only inside its formatted reference list (a numbered ""Data from: Author (Year). Title [Dataset]. https://doi.org/..."" entry), never as an inline hyperlink or bare in-text mention. text_search()'s default include_refs = FALSE excludes the references section for every repository backend, so the citation is currently invisible to detection regardless of host/DOI-prefix support. Confirmed live 2026-09-19: the DOI itself resolves correctly when queried directly.",NA,NA,NA,NA,NA,NA,NA,NA,NA,NA,"COOPER_RIGHT","Same root cause: repo_check never located the Dryad repository the paper cites, so no README evidence could ever be recorded.",TRUE
"10_1111_1365_2656_13616","10_1111_1365_2656_13616","Yes","Dryad","Yes","Yes","Yes",".Rdata","Yes","Yes","No",NA,NA,NA,TRUE,"Dryad","doi:10.25338/B8RW6J",TRUE,NA,".zip",FALSE,NA,FALSE,NA,NA,FALSE,TRUE,FALSE,"any_readme[cooper=Yes,mc=No]",NA,NA,NA,NA,NA,NA,NA,NA,NA,NA,NA,NA,"COOPER_RIGHT","SPLIT-DOI EXTRACTION ARTIFACT | Same root cause: repo_check never located the Dryad repository the paper cites, so no README evidence could ever be recorded.",TRUE
"10_1111_1365_2664_13980","10_1111_1365_2664_13980","Yes","Dryad","Yes","Yes","Yes",".xls(x)","No","Yes","No",NA,NA,NA,FALSE,NA,NA,NA,NA,NA,FALSE,NA,FALSE,NA,NA,FALSE,FALSE,FALSE,"data_availability[cooper=Yes,mc=No]","COOPER_RIGHT","Paper text: ""Data available via the Dryad Digital Repository https://datadryad.org/stash/share/M9h0katm5VCYRhfTCUkYBUx_zRYNnnFM3BXgzV_fhMU"" (a Dryad private-preview share link; the reference list separately gives the eventual DOI 10.5061/dryad.t76hdr81n). repo_check detected the exact share-link URL used in-text (logged in gated_repos, repo_type=dryad) but the fetch errored (""arguments imply differing number of rows: 1, 0""), leaving repo_check$table empty and producing mc_data_availability=FALSE.",NA,NA,NA,NA,NA,NA,NA,NA,NA,NA,NA,NA,TRUE
"10_1111_1365_2745_14021","10_1111_1365_2745_14021","Yes","Other repo/database","Yes","Unsure","Yes",".xls(x)","Yes","Yes","No",NA,NA,NA,TRUE,"OSF",NA,FALSE,TRUE,".xlsx",FALSE,NA,FALSE,NA,NA,FALSE,TRUE,FALSE,"data_archive[cooper=Other repo/database,mc=OSF];any_readme[cooper=Yes,mc=No]",NA,NA,"METACHECK_RIGHT","repo_url is doi.org/10.17605/OSF.IO/YMHJR -- an OSF DOI, not ""Other repo/database"".",NA,NA,NA,NA,NA,NA,NA,NA,"DIFFERENT_DEFINITION","Platform-specific pattern not established for this repository type (osf/github/other) -- see the dominant Dryad/Zenodo/Figshare patterns documented for the majority of this column's disagreements; this individual case was not separately investigated.",TRUE
"10_1111_1365_2435_14271","10_1111_1365_2435_14271","Yes","Other repo/database","Yes","Yes","Yes",".csv/.tsv","Yes","Yes","No",NA,NA,NA,FALSE,NA,NA,NA,NA,NA,FALSE,NA,FALSE,NA,NA,FALSE,TRUE,FALSE,"data_availability[cooper=Yes,mc=No];any_readme[cooper=Yes,mc=No]","COOPER_RIGHT","UNSUPPORTED REPO | Paper's own availability statement: ""All data used in the manuscript and its supporting information are stored in our institutional archive and are publicly available here: https://doi.org/10.26183/bf6d-kh20."" (A GitHub link elsewhere in the paper is for a THIRD PARTY's unrelated methodology, not this paper's own data.) Cites a real Other repo/database (institutional archive) repository (https://doi.org/10.26183/bf6d-kh20). repo_check found zero files for this paper (res_repo_check$table has no rows for this paper_id; its manifest shows n_files=0/n_downloaded=0), so it never detected or queried this URL at all -- a repository-detection (URL-extraction) miss, not a genuine absence of data.",NA,NA,NA,NA,NA,NA,NA,NA,NA,NA,"COOPER_RIGHT","repo_check found zero files for this paper (res_repo_check$table has no rows for this paper_id), so it had no basis to detect a README even if one exists in the actual (un-located) repository.",TRUE
"10_1111_1365_2664_13333","10_1111_1365_2664_13333","Yes","Figshare","Yes, but DOI not found/incorrect","Yes",NA,NA,"Yes","Yes","No",NA,NA,NA,TRUE,"Figshare","10.6084/m9.figshare.7443431.v1",TRUE,FALSE,NA,FALSE,NA,FALSE,NA,NA,FALSE,TRUE,FALSE,"any_readme[cooper=Yes,mc=No]",NA,NA,NA,NA,NA,NA,NA,NA,NA,NA,NA,NA,"DIFFERENT_DEFINITION","Cooper's Yes for this paper's README may reflect this Figshare article's `description` field -- checked live 2026-09-02 against a sample of 10 real Figshare articles from this miss set and found genuine variation (roughly 2 of 10 had real file-by-file documentation, the rest were abstract/methods-style summaries indistinguishable from Dryad's pattern), i.e. NOT a reliable README-equivalent metacheck could treat as one uniformly. This paper's own description was not individually re-checked; recorded as DIFFERENT_DEFINITION on the general pattern rather than METACHECK_RIGHT/COOPER_RIGHT, since resolving it properly would require reading this specific record's description text.",TRUE
"10_1111_1365_2435_14230","10_1111_1365_2435_14230","Yes","Figshare","Yes","Yes","Yes",".xls(x)","Yes","Yes","No",NA,NA,NA,TRUE,"Figshare","10.6084/m9.figshare.21542154.v1",TRUE,TRUE,".xls",FALSE,NA,FALSE,NA,NA,FALSE,TRUE,FALSE,"any_readme[cooper=Yes,mc=No]",NA,NA,NA,NA,NA,NA,NA,NA,NA,NA,NA,NA,"DIFFERENT_DEFINITION","Cooper's Yes for this paper's README may reflect this Figshare article's `description` field -- checked live 2026-09-02 against a sample of 10 real Figshare articles from this miss set and found genuine variation (roughly 2 of 10 had real file-by-file documentation, the rest were abstract/methods-style summaries indistinguishable from Dryad's pattern), i.e. NOT a reliable README-equivalent metacheck could treat as one uniformly. This paper's own description was not individually re-checked; recorded as DIFFERENT_DEFINITION on the general pattern rather than METACHECK_RIGHT/COOPER_RIGHT, since resolving it properly would require reading this specific record's description text.",TRUE
"10_1111_1365_2664_14544","10_1111_1365_2664_14544","Yes","Zenodo","Yes","Yes","Yes",".csv/.tsv;.xls(x);.Rdata","Yes","Yes","No",NA,NA,NA,TRUE,"Zenodo","10.5281/zenodo.8411841",TRUE,TRUE,".csv;.rdata;.xls",FALSE,NA,FALSE,NA,NA,FALSE,TRUE,FALSE,"any_readme[cooper=Yes,mc=No]",NA,NA,NA,NA,NA,NA,NA,NA,NA,NA,NA,NA,"DIFFERENT_DEFINITION","Cooper's Yes for this paper's README may reflect this Zenodo record's `description` field -- checked live 2026-09-02 against a sample of 6 real Zenodo records from this miss set and found genuine variation (sometimes a study summary, sometimes contact metadata, sometimes file-by-file documentation, sometimes empty), i.e. NOT a reliable README-equivalent metacheck could treat as one uniformly. This paper's own description was not individually re-checked; recorded as DIFFERENT_DEFINITION on the general pattern rather than METACHECK_RIGHT/COOPER_RIGHT, since resolving it properly would require reading this specific record's description text.",TRUE
"10_1111_1365_2745_13792","10_1111_1365_2745_13792","Yes","Other repo/database","Yes","Yes","Yes",".csv/.tsv;.doc(x);.xml","No","Yes","No",NA,NA,NA,FALSE,NA,NA,NA,NA,NA,FALSE,NA,FALSE,NA,NA,FALSE,FALSE,FALSE,"data_availability[cooper=Yes,mc=No]","COOPER_RIGHT","SPLIT-DOI EXTRACTION ARTIFACT | Paper text: ""The data presented in this article are publicly available on the Knowledge Network for Biocomplexity (https://knb.ecoinformatics.org/view/doi:10.5063/J101M7, Shaw et al., 2021)."" KNB is not a platform repo_check recognizes; repo_check has zero rows for this paper.",NA,NA,NA,NA,NA,NA,NA,NA,NA,NA,NA,NA,TRUE
"10_1111_1365_2435_13778","10_1111_1365_2435_13778","Yes","Dryad","Yes","Yes","Yes",".xls(x)","Yes","Yes","No",NA,NA,NA,TRUE,"Dryad","doi:10.5061/dryad.vhhmgqns9",TRUE,TRUE,".xlsx",FALSE,NA,FALSE,NA,NA,FALSE,TRUE,FALSE,"any_readme[cooper=Yes,mc=No]",NA,NA,NA,NA,NA,NA,NA,NA,NA,NA,NA,NA,"DIFFERENT_DEFINITION","Cooper's Yes for this paper's README likely reflects Dryad's dataset abstract (the ONLY free-text field Dryad's API exposes) -- confirmed on 9 real Dryad datasets from this same miss set that this field is consistently the paper's own scientific abstract (numbered background/methods/results prose), never file-level documentation. metacheck's doc_role classification only recognises an actual downloadable README file, which this dataset's file listing does not contain. Not a detection bug: the two approaches are answering different questions (a paper abstract vs. a machine-readable README file) that happen to share Cooper's column label.",TRUE
"10_1111_2041_210x_13992","10_1111_2041_210x_13992","Yes","Dryad","Yes, but DOI not found/incorrect","Unsure",NA,NA,"Unsure","Yes","No",NA,NA,NA,FALSE,NA,NA,NA,NA,NA,FALSE,NA,FALSE,NA,NA,FALSE,NA,FALSE,"data_availability[cooper=Yes,mc=No]","COOPER_RIGHT","EMBARGOED/RESTRICTED AT SOURCE (confirmed via the repository's own API) | Paper text: ""Data are also published in the Dryad Digital Repository (https://doi.org/10.5061/dryad.z34tmpght)."" A clear, standard-format Dryad DOI is cited yet mc_data_availability=FALSE, indicating repo_check never found/listed this repository.",NA,NA,NA,NA,NA,NA,NA,NA,NA,NA,NA,NA,TRUE
"10_1111_1365_2664_13043","10_1111_1365_2664_13043","Yes","Zenodo","Yes","Yes","Yes",".mat",NA,"Yes","Yes","Yes","MATLAB","Yes",TRUE,"Zenodo","10.5281/zenodo.1035409",TRUE,NA,".mat",TRUE,NA,FALSE,NA,NA,TRUE,TRUE,TRUE,"code_archived[cooper=Yes,mc=No]",NA,NA,NA,NA,NA,NA,NA,NA,"COOPER_RIGHT","Paper's own text explicitly claims code availability at the cited repository: ""Data and code available from Zenodo Repository. https://doi.org/10.5281/zenodo.1035409  (Fovargue, Bode, & Armsworth, 2017)."" -- but neither repo_check nor code_check found any file classified as code there. Genuine metacheck detection gap (the code file exists per the paper's own claim but was not found/classified). COOPER_RIGHT.",NA,NA,NA,NA,TRUE
"10_1111_1365_2745_14280","10_1111_1365_2745_14280","Yes","Zenodo","Yes","No","Yes",".csv/.tsv","No","Yes","Yes","Yes","R","Yes",TRUE,"GitHub, GitLab, Codeberg or similar platform;Zenodo","10.5281/zenodo.10579388",TRUE,TRUE,".csv;.numbers",TRUE,NA,TRUE,TRUE,"R",TRUE,TRUE,TRUE,"data_license[cooper=No,mc=Yes]",NA,NA,NA,NA,"METACHECK_RIGHT","Zenodo record 10579387's metadata reports license=cc-by-4.0.",NA,NA,NA,NA,NA,NA,NA,NA,TRUE
"10_1111_1365_2435_12935","10_1111_1365_2435_12935","Yes","Dryad","Yes","Yes","Yes",".csv/.tsv","Yes","Yes","No",NA,NA,NA,TRUE,"Dryad","doi:10.5061/dryad.6nd96",TRUE,TRUE,".csv",FALSE,NA,FALSE,NA,NA,FALSE,TRUE,FALSE,"any_readme[cooper=Yes,mc=No]",NA,NA,NA,NA,NA,NA,NA,NA,NA,NA,NA,NA,"DIFFERENT_DEFINITION","Cooper's Yes for this paper's README likely reflects Dryad's dataset abstract (the ONLY free-text field Dryad's API exposes) -- confirmed on 9 real Dryad datasets from this same miss set that this field is consistently the paper's own scientific abstract (numbered background/methods/results prose), never file-level documentation. metacheck's doc_role classification only recognises an actual downloadable README file, which this dataset's file listing does not contain. Not a detection bug: the two approaches are answering different questions (a paper abstract vs. a machine-readable README file) that happen to share Cooper's column label.",TRUE
"10_1111_1365_2656_13345","10_1111_1365_2656_13345","Yes","Dryad","Yes","Yes","Yes",".Rdata","No","No",NA,NA,NA,NA,FALSE,NA,NA,NA,NA,NA,FALSE,NA,FALSE,NA,NA,FALSE,FALSE,FALSE,"data_availability[cooper=Yes,mc=No]","COOPER_RIGHT","SPLIT-DOI EXTRACTION ARTIFACT | Paper text: ""The eBird bird occurrence data are available from the Dryad Digital Repository https://doi.org/10.5061/dryad.hmgqnk9f3 (La Sorte & Graham, 2020)."" A clear, working Dryad DOI is cited yet mc_data_availability=FALSE, indicating repo_check never found/listed this repository. | KNOWN METACHECK LIMITATION (not yet fixed, github.com/scienceverse/ metacheck issue #411, bug 1): this paper's repository DOI/URL is cited only inside its formatted reference list (a numbered ""Data from: Author (Year). Title [Dataset]. https://doi.org/..."" entry), never as an inline hyperlink or bare in-text mention. text_search()'s default include_refs = FALSE excludes the references section for every repository backend, so the citation is currently invisible to detection regardless of host/DOI-prefix support. Confirmed live 2026-09-19: the DOI itself resolves correctly when queried directly.",NA,NA,NA,NA,NA,NA,NA,NA,NA,NA,NA,NA,TRUE
"10_1111_1365_2664_13360","10_1111_1365_2664_13360","Yes","Dryad","Yes","Yes","Yes",".xls(x);.tif","Yes","Yes","No",NA,NA,NA,TRUE,"Dryad","doi:10.5061/dryad.6n0b28n",TRUE,TRUE,".xlsx",FALSE,NA,FALSE,NA,NA,FALSE,TRUE,FALSE,"any_readme[cooper=Yes,mc=No]",NA,NA,NA,NA,NA,NA,NA,NA,NA,NA,NA,NA,"DIFFERENT_DEFINITION","Cooper's Yes for this paper's README likely reflects Dryad's dataset abstract (the ONLY free-text field Dryad's API exposes) -- confirmed on 9 real Dryad datasets from this same miss set that this field is consistently the paper's own scientific abstract (numbered background/methods/results prose), never file-level documentation. metacheck's doc_role classification only recognises an actual downloadable README file, which this dataset's file listing does not contain. Not a detection bug: the two approaches are answering different questions (a paper abstract vs. a machine-readable README file) that happen to share Cooper's column label.",TRUE
"10_1111_1365_2664_13286","10_1111_1365_2664_13286","Yes","Other repo/database","Yes","Unsure","Yes",".csv/.tsv;.xml","No","Yes","No",NA,NA,NA,FALSE,NA,NA,NA,NA,NA,FALSE,NA,FALSE,NA,NA,FALSE,FALSE,FALSE,"data_availability[cooper=Yes,mc=No]","COOPER_RIGHT","UNSUPPORTED REPO (USGS ScienceBase) | Paper text: ""All data and metadata are available via USGS Science Base https://doi.org/10.5066/p91vexew (Rubenstein, Christophersen, & Ransom, ...)."" repo_check found zero files for this paper -- it never located/checked this ScienceBase DOI.",NA,NA,NA,NA,NA,NA,NA,NA,NA,NA,NA,NA,TRUE
"10_1002_pan3_10334","10_1002_pan3_10334","Yes","Other repo/database","Yes","Yes","Yes",".doc(x)","Yes","No",NA,NA,NA,NA,TRUE,NA,NA,NA,NA,NA,FALSE,NA,FALSE,NA,NA,FALSE,TRUE,FALSE,"any_readme[cooper=Yes,mc=No]",NA,NA,NA,NA,NA,NA,NA,NA,NA,NA,NA,NA,"DIFFERENT_DEFINITION","Platform-specific pattern not established for this repository type (osf/github/other) -- see the dominant Dryad/Zenodo/Figshare patterns documented for the majority of this column's disagreements; this individual case was not separately investigated.",TRUE
"10_1111_1365_2745_13304","10_1111_1365_2745_13304","Yes","Other repo/database","Yes","Yes","Yes",".csv/.tsv;.zip","Yes","Yes","No",NA,NA,NA,FALSE,NA,NA,NA,NA,NA,FALSE,NA,FALSE,NA,NA,FALSE,TRUE,FALSE,"data_availability[cooper=Yes,mc=No];any_readme[cooper=Yes,mc=No]","COOPER_RIGHT","UNSUPPORTED REPO (NERC EIDC) | Paper states ""Data has been deposited with the NERC Environmental Information Data Centre: https://doi.org/10.5285/65c14df6-b762-441c-8d8d-9112f7350f03""; repo_check's summary_table shows repo_n=0 -- this institutional repository was never detected.",NA,NA,NA,NA,NA,NA,NA,NA,NA,NA,"COOPER_RIGHT","The NERC EIDC deposit was never detected by repo_check (repo_n=0), so metacheck never checked it for a readme.",TRUE
"10_1111_2041_210x_13030","10_1111_2041_210x_13030","Yes","Dryad","Yes","Yes","Yes",".Rdata;.jags","Yes","Yes","Yes","Yes","R","No",TRUE,NA,NA,NA,NA,NA,TRUE,NA,FALSE,NA,NA,TRUE,TRUE,TRUE,"code_archived[cooper=Yes,mc=No]",NA,NA,NA,NA,NA,NA,NA,NA,"COOPER_RIGHT","Paper's own text explicitly claims code availability at the cited repository: ""NGS wolverine data and associated R script are available on Dryad Digital Repository https://doi.org/10.5061/dryad.r17n5  (Milleret et al., 2018)."" -- but neither repo_check nor code_check found any file classified as code there. Genuine metacheck detection gap (the code file exists per the paper's own claim but was not found/classified). COOPER_RIGHT.",NA,NA,NA,NA,TRUE
"10_1111_1365_2664_14402","10_1111_1365_2664_14402","Yes","Dryad","Yes","Yes","Yes",".csv/.tsv;.txt;.shp;.jpg;.tif","Yes","Yes","Yes","Yes","R","Yes",TRUE,"Dryad","doi:10.5061/dryad.69p8cz95w",TRUE,NA,".zip",TRUE,NA,FALSE,NA,NA,TRUE,TRUE,TRUE,"code_archived[cooper=Yes,mc=No]",NA,NA,NA,NA,NA,NA,NA,NA,"COOPER_RIGHT","Paper's own text explicitly claims code availability at the cited repository: ""Data and code available from the Dryad Digital Repository https://doi.org/10.5061/dryad.69p8cz95w"" -- but neither repo_check nor code_check found any file classified as code there. Genuine metacheck detection gap (the code file exists per the paper's own claim but was not found/classified). COOPER_RIGHT.",NA,NA,NA,NA,TRUE
"10_1111_1365_2435_13643","10_1111_1365_2435_13643","Yes","Dryad","Yes","Yes","Yes",".csv/.tsv;.mp4;.mat;.jpg","Yes","Yes","Yes","Yes","Python;MATLAB","No",FALSE,NA,NA,NA,NA,NA,FALSE,NA,FALSE,NA,NA,FALSE,TRUE,FALSE,"data_availability[cooper=Yes,mc=No];code_archived[cooper=Yes,mc=No];any_readme[cooper=Yes,mc=No]","COOPER_RIGHT","Paper text: 'All supporting data files are available on Dryad Digital Repository: https://doi.org/10.6078/D1NQ59.' This Dryad DOI uses the older '10.6078' (UC/CDL EZID) prefix rather than the '10.5061/dryad' prefix repo_check's platform mapping is confirmed to match elsewhere; repo_check found/listed nothing at all for this paper. | KNOWN METACHECK LIMITATION (not yet fixed, github.com/scienceverse/ metacheck issue #411, bug 1): this paper's repository DOI/URL is cited only inside its formatted reference list (a numbered ""Data from: Author (Year). Title [Dataset]. https://doi.org/..."" entry), never as an inline hyperlink or bare in-text mention. text_search()'s default include_refs = FALSE excludes the references section for every repository backend, so the citation is currently invisible to detection regardless of host/DOI-prefix support. Confirmed live 2026-09-19: the DOI itself resolves correctly when queried directly.",NA,NA,NA,NA,NA,NA,"COOPER_RIGHT","Paper text: 'Code for thermal data analysis is available on Github and Zenodo: https://doi.org/10.5281/zenodo.3951689' (a second Zenodo code record, doi.org/10.5281/zenodo.3951688, covers a related tool). Both are standard-format Zenodo DOIs, but repo_check found/listed nothing at all for this paper.",NA,NA,"COOPER_RIGHT","Same total miss: repo_check found/listed nothing at all for this paper across the Dryad and both Zenodo repositories it cites.",TRUE
"10_1111_1365_2745_14079","10_1111_1365_2745_14079","No, but they are available on request",NA,NA,NA,NA,NA,NA,"Yes","Yes","Yes","R","No",TRUE,"Figshare","10.6084/m9.figshare.19122410.v1",TRUE,TRUE,".txt",FALSE,NA,TRUE,TRUE,"R",FALSE,FALSE,FALSE,"data_availability[cooper=No,mc=Yes]","UNCLEAR","repo_check found doi.org/10.6084/m9.figshare.19122410.v1 with 1 data-typed file (Data_REG.txt), 6 code files, and 10 documentation files. Cooper coded ""No, but they are available on request"", which is an unusual combination if the data were already sitting in a public Figshare record metacheck could reach -- but Data_REG.txt's actual content was not inspected in this pass, so this could be a real Cooper miss, a case where the file does not actually hold the paper's data, or a genuinely mixed/on-request situation the platform record does not fully reflect. Left UNCLEAR rather than guessed; needs a direct look at Data_REG.txt's content and the paper's data availability statement to resolve.",NA,NA,NA,NA,NA,NA,NA,NA,NA,NA,NA,NA,TRUE
"10_1111_1365_2435_13632","10_1111_1365_2435_13632","Yes","Other repo/database","Yes","Yes","Yes",".csv/.tsv;.doc(x)","Yes","Yes","No",NA,NA,NA,FALSE,NA,NA,NA,NA,NA,FALSE,NA,FALSE,NA,NA,FALSE,TRUE,FALSE,"data_availability[cooper=Yes,mc=No];any_readme[cooper=Yes,mc=No]","COOPER_RIGHT","UNSUPPORTED REPO | Paper text: ""The seabird positional data... are available from the Norwegian Polar Data Centre (NPDC, https://data.npolar.no), with https://doi.org/10.21334/npolar.2020.8a2f44d4."" NPDC is not a platform repo_check recognizes; repo_check has zero rows for this paper.",NA,NA,NA,NA,NA,NA,NA,NA,NA,NA,"COOPER_RIGHT","Same repo-detection miss as data_availability: NPDC was never fetched by repo_check, so mc_any_readme's FALSE reflects zero files examined, not evidence of no README.",TRUE
"10_1111_1365_2664_14750","10_1111_1365_2664_14750","Yes","Other repo/database","Yes","Yes","Yes, but not all data",".csv/.tsv;.xls(x)","Yes","Yes","Yes","Yes","R","Yes",TRUE,NA,NA,NA,NA,NA,FALSE,NA,TRUE,TRUE,"R",FALSE,TRUE,FALSE,"any_readme[cooper=Yes,mc=No]",NA,NA,NA,NA,NA,NA,NA,NA,NA,NA,NA,NA,"DIFFERENT_DEFINITION","Cooper's Yes for this paper's README may reflect this Zenodo record's `description` field -- checked live 2026-09-02 against a sample of 6 real Zenodo records from this miss set and found genuine variation (sometimes a study summary, sometimes contact metadata, sometimes file-by-file documentation, sometimes empty), i.e. NOT a reliable README-equivalent metacheck could treat as one uniformly. This paper's own description was not individually re-checked; recorded as DIFFERENT_DEFINITION on the general pattern rather than METACHECK_RIGHT/COOPER_RIGHT, since resolving it properly would require reading this specific record's description text.",TRUE
"10_1111_1365_2656_12654","10_1111_1365_2656_12654","Yes","Dryad","Yes","Yes","Yes",".csv/.tsv","Yes","Yes","No",NA,NA,NA,TRUE,"Dryad","doi:10.5061/dryad.gb794",TRUE,TRUE,".csv",FALSE,NA,FALSE,NA,NA,FALSE,TRUE,FALSE,"any_readme[cooper=Yes,mc=No]",NA,NA,NA,NA,NA,NA,NA,NA,NA,NA,NA,NA,"DIFFERENT_DEFINITION","Cooper's Yes for this paper's README likely reflects Dryad's dataset abstract (the ONLY free-text field Dryad's API exposes) -- confirmed on 9 real Dryad datasets from this same miss set that this field is consistently the paper's own scientific abstract (numbered background/methods/results prose), never file-level documentation. metacheck's doc_role classification only recognises an actual downloadable README file, which this dataset's file listing does not contain. Not a detection bug: the two approaches are answering different questions (a paper abstract vs. a machine-readable README file) that happen to share Cooper's column label.",TRUE
"10_1002_2688_8319_12305","10_1002_2688_8319_12305","Yes","Figshare","Yes","Yes","Yes",".csv/.tsv","Yes","Yes",NA,"Yes","R","No",TRUE,"Figshare","10.6084/m9.figshare.23904282.v1",TRUE,TRUE,".csv",FALSE,NA,TRUE,TRUE,"R",FALSE,TRUE,FALSE,"any_readme[cooper=Yes,mc=No]",NA,NA,NA,NA,NA,NA,NA,NA,NA,NA,NA,NA,"DIFFERENT_DEFINITION","Cooper's Yes for this paper's README may reflect this Figshare article's `description` field -- checked live 2026-09-02 against a sample of 10 real Figshare articles from this miss set and found genuine variation (roughly 2 of 10 had real file-by-file documentation, the rest were abstract/methods-style summaries indistinguishable from Dryad's pattern), i.e. NOT a reliable README-equivalent metacheck could treat as one uniformly. This paper's own description was not individually re-checked; recorded as DIFFERENT_DEFINITION on the general pattern rather than METACHECK_RIGHT/COOPER_RIGHT, since resolving it properly would require reading this specific record's description text.",TRUE
"10_1111_1365_2745_13694","10_1111_1365_2745_13694","Yes","Zenodo","Yes","Yes","Yes",".csv/.tsv;.shp","No","Yes","Yes","Yes","R","Yes",FALSE,NA,NA,NA,NA,NA,FALSE,NA,FALSE,NA,NA,FALSE,TRUE,FALSE,"data_availability[cooper=Yes,mc=No];code_archived[cooper=Yes,mc=No];any_readme[cooper=Yes,mc=No]","COOPER_RIGHT","SPLIT-DOI EXTRACTION ARTIFACT | Paper text: ""Data and r code for the analyses are available at the Zenodo Digital [Repository]... https://doi.org/10.5281/zenodo.3756781."" Both data and code are explicitly claimed in one Zenodo repository, but repo_check has zero rows for this paper -- entirely missed.",NA,NA,NA,NA,NA,NA,"COOPER_RIGHT","Same Zenodo repository (https://doi.org/10.5281/zenodo.3756781) explicitly claimed to hold the paper's r code as well as its data; repo_check has zero rows for this paper, so the code was never found either.",NA,NA,"COOPER_RIGHT","Same repo-detection miss: the Zenodo repository was never fetched by repo_check, so mc_any_readme's FALSE reflects zero files examined, not evidence of no README.",TRUE
"10_1111_1365_2435_13046","10_1111_1365_2435_13046","Yes","Dryad","Yes","No","Yes",".csv/.tsv","No","Yes","No",NA,NA,NA,TRUE,"Dryad","doi:10.5061/dryad.r5372",TRUE,TRUE,".xlsx",FALSE,NA,FALSE,NA,NA,FALSE,FALSE,FALSE,"data_license[cooper=No,mc=Yes]",NA,NA,NA,NA,"METACHECK_RIGHT","Dryad dataset doi:10.5061/dryad.r5372 carries a CC0-1.0 license, retrieved from Dryad's dataset API (https://spdx.org/licenses/CC0-1.0.html).",NA,NA,NA,NA,NA,NA,NA,NA,TRUE
"10_1111_1365_2745_13048","10_1111_1365_2745_13048","Yes","Dryad","Yes","No","Yes",".csv/.tsv","Yes","Yes","No",NA,NA,NA,TRUE,"Dryad","doi:10.5061/dryad.4tc6292",TRUE,TRUE,".csv",TRUE,NA,FALSE,NA,NA,TRUE,TRUE,TRUE,"data_license[cooper=No,mc=Yes]",NA,NA,NA,NA,"METACHECK_RIGHT","Dryad dataset doi:10.5061/dryad.4tc6292 carries a CC0-1.0 license, retrieved from Dryad's dataset API (https://spdx.org/licenses/CC0-1.0.html).",NA,NA,NA,NA,NA,NA,NA,NA,TRUE
"10_1111_2041_210x_13324","10_1111_2041_210x_13324","Yes","Dryad","Yes, but DOI not found/incorrect","Yes",NA,NA,"Unsure","Yes","Yes","Yes","R","Yes",TRUE,"GitHub, GitLab, Codeberg or similar platform;Zenodo","10.5281/zenodo.3516224",TRUE,NA,".geno",TRUE,NA,TRUE,TRUE,"Python;R",TRUE,TRUE,TRUE,"data_archive[cooper=Dryad,mc=GitHub, GitLab, Codeberg or similar platform;Zenodo]",NA,NA,"UNCLEAR","The paper's own extracted availability text describes the 'glads' R simulation package (GitHub + Zenodo) with no mention of Dryad at all. Cannot confirm the source of Cooper's 'Dryad' coding from available evidence -- likely refers to a different part of the paper's text not captured in the availability-section extraction.",NA,NA,NA,NA,NA,NA,NA,NA,NA,NA,TRUE
"10_1111_2041_210x_13541","10_1111_2041_210x_13541",NA,NA,NA,NA,NA,NA,NA,"Yes","Yes","Yes","R","Yes",TRUE,NA,NA,NA,NA,NA,FALSE,NA,FALSE,NA,NA,FALSE,TRUE,FALSE,"code_archived[cooper=Yes,mc=No];any_readme[cooper=Yes,mc=No]",NA,NA,NA,NA,NA,NA,NA,NA,"COOPER_RIGHT","Paper's own text explicitly claims code availability at the cited repository: ""/stash/ datas et/doi:10.5061/dryad.0hv88. R code for P2C2M. GMYC is available at https://github.com/P2C2M. Results files for all analyses are available at https://carst enslab.osu.edu/softw are.html. See also Fonseca et al. (2020) at https://zenodo.org/badge/ lates tdoi/29775 1699 (https://doi.org/1"" -- but neither repo_check nor code_check found any file classified as code there. Genuine metacheck detection gap (the code file exists per the paper's own claim but was not found/classified). COOPER_RIGHT.",NA,NA,"DIFFERENT_DEFINITION","Cooper's Yes for this paper's README likely reflects Dryad's dataset abstract (the ONLY free-text field Dryad's API exposes) -- confirmed on 9 real Dryad datasets from this same miss set that this field is consistently the paper's own scientific abstract (numbered background/methods/results prose), never file-level documentation. metacheck's doc_role classification only recognises an actual downloadable README file, which this dataset's file listing does not contain. Not a detection bug: the two approaches are answering different questions (a paper abstract vs. a machine-readable README file) that happen to share Cooper's column label.",TRUE
"10_1002_pan3_10154","10_1002_pan3_10154","Yes",NA,NA,NA,NA,NA,NA,"No",NA,NA,NA,NA,FALSE,NA,NA,NA,NA,NA,FALSE,NA,FALSE,NA,NA,FALSE,NA,FALSE,"data_availability[cooper=Yes,mc=No]","UNCLEAR","Despite an exhaustive search of the extracted paper text (all sentences containing ""data"", ""available"", ""repository"", URLs/DOIs, ethics/confidentiality language, and the reference list) no data availability statement, repository URL, or even an ""available upon request"" clause was found anywhere -- only unrelated hits (a table caption, ethics-approval boilerplate). repo_check also found nothing. Cooper's data_archive/doi/license/etc. are all NA alongside data_availability=Yes, the same pattern seen in 10_1002_pan3_10674 and 10_1002_pan3_10711 (both ""available on request""/embargo cases resolved as DIFFERENT_DEFINITION) and 10_1002_pan3_10711 -- but for THIS paper no textual basis for Cooper's Yes could be located at all, so the honest call is that the evidence does not clearly support any specific verdict, possibly due to a text-extraction gap (e.g. a boxed/sidebar Data Availability Statement not captured in bes.rds's text field).",NA,NA,NA,NA,NA,NA,NA,NA,NA,NA,NA,NA,TRUE
"10_1111_1365_2435_13510","10_1111_1365_2435_13510","Yes","Other repo/database","Yes","Yes","Yes",".csv/.tsv;.txt","Yes","Yes","Yes","Yes","Python","Yes",TRUE,"Zenodo","10.5281/zenodo.3564527",TRUE,TRUE,".csv;.xlsx",TRUE,NA,TRUE,TRUE,"Python",TRUE,TRUE,TRUE,"data_archive[cooper=Other repo/database,mc=Zenodo]",NA,NA,"COOPER_RIGHT","The paper's own text is explicit: 'Data collected for this study are archived online with the Environmental Data Initiative...Model code is available on Zenodo.' Zenodo holds only the model code (CORPSE.py, rhiz-sim.py), not the paper's actual collected data, which is on EDI (undetected platform). Code-vs-data conflation pattern.",NA,NA,NA,NA,NA,NA,NA,NA,NA,NA,TRUE
"10_1111_1365_2656_13669","10_1111_1365_2656_13669","Yes","Dryad","Yes","No","Yes",".csv/.tsv","Yes","Yes","No",NA,NA,NA,FALSE,NA,NA,NA,NA,NA,FALSE,NA,FALSE,NA,NA,FALSE,TRUE,FALSE,"data_availability[cooper=Yes,mc=No];any_readme[cooper=Yes,mc=No]","COOPER_RIGHT","SPLIT-DOI EXTRACTION ARTIFACT | Paper's own availability statement: ""Data available from the Dryad Digital Repository 10.5061/dryad.dz08kprzw (Suh et al., 2022)."" Cites a real Dryad repository (10.5061/dryad.dz08kprzw). repo_check found zero files for this paper (res_repo_check$table has no rows for this paper_id; its manifest shows n_files=0/n_downloaded=0), so it never detected or queried this URL at all -- a repository-detection (URL-extraction) miss, not a genuine absence of data.",NA,NA,NA,NA,NA,NA,NA,NA,NA,NA,"COOPER_RIGHT","repo_check found zero files for this paper (res_repo_check$table has no rows for this paper_id), so it had no basis to detect a README even if one exists in the actual (un-located) repository.",TRUE
"10_1002_pan3_10265","10_1002_pan3_10265","Yes","Other repo/database","Yes","Yes",NA,".xls(x)","No","No",NA,NA,NA,NA,FALSE,NA,NA,NA,NA,NA,FALSE,NA,FALSE,NA,NA,FALSE,FALSE,FALSE,"data_availability[cooper=Yes,mc=No]","COOPER_RIGHT","UNSUPPORTED REPO | Paper's own availability statement: ""Original data are archived at Oxford Research Archive: https://doi.org/10.5287/bodleian:KOykbrbvb (Gosler, 2022)."" Cites a real Other repo/database (Oxford Research Archive) repository (https://doi.org/10.5287/bodleian:KOykbrbvb). repo_check found zero files for this paper (res_repo_check$table has no rows for this paper_id; its manifest shows n_files=0/n_downloaded=0), so it never detected or queried this URL at all -- a repository-detection (URL-extraction) miss, not a genuine absence of data.",NA,NA,NA,NA,NA,NA,NA,NA,NA,NA,NA,NA,TRUE
"10_1111_1365_2656_12902","10_1111_1365_2656_12902","Yes","Dryad","Yes","Yes","Yes",".xls(x)","Yes","Yes","No",NA,NA,NA,TRUE,"Dryad","doi:10.5061/dryad.3m1g61k",TRUE,TRUE,".xlsx",FALSE,NA,FALSE,NA,NA,FALSE,TRUE,FALSE,"any_readme[cooper=Yes,mc=No]",NA,NA,NA,NA,NA,NA,NA,NA,NA,NA,NA,NA,"DIFFERENT_DEFINITION","Cooper's Yes for this paper's README likely reflects Dryad's dataset abstract (the ONLY free-text field Dryad's API exposes) -- confirmed on 9 real Dryad datasets from this same miss set that this field is consistently the paper's own scientific abstract (numbered background/methods/results prose), never file-level documentation. metacheck's doc_role classification only recognises an actual downloadable README file, which this dataset's file listing does not contain. Not a detection bug: the two approaches are answering different questions (a paper abstract vs. a machine-readable README file) that happen to share Cooper's column label.",TRUE
"10_1111_1365_2664_14079","10_1111_1365_2664_14079","Yes","Figshare","Yes","Yes","Yes",".csv/.tsv;.tif;.tre","No","Yes","Yes",NA,NA,NA,TRUE,NA,NA,NA,NA,NA,FALSE,NA,FALSE,NA,NA,FALSE,FALSE,FALSE,"code_archived[cooper=Yes,mc=No]",NA,NA,NA,NA,NA,NA,NA,NA,"COOPER_RIGHT","Paper's own text explicitly claims code availability at the cited repository: ""The R scripts behind the tool are available at https://github.com/tobiasfremout/D4R, data to test the scripts are available via Figshare (https://doi.org/10.6084/m9.figshare.16764628) (Fremout, Thomas, Taedoumg, et al., 2021)."" -- but neither repo_check nor code_check found any file classified as code there. Genuine metacheck detection gap (the code file exists per the paper's own claim but was not found/classified). COOPER_RIGHT.",NA,NA,NA,NA,TRUE
"10_1111_1365_2656_13896","10_1111_1365_2656_13896","Yes","Dryad","Yes","Yes","Yes",".csv/.tsv","Yes","Yes","Yes",NA,"R","No",TRUE,"Dryad","doi:10.5061/dryad.jsxksn0fc",TRUE,TRUE,".csv",TRUE,NA,FALSE,NA,NA,TRUE,TRUE,TRUE,"code_archived[cooper=Yes,mc=No]",NA,NA,NA,NA,NA,NA,NA,NA,"COOPER_RIGHT","Automated keyword search of the paper's full text found no sentence combining a repository/availability cue with a code-specific term (code, script, R code, MATLAB, Python, source code) -- consistent with the paper only claiming DATA availability, not code, at the cited repository, and with repo_check/code_check finding no code file there either. Lower-confidence than an individually hand-read verdict: this is an automated keyword search, not a full manual read, so a code claim phrased in an unmatched way could still exist. COOPER_RIGHT.",NA,NA,NA,NA,TRUE
"10_1111_2041_210x_12784","10_1111_2041_210x_12784","Yes","GitHub, GitLab, Codeberg or similar platform","Yes","No","Yes",".Rdata","No","Yes","Yes","Yes","R","Yes",TRUE,NA,NA,NA,NA,NA,TRUE,NA,FALSE,NA,NA,TRUE,TRUE,TRUE,"code_archived[cooper=Yes,mc=No]",NA,NA,NA,NA,NA,NA,NA,NA,"COOPER_RIGHT","frair, a GitHub-hosted R package (also referenced in Appendix A.2's own code_read() crash example). R-package-source-tree-exclusion pattern; no real source files found.",NA,NA,NA,NA,TRUE
"10_1111_1365_2656_14216","10_1111_1365_2656_14216","Yes","Other repo/database","Yes","Yes","Yes",".csv/.tsv;.xls(x)","Yes","Yes","Yes","Yes","R","No",FALSE,NA,NA,NA,NA,NA,FALSE,NA,FALSE,NA,NA,FALSE,TRUE,FALSE,"data_availability[cooper=Yes,mc=No];code_archived[cooper=Yes,mc=No];any_readme[cooper=Yes,mc=No]","COOPER_RIGHT","Paper text: 'Data available from the University of Groningen dataverse https://doi.org/10.34894/GIAR3J.' Dataverse is not among the repo_check-recognized platforms (Dryad/Zenodo/Figshare/OSF/GitHub); repo_check found/listed nothing at all for this paper.",NA,NA,NA,NA,NA,NA,"COOPER_RIGHT","No separate code-hosting platform appears in the matched text; the same Groningen DataverseNL deposit is the only repository named, and it is not repo_check-recognized, so repo_check could not have checked it for code either way.",NA,NA,"COOPER_RIGHT","Same root cause: University of Groningen DataverseNL is not a repo_check-recognized platform.",TRUE
"10_1111_1365_2435_13315","10_1111_1365_2435_13315","Yes","Dryad","Yes","Yes","Yes",".csv/.tsv;.doc(x)","Yes","Yes","No",NA,NA,NA,TRUE,NA,NA,NA,NA,NA,FALSE,NA,FALSE,NA,NA,FALSE,TRUE,FALSE,"any_readme[cooper=Yes,mc=No]",NA,NA,NA,NA,NA,NA,NA,NA,NA,NA,NA,NA,"DIFFERENT_DEFINITION","Archive-only: repo_check's file listing for this paper is a single compressed archive (.zip/.rar/...) with no separate top-level file. repo_check's own peek_zips=TRUE default DOES try to read a zip's file listing remotely without downloading it, so a README bundled inside is not automatically invisible -- but that peek attempt evidently failed for this specific archive. Confirmed structural cause for Dryad-hosted zips: the peek's HTTP Range request is unauthenticated and Dryad's file-download endpoint returns 401 Unauthorized without an OAuth token, so the peek can never succeed there. For Zenodo/other platforms the failure cause is not yet fully pinned down (see the issue's discussion). Filed as https://github.com/scienceverse/metacheck/issues/378. DIFFERENT_DEFINITION rather than a verdict: resolving this needs a code fix (authenticated peek requests, at minimum for Dryad), not a judgement call on this specific paper.",TRUE
"10_1111_1365_2664_14649","10_1111_1365_2664_14649","Yes","Zenodo","Yes","Yes","Yes",".csv/.tsv","Yes","Yes","No",NA,NA,NA,TRUE,"Zenodo","10.5281/zenodo.10848426",TRUE,TRUE,".csv",FALSE,NA,FALSE,NA,NA,FALSE,TRUE,FALSE,"any_readme[cooper=Yes,mc=No]",NA,NA,NA,NA,NA,NA,NA,NA,NA,NA,NA,NA,"DIFFERENT_DEFINITION","Cooper's Yes for this paper's README may reflect this Zenodo record's `description` field -- checked live 2026-09-02 against a sample of 6 real Zenodo records from this miss set and found genuine variation (sometimes a study summary, sometimes contact metadata, sometimes file-by-file documentation, sometimes empty), i.e. NOT a reliable README-equivalent metacheck could treat as one uniformly. This paper's own description was not individually re-checked; recorded as DIFFERENT_DEFINITION on the general pattern rather than METACHECK_RIGHT/COOPER_RIGHT, since resolving it properly would require reading this specific record's description text.",TRUE
"10_1111_1365_2745_13359","10_1111_1365_2745_13359","Yes","Dryad","Yes","Yes","Yes",".csv/.tsv","Yes","Yes","No",NA,NA,NA,TRUE,"Dryad","doi:10.5061/dryad.2v6wwpzhm",TRUE,TRUE,".csv",FALSE,NA,FALSE,NA,NA,FALSE,TRUE,FALSE,"any_readme[cooper=Yes,mc=No]",NA,NA,NA,NA,NA,NA,NA,NA,NA,NA,NA,NA,"DIFFERENT_DEFINITION","Cooper's Yes for this paper's README likely reflects Dryad's dataset abstract (the ONLY free-text field Dryad's API exposes) -- confirmed on 9 real Dryad datasets from this same miss set that this field is consistently the paper's own scientific abstract (numbered background/methods/results prose), never file-level documentation. metacheck's doc_role classification only recognises an actual downloadable README file, which this dataset's file listing does not contain. Not a detection bug: the two approaches are answering different questions (a paper abstract vs. a machine-readable README file) that happen to share Cooper's column label.",TRUE
"10_1111_1365_2745_14047","10_1111_1365_2745_14047","Yes","Other repo/database","Yes","Yes","Yes",".csv/.tsv","Unsure","Yes","No",NA,NA,NA,FALSE,NA,NA,NA,NA,NA,FALSE,NA,FALSE,NA,NA,FALSE,NA,FALSE,"data_availability[cooper=Yes,mc=No]","COOPER_RIGHT","UNSUPPORTED REPO (Environmental Data Initiative) | Paper text: ""All data and (permanent links to) imagery are available from the Environmental Data Initiative (EDI) Data Portal: https://doi.org/10.6073/pasta/7f004957c6cc224d84e61bf1f4bb76a4 (Davis, 2022)."" EDI is not a platform repo_check recognizes; repo_check has zero rows for this paper.",NA,NA,NA,NA,NA,NA,NA,NA,NA,NA,NA,NA,TRUE
"10_1111_1365_2664_13982","10_1111_1365_2664_13982","Yes","Dryad;Zenodo","Yes","Yes","Yes",".dat","Yes","Yes","Yes","Yes","R","No",TRUE,"Dryad","doi:10.5061/dryad.wwpzgmsk4",TRUE,FALSE,NA,TRUE,NA,FALSE,NA,NA,TRUE,TRUE,TRUE,"data_download[cooper=Yes,mc=No];code_archived[cooper=Yes,mc=No]",NA,NA,NA,NA,NA,NA,"METACHECK_RIGHT","Opened the downloaded .dat files directly (e.g. Data_bottlenose_S0.dat): each is a ""#label"" line followed by a space-separated numeric vector of VARYING length across labels (142 values under ""#Catch"" vs. 4 under ""#Year"" vs. a single scalar under ""#n.year""). This is a serialized model-input dump, not a rectangular table -- there is no valid row/column reading of the file. tabular_usable = FALSE is objectively correct, not a metacheck detection gap -- METACHECK_RIGHT.","COOPER_RIGHT","Automated keyword search of the paper's full text found no sentence combining a repository/availability cue with a code-specific term (code, script, R code, MATLAB, Python, source code) -- consistent with the paper only claiming DATA availability, not code, at the cited repository, and with repo_check/code_check finding no code file there either. Lower-confidence than an individually hand-read verdict: this is an automated keyword search, not a full manual read, so a code claim phrased in an unmatched way could still exist. COOPER_RIGHT.",NA,NA,NA,NA,TRUE
"10_1111_1365_2656_12978","10_1111_1365_2656_12978","Yes","Dryad","Yes","Yes","Yes",".txt","Yes","Unsure",NA,NA,NA,NA,TRUE,NA,NA,NA,NA,NA,FALSE,NA,FALSE,NA,NA,FALSE,TRUE,FALSE,"any_readme[cooper=Yes,mc=No]",NA,NA,NA,NA,NA,NA,NA,NA,NA,NA,NA,NA,"DIFFERENT_DEFINITION","Archive-only: repo_check's file listing for this paper is a single compressed archive (.zip/.rar/...) with no separate top-level file. repo_check's own peek_zips=TRUE default DOES try to read a zip's file listing remotely without downloading it, so a README bundled inside is not automatically invisible -- but that peek attempt evidently failed for this specific archive. Confirmed structural cause for Dryad-hosted zips: the peek's HTTP Range request is unauthenticated and Dryad's file-download endpoint returns 401 Unauthorized without an OAuth token, so the peek can never succeed there. For Zenodo/other platforms the failure cause is not yet fully pinned down (see the issue's discussion). Filed as https://github.com/scienceverse/metacheck/issues/378. DIFFERENT_DEFINITION rather than a verdict: resolving this needs a code fix (authenticated peek requests, at minimum for Dryad), not a judgement call on this specific paper.",TRUE
"10_1111_1365_2664_13283","10_1111_1365_2664_13283","Yes","Dryad","Yes","Yes","Yes",".xls(x)","Yes","Yes","No",NA,NA,NA,TRUE,"Dryad","doi:10.5061/dryad.3rh2043",TRUE,TRUE,".xls",FALSE,NA,FALSE,NA,NA,FALSE,TRUE,FALSE,"any_readme[cooper=Yes,mc=No]",NA,NA,NA,NA,NA,NA,NA,NA,NA,NA,NA,NA,"DIFFERENT_DEFINITION","Cooper's Yes for this paper's README likely reflects Dryad's dataset abstract (the ONLY free-text field Dryad's API exposes) -- confirmed on 9 real Dryad datasets from this same miss set that this field is consistently the paper's own scientific abstract (numbered background/methods/results prose), never file-level documentation. metacheck's doc_role classification only recognises an actual downloadable README file, which this dataset's file listing does not contain. Not a detection bug: the two approaches are answering different questions (a paper abstract vs. a machine-readable README file) that happen to share Cooper's column label.",TRUE
"10_1002_pan3_10216","10_1002_pan3_10216","Yes","Dryad","Yes","Yes","Yes",".csv/.tsv;.txt;.nex;.tre","Yes","Yes","Yes",NA,"R","No",TRUE,"Dryad","doi:10.5061/dryad.69p8cz91x",TRUE,TRUE,".csv;.nex",TRUE,NA,FALSE,NA,NA,TRUE,TRUE,TRUE,"code_archived[cooper=Yes,mc=No]",NA,NA,NA,NA,NA,NA,NA,NA,"COOPER_RIGHT","Automated keyword search of the paper's full text found no sentence combining a repository/availability cue with a code-specific term (code, script, R code, MATLAB, Python, source code) -- consistent with the paper only claiming DATA availability, not code, at the cited repository, and with repo_check/code_check finding no code file there either. Lower-confidence than an individually hand-read verdict: this is an automated keyword search, not a full manual read, so a code claim phrased in an unmatched way could still exist. COOPER_RIGHT.",NA,NA,NA,NA,TRUE
"10_1111_1365_2656_13407","10_1111_1365_2656_13407","Yes","Other repo/database","Yes","Yes","Yes",".csv/.tsv","Yes","Yes","Yes",NA,"R","No",FALSE,NA,NA,NA,NA,NA,FALSE,NA,FALSE,NA,NA,FALSE,TRUE,FALSE,"data_availability[cooper=Yes,mc=No];code_archived[cooper=Yes,mc=No];any_readme[cooper=Yes,mc=No]","COOPER_RIGHT","UNSUPPORTED REPO | Paper states ""Data used in this manuscript have been archived online at the [named repository, GLBRC's Long-Term Ecological Research data catalog]""; repo_check's summary_table shows repo_n=0 -- this text is truncated in extraction but clearly names an online archive, which was never detected.",NA,NA,NA,NA,NA,NA,"UNCLEAR","Only a data-archiving statement was found; no explicit statement that code was archived anywhere was captured in the extracted text. Insufficient evidence to confirm Cooper's Yes for a distinct code archive.",NA,NA,"COOPER_RIGHT","The paper's archived-data repository was never detected by repo_check (repo_n=0), so metacheck never checked it for a readme.",TRUE
"10_1111_1365_2656_12840","10_1111_1365_2656_12840","Yes","Dryad","Yes","Yes","Yes",".xls(x)","Yes","Yes","No",NA,NA,NA,TRUE,"Dryad","doi:10.5061/dryad.b63r7v0",TRUE,TRUE,".xlsx",FALSE,NA,FALSE,NA,NA,FALSE,TRUE,FALSE,"any_readme[cooper=Yes,mc=No]",NA,NA,NA,NA,NA,NA,NA,NA,NA,NA,NA,NA,"DIFFERENT_DEFINITION","Cooper's Yes for this paper's README likely reflects Dryad's dataset abstract (the ONLY free-text field Dryad's API exposes) -- confirmed on 9 real Dryad datasets from this same miss set that this field is consistently the paper's own scientific abstract (numbered background/methods/results prose), never file-level documentation. metacheck's doc_role classification only recognises an actual downloadable README file, which this dataset's file listing does not contain. Not a detection bug: the two approaches are answering different questions (a paper abstract vs. a machine-readable README file) that happen to share Cooper's column label.",TRUE
"10_1111_1365_2656_12727","10_1111_1365_2656_12727","Yes","Dryad","Yes","Yes","Yes",".xls(x)","Yes","Yes","No",NA,NA,NA,TRUE,"Dryad","doi:10.5061/dryad.9k6g8",TRUE,TRUE,".xlsx",FALSE,NA,FALSE,NA,NA,FALSE,TRUE,FALSE,"any_readme[cooper=Yes,mc=No]",NA,NA,NA,NA,NA,NA,NA,NA,NA,NA,NA,NA,"DIFFERENT_DEFINITION","Cooper's Yes for this paper's README likely reflects Dryad's dataset abstract (the ONLY free-text field Dryad's API exposes) -- confirmed on 9 real Dryad datasets from this same miss set that this field is consistently the paper's own scientific abstract (numbered background/methods/results prose), never file-level documentation. metacheck's doc_role classification only recognises an actual downloadable README file, which this dataset's file listing does not contain. Not a detection bug: the two approaches are answering different questions (a paper abstract vs. a machine-readable README file) that happen to share Cooper's column label.",TRUE
"10_1111_2041_210x_13568","10_1111_2041_210x_13568","Yes","Dryad","Yes","Yes","Yes",".csv/.tsv;.txt","Yes","Yes","Yes","Yes","R","No",TRUE,"Dryad","doi:10.5061/dryad.612jm642j",TRUE,TRUE,".csv",FALSE,NA,TRUE,TRUE,"R",FALSE,TRUE,FALSE,"any_readme[cooper=Yes,mc=No]",NA,NA,NA,NA,NA,NA,NA,NA,NA,NA,NA,NA,"DIFFERENT_DEFINITION","Cooper's Yes for this paper's README likely reflects Dryad's dataset abstract (the ONLY free-text field Dryad's API exposes) -- confirmed on 9 real Dryad datasets from this same miss set that this field is consistently the paper's own scientific abstract (numbered background/methods/results prose), never file-level documentation. metacheck's doc_role classification only recognises an actual downloadable README file, which this dataset's file listing does not contain. Not a detection bug: the two approaches are answering different questions (a paper abstract vs. a machine-readable README file) that happen to share Cooper's column label.",TRUE
"10_1111_1365_2745_13460","10_1111_1365_2745_13460","Yes","Dryad","Yes","Yes","Yes",".xls(x)","Yes","Yes","No",NA,NA,NA,TRUE,"Dryad","doi:10.5061/dryad.nvx0k6dpn",TRUE,TRUE,".xlsx",FALSE,NA,FALSE,NA,NA,FALSE,TRUE,FALSE,"any_readme[cooper=Yes,mc=No]",NA,NA,NA,NA,NA,NA,NA,NA,NA,NA,NA,NA,"DIFFERENT_DEFINITION","Cooper's Yes for this paper's README likely reflects Dryad's dataset abstract (the ONLY free-text field Dryad's API exposes) -- confirmed on 9 real Dryad datasets from this same miss set that this field is consistently the paper's own scientific abstract (numbered background/methods/results prose), never file-level documentation. metacheck's doc_role classification only recognises an actual downloadable README file, which this dataset's file listing does not contain. Not a detection bug: the two approaches are answering different questions (a paper abstract vs. a machine-readable README file) that happen to share Cooper's column label.",TRUE
"10_1111_1365_2745_13708","10_1111_1365_2745_13708","Yes","Other repo/database","Yes","Yes","Yes",".csv/.tsv;.txt;.xml","Unsure","Yes","Yes","Yes","R","No",FALSE,NA,NA,NA,NA,NA,FALSE,NA,FALSE,NA,NA,FALSE,FALSE,FALSE,"data_availability[cooper=Yes,mc=No];code_archived[cooper=Yes,mc=No]","COOPER_RIGHT","UNSUPPORTED REPO | Paper states ""The data and R code for this study are available online at Knowledge Network for Biocomplexity: https://doi.org/10.5063/PG1Q4B""; repo_check's summary_table shows repo_n=0 -- this repository was never detected.",NA,NA,NA,NA,NA,NA,"COOPER_RIGHT","Same repository (10.5063/PG1Q4B) is explicitly described as holding ""the data and R code""; repo_check never detected it (repo_n=0), so code_check never had files to classify.",NA,NA,NA,NA,TRUE
"10_1111_1365_2656_12832","10_1111_1365_2656_12832","Yes","Dryad","Yes","Yes","Yes",".txt","Yes","Yes","Yes","Yes","R","No",TRUE,NA,NA,NA,NA,NA,TRUE,NA,FALSE,NA,NA,TRUE,TRUE,TRUE,"code_archived[cooper=Yes,mc=No]",NA,NA,NA,NA,NA,NA,NA,NA,"COOPER_RIGHT","Paper's own text explicitly claims code availability at the cited repository: ""Data files and R script available from the Dryad Digital Repository: https://doi.org/10.5061/dryad.h7m5f83  (Linton and Macdonald 2018)."" -- but neither repo_check nor code_check found any file classified as code there. Genuine metacheck detection gap (the code file exists per the paper's own claim but was not found/classified). COOPER_RIGHT.",NA,NA,NA,NA,TRUE
"10_1111_1365_2656_13697","10_1111_1365_2656_13697","Yes","Dryad","Yes","Yes","Yes",".csv/.tsv;.txt;.tre","Yes","Yes","Yes","Yes","R","Yes",TRUE,"Dryad","doi:10.5061/dryad.n02v6wx09",TRUE,TRUE,".csv",TRUE,NA,FALSE,NA,NA,TRUE,TRUE,TRUE,"code_archived[cooper=Yes,mc=No]",NA,NA,NA,NA,NA,NA,NA,NA,"COOPER_RIGHT","Paper's own text explicitly claims code availability at the cited repository: ""Data, code and lists of screened studies are available from the Dryad Digital Repository https://doi.org/10.5061/dryad.n02v6wx09  (Franklin,"" -- but neither repo_check nor code_check found any file classified as code there. Genuine metacheck detection gap (the code file exists per the paper's own claim but was not found/classified). COOPER_RIGHT.",NA,NA,NA,NA,TRUE
"10_1002_pan3_10294","10_1002_pan3_10294","Yes","Other repo/database","Yes","Yes","Yes",".csv/.tsv","Quasi-README","Yes","No",NA,NA,NA,FALSE,NA,NA,NA,NA,NA,FALSE,NA,FALSE,NA,NA,FALSE,TRUE,FALSE,"data_availability[cooper=Yes,mc=No];any_readme[cooper=Yes,mc=No]","COOPER_RIGHT","UNSUPPORTED REPO | Paper text: ""The data presented in this paper are available via the Manaaki Whenua-Landcare Research online DataStore (MacLeod, Brandt, Collins, Moller, et al., 2021)"" (a New Zealand institutional data repository). This provider is not among metacheck's supported repo_check providers, so repo_check never attempted it at all, leaving repo_check$table empty and producing mc_data_availability=FALSE.",NA,NA,NA,NA,NA,NA,NA,NA,NA,NA,"COOPER_RIGHT","Same unsupported-provider gap: the Manaaki Whenua-Landcare Research DataStore is not repo_check-supported, so no file listing or doc_role signal was ever generated for this paper.",TRUE
"10_1111_2041_210x_12874","10_1111_2041_210x_12874",NA,NA,NA,NA,NA,NA,NA,"Yes","Yes","Yes","C/C++","Yes",FALSE,NA,NA,NA,NA,NA,FALSE,NA,FALSE,NA,NA,FALSE,TRUE,FALSE,"code_archived[cooper=Yes,mc=No];any_readme[cooper=Yes,mc=No]",NA,NA,NA,NA,NA,NA,NA,NA,"COOPER_RIGHT","UNSUPPORTED REPO | Paper states ""The data used to evaluate the program are freely available in the Sourceforge repository (https://toxtrac.sourceforge.io)"" -- ToxTrac's own source code is hosted on SourceForge, a code-hosting platform repo_check does not appear to check (repo_n=0). This repository was never detected.",NA,NA,"COOPER_RIGHT","The SourceForge-hosted ToxTrac project was never detected by repo_check (repo_n=0), so metacheck never checked it for a readme/documentation page.",TRUE
"10_1111_1365_2435_13684","10_1111_1365_2435_13684","Yes","Dryad","Yes","Yes","Yes",".xls(x)","Yes","Yes","No",NA,NA,NA,TRUE,"Dryad","doi:10.5061/dryad.95x69p8hq",TRUE,TRUE,".xlsx",FALSE,NA,FALSE,NA,NA,FALSE,TRUE,FALSE,"any_readme[cooper=Yes,mc=No]",NA,NA,NA,NA,NA,NA,NA,NA,NA,NA,NA,NA,"DIFFERENT_DEFINITION","Cooper's Yes for this paper's README likely reflects Dryad's dataset abstract (the ONLY free-text field Dryad's API exposes) -- confirmed on 9 real Dryad datasets from this same miss set that this field is consistently the paper's own scientific abstract (numbered background/methods/results prose), never file-level documentation. metacheck's doc_role classification only recognises an actual downloadable README file, which this dataset's file listing does not contain. Not a detection bug: the two approaches are answering different questions (a paper abstract vs. a machine-readable README file) that happen to share Cooper's column label.",TRUE
"10_1111_1365_2656_12678","10_1111_1365_2656_12678","Yes","Dryad","Yes","Yes","Yes",".csv/.tsv","Yes","Yes","No",NA,NA,NA,TRUE,"Dryad","doi:10.5061/dryad.td8nb",TRUE,TRUE,".csv",FALSE,NA,FALSE,NA,NA,FALSE,TRUE,FALSE,"any_readme[cooper=Yes,mc=No]",NA,NA,NA,NA,NA,NA,NA,NA,NA,NA,NA,NA,"DIFFERENT_DEFINITION","Cooper's Yes for this paper's README likely reflects Dryad's dataset abstract (the ONLY free-text field Dryad's API exposes) -- confirmed on 9 real Dryad datasets from this same miss set that this field is consistently the paper's own scientific abstract (numbered background/methods/results prose), never file-level documentation. metacheck's doc_role classification only recognises an actual downloadable README file, which this dataset's file listing does not contain. Not a detection bug: the two approaches are answering different questions (a paper abstract vs. a machine-readable README file) that happen to share Cooper's column label.",TRUE
"10_1002_2688_8319_12078","10_1002_2688_8319_12078","Yes","Dryad","Yes","Yes","Yes",".xls(x)","Yes","Yes","No",NA,NA,NA,TRUE,"Dryad","doi:10.5061/dryad.sxksn031p",TRUE,TRUE,".xlsx",FALSE,NA,FALSE,NA,NA,FALSE,TRUE,FALSE,"any_readme[cooper=Yes,mc=No]",NA,NA,NA,NA,NA,NA,NA,NA,NA,NA,NA,NA,"DIFFERENT_DEFINITION","Cooper's Yes for this paper's README likely reflects Dryad's dataset abstract (the ONLY free-text field Dryad's API exposes) -- confirmed on 9 real Dryad datasets from this same miss set that this field is consistently the paper's own scientific abstract (numbered background/methods/results prose), never file-level documentation. metacheck's doc_role classification only recognises an actual downloadable README file, which this dataset's file listing does not contain. Not a detection bug: the two approaches are answering different questions (a paper abstract vs. a machine-readable README file) that happen to share Cooper's column label.",TRUE
"10_1111_1365_2745_13786","10_1111_1365_2745_13786","Yes","Zenodo","Yes","Yes","Yes",".txt","Yes","Yes","No",NA,NA,NA,TRUE,"Zenodo","10.5281/zenodo.4322925",TRUE,TRUE,".txt",FALSE,NA,FALSE,NA,NA,FALSE,TRUE,FALSE,"any_readme[cooper=Yes,mc=No]",NA,NA,NA,NA,NA,NA,NA,NA,NA,NA,NA,NA,"DIFFERENT_DEFINITION","Cooper's Yes for this paper's README may reflect this Zenodo record's `description` field -- checked live 2026-09-02 against a sample of 6 real Zenodo records from this miss set and found genuine variation (sometimes a study summary, sometimes contact metadata, sometimes file-by-file documentation, sometimes empty), i.e. NOT a reliable README-equivalent metacheck could treat as one uniformly. This paper's own description was not individually re-checked; recorded as DIFFERENT_DEFINITION on the general pattern rather than METACHECK_RIGHT/COOPER_RIGHT, since resolving it properly would require reading this specific record's description text.",TRUE
"10_1111_1365_2664_14847","10_1111_1365_2664_14847","Yes","Other repo/database","Yes","Yes","Yes",".tab","Yes","Yes","No",NA,NA,NA,FALSE,NA,NA,NA,NA,NA,FALSE,NA,FALSE,NA,NA,FALSE,TRUE,FALSE,"data_availability[cooper=Yes,mc=No];any_readme[cooper=Yes,mc=No]","COOPER_RIGHT","UNSUPPORTED REPO (PANGAEA) | Paper text: ""The data are available in the bundled PANGAEA publication, https://doi.org/10.1594/PANGAEA.973173, referenced as Tanner et al. (2024c)"". PANGAEA is not among metacheck's supported repo_check providers, so repo_check never attempted this URL at all, leaving repo_check$table empty and producing mc_data_availability=FALSE.",NA,NA,NA,NA,NA,NA,NA,NA,NA,NA,"COOPER_RIGHT","Same unsupported-provider gap: PANGAEA is not repo_check-supported, so no file listing or doc_role signal was ever generated for this paper.",TRUE
"10_1111_1365_2745_13503","10_1111_1365_2745_13503","Yes","Other repo/database","Yes","Yes","Yes",".csv/.tsv;.txt;.xml","Yes","Yes","Yes","Yes","R","No",FALSE,NA,NA,NA,NA,NA,FALSE,NA,FALSE,NA,NA,FALSE,TRUE,FALSE,"data_availability[cooper=Yes,mc=No];code_archived[cooper=Yes,mc=No];any_readme[cooper=Yes,mc=No]","COOPER_RIGHT","UNSUPPORTED REPO (Environmental Data Initiative) | Paper states ""Data and analysis code reproducing the results of this paper have been archived in an Environmental Data Initiative (EDI) repository and are available at https://doi.org/10.6073/pasta/b34798fd71e24efd3fda995ec4263701""; repo_check's summary_table shows repo_n=0 -- this EDI/PASTA repository was never detected.",NA,NA,NA,NA,NA,NA,"COOPER_RIGHT","Same EDI repository is explicitly described as holding both ""data and analysis code""; repo_check never detected it (repo_n=0), so code_check never had files to classify.",NA,NA,"COOPER_RIGHT","Same repository was never detected by repo_check (repo_n=0), so metacheck never checked it for a readme.",TRUE
"10_1111_1365_2745_13577","10_1111_1365_2745_13577","Yes","Dryad;Other repo/database","Yes","Yes","Yes",".csv/.tsv","No","Yes","No",NA,NA,NA,FALSE,NA,NA,NA,NA,NA,FALSE,NA,FALSE,NA,NA,FALSE,FALSE,FALSE,"data_availability[cooper=Yes,mc=No]","COOPER_RIGHT","SPLIT-DOI EXTRACTION ARTIFACT | Paper text: ""Data on plant phenology are available at the Dryad Digital Repository: https://doi.org/10.5061/dryad.c59zw3r69 (Bucher & Römermann, 2020a)."" A clear, standard-format Dryad DOI is cited yet mc_data_availability=FALSE, indicating repo_check never found/listed this repository. | KNOWN METACHECK LIMITATION (not yet fixed, github.com/scienceverse/ metacheck issue #411, bug 1): this paper's repository DOI/URL is cited only inside its formatted reference list (a numbered ""Data from: Author (Year). Title [Dataset]. https://doi.org/..."" entry), never as an inline hyperlink or bare in-text mention. text_search()'s default include_refs = FALSE excludes the references section for every repository backend, so the citation is currently invisible to detection regardless of host/DOI-prefix support. Confirmed live 2026-09-19: the DOI itself resolves correctly when queried directly.",NA,NA,NA,NA,NA,NA,NA,NA,NA,NA,NA,NA,TRUE
"10_1111_1365_2656_13337","10_1111_1365_2656_13337","Yes","Dryad","Yes","Yes","Yes",".doc(x);.txt","No","Yes","No",NA,NA,NA,TRUE,"Dryad","doi:10.5061/dryad.msbcc2fw8",TRUE,FALSE,".docx",FALSE,NA,FALSE,NA,NA,FALSE,FALSE,FALSE,"data_download[cooper=Yes,mc=No]",NA,NA,NA,NA,NA,NA,"COOPER_RIGHT","The paper's actual dataset file, Bonamour_et_al_-_Age-dependent_plasticity_-_JAE_-_Archived_Data_Set.txt (Dryad doi:10.5061/dryad.msbcc2fw8), was successfully downloaded (file_location non-NA) but data_check's own tabular_usable flag is FALSE for it. metacheck's automated tabular parser failed to read this specific plain-text data file even though a human can open it in standard software (e.g. Excel, R, a text editor) -- a parsing-robustness gap in data_check, not a genuine download failure. (The companion .docx description file was never downloaded, hence excluded from mc_data_download's scope entirely.)",NA,NA,NA,NA,NA,NA,TRUE
"10_1111_2041_210x_13433","10_1111_2041_210x_13433","Yes","Dryad","Yes","Yes","Yes",".csv/.tsv","Yes","No",NA,NA,NA,NA,TRUE,"Dryad","doi:10.5061/dryad.ffbg79crm",TRUE,TRUE,".csv",FALSE,NA,FALSE,NA,NA,FALSE,TRUE,FALSE,"any_readme[cooper=Yes,mc=No]",NA,NA,NA,NA,NA,NA,NA,NA,NA,NA,NA,NA,"DIFFERENT_DEFINITION","Cooper's Yes for this paper's README likely reflects Dryad's dataset abstract (the ONLY free-text field Dryad's API exposes) -- confirmed on 9 real Dryad datasets from this same miss set that this field is consistently the paper's own scientific abstract (numbered background/methods/results prose), never file-level documentation. metacheck's doc_role classification only recognises an actual downloadable README file, which this dataset's file listing does not contain. Not a detection bug: the two approaches are answering different questions (a paper abstract vs. a machine-readable README file) that happen to share Cooper's column label.",TRUE
"10_1111_1365_2664_13115","10_1111_1365_2664_13115","Yes","Dryad","Yes","Unsure","Yes",".txt","Yes","Yes","No",NA,NA,NA,TRUE,"Dryad","doi:10.5061/dryad.v5tn2",TRUE,TRUE,".txt",FALSE,NA,FALSE,NA,NA,FALSE,TRUE,FALSE,"any_readme[cooper=Yes,mc=No]",NA,NA,NA,NA,NA,NA,NA,NA,NA,NA,NA,NA,"DIFFERENT_DEFINITION","Cooper's Yes for this paper's README likely reflects Dryad's dataset abstract (the ONLY free-text field Dryad's API exposes) -- confirmed on 9 real Dryad datasets from this same miss set that this field is consistently the paper's own scientific abstract (numbered background/methods/results prose), never file-level documentation. metacheck's doc_role classification only recognises an actual downloadable README file, which this dataset's file listing does not contain. Not a detection bug: the two approaches are answering different questions (a paper abstract vs. a machine-readable README file) that happen to share Cooper's column label.",TRUE
"10_1111_1365_2745_12736","10_1111_1365_2745_12736","Yes","Dryad","Yes","Yes","Yes",".xls(x)","Yes","No",NA,NA,NA,NA,TRUE,"Dryad","doi:10.5061/dryad.jd423",TRUE,TRUE,".xlsx",FALSE,NA,FALSE,NA,NA,FALSE,TRUE,FALSE,"any_readme[cooper=Yes,mc=No]",NA,NA,NA,NA,NA,NA,NA,NA,NA,NA,NA,NA,"DIFFERENT_DEFINITION","Cooper's Yes for this paper's README likely reflects Dryad's dataset abstract (the ONLY free-text field Dryad's API exposes) -- confirmed on 9 real Dryad datasets from this same miss set that this field is consistently the paper's own scientific abstract (numbered background/methods/results prose), never file-level documentation. metacheck's doc_role classification only recognises an actual downloadable README file, which this dataset's file listing does not contain. Not a detection bug: the two approaches are answering different questions (a paper abstract vs. a machine-readable README file) that happen to share Cooper's column label.",TRUE
"10_1111_1365_2656_13895","10_1111_1365_2656_13895",NA,NA,NA,NA,NA,NA,NA,"Yes","No",NA,NA,NA,TRUE,"Dryad","doi:10.5061/dryad.qbzkh18k6",TRUE,TRUE,".csv;.txt",TRUE,NA,TRUE,TRUE,"R",TRUE,NA,TRUE,"code_archived[cooper=No,mc=Yes]",NA,NA,NA,NA,NA,NA,NA,NA,"METACHECK_RIGHT","code_check found 40 real code file(s) (R) at https://github.com/marlonecobos/ellipsenm, e.g. RcppExports.R, all_classes.R, buffer_area.R, concave_area.R, convex_area.R, .... Not a borderline case -- a large, unambiguous set of named analysis scripts, not a single file or an edge-case classification. METACHECK_RIGHT; Cooper's ""No"" appears to be a coding miss.",NA,NA,NA,NA,TRUE
"10_1111_1365_2664_14052","10_1111_1365_2664_14052","Yes","Dryad","Yes","Yes","Yes",".csv/.tsv","Yes","Yes","Yes","Yes","R","Yes",TRUE,"Dryad","doi:10.5061/dryad.rjdfn2zc3",TRUE,TRUE,".csv",TRUE,NA,FALSE,NA,NA,TRUE,TRUE,TRUE,"code_archived[cooper=Yes,mc=No]",NA,NA,NA,NA,NA,NA,NA,NA,"COOPER_RIGHT","Automated keyword search of the paper's full text found no sentence combining a repository/availability cue with a code-specific term (code, script, R code, MATLAB, Python, source code) -- consistent with the paper only claiming DATA availability, not code, at the cited repository, and with repo_check/code_check finding no code file there either. Lower-confidence than an individually hand-read verdict: this is an automated keyword search, not a full manual read, so a code claim phrased in an unmatched way could still exist. COOPER_RIGHT.",NA,NA,NA,NA,TRUE
"10_1111_1365_2656_13893","10_1111_1365_2656_13893","Yes","Dryad","Yes","Yes","Yes",".RDS;","Yes","Yes","Yes","Yes","R","Yes",FALSE,NA,NA,NA,NA,NA,FALSE,NA,FALSE,NA,NA,FALSE,TRUE,FALSE,"data_availability[cooper=Yes,mc=No];code_archived[cooper=Yes,mc=No];any_readme[cooper=Yes,mc=No]","COOPER_RIGHT","SPLIT-DOI EXTRACTION ARTIFACT | Paper's own availability statement: ""[The] hierarchical model are archived at the Dryad Digital Repository https://doi.org/10.5061/dryad.7d7wm3806 (Riecke et al., 2023)""; the same repository also holds ""the reproductive success data and R script for running the [models]"" per the paper's own text. Cites a real Dryad repository (https://doi.org/10.5061/dryad.7d7wm3806). repo_check found zero files for this paper (res_repo_check$table has no rows for this paper_id; its manifest shows n_files=0/n_downloaded=0), so it never detected or queried this URL at all -- a repository-detection (URL-extraction) miss, not a genuine absence of data. | KNOWN METACHECK LIMITATION (not yet fixed, github.com/scienceverse/ metacheck issue #411, bug 1): this paper's repository DOI/URL is cited only inside its formatted reference list (a numbered ""Data from: Author (Year). Title [Dataset]. https://doi.org/..."" entry), never as an inline hyperlink or bare in-text mention. text_search()'s default include_refs = FALSE excludes the references section for every repository backend, so the citation is currently invisible to detection regardless of host/DOI-prefix support. Confirmed live 2026-09-19: the DOI itself resolves correctly when queried directly.",NA,NA,NA,NA,NA,NA,"COOPER_RIGHT","The paper's own text explicitly states ""the reproductive success data and R script for running the [models]"" are archived together at the Dryad Digital Repository https://doi.org/10.5061/dryad.7d7wm3806, and separately references a ""Supplementary R Script"" in Methods -- code is explicitly named as part of the (un-located) deposit.",NA,NA,"COOPER_RIGHT","repo_check found zero files for this paper (res_repo_check$table has no rows for this paper_id), so it had no basis to detect a README even if one exists in the actual (un-located) repository.",TRUE
"10_1111_2041_210x_13205","10_1111_2041_210x_13205",NA,NA,NA,NA,NA,NA,NA,"Yes","Yes","Yes","R","No",TRUE,"Zenodo","10.5281/zenodo.2585387",TRUE,TRUE,".ods",TRUE,NA,TRUE,TRUE,"Python",TRUE,FALSE,TRUE,"any_readme[cooper=No,mc=Yes]",NA,NA,NA,NA,NA,NA,NA,NA,NA,NA,NA,NA,"METACHECK_RIGHT","Multiple real README files (README.md, README, README_links.txt, etc.) confirmed present in the large Zenodo repository listing.",TRUE
"10_1111_1365_2745_14037","10_1111_1365_2745_14037","Yes","Figshare","Yes","Yes","Yes",".csv/.tsv;.xls(x)","No","Yes","Yes","Yes","R","No",TRUE,NA,NA,NA,NA,NA,FALSE,NA,FALSE,NA,NA,FALSE,FALSE,FALSE,"code_archived[cooper=Yes,mc=No]",NA,NA,NA,NA,NA,NA,NA,NA,"COOPER_RIGHT","Automated keyword search of the paper's full text found no sentence combining a repository/availability cue with a code-specific term (code, script, R code, MATLAB, Python, source code) -- consistent with the paper only claiming DATA availability, not code, at the cited repository, and with repo_check/code_check finding no code file there either. Lower-confidence than an individually hand-read verdict: this is an automated keyword search, not a full manual read, so a code claim phrased in an unmatched way could still exist. COOPER_RIGHT.",NA,NA,NA,NA,TRUE
"10_1111_1365_2664_13170","10_1111_1365_2664_13170","Yes","Dryad","Yes","Yes","Yes",".csv/.tsv","Yes","Unsure",NA,NA,NA,NA,TRUE,"Dryad","doi:10.5061/dryad.4gm2r5m",TRUE,TRUE,".csv",FALSE,NA,FALSE,NA,NA,FALSE,TRUE,FALSE,"any_readme[cooper=Yes,mc=No]",NA,NA,NA,NA,NA,NA,NA,NA,NA,NA,NA,NA,"DIFFERENT_DEFINITION","Cooper's Yes for this paper's README likely reflects Dryad's dataset abstract (the ONLY free-text field Dryad's API exposes) -- confirmed on 9 real Dryad datasets from this same miss set that this field is consistently the paper's own scientific abstract (numbered background/methods/results prose), never file-level documentation. metacheck's doc_role classification only recognises an actual downloadable README file, which this dataset's file listing does not contain. Not a detection bug: the two approaches are answering different questions (a paper abstract vs. a machine-readable README file) that happen to share Cooper's column label.",TRUE
"10_1111_2041_210x_12918","10_1111_2041_210x_12918",NA,NA,NA,NA,NA,NA,NA,"Yes","Yes","Yes","R","No",FALSE,NA,NA,NA,NA,NA,FALSE,NA,FALSE,NA,NA,FALSE,FALSE,FALSE,"code_archived[cooper=Yes,mc=No]",NA,NA,NA,NA,NA,NA,NA,NA,"COOPER_RIGHT","CODE PACKAGE CITATION (CRAN, not a data repository) | repo_check found zero files for this paper at all. Paper text: development version of the R package 'ecolottery' underlying this study is stated to be available on GitHub (https://github.com/frmunoz/...) alongside a CRAN release; repo_check never located this GitHub repository, so mc_code_archived=FALSE reflects a missed repository, not a genuine absence of archived code.",NA,NA,NA,NA,TRUE
"10_1111_1365_2435_13061","10_1111_1365_2435_13061","Yes","Dryad","Yes","Yes","Yes",".txt;.xls(x)","Yes","Yes","No",NA,NA,NA,TRUE,"Dryad","doi:10.5061/dryad.q6789",TRUE,NA,".zip",FALSE,NA,FALSE,NA,NA,FALSE,TRUE,FALSE,"any_readme[cooper=Yes,mc=No]",NA,NA,NA,NA,NA,NA,NA,NA,NA,NA,NA,NA,"DIFFERENT_DEFINITION","Archive-only: repo_check's file listing for this paper is a single compressed archive (.zip/.rar/...) with no separate top-level file. repo_check's own peek_zips=TRUE default DOES try to read a zip's file listing remotely without downloading it, so a README bundled inside is not automatically invisible -- but that peek attempt evidently failed for this specific archive. Confirmed structural cause for Dryad-hosted zips: the peek's HTTP Range request is unauthenticated and Dryad's file-download endpoint returns 401 Unauthorized without an OAuth token, so the peek can never succeed there. For Zenodo/other platforms the failure cause is not yet fully pinned down (see the issue's discussion). Filed as https://github.com/scienceverse/metacheck/issues/378. DIFFERENT_DEFINITION rather than a verdict: resolving this needs a code fix (authenticated peek requests, at minimum for Dryad), not a judgement call on this specific paper.",TRUE
"10_1002_pan3_10130","10_1002_pan3_10130","Yes","Dryad","Yes","Yes",NA,".xls(x)","Yes","Yes","No",NA,NA,NA,TRUE,"Dryad","doi:10.5061/dryad.cjsxksn3h",TRUE,TRUE,".xlsx",FALSE,NA,FALSE,NA,NA,FALSE,TRUE,FALSE,"any_readme[cooper=Yes,mc=No]",NA,NA,NA,NA,NA,NA,NA,NA,NA,NA,NA,NA,"DIFFERENT_DEFINITION","Cooper's Yes for this paper's README likely reflects Dryad's dataset abstract (the ONLY free-text field Dryad's API exposes) -- confirmed on 9 real Dryad datasets from this same miss set that this field is consistently the paper's own scientific abstract (numbered background/methods/results prose), never file-level documentation. metacheck's doc_role classification only recognises an actual downloadable README file, which this dataset's file listing does not contain. Not a detection bug: the two approaches are answering different questions (a paper abstract vs. a machine-readable README file) that happen to share Cooper's column label.",TRUE
"10_1111_1365_2435_13470","10_1111_1365_2435_13470","Yes","Other repo/database","Yes","Yes","Yes",".doc(x);.xls(x)","No","Yes","Yes",NA,"R","No",TRUE,"Other repo/database","10.17632/3ybghz7tzb.1",TRUE,TRUE,".xlsx",FALSE,NA,FALSE,NA,NA,FALSE,FALSE,FALSE,"code_archived[cooper=Yes,mc=No]",NA,NA,NA,NA,NA,NA,NA,NA,"UNCLEAR","No code repository or code-availability claim appears anywhere in the paper text (a mite-predation behavioural ecology study, only the Mendeley Data citation for data was found). Cannot confirm from available evidence what Cooper's Yes for code_archived is based on.",NA,NA,NA,NA,TRUE
"10_1111_1365_2656_12794","10_1111_1365_2656_12794","Yes","Dryad","Yes","Yes","Yes",".xls(x)","No","Yes","No",NA,NA,NA,FALSE,NA,NA,NA,NA,NA,FALSE,NA,FALSE,NA,NA,FALSE,FALSE,FALSE,"data_availability[cooper=Yes,mc=No]","UNCLEAR","No data-availability statement of any kind was found even after a broad full-text search of this paper (a PMC-hosted manuscript; only biology-related uses of the word ""availability"", e.g. food/caterpillar availability, and an ""Author manuscript; available in PMC"" disclaimer were found); repo_check independently found no repository (repo_n=0). Cannot confirm the basis for Cooper's Yes -- possibly a genuine extraction gap for this PMC-formatted paper.",NA,NA,NA,NA,NA,NA,NA,NA,NA,NA,NA,NA,TRUE
"10_1111_1365_2656_14227","10_1111_1365_2656_14227","Yes","Other repo/database","Yes","Yes","Yes, but not all data",".csv/.tsv;.inp","Yes","Yes","Yes","Yes","R","Yes",FALSE,NA,NA,NA,NA,NA,FALSE,NA,FALSE,NA,NA,FALSE,TRUE,FALSE,"data_availability[cooper=Yes,mc=No];code_archived[cooper=Yes,mc=No];any_readme[cooper=Yes,mc=No]","COOPER_RIGHT","Paper text cites two institutional repositories: 'Guillemot demographic data...freely available from Heriot Watt research portal https://doi.org/10.17861/8fd6a194-d1a7-469c-8604-e45b0414f8f0' and 'Puffin and razorbill demographic data are available upon request...from the University of Gloucester online repository https://doi.org/10.46289/8FP68KK9.' Neither is a repo_check-recognized platform; repo_check found/listed nothing at all for this paper.",NA,NA,NA,NA,NA,NA,"COOPER_RIGHT","No separate code-hosting platform appears in the matched text; the two institutional data repositories named are not repo_check-recognized, so repo_check could not have checked either for code.",NA,NA,"COOPER_RIGHT","Same root cause: neither the Heriot Watt research portal nor the University of Gloucester repository is a repo_check-recognized platform.",TRUE
"10_1111_1365_2656_12658","10_1111_1365_2656_12658",NA,NA,NA,NA,NA,NA,NA,"Yes","Yes","Yes","MATLAB","Yes",TRUE,NA,NA,NA,NA,NA,TRUE,NA,FALSE,NA,NA,TRUE,TRUE,TRUE,"code_archived[cooper=Yes,mc=No]",NA,NA,NA,NA,NA,NA,NA,NA,"COOPER_RIGHT","Paper's own text explicitly claims code availability at the cited repository: ""Full model code is available from Dryad (Shaw, Kokko, & Neubert, 2016)."" -- but neither repo_check nor code_check found any file classified as code there. Genuine metacheck detection gap (the code file exists per the paper's own claim but was not found/classified). COOPER_RIGHT.",NA,NA,NA,NA,TRUE
"10_1002_2688_8319_12006","10_1002_2688_8319_12006","Yes","Dryad","Yes","No","Yes",".txt;.xls(x)","Yes","Yes","No",NA,NA,NA,TRUE,"Dryad","doi:10.5061/dryad.8sf7m0cjc",TRUE,TRUE,".xlsx",FALSE,NA,FALSE,NA,NA,FALSE,TRUE,FALSE,"data_license[cooper=No,mc=Yes];any_readme[cooper=Yes,mc=No]",NA,NA,NA,NA,"METACHECK_RIGHT","Dryad dataset doi:10.5061/dryad.8sf7m0cjc carries a CC0-1.0 license, retrieved from Dryad's own dataset API (https://datadryad.org/api/v2/datasets/doi%3A10.5061%2Fdryad.8sf7m0cjc). License: CC0 1.0 Universal (https://spdx.org/licenses/CC0-1.0.html).",NA,NA,NA,NA,NA,NA,"DIFFERENT_DEFINITION","Cooper's Yes for this paper's README likely reflects Dryad's dataset abstract (the ONLY free-text field Dryad's API exposes) -- confirmed on 9 real Dryad datasets from this same miss set that this field is consistently the paper's own scientific abstract (numbered background/methods/results prose), never file-level documentation. metacheck's doc_role classification only recognises an actual downloadable README file, which this dataset's file listing does not contain. Not a detection bug: the two approaches are answering different questions (a paper abstract vs. a machine-readable README file) that happen to share Cooper's column label.",TRUE
"10_1111_1365_2664_12952","10_1111_1365_2664_12952",NA,NA,NA,NA,NA,NA,NA,"Yes","Yes","Yes","R","Yes",FALSE,NA,NA,NA,NA,NA,FALSE,NA,FALSE,NA,NA,FALSE,TRUE,FALSE,"code_archived[cooper=Yes,mc=No];any_readme[cooper=Yes,mc=No]",NA,NA,NA,NA,NA,NA,NA,NA,"COOPER_RIGHT","UNSUPPORTED REPO | Paper text: ""Code used for this project is available at the USGS BitBucket Page https://doi.org/10.5066/f7416v7z (Erickson et al., 2017)."" This USGS Code Release platform is not recognized by repo_check; repo_check has zero rows for this paper.",NA,NA,"COOPER_RIGHT","Same repo-detection miss as code_archived: the USGS Code Release repository was never fetched by repo_check, so mc_any_readme's FALSE reflects zero files examined, not evidence of no README.",TRUE
"10_1111_1365_2664_14031","10_1111_1365_2664_14031","Yes","Other repo/database","Yes","No","Yes",".cpg;.dbf;.prj;.sbn;.sbx;.shp;.shx","No","Yes","No",NA,NA,NA,TRUE,"OSF",NA,FALSE,TRUE,".csv",FALSE,NA,FALSE,NA,NA,FALSE,FALSE,FALSE,"data_archive[cooper=Other repo/database,mc=OSF]",NA,NA,"METACHECK_RIGHT","repo_url is doi.org/10.17605/OSF.IO/8A27Q -- an OSF DOI, not ""Other repo/database"".",NA,NA,NA,NA,NA,NA,NA,NA,NA,NA,TRUE
"10_1111_2041_210x_14115","10_1111_2041_210x_14115","Yes","Figshare;Supplementary materials","No","No","Yes",".xls(x);.avi","Quasi-README","Yes","Yes","Yes","Python","Yes",TRUE,"GitHub, GitLab, Codeberg or similar platform",NA,TRUE,TRUE,".csv",TRUE,NA,TRUE,TRUE,"Python",TRUE,TRUE,TRUE,"data_license[cooper=No,mc=Yes];data_archive[cooper=Figshare;Supplementary materials,mc=GitHub, GitLab, Codeberg or similar platform]",NA,NA,"COOPER_RIGHT","Paper text (checked live 2026-09-02) confirms BOTH a GitHub repository (github.com/VioletteChiara/AnimalTA, matching metacheck's ""GitHub..."" answer) AND multiple Figshare DOIs for videos/tables/ground-truth data (10.6084/m9.figshare.21977324.v2, .21977267.v2, .21977294.v2, .21977351.v2, plus a Figshare ""project"" page). Cooper's ""Figshare;Supplementary materials"" captures the data-holding repository; metacheck's ""GitHub..."" only captures the code repository and MISSED the Figshare data deposits entirely -- a real repo_check detection gap for this paper's Figshare links (the paper cites figshare.com/projects/... and multiple doi.org/10.6084/m9.figshare... URLs, some split across a PDF-extraction line break with ""github.com/Viole tteCh iara/AnimalTA"" running directly into the following figshare citation with no space).","METACHECK_RIGHT","GitHub repository VioletteChiara/AnimalTA carries an MIT license, confirmed live via GitHub's own repository API.",NA,NA,NA,NA,NA,NA,NA,NA,TRUE
"10_1111_1365_2656_12831","10_1111_1365_2656_12831","Yes","Dryad","Yes","Yes","Yes",".csv/.tsv","Yes","Yes","No",NA,NA,NA,TRUE,"Dryad;GitHub, GitLab, Codeberg or similar platform","doi:10.5061/dryad.r3d70m9",TRUE,TRUE,".csv;.rdata",TRUE,NA,TRUE,TRUE,"MATLAB;R",TRUE,TRUE,TRUE,"code_archived[cooper=No,mc=Yes]",NA,NA,NA,NA,NA,NA,NA,NA,"METACHECK_RIGHT","code_check found 29 real code file(s) (MATLAB, R) at https://github.com/sjbeckett/weighted-modularity-LPAwbPLUS, e.g. BINARY_MODULARITY_ANALYSIS.m, DIRT_LPA_wb_plus.m, LPA_b_plus.m, LPA_wb_plus.m, MODULARPLOT.m, .... Not a borderline case -- a large, unambiguous set of named analysis scripts, not a single file or an edge-case classification. METACHECK_RIGHT; Cooper's ""No"" appears to be a coding miss.",NA,NA,NA,NA,TRUE
"10_1111_1365_2435_13320","10_1111_1365_2435_13320","Yes","Dryad","Unsure","No",NA,NA,NA,"Yes","No",NA,NA,NA,FALSE,NA,NA,NA,NA,NA,FALSE,NA,FALSE,NA,NA,FALSE,NA,FALSE,"data_availability[cooper=Yes,mc=No]","COOPER_RIGHT","Paper states ""The data are deposited in the Dryad Digital Repository http://doi.org/10.5061/dryad.c60467b""; explicit data-availability claim with DOI, contradicting mc's FALSE.",NA,NA,NA,NA,NA,NA,NA,NA,NA,NA,NA,NA,TRUE
"10_1111_1365_2656_13469","10_1111_1365_2656_13469","Yes","Dryad","Yes","Yes","Yes",".csv/.tsv","Yes","Yes","Yes",NA,"R","Yes",TRUE,"Dryad","doi:10.5061/dryad.bnzs7h49x",TRUE,TRUE,".csv",TRUE,NA,FALSE,NA,NA,TRUE,TRUE,TRUE,"code_archived[cooper=Yes,mc=No]",NA,NA,NA,NA,NA,NA,NA,NA,"COOPER_RIGHT","Automated keyword search of the paper's full text found no sentence combining a repository/availability cue with a code-specific term (code, script, R code, MATLAB, Python, source code) -- consistent with the paper only claiming DATA availability, not code, at the cited repository, and with repo_check/code_check finding no code file there either. Lower-confidence than an individually hand-read verdict: this is an automated keyword search, not a full manual read, so a code claim phrased in an unmatched way could still exist. COOPER_RIGHT.",NA,NA,NA,NA,TRUE
"10_1111_1365_2745_13525","10_1111_1365_2745_13525","Yes","Other repo/database","No","Unsure","Yes",".csv/.tsv;.xls(x)","Yes","Yes","No",NA,NA,NA,FALSE,NA,NA,NA,NA,NA,FALSE,NA,FALSE,NA,NA,FALSE,TRUE,FALSE,"data_availability[cooper=Yes,mc=No];any_readme[cooper=Yes,mc=No]","COOPER_RIGHT","UNSUPPORTED REPO | Paper states ""Archived data available through the Institutional Repository at University of Florida found at the following permanent link: https://ufdc.ufl.edu/IR00011264/00001""; repo_check's summary_table shows repo_n=0 -- this institutional repository was never detected.",NA,NA,NA,NA,NA,NA,NA,NA,NA,NA,"COOPER_RIGHT","The University of Florida Institutional Repository deposit was never detected by repo_check (repo_n=0), so metacheck never checked it for a readme.",TRUE
"10_1111_1365_2745_13737","10_1111_1365_2745_13737","Yes","Dryad","Yes","Yes","Yes",".xls(x)","Yes","Yes","Yes",NA,"Python","Yes",TRUE,"Dryad","doi:10.5061/dryad.z34tmpgdx",TRUE,TRUE,".xlsx",TRUE,NA,FALSE,NA,NA,TRUE,TRUE,TRUE,"code_archived[cooper=Yes,mc=No]",NA,NA,NA,NA,NA,NA,NA,NA,"COOPER_RIGHT","Automated keyword search of the paper's full text found no sentence combining a repository/availability cue with a code-specific term (code, script, R code, MATLAB, Python, source code) -- consistent with the paper only claiming DATA availability, not code, at the cited repository, and with repo_check/code_check finding no code file there either. Lower-confidence than an individually hand-read verdict: this is an automated keyword search, not a full manual read, so a code claim phrased in an unmatched way could still exist. COOPER_RIGHT.",NA,NA,NA,NA,TRUE
"10_1002_2688_8319_12083","10_1002_2688_8319_12083","Yes","Dryad","Yes","Yes","Yes",".csv/.tsv","Yes","No",NA,NA,NA,NA,TRUE,"Dryad","doi:10.5061/dryad.0p2ngf21h",TRUE,TRUE,".csv",FALSE,NA,FALSE,NA,NA,FALSE,TRUE,FALSE,"any_readme[cooper=Yes,mc=No]",NA,NA,NA,NA,NA,NA,NA,NA,NA,NA,NA,NA,"DIFFERENT_DEFINITION","Cooper's Yes for this paper's README likely reflects Dryad's dataset abstract (the ONLY free-text field Dryad's API exposes) -- confirmed on 9 real Dryad datasets from this same miss set that this field is consistently the paper's own scientific abstract (numbered background/methods/results prose), never file-level documentation. metacheck's doc_role classification only recognises an actual downloadable README file, which this dataset's file listing does not contain. Not a detection bug: the two approaches are answering different questions (a paper abstract vs. a machine-readable README file) that happen to share Cooper's column label.",TRUE
"10_1111_1365_2664_13733","10_1111_1365_2664_13733","Yes","Dryad","Yes","Yes","Yes",".xls(x)","Yes","Yes","Yes","Yes","R","Yes",TRUE,"Dryad","doi:10.5061/dryad.5x69p8d17",TRUE,TRUE,".xlsx",FALSE,NA,FALSE,NA,NA,FALSE,TRUE,FALSE,"code_archived[cooper=Yes,mc=No];any_readme[cooper=Yes,mc=No]",NA,NA,NA,NA,NA,NA,NA,NA,"COOPER_RIGHT","Paper's own text explicitly claims code availability at the cited repository: ""R Scripts available via the Dryad Digital Repository https://doi.org/10.5061/dryad.37pvmcvh6  (Feld, Saeedghalati, &   Hering, 2020b)."" -- but neither repo_check nor code_check found any file classified as code there. Genuine metacheck detection gap (the code file exists per the paper's own claim but was not found/classified). COOPER_RIGHT.",NA,NA,"DIFFERENT_DEFINITION","Cooper's Yes for this paper's README likely reflects Dryad's dataset abstract (the ONLY free-text field Dryad's API exposes) -- confirmed on 9 real Dryad datasets from this same miss set that this field is consistently the paper's own scientific abstract (numbered background/methods/results prose), never file-level documentation. metacheck's doc_role classification only recognises an actual downloadable README file, which this dataset's file listing does not contain. Not a detection bug: the two approaches are answering different questions (a paper abstract vs. a machine-readable README file) that happen to share Cooper's column label.",TRUE
"10_1111_1365_2664_13415","10_1111_1365_2664_13415","Yes","Dryad","Yes",NA,"Yes",".doc(x);.txt;.xls(x);.m","Yes","Yes","Yes","Yes","MATLAB",NA,TRUE,NA,NA,NA,NA,NA,TRUE,NA,FALSE,NA,NA,TRUE,TRUE,TRUE,"code_archived[cooper=Yes,mc=No]",NA,NA,NA,NA,NA,NA,NA,NA,"COOPER_RIGHT","Automated keyword search of the paper's full text found no sentence combining a repository/availability cue with a code-specific term (code, script, R code, MATLAB, Python, source code) -- consistent with the paper only claiming DATA availability, not code, at the cited repository, and with repo_check/code_check finding no code file there either. Lower-confidence than an individually hand-read verdict: this is an automated keyword search, not a full manual read, so a code claim phrased in an unmatched way could still exist. COOPER_RIGHT.",NA,NA,NA,NA,TRUE
"10_1111_1365_2745_13324","10_1111_1365_2745_13324","Yes","Other repo/database","Yes","Yes","Yes",".csv/.tsv","Yes","Yes","No",NA,NA,NA,FALSE,NA,NA,NA,NA,NA,FALSE,NA,FALSE,NA,NA,FALSE,TRUE,FALSE,"data_availability[cooper=Yes,mc=No];any_readme[cooper=Yes,mc=No]","COOPER_RIGHT","Paper text: 'Data used in this publication are available in the appendices and archived at the USU Digital Commons: https://doi.org/10.26078/99w7-eb58.' Not a repo_check-recognized platform; repo_check found/listed nothing at all for this paper.",NA,NA,NA,NA,NA,NA,NA,NA,NA,NA,"COOPER_RIGHT","Same root cause: USU Digital Commons is not a repo_check-recognized platform.",TRUE
"10_1111_1365_2745_13961","10_1111_1365_2745_13961","Yes","Figshare","Yes",NA,"Yes",".xls(x)","No","Yes","No",NA,NA,NA,TRUE,"Figshare;GitHub, GitLab, Codeberg or similar platform","10.6084/m9.figshare.19771234.v1",TRUE,TRUE,".csv;.xlsx",TRUE,NA,TRUE,TRUE,"Python",TRUE,FALSE,TRUE,"code_archived[cooper=No,mc=Yes];any_readme[cooper=No,mc=Yes]",NA,NA,NA,NA,NA,NA,NA,NA,"METACHECK_RIGHT","code_check found 10 real code file(s) (Python) at https://github.com/pmonnahan/ScanTools/, e.g. FSC2_submit.py, FSC2input.py, MissingData.py, ScanTools.py, bpm.py, .... Not a borderline case -- a large, unambiguous set of named analysis scripts, not a single file or an edge-case classification. METACHECK_RIGHT; Cooper's ""No"" appears to be a coding miss.",NA,NA,"METACHECK_RIGHT","GitHub repository pmonnahan/ScanTools plus a Figshare dataset (10.6084/m9.figshare.19771234). repo_check's file listing shows both a README.md (GitHub) and a README.txt (Figshare) -- two independently real READMEs, one per repository. Cooper coded data_README=No (code_README not applicable since Cooper's code_archived=No, though metacheck's code_archived=TRUE disagrees separately). Given a real README exists on the Figshare (data) side specifically, Cooper's data_README=No looks like a miss regardless of the separate code_archived disagreement.",TRUE
"10_1111_1365_2664_13862","10_1111_1365_2664_13862","Yes","Dryad","Yes","Yes","Yes",".csv/.tsv","Yes","Yes","No",NA,NA,NA,TRUE,"Dryad","doi:10.5061/dryad.3n5tb2rgp",TRUE,TRUE,".csv",FALSE,NA,FALSE,NA,NA,FALSE,TRUE,FALSE,"any_readme[cooper=Yes,mc=No]",NA,NA,NA,NA,NA,NA,NA,NA,NA,NA,NA,NA,"DIFFERENT_DEFINITION","Cooper's Yes for this paper's README likely reflects Dryad's dataset abstract (the ONLY free-text field Dryad's API exposes) -- confirmed on 9 real Dryad datasets from this same miss set that this field is consistently the paper's own scientific abstract (numbered background/methods/results prose), never file-level documentation. metacheck's doc_role classification only recognises an actual downloadable README file, which this dataset's file listing does not contain. Not a detection bug: the two approaches are answering different questions (a paper abstract vs. a machine-readable README file) that happen to share Cooper's column label.",TRUE
"10_1111_1365_2656_13272","10_1111_1365_2656_13272","Yes","Other repo/database","Yes","No","Yes",".csv/.tsv","Yes","Yes","No",NA,NA,NA,FALSE,NA,NA,NA,NA,NA,FALSE,NA,FALSE,NA,NA,FALSE,TRUE,FALSE,"data_availability[cooper=Yes,mc=No];any_readme[cooper=Yes,mc=No]","COOPER_RIGHT","Paper text: 'The datasets generated and analysed during this study available at https://doi.org/10.18122/bio_data/3/boisestate.' Not a repo_check-recognized platform; repo_check found/listed nothing at all for this paper.",NA,NA,NA,NA,NA,NA,NA,NA,NA,NA,"COOPER_RIGHT","Same root cause: Boise State ScholarWorks is not a repo_check-recognized platform.",TRUE
"10_1111_1365_2656_13643","10_1111_1365_2656_13643","Yes","Other repo/database","Yes","Unsure","Yes",".csv/.tsv;.xls(x)","Yes","Yes","No",NA,NA,NA,FALSE,NA,NA,NA,NA,NA,FALSE,NA,FALSE,NA,NA,FALSE,TRUE,FALSE,"data_availability[cooper=Yes,mc=No];any_readme[cooper=Yes,mc=No]","COOPER_RIGHT","UNSUPPORTED REPO | Paper text: ""Data available from UQ eSpace https://doi.org/10.48610/088a9c5 (Winters et al., 2021)"" (University of Queensland's institutional repository). This provider is not among metacheck's supported repo_check providers, so repo_check never attempted this URL at all, leaving repo_check$table empty and producing mc_data_availability=FALSE.",NA,NA,NA,NA,NA,NA,NA,NA,NA,NA,"COOPER_RIGHT","Same unsupported-provider gap: UQ eSpace is not repo_check-supported, so no file listing or doc_role signal was ever generated for this paper.",TRUE
"10_1111_1365_2664_14821","10_1111_1365_2664_14821","Yes","Other repo/database","Yes",NA,NA,".csv/.tsv;.doc(x)","Yes","Yes","No",NA,NA,NA,TRUE,"Other repo/database","10.4121/ce413614-1c82-4e81-90c0-323aa7d2fabd.v1",TRUE,TRUE,"._.ds_store;._accelerometer;._dislodgement test;._field monitoring;._flume study;._long exposure experiment;._pressure sensor;.csv;.docx;.ds_store;.png",FALSE,NA,FALSE,NA,NA,FALSE,TRUE,FALSE,"any_readme[cooper=Yes,mc=No]",NA,NA,NA,NA,NA,NA,NA,NA,NA,NA,NA,NA,"COOPER_RIGHT","Same 4TU fetch failure (10.4121/ce413614-1c82-4e81-90c0-323aa7d2fabd, ""arguments imply differing number of rows: 1, 0"", logged in gated_repos) explains the missing README signal -- repo_check never listed any files for this paper_id to check doc_role on.",TRUE
"10_1111_1365_2656_13708","10_1111_1365_2656_13708","Yes","Dryad","Yes","Yes","Yes",".csv/.tsv;.txt","Yes","Yes","Yes","Yes","R","Yes",TRUE,"Dryad","doi:10.5061/dryad.547d7wmb5",TRUE,NA,".zip",TRUE,NA,FALSE,NA,NA,TRUE,TRUE,TRUE,"code_archived[cooper=Yes,mc=No]",NA,NA,NA,NA,NA,NA,NA,NA,"COOPER_RIGHT","Data Availability Statement explicitly says ""The data and the R code used to produce the results of this study are available from the Dryad Digital Repository"", code is bundled in the same Dryad repo as data, metacheck likely missed it since it is not a separate code-specific URL",NA,NA,NA,NA,TRUE
"10_1111_1365_2435_13791","10_1111_1365_2435_13791","Yes","Other repo/database","Yes","Unsure","Yes",".xls(x)","No","Yes","No",NA,NA,NA,FALSE,NA,NA,NA,NA,NA,FALSE,NA,FALSE,NA,NA,FALSE,FALSE,FALSE,"data_availability[cooper=Yes,mc=No]","COOPER_RIGHT","Paper text: 'Data for all experiments conducted for this paper are publicly available on the Oxford University Research Archive at https://doi.org/10.5287/bodleian:ZVb26KZ6p.' Not a repo_check-recognized platform; repo_check found/listed nothing at all for this paper.",NA,NA,NA,NA,NA,NA,NA,NA,NA,NA,NA,NA,TRUE
"10_1002_pan3_10727","10_1002_pan3_10727","No",NA,NA,NA,NA,NA,NA,"Yes","No",NA,NA,NA,TRUE,"Zenodo","10.5281/zenodo.13643411",TRUE,TRUE,".csv",FALSE,NA,FALSE,NA,NA,FALSE,NA,FALSE,"data_availability[cooper=No,mc=Yes]","METACHECK_RIGHT","the Data Availability Statement explicitly states ""The following Supplementary Data that support the findings of this study are available in Zenodo"" with a working DOI badge link (10.5281/zenodo.13643411); the paper clearly deposits data, so Cooper marking No appears to be a human-coding error",NA,NA,NA,NA,NA,NA,NA,NA,NA,NA,NA,NA,TRUE
"10_1111_1365_2435_14619","10_1111_1365_2435_14619","Yes","Figshare","Yes","Yes","Yes",".xls(x)","Yes","Yes","No",NA,NA,NA,FALSE,NA,NA,NA,NA,NA,FALSE,NA,FALSE,NA,NA,FALSE,TRUE,FALSE,"data_availability[cooper=Yes,mc=No];any_readme[cooper=Yes,mc=No]","COOPER_RIGHT","Paper text: ""Data are available on Figshare: https://doi.org/10.26188/26180891 (Plumanns-Pouton et al., 2024b)"" (a University of Melbourne institutional Figshare instance, prefix 10.26188). repo_check has no record of attempting this specific DOI at all (no matching row in gated_repos or repo_metadata), consistent with this custom-domain Figshare instance not being recognized by repo_check's provider matching. This leaves repo_check$table empty and produces mc_data_availability=FALSE.",NA,NA,NA,NA,NA,NA,NA,NA,NA,NA,"COOPER_RIGHT","Same unsupported/unrecognized-provider gap: the University of Melbourne's institutional Figshare instance (10.26188 prefix) was never attempted by repo_check, so no file listing or doc_role signal was ever generated for this paper.",TRUE
"10_1111_1365_2656_13548","10_1111_1365_2656_13548","Yes","Dryad","Yes","Yes","Yes",".csv/.tsv;.xls(x)","Yes","Yes","No",NA,NA,NA,TRUE,NA,NA,NA,NA,NA,FALSE,NA,FALSE,NA,NA,FALSE,TRUE,FALSE,"any_readme[cooper=Yes,mc=No]",NA,NA,NA,NA,NA,NA,NA,NA,NA,NA,NA,NA,"DIFFERENT_DEFINITION","Archive-only: repo_check's file listing for this paper is a single compressed archive (.zip/.rar/...) with no separate top-level file. repo_check's own peek_zips=TRUE default DOES try to read a zip's file listing remotely without downloading it, so a README bundled inside is not automatically invisible -- but that peek attempt evidently failed for this specific archive. Confirmed structural cause for Dryad-hosted zips: the peek's HTTP Range request is unauthenticated and Dryad's file-download endpoint returns 401 Unauthorized without an OAuth token, so the peek can never succeed there. For Zenodo/other platforms the failure cause is not yet fully pinned down (see the issue's discussion). Filed as https://github.com/scienceverse/metacheck/issues/378. DIFFERENT_DEFINITION rather than a verdict: resolving this needs a code fix (authenticated peek requests, at minimum for Dryad), not a judgement call on this specific paper.",TRUE
"10_1111_1365_2435_13248","10_1111_1365_2435_13248","Yes","Dryad","Yes","Yes",NA,NA,"Yes","Yes","No",NA,NA,NA,TRUE,"Dryad","doi:10.5061/dryad.vk002fn",TRUE,TRUE,".csv",FALSE,NA,FALSE,NA,NA,FALSE,TRUE,FALSE,"any_readme[cooper=Yes,mc=No]",NA,NA,NA,NA,NA,NA,NA,NA,NA,NA,NA,NA,"DIFFERENT_DEFINITION","Cooper's Yes for this paper's README likely reflects Dryad's dataset abstract (the ONLY free-text field Dryad's API exposes) -- confirmed on 9 real Dryad datasets from this same miss set that this field is consistently the paper's own scientific abstract (numbered background/methods/results prose), never file-level documentation. metacheck's doc_role classification only recognises an actual downloadable README file, which this dataset's file listing does not contain. Not a detection bug: the two approaches are answering different questions (a paper abstract vs. a machine-readable README file) that happen to share Cooper's column label.",TRUE
"10_1111_1365_2656_13289","10_1111_1365_2656_13289","Yes","Dryad","Yes","Yes","Yes",".xls(x)","Yes","Yes","No",NA,NA,NA,TRUE,"Dryad","doi:10.5061/dryad.7sqv9s4q8",TRUE,TRUE,".xlsx",FALSE,NA,FALSE,NA,NA,FALSE,TRUE,FALSE,"any_readme[cooper=Yes,mc=No]",NA,NA,NA,NA,NA,NA,NA,NA,NA,NA,NA,NA,"DIFFERENT_DEFINITION","Cooper's Yes for this paper's README likely reflects Dryad's dataset abstract (the ONLY free-text field Dryad's API exposes) -- confirmed on 9 real Dryad datasets from this same miss set that this field is consistently the paper's own scientific abstract (numbered background/methods/results prose), never file-level documentation. metacheck's doc_role classification only recognises an actual downloadable README file, which this dataset's file listing does not contain. Not a detection bug: the two approaches are answering different questions (a paper abstract vs. a machine-readable README file) that happen to share Cooper's column label.",TRUE
"10_1111_1365_2435_13750","10_1111_1365_2435_13750","Yes","Dryad","Yes","Yes","Yes",".xls(x)","Yes","Yes","No",NA,NA,NA,TRUE,"Dryad","doi:10.5061/dryad.5hqbzkh4z",TRUE,TRUE,".xlsx",FALSE,NA,FALSE,NA,NA,FALSE,TRUE,FALSE,"any_readme[cooper=Yes,mc=No]",NA,NA,NA,NA,NA,NA,NA,NA,NA,NA,NA,NA,"DIFFERENT_DEFINITION","Cooper's Yes for this paper's README likely reflects Dryad's dataset abstract (the ONLY free-text field Dryad's API exposes) -- confirmed on 9 real Dryad datasets from this same miss set that this field is consistently the paper's own scientific abstract (numbered background/methods/results prose), never file-level documentation. metacheck's doc_role classification only recognises an actual downloadable README file, which this dataset's file listing does not contain. Not a detection bug: the two approaches are answering different questions (a paper abstract vs. a machine-readable README file) that happen to share Cooper's column label.",TRUE
"10_1111_1365_2664_14288","10_1111_1365_2664_14288","Yes","Zenodo;Other repo/database","Yes","Yes","Yes",".tif;.shp","Yes","Unsure",NA,NA,NA,NA,TRUE,NA,NA,NA,NA,NA,FALSE,NA,FALSE,NA,NA,FALSE,TRUE,FALSE,"any_readme[cooper=Yes,mc=No]",NA,NA,NA,NA,NA,NA,NA,NA,NA,NA,NA,NA,"DIFFERENT_DEFINITION","Archive-only: repo_check's file listing for this paper is a single compressed archive (.zip/.rar/...) with no separate top-level file. repo_check's own peek_zips=TRUE default DOES try to read a zip's file listing remotely without downloading it, so a README bundled inside is not automatically invisible -- but that peek attempt evidently failed for this specific archive. Confirmed structural cause for Dryad-hosted zips: the peek's HTTP Range request is unauthenticated and Dryad's file-download endpoint returns 401 Unauthorized without an OAuth token, so the peek can never succeed there. For Zenodo/other platforms the failure cause is not yet fully pinned down (see the issue's discussion). Filed as https://github.com/scienceverse/metacheck/issues/378. DIFFERENT_DEFINITION rather than a verdict: resolving this needs a code fix (authenticated peek requests, at minimum for Dryad), not a judgement call on this specific paper.",TRUE
"10_1111_1365_2745_13276","10_1111_1365_2745_13276","Yes","Dryad","Yes","Yes","Yes",".xls(x)","Yes","Yes","No",NA,NA,NA,TRUE,"Dryad","doi:10.5061/dryad.040jp22",TRUE,TRUE,".xlsx",FALSE,NA,FALSE,NA,NA,FALSE,TRUE,FALSE,"any_readme[cooper=Yes,mc=No]",NA,NA,NA,NA,NA,NA,NA,NA,NA,NA,NA,NA,"DIFFERENT_DEFINITION","Cooper's Yes for this paper's README likely reflects Dryad's dataset abstract (the ONLY free-text field Dryad's API exposes) -- confirmed on 9 real Dryad datasets from this same miss set that this field is consistently the paper's own scientific abstract (numbered background/methods/results prose), never file-level documentation. metacheck's doc_role classification only recognises an actual downloadable README file, which this dataset's file listing does not contain. Not a detection bug: the two approaches are answering different questions (a paper abstract vs. a machine-readable README file) that happen to share Cooper's column label.",TRUE
"10_1002_pan3_10648","10_1002_pan3_10648","Yes","Dryad","Yes, but DOI not found/incorrect","Unsure",NA,NA,NA,"Yes","No",NA,NA,NA,FALSE,NA,NA,NA,NA,NA,FALSE,NA,FALSE,NA,NA,FALSE,NA,FALSE,"data_availability[cooper=Yes,mc=No]","COOPER_RIGHT","EMBARGOED/RESTRICTED AT SOURCE (confirmed via the repository's own API) | Reference list cites a real Dryad DOI: ""Dryad. https://doi.org/10.5061/dryad.ffbg79d2p."" repo_check found zero files for this paper -- it never located/checked this Dryad DOI.",NA,NA,NA,NA,NA,NA,NA,NA,NA,NA,NA,NA,TRUE
"10_1111_1365_2656_12931","10_1111_1365_2656_12931","No, but they are available on request",NA,NA,NA,NA,NA,NA,"Yes","Yes","Yes","R","Yes",TRUE,"GitHub, GitLab, Codeberg or similar platform",NA,FALSE,TRUE,".rds",TRUE,NA,TRUE,TRUE,"R",TRUE,TRUE,TRUE,"data_availability[cooper=No,mc=Yes]","METACHECK_RIGHT","Data Accessibility statement explicitly states ""The script used for numerical simulations and empirical analyses can be found on GitHub, as well as empirical data we used (https://github.com/leiku/TL_proximate.git)""; the paper clearly claims a data repository exists on GitHub, so Cooper marking No appears to be a human-coding error (possibly because Cooper´s protocol undercounts GitHub as a valid data repository, but the paper text explicitly calls it out as containing the empirical data) | KNOWN METACHECK LIMITATION (not yet fixed, github.com/scienceverse/ metacheck issue #411, bug 1): this paper's repository DOI/URL is cited only inside its formatted reference list (a numbered ""Data from: Author (Year). Title [Dataset]. https://doi.org/..."" entry), never as an inline hyperlink or bare in-text mention. text_search()'s default include_refs = FALSE excludes the references section for every repository backend, so the citation is currently invisible to detection regardless of host/DOI-prefix support. Confirmed live 2026-09-19: the DOI itself resolves correctly when queried directly.",NA,NA,NA,NA,NA,NA,NA,NA,NA,NA,NA,NA,TRUE
"10_1111_1365_2745_13849","10_1111_1365_2745_13849","Yes","Personal website","Yes","Yes","Yes",".xls(x)","No","Yes","No",NA,NA,NA,FALSE,NA,NA,NA,NA,NA,FALSE,NA,FALSE,NA,NA,FALSE,FALSE,FALSE,"data_availability[cooper=Yes,mc=No]","COOPER_RIGHT","Paper states ""The tree level data used in Figure 5 are available on request from http://forestplot.net"" AND cites a separate archived dataset, Zanne et al.'s ""Global wood density database"" on Dryad (10.5061/dryad.234); taken together this is an explicit data-availability claim (a named on-request source plus an archived reference dataset), contradicting mc's FALSE. | KNOWN METACHECK LIMITATION (not yet fixed, github.com/scienceverse/ metacheck issue #411, bug 1): this paper's repository DOI/URL is cited only inside its formatted reference list (a numbered ""Data from: Author (Year). Title [Dataset]. https://doi.org/..."" entry), never as an inline hyperlink or bare in-text mention. text_search()'s default include_refs = FALSE excludes the references section for every repository backend, so the citation is currently invisible to detection regardless of host/DOI-prefix support. Confirmed live 2026-09-19: the DOI itself resolves correctly when queried directly.",NA,NA,NA,NA,NA,NA,NA,NA,NA,NA,NA,NA,TRUE
"10_1111_1365_2664_14598","10_1111_1365_2664_14598","Yes","Other repo/database","Yes","Yes","Yes",".xls(x)","Yes","Yes","No",NA,NA,NA,FALSE,NA,NA,NA,NA,NA,FALSE,NA,FALSE,NA,NA,FALSE,TRUE,FALSE,"data_availability[cooper=Yes,mc=No];any_readme[cooper=Yes,mc=No]","COOPER_RIGHT","UNSUPPORTED REPO | Paper's own availability statement: ""Data available from the University of Reading Research Data Archive at https://doi.org/10.17864/1947.000525 (Howard, 2024)."" Cites a real Other repo/database (Univ. of Reading) repository (https://doi.org/10.17864/1947.000525). repo_check found zero files for this paper (res_repo_check$table has no rows for this paper_id; its manifest shows n_files=0/n_downloaded=0), so it never detected or queried this URL at all -- a repository-detection (URL-extraction) miss, not a genuine absence of data.",NA,NA,NA,NA,NA,NA,NA,NA,NA,NA,"COOPER_RIGHT","repo_check found zero files for this paper (res_repo_check$table has no rows for this paper_id), so it had no basis to detect a README even if one exists in the actual (un-located) repository.",TRUE
"10_1111_1365_2435_13850","10_1111_1365_2435_13850","Yes","Figshare","Yes","Yes","Yes",".csv/.tsv;.xls(x)","No","Yes","No",NA,NA,NA,FALSE,NA,NA,NA,NA,NA,FALSE,NA,FALSE,NA,NA,FALSE,FALSE,FALSE,"data_availability[cooper=Yes,mc=No]","COOPER_RIGHT","Paper text (twice): ""Data used in the analyses are available on FigShare at: https://doi.org/10.25573/data.c.5073065.v1 (Collin & Chan, 2021)"". repo_check has no record of attempting this specific DOI at all (no matching row in gated_repos or repo_metadata), consistent with this institutional Figshare instance (10.25573 prefix, not figshare.com) not being recognized by repo_check's provider matching. This leaves repo_check$table empty and produces mc_data_availability=FALSE.",NA,NA,NA,NA,NA,NA,NA,NA,NA,NA,NA,NA,TRUE
"10_1111_1365_2664_14308","10_1111_1365_2664_14308","Yes","Other repo/database","Yes","Yes","Yes",".xls(x)","Quasi-README","Yes","No",NA,NA,NA,TRUE,"Other repo/database","10.17632/dnvpcyp3fk.1",TRUE,TRUE,".xlsx",FALSE,NA,FALSE,NA,NA,FALSE,TRUE,FALSE,"any_readme[cooper=Yes,mc=No]",NA,NA,NA,NA,NA,NA,NA,NA,NA,NA,NA,NA,"COOPER_RIGHT","SPLIT-DOI EXTRACTION ARTIFACT | Same root cause: repo_check never located the Mendeley Data repository the paper cites, so no README evidence could ever be recorded.",TRUE
"10_1002_2688_8319_12320","10_1002_2688_8319_12320","Yes","Zenodo","Yes","Yes","Yes",".csv/.tsv","Yes","Yes","No",NA,NA,NA,TRUE,"Zenodo","10.5281/zenodo.10046644",TRUE,TRUE,".csv",FALSE,NA,FALSE,NA,NA,FALSE,TRUE,FALSE,"any_readme[cooper=Yes,mc=No]",NA,NA,NA,NA,NA,NA,NA,NA,NA,NA,NA,NA,"DIFFERENT_DEFINITION","Cooper's Yes for this paper's README may reflect this Zenodo record's `description` field -- checked live 2026-09-02 against a sample of 6 real Zenodo records from this miss set and found genuine variation (sometimes a study summary, sometimes contact metadata, sometimes file-by-file documentation, sometimes empty), i.e. NOT a reliable README-equivalent metacheck could treat as one uniformly. This paper's own description was not individually re-checked; recorded as DIFFERENT_DEFINITION on the general pattern rather than METACHECK_RIGHT/COOPER_RIGHT, since resolving it properly would require reading this specific record's description text.",TRUE
"10_1002_pan3_10730","10_1002_pan3_10730","Yes","Figshare","Yes","Yes","Yes",".csv/.tsv","Yes","Yes","No",NA,NA,NA,TRUE,"Figshare","10.6084/m9.figshare.26861977.v1",TRUE,TRUE,".csv",FALSE,NA,FALSE,NA,NA,FALSE,TRUE,FALSE,"any_readme[cooper=Yes,mc=No]",NA,NA,NA,NA,NA,NA,NA,NA,NA,NA,NA,NA,"DIFFERENT_DEFINITION","Cooper's Yes for this paper's README may reflect this Figshare article's `description` field -- checked live 2026-09-02 against a sample of 10 real Figshare articles from this miss set and found genuine variation (roughly 2 of 10 had real file-by-file documentation, the rest were abstract/methods-style summaries indistinguishable from Dryad's pattern), i.e. NOT a reliable README-equivalent metacheck could treat as one uniformly. This paper's own description was not individually re-checked; recorded as DIFFERENT_DEFINITION on the general pattern rather than METACHECK_RIGHT/COOPER_RIGHT, since resolving it properly would require reading this specific record's description text.",TRUE
"10_1111_1365_2656_12689","10_1111_1365_2656_12689","Yes","Dryad","Yes","Yes","Yes",".xls(x)","Yes","Yes","No",NA,NA,NA,TRUE,"Dryad","doi:10.5061/dryad.60326",TRUE,TRUE,".xls",FALSE,NA,FALSE,NA,NA,FALSE,TRUE,FALSE,"any_readme[cooper=Yes,mc=No]",NA,NA,NA,NA,NA,NA,NA,NA,NA,NA,NA,NA,"DIFFERENT_DEFINITION","Cooper's Yes for this paper's README likely reflects Dryad's dataset abstract (the ONLY free-text field Dryad's API exposes) -- confirmed on 9 real Dryad datasets from this same miss set that this field is consistently the paper's own scientific abstract (numbered background/methods/results prose), never file-level documentation. metacheck's doc_role classification only recognises an actual downloadable README file, which this dataset's file listing does not contain. Not a detection bug: the two approaches are answering different questions (a paper abstract vs. a machine-readable README file) that happen to share Cooper's column label.",TRUE
"10_1111_1365_2656_14052","10_1111_1365_2656_14052","Yes","Dryad","Yes","Yes","Yes",".csv/.tsv;.txt","Yes","Yes","Yes","Yes","R","Yes",TRUE,"Dryad","doi:10.5061/dryad.tdz08kq61",TRUE,TRUE,".csv",TRUE,NA,FALSE,NA,NA,TRUE,TRUE,TRUE,"code_archived[cooper=Yes,mc=No]",NA,NA,NA,NA,NA,NA,NA,NA,"UNCLEAR","Data Availability Statement only mentions data via Dryad (""Data available from the Dryad Digital Repository""); no code, script, or software availability statement was found anywhere in the paper text and Methods sections show no code/script/software mentions, so there is no textual basis found for Cooper coding code_archived=Yes",NA,NA,NA,NA,TRUE
"10_1111_1365_2435_13521","10_1111_1365_2435_13521","Yes","Dryad","Yes","Yes","Yes",".xls(x)","Yes","Yes","No",NA,NA,NA,TRUE,"Dryad","doi:10.5061/dryad.kh1893228",TRUE,TRUE,".xlsx",FALSE,NA,FALSE,NA,NA,FALSE,TRUE,FALSE,"any_readme[cooper=Yes,mc=No]",NA,NA,NA,NA,NA,NA,NA,NA,NA,NA,NA,NA,"DIFFERENT_DEFINITION","Cooper's Yes for this paper's README likely reflects Dryad's dataset abstract (the ONLY free-text field Dryad's API exposes) -- confirmed on 9 real Dryad datasets from this same miss set that this field is consistently the paper's own scientific abstract (numbered background/methods/results prose), never file-level documentation. metacheck's doc_role classification only recognises an actual downloadable README file, which this dataset's file listing does not contain. Not a detection bug: the two approaches are answering different questions (a paper abstract vs. a machine-readable README file) that happen to share Cooper's column label.",TRUE
"10_1111_1365_2656_13414","10_1111_1365_2656_13414","Yes","Dryad","Yes","Yes","Yes",".xls(x)","No","Yes","No",NA,NA,NA,TRUE,"Dryad","doi:10.5061/dryad.nk98sf7sc",TRUE,FALSE,NA,FALSE,NA,FALSE,NA,NA,FALSE,FALSE,FALSE,"data_download[cooper=Yes,mc=No]",NA,NA,NA,NA,NA,NA,"DIFFERENT_DEFINITION","The paper's one data file, defensive_chemicals.xlsx (Dryad doi:10.5061/dryad.nk98sf7sc), DID download successfully (file_location non-NA) and opens fine in standard software (it's a normal .xlsx). mc_data_download is FALSE only because data_check's stricter tabular_usable flag is FALSE, with non_tabular_reason = ""100% of columns are free text, not variables"" -- a narrower technical bar (does it parse as clean rectangular tabular data) than Cooper's plainer ""did the data download and open"" question, which this file satisfies.",NA,NA,NA,NA,NA,NA,TRUE
"10_1111_1365_2664_14022","10_1111_1365_2664_14022","Yes","Dryad","Yes, but DOI not found/incorrect",NA,NA,NA,NA,"Yes","Yes",NA,NA,NA,FALSE,NA,NA,NA,NA,NA,FALSE,NA,FALSE,NA,NA,FALSE,NA,FALSE,"data_availability[cooper=Yes,mc=No];code_archived[cooper=Yes,mc=No]","COOPER_RIGHT","Paper text: ""Data available via the Dryad Digital Repository https://doi.org/10.5061/dryad.63xsj3v39 (Roquer-Beni et al., 2021)"". repo_check DID recognize this DOI (one row in repo_metadata, doi:10.5061/dryad.63xsj3v39) but repo_check$table (the actual file listing) is empty for this paper -- the repository was identified but its contents were never successfully retrieved, producing mc_data_availability=FALSE.",NA,NA,NA,NA,NA,NA,"COOPER_RIGHT","Same Dryad repository (doi:10.5061/dryad.63xsj3v39) was recognized by repo_check but its file listing was never successfully retrieved (repo_check$table empty), so code_check never had a chance to examine its contents for code files. The paper text does not explicitly separate out a distinct code repository, so Cooper's Yes is presumed to reference the same, never-listed Dryad deposit.",NA,NA,NA,NA,TRUE
"10_1111_1365_2656_13198","10_1111_1365_2656_13198","Yes","Other repo/database","Yes","No","Yes",".csv/.tsv","Yes","Yes","No",NA,NA,NA,TRUE,"OSF",NA,FALSE,TRUE,".csv",TRUE,NA,FALSE,NA,NA,TRUE,TRUE,TRUE,"data_archive[cooper=Other repo/database,mc=OSF]",NA,NA,"METACHECK_RIGHT","Data Availability Statement explicitly states ""All data used in this paper are available from the OSF: https://doi.org/10.17605/OSF.IO/J4XHS"", an unambiguous OSF link; Cooper labeling this ""Other repo/database"" instead of ""OSF"" appears to be a human-coding slip",NA,NA,NA,NA,NA,NA,NA,NA,NA,NA,TRUE
"10_1111_1365_2745_12901","10_1111_1365_2745_12901","Yes","Other repo/database","Yes","Unsure","No",NA,NA,"No",NA,NA,NA,NA,FALSE,NA,NA,NA,NA,NA,FALSE,NA,FALSE,NA,NA,FALSE,NA,FALSE,"data_availability[cooper=Yes,mc=No]","COOPER_RIGHT","UNSUPPORTED REPO (USGS ScienceBase) | Paper text: ""All of the supporting data presented in this paper have been publically archived at sciencebase.gov: https://doi.org/10.5066/f7639mvk (Stagg, Baustian, Perry, Carruthers, & Hall, 2017)."" repo_check found zero files for this paper -- it never located/checked this ScienceBase DOI.",NA,NA,NA,NA,NA,NA,NA,NA,NA,NA,NA,NA,TRUE
"10_1111_1365_2656_13996","10_1111_1365_2656_13996","Yes","Figshare","Yes","Yes","Yes",".csv/.tsv;.xls(x)","Yes","Yes","No",NA,NA,NA,TRUE,"Figshare","10.6084/m9.figshare.23744610.v2",TRUE,TRUE,".csv;.xlsx",FALSE,NA,FALSE,NA,NA,FALSE,TRUE,FALSE,"any_readme[cooper=Yes,mc=No]",NA,NA,NA,NA,NA,NA,NA,NA,NA,NA,NA,NA,"DIFFERENT_DEFINITION","Cooper's Yes for this paper's README may reflect this Figshare article's `description` field -- checked live 2026-09-02 against a sample of 10 real Figshare articles from this miss set and found genuine variation (roughly 2 of 10 had real file-by-file documentation, the rest were abstract/methods-style summaries indistinguishable from Dryad's pattern), i.e. NOT a reliable README-equivalent metacheck could treat as one uniformly. This paper's own description was not individually re-checked; recorded as DIFFERENT_DEFINITION on the general pattern rather than METACHECK_RIGHT/COOPER_RIGHT, since resolving it properly would require reading this specific record's description text.",TRUE
"10_1111_1365_2664_14661","10_1111_1365_2664_14661","Yes","Zenodo","Yes","Yes","Yes",".csv/.tsv","Yes","Yes","Yes","Yes","R","Yes",TRUE,"Zenodo","10.5281/zenodo.10992334",TRUE,TRUE,".csv",FALSE,NA,TRUE,TRUE,"R",FALSE,TRUE,FALSE,"any_readme[cooper=Yes,mc=No]",NA,NA,NA,NA,NA,NA,NA,NA,NA,NA,NA,NA,"DIFFERENT_DEFINITION","Cooper's Yes for this paper's README may reflect this Zenodo record's `description` field -- checked live 2026-09-02 against a sample of 6 real Zenodo records from this miss set and found genuine variation (sometimes a study summary, sometimes contact metadata, sometimes file-by-file documentation, sometimes empty), i.e. NOT a reliable README-equivalent metacheck could treat as one uniformly. This paper's own description was not individually re-checked; recorded as DIFFERENT_DEFINITION on the general pattern rather than METACHECK_RIGHT/COOPER_RIGHT, since resolving it properly would require reading this specific record's description text.",TRUE
"10_1111_1365_2745_13834","10_1111_1365_2745_13834","Yes","Figshare","Yes","Yes","Yes",".xls(x)","Yes","No",NA,NA,NA,NA,TRUE,"Figshare","10.6084/m9.figshare.16831951.v1",TRUE,TRUE,".xlsx",FALSE,NA,FALSE,NA,NA,FALSE,TRUE,FALSE,"any_readme[cooper=Yes,mc=No]",NA,NA,NA,NA,NA,NA,NA,NA,NA,NA,NA,NA,"DIFFERENT_DEFINITION","Cooper's Yes for this paper's README may reflect this Figshare article's `description` field -- checked live 2026-09-02 against a sample of 10 real Figshare articles from this miss set and found genuine variation (roughly 2 of 10 had real file-by-file documentation, the rest were abstract/methods-style summaries indistinguishable from Dryad's pattern), i.e. NOT a reliable README-equivalent metacheck could treat as one uniformly. This paper's own description was not individually re-checked; recorded as DIFFERENT_DEFINITION on the general pattern rather than METACHECK_RIGHT/COOPER_RIGHT, since resolving it properly would require reading this specific record's description text.",TRUE
"10_1111_1365_2656_13696","10_1111_1365_2656_13696","Yes","Figshare","Yes","Yes","Yes",".csv/.tsv;.doc(x)","Yes","Yes","No",NA,NA,NA,TRUE,"Figshare","10.6084/m9.figshare.19314488.v2",TRUE,TRUE,".csv",FALSE,NA,FALSE,NA,NA,FALSE,TRUE,FALSE,"any_readme[cooper=Yes,mc=No]",NA,NA,NA,NA,NA,NA,NA,NA,NA,NA,NA,NA,"DIFFERENT_DEFINITION","Cooper's Yes for this paper's README may reflect this Figshare article's `description` field -- checked live 2026-09-02 against a sample of 10 real Figshare articles from this miss set and found genuine variation (roughly 2 of 10 had real file-by-file documentation, the rest were abstract/methods-style summaries indistinguishable from Dryad's pattern), i.e. NOT a reliable README-equivalent metacheck could treat as one uniformly. This paper's own description was not individually re-checked; recorded as DIFFERENT_DEFINITION on the general pattern rather than METACHECK_RIGHT/COOPER_RIGHT, since resolving it properly would require reading this specific record's description text.",TRUE
"10_1111_1365_2664_13103","10_1111_1365_2664_13103","Yes","Dryad","Yes","Yes","Yes",".csv/.tsv","Yes","Yes","No",NA,NA,NA,TRUE,"Dryad","doi:10.5061/dryad.rf510",TRUE,TRUE,".csv",FALSE,NA,FALSE,NA,NA,FALSE,TRUE,FALSE,"any_readme[cooper=Yes,mc=No]",NA,NA,NA,NA,NA,NA,NA,NA,NA,NA,NA,NA,"DIFFERENT_DEFINITION","Cooper's Yes for this paper's README likely reflects Dryad's dataset abstract (the ONLY free-text field Dryad's API exposes) -- confirmed on 9 real Dryad datasets from this same miss set that this field is consistently the paper's own scientific abstract (numbered background/methods/results prose), never file-level documentation. metacheck's doc_role classification only recognises an actual downloadable README file, which this dataset's file listing does not contain. Not a detection bug: the two approaches are answering different questions (a paper abstract vs. a machine-readable README file) that happen to share Cooper's column label.",TRUE
"10_1111_1365_2664_13828","10_1111_1365_2664_13828","Yes","Other repo/database","Yes","Yes","Yes",".xls(x)","Yes","Yes","No",NA,NA,NA,FALSE,NA,NA,NA,NA,NA,FALSE,NA,FALSE,NA,NA,FALSE,TRUE,FALSE,"data_availability[cooper=Yes,mc=No];any_readme[cooper=Yes,mc=No]","COOPER_RIGHT","Broader search of the full paper text found the actual DAS, missed by standard keyword filtering: ""Data available via the Australian Antarctic Data Centre https://dx.doi.org/doi:10.26179/6kes-0a57 (Travers & Shaw, 2020)""; repo_check's summary_table confirms repo_n=0 (this repository was never detected). (The Zenodo DOI captured by the initial text search is an unrelated bibliography citation for the third-party R package sjstats, not this paper's own data.) | KNOWN METACHECK LIMITATION (not yet fixed, github.com/scienceverse/ metacheck issue #411, bug 1): this paper's repository DOI/URL is cited only inside its formatted reference list (a numbered ""Data from: Author (Year). Title [Dataset]. https://doi.org/..."" entry), never as an inline hyperlink or bare in-text mention. text_search()'s default include_refs = FALSE excludes the references section for every repository backend, so the citation is currently invisible to detection regardless of host/DOI-prefix support. Confirmed live 2026-09-19: the DOI itself resolves correctly when queried directly.",NA,NA,NA,NA,NA,NA,NA,NA,NA,NA,"COOPER_RIGHT","The Australian Antarctic Data Centre deposit (10.26179/6kes-0a57) holding this paper's data was never detected by repo_check (repo_n=0), so metacheck never checked it for a readme.",TRUE
"10_1111_1365_2656_14051","10_1111_1365_2656_14051","Yes","Zenodo","Yes",NA,"Yes",".csv/.tsv","Yes","Yes","Yes","Yes","R","No",TRUE,"Zenodo","10.5281/zenodo.10479283",TRUE,TRUE,".csv",TRUE,NA,FALSE,NA,NA,TRUE,TRUE,TRUE,"code_archived[cooper=Yes,mc=No]",NA,NA,NA,NA,NA,NA,NA,NA,"COOPER_RIGHT","Methods explicitly states ""See Supporting Information S1.3 for a full description of the modelling approach and Supporting Information S2 for the code"" and the Supporting Information section list includes ""Supporting Information S2. Code.""; code clearly exists but is provided as a supplementary file attached to the article rather than in the Zenodo data repository, which likely explains why metacheck (looking for code in the linked repository) found none",NA,NA,NA,NA,TRUE
"10_1111_1365_2664_13879","10_1111_1365_2664_13879","Yes","Dryad","Yes","Yes","Yes",".csv/.tsv","Yes","Yes","No",NA,NA,NA,TRUE,NA,NA,NA,NA,NA,FALSE,NA,FALSE,NA,NA,FALSE,TRUE,FALSE,"any_readme[cooper=Yes,mc=No]",NA,NA,NA,NA,NA,NA,NA,NA,NA,NA,NA,NA,"DIFFERENT_DEFINITION","Archive-only: repo_check's file listing for this paper is a single compressed archive (.zip/.rar/...) with no separate top-level file. repo_check's own peek_zips=TRUE default DOES try to read a zip's file listing remotely without downloading it, so a README bundled inside is not automatically invisible -- but that peek attempt evidently failed for this specific archive. Confirmed structural cause for Dryad-hosted zips: the peek's HTTP Range request is unauthenticated and Dryad's file-download endpoint returns 401 Unauthorized without an OAuth token, so the peek can never succeed there. For Zenodo/other platforms the failure cause is not yet fully pinned down (see the issue's discussion). Filed as https://github.com/scienceverse/metacheck/issues/378. DIFFERENT_DEFINITION rather than a verdict: resolving this needs a code fix (authenticated peek requests, at minimum for Dryad), not a judgement call on this specific paper.",TRUE
"10_1111_1365_2656_14155","10_1111_1365_2656_14155","Yes","Figshare","Yes","Yes","Yes",".csv/.tsv","Yes","Yes","No",NA,NA,NA,TRUE,"Figshare","10.6084/m9.figshare.26045368.v1",TRUE,TRUE,".csv",FALSE,NA,FALSE,NA,NA,FALSE,TRUE,FALSE,"any_readme[cooper=Yes,mc=No]",NA,NA,NA,NA,NA,NA,NA,NA,NA,NA,NA,NA,"DIFFERENT_DEFINITION","Cooper's Yes for this paper's README may reflect this Figshare article's `description` field -- checked live 2026-09-02 against a sample of 10 real Figshare articles from this miss set and found genuine variation (roughly 2 of 10 had real file-by-file documentation, the rest were abstract/methods-style summaries indistinguishable from Dryad's pattern), i.e. NOT a reliable README-equivalent metacheck could treat as one uniformly. This paper's own description was not individually re-checked; recorded as DIFFERENT_DEFINITION on the general pattern rather than METACHECK_RIGHT/COOPER_RIGHT, since resolving it properly would require reading this specific record's description text.",TRUE
"10_1111_1365_2435_14425","10_1111_1365_2435_14425","Yes","Figshare","Yes","Yes","Yes",".xls(x)","Yes","Yes","No",NA,NA,NA,TRUE,"Figshare","10.6084/m9.figshare.23994738.v1",TRUE,TRUE,".xlsx",FALSE,NA,FALSE,NA,NA,FALSE,TRUE,FALSE,"any_readme[cooper=Yes,mc=No]",NA,NA,NA,NA,NA,NA,NA,NA,NA,NA,NA,NA,"DIFFERENT_DEFINITION","Cooper's Yes for this paper's README may reflect this Figshare article's `description` field -- checked live 2026-09-02 against a sample of 10 real Figshare articles from this miss set and found genuine variation (roughly 2 of 10 had real file-by-file documentation, the rest were abstract/methods-style summaries indistinguishable from Dryad's pattern), i.e. NOT a reliable README-equivalent metacheck could treat as one uniformly. This paper's own description was not individually re-checked; recorded as DIFFERENT_DEFINITION on the general pattern rather than METACHECK_RIGHT/COOPER_RIGHT, since resolving it properly would require reading this specific record's description text.",TRUE
"10_1111_2041_210x_13006","10_1111_2041_210x_13006","Yes","Dryad","Yes","Yes","Yes",".csv/.tsv;.txt;.Rdata","Yes","Yes","Yes","Yes","R","Yes",TRUE,"GitHub, GitLab, Codeberg or similar platform",NA,FALSE,TRUE,".rds",TRUE,NA,TRUE,TRUE,"R",TRUE,TRUE,TRUE,"data_license[cooper=Yes,mc=No];data_archive[cooper=Dryad,mc=GitHub, GitLab, Codeberg or similar platform]",NA,NA,"COOPER_RIGHT","the text states ""The data used to compute the DTT analyses for cichlid fish body and fin morphology... can be accessed via https://datadryad.org//resource/doi:10.5061/dryad.h4k6f"", clearly the primary data repository is Dryad; a GitHub link is also present but only for ""updated source code from https://github.com/mwpennell/geiger-v2/blob/master/R/disparity.R"", i.e. code not data, so metacheck choosing GitHub as the data_archive platform is a conflation of an incidental code citation with the data repository, likely caused by the same section-parsing failure that merged the availability text into the references section","COOPER_RIGHT","Two repositories: Zenodo record 10.5281/zenodo.1197535 IS licensed (depositor-selected ""Other (Open)"", from Zenodo's records API) but data_check classified zero of its files as data (all 9 files classified ""code""); the GitHub repo mwpennell/geiger-v2 has no recorded license (confirmed live via GitHub's own repository API) and is the repo actually holding the paper's 9 data-classified files. Same pattern as 10_1002_pan3_10736.",NA,NA,NA,NA,NA,NA,NA,NA,TRUE
"10_1111_1365_2656_13382","10_1111_1365_2656_13382","Yes","Figshare","Yes","Yes","Yes",".xls(x)","Yes","Yes","Yes","Yes","R","Yes",TRUE,"Figshare","10.6084/m9.figshare.12095961.v2",TRUE,TRUE,".xlsx",FALSE,NA,FALSE,NA,NA,FALSE,TRUE,FALSE,"code_archived[cooper=Yes,mc=No];any_readme[cooper=Yes,mc=No]",NA,NA,NA,NA,NA,NA,NA,NA,"COOPER_RIGHT","Data Availability Statement explicitly states ""Data supporting the results and the R codes of all our analyses are available from Figshare Repository"", code is clearly claimed to be archived; metacheck likely missed it since code is bundled in the same Figshare repo as data rather than a separate code-specific URL",NA,NA,"DIFFERENT_DEFINITION","Cooper's Yes for this paper's README may reflect this Figshare article's `description` field -- checked live 2026-09-02 against a sample of 10 real Figshare articles from this miss set and found genuine variation (roughly 2 of 10 had real file-by-file documentation, the rest were abstract/methods-style summaries indistinguishable from Dryad's pattern), i.e. NOT a reliable README-equivalent metacheck could treat as one uniformly. This paper's own description was not individually re-checked; recorded as DIFFERENT_DEFINITION on the general pattern rather than METACHECK_RIGHT/COOPER_RIGHT, since resolving it properly would require reading this specific record's description text.",TRUE
"10_1002_2688_8319_12405","10_1002_2688_8319_12405","Yes","Dryad","Yes","Yes","Yes",".csv/.tsv","Yes","Yes","Yes","Yes","R","Yes",TRUE,NA,NA,NA,NA,NA,TRUE,NA,FALSE,NA,NA,TRUE,TRUE,TRUE,"code_archived[cooper=Yes,mc=No]",NA,NA,NA,NA,NA,NA,NA,NA,"COOPER_RIGHT","Methods/Table 2 area explicitly states ""The full script is provided in Appendix S3"" and the Supporting Information list includes ""Appendix S3. R script for census simulations""; code clearly exists as a supplementary file, which likely explains why metacheck (looking in the linked Dryad repository rather than supplementary files) found no code",NA,NA,NA,NA,TRUE
"10_1111_1365_2664_12957","10_1111_1365_2664_12957","Yes","Dryad","Yes","Yes","Yes",".xls(x)","Yes","Yes","No",NA,NA,NA,TRUE,"Dryad","doi:10.5061/dryad.5m582",TRUE,TRUE,".xlsx",FALSE,NA,FALSE,NA,NA,FALSE,TRUE,FALSE,"any_readme[cooper=Yes,mc=No]",NA,NA,NA,NA,NA,NA,NA,NA,NA,NA,NA,NA,"DIFFERENT_DEFINITION","Cooper's Yes for this paper's README likely reflects Dryad's dataset abstract (the ONLY free-text field Dryad's API exposes) -- confirmed on 9 real Dryad datasets from this same miss set that this field is consistently the paper's own scientific abstract (numbered background/methods/results prose), never file-level documentation. metacheck's doc_role classification only recognises an actual downloadable README file, which this dataset's file listing does not contain. Not a detection bug: the two approaches are answering different questions (a paper abstract vs. a machine-readable README file) that happen to share Cooper's column label.",TRUE
"10_1002_pan3_10689","10_1002_pan3_10689","Yes","Figshare","Yes","Yes","Yes",".xls(x)","Yes","Yes","No",NA,NA,NA,FALSE,NA,NA,NA,NA,NA,FALSE,NA,FALSE,NA,NA,FALSE,TRUE,FALSE,"data_availability[cooper=Yes,mc=No];any_readme[cooper=Yes,mc=No]","COOPER_RIGHT","UNSUPPORTED REPO | Paper text: data are 'archived with VTechData, the data repository for Virginia Tech. https://doi.org/10.7294/25914...' (URL truncated by extraction but clearly a real DOI). repo_check found zero files for this paper -- it never located/checked this VTechData repository.",NA,NA,NA,NA,NA,NA,NA,NA,NA,NA,"COOPER_RIGHT","Same root cause: repo_check never located the VTechData repository the paper cites, so no README evidence could ever be recorded.",TRUE
"10_1111_2041_210x_13262","10_1111_2041_210x_13262","Yes","Other repo/database","Yes","Yes","Yes",".csv/.tsv","Yes","Yes","Yes","Yes","R","Yes",FALSE,NA,NA,NA,NA,NA,FALSE,NA,FALSE,NA,NA,FALSE,TRUE,FALSE,"data_availability[cooper=Yes,mc=No];code_archived[cooper=Yes,mc=No];any_readme[cooper=Yes,mc=No]","COOPER_RIGHT","UNSUPPORTED REPO | Paper text, under a labeled 'DATA AVAILABILITY STATEMENT': ""All JAGS and Stan model code and datasets are archived at https://doi.org/10.5066/P99JX2ND"", plus a second link at irma.nps.gov. repo_check found zero files for this paper -- it never located/checked either repository.",NA,NA,NA,NA,NA,NA,"COOPER_RIGHT","Same repository (10.5066/P99JX2ND) explicitly described as archiving 'All JAGS and Stan model code and datasets'; repo_check never located it at all.",NA,NA,"COOPER_RIGHT","Same root cause: repo_check never located the repositories the paper cites, so no README evidence could ever be recorded.",TRUE
"10_1111_1365_2656_13193","10_1111_1365_2656_13193","Yes","Figshare","Yes","Yes","Yes",".csv/.tsv","Yes","Yes","Yes","Yes","R","Yes",TRUE,"Figshare","10.6084/m9.figshare.7726256.v7",TRUE,TRUE,".csv",FALSE,NA,TRUE,TRUE,"R",FALSE,TRUE,FALSE,"any_readme[cooper=Yes,mc=No]",NA,NA,NA,NA,NA,NA,NA,NA,NA,NA,NA,NA,"DIFFERENT_DEFINITION","Cooper's Yes for this paper's README may reflect this Figshare article's `description` field -- checked live 2026-09-02 against a sample of 10 real Figshare articles from this miss set and found genuine variation (roughly 2 of 10 had real file-by-file documentation, the rest were abstract/methods-style summaries indistinguishable from Dryad's pattern), i.e. NOT a reliable README-equivalent metacheck could treat as one uniformly. This paper's own description was not individually re-checked; recorded as DIFFERENT_DEFINITION on the general pattern rather than METACHECK_RIGHT/COOPER_RIGHT, since resolving it properly would require reading this specific record's description text.",TRUE
"10_1111_1365_2656_12871","10_1111_1365_2656_12871","Yes","Dryad","Yes","Yes","Yes",".csv/.tsv","Yes","Yes","No",NA,NA,NA,TRUE,"Dryad","doi:10.5061/dryad.3hd6sb6",TRUE,TRUE,".xlsx",FALSE,NA,FALSE,NA,NA,FALSE,TRUE,FALSE,"any_readme[cooper=Yes,mc=No]",NA,NA,NA,NA,NA,NA,NA,NA,NA,NA,NA,NA,"DIFFERENT_DEFINITION","Cooper's Yes for this paper's README likely reflects Dryad's dataset abstract (the ONLY free-text field Dryad's API exposes) -- confirmed on 9 real Dryad datasets from this same miss set that this field is consistently the paper's own scientific abstract (numbered background/methods/results prose), never file-level documentation. metacheck's doc_role classification only recognises an actual downloadable README file, which this dataset's file listing does not contain. Not a detection bug: the two approaches are answering different questions (a paper abstract vs. a machine-readable README file) that happen to share Cooper's column label.",TRUE
"10_1111_1365_2664_13365","10_1111_1365_2664_13365","Yes","Dryad;Zenodo","Yes",NA,"Yes",".xls(x)","No","Yes","Yes","Yes","R","Quasi-README",TRUE,"Dryad","doi:10.5061/dryad.5vn554c",TRUE,TRUE,".xlsx",FALSE,NA,FALSE,NA,NA,FALSE,TRUE,FALSE,"code_archived[cooper=Yes,mc=No];any_readme[cooper=Yes,mc=No]",NA,NA,NA,NA,NA,NA,NA,NA,"UNCLEAR","Data Accessibility statement only mentions data via Dryad (""The datasets generated during and analysed during the current study are available via the Dryad Digital Repository""); no code, script, or software availability statement was found anywhere in the paper text and Methods sections show no code/script/software mentions, so no textual basis was found for Cooper coding code_archived=Yes",NA,NA,"DIFFERENT_DEFINITION","Cooper's Yes for this paper's README likely reflects Dryad's dataset abstract (the ONLY free-text field Dryad's API exposes) -- confirmed on 9 real Dryad datasets from this same miss set that this field is consistently the paper's own scientific abstract (numbered background/methods/results prose), never file-level documentation. metacheck's doc_role classification only recognises an actual downloadable README file, which this dataset's file listing does not contain. Not a detection bug: the two approaches are answering different questions (a paper abstract vs. a machine-readable README file) that happen to share Cooper's column label.",TRUE
"10_1111_1365_2435_14514","10_1111_1365_2435_14514","Yes","Other repo/database","Yes","Yes","Yes",".csv/.tsv","Yes","Yes","No",NA,NA,NA,FALSE,NA,NA,NA,NA,NA,FALSE,NA,FALSE,NA,NA,FALSE,TRUE,FALSE,"data_availability[cooper=Yes,mc=No];any_readme[cooper=Yes,mc=No]","COOPER_RIGHT","Paper text: 'The data that support the findings of this study are available from UNL data archive: https://doi.org/10.32873/unl.dr.20230705.' Not a repo_check-recognized platform; repo_check found/listed nothing at all for this paper.",NA,NA,NA,NA,NA,NA,NA,NA,NA,NA,"COOPER_RIGHT","Same root cause: UNL data archive is not a repo_check-recognized platform.",TRUE
"10_1002_2688_8319_12012","10_1002_2688_8319_12012","Yes","Figshare","Yes","Yes","Yes",".srt","Yes","Yes","No",NA,NA,NA,TRUE,NA,NA,NA,NA,NA,FALSE,NA,FALSE,NA,NA,FALSE,TRUE,FALSE,"any_readme[cooper=Yes,mc=No]",NA,NA,NA,NA,NA,NA,NA,NA,NA,NA,NA,NA,"DIFFERENT_DEFINITION","Cooper's Yes for this paper's README may reflect this Figshare article's `description` field -- checked live 2026-09-02 against a sample of 10 real Figshare articles from this miss set and found genuine variation (roughly 2 of 10 had real file-by-file documentation, the rest were abstract/methods-style summaries indistinguishable from Dryad's pattern), i.e. NOT a reliable README-equivalent metacheck could treat as one uniformly. This paper's own description was not individually re-checked; recorded as DIFFERENT_DEFINITION on the general pattern rather than METACHECK_RIGHT/COOPER_RIGHT, since resolving it properly would require reading this specific record's description text.",TRUE
"10_1111_1365_2664_13561","10_1111_1365_2664_13561","Yes","Figshare","Yes","Yes","Yes",".xls(x)","Yes","Yes","No",NA,NA,NA,TRUE,"Figshare","10.6084/m9.figshare.10282958.v2",TRUE,TRUE,".xls",FALSE,NA,FALSE,NA,NA,FALSE,TRUE,FALSE,"any_readme[cooper=Yes,mc=No]",NA,NA,NA,NA,NA,NA,NA,NA,NA,NA,NA,NA,"DIFFERENT_DEFINITION","Cooper's Yes for this paper's README may reflect this Figshare article's `description` field -- checked live 2026-09-02 against a sample of 10 real Figshare articles from this miss set and found genuine variation (roughly 2 of 10 had real file-by-file documentation, the rest were abstract/methods-style summaries indistinguishable from Dryad's pattern), i.e. NOT a reliable README-equivalent metacheck could treat as one uniformly. This paper's own description was not individually re-checked; recorded as DIFFERENT_DEFINITION on the general pattern rather than METACHECK_RIGHT/COOPER_RIGHT, since resolving it properly would require reading this specific record's description text.",TRUE
"10_1111_2041_210x_13427","10_1111_2041_210x_13427","Yes","Dryad","Yes","Yes","Yes, but not all data",".doc(x);.xls(x);.shp","Yes","Yes","Yes","Yes","R","Yes",TRUE,NA,NA,NA,NA,NA,FALSE,NA,FALSE,NA,NA,FALSE,TRUE,FALSE,"code_archived[cooper=Yes,mc=No];any_readme[cooper=Yes,mc=No]",NA,NA,NA,NA,NA,NA,NA,NA,"COOPER_RIGHT","the same statement explicitly says ""r code are available at"" the Dryad link alongside the data; metacheck likely missed it because code is bundled in the same Dryad repo as data rather than a separate code-specific URL, or because the statement is long and complex with multiple third-party data sources mixed in before the actual archive link",NA,NA,"DIFFERENT_DEFINITION","Archive-only: repo_check's file listing for this paper is a single compressed archive (.zip/.rar/...) with no separate top-level file. repo_check's own peek_zips=TRUE default DOES try to read a zip's file listing remotely without downloading it, so a README bundled inside is not automatically invisible -- but that peek attempt evidently failed for this specific archive. Confirmed structural cause for Dryad-hosted zips: the peek's HTTP Range request is unauthenticated and Dryad's file-download endpoint returns 401 Unauthorized without an OAuth token, so the peek can never succeed there. For Zenodo/other platforms the failure cause is not yet fully pinned down (see the issue's discussion). Filed as https://github.com/scienceverse/metacheck/issues/378. DIFFERENT_DEFINITION rather than a verdict: resolving this needs a code fix (authenticated peek requests, at minimum for Dryad), not a judgement call on this specific paper.",TRUE
"10_1111_1365_2656_13960","10_1111_1365_2656_13960","Yes","Zenodo","Yes","No","Yes",".csv/.tsv;.grd;.gri","Yes","Yes","Yes","Yes","R","Yes",TRUE,NA,NA,NA,NA,NA,TRUE,NA,FALSE,NA,NA,TRUE,TRUE,TRUE,"code_archived[cooper=Yes,mc=No]",NA,NA,NA,NA,NA,NA,NA,NA,"COOPER_RIGHT","Paper's own text explicitly claims code availability at the cited repository: ""Primary data and R code are available from Zenodo Repository https://doi.org/10.5281/zenodo.7885612  (Ringwaldt et al., 2023)."" -- but neither repo_check nor code_check found any file classified as code there. Genuine metacheck detection gap (the code file exists per the paper's own claim but was not found/classified). COOPER_RIGHT.",NA,NA,NA,NA,TRUE
"10_1111_1365_2435_13936","10_1111_1365_2435_13936","Yes","Other repo/database","Yes","Yes","Yes",".csv/.tsv","Yes","Yes","No",NA,NA,NA,FALSE,NA,NA,NA,NA,NA,FALSE,NA,FALSE,NA,NA,FALSE,TRUE,FALSE,"data_availability[cooper=Yes,mc=No];any_readme[cooper=Yes,mc=No]","COOPER_RIGHT","Paper text: 'Data are available from the Illinois Data Bank https://doi.org/10.13012/B2IDB-4547091_V1.' Not a repo_check-recognized platform; repo_check found/listed nothing at all for this paper. | KNOWN METACHECK LIMITATION (not yet fixed, github.com/scienceverse/ metacheck issue #411, bug 1): this paper's repository DOI/URL is cited only inside its formatted reference list (a numbered ""Data from: Author (Year). Title [Dataset]. https://doi.org/..."" entry), never as an inline hyperlink or bare in-text mention. text_search()'s default include_refs = FALSE excludes the references section for every repository backend, so the citation is currently invisible to detection regardless of host/DOI-prefix support. Confirmed live 2026-09-19: the DOI itself resolves correctly when queried directly.",NA,NA,NA,NA,NA,NA,NA,NA,NA,NA,"COOPER_RIGHT","Same root cause: Illinois Data Bank is not a repo_check-recognized platform.",TRUE
"10_1111_1365_2435_14244","10_1111_1365_2435_14244","Yes","Dryad","Yes","Yes","Yes",".csv/.tsv","Yes","Yes","Yes","Yes","R","No",TRUE,"Dryad","doi:10.5061/dryad.q2bvq83ng",TRUE,TRUE,".csv",TRUE,NA,FALSE,NA,NA,TRUE,TRUE,TRUE,"code_archived[cooper=Yes,mc=No]",NA,NA,NA,NA,NA,NA,NA,NA,"COOPER_RIGHT","Paper's own text explicitly claims code availability at the cited repository: ""All data and code available from the Dryad Digital Repository https://doi.org/10.5061/dryad.q2bvq83ng."" -- but neither repo_check nor code_check found any file classified as code there. Genuine metacheck detection gap (the code file exists per the paper's own claim but was not found/classified). COOPER_RIGHT.",NA,NA,NA,NA,TRUE
"10_1111_1365_2745_14400","10_1111_1365_2745_14400","Yes","Zenodo","Yes","Yes","Yes",".csv/.tsv;.xls(x)","Yes","Yes","Yes","Yes","R","Yes",TRUE,"Zenodo","10.5281/zenodo.12686128",TRUE,TRUE,".csv;.xlsx",FALSE,NA,TRUE,TRUE,"R",FALSE,TRUE,FALSE,"any_readme[cooper=Yes,mc=No]",NA,NA,NA,NA,NA,NA,NA,NA,NA,NA,NA,NA,"DIFFERENT_DEFINITION","Cooper's Yes for this paper's README may reflect this Zenodo record's `description` field -- checked live 2026-09-02 against a sample of 6 real Zenodo records from this miss set and found genuine variation (sometimes a study summary, sometimes contact metadata, sometimes file-by-file documentation, sometimes empty), i.e. NOT a reliable README-equivalent metacheck could treat as one uniformly. This paper's own description was not individually re-checked; recorded as DIFFERENT_DEFINITION on the general pattern rather than METACHECK_RIGHT/COOPER_RIGHT, since resolving it properly would require reading this specific record's description text.",TRUE
"10_1111_2041_210x_13588","10_1111_2041_210x_13588","Yes","Other repo/database","Yes","Yes","Yes",".txt;.dbf","Yes","Yes","Yes","Yes","R","No",TRUE,"Figshare","10.6084/m9.figshare.9906092.v1",TRUE,TRUE,".rdata",TRUE,NA,TRUE,TRUE,"R",TRUE,TRUE,TRUE,"data_archive[cooper=Other repo/database,mc=Figshare]",NA,NA,"METACHECK_RIGHT","Figshare genuinely holds real data files (abundace_matrices.RData etc.), matching the paper's own text: 'Table 1 provides the information of the availability of the datasets used herein.'",NA,NA,NA,NA,NA,NA,NA,NA,NA,NA,TRUE
"10_1111_2041_210x_13135","10_1111_2041_210x_13135","Yes","Dryad","Yes","Yes","Yes",".gz","Yes","Yes","No",NA,NA,NA,TRUE,"Dryad","doi:10.5061/dryad.t40nj78",TRUE,NA,".gz",FALSE,NA,FALSE,NA,NA,FALSE,TRUE,FALSE,"any_readme[cooper=Yes,mc=No]",NA,NA,NA,NA,NA,NA,NA,NA,NA,NA,NA,NA,"DIFFERENT_DEFINITION","Archive-only: repo_check's file listing for this paper is a single compressed archive (.zip/.rar/...) with no separate top-level file. repo_check's own peek_zips=TRUE default DOES try to read a zip's file listing remotely without downloading it, so a README bundled inside is not automatically invisible -- but that peek attempt evidently failed for this specific archive. Confirmed structural cause for Dryad-hosted zips: the peek's HTTP Range request is unauthenticated and Dryad's file-download endpoint returns 401 Unauthorized without an OAuth token, so the peek can never succeed there. For Zenodo/other platforms the failure cause is not yet fully pinned down (see the issue's discussion). Filed as https://github.com/scienceverse/metacheck/issues/378. DIFFERENT_DEFINITION rather than a verdict: resolving this needs a code fix (authenticated peek requests, at minimum for Dryad), not a judgement call on this specific paper.",TRUE
"10_1111_1365_2664_13913","10_1111_1365_2664_13913","Yes","Zenodo","Yes","Yes","Yes",".xls(x)","No","Yes","No",NA,NA,NA,TRUE,"GitHub, GitLab, Codeberg or similar platform;Zenodo","10.5281/zenodo.4745594",TRUE,TRUE,".csv;.xlsx",TRUE,NA,TRUE,TRUE,"R",TRUE,FALSE,TRUE,"code_archived[cooper=No,mc=Yes];any_readme[cooper=No,mc=Yes]",NA,NA,NA,NA,NA,NA,NA,NA,"METACHECK_RIGHT","code_check found 5 real code file(s) (R) at https://github.com/MarcusRowcliffe/camtools, e.g. camtools.R, camtools.Rmd, camtools_example.R, detection matrix example.r, get_detection_matrix.r. Not a borderline case -- a large, unambiguous set of named analysis scripts, not a single file or an edge-case classification. METACHECK_RIGHT; Cooper's ""No"" appears to be a coding miss.",NA,NA,"METACHECK_RIGHT","GitHub repository MarcusRowcliffe/camtools plus a Zenodo archive (zenodo.org/record/4745594). repo_check's file listing shows a README.md. Cooper coded data_README=No and code_archived=No (metacheck disagrees on code_archived too -- a separate finding). The README found sits on the code repository; given Cooper's own code_archived=No, they may not have looked at this repository's contents at all as part of assessing README presence, consistent with the code_archived miss driving this one too.",TRUE
"10_1002_pan3_10711","10_1002_pan3_10711","Yes",NA,NA,NA,NA,NA,NA,"Unsure",NA,NA,NA,NA,FALSE,NA,NA,NA,NA,NA,FALSE,NA,FALSE,NA,NA,FALSE,NA,FALSE,"data_availability[cooper=Yes,mc=No]","DIFFERENT_DEFINITION","The paper's own text states: ""According to ethical requirements data is available only upon request to the authors."" Cooper's Yes reflects that this ""available on request"" statement satisfies their data_availability criterion, while metacheck's mc_data_availability specifically requires a discoverable repository URL that repo_check can locate and verify -- which by definition does not exist for a ""contact the authors"" arrangement. All of Cooper's other columns for this row (archive/doi/license/etc.) are NA, consistent with there being no actual repository to check.",NA,NA,NA,NA,NA,NA,NA,NA,NA,NA,NA,NA,TRUE
"10_1111_1365_2745_14449","10_1111_1365_2745_14449","Yes","Figshare","Unsure","Yes","Yes",".xls(x)","Yes","Yes","No",NA,NA,NA,TRUE,"Figshare","10.6084/m9.figshare.27265302.v2",TRUE,TRUE,".xlsx",FALSE,NA,FALSE,NA,NA,FALSE,TRUE,FALSE,"any_readme[cooper=Yes,mc=No]",NA,NA,NA,NA,NA,NA,NA,NA,NA,NA,NA,NA,"DIFFERENT_DEFINITION","Cooper's Yes for this paper's README may reflect this Figshare article's `description` field -- checked live 2026-09-02 against a sample of 10 real Figshare articles from this miss set and found genuine variation (roughly 2 of 10 had real file-by-file documentation, the rest were abstract/methods-style summaries indistinguishable from Dryad's pattern), i.e. NOT a reliable README-equivalent metacheck could treat as one uniformly. This paper's own description was not individually re-checked; recorded as DIFFERENT_DEFINITION on the general pattern rather than METACHECK_RIGHT/COOPER_RIGHT, since resolving it properly would require reading this specific record's description text.",TRUE
"10_1111_1365_2664_14373","10_1111_1365_2664_14373","Yes","Dryad","Yes","Yes","Yes",".xls(x)","Yes","Yes","Yes","Yes","R","No",TRUE,"Dryad","doi:10.5061/dryad.866t1g1vc",TRUE,TRUE,".xlsx",TRUE,NA,FALSE,NA,NA,TRUE,TRUE,TRUE,"code_archived[cooper=Yes,mc=No]",NA,NA,NA,NA,NA,NA,NA,NA,"COOPER_RIGHT","Paper's own text explicitly claims code availability at the cited repository: ""R scripts of analyses available via the Zenodo Repository https://doi.org/10.5281/zenodo.7661423  (Merckx et al., 2023b)."" -- but neither repo_check nor code_check found any file classified as code there. Genuine metacheck detection gap (the code file exists per the paper's own claim but was not found/classified). COOPER_RIGHT.",NA,NA,NA,NA,TRUE
"10_1111_1365_2664_13787","10_1111_1365_2664_13787","Yes","Figshare","Yes","Yes","Yes",".csv/.tsv","Yes","Yes","No",NA,NA,NA,TRUE,"Figshare","10.6084/m9.figshare.13088930.v1",TRUE,TRUE,".csv",FALSE,NA,FALSE,NA,NA,FALSE,TRUE,FALSE,"any_readme[cooper=Yes,mc=No]",NA,NA,NA,NA,NA,NA,NA,NA,NA,NA,NA,NA,"DIFFERENT_DEFINITION","Cooper's Yes for this paper's README may reflect this Figshare article's `description` field -- checked live 2026-09-02 against a sample of 10 real Figshare articles from this miss set and found genuine variation (roughly 2 of 10 had real file-by-file documentation, the rest were abstract/methods-style summaries indistinguishable from Dryad's pattern), i.e. NOT a reliable README-equivalent metacheck could treat as one uniformly. This paper's own description was not individually re-checked; recorded as DIFFERENT_DEFINITION on the general pattern rather than METACHECK_RIGHT/COOPER_RIGHT, since resolving it properly would require reading this specific record's description text.",TRUE
"10_1002_pan3_10200","10_1002_pan3_10200","Yes","Figshare","Yes","Yes","Yes",NA,"Yes","No",NA,NA,NA,NA,TRUE,NA,NA,NA,NA,NA,FALSE,NA,FALSE,NA,NA,FALSE,TRUE,FALSE,"any_readme[cooper=Yes,mc=No]",NA,NA,NA,NA,NA,NA,NA,NA,NA,NA,NA,NA,"COOPER_RIGHT","SPLIT-DOI EXTRACTION ARTIFACT | Same root cause: repo_check never located the Figshare repository Cooper identified, so no README evidence could ever be recorded.",TRUE
"10_1111_2041_210x_13009","10_1111_2041_210x_13009",NA,NA,NA,NA,NA,NA,NA,"Yes","Yes","Yes","R","Yes",TRUE,NA,NA,NA,NA,NA,TRUE,NA,FALSE,NA,NA,TRUE,TRUE,TRUE,"code_archived[cooper=Yes,mc=No]",NA,NA,NA,NA,NA,NA,NA,NA,"COOPER_RIGHT","tRophicPosition, a GitHub-hosted R package. R-package-source-tree-exclusion pattern; no real source files found.",NA,NA,NA,NA,TRUE
"10_1111_1365_2664_14809","10_1111_1365_2664_14809","Yes","Figshare","Yes","Yes","Yes",".xls(x)","Yes","Yes","No",NA,NA,NA,TRUE,"Figshare","10.6084/m9.figshare.27138726.v1",TRUE,TRUE,".xls",FALSE,NA,FALSE,NA,NA,FALSE,TRUE,FALSE,"any_readme[cooper=Yes,mc=No]",NA,NA,NA,NA,NA,NA,NA,NA,NA,NA,NA,NA,"DIFFERENT_DEFINITION","Cooper's Yes for this paper's README may reflect this Figshare article's `description` field -- checked live 2026-09-02 against a sample of 10 real Figshare articles from this miss set and found genuine variation (roughly 2 of 10 had real file-by-file documentation, the rest were abstract/methods-style summaries indistinguishable from Dryad's pattern), i.e. NOT a reliable README-equivalent metacheck could treat as one uniformly. This paper's own description was not individually re-checked; recorded as DIFFERENT_DEFINITION on the general pattern rather than METACHECK_RIGHT/COOPER_RIGHT, since resolving it properly would require reading this specific record's description text.",TRUE
"10_1111_1365_2656_12917","10_1111_1365_2656_12917","Yes","Dryad","Yes","Yes","Yes",".xls(x)","Yes","Yes","No",NA,NA,NA,TRUE,"Dryad","doi:10.5061/dryad.dr9712v",TRUE,TRUE,".xlsx",FALSE,NA,FALSE,NA,NA,FALSE,TRUE,FALSE,"any_readme[cooper=Yes,mc=No]",NA,NA,NA,NA,NA,NA,NA,NA,NA,NA,NA,NA,"DIFFERENT_DEFINITION","Cooper's Yes for this paper's README likely reflects Dryad's dataset abstract (the ONLY free-text field Dryad's API exposes) -- confirmed on 9 real Dryad datasets from this same miss set that this field is consistently the paper's own scientific abstract (numbered background/methods/results prose), never file-level documentation. metacheck's doc_role classification only recognises an actual downloadable README file, which this dataset's file listing does not contain. Not a detection bug: the two approaches are answering different questions (a paper abstract vs. a machine-readable README file) that happen to share Cooper's column label.",TRUE
"10_1111_1365_2435_12969","10_1111_1365_2435_12969","Yes","Dryad","Yes","Yes","Yes",".xls(x)","Yes","Yes","No",NA,NA,NA,TRUE,"Dryad","doi:10.5061/dryad.382k1",TRUE,FALSE,NA,FALSE,NA,FALSE,NA,NA,FALSE,TRUE,FALSE,"data_download[cooper=Yes,mc=No];any_readme[cooper=Yes,mc=No]",NA,NA,NA,NA,NA,NA,"COOPER_RIGHT","File Appendix S1.xlsx was downloaded successfully and has only ONE sheet (""All dateset"") -- NOT the multi-sheet pattern (#379). Confirmed live: the table has a two-row header structure. readxl's inferred column names are section labels that each span several real variable sub-columns (e.g. ""Earthworm effects on plant growth in the presence of herbivores (n=79)"" spans 3 sub-columns), while the actual per-column variable names (""Study reference"", ""Experiment..."", ""Soil..."") sit in the first DATA row, not the header row data_check read -- so every real column looks like free text under the wrong header. This is a genuine, distinct header-detection limitation for an unusual merged-header spreadsheet layout, not a duplicate of the multi-sheet bug. Not filed as its own issue in this pass (a single confirmed instance, not yet checked for broader prevalence) -- COOPER_RIGHT.",NA,NA,NA,NA,"DIFFERENT_DEFINITION","Cooper's Yes for this paper's README likely reflects Dryad's dataset abstract (the ONLY free-text field Dryad's API exposes) -- confirmed on 9 real Dryad datasets from this same miss set that this field is consistently the paper's own scientific abstract (numbered background/methods/results prose), never file-level documentation. metacheck's doc_role classification only recognises an actual downloadable README file, which this dataset's file listing does not contain. Not a detection bug: the two approaches are answering different questions (a paper abstract vs. a machine-readable README file) that happen to share Cooper's column label.",TRUE
"10_1111_1365_2745_13092","10_1111_1365_2745_13092","Yes","Dryad","Yes","Yes","Yes",".xls(x)","Yes","Yes","No",NA,NA,NA,TRUE,"Dryad","doi:10.5061/dryad.p9b92jh",TRUE,TRUE,".xlsx",FALSE,NA,FALSE,NA,NA,FALSE,TRUE,FALSE,"any_readme[cooper=Yes,mc=No]",NA,NA,NA,NA,NA,NA,NA,NA,NA,NA,NA,NA,"DIFFERENT_DEFINITION","Cooper's Yes for this paper's README likely reflects Dryad's dataset abstract (the ONLY free-text field Dryad's API exposes) -- confirmed on 9 real Dryad datasets from this same miss set that this field is consistently the paper's own scientific abstract (numbered background/methods/results prose), never file-level documentation. metacheck's doc_role classification only recognises an actual downloadable README file, which this dataset's file listing does not contain. Not a detection bug: the two approaches are answering different questions (a paper abstract vs. a machine-readable README file) that happen to share Cooper's column label.",TRUE
"10_1111_1365_2435_12826","10_1111_1365_2435_12826","Yes","Other repo/database","Yes","No","Yes",".xls(x)","Yes","Unsure",NA,NA,NA,NA,FALSE,NA,NA,NA,NA,NA,FALSE,NA,FALSE,NA,NA,FALSE,TRUE,FALSE,"data_availability[cooper=Yes,mc=No];any_readme[cooper=Yes,mc=No]","COOPER_RIGHT","UNSUPPORTED REPO | Paper text: ""Data are archived at PSU Datacommons ... (https://doi.org/10.18113/D3X59X) (Yip 2017)."" repo_check found zero files for this paper -- it never located/checked this PSU Datacommons repository.",NA,NA,NA,NA,NA,NA,NA,NA,NA,NA,"COOPER_RIGHT","Same root cause: repo_check never located the PSU Datacommons repository the paper cites, so no README evidence could ever be recorded.",TRUE
"10_1111_1365_2745_13771","10_1111_1365_2745_13771","Yes","Zenodo","Yes","Yes","Yes",".xls(x)","No","Yes","No",NA,NA,NA,TRUE,"Zenodo","10.5281/zenodo.5150724",TRUE,NA,".7z",TRUE,NA,FALSE,NA,NA,TRUE,FALSE,TRUE,"any_readme[cooper=No,mc=Yes]",NA,NA,NA,NA,NA,NA,NA,NA,NA,NA,NA,NA,"METACHECK_RIGHT","repo_check found a real README.md (doc_role=readme) in the Zenodo archive -- Cooper's coders missed it.",TRUE
"10_1111_1365_2664_13845","10_1111_1365_2664_13845","Yes","Other repo/database","Yes","No","Yes",".csv/.tsv","Yes","Yes","No",NA,NA,NA,FALSE,NA,NA,NA,NA,NA,FALSE,NA,FALSE,NA,NA,FALSE,TRUE,FALSE,"data_availability[cooper=Yes,mc=No];any_readme[cooper=Yes,mc=No]","COOPER_RIGHT","Paper text: 'Data are available in the US Department of the Interior and U.S. Geological Survey's ScienceBase https://doi.org/10.5066/P94B0WUV.' Not a repo_check-recognized platform; repo_check found/listed nothing at all for this paper.",NA,NA,NA,NA,NA,NA,NA,NA,NA,NA,"COOPER_RIGHT","Same root cause: ScienceBase is not a repo_check-recognized platform.",TRUE
"10_1111_1365_2745_14418","10_1111_1365_2745_14418","Yes","Other repo/database","Yes","Yes","Yes",".txt","Yes","Yes","No",NA,NA,NA,TRUE,"Other repo/database","doi:10.18739/A2K93180P",TRUE,TRUE,".txt",FALSE,NA,FALSE,NA,NA,FALSE,TRUE,FALSE,"any_readme[cooper=Yes,mc=No]",NA,NA,NA,NA,NA,NA,NA,NA,NA,NA,NA,NA,"COOPER_RIGHT","UNSUPPORTED REPO | Same repo-detection miss as data_availability: the Arctic Data Center archive was never fetched by repo_check, so mc_any_readme's FALSE reflects zero files examined, not evidence of no README.",TRUE
"10_1111_1365_2435_14513","10_1111_1365_2435_14513","Yes","Dryad","Yes","No","Yes",".xls(x)","Yes","Yes","No",NA,NA,NA,TRUE,"Dryad","doi:10.5061/dryad.ffbg79d25",TRUE,TRUE,".xlsx",TRUE,NA,FALSE,NA,NA,TRUE,TRUE,TRUE,"data_license[cooper=No,mc=Yes]",NA,NA,NA,NA,"METACHECK_RIGHT","Dryad dataset doi:10.5061/dryad.ffbg79d25 carries a CC0-1.0 license, retrieved from Dryad's dataset API (https://spdx.org/licenses/CC0-1.0.html).",NA,NA,NA,NA,NA,NA,NA,NA,TRUE
"10_1111_1365_2656_13190","10_1111_1365_2656_13190","Yes","Dryad","Yes","No","Yes",".xls(x)","No","Yes","No",NA,NA,NA,TRUE,"Dryad","doi:10.5061/dryad.jsxksn05s",TRUE,TRUE,".xls",FALSE,NA,FALSE,NA,NA,FALSE,FALSE,FALSE,"data_license[cooper=No,mc=Yes]",NA,NA,NA,NA,"METACHECK_RIGHT","Dryad dataset doi:10.5061/dryad.jsxksn05s carries a CC0-1.0 license, retrieved from Dryad's dataset API (https://spdx.org/licenses/CC0-1.0.html).",NA,NA,NA,NA,NA,NA,NA,NA,TRUE
"10_1111_1365_2745_13738","10_1111_1365_2745_13738","Yes","Dryad","Yes","Unsure","Yes",".csv/.tsv","Yes","Yes","No",NA,NA,NA,TRUE,"Dryad","doi:10.5061/dryad.wdbrv15pd",TRUE,TRUE,".csv",FALSE,NA,FALSE,NA,NA,FALSE,TRUE,FALSE,"any_readme[cooper=Yes,mc=No]",NA,NA,NA,NA,NA,NA,NA,NA,NA,NA,NA,NA,"DIFFERENT_DEFINITION","Cooper's Yes for this paper's README likely reflects Dryad's dataset abstract (the ONLY free-text field Dryad's API exposes) -- confirmed on 9 real Dryad datasets from this same miss set that this field is consistently the paper's own scientific abstract (numbered background/methods/results prose), never file-level documentation. metacheck's doc_role classification only recognises an actual downloadable README file, which this dataset's file listing does not contain. Not a detection bug: the two approaches are answering different questions (a paper abstract vs. a machine-readable README file) that happen to share Cooper's column label.",TRUE
"10_1002_pan3_10499","10_1002_pan3_10499","Yes","Dryad","Yes","No","Yes",".csv/.tsv","Yes","Yes","No",NA,NA,NA,TRUE,"Dryad","doi:10.5061/dryad.4tmpg4fgk",TRUE,TRUE,".csv",TRUE,NA,FALSE,NA,NA,TRUE,TRUE,TRUE,"data_license[cooper=No,mc=Yes]",NA,NA,NA,NA,"METACHECK_RIGHT","Dryad dataset doi:10.5061/dryad.4tmpg4fgk carries a CC0-1.0 license, retrieved from Dryad's dataset API (https://spdx.org/licenses/CC0-1.0.html).",NA,NA,NA,NA,NA,NA,NA,NA,TRUE
"10_1111_1365_2435_13272","10_1111_1365_2435_13272","Yes","Dryad;Supplementary materials","Yes","No","Yes",".csv/.tsv;.xls(x)",NA,"Yes","No",NA,NA,NA,TRUE,"Dryad","doi:10.5061/dryad.s6j1822",TRUE,TRUE,".xlsx",FALSE,NA,FALSE,NA,NA,FALSE,NA,FALSE,"data_license[cooper=No,mc=Yes]",NA,NA,NA,NA,"METACHECK_RIGHT","Dryad dataset doi:10.5061/dryad.s6j1822 carries a CC0-1.0 license, retrieved from Dryad's dataset API (https://spdx.org/licenses/CC0-1.0.html).",NA,NA,NA,NA,NA,NA,NA,NA,TRUE
"10_1002_pan3_10479","10_1002_pan3_10479","Yes","Dryad","Yes",NA,NA,NA,NA,"Yes","No",NA,NA,NA,FALSE,NA,NA,NA,NA,NA,FALSE,NA,FALSE,NA,NA,FALSE,NA,FALSE,"data_availability[cooper=Yes,mc=No]","COOPER_RIGHT","EMBARGOED/RESTRICTED AT SOURCE (confirmed via the repository's own API) | Paper's own availability statement: ""The data are archived at: Fleming & Swartz (2023) ... Dryad, Dataset, https://doi.org/10.5061/dryad.w0vt4b8x2."" Cites a real Dryad repository (https://doi.org/10.5061/dryad.w0vt4b8x2). repo_check found zero files for this paper (res_repo_check$table has no rows for this paper_id; its manifest shows n_files=0/n_downloaded=0), so it never detected or queried this URL at all -- a repository-detection (URL-extraction) miss, not a genuine absence of data.",NA,NA,NA,NA,NA,NA,NA,NA,NA,NA,NA,NA,TRUE
"10_1002_2688_8319_12070","10_1002_2688_8319_12070","Yes","Other repo/database","Yes","Yes","Yes",".xls(x)","No","Yes","No",NA,NA,NA,FALSE,NA,NA,NA,NA,NA,FALSE,NA,FALSE,NA,NA,FALSE,FALSE,FALSE,"data_availability[cooper=Yes,mc=No]","COOPER_RIGHT","UNSUPPORTED REPO | Paper text: ""...Repository. https://doi.org/10.5522/04/14484084.v1 (Pritchard et al., 2021)"" -- a UCL (University College London) Research Data Repository DOI (10.5522 prefix). This institutional repository is not among metacheck's supported repo_check providers, so repo_check never attempted this URL at all, leaving repo_check$table empty and producing mc_data_availability=FALSE.",NA,NA,NA,NA,NA,NA,NA,NA,NA,NA,NA,NA,TRUE
"10_1111_1365_2656_13766","10_1111_1365_2656_13766","Yes","Dryad","Yes","Yes","Yes",".csv/.tsv","Yes","Yes","Yes","Yes","R","Yes",TRUE,"Dryad","doi:10.5061/dryad.bvq83bkbk",TRUE,TRUE,".csv",TRUE,NA,FALSE,NA,NA,TRUE,TRUE,TRUE,"code_archived[cooper=Yes,mc=No]",NA,NA,NA,NA,NA,NA,NA,NA,"COOPER_RIGHT","Paper's own text explicitly claims code availability at the cited repository: ""Data and custom scripts available from the Dryad Digital Repository https://doi.org/10.5061/dryad.bvq83bkbk  (Lundgren et al., 2022)."" -- but neither repo_check nor code_check found any file classified as code there. Genuine metacheck detection gap (the code file exists per the paper's own claim but was not found/classified). COOPER_RIGHT.",NA,NA,NA,NA,TRUE
"10_1002_pan3_10527","10_1002_pan3_10527","Yes","GitHub, GitLab, Codeberg or similar platform;Zenodo","Yes","Yes","Yes",".csv/.tsv;.txt;.xls(x);.shp","Yes","Yes","Yes","Yes","R","Yes",TRUE,"GitHub, GitLab, Codeberg or similar platform",NA,FALSE,TRUE,".cpg;.csv;.dbf;.docx;.json;.pdf;.prj;.qgz;.rdata;.rds;.shp;.shx;.txt;.xlsx",TRUE,NA,TRUE,TRUE,"R",TRUE,TRUE,TRUE,"data_license[cooper=Yes,mc=No]",NA,NA,NA,NA,"COOPER_RIGHT","GitHub repository BrentPease1/sea_eagle genuinely has no license set, confirmed live 2026-09-02 via GitHub's own repository API (https://api.github.com/repos/BrentPease1/sea_eagle), the same source metacheck reads from (""license"": null). Cooper's Yes does not match what GitHub currently reports for this repository.",NA,NA,NA,NA,NA,NA,NA,NA,TRUE
"10_1111_1365_2745_13864","10_1111_1365_2745_13864","Yes","Other repo/database","Yes","Unsure",NA,".csv/.tsv","Yes","Yes","No",NA,NA,NA,FALSE,NA,NA,NA,NA,NA,FALSE,NA,FALSE,NA,NA,FALSE,TRUE,FALSE,"data_availability[cooper=Yes,mc=No];any_readme[cooper=Yes,mc=No]","COOPER_RIGHT","UNSUPPORTED REPO | Paper's own availability statement: ""Data are archived with the Bonanza Creek LTER, Institute of Arctic Biology, University of Alaska Fairbanks: http://www.lter.uaf.edu/data/data-detail/id/704 (Jasinski et al., 2018a)"", plus two further LTER dataset links (705, 706). Cites a real Other repo/database (Bonanza Creek LTER) repository (http://www.lter.uaf.edu/data/data-detail/id/704). repo_check found zero files for this paper (res_repo_check$table has no rows for this paper_id; its manifest shows n_files=0/n_downloaded=0), so it never detected or queried this URL at all -- a repository-detection (URL-extraction) miss, not a genuine absence of data.",NA,NA,NA,NA,NA,NA,NA,NA,NA,NA,"COOPER_RIGHT","repo_check found zero files for this paper (res_repo_check$table has no rows for this paper_id), so it had no basis to detect a README even if one exists in the actual (un-located) repository.",TRUE
"10_1111_1365_2656_12906","10_1111_1365_2656_12906","Yes","Zenodo","Yes","Yes","Yes",".xls(x)","Yes","Yes","No",NA,NA,NA,TRUE,"Zenodo","10.5281/zenodo.1407907",TRUE,TRUE,".xls",FALSE,NA,FALSE,NA,NA,FALSE,TRUE,FALSE,"any_readme[cooper=Yes,mc=No]",NA,NA,NA,NA,NA,NA,NA,NA,NA,NA,NA,NA,"DIFFERENT_DEFINITION","Cooper's Yes for this paper's README may reflect this Zenodo record's `description` field -- checked live 2026-09-02 against a sample of 6 real Zenodo records from this miss set and found genuine variation (sometimes a study summary, sometimes contact metadata, sometimes file-by-file documentation, sometimes empty), i.e. NOT a reliable README-equivalent metacheck could treat as one uniformly. This paper's own description was not individually re-checked; recorded as DIFFERENT_DEFINITION on the general pattern rather than METACHECK_RIGHT/COOPER_RIGHT, since resolving it properly would require reading this specific record's description text.",TRUE
"10_1111_1365_2435_13221","10_1111_1365_2435_13221","Yes","Figshare","Yes","Yes","Yes",".xls(x)","Yes","Yes","No",NA,NA,NA,TRUE,"Figshare","10.6084/m9.figshare.7097969.v2",TRUE,TRUE,".xls",FALSE,NA,FALSE,NA,NA,FALSE,TRUE,FALSE,"any_readme[cooper=Yes,mc=No]",NA,NA,NA,NA,NA,NA,NA,NA,NA,NA,NA,NA,"DIFFERENT_DEFINITION","Cooper's Yes for this paper's README may reflect this Figshare article's `description` field -- checked live 2026-09-02 against a sample of 10 real Figshare articles from this miss set and found genuine variation (roughly 2 of 10 had real file-by-file documentation, the rest were abstract/methods-style summaries indistinguishable from Dryad's pattern), i.e. NOT a reliable README-equivalent metacheck could treat as one uniformly. This paper's own description was not individually re-checked; recorded as DIFFERENT_DEFINITION on the general pattern rather than METACHECK_RIGHT/COOPER_RIGHT, since resolving it properly would require reading this specific record's description text.",TRUE
"10_1111_2041_210x_14045","10_1111_2041_210x_14045","Yes","Other repo/database","Yes","Yes","Yes",".csv/.tsv","Yes","Unsure",NA,NA,NA,NA,FALSE,NA,NA,NA,NA,NA,FALSE,NA,FALSE,NA,NA,FALSE,TRUE,FALSE,"data_availability[cooper=Yes,mc=No];any_readme[cooper=Yes,mc=No]","COOPER_RIGHT","UNSUPPORTED REPO | Paper text: ""Data are available in the DOI repository https://doi.org/10.14284/581."" repo_check found zero files for this paper -- it never located/checked this DOI.",NA,NA,NA,NA,NA,NA,NA,NA,NA,NA,"COOPER_RIGHT","Same root cause: repo_check never located the repository the paper cites, so no README evidence could ever be recorded.",TRUE
"10_1002_2688_8319_12194","10_1002_2688_8319_12194","Yes","Other repo/database","Yes","No","Yes",".csv/.tsv","Yes","Yes","No",NA,NA,NA,FALSE,NA,NA,NA,NA,NA,FALSE,NA,FALSE,NA,NA,FALSE,TRUE,FALSE,"data_availability[cooper=Yes,mc=No];any_readme[cooper=Yes,mc=No]","COOPER_RIGHT","UNSUPPORTED REPO (USGS ScienceBase) | Paper text: ""Data were archived at USGS ScienceBase (Severson et al., 2022; https://doi.org/10.5066/P958IEOS)"", repeated multiple times including 'available for public download'. repo_check found zero files for this paper -- it never located/checked this ScienceBase DOI.",NA,NA,NA,NA,NA,NA,NA,NA,NA,NA,"COOPER_RIGHT","Same root cause: repo_check never located the USGS ScienceBase repository the paper cites, so no README evidence could ever be recorded.",TRUE
"10_1111_1365_2656_12877","10_1111_1365_2656_12877",NA,NA,NA,NA,NA,NA,NA,"Yes","Yes","Yes","Java","No",TRUE,"Figshare","10.6084/m9.figshare.6470927.v1",TRUE,TRUE,".xlsx",FALSE,NA,FALSE,NA,NA,FALSE,FALSE,FALSE,"code_archived[cooper=Yes,mc=No]",NA,NA,NA,NA,NA,NA,NA,NA,"COOPER_RIGHT","Paper's own text explicitly claims code availability at the cited repository: ""The data on lesser date moth, executable simulation programs (java jar files), and the corresponding java code can be found in the figshare archive https://doi.org/10.6084/m9.figshare.6470927.v1  (Byers, 2018)."" -- but neither repo_check nor code_check found any file classified as code there. Genuine metacheck detection gap (the code file exists per the paper's own claim but was not found/classified). COOPER_RIGHT.",NA,NA,NA,NA,TRUE
"10_1111_1365_2664_14229","10_1111_1365_2664_14229","Yes","Other repo/database","Yes","Yes","Yes",".csv/.tsv","Yes","Yes","No",NA,NA,NA,FALSE,NA,NA,NA,NA,NA,FALSE,NA,FALSE,NA,NA,FALSE,TRUE,FALSE,"data_availability[cooper=Yes,mc=No];any_readme[cooper=Yes,mc=No]","UNCLEAR","No data-availability statement was found in the extracted paper text (only a mention that a list of participating farms is available on a project website, http://www.vignetienatura.net, which is not this paper's own dataset); repo_check independently found no repository (repo_n=0). Cannot confirm the basis for Cooper's Yes.",NA,NA,NA,NA,NA,NA,NA,NA,NA,NA,"UNCLEAR","No repository holding this paper's own data was identified in text or by repo_check (repo_n=0); cannot confirm the basis for Cooper's Yes for a readme.",TRUE
"10_1111_2041_210x_14080","10_1111_2041_210x_14080","Yes","Zenodo","Yes","Yes",NA,NA,"Yes","Yes","Yes","Yes","MATLAB","Yes",FALSE,NA,NA,NA,NA,NA,FALSE,NA,FALSE,NA,NA,FALSE,TRUE,FALSE,"data_availability[cooper=Yes,mc=No];code_archived[cooper=Yes,mc=No];any_readme[cooper=Yes,mc=No]","COOPER_RIGHT","The paper's cited materials (Davidow 2023, 'Spectralrangemaps', https://doi.org/10.5281/zenodo.7569498) are a standard-format Zenodo DOI, but repo_check found/listed nothing at all for this paper. | KNOWN METACHECK LIMITATION (not yet fixed, github.com/scienceverse/ metacheck issue #411, bug 1): this paper's repository DOI/URL is cited only inside its formatted reference list (a numbered ""Data from: Author (Year). Title [Dataset]. https://doi.org/..."" entry), never as an inline hyperlink or bare in-text mention. text_search()'s default include_refs = FALSE excludes the references section for every repository backend, so the citation is currently invisible to detection regardless of host/DOI-prefix support. Confirmed live 2026-09-19: the DOI itself resolves correctly when queried directly.",NA,NA,NA,NA,NA,NA,"COOPER_RIGHT","Paper text: 'our code is available at http://github.com/gobbleturk' -- this links to a bare GitHub username/user page with no specific repository path, which repo_check's per-repository URL pattern cannot resolve. The paper's Zenodo citation (Spectralrangemaps, doi.org/10.5281/zenodo.7569498) is also entirely absent from repo_check's output despite the standard DOI format.",NA,NA,"COOPER_RIGHT","Same two root causes as data_availability/code_archived: the bare GitHub user-page URL and the missed Zenodo DOI together mean repo_check found/listed nothing at all for this paper.",TRUE
