"article_id","construct","cooper_value","old_mc_value","new_mc_value","old_agreed","new_agrees","resolved","still_disagrees","new_mc_now_na"
"10_1111_1365_2435_13870","code_archived","Yes","FALSE","TRUE",FALSE,TRUE,TRUE,FALSE,FALSE
"10_1111_1365_2435_13870","any_readme","TRUE","FALSE","TRUE",FALSE,TRUE,TRUE,FALSE,FALSE
"10_1111_1365_2745_12974","data_availability","Yes","FALSE","FALSE",FALSE,FALSE,FALSE,TRUE,FALSE
"10_1111_1365_2745_12974","code_archived","Yes","FALSE","TRUE",FALSE,TRUE,TRUE,FALSE,FALSE
"10_1111_1365_2745_12974","any_readme","TRUE","FALSE","TRUE",FALSE,TRUE,TRUE,FALSE,FALSE
"10_1111_1365_2435_14644","code_archived","Yes","FALSE","TRUE",FALSE,TRUE,TRUE,FALSE,FALSE
"10_1111_1365_2435_14644","any_readme","TRUE","FALSE","TRUE",FALSE,TRUE,TRUE,FALSE,FALSE
"10_1111_1365_2745_13292","any_readme","TRUE","FALSE","TRUE",FALSE,TRUE,TRUE,FALSE,FALSE
"10_1111_2041_210x_13806","data_availability","Yes","FALSE","TRUE",FALSE,TRUE,TRUE,FALSE,FALSE
"10_1111_2041_210x_13806","any_readme","TRUE","FALSE","TRUE",FALSE,TRUE,TRUE,FALSE,FALSE
"10_1111_1365_2435_13881","data_availability","Yes","FALSE","TRUE",FALSE,TRUE,TRUE,FALSE,FALSE
"10_1111_1365_2435_13881","code_archived","Yes","FALSE","TRUE",FALSE,TRUE,TRUE,FALSE,FALSE
"10_1111_1365_2435_13881","any_readme","TRUE","FALSE","TRUE",FALSE,TRUE,TRUE,FALSE,FALSE
"10_1111_1365_2656_13796","any_readme","TRUE","FALSE","TRUE",FALSE,TRUE,TRUE,FALSE,FALSE
"10_1111_1365_2745_12944","data_availability","Yes","FALSE","TRUE",FALSE,TRUE,TRUE,FALSE,FALSE
"10_1111_2041_210x_14479","data_availability","Yes","FALSE","FALSE",FALSE,FALSE,FALSE,TRUE,FALSE
"10_1111_1365_2745_14152","data_availability","Yes","FALSE","TRUE",FALSE,TRUE,TRUE,FALSE,FALSE
"10_1111_1365_2745_14152","any_readme","TRUE","FALSE","TRUE",FALSE,TRUE,TRUE,FALSE,FALSE
"10_1111_1365_2656_13270","data_availability","Yes","FALSE","TRUE",FALSE,TRUE,TRUE,FALSE,FALSE
"10_1111_1365_2664_13709","data_availability","Yes","FALSE","TRUE",FALSE,TRUE,TRUE,FALSE,FALSE
"10_1111_1365_2664_13709","any_readme","TRUE","FALSE","TRUE",FALSE,TRUE,TRUE,FALSE,FALSE
"10_1111_2041_210x_13871","data_availability","Yes","FALSE","TRUE",FALSE,TRUE,TRUE,FALSE,FALSE
"10_1111_2041_210x_13871","code_archived","Yes","FALSE","TRUE",FALSE,TRUE,TRUE,FALSE,FALSE
"10_1111_2041_210x_13871","any_readme","TRUE","FALSE","TRUE",FALSE,TRUE,TRUE,FALSE,FALSE
"10_1111_1365_2656_14232","code_archived","Yes","FALSE","FALSE",FALSE,FALSE,FALSE,TRUE,FALSE
"10_1111_1365_2435_14168","code_archived","Yes","FALSE","FALSE",FALSE,FALSE,FALSE,TRUE,FALSE
"10_1111_1365_2656_14000","data_availability","Yes","FALSE","FALSE",FALSE,FALSE,FALSE,TRUE,FALSE
"10_1111_1365_2656_14000","code_archived","Yes","FALSE","FALSE",FALSE,FALSE,FALSE,TRUE,FALSE
"10_1111_2041_210x_12993","data_availability","Yes","FALSE","FALSE",FALSE,FALSE,FALSE,TRUE,FALSE
"10_1111_1365_2435_14552","code_archived","No","TRUE","TRUE",FALSE,FALSE,FALSE,TRUE,FALSE
"10_1111_1365_2656_13367","any_readme","TRUE","FALSE","TRUE",FALSE,TRUE,TRUE,FALSE,FALSE
"10_1002_pan3_10564","data_availability","Yes","FALSE","TRUE",FALSE,TRUE,TRUE,FALSE,FALSE
"10_1002_pan3_10564","any_readme","TRUE","FALSE","TRUE",FALSE,TRUE,TRUE,FALSE,FALSE
"10_1111_1365_2656_13052","data_availability","Yes","FALSE","TRUE",FALSE,TRUE,TRUE,FALSE,FALSE
"10_1111_1365_2656_13052","any_readme","TRUE","FALSE","TRUE",FALSE,TRUE,TRUE,FALSE,FALSE
"10_1111_2041_210x_14007","data_availability","Yes","FALSE","TRUE",FALSE,TRUE,TRUE,FALSE,FALSE
"10_1111_2041_210x_14007","code_archived","Yes","FALSE","TRUE",FALSE,TRUE,TRUE,FALSE,FALSE
"10_1111_2041_210x_14007","any_readme","TRUE","FALSE","TRUE",FALSE,TRUE,TRUE,FALSE,FALSE
"10_1111_1365_2745_13654","data_availability","Yes","FALSE","TRUE",FALSE,TRUE,TRUE,FALSE,FALSE
"10_1111_1365_2745_13654","any_readme","TRUE","FALSE","TRUE",FALSE,TRUE,TRUE,FALSE,FALSE
"10_1111_1365_2435_13194","any_readme","TRUE","FALSE","TRUE",FALSE,TRUE,TRUE,FALSE,FALSE
"10_1111_1365_2435_13560","any_readme","TRUE","FALSE","TRUE",FALSE,TRUE,TRUE,FALSE,FALSE
"10_1111_1365_2745_13956","code_archived","Yes","FALSE","TRUE",FALSE,TRUE,TRUE,FALSE,FALSE
"10_1111_1365_2745_13956","any_readme","TRUE","FALSE","TRUE",FALSE,TRUE,TRUE,FALSE,FALSE
"10_1111_2041_210x_12962","data_availability","Yes","FALSE","TRUE",FALSE,TRUE,TRUE,FALSE,FALSE
"10_1111_2041_210x_12962","code_archived","Yes","FALSE","FALSE",FALSE,FALSE,FALSE,TRUE,FALSE
"10_1111_1365_2656_14134","data_license","No","TRUE","TRUE",FALSE,FALSE,FALSE,TRUE,FALSE
"10_1111_1365_2656_14134","code_archived","Yes","FALSE","FALSE",FALSE,FALSE,FALSE,TRUE,FALSE
"10_1111_1365_2656_12787","code_archived","Yes","FALSE","TRUE",FALSE,TRUE,TRUE,FALSE,FALSE
"10_1002_2688_8319_12124","data_license","No","TRUE","TRUE",FALSE,FALSE,FALSE,TRUE,FALSE
"10_1002_2688_8319_12124","code_archived","Yes","FALSE","TRUE",FALSE,TRUE,TRUE,FALSE,FALSE
"10_1002_2688_8319_12124","any_readme","TRUE","FALSE","TRUE",FALSE,TRUE,TRUE,FALSE,FALSE
"10_1111_1365_2435_14016","any_readme","TRUE","FALSE","TRUE",FALSE,TRUE,TRUE,FALSE,FALSE
"10_1111_2041_210x_13206","any_readme","TRUE","FALSE","TRUE",FALSE,TRUE,TRUE,FALSE,FALSE
"10_1111_1365_2745_13882","data_availability","Yes","FALSE","FALSE",FALSE,FALSE,FALSE,TRUE,FALSE
"10_1111_1365_2745_13882","any_readme","TRUE","FALSE","TRUE",FALSE,TRUE,TRUE,FALSE,FALSE
"10_1111_2041_210x_13397","code_archived","Yes","FALSE","TRUE",FALSE,TRUE,TRUE,FALSE,FALSE
"10_1111_2041_210x_13397","any_readme","TRUE","FALSE","TRUE",FALSE,TRUE,TRUE,FALSE,FALSE
"10_1111_1365_2435_13998","code_archived","Yes","FALSE","FALSE",FALSE,FALSE,FALSE,TRUE,FALSE
"10_1111_1365_2435_13998","any_readme","TRUE","FALSE","TRUE",FALSE,TRUE,TRUE,FALSE,FALSE
"10_1111_1365_2745_13193","any_readme","TRUE","FALSE","TRUE",FALSE,TRUE,TRUE,FALSE,FALSE
"10_1111_1365_2656_13705","data_license","No","TRUE","TRUE",FALSE,FALSE,FALSE,TRUE,FALSE
"10_1111_1365_2656_13705","code_archived","Yes","FALSE","TRUE",FALSE,TRUE,TRUE,FALSE,FALSE
"10_1111_2041_210x_14101","code_archived","Yes","FALSE","TRUE",FALSE,TRUE,TRUE,FALSE,FALSE
"10_1111_2041_210x_14101","any_readme","TRUE","FALSE","TRUE",FALSE,TRUE,TRUE,FALSE,FALSE
"10_1111_1365_2435_13848","any_readme","TRUE","FALSE","TRUE",FALSE,TRUE,TRUE,FALSE,FALSE
"10_1111_2041_210x_13915","data_availability","Yes","FALSE","TRUE",FALSE,TRUE,TRUE,FALSE,FALSE
"10_1111_2041_210x_13915","code_archived","Yes","FALSE","TRUE",FALSE,TRUE,TRUE,FALSE,FALSE
"10_1111_2041_210x_13915","any_readme","TRUE","FALSE","TRUE",FALSE,TRUE,TRUE,FALSE,FALSE
"10_1111_1365_2656_12732","any_readme","TRUE","FALSE","TRUE",FALSE,TRUE,TRUE,FALSE,FALSE
"10_1111_2041_210x_12748","code_archived","Yes","FALSE","FALSE",FALSE,FALSE,FALSE,TRUE,FALSE
"10_1111_1365_2435_14431","data_availability","Yes","FALSE","TRUE",FALSE,TRUE,TRUE,FALSE,FALSE
"10_1111_1365_2435_14431","any_readme","TRUE","FALSE","TRUE",FALSE,TRUE,TRUE,FALSE,FALSE
"10_1111_1365_2664_13323","data_availability","Yes","FALSE","TRUE",FALSE,TRUE,TRUE,FALSE,FALSE
"10_1111_1365_2435_13851","any_readme","TRUE","FALSE","FALSE",FALSE,FALSE,FALSE,TRUE,FALSE
"10_1111_1365_2664_13117","data_availability","No, but they are available on request","TRUE","TRUE",FALSE,FALSE,FALSE,FALSE,FALSE
"10_1111_1365_2745_14241","data_availability","Yes","FALSE","TRUE",FALSE,TRUE,TRUE,FALSE,FALSE
"10_1111_1365_2656_13899","any_readme","FALSE","TRUE","TRUE",FALSE,FALSE,FALSE,TRUE,FALSE
"10_1111_1365_2664_14440","data_availability","Yes","FALSE","TRUE",FALSE,TRUE,TRUE,FALSE,FALSE
"10_1111_1365_2435_13798","data_availability","Yes","FALSE","TRUE",FALSE,TRUE,TRUE,FALSE,FALSE
"10_1111_1365_2656_12918","code_archived","Yes","FALSE","TRUE",FALSE,TRUE,TRUE,FALSE,FALSE
"10_1111_2041_210x_13231","code_archived","Yes","FALSE","TRUE",FALSE,TRUE,TRUE,FALSE,FALSE
"10_1111_2041_210x_13673","data_availability","Yes","FALSE","TRUE",FALSE,TRUE,TRUE,FALSE,FALSE
"10_1111_2041_210x_13673","any_readme","TRUE","FALSE","TRUE",FALSE,TRUE,TRUE,FALSE,FALSE
"10_1111_1365_2745_14023","data_availability","Yes","FALSE","TRUE",FALSE,TRUE,TRUE,FALSE,FALSE
"10_1111_1365_2745_14023","code_archived","Yes","FALSE","TRUE",FALSE,TRUE,TRUE,FALSE,FALSE
"10_1111_1365_2745_14023","any_readme","TRUE","FALSE","TRUE",FALSE,TRUE,TRUE,FALSE,FALSE
"10_1111_1365_2745_13006","code_archived","Yes","FALSE","TRUE",FALSE,TRUE,TRUE,FALSE,FALSE
"10_1111_1365_2745_13006","any_readme","TRUE","FALSE","TRUE",FALSE,TRUE,TRUE,FALSE,FALSE
"10_1111_1365_2656_13220","any_readme","TRUE","FALSE","FALSE",FALSE,FALSE,FALSE,TRUE,FALSE
"10_1111_1365_2656_13478","data_availability","Yes","FALSE","FALSE",FALSE,FALSE,FALSE,TRUE,FALSE
"10_1111_1365_2656_13478","code_archived","Yes","FALSE","FALSE",FALSE,FALSE,FALSE,TRUE,FALSE
"10_1111_1365_2656_13478","any_readme","TRUE","FALSE","FALSE",FALSE,FALSE,FALSE,TRUE,FALSE
"10_1111_1365_2745_12872","any_readme","TRUE","FALSE","TRUE",FALSE,TRUE,TRUE,FALSE,FALSE
"10_1111_1365_2745_14045","any_readme","TRUE","FALSE","TRUE",FALSE,TRUE,TRUE,FALSE,FALSE
"10_1111_1365_2656_13310","any_readme","TRUE","FALSE","TRUE",FALSE,TRUE,TRUE,FALSE,FALSE
"10_1111_1365_2656_13777","data_availability","No","TRUE","FALSE",FALSE,TRUE,TRUE,FALSE,FALSE
"10_1111_1365_2656_13777","code_archived","Yes","FALSE","TRUE",FALSE,TRUE,TRUE,FALSE,FALSE
"10_1111_1365_2656_13777","any_readme","TRUE","FALSE","TRUE",FALSE,TRUE,TRUE,FALSE,FALSE
"10_1111_1365_2656_13237","any_readme","TRUE","FALSE","TRUE",FALSE,TRUE,TRUE,FALSE,FALSE
"10_1111_1365_2435_14194","data_availability","Yes","FALSE","TRUE",FALSE,TRUE,TRUE,FALSE,FALSE
"10_1111_1365_2435_14670","data_availability","Yes","FALSE","TRUE",FALSE,TRUE,TRUE,FALSE,FALSE
"10_1111_1365_2435_14670","any_readme","TRUE","FALSE","TRUE",FALSE,TRUE,TRUE,FALSE,FALSE
"10_1111_1365_2656_14198","code_archived","Yes","FALSE","TRUE",FALSE,TRUE,TRUE,FALSE,FALSE
"10_1002_pan3_10579","any_readme","TRUE","FALSE","TRUE",FALSE,TRUE,TRUE,FALSE,FALSE
"10_1111_1365_2435_14289","data_license","No","TRUE","TRUE",FALSE,FALSE,FALSE,TRUE,FALSE
"10_1111_1365_2745_13057","any_readme","TRUE","FALSE","TRUE",FALSE,TRUE,TRUE,FALSE,FALSE
"10_1111_1365_2745_13644","any_readme","TRUE","FALSE","FALSE",FALSE,FALSE,FALSE,TRUE,FALSE
"10_1002_2688_8319_12139","any_readme","TRUE","FALSE","TRUE",FALSE,TRUE,TRUE,FALSE,FALSE
"10_1111_1365_2664_14167","data_availability","Yes","FALSE","TRUE",FALSE,TRUE,TRUE,FALSE,FALSE
"10_1111_1365_2435_13128","any_readme","TRUE","FALSE","TRUE",FALSE,TRUE,TRUE,FALSE,FALSE
"10_1111_1365_2435_13183","code_archived","Yes","FALSE","TRUE",FALSE,TRUE,TRUE,FALSE,FALSE
"10_1111_1365_2664_14382","code_archived","No","TRUE","FALSE",FALSE,TRUE,TRUE,FALSE,FALSE
"10_1111_1365_2435_13026","data_license","No","TRUE","TRUE",FALSE,FALSE,FALSE,TRUE,FALSE
"10_1111_1365_2745_13973","any_readme","TRUE","FALSE","TRUE",FALSE,TRUE,TRUE,FALSE,FALSE
"10_1002_pan3_10149","data_availability","Yes","FALSE","FALSE",FALSE,FALSE,FALSE,TRUE,FALSE
"10_1111_1365_2745_14155","code_archived","Yes","FALSE","TRUE",FALSE,TRUE,TRUE,FALSE,FALSE
"10_1111_1365_2745_14155","any_readme","TRUE","FALSE","TRUE",FALSE,TRUE,TRUE,FALSE,FALSE
"10_1111_1365_2664_13904","data_availability","Yes","FALSE","TRUE",FALSE,TRUE,TRUE,FALSE,FALSE
"10_1111_1365_2656_13671","data_availability","Yes","FALSE","TRUE",FALSE,TRUE,TRUE,FALSE,FALSE
"10_1111_1365_2656_13671","any_readme","TRUE","FALSE","TRUE",FALSE,TRUE,TRUE,FALSE,FALSE
"10_1111_1365_2664_14415","data_availability","Yes","FALSE","TRUE",FALSE,TRUE,TRUE,FALSE,FALSE
"10_1111_1365_2664_14415","any_readme","TRUE","FALSE","TRUE",FALSE,TRUE,TRUE,FALSE,FALSE
"10_1111_1365_2745_12930","data_availability","Yes","FALSE","TRUE",FALSE,TRUE,TRUE,FALSE,FALSE
"10_1111_2041_210x_14366","code_archived","Yes","FALSE","TRUE",FALSE,TRUE,TRUE,FALSE,FALSE
"10_1111_2041_210x_14002","data_availability","Yes","FALSE","TRUE",FALSE,TRUE,TRUE,FALSE,FALSE
"10_1111_2041_210x_14002","code_archived","Yes","FALSE","TRUE",FALSE,TRUE,TRUE,FALSE,FALSE
"10_1111_2041_210x_14002","any_readme","TRUE","FALSE","TRUE",FALSE,TRUE,TRUE,FALSE,FALSE
"10_1111_1365_2745_14083","data_availability","Yes","FALSE","TRUE",FALSE,TRUE,TRUE,FALSE,FALSE
"10_1111_1365_2664_13241","code_archived","Yes","FALSE","FALSE",FALSE,FALSE,FALSE,TRUE,FALSE
"10_1111_1365_2656_13447","code_archived","Yes","FALSE","TRUE",FALSE,TRUE,TRUE,FALSE,FALSE
"10_1111_1365_2656_13447","any_readme","TRUE","FALSE","TRUE",FALSE,TRUE,TRUE,FALSE,FALSE
"10_1111_1365_2664_14013","code_archived","Yes","FALSE","TRUE",FALSE,TRUE,TRUE,FALSE,FALSE
"10_1111_1365_2664_14013","any_readme","TRUE","FALSE","TRUE",FALSE,TRUE,TRUE,FALSE,FALSE
"10_1111_1365_2745_12892","code_archived","Yes","FALSE","TRUE",FALSE,TRUE,TRUE,FALSE,FALSE
"10_1111_1365_2664_13538","code_archived","Yes","FALSE","TRUE",FALSE,TRUE,TRUE,FALSE,FALSE
"10_1111_1365_2664_13538","any_readme","TRUE","FALSE","TRUE",FALSE,TRUE,TRUE,FALSE,FALSE
"10_1111_1365_2435_14678","data_availability","Yes","FALSE","TRUE",FALSE,TRUE,TRUE,FALSE,FALSE
"10_1111_1365_2435_14678","any_readme","TRUE","FALSE","TRUE",FALSE,TRUE,TRUE,FALSE,FALSE
"10_1111_1365_2745_13815","code_archived","No","TRUE","FALSE",FALSE,TRUE,TRUE,FALSE,FALSE
"10_1111_1365_2656_14169","data_availability","Yes","FALSE","TRUE",FALSE,TRUE,TRUE,FALSE,FALSE
"10_1111_2041_210x_13658","data_availability","Yes","FALSE","FALSE",FALSE,FALSE,FALSE,TRUE,FALSE
"10_1111_1365_2745_13875","data_availability","Yes","FALSE","TRUE",FALSE,TRUE,TRUE,FALSE,FALSE
"10_1111_1365_2745_13875","any_readme","TRUE","FALSE","TRUE",FALSE,TRUE,TRUE,FALSE,FALSE
"10_1111_1365_2435_14111","data_availability","Yes","FALSE","TRUE",FALSE,TRUE,TRUE,FALSE,FALSE
"10_1111_1365_2664_13948","code_archived","No","TRUE","TRUE",FALSE,FALSE,FALSE,TRUE,FALSE
"10_1111_1365_2745_14312","data_availability","Yes","FALSE","TRUE",FALSE,TRUE,TRUE,FALSE,FALSE
"10_1111_1365_2745_14312","code_archived","Yes","FALSE","TRUE",FALSE,TRUE,TRUE,FALSE,FALSE
"10_1111_1365_2745_14312","any_readme","TRUE","FALSE","TRUE",FALSE,TRUE,TRUE,FALSE,FALSE
"10_1111_1365_2745_13240","code_archived","Yes","FALSE","TRUE",FALSE,TRUE,TRUE,FALSE,FALSE
"10_1111_2041_210x_14314","code_archived","Yes","FALSE","TRUE",FALSE,TRUE,TRUE,FALSE,FALSE
"10_1111_2041_210x_14314","any_readme","TRUE","FALSE","TRUE",FALSE,TRUE,TRUE,FALSE,FALSE
"10_1111_2041_210x_13937","code_archived","Yes","FALSE","TRUE",FALSE,TRUE,TRUE,FALSE,FALSE
"10_1111_1365_2664_13539","code_archived","Yes","FALSE","FALSE",FALSE,FALSE,FALSE,TRUE,FALSE
"10_1111_1365_2664_13539","any_readme","TRUE","FALSE","TRUE",FALSE,TRUE,TRUE,FALSE,FALSE
"10_1111_2041_210x_14367","data_license","Yes","FALSE","TRUE",FALSE,TRUE,TRUE,FALSE,FALSE
"10_1111_1365_2664_13100","data_license","No","TRUE","TRUE",FALSE,FALSE,FALSE,TRUE,FALSE
"10_1111_1365_2664_13100","code_archived","Yes","FALSE","FALSE",FALSE,FALSE,FALSE,TRUE,FALSE
"10_1111_1365_2664_13100","any_readme","TRUE","FALSE","TRUE",FALSE,TRUE,TRUE,FALSE,FALSE
"10_1111_2041_210x_14387","data_license","Yes","FALSE","FALSE",FALSE,FALSE,FALSE,TRUE,FALSE
"10_1111_1365_2656_13848","any_readme","TRUE","FALSE","TRUE",FALSE,TRUE,TRUE,FALSE,FALSE
"10_1111_1365_2664_13537","any_readme","TRUE","FALSE","TRUE",FALSE,TRUE,TRUE,FALSE,FALSE
"10_1111_1365_2664_13354","any_readme","TRUE","FALSE","TRUE",FALSE,TRUE,TRUE,FALSE,FALSE
"10_1111_1365_2745_12813","any_readme","TRUE","FALSE","FALSE",FALSE,FALSE,FALSE,TRUE,FALSE
"10_1111_1365_2745_13636","any_readme","TRUE","FALSE","TRUE",FALSE,TRUE,TRUE,FALSE,FALSE
"10_1111_1365_2656_13268","data_availability","Yes","FALSE","TRUE",FALSE,TRUE,TRUE,FALSE,FALSE
"10_1111_1365_2656_13268","any_readme","TRUE","FALSE","TRUE",FALSE,TRUE,TRUE,FALSE,FALSE
"10_1111_1365_2664_13397","data_availability","Yes","FALSE","TRUE",FALSE,TRUE,TRUE,FALSE,FALSE
"10_1111_1365_2664_13397","any_readme","TRUE","FALSE","TRUE",FALSE,TRUE,TRUE,FALSE,FALSE
"10_1111_1365_2656_13353","any_readme","TRUE","FALSE","TRUE",FALSE,TRUE,TRUE,FALSE,FALSE
"10_1002_pan3_10376","data_availability","Yes","FALSE","FALSE",FALSE,FALSE,FALSE,TRUE,FALSE
"10_1111_1365_2656_13827","data_availability","No","TRUE","TRUE",FALSE,FALSE,FALSE,TRUE,FALSE
"10_1111_1365_2656_13827","code_archived","Yes","FALSE","TRUE",FALSE,TRUE,TRUE,FALSE,FALSE
"10_1111_1365_2656_13827","any_readme","TRUE","FALSE","TRUE",FALSE,TRUE,TRUE,FALSE,FALSE
"10_1002_2688_8319_12064","any_readme","TRUE","FALSE","TRUE",FALSE,TRUE,TRUE,FALSE,FALSE
"10_1111_1365_2664_13634","any_readme","TRUE","FALSE","TRUE",FALSE,TRUE,TRUE,FALSE,FALSE
"10_1111_1365_2745_14090","data_availability","Yes","FALSE","TRUE",FALSE,TRUE,TRUE,FALSE,FALSE
"10_1111_1365_2745_14090","code_archived","Yes","FALSE","TRUE",FALSE,TRUE,TRUE,FALSE,FALSE
"10_1111_1365_2745_14090","any_readme","TRUE","FALSE","TRUE",FALSE,TRUE,TRUE,FALSE,FALSE
"10_1111_1365_2745_13415","any_readme","TRUE","FALSE","TRUE",FALSE,TRUE,TRUE,FALSE,FALSE
"10_1002_pan3_10388","any_readme","TRUE","FALSE","TRUE",FALSE,TRUE,TRUE,FALSE,FALSE
"10_1111_1365_2656_13561","data_availability","Yes","FALSE","TRUE",FALSE,TRUE,TRUE,FALSE,FALSE
"10_1111_1365_2664_14254","data_availability","Yes","FALSE","TRUE",FALSE,TRUE,TRUE,FALSE,FALSE
"10_1111_1365_2664_14254","code_archived","Yes","FALSE","FALSE",FALSE,FALSE,FALSE,TRUE,FALSE
"10_1111_1365_2664_14254","any_readme","TRUE","FALSE","TRUE",FALSE,TRUE,TRUE,FALSE,FALSE
"10_1111_1365_2745_14289","data_availability","Yes","FALSE","TRUE",FALSE,TRUE,TRUE,FALSE,FALSE
"10_1111_1365_2745_14289","code_archived","Yes","FALSE","TRUE",FALSE,TRUE,TRUE,FALSE,FALSE
"10_1111_1365_2745_14289","any_readme","TRUE","FALSE","TRUE",FALSE,TRUE,TRUE,FALSE,FALSE
"10_1111_2041_210x_13931","data_license","Yes","FALSE","TRUE",FALSE,TRUE,TRUE,FALSE,FALSE
"10_1111_2041_210x_13931","data_download","Yes","FALSE","TRUE",FALSE,TRUE,TRUE,FALSE,FALSE
"10_1002_pan3_10535","any_readme","TRUE","FALSE","TRUE",FALSE,TRUE,TRUE,FALSE,FALSE
"10_1002_2688_8319_12356","data_availability","No, but they are available on request","TRUE","TRUE",FALSE,FALSE,FALSE,FALSE,FALSE
"10_1002_2688_8319_12356","code_archived","No","TRUE","TRUE",FALSE,FALSE,FALSE,TRUE,FALSE
"10_1002_pan3_10121","data_availability","Yes","FALSE","TRUE",FALSE,TRUE,TRUE,FALSE,FALSE
"10_1111_1365_2435_14684","data_availability","Yes","FALSE","TRUE",FALSE,TRUE,TRUE,FALSE,FALSE
"10_1111_1365_2664_13035","data_availability","Yes","FALSE","TRUE",FALSE,TRUE,TRUE,FALSE,FALSE
"10_1111_1365_2664_13035","any_readme","TRUE","FALSE","TRUE",FALSE,TRUE,TRUE,FALSE,FALSE
"10_1111_1365_2745_12755","data_availability","Yes","FALSE","TRUE",FALSE,TRUE,TRUE,FALSE,FALSE
"10_1002_pan3_10307","data_availability","Yes","FALSE","TRUE",FALSE,TRUE,TRUE,FALSE,FALSE
"10_1002_pan3_10307","code_archived","Yes","FALSE","TRUE",FALSE,TRUE,TRUE,FALSE,FALSE
"10_1111_1365_2435_13205","any_readme","TRUE","FALSE","TRUE",FALSE,TRUE,TRUE,FALSE,FALSE
"10_1111_2041_210x_13073","data_availability","Yes","FALSE","FALSE",FALSE,FALSE,FALSE,TRUE,FALSE
"10_1111_2041_210x_13073","code_archived","Yes","FALSE","FALSE",FALSE,FALSE,FALSE,TRUE,FALSE
"10_1111_1365_2435_12991","data_license","No","TRUE","TRUE",FALSE,FALSE,FALSE,TRUE,FALSE
"10_1111_1365_2435_13058","any_readme","TRUE","FALSE","TRUE",FALSE,TRUE,TRUE,FALSE,FALSE
"10_1111_1365_2656_13110","data_availability","Yes","FALSE","TRUE",FALSE,TRUE,TRUE,FALSE,FALSE
"10_1111_1365_2656_13110","any_readme","TRUE","FALSE","TRUE",FALSE,TRUE,TRUE,FALSE,FALSE
"10_1002_pan3_10476","any_readme","TRUE","FALSE","TRUE",FALSE,TRUE,TRUE,FALSE,FALSE
"10_1111_1365_2656_13910","data_availability","Yes","FALSE","TRUE",FALSE,TRUE,TRUE,FALSE,FALSE
"10_1111_1365_2656_13910","code_archived","Yes","FALSE","TRUE",FALSE,TRUE,TRUE,FALSE,FALSE
"10_1111_1365_2435_12928","any_readme","TRUE","FALSE","TRUE",FALSE,TRUE,TRUE,FALSE,FALSE
"10_1111_1365_2656_12726","any_readme","TRUE","FALSE","TRUE",FALSE,TRUE,TRUE,FALSE,FALSE
"10_1111_1365_2745_13067","data_availability","Yes","FALSE","TRUE",FALSE,TRUE,TRUE,FALSE,FALSE
"10_1111_2041_210x_13269","any_readme","TRUE","FALSE","TRUE",FALSE,TRUE,TRUE,FALSE,FALSE
"10_1111_1365_2435_13647","data_download","Yes","FALSE","TRUE",FALSE,TRUE,TRUE,FALSE,FALSE
"10_1111_1365_2745_13979","code_archived","Yes","FALSE","TRUE",FALSE,TRUE,TRUE,FALSE,FALSE
"10_1111_1365_2435_13380","data_availability","Yes","FALSE","TRUE",FALSE,TRUE,TRUE,FALSE,FALSE
"10_1002_2688_8319_12191","data_availability","Yes","FALSE","TRUE",FALSE,TRUE,TRUE,FALSE,FALSE
"10_1002_2688_8319_12191","any_readme","TRUE","FALSE","TRUE",FALSE,TRUE,TRUE,FALSE,FALSE
"10_1111_1365_2435_14517","code_archived","Yes","FALSE","TRUE",FALSE,TRUE,TRUE,FALSE,FALSE
"10_1111_1365_2664_13190","data_availability","Yes","FALSE","FALSE",FALSE,FALSE,FALSE,TRUE,FALSE
"10_1111_1365_2664_13190","any_readme","TRUE","FALSE","FALSE",FALSE,FALSE,FALSE,TRUE,FALSE
"10_1111_1365_2664_13728","any_readme","TRUE","FALSE","TRUE",FALSE,TRUE,TRUE,FALSE,FALSE
"10_1111_1365_2656_14054","code_archived","Yes","FALSE","FALSE",FALSE,FALSE,FALSE,TRUE,FALSE
"10_1111_1365_2435_14226","data_availability","Yes","FALSE","TRUE",FALSE,TRUE,TRUE,FALSE,FALSE
"10_1111_2041_210x_13574","data_availability","Yes","FALSE","TRUE",FALSE,TRUE,TRUE,FALSE,FALSE
"10_1111_1365_2435_12836","data_license","No","TRUE","TRUE",FALSE,FALSE,FALSE,TRUE,FALSE
"10_1111_2041_210x_14297","data_availability","No","TRUE","FALSE",FALSE,TRUE,TRUE,FALSE,FALSE
"10_1111_1365_2664_14836","data_availability","Yes","FALSE","TRUE",FALSE,TRUE,TRUE,FALSE,FALSE
"10_1111_1365_2664_14836","code_archived","Yes","FALSE","FALSE",FALSE,FALSE,FALSE,TRUE,FALSE
"10_1111_1365_2664_14836","any_readme","TRUE","FALSE","TRUE",FALSE,TRUE,TRUE,FALSE,FALSE
"10_1111_1365_2745_12881","any_readme","TRUE","FALSE","TRUE",FALSE,TRUE,TRUE,FALSE,FALSE
"10_1111_1365_2656_13304","any_readme","TRUE","FALSE","TRUE",FALSE,TRUE,TRUE,FALSE,FALSE
"10_1111_1365_2656_12837","any_readme","TRUE","FALSE","TRUE",FALSE,TRUE,TRUE,FALSE,FALSE
"10_1002_2688_8319_12315","data_availability","Yes","FALSE","TRUE",FALSE,TRUE,TRUE,FALSE,FALSE
"10_1111_1365_2435_14164","code_archived","Yes","FALSE","TRUE",FALSE,TRUE,TRUE,FALSE,FALSE
"10_1111_1365_2656_13195","code_archived","Yes","FALSE","FALSE",FALSE,FALSE,FALSE,TRUE,FALSE
"10_1111_1365_2435_13818","code_archived","Yes","FALSE","TRUE",FALSE,TRUE,TRUE,FALSE,FALSE
"10_1111_1365_2435_13818","any_readme","TRUE","FALSE","TRUE",FALSE,TRUE,TRUE,FALSE,FALSE
"10_1111_1365_2435_14531","data_availability","Yes","FALSE","TRUE",FALSE,TRUE,TRUE,FALSE,FALSE
"10_1111_1365_2435_14531","any_readme","TRUE","FALSE","TRUE",FALSE,TRUE,TRUE,FALSE,FALSE
"10_1111_1365_2664_14665","data_availability","Yes","FALSE","TRUE",FALSE,TRUE,TRUE,FALSE,FALSE
"10_1111_1365_2664_14665","any_readme","TRUE","FALSE","TRUE",FALSE,TRUE,TRUE,FALSE,FALSE
"10_1111_1365_2745_14230","code_archived","No","TRUE","FALSE",FALSE,TRUE,TRUE,FALSE,FALSE
"10_1111_1365_2745_13620","data_availability","Yes","FALSE","TRUE",FALSE,TRUE,TRUE,FALSE,FALSE
"10_1111_1365_2745_13620","any_readme","TRUE","FALSE","TRUE",FALSE,TRUE,TRUE,FALSE,FALSE
"10_1111_1365_2656_14201","data_license","Yes","FALSE","TRUE",FALSE,TRUE,TRUE,FALSE,FALSE
"10_1111_2041_210x_13567","data_availability","Yes","FALSE","FALSE",FALSE,FALSE,FALSE,TRUE,FALSE
"10_1111_1365_2435_13446","code_archived","Yes","FALSE","TRUE",FALSE,TRUE,TRUE,FALSE,FALSE
"10_1111_1365_2435_13446","any_readme","TRUE","FALSE","TRUE",FALSE,TRUE,TRUE,FALSE,FALSE
"10_1111_1365_2664_13355","any_readme","TRUE","FALSE","TRUE",FALSE,TRUE,TRUE,FALSE,FALSE
"10_1111_1365_2664_13965","any_readme","TRUE","FALSE","TRUE",FALSE,TRUE,TRUE,FALSE,FALSE
"10_1111_1365_2745_14315","data_availability","Yes","FALSE","TRUE",FALSE,TRUE,TRUE,FALSE,FALSE
"10_1111_1365_2745_13941","code_archived","No","TRUE","FALSE",FALSE,TRUE,TRUE,FALSE,FALSE
"10_1111_1365_2435_14712","code_archived","Yes","FALSE","FALSE",FALSE,FALSE,FALSE,TRUE,FALSE
"10_1111_1365_2656_12730","data_availability","Yes","FALSE","TRUE",FALSE,TRUE,TRUE,FALSE,FALSE
"10_1111_1365_2656_13545","code_archived","No","TRUE","TRUE",FALSE,FALSE,FALSE,TRUE,FALSE
"10_1111_1365_2745_12759","data_license","Yes","FALSE","TRUE",FALSE,TRUE,TRUE,FALSE,FALSE
"10_1111_1365_2745_13564","any_readme","TRUE","FALSE","TRUE",FALSE,TRUE,TRUE,FALSE,FALSE
"10_1111_2041_210x_14453","data_availability","Yes","FALSE","TRUE",FALSE,TRUE,TRUE,FALSE,FALSE
"10_1111_2041_210x_14453","code_archived","Yes","FALSE","TRUE",FALSE,TRUE,TRUE,FALSE,FALSE
"10_1111_2041_210x_14453","any_readme","TRUE","FALSE","TRUE",FALSE,TRUE,TRUE,FALSE,FALSE
"10_1111_1365_2664_13540","any_readme","TRUE","FALSE","TRUE",FALSE,TRUE,TRUE,FALSE,FALSE
"10_1111_1365_2664_14520","any_readme","TRUE","FALSE","TRUE",FALSE,TRUE,TRUE,FALSE,FALSE
"10_1111_1365_2656_12762","code_archived","Yes","FALSE","TRUE",FALSE,TRUE,TRUE,FALSE,FALSE
"10_1111_1365_2745_13758","data_availability","Yes","FALSE","TRUE",FALSE,TRUE,TRUE,FALSE,FALSE
"10_1111_1365_2745_13758","any_readme","TRUE","FALSE","TRUE",FALSE,TRUE,TRUE,FALSE,FALSE
"10_1111_1365_2745_14093","any_readme","TRUE","FALSE","TRUE",FALSE,TRUE,TRUE,FALSE,FALSE
"10_1002_2688_8319_12342","any_readme","TRUE","FALSE","TRUE",FALSE,TRUE,TRUE,FALSE,FALSE
"10_1111_1365_2435_14062","data_availability","Yes","FALSE","TRUE",FALSE,TRUE,TRUE,FALSE,FALSE
"10_1111_1365_2435_14062","any_readme","TRUE","FALSE","TRUE",FALSE,TRUE,TRUE,FALSE,FALSE
"10_1111_1365_2435_14241","code_archived","Yes","FALSE","TRUE",FALSE,TRUE,TRUE,FALSE,FALSE
"10_1111_1365_2435_14241","any_readme","TRUE","FALSE","TRUE",FALSE,TRUE,TRUE,FALSE,FALSE
"10_1111_2041_210x_13447","data_availability","Yes","FALSE","TRUE",FALSE,TRUE,TRUE,FALSE,FALSE
"10_1111_2041_210x_13447","code_archived","Yes","FALSE","TRUE",FALSE,TRUE,TRUE,FALSE,FALSE
"10_1111_2041_210x_13447","any_readme","TRUE","FALSE","TRUE",FALSE,TRUE,TRUE,FALSE,FALSE
"10_1111_1365_2745_13412","any_readme","TRUE","FALSE","TRUE",FALSE,TRUE,TRUE,FALSE,FALSE
"10_1111_1365_2656_13973","data_availability","Yes","FALSE","TRUE",FALSE,TRUE,TRUE,FALSE,FALSE
"10_1111_1365_2656_13973","any_readme","TRUE","FALSE","TRUE",FALSE,TRUE,TRUE,FALSE,FALSE
"10_1111_1365_2745_13416","any_readme","TRUE","FALSE","TRUE",FALSE,TRUE,TRUE,FALSE,FALSE
"10_1111_1365_2745_14324","data_availability","Yes","FALSE","TRUE",FALSE,TRUE,TRUE,FALSE,FALSE
"10_1111_1365_2745_14324","any_readme","TRUE","FALSE","TRUE",FALSE,TRUE,TRUE,FALSE,FALSE
"10_1111_1365_2435_13353","code_archived","No","TRUE","TRUE",FALSE,FALSE,FALSE,TRUE,FALSE
"10_1111_2041_210x_13768","data_availability","Yes","FALSE","TRUE",FALSE,TRUE,TRUE,FALSE,FALSE
"10_1111_2041_210x_13768","code_archived","Yes","FALSE","TRUE",FALSE,TRUE,TRUE,FALSE,FALSE
"10_1111_2041_210x_13768","any_readme","TRUE","FALSE","TRUE",FALSE,TRUE,TRUE,FALSE,FALSE
"10_1111_1365_2656_13544","data_availability","Yes","FALSE","FALSE",FALSE,FALSE,FALSE,TRUE,FALSE
"10_1111_1365_2656_13544","any_readme","TRUE","FALSE","FALSE",FALSE,FALSE,FALSE,TRUE,FALSE
"10_1111_1365_2656_13449","code_archived","Yes","FALSE","TRUE",FALSE,TRUE,TRUE,FALSE,FALSE
"10_1111_1365_2656_13449","any_readme","TRUE","FALSE","TRUE",FALSE,TRUE,TRUE,FALSE,FALSE
"10_1002_pan3_10223","code_archived","Yes","FALSE","FALSE",FALSE,FALSE,FALSE,TRUE,FALSE
"10_1002_pan3_10223","any_readme","TRUE","FALSE","TRUE",FALSE,TRUE,TRUE,FALSE,FALSE
"10_1111_2041_210x_13241","code_archived","Yes","FALSE","TRUE",FALSE,TRUE,TRUE,FALSE,FALSE
"10_1111_1365_2664_14037","any_readme","TRUE","FALSE","TRUE",FALSE,TRUE,TRUE,FALSE,FALSE
"10_1111_1365_2435_13658","code_archived","Yes","FALSE","TRUE",FALSE,TRUE,TRUE,FALSE,FALSE
"10_1111_1365_2435_13658","any_readme","TRUE","FALSE","TRUE",FALSE,TRUE,TRUE,FALSE,FALSE
"10_1111_1365_2745_14456","data_availability","Yes","FALSE","TRUE",FALSE,TRUE,TRUE,FALSE,FALSE
"10_1111_1365_2745_14456","any_readme","TRUE","FALSE","TRUE",FALSE,TRUE,TRUE,FALSE,FALSE
"10_1111_1365_2664_14704","data_availability","Yes","FALSE","TRUE",FALSE,TRUE,TRUE,FALSE,FALSE
"10_1111_1365_2664_14704","any_readme","TRUE","FALSE","TRUE",FALSE,TRUE,TRUE,FALSE,FALSE
"10_1111_2041_210x_13540","code_archived","Yes","FALSE","TRUE",FALSE,TRUE,TRUE,FALSE,FALSE
"10_1111_1365_2664_13533","data_availability","Yes","FALSE","TRUE",FALSE,TRUE,TRUE,FALSE,FALSE
"10_1111_1365_2664_13533","any_readme","TRUE","FALSE","TRUE",FALSE,TRUE,TRUE,FALSE,FALSE
"10_1111_1365_2664_14483","code_archived","Yes","FALSE","FALSE",FALSE,FALSE,FALSE,TRUE,FALSE
"10_1111_1365_2435_14085","any_readme","TRUE","FALSE","TRUE",FALSE,TRUE,TRUE,FALSE,FALSE
"10_1111_1365_2435_13471","data_availability","Yes","FALSE","TRUE",FALSE,TRUE,TRUE,FALSE,FALSE
"10_1111_1365_2745_13643","any_readme","TRUE","FALSE","TRUE",FALSE,TRUE,TRUE,FALSE,FALSE
"10_1111_2041_210x_12811","code_archived","Yes","FALSE","TRUE",FALSE,TRUE,TRUE,FALSE,FALSE
"10_1111_1365_2435_14729","data_availability","Yes","FALSE","FALSE",FALSE,FALSE,FALSE,TRUE,FALSE
"10_1111_1365_2435_12871","any_readme","TRUE","FALSE","FALSE",FALSE,FALSE,FALSE,TRUE,FALSE
"10_1111_2041_210x_14074","code_archived","Yes","FALSE","TRUE",FALSE,TRUE,TRUE,FALSE,FALSE
"10_1111_1365_2435_13386","any_readme","TRUE","FALSE","TRUE",FALSE,TRUE,TRUE,FALSE,FALSE
"10_1111_1365_2435_13338","code_archived","Yes","FALSE","TRUE",FALSE,TRUE,TRUE,FALSE,FALSE
"10_1111_2041_210x_13721","data_license","No","TRUE","TRUE",FALSE,FALSE,FALSE,TRUE,FALSE
"10_1111_1365_2745_13231","any_readme","TRUE","FALSE","FALSE",FALSE,FALSE,FALSE,TRUE,FALSE
"10_1111_1365_2745_14253","data_availability","Yes","FALSE","TRUE",FALSE,TRUE,TRUE,FALSE,FALSE
"10_1111_1365_2745_14253","any_readme","TRUE","FALSE","TRUE",FALSE,TRUE,TRUE,FALSE,FALSE
"10_1002_pan3_10436","data_availability","Yes","FALSE","FALSE",FALSE,FALSE,FALSE,TRUE,FALSE
"10_1111_1365_2664_14024","code_archived","Yes","FALSE","FALSE",FALSE,FALSE,FALSE,TRUE,FALSE
"10_1111_1365_2664_14575","data_availability","Yes","FALSE","TRUE",FALSE,TRUE,TRUE,FALSE,FALSE
"10_1111_1365_2664_14575","any_readme","TRUE","FALSE","TRUE",FALSE,TRUE,TRUE,FALSE,FALSE
"10_1111_1365_2656_13295","data_availability","Yes","FALSE","TRUE",FALSE,TRUE,TRUE,FALSE,FALSE
"10_1111_1365_2745_13529","data_availability","Yes","FALSE","TRUE",FALSE,TRUE,TRUE,FALSE,FALSE
"10_1111_1365_2435_12971","any_readme","TRUE","FALSE","TRUE",FALSE,TRUE,TRUE,FALSE,FALSE
"10_1002_pan3_10196","data_availability","Yes","FALSE","TRUE",FALSE,TRUE,TRUE,FALSE,FALSE
"10_1002_pan3_10196","code_archived","Yes","FALSE","FALSE",FALSE,FALSE,FALSE,TRUE,FALSE
"10_1002_pan3_10196","any_readme","TRUE","FALSE","TRUE",FALSE,TRUE,TRUE,FALSE,FALSE
"10_1111_1365_2745_14251","any_readme","TRUE","FALSE","TRUE",FALSE,TRUE,TRUE,FALSE,FALSE
"10_1002_pan3_10743","data_availability","Yes","FALSE","FALSE",FALSE,FALSE,FALSE,TRUE,FALSE
"10_1111_1365_2745_13817","data_availability","Yes","FALSE","TRUE",FALSE,TRUE,TRUE,FALSE,FALSE
"10_1111_1365_2745_13817","any_readme","TRUE","FALSE","TRUE",FALSE,TRUE,TRUE,FALSE,FALSE
"10_1002_pan3_10076","data_availability","Yes","FALSE","TRUE",FALSE,TRUE,TRUE,FALSE,FALSE
"10_1111_2041_210x_13318","any_readme","FALSE","TRUE","TRUE",FALSE,FALSE,FALSE,TRUE,FALSE
"10_1111_1365_2745_13491","any_readme","TRUE","FALSE","TRUE",FALSE,TRUE,TRUE,FALSE,FALSE
"10_1111_1365_2664_14074","data_license","No","TRUE","TRUE",FALSE,FALSE,FALSE,TRUE,FALSE
"10_1111_1365_2664_14074","data_download","Yes","FALSE","TRUE",FALSE,TRUE,TRUE,FALSE,FALSE
"10_1111_1365_2664_14074","code_archived","No","TRUE","TRUE",FALSE,FALSE,FALSE,TRUE,FALSE
"10_1111_1365_2664_14074","any_readme","FALSE","TRUE","TRUE",FALSE,FALSE,FALSE,TRUE,FALSE
"10_1111_1365_2656_13677","code_archived","Yes","FALSE","TRUE",FALSE,TRUE,TRUE,FALSE,FALSE
"10_1111_1365_2664_13237","code_archived","Yes","FALSE","FALSE",FALSE,FALSE,FALSE,TRUE,FALSE
"10_1111_1365_2664_13237","any_readme","TRUE","FALSE","TRUE",FALSE,TRUE,TRUE,FALSE,FALSE
"10_1111_1365_2435_13388","code_archived","Yes","FALSE","TRUE",FALSE,TRUE,TRUE,FALSE,FALSE
"10_1111_1365_2435_13388","any_readme","TRUE","FALSE","TRUE",FALSE,TRUE,TRUE,FALSE,FALSE
"10_1111_1365_2664_12991","data_availability","Yes","FALSE","TRUE",FALSE,TRUE,TRUE,FALSE,FALSE
"10_1111_1365_2664_12991","any_readme","TRUE","FALSE","TRUE",FALSE,TRUE,TRUE,FALSE,FALSE
"10_1111_1365_2664_13771","data_availability","Yes","FALSE","TRUE",FALSE,TRUE,TRUE,FALSE,FALSE
"10_1111_2041_210x_13527","code_archived","Yes","FALSE","TRUE",FALSE,TRUE,TRUE,FALSE,FALSE
"10_1111_2041_210x_13527","any_readme","TRUE","FALSE","TRUE",FALSE,TRUE,TRUE,FALSE,FALSE
"10_1111_2041_210x_13591","data_availability","Yes","FALSE","TRUE",FALSE,TRUE,TRUE,FALSE,FALSE
"10_1111_2041_210x_13591","code_archived","Yes","FALSE","TRUE",FALSE,TRUE,TRUE,FALSE,FALSE
"10_1111_2041_210x_13591","any_readme","TRUE","FALSE","TRUE",FALSE,TRUE,TRUE,FALSE,FALSE
"10_1111_1365_2656_13069","data_availability","Yes","FALSE","TRUE",FALSE,TRUE,TRUE,FALSE,FALSE
"10_1111_1365_2656_13069","any_readme","TRUE","FALSE","TRUE",FALSE,TRUE,TRUE,FALSE,FALSE
"10_1002_2688_8319_12241","data_availability","Yes","FALSE","FALSE",FALSE,FALSE,FALSE,TRUE,FALSE
"10_1002_pan3_10291","any_readme","TRUE","FALSE","FALSE",FALSE,FALSE,FALSE,TRUE,FALSE
"10_1111_1365_2435_14140","data_availability","Yes","FALSE","TRUE",FALSE,TRUE,TRUE,FALSE,FALSE
"10_1111_2041_210x_13536","code_archived","Yes","FALSE","TRUE",FALSE,TRUE,TRUE,FALSE,FALSE
"10_1111_1365_2664_14569","data_availability","Yes","FALSE","TRUE",FALSE,TRUE,TRUE,FALSE,FALSE
"10_1111_1365_2664_14569","any_readme","TRUE","FALSE","TRUE",FALSE,TRUE,TRUE,FALSE,FALSE
"10_1111_2041_210x_13174","any_readme","FALSE","TRUE","TRUE",FALSE,FALSE,FALSE,TRUE,FALSE
"10_1111_1365_2435_14235","code_archived","No","TRUE","TRUE",FALSE,FALSE,FALSE,TRUE,FALSE
"10_1111_2041_210x_13785","data_availability","Yes","FALSE","TRUE",FALSE,TRUE,TRUE,FALSE,FALSE
"10_1111_2041_210x_13785","code_archived","Yes","FALSE","TRUE",FALSE,TRUE,TRUE,FALSE,FALSE
"10_1111_2041_210x_13785","any_readme","TRUE","FALSE","TRUE",FALSE,TRUE,TRUE,FALSE,FALSE
"10_1002_2688_8319_12101","code_archived","Yes","FALSE","TRUE",FALSE,TRUE,TRUE,FALSE,FALSE
"10_1111_1365_2664_14398","data_availability","Yes","FALSE","TRUE",FALSE,TRUE,TRUE,FALSE,FALSE
"10_1111_1365_2664_14398","any_readme","TRUE","FALSE","TRUE",FALSE,TRUE,TRUE,FALSE,FALSE
"10_1111_1365_2664_13811","code_archived","No","TRUE","FALSE",FALSE,TRUE,TRUE,FALSE,FALSE
"10_1002_pan3_10674","data_availability","Yes","FALSE","FALSE",FALSE,FALSE,FALSE,TRUE,FALSE
"10_1111_1365_2435_13887","data_download","Yes","FALSE","TRUE",FALSE,TRUE,TRUE,FALSE,FALSE
"10_1111_1365_2435_13887","any_readme","TRUE","FALSE","TRUE",FALSE,TRUE,TRUE,FALSE,FALSE
"10_1111_1365_2664_13141","any_readme","TRUE","FALSE","TRUE",FALSE,TRUE,TRUE,FALSE,FALSE
"10_1111_2041_210x_14027","data_license","Yes","FALSE","TRUE",FALSE,TRUE,TRUE,FALSE,FALSE
"10_1111_2041_210x_14027","data_download","Yes","FALSE","TRUE",FALSE,TRUE,TRUE,FALSE,FALSE
"10_1111_1365_2656_13608","code_archived","No","TRUE","TRUE",FALSE,FALSE,FALSE,TRUE,FALSE
"10_1111_1365_2656_13115","any_readme","TRUE","FALSE","FALSE",FALSE,FALSE,FALSE,TRUE,FALSE
"10_1111_2041_210x_13644","data_availability","Yes","FALSE","TRUE",FALSE,TRUE,TRUE,FALSE,FALSE
"10_1111_2041_210x_13644","code_archived","Yes","FALSE","TRUE",FALSE,TRUE,TRUE,FALSE,FALSE
"10_1111_2041_210x_13644","any_readme","TRUE","FALSE","TRUE",FALSE,TRUE,TRUE,FALSE,FALSE
"10_1111_1365_2664_13618","code_archived","Yes","FALSE","TRUE",FALSE,TRUE,TRUE,FALSE,FALSE
"10_1111_1365_2664_13618","any_readme","TRUE","FALSE","TRUE",FALSE,TRUE,TRUE,FALSE,FALSE
"10_1111_2041_210x_13880","data_availability","Yes","FALSE","TRUE",FALSE,TRUE,TRUE,FALSE,FALSE
"10_1111_2041_210x_13880","any_readme","TRUE","FALSE","TRUE",FALSE,TRUE,TRUE,FALSE,FALSE
"10_1111_1365_2656_13929","code_archived","Yes","FALSE","TRUE",FALSE,TRUE,TRUE,FALSE,FALSE
"10_1111_1365_2745_13857","any_readme","TRUE","FALSE","TRUE",FALSE,TRUE,TRUE,FALSE,FALSE
"10_1002_pan3_10249","data_availability","Yes","FALSE","TRUE",FALSE,TRUE,TRUE,FALSE,FALSE
"10_1111_2041_210x_14125","data_availability","Yes","FALSE","TRUE",FALSE,TRUE,TRUE,FALSE,FALSE
"10_1111_2041_210x_14125","code_archived","Yes","FALSE","FALSE",FALSE,FALSE,FALSE,TRUE,FALSE
"10_1111_1365_2745_13064","data_availability","Yes","FALSE","TRUE",FALSE,TRUE,TRUE,FALSE,FALSE
"10_1111_1365_2745_13064","any_readme","TRUE","FALSE","TRUE",FALSE,TRUE,TRUE,FALSE,FALSE
"10_1111_1365_2745_13288","data_availability","Yes","FALSE","TRUE",FALSE,TRUE,TRUE,FALSE,FALSE
"10_1111_1365_2745_13288","any_readme","TRUE","FALSE","TRUE",FALSE,TRUE,TRUE,FALSE,FALSE
"10_1111_2041_210x_13459","data_availability","Yes","FALSE","FALSE",FALSE,FALSE,FALSE,TRUE,FALSE
"10_1111_2041_210x_13821","data_availability","Yes","FALSE","TRUE",FALSE,TRUE,TRUE,FALSE,FALSE
"10_1111_2041_210x_13821","code_archived","Yes","FALSE","TRUE",FALSE,TRUE,TRUE,FALSE,FALSE
"10_1111_2041_210x_13821","any_readme","TRUE","FALSE","TRUE",FALSE,TRUE,TRUE,FALSE,FALSE
"10_1111_1365_2745_13512","any_readme","TRUE","FALSE","FALSE",FALSE,FALSE,FALSE,TRUE,FALSE
"10_1111_1365_2656_12900","data_availability","Yes","FALSE","FALSE",FALSE,FALSE,FALSE,TRUE,FALSE
"10_1111_1365_2435_13964","code_archived","No","TRUE","TRUE",FALSE,FALSE,FALSE,TRUE,FALSE
"10_1111_1365_2664_14090","code_archived","Yes","FALSE","FALSE",FALSE,FALSE,FALSE,TRUE,FALSE
"10_1111_1365_2435_13091","data_availability","Yes","FALSE","TRUE",FALSE,TRUE,TRUE,FALSE,FALSE
"10_1111_1365_2656_13431","code_archived","Yes","FALSE","FALSE",FALSE,FALSE,FALSE,TRUE,FALSE
"10_1111_1365_2656_13431","any_readme","TRUE","FALSE","FALSE",FALSE,FALSE,FALSE,TRUE,FALSE
"10_1111_1365_2745_13537","any_readme","TRUE","FALSE","TRUE",FALSE,TRUE,TRUE,FALSE,FALSE
"10_1111_1365_2745_13300","any_readme","TRUE","FALSE","TRUE",FALSE,TRUE,TRUE,FALSE,FALSE
"10_1111_1365_2656_13516","code_archived","Yes","FALSE","FALSE",FALSE,FALSE,FALSE,TRUE,FALSE
"10_1111_1365_2664_14445","data_availability","No","TRUE","FALSE",FALSE,TRUE,TRUE,FALSE,FALSE
"10_1111_1365_2435_13141","data_availability","Yes","FALSE","TRUE",FALSE,TRUE,TRUE,FALSE,FALSE
"10_1111_1365_2435_13141","code_archived","Yes","FALSE","TRUE",FALSE,TRUE,TRUE,FALSE,FALSE
"10_1111_1365_2435_13141","any_readme","TRUE","FALSE","TRUE",FALSE,TRUE,TRUE,FALSE,FALSE
"10_1111_1365_2745_14279","data_availability","Yes","FALSE","TRUE",FALSE,TRUE,TRUE,FALSE,FALSE
"10_1111_1365_2745_14279","code_archived","Yes","FALSE","TRUE",FALSE,TRUE,TRUE,FALSE,FALSE
"10_1111_1365_2745_14279","any_readme","TRUE","FALSE","TRUE",FALSE,TRUE,TRUE,FALSE,FALSE
"10_1111_2041_210x_12804","code_archived","Yes","FALSE","FALSE",FALSE,FALSE,FALSE,TRUE,FALSE
"10_1111_1365_2435_14658","any_readme","TRUE","FALSE","TRUE",FALSE,TRUE,TRUE,FALSE,FALSE
"10_1111_1365_2745_13812","code_archived","No","TRUE","FALSE",FALSE,TRUE,TRUE,FALSE,FALSE
"10_1111_1365_2435_14714","data_availability","Yes","FALSE","TRUE",FALSE,TRUE,TRUE,FALSE,FALSE
"10_1111_1365_2435_14714","code_archived","Yes","FALSE","FALSE",FALSE,FALSE,FALSE,TRUE,FALSE
"10_1111_1365_2435_14714","any_readme","TRUE","FALSE","TRUE",FALSE,TRUE,TRUE,FALSE,FALSE
"10_1111_1365_2664_14126","data_availability","Yes","FALSE","TRUE",FALSE,TRUE,TRUE,FALSE,FALSE
"10_1111_1365_2664_13184","any_readme","TRUE","FALSE","TRUE",FALSE,TRUE,TRUE,FALSE,FALSE
"10_1111_1365_2664_13172","code_archived","Yes","FALSE","FALSE",FALSE,FALSE,FALSE,TRUE,FALSE
"10_1111_2041_210x_13766","data_availability","Yes","FALSE","TRUE",FALSE,TRUE,TRUE,FALSE,FALSE
"10_1111_2041_210x_13766","code_archived","Yes","FALSE","FALSE",FALSE,FALSE,FALSE,TRUE,FALSE
"10_1111_2041_210x_13766","any_readme","TRUE","FALSE","TRUE",FALSE,TRUE,TRUE,FALSE,FALSE
"10_1111_1365_2435_12853","any_readme","TRUE","FALSE","FALSE",FALSE,FALSE,FALSE,TRUE,FALSE
"10_1111_1365_2435_13548","data_availability","Yes","FALSE","TRUE",FALSE,TRUE,TRUE,FALSE,FALSE
"10_1111_1365_2435_13548","code_archived","Yes","FALSE","TRUE",FALSE,TRUE,TRUE,FALSE,FALSE
"10_1111_1365_2656_13816","code_archived","Yes","FALSE","FALSE",FALSE,FALSE,FALSE,TRUE,FALSE
"10_1111_1365_2656_13816","any_readme","TRUE","FALSE","FALSE",FALSE,FALSE,FALSE,TRUE,FALSE
"10_1111_1365_2664_14737","code_archived","Yes","FALSE","FALSE",FALSE,FALSE,FALSE,TRUE,FALSE
"10_1111_1365_2745_13993","code_archived","Yes","FALSE","TRUE",FALSE,TRUE,TRUE,FALSE,FALSE
"10_1111_1365_2435_13464","any_readme","TRUE","FALSE","TRUE",FALSE,TRUE,TRUE,FALSE,FALSE
"10_1111_1365_2435_13179","data_availability","Yes","FALSE","FALSE",FALSE,FALSE,FALSE,TRUE,FALSE
"10_1111_1365_2435_13179","any_readme","TRUE","FALSE","FALSE",FALSE,FALSE,FALSE,TRUE,FALSE
"10_1111_2041_210x_13967","data_availability","Yes","FALSE","TRUE",FALSE,TRUE,TRUE,FALSE,FALSE
"10_1111_2041_210x_13967","any_readme","TRUE","FALSE","TRUE",FALSE,TRUE,TRUE,FALSE,FALSE
"10_1111_1365_2745_13149","data_availability","Yes","FALSE","TRUE",FALSE,TRUE,TRUE,FALSE,FALSE
"10_1111_1365_2656_13847","code_archived","Yes","FALSE","TRUE",FALSE,TRUE,TRUE,FALSE,FALSE
"10_1111_1365_2656_13005","data_availability","Yes","FALSE","FALSE",FALSE,FALSE,FALSE,TRUE,FALSE
"10_1111_1365_2656_13005","code_archived","Yes","FALSE","FALSE",FALSE,FALSE,FALSE,TRUE,FALSE
"10_1111_1365_2656_13005","any_readme","TRUE","FALSE","FALSE",FALSE,FALSE,FALSE,TRUE,FALSE
"10_1111_1365_2664_13770","code_archived","Yes","FALSE","TRUE",FALSE,TRUE,TRUE,FALSE,FALSE
"10_1111_1365_2664_13770","any_readme","TRUE","FALSE","TRUE",FALSE,TRUE,TRUE,FALSE,FALSE
"10_1111_2041_210x_13428","data_availability","Yes","FALSE","TRUE",FALSE,TRUE,TRUE,FALSE,FALSE
"10_1111_2041_210x_13428","any_readme","TRUE","FALSE","TRUE",FALSE,TRUE,TRUE,FALSE,FALSE
"10_1111_1365_2664_14695","code_archived","Yes","FALSE","TRUE",FALSE,TRUE,TRUE,FALSE,FALSE
"10_1111_1365_2664_14695","any_readme","TRUE","FALSE","TRUE",FALSE,TRUE,TRUE,FALSE,FALSE
"10_1111_1365_2435_12897","code_archived","Yes","FALSE","FALSE",FALSE,FALSE,FALSE,TRUE,FALSE
"10_1111_1365_2745_13457","any_readme","TRUE","FALSE","TRUE",FALSE,TRUE,TRUE,FALSE,FALSE
"10_1111_1365_2656_13067","data_availability","Yes","FALSE","FALSE",FALSE,FALSE,FALSE,TRUE,FALSE
"10_1111_1365_2656_13067","any_readme","TRUE","FALSE","FALSE",FALSE,FALSE,FALSE,TRUE,FALSE
"10_1111_1365_2745_13238","data_availability","Yes","FALSE","TRUE",FALSE,TRUE,TRUE,FALSE,FALSE
"10_1111_1365_2745_13238","any_readme","TRUE","FALSE","TRUE",FALSE,TRUE,TRUE,FALSE,FALSE
"10_1111_2041_210x_13737","data_availability","Yes","FALSE","TRUE",FALSE,TRUE,TRUE,FALSE,FALSE
"10_1111_2041_210x_13737","code_archived","Yes","FALSE","TRUE",FALSE,TRUE,TRUE,FALSE,FALSE
"10_1111_1365_2745_13994","data_availability","Yes","FALSE","TRUE",FALSE,TRUE,TRUE,FALSE,FALSE
"10_1111_1365_2745_13994","any_readme","TRUE","FALSE","TRUE",FALSE,TRUE,TRUE,FALSE,FALSE
"10_1111_1365_2435_14504","data_availability","Yes","FALSE","TRUE",FALSE,TRUE,TRUE,FALSE,FALSE
"10_1111_1365_2435_14504","any_readme","TRUE","FALSE","TRUE",FALSE,TRUE,TRUE,FALSE,FALSE
"10_1111_1365_2435_13855","code_archived","Yes","FALSE","FALSE",FALSE,FALSE,FALSE,TRUE,FALSE
"10_1111_1365_2745_12985","data_availability","Yes","FALSE","TRUE",FALSE,TRUE,TRUE,FALSE,FALSE
"10_1111_1365_2745_12985","code_archived","Yes","FALSE","TRUE",FALSE,TRUE,TRUE,FALSE,FALSE
"10_1111_1365_2745_12985","any_readme","TRUE","FALSE","TRUE",FALSE,TRUE,TRUE,FALSE,FALSE
"10_1111_1365_2664_12977","data_license","No","TRUE","TRUE",FALSE,FALSE,FALSE,TRUE,FALSE
"10_1111_2041_210x_12989","data_license","Yes","FALSE","TRUE",FALSE,TRUE,TRUE,FALSE,FALSE
"10_1111_1365_2745_13871","data_availability","Yes","FALSE","TRUE",FALSE,TRUE,TRUE,FALSE,FALSE
"10_1111_1365_2745_13871","any_readme","TRUE","FALSE","TRUE",FALSE,TRUE,TRUE,FALSE,FALSE
"10_1111_1365_2656_12686","any_readme","TRUE","FALSE","TRUE",FALSE,TRUE,TRUE,FALSE,FALSE
"10_1111_1365_2435_14727","code_archived","Yes","FALSE","FALSE",FALSE,FALSE,FALSE,TRUE,FALSE
"10_1111_1365_2435_14727","any_readme","TRUE","FALSE","FALSE",FALSE,FALSE,FALSE,TRUE,FALSE
"10_1111_1365_2745_13517","data_availability","Yes","FALSE","TRUE",FALSE,TRUE,TRUE,FALSE,FALSE
"10_1111_1365_2435_13438","any_readme","TRUE","FALSE","TRUE",FALSE,TRUE,TRUE,FALSE,FALSE
"10_1111_1365_2656_13759","data_availability","No, but they are available on request","TRUE","FALSE",FALSE,FALSE,FALSE,FALSE,FALSE
"10_1111_1365_2656_13759","any_readme","TRUE","FALSE","FALSE",FALSE,FALSE,FALSE,TRUE,FALSE
"10_1111_1365_2435_14323","code_archived","Yes","FALSE","FALSE",FALSE,FALSE,FALSE,TRUE,FALSE
"10_1111_1365_2435_14323","any_readme","TRUE","FALSE","TRUE",FALSE,TRUE,TRUE,FALSE,FALSE
"10_1111_1365_2745_13948","data_availability","Yes","FALSE","FALSE",FALSE,FALSE,FALSE,TRUE,FALSE
"10_1111_1365_2745_13948","any_readme","TRUE","FALSE","FALSE",FALSE,FALSE,FALSE,TRUE,FALSE
"10_1111_1365_2435_13098","any_readme","TRUE","FALSE","FALSE",FALSE,FALSE,FALSE,TRUE,FALSE
"10_1111_1365_2745_12842","any_readme","TRUE","FALSE","TRUE",FALSE,TRUE,TRUE,FALSE,FALSE
"10_1111_1365_2745_14376","data_availability","Yes","FALSE","TRUE",FALSE,TRUE,TRUE,FALSE,FALSE
"10_1111_1365_2745_14376","any_readme","TRUE","FALSE","TRUE",FALSE,TRUE,TRUE,FALSE,FALSE
"10_1111_1365_2435_13796","data_availability","Yes","FALSE","FALSE",FALSE,FALSE,FALSE,TRUE,FALSE
"10_1111_1365_2435_13796","any_readme","TRUE","FALSE","TRUE",FALSE,TRUE,TRUE,FALSE,FALSE
"10_1111_1365_2745_13546","any_readme","TRUE","FALSE","TRUE",FALSE,TRUE,TRUE,FALSE,FALSE
"10_1111_1365_2435_13993","code_archived","No","TRUE","TRUE",FALSE,FALSE,FALSE,TRUE,FALSE
"10_1111_1365_2435_14233","code_archived","Yes","FALSE","TRUE",FALSE,TRUE,TRUE,FALSE,FALSE
"10_1111_1365_2745_13629","code_archived","No","TRUE","TRUE",FALSE,FALSE,FALSE,TRUE,FALSE
"10_1111_2041_210x_13875","data_availability","Yes","FALSE","TRUE",FALSE,TRUE,TRUE,FALSE,FALSE
"10_1111_2041_210x_13875","code_archived","Yes","FALSE","TRUE",FALSE,TRUE,TRUE,FALSE,FALSE
"10_1111_2041_210x_13875","any_readme","TRUE","FALSE","TRUE",FALSE,TRUE,TRUE,FALSE,FALSE
"10_1111_1365_2745_14263","data_availability","Yes","FALSE","TRUE",FALSE,TRUE,TRUE,FALSE,FALSE
"10_1111_1365_2745_14263","any_readme","TRUE","FALSE","TRUE",FALSE,TRUE,TRUE,FALSE,FALSE
"10_1111_2041_210x_14159","data_availability","Yes","FALSE","TRUE",FALSE,TRUE,TRUE,FALSE,FALSE
"10_1111_2041_210x_14159","code_archived","Yes","FALSE","TRUE",FALSE,TRUE,TRUE,FALSE,FALSE
"10_1111_2041_210x_14159","any_readme","TRUE","FALSE","TRUE",FALSE,TRUE,TRUE,FALSE,FALSE
"10_1002_pan3_14","data_availability","Yes","FALSE","TRUE",FALSE,TRUE,TRUE,FALSE,FALSE
"10_1002_pan3_14","any_readme","TRUE","FALSE","TRUE",FALSE,TRUE,TRUE,FALSE,FALSE
"10_1111_2041_210x_13897","data_availability","Yes","FALSE","TRUE",FALSE,TRUE,TRUE,FALSE,FALSE
"10_1111_2041_210x_13897","code_archived","Yes","FALSE","TRUE",FALSE,TRUE,TRUE,FALSE,FALSE
"10_1111_2041_210x_13897","any_readme","TRUE","FALSE","TRUE",FALSE,TRUE,TRUE,FALSE,FALSE
"10_1111_1365_2656_14112","code_archived","Yes","FALSE","FALSE",FALSE,FALSE,FALSE,TRUE,FALSE
"10_1111_2041_210x_13384","data_license","No","TRUE","TRUE",FALSE,FALSE,FALSE,TRUE,FALSE
"10_1111_1365_2664_13016","any_readme","TRUE","FALSE","TRUE",FALSE,TRUE,TRUE,FALSE,FALSE
"10_1111_1365_2745_14006","data_availability","Yes","FALSE","TRUE",FALSE,TRUE,TRUE,FALSE,FALSE
"10_1111_1365_2745_14006","code_archived","Yes","FALSE","FALSE",FALSE,FALSE,FALSE,TRUE,FALSE
"10_1111_2041_210x_12983","any_readme","TRUE","FALSE","FALSE",FALSE,FALSE,FALSE,TRUE,FALSE
"10_1111_1365_2656_13985","code_archived","Yes","FALSE","FALSE",FALSE,FALSE,FALSE,TRUE,FALSE
"10_1111_2041_210x_14119","data_availability","No","TRUE","TRUE",FALSE,FALSE,FALSE,TRUE,FALSE
"10_1111_2041_210x_14119","any_readme","FALSE","TRUE","TRUE",FALSE,FALSE,FALSE,TRUE,FALSE
"10_1111_2041_210x_13571","data_availability","Yes","FALSE","TRUE",FALSE,TRUE,TRUE,FALSE,FALSE
"10_1111_2041_210x_13571","code_archived","Yes","FALSE","TRUE",FALSE,TRUE,TRUE,FALSE,FALSE
"10_1111_2041_210x_14428","code_archived","Yes","FALSE","TRUE",FALSE,TRUE,TRUE,FALSE,FALSE
"10_1111_2041_210x_14428","any_readme","TRUE","FALSE","TRUE",FALSE,TRUE,TRUE,FALSE,FALSE
"10_1111_2041_210x_14089","data_availability","Yes","FALSE","TRUE",FALSE,TRUE,TRUE,FALSE,FALSE
"10_1111_2041_210x_14089","any_readme","TRUE","FALSE","TRUE",FALSE,TRUE,TRUE,FALSE,FALSE
"10_1111_1365_2664_13903","code_archived","Yes","FALSE","TRUE",FALSE,TRUE,TRUE,FALSE,FALSE
"10_1111_1365_2664_14163","code_archived","Yes","FALSE","TRUE",FALSE,TRUE,TRUE,FALSE,FALSE
"10_1111_1365_2664_14080","any_readme","TRUE","FALSE","TRUE",FALSE,TRUE,TRUE,FALSE,FALSE
"10_1111_2041_210x_13823","data_availability","Yes","FALSE","TRUE",FALSE,TRUE,TRUE,FALSE,FALSE
"10_1111_2041_210x_13823","code_archived","Yes","FALSE","FALSE",FALSE,FALSE,FALSE,TRUE,FALSE
"10_1111_2041_210x_13823","any_readme","TRUE","FALSE","TRUE",FALSE,TRUE,TRUE,FALSE,FALSE
"10_1111_1365_2435_13899","code_archived","Yes","FALSE","TRUE",FALSE,TRUE,TRUE,FALSE,FALSE
"10_1111_1365_2435_12998","data_availability","Yes","FALSE","FALSE",FALSE,FALSE,FALSE,TRUE,FALSE
"10_1111_1365_2656_13986","data_availability","Yes","FALSE","TRUE",FALSE,TRUE,TRUE,FALSE,FALSE
"10_1111_1365_2435_13332","data_availability","Yes","FALSE","TRUE",FALSE,TRUE,TRUE,FALSE,FALSE
"10_1111_2041_210x_14269","any_readme","FALSE","TRUE","TRUE",FALSE,FALSE,FALSE,TRUE,FALSE
"10_1111_1365_2664_12901","any_readme","TRUE","FALSE","TRUE",FALSE,TRUE,TRUE,FALSE,FALSE
"10_1111_1365_2745_13999","data_availability","Yes","FALSE","FALSE",FALSE,FALSE,FALSE,TRUE,FALSE
"10_1111_1365_2745_13999","code_archived","Yes","FALSE","FALSE",FALSE,FALSE,FALSE,TRUE,FALSE
"10_1111_1365_2745_13999","any_readme","TRUE","FALSE","FALSE",FALSE,FALSE,FALSE,TRUE,FALSE
"10_1111_1365_2435_13533","any_readme","TRUE","FALSE","TRUE",FALSE,TRUE,TRUE,FALSE,FALSE
"10_1111_1365_2435_13689","code_archived","Yes","FALSE","TRUE",FALSE,TRUE,TRUE,FALSE,FALSE
"10_1111_1365_2435_13689","any_readme","TRUE","FALSE","TRUE",FALSE,TRUE,TRUE,FALSE,FALSE
"10_1111_2041_210x_13618","data_availability","No","TRUE","FALSE",FALSE,TRUE,TRUE,FALSE,FALSE
"10_1111_2041_210x_13618","any_readme","FALSE","TRUE","TRUE",FALSE,FALSE,FALSE,TRUE,FALSE
"10_1111_2041_210x_13175","data_availability","Yes","FALSE","TRUE",FALSE,TRUE,TRUE,FALSE,FALSE
"10_1111_2041_210x_13175","code_archived","Yes","FALSE","TRUE",FALSE,TRUE,TRUE,FALSE,FALSE
"10_1002_2688_8319_12393","code_archived","Yes","FALSE","TRUE",FALSE,TRUE,TRUE,FALSE,FALSE
"10_1111_1365_2435_12861","any_readme","TRUE","FALSE","FALSE",FALSE,FALSE,FALSE,TRUE,FALSE
"10_1111_1365_2435_14307","data_availability","Yes","FALSE","TRUE",FALSE,TRUE,TRUE,FALSE,FALSE
"10_1111_1365_2435_14307","any_readme","TRUE","FALSE","TRUE",FALSE,TRUE,TRUE,FALSE,FALSE
"10_1111_1365_2745_13464","any_readme","TRUE","FALSE","TRUE",FALSE,TRUE,TRUE,FALSE,FALSE
"10_1111_1365_2664_12927","data_availability","Yes","FALSE","TRUE",FALSE,TRUE,TRUE,FALSE,FALSE
"10_1111_1365_2656_14093","data_availability","Yes","FALSE","TRUE",FALSE,TRUE,TRUE,FALSE,FALSE
"10_1111_1365_2656_14093","any_readme","TRUE","FALSE","TRUE",FALSE,TRUE,TRUE,FALSE,FALSE
"10_1111_1365_2435_12975","data_availability","Yes","FALSE","FALSE",FALSE,FALSE,FALSE,TRUE,FALSE
"10_1111_1365_2664_14735","code_archived","Yes","FALSE","TRUE",FALSE,TRUE,TRUE,FALSE,FALSE
"10_1111_1365_2664_14735","any_readme","TRUE","FALSE","TRUE",FALSE,TRUE,TRUE,FALSE,FALSE
"10_1111_2041_210x_13739","code_archived","Yes","FALSE","TRUE",FALSE,TRUE,TRUE,FALSE,FALSE
"10_1111_1365_2664_13010","data_availability","Yes","FALSE","TRUE",FALSE,TRUE,TRUE,FALSE,FALSE
"10_1111_1365_2664_13010","any_readme","TRUE","FALSE","TRUE",FALSE,TRUE,TRUE,FALSE,FALSE
"10_1111_1365_2656_12731","any_readme","TRUE","FALSE","TRUE",FALSE,TRUE,TRUE,FALSE,FALSE
"10_1111_1365_2664_13912","code_archived","Yes","FALSE","TRUE",FALSE,TRUE,TRUE,FALSE,FALSE
"10_1111_1365_2664_13912","any_readme","TRUE","FALSE","TRUE",FALSE,TRUE,TRUE,FALSE,FALSE
"10_1111_1365_2664_14581","data_availability","Yes","FALSE","TRUE",FALSE,TRUE,TRUE,FALSE,FALSE
"10_1111_1365_2664_14581","code_archived","Yes","FALSE","TRUE",FALSE,TRUE,TRUE,FALSE,FALSE
"10_1111_1365_2664_14581","any_readme","TRUE","FALSE","TRUE",FALSE,TRUE,TRUE,FALSE,FALSE
"10_1111_2041_210x_13798","data_availability","No, but they are available on request","TRUE","TRUE",FALSE,FALSE,FALSE,FALSE,FALSE
"10_1111_1365_2435_13932","code_archived","Yes","FALSE","TRUE",FALSE,TRUE,TRUE,FALSE,FALSE
"10_1111_1365_2435_13932","any_readme","TRUE","FALSE","TRUE",FALSE,TRUE,TRUE,FALSE,FALSE
"10_1111_1365_2435_13192","data_availability","Yes","FALSE","TRUE",FALSE,TRUE,TRUE,FALSE,FALSE
"10_1002_2688_8319_12100","code_archived","No","TRUE","FALSE",FALSE,TRUE,TRUE,FALSE,FALSE
"10_1111_2041_210x_13120","data_license","Yes","FALSE","TRUE",FALSE,TRUE,TRUE,FALSE,FALSE
"10_1111_1365_2745_13550","any_readme","TRUE","FALSE","TRUE",FALSE,TRUE,TRUE,FALSE,FALSE
"10_1111_1365_2656_13546","data_availability","Yes","FALSE","TRUE",FALSE,TRUE,TRUE,FALSE,FALSE
"10_1002_2688_8319_12288","data_availability","Yes","FALSE","TRUE",FALSE,TRUE,TRUE,FALSE,FALSE
"10_1111_1365_2656_12784","code_archived","Yes","FALSE","TRUE",FALSE,TRUE,TRUE,FALSE,FALSE
"10_1111_1365_2656_12784","any_readme","TRUE","FALSE","TRUE",FALSE,TRUE,TRUE,FALSE,FALSE
"10_1111_1365_2664_13096","code_archived","Yes","FALSE","FALSE",FALSE,FALSE,FALSE,TRUE,FALSE
"10_1111_1365_2664_13096","any_readme","TRUE","FALSE","TRUE",FALSE,TRUE,TRUE,FALSE,FALSE
"10_1111_1365_2664_13374","code_archived","Yes","FALSE","TRUE",FALSE,TRUE,TRUE,FALSE,FALSE
"10_1111_1365_2664_13374","any_readme","TRUE","FALSE","TRUE",FALSE,TRUE,TRUE,FALSE,FALSE
"10_1111_2041_210x_13850","code_archived","Yes","FALSE","TRUE",FALSE,TRUE,TRUE,FALSE,FALSE
"10_1111_2041_210x_13681","data_availability","Yes","FALSE","TRUE",FALSE,TRUE,TRUE,FALSE,FALSE
"10_1111_2041_210x_13681","code_archived","Yes","FALSE","TRUE",FALSE,TRUE,TRUE,FALSE,FALSE
"10_1111_2041_210x_13681","any_readme","TRUE","FALSE","TRUE",FALSE,TRUE,TRUE,FALSE,FALSE
"10_1111_1365_2664_12880","data_license","No","TRUE","TRUE",FALSE,FALSE,FALSE,TRUE,FALSE
"10_1111_2041_210x_14251","data_license","No","TRUE","TRUE",FALSE,FALSE,FALSE,TRUE,FALSE
"10_1111_1365_2664_13724","code_archived","No","TRUE","FALSE",FALSE,TRUE,TRUE,FALSE,FALSE
"10_1111_1365_2435_13103","data_availability","Yes","FALSE","FALSE",FALSE,FALSE,FALSE,TRUE,FALSE
"10_1111_1365_2745_13950","code_archived","Yes","FALSE","FALSE",FALSE,FALSE,FALSE,TRUE,FALSE
"10_1111_1365_2745_13950","any_readme","TRUE","FALSE","TRUE",FALSE,TRUE,TRUE,FALSE,FALSE
"10_1111_1365_2745_14391","code_archived","Yes","FALSE","FALSE",FALSE,FALSE,FALSE,TRUE,FALSE
"10_1111_1365_2664_13326","any_readme","TRUE","FALSE","TRUE",FALSE,TRUE,TRUE,FALSE,FALSE
"10_1111_1365_2745_13720","code_archived","Yes","FALSE","FALSE",FALSE,FALSE,FALSE,TRUE,FALSE
"10_1111_1365_2745_13720","any_readme","TRUE","FALSE","FALSE",FALSE,FALSE,FALSE,TRUE,FALSE
"10_1111_2041_210x_12976","data_availability","Yes","FALSE","TRUE",FALSE,TRUE,TRUE,FALSE,FALSE
"10_1111_2041_210x_12976","code_archived","Yes","FALSE","TRUE",FALSE,TRUE,TRUE,FALSE,FALSE
"10_1111_1365_2435_12910","any_readme","TRUE","FALSE","TRUE",FALSE,TRUE,TRUE,FALSE,FALSE
"10_1111_1365_2664_13630","code_archived","Yes","FALSE","TRUE",FALSE,TRUE,TRUE,FALSE,FALSE
"10_1111_1365_2664_13630","any_readme","TRUE","FALSE","TRUE",FALSE,TRUE,TRUE,FALSE,FALSE
"10_1111_1365_2664_14789","data_availability","Yes","FALSE","TRUE",FALSE,TRUE,TRUE,FALSE,FALSE
"10_1111_1365_2664_14789","code_archived","Yes","FALSE","TRUE",FALSE,TRUE,TRUE,FALSE,FALSE
"10_1111_1365_2664_14789","any_readme","TRUE","FALSE","TRUE",FALSE,TRUE,TRUE,FALSE,FALSE
"10_1111_1365_2745_13306","data_availability","Yes","FALSE","TRUE",FALSE,TRUE,TRUE,FALSE,FALSE
"10_1111_1365_2745_13306","any_readme","TRUE","FALSE","TRUE",FALSE,TRUE,TRUE,FALSE,FALSE
"10_1111_1365_2656_13053","data_availability","Yes","FALSE","TRUE",FALSE,TRUE,TRUE,FALSE,FALSE
"10_1111_1365_2656_13053","code_archived","Yes","FALSE","FALSE",FALSE,FALSE,FALSE,TRUE,FALSE
"10_1111_1365_2656_13053","any_readme","TRUE","FALSE","TRUE",FALSE,TRUE,TRUE,FALSE,FALSE
"10_1111_1365_2435_14354","data_availability","Yes","FALSE","TRUE",FALSE,TRUE,TRUE,FALSE,FALSE
"10_1111_1365_2745_12898","any_readme","TRUE","FALSE","FALSE",FALSE,FALSE,FALSE,TRUE,FALSE
"10_1111_1365_2664_14202","any_readme","TRUE","FALSE","TRUE",FALSE,TRUE,TRUE,FALSE,FALSE
"10_1111_2041_210x_13694","code_archived","Yes","FALSE","TRUE",FALSE,TRUE,TRUE,FALSE,FALSE
"10_1111_1365_2664_13706","code_archived","Yes","FALSE","TRUE",FALSE,TRUE,TRUE,FALSE,FALSE
"10_1111_1365_2664_13706","any_readme","TRUE","FALSE","TRUE",FALSE,TRUE,TRUE,FALSE,FALSE
"10_1111_1365_2435_14492","data_availability","Yes","FALSE","TRUE",FALSE,TRUE,TRUE,FALSE,FALSE
"10_1111_1365_2435_14492","any_readme","TRUE","FALSE","TRUE",FALSE,TRUE,TRUE,FALSE,FALSE
"10_1111_1365_2656_13589","code_archived","Yes","FALSE","FALSE",FALSE,FALSE,FALSE,TRUE,FALSE
"10_1111_1365_2656_13566","data_license","No","TRUE","TRUE",FALSE,FALSE,FALSE,TRUE,FALSE
"10_1111_1365_2745_13653","data_availability","Yes","FALSE","TRUE",FALSE,TRUE,TRUE,FALSE,FALSE
"10_1111_1365_2745_13653","code_archived","Yes","FALSE","TRUE",FALSE,TRUE,TRUE,FALSE,FALSE
"10_1111_1365_2745_13653","any_readme","TRUE","FALSE","TRUE",FALSE,TRUE,TRUE,FALSE,FALSE
"10_1111_1365_2745_13263","any_readme","TRUE","FALSE","TRUE",FALSE,TRUE,TRUE,FALSE,FALSE
"10_1111_2041_210x_13817","data_availability","Yes","FALSE","TRUE",FALSE,TRUE,TRUE,FALSE,FALSE
"10_1111_2041_210x_13817","any_readme","TRUE","FALSE","TRUE",FALSE,TRUE,TRUE,FALSE,FALSE
"10_1002_pan3_10187","data_availability","Yes","FALSE","TRUE",FALSE,TRUE,TRUE,FALSE,FALSE
"10_1111_1365_2435_14465","data_availability","Yes","FALSE","TRUE",FALSE,TRUE,TRUE,FALSE,FALSE
"10_1111_1365_2435_13617","data_availability","No","TRUE","TRUE",FALSE,FALSE,FALSE,TRUE,FALSE
"10_1111_1365_2745_12883","data_availability","Yes","FALSE","TRUE",FALSE,TRUE,TRUE,FALSE,FALSE
"10_1111_1365_2745_12883","any_readme","TRUE","FALSE","TRUE",FALSE,TRUE,TRUE,FALSE,FALSE
"10_1111_2041_210x_13438","code_archived","Yes","FALSE","TRUE",FALSE,TRUE,TRUE,FALSE,FALSE
"10_1111_2041_210x_13438","any_readme","TRUE","FALSE","TRUE",FALSE,TRUE,TRUE,FALSE,FALSE
"10_1111_1365_2435_14696","data_availability","Yes","FALSE","TRUE",FALSE,TRUE,TRUE,FALSE,FALSE
"10_1111_1365_2435_14696","any_readme","TRUE","FALSE","TRUE",FALSE,TRUE,TRUE,FALSE,FALSE
"10_1111_2041_210x_12987","data_availability","Yes","FALSE","TRUE",FALSE,TRUE,TRUE,FALSE,FALSE
"10_1111_2041_210x_12987","code_archived","Yes","FALSE","TRUE",FALSE,TRUE,TRUE,FALSE,FALSE
"10_1111_2041_210x_12987","any_readme","TRUE","FALSE","TRUE",FALSE,TRUE,TRUE,FALSE,FALSE
"10_1111_1365_2745_13974","code_archived","Yes","FALSE","TRUE",FALSE,TRUE,TRUE,FALSE,FALSE
"10_1002_2688_8319_12094","data_availability","Yes","FALSE","TRUE",FALSE,TRUE,TRUE,FALSE,FALSE
"10_1002_2688_8319_12094","code_archived","Yes","FALSE","FALSE",FALSE,FALSE,FALSE,TRUE,FALSE
"10_1002_2688_8319_12094","any_readme","TRUE","FALSE","TRUE",FALSE,TRUE,TRUE,FALSE,FALSE
"10_1002_pan3_10133","code_archived","Yes","FALSE","TRUE",FALSE,TRUE,TRUE,FALSE,FALSE
"10_1111_2041_210x_13579","data_availability","Yes","FALSE","TRUE",FALSE,TRUE,TRUE,FALSE,FALSE
"10_1111_2041_210x_13579","code_archived","Yes","FALSE","TRUE",FALSE,TRUE,TRUE,FALSE,FALSE
"10_1111_2041_210x_13579","any_readme","TRUE","FALSE","TRUE",FALSE,TRUE,TRUE,FALSE,FALSE
"10_1111_1365_2435_13151","any_readme","TRUE","FALSE","TRUE",FALSE,TRUE,TRUE,FALSE,FALSE
"10_1111_1365_2745_13328","any_readme","TRUE","FALSE","TRUE",FALSE,TRUE,TRUE,FALSE,FALSE
"10_1111_2041_210x_13034","code_archived","Yes","FALSE","TRUE",FALSE,TRUE,TRUE,FALSE,FALSE
"10_1111_1365_2435_14550","data_availability","Yes","FALSE","TRUE",FALSE,TRUE,TRUE,FALSE,FALSE
"10_1002_pan3_10677","data_availability","Yes","FALSE","TRUE",FALSE,TRUE,TRUE,FALSE,FALSE
"10_1002_pan3_10677","any_readme","TRUE","FALSE","TRUE",FALSE,TRUE,TRUE,FALSE,FALSE
"10_1111_1365_2745_13777","data_availability","Yes","FALSE","TRUE",FALSE,TRUE,TRUE,FALSE,FALSE
"10_1111_1365_2745_13777","code_archived","Yes","FALSE","TRUE",FALSE,TRUE,TRUE,FALSE,FALSE
"10_1111_1365_2745_13777","any_readme","TRUE","FALSE","TRUE",FALSE,TRUE,TRUE,FALSE,FALSE
"10_1111_1365_2664_12884","code_archived","Yes","FALSE","TRUE",FALSE,TRUE,TRUE,FALSE,FALSE
"10_1111_1365_2664_12884","any_readme","TRUE","FALSE","TRUE",FALSE,TRUE,TRUE,FALSE,FALSE
"10_1111_1365_2664_13065","data_availability","Yes","FALSE","TRUE",FALSE,TRUE,TRUE,FALSE,FALSE
"10_1111_1365_2664_13065","any_readme","TRUE","FALSE","TRUE",FALSE,TRUE,TRUE,FALSE,FALSE
"10_1111_1365_2435_13919","data_license","No","TRUE","TRUE",FALSE,FALSE,FALSE,TRUE,FALSE
"10_1111_1365_2664_14789","data_availability","Yes","FALSE","TRUE",FALSE,TRUE,TRUE,FALSE,FALSE
"10_1111_1365_2664_14789","any_readme","TRUE","FALSE","TRUE",FALSE,TRUE,TRUE,FALSE,FALSE
"10_1002_2688_8319_12159","data_availability","Yes","FALSE","FALSE",FALSE,FALSE,FALSE,TRUE,FALSE
"10_1002_2688_8319_12159","any_readme","TRUE","FALSE","FALSE",FALSE,FALSE,FALSE,TRUE,FALSE
"10_1111_1365_2435_13928","data_availability","Yes","FALSE","TRUE",FALSE,TRUE,TRUE,FALSE,FALSE
"10_1111_1365_2435_13928","code_archived","Yes","FALSE","TRUE",FALSE,TRUE,TRUE,FALSE,FALSE
"10_1111_1365_2435_13928","any_readme","TRUE","FALSE","TRUE",FALSE,TRUE,TRUE,FALSE,FALSE
"10_1111_1365_2664_14435","data_license","No","TRUE","TRUE",FALSE,FALSE,FALSE,TRUE,FALSE
"10_1111_1365_2745_13728","data_availability","Yes","FALSE","TRUE",FALSE,TRUE,TRUE,FALSE,FALSE
"10_1111_1365_2745_13728","any_readme","TRUE","FALSE","TRUE",FALSE,TRUE,TRUE,FALSE,FALSE
"10_1111_1365_2745_13813","any_readme","TRUE","FALSE","TRUE",FALSE,TRUE,TRUE,FALSE,FALSE
"10_1111_1365_2664_13024","code_archived","Yes","FALSE","TRUE",FALSE,TRUE,TRUE,FALSE,FALSE
"10_1111_1365_2435_13209","any_readme","TRUE","FALSE","TRUE",FALSE,TRUE,TRUE,FALSE,FALSE
"10_1111_1365_2435_13116","any_readme","TRUE","FALSE","FALSE",FALSE,FALSE,FALSE,TRUE,FALSE
"10_1111_2041_210x_13626","data_availability","Yes","FALSE","FALSE",FALSE,FALSE,FALSE,TRUE,FALSE
"10_1111_2041_210x_13626","any_readme","TRUE","FALSE","TRUE",FALSE,TRUE,TRUE,FALSE,FALSE
"10_1111_1365_2664_13385","any_readme","TRUE","FALSE","TRUE",FALSE,TRUE,TRUE,FALSE,FALSE
"10_1111_1365_2664_13081","any_readme","TRUE","FALSE","TRUE",FALSE,TRUE,TRUE,FALSE,FALSE
"10_1111_1365_2664_13347","data_availability","Yes","FALSE","TRUE",FALSE,TRUE,TRUE,FALSE,FALSE
"10_1111_1365_2664_13347","code_archived","Yes","FALSE","TRUE",FALSE,TRUE,TRUE,FALSE,FALSE
"10_1111_2041_210x_13350","code_archived","Yes","FALSE","TRUE",FALSE,TRUE,TRUE,FALSE,FALSE
"10_1111_2041_210x_13350","any_readme","TRUE","FALSE","TRUE",FALSE,TRUE,TRUE,FALSE,FALSE
"10_1111_2041_210x_12911","code_archived","Yes","FALSE","TRUE",FALSE,TRUE,TRUE,FALSE,FALSE
"10_1111_2041_210x_12911","any_readme","TRUE","FALSE","TRUE",FALSE,TRUE,TRUE,FALSE,FALSE
"10_1111_1365_2745_14098","code_archived","Yes","FALSE","TRUE",FALSE,TRUE,TRUE,FALSE,FALSE
"10_1111_1365_2664_14138","data_availability","Yes","FALSE","FALSE",FALSE,FALSE,FALSE,TRUE,FALSE
"10_1111_1365_2664_14138","any_readme","TRUE","FALSE","FALSE",FALSE,FALSE,FALSE,TRUE,FALSE
"10_1111_1365_2435_14479","data_availability","Yes","FALSE","TRUE",FALSE,TRUE,TRUE,FALSE,FALSE
"10_1111_1365_2435_14479","any_readme","TRUE","FALSE","TRUE",FALSE,TRUE,TRUE,FALSE,FALSE
"10_1111_1365_2745_13398","data_license","No","TRUE","TRUE",FALSE,FALSE,FALSE,TRUE,FALSE
"10_1111_1365_2656_12775","data_availability","Yes","FALSE","TRUE",FALSE,TRUE,TRUE,FALSE,FALSE
"10_1111_1365_2656_12687","data_license","No","TRUE","TRUE",FALSE,FALSE,FALSE,TRUE,FALSE
"10_1111_1365_2656_13491","any_readme","TRUE","FALSE","TRUE",FALSE,TRUE,TRUE,FALSE,FALSE
"10_1111_1365_2745_13154","data_availability","Yes","FALSE","TRUE",FALSE,TRUE,TRUE,FALSE,FALSE
"10_1111_1365_2745_13154","code_archived","Yes","FALSE","TRUE",FALSE,TRUE,TRUE,FALSE,FALSE
"10_1111_1365_2745_13154","any_readme","TRUE","FALSE","TRUE",FALSE,TRUE,TRUE,FALSE,FALSE
"10_1111_1365_2656_14039","code_archived","Yes","FALSE","FALSE",FALSE,FALSE,FALSE,TRUE,FALSE
"10_1111_1365_2745_13970","data_availability","Yes","FALSE","TRUE",FALSE,TRUE,TRUE,FALSE,FALSE
"10_1111_2041_210x_14405","code_archived","Yes","FALSE","TRUE",FALSE,TRUE,TRUE,FALSE,FALSE
"10_1111_2041_210x_14405","any_readme","TRUE","FALSE","TRUE",FALSE,TRUE,TRUE,FALSE,FALSE
"10_1002_2688_8319_12402","data_license","Yes","FALSE",NA,FALSE,FALSE,FALSE,FALSE,TRUE
"10_1002_2688_8319_12402","any_readme","TRUE","FALSE","TRUE",FALSE,TRUE,TRUE,FALSE,FALSE
"10_1002_pan3_10333","any_readme","TRUE","FALSE","TRUE",FALSE,TRUE,TRUE,FALSE,FALSE
"10_1111_1365_2656_13586","any_readme","TRUE","FALSE","TRUE",FALSE,TRUE,TRUE,FALSE,FALSE
"10_1111_1365_2745_13058","any_readme","TRUE","FALSE","TRUE",FALSE,TRUE,TRUE,FALSE,FALSE
"10_1111_1365_2435_13357","code_archived","Yes","FALSE","TRUE",FALSE,TRUE,TRUE,FALSE,FALSE
"10_1111_1365_2435_13357","any_readme","TRUE","FALSE","TRUE",FALSE,TRUE,TRUE,FALSE,FALSE
"10_1111_1365_2664_12978","any_readme","TRUE","FALSE","TRUE",FALSE,TRUE,TRUE,FALSE,FALSE
"10_1111_1365_2435_13735","code_archived","Yes","FALSE","FALSE",FALSE,FALSE,FALSE,TRUE,FALSE
"10_1111_1365_2435_13735","any_readme","TRUE","FALSE","FALSE",FALSE,FALSE,FALSE,TRUE,FALSE
"10_1111_1365_2745_12808","any_readme","TRUE","FALSE","TRUE",FALSE,TRUE,TRUE,FALSE,FALSE
"10_1111_1365_2745_13185","data_availability","Yes","FALSE","TRUE",FALSE,TRUE,TRUE,FALSE,FALSE
"10_1111_1365_2745_13185","any_readme","TRUE","FALSE","TRUE",FALSE,TRUE,TRUE,FALSE,FALSE
"10_1111_1365_2664_14378","any_readme","TRUE","FALSE","TRUE",FALSE,TRUE,TRUE,FALSE,FALSE
"10_1111_2041_210x_13423","data_license","Yes","FALSE","FALSE",FALSE,FALSE,FALSE,TRUE,FALSE
"10_1111_1365_2656_13294","code_archived","Yes","FALSE","TRUE",FALSE,TRUE,TRUE,FALSE,FALSE
"10_1111_1365_2656_13294","any_readme","TRUE","FALSE","TRUE",FALSE,TRUE,TRUE,FALSE,FALSE
"10_1111_1365_2745_13977","any_readme","TRUE","FALSE","TRUE",FALSE,TRUE,TRUE,FALSE,FALSE
"10_1111_2041_210x_13063","data_availability","Yes","FALSE","TRUE",FALSE,TRUE,TRUE,FALSE,FALSE
"10_1111_1365_2745_13252","any_readme","TRUE","FALSE","TRUE",FALSE,TRUE,TRUE,FALSE,FALSE
"10_1111_1365_2745_13245","data_license","No","TRUE","TRUE",FALSE,FALSE,FALSE,TRUE,FALSE
"10_1111_1365_2745_13245","code_archived","No","TRUE","TRUE",FALSE,FALSE,FALSE,TRUE,FALSE
"10_1111_1365_2745_13245","any_readme","FALSE","TRUE","TRUE",FALSE,FALSE,FALSE,TRUE,FALSE
"10_1111_1365_2664_14421","data_availability","Yes","FALSE","TRUE",FALSE,TRUE,TRUE,FALSE,FALSE
"10_1111_1365_2664_14421","any_readme","TRUE","FALSE","TRUE",FALSE,TRUE,TRUE,FALSE,FALSE
"10_1111_1365_2664_14615","data_availability","Yes","FALSE","TRUE",FALSE,TRUE,TRUE,FALSE,FALSE
"10_1111_1365_2664_14615","code_archived","Yes","FALSE","TRUE",FALSE,TRUE,TRUE,FALSE,FALSE
"10_1111_1365_2664_14751","data_license","Yes","FALSE","FALSE",FALSE,FALSE,FALSE,TRUE,FALSE
"10_1111_1365_2656_13168","any_readme","TRUE","FALSE","TRUE",FALSE,TRUE,TRUE,FALSE,FALSE
"10_1111_2041_210x_14104","data_availability","Yes","FALSE","TRUE",FALSE,TRUE,TRUE,FALSE,FALSE
"10_1111_2041_210x_14104","code_archived","Yes","FALSE","FALSE",FALSE,FALSE,FALSE,TRUE,FALSE
"10_1111_2041_210x_14104","any_readme","TRUE","FALSE","TRUE",FALSE,TRUE,TRUE,FALSE,FALSE
"10_1111_2041_210x_14430","code_archived","Yes","FALSE","TRUE",FALSE,TRUE,TRUE,FALSE,FALSE
"10_1111_1365_2745_13150","any_readme","TRUE","FALSE","TRUE",FALSE,TRUE,TRUE,FALSE,FALSE
"10_1111_1365_2664_14117","code_download","No","TRUE","TRUE",FALSE,FALSE,FALSE,TRUE,FALSE
"10_1002_pan3_10500","any_readme","TRUE","FALSE","TRUE",FALSE,TRUE,TRUE,FALSE,FALSE
"10_1111_1365_2745_13909","code_archived","Yes","FALSE","TRUE",FALSE,TRUE,TRUE,FALSE,FALSE
"10_1111_1365_2745_13909","any_readme","TRUE","FALSE","TRUE",FALSE,TRUE,TRUE,FALSE,FALSE
"10_1111_1365_2435_13523","data_availability","Yes","FALSE","TRUE",FALSE,TRUE,TRUE,FALSE,FALSE
"10_1111_1365_2435_13523","any_readme","TRUE","FALSE","TRUE",FALSE,TRUE,TRUE,FALSE,FALSE
"10_1111_1365_2435_13082","any_readme","TRUE","FALSE","TRUE",FALSE,TRUE,TRUE,FALSE,FALSE
"10_1111_1365_2656_12846","data_availability","Yes","FALSE","TRUE",FALSE,TRUE,TRUE,FALSE,FALSE
"10_1111_1365_2656_12846","any_readme","TRUE","FALSE","TRUE",FALSE,TRUE,TRUE,FALSE,FALSE
"10_1111_1365_2656_13463","data_license","Yes","FALSE","TRUE",FALSE,TRUE,TRUE,FALSE,FALSE
"10_1111_1365_2664_13013","data_availability","Yes","FALSE","TRUE",FALSE,TRUE,TRUE,FALSE,FALSE
"10_1111_1365_2664_13013","any_readme","TRUE","FALSE","TRUE",FALSE,TRUE,TRUE,FALSE,FALSE
"10_1111_1365_2656_13249","any_readme","TRUE","FALSE","TRUE",FALSE,TRUE,TRUE,FALSE,FALSE
"10_1111_1365_2745_12749","data_availability","Yes","FALSE","TRUE",FALSE,TRUE,TRUE,FALSE,FALSE
"10_1111_1365_2745_12749","any_readme","TRUE","FALSE","TRUE",FALSE,TRUE,TRUE,FALSE,FALSE
"10_1111_2041_210x_13082","data_availability","No","TRUE","TRUE",FALSE,FALSE,FALSE,TRUE,FALSE
"10_1111_1365_2656_14017","code_archived","Yes","FALSE","TRUE",FALSE,TRUE,TRUE,FALSE,FALSE
"10_1111_1365_2745_13676","code_archived","Yes","FALSE","FALSE",FALSE,FALSE,FALSE,TRUE,FALSE
"10_1111_1365_2745_13676","any_readme","TRUE","FALSE","FALSE",FALSE,FALSE,FALSE,TRUE,FALSE
"10_1111_1365_2435_14350","code_archived","Yes","FALSE","TRUE",FALSE,TRUE,TRUE,FALSE,FALSE
"10_1111_2041_210x_13125","code_archived","Yes","FALSE","TRUE",FALSE,TRUE,TRUE,FALSE,FALSE
"10_1111_2041_210x_13125","any_readme","TRUE","FALSE","TRUE",FALSE,TRUE,TRUE,FALSE,FALSE
"10_1111_1365_2435_14284","data_availability","Yes","FALSE","FALSE",FALSE,FALSE,FALSE,TRUE,FALSE
"10_1111_1365_2435_14284","code_archived","Yes","FALSE","FALSE",FALSE,FALSE,FALSE,TRUE,FALSE
"10_1111_1365_2435_14284","any_readme","TRUE","FALSE","FALSE",FALSE,FALSE,FALSE,TRUE,FALSE
"10_1111_1365_2664_13669","any_readme","TRUE","FALSE","TRUE",FALSE,TRUE,TRUE,FALSE,FALSE
"10_1111_2041_210x_14427","any_readme","FALSE","TRUE","TRUE",FALSE,FALSE,FALSE,TRUE,FALSE
"10_1111_2041_210x_13814","data_availability","Yes","FALSE","TRUE",FALSE,TRUE,TRUE,FALSE,FALSE
"10_1111_2041_210x_13814","code_archived","Yes","FALSE","TRUE",FALSE,TRUE,TRUE,FALSE,FALSE
"10_1111_2041_210x_13814","any_readme","TRUE","FALSE","TRUE",FALSE,TRUE,TRUE,FALSE,FALSE
"10_1002_pan3_10466","code_archived","Yes","FALSE","FALSE",FALSE,FALSE,FALSE,TRUE,FALSE
"10_1111_1365_2664_14162","code_archived","Yes","FALSE","TRUE",FALSE,TRUE,TRUE,FALSE,FALSE
"10_1111_1365_2664_14162","any_readme","TRUE","FALSE","TRUE",FALSE,TRUE,TRUE,FALSE,FALSE
"10_1111_1365_2656_12977","code_archived","Yes","FALSE","TRUE",FALSE,TRUE,TRUE,FALSE,FALSE
"10_1111_1365_2656_12977","any_readme","TRUE","FALSE","TRUE",FALSE,TRUE,TRUE,FALSE,FALSE
"10_1111_1365_2435_14146","data_availability","Yes","FALSE","TRUE",FALSE,TRUE,TRUE,FALSE,FALSE
"10_1111_1365_2435_14146","code_archived","Yes","FALSE","TRUE",FALSE,TRUE,TRUE,FALSE,FALSE
"10_1111_1365_2435_14146","any_readme","TRUE","FALSE","TRUE",FALSE,TRUE,TRUE,FALSE,FALSE
"10_1111_1365_2435_13629","data_availability","Yes","FALSE","TRUE",FALSE,TRUE,TRUE,FALSE,FALSE
"10_1111_1365_2435_13629","any_readme","TRUE","FALSE","TRUE",FALSE,TRUE,TRUE,FALSE,FALSE
"10_1111_1365_2664_12979","any_readme","TRUE","FALSE","TRUE",FALSE,TRUE,TRUE,FALSE,FALSE
"10_1111_1365_2664_13996","code_archived","Yes","FALSE","TRUE",FALSE,TRUE,TRUE,FALSE,FALSE
"10_1002_pan3_10500","data_license","Yes","FALSE","FALSE",FALSE,FALSE,FALSE,TRUE,FALSE
"10_1002_pan3_10500","any_readme","TRUE","FALSE","TRUE",FALSE,TRUE,TRUE,FALSE,FALSE
"10_1002_2688_8319_12229","any_readme","TRUE","FALSE","TRUE",FALSE,TRUE,TRUE,FALSE,FALSE
"10_1111_1365_2664_13794","any_readme","TRUE","FALSE","TRUE",FALSE,TRUE,TRUE,FALSE,FALSE
"10_1111_1365_2656_12706","code_archived","Yes","FALSE","TRUE",FALSE,TRUE,TRUE,FALSE,FALSE
"10_1111_2041_210x_13387","any_readme","TRUE","FALSE","TRUE",FALSE,TRUE,TRUE,FALSE,FALSE
"10_1111_1365_2745_13204","any_readme","TRUE","FALSE","TRUE",FALSE,TRUE,TRUE,FALSE,FALSE
"10_1111_2041_210x_13837","data_availability","No","TRUE","FALSE",FALSE,TRUE,TRUE,FALSE,FALSE
"10_1111_2041_210x_13837","any_readme","FALSE","TRUE","TRUE",FALSE,FALSE,FALSE,TRUE,FALSE
"10_1111_1365_2435_12872","any_readme","TRUE","FALSE","FALSE",FALSE,FALSE,FALSE,TRUE,FALSE
"10_1111_1365_2435_13360","data_availability","Yes","FALSE","TRUE",FALSE,TRUE,TRUE,FALSE,FALSE
"10_1111_1365_2435_13360","any_readme","TRUE","FALSE","TRUE",FALSE,TRUE,TRUE,FALSE,FALSE
"10_1002_pan3_10547","data_availability","Yes","FALSE","TRUE",FALSE,TRUE,TRUE,FALSE,FALSE
"10_1111_2041_210x_12871","data_availability","Yes","FALSE","TRUE",FALSE,TRUE,TRUE,FALSE,FALSE
"10_1111_2041_210x_12871","any_readme","TRUE","FALSE","TRUE",FALSE,TRUE,TRUE,FALSE,FALSE
"10_1111_1365_2435_14353","data_license","Yes","FALSE","TRUE",FALSE,TRUE,TRUE,FALSE,FALSE
"10_1111_2041_210x_13623","code_archived","Yes","FALSE","FALSE",FALSE,FALSE,FALSE,TRUE,FALSE
"10_1111_2041_210x_13623","any_readme","TRUE","FALSE","TRUE",FALSE,TRUE,TRUE,FALSE,FALSE
"10_1111_1365_2745_12804","data_license","Yes","FALSE","FALSE",FALSE,FALSE,FALSE,TRUE,FALSE
"10_1111_1365_2664_13873","data_availability","Yes","FALSE","TRUE",FALSE,TRUE,TRUE,FALSE,FALSE
"10_1111_1365_2664_13873","any_readme","TRUE","FALSE","TRUE",FALSE,TRUE,TRUE,FALSE,FALSE
"10_1111_2041_210x_13089","code_archived","Yes","FALSE","TRUE",FALSE,TRUE,TRUE,FALSE,FALSE
"10_1111_2041_210x_13089","any_readme","TRUE","FALSE","TRUE",FALSE,TRUE,TRUE,FALSE,FALSE
"10_1002_pan3_10640","data_availability","Yes","FALSE","FALSE",FALSE,FALSE,FALSE,TRUE,FALSE
"10_1111_2041_210x_13669","code_archived","No","TRUE","TRUE",FALSE,FALSE,FALSE,TRUE,FALSE
"10_1111_1365_2435_13255","data_availability","Yes","FALSE","TRUE",FALSE,TRUE,TRUE,FALSE,FALSE
"10_1111_1365_2435_13255","any_readme","TRUE","FALSE","TRUE",FALSE,TRUE,TRUE,FALSE,FALSE
"10_1111_1365_2664_13890","data_availability","Yes","FALSE","TRUE",FALSE,TRUE,TRUE,FALSE,FALSE
"10_1111_1365_2664_13890","any_readme","TRUE","FALSE","TRUE",FALSE,TRUE,TRUE,FALSE,FALSE
"10_1111_1365_2664_14063","data_availability","Yes","FALSE","TRUE",FALSE,TRUE,TRUE,FALSE,FALSE
"10_1111_1365_2664_14063","any_readme","TRUE","FALSE","TRUE",FALSE,TRUE,TRUE,FALSE,FALSE
"10_1002_2688_8319_12118","any_readme","TRUE","FALSE","TRUE",FALSE,TRUE,TRUE,FALSE,FALSE
"10_1111_1365_2664_14470","data_availability","Yes","FALSE","TRUE",FALSE,TRUE,TRUE,FALSE,FALSE
"10_1111_1365_2664_14470","any_readme","TRUE","FALSE","TRUE",FALSE,TRUE,TRUE,FALSE,FALSE
"10_1111_1365_2656_13688","data_availability","Yes","FALSE","FALSE",FALSE,FALSE,FALSE,TRUE,FALSE
"10_1111_2041_210x_12738","code_archived","Yes","FALSE","TRUE",FALSE,TRUE,TRUE,FALSE,FALSE
"10_1111_2041_210x_12738","any_readme","TRUE","FALSE","TRUE",FALSE,TRUE,TRUE,FALSE,FALSE
"10_1111_1365_2664_13072","any_readme","TRUE","FALSE","TRUE",FALSE,TRUE,TRUE,FALSE,FALSE
"10_1111_1365_2745_13364","any_readme","TRUE","FALSE","TRUE",FALSE,TRUE,TRUE,FALSE,FALSE
"10_1111_1365_2664_14102","data_availability","Yes","FALSE","TRUE",FALSE,TRUE,TRUE,FALSE,FALSE
"10_1111_1365_2435_14046","data_availability","Yes","FALSE","TRUE",FALSE,TRUE,TRUE,FALSE,FALSE
"10_1111_1365_2435_14046","code_archived","Yes","FALSE","TRUE",FALSE,TRUE,TRUE,FALSE,FALSE
"10_1111_1365_2435_14046","any_readme","TRUE","FALSE","TRUE",FALSE,TRUE,TRUE,FALSE,FALSE
"10_1111_2041_210x_14093","data_availability","Yes","FALSE","TRUE",FALSE,TRUE,TRUE,FALSE,FALSE
"10_1111_2041_210x_14093","code_archived","Yes","FALSE","TRUE",FALSE,TRUE,TRUE,FALSE,FALSE
"10_1111_2041_210x_14093","any_readme","TRUE","FALSE","TRUE",FALSE,TRUE,TRUE,FALSE,FALSE
"10_1111_1365_2664_13708","data_availability","Yes","FALSE","TRUE",FALSE,TRUE,TRUE,FALSE,FALSE
"10_1111_1365_2435_14643","any_readme","TRUE","FALSE","TRUE",FALSE,TRUE,TRUE,FALSE,FALSE
"10_1111_1365_2435_14407","any_readme","TRUE","FALSE","TRUE",FALSE,TRUE,TRUE,FALSE,FALSE
"10_1111_1365_2664_14374","data_availability","Yes","FALSE","TRUE",FALSE,TRUE,TRUE,FALSE,FALSE
"10_1111_1365_2656_12789","any_readme","TRUE","FALSE","TRUE",FALSE,TRUE,TRUE,FALSE,FALSE
"10_1111_2041_210x_14444","code_archived","Yes","FALSE","FALSE",FALSE,FALSE,FALSE,TRUE,FALSE
"10_1111_2041_210x_14444","any_readme","TRUE","FALSE","TRUE",FALSE,TRUE,TRUE,FALSE,FALSE
"10_1002_pan3_10170","data_availability","Yes","FALSE","TRUE",FALSE,TRUE,TRUE,FALSE,FALSE
"10_1002_pan3_10170","any_readme","TRUE","FALSE","TRUE",FALSE,TRUE,TRUE,FALSE,FALSE
"10_1111_1365_2435_13874","code_archived","Yes","FALSE","FALSE",FALSE,FALSE,FALSE,TRUE,FALSE
"10_1111_1365_2435_13874","any_readme","TRUE","FALSE","TRUE",FALSE,TRUE,TRUE,FALSE,FALSE
"10_1111_1365_2435_13611","data_availability","Yes","FALSE","TRUE",FALSE,TRUE,TRUE,FALSE,FALSE
"10_1111_1365_2656_12820","any_readme","TRUE","FALSE","TRUE",FALSE,TRUE,TRUE,FALSE,FALSE
"10_1111_1365_2664_14422","code_archived","Yes","FALSE","FALSE",FALSE,FALSE,FALSE,TRUE,FALSE
"10_1111_1365_2435_14477","data_availability","Yes","FALSE","FALSE",FALSE,FALSE,FALSE,TRUE,FALSE
"10_1111_1365_2656_13042","data_availability","Yes","FALSE","FALSE",FALSE,FALSE,FALSE,TRUE,FALSE
"10_1111_1365_2656_13042","any_readme","TRUE","FALSE","FALSE",FALSE,FALSE,FALSE,TRUE,FALSE
"10_1111_1365_2664_14271","data_availability","Yes","FALSE","FALSE",FALSE,FALSE,FALSE,TRUE,FALSE
"10_1111_1365_2664_14271","any_readme","TRUE","FALSE","FALSE",FALSE,FALSE,FALSE,TRUE,FALSE
"10_1111_1365_2656_13767","data_availability","Yes","FALSE","TRUE",FALSE,TRUE,TRUE,FALSE,FALSE
"10_1111_1365_2656_13767","any_readme","TRUE","FALSE","TRUE",FALSE,TRUE,TRUE,FALSE,FALSE
"10_1002_2688_8319_12126","data_availability","Yes","FALSE","TRUE",FALSE,TRUE,TRUE,FALSE,FALSE
"10_1002_2688_8319_12126","any_readme","TRUE","FALSE","TRUE",FALSE,TRUE,TRUE,FALSE,FALSE
"10_1111_1365_2656_13970","data_availability","Yes","FALSE","TRUE",FALSE,TRUE,TRUE,FALSE,FALSE
"10_1111_1365_2656_13065","data_availability","Yes","FALSE","TRUE",FALSE,TRUE,TRUE,FALSE,FALSE
"10_1111_1365_2656_13065","code_archived","Yes","FALSE","FALSE",FALSE,FALSE,FALSE,TRUE,FALSE
"10_1111_1365_2656_13065","any_readme","TRUE","FALSE","TRUE",FALSE,TRUE,TRUE,FALSE,FALSE
"10_1111_1365_2656_13124","any_readme","TRUE","FALSE","TRUE",FALSE,TRUE,TRUE,FALSE,FALSE
"10_1002_2688_8319_12316","any_readme","TRUE","FALSE","TRUE",FALSE,TRUE,TRUE,FALSE,FALSE
"10_1111_1365_2435_14635","any_readme","TRUE","FALSE","TRUE",FALSE,TRUE,TRUE,FALSE,FALSE
"10_1002_pan3_10042","code_archived","Yes","FALSE","TRUE",FALSE,TRUE,TRUE,FALSE,FALSE
"10_1002_pan3_10042","any_readme","TRUE","FALSE","TRUE",FALSE,TRUE,TRUE,FALSE,FALSE
"10_1111_2041_210x_13103","code_archived","Yes","FALSE","FALSE",FALSE,FALSE,FALSE,TRUE,FALSE
"10_1111_2041_210x_13103","any_readme","TRUE","FALSE","TRUE",FALSE,TRUE,TRUE,FALSE,FALSE
"10_1111_1365_2435_13340","data_availability","Yes","FALSE","FALSE",FALSE,FALSE,FALSE,TRUE,FALSE
"10_1111_1365_2435_13340","any_readme","TRUE","FALSE","FALSE",FALSE,FALSE,FALSE,TRUE,FALSE
"10_1111_1365_2664_13083","code_archived","Yes","FALSE","TRUE",FALSE,TRUE,TRUE,FALSE,FALSE
"10_1111_1365_2664_13083","any_readme","TRUE","FALSE","TRUE",FALSE,TRUE,TRUE,FALSE,FALSE
"10_1002_2688_8319_12280","data_availability","Yes","FALSE","TRUE",FALSE,TRUE,TRUE,FALSE,FALSE
"10_1111_2041_210x_13547","data_availability","Yes","FALSE","TRUE",FALSE,TRUE,TRUE,FALSE,FALSE
"10_1111_2041_210x_13547","code_archived","Yes","FALSE","FALSE",FALSE,FALSE,FALSE,TRUE,FALSE
"10_1111_2041_210x_13547","any_readme","TRUE","FALSE","TRUE",FALSE,TRUE,TRUE,FALSE,FALSE
"10_1111_2041_210x_13979","code_archived","Yes","FALSE","TRUE",FALSE,TRUE,TRUE,FALSE,FALSE
"10_1002_pan3_10561","code_archived","Yes","FALSE","TRUE",FALSE,TRUE,TRUE,FALSE,FALSE
"10_1002_pan3_10561","any_readme","TRUE","FALSE","TRUE",FALSE,TRUE,TRUE,FALSE,FALSE
"10_1111_2041_210x_13308","data_availability","Yes","FALSE","TRUE",FALSE,TRUE,TRUE,FALSE,FALSE
"10_1111_2041_210x_13308","code_archived","Yes","FALSE","TRUE",FALSE,TRUE,TRUE,FALSE,FALSE
"10_1111_2041_210x_13308","any_readme","TRUE","FALSE","TRUE",FALSE,TRUE,TRUE,FALSE,FALSE
"10_1111_1365_2664_14760","code_archived","Yes","FALSE","TRUE",FALSE,TRUE,TRUE,FALSE,FALSE
"10_1002_pan3_10117","data_availability","Yes","FALSE","TRUE",FALSE,TRUE,TRUE,FALSE,FALSE
"10_1111_2041_210x_13530","code_archived","Yes","FALSE","FALSE",FALSE,FALSE,FALSE,TRUE,FALSE
"10_1111_2041_210x_13530","any_readme","TRUE","FALSE","TRUE",FALSE,TRUE,TRUE,FALSE,FALSE
"10_1111_1365_2435_13259","any_readme","TRUE","FALSE","TRUE",FALSE,TRUE,TRUE,FALSE,FALSE
"10_1111_1365_2664_13896","any_readme","TRUE","FALSE","TRUE",FALSE,TRUE,TRUE,FALSE,FALSE
"10_1111_1365_2745_13251","any_readme","TRUE","FALSE","TRUE",FALSE,TRUE,TRUE,FALSE,FALSE
"10_1111_1365_2745_13000","data_availability","Yes","FALSE","TRUE",FALSE,TRUE,TRUE,FALSE,FALSE
"10_1111_1365_2745_13000","any_readme","TRUE","FALSE","TRUE",FALSE,TRUE,TRUE,FALSE,FALSE
"10_1111_1365_2435_13795","data_license","Yes","FALSE","FALSE",FALSE,FALSE,FALSE,TRUE,FALSE
"10_1111_1365_2664_13711","data_availability","Yes","FALSE","TRUE",FALSE,TRUE,TRUE,FALSE,FALSE
"10_1111_1365_2745_13635","any_readme","TRUE","FALSE","TRUE",FALSE,TRUE,TRUE,FALSE,FALSE
"10_1111_1365_2745_12835","any_readme","TRUE","FALSE","TRUE",FALSE,TRUE,TRUE,FALSE,FALSE
"10_1111_1365_2656_13283","any_readme","TRUE","FALSE","TRUE",FALSE,TRUE,TRUE,FALSE,FALSE
"10_1111_1365_2745_12858","data_availability","Yes","FALSE","TRUE",FALSE,TRUE,TRUE,FALSE,FALSE
"10_1111_1365_2435_14437","code_archived","Yes","FALSE","FALSE",FALSE,FALSE,FALSE,TRUE,FALSE
"10_1111_1365_2664_14513","data_availability","Yes","FALSE","TRUE",FALSE,TRUE,TRUE,FALSE,FALSE
"10_1111_1365_2664_14513","any_readme","TRUE","FALSE","TRUE",FALSE,TRUE,TRUE,FALSE,FALSE
"10_1002_pan3_10220","data_availability","Yes","FALSE","TRUE",FALSE,TRUE,TRUE,FALSE,FALSE
"10_1002_pan3_10220","any_readme","TRUE","FALSE","TRUE",FALSE,TRUE,TRUE,FALSE,FALSE
"10_1111_1365_2745_13865","data_availability","Yes","FALSE","TRUE",FALSE,TRUE,TRUE,FALSE,FALSE
"10_1111_1365_2745_13865","any_readme","TRUE","FALSE","TRUE",FALSE,TRUE,TRUE,FALSE,FALSE
"10_1111_1365_2656_13387","any_readme","TRUE","FALSE","TRUE",FALSE,TRUE,TRUE,FALSE,FALSE
"10_1111_1365_2435_13406","data_license","No","TRUE","TRUE",FALSE,FALSE,FALSE,TRUE,FALSE
"10_1111_1365_2664_13041","code_archived","Yes","FALSE","TRUE",FALSE,TRUE,TRUE,FALSE,FALSE
"10_1111_1365_2745_13334","any_readme","TRUE","FALSE","TRUE",FALSE,TRUE,TRUE,FALSE,FALSE
"10_1111_2041_210x_12894","data_availability","Yes","FALSE","TRUE",FALSE,TRUE,TRUE,FALSE,FALSE
"10_1111_2041_210x_12894","any_readme","TRUE","FALSE","TRUE",FALSE,TRUE,TRUE,FALSE,FALSE
"10_1111_1365_2745_14050","data_availability","Yes","FALSE","FALSE",FALSE,FALSE,FALSE,TRUE,FALSE
"10_1111_2041_210x_14319","data_availability","Yes","FALSE","TRUE",FALSE,TRUE,TRUE,FALSE,FALSE
"10_1111_2041_210x_14319","any_readme","TRUE","FALSE","TRUE",FALSE,TRUE,TRUE,FALSE,FALSE
"10_1111_2041_210x_13709","data_availability","No","TRUE","FALSE",FALSE,TRUE,TRUE,FALSE,FALSE
"10_1111_2041_210x_13514","data_license","No","TRUE","TRUE",FALSE,FALSE,FALSE,TRUE,FALSE
"10_1111_2041_210x_14372","data_availability","No","TRUE","TRUE",FALSE,FALSE,FALSE,TRUE,FALSE
"10_1111_1365_2745_14109","any_readme","TRUE","FALSE","TRUE",FALSE,TRUE,TRUE,FALSE,FALSE
"10_1111_1365_2664_13892","data_availability","Yes","FALSE","TRUE",FALSE,TRUE,TRUE,FALSE,FALSE
"10_1111_1365_2664_13892","any_readme","TRUE","FALSE","TRUE",FALSE,TRUE,TRUE,FALSE,FALSE
"10_1111_1365_2656_13078","data_availability","Yes","FALSE","TRUE",FALSE,TRUE,TRUE,FALSE,FALSE
"10_1111_1365_2656_13078","any_readme","TRUE","FALSE","TRUE",FALSE,TRUE,TRUE,FALSE,FALSE
"10_1111_1365_2435_14305","any_readme","TRUE","FALSE","TRUE",FALSE,TRUE,TRUE,FALSE,FALSE
"10_1111_1365_2656_13543","any_readme","TRUE","FALSE","TRUE",FALSE,TRUE,TRUE,FALSE,FALSE
"10_1111_1365_2664_14541","data_availability","Yes","FALSE","TRUE",FALSE,TRUE,TRUE,FALSE,FALSE
"10_1111_1365_2664_14541","code_archived","Yes","FALSE","TRUE",FALSE,TRUE,TRUE,FALSE,FALSE
"10_1111_1365_2664_14541","any_readme","TRUE","FALSE","TRUE",FALSE,TRUE,TRUE,FALSE,FALSE
"10_1111_1365_2745_13467","data_license","Yes","FALSE","TRUE",FALSE,TRUE,TRUE,FALSE,FALSE
"10_1002_pan3_10185","data_availability","Yes","FALSE","FALSE",FALSE,FALSE,FALSE,TRUE,FALSE
"10_1002_pan3_10185","any_readme","TRUE","FALSE","FALSE",FALSE,FALSE,FALSE,TRUE,FALSE
"10_1002_2688_8319_12171","code_archived","Yes","FALSE","TRUE",FALSE,TRUE,TRUE,FALSE,FALSE
"10_1002_2688_8319_12171","any_readme","TRUE","FALSE","TRUE",FALSE,TRUE,TRUE,FALSE,FALSE
"10_1111_1365_2656_12939","data_availability","Yes","FALSE","TRUE",FALSE,TRUE,TRUE,FALSE,FALSE
"10_1111_1365_2656_12890","code_archived","Yes","FALSE","FALSE",FALSE,FALSE,FALSE,TRUE,FALSE
"10_1111_1365_2664_13154","code_archived","Yes","FALSE","TRUE",FALSE,TRUE,TRUE,FALSE,FALSE
"10_1111_1365_2664_13154","any_readme","TRUE","FALSE","TRUE",FALSE,TRUE,TRUE,FALSE,FALSE
"10_1111_2041_210x_14079","data_availability","Yes","FALSE","TRUE",FALSE,TRUE,TRUE,FALSE,FALSE
"10_1111_2041_210x_14079","code_archived","Yes","FALSE","TRUE",FALSE,TRUE,TRUE,FALSE,FALSE
"10_1111_2041_210x_14079","any_readme","TRUE","FALSE","TRUE",FALSE,TRUE,TRUE,FALSE,FALSE
"10_1111_1365_2664_14629","any_readme","FALSE","TRUE","TRUE",FALSE,FALSE,FALSE,TRUE,FALSE
"10_1111_1365_2664_13321","any_readme","TRUE","FALSE","TRUE",FALSE,TRUE,TRUE,FALSE,FALSE
"10_1111_1365_2745_13751","any_readme","FALSE","TRUE","TRUE",FALSE,FALSE,FALSE,TRUE,FALSE
"10_1111_1365_2745_13986","data_availability","Yes","FALSE","TRUE",FALSE,TRUE,TRUE,FALSE,FALSE
"10_1111_1365_2435_13980","data_availability","Yes","FALSE","FALSE",FALSE,FALSE,FALSE,TRUE,FALSE
"10_1111_1365_2435_13980","any_readme","TRUE","FALSE","FALSE",FALSE,FALSE,FALSE,TRUE,FALSE
"10_1111_1365_2656_13966","any_readme","TRUE","FALSE","TRUE",FALSE,TRUE,TRUE,FALSE,FALSE
"10_1111_1365_2745_13845","data_availability","Yes","FALSE","TRUE",FALSE,TRUE,TRUE,FALSE,FALSE
"10_1111_1365_2745_13845","code_archived","Yes","FALSE","TRUE",FALSE,TRUE,TRUE,FALSE,FALSE
"10_1111_1365_2745_13845","any_readme","TRUE","FALSE","TRUE",FALSE,TRUE,TRUE,FALSE,FALSE
"10_1111_1365_2745_13085","data_availability","Yes","FALSE","TRUE",FALSE,TRUE,TRUE,FALSE,FALSE
"10_1111_1365_2745_13085","any_readme","TRUE","FALSE","TRUE",FALSE,TRUE,TRUE,FALSE,FALSE
"10_1111_1365_2664_14198","data_availability","Yes","FALSE","TRUE",FALSE,TRUE,TRUE,FALSE,FALSE
"10_1111_1365_2656_13639","code_archived","Yes","FALSE","FALSE",FALSE,FALSE,FALSE,TRUE,FALSE
"10_1111_1365_2664_12905","any_readme","TRUE","FALSE","TRUE",FALSE,TRUE,TRUE,FALSE,FALSE
"10_1111_1365_2656_13439","data_availability","Yes","FALSE","TRUE",FALSE,TRUE,TRUE,FALSE,FALSE
"10_1111_2041_210x_13110","data_availability","Yes","FALSE","TRUE",FALSE,TRUE,TRUE,FALSE,FALSE
"10_1111_2041_210x_13110","code_archived","Yes","FALSE","FALSE",FALSE,FALSE,FALSE,TRUE,FALSE
"10_1111_2041_210x_13110","any_readme","TRUE","FALSE","TRUE",FALSE,TRUE,TRUE,FALSE,FALSE
"10_1111_1365_2664_13594","data_availability","No","TRUE","FALSE",FALSE,TRUE,TRUE,FALSE,FALSE
"10_1111_1365_2664_13594","any_readme","TRUE","FALSE","TRUE",FALSE,TRUE,TRUE,FALSE,FALSE
"10_1111_1365_2664_13842","code_archived","Yes","FALSE","TRUE",FALSE,TRUE,TRUE,FALSE,FALSE
"10_1111_1365_2745_12963","code_archived","Yes","FALSE","TRUE",FALSE,TRUE,TRUE,FALSE,FALSE
"10_1111_1365_2745_14244","data_availability","Yes","FALSE","TRUE",FALSE,TRUE,TRUE,FALSE,FALSE
"10_1111_1365_2745_14244","code_archived","Yes","FALSE","TRUE",FALSE,TRUE,TRUE,FALSE,FALSE
"10_1002_pan3_10252","data_availability","Yes","FALSE","TRUE",FALSE,TRUE,TRUE,FALSE,FALSE
"10_1002_pan3_10252","any_readme","TRUE","FALSE","TRUE",FALSE,TRUE,TRUE,FALSE,FALSE
"10_1111_1365_2435_14709","data_availability","Yes","FALSE","TRUE",FALSE,TRUE,TRUE,FALSE,FALSE
"10_1111_1365_2435_14709","any_readme","TRUE","FALSE","TRUE",FALSE,TRUE,TRUE,FALSE,FALSE
"10_1111_1365_2745_14465","code_archived","No","TRUE","FALSE",FALSE,TRUE,TRUE,FALSE,FALSE
"10_1111_1365_2745_13031","any_readme","TRUE","FALSE","TRUE",FALSE,TRUE,TRUE,FALSE,FALSE
"10_1111_2041_210x_14217","data_availability","Yes","FALSE","TRUE",FALSE,TRUE,TRUE,FALSE,FALSE
"10_1111_2041_210x_14217","code_archived","Yes","FALSE","FALSE",FALSE,FALSE,FALSE,TRUE,FALSE
"10_1111_2041_210x_14217","any_readme","TRUE","FALSE","TRUE",FALSE,TRUE,TRUE,FALSE,FALSE
"10_1111_2041_210x_13152","data_license","Yes","FALSE","TRUE",FALSE,TRUE,TRUE,FALSE,FALSE
"10_1111_1365_2656_12696","any_readme","TRUE","FALSE","TRUE",FALSE,TRUE,TRUE,FALSE,FALSE
"10_1111_1365_2664_13146","data_availability","Yes","FALSE","TRUE",FALSE,TRUE,TRUE,FALSE,FALSE
"10_1111_1365_2664_13146","any_readme","TRUE","FALSE","TRUE",FALSE,TRUE,TRUE,FALSE,FALSE
"10_1002_pan3_10372","data_availability","Yes","FALSE","TRUE",FALSE,TRUE,TRUE,FALSE,FALSE
"10_1111_1365_2435_13392","any_readme","TRUE","FALSE","TRUE",FALSE,TRUE,TRUE,FALSE,FALSE
"10_1111_1365_2435_12927","data_availability","Yes","FALSE","TRUE",FALSE,TRUE,TRUE,FALSE,FALSE
"10_1111_1365_2435_13697","code_archived","Yes","FALSE","TRUE",FALSE,TRUE,TRUE,FALSE,FALSE
"10_1111_1365_2435_13697","any_readme","TRUE","FALSE","TRUE",FALSE,TRUE,TRUE,FALSE,FALSE
"10_1111_1365_2435_13955","data_availability","Yes","FALSE","TRUE",FALSE,TRUE,TRUE,FALSE,FALSE
"10_1111_1365_2435_13955","any_readme","TRUE","FALSE","TRUE",FALSE,TRUE,TRUE,FALSE,FALSE
"10_1111_1365_2435_14267","data_availability","Yes","FALSE","TRUE",FALSE,TRUE,TRUE,FALSE,FALSE
"10_1111_1365_2745_12772","data_availability","Yes","FALSE","FALSE",FALSE,FALSE,FALSE,TRUE,FALSE
"10_1111_1365_2745_12772","any_readme","TRUE","FALSE","FALSE",FALSE,FALSE,FALSE,TRUE,FALSE
"10_1111_1365_2656_13581","code_archived","Yes","FALSE","TRUE",FALSE,TRUE,TRUE,FALSE,FALSE
"10_1111_1365_2656_13581","any_readme","TRUE","FALSE","TRUE",FALSE,TRUE,TRUE,FALSE,FALSE
"10_1111_1365_2435_13273","any_readme","TRUE","FALSE","FALSE",FALSE,FALSE,FALSE,TRUE,FALSE
"10_1111_1365_2745_14252","data_availability","Yes","FALSE","TRUE",FALSE,TRUE,TRUE,FALSE,FALSE
"10_1111_1365_2745_14252","code_archived","Yes","FALSE","TRUE",FALSE,TRUE,TRUE,FALSE,FALSE
"10_1111_1365_2745_13009","any_readme","TRUE","FALSE","TRUE",FALSE,TRUE,TRUE,FALSE,FALSE
"10_1111_1365_2664_13179","data_availability","Yes","FALSE","TRUE",FALSE,TRUE,TRUE,FALSE,FALSE
"10_1111_1365_2664_13179","any_readme","TRUE","FALSE","TRUE",FALSE,TRUE,TRUE,FALSE,FALSE
"10_1111_2041_210x_13582","code_archived","Yes","FALSE","TRUE",FALSE,TRUE,TRUE,FALSE,FALSE
"10_1111_2041_210x_13582","any_readme","TRUE","FALSE","TRUE",FALSE,TRUE,TRUE,FALSE,FALSE
"10_1002_pan3_10551","code_archived","No","TRUE","TRUE",FALSE,FALSE,FALSE,TRUE,FALSE
"10_1111_2041_210x_13964","data_availability","Yes","FALSE","FALSE",FALSE,FALSE,FALSE,TRUE,FALSE
"10_1111_2041_210x_13964","code_archived","Yes","FALSE","FALSE",FALSE,FALSE,FALSE,TRUE,FALSE
"10_1111_2041_210x_13964","any_readme","TRUE","FALSE","FALSE",FALSE,FALSE,FALSE,TRUE,FALSE
"10_1111_1365_2435_12870","any_readme","TRUE","FALSE","TRUE",FALSE,TRUE,TRUE,FALSE,FALSE
"10_1111_1365_2435_13150","any_readme","TRUE","FALSE","TRUE",FALSE,TRUE,TRUE,FALSE,FALSE
"10_1111_1365_2435_14022","data_availability","Yes","FALSE","TRUE",FALSE,TRUE,TRUE,FALSE,FALSE
"10_1111_1365_2435_14022","code_archived","Yes","FALSE","TRUE",FALSE,TRUE,TRUE,FALSE,FALSE
"10_1111_1365_2435_14022","any_readme","TRUE","FALSE","TRUE",FALSE,TRUE,TRUE,FALSE,FALSE
"10_1111_1365_2745_14366","data_availability","Yes","FALSE","TRUE",FALSE,TRUE,TRUE,FALSE,FALSE
"10_1111_1365_2745_14366","code_archived","Yes","FALSE","TRUE",FALSE,TRUE,TRUE,FALSE,FALSE
"10_1111_1365_2745_14366","any_readme","TRUE","FALSE","TRUE",FALSE,TRUE,TRUE,FALSE,FALSE
"10_1111_1365_2664_14001","data_availability","Yes","FALSE","TRUE",FALSE,TRUE,TRUE,FALSE,FALSE
"10_1111_1365_2664_14001","any_readme","TRUE","FALSE","TRUE",FALSE,TRUE,TRUE,FALSE,FALSE
"10_1111_1365_2745_13803","any_readme","TRUE","FALSE","TRUE",FALSE,TRUE,TRUE,FALSE,FALSE
"10_1111_1365_2435_14190","code_archived","Yes","FALSE","TRUE",FALSE,TRUE,TRUE,FALSE,FALSE
"10_1111_1365_2664_14537","data_availability","Yes","FALSE","TRUE",FALSE,TRUE,TRUE,FALSE,FALSE
"10_1111_1365_2664_14537","any_readme","TRUE","FALSE","TRUE",FALSE,TRUE,TRUE,FALSE,FALSE
"10_1111_1365_2656_14060","code_archived","Yes","FALSE","TRUE",FALSE,TRUE,TRUE,FALSE,FALSE
"10_1111_1365_2656_14060","any_readme","TRUE","FALSE","TRUE",FALSE,TRUE,TRUE,FALSE,FALSE
"10_1111_2041_210x_13332","code_archived","Yes","FALSE","TRUE",FALSE,TRUE,TRUE,FALSE,FALSE
"10_1002_pan3_10055","data_availability","Yes","FALSE","TRUE",FALSE,TRUE,TRUE,FALSE,FALSE
"10_1111_1365_2435_13227","any_readme","TRUE","FALSE","FALSE",FALSE,FALSE,FALSE,TRUE,FALSE
"10_1111_1365_2664_13242","any_readme","TRUE","FALSE","TRUE",FALSE,TRUE,TRUE,FALSE,FALSE
"10_1002_pan3_10491","data_availability","Yes","FALSE","TRUE",FALSE,TRUE,TRUE,FALSE,FALSE
"10_1002_pan3_10491","any_readme","TRUE","FALSE","TRUE",FALSE,TRUE,TRUE,FALSE,FALSE
"10_1111_1365_2745_14031","code_archived","Yes","FALSE","TRUE",FALSE,TRUE,TRUE,FALSE,FALSE
"10_1111_1365_2745_13470","data_availability","Yes","FALSE","TRUE",FALSE,TRUE,TRUE,FALSE,FALSE
"10_1111_2041_210x_13865","data_availability","Yes","FALSE","FALSE",FALSE,FALSE,FALSE,TRUE,FALSE
"10_1111_2041_210x_13865","code_archived","Yes","FALSE","FALSE",FALSE,FALSE,FALSE,TRUE,FALSE
"10_1111_2041_210x_13865","any_readme","TRUE","FALSE","FALSE",FALSE,FALSE,FALSE,TRUE,FALSE
"10_1111_1365_2745_13069","any_readme","TRUE","FALSE","TRUE",FALSE,TRUE,TRUE,FALSE,FALSE
"10_1111_1365_2745_13026","data_availability","Yes","FALSE","TRUE",FALSE,TRUE,TRUE,FALSE,FALSE
"10_1111_1365_2745_13026","any_readme","TRUE","FALSE","TRUE",FALSE,TRUE,TRUE,FALSE,FALSE
"10_1111_1365_2656_12673","code_archived","Yes","FALSE","TRUE",FALSE,TRUE,TRUE,FALSE,FALSE
"10_1111_1365_2664_14700","data_availability","Yes","FALSE","TRUE",FALSE,TRUE,TRUE,FALSE,FALSE
"10_1111_2041_210x_14246","code_archived","Yes","FALSE","TRUE",FALSE,TRUE,TRUE,FALSE,FALSE
"10_1111_1365_2664_13256","any_readme","TRUE","FALSE","TRUE",FALSE,TRUE,TRUE,FALSE,FALSE
"10_1111_1365_2656_12921","data_availability","Yes","FALSE","FALSE",FALSE,FALSE,FALSE,TRUE,FALSE
"10_1111_1365_2656_14188","code_archived","Yes","FALSE","FALSE",FALSE,FALSE,FALSE,TRUE,FALSE
"10_1111_1365_2656_14188","any_readme","TRUE","FALSE","TRUE",FALSE,TRUE,TRUE,FALSE,FALSE
"10_1111_2041_210x_13928","data_availability","Yes","FALSE","FALSE",FALSE,FALSE,FALSE,TRUE,FALSE
"10_1111_2041_210x_13928","code_archived","Yes","FALSE","TRUE",FALSE,TRUE,TRUE,FALSE,FALSE
"10_1111_2041_210x_13928","any_readme","TRUE","FALSE","TRUE",FALSE,TRUE,TRUE,FALSE,FALSE
"10_1111_1365_2656_13918","data_availability","Yes","FALSE","FALSE",FALSE,FALSE,FALSE,TRUE,FALSE
"10_1111_1365_2656_13918","code_archived","Yes","FALSE","FALSE",FALSE,FALSE,FALSE,TRUE,FALSE
"10_1111_1365_2656_13918","any_readme","TRUE","FALSE","FALSE",FALSE,FALSE,FALSE,TRUE,FALSE
"10_1111_1365_2435_14106","data_availability","Yes","FALSE","FALSE",FALSE,FALSE,FALSE,TRUE,FALSE
"10_1111_1365_2435_14106","any_readme","TRUE","FALSE","TRUE",FALSE,TRUE,TRUE,FALSE,FALSE
"10_1111_1365_2745_13575","code_archived","Yes","FALSE","TRUE",FALSE,TRUE,TRUE,FALSE,FALSE
"10_1111_1365_2745_13575","any_readme","TRUE","FALSE","TRUE",FALSE,TRUE,TRUE,FALSE,FALSE
"10_1111_1365_2435_14153","code_archived","Yes","FALSE","TRUE",FALSE,TRUE,TRUE,FALSE,FALSE
"10_1002_pan3_10158","any_readme","TRUE","FALSE","TRUE",FALSE,TRUE,TRUE,FALSE,FALSE
"10_1111_1365_2656_12886","data_availability","Yes","FALSE","TRUE",FALSE,TRUE,TRUE,FALSE,FALSE
"10_1111_1365_2656_12886","code_archived","Yes","FALSE","TRUE",FALSE,TRUE,TRUE,FALSE,FALSE
"10_1111_1365_2435_12926","any_readme","TRUE","FALSE","TRUE",FALSE,TRUE,TRUE,FALSE,FALSE
"10_1111_1365_2656_13120","any_readme","TRUE","FALSE","TRUE",FALSE,TRUE,TRUE,FALSE,FALSE
"10_1111_1365_2656_12672","data_availability","Yes","FALSE","FALSE",FALSE,FALSE,FALSE,TRUE,FALSE
"10_1111_1365_2656_12672","any_readme","TRUE","FALSE","FALSE",FALSE,FALSE,FALSE,TRUE,FALSE
"10_1111_1365_2745_13574","any_readme","TRUE","FALSE","TRUE",FALSE,TRUE,TRUE,FALSE,FALSE
"10_1111_1365_2745_13038","any_readme","TRUE","FALSE","TRUE",FALSE,TRUE,TRUE,FALSE,FALSE
"10_1111_1365_2656_12633","any_readme","TRUE","FALSE","TRUE",FALSE,TRUE,TRUE,FALSE,FALSE
"10_1111_2041_210x_13932","data_availability","Yes","FALSE","TRUE",FALSE,TRUE,TRUE,FALSE,FALSE
"10_1111_2041_210x_13932","any_readme","TRUE","FALSE","TRUE",FALSE,TRUE,TRUE,FALSE,FALSE
"10_1111_1365_2664_12962","any_readme","TRUE","FALSE","TRUE",FALSE,TRUE,TRUE,FALSE,FALSE
"10_1111_2041_210x_13481","data_availability","Yes","FALSE","TRUE",FALSE,TRUE,TRUE,FALSE,FALSE
"10_1111_2041_210x_13481","any_readme","TRUE","FALSE","TRUE",FALSE,TRUE,TRUE,FALSE,FALSE
"10_1111_1365_2435_13668","any_readme","TRUE","FALSE","TRUE",FALSE,TRUE,TRUE,FALSE,FALSE
"10_1111_2041_210x_13463","data_availability","Yes","FALSE","TRUE",FALSE,TRUE,TRUE,FALSE,FALSE
"10_1111_2041_210x_13463","code_archived","Yes","FALSE","TRUE",FALSE,TRUE,TRUE,FALSE,FALSE
"10_1111_2041_210x_13463","any_readme","TRUE","FALSE","TRUE",FALSE,TRUE,TRUE,FALSE,FALSE
"10_1111_1365_2435_14138","data_availability","Yes","FALSE","FALSE",FALSE,FALSE,FALSE,TRUE,FALSE
"10_1111_1365_2435_13550","data_availability","Yes","FALSE","TRUE",FALSE,TRUE,TRUE,FALSE,FALSE
"10_1111_1365_2435_13550","any_readme","TRUE","FALSE","TRUE",FALSE,TRUE,TRUE,FALSE,FALSE
"10_1111_1365_2435_13897","data_availability","Yes","FALSE","TRUE",FALSE,TRUE,TRUE,FALSE,FALSE
"10_1111_1365_2435_13897","any_readme","TRUE","FALSE","TRUE",FALSE,TRUE,TRUE,FALSE,FALSE
"10_1111_1365_2664_13353","any_readme","TRUE","FALSE","TRUE",FALSE,TRUE,TRUE,FALSE,FALSE
"10_1002_pan3_10497","code_archived","Yes","FALSE","TRUE",FALSE,TRUE,TRUE,FALSE,FALSE
"10_1002_pan3_10497","any_readme","TRUE","FALSE","TRUE",FALSE,TRUE,TRUE,FALSE,FALSE
"10_1111_1365_2435_14659","code_archived","Yes","FALSE","FALSE",FALSE,FALSE,FALSE,TRUE,FALSE
"10_1111_1365_2435_12874","data_availability","Yes","FALSE","FALSE",FALSE,FALSE,FALSE,TRUE,FALSE
"10_1111_1365_2656_12828","code_archived","No","TRUE","TRUE",FALSE,FALSE,FALSE,TRUE,FALSE
"10_1111_1365_2656_12828","any_readme","FALSE","TRUE","TRUE",FALSE,FALSE,FALSE,TRUE,FALSE
"10_1002_pan3_10452","data_availability","Yes","FALSE","FALSE",FALSE,FALSE,FALSE,TRUE,FALSE
"10_1111_2041_210x_13170","data_license","Yes","FALSE","FALSE",FALSE,FALSE,FALSE,TRUE,FALSE
"10_1002_pan3_10400","data_availability","Yes","FALSE","TRUE",FALSE,TRUE,TRUE,FALSE,FALSE
"10_1111_1365_2664_14691","data_availability","Yes","FALSE","TRUE",FALSE,TRUE,TRUE,FALSE,FALSE
"10_1111_1365_2664_14691","any_readme","TRUE","FALSE","TRUE",FALSE,TRUE,TRUE,FALSE,FALSE
"10_1111_1365_2435_12895","data_availability","Yes","FALSE","FALSE",FALSE,FALSE,FALSE,TRUE,FALSE
"10_1111_1365_2435_12895","code_archived","Yes","FALSE","FALSE",FALSE,FALSE,FALSE,TRUE,FALSE
"10_1111_1365_2664_14345","code_archived","Yes","FALSE","TRUE",FALSE,TRUE,TRUE,FALSE,FALSE
"10_1111_1365_2664_14345","any_readme","TRUE","FALSE","TRUE",FALSE,TRUE,TRUE,FALSE,FALSE
"10_1111_1365_2745_12859","any_readme","TRUE","FALSE","TRUE",FALSE,TRUE,TRUE,FALSE,FALSE
"10_1111_1365_2664_14444","any_readme","TRUE","FALSE","TRUE",FALSE,TRUE,TRUE,FALSE,FALSE
"10_1111_1365_2435_13038","any_readme","TRUE","FALSE","TRUE",FALSE,TRUE,TRUE,FALSE,FALSE
"10_1111_1365_2664_13484","any_readme","TRUE","FALSE","TRUE",FALSE,TRUE,TRUE,FALSE,FALSE
"10_1111_1365_2656_14007","data_availability","Yes","FALSE","TRUE",FALSE,TRUE,TRUE,FALSE,FALSE
"10_1111_1365_2656_14007","any_readme","TRUE","FALSE","TRUE",FALSE,TRUE,TRUE,FALSE,FALSE
"10_1111_1365_2664_13614","code_archived","Yes","FALSE","FALSE",FALSE,FALSE,FALSE,TRUE,FALSE
"10_1111_1365_2664_13614","any_readme","TRUE","FALSE","TRUE",FALSE,TRUE,TRUE,FALSE,FALSE
"10_1111_1365_2435_14322","any_readme","TRUE","FALSE","TRUE",FALSE,TRUE,TRUE,FALSE,FALSE
"10_1111_1365_2745_12882","data_availability","Yes","FALSE","TRUE",FALSE,TRUE,TRUE,FALSE,FALSE
"10_1111_1365_2435_13787","any_readme","TRUE","FALSE","TRUE",FALSE,TRUE,TRUE,FALSE,FALSE
"10_1111_1365_2435_14484","data_availability","Yes","FALSE","TRUE",FALSE,TRUE,TRUE,FALSE,FALSE
"10_1111_1365_2664_14400","data_availability","Yes","FALSE","TRUE",FALSE,TRUE,TRUE,FALSE,FALSE
"10_1111_1365_2664_14400","code_archived","Yes","FALSE","TRUE",FALSE,TRUE,TRUE,FALSE,FALSE
"10_1111_1365_2664_14400","any_readme","TRUE","FALSE","TRUE",FALSE,TRUE,TRUE,FALSE,FALSE
"10_1002_2688_8319_12014","any_readme","TRUE","FALSE","TRUE",FALSE,TRUE,TRUE,FALSE,FALSE
"10_1111_2041_210x_14301","code_archived","Yes","FALSE","TRUE",FALSE,TRUE,TRUE,FALSE,FALSE
"10_1111_2041_210x_14301","any_readme","TRUE","FALSE","TRUE",FALSE,TRUE,TRUE,FALSE,FALSE
"10_1111_1365_2664_13528","data_availability","Yes","FALSE","FALSE",FALSE,FALSE,FALSE,TRUE,FALSE
"10_1111_1365_2664_13528","any_readme","TRUE","FALSE","FALSE",FALSE,FALSE,FALSE,TRUE,FALSE
"10_1111_1365_2745_13606","data_availability","Yes","FALSE","FALSE",FALSE,FALSE,FALSE,TRUE,FALSE
"10_1111_1365_2435_13891","data_availability","Yes","FALSE","TRUE",FALSE,TRUE,TRUE,FALSE,FALSE
"10_1111_1365_2435_13891","any_readme","TRUE","FALSE","TRUE",FALSE,TRUE,TRUE,FALSE,FALSE
"10_1111_1365_2664_13793","data_availability","Yes","FALSE","TRUE",FALSE,TRUE,TRUE,FALSE,FALSE
"10_1111_1365_2664_13793","code_archived","Yes","FALSE","TRUE",FALSE,TRUE,TRUE,FALSE,FALSE
"10_1111_1365_2664_13793","any_readme","TRUE","FALSE","TRUE",FALSE,TRUE,TRUE,FALSE,FALSE
"10_1111_1365_2656_12982","any_readme","TRUE","FALSE","TRUE",FALSE,TRUE,TRUE,FALSE,FALSE
"10_1111_1365_2656_14186","any_readme","TRUE","FALSE","TRUE",FALSE,TRUE,TRUE,FALSE,FALSE
"10_1002_pan3_10406","data_availability","Yes","FALSE","TRUE",FALSE,TRUE,TRUE,FALSE,FALSE
"10_1002_pan3_10406","any_readme","TRUE","FALSE","TRUE",FALSE,TRUE,TRUE,FALSE,FALSE
"10_1111_1365_2664_14787","data_availability","Yes","FALSE","TRUE",FALSE,TRUE,TRUE,FALSE,FALSE
"10_1111_1365_2656_13293","data_availability","Yes","FALSE","TRUE",FALSE,TRUE,TRUE,FALSE,FALSE
"10_1111_1365_2656_13293","any_readme","TRUE","FALSE","TRUE",FALSE,TRUE,TRUE,FALSE,FALSE
"10_1111_1365_2435_14620","code_archived","Yes","FALSE","TRUE",FALSE,TRUE,TRUE,FALSE,FALSE
"10_1111_1365_2435_14620","any_readme","TRUE","FALSE","TRUE",FALSE,TRUE,TRUE,FALSE,FALSE
"10_1111_1365_2664_13077","data_license","Yes","FALSE","FALSE",FALSE,FALSE,FALSE,TRUE,FALSE
"10_1111_1365_2664_13077","any_readme","TRUE","FALSE","TRUE",FALSE,TRUE,TRUE,FALSE,FALSE
"10_1111_1365_2745_14264","data_availability","Yes","FALSE","TRUE",FALSE,TRUE,TRUE,FALSE,FALSE
"10_1111_1365_2745_14264","code_archived","Yes","FALSE","TRUE",FALSE,TRUE,TRUE,FALSE,FALSE
"10_1111_1365_2745_14264","any_readme","TRUE","FALSE","TRUE",FALSE,TRUE,TRUE,FALSE,FALSE
"10_1111_1365_2664_13888","any_readme","TRUE","FALSE","TRUE",FALSE,TRUE,TRUE,FALSE,FALSE
"10_1111_1365_2664_14029","any_readme","TRUE","FALSE","TRUE",FALSE,TRUE,TRUE,FALSE,FALSE
"10_1111_1365_2656_12795","any_readme","TRUE","FALSE","TRUE",FALSE,TRUE,TRUE,FALSE,FALSE
"10_1111_2041_210x_13173","code_archived","Yes","FALSE","TRUE",FALSE,TRUE,TRUE,FALSE,FALSE
"10_1111_1365_2745_14198","data_availability","Yes","FALSE","TRUE",FALSE,TRUE,TRUE,FALSE,FALSE
"10_1111_1365_2745_14198","code_archived","Yes","FALSE","TRUE",FALSE,TRUE,TRUE,FALSE,FALSE
"10_1111_1365_2745_14198","any_readme","TRUE","FALSE","TRUE",FALSE,TRUE,TRUE,FALSE,FALSE
"10_1002_pan3_10756","data_availability","Yes","FALSE","FALSE",FALSE,FALSE,FALSE,TRUE,FALSE
"10_1111_2041_210x_14175","code_archived","Yes","FALSE","TRUE",FALSE,TRUE,TRUE,FALSE,FALSE
"10_1111_2041_210x_14175","any_readme","TRUE","FALSE","TRUE",FALSE,TRUE,TRUE,FALSE,FALSE
"10_1111_2041_210x_13596","data_availability","No, but they are available on request","TRUE","FALSE",FALSE,FALSE,FALSE,FALSE,FALSE
"10_1111_1365_2745_13091","code_archived","Yes","FALSE","FALSE",FALSE,FALSE,FALSE,TRUE,FALSE
"10_1111_1365_2745_14428","data_availability","Yes","FALSE","TRUE",FALSE,TRUE,TRUE,FALSE,FALSE
"10_1111_1365_2745_14428","any_readme","TRUE","FALSE","TRUE",FALSE,TRUE,TRUE,FALSE,FALSE
"10_1111_2041_210x_13471","data_availability","Yes","FALSE","TRUE",FALSE,TRUE,TRUE,FALSE,FALSE
"10_1111_2041_210x_13471","code_archived","Yes","FALSE","TRUE",FALSE,TRUE,TRUE,FALSE,FALSE
"10_1111_2041_210x_13471","any_readme","TRUE","FALSE","TRUE",FALSE,TRUE,TRUE,FALSE,FALSE
"10_1002_pan3_10736","data_license","Yes","FALSE","TRUE",FALSE,TRUE,TRUE,FALSE,FALSE
"10_1002_pan3_10736","any_readme","FALSE","TRUE","TRUE",FALSE,FALSE,FALSE,TRUE,FALSE
"10_1111_1365_2664_14664","code_archived","Yes","FALSE","FALSE",FALSE,FALSE,FALSE,TRUE,FALSE
"10_1111_1365_2435_14151","data_availability","Yes","FALSE","TRUE",FALSE,TRUE,TRUE,FALSE,FALSE
"10_1002_pan3_10745","data_availability","Yes","FALSE","TRUE",FALSE,TRUE,TRUE,FALSE,FALSE
"10_1002_pan3_10745","code_archived","Yes","FALSE","TRUE",FALSE,TRUE,TRUE,FALSE,FALSE
"10_1111_1365_2435_13127","any_readme","TRUE","FALSE","TRUE",FALSE,TRUE,TRUE,FALSE,FALSE
"10_1002_pan3_10071","code_archived","Yes","FALSE","TRUE",FALSE,TRUE,TRUE,FALSE,FALSE
"10_1002_pan3_10071","any_readme","TRUE","FALSE","TRUE",FALSE,TRUE,TRUE,FALSE,FALSE
"10_1111_1365_2664_14478","any_readme","TRUE","FALSE","TRUE",FALSE,TRUE,TRUE,FALSE,FALSE
"10_1111_1365_2664_13492","code_archived","Yes","FALSE","FALSE",FALSE,FALSE,FALSE,TRUE,FALSE
"10_1111_1365_2664_13492","any_readme","TRUE","FALSE","TRUE",FALSE,TRUE,TRUE,FALSE,FALSE
"10_1002_pan3_10623","data_availability","Yes","FALSE","TRUE",FALSE,TRUE,TRUE,FALSE,FALSE
"10_1002_pan3_10623","any_readme","TRUE","FALSE","TRUE",FALSE,TRUE,TRUE,FALSE,FALSE
"10_1111_1365_2435_12997","any_readme","TRUE","FALSE","TRUE",FALSE,TRUE,TRUE,FALSE,FALSE
"10_1111_1365_2656_12639","code_archived","Yes","FALSE","TRUE",FALSE,TRUE,TRUE,FALSE,FALSE
"10_1111_1365_2656_12639","any_readme","TRUE","FALSE","TRUE",FALSE,TRUE,TRUE,FALSE,FALSE
"10_1111_1365_2664_13578","code_archived","Yes","FALSE","TRUE",FALSE,TRUE,TRUE,FALSE,FALSE
"10_1111_1365_2664_13578","any_readme","TRUE","FALSE","TRUE",FALSE,TRUE,TRUE,FALSE,FALSE
"10_1002_pan3_10758","data_availability","Yes","FALSE","TRUE",FALSE,TRUE,TRUE,FALSE,FALSE
"10_1111_2041_210x_13124","code_archived","Yes","FALSE","FALSE",FALSE,FALSE,FALSE,TRUE,FALSE
"10_1111_1365_2745_14136","any_readme","FALSE","TRUE","TRUE",FALSE,FALSE,FALSE,TRUE,FALSE
"10_1111_1365_2656_13291","any_readme","TRUE","FALSE","TRUE",FALSE,TRUE,TRUE,FALSE,FALSE
"10_1111_1365_2656_13818","data_availability","Yes","FALSE","TRUE",FALSE,TRUE,TRUE,FALSE,FALSE
"10_1111_1365_2745_14373","data_availability","Yes","FALSE","TRUE",FALSE,TRUE,TRUE,FALSE,FALSE
"10_1111_1365_2745_14373","any_readme","TRUE","FALSE","TRUE",FALSE,TRUE,TRUE,FALSE,FALSE
"10_1111_1365_2664_13648","any_readme","TRUE","FALSE","TRUE",FALSE,TRUE,TRUE,FALSE,FALSE
"10_1111_2041_210x_13534","data_availability","Yes","FALSE","TRUE",FALSE,TRUE,TRUE,FALSE,FALSE
"10_1111_2041_210x_13534","code_archived","Yes","FALSE","TRUE",FALSE,TRUE,TRUE,FALSE,FALSE
"10_1111_2041_210x_13534","any_readme","TRUE","FALSE","TRUE",FALSE,TRUE,TRUE,FALSE,FALSE
"10_1111_1365_2435_13191","any_readme","TRUE","FALSE","FALSE",FALSE,FALSE,FALSE,TRUE,FALSE
"10_1111_1365_2656_13372","any_readme","TRUE","FALSE","TRUE",FALSE,TRUE,TRUE,FALSE,FALSE
"10_1111_1365_2656_13504","data_availability","Yes","FALSE","TRUE",FALSE,TRUE,TRUE,FALSE,FALSE
"10_1111_1365_2656_13504","any_readme","TRUE","FALSE","TRUE",FALSE,TRUE,TRUE,FALSE,FALSE
"10_1002_pan3_10536","data_availability","Yes","FALSE","TRUE",FALSE,TRUE,TRUE,FALSE,FALSE
"10_1111_1365_2664_13961","data_availability","Yes","FALSE","TRUE",FALSE,TRUE,TRUE,FALSE,FALSE
"10_1111_1365_2664_13961","any_readme","TRUE","FALSE","TRUE",FALSE,TRUE,TRUE,FALSE,FALSE
"10_1111_1365_2656_13616","data_availability","Yes","FALSE","TRUE",FALSE,TRUE,TRUE,FALSE,FALSE
"10_1111_1365_2656_13616","any_readme","TRUE","FALSE","TRUE",FALSE,TRUE,TRUE,FALSE,FALSE
"10_1111_1365_2664_13980","data_availability","Yes","FALSE","TRUE",FALSE,TRUE,TRUE,FALSE,FALSE
"10_1111_1365_2745_14021","any_readme","TRUE","FALSE","TRUE",FALSE,TRUE,TRUE,FALSE,FALSE
"10_1111_1365_2435_14271","data_availability","Yes","FALSE","TRUE",FALSE,TRUE,TRUE,FALSE,FALSE
"10_1111_1365_2435_14271","any_readme","TRUE","FALSE","TRUE",FALSE,TRUE,TRUE,FALSE,FALSE
"10_1111_1365_2745_13682","data_availability","Yes","FALSE","TRUE",FALSE,TRUE,TRUE,FALSE,FALSE
"10_1111_1365_2745_13682","code_archived","Yes","FALSE","TRUE",FALSE,TRUE,TRUE,FALSE,FALSE
"10_1111_1365_2745_13682","any_readme","TRUE","FALSE","TRUE",FALSE,TRUE,TRUE,FALSE,FALSE
"10_1111_1365_2664_13333","any_readme","TRUE","FALSE","TRUE",FALSE,TRUE,TRUE,FALSE,FALSE
"10_1111_1365_2435_14230","any_readme","TRUE","FALSE","TRUE",FALSE,TRUE,TRUE,FALSE,FALSE
"10_1111_1365_2664_14544","data_availability","Yes","FALSE","TRUE",FALSE,TRUE,TRUE,FALSE,FALSE
"10_1111_1365_2664_14544","any_readme","TRUE","FALSE","TRUE",FALSE,TRUE,TRUE,FALSE,FALSE
"10_1111_1365_2745_13792","data_availability","Yes","FALSE","TRUE",FALSE,TRUE,TRUE,FALSE,FALSE
"10_1111_1365_2435_13778","any_readme","TRUE","FALSE","TRUE",FALSE,TRUE,TRUE,FALSE,FALSE
"10_1111_2041_210x_13992","data_availability","Yes","FALSE","TRUE",FALSE,TRUE,TRUE,FALSE,FALSE
"10_1111_1365_2664_13043","code_archived","Yes","FALSE","TRUE",FALSE,TRUE,TRUE,FALSE,FALSE
"10_1111_1365_2664_13043","any_readme","TRUE","FALSE","TRUE",FALSE,TRUE,TRUE,FALSE,FALSE
"10_1111_1365_2435_12935","any_readme","TRUE","FALSE","FALSE",FALSE,FALSE,FALSE,TRUE,FALSE
"10_1111_2041_210x_13748","data_availability","Yes","FALSE","TRUE",FALSE,TRUE,TRUE,FALSE,FALSE
"10_1111_2041_210x_13748","code_archived","Yes","FALSE","TRUE",FALSE,TRUE,TRUE,FALSE,FALSE
"10_1111_1365_2656_13345","data_availability","Yes","FALSE","FALSE",FALSE,FALSE,FALSE,TRUE,FALSE
"10_1111_2041_210x_13448","data_license","Yes","FALSE","TRUE",FALSE,TRUE,TRUE,FALSE,FALSE
"10_1111_1365_2664_13360","any_readme","TRUE","FALSE","TRUE",FALSE,TRUE,TRUE,FALSE,FALSE
"10_1111_1365_2664_13286","data_availability","Yes","FALSE","TRUE",FALSE,TRUE,TRUE,FALSE,FALSE
"10_1002_pan3_10334","any_readme","TRUE","FALSE","TRUE",FALSE,TRUE,TRUE,FALSE,FALSE
"10_1111_1365_2745_13304","data_availability","Yes","FALSE","FALSE",FALSE,FALSE,FALSE,TRUE,FALSE
"10_1111_1365_2745_13304","any_readme","TRUE","FALSE","FALSE",FALSE,FALSE,FALSE,TRUE,FALSE
"10_1111_1365_2664_13735","code_archived","Yes","FALSE","TRUE",FALSE,TRUE,TRUE,FALSE,FALSE
"10_1111_1365_2664_13735","any_readme","TRUE","FALSE","TRUE",FALSE,TRUE,TRUE,FALSE,FALSE
"10_1111_2041_210x_13030","code_archived","Yes","FALSE","TRUE",FALSE,TRUE,TRUE,FALSE,FALSE
"10_1111_1365_2664_14402","code_archived","Yes","FALSE","TRUE",FALSE,TRUE,TRUE,FALSE,FALSE
"10_1111_2041_210x_13630","data_availability","Yes","FALSE","FALSE",FALSE,FALSE,FALSE,TRUE,FALSE
"10_1111_2041_210x_13630","any_readme","TRUE","FALSE","TRUE",FALSE,TRUE,TRUE,FALSE,FALSE
"10_1111_1365_2435_13643","data_availability","Yes","FALSE","TRUE",FALSE,TRUE,TRUE,FALSE,FALSE
"10_1111_1365_2435_13643","code_archived","Yes","FALSE","TRUE",FALSE,TRUE,TRUE,FALSE,FALSE
"10_1111_1365_2435_13643","any_readme","TRUE","FALSE","TRUE",FALSE,TRUE,TRUE,FALSE,FALSE
"10_1111_1365_2745_14079","data_availability","No, but they are available on request","TRUE","TRUE",FALSE,FALSE,FALSE,FALSE,FALSE
"10_1111_1365_2435_13632","data_availability","Yes","FALSE","TRUE",FALSE,TRUE,TRUE,FALSE,FALSE
"10_1111_1365_2435_13632","any_readme","TRUE","FALSE","TRUE",FALSE,TRUE,TRUE,FALSE,FALSE
"10_1111_1365_2664_14750","data_availability","Yes","FALSE","TRUE",FALSE,TRUE,TRUE,FALSE,FALSE
"10_1111_1365_2664_14750","code_archived","Yes","FALSE","TRUE",FALSE,TRUE,TRUE,FALSE,FALSE
"10_1111_1365_2664_14750","any_readme","TRUE","FALSE","TRUE",FALSE,TRUE,TRUE,FALSE,FALSE
"10_1111_1365_2656_12654","any_readme","TRUE","FALSE","TRUE",FALSE,TRUE,TRUE,FALSE,FALSE
"10_1002_2688_8319_12305","any_readme","TRUE","FALSE","TRUE",FALSE,TRUE,TRUE,FALSE,FALSE
"10_1111_1365_2745_13694","data_availability","Yes","FALSE","TRUE",FALSE,TRUE,TRUE,FALSE,FALSE
"10_1111_1365_2745_13694","code_archived","Yes","FALSE","TRUE",FALSE,TRUE,TRUE,FALSE,FALSE
"10_1111_1365_2745_13694","any_readme","TRUE","FALSE","TRUE",FALSE,TRUE,TRUE,FALSE,FALSE
"10_1111_1365_2435_13046","data_license","No","TRUE","TRUE",FALSE,FALSE,FALSE,TRUE,FALSE
"10_1111_1365_2745_13048","data_license","No","TRUE","TRUE",FALSE,FALSE,FALSE,TRUE,FALSE
"10_1111_2041_210x_13324","data_license","Yes","FALSE","TRUE",FALSE,TRUE,TRUE,FALSE,FALSE
"10_1111_2041_210x_13541","code_archived","Yes","FALSE","TRUE",FALSE,TRUE,TRUE,FALSE,FALSE
"10_1111_2041_210x_13541","any_readme","TRUE","FALSE","TRUE",FALSE,TRUE,TRUE,FALSE,FALSE
"10_1002_pan3_10154","data_availability","Yes","FALSE","FALSE",FALSE,FALSE,FALSE,TRUE,FALSE
"10_1111_1365_2435_13510","code_archived","Yes","FALSE","TRUE",FALSE,TRUE,TRUE,FALSE,FALSE
"10_1111_1365_2435_13510","any_readme","TRUE","FALSE","TRUE",FALSE,TRUE,TRUE,FALSE,FALSE
"10_1111_1365_2656_13669","data_availability","Yes","FALSE","TRUE",FALSE,TRUE,TRUE,FALSE,FALSE
"10_1111_1365_2656_13669","any_readme","TRUE","FALSE","TRUE",FALSE,TRUE,TRUE,FALSE,FALSE
"10_1002_pan3_10265","data_availability","Yes","FALSE","TRUE",FALSE,TRUE,TRUE,FALSE,FALSE
"10_1111_1365_2656_12902","any_readme","TRUE","FALSE","TRUE",FALSE,TRUE,TRUE,FALSE,FALSE
"10_1111_1365_2664_14079","code_archived","Yes","FALSE","TRUE",FALSE,TRUE,TRUE,FALSE,FALSE
"10_1111_1365_2656_13896","code_archived","Yes","FALSE","FALSE",FALSE,FALSE,FALSE,TRUE,FALSE
"10_1111_1365_2656_14216","data_availability","Yes","FALSE","TRUE",FALSE,TRUE,TRUE,FALSE,FALSE
"10_1111_1365_2656_14216","code_archived","Yes","FALSE","FALSE",FALSE,FALSE,FALSE,TRUE,FALSE
"10_1111_1365_2656_14216","any_readme","TRUE","FALSE","TRUE",FALSE,TRUE,TRUE,FALSE,FALSE
"10_1111_1365_2435_13315","any_readme","TRUE","FALSE","TRUE",FALSE,TRUE,TRUE,FALSE,FALSE
"10_1111_1365_2664_14649","data_availability","Yes","FALSE","TRUE",FALSE,TRUE,TRUE,FALSE,FALSE
"10_1111_1365_2664_14649","any_readme","TRUE","FALSE","TRUE",FALSE,TRUE,TRUE,FALSE,FALSE
"10_1111_1365_2745_13359","any_readme","TRUE","FALSE","TRUE",FALSE,TRUE,TRUE,FALSE,FALSE
"10_1111_1365_2745_14047","data_availability","Yes","FALSE","TRUE",FALSE,TRUE,TRUE,FALSE,FALSE
"10_1111_1365_2664_13982","data_download","Yes","FALSE","TRUE",FALSE,TRUE,TRUE,FALSE,FALSE
"10_1111_1365_2664_13982","code_archived","Yes","FALSE","FALSE",FALSE,FALSE,FALSE,TRUE,FALSE
"10_1111_1365_2656_12978","any_readme","TRUE","FALSE","FALSE",FALSE,FALSE,FALSE,TRUE,FALSE
"10_1111_1365_2664_13283","any_readme","TRUE","FALSE","TRUE",FALSE,TRUE,TRUE,FALSE,FALSE
"10_1002_pan3_10216","code_archived","Yes","FALSE","TRUE",FALSE,TRUE,TRUE,FALSE,FALSE
"10_1111_1365_2656_13407","data_availability","Yes","FALSE","TRUE",FALSE,TRUE,TRUE,FALSE,FALSE
"10_1111_1365_2656_13407","code_archived","Yes","FALSE","FALSE",FALSE,FALSE,FALSE,TRUE,FALSE
"10_1111_1365_2656_13407","any_readme","TRUE","FALSE","TRUE",FALSE,TRUE,TRUE,FALSE,FALSE
"10_1111_1365_2656_12840","any_readme","TRUE","FALSE","FALSE",FALSE,FALSE,FALSE,TRUE,FALSE
"10_1111_1365_2656_12727","any_readme","TRUE","FALSE","TRUE",FALSE,TRUE,TRUE,FALSE,FALSE
"10_1111_2041_210x_13568","data_availability","Yes","FALSE","TRUE",FALSE,TRUE,TRUE,FALSE,FALSE
"10_1111_2041_210x_13568","code_archived","Yes","FALSE","FALSE",FALSE,FALSE,FALSE,TRUE,FALSE
"10_1111_2041_210x_13568","any_readme","TRUE","FALSE","TRUE",FALSE,TRUE,TRUE,FALSE,FALSE
"10_1111_1365_2745_13460","any_readme","TRUE","FALSE","TRUE",FALSE,TRUE,TRUE,FALSE,FALSE
"10_1111_1365_2745_13708","data_availability","Yes","FALSE","TRUE",FALSE,TRUE,TRUE,FALSE,FALSE
"10_1111_1365_2745_13708","code_archived","Yes","FALSE","TRUE",FALSE,TRUE,TRUE,FALSE,FALSE
"10_1111_1365_2656_12832","code_archived","Yes","FALSE","TRUE",FALSE,TRUE,TRUE,FALSE,FALSE
"10_1111_1365_2656_13697","code_archived","Yes","FALSE","TRUE",FALSE,TRUE,TRUE,FALSE,FALSE
"10_1002_pan3_10294","data_availability","Yes","FALSE","FALSE",FALSE,FALSE,FALSE,TRUE,FALSE
"10_1002_pan3_10294","any_readme","TRUE","FALSE","FALSE",FALSE,FALSE,FALSE,TRUE,FALSE
"10_1111_1365_2664_14843","data_availability","Yes","FALSE","TRUE",FALSE,TRUE,TRUE,FALSE,FALSE
"10_1111_2041_210x_12874","code_archived","Yes","FALSE","TRUE",FALSE,TRUE,TRUE,FALSE,FALSE
"10_1111_2041_210x_12874","any_readme","TRUE","FALSE","TRUE",FALSE,TRUE,TRUE,FALSE,FALSE
"10_1111_1365_2435_13684","any_readme","TRUE","FALSE","FALSE",FALSE,FALSE,FALSE,TRUE,FALSE
"10_1111_1365_2745_13405","data_availability","Yes","FALSE","TRUE",FALSE,TRUE,TRUE,FALSE,FALSE
"10_1111_1365_2745_13405","any_readme","TRUE","FALSE","TRUE",FALSE,TRUE,TRUE,FALSE,FALSE
"10_1111_1365_2656_12678","any_readme","TRUE","FALSE","TRUE",FALSE,TRUE,TRUE,FALSE,FALSE
"10_1002_2688_8319_12078","any_readme","TRUE","FALSE","TRUE",FALSE,TRUE,TRUE,FALSE,FALSE
"10_1111_1365_2745_13786","data_availability","Yes","FALSE","TRUE",FALSE,TRUE,TRUE,FALSE,FALSE
"10_1111_1365_2745_13786","any_readme","TRUE","FALSE","TRUE",FALSE,TRUE,TRUE,FALSE,FALSE
"10_1111_1365_2664_14847","data_availability","Yes","FALSE","TRUE",FALSE,TRUE,TRUE,FALSE,FALSE
"10_1111_1365_2664_14847","any_readme","TRUE","FALSE","TRUE",FALSE,TRUE,TRUE,FALSE,FALSE
"10_1111_1365_2745_13503","data_availability","Yes","FALSE","TRUE",FALSE,TRUE,TRUE,FALSE,FALSE
"10_1111_1365_2745_13503","code_archived","Yes","FALSE","TRUE",FALSE,TRUE,TRUE,FALSE,FALSE
"10_1111_1365_2745_13503","any_readme","TRUE","FALSE","TRUE",FALSE,TRUE,TRUE,FALSE,FALSE
"10_1111_1365_2745_13191","data_availability","Yes","FALSE","TRUE",FALSE,TRUE,TRUE,FALSE,FALSE
"10_1111_1365_2656_13159","data_license","Yes","FALSE","FALSE",FALSE,FALSE,FALSE,TRUE,FALSE
"10_1111_1365_2745_13577","data_availability","Yes","FALSE","TRUE",FALSE,TRUE,TRUE,FALSE,FALSE
"10_1111_1365_2656_13337","data_download","Yes","FALSE","TRUE",FALSE,TRUE,TRUE,FALSE,FALSE
"10_1111_2041_210x_13433","any_readme","TRUE","FALSE","TRUE",FALSE,TRUE,TRUE,FALSE,FALSE
"10_1111_1365_2664_13115","any_readme","TRUE","FALSE","TRUE",FALSE,TRUE,TRUE,FALSE,FALSE
"10_1111_1365_2745_12736","any_readme","TRUE","FALSE","TRUE",FALSE,TRUE,TRUE,FALSE,FALSE
"10_1111_1365_2656_13895","code_archived","No","TRUE","FALSE",FALSE,TRUE,TRUE,FALSE,FALSE
"10_1111_1365_2664_14052","code_archived","Yes","FALSE","TRUE",FALSE,TRUE,TRUE,FALSE,FALSE
"10_1111_1365_2656_13893","data_availability","Yes","FALSE","FALSE",FALSE,FALSE,FALSE,TRUE,FALSE
"10_1111_1365_2656_13893","code_archived","Yes","FALSE","TRUE",FALSE,TRUE,TRUE,FALSE,FALSE
"10_1111_1365_2656_13893","any_readme","TRUE","FALSE","TRUE",FALSE,TRUE,TRUE,FALSE,FALSE
"10_1111_2041_210x_13205","code_archived","Yes","FALSE","TRUE",FALSE,TRUE,TRUE,FALSE,FALSE
"10_1111_1365_2745_14037","code_archived","Yes","FALSE","TRUE",FALSE,TRUE,TRUE,FALSE,FALSE
"10_1111_1365_2664_13170","any_readme","TRUE","FALSE","TRUE",FALSE,TRUE,TRUE,FALSE,FALSE
"10_1111_2041_210x_12918","code_archived","Yes","FALSE","TRUE",FALSE,TRUE,TRUE,FALSE,FALSE
"10_1111_1365_2435_13061","any_readme","TRUE","FALSE","TRUE",FALSE,TRUE,TRUE,FALSE,FALSE
"10_1002_pan3_10130","any_readme","TRUE","FALSE","TRUE",FALSE,TRUE,TRUE,FALSE,FALSE
"10_1111_1365_2435_13470","data_availability","Yes","FALSE","TRUE",FALSE,TRUE,TRUE,FALSE,FALSE
"10_1111_1365_2435_13470","code_archived","Yes","FALSE","TRUE",FALSE,TRUE,TRUE,FALSE,FALSE
"10_1111_1365_2656_12794","data_availability","Yes","FALSE","FALSE",FALSE,FALSE,FALSE,TRUE,FALSE
"10_1111_1365_2656_14227","data_availability","Yes","FALSE","TRUE",FALSE,TRUE,TRUE,FALSE,FALSE
"10_1111_1365_2656_14227","code_archived","Yes","FALSE","TRUE",FALSE,TRUE,TRUE,FALSE,FALSE
"10_1111_1365_2656_14227","any_readme","TRUE","FALSE","TRUE",FALSE,TRUE,TRUE,FALSE,FALSE
"10_1111_1365_2656_12658","code_archived","Yes","FALSE","TRUE",FALSE,TRUE,TRUE,FALSE,FALSE
"10_1002_2688_8319_12006","data_license","No","TRUE","TRUE",FALSE,FALSE,FALSE,TRUE,FALSE
"10_1002_2688_8319_12006","any_readme","TRUE","FALSE","TRUE",FALSE,TRUE,TRUE,FALSE,FALSE
"10_1111_1365_2664_12952","code_archived","Yes","FALSE","TRUE",FALSE,TRUE,TRUE,FALSE,FALSE
"10_1111_1365_2664_12952","any_readme","TRUE","FALSE","TRUE",FALSE,TRUE,TRUE,FALSE,FALSE
"10_1111_2041_210x_13328","code_archived","Yes","FALSE","TRUE",FALSE,TRUE,TRUE,FALSE,FALSE
"10_1111_2041_210x_13328","any_readme","TRUE","FALSE","TRUE",FALSE,TRUE,TRUE,FALSE,FALSE
"10_1111_1365_2664_14583","data_availability","Yes","FALSE","TRUE",FALSE,TRUE,TRUE,FALSE,FALSE
"10_1111_1365_2664_14583","code_archived","Yes","FALSE","TRUE",FALSE,TRUE,TRUE,FALSE,FALSE
"10_1111_1365_2664_14583","any_readme","TRUE","FALSE","TRUE",FALSE,TRUE,TRUE,FALSE,FALSE
"10_1111_2041_210x_14115","data_license","No","TRUE","TRUE",FALSE,FALSE,FALSE,TRUE,FALSE
"10_1111_1365_2656_12831","code_archived","No","TRUE","TRUE",FALSE,FALSE,FALSE,TRUE,FALSE
"10_1111_1365_2435_13320","data_availability","Yes","FALSE","FALSE",FALSE,FALSE,FALSE,TRUE,FALSE
"10_1111_1365_2656_13469","code_archived","Yes","FALSE","TRUE",FALSE,TRUE,TRUE,FALSE,FALSE
"10_1111_1365_2745_13525","data_availability","Yes","FALSE","TRUE",FALSE,TRUE,TRUE,FALSE,FALSE
"10_1111_1365_2745_13525","any_readme","TRUE","FALSE","TRUE",FALSE,TRUE,TRUE,FALSE,FALSE
"10_1111_2041_210x_13923","data_license","Yes","FALSE","TRUE",FALSE,TRUE,TRUE,FALSE,FALSE
"10_1111_1365_2435_14436","data_availability","Yes","FALSE","TRUE",FALSE,TRUE,TRUE,FALSE,FALSE
"10_1111_1365_2435_14436","code_archived","Yes","FALSE","TRUE",FALSE,TRUE,TRUE,FALSE,FALSE
"10_1111_1365_2435_14436","any_readme","TRUE","FALSE","TRUE",FALSE,TRUE,TRUE,FALSE,FALSE
"10_1111_1365_2745_13737","code_archived","Yes","FALSE","TRUE",FALSE,TRUE,TRUE,FALSE,FALSE
"10_1111_1365_2664_13993","code_archived","Yes","FALSE","TRUE",FALSE,TRUE,TRUE,FALSE,FALSE
"10_1002_2688_8319_12083","any_readme","TRUE","FALSE","TRUE",FALSE,TRUE,TRUE,FALSE,FALSE
"10_1111_1365_2664_13733","code_archived","Yes","FALSE","TRUE",FALSE,TRUE,TRUE,FALSE,FALSE
"10_1111_1365_2664_13733","any_readme","TRUE","FALSE","TRUE",FALSE,TRUE,TRUE,FALSE,FALSE
"10_1111_1365_2664_13415","code_archived","Yes","FALSE","FALSE",FALSE,FALSE,FALSE,TRUE,FALSE
"10_1111_1365_2745_13324","data_availability","Yes","FALSE","TRUE",FALSE,TRUE,TRUE,FALSE,FALSE
"10_1111_1365_2745_13324","any_readme","TRUE","FALSE","TRUE",FALSE,TRUE,TRUE,FALSE,FALSE
"10_1111_1365_2745_13961","code_archived","No","TRUE","FALSE",FALSE,TRUE,TRUE,FALSE,FALSE
"10_1111_1365_2745_13961","any_readme","FALSE","TRUE","TRUE",FALSE,FALSE,FALSE,TRUE,FALSE
"10_1111_1365_2664_13862","any_readme","TRUE","FALSE","TRUE",FALSE,TRUE,TRUE,FALSE,FALSE
"10_1111_1365_2656_13272","data_availability","Yes","FALSE","TRUE",FALSE,TRUE,TRUE,FALSE,FALSE
"10_1111_1365_2656_13272","any_readme","TRUE","FALSE","TRUE",FALSE,TRUE,TRUE,FALSE,FALSE
"10_1111_1365_2656_13643","data_availability","Yes","FALSE","TRUE",FALSE,TRUE,TRUE,FALSE,FALSE
"10_1111_1365_2656_13643","any_readme","TRUE","FALSE","TRUE",FALSE,TRUE,TRUE,FALSE,FALSE
"10_1111_1365_2664_14821","data_availability","Yes","FALSE","FALSE",FALSE,FALSE,FALSE,TRUE,FALSE
"10_1111_1365_2664_14821","any_readme","TRUE","FALSE","FALSE",FALSE,FALSE,FALSE,TRUE,FALSE
"10_1111_1365_2656_13708","code_archived","Yes","FALSE","TRUE",FALSE,TRUE,TRUE,FALSE,FALSE
"10_1111_1365_2435_13791","data_availability","Yes","FALSE","TRUE",FALSE,TRUE,TRUE,FALSE,FALSE
"10_1002_pan3_10727","data_availability","No","TRUE","TRUE",FALSE,FALSE,FALSE,TRUE,FALSE
"10_1111_1365_2435_14619","data_availability","Yes","FALSE","TRUE",FALSE,TRUE,TRUE,FALSE,FALSE
"10_1111_1365_2435_14619","any_readme","TRUE","FALSE","TRUE",FALSE,TRUE,TRUE,FALSE,FALSE
"10_1111_2041_210x_14029","data_availability","Yes","FALSE","TRUE",FALSE,TRUE,TRUE,FALSE,FALSE
"10_1111_2041_210x_14029","code_archived","Yes","FALSE","TRUE",FALSE,TRUE,TRUE,FALSE,FALSE
"10_1111_2041_210x_14029","any_readme","TRUE","FALSE","TRUE",FALSE,TRUE,TRUE,FALSE,FALSE
"10_1111_1365_2656_13548","any_readme","TRUE","FALSE","TRUE",FALSE,TRUE,TRUE,FALSE,FALSE
"10_1111_1365_2435_13248","any_readme","TRUE","FALSE","TRUE",FALSE,TRUE,TRUE,FALSE,FALSE
"10_1111_1365_2656_13289","any_readme","TRUE","FALSE","TRUE",FALSE,TRUE,TRUE,FALSE,FALSE
"10_1111_1365_2435_13750","any_readme","TRUE","FALSE","FALSE",FALSE,FALSE,FALSE,TRUE,FALSE
"10_1111_1365_2656_13233","data_availability","Yes","FALSE","TRUE",FALSE,TRUE,TRUE,FALSE,FALSE
"10_1111_1365_2656_13233","code_archived","Yes","FALSE","FALSE",FALSE,FALSE,FALSE,TRUE,FALSE
"10_1111_1365_2656_13233","any_readme","TRUE","FALSE","TRUE",FALSE,TRUE,TRUE,FALSE,FALSE
"10_1111_1365_2664_14288","any_readme","TRUE","FALSE","TRUE",FALSE,TRUE,TRUE,FALSE,FALSE
"10_1111_2041_210x_14316","data_availability","Yes","FALSE","TRUE",FALSE,TRUE,TRUE,FALSE,FALSE
"10_1111_2041_210x_14316","code_archived","Yes","FALSE","TRUE",FALSE,TRUE,TRUE,FALSE,FALSE
"10_1111_1365_2435_14391","data_availability","Yes","FALSE","FALSE",FALSE,FALSE,FALSE,TRUE,FALSE
"10_1111_1365_2435_14391","any_readme","TRUE","FALSE","FALSE",FALSE,FALSE,FALSE,TRUE,FALSE
"10_1111_1365_2745_13276","any_readme","TRUE","FALSE","TRUE",FALSE,TRUE,TRUE,FALSE,FALSE
"10_1002_pan3_10648","data_availability","Yes","FALSE","FALSE",FALSE,FALSE,FALSE,TRUE,FALSE
"10_1111_1365_2656_12931","data_availability","No, but they are available on request","TRUE","TRUE",FALSE,FALSE,FALSE,FALSE,FALSE
"10_1002_pan3_10310","code_archived","Yes","FALSE","TRUE",FALSE,TRUE,TRUE,FALSE,FALSE
"10_1111_1365_2745_13849","data_availability","Yes","FALSE","TRUE",FALSE,TRUE,TRUE,FALSE,FALSE
"10_1111_1365_2664_14570","data_availability","Yes","FALSE","TRUE",FALSE,TRUE,TRUE,FALSE,FALSE
"10_1111_1365_2664_14570","code_archived","Yes","FALSE","TRUE",FALSE,TRUE,TRUE,FALSE,FALSE
"10_1111_1365_2664_14570","any_readme","TRUE","FALSE","TRUE",FALSE,TRUE,TRUE,FALSE,FALSE
"10_1111_1365_2664_14598","data_availability","Yes","FALSE","TRUE",FALSE,TRUE,TRUE,FALSE,FALSE
"10_1111_1365_2664_14598","any_readme","TRUE","FALSE","TRUE",FALSE,TRUE,TRUE,FALSE,FALSE
"10_1111_1365_2435_13850","data_availability","Yes","FALSE","TRUE",FALSE,TRUE,TRUE,FALSE,FALSE
"10_1111_1365_2664_14308","data_availability","Yes","FALSE","TRUE",FALSE,TRUE,TRUE,FALSE,FALSE
"10_1111_1365_2664_14308","any_readme","TRUE","FALSE","TRUE",FALSE,TRUE,TRUE,FALSE,FALSE
"10_1111_1365_2664_14757","data_availability","Yes","FALSE","TRUE",FALSE,TRUE,TRUE,FALSE,FALSE
"10_1111_1365_2664_14757","code_archived","Yes","FALSE","FALSE",FALSE,FALSE,FALSE,TRUE,FALSE
"10_1111_1365_2664_14757","any_readme","TRUE","FALSE","TRUE",FALSE,TRUE,TRUE,FALSE,FALSE
"10_1002_2688_8319_12320","any_readme","TRUE","FALSE","TRUE",FALSE,TRUE,TRUE,FALSE,FALSE
"10_1002_pan3_10730","any_readme","TRUE","FALSE","TRUE",FALSE,TRUE,TRUE,FALSE,FALSE
"10_1111_1365_2656_12689","any_readme","TRUE","FALSE","TRUE",FALSE,TRUE,TRUE,FALSE,FALSE
"10_1111_1365_2656_14052","code_archived","Yes","FALSE","FALSE",FALSE,FALSE,FALSE,TRUE,FALSE
"10_1111_1365_2435_13521","any_readme","TRUE","FALSE","TRUE",FALSE,TRUE,TRUE,FALSE,FALSE
"10_1111_1365_2656_13414","data_download","Yes","FALSE","TRUE",FALSE,TRUE,TRUE,FALSE,FALSE
"10_1111_1365_2664_14022","data_availability","Yes","FALSE","TRUE",FALSE,TRUE,TRUE,FALSE,FALSE
"10_1111_1365_2664_14022","code_archived","Yes","FALSE","TRUE",FALSE,TRUE,TRUE,FALSE,FALSE
"10_1111_1365_2745_12901","data_availability","Yes","FALSE","TRUE",FALSE,TRUE,TRUE,FALSE,FALSE
"10_1111_1365_2656_13996","any_readme","TRUE","FALSE","TRUE",FALSE,TRUE,TRUE,FALSE,FALSE
"10_1111_1365_2664_14661","data_availability","Yes","FALSE","TRUE",FALSE,TRUE,TRUE,FALSE,FALSE
"10_1111_1365_2664_14661","code_archived","Yes","FALSE","TRUE",FALSE,TRUE,TRUE,FALSE,FALSE
"10_1111_1365_2664_14661","any_readme","TRUE","FALSE","TRUE",FALSE,TRUE,TRUE,FALSE,FALSE
"10_1111_1365_2745_13834","any_readme","TRUE","FALSE","TRUE",FALSE,TRUE,TRUE,FALSE,FALSE
"10_1111_1365_2656_13696","any_readme","TRUE","FALSE","TRUE",FALSE,TRUE,TRUE,FALSE,FALSE
"10_1111_1365_2664_13103","any_readme","TRUE","FALSE","TRUE",FALSE,TRUE,TRUE,FALSE,FALSE
"10_1111_1365_2664_13828","data_availability","Yes","FALSE","TRUE",FALSE,TRUE,TRUE,FALSE,FALSE
"10_1111_1365_2664_13828","any_readme","TRUE","FALSE","TRUE",FALSE,TRUE,TRUE,FALSE,FALSE
"10_1111_1365_2656_14051","code_archived","Yes","FALSE","FALSE",FALSE,FALSE,FALSE,TRUE,FALSE
"10_1111_1365_2664_13879","any_readme","TRUE","FALSE","TRUE",FALSE,TRUE,TRUE,FALSE,FALSE
"10_1111_2041_210x_13144","code_archived","Yes","FALSE","FALSE",FALSE,FALSE,FALSE,TRUE,FALSE
"10_1111_2041_210x_13144","any_readme","TRUE","FALSE","FALSE",FALSE,FALSE,FALSE,TRUE,FALSE
"10_1111_1365_2656_14155","any_readme","TRUE","FALSE","TRUE",FALSE,TRUE,TRUE,FALSE,FALSE
"10_1111_1365_2435_14425","any_readme","TRUE","FALSE","TRUE",FALSE,TRUE,TRUE,FALSE,FALSE
"10_1111_2041_210x_13006","data_license","Yes","FALSE","TRUE",FALSE,TRUE,TRUE,FALSE,FALSE
"10_1111_1365_2656_13382","code_archived","Yes","FALSE","TRUE",FALSE,TRUE,TRUE,FALSE,FALSE
"10_1111_1365_2656_13382","any_readme","TRUE","FALSE","TRUE",FALSE,TRUE,TRUE,FALSE,FALSE
"10_1002_2688_8319_12405","code_archived","Yes","FALSE","FALSE",FALSE,FALSE,FALSE,TRUE,FALSE
"10_1111_1365_2664_12957","any_readme","TRUE","FALSE","TRUE",FALSE,TRUE,TRUE,FALSE,FALSE
"10_1002_pan3_10689","data_availability","Yes","FALSE","TRUE",FALSE,TRUE,TRUE,FALSE,FALSE
"10_1002_pan3_10689","any_readme","TRUE","FALSE","TRUE",FALSE,TRUE,TRUE,FALSE,FALSE
"10_1111_2041_210x_13262","data_availability","Yes","FALSE","TRUE",FALSE,TRUE,TRUE,FALSE,FALSE
"10_1111_2041_210x_13262","code_archived","Yes","FALSE","TRUE",FALSE,TRUE,TRUE,FALSE,FALSE
"10_1111_2041_210x_13262","any_readme","TRUE","FALSE","TRUE",FALSE,TRUE,TRUE,FALSE,FALSE
"10_1111_1365_2656_13193","any_readme","TRUE","FALSE","TRUE",FALSE,TRUE,TRUE,FALSE,FALSE
"10_1111_1365_2656_12871","any_readme","TRUE","FALSE","TRUE",FALSE,TRUE,TRUE,FALSE,FALSE
"10_1111_1365_2664_13365","code_archived","Yes","FALSE","TRUE",FALSE,TRUE,TRUE,FALSE,FALSE
"10_1111_1365_2664_13365","any_readme","TRUE","FALSE","TRUE",FALSE,TRUE,TRUE,FALSE,FALSE
"10_1111_1365_2435_14514","data_availability","Yes","FALSE","TRUE",FALSE,TRUE,TRUE,FALSE,FALSE
"10_1111_1365_2435_14514","any_readme","TRUE","FALSE","TRUE",FALSE,TRUE,TRUE,FALSE,FALSE
"10_1002_2688_8319_12012","any_readme","TRUE","FALSE","TRUE",FALSE,TRUE,TRUE,FALSE,FALSE
"10_1111_1365_2664_13561","any_readme","TRUE","FALSE","TRUE",FALSE,TRUE,TRUE,FALSE,FALSE
"10_1111_2041_210x_13427","code_archived","Yes","FALSE","TRUE",FALSE,TRUE,TRUE,FALSE,FALSE
"10_1111_2041_210x_13427","any_readme","TRUE","FALSE","TRUE",FALSE,TRUE,TRUE,FALSE,FALSE
"10_1111_1365_2656_13960","code_archived","Yes","FALSE","TRUE",FALSE,TRUE,TRUE,FALSE,FALSE
"10_1111_1365_2656_13960","any_readme","TRUE","FALSE","TRUE",FALSE,TRUE,TRUE,FALSE,FALSE
"10_1111_1365_2435_13936","data_availability","Yes","FALSE","TRUE",FALSE,TRUE,TRUE,FALSE,FALSE
"10_1111_1365_2435_13936","any_readme","TRUE","FALSE","TRUE",FALSE,TRUE,TRUE,FALSE,FALSE
"10_1111_1365_2435_14244","code_archived","Yes","FALSE","TRUE",FALSE,TRUE,TRUE,FALSE,FALSE
"10_1111_1365_2745_14400","data_availability","Yes","FALSE","TRUE",FALSE,TRUE,TRUE,FALSE,FALSE
"10_1111_1365_2745_14400","code_archived","Yes","FALSE","TRUE",FALSE,TRUE,TRUE,FALSE,FALSE
"10_1111_1365_2745_14400","any_readme","TRUE","FALSE","TRUE",FALSE,TRUE,TRUE,FALSE,FALSE
"10_1111_2041_210x_13588","data_availability","Yes","FALSE","FALSE",FALSE,FALSE,FALSE,TRUE,FALSE
"10_1111_2041_210x_13588","code_archived","Yes","FALSE","TRUE",FALSE,TRUE,TRUE,FALSE,FALSE
"10_1111_2041_210x_13588","any_readme","TRUE","FALSE","TRUE",FALSE,TRUE,TRUE,FALSE,FALSE
"10_1111_2041_210x_13135","any_readme","TRUE","FALSE","TRUE",FALSE,TRUE,TRUE,FALSE,FALSE
"10_1111_1365_2664_13913","code_archived","No","TRUE","FALSE",FALSE,TRUE,TRUE,FALSE,FALSE
"10_1111_1365_2664_13913","any_readme","FALSE","TRUE","TRUE",FALSE,FALSE,FALSE,TRUE,FALSE
"10_1002_pan3_10711","data_availability","Yes","FALSE","TRUE",FALSE,TRUE,TRUE,FALSE,FALSE
"10_1111_1365_2745_14449","any_readme","TRUE","FALSE","TRUE",FALSE,TRUE,TRUE,FALSE,FALSE
"10_1111_1365_2664_14373","code_archived","Yes","FALSE","TRUE",FALSE,TRUE,TRUE,FALSE,FALSE
"10_1111_1365_2664_13787","any_readme","TRUE","FALSE","TRUE",FALSE,TRUE,TRUE,FALSE,FALSE
"10_1002_pan3_10200","data_availability","Yes","FALSE","FALSE",FALSE,FALSE,FALSE,TRUE,FALSE
"10_1002_pan3_10200","any_readme","TRUE","FALSE","FALSE",FALSE,FALSE,FALSE,TRUE,FALSE
"10_1111_1365_2664_14809","any_readme","TRUE","FALSE","TRUE",FALSE,TRUE,TRUE,FALSE,FALSE
"10_1111_1365_2656_12917","any_readme","TRUE","FALSE","TRUE",FALSE,TRUE,TRUE,FALSE,FALSE
"10_1111_1365_2435_12969","data_download","Yes","FALSE","TRUE",FALSE,TRUE,TRUE,FALSE,FALSE
"10_1111_1365_2435_12969","any_readme","TRUE","FALSE","TRUE",FALSE,TRUE,TRUE,FALSE,FALSE
"10_1111_1365_2745_13092","any_readme","TRUE","FALSE","FALSE",FALSE,FALSE,FALSE,TRUE,FALSE
"10_1111_1365_2435_12826","data_availability","Yes","FALSE","TRUE",FALSE,TRUE,TRUE,FALSE,FALSE
"10_1111_1365_2435_12826","any_readme","TRUE","FALSE","TRUE",FALSE,TRUE,TRUE,FALSE,FALSE
"10_1111_1365_2656_12812","code_archived","Yes","FALSE","FALSE",FALSE,FALSE,FALSE,TRUE,FALSE
"10_1111_1365_2656_12812","any_readme","TRUE","FALSE","TRUE",FALSE,TRUE,TRUE,FALSE,FALSE
"10_1111_1365_2656_12852","code_archived","Yes","FALSE","TRUE",FALSE,TRUE,TRUE,FALSE,FALSE
"10_1111_1365_2664_13152","code_archived","Yes","FALSE","TRUE",FALSE,TRUE,TRUE,FALSE,FALSE
"10_1111_1365_2664_13152","any_readme","TRUE","FALSE","TRUE",FALSE,TRUE,TRUE,FALSE,FALSE
"10_1111_1365_2745_13771","data_availability","Yes","FALSE","TRUE",FALSE,TRUE,TRUE,FALSE,FALSE
"10_1111_1365_2664_13845","data_availability","Yes","FALSE","TRUE",FALSE,TRUE,TRUE,FALSE,FALSE
"10_1111_1365_2664_13845","any_readme","TRUE","FALSE","TRUE",FALSE,TRUE,TRUE,FALSE,FALSE
"10_1111_1365_2745_14418","data_availability","Yes","FALSE","TRUE",FALSE,TRUE,TRUE,FALSE,FALSE
"10_1111_1365_2745_14418","any_readme","TRUE","FALSE","TRUE",FALSE,TRUE,TRUE,FALSE,FALSE
"10_1111_1365_2435_14513","data_license","No","TRUE","TRUE",FALSE,FALSE,FALSE,TRUE,FALSE
"10_1111_1365_2656_13190","data_license","No","TRUE","TRUE",FALSE,FALSE,FALSE,TRUE,FALSE
"10_1111_1365_2745_13738","any_readme","TRUE","FALSE","TRUE",FALSE,TRUE,TRUE,FALSE,FALSE
"10_1002_pan3_10499","data_license","No","TRUE","TRUE",FALSE,FALSE,FALSE,TRUE,FALSE
"10_1111_1365_2435_13272","data_license","No","TRUE","TRUE",FALSE,FALSE,FALSE,TRUE,FALSE
"10_1002_pan3_10479","data_availability","Yes","FALSE","TRUE",FALSE,TRUE,TRUE,FALSE,FALSE
"10_1002_2688_8319_12070","data_availability","Yes","FALSE","TRUE",FALSE,TRUE,TRUE,FALSE,FALSE
"10_1002_pan3_6","data_availability","Yes","FALSE","FALSE",FALSE,FALSE,FALSE,TRUE,FALSE
"10_1111_1365_2745_14416","code_archived","Yes","FALSE","TRUE",FALSE,TRUE,TRUE,FALSE,FALSE
"10_1111_1365_2745_14416","any_readme","TRUE","FALSE","TRUE",FALSE,TRUE,TRUE,FALSE,FALSE
"10_1111_1365_2656_13766","code_archived","Yes","FALSE","TRUE",FALSE,TRUE,TRUE,FALSE,FALSE
"10_1002_pan3_10527","data_license","Yes","FALSE","FALSE",FALSE,FALSE,FALSE,TRUE,FALSE
"10_1002_2688_8319_12312","code_archived","Yes","FALSE","TRUE",FALSE,TRUE,TRUE,FALSE,FALSE
"10_1002_2688_8319_12312","any_readme","TRUE","FALSE","TRUE",FALSE,TRUE,TRUE,FALSE,FALSE
"10_1111_1365_2745_13864","data_availability","Yes","FALSE","TRUE",FALSE,TRUE,TRUE,FALSE,FALSE
"10_1111_1365_2745_13864","any_readme","TRUE","FALSE","TRUE",FALSE,TRUE,TRUE,FALSE,FALSE
"10_1111_1365_2656_12906","data_availability","Yes","FALSE","TRUE",FALSE,TRUE,TRUE,FALSE,FALSE
"10_1111_1365_2656_12906","any_readme","TRUE","FALSE","TRUE",FALSE,TRUE,TRUE,FALSE,FALSE
"10_1111_1365_2435_13221","any_readme","TRUE","FALSE","TRUE",FALSE,TRUE,TRUE,FALSE,FALSE
"10_1111_2041_210x_14045","data_availability","Yes","FALSE","TRUE",FALSE,TRUE,TRUE,FALSE,FALSE
"10_1111_2041_210x_14045","any_readme","TRUE","FALSE","TRUE",FALSE,TRUE,TRUE,FALSE,FALSE
"10_1002_2688_8319_12194","data_availability","Yes","FALSE","TRUE",FALSE,TRUE,TRUE,FALSE,FALSE
"10_1002_2688_8319_12194","any_readme","TRUE","FALSE","TRUE",FALSE,TRUE,TRUE,FALSE,FALSE
"10_1111_1365_2656_12877","code_archived","Yes","FALSE","TRUE",FALSE,TRUE,TRUE,FALSE,FALSE
"10_1111_2041_210x_13844","data_availability","Yes","FALSE","TRUE",FALSE,TRUE,TRUE,FALSE,FALSE
"10_1111_2041_210x_13844","code_archived","Yes","FALSE","TRUE",FALSE,TRUE,TRUE,FALSE,FALSE
"10_1111_2041_210x_13844","any_readme","TRUE","FALSE","TRUE",FALSE,TRUE,TRUE,FALSE,FALSE
"10_1111_1365_2664_14229","data_availability","Yes","FALSE","TRUE",FALSE,TRUE,TRUE,FALSE,FALSE
"10_1111_1365_2664_14229","any_readme","TRUE","FALSE","TRUE",FALSE,TRUE,TRUE,FALSE,FALSE
"10_1111_2041_210x_14080","data_availability","Yes","FALSE","FALSE",FALSE,FALSE,FALSE,TRUE,FALSE
"10_1111_2041_210x_14080","code_archived","Yes","FALSE","TRUE",FALSE,TRUE,TRUE,FALSE,FALSE
"10_1111_2041_210x_14080","any_readme","TRUE","FALSE","TRUE",FALSE,TRUE,TRUE,FALSE,FALSE
"10_1111_1365_2664_14317","data_archive","Zenodo","GitHub, GitLab, Codeberg or similar platform","GitHub, GitLab, Codeberg or similar platform;Other repo/database",FALSE,FALSE,FALSE,TRUE,FALSE
"10_1111_2041_210x_13870","data_archive","Zenodo","GitHub, GitLab, Codeberg or similar platform","GitHub, GitLab, Codeberg or similar platform;Zenodo",FALSE,TRUE,TRUE,FALSE,FALSE
"10_1111_1365_2656_13220","data_archive","Other repo/database","OSF","OSF",FALSE,FALSE,FALSE,TRUE,FALSE
"10_1111_2041_210x_14054","data_archive","Zenodo","GitHub, GitLab, Codeberg or similar platform","GitHub, GitLab, Codeberg or similar platform;Other repo/database",FALSE,FALSE,FALSE,TRUE,FALSE
"10_1111_1365_2656_14015","data_archive","Other repo/database","OSF","OSF",FALSE,FALSE,FALSE,TRUE,FALSE
"10_1111_2041_210x_13937","data_archive","Other repo/database","GitHub, GitLab, Codeberg or similar platform","GitHub, GitLab, Codeberg or similar platform;Other repo/database",FALSE,TRUE,TRUE,FALSE,FALSE
"10_1111_2041_210x_14367","data_archive","Zenodo","GitHub, GitLab, Codeberg or similar platform","GitHub, GitLab, Codeberg or similar platform;Other repo/database",FALSE,FALSE,FALSE,TRUE,FALSE
"10_1111_2041_210x_13429","data_archive","Other repo/database","GitHub, GitLab, Codeberg or similar platform;OSF","GitHub, GitLab, Codeberg or similar platform;OSF",FALSE,FALSE,FALSE,TRUE,FALSE
"10_1002_pan3_10388","data_archive","Other repo/database","OSF","OSF",FALSE,FALSE,FALSE,TRUE,FALSE
"10_1111_2041_210x_13931","data_archive","Dryad","GitHub, GitLab, Codeberg or similar platform","Dryad;GitHub, GitLab, Codeberg or similar platform;Other repo/database",FALSE,TRUE,TRUE,FALSE,FALSE
"10_1111_1365_2664_13806","data_archive","Dryad","GitHub, GitLab, Codeberg or similar platform","GitHub, GitLab, Codeberg or similar platform",FALSE,FALSE,FALSE,TRUE,FALSE
"10_1111_1365_2435_12836","data_archive","Figshare","Dryad","Dryad",FALSE,FALSE,FALSE,TRUE,FALSE
"10_1111_1365_2656_14201","data_archive","Zenodo","GitHub, GitLab, Codeberg or similar platform","GitHub, GitLab, Codeberg or similar platform;Other repo/database",FALSE,FALSE,FALSE,TRUE,FALSE
"10_1111_1365_2745_12759","data_archive","Dryad","GitHub, GitLab, Codeberg or similar platform","Dryad;GitHub, GitLab, Codeberg or similar platform",FALSE,TRUE,TRUE,FALSE,FALSE
"10_1111_2041_210x_13540","data_archive","Zenodo","GitHub, GitLab, Codeberg or similar platform","GitHub, GitLab, Codeberg or similar platform;Other repo/database",FALSE,FALSE,FALSE,TRUE,FALSE
"10_1111_2041_210x_13437","data_archive","Other repo/database","GitHub, GitLab, Codeberg or similar platform","GitHub, GitLab, Codeberg or similar platform;Other repo/database",FALSE,TRUE,TRUE,FALSE,FALSE
"10_1111_2041_210x_13721","data_archive","Figshare","GitHub, GitLab, Codeberg or similar platform","Figshare;GitHub, GitLab, Codeberg or similar platform;Other repo/database",FALSE,TRUE,TRUE,FALSE,FALSE
"10_1111_1365_2664_13352","data_archive","Zenodo","GitHub, GitLab, Codeberg or similar platform","GitHub, GitLab, Codeberg or similar platform;Other repo/database",FALSE,FALSE,FALSE,TRUE,FALSE
"10_1111_2041_210x_13318","data_archive","Other repo/database","GitHub, GitLab, Codeberg or similar platform","GitHub, GitLab, Codeberg or similar platform;Other repo/database",FALSE,TRUE,TRUE,FALSE,FALSE
"10_1111_1365_2656_13801","data_archive","Other repo/database","GitHub, GitLab, Codeberg or similar platform","GitHub, GitLab, Codeberg or similar platform;Other repo/database",FALSE,TRUE,TRUE,FALSE,FALSE
"10_1111_1365_2664_14074","data_archive","Other repo/database","GitHub, GitLab, Codeberg or similar platform","GitHub, GitLab, Codeberg or similar platform",FALSE,FALSE,FALSE,TRUE,FALSE
"10_1111_2041_210x_14073","data_archive","Other repo/database","GitHub, GitLab, Codeberg or similar platform","GitHub, GitLab, Codeberg or similar platform",FALSE,FALSE,FALSE,TRUE,FALSE
"10_1111_2041_210x_14172","data_archive","Other repo/database","GitHub, GitLab, Codeberg or similar platform","GitHub, GitLab, Codeberg or similar platform",FALSE,FALSE,FALSE,TRUE,FALSE
"10_1111_2041_210x_12989","data_archive","Zenodo","GitHub, GitLab, Codeberg or similar platform","GitHub, GitLab, Codeberg or similar platform;Other repo/database",FALSE,FALSE,FALSE,TRUE,FALSE
"10_1111_2041_210x_13384","data_archive","Zenodo","GitHub, GitLab, Codeberg or similar platform","GitHub, GitLab, Codeberg or similar platform;Other repo/database",FALSE,FALSE,FALSE,TRUE,FALSE
"10_1111_2041_210x_14164","data_archive","Zenodo","GitHub, GitLab, Codeberg or similar platform","GitHub, GitLab, Codeberg or similar platform;Zenodo",FALSE,TRUE,TRUE,FALSE,FALSE
"10_1111_2041_210x_13120","data_archive","Other repo/database","GitHub, GitLab, Codeberg or similar platform","GitHub, GitLab, Codeberg or similar platform;Other repo/database",FALSE,TRUE,TRUE,FALSE,FALSE
"10_1111_1365_2435_14508","data_archive","Other repo/database","GitHub, GitLab, Codeberg or similar platform","GitHub, GitLab, Codeberg or similar platform",FALSE,FALSE,FALSE,TRUE,FALSE
"10_1111_2041_210x_13845","data_archive","Supplementary materials;Zenodo","GitHub, GitLab, Codeberg or similar platform","GitHub, GitLab, Codeberg or similar platform;Other repo/database",FALSE,FALSE,FALSE,TRUE,FALSE
"10_1002_2688_8319_12402","data_archive","Other repo/database","OSF","OSF",FALSE,FALSE,FALSE,TRUE,FALSE
"10_1111_1365_2664_14117","data_archive","Other repo/database","OSF","OSF",FALSE,FALSE,FALSE,TRUE,FALSE
"10_1002_pan3_10500","data_archive","Other repo/database","OSF","OSF",FALSE,FALSE,FALSE,TRUE,FALSE
"10_1111_1365_2656_13463","data_archive","Zenodo","GitHub, GitLab, Codeberg or similar platform","GitHub, GitLab, Codeberg or similar platform;Other repo/database",FALSE,FALSE,FALSE,TRUE,FALSE
"10_1111_1365_2745_13676","data_archive","Zenodo","Dryad","Dryad",FALSE,FALSE,FALSE,TRUE,FALSE
"10_1111_2041_210x_14427","data_archive","Zenodo;Other repo/database","GitHub, GitLab, Codeberg or similar platform","GitHub, GitLab, Codeberg or similar platform;Other repo/database",FALSE,TRUE,TRUE,FALSE,FALSE
"10_1002_pan3_10500","data_archive","Dryad","OSF","OSF",FALSE,FALSE,FALSE,TRUE,FALSE
"10_1002_2688_8319_12229","data_archive","Other repo/database","OSF","OSF",FALSE,FALSE,FALSE,TRUE,FALSE
"10_1111_1365_2745_12804","data_archive","Figshare","GitHub, GitLab, Codeberg or similar platform","GitHub, GitLab, Codeberg or similar platform",FALSE,FALSE,FALSE,TRUE,FALSE
"10_1111_1365_2664_13795","data_archive","Other repo/database","GitHub, GitLab, Codeberg or similar platform","GitHub, GitLab, Codeberg or similar platform",FALSE,FALSE,FALSE,TRUE,FALSE
"10_1111_2041_210x_13514","data_archive","Zenodo","GitHub, GitLab, Codeberg or similar platform","GitHub, GitLab, Codeberg or similar platform;Other repo/database;Zenodo",FALSE,TRUE,TRUE,FALSE,FALSE
"10_1111_2041_210x_13608","data_archive","Other repo/database","GitHub, GitLab, Codeberg or similar platform","GitHub, GitLab, Codeberg or similar platform",FALSE,FALSE,FALSE,TRUE,FALSE
"10_1002_pan3_10551","data_archive","Other repo/database","GitHub, GitLab, Codeberg or similar platform;Zenodo","GitHub, GitLab, Codeberg or similar platform;Zenodo",FALSE,FALSE,FALSE,TRUE,FALSE
"10_1111_1365_2656_13120","data_archive","Other repo/database","OSF","OSF",FALSE,FALSE,FALSE,TRUE,FALSE
"10_1111_2041_210x_13170","data_archive","Zenodo","GitHub, GitLab, Codeberg or similar platform","GitHub, GitLab, Codeberg or similar platform",FALSE,FALSE,FALSE,TRUE,FALSE
"10_1111_1365_2656_14186","data_archive","Other repo/database","OSF","OSF",FALSE,FALSE,FALSE,TRUE,FALSE
"10_1111_1365_2664_13077","data_archive","Other repo/database","GitHub, GitLab, Codeberg or similar platform","GitHub, GitLab, Codeberg or similar platform",FALSE,FALSE,FALSE,TRUE,FALSE
"10_1002_pan3_10736","data_archive","Figshare","GitHub, GitLab, Codeberg or similar platform","GitHub, GitLab, Codeberg or similar platform;Other repo/database",FALSE,FALSE,FALSE,TRUE,FALSE
"10_1111_1365_2664_14478","data_archive","Other repo/database","OSF","OSF",FALSE,FALSE,FALSE,TRUE,FALSE
"10_1111_1365_2745_14021","data_archive","Other repo/database","OSF","OSF",FALSE,FALSE,FALSE,TRUE,FALSE
"10_1111_1365_2745_14280","data_archive","Zenodo","GitHub, GitLab, Codeberg or similar platform","GitHub, GitLab, Codeberg or similar platform;Other repo/database",FALSE,FALSE,FALSE,TRUE,FALSE
"10_1111_2041_210x_13324","data_archive","Dryad","GitHub, GitLab, Codeberg or similar platform","GitHub, GitLab, Codeberg or similar platform;Other repo/database",FALSE,FALSE,FALSE,TRUE,FALSE
"10_1111_1365_2656_13159","data_archive","Other repo/database","GitHub, GitLab, Codeberg or similar platform","GitHub, GitLab, Codeberg or similar platform",FALSE,FALSE,FALSE,TRUE,FALSE
"10_1111_1365_2664_14031","data_archive","Other repo/database","OSF","OSF",FALSE,FALSE,FALSE,TRUE,FALSE
"10_1111_2041_210x_14115","data_archive","Figshare;Supplementary materials","GitHub, GitLab, Codeberg or similar platform","GitHub, GitLab, Codeberg or similar platform",FALSE,FALSE,FALSE,TRUE,FALSE
"10_1111_1365_2656_13198","data_archive","Other repo/database","OSF","OSF",FALSE,FALSE,FALSE,TRUE,FALSE
"10_1111_2041_210x_13006","data_archive","Dryad","GitHub, GitLab, Codeberg or similar platform","GitHub, GitLab, Codeberg or similar platform;Other repo/database",FALSE,FALSE,FALSE,TRUE,FALSE
