ID,datetime,date,time,species,distance,angle,placeID,contact,Region.Label,Area,Sample.Label
,,,,,,,DEPP01,,DSCT.S1,192000000,DEPP01
,,,,,,,DEPP02,,DSCT.S1,192000000,DEPP02
,,,,,,,MAPP03,,DSCT.S1,192000000,MAPP03
,,,,,,,MAPP04,,DSCT.S1,192000000,MAPP04
,,,,,,,LAPP05,,DSCT.S1,192000000,LAPP05
,,,,,,,DEPP06,,DSCT.S1,192000000,DEPP06
,,,,,,,DEPP07,,DSCT.S1,192000000,DEPP07
,,,,,,,SHPP08,,DSCT.S1,192000000,SHPP08
,,,,,,,SHPP09,,DSCT.S1,192000000,SHPP09
,,,,,,,SHPP10,,DSCT.S1,192000000,SHPP10
,,,,,,,SHPP11,,DSCT.S1,192000000,SHPP11
,,,,,,,HAPP12,,DSCT.S1,192000000,HAPP12
,,,,,,,HAPP13,,DSCT.S1,192000000,HAPP13
,,,,,,,MOPP14,,DSCT.S1,192000000,MOPP14
,,,,,,,HAPP15,,DSCT.S1,192000000,HAPP15
,,,,,,,HAPP16,,DSCT.S1,192000000,HAPP16
,,,,,,,HAPP17,,DSCT.S1,192000000,HAPP17
,,,,,,,HAPP18,,DSCT.S1,192000000,HAPP18
,,,,,,,HAPP19,,DSCT.S1,192000000,HAPP19
,,,,,,,HAPP20,,DSCT.S1,192000000,HAPP20
,,,,,,,GIPP21,,DSCT.S1,192000000,GIPP21
,,,,,,,GIPP22,,DSCT.S1,192000000,GIPP22
,,,,,,,HAPP23,,DSCT.S1,192000000,HAPP23
,,,,,,,MOPP24,,DSCT.S1,192000000,MOPP24
,,,,,,,LAPP25,,DSCT.S1,192000000,LAPP25
4251,2019:07:09 03:11:19,09/07/2019,0.132859,Black Backed Jackal,6,0.2-0.4,HAPP20,No,DSCT.S1,192000000,HAPP20
4252,2019:07:09 03:11:18,09/07/2019,0.132847,Black Backed Jackal,5.5,0.2-0.4,HAPP20,No,DSCT.S1,192000000,HAPP20
4253,2019:07:09 03:11:18,09/07/2019,0.132847,Black Backed Jackal,5.5,0.4-0.6,HAPP20,No,DSCT.S1,192000000,HAPP20
4254,2019:07:09 03:11:18,09/07/2019,0.132847,Black Backed Jackal,5.5,0.4-0.6,HAPP20,No,DSCT.S1,192000000,HAPP20
4255,2019:07:09 03:11:17,09/07/2019,0.132836,Black Backed Jackal,5,0.4-0.6,HAPP20,No,DSCT.S1,192000000,HAPP20
4256,2019:07:09 03:11:17,09/07/2019,0.132836,Black Backed Jackal,5,0.4-0.6,HAPP20,Yes,DSCT.S1,192000000,HAPP20
4293,2019:07:08 23:16:03,08/07/2019,0.969479,African Civet,10,0.8-1,HAPP20,No,DSCT.S1,192000000,HAPP20
4294,2019:07:08 23:16:03,08/07/2019,0.969479,African Civet,9.5,0.8-1,HAPP20,No,DSCT.S1,192000000,HAPP20
4295,2019:07:08 23:16:03,08/07/2019,0.969479,African Civet,9.5,0.8-1,HAPP20,No,DSCT.S1,192000000,HAPP20
4296,2019:07:08 23:16:02,08/07/2019,0.969468,African Civet,9.5,0.8-1,HAPP20,No,DSCT.S1,192000000,HAPP20
4297,2019:07:08 23:16:02,08/07/2019,0.969468,African Civet,9,0.8-1,HAPP20,No,DSCT.S1,192000000,HAPP20
4298,2019:07:08 23:16:02,08/07/2019,0.969468,African Civet,8.5,0.6-0.8,HAPP20,No,DSCT.S1,192000000,HAPP20
4299,2019:07:08 23:15:54,08/07/2019,0.969375,African Civet,7,0.4-0.6,HAPP20,No,DSCT.S1,192000000,HAPP20
4300,2019:07:08 23:15:53,08/07/2019,0.969363,African Civet,7,0.4-0.6,HAPP20,No,DSCT.S1,192000000,HAPP20
4301,2019:07:08 23:15:53,08/07/2019,0.969363,African Civet,7,0.4-0.6,HAPP20,No,DSCT.S1,192000000,HAPP20
4302,2019:07:08 23:15:53,08/07/2019,0.969363,African Civet,7,0.6-0.8,HAPP20,No,DSCT.S1,192000000,HAPP20
4303,2019:07:08 23:15:53,08/07/2019,0.969363,African Civet,7,0.6-0.8,HAPP20,No,DSCT.S1,192000000,HAPP20
4304,2019:07:08 23:15:52,08/07/2019,0.969352,African Civet,7,0.6-0.8,HAPP20,No,DSCT.S1,192000000,HAPP20
4305,2019:07:08 23:10:03,08/07/2019,0.965313,African Civet,12,0.4-0.6,HAPP20,No,DSCT.S1,192000000,HAPP20
4306,2019:07:08 23:10:02,08/07/2019,0.965301,African Civet,11,0.4-0.6,HAPP20,No,DSCT.S1,192000000,HAPP20
4307,2019:07:08 23:10:02,08/07/2019,0.965301,African Civet,11,0.4-0.6,HAPP20,No,DSCT.S1,192000000,HAPP20
4308,2019:07:08 23:10:02,08/07/2019,0.965301,African Civet,11,0.6-0.8,HAPP20,No,DSCT.S1,192000000,HAPP20
4309,2019:07:08 23:10:02,08/07/2019,0.965301,African Civet,11,0.6-0.8,HAPP20,No,DSCT.S1,192000000,HAPP20
4310,2019:07:08 23:10:01,08/07/2019,0.965289,African Civet,11,0.6-0.8,HAPP20,Yes,DSCT.S1,192000000,HAPP20
4311,2019:07:08 22:37:52,08/07/2019,0.942963,Black Backed Jackal,13,0-0.2,HAPP20,No,DSCT.S1,192000000,HAPP20
4312,2019:07:08 22:37:52,08/07/2019,0.942963,Black Backed Jackal,12,0-0.2,HAPP20,No,DSCT.S1,192000000,HAPP20
4313,2019:07:08 22:37:52,08/07/2019,0.942963,Black Backed Jackal,11,0-0.2,HAPP20,No,DSCT.S1,192000000,HAPP20
4314,2019:07:08 22:37:51,08/07/2019,0.942951,Black Backed Jackal,11,0-0.2,HAPP20,No,DSCT.S1,192000000,HAPP20
4315,2019:07:08 22:37:51,08/07/2019,0.942951,Black Backed Jackal,11,0-0.2,HAPP20,No,DSCT.S1,192000000,HAPP20
4316,2019:07:08 22:37:51,08/07/2019,0.942951,Black Backed Jackal,11,0-0.2,HAPP20,No,DSCT.S1,192000000,HAPP20
4317,2019:07:08 22:37:05,08/07/2019,0.942419,Black Backed Jackal,9.5,0.4-0.6,HAPP20,No,DSCT.S1,192000000,HAPP20
4318,2019:07:08 22:37:05,08/07/2019,0.942419,Black Backed Jackal,9.5,0.4-0.6,HAPP20,No,DSCT.S1,192000000,HAPP20
4319,2019:07:08 22:37:04,08/07/2019,0.942407,Black Backed Jackal,9.5,0.4-0.6,HAPP20,No,DSCT.S1,192000000,HAPP20
4320,2019:07:08 22:37:04,08/07/2019,0.942407,Black Backed Jackal,9.5,0.2-0.4,HAPP20,No,DSCT.S1,192000000,HAPP20
4321,2019:07:08 22:37:04,08/07/2019,0.942407,Black Backed Jackal,10,0.2-0.4,HAPP20,No,DSCT.S1,192000000,HAPP20
4322,2019:07:08 22:37:04,08/07/2019,0.942407,Black Backed Jackal,10,0.2-0.4,HAPP20,Yes,DSCT.S1,192000000,HAPP20
4323,2019:07:08 22:27:16,08/07/2019,0.935602,African Civet,7,0-0.2,HAPP20,No,DSCT.S1,192000000,HAPP20
4324,2019:07:08 22:27:16,08/07/2019,0.935602,African Civet,7,0-0.2,HAPP20,No,DSCT.S1,192000000,HAPP20
4325,2019:07:08 22:27:15,08/07/2019,0.93559,African Civet,7,0-0.2,HAPP20,No,DSCT.S1,192000000,HAPP20
4326,2019:07:08 22:27:15,08/07/2019,0.93559,African Civet,7,0-0.2,HAPP20,No,DSCT.S1,192000000,HAPP20
4327,2019:07:08 22:27:15,08/07/2019,0.93559,African Civet,6.5,0-0.2,HAPP20,No,DSCT.S1,192000000,HAPP20
4328,2019:07:08 22:27:14,08/07/2019,0.935579,African Civet,6.5,0-0.2,HAPP20,Yes,DSCT.S1,192000000,HAPP20
4353,2019:07:08 18:39:58,08/07/2019,0.777755,Black Backed Jackal,14,0-0.2,HAPP20,No,DSCT.S1,192000000,HAPP20
4354,2019:07:08 18:39:58,08/07/2019,0.777755,Black Backed Jackal,13,0-0.2,HAPP20,No,DSCT.S1,192000000,HAPP20
4355,2019:07:08 18:39:58,08/07/2019,0.777755,Black Backed Jackal,12,0-0.2,HAPP20,No,DSCT.S1,192000000,HAPP20
4356,2019:07:08 18:39:57,08/07/2019,0.777743,Black Backed Jackal,12,0-0.2,HAPP20,No,DSCT.S1,192000000,HAPP20
4357,2019:07:08 18:39:57,08/07/2019,0.777743,Black Backed Jackal,11,0-0.2,HAPP20,No,DSCT.S1,192000000,HAPP20
4358,2019:07:08 18:39:57,08/07/2019,0.777743,Black Backed Jackal,11,0-0.2,HAPP20,No,DSCT.S1,192000000,HAPP20
4359,2019:07:08 18:39:40,08/07/2019,0.777546,Black Backed Jackal,13,0-0.2,HAPP20,No,DSCT.S1,192000000,HAPP20
4360,2019:07:08 18:39:39,08/07/2019,0.777535,Black Backed Jackal,12,0-0.2,HAPP20,No,DSCT.S1,192000000,HAPP20
4361,2019:07:08 18:39:39,08/07/2019,0.777535,Black Backed Jackal,12,0-0.2,HAPP20,No,DSCT.S1,192000000,HAPP20
4362,2019:07:08 18:39:39,08/07/2019,0.777535,Black Backed Jackal,12,0-0.2,HAPP20,No,DSCT.S1,192000000,HAPP20
4363,2019:07:08 18:39:39,08/07/2019,0.777535,Black Backed Jackal,11,0-0.2,HAPP20,No,DSCT.S1,192000000,HAPP20
4364,2019:07:08 18:39:38,08/07/2019,0.777523,Black Backed Jackal,11,0-0.2,HAPP20,Yes,DSCT.S1,192000000,HAPP20
6935,2019:07:22 05:53:44,22/07/2019,0.245648,Black Backed Jackal,9,0.4-0.6,HAPP17,No,DSCT.S1,192000000,HAPP17
6936,2019:07:22 05:53:44,22/07/2019,0.245648,Black Backed Jackal,8.5,0.2-0.4,HAPP17,No,DSCT.S1,192000000,HAPP17
6937,2019:07:22 05:53:44,22/07/2019,0.245648,Black Backed Jackal,9,0-0.2,HAPP17,No,DSCT.S1,192000000,HAPP17
6938,2019:07:22 05:53:44,22/07/2019,0.245648,Black Backed Jackal,9.5,0-0.2,HAPP17,No,DSCT.S1,192000000,HAPP17
6939,2019:07:22 05:53:43,22/07/2019,0.245637,Black Backed Jackal,10,0.2-0.4,HAPP17,No,DSCT.S1,192000000,HAPP17
6940,2019:07:22 05:53:43,22/07/2019,0.245637,Black Backed Jackal,11,0.4-0.6,HAPP17,Yes,DSCT.S1,192000000,HAPP17
6953,2019:07:21 04:28:54,21/07/2019,0.186736,Black Backed Jackal,9.5,0-0.2,HAPP17,No,DSCT.S1,192000000,HAPP17
6954,2019:07:21 04:28:54,21/07/2019,0.186736,Black Backed Jackal,9.5,0-0.2,HAPP17,No,DSCT.S1,192000000,HAPP17
6955,2019:07:21 04:28:54,21/07/2019,0.186736,Black Backed Jackal,10,0-0.2,HAPP17,No,DSCT.S1,192000000,HAPP17
6956,2019:07:21 04:28:53,21/07/2019,0.186725,Black Backed Jackal,10,0.2-0.4,HAPP17,No,DSCT.S1,192000000,HAPP17
6957,2019:07:21 04:28:53,21/07/2019,0.186725,Black Backed Jackal,11,0.4-0.6,HAPP17,No,DSCT.S1,192000000,HAPP17
6958,2019:07:21 04:28:53,21/07/2019,0.186725,Black Backed Jackal,11,0.4-0.6,HAPP17,No,DSCT.S1,192000000,HAPP17
6959,2019:07:21 04:23:38,21/07/2019,0.183079,Black Backed Jackal,11,0.4-0.6,HAPP17,No,DSCT.S1,192000000,HAPP17
6960,2019:07:21 04:23:37,21/07/2019,0.183067,Black Backed Jackal,11,0.4-0.6,HAPP17,No,DSCT.S1,192000000,HAPP17
6961,2019:07:21 04:23:37,21/07/2019,0.183067,Black Backed Jackal,12,0.4-0.6,HAPP17,No,DSCT.S1,192000000,HAPP17
6962,2019:07:21 04:23:37,21/07/2019,0.183067,Black Backed Jackal,12,0.4-0.6,HAPP17,No,DSCT.S1,192000000,HAPP17
6963,2019:07:21 04:23:36,21/07/2019,0.183056,Black Backed Jackal,12,0.2-0.4,HAPP17,No,DSCT.S1,192000000,HAPP17
6964,2019:07:21 04:23:36,21/07/2019,0.183056,Black Backed Jackal,12,0.2-0.4,HAPP17,No,DSCT.S1,192000000,HAPP17
6965,2019:07:21 04:21:21,21/07/2019,0.181493,Black Backed Jackal,13,0.8-1,HAPP17,No,DSCT.S1,192000000,HAPP17
6966,2019:07:21 04:21:20,21/07/2019,0.181481,Black Backed Jackal,14,0.8-1,HAPP17,No,DSCT.S1,192000000,HAPP17
6967,2019:07:21 04:21:20,21/07/2019,0.181481,Black Backed Jackal,15,0.8-1,HAPP17,No,DSCT.S1,192000000,HAPP17
6968,2019:07:21 04:21:20,21/07/2019,0.181481,Black Backed Jackal,15,0.8-1,HAPP17,No,DSCT.S1,192000000,HAPP17
6969,2019:07:21 04:21:03,21/07/2019,0.181285,Black Backed Jackal,17,0.8-1,HAPP17,No,DSCT.S1,192000000,HAPP17
6970,2019:07:21 04:21:02,21/07/2019,0.181273,Black Backed Jackal,16,0.8-1,HAPP17,No,DSCT.S1,192000000,HAPP17
6971,2019:07:21 04:21:02,21/07/2019,0.181273,Black Backed Jackal,15,0.8-1,HAPP17,No,DSCT.S1,192000000,HAPP17
6972,2019:07:21 04:21:02,21/07/2019,0.181273,Black Backed Jackal,14,0.6-0.8,HAPP17,No,DSCT.S1,192000000,HAPP17
6973,2019:07:21 04:21:02,21/07/2019,0.181273,Black Backed Jackal,14,0.6-0.8,HAPP17,No,DSCT.S1,192000000,HAPP17
6974,2019:07:21 04:21:01,21/07/2019,0.181262,Black Backed Jackal,13,0.6-0.8,HAPP17,No,DSCT.S1,192000000,HAPP17
6975,2019:07:21 04:20:45,21/07/2019,0.181076,Black Backed Jackal,11,0.4-0.6,HAPP17,No,DSCT.S1,192000000,HAPP17
6976,2019:07:21 04:20:45,21/07/2019,0.181076,Black Backed Jackal,11,0.4-0.6,HAPP17,No,DSCT.S1,192000000,HAPP17
6977,2019:07:21 04:20:44,21/07/2019,0.181065,Black Backed Jackal,11,0.4-0.6,HAPP17,No,DSCT.S1,192000000,HAPP17
6978,2019:07:21 04:20:44,21/07/2019,0.181065,Black Backed Jackal,11,0.4-0.6,HAPP17,No,DSCT.S1,192000000,HAPP17
6979,2019:07:21 04:20:44,21/07/2019,0.181065,Black Backed Jackal,11,0.4-0.6,HAPP17,No,DSCT.S1,192000000,HAPP17
6980,2019:07:21 04:20:44,21/07/2019,0.181065,Black Backed Jackal,12,0.6-0.8,HAPP17,No,DSCT.S1,192000000,HAPP17
6981,2019:07:21 04:16:25,21/07/2019,0.178067,Black Backed Jackal,9,0.4-0.6,HAPP17,No,DSCT.S1,192000000,HAPP17
6982,2019:07:21 04:16:25,21/07/2019,0.178067,Black Backed Jackal,9.5,0.4-0.6,HAPP17,No,DSCT.S1,192000000,HAPP17
6983,2019:07:21 04:16:25,21/07/2019,0.178067,Black Backed Jackal,9.5,0.4-0.6,HAPP17,No,DSCT.S1,192000000,HAPP17
6984,2019:07:21 04:16:25,21/07/2019,0.178067,Black Backed Jackal,10,0.4-0.6,HAPP17,No,DSCT.S1,192000000,HAPP17
6985,2019:07:21 04:16:24,21/07/2019,0.178056,Black Backed Jackal,10,0.4-0.6,HAPP17,No,DSCT.S1,192000000,HAPP17
6986,2019:07:21 04:16:24,21/07/2019,0.178056,Black Backed Jackal,11,0.4-0.6,HAPP17,No,DSCT.S1,192000000,HAPP17
6987,2019:07:21 04:13:25,21/07/2019,0.175984,Black Backed Jackal,9,0.4-0.6,HAPP17,No,DSCT.S1,192000000,HAPP17
6988,2019:07:21 04:13:25,21/07/2019,0.175984,Black Backed Jackal,9,0.4-0.6,HAPP17,No,DSCT.S1,192000000,HAPP17
6989,2019:07:21 04:13:24,21/07/2019,0.175972,Black Backed Jackal,9,0.4-0.6,HAPP17,No,DSCT.S1,192000000,HAPP17
6990,2019:07:21 04:13:24,21/07/2019,0.175972,Black Backed Jackal,9,0.2-0.4,HAPP17,No,DSCT.S1,192000000,HAPP17
6991,2019:07:21 04:13:24,21/07/2019,0.175972,Black Backed Jackal,9,0.2-0.4,HAPP17,No,DSCT.S1,192000000,HAPP17
6992,2019:07:21 04:13:24,21/07/2019,0.175972,Black Backed Jackal,9,0.2-0.4,HAPP17,No,DSCT.S1,192000000,HAPP17
6993,2019:07:21 04:12:55,21/07/2019,0.175637,Black Backed Jackal,9,0.4-0.6,HAPP17,No,DSCT.S1,192000000,HAPP17
6994,2019:07:21 04:12:55,21/07/2019,0.175637,Black Backed Jackal,9,0.4-0.6,HAPP17,No,DSCT.S1,192000000,HAPP17
6995,2019:07:21 04:12:55,21/07/2019,0.175637,Black Backed Jackal,9,0.4-0.6,HAPP17,No,DSCT.S1,192000000,HAPP17
6996,2019:07:21 04:12:54,21/07/2019,0.175625,Black Backed Jackal,9,0.4-0.6,HAPP17,No,DSCT.S1,192000000,HAPP17
6997,2019:07:21 04:12:54,21/07/2019,0.175625,Black Backed Jackal,9,0.4-0.6,HAPP17,No,DSCT.S1,192000000,HAPP17
6998,2019:07:21 04:12:54,21/07/2019,0.175625,Black Backed Jackal,9,0.6-0.8,HAPP17,No,DSCT.S1,192000000,HAPP17
6999,2019:07:21 04:12:06,21/07/2019,0.175069,Black Backed Jackal,9,0.4-0.6,HAPP17,No,DSCT.S1,192000000,HAPP17
7000,2019:07:21 04:12:06,21/07/2019,0.175069,Black Backed Jackal,9,0.4-0.6,HAPP17,No,DSCT.S1,192000000,HAPP17
7001,2019:07:21 04:12:05,21/07/2019,0.175058,Black Backed Jackal,9,0.2-0.4,HAPP17,No,DSCT.S1,192000000,HAPP17
7002,2019:07:21 04:12:05,21/07/2019,0.175058,Black Backed Jackal,9.5,0.2-0.4,HAPP17,No,DSCT.S1,192000000,HAPP17
7003,2019:07:21 04:12:05,21/07/2019,0.175058,Black Backed Jackal,9.5,0-0.2,HAPP17,No,DSCT.S1,192000000,HAPP17
7004,2019:07:21 04:12:04,21/07/2019,0.175046,Black Backed Jackal,9.5,0-0.2,HAPP17,No,DSCT.S1,192000000,HAPP17
7005,2019:07:21 04:11:47,21/07/2019,0.17485,Black Backed Jackal,9,0-0.2,HAPP17,No,DSCT.S1,192000000,HAPP17
7006,2019:07:21 04:11:47,21/07/2019,0.17485,Black Backed Jackal,9,0.2-0.4,HAPP17,No,DSCT.S1,192000000,HAPP17
7007,2019:07:21 04:11:46,21/07/2019,0.174838,Black Backed Jackal,9,0.2-0.4,HAPP17,No,DSCT.S1,192000000,HAPP17
7008,2019:07:21 04:11:46,21/07/2019,0.174838,Black Backed Jackal,9,0.4-0.6,HAPP17,No,DSCT.S1,192000000,HAPP17
7009,2019:07:21 04:11:46,21/07/2019,0.174838,Black Backed Jackal,9,0.4-0.6,HAPP17,No,DSCT.S1,192000000,HAPP17
7010,2019:07:21 04:11:46,21/07/2019,0.174838,Black Backed Jackal,9,0.4-0.6,HAPP17,No,DSCT.S1,192000000,HAPP17
7011,2019:07:21 04:06:42,21/07/2019,0.171319,Black Backed Jackal,9,0.4-0.6,HAPP17,No,DSCT.S1,192000000,HAPP17
7012,2019:07:21 04:06:42,21/07/2019,0.171319,Black Backed Jackal,9,0.4-0.6,HAPP17,No,DSCT.S1,192000000,HAPP17
7013,2019:07:21 04:06:42,21/07/2019,0.171319,Black Backed Jackal,9.5,0.2-0.4,HAPP17,No,DSCT.S1,192000000,HAPP17
7014,2019:07:21 04:06:42,21/07/2019,0.171319,Black Backed Jackal,9.5,0-0.2,HAPP17,No,DSCT.S1,192000000,HAPP17
7015,2019:07:21 04:06:41,21/07/2019,0.171308,Black Backed Jackal,10,0-0.2,HAPP17,No,DSCT.S1,192000000,HAPP17
7016,2019:07:21 04:06:41,21/07/2019,0.171308,Black Backed Jackal,11,0.4-0.6,HAPP17,Yes,DSCT.S1,192000000,HAPP17
7029,2019:07:20 07:03:10,20/07/2019,0.293866,Black Backed Jackal,3,0.2-0.4,HAPP17,No,DSCT.S1,192000000,HAPP17
7030,2019:07:20 07:03:10,20/07/2019,0.293866,Black Backed Jackal,4,0.8-1,HAPP17,Yes,DSCT.S1,192000000,HAPP17
7091,2019:07:19 04:37:57,19/07/2019,0.193021,Black Backed Jackal,13,0.8-1,HAPP17,No,DSCT.S1,192000000,HAPP17
7092,2019:07:19 04:37:57,19/07/2019,0.193021,Black Backed Jackal,12,0.8-1,HAPP17,No,DSCT.S1,192000000,HAPP17
7093,2019:07:19 04:37:57,19/07/2019,0.193021,Black Backed Jackal,12,0.6-0.8,HAPP17,No,DSCT.S1,192000000,HAPP17
7094,2019:07:19 04:37:56,19/07/2019,0.193009,Black Backed Jackal,11,0.4-0.6,HAPP17,No,DSCT.S1,192000000,HAPP17
7095,2019:07:19 04:37:56,19/07/2019,0.193009,Black Backed Jackal,11,0.4-0.6,HAPP17,No,DSCT.S1,192000000,HAPP17
7096,2019:07:19 04:37:56,19/07/2019,0.193009,Black Backed Jackal,10,0.2-0.4,HAPP17,No,DSCT.S1,192000000,HAPP17
7097,2019:07:19 04:37:48,19/07/2019,0.192917,Black Backed Jackal,10,0.2-0.4,HAPP17,No,DSCT.S1,192000000,HAPP17
7098,2019:07:19 04:37:47,19/07/2019,0.192905,Black Backed Jackal,9.5,0-0.2,HAPP17,No,DSCT.S1,192000000,HAPP17
7099,2019:07:19 04:37:47,19/07/2019,0.192905,Black Backed Jackal,9.5,0-0.2,HAPP17,No,DSCT.S1,192000000,HAPP17
7100,2019:07:19 04:37:47,19/07/2019,0.192905,Black Backed Jackal,9.5,0.2-0.4,HAPP17,No,DSCT.S1,192000000,HAPP17
7101,2019:07:19 04:37:47,19/07/2019,0.192905,Black Backed Jackal,9,0.2-0.4,HAPP17,No,DSCT.S1,192000000,HAPP17
7102,2019:07:19 04:37:46,19/07/2019,0.192894,Black Backed Jackal,9,0.4-0.6,HAPP17,Yes,DSCT.S1,192000000,HAPP17
7103,2019:07:18 22:08:52,18/07/2019,0.922824,Black Backed Jackal,8.5,0.4-0.6,HAPP17,No,DSCT.S1,192000000,HAPP17
7104,2019:07:18 22:08:52,18/07/2019,0.922824,Black Backed Jackal,8.5,0.2-0.4,HAPP17,No,DSCT.S1,192000000,HAPP17
7105,2019:07:18 22:08:52,18/07/2019,0.922824,Black Backed Jackal,8.5,0-0.2,HAPP17,No,DSCT.S1,192000000,HAPP17
7106,2019:07:18 22:08:51,18/07/2019,0.922813,Black Backed Jackal,8.5,0-0.2,HAPP17,No,DSCT.S1,192000000,HAPP17
7107,2019:07:18 22:08:51,18/07/2019,0.922813,Black Backed Jackal,9,0.2-0.4,HAPP17,No,DSCT.S1,192000000,HAPP17
7108,2019:07:18 22:08:51,18/07/2019,0.922813,Black Backed Jackal,9.5,0.4-0.6,HAPP17,No,DSCT.S1,192000000,HAPP17
7109,2019:07:18 22:08:08,18/07/2019,0.922315,Black Backed Jackal,10,0.2-0.4,HAPP17,No,DSCT.S1,192000000,HAPP17
7110,2019:07:18 22:08:08,18/07/2019,0.922315,Black Backed Jackal,10,0-0.2,HAPP17,No,DSCT.S1,192000000,HAPP17
7111,2019:07:18 22:08:07,18/07/2019,0.922303,Black Backed Jackal,9.5,0-0.2,HAPP17,No,DSCT.S1,192000000,HAPP17
7112,2019:07:18 22:08:07,18/07/2019,0.922303,Black Backed Jackal,9.5,0-0.2,HAPP17,No,DSCT.S1,192000000,HAPP17
7113,2019:07:18 22:08:07,18/07/2019,0.922303,Black Backed Jackal,9,0.2-0.4,HAPP17,No,DSCT.S1,192000000,HAPP17
7114,2019:07:18 22:08:06,18/07/2019,0.922292,Black Backed Jackal,9,0.4-0.6,HAPP17,Yes,DSCT.S1,192000000,HAPP17
7115,2019:07:18 19:57:02,18/07/2019,0.831273,Black Backed Jackal,9.5,0-0.2,HAPP17,No,DSCT.S1,192000000,HAPP17
7116,2019:07:18 19:57:02,18/07/2019,0.831273,Black Backed Jackal,9.5,0-0.2,HAPP17,No,DSCT.S1,192000000,HAPP17
7117,2019:07:18 19:57:02,18/07/2019,0.831273,Black Backed Jackal,9.5,0-0.2,HAPP17,No,DSCT.S1,192000000,HAPP17
7118,2019:07:18 19:57:02,18/07/2019,0.831273,Black Backed Jackal,10,0.2-0.4,HAPP17,No,DSCT.S1,192000000,HAPP17
7119,2019:07:18 19:57:01,18/07/2019,0.831262,Black Backed Jackal,10,0.2-0.4,HAPP17,No,DSCT.S1,192000000,HAPP17
7120,2019:07:18 19:57:01,18/07/2019,0.831262,Black Backed Jackal,11,0.4-0.6,HAPP17,No,DSCT.S1,192000000,HAPP17
7121,2019:07:18 19:56:52,18/07/2019,0.831157,Black Backed Jackal,9.5,0-0.2,HAPP17,No,DSCT.S1,192000000,HAPP17
7122,2019:07:18 19:56:52,18/07/2019,0.831157,Black Backed Jackal,9.5,0-0.2,HAPP17,No,DSCT.S1,192000000,HAPP17
7123,2019:07:18 19:56:52,18/07/2019,0.831157,Black Backed Jackal,10,0-0.2,HAPP17,No,DSCT.S1,192000000,HAPP17
7124,2019:07:18 19:56:51,18/07/2019,0.831146,Black Backed Jackal,10,0.2-0.4,HAPP17,No,DSCT.S1,192000000,HAPP17
7125,2019:07:18 19:56:51,18/07/2019,0.831146,Black Backed Jackal,10,0.2-0.4,HAPP17,No,DSCT.S1,192000000,HAPP17
7126,2019:07:18 19:56:51,18/07/2019,0.831146,Black Backed Jackal,11,0.4-0.6,HAPP17,Yes,DSCT.S1,192000000,HAPP17
7158,2019:07:18 06:43:33,18/07/2019,0.280243,Black Backed Jackal,2,0-0.2,HAPP17,No,DSCT.S1,192000000,HAPP17
7159,2019:07:18 06:43:33,18/07/2019,0.280243,Black Backed Jackal,3,0-0.2,HAPP17,No,DSCT.S1,192000000,HAPP17
7160,2019:07:18 06:43:33,18/07/2019,0.280243,Black Backed Jackal,3.5,0-0.2,HAPP17,No,DSCT.S1,192000000,HAPP17
7161,2019:07:18 06:43:33,18/07/2019,0.280243,Black Backed Jackal,3.5,0.2-0.4,HAPP17,No,DSCT.S1,192000000,HAPP17
7162,2019:07:18 06:43:32,18/07/2019,0.280231,Black Backed Jackal,4,0.2-0.4,HAPP17,No,DSCT.S1,192000000,HAPP17
7163,2019:07:18 06:43:32,18/07/2019,0.280231,Black Backed Jackal,4.5,0.2-0.4,HAPP17,No,DSCT.S1,192000000,HAPP17
7164,2019:07:18 06:43:23,18/07/2019,0.280127,Black Backed Jackal,12,0.2-0.4,HAPP17,No,DSCT.S1,192000000,HAPP17
7165,2019:07:18 06:43:23,18/07/2019,0.280127,Black Backed Jackal,12,0.2-0.4,HAPP17,No,DSCT.S1,192000000,HAPP17
7166,2019:07:18 06:43:23,18/07/2019,0.280127,Black Backed Jackal,12,0.2-0.4,HAPP17,Yes,DSCT.S1,192000000,HAPP17
7167,2019:07:18 06:43:23,18/07/2019,0.280127,Black Backed Jackal,11,0.4-0.6,HAPP17,No,DSCT.S1,192000000,HAPP17
7168,2019:07:18 06:43:22,18/07/2019,0.280116,Black Backed Jackal,10,0.4-0.6,HAPP17,No,DSCT.S1,192000000,HAPP17
7169,2019:07:18 06:43:22,18/07/2019,0.280116,Black Backed Jackal,10,0.6-0.8,HAPP17,Yes,DSCT.S1,192000000,HAPP17
7182,2019:07:17 20:50:42,17/07/2019,0.868542,Black Backed Jackal,9,0.8-1,HAPP17,No,DSCT.S1,192000000,HAPP17
7183,2019:07:17 20:50:34,17/07/2019,0.868449,Black Backed Jackal,9.5,0-0.2,HAPP17,No,DSCT.S1,192000000,HAPP17
7184,2019:07:17 20:50:34,17/07/2019,0.868449,Black Backed Jackal,9.5,0-0.2,HAPP17,No,DSCT.S1,192000000,HAPP17
7185,2019:07:17 20:50:34,17/07/2019,0.868449,Black Backed Jackal,10,0-0.2,HAPP17,No,DSCT.S1,192000000,HAPP17
7186,2019:07:17 20:50:33,17/07/2019,0.868438,Black Backed Jackal,10,0.2-0.4,HAPP17,No,DSCT.S1,192000000,HAPP17
7187,2019:07:17 20:50:33,17/07/2019,0.868438,Black Backed Jackal,10,0.4-0.6,HAPP17,No,DSCT.S1,192000000,HAPP17
7188,2019:07:17 20:50:33,17/07/2019,0.868438,Black Backed Jackal,11,0.4-0.6,HAPP17,Yes,DSCT.S1,192000000,HAPP17
7333,2019:07:15 17:59:04,15/07/2019,0.749352,Black Backed Jackal,8,0.4-0.6,HAPP17,No,DSCT.S1,192000000,HAPP17
7334,2019:07:15 17:59:03,15/07/2019,0.74934,Black Backed Jackal,8,0.2-0.4,HAPP17,No,DSCT.S1,192000000,HAPP17
7335,2019:07:15 17:59:03,15/07/2019,0.74934,Black Backed Jackal,8,0-0.2,HAPP17,No,DSCT.S1,192000000,HAPP17
7336,2019:07:15 17:59:03,15/07/2019,0.74934,Black Backed Jackal,8,0-0.2,HAPP17,No,DSCT.S1,192000000,HAPP17
7337,2019:07:15 17:59:03,15/07/2019,0.74934,Black Backed Jackal,9,0.2-0.4,HAPP17,No,DSCT.S1,192000000,HAPP17
7338,2019:07:15 17:59:02,15/07/2019,0.749329,Black Backed Jackal,9.5,0.4-0.6,HAPP17,No,DSCT.S1,192000000,HAPP17
7339,2019:07:15 17:41:20,15/07/2019,0.737037,Black Backed Jackal,16,0-0.2,HAPP17,No,DSCT.S1,192000000,HAPP17
7340,2019:07:15 17:41:20,15/07/2019,0.737037,Black Backed Jackal,15,0-0.2,HAPP17,No,DSCT.S1,192000000,HAPP17
7341,2019:07:15 17:41:19,15/07/2019,0.737025,Black Backed Jackal,14,0-0.2,HAPP17,No,DSCT.S1,192000000,HAPP17
7342,2019:07:15 17:41:19,15/07/2019,0.737025,Black Backed Jackal,13,0-0.2,HAPP17,No,DSCT.S1,192000000,HAPP17
7343,2019:07:15 17:41:18,15/07/2019,0.737014,Black Backed Jackal,13,0.2-0.4,HAPP17,No,DSCT.S1,192000000,HAPP17
7344,2019:07:15 17:41:18,15/07/2019,0.737014,Black Backed Jackal,12,0.2-0.4,HAPP17,Yes,DSCT.S1,192000000,HAPP17
7363,2019:07:15 07:03:47,15/07/2019,0.294294,Black Backed Jackal,10,0.8-1,HAPP17,No,DSCT.S1,192000000,HAPP17
7364,2019:07:15 07:03:47,15/07/2019,0.294294,Black Backed Jackal,10,0.6-0.8,HAPP17,No,DSCT.S1,192000000,HAPP17
7365,2019:07:15 07:03:47,15/07/2019,0.294294,Black Backed Jackal,10,0.6-0.8,HAPP17,No,DSCT.S1,192000000,HAPP17
7366,2019:07:15 07:03:46,15/07/2019,0.294282,Black Backed Jackal,11,0.4-0.6,HAPP17,No,DSCT.S1,192000000,HAPP17
7367,2019:07:15 07:03:46,15/07/2019,0.294282,Black Backed Jackal,11,0.4-0.6,HAPP17,No,DSCT.S1,192000000,HAPP17
7368,2019:07:15 07:03:46,15/07/2019,0.294282,Black Backed Jackal,11,0.4-0.6,HAPP17,Yes,DSCT.S1,192000000,HAPP17
7369,2019:07:15 07:03:12,15/07/2019,0.293889,Black Backed Jackal,13,0.2-0.4,HAPP17,No,DSCT.S1,192000000,HAPP17
7370,2019:07:15 07:03:11,15/07/2019,0.293877,Black Backed Jackal,13,0.2-0.4,HAPP17,No,DSCT.S1,192000000,HAPP17
7371,2019:07:15 07:03:11,15/07/2019,0.293877,Black Backed Jackal,12,0.2-0.4,HAPP17,No,DSCT.S1,192000000,HAPP17
7372,2019:07:15 07:03:11,15/07/2019,0.293877,Black Backed Jackal,12,0.4-0.6,HAPP17,No,DSCT.S1,192000000,HAPP17
7373,2019:07:15 07:03:11,15/07/2019,0.293877,Black Backed Jackal,12,0.4-0.6,HAPP17,No,DSCT.S1,192000000,HAPP17
7374,2019:07:15 07:03:10,15/07/2019,0.293866,Black Backed Jackal,11,0.4-0.6,HAPP17,No,DSCT.S1,192000000,HAPP17
7375,2019:07:15 07:02:42,15/07/2019,0.293542,Black Backed Jackal,12,0.2-0.4,HAPP17,No,DSCT.S1,192000000,HAPP17
7376,2019:07:15 07:02:42,15/07/2019,0.293542,Black Backed Jackal,12,0.2-0.4,HAPP17,No,DSCT.S1,192000000,HAPP17
7377,2019:07:15 07:02:42,15/07/2019,0.293542,Black Backed Jackal,12,0.2-0.4,HAPP17,No,DSCT.S1,192000000,HAPP17
7378,2019:07:15 07:02:41,15/07/2019,0.29353,Black Backed Jackal,12,0.4-0.6,HAPP17,No,DSCT.S1,192000000,HAPP17
7379,2019:07:15 07:02:41,15/07/2019,0.29353,Black Backed Jackal,11,0.4-0.6,HAPP17,No,DSCT.S1,192000000,HAPP17
7380,2019:07:15 07:02:41,15/07/2019,0.29353,Black Backed Jackal,11,0.4-0.6,HAPP17,Yes,DSCT.S1,192000000,HAPP17
7381,2019:07:15 00:55:40,15/07/2019,0.038657,Black Backed Jackal,9,0-0.2,HAPP17,No,DSCT.S1,192000000,HAPP17
7382,2019:07:15 00:55:40,15/07/2019,0.038657,Black Backed Jackal,9,0-0.2,HAPP17,No,DSCT.S1,192000000,HAPP17
7383,2019:07:15 00:55:40,15/07/2019,0.038657,Black Backed Jackal,9,0-0.2,HAPP17,No,DSCT.S1,192000000,HAPP17
7384,2019:07:15 00:55:40,15/07/2019,0.038657,Black Backed Jackal,10,0.2-0.4,HAPP17,No,DSCT.S1,192000000,HAPP17
7385,2019:07:15 00:55:39,15/07/2019,0.038646,Black Backed Jackal,10,0.4-0.6,HAPP17,No,DSCT.S1,192000000,HAPP17
7386,2019:07:15 00:55:39,15/07/2019,0.038646,Black Backed Jackal,11,0.4-0.6,HAPP17,Yes,DSCT.S1,192000000,HAPP17
7417,2019:07:13 21:48:42,13/07/2019,0.908819,Brown Hyena,9,0.4-0.6,HAPP17,No,DSCT.S1,192000000,HAPP17
7418,2019:07:13 21:48:42,13/07/2019,0.908819,Brown Hyena,9,0.2-0.4,HAPP17,No,DSCT.S1,192000000,HAPP17
7419,2019:07:13 21:48:42,13/07/2019,0.908819,Brown Hyena,9.5,0-0.2,HAPP17,No,DSCT.S1,192000000,HAPP17
7420,2019:07:13 21:48:42,13/07/2019,0.908819,Brown Hyena,9.5,0-0.2,HAPP17,No,DSCT.S1,192000000,HAPP17
7421,2019:07:13 21:48:41,13/07/2019,0.908808,Brown Hyena,10,0.2-0.4,HAPP17,No,DSCT.S1,192000000,HAPP17
7422,2019:07:13 21:48:41,13/07/2019,0.908808,Brown Hyena,11,0.4-0.6,HAPP17,Yes,DSCT.S1,192000000,HAPP17
7435,2019:07:12 19:13:34,12/07/2019,0.801088,Black Backed Jackal,10,0-0.2,HAPP17,No,DSCT.S1,192000000,HAPP17
7436,2019:07:12 19:13:34,12/07/2019,0.801088,Black Backed Jackal,10,0-0.2,HAPP17,No,DSCT.S1,192000000,HAPP17
7437,2019:07:12 19:13:34,12/07/2019,0.801088,Black Backed Jackal,10,0.2-0.4,HAPP17,No,DSCT.S1,192000000,HAPP17
7438,2019:07:12 19:13:33,12/07/2019,0.801076,Black Backed Jackal,11,0.2-0.4,HAPP17,No,DSCT.S1,192000000,HAPP17
7439,2019:07:12 19:13:33,12/07/2019,0.801076,Black Backed Jackal,11,0.4-0.6,HAPP17,No,DSCT.S1,192000000,HAPP17
7440,2019:07:12 19:13:33,12/07/2019,0.801076,Black Backed Jackal,12,0.4-0.6,HAPP17,Yes,DSCT.S1,192000000,HAPP17
7466,2019:07:12 06:25:01,12/07/2019,0.267373,Black Backed Jackal,12,0.8-1,HAPP17,No,DSCT.S1,192000000,HAPP17
7467,2019:07:12 06:25:00,12/07/2019,0.267361,Black Backed Jackal,11,0.6-0.8,HAPP17,No,DSCT.S1,192000000,HAPP17
7468,2019:07:12 06:25:00,12/07/2019,0.267361,Black Backed Jackal,10,0.2-0.4,HAPP17,No,DSCT.S1,192000000,HAPP17
7469,2019:07:12 06:25:00,12/07/2019,0.267361,Black Backed Jackal,10,0-0.2,HAPP17,No,DSCT.S1,192000000,HAPP17
7470,2019:07:12 06:24:59,12/07/2019,0.26735,Black Backed Jackal,9,0-0.2,HAPP17,No,DSCT.S1,192000000,HAPP17
7471,2019:07:12 06:24:59,12/07/2019,0.26735,Black Backed Jackal,9,0.2-0.4,HAPP17,Yes,DSCT.S1,192000000,HAPP17
7472,2019:07:12 02:25:22,12/07/2019,0.100949,Black Backed Jackal,8.5,0.2-0.4,HAPP17,No,DSCT.S1,192000000,HAPP17
7473,2019:07:12 02:25:21,12/07/2019,0.100938,Black Backed Jackal,8.5,0-0.2,HAPP17,No,DSCT.S1,192000000,HAPP17
7474,2019:07:12 02:25:21,12/07/2019,0.100938,Black Backed Jackal,8.5,0-0.2,HAPP17,No,DSCT.S1,192000000,HAPP17
7475,2019:07:12 02:25:21,12/07/2019,0.100938,Black Backed Jackal,9,0-0.2,HAPP17,No,DSCT.S1,192000000,HAPP17
7476,2019:07:12 02:25:21,12/07/2019,0.100938,Black Backed Jackal,9,0.2-0.4,HAPP17,No,DSCT.S1,192000000,HAPP17
7477,2019:07:12 02:25:20,12/07/2019,0.100926,Black Backed Jackal,9.5,0.4-0.6,HAPP17,No,DSCT.S1,192000000,HAPP17
7478,2019:07:12 02:25:10,12/07/2019,0.10081,Black Backed Jackal,8,0.2-0.4,HAPP17,No,DSCT.S1,192000000,HAPP17
7479,2019:07:12 02:25:10,12/07/2019,0.10081,Black Backed Jackal,8,0-0.2,HAPP17,No,DSCT.S1,192000000,HAPP17
7480,2019:07:12 02:25:10,12/07/2019,0.10081,Black Backed Jackal,8,0-0.2,HAPP17,No,DSCT.S1,192000000,HAPP17
7481,2019:07:12 02:25:10,12/07/2019,0.10081,Black Backed Jackal,8.5,0.2-0.4,HAPP17,No,DSCT.S1,192000000,HAPP17
7482,2019:07:12 02:25:09,12/07/2019,0.100799,Black Backed Jackal,9,0.2-0.4,HAPP17,No,DSCT.S1,192000000,HAPP17
7483,2019:07:12 02:25:09,12/07/2019,0.100799,Black Backed Jackal,10,0.4-0.6,HAPP17,Yes,DSCT.S1,192000000,HAPP17
7484,2019:07:11 07:45:12,11/07/2019,0.323056,Black Backed Jackal,13,0.2-0.4,HAPP17,No,DSCT.S1,192000000,HAPP17
7485,2019:07:11 07:45:11,11/07/2019,0.323044,Black Backed Jackal,12,0.2-0.4,HAPP17,No,DSCT.S1,192000000,HAPP17
7486,2019:07:11 07:45:11,11/07/2019,0.323044,Black Backed Jackal,12,0.2-0.4,HAPP17,No,DSCT.S1,192000000,HAPP17
7487,2019:07:11 07:45:11,11/07/2019,0.323044,Black Backed Jackal,12,0.2-0.4,HAPP17,No,DSCT.S1,192000000,HAPP17
7488,2019:07:11 07:45:11,11/07/2019,0.323044,Black Backed Jackal,12,0.4-0.6,HAPP17,No,DSCT.S1,192000000,HAPP17
7489,2019:07:11 07:45:10,11/07/2019,0.323032,Black Backed Jackal,12,0.4-0.6,HAPP17,Yes,DSCT.S1,192000000,HAPP17
7736,2019:07:10 07:48:59,10/07/2019,0.325683,Black Backed Jackal,3,0.2-0.4,HAPP17,No,DSCT.S1,192000000,HAPP17
7737,2019:07:10 07:48:59,10/07/2019,0.325683,Black Backed Jackal,3,0.2-0.4,HAPP17,No,DSCT.S1,192000000,HAPP17
7738,2019:07:10 07:48:58,10/07/2019,0.325671,Black Backed Jackal,3,0.2-0.4,HAPP17,No,DSCT.S1,192000000,HAPP17
7739,2019:07:10 07:48:58,10/07/2019,0.325671,Black Backed Jackal,3,0.2-0.4,HAPP17,No,DSCT.S1,192000000,HAPP17
7740,2019:07:10 07:48:58,10/07/2019,0.325671,Black Backed Jackal,3,0.4-0.6,HAPP17,No,DSCT.S1,192000000,HAPP17
7741,2019:07:10 07:48:58,10/07/2019,0.325671,Black Backed Jackal,3.5,0.4-0.6,HAPP17,No,DSCT.S1,192000000,HAPP17
7742,2019:07:10 07:48:51,10/07/2019,0.32559,Black Backed Jackal,4,0.4-0.6,HAPP17,No,DSCT.S1,192000000,HAPP17
7743,2019:07:10 07:48:51,10/07/2019,0.32559,Black Backed Jackal,3.5,0.2-0.4,HAPP17,No,DSCT.S1,192000000,HAPP17
7744,2019:07:10 07:48:50,10/07/2019,0.325579,Black Backed Jackal,3.5,0.2-0.4,HAPP17,No,DSCT.S1,192000000,HAPP17
7745,2019:07:10 07:48:50,10/07/2019,0.325579,Black Backed Jackal,3.5,0.2-0.4,HAPP17,No,DSCT.S1,192000000,HAPP17
7746,2019:07:10 07:48:50,10/07/2019,0.325579,Black Backed Jackal,3.5,0-0.2,HAPP17,No,DSCT.S1,192000000,HAPP17
7747,2019:07:10 07:48:50,10/07/2019,0.325579,Black Backed Jackal,3.5,0-0.2,HAPP17,Yes,DSCT.S1,192000000,HAPP17
7748,2019:07:10 05:22:51,10/07/2019,0.224201,Black Backed Jackal,9,0.8-1,HAPP17,No,DSCT.S1,192000000,HAPP17
7749,2019:07:10 05:22:21,10/07/2019,0.223854,Black Backed Jackal,12,0.2-0.4,HAPP17,No,DSCT.S1,192000000,HAPP17
7750,2019:07:10 05:22:20,10/07/2019,0.223843,Black Backed Jackal,12,0.2-0.4,HAPP17,No,DSCT.S1,192000000,HAPP17
7751,2019:07:10 05:22:20,10/07/2019,0.223843,Black Backed Jackal,12,0.2-0.4,HAPP17,No,DSCT.S1,192000000,HAPP17
7752,2019:07:10 05:22:20,10/07/2019,0.223843,Black Backed Jackal,12,0.2-0.4,HAPP17,No,DSCT.S1,192000000,HAPP17
7753,2019:07:10 05:22:20,10/07/2019,0.223843,Black Backed Jackal,11,0.4-0.6,HAPP17,No,DSCT.S1,192000000,HAPP17
7754,2019:07:10 05:22:19,10/07/2019,0.223831,Black Backed Jackal,10,0.4-0.6,HAPP17,No,DSCT.S1,192000000,HAPP17
7755,2019:07:10 05:18:13,10/07/2019,0.220984,Black Backed Jackal,10,0.8-1,HAPP17,No,DSCT.S1,192000000,HAPP17
7756,2019:07:10 05:18:13,10/07/2019,0.220984,Black Backed Jackal,10,0.8-1,HAPP17,No,DSCT.S1,192000000,HAPP17
7757,2019:07:10 05:18:12,10/07/2019,0.220972,Black Backed Jackal,10,0.8-1,HAPP17,No,DSCT.S1,192000000,HAPP17
7758,2019:07:10 05:18:12,10/07/2019,0.220972,Black Backed Jackal,10,0.8-1,HAPP17,No,DSCT.S1,192000000,HAPP17
7759,2019:07:10 05:17:10,10/07/2019,0.220255,Black Backed Jackal,12,0.2-0.4,HAPP17,No,DSCT.S1,192000000,HAPP17
7760,2019:07:10 05:17:09,10/07/2019,0.220243,Black Backed Jackal,12,0.2-0.4,HAPP17,No,DSCT.S1,192000000,HAPP17
7761,2019:07:10 05:17:09,10/07/2019,0.220243,Black Backed Jackal,12,0.2-0.4,HAPP17,No,DSCT.S1,192000000,HAPP17
7762,2019:07:10 05:17:09,10/07/2019,0.220243,Black Backed Jackal,12,0.4-0.6,HAPP17,No,DSCT.S1,192000000,HAPP17
7763,2019:07:10 05:17:09,10/07/2019,0.220243,Black Backed Jackal,11,0.4-0.6,HAPP17,No,DSCT.S1,192000000,HAPP17
7764,2019:07:10 05:17:08,10/07/2019,0.220231,Black Backed Jackal,11,0.4-0.6,HAPP17,Yes,DSCT.S1,192000000,HAPP17
7813,2019:07:08 23:39:28,08/07/2019,0.985741,Black Backed Jackal,8.5,0.2-0.4,HAPP17,No,DSCT.S1,192000000,HAPP17
7814,2019:07:08 23:39:28,08/07/2019,0.985741,Black Backed Jackal,8,0.4-0.6,HAPP17,No,DSCT.S1,192000000,HAPP17
7815,2019:07:08 23:39:27,08/07/2019,0.985729,Black Backed Jackal,8,0.4-0.6,HAPP17,No,DSCT.S1,192000000,HAPP17
7816,2019:07:08 23:39:27,08/07/2019,0.985729,Black Backed Jackal,8,0.4-0.6,HAPP17,No,DSCT.S1,192000000,HAPP17
7817,2019:07:08 23:39:27,08/07/2019,0.985729,Black Backed Jackal,8,0.4-0.6,HAPP17,No,DSCT.S1,192000000,HAPP17
7818,2019:07:08 23:39:27,08/07/2019,0.985729,Black Backed Jackal,8,0.6-0.8,HAPP17,Yes,DSCT.S1,192000000,HAPP17
7834,2019:07:08 19:25:01,08/07/2019,0.809039,Black Backed Jackal,15,0.8-1,HAPP17,No,DSCT.S1,192000000,HAPP17
7835,2019:07:08 19:25:01,08/07/2019,0.809039,Black Backed Jackal,14,0.8-1,HAPP17,No,DSCT.S1,192000000,HAPP17
7836,2019:07:08 19:25:01,08/07/2019,0.809039,Black Backed Jackal,13,0.8-1,HAPP17,No,DSCT.S1,192000000,HAPP17
7837,2019:07:08 19:24:53,08/07/2019,0.808947,Black Backed Jackal,10,0.2-0.4,HAPP17,No,DSCT.S1,192000000,HAPP17
7838,2019:07:08 19:24:53,08/07/2019,0.808947,Black Backed Jackal,10,0-0.2,HAPP17,No,DSCT.S1,192000000,HAPP17
7839,2019:07:08 19:24:53,08/07/2019,0.808947,Black Backed Jackal,9.5,0-0.2,HAPP17,No,DSCT.S1,192000000,HAPP17
7840,2019:07:08 19:24:52,08/07/2019,0.808935,Black Backed Jackal,9.5,0-0.2,HAPP17,No,DSCT.S1,192000000,HAPP17
7841,2019:07:08 19:24:52,08/07/2019,0.808935,Black Backed Jackal,9,0-0.2,HAPP17,No,DSCT.S1,192000000,HAPP17
7842,2019:07:08 19:24:52,08/07/2019,0.808935,Black Backed Jackal,9,0.2-0.4,HAPP17,Yes,DSCT.S1,192000000,HAPP17
7843,2019:07:08 19:24:45,08/07/2019,0.808854,Black Backed Jackal,9.5,0-0.2,HAPP17,No,DSCT.S1,192000000,HAPP17
7844,2019:07:08 19:24:45,08/07/2019,0.808854,Black Backed Jackal,9.5,0-0.2,HAPP17,No,DSCT.S1,192000000,HAPP17
7845,2019:07:08 19:24:45,08/07/2019,0.808854,Black Backed Jackal,9.5,0.2-0.4,HAPP17,No,DSCT.S1,192000000,HAPP17
7846,2019:07:08 19:24:44,08/07/2019,0.808843,Black Backed Jackal,9.5,0.2-0.4,HAPP17,No,DSCT.S1,192000000,HAPP17
7847,2019:07:08 19:24:44,08/07/2019,0.808843,Black Backed Jackal,9,0.2-0.4,HAPP17,No,DSCT.S1,192000000,HAPP17
7848,2019:07:08 19:24:44,08/07/2019,0.808843,Black Backed Jackal,9,0.4-0.6,HAPP17,Yes,DSCT.S1,192000000,HAPP17
7867,2019:07:08 17:19:19,08/07/2019,0.721748,Black Backed Jackal,15,0-0.2,HAPP17,Yes,DSCT.S1,192000000,HAPP17
7868,2019:07:08 17:19:19,08/07/2019,0.721748,Black Backed Jackal,13,0.2-0.4,HAPP17,No,DSCT.S1,192000000,HAPP17
7869,2019:07:08 17:19:18,08/07/2019,0.721736,Black Backed Jackal,13,0.2-0.4,HAPP17,No,DSCT.S1,192000000,HAPP17
7870,2019:07:08 17:19:18,08/07/2019,0.721736,Black Backed Jackal,12,0.2-0.4,HAPP17,No,DSCT.S1,192000000,HAPP17
7871,2019:07:08 17:19:18,08/07/2019,0.721736,Black Backed Jackal,12,0.4-0.6,HAPP17,No,DSCT.S1,192000000,HAPP17
7872,2019:07:08 17:19:17,08/07/2019,0.721725,Black Backed Jackal,11,0.4-0.6,HAPP17,Yes,DSCT.S1,192000000,HAPP17
9445,2019:07:14 06:02:18,14/07/2019,0.251597,Black Backed Jackal,26+,0.4-0.6,MOPP14,No,DSCT.S1,192000000,MOPP14
9446,2019:07:14 06:02:18,14/07/2019,0.251597,Black Backed Jackal,26+,0.4-0.6,MOPP14,No,DSCT.S1,192000000,MOPP14
9447,2019:07:14 06:02:18,14/07/2019,0.251597,Black Backed Jackal,26+,0.4-0.6,MOPP14,No,DSCT.S1,192000000,MOPP14
9448,2019:07:14 06:02:17,14/07/2019,0.251586,Black Backed Jackal,26+,0.4-0.6,MOPP14,No,DSCT.S1,192000000,MOPP14
9449,2019:07:14 06:02:17,14/07/2019,0.251586,Black Backed Jackal,24,0.4-0.6,MOPP14,No,DSCT.S1,192000000,MOPP14
9450,2019:07:14 06:02:17,14/07/2019,0.251586,Black Backed Jackal,23,0.2-0.4,MOPP14,Yes,DSCT.S1,192000000,MOPP14
9481,2019:07:13 21:17:27,13/07/2019,0.887118,Brown Hyena,10,0.2-0.4,MOPP14,No,DSCT.S1,192000000,MOPP14
9482,2019:07:13 21:17:26,13/07/2019,0.887106,Brown Hyena,10,0.2-0.4,MOPP14,No,DSCT.S1,192000000,MOPP14
9483,2019:07:13 21:17:26,13/07/2019,0.887106,Brown Hyena,10,0.4-0.6,MOPP14,No,DSCT.S1,192000000,MOPP14
9484,2019:07:13 21:17:26,13/07/2019,0.887106,Brown Hyena,10,0.4-0.6,MOPP14,No,DSCT.S1,192000000,MOPP14
9485,2019:07:13 21:17:26,13/07/2019,0.887106,Brown Hyena,10,0.4-0.6,MOPP14,No,DSCT.S1,192000000,MOPP14
9486,2019:07:13 21:17:25,13/07/2019,0.887095,Brown Hyena,9.5,0.6-0.8,MOPP14,Yes,DSCT.S1,192000000,MOPP14
9703,2019:07:12 00:39:33,12/07/2019,0.027465,Black Backed Jackal,11,0-0.2,MOPP14,No,DSCT.S1,192000000,MOPP14
9704,2019:07:12 00:39:33,12/07/2019,0.027465,Black Backed Jackal,12,0-0.2,MOPP14,No,DSCT.S1,192000000,MOPP14
9705,2019:07:12 00:39:32,12/07/2019,0.027454,Black Backed Jackal,12,0-0.2,MOPP14,No,DSCT.S1,192000000,MOPP14
9706,2019:07:12 00:39:32,12/07/2019,0.027454,Black Backed Jackal,13,0-0.2,MOPP14,No,DSCT.S1,192000000,MOPP14
9707,2019:07:12 00:39:32,12/07/2019,0.027454,Black Backed Jackal,14,0.2-0.4,MOPP14,No,DSCT.S1,192000000,MOPP14
9708,2019:07:12 00:39:32,12/07/2019,0.027454,Black Backed Jackal,16,0.4-0.6,MOPP14,Yes,DSCT.S1,192000000,MOPP14
9998,2019:07:14 04:31:17,14/07/2019,0.188391,African Civet,4.5,0-0.2,DEPP06,No,DSCT.S1,192000000,DEPP06
9999,2019:07:14 04:31:16,14/07/2019,0.18838,African Civet,4.5,0-0.2,DEPP06,No,DSCT.S1,192000000,DEPP06
10000,2019:07:14 04:31:16,14/07/2019,0.18838,African Civet,4,0.2-0.4,DEPP06,No,DSCT.S1,192000000,DEPP06
10001,2019:07:14 04:31:16,14/07/2019,0.18838,African Civet,4,0.4-0.6,DEPP06,No,DSCT.S1,192000000,DEPP06
10002,2019:07:14 04:31:15,14/07/2019,0.188368,African Civet,3.5,0.6-0.8,DEPP06,No,DSCT.S1,192000000,DEPP06
10003,2019:07:14 04:31:15,14/07/2019,0.188368,African Civet,3.5,0.8-1,DEPP06,Yes,DSCT.S1,192000000,DEPP06
10358,2019:07:21 04:44:32,21/07/2019,0.197593,Brown Hyena,9,0.4-0.6,HAPP18,No,DSCT.S1,192000000,HAPP18
10359,2019:07:21 04:44:31,21/07/2019,0.197581,Brown Hyena,9,0.4-0.6,HAPP18,No,DSCT.S1,192000000,HAPP18
10360,2019:07:21 04:44:31,21/07/2019,0.197581,Brown Hyena,9.5,0.4-0.6,HAPP18,No,DSCT.S1,192000000,HAPP18
10361,2019:07:21 04:44:31,21/07/2019,0.197581,Brown Hyena,9.5,0.2-0.4,HAPP18,No,DSCT.S1,192000000,HAPP18
10362,2019:07:21 04:44:30,21/07/2019,0.197569,Brown Hyena,9.5,0.2-0.4,HAPP18,No,DSCT.S1,192000000,HAPP18
10363,2019:07:21 04:44:30,21/07/2019,0.197569,Brown Hyena,9.5,0.2-0.4,HAPP18,Yes,DSCT.S1,192000000,HAPP18
10388,2019:07:20 18:16:04,20/07/2019,0.761157,Brown Hyena,6.5,0-0.2,HAPP18,No,DSCT.S1,192000000,HAPP18
10389,2019:07:20 18:16:04,20/07/2019,0.761157,Brown Hyena,6,0.2-0.4,HAPP18,No,DSCT.S1,192000000,HAPP18
10390,2019:07:20 18:16:04,20/07/2019,0.761157,Brown Hyena,5.5,0.2-0.4,HAPP18,No,DSCT.S1,192000000,HAPP18
10391,2019:07:20 18:16:03,20/07/2019,0.761146,Brown Hyena,5,0.4-0.6,HAPP18,No,DSCT.S1,192000000,HAPP18
10392,2019:07:20 18:16:03,20/07/2019,0.761146,Brown Hyena,5,0.4-0.6,HAPP18,No,DSCT.S1,192000000,HAPP18
10393,2019:07:20 18:16:03,20/07/2019,0.761146,Brown Hyena,4.5,0.6-0.8,HAPP18,Yes,DSCT.S1,192000000,HAPP18
10514,2019:07:18 21:10:56,18/07/2019,0.882593,African Civet,6,0.2-0.4,HAPP18,No,DSCT.S1,192000000,HAPP18
10515,2019:07:18 21:10:56,18/07/2019,0.882593,African Civet,6,0.2-0.4,HAPP18,No,DSCT.S1,192000000,HAPP18
10516,2019:07:18 21:10:56,18/07/2019,0.882593,African Civet,5.5,0.2-0.4,HAPP18,No,DSCT.S1,192000000,HAPP18
10517,2019:07:18 21:10:55,18/07/2019,0.882581,African Civet,5.5,0.4-0.6,HAPP18,No,DSCT.S1,192000000,HAPP18
10518,2019:07:18 21:10:55,18/07/2019,0.882581,African Civet,5.5,0.4-0.6,HAPP18,No,DSCT.S1,192000000,HAPP18
10519,2019:07:18 21:10:55,18/07/2019,0.882581,African Civet,5,0.4-0.6,HAPP18,Yes,DSCT.S1,192000000,HAPP18
10754,2019:07:16 18:27:12,16/07/2019,0.768889,Black Backed Jackal,7,0-0.2,HAPP18,No,DSCT.S1,192000000,HAPP18
10755,2019:07:16 18:27:11,16/07/2019,0.768877,Black Backed Jackal,7,0-0.2,HAPP18,No,DSCT.S1,192000000,HAPP18
10756,2019:07:16 18:27:11,16/07/2019,0.768877,Black Backed Jackal,7.5,0-0.2,HAPP18,No,DSCT.S1,192000000,HAPP18
10757,2019:07:16 18:27:11,16/07/2019,0.768877,Black Backed Jackal,8,0-0.2,HAPP18,No,DSCT.S1,192000000,HAPP18
10758,2019:07:16 18:27:11,16/07/2019,0.768877,Black Backed Jackal,8,0-0.2,HAPP18,No,DSCT.S1,192000000,HAPP18
10759,2019:07:16 18:27:10,16/07/2019,0.768866,Black Backed Jackal,8.5,0-0.2,HAPP18,Yes,DSCT.S1,192000000,HAPP18
10850,2019:07:14 22:46:34,14/07/2019,0.949005,Brown Hyena,7,0-0.2,HAPP18,No,DSCT.S1,192000000,HAPP18
10851,2019:07:14 22:46:34,14/07/2019,0.949005,Brown Hyena,6.5,0-0.2,HAPP18,No,DSCT.S1,192000000,HAPP18
10852,2019:07:14 22:46:34,14/07/2019,0.949005,Brown Hyena,6,0.2-0.4,HAPP18,No,DSCT.S1,192000000,HAPP18
10853,2019:07:14 22:46:33,14/07/2019,0.948993,Brown Hyena,5.5,0.4-0.6,HAPP18,No,DSCT.S1,192000000,HAPP18
10854,2019:07:14 22:46:33,14/07/2019,0.948993,Brown Hyena,5,0.4-0.6,HAPP18,No,DSCT.S1,192000000,HAPP18
10855,2019:07:14 22:46:33,14/07/2019,0.948993,Brown Hyena,4.5,0.6-0.8,HAPP18,Yes,DSCT.S1,192000000,HAPP18
11000,2019:07:13 18:29:48,13/07/2019,0.770694,Brown Hyena,2,0-0.2,HAPP18,No,DSCT.S1,192000000,HAPP18
11001,2019:07:13 18:29:47,13/07/2019,0.770683,Brown Hyena,2,0.2-0.4,HAPP18,No,DSCT.S1,192000000,HAPP18
11002,2019:07:13 18:29:47,13/07/2019,0.770683,Brown Hyena,2.5,0.4-0.6,HAPP18,No,DSCT.S1,192000000,HAPP18
11003,2019:07:13 18:29:47,13/07/2019,0.770683,Brown Hyena,3,0.6-0.8,HAPP18,No,DSCT.S1,192000000,HAPP18
11004,2019:07:13 18:29:47,13/07/2019,0.770683,Brown Hyena,3,0.6-0.8,HAPP18,No,DSCT.S1,192000000,HAPP18
11005,2019:07:13 18:29:46,13/07/2019,0.770671,Brown Hyena,3.5,0.8-1,HAPP18,Yes,DSCT.S1,192000000,HAPP18
11066,2019:07:12 17:28:59,12/07/2019,0.728461,Black Backed Jackal,4,0.8-1,HAPP18,No,DSCT.S1,192000000,HAPP18
11067,2019:07:12 17:28:59,12/07/2019,0.728461,Black Backed Jackal,4.5,0.8-1,HAPP18,No,DSCT.S1,192000000,HAPP18
11068,2019:07:12 17:28:59,12/07/2019,0.728461,Black Backed Jackal,4.5,0.6-0.8,HAPP18,No,DSCT.S1,192000000,HAPP18
11069,2019:07:12 17:28:58,12/07/2019,0.728449,Black Backed Jackal,5,0.6-0.8,HAPP18,No,DSCT.S1,192000000,HAPP18
11070,2019:07:12 17:28:58,12/07/2019,0.728449,Black Backed Jackal,5.5,0.4-0.6,HAPP18,No,DSCT.S1,192000000,HAPP18
11071,2019:07:12 17:28:50,12/07/2019,0.728356,Black Backed Jackal,7.5,0.4-0.6,HAPP18,No,DSCT.S1,192000000,HAPP18
11072,2019:07:12 17:28:50,12/07/2019,0.728356,Black Backed Jackal,7.5,0.4-0.6,HAPP18,No,DSCT.S1,192000000,HAPP18
11073,2019:07:12 17:28:50,12/07/2019,0.728356,Black Backed Jackal,7.5,0.4-0.6,HAPP18,No,DSCT.S1,192000000,HAPP18
11074,2019:07:12 17:28:49,12/07/2019,0.728345,Black Backed Jackal,7.5,0.4-0.6,HAPP18,No,DSCT.S1,192000000,HAPP18
11075,2019:07:12 17:28:49,12/07/2019,0.728345,Black Backed Jackal,8,0.4-0.6,HAPP18,No,DSCT.S1,192000000,HAPP18
11076,2019:07:12 17:28:49,12/07/2019,0.728345,Black Backed Jackal,8.5,0.6-0.8,HAPP18,Yes,DSCT.S1,192000000,HAPP18
12470,2019:07:09 21:46:25,09/07/2019,0.907234,Brown Hyena,7,0.4-0.6,HAPP23,No,DSCT.S1,192000000,HAPP23
12471,2019:07:09 21:46:25,09/07/2019,0.907234,Brown Hyena,7,0-0.2,HAPP23,No,DSCT.S1,192000000,HAPP23
12472,2019:07:09 21:46:24,09/07/2019,0.907222,Brown Hyena,6.5,0.2-0.4,HAPP23,No,DSCT.S1,192000000,HAPP23
12473,2019:07:09 21:46:24,09/07/2019,0.907222,Brown Hyena,6.5,0.4-0.6,HAPP23,No,DSCT.S1,192000000,HAPP23
12474,2019:07:09 21:46:24,09/07/2019,0.907222,Brown Hyena,6.5,0.6-0.8,HAPP23,No,DSCT.S1,192000000,HAPP23
12475,2019:07:09 21:46:24,09/07/2019,0.907222,Brown Hyena,6,0.8-1,HAPP23,Yes,DSCT.S1,192000000,HAPP23
13424,2019:07:13 23:08:54,13/07/2019,0.964514,Brown Hyena,10,0.4-0.6,SHPP10,No,DSCT.S1,192000000,SHPP10
13425,2019:07:13 23:08:53,13/07/2019,0.964502,Brown Hyena,10,0.6-0.8,SHPP10,No,DSCT.S1,192000000,SHPP10
13426,2019:07:13 23:08:53,13/07/2019,0.964502,Brown Hyena,11,0.6-0.8,SHPP10,No,DSCT.S1,192000000,SHPP10
13427,2019:07:13 23:08:53,13/07/2019,0.964502,Brown Hyena,13,0.6-0.8,SHPP10,No,DSCT.S1,192000000,SHPP10
13428,2019:07:13 23:08:53,13/07/2019,0.964502,Brown Hyena,14,0.8-1,SHPP10,No,DSCT.S1,192000000,SHPP10
13429,2019:07:13 23:08:52,13/07/2019,0.964491,Brown Hyena,15,0.8-1,SHPP10,Yes,DSCT.S1,192000000,SHPP10
13814,2019:07:14 03:48:44,14/07/2019,0.158843,Black Backed Jackal,8,0-0.2,GIPP22,No,DSCT.S1,192000000,GIPP22
13815,2019:07:14 03:48:44,14/07/2019,0.158843,Black Backed Jackal,7.5,0-0.2,GIPP22,No,DSCT.S1,192000000,GIPP22
13816,2019:07:14 03:48:44,14/07/2019,0.158843,Black Backed Jackal,6.5,0-0.2,GIPP22,No,DSCT.S1,192000000,GIPP22
13817,2019:07:14 03:48:44,14/07/2019,0.158843,Black Backed Jackal,6,0.2-0.4,GIPP22,No,DSCT.S1,192000000,GIPP22
13818,2019:07:14 03:48:43,14/07/2019,0.158831,Black Backed Jackal,4.5,0.2-0.4,GIPP22,No,DSCT.S1,192000000,GIPP22
13819,2019:07:14 03:48:43,14/07/2019,0.158831,Black Backed Jackal,4.5,0.4-0.6,GIPP22,Yes,DSCT.S1,192000000,GIPP22
13904,2019:07:10 17:55:48,10/07/2019,0.747083,Black Backed Jackal,8,0.2-0.4,GIPP22,No,DSCT.S1,192000000,GIPP22
13905,2019:07:10 17:55:48,10/07/2019,0.747083,Black Backed Jackal,8,0-0.2,GIPP22,No,DSCT.S1,192000000,GIPP22
13906,2019:07:10 17:55:48,10/07/2019,0.747083,Black Backed Jackal,7.5,0-0.2,GIPP22,No,DSCT.S1,192000000,GIPP22
13907,2019:07:10 17:55:47,10/07/2019,0.747072,Black Backed Jackal,6.5,0-0.2,GIPP22,No,DSCT.S1,192000000,GIPP22
13908,2019:07:10 17:55:47,10/07/2019,0.747072,Black Backed Jackal,6.5,0-0.2,GIPP22,No,DSCT.S1,192000000,GIPP22
13909,2019:07:10 17:55:47,10/07/2019,0.747072,Black Backed Jackal,6,0.4-0.6,GIPP22,No,DSCT.S1,192000000,GIPP22
13910,2019:07:10 17:52:14,10/07/2019,0.744606,Black Backed Jackal,6.5,0.8-1,GIPP22,No,DSCT.S1,192000000,GIPP22
13911,2019:07:10 17:52:14,10/07/2019,0.744606,Black Backed Jackal,6.5,0.8-1,GIPP22,No,DSCT.S1,192000000,GIPP22
13912,2019:07:10 17:52:13,10/07/2019,0.744595,Black Backed Jackal,6.5,0.6-0.8,GIPP22,No,DSCT.S1,192000000,GIPP22
13913,2019:07:10 17:52:01,10/07/2019,0.744456,Black Backed Jackal,3.5,0.8-1,GIPP22,No,DSCT.S1,192000000,GIPP22
13914,2019:07:10 17:52:00,10/07/2019,0.744444,Black Backed Jackal,3.5,0.6-0.8,GIPP22,No,DSCT.S1,192000000,GIPP22
13915,2019:07:10 17:52:00,10/07/2019,0.744444,Black Backed Jackal,4,0.4-0.6,GIPP22,No,DSCT.S1,192000000,GIPP22
13916,2019:07:10 17:52:00,10/07/2019,0.744444,Black Backed Jackal,4.5,0.2-0.4,GIPP22,No,DSCT.S1,192000000,GIPP22
13917,2019:07:10 17:52:00,10/07/2019,0.744444,Black Backed Jackal,5.5,0.2-0.4,GIPP22,Yes,DSCT.S1,192000000,GIPP22
14272,2019:07:20 02:57:32,20/07/2019,0.123287,African Civet,20,0.6-0.8,LAPP25,No,DSCT.S1,192000000,LAPP25
14273,2019:07:20 02:57:32,20/07/2019,0.123287,African Civet,18,0.6-0.8,LAPP25,No,DSCT.S1,192000000,LAPP25
14274,2019:07:20 02:57:32,20/07/2019,0.123287,African Civet,17,0.4-0.6,LAPP25,No,DSCT.S1,192000000,LAPP25
14275,2019:07:20 02:57:31,20/07/2019,0.123275,African Civet,16,0.4-0.6,LAPP25,No,DSCT.S1,192000000,LAPP25
14276,2019:07:20 02:57:31,20/07/2019,0.123275,African Civet,15,0.4-0.6,LAPP25,No,DSCT.S1,192000000,LAPP25
14277,2019:07:20 02:57:31,20/07/2019,0.123275,African Civet,15,0.2-0.4,LAPP25,No,DSCT.S1,192000000,LAPP25
14278,2019:07:20 02:57:17,20/07/2019,0.123113,African Civet,15,0.4-0.6,LAPP25,No,DSCT.S1,192000000,LAPP25
14279,2019:07:20 02:57:17,20/07/2019,0.123113,African Civet,15,0.4-0.6,LAPP25,No,DSCT.S1,192000000,LAPP25
14280,2019:07:20 02:57:16,20/07/2019,0.123102,African Civet,15,0.4-0.6,LAPP25,No,DSCT.S1,192000000,LAPP25
14281,2019:07:20 02:57:16,20/07/2019,0.123102,African Civet,15,0.4-0.6,LAPP25,No,DSCT.S1,192000000,LAPP25
14282,2019:07:20 02:57:16,20/07/2019,0.123102,African Civet,15,0.4-0.6,LAPP25,No,DSCT.S1,192000000,LAPP25
14283,2019:07:20 02:57:16,20/07/2019,0.123102,African Civet,15,0.6-0.8,LAPP25,Yes,DSCT.S1,192000000,LAPP25
15346,2019:07:16 04:29:37,16/07/2019,0.187234,Black Backed Jackal,6.5,0.2-0.4,HAPP12,No,DSCT.S1,192000000,HAPP12
15347,2019:07:16 04:29:37,16/07/2019,0.187234,Black Backed Jackal,7,0-0.2,HAPP12,No,DSCT.S1,192000000,HAPP12
15348,2019:07:16 04:29:37,16/07/2019,0.187234,Black Backed Jackal,7.5,0-0.2,HAPP12,No,DSCT.S1,192000000,HAPP12
15349,2019:07:16 04:29:37,16/07/2019,0.187234,Black Backed Jackal,8,0-0.2,HAPP12,No,DSCT.S1,192000000,HAPP12
15350,2019:07:16 04:29:36,16/07/2019,0.187222,Black Backed Jackal,8.5,0-0.2,HAPP12,No,DSCT.S1,192000000,HAPP12
15351,2019:07:16 04:29:36,16/07/2019,0.187222,Black Backed Jackal,9.5,0-0.2,HAPP12,Yes,DSCT.S1,192000000,HAPP12
15826,2019:07:15 01:12:08,15/07/2019,0.050093,Black Backed Jackal,9.5,0.2-0.4,SHPP09,No,DSCT.S1,192000000,SHPP09
15827,2019:07:15 01:12:08,15/07/2019,0.050093,Black Backed Jackal,9.5,0.2-0.4,SHPP09,No,DSCT.S1,192000000,SHPP09
15828,2019:07:15 01:12:08,15/07/2019,0.050093,Black Backed Jackal,10,0-0.2,SHPP09,No,DSCT.S1,192000000,SHPP09
15829,2019:07:15 01:12:07,15/07/2019,0.050081,Black Backed Jackal,11,0-0.2,SHPP09,No,DSCT.S1,192000000,SHPP09
15830,2019:07:15 01:12:07,15/07/2019,0.050081,Black Backed Jackal,11,0-0.2,SHPP09,No,DSCT.S1,192000000,SHPP09
15831,2019:07:15 01:12:07,15/07/2019,0.050081,Black Backed Jackal,11,0.2-0.4,SHPP09,Yes,DSCT.S1,192000000,SHPP09
16162,2019:07:17 03:24:24,17/07/2019,0.141944,Brown Hyena,7.5,0.2-0.4,DEPP01,No,DSCT.S1,192000000,DEPP01
16163,2019:07:17 03:24:24,17/07/2019,0.141944,Brown Hyena,7.5,0-0.2,DEPP01,No,DSCT.S1,192000000,DEPP01
16164,2019:07:17 03:24:23,17/07/2019,0.141933,Brown Hyena,8,0-0.2,DEPP01,No,DSCT.S1,192000000,DEPP01
16165,2019:07:17 03:24:23,17/07/2019,0.141933,Brown Hyena,8.5,0.2-0.4,DEPP01,No,DSCT.S1,192000000,DEPP01
16166,2019:07:17 03:24:23,17/07/2019,0.141933,Brown Hyena,9,0.4-0.6,DEPP01,No,DSCT.S1,192000000,DEPP01
16167,2019:07:17 03:24:23,17/07/2019,0.141933,Brown Hyena,10,0.6-0.8,DEPP01,Yes,DSCT.S1,192000000,DEPP01
16180,2019:07:13 06:47:44,13/07/2019,0.283148,African Civet,13,0.2-0.4,DEPP01,No,DSCT.S1,192000000,DEPP01
16181,2019:07:13 06:47:43,13/07/2019,0.283137,African Civet,13,0.2-0.4,DEPP01,No,DSCT.S1,192000000,DEPP01
16182,2019:07:13 06:47:43,13/07/2019,0.283137,African Civet,13,0.4-0.6,DEPP01,No,DSCT.S1,192000000,DEPP01
16183,2019:07:13 06:47:43,13/07/2019,0.283137,African Civet,13,0.4-0.6,DEPP01,No,DSCT.S1,192000000,DEPP01
16184,2019:07:13 06:47:42,13/07/2019,0.283125,African Civet,13,0.4-0.6,DEPP01,No,DSCT.S1,192000000,DEPP01
16185,2019:07:13 06:47:42,13/07/2019,0.283125,African Civet,14,0.4-0.6,DEPP01,Yes,DSCT.S1,192000000,DEPP01
16246,2019:07:22 04:46:20,22/07/2019,0.198843,Black Backed Jackal,4.5,0.8-1,DEPP02,No,DSCT.S1,192000000,DEPP02
16247,2019:07:22 04:46:20,22/07/2019,0.198843,Black Backed Jackal,4,0.8-1,DEPP02,No,DSCT.S1,192000000,DEPP02
16248,2019:07:22 04:46:20,22/07/2019,0.198843,Black Backed Jackal,4,0.6-0.8,DEPP02,No,DSCT.S1,192000000,DEPP02
16249,2019:07:22 04:46:12,22/07/2019,0.19875,Black Backed Jackal,7,0-0.2,DEPP02,No,DSCT.S1,192000000,DEPP02
16250,2019:07:22 04:46:11,22/07/2019,0.198738,Black Backed Jackal,7,0-0.2,DEPP02,No,DSCT.S1,192000000,DEPP02
16251,2019:07:22 04:46:11,22/07/2019,0.198738,Black Backed Jackal,7,0-0.2,DEPP02,No,DSCT.S1,192000000,DEPP02
16252,2019:07:22 04:46:11,22/07/2019,0.198738,Black Backed Jackal,7,0.2-0.4,DEPP02,No,DSCT.S1,192000000,DEPP02
16253,2019:07:22 04:46:11,22/07/2019,0.198738,Black Backed Jackal,7.5,0.4-0.6,DEPP02,No,DSCT.S1,192000000,DEPP02
16254,2019:07:22 04:46:10,22/07/2019,0.198727,Black Backed Jackal,7.5,0.4-0.6,DEPP02,Yes,DSCT.S1,192000000,DEPP02
16387,2019:07:11 23:33:37,11/07/2019,0.981678,Black Backed Jackal,12,0.6-0.8,DEPP02,No,DSCT.S1,192000000,DEPP02
16388,2019:07:11 23:33:36,11/07/2019,0.981667,Black Backed Jackal,12,0.6-0.8,DEPP02,No,DSCT.S1,192000000,DEPP02
16389,2019:07:11 23:33:36,11/07/2019,0.981667,Black Backed Jackal,12,0.4-0.6,DEPP02,No,DSCT.S1,192000000,DEPP02
16390,2019:07:11 23:33:36,11/07/2019,0.981667,Black Backed Jackal,12,0.4-0.6,DEPP02,No,DSCT.S1,192000000,DEPP02
16391,2019:07:11 23:33:36,11/07/2019,0.981667,Black Backed Jackal,12,0.4-0.6,DEPP02,No,DSCT.S1,192000000,DEPP02
16392,2019:07:11 23:33:35,11/07/2019,0.981655,Black Backed Jackal,12,0.2-0.4,DEPP02,Yes,DSCT.S1,192000000,DEPP02
16417,2019:07:22 04:46:28,22/07/2019,0.198935,Black Backed Jackal,23,0.2-0.4,HAPP15,No,DSCT.S1,192000000,HAPP15
16418,2019:07:22 04:46:28,22/07/2019,0.198935,Black Backed Jackal,24,0.2-0.4,HAPP15,No,DSCT.S1,192000000,HAPP15
16419,2019:07:22 04:46:27,22/07/2019,0.198924,Black Backed Jackal,25,0-0.2,HAPP15,No,DSCT.S1,192000000,HAPP15
16420,2019:07:22 04:46:27,22/07/2019,0.198924,Black Backed Jackal,25,0-0.2,HAPP15,No,DSCT.S1,192000000,HAPP15
16421,2019:07:22 04:46:27,22/07/2019,0.198924,Black Backed Jackal,26+,0-0.2,HAPP15,No,DSCT.S1,192000000,HAPP15
16422,2019:07:22 04:46:27,22/07/2019,0.198924,Black Backed Jackal,26+,0-0.2,HAPP15,Yes,DSCT.S1,192000000,HAPP15
16435,2019:07:21 18:29:05,21/07/2019,0.770197,Brown Hyena,5.5,0.6-0.8,HAPP15,No,DSCT.S1,192000000,HAPP15
16436,2019:07:21 18:29:05,21/07/2019,0.770197,Brown Hyena,4.5,0.6-0.8,HAPP15,No,DSCT.S1,192000000,HAPP15
16437,2019:07:21 18:29:05,21/07/2019,0.770197,Brown Hyena,3.5,0.6-0.8,HAPP15,No,DSCT.S1,192000000,HAPP15
16438,2019:07:21 18:29:04,21/07/2019,0.770185,Brown Hyena,3.5,0.6-0.8,HAPP15,No,DSCT.S1,192000000,HAPP15
16439,2019:07:21 18:29:04,21/07/2019,0.770185,Brown Hyena,3,0.6-0.8,HAPP15,No,DSCT.S1,192000000,HAPP15
16440,2019:07:21 18:29:04,21/07/2019,0.770185,Brown Hyena,3,0.6-0.8,HAPP15,No,DSCT.S1,192000000,HAPP15
16441,2019:07:21 18:28:53,21/07/2019,0.770058,Brown Hyena,1,0.8-1,HAPP15,No,DSCT.S1,192000000,HAPP15
16442,2019:07:21 18:28:52,21/07/2019,0.770046,Brown Hyena,1,0.8-1,HAPP15,No,DSCT.S1,192000000,HAPP15
16443,2019:07:21 18:28:52,21/07/2019,0.770046,Brown Hyena,0.5,0.8-1,HAPP15,No,DSCT.S1,192000000,HAPP15
16444,2019:07:21 18:28:52,21/07/2019,0.770046,Brown Hyena,0.5,0.4-0.6,HAPP15,No,DSCT.S1,192000000,HAPP15
16445,2019:07:21 18:28:51,21/07/2019,0.770035,Brown Hyena,0.5,0-0.2,HAPP15,No,DSCT.S1,192000000,HAPP15
16446,2019:07:21 18:28:51,21/07/2019,0.770035,Brown Hyena,0.5,0-0.2,HAPP15,Yes,DSCT.S1,192000000,HAPP15
16519,2019:07:21 00:20:25,21/07/2019,0.014178,Black Backed Jackal,15,0.6-0.8,HAPP15,No,DSCT.S1,192000000,HAPP15
16520,2019:07:21 00:20:25,21/07/2019,0.014178,Black Backed Jackal,13,0.6-0.8,HAPP15,No,DSCT.S1,192000000,HAPP15
16521,2019:07:21 00:20:24,21/07/2019,0.014167,Black Backed Jackal,11,0.6-0.8,HAPP15,No,DSCT.S1,192000000,HAPP15
16522,2019:07:21 00:20:24,21/07/2019,0.014167,Black Backed Jackal,9,0.6-0.8,HAPP15,No,DSCT.S1,192000000,HAPP15
16523,2019:07:21 00:20:24,21/07/2019,0.014167,Black Backed Jackal,14,0.2-0.4,HAPP15,No,DSCT.S1,192000000,HAPP15
16524,2019:07:21 00:20:24,21/07/2019,0.014167,Black Backed Jackal,6,0.4-0.6,HAPP15,Yes,DSCT.S1,192000000,HAPP15
16525,2019:07:20 21:13:00,20/07/2019,0.884028,Black Backed Jackal,15,0.4-0.6,HAPP15,No,DSCT.S1,192000000,HAPP15
16526,2019:07:20 21:12:59,20/07/2019,0.884016,Black Backed Jackal,14,0.4-0.6,HAPP15,No,DSCT.S1,192000000,HAPP15
16527,2019:07:20 21:12:59,20/07/2019,0.884016,Black Backed Jackal,13,0.4-0.6,HAPP15,No,DSCT.S1,192000000,HAPP15
16528,2019:07:20 21:12:59,20/07/2019,0.884016,Black Backed Jackal,12,0.4-0.6,HAPP15,No,DSCT.S1,192000000,HAPP15
16529,2019:07:20 21:12:58,20/07/2019,0.884005,Black Backed Jackal,12,0.4-0.6,HAPP15,No,DSCT.S1,192000000,HAPP15
16530,2019:07:20 21:12:58,20/07/2019,0.884005,Black Backed Jackal,12,0.6-0.8,HAPP15,No,DSCT.S1,192000000,HAPP15
16531,2019:07:20 21:12:49,20/07/2019,0.8839,Black Backed Jackal,11,0.8-1,HAPP15,No,DSCT.S1,192000000,HAPP15
16532,2019:07:20 21:12:49,20/07/2019,0.8839,Black Backed Jackal,11,0.8-1,HAPP15,No,DSCT.S1,192000000,HAPP15
16533,2019:07:20 21:12:48,20/07/2019,0.883889,Black Backed Jackal,11,0.8-1,HAPP15,No,DSCT.S1,192000000,HAPP15
16534,2019:07:20 21:12:48,20/07/2019,0.883889,Black Backed Jackal,11,0.8-1,HAPP15,No,DSCT.S1,192000000,HAPP15
16535,2019:07:20 21:12:48,20/07/2019,0.883889,Black Backed Jackal,11,0.8-1,HAPP15,No,DSCT.S1,192000000,HAPP15
16536,2019:07:20 21:12:48,20/07/2019,0.883889,Black Backed Jackal,11,0.8-1,HAPP15,No,DSCT.S1,192000000,HAPP15
16537,2019:07:20 21:12:35,20/07/2019,0.883738,Black Backed Jackal,13,0.8-1,HAPP15,No,DSCT.S1,192000000,HAPP15
16538,2019:07:20 21:12:35,20/07/2019,0.883738,Black Backed Jackal,13,0.8-1,HAPP15,No,DSCT.S1,192000000,HAPP15
16539,2019:07:20 21:12:35,20/07/2019,0.883738,Black Backed Jackal,13,0.8-1,HAPP15,No,DSCT.S1,192000000,HAPP15
16540,2019:07:20 21:12:34,20/07/2019,0.883727,Black Backed Jackal,13,0.8-1,HAPP15,No,DSCT.S1,192000000,HAPP15
16541,2019:07:20 21:12:34,20/07/2019,0.883727,Black Backed Jackal,12,0.6-0.8,HAPP15,No,DSCT.S1,192000000,HAPP15
16542,2019:07:20 21:12:34,20/07/2019,0.883727,Black Backed Jackal,12,0.6-0.8,HAPP15,No,DSCT.S1,192000000,HAPP15
16543,2019:07:20 21:12:25,20/07/2019,0.883623,Black Backed Jackal,24,0.6-0.8,HAPP15,No,DSCT.S1,192000000,HAPP15
16544,2019:07:20 21:12:25,20/07/2019,0.883623,Black Backed Jackal,23,0.4-0.6,HAPP15,No,DSCT.S1,192000000,HAPP15
16545,2019:07:20 21:12:24,20/07/2019,0.883611,Black Backed Jackal,21,0.4-0.6,HAPP15,No,DSCT.S1,192000000,HAPP15
16546,2019:07:20 21:12:24,20/07/2019,0.883611,Black Backed Jackal,18,0.2-0.4,HAPP15,No,DSCT.S1,192000000,HAPP15
16547,2019:07:20 21:12:24,20/07/2019,0.883611,Black Backed Jackal,16,0.2-0.4,HAPP15,No,DSCT.S1,192000000,HAPP15
16548,2019:07:20 21:12:24,20/07/2019,0.883611,Black Backed Jackal,14,0-0.2,HAPP15,Yes,DSCT.S1,192000000,HAPP15
16549,2019:07:20 18:00:45,20/07/2019,0.750521,Brown Hyena,1,0.6-0.8,HAPP15,No,DSCT.S1,192000000,HAPP15
16550,2019:07:20 18:00:45,20/07/2019,0.750521,Brown Hyena,1,0.4-0.6,HAPP15,No,DSCT.S1,192000000,HAPP15
16551,2019:07:20 18:00:44,20/07/2019,0.750509,Brown Hyena,1,0.2-0.4,HAPP15,No,DSCT.S1,192000000,HAPP15
16552,2019:07:20 18:00:44,20/07/2019,0.750509,Brown Hyena,1,0-0.2,HAPP15,No,DSCT.S1,192000000,HAPP15
16553,2019:07:20 18:00:44,20/07/2019,0.750509,Brown Hyena,1,0.2-0.4,HAPP15,No,DSCT.S1,192000000,HAPP15
16554,2019:07:20 18:00:43,20/07/2019,0.750498,Brown Hyena,1,0.6-0.8,HAPP15,No,DSCT.S1,192000000,HAPP15
16555,2019:07:20 17:58:55,20/07/2019,0.749248,Brown Hyena,0.5,0.2-0.4,HAPP15,No,DSCT.S1,192000000,HAPP15
16556,2019:07:20 17:58:55,20/07/2019,0.749248,Brown Hyena,0.5,0.2-0.4,HAPP15,No,DSCT.S1,192000000,HAPP15
16557,2019:07:20 17:58:54,20/07/2019,0.749236,Brown Hyena,0.5,0.2-0.4,HAPP15,No,DSCT.S1,192000000,HAPP15
16558,2019:07:20 17:58:54,20/07/2019,0.749236,Brown Hyena,0.5,0.2-0.4,HAPP15,No,DSCT.S1,192000000,HAPP15
16559,2019:07:20 17:58:54,20/07/2019,0.749236,Brown Hyena,0.5,0.2-0.4,HAPP15,No,DSCT.S1,192000000,HAPP15
16560,2019:07:20 17:58:54,20/07/2019,0.749236,Brown Hyena,0.5,0.2-0.4,HAPP15,Yes,DSCT.S1,192000000,HAPP15
16573,2019:07:20 05:16:54,20/07/2019,0.220069,Black Backed Jackal,19,0-0.2,HAPP15,No,DSCT.S1,192000000,HAPP15
16574,2019:07:20 05:16:54,20/07/2019,0.220069,Black Backed Jackal,21,0.2-0.4,HAPP15,No,DSCT.S1,192000000,HAPP15
16575,2019:07:20 05:16:54,20/07/2019,0.220069,Black Backed Jackal,22,0.2-0.4,HAPP15,No,DSCT.S1,192000000,HAPP15
16576,2019:07:20 05:16:54,20/07/2019,0.220069,Black Backed Jackal,24,0.4-0.6,HAPP15,No,DSCT.S1,192000000,HAPP15
16577,2019:07:20 05:16:53,20/07/2019,0.220058,Black Backed Jackal,25,0.4-0.6,HAPP15,No,DSCT.S1,192000000,HAPP15
16578,2019:07:20 05:16:53,20/07/2019,0.220058,Black Backed Jackal,26+,0.4-0.6,HAPP15,Yes,DSCT.S1,192000000,HAPP15
16945,2019:07:18 17:53:26,18/07/2019,0.74544,Brown Hyena,11,0-0.2,HAPP15,No,DSCT.S1,192000000,HAPP15
16946,2019:07:18 17:53:25,18/07/2019,0.745428,Brown Hyena,10,0.2-0.4,HAPP15,No,DSCT.S1,192000000,HAPP15
16947,2019:07:18 17:53:25,18/07/2019,0.745428,Brown Hyena,10,0.2-0.4,HAPP15,No,DSCT.S1,192000000,HAPP15
16948,2019:07:18 17:53:25,18/07/2019,0.745428,Brown Hyena,9,0.4-0.6,HAPP15,No,DSCT.S1,192000000,HAPP15
16949,2019:07:18 17:53:24,18/07/2019,0.745417,Brown Hyena,8.5,0.6-0.8,HAPP15,No,DSCT.S1,192000000,HAPP15
16950,2019:07:18 17:53:24,18/07/2019,0.745417,Brown Hyena,8,0.6-0.8,HAPP15,Yes,DSCT.S1,192000000,HAPP15
17077,2019:07:17 01:28:00,17/07/2019,0.061111,Black Backed Jackal,13,0-0.2,HAPP15,No,DSCT.S1,192000000,HAPP15
17078,2019:07:17 01:28:00,17/07/2019,0.061111,Black Backed Jackal,14,0-0.2,HAPP15,No,DSCT.S1,192000000,HAPP15
17079,2019:07:17 01:28:00,17/07/2019,0.061111,Black Backed Jackal,17,0.2-0.4,HAPP15,No,DSCT.S1,192000000,HAPP15
17080,2019:07:17 01:27:59,17/07/2019,0.0611,Black Backed Jackal,20,0.2-0.4,HAPP15,No,DSCT.S1,192000000,HAPP15
17081,2019:07:17 01:27:59,17/07/2019,0.0611,Black Backed Jackal,22,0.4-0.6,HAPP15,No,DSCT.S1,192000000,HAPP15
17082,2019:07:17 01:27:59,17/07/2019,0.0611,Black Backed Jackal,23,0.6-0.8,HAPP15,Yes,DSCT.S1,192000000,HAPP15
17167,2019:07:16 06:50:01,16/07/2019,0.284734,Black Backed Jackal,24,0.8-1,HAPP15,No,DSCT.S1,192000000,HAPP15
17168,2019:07:16 06:50:01,16/07/2019,0.284734,Black Backed Jackal,22,0.8-1,HAPP15,No,DSCT.S1,192000000,HAPP15
17169,2019:07:16 06:50:01,16/07/2019,0.284734,Black Backed Jackal,20,0.8-1,HAPP15,No,DSCT.S1,192000000,HAPP15
17170,2019:07:16 06:50:00,16/07/2019,0.284722,Black Backed Jackal,16,0.8-1,HAPP15,No,DSCT.S1,192000000,HAPP15
17171,2019:07:16 06:50:00,16/07/2019,0.284722,Black Backed Jackal,14,0.8-1,HAPP15,No,DSCT.S1,192000000,HAPP15
17172,2019:07:16 06:50:00,16/07/2019,0.284722,Black Backed Jackal,11,0.8-1,HAPP15,Yes,DSCT.S1,192000000,HAPP15
17215,2019:07:14 21:10:31,14/07/2019,0.882303,Black Backed Jackal,9.5,0.2-0.4,HAPP15,No,DSCT.S1,192000000,HAPP15
17216,2019:07:14 21:10:31,14/07/2019,0.882303,Black Backed Jackal,11,0-0.2,HAPP15,No,DSCT.S1,192000000,HAPP15
17217,2019:07:14 21:10:31,14/07/2019,0.882303,Black Backed Jackal,12,0-0.2,HAPP15,No,DSCT.S1,192000000,HAPP15
17218,2019:07:14 21:10:31,14/07/2019,0.882303,Black Backed Jackal,15,0-0.2,HAPP15,No,DSCT.S1,192000000,HAPP15
17219,2019:07:14 21:10:30,14/07/2019,0.882292,Black Backed Jackal,18,0.2-0.4,HAPP15,No,DSCT.S1,192000000,HAPP15
17220,2019:07:14 21:10:30,14/07/2019,0.882292,Black Backed Jackal,20,0.4-0.6,HAPP15,Yes,DSCT.S1,192000000,HAPP15
17221,2019:07:14 18:25:18,14/07/2019,0.767569,Brown Hyena,4.5,0.2-0.4,HAPP15,No,DSCT.S1,192000000,HAPP15
17222,2019:07:14 18:25:18,14/07/2019,0.767569,Brown Hyena,4,0-0.2,HAPP15,No,DSCT.S1,192000000,HAPP15
17223,2019:07:14 18:25:18,14/07/2019,0.767569,Brown Hyena,3.5,0-0.2,HAPP15,No,DSCT.S1,192000000,HAPP15
17224,2019:07:14 18:25:18,14/07/2019,0.767569,Brown Hyena,3.5,0-0.2,HAPP15,No,DSCT.S1,192000000,HAPP15
17225,2019:07:14 18:25:17,14/07/2019,0.767558,Brown Hyena,3,0.4-0.6,HAPP15,No,DSCT.S1,192000000,HAPP15
17226,2019:07:14 18:25:17,14/07/2019,0.767558,Brown Hyena,3,0.6-0.8,HAPP15,No,DSCT.S1,192000000,HAPP15
17227,2019:07:14 18:24:59,14/07/2019,0.76735,Brown Hyena,0.5,0.8-1,HAPP15,No,DSCT.S1,192000000,HAPP15
17228,2019:07:14 18:24:59,14/07/2019,0.76735,Brown Hyena,0.5,0.8-1,HAPP15,No,DSCT.S1,192000000,HAPP15
17229,2019:07:14 18:24:58,14/07/2019,0.767338,Brown Hyena,0.5,0.4-0.6,HAPP15,No,DSCT.S1,192000000,HAPP15
17230,2019:07:14 18:24:58,14/07/2019,0.767338,Brown Hyena,0.5,0-0.2,HAPP15,No,DSCT.S1,192000000,HAPP15
17231,2019:07:14 18:24:58,14/07/2019,0.767338,Brown Hyena,0.5,0.4-0.6,HAPP15,No,DSCT.S1,192000000,HAPP15
17232,2019:07:14 18:24:57,14/07/2019,0.767326,Brown Hyena,0.5,0.8-1,HAPP15,No,DSCT.S1,192000000,HAPP15
17245,2019:07:14 18:24:23,14/07/2019,0.766933,Brown Hyena,0.5,0.8-1,HAPP15,No,DSCT.S1,192000000,HAPP15
17246,2019:07:14 18:24:23,14/07/2019,0.766933,Brown Hyena,0.5,0.8-1,HAPP15,No,DSCT.S1,192000000,HAPP15
17247,2019:07:14 18:24:23,14/07/2019,0.766933,Brown Hyena,0.5,0.8-1,HAPP15,No,DSCT.S1,192000000,HAPP15
17248,2019:07:14 18:24:23,14/07/2019,0.766933,Brown Hyena,0.5,0.8-1,HAPP15,No,DSCT.S1,192000000,HAPP15
17249,2019:07:14 18:24:22,14/07/2019,0.766921,Brown Hyena,0.5,0.8-1,HAPP15,No,DSCT.S1,192000000,HAPP15
17250,2019:07:14 18:24:22,14/07/2019,0.766921,Brown Hyena,0.5,0.8-1,HAPP15,No,DSCT.S1,192000000,HAPP15
17251,2019:07:14 18:23:54,14/07/2019,0.766597,Brown Hyena,10,0-0.2,HAPP15,No,DSCT.S1,192000000,HAPP15
17252,2019:07:14 18:23:54,14/07/2019,0.766597,Brown Hyena,9.5,0.2-0.4,HAPP15,No,DSCT.S1,192000000,HAPP15
17253,2019:07:14 18:23:53,14/07/2019,0.766586,Brown Hyena,9,0.2-0.4,HAPP15,No,DSCT.S1,192000000,HAPP15
17254,2019:07:14 18:23:53,14/07/2019,0.766586,Brown Hyena,8.5,0.4-0.6,HAPP15,No,DSCT.S1,192000000,HAPP15
17255,2019:07:14 18:23:53,14/07/2019,0.766586,Brown Hyena,8,0.6-0.8,HAPP15,No,DSCT.S1,192000000,HAPP15
17256,2019:07:14 18:23:52,14/07/2019,0.766574,Brown Hyena,7.5,0.6-0.8,HAPP15,Yes,DSCT.S1,192000000,HAPP15
17335,2019:07:14 05:30:36,14/07/2019,0.229583,Black Backed Jackal,26+,0.6-0.8,HAPP15,No,DSCT.S1,192000000,HAPP15
17336,2019:07:14 05:30:36,14/07/2019,0.229583,Black Backed Jackal,25,0.6-0.8,HAPP15,No,DSCT.S1,192000000,HAPP15
17337,2019:07:14 05:30:36,14/07/2019,0.229583,Black Backed Jackal,23,0.4-0.6,HAPP15,No,DSCT.S1,192000000,HAPP15
17338,2019:07:14 05:30:36,14/07/2019,0.229583,Black Backed Jackal,21,0.4-0.6,HAPP15,No,DSCT.S1,192000000,HAPP15
17339,2019:07:14 05:30:35,14/07/2019,0.229572,Black Backed Jackal,17,0.2-0.4,HAPP15,No,DSCT.S1,192000000,HAPP15
17340,2019:07:14 05:30:35,14/07/2019,0.229572,Black Backed Jackal,15,0-0.2,HAPP15,Yes,DSCT.S1,192000000,HAPP15
17341,2019:07:14 04:52:58,14/07/2019,0.203449,Brown Hyena,16,0.2-0.4,HAPP15,No,DSCT.S1,192000000,HAPP15
17342,2019:07:14 04:52:57,14/07/2019,0.203438,Brown Hyena,18,0.4-0.6,HAPP15,No,DSCT.S1,192000000,HAPP15
17343,2019:07:14 04:52:57,14/07/2019,0.203438,Brown Hyena,20,0.4-0.6,HAPP15,No,DSCT.S1,192000000,HAPP15
17344,2019:07:14 04:52:57,14/07/2019,0.203438,Brown Hyena,22,0.4-0.6,HAPP15,No,DSCT.S1,192000000,HAPP15
17345,2019:07:14 04:52:57,14/07/2019,0.203438,Brown Hyena,23,0.6-0.8,HAPP15,No,DSCT.S1,192000000,HAPP15
17346,2019:07:14 04:52:56,14/07/2019,0.203426,Brown Hyena,24,0.6-0.8,HAPP15,Yes,DSCT.S1,192000000,HAPP15
17473,2019:07:12 23:50:22,12/07/2019,0.99331,Black Backed Jackal,24,0.4-0.6,HAPP15,No,DSCT.S1,192000000,HAPP15
17474,2019:07:12 23:50:22,12/07/2019,0.99331,Black Backed Jackal,23,0.4-0.6,HAPP15,No,DSCT.S1,192000000,HAPP15
17475,2019:07:12 23:50:21,12/07/2019,0.993299,Black Backed Jackal,21,0.2-0.4,HAPP15,No,DSCT.S1,192000000,HAPP15
17476,2019:07:12 23:50:21,12/07/2019,0.993299,Black Backed Jackal,18,0.2-0.4,HAPP15,No,DSCT.S1,192000000,HAPP15
17477,2019:07:12 23:50:21,12/07/2019,0.993299,Black Backed Jackal,16,0-0.2,HAPP15,No,DSCT.S1,192000000,HAPP15
17478,2019:07:12 23:50:21,12/07/2019,0.993299,Black Backed Jackal,15,0-0.2,HAPP15,Yes,DSCT.S1,192000000,HAPP15
17521,2019:07:12 04:31:46,12/07/2019,0.188727,Black Backed Jackal,10,0-0.2,HAPP15,No,DSCT.S1,192000000,HAPP15
17522,2019:07:12 04:31:46,12/07/2019,0.188727,Black Backed Jackal,11,0-0.2,HAPP15,No,DSCT.S1,192000000,HAPP15
17523,2019:07:12 04:31:46,12/07/2019,0.188727,Black Backed Jackal,12,0-0.2,HAPP15,No,DSCT.S1,192000000,HAPP15
17524,2019:07:12 04:31:45,12/07/2019,0.188715,Black Backed Jackal,13,0.2-0.4,HAPP15,No,DSCT.S1,192000000,HAPP15
17525,2019:07:12 04:31:45,12/07/2019,0.188715,Black Backed Jackal,15,0.2-0.4,HAPP15,No,DSCT.S1,192000000,HAPP15
17526,2019:07:12 04:31:45,12/07/2019,0.188715,Black Backed Jackal,17,0.4-0.6,HAPP15,Yes,DSCT.S1,192000000,HAPP15
17539,2019:07:11 18:35:31,11/07/2019,0.774664,Leopard,9.5,0-0.2,HAPP15,No,DSCT.S1,192000000,HAPP15
17540,2019:07:11 18:35:30,11/07/2019,0.774653,Leopard,9,0.2-0.4,HAPP15,No,DSCT.S1,192000000,HAPP15
17541,2019:07:11 18:35:30,11/07/2019,0.774653,Leopard,9,0.2-0.4,HAPP15,No,DSCT.S1,192000000,HAPP15
17542,2019:07:11 18:35:30,11/07/2019,0.774653,Leopard,8,0.4-0.6,HAPP15,No,DSCT.S1,192000000,HAPP15
17543,2019:07:11 18:35:29,11/07/2019,0.774641,Leopard,8,0.4-0.6,HAPP15,No,DSCT.S1,192000000,HAPP15
17544,2019:07:11 18:35:29,11/07/2019,0.774641,Leopard,7.5,0.6-0.8,HAPP15,Yes,DSCT.S1,192000000,HAPP15
17641,2019:07:10 22:29:29,10/07/2019,0.937141,Black Backed Jackal,4.5,0.4-0.6,HAPP15,No,DSCT.S1,192000000,HAPP15
17642,2019:07:10 22:29:29,10/07/2019,0.937141,Black Backed Jackal,4.5,0.4-0.6,HAPP15,No,DSCT.S1,192000000,HAPP15
17643,2019:07:10 22:29:29,10/07/2019,0.937141,Black Backed Jackal,4.5,0.4-0.6,HAPP15,No,DSCT.S1,192000000,HAPP15
17644,2019:07:10 22:29:29,10/07/2019,0.937141,Black Backed Jackal,4.5,0.4-0.6,HAPP15,No,DSCT.S1,192000000,HAPP15
17645,2019:07:10 22:29:28,10/07/2019,0.93713,Black Backed Jackal,4.5,0.4-0.6,HAPP15,No,DSCT.S1,192000000,HAPP15
17646,2019:07:10 22:29:28,10/07/2019,0.93713,Black Backed Jackal,4.5,0.4-0.6,HAPP15,Yes,DSCT.S1,192000000,HAPP15
19219,2019:07:15 04:35:01,15/07/2019,0.190984,Black Backed Jackal,6.5,0.2-0.4,LAPP05,No,DSCT.S1,192000000,LAPP05
19220,2019:07:15 04:35:01,15/07/2019,0.190984,Black Backed Jackal,6.5,0.2-0.4,LAPP05,No,DSCT.S1,192000000,LAPP05
19221,2019:07:15 04:35:01,15/07/2019,0.190984,Black Backed Jackal,6.5,0.4-0.6,LAPP05,No,DSCT.S1,192000000,LAPP05
19222,2019:07:15 04:35:01,15/07/2019,0.190984,Black Backed Jackal,6.5,0.4-0.6,LAPP05,No,DSCT.S1,192000000,LAPP05
19223,2019:07:15 04:35:00,15/07/2019,0.190972,Black Backed Jackal,7,0.4-0.6,LAPP05,No,DSCT.S1,192000000,LAPP05
19224,2019:07:15 04:35:00,15/07/2019,0.190972,Black Backed Jackal,7,0.4-0.6,LAPP05,Yes,DSCT.S1,192000000,LAPP05
19675,2019:07:13 07:45:13,13/07/2019,0.323067,Black Backed Jackal,6.5,0.2-0.4,DEPP07,No,DSCT.S1,192000000,DEPP07
19676,2019:07:13 07:45:13,13/07/2019,0.323067,Black Backed Jackal,7.5,0.2-0.4,DEPP07,No,DSCT.S1,192000000,DEPP07
19677,2019:07:13 07:45:13,13/07/2019,0.323067,Black Backed Jackal,8,0.2-0.4,DEPP07,No,DSCT.S1,192000000,DEPP07
19678,2019:07:13 07:45:12,13/07/2019,0.323056,Black Backed Jackal,9,0.2-0.4,DEPP07,No,DSCT.S1,192000000,DEPP07
19679,2019:07:13 07:45:12,13/07/2019,0.323056,Black Backed Jackal,9.5,0.2-0.4,DEPP07,No,DSCT.S1,192000000,DEPP07
19680,2019:07:13 07:45:12,13/07/2019,0.323056,Black Backed Jackal,10,0-0.2,DEPP07,Yes,DSCT.S1,192000000,DEPP07
19687,2019:07:12 22:19:56,12/07/2019,0.930509,Black Backed Jackal,14,0.4-0.6,DEPP07,No,DSCT.S1,192000000,DEPP07
19688,2019:07:12 22:19:56,12/07/2019,0.930509,Black Backed Jackal,13,0.4-0.6,DEPP07,No,DSCT.S1,192000000,DEPP07
19689,2019:07:12 22:19:56,12/07/2019,0.930509,Black Backed Jackal,12,0.2-0.4,DEPP07,No,DSCT.S1,192000000,DEPP07
19690,2019:07:12 22:19:56,12/07/2019,0.930509,Black Backed Jackal,11,0.2-0.4,DEPP07,No,DSCT.S1,192000000,DEPP07
19691,2019:07:12 22:19:55,12/07/2019,0.930498,Black Backed Jackal,11,0-0.2,DEPP07,No,DSCT.S1,192000000,DEPP07
19692,2019:07:12 22:19:55,12/07/2019,0.930498,Black Backed Jackal,10,0-0.2,DEPP07,Yes,DSCT.S1,192000000,DEPP07
20263,2019:07:19 01:38:34,19/07/2019,0.068449,African Civet,15,0.4-0.6,GIPP21,No,DSCT.S1,192000000,GIPP21
20264,2019:07:19 01:38:34,19/07/2019,0.068449,African Civet,14,0.4-0.6,GIPP21,No,DSCT.S1,192000000,GIPP21
20265,2019:07:19 01:38:34,19/07/2019,0.068449,African Civet,14,0.4-0.6,GIPP21,No,DSCT.S1,192000000,GIPP21
20266,2019:07:19 01:38:33,19/07/2019,0.068438,African Civet,14,0.2-0.4,GIPP21,No,DSCT.S1,192000000,GIPP21
20267,2019:07:19 01:38:33,19/07/2019,0.068438,African Civet,14,0.2-0.4,GIPP21,No,DSCT.S1,192000000,GIPP21
20268,2019:07:19 01:38:33,19/07/2019,0.068438,African Civet,14,0.2-0.4,GIPP21,Yes,DSCT.S1,192000000,GIPP21
20413,2019:07:12 19:45:30,12/07/2019,0.823264,Black Backed Jackal,7,0.8-1,GIPP21,No,DSCT.S1,192000000,GIPP21
20414,2019:07:12 19:45:30,12/07/2019,0.823264,Black Backed Jackal,7,0.8-1,GIPP21,No,DSCT.S1,192000000,GIPP21
20415,2019:07:12 19:45:30,12/07/2019,0.823264,Black Backed Jackal,6.5,0.6-0.8,GIPP21,No,DSCT.S1,192000000,GIPP21
20416,2019:07:12 19:45:30,12/07/2019,0.823264,Black Backed Jackal,6.5,0.6-0.8,GIPP21,No,DSCT.S1,192000000,GIPP21
20417,2019:07:12 19:45:29,12/07/2019,0.823252,Black Backed Jackal,6,0.4-0.6,GIPP21,No,DSCT.S1,192000000,GIPP21
20418,2019:07:12 19:45:29,12/07/2019,0.823252,Black Backed Jackal,5.5,0.4-0.6,GIPP21,No,DSCT.S1,192000000,GIPP21
20419,2019:07:12 19:45:23,12/07/2019,0.823183,Black Backed Jackal,7.5,0-0.2,GIPP21,No,DSCT.S1,192000000,GIPP21
20420,2019:07:12 19:45:23,12/07/2019,0.823183,Black Backed Jackal,7.5,0-0.2,GIPP21,No,DSCT.S1,192000000,GIPP21
20421,2019:07:12 19:45:22,12/07/2019,0.823171,Black Backed Jackal,7.5,0-0.2,GIPP21,No,DSCT.S1,192000000,GIPP21
20422,2019:07:12 19:45:22,12/07/2019,0.823171,Black Backed Jackal,8,0-0.2,GIPP21,No,DSCT.S1,192000000,GIPP21
20423,2019:07:12 19:45:22,12/07/2019,0.823171,Black Backed Jackal,8.5,0-0.2,GIPP21,No,DSCT.S1,192000000,GIPP21
20424,2019:07:12 19:45:22,12/07/2019,0.823171,Black Backed Jackal,9,0-0.2,GIPP21,No,DSCT.S1,192000000,GIPP21
20425,2019:07:12 19:45:00,12/07/2019,0.822917,Black Backed Jackal,11,0.2-0.4,GIPP21,No,DSCT.S1,192000000,GIPP21
20426,2019:07:12 19:45:00,12/07/2019,0.822917,Black Backed Jackal,11,0.2-0.4,GIPP21,No,DSCT.S1,192000000,GIPP21
20427,2019:07:12 19:45:00,12/07/2019,0.822917,Black Backed Jackal,11,0.2-0.4,GIPP21,No,DSCT.S1,192000000,GIPP21
20428,2019:07:12 19:45:00,12/07/2019,0.822917,Black Backed Jackal,11,0.4-0.6,GIPP21,No,DSCT.S1,192000000,GIPP21
20429,2019:07:12 19:44:59,12/07/2019,0.822905,Black Backed Jackal,12,0.4-0.6,GIPP21,No,DSCT.S1,192000000,GIPP21
20430,2019:07:12 19:44:59,12/07/2019,0.822905,Black Backed Jackal,13,0.4-0.6,GIPP21,No,DSCT.S1,192000000,GIPP21
20431,2019:07:12 19:44:40,12/07/2019,0.822685,Black Backed Jackal,6,0.2-0.4,GIPP21,No,DSCT.S1,192000000,GIPP21
20432,2019:07:12 19:44:40,12/07/2019,0.822685,Black Backed Jackal,6.5,0.4-0.6,GIPP21,No,DSCT.S1,192000000,GIPP21
20433,2019:07:12 19:44:40,12/07/2019,0.822685,Black Backed Jackal,6.5,0.4-0.6,GIPP21,No,DSCT.S1,192000000,GIPP21
20434,2019:07:12 19:44:39,12/07/2019,0.822674,Black Backed Jackal,7,0.4-0.6,GIPP21,No,DSCT.S1,192000000,GIPP21
20435,2019:07:12 19:44:39,12/07/2019,0.822674,Black Backed Jackal,7.5,0.6-0.8,GIPP21,No,DSCT.S1,192000000,GIPP21
20436,2019:07:12 19:44:39,12/07/2019,0.822674,Black Backed Jackal,7.5,0.6-0.8,GIPP21,Yes,DSCT.S1,192000000,GIPP21
20449,2019:07:11 19:13:15,11/07/2019,0.800868,Black Backed Jackal,6.5,0.4-0.6,GIPP21,No,DSCT.S1,192000000,GIPP21
20450,2019:07:11 19:13:14,11/07/2019,0.800856,Black Backed Jackal,6.5,0.4-0.6,GIPP21,No,DSCT.S1,192000000,GIPP21
20451,2019:07:11 19:13:14,11/07/2019,0.800856,Black Backed Jackal,7,0.4-0.6,GIPP21,No,DSCT.S1,192000000,GIPP21
20452,2019:07:11 19:13:14,11/07/2019,0.800856,Black Backed Jackal,7,0.2-0.4,GIPP21,No,DSCT.S1,192000000,GIPP21
20453,2019:07:11 19:13:14,11/07/2019,0.800856,Black Backed Jackal,7,0.2-0.4,GIPP21,No,DSCT.S1,192000000,GIPP21
20454,2019:07:11 19:13:13,11/07/2019,0.800845,Black Backed Jackal,7.5,0.2-0.4,GIPP21,No,DSCT.S1,192000000,GIPP21
20455,2019:07:11 19:13:07,11/07/2019,0.800775,Black Backed Jackal,12,0.4-0.6,GIPP21,No,DSCT.S1,192000000,GIPP21
20456,2019:07:11 19:13:07,11/07/2019,0.800775,Black Backed Jackal,12,0.4-0.6,GIPP21,No,DSCT.S1,192000000,GIPP21
20457,2019:07:11 19:13:06,11/07/2019,0.800764,Black Backed Jackal,12,0.4-0.6,GIPP21,No,DSCT.S1,192000000,GIPP21
20458,2019:07:11 19:13:06,11/07/2019,0.800764,Black Backed Jackal,13,0.4-0.6,GIPP21,No,DSCT.S1,192000000,GIPP21
20459,2019:07:11 19:13:06,11/07/2019,0.800764,Black Backed Jackal,13,0.4-0.6,GIPP21,No,DSCT.S1,192000000,GIPP21
20460,2019:07:11 19:13:05,11/07/2019,0.800752,Black Backed Jackal,14,0.4-0.6,GIPP21,No,DSCT.S1,192000000,GIPP21
20461,2019:07:11 19:12:51,11/07/2019,0.80059,Black Backed Jackal,12,0.4-0.6,GIPP21,No,DSCT.S1,192000000,GIPP21
20462,2019:07:11 19:12:51,11/07/2019,0.80059,Black Backed Jackal,12,0.4-0.6,GIPP21,No,DSCT.S1,192000000,GIPP21
20463,2019:07:11 19:12:51,11/07/2019,0.80059,Black Backed Jackal,13,0.4-0.6,GIPP21,No,DSCT.S1,192000000,GIPP21
20464,2019:07:11 19:12:51,11/07/2019,0.80059,Black Backed Jackal,13,0.4-0.6,GIPP21,No,DSCT.S1,192000000,GIPP21
20465,2019:07:11 19:12:50,11/07/2019,0.800579,Black Backed Jackal,14,0.4-0.6,GIPP21,No,DSCT.S1,192000000,GIPP21
20466,2019:07:11 19:12:50,11/07/2019,0.800579,Black Backed Jackal,15,0.4-0.6,GIPP21,Yes,DSCT.S1,192000000,GIPP21
21433,2019:07:14 22:23:37,14/07/2019,0.933067,Black Backed Jackal,7,0-0.2,HAPP13,No,DSCT.S1,192000000,HAPP13
21434,2019:07:14 22:23:37,14/07/2019,0.933067,Black Backed Jackal,7.5,0-0.2,HAPP13,No,DSCT.S1,192000000,HAPP13
21435,2019:07:14 22:23:36,14/07/2019,0.933056,Black Backed Jackal,8,0-0.2,HAPP13,No,DSCT.S1,192000000,HAPP13
21436,2019:07:14 22:23:36,14/07/2019,0.933056,Black Backed Jackal,8.5,0.2-0.4,HAPP13,No,DSCT.S1,192000000,HAPP13
21437,2019:07:14 22:23:36,14/07/2019,0.933056,Black Backed Jackal,8.5,0.4-0.6,HAPP13,No,DSCT.S1,192000000,HAPP13
21438,2019:07:14 22:23:36,14/07/2019,0.933056,Black Backed Jackal,9.5,0.4-0.6,HAPP13,No,DSCT.S1,192000000,HAPP13
21439,2019:07:14 22:23:28,14/07/2019,0.932963,Black Backed Jackal,8.5,0-0.2,HAPP13,No,DSCT.S1,192000000,HAPP13
21440,2019:07:14 22:23:28,14/07/2019,0.932963,Black Backed Jackal,9,0-0.2,HAPP13,No,DSCT.S1,192000000,HAPP13
21441,2019:07:14 22:23:28,14/07/2019,0.932963,Black Backed Jackal,9.5,0-0.2,HAPP13,No,DSCT.S1,192000000,HAPP13
21442,2019:07:14 22:23:28,14/07/2019,0.932963,Black Backed Jackal,10,0.2-0.4,HAPP13,No,DSCT.S1,192000000,HAPP13
21443,2019:07:14 22:23:27,14/07/2019,0.932951,Black Backed Jackal,10,0.2-0.4,HAPP13,No,DSCT.S1,192000000,HAPP13
21444,2019:07:14 22:23:27,14/07/2019,0.932951,Black Backed Jackal,11,0.4-0.6,HAPP13,Yes,DSCT.S1,192000000,HAPP13
21571,2019:07:12 18:54:10,12/07/2019,0.787616,Black Backed Jackal,6.5,0-0.2,HAPP13,No,DSCT.S1,192000000,HAPP13
21572,2019:07:12 18:54:10,12/07/2019,0.787616,Black Backed Jackal,7,0-0.2,HAPP13,No,DSCT.S1,192000000,HAPP13
21573,2019:07:12 18:54:09,12/07/2019,0.787604,Black Backed Jackal,7.5,0.2-0.4,HAPP13,No,DSCT.S1,192000000,HAPP13
21574,2019:07:12 18:54:09,12/07/2019,0.787604,Black Backed Jackal,8.5,0.2-0.4,HAPP13,No,DSCT.S1,192000000,HAPP13
21575,2019:07:12 18:54:09,12/07/2019,0.787604,Black Backed Jackal,9,0.4-0.6,HAPP13,No,DSCT.S1,192000000,HAPP13
21576,2019:07:12 18:54:08,12/07/2019,0.787593,Black Backed Jackal,9.5,0.4-0.6,HAPP13,Yes,DSCT.S1,192000000,HAPP13
22030,2019:07:30 08:05:14,30/07/2019,0.336968,Black Backed Jackal,10,0.8-1,HAPP20,No,DSCT.S1,192000000,HAPP20
22031,2019:07:30 08:05:14,30/07/2019,0.336968,Black Backed Jackal,10,0.8-1,HAPP20,No,DSCT.S1,192000000,HAPP20
22032,2019:07:30 08:05:14,30/07/2019,0.336968,Black Backed Jackal,10,0.8-1,HAPP20,No,DSCT.S1,192000000,HAPP20
22033,2019:07:30 08:05:13,30/07/2019,0.336956,Black Backed Jackal,11,0.6-0.8,HAPP20,No,DSCT.S1,192000000,HAPP20
22034,2019:07:30 08:05:13,30/07/2019,0.336956,Black Backed Jackal,12,0.6-0.8,HAPP20,Yes,DSCT.S1,192000000,HAPP20
22119,2019:07:30 00:26:47,30/07/2019,0.0186,African Civet,12,0.4-0.6,HAPP20,No,DSCT.S1,192000000,HAPP20
22120,2019:07:30 00:26:46,30/07/2019,0.018588,African Civet,12,0.4-0.6,HAPP20,No,DSCT.S1,192000000,HAPP20
22121,2019:07:30 00:26:46,30/07/2019,0.018588,African Civet,13,0.6-0.8,HAPP20,No,DSCT.S1,192000000,HAPP20
22122,2019:07:30 00:26:46,30/07/2019,0.018588,African Civet,14,0.6-0.8,HAPP20,No,DSCT.S1,192000000,HAPP20
22123,2019:07:30 00:26:45,30/07/2019,0.018576,African Civet,14,0.6-0.8,HAPP20,No,DSCT.S1,192000000,HAPP20
22124,2019:07:30 00:26:45,30/07/2019,0.018576,African Civet,15,0.8-1,HAPP20,Yes,DSCT.S1,192000000,HAPP20
22125,2019:07:29 21:20:48,29/07/2019,0.889444,Caracal,12,0.4-0.6,HAPP20,No,DSCT.S1,192000000,HAPP20
22126,2019:07:29 21:20:48,29/07/2019,0.889444,Caracal,11,0.4-0.6,HAPP20,No,DSCT.S1,192000000,HAPP20
22127,2019:07:29 21:20:48,29/07/2019,0.889444,Caracal,11,0.4-0.6,HAPP20,No,DSCT.S1,192000000,HAPP20
22128,2019:07:29 21:20:47,29/07/2019,0.889433,Caracal,11,0.4-0.6,HAPP20,No,DSCT.S1,192000000,HAPP20
22129,2019:07:29 21:20:47,29/07/2019,0.889433,Caracal,10,0.4-0.6,HAPP20,No,DSCT.S1,192000000,HAPP20
22130,2019:07:29 21:20:47,29/07/2019,0.889433,Caracal,10,0.6-0.8,HAPP20,Yes,DSCT.S1,192000000,HAPP20
22131,2019:07:29 21:05:19,29/07/2019,0.878692,African Civet,20,0.4-0.6,HAPP20,No,DSCT.S1,192000000,HAPP20
22132,2019:07:29 21:05:18,29/07/2019,0.878681,African Civet,20,0.4-0.6,HAPP20,No,DSCT.S1,192000000,HAPP20
22133,2019:07:29 21:05:18,29/07/2019,0.878681,African Civet,21,0.4-0.6,HAPP20,No,DSCT.S1,192000000,HAPP20
22134,2019:07:29 21:05:18,29/07/2019,0.878681,African Civet,21,0.4-0.6,HAPP20,No,DSCT.S1,192000000,HAPP20
22135,2019:07:29 21:05:18,29/07/2019,0.878681,African Civet,21,0.4-0.6,HAPP20,No,DSCT.S1,192000000,HAPP20
22136,2019:07:29 21:05:17,29/07/2019,0.878669,African Civet,21,0.4-0.6,HAPP20,Yes,DSCT.S1,192000000,HAPP20
22144,2019:07:29 19:01:16,29/07/2019,0.792546,African Civet,14,0.8-1,HAPP20,No,DSCT.S1,192000000,HAPP20
22145,2019:07:29 19:01:16,29/07/2019,0.792546,African Civet,14,0.8-1,HAPP20,No,DSCT.S1,192000000,HAPP20
22146,2019:07:29 19:01:15,29/07/2019,0.792535,African Civet,14,0.8-1,HAPP20,No,DSCT.S1,192000000,HAPP20
22147,2019:07:29 19:01:15,29/07/2019,0.792535,African Civet,14,0.8-1,HAPP20,No,DSCT.S1,192000000,HAPP20
22148,2019:07:29 19:01:15,29/07/2019,0.792535,African Civet,14,0.8-1,HAPP20,No,DSCT.S1,192000000,HAPP20
22149,2019:07:29 19:01:03,29/07/2019,0.792396,African Civet,10,0-0.2,HAPP20,No,DSCT.S1,192000000,HAPP20
22150,2019:07:29 19:01:03,29/07/2019,0.792396,African Civet,10,0-0.2,HAPP20,No,DSCT.S1,192000000,HAPP20
22151,2019:07:29 19:01:03,29/07/2019,0.792396,African Civet,10,0-0.2,HAPP20,No,DSCT.S1,192000000,HAPP20
22152,2019:07:29 19:01:03,29/07/2019,0.792396,African Civet,10,0-0.2,HAPP20,No,DSCT.S1,192000000,HAPP20
22153,2019:07:29 19:01:02,29/07/2019,0.792384,African Civet,10,0-0.2,HAPP20,No,DSCT.S1,192000000,HAPP20
22154,2019:07:29 19:01:02,29/07/2019,0.792384,African Civet,10,0.2-0.4,HAPP20,Yes,DSCT.S1,192000000,HAPP20
22887,2019:07:29 02:12:25,29/07/2019,0.091956,African Civet,11,0.2-0.4,HAPP20,No,DSCT.S1,192000000,HAPP20
22888,2019:07:29 02:12:25,29/07/2019,0.091956,African Civet,11,0.2-0.4,HAPP20,No,DSCT.S1,192000000,HAPP20
22889,2019:07:29 02:12:24,29/07/2019,0.091944,African Civet,12,0.4-0.6,HAPP20,No,DSCT.S1,192000000,HAPP20
22890,2019:07:29 02:12:24,29/07/2019,0.091944,African Civet,12,0.4-0.6,HAPP20,No,DSCT.S1,192000000,HAPP20
22891,2019:07:29 02:12:24,29/07/2019,0.091944,African Civet,12,0.4-0.6,HAPP20,No,DSCT.S1,192000000,HAPP20
22892,2019:07:29 02:12:23,29/07/2019,0.091933,African Civet,12,0.4-0.6,HAPP20,Yes,DSCT.S1,192000000,HAPP20
22935,2019:07:28 21:39:25,28/07/2019,0.902373,Black Backed Jackal,11,0.4-0.6,HAPP20,No,DSCT.S1,192000000,HAPP20
22936,2019:07:28 21:39:25,28/07/2019,0.902373,Black Backed Jackal,11,0.4-0.6,HAPP20,No,DSCT.S1,192000000,HAPP20
22937,2019:07:28 21:39:25,28/07/2019,0.902373,Black Backed Jackal,11,0.2-0.4,HAPP20,No,DSCT.S1,192000000,HAPP20
22938,2019:07:28 21:39:24,28/07/2019,0.902361,Black Backed Jackal,11,0.2-0.4,HAPP20,No,DSCT.S1,192000000,HAPP20
22939,2019:07:28 21:39:24,28/07/2019,0.902361,Black Backed Jackal,11,0.2-0.4,HAPP20,No,DSCT.S1,192000000,HAPP20
22940,2019:07:28 21:39:24,28/07/2019,0.902361,Black Backed Jackal,12,0.2-0.4,HAPP20,No,DSCT.S1,192000000,HAPP20
22941,2019:07:28 21:13:50,28/07/2019,0.884606,Black Backed Jackal,13,0.4-0.6,HAPP20,No,DSCT.S1,192000000,HAPP20
22942,2019:07:28 21:13:50,28/07/2019,0.884606,Black Backed Jackal,14,0.4-0.6,HAPP20,No,DSCT.S1,192000000,HAPP20
22943,2019:07:28 21:13:50,28/07/2019,0.884606,Black Backed Jackal,14,0.4-0.6,HAPP20,No,DSCT.S1,192000000,HAPP20
22944,2019:07:28 21:13:49,28/07/2019,0.884595,Black Backed Jackal,14,0.4-0.6,HAPP20,No,DSCT.S1,192000000,HAPP20
22945,2019:07:28 21:13:49,28/07/2019,0.884595,Black Backed Jackal,15,0.4-0.6,HAPP20,No,DSCT.S1,192000000,HAPP20
22946,2019:07:28 21:13:49,28/07/2019,0.884595,Black Backed Jackal,15,0.4-0.6,HAPP20,Yes,DSCT.S1,192000000,HAPP20
22947,2019:07:28 18:56:01,28/07/2019,0.7889,Black Backed Jackal,12,0.2-0.4,HAPP20,No,DSCT.S1,192000000,HAPP20
22948,2019:07:28 18:56:01,28/07/2019,0.7889,Black Backed Jackal,11,0.4-0.6,HAPP20,No,DSCT.S1,192000000,HAPP20
22949,2019:07:28 18:56:01,28/07/2019,0.7889,Black Backed Jackal,11,0.4-0.6,HAPP20,No,DSCT.S1,192000000,HAPP20
22950,2019:07:28 18:56:01,28/07/2019,0.7889,Black Backed Jackal,11,0.4-0.6,HAPP20,No,DSCT.S1,192000000,HAPP20
22951,2019:07:28 18:56:00,28/07/2019,0.788889,Black Backed Jackal,10,0.4-0.6,HAPP20,No,DSCT.S1,192000000,HAPP20
22952,2019:07:28 18:56:00,28/07/2019,0.788889,Black Backed Jackal,10,0.4-0.6,HAPP20,No,DSCT.S1,192000000,HAPP20
22953,2019:07:28 18:55:13,28/07/2019,0.788345,Black Backed Jackal,23,0-0.2,HAPP20,No,DSCT.S1,192000000,HAPP20
22954,2019:07:28 18:55:13,28/07/2019,0.788345,Black Backed Jackal,22,0-0.2,HAPP20,No,DSCT.S1,192000000,HAPP20
22955,2019:07:28 18:55:13,28/07/2019,0.788345,Black Backed Jackal,20,0-0.2,HAPP20,No,DSCT.S1,192000000,HAPP20
22956,2019:07:28 18:55:12,28/07/2019,0.788333,Black Backed Jackal,19,0-0.2,HAPP20,No,DSCT.S1,192000000,HAPP20
22957,2019:07:28 18:55:12,28/07/2019,0.788333,Black Backed Jackal,18,0-0.2,HAPP20,No,DSCT.S1,192000000,HAPP20
22958,2019:07:28 18:55:12,28/07/2019,0.788333,Black Backed Jackal,17,0-0.2,HAPP20,Yes,DSCT.S1,192000000,HAPP20
23679,2019:07:27 20:47:30,27/07/2019,0.866319,African Civet,18,0.4-0.6,HAPP20,No,DSCT.S1,192000000,HAPP20
23680,2019:07:27 20:47:29,27/07/2019,0.866308,African Civet,19,0.4-0.6,HAPP20,No,DSCT.S1,192000000,HAPP20
23681,2019:07:27 20:47:29,27/07/2019,0.866308,African Civet,20,0.4-0.6,HAPP20,No,DSCT.S1,192000000,HAPP20
23682,2019:07:27 20:47:29,27/07/2019,0.866308,African Civet,21,0.4-0.6,HAPP20,No,DSCT.S1,192000000,HAPP20
23683,2019:07:27 20:47:29,27/07/2019,0.866308,African Civet,21,0.4-0.6,HAPP20,No,DSCT.S1,192000000,HAPP20
23684,2019:07:27 20:47:28,27/07/2019,0.866296,African Civet,22,0.6-0.8,HAPP20,Yes,DSCT.S1,192000000,HAPP20
23949,2019:07:27 04:35:56,27/07/2019,0.19162,Black Backed Jackal,8,0.2-0.4,HAPP20,No,DSCT.S1,192000000,HAPP20
23950,2019:07:27 04:35:56,27/07/2019,0.19162,Black Backed Jackal,7.5,0.2-0.4,HAPP20,No,DSCT.S1,192000000,HAPP20
23951,2019:07:27 04:35:55,27/07/2019,0.191609,Black Backed Jackal,7,0.2-0.4,HAPP20,No,DSCT.S1,192000000,HAPP20
23952,2019:07:27 04:35:55,27/07/2019,0.191609,Black Backed Jackal,6.5,0.2-0.4,HAPP20,No,DSCT.S1,192000000,HAPP20
23953,2019:07:27 04:35:55,27/07/2019,0.191609,Black Backed Jackal,6,0.4-0.6,HAPP20,No,DSCT.S1,192000000,HAPP20
23954,2019:07:27 04:35:55,27/07/2019,0.191609,Black Backed Jackal,5.5,0.4-0.6,HAPP20,Yes,DSCT.S1,192000000,HAPP20
24015,2019:07:27 03:17:27,27/07/2019,0.137118,African Civet,18,0.4-0.6,HAPP20,No,DSCT.S1,192000000,HAPP20
24016,2019:07:27 03:17:27,27/07/2019,0.137118,African Civet,19,0.4-0.6,HAPP20,No,DSCT.S1,192000000,HAPP20
24017,2019:07:27 03:17:26,27/07/2019,0.137106,African Civet,20,0.4-0.6,HAPP20,No,DSCT.S1,192000000,HAPP20
24018,2019:07:27 03:17:26,27/07/2019,0.137106,African Civet,20,0.4-0.6,HAPP20,No,DSCT.S1,192000000,HAPP20
24019,2019:07:27 03:17:26,27/07/2019,0.137106,African Civet,21,0.4-0.6,HAPP20,No,DSCT.S1,192000000,HAPP20
24020,2019:07:27 03:17:26,27/07/2019,0.137106,African Civet,22,0.6-0.8,HAPP20,Yes,DSCT.S1,192000000,HAPP20
24057,2019:07:27 02:06:21,27/07/2019,0.087743,Black Backed Jackal,10,0.6-0.8,HAPP20,No,DSCT.S1,192000000,HAPP20
24058,2019:07:27 02:06:21,27/07/2019,0.087743,Black Backed Jackal,11,0.6-0.8,HAPP20,No,DSCT.S1,192000000,HAPP20
24059,2019:07:27 02:06:21,27/07/2019,0.087743,Black Backed Jackal,11,0.6-0.8,HAPP20,No,DSCT.S1,192000000,HAPP20
24060,2019:07:27 02:06:20,27/07/2019,0.087731,Black Backed Jackal,11,0.6-0.8,HAPP20,No,DSCT.S1,192000000,HAPP20
24061,2019:07:27 02:06:20,27/07/2019,0.087731,Black Backed Jackal,12,0.4-0.6,HAPP20,No,DSCT.S1,192000000,HAPP20
24062,2019:07:27 02:06:20,27/07/2019,0.087731,Black Backed Jackal,13,0.4-0.6,HAPP20,No,DSCT.S1,192000000,HAPP20
24063,2019:07:27 02:06:00,27/07/2019,0.0875,Black Backed Jackal,12,0-0.2,HAPP20,No,DSCT.S1,192000000,HAPP20
24064,2019:07:27 02:05:59,27/07/2019,0.087488,Black Backed Jackal,11,0-0.2,HAPP20,No,DSCT.S1,192000000,HAPP20
24065,2019:07:27 02:05:59,27/07/2019,0.087488,Black Backed Jackal,10,0-0.2,HAPP20,No,DSCT.S1,192000000,HAPP20
24066,2019:07:27 02:05:59,27/07/2019,0.087488,Black Backed Jackal,9.5,0-0.2,HAPP20,No,DSCT.S1,192000000,HAPP20
24067,2019:07:27 02:05:59,27/07/2019,0.087488,Black Backed Jackal,9.5,0.2-0.4,HAPP20,No,DSCT.S1,192000000,HAPP20
24068,2019:07:27 02:05:58,27/07/2019,0.087477,Black Backed Jackal,9,0.2-0.4,HAPP20,Yes,DSCT.S1,192000000,HAPP20
24069,2019:07:26 23:49:01,26/07/2019,0.992373,African Civet,8,0-0.2,HAPP20,No,DSCT.S1,192000000,HAPP20
24070,2019:07:26 23:49:01,26/07/2019,0.992373,African Civet,7.5,0.2-0.4,HAPP20,No,DSCT.S1,192000000,HAPP20
24071,2019:07:26 23:49:00,26/07/2019,0.992361,African Civet,7.5,0.2-0.4,HAPP20,No,DSCT.S1,192000000,HAPP20
24072,2019:07:26 23:49:00,26/07/2019,0.992361,African Civet,7.5,0.2-0.4,HAPP20,No,DSCT.S1,192000000,HAPP20
24073,2019:07:26 23:49:00,26/07/2019,0.992361,African Civet,7.5,0.2-0.4,HAPP20,No,DSCT.S1,192000000,HAPP20
24074,2019:07:26 23:48:59,26/07/2019,0.99235,African Civet,7.5,0.2-0.4,HAPP20,Yes,DSCT.S1,192000000,HAPP20
24513,2019:07:26 05:20:42,26/07/2019,0.222708,Black Backed Jackal,9,0-0.2,HAPP20,No,DSCT.S1,192000000,HAPP20
24514,2019:07:26 05:20:42,26/07/2019,0.222708,Black Backed Jackal,7.5,0.2-0.4,HAPP20,No,DSCT.S1,192000000,HAPP20
24515,2019:07:26 05:20:41,26/07/2019,0.222697,Black Backed Jackal,7,0.2-0.4,HAPP20,No,DSCT.S1,192000000,HAPP20
24516,2019:07:26 05:20:41,26/07/2019,0.222697,Black Backed Jackal,6.5,0.2-0.4,HAPP20,No,DSCT.S1,192000000,HAPP20
24517,2019:07:26 05:20:41,26/07/2019,0.222697,Black Backed Jackal,6.5,0.2-0.4,HAPP20,No,DSCT.S1,192000000,HAPP20
24518,2019:07:26 05:20:41,26/07/2019,0.222697,Black Backed Jackal,5.5,0.4-0.6,HAPP20,No,DSCT.S1,192000000,HAPP20
24519,2019:07:26 05:16:22,26/07/2019,0.219699,Black Backed Jackal,12,0.6-0.8,HAPP20,No,DSCT.S1,192000000,HAPP20
24520,2019:07:26 05:16:22,26/07/2019,0.219699,Black Backed Jackal,12,0.4-0.6,HAPP20,No,DSCT.S1,192000000,HAPP20
24521,2019:07:26 05:16:22,26/07/2019,0.219699,Black Backed Jackal,13,0.4-0.6,HAPP20,No,DSCT.S1,192000000,HAPP20
24522,2019:07:26 05:16:21,26/07/2019,0.219688,Black Backed Jackal,14,0.4-0.6,HAPP20,No,DSCT.S1,192000000,HAPP20
24523,2019:07:26 05:16:21,26/07/2019,0.219688,Black Backed Jackal,15,0.2-0.4,HAPP20,No,DSCT.S1,192000000,HAPP20
24524,2019:07:26 05:16:21,26/07/2019,0.219688,Black Backed Jackal,15,0.2-0.4,HAPP20,Yes,DSCT.S1,192000000,HAPP20
24525,2019:07:26 04:16:33,26/07/2019,0.17816,Black Backed Jackal,16,0-0.2,HAPP20,No,DSCT.S1,192000000,HAPP20
24526,2019:07:26 04:16:33,26/07/2019,0.17816,Black Backed Jackal,15,0.2-0.4,HAPP20,No,DSCT.S1,192000000,HAPP20
24527,2019:07:26 04:16:33,26/07/2019,0.17816,Black Backed Jackal,15,0.2-0.4,HAPP20,No,DSCT.S1,192000000,HAPP20
24528,2019:07:26 04:16:32,26/07/2019,0.178148,Black Backed Jackal,14,0.2-0.4,HAPP20,No,DSCT.S1,192000000,HAPP20
24529,2019:07:26 04:16:32,26/07/2019,0.178148,Black Backed Jackal,13,0.4-0.6,HAPP20,No,DSCT.S1,192000000,HAPP20
24530,2019:07:26 04:16:32,26/07/2019,0.178148,Black Backed Jackal,11,0.4-0.6,HAPP20,No,DSCT.S1,192000000,HAPP20
24531,2019:07:26 04:13:55,26/07/2019,0.176331,Black Backed Jackal,23,0-0.2,HAPP20,No,DSCT.S1,192000000,HAPP20
24532,2019:07:26 04:13:54,26/07/2019,0.176319,Black Backed Jackal,24,0.2-0.4,HAPP20,No,DSCT.S1,192000000,HAPP20
24533,2019:07:26 04:13:54,26/07/2019,0.176319,Black Backed Jackal,24,0.2-0.4,HAPP20,No,DSCT.S1,192000000,HAPP20
24534,2019:07:26 04:13:54,26/07/2019,0.176319,Black Backed Jackal,23,0.2-0.4,HAPP20,No,DSCT.S1,192000000,HAPP20
24535,2019:07:26 04:13:53,26/07/2019,0.176308,Black Backed Jackal,23,0.2-0.4,HAPP20,No,DSCT.S1,192000000,HAPP20
24536,2019:07:26 04:13:53,26/07/2019,0.176308,Black Backed Jackal,22,0.2-0.4,HAPP20,Yes,DSCT.S1,192000000,HAPP20
24555,2019:07:26 02:44:09,26/07/2019,0.113993,Black Backed Jackal,19,0.4-0.6,HAPP20,No,DSCT.S1,192000000,HAPP20
24556,2019:07:26 02:44:09,26/07/2019,0.113993,Black Backed Jackal,19,0.4-0.6,HAPP20,No,DSCT.S1,192000000,HAPP20
24557,2019:07:26 02:44:08,26/07/2019,0.113981,Black Backed Jackal,19,0.4-0.6,HAPP20,No,DSCT.S1,192000000,HAPP20
24558,2019:07:26 02:44:08,26/07/2019,0.113981,Black Backed Jackal,19,0.4-0.6,HAPP20,No,DSCT.S1,192000000,HAPP20
24559,2019:07:26 02:44:08,26/07/2019,0.113981,Black Backed Jackal,19,0.4-0.6,HAPP20,No,DSCT.S1,192000000,HAPP20
24560,2019:07:26 02:44:07,26/07/2019,0.11397,Black Backed Jackal,19,0.4-0.6,HAPP20,No,DSCT.S1,192000000,HAPP20
24561,2019:07:26 02:43:57,26/07/2019,0.113854,Black Backed Jackal,21,0.6-0.8,HAPP20,No,DSCT.S1,192000000,HAPP20
24562,2019:07:26 02:43:57,26/07/2019,0.113854,Black Backed Jackal,17,0.4-0.6,HAPP20,No,DSCT.S1,192000000,HAPP20
24563,2019:07:26 02:43:57,26/07/2019,0.113854,Black Backed Jackal,15,0.4-0.6,HAPP20,No,DSCT.S1,192000000,HAPP20
24564,2019:07:26 02:43:56,26/07/2019,0.113843,Black Backed Jackal,14,0.2-0.4,HAPP20,No,DSCT.S1,192000000,HAPP20
24565,2019:07:26 02:43:56,26/07/2019,0.113843,Black Backed Jackal,11,0-0.2,HAPP20,No,DSCT.S1,192000000,HAPP20
24566,2019:07:26 02:43:56,26/07/2019,0.113843,Black Backed Jackal,10,0.2-0.4,HAPP20,Yes,DSCT.S1,192000000,HAPP20
24609,2019:07:26 00:15:49,26/07/2019,0.010984,Brown Hyena,16,0.8-1,HAPP20,No,DSCT.S1,192000000,HAPP20
24610,2019:07:26 00:15:49,26/07/2019,0.010984,Brown Hyena,16,0.2-0.4,HAPP20,No,DSCT.S1,192000000,HAPP20
24611,2019:07:26 00:15:48,26/07/2019,0.010972,Brown Hyena,16,0.2-0.4,HAPP20,No,DSCT.S1,192000000,HAPP20
24612,2019:07:26 00:15:48,26/07/2019,0.010972,Brown Hyena,16,0.2-0.4,HAPP20,No,DSCT.S1,192000000,HAPP20
24613,2019:07:26 00:15:48,26/07/2019,0.010972,Brown Hyena,16,0.2-0.4,HAPP20,No,DSCT.S1,192000000,HAPP20
24614,2019:07:26 00:15:47,26/07/2019,0.010961,Brown Hyena,16,0.2-0.4,HAPP20,Yes,DSCT.S1,192000000,HAPP20
24771,2019:07:25 17:08:47,25/07/2019,0.714433,Black Backed Jackal,26+,0.2-0.4,HAPP20,No,DSCT.S1,192000000,HAPP20
24772,2019:07:25 17:08:47,25/07/2019,0.714433,Black Backed Jackal,25,0-0.2,HAPP20,No,DSCT.S1,192000000,HAPP20
24773,2019:07:25 17:08:46,25/07/2019,0.714421,Black Backed Jackal,23,0-0.2,HAPP20,No,DSCT.S1,192000000,HAPP20
24774,2019:07:25 17:08:46,25/07/2019,0.714421,Black Backed Jackal,22,0-0.2,HAPP20,No,DSCT.S1,192000000,HAPP20
24775,2019:07:25 17:08:46,25/07/2019,0.714421,Black Backed Jackal,20,0-0.2,HAPP20,No,DSCT.S1,192000000,HAPP20
24776,2019:07:25 17:08:45,25/07/2019,0.71441,Black Backed Jackal,18,0-0.2,HAPP20,Yes,DSCT.S1,192000000,HAPP20
25461,2019:07:24 22:05:13,24/07/2019,0.920289,African Civet,9.5,0.8-1,HAPP20,No,DSCT.S1,192000000,HAPP20
25462,2019:07:24 22:05:13,24/07/2019,0.920289,African Civet,9.5,0.8-1,HAPP20,No,DSCT.S1,192000000,HAPP20
25463,2019:07:24 22:05:12,24/07/2019,0.920278,African Civet,9.5,0.6-0.8,HAPP20,No,DSCT.S1,192000000,HAPP20
25464,2019:07:24 22:05:12,24/07/2019,0.920278,African Civet,9.5,0.6-0.8,HAPP20,No,DSCT.S1,192000000,HAPP20
25465,2019:07:24 22:05:12,24/07/2019,0.920278,African Civet,10,0.6-0.8,HAPP20,No,DSCT.S1,192000000,HAPP20
25466,2019:07:24 22:05:12,24/07/2019,0.920278,African Civet,10,0.6-0.8,HAPP20,No,DSCT.S1,192000000,HAPP20
25467,2019:07:24 22:05:04,24/07/2019,0.920185,African Civet,17,0.2-0.4,HAPP20,No,DSCT.S1,192000000,HAPP20
25468,2019:07:24 22:05:03,24/07/2019,0.920174,African Civet,17,0.4-0.6,HAPP20,No,DSCT.S1,192000000,HAPP20
25469,2019:07:24 22:05:03,24/07/2019,0.920174,African Civet,18,0.4-0.6,HAPP20,No,DSCT.S1,192000000,HAPP20
25470,2019:07:24 22:05:03,24/07/2019,0.920174,African Civet,18,0.4-0.6,HAPP20,No,DSCT.S1,192000000,HAPP20
25471,2019:07:24 22:05:03,24/07/2019,0.920174,African Civet,18,0.4-0.6,HAPP20,No,DSCT.S1,192000000,HAPP20
25472,2019:07:24 22:05:02,24/07/2019,0.920162,African Civet,20,0.6-0.8,HAPP20,Yes,DSCT.S1,192000000,HAPP20
25479,2019:07:24 18:19:34,24/07/2019,0.763588,Brown Hyena,4.5,0.8-1,HAPP20,No,DSCT.S1,192000000,HAPP20
25480,2019:07:24 18:19:34,24/07/2019,0.763588,Brown Hyena,4.5,0.8-1,HAPP20,No,DSCT.S1,192000000,HAPP20
25481,2019:07:24 18:19:33,24/07/2019,0.763576,Brown Hyena,4.5,0.8-1,HAPP20,No,DSCT.S1,192000000,HAPP20
25482,2019:07:24 18:19:33,24/07/2019,0.763576,Brown Hyena,5,0.6-0.8,HAPP20,No,DSCT.S1,192000000,HAPP20
25483,2019:07:24 18:19:33,24/07/2019,0.763576,Brown Hyena,5,0.6-0.8,HAPP20,No,DSCT.S1,192000000,HAPP20
25484,2019:07:24 18:19:32,24/07/2019,0.763565,Brown Hyena,5.5,0.6-0.8,HAPP20,Yes,DSCT.S1,192000000,HAPP20
25929,2019:07:23 20:45:29,23/07/2019,0.864919,African Civet,7.5,0-0.2,HAPP20,No,DSCT.S1,192000000,HAPP20
25930,2019:07:23 20:45:29,23/07/2019,0.864919,African Civet,7,0-0.2,HAPP20,No,DSCT.S1,192000000,HAPP20
25931,2019:07:23 20:45:28,23/07/2019,0.864907,African Civet,7,0-0.2,HAPP20,No,DSCT.S1,192000000,HAPP20
25932,2019:07:23 20:45:28,23/07/2019,0.864907,African Civet,6.5,0-0.2,HAPP20,No,DSCT.S1,192000000,HAPP20
25933,2019:07:23 20:45:28,23/07/2019,0.864907,African Civet,6.5,0-0.2,HAPP20,No,DSCT.S1,192000000,HAPP20
25934,2019:07:23 20:45:28,23/07/2019,0.864907,African Civet,6.5,0-0.2,HAPP20,Yes,DSCT.S1,192000000,HAPP20
26091,2019:07:23 01:48:06,23/07/2019,0.075069,Black Backed Jackal,7,0-0.2,HAPP20,No,DSCT.S1,192000000,HAPP20
26092,2019:07:23 01:48:06,23/07/2019,0.075069,Black Backed Jackal,7,0-0.2,HAPP20,No,DSCT.S1,192000000,HAPP20
26093,2019:07:23 01:48:06,23/07/2019,0.075069,Black Backed Jackal,7.5,0-0.2,HAPP20,No,DSCT.S1,192000000,HAPP20
26094,2019:07:23 01:48:06,23/07/2019,0.075069,Black Backed Jackal,8,0.2-0.4,HAPP20,No,DSCT.S1,192000000,HAPP20
26095,2019:07:23 01:48:05,23/07/2019,0.075058,Black Backed Jackal,8.5,0.4-0.6,HAPP20,No,DSCT.S1,192000000,HAPP20
26096,2019:07:23 01:48:05,23/07/2019,0.075058,Black Backed Jackal,8.5,0.4-0.6,HAPP20,Yes,DSCT.S1,192000000,HAPP20
26145,2019:07:22 22:07:05,22/07/2019,0.921586,Black Backed Jackal,14,0.4-0.6,HAPP20,No,DSCT.S1,192000000,HAPP20
26146,2019:07:22 22:07:05,22/07/2019,0.921586,Black Backed Jackal,13,0.4-0.6,HAPP20,No,DSCT.S1,192000000,HAPP20
26147,2019:07:22 22:07:04,22/07/2019,0.921574,Black Backed Jackal,12,0.4-0.6,HAPP20,No,DSCT.S1,192000000,HAPP20
26148,2019:07:22 22:07:04,22/07/2019,0.921574,Black Backed Jackal,12,0.4-0.6,HAPP20,No,DSCT.S1,192000000,HAPP20
26149,2019:07:22 22:07:04,22/07/2019,0.921574,Black Backed Jackal,12,0.4-0.6,HAPP20,No,DSCT.S1,192000000,HAPP20
26150,2019:07:22 22:07:04,22/07/2019,0.921574,Black Backed Jackal,11,0.4-0.6,HAPP20,Yes,DSCT.S1,192000000,HAPP20
26466,2019:07:28 05:12:50,28/07/2019,0.217245,Black Backed Jackal,11,0.4-0.6,DEPP01,No,DSCT.S1,192000000,DEPP01
26467,2019:07:28 05:12:49,28/07/2019,0.217234,Black Backed Jackal,11,0.2-0.4,DEPP01,No,DSCT.S1,192000000,DEPP01
26468,2019:07:28 05:12:49,28/07/2019,0.217234,Black Backed Jackal,11,0.2-0.4,DEPP01,No,DSCT.S1,192000000,DEPP01
26469,2019:07:28 05:12:49,28/07/2019,0.217234,Black Backed Jackal,11,0.2-0.4,DEPP01,No,DSCT.S1,192000000,DEPP01
26470,2019:07:28 05:12:48,28/07/2019,0.217222,Black Backed Jackal,12,0-0.2,DEPP01,No,DSCT.S1,192000000,DEPP01
26471,2019:07:28 05:12:48,28/07/2019,0.217222,Black Backed Jackal,12,0-0.2,DEPP01,Yes,DSCT.S1,192000000,DEPP01
26562,2019:07:25 21:59:40,25/07/2019,0.916435,Brown Hyena,8,0.2-0.4,DEPP01,No,DSCT.S1,192000000,DEPP01
26563,2019:07:25 21:59:40,25/07/2019,0.916435,Brown Hyena,7.5,0-0.2,DEPP01,No,DSCT.S1,192000000,DEPP01
26564,2019:07:25 21:59:39,25/07/2019,0.916424,Brown Hyena,7,0-0.2,DEPP01,No,DSCT.S1,192000000,DEPP01
26565,2019:07:25 21:59:39,25/07/2019,0.916424,Brown Hyena,7,0-0.2,DEPP01,No,DSCT.S1,192000000,DEPP01
26566,2019:07:25 21:59:39,25/07/2019,0.916424,Brown Hyena,7,0.2-0.4,DEPP01,No,DSCT.S1,192000000,DEPP01
26567,2019:07:25 21:59:38,25/07/2019,0.916412,Brown Hyena,7,0.4-0.6,DEPP01,No,DSCT.S1,192000000,DEPP01
26568,2019:07:25 21:58:43,25/07/2019,0.915775,Brown Hyena,8.5,0.8-1,DEPP01,No,DSCT.S1,192000000,DEPP01
26569,2019:07:25 21:58:43,25/07/2019,0.915775,Brown Hyena,8,0.8-1,DEPP01,No,DSCT.S1,192000000,DEPP01
26570,2019:07:25 21:58:42,25/07/2019,0.915764,Brown Hyena,8,0.8-1,DEPP01,No,DSCT.S1,192000000,DEPP01
26571,2019:07:25 21:58:42,25/07/2019,0.915764,Brown Hyena,7.5,0.8-1,DEPP01,No,DSCT.S1,192000000,DEPP01
26572,2019:07:25 21:58:36,25/07/2019,0.915694,Brown Hyena,5.5,0-0.2,DEPP01,No,DSCT.S1,192000000,DEPP01
26573,2019:07:25 21:58:36,25/07/2019,0.915694,Brown Hyena,5.5,0-0.2,DEPP01,No,DSCT.S1,192000000,DEPP01
26574,2019:07:25 21:58:36,25/07/2019,0.915694,Brown Hyena,5.5,0.2-0.4,DEPP01,No,DSCT.S1,192000000,DEPP01
26575,2019:07:25 21:58:35,25/07/2019,0.915683,Brown Hyena,5.5,0.4-0.6,DEPP01,No,DSCT.S1,192000000,DEPP01
26576,2019:07:25 21:58:35,25/07/2019,0.915683,Brown Hyena,5.5,0.4-0.6,DEPP01,No,DSCT.S1,192000000,DEPP01
26577,2019:07:25 21:58:35,25/07/2019,0.915683,Brown Hyena,5.5,0.6-0.8,DEPP01,Yes,DSCT.S1,192000000,DEPP01
26638,2019:07:24 06:30:39,24/07/2019,0.271285,Caracal,16,0.4-0.6,DEPP01,No,DSCT.S1,192000000,DEPP01
26639,2019:07:24 06:30:39,24/07/2019,0.271285,Caracal,16,0.4-0.6,DEPP01,No,DSCT.S1,192000000,DEPP01
26640,2019:07:24 06:30:38,24/07/2019,0.271273,Caracal,15,0.4-0.6,DEPP01,No,DSCT.S1,192000000,DEPP01
26641,2019:07:24 06:30:38,24/07/2019,0.271273,Caracal,15,0.4-0.6,DEPP01,No,DSCT.S1,192000000,DEPP01
26642,2019:07:24 06:30:38,24/07/2019,0.271273,Caracal,15,0.4-0.6,DEPP01,No,DSCT.S1,192000000,DEPP01
26643,2019:07:24 06:30:37,24/07/2019,0.271262,Caracal,15,0.2-0.4,DEPP01,No,DSCT.S1,192000000,DEPP01
26644,2019:07:24 06:30:31,24/07/2019,0.271192,Caracal,14,0.4-0.6,DEPP01,No,DSCT.S1,192000000,DEPP01
26645,2019:07:24 06:30:31,24/07/2019,0.271192,Caracal,14,0.4-0.6,DEPP01,No,DSCT.S1,192000000,DEPP01
26646,2019:07:24 06:30:30,24/07/2019,0.271181,Caracal,14,0.4-0.6,DEPP01,No,DSCT.S1,192000000,DEPP01
26647,2019:07:24 06:30:30,24/07/2019,0.271181,Caracal,14,0.4-0.6,DEPP01,No,DSCT.S1,192000000,DEPP01
26648,2019:07:24 06:30:30,24/07/2019,0.271181,Caracal,14,0.6-0.8,DEPP01,No,DSCT.S1,192000000,DEPP01
26649,2019:07:24 06:30:30,24/07/2019,0.271181,Caracal,14,0.6-0.8,DEPP01,Yes,DSCT.S1,192000000,DEPP01
26890,2019:07:30 16:40:00,30/07/2019,0.694444,Black Backed Jackal,4.5,0.8-1,DEPP06,No,DSCT.S1,192000000,DEPP06
26891,2019:07:30 16:40:00,30/07/2019,0.694444,Black Backed Jackal,5,0.4-0.6,DEPP06,Yes,DSCT.S1,192000000,DEPP06
27853,2019:08:03 23:54:47,03/08/2019,0.996377,Leopard,26+,0.8-1,MOPP14,No,DSCT.S1,192000000,MOPP14
27854,2019:08:03 23:54:38,03/08/2019,0.996273,Leopard,9.5,0.4-0.6,MOPP14,No,DSCT.S1,192000000,MOPP14
27855,2019:08:03 23:54:38,03/08/2019,0.996273,Leopard,9.5,0.4-0.6,MOPP14,No,DSCT.S1,192000000,MOPP14
27856,2019:08:03 23:54:38,03/08/2019,0.996273,Leopard,9,0.4-0.6,MOPP14,No,DSCT.S1,192000000,MOPP14
27857,2019:08:03 23:54:37,03/08/2019,0.996262,Leopard,9,0.6-0.8,MOPP14,No,DSCT.S1,192000000,MOPP14
27858,2019:08:03 23:54:37,03/08/2019,0.996262,Leopard,9,0.6-0.8,MOPP14,No,DSCT.S1,192000000,MOPP14
27859,2019:08:03 23:54:37,03/08/2019,0.996262,Leopard,8.5,0.6-0.8,MOPP14,Yes,DSCT.S1,192000000,MOPP14
28880,2019:07:31 04:05:06,31/07/2019,0.170208,Brown Hyena,11,0-0.2,MOPP14,No,DSCT.S1,192000000,MOPP14
28881,2019:07:31 04:05:06,31/07/2019,0.170208,Brown Hyena,10,0-0.2,MOPP14,No,DSCT.S1,192000000,MOPP14
28882,2019:07:31 04:05:06,31/07/2019,0.170208,Brown Hyena,11,0.2-0.4,MOPP14,No,DSCT.S1,192000000,MOPP14
28883,2019:07:31 04:05:06,31/07/2019,0.170208,Brown Hyena,10,0.2-0.4,MOPP14,No,DSCT.S1,192000000,MOPP14
28884,2019:07:31 04:05:05,31/07/2019,0.170197,Brown Hyena,11,0.2-0.4,MOPP14,No,DSCT.S1,192000000,MOPP14
28885,2019:07:31 04:05:05,31/07/2019,0.170197,Brown Hyena,10,0.4-0.6,MOPP14,Yes,DSCT.S1,192000000,MOPP14
28886,2019:07:31 04:04:57,31/07/2019,0.170104,Brown Hyena,10,0.2-0.4,MOPP14,No,DSCT.S1,192000000,MOPP14
28887,2019:07:31 04:04:57,31/07/2019,0.170104,Brown Hyena,10,0.4-0.6,MOPP14,No,DSCT.S1,192000000,MOPP14
28888,2019:07:31 04:04:57,31/07/2019,0.170104,Brown Hyena,9.5,0.4-0.6,MOPP14,No,DSCT.S1,192000000,MOPP14
28889,2019:07:31 04:04:56,31/07/2019,0.170093,Brown Hyena,9.5,0.4-0.6,MOPP14,No,DSCT.S1,192000000,MOPP14
28890,2019:07:31 04:04:56,31/07/2019,0.170093,Brown Hyena,9.5,0.6-0.8,MOPP14,No,DSCT.S1,192000000,MOPP14
28891,2019:07:31 04:04:56,31/07/2019,0.170093,Brown Hyena,9,0.6-0.8,MOPP14,Yes,DSCT.S1,192000000,MOPP14
29810,2019:07:25 01:12:15,25/07/2019,0.050174,Leopard,25,0.8-1,MOPP14,No,DSCT.S1,192000000,MOPP14
29811,2019:07:25 01:12:15,25/07/2019,0.050174,Leopard,24,0.8-1,MOPP14,No,DSCT.S1,192000000,MOPP14
29812,2019:07:25 01:12:15,25/07/2019,0.050174,Leopard,23,0.8-1,MOPP14,No,DSCT.S1,192000000,MOPP14
29813,2019:07:25 01:12:08,25/07/2019,0.050093,Leopard,7,0.2-0.4,MOPP14,No,DSCT.S1,192000000,MOPP14
29814,2019:07:25 01:12:08,25/07/2019,0.050093,Leopard,7,0.2-0.4,MOPP14,No,DSCT.S1,192000000,MOPP14
29815,2019:07:25 01:12:08,25/07/2019,0.050093,Leopard,6.5,0.4-0.6,MOPP14,No,DSCT.S1,192000000,MOPP14
29816,2019:07:25 01:12:07,25/07/2019,0.050081,Leopard,6,0.4-0.6,MOPP14,No,DSCT.S1,192000000,MOPP14
29817,2019:07:25 01:12:07,25/07/2019,0.050081,Leopard,6,0.6-0.8,MOPP14,No,DSCT.S1,192000000,MOPP14
29818,2019:07:25 01:12:07,25/07/2019,0.050081,Leopard,6,0.8-1,MOPP14,Yes,DSCT.S1,192000000,MOPP14
30726,2019:07:24 03:39:05,24/07/2019,0.152141,Black Backed Jackal,3.5,0.2-0.4,HAPP17,No,DSCT.S1,192000000,HAPP17
30728,2019:07:24 03:39:04,24/07/2019,0.15213,Black Backed Jackal,3.5,0.2-0.4,HAPP17,No,DSCT.S1,192000000,HAPP17
30731,2019:07:24 03:38:58,24/07/2019,0.15206,Black Backed Jackal,1,0.4-0.6,HAPP17,No,DSCT.S1,192000000,HAPP17
30734,2019:07:24 03:38:57,24/07/2019,0.152049,Black Backed Jackal,1,0.4-0.6,HAPP17,No,DSCT.S1,192000000,HAPP17
30736,2019:07:24 03:38:51,24/07/2019,0.151979,Black Backed Jackal,1.5,0.2-0.4,HAPP17,No,DSCT.S1,192000000,HAPP17
30739,2019:07:24 03:38:50,24/07/2019,0.151968,Black Backed Jackal,1.5,0.4-0.6,HAPP17,No,DSCT.S1,192000000,HAPP17
30741,2019:07:24 03:38:49,24/07/2019,0.151956,Black Backed Jackal,1.5,0.6-0.8,HAPP17,Yes,DSCT.S1,192000000,HAPP17
30760,2019:07:23 22:08:35,23/07/2019,0.922627,Brown Hyena,3,0-0.2,HAPP17,No,DSCT.S1,192000000,HAPP17
30761,2019:07:23 22:08:35,23/07/2019,0.922627,Brown Hyena,3.5,0-0.2,HAPP17,No,DSCT.S1,192000000,HAPP17
30762,2019:07:23 22:08:35,23/07/2019,0.922627,Brown Hyena,3.5,0-0.2,HAPP17,No,DSCT.S1,192000000,HAPP17
30763,2019:07:23 22:08:34,23/07/2019,0.922616,Brown Hyena,3.5,0-0.2,HAPP17,No,DSCT.S1,192000000,HAPP17
30764,2019:07:23 22:08:34,23/07/2019,0.922616,Brown Hyena,4.5,0-0.2,HAPP17,No,DSCT.S1,192000000,HAPP17
30765,2019:07:23 22:08:34,23/07/2019,0.922616,Brown Hyena,4.5,0-0.2,HAPP17,No,DSCT.S1,192000000,HAPP17
30766,2019:07:23 22:08:27,23/07/2019,0.922535,Brown Hyena,10,0.4-0.6,HAPP17,No,DSCT.S1,192000000,HAPP17
30767,2019:07:23 22:08:27,23/07/2019,0.922535,Brown Hyena,10,0.4-0.6,HAPP17,No,DSCT.S1,192000000,HAPP17
30768,2019:07:23 22:08:27,23/07/2019,0.922535,Brown Hyena,10,0.4-0.6,HAPP17,No,DSCT.S1,192000000,HAPP17
30769,2019:07:23 22:08:26,23/07/2019,0.922523,Brown Hyena,10,0.6-0.8,HAPP17,No,DSCT.S1,192000000,HAPP17
30770,2019:07:23 22:08:26,23/07/2019,0.922523,Brown Hyena,10,0.6-0.8,HAPP17,No,DSCT.S1,192000000,HAPP17
30771,2019:07:23 22:08:26,23/07/2019,0.922523,Brown Hyena,11,0.8-1,HAPP17,Yes,DSCT.S1,192000000,HAPP17
30778,2019:07:23 17:31:41,23/07/2019,0.730336,Black Backed Jackal,26+,0-0.2,HAPP17,No,DSCT.S1,192000000,HAPP17
30779,2019:07:23 17:31:40,23/07/2019,0.730324,Black Backed Jackal,26+,0-0.2,HAPP17,No,DSCT.S1,192000000,HAPP17
30780,2019:07:23 17:31:40,23/07/2019,0.730324,Black Backed Jackal,25,0-0.2,HAPP17,No,DSCT.S1,192000000,HAPP17
30781,2019:07:23 17:31:40,23/07/2019,0.730324,Black Backed Jackal,23,0-0.2,HAPP17,No,DSCT.S1,192000000,HAPP17
30782,2019:07:23 17:31:39,23/07/2019,0.730313,Black Backed Jackal,22,0-0.2,HAPP17,No,DSCT.S1,192000000,HAPP17
30783,2019:07:23 17:31:39,23/07/2019,0.730313,Black Backed Jackal,20,0-0.2,HAPP17,No,DSCT.S1,192000000,HAPP17
30784,2019:07:23 17:28:09,23/07/2019,0.727882,Black Backed Jackal,18,0.8-1,HAPP17,No,DSCT.S1,192000000,HAPP17
30785,2019:07:23 17:28:09,23/07/2019,0.727882,Black Backed Jackal,17,0.8-1,HAPP17,No,DSCT.S1,192000000,HAPP17
30786,2019:07:23 17:28:08,23/07/2019,0.72787,Black Backed Jackal,14,0.4-0.6,HAPP17,No,DSCT.S1,192000000,HAPP17
30787,2019:07:23 17:28:08,23/07/2019,0.72787,Black Backed Jackal,13,0.2-0.4,HAPP17,No,DSCT.S1,192000000,HAPP17
30788,2019:07:23 17:28:02,23/07/2019,0.727801,Black Backed Jackal,10,0.6-0.8,HAPP17,No,DSCT.S1,192000000,HAPP17
30789,2019:07:23 17:28:01,23/07/2019,0.727789,Black Backed Jackal,10,0.6-0.8,HAPP17,No,DSCT.S1,192000000,HAPP17
30790,2019:07:23 17:28:01,23/07/2019,0.727789,Black Backed Jackal,10,0.6-0.8,HAPP17,No,DSCT.S1,192000000,HAPP17
30791,2019:07:23 17:28:01,23/07/2019,0.727789,Black Backed Jackal,10,0.6-0.8,HAPP17,No,DSCT.S1,192000000,HAPP17
30792,2019:07:23 17:28:00,23/07/2019,0.727778,Black Backed Jackal,10,0.6-0.8,HAPP17,No,DSCT.S1,192000000,HAPP17
30793,2019:07:23 17:28:00,23/07/2019,0.727778,Black Backed Jackal,10,0.6-0.8,HAPP17,Yes,DSCT.S1,192000000,HAPP17
30812,2019:07:23 07:43:39,23/07/2019,0.321979,Black Backed Jackal,10,0-0.2,HAPP17,No,DSCT.S1,192000000,HAPP17
30813,2019:07:23 07:43:38,23/07/2019,0.321968,Black Backed Jackal,11,0-0.2,HAPP17,No,DSCT.S1,192000000,HAPP17
30814,2019:07:23 07:43:38,23/07/2019,0.321968,Black Backed Jackal,11,0-0.2,HAPP17,No,DSCT.S1,192000000,HAPP17
30815,2019:07:23 07:43:38,23/07/2019,0.321968,Black Backed Jackal,12,0.2-0.4,HAPP17,No,DSCT.S1,192000000,HAPP17
30816,2019:07:23 07:43:38,23/07/2019,0.321968,Black Backed Jackal,13,0.4-0.6,HAPP17,No,DSCT.S1,192000000,HAPP17
30817,2019:07:23 07:43:37,23/07/2019,0.321956,Black Backed Jackal,13,0.4-0.6,HAPP17,No,DSCT.S1,192000000,HAPP17
30818,2019:07:23 07:43:27,23/07/2019,0.32184,Black Backed Jackal,8,0.2-0.4,HAPP17,No,DSCT.S1,192000000,HAPP17
30819,2019:07:23 07:43:27,23/07/2019,0.32184,Black Backed Jackal,8,0-0.2,HAPP17,No,DSCT.S1,192000000,HAPP17
30820,2019:07:23 07:43:27,23/07/2019,0.32184,Black Backed Jackal,8,0-0.2,HAPP17,No,DSCT.S1,192000000,HAPP17
30821,2019:07:23 07:43:26,23/07/2019,0.321829,Black Backed Jackal,8,0-0.2,HAPP17,No,DSCT.S1,192000000,HAPP17
30822,2019:07:23 07:43:26,23/07/2019,0.321829,Black Backed Jackal,9,0.2-0.4,HAPP17,No,DSCT.S1,192000000,HAPP17
30823,2019:07:23 07:43:26,23/07/2019,0.321829,Black Backed Jackal,9.5,0.4-0.6,HAPP17,No,DSCT.S1,192000000,HAPP17
30824,2019:07:23 07:21:01,23/07/2019,0.306262,Black Backed Jackal,15,0.6-0.8,HAPP17,No,DSCT.S1,192000000,HAPP17
30825,2019:07:23 07:21:01,23/07/2019,0.306262,Black Backed Jackal,14,0.4-0.6,HAPP17,No,DSCT.S1,192000000,HAPP17
30826,2019:07:23 07:21:00,23/07/2019,0.30625,Black Backed Jackal,13,0.2-0.4,HAPP17,No,DSCT.S1,192000000,HAPP17
30827,2019:07:23 07:21:00,23/07/2019,0.30625,Black Backed Jackal,12,0.2-0.4,HAPP17,No,DSCT.S1,192000000,HAPP17
30828,2019:07:23 07:21:00,23/07/2019,0.30625,Black Backed Jackal,12,0-0.2,HAPP17,No,DSCT.S1,192000000,HAPP17
30829,2019:07:23 07:21:00,23/07/2019,0.30625,Black Backed Jackal,11,0-0.2,HAPP17,No,DSCT.S1,192000000,HAPP17
30830,2019:07:23 07:20:54,23/07/2019,0.306181,Black Backed Jackal,10,0.6-0.8,HAPP17,No,DSCT.S1,192000000,HAPP17
30831,2019:07:23 07:20:54,23/07/2019,0.306181,Black Backed Jackal,10,0.6-0.8,HAPP17,No,DSCT.S1,192000000,HAPP17
30832,2019:07:23 07:20:53,23/07/2019,0.306169,Black Backed Jackal,10,0.6-0.8,HAPP17,No,DSCT.S1,192000000,HAPP17
30833,2019:07:23 07:20:53,23/07/2019,0.306169,Black Backed Jackal,10,0.6-0.8,HAPP17,No,DSCT.S1,192000000,HAPP17
30834,2019:07:23 07:20:53,23/07/2019,0.306169,Black Backed Jackal,10,0.6-0.8,HAPP17,No,DSCT.S1,192000000,HAPP17
30835,2019:07:23 07:20:53,23/07/2019,0.306169,Black Backed Jackal,10,0.6-0.8,HAPP17,No,DSCT.S1,192000000,HAPP17
30836,2019:07:23 07:09:35,23/07/2019,0.298322,Black Backed Jackal,8,0-0.2,HAPP17,No,DSCT.S1,192000000,HAPP17
30837,2019:07:23 07:09:34,23/07/2019,0.29831,Black Backed Jackal,8,0-0.2,HAPP17,No,DSCT.S1,192000000,HAPP17
30838,2019:07:23 07:09:34,23/07/2019,0.29831,Black Backed Jackal,9,0-0.2,HAPP17,No,DSCT.S1,192000000,HAPP17
30839,2019:07:23 07:09:34,23/07/2019,0.29831,Black Backed Jackal,9,0.2-0.4,HAPP17,No,DSCT.S1,192000000,HAPP17
30840,2019:07:23 07:09:34,23/07/2019,0.29831,Black Backed Jackal,9.5,0.4-0.6,HAPP17,No,DSCT.S1,192000000,HAPP17
30841,2019:07:23 07:09:33,23/07/2019,0.298299,Black Backed Jackal,10,0.6-0.8,HAPP17,Yes,DSCT.S1,192000000,HAPP17
30842,2019:07:22 18:47:59,22/07/2019,0.783322,Black Backed Jackal,9.5,0.6-0.8,HAPP17,No,DSCT.S1,192000000,HAPP17
30843,2019:07:22 18:47:59,22/07/2019,0.783322,Black Backed Jackal,9.5,0.4-0.6,HAPP17,No,DSCT.S1,192000000,HAPP17
30844,2019:07:22 18:47:58,22/07/2019,0.78331,Black Backed Jackal,11,0.2-0.4,HAPP17,No,DSCT.S1,192000000,HAPP17
30845,2019:07:22 18:47:58,22/07/2019,0.78331,Black Backed Jackal,10,0-0.2,HAPP17,No,DSCT.S1,192000000,HAPP17
30846,2019:07:22 18:47:58,22/07/2019,0.78331,Black Backed Jackal,11,0-0.2,HAPP17,No,DSCT.S1,192000000,HAPP17
30847,2019:07:22 18:47:58,22/07/2019,0.78331,Black Backed Jackal,10,0.2-0.4,HAPP17,No,DSCT.S1,192000000,HAPP17
30848,2019:07:22 18:47:27,22/07/2019,0.782951,Black Backed Jackal,9.5,0.8-1,HAPP17,No,DSCT.S1,192000000,HAPP17
30849,2019:07:22 18:47:27,22/07/2019,0.782951,Black Backed Jackal,9.5,0.4-0.6,HAPP17,No,DSCT.S1,192000000,HAPP17
30850,2019:07:22 18:47:27,22/07/2019,0.782951,Black Backed Jackal,12,0.2-0.4,HAPP17,No,DSCT.S1,192000000,HAPP17
30851,2019:07:22 18:47:27,22/07/2019,0.782951,Black Backed Jackal,11,0-0.2,HAPP17,No,DSCT.S1,192000000,HAPP17
30852,2019:07:22 18:47:18,22/07/2019,0.782847,Black Backed Jackal,10,0.8-1,HAPP17,No,DSCT.S1,192000000,HAPP17
30853,2019:07:22 18:47:17,22/07/2019,0.782836,Black Backed Jackal,9.5,0.4-0.6,HAPP17,No,DSCT.S1,192000000,HAPP17
30854,2019:07:22 18:47:17,22/07/2019,0.782836,Black Backed Jackal,9.5,0.4-0.6,HAPP17,No,DSCT.S1,192000000,HAPP17
30855,2019:07:22 18:47:17,22/07/2019,0.782836,Black Backed Jackal,9.5,0-0.2,HAPP17,No,DSCT.S1,192000000,HAPP17
30856,2019:07:22 18:47:17,22/07/2019,0.782836,Black Backed Jackal,10,0-0.2,HAPP17,No,DSCT.S1,192000000,HAPP17
30857,2019:07:22 18:47:16,22/07/2019,0.782824,Black Backed Jackal,11,0.2-0.4,HAPP17,Yes,DSCT.S1,192000000,HAPP17
30858,2019:07:22 17:17:23,22/07/2019,0.720405,Black Backed Jackal,8,0.2-0.4,HAPP17,No,DSCT.S1,192000000,HAPP17
30859,2019:07:22 17:17:23,22/07/2019,0.720405,Black Backed Jackal,8,0-0.2,HAPP17,No,DSCT.S1,192000000,HAPP17
30860,2019:07:22 17:17:23,22/07/2019,0.720405,Black Backed Jackal,9,0-0.2,HAPP17,No,DSCT.S1,192000000,HAPP17
30861,2019:07:22 17:17:22,22/07/2019,0.720394,Black Backed Jackal,9,0.2-0.4,HAPP17,No,DSCT.S1,192000000,HAPP17
30862,2019:07:22 17:17:22,22/07/2019,0.720394,Black Backed Jackal,9.5,0.4-0.6,HAPP17,No,DSCT.S1,192000000,HAPP17
30863,2019:07:22 17:17:22,22/07/2019,0.720394,Black Backed Jackal,10,0.4-0.6,HAPP17,No,DSCT.S1,192000000,HAPP17
30864,2019:07:22 17:16:41,22/07/2019,0.719919,Black Backed Jackal,10,0.6-0.8,HAPP17,No,DSCT.S1,192000000,HAPP17
30865,2019:07:22 17:16:41,22/07/2019,0.719919,Black Backed Jackal,10,0.6-0.8,HAPP17,No,DSCT.S1,192000000,HAPP17
30866,2019:07:22 17:16:40,22/07/2019,0.719907,Black Backed Jackal,10,0.6-0.8,HAPP17,No,DSCT.S1,192000000,HAPP17
30867,2019:07:22 17:16:40,22/07/2019,0.719907,Black Backed Jackal,10,0.6-0.8,HAPP17,No,DSCT.S1,192000000,HAPP17
30868,2019:07:22 17:16:39,22/07/2019,0.719896,Black Backed Jackal,10,0.6-0.8,HAPP17,No,DSCT.S1,192000000,HAPP17
30869,2019:07:22 17:16:39,22/07/2019,0.719896,Black Backed Jackal,10,0.6-0.8,HAPP17,No,DSCT.S1,192000000,HAPP17
30870,2019:07:22 17:16:24,22/07/2019,0.719722,Black Backed Jackal,10,0.6-0.8,HAPP17,No,DSCT.S1,192000000,HAPP17
30871,2019:07:22 17:16:23,22/07/2019,0.719711,Black Backed Jackal,10,0.6-0.8,HAPP17,No,DSCT.S1,192000000,HAPP17
30872,2019:07:22 17:16:23,22/07/2019,0.719711,Black Backed Jackal,10,0.6-0.8,HAPP17,No,DSCT.S1,192000000,HAPP17
30873,2019:07:22 17:16:23,22/07/2019,0.719711,Black Backed Jackal,10,0.6-0.8,HAPP17,No,DSCT.S1,192000000,HAPP17
30874,2019:07:22 17:16:22,22/07/2019,0.719699,Black Backed Jackal,10,0.6-0.8,HAPP17,No,DSCT.S1,192000000,HAPP17
30875,2019:07:22 17:16:22,22/07/2019,0.719699,Black Backed Jackal,11,0.6-0.8,HAPP17,No,DSCT.S1,192000000,HAPP17
30876,2019:07:22 17:15:20,22/07/2019,0.718981,Black Backed Jackal,21,0-0.2,HAPP17,No,DSCT.S1,192000000,HAPP17
30877,2019:07:22 17:15:20,22/07/2019,0.718981,Black Backed Jackal,20,0.2-0.4,HAPP17,No,DSCT.S1,192000000,HAPP17
30878,2019:07:22 17:15:19,22/07/2019,0.71897,Black Backed Jackal,18,0.2-0.4,HAPP17,No,DSCT.S1,192000000,HAPP17
30879,2019:07:22 17:15:19,22/07/2019,0.71897,Black Backed Jackal,17,0.2-0.4,HAPP17,No,DSCT.S1,192000000,HAPP17
30880,2019:07:22 17:15:18,22/07/2019,0.718958,Black Backed Jackal,16,0.4-0.6,HAPP17,No,DSCT.S1,192000000,HAPP17
30881,2019:07:22 17:15:18,22/07/2019,0.718958,Black Backed Jackal,14,0.4-0.6,HAPP17,Yes,DSCT.S1,192000000,HAPP17
30894,2019:08:06 22:08:51,06/08/2019,0.922813,Black Backed Jackal,7,0-0.2,HAPP18,No,DSCT.S1,192000000,HAPP18
30895,2019:08:06 22:08:51,06/08/2019,0.922813,Black Backed Jackal,7.5,0-0.2,HAPP18,No,DSCT.S1,192000000,HAPP18
30896,2019:08:06 22:08:51,06/08/2019,0.922813,Black Backed Jackal,7.5,0-0.2,HAPP18,No,DSCT.S1,192000000,HAPP18
30897,2019:08:06 22:08:50,06/08/2019,0.922801,Black Backed Jackal,8,0-0.2,HAPP18,No,DSCT.S1,192000000,HAPP18
30898,2019:08:06 22:08:50,06/08/2019,0.922801,Black Backed Jackal,8,0-0.2,HAPP18,No,DSCT.S1,192000000,HAPP18
30899,2019:08:06 22:08:50,06/08/2019,0.922801,Black Backed Jackal,8.5,0-0.2,HAPP18,Yes,DSCT.S1,192000000,HAPP18
31278,2019:08:04 21:56:13,04/08/2019,0.914039,Brown Hyena,8,0.8-1,HAPP18,No,DSCT.S1,192000000,HAPP18
31279,2019:08:04 21:56:12,04/08/2019,0.914028,Brown Hyena,8.5,0.8-1,HAPP18,No,DSCT.S1,192000000,HAPP18
31280,2019:08:04 21:56:12,04/08/2019,0.914028,Brown Hyena,8.5,0.8-1,HAPP18,No,DSCT.S1,192000000,HAPP18
31281,2019:08:04 21:56:12,04/08/2019,0.914028,Brown Hyena,9,0.8-1,HAPP18,No,DSCT.S1,192000000,HAPP18
31282,2019:08:04 21:56:12,04/08/2019,0.914028,Brown Hyena,9.5,0.6-0.8,HAPP18,No,DSCT.S1,192000000,HAPP18
31283,2019:08:04 21:56:11,04/08/2019,0.914016,Brown Hyena,9.5,0.6-0.8,HAPP18,Yes,DSCT.S1,192000000,HAPP18
32070,2019:08:01 02:51:44,01/08/2019,0.119259,Brown Hyena,8,0-0.2,HAPP18,No,DSCT.S1,192000000,HAPP18
32071,2019:08:01 02:51:44,01/08/2019,0.119259,Brown Hyena,7.5,0-0.2,HAPP18,No,DSCT.S1,192000000,HAPP18
32072,2019:08:01 02:51:44,01/08/2019,0.119259,Brown Hyena,7,0-0.2,HAPP18,No,DSCT.S1,192000000,HAPP18
32073,2019:08:01 02:51:43,01/08/2019,0.119248,Brown Hyena,6.5,0-0.2,HAPP18,No,DSCT.S1,192000000,HAPP18
32074,2019:08:01 02:51:43,01/08/2019,0.119248,Brown Hyena,6,0.2-0.4,HAPP18,No,DSCT.S1,192000000,HAPP18
32075,2019:08:01 02:51:43,01/08/2019,0.119248,Brown Hyena,5.5,0.6-0.8,HAPP18,Yes,DSCT.S1,192000000,HAPP18
32088,2019:07:31 19:08:13,31/07/2019,0.797373,Brown Hyena,7.5,0-0.2,HAPP18,No,DSCT.S1,192000000,HAPP18
32089,2019:07:31 19:08:12,31/07/2019,0.797361,Brown Hyena,8,0-0.2,HAPP18,No,DSCT.S1,192000000,HAPP18
32090,2019:07:31 19:08:12,31/07/2019,0.797361,Brown Hyena,8,0-0.2,HAPP18,No,DSCT.S1,192000000,HAPP18
32091,2019:07:31 19:08:12,31/07/2019,0.797361,Brown Hyena,8.5,0-0.2,HAPP18,No,DSCT.S1,192000000,HAPP18
32092,2019:07:31 19:08:12,31/07/2019,0.797361,Brown Hyena,8,0-0.2,HAPP18,No,DSCT.S1,192000000,HAPP18
32093,2019:07:31 19:08:11,31/07/2019,0.79735,Brown Hyena,9,0-0.2,HAPP18,Yes,DSCT.S1,192000000,HAPP18
32952,2019:07:26 00:52:27,26/07/2019,0.036424,Black Backed Jackal,9.5,0-0.2,HAPP18,No,DSCT.S1,192000000,HAPP18
32953,2019:07:26 00:52:27,26/07/2019,0.036424,Black Backed Jackal,9.5,0.2-0.4,HAPP18,No,DSCT.S1,192000000,HAPP18
32954,2019:07:26 00:52:27,26/07/2019,0.036424,Black Backed Jackal,9.5,0.2-0.4,HAPP18,No,DSCT.S1,192000000,HAPP18
32955,2019:07:26 00:52:26,26/07/2019,0.036412,Black Backed Jackal,9.5,0.2-0.4,HAPP18,No,DSCT.S1,192000000,HAPP18
32956,2019:07:26 00:52:26,26/07/2019,0.036412,Black Backed Jackal,10,0.4-0.6,HAPP18,No,DSCT.S1,192000000,HAPP18
32957,2019:07:26 00:52:26,26/07/2019,0.036412,Black Backed Jackal,10,0.6-0.8,HAPP18,Yes,DSCT.S1,192000000,HAPP18
33186,2019:07:23 23:59:26,23/07/2019,0.999606,Brown Hyena,7.5,0-0.2,HAPP18,No,DSCT.S1,192000000,HAPP18
33187,2019:07:23 23:59:26,23/07/2019,0.999606,Brown Hyena,7,0-0.2,HAPP18,No,DSCT.S1,192000000,HAPP18
33188,2019:07:23 23:59:26,23/07/2019,0.999606,Brown Hyena,6,0-0.2,HAPP18,No,DSCT.S1,192000000,HAPP18
33189,2019:07:23 23:59:25,23/07/2019,0.999595,Brown Hyena,5.5,0.2-0.4,HAPP18,No,DSCT.S1,192000000,HAPP18
33190,2019:07:23 23:59:25,23/07/2019,0.999595,Brown Hyena,5.5,0.4-0.6,HAPP18,No,DSCT.S1,192000000,HAPP18
33191,2019:07:23 23:59:25,23/07/2019,0.999595,Brown Hyena,4.5,0.6-0.8,HAPP18,Yes,DSCT.S1,192000000,HAPP18
33372,2019:08:05 07:08:07,05/08/2019,0.297303,Black Backed Jackal,22,0.6-0.8,HAPP15,No,DSCT.S1,192000000,HAPP15
33373,2019:08:05 07:08:07,05/08/2019,0.297303,Black Backed Jackal,18,0.6-0.8,HAPP15,No,DSCT.S1,192000000,HAPP15
33374,2019:08:05 07:08:07,05/08/2019,0.297303,Black Backed Jackal,15,0.4-0.6,HAPP15,No,DSCT.S1,192000000,HAPP15
33375,2019:08:05 07:08:06,05/08/2019,0.297292,Black Backed Jackal,13,0.2-0.4,HAPP15,No,DSCT.S1,192000000,HAPP15
33376,2019:08:05 07:08:06,05/08/2019,0.297292,Black Backed Jackal,11,0.2-0.4,HAPP15,No,DSCT.S1,192000000,HAPP15
33377,2019:08:05 07:08:06,05/08/2019,0.297292,Black Backed Jackal,10,0-0.2,HAPP15,Yes,DSCT.S1,192000000,HAPP15
33462,2019:08:04 01:10:44,04/08/2019,0.04912,Black Backed Jackal,13,0-0.2,HAPP15,No,DSCT.S1,192000000,HAPP15
33463,2019:08:04 01:10:44,04/08/2019,0.04912,Black Backed Jackal,14,0-0.2,HAPP15,No,DSCT.S1,192000000,HAPP15
33464,2019:08:04 01:10:43,04/08/2019,0.049109,Black Backed Jackal,15,0.2-0.4,HAPP15,No,DSCT.S1,192000000,HAPP15
33465,2019:08:04 01:10:43,04/08/2019,0.049109,Black Backed Jackal,17,0.2-0.4,HAPP15,No,DSCT.S1,192000000,HAPP15
33466,2019:08:04 01:10:43,04/08/2019,0.049109,Black Backed Jackal,19,0.4-0.6,HAPP15,No,DSCT.S1,192000000,HAPP15
33467,2019:08:04 01:10:43,04/08/2019,0.049109,Black Backed Jackal,21,0.4-0.6,HAPP15,Yes,DSCT.S1,192000000,HAPP15
33468,2019:08:04 00:18:14,04/08/2019,0.012662,Black Backed Jackal,16,0-0.2,HAPP15,No,DSCT.S1,192000000,HAPP15
33469,2019:08:04 00:18:14,04/08/2019,0.012662,Black Backed Jackal,15,0-0.2,HAPP15,No,DSCT.S1,192000000,HAPP15
33470,2019:08:04 00:18:13,04/08/2019,0.01265,Black Backed Jackal,14,0-0.2,HAPP15,No,DSCT.S1,192000000,HAPP15
33471,2019:08:04 00:18:13,04/08/2019,0.01265,Black Backed Jackal,12,0-0.2,HAPP15,No,DSCT.S1,192000000,HAPP15
33472,2019:08:04 00:18:13,04/08/2019,0.01265,Black Backed Jackal,12,0.2-0.4,HAPP15,No,DSCT.S1,192000000,HAPP15
33473,2019:08:04 00:18:13,04/08/2019,0.01265,Black Backed Jackal,10,0.4-0.6,HAPP15,Yes,DSCT.S1,192000000,HAPP15
33762,2019:08:01 23:06:05,01/08/2019,0.962558,Brown Hyena,20,0.2-0.4,HAPP15,No,DSCT.S1,192000000,HAPP15
33763,2019:08:01 23:06:05,01/08/2019,0.962558,Brown Hyena,21,0.4-0.6,HAPP15,No,DSCT.S1,192000000,HAPP15
33764,2019:08:01 23:06:04,01/08/2019,0.962546,Brown Hyena,22,0.4-0.6,HAPP15,No,DSCT.S1,192000000,HAPP15
33765,2019:08:01 23:06:04,01/08/2019,0.962546,Brown Hyena,23,0.6-0.8,HAPP15,No,DSCT.S1,192000000,HAPP15
33766,2019:08:01 23:06:04,01/08/2019,0.962546,Brown Hyena,24,0.6-0.8,HAPP15,No,DSCT.S1,192000000,HAPP15
33767,2019:08:01 23:06:04,01/08/2019,0.962546,Brown Hyena,25,0.6-0.8,HAPP15,Yes,DSCT.S1,192000000,HAPP15
34068,2019:08:01 06:13:34,01/08/2019,0.259421,Black Backed Jackal,24,0.6-0.8,HAPP15,No,DSCT.S1,192000000,HAPP15
34069,2019:08:01 06:13:34,01/08/2019,0.259421,Black Backed Jackal,20,0.2-0.4,HAPP15,No,DSCT.S1,192000000,HAPP15
34070,2019:08:01 06:13:33,01/08/2019,0.25941,Black Backed Jackal,17,0.2-0.4,HAPP15,No,DSCT.S1,192000000,HAPP15
34071,2019:08:01 06:13:33,01/08/2019,0.25941,Black Backed Jackal,14,0-0.2,HAPP15,No,DSCT.S1,192000000,HAPP15
34072,2019:08:01 06:13:33,01/08/2019,0.25941,Black Backed Jackal,12,0-0.2,HAPP15,No,DSCT.S1,192000000,HAPP15
34073,2019:08:01 06:13:32,01/08/2019,0.259398,Black Backed Jackal,10,0-0.2,HAPP15,Yes,DSCT.S1,192000000,HAPP15
34110,2019:07:31 07:28:48,31/07/2019,0.311667,Black Backed Jackal,24,0-0.2,HAPP15,No,DSCT.S1,192000000,HAPP15
34111,2019:07:31 07:28:47,31/07/2019,0.311655,Black Backed Jackal,22,0-0.2,HAPP15,No,DSCT.S1,192000000,HAPP15
34112,2019:07:31 07:28:47,31/07/2019,0.311655,Black Backed Jackal,20,0-0.2,HAPP15,No,DSCT.S1,192000000,HAPP15
34113,2019:07:31 07:28:47,31/07/2019,0.311655,Black Backed Jackal,19,0.2-0.4,HAPP15,No,DSCT.S1,192000000,HAPP15
34114,2019:07:31 07:28:46,31/07/2019,0.311644,Black Backed Jackal,16,0.4-0.6,HAPP15,No,DSCT.S1,192000000,HAPP15
34115,2019:07:31 07:28:46,31/07/2019,0.311644,Black Backed Jackal,15,0.6-0.8,HAPP15,Yes,DSCT.S1,192000000,HAPP15
34380,2019:07:29 08:42:29,29/07/2019,0.362836,Black Backed Jackal,25,0.6-0.8,HAPP15,No,DSCT.S1,192000000,HAPP15
34381,2019:07:29 08:42:29,29/07/2019,0.362836,Black Backed Jackal,23,0.6-0.8,HAPP15,No,DSCT.S1,192000000,HAPP15
34382,2019:07:29 08:42:28,29/07/2019,0.362824,Black Backed Jackal,19,0.4-0.6,HAPP15,No,DSCT.S1,192000000,HAPP15
34383,2019:07:29 08:42:28,29/07/2019,0.362824,Black Backed Jackal,14,0.2-0.4,HAPP15,No,DSCT.S1,192000000,HAPP15
34384,2019:07:29 08:42:28,29/07/2019,0.362824,Black Backed Jackal,12,0-0.2,HAPP15,No,DSCT.S1,192000000,HAPP15
34385,2019:07:29 08:42:27,29/07/2019,0.362813,Black Backed Jackal,10,0-0.2,HAPP15,Yes,DSCT.S1,192000000,HAPP15
34398,2019:07:28 21:51:09,28/07/2019,0.910521,Black Backed Jackal,26+,0.8-1,HAPP15,No,DSCT.S1,192000000,HAPP15
34399,2019:07:28 21:51:09,28/07/2019,0.910521,Black Backed Jackal,26+,0.6-0.8,HAPP15,No,DSCT.S1,192000000,HAPP15
34400,2019:07:28 21:51:09,28/07/2019,0.910521,Black Backed Jackal,21,0.4-0.6,HAPP15,No,DSCT.S1,192000000,HAPP15
34401,2019:07:28 21:51:08,28/07/2019,0.910509,Black Backed Jackal,18,0.2-0.4,HAPP15,No,DSCT.S1,192000000,HAPP15
34402,2019:07:28 21:51:08,28/07/2019,0.910509,Black Backed Jackal,15,0-0.2,HAPP15,No,DSCT.S1,192000000,HAPP15
34403,2019:07:28 21:51:08,28/07/2019,0.910509,Black Backed Jackal,11,0-0.2,HAPP15,No,DSCT.S1,192000000,HAPP15
34404,2019:07:28 21:48:24,28/07/2019,0.908611,Black Backed Jackal,9,0.8-1,HAPP15,No,DSCT.S1,192000000,HAPP15
34405,2019:07:28 21:48:09,28/07/2019,0.908438,Black Backed Jackal,20,0-0.2,HAPP15,No,DSCT.S1,192000000,HAPP15
34406,2019:07:28 21:48:08,28/07/2019,0.908426,Black Backed Jackal,22,0-0.2,HAPP15,No,DSCT.S1,192000000,HAPP15
34407,2019:07:28 21:48:08,28/07/2019,0.908426,Black Backed Jackal,24,0-0.2,HAPP15,No,DSCT.S1,192000000,HAPP15
34408,2019:07:28 21:48:08,28/07/2019,0.908426,Black Backed Jackal,25,0-0.2,HAPP15,No,DSCT.S1,192000000,HAPP15
34409,2019:07:28 21:48:08,28/07/2019,0.908426,Black Backed Jackal,26+,0-0.2,HAPP15,No,DSCT.S1,192000000,HAPP15
34410,2019:07:28 21:48:07,28/07/2019,0.908414,Black Backed Jackal,26+,0.2-0.4,HAPP15,No,DSCT.S1,192000000,HAPP15
34411,2019:07:28 21:33:24,28/07/2019,0.898194,Black Backed Jackal,21,0.2-0.4,HAPP15,No,DSCT.S1,192000000,HAPP15
34412,2019:07:28 21:33:24,28/07/2019,0.898194,Black Backed Jackal,17,0.2-0.4,HAPP15,No,DSCT.S1,192000000,HAPP15
34413,2019:07:28 21:33:24,28/07/2019,0.898194,Black Backed Jackal,15,0-0.2,HAPP15,No,DSCT.S1,192000000,HAPP15
34414,2019:07:28 21:33:24,28/07/2019,0.898194,Black Backed Jackal,14,0-0.2,HAPP15,No,DSCT.S1,192000000,HAPP15
34415,2019:07:28 21:33:23,28/07/2019,0.898183,Black Backed Jackal,12,0-0.2,HAPP15,No,DSCT.S1,192000000,HAPP15
34416,2019:07:28 21:33:23,28/07/2019,0.898183,Black Backed Jackal,11,0.2-0.4,HAPP15,Yes,DSCT.S1,192000000,HAPP15
34843,2019:07:25 23:53:28,25/07/2019,0.995463,Black Backed Jackal,10,0.2-0.4,HAPP15,No,DSCT.S1,192000000,HAPP15
34844,2019:07:25 23:53:27,25/07/2019,0.995451,Black Backed Jackal,9,0-0.2,HAPP15,No,DSCT.S1,192000000,HAPP15
34845,2019:07:25 23:53:27,25/07/2019,0.995451,Black Backed Jackal,8.5,0-0.2,HAPP15,No,DSCT.S1,192000000,HAPP15
34846,2019:07:25 23:53:27,25/07/2019,0.995451,Black Backed Jackal,8,0-0.2,HAPP15,No,DSCT.S1,192000000,HAPP15
34847,2019:07:25 23:53:27,25/07/2019,0.995451,Black Backed Jackal,7.5,0-0.2,HAPP15,No,DSCT.S1,192000000,HAPP15
34848,2019:07:25 23:53:26,25/07/2019,0.99544,Black Backed Jackal,7,0.2-0.4,HAPP15,Yes,DSCT.S1,192000000,HAPP15
35245,2019:07:29 16:44:02,29/07/2019,0.697245,Black Backed Jackal,5,0-0.2,DEPP02,No,DSCT.S1,192000000,DEPP02
35246,2019:07:29 16:44:02,29/07/2019,0.697245,Black Backed Jackal,5.5,0-0.2,DEPP02,No,DSCT.S1,192000000,DEPP02
35247,2019:07:29 16:44:01,29/07/2019,0.697234,Black Backed Jackal,5.5,0.2-0.4,DEPP02,No,DSCT.S1,192000000,DEPP02
35248,2019:07:29 16:44:01,29/07/2019,0.697234,Black Backed Jackal,6,0.2-0.4,DEPP02,No,DSCT.S1,192000000,DEPP02
35249,2019:07:29 16:44:00,29/07/2019,0.697222,Black Backed Jackal,6.5,0.4-0.6,DEPP02,No,DSCT.S1,192000000,DEPP02
35250,2019:07:29 16:44:00,29/07/2019,0.697222,Black Backed Jackal,7,0.4-0.6,DEPP02,Yes,DSCT.S1,192000000,DEPP02
35467,2019:07:26 06:09:35,26/07/2019,0.256655,Black Backed Jackal,4,0.6-0.8,DEPP02,No,DSCT.S1,192000000,DEPP02
35468,2019:07:26 06:09:35,26/07/2019,0.256655,Black Backed Jackal,4,0.4-0.6,DEPP02,No,DSCT.S1,192000000,DEPP02
35469,2019:07:26 06:09:35,26/07/2019,0.256655,Black Backed Jackal,3.5,0-0.2,DEPP02,No,DSCT.S1,192000000,DEPP02
35470,2019:07:26 06:09:34,26/07/2019,0.256644,Black Backed Jackal,3.5,0-0.2,DEPP02,No,DSCT.S1,192000000,DEPP02
35471,2019:07:26 06:09:34,26/07/2019,0.256644,Black Backed Jackal,3.5,0.2-0.4,DEPP02,No,DSCT.S1,192000000,DEPP02
35472,2019:07:26 06:09:34,26/07/2019,0.256644,Black Backed Jackal,3,0.4-0.6,DEPP02,No,DSCT.S1,192000000,DEPP02
35473,2019:07:26 06:09:11,26/07/2019,0.256377,Black Backed Jackal,3.5,0-0.2,DEPP02,No,DSCT.S1,192000000,DEPP02
35474,2019:07:26 06:09:10,26/07/2019,0.256366,Black Backed Jackal,3.5,0-0.2,DEPP02,No,DSCT.S1,192000000,DEPP02
35475,2019:07:26 06:09:10,26/07/2019,0.256366,Black Backed Jackal,3.5,0-0.2,DEPP02,No,DSCT.S1,192000000,DEPP02
35476,2019:07:26 06:09:10,26/07/2019,0.256366,Black Backed Jackal,3.5,0-0.2,DEPP02,No,DSCT.S1,192000000,DEPP02
35477,2019:07:26 06:09:10,26/07/2019,0.256366,Black Backed Jackal,3.5,0-0.2,DEPP02,No,DSCT.S1,192000000,DEPP02
35478,2019:07:26 06:09:09,26/07/2019,0.256354,Black Backed Jackal,4,0-0.2,DEPP02,Yes,DSCT.S1,192000000,DEPP02
36601,2019:08:04 16:47:32,04/08/2019,0.699676,Leopard,3.5,0-0.2,MAPP04,No,DSCT.S1,192000000,MAPP04
36602,2019:08:04 16:47:31,04/08/2019,0.699664,Leopard,3.5,0-0.2,MAPP04,No,DSCT.S1,192000000,MAPP04
36603,2019:08:04 16:47:31,04/08/2019,0.699664,Leopard,3.5,0.2-0.4,MAPP04,No,DSCT.S1,192000000,MAPP04
36604,2019:08:04 16:47:31,04/08/2019,0.699664,Leopard,3.5,0.6-0.8,MAPP04,No,DSCT.S1,192000000,MAPP04
36605,2019:08:04 16:47:30,04/08/2019,0.699653,Leopard,4,0.8-1,MAPP04,No,DSCT.S1,192000000,MAPP04
36606,2019:08:04 16:47:30,04/08/2019,0.699653,Leopard,4,0.8-1,MAPP04,Yes,DSCT.S1,192000000,MAPP04
37106,2019:07:31 00:31:04,31/07/2019,0.021574,African Civet,5,0.6-0.8,DEPP07,No,DSCT.S1,192000000,DEPP07
37107,2019:07:31 00:31:04,31/07/2019,0.021574,African Civet,5.5,0.6-0.8,DEPP07,No,DSCT.S1,192000000,DEPP07
37108,2019:07:31 00:31:04,31/07/2019,0.021574,African Civet,6,0.6-0.8,DEPP07,No,DSCT.S1,192000000,DEPP07
37109,2019:07:31 00:31:03,31/07/2019,0.021563,African Civet,6,0.8-1,DEPP07,No,DSCT.S1,192000000,DEPP07
37110,2019:07:31 00:31:03,31/07/2019,0.021563,African Civet,6.5,0.8-1,DEPP07,No,DSCT.S1,192000000,DEPP07
37111,2019:07:31 00:31:03,31/07/2019,0.021563,African Civet,7,0.8-1,DEPP07,Yes,DSCT.S1,192000000,DEPP07
38198,2019:07:26 23:32:06,26/07/2019,0.980625,Black Backed Jackal,7.5,0-0.2,HAPP13,No,DSCT.S1,192000000,HAPP13
38199,2019:07:26 23:32:06,26/07/2019,0.980625,Black Backed Jackal,8.5,0.2-0.4,HAPP13,No,DSCT.S1,192000000,HAPP13
38200,2019:07:26 23:32:06,26/07/2019,0.980625,Black Backed Jackal,8.5,0.2-0.4,HAPP13,No,DSCT.S1,192000000,HAPP13
38201,2019:07:26 23:32:05,26/07/2019,0.980613,Black Backed Jackal,9,0.4-0.6,HAPP13,No,DSCT.S1,192000000,HAPP13
38202,2019:07:26 23:32:05,26/07/2019,0.980613,Black Backed Jackal,10,0.4-0.6,HAPP13,No,DSCT.S1,192000000,HAPP13
38203,2019:07:26 23:32:05,26/07/2019,0.980613,Black Backed Jackal,10,0.6-0.8,HAPP13,Yes,DSCT.S1,192000000,HAPP13
38672,2019:08:03 20:03:47,03/08/2019,0.835961,Leopard,4,0.4-0.6,SHPP08,No,DSCT.S1,192000000,SHPP08
38673,2019:08:03 20:03:46,03/08/2019,0.835949,Leopard,4,0.4-0.6,SHPP08,No,DSCT.S1,192000000,SHPP08
38674,2019:08:03 20:03:46,03/08/2019,0.835949,Leopard,4.5,0.4-0.6,SHPP08,No,DSCT.S1,192000000,SHPP08
38675,2019:08:03 20:03:46,03/08/2019,0.835949,Leopard,5,0.6-0.8,SHPP08,No,DSCT.S1,192000000,SHPP08
38676,2019:08:03 20:03:46,03/08/2019,0.835949,Leopard,5.5,0.6-0.8,SHPP08,No,DSCT.S1,192000000,SHPP08
38677,2019:08:03 20:03:45,03/08/2019,0.835938,Leopard,5.5,0.6-0.8,SHPP08,Yes,DSCT.S1,192000000,SHPP08
39386,2019:07:25 01:48:43,25/07/2019,0.075498,Leopard,4.5,0.8-1,SHPP09,No,DSCT.S1,192000000,SHPP09
39387,2019:07:25 01:48:43,25/07/2019,0.075498,Leopard,4,0.8-1,SHPP09,No,DSCT.S1,192000000,SHPP09
39388,2019:07:25 01:48:43,25/07/2019,0.075498,Leopard,4,0.8-1,SHPP09,No,DSCT.S1,192000000,SHPP09
39389,2019:07:25 01:48:42,25/07/2019,0.075486,Leopard,4,0.8-1,SHPP09,No,DSCT.S1,192000000,SHPP09
39390,2019:07:25 01:48:42,25/07/2019,0.075486,Leopard,4,0.8-1,SHPP09,No,DSCT.S1,192000000,SHPP09
39391,2019:07:25 01:48:42,25/07/2019,0.075486,Leopard,4,0.6-0.8,SHPP09,No,DSCT.S1,192000000,SHPP09
39392,2019:07:25 01:48:37,25/07/2019,0.075428,Leopard,5,0.6-0.8,SHPP09,No,DSCT.S1,192000000,SHPP09
39393,2019:07:25 01:48:36,25/07/2019,0.075417,Leopard,5,0.6-0.8,SHPP09,No,DSCT.S1,192000000,SHPP09
39394,2019:07:25 01:48:36,25/07/2019,0.075417,Leopard,5,0.6-0.8,SHPP09,No,DSCT.S1,192000000,SHPP09
39395,2019:07:25 01:48:36,25/07/2019,0.075417,Leopard,5,0.8-1,SHPP09,No,DSCT.S1,192000000,SHPP09
39396,2019:07:25 01:48:36,25/07/2019,0.075417,Leopard,5,0.8-1,SHPP09,No,DSCT.S1,192000000,SHPP09
39397,2019:07:25 01:48:35,25/07/2019,0.075405,Leopard,5,0.8-1,SHPP09,Yes,DSCT.S1,192000000,SHPP09
39398,2019:07:24 23:59:04,24/07/2019,0.999352,Leopard,5.5,0.8-1,SHPP09,No,DSCT.S1,192000000,SHPP09
39399,2019:07:24 23:59:03,24/07/2019,0.99934,Leopard,5.5,0.8-1,SHPP09,No,DSCT.S1,192000000,SHPP09
39400,2019:07:24 23:59:03,24/07/2019,0.99934,Leopard,5.5,0.6-0.8,SHPP09,No,DSCT.S1,192000000,SHPP09
39401,2019:07:24 23:59:03,24/07/2019,0.99934,Leopard,5.5,0.6-0.8,SHPP09,No,DSCT.S1,192000000,SHPP09
39402,2019:07:24 23:59:03,24/07/2019,0.99934,Leopard,5.5,0.6-0.8,SHPP09,No,DSCT.S1,192000000,SHPP09
39403,2019:07:24 23:59:02,24/07/2019,0.999329,Leopard,5.5,0.4-0.6,SHPP09,No,DSCT.S1,192000000,SHPP09
39404,2019:07:24 23:58:59,24/07/2019,0.999294,Leopard,4,0.4-0.6,SHPP09,No,DSCT.S1,192000000,SHPP09
39405,2019:07:24 23:58:58,24/07/2019,0.999282,Leopard,4,0.6-0.8,SHPP09,No,DSCT.S1,192000000,SHPP09
39406,2019:07:24 23:58:58,24/07/2019,0.999282,Leopard,4,0.6-0.8,SHPP09,No,DSCT.S1,192000000,SHPP09
39407,2019:07:24 23:58:58,24/07/2019,0.999282,Leopard,4,0.6-0.8,SHPP09,No,DSCT.S1,192000000,SHPP09
39408,2019:07:24 23:58:58,24/07/2019,0.999282,Leopard,4,0.8-1,SHPP09,No,DSCT.S1,192000000,SHPP09
39409,2019:07:24 23:58:57,24/07/2019,0.999271,Leopard,4,0.8-1,SHPP09,Yes,DSCT.S1,192000000,SHPP09
39792,2019:07:28 19:59:45,28/07/2019,0.83316,Brown Hyena,20,0-0.2,SHPP10,No,DSCT.S1,192000000,SHPP10
39793,2019:07:28 19:59:44,28/07/2019,0.833148,Brown Hyena,18,0-0.2,SHPP10,No,DSCT.S1,192000000,SHPP10
39794,2019:07:28 19:59:36,28/07/2019,0.833056,Brown Hyena,8,0.4-0.6,SHPP10,No,DSCT.S1,192000000,SHPP10
39795,2019:07:28 19:59:36,28/07/2019,0.833056,Brown Hyena,7,0.4-0.6,SHPP10,No,DSCT.S1,192000000,SHPP10
39796,2019:07:28 19:59:36,28/07/2019,0.833056,Brown Hyena,7,0.4-0.6,SHPP10,No,DSCT.S1,192000000,SHPP10
39797,2019:07:28 19:59:36,28/07/2019,0.833056,Brown Hyena,6.5,0.6-0.8,SHPP10,No,DSCT.S1,192000000,SHPP10
39798,2019:07:28 19:59:35,28/07/2019,0.833044,Brown Hyena,6.5,0.6-0.8,SHPP10,No,DSCT.S1,192000000,SHPP10
39799,2019:07:28 19:59:35,28/07/2019,0.833044,Brown Hyena,6,0.8-1,SHPP10,Yes,DSCT.S1,192000000,SHPP10
39848,2019:07:27 20:18:16,27/07/2019,0.846019,African Civet,7,0.4-0.6,SHPP10,No,DSCT.S1,192000000,SHPP10
39849,2019:07:27 20:18:16,27/07/2019,0.846019,African Civet,7,0.4-0.6,SHPP10,No,DSCT.S1,192000000,SHPP10
39850,2019:07:27 20:18:15,27/07/2019,0.846007,African Civet,6.5,0.4-0.6,SHPP10,No,DSCT.S1,192000000,SHPP10
39851,2019:07:27 20:18:15,27/07/2019,0.846007,African Civet,6.5,0.6-0.8,SHPP10,No,DSCT.S1,192000000,SHPP10
39852,2019:07:27 20:18:15,27/07/2019,0.846007,African Civet,6.5,0.6-0.8,SHPP10,No,DSCT.S1,192000000,SHPP10
39853,2019:07:27 20:18:15,27/07/2019,0.846007,African Civet,6,0.6-0.8,SHPP10,Yes,DSCT.S1,192000000,SHPP10
40503,2019:08:06 20:51:33,06/08/2019,0.869132,Brown Hyena,16,0.4-0.6,GIPP21,No,DSCT.S1,192000000,GIPP21
40504,2019:08:06 20:51:32,06/08/2019,0.86912,Brown Hyena,15,0.4-0.6,GIPP21,No,DSCT.S1,192000000,GIPP21
40505,2019:08:06 20:51:32,06/08/2019,0.86912,Brown Hyena,15,0.4-0.6,GIPP21,No,DSCT.S1,192000000,GIPP21
40506,2019:08:06 20:51:32,06/08/2019,0.86912,Brown Hyena,14,0.2-0.4,GIPP21,No,DSCT.S1,192000000,GIPP21
40507,2019:08:06 20:51:32,06/08/2019,0.86912,Brown Hyena,14,0.2-0.4,GIPP21,No,DSCT.S1,192000000,GIPP21
40508,2019:08:06 20:51:31,06/08/2019,0.869109,Brown Hyena,13,0.2-0.4,GIPP21,No,DSCT.S1,192000000,GIPP21
40509,2019:08:06 20:51:22,06/08/2019,0.869005,Brown Hyena,7,0.4-0.6,GIPP21,No,DSCT.S1,192000000,GIPP21
40510,2019:08:06 20:51:21,06/08/2019,0.868993,Brown Hyena,7,0.6-0.8,GIPP21,No,DSCT.S1,192000000,GIPP21
40511,2019:08:06 20:51:21,06/08/2019,0.868993,Brown Hyena,7,0.6-0.8,GIPP21,No,DSCT.S1,192000000,GIPP21
40512,2019:08:06 20:51:21,06/08/2019,0.868993,Brown Hyena,6.5,0.6-0.8,GIPP21,No,DSCT.S1,192000000,GIPP21
40513,2019:08:06 20:51:20,06/08/2019,0.868981,Brown Hyena,6.5,0.6-0.8,GIPP21,No,DSCT.S1,192000000,GIPP21
40514,2019:08:06 20:51:20,06/08/2019,0.868981,Brown Hyena,6,0.8-1,GIPP21,Yes,DSCT.S1,192000000,GIPP21
40647,2019:07:30 23:08:55,30/07/2019,0.964525,Black Backed Jackal,8,0.8-1,GIPP21,No,DSCT.S1,192000000,GIPP21
40648,2019:07:30 23:08:55,30/07/2019,0.964525,Black Backed Jackal,8,0.8-1,GIPP21,No,DSCT.S1,192000000,GIPP21
40649,2019:07:30 23:08:55,30/07/2019,0.964525,Black Backed Jackal,8,0.8-1,GIPP21,No,DSCT.S1,192000000,GIPP21
40650,2019:07:30 23:08:55,30/07/2019,0.964525,Black Backed Jackal,7.5,0.6-0.8,GIPP21,No,DSCT.S1,192000000,GIPP21
40651,2019:07:30 23:08:54,30/07/2019,0.964514,Black Backed Jackal,6.5,0.6-0.8,GIPP21,No,DSCT.S1,192000000,GIPP21
40652,2019:07:30 23:08:54,30/07/2019,0.964514,Black Backed Jackal,5.5,0.2-0.4,GIPP21,Yes,DSCT.S1,192000000,GIPP21
41079,2019:08:03 17:36:09,03/08/2019,0.733438,Black Backed Jackal,6.5,0.6-0.8,HAPP23,No,DSCT.S1,192000000,HAPP23
41080,2019:08:03 17:36:09,03/08/2019,0.733438,Black Backed Jackal,6,0.4-0.6,HAPP23,No,DSCT.S1,192000000,HAPP23
41081,2019:08:03 17:36:09,03/08/2019,0.733438,Black Backed Jackal,6,0.2-0.4,HAPP23,No,DSCT.S1,192000000,HAPP23
41082,2019:08:03 17:36:08,03/08/2019,0.733426,Black Backed Jackal,5.5,0.2-0.4,HAPP23,No,DSCT.S1,192000000,HAPP23
41083,2019:08:03 17:36:08,03/08/2019,0.733426,Black Backed Jackal,4.5,0.2-0.4,HAPP23,No,DSCT.S1,192000000,HAPP23
41084,2019:08:03 17:36:08,03/08/2019,0.733426,Black Backed Jackal,4,0-0.2,HAPP23,Yes,DSCT.S1,192000000,HAPP23
41385,2019:07:30 06:37:57,30/07/2019,0.276354,Black Backed Jackal,9,0.8-1,HAPP23,No,DSCT.S1,192000000,HAPP23
41386,2019:07:30 06:37:57,30/07/2019,0.276354,Black Backed Jackal,7.5,0.4-0.6,HAPP23,No,DSCT.S1,192000000,HAPP23
41387,2019:07:30 06:37:57,30/07/2019,0.276354,Black Backed Jackal,6.5,0-0.2,HAPP23,No,DSCT.S1,192000000,HAPP23
41388,2019:07:30 06:37:56,30/07/2019,0.276343,Black Backed Jackal,6.5,0.2-0.4,HAPP23,No,DSCT.S1,192000000,HAPP23
41389,2019:07:30 06:37:56,30/07/2019,0.276343,Black Backed Jackal,6,0.4-0.6,HAPP23,Yes,DSCT.S1,192000000,HAPP23
42002,2019:07:24 18:59:57,24/07/2019,0.791632,African Civet,6.5,0.2-0.4,HAPP23,No,DSCT.S1,192000000,HAPP23
42003,2019:07:24 18:59:57,24/07/2019,0.791632,African Civet,6.5,0.2-0.4,HAPP23,No,DSCT.S1,192000000,HAPP23
42004,2019:07:24 18:59:57,24/07/2019,0.791632,African Civet,6.5,0.4-0.6,HAPP23,No,DSCT.S1,192000000,HAPP23
42005,2019:07:24 18:59:56,24/07/2019,0.79162,African Civet,6.5,0.4-0.6,HAPP23,No,DSCT.S1,192000000,HAPP23
42006,2019:07:24 18:59:56,24/07/2019,0.79162,African Civet,6.5,0.4-0.6,HAPP23,No,DSCT.S1,192000000,HAPP23
42007,2019:07:24 18:59:56,24/07/2019,0.79162,African Civet,6.5,0.6-0.8,HAPP23,Yes,DSCT.S1,192000000,HAPP23
42134,2019:07:23 21:53:10,23/07/2019,0.911921,Black Backed Jackal,7,0.2-0.4,HAPP23,No,DSCT.S1,192000000,HAPP23
42135,2019:07:23 21:53:10,23/07/2019,0.911921,Black Backed Jackal,7.5,0-0.2,HAPP23,No,DSCT.S1,192000000,HAPP23
42136,2019:07:23 21:53:10,23/07/2019,0.911921,Black Backed Jackal,8.5,0-0.2,HAPP23,No,DSCT.S1,192000000,HAPP23
42137,2019:07:23 21:53:09,23/07/2019,0.91191,Black Backed Jackal,9.5,0-0.2,HAPP23,No,DSCT.S1,192000000,HAPP23
42138,2019:07:23 21:53:09,23/07/2019,0.91191,Black Backed Jackal,10,0.2-0.4,HAPP23,No,DSCT.S1,192000000,HAPP23
42139,2019:07:23 21:53:09,23/07/2019,0.91191,Black Backed Jackal,11,0.2-0.4,HAPP23,Yes,DSCT.S1,192000000,HAPP23
42650,2019:07:27 22:01:20,27/07/2019,0.917593,Black Backed Jackal,5.5,0-0.2,GIPP22,No,DSCT.S1,192000000,GIPP22
42651,2019:07:27 22:01:20,27/07/2019,0.917593,Black Backed Jackal,5.5,0-0.2,GIPP22,No,DSCT.S1,192000000,GIPP22
42652,2019:07:27 22:01:20,27/07/2019,0.917593,Black Backed Jackal,5.5,0-0.2,GIPP22,No,DSCT.S1,192000000,GIPP22
42653,2019:07:27 22:01:19,27/07/2019,0.917581,Black Backed Jackal,5.5,0-0.2,GIPP22,No,DSCT.S1,192000000,GIPP22
42654,2019:07:27 22:01:19,27/07/2019,0.917581,Black Backed Jackal,5,0.2-0.4,GIPP22,No,DSCT.S1,192000000,GIPP22
42655,2019:07:27 22:01:19,27/07/2019,0.917581,Black Backed Jackal,4.5,0.4-0.6,GIPP22,Yes,DSCT.S1,192000000,GIPP22
42656,2019:07:27 06:17:50,27/07/2019,0.262384,Black Backed Jackal,2,0.8-1,GIPP22,No,DSCT.S1,192000000,GIPP22
42657,2019:07:27 06:17:49,27/07/2019,0.262373,Black Backed Jackal,2,0.4-0.6,GIPP22,No,DSCT.S1,192000000,GIPP22
42658,2019:07:27 06:17:49,27/07/2019,0.262373,Black Backed Jackal,2.5,0-0.2,GIPP22,No,DSCT.S1,192000000,GIPP22
42659,2019:07:27 06:17:49,27/07/2019,0.262373,Black Backed Jackal,3,0.4-0.6,GIPP22,Yes,DSCT.S1,192000000,GIPP22
43076,2019:08:01 19:22:43,01/08/2019,0.807442,African Civet,3.5,0.8-1,LAPP25,No,DSCT.S1,192000000,LAPP25
43077,2019:08:01 19:22:43,01/08/2019,0.807442,African Civet,3,0.6-0.8,LAPP25,No,DSCT.S1,192000000,LAPP25
43078,2019:08:01 19:22:42,01/08/2019,0.807431,African Civet,2.5,0.6-0.8,LAPP25,No,DSCT.S1,192000000,LAPP25
43079,2019:08:01 19:22:42,01/08/2019,0.807431,African Civet,2.5,0.6-0.8,LAPP25,No,DSCT.S1,192000000,LAPP25
43080,2019:08:01 19:22:42,01/08/2019,0.807431,African Civet,2,0.4-0.6,LAPP25,No,DSCT.S1,192000000,LAPP25
43081,2019:08:01 19:22:42,01/08/2019,0.807431,African Civet,2,0.4-0.6,LAPP25,Yes,DSCT.S1,192000000,LAPP25
43895,2019:08:14 07:35:32,14/08/2019,0.316343,Black Backed Jackal,26+,0.4-0.6,HAPP20,No,DSCT.S1,192000000,HAPP20
43896,2019:08:14 07:35:32,14/08/2019,0.316343,Black Backed Jackal,26+,0.4-0.6,HAPP20,No,DSCT.S1,192000000,HAPP20
43897,2019:08:14 07:35:32,14/08/2019,0.316343,Black Backed Jackal,26+,0.4-0.6,HAPP20,No,DSCT.S1,192000000,HAPP20
43898,2019:08:14 07:35:31,14/08/2019,0.316331,Black Backed Jackal,26+,0.4-0.6,HAPP20,No,DSCT.S1,192000000,HAPP20
43899,2019:08:14 07:35:31,14/08/2019,0.316331,Black Backed Jackal,26+,0.4-0.6,HAPP20,No,DSCT.S1,192000000,HAPP20
43900,2019:08:14 07:35:30,14/08/2019,0.316319,Black Backed Jackal,26+,0.4-0.6,HAPP20,Yes,DSCT.S1,192000000,HAPP20
43907,2019:08:14 04:00:51,14/08/2019,0.167257,African Civet,16,0-0.2,HAPP20,No,DSCT.S1,192000000,HAPP20
43908,2019:08:14 04:00:51,14/08/2019,0.167257,African Civet,16,0-0.2,HAPP20,No,DSCT.S1,192000000,HAPP20
43909,2019:08:14 04:00:51,14/08/2019,0.167257,African Civet,16,0-0.2,HAPP20,No,DSCT.S1,192000000,HAPP20
43910,2019:08:14 04:00:50,14/08/2019,0.167245,African Civet,16,0-0.2,HAPP20,No,DSCT.S1,192000000,HAPP20
43911,2019:08:14 04:00:50,14/08/2019,0.167245,African Civet,17,0-0.2,HAPP20,No,DSCT.S1,192000000,HAPP20
43912,2019:08:14 04:00:50,14/08/2019,0.167245,African Civet,18,0-0.2,HAPP20,No,DSCT.S1,192000000,HAPP20
43913,2019:08:14 03:36:16,14/08/2019,0.150185,African Civet,11,0.2-0.4,HAPP20,No,DSCT.S1,192000000,HAPP20
43914,2019:08:14 03:36:15,14/08/2019,0.150174,African Civet,12,0.2-0.4,HAPP20,No,DSCT.S1,192000000,HAPP20
43915,2019:08:14 03:36:15,14/08/2019,0.150174,African Civet,12,0.4-0.6,HAPP20,No,DSCT.S1,192000000,HAPP20
43916,2019:08:14 03:36:15,14/08/2019,0.150174,African Civet,12,0.4-0.6,HAPP20,No,DSCT.S1,192000000,HAPP20
43917,2019:08:14 03:36:14,14/08/2019,0.150162,African Civet,13,0.4-0.6,HAPP20,No,DSCT.S1,192000000,HAPP20
43918,2019:08:14 03:36:14,14/08/2019,0.150162,African Civet,14,0.4-0.6,HAPP20,Yes,DSCT.S1,192000000,HAPP20
43919,2019:08:14 03:29:20,14/08/2019,0.14537,Black Backed Jackal,14,0.4-0.6,HAPP20,No,DSCT.S1,192000000,HAPP20
43920,2019:08:14 03:29:19,14/08/2019,0.145359,Black Backed Jackal,14,0.4-0.6,HAPP20,No,DSCT.S1,192000000,HAPP20
43921,2019:08:14 03:29:19,14/08/2019,0.145359,Black Backed Jackal,14,0.4-0.6,HAPP20,No,DSCT.S1,192000000,HAPP20
43922,2019:08:14 03:29:19,14/08/2019,0.145359,Black Backed Jackal,14,0.4-0.6,HAPP20,No,DSCT.S1,192000000,HAPP20
43923,2019:08:14 03:29:18,14/08/2019,0.145347,Black Backed Jackal,13,0.4-0.6,HAPP20,No,DSCT.S1,192000000,HAPP20
43924,2019:08:14 03:29:18,14/08/2019,0.145347,Black Backed Jackal,13,0.4-0.6,HAPP20,No,DSCT.S1,192000000,HAPP20
43925,2019:08:14 03:28:00,14/08/2019,0.144444,Black Backed Jackal,18,0-0.2,HAPP20,No,DSCT.S1,192000000,HAPP20
43926,2019:08:14 03:27:59,14/08/2019,0.144433,Black Backed Jackal,17,0-0.2,HAPP20,No,DSCT.S1,192000000,HAPP20
43927,2019:08:14 03:27:59,14/08/2019,0.144433,Black Backed Jackal,16,0.2-0.4,HAPP20,No,DSCT.S1,192000000,HAPP20
43928,2019:08:14 03:27:59,14/08/2019,0.144433,Black Backed Jackal,15,0.2-0.4,HAPP20,No,DSCT.S1,192000000,HAPP20
43929,2019:08:14 03:27:59,14/08/2019,0.144433,Black Backed Jackal,15,0.2-0.4,HAPP20,No,DSCT.S1,192000000,HAPP20
43930,2019:08:14 03:27:58,14/08/2019,0.144421,Black Backed Jackal,14,0.2-0.4,HAPP20,No,DSCT.S1,192000000,HAPP20
43931,2019:08:14 03:26:05,14/08/2019,0.143113,Black Backed Jackal,12,0.6-0.8,HAPP20,No,DSCT.S1,192000000,HAPP20
43932,2019:08:14 03:26:05,14/08/2019,0.143113,Black Backed Jackal,12,0.6-0.8,HAPP20,No,DSCT.S1,192000000,HAPP20
43933,2019:08:14 03:26:05,14/08/2019,0.143113,Black Backed Jackal,12,0.6-0.8,HAPP20,No,DSCT.S1,192000000,HAPP20
43934,2019:08:14 03:26:04,14/08/2019,0.143102,Black Backed Jackal,12,0.6-0.8,HAPP20,No,DSCT.S1,192000000,HAPP20
43935,2019:08:14 03:26:04,14/08/2019,0.143102,Black Backed Jackal,13,0.4-0.6,HAPP20,No,DSCT.S1,192000000,HAPP20
43936,2019:08:14 03:26:04,14/08/2019,0.143102,Black Backed Jackal,14,0.4-0.6,HAPP20,No,DSCT.S1,192000000,HAPP20
43937,2019:08:14 03:25:31,14/08/2019,0.14272,Black Backed Jackal,11,0.2-0.4,HAPP20,No,DSCT.S1,192000000,HAPP20
43938,2019:08:14 03:25:30,14/08/2019,0.142708,Black Backed Jackal,10,0.2-0.4,HAPP20,No,DSCT.S1,192000000,HAPP20
43939,2019:08:14 03:25:30,14/08/2019,0.142708,Black Backed Jackal,10,0.4-0.6,HAPP20,No,DSCT.S1,192000000,HAPP20
43940,2019:08:14 03:25:30,14/08/2019,0.142708,Black Backed Jackal,9.5,0.4-0.6,HAPP20,No,DSCT.S1,192000000,HAPP20
43941,2019:08:14 03:25:30,14/08/2019,0.142708,Black Backed Jackal,9,0.4-0.6,HAPP20,No,DSCT.S1,192000000,HAPP20
43942,2019:08:14 03:25:29,14/08/2019,0.142697,Black Backed Jackal,8.5,0.6-0.8,HAPP20,Yes,DSCT.S1,192000000,HAPP20
43961,2019:08:14 02:30:56,14/08/2019,0.104815,Black Backed Jackal,19,0-0.2,HAPP20,No,DSCT.S1,192000000,HAPP20
43962,2019:08:14 02:30:56,14/08/2019,0.104815,Black Backed Jackal,19,0-0.2,HAPP20,No,DSCT.S1,192000000,HAPP20
43963,2019:08:14 02:30:55,14/08/2019,0.104803,Black Backed Jackal,19,0-0.2,HAPP20,No,DSCT.S1,192000000,HAPP20
43964,2019:08:14 02:30:55,14/08/2019,0.104803,Black Backed Jackal,18,0-0.2,HAPP20,No,DSCT.S1,192000000,HAPP20
43965,2019:08:14 02:30:55,14/08/2019,0.104803,Black Backed Jackal,17,0-0.2,HAPP20,No,DSCT.S1,192000000,HAPP20
43966,2019:08:14 02:30:55,14/08/2019,0.104803,Black Backed Jackal,16,0-0.2,HAPP20,No,DSCT.S1,192000000,HAPP20
43967,2019:08:14 02:27:43,14/08/2019,0.102581,Black Backed Jackal,9.5,0.4-0.6,HAPP20,No,DSCT.S1,192000000,HAPP20
43968,2019:08:14 02:27:42,14/08/2019,0.102569,Black Backed Jackal,9,0.4-0.6,HAPP20,No,DSCT.S1,192000000,HAPP20
43969,2019:08:14 02:27:42,14/08/2019,0.102569,Black Backed Jackal,8,0.4-0.6,HAPP20,No,DSCT.S1,192000000,HAPP20
43970,2019:08:14 02:27:42,14/08/2019,0.102569,Black Backed Jackal,8,0.4-0.6,HAPP20,No,DSCT.S1,192000000,HAPP20
43971,2019:08:14 02:27:42,14/08/2019,0.102569,Black Backed Jackal,7.5,0.4-0.6,HAPP20,No,DSCT.S1,192000000,HAPP20
43972,2019:08:14 02:27:41,14/08/2019,0.102558,Black Backed Jackal,7,0.6-0.8,HAPP20,No,DSCT.S1,192000000,HAPP20
43973,2019:08:14 02:27:28,14/08/2019,0.102407,Black Backed Jackal,5.5,0.8-1,HAPP20,No,DSCT.S1,192000000,HAPP20
43974,2019:08:14 02:27:28,14/08/2019,0.102407,Black Backed Jackal,5.5,0.6-0.8,HAPP20,No,DSCT.S1,192000000,HAPP20
43975,2019:08:14 02:27:28,14/08/2019,0.102407,Black Backed Jackal,5.5,0.6-0.8,HAPP20,No,DSCT.S1,192000000,HAPP20
43976,2019:08:14 02:27:28,14/08/2019,0.102407,Black Backed Jackal,5.5,0.6-0.8,HAPP20,No,DSCT.S1,192000000,HAPP20
43977,2019:08:14 02:27:27,14/08/2019,0.102396,Black Backed Jackal,5.5,0.6-0.8,HAPP20,No,DSCT.S1,192000000,HAPP20
43978,2019:08:14 02:27:27,14/08/2019,0.102396,Black Backed Jackal,6,0.4-0.6,HAPP20,No,DSCT.S1,192000000,HAPP20
43979,2019:08:14 02:27:14,14/08/2019,0.102245,Black Backed Jackal,6.5,0.4-0.6,HAPP20,No,DSCT.S1,192000000,HAPP20
43980,2019:08:14 02:27:14,14/08/2019,0.102245,Black Backed Jackal,6,0.4-0.6,HAPP20,No,DSCT.S1,192000000,HAPP20
43981,2019:08:14 02:27:14,14/08/2019,0.102245,Black Backed Jackal,6,0.4-0.6,HAPP20,No,DSCT.S1,192000000,HAPP20
43982,2019:08:14 02:27:13,14/08/2019,0.102234,Black Backed Jackal,6,0.4-0.6,HAPP20,No,DSCT.S1,192000000,HAPP20
43983,2019:08:14 02:27:13,14/08/2019,0.102234,Black Backed Jackal,5.5,0.4-0.6,HAPP20,No,DSCT.S1,192000000,HAPP20
43984,2019:08:14 02:27:13,14/08/2019,0.102234,Black Backed Jackal,5.5,0.4-0.6,HAPP20,No,DSCT.S1,192000000,HAPP20
43985,2019:08:14 02:27:02,14/08/2019,0.102106,Black Backed Jackal,2.5,0.8-1,HAPP20,No,DSCT.S1,192000000,HAPP20
43986,2019:08:14 02:27:02,14/08/2019,0.102106,Black Backed Jackal,2.5,0.8-1,HAPP20,No,DSCT.S1,192000000,HAPP20
43987,2019:08:14 02:27:02,14/08/2019,0.102106,Black Backed Jackal,2.5,0.8-1,HAPP20,No,DSCT.S1,192000000,HAPP20
43988,2019:08:14 02:27:02,14/08/2019,0.102106,Black Backed Jackal,2.5,0.8-1,HAPP20,No,DSCT.S1,192000000,HAPP20
43989,2019:08:14 02:27:01,14/08/2019,0.102095,Black Backed Jackal,2.5,0.8-1,HAPP20,No,DSCT.S1,192000000,HAPP20
43990,2019:08:14 02:27:01,14/08/2019,0.102095,Black Backed Jackal,2.5,0.8-1,HAPP20,No,DSCT.S1,192000000,HAPP20
43991,2019:08:14 02:26:51,14/08/2019,0.101979,Black Backed Jackal,1.5,0.8-1,HAPP20,No,DSCT.S1,192000000,HAPP20
43992,2019:08:14 02:26:50,14/08/2019,0.101968,Black Backed Jackal,1.5,0.8-1,HAPP20,No,DSCT.S1,192000000,HAPP20
43993,2019:08:14 02:26:50,14/08/2019,0.101968,Black Backed Jackal,1.5,0.8-1,HAPP20,No,DSCT.S1,192000000,HAPP20
43994,2019:08:14 02:26:50,14/08/2019,0.101968,Black Backed Jackal,1.5,0.8-1,HAPP20,No,DSCT.S1,192000000,HAPP20
43995,2019:08:14 02:26:50,14/08/2019,0.101968,Black Backed Jackal,1.5,0.8-1,HAPP20,No,DSCT.S1,192000000,HAPP20
43996,2019:08:14 02:26:49,14/08/2019,0.101956,Black Backed Jackal,1.5,0.8-1,HAPP20,No,DSCT.S1,192000000,HAPP20
43997,2019:08:14 02:26:13,14/08/2019,0.101539,Black Backed Jackal,6.5,0.2-0.4,HAPP20,No,DSCT.S1,192000000,HAPP20
43998,2019:08:14 02:26:13,14/08/2019,0.101539,Black Backed Jackal,6.5,0.2-0.4,HAPP20,No,DSCT.S1,192000000,HAPP20
43999,2019:08:14 02:26:13,14/08/2019,0.101539,Black Backed Jackal,6.5,0.2-0.4,HAPP20,No,DSCT.S1,192000000,HAPP20
44000,2019:08:14 02:26:12,14/08/2019,0.101528,Black Backed Jackal,6.5,0.2-0.4,HAPP20,No,DSCT.S1,192000000,HAPP20
44001,2019:08:14 02:26:12,14/08/2019,0.101528,Black Backed Jackal,6,0.4-0.6,HAPP20,No,DSCT.S1,192000000,HAPP20
44002,2019:08:14 02:26:12,14/08/2019,0.101528,Black Backed Jackal,5.5,0.4-0.6,HAPP20,Yes,DSCT.S1,192000000,HAPP20
44009,2019:08:14 00:23:34,14/08/2019,0.016366,African Civet,8.5,0.2-0.4,HAPP20,No,DSCT.S1,192000000,HAPP20
44010,2019:08:14 00:23:33,14/08/2019,0.016354,African Civet,8.5,0.4-0.6,HAPP20,No,DSCT.S1,192000000,HAPP20
44011,2019:08:14 00:23:33,14/08/2019,0.016354,African Civet,8.5,0.4-0.6,HAPP20,No,DSCT.S1,192000000,HAPP20
44012,2019:08:14 00:23:33,14/08/2019,0.016354,African Civet,8.5,0.4-0.6,HAPP20,No,DSCT.S1,192000000,HAPP20
44013,2019:08:14 00:23:33,14/08/2019,0.016354,African Civet,8.5,0.4-0.6,HAPP20,No,DSCT.S1,192000000,HAPP20
44014,2019:08:14 00:23:32,14/08/2019,0.016343,African Civet,8.5,0.6-0.8,HAPP20,No,DSCT.S1,192000000,HAPP20
44015,2019:08:14 00:20:56,14/08/2019,0.014537,African Civet,12,0.2-0.4,HAPP20,No,DSCT.S1,192000000,HAPP20
44016,2019:08:14 00:20:56,14/08/2019,0.014537,African Civet,12,0.2-0.4,HAPP20,No,DSCT.S1,192000000,HAPP20
44017,2019:08:14 00:20:55,14/08/2019,0.014525,African Civet,12,0.4-0.6,HAPP20,No,DSCT.S1,192000000,HAPP20
44018,2019:08:14 00:20:55,14/08/2019,0.014525,African Civet,12,0.4-0.6,HAPP20,No,DSCT.S1,192000000,HAPP20
44019,2019:08:14 00:20:55,14/08/2019,0.014525,African Civet,13,0.4-0.6,HAPP20,No,DSCT.S1,192000000,HAPP20
44020,2019:08:14 00:20:55,14/08/2019,0.014525,African Civet,14,0.4-0.6,HAPP20,Yes,DSCT.S1,192000000,HAPP20
44021,2019:08:13 21:07:15,13/08/2019,0.880035,Black Backed Jackal,13,0.2-0.4,HAPP20,No,DSCT.S1,192000000,HAPP20
44022,2019:08:13 21:07:15,13/08/2019,0.880035,Black Backed Jackal,13,0-0.2,HAPP20,No,DSCT.S1,192000000,HAPP20
44023,2019:08:13 21:07:15,13/08/2019,0.880035,Black Backed Jackal,14,0-0.2,HAPP20,No,DSCT.S1,192000000,HAPP20
44024,2019:08:13 21:07:14,13/08/2019,0.880023,Black Backed Jackal,14,0-0.2,HAPP20,No,DSCT.S1,192000000,HAPP20
44025,2019:08:13 21:07:14,13/08/2019,0.880023,Black Backed Jackal,15,0-0.2,HAPP20,No,DSCT.S1,192000000,HAPP20
44026,2019:08:13 21:07:14,13/08/2019,0.880023,Black Backed Jackal,15,0-0.2,HAPP20,Yes,DSCT.S1,192000000,HAPP20
44705,2019:08:13 06:59:17,13/08/2019,0.291169,Black Backed Jackal,9,0-0.2,HAPP20,No,DSCT.S1,192000000,HAPP20
44706,2019:08:13 06:59:17,13/08/2019,0.291169,Black Backed Jackal,8.5,0.2-0.4,HAPP20,No,DSCT.S1,192000000,HAPP20
44707,2019:08:13 06:59:16,13/08/2019,0.291157,Black Backed Jackal,7.5,0.2-0.4,HAPP20,No,DSCT.S1,192000000,HAPP20
44708,2019:08:13 06:59:16,13/08/2019,0.291157,Black Backed Jackal,7,0.2-0.4,HAPP20,No,DSCT.S1,192000000,HAPP20
44709,2019:08:13 06:59:16,13/08/2019,0.291157,Black Backed Jackal,6,0.4-0.6,HAPP20,No,DSCT.S1,192000000,HAPP20
44710,2019:08:13 06:59:15,13/08/2019,0.291146,Black Backed Jackal,5.5,0.4-0.6,HAPP20,Yes,DSCT.S1,192000000,HAPP20
44741,2019:08:13 03:43:07,13/08/2019,0.154942,African Civet,8,0.4-0.6,HAPP20,No,DSCT.S1,192000000,HAPP20
44742,2019:08:13 03:43:07,13/08/2019,0.154942,African Civet,8,0.4-0.6,HAPP20,No,DSCT.S1,192000000,HAPP20
44743,2019:08:13 03:43:07,13/08/2019,0.154942,African Civet,8,0.4-0.6,HAPP20,No,DSCT.S1,192000000,HAPP20
44744,2019:08:13 03:43:06,13/08/2019,0.154931,African Civet,8,0.4-0.6,HAPP20,No,DSCT.S1,192000000,HAPP20
44745,2019:08:13 03:43:06,13/08/2019,0.154931,African Civet,8.5,0.6-0.8,HAPP20,No,DSCT.S1,192000000,HAPP20
44746,2019:08:13 03:43:06,13/08/2019,0.154931,African Civet,8.5,0.6-0.8,HAPP20,Yes,DSCT.S1,192000000,HAPP20
44789,2019:08:12 23:45:48,12/08/2019,0.990139,Black Backed Jackal,13,0-0.2,HAPP20,No,DSCT.S1,192000000,HAPP20
44790,2019:08:12 23:45:48,12/08/2019,0.990139,Black Backed Jackal,12,0-0.2,HAPP20,No,DSCT.S1,192000000,HAPP20
44791,2019:08:12 23:45:47,12/08/2019,0.990127,Black Backed Jackal,11,0-0.2,HAPP20,No,DSCT.S1,192000000,HAPP20
44792,2019:08:12 23:45:47,12/08/2019,0.990127,Black Backed Jackal,11,0.2-0.4,HAPP20,No,DSCT.S1,192000000,HAPP20
44793,2019:08:12 23:45:47,12/08/2019,0.990127,Black Backed Jackal,11,0.2-0.4,HAPP20,No,DSCT.S1,192000000,HAPP20
44794,2019:08:12 23:45:46,12/08/2019,0.990116,Black Backed Jackal,10,0.2-0.4,HAPP20,No,DSCT.S1,192000000,HAPP20
44795,2019:08:12 23:45:33,12/08/2019,0.989965,Black Backed Jackal,6.5,0.8-1,HAPP20,No,DSCT.S1,192000000,HAPP20
44796,2019:08:12 23:45:33,12/08/2019,0.989965,Black Backed Jackal,6.5,0.8-1,HAPP20,No,DSCT.S1,192000000,HAPP20
44797,2019:08:12 23:45:32,12/08/2019,0.989954,Black Backed Jackal,6.5,0.8-1,HAPP20,No,DSCT.S1,192000000,HAPP20
44798,2019:08:12 23:45:32,12/08/2019,0.989954,Black Backed Jackal,6.5,0.8-1,HAPP20,No,DSCT.S1,192000000,HAPP20
44799,2019:08:12 23:45:32,12/08/2019,0.989954,Black Backed Jackal,6.5,0.8-1,HAPP20,No,DSCT.S1,192000000,HAPP20
44800,2019:08:12 23:45:32,12/08/2019,0.989954,Black Backed Jackal,6.5,0.8-1,HAPP20,No,DSCT.S1,192000000,HAPP20
44801,2019:08:12 23:45:13,12/08/2019,0.989734,Black Backed Jackal,5,0.8-1,HAPP20,No,DSCT.S1,192000000,HAPP20
44802,2019:08:12 23:45:13,12/08/2019,0.989734,Black Backed Jackal,5,0.8-1,HAPP20,No,DSCT.S1,192000000,HAPP20
44803,2019:08:12 23:45:13,12/08/2019,0.989734,Black Backed Jackal,5,0.8-1,HAPP20,No,DSCT.S1,192000000,HAPP20
44804,2019:08:12 23:45:12,12/08/2019,0.989722,Black Backed Jackal,5.5,0.8-1,HAPP20,No,DSCT.S1,192000000,HAPP20
44805,2019:08:12 23:45:12,12/08/2019,0.989722,Black Backed Jackal,5.5,0.8-1,HAPP20,Yes,DSCT.S1,192000000,HAPP20
44806,2019:08:12 23:45:12,12/08/2019,0.989722,Black Backed Jackal,6,0.8-1,HAPP20,No,DSCT.S1,192000000,HAPP20
44807,2019:08:12 23:43:56,12/08/2019,0.988843,Black Backed Jackal,11,0.6-0.8,HAPP20,No,DSCT.S1,192000000,HAPP20
44808,2019:08:12 23:43:56,12/08/2019,0.988843,Black Backed Jackal,11,0.6-0.8,HAPP20,No,DSCT.S1,192000000,HAPP20
44809,2019:08:12 23:43:55,12/08/2019,0.988831,Black Backed Jackal,11,0.6-0.8,HAPP20,No,DSCT.S1,192000000,HAPP20
44810,2019:08:12 23:43:55,12/08/2019,0.988831,Black Backed Jackal,12,0.4-0.6,HAPP20,No,DSCT.S1,192000000,HAPP20
44811,2019:08:12 23:43:55,12/08/2019,0.988831,Black Backed Jackal,12,0.4-0.6,HAPP20,No,DSCT.S1,192000000,HAPP20
44812,2019:08:12 23:43:55,12/08/2019,0.988831,Black Backed Jackal,12,0.4-0.6,HAPP20,No,DSCT.S1,192000000,HAPP20
44813,2019:08:12 23:43:45,12/08/2019,0.988715,Black Backed Jackal,10,0.4-0.6,HAPP20,No,DSCT.S1,192000000,HAPP20
44814,2019:08:12 23:43:44,12/08/2019,0.988704,Black Backed Jackal,11,0.2-0.4,HAPP20,No,DSCT.S1,192000000,HAPP20
44815,2019:08:12 23:43:44,12/08/2019,0.988704,Black Backed Jackal,11,0.2-0.4,HAPP20,No,DSCT.S1,192000000,HAPP20
44816,2019:08:12 23:43:44,12/08/2019,0.988704,Black Backed Jackal,11,0.2-0.4,HAPP20,No,DSCT.S1,192000000,HAPP20
44817,2019:08:12 23:43:43,12/08/2019,0.988692,Black Backed Jackal,11,0.2-0.4,HAPP20,No,DSCT.S1,192000000,HAPP20
44818,2019:08:12 23:43:43,12/08/2019,0.988692,Black Backed Jackal,11,0.2-0.4,HAPP20,Yes,DSCT.S1,192000000,HAPP20
44837,2019:08:12 17:55:28,12/08/2019,0.746852,Black Backed Jackal,13,0.2-0.4,HAPP20,No,DSCT.S1,192000000,HAPP20
44838,2019:08:12 17:55:27,12/08/2019,0.74684,Black Backed Jackal,13,0.2-0.4,HAPP20,No,DSCT.S1,192000000,HAPP20
44839,2019:08:12 17:55:27,12/08/2019,0.74684,Black Backed Jackal,12,0.4-0.6,HAPP20,No,DSCT.S1,192000000,HAPP20
44840,2019:08:12 17:55:27,12/08/2019,0.74684,Black Backed Jackal,12,0.4-0.6,HAPP20,No,DSCT.S1,192000000,HAPP20
44841,2019:08:12 17:55:26,12/08/2019,0.746829,Black Backed Jackal,12,0.4-0.6,HAPP20,No,DSCT.S1,192000000,HAPP20
44842,2019:08:12 17:55:26,12/08/2019,0.746829,Black Backed Jackal,12,0.4-0.6,HAPP20,Yes,DSCT.S1,192000000,HAPP20
44843,2019:08:12 17:54:17,12/08/2019,0.74603,Black Backed Jackal,10,0.8-1,HAPP20,No,DSCT.S1,192000000,HAPP20
44844,2019:08:12 17:54:17,12/08/2019,0.74603,Black Backed Jackal,11,0.8-1,HAPP20,Yes,DSCT.S1,192000000,HAPP20
45385,2019:08:12 06:04:44,12/08/2019,0.253287,Black Backed Jackal,17,0.2-0.4,HAPP20,No,DSCT.S1,192000000,HAPP20
45386,2019:08:12 06:04:43,12/08/2019,0.253275,Black Backed Jackal,17,0.2-0.4,HAPP20,No,DSCT.S1,192000000,HAPP20
45387,2019:08:12 06:04:43,12/08/2019,0.253275,Black Backed Jackal,16,0.2-0.4,HAPP20,No,DSCT.S1,192000000,HAPP20
45388,2019:08:12 06:04:43,12/08/2019,0.253275,Black Backed Jackal,15,0.4-0.6,HAPP20,No,DSCT.S1,192000000,HAPP20
45389,2019:08:12 06:04:43,12/08/2019,0.253275,Black Backed Jackal,14,0.4-0.6,HAPP20,No,DSCT.S1,192000000,HAPP20
45390,2019:08:12 06:04:42,12/08/2019,0.253264,Black Backed Jackal,14,0.4-0.6,HAPP20,No,DSCT.S1,192000000,HAPP20
45391,2019:08:12 06:02:55,12/08/2019,0.252025,Black Backed Jackal,12,0.2-0.4,HAPP20,No,DSCT.S1,192000000,HAPP20
45392,2019:08:12 06:02:55,12/08/2019,0.252025,Black Backed Jackal,12,0.2-0.4,HAPP20,No,DSCT.S1,192000000,HAPP20
45393,2019:08:12 06:02:55,12/08/2019,0.252025,Black Backed Jackal,12,0.2-0.4,HAPP20,No,DSCT.S1,192000000,HAPP20
45394,2019:08:12 06:02:54,12/08/2019,0.252014,Black Backed Jackal,13,0.4-0.6,HAPP20,No,DSCT.S1,192000000,HAPP20
45395,2019:08:12 06:02:54,12/08/2019,0.252014,Black Backed Jackal,13,0.4-0.6,HAPP20,No,DSCT.S1,192000000,HAPP20
45396,2019:08:12 06:02:54,12/08/2019,0.252014,Black Backed Jackal,14,0.6-0.8,HAPP20,Yes,DSCT.S1,192000000,HAPP20
45439,2019:08:12 00:52:18,12/08/2019,0.036319,African Civet,12,0.2-0.4,HAPP20,No,DSCT.S1,192000000,HAPP20
45440,2019:08:12 00:52:18,12/08/2019,0.036319,African Civet,12,0.2-0.4,HAPP20,No,DSCT.S1,192000000,HAPP20
45441,2019:08:12 00:52:18,12/08/2019,0.036319,African Civet,12,0.2-0.4,HAPP20,No,DSCT.S1,192000000,HAPP20
45442,2019:08:12 00:52:17,12/08/2019,0.036308,African Civet,12,0.2-0.4,HAPP20,No,DSCT.S1,192000000,HAPP20
45443,2019:08:12 00:52:17,12/08/2019,0.036308,African Civet,12,0.4-0.6,HAPP20,No,DSCT.S1,192000000,HAPP20
45444,2019:08:12 00:52:17,12/08/2019,0.036308,African Civet,12,0.4-0.6,HAPP20,Yes,DSCT.S1,192000000,HAPP20
45445,2019:08:12 00:37:28,12/08/2019,0.026019,Black Backed Jackal,8.5,0.4-0.6,HAPP20,No,DSCT.S1,192000000,HAPP20
45446,2019:08:12 00:37:28,12/08/2019,0.026019,Black Backed Jackal,8.5,0.4-0.6,HAPP20,No,DSCT.S1,192000000,HAPP20
45447,2019:08:12 00:37:27,12/08/2019,0.026007,Black Backed Jackal,8,0.4-0.6,HAPP20,No,DSCT.S1,192000000,HAPP20
45448,2019:08:12 00:37:27,12/08/2019,0.026007,Black Backed Jackal,8,0.4-0.6,HAPP20,No,DSCT.S1,192000000,HAPP20
45449,2019:08:12 00:37:27,12/08/2019,0.026007,Black Backed Jackal,7.5,0.4-0.6,HAPP20,No,DSCT.S1,192000000,HAPP20
45450,2019:08:12 00:37:27,12/08/2019,0.026007,Black Backed Jackal,7,0.4-0.6,HAPP20,Yes,DSCT.S1,192000000,HAPP20
45469,2019:08:11 21:10:19,11/08/2019,0.882164,Black Backed Jackal,6.5,0.2-0.4,HAPP20,No,DSCT.S1,192000000,HAPP20
45470,2019:08:11 21:10:19,11/08/2019,0.882164,Black Backed Jackal,6.5,0.2-0.4,HAPP20,No,DSCT.S1,192000000,HAPP20
45471,2019:08:11 21:10:18,11/08/2019,0.882153,Black Backed Jackal,6,0.4-0.6,HAPP20,No,DSCT.S1,192000000,HAPP20
45472,2019:08:11 21:10:18,11/08/2019,0.882153,Black Backed Jackal,6,0.4-0.6,HAPP20,No,DSCT.S1,192000000,HAPP20
45473,2019:08:11 21:10:18,11/08/2019,0.882153,Black Backed Jackal,5.5,0.4-0.6,HAPP20,No,DSCT.S1,192000000,HAPP20
45474,2019:08:11 21:10:18,11/08/2019,0.882153,Black Backed Jackal,5,0.4-0.6,HAPP20,Yes,DSCT.S1,192000000,HAPP20
45475,2019:08:11 20:10:16,11/08/2019,0.840463,Black Backed Jackal,16,0.2-0.4,HAPP20,No,DSCT.S1,192000000,HAPP20
45476,2019:08:11 20:10:16,11/08/2019,0.840463,Black Backed Jackal,15,0.2-0.4,HAPP20,No,DSCT.S1,192000000,HAPP20
45477,2019:08:11 20:10:16,11/08/2019,0.840463,Black Backed Jackal,14,0.2-0.4,HAPP20,No,DSCT.S1,192000000,HAPP20
45478,2019:08:11 20:10:15,11/08/2019,0.840451,Black Backed Jackal,14,0.2-0.4,HAPP20,No,DSCT.S1,192000000,HAPP20
45479,2019:08:11 20:10:15,11/08/2019,0.840451,Black Backed Jackal,13,0.4-0.6,HAPP20,No,DSCT.S1,192000000,HAPP20
45480,2019:08:11 20:10:15,11/08/2019,0.840451,Black Backed Jackal,13,0.4-0.6,HAPP20,No,DSCT.S1,192000000,HAPP20
45481,2019:08:11 20:07:57,11/08/2019,0.838854,Black Backed Jackal,8,0.2-0.4,HAPP20,No,DSCT.S1,192000000,HAPP20
45482,2019:08:11 20:07:57,11/08/2019,0.838854,Black Backed Jackal,7.5,0.4-0.6,HAPP20,No,DSCT.S1,192000000,HAPP20
45483,2019:08:11 20:07:57,11/08/2019,0.838854,Black Backed Jackal,7,0.4-0.6,HAPP20,No,DSCT.S1,192000000,HAPP20
45484,2019:08:11 20:07:56,11/08/2019,0.838843,Black Backed Jackal,6.5,0.4-0.6,HAPP20,No,DSCT.S1,192000000,HAPP20
45485,2019:08:11 20:07:56,11/08/2019,0.838843,Black Backed Jackal,6,0.4-0.6,HAPP20,No,DSCT.S1,192000000,HAPP20
45486,2019:08:11 20:07:56,11/08/2019,0.838843,Black Backed Jackal,5.5,0.4-0.6,HAPP20,Yes,DSCT.S1,192000000,HAPP20
45967,2019:08:10 23:33:19,10/08/2019,0.98147,African Civet,16,0.6-0.8,HAPP20,No,DSCT.S1,192000000,HAPP20
45968,2019:08:10 23:33:19,10/08/2019,0.98147,African Civet,13,0.4-0.6,HAPP20,No,DSCT.S1,192000000,HAPP20
45969,2019:08:10 23:33:19,10/08/2019,0.98147,African Civet,11,0.2-0.4,HAPP20,No,DSCT.S1,192000000,HAPP20
45970,2019:08:10 23:33:18,10/08/2019,0.981458,African Civet,9,0-0.2,HAPP20,No,DSCT.S1,192000000,HAPP20
45971,2019:08:10 23:33:18,10/08/2019,0.981458,African Civet,8.5,0-0.2,HAPP20,No,DSCT.S1,192000000,HAPP20
45972,2019:08:10 23:33:18,10/08/2019,0.981458,African Civet,8,0.2-0.4,HAPP20,Yes,DSCT.S1,192000000,HAPP20
45973,2019:08:10 22:46:36,10/08/2019,0.949028,Black Backed Jackal,8.5,0.4-0.6,HAPP20,No,DSCT.S1,192000000,HAPP20
45974,2019:08:10 22:46:36,10/08/2019,0.949028,Black Backed Jackal,8,0.4-0.6,HAPP20,No,DSCT.S1,192000000,HAPP20
45975,2019:08:10 22:46:36,10/08/2019,0.949028,Black Backed Jackal,8,0.4-0.6,HAPP20,No,DSCT.S1,192000000,HAPP20
45976,2019:08:10 22:46:36,10/08/2019,0.949028,Black Backed Jackal,7.5,0.4-0.6,HAPP20,No,DSCT.S1,192000000,HAPP20
45977,2019:08:10 22:46:35,10/08/2019,0.949016,Black Backed Jackal,7,0.4-0.6,HAPP20,No,DSCT.S1,192000000,HAPP20
45978,2019:08:10 22:46:35,10/08/2019,0.949016,Black Backed Jackal,6.5,0.4-0.6,HAPP20,Yes,DSCT.S1,192000000,HAPP20
45979,2019:08:10 20:34:56,10/08/2019,0.857593,African Civet,8,0.4-0.6,HAPP20,No,DSCT.S1,192000000,HAPP20
45980,2019:08:10 20:34:56,10/08/2019,0.857593,African Civet,8,0.4-0.6,HAPP20,No,DSCT.S1,192000000,HAPP20
45981,2019:08:10 20:34:55,10/08/2019,0.857581,African Civet,8,0.4-0.6,HAPP20,No,DSCT.S1,192000000,HAPP20
45982,2019:08:10 20:34:55,10/08/2019,0.857581,African Civet,8,0.4-0.6,HAPP20,No,DSCT.S1,192000000,HAPP20
45983,2019:08:10 20:34:55,10/08/2019,0.857581,African Civet,8.5,0.4-0.6,HAPP20,No,DSCT.S1,192000000,HAPP20
45984,2019:08:10 20:34:55,10/08/2019,0.857581,African Civet,8.5,0.6-0.8,HAPP20,Yes,DSCT.S1,192000000,HAPP20
46495,2019:08:10 03:29:23,10/08/2019,0.145405,African Civet,17,0.8-1,HAPP20,No,DSCT.S1,192000000,HAPP20
46496,2019:08:10 03:29:22,10/08/2019,0.145394,African Civet,15,0.6-0.8,HAPP20,No,DSCT.S1,192000000,HAPP20
46497,2019:08:10 03:29:22,10/08/2019,0.145394,African Civet,12,0.4-0.6,HAPP20,No,DSCT.S1,192000000,HAPP20
46498,2019:08:10 03:29:22,10/08/2019,0.145394,African Civet,11,0.2-0.4,HAPP20,No,DSCT.S1,192000000,HAPP20
46499,2019:08:10 03:29:21,10/08/2019,0.145382,African Civet,10,0-0.2,HAPP20,No,DSCT.S1,192000000,HAPP20
46500,2019:08:10 03:29:21,10/08/2019,0.145382,African Civet,8.5,0.2-0.4,HAPP20,Yes,DSCT.S1,192000000,HAPP20
46501,2019:08:10 00:13:00,10/08/2019,0.009028,Black Backed Jackal,18,0-0.2,HAPP20,No,DSCT.S1,192000000,HAPP20
46502,2019:08:10 00:13:00,10/08/2019,0.009028,Black Backed Jackal,17,0-0.2,HAPP20,No,DSCT.S1,192000000,HAPP20
46503,2019:08:10 00:13:00,10/08/2019,0.009028,Black Backed Jackal,16,0.2-0.4,HAPP20,No,DSCT.S1,192000000,HAPP20
46504,2019:08:10 00:12:59,10/08/2019,0.009016,Black Backed Jackal,15,0.2-0.4,HAPP20,No,DSCT.S1,192000000,HAPP20
46505,2019:08:10 00:12:59,10/08/2019,0.009016,Black Backed Jackal,15,0.4-0.6,HAPP20,No,DSCT.S1,192000000,HAPP20
46506,2019:08:10 00:12:59,10/08/2019,0.009016,Black Backed Jackal,14,0.4-0.6,HAPP20,No,DSCT.S1,192000000,HAPP20
46507,2019:08:10 00:12:28,10/08/2019,0.008657,Black Backed Jackal,15,0.2-0.4,HAPP20,No,DSCT.S1,192000000,HAPP20
46508,2019:08:10 00:12:28,10/08/2019,0.008657,Black Backed Jackal,14,0.2-0.4,HAPP20,No,DSCT.S1,192000000,HAPP20
46509,2019:08:10 00:12:27,10/08/2019,0.008646,Black Backed Jackal,14,0.2-0.4,HAPP20,No,DSCT.S1,192000000,HAPP20
46510,2019:08:10 00:12:27,10/08/2019,0.008646,Black Backed Jackal,13,0.2-0.4,HAPP20,No,DSCT.S1,192000000,HAPP20
46511,2019:08:10 00:12:27,10/08/2019,0.008646,Black Backed Jackal,12,0.4-0.6,HAPP20,No,DSCT.S1,192000000,HAPP20
46512,2019:08:10 00:12:27,10/08/2019,0.008646,Black Backed Jackal,12,0.4-0.6,HAPP20,No,DSCT.S1,192000000,HAPP20
46513,2019:08:10 00:10:48,10/08/2019,0.0075,Black Backed Jackal,3.5,0.6-0.8,HAPP20,No,DSCT.S1,192000000,HAPP20
46514,2019:08:10 00:10:48,10/08/2019,0.0075,Black Backed Jackal,3.5,0.6-0.8,HAPP20,No,DSCT.S1,192000000,HAPP20
46515,2019:08:10 00:10:48,10/08/2019,0.0075,Black Backed Jackal,3.5,0.4-0.6,HAPP20,No,DSCT.S1,192000000,HAPP20
46516,2019:08:10 00:10:47,10/08/2019,0.007488,Black Backed Jackal,3.5,0.2-0.4,HAPP20,No,DSCT.S1,192000000,HAPP20
46517,2019:08:10 00:10:47,10/08/2019,0.007488,Black Backed Jackal,3.5,0-0.2,HAPP20,No,DSCT.S1,192000000,HAPP20
46518,2019:08:10 00:10:47,10/08/2019,0.007488,Black Backed Jackal,3.5,0-0.2,HAPP20,Yes,DSCT.S1,192000000,HAPP20
46519,2019:08:10 00:10:39,10/08/2019,0.007396,Black Backed Jackal,7.5,0-0.2,HAPP20,No,DSCT.S1,192000000,HAPP20
46520,2019:08:10 00:10:39,10/08/2019,0.007396,Black Backed Jackal,7,0-0.2,HAPP20,No,DSCT.S1,192000000,HAPP20
46521,2019:08:10 00:10:39,10/08/2019,0.007396,Black Backed Jackal,6.5,0-0.2,HAPP20,No,DSCT.S1,192000000,HAPP20
46522,2019:08:10 00:10:39,10/08/2019,0.007396,Black Backed Jackal,5,0.2-0.4,HAPP20,No,DSCT.S1,192000000,HAPP20
46523,2019:08:10 00:10:38,10/08/2019,0.007384,Black Backed Jackal,5.5,0.2-0.4,HAPP20,No,DSCT.S1,192000000,HAPP20
46524,2019:08:10 00:10:38,10/08/2019,0.007384,Black Backed Jackal,5.5,0.4-0.6,HAPP20,Yes,DSCT.S1,192000000,HAPP20
46549,2019:08:09 22:08:31,09/08/2019,0.922581,African Civet,16,0.2-0.4,HAPP20,No,DSCT.S1,192000000,HAPP20
46550,2019:08:09 22:08:31,09/08/2019,0.922581,African Civet,16,0.2-0.4,HAPP20,No,DSCT.S1,192000000,HAPP20
46551,2019:08:09 22:08:30,09/08/2019,0.922569,African Civet,15,0-0.2,HAPP20,No,DSCT.S1,192000000,HAPP20
46552,2019:08:09 22:08:30,09/08/2019,0.922569,African Civet,15,0-0.2,HAPP20,No,DSCT.S1,192000000,HAPP20
46553,2019:08:09 22:08:30,09/08/2019,0.922569,African Civet,14,0-0.2,HAPP20,No,DSCT.S1,192000000,HAPP20
46554,2019:08:09 22:08:30,09/08/2019,0.922569,African Civet,14,0-0.2,HAPP20,No,DSCT.S1,192000000,HAPP20
46555,2019:08:09 22:05:05,09/08/2019,0.920197,African Civet,4.5,0.8-1,HAPP20,No,DSCT.S1,192000000,HAPP20
46556,2019:08:09 22:05:04,09/08/2019,0.920185,African Civet,4.5,0.6-0.8,HAPP20,No,DSCT.S1,192000000,HAPP20
46557,2019:08:09 22:05:04,09/08/2019,0.920185,African Civet,4.5,0.6-0.8,HAPP20,No,DSCT.S1,192000000,HAPP20
46558,2019:08:09 22:05:04,09/08/2019,0.920185,African Civet,4.5,0.6-0.8,HAPP20,No,DSCT.S1,192000000,HAPP20
46559,2019:08:09 22:05:03,09/08/2019,0.920174,African Civet,4.5,0.6-0.8,HAPP20,No,DSCT.S1,192000000,HAPP20
46560,2019:08:09 22:05:03,09/08/2019,0.920174,African Civet,4.5,0.4-0.6,HAPP20,No,DSCT.S1,192000000,HAPP20
46561,2019:08:09 22:04:55,09/08/2019,0.920081,African Civet,3,0-0.2,HAPP20,No,DSCT.S1,192000000,HAPP20
46562,2019:08:09 22:04:55,09/08/2019,0.920081,African Civet,3,0-0.2,HAPP20,No,DSCT.S1,192000000,HAPP20
46563,2019:08:09 22:04:55,09/08/2019,0.920081,African Civet,3,0-0.2,HAPP20,No,DSCT.S1,192000000,HAPP20
46564,2019:08:09 22:04:54,09/08/2019,0.920069,African Civet,3,0-0.2,HAPP20,No,DSCT.S1,192000000,HAPP20
46565,2019:08:09 22:04:54,09/08/2019,0.920069,African Civet,3,0-0.2,HAPP20,No,DSCT.S1,192000000,HAPP20
46566,2019:08:09 22:04:54,09/08/2019,0.920069,African Civet,3,0-0.2,HAPP20,No,DSCT.S1,192000000,HAPP20
46567,2019:08:09 22:02:14,09/08/2019,0.918218,Black Backed Jackal,1.5,0.8-1,HAPP20,No,DSCT.S1,192000000,HAPP20
46568,2019:08:09 22:02:14,09/08/2019,0.918218,Black Backed Jackal,0.5,0.2-0.4,HAPP20,No,DSCT.S1,192000000,HAPP20
46569,2019:08:09 22:02:14,09/08/2019,0.918218,Black Backed Jackal,0.5,0.4-0.6,HAPP20,No,DSCT.S1,192000000,HAPP20
46570,2019:08:09 22:02:14,09/08/2019,0.918218,Black Backed Jackal,0.5,0.8-1,HAPP20,No,DSCT.S1,192000000,HAPP20
46571,2019:08:09 22:02:13,09/08/2019,0.918206,Black Backed Jackal,0.5,0.8-1,HAPP20,No,DSCT.S1,192000000,HAPP20
46572,2019:08:09 22:02:13,09/08/2019,0.918206,Black Backed Jackal,0.5,0.8-1,HAPP20,Yes,DSCT.S1,192000000,HAPP20
46573,2019:08:09 22:02:05,09/08/2019,0.918113,African Civet,11,0.2-0.4,HAPP20,No,DSCT.S1,192000000,HAPP20
46574,2019:08:09 22:02:05,09/08/2019,0.918113,African Civet,12,0.2-0.4,HAPP20,No,DSCT.S1,192000000,HAPP20
46575,2019:08:09 22:02:04,09/08/2019,0.918102,African Civet,12,0.4-0.6,HAPP20,No,DSCT.S1,192000000,HAPP20
46576,2019:08:09 22:02:04,09/08/2019,0.918102,African Civet,12,0.4-0.6,HAPP20,No,DSCT.S1,192000000,HAPP20
46577,2019:08:09 22:02:04,09/08/2019,0.918102,African Civet,12,0.4-0.6,HAPP20,No,DSCT.S1,192000000,HAPP20
46578,2019:08:09 22:02:04,09/08/2019,0.918102,African Civet,12,0.4-0.6,HAPP20,Yes,DSCT.S1,192000000,HAPP20
46717,2019:08:09 09:51:04,09/08/2019,0.410463,Black Backed Jackal,14,0.2-0.4,HAPP20,No,DSCT.S1,192000000,HAPP20
46718,2019:08:09 09:51:04,09/08/2019,0.410463,Black Backed Jackal,13,0.2-0.4,HAPP20,No,DSCT.S1,192000000,HAPP20
46719,2019:08:09 09:51:03,09/08/2019,0.410451,Black Backed Jackal,11,0-0.2,HAPP20,No,DSCT.S1,192000000,HAPP20
46720,2019:08:09 09:51:03,09/08/2019,0.410451,Black Backed Jackal,10,0-0.2,HAPP20,No,DSCT.S1,192000000,HAPP20
46721,2019:08:09 09:51:03,09/08/2019,0.410451,Black Backed Jackal,9.5,0-0.2,HAPP20,No,DSCT.S1,192000000,HAPP20
46722,2019:08:09 09:51:02,09/08/2019,0.41044,Black Backed Jackal,8,0-0.2,HAPP20,No,DSCT.S1,192000000,HAPP20
46723,2019:08:09 09:49:27,09/08/2019,0.40934,Black Backed Jackal,4,0.8-1,HAPP20,No,DSCT.S1,192000000,HAPP20
46724,2019:08:09 09:49:27,09/08/2019,0.40934,Black Backed Jackal,4,0.8-1,HAPP20,No,DSCT.S1,192000000,HAPP20
46725,2019:08:09 09:49:27,09/08/2019,0.40934,Black Backed Jackal,4,0.8-1,HAPP20,No,DSCT.S1,192000000,HAPP20
46726,2019:08:09 09:49:26,09/08/2019,0.409329,Black Backed Jackal,4.5,0.6-0.8,HAPP20,No,DSCT.S1,192000000,HAPP20
46727,2019:08:09 09:49:26,09/08/2019,0.409329,Black Backed Jackal,4.5,0.6-0.8,HAPP20,No,DSCT.S1,192000000,HAPP20
46728,2019:08:09 09:49:26,09/08/2019,0.409329,Black Backed Jackal,4.5,0.4-0.6,HAPP20,No,DSCT.S1,192000000,HAPP20
46729,2019:08:09 09:47:55,09/08/2019,0.408275,Black Backed Jackal,5,0.2-0.4,HAPP20,No,DSCT.S1,192000000,HAPP20
46730,2019:08:09 09:47:54,09/08/2019,0.408264,Black Backed Jackal,5.5,0.2-0.4,HAPP20,No,DSCT.S1,192000000,HAPP20
46731,2019:08:09 09:47:54,09/08/2019,0.408264,Black Backed Jackal,6,0-0.2,HAPP20,No,DSCT.S1,192000000,HAPP20
46732,2019:08:09 09:47:54,09/08/2019,0.408264,Black Backed Jackal,6,0-0.2,HAPP20,No,DSCT.S1,192000000,HAPP20
46733,2019:08:09 09:47:53,09/08/2019,0.408252,Black Backed Jackal,6.5,0-0.2,HAPP20,No,DSCT.S1,192000000,HAPP20
46734,2019:08:09 09:47:53,09/08/2019,0.408252,Black Backed Jackal,7,0-0.2,HAPP20,Yes,DSCT.S1,192000000,HAPP20
47077,2019:08:09 07:39:29,09/08/2019,0.319086,Black Backed Jackal,22,0-0.2,HAPP20,No,DSCT.S1,192000000,HAPP20
47078,2019:08:09 07:39:29,09/08/2019,0.319086,Black Backed Jackal,20,0-0.2,HAPP20,No,DSCT.S1,192000000,HAPP20
47079,2019:08:09 07:39:28,09/08/2019,0.319074,Black Backed Jackal,18,0-0.2,HAPP20,No,DSCT.S1,192000000,HAPP20
47080,2019:08:09 07:39:28,09/08/2019,0.319074,Black Backed Jackal,17,0-0.2,HAPP20,No,DSCT.S1,192000000,HAPP20
47081,2019:08:09 07:39:28,09/08/2019,0.319074,Black Backed Jackal,15,0.2-0.4,HAPP20,No,DSCT.S1,192000000,HAPP20
47082,2019:08:09 07:39:27,09/08/2019,0.319063,Black Backed Jackal,14,0.2-0.4,HAPP20,Yes,DSCT.S1,192000000,HAPP20
47083,2019:08:09 06:48:20,09/08/2019,0.283565,Black Backed Jackal,12,0-0.2,HAPP20,No,DSCT.S1,192000000,HAPP20
47084,2019:08:09 06:48:19,09/08/2019,0.283553,Black Backed Jackal,11,0-0.2,HAPP20,No,DSCT.S1,192000000,HAPP20
47085,2019:08:09 06:48:19,09/08/2019,0.283553,Black Backed Jackal,9.5,0.2-0.4,HAPP20,No,DSCT.S1,192000000,HAPP20
47086,2019:08:09 06:48:19,09/08/2019,0.283553,Black Backed Jackal,8,0.2-0.4,HAPP20,No,DSCT.S1,192000000,HAPP20
47087,2019:08:09 06:48:18,09/08/2019,0.283542,Black Backed Jackal,7,0.4-0.6,HAPP20,No,DSCT.S1,192000000,HAPP20
47088,2019:08:09 06:48:18,09/08/2019,0.283542,Black Backed Jackal,6,0.6-0.8,HAPP20,No,DSCT.S1,192000000,HAPP20
47113,2019:08:09 06:22:41,09/08/2019,0.265752,Black Backed Jackal,7.5,0.2-0.4,HAPP20,No,DSCT.S1,192000000,HAPP20
47114,2019:08:09 06:22:40,09/08/2019,0.265741,Black Backed Jackal,7,0.2-0.4,HAPP20,No,DSCT.S1,192000000,HAPP20
47115,2019:08:09 06:22:40,09/08/2019,0.265741,Black Backed Jackal,6.5,0.4-0.6,HAPP20,No,DSCT.S1,192000000,HAPP20
47116,2019:08:09 06:22:40,09/08/2019,0.265741,Black Backed Jackal,6.5,0.4-0.6,HAPP20,No,DSCT.S1,192000000,HAPP20
47117,2019:08:09 06:22:39,09/08/2019,0.265729,Black Backed Jackal,6,0.4-0.6,HAPP20,No,DSCT.S1,192000000,HAPP20
47118,2019:08:09 06:22:39,09/08/2019,0.265729,Black Backed Jackal,5.5,0.6-0.8,HAPP20,Yes,DSCT.S1,192000000,HAPP20
47155,2019:08:09 02:41:45,09/08/2019,0.112326,African Civet,11,0.2-0.4,HAPP20,No,DSCT.S1,192000000,HAPP20
47156,2019:08:09 02:41:45,09/08/2019,0.112326,African Civet,11,0.2-0.4,HAPP20,No,DSCT.S1,192000000,HAPP20
47157,2019:08:09 02:41:45,09/08/2019,0.112326,African Civet,12,0.2-0.4,HAPP20,No,DSCT.S1,192000000,HAPP20
47158,2019:08:09 02:41:45,09/08/2019,0.112326,African Civet,12,0.4-0.6,HAPP20,No,DSCT.S1,192000000,HAPP20
47159,2019:08:09 02:41:44,09/08/2019,0.112315,African Civet,12,0.4-0.6,HAPP20,No,DSCT.S1,192000000,HAPP20
47160,2019:08:09 02:41:44,09/08/2019,0.112315,African Civet,13,0.4-0.6,HAPP20,No,DSCT.S1,192000000,HAPP20
47161,2019:08:09 02:32:13,09/08/2019,0.105706,African Civet,11,0.4-0.6,HAPP20,No,DSCT.S1,192000000,HAPP20
47162,2019:08:09 02:32:13,09/08/2019,0.105706,African Civet,11,0.4-0.6,HAPP20,No,DSCT.S1,192000000,HAPP20
47163,2019:08:09 02:32:12,09/08/2019,0.105694,African Civet,12,0.4-0.6,HAPP20,No,DSCT.S1,192000000,HAPP20
47164,2019:08:09 02:32:12,09/08/2019,0.105694,African Civet,12,0.4-0.6,HAPP20,No,DSCT.S1,192000000,HAPP20
47165,2019:08:09 02:32:12,09/08/2019,0.105694,African Civet,12,0.4-0.6,HAPP20,No,DSCT.S1,192000000,HAPP20
47166,2019:08:09 02:32:11,09/08/2019,0.105683,African Civet,12,0.4-0.6,HAPP20,No,DSCT.S1,192000000,HAPP20
47167,2019:08:09 02:32:04,09/08/2019,0.105602,African Civet,18,0.4-0.6,HAPP20,No,DSCT.S1,192000000,HAPP20
47168,2019:08:09 02:32:04,09/08/2019,0.105602,African Civet,19,0.4-0.6,HAPP20,No,DSCT.S1,192000000,HAPP20
47169,2019:08:09 02:32:04,09/08/2019,0.105602,African Civet,19,0.4-0.6,HAPP20,No,DSCT.S1,192000000,HAPP20
47170,2019:08:09 02:32:03,09/08/2019,0.10559,African Civet,19,0.4-0.6,HAPP20,No,DSCT.S1,192000000,HAPP20
47171,2019:08:09 02:32:03,09/08/2019,0.10559,African Civet,19,0.4-0.6,HAPP20,No,DSCT.S1,192000000,HAPP20
47172,2019:08:09 02:32:03,09/08/2019,0.10559,African Civet,19,0.6-0.8,HAPP20,Yes,DSCT.S1,192000000,HAPP20
47173,2019:08:09 02:02:05,09/08/2019,0.08478,Black Backed Jackal,6,0.4-0.6,HAPP20,No,DSCT.S1,192000000,HAPP20
47174,2019:08:09 02:02:05,09/08/2019,0.08478,Black Backed Jackal,6,0.4-0.6,HAPP20,No,DSCT.S1,192000000,HAPP20
47175,2019:08:09 02:02:05,09/08/2019,0.08478,Black Backed Jackal,5.5,0.4-0.6,HAPP20,No,DSCT.S1,192000000,HAPP20
47176,2019:08:09 02:02:05,09/08/2019,0.08478,Black Backed Jackal,6,0.4-0.6,HAPP20,No,DSCT.S1,192000000,HAPP20
47177,2019:08:09 02:02:04,09/08/2019,0.084769,Black Backed Jackal,6,0.4-0.6,HAPP20,No,DSCT.S1,192000000,HAPP20
47178,2019:08:09 02:02:04,09/08/2019,0.084769,Black Backed Jackal,6.5,0.4-0.6,HAPP20,No,DSCT.S1,192000000,HAPP20
47179,2019:08:09 02:01:49,09/08/2019,0.084595,Black Backed Jackal,11,0.8-1,HAPP20,No,DSCT.S1,192000000,HAPP20
47180,2019:08:09 02:01:49,09/08/2019,0.084595,Black Backed Jackal,11,0.8-1,HAPP20,No,DSCT.S1,192000000,HAPP20
47181,2019:08:09 02:01:49,09/08/2019,0.084595,Black Backed Jackal,11,0.8-1,HAPP20,No,DSCT.S1,192000000,HAPP20
47182,2019:08:09 02:01:48,09/08/2019,0.084583,Black Backed Jackal,11,0.6-0.8,HAPP20,No,DSCT.S1,192000000,HAPP20
47183,2019:08:09 02:01:48,09/08/2019,0.084583,Black Backed Jackal,11,0.6-0.8,HAPP20,No,DSCT.S1,192000000,HAPP20
47184,2019:08:09 02:01:48,09/08/2019,0.084583,Black Backed Jackal,11,0.6-0.8,HAPP20,No,DSCT.S1,192000000,HAPP20
47185,2019:08:09 02:01:18,09/08/2019,0.084236,Black Backed Jackal,21,0-0.2,HAPP20,No,DSCT.S1,192000000,HAPP20
47186,2019:08:09 02:01:17,09/08/2019,0.084225,Black Backed Jackal,20,0-0.2,HAPP20,No,DSCT.S1,192000000,HAPP20
47187,2019:08:09 02:01:17,09/08/2019,0.084225,Black Backed Jackal,18,0-0.2,HAPP20,No,DSCT.S1,192000000,HAPP20
47188,2019:08:09 02:01:17,09/08/2019,0.084225,Black Backed Jackal,17,0-0.2,HAPP20,No,DSCT.S1,192000000,HAPP20
47189,2019:08:09 02:01:17,09/08/2019,0.084225,Black Backed Jackal,15,0-0.2,HAPP20,No,DSCT.S1,192000000,HAPP20
47190,2019:08:09 02:01:16,09/08/2019,0.084213,Black Backed Jackal,14,0-0.2,HAPP20,Yes,DSCT.S1,192000000,HAPP20
47233,2019:08:08 22:45:03,08/08/2019,0.947951,Black Backed Jackal,16,0-0.2,HAPP20,No,DSCT.S1,192000000,HAPP20
47234,2019:08:08 22:45:02,08/08/2019,0.94794,Black Backed Jackal,15,0.2-0.4,HAPP20,No,DSCT.S1,192000000,HAPP20
47235,2019:08:08 22:45:02,08/08/2019,0.94794,Black Backed Jackal,14,0.2-0.4,HAPP20,No,DSCT.S1,192000000,HAPP20
47236,2019:08:08 22:45:02,08/08/2019,0.94794,Black Backed Jackal,14,0.2-0.4,HAPP20,No,DSCT.S1,192000000,HAPP20
47237,2019:08:08 22:45:02,08/08/2019,0.94794,Black Backed Jackal,13,0.4-0.6,HAPP20,No,DSCT.S1,192000000,HAPP20
47238,2019:08:08 22:45:01,08/08/2019,0.947928,Black Backed Jackal,12,0.4-0.6,HAPP20,No,DSCT.S1,192000000,HAPP20
47239,2019:08:08 22:40:22,08/08/2019,0.944699,Black Backed Jackal,10,0-0.2,HAPP20,No,DSCT.S1,192000000,HAPP20
47240,2019:08:08 22:40:22,08/08/2019,0.944699,Black Backed Jackal,9,0-0.2,HAPP20,No,DSCT.S1,192000000,HAPP20
47241,2019:08:08 22:40:22,08/08/2019,0.944699,Black Backed Jackal,8,0-0.2,HAPP20,No,DSCT.S1,192000000,HAPP20
47242,2019:08:08 22:40:21,08/08/2019,0.944688,Black Backed Jackal,7.5,0-0.2,HAPP20,No,DSCT.S1,192000000,HAPP20
47243,2019:08:08 22:40:21,08/08/2019,0.944688,Black Backed Jackal,7,0.2-0.4,HAPP20,No,DSCT.S1,192000000,HAPP20
47244,2019:08:08 22:40:21,08/08/2019,0.944688,Black Backed Jackal,6.5,0.2-0.4,HAPP20,Yes,DSCT.S1,192000000,HAPP20
47348,2019:08:08 18:38:31,08/08/2019,0.776748,Black Backed Jackal,10,0.8-1,HAPP20,No,DSCT.S1,192000000,HAPP20
47349,2019:08:08 18:38:31,08/08/2019,0.776748,Black Backed Jackal,10,0.8-1,HAPP20,No,DSCT.S1,192000000,HAPP20
47350,2019:08:08 18:38:31,08/08/2019,0.776748,Black Backed Jackal,10,0.8-1,HAPP20,No,DSCT.S1,192000000,HAPP20
47351,2019:08:08 18:38:30,08/08/2019,0.776736,Black Backed Jackal,10,0.6-0.8,HAPP20,No,DSCT.S1,192000000,HAPP20
47352,2019:08:08 18:38:30,08/08/2019,0.776736,Black Backed Jackal,10,0.6-0.8,HAPP20,No,DSCT.S1,192000000,HAPP20
47353,2019:08:08 18:38:22,08/08/2019,0.776644,Black Backed Jackal,12,0.2-0.4,HAPP20,No,DSCT.S1,192000000,HAPP20
47354,2019:08:08 18:38:22,08/08/2019,0.776644,Black Backed Jackal,12,0.2-0.4,HAPP20,No,DSCT.S1,192000000,HAPP20
47355,2019:08:08 18:38:21,08/08/2019,0.776632,Black Backed Jackal,13,0.4-0.6,HAPP20,No,DSCT.S1,192000000,HAPP20
47356,2019:08:08 18:38:21,08/08/2019,0.776632,Black Backed Jackal,13,0.4-0.6,HAPP20,No,DSCT.S1,192000000,HAPP20
47357,2019:08:08 18:38:21,08/08/2019,0.776632,Black Backed Jackal,14,0.4-0.6,HAPP20,No,DSCT.S1,192000000,HAPP20
47358,2019:08:08 18:38:21,08/08/2019,0.776632,Black Backed Jackal,14,0.4-0.6,HAPP20,No,DSCT.S1,192000000,HAPP20
47377,2019:08:08 18:36:41,08/08/2019,0.775475,Black Backed Jackal,15,0.6-0.8,HAPP20,No,DSCT.S1,192000000,HAPP20
47378,2019:08:08 18:36:40,08/08/2019,0.775463,Black Backed Jackal,15,0.6-0.8,HAPP20,No,DSCT.S1,192000000,HAPP20
47379,2019:08:08 18:36:40,08/08/2019,0.775463,Black Backed Jackal,16,0.8-1,HAPP20,No,DSCT.S1,192000000,HAPP20
47380,2019:08:08 18:36:40,08/08/2019,0.775463,Black Backed Jackal,16,0.8-1,HAPP20,No,DSCT.S1,192000000,HAPP20
47381,2019:08:08 18:36:39,08/08/2019,0.775451,Black Backed Jackal,16,0.8-1,HAPP20,No,DSCT.S1,192000000,HAPP20
47382,2019:08:08 18:36:39,08/08/2019,0.775451,Black Backed Jackal,16,0.8-1,HAPP20,No,DSCT.S1,192000000,HAPP20
47401,2019:08:08 18:36:08,08/08/2019,0.775093,Black Backed Jackal,13,0-0.2,HAPP20,No,DSCT.S1,192000000,HAPP20
47402,2019:08:08 18:36:08,08/08/2019,0.775093,Black Backed Jackal,15,0-0.2,HAPP20,No,DSCT.S1,192000000,HAPP20
47403,2019:08:08 18:36:08,08/08/2019,0.775093,Black Backed Jackal,15,0-0.2,HAPP20,No,DSCT.S1,192000000,HAPP20
47404,2019:08:08 18:36:08,08/08/2019,0.775093,Black Backed Jackal,16,0-0.2,HAPP20,No,DSCT.S1,192000000,HAPP20
47405,2019:08:08 18:36:07,08/08/2019,0.775081,Black Backed Jackal,17,0-0.2,HAPP20,No,DSCT.S1,192000000,HAPP20
47406,2019:08:08 18:36:07,08/08/2019,0.775081,Black Backed Jackal,18,0-0.2,HAPP20,No,DSCT.S1,192000000,HAPP20
47413,2019:08:08 18:33:21,08/08/2019,0.77316,Black Backed Jackal,26+,0.4-0.6,HAPP20,No,DSCT.S1,192000000,HAPP20
47414,2019:08:08 18:33:21,08/08/2019,0.77316,Black Backed Jackal,26+,0.4-0.6,HAPP20,No,DSCT.S1,192000000,HAPP20
47415,2019:08:08 18:33:20,08/08/2019,0.773148,Black Backed Jackal,26+,0.2-0.4,HAPP20,No,DSCT.S1,192000000,HAPP20
47416,2019:08:08 18:33:20,08/08/2019,0.773148,Black Backed Jackal,26+,0.2-0.4,HAPP20,No,DSCT.S1,192000000,HAPP20
47417,2019:08:08 18:33:20,08/08/2019,0.773148,Black Backed Jackal,25,0.2-0.4,HAPP20,No,DSCT.S1,192000000,HAPP20
47418,2019:08:08 18:33:19,08/08/2019,0.773137,Black Backed Jackal,23,0.2-0.4,HAPP20,No,DSCT.S1,192000000,HAPP20
47419,2019:08:08 18:32:54,08/08/2019,0.772847,Black Backed Jackal,18,0-0.2,HAPP20,No,DSCT.S1,192000000,HAPP20
47420,2019:08:08 18:32:53,08/08/2019,0.772836,Black Backed Jackal,17,0-0.2,HAPP20,No,DSCT.S1,192000000,HAPP20
47421,2019:08:08 18:32:53,08/08/2019,0.772836,Black Backed Jackal,16,0.2-0.4,HAPP20,No,DSCT.S1,192000000,HAPP20
47422,2019:08:08 18:32:53,08/08/2019,0.772836,Black Backed Jackal,15,0.2-0.4,HAPP20,No,DSCT.S1,192000000,HAPP20
47423,2019:08:08 18:32:52,08/08/2019,0.772824,Black Backed Jackal,14,0.2-0.4,HAPP20,No,DSCT.S1,192000000,HAPP20
47424,2019:08:08 18:32:52,08/08/2019,0.772824,Black Backed Jackal,13,0.4-0.6,HAPP20,No,DSCT.S1,192000000,HAPP20
47425,2019:08:08 18:28:34,08/08/2019,0.769838,Black Backed Jackal,11,0.4-0.6,HAPP20,No,DSCT.S1,192000000,HAPP20
47426,2019:08:08 18:28:34,08/08/2019,0.769838,Black Backed Jackal,11,0.2-0.4,HAPP20,No,DSCT.S1,192000000,HAPP20
47427,2019:08:08 18:28:33,08/08/2019,0.769826,Black Backed Jackal,11,0.2-0.4,HAPP20,No,DSCT.S1,192000000,HAPP20
47428,2019:08:08 18:28:33,08/08/2019,0.769826,Black Backed Jackal,12,0.2-0.4,HAPP20,No,DSCT.S1,192000000,HAPP20
47429,2019:08:08 18:28:33,08/08/2019,0.769826,Black Backed Jackal,12,0.2-0.4,HAPP20,No,DSCT.S1,192000000,HAPP20
47430,2019:08:08 18:28:32,08/08/2019,0.769815,Black Backed Jackal,12,0.2-0.4,HAPP20,Yes,DSCT.S1,192000000,HAPP20
47665,2019:08:08 10:03:48,08/08/2019,0.419306,Black Backed Jackal,20,0-0.2,HAPP20,No,DSCT.S1,192000000,HAPP20
47666,2019:08:08 10:03:48,08/08/2019,0.419306,Black Backed Jackal,19,0-0.2,HAPP20,No,DSCT.S1,192000000,HAPP20
47667,2019:08:08 10:03:48,08/08/2019,0.419306,Black Backed Jackal,18,0-0.2,HAPP20,No,DSCT.S1,192000000,HAPP20
47668,2019:08:08 10:03:47,08/08/2019,0.419294,Black Backed Jackal,16,0-0.2,HAPP20,No,DSCT.S1,192000000,HAPP20
47669,2019:08:08 10:03:47,08/08/2019,0.419294,Black Backed Jackal,15,0.2-0.4,HAPP20,No,DSCT.S1,192000000,HAPP20
47670,2019:08:08 10:03:47,08/08/2019,0.419294,Black Backed Jackal,14,0.2-0.4,HAPP20,Yes,DSCT.S1,192000000,HAPP20
47983,2019:08:08 00:18:47,08/08/2019,0.013044,African Civet,14,0-0.2,HAPP20,No,DSCT.S1,192000000,HAPP20
47984,2019:08:08 00:18:47,08/08/2019,0.013044,African Civet,15,0-0.2,HAPP20,No,DSCT.S1,192000000,HAPP20
47985,2019:08:08 00:18:47,08/08/2019,0.013044,African Civet,15,0-0.2,HAPP20,No,DSCT.S1,192000000,HAPP20
47986,2019:08:08 00:18:47,08/08/2019,0.013044,African Civet,15,0-0.2,HAPP20,No,DSCT.S1,192000000,HAPP20
47987,2019:08:08 00:18:46,08/08/2019,0.013032,African Civet,15,0-0.2,HAPP20,No,DSCT.S1,192000000,HAPP20
47988,2019:08:08 00:18:46,08/08/2019,0.013032,African Civet,15,0-0.2,HAPP20,Yes,DSCT.S1,192000000,HAPP20
48007,2019:08:07 22:16:46,07/08/2019,0.92831,African Civet,10,0.6-0.8,HAPP20,No,DSCT.S1,192000000,HAPP20
48008,2019:08:07 22:16:46,07/08/2019,0.92831,African Civet,10,0.6-0.8,HAPP20,No,DSCT.S1,192000000,HAPP20
48009,2019:08:07 22:16:45,07/08/2019,0.928299,African Civet,9.5,0.6-0.8,HAPP20,No,DSCT.S1,192000000,HAPP20
48010,2019:08:07 22:16:45,07/08/2019,0.928299,African Civet,9.5,0.6-0.8,HAPP20,No,DSCT.S1,192000000,HAPP20
48011,2019:08:07 22:16:45,07/08/2019,0.928299,African Civet,9,0.6-0.8,HAPP20,No,DSCT.S1,192000000,HAPP20
48012,2019:08:07 22:16:44,07/08/2019,0.928287,African Civet,9,0.6-0.8,HAPP20,No,DSCT.S1,192000000,HAPP20
48013,2019:08:07 22:16:39,07/08/2019,0.928229,African Civet,12,0.2-0.4,HAPP20,No,DSCT.S1,192000000,HAPP20
48014,2019:08:07 22:16:39,07/08/2019,0.928229,African Civet,12,0.2-0.4,HAPP20,No,DSCT.S1,192000000,HAPP20
48015,2019:08:07 22:16:39,07/08/2019,0.928229,African Civet,12,0.2-0.4,HAPP20,No,DSCT.S1,192000000,HAPP20
48016,2019:08:07 22:16:38,07/08/2019,0.928218,African Civet,13,0.4-0.6,HAPP20,No,DSCT.S1,192000000,HAPP20
48017,2019:08:07 22:16:38,07/08/2019,0.928218,African Civet,13,0.4-0.6,HAPP20,No,DSCT.S1,192000000,HAPP20
48018,2019:08:07 22:16:38,07/08/2019,0.928218,African Civet,14,0.4-0.6,HAPP20,Yes,DSCT.S1,192000000,HAPP20
48265,2019:08:14 01:33:20,14/08/2019,0.064815,Black Backed Jackal,4.5,0.8-1,DEPP06,No,DSCT.S1,192000000,DEPP06
48266,2019:08:14 01:33:20,14/08/2019,0.064815,Black Backed Jackal,4,0.6-0.8,DEPP06,Yes,DSCT.S1,192000000,DEPP06
48417,2019:08:08 08:09:20,08/08/2019,0.339815,Black Backed Jackal,5,0.4-0.6,DEPP06,No,DSCT.S1,192000000,DEPP06
48418,2019:08:08 08:09:19,08/08/2019,0.339803,Black Backed Jackal,4.5,0.2-0.4,DEPP06,No,DSCT.S1,192000000,DEPP06
48419,2019:08:08 08:09:19,08/08/2019,0.339803,Black Backed Jackal,4,0-0.2,DEPP06,No,DSCT.S1,192000000,DEPP06
48420,2019:08:08 08:09:19,08/08/2019,0.339803,Black Backed Jackal,4,0-0.2,DEPP06,No,DSCT.S1,192000000,DEPP06
48421,2019:08:08 08:09:18,08/08/2019,0.339792,Black Backed Jackal,3.5,0-0.2,DEPP06,No,DSCT.S1,192000000,DEPP06
48422,2019:08:08 08:09:18,08/08/2019,0.339792,Black Backed Jackal,3,0.2-0.4,DEPP06,Yes,DSCT.S1,192000000,DEPP06
48579,2019:08:07 00:01:00,07/08/2019,0.000694,Brown Hyena,6,0.2-0.4,SHPP09,No,DSCT.S1,192000000,SHPP09
48580,2019:08:07 00:00:59,07/08/2019,0.000683,Brown Hyena,6,0.2-0.4,SHPP09,No,DSCT.S1,192000000,SHPP09
48581,2019:08:07 00:00:59,07/08/2019,0.000683,Brown Hyena,6,0.2-0.4,SHPP09,No,DSCT.S1,192000000,SHPP09
48582,2019:08:07 00:00:59,07/08/2019,0.000683,Brown Hyena,6,0.2-0.4,SHPP09,No,DSCT.S1,192000000,SHPP09
48583,2019:08:07 00:00:59,07/08/2019,0.000683,Brown Hyena,6,0.2-0.4,SHPP09,No,DSCT.S1,192000000,SHPP09
48584,2019:08:07 00:00:58,07/08/2019,0.000671,Brown Hyena,6.5,0-0.2,SHPP09,No,DSCT.S1,192000000,SHPP09
48585,2019:08:07 00:00:51,07/08/2019,0.00059,Brown Hyena,7.5,0.2-0.4,SHPP09,No,DSCT.S1,192000000,SHPP09
48586,2019:08:07 00:00:51,07/08/2019,0.00059,Brown Hyena,7.5,0.2-0.4,SHPP09,No,DSCT.S1,192000000,SHPP09
48587,2019:08:07 00:00:51,07/08/2019,0.00059,Brown Hyena,8,0.2-0.4,SHPP09,No,DSCT.S1,192000000,SHPP09
48588,2019:08:07 00:00:50,07/08/2019,0.000579,Brown Hyena,8.5,0.2-0.4,SHPP09,No,DSCT.S1,192000000,SHPP09
48589,2019:08:07 00:00:50,07/08/2019,0.000579,Brown Hyena,9,0.2-0.4,SHPP09,No,DSCT.S1,192000000,SHPP09
48590,2019:08:07 00:00:50,07/08/2019,0.000579,Brown Hyena,9.5,0.2-0.4,SHPP09,Yes,DSCT.S1,192000000,SHPP09
48689,2019:08:19 06:28:14,19/08/2019,0.269606,Black Backed Jackal,12,0.2-0.4,HAPP17,No,DSCT.S1,192000000,HAPP17
48690,2019:08:19 06:28:14,19/08/2019,0.269606,Black Backed Jackal,11,0.2-0.4,HAPP17,No,DSCT.S1,192000000,HAPP17
48691,2019:08:19 06:28:14,19/08/2019,0.269606,Black Backed Jackal,11,0.2-0.4,HAPP17,No,DSCT.S1,192000000,HAPP17
48692,2019:08:19 06:28:14,19/08/2019,0.269606,Black Backed Jackal,10,0.4-0.6,HAPP17,No,DSCT.S1,192000000,HAPP17
48693,2019:08:19 06:28:13,19/08/2019,0.269595,Black Backed Jackal,9.5,0.4-0.6,HAPP17,No,DSCT.S1,192000000,HAPP17
48694,2019:08:19 06:28:13,19/08/2019,0.269595,Black Backed Jackal,9,0.4-0.6,HAPP17,Yes,DSCT.S1,192000000,HAPP17
48735,2019:08:16 20:10:38,16/08/2019,0.840718,Black Backed Jackal,7,0.6-0.8,HAPP17,No,DSCT.S1,192000000,HAPP17
48736,2019:08:16 20:10:37,16/08/2019,0.840706,Black Backed Jackal,7,0.4-0.6,HAPP17,No,DSCT.S1,192000000,HAPP17
48737,2019:08:16 20:10:37,16/08/2019,0.840706,Black Backed Jackal,7.5,0.4-0.6,HAPP17,No,DSCT.S1,192000000,HAPP17
48738,2019:08:16 20:10:37,16/08/2019,0.840706,Black Backed Jackal,8,0.2-0.4,HAPP17,No,DSCT.S1,192000000,HAPP17
48739,2019:08:16 20:10:37,16/08/2019,0.840706,Black Backed Jackal,8.5,0.2-0.4,HAPP17,No,DSCT.S1,192000000,HAPP17
48740,2019:08:16 20:10:36,16/08/2019,0.840694,Black Backed Jackal,9,0-0.2,HAPP17,Yes,DSCT.S1,192000000,HAPP17
48795,2019:08:15 00:34:37,15/08/2019,0.024039,Black Backed Jackal,8.5,0.2-0.4,HAPP17,No,DSCT.S1,192000000,HAPP17
48796,2019:08:15 00:34:36,15/08/2019,0.024028,Black Backed Jackal,8,0.2-0.4,HAPP17,No,DSCT.S1,192000000,HAPP17
48797,2019:08:15 00:34:36,15/08/2019,0.024028,Black Backed Jackal,8,0.2-0.4,HAPP17,No,DSCT.S1,192000000,HAPP17
48798,2019:08:15 00:34:36,15/08/2019,0.024028,Black Backed Jackal,7.5,0.2-0.4,HAPP17,No,DSCT.S1,192000000,HAPP17
48799,2019:08:15 00:34:36,15/08/2019,0.024028,Black Backed Jackal,7,0.4-0.6,HAPP17,No,DSCT.S1,192000000,HAPP17
48800,2019:08:15 00:34:35,15/08/2019,0.024016,Black Backed Jackal,7,0.4-0.6,HAPP17,Yes,DSCT.S1,192000000,HAPP17
48867,2019:08:13 18:53:18,13/08/2019,0.787014,Black Backed Jackal,7,0.6-0.8,HAPP17,No,DSCT.S1,192000000,HAPP17
48868,2019:08:13 18:53:18,13/08/2019,0.787014,Black Backed Jackal,7,0.6-0.8,HAPP17,No,DSCT.S1,192000000,HAPP17
48869,2019:08:13 18:53:18,13/08/2019,0.787014,Black Backed Jackal,7,0.4-0.6,HAPP17,No,DSCT.S1,192000000,HAPP17
48870,2019:08:13 18:53:18,13/08/2019,0.787014,Black Backed Jackal,7.5,0.4-0.6,HAPP17,No,DSCT.S1,192000000,HAPP17
48871,2019:08:13 18:53:17,13/08/2019,0.787002,Black Backed Jackal,7.5,0.2-0.4,HAPP17,No,DSCT.S1,192000000,HAPP17
48872,2019:08:13 18:53:17,13/08/2019,0.787002,Black Backed Jackal,8,0.2-0.4,HAPP17,No,DSCT.S1,192000000,HAPP17
48873,2019:08:13 18:53:07,13/08/2019,0.786887,Black Backed Jackal,7,0.6-0.8,HAPP17,No,DSCT.S1,192000000,HAPP17
48874,2019:08:13 18:53:06,13/08/2019,0.786875,Black Backed Jackal,7,0.6-0.8,HAPP17,No,DSCT.S1,192000000,HAPP17
48875,2019:08:13 18:53:06,13/08/2019,0.786875,Black Backed Jackal,7,0.6-0.8,HAPP17,No,DSCT.S1,192000000,HAPP17
48876,2019:08:13 18:53:06,13/08/2019,0.786875,Black Backed Jackal,7,0.4-0.6,HAPP17,No,DSCT.S1,192000000,HAPP17
48877,2019:08:13 18:53:06,13/08/2019,0.786875,Black Backed Jackal,7,0.4-0.6,HAPP17,No,DSCT.S1,192000000,HAPP17
48878,2019:08:13 18:53:05,13/08/2019,0.786863,Black Backed Jackal,7.5,0.4-0.6,HAPP17,No,DSCT.S1,192000000,HAPP17
48879,2019:08:13 18:52:52,13/08/2019,0.786713,Black Backed Jackal,9.5,0-0.2,HAPP17,No,DSCT.S1,192000000,HAPP17
48880,2019:08:13 18:52:52,13/08/2019,0.786713,Black Backed Jackal,9.5,0-0.2,HAPP17,No,DSCT.S1,192000000,HAPP17
48881,2019:08:13 18:52:51,13/08/2019,0.786701,Black Backed Jackal,10,0-0.2,HAPP17,No,DSCT.S1,192000000,HAPP17
48882,2019:08:13 18:52:51,13/08/2019,0.786701,Black Backed Jackal,10,0-0.2,HAPP17,No,DSCT.S1,192000000,HAPP17
48883,2019:08:13 18:52:51,13/08/2019,0.786701,Black Backed Jackal,10,0-0.2,HAPP17,No,DSCT.S1,192000000,HAPP17
48884,2019:08:13 18:52:51,13/08/2019,0.786701,Black Backed Jackal,11,0-0.2,HAPP17,Yes,DSCT.S1,192000000,HAPP17
48909,2019:08:13 01:22:06,13/08/2019,0.057014,Brown Hyena,8,0.2-0.4,HAPP17,No,DSCT.S1,192000000,HAPP17
48910,2019:08:13 01:22:06,13/08/2019,0.057014,Brown Hyena,8.5,0.2-0.4,HAPP17,No,DSCT.S1,192000000,HAPP17
48911,2019:08:13 01:22:06,13/08/2019,0.057014,Brown Hyena,9.5,0-0.2,HAPP17,No,DSCT.S1,192000000,HAPP17
48912,2019:08:13 01:22:06,13/08/2019,0.057014,Brown Hyena,10,0-0.2,HAPP17,No,DSCT.S1,192000000,HAPP17
48913,2019:08:13 01:22:05,13/08/2019,0.057002,Brown Hyena,11,0-0.2,HAPP17,No,DSCT.S1,192000000,HAPP17
48914,2019:08:13 01:22:05,13/08/2019,0.057002,Brown Hyena,12,0-0.2,HAPP17,No,DSCT.S1,192000000,HAPP17
48915,2019:08:13 01:20:59,13/08/2019,0.056238,Brown Hyena,8.5,0.2-0.4,HAPP17,No,DSCT.S1,192000000,HAPP17
48916,2019:08:13 01:20:58,13/08/2019,0.056227,Brown Hyena,9.5,0-0.2,HAPP17,No,DSCT.S1,192000000,HAPP17
48917,2019:08:13 01:20:58,13/08/2019,0.056227,Brown Hyena,10,0-0.2,HAPP17,No,DSCT.S1,192000000,HAPP17
48918,2019:08:13 01:20:58,13/08/2019,0.056227,Brown Hyena,10,0-0.2,HAPP17,No,DSCT.S1,192000000,HAPP17
48919,2019:08:13 01:20:58,13/08/2019,0.056227,Brown Hyena,11,0-0.2,HAPP17,No,DSCT.S1,192000000,HAPP17
48920,2019:08:13 01:20:57,13/08/2019,0.056215,Brown Hyena,11,0.2-0.4,HAPP17,Yes,DSCT.S1,192000000,HAPP17
48921,2019:08:12 20:21:21,12/08/2019,0.84816,Black Backed Jackal,7,0.6-0.8,HAPP17,No,DSCT.S1,192000000,HAPP17
48922,2019:08:12 20:21:20,12/08/2019,0.848148,Black Backed Jackal,7,0.6-0.8,HAPP17,No,DSCT.S1,192000000,HAPP17
48923,2019:08:12 20:21:20,12/08/2019,0.848148,Black Backed Jackal,7,0.4-0.6,HAPP17,No,DSCT.S1,192000000,HAPP17
48924,2019:08:12 20:21:20,12/08/2019,0.848148,Black Backed Jackal,7.5,0.4-0.6,HAPP17,No,DSCT.S1,192000000,HAPP17
48925,2019:08:12 20:21:20,12/08/2019,0.848148,Black Backed Jackal,8,0.2-0.4,HAPP17,No,DSCT.S1,192000000,HAPP17
48926,2019:08:12 20:21:19,12/08/2019,0.848137,Black Backed Jackal,9.5,0-0.2,HAPP17,Yes,DSCT.S1,192000000,HAPP17
48927,2019:08:12 19:15:48,12/08/2019,0.802639,Black Backed Jackal,8,0.4-0.6,HAPP17,No,DSCT.S1,192000000,HAPP17
48928,2019:08:12 19:15:48,12/08/2019,0.802639,Black Backed Jackal,8,0.4-0.6,HAPP17,No,DSCT.S1,192000000,HAPP17
48929,2019:08:12 19:15:48,12/08/2019,0.802639,Black Backed Jackal,7.5,0.4-0.6,HAPP17,No,DSCT.S1,192000000,HAPP17
48930,2019:08:12 19:15:47,12/08/2019,0.802627,Black Backed Jackal,8,0.2-0.4,HAPP17,No,DSCT.S1,192000000,HAPP17
48931,2019:08:12 19:15:47,12/08/2019,0.802627,Black Backed Jackal,8.5,0.2-0.4,HAPP17,No,DSCT.S1,192000000,HAPP17
48932,2019:08:12 19:15:47,12/08/2019,0.802627,Black Backed Jackal,9.5,0-0.2,HAPP17,Yes,DSCT.S1,192000000,HAPP17
48993,2019:08:10 07:55:13,10/08/2019,0.330012,Black Backed Jackal,11,0.2-0.4,HAPP17,No,DSCT.S1,192000000,HAPP17
48994,2019:08:10 07:55:13,10/08/2019,0.330012,Black Backed Jackal,9.5,0-0.2,HAPP17,No,DSCT.S1,192000000,HAPP17
48995,2019:08:10 07:55:12,10/08/2019,0.33,Black Backed Jackal,9,0-0.2,HAPP17,No,DSCT.S1,192000000,HAPP17
48996,2019:08:10 07:55:12,10/08/2019,0.33,Black Backed Jackal,8,0.2-0.4,HAPP17,No,DSCT.S1,192000000,HAPP17
48997,2019:08:10 07:55:12,10/08/2019,0.33,Black Backed Jackal,7.5,0.2-0.4,HAPP17,No,DSCT.S1,192000000,HAPP17
48998,2019:08:10 07:55:11,10/08/2019,0.329988,Black Backed Jackal,7,0.4-0.6,HAPP17,Yes,DSCT.S1,192000000,HAPP17
49017,2019:08:09 15:05:43,09/08/2019,0.62897,Black Backed Jackal,6.5,0.8-1,HAPP17,No,DSCT.S1,192000000,HAPP17
49018,2019:08:09 15:05:42,09/08/2019,0.628958,Black Backed Jackal,7,0.8-1,HAPP17,No,DSCT.S1,192000000,HAPP17
49019,2019:08:09 15:05:28,09/08/2019,0.628796,Black Backed Jackal,26+,0.8-1,HAPP17,No,DSCT.S1,192000000,HAPP17
49020,2019:08:09 15:05:28,09/08/2019,0.628796,Black Backed Jackal,26+,0.8-1,HAPP17,No,DSCT.S1,192000000,HAPP17
49021,2019:08:09 15:05:27,09/08/2019,0.628785,Black Backed Jackal,26+,0.8-1,HAPP17,No,DSCT.S1,192000000,HAPP17
49022,2019:08:09 15:05:27,09/08/2019,0.628785,Black Backed Jackal,5,0.8-1,HAPP17,No,DSCT.S1,192000000,HAPP17
49023,2019:08:09 15:05:27,09/08/2019,0.628785,Black Backed Jackal,5.5,0.6-0.8,HAPP17,No,DSCT.S1,192000000,HAPP17
49024,2019:08:09 15:05:26,09/08/2019,0.628773,Black Backed Jackal,6,0.4-0.6,HAPP17,Yes,DSCT.S1,192000000,HAPP17
49085,2019:08:07 18:02:35,07/08/2019,0.751794,Black Backed Jackal,5.5,0.6-0.8,HAPP17,No,DSCT.S1,192000000,HAPP17
49086,2019:08:07 18:02:34,07/08/2019,0.751782,Black Backed Jackal,5.5,0.4-0.6,HAPP17,No,DSCT.S1,192000000,HAPP17
49087,2019:08:07 18:02:34,07/08/2019,0.751782,Black Backed Jackal,6.5,0.4-0.6,HAPP17,No,DSCT.S1,192000000,HAPP17
49088,2019:08:07 18:02:34,07/08/2019,0.751782,Black Backed Jackal,7,0.2-0.4,HAPP17,No,DSCT.S1,192000000,HAPP17
49089,2019:08:07 18:02:34,07/08/2019,0.751782,Black Backed Jackal,7.5,0-0.2,HAPP17,No,DSCT.S1,192000000,HAPP17
49090,2019:08:07 18:02:33,07/08/2019,0.751771,Black Backed Jackal,8,0-0.2,HAPP17,No,DSCT.S1,192000000,HAPP17
49091,2019:08:07 18:02:12,07/08/2019,0.751528,Black Backed Jackal,8,0-0.2,HAPP17,No,DSCT.S1,192000000,HAPP17
49092,2019:08:07 18:02:12,07/08/2019,0.751528,Black Backed Jackal,8,0-0.2,HAPP17,No,DSCT.S1,192000000,HAPP17
49093,2019:08:07 18:02:12,07/08/2019,0.751528,Black Backed Jackal,8,0-0.2,HAPP17,No,DSCT.S1,192000000,HAPP17
49094,2019:08:07 18:02:11,07/08/2019,0.751516,Black Backed Jackal,8,0-0.2,HAPP17,No,DSCT.S1,192000000,HAPP17
49095,2019:08:07 18:02:11,07/08/2019,0.751516,Black Backed Jackal,8.5,0.2-0.4,HAPP17,No,DSCT.S1,192000000,HAPP17
49096,2019:08:07 18:02:11,07/08/2019,0.751516,Black Backed Jackal,8.5,0.2-0.4,HAPP17,No,DSCT.S1,192000000,HAPP17
49097,2019:08:07 18:01:47,07/08/2019,0.751238,Black Backed Jackal,9.5,0.4-0.6,HAPP17,No,DSCT.S1,192000000,HAPP17
49098,2019:08:07 18:01:46,07/08/2019,0.751227,Black Backed Jackal,9.5,0.4-0.6,HAPP17,No,DSCT.S1,192000000,HAPP17
49099,2019:08:07 18:01:46,07/08/2019,0.751227,Black Backed Jackal,9.5,0.4-0.6,HAPP17,No,DSCT.S1,192000000,HAPP17
49100,2019:08:07 18:01:46,07/08/2019,0.751227,Black Backed Jackal,9.5,0.4-0.6,HAPP17,No,DSCT.S1,192000000,HAPP17
49101,2019:08:07 18:01:46,07/08/2019,0.751227,Black Backed Jackal,9.5,0.4-0.6,HAPP17,No,DSCT.S1,192000000,HAPP17
49102,2019:08:07 18:01:45,07/08/2019,0.751215,Black Backed Jackal,10,0.4-0.6,HAPP17,Yes,DSCT.S1,192000000,HAPP17
49127,2019:08:06 05:26:27,06/08/2019,0.226701,Black Backed Jackal,8.5,0-0.2,HAPP17,No,DSCT.S1,192000000,HAPP17
49128,2019:08:06 05:26:27,06/08/2019,0.226701,Black Backed Jackal,9,0-0.2,HAPP17,No,DSCT.S1,192000000,HAPP17
49129,2019:08:06 05:26:26,06/08/2019,0.22669,Black Backed Jackal,9.5,0-0.2,HAPP17,No,DSCT.S1,192000000,HAPP17
49130,2019:08:06 05:26:26,06/08/2019,0.22669,Black Backed Jackal,9.5,0.2-0.4,HAPP17,No,DSCT.S1,192000000,HAPP17
49131,2019:08:06 05:26:26,06/08/2019,0.22669,Black Backed Jackal,10,0.2-0.4,HAPP17,No,DSCT.S1,192000000,HAPP17
49132,2019:08:06 05:26:26,06/08/2019,0.22669,Black Backed Jackal,11,0.2-0.4,HAPP17,Yes,DSCT.S1,192000000,HAPP17
49133,2019:08:06 04:29:12,06/08/2019,0.186944,Black Backed Jackal,10,0.4-0.6,HAPP17,No,DSCT.S1,192000000,HAPP17
49134,2019:08:06 04:29:12,06/08/2019,0.186944,Black Backed Jackal,10,0.4-0.6,HAPP17,No,DSCT.S1,192000000,HAPP17
49135,2019:08:06 04:29:12,06/08/2019,0.186944,Black Backed Jackal,10,0.4-0.6,HAPP17,No,DSCT.S1,192000000,HAPP17
49136,2019:08:06 04:29:11,06/08/2019,0.186933,Black Backed Jackal,10,0.4-0.6,HAPP17,No,DSCT.S1,192000000,HAPP17
49137,2019:08:06 04:29:11,06/08/2019,0.186933,Black Backed Jackal,10,0.4-0.6,HAPP17,No,DSCT.S1,192000000,HAPP17
49138,2019:08:06 04:29:11,06/08/2019,0.186933,Black Backed Jackal,9.5,0.4-0.6,HAPP17,Yes,DSCT.S1,192000000,HAPP17
49157,2019:08:05 23:05:15,05/08/2019,0.961979,Brown Hyena,7.5,0.6-0.8,HAPP17,No,DSCT.S1,192000000,HAPP17
49158,2019:08:05 23:05:15,05/08/2019,0.961979,Brown Hyena,7.5,0.6-0.8,HAPP17,No,DSCT.S1,192000000,HAPP17
49159,2019:08:05 23:05:15,05/08/2019,0.961979,Brown Hyena,8,0.4-0.6,HAPP17,No,DSCT.S1,192000000,HAPP17
49160,2019:08:05 23:05:14,05/08/2019,0.961968,Brown Hyena,8,0.2-0.4,HAPP17,No,DSCT.S1,192000000,HAPP17
49161,2019:08:05 23:05:14,05/08/2019,0.961968,Brown Hyena,8.5,0.2-0.4,HAPP17,No,DSCT.S1,192000000,HAPP17
49162,2019:08:05 23:05:14,05/08/2019,0.961968,Brown Hyena,9.5,0-0.2,HAPP17,Yes,DSCT.S1,192000000,HAPP17
49253,2019:08:16 06:02:20,16/08/2019,0.25162,Black Backed Jackal,7.5,0.4-0.6,DEPP02, ,DSCT.S1,192000000,DEPP02
49254,2019:08:16 06:02:19,16/08/2019,0.251609,Black Backed Jackal,7.5,0.4-0.6,DEPP02, ,DSCT.S1,192000000,DEPP02
49255,2019:08:16 06:02:19,16/08/2019,0.251609,Black Backed Jackal,7,0.6-0.8,DEPP02, ,DSCT.S1,192000000,DEPP02
49256,2019:08:16 06:02:19,16/08/2019,0.251609,Black Backed Jackal,7,0.6-0.8,DEPP02, ,DSCT.S1,192000000,DEPP02
49257,2019:08:16 06:02:19,16/08/2019,0.251609,Black Backed Jackal,7,0.6-0.8,DEPP02, ,DSCT.S1,192000000,DEPP02
49258,2019:08:16 06:02:18,16/08/2019,0.251597,Black Backed Jackal,7,0.6-0.8,DEPP02,Yes,DSCT.S1,192000000,DEPP02
51383,2019:08:20 03:43:00,20/08/2019,0.154861,Black Backed Jackal,5,0-0.2,SHPP11,No,DSCT.S1,192000000,SHPP11
51384,2019:08:20 03:43:00,20/08/2019,0.154861,Black Backed Jackal,4.5,0-0.2,SHPP11,No,DSCT.S1,192000000,SHPP11
51385,2019:08:20 03:42:59,20/08/2019,0.15485,Black Backed Jackal,4,0-0.2,SHPP11,No,DSCT.S1,192000000,SHPP11
51386,2019:08:20 03:42:59,20/08/2019,0.15485,Black Backed Jackal,3.5,0-0.2,SHPP11,No,DSCT.S1,192000000,SHPP11
51387,2019:08:20 03:42:59,20/08/2019,0.15485,Black Backed Jackal,3.5,0-0.2,SHPP11,No,DSCT.S1,192000000,SHPP11
51388,2019:08:20 03:42:59,20/08/2019,0.15485,Black Backed Jackal,3,0.4-0.6,SHPP11,Yes,DSCT.S1,192000000,SHPP11
51995,2019:08:08 03:59:45,08/08/2019,0.166493,Caracal,7,0-0.2,HAPP12,No,DSCT.S1,192000000,HAPP12
51996,2019:08:08 03:59:45,08/08/2019,0.166493,Caracal,7,0-0.2,HAPP12,No,DSCT.S1,192000000,HAPP12
51997,2019:08:08 03:59:45,08/08/2019,0.166493,Caracal,7,0-0.2,HAPP12,No,DSCT.S1,192000000,HAPP12
51998,2019:08:08 03:59:44,08/08/2019,0.166481,Caracal,7,0-0.2,HAPP12,No,DSCT.S1,192000000,HAPP12
51999,2019:08:08 03:59:44,08/08/2019,0.166481,Caracal,7.5,0-0.2,HAPP12,No,DSCT.S1,192000000,HAPP12
52000,2019:08:08 03:59:44,08/08/2019,0.166481,Caracal,7.5,0-0.2,HAPP12,Yes,DSCT.S1,192000000,HAPP12
52175,2019:08:21 00:16:34,21/08/2019,0.011505,Black Backed Jackal,15,0-0.2,MOPP14,No,DSCT.S1,192000000,MOPP14
52176,2019:08:21 00:16:34,21/08/2019,0.011505,Black Backed Jackal,17,0-0.2,MOPP14,No,DSCT.S1,192000000,MOPP14
52177,2019:08:21 00:16:33,21/08/2019,0.011493,Black Backed Jackal,18,0-0.2,MOPP14,No,DSCT.S1,192000000,MOPP14
52178,2019:08:21 00:16:33,21/08/2019,0.011493,Black Backed Jackal,20,0.2-0.4,MOPP14,No,DSCT.S1,192000000,MOPP14
52179,2019:08:21 00:16:33,21/08/2019,0.011493,Black Backed Jackal,22,0.2-0.4,MOPP14,No,DSCT.S1,192000000,MOPP14
52180,2019:08:21 00:16:32,21/08/2019,0.011481,Black Backed Jackal,23,0.4-0.6,MOPP14,Yes,DSCT.S1,192000000,MOPP14
52325,2019:08:19 18:55:41,19/08/2019,0.788669,Brown Hyena,23,0.2-0.4,MOPP14,No,DSCT.S1,192000000,MOPP14
52326,2019:08:19 18:55:41,19/08/2019,0.788669,Brown Hyena,24,0.4-0.6,MOPP14,No,DSCT.S1,192000000,MOPP14
52327,2019:08:19 18:55:41,19/08/2019,0.788669,Brown Hyena,25,0.4-0.6,MOPP14,No,DSCT.S1,192000000,MOPP14
52328,2019:08:19 18:55:40,19/08/2019,0.788657,Brown Hyena,26+,0.4-0.6,MOPP14,No,DSCT.S1,192000000,MOPP14
52329,2019:08:19 18:55:40,19/08/2019,0.788657,Brown Hyena,26+,0.6-0.8,MOPP14,No,DSCT.S1,192000000,MOPP14
52330,2019:08:19 18:55:40,19/08/2019,0.788657,Brown Hyena,26+,0.6-0.8,MOPP14,Yes,DSCT.S1,192000000,MOPP14
52445,2019:08:18 03:19:47,18/08/2019,0.138738,Black Backed Jackal,23,0.2-0.4,MOPP14,No,DSCT.S1,192000000,MOPP14
52446,2019:08:18 03:19:47,18/08/2019,0.138738,Black Backed Jackal,24,0.2-0.4,MOPP14,No,DSCT.S1,192000000,MOPP14
52447,2019:08:18 03:19:46,18/08/2019,0.138727,Black Backed Jackal,25,0-0.2,MOPP14,No,DSCT.S1,192000000,MOPP14
52448,2019:08:18 03:19:46,18/08/2019,0.138727,Black Backed Jackal,26+,0-0.2,MOPP14,No,DSCT.S1,192000000,MOPP14
52449,2019:08:18 03:19:46,18/08/2019,0.138727,Black Backed Jackal,26+,0-0.2,MOPP14,No,DSCT.S1,192000000,MOPP14
52450,2019:08:18 03:19:46,18/08/2019,0.138727,Black Backed Jackal,26+,0-0.2,MOPP14,No,DSCT.S1,192000000,MOPP14
52451,2019:08:18 03:19:13,18/08/2019,0.138345,Black Backed Jackal,26+,0.6-0.8,MOPP14,No,DSCT.S1,192000000,MOPP14
52452,2019:08:18 03:19:13,18/08/2019,0.138345,Black Backed Jackal,26+,0.6-0.8,MOPP14,No,DSCT.S1,192000000,MOPP14
52453,2019:08:18 03:19:12,18/08/2019,0.138333,Black Backed Jackal,26+,0.6-0.8,MOPP14,No,DSCT.S1,192000000,MOPP14
52454,2019:08:18 03:19:12,18/08/2019,0.138333,Black Backed Jackal,26+,0.6-0.8,MOPP14,No,DSCT.S1,192000000,MOPP14
52455,2019:08:18 03:19:12,18/08/2019,0.138333,Black Backed Jackal,26+,0.6-0.8,MOPP14,No,DSCT.S1,192000000,MOPP14
52456,2019:08:18 03:19:12,18/08/2019,0.138333,Black Backed Jackal,26+,0.6-0.8,MOPP14,Yes,DSCT.S1,192000000,MOPP14
52457,2019:08:18 03:18:02,18/08/2019,0.137523,Brown Hyena,26+,0.8-1,MOPP14,Yes,DSCT.S1,192000000,MOPP14
52458,2019:08:17 23:22:16,17/08/2019,0.973796,Brown Hyena,23,0.2-0.4,MOPP14,No,DSCT.S1,192000000,MOPP14
52459,2019:08:17 23:22:16,17/08/2019,0.973796,Brown Hyena,21,0.2-0.4,MOPP14,No,DSCT.S1,192000000,MOPP14
52460,2019:08:17 23:22:16,17/08/2019,0.973796,Brown Hyena,18,0-0.2,MOPP14,No,DSCT.S1,192000000,MOPP14
52461,2019:08:17 23:22:15,17/08/2019,0.973785,Brown Hyena,16,0-0.2,MOPP14,No,DSCT.S1,192000000,MOPP14
52462,2019:08:17 23:22:15,17/08/2019,0.973785,Brown Hyena,15,0-0.2,MOPP14,No,DSCT.S1,192000000,MOPP14
52463,2019:08:17 23:22:15,17/08/2019,0.973785,Brown Hyena,14,0.2-0.4,MOPP14,Yes,DSCT.S1,192000000,MOPP14
52854,2019:08:14 05:25:06,14/08/2019,0.225764,Black Backed Jackal,20,0.2-0.4,MOPP14,No,DSCT.S1,192000000,MOPP14
52855,2019:08:14 05:25:05,14/08/2019,0.225752,Black Backed Jackal,19,0-0.2,MOPP14,No,DSCT.S1,192000000,MOPP14
52856,2019:08:14 05:25:05,14/08/2019,0.225752,Black Backed Jackal,17,0-0.2,MOPP14,No,DSCT.S1,192000000,MOPP14
52857,2019:08:14 05:25:05,14/08/2019,0.225752,Black Backed Jackal,16,0-0.2,MOPP14,No,DSCT.S1,192000000,MOPP14
52858,2019:08:14 05:25:05,14/08/2019,0.225752,Black Backed Jackal,15,0-0.2,MOPP14,No,DSCT.S1,192000000,MOPP14
52859,2019:08:14 05:25:04,14/08/2019,0.225741,Black Backed Jackal,14,0.2-0.4,MOPP14,Yes,DSCT.S1,192000000,MOPP14
53148,2019:08:12 02:43:28,12/08/2019,0.113519,Black Backed Jackal,22,0.2-0.4,MOPP14,No,DSCT.S1,192000000,MOPP14
53149,2019:08:12 02:43:27,12/08/2019,0.113507,Black Backed Jackal,20,0.2-0.4,MOPP14,No,DSCT.S1,192000000,MOPP14
53150,2019:08:12 02:43:27,12/08/2019,0.113507,Black Backed Jackal,19,0-0.2,MOPP14,No,DSCT.S1,192000000,MOPP14
53151,2019:08:12 02:43:27,12/08/2019,0.113507,Black Backed Jackal,18,0-0.2,MOPP14,No,DSCT.S1,192000000,MOPP14
53152,2019:08:12 02:43:27,12/08/2019,0.113507,Black Backed Jackal,16,0-0.2,MOPP14,No,DSCT.S1,192000000,MOPP14
53153,2019:08:12 02:43:26,12/08/2019,0.113495,Black Backed Jackal,14,0-0.2,MOPP14,Yes,DSCT.S1,192000000,MOPP14
53172,2019:08:11 19:13:47,11/08/2019,0.801238,Black Backed Jackal,15,0-0.2,MOPP14,No,DSCT.S1,192000000,MOPP14
53173,2019:08:11 19:13:47,11/08/2019,0.801238,Black Backed Jackal,16,0-0.2,MOPP14,No,DSCT.S1,192000000,MOPP14
53174,2019:08:11 19:13:47,11/08/2019,0.801238,Black Backed Jackal,18,0-0.2,MOPP14,No,DSCT.S1,192000000,MOPP14
53175,2019:08:11 19:13:46,11/08/2019,0.801227,Black Backed Jackal,20,0-0.2,MOPP14,No,DSCT.S1,192000000,MOPP14
53176,2019:08:11 19:13:46,11/08/2019,0.801227,Black Backed Jackal,21,0.2-0.4,MOPP14,No,DSCT.S1,192000000,MOPP14
53177,2019:08:11 19:13:46,11/08/2019,0.801227,Black Backed Jackal,22,0.4-0.6,MOPP14,Yes,DSCT.S1,192000000,MOPP14
53190,2019:08:10 22:52:47,10/08/2019,0.953322,African Civet,14,0.6-0.8,MOPP14,No,DSCT.S1,192000000,MOPP14
53191,2019:08:10 22:52:46,10/08/2019,0.95331,African Civet,13,0.6-0.8,MOPP14,No,DSCT.S1,192000000,MOPP14
53192,2019:08:10 22:52:46,10/08/2019,0.95331,African Civet,12,0.4-0.6,MOPP14,No,DSCT.S1,192000000,MOPP14
53193,2019:08:10 22:52:46,10/08/2019,0.95331,African Civet,11,0.4-0.6,MOPP14,No,DSCT.S1,192000000,MOPP14
53194,2019:08:10 22:52:46,10/08/2019,0.95331,African Civet,10,0.4-0.6,MOPP14,No,DSCT.S1,192000000,MOPP14
53195,2019:08:10 22:52:45,10/08/2019,0.953299,African Civet,9.5,0.2-0.4,MOPP14,Yes,DSCT.S1,192000000,MOPP14
53316,2019:08:09 05:08:13,09/08/2019,0.214039,Leopard,26+,0.8-1,MOPP14,No,DSCT.S1,192000000,MOPP14
53317,2019:08:09 05:08:13,09/08/2019,0.214039,Leopard,26+,0.8-1,MOPP14,No,DSCT.S1,192000000,MOPP14
53318,2019:08:09 05:08:12,09/08/2019,0.214028,Leopard,26+,0.8-1,MOPP14,No,DSCT.S1,192000000,MOPP14
53319,2019:08:09 05:08:12,09/08/2019,0.214028,Leopard,26+,0.8-1,MOPP14,No,DSCT.S1,192000000,MOPP14
53320,2019:08:09 05:08:12,09/08/2019,0.214028,Leopard,26+,0.8-1,MOPP14,No,DSCT.S1,192000000,MOPP14
53321,2019:08:09 05:08:12,09/08/2019,0.214028,Leopard,26+,0.8-1,MOPP14,No,DSCT.S1,192000000,MOPP14
53322,2019:08:09 05:08:04,09/08/2019,0.213935,Leopard,14,0.2-0.4,MOPP14,No,DSCT.S1,192000000,MOPP14
53323,2019:08:09 05:08:04,09/08/2019,0.213935,Leopard,14,0.4-0.6,MOPP14,No,DSCT.S1,192000000,MOPP14
53324,2019:08:09 05:08:03,09/08/2019,0.213924,Leopard,13,0.4-0.6,MOPP14,No,DSCT.S1,192000000,MOPP14
53325,2019:08:09 05:08:03,09/08/2019,0.213924,Leopard,13,0.4-0.6,MOPP14,No,DSCT.S1,192000000,MOPP14
53326,2019:08:09 05:08:03,09/08/2019,0.213924,Leopard,13,0.4-0.6,MOPP14,No,DSCT.S1,192000000,MOPP14
53327,2019:08:09 05:08:03,09/08/2019,0.213924,Leopard,12,0.6-0.8,MOPP14,Yes,DSCT.S1,192000000,MOPP14
53406,2019:08:08 00:36:22,08/08/2019,0.025255,Black Backed Jackal,25,0-0.2,MOPP14,No,DSCT.S1,192000000,MOPP14
53407,2019:08:08 00:36:22,08/08/2019,0.025255,Black Backed Jackal,26+,0-0.2,MOPP14,No,DSCT.S1,192000000,MOPP14
53408,2019:08:08 00:36:21,08/08/2019,0.025243,Black Backed Jackal,26+,0-0.2,MOPP14,No,DSCT.S1,192000000,MOPP14
53409,2019:08:08 00:36:21,08/08/2019,0.025243,Black Backed Jackal,26+,0-0.2,MOPP14,No,DSCT.S1,192000000,MOPP14
53410,2019:08:08 00:36:21,08/08/2019,0.025243,Black Backed Jackal,26+,0-0.2,MOPP14,No,DSCT.S1,192000000,MOPP14
53411,2019:08:08 00:36:21,08/08/2019,0.025243,Black Backed Jackal,26+,0-0.2,MOPP14,Yes,DSCT.S1,192000000,MOPP14
53568,2019:08:18 05:36:38,18/08/2019,0.233773,African Civet,4.5,0-0.2,HAPP13,No,DSCT.S1,192000000,HAPP13
53569,2019:08:18 05:36:37,18/08/2019,0.233762,African Civet,4.5,0-0.2,HAPP13,No,DSCT.S1,192000000,HAPP13
53570,2019:08:18 05:36:37,18/08/2019,0.233762,African Civet,4.5,0-0.2,HAPP13,No,DSCT.S1,192000000,HAPP13
53571,2019:08:18 05:36:37,18/08/2019,0.233762,African Civet,4.5,0-0.2,HAPP13,No,DSCT.S1,192000000,HAPP13
53572,2019:08:18 05:36:37,18/08/2019,0.233762,African Civet,4,0.2-0.4,HAPP13,No,DSCT.S1,192000000,HAPP13
53573,2019:08:18 05:36:36,18/08/2019,0.23375,African Civet,4,0.4-0.6,HAPP13,Yes,DSCT.S1,192000000,HAPP13
53664,2019:08:15 20:03:42,15/08/2019,0.835903,Black Backed Jackal,8,0.8-1,HAPP13,No,DSCT.S1,192000000,HAPP13
53665,2019:08:15 20:03:42,15/08/2019,0.835903,Black Backed Jackal,8.5,0.8-1,HAPP13,No,DSCT.S1,192000000,HAPP13
53666,2019:08:15 20:03:42,15/08/2019,0.835903,Black Backed Jackal,9.5,0.8-1,HAPP13,No,DSCT.S1,192000000,HAPP13
53667,2019:08:15 20:03:42,15/08/2019,0.835903,Black Backed Jackal,9.5,0.8-1,HAPP13,Yes,DSCT.S1,192000000,HAPP13
53788,2019:08:12 07:48:31,12/08/2019,0.325359,Black Backed Jackal,11,0.8-1,HAPP13,No,DSCT.S1,192000000,HAPP13
53789,2019:08:12 07:48:30,12/08/2019,0.325347,Black Backed Jackal,11,0.8-1,HAPP13,No,DSCT.S1,192000000,HAPP13
53790,2019:08:12 07:48:30,12/08/2019,0.325347,Black Backed Jackal,11,0.8-1,HAPP13,No,DSCT.S1,192000000,HAPP13
53791,2019:08:12 07:48:29,12/08/2019,0.325336,Black Backed Jackal,11,0.6-0.8,HAPP13,No,DSCT.S1,192000000,HAPP13
53792,2019:08:12 07:48:29,12/08/2019,0.325336,Black Backed Jackal,12,0.6-0.8,HAPP13,No,DSCT.S1,192000000,HAPP13
53793,2019:08:12 07:48:29,12/08/2019,0.325336,Black Backed Jackal,13,0.4-0.6,HAPP13,Yes,DSCT.S1,192000000,HAPP13
53866,2019:08:10 08:30:45,10/08/2019,0.354688,Black Backed Jackal,9.5,0-0.2,HAPP13,No,DSCT.S1,192000000,HAPP13
53867,2019:08:10 08:30:44,10/08/2019,0.354676,Black Backed Jackal,8.5,0-0.2,HAPP13,No,DSCT.S1,192000000,HAPP13
53868,2019:08:10 08:30:44,10/08/2019,0.354676,Black Backed Jackal,7,0-0.2,HAPP13,No,DSCT.S1,192000000,HAPP13
53869,2019:08:10 08:30:44,10/08/2019,0.354676,Black Backed Jackal,6,0-0.2,HAPP13,No,DSCT.S1,192000000,HAPP13
53870,2019:08:10 08:30:43,10/08/2019,0.354664,Black Backed Jackal,5.5,0-0.2,HAPP13,No,DSCT.S1,192000000,HAPP13
53871,2019:08:10 08:30:43,10/08/2019,0.354664,Black Backed Jackal,4,0-0.2,HAPP13,No,DSCT.S1,192000000,HAPP13
53872,2019:08:10 08:30:26,10/08/2019,0.354468,Black Backed Jackal,3.5,0.8-1,HAPP13,No,DSCT.S1,192000000,HAPP13
53873,2019:08:10 08:30:25,10/08/2019,0.354456,Black Backed Jackal,3.5,0.2-0.4,HAPP13,No,DSCT.S1,192000000,HAPP13
53874,2019:08:10 08:30:25,10/08/2019,0.354456,Black Backed Jackal,4,0-0.2,HAPP13,No,DSCT.S1,192000000,HAPP13
53875,2019:08:10 08:30:25,10/08/2019,0.354456,Black Backed Jackal,5,0.4-0.6,HAPP13,No,DSCT.S1,192000000,HAPP13
53876,2019:08:10 08:17:45,10/08/2019,0.34566,Black Backed Jackal,20,0.6-0.8,HAPP13,No,DSCT.S1,192000000,HAPP13
53877,2019:08:10 08:17:45,10/08/2019,0.34566,Black Backed Jackal,17,0.6-0.8,HAPP13,No,DSCT.S1,192000000,HAPP13
53878,2019:08:10 08:17:45,10/08/2019,0.34566,Black Backed Jackal,14,0.4-0.6,HAPP13,No,DSCT.S1,192000000,HAPP13
53879,2019:08:10 08:17:44,10/08/2019,0.345648,Black Backed Jackal,13,0.4-0.6,HAPP13,No,DSCT.S1,192000000,HAPP13
53880,2019:08:10 08:17:44,10/08/2019,0.345648,Black Backed Jackal,11,0.2-0.4,HAPP13,No,DSCT.S1,192000000,HAPP13
53881,2019:08:10 08:17:44,10/08/2019,0.345648,Black Backed Jackal,9,0-0.2,HAPP13,Yes,DSCT.S1,192000000,HAPP13
54164,2019:08:19 02:23:13,19/08/2019,0.099456,Black Backed Jackal,20,0.6-0.8,HAPP15,No,DSCT.S1,192000000,HAPP15
54165,2019:08:19 02:23:13,19/08/2019,0.099456,Black Backed Jackal,18,0.6-0.8,HAPP15,No,DSCT.S1,192000000,HAPP15
54166,2019:08:19 02:23:12,19/08/2019,0.099444,Black Backed Jackal,15,0.4-0.6,HAPP15,No,DSCT.S1,192000000,HAPP15
54167,2019:08:19 02:23:12,19/08/2019,0.099444,Black Backed Jackal,12,0.2-0.4,HAPP15,No,DSCT.S1,192000000,HAPP15
54168,2019:08:19 02:23:12,19/08/2019,0.099444,Black Backed Jackal,10,0.2-0.4,HAPP15,No,DSCT.S1,192000000,HAPP15
54169,2019:08:19 02:23:12,19/08/2019,0.099444,Black Backed Jackal,9,0-0.2,HAPP15,Yes,DSCT.S1,192000000,HAPP15
54182,2019:08:19 00:06:42,19/08/2019,0.004653,Black Backed Jackal,20,0.6-0.8,HAPP15,No,DSCT.S1,192000000,HAPP15
54183,2019:08:19 00:06:42,19/08/2019,0.004653,Black Backed Jackal,16,0.4-0.6,HAPP15,No,DSCT.S1,192000000,HAPP15
54184,2019:08:19 00:06:42,19/08/2019,0.004653,Black Backed Jackal,14,0.4-0.6,HAPP15,No,DSCT.S1,192000000,HAPP15
54185,2019:08:19 00:06:42,19/08/2019,0.004653,Black Backed Jackal,12,0.2-0.4,HAPP15,No,DSCT.S1,192000000,HAPP15
54186,2019:08:19 00:06:41,19/08/2019,0.004641,Black Backed Jackal,11,0-0.2,HAPP15,No,DSCT.S1,192000000,HAPP15
54187,2019:08:19 00:06:41,19/08/2019,0.004641,Black Backed Jackal,10,0-0.2,HAPP15,Yes,DSCT.S1,192000000,HAPP15
54398,2019:08:16 22:16:42,16/08/2019,0.928264,Black Backed Jackal,13,0-0.2,HAPP15,No,DSCT.S1,192000000,HAPP15
54399,2019:08:16 22:16:41,16/08/2019,0.928252,Black Backed Jackal,12,0-0.2,HAPP15,No,DSCT.S1,192000000,HAPP15
54400,2019:08:16 22:16:41,16/08/2019,0.928252,Black Backed Jackal,11,0-0.2,HAPP15,No,DSCT.S1,192000000,HAPP15
54401,2019:08:16 22:16:41,16/08/2019,0.928252,Black Backed Jackal,10,0-0.2,HAPP15,No,DSCT.S1,192000000,HAPP15
54402,2019:08:16 22:16:41,16/08/2019,0.928252,Black Backed Jackal,9.5,0.2-0.4,HAPP15,No,DSCT.S1,192000000,HAPP15
54403,2019:08:16 22:16:40,16/08/2019,0.928241,Black Backed Jackal,9.5,0.4-0.6,HAPP15,Yes,DSCT.S1,192000000,HAPP15
54470,2019:08:15 18:04:00,15/08/2019,0.752778,Brown Hyena,4.5,0.6-0.8,HAPP15,No,DSCT.S1,192000000,HAPP15
54471,2019:08:15 18:04:00,15/08/2019,0.752778,Brown Hyena,4,0.4-0.6,HAPP15,No,DSCT.S1,192000000,HAPP15
54472,2019:08:15 18:03:59,15/08/2019,0.752766,Brown Hyena,3.5,0.2-0.4,HAPP15,No,DSCT.S1,192000000,HAPP15
54473,2019:08:15 18:03:59,15/08/2019,0.752766,Brown Hyena,3,0-0.2,HAPP15,No,DSCT.S1,192000000,HAPP15
54474,2019:08:15 18:03:59,15/08/2019,0.752766,Brown Hyena,2.5,0.2-0.4,HAPP15,No,DSCT.S1,192000000,HAPP15
54475,2019:08:15 18:03:58,15/08/2019,0.752755,Brown Hyena,1.5,0.6-0.8,HAPP15,No,DSCT.S1,192000000,HAPP15
54476,2019:08:15 18:03:30,15/08/2019,0.752431,Brown Hyena,0.5,0.8-1,HAPP15,No,DSCT.S1,192000000,HAPP15
54477,2019:08:15 18:03:30,15/08/2019,0.752431,Brown Hyena,0.5,0.8-1,HAPP15,No,DSCT.S1,192000000,HAPP15
54478,2019:08:15 18:03:30,15/08/2019,0.752431,Brown Hyena,0.5,0.8-1,HAPP15,No,DSCT.S1,192000000,HAPP15
54479,2019:08:15 18:03:29,15/08/2019,0.752419,Brown Hyena,0.5,0.8-1,HAPP15,No,DSCT.S1,192000000,HAPP15
54480,2019:08:15 18:03:29,15/08/2019,0.752419,Brown Hyena,0.5,0.8-1,HAPP15,No,DSCT.S1,192000000,HAPP15
54481,2019:08:15 18:03:29,15/08/2019,0.752419,Brown Hyena,0.5,0.8-1,HAPP15,Yes,DSCT.S1,192000000,HAPP15
54620,2019:08:14 01:53:26,14/08/2019,0.078773,Black Backed Jackal,12,0.4-0.6,HAPP15,No,DSCT.S1,192000000,HAPP15
54621,2019:08:14 01:53:26,14/08/2019,0.078773,Black Backed Jackal,11,0.4-0.6,HAPP15,No,DSCT.S1,192000000,HAPP15
54622,2019:08:14 01:53:26,14/08/2019,0.078773,Black Backed Jackal,9.5,0.2-0.4,HAPP15,No,DSCT.S1,192000000,HAPP15
54623,2019:08:14 01:53:25,14/08/2019,0.078762,Black Backed Jackal,9,0.2-0.4,HAPP15,No,DSCT.S1,192000000,HAPP15
54624,2019:08:14 01:53:25,14/08/2019,0.078762,Black Backed Jackal,8,0-0.2,HAPP15,No,DSCT.S1,192000000,HAPP15
54625,2019:08:14 01:53:25,14/08/2019,0.078762,Black Backed Jackal,7.5,0-0.2,HAPP15,Yes,DSCT.S1,192000000,HAPP15
54710,2019:08:12 23:27:49,12/08/2019,0.97765,Black Backed Jackal,8,0.2-0.4,HAPP15,No,DSCT.S1,192000000,HAPP15
54711,2019:08:12 23:27:49,12/08/2019,0.97765,Black Backed Jackal,8.5,0-0.2,HAPP15,No,DSCT.S1,192000000,HAPP15
54712,2019:08:12 23:27:48,12/08/2019,0.977639,Black Backed Jackal,9.5,0-0.2,HAPP15,No,DSCT.S1,192000000,HAPP15
54713,2019:08:12 23:27:48,12/08/2019,0.977639,Black Backed Jackal,11,0.2-0.4,HAPP15,No,DSCT.S1,192000000,HAPP15
54714,2019:08:12 23:27:48,12/08/2019,0.977639,Black Backed Jackal,13,0.4-0.6,HAPP15,No,DSCT.S1,192000000,HAPP15
54715,2019:08:12 23:27:47,12/08/2019,0.977627,Black Backed Jackal,15,0.4-0.6,HAPP15,Yes,DSCT.S1,192000000,HAPP15
54770,2019:08:12 04:09:45,12/08/2019,0.173438,Black Backed Jackal,15,0.4-0.6,HAPP15,No,DSCT.S1,192000000,HAPP15
54771,2019:08:12 04:09:44,12/08/2019,0.173426,Black Backed Jackal,14,0.4-0.6,HAPP15,No,DSCT.S1,192000000,HAPP15
54772,2019:08:12 04:09:44,12/08/2019,0.173426,Black Backed Jackal,13,0.2-0.4,HAPP15,No,DSCT.S1,192000000,HAPP15
54773,2019:08:12 04:09:44,12/08/2019,0.173426,Black Backed Jackal,11,0.2-0.4,HAPP15,No,DSCT.S1,192000000,HAPP15
54774,2019:08:12 04:09:44,12/08/2019,0.173426,Black Backed Jackal,11,0-0.2,HAPP15,No,DSCT.S1,192000000,HAPP15
54775,2019:08:12 04:09:43,12/08/2019,0.173414,Black Backed Jackal,10,0-0.2,HAPP15,Yes,DSCT.S1,192000000,HAPP15
54776,2019:08:11 21:51:41,11/08/2019,0.910891,Black Backed Jackal,19,0.6-0.8,HAPP15,No,DSCT.S1,192000000,HAPP15
54777,2019:08:11 21:51:40,11/08/2019,0.91088,Black Backed Jackal,16,0.4-0.6,HAPP15,No,DSCT.S1,192000000,HAPP15
54778,2019:08:11 21:51:40,11/08/2019,0.91088,Black Backed Jackal,14,0.4-0.6,HAPP15,No,DSCT.S1,192000000,HAPP15
54779,2019:08:11 21:51:40,11/08/2019,0.91088,Black Backed Jackal,12,0.2-0.4,HAPP15,No,DSCT.S1,192000000,HAPP15
54780,2019:08:11 21:51:40,11/08/2019,0.91088,Black Backed Jackal,11,0-0.2,HAPP15,No,DSCT.S1,192000000,HAPP15
54781,2019:08:11 21:51:39,11/08/2019,0.910868,Black Backed Jackal,10,0-0.2,HAPP15,No,DSCT.S1,192000000,HAPP15
54782,2019:08:11 21:51:21,11/08/2019,0.91066,Black Backed Jackal,18,0.6-0.8,HAPP15,No,DSCT.S1,192000000,HAPP15
54783,2019:08:11 21:51:21,11/08/2019,0.91066,Black Backed Jackal,16,0.6-0.8,HAPP15,No,DSCT.S1,192000000,HAPP15
54784,2019:08:11 21:51:20,11/08/2019,0.910648,Black Backed Jackal,14,0.4-0.6,HAPP15,No,DSCT.S1,192000000,HAPP15
54785,2019:08:11 21:51:20,11/08/2019,0.910648,Black Backed Jackal,12,0.4-0.6,HAPP15,No,DSCT.S1,192000000,HAPP15
54786,2019:08:11 21:51:20,11/08/2019,0.910648,Black Backed Jackal,10,0.2-0.4,HAPP15,No,DSCT.S1,192000000,HAPP15
54787,2019:08:11 21:51:20,11/08/2019,0.910648,Black Backed Jackal,8.5,0-0.2,HAPP15,Yes,DSCT.S1,192000000,HAPP15
54830,2019:08:10 19:03:43,10/08/2019,0.794248,Brown Hyena,9,0.2-0.4,HAPP15,No,DSCT.S1,192000000,HAPP15
54831,2019:08:10 19:03:43,10/08/2019,0.794248,Brown Hyena,8.5,0.2-0.4,HAPP15,No,DSCT.S1,192000000,HAPP15
54832,2019:08:10 19:03:43,10/08/2019,0.794248,Brown Hyena,8,0.4-0.6,HAPP15,No,DSCT.S1,192000000,HAPP15
54833,2019:08:10 19:03:43,10/08/2019,0.794248,Brown Hyena,8,0.4-0.6,HAPP15,No,DSCT.S1,192000000,HAPP15
54834,2019:08:10 19:03:42,10/08/2019,0.794236,Brown Hyena,8,0.6-0.8,HAPP15,No,DSCT.S1,192000000,HAPP15
54835,2019:08:10 19:03:42,10/08/2019,0.794236,Brown Hyena,7.5,0.6-0.8,HAPP15,Yes,DSCT.S1,192000000,HAPP15
55064,2019:08:09 03:06:46,09/08/2019,0.129699,Brown Hyena,13,0-0.2,HAPP15,No,DSCT.S1,192000000,HAPP15
55065,2019:08:09 03:06:46,09/08/2019,0.129699,Brown Hyena,11,0-0.2,HAPP15,No,DSCT.S1,192000000,HAPP15
55066,2019:08:09 03:06:46,09/08/2019,0.129699,Brown Hyena,8.5,0.2-0.4,HAPP15,No,DSCT.S1,192000000,HAPP15
55067,2019:08:09 03:06:45,09/08/2019,0.129688,Brown Hyena,7.5,0.4-0.6,HAPP15,No,DSCT.S1,192000000,HAPP15
55068,2019:08:09 03:06:45,09/08/2019,0.129688,Brown Hyena,8,0.6-0.8,HAPP15,No,DSCT.S1,192000000,HAPP15
55069,2019:08:09 03:06:45,09/08/2019,0.129688,Brown Hyena,8,0.6-0.8,HAPP15,Yes,DSCT.S1,192000000,HAPP15
55070,2019:08:09 00:00:14,09/08/2019,0.000162,Black Backed Jackal,15,0.6-0.8,HAPP15,No,DSCT.S1,192000000,HAPP15
55071,2019:08:09 00:00:14,09/08/2019,0.000162,Black Backed Jackal,13,0.4-0.6,HAPP15,No,DSCT.S1,192000000,HAPP15
55072,2019:08:09 00:00:14,09/08/2019,0.000162,Black Backed Jackal,12,0.2-0.4,HAPP15,No,DSCT.S1,192000000,HAPP15
55073,2019:08:09 00:00:14,09/08/2019,0.000162,Black Backed Jackal,11,0.2-0.4,HAPP15,No,DSCT.S1,192000000,HAPP15
55074,2019:08:09 00:00:13,09/08/2019,0.00015,Black Backed Jackal,9.5,0-0.2,HAPP15,No,DSCT.S1,192000000,HAPP15
55075,2019:08:09 00:00:13,09/08/2019,0.00015,Black Backed Jackal,8.5,0-0.2,HAPP15,Yes,DSCT.S1,192000000,HAPP15
55106,2019:08:08 08:06:25,08/08/2019,0.337789,Black Backed Jackal,8,0-0.2,HAPP15,No,DSCT.S1,192000000,HAPP15
55107,2019:08:08 08:06:25,08/08/2019,0.337789,Black Backed Jackal,9.5,0-0.2,HAPP15,No,DSCT.S1,192000000,HAPP15
55108,2019:08:08 08:06:25,08/08/2019,0.337789,Black Backed Jackal,11,0.2-0.4,HAPP15,No,DSCT.S1,192000000,HAPP15
55109,2019:08:08 08:06:24,08/08/2019,0.337778,Black Backed Jackal,12,0.2-0.4,HAPP15,No,DSCT.S1,192000000,HAPP15
55110,2019:08:08 08:06:24,08/08/2019,0.337778,Black Backed Jackal,15,0.4-0.6,HAPP15,No,DSCT.S1,192000000,HAPP15
55111,2019:08:08 08:06:23,08/08/2019,0.337766,Black Backed Jackal,19,0.6-0.8,HAPP15,Yes,DSCT.S1,192000000,HAPP15
55256,2019:08:07 06:46:21,07/08/2019,0.282188,Leopard,5.5,0.2-0.4,HAPP15,No,DSCT.S1,192000000,HAPP15
55257,2019:08:07 06:46:21,07/08/2019,0.282188,Leopard,5.5,0.2-0.4,HAPP15,No,DSCT.S1,192000000,HAPP15
55258,2019:08:07 06:46:20,07/08/2019,0.282176,Leopard,6,0.2-0.4,HAPP15,No,DSCT.S1,192000000,HAPP15
55259,2019:08:07 06:46:20,07/08/2019,0.282176,Leopard,6,0.2-0.4,HAPP15,No,DSCT.S1,192000000,HAPP15
55260,2019:08:07 06:46:20,07/08/2019,0.282176,Leopard,6.5,0.2-0.4,HAPP15,No,DSCT.S1,192000000,HAPP15
55261,2019:08:07 06:46:20,07/08/2019,0.282176,Leopard,6.5,0.2-0.4,HAPP15,Yes,DSCT.S1,192000000,HAPP15
55262,2019:08:07 01:51:52,07/08/2019,0.077685,Black Backed Jackal,15,0.6-0.8,HAPP15,No,DSCT.S1,192000000,HAPP15
55263,2019:08:07 01:51:52,07/08/2019,0.077685,Black Backed Jackal,14,0.6-0.8,HAPP15,No,DSCT.S1,192000000,HAPP15
55264,2019:08:07 01:51:52,07/08/2019,0.077685,Black Backed Jackal,12,0.4-0.6,HAPP15,No,DSCT.S1,192000000,HAPP15
55265,2019:08:07 01:51:51,07/08/2019,0.077674,Black Backed Jackal,11,0.4-0.6,HAPP15,No,DSCT.S1,192000000,HAPP15
55266,2019:08:07 01:51:51,07/08/2019,0.077674,Black Backed Jackal,10,0.2-0.4,HAPP15,No,DSCT.S1,192000000,HAPP15
55267,2019:08:07 01:51:51,07/08/2019,0.077674,Black Backed Jackal,9.5,0.2-0.4,HAPP15,No,DSCT.S1,192000000,HAPP15
55268,2019:08:07 01:51:43,07/08/2019,0.077581,Black Backed Jackal,14,0.8-1,HAPP15,No,DSCT.S1,192000000,HAPP15
55269,2019:08:07 01:51:43,07/08/2019,0.077581,Black Backed Jackal,13,0.8-1,HAPP15,No,DSCT.S1,192000000,HAPP15
55270,2019:08:07 01:51:43,07/08/2019,0.077581,Black Backed Jackal,11,0.6-0.8,HAPP15,No,DSCT.S1,192000000,HAPP15
55271,2019:08:07 01:51:43,07/08/2019,0.077581,Black Backed Jackal,9.5,0.6-0.8,HAPP15,No,DSCT.S1,192000000,HAPP15
55272,2019:08:07 01:51:42,07/08/2019,0.077569,Black Backed Jackal,8.5,0.4-0.6,HAPP15,No,DSCT.S1,192000000,HAPP15
55273,2019:08:07 01:51:42,07/08/2019,0.077569,Black Backed Jackal,8,0.2-0.4,HAPP15,Yes,DSCT.S1,192000000,HAPP15
55274,2019:08:06 19:23:42,06/08/2019,0.808125,Black Backed Jackal,8.5,0-0.2,HAPP15,No,DSCT.S1,192000000,HAPP15
55275,2019:08:06 19:23:42,06/08/2019,0.808125,Black Backed Jackal,9.5,0-0.2,HAPP15,No,DSCT.S1,192000000,HAPP15
55276,2019:08:06 19:23:42,06/08/2019,0.808125,Black Backed Jackal,10,0-0.2,HAPP15,No,DSCT.S1,192000000,HAPP15
55277,2019:08:06 19:23:41,06/08/2019,0.808113,Black Backed Jackal,11,0.2-0.4,HAPP15,No,DSCT.S1,192000000,HAPP15
55278,2019:08:06 19:23:41,06/08/2019,0.808113,Black Backed Jackal,12,0.4-0.6,HAPP15,No,DSCT.S1,192000000,HAPP15
55279,2019:08:06 19:23:41,06/08/2019,0.808113,Black Backed Jackal,13,0.4-0.6,HAPP15,Yes,DSCT.S1,192000000,HAPP15
55394,2019:08:05 18:04:34,05/08/2019,0.753171,Black Backed Jackal,11,0.2-0.4,HAPP15,No,DSCT.S1,192000000,HAPP15
55395,2019:08:05 18:04:33,05/08/2019,0.75316,Black Backed Jackal,11,0.2-0.4,HAPP15,No,DSCT.S1,192000000,HAPP15
55396,2019:08:05 18:04:33,05/08/2019,0.75316,Black Backed Jackal,11,0.2-0.4,HAPP15,No,DSCT.S1,192000000,HAPP15
55397,2019:08:05 18:04:33,05/08/2019,0.75316,Black Backed Jackal,11,0.2-0.4,HAPP15,No,DSCT.S1,192000000,HAPP15
55398,2019:08:05 18:04:32,05/08/2019,0.753148,Black Backed Jackal,11,0.2-0.4,HAPP15,No,DSCT.S1,192000000,HAPP15
55399,2019:08:05 18:04:32,05/08/2019,0.753148,Black Backed Jackal,11,0.2-0.4,HAPP15,Yes,DSCT.S1,192000000,HAPP15
55509,2019:08:11 23:43:46,11/08/2019,0.988727,Black Backed Jackal,8,0-0.2,GIPP21,No,DSCT.S1,192000000,GIPP21
55510,2019:08:11 23:43:46,11/08/2019,0.988727,Black Backed Jackal,9,0-0.2,GIPP21,No,DSCT.S1,192000000,GIPP21
55511,2019:08:11 23:43:46,11/08/2019,0.988727,Black Backed Jackal,9.5,0.2-0.4,GIPP21,No,DSCT.S1,192000000,GIPP21
55512,2019:08:11 23:43:45,11/08/2019,0.988715,Black Backed Jackal,10,0.2-0.4,GIPP21,No,DSCT.S1,192000000,GIPP21
55513,2019:08:11 23:43:45,11/08/2019,0.988715,Black Backed Jackal,11,0.4-0.6,GIPP21,No,DSCT.S1,192000000,GIPP21
55514,2019:08:11 23:43:45,11/08/2019,0.988715,Black Backed Jackal,12,0.4-0.6,GIPP21,Yes,DSCT.S1,192000000,GIPP21
55587,2019:08:11 00:46:27,11/08/2019,0.032257,Black Backed Jackal,5.5,0.2-0.4,GIPP21,No,DSCT.S1,192000000,GIPP21
55588,2019:08:11 00:46:26,11/08/2019,0.032245,Black Backed Jackal,5.5,0.2-0.4,GIPP21,No,DSCT.S1,192000000,GIPP21
55589,2019:08:11 00:46:26,11/08/2019,0.032245,Black Backed Jackal,6,0.2-0.4,GIPP21,No,DSCT.S1,192000000,GIPP21
55590,2019:08:11 00:46:26,11/08/2019,0.032245,Black Backed Jackal,6,0.2-0.4,GIPP21,No,DSCT.S1,192000000,GIPP21
55591,2019:08:11 00:46:25,11/08/2019,0.032234,Black Backed Jackal,6.5,0.4-0.6,GIPP21,No,DSCT.S1,192000000,GIPP21
55592,2019:08:11 00:46:25,11/08/2019,0.032234,Black Backed Jackal,7,0.4-0.6,GIPP21,Yes,DSCT.S1,192000000,GIPP21
55643,2019:08:17 07:39:34,17/08/2019,0.319144,Black Backed Jackal,6,0.4-0.6,HAPP23,No,DSCT.S1,192000000,HAPP23
55644,2019:08:17 07:39:33,17/08/2019,0.319132,Black Backed Jackal,6,0.2-0.4,HAPP23,No,DSCT.S1,192000000,HAPP23
55645,2019:08:17 07:39:33,17/08/2019,0.319132,Black Backed Jackal,6.5,0-0.2,HAPP23,No,DSCT.S1,192000000,HAPP23
55646,2019:08:17 07:39:33,17/08/2019,0.319132,Black Backed Jackal,7,0-0.2,HAPP23,No,DSCT.S1,192000000,HAPP23
55647,2019:08:17 07:39:32,17/08/2019,0.31912,Black Backed Jackal,7,0.2-0.4,HAPP23,No,DSCT.S1,192000000,HAPP23
55648,2019:08:17 07:39:32,17/08/2019,0.31912,Black Backed Jackal,7.5,0.6-0.8,HAPP23,No,DSCT.S1,192000000,HAPP23
55649,2019:08:17 07:25:41,17/08/2019,0.309502,Black Backed Jackal,25,0.8-1,HAPP23,No,DSCT.S1,192000000,HAPP23
55650,2019:08:17 07:25:41,17/08/2019,0.309502,Black Backed Jackal,23,0.8-1,HAPP23,No,DSCT.S1,192000000,HAPP23
55651,2019:08:17 07:25:40,17/08/2019,0.309491,Black Backed Jackal,16,0.6-0.8,HAPP23,No,DSCT.S1,192000000,HAPP23
55652,2019:08:17 07:25:40,17/08/2019,0.309491,Black Backed Jackal,14,0.4-0.6,HAPP23,Yes,DSCT.S1,192000000,HAPP23
56265,2019:08:08 01:51:59,08/08/2019,0.077766,Brown Hyena,8.5,0.8-1,HAPP23,No,DSCT.S1,192000000,HAPP23
56266,2019:08:08 01:51:58,08/08/2019,0.077755,Brown Hyena,8,0.8-1,HAPP23,No,DSCT.S1,192000000,HAPP23
56267,2019:08:08 01:51:58,08/08/2019,0.077755,Brown Hyena,7.5,0.6-0.8,HAPP23,No,DSCT.S1,192000000,HAPP23
56268,2019:08:08 01:51:58,08/08/2019,0.077755,Brown Hyena,7.5,0.6-0.8,HAPP23,No,DSCT.S1,192000000,HAPP23
56269,2019:08:08 01:51:58,08/08/2019,0.077755,Brown Hyena,7,0.4-0.6,HAPP23,No,DSCT.S1,192000000,HAPP23
56270,2019:08:08 01:51:57,08/08/2019,0.077743,Brown Hyena,7,0.2-0.4,HAPP23,No,DSCT.S1,192000000,HAPP23
56271,2019:08:08 01:51:47,08/08/2019,0.077627,Brown Hyena,6,0.4-0.6,HAPP23,No,DSCT.S1,192000000,HAPP23
56272,2019:08:08 01:51:47,08/08/2019,0.077627,Brown Hyena,6,0.4-0.6,HAPP23,No,DSCT.S1,192000000,HAPP23
56273,2019:08:08 01:51:47,08/08/2019,0.077627,Brown Hyena,6,0.4-0.6,HAPP23,No,DSCT.S1,192000000,HAPP23
56274,2019:08:08 01:51:46,08/08/2019,0.077616,Brown Hyena,6.5,0.6-0.8,HAPP23,No,DSCT.S1,192000000,HAPP23
56275,2019:08:08 01:51:46,08/08/2019,0.077616,Brown Hyena,6.5,0.6-0.8,HAPP23,No,DSCT.S1,192000000,HAPP23
56276,2019:08:08 01:51:46,08/08/2019,0.077616,Brown Hyena,6.5,0.6-0.8,HAPP23,Yes,DSCT.S1,192000000,HAPP23
56391,2019:08:18 19:19:27,18/08/2019,0.805174,Brown Hyena,6.5,0-0.2,HAPP18,No,DSCT.S1,192000000,HAPP18
56392,2019:08:18 19:19:27,18/08/2019,0.805174,Brown Hyena,6,0.2-0.4,HAPP18,No,DSCT.S1,192000000,HAPP18
56393,2019:08:18 19:19:27,18/08/2019,0.805174,Brown Hyena,6,0.2-0.4,HAPP18,No,DSCT.S1,192000000,HAPP18
56394,2019:08:18 19:19:27,18/08/2019,0.805174,Brown Hyena,5.5,0.4-0.6,HAPP18,No,DSCT.S1,192000000,HAPP18
56395,2019:08:18 19:19:26,18/08/2019,0.805162,Brown Hyena,5,0.4-0.6,HAPP18,No,DSCT.S1,192000000,HAPP18
56396,2019:08:18 19:19:26,18/08/2019,0.805162,Brown Hyena,4.5,0.6-0.8,HAPP18,Yes,DSCT.S1,192000000,HAPP18
56457,2019:08:17 03:24:55,17/08/2019,0.142303,Black Backed Jackal,7.5,0-0.2,HAPP18,No,DSCT.S1,192000000,HAPP18
56458,2019:08:17 03:24:54,17/08/2019,0.142292,Black Backed Jackal,7,0-0.2,HAPP18,No,DSCT.S1,192000000,HAPP18
56459,2019:08:17 03:24:54,17/08/2019,0.142292,Black Backed Jackal,7,0-0.2,HAPP18,No,DSCT.S1,192000000,HAPP18
56460,2019:08:17 03:24:54,17/08/2019,0.142292,Black Backed Jackal,6.5,0-0.2,HAPP18,No,DSCT.S1,192000000,HAPP18
56461,2019:08:17 03:24:54,17/08/2019,0.142292,Black Backed Jackal,6,0.2-0.4,HAPP18,No,DSCT.S1,192000000,HAPP18
56462,2019:08:17 03:24:53,17/08/2019,0.14228,Black Backed Jackal,5.5,0.2-0.4,HAPP18,No,DSCT.S1,192000000,HAPP18
56463,2019:08:17 02:56:55,17/08/2019,0.122859,Black Backed Jackal,7,0-0.2,HAPP18,No,DSCT.S1,192000000,HAPP18
56464,2019:08:17 02:56:55,17/08/2019,0.122859,Black Backed Jackal,7,0-0.2,HAPP18,No,DSCT.S1,192000000,HAPP18
56465,2019:08:17 02:56:54,17/08/2019,0.122847,Black Backed Jackal,7.5,0-0.2,HAPP18,No,DSCT.S1,192000000,HAPP18
56466,2019:08:17 02:56:54,17/08/2019,0.122847,Black Backed Jackal,7.5,0-0.2,HAPP18,No,DSCT.S1,192000000,HAPP18
56467,2019:08:17 02:56:54,17/08/2019,0.122847,Black Backed Jackal,8,0-0.2,HAPP18,No,DSCT.S1,192000000,HAPP18
56468,2019:08:17 02:56:54,17/08/2019,0.122847,Black Backed Jackal,8.5,0-0.2,HAPP18,Yes,DSCT.S1,192000000,HAPP18
56613,2019:08:14 06:07:30,14/08/2019,0.255208,Black Backed Jackal,5.5,0.2-0.4,HAPP18,No,DSCT.S1,192000000,HAPP18
56614,2019:08:14 06:07:30,14/08/2019,0.255208,Black Backed Jackal,6,0.2-0.4,HAPP18,No,DSCT.S1,192000000,HAPP18
56615,2019:08:14 06:07:30,14/08/2019,0.255208,Black Backed Jackal,6.5,0-0.2,HAPP18,No,DSCT.S1,192000000,HAPP18
56616,2019:08:14 06:07:30,14/08/2019,0.255208,Black Backed Jackal,7,0-0.2,HAPP18,No,DSCT.S1,192000000,HAPP18
56617,2019:08:14 06:07:29,14/08/2019,0.255197,Black Backed Jackal,7.5,0-0.2,HAPP18,No,DSCT.S1,192000000,HAPP18
56618,2019:08:14 06:07:29,14/08/2019,0.255197,Black Backed Jackal,8,0-0.2,HAPP18,Yes,DSCT.S1,192000000,HAPP18
56685,2019:08:13 06:41:40,13/08/2019,0.278935,Black Backed Jackal,11,0.4-0.6,HAPP18,No,DSCT.S1,192000000,HAPP18
56686,2019:08:13 06:41:40,13/08/2019,0.278935,Black Backed Jackal,11,0.4-0.6,HAPP18,No,DSCT.S1,192000000,HAPP18
56687,2019:08:13 06:41:40,13/08/2019,0.278935,Black Backed Jackal,12,0.2-0.4,HAPP18,No,DSCT.S1,192000000,HAPP18
56688,2019:08:13 06:41:39,13/08/2019,0.278924,Black Backed Jackal,12,0.2-0.4,HAPP18,No,DSCT.S1,192000000,HAPP18
56689,2019:08:13 06:41:39,13/08/2019,0.278924,Black Backed Jackal,13,0-0.2,HAPP18,No,DSCT.S1,192000000,HAPP18
56690,2019:08:13 06:41:39,13/08/2019,0.278924,Black Backed Jackal,15,0-0.2,HAPP18,Yes,DSCT.S1,192000000,HAPP18
56691,2019:08:13 04:20:33,13/08/2019,0.180938,Black Backed Jackal,11,0-0.2,HAPP18,No,DSCT.S1,192000000,HAPP18
56692,2019:08:13 04:20:33,13/08/2019,0.180938,Black Backed Jackal,10,0-0.2,HAPP18,No,DSCT.S1,192000000,HAPP18
56693,2019:08:13 04:20:33,13/08/2019,0.180938,Black Backed Jackal,9,0-0.2,HAPP18,No,DSCT.S1,192000000,HAPP18
56694,2019:08:13 04:20:33,13/08/2019,0.180938,Black Backed Jackal,8.5,0-0.2,HAPP18,No,DSCT.S1,192000000,HAPP18
56695,2019:08:13 04:20:32,13/08/2019,0.180926,Black Backed Jackal,8,0.2-0.4,HAPP18,No,DSCT.S1,192000000,HAPP18
56696,2019:08:13 04:20:32,13/08/2019,0.180926,Black Backed Jackal,7.5,0.2-0.4,HAPP18,Yes,DSCT.S1,192000000,HAPP18
56769,2019:08:12 06:09:26,12/08/2019,0.256551,Leopard,3.5,0-0.2,HAPP18,No,DSCT.S1,192000000,HAPP18
56770,2019:08:12 06:09:26,12/08/2019,0.256551,Leopard,3.5,0-0.2,HAPP18,No,DSCT.S1,192000000,HAPP18
56771,2019:08:12 06:09:26,12/08/2019,0.256551,Leopard,3.5,0.2-0.4,HAPP18,No,DSCT.S1,192000000,HAPP18
56772,2019:08:12 06:09:25,12/08/2019,0.256539,Leopard,3.5,0.4-0.6,HAPP18,No,DSCT.S1,192000000,HAPP18
56773,2019:08:12 06:09:25,12/08/2019,0.256539,Leopard,3.5,0.6-0.8,HAPP18,No,DSCT.S1,192000000,HAPP18
56774,2019:08:12 06:09:25,12/08/2019,0.256539,Leopard,3.5,0.8-1,HAPP18,Yes,DSCT.S1,192000000,HAPP18
56775,2019:08:12 04:02:02,12/08/2019,0.168079,Brown Hyena,6.5,0-0.2,HAPP18,No,DSCT.S1,192000000,HAPP18
56776,2019:08:12 04:02:02,12/08/2019,0.168079,Brown Hyena,6.5,0.2-0.4,HAPP18,No,DSCT.S1,192000000,HAPP18
56777,2019:08:12 04:02:02,12/08/2019,0.168079,Brown Hyena,5.5,0.2-0.4,HAPP18,No,DSCT.S1,192000000,HAPP18
56778,2019:08:12 04:02:01,12/08/2019,0.168067,Brown Hyena,5,0.4-0.6,HAPP18,No,DSCT.S1,192000000,HAPP18
56779,2019:08:12 04:02:01,12/08/2019,0.168067,Brown Hyena,5,0.6-0.8,HAPP18,No,DSCT.S1,192000000,HAPP18
56780,2019:08:12 04:02:01,12/08/2019,0.168067,Brown Hyena,4.5,0.6-0.8,HAPP18,Yes,DSCT.S1,192000000,HAPP18
56781,2019:08:12 02:58:09,12/08/2019,0.123715,Brown Hyena,6,0.2-0.4,HAPP18,No,DSCT.S1,192000000,HAPP18
56782,2019:08:12 02:58:08,12/08/2019,0.123704,Brown Hyena,6,0.2-0.4,HAPP18,No,DSCT.S1,192000000,HAPP18
56783,2019:08:12 02:58:08,12/08/2019,0.123704,Brown Hyena,5.5,0.2-0.4,HAPP18,No,DSCT.S1,192000000,HAPP18
56784,2019:08:12 02:58:08,12/08/2019,0.123704,Brown Hyena,5,0.4-0.6,HAPP18,No,DSCT.S1,192000000,HAPP18
56785,2019:08:12 02:58:08,12/08/2019,0.123704,Brown Hyena,4.5,0.6-0.8,HAPP18,No,DSCT.S1,192000000,HAPP18
56786,2019:08:12 02:58:07,12/08/2019,0.123692,Brown Hyena,4.5,0.6-0.8,HAPP18,Yes,DSCT.S1,192000000,HAPP18
56787,2019:08:12 00:50:48,12/08/2019,0.035278,Brown Hyena,6,0.2-0.4,HAPP18,No,DSCT.S1,192000000,HAPP18
56788,2019:08:12 00:50:47,12/08/2019,0.035266,Brown Hyena,5.5,0.2-0.4,HAPP18,No,DSCT.S1,192000000,HAPP18
56789,2019:08:12 00:50:47,12/08/2019,0.035266,Brown Hyena,5.5,0.4-0.6,HAPP18,No,DSCT.S1,192000000,HAPP18
56790,2019:08:12 00:50:47,12/08/2019,0.035266,Brown Hyena,5,0.4-0.6,HAPP18,No,DSCT.S1,192000000,HAPP18
56791,2019:08:12 00:50:46,12/08/2019,0.035255,Brown Hyena,4.5,0.6-0.8,HAPP18,No,DSCT.S1,192000000,HAPP18
56792,2019:08:12 00:50:46,12/08/2019,0.035255,Brown Hyena,4.5,0.8-1,HAPP18,Yes,DSCT.S1,192000000,HAPP18
56793,2019:08:11 18:35:43,11/08/2019,0.774803,Brown Hyena,3,0.4-0.6,HAPP18,No,DSCT.S1,192000000,HAPP18
56794,2019:08:11 18:35:43,11/08/2019,0.774803,Brown Hyena,2.5,0.2-0.4,HAPP18,No,DSCT.S1,192000000,HAPP18
56795,2019:08:11 18:35:43,11/08/2019,0.774803,Brown Hyena,2.5,0-0.2,HAPP18,No,DSCT.S1,192000000,HAPP18
56796,2019:08:11 18:35:42,11/08/2019,0.774792,Brown Hyena,2.5,0.2-0.4,HAPP18,No,DSCT.S1,192000000,HAPP18
56797,2019:08:11 18:35:42,11/08/2019,0.774792,Brown Hyena,2.5,0.4-0.6,HAPP18,No,DSCT.S1,192000000,HAPP18
56798,2019:08:11 18:35:42,11/08/2019,0.774792,Brown Hyena,2.5,0.8-1,HAPP18,Yes,DSCT.S1,192000000,HAPP18
57039,2019:08:09 01:12:37,09/08/2019,0.050428,Brown Hyena,2.5,0-0.2,HAPP18,No,DSCT.S1,192000000,HAPP18
57040,2019:08:09 01:12:37,09/08/2019,0.050428,Brown Hyena,3,0-0.2,HAPP18,No,DSCT.S1,192000000,HAPP18
57041,2019:08:09 01:12:37,09/08/2019,0.050428,Brown Hyena,3,0.2-0.4,HAPP18,No,DSCT.S1,192000000,HAPP18
57042,2019:08:09 01:12:36,09/08/2019,0.050417,Brown Hyena,3,0.4-0.6,HAPP18,No,DSCT.S1,192000000,HAPP18
57043,2019:08:09 01:12:36,09/08/2019,0.050417,Brown Hyena,3.5,0.6-0.8,HAPP18,No,DSCT.S1,192000000,HAPP18
57044,2019:08:09 01:12:36,09/08/2019,0.050417,Brown Hyena,3.5,0.8-1,HAPP18,Yes,DSCT.S1,192000000,HAPP18
57045,2019:08:09 00:27:47,09/08/2019,0.019294,African Civet,6,0.2-0.4,HAPP18,No,DSCT.S1,192000000,HAPP18
57046,2019:08:09 00:27:47,09/08/2019,0.019294,African Civet,5.5,0.2-0.4,HAPP18,No,DSCT.S1,192000000,HAPP18
57047,2019:08:09 00:27:47,09/08/2019,0.019294,African Civet,5.5,0.2-0.4,HAPP18,No,DSCT.S1,192000000,HAPP18
57048,2019:08:09 00:27:46,09/08/2019,0.019282,African Civet,5.5,0.4-0.6,HAPP18,No,DSCT.S1,192000000,HAPP18
57049,2019:08:09 00:27:46,09/08/2019,0.019282,African Civet,5,0.4-0.6,HAPP18,No,DSCT.S1,192000000,HAPP18
57050,2019:08:09 00:27:46,09/08/2019,0.019282,African Civet,5,0.4-0.6,HAPP18,Yes,DSCT.S1,192000000,HAPP18
57051,2019:08:08 19:24:49,08/08/2019,0.8089,Brown Hyena,1.5,0.8-1,HAPP18,No,DSCT.S1,192000000,HAPP18
57052,2019:08:08 19:24:49,08/08/2019,0.8089,Brown Hyena,1.5,0.4-0.6,HAPP18,No,DSCT.S1,192000000,HAPP18
57053,2019:08:08 19:24:49,08/08/2019,0.8089,Brown Hyena,1.5,0.2-0.4,HAPP18,No,DSCT.S1,192000000,HAPP18
57054,2019:08:08 19:24:49,08/08/2019,0.8089,Brown Hyena,1.5,0-0.2,HAPP18,No,DSCT.S1,192000000,HAPP18
57055,2019:08:08 19:24:48,08/08/2019,0.808889,Brown Hyena,2,0-0.2,HAPP18,No,DSCT.S1,192000000,HAPP18
57056,2019:08:08 19:24:48,08/08/2019,0.808889,Brown Hyena,2,0-0.2,HAPP18,No,DSCT.S1,192000000,HAPP18
57057,2019:08:08 19:24:42,08/08/2019,0.808819,Brown Hyena,8.5,0.2-0.4,HAPP18,No,DSCT.S1,192000000,HAPP18
57058,2019:08:08 19:24:41,08/08/2019,0.808808,Brown Hyena,8.5,0.2-0.4,HAPP18,No,DSCT.S1,192000000,HAPP18
57059,2019:08:08 19:24:41,08/08/2019,0.808808,Brown Hyena,9,0.2-0.4,HAPP18,No,DSCT.S1,192000000,HAPP18
57060,2019:08:08 19:24:41,08/08/2019,0.808808,Brown Hyena,9,0.2-0.4,HAPP18,No,DSCT.S1,192000000,HAPP18
57061,2019:08:08 19:24:41,08/08/2019,0.808808,Brown Hyena,9,0.2-0.4,HAPP18,No,DSCT.S1,192000000,HAPP18
57062,2019:08:08 19:24:40,08/08/2019,0.808796,Brown Hyena,9,0.2-0.4,HAPP18,Yes,DSCT.S1,192000000,HAPP18
57393,2019:08:17 04:12:58,17/08/2019,0.175671,Black Backed Jackal,8.5,0.2-0.4,GIPP22,No,DSCT.S1,192000000,GIPP22
57394,2019:08:17 04:12:58,17/08/2019,0.175671,Black Backed Jackal,8,0-0.2,GIPP22,No,DSCT.S1,192000000,GIPP22
57395,2019:08:17 04:12:58,17/08/2019,0.175671,Black Backed Jackal,7,0-0.2,GIPP22,No,DSCT.S1,192000000,GIPP22
57396,2019:08:17 04:12:57,17/08/2019,0.17566,Black Backed Jackal,6,0-0.2,GIPP22,No,DSCT.S1,192000000,GIPP22
57397,2019:08:17 04:12:57,17/08/2019,0.17566,Black Backed Jackal,5.5,0-0.2,GIPP22,No,DSCT.S1,192000000,GIPP22
57398,2019:08:17 04:12:57,17/08/2019,0.17566,Black Backed Jackal,5,0.2-0.4,GIPP22,Yes,DSCT.S1,192000000,GIPP22
57579,2019:08:11 05:24:09,11/08/2019,0.225104,African Civet,5,0-0.2,GIPP22,No,DSCT.S1,192000000,GIPP22
57580,2019:08:11 05:24:09,11/08/2019,0.225104,African Civet,5.5,0-0.2,GIPP22,No,DSCT.S1,192000000,GIPP22
57581,2019:08:11 05:24:09,11/08/2019,0.225104,African Civet,5.5,0-0.2,GIPP22,No,DSCT.S1,192000000,GIPP22
57582,2019:08:11 05:24:09,11/08/2019,0.225104,African Civet,5.5,0-0.2,GIPP22,No,DSCT.S1,192000000,GIPP22
57583,2019:08:11 05:24:08,11/08/2019,0.225093,African Civet,5.5,0-0.2,GIPP22,No,DSCT.S1,192000000,GIPP22
57584,2019:08:11 05:24:08,11/08/2019,0.225093,African Civet,6,0-0.2,GIPP22,Yes,DSCT.S1,192000000,GIPP22
59753,2019:06:08 06:59:23,08/06/2019,0.291238,Black Backed Jackal,14,0.8-1,HAPP20,No,DSCT.S1,192000000,HAPP20
59754,2019:06:08 06:59:22,08/06/2019,0.291227,Black Backed Jackal,12,0.8-1,HAPP20,No,DSCT.S1,192000000,HAPP20
59755,2019:06:08 06:59:22,08/06/2019,0.291227,Black Backed Jackal,12,0.8-1,HAPP20,No,DSCT.S1,192000000,HAPP20
59756,2019:06:08 06:59:22,08/06/2019,0.291227,Black Backed Jackal,11,0.6-0.8,HAPP20,No,DSCT.S1,192000000,HAPP20
59757,2019:06:08 06:59:21,08/06/2019,0.291215,Black Backed Jackal,10,0.6-0.8,HAPP20,No,DSCT.S1,192000000,HAPP20
59758,2019:06:08 06:58:16,08/06/2019,0.290463,Black Backed Jackal,12,0-0.2,HAPP20,No,DSCT.S1,192000000,HAPP20
59759,2019:06:08 06:58:16,08/06/2019,0.290463,Black Backed Jackal,12,0-0.2,HAPP20,No,DSCT.S1,192000000,HAPP20
59760,2019:06:08 06:58:15,08/06/2019,0.290451,Black Backed Jackal,12,0-0.2,HAPP20,No,DSCT.S1,192000000,HAPP20
59761,2019:06:08 06:58:15,08/06/2019,0.290451,Black Backed Jackal,12,0.2-0.4,HAPP20,No,DSCT.S1,192000000,HAPP20
59762,2019:06:08 06:58:15,08/06/2019,0.290451,Black Backed Jackal,12,0.2-0.4,HAPP20,No,DSCT.S1,192000000,HAPP20
59763,2019:06:08 06:58:15,08/06/2019,0.290451,Black Backed Jackal,13,0.2-0.4,HAPP20,No,DSCT.S1,192000000,HAPP20
59764,2019:06:08 06:38:09,08/06/2019,0.276493,Black Backed Jackal,14,0-0.2,HAPP20,No,DSCT.S1,192000000,HAPP20
59765,2019:06:08 06:38:09,08/06/2019,0.276493,Black Backed Jackal,14,0-0.2,HAPP20,No,DSCT.S1,192000000,HAPP20
59766,2019:06:08 06:38:09,08/06/2019,0.276493,Black Backed Jackal,14,0.2-0.4,HAPP20,No,DSCT.S1,192000000,HAPP20
59767,2019:06:08 06:38:08,08/06/2019,0.276481,Black Backed Jackal,14,0.2-0.4,HAPP20,No,DSCT.S1,192000000,HAPP20
59768,2019:06:08 06:38:08,08/06/2019,0.276481,Black Backed Jackal,15,0.2-0.4,HAPP20,No,DSCT.S1,192000000,HAPP20
59769,2019:06:08 06:38:08,08/06/2019,0.276481,Black Backed Jackal,16,0.4-0.6,HAPP20,Yes,DSCT.S1,192000000,HAPP20
59794,2019:06:07 20:00:57,07/06/2019,0.833993,Black Backed Jackal,8.5,0.4-0.6,HAPP20,No,DSCT.S1,192000000,HAPP20
59795,2019:06:07 20:00:56,07/06/2019,0.833981,Black Backed Jackal,8.5,0.4-0.6,HAPP20,No,DSCT.S1,192000000,HAPP20
59796,2019:06:07 20:00:56,07/06/2019,0.833981,Black Backed Jackal,8.5,0.2-0.4,HAPP20,No,DSCT.S1,192000000,HAPP20
59797,2019:06:07 20:00:56,07/06/2019,0.833981,Black Backed Jackal,8,0.2-0.4,HAPP20,No,DSCT.S1,192000000,HAPP20
59798,2019:06:07 20:00:56,07/06/2019,0.833981,Black Backed Jackal,8,0.2-0.4,HAPP20,No,DSCT.S1,192000000,HAPP20
59799,2019:06:07 20:00:55,07/06/2019,0.83397,Black Backed Jackal,7.5,0.2-0.4,HAPP20,Yes,DSCT.S1,192000000,HAPP20
60122,2019:06:07 07:17:31,07/06/2019,0.303831,Black Backed Jackal,15,0.8-1,HAPP20,Yes,DSCT.S1,192000000,HAPP20
60130,2019:06:07 06:43:34,07/06/2019,0.280255,Black Backed Jackal,14,0-0.2,HAPP20,No,DSCT.S1,192000000,HAPP20
60131,2019:06:07 06:43:33,07/06/2019,0.280243,Black Backed Jackal,13,0.2-0.4,HAPP20,No,DSCT.S1,192000000,HAPP20
60132,2019:06:07 06:43:33,07/06/2019,0.280243,Black Backed Jackal,14,0.2-0.4,HAPP20,No,DSCT.S1,192000000,HAPP20
60133,2019:06:07 06:43:33,07/06/2019,0.280243,Black Backed Jackal,15,0.2-0.4,HAPP20,No,DSCT.S1,192000000,HAPP20
60134,2019:06:07 06:43:33,07/06/2019,0.280243,Black Backed Jackal,16,0.4-0.6,HAPP20,No,DSCT.S1,192000000,HAPP20
60135,2019:06:07 06:43:32,07/06/2019,0.280231,Black Backed Jackal,15,0.4-0.6,HAPP20,Yes,DSCT.S1,192000000,HAPP20
60604,2019:06:05 23:49:17,05/06/2019,0.992558,Black Backed Jackal,10,0-0.2,HAPP20,No,DSCT.S1,192000000,HAPP20
60605,2019:06:05 23:49:16,05/06/2019,0.992546,Black Backed Jackal,11,0-0.2,HAPP20,No,DSCT.S1,192000000,HAPP20
60606,2019:06:05 23:49:16,05/06/2019,0.992546,Black Backed Jackal,11,0-0.2,HAPP20,No,DSCT.S1,192000000,HAPP20
60607,2019:06:05 23:49:16,05/06/2019,0.992546,Black Backed Jackal,11,0-0.2,HAPP20,No,DSCT.S1,192000000,HAPP20
60608,2019:06:05 23:49:16,05/06/2019,0.992546,Black Backed Jackal,11,0-0.2,HAPP20,No,DSCT.S1,192000000,HAPP20
60609,2019:06:05 23:49:15,05/06/2019,0.992535,Black Backed Jackal,11,0-0.2,HAPP20,Yes,DSCT.S1,192000000,HAPP20
60610,2019:06:05 23:08:47,05/06/2019,0.964433,Black Backed Jackal,8.5,0-0.2,HAPP20,No,DSCT.S1,192000000,HAPP20
60611,2019:06:05 23:08:47,05/06/2019,0.964433,Black Backed Jackal,8.5,0.2-0.4,HAPP20,No,DSCT.S1,192000000,HAPP20
60612,2019:06:05 23:08:46,05/06/2019,0.964421,Black Backed Jackal,8,0.2-0.4,HAPP20,No,DSCT.S1,192000000,HAPP20
60613,2019:06:05 23:08:46,05/06/2019,0.964421,Black Backed Jackal,8,0.2-0.4,HAPP20,No,DSCT.S1,192000000,HAPP20
60614,2019:06:05 23:08:46,05/06/2019,0.964421,Black Backed Jackal,8,0.2-0.4,HAPP20,No,DSCT.S1,192000000,HAPP20
60615,2019:06:05 23:08:46,05/06/2019,0.964421,Black Backed Jackal,8,0.4-0.6,HAPP20,Yes,DSCT.S1,192000000,HAPP20
60616,2019:06:05 21:47:15,05/06/2019,0.907813,Black Backed Jackal,15,0.8-1,HAPP20,No,DSCT.S1,192000000,HAPP20
60617,2019:06:05 21:46:57,05/06/2019,0.907604,Black Backed Jackal,7,0.4-0.6,HAPP20,No,DSCT.S1,192000000,HAPP20
60618,2019:06:05 21:46:57,05/06/2019,0.907604,Black Backed Jackal,7,0.4-0.6,HAPP20,No,DSCT.S1,192000000,HAPP20
60619,2019:06:05 21:46:56,05/06/2019,0.907593,Black Backed Jackal,7,0.4-0.6,HAPP20,No,DSCT.S1,192000000,HAPP20
60620,2019:06:05 21:46:56,05/06/2019,0.907593,Black Backed Jackal,7,0.4-0.6,HAPP20,No,DSCT.S1,192000000,HAPP20
60621,2019:06:05 21:46:56,05/06/2019,0.907593,Black Backed Jackal,7,0.4-0.6,HAPP20,No,DSCT.S1,192000000,HAPP20
60622,2019:06:05 21:46:56,05/06/2019,0.907593,Black Backed Jackal,7.5,0.2-0.4,HAPP20,Yes,DSCT.S1,192000000,HAPP20
60659,2019:06:05 20:48:49,05/06/2019,0.867234,Black Backed Jackal,9.5,0-0.2,HAPP20,No,DSCT.S1,192000000,HAPP20
60660,2019:06:05 20:48:49,05/06/2019,0.867234,Black Backed Jackal,9,0-0.2,HAPP20,No,DSCT.S1,192000000,HAPP20
60661,2019:06:05 20:48:49,05/06/2019,0.867234,Black Backed Jackal,9.5,0.2-0.4,HAPP20,No,DSCT.S1,192000000,HAPP20
60662,2019:06:05 20:48:49,05/06/2019,0.867234,Black Backed Jackal,9.5,0.2-0.4,HAPP20,No,DSCT.S1,192000000,HAPP20
60663,2019:06:05 20:48:48,05/06/2019,0.867222,Black Backed Jackal,9.5,0.2-0.4,HAPP20,No,DSCT.S1,192000000,HAPP20
60664,2019:06:05 20:48:48,05/06/2019,0.867222,Black Backed Jackal,9.5,0.4-0.6,HAPP20,Yes,DSCT.S1,192000000,HAPP20
60719,2019:06:05 18:02:30,05/06/2019,0.751736,Black Backed Jackal,8.5,0.4-0.6,HAPP20,No,DSCT.S1,192000000,HAPP20
60720,2019:06:05 18:02:30,05/06/2019,0.751736,Black Backed Jackal,8,0.4-0.6,HAPP20,No,DSCT.S1,192000000,HAPP20
60721,2019:06:05 18:02:29,05/06/2019,0.751725,Black Backed Jackal,7.5,0.2-0.4,HAPP20,No,DSCT.S1,192000000,HAPP20
60722,2019:06:05 18:02:29,05/06/2019,0.751725,Black Backed Jackal,7.5,0-0.2,HAPP20,No,DSCT.S1,192000000,HAPP20
60723,2019:06:05 18:02:29,05/06/2019,0.751725,Black Backed Jackal,7,0-0.2,HAPP20,No,DSCT.S1,192000000,HAPP20
60724,2019:06:05 18:02:29,05/06/2019,0.751725,Black Backed Jackal,6.5,0-0.2,HAPP20,Yes,DSCT.S1,192000000,HAPP20
61385,2019:06:05 02:16:07,05/06/2019,0.094525,Black Backed Jackal,14,0-0.2,HAPP20,No,DSCT.S1,192000000,HAPP20
61386,2019:06:05 02:16:06,05/06/2019,0.094514,Black Backed Jackal,13,0-0.2,HAPP20,No,DSCT.S1,192000000,HAPP20
61387,2019:06:05 02:16:06,05/06/2019,0.094514,Black Backed Jackal,13,0-0.2,HAPP20,No,DSCT.S1,192000000,HAPP20
61388,2019:06:05 02:16:06,05/06/2019,0.094514,Black Backed Jackal,12,0.8-1,HAPP20,No,DSCT.S1,192000000,HAPP20
61389,2019:06:05 02:16:06,05/06/2019,0.094514,Black Backed Jackal,13,0-0.2,HAPP20,No,DSCT.S1,192000000,HAPP20
61390,2019:06:05 02:16:05,05/06/2019,0.094502,Black Backed Jackal,11,0.6-0.8,HAPP20,No,DSCT.S1,192000000,HAPP20
61391,2019:06:05 02:11:03,05/06/2019,0.091007,Black Backed Jackal,9.5,0-0.2,HAPP20,No,DSCT.S1,192000000,HAPP20
61392,2019:06:05 02:11:03,05/06/2019,0.091007,Black Backed Jackal,9.5,0.2-0.4,HAPP20,No,DSCT.S1,192000000,HAPP20
61393,2019:06:05 02:11:03,05/06/2019,0.091007,Black Backed Jackal,9,0.2-0.4,HAPP20,No,DSCT.S1,192000000,HAPP20
61394,2019:06:05 02:11:03,05/06/2019,0.091007,Black Backed Jackal,9.5,0.2-0.4,HAPP20,No,DSCT.S1,192000000,HAPP20
61395,2019:06:05 02:11:02,05/06/2019,0.090995,Black Backed Jackal,10,0.4-0.6,HAPP20,No,DSCT.S1,192000000,HAPP20
61396,2019:06:05 02:11:02,05/06/2019,0.090995,Black Backed Jackal,10,0.4-0.6,HAPP20,Yes,DSCT.S1,192000000,HAPP20
61583,2019:06:04 06:58:36,04/06/2019,0.290694,Black Backed Jackal,12,0-0.2,HAPP20,No,DSCT.S1,192000000,HAPP20
61584,2019:06:04 06:58:36,04/06/2019,0.290694,Black Backed Jackal,11,0-0.2,HAPP20,No,DSCT.S1,192000000,HAPP20
61585,2019:06:04 06:58:35,04/06/2019,0.290683,Black Backed Jackal,11,0-0.2,HAPP20,No,DSCT.S1,192000000,HAPP20
61586,2019:06:04 06:58:35,04/06/2019,0.290683,Black Backed Jackal,11,0-0.2,HAPP20,No,DSCT.S1,192000000,HAPP20
61587,2019:06:04 06:58:35,04/06/2019,0.290683,Black Backed Jackal,11,0-0.2,HAPP20,No,DSCT.S1,192000000,HAPP20
61588,2019:06:04 06:58:34,04/06/2019,0.290671,Black Backed Jackal,14,0-0.2,HAPP20,No,DSCT.S1,192000000,HAPP20
61589,2019:06:04 06:55:52,04/06/2019,0.288796,Black Backed Jackal,15,0.8-1,HAPP20,No,DSCT.S1,192000000,HAPP20
61590,2019:06:04 06:55:52,04/06/2019,0.288796,Black Backed Jackal,14,0.6-0.8,HAPP20,No,DSCT.S1,192000000,HAPP20
61591,2019:06:04 06:55:51,04/06/2019,0.288785,Black Backed Jackal,14,0.6-0.8,HAPP20,No,DSCT.S1,192000000,HAPP20
61592,2019:06:04 06:55:51,04/06/2019,0.288785,Black Backed Jackal,13,0.4-0.6,HAPP20,No,DSCT.S1,192000000,HAPP20
61593,2019:06:04 06:55:51,04/06/2019,0.288785,Black Backed Jackal,14,0.4-0.6,HAPP20,No,DSCT.S1,192000000,HAPP20
61594,2019:06:04 06:55:51,04/06/2019,0.288785,Black Backed Jackal,13,0.4-0.6,HAPP20,Yes,DSCT.S1,192000000,HAPP20
61595,2019:06:03 23:45:01,03/06/2019,0.989595,Black Backed Jackal,13,0.2-0.4,HAPP20,No,DSCT.S1,192000000,HAPP20
61596,2019:06:03 23:45:01,03/06/2019,0.989595,Black Backed Jackal,13,0.2-0.4,HAPP20,No,DSCT.S1,192000000,HAPP20
61597,2019:06:03 23:45:00,03/06/2019,0.989583,Black Backed Jackal,13,0.2-0.4,HAPP20,No,DSCT.S1,192000000,HAPP20
61598,2019:06:03 23:45:00,03/06/2019,0.989583,Black Backed Jackal,14,0.4-0.6,HAPP20,No,DSCT.S1,192000000,HAPP20
61599,2019:06:03 23:45:00,03/06/2019,0.989583,Black Backed Jackal,14,0.4-0.6,HAPP20,No,DSCT.S1,192000000,HAPP20
61600,2019:06:03 23:44:59,03/06/2019,0.989572,Black Backed Jackal,14,0.4-0.6,HAPP20,Yes,DSCT.S1,192000000,HAPP20
61907,2019:06:03 05:34:21,03/06/2019,0.232188,Black Backed Jackal,11,0-0.2,HAPP20,No,DSCT.S1,192000000,HAPP20
61908,2019:06:03 05:34:20,03/06/2019,0.232176,Black Backed Jackal,11,0-0.2,HAPP20,No,DSCT.S1,192000000,HAPP20
61909,2019:06:03 05:34:20,03/06/2019,0.232176,Black Backed Jackal,11,0-0.2,HAPP20,No,DSCT.S1,192000000,HAPP20
61910,2019:06:03 05:34:20,03/06/2019,0.232176,Black Backed Jackal,11,0-0.2,HAPP20,No,DSCT.S1,192000000,HAPP20
61911,2019:06:03 05:34:19,03/06/2019,0.232164,Black Backed Jackal,11,0-0.2,HAPP20,No,DSCT.S1,192000000,HAPP20
61912,2019:06:03 05:34:19,03/06/2019,0.232164,Black Backed Jackal,11,0-0.2,HAPP20,No,DSCT.S1,192000000,HAPP20
61913,2019:06:03 05:31:27,03/06/2019,0.230174,Black Backed Jackal,9.5,0.2-0.4,HAPP20,No,DSCT.S1,192000000,HAPP20
61914,2019:06:03 05:31:27,03/06/2019,0.230174,Black Backed Jackal,9.5,0.2-0.4,HAPP20,No,DSCT.S1,192000000,HAPP20
61915,2019:06:03 05:31:27,03/06/2019,0.230174,Black Backed Jackal,9.5,0.2-0.4,HAPP20,No,DSCT.S1,192000000,HAPP20
61916,2019:06:03 05:31:26,03/06/2019,0.230162,Black Backed Jackal,9.5,0.2-0.4,HAPP20,No,DSCT.S1,192000000,HAPP20
61917,2019:06:03 05:31:26,03/06/2019,0.230162,Black Backed Jackal,9.5,0.2-0.4,HAPP20,No,DSCT.S1,192000000,HAPP20
61918,2019:06:03 05:31:26,03/06/2019,0.230162,Black Backed Jackal,9.5,0.2-0.4,HAPP20,No,DSCT.S1,192000000,HAPP20
61919,2019:06:03 05:26:42,03/06/2019,0.226875,Black Backed Jackal,9.5,0.2-0.4,HAPP20,No,DSCT.S1,192000000,HAPP20
61920,2019:06:03 05:26:42,03/06/2019,0.226875,Black Backed Jackal,9.5,0.2-0.4,HAPP20,No,DSCT.S1,192000000,HAPP20
61921,2019:06:03 05:26:42,03/06/2019,0.226875,Black Backed Jackal,9.5,0.2-0.4,HAPP20,No,DSCT.S1,192000000,HAPP20
61922,2019:06:03 05:26:41,03/06/2019,0.226863,Black Backed Jackal,9,0.2-0.4,HAPP20,No,DSCT.S1,192000000,HAPP20
61923,2019:06:03 05:26:41,03/06/2019,0.226863,Black Backed Jackal,10,0.4-0.6,HAPP20,No,DSCT.S1,192000000,HAPP20
61924,2019:06:03 05:26:41,03/06/2019,0.226863,Black Backed Jackal,10,0.4-0.6,HAPP20,Yes,DSCT.S1,192000000,HAPP20
71111,2019:06:06 23:59:18,06/06/2019,0.999514,Brown Hyena,12,0.4-0.6,MOPP14,No,DSCT.S1,192000000,MOPP14
71112,2019:06:06 23:59:17,06/06/2019,0.999502,Brown Hyena,12,0.4-0.6,MOPP14,No,DSCT.S1,192000000,MOPP14
71113,2019:06:06 23:59:17,06/06/2019,0.999502,Brown Hyena,12,0.6-0.8,MOPP14,No,DSCT.S1,192000000,MOPP14
71114,2019:06:06 23:59:17,06/06/2019,0.999502,Brown Hyena,12,0.6-0.8,MOPP14,No,DSCT.S1,192000000,MOPP14
71115,2019:06:06 23:59:16,06/06/2019,0.999491,Brown Hyena,12,0.6-0.8,MOPP14,No,DSCT.S1,192000000,MOPP14
71116,2019:06:06 23:59:16,06/06/2019,0.999491,Brown Hyena,13,0.6-0.8,MOPP14,Yes,DSCT.S1,192000000,MOPP14
71873,2019:06:02 03:54:02,02/06/2019,0.162523,Brown Hyena,11,0.2-0.4,MOPP14,No,DSCT.S1,192000000,MOPP14
71874,2019:06:02 03:54:01,02/06/2019,0.162512,Brown Hyena,11,0.4-0.6,MOPP14,No,DSCT.S1,192000000,MOPP14
71875,2019:06:02 03:54:01,02/06/2019,0.162512,Brown Hyena,11,0.4-0.6,MOPP14,No,DSCT.S1,192000000,MOPP14
71876,2019:06:02 03:54:01,02/06/2019,0.162512,Brown Hyena,11,0.4-0.6,MOPP14,No,DSCT.S1,192000000,MOPP14
71877,2019:06:02 03:54:01,02/06/2019,0.162512,Brown Hyena,11,0.6-0.8,MOPP14,No,DSCT.S1,192000000,MOPP14
71878,2019:06:02 03:54:00,02/06/2019,0.1625,Brown Hyena,11,0.6-0.8,MOPP14,Yes,DSCT.S1,192000000,MOPP14
72593,2019:06:01 00:42:38,01/06/2019,0.029606,Brown Hyena,24,0.2-0.4,MOPP14,No,DSCT.S1,192000000,MOPP14
72594,2019:06:01 00:42:38,01/06/2019,0.029606,Brown Hyena,22,0.2-0.4,MOPP14,No,DSCT.S1,192000000,MOPP14
72595,2019:06:01 00:42:38,01/06/2019,0.029606,Brown Hyena,22,0.2-0.4,MOPP14,No,DSCT.S1,192000000,MOPP14
72596,2019:06:01 00:42:37,01/06/2019,0.029595,Brown Hyena,21,0-0.2,MOPP14,No,DSCT.S1,192000000,MOPP14
72597,2019:06:01 00:42:37,01/06/2019,0.029595,Brown Hyena,20,0-0.2,MOPP14,No,DSCT.S1,192000000,MOPP14
72598,2019:06:01 00:42:37,01/06/2019,0.029595,Brown Hyena,20,0-0.2,MOPP14,No,DSCT.S1,192000000,MOPP14
72599,2019:06:01 00:42:27,01/06/2019,0.029479,Brown Hyena,14,0.4-0.6,MOPP14,No,DSCT.S1,192000000,MOPP14
72600,2019:06:01 00:42:27,01/06/2019,0.029479,Brown Hyena,14,0.4-0.6,MOPP14,No,DSCT.S1,192000000,MOPP14
72601,2019:06:01 00:42:27,01/06/2019,0.029479,Brown Hyena,14,0.6-0.8,MOPP14,No,DSCT.S1,192000000,MOPP14
72602,2019:06:01 00:42:27,01/06/2019,0.029479,Brown Hyena,13,0.6-0.8,MOPP14,No,DSCT.S1,192000000,MOPP14
72603,2019:06:01 00:42:26,01/06/2019,0.029468,Brown Hyena,13,0.6-0.8,MOPP14,No,DSCT.S1,192000000,MOPP14
72604,2019:06:01 00:42:26,01/06/2019,0.029468,Brown Hyena,12,0.6-0.8,MOPP14,Yes,DSCT.S1,192000000,MOPP14
72695,2019:06:10 04:10:48,10/06/2019,0.174167,Brown Hyena,13,0.8-1,HAPP15,No,DSCT.S1,192000000,HAPP15
72696,2019:06:10 04:10:48,10/06/2019,0.174167,Brown Hyena,12,0.6-0.8,HAPP15,No,DSCT.S1,192000000,HAPP15
72697,2019:06:10 04:10:48,10/06/2019,0.174167,Brown Hyena,11,0.6-0.8,HAPP15,No,DSCT.S1,192000000,HAPP15
72698,2019:06:10 04:10:47,10/06/2019,0.174155,Brown Hyena,10,0.6-0.8,HAPP15,No,DSCT.S1,192000000,HAPP15
72699,2019:06:10 04:10:47,10/06/2019,0.174155,Brown Hyena,11,0.6-0.8,HAPP15,No,DSCT.S1,192000000,HAPP15
72700,2019:06:10 04:10:47,10/06/2019,0.174155,Brown Hyena,13,0.6-0.8,HAPP15,Yes,DSCT.S1,192000000,HAPP15
72845,2019:06:09 18:31:49,09/06/2019,0.772095,Black Backed Jackal,8,0.2-0.4,HAPP15,No,DSCT.S1,192000000,HAPP15
72846,2019:06:09 18:31:49,09/06/2019,0.772095,Black Backed Jackal,8.5,0.2-0.4,HAPP15,No,DSCT.S1,192000000,HAPP15
72847,2019:06:09 18:31:49,09/06/2019,0.772095,Black Backed Jackal,9.5,0.2-0.4,HAPP15,No,DSCT.S1,192000000,HAPP15
72848,2019:06:09 18:31:48,09/06/2019,0.772083,Black Backed Jackal,9.5,0.4-0.6,HAPP15,No,DSCT.S1,192000000,HAPP15
72849,2019:06:09 18:31:48,09/06/2019,0.772083,Black Backed Jackal,10,0.4-0.6,HAPP15,No,DSCT.S1,192000000,HAPP15
72850,2019:06:09 18:31:48,09/06/2019,0.772083,Black Backed Jackal,11,0.4-0.6,HAPP15,Yes,DSCT.S1,192000000,HAPP15
73115,2019:06:07 23:05:48,07/06/2019,0.962361,African Civet,6.5,0.2-0.4,HAPP15,No,DSCT.S1,192000000,HAPP15
73116,2019:06:07 23:05:47,07/06/2019,0.96235,African Civet,6.5,0.2-0.4,HAPP15,No,DSCT.S1,192000000,HAPP15
73117,2019:06:07 23:05:47,07/06/2019,0.96235,African Civet,6,0.4-0.6,HAPP15,No,DSCT.S1,192000000,HAPP15
73118,2019:06:07 23:05:47,07/06/2019,0.96235,African Civet,6,0.4-0.6,HAPP15,No,DSCT.S1,192000000,HAPP15
73119,2019:06:07 23:05:47,07/06/2019,0.96235,African Civet,6,0.4-0.6,HAPP15,No,DSCT.S1,192000000,HAPP15
73120,2019:06:07 23:05:46,07/06/2019,0.962338,African Civet,6,0.4-0.6,HAPP15,Yes,DSCT.S1,192000000,HAPP15
73409,2019:06:07 06:05:17,07/06/2019,0.253669,Black Backed Jackal,9.5,0-0.2,HAPP15,No,DSCT.S1,192000000,HAPP15
73410,2019:06:07 06:05:16,07/06/2019,0.253657,Black Backed Jackal,8.5,0-0.2,HAPP15,No,DSCT.S1,192000000,HAPP15
73411,2019:06:07 06:05:16,07/06/2019,0.253657,Black Backed Jackal,8.5,0-0.2,HAPP15,No,DSCT.S1,192000000,HAPP15
73412,2019:06:07 06:05:16,07/06/2019,0.253657,Black Backed Jackal,8,0-0.2,HAPP15,No,DSCT.S1,192000000,HAPP15
73413,2019:06:07 06:05:16,07/06/2019,0.253657,Black Backed Jackal,7,0.2-0.4,HAPP15,No,DSCT.S1,192000000,HAPP15
73414,2019:06:07 06:05:15,07/06/2019,0.253646,Black Backed Jackal,7,0.4-0.6,HAPP15,No,DSCT.S1,192000000,HAPP15
73415,2019:06:07 05:59:35,07/06/2019,0.249711,Black Backed Jackal,7.5,0-0.2,HAPP15,No,DSCT.S1,192000000,HAPP15
73416,2019:06:07 05:59:34,07/06/2019,0.249699,Black Backed Jackal,7,0-0.2,HAPP15,No,DSCT.S1,192000000,HAPP15
73417,2019:06:07 05:59:34,07/06/2019,0.249699,Black Backed Jackal,6.5,0-0.2,HAPP15,No,DSCT.S1,192000000,HAPP15
73418,2019:06:07 05:59:34,07/06/2019,0.249699,Black Backed Jackal,6.5,0.2-0.4,HAPP15,No,DSCT.S1,192000000,HAPP15
73419,2019:06:07 05:59:34,07/06/2019,0.249699,Black Backed Jackal,6,0.2-0.4,HAPP15,No,DSCT.S1,192000000,HAPP15
73420,2019:06:07 05:59:33,07/06/2019,0.249688,Black Backed Jackal,6,0.4-0.6,HAPP15,Yes,DSCT.S1,192000000,HAPP15
73421,2019:06:06 17:51:21,06/06/2019,0.743993,Black Backed Jackal,3.5,0.2-0.4,HAPP15,No,DSCT.S1,192000000,HAPP15
73422,2019:06:06 17:51:21,06/06/2019,0.743993,Black Backed Jackal,4.5,0.4-0.6,HAPP15,No,DSCT.S1,192000000,HAPP15
73423,2019:06:06 17:51:21,06/06/2019,0.743993,Black Backed Jackal,4.5,0.4-0.6,HAPP15,No,DSCT.S1,192000000,HAPP15
73424,2019:06:06 17:51:20,06/06/2019,0.743981,Black Backed Jackal,5.5,0.4-0.6,HAPP15,No,DSCT.S1,192000000,HAPP15
73425,2019:06:06 17:51:20,06/06/2019,0.743981,Black Backed Jackal,5.5,0.4-0.6,HAPP15,No,DSCT.S1,192000000,HAPP15
73426,2019:06:06 17:51:20,06/06/2019,0.743981,Black Backed Jackal,6,0.6-0.8,HAPP15,No,DSCT.S1,192000000,HAPP15
73427,2019:06:06 17:51:11,06/06/2019,0.743877,Black Backed Jackal,11,0-0.2,HAPP15,Yes,DSCT.S1,192000000,HAPP15
73428,2019:06:06 17:51:11,06/06/2019,0.743877,Black Backed Jackal,11,0-0.2,HAPP15,No,DSCT.S1,192000000,HAPP15
73429,2019:06:06 17:51:10,06/06/2019,0.743866,Black Backed Jackal,11,0-0.2,HAPP15,No,DSCT.S1,192000000,HAPP15
73430,2019:06:06 17:51:10,06/06/2019,0.743866,Black Backed Jackal,11,0-0.2,HAPP15,No,DSCT.S1,192000000,HAPP15
73431,2019:06:06 17:51:10,06/06/2019,0.743866,Black Backed Jackal,12,0-0.2,HAPP15,No,DSCT.S1,192000000,HAPP15
73432,2019:06:06 17:51:10,06/06/2019,0.743866,Black Backed Jackal,12,0-0.2,HAPP15,Yes,DSCT.S1,192000000,HAPP15
73739,2019:06:04 18:24:39,04/06/2019,0.767118,Brown Hyena,11,0.8-1,HAPP15,No,DSCT.S1,192000000,HAPP15
73740,2019:06:04 18:24:38,04/06/2019,0.767106,Brown Hyena,10,0.8-1,HAPP15,No,DSCT.S1,192000000,HAPP15
73741,2019:06:04 18:24:38,04/06/2019,0.767106,Brown Hyena,8,0.6-0.8,HAPP15,No,DSCT.S1,192000000,HAPP15
73742,2019:06:04 18:24:38,04/06/2019,0.767106,Brown Hyena,8,0.6-0.8,HAPP15,No,DSCT.S1,192000000,HAPP15
73743,2019:06:04 18:24:38,04/06/2019,0.767106,Brown Hyena,7.5,0.6-0.8,HAPP15,No,DSCT.S1,192000000,HAPP15
73744,2019:06:04 18:24:37,04/06/2019,0.767095,Brown Hyena,7.5,0.6-0.8,HAPP15,No,DSCT.S1,192000000,HAPP15
73745,2019:06:04 18:24:28,04/06/2019,0.766991,Brown Hyena,2.5,0-0.2,HAPP15,No,DSCT.S1,192000000,HAPP15
73746,2019:06:04 18:24:27,04/06/2019,0.766979,Brown Hyena,2,0-0.2,HAPP15,No,DSCT.S1,192000000,HAPP15
73747,2019:06:04 18:24:27,04/06/2019,0.766979,Brown Hyena,2,0-0.2,HAPP15,No,DSCT.S1,192000000,HAPP15
73748,2019:06:04 18:24:27,04/06/2019,0.766979,Brown Hyena,1.5,0-0.2,HAPP15,No,DSCT.S1,192000000,HAPP15
73749,2019:06:04 18:24:26,04/06/2019,0.766968,Brown Hyena,1.5,0-0.2,HAPP15,No,DSCT.S1,192000000,HAPP15
73750,2019:06:04 18:24:26,04/06/2019,0.766968,Brown Hyena,1,0-0.2,HAPP15,No,DSCT.S1,192000000,HAPP15
73769,2019:06:04 18:23:49,04/06/2019,0.766539,Brown Hyena,0.5,0.8-1,HAPP15,No,DSCT.S1,192000000,HAPP15
73770,2019:06:04 18:23:48,04/06/2019,0.766528,Brown Hyena,0.5,0.8-1,HAPP15,No,DSCT.S1,192000000,HAPP15
73771,2019:06:04 18:23:48,04/06/2019,0.766528,Brown Hyena,0.5,0.8-1,HAPP15,No,DSCT.S1,192000000,HAPP15
73772,2019:06:04 18:23:48,04/06/2019,0.766528,Brown Hyena,0.5,0.8-1,HAPP15,No,DSCT.S1,192000000,HAPP15
73773,2019:06:04 18:23:48,04/06/2019,0.766528,Brown Hyena,0.5,0.8-1,HAPP15,No,DSCT.S1,192000000,HAPP15
73774,2019:06:04 18:23:47,04/06/2019,0.766516,Brown Hyena,0.5,0.8-1,HAPP15,No,DSCT.S1,192000000,HAPP15
73775,2019:06:04 18:23:37,04/06/2019,0.7664,Brown Hyena,8.5,0.6-0.8,HAPP15,No,DSCT.S1,192000000,HAPP15
73776,2019:06:04 18:23:37,04/06/2019,0.7664,Brown Hyena,8.5,0.6-0.8,HAPP15,No,DSCT.S1,192000000,HAPP15
73777,2019:06:04 18:23:37,04/06/2019,0.7664,Brown Hyena,9,0.6-0.8,HAPP15,No,DSCT.S1,192000000,HAPP15
73778,2019:06:04 18:23:37,04/06/2019,0.7664,Brown Hyena,9.5,0.6-0.8,HAPP15,No,DSCT.S1,192000000,HAPP15
73779,2019:06:04 18:23:36,04/06/2019,0.766389,Brown Hyena,10,0.6-0.8,HAPP15,No,DSCT.S1,192000000,HAPP15
73780,2019:06:04 18:23:36,04/06/2019,0.766389,Brown Hyena,11,0.8-1,HAPP15,No,DSCT.S1,192000000,HAPP15
73781,2019:06:04 18:23:24,04/06/2019,0.76625,Brown Hyena,6.5,0.2-0.4,HAPP15,No,DSCT.S1,192000000,HAPP15
73782,2019:06:04 18:23:23,04/06/2019,0.766238,Brown Hyena,6,0.2-0.4,HAPP15,No,DSCT.S1,192000000,HAPP15
73783,2019:06:04 18:23:23,04/06/2019,0.766238,Brown Hyena,6,0.4-0.6,HAPP15,No,DSCT.S1,192000000,HAPP15
73784,2019:06:04 18:23:23,04/06/2019,0.766238,Brown Hyena,6,0.4-0.6,HAPP15,No,DSCT.S1,192000000,HAPP15
73785,2019:06:04 18:23:23,04/06/2019,0.766238,Brown Hyena,5.5,0.6-0.8,HAPP15,No,DSCT.S1,192000000,HAPP15
73786,2019:06:04 18:23:22,04/06/2019,0.766227,Brown Hyena,5.5,0.8-1,HAPP15,No,DSCT.S1,192000000,HAPP15
73787,2019:06:04 17:56:55,04/06/2019,0.747859,Brown Hyena,7,0-0.2,HAPP15,No,DSCT.S1,192000000,HAPP15
73788,2019:06:04 17:56:55,04/06/2019,0.747859,Brown Hyena,6.5,0-0.2,HAPP15,No,DSCT.S1,192000000,HAPP15
73789,2019:06:04 17:56:55,04/06/2019,0.747859,Brown Hyena,6.5,0.2-0.4,HAPP15,No,DSCT.S1,192000000,HAPP15
73790,2019:06:04 17:56:54,04/06/2019,0.747847,Brown Hyena,6.5,0.2-0.4,HAPP15,No,DSCT.S1,192000000,HAPP15
73791,2019:06:04 17:56:54,04/06/2019,0.747847,Brown Hyena,6,0.4-0.6,HAPP15,No,DSCT.S1,192000000,HAPP15
73792,2019:06:04 17:56:54,04/06/2019,0.747847,Brown Hyena,6,0.6-0.8,HAPP15,Yes,DSCT.S1,192000000,HAPP15
73997,2019:06:03 21:05:28,03/06/2019,0.878796,Black Backed Jackal,7.5,0-0.2,HAPP15,No,DSCT.S1,192000000,HAPP15
73998,2019:06:03 21:05:28,03/06/2019,0.878796,Black Backed Jackal,7,0-0.2,HAPP15,No,DSCT.S1,192000000,HAPP15
73999,2019:06:03 21:05:28,03/06/2019,0.878796,Black Backed Jackal,7,0-0.2,HAPP15,No,DSCT.S1,192000000,HAPP15
74000,2019:06:03 21:05:27,03/06/2019,0.878785,Black Backed Jackal,6.5,0.2-0.4,HAPP15,No,DSCT.S1,192000000,HAPP15
74001,2019:06:03 21:05:27,03/06/2019,0.878785,Black Backed Jackal,6.5,0.4-0.6,HAPP15,No,DSCT.S1,192000000,HAPP15
74002,2019:06:03 21:05:27,03/06/2019,0.878785,Black Backed Jackal,6,0.4-0.6,HAPP15,Yes,DSCT.S1,192000000,HAPP15
74003,2019:06:03 19:08:18,03/06/2019,0.797431,Black Backed Jackal,8.5,0.2-0.4,HAPP15,No,DSCT.S1,192000000,HAPP15
74004,2019:06:03 19:08:17,03/06/2019,0.797419,Black Backed Jackal,9,0.2-0.4,HAPP15,No,DSCT.S1,192000000,HAPP15
74005,2019:06:03 19:08:17,03/06/2019,0.797419,Black Backed Jackal,9.5,0.2-0.4,HAPP15,No,DSCT.S1,192000000,HAPP15
74006,2019:06:03 19:08:17,03/06/2019,0.797419,Black Backed Jackal,10,0.4-0.6,HAPP15,No,DSCT.S1,192000000,HAPP15
74007,2019:06:03 19:08:17,03/06/2019,0.797419,Black Backed Jackal,11,0.4-0.6,HAPP15,No,DSCT.S1,192000000,HAPP15
74008,2019:06:03 19:08:16,03/06/2019,0.797407,Black Backed Jackal,11,0.4-0.6,HAPP15,Yes,DSCT.S1,192000000,HAPP15
74009,2019:06:03 18:38:58,03/06/2019,0.77706,Black Backed Jackal,7.5,0-0.2,HAPP15,No,DSCT.S1,192000000,HAPP15
74010,2019:06:03 18:38:58,03/06/2019,0.77706,Black Backed Jackal,7,0-0.2,HAPP15,No,DSCT.S1,192000000,HAPP15
74011,2019:06:03 18:38:58,03/06/2019,0.77706,Black Backed Jackal,6.5,0-0.2,HAPP15,No,DSCT.S1,192000000,HAPP15
74012,2019:06:03 18:38:57,03/06/2019,0.777049,Black Backed Jackal,6.5,0.2-0.4,HAPP15,No,DSCT.S1,192000000,HAPP15
74013,2019:06:03 18:38:57,03/06/2019,0.777049,Black Backed Jackal,6,0.4-0.6,HAPP15,No,DSCT.S1,192000000,HAPP15
74014,2019:06:03 18:38:57,03/06/2019,0.777049,Black Backed Jackal,6,0.4-0.6,HAPP15,No,DSCT.S1,192000000,HAPP15
74015,2019:06:03 18:33:28,03/06/2019,0.773241,Black Backed Jackal,10,0-0.2,HAPP15,No,DSCT.S1,192000000,HAPP15
74016,2019:06:03 18:33:28,03/06/2019,0.773241,Black Backed Jackal,10,0-0.2,HAPP15,No,DSCT.S1,192000000,HAPP15
74017,2019:06:03 18:33:28,03/06/2019,0.773241,Black Backed Jackal,11,0-0.2,HAPP15,No,DSCT.S1,192000000,HAPP15
74018,2019:06:03 18:33:27,03/06/2019,0.773229,Black Backed Jackal,11,0-0.2,HAPP15,No,DSCT.S1,192000000,HAPP15
74019,2019:06:03 18:33:27,03/06/2019,0.773229,Black Backed Jackal,11,0-0.2,HAPP15,No,DSCT.S1,192000000,HAPP15
74020,2019:06:03 18:33:27,03/06/2019,0.773229,Black Backed Jackal,11,0-0.2,HAPP15,No,DSCT.S1,192000000,HAPP15
74021,2019:06:03 18:27:59,03/06/2019,0.769433,Black Backed Jackal,7.5,0-0.2,HAPP15,No,DSCT.S1,192000000,HAPP15
74022,2019:06:03 18:27:58,03/06/2019,0.769421,Black Backed Jackal,8,0.2-0.4,HAPP15,No,DSCT.S1,192000000,HAPP15
74023,2019:06:03 18:27:58,03/06/2019,0.769421,Black Backed Jackal,8.5,0.2-0.4,HAPP15,No,DSCT.S1,192000000,HAPP15
74024,2019:06:03 18:27:58,03/06/2019,0.769421,Black Backed Jackal,9,0.2-0.4,HAPP15,No,DSCT.S1,192000000,HAPP15
74025,2019:06:03 18:27:58,03/06/2019,0.769421,Black Backed Jackal,9.5,0.4-0.6,HAPP15,No,DSCT.S1,192000000,HAPP15
74026,2019:06:03 18:27:57,03/06/2019,0.76941,Black Backed Jackal,9.5,0.4-0.6,HAPP15,Yes,DSCT.S1,192000000,HAPP15
74255,2019:06:03 02:40:56,03/06/2019,0.111759,Brown Hyena,7.5,0-0.2,HAPP15,No,DSCT.S1,192000000,HAPP15
74256,2019:06:03 02:40:56,03/06/2019,0.111759,Brown Hyena,8,0-0.2,HAPP15,No,DSCT.S1,192000000,HAPP15
74257,2019:06:03 02:40:55,03/06/2019,0.111748,Brown Hyena,8,0.2-0.4,HAPP15,No,DSCT.S1,192000000,HAPP15
74258,2019:06:03 02:40:55,03/06/2019,0.111748,Brown Hyena,8.5,0.2-0.4,HAPP15,No,DSCT.S1,192000000,HAPP15
74259,2019:06:03 02:40:55,03/06/2019,0.111748,Brown Hyena,8.5,0.2-0.4,HAPP15,No,DSCT.S1,192000000,HAPP15
74260,2019:06:03 02:40:55,03/06/2019,0.111748,Brown Hyena,9,0.2-0.4,HAPP15,No,DSCT.S1,192000000,HAPP15
74261,2019:06:03 02:40:44,03/06/2019,0.11162,Brown Hyena,11,0.4-0.6,HAPP15,No,DSCT.S1,192000000,HAPP15
74262,2019:06:03 02:40:44,03/06/2019,0.11162,Brown Hyena,11,0.4-0.6,HAPP15,No,DSCT.S1,192000000,HAPP15
74263,2019:06:03 02:40:44,03/06/2019,0.11162,Brown Hyena,11,0.6-0.8,HAPP15,No,DSCT.S1,192000000,HAPP15
74264,2019:06:03 02:40:43,03/06/2019,0.111609,Brown Hyena,11,0.6-0.8,HAPP15,No,DSCT.S1,192000000,HAPP15
74265,2019:06:03 02:40:43,03/06/2019,0.111609,Brown Hyena,12,0.6-0.8,HAPP15,No,DSCT.S1,192000000,HAPP15
74266,2019:06:03 02:40:43,03/06/2019,0.111609,Brown Hyena,13,0.6-0.8,HAPP15,Yes,DSCT.S1,192000000,HAPP15
74267,2019:06:03 02:06:59,03/06/2019,0.088183,Brown Hyena,7,0.6-0.8,HAPP15,No,DSCT.S1,192000000,HAPP15
74268,2019:06:03 02:06:58,03/06/2019,0.088171,Brown Hyena,7,0.4-0.6,HAPP15,No,DSCT.S1,192000000,HAPP15
74269,2019:06:03 02:06:58,03/06/2019,0.088171,Brown Hyena,7,0.4-0.6,HAPP15,No,DSCT.S1,192000000,HAPP15
74270,2019:06:03 02:06:58,03/06/2019,0.088171,Brown Hyena,7,0.2-0.4,HAPP15,No,DSCT.S1,192000000,HAPP15
74271,2019:06:03 02:06:58,03/06/2019,0.088171,Brown Hyena,7.5,0.2-0.4,HAPP15,No,DSCT.S1,192000000,HAPP15
74272,2019:06:03 02:06:57,03/06/2019,0.08816,Brown Hyena,7.5,0.2-0.4,HAPP15,No,DSCT.S1,192000000,HAPP15
74273,2019:06:03 02:06:49,03/06/2019,0.088067,Brown Hyena,10,0.4-0.6,HAPP15,No,DSCT.S1,192000000,HAPP15
74274,2019:06:03 02:06:49,03/06/2019,0.088067,Brown Hyena,10,0.4-0.6,HAPP15,No,DSCT.S1,192000000,HAPP15
74275,2019:06:03 02:06:48,03/06/2019,0.088056,Brown Hyena,10,0.4-0.6,HAPP15,No,DSCT.S1,192000000,HAPP15
74276,2019:06:03 02:06:48,03/06/2019,0.088056,Brown Hyena,11,0.6-0.8,HAPP15,No,DSCT.S1,192000000,HAPP15
74277,2019:06:03 02:06:48,03/06/2019,0.088056,Brown Hyena,11,0.6-0.8,HAPP15,No,DSCT.S1,192000000,HAPP15
74278,2019:06:03 02:06:48,03/06/2019,0.088056,Brown Hyena,12,0.6-0.8,HAPP15,Yes,DSCT.S1,192000000,HAPP15
74279,2019:06:02 23:14:49,02/06/2019,0.968623,Black Backed Jackal,7,0-0.2,HAPP15,No,DSCT.S1,192000000,HAPP15
74280,2019:06:02 23:14:49,02/06/2019,0.968623,Black Backed Jackal,6.5,0-0.2,HAPP15,No,DSCT.S1,192000000,HAPP15
74281,2019:06:02 23:14:49,02/06/2019,0.968623,Black Backed Jackal,6.5,0.2-0.4,HAPP15,No,DSCT.S1,192000000,HAPP15
74282,2019:06:02 23:14:48,02/06/2019,0.968611,Black Backed Jackal,6.5,0.2-0.4,HAPP15,No,DSCT.S1,192000000,HAPP15
74283,2019:06:02 23:14:48,02/06/2019,0.968611,Black Backed Jackal,6,0.4-0.6,HAPP15,No,DSCT.S1,192000000,HAPP15
74284,2019:06:02 23:14:48,02/06/2019,0.968611,Black Backed Jackal,6,0.6-0.8,HAPP15,Yes,DSCT.S1,192000000,HAPP15
74399,2019:06:02 08:30:05,02/06/2019,0.354225,Black Backed Jackal,9.5,0-0.2,HAPP15,No,DSCT.S1,192000000,HAPP15
74400,2019:06:02 08:30:04,02/06/2019,0.354213,Black Backed Jackal,8.5,0-0.2,HAPP15,No,DSCT.S1,192000000,HAPP15
74401,2019:06:02 08:30:04,02/06/2019,0.354213,Black Backed Jackal,8,0-0.2,HAPP15,No,DSCT.S1,192000000,HAPP15
74402,2019:06:02 08:30:03,02/06/2019,0.354201,Black Backed Jackal,7.5,0.2-0.4,HAPP15,No,DSCT.S1,192000000,HAPP15
74403,2019:06:02 08:30:03,02/06/2019,0.354201,Black Backed Jackal,7,0.2-0.4,HAPP15,No,DSCT.S1,192000000,HAPP15
74404,2019:06:02 08:30:03,02/06/2019,0.354201,Black Backed Jackal,7,0.4-0.6,HAPP15,Yes,DSCT.S1,192000000,HAPP15
75918,2019:06:11 01:39:56,11/06/2019,0.069398,African Civet,5.5,0.4-0.6,MAPP04,No,DSCT.S1,192000000,MAPP04
75919,2019:06:11 01:39:56,11/06/2019,0.069398,African Civet,5,0.4-0.6,MAPP04,No,DSCT.S1,192000000,MAPP04
75920,2019:06:11 01:39:56,11/06/2019,0.069398,African Civet,4.5,0.4-0.6,MAPP04,No,DSCT.S1,192000000,MAPP04
75921,2019:06:11 01:39:55,11/06/2019,0.069387,African Civet,4.5,0.4-0.6,MAPP04,No,DSCT.S1,192000000,MAPP04
75922,2019:06:11 01:39:55,11/06/2019,0.069387,African Civet,4.5,0.4-0.6,MAPP04,No,DSCT.S1,192000000,MAPP04
75923,2019:06:11 01:39:55,11/06/2019,0.069387,African Civet,4,0.2-0.4,MAPP04,Yes,DSCT.S1,192000000,MAPP04
76086,2019:06:06 00:45:50,06/06/2019,0.031829,African Civet,3.5,0.2-0.4,MAPP04,No,DSCT.S1,192000000,MAPP04
76087,2019:06:06 00:45:50,06/06/2019,0.031829,African Civet,3.5,0.2-0.4,MAPP04,No,DSCT.S1,192000000,MAPP04
76088,2019:06:06 00:45:50,06/06/2019,0.031829,African Civet,3.5,0-0.2,MAPP04,No,DSCT.S1,192000000,MAPP04
76089,2019:06:06 00:45:49,06/06/2019,0.031817,African Civet,3.5,0-0.2,MAPP04,No,DSCT.S1,192000000,MAPP04
76090,2019:06:06 00:45:49,06/06/2019,0.031817,African Civet,3.5,0-0.2,MAPP04,No,DSCT.S1,192000000,MAPP04
76091,2019:06:06 00:45:49,06/06/2019,0.031817,African Civet,3.5,0-0.2,MAPP04,No,DSCT.S1,192000000,MAPP04
76092,2019:06:06 00:45:33,06/06/2019,0.031632,African Civet,3.5,0.2-0.4,MAPP04,No,DSCT.S1,192000000,MAPP04
76093,2019:06:06 00:45:33,06/06/2019,0.031632,African Civet,3.5,0.2-0.4,MAPP04,No,DSCT.S1,192000000,MAPP04
76094,2019:06:06 00:45:33,06/06/2019,0.031632,African Civet,3.5,0.2-0.4,MAPP04,No,DSCT.S1,192000000,MAPP04
76095,2019:06:06 00:45:32,06/06/2019,0.03162,African Civet,3.5,0-0.2,MAPP04,No,DSCT.S1,192000000,MAPP04
76096,2019:06:06 00:45:32,06/06/2019,0.03162,African Civet,3.5,0-0.2,MAPP04,No,DSCT.S1,192000000,MAPP04
76097,2019:06:06 00:45:32,06/06/2019,0.03162,African Civet,3.5,0-0.2,MAPP04,Yes,DSCT.S1,192000000,MAPP04
77377,2019:06:05 21:10:43,05/06/2019,0.882442,Brown Hyena,22,0.4-0.6,SHPP09,No,DSCT.S1,192000000,SHPP09
77378,2019:06:05 21:10:43,05/06/2019,0.882442,Brown Hyena,23,0.6-0.8,SHPP09,No,DSCT.S1,192000000,SHPP09
77379,2019:06:05 21:10:43,05/06/2019,0.882442,Brown Hyena,24,0.6-0.8,SHPP09,No,DSCT.S1,192000000,SHPP09
77380,2019:06:05 21:10:42,05/06/2019,0.882431,Brown Hyena,25,0.6-0.8,SHPP09,No,DSCT.S1,192000000,SHPP09
77381,2019:06:05 21:10:42,05/06/2019,0.882431,Brown Hyena,26+,0.6-0.8,SHPP09,No,DSCT.S1,192000000,SHPP09
77382,2019:06:05 21:10:42,05/06/2019,0.882431,Brown Hyena,26+,0.8-1,SHPP09,Yes,DSCT.S1,192000000,SHPP09
77491,2019:06:01 17:14:34,01/06/2019,0.718449,Caracal,23,0.4-0.6,SHPP09,No,DSCT.S1,192000000,SHPP09
77492,2019:06:01 17:14:34,01/06/2019,0.718449,Caracal,23,0.4-0.6,SHPP09,No,DSCT.S1,192000000,SHPP09
77493,2019:06:01 17:14:33,01/06/2019,0.718438,Caracal,24,0.4-0.6,SHPP09,No,DSCT.S1,192000000,SHPP09
77494,2019:06:01 17:14:33,01/06/2019,0.718438,Caracal,25,0.6-0.8,SHPP09,No,DSCT.S1,192000000,SHPP09
77495,2019:06:01 17:14:33,01/06/2019,0.718438,Caracal,26+,0.6-0.8,SHPP09,No,DSCT.S1,192000000,SHPP09
77496,2019:06:01 17:14:32,01/06/2019,0.718426,Caracal,26+,0.6-0.8,SHPP09,Yes,DSCT.S1,192000000,SHPP09
77497,2019:06:01 02:59:23,01/06/2019,0.124572,African Civet,11,0.4-0.6,SHPP09,No,DSCT.S1,192000000,SHPP09
77498,2019:06:01 02:59:23,01/06/2019,0.124572,African Civet,11,0.4-0.6,SHPP09,No,DSCT.S1,192000000,SHPP09
77499,2019:06:01 02:59:23,01/06/2019,0.124572,African Civet,11,0.4-0.6,SHPP09,No,DSCT.S1,192000000,SHPP09
77500,2019:06:01 02:59:22,01/06/2019,0.12456,African Civet,11,0.6-0.8,SHPP09,No,DSCT.S1,192000000,SHPP09
77501,2019:06:01 02:59:22,01/06/2019,0.12456,African Civet,11,0.6-0.8,SHPP09,No,DSCT.S1,192000000,SHPP09
77502,2019:06:01 02:59:22,01/06/2019,0.12456,African Civet,12,0.6-0.8,SHPP09,Yes,DSCT.S1,192000000,SHPP09
80185,2019:06:05 22:21:03,05/06/2019,0.931285,Brown Hyena,9.5,0.2-0.4,HAPP13,No,DSCT.S1,192000000,HAPP13
80186,2019:06:05 22:21:03,05/06/2019,0.931285,Brown Hyena,9.5,0.4-0.6,HAPP13,No,DSCT.S1,192000000,HAPP13
80187,2019:06:05 22:21:02,05/06/2019,0.931273,Brown Hyena,9.5,0.6-0.8,HAPP13,No,DSCT.S1,192000000,HAPP13
80188,2019:06:05 22:21:02,05/06/2019,0.931273,Brown Hyena,10,0.6-0.8,HAPP13,No,DSCT.S1,192000000,HAPP13
80189,2019:06:05 22:21:02,05/06/2019,0.931273,Brown Hyena,11,0.8-1,HAPP13,No,DSCT.S1,192000000,HAPP13
80190,2019:06:05 22:21:02,05/06/2019,0.931273,Brown Hyena,11,0.8-1,HAPP13,Yes,DSCT.S1,192000000,HAPP13
80689,2019:06:01 02:47:12,01/06/2019,0.116111,Brown Hyena,15,0-0.2,HAPP13,No,DSCT.S1,192000000,HAPP13
80690,2019:06:01 02:47:12,01/06/2019,0.116111,Brown Hyena,15,0-0.2,HAPP13,No,DSCT.S1,192000000,HAPP13
80691,2019:06:01 02:47:12,01/06/2019,0.116111,Brown Hyena,15,0-0.2,HAPP13,No,DSCT.S1,192000000,HAPP13
80692,2019:06:01 02:47:11,01/06/2019,0.1161,Brown Hyena,16,0-0.2,HAPP13,No,DSCT.S1,192000000,HAPP13
80693,2019:06:01 02:47:11,01/06/2019,0.1161,Brown Hyena,17,0-0.2,HAPP13,No,DSCT.S1,192000000,HAPP13
80694,2019:06:01 02:47:11,01/06/2019,0.1161,Brown Hyena,18,0-0.2,HAPP13,Yes,DSCT.S1,192000000,HAPP13
81541,2019:06:01 03:32:18,01/06/2019,0.147431,Black Backed Jackal,7.5,0-0.2,HAPP17,No,DSCT.S1,192000000,HAPP17
81542,2019:06:01 03:32:18,01/06/2019,0.147431,Black Backed Jackal,8,0-0.2,HAPP17,No,DSCT.S1,192000000,HAPP17
81543,2019:06:01 03:32:17,01/06/2019,0.147419,Black Backed Jackal,8,0-0.2,HAPP17,No,DSCT.S1,192000000,HAPP17
81544,2019:06:01 03:32:17,01/06/2019,0.147419,Black Backed Jackal,8,0-0.2,HAPP17,No,DSCT.S1,192000000,HAPP17
81545,2019:06:01 03:32:17,01/06/2019,0.147419,Black Backed Jackal,8.5,0.2-0.4,HAPP17,No,DSCT.S1,192000000,HAPP17
81546,2019:06:01 03:32:16,01/06/2019,0.147407,Black Backed Jackal,8.5,0.4-0.6,HAPP17,Yes,DSCT.S1,192000000,HAPP17
83431,2019:06:04 19:49:52,04/06/2019,0.826296,Brown Hyena,8.5,0.8-1,GIPP21,No,DSCT.S1,192000000,GIPP21
83432,2019:06:04 19:49:52,04/06/2019,0.826296,Brown Hyena,8.5,0.8-1,GIPP21,No,DSCT.S1,192000000,GIPP21
83433,2019:06:04 19:49:51,04/06/2019,0.826285,Brown Hyena,9,0.6-0.8,GIPP21,No,DSCT.S1,192000000,GIPP21
83434,2019:06:04 19:49:51,04/06/2019,0.826285,Brown Hyena,9,0.6-0.8,GIPP21,No,DSCT.S1,192000000,GIPP21
83435,2019:06:04 19:49:51,04/06/2019,0.826285,Brown Hyena,9,0.6-0.8,GIPP21,No,DSCT.S1,192000000,GIPP21
83436,2019:06:04 19:49:50,04/06/2019,0.826273,Brown Hyena,9.5,0.4-0.6,GIPP21,No,DSCT.S1,192000000,GIPP21
83437,2019:06:04 19:49:40,04/06/2019,0.826157,Brown Hyena,18,0-0.2,GIPP21,No,DSCT.S1,192000000,GIPP21
83438,2019:06:04 19:49:39,04/06/2019,0.826146,Brown Hyena,18,0-0.2,GIPP21,No,DSCT.S1,192000000,GIPP21
83439,2019:06:04 19:49:39,04/06/2019,0.826146,Brown Hyena,18,0.2-0.4,GIPP21,No,DSCT.S1,192000000,GIPP21
83440,2019:06:04 19:49:39,04/06/2019,0.826146,Brown Hyena,19,0.2-0.4,GIPP21,No,DSCT.S1,192000000,GIPP21
83441,2019:06:04 19:49:39,04/06/2019,0.826146,Brown Hyena,19,0.2-0.4,GIPP21,No,DSCT.S1,192000000,GIPP21
83442,2019:06:04 19:49:38,04/06/2019,0.826134,Brown Hyena,19,0.4-0.6,GIPP21,No,DSCT.S1,192000000,GIPP21
83443,2019:06:04 19:49:30,04/06/2019,0.826042,Brown Hyena,22,0.6-0.8,GIPP21,No,DSCT.S1,192000000,GIPP21
83444,2019:06:04 19:49:30,04/06/2019,0.826042,Brown Hyena,22,0.6-0.8,GIPP21,No,DSCT.S1,192000000,GIPP21
83445,2019:06:04 19:49:29,04/06/2019,0.82603,Brown Hyena,23,0.6-0.8,GIPP21,No,DSCT.S1,192000000,GIPP21
83446,2019:06:04 19:49:29,04/06/2019,0.82603,Brown Hyena,24,0.6-0.8,GIPP21,No,DSCT.S1,192000000,GIPP21
83447,2019:06:04 19:49:29,04/06/2019,0.82603,Brown Hyena,24,0.6-0.8,GIPP21,No,DSCT.S1,192000000,GIPP21
83448,2019:06:04 19:49:29,04/06/2019,0.82603,Brown Hyena,25,0.6-0.8,GIPP21,Yes,DSCT.S1,192000000,GIPP21
87234,2019:08:28 00:37:35,28/08/2019,0.0261,Brown Hyena,15,0.8-1,HAPP18,No,DSCT.S1,192000000,HAPP18
87235,2019:08:28 00:37:35,28/08/2019,0.0261,Brown Hyena,15,0.8-1,HAPP18,No,DSCT.S1,192000000,HAPP18
87236,2019:08:28 00:37:35,28/08/2019,0.0261,Brown Hyena,15,0.8-1,HAPP18,No,DSCT.S1,192000000,HAPP18
87237,2019:08:28 00:37:35,28/08/2019,0.0261,Brown Hyena,15,0.8-1,HAPP18,No,DSCT.S1,192000000,HAPP18
87238,2019:08:28 00:37:28,28/08/2019,0.026019,Brown Hyena,3.5,0.4-0.6,HAPP18,No,DSCT.S1,192000000,HAPP18
87239,2019:08:28 00:37:27,28/08/2019,0.026007,Brown Hyena,4,0.4-0.6,HAPP18,No,DSCT.S1,192000000,HAPP18
87240,2019:08:28 00:37:27,28/08/2019,0.026007,Brown Hyena,4,0.4-0.6,HAPP18,Yes,DSCT.S1,192000000,HAPP18
87241,2019:08:28 00:37:27,28/08/2019,0.026007,Brown Hyena,4.5,0.4-0.6,HAPP18,No,DSCT.S1,192000000,HAPP18
87242,2019:08:28 00:37:27,28/08/2019,0.026007,Brown Hyena,4.5,0.4-0.6,HAPP18,No,DSCT.S1,192000000,HAPP18
87243,2019:08:28 00:37:26,28/08/2019,0.025995,Brown Hyena,5,0.4-0.6,HAPP18,No,DSCT.S1,192000000,HAPP18
87256,2019:08:28 00:37:02,28/08/2019,0.025718,Brown Hyena,8.5,0.2-0.4,HAPP18,No,DSCT.S1,192000000,HAPP18
87257,2019:08:28 00:37:02,28/08/2019,0.025718,Brown Hyena,9,0.2-0.4,HAPP18,No,DSCT.S1,192000000,HAPP18
87258,2019:08:28 00:37:01,28/08/2019,0.025706,Brown Hyena,9,0.2-0.4,HAPP18,No,DSCT.S1,192000000,HAPP18
87259,2019:08:28 00:37:01,28/08/2019,0.025706,Brown Hyena,9,0.2-0.4,HAPP18,No,DSCT.S1,192000000,HAPP18
87260,2019:08:28 00:37:01,28/08/2019,0.025706,Brown Hyena,9,0.2-0.4,HAPP18,No,DSCT.S1,192000000,HAPP18
87261,2019:08:28 00:37:01,28/08/2019,0.025706,Brown Hyena,9.5,0.2-0.4,HAPP18,Yes,DSCT.S1,192000000,HAPP18
87840,2019:08:29 01:34:48,29/08/2019,0.065833,Black Backed Jackal,9,0-0.2,HAPP17,No,DSCT.S1,192000000,HAPP17
87841,2019:08:29 01:34:48,29/08/2019,0.065833,Black Backed Jackal,8.5,0.2-0.4,HAPP17,No,DSCT.S1,192000000,HAPP17
87842,2019:08:29 01:34:48,29/08/2019,0.065833,Black Backed Jackal,8,0.2-0.4,HAPP17,No,DSCT.S1,192000000,HAPP17
87843,2019:08:29 01:34:47,29/08/2019,0.065822,Black Backed Jackal,8,0.2-0.4,HAPP17,No,DSCT.S1,192000000,HAPP17
87844,2019:08:29 01:34:47,29/08/2019,0.065822,Black Backed Jackal,7.5,0.4-0.6,HAPP17,No,DSCT.S1,192000000,HAPP17
87845,2019:08:29 01:34:47,29/08/2019,0.065822,Black Backed Jackal,7.5,0.4-0.6,HAPP17,Yes,DSCT.S1,192000000,HAPP17
87846,2019:08:28 22:07:50,28/08/2019,0.922106,African Civet,9.5,0-0.2,HAPP17,No,DSCT.S1,192000000,HAPP17
87847,2019:08:28 22:07:49,28/08/2019,0.922095,African Civet,10,0-0.2,HAPP17,No,DSCT.S1,192000000,HAPP17
87848,2019:08:28 22:07:49,28/08/2019,0.922095,African Civet,10,0-0.2,HAPP17,No,DSCT.S1,192000000,HAPP17
87849,2019:08:28 22:07:49,28/08/2019,0.922095,African Civet,11,0-0.2,HAPP17,No,DSCT.S1,192000000,HAPP17
87850,2019:08:28 22:07:48,28/08/2019,0.922083,African Civet,12,0.2-0.4,HAPP17,No,DSCT.S1,192000000,HAPP17
87851,2019:08:28 22:07:48,28/08/2019,0.922083,African Civet,13,0.2-0.4,HAPP17,Yes,DSCT.S1,192000000,HAPP17
88080,2019:08:26 19:33:35,26/08/2019,0.814988,Black Backed Jackal,11,0.4-0.6,HAPP17,No,DSCT.S1,192000000,HAPP17
88081,2019:08:26 19:33:35,26/08/2019,0.814988,Black Backed Jackal,11,0.4-0.6,HAPP17,No,DSCT.S1,192000000,HAPP17
88082,2019:08:26 19:33:35,26/08/2019,0.814988,Black Backed Jackal,10,0.4-0.6,HAPP17,No,DSCT.S1,192000000,HAPP17
88083,2019:08:26 19:33:34,26/08/2019,0.814977,Black Backed Jackal,11,0.4-0.6,HAPP17,No,DSCT.S1,192000000,HAPP17
88084,2019:08:26 19:33:34,26/08/2019,0.814977,Black Backed Jackal,10,0.6-0.8,HAPP17,No,DSCT.S1,192000000,HAPP17
88085,2019:08:26 19:33:34,26/08/2019,0.814977,Black Backed Jackal,9.5,0.4-0.6,HAPP17,No,DSCT.S1,192000000,HAPP17
88086,2019:08:26 19:28:20,26/08/2019,0.811343,Black Backed Jackal,7,0.6-0.8,HAPP17,No,DSCT.S1,192000000,HAPP17
88087,2019:08:26 19:28:20,26/08/2019,0.811343,Black Backed Jackal,7,0.4-0.6,HAPP17,No,DSCT.S1,192000000,HAPP17
88088,2019:08:26 19:28:20,26/08/2019,0.811343,Black Backed Jackal,7.5,0.4-0.6,HAPP17,No,DSCT.S1,192000000,HAPP17
88089,2019:08:26 19:28:20,26/08/2019,0.811343,Black Backed Jackal,8,0.2-0.4,HAPP17,No,DSCT.S1,192000000,HAPP17
88090,2019:08:26 19:28:19,26/08/2019,0.811331,Black Backed Jackal,9,0.2-0.4,HAPP17,No,DSCT.S1,192000000,HAPP17
88091,2019:08:26 19:28:19,26/08/2019,0.811331,Black Backed Jackal,9.5,0-0.2,HAPP17,Yes,DSCT.S1,192000000,HAPP17
88092,2019:08:26 18:56:09,26/08/2019,0.788993,Black Backed Jackal,7,0.6-0.8,HAPP17,No,DSCT.S1,192000000,HAPP17
88093,2019:08:26 18:56:08,26/08/2019,0.788981,Black Backed Jackal,7,0.4-0.6,HAPP17,No,DSCT.S1,192000000,HAPP17
88094,2019:08:26 18:56:08,26/08/2019,0.788981,Black Backed Jackal,7.5,0.4-0.6,HAPP17,No,DSCT.S1,192000000,HAPP17
88095,2019:08:26 18:56:08,26/08/2019,0.788981,Black Backed Jackal,8,0.2-0.4,HAPP17,No,DSCT.S1,192000000,HAPP17
88096,2019:08:26 18:56:08,26/08/2019,0.788981,Black Backed Jackal,8.5,0.2-0.4,HAPP17,No,DSCT.S1,192000000,HAPP17
88097,2019:08:26 18:56:07,26/08/2019,0.78897,Black Backed Jackal,9.5,0-0.2,HAPP17,Yes,DSCT.S1,192000000,HAPP17
91373,2019:08:29 23:18:09,29/08/2019,0.970938,Black Backed Jackal,14,0.2-0.4,HAPP20,No,DSCT.S1,192000000,HAPP20
91374,2019:08:29 23:18:09,29/08/2019,0.970938,Black Backed Jackal,14,0.2-0.4,HAPP20,No,DSCT.S1,192000000,HAPP20
91375,2019:08:29 23:18:08,29/08/2019,0.970926,Black Backed Jackal,15,0.2-0.4,HAPP20,No,DSCT.S1,192000000,HAPP20
91376,2019:08:29 23:18:08,29/08/2019,0.970926,Black Backed Jackal,15,0.2-0.4,HAPP20,No,DSCT.S1,192000000,HAPP20
91377,2019:08:29 23:18:08,29/08/2019,0.970926,Black Backed Jackal,15,0.2-0.4,HAPP20,No,DSCT.S1,192000000,HAPP20
91378,2019:08:29 23:18:07,29/08/2019,0.970914,Black Backed Jackal,15,0.2-0.4,HAPP20,No,DSCT.S1,192000000,HAPP20
91403,2019:08:29 22:56:36,29/08/2019,0.955972,Black Backed Jackal,17,0.4-0.6,HAPP20,No,DSCT.S1,192000000,HAPP20
91404,2019:08:29 22:56:35,29/08/2019,0.955961,Black Backed Jackal,17,0.4-0.6,HAPP20,No,DSCT.S1,192000000,HAPP20
91405,2019:08:29 22:56:35,29/08/2019,0.955961,Black Backed Jackal,16,0.4-0.6,HAPP20,No,DSCT.S1,192000000,HAPP20
91406,2019:08:29 22:56:35,29/08/2019,0.955961,Black Backed Jackal,16,0.4-0.6,HAPP20,No,DSCT.S1,192000000,HAPP20
91407,2019:08:29 22:56:34,29/08/2019,0.955949,Black Backed Jackal,16,0.2-0.4,HAPP20,No,DSCT.S1,192000000,HAPP20
91408,2019:08:29 22:56:34,29/08/2019,0.955949,Black Backed Jackal,16,0.2-0.4,HAPP20,No,DSCT.S1,192000000,HAPP20
91409,2019:08:29 22:55:59,29/08/2019,0.955544,Black Backed Jackal,8,0-0.2,HAPP20,No,DSCT.S1,192000000,HAPP20
91410,2019:08:29 22:55:58,29/08/2019,0.955532,Black Backed Jackal,7.5,0-0.2,HAPP20,No,DSCT.S1,192000000,HAPP20
91411,2019:08:29 22:55:58,29/08/2019,0.955532,Black Backed Jackal,7,0-0.2,HAPP20,No,DSCT.S1,192000000,HAPP20
91412,2019:08:29 22:55:58,29/08/2019,0.955532,Black Backed Jackal,7,0.2-0.4,HAPP20,No,DSCT.S1,192000000,HAPP20
91413,2019:08:29 22:55:58,29/08/2019,0.955532,Black Backed Jackal,6.5,0.2-0.4,HAPP20,No,DSCT.S1,192000000,HAPP20
91414,2019:08:29 22:55:57,29/08/2019,0.955521,Black Backed Jackal,6,0.2-0.4,HAPP20,Yes,DSCT.S1,192000000,HAPP20
91415,2019:08:29 22:35:44,29/08/2019,0.941481,African Civet,13,0-0.2,HAPP20,No,DSCT.S1,192000000,HAPP20
91416,2019:08:29 22:35:44,29/08/2019,0.941481,African Civet,13,0-0.2,HAPP20,No,DSCT.S1,192000000,HAPP20
91417,2019:08:29 22:35:43,29/08/2019,0.94147,African Civet,12,0-0.2,HAPP20,No,DSCT.S1,192000000,HAPP20
91418,2019:08:29 22:35:43,29/08/2019,0.94147,African Civet,12,0-0.2,HAPP20,No,DSCT.S1,192000000,HAPP20
91419,2019:08:29 22:35:43,29/08/2019,0.94147,African Civet,12,0-0.2,HAPP20,No,DSCT.S1,192000000,HAPP20
91420,2019:08:29 22:35:43,29/08/2019,0.94147,African Civet,12,0.2-0.4,HAPP20,Yes,DSCT.S1,192000000,HAPP20
91439,2019:08:29 20:18:37,29/08/2019,0.846262,African Civet,8.5,0.2-0.4,HAPP20,No,DSCT.S1,192000000,HAPP20
91440,2019:08:29 20:18:37,29/08/2019,0.846262,African Civet,9,0.4-0.6,HAPP20,No,DSCT.S1,192000000,HAPP20
91441,2019:08:29 20:18:37,29/08/2019,0.846262,African Civet,9.5,0.4-0.6,HAPP20,No,DSCT.S1,192000000,HAPP20
91442,2019:08:29 20:18:36,29/08/2019,0.84625,African Civet,9.5,0.4-0.6,HAPP20,No,DSCT.S1,192000000,HAPP20
91443,2019:08:29 20:18:36,29/08/2019,0.84625,African Civet,10,0.4-0.6,HAPP20,No,DSCT.S1,192000000,HAPP20
91444,2019:08:29 20:18:36,29/08/2019,0.84625,African Civet,11,0.6-0.8,HAPP20,Yes,DSCT.S1,192000000,HAPP20
91817,2019:08:29 06:43:51,29/08/2019,0.280451,Black Backed Jackal,26+,0.6-0.8,HAPP20,No,DSCT.S1,192000000,HAPP20
91818,2019:08:29 06:43:50,29/08/2019,0.28044,Black Backed Jackal,26+,0.6-0.8,HAPP20,No,DSCT.S1,192000000,HAPP20
91819,2019:08:29 06:43:50,29/08/2019,0.28044,Black Backed Jackal,26+,0.6-0.8,HAPP20,No,DSCT.S1,192000000,HAPP20
91820,2019:08:29 06:43:50,29/08/2019,0.28044,Black Backed Jackal,26+,0.6-0.8,HAPP20,No,DSCT.S1,192000000,HAPP20
91821,2019:08:29 06:43:49,29/08/2019,0.280428,Black Backed Jackal,26+,0.6-0.8,HAPP20,No,DSCT.S1,192000000,HAPP20
91822,2019:08:29 06:43:49,29/08/2019,0.280428,Black Backed Jackal,26+,0.8-1,HAPP20,No,DSCT.S1,192000000,HAPP20
91823,2019:08:29 06:43:41,29/08/2019,0.280336,Black Backed Jackal,26+,0-0.2,HAPP20,No,DSCT.S1,192000000,HAPP20
91824,2019:08:29 06:43:41,29/08/2019,0.280336,Black Backed Jackal,26+,0-0.2,HAPP20,No,DSCT.S1,192000000,HAPP20
91825,2019:08:29 06:43:41,29/08/2019,0.280336,Black Backed Jackal,26+,0-0.2,HAPP20,No,DSCT.S1,192000000,HAPP20
91826,2019:08:29 06:43:40,29/08/2019,0.280324,Black Backed Jackal,26+,0-0.2,HAPP20,No,DSCT.S1,192000000,HAPP20
91827,2019:08:29 06:43:40,29/08/2019,0.280324,Black Backed Jackal,24,0-0.2,HAPP20,No,DSCT.S1,192000000,HAPP20
91828,2019:08:29 06:43:39,29/08/2019,0.280313,Black Backed Jackal,22,0-0.2,HAPP20,No,DSCT.S1,192000000,HAPP20
91829,2019:08:29 06:42:12,29/08/2019,0.279306,Black Backed Jackal,15,0.2-0.4,HAPP20,No,DSCT.S1,192000000,HAPP20
91830,2019:08:29 06:42:11,29/08/2019,0.279294,Black Backed Jackal,14,0.4-0.6,HAPP20,No,DSCT.S1,192000000,HAPP20
91831,2019:08:29 06:42:11,29/08/2019,0.279294,Black Backed Jackal,14,0.4-0.6,HAPP20,No,DSCT.S1,192000000,HAPP20
91832,2019:08:29 06:42:10,29/08/2019,0.279282,Black Backed Jackal,13,0.4-0.6,HAPP20,No,DSCT.S1,192000000,HAPP20
91833,2019:08:29 06:42:10,29/08/2019,0.279282,Black Backed Jackal,13,0.6-0.8,HAPP20,No,DSCT.S1,192000000,HAPP20
91834,2019:08:29 06:42:10,29/08/2019,0.279282,Black Backed Jackal,14,0.8-1,HAPP20,Yes,DSCT.S1,192000000,HAPP20
91835,2019:08:29 06:39:54,29/08/2019,0.277708,Black Backed Jackal,20,0.4-0.6,HAPP20,No,DSCT.S1,192000000,HAPP20
91836,2019:08:29 06:39:54,29/08/2019,0.277708,Black Backed Jackal,20,0.4-0.6,HAPP20,No,DSCT.S1,192000000,HAPP20
91837,2019:08:29 06:39:53,29/08/2019,0.277697,Black Backed Jackal,19,0.4-0.6,HAPP20,No,DSCT.S1,192000000,HAPP20
91838,2019:08:29 06:39:53,29/08/2019,0.277697,Black Backed Jackal,18,0.2-0.4,HAPP20,No,DSCT.S1,192000000,HAPP20
91839,2019:08:29 06:39:53,29/08/2019,0.277697,Black Backed Jackal,18,0.2-0.4,HAPP20,No,DSCT.S1,192000000,HAPP20
91840,2019:08:29 06:39:52,29/08/2019,0.277685,Black Backed Jackal,18,0.2-0.4,HAPP20,Yes,DSCT.S1,192000000,HAPP20
91931,2019:08:29 04:06:41,29/08/2019,0.171308,Black Backed Jackal,19,0.4-0.6,HAPP20,No,DSCT.S1,192000000,HAPP20
91932,2019:08:29 04:06:41,29/08/2019,0.171308,Black Backed Jackal,18,0.4-0.6,HAPP20,No,DSCT.S1,192000000,HAPP20
91933,2019:08:29 04:06:41,29/08/2019,0.171308,Black Backed Jackal,17,0.4-0.6,HAPP20,No,DSCT.S1,192000000,HAPP20
91934,2019:08:29 04:06:40,29/08/2019,0.171296,Black Backed Jackal,17,0.4-0.6,HAPP20,No,DSCT.S1,192000000,HAPP20
91935,2019:08:29 04:06:40,29/08/2019,0.171296,Black Backed Jackal,16,0.4-0.6,HAPP20,No,DSCT.S1,192000000,HAPP20
91936,2019:08:29 04:06:40,29/08/2019,0.171296,Black Backed Jackal,15,0.2-0.4,HAPP20,No,DSCT.S1,192000000,HAPP20
91937,2019:08:29 04:06:28,29/08/2019,0.171157,Black Backed Jackal,7,0-0.2,HAPP20,No,DSCT.S1,192000000,HAPP20
91938,2019:08:29 04:06:27,29/08/2019,0.171146,Black Backed Jackal,7,0-0.2,HAPP20,No,DSCT.S1,192000000,HAPP20
91939,2019:08:29 04:06:27,29/08/2019,0.171146,Black Backed Jackal,6.5,0-0.2,HAPP20,No,DSCT.S1,192000000,HAPP20
91940,2019:08:29 04:06:27,29/08/2019,0.171146,Black Backed Jackal,6.5,0-0.2,HAPP20,No,DSCT.S1,192000000,HAPP20
91941,2019:08:29 04:06:27,29/08/2019,0.171146,Black Backed Jackal,6,0-0.2,HAPP20,No,DSCT.S1,192000000,HAPP20
91942,2019:08:29 04:06:26,29/08/2019,0.171134,Black Backed Jackal,6,0.2-0.4,HAPP20,Yes,DSCT.S1,192000000,HAPP20
91943,2019:08:29 03:56:12,29/08/2019,0.164028,African Civet,11,0-0.2,HAPP20,No,DSCT.S1,192000000,HAPP20
91944,2019:08:29 03:56:12,29/08/2019,0.164028,African Civet,11,0-0.2,HAPP20,No,DSCT.S1,192000000,HAPP20
91945,2019:08:29 03:56:12,29/08/2019,0.164028,African Civet,12,0-0.2,HAPP20,No,DSCT.S1,192000000,HAPP20
91946,2019:08:29 03:56:11,29/08/2019,0.164016,African Civet,12,0-0.2,HAPP20,No,DSCT.S1,192000000,HAPP20
91947,2019:08:29 03:56:11,29/08/2019,0.164016,African Civet,12,0-0.2,HAPP20,No,DSCT.S1,192000000,HAPP20
91948,2019:08:29 03:56:11,29/08/2019,0.164016,African Civet,13,0-0.2,HAPP20,Yes,DSCT.S1,192000000,HAPP20
91955,2019:08:29 03:07:20,29/08/2019,0.130093,African Civet,7.5,0.2-0.4,HAPP20,No,DSCT.S1,192000000,HAPP20
91956,2019:08:29 03:07:19,29/08/2019,0.130081,African Civet,7.5,0.2-0.4,HAPP20,No,DSCT.S1,192000000,HAPP20
91957,2019:08:29 03:07:19,29/08/2019,0.130081,African Civet,7.5,0.2-0.4,HAPP20,No,DSCT.S1,192000000,HAPP20
91958,2019:08:29 03:07:19,29/08/2019,0.130081,African Civet,7,0.2-0.4,HAPP20,No,DSCT.S1,192000000,HAPP20
91959,2019:08:29 03:07:19,29/08/2019,0.130081,African Civet,7,0.4-0.6,HAPP20,No,DSCT.S1,192000000,HAPP20
91960,2019:08:29 03:07:18,29/08/2019,0.130069,African Civet,7,0.4-0.6,HAPP20,Yes,DSCT.S1,192000000,HAPP20
91991,2019:08:28 21:16:38,28/08/2019,0.886551,African Civet,9,0.2-0.4,HAPP20,No,DSCT.S1,192000000,HAPP20
91992,2019:08:28 21:16:37,28/08/2019,0.886539,African Civet,9.5,0.4-0.6,HAPP20,No,DSCT.S1,192000000,HAPP20
91993,2019:08:28 21:16:37,28/08/2019,0.886539,African Civet,9.5,0.4-0.6,HAPP20,No,DSCT.S1,192000000,HAPP20
91994,2019:08:28 21:16:37,28/08/2019,0.886539,African Civet,10,0.4-0.6,HAPP20,No,DSCT.S1,192000000,HAPP20
91995,2019:08:28 21:16:37,28/08/2019,0.886539,African Civet,11,0.4-0.6,HAPP20,No,DSCT.S1,192000000,HAPP20
91996,2019:08:28 21:16:36,28/08/2019,0.886528,African Civet,11,0.6-0.8,HAPP20,Yes,DSCT.S1,192000000,HAPP20
92393,2019:08:28 07:27:31,28/08/2019,0.310775,Black Backed Jackal,14,0-0.2,HAPP20,No,DSCT.S1,192000000,HAPP20
92394,2019:08:28 07:27:31,28/08/2019,0.310775,Black Backed Jackal,15,0-0.2,HAPP20,No,DSCT.S1,192000000,HAPP20
92395,2019:08:28 07:27:30,28/08/2019,0.310764,Black Backed Jackal,15,0-0.2,HAPP20,No,DSCT.S1,192000000,HAPP20
92396,2019:08:28 07:27:30,28/08/2019,0.310764,Black Backed Jackal,15,0-0.2,HAPP20,No,DSCT.S1,192000000,HAPP20
92397,2019:08:28 07:27:29,28/08/2019,0.310752,Black Backed Jackal,15,0.2-0.4,HAPP20,No,DSCT.S1,192000000,HAPP20
92398,2019:08:28 07:27:29,28/08/2019,0.310752,Black Backed Jackal,16,0.4-0.6,HAPP20,No,DSCT.S1,192000000,HAPP20
92399,2019:08:28 07:25:13,28/08/2019,0.309178,Black Backed Jackal,13,0-0.2,HAPP20,No,DSCT.S1,192000000,HAPP20
92400,2019:08:28 07:25:13,28/08/2019,0.309178,Black Backed Jackal,13,0-0.2,HAPP20,No,DSCT.S1,192000000,HAPP20
92401,2019:08:28 07:25:13,28/08/2019,0.309178,Black Backed Jackal,13,0-0.2,HAPP20,No,DSCT.S1,192000000,HAPP20
92402,2019:08:28 07:25:12,28/08/2019,0.309167,Black Backed Jackal,13,0-0.2,HAPP20,No,DSCT.S1,192000000,HAPP20
92403,2019:08:28 07:25:12,28/08/2019,0.309167,Black Backed Jackal,13,0.2-0.4,HAPP20,No,DSCT.S1,192000000,HAPP20
92404,2019:08:28 07:25:11,28/08/2019,0.309155,Black Backed Jackal,13,0.2-0.4,HAPP20,Yes,DSCT.S1,192000000,HAPP20
92465,2019:08:28 06:52:53,28/08/2019,0.286725,Black Backed Jackal,12,0-0.2,HAPP20,No,DSCT.S1,192000000,HAPP20
92466,2019:08:28 06:52:53,28/08/2019,0.286725,Black Backed Jackal,12,0-0.2,HAPP20,No,DSCT.S1,192000000,HAPP20
92467,2019:08:28 06:52:52,28/08/2019,0.286713,Black Backed Jackal,11,0.2-0.4,HAPP20,No,DSCT.S1,192000000,HAPP20
92468,2019:08:28 06:52:52,28/08/2019,0.286713,Black Backed Jackal,11,0.2-0.4,HAPP20,No,DSCT.S1,192000000,HAPP20
92469,2019:08:28 06:52:52,28/08/2019,0.286713,Black Backed Jackal,11,0.4-0.6,HAPP20,No,DSCT.S1,192000000,HAPP20
92470,2019:08:28 06:52:51,28/08/2019,0.286701,Black Backed Jackal,11,0.4-0.6,HAPP20,Yes,DSCT.S1,192000000,HAPP20
92477,2019:08:28 02:56:33,28/08/2019,0.122604,African Civet,13,0.4-0.6,HAPP20,No,DSCT.S1,192000000,HAPP20
92478,2019:08:28 02:56:33,28/08/2019,0.122604,African Civet,13,0.4-0.6,HAPP20,No,DSCT.S1,192000000,HAPP20
92479,2019:08:28 02:56:33,28/08/2019,0.122604,African Civet,13,0.4-0.6,HAPP20,No,DSCT.S1,192000000,HAPP20
92480,2019:08:28 02:56:32,28/08/2019,0.122593,African Civet,13,0.4-0.6,HAPP20,No,DSCT.S1,192000000,HAPP20
92481,2019:08:28 02:56:32,28/08/2019,0.122593,African Civet,12,0.4-0.6,HAPP20,No,DSCT.S1,192000000,HAPP20
92482,2019:08:28 02:56:32,28/08/2019,0.122593,African Civet,12,0.4-0.6,HAPP20,No,DSCT.S1,192000000,HAPP20
92483,2019:08:28 02:56:24,28/08/2019,0.1225,African Civet,9.5,0-0.2,HAPP20,No,DSCT.S1,192000000,HAPP20
92484,2019:08:28 02:56:24,28/08/2019,0.1225,African Civet,9.5,0-0.2,HAPP20,No,DSCT.S1,192000000,HAPP20
92485,2019:08:28 02:56:24,28/08/2019,0.1225,African Civet,9.5,0-0.2,HAPP20,No,DSCT.S1,192000000,HAPP20
92486,2019:08:28 02:56:23,28/08/2019,0.122488,African Civet,9.5,0-0.2,HAPP20,No,DSCT.S1,192000000,HAPP20
92487,2019:08:28 02:56:23,28/08/2019,0.122488,African Civet,9.5,0-0.2,HAPP20,No,DSCT.S1,192000000,HAPP20
92488,2019:08:28 02:56:23,28/08/2019,0.122488,African Civet,9.5,0-0.2,HAPP20,No,DSCT.S1,192000000,HAPP20
92489,2019:08:28 02:56:15,28/08/2019,0.122396,African Civet,7.5,0.2-0.4,HAPP20,No,DSCT.S1,192000000,HAPP20
92490,2019:08:28 02:56:15,28/08/2019,0.122396,African Civet,7.5,0.2-0.4,HAPP20,No,DSCT.S1,192000000,HAPP20
92491,2019:08:28 02:56:15,28/08/2019,0.122396,African Civet,7,0.4-0.6,HAPP20,No,DSCT.S1,192000000,HAPP20
92492,2019:08:28 02:56:14,28/08/2019,0.122384,African Civet,7,0.4-0.6,HAPP20,No,DSCT.S1,192000000,HAPP20
92493,2019:08:28 02:56:14,28/08/2019,0.122384,African Civet,7,0.4-0.6,HAPP20,No,DSCT.S1,192000000,HAPP20
92494,2019:08:28 02:56:14,28/08/2019,0.122384,African Civet,7,0.4-0.6,HAPP20,Yes,DSCT.S1,192000000,HAPP20
92495,2019:08:28 02:13:31,28/08/2019,0.09272,African Civet,13,0-0.2,HAPP20,No,DSCT.S1,192000000,HAPP20
92496,2019:08:28 02:13:31,28/08/2019,0.09272,African Civet,12,0-0.2,HAPP20,No,DSCT.S1,192000000,HAPP20
92497,2019:08:28 02:13:31,28/08/2019,0.09272,African Civet,12,0-0.2,HAPP20,No,DSCT.S1,192000000,HAPP20
92498,2019:08:28 02:13:30,28/08/2019,0.092708,African Civet,12,0-0.2,HAPP20,No,DSCT.S1,192000000,HAPP20
92499,2019:08:28 02:13:30,28/08/2019,0.092708,African Civet,12,0-0.2,HAPP20,No,DSCT.S1,192000000,HAPP20
92500,2019:08:28 02:13:30,28/08/2019,0.092708,African Civet,12,0.2-0.4,HAPP20,Yes,DSCT.S1,192000000,HAPP20
92513,2019:08:28 01:06:50,28/08/2019,0.046412,Black Backed Jackal,6,0.4-0.6,HAPP20,No,DSCT.S1,192000000,HAPP20
92514,2019:08:28 01:06:49,28/08/2019,0.0464,Black Backed Jackal,6,0.4-0.6,HAPP20,No,DSCT.S1,192000000,HAPP20
92515,2019:08:28 01:06:49,28/08/2019,0.0464,Black Backed Jackal,5.5,0.4-0.6,HAPP20,No,DSCT.S1,192000000,HAPP20
92516,2019:08:28 01:06:49,28/08/2019,0.0464,Black Backed Jackal,5.5,0.4-0.6,HAPP20,No,DSCT.S1,192000000,HAPP20
92517,2019:08:28 01:06:49,28/08/2019,0.0464,Black Backed Jackal,5,0.4-0.6,HAPP20,No,DSCT.S1,192000000,HAPP20
92518,2019:08:28 01:06:48,28/08/2019,0.046389,Black Backed Jackal,5,0.4-0.6,HAPP20,No,DSCT.S1,192000000,HAPP20
92519,2019:08:28 00:53:31,28/08/2019,0.037164,Black Backed Jackal,18,0-0.2,HAPP20,No,DSCT.S1,192000000,HAPP20
92520,2019:08:28 00:53:31,28/08/2019,0.037164,Black Backed Jackal,18,0.2-0.4,HAPP20,No,DSCT.S1,192000000,HAPP20
92521,2019:08:28 00:53:30,28/08/2019,0.037153,Black Backed Jackal,17,0.2-0.4,HAPP20,No,DSCT.S1,192000000,HAPP20
92522,2019:08:28 00:53:30,28/08/2019,0.037153,Black Backed Jackal,17,0.2-0.4,HAPP20,No,DSCT.S1,192000000,HAPP20
92523,2019:08:28 00:53:30,28/08/2019,0.037153,Black Backed Jackal,16,0.4-0.6,HAPP20,No,DSCT.S1,192000000,HAPP20
92524,2019:08:28 00:53:29,28/08/2019,0.037141,Black Backed Jackal,16,0.4-0.6,HAPP20,No,DSCT.S1,192000000,HAPP20
92525,2019:08:28 00:50:33,28/08/2019,0.035104,Black Backed Jackal,9.5,0.2-0.4,HAPP20,No,DSCT.S1,192000000,HAPP20
92526,2019:08:28 00:50:33,28/08/2019,0.035104,Black Backed Jackal,9.5,0.2-0.4,HAPP20,No,DSCT.S1,192000000,HAPP20
92527,2019:08:28 00:50:32,28/08/2019,0.035093,Black Backed Jackal,9.5,0.2-0.4,HAPP20,No,DSCT.S1,192000000,HAPP20
92528,2019:08:28 00:50:32,28/08/2019,0.035093,Black Backed Jackal,9,0.4-0.6,HAPP20,No,DSCT.S1,192000000,HAPP20
92529,2019:08:28 00:50:32,28/08/2019,0.035093,Black Backed Jackal,9,0.4-0.6,HAPP20,No,DSCT.S1,192000000,HAPP20
92530,2019:08:28 00:50:32,28/08/2019,0.035093,Black Backed Jackal,8.5,0.4-0.6,HAPP20,Yes,DSCT.S1,192000000,HAPP20
92531,2019:08:27 20:13:12,27/08/2019,0.8425,Caracal,11,0-0.2,HAPP20,No,DSCT.S1,192000000,HAPP20
92532,2019:08:27 20:13:12,27/08/2019,0.8425,Caracal,11,0-0.2,HAPP20,No,DSCT.S1,192000000,HAPP20
92533,2019:08:27 20:13:11,27/08/2019,0.842488,Caracal,11,0-0.2,HAPP20,No,DSCT.S1,192000000,HAPP20
92534,2019:08:27 20:13:11,27/08/2019,0.842488,Caracal,11,0-0.2,HAPP20,No,DSCT.S1,192000000,HAPP20
92535,2019:08:27 20:13:11,27/08/2019,0.842488,Caracal,11,0-0.2,HAPP20,No,DSCT.S1,192000000,HAPP20
92536,2019:08:27 20:13:11,27/08/2019,0.842488,Caracal,11,0.2-0.4,HAPP20,No,DSCT.S1,192000000,HAPP20
92537,2019:08:27 19:57:17,27/08/2019,0.831447,Caracal,9,0.6-0.8,HAPP20,No,DSCT.S1,192000000,HAPP20
92538,2019:08:27 19:57:17,27/08/2019,0.831447,Caracal,9,0.6-0.8,HAPP20,No,DSCT.S1,192000000,HAPP20
92539,2019:08:27 19:57:17,27/08/2019,0.831447,Caracal,9,0.4-0.6,HAPP20,No,DSCT.S1,192000000,HAPP20
92540,2019:08:27 19:57:16,27/08/2019,0.831435,Caracal,9,0.4-0.6,HAPP20,No,DSCT.S1,192000000,HAPP20
92541,2019:08:27 19:57:16,27/08/2019,0.831435,Caracal,9.5,0.4-0.6,HAPP20,No,DSCT.S1,192000000,HAPP20
92542,2019:08:27 19:57:16,27/08/2019,0.831435,Caracal,9.5,0.4-0.6,HAPP20,No,DSCT.S1,192000000,HAPP20
92543,2019:08:27 19:57:05,27/08/2019,0.831308,Caracal,10,0-0.2,HAPP20,No,DSCT.S1,192000000,HAPP20
92544,2019:08:27 19:57:05,27/08/2019,0.831308,Caracal,10,0-0.2,HAPP20,No,DSCT.S1,192000000,HAPP20
92545,2019:08:27 19:57:05,27/08/2019,0.831308,Caracal,11,0-0.2,HAPP20,No,DSCT.S1,192000000,HAPP20
92546,2019:08:27 19:57:05,27/08/2019,0.831308,Caracal,11,0-0.2,HAPP20,No,DSCT.S1,192000000,HAPP20
92547,2019:08:27 19:57:04,27/08/2019,0.831296,Caracal,11,0-0.2,HAPP20,No,DSCT.S1,192000000,HAPP20
92548,2019:08:27 19:57:04,27/08/2019,0.831296,Caracal,11,0-0.2,HAPP20,Yes,DSCT.S1,192000000,HAPP20
93299,2019:08:27 01:37:48,27/08/2019,0.067917,African Civet,7,0.8-1,HAPP20,No,DSCT.S1,192000000,HAPP20
93300,2019:08:27 01:37:48,27/08/2019,0.067917,African Civet,7,0.6-0.8,HAPP20,No,DSCT.S1,192000000,HAPP20
93301,2019:08:27 01:37:48,27/08/2019,0.067917,African Civet,7,0.6-0.8,HAPP20,No,DSCT.S1,192000000,HAPP20
93302,2019:08:27 01:37:47,27/08/2019,0.067905,African Civet,7,0.6-0.8,HAPP20,No,DSCT.S1,192000000,HAPP20
93303,2019:08:27 01:37:47,27/08/2019,0.067905,African Civet,7,0.4-0.6,HAPP20,No,DSCT.S1,192000000,HAPP20
93304,2019:08:27 01:37:47,27/08/2019,0.067905,African Civet,7,0.4-0.6,HAPP20,No,DSCT.S1,192000000,HAPP20
93305,2019:08:27 01:37:19,27/08/2019,0.067581,African Civet,12,0.4-0.6,HAPP20,No,DSCT.S1,192000000,HAPP20
93306,2019:08:27 01:37:19,27/08/2019,0.067581,African Civet,12,0.2-0.4,HAPP20,No,DSCT.S1,192000000,HAPP20
93307,2019:08:27 01:37:18,27/08/2019,0.067569,African Civet,13,0.2-0.4,HAPP20,No,DSCT.S1,192000000,HAPP20
93308,2019:08:27 01:37:18,27/08/2019,0.067569,African Civet,13,0.2-0.4,HAPP20,No,DSCT.S1,192000000,HAPP20
93309,2019:08:27 01:37:18,27/08/2019,0.067569,African Civet,13,0.2-0.4,HAPP20,No,DSCT.S1,192000000,HAPP20
93310,2019:08:27 01:37:17,27/08/2019,0.067558,African Civet,13,0.2-0.4,HAPP20,Yes,DSCT.S1,192000000,HAPP20
93335,2019:08:27 00:39:06,27/08/2019,0.027153,African Civet,11,0-0.2,HAPP20,No,DSCT.S1,192000000,HAPP20
93336,2019:08:27 00:39:06,27/08/2019,0.027153,African Civet,11,0-0.2,HAPP20,No,DSCT.S1,192000000,HAPP20
93337,2019:08:27 00:39:05,27/08/2019,0.027141,African Civet,11,0-0.2,HAPP20,No,DSCT.S1,192000000,HAPP20
93338,2019:08:27 00:39:05,27/08/2019,0.027141,African Civet,11,0-0.2,HAPP20,No,DSCT.S1,192000000,HAPP20
93339,2019:08:27 00:39:05,27/08/2019,0.027141,African Civet,11,0-0.2,HAPP20,No,DSCT.S1,192000000,HAPP20
93340,2019:08:27 00:39:05,27/08/2019,0.027141,African Civet,10,0.2-0.4,HAPP20,No,DSCT.S1,192000000,HAPP20
93341,2019:08:27 00:38:58,27/08/2019,0.02706,African Civet,10,0.4-0.6,HAPP20,No,DSCT.S1,192000000,HAPP20
93342,2019:08:27 00:38:57,27/08/2019,0.027049,African Civet,10,0.4-0.6,HAPP20,No,DSCT.S1,192000000,HAPP20
93343,2019:08:27 00:38:57,27/08/2019,0.027049,African Civet,10,0.4-0.6,HAPP20,No,DSCT.S1,192000000,HAPP20
93344,2019:08:27 00:38:57,27/08/2019,0.027049,African Civet,10,0.4-0.6,HAPP20,No,DSCT.S1,192000000,HAPP20
93345,2019:08:27 00:38:56,27/08/2019,0.027037,African Civet,10,0.4-0.6,HAPP20,No,DSCT.S1,192000000,HAPP20
93346,2019:08:27 00:38:56,27/08/2019,0.027037,African Civet,10,0.6-0.8,HAPP20,Yes,DSCT.S1,192000000,HAPP20
93347,2019:08:27 00:21:05,27/08/2019,0.014641,Black Backed Jackal,17,0.4-0.6,HAPP20,No,DSCT.S1,192000000,HAPP20
93348,2019:08:27 00:21:05,27/08/2019,0.014641,Black Backed Jackal,16,0.4-0.6,HAPP20,No,DSCT.S1,192000000,HAPP20
93349,2019:08:27 00:21:04,27/08/2019,0.01463,Black Backed Jackal,16,0.4-0.6,HAPP20,No,DSCT.S1,192000000,HAPP20
93350,2019:08:27 00:21:04,27/08/2019,0.01463,Black Backed Jackal,16,0.4-0.6,HAPP20,No,DSCT.S1,192000000,HAPP20
93351,2019:08:27 00:21:04,27/08/2019,0.01463,Black Backed Jackal,15,0.4-0.6,HAPP20,No,DSCT.S1,192000000,HAPP20
93352,2019:08:27 00:21:04,27/08/2019,0.01463,Black Backed Jackal,15,0.2-0.4,HAPP20,Yes,DSCT.S1,192000000,HAPP20
93365,2019:08:26 20:39:06,26/08/2019,0.860486,African Civet,7,0.4-0.6,HAPP20,No,DSCT.S1,192000000,HAPP20
93366,2019:08:26 20:39:06,26/08/2019,0.860486,African Civet,7.5,0.4-0.6,HAPP20,No,DSCT.S1,192000000,HAPP20
93367,2019:08:26 20:39:06,26/08/2019,0.860486,African Civet,7.5,0.4-0.6,HAPP20,No,DSCT.S1,192000000,HAPP20
93368,2019:08:26 20:39:05,26/08/2019,0.860475,African Civet,7.5,0.4-0.6,HAPP20,No,DSCT.S1,192000000,HAPP20
93369,2019:08:26 20:39:05,26/08/2019,0.860475,African Civet,7.5,0.2-0.4,HAPP20,No,DSCT.S1,192000000,HAPP20
93370,2019:08:26 20:39:05,26/08/2019,0.860475,African Civet,7.5,0.2-0.4,HAPP20,No,DSCT.S1,192000000,HAPP20
93371,2019:08:26 20:38:52,26/08/2019,0.860324,African Civet,9.5,0.2-0.4,HAPP20,No,DSCT.S1,192000000,HAPP20
93372,2019:08:26 20:38:52,26/08/2019,0.860324,African Civet,9.5,0.4-0.6,HAPP20,No,DSCT.S1,192000000,HAPP20
93373,2019:08:26 20:38:51,26/08/2019,0.860313,African Civet,10,0.4-0.6,HAPP20,No,DSCT.S1,192000000,HAPP20
93374,2019:08:26 20:38:51,26/08/2019,0.860313,African Civet,10,0.4-0.6,HAPP20,No,DSCT.S1,192000000,HAPP20
93375,2019:08:26 20:38:51,26/08/2019,0.860313,African Civet,11,0.4-0.6,HAPP20,No,DSCT.S1,192000000,HAPP20
93376,2019:08:26 20:38:51,26/08/2019,0.860313,African Civet,11,0.4-0.6,HAPP20,Yes,DSCT.S1,192000000,HAPP20
93491,2019:08:26 18:32:42,26/08/2019,0.772708,Black Backed Jackal,18,0.4-0.6,HAPP20,No,DSCT.S1,192000000,HAPP20
93492,2019:08:26 18:32:42,26/08/2019,0.772708,Black Backed Jackal,18,0.4-0.6,HAPP20,No,DSCT.S1,192000000,HAPP20
93493,2019:08:26 18:32:41,26/08/2019,0.772697,Black Backed Jackal,18,0.2-0.4,HAPP20,No,DSCT.S1,192000000,HAPP20
93494,2019:08:26 18:32:41,26/08/2019,0.772697,Black Backed Jackal,18,0.2-0.4,HAPP20,No,DSCT.S1,192000000,HAPP20
93495,2019:08:26 18:32:41,26/08/2019,0.772697,Black Backed Jackal,18,0.2-0.4,HAPP20,No,DSCT.S1,192000000,HAPP20
93496,2019:08:26 18:32:41,26/08/2019,0.772697,Black Backed Jackal,18,0.2-0.4,HAPP20,No,DSCT.S1,192000000,HAPP20
93497,2019:08:26 18:32:19,26/08/2019,0.772442,Black Backed Jackal,6.5,0-0.2,HAPP20,No,DSCT.S1,192000000,HAPP20
93498,2019:08:26 18:32:19,26/08/2019,0.772442,Black Backed Jackal,6.5,0-0.2,HAPP20,No,DSCT.S1,192000000,HAPP20
93499,2019:08:26 18:32:19,26/08/2019,0.772442,Black Backed Jackal,6.5,0-0.2,HAPP20,No,DSCT.S1,192000000,HAPP20
93500,2019:08:26 18:32:18,26/08/2019,0.772431,Black Backed Jackal,6.5,0-0.2,HAPP20,No,DSCT.S1,192000000,HAPP20
93501,2019:08:26 18:32:18,26/08/2019,0.772431,Black Backed Jackal,6.5,0-0.2,HAPP20,No,DSCT.S1,192000000,HAPP20
93502,2019:08:26 18:32:18,26/08/2019,0.772431,Black Backed Jackal,6.5,0-0.2,HAPP20,Yes,DSCT.S1,192000000,HAPP20
100114,2019:08:28 10:52:55,28/08/2019,0.453414,Black Backed Jackal,13,0.6-0.8,SHPP09,No,DSCT.S1,192000000,SHPP09
100115,2019:08:28 10:52:55,28/08/2019,0.453414,Black Backed Jackal,10,0.4-0.6,SHPP09,No,DSCT.S1,192000000,SHPP09
100116,2019:08:28 10:52:54,28/08/2019,0.453403,Black Backed Jackal,8.5,0.2-0.4,SHPP09,No,DSCT.S1,192000000,SHPP09
100117,2019:08:28 10:52:54,28/08/2019,0.453403,Black Backed Jackal,7,0-0.2,SHPP09,No,DSCT.S1,192000000,SHPP09
100118,2019:08:28 10:52:53,28/08/2019,0.453391,Black Backed Jackal,6.5,0-0.2,SHPP09,No,DSCT.S1,192000000,SHPP09
100119,2019:08:28 10:52:53,28/08/2019,0.453391,Black Backed Jackal,5.5,0.4-0.6,SHPP09,Yes,DSCT.S1,192000000,SHPP09
103456,2019:08:28 04:57:37,28/08/2019,0.206678,Leopard,11,0-0.2,HAPP15,No,DSCT.S1,192000000,HAPP15
103457,2019:08:28 04:57:37,28/08/2019,0.206678,Leopard,10,0-0.2,HAPP15,No,DSCT.S1,192000000,HAPP15
103458,2019:08:28 04:57:37,28/08/2019,0.206678,Leopard,9.5,0-0.2,HAPP15,No,DSCT.S1,192000000,HAPP15
103459,2019:08:28 04:57:36,28/08/2019,0.206667,Leopard,9.5,0-0.2,HAPP15,No,DSCT.S1,192000000,HAPP15
103460,2019:08:28 04:57:36,28/08/2019,0.206667,Leopard,9.5,0-0.2,HAPP15,No,DSCT.S1,192000000,HAPP15
103461,2019:08:28 04:57:36,28/08/2019,0.206667,Leopard,9.5,0-0.2,HAPP15,No,DSCT.S1,192000000,HAPP15
103462,2019:08:28 04:56:57,28/08/2019,0.206215,Leopard,8,0.4-0.6,HAPP15,No,DSCT.S1,192000000,HAPP15
103463,2019:08:28 04:56:57,28/08/2019,0.206215,Leopard,7.5,0.4-0.6,HAPP15,No,DSCT.S1,192000000,HAPP15
103464,2019:08:28 04:56:57,28/08/2019,0.206215,Leopard,7,0.6-0.8,HAPP15,No,DSCT.S1,192000000,HAPP15
103465,2019:08:28 04:56:57,28/08/2019,0.206215,Leopard,7,0.6-0.8,HAPP15,No,DSCT.S1,192000000,HAPP15
103466,2019:08:28 04:56:56,28/08/2019,0.206204,Leopard,7,0.6-0.8,HAPP15,No,DSCT.S1,192000000,HAPP15
103467,2019:08:28 04:56:56,28/08/2019,0.206204,Leopard,6.5,0.8-1,HAPP15,Yes,DSCT.S1,192000000,HAPP15
103852,2019:08:27 07:17:10,27/08/2019,0.303588,Caracal,10,0.8-1,HAPP12,No,DSCT.S1,192000000,HAPP12
103853,2019:08:27 07:17:09,27/08/2019,0.303576,Caracal,9,0.8-1,HAPP12,No,DSCT.S1,192000000,HAPP12
103854,2019:08:27 07:17:09,27/08/2019,0.303576,Caracal,8.5,0.8-1,HAPP12,No,DSCT.S1,192000000,HAPP12
103855,2019:08:27 07:17:09,27/08/2019,0.303576,Caracal,7.5,0.6-0.8,HAPP12,No,DSCT.S1,192000000,HAPP12
103856,2019:08:27 07:17:08,27/08/2019,0.303565,Caracal,7,0.6-0.8,HAPP12,No,DSCT.S1,192000000,HAPP12
103857,2019:08:27 07:17:08,27/08/2019,0.303565,Caracal,6.5,0.6-0.8,HAPP12,Yes,DSCT.S1,192000000,HAPP12
109423,2019:08:25 02:41:15,25/08/2019,0.111979,Brown Hyena,11,0.4-0.6,HAPP18,No,DSCT.S1,192000000,HAPP18
109424,2019:08:25 02:41:14,25/08/2019,0.111968,Brown Hyena,11,0.4-0.6,HAPP18,No,DSCT.S1,192000000,HAPP18
109425,2019:08:25 02:41:14,25/08/2019,0.111968,Brown Hyena,10,0.4-0.6,HAPP18,No,DSCT.S1,192000000,HAPP18
109426,2019:08:25 02:41:14,25/08/2019,0.111968,Brown Hyena,10,0.4-0.6,HAPP18,No,DSCT.S1,192000000,HAPP18
109427,2019:08:25 02:41:14,25/08/2019,0.111968,Brown Hyena,9.5,0.4-0.6,HAPP18,No,DSCT.S1,192000000,HAPP18
109428,2019:08:25 02:41:13,25/08/2019,0.111956,Brown Hyena,9.5,0.4-0.6,HAPP18,No,DSCT.S1,192000000,HAPP18
109429,2019:08:25 02:41:05,25/08/2019,0.111863,Brown Hyena,2,0.8-1,HAPP18,No,DSCT.S1,192000000,HAPP18
109430,2019:08:25 02:41:05,25/08/2019,0.111863,Brown Hyena,1,0.8-1,HAPP18,No,DSCT.S1,192000000,HAPP18
109431,2019:08:25 02:41:04,25/08/2019,0.111852,Brown Hyena,1,0.8-1,HAPP18,No,DSCT.S1,192000000,HAPP18
109432,2019:08:25 02:41:04,25/08/2019,0.111852,Brown Hyena,1,0.8-1,HAPP18,No,DSCT.S1,192000000,HAPP18
109433,2019:08:25 02:41:04,25/08/2019,0.111852,Brown Hyena,1,0.6-0.8,HAPP18,No,DSCT.S1,192000000,HAPP18
109434,2019:08:25 02:41:03,25/08/2019,0.11184,Brown Hyena,1,0.6-0.8,HAPP18,No,DSCT.S1,192000000,HAPP18
109435,2019:08:25 02:40:56,25/08/2019,0.111759,Brown Hyena,1,0.6-0.8,HAPP18,No,DSCT.S1,192000000,HAPP18
109436,2019:08:25 02:40:56,25/08/2019,0.111759,Brown Hyena,1,0.6-0.8,HAPP18,No,DSCT.S1,192000000,HAPP18
109437,2019:08:25 02:40:55,25/08/2019,0.111748,Brown Hyena,1,0.6-0.8,HAPP18,No,DSCT.S1,192000000,HAPP18
109438,2019:08:25 02:40:55,25/08/2019,0.111748,Brown Hyena,1,0.4-0.6,HAPP18,No,DSCT.S1,192000000,HAPP18
109439,2019:08:25 02:40:55,25/08/2019,0.111748,Brown Hyena,1,0-0.2,HAPP18,No,DSCT.S1,192000000,HAPP18
109440,2019:08:25 02:40:55,25/08/2019,0.111748,Brown Hyena,1,0-0.2,HAPP18,Yes,DSCT.S1,192000000,HAPP18
109759,2019:08:22 23:36:12,22/08/2019,0.983472,Brown Hyena,6.5,0-0.2,HAPP18,No,DSCT.S1,192000000,HAPP18
109760,2019:08:22 23:36:11,22/08/2019,0.983461,Brown Hyena,6.5,0.2-0.4,HAPP18,No,DSCT.S1,192000000,HAPP18
109761,2019:08:22 23:36:11,22/08/2019,0.983461,Brown Hyena,6,0.2-0.4,HAPP18,No,DSCT.S1,192000000,HAPP18
109762,2019:08:22 23:36:11,22/08/2019,0.983461,Brown Hyena,6,0.4-0.6,HAPP18,No,DSCT.S1,192000000,HAPP18
109763,2019:08:22 23:36:11,22/08/2019,0.983461,Brown Hyena,5.5,0.4-0.6,HAPP18,No,DSCT.S1,192000000,HAPP18
109764,2019:08:22 23:36:10,22/08/2019,0.983449,Brown Hyena,5,0.6-0.8,HAPP18,Yes,DSCT.S1,192000000,HAPP18
110385,2019:08:25 20:50:11,25/08/2019,0.868183,Black Backed Jackal,12,0.2-0.4,HAPP17,No,DSCT.S1,192000000,HAPP17
110386,2019:08:25 20:50:11,25/08/2019,0.868183,Black Backed Jackal,11,0.2-0.4,HAPP17,No,DSCT.S1,192000000,HAPP17
110387,2019:08:25 20:50:10,25/08/2019,0.868171,Black Backed Jackal,11,0.2-0.4,HAPP17,No,DSCT.S1,192000000,HAPP17
110388,2019:08:25 20:50:10,25/08/2019,0.868171,Black Backed Jackal,10,0.4-0.6,HAPP17,No,DSCT.S1,192000000,HAPP17
110389,2019:08:25 20:50:10,25/08/2019,0.868171,Black Backed Jackal,10,0.4-0.6,HAPP17,No,DSCT.S1,192000000,HAPP17
110390,2019:08:25 20:50:09,25/08/2019,0.86816,Black Backed Jackal,9.5,0.4-0.6,HAPP17,Yes,DSCT.S1,192000000,HAPP17
110427,2019:08:24 08:06:18,24/08/2019,0.337708,Black Backed Jackal,11,0.2-0.4,HAPP17,No,DSCT.S1,192000000,HAPP17
110428,2019:08:24 08:06:18,24/08/2019,0.337708,Black Backed Jackal,11,0.2-0.4,HAPP17,No,DSCT.S1,192000000,HAPP17
110429,2019:08:24 08:06:17,24/08/2019,0.337697,Black Backed Jackal,11,0.2-0.4,HAPP17,No,DSCT.S1,192000000,HAPP17
110430,2019:08:24 08:06:17,24/08/2019,0.337697,Black Backed Jackal,11,0.2-0.4,HAPP17,No,DSCT.S1,192000000,HAPP17
110431,2019:08:24 08:06:17,24/08/2019,0.337697,Black Backed Jackal,11,0.2-0.4,HAPP17,No,DSCT.S1,192000000,HAPP17
110432,2019:08:24 08:06:16,24/08/2019,0.337685,Black Backed Jackal,11,0.4-0.6,HAPP17,No,DSCT.S1,192000000,HAPP17
110433,2019:08:24 08:05:56,24/08/2019,0.337454,Black Backed Jackal,6.5,0.6-0.8,HAPP17,No,DSCT.S1,192000000,HAPP17
110434,2019:08:24 08:05:56,24/08/2019,0.337454,Black Backed Jackal,7,0.4-0.6,HAPP17,No,DSCT.S1,192000000,HAPP17
110435,2019:08:24 08:05:55,24/08/2019,0.337442,Black Backed Jackal,7.5,0.2-0.4,HAPP17,No,DSCT.S1,192000000,HAPP17
110436,2019:08:24 08:05:55,24/08/2019,0.337442,Black Backed Jackal,8,0.2-0.4,HAPP17,No,DSCT.S1,192000000,HAPP17
110437,2019:08:24 08:05:55,24/08/2019,0.337442,Black Backed Jackal,9,0-0.2,HAPP17,No,DSCT.S1,192000000,HAPP17
110438,2019:08:24 08:05:54,24/08/2019,0.337431,Black Backed Jackal,10,0-0.2,HAPP17,Yes,DSCT.S1,192000000,HAPP17
110439,2019:08:24 06:02:38,24/08/2019,0.251829,Black Backed Jackal,12,0.2-0.4,HAPP17,No,DSCT.S1,192000000,HAPP17
110440,2019:08:24 06:02:38,24/08/2019,0.251829,Black Backed Jackal,11,0.2-0.4,HAPP17,No,DSCT.S1,192000000,HAPP17
110441,2019:08:24 06:02:38,24/08/2019,0.251829,Black Backed Jackal,10,0.2-0.4,HAPP17,No,DSCT.S1,192000000,HAPP17
110442,2019:08:24 06:02:37,24/08/2019,0.251817,Black Backed Jackal,10,0.2-0.4,HAPP17,No,DSCT.S1,192000000,HAPP17
110443,2019:08:24 06:02:37,24/08/2019,0.251817,Black Backed Jackal,10,0.4-0.6,HAPP17,No,DSCT.S1,192000000,HAPP17
110444,2019:08:24 06:02:37,24/08/2019,0.251817,Black Backed Jackal,9,0.4-0.6,HAPP17,No,DSCT.S1,192000000,HAPP17
110445,2019:08:24 06:02:24,24/08/2019,0.251667,Black Backed Jackal,12,0.2-0.4,HAPP17,No,DSCT.S1,192000000,HAPP17
110446,2019:08:24 06:02:24,24/08/2019,0.251667,Black Backed Jackal,11,0.2-0.4,HAPP17,No,DSCT.S1,192000000,HAPP17
110447,2019:08:24 06:02:23,24/08/2019,0.251655,Black Backed Jackal,11,0.2-0.4,HAPP17,No,DSCT.S1,192000000,HAPP17
110448,2019:08:24 06:02:23,24/08/2019,0.251655,Black Backed Jackal,11,0.4-0.6,HAPP17,No,DSCT.S1,192000000,HAPP17
110449,2019:08:24 06:02:23,24/08/2019,0.251655,Black Backed Jackal,10,0.4-0.6,HAPP17,No,DSCT.S1,192000000,HAPP17
110450,2019:08:24 06:02:22,24/08/2019,0.251644,Black Backed Jackal,9.5,0.4-0.6,HAPP17,Yes,DSCT.S1,192000000,HAPP17
110475,2019:08:23 18:45:42,23/08/2019,0.781736,Black Backed Jackal,7.5,0.8-1,HAPP17,No,DSCT.S1,192000000,HAPP17
110476,2019:08:23 18:44:56,23/08/2019,0.781204,Black Backed Jackal,7,0.6-0.8,HAPP17,No,DSCT.S1,192000000,HAPP17
110477,2019:08:23 18:44:56,23/08/2019,0.781204,Black Backed Jackal,7.5,0.4-0.6,HAPP17,No,DSCT.S1,192000000,HAPP17
110478,2019:08:23 18:44:55,23/08/2019,0.781192,Black Backed Jackal,7.5,0.4-0.6,HAPP17,No,DSCT.S1,192000000,HAPP17
110479,2019:08:23 18:44:55,23/08/2019,0.781192,Black Backed Jackal,8,0.2-0.4,HAPP17,No,DSCT.S1,192000000,HAPP17
110480,2019:08:23 18:44:55,23/08/2019,0.781192,Black Backed Jackal,8.5,0.2-0.4,HAPP17,No,DSCT.S1,192000000,HAPP17
110481,2019:08:23 18:44:55,23/08/2019,0.781192,Black Backed Jackal,9.5,0-0.2,HAPP17,Yes,DSCT.S1,192000000,HAPP17
110538,2019:08:22 23:05:01,22/08/2019,0.961817,Black Backed Jackal,11,0-0.2,HAPP17,No,DSCT.S1,192000000,HAPP17
110539,2019:08:22 23:05:00,22/08/2019,0.961806,Black Backed Jackal,10,0-0.2,HAPP17,No,DSCT.S1,192000000,HAPP17
110540,2019:08:22 23:05:00,22/08/2019,0.961806,Black Backed Jackal,9,0-0.2,HAPP17,No,DSCT.S1,192000000,HAPP17
110541,2019:08:22 23:05:00,22/08/2019,0.961806,Black Backed Jackal,8,0.2-0.4,HAPP17,No,DSCT.S1,192000000,HAPP17
110542,2019:08:22 23:05:00,22/08/2019,0.961806,Black Backed Jackal,7.5,0.2-0.4,HAPP17,No,DSCT.S1,192000000,HAPP17
110543,2019:08:22 23:04:59,22/08/2019,0.961794,Black Backed Jackal,7.5,0.4-0.6,HAPP17,Yes,DSCT.S1,192000000,HAPP17
110544,2019:08:22 22:22:56,22/08/2019,0.932593,Black Backed Jackal,7,0.8-1,HAPP17,No,DSCT.S1,192000000,HAPP17
110545,2019:08:22 22:22:56,22/08/2019,0.932593,Black Backed Jackal,7,0.8-1,HAPP17,No,DSCT.S1,192000000,HAPP17
110546,2019:08:22 22:22:34,22/08/2019,0.932338,Black Backed Jackal,7,0.4-0.6,HAPP17,No,DSCT.S1,192000000,HAPP17
110547,2019:08:22 22:22:33,22/08/2019,0.932326,Black Backed Jackal,7.5,0.2-0.4,HAPP17,No,DSCT.S1,192000000,HAPP17
110548,2019:08:22 22:22:33,22/08/2019,0.932326,Black Backed Jackal,8,0.2-0.4,HAPP17,No,DSCT.S1,192000000,HAPP17
110549,2019:08:22 22:22:33,22/08/2019,0.932326,Black Backed Jackal,9,0-0.2,HAPP17,No,DSCT.S1,192000000,HAPP17
110550,2019:08:22 22:22:32,22/08/2019,0.932315,Black Backed Jackal,9.5,0-0.2,HAPP17,No,DSCT.S1,192000000,HAPP17
110551,2019:08:22 22:22:32,22/08/2019,0.932315,Black Backed Jackal,11,0-0.2,HAPP17,Yes,DSCT.S1,192000000,HAPP17
110600,2019:08:22 06:53:48,22/08/2019,0.287361,Black Backed Jackal,9.5,0-0.2,HAPP17,No,DSCT.S1,192000000,HAPP17
110601,2019:08:22 06:53:48,22/08/2019,0.287361,Black Backed Jackal,9,0-0.2,HAPP17,No,DSCT.S1,192000000,HAPP17
110602,2019:08:22 06:53:48,22/08/2019,0.287361,Black Backed Jackal,8,0.2-0.4,HAPP17,No,DSCT.S1,192000000,HAPP17
110603,2019:08:22 06:53:47,22/08/2019,0.28735,Black Backed Jackal,7.5,0.2-0.4,HAPP17,No,DSCT.S1,192000000,HAPP17
110604,2019:08:22 06:53:47,22/08/2019,0.28735,Black Backed Jackal,7.5,0.4-0.6,HAPP17,No,DSCT.S1,192000000,HAPP17
110605,2019:08:22 06:53:47,22/08/2019,0.28735,Black Backed Jackal,7,0.4-0.6,HAPP17,Yes,DSCT.S1,192000000,HAPP17
110636,2019:08:21 17:53:45,21/08/2019,0.74566,Black Backed Jackal,5.5,0.8-1,HAPP17,No,DSCT.S1,192000000,HAPP17
110637,2019:08:21 17:53:45,21/08/2019,0.74566,Black Backed Jackal,5.5,0.8-1,HAPP17,No,DSCT.S1,192000000,HAPP17
110638,2019:08:21 17:53:44,21/08/2019,0.745648,Black Backed Jackal,6,0.6-0.8,HAPP17,No,DSCT.S1,192000000,HAPP17
110639,2019:08:21 17:53:44,21/08/2019,0.745648,Black Backed Jackal,6.5,0.4-0.6,HAPP17,No,DSCT.S1,192000000,HAPP17
110640,2019:08:21 17:53:43,21/08/2019,0.745637,Black Backed Jackal,7,0-0.2,HAPP17,No,DSCT.S1,192000000,HAPP17
110641,2019:08:21 17:53:43,21/08/2019,0.745637,Black Backed Jackal,8.5,0-0.2,HAPP17,Yes,DSCT.S1,192000000,HAPP17
110690,2019:08:20 07:23:44,20/08/2019,0.308148,Black Backed Jackal,11,0.2-0.4,HAPP17,No,DSCT.S1,192000000,HAPP17
110691,2019:08:20 07:23:44,20/08/2019,0.308148,Black Backed Jackal,11,0.2-0.4,HAPP17,No,DSCT.S1,192000000,HAPP17
110692,2019:08:20 07:23:44,20/08/2019,0.308148,Black Backed Jackal,12,0.2-0.4,HAPP17,No,DSCT.S1,192000000,HAPP17
110693,2019:08:20 07:23:43,20/08/2019,0.308137,Black Backed Jackal,13,0.2-0.4,HAPP17,No,DSCT.S1,192000000,HAPP17
110694,2019:08:20 07:23:43,20/08/2019,0.308137,Black Backed Jackal,14,0-0.2,HAPP17,No,DSCT.S1,192000000,HAPP17
110695,2019:08:20 07:23:43,20/08/2019,0.308137,Black Backed Jackal,15,0-0.2,HAPP17,Yes,DSCT.S1,192000000,HAPP17
110696,2019:08:20 07:21:50,20/08/2019,0.306829,Black Backed Jackal,12,0.2-0.4,HAPP17,No,DSCT.S1,192000000,HAPP17
110697,2019:08:20 07:21:50,20/08/2019,0.306829,Black Backed Jackal,11,0.2-0.4,HAPP17,No,DSCT.S1,192000000,HAPP17
110698,2019:08:20 07:21:50,20/08/2019,0.306829,Black Backed Jackal,11,0.2-0.4,HAPP17,No,DSCT.S1,192000000,HAPP17
110699,2019:08:20 07:21:50,20/08/2019,0.306829,Black Backed Jackal,10,0.2-0.4,HAPP17,No,DSCT.S1,192000000,HAPP17
110700,2019:08:20 07:21:49,20/08/2019,0.306817,Black Backed Jackal,10,0.4-0.6,HAPP17,No,DSCT.S1,192000000,HAPP17
110701,2019:08:20 07:21:49,20/08/2019,0.306817,Black Backed Jackal,9.5,0.4-0.6,HAPP17,Yes,DSCT.S1,192000000,HAPP17
110822,2019:08:24 23:11:03,24/08/2019,0.966007,Brown Hyena,16,0.2-0.4,HAPP15,No,DSCT.S1,192000000,HAPP15
110823,2019:08:24 23:11:03,24/08/2019,0.966007,Brown Hyena,18,0.4-0.6,HAPP15,No,DSCT.S1,192000000,HAPP15
110824,2019:08:24 23:11:02,24/08/2019,0.965995,Brown Hyena,19,0.4-0.6,HAPP15,No,DSCT.S1,192000000,HAPP15
110825,2019:08:24 23:11:02,24/08/2019,0.965995,Brown Hyena,20,0.6-0.8,HAPP15,No,DSCT.S1,192000000,HAPP15
110826,2019:08:24 23:11:02,24/08/2019,0.965995,Brown Hyena,21,0.6-0.8,HAPP15,No,DSCT.S1,192000000,HAPP15
110827,2019:08:24 23:11:02,24/08/2019,0.965995,Brown Hyena,22,0.6-0.8,HAPP15,Yes,DSCT.S1,192000000,HAPP15
111428,2019:08:20 01:16:22,20/08/2019,0.053032,Black Backed Jackal,11,0-0.2,HAPP15,No,DSCT.S1,192000000,HAPP15
111429,2019:08:20 01:16:21,20/08/2019,0.053021,Black Backed Jackal,11,0-0.2,HAPP15,No,DSCT.S1,192000000,HAPP15
111430,2019:08:20 01:16:21,20/08/2019,0.053021,Black Backed Jackal,13,0-0.2,HAPP15,No,DSCT.S1,192000000,HAPP15
111431,2019:08:20 01:16:21,20/08/2019,0.053021,Black Backed Jackal,14,0.2-0.4,HAPP15,No,DSCT.S1,192000000,HAPP15
111432,2019:08:20 01:16:20,20/08/2019,0.053009,Black Backed Jackal,15,0.2-0.4,HAPP15,No,DSCT.S1,192000000,HAPP15
111433,2019:08:20 01:16:20,20/08/2019,0.053009,Black Backed Jackal,17,0.4-0.6,HAPP15,Yes,DSCT.S1,192000000,HAPP15
112081,2019:08:25 20:00:01,25/08/2019,0.833345,Leopard,4,0.2-0.4,LAPP05,No,DSCT.S1,192000000,LAPP05
112082,2019:08:25 20:00:01,25/08/2019,0.833345,Leopard,4.5,0.4-0.6,LAPP05,No,DSCT.S1,192000000,LAPP05
112083,2019:08:25 20:00:00,25/08/2019,0.833333,Leopard,5,0.6-0.8,LAPP05,No,DSCT.S1,192000000,LAPP05
112084,2019:08:25 20:00:00,25/08/2019,0.833333,Leopard,5,0.8-1,LAPP05,No,DSCT.S1,192000000,LAPP05
112085,2019:08:25 20:00:00,25/08/2019,0.833333,Leopard,5,0.8-1,LAPP05,No,DSCT.S1,192000000,LAPP05
112086,2019:08:25 19:59:59,25/08/2019,0.833322,Leopard,5.5,0.8-1,LAPP05,Yes,DSCT.S1,192000000,LAPP05
112141,2019:08:17 01:04:42,17/08/2019,0.044931,Black Backed Jackal,6,0.4-0.6,LAPP05,No,DSCT.S1,192000000,LAPP05
112142,2019:08:17 01:04:42,17/08/2019,0.044931,Black Backed Jackal,6.5,0.2-0.4,LAPP05,No,DSCT.S1,192000000,LAPP05
112143,2019:08:17 01:04:41,17/08/2019,0.044919,Black Backed Jackal,7,0-0.2,LAPP05,No,DSCT.S1,192000000,LAPP05
112144,2019:08:17 01:04:41,17/08/2019,0.044919,Black Backed Jackal,7.5,0-0.2,LAPP05,No,DSCT.S1,192000000,LAPP05
112145,2019:08:17 01:04:41,17/08/2019,0.044919,Black Backed Jackal,8.5,0-0.2,LAPP05,No,DSCT.S1,192000000,LAPP05
112146,2019:08:17 01:04:41,17/08/2019,0.044919,Black Backed Jackal,9.5,0.2-0.4,LAPP05,Yes,DSCT.S1,192000000,LAPP05
113581,2019:08:25 17:21:27,25/08/2019,0.723229,Black Backed Jackal,6,0.8-1,HAPP16,No,DSCT.S1,192000000,HAPP16
113582,2019:08:25 17:21:19,25/08/2019,0.723137,Black Backed Jackal,5.5,0.4-0.6,HAPP16,No,DSCT.S1,192000000,HAPP16
113583,2019:08:25 17:21:19,25/08/2019,0.723137,Black Backed Jackal,5.5,0.4-0.6,HAPP16,No,DSCT.S1,192000000,HAPP16
113584,2019:08:25 17:21:18,25/08/2019,0.723125,Black Backed Jackal,5,0.2-0.4,HAPP16,No,DSCT.S1,192000000,HAPP16
113585,2019:08:25 17:21:18,25/08/2019,0.723125,Black Backed Jackal,5,0-0.2,HAPP16,No,DSCT.S1,192000000,HAPP16
113586,2019:08:25 17:21:17,25/08/2019,0.723113,Black Backed Jackal,5,0.2-0.4,HAPP16,No,DSCT.S1,192000000,HAPP16
113587,2019:08:25 17:21:17,25/08/2019,0.723113,Black Backed Jackal,5.5,0.4-0.6,HAPP16,Yes,DSCT.S1,192000000,HAPP16
114674,2019:08:25 03:00:24,25/08/2019,0.125278,Black Backed Jackal,5,0.8-1,DEPP06,No,DSCT.S1,192000000,DEPP06
114675,2019:08:25 03:00:24,25/08/2019,0.125278,Black Backed Jackal,4.5,0.6-0.8,DEPP06,Yes,DSCT.S1,192000000,DEPP06
114868,2019:08:24 01:34:50,24/08/2019,0.065856,African Civet,7,0-0.2,SHPP09,No,DSCT.S1,192000000,SHPP09
114869,2019:08:24 01:34:49,24/08/2019,0.065845,African Civet,7,0-0.2,SHPP09,No,DSCT.S1,192000000,SHPP09
114870,2019:08:24 01:34:49,24/08/2019,0.065845,African Civet,7,0-0.2,SHPP09,No,DSCT.S1,192000000,SHPP09
114871,2019:08:24 01:34:49,24/08/2019,0.065845,African Civet,7,0-0.2,SHPP09,No,DSCT.S1,192000000,SHPP09
114872,2019:08:24 01:34:48,24/08/2019,0.065833,African Civet,7,0-0.2,SHPP09,No,DSCT.S1,192000000,SHPP09
114873,2019:08:24 01:34:48,24/08/2019,0.065833,African Civet,7,0-0.2,SHPP09,No,DSCT.S1,192000000,SHPP09
114874,2019:08:24 01:34:14,24/08/2019,0.06544,African Civet,7.5,0.2-0.4,SHPP09,No,DSCT.S1,192000000,SHPP09
114875,2019:08:24 01:34:14,24/08/2019,0.06544,African Civet,7.5,0.2-0.4,SHPP09,No,DSCT.S1,192000000,SHPP09
114876,2019:08:24 01:34:14,24/08/2019,0.06544,African Civet,7.5,0-0.2,SHPP09,No,DSCT.S1,192000000,SHPP09
114877,2019:08:24 01:34:13,24/08/2019,0.065428,African Civet,7,0-0.2,SHPP09,No,DSCT.S1,192000000,SHPP09
114878,2019:08:24 01:34:13,24/08/2019,0.065428,African Civet,6.5,0-0.2,SHPP09,No,DSCT.S1,192000000,SHPP09
114879,2019:08:24 01:34:13,24/08/2019,0.065428,African Civet,5.5,0-0.2,SHPP09,No,DSCT.S1,192000000,SHPP09
114880,2019:08:24 01:33:49,24/08/2019,0.06515,African Civet,6.5,0-0.2,SHPP09,No,DSCT.S1,192000000,SHPP09
114881,2019:08:24 01:33:49,24/08/2019,0.06515,African Civet,7,0-0.2,SHPP09,No,DSCT.S1,192000000,SHPP09
114882,2019:08:24 01:33:49,24/08/2019,0.06515,African Civet,7,0-0.2,SHPP09,No,DSCT.S1,192000000,SHPP09
114883,2019:08:24 01:33:48,24/08/2019,0.065139,African Civet,7.5,0-0.2,SHPP09,No,DSCT.S1,192000000,SHPP09
114884,2019:08:24 01:33:48,24/08/2019,0.065139,African Civet,7.5,0-0.2,SHPP09,No,DSCT.S1,192000000,SHPP09
114885,2019:08:24 01:33:48,24/08/2019,0.065139,African Civet,8,0-0.2,SHPP09,Yes,DSCT.S1,192000000,SHPP09
115012,2019:08:22 19:48:28,22/08/2019,0.825324,Brown Hyena,11,0.8-1,SHPP10,No,DSCT.S1,192000000,SHPP10
115013,2019:08:22 19:48:28,22/08/2019,0.825324,Brown Hyena,11,0.8-1,SHPP10,No,DSCT.S1,192000000,SHPP10
115014,2019:08:22 19:48:28,22/08/2019,0.825324,Brown Hyena,11,0.8-1,SHPP10,No,DSCT.S1,192000000,SHPP10
115015,2019:08:22 19:48:27,22/08/2019,0.825313,Brown Hyena,11,0.8-1,SHPP10,No,DSCT.S1,192000000,SHPP10
115016,2019:08:22 19:48:27,22/08/2019,0.825313,Brown Hyena,11,0.6-0.8,SHPP10,No,DSCT.S1,192000000,SHPP10
115017,2019:08:22 19:48:27,22/08/2019,0.825313,Brown Hyena,11,0.6-0.8,SHPP10,No,DSCT.S1,192000000,SHPP10
115018,2019:08:22 19:48:18,22/08/2019,0.825208,Brown Hyena,14,0.4-0.6,SHPP10,No,DSCT.S1,192000000,SHPP10
115019,2019:08:22 19:48:17,22/08/2019,0.825197,Brown Hyena,14,0.4-0.6,SHPP10,No,DSCT.S1,192000000,SHPP10
115020,2019:08:22 19:48:17,22/08/2019,0.825197,Brown Hyena,14,0.4-0.6,SHPP10,No,DSCT.S1,192000000,SHPP10
115021,2019:08:22 19:48:17,22/08/2019,0.825197,Brown Hyena,14,0.4-0.6,SHPP10,No,DSCT.S1,192000000,SHPP10
115022,2019:08:22 19:48:16,22/08/2019,0.825185,Brown Hyena,14,0.4-0.6,SHPP10,No,DSCT.S1,192000000,SHPP10
115023,2019:08:22 19:48:16,22/08/2019,0.825185,Brown Hyena,14,0.4-0.6,SHPP10,Yes,DSCT.S1,192000000,SHPP10
115042,2019:08:23 02:55:27,23/08/2019,0.12184,Brown Hyena,22,0.2-0.4,DEPP01,No,DSCT.S1,192000000,DEPP01
115043,2019:08:23 02:55:26,23/08/2019,0.121829,Brown Hyena,21,0.2-0.4,DEPP01,No,DSCT.S1,192000000,DEPP01
115044,2019:08:23 02:55:26,23/08/2019,0.121829,Brown Hyena,20,0.2-0.4,DEPP01,No,DSCT.S1,192000000,DEPP01
115045,2019:08:23 02:55:26,23/08/2019,0.121829,Brown Hyena,19,0.2-0.4,DEPP01,No,DSCT.S1,192000000,DEPP01
115046,2019:08:23 02:55:25,23/08/2019,0.121817,Brown Hyena,18,0.4-0.6,DEPP01,No,DSCT.S1,192000000,DEPP01
115047,2019:08:23 02:55:25,23/08/2019,0.121817,Brown Hyena,17,0.4-0.6,DEPP01,Yes,DSCT.S1,192000000,DEPP01
115048,2019:08:22 20:44:31,22/08/2019,0.864248,Brown Hyena,8,0.4-0.6,DEPP01,No,DSCT.S1,192000000,DEPP01
115049,2019:08:22 20:44:31,22/08/2019,0.864248,Brown Hyena,8.5,0.2-0.4,DEPP01,No,DSCT.S1,192000000,DEPP01
115050,2019:08:22 20:44:31,22/08/2019,0.864248,Brown Hyena,8.5,0-0.2,DEPP01,No,DSCT.S1,192000000,DEPP01
115051,2019:08:22 20:44:31,22/08/2019,0.864248,Brown Hyena,9,0-0.2,DEPP01,No,DSCT.S1,192000000,DEPP01
115052,2019:08:22 20:44:30,22/08/2019,0.864236,Brown Hyena,9,0-0.2,DEPP01,No,DSCT.S1,192000000,DEPP01
115053,2019:08:22 20:44:30,22/08/2019,0.864236,Brown Hyena,9.5,0.2-0.4,DEPP01,Yes,DSCT.S1,192000000,DEPP01
115058,2019:08:22 03:49:34,22/08/2019,0.159421,Black Backed Jackal,7,0.8-1,DEPP01,No,DSCT.S1,192000000,DEPP01
115059,2019:08:22 03:49:34,22/08/2019,0.159421,Black Backed Jackal,7,0.6-0.8,DEPP01,No,DSCT.S1,192000000,DEPP01
115060,2019:08:22 03:49:33,22/08/2019,0.15941,Black Backed Jackal,7,0.4-0.6,DEPP01,No,DSCT.S1,192000000,DEPP01
115061,2019:08:22 03:49:33,22/08/2019,0.15941,Black Backed Jackal,7,0.2-0.4,DEPP01,No,DSCT.S1,192000000,DEPP01
115062,2019:08:22 03:49:33,22/08/2019,0.15941,Black Backed Jackal,7,0-0.2,DEPP01,Yes,DSCT.S1,192000000,DEPP01
115280,2019:08:25 20:02:58,25/08/2019,0.835394,African Civet,0.5,0.2-0.4,HAPP20,No,DSCT.S1,192000000,HAPP20
115281,2019:08:25 20:02:58,25/08/2019,0.835394,African Civet,0.5,0.2-0.4,HAPP20,No,DSCT.S1,192000000,HAPP20
115282,2019:08:25 20:02:58,25/08/2019,0.835394,African Civet,0.5,0.2-0.4,HAPP20,No,DSCT.S1,192000000,HAPP20
115283,2019:08:25 20:02:57,25/08/2019,0.835382,African Civet,0.5,0.2-0.4,HAPP20,No,DSCT.S1,192000000,HAPP20
115284,2019:08:25 20:02:57,25/08/2019,0.835382,African Civet,0.5,0.2-0.4,HAPP20,No,DSCT.S1,192000000,HAPP20
115285,2019:08:25 20:02:57,25/08/2019,0.835382,African Civet,0.5,0.2-0.4,HAPP20,No,DSCT.S1,192000000,HAPP20
115286,2019:08:25 20:02:47,25/08/2019,0.835266,African Civet,1.5,0.4-0.6,HAPP20,No,DSCT.S1,192000000,HAPP20
115287,2019:08:25 20:02:47,25/08/2019,0.835266,African Civet,1.5,0.4-0.6,HAPP20,No,DSCT.S1,192000000,HAPP20
115288,2019:08:25 20:02:47,25/08/2019,0.835266,African Civet,2,0.8-1,HAPP20,No,DSCT.S1,192000000,HAPP20
115289,2019:08:25 20:02:46,25/08/2019,0.835255,African Civet,2,0.8-1,HAPP20,No,DSCT.S1,192000000,HAPP20
115290,2019:08:25 20:02:46,25/08/2019,0.835255,African Civet,2,0.8-1,HAPP20,No,DSCT.S1,192000000,HAPP20
115291,2019:08:25 20:02:46,25/08/2019,0.835255,African Civet,2,0.8-1,HAPP20,Yes,DSCT.S1,192000000,HAPP20
117898,2019:06:24 05:25:50,24/06/2019,0.226273,Black Backed Jackal,12,0.8-1,DEPP01,No,DSCT.S1,192000000,DEPP01
117899,2019:06:24 05:25:50,24/06/2019,0.226273,Black Backed Jackal,11,0.8-1,DEPP01,No,DSCT.S1,192000000,DEPP01
117900,2019:06:24 05:25:50,24/06/2019,0.226273,Black Backed Jackal,10,0.6-0.8,DEPP01,No,DSCT.S1,192000000,DEPP01
117901,2019:06:24 05:25:50,24/06/2019,0.226273,Black Backed Jackal,9,0.4-0.6,DEPP01,No,DSCT.S1,192000000,DEPP01
117902,2019:06:24 05:25:49,24/06/2019,0.226262,Black Backed Jackal,8,0.2-0.4,DEPP01,Yes,DSCT.S1,192000000,DEPP01
117927,2019:06:20 17:17:44,20/06/2019,0.720648,Black Backed Jackal,10,0.6-0.8,DEPP01,No,DSCT.S1,192000000,DEPP01
117928,2019:06:20 17:17:44,20/06/2019,0.720648,Black Backed Jackal,9.5,0.6-0.8,DEPP01,No,DSCT.S1,192000000,DEPP01
117929,2019:06:20 17:17:44,20/06/2019,0.720648,Black Backed Jackal,9,0.4-0.6,DEPP01,No,DSCT.S1,192000000,DEPP01
117930,2019:06:20 17:17:44,20/06/2019,0.720648,Black Backed Jackal,8.5,0.2-0.4,DEPP01,No,DSCT.S1,192000000,DEPP01
117931,2019:06:20 17:17:43,20/06/2019,0.720637,Black Backed Jackal,8,0.2-0.4,DEPP01,No,DSCT.S1,192000000,DEPP01
117932,2019:06:20 17:17:43,20/06/2019,0.720637,Black Backed Jackal,8,0-0.2,DEPP01,Yes,DSCT.S1,192000000,DEPP01
118005,2019:06:16 22:23:35,16/06/2019,0.933044,Black Backed Jackal,12,0.8-1,DEPP01,No,DSCT.S1,192000000,DEPP01
118006,2019:06:16 22:23:35,16/06/2019,0.933044,Black Backed Jackal,11,0.6-0.8,DEPP01,No,DSCT.S1,192000000,DEPP01
118007,2019:06:16 22:23:35,16/06/2019,0.933044,Black Backed Jackal,9.5,0.4-0.6,DEPP01,No,DSCT.S1,192000000,DEPP01
118008,2019:06:16 22:23:35,16/06/2019,0.933044,Black Backed Jackal,9,0.4-0.6,DEPP01,No,DSCT.S1,192000000,DEPP01
118009,2019:06:16 22:23:34,16/06/2019,0.933032,Black Backed Jackal,8,0.2-0.4,DEPP01,No,DSCT.S1,192000000,DEPP01
118010,2019:06:16 22:23:34,16/06/2019,0.933032,Black Backed Jackal,8,0-0.2,DEPP01,Yes,DSCT.S1,192000000,DEPP01
118047,2019:06:14 06:44:56,14/06/2019,0.281204,Black Backed Jackal,22,0-0.2,DEPP01,No,DSCT.S1,192000000,DEPP01
118048,2019:06:14 06:44:55,14/06/2019,0.281192,Black Backed Jackal,21,0-0.2,DEPP01,No,DSCT.S1,192000000,DEPP01
118049,2019:06:14 06:44:55,14/06/2019,0.281192,Black Backed Jackal,20,0-0.2,DEPP01,No,DSCT.S1,192000000,DEPP01
118050,2019:06:14 06:44:55,14/06/2019,0.281192,Black Backed Jackal,20,0-0.2,DEPP01,No,DSCT.S1,192000000,DEPP01
118051,2019:06:14 06:44:55,14/06/2019,0.281192,Black Backed Jackal,19,0-0.2,DEPP01,No,DSCT.S1,192000000,DEPP01
118052,2019:06:14 06:44:54,14/06/2019,0.281181,Black Backed Jackal,18,0.2-0.4,DEPP01,No,DSCT.S1,192000000,DEPP01
118053,2019:06:14 06:44:36,14/06/2019,0.280972,Black Backed Jackal,13,0-0.2,DEPP01,No,DSCT.S1,192000000,DEPP01
118054,2019:06:14 06:44:35,14/06/2019,0.280961,Black Backed Jackal,13,0-0.2,DEPP01,No,DSCT.S1,192000000,DEPP01
118055,2019:06:14 06:44:35,14/06/2019,0.280961,Black Backed Jackal,13,0-0.2,DEPP01,No,DSCT.S1,192000000,DEPP01
118056,2019:06:14 06:44:35,14/06/2019,0.280961,Black Backed Jackal,12,0.2-0.4,DEPP01,No,DSCT.S1,192000000,DEPP01
118057,2019:06:14 06:44:35,14/06/2019,0.280961,Black Backed Jackal,12,0.2-0.4,DEPP01,No,DSCT.S1,192000000,DEPP01
118058,2019:06:14 06:44:34,14/06/2019,0.280949,Black Backed Jackal,11,0.4-0.6,DEPP01,Yes,DSCT.S1,192000000,DEPP01
118173,2019:06:12 03:08:23,12/06/2019,0.130822,Brown Hyena,12,0.4-0.6,DEPP01,No,DSCT.S1,192000000,DEPP01
118174,2019:06:12 03:08:23,12/06/2019,0.130822,Brown Hyena,12,0.4-0.6,DEPP01,No,DSCT.S1,192000000,DEPP01
118175,2019:06:12 03:08:23,12/06/2019,0.130822,Brown Hyena,11,0.6-0.8,DEPP01,No,DSCT.S1,192000000,DEPP01
118176,2019:06:12 03:08:22,12/06/2019,0.13081,Brown Hyena,11,0.6-0.8,DEPP01,No,DSCT.S1,192000000,DEPP01
118177,2019:06:12 03:08:22,12/06/2019,0.13081,Brown Hyena,10,0.6-0.8,DEPP01,No,DSCT.S1,192000000,DEPP01
118178,2019:06:12 03:08:22,12/06/2019,0.13081,Brown Hyena,12,0.8-1,DEPP01,Yes,DSCT.S1,192000000,DEPP01
122624,2019:06:11 09:31:29,11/06/2019,0.396863,Black Backed Jackal,26+,0.4-0.6,DEPP02,No,DSCT.S1,192000000,DEPP02
122625,2019:06:11 09:31:28,11/06/2019,0.396852,Black Backed Jackal,26+,0.6-0.8,DEPP02,No,DSCT.S1,192000000,DEPP02
122626,2019:06:11 09:31:28,11/06/2019,0.396852,Black Backed Jackal,26+,0.6-0.8,DEPP02,No,DSCT.S1,192000000,DEPP02
122627,2019:06:11 09:31:28,11/06/2019,0.396852,Black Backed Jackal,25,0.6-0.8,DEPP02,No,DSCT.S1,192000000,DEPP02
122628,2019:06:11 09:31:27,11/06/2019,0.39684,Black Backed Jackal,21,0.8-1,DEPP02,No,DSCT.S1,192000000,DEPP02
122629,2019:06:11 09:31:27,11/06/2019,0.39684,Black Backed Jackal,19,0.8-1,DEPP02,No,DSCT.S1,192000000,DEPP02
122630,2019:06:11 09:31:14,11/06/2019,0.39669,Black Backed Jackal,8,0.8-1,DEPP02,No,DSCT.S1,192000000,DEPP02
122631,2019:06:11 09:31:13,11/06/2019,0.396678,Black Backed Jackal,7.5,0.8-1,DEPP02,No,DSCT.S1,192000000,DEPP02
122632,2019:06:11 09:31:13,11/06/2019,0.396678,Black Backed Jackal,7.5,0.8-1,DEPP02,No,DSCT.S1,192000000,DEPP02
122633,2019:06:11 09:31:13,11/06/2019,0.396678,Black Backed Jackal,7,0.8-1,DEPP02,No,DSCT.S1,192000000,DEPP02
122634,2019:06:11 09:31:12,11/06/2019,0.396667,Black Backed Jackal,5.5,0.6-0.8,DEPP02,No,DSCT.S1,192000000,DEPP02
122635,2019:06:11 09:31:12,11/06/2019,0.396667,Black Backed Jackal,4.5,0.4-0.6,DEPP02,No,DSCT.S1,192000000,DEPP02
122636,2019:06:11 09:31:03,11/06/2019,0.396563,Black Backed Jackal,3.5,0.2-0.4,DEPP02,No,DSCT.S1,192000000,DEPP02
122637,2019:06:11 09:31:02,11/06/2019,0.396551,Black Backed Jackal,3.5,0.2-0.4,DEPP02,No,DSCT.S1,192000000,DEPP02
122638,2019:06:11 09:31:02,11/06/2019,0.396551,Black Backed Jackal,3.5,0.2-0.4,DEPP02,No,DSCT.S1,192000000,DEPP02
122639,2019:06:11 09:31:01,11/06/2019,0.396539,Black Backed Jackal,3.5,0.2-0.4,DEPP02,No,DSCT.S1,192000000,DEPP02
122640,2019:06:11 09:31:01,11/06/2019,0.396539,Black Backed Jackal,3.5,0.2-0.4,DEPP02,No,DSCT.S1,192000000,DEPP02
122641,2019:06:11 09:31:01,11/06/2019,0.396539,Black Backed Jackal,3.5,0.2-0.4,DEPP02,No,DSCT.S1,192000000,DEPP02
122642,2019:06:11 09:30:48,11/06/2019,0.396389,Black Backed Jackal,5.5,0.4-0.6,DEPP02,No,DSCT.S1,192000000,DEPP02
122643,2019:06:11 09:30:47,11/06/2019,0.396377,Black Backed Jackal,6,0.4-0.6,DEPP02,No,DSCT.S1,192000000,DEPP02
122644,2019:06:11 09:30:47,11/06/2019,0.396377,Black Backed Jackal,7.5,0.4-0.6,DEPP02,No,DSCT.S1,192000000,DEPP02
122645,2019:06:11 09:30:47,11/06/2019,0.396377,Black Backed Jackal,7.5,0.4-0.6,DEPP02,No,DSCT.S1,192000000,DEPP02
122646,2019:06:11 09:30:46,11/06/2019,0.396366,Black Backed Jackal,9.5,0.4-0.6,DEPP02,No,DSCT.S1,192000000,DEPP02
122647,2019:06:11 09:30:46,11/06/2019,0.396366,Black Backed Jackal,11,0.4-0.6,DEPP02,Yes,DSCT.S1,192000000,DEPP02
122666,2019:06:10 22:29:48,10/06/2019,0.937361,African Civet,6.5,0.2-0.4,DEPP02,No,DSCT.S1,192000000,DEPP02
122667,2019:06:10 22:29:48,10/06/2019,0.937361,African Civet,6.5,0.4-0.6,DEPP02,No,DSCT.S1,192000000,DEPP02
122668,2019:06:10 22:29:48,10/06/2019,0.937361,African Civet,7,0.4-0.6,DEPP02,No,DSCT.S1,192000000,DEPP02
122669,2019:06:10 22:29:47,10/06/2019,0.93735,African Civet,7.5,0.6-0.8,DEPP02,No,DSCT.S1,192000000,DEPP02
122670,2019:06:10 22:29:47,10/06/2019,0.93735,African Civet,7.5,0.6-0.8,DEPP02,No,DSCT.S1,192000000,DEPP02
122671,2019:06:10 22:29:47,10/06/2019,0.93735,African Civet,7.5,0.8-1,DEPP02,Yes,DSCT.S1,192000000,DEPP02
122942,2019:06:24 23:26:18,24/06/2019,0.976597,Leopard,11,0.2-0.4,MAPP03,No,DSCT.S1,192000000,MAPP03
122943,2019:06:24 23:26:18,24/06/2019,0.976597,Leopard,11,0.2-0.4,MAPP03,No,DSCT.S1,192000000,MAPP03
122944,2019:06:24 23:26:18,24/06/2019,0.976597,Leopard,11,0.2-0.4,MAPP03,No,DSCT.S1,192000000,MAPP03
122945,2019:06:24 23:26:17,24/06/2019,0.976586,Leopard,12,0.2-0.4,MAPP03,No,DSCT.S1,192000000,MAPP03
122946,2019:06:24 23:26:17,24/06/2019,0.976586,Leopard,13,0.2-0.4,MAPP03,No,DSCT.S1,192000000,MAPP03
122947,2019:06:24 23:26:17,24/06/2019,0.976586,Leopard,13,0.2-0.4,MAPP03,Yes,DSCT.S1,192000000,MAPP03
123248,2019:06:20 01:05:10,20/06/2019,0.045255,Leopard,9.5,0.4-0.6,MAPP03,No,DSCT.S1,192000000,MAPP03
123249,2019:06:20 01:05:10,20/06/2019,0.045255,Leopard,10,0.2-0.4,MAPP03,No,DSCT.S1,192000000,MAPP03
123250,2019:06:20 01:05:10,20/06/2019,0.045255,Leopard,11,0.2-0.4,MAPP03,No,DSCT.S1,192000000,MAPP03
123251,2019:06:20 01:05:09,20/06/2019,0.045243,Leopard,13,0-0.2,MAPP03,No,DSCT.S1,192000000,MAPP03
123252,2019:06:20 01:05:09,20/06/2019,0.045243,Leopard,14,0-0.2,MAPP03,No,DSCT.S1,192000000,MAPP03
123253,2019:06:20 01:05:09,20/06/2019,0.045243,Leopard,16,0-0.2,MAPP03,Yes,DSCT.S1,192000000,MAPP03
123902,2019:06:14 20:58:12,14/06/2019,0.87375,Black Backed Jackal,3.5,0.4-0.6,DEPP06,No,DSCT.S1,192000000,DEPP06
123903,2019:06:14 20:58:12,14/06/2019,0.87375,Black Backed Jackal,3.5,0.4-0.6,DEPP06,No,DSCT.S1,192000000,DEPP06
123904,2019:06:14 20:58:11,14/06/2019,0.873738,Black Backed Jackal,3.5,0.4-0.6,DEPP06,No,DSCT.S1,192000000,DEPP06
123905,2019:06:14 20:58:11,14/06/2019,0.873738,Black Backed Jackal,3.5,0.4-0.6,DEPP06,No,DSCT.S1,192000000,DEPP06
123906,2019:06:14 20:58:11,14/06/2019,0.873738,Black Backed Jackal,3.5,0.2-0.4,DEPP06,No,DSCT.S1,192000000,DEPP06
123907,2019:06:14 20:58:11,14/06/2019,0.873738,Black Backed Jackal,3.5,0.2-0.4,DEPP06,Yes,DSCT.S1,192000000,DEPP06
123938,2019:06:13 18:17:42,13/06/2019,0.762292,Black Backed Jackal,7,0-0.2,DEPP06,No,DSCT.S1,192000000,DEPP06
123939,2019:06:13 18:17:42,13/06/2019,0.762292,Black Backed Jackal,6.5,0-0.2,DEPP06,No,DSCT.S1,192000000,DEPP06
123940,2019:06:13 18:17:42,13/06/2019,0.762292,Black Backed Jackal,6.5,0-0.2,DEPP06,No,DSCT.S1,192000000,DEPP06
123941,2019:06:13 18:17:41,13/06/2019,0.76228,Black Backed Jackal,6.5,0-0.2,DEPP06,No,DSCT.S1,192000000,DEPP06
123942,2019:06:13 18:17:41,13/06/2019,0.76228,Black Backed Jackal,6,0.2-0.4,DEPP06,No,DSCT.S1,192000000,DEPP06
123943,2019:06:13 18:17:41,13/06/2019,0.76228,Black Backed Jackal,6,0.4-0.6,DEPP06,Yes,DSCT.S1,192000000,DEPP06
124166,2019:06:11 05:19:19,11/06/2019,0.221748,African Civet,4,0.8-1,DEPP06,No,DSCT.S1,192000000,DEPP06
124167,2019:06:11 05:19:19,11/06/2019,0.221748,African Civet,3.5,0.8-1,DEPP06,No,DSCT.S1,192000000,DEPP06
124168,2019:06:11 05:19:19,11/06/2019,0.221748,African Civet,3.5,0.8-1,DEPP06,No,DSCT.S1,192000000,DEPP06
124169,2019:06:11 05:19:18,11/06/2019,0.221736,African Civet,3.5,0.6-0.8,DEPP06,No,DSCT.S1,192000000,DEPP06
124170,2019:06:11 05:19:18,11/06/2019,0.221736,African Civet,3,0.4-0.6,DEPP06,No,DSCT.S1,192000000,DEPP06
124171,2019:06:11 05:19:18,11/06/2019,0.221736,African Civet,3,0.4-0.6,DEPP06,Yes,DSCT.S1,192000000,DEPP06
126190,2019:06:20 05:10:21,20/06/2019,0.215521,Black Backed Jackal,6.5,0.4-0.6,HAPP23,No,DSCT.S1,192000000,HAPP23
126191,2019:06:20 05:10:21,20/06/2019,0.215521,Black Backed Jackal,6.5,0.4-0.6,HAPP23,No,DSCT.S1,192000000,HAPP23
126192,2019:06:20 05:10:20,20/06/2019,0.215509,Black Backed Jackal,6.5,0.4-0.6,HAPP23,No,DSCT.S1,192000000,HAPP23
126193,2019:06:20 05:10:20,20/06/2019,0.215509,Black Backed Jackal,6.5,0.4-0.6,HAPP23,No,DSCT.S1,192000000,HAPP23
126194,2019:06:20 05:10:20,20/06/2019,0.215509,Black Backed Jackal,6.5,0.6-0.8,HAPP23,No,DSCT.S1,192000000,HAPP23
126195,2019:06:20 05:10:20,20/06/2019,0.215509,Black Backed Jackal,6.5,0.6-0.8,HAPP23,Yes,DSCT.S1,192000000,HAPP23
126316,2019:06:18 10:58:14,18/06/2019,0.457106,Leopard,24,0.8-1,HAPP23,No,DSCT.S1,192000000,HAPP23
126317,2019:06:18 10:58:13,18/06/2019,0.457095,Leopard,17,0.6-0.8,HAPP23,No,DSCT.S1,192000000,HAPP23
126318,2019:06:18 10:58:13,18/06/2019,0.457095,Leopard,15,0.4-0.6,HAPP23,No,DSCT.S1,192000000,HAPP23
126319,2019:06:18 10:58:13,18/06/2019,0.457095,Leopard,12,0-0.2,HAPP23,No,DSCT.S1,192000000,HAPP23
126320,2019:06:18 10:58:12,18/06/2019,0.457083,Leopard,10,0-0.2,HAPP23,No,DSCT.S1,192000000,HAPP23
126321,2019:06:18 10:58:12,18/06/2019,0.457083,Leopard,9,0.2-0.4,HAPP23,Yes,DSCT.S1,192000000,HAPP23
126334,2019:06:18 07:58:19,18/06/2019,0.332164,Leopard,8,0.2-0.4,HAPP23,No,DSCT.S1,192000000,HAPP23
126335,2019:06:18 07:58:18,18/06/2019,0.332153,Leopard,8.5,0.2-0.4,HAPP23,No,DSCT.S1,192000000,HAPP23
126336,2019:06:18 07:58:18,18/06/2019,0.332153,Leopard,9.5,0.2-0.4,HAPP23,No,DSCT.S1,192000000,HAPP23
126337,2019:06:18 07:58:18,18/06/2019,0.332153,Leopard,10,0.2-0.4,HAPP23,No,DSCT.S1,192000000,HAPP23
126338,2019:06:18 07:58:17,18/06/2019,0.332141,Leopard,10,0.2-0.4,HAPP23,No,DSCT.S1,192000000,HAPP23
126339,2019:06:18 07:58:17,18/06/2019,0.332141,Leopard,11,0-0.2,HAPP23,Yes,DSCT.S1,192000000,HAPP23
127067,2019:06:23 02:14:23,23/06/2019,0.093322,Black Backed Jackal,26+,0.8-1,GIPP21,No,DSCT.S1,192000000,GIPP21
127068,2019:06:23 02:14:22,23/06/2019,0.09331,Black Backed Jackal,22,0.8-1,GIPP21,No,DSCT.S1,192000000,GIPP21
127069,2019:06:23 02:14:22,23/06/2019,0.09331,Black Backed Jackal,19,0.6-0.8,GIPP21,No,DSCT.S1,192000000,GIPP21
127070,2019:06:23 02:14:22,23/06/2019,0.09331,Black Backed Jackal,17,0.6-0.8,GIPP21,No,DSCT.S1,192000000,GIPP21
127071,2019:06:23 02:14:22,23/06/2019,0.09331,Black Backed Jackal,15,0.6-0.8,GIPP21,No,DSCT.S1,192000000,GIPP21
127072,2019:06:23 02:14:21,23/06/2019,0.093299,Black Backed Jackal,14,0.4-0.6,GIPP21,No,DSCT.S1,192000000,GIPP21
127073,2019:06:23 02:14:13,23/06/2019,0.093206,Black Backed Jackal,9,0-0.2,GIPP21,No,DSCT.S1,192000000,GIPP21
127074,2019:06:23 02:14:13,23/06/2019,0.093206,Black Backed Jackal,9,0-0.2,GIPP21,No,DSCT.S1,192000000,GIPP21
127075,2019:06:23 02:14:12,23/06/2019,0.093194,Black Backed Jackal,8.5,0-0.2,GIPP21,No,DSCT.S1,192000000,GIPP21
127076,2019:06:23 02:14:12,23/06/2019,0.093194,Black Backed Jackal,8.5,0-0.2,GIPP21,No,DSCT.S1,192000000,GIPP21
127077,2019:06:23 02:14:12,23/06/2019,0.093194,Black Backed Jackal,8,0-0.2,GIPP21,No,DSCT.S1,192000000,GIPP21
127078,2019:06:23 02:14:12,23/06/2019,0.093194,Black Backed Jackal,7.5,0.2-0.4,GIPP21,Yes,DSCT.S1,192000000,GIPP21
128801,2019:06:16 00:34:11,16/06/2019,0.023738,Black Backed Jackal,8,0.4-0.6,HAPP13,No,DSCT.S1,192000000,HAPP13
128802,2019:06:16 00:34:11,16/06/2019,0.023738,Black Backed Jackal,8,0.4-0.6,HAPP13,No,DSCT.S1,192000000,HAPP13
128803,2019:06:16 00:34:11,16/06/2019,0.023738,Black Backed Jackal,8.5,0.2-0.4,HAPP13,No,DSCT.S1,192000000,HAPP13
128804,2019:06:16 00:34:10,16/06/2019,0.023727,Black Backed Jackal,8.5,0.2-0.4,HAPP13,No,DSCT.S1,192000000,HAPP13
128805,2019:06:16 00:34:10,16/06/2019,0.023727,Black Backed Jackal,8.5,0.2-0.4,HAPP13,No,DSCT.S1,192000000,HAPP13
128806,2019:06:16 00:34:10,16/06/2019,0.023727,Black Backed Jackal,8.5,0.2-0.4,HAPP13,No,DSCT.S1,192000000,HAPP13
128807,2019:06:16 00:33:46,16/06/2019,0.023449,Black Backed Jackal,12,0.2-0.4,HAPP13,No,DSCT.S1,192000000,HAPP13
128808,2019:06:16 00:33:46,16/06/2019,0.023449,Black Backed Jackal,13,0.2-0.4,HAPP13,No,DSCT.S1,192000000,HAPP13
128809,2019:06:16 00:33:45,16/06/2019,0.023438,Black Backed Jackal,13,0.2-0.4,HAPP13,No,DSCT.S1,192000000,HAPP13
128810,2019:06:16 00:33:45,16/06/2019,0.023438,Black Backed Jackal,13,0.4-0.6,HAPP13,No,DSCT.S1,192000000,HAPP13
128811,2019:06:16 00:33:45,16/06/2019,0.023438,Black Backed Jackal,14,0.4-0.6,HAPP13,No,DSCT.S1,192000000,HAPP13
128812,2019:06:16 00:33:45,16/06/2019,0.023438,Black Backed Jackal,14,0.4-0.6,HAPP13,Yes,DSCT.S1,192000000,HAPP13
130373,2019:06:12 04:34:23,12/06/2019,0.190544,Black Backed Jackal,6,0.2-0.4,DEPP07,No,DSCT.S1,192000000,DEPP07
130374,2019:06:12 04:34:22,12/06/2019,0.190532,Black Backed Jackal,6,0.2-0.4,DEPP07,No,DSCT.S1,192000000,DEPP07
130375,2019:06:12 04:34:22,12/06/2019,0.190532,Black Backed Jackal,6.5,0.2-0.4,DEPP07,No,DSCT.S1,192000000,DEPP07
130376,2019:06:12 04:34:22,12/06/2019,0.190532,Black Backed Jackal,7,0.2-0.4,DEPP07,No,DSCT.S1,192000000,DEPP07
130377,2019:06:12 04:34:21,12/06/2019,0.190521,Black Backed Jackal,7,0.2-0.4,DEPP07,No,DSCT.S1,192000000,DEPP07
130378,2019:06:12 04:34:21,12/06/2019,0.190521,Black Backed Jackal,7,0.2-0.4,DEPP07,Yes,DSCT.S1,192000000,DEPP07
130379,2019:06:11 20:30:49,11/06/2019,0.854734,Caracal,1,0.8-1,DEPP07,No,DSCT.S1,192000000,DEPP07
130380,2019:06:11 20:30:48,11/06/2019,0.854722,Caracal,1,0.8-1,DEPP07,No,DSCT.S1,192000000,DEPP07
130381,2019:06:11 20:30:48,11/06/2019,0.854722,Caracal,1.5,0.6-0.8,DEPP07,No,DSCT.S1,192000000,DEPP07
130382,2019:06:11 20:30:48,11/06/2019,0.854722,Caracal,1.5,0.2-0.4,DEPP07,No,DSCT.S1,192000000,DEPP07
130383,2019:06:11 20:30:48,11/06/2019,0.854722,Caracal,2,0-0.2,DEPP07,No,DSCT.S1,192000000,DEPP07
130384,2019:06:11 20:30:47,11/06/2019,0.854711,Caracal,2.5,0.4-0.6,DEPP07,Yes,DSCT.S1,192000000,DEPP07
130561,2019:06:26 22:31:45,26/06/2019,0.938715,Brown Hyena,7.5,0.2-0.4,MOPP14,No,DSCT.S1,192000000,MOPP14
130562,2019:06:26 22:31:44,26/06/2019,0.938704,Brown Hyena,7.5,0.4-0.6,MOPP14,No,DSCT.S1,192000000,MOPP14
130563,2019:06:26 22:31:44,26/06/2019,0.938704,Brown Hyena,7,0.4-0.6,MOPP14,No,DSCT.S1,192000000,MOPP14
130564,2019:06:26 22:31:44,26/06/2019,0.938704,Brown Hyena,7,0.6-0.8,MOPP14,No,DSCT.S1,192000000,MOPP14
130565,2019:06:26 22:31:44,26/06/2019,0.938704,Brown Hyena,7,0.6-0.8,MOPP14,No,DSCT.S1,192000000,MOPP14
130566,2019:06:26 22:31:43,26/06/2019,0.938692,Brown Hyena,7,0.6-0.8,MOPP14,Yes,DSCT.S1,192000000,MOPP14
131211,2019:06:24 23:15:39,24/06/2019,0.969201,African Civet,6,0.8-1,MOPP14,No,DSCT.S1,192000000,MOPP14
131212,2019:06:24 23:15:39,24/06/2019,0.969201,African Civet,6,0.8-1,MOPP14,No,DSCT.S1,192000000,MOPP14
131213,2019:06:24 23:15:38,24/06/2019,0.96919,African Civet,6,0.8-1,MOPP14,No,DSCT.S1,192000000,MOPP14
131214,2019:06:24 23:15:38,24/06/2019,0.96919,African Civet,6,0.8-1,MOPP14,No,DSCT.S1,192000000,MOPP14
131215,2019:06:24 23:15:25,24/06/2019,0.969039,African Civet,10,0.4-0.6,MOPP14,No,DSCT.S1,192000000,MOPP14
131216,2019:06:24 23:15:25,24/06/2019,0.969039,African Civet,11,0.4-0.6,MOPP14,No,DSCT.S1,192000000,MOPP14
131217,2019:06:24 23:15:25,24/06/2019,0.969039,African Civet,11,0.4-0.6,MOPP14,No,DSCT.S1,192000000,MOPP14
131218,2019:06:24 23:15:24,24/06/2019,0.969028,African Civet,11,0.4-0.6,MOPP14,No,DSCT.S1,192000000,MOPP14
131219,2019:06:24 23:15:24,24/06/2019,0.969028,African Civet,11,0.4-0.6,MOPP14,No,DSCT.S1,192000000,MOPP14
131220,2019:06:24 23:15:24,24/06/2019,0.969028,African Civet,12,0.6-0.8,MOPP14,Yes,DSCT.S1,192000000,MOPP14
133027,2019:06:19 05:47:41,19/06/2019,0.241447,Leopard,8,0.4-0.6,MOPP14,No,DSCT.S1,192000000,MOPP14
133028,2019:06:19 05:47:41,19/06/2019,0.241447,Leopard,7.5,0.4-0.6,MOPP14,No,DSCT.S1,192000000,MOPP14
133029,2019:06:19 05:47:41,19/06/2019,0.241447,Leopard,7.5,0.6-0.8,MOPP14,No,DSCT.S1,192000000,MOPP14
133030,2019:06:19 05:47:41,19/06/2019,0.241447,Leopard,7.5,0.6-0.8,MOPP14,No,DSCT.S1,192000000,MOPP14
133031,2019:06:19 05:47:40,19/06/2019,0.241435,Leopard,7.5,0.6-0.8,MOPP14,No,DSCT.S1,192000000,MOPP14
133032,2019:06:19 05:47:40,19/06/2019,0.241435,Leopard,7.5,0.8-1,MOPP14,Yes,DSCT.S1,192000000,MOPP14
134827,2019:06:25 06:56:45,25/06/2019,0.28941,Black Backed Jackal,17,0.8-1,SHPP09,No,DSCT.S1,192000000,SHPP09
134828,2019:06:25 06:56:44,25/06/2019,0.289398,Black Backed Jackal,15,0.6-0.8,SHPP09,No,DSCT.S1,192000000,SHPP09
134829,2019:06:25 06:56:44,25/06/2019,0.289398,Black Backed Jackal,14,0.6-0.8,SHPP09,No,DSCT.S1,192000000,SHPP09
134830,2019:06:25 06:56:43,25/06/2019,0.289387,Black Backed Jackal,12,0.4-0.6,SHPP09,No,DSCT.S1,192000000,SHPP09
134831,2019:06:25 06:56:43,25/06/2019,0.289387,Black Backed Jackal,12,0.2-0.4,SHPP09,No,DSCT.S1,192000000,SHPP09
134832,2019:06:25 06:56:43,25/06/2019,0.289387,Black Backed Jackal,11,0.2-0.4,SHPP09,Yes,DSCT.S1,192000000,SHPP09
136843,2019:06:14 02:25:35,14/06/2019,0.1011,Black Backed Jackal,2.5,0.8-1,GIPP22,No,DSCT.S1,192000000,GIPP22
136844,2019:06:14 02:25:34,14/06/2019,0.101088,Black Backed Jackal,2,0.4-0.6,GIPP22,No,DSCT.S1,192000000,GIPP22
136845,2019:06:14 02:25:34,14/06/2019,0.101088,Black Backed Jackal,2,0-0.2,GIPP22,No,DSCT.S1,192000000,GIPP22
136846,2019:06:14 02:25:34,14/06/2019,0.101088,Black Backed Jackal,2.5,0.2-0.4,GIPP22,Yes,DSCT.S1,192000000,GIPP22
136889,2019:06:13 06:38:16,13/06/2019,0.276574,Black Backed Jackal,4,0.8-1,GIPP22,No,DSCT.S1,192000000,GIPP22
136890,2019:06:13 06:38:16,13/06/2019,0.276574,Black Backed Jackal,4,0.6-0.8,GIPP22,No,DSCT.S1,192000000,GIPP22
136891,2019:06:13 06:38:16,13/06/2019,0.276574,Black Backed Jackal,4.5,0.2-0.4,GIPP22,No,DSCT.S1,192000000,GIPP22
136892,2019:06:13 06:38:15,13/06/2019,0.276563,Black Backed Jackal,5.5,0-0.2,GIPP22,No,DSCT.S1,192000000,GIPP22
136893,2019:06:13 06:38:15,13/06/2019,0.276563,Black Backed Jackal,6,0-0.2,GIPP22,Yes,DSCT.S1,192000000,GIPP22
137362,2019:06:23 04:31:22,23/06/2019,0.188449,Black Backed Jackal,7.5,0-0.2,HAPP17,No,DSCT.S1,192000000,HAPP17
137363,2019:06:23 04:31:21,23/06/2019,0.188438,Black Backed Jackal,8,0-0.2,HAPP17,No,DSCT.S1,192000000,HAPP17
137364,2019:06:23 04:31:21,23/06/2019,0.188438,Black Backed Jackal,8,0-0.2,HAPP17,No,DSCT.S1,192000000,HAPP17
137365,2019:06:23 04:31:21,23/06/2019,0.188438,Black Backed Jackal,8.5,0.2-0.4,HAPP17,No,DSCT.S1,192000000,HAPP17
137366,2019:06:23 04:31:21,23/06/2019,0.188438,Black Backed Jackal,9,0.4-0.6,HAPP17,No,DSCT.S1,192000000,HAPP17
137367,2019:06:23 04:31:20,23/06/2019,0.188426,Black Backed Jackal,9,0.6-0.8,HAPP17,Yes,DSCT.S1,192000000,HAPP17
137416,2019:06:22 07:26:22,22/06/2019,0.309977,Black Backed Jackal,8,0.2-0.4,HAPP17,No,DSCT.S1,192000000,HAPP17
137417,2019:06:22 07:26:22,22/06/2019,0.309977,Black Backed Jackal,8,0-0.2,HAPP17,No,DSCT.S1,192000000,HAPP17
137418,2019:06:22 07:26:22,22/06/2019,0.309977,Black Backed Jackal,8,0-0.2,HAPP17,No,DSCT.S1,192000000,HAPP17
137419,2019:06:22 07:26:22,22/06/2019,0.309977,Black Backed Jackal,8.5,0.2-0.4,HAPP17,No,DSCT.S1,192000000,HAPP17
137420,2019:06:22 07:26:21,22/06/2019,0.309965,Black Backed Jackal,9,0.2-0.4,HAPP17,No,DSCT.S1,192000000,HAPP17
137421,2019:06:22 07:26:21,22/06/2019,0.309965,Black Backed Jackal,9.5,0.4-0.6,HAPP17,Yes,DSCT.S1,192000000,HAPP17
137422,2019:06:22 03:51:16,22/06/2019,0.160602,Black Backed Jackal,8,0-0.2,HAPP17,No,DSCT.S1,192000000,HAPP17
137423,2019:06:22 03:51:15,22/06/2019,0.16059,Black Backed Jackal,8.5,0-0.2,HAPP17,No,DSCT.S1,192000000,HAPP17
137424,2019:06:22 03:51:15,22/06/2019,0.16059,Black Backed Jackal,8.5,0.2-0.4,HAPP17,No,DSCT.S1,192000000,HAPP17
137425,2019:06:22 03:51:15,22/06/2019,0.16059,Black Backed Jackal,9,0.2-0.4,HAPP17,No,DSCT.S1,192000000,HAPP17
137426,2019:06:22 03:51:15,22/06/2019,0.16059,Black Backed Jackal,9.5,0.4-0.6,HAPP17,No,DSCT.S1,192000000,HAPP17
137427,2019:06:22 03:51:14,22/06/2019,0.160579,Black Backed Jackal,10,0.6-0.8,HAPP17,Yes,DSCT.S1,192000000,HAPP17
137428,2019:06:22 01:11:17,22/06/2019,0.049502,Black Backed Jackal,8.5,0-0.2,HAPP17,No,DSCT.S1,192000000,HAPP17
137429,2019:06:22 01:11:17,22/06/2019,0.049502,Black Backed Jackal,8,0-0.2,HAPP17,No,DSCT.S1,192000000,HAPP17
137430,2019:06:22 01:11:17,22/06/2019,0.049502,Black Backed Jackal,8,0.2-0.4,HAPP17,No,DSCT.S1,192000000,HAPP17
137431,2019:06:22 01:11:16,22/06/2019,0.049491,Black Backed Jackal,8,0.2-0.4,HAPP17,No,DSCT.S1,192000000,HAPP17
137432,2019:06:22 01:11:16,22/06/2019,0.049491,Black Backed Jackal,8,0.4-0.6,HAPP17,No,DSCT.S1,192000000,HAPP17
137433,2019:06:22 01:11:16,22/06/2019,0.049491,Black Backed Jackal,8,0.4-0.6,HAPP17,Yes,DSCT.S1,192000000,HAPP17
137446,2019:06:21 17:33:37,21/06/2019,0.731678,Black Backed Jackal,9.5,0-0.2,HAPP17,No,DSCT.S1,192000000,HAPP17
137447,2019:06:21 17:33:36,21/06/2019,0.731667,Black Backed Jackal,9.5,0-0.2,HAPP17,No,DSCT.S1,192000000,HAPP17
137448,2019:06:21 17:33:36,21/06/2019,0.731667,Black Backed Jackal,9.5,0-0.2,HAPP17,No,DSCT.S1,192000000,HAPP17
137449,2019:06:21 17:33:36,21/06/2019,0.731667,Black Backed Jackal,10,0.2-0.4,HAPP17,No,DSCT.S1,192000000,HAPP17
137450,2019:06:21 17:33:36,21/06/2019,0.731667,Black Backed Jackal,10,0.2-0.4,HAPP17,No,DSCT.S1,192000000,HAPP17
137451,2019:06:21 17:33:35,21/06/2019,0.731655,Black Backed Jackal,11,0.4-0.6,HAPP17,No,DSCT.S1,192000000,HAPP17
137452,2019:06:21 17:17:00,21/06/2019,0.720139,Black Backed Jackal,10,0.2-0.4,HAPP17,No,DSCT.S1,192000000,HAPP17
137453,2019:06:21 17:17:00,21/06/2019,0.720139,Black Backed Jackal,10,0-0.2,HAPP17,Yes,DSCT.S1,192000000,HAPP17
137454,2019:06:21 17:17:00,21/06/2019,0.720139,Black Backed Jackal,9.5,0-0.2,HAPP17,No,DSCT.S1,192000000,HAPP17
137455,2019:06:21 17:16:59,21/06/2019,0.720127,Black Backed Jackal,9,0.2-0.4,HAPP17,No,DSCT.S1,192000000,HAPP17
137456,2019:06:21 17:16:59,21/06/2019,0.720127,Black Backed Jackal,9,0.4-0.6,HAPP17,No,DSCT.S1,192000000,HAPP17
137457,2019:06:21 17:16:59,21/06/2019,0.720127,Black Backed Jackal,9,0.4-0.6,HAPP17,Yes,DSCT.S1,192000000,HAPP17
137464,2019:06:21 05:39:00,21/06/2019,0.235417,Black Backed Jackal,10,0-0.2,HAPP17,No,DSCT.S1,192000000,HAPP17
137465,2019:06:21 05:39:00,21/06/2019,0.235417,Black Backed Jackal,10,0.2-0.4,HAPP17,No,DSCT.S1,192000000,HAPP17
137466,2019:06:21 05:38:59,21/06/2019,0.235405,Black Backed Jackal,10,0.2-0.4,HAPP17,No,DSCT.S1,192000000,HAPP17
137467,2019:06:21 05:38:59,21/06/2019,0.235405,Black Backed Jackal,11,0.4-0.6,HAPP17,No,DSCT.S1,192000000,HAPP17
137468,2019:06:21 05:38:59,21/06/2019,0.235405,Black Backed Jackal,11,0.4-0.6,HAPP17,No,DSCT.S1,192000000,HAPP17
137469,2019:06:21 05:38:58,21/06/2019,0.235394,Black Backed Jackal,11,0.6-0.8,HAPP17,Yes,DSCT.S1,192000000,HAPP17
137476,2019:06:21 00:03:41,21/06/2019,0.002558,Black Backed Jackal,10,0-0.2,HAPP17,No,DSCT.S1,192000000,HAPP17
137477,2019:06:21 00:03:40,21/06/2019,0.002546,Black Backed Jackal,10,0-0.2,HAPP17,No,DSCT.S1,192000000,HAPP17
137478,2019:06:21 00:03:40,21/06/2019,0.002546,Black Backed Jackal,10,0.2-0.4,HAPP17,No,DSCT.S1,192000000,HAPP17
137479,2019:06:21 00:03:40,21/06/2019,0.002546,Black Backed Jackal,10,0.2-0.4,HAPP17,No,DSCT.S1,192000000,HAPP17
137480,2019:06:21 00:03:40,21/06/2019,0.002546,Black Backed Jackal,11,0.4-0.6,HAPP17,No,DSCT.S1,192000000,HAPP17
137481,2019:06:21 00:03:39,21/06/2019,0.002535,Black Backed Jackal,11,0.4-0.6,HAPP17,Yes,DSCT.S1,192000000,HAPP17
137498,2019:06:20 21:01:37,20/06/2019,0.876123,Black Backed Jackal,8.5,0-0.2,HAPP17,No,DSCT.S1,192000000,HAPP17
137499,2019:06:20 21:01:37,20/06/2019,0.876123,Black Backed Jackal,8.5,0.2-0.4,HAPP17,No,DSCT.S1,192000000,HAPP17
137500,2019:06:20 21:01:37,20/06/2019,0.876123,Black Backed Jackal,8.5,0.2-0.4,HAPP17,No,DSCT.S1,192000000,HAPP17
137501,2019:06:20 21:01:36,20/06/2019,0.876111,Black Backed Jackal,8.5,0.4-0.6,HAPP17,No,DSCT.S1,192000000,HAPP17
137502,2019:06:20 21:01:36,20/06/2019,0.876111,Black Backed Jackal,9,0.4-0.6,HAPP17,No,DSCT.S1,192000000,HAPP17
137503,2019:06:20 21:01:36,20/06/2019,0.876111,Black Backed Jackal,9,0.4-0.6,HAPP17,Yes,DSCT.S1,192000000,HAPP17
137582,2019:06:18 00:15:45,18/06/2019,0.010938,Black Backed Jackal,9.5,0-0.2,HAPP17,No,DSCT.S1,192000000,HAPP17
137583,2019:06:18 00:15:45,18/06/2019,0.010938,Black Backed Jackal,9.5,0-0.2,HAPP17,No,DSCT.S1,192000000,HAPP17
137584,2019:06:18 00:15:44,18/06/2019,0.010926,Black Backed Jackal,9.5,0-0.2,HAPP17,No,DSCT.S1,192000000,HAPP17
137585,2019:06:18 00:15:44,18/06/2019,0.010926,Black Backed Jackal,10,0.2-0.4,HAPP17,No,DSCT.S1,192000000,HAPP17
137586,2019:06:18 00:15:44,18/06/2019,0.010926,Black Backed Jackal,10,0.2-0.4,HAPP17,No,DSCT.S1,192000000,HAPP17
137587,2019:06:18 00:15:43,18/06/2019,0.010914,Black Backed Jackal,11,0.4-0.6,HAPP17,Yes,DSCT.S1,192000000,HAPP17
137600,2019:06:17 19:53:13,17/06/2019,0.828623,Black Backed Jackal,9.5,0-0.2,HAPP17,No,DSCT.S1,192000000,HAPP17
137601,2019:06:17 19:53:13,17/06/2019,0.828623,Black Backed Jackal,9.5,0-0.2,HAPP17,No,DSCT.S1,192000000,HAPP17
137602,2019:06:17 19:53:13,17/06/2019,0.828623,Black Backed Jackal,9,0.2-0.4,HAPP17,No,DSCT.S1,192000000,HAPP17
137603,2019:06:17 19:53:13,17/06/2019,0.828623,Black Backed Jackal,9,0.2-0.4,HAPP17,No,DSCT.S1,192000000,HAPP17
137604,2019:06:17 19:53:12,17/06/2019,0.828611,Black Backed Jackal,9,0.4-0.6,HAPP17,No,DSCT.S1,192000000,HAPP17
137605,2019:06:17 19:53:12,17/06/2019,0.828611,Black Backed Jackal,9,0.6-0.8,HAPP17,No,DSCT.S1,192000000,HAPP17
137606,2019:06:17 19:52:59,17/06/2019,0.828461,Black Backed Jackal,10,0-0.2,HAPP17,No,DSCT.S1,192000000,HAPP17
137607,2019:06:17 19:52:59,17/06/2019,0.828461,Black Backed Jackal,9.5,0-0.2,HAPP17,No,DSCT.S1,192000000,HAPP17
137608,2019:06:17 19:52:58,17/06/2019,0.828449,Black Backed Jackal,9.5,0-0.2,HAPP17,No,DSCT.S1,192000000,HAPP17
137609,2019:06:17 19:52:58,17/06/2019,0.828449,Black Backed Jackal,9,0-0.2,HAPP17,No,DSCT.S1,192000000,HAPP17
137610,2019:06:17 19:52:58,17/06/2019,0.828449,Black Backed Jackal,9.5,0.2-0.4,HAPP17,No,DSCT.S1,192000000,HAPP17
137611,2019:06:17 19:52:57,17/06/2019,0.828438,Black Backed Jackal,9.5,0.2-0.4,HAPP17,Yes,DSCT.S1,192000000,HAPP17
137702,2019:06:16 05:11:11,16/06/2019,0.2161,African Civet,9.5,0.8-1,HAPP17,No,DSCT.S1,192000000,HAPP17
137703,2019:06:16 05:11:11,16/06/2019,0.2161,African Civet,9.5,0.8-1,HAPP17,No,DSCT.S1,192000000,HAPP17
137704,2019:06:16 05:11:11,16/06/2019,0.2161,African Civet,9.5,0.8-1,HAPP17,No,DSCT.S1,192000000,HAPP17
137705,2019:06:16 05:11:10,16/06/2019,0.216088,African Civet,9.5,0.8-1,HAPP17,No,DSCT.S1,192000000,HAPP17
137706,2019:06:16 05:11:10,16/06/2019,0.216088,African Civet,10,0.6-0.8,HAPP17,No,DSCT.S1,192000000,HAPP17
137707,2019:06:16 05:11:10,16/06/2019,0.216088,African Civet,10,0.6-0.8,HAPP17,No,DSCT.S1,192000000,HAPP17
137708,2019:06:16 05:09:53,16/06/2019,0.215197,African Civet,11,0.4-0.6,HAPP17,No,DSCT.S1,192000000,HAPP17
137709,2019:06:16 05:09:53,16/06/2019,0.215197,African Civet,11,0.4-0.6,HAPP17,No,DSCT.S1,192000000,HAPP17
137710,2019:06:16 05:09:52,16/06/2019,0.215185,African Civet,11,0.4-0.6,HAPP17,No,DSCT.S1,192000000,HAPP17
137711,2019:06:16 05:09:52,16/06/2019,0.215185,African Civet,10,0.6-0.8,HAPP17,No,DSCT.S1,192000000,HAPP17
137712,2019:06:16 05:09:52,16/06/2019,0.215185,African Civet,10,0.6-0.8,HAPP17,No,DSCT.S1,192000000,HAPP17
137713,2019:06:16 05:09:51,16/06/2019,0.215174,African Civet,10,0.6-0.8,HAPP17,No,DSCT.S1,192000000,HAPP17
137714,2019:06:16 05:09:40,16/06/2019,0.215046,African Civet,11,0.2-0.4,HAPP17,No,DSCT.S1,192000000,HAPP17
137715,2019:06:16 05:09:40,16/06/2019,0.215046,African Civet,11,0.4-0.6,HAPP17,No,DSCT.S1,192000000,HAPP17
137716,2019:06:16 05:09:40,16/06/2019,0.215046,African Civet,11,0.4-0.6,HAPP17,No,DSCT.S1,192000000,HAPP17
137717,2019:06:16 05:09:40,16/06/2019,0.215046,African Civet,11,0.4-0.6,HAPP17,No,DSCT.S1,192000000,HAPP17
137718,2019:06:16 05:09:39,16/06/2019,0.215035,African Civet,11,0.6-0.8,HAPP17,No,DSCT.S1,192000000,HAPP17
137719,2019:06:16 05:09:39,16/06/2019,0.215035,African Civet,12,0.6-0.8,HAPP17,Yes,DSCT.S1,192000000,HAPP17
137738,2019:06:15 20:41:21,15/06/2019,0.862049,Black Backed Jackal,9.5,0-0.2,HAPP17,No,DSCT.S1,192000000,HAPP17
137739,2019:06:15 20:41:20,15/06/2019,0.862037,Black Backed Jackal,10,0-0.2,HAPP17,No,DSCT.S1,192000000,HAPP17
137740,2019:06:15 20:41:20,15/06/2019,0.862037,Black Backed Jackal,10,0-0.2,HAPP17,No,DSCT.S1,192000000,HAPP17
137741,2019:06:15 20:41:20,15/06/2019,0.862037,Black Backed Jackal,10,0.2-0.4,HAPP17,No,DSCT.S1,192000000,HAPP17
137742,2019:06:15 20:41:20,15/06/2019,0.862037,Black Backed Jackal,11,0.4-0.6,HAPP17,No,DSCT.S1,192000000,HAPP17
137743,2019:06:15 20:41:19,15/06/2019,0.862025,Black Backed Jackal,11,0.4-0.6,HAPP17,Yes,DSCT.S1,192000000,HAPP17
137798,2019:06:14 20:28:14,14/06/2019,0.85294,Black Backed Jackal,9,0.2-0.4,HAPP17,No,DSCT.S1,192000000,HAPP17
137799,2019:06:14 20:28:14,14/06/2019,0.85294,Black Backed Jackal,9,0.2-0.4,HAPP17,No,DSCT.S1,192000000,HAPP17
137800,2019:06:14 20:28:13,14/06/2019,0.852928,Black Backed Jackal,8.5,0.2-0.4,HAPP17,No,DSCT.S1,192000000,HAPP17
137801,2019:06:14 20:28:13,14/06/2019,0.852928,Black Backed Jackal,8.5,0-0.2,HAPP17,No,DSCT.S1,192000000,HAPP17
137802,2019:06:14 20:28:13,14/06/2019,0.852928,Black Backed Jackal,8.5,0-0.2,HAPP17,No,DSCT.S1,192000000,HAPP17
137803,2019:06:14 20:28:13,14/06/2019,0.852928,Black Backed Jackal,8.5,0-0.2,HAPP17,No,DSCT.S1,192000000,HAPP17
137804,2019:06:14 20:27:50,14/06/2019,0.852662,Black Backed Jackal,7,0.2-0.4,HAPP17,No,DSCT.S1,192000000,HAPP17
137805,2019:06:14 20:27:49,14/06/2019,0.85265,Black Backed Jackal,7.5,0.2-0.4,HAPP17,No,DSCT.S1,192000000,HAPP17
137806,2019:06:14 20:27:49,14/06/2019,0.85265,Black Backed Jackal,8,0.4-0.6,HAPP17,No,DSCT.S1,192000000,HAPP17
137807,2019:06:14 20:27:49,14/06/2019,0.85265,Black Backed Jackal,8.5,0.4-0.6,HAPP17,No,DSCT.S1,192000000,HAPP17
137808,2019:06:14 20:27:49,14/06/2019,0.85265,Black Backed Jackal,9,0.6-0.8,HAPP17,No,DSCT.S1,192000000,HAPP17
137809,2019:06:14 20:27:48,14/06/2019,0.852639,Black Backed Jackal,9.5,0.6-0.8,HAPP17,Yes,DSCT.S1,192000000,HAPP17
138086,2019:06:12 08:19:31,12/06/2019,0.346887,Black Backed Jackal,9,0-0.2,HAPP17,No,DSCT.S1,192000000,HAPP17
138088,2019:06:12 08:19:30,12/06/2019,0.346875,Black Backed Jackal,8.5,0-0.2,HAPP17,No,DSCT.S1,192000000,HAPP17
138090,2019:06:12 08:19:29,12/06/2019,0.346863,Black Backed Jackal,8,0.2-0.4,HAPP17,No,DSCT.S1,192000000,HAPP17
138092,2019:06:11 20:13:59,11/06/2019,0.843044,Black Backed Jackal,9,0-0.2,HAPP17,No,DSCT.S1,192000000,HAPP17
138093,2019:06:11 20:13:59,11/06/2019,0.843044,Black Backed Jackal,9,0-0.2,HAPP17,No,DSCT.S1,192000000,HAPP17
138094,2019:06:11 20:13:59,11/06/2019,0.843044,Black Backed Jackal,9,0.2-0.4,HAPP17,No,DSCT.S1,192000000,HAPP17
138095,2019:06:11 20:13:59,11/06/2019,0.843044,Black Backed Jackal,9.5,0.2-0.4,HAPP17,No,DSCT.S1,192000000,HAPP17
138096,2019:06:11 20:13:58,11/06/2019,0.843032,Black Backed Jackal,9.5,0.4-0.6,HAPP17,No,DSCT.S1,192000000,HAPP17
138097,2019:06:11 20:13:58,11/06/2019,0.843032,Black Backed Jackal,10,0.4-0.6,HAPP17,No,DSCT.S1,192000000,HAPP17
138098,2019:06:11 20:13:44,11/06/2019,0.84287,Black Backed Jackal,9.5,0-0.2,HAPP17,No,DSCT.S1,192000000,HAPP17
138099,2019:06:11 20:13:44,11/06/2019,0.84287,Black Backed Jackal,10,0-0.2,HAPP17,No,DSCT.S1,192000000,HAPP17
138100,2019:06:11 20:13:44,11/06/2019,0.84287,Black Backed Jackal,10,0-0.2,HAPP17,No,DSCT.S1,192000000,HAPP17
138101,2019:06:11 20:13:43,11/06/2019,0.842859,Black Backed Jackal,10,0-0.2,HAPP17,No,DSCT.S1,192000000,HAPP17
138102,2019:06:11 20:13:43,11/06/2019,0.842859,Black Backed Jackal,10,0.2-0.4,HAPP17,No,DSCT.S1,192000000,HAPP17
138103,2019:06:11 20:13:43,11/06/2019,0.842859,Black Backed Jackal,11,0.2-0.4,HAPP17,Yes,DSCT.S1,192000000,HAPP17
138542,2019:06:22 00:14:33,22/06/2019,0.010104,Black Backed Jackal,6.5,0.2-0.4,HAPP15,No,DSCT.S1,192000000,HAPP15
138543,2019:06:22 00:14:33,22/06/2019,0.010104,Black Backed Jackal,7,0-0.2,HAPP15,No,DSCT.S1,192000000,HAPP15
138544,2019:06:22 00:14:32,22/06/2019,0.010093,Black Backed Jackal,7.5,0-0.2,HAPP15,No,DSCT.S1,192000000,HAPP15
138545,2019:06:22 00:14:32,22/06/2019,0.010093,Black Backed Jackal,8,0-0.2,HAPP15,No,DSCT.S1,192000000,HAPP15
138546,2019:06:22 00:14:32,22/06/2019,0.010093,Black Backed Jackal,8,0-0.2,HAPP15,No,DSCT.S1,192000000,HAPP15
138547,2019:06:22 00:14:31,22/06/2019,0.010081,Black Backed Jackal,8.5,0.2-0.4,HAPP15,No,DSCT.S1,192000000,HAPP15
138548,2019:06:22 00:14:15,22/06/2019,0.009896,Black Backed Jackal,7.5,0.6-0.8,HAPP15,No,DSCT.S1,192000000,HAPP15
138549,2019:06:22 00:14:15,22/06/2019,0.009896,Black Backed Jackal,7.5,0.4-0.6,HAPP15,No,DSCT.S1,192000000,HAPP15
138550,2019:06:22 00:14:15,22/06/2019,0.009896,Black Backed Jackal,7.5,0.2-0.4,HAPP15,No,DSCT.S1,192000000,HAPP15
138551,2019:06:22 00:14:15,22/06/2019,0.009896,Black Backed Jackal,7.5,0-0.2,HAPP15,No,DSCT.S1,192000000,HAPP15
138552,2019:06:22 00:14:14,22/06/2019,0.009884,Black Backed Jackal,7.5,0-0.2,HAPP15,No,DSCT.S1,192000000,HAPP15
138553,2019:06:22 00:14:14,22/06/2019,0.009884,Black Backed Jackal,9,0.2-0.4,HAPP15,Yes,DSCT.S1,192000000,HAPP15
138842,2019:06:20 14:03:21,20/06/2019,0.58566,Black Backed Jackal,6,0.8-1,HAPP15,No,DSCT.S1,192000000,HAPP15
138843,2019:06:20 14:03:21,20/06/2019,0.58566,Black Backed Jackal,5.5,0.6-0.8,HAPP15,No,DSCT.S1,192000000,HAPP15
138844,2019:06:20 14:03:20,20/06/2019,0.585648,Black Backed Jackal,6,0.4-0.6,HAPP15,Yes,DSCT.S1,192000000,HAPP15
138869,2019:06:20 07:19:45,20/06/2019,0.305382,Brown Hyena,1.5,0-0.2,HAPP15,No,DSCT.S1,192000000,HAPP15
138870,2019:06:20 07:19:44,20/06/2019,0.30537,Brown Hyena,1.5,0-0.2,HAPP15,No,DSCT.S1,192000000,HAPP15
138871,2019:06:20 07:19:44,20/06/2019,0.30537,Brown Hyena,1.5,0-0.2,HAPP15,No,DSCT.S1,192000000,HAPP15
138872,2019:06:20 07:19:44,20/06/2019,0.30537,Brown Hyena,1.5,0-0.2,HAPP15,No,DSCT.S1,192000000,HAPP15
138873,2019:06:20 07:19:43,20/06/2019,0.305359,Brown Hyena,1.5,0-0.2,HAPP15,No,DSCT.S1,192000000,HAPP15
138874,2019:06:20 07:19:43,20/06/2019,0.305359,Brown Hyena,1.5,0-0.2,HAPP15,No,DSCT.S1,192000000,HAPP15
138875,2019:06:20 07:19:34,20/06/2019,0.305255,Brown Hyena,2,0-0.2,HAPP15,No,DSCT.S1,192000000,HAPP15
138876,2019:06:20 07:19:34,20/06/2019,0.305255,Brown Hyena,2,0-0.2,HAPP15,No,DSCT.S1,192000000,HAPP15
138877,2019:06:20 07:19:33,20/06/2019,0.305243,Brown Hyena,2,0-0.2,HAPP15,No,DSCT.S1,192000000,HAPP15
138878,2019:06:20 07:19:33,20/06/2019,0.305243,Brown Hyena,2,0-0.2,HAPP15,No,DSCT.S1,192000000,HAPP15
138879,2019:06:20 07:19:32,20/06/2019,0.305231,Brown Hyena,2,0-0.2,HAPP15,No,DSCT.S1,192000000,HAPP15
138880,2019:06:20 07:19:32,20/06/2019,0.305231,Brown Hyena,2.5,0-0.2,HAPP15,No,DSCT.S1,192000000,HAPP15
138881,2019:06:20 07:19:22,20/06/2019,0.305116,Brown Hyena,8.5,0-0.2,HAPP15,No,DSCT.S1,192000000,HAPP15
138882,2019:06:20 07:19:22,20/06/2019,0.305116,Brown Hyena,8.5,0.2-0.4,HAPP15,No,DSCT.S1,192000000,HAPP15
138883,2019:06:20 07:19:21,20/06/2019,0.305104,Brown Hyena,8.5,0.2-0.4,HAPP15,No,DSCT.S1,192000000,HAPP15
138884,2019:06:20 07:19:21,20/06/2019,0.305104,Brown Hyena,9,0.2-0.4,HAPP15,No,DSCT.S1,192000000,HAPP15
138885,2019:06:20 07:19:21,20/06/2019,0.305104,Brown Hyena,9,0.2-0.4,HAPP15,No,DSCT.S1,192000000,HAPP15
138886,2019:06:20 07:19:20,20/06/2019,0.305093,Brown Hyena,9.5,0.4-0.6,HAPP15,No,DSCT.S1,192000000,HAPP15
138887,2019:06:20 07:07:24,20/06/2019,0.296806,Black Backed Jackal,10,0.2-0.4,HAPP15,No,DSCT.S1,192000000,HAPP15
138888,2019:06:20 07:07:24,20/06/2019,0.296806,Black Backed Jackal,9.5,0-0.2,HAPP15,No,DSCT.S1,192000000,HAPP15
138889,2019:06:20 07:07:23,20/06/2019,0.296794,Black Backed Jackal,8.5,0-0.2,HAPP15,No,DSCT.S1,192000000,HAPP15
138890,2019:06:20 07:07:23,20/06/2019,0.296794,Black Backed Jackal,8,0.2-0.4,HAPP15,No,DSCT.S1,192000000,HAPP15
138891,2019:06:20 07:07:23,20/06/2019,0.296794,Black Backed Jackal,8,0.2-0.4,HAPP15,No,DSCT.S1,192000000,HAPP15
138892,2019:06:20 07:07:22,20/06/2019,0.296782,Black Backed Jackal,7.5,0.4-0.6,HAPP15,Yes,DSCT.S1,192000000,HAPP15
138941,2019:06:20 06:55:02,20/06/2019,0.288218,Brown Hyena,1,0.2-0.4,HAPP15,No,DSCT.S1,192000000,HAPP15
138942,2019:06:20 06:55:02,20/06/2019,0.288218,Brown Hyena,1,0-0.2,HAPP15,No,DSCT.S1,192000000,HAPP15
138943,2019:06:20 06:55:02,20/06/2019,0.288218,Brown Hyena,1,0.2-0.4,HAPP15,No,DSCT.S1,192000000,HAPP15
138944,2019:06:20 06:55:01,20/06/2019,0.288206,Brown Hyena,1.5,0.2-0.4,HAPP15,No,DSCT.S1,192000000,HAPP15
138945,2019:06:20 06:55:01,20/06/2019,0.288206,Brown Hyena,1.5,0.4-0.6,HAPP15,No,DSCT.S1,192000000,HAPP15
138946,2019:06:20 06:55:01,20/06/2019,0.288206,Brown Hyena,1.5,0.6-0.8,HAPP15,Yes,DSCT.S1,192000000,HAPP15
139169,2019:06:16 18:05:57,16/06/2019,0.754132,Brown Hyena,1.5,0-0.2,HAPP15,No,DSCT.S1,192000000,HAPP15
139170,2019:06:16 18:05:56,16/06/2019,0.75412,Brown Hyena,2,0-0.2,HAPP15,No,DSCT.S1,192000000,HAPP15
139171,2019:06:16 18:05:56,16/06/2019,0.75412,Brown Hyena,2,0-0.2,HAPP15,No,DSCT.S1,192000000,HAPP15
139172,2019:06:16 18:05:56,16/06/2019,0.75412,Brown Hyena,2.5,0.2-0.4,HAPP15,No,DSCT.S1,192000000,HAPP15
139173,2019:06:16 18:05:56,16/06/2019,0.75412,Brown Hyena,2.5,0.2-0.4,HAPP15,No,DSCT.S1,192000000,HAPP15
139174,2019:06:16 18:05:55,16/06/2019,0.754109,Brown Hyena,3,0.2-0.4,HAPP15,No,DSCT.S1,192000000,HAPP15
139175,2019:06:16 18:05:45,16/06/2019,0.753993,Brown Hyena,6,0-0.2,HAPP15,No,DSCT.S1,192000000,HAPP15
139176,2019:06:16 18:05:45,16/06/2019,0.753993,Brown Hyena,5.5,0.2-0.4,HAPP15,No,DSCT.S1,192000000,HAPP15
139177,2019:06:16 18:05:45,16/06/2019,0.753993,Brown Hyena,5.5,0.2-0.4,HAPP15,No,DSCT.S1,192000000,HAPP15
139178,2019:06:16 18:05:44,16/06/2019,0.753981,Brown Hyena,5,0.4-0.6,HAPP15,No,DSCT.S1,192000000,HAPP15
139179,2019:06:16 18:05:44,16/06/2019,0.753981,Brown Hyena,5,0.4-0.6,HAPP15,No,DSCT.S1,192000000,HAPP15
139180,2019:06:16 18:05:44,16/06/2019,0.753981,Brown Hyena,4.5,0.6-0.8,HAPP15,Yes,DSCT.S1,192000000,HAPP15
139595,2019:06:14 04:20:59,14/06/2019,0.181238,African Civet,5.5,0.2-0.4,HAPP15,No,DSCT.S1,192000000,HAPP15
139596,2019:06:14 04:20:59,14/06/2019,0.181238,African Civet,5.5,0.2-0.4,HAPP15,No,DSCT.S1,192000000,HAPP15
139597,2019:06:14 04:20:58,14/06/2019,0.181227,African Civet,5.5,0.4-0.6,HAPP15,No,DSCT.S1,192000000,HAPP15
139598,2019:06:14 04:20:58,14/06/2019,0.181227,African Civet,5.5,0.4-0.6,HAPP15,No,DSCT.S1,192000000,HAPP15
139599,2019:06:14 04:20:58,14/06/2019,0.181227,African Civet,5,0.4-0.6,HAPP15,No,DSCT.S1,192000000,HAPP15
139600,2019:06:14 04:20:58,14/06/2019,0.181227,African Civet,5,0.4-0.6,HAPP15,Yes,DSCT.S1,192000000,HAPP15
139625,2019:06:14 00:06:27,14/06/2019,0.004479,Black Backed Jackal,4.5,0.2-0.4,HAPP15,No,DSCT.S1,192000000,HAPP15
139626,2019:06:14 00:06:27,14/06/2019,0.004479,Black Backed Jackal,5.5,0-0.2,HAPP15,No,DSCT.S1,192000000,HAPP15
139627,2019:06:14 00:06:27,14/06/2019,0.004479,Black Backed Jackal,5.5,0-0.2,HAPP15,No,DSCT.S1,192000000,HAPP15
139628,2019:06:14 00:06:26,14/06/2019,0.004468,Black Backed Jackal,6,0-0.2,HAPP15,No,DSCT.S1,192000000,HAPP15
139629,2019:06:14 00:06:26,14/06/2019,0.004468,Black Backed Jackal,6.5,0-0.2,HAPP15,No,DSCT.S1,192000000,HAPP15
139630,2019:06:14 00:06:26,14/06/2019,0.004468,Black Backed Jackal,7,0-0.2,HAPP15,Yes,DSCT.S1,192000000,HAPP15
140045,2019:06:13 06:14:05,13/06/2019,0.25978,Black Backed Jackal,6,0-0.2,HAPP15,No,DSCT.S1,192000000,HAPP15
140046,2019:06:13 06:14:05,13/06/2019,0.25978,Black Backed Jackal,6,0-0.2,HAPP15,No,DSCT.S1,192000000,HAPP15
140047,2019:06:13 06:14:04,13/06/2019,0.259769,Black Backed Jackal,6.5,0-0.2,HAPP15,No,DSCT.S1,192000000,HAPP15
140048,2019:06:13 06:14:04,13/06/2019,0.259769,Black Backed Jackal,7.5,0.2-0.4,HAPP15,No,DSCT.S1,192000000,HAPP15
140049,2019:06:13 06:14:04,13/06/2019,0.259769,Black Backed Jackal,8.5,0.4-0.6,HAPP15,No,DSCT.S1,192000000,HAPP15
140050,2019:06:13 06:14:04,13/06/2019,0.259769,Black Backed Jackal,9.5,0.4-0.6,HAPP15,Yes,DSCT.S1,192000000,HAPP15
140051,2019:06:13 05:31:32,13/06/2019,0.230231,Black Backed Jackal,7,0-0.2,HAPP15,No,DSCT.S1,192000000,HAPP15
140052,2019:06:13 05:31:32,13/06/2019,0.230231,Black Backed Jackal,7.5,0-0.2,HAPP15,No,DSCT.S1,192000000,HAPP15
140053,2019:06:13 05:31:31,13/06/2019,0.23022,Black Backed Jackal,7.5,0.2-0.4,HAPP15,No,DSCT.S1,192000000,HAPP15
140054,2019:06:13 05:31:31,13/06/2019,0.23022,Black Backed Jackal,8,0.2-0.4,HAPP15,No,DSCT.S1,192000000,HAPP15
140055,2019:06:13 05:31:31,13/06/2019,0.23022,Black Backed Jackal,9,0.2-0.4,HAPP15,No,DSCT.S1,192000000,HAPP15
140056,2019:06:13 05:31:30,13/06/2019,0.230208,Black Backed Jackal,9.5,0.4-0.6,HAPP15,Yes,DSCT.S1,192000000,HAPP15
140057,2019:06:12 19:46:14,12/06/2019,0.823773,Black Backed Jackal,7,0-0.2,HAPP15,No,DSCT.S1,192000000,HAPP15
140058,2019:06:12 19:46:13,12/06/2019,0.823762,Black Backed Jackal,6,0-0.2,HAPP15,No,DSCT.S1,192000000,HAPP15
140059,2019:06:12 19:46:13,12/06/2019,0.823762,Black Backed Jackal,5.5,0-0.2,HAPP15,No,DSCT.S1,192000000,HAPP15
140060,2019:06:12 19:46:13,12/06/2019,0.823762,Black Backed Jackal,5.5,0.2-0.4,HAPP15,No,DSCT.S1,192000000,HAPP15
140061,2019:06:12 19:46:13,12/06/2019,0.823762,Black Backed Jackal,5,0.2-0.4,HAPP15,No,DSCT.S1,192000000,HAPP15
140062,2019:06:12 19:46:12,12/06/2019,0.82375,Black Backed Jackal,5,0.4-0.6,HAPP15,Yes,DSCT.S1,192000000,HAPP15
140171,2019:06:12 05:41:38,12/06/2019,0.237245,Black Backed Jackal,6.5,0-0.2,HAPP15,No,DSCT.S1,192000000,HAPP15
140172,2019:06:12 05:41:37,12/06/2019,0.237234,Black Backed Jackal,7,0-0.2,HAPP15,No,DSCT.S1,192000000,HAPP15
140173,2019:06:12 05:41:37,12/06/2019,0.237234,Black Backed Jackal,7.5,0.2-0.4,HAPP15,No,DSCT.S1,192000000,HAPP15
140174,2019:06:12 05:41:37,12/06/2019,0.237234,Black Backed Jackal,8,0.2-0.4,HAPP15,No,DSCT.S1,192000000,HAPP15
140175,2019:06:12 05:41:36,12/06/2019,0.237222,Black Backed Jackal,9,0.2-0.4,HAPP15,No,DSCT.S1,192000000,HAPP15
140176,2019:06:12 05:41:36,12/06/2019,0.237222,Black Backed Jackal,9.5,0.4-0.6,HAPP15,Yes,DSCT.S1,192000000,HAPP15
140177,2019:06:12 01:25:43,12/06/2019,0.059525,Black Backed Jackal,6,0-0.2,HAPP15,No,DSCT.S1,192000000,HAPP15
140178,2019:06:12 01:25:43,12/06/2019,0.059525,Black Backed Jackal,6,0-0.2,HAPP15,No,DSCT.S1,192000000,HAPP15
140179,2019:06:12 01:25:43,12/06/2019,0.059525,Black Backed Jackal,5.5,0.2-0.4,HAPP15,No,DSCT.S1,192000000,HAPP15
140180,2019:06:12 01:25:43,12/06/2019,0.059525,Black Backed Jackal,5.5,0.2-0.4,HAPP15,No,DSCT.S1,192000000,HAPP15
140181,2019:06:12 01:25:42,12/06/2019,0.059514,Black Backed Jackal,5,0.4-0.6,HAPP15,No,DSCT.S1,192000000,HAPP15
140182,2019:06:12 01:25:42,12/06/2019,0.059514,Black Backed Jackal,5,0.6-0.8,HAPP15,Yes,DSCT.S1,192000000,HAPP15
140657,2019:06:22 16:29:51,22/06/2019,0.687396,Black Backed Jackal,8,0-0.2,HAPP18,No,DSCT.S1,192000000,HAPP18
140658,2019:06:22 16:29:51,22/06/2019,0.687396,Black Backed Jackal,8,0-0.2,HAPP18,No,DSCT.S1,192000000,HAPP18
140659,2019:06:22 16:29:51,22/06/2019,0.687396,Black Backed Jackal,8,0-0.2,HAPP18,No,DSCT.S1,192000000,HAPP18
140660,2019:06:22 16:29:51,22/06/2019,0.687396,Black Backed Jackal,8,0-0.2,HAPP18,No,DSCT.S1,192000000,HAPP18
140661,2019:06:22 16:29:50,22/06/2019,0.687384,Black Backed Jackal,8,0.2-0.4,HAPP18,No,DSCT.S1,192000000,HAPP18
140662,2019:06:22 16:29:50,22/06/2019,0.687384,Black Backed Jackal,8.5,0.2-0.4,HAPP18,Yes,DSCT.S1,192000000,HAPP18
141083,2019:06:19 21:48:41,19/06/2019,0.908808,Brown Hyena,7.5,0.2-0.4,HAPP18,No,DSCT.S1,192000000,HAPP18
141084,2019:06:19 21:48:41,19/06/2019,0.908808,Brown Hyena,7.5,0.2-0.4,HAPP18,No,DSCT.S1,192000000,HAPP18
141085,2019:06:19 21:48:41,19/06/2019,0.908808,Brown Hyena,8,0.2-0.4,HAPP18,No,DSCT.S1,192000000,HAPP18
141086,2019:06:19 21:48:41,19/06/2019,0.908808,Brown Hyena,8,0.2-0.4,HAPP18,No,DSCT.S1,192000000,HAPP18
141087,2019:06:19 21:48:40,19/06/2019,0.908796,Brown Hyena,8.5,0.2-0.4,HAPP18,No,DSCT.S1,192000000,HAPP18
141088,2019:06:19 21:48:40,19/06/2019,0.908796,Brown Hyena,8.5,0.4-0.6,HAPP18,No,DSCT.S1,192000000,HAPP18
141089,2019:06:19 21:47:58,19/06/2019,0.90831,Brown Hyena,7.5,0.2-0.4,HAPP18,No,DSCT.S1,192000000,HAPP18
141090,2019:06:19 21:47:57,19/06/2019,0.908299,Brown Hyena,8,0.2-0.4,HAPP18,No,DSCT.S1,192000000,HAPP18
141091,2019:06:19 21:47:57,19/06/2019,0.908299,Brown Hyena,8.5,0.2-0.4,HAPP18,No,DSCT.S1,192000000,HAPP18
141092,2019:06:19 21:47:57,19/06/2019,0.908299,Brown Hyena,8.5,0.2-0.4,HAPP18,No,DSCT.S1,192000000,HAPP18
141093,2019:06:19 21:47:57,19/06/2019,0.908299,Brown Hyena,8.5,0.2-0.4,HAPP18,No,DSCT.S1,192000000,HAPP18
141094,2019:06:19 21:47:56,19/06/2019,0.908287,Brown Hyena,9,0.2-0.4,HAPP18,Yes,DSCT.S1,192000000,HAPP18
141293,2019:06:18 02:25:18,18/06/2019,0.100903,Black Backed Jackal,11,0.4-0.6,HAPP18,No,DSCT.S1,192000000,HAPP18
141294,2019:06:18 02:25:18,18/06/2019,0.100903,Black Backed Jackal,11,0.4-0.6,HAPP18,No,DSCT.S1,192000000,HAPP18
141295,2019:06:18 02:25:17,18/06/2019,0.100891,Black Backed Jackal,11,0.4-0.6,HAPP18,No,DSCT.S1,192000000,HAPP18
141296,2019:06:18 02:25:17,18/06/2019,0.100891,Black Backed Jackal,11,0.2-0.4,HAPP18,No,DSCT.S1,192000000,HAPP18
141297,2019:06:18 02:25:17,18/06/2019,0.100891,Black Backed Jackal,12,0.2-0.4,HAPP18,No,DSCT.S1,192000000,HAPP18
141298,2019:06:18 02:25:17,18/06/2019,0.100891,Black Backed Jackal,12,0.2-0.4,HAPP18,No,DSCT.S1,192000000,HAPP18
141299,2019:06:18 02:18:46,18/06/2019,0.096366,Black Backed Jackal,7,0-0.2,HAPP18,No,DSCT.S1,192000000,HAPP18
141300,2019:06:18 02:18:46,18/06/2019,0.096366,Black Backed Jackal,7,0-0.2,HAPP18,No,DSCT.S1,192000000,HAPP18
141301,2019:06:18 02:18:46,18/06/2019,0.096366,Black Backed Jackal,7,0-0.2,HAPP18,No,DSCT.S1,192000000,HAPP18
141302,2019:06:18 02:18:45,18/06/2019,0.096354,Black Backed Jackal,7.5,0.2-0.4,HAPP18,No,DSCT.S1,192000000,HAPP18
141303,2019:06:18 02:18:45,18/06/2019,0.096354,Black Backed Jackal,8,0.2-0.4,HAPP18,No,DSCT.S1,192000000,HAPP18
141304,2019:06:18 02:18:45,18/06/2019,0.096354,Black Backed Jackal,8.5,0.4-0.6,HAPP18,Yes,DSCT.S1,192000000,HAPP18
141443,2019:06:17 04:03:45,17/06/2019,0.169271,Brown Hyena,5.5,0-0.2,HAPP18,No,DSCT.S1,192000000,HAPP18
141444,2019:06:17 04:03:44,17/06/2019,0.169259,Brown Hyena,5.5,0.2-0.4,HAPP18,No,DSCT.S1,192000000,HAPP18
141445,2019:06:17 04:03:44,17/06/2019,0.169259,Brown Hyena,5,0.2-0.4,HAPP18,No,DSCT.S1,192000000,HAPP18
141446,2019:06:17 04:03:44,17/06/2019,0.169259,Brown Hyena,5,0.4-0.6,HAPP18,No,DSCT.S1,192000000,HAPP18
141447,2019:06:17 04:03:44,17/06/2019,0.169259,Brown Hyena,4.5,0.4-0.6,HAPP18,No,DSCT.S1,192000000,HAPP18
141448,2019:06:17 04:03:43,17/06/2019,0.169248,Brown Hyena,4,0.6-0.8,HAPP18,Yes,DSCT.S1,192000000,HAPP18
141455,2019:06:17 00:54:37,17/06/2019,0.037928,Brown Hyena,6,0.2-0.4,HAPP18,No,DSCT.S1,192000000,HAPP18
141456,2019:06:17 00:54:37,17/06/2019,0.037928,Brown Hyena,7,0-0.2,HAPP18,No,DSCT.S1,192000000,HAPP18
141457,2019:06:17 00:54:37,17/06/2019,0.037928,Brown Hyena,7.5,0-0.2,HAPP18,No,DSCT.S1,192000000,HAPP18
141458,2019:06:17 00:54:36,17/06/2019,0.037917,Brown Hyena,8,0-0.2,HAPP18,No,DSCT.S1,192000000,HAPP18
141459,2019:06:17 00:54:36,17/06/2019,0.037917,Brown Hyena,8,0.2-0.4,HAPP18,No,DSCT.S1,192000000,HAPP18
141460,2019:06:17 00:54:36,17/06/2019,0.037917,Brown Hyena,8.5,0.4-0.6,HAPP18,Yes,DSCT.S1,192000000,HAPP18
141719,2019:06:16 01:56:33,16/06/2019,0.080938,Black Backed Jackal,6,0-0.2,HAPP18,No,DSCT.S1,192000000,HAPP18
141720,2019:06:16 01:56:33,16/06/2019,0.080938,Black Backed Jackal,6.5,0-0.2,HAPP18,No,DSCT.S1,192000000,HAPP18
141721,2019:06:16 01:56:32,16/06/2019,0.080926,Black Backed Jackal,6.5,0-0.2,HAPP18,No,DSCT.S1,192000000,HAPP18
141722,2019:06:16 01:56:32,16/06/2019,0.080926,Black Backed Jackal,7,0-0.2,HAPP18,No,DSCT.S1,192000000,HAPP18
141723,2019:06:16 01:56:32,16/06/2019,0.080926,Black Backed Jackal,7.5,0-0.2,HAPP18,No,DSCT.S1,192000000,HAPP18
141724,2019:06:16 01:56:32,16/06/2019,0.080926,Black Backed Jackal,7.5,0-0.2,HAPP18,Yes,DSCT.S1,192000000,HAPP18
141749,2019:06:15 20:22:10,15/06/2019,0.848727,Brown Hyena,6.5,0-0.2,HAPP18,No,DSCT.S1,192000000,HAPP18
141750,2019:06:15 20:22:09,15/06/2019,0.848715,Brown Hyena,7.5,0-0.2,HAPP18,No,DSCT.S1,192000000,HAPP18
141751,2019:06:15 20:22:09,15/06/2019,0.848715,Brown Hyena,7.5,0.2-0.4,HAPP18,No,DSCT.S1,192000000,HAPP18
141752,2019:06:15 20:22:09,15/06/2019,0.848715,Brown Hyena,8,0.2-0.4,HAPP18,No,DSCT.S1,192000000,HAPP18
141753,2019:06:15 20:22:09,15/06/2019,0.848715,Brown Hyena,8,0.4-0.6,HAPP18,No,DSCT.S1,192000000,HAPP18
141754,2019:06:15 20:22:08,15/06/2019,0.848704,Brown Hyena,8.5,0.4-0.6,HAPP18,No,DSCT.S1,192000000,HAPP18
141755,2019:06:15 20:18:08,15/06/2019,0.845926,Brown Hyena,8,0.2-0.4,HAPP18,No,DSCT.S1,192000000,HAPP18
141756,2019:06:15 20:18:08,15/06/2019,0.845926,Brown Hyena,8,0.2-0.4,HAPP18,No,DSCT.S1,192000000,HAPP18
141757,2019:06:15 20:18:08,15/06/2019,0.845926,Brown Hyena,8,0.2-0.4,HAPP18,No,DSCT.S1,192000000,HAPP18
141758,2019:06:15 20:18:07,15/06/2019,0.845914,Brown Hyena,8.5,0.2-0.4,HAPP18,No,DSCT.S1,192000000,HAPP18
141759,2019:06:15 20:18:07,15/06/2019,0.845914,Brown Hyena,8.5,0.2-0.4,HAPP18,No,DSCT.S1,192000000,HAPP18
141760,2019:06:15 20:18:07,15/06/2019,0.845914,Brown Hyena,8,0.4-0.6,HAPP18,Yes,DSCT.S1,192000000,HAPP18
142439,2019:06:12 21:07:18,12/06/2019,0.880069,Black Backed Jackal,6.5,0-0.2,HAPP18,No,DSCT.S1,192000000,HAPP18
142440,2019:06:12 21:07:18,12/06/2019,0.880069,Black Backed Jackal,6.5,0-0.2,HAPP18,No,DSCT.S1,192000000,HAPP18
142441,2019:06:12 21:07:18,12/06/2019,0.880069,Black Backed Jackal,6,0-0.2,HAPP18,No,DSCT.S1,192000000,HAPP18
142442,2019:06:12 21:07:17,12/06/2019,0.880058,Black Backed Jackal,5.5,0.2-0.4,HAPP18,No,DSCT.S1,192000000,HAPP18
142443,2019:06:12 21:07:17,12/06/2019,0.880058,Black Backed Jackal,5.5,0.2-0.4,HAPP18,No,DSCT.S1,192000000,HAPP18
142444,2019:06:12 21:07:17,12/06/2019,0.880058,Black Backed Jackal,4.5,0.4-0.6,HAPP18,Yes,DSCT.S1,192000000,HAPP18
142475,2019:06:12 19:36:31,12/06/2019,0.817025,Brown Hyena,6.5,0-0.2,HAPP18,No,DSCT.S1,192000000,HAPP18
142476,2019:06:12 19:36:31,12/06/2019,0.817025,Brown Hyena,7,0-0.2,HAPP18,No,DSCT.S1,192000000,HAPP18
142477,2019:06:12 19:36:31,12/06/2019,0.817025,Brown Hyena,7,0-0.2,HAPP18,No,DSCT.S1,192000000,HAPP18
142478,2019:06:12 19:36:30,12/06/2019,0.817014,Brown Hyena,7,0-0.2,HAPP18,No,DSCT.S1,192000000,HAPP18
142479,2019:06:12 19:36:30,12/06/2019,0.817014,Brown Hyena,7.5,0-0.2,HAPP18,No,DSCT.S1,192000000,HAPP18
142480,2019:06:12 19:36:30,12/06/2019,0.817014,Brown Hyena,7.5,0-0.2,HAPP18,Yes,DSCT.S1,192000000,HAPP18
142523,2019:06:12 00:19:52,12/06/2019,0.013796,Brown Hyena,7.5,0.2-0.4,HAPP18,No,DSCT.S1,192000000,HAPP18
142524,2019:06:12 00:19:52,12/06/2019,0.013796,Brown Hyena,7.5,0.2-0.4,HAPP18,No,DSCT.S1,192000000,HAPP18
142525,2019:06:12 00:19:52,12/06/2019,0.013796,Brown Hyena,7.5,0.2-0.4,HAPP18,No,DSCT.S1,192000000,HAPP18
142526,2019:06:12 00:19:52,12/06/2019,0.013796,Brown Hyena,8,0.2-0.4,HAPP18,No,DSCT.S1,192000000,HAPP18
142527,2019:06:12 00:19:51,12/06/2019,0.013785,Brown Hyena,8.5,0.2-0.4,HAPP18,No,DSCT.S1,192000000,HAPP18
142528,2019:06:12 00:19:51,12/06/2019,0.013785,Brown Hyena,8.5,0.2-0.4,HAPP18,No,DSCT.S1,192000000,HAPP18
142529,2019:06:12 00:10:01,12/06/2019,0.006956,Brown Hyena,7.5,0.2-0.4,HAPP18,No,DSCT.S1,192000000,HAPP18
142530,2019:06:12 00:10:01,12/06/2019,0.006956,Brown Hyena,8,0.2-0.4,HAPP18,No,DSCT.S1,192000000,HAPP18
142531,2019:06:12 00:10:01,12/06/2019,0.006956,Brown Hyena,8,0.2-0.4,HAPP18,No,DSCT.S1,192000000,HAPP18
142532,2019:06:12 00:10:01,12/06/2019,0.006956,Brown Hyena,8.5,0.2-0.4,HAPP18,No,DSCT.S1,192000000,HAPP18
142533,2019:06:12 00:10:00,12/06/2019,0.006944,Brown Hyena,8.5,0.2-0.4,HAPP18,No,DSCT.S1,192000000,HAPP18
142534,2019:06:12 00:10:00,12/06/2019,0.006944,Brown Hyena,8.5,0.4-0.6,HAPP18,Yes,DSCT.S1,192000000,HAPP18
142535,2019:06:11 23:40:05,11/06/2019,0.986169,Brown Hyena,7.5,0.2-0.4,HAPP18,No,DSCT.S1,192000000,HAPP18
142536,2019:06:11 23:40:05,11/06/2019,0.986169,Brown Hyena,8,0.2-0.4,HAPP18,No,DSCT.S1,192000000,HAPP18
142537,2019:06:11 23:40:05,11/06/2019,0.986169,Brown Hyena,8.5,0.2-0.4,HAPP18,No,DSCT.S1,192000000,HAPP18
142538,2019:06:11 23:40:05,11/06/2019,0.986169,Brown Hyena,8.5,0.2-0.4,HAPP18,No,DSCT.S1,192000000,HAPP18
142539,2019:06:11 23:40:04,11/06/2019,0.986157,Brown Hyena,8.5,0.2-0.4,HAPP18,No,DSCT.S1,192000000,HAPP18
142540,2019:06:11 23:40:04,11/06/2019,0.986157,Brown Hyena,8.5,0.4-0.6,HAPP18,Yes,DSCT.S1,192000000,HAPP18
142541,2019:06:11 21:35:16,11/06/2019,0.899491,Black Backed Jackal,7.5,0-0.2,HAPP18,No,DSCT.S1,192000000,HAPP18
142542,2019:06:11 21:35:16,11/06/2019,0.899491,Black Backed Jackal,7.5,0-0.2,HAPP18,No,DSCT.S1,192000000,HAPP18
142543,2019:06:11 21:35:15,11/06/2019,0.899479,Black Backed Jackal,7,0-0.2,HAPP18,No,DSCT.S1,192000000,HAPP18
142544,2019:06:11 21:35:15,11/06/2019,0.899479,Black Backed Jackal,6.5,0-0.2,HAPP18,No,DSCT.S1,192000000,HAPP18
142545,2019:06:11 21:35:15,11/06/2019,0.899479,Black Backed Jackal,6.5,0-0.2,HAPP18,No,DSCT.S1,192000000,HAPP18
142546,2019:06:11 21:35:15,11/06/2019,0.899479,Black Backed Jackal,6,0-0.2,HAPP18,Yes,DSCT.S1,192000000,HAPP18
142547,2019:06:11 20:34:31,11/06/2019,0.857303,Brown Hyena,6.5,0-0.2,HAPP18,No,DSCT.S1,192000000,HAPP18
142548,2019:06:11 20:34:31,11/06/2019,0.857303,Brown Hyena,6,0-0.2,HAPP18,No,DSCT.S1,192000000,HAPP18
142549,2019:06:11 20:34:30,11/06/2019,0.857292,Brown Hyena,5.5,0.2-0.4,HAPP18,No,DSCT.S1,192000000,HAPP18
142550,2019:06:11 20:34:30,11/06/2019,0.857292,Brown Hyena,5,0.2-0.4,HAPP18,No,DSCT.S1,192000000,HAPP18
142551,2019:06:11 20:34:30,11/06/2019,0.857292,Brown Hyena,4.5,0.4-0.6,HAPP18,No,DSCT.S1,192000000,HAPP18
142552,2019:06:11 20:34:30,11/06/2019,0.857292,Brown Hyena,4.5,0.6-0.8,HAPP18,Yes,DSCT.S1,192000000,HAPP18
142565,2019:06:11 18:31:40,11/06/2019,0.771991,Brown Hyena,1.5,0-0.2,HAPP18,No,DSCT.S1,192000000,HAPP18
142566,2019:06:11 18:31:39,11/06/2019,0.771979,Brown Hyena,1.5,0-0.2,HAPP18,No,DSCT.S1,192000000,HAPP18
142567,2019:06:11 18:31:39,11/06/2019,0.771979,Brown Hyena,1,0-0.2,HAPP18,No,DSCT.S1,192000000,HAPP18
142568,2019:06:11 18:31:39,11/06/2019,0.771979,Brown Hyena,1,0-0.2,HAPP18,No,DSCT.S1,192000000,HAPP18
142569,2019:06:11 18:31:39,11/06/2019,0.771979,Brown Hyena,1,0-0.2,HAPP18,No,DSCT.S1,192000000,HAPP18
142570,2019:06:11 18:31:38,11/06/2019,0.771968,Brown Hyena,1,0-0.2,HAPP18,No,DSCT.S1,192000000,HAPP18
142571,2019:06:11 18:31:20,11/06/2019,0.771759,Brown Hyena,8,0.2-0.4,HAPP18,No,DSCT.S1,192000000,HAPP18
142572,2019:06:11 18:31:20,11/06/2019,0.771759,Brown Hyena,8,0.2-0.4,HAPP18,No,DSCT.S1,192000000,HAPP18
142573,2019:06:11 18:31:20,11/06/2019,0.771759,Brown Hyena,8,0.2-0.4,HAPP18,No,DSCT.S1,192000000,HAPP18
142574,2019:06:11 18:31:20,11/06/2019,0.771759,Brown Hyena,8.5,0.2-0.4,HAPP18,No,DSCT.S1,192000000,HAPP18
142575,2019:06:11 18:31:19,11/06/2019,0.771748,Brown Hyena,8.5,0.2-0.4,HAPP18,No,DSCT.S1,192000000,HAPP18
142576,2019:06:11 18:31:19,11/06/2019,0.771748,Brown Hyena,9,0.2-0.4,HAPP18,No,DSCT.S1,192000000,HAPP18
142577,2019:06:11 18:11:31,11/06/2019,0.757998,Brown Hyena,4,0.6-0.8,HAPP18,No,DSCT.S1,192000000,HAPP18
142578,2019:06:11 18:11:31,11/06/2019,0.757998,Brown Hyena,3.5,0.6-0.8,HAPP18,No,DSCT.S1,192000000,HAPP18
142579,2019:06:11 18:11:31,11/06/2019,0.757998,Brown Hyena,2.5,0.2-0.4,HAPP18,No,DSCT.S1,192000000,HAPP18
142580,2019:06:11 18:11:30,11/06/2019,0.757986,Brown Hyena,1.5,0-0.2,HAPP18,No,DSCT.S1,192000000,HAPP18
142581,2019:06:11 18:11:30,11/06/2019,0.757986,Brown Hyena,1.5,0-0.2,HAPP18,No,DSCT.S1,192000000,HAPP18
142582,2019:06:11 18:11:30,11/06/2019,0.757986,Brown Hyena,1.5,0-0.2,HAPP18,No,DSCT.S1,192000000,HAPP18
142583,2019:06:11 18:11:21,11/06/2019,0.757882,Brown Hyena,1.5,0.4-0.6,HAPP18,No,DSCT.S1,192000000,HAPP18
142584,2019:06:11 18:11:21,11/06/2019,0.757882,Brown Hyena,1.5,0.6-0.8,HAPP18,No,DSCT.S1,192000000,HAPP18
142585,2019:06:11 18:11:21,11/06/2019,0.757882,Brown Hyena,1.5,0.6-0.8,HAPP18,No,DSCT.S1,192000000,HAPP18
142586,2019:06:11 18:11:20,11/06/2019,0.75787,Brown Hyena,1.5,0.6-0.8,HAPP18,No,DSCT.S1,192000000,HAPP18
142587,2019:06:11 18:11:20,11/06/2019,0.75787,Brown Hyena,1.5,0.8-1,HAPP18,No,DSCT.S1,192000000,HAPP18
142588,2019:06:11 18:11:20,11/06/2019,0.75787,Brown Hyena,2,0.8-1,HAPP18,No,DSCT.S1,192000000,HAPP18
142589,2019:06:11 18:11:12,11/06/2019,0.757778,Brown Hyena,7.5,0-0.2,HAPP18,No,DSCT.S1,192000000,HAPP18
142590,2019:06:11 18:11:12,11/06/2019,0.757778,Brown Hyena,7.5,0.2-0.4,HAPP18,No,DSCT.S1,192000000,HAPP18
142591,2019:06:11 18:11:11,11/06/2019,0.757766,Brown Hyena,8,0.2-0.4,HAPP18,No,DSCT.S1,192000000,HAPP18
142592,2019:06:11 18:11:11,11/06/2019,0.757766,Brown Hyena,8,0.2-0.4,HAPP18,No,DSCT.S1,192000000,HAPP18
142593,2019:06:11 18:11:11,11/06/2019,0.757766,Brown Hyena,8.5,0.2-0.4,HAPP18,No,DSCT.S1,192000000,HAPP18
142594,2019:06:11 18:11:11,11/06/2019,0.757766,Brown Hyena,8.5,0.2-0.4,HAPP18,Yes,DSCT.S1,192000000,HAPP18
143255,2019:07:03 03:20:53,03/07/2019,0.139502,African Civet,6.5,0.4-0.6,HAPP20,No,DSCT.S1,192000000,HAPP20
143256,2019:07:03 03:20:53,03/07/2019,0.139502,African Civet,6.5,0.6-0.8,HAPP20,No,DSCT.S1,192000000,HAPP20
143257,2019:07:03 03:20:52,03/07/2019,0.139491,African Civet,6.5,0.6-0.8,HAPP20,No,DSCT.S1,192000000,HAPP20
143258,2019:07:03 03:20:52,03/07/2019,0.139491,African Civet,7,0.6-0.8,HAPP20,No,DSCT.S1,192000000,HAPP20
143259,2019:07:03 03:20:52,03/07/2019,0.139491,African Civet,7,0.6-0.8,HAPP20,No,DSCT.S1,192000000,HAPP20
143260,2019:07:03 03:20:52,03/07/2019,0.139491,African Civet,7,0.8-1,HAPP20,Yes,DSCT.S1,192000000,HAPP20
143261,2019:07:03 02:38:02,03/07/2019,0.109745,African Civet,7,0-0.2,HAPP20,No,DSCT.S1,192000000,HAPP20
143262,2019:07:03 02:38:02,03/07/2019,0.109745,African Civet,7,0-0.2,HAPP20,No,DSCT.S1,192000000,HAPP20
143263,2019:07:03 02:38:01,03/07/2019,0.109734,African Civet,7,0-0.2,HAPP20,No,DSCT.S1,192000000,HAPP20
143264,2019:07:03 02:38:01,03/07/2019,0.109734,African Civet,7,0-0.2,HAPP20,No,DSCT.S1,192000000,HAPP20
143265,2019:07:03 02:38:01,03/07/2019,0.109734,African Civet,7,0-0.2,HAPP20,No,DSCT.S1,192000000,HAPP20
143266,2019:07:03 02:38:00,03/07/2019,0.109722,African Civet,7,0-0.2,HAPP20,No,DSCT.S1,192000000,HAPP20
143267,2019:07:03 02:33:14,03/07/2019,0.106412,African Civet,8.5,0.4-0.6,HAPP20,No,DSCT.S1,192000000,HAPP20
143268,2019:07:03 02:33:13,03/07/2019,0.1064,African Civet,8.5,0.4-0.6,HAPP20,No,DSCT.S1,192000000,HAPP20
143269,2019:07:03 02:33:13,03/07/2019,0.1064,African Civet,8.5,0.4-0.6,HAPP20,No,DSCT.S1,192000000,HAPP20
143270,2019:07:03 02:33:13,03/07/2019,0.1064,African Civet,8.5,0.4-0.6,HAPP20,No,DSCT.S1,192000000,HAPP20
143271,2019:07:03 02:33:13,03/07/2019,0.1064,African Civet,8.5,0.4-0.6,HAPP20,No,DSCT.S1,192000000,HAPP20
143272,2019:07:03 02:33:12,03/07/2019,0.106389,African Civet,8.5,0.4-0.6,HAPP20,Yes,DSCT.S1,192000000,HAPP20
143273,2019:07:03 00:19:43,03/07/2019,0.013692,Black Backed Jackal,6.5,0.6-0.8,HAPP20,No,DSCT.S1,192000000,HAPP20
143274,2019:07:03 00:19:43,03/07/2019,0.013692,Black Backed Jackal,7,0.6-0.8,HAPP20,No,DSCT.S1,192000000,HAPP20
143275,2019:07:03 00:19:43,03/07/2019,0.013692,Black Backed Jackal,7,0.4-0.6,HAPP20,No,DSCT.S1,192000000,HAPP20
143276,2019:07:03 00:19:42,03/07/2019,0.013681,Black Backed Jackal,7.5,0.4-0.6,HAPP20,No,DSCT.S1,192000000,HAPP20
143277,2019:07:03 00:19:42,03/07/2019,0.013681,Black Backed Jackal,7.5,0.4-0.6,HAPP20,No,DSCT.S1,192000000,HAPP20
143278,2019:07:03 00:19:42,03/07/2019,0.013681,Black Backed Jackal,7.5,0.2-0.4,HAPP20,No,DSCT.S1,192000000,HAPP20
143279,2019:07:03 00:19:10,03/07/2019,0.01331,Black Backed Jackal,8.5,0-0.2,HAPP20,No,DSCT.S1,192000000,HAPP20
143280,2019:07:03 00:19:09,03/07/2019,0.013299,Black Backed Jackal,8.5,0-0.2,HAPP20,No,DSCT.S1,192000000,HAPP20
143281,2019:07:03 00:19:09,03/07/2019,0.013299,Black Backed Jackal,8.5,0-0.2,HAPP20,No,DSCT.S1,192000000,HAPP20
143282,2019:07:03 00:19:09,03/07/2019,0.013299,Black Backed Jackal,8.5,0-0.2,HAPP20,No,DSCT.S1,192000000,HAPP20
143283,2019:07:03 00:19:08,03/07/2019,0.013287,Black Backed Jackal,8.5,0-0.2,HAPP20,No,DSCT.S1,192000000,HAPP20
143284,2019:07:03 00:19:08,03/07/2019,0.013287,Black Backed Jackal,8.5,0-0.2,HAPP20,No,DSCT.S1,192000000,HAPP20
143285,2019:07:03 00:18:21,03/07/2019,0.012743,Black Backed Jackal,9,0-0.2,HAPP20,No,DSCT.S1,192000000,HAPP20
143286,2019:07:03 00:18:20,03/07/2019,0.012731,Black Backed Jackal,8.5,0-0.2,HAPP20,No,DSCT.S1,192000000,HAPP20
143287,2019:07:03 00:18:20,03/07/2019,0.012731,Black Backed Jackal,8.5,0-0.2,HAPP20,No,DSCT.S1,192000000,HAPP20
143288,2019:07:03 00:18:20,03/07/2019,0.012731,Black Backed Jackal,8.5,0-0.2,HAPP20,No,DSCT.S1,192000000,HAPP20
143289,2019:07:03 00:18:20,03/07/2019,0.012731,Black Backed Jackal,8,0.2-0.4,HAPP20,No,DSCT.S1,192000000,HAPP20
143290,2019:07:03 00:18:19,03/07/2019,0.01272,Black Backed Jackal,8,0.2-0.4,HAPP20,Yes,DSCT.S1,192000000,HAPP20
143297,2019:07:03 00:11:08,03/07/2019,0.007731,Caracal,8.5,0-0.2,HAPP20,No,DSCT.S1,192000000,HAPP20
143298,2019:07:03 00:11:08,03/07/2019,0.007731,Caracal,8.5,0-0.2,HAPP20,No,DSCT.S1,192000000,HAPP20
143299,2019:07:03 00:11:08,03/07/2019,0.007731,Caracal,8.5,0-0.2,HAPP20,No,DSCT.S1,192000000,HAPP20
143300,2019:07:03 00:11:07,03/07/2019,0.00772,Caracal,9,0.2-0.4,HAPP20,No,DSCT.S1,192000000,HAPP20
143301,2019:07:03 00:11:07,03/07/2019,0.00772,Caracal,9,0.2-0.4,HAPP20,No,DSCT.S1,192000000,HAPP20
143302,2019:07:03 00:11:07,03/07/2019,0.00772,Caracal,9,0.2-0.4,HAPP20,No,DSCT.S1,192000000,HAPP20
143303,2019:07:03 00:10:42,03/07/2019,0.007431,Caracal,3,0.2-0.4,HAPP20,No,DSCT.S1,192000000,HAPP20
143304,2019:07:03 00:10:42,03/07/2019,0.007431,Caracal,3,0.2-0.4,HAPP20,No,DSCT.S1,192000000,HAPP20
143305,2019:07:03 00:10:42,03/07/2019,0.007431,Caracal,3,0.2-0.4,HAPP20,No,DSCT.S1,192000000,HAPP20
143306,2019:07:03 00:10:41,03/07/2019,0.007419,Caracal,3,0.2-0.4,HAPP20,No,DSCT.S1,192000000,HAPP20
143307,2019:07:03 00:10:41,03/07/2019,0.007419,Caracal,3,0.2-0.4,HAPP20,No,DSCT.S1,192000000,HAPP20
143308,2019:07:03 00:10:41,03/07/2019,0.007419,Caracal,3,0-0.2,HAPP20,Yes,DSCT.S1,192000000,HAPP20
143315,2019:07:02 19:55:10,02/07/2019,0.829977,African Civet,6,0-0.2,HAPP20,No,DSCT.S1,192000000,HAPP20
143316,2019:07:02 19:55:09,02/07/2019,0.829965,African Civet,5.5,0-0.2,HAPP20,No,DSCT.S1,192000000,HAPP20
143317,2019:07:02 19:55:09,02/07/2019,0.829965,African Civet,5.5,0-0.2,HAPP20,No,DSCT.S1,192000000,HAPP20
143318,2019:07:02 19:55:09,02/07/2019,0.829965,African Civet,5.5,0-0.2,HAPP20,No,DSCT.S1,192000000,HAPP20
143319,2019:07:02 19:55:09,02/07/2019,0.829965,African Civet,5.5,0-0.2,HAPP20,No,DSCT.S1,192000000,HAPP20
143320,2019:07:02 19:55:08,02/07/2019,0.829954,African Civet,5.5,0-0.2,HAPP20,Yes,DSCT.S1,192000000,HAPP20
143843,2019:07:02 06:31:07,02/07/2019,0.271609,Black Backed Jackal,6,0.2-0.4,HAPP20,No,DSCT.S1,192000000,HAPP20
143844,2019:07:02 06:31:07,02/07/2019,0.271609,Black Backed Jackal,5.5,0-0.2,HAPP20,No,DSCT.S1,192000000,HAPP20
143845,2019:07:02 06:31:06,02/07/2019,0.271597,Black Backed Jackal,5.5,0-0.2,HAPP20,No,DSCT.S1,192000000,HAPP20
143846,2019:07:02 06:31:06,02/07/2019,0.271597,Black Backed Jackal,6,0-0.2,HAPP20,No,DSCT.S1,192000000,HAPP20
143847,2019:07:02 06:31:06,02/07/2019,0.271597,Black Backed Jackal,6,0.2-0.4,HAPP20,No,DSCT.S1,192000000,HAPP20
143848,2019:07:02 06:31:05,02/07/2019,0.271586,Black Backed Jackal,7,0.4-0.6,HAPP20,Yes,DSCT.S1,192000000,HAPP20
143849,2019:07:02 00:43:14,02/07/2019,0.030023,African Civet,9,0.6-0.8,HAPP20,No,DSCT.S1,192000000,HAPP20
143850,2019:07:02 00:43:14,02/07/2019,0.030023,African Civet,8,0.4-0.6,HAPP20,No,DSCT.S1,192000000,HAPP20
143851,2019:07:02 00:43:13,02/07/2019,0.030012,African Civet,7.5,0.2-0.4,HAPP20,No,DSCT.S1,192000000,HAPP20
143852,2019:07:02 00:43:13,02/07/2019,0.030012,African Civet,7,0-0.2,HAPP20,No,DSCT.S1,192000000,HAPP20
143853,2019:07:02 00:43:13,02/07/2019,0.030012,African Civet,7,0-0.2,HAPP20,No,DSCT.S1,192000000,HAPP20
143854,2019:07:02 00:43:13,02/07/2019,0.030012,African Civet,7,0-0.2,HAPP20,Yes,DSCT.S1,192000000,HAPP20
144197,2019:07:01 06:43:24,01/07/2019,0.280139,Black Backed Jackal,10,0.2-0.4,HAPP20,No,DSCT.S1,192000000,HAPP20
144198,2019:07:01 06:43:24,01/07/2019,0.280139,Black Backed Jackal,9.5,0-0.2,HAPP20,No,DSCT.S1,192000000,HAPP20
144199,2019:07:01 06:43:24,01/07/2019,0.280139,Black Backed Jackal,9,0-0.2,HAPP20,No,DSCT.S1,192000000,HAPP20
144200,2019:07:01 06:43:23,01/07/2019,0.280127,Black Backed Jackal,9,0-0.2,HAPP20,No,DSCT.S1,192000000,HAPP20
144201,2019:07:01 06:43:23,01/07/2019,0.280127,Black Backed Jackal,8.5,0-0.2,HAPP20,No,DSCT.S1,192000000,HAPP20
144202,2019:07:01 06:43:23,01/07/2019,0.280127,Black Backed Jackal,8,0-0.2,HAPP20,No,DSCT.S1,192000000,HAPP20
144203,2019:07:01 06:42:51,01/07/2019,0.279757,Black Backed Jackal,7,0.4-0.6,HAPP20,No,DSCT.S1,192000000,HAPP20
144204,2019:07:01 06:42:51,01/07/2019,0.279757,Black Backed Jackal,7,0.4-0.6,HAPP20,No,DSCT.S1,192000000,HAPP20
144205,2019:07:01 06:42:51,01/07/2019,0.279757,Black Backed Jackal,7,0.4-0.6,HAPP20,No,DSCT.S1,192000000,HAPP20
144206,2019:07:01 06:42:50,01/07/2019,0.279745,Black Backed Jackal,7,0.4-0.6,HAPP20,No,DSCT.S1,192000000,HAPP20
144207,2019:07:01 06:42:50,01/07/2019,0.279745,Black Backed Jackal,7.5,0.2-0.4,HAPP20,No,DSCT.S1,192000000,HAPP20
144208,2019:07:01 06:42:50,01/07/2019,0.279745,Black Backed Jackal,7.5,0.2-0.4,HAPP20,No,DSCT.S1,192000000,HAPP20
144209,2019:07:01 06:42:39,01/07/2019,0.279618,Black Backed Jackal,13,0.4-0.6,HAPP20,No,DSCT.S1,192000000,HAPP20
144210,2019:07:01 06:42:38,01/07/2019,0.279606,Black Backed Jackal,13,0.4-0.6,HAPP20,No,DSCT.S1,192000000,HAPP20
144211,2019:07:01 06:42:38,01/07/2019,0.279606,Black Backed Jackal,13,0.4-0.6,HAPP20,No,DSCT.S1,192000000,HAPP20
144212,2019:07:01 06:42:38,01/07/2019,0.279606,Black Backed Jackal,13,0.4-0.6,HAPP20,No,DSCT.S1,192000000,HAPP20
144213,2019:07:01 06:42:38,01/07/2019,0.279606,Black Backed Jackal,13,0.4-0.6,HAPP20,No,DSCT.S1,192000000,HAPP20
144239,2019:06:30 21:24:12,30/06/2019,0.891806,African Civet,6.5,0.4-0.6,HAPP20,No,DSCT.S1,192000000,HAPP20
144240,2019:06:30 21:24:11,30/06/2019,0.891794,African Civet,6.5,0.4-0.6,HAPP20,No,DSCT.S1,192000000,HAPP20
144241,2019:06:30 21:24:11,30/06/2019,0.891794,African Civet,6.5,0.4-0.6,HAPP20,No,DSCT.S1,192000000,HAPP20
144242,2019:06:30 21:24:11,30/06/2019,0.891794,African Civet,6.5,0.6-0.8,HAPP20,No,DSCT.S1,192000000,HAPP20
144243,2019:06:30 21:24:10,30/06/2019,0.891782,African Civet,7,0.6-0.8,HAPP20,No,DSCT.S1,192000000,HAPP20
144244,2019:06:30 21:24:10,30/06/2019,0.891782,African Civet,7,0.6-0.8,HAPP20,Yes,DSCT.S1,192000000,HAPP20
144623,2019:06:30 01:46:28,30/06/2019,0.073935,African Civet,7,0.2-0.4,HAPP20,No,DSCT.S1,192000000,HAPP20
144624,2019:06:30 01:46:28,30/06/2019,0.073935,African Civet,7,0.2-0.4,HAPP20,No,DSCT.S1,192000000,HAPP20
144625,2019:06:30 01:46:28,30/06/2019,0.073935,African Civet,7,0.2-0.4,HAPP20,No,DSCT.S1,192000000,HAPP20
144626,2019:06:30 01:46:27,30/06/2019,0.073924,African Civet,7,0.2-0.4,HAPP20,No,DSCT.S1,192000000,HAPP20
144627,2019:06:30 01:46:27,30/06/2019,0.073924,African Civet,7,0.2-0.4,HAPP20,No,DSCT.S1,192000000,HAPP20
144628,2019:06:30 01:46:27,30/06/2019,0.073924,African Civet,7.5,0-0.2,HAPP20,Yes,DSCT.S1,192000000,HAPP20
144641,2019:06:30 00:45:38,30/06/2019,0.03169,Black Backed Jackal,6.5,0.2-0.4,HAPP20,No,DSCT.S1,192000000,HAPP20
144642,2019:06:30 00:45:38,30/06/2019,0.03169,Black Backed Jackal,6.5,0.2-0.4,HAPP20,No,DSCT.S1,192000000,HAPP20
144643,2019:06:30 00:45:38,30/06/2019,0.03169,Black Backed Jackal,6.5,0.2-0.4,HAPP20,No,DSCT.S1,192000000,HAPP20
144644,2019:06:30 00:45:38,30/06/2019,0.03169,Black Backed Jackal,6.5,0.2-0.4,HAPP20,No,DSCT.S1,192000000,HAPP20
144645,2019:06:30 00:45:37,30/06/2019,0.031678,Black Backed Jackal,6.5,0.4-0.6,HAPP20,No,DSCT.S1,192000000,HAPP20
144646,2019:06:30 00:45:37,30/06/2019,0.031678,Black Backed Jackal,6.5,0.4-0.6,HAPP20,No,DSCT.S1,192000000,HAPP20
144647,2019:06:30 00:42:55,30/06/2019,0.029803,Black Backed Jackal,5.5,0-0.2,HAPP20,No,DSCT.S1,192000000,HAPP20
144648,2019:06:30 00:42:55,30/06/2019,0.029803,Black Backed Jackal,5.5,0-0.2,HAPP20,No,DSCT.S1,192000000,HAPP20
144649,2019:06:30 00:42:54,30/06/2019,0.029792,Black Backed Jackal,5,0-0.2,HAPP20,No,DSCT.S1,192000000,HAPP20
144650,2019:06:30 00:42:54,30/06/2019,0.029792,Black Backed Jackal,5,0-0.2,HAPP20,No,DSCT.S1,192000000,HAPP20
144651,2019:06:30 00:42:54,30/06/2019,0.029792,Black Backed Jackal,5,0-0.2,HAPP20,No,DSCT.S1,192000000,HAPP20
144652,2019:06:30 00:42:54,30/06/2019,0.029792,Black Backed Jackal,4.5,0-0.2,HAPP20,Yes,DSCT.S1,192000000,HAPP20
144659,2019:06:29 23:46:49,29/06/2019,0.990845,African Civet,6,0-0.2,HAPP20,No,DSCT.S1,192000000,HAPP20
144660,2019:06:29 23:46:49,29/06/2019,0.990845,African Civet,5.5,0-0.2,HAPP20,No,DSCT.S1,192000000,HAPP20
144661,2019:06:29 23:46:48,29/06/2019,0.990833,African Civet,5.5,0-0.2,HAPP20,No,DSCT.S1,192000000,HAPP20
144662,2019:06:29 23:46:48,29/06/2019,0.990833,African Civet,5.5,0-0.2,HAPP20,No,DSCT.S1,192000000,HAPP20
144663,2019:06:29 23:46:48,29/06/2019,0.990833,African Civet,5.5,0-0.2,HAPP20,No,DSCT.S1,192000000,HAPP20
144664,2019:06:29 23:46:48,29/06/2019,0.990833,African Civet,5.5,0-0.2,HAPP20,Yes,DSCT.S1,192000000,HAPP20
144665,2019:06:29 23:41:16,29/06/2019,0.986991,Black Backed Jackal,8,0-0.2,HAPP20,No,DSCT.S1,192000000,HAPP20
144666,2019:06:29 23:41:16,29/06/2019,0.986991,Black Backed Jackal,8,0-0.2,HAPP20,No,DSCT.S1,192000000,HAPP20
144667,2019:06:29 23:41:16,29/06/2019,0.986991,Black Backed Jackal,8,0-0.2,HAPP20,No,DSCT.S1,192000000,HAPP20
144668,2019:06:29 23:41:15,29/06/2019,0.986979,Black Backed Jackal,8,0-0.2,HAPP20,No,DSCT.S1,192000000,HAPP20
144669,2019:06:29 23:41:15,29/06/2019,0.986979,Black Backed Jackal,8.5,0-0.2,HAPP20,No,DSCT.S1,192000000,HAPP20
144670,2019:06:29 23:41:15,29/06/2019,0.986979,Black Backed Jackal,8.5,0-0.2,HAPP20,No,DSCT.S1,192000000,HAPP20
144671,2019:06:29 23:39:30,29/06/2019,0.985764,Black Backed Jackal,8,0-0.2,HAPP20,No,DSCT.S1,192000000,HAPP20
144672,2019:06:29 23:39:30,29/06/2019,0.985764,Black Backed Jackal,8,0-0.2,HAPP20,No,DSCT.S1,192000000,HAPP20
144673,2019:06:29 23:39:30,29/06/2019,0.985764,Black Backed Jackal,8,0-0.2,HAPP20,No,DSCT.S1,192000000,HAPP20
144674,2019:06:29 23:39:29,29/06/2019,0.985752,Black Backed Jackal,8,0-0.2,HAPP20,No,DSCT.S1,192000000,HAPP20
144675,2019:06:29 23:39:29,29/06/2019,0.985752,Black Backed Jackal,8.5,0-0.2,HAPP20,No,DSCT.S1,192000000,HAPP20
144676,2019:06:29 23:39:29,29/06/2019,0.985752,Black Backed Jackal,8.5,0-0.2,HAPP20,Yes,DSCT.S1,192000000,HAPP20
144773,2019:06:29 17:31:09,29/06/2019,0.729965,Black Backed Jackal,7,0.2-0.4,HAPP20,No,DSCT.S1,192000000,HAPP20
144774,2019:06:29 17:31:09,29/06/2019,0.729965,Black Backed Jackal,7,0.2-0.4,HAPP20,No,DSCT.S1,192000000,HAPP20
144775,2019:06:29 17:31:08,29/06/2019,0.729954,Black Backed Jackal,7,0.2-0.4,HAPP20,No,DSCT.S1,192000000,HAPP20
144776,2019:06:29 17:31:08,29/06/2019,0.729954,Black Backed Jackal,7,0.4-0.6,HAPP20,No,DSCT.S1,192000000,HAPP20
144777,2019:06:29 17:31:08,29/06/2019,0.729954,Black Backed Jackal,6.5,0.4-0.6,HAPP20,No,DSCT.S1,192000000,HAPP20
144778,2019:06:29 17:31:07,29/06/2019,0.729942,Black Backed Jackal,6.5,0.4-0.6,HAPP20,No,DSCT.S1,192000000,HAPP20
144779,2019:06:29 17:30:09,29/06/2019,0.729271,Black Backed Jackal,8,0.2-0.4,HAPP20,No,DSCT.S1,192000000,HAPP20
144780,2019:06:29 17:30:09,29/06/2019,0.729271,Black Backed Jackal,7.5,0.2-0.4,HAPP20,No,DSCT.S1,192000000,HAPP20
144781,2019:06:29 17:30:08,29/06/2019,0.729259,Black Backed Jackal,7.5,0.2-0.4,HAPP20,No,DSCT.S1,192000000,HAPP20
144782,2019:06:29 17:30:08,29/06/2019,0.729259,Black Backed Jackal,7,0.2-0.4,HAPP20,No,DSCT.S1,192000000,HAPP20
144783,2019:06:29 17:30:08,29/06/2019,0.729259,Black Backed Jackal,7,0.2-0.4,HAPP20,No,DSCT.S1,192000000,HAPP20
144784,2019:06:29 17:30:08,29/06/2019,0.729259,Black Backed Jackal,6.5,0.2-0.4,HAPP20,Yes,DSCT.S1,192000000,HAPP20
145061,2019:06:29 01:35:05,29/06/2019,0.06603,African Civet,6.5,0.4-0.6,HAPP20,No,DSCT.S1,192000000,HAPP20
145062,2019:06:29 01:35:05,29/06/2019,0.06603,African Civet,6.5,0.6-0.8,HAPP20,No,DSCT.S1,192000000,HAPP20
145063,2019:06:29 01:35:04,29/06/2019,0.066019,African Civet,6.5,0.6-0.8,HAPP20,No,DSCT.S1,192000000,HAPP20
145064,2019:06:29 01:35:04,29/06/2019,0.066019,African Civet,6.5,0.6-0.8,HAPP20,No,DSCT.S1,192000000,HAPP20
145065,2019:06:29 01:35:04,29/06/2019,0.066019,African Civet,7,0.6-0.8,HAPP20,No,DSCT.S1,192000000,HAPP20
145066,2019:06:29 01:35:03,29/06/2019,0.066007,African Civet,7,0.8-1,HAPP20,Yes,DSCT.S1,192000000,HAPP20
145067,2019:06:29 00:00:24,29/06/2019,0.000278,Black Backed Jackal,7,0.4-0.6,HAPP20,No,DSCT.S1,192000000,HAPP20
145068,2019:06:29 00:00:24,29/06/2019,0.000278,Black Backed Jackal,7,0.4-0.6,HAPP20,No,DSCT.S1,192000000,HAPP20
145069,2019:06:29 00:00:24,29/06/2019,0.000278,Black Backed Jackal,7,0.4-0.6,HAPP20,No,DSCT.S1,192000000,HAPP20
145070,2019:06:29 00:00:23,29/06/2019,0.000266,Black Backed Jackal,7.5,0.4-0.6,HAPP20,No,DSCT.S1,192000000,HAPP20
145071,2019:06:29 00:00:23,29/06/2019,0.000266,Black Backed Jackal,7.5,0.2-0.4,HAPP20,No,DSCT.S1,192000000,HAPP20
145072,2019:06:29 00:00:23,29/06/2019,0.000266,Black Backed Jackal,7.5,0.2-0.4,HAPP20,Yes,DSCT.S1,192000000,HAPP20
145073,2019:06:28 23:46:25,28/06/2019,0.990567,African Civet,7.5,0.2-0.4,HAPP20,No,DSCT.S1,192000000,HAPP20
145074,2019:06:28 23:46:24,28/06/2019,0.990556,African Civet,7.5,0.4-0.6,HAPP20,No,DSCT.S1,192000000,HAPP20
145075,2019:06:28 23:46:24,28/06/2019,0.990556,African Civet,7.5,0.4-0.6,HAPP20,No,DSCT.S1,192000000,HAPP20
145076,2019:06:28 23:46:24,28/06/2019,0.990556,African Civet,8,0.4-0.6,HAPP20,No,DSCT.S1,192000000,HAPP20
145077,2019:06:28 23:46:24,28/06/2019,0.990556,African Civet,8,0.4-0.6,HAPP20,No,DSCT.S1,192000000,HAPP20
145078,2019:06:28 23:46:23,28/06/2019,0.990544,African Civet,8,0.6-0.8,HAPP20,Yes,DSCT.S1,192000000,HAPP20
145109,2019:06:28 19:47:40,28/06/2019,0.824769,African Civet,5.5,0-0.2,HAPP20,No,DSCT.S1,192000000,HAPP20
145110,2019:06:28 19:47:40,28/06/2019,0.824769,African Civet,5.5,0-0.2,HAPP20,No,DSCT.S1,192000000,HAPP20
145111,2019:06:28 19:47:40,28/06/2019,0.824769,African Civet,5.5,0-0.2,HAPP20,No,DSCT.S1,192000000,HAPP20
145112,2019:06:28 19:47:40,28/06/2019,0.824769,African Civet,5.5,0-0.2,HAPP20,No,DSCT.S1,192000000,HAPP20
145113,2019:06:28 19:47:39,28/06/2019,0.824757,African Civet,5.5,0-0.2,HAPP20,No,DSCT.S1,192000000,HAPP20
145114,2019:06:28 19:47:39,28/06/2019,0.824757,African Civet,5.5,0-0.2,HAPP20,Yes,DSCT.S1,192000000,HAPP20
145133,2019:06:28 17:20:31,28/06/2019,0.722581,Black Backed Jackal,4,0.4-0.6,HAPP20,No,DSCT.S1,192000000,HAPP20
145134,2019:06:28 17:20:31,28/06/2019,0.722581,Black Backed Jackal,4,0.4-0.6,HAPP20,No,DSCT.S1,192000000,HAPP20
145135,2019:06:28 17:20:30,28/06/2019,0.722569,Black Backed Jackal,4.5,0.2-0.4,HAPP20,No,DSCT.S1,192000000,HAPP20
145136,2019:06:28 17:20:30,28/06/2019,0.722569,Black Backed Jackal,4.5,0.2-0.4,HAPP20,No,DSCT.S1,192000000,HAPP20
145137,2019:06:28 17:20:30,28/06/2019,0.722569,Black Backed Jackal,4.5,0-0.2,HAPP20,No,DSCT.S1,192000000,HAPP20
145138,2019:06:28 17:20:29,28/06/2019,0.722558,Black Backed Jackal,5,0-0.2,HAPP20,Yes,DSCT.S1,192000000,HAPP20
145595,2019:06:28 01:42:42,28/06/2019,0.071319,Black Backed Jackal,6.5,0.2-0.4,HAPP20,No,DSCT.S1,192000000,HAPP20
145596,2019:06:28 01:42:41,28/06/2019,0.071308,Black Backed Jackal,6.5,0.2-0.4,HAPP20,No,DSCT.S1,192000000,HAPP20
145597,2019:06:28 01:42:41,28/06/2019,0.071308,Black Backed Jackal,6.5,0.2-0.4,HAPP20,No,DSCT.S1,192000000,HAPP20
145598,2019:06:28 01:42:41,28/06/2019,0.071308,Black Backed Jackal,6.5,0.2-0.4,HAPP20,No,DSCT.S1,192000000,HAPP20
145599,2019:06:28 01:42:41,28/06/2019,0.071308,Black Backed Jackal,6.5,0.4-0.6,HAPP20,No,DSCT.S1,192000000,HAPP20
145600,2019:06:28 01:42:40,28/06/2019,0.071296,Black Backed Jackal,6.5,0.4-0.6,HAPP20,Yes,DSCT.S1,192000000,HAPP20
145607,2019:06:27 21:31:07,27/06/2019,0.896609,Brown Hyena,5.5,0-0.2,HAPP20,No,DSCT.S1,192000000,HAPP20
145608,2019:06:27 21:31:06,27/06/2019,0.896597,Brown Hyena,5.5,0-0.2,HAPP20,No,DSCT.S1,192000000,HAPP20
145609,2019:06:27 21:31:06,27/06/2019,0.896597,Brown Hyena,6,0-0.2,HAPP20,No,DSCT.S1,192000000,HAPP20
145610,2019:06:27 21:31:06,27/06/2019,0.896597,Brown Hyena,6.5,0-0.2,HAPP20,No,DSCT.S1,192000000,HAPP20
145611,2019:06:27 21:31:06,27/06/2019,0.896597,Brown Hyena,6.5,0-0.2,HAPP20,No,DSCT.S1,192000000,HAPP20
145612,2019:06:27 21:31:05,27/06/2019,0.896586,Brown Hyena,7,0-0.2,HAPP20,No,DSCT.S1,192000000,HAPP20
145613,2019:06:27 21:30:56,27/06/2019,0.896481,Brown Hyena,9,0-0.2,HAPP20,No,DSCT.S1,192000000,HAPP20
145614,2019:06:27 21:30:56,27/06/2019,0.896481,Brown Hyena,9,0-0.2,HAPP20,No,DSCT.S1,192000000,HAPP20
145615,2019:06:27 21:30:56,27/06/2019,0.896481,Brown Hyena,9,0-0.2,HAPP20,No,DSCT.S1,192000000,HAPP20
145616,2019:06:27 21:30:56,27/06/2019,0.896481,Brown Hyena,9,0-0.2,HAPP20,No,DSCT.S1,192000000,HAPP20
145617,2019:06:27 21:30:55,27/06/2019,0.89647,Brown Hyena,9,0-0.2,HAPP20,No,DSCT.S1,192000000,HAPP20
145618,2019:06:27 21:30:55,27/06/2019,0.89647,Brown Hyena,9,0-0.2,HAPP20,No,DSCT.S1,192000000,HAPP20
145619,2019:06:27 21:30:46,27/06/2019,0.896366,Brown Hyena,9,0-0.2,HAPP20,No,DSCT.S1,192000000,HAPP20
145620,2019:06:27 21:30:46,27/06/2019,0.896366,Brown Hyena,9,0-0.2,HAPP20,No,DSCT.S1,192000000,HAPP20
145621,2019:06:27 21:30:46,27/06/2019,0.896366,Brown Hyena,9,0-0.2,HAPP20,No,DSCT.S1,192000000,HAPP20
145622,2019:06:27 21:30:45,27/06/2019,0.896354,Brown Hyena,9,0-0.2,HAPP20,No,DSCT.S1,192000000,HAPP20
145623,2019:06:27 21:30:45,27/06/2019,0.896354,Brown Hyena,9,0-0.2,HAPP20,No,DSCT.S1,192000000,HAPP20
145624,2019:06:27 21:30:45,27/06/2019,0.896354,Brown Hyena,11,0.2-0.4,HAPP20,Yes,DSCT.S1,192000000,HAPP20
145625,2019:06:27 20:23:11,27/06/2019,0.849433,African Civet,6.5,0.4-0.6,HAPP20,No,DSCT.S1,192000000,HAPP20
145626,2019:06:27 20:23:11,27/06/2019,0.849433,African Civet,6.5,0.4-0.6,HAPP20,No,DSCT.S1,192000000,HAPP20
145627,2019:06:27 20:23:11,27/06/2019,0.849433,African Civet,6,0.4-0.6,HAPP20,No,DSCT.S1,192000000,HAPP20
145628,2019:06:27 20:23:11,27/06/2019,0.849433,African Civet,6,0.4-0.6,HAPP20,No,DSCT.S1,192000000,HAPP20
145629,2019:06:27 20:23:10,27/06/2019,0.849421,African Civet,6,0.2-0.4,HAPP20,No,DSCT.S1,192000000,HAPP20
145630,2019:06:27 20:23:10,27/06/2019,0.849421,African Civet,6,0.2-0.4,HAPP20,Yes,DSCT.S1,192000000,HAPP20
146189,2019:06:27 06:54:52,27/06/2019,0.288102,Black Backed Jackal,8,0-0.2,HAPP20,No,DSCT.S1,192000000,HAPP20
146190,2019:06:27 06:54:51,27/06/2019,0.28809,Black Backed Jackal,7.5,0-0.2,HAPP20,No,DSCT.S1,192000000,HAPP20
146191,2019:06:27 06:54:51,27/06/2019,0.28809,Black Backed Jackal,7.5,0-0.2,HAPP20,No,DSCT.S1,192000000,HAPP20
146192,2019:06:27 06:54:51,27/06/2019,0.28809,Black Backed Jackal,7.5,0-0.2,HAPP20,No,DSCT.S1,192000000,HAPP20
146193,2019:06:27 06:54:51,27/06/2019,0.28809,Black Backed Jackal,7,0-0.2,HAPP20,No,DSCT.S1,192000000,HAPP20
146194,2019:06:27 06:54:50,27/06/2019,0.288079,Black Backed Jackal,7,0.2-0.4,HAPP20,Yes,DSCT.S1,192000000,HAPP20
146195,2019:06:27 05:16:10,27/06/2019,0.21956,Black Backed Jackal,6,0-0.2,HAPP20,No,DSCT.S1,192000000,HAPP20
146196,2019:06:27 05:16:09,27/06/2019,0.219549,Black Backed Jackal,6.5,0-0.2,HAPP20,No,DSCT.S1,192000000,HAPP20
146197,2019:06:27 05:16:09,27/06/2019,0.219549,Black Backed Jackal,6.5,0-0.2,HAPP20,No,DSCT.S1,192000000,HAPP20
146198,2019:06:27 05:16:09,27/06/2019,0.219549,Black Backed Jackal,6.5,0-0.2,HAPP20,No,DSCT.S1,192000000,HAPP20
146199,2019:06:27 05:16:08,27/06/2019,0.219537,Black Backed Jackal,6.5,0-0.2,HAPP20,No,DSCT.S1,192000000,HAPP20
146200,2019:06:27 05:16:08,27/06/2019,0.219537,Black Backed Jackal,6.5,0-0.2,HAPP20,Yes,DSCT.S1,192000000,HAPP20
146231,2019:06:27 00:42:41,27/06/2019,0.029641,Black Backed Jackal,5,0.2-0.4,HAPP20,No,DSCT.S1,192000000,HAPP20
146232,2019:06:27 00:42:41,27/06/2019,0.029641,Black Backed Jackal,5.5,0-0.2,HAPP20,No,DSCT.S1,192000000,HAPP20
146233,2019:06:27 00:42:40,27/06/2019,0.02963,Black Backed Jackal,5.5,0-0.2,HAPP20,No,DSCT.S1,192000000,HAPP20
146234,2019:06:27 00:42:40,27/06/2019,0.02963,Black Backed Jackal,5.5,0-0.2,HAPP20,No,DSCT.S1,192000000,HAPP20
146235,2019:06:27 00:42:40,27/06/2019,0.02963,Black Backed Jackal,6,0-0.2,HAPP20,No,DSCT.S1,192000000,HAPP20
146236,2019:06:27 00:42:40,27/06/2019,0.02963,Black Backed Jackal,6,0-0.2,HAPP20,No,DSCT.S1,192000000,HAPP20
146237,2019:06:27 00:42:29,27/06/2019,0.029502,Black Backed Jackal,5.5,0-0.2,HAPP20,No,DSCT.S1,192000000,HAPP20
146238,2019:06:27 00:42:29,27/06/2019,0.029502,Black Backed Jackal,5.5,0-0.2,HAPP20,No,DSCT.S1,192000000,HAPP20
146239,2019:06:27 00:42:29,27/06/2019,0.029502,Black Backed Jackal,5.5,0.2-0.4,HAPP20,No,DSCT.S1,192000000,HAPP20
146240,2019:06:27 00:42:28,27/06/2019,0.029491,Black Backed Jackal,5.5,0.2-0.4,HAPP20,Yes,DSCT.S1,192000000,HAPP20
146241,2019:06:27 00:42:28,27/06/2019,0.029491,Black Backed Jackal,5.5,0.4-0.6,HAPP20,No,DSCT.S1,192000000,HAPP20
146242,2019:06:27 00:42:28,27/06/2019,0.029491,Black Backed Jackal,5.5,0.4-0.6,HAPP20,No,DSCT.S1,192000000,HAPP20
146243,2019:06:27 00:38:33,27/06/2019,0.026771,Black Backed Jackal,5,0.4-0.6,HAPP20,No,DSCT.S1,192000000,HAPP20
146244,2019:06:27 00:38:33,27/06/2019,0.026771,Black Backed Jackal,5,0.4-0.6,HAPP20,No,DSCT.S1,192000000,HAPP20
146245,2019:06:27 00:38:32,27/06/2019,0.026759,Black Backed Jackal,5,0.4-0.6,HAPP20,No,DSCT.S1,192000000,HAPP20
146246,2019:06:27 00:38:32,27/06/2019,0.026759,Black Backed Jackal,5,0.4-0.6,HAPP20,No,DSCT.S1,192000000,HAPP20
146247,2019:06:27 00:38:32,27/06/2019,0.026759,Black Backed Jackal,5,0.4-0.6,HAPP20,No,DSCT.S1,192000000,HAPP20
146248,2019:06:27 00:38:31,27/06/2019,0.026748,Black Backed Jackal,5,0.4-0.6,HAPP20,Yes,DSCT.S1,192000000,HAPP20
146255,2019:06:26 22:10:24,26/06/2019,0.923889,African Civet,9,0.6-0.8,HAPP20,No,DSCT.S1,192000000,HAPP20
146256,2019:06:26 22:10:24,26/06/2019,0.923889,African Civet,9,0.6-0.8,HAPP20,No,DSCT.S1,192000000,HAPP20
146257,2019:06:26 22:10:24,26/06/2019,0.923889,African Civet,9,0.6-0.8,HAPP20,No,DSCT.S1,192000000,HAPP20
146258,2019:06:26 22:10:24,26/06/2019,0.923889,African Civet,9,0.6-0.8,HAPP20,No,DSCT.S1,192000000,HAPP20
146259,2019:06:26 22:10:23,26/06/2019,0.923877,African Civet,8.5,0.4-0.6,HAPP20,No,DSCT.S1,192000000,HAPP20
146260,2019:06:26 22:10:23,26/06/2019,0.923877,African Civet,8.5,0.4-0.6,HAPP20,No,DSCT.S1,192000000,HAPP20
146261,2019:06:26 22:06:38,26/06/2019,0.921273,African Civet,6,0.2-0.4,HAPP20,No,DSCT.S1,192000000,HAPP20
146262,2019:06:26 22:06:38,26/06/2019,0.921273,African Civet,6,0.2-0.4,HAPP20,No,DSCT.S1,192000000,HAPP20
146263,2019:06:26 22:06:38,26/06/2019,0.921273,African Civet,6,0.4-0.6,HAPP20,No,DSCT.S1,192000000,HAPP20
146264,2019:06:26 22:06:38,26/06/2019,0.921273,African Civet,6,0.4-0.6,HAPP20,No,DSCT.S1,192000000,HAPP20
146265,2019:06:26 22:06:37,26/06/2019,0.921262,African Civet,6,0.4-0.6,HAPP20,No,DSCT.S1,192000000,HAPP20
146266,2019:06:26 22:06:37,26/06/2019,0.921262,African Civet,6.5,0.6-0.8,HAPP20,No,DSCT.S1,192000000,HAPP20
146267,2019:06:26 21:48:12,26/06/2019,0.908472,African Civet,7,0.2-0.4,HAPP20,No,DSCT.S1,192000000,HAPP20
146268,2019:06:26 21:48:12,26/06/2019,0.908472,African Civet,7,0.2-0.4,HAPP20,No,DSCT.S1,192000000,HAPP20
146269,2019:06:26 21:48:12,26/06/2019,0.908472,African Civet,7.5,0.2-0.4,HAPP20,No,DSCT.S1,192000000,HAPP20
146270,2019:06:26 21:48:12,26/06/2019,0.908472,African Civet,7.5,0.2-0.4,HAPP20,No,DSCT.S1,192000000,HAPP20
146271,2019:06:26 21:48:11,26/06/2019,0.908461,African Civet,7.5,0.4-0.6,HAPP20,No,DSCT.S1,192000000,HAPP20
146272,2019:06:26 21:48:11,26/06/2019,0.908461,African Civet,7.5,0.4-0.6,HAPP20,Yes,DSCT.S1,192000000,HAPP20
146303,2019:06:26 17:02:44,26/06/2019,0.710231,Black Backed Jackal,6,0.8-1,HAPP20,No,DSCT.S1,192000000,HAPP20
146304,2019:06:26 17:02:44,26/06/2019,0.710231,Black Backed Jackal,6,0.8-1,HAPP20,No,DSCT.S1,192000000,HAPP20
146305,2019:06:26 17:02:44,26/06/2019,0.710231,Black Backed Jackal,6,0.6-0.8,HAPP20,No,DSCT.S1,192000000,HAPP20
146306,2019:06:26 17:02:43,26/06/2019,0.71022,Black Backed Jackal,5.5,0.6-0.8,HAPP20,No,DSCT.S1,192000000,HAPP20
146307,2019:06:26 17:02:43,26/06/2019,0.71022,Black Backed Jackal,5.5,0.6-0.8,HAPP20,No,DSCT.S1,192000000,HAPP20
146308,2019:06:26 17:02:43,26/06/2019,0.71022,Black Backed Jackal,5.5,0.4-0.6,HAPP20,No,DSCT.S1,192000000,HAPP20
146309,2019:06:26 17:02:34,26/06/2019,0.710116,Black Backed Jackal,6,0.2-0.4,HAPP20,No,DSCT.S1,192000000,HAPP20
146310,2019:06:26 17:02:33,26/06/2019,0.710104,Black Backed Jackal,6,0.2-0.4,HAPP20,No,DSCT.S1,192000000,HAPP20
146311,2019:06:26 17:02:33,26/06/2019,0.710104,Black Backed Jackal,6,0.2-0.4,HAPP20,No,DSCT.S1,192000000,HAPP20
146312,2019:06:26 17:02:33,26/06/2019,0.710104,Black Backed Jackal,6,0.2-0.4,HAPP20,No,DSCT.S1,192000000,HAPP20
146313,2019:06:26 17:02:32,26/06/2019,0.710093,Black Backed Jackal,6,0.4-0.6,HAPP20,No,DSCT.S1,192000000,HAPP20
146314,2019:06:26 17:02:32,26/06/2019,0.710093,Black Backed Jackal,6.5,0.6-0.8,HAPP20,No,DSCT.S1,192000000,HAPP20
146315,2019:06:26 17:02:15,26/06/2019,0.709896,Black Backed Jackal,6,0.2-0.4,HAPP20,No,DSCT.S1,192000000,HAPP20
146316,2019:06:26 17:02:15,26/06/2019,0.709896,Black Backed Jackal,6,0.2-0.4,HAPP20,No,DSCT.S1,192000000,HAPP20
146317,2019:06:26 17:02:14,26/06/2019,0.709884,Black Backed Jackal,6,0.2-0.4,HAPP20,No,DSCT.S1,192000000,HAPP20
146318,2019:06:26 17:02:14,26/06/2019,0.709884,Black Backed Jackal,6,0.2-0.4,HAPP20,No,DSCT.S1,192000000,HAPP20
146319,2019:06:26 17:02:13,26/06/2019,0.709873,Black Backed Jackal,6,0.4-0.6,HAPP20,No,DSCT.S1,192000000,HAPP20
146320,2019:06:26 17:02:13,26/06/2019,0.709873,Black Backed Jackal,6.5,0.6-0.8,HAPP20,Yes,DSCT.S1,192000000,HAPP20
146609,2019:06:26 05:16:15,26/06/2019,0.219618,Black Backed Jackal,11,0-0.2,HAPP20,No,DSCT.S1,192000000,HAPP20
146610,2019:06:26 05:16:15,26/06/2019,0.219618,Black Backed Jackal,10,0-0.2,HAPP20,No,DSCT.S1,192000000,HAPP20
146611,2019:06:26 05:16:15,26/06/2019,0.219618,Black Backed Jackal,10,0-0.2,HAPP20,No,DSCT.S1,192000000,HAPP20
146612,2019:06:26 05:16:15,26/06/2019,0.219618,Black Backed Jackal,10,0-0.2,HAPP20,No,DSCT.S1,192000000,HAPP20
146613,2019:06:26 05:16:14,26/06/2019,0.219606,Black Backed Jackal,10,0-0.2,HAPP20,No,DSCT.S1,192000000,HAPP20
146614,2019:06:26 05:16:14,26/06/2019,0.219606,Black Backed Jackal,10,0.2-0.4,HAPP20,No,DSCT.S1,192000000,HAPP20
146615,2019:06:26 05:15:46,26/06/2019,0.219282,Black Backed Jackal,11,0-0.2,HAPP20,No,DSCT.S1,192000000,HAPP20
146616,2019:06:26 05:15:46,26/06/2019,0.219282,Black Backed Jackal,11,0-0.2,HAPP20,No,DSCT.S1,192000000,HAPP20
146617,2019:06:26 05:15:46,26/06/2019,0.219282,Black Backed Jackal,10,0-0.2,HAPP20,No,DSCT.S1,192000000,HAPP20
146618,2019:06:26 05:15:46,26/06/2019,0.219282,Black Backed Jackal,10,0-0.2,HAPP20,No,DSCT.S1,192000000,HAPP20
146619,2019:06:26 05:15:45,26/06/2019,0.219271,Black Backed Jackal,10,0-0.2,HAPP20,No,DSCT.S1,192000000,HAPP20
146620,2019:06:26 05:15:45,26/06/2019,0.219271,Black Backed Jackal,10,0.2-0.4,HAPP20,No,DSCT.S1,192000000,HAPP20
146621,2019:06:26 05:14:23,26/06/2019,0.218322,Black Backed Jackal,7,0.4-0.6,HAPP20,No,DSCT.S1,192000000,HAPP20
146622,2019:06:26 05:14:23,26/06/2019,0.218322,Black Backed Jackal,7,0.4-0.6,HAPP20,No,DSCT.S1,192000000,HAPP20
146623,2019:06:26 05:14:23,26/06/2019,0.218322,Black Backed Jackal,6.5,0.4-0.6,HAPP20,No,DSCT.S1,192000000,HAPP20
146624,2019:06:26 05:14:22,26/06/2019,0.21831,Black Backed Jackal,6.5,0.4-0.6,HAPP20,No,DSCT.S1,192000000,HAPP20
146625,2019:06:26 05:14:22,26/06/2019,0.21831,Black Backed Jackal,6,0.4-0.6,HAPP20,No,DSCT.S1,192000000,HAPP20
146626,2019:06:26 05:14:22,26/06/2019,0.21831,Black Backed Jackal,6,0.4-0.6,HAPP20,Yes,DSCT.S1,192000000,HAPP20
146657,2019:06:26 02:17:19,26/06/2019,0.095359,Black Backed Jackal,15,0.4-0.6,HAPP20,No,DSCT.S1,192000000,HAPP20
146658,2019:06:26 02:17:19,26/06/2019,0.095359,Black Backed Jackal,14,0.4-0.6,HAPP20,No,DSCT.S1,192000000,HAPP20
146659,2019:06:26 02:17:18,26/06/2019,0.095347,Black Backed Jackal,13,0.4-0.6,HAPP20,No,DSCT.S1,192000000,HAPP20
146660,2019:06:26 02:17:18,26/06/2019,0.095347,Black Backed Jackal,12,0.2-0.4,HAPP20,No,DSCT.S1,192000000,HAPP20
146661,2019:06:26 02:17:18,26/06/2019,0.095347,Black Backed Jackal,12,0.2-0.4,HAPP20,No,DSCT.S1,192000000,HAPP20
146662,2019:06:26 02:17:18,26/06/2019,0.095347,Black Backed Jackal,11,0.2-0.4,HAPP20,No,DSCT.S1,192000000,HAPP20
146663,2019:06:26 02:17:10,26/06/2019,0.095255,Black Backed Jackal,9,0.2-0.4,HAPP20,No,DSCT.S1,192000000,HAPP20
146664,2019:06:26 02:17:10,26/06/2019,0.095255,Black Backed Jackal,9,0.2-0.4,HAPP20,No,DSCT.S1,192000000,HAPP20
146665,2019:06:26 02:17:10,26/06/2019,0.095255,Black Backed Jackal,9,0.2-0.4,HAPP20,No,DSCT.S1,192000000,HAPP20
146666,2019:06:26 02:17:10,26/06/2019,0.095255,Black Backed Jackal,9,0.2-0.4,HAPP20,No,DSCT.S1,192000000,HAPP20
146667,2019:06:26 02:17:09,26/06/2019,0.095243,Black Backed Jackal,9,0.4-0.6,HAPP20,No,DSCT.S1,192000000,HAPP20
146668,2019:06:26 02:17:09,26/06/2019,0.095243,Black Backed Jackal,9,0.4-0.6,HAPP20,Yes,DSCT.S1,192000000,HAPP20
146669,2019:06:26 01:28:40,26/06/2019,0.061574,Black Backed Jackal,7,0-0.2,HAPP20,No,DSCT.S1,192000000,HAPP20
146670,2019:06:26 01:28:40,26/06/2019,0.061574,Black Backed Jackal,7,0-0.2,HAPP20,No,DSCT.S1,192000000,HAPP20
146671,2019:06:26 01:28:40,26/06/2019,0.061574,Black Backed Jackal,7,0-0.2,HAPP20,No,DSCT.S1,192000000,HAPP20
146672,2019:06:26 01:28:39,26/06/2019,0.061563,Black Backed Jackal,7,0-0.2,HAPP20,No,DSCT.S1,192000000,HAPP20
146673,2019:06:26 01:28:39,26/06/2019,0.061563,Black Backed Jackal,7,0-0.2,HAPP20,No,DSCT.S1,192000000,HAPP20
146674,2019:06:26 01:28:39,26/06/2019,0.061563,Black Backed Jackal,7,0-0.2,HAPP20,Yes,DSCT.S1,192000000,HAPP20
146675,2019:06:26 00:56:33,26/06/2019,0.039271,African Civet,10,0.6-0.8,HAPP20,No,DSCT.S1,192000000,HAPP20
146676,2019:06:26 00:56:33,26/06/2019,0.039271,African Civet,10,0.4-0.6,HAPP20,No,DSCT.S1,192000000,HAPP20
146677,2019:06:26 00:56:33,26/06/2019,0.039271,African Civet,8.5,0.2-0.4,HAPP20,No,DSCT.S1,192000000,HAPP20
146678,2019:06:26 00:56:32,26/06/2019,0.039259,African Civet,8.5,0-0.2,HAPP20,No,DSCT.S1,192000000,HAPP20
146679,2019:06:26 00:56:32,26/06/2019,0.039259,African Civet,8,0-0.2,HAPP20,No,DSCT.S1,192000000,HAPP20
146680,2019:06:26 00:56:32,26/06/2019,0.039259,African Civet,9.5,0-0.2,HAPP20,No,DSCT.S1,192000000,HAPP20
146681,2019:06:26 00:53:28,26/06/2019,0.03713,African Civet,7,0.2-0.4,HAPP20,No,DSCT.S1,192000000,HAPP20
146682,2019:06:26 00:53:27,26/06/2019,0.037118,African Civet,7,0.2-0.4,HAPP20,No,DSCT.S1,192000000,HAPP20
146683,2019:06:26 00:53:27,26/06/2019,0.037118,African Civet,7,0.2-0.4,HAPP20,No,DSCT.S1,192000000,HAPP20
146684,2019:06:26 00:53:27,26/06/2019,0.037118,African Civet,7,0.4-0.6,HAPP20,No,DSCT.S1,192000000,HAPP20
146685,2019:06:26 00:53:26,26/06/2019,0.037106,African Civet,7,0.4-0.6,HAPP20,No,DSCT.S1,192000000,HAPP20
146686,2019:06:26 00:53:26,26/06/2019,0.037106,African Civet,7.5,0.4-0.6,HAPP20,Yes,DSCT.S1,192000000,HAPP20
146687,2019:06:25 21:59:26,25/06/2019,0.916273,African Civet,6.5,0-0.2,HAPP20,No,DSCT.S1,192000000,HAPP20
146688,2019:06:25 21:59:26,25/06/2019,0.916273,African Civet,6.5,0-0.2,HAPP20,No,DSCT.S1,192000000,HAPP20
146689,2019:06:25 21:59:26,25/06/2019,0.916273,African Civet,6.5,0-0.2,HAPP20,No,DSCT.S1,192000000,HAPP20
146690,2019:06:25 21:59:25,25/06/2019,0.916262,African Civet,6.5,0-0.2,HAPP20,No,DSCT.S1,192000000,HAPP20
146691,2019:06:25 21:59:25,25/06/2019,0.916262,African Civet,6.5,0-0.2,HAPP20,No,DSCT.S1,192000000,HAPP20
146692,2019:06:25 21:59:25,25/06/2019,0.916262,African Civet,6.5,0-0.2,HAPP20,Yes,DSCT.S1,192000000,HAPP20
146693,2019:06:25 19:26:40,25/06/2019,0.810185,African Civet,6,0-0.2,HAPP20,No,DSCT.S1,192000000,HAPP20
146694,2019:06:25 19:26:40,25/06/2019,0.810185,African Civet,5.5,0-0.2,HAPP20,No,DSCT.S1,192000000,HAPP20
146695,2019:06:25 19:26:39,25/06/2019,0.810174,African Civet,5.5,0-0.2,HAPP20,No,DSCT.S1,192000000,HAPP20
146696,2019:06:25 19:26:39,25/06/2019,0.810174,African Civet,5.5,0.2-0.4,HAPP20,No,DSCT.S1,192000000,HAPP20
146697,2019:06:25 19:26:39,25/06/2019,0.810174,African Civet,5.5,0.2-0.4,HAPP20,No,DSCT.S1,192000000,HAPP20
146698,2019:06:25 19:26:39,25/06/2019,0.810174,African Civet,5.5,0.2-0.4,HAPP20,No,DSCT.S1,192000000,HAPP20
146699,2019:06:25 19:23:55,25/06/2019,0.808275,African Civet,9,0.4-0.6,HAPP20,No,DSCT.S1,192000000,HAPP20
146700,2019:06:25 19:23:55,25/06/2019,0.808275,African Civet,9,0.4-0.6,HAPP20,No,DSCT.S1,192000000,HAPP20
146701,2019:06:25 19:23:55,25/06/2019,0.808275,African Civet,9,0.4-0.6,HAPP20,No,DSCT.S1,192000000,HAPP20
146702,2019:06:25 19:23:55,25/06/2019,0.808275,African Civet,9,0.4-0.6,HAPP20,No,DSCT.S1,192000000,HAPP20
146703,2019:06:25 19:23:54,25/06/2019,0.808264,African Civet,9,0.4-0.6,HAPP20,No,DSCT.S1,192000000,HAPP20
146704,2019:06:25 19:23:54,25/06/2019,0.808264,African Civet,8.5,0.4-0.6,HAPP20,Yes,DSCT.S1,192000000,HAPP20
146705,2019:06:25 19:14:55,25/06/2019,0.802025,Black Backed Jackal,6.5,0.4-0.6,HAPP20,No,DSCT.S1,192000000,HAPP20
146706,2019:06:25 19:14:54,25/06/2019,0.802014,Black Backed Jackal,6.5,0.4-0.6,HAPP20,No,DSCT.S1,192000000,HAPP20
146707,2019:06:25 19:14:54,25/06/2019,0.802014,Black Backed Jackal,6.5,0.4-0.6,HAPP20,No,DSCT.S1,192000000,HAPP20
146708,2019:06:25 19:14:54,25/06/2019,0.802014,Black Backed Jackal,6,0.4-0.6,HAPP20,No,DSCT.S1,192000000,HAPP20
146709,2019:06:25 19:14:53,25/06/2019,0.802002,Black Backed Jackal,6,0.4-0.6,HAPP20,No,DSCT.S1,192000000,HAPP20
146710,2019:06:25 19:14:53,25/06/2019,0.802002,Black Backed Jackal,5.5,0.4-0.6,HAPP20,Yes,DSCT.S1,192000000,HAPP20
147233,2019:06:25 05:38:41,25/06/2019,0.235197,Black Backed Jackal,6,0.2-0.4,HAPP20,No,DSCT.S1,192000000,HAPP20
147234,2019:06:25 05:38:41,25/06/2019,0.235197,Black Backed Jackal,6.5,0-0.2,HAPP20,No,DSCT.S1,192000000,HAPP20
147235,2019:06:25 05:38:41,25/06/2019,0.235197,Black Backed Jackal,6.5,0-0.2,HAPP20,No,DSCT.S1,192000000,HAPP20
147236,2019:06:25 05:38:41,25/06/2019,0.235197,Black Backed Jackal,7,0-0.2,HAPP20,No,DSCT.S1,192000000,HAPP20
147237,2019:06:25 05:38:40,25/06/2019,0.235185,Black Backed Jackal,7.5,0-0.2,HAPP20,No,DSCT.S1,192000000,HAPP20
147238,2019:06:25 05:38:40,25/06/2019,0.235185,Black Backed Jackal,8,0-0.2,HAPP20,No,DSCT.S1,192000000,HAPP20
147239,2019:06:25 05:34:19,25/06/2019,0.232164,Black Backed Jackal,7,0-0.2,HAPP20,No,DSCT.S1,192000000,HAPP20
147240,2019:06:25 05:34:18,25/06/2019,0.232153,Black Backed Jackal,7,0-0.2,HAPP20,No,DSCT.S1,192000000,HAPP20
147241,2019:06:25 05:34:18,25/06/2019,0.232153,Black Backed Jackal,7,0-0.2,HAPP20,No,DSCT.S1,192000000,HAPP20
147242,2019:06:25 05:34:18,25/06/2019,0.232153,Black Backed Jackal,7.5,0-0.2,HAPP20,No,DSCT.S1,192000000,HAPP20
147243,2019:06:25 05:34:17,25/06/2019,0.232141,Black Backed Jackal,7.5,0-0.2,HAPP20,No,DSCT.S1,192000000,HAPP20
147244,2019:06:25 05:34:17,25/06/2019,0.232141,Black Backed Jackal,8,0-0.2,HAPP20,No,DSCT.S1,192000000,HAPP20
147245,2019:06:25 05:29:44,25/06/2019,0.228981,Black Backed Jackal,10,0.2-0.4,HAPP20,No,DSCT.S1,192000000,HAPP20
147246,2019:06:25 05:29:44,25/06/2019,0.228981,Black Backed Jackal,10,0.2-0.4,HAPP20,No,DSCT.S1,192000000,HAPP20
147247,2019:06:25 05:29:44,25/06/2019,0.228981,Black Backed Jackal,10,0.2-0.4,HAPP20,No,DSCT.S1,192000000,HAPP20
147248,2019:06:25 05:29:43,25/06/2019,0.22897,Black Backed Jackal,14,0.2-0.4,HAPP20,No,DSCT.S1,192000000,HAPP20
147249,2019:06:25 05:29:43,25/06/2019,0.22897,Black Backed Jackal,14,0.2-0.4,HAPP20,No,DSCT.S1,192000000,HAPP20
147250,2019:06:25 05:29:43,25/06/2019,0.22897,Black Backed Jackal,14,0.2-0.4,HAPP20,Yes,DSCT.S1,192000000,HAPP20
147251,2019:06:25 05:29:22,25/06/2019,0.228727,Black Backed Jackal,11,0-0.2,HAPP20,No,DSCT.S1,192000000,HAPP20
147252,2019:06:25 05:29:22,25/06/2019,0.228727,Black Backed Jackal,11,0-0.2,HAPP20,No,DSCT.S1,192000000,HAPP20
147253,2019:06:25 05:29:22,25/06/2019,0.228727,Black Backed Jackal,11,0-0.2,HAPP20,No,DSCT.S1,192000000,HAPP20
147254,2019:06:25 05:29:21,25/06/2019,0.228715,Black Backed Jackal,10,0-0.2,HAPP20,No,DSCT.S1,192000000,HAPP20
147255,2019:06:25 05:29:21,25/06/2019,0.228715,Black Backed Jackal,10,0-0.2,HAPP20,No,DSCT.S1,192000000,HAPP20
147256,2019:06:25 05:29:21,25/06/2019,0.228715,Black Backed Jackal,10,0-0.2,HAPP20,Yes,DSCT.S1,192000000,HAPP20
147257,2019:06:25 04:59:28,25/06/2019,0.207963,Black Backed Jackal,9.5,0.2-0.4,HAPP20,No,DSCT.S1,192000000,HAPP20
147258,2019:06:25 04:59:28,25/06/2019,0.207963,Black Backed Jackal,9.5,0.2-0.4,HAPP20,No,DSCT.S1,192000000,HAPP20
147259,2019:06:25 04:59:28,25/06/2019,0.207963,Black Backed Jackal,9,0.2-0.4,HAPP20,No,DSCT.S1,192000000,HAPP20
147260,2019:06:25 04:59:27,25/06/2019,0.207951,Black Backed Jackal,9,0.2-0.4,HAPP20,No,DSCT.S1,192000000,HAPP20
147261,2019:06:25 04:59:27,25/06/2019,0.207951,Black Backed Jackal,9,0.4-0.6,HAPP20,No,DSCT.S1,192000000,HAPP20
147262,2019:06:25 04:59:27,25/06/2019,0.207951,Black Backed Jackal,8.5,0.4-0.6,HAPP20,Yes,DSCT.S1,192000000,HAPP20
147323,2019:06:25 00:34:52,25/06/2019,0.024213,African Civet,7.5,0-0.2,HAPP20,No,DSCT.S1,192000000,HAPP20
147324,2019:06:25 00:34:52,25/06/2019,0.024213,African Civet,7.5,0-0.2,HAPP20,No,DSCT.S1,192000000,HAPP20
147325,2019:06:25 00:34:51,25/06/2019,0.024201,African Civet,7.5,0-0.2,HAPP20,No,DSCT.S1,192000000,HAPP20
147326,2019:06:25 00:34:51,25/06/2019,0.024201,African Civet,7.5,0-0.2,HAPP20,No,DSCT.S1,192000000,HAPP20
147327,2019:06:25 00:34:51,25/06/2019,0.024201,African Civet,7.5,0-0.2,HAPP20,No,DSCT.S1,192000000,HAPP20
147328,2019:06:25 00:34:51,25/06/2019,0.024201,African Civet,7.5,0-0.2,HAPP20,No,DSCT.S1,192000000,HAPP20
147329,2019:06:25 00:31:22,25/06/2019,0.021782,African Civet,8,0.6-0.8,HAPP20,No,DSCT.S1,192000000,HAPP20
147330,2019:06:25 00:31:22,25/06/2019,0.021782,African Civet,8,0.6-0.8,HAPP20,No,DSCT.S1,192000000,HAPP20
147331,2019:06:25 00:31:21,25/06/2019,0.021771,African Civet,8,0.6-0.8,HAPP20,No,DSCT.S1,192000000,HAPP20
147332,2019:06:25 00:31:21,25/06/2019,0.021771,African Civet,8,0.6-0.8,HAPP20,No,DSCT.S1,192000000,HAPP20
147333,2019:06:25 00:31:21,25/06/2019,0.021771,African Civet,8,0.4-0.6,HAPP20,No,DSCT.S1,192000000,HAPP20
147334,2019:06:25 00:31:21,25/06/2019,0.021771,African Civet,7.5,0.4-0.6,HAPP20,No,DSCT.S1,192000000,HAPP20
147335,2019:06:25 00:31:14,25/06/2019,0.02169,African Civet,9,0.4-0.6,HAPP20,No,DSCT.S1,192000000,HAPP20
147336,2019:06:25 00:31:13,25/06/2019,0.021678,African Civet,9,0.4-0.6,HAPP20,No,DSCT.S1,192000000,HAPP20
147337,2019:06:25 00:31:13,25/06/2019,0.021678,African Civet,9,0.4-0.6,HAPP20,No,DSCT.S1,192000000,HAPP20
147338,2019:06:25 00:31:13,25/06/2019,0.021678,African Civet,9,0.4-0.6,HAPP20,No,DSCT.S1,192000000,HAPP20
147339,2019:06:25 00:31:12,25/06/2019,0.021667,African Civet,9.5,0.6-0.8,HAPP20,No,DSCT.S1,192000000,HAPP20
147340,2019:06:25 00:31:12,25/06/2019,0.021667,African Civet,9.5,0.6-0.8,HAPP20,Yes,DSCT.S1,192000000,HAPP20
147395,2019:06:24 17:20:55,24/06/2019,0.722859,Black Backed Jackal,6.5,0-0.2,HAPP20,No,DSCT.S1,192000000,HAPP20
147396,2019:06:24 17:20:55,24/06/2019,0.722859,Black Backed Jackal,6.5,0-0.2,HAPP20,No,DSCT.S1,192000000,HAPP20
147397,2019:06:24 17:20:54,24/06/2019,0.722847,Black Backed Jackal,6.5,0-0.2,HAPP20,No,DSCT.S1,192000000,HAPP20
147398,2019:06:24 17:20:54,24/06/2019,0.722847,Black Backed Jackal,6.5,0-0.2,HAPP20,No,DSCT.S1,192000000,HAPP20
147399,2019:06:24 17:20:54,24/06/2019,0.722847,Black Backed Jackal,6.5,0-0.2,HAPP20,No,DSCT.S1,192000000,HAPP20
147400,2019:06:24 17:20:53,24/06/2019,0.722836,Black Backed Jackal,7,0-0.2,HAPP20,Yes,DSCT.S1,192000000,HAPP20
149604,2019:06:28 21:13:41,28/06/2019,0.884502,Brown Hyena,14,0.2-0.4,GIPP21,No,DSCT.S1,192000000,GIPP21
149605,2019:06:28 21:13:41,28/06/2019,0.884502,Brown Hyena,14,0.2-0.4,GIPP21,No,DSCT.S1,192000000,GIPP21
149606,2019:06:28 21:13:41,28/06/2019,0.884502,Brown Hyena,14,0.2-0.4,GIPP21,No,DSCT.S1,192000000,GIPP21
149607,2019:06:28 21:13:40,28/06/2019,0.884491,Brown Hyena,14,0.4-0.6,GIPP21,No,DSCT.S1,192000000,GIPP21
149608,2019:06:28 21:13:40,28/06/2019,0.884491,Brown Hyena,15,0.4-0.6,GIPP21,No,DSCT.S1,192000000,GIPP21
149609,2019:06:28 21:13:40,28/06/2019,0.884491,Brown Hyena,16,0.4-0.6,GIPP21,Yes,DSCT.S1,192000000,GIPP21
149694,2019:06:26 04:41:06,26/06/2019,0.195208,Black Backed Jackal,7,0.8-1,GIPP21,No,DSCT.S1,192000000,GIPP21
149695,2019:06:26 04:41:06,26/06/2019,0.195208,Black Backed Jackal,6.5,0.6-0.8,GIPP21,No,DSCT.S1,192000000,GIPP21
149696,2019:06:26 04:41:06,26/06/2019,0.195208,Black Backed Jackal,5.5,0.4-0.6,GIPP21,No,DSCT.S1,192000000,GIPP21
149697,2019:06:26 04:41:05,26/06/2019,0.195197,Black Backed Jackal,5,0.4-0.6,GIPP21,No,DSCT.S1,192000000,GIPP21
149698,2019:06:26 04:41:05,26/06/2019,0.195197,Black Backed Jackal,5,0.2-0.4,GIPP21,No,DSCT.S1,192000000,GIPP21
149699,2019:06:26 04:41:05,26/06/2019,0.195197,Black Backed Jackal,4.5,0.2-0.4,GIPP21,Yes,DSCT.S1,192000000,GIPP21
149762,2019:07:07 22:50:32,07/07/2019,0.951759,African Civet,6.5,0.8-1,HAPP23,No,DSCT.S1,192000000,HAPP23
149763,2019:07:07 22:50:31,07/07/2019,0.951748,African Civet,6.5,0.8-1,HAPP23,No,DSCT.S1,192000000,HAPP23
149764,2019:07:07 22:50:31,07/07/2019,0.951748,African Civet,6,0.8-1,HAPP23,No,DSCT.S1,192000000,HAPP23
149765,2019:07:07 22:50:31,07/07/2019,0.951748,African Civet,6,0.8-1,HAPP23,No,DSCT.S1,192000000,HAPP23
149766,2019:07:07 22:50:22,07/07/2019,0.951644,African Civet,7.5,0.2-0.4,HAPP23,No,DSCT.S1,192000000,HAPP23
149767,2019:07:07 22:50:22,07/07/2019,0.951644,African Civet,7.5,0.4-0.6,HAPP23,No,DSCT.S1,192000000,HAPP23
149768,2019:07:07 22:50:22,07/07/2019,0.951644,African Civet,7.5,0.4-0.6,HAPP23,No,DSCT.S1,192000000,HAPP23
149769,2019:07:07 22:50:22,07/07/2019,0.951644,African Civet,8,0.6-0.8,HAPP23,No,DSCT.S1,192000000,HAPP23
149770,2019:07:07 22:50:21,07/07/2019,0.951632,African Civet,8.5,0.6-0.8,HAPP23,No,DSCT.S1,192000000,HAPP23
149771,2019:07:07 22:50:21,07/07/2019,0.951632,African Civet,9,0.8-1,HAPP23,Yes,DSCT.S1,192000000,HAPP23
150403,2019:06:30 20:10:08,30/06/2019,0.84037,Brown Hyena,7.5,0.8-1,HAPP23,No,DSCT.S1,192000000,HAPP23
150404,2019:06:30 20:10:08,30/06/2019,0.84037,Brown Hyena,7,0.6-0.8,HAPP23,No,DSCT.S1,192000000,HAPP23
150405,2019:06:30 20:10:07,30/06/2019,0.840359,Brown Hyena,6.5,0.4-0.6,HAPP23,No,DSCT.S1,192000000,HAPP23
150406,2019:06:30 20:10:07,30/06/2019,0.840359,Brown Hyena,6.5,0-0.2,HAPP23,No,DSCT.S1,192000000,HAPP23
150407,2019:06:30 20:10:07,30/06/2019,0.840359,Brown Hyena,7,0-0.2,HAPP23,No,DSCT.S1,192000000,HAPP23
150408,2019:06:30 20:09:31,30/06/2019,0.839942,Brown Hyena,6.5,0.2-0.4,HAPP23,No,DSCT.S1,192000000,HAPP23
150409,2019:06:30 20:09:31,30/06/2019,0.839942,Brown Hyena,6.5,0-0.2,HAPP23,No,DSCT.S1,192000000,HAPP23
150410,2019:06:30 20:09:30,30/06/2019,0.839931,Brown Hyena,7,0-0.2,HAPP23,No,DSCT.S1,192000000,HAPP23
150411,2019:06:30 20:09:30,30/06/2019,0.839931,Brown Hyena,7,0-0.2,HAPP23,No,DSCT.S1,192000000,HAPP23
150412,2019:06:30 20:09:30,30/06/2019,0.839931,Brown Hyena,7,0.2-0.4,HAPP23,No,DSCT.S1,192000000,HAPP23
150413,2019:06:30 20:09:30,30/06/2019,0.839931,Brown Hyena,7.5,0.4-0.6,HAPP23,Yes,DSCT.S1,192000000,HAPP23
150750,2019:06:27 01:05:18,27/06/2019,0.045347,Black Backed Jackal,8,0.4-0.6,HAPP23,No,DSCT.S1,192000000,HAPP23
150751,2019:06:27 01:05:18,27/06/2019,0.045347,Black Backed Jackal,7,0.2-0.4,HAPP23,No,DSCT.S1,192000000,HAPP23
150752,2019:06:27 01:05:17,27/06/2019,0.045336,Black Backed Jackal,6.5,0-0.2,HAPP23,No,DSCT.S1,192000000,HAPP23
150753,2019:06:27 01:05:17,27/06/2019,0.045336,Black Backed Jackal,6.5,0-0.2,HAPP23,No,DSCT.S1,192000000,HAPP23
150754,2019:06:27 01:05:17,27/06/2019,0.045336,Black Backed Jackal,6,0.2-0.4,HAPP23,No,DSCT.S1,192000000,HAPP23
150755,2019:06:27 01:05:17,27/06/2019,0.045336,Black Backed Jackal,6,0.2-0.4,HAPP23,No,DSCT.S1,192000000,HAPP23
150756,2019:06:27 01:05:10,27/06/2019,0.045255,Black Backed Jackal,6,0.4-0.6,HAPP23,No,DSCT.S1,192000000,HAPP23
150757,2019:06:27 01:05:10,27/06/2019,0.045255,Black Backed Jackal,6,0.4-0.6,HAPP23,No,DSCT.S1,192000000,HAPP23
150758,2019:06:27 01:05:10,27/06/2019,0.045255,Black Backed Jackal,6,0.4-0.6,HAPP23,No,DSCT.S1,192000000,HAPP23
150759,2019:06:27 01:05:09,27/06/2019,0.045243,Black Backed Jackal,6,0.4-0.6,HAPP23,No,DSCT.S1,192000000,HAPP23
150760,2019:06:27 01:05:09,27/06/2019,0.045243,Black Backed Jackal,6,0.4-0.6,HAPP23,No,DSCT.S1,192000000,HAPP23
150761,2019:06:27 01:05:09,27/06/2019,0.045243,Black Backed Jackal,6,0.4-0.6,HAPP23,Yes,DSCT.S1,192000000,HAPP23
151338,2019:06:29 23:22:42,29/06/2019,0.974097,Leopard,5.5,0.8-1,SHPP09,No,DSCT.S1,192000000,SHPP09
151339,2019:06:29 23:22:42,29/06/2019,0.974097,Leopard,5.5,0.8-1,SHPP09,No,DSCT.S1,192000000,SHPP09
151340,2019:06:29 23:22:41,29/06/2019,0.974086,Leopard,5.5,0.8-1,SHPP09,No,DSCT.S1,192000000,SHPP09
151341,2019:06:29 23:22:41,29/06/2019,0.974086,Leopard,6.5,0.8-1,SHPP09,No,DSCT.S1,192000000,SHPP09
151342,2019:06:29 23:22:35,29/06/2019,0.974016,Leopard,8.5,0-0.2,SHPP09,No,DSCT.S1,192000000,SHPP09
151343,2019:06:29 23:22:35,29/06/2019,0.974016,Leopard,8.5,0.2-0.4,SHPP09,No,DSCT.S1,192000000,SHPP09
151344,2019:06:29 23:22:35,29/06/2019,0.974016,Leopard,9,0.2-0.4,SHPP09,No,DSCT.S1,192000000,SHPP09
151345,2019:06:29 23:22:35,29/06/2019,0.974016,Leopard,9,0.2-0.4,SHPP09,No,DSCT.S1,192000000,SHPP09
151346,2019:06:29 23:22:34,29/06/2019,0.974005,Leopard,9,0.2-0.4,SHPP09,No,DSCT.S1,192000000,SHPP09
151347,2019:06:29 23:22:34,29/06/2019,0.974005,Leopard,9,0.2-0.4,SHPP09,Yes,DSCT.S1,192000000,SHPP09
151666,2019:07:06 05:27:00,06/07/2019,0.227083,Brown Hyena,7,0-0.2,HAPP18,No,DSCT.S1,192000000,HAPP18
151667,2019:07:06 05:27:00,06/07/2019,0.227083,Brown Hyena,6.5,0-0.2,HAPP18,No,DSCT.S1,192000000,HAPP18
151668,2019:07:06 05:27:00,06/07/2019,0.227083,Brown Hyena,6,0.2-0.4,HAPP18,No,DSCT.S1,192000000,HAPP18
151669,2019:07:06 05:26:59,06/07/2019,0.227072,Brown Hyena,5.5,0.2-0.4,HAPP18,No,DSCT.S1,192000000,HAPP18
151670,2019:07:06 05:26:59,06/07/2019,0.227072,Brown Hyena,5,0.4-0.6,HAPP18,No,DSCT.S1,192000000,HAPP18
151671,2019:07:06 05:26:59,06/07/2019,0.227072,Brown Hyena,5,0.6-0.8,HAPP18,Yes,DSCT.S1,192000000,HAPP18
151834,2019:07:03 17:07:43,03/07/2019,0.713692,Black Backed Jackal,3.5,0.4-0.6,HAPP18,No,DSCT.S1,192000000,HAPP18
151835,2019:07:03 17:07:43,03/07/2019,0.713692,Black Backed Jackal,4,0.2-0.4,HAPP18,No,DSCT.S1,192000000,HAPP18
151836,2019:07:03 17:07:43,03/07/2019,0.713692,Black Backed Jackal,4,0-0.2,HAPP18,No,DSCT.S1,192000000,HAPP18
151837,2019:07:03 17:07:42,03/07/2019,0.713681,Black Backed Jackal,4.5,0.2-0.4,HAPP18,No,DSCT.S1,192000000,HAPP18
151838,2019:07:03 17:07:42,03/07/2019,0.713681,Black Backed Jackal,5,0.4-0.6,HAPP18,No,DSCT.S1,192000000,HAPP18
151839,2019:07:03 17:07:42,03/07/2019,0.713681,Black Backed Jackal,5.5,0.6-0.8,HAPP18,Yes,DSCT.S1,192000000,HAPP18
152602,2019:06:28 04:23:42,28/06/2019,0.183125,Brown Hyena,2,0-0.2,HAPP18,No,DSCT.S1,192000000,HAPP18
152603,2019:06:28 04:23:42,28/06/2019,0.183125,Brown Hyena,1,0.6-0.8,HAPP18,No,DSCT.S1,192000000,HAPP18
152604,2019:06:28 04:23:42,28/06/2019,0.183125,Brown Hyena,1,0.6-0.8,HAPP18,No,DSCT.S1,192000000,HAPP18
152605,2019:06:28 04:23:41,28/06/2019,0.183113,Brown Hyena,0.5,0.8-1,HAPP18,No,DSCT.S1,192000000,HAPP18
152606,2019:06:28 04:23:41,28/06/2019,0.183113,Brown Hyena,0.5,0.8-1,HAPP18,No,DSCT.S1,192000000,HAPP18
152607,2019:06:28 04:23:41,28/06/2019,0.183113,Brown Hyena,0.5,0.8-1,HAPP18,Yes,DSCT.S1,192000000,HAPP18
154021,2019:07:07 01:48:25,07/07/2019,0.075289,Black Backed Jackal,3,0.4-0.6,HAPP15,No,DSCT.S1,192000000,HAPP15
154022,2019:07:07 01:48:25,07/07/2019,0.075289,Black Backed Jackal,3,0.4-0.6,HAPP15,No,DSCT.S1,192000000,HAPP15
154023,2019:07:07 01:48:25,07/07/2019,0.075289,Black Backed Jackal,2.5,0.6-0.8,HAPP15,No,DSCT.S1,192000000,HAPP15
154024,2019:07:07 01:48:24,07/07/2019,0.075278,Black Backed Jackal,2.5,0.6-0.8,HAPP15,No,DSCT.S1,192000000,HAPP15
154025,2019:07:07 01:48:24,07/07/2019,0.075278,Black Backed Jackal,2,0.8-1,HAPP15,No,DSCT.S1,192000000,HAPP15
154026,2019:07:07 01:48:24,07/07/2019,0.075278,Black Backed Jackal,1.5,0.8-1,HAPP15,Yes,DSCT.S1,192000000,HAPP15
154117,2019:07:06 06:25:56,06/07/2019,0.268009,Black Backed Jackal,17,0.8-1,HAPP15,No,DSCT.S1,192000000,HAPP15
154118,2019:07:06 06:25:56,06/07/2019,0.268009,Black Backed Jackal,14,0.8-1,HAPP15,No,DSCT.S1,192000000,HAPP15
154119,2019:07:06 06:25:55,06/07/2019,0.267998,Black Backed Jackal,8.5,0.4-0.6,HAPP15,No,DSCT.S1,192000000,HAPP15
154120,2019:07:06 06:25:55,06/07/2019,0.267998,Black Backed Jackal,6,0-0.2,HAPP15,Yes,DSCT.S1,192000000,HAPP15
154121,2019:07:06 04:42:59,06/07/2019,0.196516,Brown Hyena,9,0-0.2,HAPP15,No,DSCT.S1,192000000,HAPP15
154122,2019:07:06 04:42:59,06/07/2019,0.196516,Brown Hyena,8.5,0-0.2,HAPP15,No,DSCT.S1,192000000,HAPP15
154123,2019:07:06 04:42:59,06/07/2019,0.196516,Brown Hyena,8.5,0-0.2,HAPP15,No,DSCT.S1,192000000,HAPP15
154124,2019:07:06 04:42:58,06/07/2019,0.196505,Brown Hyena,9.5,0.2-0.4,HAPP15,No,DSCT.S1,192000000,HAPP15
154125,2019:07:06 04:42:58,06/07/2019,0.196505,Brown Hyena,11,0.2-0.4,HAPP15,No,DSCT.S1,192000000,HAPP15
154126,2019:07:06 04:42:58,06/07/2019,0.196505,Brown Hyena,12,0.4-0.6,HAPP15,Yes,DSCT.S1,192000000,HAPP15
154138,2019:07:05 18:33:16,05/07/2019,0.773102,Black Backed Jackal,4.5,0.8-1,HAPP15,No,DSCT.S1,192000000,HAPP15
154139,2019:07:05 18:33:01,05/07/2019,0.772928,Black Backed Jackal,6.5,0.4-0.6,HAPP15,No,DSCT.S1,192000000,HAPP15
154140,2019:07:05 18:33:00,05/07/2019,0.772917,Black Backed Jackal,7,0.2-0.4,HAPP15,No,DSCT.S1,192000000,HAPP15
154141,2019:07:05 18:33:00,05/07/2019,0.772917,Black Backed Jackal,7.5,0.2-0.4,HAPP15,No,DSCT.S1,192000000,HAPP15
154142,2019:07:05 18:33:00,05/07/2019,0.772917,Black Backed Jackal,8,0-0.2,HAPP15,No,DSCT.S1,192000000,HAPP15
154143,2019:07:05 18:32:59,05/07/2019,0.772905,Black Backed Jackal,9.5,0-0.2,HAPP15,No,DSCT.S1,192000000,HAPP15
154144,2019:07:05 18:32:59,05/07/2019,0.772905,Black Backed Jackal,11,0-0.2,HAPP15,Yes,DSCT.S1,192000000,HAPP15
154289,2019:07:05 03:31:37,05/07/2019,0.146956,Black Backed Jackal,15,0.6-0.8,HAPP15,No,DSCT.S1,192000000,HAPP15
154290,2019:07:05 03:31:36,05/07/2019,0.146944,Black Backed Jackal,12,0.4-0.6,HAPP15,No,DSCT.S1,192000000,HAPP15
154291,2019:07:05 03:31:36,05/07/2019,0.146944,Black Backed Jackal,9.5,0.2-0.4,HAPP15,No,DSCT.S1,192000000,HAPP15
154292,2019:07:05 03:31:36,05/07/2019,0.146944,Black Backed Jackal,8,0-0.2,HAPP15,No,DSCT.S1,192000000,HAPP15
154293,2019:07:05 03:31:36,05/07/2019,0.146944,Black Backed Jackal,7,0-0.2,HAPP15,No,DSCT.S1,192000000,HAPP15
154294,2019:07:05 03:31:35,05/07/2019,0.146933,Black Backed Jackal,6,0.2-0.4,HAPP15,Yes,DSCT.S1,192000000,HAPP15
154410,2019:07:04 06:49:58,04/07/2019,0.284699,Black Backed Jackal,24,0.8-1,HAPP15,No,DSCT.S1,192000000,HAPP15
154412,2019:07:04 06:49:57,04/07/2019,0.284688,Black Backed Jackal,11,0.4-0.6,HAPP15,No,DSCT.S1,192000000,HAPP15
154414,2019:07:04 06:49:56,04/07/2019,0.284676,Black Backed Jackal,6,0.2-0.4,HAPP15,Yes,DSCT.S1,192000000,HAPP15
154421,2019:07:04 03:33:28,04/07/2019,0.148241,Black Backed Jackal,5.5,0.2-0.4,HAPP15,No,DSCT.S1,192000000,HAPP15
154422,2019:07:04 03:33:28,04/07/2019,0.148241,Black Backed Jackal,6,0.2-0.4,HAPP15,No,DSCT.S1,192000000,HAPP15
154423,2019:07:04 03:33:27,04/07/2019,0.148229,Black Backed Jackal,6.5,0-0.2,HAPP15,No,DSCT.S1,192000000,HAPP15
154424,2019:07:04 03:33:27,04/07/2019,0.148229,Black Backed Jackal,7.5,0-0.2,HAPP15,No,DSCT.S1,192000000,HAPP15
154425,2019:07:04 03:33:27,04/07/2019,0.148229,Black Backed Jackal,9,0-0.2,HAPP15,No,DSCT.S1,192000000,HAPP15
154426,2019:07:04 03:33:27,04/07/2019,0.148229,Black Backed Jackal,10,0.2-0.4,HAPP15,Yes,DSCT.S1,192000000,HAPP15
154427,2019:07:04 01:31:38,04/07/2019,0.063634,Black Backed Jackal,5,0.4-0.6,HAPP15,No,DSCT.S1,192000000,HAPP15
154428,2019:07:04 01:31:38,04/07/2019,0.063634,Black Backed Jackal,6,0.2-0.4,HAPP15,No,DSCT.S1,192000000,HAPP15
154429,2019:07:04 01:31:38,04/07/2019,0.063634,Black Backed Jackal,6.5,0-0.2,HAPP15,No,DSCT.S1,192000000,HAPP15
154430,2019:07:04 01:31:38,04/07/2019,0.063634,Black Backed Jackal,8,0-0.2,HAPP15,No,DSCT.S1,192000000,HAPP15
154431,2019:07:04 01:31:37,04/07/2019,0.063623,Black Backed Jackal,9,0-0.2,HAPP15,No,DSCT.S1,192000000,HAPP15
154432,2019:07:04 01:31:37,04/07/2019,0.063623,Black Backed Jackal,11,0.2-0.4,HAPP15,Yes,DSCT.S1,192000000,HAPP15
154433,2019:07:03 23:39:58,03/07/2019,0.986088,Black Backed Jackal,9,0-0.2,HAPP15,No,DSCT.S1,192000000,HAPP15
154434,2019:07:03 23:39:58,03/07/2019,0.986088,Black Backed Jackal,8,0-0.2,HAPP15,No,DSCT.S1,192000000,HAPP15
154435,2019:07:03 23:39:58,03/07/2019,0.986088,Black Backed Jackal,7,0-0.2,HAPP15,No,DSCT.S1,192000000,HAPP15
154436,2019:07:03 23:39:57,03/07/2019,0.986076,Black Backed Jackal,6.5,0.2-0.4,HAPP15,No,DSCT.S1,192000000,HAPP15
154437,2019:07:03 23:39:57,03/07/2019,0.986076,Black Backed Jackal,6,0.2-0.4,HAPP15,No,DSCT.S1,192000000,HAPP15
154438,2019:07:03 23:39:57,03/07/2019,0.986076,Black Backed Jackal,5,0.4-0.6,HAPP15,No,DSCT.S1,192000000,HAPP15
154439,2019:07:03 23:39:44,03/07/2019,0.985926,Black Backed Jackal,9,0-0.2,HAPP15,No,DSCT.S1,192000000,HAPP15
154440,2019:07:03 23:39:44,03/07/2019,0.985926,Black Backed Jackal,8,0-0.2,HAPP15,No,DSCT.S1,192000000,HAPP15
154441,2019:07:03 23:39:43,03/07/2019,0.985914,Black Backed Jackal,7.5,0-0.2,HAPP15,No,DSCT.S1,192000000,HAPP15
154442,2019:07:03 23:39:43,03/07/2019,0.985914,Black Backed Jackal,6.5,0.2-0.4,HAPP15,No,DSCT.S1,192000000,HAPP15
154443,2019:07:03 23:39:43,03/07/2019,0.985914,Black Backed Jackal,6,0.4-0.6,HAPP15,No,DSCT.S1,192000000,HAPP15
154444,2019:07:03 23:39:43,03/07/2019,0.985914,Black Backed Jackal,5.5,0.4-0.6,HAPP15,Yes,DSCT.S1,192000000,HAPP15
154451,2019:07:03 17:12:31,03/07/2019,0.717025,Black Backed Jackal,6,0.6-0.8,HAPP15,No,DSCT.S1,192000000,HAPP15
154452,2019:07:03 17:12:31,03/07/2019,0.717025,Black Backed Jackal,6.5,0.4-0.6,HAPP15,No,DSCT.S1,192000000,HAPP15
154453,2019:07:03 17:12:31,03/07/2019,0.717025,Black Backed Jackal,7.5,0.2-0.4,HAPP15,No,DSCT.S1,192000000,HAPP15
154454,2019:07:03 17:12:30,03/07/2019,0.717014,Black Backed Jackal,8.5,0-0.2,HAPP15,No,DSCT.S1,192000000,HAPP15
154455,2019:07:03 17:12:30,03/07/2019,0.717014,Black Backed Jackal,9.5,0-0.2,HAPP15,No,DSCT.S1,192000000,HAPP15
154456,2019:07:03 17:12:30,03/07/2019,0.717014,Black Backed Jackal,12,0.2-0.4,HAPP15,Yes,DSCT.S1,192000000,HAPP15
154463,2019:07:03 10:58:42,03/07/2019,0.457431,Black Backed Jackal,26+,0.6-0.8,HAPP15,No,DSCT.S1,192000000,HAPP15
154464,2019:07:03 10:58:41,03/07/2019,0.457419,Black Backed Jackal,24,0.6-0.8,HAPP15,No,DSCT.S1,192000000,HAPP15
154465,2019:07:03 10:58:41,03/07/2019,0.457419,Black Backed Jackal,21,0.6-0.8,HAPP15,No,DSCT.S1,192000000,HAPP15
154466,2019:07:03 10:58:41,03/07/2019,0.457419,Black Backed Jackal,16,0.4-0.6,HAPP15,No,DSCT.S1,192000000,HAPP15
154467,2019:07:03 10:58:40,03/07/2019,0.457407,Black Backed Jackal,13,0.2-0.4,HAPP15,No,DSCT.S1,192000000,HAPP15
154468,2019:07:03 10:58:40,03/07/2019,0.457407,Black Backed Jackal,11,0-0.2,HAPP15,Yes,DSCT.S1,192000000,HAPP15
154517,2019:07:03 05:19:31,03/07/2019,0.221887,Black Backed Jackal,4.5,0.8-1,HAPP15,No,DSCT.S1,192000000,HAPP15
154518,2019:07:03 05:19:22,03/07/2019,0.221782,Black Backed Jackal,5.5,0.2-0.4,HAPP15,No,DSCT.S1,192000000,HAPP15
154519,2019:07:03 05:19:22,03/07/2019,0.221782,Black Backed Jackal,6.5,0.2-0.4,HAPP15,No,DSCT.S1,192000000,HAPP15
154520,2019:07:03 05:19:22,03/07/2019,0.221782,Black Backed Jackal,7,0-0.2,HAPP15,No,DSCT.S1,192000000,HAPP15
154521,2019:07:03 05:19:21,03/07/2019,0.221771,Black Backed Jackal,8,0-0.2,HAPP15,No,DSCT.S1,192000000,HAPP15
154522,2019:07:03 05:19:21,03/07/2019,0.221771,Black Backed Jackal,10,0.2-0.4,HAPP15,No,DSCT.S1,192000000,HAPP15
154523,2019:07:03 05:19:21,03/07/2019,0.221771,Black Backed Jackal,12,0.2-0.4,HAPP15,Yes,DSCT.S1,192000000,HAPP15
154524,2019:07:03 04:20:51,03/07/2019,0.181146,Black Backed Jackal,5.5,0.8-1,HAPP15,No,DSCT.S1,192000000,HAPP15
154525,2019:07:03 04:20:43,03/07/2019,0.181053,Black Backed Jackal,11,0.2-0.4,HAPP15,No,DSCT.S1,192000000,HAPP15
154526,2019:07:03 04:20:43,03/07/2019,0.181053,Black Backed Jackal,9,0-0.2,HAPP15,No,DSCT.S1,192000000,HAPP15
154527,2019:07:03 04:20:43,03/07/2019,0.181053,Black Backed Jackal,8,0-0.2,HAPP15,No,DSCT.S1,192000000,HAPP15
154528,2019:07:03 04:20:42,03/07/2019,0.181042,Black Backed Jackal,7,0-0.2,HAPP15,No,DSCT.S1,192000000,HAPP15
154529,2019:07:03 04:20:42,03/07/2019,0.181042,Black Backed Jackal,6.5,0.2-0.4,HAPP15,No,DSCT.S1,192000000,HAPP15
154530,2019:07:03 04:20:42,03/07/2019,0.181042,Black Backed Jackal,6,0.4-0.6,HAPP15,Yes,DSCT.S1,192000000,HAPP15
154537,2019:07:02 17:51:39,02/07/2019,0.744201,Black Backed Jackal,5,0.8-1,HAPP15,No,DSCT.S1,192000000,HAPP15
154538,2019:07:02 17:51:39,02/07/2019,0.744201,Black Backed Jackal,4.5,0.6-0.8,HAPP15,No,DSCT.S1,192000000,HAPP15
154539,2019:07:02 17:51:38,02/07/2019,0.74419,Black Backed Jackal,5.5,0.4-0.6,HAPP15,No,DSCT.S1,192000000,HAPP15
154540,2019:07:02 17:51:38,02/07/2019,0.74419,Black Backed Jackal,6,0.2-0.4,HAPP15,No,DSCT.S1,192000000,HAPP15
154541,2019:07:02 17:51:38,02/07/2019,0.74419,Black Backed Jackal,7,0-0.2,HAPP15,No,DSCT.S1,192000000,HAPP15
154542,2019:07:02 17:51:38,02/07/2019,0.74419,Black Backed Jackal,9,0.2-0.4,HAPP15,No,DSCT.S1,192000000,HAPP15
154543,2019:07:02 17:51:27,02/07/2019,0.744063,Black Backed Jackal,4.5,0.8-1,HAPP15,No,DSCT.S1,192000000,HAPP15
154544,2019:07:02 17:51:27,02/07/2019,0.744063,Black Backed Jackal,5,0.6-0.8,HAPP15,No,DSCT.S1,192000000,HAPP15
154545,2019:07:02 17:51:27,02/07/2019,0.744063,Black Backed Jackal,6,0.2-0.4,HAPP15,No,DSCT.S1,192000000,HAPP15
154546,2019:07:02 17:51:26,02/07/2019,0.744051,Black Backed Jackal,6.5,0-0.2,HAPP15,No,DSCT.S1,192000000,HAPP15
154547,2019:07:02 17:51:26,02/07/2019,0.744051,Black Backed Jackal,7,0-0.2,HAPP15,No,DSCT.S1,192000000,HAPP15
154548,2019:07:02 17:51:26,02/07/2019,0.744051,Black Backed Jackal,9,0.2-0.4,HAPP15,Yes,DSCT.S1,192000000,HAPP15
154567,2019:07:02 07:43:19,02/07/2019,0.321748,Black Backed Jackal,20,0.8-1,HAPP15,Yes,DSCT.S1,192000000,HAPP15
154568,2019:07:02 07:43:19,02/07/2019,0.321748,Black Backed Jackal,14,0.4-0.6,HAPP15,No,DSCT.S1,192000000,HAPP15
154569,2019:07:02 07:43:18,02/07/2019,0.321736,Black Backed Jackal,10,0.2-0.4,HAPP15,No,DSCT.S1,192000000,HAPP15
154570,2019:07:02 07:43:18,02/07/2019,0.321736,Black Backed Jackal,8,0-0.2,HAPP15,No,DSCT.S1,192000000,HAPP15
154571,2019:07:02 07:43:18,02/07/2019,0.321736,Black Backed Jackal,6.5,0.2-0.4,HAPP15,No,DSCT.S1,192000000,HAPP15
154572,2019:07:02 07:43:17,02/07/2019,0.321725,Black Backed Jackal,6,0.4-0.6,HAPP15,Yes,DSCT.S1,192000000,HAPP15
154669,2019:07:01 08:23:40,01/07/2019,0.349769,Black Backed Jackal,10,0-0.2,HAPP15,No,DSCT.S1,192000000,HAPP15
154670,2019:07:01 08:23:40,01/07/2019,0.349769,Black Backed Jackal,8.5,0-0.2,HAPP15,No,DSCT.S1,192000000,HAPP15
154671,2019:07:01 08:23:40,01/07/2019,0.349769,Black Backed Jackal,7.5,0-0.2,HAPP15,No,DSCT.S1,192000000,HAPP15
154672,2019:07:01 08:23:39,01/07/2019,0.349757,Black Backed Jackal,6.5,0.2-0.4,HAPP15,No,DSCT.S1,192000000,HAPP15
154673,2019:07:01 08:23:39,01/07/2019,0.349757,Black Backed Jackal,6,0.4-0.6,HAPP15,No,DSCT.S1,192000000,HAPP15
154674,2019:07:01 08:23:39,01/07/2019,0.349757,Black Backed Jackal,5.5,0.6-0.8,HAPP15,No,DSCT.S1,192000000,HAPP15
154675,2019:07:01 08:08:59,01/07/2019,0.339572,Black Backed Jackal,5,0.8-1,HAPP15,No,DSCT.S1,192000000,HAPP15
154676,2019:07:01 08:08:59,01/07/2019,0.339572,Black Backed Jackal,5,0.8-1,HAPP15,No,DSCT.S1,192000000,HAPP15
154677,2019:07:01 08:08:59,01/07/2019,0.339572,Black Backed Jackal,6,0.6-0.8,HAPP15,No,DSCT.S1,192000000,HAPP15
154678,2019:07:01 08:08:58,01/07/2019,0.33956,Black Backed Jackal,6.5,0.2-0.4,HAPP15,No,DSCT.S1,192000000,HAPP15
154679,2019:07:01 08:08:58,01/07/2019,0.33956,Black Backed Jackal,7.5,0-0.2,HAPP15,No,DSCT.S1,192000000,HAPP15
154680,2019:07:01 08:08:57,01/07/2019,0.339549,Black Backed Jackal,9.5,0-0.2,HAPP15,Yes,DSCT.S1,192000000,HAPP15
154885,2019:06:30 00:07:39,30/06/2019,0.005313,Black Backed Jackal,5,0.6-0.8,HAPP15,No,DSCT.S1,192000000,HAPP15
154886,2019:06:30 00:07:39,30/06/2019,0.005313,Black Backed Jackal,5.5,0.4-0.6,HAPP15,No,DSCT.S1,192000000,HAPP15
154887,2019:06:30 00:07:39,30/06/2019,0.005313,Black Backed Jackal,6,0.2-0.4,HAPP15,No,DSCT.S1,192000000,HAPP15
154888,2019:06:30 00:07:38,30/06/2019,0.005301,Black Backed Jackal,7,0-0.2,HAPP15,No,DSCT.S1,192000000,HAPP15
154889,2019:06:30 00:07:38,30/06/2019,0.005301,Black Backed Jackal,8,0-0.2,HAPP15,No,DSCT.S1,192000000,HAPP15
154890,2019:06:30 00:07:38,30/06/2019,0.005301,Black Backed Jackal,9.5,0.2-0.4,HAPP15,Yes,DSCT.S1,192000000,HAPP15
154891,2019:06:29 23:21:01,29/06/2019,0.972928,Black Backed Jackal,5.5,0.2-0.4,HAPP15,No,DSCT.S1,192000000,HAPP15
154892,2019:06:29 23:21:01,29/06/2019,0.972928,Black Backed Jackal,6,0.2-0.4,HAPP15,No,DSCT.S1,192000000,HAPP15
154893,2019:06:29 23:21:01,29/06/2019,0.972928,Black Backed Jackal,7,0-0.2,HAPP15,No,DSCT.S1,192000000,HAPP15
154894,2019:06:29 23:21:01,29/06/2019,0.972928,Black Backed Jackal,8,0-0.2,HAPP15,No,DSCT.S1,192000000,HAPP15
154895,2019:06:29 23:21:00,29/06/2019,0.972917,Black Backed Jackal,9,0-0.2,HAPP15,No,DSCT.S1,192000000,HAPP15
154896,2019:06:29 23:21:00,29/06/2019,0.972917,Black Backed Jackal,10,0.2-0.4,HAPP15,Yes,DSCT.S1,192000000,HAPP15
154897,2019:06:29 18:59:21,29/06/2019,0.791215,Black Backed Jackal,9.5,0.2-0.4,HAPP15,No,DSCT.S1,192000000,HAPP15
154898,2019:06:29 18:59:21,29/06/2019,0.791215,Black Backed Jackal,8,0-0.2,HAPP15,No,DSCT.S1,192000000,HAPP15
154899,2019:06:29 18:59:21,29/06/2019,0.791215,Black Backed Jackal,7,0-0.2,HAPP15,No,DSCT.S1,192000000,HAPP15
154900,2019:06:29 18:59:21,29/06/2019,0.791215,Black Backed Jackal,6,0-0.2,HAPP15,No,DSCT.S1,192000000,HAPP15
154901,2019:06:29 18:59:20,29/06/2019,0.791204,Black Backed Jackal,6,0.2-0.4,HAPP15,No,DSCT.S1,192000000,HAPP15
154902,2019:06:29 18:59:20,29/06/2019,0.791204,Black Backed Jackal,5.5,0.4-0.6,HAPP15,Yes,DSCT.S1,192000000,HAPP15
154909,2019:06:29 17:39:13,29/06/2019,0.735567,Black Backed Jackal,25,0.6-0.8,HAPP15,No,DSCT.S1,192000000,HAPP15
154910,2019:06:29 17:39:12,29/06/2019,0.735556,Black Backed Jackal,21,0.4-0.6,HAPP15,No,DSCT.S1,192000000,HAPP15
154911,2019:06:29 17:39:12,29/06/2019,0.735556,Black Backed Jackal,14,0.2-0.4,HAPP15,No,DSCT.S1,192000000,HAPP15
154912,2019:06:29 17:39:11,29/06/2019,0.735544,Black Backed Jackal,11,0-0.2,HAPP15,No,DSCT.S1,192000000,HAPP15
154913,2019:06:29 17:39:11,29/06/2019,0.735544,Black Backed Jackal,8,0-0.2,HAPP15,No,DSCT.S1,192000000,HAPP15
154914,2019:06:29 17:39:11,29/06/2019,0.735544,Black Backed Jackal,6.5,0.4-0.6,HAPP15,Yes,DSCT.S1,192000000,HAPP15
154927,2019:06:29 06:16:51,29/06/2019,0.261701,Black Backed Jackal,23,0.8-1,HAPP15,No,DSCT.S1,192000000,HAPP15
154928,2019:06:29 06:16:50,29/06/2019,0.26169,Black Backed Jackal,18,0.6-0.8,HAPP15,No,DSCT.S1,192000000,HAPP15
154929,2019:06:29 06:16:50,29/06/2019,0.26169,Black Backed Jackal,12,0.4-0.6,HAPP15,No,DSCT.S1,192000000,HAPP15
154930,2019:06:29 06:16:50,29/06/2019,0.26169,Black Backed Jackal,9.5,0.2-0.4,HAPP15,No,DSCT.S1,192000000,HAPP15
154931,2019:06:29 06:16:50,29/06/2019,0.26169,Black Backed Jackal,7.5,0-0.2,HAPP15,No,DSCT.S1,192000000,HAPP15
154932,2019:06:29 06:16:49,29/06/2019,0.261678,Black Backed Jackal,6.5,0-0.2,HAPP15,Yes,DSCT.S1,192000000,HAPP15
155023,2019:06:27 00:50:21,27/06/2019,0.034965,Black Backed Jackal,4,0.6-0.8,HAPP15,No,DSCT.S1,192000000,HAPP15
155024,2019:06:27 00:50:21,27/06/2019,0.034965,Black Backed Jackal,4.5,0.4-0.6,HAPP15,No,DSCT.S1,192000000,HAPP15
155025,2019:06:27 00:50:21,27/06/2019,0.034965,Black Backed Jackal,5,0.2-0.4,HAPP15,No,DSCT.S1,192000000,HAPP15
155026,2019:06:27 00:50:20,27/06/2019,0.034954,Black Backed Jackal,6,0-0.2,HAPP15,No,DSCT.S1,192000000,HAPP15
155027,2019:06:27 00:50:20,27/06/2019,0.034954,Black Backed Jackal,7,0.2-0.4,HAPP15,No,DSCT.S1,192000000,HAPP15
155028,2019:06:27 00:50:20,27/06/2019,0.034954,Black Backed Jackal,8,0.4-0.6,HAPP15,No,DSCT.S1,192000000,HAPP15
155029,2019:06:27 00:30:07,27/06/2019,0.020914,Black Backed Jackal,10,0.4-0.6,HAPP15,No,DSCT.S1,192000000,HAPP15
155030,2019:06:27 00:30:06,27/06/2019,0.020903,Black Backed Jackal,8.5,0.2-0.4,HAPP15,No,DSCT.S1,192000000,HAPP15
155031,2019:06:27 00:30:06,27/06/2019,0.020903,Black Backed Jackal,7,0.2-0.4,HAPP15,No,DSCT.S1,192000000,HAPP15
155032,2019:06:27 00:30:06,27/06/2019,0.020903,Black Backed Jackal,6.5,0-0.2,HAPP15,No,DSCT.S1,192000000,HAPP15
155033,2019:06:27 00:30:06,27/06/2019,0.020903,Black Backed Jackal,6,0-0.2,HAPP15,No,DSCT.S1,192000000,HAPP15
155034,2019:06:27 00:30:05,27/06/2019,0.020891,Black Backed Jackal,5.5,0.2-0.4,HAPP15,Yes,DSCT.S1,192000000,HAPP15
155071,2019:06:26 08:25:23,26/06/2019,0.350961,Black Backed Jackal,7,0.8-1,HAPP15,No,DSCT.S1,192000000,HAPP15
155072,2019:06:26 08:25:23,26/06/2019,0.350961,Black Backed Jackal,7,0.8-1,HAPP15,No,DSCT.S1,192000000,HAPP15
155073,2019:06:26 08:25:22,26/06/2019,0.350949,Black Backed Jackal,8,0.6-0.8,HAPP15,No,DSCT.S1,192000000,HAPP15
155074,2019:06:26 08:25:22,26/06/2019,0.350949,Black Backed Jackal,9,0.4-0.6,HAPP15,No,DSCT.S1,192000000,HAPP15
155075,2019:06:26 08:25:22,26/06/2019,0.350949,Black Backed Jackal,11,0.2-0.4,HAPP15,Yes,DSCT.S1,192000000,HAPP15
155088,2019:06:26 07:09:09,26/06/2019,0.298021,Black Backed Jackal,1,0.6-0.8,HAPP15,No,DSCT.S1,192000000,HAPP15
155089,2019:06:26 07:09:09,26/06/2019,0.298021,Black Backed Jackal,1,0.4-0.6,HAPP15,No,DSCT.S1,192000000,HAPP15
155090,2019:06:26 07:09:09,26/06/2019,0.298021,Black Backed Jackal,1,0.4-0.6,HAPP15,No,DSCT.S1,192000000,HAPP15
155091,2019:06:26 07:09:02,26/06/2019,0.29794,Black Backed Jackal,1.5,0-0.2,HAPP15,No,DSCT.S1,192000000,HAPP15
155092,2019:06:26 07:09:01,26/06/2019,0.297928,Black Backed Jackal,1.5,0.2-0.4,HAPP15,No,DSCT.S1,192000000,HAPP15
155093,2019:06:26 07:09:01,26/06/2019,0.297928,Black Backed Jackal,1.5,0.6-0.8,HAPP15,No,DSCT.S1,192000000,HAPP15
155094,2019:06:26 07:09:00,26/06/2019,0.297917,Black Backed Jackal,1.5,0.8-1,HAPP15,No,DSCT.S1,192000000,HAPP15
155095,2019:06:26 07:09:00,26/06/2019,0.297917,Black Backed Jackal,1.5,0.8-1,HAPP15,No,DSCT.S1,192000000,HAPP15
155096,2019:06:26 07:09:00,26/06/2019,0.297917,Black Backed Jackal,1.5,0.8-1,HAPP15,No,DSCT.S1,192000000,HAPP15
155097,2019:06:26 07:08:50,26/06/2019,0.297801,Black Backed Jackal,2,0.6-0.8,HAPP15,No,DSCT.S1,192000000,HAPP15
155098,2019:06:26 07:08:50,26/06/2019,0.297801,Black Backed Jackal,2,0.6-0.8,HAPP15,No,DSCT.S1,192000000,HAPP15
155099,2019:06:26 07:08:50,26/06/2019,0.297801,Black Backed Jackal,2,0.4-0.6,HAPP15,No,DSCT.S1,192000000,HAPP15
155100,2019:06:26 07:08:49,26/06/2019,0.297789,Black Backed Jackal,2,0.4-0.6,HAPP15,No,DSCT.S1,192000000,HAPP15
155101,2019:06:26 07:08:49,26/06/2019,0.297789,Black Backed Jackal,2.5,0.4-0.6,HAPP15,No,DSCT.S1,192000000,HAPP15
155102,2019:06:26 07:08:48,26/06/2019,0.297778,Black Backed Jackal,2.5,0.4-0.6,HAPP15,No,DSCT.S1,192000000,HAPP15
155103,2019:06:26 07:08:40,26/06/2019,0.297685,Black Backed Jackal,2.5,0.4-0.6,HAPP15,No,DSCT.S1,192000000,HAPP15
155104,2019:06:26 07:08:39,26/06/2019,0.297674,Black Backed Jackal,2.5,0.4-0.6,HAPP15,No,DSCT.S1,192000000,HAPP15
155105,2019:06:26 07:08:39,26/06/2019,0.297674,Black Backed Jackal,2.5,0.4-0.6,HAPP15,No,DSCT.S1,192000000,HAPP15
155106,2019:06:26 07:08:39,26/06/2019,0.297674,Black Backed Jackal,2.5,0.4-0.6,HAPP15,No,DSCT.S1,192000000,HAPP15
155107,2019:06:26 07:08:38,26/06/2019,0.297662,Black Backed Jackal,2.5,0.4-0.6,HAPP15,No,DSCT.S1,192000000,HAPP15
155108,2019:06:26 07:08:38,26/06/2019,0.297662,Black Backed Jackal,2.5,0.4-0.6,HAPP15,No,DSCT.S1,192000000,HAPP15
155109,2019:06:26 07:08:31,26/06/2019,0.297581,Black Backed Jackal,3,0.8-1,HAPP15,No,DSCT.S1,192000000,HAPP15
155110,2019:06:26 07:08:30,26/06/2019,0.297569,Black Backed Jackal,3,0.8-1,HAPP15,No,DSCT.S1,192000000,HAPP15
155111,2019:06:26 07:08:30,26/06/2019,0.297569,Black Backed Jackal,3,0.8-1,HAPP15,No,DSCT.S1,192000000,HAPP15
155112,2019:06:26 07:08:30,26/06/2019,0.297569,Black Backed Jackal,3,0.8-1,HAPP15,No,DSCT.S1,192000000,HAPP15
155113,2019:06:26 07:08:29,26/06/2019,0.297558,Black Backed Jackal,3,0.8-1,HAPP15,No,DSCT.S1,192000000,HAPP15
155114,2019:06:26 07:08:29,26/06/2019,0.297558,Black Backed Jackal,3,0.8-1,HAPP15,No,DSCT.S1,192000000,HAPP15
155115,2019:06:26 07:08:22,26/06/2019,0.297477,Black Backed Jackal,3.5,0.8-1,HAPP15,No,DSCT.S1,192000000,HAPP15
155116,2019:06:26 07:08:22,26/06/2019,0.297477,Black Backed Jackal,3.5,0.8-1,HAPP15,No,DSCT.S1,192000000,HAPP15
155117,2019:06:26 07:08:21,26/06/2019,0.297465,Black Backed Jackal,3.5,0.8-1,HAPP15,No,DSCT.S1,192000000,HAPP15
155118,2019:06:26 07:08:21,26/06/2019,0.297465,Black Backed Jackal,3.5,0.8-1,HAPP15,No,DSCT.S1,192000000,HAPP15
155119,2019:06:26 07:08:20,26/06/2019,0.297454,Black Backed Jackal,4,0.8-1,HAPP15,No,DSCT.S1,192000000,HAPP15
155120,2019:06:26 07:08:12,26/06/2019,0.297361,Black Backed Jackal,5,0.8-1,HAPP15,No,DSCT.S1,192000000,HAPP15
155121,2019:06:26 07:08:11,26/06/2019,0.29735,Black Backed Jackal,5,0.8-1,HAPP15,No,DSCT.S1,192000000,HAPP15
155122,2019:06:26 07:08:11,26/06/2019,0.29735,Black Backed Jackal,5.5,0.8-1,HAPP15,No,DSCT.S1,192000000,HAPP15
155123,2019:06:26 07:08:10,26/06/2019,0.297338,Black Backed Jackal,5.5,0.8-1,HAPP15,No,DSCT.S1,192000000,HAPP15
155124,2019:06:26 07:08:10,26/06/2019,0.297338,Black Backed Jackal,5.5,0.8-1,HAPP15,No,DSCT.S1,192000000,HAPP15
155125,2019:06:26 07:08:10,26/06/2019,0.297338,Black Backed Jackal,5.5,0.8-1,HAPP15,No,DSCT.S1,192000000,HAPP15
155126,2019:06:26 07:08:03,26/06/2019,0.297257,Black Backed Jackal,6,0.8-1,HAPP15,No,DSCT.S1,192000000,HAPP15
155127,2019:06:26 07:08:02,26/06/2019,0.297245,Black Backed Jackal,6,0.8-1,HAPP15,No,DSCT.S1,192000000,HAPP15
155128,2019:06:26 07:08:02,26/06/2019,0.297245,Black Backed Jackal,6,0.8-1,HAPP15,No,DSCT.S1,192000000,HAPP15
155129,2019:06:26 07:08:02,26/06/2019,0.297245,Black Backed Jackal,6,0.8-1,HAPP15,No,DSCT.S1,192000000,HAPP15
155130,2019:06:26 07:08:01,26/06/2019,0.297234,Black Backed Jackal,6,0.8-1,HAPP15,No,DSCT.S1,192000000,HAPP15
155131,2019:06:26 07:08:01,26/06/2019,0.297234,Black Backed Jackal,6,0.8-1,HAPP15,No,DSCT.S1,192000000,HAPP15
155132,2019:06:26 07:07:47,26/06/2019,0.297072,Black Backed Jackal,6,0.8-1,HAPP15,No,DSCT.S1,192000000,HAPP15
155133,2019:06:26 07:07:46,26/06/2019,0.29706,Black Backed Jackal,6,0.8-1,HAPP15,No,DSCT.S1,192000000,HAPP15
155134,2019:06:26 07:07:46,26/06/2019,0.29706,Black Backed Jackal,6,0.8-1,HAPP15,No,DSCT.S1,192000000,HAPP15
155135,2019:06:26 07:07:46,26/06/2019,0.29706,Black Backed Jackal,6,0.8-1,HAPP15,No,DSCT.S1,192000000,HAPP15
155136,2019:06:26 07:07:45,26/06/2019,0.297049,Black Backed Jackal,6,0.8-1,HAPP15,No,DSCT.S1,192000000,HAPP15
155137,2019:06:26 07:07:45,26/06/2019,0.297049,Black Backed Jackal,6,0.8-1,HAPP15,Yes,DSCT.S1,192000000,HAPP15
155162,2019:06:26 06:14:34,26/06/2019,0.260116,Black Backed Jackal,11,0-0.2,HAPP15,No,DSCT.S1,192000000,HAPP15
155163,2019:06:26 06:14:34,26/06/2019,0.260116,Black Backed Jackal,9.5,0-0.2,HAPP15,No,DSCT.S1,192000000,HAPP15
155164,2019:06:26 06:14:33,26/06/2019,0.260104,Black Backed Jackal,9,0-0.2,HAPP15,No,DSCT.S1,192000000,HAPP15
155165,2019:06:26 06:14:33,26/06/2019,0.260104,Black Backed Jackal,8.5,0.2-0.4,HAPP15,No,DSCT.S1,192000000,HAPP15
155166,2019:06:26 06:14:33,26/06/2019,0.260104,Black Backed Jackal,8,0.2-0.4,HAPP15,No,DSCT.S1,192000000,HAPP15
155167,2019:06:26 06:14:32,26/06/2019,0.260093,Black Backed Jackal,7.5,0.4-0.6,HAPP15,No,DSCT.S1,192000000,HAPP15
155168,2019:06:26 05:58:15,26/06/2019,0.248785,Black Backed Jackal,8,0.2-0.4,HAPP15,No,DSCT.S1,192000000,HAPP15
155169,2019:06:26 05:58:14,26/06/2019,0.248773,Black Backed Jackal,7.5,0.2-0.4,HAPP15,No,DSCT.S1,192000000,HAPP15
155170,2019:06:26 05:58:14,26/06/2019,0.248773,Black Backed Jackal,7,0-0.2,HAPP15,No,DSCT.S1,192000000,HAPP15
155171,2019:06:26 05:58:14,26/06/2019,0.248773,Black Backed Jackal,6.5,0-0.2,HAPP15,No,DSCT.S1,192000000,HAPP15
155172,2019:06:26 05:58:14,26/06/2019,0.248773,Black Backed Jackal,6,0.2-0.4,HAPP15,No,DSCT.S1,192000000,HAPP15
155173,2019:06:26 05:58:13,26/06/2019,0.248762,Black Backed Jackal,6,0.4-0.6,HAPP15,Yes,DSCT.S1,192000000,HAPP15
155174,2019:06:26 05:07:24,26/06/2019,0.213472,Brown Hyena,10,0.2-0.4,HAPP15,No,DSCT.S1,192000000,HAPP15
155175,2019:06:26 05:07:24,26/06/2019,0.213472,Brown Hyena,11,0.4-0.6,HAPP15,No,DSCT.S1,192000000,HAPP15
155176,2019:06:26 05:07:24,26/06/2019,0.213472,Brown Hyena,11,0.4-0.6,HAPP15,No,DSCT.S1,192000000,HAPP15
155177,2019:06:26 05:07:23,26/06/2019,0.213461,Brown Hyena,11,0.4-0.6,HAPP15,No,DSCT.S1,192000000,HAPP15
155178,2019:06:26 05:07:23,26/06/2019,0.213461,Brown Hyena,12,0.4-0.6,HAPP15,No,DSCT.S1,192000000,HAPP15
155179,2019:06:26 05:07:23,26/06/2019,0.213461,Brown Hyena,12,0.6-0.8,HAPP15,Yes,DSCT.S1,192000000,HAPP15
156374,2019:07:02 23:05:24,02/07/2019,0.962083,Black Backed Jackal,11,0.2-0.4,HAPP13,No,DSCT.S1,192000000,HAPP13
156375,2019:07:02 23:05:23,02/07/2019,0.962072,Black Backed Jackal,10,0.4-0.6,HAPP13,No,DSCT.S1,192000000,HAPP13
156376,2019:07:02 23:05:23,02/07/2019,0.962072,Black Backed Jackal,10,0.4-0.6,HAPP13,No,DSCT.S1,192000000,HAPP13
156377,2019:07:02 23:05:23,02/07/2019,0.962072,Black Backed Jackal,10,0.4-0.6,HAPP13,No,DSCT.S1,192000000,HAPP13
156378,2019:07:02 23:05:23,02/07/2019,0.962072,Black Backed Jackal,9.5,0.4-0.6,HAPP13,No,DSCT.S1,192000000,HAPP13
156379,2019:07:02 23:05:22,02/07/2019,0.96206,Black Backed Jackal,9.5,0.6-0.8,HAPP13,Yes,DSCT.S1,192000000,HAPP13
156500,2019:06:29 21:33:36,29/06/2019,0.898333,African Civet,7,0-0.2,HAPP13,No,DSCT.S1,192000000,HAPP13
156501,2019:06:29 21:33:36,29/06/2019,0.898333,African Civet,7,0-0.2,HAPP13,No,DSCT.S1,192000000,HAPP13
156502,2019:06:29 21:33:36,29/06/2019,0.898333,African Civet,7.5,0-0.2,HAPP13,No,DSCT.S1,192000000,HAPP13
156503,2019:06:29 21:33:35,29/06/2019,0.898322,African Civet,7.5,0-0.2,HAPP13,No,DSCT.S1,192000000,HAPP13
156504,2019:06:29 21:33:35,29/06/2019,0.898322,African Civet,7.5,0-0.2,HAPP13,No,DSCT.S1,192000000,HAPP13
156505,2019:06:29 21:33:35,29/06/2019,0.898322,African Civet,8,0.2-0.4,HAPP13,Yes,DSCT.S1,192000000,HAPP13
157142,2019:07:10 01:08:42,10/07/2019,0.047708,African Civet,6.5,0-0.2,DEPP07,No,DSCT.S1,192000000,DEPP07
157143,2019:07:10 01:08:42,10/07/2019,0.047708,African Civet,6.5,0-0.2,DEPP07,No,DSCT.S1,192000000,DEPP07
157144,2019:07:10 01:08:41,10/07/2019,0.047697,African Civet,6.5,0-0.2,DEPP07,No,DSCT.S1,192000000,DEPP07
157145,2019:07:10 01:08:41,10/07/2019,0.047697,African Civet,6.5,0-0.2,DEPP07,No,DSCT.S1,192000000,DEPP07
157146,2019:07:10 01:08:41,10/07/2019,0.047697,African Civet,6.5,0-0.2,DEPP07,No,DSCT.S1,192000000,DEPP07
157147,2019:07:10 01:08:40,10/07/2019,0.047685,African Civet,6.5,0-0.2,DEPP07,No,DSCT.S1,192000000,DEPP07
157148,2019:07:10 01:08:35,10/07/2019,0.047627,African Civet,8,0.6-0.8,DEPP07,No,DSCT.S1,192000000,DEPP07
157149,2019:07:10 01:08:34,10/07/2019,0.047616,African Civet,8,0.6-0.8,DEPP07,No,DSCT.S1,192000000,DEPP07
157150,2019:07:10 01:08:34,10/07/2019,0.047616,African Civet,8.5,0.6-0.8,DEPP07,No,DSCT.S1,192000000,DEPP07
157151,2019:07:10 01:08:34,10/07/2019,0.047616,African Civet,8,0.6-0.8,DEPP07,No,DSCT.S1,192000000,DEPP07
157152,2019:07:10 01:08:34,10/07/2019,0.047616,African Civet,8.5,0.8-1,DEPP07,No,DSCT.S1,192000000,DEPP07
157153,2019:07:10 01:08:33,10/07/2019,0.047604,African Civet,8.5,0.8-1,DEPP07,Yes,DSCT.S1,192000000,DEPP07
157340,2019:07:03 18:05:53,03/07/2019,0.754086,Black Backed Jackal,4,0.4-0.6,DEPP07,No,DSCT.S1,192000000,DEPP07
157341,2019:07:03 18:05:53,03/07/2019,0.754086,Black Backed Jackal,4,0.4-0.6,DEPP07,No,DSCT.S1,192000000,DEPP07
157342,2019:07:03 18:05:53,03/07/2019,0.754086,Black Backed Jackal,4,0.4-0.6,DEPP07,No,DSCT.S1,192000000,DEPP07
157343,2019:07:03 18:05:52,03/07/2019,0.754074,Black Backed Jackal,4,0.4-0.6,DEPP07,No,DSCT.S1,192000000,DEPP07
157344,2019:07:03 18:05:52,03/07/2019,0.754074,Black Backed Jackal,4,0.2-0.4,DEPP07,No,DSCT.S1,192000000,DEPP07
157345,2019:07:03 18:05:52,03/07/2019,0.754074,Black Backed Jackal,4.5,0.2-0.4,DEPP07,No,DSCT.S1,192000000,DEPP07
157346,2019:07:03 18:05:43,03/07/2019,0.75397,Black Backed Jackal,5.5,0.2-0.4,DEPP07,No,DSCT.S1,192000000,DEPP07
157347,2019:07:03 18:05:42,03/07/2019,0.753958,Black Backed Jackal,5,0-0.2,DEPP07,No,DSCT.S1,192000000,DEPP07
157348,2019:07:03 18:05:42,03/07/2019,0.753958,Black Backed Jackal,5,0-0.2,DEPP07,No,DSCT.S1,192000000,DEPP07
157349,2019:07:03 18:05:42,03/07/2019,0.753958,Black Backed Jackal,5,0-0.2,DEPP07,No,DSCT.S1,192000000,DEPP07
157350,2019:07:03 18:05:42,03/07/2019,0.753958,Black Backed Jackal,4.5,0-0.2,DEPP07,No,DSCT.S1,192000000,DEPP07
157351,2019:07:03 18:05:41,03/07/2019,0.753947,Black Backed Jackal,4.5,0-0.2,DEPP07,No,DSCT.S1,192000000,DEPP07
157352,2019:07:03 18:05:32,03/07/2019,0.753843,Black Backed Jackal,4,0.2-0.4,DEPP07,No,DSCT.S1,192000000,DEPP07
157353,2019:07:03 18:05:31,03/07/2019,0.753831,Black Backed Jackal,4,0.2-0.4,DEPP07,No,DSCT.S1,192000000,DEPP07
157354,2019:07:03 18:05:31,03/07/2019,0.753831,Black Backed Jackal,4,0.2-0.4,DEPP07,No,DSCT.S1,192000000,DEPP07
157355,2019:07:03 18:05:31,03/07/2019,0.753831,Black Backed Jackal,4,0.2-0.4,DEPP07,No,DSCT.S1,192000000,DEPP07
157356,2019:07:03 18:05:31,03/07/2019,0.753831,Black Backed Jackal,4,0.2-0.4,DEPP07,No,DSCT.S1,192000000,DEPP07
157357,2019:07:03 18:05:30,03/07/2019,0.753819,Black Backed Jackal,4,0.2-0.4,DEPP07,Yes,DSCT.S1,192000000,DEPP07
157813,2019:07:08 03:05:20,08/07/2019,0.128704,Black Backed Jackal,7,0.2-0.4,MOPP14,No,DSCT.S1,192000000,MOPP14
157814,2019:07:08 03:05:20,08/07/2019,0.128704,Black Backed Jackal,7,0.2-0.4,MOPP14,No,DSCT.S1,192000000,MOPP14
157815,2019:07:08 03:05:19,08/07/2019,0.128692,Black Backed Jackal,7,0.2-0.4,MOPP14,No,DSCT.S1,192000000,MOPP14
157816,2019:07:08 03:05:19,08/07/2019,0.128692,Black Backed Jackal,7.5,0.2-0.4,MOPP14,No,DSCT.S1,192000000,MOPP14
157817,2019:07:08 03:05:19,08/07/2019,0.128692,Black Backed Jackal,7.5,0.4-0.6,MOPP14,No,DSCT.S1,192000000,MOPP14
157818,2019:07:08 03:05:19,08/07/2019,0.128692,Black Backed Jackal,8,0.4-0.6,MOPP14,No,DSCT.S1,192000000,MOPP14
157819,2019:07:08 03:04:51,08/07/2019,0.128368,Black Backed Jackal,6.5,0-0.2,MOPP14,No,DSCT.S1,192000000,MOPP14
157820,2019:07:08 03:04:51,08/07/2019,0.128368,Black Backed Jackal,6.5,0-0.2,MOPP14,No,DSCT.S1,192000000,MOPP14
157821,2019:07:08 03:04:51,08/07/2019,0.128368,Black Backed Jackal,6.5,0-0.2,MOPP14,No,DSCT.S1,192000000,MOPP14
157822,2019:07:08 03:04:51,08/07/2019,0.128368,Black Backed Jackal,7,0-0.2,MOPP14,No,DSCT.S1,192000000,MOPP14
157823,2019:07:08 03:04:50,08/07/2019,0.128356,Black Backed Jackal,7.5,0.2-0.4,MOPP14,No,DSCT.S1,192000000,MOPP14
157824,2019:07:08 03:04:50,08/07/2019,0.128356,Black Backed Jackal,7.5,0.2-0.4,MOPP14,Yes,DSCT.S1,192000000,MOPP14
158731,2019:07:03 21:39:24,03/07/2019,0.902361,African Civet,6.5,0-0.2,MOPP14,No,DSCT.S1,192000000,MOPP14
158732,2019:07:03 21:39:24,03/07/2019,0.902361,African Civet,6.5,0-0.2,MOPP14,No,DSCT.S1,192000000,MOPP14
158733,2019:07:03 21:39:24,03/07/2019,0.902361,African Civet,6.5,0.2-0.4,MOPP14,No,DSCT.S1,192000000,MOPP14
158734,2019:07:03 21:39:24,03/07/2019,0.902361,African Civet,6,0.2-0.4,MOPP14,No,DSCT.S1,192000000,MOPP14
158735,2019:07:03 21:39:23,03/07/2019,0.90235,African Civet,6,0.2-0.4,MOPP14,No,DSCT.S1,192000000,MOPP14
158736,2019:07:03 21:39:23,03/07/2019,0.90235,African Civet,6,0.2-0.4,MOPP14,Yes,DSCT.S1,192000000,MOPP14
159103,2019:07:02 04:56:41,02/07/2019,0.20603,African Civet,7.5,0.2-0.4,MOPP14,No,DSCT.S1,192000000,MOPP14
159104,2019:07:02 04:56:41,02/07/2019,0.20603,African Civet,7.5,0.2-0.4,MOPP14,No,DSCT.S1,192000000,MOPP14
159105,2019:07:02 04:56:40,02/07/2019,0.206019,African Civet,7,0.4-0.6,MOPP14,No,DSCT.S1,192000000,MOPP14
159106,2019:07:02 04:56:40,02/07/2019,0.206019,African Civet,7,0.4-0.6,MOPP14,No,DSCT.S1,192000000,MOPP14
159107,2019:07:02 04:56:40,02/07/2019,0.206019,African Civet,7,0.4-0.6,MOPP14,No,DSCT.S1,192000000,MOPP14
159108,2019:07:02 04:56:39,02/07/2019,0.206007,African Civet,7,0.6-0.8,MOPP14,Yes,DSCT.S1,192000000,MOPP14
159379,2019:06:30 00:08:56,30/06/2019,0.006204,Black Backed Jackal,5.5,0-0.2,MOPP14,No,DSCT.S1,192000000,MOPP14
159380,2019:06:30 00:08:56,30/06/2019,0.006204,Black Backed Jackal,5.5,0-0.2,MOPP14,No,DSCT.S1,192000000,MOPP14
159381,2019:06:30 00:08:56,30/06/2019,0.006204,Black Backed Jackal,5.5,0-0.2,MOPP14,No,DSCT.S1,192000000,MOPP14
159382,2019:06:30 00:08:55,30/06/2019,0.006192,Black Backed Jackal,5,0.2-0.4,MOPP14,No,DSCT.S1,192000000,MOPP14
159383,2019:06:30 00:08:55,30/06/2019,0.006192,Black Backed Jackal,5,0.2-0.4,MOPP14,No,DSCT.S1,192000000,MOPP14
159384,2019:06:30 00:08:55,30/06/2019,0.006192,Black Backed Jackal,5,0.2-0.4,MOPP14,Yes,DSCT.S1,192000000,MOPP14
160369,2019:07:05 19:16:18,05/07/2019,0.802986,Brown Hyena,13,0-0.2,SHPP10,No,DSCT.S1,192000000,SHPP10
160370,2019:07:05 19:16:18,05/07/2019,0.802986,Brown Hyena,12,0-0.2,SHPP10,No,DSCT.S1,192000000,SHPP10
160371,2019:07:05 19:16:18,05/07/2019,0.802986,Brown Hyena,12,0-0.2,SHPP10,No,DSCT.S1,192000000,SHPP10
160372,2019:07:05 19:16:09,05/07/2019,0.802882,Brown Hyena,6.5,0.4-0.6,SHPP10,No,DSCT.S1,192000000,SHPP10
160373,2019:07:05 19:16:08,05/07/2019,0.80287,Brown Hyena,6,0.4-0.6,SHPP10,No,DSCT.S1,192000000,SHPP10
160374,2019:07:05 19:16:08,05/07/2019,0.80287,Brown Hyena,5.5,0.4-0.6,SHPP10,No,DSCT.S1,192000000,SHPP10
160375,2019:07:05 19:16:08,05/07/2019,0.80287,Brown Hyena,5.5,0.6-0.8,SHPP10,No,DSCT.S1,192000000,SHPP10
160376,2019:07:05 19:16:08,05/07/2019,0.80287,Brown Hyena,5.5,0.6-0.8,SHPP10,No,DSCT.S1,192000000,SHPP10
160377,2019:07:05 19:16:07,05/07/2019,0.802859,Brown Hyena,5,0.8-1,SHPP10,Yes,DSCT.S1,192000000,SHPP10
160672,2019:06:26 18:28:05,26/06/2019,0.769502,Brown Hyena,7.5,0.6-0.8,SHPP10,No,DSCT.S1,192000000,SHPP10
160673,2019:06:26 18:28:05,26/06/2019,0.769502,Brown Hyena,7,0.6-0.8,SHPP10,No,DSCT.S1,192000000,SHPP10
160674,2019:06:26 18:28:05,26/06/2019,0.769502,Brown Hyena,7,0.6-0.8,SHPP10,No,DSCT.S1,192000000,SHPP10
160675,2019:06:26 18:28:04,26/06/2019,0.769491,Brown Hyena,7,0.6-0.8,SHPP10,No,DSCT.S1,192000000,SHPP10
160676,2019:06:26 18:28:04,26/06/2019,0.769491,Brown Hyena,6.5,0.6-0.8,SHPP10,No,DSCT.S1,192000000,SHPP10
160677,2019:06:26 18:28:04,26/06/2019,0.769491,Brown Hyena,6.5,0.6-0.8,SHPP10,No,DSCT.S1,192000000,SHPP10
160678,2019:06:26 18:27:57,26/06/2019,0.76941,Brown Hyena,6,0.8-1,SHPP10,No,DSCT.S1,192000000,SHPP10
160679,2019:06:26 18:27:57,26/06/2019,0.76941,Brown Hyena,6,0.8-1,SHPP10,No,DSCT.S1,192000000,SHPP10
160680,2019:06:26 18:27:57,26/06/2019,0.76941,Brown Hyena,6,0.8-1,SHPP10,No,DSCT.S1,192000000,SHPP10
160681,2019:06:26 18:27:56,26/06/2019,0.769398,Brown Hyena,6,0.8-1,SHPP10,No,DSCT.S1,192000000,SHPP10
160682,2019:06:26 18:27:56,26/06/2019,0.769398,Brown Hyena,6,0.8-1,SHPP10,No,DSCT.S1,192000000,SHPP10
160683,2019:06:26 18:27:56,26/06/2019,0.769398,Brown Hyena,6,0.6-0.8,SHPP10,No,DSCT.S1,192000000,SHPP10
160684,2019:06:26 18:27:49,26/06/2019,0.769317,Brown Hyena,3.5,0.2-0.4,SHPP10,No,DSCT.S1,192000000,SHPP10
160685,2019:06:26 18:27:49,26/06/2019,0.769317,Brown Hyena,4,0.2-0.4,SHPP10,No,DSCT.S1,192000000,SHPP10
160686,2019:06:26 18:27:49,26/06/2019,0.769317,Brown Hyena,4,0.4-0.6,SHPP10,No,DSCT.S1,192000000,SHPP10
160687,2019:06:26 18:27:48,26/06/2019,0.769306,Brown Hyena,4.5,0.4-0.6,SHPP10,No,DSCT.S1,192000000,SHPP10
160688,2019:06:26 18:27:48,26/06/2019,0.769306,Brown Hyena,4.5,0.6-0.8,SHPP10,No,DSCT.S1,192000000,SHPP10
160689,2019:06:26 18:27:48,26/06/2019,0.769306,Brown Hyena,5.5,0.8-1,SHPP10,No,DSCT.S1,192000000,SHPP10
160690,2019:06:26 18:26:38,26/06/2019,0.768495,Brown Hyena,12,0-0.2,SHPP10,No,DSCT.S1,192000000,SHPP10
160691,2019:06:26 18:26:38,26/06/2019,0.768495,Brown Hyena,12,0-0.2,SHPP10,No,DSCT.S1,192000000,SHPP10
160692,2019:06:26 18:26:38,26/06/2019,0.768495,Brown Hyena,12,0-0.2,SHPP10,No,DSCT.S1,192000000,SHPP10
160693,2019:06:26 18:26:38,26/06/2019,0.768495,Brown Hyena,12,0-0.2,SHPP10,No,DSCT.S1,192000000,SHPP10
160694,2019:06:26 18:26:37,26/06/2019,0.768484,Brown Hyena,12,0-0.2,SHPP10,No,DSCT.S1,192000000,SHPP10
160695,2019:06:26 18:26:37,26/06/2019,0.768484,Brown Hyena,12,0-0.2,SHPP10,Yes,DSCT.S1,192000000,SHPP10
161200,2019:07:07 00:17:16,07/07/2019,0.011991,Caracal,6,0.4-0.6,GIPP22,No,DSCT.S1,192000000,GIPP22
161201,2019:07:07 00:17:16,07/07/2019,0.011991,Caracal,6,0.4-0.6,GIPP22,No,DSCT.S1,192000000,GIPP22
161202,2019:07:07 00:17:16,07/07/2019,0.011991,Caracal,6,0.4-0.6,GIPP22,No,DSCT.S1,192000000,GIPP22
161203,2019:07:07 00:17:16,07/07/2019,0.011991,Caracal,6,0.6-0.8,GIPP22,No,DSCT.S1,192000000,GIPP22
161204,2019:07:07 00:17:15,07/07/2019,0.011979,Caracal,6,0.6-0.8,GIPP22,No,DSCT.S1,192000000,GIPP22
161205,2019:07:07 00:17:15,07/07/2019,0.011979,Caracal,6,0.8-1,GIPP22,Yes,DSCT.S1,192000000,GIPP22
161446,2019:06:30 23:12:38,30/06/2019,0.967106,African Civet,4,0.4-0.6,GIPP22,No,DSCT.S1,192000000,GIPP22
161447,2019:06:30 23:12:38,30/06/2019,0.967106,African Civet,3.5,0.4-0.6,GIPP22,No,DSCT.S1,192000000,GIPP22
161448,2019:06:30 23:12:37,30/06/2019,0.967095,African Civet,3.5,0.4-0.6,GIPP22,No,DSCT.S1,192000000,GIPP22
161449,2019:06:30 23:12:37,30/06/2019,0.967095,African Civet,3.5,0.6-0.8,GIPP22,No,DSCT.S1,192000000,GIPP22
161450,2019:06:30 23:12:37,30/06/2019,0.967095,African Civet,3.5,0.6-0.8,GIPP22,No,DSCT.S1,192000000,GIPP22
161451,2019:06:30 23:12:36,30/06/2019,0.967083,African Civet,3.5,0.8-1,GIPP22,Yes,DSCT.S1,192000000,GIPP22
163450,2019:07:07 21:49:22,07/07/2019,0.909282,Black Backed Jackal,9,0-0.2,HAPP17,No,DSCT.S1,192000000,HAPP17
163451,2019:07:07 21:49:22,07/07/2019,0.909282,Black Backed Jackal,9,0-0.2,HAPP17,No,DSCT.S1,192000000,HAPP17
163452,2019:07:07 21:49:22,07/07/2019,0.909282,Black Backed Jackal,9,0-0.2,HAPP17,No,DSCT.S1,192000000,HAPP17
163453,2019:07:07 21:49:22,07/07/2019,0.909282,Black Backed Jackal,8.5,0-0.2,HAPP17,No,DSCT.S1,192000000,HAPP17
163454,2019:07:07 21:49:21,07/07/2019,0.909271,Black Backed Jackal,8.5,0.2-0.4,HAPP17,No,DSCT.S1,192000000,HAPP17
163455,2019:07:07 21:49:21,07/07/2019,0.909271,Black Backed Jackal,8.5,0.4-0.6,HAPP17,No,DSCT.S1,192000000,HAPP17
163456,2019:07:07 21:49:00,07/07/2019,0.909028,Black Backed Jackal,7.5,0.6-0.8,HAPP17,No,DSCT.S1,192000000,HAPP17
163457,2019:07:07 21:49:00,07/07/2019,0.909028,Black Backed Jackal,7.5,0.6-0.8,HAPP17,No,DSCT.S1,192000000,HAPP17
163458,2019:07:07 21:49:00,07/07/2019,0.909028,Black Backed Jackal,7.5,0.6-0.8,HAPP17,No,DSCT.S1,192000000,HAPP17
163459,2019:07:07 21:48:59,07/07/2019,0.909016,Black Backed Jackal,8,0.6-0.8,HAPP17,No,DSCT.S1,192000000,HAPP17
163460,2019:07:07 21:48:59,07/07/2019,0.909016,Black Backed Jackal,8,0.6-0.8,HAPP17,No,DSCT.S1,192000000,HAPP17
163461,2019:07:07 21:48:59,07/07/2019,0.909016,Black Backed Jackal,8,0.6-0.8,HAPP17,Yes,DSCT.S1,192000000,HAPP17
163462,2019:07:07 20:11:35,07/07/2019,0.841377,Black Backed Jackal,9,0-0.2,HAPP17,No,DSCT.S1,192000000,HAPP17
163463,2019:07:07 20:11:35,07/07/2019,0.841377,Black Backed Jackal,9,0-0.2,HAPP17,No,DSCT.S1,192000000,HAPP17
163464,2019:07:07 20:11:35,07/07/2019,0.841377,Black Backed Jackal,9,0-0.2,HAPP17,No,DSCT.S1,192000000,HAPP17
163465,2019:07:07 20:11:35,07/07/2019,0.841377,Black Backed Jackal,9,0.2-0.4,HAPP17,No,DSCT.S1,192000000,HAPP17
163466,2019:07:07 20:11:34,07/07/2019,0.841366,Black Backed Jackal,8.5,0.2-0.4,HAPP17,No,DSCT.S1,192000000,HAPP17
163467,2019:07:07 20:11:34,07/07/2019,0.841366,Black Backed Jackal,8.5,0.4-0.6,HAPP17,Yes,DSCT.S1,192000000,HAPP17
163480,2019:07:06 18:42:03,06/07/2019,0.779201,Black Backed Jackal,9,0.2-0.4,HAPP17,No,DSCT.S1,192000000,HAPP17
163481,2019:07:06 18:42:03,06/07/2019,0.779201,Black Backed Jackal,9,0-0.2,HAPP17,No,DSCT.S1,192000000,HAPP17
163482,2019:07:06 18:42:03,06/07/2019,0.779201,Black Backed Jackal,8.5,0-0.2,HAPP17,No,DSCT.S1,192000000,HAPP17
163483,2019:07:06 18:42:03,06/07/2019,0.779201,Black Backed Jackal,8.5,0-0.2,HAPP17,No,DSCT.S1,192000000,HAPP17
163484,2019:07:06 18:42:02,06/07/2019,0.77919,Black Backed Jackal,8,0.2-0.4,HAPP17,No,DSCT.S1,192000000,HAPP17
163485,2019:07:06 18:42:02,06/07/2019,0.77919,Black Backed Jackal,8,0.4-0.6,HAPP17,No,DSCT.S1,192000000,HAPP17
163486,2019:07:06 18:41:55,06/07/2019,0.779109,Black Backed Jackal,9.5,0.2-0.4,HAPP17,No,DSCT.S1,192000000,HAPP17
163487,2019:07:06 18:41:55,06/07/2019,0.779109,Black Backed Jackal,9,0-0.2,HAPP17,No,DSCT.S1,192000000,HAPP17
163488,2019:07:06 18:41:55,06/07/2019,0.779109,Black Backed Jackal,8.5,0-0.2,HAPP17,No,DSCT.S1,192000000,HAPP17
163489,2019:07:06 18:41:54,06/07/2019,0.779097,Black Backed Jackal,8.5,0-0.2,HAPP17,No,DSCT.S1,192000000,HAPP17
163490,2019:07:06 18:41:54,06/07/2019,0.779097,Black Backed Jackal,8.5,0.2-0.4,HAPP17,No,DSCT.S1,192000000,HAPP17
163491,2019:07:06 18:41:54,06/07/2019,0.779097,Black Backed Jackal,8.5,0.4-0.6,HAPP17,Yes,DSCT.S1,192000000,HAPP17
163540,2019:07:05 17:52:26,05/07/2019,0.744745,Black Backed Jackal,7.5,0.2-0.4,HAPP17,No,DSCT.S1,192000000,HAPP17
163541,2019:07:05 17:52:25,05/07/2019,0.744734,Black Backed Jackal,7.5,0-0.2,HAPP17,No,DSCT.S1,192000000,HAPP17
163542,2019:07:05 17:52:25,05/07/2019,0.744734,Black Backed Jackal,8,0-0.2,HAPP17,No,DSCT.S1,192000000,HAPP17
163543,2019:07:05 17:52:25,05/07/2019,0.744734,Black Backed Jackal,8,0-0.2,HAPP17,No,DSCT.S1,192000000,HAPP17
163544,2019:07:05 17:52:25,05/07/2019,0.744734,Black Backed Jackal,8.5,0.2-0.4,HAPP17,No,DSCT.S1,192000000,HAPP17
163545,2019:07:05 17:52:24,05/07/2019,0.744722,Black Backed Jackal,9,0.4-0.6,HAPP17,No,DSCT.S1,192000000,HAPP17
163546,2019:07:05 17:52:03,05/07/2019,0.744479,Black Backed Jackal,7,0.2-0.4,HAPP17,No,DSCT.S1,192000000,HAPP17
163547,2019:07:05 17:52:03,05/07/2019,0.744479,Black Backed Jackal,7.5,0.2-0.4,HAPP17,No,DSCT.S1,192000000,HAPP17
163548,2019:07:05 17:52:02,05/07/2019,0.744468,Black Backed Jackal,7.5,0.2-0.4,HAPP17,No,DSCT.S1,192000000,HAPP17
163549,2019:07:05 17:52:02,05/07/2019,0.744468,Black Backed Jackal,7.5,0-0.2,HAPP17,No,DSCT.S1,192000000,HAPP17
163550,2019:07:05 17:52:02,05/07/2019,0.744468,Black Backed Jackal,7.5,0-0.2,HAPP17,No,DSCT.S1,192000000,HAPP17
163551,2019:07:05 17:52:02,05/07/2019,0.744468,Black Backed Jackal,7.5,0-0.2,HAPP17,No,DSCT.S1,192000000,HAPP17
163552,2019:07:05 17:51:41,05/07/2019,0.744225,Black Backed Jackal,8,0.2-0.4,HAPP17,No,DSCT.S1,192000000,HAPP17
163553,2019:07:05 17:51:40,05/07/2019,0.744213,Black Backed Jackal,8,0.4-0.6,HAPP17,No,DSCT.S1,192000000,HAPP17
163554,2019:07:05 17:51:40,05/07/2019,0.744213,Black Backed Jackal,8,0.4-0.6,HAPP17,No,DSCT.S1,192000000,HAPP17
163555,2019:07:05 17:51:40,05/07/2019,0.744213,Black Backed Jackal,9,0.4-0.6,HAPP17,No,DSCT.S1,192000000,HAPP17
163556,2019:07:05 17:51:40,05/07/2019,0.744213,Black Backed Jackal,9,0.6-0.8,HAPP17,No,DSCT.S1,192000000,HAPP17
163557,2019:07:05 17:51:39,05/07/2019,0.744201,Black Backed Jackal,9,0.6-0.8,HAPP17,No,DSCT.S1,192000000,HAPP17
163558,2019:07:05 17:50:44,05/07/2019,0.743565,Black Backed Jackal,11,0.6-0.8,HAPP17,No,DSCT.S1,192000000,HAPP17
163559,2019:07:05 17:50:44,05/07/2019,0.743565,Black Backed Jackal,10,0.4-0.6,HAPP17,No,DSCT.S1,192000000,HAPP17
163560,2019:07:05 17:50:43,05/07/2019,0.743553,Black Backed Jackal,9.5,0.2-0.4,HAPP17,No,DSCT.S1,192000000,HAPP17
163561,2019:07:05 17:50:43,05/07/2019,0.743553,Black Backed Jackal,9.5,0.2-0.4,HAPP17,No,DSCT.S1,192000000,HAPP17
163562,2019:07:05 17:50:43,05/07/2019,0.743553,Black Backed Jackal,9,0-0.2,HAPP17,No,DSCT.S1,192000000,HAPP17
163563,2019:07:05 17:50:43,05/07/2019,0.743553,Black Backed Jackal,9,0-0.2,HAPP17,No,DSCT.S1,192000000,HAPP17
163564,2019:07:05 17:50:04,05/07/2019,0.743102,Black Backed Jackal,12,0.2-0.4,HAPP17,No,DSCT.S1,192000000,HAPP17
163565,2019:07:05 17:50:04,05/07/2019,0.743102,Black Backed Jackal,12,0.2-0.4,HAPP17,No,DSCT.S1,192000000,HAPP17
163566,2019:07:05 17:50:04,05/07/2019,0.743102,Black Backed Jackal,12,0.2-0.4,HAPP17,No,DSCT.S1,192000000,HAPP17
163567,2019:07:05 17:50:03,05/07/2019,0.74309,Black Backed Jackal,12,0.2-0.4,HAPP17,No,DSCT.S1,192000000,HAPP17
163568,2019:07:05 17:50:03,05/07/2019,0.74309,Black Backed Jackal,11,0.4-0.6,HAPP17,No,DSCT.S1,192000000,HAPP17
163569,2019:07:05 17:50:03,05/07/2019,0.74309,Black Backed Jackal,11,0.4-0.6,HAPP17,No,DSCT.S1,192000000,HAPP17
163570,2019:07:05 17:49:55,05/07/2019,0.742998,Black Backed Jackal,13,0.2-0.4,HAPP17,No,DSCT.S1,192000000,HAPP17
163571,2019:07:05 17:49:54,05/07/2019,0.742986,Black Backed Jackal,12,0.2-0.4,HAPP17,No,DSCT.S1,192000000,HAPP17
163572,2019:07:05 17:49:54,05/07/2019,0.742986,Black Backed Jackal,12,0.2-0.4,HAPP17,No,DSCT.S1,192000000,HAPP17
163573,2019:07:05 17:49:54,05/07/2019,0.742986,Black Backed Jackal,12,0.2-0.4,HAPP17,No,DSCT.S1,192000000,HAPP17
163574,2019:07:05 17:49:54,05/07/2019,0.742986,Black Backed Jackal,12,0.4-0.6,HAPP17,No,DSCT.S1,192000000,HAPP17
163575,2019:07:05 17:49:53,05/07/2019,0.742975,Black Backed Jackal,11,0.4-0.6,HAPP17,Yes,DSCT.S1,192000000,HAPP17
163582,2019:07:05 08:47:34,05/07/2019,0.366366,Black Backed Jackal,9,0.2-0.4,HAPP17,No,DSCT.S1,192000000,HAPP17
163583,2019:07:05 08:47:34,05/07/2019,0.366366,Black Backed Jackal,9,0-0.2,HAPP17,No,DSCT.S1,192000000,HAPP17
163584,2019:07:05 08:47:33,05/07/2019,0.366354,Black Backed Jackal,8.5,0-0.2,HAPP17,No,DSCT.S1,192000000,HAPP17
163585,2019:07:05 08:47:33,05/07/2019,0.366354,Black Backed Jackal,8,0-0.2,HAPP17,No,DSCT.S1,192000000,HAPP17
163586,2019:07:05 08:47:33,05/07/2019,0.366354,Black Backed Jackal,8,0.2-0.4,HAPP17,No,DSCT.S1,192000000,HAPP17
163587,2019:07:05 08:47:32,05/07/2019,0.366343,Black Backed Jackal,8,0.4-0.6,HAPP17,Yes,DSCT.S1,192000000,HAPP17
163606,2019:07:04 20:00:05,04/07/2019,0.833391,Black Backed Jackal,8,0.2-0.4,HAPP17,No,DSCT.S1,192000000,HAPP17
163607,2019:07:04 20:00:05,04/07/2019,0.833391,Black Backed Jackal,8,0-0.2,HAPP17,No,DSCT.S1,192000000,HAPP17
163608,2019:07:04 20:00:05,04/07/2019,0.833391,Black Backed Jackal,8.5,0-0.2,HAPP17,No,DSCT.S1,192000000,HAPP17
163609,2019:07:04 20:00:04,04/07/2019,0.83338,Black Backed Jackal,9,0-0.2,HAPP17,No,DSCT.S1,192000000,HAPP17
163610,2019:07:04 20:00:04,04/07/2019,0.83338,Black Backed Jackal,9,0.2-0.4,HAPP17,No,DSCT.S1,192000000,HAPP17
163611,2019:07:04 20:00:04,04/07/2019,0.83338,Black Backed Jackal,10,0.4-0.6,HAPP17,Yes,DSCT.S1,192000000,HAPP17
163612,2019:07:04 06:36:41,04/07/2019,0.275475,Black Backed Jackal,9.5,0.8-1,HAPP17,No,DSCT.S1,192000000,HAPP17
163613,2019:07:04 06:36:41,04/07/2019,0.275475,Black Backed Jackal,9.5,0.8-1,HAPP17,No,DSCT.S1,192000000,HAPP17
163614,2019:07:04 06:36:40,04/07/2019,0.275463,Black Backed Jackal,9.5,0.6-0.8,HAPP17,No,DSCT.S1,192000000,HAPP17
163615,2019:07:04 06:36:40,04/07/2019,0.275463,Black Backed Jackal,9.5,0.6-0.8,HAPP17,No,DSCT.S1,192000000,HAPP17
163616,2019:07:04 06:36:40,04/07/2019,0.275463,Black Backed Jackal,10,0.4-0.6,HAPP17,No,DSCT.S1,192000000,HAPP17
163617,2019:07:04 06:36:40,04/07/2019,0.275463,Black Backed Jackal,10,0.4-0.6,HAPP17,No,DSCT.S1,192000000,HAPP17
163618,2019:07:04 06:35:27,04/07/2019,0.274618,Black Backed Jackal,12,0.2-0.4,HAPP17,No,DSCT.S1,192000000,HAPP17
163619,2019:07:04 06:35:27,04/07/2019,0.274618,Black Backed Jackal,12,0.4-0.6,HAPP17,No,DSCT.S1,192000000,HAPP17
163620,2019:07:04 06:35:27,04/07/2019,0.274618,Black Backed Jackal,11,0.4-0.6,HAPP17,No,DSCT.S1,192000000,HAPP17
163621,2019:07:04 06:35:26,04/07/2019,0.274606,Black Backed Jackal,10,0.4-0.6,HAPP17,No,DSCT.S1,192000000,HAPP17
163622,2019:07:04 06:35:26,04/07/2019,0.274606,Black Backed Jackal,10,0.4-0.6,HAPP17,No,DSCT.S1,192000000,HAPP17
163623,2019:07:04 06:35:26,04/07/2019,0.274606,Black Backed Jackal,10,0.6-0.8,HAPP17,No,DSCT.S1,192000000,HAPP17
163624,2019:07:04 06:35:12,04/07/2019,0.274444,Black Backed Jackal,12,0.2-0.4,HAPP17,No,DSCT.S1,192000000,HAPP17
163625,2019:07:04 06:35:12,04/07/2019,0.274444,Black Backed Jackal,12,0.2-0.4,HAPP17,No,DSCT.S1,192000000,HAPP17
163626,2019:07:04 06:35:11,04/07/2019,0.274433,Black Backed Jackal,12,0.2-0.4,HAPP17,No,DSCT.S1,192000000,HAPP17
163627,2019:07:04 06:35:11,04/07/2019,0.274433,Black Backed Jackal,12,0.4-0.6,HAPP17,No,DSCT.S1,192000000,HAPP17
163628,2019:07:04 06:35:11,04/07/2019,0.274433,Black Backed Jackal,11,0.4-0.6,HAPP17,No,DSCT.S1,192000000,HAPP17
163629,2019:07:04 06:35:11,04/07/2019,0.274433,Black Backed Jackal,10,0.4-0.6,HAPP17,Yes,DSCT.S1,192000000,HAPP17
163636,2019:07:03 20:58:50,03/07/2019,0.87419,Black Backed Jackal,12,0.8-1,HAPP17,No,DSCT.S1,192000000,HAPP17
163637,2019:07:03 20:58:49,03/07/2019,0.874178,Black Backed Jackal,11,0.8-1,HAPP17,No,DSCT.S1,192000000,HAPP17
163638,2019:07:03 20:58:42,03/07/2019,0.874097,Black Backed Jackal,9.5,0.4-0.6,HAPP17,No,DSCT.S1,192000000,HAPP17
163639,2019:07:03 20:58:42,03/07/2019,0.874097,Black Backed Jackal,9,0.2-0.4,HAPP17,No,DSCT.S1,192000000,HAPP17
163640,2019:07:03 20:58:42,03/07/2019,0.874097,Black Backed Jackal,9,0-0.2,HAPP17,No,DSCT.S1,192000000,HAPP17
163641,2019:07:03 20:58:42,03/07/2019,0.874097,Black Backed Jackal,8.5,0-0.2,HAPP17,No,DSCT.S1,192000000,HAPP17
163642,2019:07:03 20:58:41,03/07/2019,0.874086,Black Backed Jackal,8.5,0.2-0.4,HAPP17,No,DSCT.S1,192000000,HAPP17
163643,2019:07:03 20:58:41,03/07/2019,0.874086,Black Backed Jackal,8.5,0.2-0.4,HAPP17,Yes,DSCT.S1,192000000,HAPP17
163644,2019:07:03 06:33:59,03/07/2019,0.2736,Black Backed Jackal,10,0.2-0.4,HAPP17,No,DSCT.S1,192000000,HAPP17
163645,2019:07:03 06:33:59,03/07/2019,0.2736,Black Backed Jackal,9.5,0-0.2,HAPP17,No,DSCT.S1,192000000,HAPP17
163646,2019:07:03 06:33:58,03/07/2019,0.273588,Black Backed Jackal,9,0-0.2,HAPP17,No,DSCT.S1,192000000,HAPP17
163647,2019:07:03 06:33:58,03/07/2019,0.273588,Black Backed Jackal,9,0-0.2,HAPP17,No,DSCT.S1,192000000,HAPP17
163648,2019:07:03 06:33:58,03/07/2019,0.273588,Black Backed Jackal,8.5,0.2-0.4,HAPP17,No,DSCT.S1,192000000,HAPP17
163649,2019:07:03 06:33:57,03/07/2019,0.273576,Black Backed Jackal,8.5,0.4-0.6,HAPP17,Yes,DSCT.S1,192000000,HAPP17
163668,2019:07:02 01:37:50,02/07/2019,0.06794,Black Backed Jackal,8.5,0.2-0.4,HAPP17,No,DSCT.S1,192000000,HAPP17
163669,2019:07:02 01:37:50,02/07/2019,0.06794,Black Backed Jackal,8,0-0.2,HAPP17,No,DSCT.S1,192000000,HAPP17
163670,2019:07:02 01:37:50,02/07/2019,0.06794,Black Backed Jackal,8,0-0.2,HAPP17,No,DSCT.S1,192000000,HAPP17
163671,2019:07:02 01:37:49,02/07/2019,0.067928,Black Backed Jackal,7.5,0-0.2,HAPP17,No,DSCT.S1,192000000,HAPP17
163672,2019:07:02 01:37:49,02/07/2019,0.067928,Black Backed Jackal,7.5,0.2-0.4,HAPP17,No,DSCT.S1,192000000,HAPP17
163673,2019:07:02 01:37:49,02/07/2019,0.067928,Black Backed Jackal,8,0.4-0.6,HAPP17,Yes,DSCT.S1,192000000,HAPP17
163716,2019:07:01 18:30:04,01/07/2019,0.77088,Black Backed Jackal,8,0.4-0.6,HAPP17,No,DSCT.S1,192000000,HAPP17
163717,2019:07:01 18:30:03,01/07/2019,0.770868,Black Backed Jackal,8.5,0.2-0.4,HAPP17,No,DSCT.S1,192000000,HAPP17
163718,2019:07:01 18:30:03,01/07/2019,0.770868,Black Backed Jackal,8.5,0.2-0.4,HAPP17,No,DSCT.S1,192000000,HAPP17
163719,2019:07:01 18:30:03,01/07/2019,0.770868,Black Backed Jackal,9,0-0.2,HAPP17,No,DSCT.S1,192000000,HAPP17
163720,2019:07:01 18:30:03,01/07/2019,0.770868,Black Backed Jackal,9,0-0.2,HAPP17,No,DSCT.S1,192000000,HAPP17
163721,2019:07:01 18:30:02,01/07/2019,0.770856,Black Backed Jackal,9.5,0.2-0.4,HAPP17,No,DSCT.S1,192000000,HAPP17
163722,2019:07:01 18:28:56,01/07/2019,0.770093,Black Backed Jackal,11,0.6-0.8,HAPP17,No,DSCT.S1,192000000,HAPP17
163723,2019:07:01 18:28:56,01/07/2019,0.770093,Black Backed Jackal,10,0.4-0.6,HAPP17,No,DSCT.S1,192000000,HAPP17
163724,2019:07:01 18:28:55,01/07/2019,0.770081,Black Backed Jackal,9.5,0.2-0.4,HAPP17,No,DSCT.S1,192000000,HAPP17
163725,2019:07:01 18:28:55,01/07/2019,0.770081,Black Backed Jackal,9,0-0.2,HAPP17,No,DSCT.S1,192000000,HAPP17
163726,2019:07:01 18:28:55,01/07/2019,0.770081,Black Backed Jackal,8.5,0-0.2,HAPP17,No,DSCT.S1,192000000,HAPP17
163727,2019:07:01 18:28:55,01/07/2019,0.770081,Black Backed Jackal,8.5,0.2-0.4,HAPP17,No,DSCT.S1,192000000,HAPP17
163728,2019:07:01 18:27:58,01/07/2019,0.769421,Black Backed Jackal,7.5,0.2-0.4,HAPP17,No,DSCT.S1,192000000,HAPP17
163729,2019:07:01 18:27:58,01/07/2019,0.769421,Black Backed Jackal,8,0-0.2,HAPP17,No,DSCT.S1,192000000,HAPP17
163730,2019:07:01 18:27:57,01/07/2019,0.76941,Black Backed Jackal,8,0-0.2,HAPP17,No,DSCT.S1,192000000,HAPP17
163731,2019:07:01 18:27:57,01/07/2019,0.76941,Black Backed Jackal,8,0-0.2,HAPP17,No,DSCT.S1,192000000,HAPP17
163732,2019:07:01 18:27:57,01/07/2019,0.76941,Black Backed Jackal,9,0.2-0.4,HAPP17,No,DSCT.S1,192000000,HAPP17
163733,2019:07:01 18:27:57,01/07/2019,0.76941,Black Backed Jackal,9,0.4-0.6,HAPP17,No,DSCT.S1,192000000,HAPP17
163734,2019:07:01 18:26:36,01/07/2019,0.768472,Black Backed Jackal,9.5,0.6-0.8,HAPP17,No,DSCT.S1,192000000,HAPP17
163735,2019:07:01 18:26:36,01/07/2019,0.768472,Black Backed Jackal,9.5,0.4-0.6,HAPP17,No,DSCT.S1,192000000,HAPP17
163736,2019:07:01 18:26:36,01/07/2019,0.768472,Black Backed Jackal,9,0.4-0.6,HAPP17,No,DSCT.S1,192000000,HAPP17
163737,2019:07:01 18:26:36,01/07/2019,0.768472,Black Backed Jackal,9,0.2-0.4,HAPP17,No,DSCT.S1,192000000,HAPP17
163738,2019:07:01 18:26:35,01/07/2019,0.768461,Black Backed Jackal,9,0.2-0.4,HAPP17,No,DSCT.S1,192000000,HAPP17
163739,2019:07:01 18:26:35,01/07/2019,0.768461,Black Backed Jackal,8.5,0.2-0.4,HAPP17,Yes,DSCT.S1,192000000,HAPP17
163760,2019:07:01 03:58:57,01/07/2019,0.165938,Black Backed Jackal,11,0.6-0.8,HAPP17,No,DSCT.S1,192000000,HAPP17
163761,2019:07:01 03:58:57,01/07/2019,0.165938,Black Backed Jackal,10,0.4-0.6,HAPP17,No,DSCT.S1,192000000,HAPP17
163762,2019:07:01 03:58:57,01/07/2019,0.165938,Black Backed Jackal,9.5,0.2-0.4,HAPP17,No,DSCT.S1,192000000,HAPP17
163763,2019:07:01 03:58:56,01/07/2019,0.165926,Black Backed Jackal,9.5,0.2-0.4,HAPP17,No,DSCT.S1,192000000,HAPP17
163764,2019:07:01 03:58:56,01/07/2019,0.165926,Black Backed Jackal,9,0-0.2,HAPP17,No,DSCT.S1,192000000,HAPP17
163765,2019:07:01 03:58:56,01/07/2019,0.165926,Black Backed Jackal,9,0-0.2,HAPP17,No,DSCT.S1,192000000,HAPP17
163766,2019:07:01 03:58:03,01/07/2019,0.165313,Black Backed Jackal,12,0.2-0.4,HAPP17,No,DSCT.S1,192000000,HAPP17
163767,2019:07:01 03:58:03,01/07/2019,0.165313,Black Backed Jackal,12,0.2-0.4,HAPP17,No,DSCT.S1,192000000,HAPP17
163768,2019:07:01 03:58:03,01/07/2019,0.165313,Black Backed Jackal,12,0.2-0.4,HAPP17,No,DSCT.S1,192000000,HAPP17
163769,2019:07:01 03:58:03,01/07/2019,0.165313,Black Backed Jackal,12,0.2-0.4,HAPP17,No,DSCT.S1,192000000,HAPP17
163770,2019:07:01 03:58:02,01/07/2019,0.165301,Black Backed Jackal,11,0.4-0.6,HAPP17,No,DSCT.S1,192000000,HAPP17
163771,2019:07:01 03:58:02,01/07/2019,0.165301,Black Backed Jackal,10,0.4-0.6,HAPP17,No,DSCT.S1,192000000,HAPP17
163772,2019:07:01 03:57:44,01/07/2019,0.165093,Black Backed Jackal,11,0.4-0.6,HAPP17,No,DSCT.S1,192000000,HAPP17
163773,2019:07:01 03:57:44,01/07/2019,0.165093,Black Backed Jackal,11,0.4-0.6,HAPP17,No,DSCT.S1,192000000,HAPP17
163774,2019:07:01 03:57:44,01/07/2019,0.165093,Black Backed Jackal,11,0.4-0.6,HAPP17,No,DSCT.S1,192000000,HAPP17
163775,2019:07:01 03:57:44,01/07/2019,0.165093,Black Backed Jackal,10,0.4-0.6,HAPP17,No,DSCT.S1,192000000,HAPP17
163776,2019:07:01 03:57:43,01/07/2019,0.165081,Black Backed Jackal,10,0.6-0.8,HAPP17,No,DSCT.S1,192000000,HAPP17
163777,2019:07:01 03:57:43,01/07/2019,0.165081,Black Backed Jackal,10,0.6-0.8,HAPP17,Yes,DSCT.S1,192000000,HAPP17
163778,2019:07:01 02:48:03,01/07/2019,0.116701,Black Backed Jackal,9,0-0.2,HAPP17,No,DSCT.S1,192000000,HAPP17
163779,2019:07:01 02:48:03,01/07/2019,0.116701,Black Backed Jackal,8.5,0-0.2,HAPP17,No,DSCT.S1,192000000,HAPP17
163780,2019:07:01 02:48:02,01/07/2019,0.11669,Black Backed Jackal,8.5,0-0.2,HAPP17,No,DSCT.S1,192000000,HAPP17
163781,2019:07:01 02:48:02,01/07/2019,0.11669,Black Backed Jackal,8.5,0.2-0.4,HAPP17,No,DSCT.S1,192000000,HAPP17
163782,2019:07:01 02:48:02,01/07/2019,0.11669,Black Backed Jackal,8.5,0.2-0.4,HAPP17,No,DSCT.S1,192000000,HAPP17
163783,2019:07:01 02:48:01,01/07/2019,0.116678,Black Backed Jackal,8.5,0.4-0.6,HAPP17,No,DSCT.S1,192000000,HAPP17
163784,2019:07:01 02:47:44,01/07/2019,0.116481,Black Backed Jackal,8.5,0.2-0.4,HAPP17,No,DSCT.S1,192000000,HAPP17
163785,2019:07:01 02:47:44,01/07/2019,0.116481,Black Backed Jackal,8.5,0.2-0.4,HAPP17,No,DSCT.S1,192000000,HAPP17
163786,2019:07:01 02:47:44,01/07/2019,0.116481,Black Backed Jackal,8.5,0.2-0.4,HAPP17,No,DSCT.S1,192000000,HAPP17
163787,2019:07:01 02:47:44,01/07/2019,0.116481,Black Backed Jackal,8.5,0.2-0.4,HAPP17,No,DSCT.S1,192000000,HAPP17
163788,2019:07:01 02:47:43,01/07/2019,0.11647,Black Backed Jackal,8.5,0.4-0.6,HAPP17,No,DSCT.S1,192000000,HAPP17
163789,2019:07:01 02:47:43,01/07/2019,0.11647,Black Backed Jackal,8.5,0.4-0.6,HAPP17,No,DSCT.S1,192000000,HAPP17
163790,2019:07:01 02:25:58,01/07/2019,0.101366,Black Backed Jackal,8,0.2-0.4,HAPP17,No,DSCT.S1,192000000,HAPP17
163791,2019:07:01 02:25:58,01/07/2019,0.101366,Black Backed Jackal,8,0-0.2,HAPP17,No,DSCT.S1,192000000,HAPP17
163792,2019:07:01 02:25:58,01/07/2019,0.101366,Black Backed Jackal,8.5,0-0.2,HAPP17,No,DSCT.S1,192000000,HAPP17
163793,2019:07:01 02:25:58,01/07/2019,0.101366,Black Backed Jackal,8.5,0-0.2,HAPP17,No,DSCT.S1,192000000,HAPP17
163794,2019:07:01 02:25:57,01/07/2019,0.101354,Black Backed Jackal,9,0.2-0.4,HAPP17,No,DSCT.S1,192000000,HAPP17
163795,2019:07:01 02:25:57,01/07/2019,0.101354,Black Backed Jackal,10,0.4-0.6,HAPP17,No,DSCT.S1,192000000,HAPP17
163796,2019:07:01 02:25:40,01/07/2019,0.101157,Black Backed Jackal,9,0-0.2,HAPP17,No,DSCT.S1,192000000,HAPP17
163797,2019:07:01 02:25:40,01/07/2019,0.101157,Black Backed Jackal,9,0-0.2,HAPP17,No,DSCT.S1,192000000,HAPP17
163798,2019:07:01 02:25:40,01/07/2019,0.101157,Black Backed Jackal,9.5,0.2-0.4,HAPP17,No,DSCT.S1,192000000,HAPP17
163799,2019:07:01 02:25:40,01/07/2019,0.101157,Black Backed Jackal,9.5,0.2-0.4,HAPP17,No,DSCT.S1,192000000,HAPP17
163800,2019:07:01 02:25:39,01/07/2019,0.101146,Black Backed Jackal,10,0.4-0.6,HAPP17,No,DSCT.S1,192000000,HAPP17
163801,2019:07:01 02:25:39,01/07/2019,0.101146,Black Backed Jackal,11,0.4-0.6,HAPP17,Yes,DSCT.S1,192000000,HAPP17
163814,2019:07:01 00:30:12,01/07/2019,0.020972,Black Backed Jackal,9,0-0.2,HAPP17,No,DSCT.S1,192000000,HAPP17
163815,2019:07:01 00:30:12,01/07/2019,0.020972,Black Backed Jackal,9,0-0.2,HAPP17,No,DSCT.S1,192000000,HAPP17
163816,2019:07:01 00:30:12,01/07/2019,0.020972,Black Backed Jackal,9.5,0.2-0.4,HAPP17,No,DSCT.S1,192000000,HAPP17
163817,2019:07:01 00:30:11,01/07/2019,0.020961,Black Backed Jackal,9.5,0.2-0.4,HAPP17,No,DSCT.S1,192000000,HAPP17
163818,2019:07:01 00:30:11,01/07/2019,0.020961,Black Backed Jackal,10,0.4-0.6,HAPP17,No,DSCT.S1,192000000,HAPP17
163819,2019:07:01 00:30:11,01/07/2019,0.020961,Black Backed Jackal,11,0.4-0.6,HAPP17,Yes,DSCT.S1,192000000,HAPP17
163844,2019:06:30 06:30:13,30/06/2019,0.270984,Black Backed Jackal,14,0-0.2,HAPP17,No,DSCT.S1,192000000,HAPP17
163845,2019:06:30 06:30:13,30/06/2019,0.270984,Black Backed Jackal,13,0-0.2,HAPP17,No,DSCT.S1,192000000,HAPP17
163846,2019:06:30 06:30:13,30/06/2019,0.270984,Black Backed Jackal,12,0.2-0.4,HAPP17,No,DSCT.S1,192000000,HAPP17
163847,2019:06:30 06:30:12,30/06/2019,0.270972,Black Backed Jackal,12,0.2-0.4,HAPP17,No,DSCT.S1,192000000,HAPP17
163848,2019:06:30 06:30:12,30/06/2019,0.270972,Black Backed Jackal,12,0.2-0.4,HAPP17,No,DSCT.S1,192000000,HAPP17
163849,2019:06:30 06:30:12,30/06/2019,0.270972,Black Backed Jackal,12,0.2-0.4,HAPP17,Yes,DSCT.S1,192000000,HAPP17
163850,2019:06:30 06:30:06,30/06/2019,0.270903,Black Backed Jackal,9,0.6-0.8,HAPP17,No,DSCT.S1,192000000,HAPP17
163851,2019:06:30 06:30:05,30/06/2019,0.270891,Black Backed Jackal,9.5,0.6-0.8,HAPP17,No,DSCT.S1,192000000,HAPP17
163852,2019:06:30 06:30:05,30/06/2019,0.270891,Black Backed Jackal,10,0.4-0.6,HAPP17,No,DSCT.S1,192000000,HAPP17
163853,2019:06:30 06:30:05,30/06/2019,0.270891,Black Backed Jackal,11,0.4-0.6,HAPP17,No,DSCT.S1,192000000,HAPP17
163854,2019:06:30 06:30:05,30/06/2019,0.270891,Black Backed Jackal,12,0.4-0.6,HAPP17,No,DSCT.S1,192000000,HAPP17
163855,2019:06:30 06:30:04,30/06/2019,0.27088,Black Backed Jackal,12,0.2-0.4,HAPP17,No,DSCT.S1,192000000,HAPP17
163856,2019:06:30 06:29:34,30/06/2019,0.270532,Black Backed Jackal,11,0.6-0.8,HAPP17,No,DSCT.S1,192000000,HAPP17
163857,2019:06:30 06:29:33,30/06/2019,0.270521,Black Backed Jackal,11,0.4-0.6,HAPP17,No,DSCT.S1,192000000,HAPP17
163858,2019:06:30 06:29:33,30/06/2019,0.270521,Black Backed Jackal,9.5,0.2-0.4,HAPP17,No,DSCT.S1,192000000,HAPP17
163859,2019:06:30 06:29:33,30/06/2019,0.270521,Black Backed Jackal,9,0-0.2,HAPP17,No,DSCT.S1,192000000,HAPP17
163860,2019:06:30 06:29:32,30/06/2019,0.270509,Black Backed Jackal,8.5,0.2-0.4,HAPP17,No,DSCT.S1,192000000,HAPP17
163861,2019:06:30 06:29:32,30/06/2019,0.270509,Black Backed Jackal,8.5,0.4-0.6,HAPP17,Yes,DSCT.S1,192000000,HAPP17
163862,2019:06:29 22:27:55,29/06/2019,0.936053,Black Backed Jackal,8.5,0.2-0.4,HAPP17,No,DSCT.S1,192000000,HAPP17
163863,2019:06:29 22:27:55,29/06/2019,0.936053,Black Backed Jackal,8.5,0-0.2,HAPP17,No,DSCT.S1,192000000,HAPP17
163864,2019:06:29 22:27:54,29/06/2019,0.936042,Black Backed Jackal,9,0-0.2,HAPP17,No,DSCT.S1,192000000,HAPP17
163865,2019:06:29 22:27:54,29/06/2019,0.936042,Black Backed Jackal,9.5,0-0.2,HAPP17,No,DSCT.S1,192000000,HAPP17
163866,2019:06:29 22:27:54,29/06/2019,0.936042,Black Backed Jackal,9.5,0.2-0.4,HAPP17,No,DSCT.S1,192000000,HAPP17
163867,2019:06:29 22:27:54,29/06/2019,0.936042,Black Backed Jackal,10,0.4-0.6,HAPP17,No,DSCT.S1,192000000,HAPP17
163868,2019:06:29 22:26:53,29/06/2019,0.935336,Black Backed Jackal,9,0-0.2,HAPP17,No,DSCT.S1,192000000,HAPP17
163869,2019:06:29 22:26:53,29/06/2019,0.935336,Black Backed Jackal,8.5,0-0.2,HAPP17,No,DSCT.S1,192000000,HAPP17
163870,2019:06:29 22:26:52,29/06/2019,0.935324,Black Backed Jackal,8.5,0-0.2,HAPP17,No,DSCT.S1,192000000,HAPP17
163871,2019:06:29 22:26:52,29/06/2019,0.935324,Black Backed Jackal,8.5,0.2-0.4,HAPP17,No,DSCT.S1,192000000,HAPP17
163872,2019:06:29 22:26:52,29/06/2019,0.935324,Black Backed Jackal,8.5,0.2-0.4,HAPP17,No,DSCT.S1,192000000,HAPP17
163873,2019:06:29 22:26:52,29/06/2019,0.935324,Black Backed Jackal,8.5,0.4-0.6,HAPP17,Yes,DSCT.S1,192000000,HAPP17
163874,2019:06:29 22:07:48,29/06/2019,0.922083,Brown Hyena,8.5,0.4-0.6,HAPP17,No,DSCT.S1,192000000,HAPP17
163875,2019:06:29 22:07:48,29/06/2019,0.922083,Brown Hyena,8.5,0.2-0.4,HAPP17,No,DSCT.S1,192000000,HAPP17
163876,2019:06:29 22:07:47,29/06/2019,0.922072,Brown Hyena,9,0-0.2,HAPP17,No,DSCT.S1,192000000,HAPP17
163877,2019:06:29 22:07:47,29/06/2019,0.922072,Brown Hyena,9,0-0.2,HAPP17,No,DSCT.S1,192000000,HAPP17
163878,2019:06:29 22:07:47,29/06/2019,0.922072,Brown Hyena,9.5,0.2-0.4,HAPP17,No,DSCT.S1,192000000,HAPP17
163879,2019:06:29 22:07:46,29/06/2019,0.92206,Brown Hyena,10,0.4-0.6,HAPP17,Yes,DSCT.S1,192000000,HAPP17
163898,2019:06:29 02:52:58,29/06/2019,0.120116,Black Backed Jackal,9,0-0.2,HAPP17,No,DSCT.S1,192000000,HAPP17
163899,2019:06:29 02:52:58,29/06/2019,0.120116,Black Backed Jackal,9.5,0-0.2,HAPP17,No,DSCT.S1,192000000,HAPP17
163900,2019:06:29 02:52:58,29/06/2019,0.120116,Black Backed Jackal,10,0.2-0.4,HAPP17,No,DSCT.S1,192000000,HAPP17
163901,2019:06:29 02:52:57,29/06/2019,0.120104,Black Backed Jackal,10,0.2-0.4,HAPP17,No,DSCT.S1,192000000,HAPP17
163902,2019:06:29 02:52:57,29/06/2019,0.120104,Black Backed Jackal,10,0.4-0.6,HAPP17,No,DSCT.S1,192000000,HAPP17
163903,2019:06:29 02:52:57,29/06/2019,0.120104,Black Backed Jackal,11,0.6-0.8,HAPP17,Yes,DSCT.S1,192000000,HAPP17
163904,2019:06:28 23:31:40,28/06/2019,0.980324,Black Backed Jackal,11,0.6-0.8,HAPP17,No,DSCT.S1,192000000,HAPP17
163905,2019:06:28 23:31:40,28/06/2019,0.980324,Black Backed Jackal,9.5,0.4-0.6,HAPP17,No,DSCT.S1,192000000,HAPP17
163906,2019:06:28 23:31:40,28/06/2019,0.980324,Black Backed Jackal,9,0.2-0.4,HAPP17,No,DSCT.S1,192000000,HAPP17
163907,2019:06:28 23:31:40,28/06/2019,0.980324,Black Backed Jackal,8.5,0-0.2,HAPP17,No,DSCT.S1,192000000,HAPP17
163908,2019:06:28 23:31:39,28/06/2019,0.980313,Black Backed Jackal,8,0-0.2,HAPP17,No,DSCT.S1,192000000,HAPP17
163909,2019:06:28 23:31:39,28/06/2019,0.980313,Black Backed Jackal,7.5,0.2-0.4,HAPP17,Yes,DSCT.S1,192000000,HAPP17
163928,2019:06:27 21:57:50,27/06/2019,0.915162,Black Backed Jackal,9,0-0.2,HAPP17,No,DSCT.S1,192000000,HAPP17
163929,2019:06:27 21:57:50,27/06/2019,0.915162,Black Backed Jackal,9,0-0.2,HAPP17,No,DSCT.S1,192000000,HAPP17
163930,2019:06:27 21:57:49,27/06/2019,0.91515,Black Backed Jackal,9.5,0.2-0.4,HAPP17,No,DSCT.S1,192000000,HAPP17
163931,2019:06:27 21:57:49,27/06/2019,0.91515,Black Backed Jackal,9.5,0.2-0.4,HAPP17,No,DSCT.S1,192000000,HAPP17
163932,2019:06:27 21:57:49,27/06/2019,0.91515,Black Backed Jackal,10,0.4-0.6,HAPP17,No,DSCT.S1,192000000,HAPP17
163933,2019:06:27 21:57:49,27/06/2019,0.91515,Black Backed Jackal,11,0.4-0.6,HAPP17,Yes,DSCT.S1,192000000,HAPP17
163940,2019:06:27 18:09:51,27/06/2019,0.75684,Black Backed Jackal,8,0.4-0.6,HAPP17,No,DSCT.S1,192000000,HAPP17
163941,2019:06:27 18:09:51,27/06/2019,0.75684,Black Backed Jackal,8,0.2-0.4,HAPP17,No,DSCT.S1,192000000,HAPP17
163942,2019:06:27 18:09:51,27/06/2019,0.75684,Black Backed Jackal,8.5,0-0.2,HAPP17,No,DSCT.S1,192000000,HAPP17
163943,2019:06:27 18:09:50,27/06/2019,0.756829,Black Backed Jackal,8.5,0-0.2,HAPP17,No,DSCT.S1,192000000,HAPP17
163944,2019:06:27 18:09:50,27/06/2019,0.756829,Black Backed Jackal,9,0.2-0.4,HAPP17,No,DSCT.S1,192000000,HAPP17
163945,2019:06:27 18:09:50,27/06/2019,0.756829,Black Backed Jackal,9.5,0.4-0.6,HAPP17,Yes,DSCT.S1,192000000,HAPP17
164168,2019:06:27 00:02:31,27/06/2019,0.001748,Black Backed Jackal,8,0-0.2,HAPP17,No,DSCT.S1,192000000,HAPP17
164169,2019:06:27 00:02:30,27/06/2019,0.001736,Black Backed Jackal,8.5,0-0.2,HAPP17,No,DSCT.S1,192000000,HAPP17
164170,2019:06:27 00:02:30,27/06/2019,0.001736,Black Backed Jackal,9,0.2-0.4,HAPP17,No,DSCT.S1,192000000,HAPP17
164171,2019:06:27 00:02:30,27/06/2019,0.001736,Black Backed Jackal,9,0.2-0.4,HAPP17,No,DSCT.S1,192000000,HAPP17
164172,2019:06:27 00:02:30,27/06/2019,0.001736,Black Backed Jackal,9.5,0.4-0.6,HAPP17,No,DSCT.S1,192000000,HAPP17
164173,2019:06:27 00:02:29,27/06/2019,0.001725,Black Backed Jackal,10,0.6-0.8,HAPP17,Yes,DSCT.S1,192000000,HAPP17
164180,2019:06:25 23:16:31,25/06/2019,0.969803,Black Backed Jackal,8.5,0.2-0.4,HAPP17,No,DSCT.S1,192000000,HAPP17
164181,2019:06:25 23:16:31,25/06/2019,0.969803,Black Backed Jackal,8.5,0-0.2,HAPP17,No,DSCT.S1,192000000,HAPP17
164182,2019:06:25 23:16:30,25/06/2019,0.969792,Black Backed Jackal,9,0-0.2,HAPP17,No,DSCT.S1,192000000,HAPP17
164183,2019:06:25 23:16:30,25/06/2019,0.969792,Black Backed Jackal,9,0-0.2,HAPP17,No,DSCT.S1,192000000,HAPP17
164184,2019:06:25 23:16:30,25/06/2019,0.969792,Black Backed Jackal,9,0.2-0.4,HAPP17,No,DSCT.S1,192000000,HAPP17
164185,2019:06:25 23:16:30,25/06/2019,0.969792,Black Backed Jackal,9.5,0.2-0.4,HAPP17,Yes,DSCT.S1,192000000,HAPP17
164216,2019:06:25 10:19:41,25/06/2019,0.430336,Black Backed Jackal,9,0.8-1,HAPP17,No,DSCT.S1,192000000,HAPP17
164217,2019:06:25 10:19:41,25/06/2019,0.430336,Black Backed Jackal,8.5,0.8-1,HAPP17,No,DSCT.S1,192000000,HAPP17
164218,2019:06:25 10:19:41,25/06/2019,0.430336,Black Backed Jackal,8,0.6-0.8,HAPP17,No,DSCT.S1,192000000,HAPP17
164219,2019:06:25 10:19:40,25/06/2019,0.430324,Black Backed Jackal,8,0.2-0.4,HAPP17,No,DSCT.S1,192000000,HAPP17
164220,2019:06:25 10:19:40,25/06/2019,0.430324,Black Backed Jackal,8.5,0-0.2,HAPP17,No,DSCT.S1,192000000,HAPP17
164221,2019:06:25 10:19:40,25/06/2019,0.430324,Black Backed Jackal,8.5,0-0.2,HAPP17,Yes,DSCT.S1,192000000,HAPP17
164222,2019:06:25 06:05:46,25/06/2019,0.254005,Black Backed Jackal,8.5,0.2-0.4,HAPP17,No,DSCT.S1,192000000,HAPP17
164223,2019:06:25 06:05:46,25/06/2019,0.254005,Black Backed Jackal,9,0-0.2,HAPP17,No,DSCT.S1,192000000,HAPP17
164224,2019:06:25 06:05:45,25/06/2019,0.253993,Black Backed Jackal,9,0-0.2,HAPP17,No,DSCT.S1,192000000,HAPP17
164225,2019:06:25 06:05:45,25/06/2019,0.253993,Black Backed Jackal,9,0-0.2,HAPP17,No,DSCT.S1,192000000,HAPP17
164226,2019:06:25 06:05:45,25/06/2019,0.253993,Black Backed Jackal,9.5,0.2-0.4,HAPP17,No,DSCT.S1,192000000,HAPP17
164227,2019:06:25 06:05:45,25/06/2019,0.253993,Black Backed Jackal,10,0.4-0.6,HAPP17,Yes,DSCT.S1,192000000,HAPP17
7164,2019:07:18 06:43:23,18/07/2019,0.280127,Black Backed Jackal,10,0.8-1,HAPP17,No,DSCT.S1,192000000,HAPP17
7165,2019:07:18 06:43:23,18/07/2019,0.280127,Black Backed Jackal,10,0.8-1,HAPP17,No,DSCT.S1,192000000,HAPP17
7166,2019:07:18 06:43:23,18/07/2019,0.280127,Black Backed Jackal,10,0.8-1,HAPP17,Yes,DSCT.S1,192000000,HAPP17
7333,2019:07:15 17:59:04,15/07/2019,0.749352,Black Backed Jackal,13,0.8-1,HAPP17,No,DSCT.S1,192000000,HAPP17
7363,2019:07:15 07:03:47,15/07/2019,0.294294,Black Backed Jackal,11,0.4-0.6,HAPP17,No,DSCT.S1,192000000,HAPP17
7364,2019:07:15 07:03:47,15/07/2019,0.294294,Black Backed Jackal,11,0.4-0.6,HAPP17,No,DSCT.S1,192000000,HAPP17
7365,2019:07:15 07:03:47,15/07/2019,0.294294,Black Backed Jackal,12,0.4-0.6,HAPP17,No,DSCT.S1,192000000,HAPP17
7366,2019:07:15 07:03:46,15/07/2019,0.294282,Black Backed Jackal,12,0.2-0.4,HAPP17,No,DSCT.S1,192000000,HAPP17
7367,2019:07:15 07:03:46,15/07/2019,0.294282,Black Backed Jackal,12,0.2-0.4,HAPP17,No,DSCT.S1,192000000,HAPP17
7368,2019:07:15 07:03:46,15/07/2019,0.294282,Black Backed Jackal,13,0.2-0.4,HAPP17,Yes,DSCT.S1,192000000,HAPP17
7837,2019:07:08 19:24:53,08/07/2019,0.808947,Black Backed Jackal,16,0.2-0.4,HAPP17,No,DSCT.S1,192000000,HAPP17
7838,2019:07:08 19:24:53,08/07/2019,0.808947,Black Backed Jackal,15,0.2-0.4,HAPP17,No,DSCT.S1,192000000,HAPP17
7839,2019:07:08 19:24:53,08/07/2019,0.808947,Black Backed Jackal,15,0.2-0.4,HAPP17,No,DSCT.S1,192000000,HAPP17
7840,2019:07:08 19:24:52,08/07/2019,0.808935,Black Backed Jackal,14,0.2-0.4,HAPP17,No,DSCT.S1,192000000,HAPP17
7841,2019:07:08 19:24:52,08/07/2019,0.808935,Black Backed Jackal,14,0.2-0.4,HAPP17,No,DSCT.S1,192000000,HAPP17
7842,2019:07:08 19:24:52,08/07/2019,0.808935,Black Backed Jackal,15,0.2-0.4,HAPP17,Yes,DSCT.S1,192000000,HAPP17
7867,2019:07:08 17:19:19,08/07/2019,0.721748,Black Backed Jackal,9.5,0.8-1,HAPP17,Yes,DSCT.S1,192000000,HAPP17
13424,2019:07:13 23:08:54,13/07/2019,0.964514,Brown Hyena,8,0.6-0.8,SHPP10,No,DSCT.S1,192000000,SHPP10
13425,2019:07:13 23:08:53,13/07/2019,0.964502,Brown Hyena,7.5,0.4-0.6,SHPP10,No,DSCT.S1,192000000,SHPP10
13426,2019:07:13 23:08:53,13/07/2019,0.964502,Brown Hyena,8,0.4-0.6,SHPP10,No,DSCT.S1,192000000,SHPP10
13427,2019:07:13 23:08:53,13/07/2019,0.964502,Brown Hyena,9.5,0.4-0.6,SHPP10,No,DSCT.S1,192000000,SHPP10
13428,2019:07:13 23:08:53,13/07/2019,0.964502,Brown Hyena,9.5,0.6-0.8,SHPP10,No,DSCT.S1,192000000,SHPP10
13429,2019:07:13 23:08:52,13/07/2019,0.964491,Brown Hyena,10,0.6-0.8,SHPP10,Yes,DSCT.S1,192000000,SHPP10
13904,2019:07:10 17:55:48,10/07/2019,0.747083,Black Backed Jackal,4.5,0-0.2,GIPP22,No,DSCT.S1,192000000,GIPP22
13905,2019:07:10 17:55:48,10/07/2019,0.747083,Black Backed Jackal,4,0.2-0.4,GIPP22,No,DSCT.S1,192000000,GIPP22
13906,2019:07:10 17:55:48,10/07/2019,0.747083,Black Backed Jackal,3.5,0.2-0.4,GIPP22,No,DSCT.S1,192000000,GIPP22
13907,2019:07:10 17:55:47,10/07/2019,0.747072,Black Backed Jackal,2.5,0.2-0.4,GIPP22,No,DSCT.S1,192000000,GIPP22
13908,2019:07:10 17:55:47,10/07/2019,0.747072,Black Backed Jackal,2,0.6-0.8,GIPP22,No,DSCT.S1,192000000,GIPP22
13909,2019:07:10 17:55:47,10/07/2019,0.747072,Black Backed Jackal,2,0.8-1,GIPP22,No,DSCT.S1,192000000,GIPP22
16389,2019:07:11 23:33:36,11/07/2019,0.981667,Black Backed Jackal,12,0.8-1,DEPP02,No,DSCT.S1,192000000,DEPP02
16390,2019:07:11 23:33:36,11/07/2019,0.981667,Black Backed Jackal,12,0.8-1,DEPP02,No,DSCT.S1,192000000,DEPP02
16391,2019:07:11 23:33:36,11/07/2019,0.981667,Black Backed Jackal,12,0.8-1,DEPP02,No,DSCT.S1,192000000,DEPP02
16392,2019:07:11 23:33:35,11/07/2019,0.981655,Black Backed Jackal,12,0.8-1,DEPP02,Yes,DSCT.S1,192000000,DEPP02
16519,2019:07:21 00:20:25,21/07/2019,0.014178,Black Backed Jackal,23,0.6-0.8,HAPP15,No,DSCT.S1,192000000,HAPP15
16520,2019:07:21 00:20:25,21/07/2019,0.014178,Black Backed Jackal,21,0.4-0.6,HAPP15,No,DSCT.S1,192000000,HAPP15
16521,2019:07:21 00:20:24,21/07/2019,0.014167,Black Backed Jackal,19,0.4-0.6,HAPP15,No,DSCT.S1,192000000,HAPP15
16522,2019:07:21 00:20:24,21/07/2019,0.014167,Black Backed Jackal,17,0.2-0.4,HAPP15,No,DSCT.S1,192000000,HAPP15
16523,2019:07:21 00:20:24,21/07/2019,0.014167,Black Backed Jackal,7.5,0.4-0.6,HAPP15,No,DSCT.S1,192000000,HAPP15
16524,2019:07:21 00:20:24,21/07/2019,0.014167,Black Backed Jackal,12,0-0.2,HAPP15,Yes,DSCT.S1,192000000,HAPP15
28880,2019:07:31 04:05:06,31/07/2019,0.170208,Brown Hyena,22,0.8-1,MOPP14,No,DSCT.S1,192000000,MOPP14
28881,2019:07:31 04:05:06,31/07/2019,0.170208,Brown Hyena,21,0.8-1,MOPP14,No,DSCT.S1,192000000,MOPP14
28882,2019:07:31 04:05:06,31/07/2019,0.170208,Brown Hyena,20,0.8-1,MOPP14,No,DSCT.S1,192000000,MOPP14
28883,2019:07:31 04:05:06,31/07/2019,0.170208,Brown Hyena,18,0.6-0.8,MOPP14,No,DSCT.S1,192000000,MOPP14
28884,2019:07:31 04:05:05,31/07/2019,0.170197,Brown Hyena,17,0.6-0.8,MOPP14,No,DSCT.S1,192000000,MOPP14
28885,2019:07:31 04:05:05,31/07/2019,0.170197,Brown Hyena,16,0.4-0.6,MOPP14,Yes,DSCT.S1,192000000,MOPP14
30828,2019:07:23 07:21:00,23/07/2019,0.30625,Black Backed Jackal,17,0.8-1,HAPP17,No,DSCT.S1,192000000,HAPP17
30829,2019:07:23 07:21:00,23/07/2019,0.30625,Black Backed Jackal,17,0.8-1,HAPP17,No,DSCT.S1,192000000,HAPP17
32088,2019:07:31 19:08:13,31/07/2019,0.797373,Brown Hyena,10,0-0.2,HAPP18,No,DSCT.S1,192000000,HAPP18
32089,2019:07:31 19:08:12,31/07/2019,0.797361,Brown Hyena,11,0-0.2,HAPP18,No,DSCT.S1,192000000,HAPP18
32090,2019:07:31 19:08:12,31/07/2019,0.797361,Brown Hyena,13,0-0.2,HAPP18,No,DSCT.S1,192000000,HAPP18
32091,2019:07:31 19:08:12,31/07/2019,0.797361,Brown Hyena,11,0-0.2,HAPP18,No,DSCT.S1,192000000,HAPP18
32092,2019:07:31 19:08:12,31/07/2019,0.797361,Brown Hyena,13,0-0.2,HAPP18,No,DSCT.S1,192000000,HAPP18
32093,2019:07:31 19:08:11,31/07/2019,0.79735,Brown Hyena,13,0-0.2,HAPP18,Yes,DSCT.S1,192000000,HAPP18
44795,2019:08:12 23:45:33,12/08/2019,0.989965,Black Backed Jackal,9.5,0.2-0.4,HAPP20,No,DSCT.S1,192000000,HAPP20
44796,2019:08:12 23:45:33,12/08/2019,0.989965,Black Backed Jackal,9,0.2-0.4,HAPP20,No,DSCT.S1,192000000,HAPP20
44797,2019:08:12 23:45:32,12/08/2019,0.989954,Black Backed Jackal,8.5,0.4-0.6,HAPP20,No,DSCT.S1,192000000,HAPP20
44798,2019:08:12 23:45:32,12/08/2019,0.989954,Black Backed Jackal,8,0.4-0.6,HAPP20,No,DSCT.S1,192000000,HAPP20
44799,2019:08:12 23:45:32,12/08/2019,0.989954,Black Backed Jackal,7.5,0.4-0.6,HAPP20,No,DSCT.S1,192000000,HAPP20
44800,2019:08:12 23:45:32,12/08/2019,0.989954,Black Backed Jackal,7,0.6-0.8,HAPP20,No,DSCT.S1,192000000,HAPP20
44801,2019:08:12 23:45:13,12/08/2019,0.989734,Black Backed Jackal,11,0.8-1,HAPP20,No,DSCT.S1,192000000,HAPP20
44802,2019:08:12 23:45:13,12/08/2019,0.989734,Black Backed Jackal,11,0.8-1,HAPP20,No,DSCT.S1,192000000,HAPP20
44803,2019:08:12 23:45:13,12/08/2019,0.989734,Black Backed Jackal,11,0.8-1,HAPP20,No,DSCT.S1,192000000,HAPP20
44805,2019:08:12 23:45:12,12/08/2019,0.989722,Black Backed Jackal,12,0.8-1,HAPP20,Yes,DSCT.S1,192000000,HAPP20
44837,2019:08:12 17:55:28,12/08/2019,0.746852,Black Backed Jackal,21,0-0.2,HAPP20,No,DSCT.S1,192000000,HAPP20
44838,2019:08:12 17:55:27,12/08/2019,0.74684,Black Backed Jackal,20,0-0.2,HAPP20,No,DSCT.S1,192000000,HAPP20
44839,2019:08:12 17:55:27,12/08/2019,0.74684,Black Backed Jackal,19,0-0.2,HAPP20,No,DSCT.S1,192000000,HAPP20
44840,2019:08:12 17:55:27,12/08/2019,0.74684,Black Backed Jackal,19,0-0.2,HAPP20,No,DSCT.S1,192000000,HAPP20
44841,2019:08:12 17:55:26,12/08/2019,0.746829,Black Backed Jackal,18,0.2-0.4,HAPP20,No,DSCT.S1,192000000,HAPP20
44842,2019:08:12 17:55:26,12/08/2019,0.746829,Black Backed Jackal,17,0.2-0.4,HAPP20,Yes,DSCT.S1,192000000,HAPP20
46568,2019:08:09 22:02:14,09/08/2019,0.918218,Black Backed Jackal,1.5,0.8-1,HAPP20,No,DSCT.S1,192000000,HAPP20
46569,2019:08:09 22:02:14,09/08/2019,0.918218,Black Backed Jackal,1.5,0.8-1,HAPP20,No,DSCT.S1,192000000,HAPP20
46570,2019:08:09 22:02:14,09/08/2019,0.918218,Black Backed Jackal,1.5,0.8-1,HAPP20,No,DSCT.S1,192000000,HAPP20
46571,2019:08:09 22:02:13,09/08/2019,0.918206,Black Backed Jackal,1.5,0.8-1,HAPP20,No,DSCT.S1,192000000,HAPP20
46572,2019:08:09 22:02:13,09/08/2019,0.918206,Black Backed Jackal,1.5,0.8-1,HAPP20,Yes,DSCT.S1,192000000,HAPP20
46573,2019:08:09 22:02:05,09/08/2019,0.918113,Black Backed Jackal,26+,0.4-0.6,HAPP20,No,DSCT.S1,192000000,HAPP20
46574,2019:08:09 22:02:05,09/08/2019,0.918113,Black Backed Jackal,26+,0.4-0.6,HAPP20,No,DSCT.S1,192000000,HAPP20
46575,2019:08:09 22:02:04,09/08/2019,0.918102,Black Backed Jackal,26+,0.4-0.6,HAPP20,No,DSCT.S1,192000000,HAPP20
46576,2019:08:09 22:02:04,09/08/2019,0.918102,Black Backed Jackal,26+,0.4-0.6,HAPP20,No,DSCT.S1,192000000,HAPP20
46577,2019:08:09 22:02:04,09/08/2019,0.918102,Black Backed Jackal,26+,0.4-0.6,HAPP20,No,DSCT.S1,192000000,HAPP20
46578,2019:08:09 22:02:04,09/08/2019,0.918102,Black Backed Jackal,26+,0.4-0.6,HAPP20,Yes,DSCT.S1,192000000,HAPP20
59758,2019:06:08 06:58:16,08/06/2019,0.290463,Black Backed Jackal,15,0.2-0.4,HAPP20,No,DSCT.S1,192000000,HAPP20
59759,2019:06:08 06:58:16,08/06/2019,0.290463,Black Backed Jackal,14,0.4-0.6,HAPP20,No,DSCT.S1,192000000,HAPP20
59760,2019:06:08 06:58:15,08/06/2019,0.290451,Black Backed Jackal,14,0.4-0.6,HAPP20,No,DSCT.S1,192000000,HAPP20
59761,2019:06:08 06:58:15,08/06/2019,0.290451,Black Backed Jackal,15,0.4-0.6,HAPP20,No,DSCT.S1,192000000,HAPP20
59762,2019:06:08 06:58:15,08/06/2019,0.290451,Black Backed Jackal,16,0.6-0.8,HAPP20,No,DSCT.S1,192000000,HAPP20
59763,2019:06:08 06:58:15,08/06/2019,0.290451,Black Backed Jackal,16,0.6-0.8,HAPP20,No,DSCT.S1,192000000,HAPP20
59796,2019:06:07 20:00:56,07/06/2019,0.833981,Black Backed Jackal,14,0.8-1,HAPP20,No,DSCT.S1,192000000,HAPP20
59797,2019:06:07 20:00:56,07/06/2019,0.833981,Black Backed Jackal,12,0.8-1,HAPP20,No,DSCT.S1,192000000,HAPP20
59798,2019:06:07 20:00:56,07/06/2019,0.833981,Black Backed Jackal,12,0.8-1,HAPP20,No,DSCT.S1,192000000,HAPP20
59799,2019:06:07 20:00:55,07/06/2019,0.83397,Black Backed Jackal,11,0.8-1,HAPP20,Yes,DSCT.S1,192000000,HAPP20
60130,2019:06:07 06:43:34,07/06/2019,0.280255,Black Backed Jackal,26+,0.4-0.6,HAPP20,No,DSCT.S1,192000000,HAPP20
60131,2019:06:07 06:43:33,07/06/2019,0.280243,Black Backed Jackal,26+,0.4-0.6,HAPP20,No,DSCT.S1,192000000,HAPP20
60132,2019:06:07 06:43:33,07/06/2019,0.280243,Black Backed Jackal,26+,0.4-0.6,HAPP20,No,DSCT.S1,192000000,HAPP20
60133,2019:06:07 06:43:33,07/06/2019,0.280243,Black Backed Jackal,26+,0.4-0.6,HAPP20,No,DSCT.S1,192000000,HAPP20
60134,2019:06:07 06:43:33,07/06/2019,0.280243,Black Backed Jackal,26+,0.4-0.6,HAPP20,No,DSCT.S1,192000000,HAPP20
60135,2019:06:07 06:43:32,07/06/2019,0.280231,Black Backed Jackal,26+,0.4-0.6,HAPP20,Yes,DSCT.S1,192000000,HAPP20
60605,2019:06:05 23:49:16,05/06/2019,0.992546,Black Backed Jackal,15,0.8-1,HAPP20,No,DSCT.S1,192000000,HAPP20
60606,2019:06:05 23:49:16,05/06/2019,0.992546,Black Backed Jackal,15,0.8-1,HAPP20,No,DSCT.S1,192000000,HAPP20
60607,2019:06:05 23:49:16,05/06/2019,0.992546,Black Backed Jackal,15,0.8-1,HAPP20,No,DSCT.S1,192000000,HAPP20
60608,2019:06:05 23:49:16,05/06/2019,0.992546,Black Backed Jackal,14,0.8-1,HAPP20,No,DSCT.S1,192000000,HAPP20
60609,2019:06:05 23:49:15,05/06/2019,0.992535,Black Backed Jackal,15,0.6-0.8,HAPP20,Yes,DSCT.S1,192000000,HAPP20
60610,2019:06:05 23:08:47,05/06/2019,0.964433,Black Backed Jackal,11,0.2-0.4,HAPP20,No,DSCT.S1,192000000,HAPP20
60611,2019:06:05 23:08:47,05/06/2019,0.964433,Black Backed Jackal,11,0.2-0.4,HAPP20,No,DSCT.S1,192000000,HAPP20
60612,2019:06:05 23:08:46,05/06/2019,0.964421,Black Backed Jackal,11,0.2-0.4,HAPP20,No,DSCT.S1,192000000,HAPP20
60613,2019:06:05 23:08:46,05/06/2019,0.964421,Black Backed Jackal,11,0-0.2,HAPP20,No,DSCT.S1,192000000,HAPP20
60614,2019:06:05 23:08:46,05/06/2019,0.964421,Black Backed Jackal,11,0-0.2,HAPP20,No,DSCT.S1,192000000,HAPP20
60615,2019:06:05 23:08:46,05/06/2019,0.964421,Black Backed Jackal,11,0-0.2,HAPP20,Yes,DSCT.S1,192000000,HAPP20
60617,2019:06:05 21:46:57,05/06/2019,0.907604,Black Backed Jackal,14,0-0.2,HAPP20,No,DSCT.S1,192000000,HAPP20
60618,2019:06:05 21:46:57,05/06/2019,0.907604,Black Backed Jackal,14,0-0.2,HAPP20,No,DSCT.S1,192000000,HAPP20
60619,2019:06:05 21:46:56,05/06/2019,0.907593,Black Backed Jackal,14,0-0.2,HAPP20,No,DSCT.S1,192000000,HAPP20
60620,2019:06:05 21:46:56,05/06/2019,0.907593,Black Backed Jackal,14,0-0.2,HAPP20,No,DSCT.S1,192000000,HAPP20
60621,2019:06:05 21:46:56,05/06/2019,0.907593,Black Backed Jackal,14,0-0.2,HAPP20,No,DSCT.S1,192000000,HAPP20
60622,2019:06:05 21:46:56,05/06/2019,0.907593,Black Backed Jackal,14,0-0.2,HAPP20,Yes,DSCT.S1,192000000,HAPP20
60659,2019:06:05 20:48:49,05/06/2019,0.867234,Black Backed Jackal,13,0.8-1,HAPP20,No,DSCT.S1,192000000,HAPP20
60660,2019:06:05 20:48:49,05/06/2019,0.867234,Black Backed Jackal,13,0.8-1,HAPP20,No,DSCT.S1,192000000,HAPP20
60661,2019:06:05 20:48:49,05/06/2019,0.867234,Black Backed Jackal,13,0.8-1,HAPP20,No,DSCT.S1,192000000,HAPP20
60662,2019:06:05 20:48:49,05/06/2019,0.867234,Black Backed Jackal,13,0.8-1,HAPP20,No,DSCT.S1,192000000,HAPP20
60663,2019:06:05 20:48:48,05/06/2019,0.867222,Black Backed Jackal,13,0.8-1,HAPP20,No,DSCT.S1,192000000,HAPP20
60664,2019:06:05 20:48:48,05/06/2019,0.867222,Black Backed Jackal,14,0.8-1,HAPP20,Yes,DSCT.S1,192000000,HAPP20
60722,2019:06:05 18:02:29,05/06/2019,0.751725,Black Backed Jackal,13,0.8-1,HAPP20,No,DSCT.S1,192000000,HAPP20
60723,2019:06:05 18:02:29,05/06/2019,0.751725,Black Backed Jackal,12,0.8-1,HAPP20,No,DSCT.S1,192000000,HAPP20
60724,2019:06:05 18:02:29,05/06/2019,0.751725,Black Backed Jackal,12,0.8-1,HAPP20,Yes,DSCT.S1,192000000,HAPP20
61386,2019:06:05 02:16:06,05/06/2019,0.094514,Black Backed Jackal,14,0.8-1,HAPP20,No,DSCT.S1,192000000,HAPP20
61387,2019:06:05 02:16:06,05/06/2019,0.094514,Black Backed Jackal,13,0.8-1,HAPP20,No,DSCT.S1,192000000,HAPP20
61388,2019:06:05 02:16:06,05/06/2019,0.094514,Black Backed Jackal,13,0-0.2,HAPP20,No,DSCT.S1,192000000,HAPP20
61389,2019:06:05 02:16:06,05/06/2019,0.094514,Black Backed Jackal,11,0.6-0.8,HAPP20,No,DSCT.S1,192000000,HAPP20
61390,2019:06:05 02:16:05,05/06/2019,0.094502,Black Backed Jackal,14,0-0.2,HAPP20,No,DSCT.S1,192000000,HAPP20
61391,2019:06:05 02:11:03,05/06/2019,0.091007,Black Backed Jackal,11,0.2-0.4,HAPP20,No,DSCT.S1,192000000,HAPP20
61392,2019:06:05 02:11:03,05/06/2019,0.091007,Black Backed Jackal,11,0.2-0.4,HAPP20,No,DSCT.S1,192000000,HAPP20
61393,2019:06:05 02:11:03,05/06/2019,0.091007,Black Backed Jackal,11,0.2-0.4,HAPP20,No,DSCT.S1,192000000,HAPP20
61394,2019:06:05 02:11:03,05/06/2019,0.091007,Black Backed Jackal,10,0.2-0.4,HAPP20,No,DSCT.S1,192000000,HAPP20
61395,2019:06:05 02:11:02,05/06/2019,0.090995,Black Backed Jackal,11,0.2-0.4,HAPP20,No,DSCT.S1,192000000,HAPP20
61396,2019:06:05 02:11:02,05/06/2019,0.090995,Black Backed Jackal,10,0-0.2,HAPP20,Yes,DSCT.S1,192000000,HAPP20
61910,2019:06:03 05:34:20,03/06/2019,0.232176,Black Backed Jackal,14,0.8-1,HAPP20,No,DSCT.S1,192000000,HAPP20
61911,2019:06:03 05:34:19,03/06/2019,0.232164,Black Backed Jackal,13,0.8-1,HAPP20,No,DSCT.S1,192000000,HAPP20
61912,2019:06:03 05:34:19,03/06/2019,0.232164,Black Backed Jackal,12,0.8-1,HAPP20,No,DSCT.S1,192000000,HAPP20
61919,2019:06:03 05:26:42,03/06/2019,0.226875,Black Backed Jackal,9,0.4-0.6,HAPP20,No,DSCT.S1,192000000,HAPP20
61920,2019:06:03 05:26:42,03/06/2019,0.226875,Black Backed Jackal,9,0.4-0.6,HAPP20,No,DSCT.S1,192000000,HAPP20
61921,2019:06:03 05:26:42,03/06/2019,0.226875,Black Backed Jackal,9,0.4-0.6,HAPP20,No,DSCT.S1,192000000,HAPP20
61922,2019:06:03 05:26:41,03/06/2019,0.226863,Black Backed Jackal,9,0.4-0.6,HAPP20,No,DSCT.S1,192000000,HAPP20
61923,2019:06:03 05:26:41,03/06/2019,0.226863,Black Backed Jackal,9,0.6-0.8,HAPP20,No,DSCT.S1,192000000,HAPP20
61924,2019:06:03 05:26:41,03/06/2019,0.226863,Black Backed Jackal,9,0.6-0.8,HAPP20,Yes,DSCT.S1,192000000,HAPP20
73421,2019:06:06 17:51:21,06/06/2019,0.743993,Black Backed Jackal,13,0.6-0.8,HAPP15,No,DSCT.S1,192000000,HAPP15
73422,2019:06:06 17:51:21,06/06/2019,0.743993,Black Backed Jackal,14,0.6-0.8,HAPP15,No,DSCT.S1,192000000,HAPP15
73423,2019:06:06 17:51:21,06/06/2019,0.743993,Black Backed Jackal,15,0.6-0.8,HAPP15,No,DSCT.S1,192000000,HAPP15
73424,2019:06:06 17:51:20,06/06/2019,0.743981,Black Backed Jackal,16,0.8-1,HAPP15,No,DSCT.S1,192000000,HAPP15
73425,2019:06:06 17:51:20,06/06/2019,0.743981,Black Backed Jackal,17,0.8-1,HAPP15,No,DSCT.S1,192000000,HAPP15
73426,2019:06:06 17:51:20,06/06/2019,0.743981,Black Backed Jackal,18,0.8-1,HAPP15,No,DSCT.S1,192000000,HAPP15
73427,2019:06:06 17:51:11,06/06/2019,0.743877,Black Backed Jackal,18,0.8-1,HAPP15,Yes,DSCT.S1,192000000,HAPP15
87234,2019:08:28 00:37:35,28/08/2019,0.0261,Brown Hyena,13,0.4-0.6,HAPP18,No,DSCT.S1,192000000,HAPP18
87235,2019:08:28 00:37:35,28/08/2019,0.0261,Brown Hyena,13,0.4-0.6,HAPP18,No,DSCT.S1,192000000,HAPP18
87236,2019:08:28 00:37:35,28/08/2019,0.0261,Brown Hyena,13,0.4-0.6,HAPP18,No,DSCT.S1,192000000,HAPP18
87237,2019:08:28 00:37:35,28/08/2019,0.0261,Brown Hyena,14,0.8-1,HAPP18,No,DSCT.S1,192000000,HAPP18
87238,2019:08:28 00:37:28,28/08/2019,0.026019,Brown Hyena,26+,0.8-1,HAPP18,No,DSCT.S1,192000000,HAPP18
87239,2019:08:28 00:37:27,28/08/2019,0.026007,Brown Hyena,26+,0.8-1,HAPP18,No,DSCT.S1,192000000,HAPP18
87240,2019:08:28 00:37:27,28/08/2019,0.026007,Brown Hyena,26+,0.8-1,HAPP18,Yes,DSCT.S1,192000000,HAPP18
91817,2019:08:29 06:43:51,29/08/2019,0.280451,Black Backed Jackal,26+,0.2-0.4,HAPP20,No,DSCT.S1,192000000,HAPP20
91818,2019:08:29 06:43:50,29/08/2019,0.28044,Black Backed Jackal,26+,0.2-0.4,HAPP20,No,DSCT.S1,192000000,HAPP20
91819,2019:08:29 06:43:50,29/08/2019,0.28044,Black Backed Jackal,26+,0-0.2,HAPP20,No,DSCT.S1,192000000,HAPP20
91820,2019:08:29 06:43:50,29/08/2019,0.28044,Black Backed Jackal,26+,0-0.2,HAPP20,No,DSCT.S1,192000000,HAPP20
91821,2019:08:29 06:43:49,29/08/2019,0.280428,Black Backed Jackal,26+,0-0.2,HAPP20,No,DSCT.S1,192000000,HAPP20
91822,2019:08:29 06:43:49,29/08/2019,0.280428,Black Backed Jackal,26+,0-0.2,HAPP20,No,DSCT.S1,192000000,HAPP20
91829,2019:08:29 06:42:12,29/08/2019,0.279306,Black Backed Jackal,15,0.2-0.4,HAPP20,No,DSCT.S1,192000000,HAPP20
91830,2019:08:29 06:42:11,29/08/2019,0.279294,Black Backed Jackal,14,0-0.2,HAPP20,No,DSCT.S1,192000000,HAPP20
91831,2019:08:29 06:42:11,29/08/2019,0.279294,Black Backed Jackal,13,0-0.2,HAPP20,No,DSCT.S1,192000000,HAPP20
91832,2019:08:29 06:42:10,29/08/2019,0.279282,Black Backed Jackal,12,0-0.2,HAPP20,No,DSCT.S1,192000000,HAPP20
91833,2019:08:29 06:42:10,29/08/2019,0.279282,Black Backed Jackal,11,0.2-0.4,HAPP20,No,DSCT.S1,192000000,HAPP20
91834,2019:08:29 06:42:10,29/08/2019,0.279282,Black Backed Jackal,11,0.4-0.6,HAPP20,Yes,DSCT.S1,192000000,HAPP20
92484,2019:08:28 02:56:24,28/08/2019,0.1225,African Civet,15+,0.8-1,HAPP20,No,DSCT.S1,192000000,HAPP20
92485,2019:08:28 02:56:24,28/08/2019,0.1225,African Civet,15,0.8-1,HAPP20,No,DSCT.S1,192000000,HAPP20
92486,2019:08:28 02:56:23,28/08/2019,0.122488,African Civet,14,0.8-1,HAPP20,No,DSCT.S1,192000000,HAPP20
92487,2019:08:28 02:56:23,28/08/2019,0.122488,African Civet,14,0.8-1,HAPP20,No,DSCT.S1,192000000,HAPP20
92488,2019:08:28 02:56:23,28/08/2019,0.122488,African Civet,14,0.8-1,HAPP20,No,DSCT.S1,192000000,HAPP20
92507,2019:08:28 01:07:14,28/08/2019,0.04669,Black Backed Jackal,18,0.2-0.4,HAPP20,No,DSCT.S1,192000000,HAPP20
92508,2019:08:28 01:07:14,28/08/2019,0.04669,Black Backed Jackal,18,0-0.2,HAPP20,No,DSCT.S1,192000000,HAPP20
92509,2019:08:28 01:07:14,28/08/2019,0.04669,Black Backed Jackal,18,0-0.2,HAPP20,No,DSCT.S1,192000000,HAPP20
92510,2019:08:28 01:07:14,28/08/2019,0.04669,Black Backed Jackal,17,0-0.2,HAPP20,No,DSCT.S1,192000000,HAPP20
92511,2019:08:28 01:07:13,28/08/2019,0.046678,Black Backed Jackal,17,0-0.2,HAPP20,No,DSCT.S1,192000000,HAPP20
92512,2019:08:28 01:07:13,28/08/2019,0.046678,Black Backed Jackal,16,0-0.2,HAPP20,No,DSCT.S1,192000000,HAPP20
110693,2019:08:20 07:23:43,20/08/2019,0.308137,Black Backed Jackal,5.5,0.8-1,HAPP17,No,DSCT.S1,192000000,HAPP17
110694,2019:08:20 07:23:43,20/08/2019,0.308137,Black Backed Jackal,6,0.8-1,HAPP17,No,DSCT.S1,192000000,HAPP17
110695,2019:08:20 07:23:43,20/08/2019,0.308137,Black Backed Jackal,6,0.8-1,HAPP17,Yes,DSCT.S1,192000000,HAPP17
137452,2019:06:21 17:17:00,21/06/2019,0.720139,Black Backed Jackal,9,0.6-0.8,HAPP17,No,DSCT.S1,192000000,HAPP17
137453,2019:06:21 17:17:00,21/06/2019,0.720139,Black Backed Jackal,9,0.8-1,HAPP17,Yes,DSCT.S1,192000000,HAPP17
138942,2019:06:20 06:55:02,20/06/2019,0.288218,Brown Hyena,0.5,0.4-0.6,HAPP15,No,DSCT.S1,192000000,HAPP15
138943,2019:06:20 06:55:02,20/06/2019,0.288218,Brown Hyena,0.5,0.2-0.4,HAPP15,No,DSCT.S1,192000000,HAPP15
138944,2019:06:20 06:55:01,20/06/2019,0.288206,Brown Hyena,0.5,0-0.2,HAPP15,No,DSCT.S1,192000000,HAPP15
138945,2019:06:20 06:55:01,20/06/2019,0.288206,Brown Hyena,1,0-0.2,HAPP15,No,DSCT.S1,192000000,HAPP15
138946,2019:06:20 06:55:01,20/06/2019,0.288206,Brown Hyena,1,0.2-0.4,HAPP15,Yes,DSCT.S1,192000000,HAPP15
144214,2019:07:01 06:42:37,01/07/2019,0.279595,Black Backed Jackal,13,0.4-0.6,HAPP20,Yes,DSCT.S1,192000000,HAPP20
146237,2019:06:27 00:42:29,27/06/2019,0.029502,Black Backed Jackal,5.5,0.8-1,HAPP20,No,DSCT.S1,192000000,HAPP20
146238,2019:06:27 00:42:29,27/06/2019,0.029502,Black Backed Jackal,5.5,0.8-1,HAPP20,No,DSCT.S1,192000000,HAPP20
146239,2019:06:27 00:42:29,27/06/2019,0.029502,Black Backed Jackal,5.5,0.8-1,HAPP20,No,DSCT.S1,192000000,HAPP20
146240,2019:06:27 00:42:28,27/06/2019,0.029491,Black Backed Jackal,5.5,0.8-1,HAPP20,Yes,DSCT.S1,192000000,HAPP20
147249,2019:06:25 05:29:43,25/06/2019,0.22897,Black Backed Jackal,9,0.4-0.6,HAPP20,No,DSCT.S1,192000000,HAPP20
154451,2019:07:03 17:12:31,03/07/2019,0.717025,Black Backed Jackal,26+,0.6-0.8,HAPP15,No,DSCT.S1,192000000,HAPP15
154452,2019:07:03 17:12:31,03/07/2019,0.717025,Black Backed Jackal,26+,0.6-0.8,HAPP15,No,DSCT.S1,192000000,HAPP15
154453,2019:07:03 17:12:31,03/07/2019,0.717025,Black Backed Jackal,26+,0.6-0.8,HAPP15,No,DSCT.S1,192000000,HAPP15
154454,2019:07:03 17:12:30,03/07/2019,0.717014,Black Backed Jackal,26+,0.6-0.8,HAPP15,No,DSCT.S1,192000000,HAPP15
154455,2019:07:03 17:12:30,03/07/2019,0.717014,Black Backed Jackal,26+,0.6-0.8,HAPP15,No,DSCT.S1,192000000,HAPP15
154456,2019:07:03 17:12:30,03/07/2019,0.717014,Black Backed Jackal,26+,0.6-0.8,HAPP15,Yes,DSCT.S1,192000000,HAPP15
154567,2019:07:02 07:43:19,02/07/2019,0.321748,Black Backed Jackal,5,0.8-1,HAPP15,Yes,DSCT.S1,192000000,HAPP15
155168,2019:06:26 05:58:15,26/06/2019,0.248785,Black Backed Jackal,9,0-0.2,HAPP15,No,DSCT.S1,192000000,HAPP15
155169,2019:06:26 05:58:14,26/06/2019,0.248773,Black Backed Jackal,9,0-0.2,HAPP15,No,DSCT.S1,192000000,HAPP15
155170,2019:06:26 05:58:14,26/06/2019,0.248773,Black Backed Jackal,8.5,0.2-0.4,HAPP15,No,DSCT.S1,192000000,HAPP15
155171,2019:06:26 05:58:14,26/06/2019,0.248773,Black Backed Jackal,8.5,0.2-0.4,HAPP15,No,DSCT.S1,192000000,HAPP15
155172,2019:06:26 05:58:14,26/06/2019,0.248773,Black Backed Jackal,8,0.4-0.6,HAPP15,No,DSCT.S1,192000000,HAPP15
155173,2019:06:26 05:58:13,26/06/2019,0.248762,Black Backed Jackal,7.5,0.6-0.8,HAPP15,Yes,DSCT.S1,192000000,HAPP15
156374,2019:07:02 23:05:24,02/07/2019,0.962083,Black Backed Jackal,15,0-0.2,HAPP13,No,DSCT.S1,192000000,HAPP13
156375,2019:07:02 23:05:23,02/07/2019,0.962072,Black Backed Jackal,15,0-0.2,HAPP13,No,DSCT.S1,192000000,HAPP13
156376,2019:07:02 23:05:23,02/07/2019,0.962072,Black Backed Jackal,14,0-0.2,HAPP13,No,DSCT.S1,192000000,HAPP13
156377,2019:07:02 23:05:23,02/07/2019,0.962072,Black Backed Jackal,14,0-0.2,HAPP13,No,DSCT.S1,192000000,HAPP13
156378,2019:07:02 23:05:23,02/07/2019,0.962072,Black Backed Jackal,14,0-0.2,HAPP13,No,DSCT.S1,192000000,HAPP13
156379,2019:07:02 23:05:22,02/07/2019,0.96206,Black Backed Jackal,14,0-0.2,HAPP13,Yes,DSCT.S1,192000000,HAPP13
163644,2019:07:03 06:33:59,03/07/2019,0.2736,Black Backed Jackal,11,0.4-0.6,HAPP17,No,DSCT.S1,192000000,HAPP17
163645,2019:07:03 06:33:59,03/07/2019,0.2736,Black Backed Jackal,10,0.4-0.6,HAPP17,No,DSCT.S1,192000000,HAPP17
163646,2019:07:03 06:33:58,03/07/2019,0.273588,Black Backed Jackal,9.5,0.6-0.8,HAPP17,No,DSCT.S1,192000000,HAPP17
163647,2019:07:03 06:33:58,03/07/2019,0.273588,Black Backed Jackal,9.5,0.6-0.8,HAPP17,No,DSCT.S1,192000000,HAPP17
163648,2019:07:03 06:33:58,03/07/2019,0.273588,Black Backed Jackal,9.5,0.8-1,HAPP17,No,DSCT.S1,192000000,HAPP17
163649,2019:07:03 06:33:57,03/07/2019,0.273576,Black Backed Jackal,9.5,0.8-1,HAPP17,Yes,DSCT.S1,192000000,HAPP17
163845,2019:06:30 06:30:13,30/06/2019,0.270984,Black Backed Jackal,20,0-0.2,HAPP17,No,DSCT.S1,192000000,HAPP17
163846,2019:06:30 06:30:13,30/06/2019,0.270984,Black Backed Jackal,20,0-0.2,HAPP17,No,DSCT.S1,192000000,HAPP17
163847,2019:06:30 06:30:12,30/06/2019,0.270972,Black Backed Jackal,18,0-0.2,HAPP17,No,DSCT.S1,192000000,HAPP17
163848,2019:06:30 06:30:12,30/06/2019,0.270972,Black Backed Jackal,18,0-0.2,HAPP17,No,DSCT.S1,192000000,HAPP17
163849,2019:06:30 06:30:12,30/06/2019,0.270972,Black Backed Jackal,16,0-0.2,HAPP17,Yes,DSCT.S1,192000000,HAPP17
32088,2019:07:31 19:08:13,31/07/2019,0.797373,Brown Hyena,19,0-0.2,HAPP18,No,DSCT.S1,192000000,HAPP18
32089,2019:07:31 19:08:12,31/07/2019,0.797361,Brown Hyena,20,0-0.2,HAPP18,No,DSCT.S1,192000000,HAPP18
32091,2019:07:31 19:08:12,31/07/2019,0.797361,Brown Hyena,20,0.2-0.4,HAPP18,No,DSCT.S1,192000000,HAPP18
32092,2019:07:31 19:08:12,31/07/2019,0.797361,Brown Hyena,21,0.2-0.4,HAPP18,No,DSCT.S1,192000000,HAPP18
32093,2019:07:31 19:08:11,31/07/2019,0.79735,Brown Hyena,23,0.2-0.4,HAPP18,Yes,DSCT.S1,192000000,HAPP18
