Repo root: C:/Users/dlakens/OneDrive - TU Eindhoven/git_repos/cooper-bes-validation-manuscript
metacheck version: 0.3.0
metacheck cache dir: C:/Users/dlakens/OneDrive - TU Eindhoven/git_repos/cooper-bes-validation-manuscript/manuscript
Installing scienceverse/metacheck@dev from GitHub...
Using github PAT from envvar GITHUB_PAT. Use `gitcreds::gitcreds_set()` and unset GITHUB_PAT in .Renviron (or elsewhere) if you want to use the more secure git credential store instead.
Downloading GitHub repo scienceverse/metacheck@dev
── R CMD build ─────────────────────────────────────────────────────────────────
* checking for file 'C:\Users\dlakens\AppData\Local\Temp\RtmpaqOq5E\remotes7504e723349\scienceverse-metacheck-55d5873/DESCRIPTION' ... OK
* preparing 'metacheck':
* checking DESCRIPTION meta-information ... OK
* checking for LF line-endings in source and make files and shell scripts
* checking for empty or unneeded directories
* building 'metacheck_0.3.0.tar.gz'

Installing package into 'C:/Users/dlakens/AppData/Local/R/win-library/4.5'
(as 'lib' is unspecified)
* installing *source* package 'metacheck' ...
** this is package 'metacheck' version '0.3.0'
** using staged installation
** R
** data
*** moving datasets to lazyload DB
** inst
** byte-compile and prepare package for lazy loading
** help
*** installing help indices
*** copying figures
** building package indices
** testing if installed package can be loaded from temporary location
** testing if installed package can be loaded from final location
** testing if installed package keeps a record of temporary installation path
* DONE (metacheck)
Loading corpus from: C:/Users/dlakens/OneDrive - TU Eindhoven/git_repos/cooper-bes-validation-manuscript/manuscript/data/bes.rds
Detected dedicated reproducibility_check module. Running it one paper at a time (checkpointed in batches of 1) (execute = TRUE: code will actually run).
[2026-09-20 11:30:33] Processing 1861 papers in 1861 batch(es) of up to 1 papers each (calling reproducibility_check one paper at a time).
[2026-09-20 11:30:33] Batch 1/1861 (papers 1-1): already done, loading from disk.
[2026-09-20 11:30:33] Batch 2/1861 (papers 2-2): running reproducibility_check on 1 paper(s), one at a time...
[2026-09-20 11:30:33]   Paper 1/1 in batch (10_1002_2688_8319_12012)...
[2026-09-20 11:30:37] Batch 2/1861 done (1/1 papers succeeded).
[2026-09-20 11:30:37] Batch 3/1861 (papers 3-3): running reproducibility_check on 1 paper(s), one at a time...
[2026-09-20 11:30:37]   Paper 1/1 in batch (10_1002_2688_8319_12014)...
[2026-09-20 11:30:44] Batch 3/1861 done (1/1 papers succeeded).
[2026-09-20 11:30:44] Batch 4/1861 (papers 4-4): running reproducibility_check on 1 paper(s), one at a time...
[2026-09-20 11:30:44]   Paper 1/1 in batch (10_1002_2688_8319_12016)...
[2026-09-20 11:30:45] Batch 4/1861 done (1/1 papers succeeded).
[2026-09-20 11:30:45] Batch 5/1861 (papers 5-5): running reproducibility_check on 1 paper(s), one at a time...
[2026-09-20 11:30:45]   Paper 1/1 in batch (10_1002_2688_8319_12022)...
[2026-09-20 11:30:47] Batch 5/1861 done (1/1 papers succeeded).
[2026-09-20 11:30:47] Batch 6/1861 (papers 6-6): running reproducibility_check on 1 paper(s), one at a time...
[2026-09-20 11:30:47]   Paper 1/1 in batch (10_1002_2688_8319_12029)...
[2026-09-20 11:31:06] Batch 6/1861 done (1/1 papers succeeded).
[2026-09-20 11:31:06] Batch 7/1861 (papers 7-7): running reproducibility_check on 1 paper(s), one at a time...
[2026-09-20 11:31:06]   Paper 1/1 in batch (10_1002_2688_8319_12044)...
[2026-09-20 11:31:10] Batch 7/1861 done (1/1 papers succeeded).
[2026-09-20 11:31:10] Batch 8/1861 (papers 8-8): running reproducibility_check on 1 paper(s), one at a time...
[2026-09-20 11:31:10]   Paper 1/1 in batch (10_1002_2688_8319_12064)...
Waiting 2s for retry backoff ■■■■■■■■■■■■■■■■                
Waiting 2s for retry backoff ■■■■■■■■■■■■■■■■■■■■■■■■■■■■■■  
Waiting 4s for retry backoff ■■■■■■■■■■■■■                   
Waiting 4s for retry backoff ■■■■■■■■■■■■■■■■■■■■■■■■■■■■■■  
[2026-09-20 11:31:19] Batch 8/1861 done (1/1 papers succeeded).
[2026-09-20 11:31:19] Batch 9/1861 (papers 9-9): running reproducibility_check on 1 paper(s), one at a time...
[2026-09-20 11:31:19]   Paper 1/1 in batch (10_1002_2688_8319_12070)...
[2026-09-20 11:31:21] Batch 9/1861 done (1/1 papers succeeded).
[2026-09-20 11:31:21] Batch 10/1861 (papers 10-10): running reproducibility_check on 1 paper(s), one at a time...
[2026-09-20 11:31:21]   Paper 1/1 in batch (10_1002_2688_8319_12078)...
[2026-09-20 11:31:23] Batch 10/1861 done (1/1 papers succeeded).
[2026-09-20 11:31:23] Batch 11/1861 (papers 11-11): running reproducibility_check on 1 paper(s), one at a time...
[2026-09-20 11:31:23]   Paper 1/1 in batch (10_1002_2688_8319_12080)...
[2026-09-20 11:31:24] Batch 11/1861 done (1/1 papers succeeded).
[2026-09-20 11:31:24] Batch 12/1861 (papers 12-12): running reproducibility_check on 1 paper(s), one at a time...
[2026-09-20 11:31:24]   Paper 1/1 in batch (10_1002_2688_8319_12083)...
[2026-09-20 11:31:36] Batch 12/1861 done (1/1 papers succeeded).
[2026-09-20 11:31:36] Batch 13/1861 (papers 13-13): running reproducibility_check on 1 paper(s), one at a time...
[2026-09-20 11:31:36]   Paper 1/1 in batch (10_1002_2688_8319_12094)...
[2026-09-20 11:31:38] Batch 13/1861 done (1/1 papers succeeded).
[2026-09-20 11:31:38] Batch 14/1861 (papers 14-14): running reproducibility_check on 1 paper(s), one at a time...
[2026-09-20 11:31:38]   Paper 1/1 in batch (10_1002_2688_8319_12100)...
[2026-09-20 11:31:53] Batch 14/1861 done (1/1 papers succeeded).
[2026-09-20 11:31:53] Batch 15/1861 (papers 15-15): running reproducibility_check on 1 paper(s), one at a time...
[2026-09-20 11:31:53]   Paper 1/1 in batch (10_1002_2688_8319_12101)...
[repro] execute = TRUE (sandbox = docker). install_missing = TRUE, timeout = 3000s, keep_sandbox = FALSE
[repro] sandbox root: C:\Users\dlakens\AppData\Local\Temp\RtmpaqOq5E\repro_sandbox_75045534fbf
[repro] docker image: ghcr.io/scienceverse/metacheck_r:latest
[repro] materialising Psych-DS layout from plan (8 plan rows) ...
[repro]   materialised 3/8 files.
[repro] writing 5 rewritten script(s) into the layout ...
[repro]   wrote 5 script(s).
[repro] installing 13 dependenc(y/ies): data.table, dplyr, ggplot2, gridExtra, gtable, indicspecies, plotly, plyr, RColorBrewer, reshape2, stringr, tidyr, vegan
[repro]   install done: 13 ok, 0 failed.
[repro] running 5 script(s) in order: Nachusa_veg_multivariate2021_R1final.R -> Nachusa_veg_regression_revised2021.R -> Bach_NGveg_analysis_publication.R -> BachKleiman_NachusaVeg_multivariate_analyses.R -> BachKleiman_NachusaVeg_regression.R
[repro/docker]   -> running 'Nachusa_veg_multivariate2021_R1final.R' (timeout 3000s) ...
[repro/docker]   <- 'Nachusa_veg_multivariate2021_R1final.R' done in 2.9s
[repro/docker]   -> running 'Nachusa_veg_regression_revised2021.R' (timeout 3000s) ...
[repro/docker]   <- 'Nachusa_veg_regression_revised2021.R' done in 3.5s
[repro/docker]   -> running 'Bach_NGveg_analysis_publication.R' (timeout 3000s) ...
[repro/docker]   <- 'Bach_NGveg_analysis_publication.R' done in 2.9s
[repro/docker]   -> running 'BachKleiman_NachusaVeg_multivariate_analyses.R' (timeout 3000s) ...
[repro/docker]   <- 'BachKleiman_NachusaVeg_multivariate_analyses.R' done in 3.2s
[repro/docker]   -> running 'BachKleiman_NachusaVeg_regression.R' (timeout 3000s) ...
[repro/docker]   <- 'BachKleiman_NachusaVeg_regression.R' done in 3.3s
[repro] execution finished (pass 1). outcomes: Nachusa_veg_multivariate2021_R1final.R=errored; Nachusa_veg_regression_revised2021.R=errored; Bach_NGveg_analysis_publication.R=errored; BachKleiman_NachusaVeg_multivariate_analyses.R=errored; BachKleiman_NachusaVeg_regression.R=errored
[2026-09-20 11:33:18] Batch 15/1861 done (1/1 papers succeeded).
[2026-09-20 11:33:18] Batch 16/1861 (papers 16-16): running reproducibility_check on 1 paper(s), one at a time...
[2026-09-20 11:33:18]   Paper 1/1 in batch (10_1002_2688_8319_12107)...
[2026-09-20 11:33:20] Batch 16/1861 done (1/1 papers succeeded).
[2026-09-20 11:33:20] Batch 17/1861 (papers 17-17): running reproducibility_check on 1 paper(s), one at a time...
[2026-09-20 11:33:20]   Paper 1/1 in batch (10_1002_2688_8319_12118)...
[2026-09-20 11:33:22] Batch 17/1861 done (1/1 papers succeeded).
[2026-09-20 11:33:22] Batch 18/1861 (papers 18-18): running reproducibility_check on 1 paper(s), one at a time...
[2026-09-20 11:33:22]   Paper 1/1 in batch (10_1002_2688_8319_12123)...
[2026-09-20 11:33:26] Batch 18/1861 done (1/1 papers succeeded).
[2026-09-20 11:33:26] Batch 19/1861 (papers 19-19): running reproducibility_check on 1 paper(s), one at a time...
[2026-09-20 11:33:26]   Paper 1/1 in batch (10_1002_2688_8319_12124)...
[repro] execute = TRUE (sandbox = docker). install_missing = TRUE, timeout = 3000s, keep_sandbox = FALSE
[repro] sandbox root: C:\Users\dlakens\AppData\Local\Temp\RtmpaqOq5E\repro_sandbox_75029f84c08
[repro] docker image: ghcr.io/scienceverse/metacheck_r:latest
[repro] materialising Psych-DS layout from plan (161 plan rows) ...
[repro]   materialised 103/205 files.
[repro] writing 19 rewritten script(s) into the layout ...
[repro]   wrote 19 script(s).
[repro] installing 28 dependenc(y/ies): bayesplot, devtools, DMwR, dplyr, EflowStats, ggforce, ggmap, ggplot2, ggpubr, gridExtra, here, loo, lubridate, purrr, RColorBrewer, readxl, rethinking, rJava, rstan, scales, stringr, tabulizer, tidyhydat, tidyr, tidyverse, viridis, weathercan, zoo
[repro]   install done: 24 ok, 4 failed.
[repro] skipping (missing inputs): run_models_do_model_averaging.R, run_all.R
[repro] running 19 script(s) in order: get_inclined-plane-trap-data_1985.R -> calculate_clearcut_area_by_catchment.R -> examine_CWT_hatchery_release_data.R -> explore_flow_data.R -> forest_age.R -> get_flow_data_write_csv.R -> get_flow_data_write_csv_all_months.R -> get_weather_data.R -> make_fig_inclined_plane_trap.R -> make_weather_flow_figures.R -> process_data_make_brood_table.R -> compile_all_data_for_model.R -> make_fig_changing_stressors.R -> nicola_chinook_recruitment_analysis.R -> nicola_chinook_recruitment_analysis_all_months.R -> run_models_do_model_averaging.R -> predict_impact_nov2021_flood.r -> make_figs_results.R -> run_all.R
[repro/docker]   -> running 'get_inclined-plane-trap-data_1985.R' (timeout 3000s) ...
[repro/docker]   <- 'get_inclined-plane-trap-data_1985.R' done in 0.7s
[repro/docker]   -> running 'calculate_clearcut_area_by_catchment.R' (timeout 3000s) ...
[repro/docker]   <- 'calculate_clearcut_area_by_catchment.R' done in 6.1s
[repro/docker]   -> running 'examine_CWT_hatchery_release_data.R' (timeout 3000s) ...
[repro/docker]   <- 'examine_CWT_hatchery_release_data.R' done in 3.5s
[repro/docker]   -> running 'explore_flow_data.R' (timeout 3000s) ...
[repro/docker]   <- 'explore_flow_data.R' done in 4s
[repro/docker]   -> running 'forest_age.R' (timeout 3000s) ...
[repro/docker]   <- 'forest_age.R' done in 8.9s
[repro/docker]   -> running 'get_flow_data_write_csv.R' (timeout 3000s) ...
[repro/docker]   <- 'get_flow_data_write_csv.R' done in 3.6s
[repro/docker]   -> running 'get_flow_data_write_csv_all_months.R' (timeout 3000s) ...
[repro/docker]   <- 'get_flow_data_write_csv_all_months.R' done in 3.5s
[repro/docker]   -> running 'get_weather_data.R' (timeout 3000s) ...
[repro/docker]   <- 'get_weather_data.R' done in 0.5s
[repro/docker]   -> running 'make_fig_inclined_plane_trap.R' (timeout 3000s) ...
[repro/docker]   <- 'make_fig_inclined_plane_trap.R' done in 1.5s
[repro/docker]   -> running 'make_weather_flow_figures.R' (timeout 3000s) ...
[repro/docker]   <- 'make_weather_flow_figures.R' done in 10.6s
[repro/docker]   -> running 'process_data_make_brood_table.R' (timeout 3000s) ...
[repro/docker]   <- 'process_data_make_brood_table.R' done in 5.5s
[repro/docker]   -> running 'compile_all_data_for_model.R' (timeout 3000s) ...
[repro/docker]   <- 'compile_all_data_for_model.R' done in 6.5s
[repro/docker]   -> running 'make_fig_changing_stressors.R' (timeout 3000s) ...
[repro/docker]   <- 'make_fig_changing_stressors.R' done in 7.4s
[repro/docker]   -> running 'nicola_chinook_recruitment_analysis.R' (timeout 3000s) ...
[repro/docker]   <- 'nicola_chinook_recruitment_analysis.R' done in 4.2s
[repro/docker]   -> running 'nicola_chinook_recruitment_analysis_all_months.R' (timeout 3000s) ...
[repro/docker]   <- 'nicola_chinook_recruitment_analysis_all_months.R' done in 4s
[repro/docker]   -> running 'predict_impact_nov2021_flood.r' (timeout 3000s) ...
[repro/docker]   <- 'predict_impact_nov2021_flood.r' done in 2.1s
[repro/docker]   -> running 'make_figs_results.R' (timeout 3000s) ...
[repro/docker]   <- 'make_figs_results.R' done in 4.7s
[repro] execution finished (pass 1). outcomes: get_inclined-plane-trap-data_1985.R=errored; calculate_clearcut_area_by_catchment.R=errored; examine_CWT_hatchery_release_data.R=errored; explore_flow_data.R=errored; forest_age.R=ran_ok; get_flow_data_write_csv.R=errored; get_flow_data_write_csv_all_months.R=errored; get_weather_data.R=errored; make_fig_inclined_plane_trap.R=errored; make_weather_flow_figures.R=errored; process_data_make_brood_table.R=errored; compile_all_data_for_model.R=errored; make_fig_changing_stressors.R=errored; nicola_chinook_recruitment_analysis.R=errored; nicola_chinook_recruitment_analysis_all_months.R=errored; run_models_do_model_averaging.R=skipped_missing_inputs; predict_impact_nov2021_flood.r=errored; make_figs_results.R=errored; run_all.R=skipped_missing_inputs
[repro] extracted statistical output from 3 script(s)' console output.
[2026-09-20 11:40:08] Batch 19/1861 done (1/1 papers succeeded).
[2026-09-20 11:40:08] Batch 20/1861 (papers 20-20): running reproducibility_check on 1 paper(s), one at a time...
[2026-09-20 11:40:08]   Paper 1/1 in batch (10_1002_2688_8319_12126)...
Downloaded files are cached in C:/Users/dlakens/OneDrive - TU Eindhoven/git_repos/cooper-bes-validation-manuscript/manuscript/.metacheck_repo_cache and reused on re-runs (never cleared automatically). Free the space with repo_cache_clear().
[2026-09-20 11:40:14] Batch 20/1861 done (1/1 papers succeeded).
[2026-09-20 11:40:14] Batch 21/1861 (papers 21-21): running reproducibility_check on 1 paper(s), one at a time...
[2026-09-20 11:40:14]   Paper 1/1 in batch (10_1002_2688_8319_12128)...
[repro] execute = TRUE (sandbox = docker). install_missing = TRUE, timeout = 3000s, keep_sandbox = FALSE
[repro] sandbox root: C:\Users\dlakens\AppData\Local\Temp\RtmpaqOq5E\repro_sandbox_75057904641
[repro] docker image: ghcr.io/scienceverse/metacheck_r:latest
[repro] materialising Psych-DS layout from plan (4 plan rows) ...
[repro]   materialised 4/6 files.
[repro] writing 1 rewritten script(s) into the layout ...
[repro]   wrote 1 script(s).
[repro] installing 6 dependenc(y/ies): ggplot2, gridExtra, lme4, lmerTest, plyr, readxl
[repro]   install done: 0 ok, 6 failed.
[repro] skipping (missing inputs): Code-dog-fertilization.R
[repro] running 1 script(s) in order: Code-dog-fertilization.R
[repro] execution finished (pass 1). outcomes: Code-dog-fertilization.R=skipped_missing_inputs
[2026-09-20 11:40:19] Batch 21/1861 done (1/1 papers succeeded).
[2026-09-20 11:40:19] Batch 22/1861 (papers 22-22): running reproducibility_check on 1 paper(s), one at a time...
[2026-09-20 11:40:19]   Paper 1/1 in batch (10_1002_2688_8319_12138)...
[2026-09-20 11:40:25] Batch 22/1861 done (1/1 papers succeeded).
[2026-09-20 11:40:25] Batch 23/1861 (papers 23-23): running reproducibility_check on 1 paper(s), one at a time...
[2026-09-20 11:40:25]   Paper 1/1 in batch (10_1002_2688_8319_12139)...
[2026-09-20 11:40:53] Batch 23/1861 done (1/1 papers succeeded).
[2026-09-20 11:40:53] Batch 24/1861 (papers 24-24): running reproducibility_check on 1 paper(s), one at a time...
[2026-09-20 11:40:53]   Paper 1/1 in batch (10_1002_2688_8319_12149)...
[2026-09-20 11:40:59] Batch 24/1861 done (1/1 papers succeeded).
[2026-09-20 11:40:59] Batch 25/1861 (papers 25-25): running reproducibility_check on 1 paper(s), one at a time...
[2026-09-20 11:40:59]   Paper 1/1 in batch (10_1002_2688_8319_12156)...
[2026-09-20 11:41:00] Batch 25/1861 done (1/1 papers succeeded).
[2026-09-20 11:41:00] Batch 26/1861 (papers 26-26): running reproducibility_check on 1 paper(s), one at a time...
[2026-09-20 11:41:00]   Paper 1/1 in batch (10_1002_2688_8319_12159)...
[2026-09-20 11:41:01] Batch 26/1861 done (1/1 papers succeeded).
[2026-09-20 11:41:01] Batch 27/1861 (papers 27-27): running reproducibility_check on 1 paper(s), one at a time...
[2026-09-20 11:41:01]   Paper 1/1 in batch (10_1002_2688_8319_12160)...
[2026-09-20 11:41:02] Batch 27/1861 done (1/1 papers succeeded).
[2026-09-20 11:41:02] Batch 28/1861 (papers 28-28): running reproducibility_check on 1 paper(s), one at a time...
[2026-09-20 11:41:02]   Paper 1/1 in batch (10_1002_2688_8319_12165)...
[2026-09-20 11:41:05] Batch 28/1861 done (1/1 papers succeeded).
[2026-09-20 11:41:05] Batch 29/1861 (papers 29-29): running reproducibility_check on 1 paper(s), one at a time...
[2026-09-20 11:41:05]   Paper 1/1 in batch (10_1002_2688_8319_12171)...
[repro] execute = TRUE (sandbox = docker). install_missing = TRUE, timeout = 3000s, keep_sandbox = FALSE
[repro] sandbox root: C:\Users\dlakens\AppData\Local\Temp\RtmpaqOq5E\repro_sandbox_750c285901
[repro] docker image: ghcr.io/scienceverse/metacheck_r:latest
[repro] materialising Psych-DS layout from plan (4 plan rows) ...
[repro]   materialised 2/4 files.
[repro] writing 2 rewritten script(s) into the layout ...
[repro]   wrote 2 script(s).
[repro] installing 10 dependenc(y/ies): arm, car, ggplot2, lme4, LMERConvenienceFunctions, MuMIn, optimx, rsq, sjPlot, tidyr
[repro]   install done: 10 ok, 0 failed.
[repro] running 2 script(s) in order: model_selection_2022.06.27.r -> roseate_tern_nestbox_analyses_final_models_2022.06.27.r
[repro/docker]   -> running 'model_selection_2022.06.27.r' (timeout 3000s) ...
[repro/docker]   <- 'model_selection_2022.06.27.r' done in 0.9s
[repro/docker]   -> running 'roseate_tern_nestbox_analyses_final_models_2022.06.27.r' (timeout 3000s) ...
[repro/docker]   <- 'roseate_tern_nestbox_analyses_final_models_2022.06.27.r' done in 0.7s
[repro] execution finished (pass 1). outcomes: model_selection_2022.06.27.r=errored; roseate_tern_nestbox_analyses_final_models_2022.06.27.r=errored
[2026-09-20 11:41:54] Batch 29/1861 done (1/1 papers succeeded).
[2026-09-20 11:41:54] Batch 30/1861 (papers 30-30): running reproducibility_check on 1 paper(s), one at a time...
[2026-09-20 11:41:54]   Paper 1/1 in batch (10_1002_2688_8319_12185)...
[repro] execute = TRUE (sandbox = docker). install_missing = TRUE, timeout = 3000s, keep_sandbox = FALSE
[repro] sandbox root: C:\Users\dlakens\AppData\Local\Temp\RtmpaqOq5E\repro_sandbox_7506df05035
[repro] docker image: ghcr.io/scienceverse/metacheck_r:latest
[repro] materialising Psych-DS layout from plan (1 plan rows) ...
[repro]   materialised 0/1 files.
[repro] writing 1 rewritten script(s) into the layout ...
[repro]   wrote 1 script(s).
[repro] installing 22 dependenc(y/ies): cartography, countreg, DTK, elevatr, ggnewscale, ggridges, glmulti, lme4, metafor, patchwork, performance, plyr, pscl, raster, reshape2, rgdal, rJava, sf, spdep, stars, tidyverse, tmap
[repro]   install done: 13 ok, 9 failed.
[repro] skipping (missing inputs): MandevilleEtAl_SubmittedMS_RScript_20220404.R
[repro] running 1 script(s) in order: MandevilleEtAl_SubmittedMS_RScript_20220404.R
[repro] execution finished (pass 1). outcomes: MandevilleEtAl_SubmittedMS_RScript_20220404.R=skipped_missing_inputs
[2026-09-20 11:44:22] Batch 30/1861 done (1/1 papers succeeded).
[2026-09-20 11:44:22] Batch 31/1861 (papers 31-31): running reproducibility_check on 1 paper(s), one at a time...
[2026-09-20 11:44:22]   Paper 1/1 in batch (10_1002_2688_8319_12191)...
[2026-09-20 11:44:29] Batch 31/1861 done (1/1 papers succeeded).
[2026-09-20 11:44:29] Batch 32/1861 (papers 32-32): running reproducibility_check on 1 paper(s), one at a time...
[2026-09-20 11:44:29]   Paper 1/1 in batch (10_1002_2688_8319_12194)...
[2026-09-20 11:44:30] Batch 32/1861 done (1/1 papers succeeded).
[2026-09-20 11:44:30] Batch 33/1861 (papers 33-33): running reproducibility_check on 1 paper(s), one at a time...
[2026-09-20 11:44:30]   Paper 1/1 in batch (10_1002_2688_8319_12208)...
[2026-09-20 11:44:35] Batch 33/1861 done (1/1 papers succeeded).
[2026-09-20 11:44:35] Batch 34/1861 (papers 34-34): running reproducibility_check on 1 paper(s), one at a time...
[2026-09-20 11:44:35]   Paper 1/1 in batch (10_1002_2688_8319_12229)...
[repro] execute = TRUE (sandbox = docker). install_missing = TRUE, timeout = 3000s, keep_sandbox = FALSE
[repro] sandbox root: C:\Users\dlakens\AppData\Local\Temp\RtmpaqOq5E\repro_sandbox_7502eee641b
[repro] docker image: ghcr.io/scienceverse/metacheck_r:latest
[repro] materialising Psych-DS layout from plan (30 plan rows) ...
[repro]   materialised 24/32 files.
[repro] writing 8 rewritten script(s) into the layout ...
[repro]   wrote 8 script(s).
[repro] installing 13 dependenc(y/ies): activity, bbmle, Distance, geosphere, ggplot2, jpeg, knitr, list.packages, mrds, req.lib, SDMTools, tidyverse, XML
[repro]   install done: 10 ok, 3 failed.
[repro] running 8 script(s) in order: distancedf.r -> mapping.r -> REM_tools.R -> African Civet_Ternyik code.R -> Black-Backed Jackal_Ternyik code.R -> Estimating mesocarnivore abundance in Alldays_McKaughan et al..R -> SpeedCode.r -> traprate_code.r
[repro/docker]   -> running 'distancedf.r' (timeout 3000s) ...
[repro/docker]   <- 'distancedf.r' done in 2.2s
[repro/docker]   -> running 'mapping.r' (timeout 3000s) ...
[repro/docker]   <- 'mapping.r' done in 1.7s
[repro/docker]   -> running 'REM_tools.R' (timeout 3000s) ...
[repro/docker]   <- 'REM_tools.R' done in 0.5s
[repro/docker]   -> running 'African Civet_Ternyik code.R' (timeout 3000s) ...
[repro/docker]   <- 'African Civet_Ternyik code.R' done in 2s
[repro/docker]   -> running 'Black-Backed Jackal_Ternyik code.R' (timeout 3000s) ...
[repro/docker]   <- 'Black-Backed Jackal_Ternyik code.R' done in 1.6s
[repro/docker]   -> running 'Estimating mesocarnivore abundance in Alldays_McKaughan et al..R' (timeout 3000s) ...
[repro/docker]   <- 'Estimating mesocarnivore abundance in Alldays_McKaughan et al..R' done in 13.7s
[repro/docker]   -> running 'SpeedCode.r' (timeout 3000s) ...
[repro/docker]   <- 'SpeedCode.r' done in 1.2s
[repro/docker]   -> running 'traprate_code.r' (timeout 3000s) ...
[repro/docker]   <- 'traprate_code.r' done in 0.5s
[repro] execution finished (pass 1). outcomes: distancedf.r=ran_ok; mapping.r=ran_ok; REM_tools.R=ran_ok; African Civet_Ternyik code.R=errored; Black-Backed Jackal_Ternyik code.R=errored; Estimating mesocarnivore abundance in Alldays_McKaughan et al..R=errored; SpeedCode.r=ran_ok; traprate_code.r=ran_ok
[repro] extracted statistical output from 6 script(s)' console output.
[2026-09-20 11:46:28] Batch 34/1861 done (1/1 papers succeeded).
[2026-09-20 11:46:28] Batch 35/1861 (papers 35-35): running reproducibility_check on 1 paper(s), one at a time...
[2026-09-20 11:46:28]   Paper 1/1 in batch (10_1002_2688_8319_12241)...
[2026-09-20 11:46:29] Batch 35/1861 done (1/1 papers succeeded).
[2026-09-20 11:46:29] Batch 36/1861 (papers 36-36): running reproducibility_check on 1 paper(s), one at a time...
[2026-09-20 11:46:29]   Paper 1/1 in batch (10_1002_2688_8319_12250)...
[2026-09-20 11:46:30] Batch 36/1861 done (1/1 papers succeeded).
[2026-09-20 11:46:30] Batch 37/1861 (papers 37-37): running reproducibility_check on 1 paper(s), one at a time...
[2026-09-20 11:46:30]   Paper 1/1 in batch (10_1002_2688_8319_12251)...
[2026-09-20 11:46:31] Batch 37/1861 done (1/1 papers succeeded).
[2026-09-20 11:46:31] Batch 38/1861 (papers 38-38): running reproducibility_check on 1 paper(s), one at a time...
[2026-09-20 11:46:31]   Paper 1/1 in batch (10_1002_2688_8319_12270)...
[2026-09-20 11:46:32] Batch 38/1861 done (1/1 papers succeeded).
[2026-09-20 11:46:32] Batch 39/1861 (papers 39-39): running reproducibility_check on 1 paper(s), one at a time...
[2026-09-20 11:46:32]   Paper 1/1 in batch (10_1002_2688_8319_12277)...
[2026-09-20 11:46:33] Batch 39/1861 done (1/1 papers succeeded).
[2026-09-20 11:46:33] Batch 40/1861 (papers 40-40): running reproducibility_check on 1 paper(s), one at a time...
[2026-09-20 11:46:33]   Paper 1/1 in batch (10_1002_2688_8319_12280)...
[2026-09-20 11:46:34] Batch 40/1861 done (1/1 papers succeeded).
[2026-09-20 11:46:34] Batch 41/1861 (papers 41-41): running reproducibility_check on 1 paper(s), one at a time...
[2026-09-20 11:46:34]   Paper 1/1 in batch (10_1002_2688_8319_12288)...
[2026-09-20 11:46:35] Batch 41/1861 done (1/1 papers succeeded).
[2026-09-20 11:46:35] Batch 42/1861 (papers 42-42): running reproducibility_check on 1 paper(s), one at a time...
[2026-09-20 11:46:35]   Paper 1/1 in batch (10_1002_2688_8319_12302)...
[2026-09-20 11:47:32] Batch 42/1861 done (1/1 papers succeeded).
[2026-09-20 11:47:32] Batch 43/1861 (papers 43-43): running reproducibility_check on 1 paper(s), one at a time...
[2026-09-20 11:47:32]   Paper 1/1 in batch (10_1002_2688_8319_12305)...
[repro] execute = TRUE (sandbox = docker). install_missing = TRUE, timeout = 3000s, keep_sandbox = FALSE
[repro] sandbox root: C:\Users\dlakens\AppData\Local\Temp\RtmpaqOq5E\repro_sandbox_7507bbb2aef
[repro] docker image: ghcr.io/scienceverse/metacheck_r:latest
[repro] materialising Psych-DS layout from plan (4 plan rows) ...
[repro]   materialised 2/4 files.
[repro] writing 1 rewritten script(s) into the layout ...
[repro]   wrote 1 script(s).
[repro] installing 7 dependenc(y/ies): ggplot2, gratia, gridExtra, mgcViz, multcomp, readxl, vegan
[repro]   install done: 7 ok, 0 failed.
[repro] running 1 script(s) in order: Mueller et al estimating Postmortem Interval Wildboar.R
[repro/docker]   -> running 'Mueller et al estimating Postmortem Interval Wildboar.R' (timeout 3000s) ...
[repro/docker]   <- 'Mueller et al estimating Postmortem Interval Wildboar.R' done in 8.7s
[repro] execution finished (pass 1). outcomes: Mueller et al estimating Postmortem Interval Wildboar.R=errored
[repro] extracted statistical output from 1 script(s)' console output.
[2026-09-20 11:48:22] Batch 43/1861 done (1/1 papers succeeded).
[2026-09-20 11:48:22] Batch 44/1861 (papers 44-44): running reproducibility_check on 1 paper(s), one at a time...
[2026-09-20 11:48:22]   Paper 1/1 in batch (10_1002_2688_8319_12307)...
[2026-09-20 11:48:29] Batch 44/1861 done (1/1 papers succeeded).
[2026-09-20 11:48:29] Batch 45/1861 (papers 45-45): running reproducibility_check on 1 paper(s), one at a time...
[2026-09-20 11:48:29]   Paper 1/1 in batch (10_1002_2688_8319_12310)...
[2026-09-20 11:48:38] Batch 45/1861 done (1/1 papers succeeded).
[2026-09-20 11:48:38] Batch 46/1861 (papers 46-46): running reproducibility_check on 1 paper(s), one at a time...
[2026-09-20 11:48:38]   Paper 1/1 in batch (10_1002_2688_8319_12312)...
[repro] execute = TRUE (sandbox = docker). install_missing = TRUE, timeout = 3000s, keep_sandbox = FALSE
[repro] sandbox root: C:\Users\dlakens\AppData\Local\Temp\RtmpaqOq5E\repro_sandbox_75076a051e1
[repro] docker image: ghcr.io/scienceverse/metacheck_r:latest
[repro] materialising Psych-DS layout from plan (31 plan rows) ...
[repro]   materialised 2/31 files.
[repro] writing 24 rewritten script(s) into the layout ...
[repro]   wrote 24 script(s).
[repro] installing 10 dependenc(y/ies): extras, httr2, jsonlite, knitr, loo, poisblogdown, poispkgs, poisreport, remotes, tibble
[repro]   install done: 7 ok, 3 failed.
[repro] running 24 script(s) in order: functions.R -> header.R -> llgaay-gwii-20.Rmd -> archive-main.R -> check-data.R -> check-databackup.R -> clean-data.R -> compare-rate.R -> install-packages.R -> knit-report.R -> manipulate-rate.R -> models-rate.R -> analyse-rate.R -> plot-deer.R -> predict-rate.R -> priors.R -> read-data.R -> README.Rmd -> remove-main.R -> residuals-rate.R -> sensitivity-rate.R -> session-info.R -> update-packages.R -> zzz-run-all.R
[repro/docker]   -> running 'functions.R' (timeout 3000s) ...
[repro/docker]   <- 'functions.R' done in 0.5s
[repro/docker]   -> running 'header.R' (timeout 3000s) ...
[repro/docker]   <- 'header.R' done in 0.5s
[repro/docker]   -> running 'llgaay-gwii-20.Rmd' (timeout 3000s) ...
[repro/docker]   <- 'llgaay-gwii-20.Rmd' done in 0.7s
[repro/docker]   -> running 'archive-main.R' (timeout 3000s) ...
[repro/docker]   <- 'archive-main.R' done in 0.5s
[repro/docker]   -> running 'check-data.R' (timeout 3000s) ...
[repro/docker]   <- 'check-data.R' done in 0.6s
[repro/docker]   -> running 'check-databackup.R' (timeout 3000s) ...
[repro/docker]   <- 'check-databackup.R' done in 0.5s
[repro/docker]   -> running 'clean-data.R' (timeout 3000s) ...
[repro/docker]   <- 'clean-data.R' done in 0.5s
[repro/docker]   -> running 'compare-rate.R' (timeout 3000s) ...
[repro/docker]   <- 'compare-rate.R' done in 0.5s
[repro/docker]   -> running 'install-packages.R' (timeout 3000s) ...
[repro/docker]   <- 'install-packages.R' done in 0.5s
[repro/docker]   -> running 'knit-report.R' (timeout 3000s) ...
[repro/docker]   <- 'knit-report.R' done in 0.5s
[repro/docker]   -> running 'manipulate-rate.R' (timeout 3000s) ...
[repro/docker]   <- 'manipulate-rate.R' done in 0.5s
[repro/docker]   -> running 'models-rate.R' (timeout 3000s) ...
[repro/docker]   <- 'models-rate.R' done in 0.5s
[repro/docker]   -> running 'analyse-rate.R' (timeout 3000s) ...
[repro/docker]   <- 'analyse-rate.R' done in 0.5s
[repro/docker]   -> running 'plot-deer.R' (timeout 3000s) ...
[repro/docker]   <- 'plot-deer.R' done in 0.5s
[repro/docker]   -> running 'predict-rate.R' (timeout 3000s) ...
[repro/docker]   <- 'predict-rate.R' done in 0.5s
[repro/docker]   -> running 'priors.R' (timeout 3000s) ...
[repro/docker]   <- 'priors.R' done in 0.5s
[repro/docker]   -> running 'read-data.R' (timeout 3000s) ...
[repro/docker]   <- 'read-data.R' done in 0.5s
[repro/docker]   -> running 'README.Rmd' (timeout 3000s) ...
[repro/docker]   <- 'README.Rmd' done in 0.7s
[repro/docker]   -> running 'remove-main.R' (timeout 3000s) ...
[repro/docker]   <- 'remove-main.R' done in 0.5s
[repro/docker]   -> running 'residuals-rate.R' (timeout 3000s) ...
[repro/docker]   <- 'residuals-rate.R' done in 0.5s
[repro/docker]   -> running 'sensitivity-rate.R' (timeout 3000s) ...
[repro/docker]   <- 'sensitivity-rate.R' done in 0.5s
[repro/docker]   -> running 'session-info.R' (timeout 3000s) ...
[repro/docker]   <- 'session-info.R' done in 0.5s
[repro/docker]   -> running 'update-packages.R' (timeout 3000s) ...
[repro/docker]   <- 'update-packages.R' done in 0.8s
[repro/docker]   -> running 'zzz-run-all.R' (timeout 3000s) ...
[repro/docker]   <- 'zzz-run-all.R' done in 0.6s
[repro] execution finished (pass 1). outcomes: functions.R=ran_ok; header.R=errored; llgaay-gwii-20.Rmd=errored; archive-main.R=errored; check-data.R=errored; check-databackup.R=errored; clean-data.R=errored; compare-rate.R=errored; install-packages.R=errored; knit-report.R=errored; manipulate-rate.R=errored; models-rate.R=errored; analyse-rate.R=errored; plot-deer.R=errored; predict-rate.R=errored; priors.R=errored; read-data.R=errored; README.Rmd=ran_ok; remove-main.R=errored; residuals-rate.R=errored; sensitivity-rate.R=errored; session-info.R=errored; update-packages.R=ran_ok; zzz-run-all.R=errored
[2026-09-20 11:49:32] Batch 46/1861 done (1/1 papers succeeded).
[2026-09-20 11:49:32] Batch 47/1861 (papers 47-47): running reproducibility_check on 1 paper(s), one at a time...
[2026-09-20 11:49:32]   Paper 1/1 in batch (10_1002_2688_8319_12315)...
[2026-09-20 11:49:33] Batch 47/1861 done (1/1 papers succeeded).
[2026-09-20 11:49:33] Batch 48/1861 (papers 48-48): running reproducibility_check on 1 paper(s), one at a time...
[2026-09-20 11:49:33]   Paper 1/1 in batch (10_1002_2688_8319_12316)...
[repro] execute = TRUE (sandbox = docker). install_missing = TRUE, timeout = 3000s, keep_sandbox = FALSE
[repro] sandbox root: C:\Users\dlakens\AppData\Local\Temp\RtmpaqOq5E\repro_sandbox_750787dd94
[repro] docker image: ghcr.io/scienceverse/metacheck_r:latest
[repro] materialising Psych-DS layout from plan (8 plan rows) ...
[repro]   materialised 6/8 files.
[repro] writing 1 rewritten script(s) into the layout ...
[repro]   wrote 1 script(s).
[repro] installing 14 dependenc(y/ies): bbmle, broom.mixed, car, colorBlindness, DHARMa, dplyr, emmeans, glmmTMB, lubridate, MuMIn, performance, scales, sjPlot, tidyverse
[repro]   install done: 0 ok, 14 failed.
[repro] running 1 script(s) in order: Jackson et al_Shorebird habitat selection and foraging behaviour in the Coorong.R
[repro] execution finished (pass 1). outcomes: Jackson et al_Shorebird habitat selection and foraging behaviour in the Coorong.R=not_parsed
[2026-09-20 11:49:42] Batch 48/1861 done (1/1 papers succeeded).
[2026-09-20 11:49:42] Batch 49/1861 (papers 49-49): running reproducibility_check on 1 paper(s), one at a time...
[2026-09-20 11:49:42]   Paper 1/1 in batch (10_1002_2688_8319_12320)...
[2026-09-20 11:49:49] Batch 49/1861 done (1/1 papers succeeded).
[2026-09-20 11:49:49] Batch 50/1861 (papers 50-50): running reproducibility_check on 1 paper(s), one at a time...
[2026-09-20 11:49:49]   Paper 1/1 in batch (10_1002_2688_8319_12342)...
[2026-09-20 11:49:51] Batch 50/1861 done (1/1 papers succeeded).
[2026-09-20 11:49:51] Batch 51/1861 (papers 51-51): running reproducibility_check on 1 paper(s), one at a time...
[2026-09-20 11:49:51]   Paper 1/1 in batch (10_1002_2688_8319_12343)...
[2026-09-20 11:49:57] Batch 51/1861 done (1/1 papers succeeded).
[2026-09-20 11:49:57] Batch 52/1861 (papers 52-52): running reproducibility_check on 1 paper(s), one at a time...
[2026-09-20 11:49:57]   Paper 1/1 in batch (10_1002_2688_8319_12348)...
[2026-09-20 11:49:58] Batch 52/1861 done (1/1 papers succeeded).
[2026-09-20 11:49:58] Batch 53/1861 (papers 53-53): running reproducibility_check on 1 paper(s), one at a time...
[2026-09-20 11:49:58]   Paper 1/1 in batch (10_1002_2688_8319_12356)...
[repro] execute = TRUE (sandbox = docker). install_missing = TRUE, timeout = 3000s, keep_sandbox = FALSE
[repro] sandbox root: C:\Users\dlakens\AppData\Local\Temp\RtmpaqOq5E\repro_sandbox_7509765c18
[repro] docker image: ghcr.io/scienceverse/metacheck_r:latest
[repro] materialising Psych-DS layout from plan (2 plan rows) ...
[repro]   materialised 1/2 files.
[repro] writing 1 rewritten script(s) into the layout ...
[repro]   wrote 1 script(s).
[repro] installing 14 dependenc(y/ies): dplyr, ggforce, ggnewscale, ggplot2, ggpubr, maptools, raster, RColorBrewer, rgdal, rgeos, scales, sf, spatialEco, tidyverse
[repro]   install done: 0 ok, 14 failed.
[repro] skipping (missing inputs): 00_Ferraro_Hirst_2024.R
[repro] running 1 script(s) in order: 00_Ferraro_Hirst_2024.R
[repro] execution finished (pass 1). outcomes: 00_Ferraro_Hirst_2024.R=skipped_missing_inputs
[2026-09-20 11:50:01] Batch 53/1861 done (1/1 papers succeeded).
[2026-09-20 11:50:01] Batch 54/1861 (papers 54-54): running reproducibility_check on 1 paper(s), one at a time...
[2026-09-20 11:50:01]   Paper 1/1 in batch (10_1002_2688_8319_12372)...
[2026-09-20 11:50:02] Batch 54/1861 done (1/1 papers succeeded).
[2026-09-20 11:50:02] Batch 55/1861 (papers 55-55): running reproducibility_check on 1 paper(s), one at a time...
[2026-09-20 11:50:02]   Paper 1/1 in batch (10_1002_2688_8319_12386)...
[2026-09-20 11:50:12] Batch 55/1861 done (1/1 papers succeeded).
[2026-09-20 11:50:12] Batch 56/1861 (papers 56-56): running reproducibility_check on 1 paper(s), one at a time...
[2026-09-20 11:50:12]   Paper 1/1 in batch (10_1002_2688_8319_12389)...
[2026-09-20 11:50:13] Batch 56/1861 done (1/1 papers succeeded).
[2026-09-20 11:50:13] Batch 57/1861 (papers 57-57): running reproducibility_check on 1 paper(s), one at a time...
[2026-09-20 11:50:13]   Paper 1/1 in batch (10_1002_2688_8319_12393)...
Skipping zip for https://doi.org/10.5061/dryad.nvx0k6f1t (only 1 file wanted -- Dryad's zip quota (100/day) is 5x stricter than its per-file quota (500/day), not worth spending on a small dataset); downloading its files individually.
[2026-09-20 11:50:21] Batch 57/1861 done (1/1 papers succeeded).
[2026-09-20 11:50:21] Batch 58/1861 (papers 58-58): running reproducibility_check on 1 paper(s), one at a time...
[2026-09-20 11:50:21]   Paper 1/1 in batch (10_1002_2688_8319_12402)...
[repro] execute = TRUE (sandbox = docker). install_missing = TRUE, timeout = 3000s, keep_sandbox = FALSE
[repro] sandbox root: C:\Users\dlakens\AppData\Local\Temp\RtmpaqOq5E\repro_sandbox_7505f944239
[repro] docker image: ghcr.io/scienceverse/metacheck_r:latest
[repro] materialising Psych-DS layout from plan (304 plan rows) ...
[repro]   materialised 36/322 files.
[repro] writing 5 rewritten script(s) into the layout ...
[repro]   wrote 5 script(s).
[repro] installing 15 dependenc(y/ies): AICcmodavg, car, dplyr, ggiraphExtra, ggplot2, ggpubr, ggthemes, performance, raster, RColorBrewer, readxl, rgdal, tidyverse, unmarked, writexl
[repro]   install done: 13 ok, 2 failed.
[repro] running 5 script(s) in order: R-Code_17.10.24.R -> Candidate models.R -> detection.R -> Lollipop-chart.R -> Response plots.R
[repro/docker]   -> running 'R-Code_17.10.24.R' (timeout 3000s) ...
[repro/docker]   <- 'R-Code_17.10.24.R' done in 6.8s
[repro/docker]   -> running 'Candidate models.R' (timeout 3000s) ...
[repro/docker]   <- 'Candidate models.R' done in 0.6s
[repro/docker]   -> running 'detection.R' (timeout 3000s) ...
[repro/docker]   <- 'detection.R' done in 0.7s
[repro/docker]   -> running 'Lollipop-chart.R' (timeout 3000s) ...
[repro/docker]   <- 'Lollipop-chart.R' done in 10.9s
[repro/docker]   -> running 'Response plots.R' (timeout 3000s) ...
[repro/docker]   <- 'Response plots.R' done in 9.6s
[repro] execution finished (pass 1). outcomes: R-Code_17.10.24.R=errored; Candidate models.R=errored; detection.R=errored; Lollipop-chart.R=errored; Response plots.R=errored
[repro] missing-library injection: 'read_xlsx' resolved to package 'readxl' for 'detection.R'
[repro] re-running 5 script(s) in corrected order (with 1 library() injection(s): detection.R: library(readxl)): R-Code_17.10.24.R -> Candidate models.R -> detection.R -> Lollipop-chart.R -> Response plots.R
[repro/docker]   -> running 'R-Code_17.10.24.R' (timeout 3000s) ...
[repro/docker]   <- 'R-Code_17.10.24.R' done in 12.2s
[repro/docker]   -> running 'Candidate models.R' (timeout 3000s) ...
[repro/docker]   <- 'Candidate models.R' done in 0.6s
[repro/docker]   -> running 'detection.R' (timeout 3000s) ...
[repro/docker]   <- 'detection.R' done in 1.9s
[repro/docker]   -> running 'Lollipop-chart.R' (timeout 3000s) ...
[repro/docker]   <- 'Lollipop-chart.R' done in 6.5s
[repro/docker]   -> running 'Response plots.R' (timeout 3000s) ...
[repro/docker]   <- 'Response plots.R' done in 7.2s
[repro] execution finished (pass 2). outcomes: R-Code_17.10.24.R=errored; Candidate models.R=errored; detection.R=errored; Lollipop-chart.R=errored; Response plots.R=errored
[2026-09-20 11:54:15] Batch 58/1861 done (1/1 papers succeeded).
[2026-09-20 11:54:15] Batch 59/1861 (papers 59-59): running reproducibility_check on 1 paper(s), one at a time...
[2026-09-20 11:54:15]   Paper 1/1 in batch (10_1002_2688_8319_12405)...
Waiting 2s for retry backoff ■■■■■■■■■■■■■■■■                
Waiting 2s for retry backoff ■■■■■■■■■■■■■■■■■■■■■■■■■■■■■■■ 
Waiting 4s for retry backoff ■■■■■■■■■■■■■■■■■■■■            
Waiting 4s for retry backoff ■■■■■■■■■■■■■■■■■■■■■■■■■■■■■■  
[2026-09-20 11:54:25] Batch 59/1861 done (1/1 papers succeeded).
[2026-09-20 11:54:25] Batch 60/1861 (papers 60-60): running reproducibility_check on 1 paper(s), one at a time...
[2026-09-20 11:54:25]   Paper 1/1 in batch (10_1002_pan3_10042)...
[repro] execute = TRUE (sandbox = docker). install_missing = TRUE, timeout = 3000s, keep_sandbox = FALSE
[repro] sandbox root: C:\Users\dlakens\AppData\Local\Temp\RtmpaqOq5E\repro_sandbox_7507dbe517d
[repro] docker image: ghcr.io/scienceverse/metacheck_r:latest
[repro] materialising Psych-DS layout from plan (15 plan rows) ...
[repro]   materialised 4/16 files.
[repro] writing 4 rewritten script(s) into the layout ...
[repro]   wrote 4 script(s).
[repro] installing 28 dependenc(y/ies): broom, corrr, devtools, doParallel, dplyr, fasterize, fs, furrr, gamlss, gdalUtils, GGally, ggrepel, grainchanger, gtools, hier.part, httr, jtools, knitr, lubridate, MuMIn, patchwork, pscl, raster, RCurl, rgdal, sf, tidyverse, XML
[repro]   install done: 23 ok, 5 failed.
[repro] skipping (missing inputs): Process_Data.Rmd, flickr.R
[repro] running 4 script(s) in order: flickr.R -> hier.part.nb.R -> Process_Data.Rmd -> main.Rmd
[repro/docker]   -> running 'hier.part.nb.R' (timeout 3000s) ...
[repro/docker]   <- 'hier.part.nb.R' done in 0.7s
[repro/docker]   -> running 'main.Rmd' (timeout 3000s) ...
[repro/docker]   <- 'main.Rmd' done in 5.2s
[repro] execution finished (pass 1). outcomes: flickr.R=skipped_missing_inputs; hier.part.nb.R=ran_ok; Process_Data.Rmd=skipped_missing_inputs; main.Rmd=errored
[repro] extracted statistical output from 1 script(s)' console output.
[2026-09-20 11:56:15] Batch 60/1861 done (1/1 papers succeeded).
[2026-09-20 11:56:15] Batch 61/1861 (papers 61-61): running reproducibility_check on 1 paper(s), one at a time...
[2026-09-20 11:56:15]   Paper 1/1 in batch (10_1002_pan3_10053)...
[2026-09-20 11:56:24] Batch 61/1861 done (1/1 papers succeeded).
[2026-09-20 11:56:24] Batch 62/1861 (papers 62-62): running reproducibility_check on 1 paper(s), one at a time...
[2026-09-20 11:56:24]   Paper 1/1 in batch (10_1002_pan3_10055)...
[2026-09-20 11:56:25] Batch 62/1861 done (1/1 papers succeeded).
[2026-09-20 11:56:25] Batch 63/1861 (papers 63-63): running reproducibility_check on 1 paper(s), one at a time...
[2026-09-20 11:56:25]   Paper 1/1 in batch (10_1002_pan3_10056)...
[2026-09-20 11:56:28] Batch 63/1861 done (1/1 papers succeeded).
[2026-09-20 11:56:28] Batch 64/1861 (papers 64-64): running reproducibility_check on 1 paper(s), one at a time...
[2026-09-20 11:56:28]   Paper 1/1 in batch (10_1002_pan3_10071)...
[repro] execute = TRUE (sandbox = docker). install_missing = TRUE, timeout = 3000s, keep_sandbox = FALSE
[repro] sandbox root: C:\Users\dlakens\AppData\Local\Temp\RtmpaqOq5E\repro_sandbox_750646e346e
[repro] docker image: ghcr.io/scienceverse/metacheck_r:latest
[repro] materialising Psych-DS layout from plan (6 plan rows) ...
[repro]   materialised 2/6 files.
[repro] writing 3 rewritten script(s) into the layout ...
[repro]   wrote 3 script(s).
[repro] installing 22 dependenc(y/ies): circlize, cowplot, fpc, gdalUtils, ggplot2, gplots, gridExtra, lubridate, maps, maptools, ncdf4, ncf, plyr, raster, rasterVis, RColorBrewer, reshape2, rgdal, scales, spatial.tools, SpatialPack, zoo
[repro]   install done: 18 ok, 4 failed.
[repro] skipping (missing inputs): analysis.R, processing.R
[repro] running 3 script(s) in order: harmonizeRastersfunction.R -> processing.R -> analysis.R
[repro/docker]   -> running 'harmonizeRastersfunction.R' (timeout 3000s) ...
[repro/docker]   <- 'harmonizeRastersfunction.R' done in 0.5s
[repro] execution finished (pass 1). outcomes: harmonizeRastersfunction.R=errored; processing.R=skipped_missing_inputs; analysis.R=skipped_missing_inputs
[2026-09-20 11:58:01] Batch 64/1861 done (1/1 papers succeeded).
[2026-09-20 11:58:01] Batch 65/1861 (papers 65-65): running reproducibility_check on 1 paper(s), one at a time...
[2026-09-20 11:58:01]   Paper 1/1 in batch (10_1002_pan3_10073)...
[2026-09-20 11:58:02] Batch 65/1861 done (1/1 papers succeeded).
[2026-09-20 11:58:02] Batch 66/1861 (papers 66-66): running reproducibility_check on 1 paper(s), one at a time...
[2026-09-20 11:58:02]   Paper 1/1 in batch (10_1002_pan3_10075)...
[2026-09-20 11:58:08] Batch 66/1861 done (1/1 papers succeeded).
[2026-09-20 11:58:08] Batch 67/1861 (papers 67-67): running reproducibility_check on 1 paper(s), one at a time...
[2026-09-20 11:58:08]   Paper 1/1 in batch (10_1002_pan3_10076)...
[2026-09-20 11:58:09] Batch 67/1861 done (1/1 papers succeeded).
[2026-09-20 11:58:09] Batch 68/1861 (papers 68-68): running reproducibility_check on 1 paper(s), one at a time...
[2026-09-20 11:58:09]   Paper 1/1 in batch (10_1002_pan3_10084)...
[2026-09-20 11:58:11] Batch 68/1861 done (1/1 papers succeeded).
[2026-09-20 11:58:11] Batch 69/1861 (papers 69-69): running reproducibility_check on 1 paper(s), one at a time...
[2026-09-20 11:58:11]   Paper 1/1 in batch (10_1002_pan3_10094)...
[2026-09-20 11:58:13] Batch 69/1861 done (1/1 papers succeeded).
[2026-09-20 11:58:13] Batch 70/1861 (papers 70-70): running reproducibility_check on 1 paper(s), one at a time...
[2026-09-20 11:58:13]   Paper 1/1 in batch (10_1002_pan3_10117)...
[2026-09-20 11:58:14] Batch 70/1861 done (1/1 papers succeeded).
[2026-09-20 11:58:14] Batch 71/1861 (papers 71-71): running reproducibility_check on 1 paper(s), one at a time...
[2026-09-20 11:58:14]   Paper 1/1 in batch (10_1002_pan3_10121)...
[2026-09-20 11:58:15] Batch 71/1861 done (1/1 papers succeeded).
[2026-09-20 11:58:15] Batch 72/1861 (papers 72-72): running reproducibility_check on 1 paper(s), one at a time...
[2026-09-20 11:58:15]   Paper 1/1 in batch (10_1002_pan3_10130)...
[2026-09-20 11:58:24] Batch 72/1861 done (1/1 papers succeeded).
[2026-09-20 11:58:24] Batch 73/1861 (papers 73-73): running reproducibility_check on 1 paper(s), one at a time...
[2026-09-20 11:58:24]   Paper 1/1 in batch (10_1002_pan3_10133)...
[2026-09-20 11:58:26] Batch 73/1861 done (1/1 papers succeeded).
[2026-09-20 11:58:26] Batch 74/1861 (papers 74-74): running reproducibility_check on 1 paper(s), one at a time...
[2026-09-20 11:58:26]   Paper 1/1 in batch (10_1002_pan3_10148)...
[2026-09-20 11:58:28] Batch 74/1861 done (1/1 papers succeeded).
[2026-09-20 11:58:28] Batch 75/1861 (papers 75-75): running reproducibility_check on 1 paper(s), one at a time...
[2026-09-20 11:58:28]   Paper 1/1 in batch (10_1002_pan3_10149)...
[2026-09-20 11:58:29] Batch 75/1861 done (1/1 papers succeeded).
[2026-09-20 11:58:29] Batch 76/1861 (papers 76-76): running reproducibility_check on 1 paper(s), one at a time...
[2026-09-20 11:58:29]   Paper 1/1 in batch (10_1002_pan3_10154)...
[2026-09-20 11:58:30] Batch 76/1861 done (1/1 papers succeeded).
[2026-09-20 11:58:30] Batch 77/1861 (papers 77-77): running reproducibility_check on 1 paper(s), one at a time...
[2026-09-20 11:58:30]   Paper 1/1 in batch (10_1002_pan3_10158)...
[2026-09-20 11:58:32] Batch 77/1861 done (1/1 papers succeeded).
[2026-09-20 11:58:32] Batch 78/1861 (papers 78-78): running reproducibility_check on 1 paper(s), one at a time...
[2026-09-20 11:58:32]   Paper 1/1 in batch (10_1002_pan3_10170)...
[2026-09-20 11:58:33] Batch 78/1861 done (1/1 papers succeeded).
[2026-09-20 11:58:33] Batch 79/1861 (papers 79-79): running reproducibility_check on 1 paper(s), one at a time...
[2026-09-20 11:58:33]   Paper 1/1 in batch (10_1002_pan3_10183)...
[2026-09-20 11:58:34] Batch 79/1861 done (1/1 papers succeeded).
[2026-09-20 11:58:34] Batch 80/1861 (papers 80-80): running reproducibility_check on 1 paper(s), one at a time...
[2026-09-20 11:58:34]   Paper 1/1 in batch (10_1002_pan3_10185)...
[2026-09-20 11:58:35] Batch 80/1861 done (1/1 papers succeeded).
[2026-09-20 11:58:35] Batch 81/1861 (papers 81-81): running reproducibility_check on 1 paper(s), one at a time...
[2026-09-20 11:58:35]   Paper 1/1 in batch (10_1002_pan3_10187)...
[2026-09-20 11:58:36] Batch 81/1861 done (1/1 papers succeeded).
[2026-09-20 11:58:36] Batch 82/1861 (papers 82-82): running reproducibility_check on 1 paper(s), one at a time...
[2026-09-20 11:58:36]   Paper 1/1 in batch (10_1002_pan3_10190)...
[2026-09-20 11:58:37] Batch 82/1861 done (1/1 papers succeeded).
[2026-09-20 11:58:37] Batch 83/1861 (papers 83-83): running reproducibility_check on 1 paper(s), one at a time...
[2026-09-20 11:58:37]   Paper 1/1 in batch (10_1002_pan3_10196)...
[2026-09-20 11:58:43] Batch 83/1861 done (1/1 papers succeeded).
[2026-09-20 11:58:43] Batch 84/1861 (papers 84-84): running reproducibility_check on 1 paper(s), one at a time...
[2026-09-20 11:58:43]   Paper 1/1 in batch (10_1002_pan3_10200)...
[2026-09-20 11:58:45] Batch 84/1861 done (1/1 papers succeeded).
[2026-09-20 11:58:45] Batch 85/1861 (papers 85-85): running reproducibility_check on 1 paper(s), one at a time...
[2026-09-20 11:58:45]   Paper 1/1 in batch (10_1002_pan3_10216)...
[2026-09-20 11:58:47] Batch 85/1861 done (1/1 papers succeeded).
[2026-09-20 11:58:47] Batch 86/1861 (papers 86-86): running reproducibility_check on 1 paper(s), one at a time...
[2026-09-20 11:58:47]   Paper 1/1 in batch (10_1002_pan3_10218)...
[2026-09-20 11:58:48] Batch 86/1861 done (1/1 papers succeeded).
[2026-09-20 11:58:48] Batch 87/1861 (papers 87-87): running reproducibility_check on 1 paper(s), one at a time...
[2026-09-20 11:58:48]   Paper 1/1 in batch (10_1002_pan3_10220)...
[2026-09-20 11:58:48] Batch 87/1861 done (1/1 papers succeeded).
[2026-09-20 11:58:48] Batch 88/1861 (papers 88-88): running reproducibility_check on 1 paper(s), one at a time...
[2026-09-20 11:58:48]   Paper 1/1 in batch (10_1002_pan3_10223)...
[repro] execute = TRUE (sandbox = docker). install_missing = TRUE, timeout = 3000s, keep_sandbox = FALSE
[repro] sandbox root: C:\Users\dlakens\AppData\Local\Temp\RtmpaqOq5E\repro_sandbox_75063da6dcc
[repro] docker image: ghcr.io/scienceverse/metacheck_r:latest
[repro] materialising Psych-DS layout from plan (307 plan rows) ...
[repro]   materialised 65/307 files.
[repro] writing 71 rewritten script(s) into the layout ...
[repro]   wrote 71 script(s).
[repro] install_missing FALSE or no deps; skipping installs.
[repro] running 71 script(s) in order: AO.Rmd -> beach_closures.Rmd -> calculate_all_function.R -> calculate_scores.Rmd -> cc_acid.Rmd -> cc_slr.Rmd -> cc_sst.Rmd -> coastal_access.Rmd -> combine_layers.R -> config.R -> CP.Rmd -> CS.Rmd -> CW.Rmd -> cw_sqi.Rmd -> cw_trash.Rmd -> cw_wqi.Rmd -> ECO.Rmd -> eco_coast_gdp.Rmd -> element_wts_hab_pres_abs.Rmd -> FIS.Rmd -> fis_meancatch.Rmd -> fis_stockscores.Rmd -> flower_plot.R -> fp_wildcaught_weight.Rmd -> functions.R -> goals.Rmd -> HAB.Rmd -> hab_eelgrass.Rmd -> hab_salt_marsh.Rmd -> hab_seabed.Rmd -> hd_intertidal.Rmd -> ICO.Rmd -> ico_sp_list.Rmd -> layers_all.Rmd -> layers_script.R -> le_coast_wages.Rmd -> le_job_growth.Rmd -> LIV.Rmd -> LSP.Rmd -> lsp_protected_land.Rmd -> lsp_protected_marine.Rmd -> MAR.Rmd -> mar_production.Rmd -> mar_sust_scores.Rmd -> ne_pressure_function.R -> ne_resilience_function.R -> NP.Rmd -> prs_aqua_hab.Rmd -> prs_disease.Rmd -> prs_fishing.Rmd -> prs_hardening.Rmd -> rao_econ_access.Rmd -> rao_fssi.Rmd -> res_alien.Rmd -> res_climate_change.Rmd -> res_eco_integrity.Rmd -> res_fishing.Rmd -> res_hab_destruction.Rmd -> res_social.Rmd -> res_water_pollution.Rmd -> sop_comm_engagement.Rmd -> sop_rec_reliance.Rmd -> sp_alien.Rmd -> sp_genetic.Rmd -> SPP.Rmd -> spp_conservation_status.Rmd -> spp_rgns.Rmd -> TR.Rmd -> tr_job_growth.Rmd -> viz_config.R -> viz_config.r
[repro/docker]   -> running 'AO.Rmd' (timeout 3000s) ...
[repro/docker]   <- 'AO.Rmd' done in 0.5s
[repro/docker]   -> running 'beach_closures.Rmd' (timeout 3000s) ...
[repro/docker]   <- 'beach_closures.Rmd' done in 0.5s
[repro/docker]   -> running 'calculate_all_function.R' (timeout 3000s) ...
[repro/docker]   <- 'calculate_all_function.R' done in 0.5s
[repro/docker]   -> running 'calculate_scores.Rmd' (timeout 3000s) ...
[repro/docker]   <- 'calculate_scores.Rmd' done in 0.5s
[repro/docker]   -> running 'cc_acid.Rmd' (timeout 3000s) ...
[repro/docker]   <- 'cc_acid.Rmd' done in 0.5s
[repro/docker]   -> running 'cc_slr.Rmd' (timeout 3000s) ...
[repro/docker]   <- 'cc_slr.Rmd' done in 0.5s
[repro/docker]   -> running 'cc_sst.Rmd' (timeout 3000s) ...
[repro/docker]   <- 'cc_sst.Rmd' done in 0.5s
[repro/docker]   -> running 'coastal_access.Rmd' (timeout 3000s) ...
[repro/docker]   <- 'coastal_access.Rmd' done in 0.5s
[repro/docker]   -> running 'combine_layers.R' (timeout 3000s) ...
[repro/docker]   <- 'combine_layers.R' done in 0.5s
[repro/docker]   -> running 'config.R' (timeout 3000s) ...
[repro/docker]   <- 'config.R' done in 0.5s
[repro/docker]   -> running 'CP.Rmd' (timeout 3000s) ...
[repro/docker]   <- 'CP.Rmd' done in 0.4s
[repro/docker]   -> running 'CS.Rmd' (timeout 3000s) ...
[repro/docker]   <- 'CS.Rmd' done in 0.5s
[repro/docker]   -> running 'CW.Rmd' (timeout 3000s) ...
[repro/docker]   <- 'CW.Rmd' done in 0.5s
[repro/docker]   -> running 'cw_sqi.Rmd' (timeout 3000s) ...
[repro/docker]   <- 'cw_sqi.Rmd' done in 0.5s
[repro/docker]   -> running 'cw_trash.Rmd' (timeout 3000s) ...
[repro/docker]   <- 'cw_trash.Rmd' done in 0.5s
[repro/docker]   -> running 'cw_wqi.Rmd' (timeout 3000s) ...
[repro/docker]   <- 'cw_wqi.Rmd' done in 0.5s
[repro/docker]   -> running 'ECO.Rmd' (timeout 3000s) ...
[repro/docker]   <- 'ECO.Rmd' done in 0.5s
[repro/docker]   -> running 'eco_coast_gdp.Rmd' (timeout 3000s) ...
[repro/docker]   <- 'eco_coast_gdp.Rmd' done in 0.5s
[repro/docker]   -> running 'element_wts_hab_pres_abs.Rmd' (timeout 3000s) ...
[repro/docker]   <- 'element_wts_hab_pres_abs.Rmd' done in 0.5s
[repro/docker]   -> running 'FIS.Rmd' (timeout 3000s) ...
[repro/docker]   <- 'FIS.Rmd' done in 0.5s
[repro/docker]   -> running 'fis_meancatch.Rmd' (timeout 3000s) ...
[repro/docker]   <- 'fis_meancatch.Rmd' done in 0.5s
[repro/docker]   -> running 'fis_stockscores.Rmd' (timeout 3000s) ...
[repro/docker]   <- 'fis_stockscores.Rmd' done in 0.5s
[repro/docker]   -> running 'flower_plot.R' (timeout 3000s) ...
[repro/docker]   <- 'flower_plot.R' done in 0.5s
[repro/docker]   -> running 'fp_wildcaught_weight.Rmd' (timeout 3000s) ...
[repro/docker]   <- 'fp_wildcaught_weight.Rmd' done in 0.5s
[repro/docker]   -> running 'functions.R' (timeout 3000s) ...
[repro/docker]   <- 'functions.R' done in 0.5s
[repro/docker]   -> running 'goals.Rmd' (timeout 3000s) ...
[repro/docker]   <- 'goals.Rmd' done in 0.5s
[repro/docker]   -> running 'HAB.Rmd' (timeout 3000s) ...
[repro/docker]   <- 'HAB.Rmd' done in 0.5s
[repro/docker]   -> running 'hab_eelgrass.Rmd' (timeout 3000s) ...
[repro/docker]   <- 'hab_eelgrass.Rmd' done in 0.5s
[repro/docker]   -> running 'hab_salt_marsh.Rmd' (timeout 3000s) ...
[repro/docker]   <- 'hab_salt_marsh.Rmd' done in 0.5s
[repro/docker]   -> running 'hab_seabed.Rmd' (timeout 3000s) ...
[repro/docker]   <- 'hab_seabed.Rmd' done in 0.5s
[repro/docker]   -> running 'hd_intertidal.Rmd' (timeout 3000s) ...
[repro/docker]   <- 'hd_intertidal.Rmd' done in 0.5s
[repro/docker]   -> running 'ICO.Rmd' (timeout 3000s) ...
[repro/docker]   <- 'ICO.Rmd' done in 0.5s
[repro/docker]   -> running 'ico_sp_list.Rmd' (timeout 3000s) ...
[repro/docker]   <- 'ico_sp_list.Rmd' done in 0.5s
[repro/docker]   -> running 'layers_all.Rmd' (timeout 3000s) ...
[repro/docker]   <- 'layers_all.Rmd' done in 0.5s
[repro/docker]   -> running 'layers_script.R' (timeout 3000s) ...
[repro/docker]   <- 'layers_script.R' done in 0.5s
[repro/docker]   -> running 'le_coast_wages.Rmd' (timeout 3000s) ...
[repro/docker]   <- 'le_coast_wages.Rmd' done in 0.5s
[repro/docker]   -> running 'le_job_growth.Rmd' (timeout 3000s) ...
[repro/docker]   <- 'le_job_growth.Rmd' done in 0.5s
[repro/docker]   -> running 'LIV.Rmd' (timeout 3000s) ...
[repro/docker]   <- 'LIV.Rmd' done in 0.5s
[repro/docker]   -> running 'LSP.Rmd' (timeout 3000s) ...
[repro/docker]   <- 'LSP.Rmd' done in 0.5s
[repro/docker]   -> running 'lsp_protected_land.Rmd' (timeout 3000s) ...
[repro/docker]   <- 'lsp_protected_land.Rmd' done in 0.5s
[repro/docker]   -> running 'lsp_protected_marine.Rmd' (timeout 3000s) ...
[repro/docker]   <- 'lsp_protected_marine.Rmd' done in 0.5s
[repro/docker]   -> running 'MAR.Rmd' (timeout 3000s) ...
[repro/docker]   <- 'MAR.Rmd' done in 0.5s
[repro/docker]   -> running 'mar_production.Rmd' (timeout 3000s) ...
[repro/docker]   <- 'mar_production.Rmd' done in 0.5s
[repro/docker]   -> running 'mar_sust_scores.Rmd' (timeout 3000s) ...
[repro/docker]   <- 'mar_sust_scores.Rmd' done in 0.5s
[repro/docker]   -> running 'ne_pressure_function.R' (timeout 3000s) ...
[repro/docker]   <- 'ne_pressure_function.R' done in 0.5s
[repro/docker]   -> running 'ne_resilience_function.R' (timeout 3000s) ...
[repro/docker]   <- 'ne_resilience_function.R' done in 0.5s
[repro/docker]   -> running 'NP.Rmd' (timeout 3000s) ...
[repro/docker]   <- 'NP.Rmd' done in 0.5s
[repro/docker]   -> running 'prs_aqua_hab.Rmd' (timeout 3000s) ...
[repro/docker]   <- 'prs_aqua_hab.Rmd' done in 0.5s
[repro/docker]   -> running 'prs_disease.Rmd' (timeout 3000s) ...
[repro/docker]   <- 'prs_disease.Rmd' done in 0.5s
[repro/docker]   -> running 'prs_fishing.Rmd' (timeout 3000s) ...
[repro/docker]   <- 'prs_fishing.Rmd' done in 0.5s
[repro/docker]   -> running 'prs_hardening.Rmd' (timeout 3000s) ...
[repro/docker]   <- 'prs_hardening.Rmd' done in 0.5s
[repro/docker]   -> running 'rao_econ_access.Rmd' (timeout 3000s) ...
[repro/docker]   <- 'rao_econ_access.Rmd' done in 0.5s
[repro/docker]   -> running 'rao_fssi.Rmd' (timeout 3000s) ...
[repro/docker]   <- 'rao_fssi.Rmd' done in 0.5s
[repro/docker]   -> running 'res_alien.Rmd' (timeout 3000s) ...
[repro/docker]   <- 'res_alien.Rmd' done in 0.5s
[repro/docker]   -> running 'res_climate_change.Rmd' (timeout 3000s) ...
[repro/docker]   <- 'res_climate_change.Rmd' done in 0.5s
[repro/docker]   -> running 'res_eco_integrity.Rmd' (timeout 3000s) ...
[repro/docker]   <- 'res_eco_integrity.Rmd' done in 0.5s
[repro/docker]   -> running 'res_fishing.Rmd' (timeout 3000s) ...
[repro/docker]   <- 'res_fishing.Rmd' done in 0.5s
[repro/docker]   -> running 'res_hab_destruction.Rmd' (timeout 3000s) ...
[repro/docker]   <- 'res_hab_destruction.Rmd' done in 0.5s
[repro/docker]   -> running 'res_social.Rmd' (timeout 3000s) ...
[repro/docker]   <- 'res_social.Rmd' done in 0.5s
[repro/docker]   -> running 'res_water_pollution.Rmd' (timeout 3000s) ...
[repro/docker]   <- 'res_water_pollution.Rmd' done in 0.5s
[repro/docker]   -> running 'sop_comm_engagement.Rmd' (timeout 3000s) ...
[repro/docker]   <- 'sop_comm_engagement.Rmd' done in 0.5s
[repro/docker]   -> running 'sop_rec_reliance.Rmd' (timeout 3000s) ...
[repro/docker]   <- 'sop_rec_reliance.Rmd' done in 0.5s
[repro/docker]   -> running 'sp_alien.Rmd' (timeout 3000s) ...
[repro/docker]   <- 'sp_alien.Rmd' done in 0.5s
[repro/docker]   -> running 'sp_genetic.Rmd' (timeout 3000s) ...
[repro/docker]   <- 'sp_genetic.Rmd' done in 0.5s
[repro/docker]   -> running 'SPP.Rmd' (timeout 3000s) ...
[repro/docker]   <- 'SPP.Rmd' done in 0.5s
[repro/docker]   -> running 'spp_conservation_status.Rmd' (timeout 3000s) ...
[repro/docker]   <- 'spp_conservation_status.Rmd' done in 0.5s
[repro/docker]   -> running 'spp_rgns.Rmd' (timeout 3000s) ...
[repro/docker]   <- 'spp_rgns.Rmd' done in 0.5s
[repro/docker]   -> running 'TR.Rmd' (timeout 3000s) ...
[repro/docker]   <- 'TR.Rmd' done in 0.5s
[repro/docker]   -> running 'tr_job_growth.Rmd' (timeout 3000s) ...
[repro/docker]   <- 'tr_job_growth.Rmd' done in 0.5s
[repro/docker]   -> running 'viz_config.R' (timeout 3000s) ...
[repro/docker]   <- 'viz_config.R' done in 0.5s
[repro/docker]   -> running 'viz_config.r' (timeout 3000s) ...
[repro/docker]   <- 'viz_config.r' done in 0.5s
[repro] execution finished (pass 1). outcomes: AO.Rmd=ran_ok; beach_closures.Rmd=ran_ok; calculate_all_function.R=ran_ok; calculate_scores.Rmd=ran_ok; cc_acid.Rmd=ran_ok; cc_slr.Rmd=ran_ok; cc_sst.Rmd=ran_ok; coastal_access.Rmd=ran_ok; combine_layers.R=ran_ok; config.R=ran_ok; CP.Rmd=ran_ok; CS.Rmd=ran_ok; CW.Rmd=ran_ok; cw_sqi.Rmd=ran_ok; cw_trash.Rmd=ran_ok; cw_wqi.Rmd=ran_ok; ECO.Rmd=ran_ok; eco_coast_gdp.Rmd=ran_ok; element_wts_hab_pres_abs.Rmd=ran_ok; FIS.Rmd=ran_ok; fis_meancatch.Rmd=ran_ok; fis_stockscores.Rmd=ran_ok; flower_plot.R=ran_ok; fp_wildcaught_weight.Rmd=ran_ok; functions.R=ran_ok; goals.Rmd=ran_ok; HAB.Rmd=ran_ok; hab_eelgrass.Rmd=ran_ok; hab_salt_marsh.Rmd=ran_ok; hab_seabed.Rmd=ran_ok; hd_intertidal.Rmd=ran_ok; ICO.Rmd=ran_ok; ico_sp_list.Rmd=ran_ok; layers_all.Rmd=ran_ok; layers_script.R=ran_ok; le_coast_wages.Rmd=ran_ok; le_job_growth.Rmd=ran_ok; LIV.Rmd=ran_ok; LSP.Rmd=ran_ok; lsp_protected_land.Rmd=ran_ok; lsp_protected_marine.Rmd=ran_ok; MAR.Rmd=ran_ok; mar_production.Rmd=ran_ok; mar_sust_scores.Rmd=ran_ok; ne_pressure_function.R=ran_ok; ne_resilience_function.R=ran_ok; NP.Rmd=ran_ok; prs_aqua_hab.Rmd=ran_ok; prs_disease.Rmd=ran_ok; prs_fishing.Rmd=ran_ok; prs_hardening.Rmd=ran_ok; rao_econ_access.Rmd=ran_ok; rao_fssi.Rmd=ran_ok; res_alien.Rmd=ran_ok; res_climate_change.Rmd=ran_ok; res_eco_integrity.Rmd=ran_ok; res_fishing.Rmd=ran_ok; res_hab_destruction.Rmd=ran_ok; res_social.Rmd=ran_ok; res_water_pollution.Rmd=ran_ok; sop_comm_engagement.Rmd=ran_ok; sop_rec_reliance.Rmd=ran_ok; sp_alien.Rmd=ran_ok; sp_genetic.Rmd=ran_ok; SPP.Rmd=ran_ok; spp_conservation_status.Rmd=ran_ok; spp_rgns.Rmd=ran_ok; TR.Rmd=ran_ok; tr_job_growth.Rmd=ran_ok; viz_config.R=ran_ok; viz_config.r=ran_ok
[2026-09-20 12:00:09] Batch 88/1861 done (1/1 papers succeeded).
[2026-09-20 12:00:09] Batch 89/1861 (papers 89-89): running reproducibility_check on 1 paper(s), one at a time...
[2026-09-20 12:00:09]   Paper 1/1 in batch (10_1002_pan3_10233)...
[2026-09-20 12:00:10] Batch 89/1861 done (1/1 papers succeeded).
[2026-09-20 12:00:10] Batch 90/1861 (papers 90-90): running reproducibility_check on 1 paper(s), one at a time...
[2026-09-20 12:00:10]   Paper 1/1 in batch (10_1002_pan3_10236)...
[2026-09-20 12:00:10] Batch 90/1861 done (1/1 papers succeeded).
[2026-09-20 12:00:10] Batch 91/1861 (papers 91-91): running reproducibility_check on 1 paper(s), one at a time...
[2026-09-20 12:00:10]   Paper 1/1 in batch (10_1002_pan3_10246)...
[2026-09-20 12:00:12] Batch 91/1861 done (1/1 papers succeeded).
[2026-09-20 12:00:12] Batch 92/1861 (papers 92-92): running reproducibility_check on 1 paper(s), one at a time...
[2026-09-20 12:00:12]   Paper 1/1 in batch (10_1002_pan3_10249)...
[2026-09-20 12:00:13] Batch 92/1861 done (1/1 papers succeeded).
[2026-09-20 12:00:13] Batch 93/1861 (papers 93-93): running reproducibility_check on 1 paper(s), one at a time...
[2026-09-20 12:00:13]   Paper 1/1 in batch (10_1002_pan3_10252)...
[2026-09-20 12:00:14] Batch 93/1861 done (1/1 papers succeeded).
[2026-09-20 12:00:14] Batch 94/1861 (papers 94-94): running reproducibility_check on 1 paper(s), one at a time...
[2026-09-20 12:00:14]   Paper 1/1 in batch (10_1002_pan3_10256)...
[2026-09-20 12:00:25] Batch 94/1861 done (1/1 papers succeeded).
[2026-09-20 12:00:25] Batch 95/1861 (papers 95-95): running reproducibility_check on 1 paper(s), one at a time...
[2026-09-20 12:00:25]   Paper 1/1 in batch (10_1002_pan3_10257)...
[2026-09-20 12:00:26] Batch 95/1861 done (1/1 papers succeeded).
[2026-09-20 12:00:26] Batch 96/1861 (papers 96-96): running reproducibility_check on 1 paper(s), one at a time...
[2026-09-20 12:00:26]   Paper 1/1 in batch (10_1002_pan3_10265)...
[2026-09-20 12:00:26] Batch 96/1861 done (1/1 papers succeeded).
[2026-09-20 12:00:26] Batch 97/1861 (papers 97-97): running reproducibility_check on 1 paper(s), one at a time...
[2026-09-20 12:00:26]   Paper 1/1 in batch (10_1002_pan3_10289)...
[2026-09-20 12:00:28] Batch 97/1861 done (1/1 papers succeeded).
[2026-09-20 12:00:28] Batch 98/1861 (papers 98-98): running reproducibility_check on 1 paper(s), one at a time...
[2026-09-20 12:00:28]   Paper 1/1 in batch (10_1002_pan3_10291)...
Waiting 2s for retry backoff ■■■■■■■■■■■■■■■■                
Waiting 2s for retry backoff ■■■■■■■■■■■■■■■■■■■■■■■■■■■■■■■ 
Waiting 4s for retry backoff ■■■■■■■■■                       
Waiting 4s for retry backoff ■■■■■■■■■■■■■■■■■■■■■■■■■       
Waiting 4s for retry backoff ■■■■■■■■■■■■■■■■■■■■■■■■■■■■■■  
[2026-09-20 12:00:37] Batch 98/1861 done (1/1 papers succeeded).
[2026-09-20 12:00:37] Batch 99/1861 (papers 99-99): running reproducibility_check on 1 paper(s), one at a time...
[2026-09-20 12:00:37]   Paper 1/1 in batch (10_1002_pan3_10294)...
[2026-09-20 12:00:39] Batch 99/1861 done (1/1 papers succeeded).
[2026-09-20 12:00:39] Batch 100/1861 (papers 100-100): running reproducibility_check on 1 paper(s), one at a time...
[2026-09-20 12:00:39]   Paper 1/1 in batch (10_1002_pan3_10307)...
[2026-09-20 12:00:40] Batch 100/1861 done (1/1 papers succeeded).
[2026-09-20 12:00:40] Batch 101/1861 (papers 101-101): running reproducibility_check on 1 paper(s), one at a time...
[2026-09-20 12:00:40]   Paper 1/1 in batch (10_1002_pan3_10310)...
[repro] execute = TRUE (sandbox = docker). install_missing = TRUE, timeout = 3000s, keep_sandbox = FALSE
[repro] sandbox root: C:\Users\dlakens\AppData\Local\Temp\RtmpaqOq5E\repro_sandbox_750131458c3
[repro] docker image: ghcr.io/scienceverse/metacheck_r:latest
[repro] materialising Psych-DS layout from plan (13 plan rows) ...
[repro]   materialised 7/13 files.
[repro] writing 2 rewritten script(s) into the layout ...
[repro]   wrote 2 script(s).
[repro] installing 6 dependenc(y/ies): networkD3, RColorBrewer, remotes, tidyverse, vegan, webshot
[repro]   install done: 6 ok, 0 failed.
[repro] running 2 script(s) in order: Kilimanjaro_IPBES_workshop_analysis.Rmd -> Kilimanjaro_IPBES_workshop_figures.Rmd
[repro/docker]   -> running 'Kilimanjaro_IPBES_workshop_analysis.Rmd' (timeout 3000s) ...
[repro/docker]   <- 'Kilimanjaro_IPBES_workshop_analysis.Rmd' done in 2.3s
[repro/docker]   -> running 'Kilimanjaro_IPBES_workshop_figures.Rmd' (timeout 3000s) ...
[repro/docker]   <- 'Kilimanjaro_IPBES_workshop_figures.Rmd' done in 2.5s
[repro] execution finished (pass 1). outcomes: Kilimanjaro_IPBES_workshop_analysis.Rmd=errored; Kilimanjaro_IPBES_workshop_figures.Rmd=errored
[2026-09-20 12:01:14] Batch 101/1861 done (1/1 papers succeeded).
[2026-09-20 12:01:14] Batch 102/1861 (papers 102-102): running reproducibility_check on 1 paper(s), one at a time...
[2026-09-20 12:01:14]   Paper 1/1 in batch (10_1002_pan3_10322)...
[2026-09-20 12:01:19] Batch 102/1861 done (1/1 papers succeeded).
[2026-09-20 12:01:19] Batch 103/1861 (papers 103-103): running reproducibility_check on 1 paper(s), one at a time...
[2026-09-20 12:01:19]   Paper 1/1 in batch (10_1002_pan3_10326)...
[2026-09-20 12:01:21] Batch 103/1861 done (1/1 papers succeeded).
[2026-09-20 12:01:21] Batch 104/1861 (papers 104-104): running reproducibility_check on 1 paper(s), one at a time...
[2026-09-20 12:01:21]   Paper 1/1 in batch (10_1002_pan3_10333)...
[2026-09-20 12:01:23] Batch 104/1861 done (1/1 papers succeeded).
[2026-09-20 12:01:23] Batch 105/1861 (papers 105-105): running reproducibility_check on 1 paper(s), one at a time...
[2026-09-20 12:01:23]   Paper 1/1 in batch (10_1002_pan3_10334)...
[2026-09-20 12:01:31] Batch 105/1861 done (1/1 papers succeeded).
[2026-09-20 12:01:31] Batch 106/1861 (papers 106-106): running reproducibility_check on 1 paper(s), one at a time...
[2026-09-20 12:01:31]   Paper 1/1 in batch (10_1002_pan3_10338)...
[2026-09-20 12:01:32] Batch 106/1861 done (1/1 papers succeeded).
[2026-09-20 12:01:32] Batch 107/1861 (papers 107-107): running reproducibility_check on 1 paper(s), one at a time...
[2026-09-20 12:01:32]   Paper 1/1 in batch (10_1002_pan3_10372)...
[2026-09-20 12:01:33] Batch 107/1861 done (1/1 papers succeeded).
[2026-09-20 12:01:33] Batch 108/1861 (papers 108-108): running reproducibility_check on 1 paper(s), one at a time...
[2026-09-20 12:01:33]   Paper 1/1 in batch (10_1002_pan3_10376)...
[2026-09-20 12:01:34] Batch 108/1861 done (1/1 papers succeeded).
[2026-09-20 12:01:34] Batch 109/1861 (papers 109-109): running reproducibility_check on 1 paper(s), one at a time...
[2026-09-20 12:01:34]   Paper 1/1 in batch (10_1002_pan3_10386)...
[2026-09-20 12:01:40] Batch 109/1861 done (1/1 papers succeeded).
[2026-09-20 12:01:40] Batch 110/1861 (papers 110-110): running reproducibility_check on 1 paper(s), one at a time...
[2026-09-20 12:01:40]   Paper 1/1 in batch (10_1002_pan3_10388)...
[2026-09-20 12:01:55] Batch 110/1861 done (1/1 papers succeeded).
[2026-09-20 12:01:55] Batch 111/1861 (papers 111-111): running reproducibility_check on 1 paper(s), one at a time...
[2026-09-20 12:01:55]   Paper 1/1 in batch (10_1002_pan3_10389)...
[2026-09-20 12:01:56] Batch 111/1861 done (1/1 papers succeeded).
[2026-09-20 12:01:56] Batch 112/1861 (papers 112-112): running reproducibility_check on 1 paper(s), one at a time...
[2026-09-20 12:01:56]   Paper 1/1 in batch (10_1002_pan3_10400)...
[2026-09-20 12:01:57] Batch 112/1861 done (1/1 papers succeeded).
[2026-09-20 12:01:57] Batch 113/1861 (papers 113-113): running reproducibility_check on 1 paper(s), one at a time...
[2026-09-20 12:01:57]   Paper 1/1 in batch (10_1002_pan3_10401)...
[2026-09-20 12:01:59] Batch 113/1861 done (1/1 papers succeeded).
[2026-09-20 12:01:59] Batch 114/1861 (papers 114-114): running reproducibility_check on 1 paper(s), one at a time...
[2026-09-20 12:01:59]   Paper 1/1 in batch (10_1002_pan3_10402)...
[2026-09-20 12:03:05] Batch 114/1861 done (1/1 papers succeeded).
[2026-09-20 12:03:05] Batch 115/1861 (papers 115-115): running reproducibility_check on 1 paper(s), one at a time...
[2026-09-20 12:03:05]   Paper 1/1 in batch (10_1002_pan3_10406)...
[2026-09-20 12:03:14] Batch 115/1861 done (1/1 papers succeeded).
[2026-09-20 12:03:14] Batch 116/1861 (papers 116-116): running reproducibility_check on 1 paper(s), one at a time...
[2026-09-20 12:03:14]   Paper 1/1 in batch (10_1002_pan3_10410)...
[2026-09-20 12:03:15] Batch 116/1861 done (1/1 papers succeeded).
[2026-09-20 12:03:15] Batch 117/1861 (papers 117-117): running reproducibility_check on 1 paper(s), one at a time...
[2026-09-20 12:03:15]   Paper 1/1 in batch (10_1002_pan3_10428)...
[2026-09-20 12:03:18] Batch 117/1861 done (1/1 papers succeeded).
[2026-09-20 12:03:18] Batch 118/1861 (papers 118-118): running reproducibility_check on 1 paper(s), one at a time...
[2026-09-20 12:03:18]   Paper 1/1 in batch (10_1002_pan3_10431)...
Waiting 2s for retry backoff ■■■■■■■■■■■■■■■■                
Waiting 2s for retry backoff ■■■■■■■■■■■■■■■■■■■■■■■■■■■■■■  
Waiting 4s for retry backoff ■■■■■■■■■■■■■■                  
Waiting 4s for retry backoff ■■■■■■■■■■■■■■■■■■■■■■■■■■■■■■  
[2026-09-20 12:03:27] Batch 118/1861 done (1/1 papers succeeded).
[2026-09-20 12:03:27] Batch 119/1861 (papers 119-119): running reproducibility_check on 1 paper(s), one at a time...
[2026-09-20 12:03:27]   Paper 1/1 in batch (10_1002_pan3_10433)...
[2026-09-20 12:03:39] Batch 119/1861 done (1/1 papers succeeded).
[2026-09-20 12:03:39] Batch 120/1861 (papers 120-120): running reproducibility_check on 1 paper(s), one at a time...
[2026-09-20 12:03:39]   Paper 1/1 in batch (10_1002_pan3_10434)...
[2026-09-20 12:03:40] Batch 120/1861 done (1/1 papers succeeded).
[2026-09-20 12:03:40] Batch 121/1861 (papers 121-121): running reproducibility_check on 1 paper(s), one at a time...
[2026-09-20 12:03:40]   Paper 1/1 in batch (10_1002_pan3_10436)...
[2026-09-20 12:03:41] Batch 121/1861 done (1/1 papers succeeded).
[2026-09-20 12:03:41] Batch 122/1861 (papers 122-122): running reproducibility_check on 1 paper(s), one at a time...
[2026-09-20 12:03:41]   Paper 1/1 in batch (10_1002_pan3_10452)...
[2026-09-20 12:03:42] Batch 122/1861 done (1/1 papers succeeded).
[2026-09-20 12:03:42] Batch 123/1861 (papers 123-123): running reproducibility_check on 1 paper(s), one at a time...
[2026-09-20 12:03:42]   Paper 1/1 in batch (10_1002_pan3_10461)...
[repro] execute = TRUE (sandbox = docker). install_missing = TRUE, timeout = 3000s, keep_sandbox = FALSE
[repro] sandbox root: C:\Users\dlakens\AppData\Local\Temp\RtmpaqOq5E\repro_sandbox_75064f339
[repro] docker image: ghcr.io/scienceverse/metacheck_r:latest
[repro] materialising Psych-DS layout from plan (52 plan rows) ...
[repro]   materialised 1/52 files.
[repro] writing 1 rewritten script(s) into the layout ...
[repro]   wrote 1 script(s).
[repro] installing 7 dependenc(y/ies): dplyr, ggplot2, ggpubr, mapview, sf, spatstat, spatstat.random
[repro]   install done: 5 ok, 2 failed.
[repro] running 1 script(s) in order: Test_association.R
[repro/docker]   -> running 'Test_association.R' (timeout 3000s) ...
[repro/docker]   <- 'Test_association.R' done in 1s
[repro] execution finished (pass 1). outcomes: Test_association.R=errored
[2026-09-20 12:06:41] Batch 123/1861 done (1/1 papers succeeded).
[2026-09-20 12:06:41] Batch 124/1861 (papers 124-124): running reproducibility_check on 1 paper(s), one at a time...
[2026-09-20 12:06:41]   Paper 1/1 in batch (10_1002_pan3_10466)...
An archive in repository https://doi.org/10.5281/zenodo.7675393 exceeds the 500 MB per-repository budget: fetched the smallest members up to the cap, 4 members omitted. Raise `max_download_size` to include more.
10 files in https://doi.org/10.5281/zenodo.7675393 exceeded the 100 MB per-file limit and were skipped (the rest of the repository was downloaded). Largest: gb_species_preds_10.csv (198 MB). Raise max_file_size to include them.
An archive in repository https://doi.org/10.5281/zenodo.7675393 exceeds the 500 MB per-repository budget: fetched the smallest members up to the cap, 4 members omitted. Raise `max_download_size` to include more.
10 files in https://doi.org/10.5281/zenodo.7675393 exceeded the 100 MB per-file limit and were skipped (the rest of the repository was downloaded). Largest: gb_species_preds_10.csv (198 MB). Raise max_file_size to include them.
[repro] execute = TRUE (sandbox = docker). install_missing = TRUE, timeout = 3000s, keep_sandbox = FALSE
[repro] sandbox root: C:\Users\dlakens\AppData\Local\Temp\RtmpaqOq5E\repro_sandbox_7505205476
[repro] docker image: ghcr.io/scienceverse/metacheck_r:latest
[repro] materialising Psych-DS layout from plan (106 plan rows) ...
[repro]   materialised 58/106 files.
[repro] writing 12 rewritten script(s) into the layout ...
[repro]   wrote 12 script(s).
[repro] installing 24 dependenc(y/ies): caret, classInt, cowplot, dplyr, fasterize, ggrepel, httr, jsonlite, lubridate, mapview, patchwork, raster, RColorBrewer, readxl, rinat, scales, sf, stars, taxize, tidytext, tidyverse, tm, units, viridis
[repro]   install done: 0 ok, 24 failed.
[repro] skipping (missing inputs): attach_species.R, biodiversity_comp.R, flickr_extract.R, functions.R, gb_metadata.R, inat_obs_gb.R, nat_model_stats.R, naturalist_activity.R, species_time.R
[repro] running 12 script(s) in order: functions.R -> gb_metadata.R -> sample_grid.R -> flickr_extract.R -> inat_extract.R -> sample_inat_flickr.R -> attach_species.R -> biodiversity_comp.R -> inat_obs_gb.R -> nat_model_stats.R -> naturalist_activity.R -> species_time.R
[repro/docker]   -> running 'sample_grid.R' (timeout 3000s) ...
[repro/docker]   <- 'sample_grid.R' done in 0.5s
[repro/docker]   -> running 'inat_extract.R' (timeout 3000s) ...
[repro/docker]   <- 'inat_extract.R' done in 0.5s
[repro/docker]   -> running 'sample_inat_flickr.R' (timeout 3000s) ...
[repro/docker]   <- 'sample_inat_flickr.R' done in 0.7s
[repro] execution finished (pass 1). outcomes: functions.R=skipped_missing_inputs; gb_metadata.R=skipped_missing_inputs; sample_grid.R=errored; flickr_extract.R=skipped_missing_inputs; inat_extract.R=errored; sample_inat_flickr.R=errored; attach_species.R=skipped_missing_inputs; biodiversity_comp.R=skipped_missing_inputs; inat_obs_gb.R=skipped_missing_inputs; nat_model_stats.R=skipped_missing_inputs; naturalist_activity.R=skipped_missing_inputs; species_time.R=skipped_missing_inputs
[2026-09-20 12:14:42] Batch 124/1861 done (1/1 papers succeeded).
[2026-09-20 12:14:42] Batch 125/1861 (papers 125-125): running reproducibility_check on 1 paper(s), one at a time...
[2026-09-20 12:14:42]   Paper 1/1 in batch (10_1002_pan3_10476)...
[2026-09-20 12:14:50] Batch 125/1861 done (1/1 papers succeeded).
[2026-09-20 12:14:50] Batch 126/1861 (papers 126-126): running reproducibility_check on 1 paper(s), one at a time...
[2026-09-20 12:14:50]   Paper 1/1 in batch (10_1002_pan3_10479)...
[2026-09-20 12:14:51] Batch 126/1861 done (1/1 papers succeeded).
[2026-09-20 12:14:51] Batch 127/1861 (papers 127-127): running reproducibility_check on 1 paper(s), one at a time...
[2026-09-20 12:14:51]   Paper 1/1 in batch (10_1002_pan3_10491)...
[2026-09-20 12:14:52] Batch 127/1861 done (1/1 papers succeeded).
[2026-09-20 12:14:52] Batch 128/1861 (papers 128-128): running reproducibility_check on 1 paper(s), one at a time...
[2026-09-20 12:14:52]   Paper 1/1 in batch (10_1002_pan3_10497)...
[repro] execute = TRUE (sandbox = docker). install_missing = TRUE, timeout = 3000s, keep_sandbox = FALSE
[repro] sandbox root: C:\Users\dlakens\AppData\Local\Temp\RtmpaqOq5E\repro_sandbox_75095b3a3f
[repro] docker image: ghcr.io/scienceverse/metacheck_r:latest
[repro] materialising Psych-DS layout from plan (3 plan rows) ...
[repro]   materialised 2/3 files.
[repro] writing 1 rewritten script(s) into the layout ...
[repro]   wrote 1 script(s).
[repro] installing 6 dependenc(y/ies): glmmTMB, performance, readr, stringr, tidyverse, viridis
[repro]   install done: 6 ok, 0 failed.
[repro] running 1 script(s) in order: Biophobias_model.R
[repro/docker]   -> running 'Biophobias_model.R' (timeout 3000s) ...
[repro/docker]   <- 'Biophobias_model.R' done in 3.5s
[repro] execution finished (pass 1). outcomes: Biophobias_model.R=errored
[2026-09-20 12:15:26] Batch 128/1861 done (1/1 papers succeeded).
[2026-09-20 12:15:26] Batch 129/1861 (papers 129-129): running reproducibility_check on 1 paper(s), one at a time...
[2026-09-20 12:15:26]   Paper 1/1 in batch (10_1002_pan3_10499)...
[2026-09-20 12:15:28] Batch 129/1861 done (1/1 papers succeeded).
[2026-09-20 12:15:28] Batch 130/1861 (papers 130-130): running reproducibility_check on 1 paper(s), one at a time...
[2026-09-20 12:15:28]   Paper 1/1 in batch (10_1002_pan3_10500)...
[2026-09-20 12:15:30] Batch 130/1861 done (1/1 papers succeeded).
[2026-09-20 12:15:30] Batch 131/1861 (papers 131-131): running reproducibility_check on 1 paper(s), one at a time...
[2026-09-20 12:15:30]   Paper 1/1 in batch (10_1002_pan3_10518)...
[2026-09-20 12:15:31] Batch 131/1861 done (1/1 papers succeeded).
[2026-09-20 12:15:31] Batch 132/1861 (papers 132-132): running reproducibility_check on 1 paper(s), one at a time...
[2026-09-20 12:15:31]   Paper 1/1 in batch (10_1002_pan3_10527)...
Downloading https://github.com/BrentPease1/sea_eagle as zip (2 files)...
[repro] execute = TRUE (sandbox = docker). install_missing = TRUE, timeout = 3000s, keep_sandbox = FALSE
[repro] sandbox root: C:\Users\dlakens\AppData\Local\Temp\RtmpaqOq5E\repro_sandbox_750142d345c
[repro] docker image: ghcr.io/scienceverse/metacheck_r:latest
[repro] materialising Psych-DS layout from plan (174 plan rows) ...
[repro]   materialised 57/195 files.
[repro] writing 13 rewritten script(s) into the layout ...
[repro]   wrote 13 script(s).
[repro] installing 24 dependenc(y/ies): academictwitteR, auk, broom, colorspace, dplyr, gmapsdistance, gtsummary, here, Hmisc, mapview, MetBrewer, modelsummary, opencage, psych, readxl, rnaturalearth, rstan, scales, sf, tidyverse, tmap, USAboundaries, zipcodeR, zoo
[repro]   install done: 0 ok, 24 failed.
[repro] skipping (missing inputs): 104 - Data Prep - cleaning_script_v01.R, 201 - Analysis.R, 202 - Analysis - Sociodemographics.R, 206 - Analysis - revision1.R, 207 - Analysis - reviewer 1 requested table.R
[repro] running 13 script(s) in order: 101 - Data Prep - bring data together and get distances.R -> 102 - Data Prep - calculate distance of multiple trips for an individual.R -> 103 - Data Prep - add ebird status to cleaned data.R -> 104 - Data Prep - cleaning_script_v01.R -> 203 - Analysis - driving distance.R -> 204 - Analysis - get twitter user information.R -> 205 - Analysis - analysis_stan_v02.R -> 206 - Analysis - revision1.R -> plot_coefficients.R -> 201 - Analysis.R -> 202 - Analysis - Sociodemographics.R -> 207 - Analysis - reviewer 1 requested table.R -> 301 - Maps.R
[repro/docker]   -> running '101 - Data Prep - bring data together and get distances.R' (timeout 3000s) ...
[repro/docker]   <- '101 - Data Prep - bring data together and get distances.R' done in 1.1s
[repro/docker]   -> running '102 - Data Prep - calculate distance of multiple trips for an individual.R' (timeout 3000s) ...
[repro/docker]   <- '102 - Data Prep - calculate distance of multiple trips for an individual.R' done in 0.5s
[repro/docker]   -> running '103 - Data Prep - add ebird status to cleaned data.R' (timeout 3000s) ...
[repro/docker]   <- '103 - Data Prep - add ebird status to cleaned data.R' done in 1.8s
[repro/docker]   -> running '203 - Analysis - driving distance.R' (timeout 3000s) ...
[repro/docker]   <- '203 - Analysis - driving distance.R' done in 0.6s
[repro/docker]   -> running '204 - Analysis - get twitter user information.R' (timeout 3000s) ...
[repro/docker]   <- '204 - Analysis - get twitter user information.R' done in 0.5s
[repro/docker]   -> running '205 - Analysis - analysis_stan_v02.R' (timeout 3000s) ...
[repro/docker]   <- '205 - Analysis - analysis_stan_v02.R' done in 2.1s
[repro/docker]   -> running 'plot_coefficients.R' (timeout 3000s) ...
[repro/docker]   <- 'plot_coefficients.R' done in 1.7s
[repro/docker]   -> running '301 - Maps.R' (timeout 3000s) ...
[repro/docker]   <- '301 - Maps.R' done in 0.7s
[repro] execution finished (pass 1). outcomes: 101 - Data Prep - bring data together and get distances.R=errored; 102 - Data Prep - calculate distance of multiple trips for an individual.R=errored; 103 - Data Prep - add ebird status to cleaned data.R=ran_ok; 104 - Data Prep - cleaning_script_v01.R=skipped_missing_inputs; 203 - Analysis - driving distance.R=errored; 204 - Analysis - get twitter user information.R=errored; 205 - Analysis - analysis_stan_v02.R=errored; 206 - Analysis - revision1.R=skipped_missing_inputs; plot_coefficients.R=errored; 201 - Analysis.R=skipped_missing_inputs; 202 - Analysis - Sociodemographics.R=skipped_missing_inputs; 207 - Analysis - reviewer 1 requested table.R=skipped_missing_inputs; 301 - Maps.R=errored
[repro] extracted statistical output from 2 script(s)' console output.
[2026-09-20 12:16:36] Batch 132/1861 done (1/1 papers succeeded).
[2026-09-20 12:16:36] Batch 133/1861 (papers 133-133): running reproducibility_check on 1 paper(s), one at a time...
[2026-09-20 12:16:36]   Paper 1/1 in batch (10_1002_pan3_10535)...
[2026-09-20 12:16:40] Batch 133/1861 done (1/1 papers succeeded).
[2026-09-20 12:16:40] Batch 134/1861 (papers 134-134): running reproducibility_check on 1 paper(s), one at a time...
[2026-09-20 12:16:40]   Paper 1/1 in batch (10_1002_pan3_10536)...
[2026-09-20 12:16:41] Batch 134/1861 done (1/1 papers succeeded).
[2026-09-20 12:16:41] Batch 135/1861 (papers 135-135): running reproducibility_check on 1 paper(s), one at a time...
[2026-09-20 12:16:41]   Paper 1/1 in batch (10_1002_pan3_10547)...
[2026-09-20 12:16:42] Batch 135/1861 done (1/1 papers succeeded).
[2026-09-20 12:16:42] Batch 136/1861 (papers 136-136): running reproducibility_check on 1 paper(s), one at a time...
[2026-09-20 12:16:42]   Paper 1/1 in batch (10_1002_pan3_10551)...
[2026-09-20 12:16:52] Batch 136/1861 done (1/1 papers succeeded).
[2026-09-20 12:16:52] Batch 137/1861 (papers 137-137): running reproducibility_check on 1 paper(s), one at a time...
[2026-09-20 12:16:52]   Paper 1/1 in batch (10_1002_pan3_10561)...
[repro] execute = TRUE (sandbox = docker). install_missing = TRUE, timeout = 3000s, keep_sandbox = FALSE
[repro] sandbox root: C:\Users\dlakens\AppData\Local\Temp\RtmpaqOq5E\repro_sandbox_75064623c27
[repro] docker image: ghcr.io/scienceverse/metacheck_r:latest
[repro] materialising Psych-DS layout from plan (15 plan rows) ...
[repro]   materialised 5/15 files.
[repro] writing 4 rewritten script(s) into the layout ...
[repro]   wrote 4 script(s).
[repro] installing 3 dependenc(y/ies): package, psych, semPlot
[repro]   install done: 2 ok, 1 failed.
[repro] running 4 script(s) in order: 1_set_themes.R -> 2_cfa.R -> 3_pca&model.R -> 4_pca_supplement.R
[repro/docker]   -> running '1_set_themes.R' (timeout 3000s) ...
[repro/docker]   <- '1_set_themes.R' done in 2.2s
[repro/docker]   -> running '2_cfa.R' (timeout 3000s) ...
[repro/docker]   <- '2_cfa.R' done in 2.2s
[repro/docker]   -> running '3_pca&model.R' (timeout 3000s) ...
[repro/docker]   <- '3_pca&model.R' done in 2.1s
[repro/docker]   -> running '4_pca_supplement.R' (timeout 3000s) ...
[repro/docker]   <- '4_pca_supplement.R' done in 2.3s
[repro] execution finished (pass 1). outcomes: 1_set_themes.R=errored; 2_cfa.R=errored; 3_pca&model.R=errored; 4_pca_supplement.R=errored
[2026-09-20 12:17:20] Batch 137/1861 done (1/1 papers succeeded).
[2026-09-20 12:17:20] Batch 138/1861 (papers 138-138): running reproducibility_check on 1 paper(s), one at a time...
[2026-09-20 12:17:20]   Paper 1/1 in batch (10_1002_pan3_10564)...
[2026-09-20 12:17:26] Batch 138/1861 done (1/1 papers succeeded).
[2026-09-20 12:17:26] Batch 139/1861 (papers 139-139): running reproducibility_check on 1 paper(s), one at a time...
[2026-09-20 12:17:26]   Paper 1/1 in batch (10_1002_pan3_10571)...
[2026-09-20 12:17:27] Batch 139/1861 done (1/1 papers succeeded).
[2026-09-20 12:17:27] Batch 140/1861 (papers 140-140): running reproducibility_check on 1 paper(s), one at a time...
[2026-09-20 12:17:27]   Paper 1/1 in batch (10_1002_pan3_10576)...
[2026-09-20 12:18:50] Batch 140/1861 done (1/1 papers succeeded).
[2026-09-20 12:18:50] Batch 141/1861 (papers 141-141): running reproducibility_check on 1 paper(s), one at a time...
[2026-09-20 12:18:50]   Paper 1/1 in batch (10_1002_pan3_10579)...
[2026-09-20 12:19:00] Batch 141/1861 done (1/1 papers succeeded).
[2026-09-20 12:19:00] Batch 142/1861 (papers 142-142): running reproducibility_check on 1 paper(s), one at a time...
[2026-09-20 12:19:00]   Paper 1/1 in batch (10_1002_pan3_10582)...
[2026-09-20 12:19:02] Batch 142/1861 done (1/1 papers succeeded).
[2026-09-20 12:19:02] Batch 143/1861 (papers 143-143): running reproducibility_check on 1 paper(s), one at a time...
[2026-09-20 12:19:02]   Paper 1/1 in batch (10_1002_pan3_10613)...
[2026-09-20 12:19:02] Batch 143/1861 done (1/1 papers succeeded).
[2026-09-20 12:19:02] Batch 144/1861 (papers 144-144): running reproducibility_check on 1 paper(s), one at a time...
[2026-09-20 12:19:02]   Paper 1/1 in batch (10_1002_pan3_10618)...
[2026-09-20 12:19:03] Batch 144/1861 done (1/1 papers succeeded).
[2026-09-20 12:19:03] Batch 145/1861 (papers 145-145): running reproducibility_check on 1 paper(s), one at a time...
[2026-09-20 12:19:03]   Paper 1/1 in batch (10_1002_pan3_10623)...
[2026-09-20 12:19:04] Batch 145/1861 done (1/1 papers succeeded).
[2026-09-20 12:19:04] Batch 146/1861 (papers 146-146): running reproducibility_check on 1 paper(s), one at a time...
[2026-09-20 12:19:04]   Paper 1/1 in batch (10_1002_pan3_10628)...
[2026-09-20 12:19:05] Batch 146/1861 done (1/1 papers succeeded).
[2026-09-20 12:19:05] Batch 147/1861 (papers 147-147): running reproducibility_check on 1 paper(s), one at a time...
[2026-09-20 12:19:05]   Paper 1/1 in batch (10_1002_pan3_10640)...
[2026-09-20 12:19:06] Batch 147/1861 done (1/1 papers succeeded).
[2026-09-20 12:19:06] Batch 148/1861 (papers 148-148): running reproducibility_check on 1 paper(s), one at a time...
[2026-09-20 12:19:06]   Paper 1/1 in batch (10_1002_pan3_10642)...
[2026-09-20 12:19:09] Batch 148/1861 done (1/1 papers succeeded).
[2026-09-20 12:19:09] Batch 149/1861 (papers 149-149): running reproducibility_check on 1 paper(s), one at a time...
[2026-09-20 12:19:09]   Paper 1/1 in batch (10_1002_pan3_10648)...
[2026-09-20 12:19:10] Batch 149/1861 done (1/1 papers succeeded).
[2026-09-20 12:19:10] Batch 150/1861 (papers 150-150): running reproducibility_check on 1 paper(s), one at a time...
[2026-09-20 12:19:10]   Paper 1/1 in batch (10_1002_pan3_10651)...
[2026-09-20 12:19:12] Batch 150/1861 done (1/1 papers succeeded).
[2026-09-20 12:19:12] Batch 151/1861 (papers 151-151): running reproducibility_check on 1 paper(s), one at a time...
[2026-09-20 12:19:12]   Paper 1/1 in batch (10_1002_pan3_10655)...
[2026-09-20 12:19:13] Batch 151/1861 done (1/1 papers succeeded).
[2026-09-20 12:19:13] Batch 152/1861 (papers 152-152): running reproducibility_check on 1 paper(s), one at a time...
[2026-09-20 12:19:13]   Paper 1/1 in batch (10_1002_pan3_10656)...
[2026-09-20 12:19:17] Batch 152/1861 done (1/1 papers succeeded).
[2026-09-20 12:19:17] Batch 153/1861 (papers 153-153): running reproducibility_check on 1 paper(s), one at a time...
[2026-09-20 12:19:17]   Paper 1/1 in batch (10_1002_pan3_10674)...
[2026-09-20 12:19:18] Batch 153/1861 done (1/1 papers succeeded).
[2026-09-20 12:19:18] Batch 154/1861 (papers 154-154): running reproducibility_check on 1 paper(s), one at a time...
[2026-09-20 12:19:18]   Paper 1/1 in batch (10_1002_pan3_10677)...
[2026-09-20 12:19:19] Batch 154/1861 done (1/1 papers succeeded).
[2026-09-20 12:19:19] Batch 155/1861 (papers 155-155): running reproducibility_check on 1 paper(s), one at a time...
[2026-09-20 12:19:19]   Paper 1/1 in batch (10_1002_pan3_10678)...
[2026-09-20 12:19:19] Batch 155/1861 done (1/1 papers succeeded).
[2026-09-20 12:19:19] Batch 156/1861 (papers 156-156): running reproducibility_check on 1 paper(s), one at a time...
[2026-09-20 12:19:19]   Paper 1/1 in batch (10_1002_pan3_10686)...
[2026-09-20 12:19:24] Batch 156/1861 done (1/1 papers succeeded).
[2026-09-20 12:19:24] Batch 157/1861 (papers 157-157): running reproducibility_check on 1 paper(s), one at a time...
[2026-09-20 12:19:24]   Paper 1/1 in batch (10_1002_pan3_10687)...
[2026-09-20 12:19:27] Batch 157/1861 done (1/1 papers succeeded).
[2026-09-20 12:19:27] Batch 158/1861 (papers 158-158): running reproducibility_check on 1 paper(s), one at a time...
[2026-09-20 12:19:27]   Paper 1/1 in batch (10_1002_pan3_10689)...
[2026-09-20 12:19:33] Batch 158/1861 done (1/1 papers succeeded).
[2026-09-20 12:19:33] Batch 159/1861 (papers 159-159): running reproducibility_check on 1 paper(s), one at a time...
[2026-09-20 12:19:33]   Paper 1/1 in batch (10_1002_pan3_10690)...
[2026-09-20 12:19:34] Batch 159/1861 done (1/1 papers succeeded).
[2026-09-20 12:19:34] Batch 160/1861 (papers 160-160): running reproducibility_check on 1 paper(s), one at a time...
[2026-09-20 12:19:34]   Paper 1/1 in batch (10_1002_pan3_10701)...
[2026-09-20 12:19:35] Batch 160/1861 done (1/1 papers succeeded).
[2026-09-20 12:19:35] Batch 161/1861 (papers 161-161): running reproducibility_check on 1 paper(s), one at a time...
[2026-09-20 12:19:35]   Paper 1/1 in batch (10_1002_pan3_10711)...
[2026-09-20 12:19:36] Batch 161/1861 done (1/1 papers succeeded).
[2026-09-20 12:19:36] Batch 162/1861 (papers 162-162): running reproducibility_check on 1 paper(s), one at a time...
[2026-09-20 12:19:36]   Paper 1/1 in batch (10_1002_pan3_10718)...
[2026-09-20 12:19:38] Batch 162/1861 done (1/1 papers succeeded).
[2026-09-20 12:19:38] Batch 163/1861 (papers 163-163): running reproducibility_check on 1 paper(s), one at a time...
[2026-09-20 12:19:38]   Paper 1/1 in batch (10_1002_pan3_10727)...
[2026-09-20 12:19:39] Batch 163/1861 done (1/1 papers succeeded).
[2026-09-20 12:19:39] Batch 164/1861 (papers 164-164): running reproducibility_check on 1 paper(s), one at a time...
[2026-09-20 12:19:39]   Paper 1/1 in batch (10_1002_pan3_10728)...
[2026-09-20 12:19:40] Batch 164/1861 done (1/1 papers succeeded).
[2026-09-20 12:19:40] Batch 165/1861 (papers 165-165): running reproducibility_check on 1 paper(s), one at a time...
[2026-09-20 12:19:40]   Paper 1/1 in batch (10_1002_pan3_10730)...
[2026-09-20 12:19:43] Batch 165/1861 done (1/1 papers succeeded).
[2026-09-20 12:19:43] Batch 166/1861 (papers 166-166): running reproducibility_check on 1 paper(s), one at a time...
[2026-09-20 12:19:43]   Paper 1/1 in batch (10_1002_pan3_10732)...
[2026-09-20 12:19:46] Batch 166/1861 done (1/1 papers succeeded).
[2026-09-20 12:19:46] Batch 167/1861 (papers 167-167): running reproducibility_check on 1 paper(s), one at a time...
[2026-09-20 12:19:46]   Paper 1/1 in batch (10_1002_pan3_10736)...
Waiting 2s for retry backoff ■■■■■■■■■■■■■■■■                
Waiting 2s for retry backoff ■■■■■■■■■■■■■■■■■■■■■■■■■■■■■   
Waiting 4s for retry backoff ■■■■■■■■                        
Waiting 4s for retry backoff ■■■■■■■■■■■■■■■■■■■■■■■■■■■     
Waiting 4s for retry backoff ■■■■■■■■■■■■■■■■■■■■■■■■■■■■■■■ 
Downloading https://github.com/cwaldock1/reef-futures-nutrient as zip (9 files)...
Downloading https://github.com/cwaldock1/reef-futures-nutrient as zip (1 file)...
[repro] execute = TRUE (sandbox = docker). install_missing = TRUE, timeout = 3000s, keep_sandbox = FALSE
[repro] sandbox root: C:\Users\dlakens\AppData\Local\Temp\RtmpaqOq5E\repro_sandbox_75042af2561
[repro] docker image: ghcr.io/scienceverse/metacheck_r:latest
[repro] materialising Psych-DS layout from plan (96 plan rows) ...
[repro]   materialised 21/96 files.
[repro] writing 15 rewritten script(s) into the layout ...
[repro]   wrote 15 script(s).
[repro] installing 10 dependenc(y/ies): broom, dplyr, knitr, nngeo, not_installed, purrr, rgdal, sf, writexl, x
[repro]   install done: 5 ok, 5 failed.
[repro] skipping (missing inputs): 01-nutrient-targetting-SAUP.Rmd, 02-optimality-and-selectivity.Rmd, preamble.R, 02-optimality-and-selectivity_checkAgg.Rmd, RDA-optimisation-downsampleFishedSpecies.R, RDA-optimisation-downsampleSpeciesPool.R, yield-optimisation-downsampleFishedSpecies.R, yield-optimisation-downsampleSpeciesPool.R, RDA-optimisation-survey-biomass-FAMILY.R, RDA-optimisation-survey-biomass.R, Yield-optimisation-survey-biomass-FAMILY.R, Yield-optimisation-survey-biomass.R, RDA-optimisation-FAMILY.R, Yield-optimisation-FAMILY.R
[repro] running 15 script(s) in order: preamble.R -> 01-nutrient-targetting-SAUP.Rmd -> 02-optimality-and-selectivity.Rmd -> 02-optimality-and-selectivity_checkAgg.Rmd -> RDA-optimisation-downsampleFishedSpecies.R -> RDA-optimisation-downsampleSpeciesPool.R -> RDA-optimisation-FAMILY.R -> RDA-optimisation-survey-biomass-FAMILY.R -> RDA-optimisation-survey-biomass.R -> yield-optimisation-downsampleFishedSpecies.R -> yield-optimisation-downsampleSpeciesPool.R -> run-sensitivity-analyses.R -> Yield-optimisation-FAMILY.R -> Yield-optimisation-survey-biomass-FAMILY.R -> Yield-optimisation-survey-biomass.R
[repro/docker]   -> running 'run-sensitivity-analyses.R' (timeout 3000s) ...
[repro/docker]   <- 'run-sensitivity-analyses.R' done in 0.5s
[repro] execution finished (pass 1). outcomes: preamble.R=skipped_missing_inputs; 01-nutrient-targetting-SAUP.Rmd=skipped_missing_inputs; 02-optimality-and-selectivity.Rmd=skipped_missing_inputs; 02-optimality-and-selectivity_checkAgg.Rmd=skipped_missing_inputs; RDA-optimisation-downsampleFishedSpecies.R=skipped_missing_inputs; RDA-optimisation-downsampleSpeciesPool.R=skipped_missing_inputs; RDA-optimisation-FAMILY.R=skipped_missing_inputs; RDA-optimisation-survey-biomass-FAMILY.R=skipped_missing_inputs; RDA-optimisation-survey-biomass.R=skipped_missing_inputs; yield-optimisation-downsampleFishedSpecies.R=skipped_missing_inputs; yield-optimisation-downsampleSpeciesPool.R=skipped_missing_inputs; run-sensitivity-analyses.R=errored; Yield-optimisation-FAMILY.R=skipped_missing_inputs; Yield-optimisation-survey-biomass-FAMILY.R=skipped_missing_inputs; Yield-optimisation-survey-biomass.R=skipped_missing_inputs
[repro] extracted statistical output from 1 script(s)' console output.
[2026-09-20 12:23:13] Batch 167/1861 done (1/1 papers succeeded).
[2026-09-20 12:23:13] Batch 168/1861 (papers 168-168): running reproducibility_check on 1 paper(s), one at a time...
[2026-09-20 12:23:13]   Paper 1/1 in batch (10_1002_pan3_10743)...
[2026-09-20 12:23:14] Batch 168/1861 done (1/1 papers succeeded).
[2026-09-20 12:23:14] Batch 169/1861 (papers 169-169): running reproducibility_check on 1 paper(s), one at a time...
[2026-09-20 12:23:14]   Paper 1/1 in batch (10_1002_pan3_10745)...
[repro] execute = TRUE (sandbox = docker). install_missing = TRUE, timeout = 3000s, keep_sandbox = FALSE
[repro] sandbox root: C:\Users\dlakens\AppData\Local\Temp\RtmpaqOq5E\repro_sandbox_750b3c5b1b
[repro] docker image: ghcr.io/scienceverse/metacheck_r:latest
[repro] materialising Psych-DS layout from plan (10 plan rows) ...
[repro]   materialised 5/10 files.
[repro] writing 5 rewritten script(s) into the layout ...
[repro]   wrote 5 script(s).
[repro] installing 29 dependenc(y/ies): AICcmodavg, broom, car, coin, cowplot, DHARMa, dplyr, effects, emmeans, forcats, gamm4, ggeffects, ggplot2, glmmTMB, haven, Hmisc, knitr, likert, lme4, MuMIn, ncf, readr, reshape2, sjPlot, sure, tidyr, vcd, VGAM, waffle
[repro]   install done: 0 ok, 29 failed.
[repro] skipping (missing inputs): Food_FeedingMonitoring_20230303.R, FeederAbundances_20231012.R
[repro] running 5 script(s) in order: figure_code_effectplots_AH0724.R -> Food_FeedingMonitoring_20230303.R -> FeederAbundances_20231012.R -> Final_analysis.R -> Final_analysis.Rmd
[repro/docker]   -> running 'figure_code_effectplots_AH0724.R' (timeout 3000s) ...
[repro/docker]   <- 'figure_code_effectplots_AH0724.R' done in 1.1s
[repro/docker]   -> running 'Final_analysis.Rmd' (timeout 3000s) ...
[repro/docker]   <- 'Final_analysis.Rmd' done in 2.8s
[repro] execution finished (pass 1). outcomes: figure_code_effectplots_AH0724.R=errored; Food_FeedingMonitoring_20230303.R=skipped_missing_inputs; FeederAbundances_20231012.R=skipped_missing_inputs; Final_analysis.R=not_parsed; Final_analysis.Rmd=errored
[repro] undefined-var edge: 'Food_FeedingMonitoring_20230303.R' defines 'msunf' needed by 'figure_code_effectplots_AH0724.R'
[repro] re-running 5 script(s) in corrected order: Food_FeedingMonitoring_20230303.R -> figure_code_effectplots_AH0724.R -> FeederAbundances_20231012.R -> Final_analysis.R -> Final_analysis.Rmd
[repro/docker]   -> running 'figure_code_effectplots_AH0724.R' (timeout 3000s) ...
[repro/docker]   <- 'figure_code_effectplots_AH0724.R' done in 1s
[repro/docker]   -> running 'Final_analysis.Rmd' (timeout 3000s) ...
[repro/docker]   <- 'Final_analysis.Rmd' done in 2.4s
[repro] execution finished (pass 2). outcomes: Food_FeedingMonitoring_20230303.R=skipped_missing_inputs; figure_code_effectplots_AH0724.R=errored; FeederAbundances_20231012.R=skipped_missing_inputs; Final_analysis.R=not_parsed; Final_analysis.Rmd=errored
[repro] extracted statistical output from 1 script(s)' console output.
[2026-09-20 12:23:37] Batch 169/1861 done (1/1 papers succeeded).
[2026-09-20 12:23:37] Batch 170/1861 (papers 170-170): running reproducibility_check on 1 paper(s), one at a time...
[2026-09-20 12:23:37]   Paper 1/1 in batch (10_1002_pan3_10748)...
[2026-09-20 12:23:43] Batch 170/1861 done (1/1 papers succeeded).
[2026-09-20 12:23:43] Batch 171/1861 (papers 171-171): running reproducibility_check on 1 paper(s), one at a time...
[2026-09-20 12:23:43]   Paper 1/1 in batch (10_1002_pan3_10756)...
[2026-09-20 12:23:46] Batch 171/1861 done (1/1 papers succeeded).
[2026-09-20 12:23:46] Batch 172/1861 (papers 172-172): running reproducibility_check on 1 paper(s), one at a time...
[2026-09-20 12:23:46]   Paper 1/1 in batch (10_1002_pan3_10758)...
[2026-09-20 12:23:46] Batch 172/1861 done (1/1 papers succeeded).
[2026-09-20 12:23:46] Batch 173/1861 (papers 173-173): running reproducibility_check on 1 paper(s), one at a time...
[2026-09-20 12:23:46]   Paper 1/1 in batch (10_1002_pan3_10776)...
[2026-09-20 12:23:48] Batch 173/1861 done (1/1 papers succeeded).
[2026-09-20 12:23:48] Batch 174/1861 (papers 174-174): running reproducibility_check on 1 paper(s), one at a time...
[2026-09-20 12:23:48]   Paper 1/1 in batch (10_1002_pan3_14)...
[2026-09-20 12:23:49] Batch 174/1861 done (1/1 papers succeeded).
[2026-09-20 12:23:49] Batch 175/1861 (papers 175-175): running reproducibility_check on 1 paper(s), one at a time...
[2026-09-20 12:23:49]   Paper 1/1 in batch (10_1002_pan3_26)...
[2026-09-20 12:23:52] Batch 175/1861 done (1/1 papers succeeded).
[2026-09-20 12:23:52] Batch 176/1861 (papers 176-176): running reproducibility_check on 1 paper(s), one at a time...
[2026-09-20 12:23:52]   Paper 1/1 in batch (10_1002_pan3_32)...
[2026-09-20 12:23:52] Batch 176/1861 done (1/1 papers succeeded).
[2026-09-20 12:23:52] Batch 177/1861 (papers 177-177): running reproducibility_check on 1 paper(s), one at a time...
[2026-09-20 12:23:52]   Paper 1/1 in batch (10_1002_pan3_6)...
[2026-09-20 12:23:56] Batch 177/1861 done (1/1 papers succeeded).
[2026-09-20 12:23:56] Batch 178/1861 (papers 178-178): running reproducibility_check on 1 paper(s), one at a time...
[2026-09-20 12:23:56]   Paper 1/1 in batch (10_1111_1365_2435_12826)...
[2026-09-20 12:23:57] Batch 178/1861 done (1/1 papers succeeded).
[2026-09-20 12:23:57] Batch 179/1861 (papers 179-179): running reproducibility_check on 1 paper(s), one at a time...
[2026-09-20 12:23:57]   Paper 1/1 in batch (10_1111_1365_2435_12834)...
[2026-09-20 12:23:59] Batch 179/1861 done (1/1 papers succeeded).
[2026-09-20 12:23:59] Batch 180/1861 (papers 180-180): running reproducibility_check on 1 paper(s), one at a time...
[2026-09-20 12:23:59]   Paper 1/1 in batch (10_1111_1365_2435_12836)...
[2026-09-20 12:24:01] Batch 180/1861 done (1/1 papers succeeded).
[2026-09-20 12:24:01] Batch 181/1861 (papers 181-181): running reproducibility_check on 1 paper(s), one at a time...
[2026-09-20 12:24:01]   Paper 1/1 in batch (10_1111_1365_2435_12853)...
[repro] execute = TRUE (sandbox = docker). install_missing = TRUE, timeout = 3000s, keep_sandbox = FALSE
[repro] sandbox root: C:\Users\dlakens\AppData\Local\Temp\RtmpaqOq5E\repro_sandbox_750410c2b5
[repro] docker image: ghcr.io/scienceverse/metacheck_r:latest
[repro] materialising Psych-DS layout from plan (8 plan rows) ...
[repro]   materialised 7/8 files.
[repro] writing 1 rewritten script(s) into the layout ...
[repro]   wrote 1 script(s).
[repro] install_missing FALSE or no deps; skipping installs.
[repro] running 1 script(s) in order: Tests.R
[repro/docker]   -> running 'Tests.R' (timeout 3000s) ...
[repro/docker]   <- 'Tests.R' done in 0.6s
[repro] execution finished (pass 1). outcomes: Tests.R=errored
[repro] extracted statistical output from 1 script(s)' console output.
[2026-09-20 12:24:16] Batch 181/1861 done (1/1 papers succeeded).
[2026-09-20 12:24:16] Batch 182/1861 (papers 182-182): running reproducibility_check on 1 paper(s), one at a time...
[2026-09-20 12:24:16]   Paper 1/1 in batch (10_1111_1365_2435_12859)...
[2026-09-20 12:24:26] Batch 182/1861 done (1/1 papers succeeded).
[2026-09-20 12:24:26] Batch 183/1861 (papers 183-183): running reproducibility_check on 1 paper(s), one at a time...
[2026-09-20 12:24:26]   Paper 1/1 in batch (10_1111_1365_2435_12861)...
[2026-09-20 12:24:28] Batch 183/1861 done (1/1 papers succeeded).
[2026-09-20 12:24:28] Batch 184/1861 (papers 184-184): running reproducibility_check on 1 paper(s), one at a time...
[2026-09-20 12:24:28]   Paper 1/1 in batch (10_1111_1365_2435_12867)...
[2026-09-20 12:24:29] Batch 184/1861 done (1/1 papers succeeded).
[2026-09-20 12:24:29] Batch 185/1861 (papers 185-185): running reproducibility_check on 1 paper(s), one at a time...
[2026-09-20 12:24:29]   Paper 1/1 in batch (10_1111_1365_2435_12870)...
[2026-09-20 12:24:30] Batch 185/1861 done (1/1 papers succeeded).
[2026-09-20 12:24:30] Batch 186/1861 (papers 186-186): running reproducibility_check on 1 paper(s), one at a time...
[2026-09-20 12:24:30]   Paper 1/1 in batch (10_1111_1365_2435_12871)...
Waiting 2s for retry backoff ■■■■■■■■■■■■■■■                 
Waiting 2s for retry backoff ■■■■■■■■■■■■■■■■■■■■■■■■■■■■■■  
Waiting 4s for retry backoff ■■■■■■■■■■■■                    
Waiting 4s for retry backoff ■■■■■■■■■■■■■■■■■■■■■■■■■■■■■■■ 
Waiting 2s for retry backoff ■■■■■■■■■■■■■■■                 
Waiting 2s for retry backoff ■■■■■■■■■■■■■■■■■■■■■■■■■■■■■■■ 
Waiting 4s for retry backoff ■■■■■■■■                        
Waiting 4s for retry backoff ■■■■■■■■■■■■■■■■■■■■■■■■        
Waiting 4s for retry backoff ■■■■■■■■■■■■■■■■■■■■■■■■■■■■■■  
Waiting 2s for retry backoff ■■■■■■■■■■■■■■■■■■■■■■■■■■■■■■■ 
Waiting 4s for retry backoff ■■■■■■■■■■■■■                   
Waiting 4s for retry backoff ■■■■■■■■■■■■■■■■■■■■■■■■■■■■■■■ 
Waiting 2s for retry backoff ■■■■■■■■■■■■■■■■                
Waiting 2s for retry backoff ■■■■■■■■■■■■■■■■■■■■■■■■■■■■■■■ 
Waiting 4s for retry backoff ■■■■■■■■                        
Waiting 4s for retry backoff ■■■■■■■■■■■■■■■■■■■■■■■■■       
Waiting 4s for retry backoff ■■■■■■■■■■■■■■■■■■■■■■■■■■■■■■■ 
Waiting 2s for retry backoff ■■■■■■■■■■■■■■■■■■■■■■■■■■■■■■■ 
Waiting 4s for retry backoff ■■■■■■■■■■■■■■                  
Waiting 4s for retry backoff ■■■■■■■■■■■■■■■■■■■■■■■■■■■■■■  
Waiting 2s for retry backoff ■■■■■■■■■■■■■■■■                
Waiting 2s for retry backoff ■■■■■■■■■■■■■■■■■■■■■■■■■■■■■■■ 
Waiting 4s for retry backoff ■■■■■■■■                        
Waiting 4s for retry backoff ■■■■■■■■■■■■■■■■■■■■■■■■■■      
Waiting 4s for retry backoff ■■■■■■■■■■■■■■■■■■■■■■■■■■■■■■■ 
Waiting 4s for retry backoff ■■■■■■■■                        
Waiting 4s for retry backoff ■■■■■■■■■■■■■■■■                
Waiting 4s for retry backoff ■■■■■■■■■■■■■■■■■■■■■■■■■■■■■■  
Waiting 2s for retry backoff ■■■■■■■■■■■■■■■                 
Waiting 2s for retry backoff ■■■■■■■■■■■■■■■■■■■■■■■■■■■■■■  
Waiting 4s for retry backoff ■■■■■■■■                        
Waiting 4s for retry backoff ■■■■■■■■■■■■■■■■■■■■■■■■■■■     
Waiting 4s for retry backoff ■■■■■■■■■■■■■■■■■■■■■■■■■■■■■■  
Waiting 2s for retry backoff ■■■■■■■■■■■■■■■■■■■■■■■■■■■■■■  
Waiting 4s for retry backoff ■■■■■■■■■■■■■■■■■               
Waiting 4s for retry backoff ■■■■■■■■■■■■■■■■■■■■■■■■■■■■■■■ 
Waiting 2s for retry backoff ■■■■■■■■■■■■■■■                 
Waiting 2s for retry backoff ■■■■■■■■■■■■■■■■■■■■■■■■■■■■■■  
Waiting 4s for retry backoff ■■■■■■■■                        
Waiting 4s for retry backoff ■■■■■■■■■■■■■■■■■■■■■■■■■■■■■   
Waiting 4s for retry backoff ■■■■■■■■■■■■■■■■■■■■■■■■■■■■■■  
Waiting 4s for retry backoff ■■■■■■■■                        
Waiting 4s for retry backoff ■■■■■■■■■■■■■■■■■■■             
Waiting 4s for retry backoff ■■■■■■■■■■■■■■■■■■■■■■■■■■■■■■  
Waiting 2s for retry backoff ■■■■■■■■■■■■■■■■                
Waiting 2s for retry backoff ■■■■■■■■■■■■■■■■■■■■■■■■■■■■■■  
Waiting 4s for retry backoff ■■■■■■■■                        
Waiting 4s for retry backoff ■■■■■■■■■■■■■■■■■■■■■■■■■■■■■■  
Waiting 2s for retry backoff ■■■■■■■■■■■■■■■■■■■■■■■■■■■■■■■ 
Waiting 4s for retry backoff ■■■■■■■■■■■■■■■■■■■■            
Waiting 4s for retry backoff ■■■■■■■■■■■■■■■■■■■■■■■■■■■■■■  
Waiting 2s for retry backoff ■■■■■■■■■■■■■■■                 
Waiting 2s for retry backoff ■■■■■■■■■■■■■■■■■■■■■■■■■■■■■■  
Waiting 4s for retry backoff ■■■■■■■■■                       
Waiting 4s for retry backoff ■■■■■■■■■■■■■■■■■■■■■■■■■■■■■■  
Waiting 2s for retry backoff ■■■■■■■■■■■■■■■■                
Waiting 2s for retry backoff ■■■■■■■■■■■■■■■■■■■■■■■■■■■■■■  
Waiting 4s for retry backoff ■■■■■■■■■                       
Waiting 4s for retry backoff ■■■■■■■■■■■■■■■■■■■■■           
Waiting 4s for retry backoff ■■■■■■■■■■■■■■■■■■■■■■■■■■■■■■■ 
Waiting 2s for retry backoff ■■■■■■■■■■■■■■■■                
Waiting 2s for retry backoff ■■■■■■■■■■■■■■■■■■■■■■■■■■■■■■■ 
Waiting 4s for retry backoff ■■■■■■■■■■■                     
Waiting 4s for retry backoff ■■■■■■■■■■■■■■■■■■■■■■■■■■■■■■  
Waiting 2s for retry backoff ■■■■■■■■■■■■■■■                 
Waiting 2s for retry backoff ■■■■■■■■■■■■■■■■■■■■■■■■■■■■■■  
Waiting 4s for retry backoff ■■■■■■■■                        
Waiting 4s for retry backoff ■■■■■■■■■■■■■■■■■■■■■■          
Waiting 4s for retry backoff ■■■■■■■■■■■■■■■■■■■■■■■■■■■■■■■ 
Waiting 2s for retry backoff ■■■■■■■■■■■■■■■■                
Waiting 2s for retry backoff ■■■■■■■■■■■■■■■■■■■■■■■■■■■■■■  
Waiting 4s for retry backoff ■■■■■■■■■■■                     
Waiting 4s for retry backoff ■■■■■■■■■■■■■■■■■■■■■■■■■■■■■■■ 
Waiting 2s for retry backoff ■■■■■■■■■■■■■■■■                
Waiting 2s for retry backoff ■■■■■■■■■■■■■■■■■■■■■■■■■■■■■■■ 
Waiting 4s for retry backoff ■■■■■■■■                        
Waiting 4s for retry backoff ■■■■■■■■■■■■■■■■■■■■■■■         
Waiting 4s for retry backoff ■■■■■■■■■■■■■■■■■■■■■■■■■■■■■■■ 
Waiting 2s for retry backoff ■■■■■■■■■■■■■■■■                
Waiting 2s for retry backoff ■■■■■■■■■■■■■■■■■■■■■■■■■■■■■   
Waiting 4s for retry backoff ■■■■■■■■■■■■■                   
Waiting 4s for retry backoff ■■■■■■■■■■■■■■■■■■■■■■■■■■■■■■■ 
[2026-09-20 12:27:01] Batch 186/1861 done (1/1 papers succeeded).
[2026-09-20 12:27:01] Batch 187/1861 (papers 187-187): running reproducibility_check on 1 paper(s), one at a time...
[2026-09-20 12:27:01]   Paper 1/1 in batch (10_1111_1365_2435_12872)...
[2026-09-20 12:27:02] Batch 187/1861 done (1/1 papers succeeded).
[2026-09-20 12:27:02] Batch 188/1861 (papers 188-188): running reproducibility_check on 1 paper(s), one at a time...
[2026-09-20 12:27:02]   Paper 1/1 in batch (10_1111_1365_2435_12874)...
[2026-09-20 12:27:03] Batch 188/1861 done (1/1 papers succeeded).
[2026-09-20 12:27:03] Batch 189/1861 (papers 189-189): running reproducibility_check on 1 paper(s), one at a time...
[2026-09-20 12:27:03]   Paper 1/1 in batch (10_1111_1365_2435_12885)...
[2026-09-20 12:27:05] Batch 189/1861 done (1/1 papers succeeded).
[2026-09-20 12:27:05] Batch 190/1861 (papers 190-190): running reproducibility_check on 1 paper(s), one at a time...
[2026-09-20 12:27:05]   Paper 1/1 in batch (10_1111_1365_2435_12886)...
[2026-09-20 12:27:06] Batch 190/1861 done (1/1 papers succeeded).
[2026-09-20 12:27:06] Batch 191/1861 (papers 191-191): running reproducibility_check on 1 paper(s), one at a time...
[2026-09-20 12:27:06]   Paper 1/1 in batch (10_1111_1365_2435_12890)...
Waiting 2s for retry backoff ■■■■■■■■■■■■■■■■                
Waiting 2s for retry backoff ■■■■■■■■■■■■■■■■■■■■■■■■■■■■■■  
Waiting 4s for retry backoff ■■■■■■■■■■■■■■                  
Waiting 4s for retry backoff ■■■■■■■■■■■■■■■■■■■■■■■■■■■■■■  
Waiting 2s for retry backoff ■■■■■■■■■■■■■■■■                
Waiting 2s for retry backoff ■■■■■■■■■■■■■■■■■■■■■■■■■■■■■   
Waiting 4s for retry backoff ■■■■■■■■■                       
Waiting 4s for retry backoff ■■■■■■■■■■■■■■■■■■■■■■■■■■      
Waiting 4s for retry backoff ■■■■■■■■■■■■■■■■■■■■■■■■■■■■■■  
[2026-09-20 12:27:24] Batch 191/1861 done (1/1 papers succeeded).
[2026-09-20 12:27:24] Batch 192/1861 (papers 192-192): running reproducibility_check on 1 paper(s), one at a time...
[2026-09-20 12:27:24]   Paper 1/1 in batch (10_1111_1365_2435_12895)...
[2026-09-20 12:27:25] Batch 192/1861 done (1/1 papers succeeded).
[2026-09-20 12:27:25] Batch 193/1861 (papers 193-193): running reproducibility_check on 1 paper(s), one at a time...
[2026-09-20 12:27:25]   Paper 1/1 in batch (10_1111_1365_2435_12897)...
[2026-09-20 12:27:26] Batch 193/1861 done (1/1 papers succeeded).
[2026-09-20 12:27:26] Batch 194/1861 (papers 194-194): running reproducibility_check on 1 paper(s), one at a time...
[2026-09-20 12:27:26]   Paper 1/1 in batch (10_1111_1365_2435_12903)...
[2026-09-20 12:27:27] Batch 194/1861 done (1/1 papers succeeded).
[2026-09-20 12:27:27] Batch 195/1861 (papers 195-195): running reproducibility_check on 1 paper(s), one at a time...
[2026-09-20 12:27:27]   Paper 1/1 in batch (10_1111_1365_2435_12906)...
[2026-09-20 12:27:28] Batch 195/1861 done (1/1 papers succeeded).
[2026-09-20 12:27:28] Batch 196/1861 (papers 196-196): running reproducibility_check on 1 paper(s), one at a time...
[2026-09-20 12:27:28]   Paper 1/1 in batch (10_1111_1365_2435_12909)...
[2026-09-20 12:27:30] Batch 196/1861 done (1/1 papers succeeded).
[2026-09-20 12:27:30] Batch 197/1861 (papers 197-197): running reproducibility_check on 1 paper(s), one at a time...
[2026-09-20 12:27:30]   Paper 1/1 in batch (10_1111_1365_2435_12910)...
[2026-09-20 12:27:31] Batch 197/1861 done (1/1 papers succeeded).
[2026-09-20 12:27:31] Batch 198/1861 (papers 198-198): running reproducibility_check on 1 paper(s), one at a time...
[2026-09-20 12:27:31]   Paper 1/1 in batch (10_1111_1365_2435_12913)...
[2026-09-20 12:27:35] Batch 198/1861 done (1/1 papers succeeded).
[2026-09-20 12:27:35] Batch 199/1861 (papers 199-199): running reproducibility_check on 1 paper(s), one at a time...
[2026-09-20 12:27:35]   Paper 1/1 in batch (10_1111_1365_2435_12919)...
[2026-09-20 12:27:37] Batch 199/1861 done (1/1 papers succeeded).
[2026-09-20 12:27:37] Batch 200/1861 (papers 200-200): running reproducibility_check on 1 paper(s), one at a time...
[2026-09-20 12:27:37]   Paper 1/1 in batch (10_1111_1365_2435_12926)...
[2026-09-20 12:27:38] Batch 200/1861 done (1/1 papers succeeded).
[2026-09-20 12:27:38] Batch 201/1861 (papers 201-201): running reproducibility_check on 1 paper(s), one at a time...
[2026-09-20 12:27:38]   Paper 1/1 in batch (10_1111_1365_2435_12927)...
[2026-09-20 12:27:40] Batch 201/1861 done (1/1 papers succeeded).
[2026-09-20 12:27:40] Batch 202/1861 (papers 202-202): running reproducibility_check on 1 paper(s), one at a time...
[2026-09-20 12:27:40]   Paper 1/1 in batch (10_1111_1365_2435_12928)...
[2026-09-20 12:27:41] Batch 202/1861 done (1/1 papers succeeded).
[2026-09-20 12:27:41] Batch 203/1861 (papers 203-203): running reproducibility_check on 1 paper(s), one at a time...
[2026-09-20 12:27:41]   Paper 1/1 in batch (10_1111_1365_2435_12929)...
[2026-09-20 12:27:43] Batch 203/1861 done (1/1 papers succeeded).
[2026-09-20 12:27:43] Batch 204/1861 (papers 204-204): running reproducibility_check on 1 paper(s), one at a time...
[2026-09-20 12:27:43]   Paper 1/1 in batch (10_1111_1365_2435_12930)...
[2026-09-20 12:27:47] Batch 204/1861 done (1/1 papers succeeded).
[2026-09-20 12:27:47] Batch 205/1861 (papers 205-205): running reproducibility_check on 1 paper(s), one at a time...
[2026-09-20 12:27:47]   Paper 1/1 in batch (10_1111_1365_2435_12932)...
[2026-09-20 12:27:50] Batch 205/1861 done (1/1 papers succeeded).
[2026-09-20 12:27:50] Batch 206/1861 (papers 206-206): running reproducibility_check on 1 paper(s), one at a time...
[2026-09-20 12:27:50]   Paper 1/1 in batch (10_1111_1365_2435_12933)...
[2026-09-20 12:27:52] Batch 206/1861 done (1/1 papers succeeded).
[2026-09-20 12:27:52] Batch 207/1861 (papers 207-207): running reproducibility_check on 1 paper(s), one at a time...
[2026-09-20 12:27:52]   Paper 1/1 in batch (10_1111_1365_2435_12935)...
[2026-09-20 12:27:53] Batch 207/1861 done (1/1 papers succeeded).
[2026-09-20 12:27:53] Batch 208/1861 (papers 208-208): running reproducibility_check on 1 paper(s), one at a time...
[2026-09-20 12:27:53]   Paper 1/1 in batch (10_1111_1365_2435_12945)...
[2026-09-20 12:27:54] Batch 208/1861 done (1/1 papers succeeded).
[2026-09-20 12:27:54] Batch 209/1861 (papers 209-209): running reproducibility_check on 1 paper(s), one at a time...
[2026-09-20 12:27:54]   Paper 1/1 in batch (10_1111_1365_2435_12953)...
[repro] execute = TRUE (sandbox = docker). install_missing = TRUE, timeout = 3000s, keep_sandbox = FALSE
[repro] sandbox root: C:\Users\dlakens\AppData\Local\Temp\RtmpaqOq5E\repro_sandbox_750723169a1
[repro] docker image: ghcr.io/scienceverse/metacheck_r:latest
[repro] materialising Psych-DS layout from plan (20 plan rows) ...
[repro]   materialised 34/37 files.
[repro] writing 3 rewritten script(s) into the layout ...
[repro]   wrote 3 script(s).
[repro] installing 9 dependenc(y/ies): bear, coxme, ggplot2, glmm, gWidgets2, gWidgets2RGtk2, lme4, pbkrtest, randomizeBE
[repro]   install done: 0 ok, 9 failed.
[repro] skipping (missing inputs): r script for analysis and OHtests of temperature humidity and light data.R
[repro] running 3 script(s) in order: r script for analysis and OHtests of temperature humidity and light data.R -> R script for analysis of larval pupal and egg development time.R -> R script for analysis of survivorship.R
[repro/docker]   -> running 'R script for analysis of larval pupal and egg development time.R' (timeout 3000s) ...
[repro/docker]   <- 'R script for analysis of larval pupal and egg development time.R' done in 1s
[repro/docker]   -> running 'R script for analysis of survivorship.R' (timeout 3000s) ...
[repro/docker]   <- 'R script for analysis of survivorship.R' done in 0.7s
[repro] execution finished (pass 1). outcomes: r script for analysis and OHtests of temperature humidity and light data.R=skipped_missing_inputs; R script for analysis of larval pupal and egg development time.R=errored; R script for analysis of survivorship.R=errored
[repro] extracted statistical output from 1 script(s)' console output.
[2026-09-20 12:28:15] Batch 209/1861 done (1/1 papers succeeded).
[2026-09-20 12:28:15] Batch 210/1861 (papers 210-210): running reproducibility_check on 1 paper(s), one at a time...
[2026-09-20 12:28:15]   Paper 1/1 in batch (10_1111_1365_2435_12969)...
[2026-09-20 12:28:17] Batch 210/1861 done (1/1 papers succeeded).
[2026-09-20 12:28:17] Batch 211/1861 (papers 211-211): running reproducibility_check on 1 paper(s), one at a time...
[2026-09-20 12:28:17]   Paper 1/1 in batch (10_1111_1365_2435_12971)...
[2026-09-20 12:28:18] Batch 211/1861 done (1/1 papers succeeded).
[2026-09-20 12:28:18] Batch 212/1861 (papers 212-212): running reproducibility_check on 1 paper(s), one at a time...
[2026-09-20 12:28:18]   Paper 1/1 in batch (10_1111_1365_2435_12973)...
[2026-09-20 12:28:19] Batch 212/1861 done (1/1 papers succeeded).
[2026-09-20 12:28:19] Batch 213/1861 (papers 213-213): running reproducibility_check on 1 paper(s), one at a time...
[2026-09-20 12:28:19]   Paper 1/1 in batch (10_1111_1365_2435_12975)...
[2026-09-20 12:28:20] Batch 213/1861 done (1/1 papers succeeded).
[2026-09-20 12:28:20] Batch 214/1861 (papers 214-214): running reproducibility_check on 1 paper(s), one at a time...
[2026-09-20 12:28:20]   Paper 1/1 in batch (10_1111_1365_2435_12987)...
[2026-09-20 12:28:22] Batch 214/1861 done (1/1 papers succeeded).
[2026-09-20 12:28:22] Batch 215/1861 (papers 215-215): running reproducibility_check on 1 paper(s), one at a time...
[2026-09-20 12:28:22]   Paper 1/1 in batch (10_1111_1365_2435_12991)...
[2026-09-20 12:28:24] Batch 215/1861 done (1/1 papers succeeded).
[2026-09-20 12:28:24] Batch 216/1861 (papers 216-216): running reproducibility_check on 1 paper(s), one at a time...
[2026-09-20 12:28:24]   Paper 1/1 in batch (10_1111_1365_2435_12992)...
[2026-09-20 12:28:25] Batch 216/1861 done (1/1 papers succeeded).
[2026-09-20 12:28:25] Batch 217/1861 (papers 217-217): running reproducibility_check on 1 paper(s), one at a time...
[2026-09-20 12:28:25]   Paper 1/1 in batch (10_1111_1365_2435_12995)...
[2026-09-20 12:28:27] Batch 217/1861 done (1/1 papers succeeded).
[2026-09-20 12:28:27] Batch 218/1861 (papers 218-218): running reproducibility_check on 1 paper(s), one at a time...
[2026-09-20 12:28:27]   Paper 1/1 in batch (10_1111_1365_2435_12997)...
[2026-09-20 12:28:28] Batch 218/1861 done (1/1 papers succeeded).
[2026-09-20 12:28:28] Batch 219/1861 (papers 219-219): running reproducibility_check on 1 paper(s), one at a time...
[2026-09-20 12:28:28]   Paper 1/1 in batch (10_1111_1365_2435_12998)...
[2026-09-20 12:28:36] Batch 219/1861 done (1/1 papers succeeded).
[2026-09-20 12:28:36] Batch 220/1861 (papers 220-220): running reproducibility_check on 1 paper(s), one at a time...
[2026-09-20 12:28:36]   Paper 1/1 in batch (10_1111_1365_2435_13000)...
[2026-09-20 12:28:38] Batch 220/1861 done (1/1 papers succeeded).
[2026-09-20 12:28:38] Batch 221/1861 (papers 221-221): running reproducibility_check on 1 paper(s), one at a time...
[2026-09-20 12:28:38]   Paper 1/1 in batch (10_1111_1365_2435_13003)...
[2026-09-20 12:28:39] Batch 221/1861 done (1/1 papers succeeded).
[2026-09-20 12:28:39] Batch 222/1861 (papers 222-222): running reproducibility_check on 1 paper(s), one at a time...
[2026-09-20 12:28:39]   Paper 1/1 in batch (10_1111_1365_2435_13006)...
[2026-09-20 12:28:43] Batch 222/1861 done (1/1 papers succeeded).
[2026-09-20 12:28:43] Batch 223/1861 (papers 223-223): running reproducibility_check on 1 paper(s), one at a time...
[2026-09-20 12:28:43]   Paper 1/1 in batch (10_1111_1365_2435_13008)...
[2026-09-20 12:28:45] Batch 223/1861 done (1/1 papers succeeded).
[2026-09-20 12:28:45] Batch 224/1861 (papers 224-224): running reproducibility_check on 1 paper(s), one at a time...
[2026-09-20 12:28:45]   Paper 1/1 in batch (10_1111_1365_2435_13015)...
[2026-09-20 12:28:46] Batch 224/1861 done (1/1 papers succeeded).
[2026-09-20 12:28:46] Batch 225/1861 (papers 225-225): running reproducibility_check on 1 paper(s), one at a time...
[2026-09-20 12:28:46]   Paper 1/1 in batch (10_1111_1365_2435_13017)...
[2026-09-20 12:28:48] Batch 225/1861 done (1/1 papers succeeded).
[2026-09-20 12:28:48] Batch 226/1861 (papers 226-226): running reproducibility_check on 1 paper(s), one at a time...
[2026-09-20 12:28:48]   Paper 1/1 in batch (10_1111_1365_2435_13025)...
[2026-09-20 12:28:50] Batch 226/1861 done (1/1 papers succeeded).
[2026-09-20 12:28:50] Batch 227/1861 (papers 227-227): running reproducibility_check on 1 paper(s), one at a time...
[2026-09-20 12:28:50]   Paper 1/1 in batch (10_1111_1365_2435_13026)...
[repro] execute = TRUE (sandbox = docker). install_missing = TRUE, timeout = 3000s, keep_sandbox = FALSE
[repro] sandbox root: C:\Users\dlakens\AppData\Local\Temp\RtmpaqOq5E\repro_sandbox_750a925374
[repro] docker image: ghcr.io/scienceverse/metacheck_r:latest
[repro] materialising Psych-DS layout from plan (5 plan rows) ...
[repro]   materialised 3/5 files.
[repro] writing 2 rewritten script(s) into the layout ...
[repro]   wrote 2 script(s).
[repro] installing 6 dependenc(y/ies): doParallel, gstat, siar, sp, SpatialPack, spatstat
[repro]   install done: 0 ok, 6 failed.
[repro] skipping (missing inputs): Isotope scaling curves.R, SampleSizeModelling.R
[repro] running 2 script(s) in order: Isotope scaling curves.R -> SampleSizeModelling.R
[repro] execution finished (pass 1). outcomes: Isotope scaling curves.R=skipped_missing_inputs; SampleSizeModelling.R=skipped_missing_inputs
[2026-09-20 12:28:54] Batch 227/1861 done (1/1 papers succeeded).
[2026-09-20 12:28:54] Batch 228/1861 (papers 228-228): running reproducibility_check on 1 paper(s), one at a time...
[2026-09-20 12:28:54]   Paper 1/1 in batch (10_1111_1365_2435_13029)...
[2026-09-20 12:28:57] Batch 228/1861 done (1/1 papers succeeded).
[2026-09-20 12:28:57] Batch 229/1861 (papers 229-229): running reproducibility_check on 1 paper(s), one at a time...
[2026-09-20 12:28:57]   Paper 1/1 in batch (10_1111_1365_2435_13032)...
[2026-09-20 12:28:59] Batch 229/1861 done (1/1 papers succeeded).
[2026-09-20 12:28:59] Batch 230/1861 (papers 230-230): running reproducibility_check on 1 paper(s), one at a time...
[2026-09-20 12:28:59]   Paper 1/1 in batch (10_1111_1365_2435_13038)...
[repro] execute = TRUE (sandbox = docker). install_missing = TRUE, timeout = 3000s, keep_sandbox = FALSE
[repro] sandbox root: C:\Users\dlakens\AppData\Local\Temp\RtmpaqOq5E\repro_sandbox_7502402402e
[repro] docker image: ghcr.io/scienceverse/metacheck_r:latest
[repro] materialising Psych-DS layout from plan (6 plan rows) ...
[repro]   materialised 5/6 files.
[repro] writing 1 rewritten script(s) into the layout ...
[repro]   wrote 1 script(s).
[repro] installing 3 dependenc(y/ies): lme4, pbkrtest, pscl
[repro]   install done: 3 ok, 0 failed.
[repro] running 1 script(s) in order: Combined Experiment 2017 code.R
[repro/docker]   -> running 'Combined Experiment 2017 code.R' (timeout 3000s) ...
[repro/docker]   <- 'Combined Experiment 2017 code.R' done in 0.6s
[repro] execution finished (pass 1). outcomes: Combined Experiment 2017 code.R=errored
[2026-09-20 12:29:18] Batch 230/1861 done (1/1 papers succeeded).
[2026-09-20 12:29:18] Batch 231/1861 (papers 231-231): running reproducibility_check on 1 paper(s), one at a time...
[2026-09-20 12:29:18]   Paper 1/1 in batch (10_1111_1365_2435_13046)...
[2026-09-20 12:29:26] Batch 231/1861 done (1/1 papers succeeded).
[2026-09-20 12:29:26] Batch 232/1861 (papers 232-232): running reproducibility_check on 1 paper(s), one at a time...
[2026-09-20 12:29:26]   Paper 1/1 in batch (10_1111_1365_2435_13048)...
[2026-09-20 12:29:28] Batch 232/1861 done (1/1 papers succeeded).
[2026-09-20 12:29:28] Batch 233/1861 (papers 233-233): running reproducibility_check on 1 paper(s), one at a time...
[2026-09-20 12:29:28]   Paper 1/1 in batch (10_1111_1365_2435_13054)...
[2026-09-20 12:29:29] Batch 233/1861 done (1/1 papers succeeded).
[2026-09-20 12:29:29] Batch 234/1861 (papers 234-234): running reproducibility_check on 1 paper(s), one at a time...
[2026-09-20 12:29:29]   Paper 1/1 in batch (10_1111_1365_2435_13057)...
[2026-09-20 12:29:31] Batch 234/1861 done (1/1 papers succeeded).
[2026-09-20 12:29:31] Batch 235/1861 (papers 235-235): running reproducibility_check on 1 paper(s), one at a time...
[2026-09-20 12:29:31]   Paper 1/1 in batch (10_1111_1365_2435_13058)...
[2026-09-20 12:29:32] Batch 235/1861 done (1/1 papers succeeded).
[2026-09-20 12:29:32] Batch 236/1861 (papers 236-236): running reproducibility_check on 1 paper(s), one at a time...
[2026-09-20 12:29:32]   Paper 1/1 in batch (10_1111_1365_2435_13061)...
Waiting 2s for retry backoff ■■■■■■■■■■■■■■■■                
Waiting 2s for retry backoff ■■■■■■■■■■■■■■■■■■■■■■■■■■■■■■■ 
Waiting 4s for retry backoff ■■■■■■■■                        
Waiting 4s for retry backoff ■■■■■■■■■■■■■■■■■■■■■■■■■       
Waiting 4s for retry backoff ■■■■■■■■■■■■■■■■■■■■■■■■■■■■■■  
[2026-09-20 12:29:41] Batch 236/1861 done (1/1 papers succeeded).
[2026-09-20 12:29:41] Batch 237/1861 (papers 237-237): running reproducibility_check on 1 paper(s), one at a time...
[2026-09-20 12:29:41]   Paper 1/1 in batch (10_1111_1365_2435_13071)...
[repro] execute = TRUE (sandbox = docker). install_missing = TRUE, timeout = 3000s, keep_sandbox = FALSE
[repro] sandbox root: C:\Users\dlakens\AppData\Local\Temp\RtmpaqOq5E\repro_sandbox_75014bd4c4a
[repro] docker image: ghcr.io/scienceverse/metacheck_r:latest
[repro] materialising Psych-DS layout from plan (7 plan rows) ...
[repro]   materialised 5/7 files.
[repro] writing 1 rewritten script(s) into the layout ...
[repro]   wrote 1 script(s).
[repro] installing 2 dependenc(y/ies): knitr, x
[repro]   install done: 1 ok, 1 failed.
[repro] running 1 script(s) in order: multinomLizerds.Rmd
[repro] execution finished (pass 1). outcomes: multinomLizerds.Rmd=not_parsed
[2026-09-20 12:29:52] Batch 237/1861 done (1/1 papers succeeded).
[2026-09-20 12:29:52] Batch 238/1861 (papers 238-238): running reproducibility_check on 1 paper(s), one at a time...
[2026-09-20 12:29:52]   Paper 1/1 in batch (10_1111_1365_2435_13082)...
[2026-09-20 12:29:54] Batch 238/1861 done (1/1 papers succeeded).
[2026-09-20 12:29:54] Batch 239/1861 (papers 239-239): running reproducibility_check on 1 paper(s), one at a time...
[2026-09-20 12:29:54]   Paper 1/1 in batch (10_1111_1365_2435_13083)...
[2026-09-20 12:29:56] Batch 239/1861 done (1/1 papers succeeded).
[2026-09-20 12:29:56] Batch 240/1861 (papers 240-240): running reproducibility_check on 1 paper(s), one at a time...
[2026-09-20 12:29:56]   Paper 1/1 in batch (10_1111_1365_2435_13091)...
[2026-09-20 12:29:58] Batch 240/1861 done (1/1 papers succeeded).
[2026-09-20 12:29:58] Batch 241/1861 (papers 241-241): running reproducibility_check on 1 paper(s), one at a time...
[2026-09-20 12:29:58]   Paper 1/1 in batch (10_1111_1365_2435_13098)...
[2026-09-20 12:29:59] Batch 241/1861 done (1/1 papers succeeded).
[2026-09-20 12:29:59] Batch 242/1861 (papers 242-242): running reproducibility_check on 1 paper(s), one at a time...
[2026-09-20 12:29:59]   Paper 1/1 in batch (10_1111_1365_2435_13103)...
[2026-09-20 12:30:00] Batch 242/1861 done (1/1 papers succeeded).
[2026-09-20 12:30:00] Batch 243/1861 (papers 243-243): running reproducibility_check on 1 paper(s), one at a time...
[2026-09-20 12:30:00]   Paper 1/1 in batch (10_1111_1365_2435_13107)...
[2026-09-20 12:30:02] Batch 243/1861 done (1/1 papers succeeded).
[2026-09-20 12:30:02] Batch 244/1861 (papers 244-244): running reproducibility_check on 1 paper(s), one at a time...
[2026-09-20 12:30:02]   Paper 1/1 in batch (10_1111_1365_2435_13109)...
[2026-09-20 12:30:03] Batch 244/1861 done (1/1 papers succeeded).
[2026-09-20 12:30:03] Batch 245/1861 (papers 245-245): running reproducibility_check on 1 paper(s), one at a time...
[2026-09-20 12:30:03]   Paper 1/1 in batch (10_1111_1365_2435_13112)...
[2026-09-20 12:30:05] Batch 245/1861 done (1/1 papers succeeded).
[2026-09-20 12:30:05] Batch 246/1861 (papers 246-246): running reproducibility_check on 1 paper(s), one at a time...
[2026-09-20 12:30:05]   Paper 1/1 in batch (10_1111_1365_2435_13116)...
[2026-09-20 12:30:07] Batch 246/1861 done (1/1 papers succeeded).
[2026-09-20 12:30:07] Batch 247/1861 (papers 247-247): running reproducibility_check on 1 paper(s), one at a time...
[2026-09-20 12:30:07]   Paper 1/1 in batch (10_1111_1365_2435_13125)...
[2026-09-20 12:30:08] Batch 247/1861 done (1/1 papers succeeded).
[2026-09-20 12:30:08] Batch 248/1861 (papers 248-248): running reproducibility_check on 1 paper(s), one at a time...
[2026-09-20 12:30:08]   Paper 1/1 in batch (10_1111_1365_2435_13127)...
Waiting 2s for retry backoff ■■■■■■■■■■■■■■■■                
Waiting 2s for retry backoff ■■■■■■■■■■■■■■■■■■■■■■■■■■■■■■  
Waiting 4s for retry backoff ■■■■■■■■                        
Waiting 4s for retry backoff ■■■■■■■■■■■■■■■■■■■■■■■■■■■     
Waiting 4s for retry backoff ■■■■■■■■■■■■■■■■■■■■■■■■■■■■■■■ 
[2026-09-20 12:30:19] Batch 248/1861 done (1/1 papers succeeded).
[2026-09-20 12:30:19] Batch 249/1861 (papers 249-249): running reproducibility_check on 1 paper(s), one at a time...
[2026-09-20 12:30:19]   Paper 1/1 in batch (10_1111_1365_2435_13128)...
[2026-09-20 12:30:20] Batch 249/1861 done (1/1 papers succeeded).
[2026-09-20 12:30:20] Batch 250/1861 (papers 250-250): running reproducibility_check on 1 paper(s), one at a time...
[2026-09-20 12:30:20]   Paper 1/1 in batch (10_1111_1365_2435_13140)...
[2026-09-20 12:30:27] Batch 250/1861 done (1/1 papers succeeded).
[2026-09-20 12:30:27] Batch 251/1861 (papers 251-251): running reproducibility_check on 1 paper(s), one at a time...
[2026-09-20 12:30:27]   Paper 1/1 in batch (10_1111_1365_2435_13141)...
[repro] execute = TRUE (sandbox = docker). install_missing = TRUE, timeout = 3000s, keep_sandbox = FALSE
[repro] sandbox root: C:\Users\dlakens\AppData\Local\Temp\RtmpaqOq5E\repro_sandbox_75098c4da7
[repro] docker image: ghcr.io/scienceverse/metacheck_r:latest
[repro] materialising Psych-DS layout from plan (20 plan rows) ...
[repro]   materialised 10/21 files.
[repro] writing 7 rewritten script(s) into the layout ...
[repro]   wrote 7 script(s).
[repro] installing 21 dependenc(y/ies): ade4, calibrate, dplyr, EML, forcats, fwdata, geometry, ggjoy, ggmap, ggplot2, ggrepel, plotly, purrr, readr, readxl, stringr, SYNCSA, tibble, tidyr, tidyverse, vegan
[repro]   install done: 18 ok, 3 failed.
[repro] skipping (missing inputs): 03_supplemental_figures.R, 04_adonis.R, 99_EML_metadata.R, Script_PlottingTraitSyndromePCA.R, 04_adonis.R
[repro] running 7 script(s) in order: 01_analysis.R -> 02_analysis_PCA_nullmodels.R -> 03_supplemental_figures.R -> 04_adonis.R -> 04_adonis.R -> 99_EML_metadata.R -> Script_PlottingTraitSyndromePCA.R
[repro/docker]   -> running '01_analysis.R' (timeout 3000s) ...
[repro/docker]   <- '01_analysis.R' done in 2.3s
[repro/docker]   -> running '02_analysis_PCA_nullmodels.R' (timeout 3000s) ...
[repro/docker]   <- '02_analysis_PCA_nullmodels.R' done in 4.6s
[repro] execution finished (pass 1). outcomes: 01_analysis.R=errored; 02_analysis_PCA_nullmodels.R=ran_ok; 03_supplemental_figures.R=skipped_missing_inputs; 04_adonis.R=skipped_missing_inputs; 04_adonis.R=skipped_missing_inputs; 99_EML_metadata.R=skipped_missing_inputs; Script_PlottingTraitSyndromePCA.R=skipped_missing_inputs
[repro] extracted statistical output from 1 script(s)' console output.
[2026-09-20 12:32:41] Batch 251/1861 done (1/1 papers succeeded).
[2026-09-20 12:32:41] Batch 252/1861 (papers 252-252): running reproducibility_check on 1 paper(s), one at a time...
[2026-09-20 12:32:41]   Paper 1/1 in batch (10_1111_1365_2435_13144)...
[repro] execute = TRUE (sandbox = docker). install_missing = TRUE, timeout = 3000s, keep_sandbox = FALSE
[repro] sandbox root: C:\Users\dlakens\AppData\Local\Temp\RtmpaqOq5E\repro_sandbox_75069fa7dec
[repro] docker image: ghcr.io/scienceverse/metacheck_r:latest
[repro] materialising Psych-DS layout from plan (5 plan rows) ...
[repro]   materialised 6/7 files.
[repro] writing 1 rewritten script(s) into the layout ...
[repro]   wrote 1 script(s).
[repro] installing 2 dependenc(y/ies): AICcmodavg, deSolve
[repro]   install done: 2 ok, 0 failed.
[repro] running 1 script(s) in order: 4SpecSeq_Analysis.R
[repro/docker]   -> running '4SpecSeq_Analysis.R' (timeout 3000s) ...
[repro/docker]   <- '4SpecSeq_Analysis.R' done in 2.7s
[repro] execution finished (pass 1). outcomes: 4SpecSeq_Analysis.R=errored
[repro] extracted statistical output from 1 script(s)' console output.
[2026-09-20 12:32:57] Batch 252/1861 done (1/1 papers succeeded).
[2026-09-20 12:32:57] Batch 253/1861 (papers 253-253): running reproducibility_check on 1 paper(s), one at a time...
[2026-09-20 12:32:57]   Paper 1/1 in batch (10_1111_1365_2435_13150)...
[2026-09-20 12:32:59] Batch 253/1861 done (1/1 papers succeeded).
[2026-09-20 12:32:59] Batch 254/1861 (papers 254-254): running reproducibility_check on 1 paper(s), one at a time...
[2026-09-20 12:32:59]   Paper 1/1 in batch (10_1111_1365_2435_13151)...
[2026-09-20 12:33:01] Batch 254/1861 done (1/1 papers succeeded).
[2026-09-20 12:33:01] Batch 255/1861 (papers 255-255): running reproducibility_check on 1 paper(s), one at a time...
[2026-09-20 12:33:01]   Paper 1/1 in batch (10_1111_1365_2435_13179)...
[2026-09-20 12:33:02] Batch 255/1861 done (1/1 papers succeeded).
[2026-09-20 12:33:02] Batch 256/1861 (papers 256-256): running reproducibility_check on 1 paper(s), one at a time...
[2026-09-20 12:33:02]   Paper 1/1 in batch (10_1111_1365_2435_13180)...
[2026-09-20 12:33:04] Batch 256/1861 done (1/1 papers succeeded).
[2026-09-20 12:33:04] Batch 257/1861 (papers 257-257): running reproducibility_check on 1 paper(s), one at a time...
[2026-09-20 12:33:04]   Paper 1/1 in batch (10_1111_1365_2435_13183)...
[2026-09-20 12:33:05] Batch 257/1861 done (1/1 papers succeeded).
[2026-09-20 12:33:05] Batch 258/1861 (papers 258-258): running reproducibility_check on 1 paper(s), one at a time...
[2026-09-20 12:33:05]   Paper 1/1 in batch (10_1111_1365_2435_13191)...
[2026-09-20 12:33:20] Batch 258/1861 done (1/1 papers succeeded).
[2026-09-20 12:33:20] Batch 259/1861 (papers 259-259): running reproducibility_check on 1 paper(s), one at a time...
[2026-09-20 12:33:20]   Paper 1/1 in batch (10_1111_1365_2435_13192)...
[2026-09-20 12:33:22] Batch 259/1861 done (1/1 papers succeeded).
[2026-09-20 12:33:22] Batch 260/1861 (papers 260-260): running reproducibility_check on 1 paper(s), one at a time...
[2026-09-20 12:33:22]   Paper 1/1 in batch (10_1111_1365_2435_13194)...
[2026-09-20 12:33:24] Batch 260/1861 done (1/1 papers succeeded).
[2026-09-20 12:33:24] Batch 261/1861 (papers 261-261): running reproducibility_check on 1 paper(s), one at a time...
[2026-09-20 12:33:24]   Paper 1/1 in batch (10_1111_1365_2435_13201)...
[2026-09-20 12:33:26] Batch 261/1861 done (1/1 papers succeeded).
[2026-09-20 12:33:26] Batch 262/1861 (papers 262-262): running reproducibility_check on 1 paper(s), one at a time...
[2026-09-20 12:33:26]   Paper 1/1 in batch (10_1111_1365_2435_13204)...
[2026-09-20 12:33:30] Batch 262/1861 done (1/1 papers succeeded).
[2026-09-20 12:33:30] Batch 263/1861 (papers 263-263): running reproducibility_check on 1 paper(s), one at a time...
[2026-09-20 12:33:30]   Paper 1/1 in batch (10_1111_1365_2435_13205)...
[2026-09-20 12:33:32] Batch 263/1861 done (1/1 papers succeeded).
[2026-09-20 12:33:32] Batch 264/1861 (papers 264-264): running reproducibility_check on 1 paper(s), one at a time...
[2026-09-20 12:33:32]   Paper 1/1 in batch (10_1111_1365_2435_13208)...
[2026-09-20 12:33:34] Batch 264/1861 done (1/1 papers succeeded).
[2026-09-20 12:33:34] Batch 265/1861 (papers 265-265): running reproducibility_check on 1 paper(s), one at a time...
[2026-09-20 12:33:34]   Paper 1/1 in batch (10_1111_1365_2435_13209)...
[2026-09-20 12:33:37] Batch 265/1861 done (1/1 papers succeeded).
[2026-09-20 12:33:37] Batch 266/1861 (papers 266-266): running reproducibility_check on 1 paper(s), one at a time...
[2026-09-20 12:33:37]   Paper 1/1 in batch (10_1111_1365_2435_13221)...
[2026-09-20 12:33:40] Batch 266/1861 done (1/1 papers succeeded).
[2026-09-20 12:33:40] Batch 267/1861 (papers 267-267): running reproducibility_check on 1 paper(s), one at a time...
[2026-09-20 12:33:40]   Paper 1/1 in batch (10_1111_1365_2435_13222)...
[2026-09-20 12:33:41] Batch 267/1861 done (1/1 papers succeeded).
[2026-09-20 12:33:41] Batch 268/1861 (papers 268-268): running reproducibility_check on 1 paper(s), one at a time...
[2026-09-20 12:33:41]   Paper 1/1 in batch (10_1111_1365_2435_13226)...
[2026-09-20 12:33:43] Batch 268/1861 done (1/1 papers succeeded).
[2026-09-20 12:33:43] Batch 269/1861 (papers 269-269): running reproducibility_check on 1 paper(s), one at a time...
[2026-09-20 12:33:43]   Paper 1/1 in batch (10_1111_1365_2435_13227)...
[2026-09-20 12:33:52] Batch 269/1861 done (1/1 papers succeeded).
[2026-09-20 12:33:52] Batch 270/1861 (papers 270-270): running reproducibility_check on 1 paper(s), one at a time...
[2026-09-20 12:33:52]   Paper 1/1 in batch (10_1111_1365_2435_13246)...
[2026-09-20 12:33:53] Batch 270/1861 done (1/1 papers succeeded).
[2026-09-20 12:33:53] Batch 271/1861 (papers 271-271): running reproducibility_check on 1 paper(s), one at a time...
[2026-09-20 12:33:53]   Paper 1/1 in batch (10_1111_1365_2435_13248)...
[2026-09-20 12:33:55] Batch 271/1861 done (1/1 papers succeeded).
[2026-09-20 12:33:55] Batch 272/1861 (papers 272-272): running reproducibility_check on 1 paper(s), one at a time...
[2026-09-20 12:33:55]   Paper 1/1 in batch (10_1111_1365_2435_13250)...
[2026-09-20 12:33:58] Batch 272/1861 done (1/1 papers succeeded).
[2026-09-20 12:33:58] Batch 273/1861 (papers 273-273): running reproducibility_check on 1 paper(s), one at a time...
[2026-09-20 12:33:58]   Paper 1/1 in batch (10_1111_1365_2435_13254)...
[2026-09-20 12:34:03] Batch 273/1861 done (1/1 papers succeeded).
[2026-09-20 12:34:03] Batch 274/1861 (papers 274-274): running reproducibility_check on 1 paper(s), one at a time...
[2026-09-20 12:34:03]   Paper 1/1 in batch (10_1111_1365_2435_13255)...
[2026-09-20 12:34:04] Batch 274/1861 done (1/1 papers succeeded).
[2026-09-20 12:34:04] Batch 275/1861 (papers 275-275): running reproducibility_check on 1 paper(s), one at a time...
[2026-09-20 12:34:04]   Paper 1/1 in batch (10_1111_1365_2435_13258)...
[2026-09-20 12:34:05] Batch 275/1861 done (1/1 papers succeeded).
[2026-09-20 12:34:05] Batch 276/1861 (papers 276-276): running reproducibility_check on 1 paper(s), one at a time...
[2026-09-20 12:34:05]   Paper 1/1 in batch (10_1111_1365_2435_13259)...
[2026-09-20 12:34:13] Batch 276/1861 done (1/1 papers succeeded).
[2026-09-20 12:34:13] Batch 277/1861 (papers 277-277): running reproducibility_check on 1 paper(s), one at a time...
[2026-09-20 12:34:13]   Paper 1/1 in batch (10_1111_1365_2435_13260)...
[2026-09-20 12:34:15] Batch 277/1861 done (1/1 papers succeeded).
[2026-09-20 12:34:15] Batch 278/1861 (papers 278-278): running reproducibility_check on 1 paper(s), one at a time...
[2026-09-20 12:34:15]   Paper 1/1 in batch (10_1111_1365_2435_13262)...
[2026-09-20 12:34:17] Batch 278/1861 done (1/1 papers succeeded).
[2026-09-20 12:34:17] Batch 279/1861 (papers 279-279): running reproducibility_check on 1 paper(s), one at a time...
[2026-09-20 12:34:17]   Paper 1/1 in batch (10_1111_1365_2435_13270)...
[2026-09-20 12:34:20] Batch 279/1861 done (1/1 papers succeeded).
[2026-09-20 12:34:20] Batch 280/1861 (papers 280-280): running reproducibility_check on 1 paper(s), one at a time...
[2026-09-20 12:34:20]   Paper 1/1 in batch (10_1111_1365_2435_13272)...
[2026-09-20 12:34:22] Batch 280/1861 done (1/1 papers succeeded).
[2026-09-20 12:34:22] Batch 281/1861 (papers 281-281): running reproducibility_check on 1 paper(s), one at a time...
[2026-09-20 12:34:22]   Paper 1/1 in batch (10_1111_1365_2435_13273)...
[2026-09-20 12:34:29] Batch 281/1861 done (1/1 papers succeeded).
[2026-09-20 12:34:29] Batch 282/1861 (papers 282-282): running reproducibility_check on 1 paper(s), one at a time...
[2026-09-20 12:34:29]   Paper 1/1 in batch (10_1111_1365_2435_13283)...
[2026-09-20 12:34:31] Batch 282/1861 done (1/1 papers succeeded).
[2026-09-20 12:34:31] Batch 283/1861 (papers 283-283): running reproducibility_check on 1 paper(s), one at a time...
[2026-09-20 12:34:31]   Paper 1/1 in batch (10_1111_1365_2435_13289)...
[2026-09-20 12:34:34] Batch 283/1861 done (1/1 papers succeeded).
[2026-09-20 12:34:34] Batch 284/1861 (papers 284-284): running reproducibility_check on 1 paper(s), one at a time...
[2026-09-20 12:34:34]   Paper 1/1 in batch (10_1111_1365_2435_13301)...
[2026-09-20 12:34:36] Batch 284/1861 done (1/1 papers succeeded).
[2026-09-20 12:34:36] Batch 285/1861 (papers 285-285): running reproducibility_check on 1 paper(s), one at a time...
[2026-09-20 12:34:36]   Paper 1/1 in batch (10_1111_1365_2435_13311)...
[2026-09-20 12:34:36] Batch 285/1861 done (1/1 papers succeeded).
[2026-09-20 12:34:36] Batch 286/1861 (papers 286-286): running reproducibility_check on 1 paper(s), one at a time...
[2026-09-20 12:34:36]   Paper 1/1 in batch (10_1111_1365_2435_13315)...
[2026-09-20 12:34:38] Batch 286/1861 done (1/1 papers succeeded).
[2026-09-20 12:34:38] Batch 287/1861 (papers 287-287): running reproducibility_check on 1 paper(s), one at a time...
[2026-09-20 12:34:38]   Paper 1/1 in batch (10_1111_1365_2435_13320)...
[2026-09-20 12:34:39] Batch 287/1861 done (1/1 papers succeeded).
[2026-09-20 12:34:39] Batch 288/1861 (papers 288-288): running reproducibility_check on 1 paper(s), one at a time...
[2026-09-20 12:34:39]   Paper 1/1 in batch (10_1111_1365_2435_13327)...
[2026-09-20 12:34:40] Batch 288/1861 done (1/1 papers succeeded).
[2026-09-20 12:34:40] Batch 289/1861 (papers 289-289): running reproducibility_check on 1 paper(s), one at a time...
[2026-09-20 12:34:40]   Paper 1/1 in batch (10_1111_1365_2435_13332)...
[2026-09-20 12:34:46] Batch 289/1861 done (1/1 papers succeeded).
[2026-09-20 12:34:46] Batch 290/1861 (papers 290-290): running reproducibility_check on 1 paper(s), one at a time...
[2026-09-20 12:34:46]   Paper 1/1 in batch (10_1111_1365_2435_13338)...
[2026-09-20 12:34:47] Batch 290/1861 done (1/1 papers succeeded).
[2026-09-20 12:34:47] Batch 291/1861 (papers 291-291): running reproducibility_check on 1 paper(s), one at a time...
[2026-09-20 12:34:47]   Paper 1/1 in batch (10_1111_1365_2435_13340)...
[2026-09-20 12:34:49] Batch 291/1861 done (1/1 papers succeeded).
[2026-09-20 12:34:49] Batch 292/1861 (papers 292-292): running reproducibility_check on 1 paper(s), one at a time...
[2026-09-20 12:34:49]   Paper 1/1 in batch (10_1111_1365_2435_13341)...
[2026-09-20 12:34:50] Batch 292/1861 done (1/1 papers succeeded).
[2026-09-20 12:34:50] Batch 293/1861 (papers 293-293): running reproducibility_check on 1 paper(s), one at a time...
[2026-09-20 12:34:50]   Paper 1/1 in batch (10_1111_1365_2435_13349)...
Waiting 2s for retry backoff ■■■■■■■■■■■■■■■                 
Waiting 2s for retry backoff ■■■■■■■■■■■■■■■■■■■■■■■■■■■■■■  
Waiting 4s for retry backoff ■■■■■■■■                        
Waiting 4s for retry backoff ■■■■■■■■■■■■■■■■■■■■■■■■■■■■    
Waiting 4s for retry backoff ■■■■■■■■■■■■■■■■■■■■■■■■■■■■■■■ 
[2026-09-20 12:35:00] Batch 293/1861 done (1/1 papers succeeded).
[2026-09-20 12:35:00] Batch 294/1861 (papers 294-294): running reproducibility_check on 1 paper(s), one at a time...
[2026-09-20 12:35:00]   Paper 1/1 in batch (10_1111_1365_2435_13353)...
[repro] execute = TRUE (sandbox = docker). install_missing = TRUE, timeout = 3000s, keep_sandbox = FALSE
[repro] sandbox root: C:\Users\dlakens\AppData\Local\Temp\RtmpaqOq5E\repro_sandbox_7507f826a26
[repro] docker image: ghcr.io/scienceverse/metacheck_r:latest
[repro] materialising Psych-DS layout from plan (13 plan rows) ...
[repro]   materialised 4/14 files.
[repro] writing 3 rewritten script(s) into the layout ...
[repro]   wrote 3 script(s).
[repro] installing 5 dependenc(y/ies): ICC, multicore, rbenchmark, rptR, snow
[repro]   install done: 4 ok, 1 failed.
[repro] running 3 script(s) in order: multicore.R -> repeatability.R -> snow.R
[repro/docker]   -> running 'multicore.R' (timeout 3000s) ...
[repro/docker]   <- 'multicore.R' done in 0.5s
[repro/docker]   -> running 'repeatability.R' (timeout 3000s) ...
[repro/docker]   <- 'repeatability.R' done in 0.6s
[repro/docker]   -> running 'snow.R' (timeout 3000s) ...
[repro/docker]   <- 'snow.R' done in 6.7s
[repro] execution finished (pass 1). outcomes: multicore.R=errored; repeatability.R=errored; snow.R=ran_ok
[repro] extracted statistical output from 1 script(s)' console output.
[2026-09-20 12:35:30] Batch 294/1861 done (1/1 papers succeeded).
[2026-09-20 12:35:30] Batch 295/1861 (papers 295-295): running reproducibility_check on 1 paper(s), one at a time...
[2026-09-20 12:35:30]   Paper 1/1 in batch (10_1111_1365_2435_13354)...
[repro] execute = TRUE (sandbox = docker). install_missing = TRUE, timeout = 3000s, keep_sandbox = FALSE
[repro] sandbox root: C:\Users\dlakens\AppData\Local\Temp\RtmpaqOq5E\repro_sandbox_7504bdd11a6
[repro] docker image: ghcr.io/scienceverse/metacheck_r:latest
[repro] materialising Psych-DS layout from plan (3 plan rows) ...
[repro]   materialised 2/3 files.
[repro] writing 1 rewritten script(s) into the layout ...
[repro]   wrote 1 script(s).
[repro] installing 5 dependenc(y/ies): lme4, MuMIn, smatr, tidyverse, vegan
[repro]   install done: 5 ok, 0 failed.
[repro] running 1 script(s) in order: script_dietandimmunity.R.R
[repro/docker]   -> running 'script_dietandimmunity.R.R' (timeout 3000s) ...
[repro/docker]   <- 'script_dietandimmunity.R.R' done in 8.7s
[repro] execution finished (pass 1). outcomes: script_dietandimmunity.R.R=ran_ok
[repro] extracted statistical output from 1 script(s)' console output.
[2026-09-20 12:36:06] Batch 295/1861 done (1/1 papers succeeded).
[2026-09-20 12:36:06] Batch 296/1861 (papers 296-296): running reproducibility_check on 1 paper(s), one at a time...
[2026-09-20 12:36:06]   Paper 1/1 in batch (10_1111_1365_2435_13357)...
[2026-09-20 12:36:27] Batch 296/1861 done (1/1 papers succeeded).
[2026-09-20 12:36:27] Batch 297/1861 (papers 297-297): running reproducibility_check on 1 paper(s), one at a time...
[2026-09-20 12:36:27]   Paper 1/1 in batch (10_1111_1365_2435_13360)...
[2026-09-20 12:36:34] Batch 297/1861 done (1/1 papers succeeded).
[2026-09-20 12:36:34] Batch 298/1861 (papers 298-298): running reproducibility_check on 1 paper(s), one at a time...
[2026-09-20 12:36:34]   Paper 1/1 in batch (10_1111_1365_2435_13380)...
Downloading https://doi.org/10.17605/OSF.IO/UZWFV as zip (20 files)...
[2026-09-20 12:38:36] Batch 298/1861 done (1/1 papers succeeded).
[2026-09-20 12:38:36] Batch 299/1861 (papers 299-299): running reproducibility_check on 1 paper(s), one at a time...
[2026-09-20 12:38:36]   Paper 1/1 in batch (10_1111_1365_2435_13386)...
[2026-09-20 12:38:43] Batch 299/1861 done (1/1 papers succeeded).
[2026-09-20 12:38:43] Batch 300/1861 (papers 300-300): running reproducibility_check on 1 paper(s), one at a time...
[2026-09-20 12:38:43]   Paper 1/1 in batch (10_1111_1365_2435_13388)...
[repro] execute = TRUE (sandbox = docker). install_missing = TRUE, timeout = 3000s, keep_sandbox = FALSE
[repro] sandbox root: C:\Users\dlakens\AppData\Local\Temp\RtmpaqOq5E\repro_sandbox_75016834c1
[repro] docker image: ghcr.io/scienceverse/metacheck_r:latest
[repro] materialising Psych-DS layout from plan (45 plan rows) ...
[repro]   materialised 22/49 files.
[repro] writing 27 rewritten script(s) into the layout ...
[repro]   wrote 27 script(s).
[repro] installing 6 dependenc(y/ies): arm, geosphere, glmmADMB, new.packages, rstudioapi, RVAideMemoire
[repro]   install done: 4 ok, 2 failed.
[repro] skipping (missing inputs): 1_PreparingData.R, Figures - sampling completeness.R
[repro] running 27 script(s) in order: 1_PreparingData.R -> 2.1_PlantAbundanceAndRichness.R -> 3_FunctionalExtrapolationOfSpeciesRichness.R -> 2_AbundanceAndRichness+OrderVar.R -> 4_InteractionCompleteness.R -> 5_PollenTransport.R -> 5a_PollenTransportThreshold.R -> 6_PollenSamples.R -> 6a_PollenSamplesThreshold.R -> 7_NetworkAnalysis.R -> 7a_NetworkAnalysisThreshold.R -> 9_NetworkSeasons.R -> 9a_NetworkSeasonsThreshold.R -> 10_InteractionTurnover.R -> 10a_InteractionTurnoverThreshold.R -> CheckConvergenceFunction.R -> CheckResidsFunction.R -> 8_NetworkSamples.R -> Figures - interaction turnover.R -> Figures - map.R -> Figures - pollen transport.R -> Figures - sampling completeness.R -> Figures - traptimes.R -> Figures and analysis - community composition.R -> MultiplotFunction.R -> NetworkFunction.R -> SpecAccumFunctions.R
[repro/docker]   -> running '2.1_PlantAbundanceAndRichness.R' (timeout 3000s) ...
[repro/docker]   <- '2.1_PlantAbundanceAndRichness.R' done in 0.5s
[repro/docker]   -> running '3_FunctionalExtrapolationOfSpeciesRichness.R' (timeout 3000s) ...
[repro/docker]   <- '3_FunctionalExtrapolationOfSpeciesRichness.R' done in 2.6s
[repro/docker]   -> running '2_AbundanceAndRichness+OrderVar.R' (timeout 3000s) ...
[repro/docker]   <- '2_AbundanceAndRichness+OrderVar.R' done in 2.5s
[repro/docker]   -> running '4_InteractionCompleteness.R' (timeout 3000s) ...
[repro/docker]   <- '4_InteractionCompleteness.R' done in 0.8s
[repro/docker]   -> running '5_PollenTransport.R' (timeout 3000s) ...
[repro/docker]   <- '5_PollenTransport.R' done in 2.5s
[repro/docker]   -> running '5a_PollenTransportThreshold.R' (timeout 3000s) ...
[repro/docker]   <- '5a_PollenTransportThreshold.R' done in 2.4s
[repro/docker]   -> running '6_PollenSamples.R' (timeout 3000s) ...
[repro/docker]   <- '6_PollenSamples.R' done in 0.8s
[repro/docker]   -> running '6a_PollenSamplesThreshold.R' (timeout 3000s) ...
[repro/docker]   <- '6a_PollenSamplesThreshold.R' done in 0.9s
[repro/docker]   -> running '7_NetworkAnalysis.R' (timeout 3000s) ...
[repro/docker]   <- '7_NetworkAnalysis.R' done in 0.7s
[repro/docker]   -> running '7a_NetworkAnalysisThreshold.R' (timeout 3000s) ...
[repro/docker]   <- '7a_NetworkAnalysisThreshold.R' done in 0.7s
[repro/docker]   -> running '9_NetworkSeasons.R' (timeout 3000s) ...
[repro/docker]   <- '9_NetworkSeasons.R' done in 0.7s
[repro/docker]   -> running '9a_NetworkSeasonsThreshold.R' (timeout 3000s) ...
[repro/docker]   <- '9a_NetworkSeasonsThreshold.R' done in 0.8s
[repro/docker]   -> running '10_InteractionTurnover.R' (timeout 3000s) ...
[repro/docker]   <- '10_InteractionTurnover.R' done in 0.8s
[repro/docker]   -> running '10a_InteractionTurnoverThreshold.R' (timeout 3000s) ...
[repro/docker]   <- '10a_InteractionTurnoverThreshold.R' done in 0.7s
[repro/docker]   -> running 'CheckConvergenceFunction.R' (timeout 3000s) ...
[repro/docker]   <- 'CheckConvergenceFunction.R' done in 0.5s
[repro/docker]   -> running 'CheckResidsFunction.R' (timeout 3000s) ...
[repro/docker]   <- 'CheckResidsFunction.R' done in 0.5s
[repro/docker]   -> running '8_NetworkSamples.R' (timeout 3000s) ...
[repro/docker]   <- '8_NetworkSamples.R' done in 0.7s
[repro/docker]   -> running 'Figures - interaction turnover.R' (timeout 3000s) ...
[repro/docker]   <- 'Figures - interaction turnover.R' done in 1.3s
[repro/docker]   -> running 'Figures - map.R' (timeout 3000s) ...
[repro/docker]   <- 'Figures - map.R' done in 1.5s
[repro/docker]   -> running 'Figures - pollen transport.R' (timeout 3000s) ...
[repro/docker]   <- 'Figures - pollen transport.R' done in 2.9s
[repro/docker]   -> running 'Figures - traptimes.R' (timeout 3000s) ...
[repro/docker]   <- 'Figures - traptimes.R' done in 1.3s
[repro/docker]   -> running 'Figures and analysis - community composition.R' (timeout 3000s) ...
[repro/docker]   <- 'Figures and analysis - community composition.R' done in 2.7s
[repro/docker]   -> running 'MultiplotFunction.R' (timeout 3000s) ...
[repro/docker]   <- 'MultiplotFunction.R' done in 0.5s
[repro/docker]   -> running 'NetworkFunction.R' (timeout 3000s) ...
[repro/docker]   <- 'NetworkFunction.R' done in 0.5s
[repro/docker]   -> running 'SpecAccumFunctions.R' (timeout 3000s) ...
[repro/docker]   <- 'SpecAccumFunctions.R' done in 0.5s
[repro] execution finished (pass 1). outcomes: 1_PreparingData.R=skipped_missing_inputs; 2.1_PlantAbundanceAndRichness.R=errored; 3_FunctionalExtrapolationOfSpeciesRichness.R=errored; 2_AbundanceAndRichness+OrderVar.R=errored; 4_InteractionCompleteness.R=errored; 5_PollenTransport.R=errored; 5a_PollenTransportThreshold.R=errored; 6_PollenSamples.R=errored; 6a_PollenSamplesThreshold.R=errored; 7_NetworkAnalysis.R=errored; 7a_NetworkAnalysisThreshold.R=errored; 9_NetworkSeasons.R=errored; 9a_NetworkSeasonsThreshold.R=errored; 10_InteractionTurnover.R=errored; 10a_InteractionTurnoverThreshold.R=errored; CheckConvergenceFunction.R=ran_ok; CheckResidsFunction.R=ran_ok; 8_NetworkSamples.R=errored; Figures - interaction turnover.R=errored; Figures - map.R=errored; Figures - pollen transport.R=errored; Figures - sampling completeness.R=skipped_missing_inputs; Figures - traptimes.R=errored; Figures and analysis - community composition.R=errored; MultiplotFunction.R=ran_ok; NetworkFunction.R=ran_ok; SpecAccumFunctions.R=ran_ok
[repro] extracted statistical output from 2 script(s)' console output.
[2026-09-20 12:39:58] Batch 300/1861 done (1/1 papers succeeded).
[2026-09-20 12:39:58] Batch 301/1861 (papers 301-301): running reproducibility_check on 1 paper(s), one at a time...
[2026-09-20 12:39:58]   Paper 1/1 in batch (10_1111_1365_2435_13392)...
[2026-09-20 12:40:00] Batch 301/1861 done (1/1 papers succeeded).
[2026-09-20 12:40:00] Batch 302/1861 (papers 302-302): running reproducibility_check on 1 paper(s), one at a time...
[2026-09-20 12:40:00]   Paper 1/1 in batch (10_1111_1365_2435_13401)...
[2026-09-20 12:40:05] Batch 302/1861 done (1/1 papers succeeded).
[2026-09-20 12:40:05] Batch 303/1861 (papers 303-303): running reproducibility_check on 1 paper(s), one at a time...
[2026-09-20 12:40:05]   Paper 1/1 in batch (10_1111_1365_2435_13406)...
[2026-09-20 12:40:07] Batch 303/1861 done (1/1 papers succeeded).
[2026-09-20 12:40:07] Batch 304/1861 (papers 304-304): running reproducibility_check on 1 paper(s), one at a time...
[2026-09-20 12:40:07]   Paper 1/1 in batch (10_1111_1365_2435_13410)...
[repro] execute = TRUE (sandbox = docker). install_missing = TRUE, timeout = 3000s, keep_sandbox = FALSE
[repro] sandbox root: C:\Users\dlakens\AppData\Local\Temp\RtmpaqOq5E\repro_sandbox_750341e559e
[repro] docker image: ghcr.io/scienceverse/metacheck_r:latest
[repro] materialising Psych-DS layout from plan (14 plan rows) ...
[repro]   materialised 12/14 files.
[repro] writing 1 rewritten script(s) into the layout ...
[repro]   wrote 1 script(s).
[repro] installing 3 dependenc(y/ies): dplyr, embryogrowth, tidyr
[repro]   install done: 2 ok, 1 failed.
[repro] running 1 script(s) in order: geovar_stats.R
[repro/docker]   -> running 'geovar_stats.R' (timeout 3000s) ...
[repro/docker]   <- 'geovar_stats.R' done in 0.5s
[repro] execution finished (pass 1). outcomes: geovar_stats.R=errored
[2026-09-20 12:42:02] Batch 304/1861 done (1/1 papers succeeded).
[2026-09-20 12:42:02] Batch 305/1861 (papers 305-305): running reproducibility_check on 1 paper(s), one at a time...
[2026-09-20 12:42:02]   Paper 1/1 in batch (10_1111_1365_2435_13421)...
[2026-09-20 12:42:10] Batch 305/1861 done (1/1 papers succeeded).
[2026-09-20 12:42:10] Batch 306/1861 (papers 306-306): running reproducibility_check on 1 paper(s), one at a time...
[2026-09-20 12:42:10]   Paper 1/1 in batch (10_1111_1365_2435_13422)...
[2026-09-20 12:42:10] Batch 306/1861 done (1/1 papers succeeded).
[2026-09-20 12:42:10] Batch 307/1861 (papers 307-307): running reproducibility_check on 1 paper(s), one at a time...
[2026-09-20 12:42:10]   Paper 1/1 in batch (10_1111_1365_2435_13424)...
[2026-09-20 12:42:13] Batch 307/1861 done (1/1 papers succeeded).
[2026-09-20 12:42:13] Batch 308/1861 (papers 308-308): running reproducibility_check on 1 paper(s), one at a time...
[2026-09-20 12:42:13]   Paper 1/1 in batch (10_1111_1365_2435_13428)...
[2026-09-20 12:42:14] Batch 308/1861 done (1/1 papers succeeded).
[2026-09-20 12:42:14] Batch 309/1861 (papers 309-309): running reproducibility_check on 1 paper(s), one at a time...
[2026-09-20 12:42:14]   Paper 1/1 in batch (10_1111_1365_2435_13435)...
[2026-09-20 12:42:15] Batch 309/1861 done (1/1 papers succeeded).
[2026-09-20 12:42:15] Batch 310/1861 (papers 310-310): running reproducibility_check on 1 paper(s), one at a time...
[2026-09-20 12:42:15]   Paper 1/1 in batch (10_1111_1365_2435_13438)...
[2026-09-20 12:42:17] Batch 310/1861 done (1/1 papers succeeded).
[2026-09-20 12:42:17] Batch 311/1861 (papers 311-311): running reproducibility_check on 1 paper(s), one at a time...
[2026-09-20 12:42:17]   Paper 1/1 in batch (10_1111_1365_2435_13442)...
[2026-09-20 12:42:18] Batch 311/1861 done (1/1 papers succeeded).
[2026-09-20 12:42:18] Batch 312/1861 (papers 312-312): running reproducibility_check on 1 paper(s), one at a time...
[2026-09-20 12:42:18]   Paper 1/1 in batch (10_1111_1365_2435_13443)...
[repro] execute = TRUE (sandbox = docker). install_missing = TRUE, timeout = 3000s, keep_sandbox = FALSE
[repro] sandbox root: C:\Users\dlakens\AppData\Local\Temp\RtmpaqOq5E\repro_sandbox_75049a71e93
[repro] docker image: ghcr.io/scienceverse/metacheck_r:latest
[repro] materialising Psych-DS layout from plan (2 plan rows) ...
[repro]   materialised 2/3 files.
[repro] writing 1 rewritten script(s) into the layout ...
[repro]   wrote 1 script(s).
[repro] installing 6 dependenc(y/ies): ade4, adiv, deldir, mixOmics, phytools, vegan
[repro]   install done: 5 ok, 1 failed.
[repro] running 1 script(s) in order: figshare_rlq_moss_code.R
[repro/docker]   -> running 'figshare_rlq_moss_code.R' (timeout 3000s) ...
[repro/docker]   <- 'figshare_rlq_moss_code.R' done in 1.9s
[repro] execution finished (pass 1). outcomes: figshare_rlq_moss_code.R=errored
[2026-09-20 12:44:48] Batch 312/1861 done (1/1 papers succeeded).
[2026-09-20 12:44:48] Batch 313/1861 (papers 313-313): running reproducibility_check on 1 paper(s), one at a time...
[2026-09-20 12:44:48]   Paper 1/1 in batch (10_1111_1365_2435_13446)...
[2026-09-20 12:44:56] Batch 313/1861 done (1/1 papers succeeded).
[2026-09-20 12:44:56] Batch 314/1861 (papers 314-314): running reproducibility_check on 1 paper(s), one at a time...
[2026-09-20 12:44:56]   Paper 1/1 in batch (10_1111_1365_2435_13447)...
[2026-09-20 12:44:57] Batch 314/1861 done (1/1 papers succeeded).
[2026-09-20 12:44:57] Batch 315/1861 (papers 315-315): running reproducibility_check on 1 paper(s), one at a time...
[2026-09-20 12:44:57]   Paper 1/1 in batch (10_1111_1365_2435_13455)...
Downloading https://github.com/BenjaminDelory/bef as zip (1 file)...
[repro] execute = TRUE (sandbox = docker). install_missing = TRUE, timeout = 3000s, keep_sandbox = FALSE
[repro] sandbox root: C:\Users\dlakens\AppData\Local\Temp\RtmpaqOq5E\repro_sandbox_7502c2773d0
[repro] docker image: ghcr.io/scienceverse/metacheck_r:latest
[repro] materialising Psych-DS layout from plan (16 plan rows) ...
[repro]   materialised 9/18 files.
[repro] writing 3 rewritten script(s) into the layout ...
[repro]   wrote 3 script(s).
[repro] installing 9 dependenc(y/ies): beanplot, bef, devtools, emmeans, ggplot2, ggpubr, readr, smatr, vegan
[repro]   install done: 9 ok, 0 failed.
[repro] running 3 script(s) in order: Delory_et_al_2019_PE_BEF.R -> apm.R -> NotExport.R
[repro/docker]   -> running 'Delory_et_al_2019_PE_BEF.R' (timeout 3000s) ...
[repro/docker]   <- 'Delory_et_al_2019_PE_BEF.R' done in 0.5s
[repro/docker]   -> running 'apm.R' (timeout 3000s) ...
[repro/docker]   <- 'apm.R' done in 0.5s
[repro/docker]   -> running 'NotExport.R' (timeout 3000s) ...
[repro/docker]   <- 'NotExport.R' done in 0.6s
[repro] execution finished (pass 1). outcomes: Delory_et_al_2019_PE_BEF.R=errored; apm.R=ran_ok; NotExport.R=ran_ok
[repro] extracted statistical output from 1 script(s)' console output.
[2026-09-20 12:45:51] Batch 315/1861 done (1/1 papers succeeded).
[2026-09-20 12:45:51] Batch 316/1861 (papers 316-316): running reproducibility_check on 1 paper(s), one at a time...
[2026-09-20 12:45:51]   Paper 1/1 in batch (10_1111_1365_2435_13464)...
[repro] execute = TRUE (sandbox = docker). install_missing = TRUE, timeout = 3000s, keep_sandbox = FALSE
[repro] sandbox root: C:\Users\dlakens\AppData\Local\Temp\RtmpaqOq5E\repro_sandbox_7502d5d4274
[repro] docker image: ghcr.io/scienceverse/metacheck_r:latest
[repro] materialising Psych-DS layout from plan (5 plan rows) ...
[repro]   materialised 4/6 files.
[repro] writing 1 rewritten script(s) into the layout ...
[repro]   wrote 1 script(s).
[repro] installing 7 dependenc(y/ies): ape, brms, dplyr, MCMCglmm, phytools, smatr, tidyverse
[repro]   install done: 0 ok, 7 failed.
[repro] skipping (missing inputs): Pigments_spines_R_scripts.R
[repro] running 1 script(s) in order: Pigments_spines_R_scripts.R
[repro] execution finished (pass 1). outcomes: Pigments_spines_R_scripts.R=skipped_missing_inputs
[2026-09-20 12:46:00] Batch 316/1861 done (1/1 papers succeeded).
[2026-09-20 12:46:00] Batch 317/1861 (papers 317-317): running reproducibility_check on 1 paper(s), one at a time...
[2026-09-20 12:46:00]   Paper 1/1 in batch (10_1111_1365_2435_13470)...
[2026-09-20 12:46:01] Batch 317/1861 done (1/1 papers succeeded).
[2026-09-20 12:46:01] Batch 318/1861 (papers 318-318): running reproducibility_check on 1 paper(s), one at a time...
[2026-09-20 12:46:01]   Paper 1/1 in batch (10_1111_1365_2435_13471)...
[2026-09-20 12:46:02] Batch 318/1861 done (1/1 papers succeeded).
[2026-09-20 12:46:02] Batch 319/1861 (papers 319-319): running reproducibility_check on 1 paper(s), one at a time...
[2026-09-20 12:46:02]   Paper 1/1 in batch (10_1111_1365_2435_13476)...
[2026-09-20 12:46:04] Batch 319/1861 done (1/1 papers succeeded).
[2026-09-20 12:46:04] Batch 320/1861 (papers 320-320): running reproducibility_check on 1 paper(s), one at a time...
[2026-09-20 12:46:04]   Paper 1/1 in batch (10_1111_1365_2435_13481)...
[2026-09-20 12:46:06] Batch 320/1861 done (1/1 papers succeeded).
[2026-09-20 12:46:06] Batch 321/1861 (papers 321-321): running reproducibility_check on 1 paper(s), one at a time...
[2026-09-20 12:46:06]   Paper 1/1 in batch (10_1111_1365_2435_13496)...
[2026-09-20 12:46:07] Batch 321/1861 done (1/1 papers succeeded).
[2026-09-20 12:46:07] Batch 322/1861 (papers 322-322): running reproducibility_check on 1 paper(s), one at a time...
[2026-09-20 12:46:07]   Paper 1/1 in batch (10_1111_1365_2435_13500)...
[2026-09-20 12:46:10] Batch 322/1861 done (1/1 papers succeeded).
[2026-09-20 12:46:10] Batch 323/1861 (papers 323-323): running reproducibility_check on 1 paper(s), one at a time...
[2026-09-20 12:46:10]   Paper 1/1 in batch (10_1111_1365_2435_13502)...
[2026-09-20 12:46:14] Batch 323/1861 done (1/1 papers succeeded).
[2026-09-20 12:46:14] Batch 324/1861 (papers 324-324): running reproducibility_check on 1 paper(s), one at a time...
[2026-09-20 12:46:14]   Paper 1/1 in batch (10_1111_1365_2435_13509)...
[2026-09-20 12:46:15] Batch 324/1861 done (1/1 papers succeeded).
[2026-09-20 12:46:15] Batch 325/1861 (papers 325-325): running reproducibility_check on 1 paper(s), one at a time...
[2026-09-20 12:46:15]   Paper 1/1 in batch (10_1111_1365_2435_13510)...
[2026-09-20 12:46:19] Batch 325/1861 done (1/1 papers succeeded).
[2026-09-20 12:46:19] Batch 326/1861 (papers 326-326): running reproducibility_check on 1 paper(s), one at a time...
[2026-09-20 12:46:19]   Paper 1/1 in batch (10_1111_1365_2435_13521)...
[2026-09-20 12:46:21] Batch 326/1861 done (1/1 papers succeeded).
[2026-09-20 12:46:21] Batch 327/1861 (papers 327-327): running reproducibility_check on 1 paper(s), one at a time...
[2026-09-20 12:46:21]   Paper 1/1 in batch (10_1111_1365_2435_13523)...
[2026-09-20 12:46:21] Batch 327/1861 done (1/1 papers succeeded).
[2026-09-20 12:46:21] Batch 328/1861 (papers 328-328): running reproducibility_check on 1 paper(s), one at a time...
[2026-09-20 12:46:21]   Paper 1/1 in batch (10_1111_1365_2435_13525)...
[repro] execute = TRUE (sandbox = docker). install_missing = TRUE, timeout = 3000s, keep_sandbox = FALSE
[repro] sandbox root: C:\Users\dlakens\AppData\Local\Temp\RtmpaqOq5E\repro_sandbox_75047a1712a
[repro] docker image: ghcr.io/scienceverse/metacheck_r:latest
[repro] materialising Psych-DS layout from plan (15 plan rows) ...
[repro]   materialised 20/23 files.
[repro] writing 3 rewritten script(s) into the layout ...
[repro]   wrote 3 script(s).
[repro] installing 12 dependenc(y/ies): car, dplyr, geosphere, lme4, lubridate, magrittr, maps, maptools, multcomp, purrr, scales, viridis
[repro]   install done: 11 ok, 1 failed.
[repro] skipping (missing inputs): analysis_fig2.R, analysis_main.R
[repro] running 3 script(s) in order: analysis_fig2.R -> analysis_main.R -> analysis_resp.R
[repro/docker]   -> running 'analysis_resp.R' (timeout 3000s) ...
[repro/docker]   <- 'analysis_resp.R' done in 8.3s
[repro] execution finished (pass 1). outcomes: analysis_fig2.R=skipped_missing_inputs; analysis_main.R=skipped_missing_inputs; analysis_resp.R=ran_ok
[repro] extracted statistical output from 1 script(s)' console output.
[2026-09-20 12:47:21] Batch 328/1861 done (1/1 papers succeeded).
[2026-09-20 12:47:21] Batch 329/1861 (papers 329-329): running reproducibility_check on 1 paper(s), one at a time...
[2026-09-20 12:47:21]   Paper 1/1 in batch (10_1111_1365_2435_13533)...
[2026-09-20 12:47:25] Batch 329/1861 done (1/1 papers succeeded).
[2026-09-20 12:47:25] Batch 330/1861 (papers 330-330): running reproducibility_check on 1 paper(s), one at a time...
[2026-09-20 12:47:25]   Paper 1/1 in batch (10_1111_1365_2435_13535)...
[2026-09-20 12:47:26] Batch 330/1861 done (1/1 papers succeeded).
[2026-09-20 12:47:26] Batch 331/1861 (papers 331-331): running reproducibility_check on 1 paper(s), one at a time...
[2026-09-20 12:47:26]   Paper 1/1 in batch (10_1111_1365_2435_13540)...
[2026-09-20 12:47:27] Batch 331/1861 done (1/1 papers succeeded).
[2026-09-20 12:47:27] Batch 332/1861 (papers 332-332): running reproducibility_check on 1 paper(s), one at a time...
[2026-09-20 12:47:27]   Paper 1/1 in batch (10_1111_1365_2435_13548)...
[repro] execute = TRUE (sandbox = docker). install_missing = TRUE, timeout = 3000s, keep_sandbox = FALSE
[repro] sandbox root: C:\Users\dlakens\AppData\Local\Temp\RtmpaqOq5E\repro_sandbox_75062136a78
[repro] docker image: ghcr.io/scienceverse/metacheck_r:latest
[repro] materialising Psych-DS layout from plan (10 plan rows) ...
[repro]   materialised 12/14 files.
[repro] writing 2 rewritten script(s) into the layout ...
[repro]   wrote 2 script(s).
[repro] installing 1 dependenc(y/ies): emmeans
[repro]   install done: 1 ok, 0 failed.
[repro] running 2 script(s) in order: GLS-myrosinase-analysis-in-life-cycle.R -> Prey-and-predator-survival.R
[repro/docker]   -> running 'GLS-myrosinase-analysis-in-life-cycle.R' (timeout 3000s) ...
[repro/docker]   <- 'GLS-myrosinase-analysis-in-life-cycle.R' done in 0.8s
[repro/docker]   -> running 'Prey-and-predator-survival.R' (timeout 3000s) ...
[repro/docker]   <- 'Prey-and-predator-survival.R' done in 1s
[repro] execution finished (pass 1). outcomes: GLS-myrosinase-analysis-in-life-cycle.R=errored; Prey-and-predator-survival.R=errored
[repro] extracted statistical output from 2 script(s)' console output.
[2026-09-20 12:47:45] Batch 332/1861 done (1/1 papers succeeded).
[2026-09-20 12:47:45] Batch 333/1861 (papers 333-333): running reproducibility_check on 1 paper(s), one at a time...
[2026-09-20 12:47:45]   Paper 1/1 in batch (10_1111_1365_2435_13550)...
[2026-09-20 12:47:46] Batch 333/1861 done (1/1 papers succeeded).
[2026-09-20 12:47:46] Batch 334/1861 (papers 334-334): running reproducibility_check on 1 paper(s), one at a time...
[2026-09-20 12:47:46]   Paper 1/1 in batch (10_1111_1365_2435_13551)...
[2026-09-20 12:47:47] Batch 334/1861 done (1/1 papers succeeded).
[2026-09-20 12:47:47] Batch 335/1861 (papers 335-335): running reproducibility_check on 1 paper(s), one at a time...
[2026-09-20 12:47:47]   Paper 1/1 in batch (10_1111_1365_2435_13555)...
[2026-09-20 12:47:48] Batch 335/1861 done (1/1 papers succeeded).
[2026-09-20 12:47:48] Batch 336/1861 (papers 336-336): running reproducibility_check on 1 paper(s), one at a time...
[2026-09-20 12:47:48]   Paper 1/1 in batch (10_1111_1365_2435_13556)...
[2026-09-20 12:47:54] Batch 336/1861 done (1/1 papers succeeded).
[2026-09-20 12:47:54] Batch 337/1861 (papers 337-337): running reproducibility_check on 1 paper(s), one at a time...
[2026-09-20 12:47:54]   Paper 1/1 in batch (10_1111_1365_2435_13560)...
[2026-09-20 12:48:01] Batch 337/1861 done (1/1 papers succeeded).
[2026-09-20 12:48:01] Batch 338/1861 (papers 338-338): running reproducibility_check on 1 paper(s), one at a time...
[2026-09-20 12:48:01]   Paper 1/1 in batch (10_1111_1365_2435_13566)...
[2026-09-20 12:48:02] Batch 338/1861 done (1/1 papers succeeded).
[2026-09-20 12:48:02] Batch 339/1861 (papers 339-339): running reproducibility_check on 1 paper(s), one at a time...
[2026-09-20 12:48:02]   Paper 1/1 in batch (10_1111_1365_2435_13572)...
[2026-09-20 12:48:04] Batch 339/1861 done (1/1 papers succeeded).
[2026-09-20 12:48:04] Batch 340/1861 (papers 340-340): running reproducibility_check on 1 paper(s), one at a time...
[2026-09-20 12:48:04]   Paper 1/1 in batch (10_1111_1365_2435_13575)...
[2026-09-20 12:48:06] Batch 340/1861 done (1/1 papers succeeded).
[2026-09-20 12:48:06] Batch 341/1861 (papers 341-341): running reproducibility_check on 1 paper(s), one at a time...
[2026-09-20 12:48:06]   Paper 1/1 in batch (10_1111_1365_2435_13580)...
[repro] execute = TRUE (sandbox = docker). install_missing = TRUE, timeout = 3000s, keep_sandbox = FALSE
[repro] sandbox root: C:\Users\dlakens\AppData\Local\Temp\RtmpaqOq5E\repro_sandbox_7505bd4427d
[repro] docker image: ghcr.io/scienceverse/metacheck_r:latest
[repro] materialising Psych-DS layout from plan (10 plan rows) ...
[repro]   materialised 12/15 files.
[repro] writing 3 rewritten script(s) into the layout ...
[repro]   wrote 3 script(s).
[repro] installing 7 dependenc(y/ies): AER, car, DescTools, ggplot2, lme4, lmerTest, xlsx
[repro]   install done: 0 ok, 7 failed.
[repro] skipping (missing inputs): Molting.r
[repro] running 3 script(s) in order: Molting.r -> Perimeter.r -> StageAppearanceData.r
[repro/docker]   -> running 'Perimeter.r' (timeout 3000s) ...
[repro/docker]   <- 'Perimeter.r' done in 1.7s
[repro/docker]   -> running 'StageAppearanceData.r' (timeout 3000s) ...
[repro/docker]   <- 'StageAppearanceData.r' done in 0.6s
[repro] execution finished (pass 1). outcomes: Molting.r=skipped_missing_inputs; Perimeter.r=ran_ok; StageAppearanceData.r=errored
[repro] extracted statistical output from 1 script(s)' console output.
[2026-09-20 12:48:12] Batch 341/1861 done (1/1 papers succeeded).
[2026-09-20 12:48:12] Batch 342/1861 (papers 342-342): running reproducibility_check on 1 paper(s), one at a time...
[2026-09-20 12:48:12]   Paper 1/1 in batch (10_1111_1365_2435_13611)...
[2026-09-20 12:48:12] Batch 342/1861 done (1/1 papers succeeded).
[2026-09-20 12:48:12] Batch 343/1861 (papers 343-343): running reproducibility_check on 1 paper(s), one at a time...
[2026-09-20 12:48:12]   Paper 1/1 in batch (10_1111_1365_2435_13616)...
[2026-09-20 12:48:14] Batch 343/1861 done (1/1 papers succeeded).
[2026-09-20 12:48:14] Batch 344/1861 (papers 344-344): running reproducibility_check on 1 paper(s), one at a time...
[2026-09-20 12:48:14]   Paper 1/1 in batch (10_1111_1365_2435_13617)...
[2026-09-20 12:48:15] Batch 344/1861 done (1/1 papers succeeded).
[2026-09-20 12:48:15] Batch 345/1861 (papers 345-345): running reproducibility_check on 1 paper(s), one at a time...
[2026-09-20 12:48:15]   Paper 1/1 in batch (10_1111_1365_2435_13618)...
Downloading https://github.com/nschiett/fishflux as zip (1 file)...
[repro] execute = TRUE (sandbox = docker). install_missing = TRUE, timeout = 3000s, keep_sandbox = FALSE
[repro] sandbox root: C:\Users\dlakens\AppData\Local\Temp\RtmpaqOq5E\repro_sandbox_7503447275b
[repro] docker image: ghcr.io/scienceverse/metacheck_r:latest
[repro] materialising Psych-DS layout from plan (55 plan rows) ...
[repro]   materialised 27/66 files.
[repro] writing 2 rewritten script(s) into the layout ...
[repro]   wrote 2 script(s).
[repro] installing 13 dependenc(y/ies): cowplot, dplyr, egg, fishflux, fishualize, ggplot2, knitr, plyr, png, purrr, rstan, tidybayes, tidyr
[repro]   install done: 0 ok, 13 failed.
[repro] running 2 script(s) in order: figures_tables.R -> README.Rmd
[repro/docker]   -> running 'figures_tables.R' (timeout 3000s) ...
[repro/docker]   <- 'figures_tables.R' done in 0.6s
[repro/docker]   -> running 'README.Rmd' (timeout 3000s) ...
[repro/docker]   <- 'README.Rmd' done in 0.6s
[repro] execution finished (pass 1). outcomes: figures_tables.R=errored; README.Rmd=errored
[repro] extracted statistical output from 1 script(s)' console output.
[2026-09-20 12:48:32] Batch 345/1861 done (1/1 papers succeeded).
[2026-09-20 12:48:32] Batch 346/1861 (papers 346-346): running reproducibility_check on 1 paper(s), one at a time...
[2026-09-20 12:48:32]   Paper 1/1 in batch (10_1111_1365_2435_13623)...
[2026-09-20 12:48:48] Batch 346/1861 done (1/1 papers succeeded).
[2026-09-20 12:48:48] Batch 347/1861 (papers 347-347): running reproducibility_check on 1 paper(s), one at a time...
[2026-09-20 12:48:48]   Paper 1/1 in batch (10_1111_1365_2435_13629)...
[2026-09-20 12:48:48] Batch 347/1861 done (1/1 papers succeeded).
[2026-09-20 12:48:48] Batch 348/1861 (papers 348-348): running reproducibility_check on 1 paper(s), one at a time...
[2026-09-20 12:48:48]   Paper 1/1 in batch (10_1111_1365_2435_13632)...
[2026-09-20 12:48:49] Batch 348/1861 done (1/1 papers succeeded).
[2026-09-20 12:48:49] Batch 349/1861 (papers 349-349): running reproducibility_check on 1 paper(s), one at a time...
[2026-09-20 12:48:49]   Paper 1/1 in batch (10_1111_1365_2435_13635)...
[2026-09-20 12:48:51] Batch 349/1861 done (1/1 papers succeeded).
[2026-09-20 12:48:51] Batch 350/1861 (papers 350-350): running reproducibility_check on 1 paper(s), one at a time...
[2026-09-20 12:48:51]   Paper 1/1 in batch (10_1111_1365_2435_13643)...
Waiting 2s for retry backoff ■■■■■■■■■■■■■■■■                
Waiting 2s for retry backoff ■■■■■■■■■■■■■■■■■■■■■■■■■■■■■■■ 
Waiting 4s for retry backoff ■■■■■■■■■                       
Waiting 4s for retry backoff ■■■■■■■■■■■■■■■■■■■■■■■■■■■■■■  
Waiting 4s for retry backoff ■■■■■■■■■■■■■■■■■■■■■■■■■■■■■■■ 
Waiting 4s for retry backoff ■■■■■■■■                        
Waiting 4s for retry backoff ■■■■■■■■■■■■■■■■■■■■            
Waiting 4s for retry backoff ■■■■■■■■■■■■■■■■■■■■■■■■■■■■■■  
Waiting 2s for retry backoff ■■■■■■■■■■■■■■■■                
Waiting 2s for retry backoff ■■■■■■■■■■■■■■■■■■■■■■■■■■■■■   
Waiting 4s for retry backoff ■■■■■■■■■■                      
Waiting 4s for retry backoff ■■■■■■■■■■■■■■■■■■■■■■■■■■■■■■■ 
1 file in https://doi.org/10.6078/D1NQ59 exceeded the 100 MB per-file limit and was skipped (the rest of the repository was downloaded). Largest: FileS1_TleafTimeseries.csv (162 MB). Raise max_file_size to include them.
1 file in https://doi.org/10.6078/D1NQ59 exceeded the 100 MB per-file limit and was skipped (the rest of the repository was downloaded). Largest: FileS1_TleafTimeseries.csv (162 MB). Raise max_file_size to include them.
[2026-09-20 12:49:18] Batch 350/1861 done (1/1 papers succeeded).
[2026-09-20 12:49:18] Batch 351/1861 (papers 351-351): running reproducibility_check on 1 paper(s), one at a time...
[2026-09-20 12:49:18]   Paper 1/1 in batch (10_1111_1365_2435_13645)...
[2026-09-20 12:49:19] Batch 351/1861 done (1/1 papers succeeded).
[2026-09-20 12:49:19] Batch 352/1861 (papers 352-352): running reproducibility_check on 1 paper(s), one at a time...
[2026-09-20 12:49:19]   Paper 1/1 in batch (10_1111_1365_2435_13647)...
[2026-09-20 12:49:22] Batch 352/1861 done (1/1 papers succeeded).
[2026-09-20 12:49:22] Batch 353/1861 (papers 353-353): running reproducibility_check on 1 paper(s), one at a time...
[2026-09-20 12:49:22]   Paper 1/1 in batch (10_1111_1365_2435_13654)...
[2026-09-20 12:49:23] Batch 353/1861 done (1/1 papers succeeded).
[2026-09-20 12:49:23] Batch 354/1861 (papers 354-354): running reproducibility_check on 1 paper(s), one at a time...
[2026-09-20 12:49:23]   Paper 1/1 in batch (10_1111_1365_2435_13658)...
[2026-09-20 12:49:26] Batch 354/1861 done (1/1 papers succeeded).
[2026-09-20 12:49:26] Batch 355/1861 (papers 355-355): running reproducibility_check on 1 paper(s), one at a time...
[2026-09-20 12:49:26]   Paper 1/1 in batch (10_1111_1365_2435_13662)...
[2026-09-20 12:49:28] Batch 355/1861 done (1/1 papers succeeded).
[2026-09-20 12:49:28] Batch 356/1861 (papers 356-356): running reproducibility_check on 1 paper(s), one at a time...
[2026-09-20 12:49:28]   Paper 1/1 in batch (10_1111_1365_2435_13663)...
[2026-09-20 12:49:29] Batch 356/1861 done (1/1 papers succeeded).
[2026-09-20 12:49:29] Batch 357/1861 (papers 357-357): running reproducibility_check on 1 paper(s), one at a time...
[2026-09-20 12:49:29]   Paper 1/1 in batch (10_1111_1365_2435_13667)...
[2026-09-20 12:49:30] Batch 357/1861 done (1/1 papers succeeded).
[2026-09-20 12:49:30] Batch 358/1861 (papers 358-358): running reproducibility_check on 1 paper(s), one at a time...
[2026-09-20 12:49:30]   Paper 1/1 in batch (10_1111_1365_2435_13668)...
[2026-09-20 12:49:35] Batch 358/1861 done (1/1 papers succeeded).
[2026-09-20 12:49:35] Batch 359/1861 (papers 359-359): running reproducibility_check on 1 paper(s), one at a time...
[2026-09-20 12:49:35]   Paper 1/1 in batch (10_1111_1365_2435_13671)...
[2026-09-20 12:49:37] Batch 359/1861 done (1/1 papers succeeded).
[2026-09-20 12:49:37] Batch 360/1861 (papers 360-360): running reproducibility_check on 1 paper(s), one at a time...
[2026-09-20 12:49:37]   Paper 1/1 in batch (10_1111_1365_2435_13674)...
[2026-09-20 12:49:40] Batch 360/1861 done (1/1 papers succeeded).
[2026-09-20 12:49:40] Batch 361/1861 (papers 361-361): running reproducibility_check on 1 paper(s), one at a time...
[2026-09-20 12:49:40]   Paper 1/1 in batch (10_1111_1365_2435_13675)...
[2026-09-20 12:49:41] Batch 361/1861 done (1/1 papers succeeded).
[2026-09-20 12:49:41] Batch 362/1861 (papers 362-362): running reproducibility_check on 1 paper(s), one at a time...
[2026-09-20 12:49:41]   Paper 1/1 in batch (10_1111_1365_2435_13676)...
[2026-09-20 12:49:42] Batch 362/1861 done (1/1 papers succeeded).
[2026-09-20 12:49:42] Batch 363/1861 (papers 363-363): running reproducibility_check on 1 paper(s), one at a time...
[2026-09-20 12:49:42]   Paper 1/1 in batch (10_1111_1365_2435_13683)...
[2026-09-20 12:49:43] Batch 363/1861 done (1/1 papers succeeded).
[2026-09-20 12:49:43] Batch 364/1861 (papers 364-364): running reproducibility_check on 1 paper(s), one at a time...
[2026-09-20 12:49:43]   Paper 1/1 in batch (10_1111_1365_2435_13684)...
[2026-09-20 12:49:45] Batch 364/1861 done (1/1 papers succeeded).
[2026-09-20 12:49:45] Batch 365/1861 (papers 365-365): running reproducibility_check on 1 paper(s), one at a time...
[2026-09-20 12:49:45]   Paper 1/1 in batch (10_1111_1365_2435_13689)...
[2026-09-20 12:49:49] Batch 365/1861 done (1/1 papers succeeded).
[2026-09-20 12:49:49] Batch 366/1861 (papers 366-366): running reproducibility_check on 1 paper(s), one at a time...
[2026-09-20 12:49:49]   Paper 1/1 in batch (10_1111_1365_2435_13697)...
[2026-09-20 12:49:53] Batch 366/1861 done (1/1 papers succeeded).
[2026-09-20 12:49:53] Batch 367/1861 (papers 367-367): running reproducibility_check on 1 paper(s), one at a time...
[2026-09-20 12:49:53]   Paper 1/1 in batch (10_1111_1365_2435_13731)...
[2026-09-20 12:49:54] Batch 367/1861 done (1/1 papers succeeded).
[2026-09-20 12:49:54] Batch 368/1861 (papers 368-368): running reproducibility_check on 1 paper(s), one at a time...
[2026-09-20 12:49:54]   Paper 1/1 in batch (10_1111_1365_2435_13735)...
Waiting 2s for retry backoff ■■■■■■■■■■■■■■■                 
Waiting 2s for retry backoff ■■■■■■■■■■■■■■■■■■■■■■■■■■■■■■■ 
Waiting 4s for retry backoff ■■■■■■■■■■■■■■■■■               
Waiting 4s for retry backoff ■■■■■■■■■■■■■■■■■■■■■■■■■■■■■■■ 
[2026-09-20 12:50:03] Batch 368/1861 done (1/1 papers succeeded).
[2026-09-20 12:50:03] Batch 369/1861 (papers 369-369): running reproducibility_check on 1 paper(s), one at a time...
[2026-09-20 12:50:03]   Paper 1/1 in batch (10_1111_1365_2435_13750)...
[2026-09-20 12:50:04] Batch 369/1861 done (1/1 papers succeeded).
[2026-09-20 12:50:04] Batch 370/1861 (papers 370-370): running reproducibility_check on 1 paper(s), one at a time...
[2026-09-20 12:50:04]   Paper 1/1 in batch (10_1111_1365_2435_13758)...
[2026-09-20 12:50:06] Batch 370/1861 done (1/1 papers succeeded).
[2026-09-20 12:50:06] Batch 371/1861 (papers 371-371): running reproducibility_check on 1 paper(s), one at a time...
[2026-09-20 12:50:06]   Paper 1/1 in batch (10_1111_1365_2435_13768)...
[2026-09-20 12:50:08] Batch 371/1861 done (1/1 papers succeeded).
[2026-09-20 12:50:08] Batch 372/1861 (papers 372-372): running reproducibility_check on 1 paper(s), one at a time...
[2026-09-20 12:50:08]   Paper 1/1 in batch (10_1111_1365_2435_13769)...
[2026-09-20 12:50:12] Batch 372/1861 done (1/1 papers succeeded).
[2026-09-20 12:50:12] Batch 373/1861 (papers 373-373): running reproducibility_check on 1 paper(s), one at a time...
[2026-09-20 12:50:12]   Paper 1/1 in batch (10_1111_1365_2435_13771)...
[2026-09-20 12:50:14] Batch 373/1861 done (1/1 papers succeeded).
[2026-09-20 12:50:14] Batch 374/1861 (papers 374-374): running reproducibility_check on 1 paper(s), one at a time...
[2026-09-20 12:50:14]   Paper 1/1 in batch (10_1111_1365_2435_13778)...
[2026-09-20 12:50:15] Batch 374/1861 done (1/1 papers succeeded).
[2026-09-20 12:50:15] Batch 375/1861 (papers 375-375): running reproducibility_check on 1 paper(s), one at a time...
[2026-09-20 12:50:15]   Paper 1/1 in batch (10_1111_1365_2435_13781)...
[2026-09-20 12:50:16] Batch 375/1861 done (1/1 papers succeeded).
[2026-09-20 12:50:16] Batch 376/1861 (papers 376-376): running reproducibility_check on 1 paper(s), one at a time...
[2026-09-20 12:50:16]   Paper 1/1 in batch (10_1111_1365_2435_13785)...
[2026-09-20 12:50:19] Batch 376/1861 done (1/1 papers succeeded).
[2026-09-20 12:50:19] Batch 377/1861 (papers 377-377): running reproducibility_check on 1 paper(s), one at a time...
[2026-09-20 12:50:19]   Paper 1/1 in batch (10_1111_1365_2435_13787)...
[2026-09-20 12:50:27] Batch 377/1861 done (1/1 papers succeeded).
[2026-09-20 12:50:27] Batch 378/1861 (papers 378-378): running reproducibility_check on 1 paper(s), one at a time...
[2026-09-20 12:50:27]   Paper 1/1 in batch (10_1111_1365_2435_13791)...
[2026-09-20 12:50:28] Batch 378/1861 done (1/1 papers succeeded).
[2026-09-20 12:50:28] Batch 379/1861 (papers 379-379): running reproducibility_check on 1 paper(s), one at a time...
[2026-09-20 12:50:28]   Paper 1/1 in batch (10_1111_1365_2435_13792)...
[2026-09-20 12:50:29] Batch 379/1861 done (1/1 papers succeeded).
[2026-09-20 12:50:29] Batch 380/1861 (papers 380-380): running reproducibility_check on 1 paper(s), one at a time...
[2026-09-20 12:50:29]   Paper 1/1 in batch (10_1111_1365_2435_13795)...
[repro] execute = TRUE (sandbox = docker). install_missing = TRUE, timeout = 3000s, keep_sandbox = FALSE
[repro] sandbox root: C:\Users\dlakens\AppData\Local\Temp\RtmpaqOq5E\repro_sandbox_7507bb1157
[repro] docker image: ghcr.io/scienceverse/metacheck_r:latest
[repro] materialising Psych-DS layout from plan (117 plan rows) ...
[repro]   materialised 80/132 files.
[repro] writing 2 rewritten script(s) into the layout ...
[repro]   wrote 2 script(s).
[repro] installing 27 dependenc(y/ies): car, cowplot, devtools, dplyr, effects, ggbiplot, ggplot2, gplots, gridExtra, knitr, lme4, lmerTest, lmtest, lsmeans, lubridate, multcomp, naniar, pbkrtest, plotrix, psych, RVAideMemoire, scales, smacof, tidyr, vegan, vegclust, zoo
[repro]   install done: 27 ok, 0 failed.
[repro] running 2 script(s) in order: Mydlarz_bleach recover.Rmd -> Mydlarz_bleach-recover.R
[repro/docker]   -> running 'Mydlarz_bleach recover.Rmd' (timeout 3000s) ...
[repro/docker]   <- 'Mydlarz_bleach recover.Rmd' done in 20.9s
[repro/docker]   -> running 'Mydlarz_bleach-recover.R' (timeout 3000s) ...
[repro/docker]   <- 'Mydlarz_bleach-recover.R' done in 4.8s
[repro] execution finished (pass 1). outcomes: Mydlarz_bleach recover.Rmd=errored; Mydlarz_bleach-recover.R=errored
Registered S3 method overwritten by 'lme4':
  method           from
  na.action.merMod car 
[repro] extracted statistical output from 1 script(s)' console output.
[2026-09-20 12:54:28] Batch 380/1861 done (1/1 papers succeeded).
[2026-09-20 12:54:28] Batch 381/1861 (papers 381-381): running reproducibility_check on 1 paper(s), one at a time...
[2026-09-20 12:54:28]   Paper 1/1 in batch (10_1111_1365_2435_13796)...
[2026-09-20 12:54:29] Batch 381/1861 done (1/1 papers succeeded).
[2026-09-20 12:54:29] Batch 382/1861 (papers 382-382): running reproducibility_check on 1 paper(s), one at a time...
[2026-09-20 12:54:29]   Paper 1/1 in batch (10_1111_1365_2435_13798)...
[2026-09-20 12:54:35] Batch 382/1861 done (1/1 papers succeeded).
[2026-09-20 12:54:35] Batch 383/1861 (papers 383-383): running reproducibility_check on 1 paper(s), one at a time...
[2026-09-20 12:54:35]   Paper 1/1 in batch (10_1111_1365_2435_13803)...
[2026-09-20 12:54:38] Batch 383/1861 done (1/1 papers succeeded).
[2026-09-20 12:54:38] Batch 384/1861 (papers 384-384): running reproducibility_check on 1 paper(s), one at a time...
[2026-09-20 12:54:38]   Paper 1/1 in batch (10_1111_1365_2435_13812)...
[2026-09-20 12:54:39] Batch 384/1861 done (1/1 papers succeeded).
[2026-09-20 12:54:39] Batch 385/1861 (papers 385-385): running reproducibility_check on 1 paper(s), one at a time...
[2026-09-20 12:54:39]   Paper 1/1 in batch (10_1111_1365_2435_13817)...
! Multiple files in zip: reading ''[Content_Types].xml''
Multiple files in zip: reading '[Content_Types].xml'
! Multiple files in zip: reading ''[Content_Types].xml''
Multiple files in zip: reading '[Content_Types].xml'
[repro] execute = TRUE (sandbox = docker). install_missing = TRUE, timeout = 3000s, keep_sandbox = FALSE
[repro] sandbox root: C:\Users\dlakens\AppData\Local\Temp\RtmpaqOq5E\repro_sandbox_7504e1a21d6
[repro] docker image: ghcr.io/scienceverse/metacheck_r:latest
[repro] materialising Psych-DS layout from plan (5 plan rows) ...
[repro]   materialised 4/5 files.
[repro] writing 1 rewritten script(s) into the layout ...
[repro]   wrote 1 script(s).
[repro] install_missing FALSE or no deps; skipping installs.
[repro] running 1 script(s) in order: script.R
[repro/docker]   -> running 'script.R' (timeout 3000s) ...
[repro/docker]   <- 'script.R' done in 0.5s
[repro] execution finished (pass 1). outcomes: script.R=ran_ok
[2026-09-20 12:54:47] Batch 385/1861 done (1/1 papers succeeded).
[2026-09-20 12:54:47] Batch 386/1861 (papers 386-386): running reproducibility_check on 1 paper(s), one at a time...
[2026-09-20 12:54:47]   Paper 1/1 in batch (10_1111_1365_2435_13818)...
[repro] execute = TRUE (sandbox = docker). install_missing = TRUE, timeout = 3000s, keep_sandbox = FALSE
[repro] sandbox root: C:\Users\dlakens\AppData\Local\Temp\RtmpaqOq5E\repro_sandbox_75023b33ea3
[repro] docker image: ghcr.io/scienceverse/metacheck_r:latest
[repro] materialising Psych-DS layout from plan (150 plan rows) ...
[repro]   materialised 54/167 files.
[repro] writing 3 rewritten script(s) into the layout ...
[repro]   wrote 3 script(s).
[repro] installing 14 dependenc(y/ies): ape, devtools, effects, flora, ggplot2, Hotelling, lme4, maptools, multcomp, multcompView, phytools, plyr, V.PhyloMaker, vegan
[repro]   install done: 13 ok, 1 failed.
[repro] running 3 script(s) in order: classify_species_splink.R -> plant_trait_data_prep_2020-05-04.R -> traits_analysis.R
[repro/docker]   -> running 'classify_species_splink.R' (timeout 3000s) ...
[repro/docker]   <- 'classify_species_splink.R' done in 1.4s
[repro/docker]   -> running 'plant_trait_data_prep_2020-05-04.R' (timeout 3000s) ...
[repro/docker]   <- 'plant_trait_data_prep_2020-05-04.R' done in 3s
[repro] execution finished (pass 1). outcomes: classify_species_splink.R=errored; plant_trait_data_prep_2020-05-04.R=errored; traits_analysis.R=not_parsed
[2026-09-20 12:57:03] Batch 386/1861 done (1/1 papers succeeded).
[2026-09-20 12:57:03] Batch 387/1861 (papers 387-387): running reproducibility_check on 1 paper(s), one at a time...
[2026-09-20 12:57:03]   Paper 1/1 in batch (10_1111_1365_2435_13823)...
[2026-09-20 12:57:08] Batch 387/1861 done (1/1 papers succeeded).
[2026-09-20 12:57:08] Batch 388/1861 (papers 388-388): running reproducibility_check on 1 paper(s), one at a time...
[2026-09-20 12:57:08]   Paper 1/1 in batch (10_1111_1365_2435_13848)...
[2026-09-20 12:57:09] Batch 388/1861 done (1/1 papers succeeded).
[2026-09-20 12:57:09] Batch 389/1861 (papers 389-389): running reproducibility_check on 1 paper(s), one at a time...
[2026-09-20 12:57:09]   Paper 1/1 in batch (10_1111_1365_2435_13850)...
[2026-09-20 12:57:10] Batch 389/1861 done (1/1 papers succeeded).
[2026-09-20 12:57:10] Batch 390/1861 (papers 390-390): running reproducibility_check on 1 paper(s), one at a time...
[2026-09-20 12:57:10]   Paper 1/1 in batch (10_1111_1365_2435_13851)...
[2026-09-20 12:57:13] Batch 390/1861 done (1/1 papers succeeded).
[2026-09-20 12:57:13] Batch 391/1861 (papers 391-391): running reproducibility_check on 1 paper(s), one at a time...
[2026-09-20 12:57:13]   Paper 1/1 in batch (10_1111_1365_2435_13855)...
[2026-09-20 12:57:18] Batch 391/1861 done (1/1 papers succeeded).
[2026-09-20 12:57:18] Batch 392/1861 (papers 392-392): running reproducibility_check on 1 paper(s), one at a time...
[2026-09-20 12:57:18]   Paper 1/1 in batch (10_1111_1365_2435_13861)...
[2026-09-20 12:57:20] Batch 392/1861 done (1/1 papers succeeded).
[2026-09-20 12:57:20] Batch 393/1861 (papers 393-393): running reproducibility_check on 1 paper(s), one at a time...
[2026-09-20 12:57:20]   Paper 1/1 in batch (10_1111_1365_2435_13866)...
[2026-09-20 12:57:21] Batch 393/1861 done (1/1 papers succeeded).
[2026-09-20 12:57:21] Batch 394/1861 (papers 394-394): running reproducibility_check on 1 paper(s), one at a time...
[2026-09-20 12:57:21]   Paper 1/1 in batch (10_1111_1365_2435_13867)...
[repro] execute = TRUE (sandbox = docker). install_missing = TRUE, timeout = 3000s, keep_sandbox = FALSE
[repro] sandbox root: C:\Users\dlakens\AppData\Local\Temp\RtmpaqOq5E\repro_sandbox_750434d74b4
[repro] docker image: ghcr.io/scienceverse/metacheck_r:latest
[repro] materialising Psych-DS layout from plan (10 plan rows) ...
[repro]   materialised 6/11 files.
[repro] writing 5 rewritten script(s) into the layout ...
[repro]   wrote 5 script(s).
[repro] installing 11 dependenc(y/ies): car, devtools, ggplot2, ggThemeAssist, gridBase, gridExtra, MCMCglmm, MuMIn, phenotypicForest, plyr, reshape
[repro]   install done: 11 ok, 0 failed.
[repro] skipping (missing inputs): Bite_Rates.R, GroupSIzesPerEvent+PolarHistograms.R, LoadModels-Modelselection.R
[repro] running 5 script(s) in order: Biomass_Removed.R -> Bite_Rates.R -> Bites-Per-Event-Models+Figure.R -> GroupSIzesPerEvent+PolarHistograms.R -> LoadModels-Modelselection.R
[repro/docker]   -> running 'Biomass_Removed.R' (timeout 3000s) ...
[repro/docker]   <- 'Biomass_Removed.R' done in 1.9s
[repro/docker]   -> running 'Bites-Per-Event-Models+Figure.R' (timeout 3000s) ...
[repro/docker]   <- 'Bites-Per-Event-Models+Figure.R' done in 2.2s
[repro] execution finished (pass 1). outcomes: Biomass_Removed.R=errored; Bite_Rates.R=skipped_missing_inputs; Bites-Per-Event-Models+Figure.R=errored; GroupSIzesPerEvent+PolarHistograms.R=skipped_missing_inputs; LoadModels-Modelselection.R=skipped_missing_inputs
[repro] extracted statistical output from 1 script(s)' console output.
[2026-09-20 12:58:13] Batch 394/1861 done (1/1 papers succeeded).
[2026-09-20 12:58:13] Batch 395/1861 (papers 395-395): running reproducibility_check on 1 paper(s), one at a time...
[2026-09-20 12:58:13]   Paper 1/1 in batch (10_1111_1365_2435_13870)...
[2026-09-20 12:58:23] Batch 395/1861 done (1/1 papers succeeded).
[2026-09-20 12:58:23] Batch 396/1861 (papers 396-396): running reproducibility_check on 1 paper(s), one at a time...
[2026-09-20 12:58:23]   Paper 1/1 in batch (10_1111_1365_2435_13874)...
[2026-09-20 12:58:25] Batch 396/1861 done (1/1 papers succeeded).
[2026-09-20 12:58:25] Batch 397/1861 (papers 397-397): running reproducibility_check on 1 paper(s), one at a time...
[2026-09-20 12:58:25]   Paper 1/1 in batch (10_1111_1365_2435_13881)...
[2026-09-20 12:58:27] Batch 397/1861 done (1/1 papers succeeded).
[2026-09-20 12:58:27] Batch 398/1861 (papers 398-398): running reproducibility_check on 1 paper(s), one at a time...
[2026-09-20 12:58:27]   Paper 1/1 in batch (10_1111_1365_2435_13887)...
[2026-09-20 12:58:30] Batch 398/1861 done (1/1 papers succeeded).
[2026-09-20 12:58:30] Batch 399/1861 (papers 399-399): running reproducibility_check on 1 paper(s), one at a time...
[2026-09-20 12:58:30]   Paper 1/1 in batch (10_1111_1365_2435_13891)...
[2026-09-20 12:58:31] Batch 399/1861 done (1/1 papers succeeded).
[2026-09-20 12:58:31] Batch 400/1861 (papers 400-400): running reproducibility_check on 1 paper(s), one at a time...
[2026-09-20 12:58:31]   Paper 1/1 in batch (10_1111_1365_2435_13897)...
[2026-09-20 12:58:32] Batch 400/1861 done (1/1 papers succeeded).
[2026-09-20 12:58:32] Batch 401/1861 (papers 401-401): running reproducibility_check on 1 paper(s), one at a time...
[2026-09-20 12:58:32]   Paper 1/1 in batch (10_1111_1365_2435_13899)...
[2026-09-20 12:58:38] Batch 401/1861 done (1/1 papers succeeded).
[2026-09-20 12:58:38] Batch 402/1861 (papers 402-402): running reproducibility_check on 1 paper(s), one at a time...
[2026-09-20 12:58:38]   Paper 1/1 in batch (10_1111_1365_2435_13906)...
[2026-09-20 12:58:40] Batch 402/1861 done (1/1 papers succeeded).
[2026-09-20 12:58:40] Batch 403/1861 (papers 403-403): running reproducibility_check on 1 paper(s), one at a time...
[2026-09-20 12:58:40]   Paper 1/1 in batch (10_1111_1365_2435_13910)...
[2026-09-20 12:58:42] Batch 403/1861 done (1/1 papers succeeded).
[2026-09-20 12:58:42] Batch 404/1861 (papers 404-404): running reproducibility_check on 1 paper(s), one at a time...
[2026-09-20 12:58:42]   Paper 1/1 in batch (10_1111_1365_2435_13918)...
[2026-09-20 12:58:44] Batch 404/1861 done (1/1 papers succeeded).
[2026-09-20 12:58:44] Batch 405/1861 (papers 405-405): running reproducibility_check on 1 paper(s), one at a time...
[2026-09-20 12:58:44]   Paper 1/1 in batch (10_1111_1365_2435_13919)...
[2026-09-20 12:58:49] Batch 405/1861 done (1/1 papers succeeded).
[2026-09-20 12:58:49] Batch 406/1861 (papers 406-406): running reproducibility_check on 1 paper(s), one at a time...
[2026-09-20 12:58:49]   Paper 1/1 in batch (10_1111_1365_2435_13920)...
[2026-09-20 12:58:50] Batch 406/1861 done (1/1 papers succeeded).
[2026-09-20 12:58:50] Batch 407/1861 (papers 407-407): running reproducibility_check on 1 paper(s), one at a time...
[2026-09-20 12:58:50]   Paper 1/1 in batch (10_1111_1365_2435_13921)...
[2026-09-20 13:00:24] Batch 407/1861 done (1/1 papers succeeded).
[2026-09-20 13:00:24] Batch 408/1861 (papers 408-408): running reproducibility_check on 1 paper(s), one at a time...
[2026-09-20 13:00:24]   Paper 1/1 in batch (10_1111_1365_2435_13924)...
[2026-09-20 13:00:39] Batch 408/1861 done (1/1 papers succeeded).
[2026-09-20 13:00:39] Batch 409/1861 (papers 409-409): running reproducibility_check on 1 paper(s), one at a time...
[2026-09-20 13:00:39]   Paper 1/1 in batch (10_1111_1365_2435_13928)...
Waiting 2s for retry backoff ■■■■■■■■■■■■■■■■                
Waiting 2s for retry backoff ■■■■■■■■■■■■■■■■■■■■■■■■■■■■■■  
Waiting 4s for retry backoff ■■■■■■■■                        
Waiting 4s for retry backoff ■■■■■■■■■                       
Waiting 4s for retry backoff ■■■■■■■■■■■■■■■■■■■■■■■■■■■■■■■ 
Waiting 2s for retry backoff ■■■■■■■■■■■■■■■                 
Waiting 2s for retry backoff ■■■■■■■■■■■■■■■■■■■■■■■■■■■■■■  
Waiting 4s for retry backoff ■■■■■■■■                        
Waiting 4s for retry backoff ■■■■■■■■■■■■■■■■■               
Waiting 4s for retry backoff ■■■■■■■■■■■■■■■■■■■■■■■■■■■■■■■ 
Waiting 2s for retry backoff ■■■■■■■■■■■■■■■■                
Waiting 2s for retry backoff ■■■■■■■■■■■■■■■■■■■■■■■■■■■■■■  
Waiting 4s for retry backoff ■■■■■■■■■■■■■                   
Waiting 4s for retry backoff ■■■■■■■■■■■■■■■■■■■■■■■■■■■■■■■ 
[2026-09-20 13:01:16] Batch 409/1861 done (1/1 papers succeeded).
[2026-09-20 13:01:16] Batch 410/1861 (papers 410-410): running reproducibility_check on 1 paper(s), one at a time...
[2026-09-20 13:01:16]   Paper 1/1 in batch (10_1111_1365_2435_13932)...
2 files in https://doi.org/10.5061/dryad.t76hdr824 exceeded the 100 MB per-file limit and were skipped (the rest of the repository was downloaded). Largest: fullmodeloutput_2020-06-22.rds (1620 MB). Raise max_file_size to include them.
2 files in https://doi.org/10.5061/dryad.t76hdr824 exceeded the 100 MB per-file limit and were skipped (the rest of the repository was downloaded). Largest: fullmodeloutput_2020-06-22.rds (1620 MB). Raise max_file_size to include them.
[2026-09-20 13:12:33] Batch 410/1861 done (1/1 papers succeeded).
[2026-09-20 13:12:33] Batch 411/1861 (papers 411-411): running reproducibility_check on 1 paper(s), one at a time...
[2026-09-20 13:12:33]   Paper 1/1 in batch (10_1111_1365_2435_13936)...
[2026-09-20 13:12:40] Batch 411/1861 done (1/1 papers succeeded).
[2026-09-20 13:12:40] Batch 412/1861 (papers 412-412): running reproducibility_check on 1 paper(s), one at a time...
[2026-09-20 13:12:40]   Paper 1/1 in batch (10_1111_1365_2435_13937)...
[2026-09-20 13:12:42] Batch 412/1861 done (1/1 papers succeeded).
[2026-09-20 13:12:42] Batch 413/1861 (papers 413-413): running reproducibility_check on 1 paper(s), one at a time...
[2026-09-20 13:12:42]   Paper 1/1 in batch (10_1111_1365_2435_13940)...
[2026-09-20 13:12:44] Batch 413/1861 done (1/1 papers succeeded).
[2026-09-20 13:12:44] Batch 414/1861 (papers 414-414): running reproducibility_check on 1 paper(s), one at a time...
[2026-09-20 13:12:44]   Paper 1/1 in batch (10_1111_1365_2435_13955)...
Waiting 2s for retry backoff ■■■■■■■■■■■■■■                  
Waiting 2s for retry backoff ■■■■■■■■■■■■■■■■■■■■■■■■■■■■■   
Waiting 4s for retry backoff ■■■■■■■■                        
Waiting 4s for retry backoff ■■■■■■■■■■■■■■■■■■■■■■■■■■■■    
Waiting 4s for retry backoff ■■■■■■■■■■■■■■■■■■■■■■■■■■■■■■■ 
Waiting 2s for retry backoff ■■■■■■■■■■■■■■■■                
Waiting 2s for retry backoff ■■■■■■■■■■■■■■■■■■■■■■■■■■■■■   
Waiting 4s for retry backoff ■■■■■■■■                        
Waiting 4s for retry backoff ■■■■■■■■■■■■■■■■■■■■■■■■■■      
Waiting 4s for retry backoff ■■■■■■■■■■■■■■■■■■■■■■■■■■■■■■  
Waiting 2s for retry backoff ■■■■■■■■■■■■■■                  
Waiting 2s for retry backoff ■■■■■■■■■■■■■■■■■■■■■■■■■■■■■   
Waiting 4s for retry backoff ■■■■■■■■                        
Waiting 4s for retry backoff ■■■■■■■■■■■■■■■■■■■■■■■■■       
Waiting 4s for retry backoff ■■■■■■■■■■■■■■■■■■■■■■■■■■■■■■  
[2026-09-20 13:13:16] Batch 414/1861 done (1/1 papers succeeded).
[2026-09-20 13:13:16] Batch 415/1861 (papers 415-415): running reproducibility_check on 1 paper(s), one at a time...
[2026-09-20 13:13:16]   Paper 1/1 in batch (10_1111_1365_2435_13958)...
[2026-09-20 13:13:18] Batch 415/1861 done (1/1 papers succeeded).
[2026-09-20 13:13:18] Batch 416/1861 (papers 416-416): running reproducibility_check on 1 paper(s), one at a time...
[2026-09-20 13:13:18]   Paper 1/1 in batch (10_1111_1365_2435_13964)...
[repro] execute = TRUE (sandbox = docker). install_missing = TRUE, timeout = 3000s, keep_sandbox = FALSE
[repro] sandbox root: C:\Users\dlakens\AppData\Local\Temp\RtmpaqOq5E\repro_sandbox_750721510
[repro] docker image: ghcr.io/scienceverse/metacheck_r:latest
[repro] materialising Psych-DS layout from plan (13 plan rows) ...
[repro]   materialised 3/14 files.
[repro] writing 10 rewritten script(s) into the layout ...
[repro]   wrote 10 script(s).
[repro] installing 6 dependenc(y/ies): ape, dplyr, geiger, pbapply, phytools, tidyr
[repro]   install done: 6 ok, 0 failed.
[repro] skipping (missing inputs): Run_demon_K_ME.R
[repro] running 10 script(s) in order: demon_K_test.R -> demon_K_test_ME.R -> demon_Lambda_test.R -> demon_phyloSIG_areas.R -> demonAICw.R -> K_test.R -> make_K.R -> MakeAIC.R -> PhyloSignal.R -> Run_demon_K_ME.R
[repro/docker]   -> running 'demon_K_test.R' (timeout 3000s) ...
[repro/docker]   <- 'demon_K_test.R' done in 0.5s
[repro/docker]   -> running 'demon_K_test_ME.R' (timeout 3000s) ...
[repro/docker]   <- 'demon_K_test_ME.R' done in 0.5s
[repro/docker]   -> running 'demon_Lambda_test.R' (timeout 3000s) ...
[repro/docker]   <- 'demon_Lambda_test.R' done in 0.5s
[repro/docker]   -> running 'demon_phyloSIG_areas.R' (timeout 3000s) ...
[repro/docker]   <- 'demon_phyloSIG_areas.R' done in 0.5s
[repro/docker]   -> running 'demonAICw.R' (timeout 3000s) ...
[repro/docker]   <- 'demonAICw.R' done in 0.6s
[repro/docker]   -> running 'K_test.R' (timeout 3000s) ...
[repro/docker]   <- 'K_test.R' done in 0.5s
[repro/docker]   -> running 'make_K.R' (timeout 3000s) ...
[repro/docker]   <- 'make_K.R' done in 0.5s
[repro/docker]   -> running 'MakeAIC.R' (timeout 3000s) ...
[repro/docker]   <- 'MakeAIC.R' done in 0.5s
[repro/docker]   -> running 'PhyloSignal.R' (timeout 3000s) ...
[repro/docker]   <- 'PhyloSignal.R' done in 0.6s
[repro] execution finished (pass 1). outcomes: demon_K_test.R=ran_ok; demon_K_test_ME.R=ran_ok; demon_Lambda_test.R=ran_ok; demon_phyloSIG_areas.R=ran_ok; demonAICw.R=ran_ok; K_test.R=ran_ok; make_K.R=ran_ok; MakeAIC.R=ran_ok; PhyloSignal.R=ran_ok; Run_demon_K_ME.R=skipped_missing_inputs
[repro] extracted statistical output from 1 script(s)' console output.
[2026-09-20 13:14:05] Batch 416/1861 done (1/1 papers succeeded).
[2026-09-20 13:14:05] Batch 417/1861 (papers 417-417): running reproducibility_check on 1 paper(s), one at a time...
[2026-09-20 13:14:05]   Paper 1/1 in batch (10_1111_1365_2435_13965)...
[2026-09-20 13:14:07] Batch 417/1861 done (1/1 papers succeeded).
[2026-09-20 13:14:07] Batch 418/1861 (papers 418-418): running reproducibility_check on 1 paper(s), one at a time...
[2026-09-20 13:14:07]   Paper 1/1 in batch (10_1111_1365_2435_13976)...
[2026-09-20 13:14:09] Batch 418/1861 done (1/1 papers succeeded).
[2026-09-20 13:14:09] Batch 419/1861 (papers 419-419): running reproducibility_check on 1 paper(s), one at a time...
[2026-09-20 13:14:09]   Paper 1/1 in batch (10_1111_1365_2435_13979)...
[2026-09-20 13:14:10] Batch 419/1861 done (1/1 papers succeeded).
[2026-09-20 13:14:10] Batch 420/1861 (papers 420-420): running reproducibility_check on 1 paper(s), one at a time...
[2026-09-20 13:14:10]   Paper 1/1 in batch (10_1111_1365_2435_13980)...
[2026-09-20 13:14:11] Batch 420/1861 done (1/1 papers succeeded).
[2026-09-20 13:14:11] Batch 421/1861 (papers 421-421): running reproducibility_check on 1 paper(s), one at a time...
[2026-09-20 13:14:11]   Paper 1/1 in batch (10_1111_1365_2435_13982)...
[2026-09-20 13:14:12] Batch 421/1861 done (1/1 papers succeeded).
[2026-09-20 13:14:12] Batch 422/1861 (papers 422-422): running reproducibility_check on 1 paper(s), one at a time...
[2026-09-20 13:14:12]   Paper 1/1 in batch (10_1111_1365_2435_13988)...
[2026-09-20 13:14:14] Batch 422/1861 done (1/1 papers succeeded).
[2026-09-20 13:14:14] Batch 423/1861 (papers 423-423): running reproducibility_check on 1 paper(s), one at a time...
[2026-09-20 13:14:14]   Paper 1/1 in batch (10_1111_1365_2435_13993)...
[repro] execute = TRUE (sandbox = docker). install_missing = TRUE, timeout = 3000s, keep_sandbox = FALSE
[repro] sandbox root: C:\Users\dlakens\AppData\Local\Temp\RtmpaqOq5E\repro_sandbox_75044b97cfd
[repro] docker image: ghcr.io/scienceverse/metacheck_r:latest
[repro] materialising Psych-DS layout from plan (57 plan rows) ...
[repro]   materialised 12/57 files.
[repro] writing 24 rewritten script(s) into the layout ...
[repro]   wrote 24 script(s).
[repro] installing 8 dependenc(y/ies): assertthat, data.table, ggplot2, LizardsAndNiches, NicheMapR, plyr, stringr, testthat
[repro]   install done: 0 ok, 8 failed.
[repro] running 24 script(s) in order: m_boxplot.R -> m_estimate_deb.R -> m_extract_microclim_input.R -> m_get_microclim.R -> m_import_lizard_data.R -> m_plot_activity.R -> m_plot_all_micros.R -> m_plot_ecto.R -> m_plot_micro.R -> m_run_biophysical.R -> m_run_ectotherm.R -> m_run_ind_biophysical.R -> m_tidy_output.R -> m_tidy_output_ind.R -> m_tidy_output_loc.R -> m_whole_climate_analysis.R -> test-m_boxplot.R -> test-m_extract_microclim_input.R -> test-m_get_microclim.R -> test-m_import_lizard_data.R -> test-m_run_biophysical.R -> test-m_run_ectotherm.R -> test-m_run_ind_biophysical.R -> testthat.R
[repro/docker]   -> running 'm_boxplot.R' (timeout 3000s) ...
[repro/docker]   <- 'm_boxplot.R' done in 0.6s
[repro/docker]   -> running 'm_estimate_deb.R' (timeout 3000s) ...
[repro/docker]   <- 'm_estimate_deb.R' done in 0.5s
[repro/docker]   -> running 'm_extract_microclim_input.R' (timeout 3000s) ...
[repro/docker]   <- 'm_extract_microclim_input.R' done in 0.5s
[repro/docker]   -> running 'm_get_microclim.R' (timeout 3000s) ...
[repro/docker]   <- 'm_get_microclim.R' done in 0.5s
[repro/docker]   -> running 'm_import_lizard_data.R' (timeout 3000s) ...
[repro/docker]   <- 'm_import_lizard_data.R' done in 0.5s
[repro/docker]   -> running 'm_plot_activity.R' (timeout 3000s) ...
[repro/docker]   <- 'm_plot_activity.R' done in 0.5s
[repro/docker]   -> running 'm_plot_all_micros.R' (timeout 3000s) ...
[repro/docker]   <- 'm_plot_all_micros.R' done in 0.5s
[repro/docker]   -> running 'm_plot_ecto.R' (timeout 3000s) ...
[repro/docker]   <- 'm_plot_ecto.R' done in 0.5s
[repro/docker]   -> running 'm_plot_micro.R' (timeout 3000s) ...
[repro/docker]   <- 'm_plot_micro.R' done in 0.5s
[repro/docker]   -> running 'm_run_biophysical.R' (timeout 3000s) ...
[repro/docker]   <- 'm_run_biophysical.R' done in 0.6s
[repro/docker]   -> running 'm_run_ectotherm.R' (timeout 3000s) ...
[repro/docker]   <- 'm_run_ectotherm.R' done in 0.5s
[repro/docker]   -> running 'm_run_ind_biophysical.R' (timeout 3000s) ...
[repro/docker]   <- 'm_run_ind_biophysical.R' done in 0.6s
[repro/docker]   -> running 'm_tidy_output.R' (timeout 3000s) ...
[repro/docker]   <- 'm_tidy_output.R' done in 0.6s
[repro/docker]   -> running 'm_tidy_output_ind.R' (timeout 3000s) ...
[repro/docker]   <- 'm_tidy_output_ind.R' done in 0.6s
[repro/docker]   -> running 'm_tidy_output_loc.R' (timeout 3000s) ...
[repro/docker]   <- 'm_tidy_output_loc.R' done in 0.5s
[repro/docker]   -> running 'm_whole_climate_analysis.R' (timeout 3000s) ...
[repro/docker]   <- 'm_whole_climate_analysis.R' done in 0.6s
[repro/docker]   -> running 'test-m_boxplot.R' (timeout 3000s) ...
[repro/docker]   <- 'test-m_boxplot.R' done in 0.6s
[repro/docker]   -> running 'test-m_extract_microclim_input.R' (timeout 3000s) ...
[repro/docker]   <- 'test-m_extract_microclim_input.R' done in 0.5s
[repro/docker]   -> running 'test-m_get_microclim.R' (timeout 3000s) ...
[repro/docker]   <- 'test-m_get_microclim.R' done in 0.5s
[repro/docker]   -> running 'test-m_import_lizard_data.R' (timeout 3000s) ...
[repro/docker]   <- 'test-m_import_lizard_data.R' done in 0.6s
[repro/docker]   -> running 'test-m_run_biophysical.R' (timeout 3000s) ...
[repro/docker]   <- 'test-m_run_biophysical.R' done in 0.6s
[repro/docker]   -> running 'test-m_run_ectotherm.R' (timeout 3000s) ...
[repro/docker]   <- 'test-m_run_ectotherm.R' done in 0.5s
[repro/docker]   -> running 'test-m_run_ind_biophysical.R' (timeout 3000s) ...
[repro/docker]   <- 'test-m_run_ind_biophysical.R' done in 0.6s
[repro/docker]   -> running 'testthat.R' (timeout 3000s) ...
[repro/docker]   <- 'testthat.R' done in 0.7s
[repro] execution finished (pass 1). outcomes: m_boxplot.R=ran_ok; m_estimate_deb.R=ran_ok; m_extract_microclim_input.R=ran_ok; m_get_microclim.R=ran_ok; m_import_lizard_data.R=ran_ok; m_plot_activity.R=ran_ok; m_plot_all_micros.R=ran_ok; m_plot_ecto.R=ran_ok; m_plot_micro.R=ran_ok; m_run_biophysical.R=ran_ok; m_run_ectotherm.R=ran_ok; m_run_ind_biophysical.R=ran_ok; m_tidy_output.R=ran_ok; m_tidy_output_ind.R=ran_ok; m_tidy_output_loc.R=ran_ok; m_whole_climate_analysis.R=ran_ok; test-m_boxplot.R=errored; test-m_extract_microclim_input.R=errored; test-m_get_microclim.R=errored; test-m_import_lizard_data.R=errored; test-m_run_biophysical.R=errored; test-m_run_ectotherm.R=errored; test-m_run_ind_biophysical.R=errored; testthat.R=errored
[repro] missing-library injection: 'test_that' resolved to package 'testthat' for 'test-m_boxplot.R'
[repro] missing-library injection: 'context' resolved to package 'testthat' for 'test-m_extract_microclim_input.R'
[repro] missing-library injection: 'context' resolved to package 'testthat' for 'test-m_get_microclim.R'
[repro] missing-library injection: 'context' resolved to package 'testthat' for 'test-m_import_lizard_data.R'
[repro] missing-library injection: 'context' resolved to package 'testthat' for 'test-m_run_biophysical.R'
[repro] missing-library injection: 'context' resolved to package 'testthat' for 'test-m_run_ectotherm.R'
[repro] missing-library injection: 'context' resolved to package 'testthat' for 'test-m_run_ind_biophysical.R'
[repro] re-running 24 script(s) in corrected order (with 7 library() injection(s): test-m_boxplot.R: library(testthat); test-m_extract_microclim_input.R: library(testthat); test-m_get_microclim.R: library(testthat); test-m_import_lizard_data.R: library(testthat); test-m_run_biophysical.R: library(testthat); test-m_run_ectotherm.R: library(testthat); test-m_run_ind_biophysical.R: library(testthat)): m_boxplot.R -> m_estimate_deb.R -> m_extract_microclim_input.R -> m_get_microclim.R -> m_import_lizard_data.R -> m_plot_activity.R -> m_plot_all_micros.R -> m_plot_ecto.R -> m_plot_micro.R -> m_run_biophysical.R -> m_run_ectotherm.R -> m_run_ind_biophysical.R -> m_tidy_output.R -> m_tidy_output_ind.R -> m_tidy_output_loc.R -> m_whole_climate_analysis.R -> test-m_boxplot.R -> test-m_extract_microclim_input.R -> test-m_get_microclim.R -> test-m_import_lizard_data.R -> test-m_run_biophysical.R -> test-m_run_ectotherm.R -> test-m_run_ind_biophysical.R -> testthat.R
[repro/docker]   -> running 'm_boxplot.R' (timeout 3000s) ...
[repro/docker]   <- 'm_boxplot.R' done in 0.6s
[repro/docker]   -> running 'm_estimate_deb.R' (timeout 3000s) ...
[repro/docker]   <- 'm_estimate_deb.R' done in 0.6s
[repro/docker]   -> running 'm_extract_microclim_input.R' (timeout 3000s) ...
[repro/docker]   <- 'm_extract_microclim_input.R' done in 0.6s
[repro/docker]   -> running 'm_get_microclim.R' (timeout 3000s) ...
[repro/docker]   <- 'm_get_microclim.R' done in 0.6s
[repro/docker]   -> running 'm_import_lizard_data.R' (timeout 3000s) ...
[repro/docker]   <- 'm_import_lizard_data.R' done in 0.6s
[repro/docker]   -> running 'm_plot_activity.R' (timeout 3000s) ...
[repro/docker]   <- 'm_plot_activity.R' done in 0.6s
[repro/docker]   -> running 'm_plot_all_micros.R' (timeout 3000s) ...
[repro/docker]   <- 'm_plot_all_micros.R' done in 0.6s
[repro/docker]   -> running 'm_plot_ecto.R' (timeout 3000s) ...
[repro/docker]   <- 'm_plot_ecto.R' done in 0.5s
[repro/docker]   -> running 'm_plot_micro.R' (timeout 3000s) ...
[repro/docker]   <- 'm_plot_micro.R' done in 0.5s
[repro/docker]   -> running 'm_run_biophysical.R' (timeout 3000s) ...
[repro/docker]   <- 'm_run_biophysical.R' done in 0.5s
[repro/docker]   -> running 'm_run_ectotherm.R' (timeout 3000s) ...
[repro/docker]   <- 'm_run_ectotherm.R' done in 0.6s
[repro/docker]   -> running 'm_run_ind_biophysical.R' (timeout 3000s) ...
[repro/docker]   <- 'm_run_ind_biophysical.R' done in 0.5s
[repro/docker]   -> running 'm_tidy_output.R' (timeout 3000s) ...
[repro/docker]   <- 'm_tidy_output.R' done in 0.6s
[repro/docker]   -> running 'm_tidy_output_ind.R' (timeout 3000s) ...
[repro/docker]   <- 'm_tidy_output_ind.R' done in 0.6s
[repro/docker]   -> running 'm_tidy_output_loc.R' (timeout 3000s) ...
[repro/docker]   <- 'm_tidy_output_loc.R' done in 0.5s
[repro/docker]   -> running 'm_whole_climate_analysis.R' (timeout 3000s) ...
[repro/docker]   <- 'm_whole_climate_analysis.R' done in 0.6s
[repro/docker]   -> running 'test-m_boxplot.R' (timeout 3000s) ...
[repro/docker]   <- 'test-m_boxplot.R' done in 0.9s
[repro/docker]   -> running 'test-m_extract_microclim_input.R' (timeout 3000s) ...
[repro/docker]   <- 'test-m_extract_microclim_input.R' done in 0.9s
[repro/docker]   -> running 'test-m_get_microclim.R' (timeout 3000s) ...
[repro/docker]   <- 'test-m_get_microclim.R' done in 1s
[repro/docker]   -> running 'test-m_import_lizard_data.R' (timeout 3000s) ...
[repro/docker]   <- 'test-m_import_lizard_data.R' done in 1s
[repro/docker]   -> running 'test-m_run_biophysical.R' (timeout 3000s) ...
[repro/docker]   <- 'test-m_run_biophysical.R' done in 1s
[repro/docker]   -> running 'test-m_run_ectotherm.R' (timeout 3000s) ...
[repro/docker]   <- 'test-m_run_ectotherm.R' done in 0.9s
[repro/docker]   -> running 'test-m_run_ind_biophysical.R' (timeout 3000s) ...
[repro/docker]   <- 'test-m_run_ind_biophysical.R' done in 1s
[repro/docker]   -> running 'testthat.R' (timeout 3000s) ...
[repro/docker]   <- 'testthat.R' done in 0.7s
[repro] execution finished (pass 2). outcomes: m_boxplot.R=ran_ok; m_estimate_deb.R=ran_ok; m_extract_microclim_input.R=ran_ok; m_get_microclim.R=ran_ok; m_import_lizard_data.R=ran_ok; m_plot_activity.R=ran_ok; m_plot_all_micros.R=ran_ok; m_plot_ecto.R=ran_ok; m_plot_micro.R=ran_ok; m_run_biophysical.R=ran_ok; m_run_ectotherm.R=ran_ok; m_run_ind_biophysical.R=ran_ok; m_tidy_output.R=ran_ok; m_tidy_output_ind.R=ran_ok; m_tidy_output_loc.R=ran_ok; m_whole_climate_analysis.R=ran_ok; test-m_boxplot.R=ran_ok; test-m_extract_microclim_input.R=errored; test-m_get_microclim.R=errored; test-m_import_lizard_data.R=errored; test-m_run_biophysical.R=errored; test-m_run_ectotherm.R=errored; test-m_run_ind_biophysical.R=errored; testthat.R=errored
[repro] extracted statistical output from 11 script(s)' console output.
[2026-09-20 13:15:02] Batch 423/1861 done (1/1 papers succeeded).
[2026-09-20 13:15:02] Batch 424/1861 (papers 424-424): running reproducibility_check on 1 paper(s), one at a time...
[2026-09-20 13:15:02]   Paper 1/1 in batch (10_1111_1365_2435_13998)...
Waiting 2s for retry backoff ■■■■■■■■■■■■■■■■                
Waiting 2s for retry backoff ■■■■■■■■■■■■■■■■■■■■■■■■■■■■■■  
Waiting 4s for retry backoff ■■■■■■■■■                       
Waiting 4s for retry backoff ■■■■■■■■■■■■■■■■■■■■■           
Waiting 4s for retry backoff ■■■■■■■■■■■■■■■■■■■■■■■■■■■■■■■ 
[2026-09-20 13:15:18] Batch 424/1861 done (1/1 papers succeeded).
[2026-09-20 13:15:18] Batch 425/1861 (papers 425-425): running reproducibility_check on 1 paper(s), one at a time...
[2026-09-20 13:15:18]   Paper 1/1 in batch (10_1111_1365_2435_14001)...
[2026-09-20 13:15:20] Batch 425/1861 done (1/1 papers succeeded).
[2026-09-20 13:15:20] Batch 426/1861 (papers 426-426): running reproducibility_check on 1 paper(s), one at a time...
[2026-09-20 13:15:20]   Paper 1/1 in batch (10_1111_1365_2435_14002)...
[2026-09-20 13:15:33] Batch 426/1861 done (1/1 papers succeeded).
[2026-09-20 13:15:33] Batch 427/1861 (papers 427-427): running reproducibility_check on 1 paper(s), one at a time...
[2026-09-20 13:15:33]   Paper 1/1 in batch (10_1111_1365_2435_14012)...
[2026-09-20 13:15:34] Batch 427/1861 done (1/1 papers succeeded).
[2026-09-20 13:15:34] Batch 428/1861 (papers 428-428): running reproducibility_check on 1 paper(s), one at a time...
[2026-09-20 13:15:34]   Paper 1/1 in batch (10_1111_1365_2435_14015)...
[2026-09-20 13:15:36] Batch 428/1861 done (1/1 papers succeeded).
[2026-09-20 13:15:36] Batch 429/1861 (papers 429-429): running reproducibility_check on 1 paper(s), one at a time...
[2026-09-20 13:15:36]   Paper 1/1 in batch (10_1111_1365_2435_14016)...
[repro] execute = TRUE (sandbox = docker). install_missing = TRUE, timeout = 3000s, keep_sandbox = FALSE
[repro] sandbox root: C:\Users\dlakens\AppData\Local\Temp\RtmpaqOq5E\repro_sandbox_7503c0b691e
[repro] docker image: ghcr.io/scienceverse/metacheck_r:latest
[repro] materialising Psych-DS layout from plan (16 plan rows) ...
[repro]   materialised 16/17 files.
[repro] writing 1 rewritten script(s) into the layout ...
[repro]   wrote 1 script(s).
[repro] installing 11 dependenc(y/ies): car, dotwhisker, ggpubr, glmmTMB, gridExtra, jtools, lme4, openxlsx, phia, pscl, tidyverse
[repro]   install done: 11 ok, 0 failed.
[repro] skipping (missing inputs): 2021_0830_NeonicNSMs_AllCode.R
[repro] running 1 script(s) in order: 2021_0830_NeonicNSMs_AllCode.R
[repro] execution finished (pass 1). outcomes: 2021_0830_NeonicNSMs_AllCode.R=skipped_missing_inputs
[2026-09-20 13:16:26] Batch 429/1861 done (1/1 papers succeeded).
[2026-09-20 13:16:26] Batch 430/1861 (papers 430-430): running reproducibility_check on 1 paper(s), one at a time...
[2026-09-20 13:16:26]   Paper 1/1 in batch (10_1111_1365_2435_14022)...
[2026-09-20 13:16:33] Batch 430/1861 done (1/1 papers succeeded).
[2026-09-20 13:16:33] Batch 431/1861 (papers 431-431): running reproducibility_check on 1 paper(s), one at a time...
[2026-09-20 13:16:33]   Paper 1/1 in batch (10_1111_1365_2435_14046)...
[repro] execute = TRUE (sandbox = docker). install_missing = TRUE, timeout = 3000s, keep_sandbox = FALSE
[repro] sandbox root: C:\Users\dlakens\AppData\Local\Temp\RtmpaqOq5E\repro_sandbox_7503b412f80
[repro] docker image: ghcr.io/scienceverse/metacheck_r:latest
[repro] materialising Psych-DS layout from plan (17 plan rows) ...
[repro]   materialised 3/18 files.
[repro] writing 14 rewritten script(s) into the layout ...
[repro]   wrote 14 script(s).
[repro] installing 15 dependenc(y/ies): cowplot, dplyr, egg, ggplot2, ggpubr, knitr, numform, png, purrr, RColorBrewer, readxl, rjags, runjags, stringr, tidyr
[repro]   install done: 14 ok, 1 failed.
[repro] skipping (missing inputs): MPa_monitoring_2AUG20.Rmd
[repro] running 14 script(s) in order: AGB_2AUG20.Rmd -> BGB_2AUG20.Rmd -> CRB_2AUG20.Rmd -> crown_area_2AUG20.Rmd -> glasshouse_figures_2AUG20.Rmd -> height_2AUG20.Rmd -> ligno_biomass_2AUG20.Rmd -> LMA_2AUG20.Rmd -> MPa_monitoring_2AUG20.Rmd -> RMR_2AUG20.Rmd -> TB_2AUG20.Rmd -> Species_ABG_190421.Rmd -> Species_BGB_190421.Rmd -> Species_TB_190421.Rmd
[repro/docker]   -> running 'AGB_2AUG20.Rmd' (timeout 3000s) ...
[repro/docker]   <- 'AGB_2AUG20.Rmd' done in 2.9s
[repro/docker]   -> running 'BGB_2AUG20.Rmd' (timeout 3000s) ...
[repro/docker]   <- 'BGB_2AUG20.Rmd' done in 2.9s
[repro/docker]   -> running 'CRB_2AUG20.Rmd' (timeout 3000s) ...
[repro/docker]   <- 'CRB_2AUG20.Rmd' done in 2.7s
[repro/docker]   -> running 'crown_area_2AUG20.Rmd' (timeout 3000s) ...
[repro/docker]   <- 'crown_area_2AUG20.Rmd' done in 2.9s
[repro/docker]   -> running 'glasshouse_figures_2AUG20.Rmd' (timeout 3000s) ...
[repro/docker]   <- 'glasshouse_figures_2AUG20.Rmd' done in 2.3s
[repro/docker]   -> running 'height_2AUG20.Rmd' (timeout 3000s) ...
[repro/docker]   <- 'height_2AUG20.Rmd' done in 2.8s
[repro/docker]   -> running 'ligno_biomass_2AUG20.Rmd' (timeout 3000s) ...
[repro/docker]   <- 'ligno_biomass_2AUG20.Rmd' done in 2.4s
[repro/docker]   -> running 'LMA_2AUG20.Rmd' (timeout 3000s) ...
[repro/docker]   <- 'LMA_2AUG20.Rmd' done in 2.8s
[repro/docker]   -> running 'RMR_2AUG20.Rmd' (timeout 3000s) ...
[repro/docker]   <- 'RMR_2AUG20.Rmd' done in 2.6s
[repro/docker]   -> running 'TB_2AUG20.Rmd' (timeout 3000s) ...
[repro/docker]   <- 'TB_2AUG20.Rmd' done in 2.3s
[repro/docker]   -> running 'Species_ABG_190421.Rmd' (timeout 3000s) ...
[repro/docker]   <- 'Species_ABG_190421.Rmd' done in 3.1s
[repro/docker]   -> running 'Species_BGB_190421.Rmd' (timeout 3000s) ...
[repro/docker]   <- 'Species_BGB_190421.Rmd' done in 3.5s
[repro/docker]   -> running 'Species_TB_190421.Rmd' (timeout 3000s) ...
[repro/docker]   <- 'Species_TB_190421.Rmd' done in 3.3s
[repro] execution finished (pass 1). outcomes: AGB_2AUG20.Rmd=errored; BGB_2AUG20.Rmd=errored; CRB_2AUG20.Rmd=errored; crown_area_2AUG20.Rmd=errored; glasshouse_figures_2AUG20.Rmd=errored; height_2AUG20.Rmd=errored; ligno_biomass_2AUG20.Rmd=errored; LMA_2AUG20.Rmd=errored; MPa_monitoring_2AUG20.Rmd=not_parsed; RMR_2AUG20.Rmd=errored; TB_2AUG20.Rmd=errored; Species_ABG_190421.Rmd=errored; Species_BGB_190421.Rmd=errored; Species_TB_190421.Rmd=errored
[repro] undefined-var edge: 'ligno_biomass_2AUG20.Rmd' defines 'WSF.1.lg' needed by 'glasshouse_figures_2AUG20.Rmd'
[repro] re-running 14 script(s) in corrected order: AGB_2AUG20.Rmd -> BGB_2AUG20.Rmd -> CRB_2AUG20.Rmd -> crown_area_2AUG20.Rmd -> height_2AUG20.Rmd -> ligno_biomass_2AUG20.Rmd -> glasshouse_figures_2AUG20.Rmd -> LMA_2AUG20.Rmd -> MPa_monitoring_2AUG20.Rmd -> RMR_2AUG20.Rmd -> TB_2AUG20.Rmd -> Species_ABG_190421.Rmd -> Species_BGB_190421.Rmd -> Species_TB_190421.Rmd
[repro/docker]   -> running 'AGB_2AUG20.Rmd' (timeout 3000s) ...
[repro/docker]   <- 'AGB_2AUG20.Rmd' done in 2.4s
[repro/docker]   -> running 'BGB_2AUG20.Rmd' (timeout 3000s) ...
[repro/docker]   <- 'BGB_2AUG20.Rmd' done in 3.5s
[repro/docker]   -> running 'CRB_2AUG20.Rmd' (timeout 3000s) ...
[repro/docker]   <- 'CRB_2AUG20.Rmd' done in 2.5s
[repro/docker]   -> running 'crown_area_2AUG20.Rmd' (timeout 3000s) ...
[repro/docker]   <- 'crown_area_2AUG20.Rmd' done in 2.8s
[repro/docker]   -> running 'height_2AUG20.Rmd' (timeout 3000s) ...
[repro/docker]   <- 'height_2AUG20.Rmd' done in 2.8s
[repro/docker]   -> running 'ligno_biomass_2AUG20.Rmd' (timeout 3000s) ...
[repro/docker]   <- 'ligno_biomass_2AUG20.Rmd' done in 2.5s
[repro/docker]   -> running 'glasshouse_figures_2AUG20.Rmd' (timeout 3000s) ...
[repro/docker]   <- 'glasshouse_figures_2AUG20.Rmd' done in 2.5s
[repro/docker]   -> running 'LMA_2AUG20.Rmd' (timeout 3000s) ...
[repro/docker]   <- 'LMA_2AUG20.Rmd' done in 2.8s
[repro/docker]   -> running 'RMR_2AUG20.Rmd' (timeout 3000s) ...
[repro/docker]   <- 'RMR_2AUG20.Rmd' done in 2.5s
[repro/docker]   -> running 'TB_2AUG20.Rmd' (timeout 3000s) ...
[repro/docker]   <- 'TB_2AUG20.Rmd' done in 2.6s
[repro/docker]   -> running 'Species_ABG_190421.Rmd' (timeout 3000s) ...
[repro/docker]   <- 'Species_ABG_190421.Rmd' done in 3.8s
[repro/docker]   -> running 'Species_BGB_190421.Rmd' (timeout 3000s) ...
[repro/docker]   <- 'Species_BGB_190421.Rmd' done in 3.2s
[repro/docker]   -> running 'Species_TB_190421.Rmd' (timeout 3000s) ...
[repro/docker]   <- 'Species_TB_190421.Rmd' done in 3.4s
[repro] execution finished (pass 2). outcomes: AGB_2AUG20.Rmd=errored; BGB_2AUG20.Rmd=errored; CRB_2AUG20.Rmd=errored; crown_area_2AUG20.Rmd=errored; height_2AUG20.Rmd=errored; ligno_biomass_2AUG20.Rmd=errored; glasshouse_figures_2AUG20.Rmd=errored; LMA_2AUG20.Rmd=errored; MPa_monitoring_2AUG20.Rmd=not_parsed; RMR_2AUG20.Rmd=errored; TB_2AUG20.Rmd=errored; Species_ABG_190421.Rmd=errored; Species_BGB_190421.Rmd=errored; Species_TB_190421.Rmd=errored
[2026-09-20 13:18:57] Batch 431/1861 done (1/1 papers succeeded).
[2026-09-20 13:18:57] Batch 432/1861 (papers 432-432): running reproducibility_check on 1 paper(s), one at a time...
[2026-09-20 13:18:57]   Paper 1/1 in batch (10_1111_1365_2435_14058)...
[2026-09-20 13:19:08] Batch 432/1861 done (1/1 papers succeeded).
[2026-09-20 13:19:08] Batch 433/1861 (papers 433-433): running reproducibility_check on 1 paper(s), one at a time...
[2026-09-20 13:19:08]   Paper 1/1 in batch (10_1111_1365_2435_14060)...
[2026-09-20 13:19:10] Batch 433/1861 done (1/1 papers succeeded).
[2026-09-20 13:19:10] Batch 434/1861 (papers 434-434): running reproducibility_check on 1 paper(s), one at a time...
[2026-09-20 13:19:10]   Paper 1/1 in batch (10_1111_1365_2435_14062)...
[2026-09-20 13:19:14] Batch 434/1861 done (1/1 papers succeeded).
[2026-09-20 13:19:14] Batch 435/1861 (papers 435-435): running reproducibility_check on 1 paper(s), one at a time...
[2026-09-20 13:19:14]   Paper 1/1 in batch (10_1111_1365_2435_14083)...
[2026-09-20 13:19:19] Batch 435/1861 done (1/1 papers succeeded).
[2026-09-20 13:19:19] Batch 436/1861 (papers 436-436): running reproducibility_check on 1 paper(s), one at a time...
[2026-09-20 13:19:19]   Paper 1/1 in batch (10_1111_1365_2435_14085)...
[2026-09-20 13:19:23] Batch 436/1861 done (1/1 papers succeeded).
[2026-09-20 13:19:23] Batch 437/1861 (papers 437-437): running reproducibility_check on 1 paper(s), one at a time...
[2026-09-20 13:19:23]   Paper 1/1 in batch (10_1111_1365_2435_14089)...
[2026-09-20 13:19:25] Batch 437/1861 done (1/1 papers succeeded).
[2026-09-20 13:19:25] Batch 438/1861 (papers 438-438): running reproducibility_check on 1 paper(s), one at a time...
[2026-09-20 13:19:25]   Paper 1/1 in batch (10_1111_1365_2435_14103)...
[2026-09-20 13:19:29] Batch 438/1861 done (1/1 papers succeeded).
[2026-09-20 13:19:29] Batch 439/1861 (papers 439-439): running reproducibility_check on 1 paper(s), one at a time...
[2026-09-20 13:19:29]   Paper 1/1 in batch (10_1111_1365_2435_14104)...
Waiting 2s for retry backoff ■■■■■■■■■■■■■■■                 
Waiting 2s for retry backoff ■■■■■■■■■■■■■■■■■■■■■■■■■■■■■■  
Waiting 4s for retry backoff ■■■■■■■■                        
Waiting 4s for retry backoff ■■■■■■■■■■■■■■■■■■■■■■■■■■■■■■■ 
[2026-09-20 13:19:39] Batch 439/1861 done (1/1 papers succeeded).
[2026-09-20 13:19:39] Batch 440/1861 (papers 440-440): running reproducibility_check on 1 paper(s), one at a time...
[2026-09-20 13:19:39]   Paper 1/1 in batch (10_1111_1365_2435_14106)...
[2026-09-20 13:19:45] Batch 440/1861 done (1/1 papers succeeded).
[2026-09-20 13:19:45] Batch 441/1861 (papers 441-441): running reproducibility_check on 1 paper(s), one at a time...
[2026-09-20 13:19:45]   Paper 1/1 in batch (10_1111_1365_2435_14111)...
[2026-09-20 13:19:46] Batch 441/1861 done (1/1 papers succeeded).
[2026-09-20 13:19:46] Batch 442/1861 (papers 442-442): running reproducibility_check on 1 paper(s), one at a time...
[2026-09-20 13:19:46]   Paper 1/1 in batch (10_1111_1365_2435_14118)...
[2026-09-20 13:19:50] Batch 442/1861 done (1/1 papers succeeded).
[2026-09-20 13:19:50] Batch 443/1861 (papers 443-443): running reproducibility_check on 1 paper(s), one at a time...
[2026-09-20 13:19:50]   Paper 1/1 in batch (10_1111_1365_2435_14119)...
[2026-09-20 13:19:52] Batch 443/1861 done (1/1 papers succeeded).
[2026-09-20 13:19:52] Batch 444/1861 (papers 444-444): running reproducibility_check on 1 paper(s), one at a time...
[2026-09-20 13:19:52]   Paper 1/1 in batch (10_1111_1365_2435_14138)...
[2026-09-20 13:19:53] Batch 444/1861 done (1/1 papers succeeded).
[2026-09-20 13:19:53] Batch 445/1861 (papers 445-445): running reproducibility_check on 1 paper(s), one at a time...
[2026-09-20 13:19:53]   Paper 1/1 in batch (10_1111_1365_2435_14140)...
[2026-09-20 13:19:59] Batch 445/1861 done (1/1 papers succeeded).
[2026-09-20 13:19:59] Batch 446/1861 (papers 446-446): running reproducibility_check on 1 paper(s), one at a time...
[2026-09-20 13:19:59]   Paper 1/1 in batch (10_1111_1365_2435_14142)...
[2026-09-20 13:20:01] Batch 446/1861 done (1/1 papers succeeded).
[2026-09-20 13:20:01] Batch 447/1861 (papers 447-447): running reproducibility_check on 1 paper(s), one at a time...
[2026-09-20 13:20:01]   Paper 1/1 in batch (10_1111_1365_2435_14146)...
[repro] execute = TRUE (sandbox = docker). install_missing = TRUE, timeout = 3000s, keep_sandbox = FALSE
[repro] sandbox root: C:\Users\dlakens\AppData\Local\Temp\RtmpaqOq5E\repro_sandbox_75044b1537a
[repro] docker image: ghcr.io/scienceverse/metacheck_r:latest
[repro] materialising Psych-DS layout from plan (17 plan rows) ...
[repro]   materialised 11/17 files.
[repro] writing 6 rewritten script(s) into the layout ...
[repro]   wrote 6 script(s).
[repro] installing 15 dependenc(y/ies): blmeco, car, dplyr, effects, ggplot2, gridExtra, hrbrthemes, lme4, lmerTest, MuMIn, PerformanceAnalytics, plyr, stringr, tidyverse, viridis
[repro]   install done: 15 ok, 0 failed.
[repro] skipping (missing inputs): 1_All_Simple.Analysis.R, 2_Decomp_Analysis_Fig.R, 3_Macro_Analysis_Fig.R, 4_Nema_Analysis_Fig.R, 5_N_P_analysis.R, 6_MethTest_NT.R
[repro] running 6 script(s) in order: 1_All_Simple.Analysis.R -> 2_Decomp_Analysis_Fig.R -> 3_Macro_Analysis_Fig.R -> 4_Nema_Analysis_Fig.R -> 5_N_P_analysis.R -> 6_MethTest_NT.R
[repro] execution finished (pass 1). outcomes: 1_All_Simple.Analysis.R=not_parsed; 2_Decomp_Analysis_Fig.R=skipped_missing_inputs; 3_Macro_Analysis_Fig.R=skipped_missing_inputs; 4_Nema_Analysis_Fig.R=skipped_missing_inputs; 5_N_P_analysis.R=skipped_missing_inputs; 6_MethTest_NT.R=skipped_missing_inputs
[2026-09-20 13:21:05] Batch 447/1861 done (1/1 papers succeeded).
[2026-09-20 13:21:05] Batch 448/1861 (papers 448-448): running reproducibility_check on 1 paper(s), one at a time...
[2026-09-20 13:21:05]   Paper 1/1 in batch (10_1111_1365_2435_14151)...
[2026-09-20 13:21:13] Batch 448/1861 done (1/1 papers succeeded).
[2026-09-20 13:21:13] Batch 449/1861 (papers 449-449): running reproducibility_check on 1 paper(s), one at a time...
[2026-09-20 13:21:13]   Paper 1/1 in batch (10_1111_1365_2435_14152)...
[2026-09-20 13:21:14] Batch 449/1861 done (1/1 papers succeeded).
[2026-09-20 13:21:14] Batch 450/1861 (papers 450-450): running reproducibility_check on 1 paper(s), one at a time...
[2026-09-20 13:21:14]   Paper 1/1 in batch (10_1111_1365_2435_14153)...
Waiting 2s for retry backoff ■■■■■■■■■■■■■■■■                
Waiting 2s for retry backoff ■■■■■■■■■■■■■■■■■■■■■■■■■■■■■■■ 
Waiting 4s for retry backoff ■■■■■■■■■■■■■■                  
Waiting 4s for retry backoff ■■■■■■■■■■■■■■■■■■■■■■■■■■■■■■  
[2026-09-20 13:21:23] Batch 450/1861 done (1/1 papers succeeded).
[2026-09-20 13:21:23] Batch 451/1861 (papers 451-451): running reproducibility_check on 1 paper(s), one at a time...
[2026-09-20 13:21:23]   Paper 1/1 in batch (10_1111_1365_2435_14156)...
[2026-09-20 13:21:25] Batch 451/1861 done (1/1 papers succeeded).
[2026-09-20 13:21:25] Batch 452/1861 (papers 452-452): running reproducibility_check on 1 paper(s), one at a time...
[2026-09-20 13:21:25]   Paper 1/1 in batch (10_1111_1365_2435_14161)...
[2026-09-20 13:21:27] Batch 452/1861 done (1/1 papers succeeded).
[2026-09-20 13:21:27] Batch 453/1861 (papers 453-453): running reproducibility_check on 1 paper(s), one at a time...
[2026-09-20 13:21:27]   Paper 1/1 in batch (10_1111_1365_2435_14164)...
[2026-09-20 13:21:29] Batch 453/1861 done (1/1 papers succeeded).
[2026-09-20 13:21:29] Batch 454/1861 (papers 454-454): running reproducibility_check on 1 paper(s), one at a time...
[2026-09-20 13:21:29]   Paper 1/1 in batch (10_1111_1365_2435_14168)...
[2026-09-20 13:21:36] Batch 454/1861 done (1/1 papers succeeded).
[2026-09-20 13:21:36] Batch 455/1861 (papers 455-455): running reproducibility_check on 1 paper(s), one at a time...
[2026-09-20 13:21:36]   Paper 1/1 in batch (10_1111_1365_2435_14173)...
9 files in https://osf.io/wdzay exceeded the 100 MB per-file limit and were skipped (the rest of the repository was downloaded). Largest: verbatim.txt (3511 MB). Raise max_file_size to include them.
9 files in https://osf.io/wdzay exceeded the 100 MB per-file limit and were skipped (the rest of the repository was downloaded). Largest: verbatim.txt (3511 MB). Raise max_file_size to include them.
Downloading https://github.com/mbelitz/LepPheno_BestPractices as zip (1 file)...
Downloading https://gitlab.com/stuckyb/imageant as zip (4 files)...
[repro] execute = TRUE (sandbox = docker). install_missing = TRUE, timeout = 3000s, keep_sandbox = FALSE
[repro] sandbox root: C:\Users\dlakens\AppData\Local\Temp\RtmpaqOq5E\repro_sandbox_7501b1b3f61
[repro] docker image: ghcr.io/scienceverse/metacheck_r:latest
[repro] materialising Psych-DS layout from plan (732 plan rows) ...
[repro]   materialised 159/783 files.
[repro] writing 40 rewritten script(s) into the layout ...
[repro]   wrote 40 script(s).
[repro] installing 39 dependenc(y/ies): ape, car, cowplot, crul, data.table, dbplyr, dplyr, egg, geoR, ggplot2, gridExtra, INLA, lme4, lmerTest, lubridate, magrittr, MuMIn, ncf, pbapply, phangorn, phenesse, phylocomr, phyr, raster, rnaturalearth, rotl, rr2, RSQLite, rtrees, rvest, sf, sjPlot, sp, splitstackshape, stringr, taxotools, terra, tibble, tidyverse
[repro]   install done: 0 ok, 39 failed.
[repro] running 40 script(s) in order: 01_combineDatasets.R -> 02_intersectObsWithHex.R -> figure1_dataCleaning.R -> figure3_top10Families.R -> 03_generateSppList.R -> generate_phenometrics_try2.R -> 04_generateModelDF.R -> figure2_outlierPhenometrics.R -> figure4_studyAreaMap.R -> 05_removeOutlierPhenometrics.R -> 06_addSeasonalityTrait.R -> generate_phylogeny.R -> figure6_dstDays.R -> duration_lmm.R -> duration_temp_prec.R -> duration_temp_seas.R -> duration_temp_voltinism.R -> mid_temp_ows.R -> mid_temp_seas.R -> mid_year_tempSeas.R -> offset_lmm.R -> onset_lmm.R -> onset_temp_ows.R -> onset_temp_prec.R -> onset_year_ows.R -> onset_year_prec.R -> peak_lmm.R -> figureS1_moransI.R -> termination_temp_ows.R -> termination_temp_seas.R -> figureS2_suplemental_tempTraitInteractions_revisions.R -> figureS2_suplemental_tempTraitInteractions_revisions.R -> termination_temp_voltinism.R -> termination_year_ows.R -> figure5_interactions.R -> figure5_interactions.R -> termination_year_precSeas.R -> termination_year_temp.R -> termination_year_tempSeas.R -> figureS3_suplemental_yearClimateInteractions_revisions.R
[repro/docker]   -> running '01_combineDatasets.R' (timeout 3000s) ...
[repro/docker]   <- '01_combineDatasets.R' done in 1.5s
[repro/docker]   -> running '02_intersectObsWithHex.R' (timeout 3000s) ...
[repro/docker]   <- '02_intersectObsWithHex.R' done in 1.5s
[repro/docker]   -> running 'figure1_dataCleaning.R' (timeout 3000s) ...
[repro/docker]   <- 'figure1_dataCleaning.R' done in 1.4s
[repro/docker]   -> running 'figure3_top10Families.R' (timeout 3000s) ...
[repro/docker]   <- 'figure3_top10Families.R' done in 1.4s
[repro/docker]   -> running '03_generateSppList.R' (timeout 3000s) ...
[repro/docker]   <- '03_generateSppList.R' done in 1.3s
[repro/docker]   -> running 'generate_phenometrics_try2.R' (timeout 3000s) ...
[repro/docker]   <- 'generate_phenometrics_try2.R' done in 1.3s
[repro/docker]   -> running '04_generateModelDF.R' (timeout 3000s) ...
[repro/docker]   <- '04_generateModelDF.R' done in 2.2s
[repro/docker]   -> running 'figure2_outlierPhenometrics.R' (timeout 3000s) ...
[repro/docker]   <- 'figure2_outlierPhenometrics.R' done in 2.8s
[repro/docker]   -> running 'figure4_studyAreaMap.R' (timeout 3000s) ...
[repro/docker]   <- 'figure4_studyAreaMap.R' done in 1.5s
[repro/docker]   -> running '05_removeOutlierPhenometrics.R' (timeout 3000s) ...
[repro/docker]   <- '05_removeOutlierPhenometrics.R' done in 2.1s
[repro/docker]   -> running '06_addSeasonalityTrait.R' (timeout 3000s) ...
[repro/docker]   <- '06_addSeasonalityTrait.R' done in 3.8s
[repro/docker]   -> running 'generate_phylogeny.R' (timeout 3000s) ...
[repro/docker]   <- 'generate_phylogeny.R' done in 0.6s
[repro/docker]   -> running 'figure6_dstDays.R' (timeout 3000s) ...
[repro/docker]   <- 'figure6_dstDays.R' done in 0.5s
[repro/docker]   -> running 'duration_lmm.R' (timeout 3000s) ...
[repro/docker]   <- 'duration_lmm.R' done in 13s
[repro/docker]   -> running 'duration_temp_prec.R' (timeout 3000s) ...
[repro/docker]   <- 'duration_temp_prec.R' done in 1.2s
[repro/docker]   -> running 'duration_temp_seas.R' (timeout 3000s) ...
[repro/docker]   <- 'duration_temp_seas.R' done in 1.1s
[repro/docker]   -> running 'duration_temp_voltinism.R' (timeout 3000s) ...
[repro/docker]   <- 'duration_temp_voltinism.R' done in 1.2s
[repro/docker]   -> running 'mid_temp_ows.R' (timeout 3000s) ...
[repro/docker]   <- 'mid_temp_ows.R' done in 1.1s
[repro/docker]   -> running 'mid_temp_seas.R' (timeout 3000s) ...
[repro/docker]   <- 'mid_temp_seas.R' done in 1.2s
[repro/docker]   -> running 'mid_year_tempSeas.R' (timeout 3000s) ...
[repro/docker]   <- 'mid_year_tempSeas.R' done in 1.2s
[repro/docker]   -> running 'offset_lmm.R' (timeout 3000s) ...
[repro/docker]   <- 'offset_lmm.R' done in 13.3s
[repro/docker]   -> running 'onset_lmm.R' (timeout 3000s) ...
[repro/docker]   <- 'onset_lmm.R' done in 11.2s
[repro/docker]   -> running 'onset_temp_ows.R' (timeout 3000s) ...
[repro/docker]   <- 'onset_temp_ows.R' done in 1.2s
[repro/docker]   -> running 'onset_temp_prec.R' (timeout 3000s) ...
[repro/docker]   <- 'onset_temp_prec.R' done in 1.2s
[repro/docker]   -> running 'onset_year_ows.R' (timeout 3000s) ...
[repro/docker]   <- 'onset_year_ows.R' done in 1.2s
[repro/docker]   -> running 'onset_year_prec.R' (timeout 3000s) ...
[repro/docker]   <- 'onset_year_prec.R' done in 1.2s
[repro/docker]   -> running 'peak_lmm.R' (timeout 3000s) ...
[repro/docker]   <- 'peak_lmm.R' done in 11.9s
[repro/docker]   -> running 'figureS1_moransI.R' (timeout 3000s) ...
[repro/docker]   <- 'figureS1_moransI.R' done in 1s
[repro/docker]   -> running 'termination_temp_ows.R' (timeout 3000s) ...
[repro/docker]   <- 'termination_temp_ows.R' done in 1.2s
[repro/docker]   -> running 'termination_temp_seas.R' (timeout 3000s) ...
[repro/docker]   <- 'termination_temp_seas.R' done in 1.3s
[repro/docker]   -> running 'figureS2_suplemental_tempTraitInteractions_revisions.R' (timeout 3000s) ...
[repro/docker]   <- 'figureS2_suplemental_tempTraitInteractions_revisions.R' done in 2.6s
[repro/docker]   -> running 'figureS2_suplemental_tempTraitInteractions_revisions.R' (timeout 3000s) ...
[repro/docker]   <- 'figureS2_suplemental_tempTraitInteractions_revisions.R' done in 2.7s
[repro/docker]   -> running 'termination_temp_voltinism.R' (timeout 3000s) ...
[repro/docker]   <- 'termination_temp_voltinism.R' done in 1.2s
[repro/docker]   -> running 'termination_year_ows.R' (timeout 3000s) ...
[repro/docker]   <- 'termination_year_ows.R' done in 1.2s
[repro/docker]   -> running 'figure5_interactions.R' (timeout 3000s) ...
[repro/docker]   <- 'figure5_interactions.R' done in 2.1s
[repro/docker]   -> running 'figure5_interactions.R' (timeout 3000s) ...
[repro/docker]   <- 'figure5_interactions.R' done in 2.2s
[repro/docker]   -> running 'termination_year_precSeas.R' (timeout 3000s) ...
[repro/docker]   <- 'termination_year_precSeas.R' done in 1.3s
[repro/docker]   -> running 'termination_year_temp.R' (timeout 3000s) ...
[repro/docker]   <- 'termination_year_temp.R' done in 1.2s
[repro/docker]   -> running 'termination_year_tempSeas.R' (timeout 3000s) ...
[repro/docker]   <- 'termination_year_tempSeas.R' done in 1.3s
[repro/docker]   -> running 'figureS3_suplemental_yearClimateInteractions_revisions.R' (timeout 3000s) ...
[repro/docker]   <- 'figureS3_suplemental_yearClimateInteractions_revisions.R' done in 2.5s
[repro] execution finished (pass 1). outcomes: 01_combineDatasets.R=errored; 02_intersectObsWithHex.R=errored; figure1_dataCleaning.R=errored; figure3_top10Families.R=errored; 03_generateSppList.R=errored; generate_phenometrics_try2.R=errored; 04_generateModelDF.R=errored; figure2_outlierPhenometrics.R=errored; figure4_studyAreaMap.R=errored; 05_removeOutlierPhenometrics.R=errored; 06_addSeasonalityTrait.R=errored; generate_phylogeny.R=errored; figure6_dstDays.R=errored; duration_lmm.R=errored; duration_temp_prec.R=errored; duration_temp_seas.R=errored; duration_temp_voltinism.R=errored; mid_temp_ows.R=errored; mid_temp_seas.R=errored; mid_year_tempSeas.R=errored; offset_lmm.R=errored; onset_lmm.R=errored; onset_temp_ows.R=errored; onset_temp_prec.R=errored; onset_year_ows.R=errored; onset_year_prec.R=errored; peak_lmm.R=errored; figureS1_moransI.R=errored; termination_temp_ows.R=errored; termination_temp_seas.R=errored; figureS2_suplemental_tempTraitInteractions_revisions.R=errored; figureS2_suplemental_tempTraitInteractions_revisions.R=errored; termination_temp_voltinism.R=errored; termination_year_ows.R=errored; figure5_interactions.R=errored; figure5_interactions.R=errored; termination_year_precSeas.R=errored; termination_year_temp.R=errored; termination_year_tempSeas.R=errored; figureS3_suplemental_yearClimateInteractions_revisions.R=errored
[repro] extracted statistical output from 11 script(s)' console output.
[2026-09-20 13:31:59] Batch 455/1861 done (1/1 papers succeeded).
[2026-09-20 13:31:59] Batch 456/1861 (papers 456-456): running reproducibility_check on 1 paper(s), one at a time...
[2026-09-20 13:31:59]   Paper 1/1 in batch (10_1111_1365_2435_14190)...
[2026-09-20 13:32:02] Batch 456/1861 done (1/1 papers succeeded).
[2026-09-20 13:32:02] Batch 457/1861 (papers 457-457): running reproducibility_check on 1 paper(s), one at a time...
[2026-09-20 13:32:02]   Paper 1/1 in batch (10_1111_1365_2435_14191)...
[2026-09-20 13:32:09] Batch 457/1861 done (1/1 papers succeeded).
[2026-09-20 13:32:09] Batch 458/1861 (papers 458-458): running reproducibility_check on 1 paper(s), one at a time...
[2026-09-20 13:32:09]   Paper 1/1 in batch (10_1111_1365_2435_14194)...
[2026-09-20 13:32:14] Batch 458/1861 done (1/1 papers succeeded).
[2026-09-20 13:32:14] Batch 459/1861 (papers 459-459): running reproducibility_check on 1 paper(s), one at a time...
[2026-09-20 13:32:14]   Paper 1/1 in batch (10_1111_1365_2435_14195)...
! Multiple files in zip: reading ''[Content_Types].xml''
Multiple files in zip: reading '[Content_Types].xml'
! Multiple files in zip: reading ''[Content_Types].xml''
Multiple files in zip: reading '[Content_Types].xml'
! Multiple files in zip: reading ''[Content_Types].xml''
Multiple files in zip: reading '[Content_Types].xml'
! Multiple files in zip: reading ''[Content_Types].xml''
Multiple files in zip: reading '[Content_Types].xml'
[repro] execute = TRUE (sandbox = docker). install_missing = TRUE, timeout = 3000s, keep_sandbox = FALSE
[repro] sandbox root: C:\Users\dlakens\AppData\Local\Temp\RtmpaqOq5E\repro_sandbox_75053535914
[repro] docker image: ghcr.io/scienceverse/metacheck_r:latest
[repro] materialising Psych-DS layout from plan (30 plan rows) ...
[repro]   materialised 28/38 files.
[repro] writing 3 rewritten script(s) into the layout ...
[repro]   wrote 3 script(s).
[repro] installing 25 dependenc(y/ies): corrplot, dplyr, ellipse, ggplot2, ggridges, ggsn, hrbrthemes, knitr, latticeExtra, lubridate, PerformanceAnalytics, plotly, plyr, raster, RColorBrewer, readxl, reshape, scales, scico, sf, stringr, tidyr, tidyverse, viridis, vtable
[repro]   install done: 23 ok, 2 failed.
[repro] running 3 script(s) in order: 1_rate_summation_v3.r -> 2_plot_rate_summation_v3.rmd -> 3_plot_rate_summation_summaries_v3.r
[repro/docker]   -> running '1_rate_summation_v3.r' (timeout 3000s) ...
[repro/docker]   <- '1_rate_summation_v3.r' done in 2.9s
[repro/docker]   -> running '2_plot_rate_summation_v3.rmd' (timeout 3000s) ...
[repro/docker]   <- '2_plot_rate_summation_v3.rmd' done in 0.7s
[repro/docker]   -> running '3_plot_rate_summation_summaries_v3.r' (timeout 3000s) ...
[repro/docker]   <- '3_plot_rate_summation_summaries_v3.r' done in 4s
[repro] execution finished (pass 1). outcomes: 1_rate_summation_v3.r=errored; 2_plot_rate_summation_v3.rmd=errored; 3_plot_rate_summation_summaries_v3.r=errored
[repro] extracted statistical output from 1 script(s)' console output.
[2026-09-20 13:37:08] Batch 459/1861 done (1/1 papers succeeded).
[2026-09-20 13:37:08] Batch 460/1861 (papers 460-460): running reproducibility_check on 1 paper(s), one at a time...
[2026-09-20 13:37:08]   Paper 1/1 in batch (10_1111_1365_2435_14198)...
[repro] execute = TRUE (sandbox = docker). install_missing = TRUE, timeout = 3000s, keep_sandbox = FALSE
[repro] sandbox root: C:\Users\dlakens\AppData\Local\Temp\RtmpaqOq5E\repro_sandbox_7506dd82775
[repro] docker image: ghcr.io/scienceverse/metacheck_r:latest
[repro] materialising Psych-DS layout from plan (5 plan rows) ...
[repro]   materialised 4/5 files.
[repro] writing 1 rewritten script(s) into the layout ...
[repro]   wrote 1 script(s).
[repro] installing 3 dependenc(y/ies): car, lmerTest, MuMIn
[repro]   install done: 3 ok, 0 failed.
[repro] running 1 script(s) in order: fullScript_decompositionMS_2021.R
[repro/docker]   -> running 'fullScript_decompositionMS_2021.R' (timeout 3000s) ...
[repro/docker]   <- 'fullScript_decompositionMS_2021.R' done in 3.8s
[repro] execution finished (pass 1). outcomes: fullScript_decompositionMS_2021.R=ran_ok
[repro] extracted statistical output from 1 script(s)' console output.
[2026-09-20 13:37:28] Batch 460/1861 done (1/1 papers succeeded).
[2026-09-20 13:37:28] Batch 461/1861 (papers 461-461): running reproducibility_check on 1 paper(s), one at a time...
[2026-09-20 13:37:28]   Paper 1/1 in batch (10_1111_1365_2435_14206)...
[repro] execute = TRUE (sandbox = docker). install_missing = TRUE, timeout = 3000s, keep_sandbox = FALSE
[repro] sandbox root: C:\Users\dlakens\AppData\Local\Temp\RtmpaqOq5E\repro_sandbox_750210b253d
[repro] docker image: ghcr.io/scienceverse/metacheck_r:latest
[repro] materialising Psych-DS layout from plan (84 plan rows) ...
[repro]   materialised 74/84 files.
[repro] writing 5 rewritten script(s) into the layout ...
[repro]   wrote 5 script(s).
[repro] installing 6 dependenc(y/ies): corpcor, ggpubr, kinship2, metafor, readr, x
[repro]   install done: 5 ok, 1 failed.
[repro] skipping (missing inputs): Full_analysis.R
[repro] running 5 script(s) in order: Graph_Fig2.R -> Abundance_Correlations.R -> Get_Preference_Abundance.R -> GetPreferences.R -> Full_analysis.R
[repro/docker]   -> running 'Graph_Fig2.R' (timeout 3000s) ...
[repro/docker]   <- 'Graph_Fig2.R' done in 0.5s
[repro/docker]   -> running 'Abundance_Correlations.R' (timeout 3000s) ...
[repro/docker]   <- 'Abundance_Correlations.R' done in 1s
[repro/docker]   -> running 'Get_Preference_Abundance.R' (timeout 3000s) ...
[repro/docker]   <- 'Get_Preference_Abundance.R' done in 0.5s
[repro/docker]   -> running 'GetPreferences.R' (timeout 3000s) ...
[repro/docker]   <- 'GetPreferences.R' done in 1.5s
[repro] execution finished (pass 1). outcomes: Graph_Fig2.R=errored; Abundance_Correlations.R=errored; Get_Preference_Abundance.R=ran_ok; GetPreferences.R=ran_ok; Full_analysis.R=skipped_missing_inputs
[repro] missing-library injection: 'forest' resolved to package 'metafor' for 'Graph_Fig2.R'
[repro] undefined-var edge: 'Full_analysis.R' defines 'tripartite_subnets' needed by 'Abundance_Correlations.R'
[repro] re-running 5 script(s) in corrected order (with 1 library() injection(s): Graph_Fig2.R: library(metafor)): Graph_Fig2.R -> Get_Preference_Abundance.R -> GetPreferences.R -> Full_analysis.R -> Abundance_Correlations.R
[repro/docker]   -> running 'Graph_Fig2.R' (timeout 3000s) ...
[repro/docker]   <- 'Graph_Fig2.R' done in 1.3s
[repro/docker]   -> running 'Get_Preference_Abundance.R' (timeout 3000s) ...
[repro/docker]   <- 'Get_Preference_Abundance.R' done in 0.5s
[repro/docker]   -> running 'GetPreferences.R' (timeout 3000s) ...
[repro/docker]   <- 'GetPreferences.R' done in 1.4s
[repro/docker]   -> running 'Abundance_Correlations.R' (timeout 3000s) ...
[repro/docker]   <- 'Abundance_Correlations.R' done in 0.9s
[repro] execution finished (pass 2). outcomes: Graph_Fig2.R=errored; Get_Preference_Abundance.R=ran_ok; GetPreferences.R=ran_ok; Full_analysis.R=skipped_missing_inputs; Abundance_Correlations.R=errored
[repro] extracted statistical output from 3 script(s)' console output.
[2026-09-20 13:38:30] Batch 461/1861 done (1/1 papers succeeded).
[2026-09-20 13:38:30] Batch 462/1861 (papers 462-462): running reproducibility_check on 1 paper(s), one at a time...
[2026-09-20 13:38:30]   Paper 1/1 in batch (10_1111_1365_2435_14224)...
[2026-09-20 13:38:35] Batch 462/1861 done (1/1 papers succeeded).
[2026-09-20 13:38:35] Batch 463/1861 (papers 463-463): running reproducibility_check on 1 paper(s), one at a time...
[2026-09-20 13:38:35]   Paper 1/1 in batch (10_1111_1365_2435_14226)...
[2026-09-20 13:38:41] Batch 463/1861 done (1/1 papers succeeded).
[2026-09-20 13:38:41] Batch 464/1861 (papers 464-464): running reproducibility_check on 1 paper(s), one at a time...
[2026-09-20 13:38:41]   Paper 1/1 in batch (10_1111_1365_2435_14230)...
[2026-09-20 13:38:45] Batch 464/1861 done (1/1 papers succeeded).
[2026-09-20 13:38:45] Batch 465/1861 (papers 465-465): running reproducibility_check on 1 paper(s), one at a time...
[2026-09-20 13:38:45]   Paper 1/1 in batch (10_1111_1365_2435_14233)...
[2026-09-20 13:38:58] Batch 465/1861 done (1/1 papers succeeded).
[2026-09-20 13:38:58] Batch 466/1861 (papers 466-466): running reproducibility_check on 1 paper(s), one at a time...
[2026-09-20 13:38:58]   Paper 1/1 in batch (10_1111_1365_2435_14235)...
[repro] execute = TRUE (sandbox = docker). install_missing = TRUE, timeout = 3000s, keep_sandbox = FALSE
[repro] sandbox root: C:\Users\dlakens\AppData\Local\Temp\RtmpaqOq5E\repro_sandbox_75079c3489f
[repro] docker image: ghcr.io/scienceverse/metacheck_r:latest
[repro] materialising Psych-DS layout from plan (4 plan rows) ...
[repro]   materialised 2/4 files.
[repro] writing 2 rewritten script(s) into the layout ...
[repro]   wrote 2 script(s).
[repro] install_missing FALSE or no deps; skipping installs.
[repro] running 2 script(s) in order: README_Daily_rainfall_1975-2016.Rmd -> README_Mean_Hydraulic_Trait_and_Growth_Data.Rmd
[repro/docker]   -> running 'README_Daily_rainfall_1975-2016.Rmd' (timeout 3000s) ...
[repro/docker]   <- 'README_Daily_rainfall_1975-2016.Rmd' done in 0.5s
[repro/docker]   -> running 'README_Mean_Hydraulic_Trait_and_Growth_Data.Rmd' (timeout 3000s) ...
[repro/docker]   <- 'README_Mean_Hydraulic_Trait_and_Growth_Data.Rmd' done in 0.5s
[repro] execution finished (pass 1). outcomes: README_Daily_rainfall_1975-2016.Rmd=ran_ok; README_Mean_Hydraulic_Trait_and_Growth_Data.Rmd=ran_ok
[2026-09-20 13:39:04] Batch 466/1861 done (1/1 papers succeeded).
[2026-09-20 13:39:04] Batch 467/1861 (papers 467-467): running reproducibility_check on 1 paper(s), one at a time...
[2026-09-20 13:39:04]   Paper 1/1 in batch (10_1111_1365_2435_14236)...
[2026-09-20 13:39:06] Batch 467/1861 done (1/1 papers succeeded).
[2026-09-20 13:39:06] Batch 468/1861 (papers 468-468): running reproducibility_check on 1 paper(s), one at a time...
[2026-09-20 13:39:06]   Paper 1/1 in batch (10_1111_1365_2435_14237)...
Waiting 2s for retry backoff ■■■■■■■■■■■■■■■■                
Waiting 2s for retry backoff ■■■■■■■■■■■■■■■■■■■■■■■■■■■■■■  
Waiting 4s for retry backoff ■■■■■■■■■■                      
Waiting 4s for retry backoff ■■■■■■■■■■■■■■■■■■■■■■■■■■■■■■  
[2026-09-20 13:39:15] Batch 468/1861 done (1/1 papers succeeded).
[2026-09-20 13:39:15] Batch 469/1861 (papers 469-469): running reproducibility_check on 1 paper(s), one at a time...
[2026-09-20 13:39:15]   Paper 1/1 in batch (10_1111_1365_2435_14238)...
[2026-09-20 13:39:23] Batch 469/1861 done (1/1 papers succeeded).
[2026-09-20 13:39:23] Batch 470/1861 (papers 470-470): running reproducibility_check on 1 paper(s), one at a time...
[2026-09-20 13:39:23]   Paper 1/1 in batch (10_1111_1365_2435_14241)...
Waiting 2s for retry backoff ■■■■■■■■■■■■■■■■                
Waiting 2s for retry backoff ■■■■■■■■■■■■■■■■■■■■■■■■■■■■■■■ 
Waiting 4s for retry backoff ■■■■■■■■■■■■■■■                 
Waiting 4s for retry backoff ■■■■■■■■■■■■■■■■■■■■■■■■■■■■■■■ 
Waiting 2s for retry backoff ■■■■■■■■■■■■■■■■                
Waiting 2s for retry backoff ■■■■■■■■■■■■■■■■■■■■■■■■■■■■■■■ 
Waiting 4s for retry backoff ■■■■■■■■■■■■■                   
Waiting 4s for retry backoff ■■■■■■■■■■■■■■■■■■■■■■■■■■■■■■  
[2026-09-20 13:39:40] Batch 470/1861 done (1/1 papers succeeded).
[2026-09-20 13:39:40] Batch 471/1861 (papers 471-471): running reproducibility_check on 1 paper(s), one at a time...
[2026-09-20 13:39:40]   Paper 1/1 in batch (10_1111_1365_2435_14244)...
[2026-09-20 13:39:42] Batch 471/1861 done (1/1 papers succeeded).
[2026-09-20 13:39:42] Batch 472/1861 (papers 472-472): running reproducibility_check on 1 paper(s), one at a time...
[2026-09-20 13:39:42]   Paper 1/1 in batch (10_1111_1365_2435_14250)...
[2026-09-20 13:39:44] Batch 472/1861 done (1/1 papers succeeded).
[2026-09-20 13:39:44] Batch 473/1861 (papers 473-473): running reproducibility_check on 1 paper(s), one at a time...
[2026-09-20 13:39:44]   Paper 1/1 in batch (10_1111_1365_2435_14253)...
[2026-09-20 13:39:45] Batch 473/1861 done (1/1 papers succeeded).
[2026-09-20 13:39:45] Batch 474/1861 (papers 474-474): running reproducibility_check on 1 paper(s), one at a time...
[2026-09-20 13:39:45]   Paper 1/1 in batch (10_1111_1365_2435_14258)...
[2026-09-20 13:39:47] Batch 474/1861 done (1/1 papers succeeded).
[2026-09-20 13:39:47] Batch 475/1861 (papers 475-475): running reproducibility_check on 1 paper(s), one at a time...
[2026-09-20 13:39:47]   Paper 1/1 in batch (10_1111_1365_2435_14267)...
[2026-09-20 13:39:49] Batch 475/1861 done (1/1 papers succeeded).
[2026-09-20 13:39:49] Batch 476/1861 (papers 476-476): running reproducibility_check on 1 paper(s), one at a time...
[2026-09-20 13:39:49]   Paper 1/1 in batch (10_1111_1365_2435_14271)...
[2026-09-20 13:39:50] Batch 476/1861 done (1/1 papers succeeded).
[2026-09-20 13:39:50] Batch 477/1861 (papers 477-477): running reproducibility_check on 1 paper(s), one at a time...
[2026-09-20 13:39:50]   Paper 1/1 in batch (10_1111_1365_2435_14279)...
[2026-09-20 13:39:53] Batch 477/1861 done (1/1 papers succeeded).
[2026-09-20 13:39:53] Batch 478/1861 (papers 478-478): running reproducibility_check on 1 paper(s), one at a time...
[2026-09-20 13:39:53]   Paper 1/1 in batch (10_1111_1365_2435_14284)...
[2026-09-20 13:39:59] Batch 478/1861 done (1/1 papers succeeded).
[2026-09-20 13:39:59] Batch 479/1861 (papers 479-479): running reproducibility_check on 1 paper(s), one at a time...
[2026-09-20 13:39:59]   Paper 1/1 in batch (10_1111_1365_2435_14285)...
[2026-09-20 13:40:01] Batch 479/1861 done (1/1 papers succeeded).
[2026-09-20 13:40:01] Batch 480/1861 (papers 480-480): running reproducibility_check on 1 paper(s), one at a time...
[2026-09-20 13:40:01]   Paper 1/1 in batch (10_1111_1365_2435_14289)...
[2026-09-20 13:40:04] Batch 480/1861 done (1/1 papers succeeded).
[2026-09-20 13:40:04] Batch 481/1861 (papers 481-481): running reproducibility_check on 1 paper(s), one at a time...
[2026-09-20 13:40:04]   Paper 1/1 in batch (10_1111_1365_2435_14296)...
[2026-09-20 13:40:06] Batch 481/1861 done (1/1 papers succeeded).
[2026-09-20 13:40:06] Batch 482/1861 (papers 482-482): running reproducibility_check on 1 paper(s), one at a time...
[2026-09-20 13:40:06]   Paper 1/1 in batch (10_1111_1365_2435_14300)...
[2026-09-20 13:40:07] Batch 482/1861 done (1/1 papers succeeded).
[2026-09-20 13:40:07] Batch 483/1861 (papers 483-483): running reproducibility_check on 1 paper(s), one at a time...
[2026-09-20 13:40:07]   Paper 1/1 in batch (10_1111_1365_2435_14305)...
[2026-09-20 13:40:12] Batch 483/1861 done (1/1 papers succeeded).
[2026-09-20 13:40:12] Batch 484/1861 (papers 484-484): running reproducibility_check on 1 paper(s), one at a time...
[2026-09-20 13:40:12]   Paper 1/1 in batch (10_1111_1365_2435_14307)...
[2026-09-20 13:40:15] Batch 484/1861 done (1/1 papers succeeded).
[2026-09-20 13:40:15] Batch 485/1861 (papers 485-485): running reproducibility_check on 1 paper(s), one at a time...
[2026-09-20 13:40:15]   Paper 1/1 in batch (10_1111_1365_2435_14314)...
[2026-09-20 13:40:17] Batch 485/1861 done (1/1 papers succeeded).
[2026-09-20 13:40:17] Batch 486/1861 (papers 486-486): running reproducibility_check on 1 paper(s), one at a time...
[2026-09-20 13:40:17]   Paper 1/1 in batch (10_1111_1365_2435_14318)...
[2026-09-20 13:40:21] Batch 486/1861 done (1/1 papers succeeded).
[2026-09-20 13:40:21] Batch 487/1861 (papers 487-487): running reproducibility_check on 1 paper(s), one at a time...
[2026-09-20 13:40:21]   Paper 1/1 in batch (10_1111_1365_2435_14319)...
[repro] execute = TRUE (sandbox = docker). install_missing = TRUE, timeout = 3000s, keep_sandbox = FALSE
[repro] sandbox root: C:\Users\dlakens\AppData\Local\Temp\RtmpaqOq5E\repro_sandbox_75013112571
[repro] docker image: ghcr.io/scienceverse/metacheck_r:latest
[repro] materialising Psych-DS layout from plan (5 plan rows) ...
[repro]   materialised 4/5 files.
[repro] writing 1 rewritten script(s) into the layout ...
[repro]   wrote 1 script(s).
[repro] installing 10 dependenc(y/ies): brms, DHARMa, dplyr, ggvegan, patchwork, readxl, rstan, tidybayes, tidyverse, vegan
[repro]   install done: 10 ok, 0 failed.
[repro] skipping (missing inputs): AnalysisClean.R
[repro] running 1 script(s) in order: AnalysisClean.R
[repro] execution finished (pass 1). outcomes: AnalysisClean.R=skipped_missing_inputs
[2026-09-20 13:41:29] Batch 487/1861 done (1/1 papers succeeded).
[2026-09-20 13:41:29] Batch 488/1861 (papers 488-488): running reproducibility_check on 1 paper(s), one at a time...
[2026-09-20 13:41:29]   Paper 1/1 in batch (10_1111_1365_2435_14320)...
[repro] execute = TRUE (sandbox = docker). install_missing = TRUE, timeout = 3000s, keep_sandbox = FALSE
[repro] sandbox root: C:\Users\dlakens\AppData\Local\Temp\RtmpaqOq5E\repro_sandbox_7508891d8b
[repro] docker image: ghcr.io/scienceverse/metacheck_r:latest
[repro] materialising Psych-DS layout from plan (10 plan rows) ...
[repro]   materialised 9/10 files.
[repro] writing 1 rewritten script(s) into the layout ...
[repro]   wrote 1 script(s).
[repro] installing 22 dependenc(y/ies): broom, car, coxme, DHARMa, dplyr, effsize, EMAtools, emmeans, FSA, ggplot2, ggstar, ggtext, glmmTMB, lme4, lmerTest, multcomp, parameters, performance, sjstats, survminer, tidyr, viridis
[repro]   install done: 21 ok, 1 failed.
[repro] running 1 script(s) in order: Asteraceae_2023_Github.Rmd
[repro/docker]   -> running 'Asteraceae_2023_Github.Rmd' (timeout 3000s) ...
[repro/docker]   <- 'Asteraceae_2023_Github.Rmd' done in 22.6s
[repro] execution finished (pass 1). outcomes: Asteraceae_2023_Github.Rmd=errored
[repro] extracted statistical output from 1 script(s)' console output.
[2026-09-20 13:43:46] Batch 488/1861 done (1/1 papers succeeded).
[2026-09-20 13:43:46] Batch 489/1861 (papers 489-489): running reproducibility_check on 1 paper(s), one at a time...
[2026-09-20 13:43:46]   Paper 1/1 in batch (10_1111_1365_2435_14322)...
[repro] execute = TRUE (sandbox = docker). install_missing = TRUE, timeout = 3000s, keep_sandbox = FALSE
[repro] sandbox root: C:\Users\dlakens\AppData\Local\Temp\RtmpaqOq5E\repro_sandbox_75063c5f3b
[repro] docker image: ghcr.io/scienceverse/metacheck_r:latest
[repro] materialising Psych-DS layout from plan (12 plan rows) ...
[repro]   materialised 12/18 files.
[repro] writing 3 rewritten script(s) into the layout ...
[repro]   wrote 3 script(s).
[repro] installing 6 dependenc(y/ies): dlookr, ggeffects, ggplot2, interactions, lme4, MuMIn
[repro]   install done: 0 ok, 6 failed.
[repro] skipping (missing inputs): HibPhen_LMM.R, Mass_LMM.R, NDVI_LMM.R
[repro] running 3 script(s) in order: HibPhen_LMM.R -> Mass_LMM.R -> NDVI_LMM.R
[repro] execution finished (pass 1). outcomes: HibPhen_LMM.R=skipped_missing_inputs; Mass_LMM.R=skipped_missing_inputs; NDVI_LMM.R=skipped_missing_inputs
[2026-09-20 13:43:55] Batch 489/1861 done (1/1 papers succeeded).
[2026-09-20 13:43:55] Batch 490/1861 (papers 490-490): running reproducibility_check on 1 paper(s), one at a time...
[2026-09-20 13:43:55]   Paper 1/1 in batch (10_1111_1365_2435_14323)...
[repro] execute = TRUE (sandbox = docker). install_missing = TRUE, timeout = 3000s, keep_sandbox = FALSE
[repro] sandbox root: C:\Users\dlakens\AppData\Local\Temp\RtmpaqOq5E\repro_sandbox_7501c734f8c
[repro] docker image: ghcr.io/scienceverse/metacheck_r:latest
[repro] materialising Psych-DS layout from plan (4 plan rows) ...
[repro]   materialised 2/4 files.
[repro] writing 1 rewritten script(s) into the layout ...
[repro]   wrote 1 script(s).
[repro] installing 4 dependenc(y/ies): car, emmeans, lme4, logistf
[repro]   install done: 4 ok, 0 failed.
[repro] running 1 script(s) in order: ceriodent_exp.R
[repro/docker]   -> running 'ceriodent_exp.R' (timeout 3000s) ...
[repro/docker]   <- 'ceriodent_exp.R' done in 3.5s
[repro] execution finished (pass 1). outcomes: ceriodent_exp.R=ran_ok
[repro] extracted statistical output from 1 script(s)' console output.
[2026-09-20 13:44:25] Batch 490/1861 done (1/1 papers succeeded).
[2026-09-20 13:44:25] Batch 491/1861 (papers 491-491): running reproducibility_check on 1 paper(s), one at a time...
[2026-09-20 13:44:25]   Paper 1/1 in batch (10_1111_1365_2435_14337)...
[2026-09-20 13:44:26] Batch 491/1861 done (1/1 papers succeeded).
[2026-09-20 13:44:26] Batch 492/1861 (papers 492-492): running reproducibility_check on 1 paper(s), one at a time...
[2026-09-20 13:44:26]   Paper 1/1 in batch (10_1111_1365_2435_14342)...
[2026-09-20 13:44:28] Batch 492/1861 done (1/1 papers succeeded).
[2026-09-20 13:44:28] Batch 493/1861 (papers 493-493): running reproducibility_check on 1 paper(s), one at a time...
[2026-09-20 13:44:28]   Paper 1/1 in batch (10_1111_1365_2435_14350)...
[2026-09-20 13:44:30] Batch 493/1861 done (1/1 papers succeeded).
[2026-09-20 13:44:30] Batch 494/1861 (papers 494-494): running reproducibility_check on 1 paper(s), one at a time...
[2026-09-20 13:44:30]   Paper 1/1 in batch (10_1111_1365_2435_14353)...
[repro] execute = TRUE (sandbox = docker). install_missing = TRUE, timeout = 3000s, keep_sandbox = FALSE
[repro] sandbox root: C:\Users\dlakens\AppData\Local\Temp\RtmpaqOq5E\repro_sandbox_750c8f696b
[repro] docker image: ghcr.io/scienceverse/metacheck_r:latest
[repro] materialising Psych-DS layout from plan (147 plan rows) ...
[repro]   materialised 78/150 files.
[repro] writing 18 rewritten script(s) into the layout ...
[repro]   wrote 18 script(s).
[repro] installing 21 dependenc(y/ies): bipartite, DHARMa, dplyr, effects, fmsb, forcats, ggeffects, ggplot2, ggpubr, glmmTMB, hrbrthemes, igraph, jtools, lubridate, performance, RColorBrewer, sjmisc, sjPlot, sjstats, tidyverse, webshot
[repro]   install done: 19 ok, 2 failed.
[repro] skipping (missing inputs): Figs_5_6_main_text_glm_glmm_Rscript.R, SI_App_2_flight_speed_pollinators.R, MixedEffectModels_examples.R
[repro] running 18 script(s) in order: expected_pollination_worked_example_Appendix_2.R -> SI_App_2_flight_speed_pollinators.R -> Figs_4_5_main_revision.R -> SI_App_4_to_6_figures_Rscript.R -> Figs_5_6_main_text_1st_Submission_FE.R -> Figs_5_6_main_bodysize_glmm.R -> Figs_5_6_main_bodysize_glmm_pol.links.R -> Figs_5_6_main_revision.R -> Figs_5_6_main_text_glm_glmm_Rscript.R -> Figs_5_6_main_text_glm_glmm_Rscript.R -> SI_App_5_and_6_figures_Rscript.R -> SI_App_6_and_10_figures_Rscript_revision_checked.R -> SI_App_8_geometric_decay_values.R -> MixedEffectModels_examples.R -> MixedEffectModels_raster_plot.R -> prob_pol_function.R -> load_prob_pol_data_and_function.R -> load_prob_pol_data_and_function.R
[repro/docker]   -> running 'expected_pollination_worked_example_Appendix_2.R' (timeout 3000s) ...
[repro/docker]   <- 'expected_pollination_worked_example_Appendix_2.R' done in 0.6s
[repro/docker]   -> running 'Figs_4_5_main_revision.R' (timeout 3000s) ...
[repro/docker]   <- 'Figs_4_5_main_revision.R' done in 11.6s
[repro/docker]   -> running 'SI_App_4_to_6_figures_Rscript.R' (timeout 3000s) ...
[repro/docker]   <- 'SI_App_4_to_6_figures_Rscript.R' done in 4.2s
[repro/docker]   -> running 'Figs_5_6_main_text_1st_Submission_FE.R' (timeout 3000s) ...
[repro/docker]   <- 'Figs_5_6_main_text_1st_Submission_FE.R' done in 10.4s
[repro/docker]   -> running 'Figs_5_6_main_bodysize_glmm.R' (timeout 3000s) ...
[repro/docker]   <- 'Figs_5_6_main_bodysize_glmm.R' done in 5.9s
[repro/docker]   -> running 'Figs_5_6_main_bodysize_glmm_pol.links.R' (timeout 3000s) ...
[repro/docker]   <- 'Figs_5_6_main_bodysize_glmm_pol.links.R' done in 7.9s
[repro/docker]   -> running 'Figs_5_6_main_revision.R' (timeout 3000s) ...
[repro/docker]   <- 'Figs_5_6_main_revision.R' done in 15.5s
[repro/docker]   -> running 'SI_App_5_and_6_figures_Rscript.R' (timeout 3000s) ...
[repro/docker]   <- 'SI_App_5_and_6_figures_Rscript.R' done in 6.9s
[repro/docker]   -> running 'SI_App_6_and_10_figures_Rscript_revision_checked.R' (timeout 3000s) ...
[repro/docker]   <- 'SI_App_6_and_10_figures_Rscript_revision_checked.R' done in 7s
[repro/docker]   -> running 'SI_App_8_geometric_decay_values.R' (timeout 3000s) ...
[repro/docker]   <- 'SI_App_8_geometric_decay_values.R' done in 12.5s
[repro/docker]   -> running 'MixedEffectModels_raster_plot.R' (timeout 3000s) ...
[repro/docker]   <- 'MixedEffectModels_raster_plot.R' done in 12.8s
[repro/docker]   -> running 'prob_pol_function.R' (timeout 3000s) ...
[repro/docker]   <- 'prob_pol_function.R' done in 1.5s
[repro/docker]   -> running 'load_prob_pol_data_and_function.R' (timeout 3000s) ...
[repro/docker]   <- 'load_prob_pol_data_and_function.R' done in 0.8s
[repro/docker]   -> running 'load_prob_pol_data_and_function.R' (timeout 3000s) ...
[repro/docker]   <- 'load_prob_pol_data_and_function.R' done in 0.8s
[repro] execution finished (pass 1). outcomes: expected_pollination_worked_example_Appendix_2.R=errored; SI_App_2_flight_speed_pollinators.R=skipped_missing_inputs; Figs_4_5_main_revision.R=errored; SI_App_4_to_6_figures_Rscript.R=errored; Figs_5_6_main_text_1st_Submission_FE.R=errored; Figs_5_6_main_bodysize_glmm.R=errored; Figs_5_6_main_bodysize_glmm_pol.links.R=errored; Figs_5_6_main_revision.R=errored; Figs_5_6_main_text_glm_glmm_Rscript.R=skipped_missing_inputs; Figs_5_6_main_text_glm_glmm_Rscript.R=skipped_missing_inputs; SI_App_5_and_6_figures_Rscript.R=errored; SI_App_6_and_10_figures_Rscript_revision_checked.R=errored; SI_App_8_geometric_decay_values.R=errored; MixedEffectModels_examples.R=skipped_missing_inputs; MixedEffectModels_raster_plot.R=errored; prob_pol_function.R=ran_ok; load_prob_pol_data_and_function.R=errored; load_prob_pol_data_and_function.R=errored
[repro] extracted statistical output from 7 script(s)' console output.
[2026-09-20 13:49:52] Batch 494/1861 done (1/1 papers succeeded).
[2026-09-20 13:49:52] Batch 495/1861 (papers 495-495): running reproducibility_check on 1 paper(s), one at a time...
[2026-09-20 13:49:52]   Paper 1/1 in batch (10_1111_1365_2435_14354)...
[2026-09-20 13:50:00] Batch 495/1861 done (1/1 papers succeeded).
[2026-09-20 13:50:00] Batch 496/1861 (papers 496-496): running reproducibility_check on 1 paper(s), one at a time...
[2026-09-20 13:50:00]   Paper 1/1 in batch (10_1111_1365_2435_14361)...
[2026-09-20 13:50:08] Batch 496/1861 done (1/1 papers succeeded).
[2026-09-20 13:50:08] Batch 497/1861 (papers 497-497): running reproducibility_check on 1 paper(s), one at a time...
[2026-09-20 13:50:08]   Paper 1/1 in batch (10_1111_1365_2435_14383)...
[2026-09-20 13:50:10] Batch 497/1861 done (1/1 papers succeeded).
[2026-09-20 13:50:10] Batch 498/1861 (papers 498-498): running reproducibility_check on 1 paper(s), one at a time...
[2026-09-20 13:50:10]   Paper 1/1 in batch (10_1111_1365_2435_14384)...
[2026-09-20 13:50:13] Batch 498/1861 done (1/1 papers succeeded).
[2026-09-20 13:50:13] Batch 499/1861 (papers 499-499): running reproducibility_check on 1 paper(s), one at a time...
[2026-09-20 13:50:13]   Paper 1/1 in batch (10_1111_1365_2435_14391)...
[2026-09-20 13:50:27] Batch 499/1861 done (1/1 papers succeeded).
[2026-09-20 13:50:27] Batch 500/1861 (papers 500-500): running reproducibility_check on 1 paper(s), one at a time...
[2026-09-20 13:50:27]   Paper 1/1 in batch (10_1111_1365_2435_14394)...
[2026-09-20 13:50:29] Batch 500/1861 done (1/1 papers succeeded).
[2026-09-20 13:50:29] Batch 501/1861 (papers 501-501): running reproducibility_check on 1 paper(s), one at a time...
[2026-09-20 13:50:29]   Paper 1/1 in batch (10_1111_1365_2435_14397)...
[2026-09-20 13:50:35] Batch 501/1861 done (1/1 papers succeeded).
[2026-09-20 13:50:35] Batch 502/1861 (papers 502-502): running reproducibility_check on 1 paper(s), one at a time...
[2026-09-20 13:50:35]   Paper 1/1 in batch (10_1111_1365_2435_14407)...
[repro] execute = TRUE (sandbox = docker). install_missing = TRUE, timeout = 3000s, keep_sandbox = FALSE
[repro] sandbox root: C:\Users\dlakens\AppData\Local\Temp\RtmpaqOq5E\repro_sandbox_7502c8f2a05
[repro] docker image: ghcr.io/scienceverse/metacheck_r:latest
[repro] materialising Psych-DS layout from plan (5 plan rows) ...
[repro]   materialised 2/6 files.
[repro] writing 2 rewritten script(s) into the layout ...
[repro]   wrote 2 script(s).
[repro] installing 17 dependenc(y/ies): BAT, car, dplyr, ellipse, ggplot2, ggtree, knitr, mvMORPH, phylolm, phytools, readxl, reshape2, scales, sensiPhy, stringr, tibble, tidyr
[repro]   install done: 17 ok, 0 failed.
[repro] running 2 script(s) in order: Rscript.R -> Rscript.Rmd
[repro/docker]   -> running 'Rscript.Rmd' (timeout 3000s) ...
[repro/docker]   <- 'Rscript.Rmd' done in 24.6s
[repro] execution finished (pass 1). outcomes: Rscript.R=not_parsed; Rscript.Rmd=errored
[2026-09-20 13:54:01] Batch 502/1861 done (1/1 papers succeeded).
[2026-09-20 13:54:01] Batch 503/1861 (papers 503-503): running reproducibility_check on 1 paper(s), one at a time...
[2026-09-20 13:54:01]   Paper 1/1 in batch (10_1111_1365_2435_14422)...
Skipping zip for https://doi.org/10.5061/dryad.cnp5hqcb2 (only 1 file wanted -- Dryad's zip quota (100/day) is 5x stricter than its per-file quota (500/day), not worth spending on a small dataset); downloading its files individually.
[repro] execute = TRUE (sandbox = docker). install_missing = TRUE, timeout = 3000s, keep_sandbox = FALSE
[repro] sandbox root: C:\Users\dlakens\AppData\Local\Temp\RtmpaqOq5E\repro_sandbox_750ac726b7
[repro] docker image: ghcr.io/scienceverse/metacheck_r:latest
[repro] materialising Psych-DS layout from plan (11 plan rows) ...
[repro]   materialised 9/11 files.
[repro] writing 1 rewritten script(s) into the layout ...
[repro]   wrote 1 script(s).
[repro] installing 15 dependenc(y/ies): ape, caper, car, devtools, dplyr, evobiR, geiger, ggplot2, hier.part, multcomp, MuMIn, PKNCA, plyr, scales, stringr
[repro]   install done: 13 ok, 2 failed.
[repro] skipping (missing inputs): FEMedeiros2023.R
[repro] running 1 script(s) in order: FEMedeiros2023.R
[repro] execution finished (pass 1). outcomes: FEMedeiros2023.R=skipped_missing_inputs
[2026-09-20 13:55:13] Batch 503/1861 done (1/1 papers succeeded).
[2026-09-20 13:55:13] Batch 504/1861 (papers 504-504): running reproducibility_check on 1 paper(s), one at a time...
[2026-09-20 13:55:13]   Paper 1/1 in batch (10_1111_1365_2435_14425)...
[2026-09-20 13:55:23] Batch 504/1861 done (1/1 papers succeeded).
[2026-09-20 13:55:23] Batch 505/1861 (papers 505-505): running reproducibility_check on 1 paper(s), one at a time...
[2026-09-20 13:55:23]   Paper 1/1 in batch (10_1111_1365_2435_14429)...
[2026-09-20 13:55:24] Batch 505/1861 done (1/1 papers succeeded).
[2026-09-20 13:55:24] Batch 506/1861 (papers 506-506): running reproducibility_check on 1 paper(s), one at a time...
[2026-09-20 13:55:24]   Paper 1/1 in batch (10_1111_1365_2435_14431)...
[2026-09-20 13:55:25] Batch 506/1861 done (1/1 papers succeeded).
[2026-09-20 13:55:25] Batch 507/1861 (papers 507-507): running reproducibility_check on 1 paper(s), one at a time...
[2026-09-20 13:55:25]   Paper 1/1 in batch (10_1111_1365_2435_14436)...
[repro] execute = TRUE (sandbox = docker). install_missing = TRUE, timeout = 3000s, keep_sandbox = FALSE
[repro] sandbox root: C:\Users\dlakens\AppData\Local\Temp\RtmpaqOq5E\repro_sandbox_75030a76c2d
[repro] docker image: ghcr.io/scienceverse/metacheck_r:latest
[repro] materialising Psych-DS layout from plan (7 plan rows) ...
[repro]   materialised 4/7 files.
[repro] writing 3 rewritten script(s) into the layout ...
[repro]   wrote 3 script(s).
[repro] installing 10 dependenc(y/ies): dplyr, forcats, ggplot2, gridExtra, lme4, MCMCglmm, metafor, mvtnorm, rstan, rstantools
[repro]   install done: 10 ok, 0 failed.
[repro] running 3 script(s) in order: SlidingWindow.R -> SpaceVsTimeModel.R -> SpatioTemporalModel.R
[repro/docker]   -> running 'SlidingWindow.R' (timeout 3000s) ...
[repro/docker]   <- 'SlidingWindow.R' done in 70.9s
[repro/docker]   -> running 'SpaceVsTimeModel.R' (timeout 3000s) ...
[repro/docker]   <- 'SpaceVsTimeModel.R' done in 75.3s
[repro/docker]   -> running 'SpatioTemporalModel.R' (timeout 3000s) ...
[repro/docker]   <- 'SpatioTemporalModel.R' done in 76.9s
[repro] execution finished (pass 1). outcomes: SlidingWindow.R=errored; SpaceVsTimeModel.R=errored; SpatioTemporalModel.R=errored
[repro] extracted statistical output from 3 script(s)' console output.
[2026-09-20 14:00:32] Batch 507/1861 done (1/1 papers succeeded).
[2026-09-20 14:00:32] Batch 508/1861 (papers 508-508): running reproducibility_check on 1 paper(s), one at a time...
[2026-09-20 14:00:32]   Paper 1/1 in batch (10_1111_1365_2435_14437)...
[2026-09-20 14:00:42] Batch 508/1861 done (1/1 papers succeeded).
[2026-09-20 14:00:42] Batch 509/1861 (papers 509-509): running reproducibility_check on 1 paper(s), one at a time...
[2026-09-20 14:00:42]   Paper 1/1 in batch (10_1111_1365_2435_14448)...
[2026-09-20 14:00:46] Batch 509/1861 done (1/1 papers succeeded).
[2026-09-20 14:00:46] Batch 510/1861 (papers 510-510): running reproducibility_check on 1 paper(s), one at a time...
[2026-09-20 14:00:46]   Paper 1/1 in batch (10_1111_1365_2435_14455)...
[repro] execute = TRUE (sandbox = docker). install_missing = TRUE, timeout = 3000s, keep_sandbox = FALSE
[repro] sandbox root: C:\Users\dlakens\AppData\Local\Temp\RtmpaqOq5E\repro_sandbox_75011dc4f06
[repro] docker image: ghcr.io/scienceverse/metacheck_r:latest
[repro] materialising Psych-DS layout from plan (8 plan rows) ...
[repro]   materialised 5/8 files.
[repro] writing 1 rewritten script(s) into the layout ...
[repro]   wrote 1 script(s).
[repro] installing 19 dependenc(y/ies): broom, clubSandwich, cowplot, CR2, dplyr, effects, emmeans, ggplot2, ggpubr, gridExtra, kableExtra, knitr, lme4, lmerTest, multcomp, multcompView, plyr, sandwich, tidyr
[repro]   install done: 0 ok, 19 failed.
[repro] running 1 script(s) in order: code_for_MS.R
[repro] execution finished (pass 1). outcomes: code_for_MS.R=not_parsed
[2026-09-20 14:00:54] Batch 510/1861 done (1/1 papers succeeded).
[2026-09-20 14:00:54] Batch 511/1861 (papers 511-511): running reproducibility_check on 1 paper(s), one at a time...
[2026-09-20 14:00:54]   Paper 1/1 in batch (10_1111_1365_2435_14456)...
[2026-09-20 14:00:56] Batch 511/1861 done (1/1 papers succeeded).
[2026-09-20 14:00:56] Batch 512/1861 (papers 512-512): running reproducibility_check on 1 paper(s), one at a time...
[2026-09-20 14:00:56]   Paper 1/1 in batch (10_1111_1365_2435_14465)...
[2026-09-20 14:00:58] Batch 512/1861 done (1/1 papers succeeded).
[2026-09-20 14:00:58] Batch 513/1861 (papers 513-513): running reproducibility_check on 1 paper(s), one at a time...
[2026-09-20 14:00:58]   Paper 1/1 in batch (10_1111_1365_2435_14477)...
[2026-09-20 14:00:59] Batch 513/1861 done (1/1 papers succeeded).
[2026-09-20 14:00:59] Batch 514/1861 (papers 514-514): running reproducibility_check on 1 paper(s), one at a time...
[2026-09-20 14:00:59]   Paper 1/1 in batch (10_1111_1365_2435_14479)...
[2026-09-20 14:01:00] Batch 514/1861 done (1/1 papers succeeded).
[2026-09-20 14:01:00] Batch 515/1861 (papers 515-515): running reproducibility_check on 1 paper(s), one at a time...
[2026-09-20 14:01:00]   Paper 1/1 in batch (10_1111_1365_2435_14484)...
[2026-09-20 14:01:01] Batch 515/1861 done (1/1 papers succeeded).
[2026-09-20 14:01:01] Batch 516/1861 (papers 516-516): running reproducibility_check on 1 paper(s), one at a time...
[2026-09-20 14:01:01]   Paper 1/1 in batch (10_1111_1365_2435_14491)...
[2026-09-20 14:01:03] Batch 516/1861 done (1/1 papers succeeded).
[2026-09-20 14:01:03] Batch 517/1861 (papers 517-517): running reproducibility_check on 1 paper(s), one at a time...
[2026-09-20 14:01:03]   Paper 1/1 in batch (10_1111_1365_2435_14492)...
[2026-09-20 14:01:07] Batch 517/1861 done (1/1 papers succeeded).
[2026-09-20 14:01:07] Batch 518/1861 (papers 518-518): running reproducibility_check on 1 paper(s), one at a time...
[2026-09-20 14:01:07]   Paper 1/1 in batch (10_1111_1365_2435_14499)...
[2026-09-20 14:01:11] Batch 518/1861 done (1/1 papers succeeded).
[2026-09-20 14:01:11] Batch 519/1861 (papers 519-519): running reproducibility_check on 1 paper(s), one at a time...
[2026-09-20 14:01:11]   Paper 1/1 in batch (10_1111_1365_2435_14504)...
[2026-09-20 14:01:19] Batch 519/1861 done (1/1 papers succeeded).
[2026-09-20 14:01:19] Batch 520/1861 (papers 520-520): running reproducibility_check on 1 paper(s), one at a time...
[2026-09-20 14:01:19]   Paper 1/1 in batch (10_1111_1365_2435_14507)...
[2026-09-20 14:01:23] Batch 520/1861 done (1/1 papers succeeded).
[2026-09-20 14:01:23] Batch 521/1861 (papers 521-521): running reproducibility_check on 1 paper(s), one at a time...
[2026-09-20 14:01:23]   Paper 1/1 in batch (10_1111_1365_2435_14508)...
[repro] execute = TRUE (sandbox = docker). install_missing = TRUE, timeout = 3000s, keep_sandbox = FALSE
[repro] sandbox root: C:\Users\dlakens\AppData\Local\Temp\RtmpaqOq5E\repro_sandbox_750533474e8
[repro] docker image: ghcr.io/scienceverse/metacheck_r:latest
[repro] materialising Psych-DS layout from plan (6 plan rows) ...
[repro]   materialised 4/6 files.
[repro] writing 1 rewritten script(s) into the layout ...
[repro]   wrote 1 script(s).
[repro] installing 4 dependenc(y/ies): chron, ggplot2, scales, segmented
[repro]   install done: 4 ok, 0 failed.
[repro] running 1 script(s) in order: Example T-F0 R code.Rmd
[repro/docker]   -> running 'Example T-F0 R code.Rmd' (timeout 3000s) ...
[repro/docker]   <- 'Example T-F0 R code.Rmd' done in 1.8s
[repro] execution finished (pass 1). outcomes: Example T-F0 R code.Rmd=errored
[2026-09-20 14:01:42] Batch 521/1861 done (1/1 papers succeeded).
[2026-09-20 14:01:42] Batch 522/1861 (papers 522-522): running reproducibility_check on 1 paper(s), one at a time...
[2026-09-20 14:01:42]   Paper 1/1 in batch (10_1111_1365_2435_14511)...
[2026-09-20 14:01:53] Batch 522/1861 done (1/1 papers succeeded).
[2026-09-20 14:01:53] Batch 523/1861 (papers 523-523): running reproducibility_check on 1 paper(s), one at a time...
[2026-09-20 14:01:53]   Paper 1/1 in batch (10_1111_1365_2435_14513)...
[2026-09-20 14:01:58] Batch 523/1861 done (1/1 papers succeeded).
[2026-09-20 14:01:58] Batch 524/1861 (papers 524-524): running reproducibility_check on 1 paper(s), one at a time...
[2026-09-20 14:01:58]   Paper 1/1 in batch (10_1111_1365_2435_14514)...
[2026-09-20 14:01:59] Batch 524/1861 done (1/1 papers succeeded).
[2026-09-20 14:01:59] Batch 525/1861 (papers 525-525): running reproducibility_check on 1 paper(s), one at a time...
[2026-09-20 14:01:59]   Paper 1/1 in batch (10_1111_1365_2435_14517)...
[2026-09-20 14:02:14] Batch 525/1861 done (1/1 papers succeeded).
[2026-09-20 14:02:14] Batch 526/1861 (papers 526-526): running reproducibility_check on 1 paper(s), one at a time...
[2026-09-20 14:02:14]   Paper 1/1 in batch (10_1111_1365_2435_14521)...
[2026-09-20 14:02:17] Batch 526/1861 done (1/1 papers succeeded).
[2026-09-20 14:02:17] Batch 527/1861 (papers 527-527): running reproducibility_check on 1 paper(s), one at a time...
[2026-09-20 14:02:17]   Paper 1/1 in batch (10_1111_1365_2435_14531)...
[2026-09-20 14:02:24] Batch 527/1861 done (1/1 papers succeeded).
[2026-09-20 14:02:24] Batch 528/1861 (papers 528-528): running reproducibility_check on 1 paper(s), one at a time...
[2026-09-20 14:02:24]   Paper 1/1 in batch (10_1111_1365_2435_14543)...
Skipping zip for https://doi.org/10.5281/zenodo.10661806 (zip transport unknown MB exceeds 2x the 500 MB budget); downloading its files individually.
[repro] execute = TRUE (sandbox = docker). install_missing = TRUE, timeout = 3000s, keep_sandbox = FALSE
[repro] sandbox root: C:\Users\dlakens\AppData\Local\Temp\RtmpaqOq5E\repro_sandbox_75015592598
[repro] docker image: ghcr.io/scienceverse/metacheck_r:latest
[repro] materialising Psych-DS layout from plan (87 plan rows) ...
[repro]   materialised 62/106 files.
[repro] writing 12 rewritten script(s) into the layout ...
[repro]   wrote 12 script(s).
[repro] installing 29 dependenc(y/ies): car, corrplot, cowplot, dggridR, dplyr, ggcorrplot, ggeffects, ggplot2, ggpubr, gridExtra, gridGraphics, lme4, lmerTest, lubridate, magick, MuMIn, ncdf4, png, r2glmm, raster, readxl, rgdal, RODBC, sf, sjPlot, sp, stringr, tidyverse, viridis
[repro]   install done: 26 ok, 3 failed.
[repro] skipping (missing inputs): NABA_data_extraction.R, abundance_analysis.R, abundance_metricsNABA.R, figures.R, greenup_2.R
[repro] running 12 script(s) in order: degday1.R -> Family_Comp1.R -> greenup_2.R -> abundance_metricsNABA.R -> cpc.process.R -> abundance_analysis.R -> gather_envir_vars.R -> gdd_variations.R -> NABA_data_extraction.R -> figures.R -> phenology_analysis.R -> phenology_metrics.R
[repro/docker]   -> running 'degday1.R' (timeout 3000s) ...
[repro/docker]   <- 'degday1.R' done in 0.9s
[repro/docker]   -> running 'cpc.process.R' (timeout 3000s) ...
[repro/docker]   <- 'cpc.process.R' done in 7.1s
[repro/docker]   -> running 'gather_envir_vars.R' (timeout 3000s) ...
[repro/docker]   <- 'gather_envir_vars.R' done in 4.1s
[repro/docker]   -> running 'gdd_variations.R' (timeout 3000s) ...
[repro/docker]   <- 'gdd_variations.R' done in 6.5s
[repro/docker]   -> running 'phenology_analysis.R' (timeout 3000s) ...
[repro/docker]   <- 'phenology_analysis.R' done in 7.3s
[repro/docker]   -> running 'phenology_metrics.R' (timeout 3000s) ...
[repro/docker]   <- 'phenology_metrics.R' done in 3.2s
[repro] execution finished (pass 1). outcomes: degday1.R=ran_ok; Family_Comp1.R=not_parsed; greenup_2.R=skipped_missing_inputs; abundance_metricsNABA.R=skipped_missing_inputs; cpc.process.R=errored; abundance_analysis.R=skipped_missing_inputs; gather_envir_vars.R=errored; gdd_variations.R=errored; NABA_data_extraction.R=skipped_missing_inputs; figures.R=skipped_missing_inputs; phenology_analysis.R=errored; phenology_metrics.R=errored
[2026-09-20 14:10:51] Batch 528/1861 done (1/1 papers succeeded).
[2026-09-20 14:10:51] Batch 529/1861 (papers 529-529): running reproducibility_check on 1 paper(s), one at a time...
[2026-09-20 14:10:51]   Paper 1/1 in batch (10_1111_1365_2435_14550)...
[2026-09-20 14:10:59] Batch 529/1861 done (1/1 papers succeeded).
[2026-09-20 14:10:59] Batch 530/1861 (papers 530-530): running reproducibility_check on 1 paper(s), one at a time...
[2026-09-20 14:10:59]   Paper 1/1 in batch (10_1111_1365_2435_14552)...
Skipping zip for https://doi.org/10.5061/dryad.0k6djhb51 (only 1 file wanted -- Dryad's zip quota (100/day) is 5x stricter than its per-file quota (500/day), not worth spending on a small dataset); downloading its files individually.
[repro] execute = TRUE (sandbox = docker). install_missing = TRUE, timeout = 3000s, keep_sandbox = FALSE
[repro] sandbox root: C:\Users\dlakens\AppData\Local\Temp\RtmpaqOq5E\repro_sandbox_7501c3c10ec
[repro] docker image: ghcr.io/scienceverse/metacheck_r:latest
[repro] materialising Psych-DS layout from plan (24 plan rows) ...
[repro]   materialised 4/25 files.
[repro] writing 6 rewritten script(s) into the layout ...
[repro]   wrote 6 script(s).
[repro] installing 1 dependenc(y/ies): ape
[repro]   install done: 1 ok, 0 failed.
[repro] running 6 script(s) in order: mice.impute.phnorm.r -> mice.impute.phpmm.r -> mice.impute.phpp.R -> mice.impute.phppm.R -> phylomice.R -> RcppExports.R
[repro/docker]   -> running 'mice.impute.phnorm.r' (timeout 3000s) ...
[repro/docker]   <- 'mice.impute.phnorm.r' done in 0.6s
[repro/docker]   -> running 'mice.impute.phpmm.r' (timeout 3000s) ...
[repro/docker]   <- 'mice.impute.phpmm.r' done in 0.6s
[repro/docker]   -> running 'mice.impute.phpp.R' (timeout 3000s) ...
[repro/docker]   <- 'mice.impute.phpp.R' done in 0.6s
[repro/docker]   -> running 'mice.impute.phppm.R' (timeout 3000s) ...
[repro/docker]   <- 'mice.impute.phppm.R' done in 0.5s
[repro/docker]   -> running 'phylomice.R' (timeout 3000s) ...
[repro/docker]   <- 'phylomice.R' done in 0.6s
[repro/docker]   -> running 'RcppExports.R' (timeout 3000s) ...
[repro/docker]   <- 'RcppExports.R' done in 0.5s
[repro] execution finished (pass 1). outcomes: mice.impute.phnorm.r=ran_ok; mice.impute.phpmm.r=ran_ok; mice.impute.phpp.R=ran_ok; mice.impute.phppm.R=ran_ok; phylomice.R=ran_ok; RcppExports.R=ran_ok
[repro] extracted statistical output from 3 script(s)' console output.
[2026-09-20 14:11:15] Batch 530/1861 done (1/1 papers succeeded).
[2026-09-20 14:11:15] Batch 531/1861 (papers 531-531): running reproducibility_check on 1 paper(s), one at a time...
[2026-09-20 14:11:15]   Paper 1/1 in batch (10_1111_1365_2435_14557)...
[2026-09-20 14:11:17] Batch 531/1861 done (1/1 papers succeeded).
[2026-09-20 14:11:17] Batch 532/1861 (papers 532-532): running reproducibility_check on 1 paper(s), one at a time...
[2026-09-20 14:11:17]   Paper 1/1 in batch (10_1111_1365_2435_14564)...
[2026-09-20 14:11:19] Batch 532/1861 done (1/1 papers succeeded).
[2026-09-20 14:11:19] Batch 533/1861 (papers 533-533): running reproducibility_check on 1 paper(s), one at a time...
[2026-09-20 14:11:19]   Paper 1/1 in batch (10_1111_1365_2435_14575)...
[repro] execute = TRUE (sandbox = docker). install_missing = TRUE, timeout = 3000s, keep_sandbox = FALSE
[repro] sandbox root: C:\Users\dlakens\AppData\Local\Temp\RtmpaqOq5E\repro_sandbox_75011d4435f
[repro] docker image: ghcr.io/scienceverse/metacheck_r:latest
[repro] materialising Psych-DS layout from plan (7 plan rows) ...
[repro]   materialised 6/7 files.
[repro] writing 1 rewritten script(s) into the layout ...
[repro]   wrote 1 script(s).
[repro] installing 22 dependenc(y/ies): bestNormalize, broom, car, colorspace, cowplot, details, dplyr, effsize, ggpubr, gt, kableExtra, knitr, lme4, lmerTest, lsmeans, multcomp, MuMIn, rcompanion, scales, sessioninfo, sjPlot, tidyverse
[repro]   install done: 22 ok, 0 failed.
[repro] skipping (missing inputs): field_data_analyses.R
[repro] running 1 script(s) in order: field_data_analyses.R
[repro] execution finished (pass 1). outcomes: field_data_analyses.R=not_parsed
[2026-09-20 14:12:58] Batch 533/1861 done (1/1 papers succeeded).
[2026-09-20 14:12:58] Batch 534/1861 (papers 534-534): running reproducibility_check on 1 paper(s), one at a time...
[2026-09-20 14:12:58]   Paper 1/1 in batch (10_1111_1365_2435_14589)...
[2026-09-20 14:13:05] Batch 534/1861 done (1/1 papers succeeded).
[2026-09-20 14:13:05] Batch 535/1861 (papers 535-535): running reproducibility_check on 1 paper(s), one at a time...
[2026-09-20 14:13:05]   Paper 1/1 in batch (10_1111_1365_2435_14594)...
[2026-09-20 14:13:07] Batch 535/1861 done (1/1 papers succeeded).
[2026-09-20 14:13:07] Batch 536/1861 (papers 536-536): running reproducibility_check on 1 paper(s), one at a time...
[2026-09-20 14:13:07]   Paper 1/1 in batch (10_1111_1365_2435_14603)...
[2026-09-20 14:13:09] Batch 536/1861 done (1/1 papers succeeded).
[2026-09-20 14:13:09] Batch 537/1861 (papers 537-537): running reproducibility_check on 1 paper(s), one at a time...
[2026-09-20 14:13:09]   Paper 1/1 in batch (10_1111_1365_2435_14616)...
[2026-09-20 14:13:10] Batch 537/1861 done (1/1 papers succeeded).
[2026-09-20 14:13:10] Batch 538/1861 (papers 538-538): running reproducibility_check on 1 paper(s), one at a time...
[2026-09-20 14:13:10]   Paper 1/1 in batch (10_1111_1365_2435_14619)...
[2026-09-20 14:13:15] Batch 538/1861 done (1/1 papers succeeded).
[2026-09-20 14:13:15] Batch 539/1861 (papers 539-539): running reproducibility_check on 1 paper(s), one at a time...
[2026-09-20 14:13:15]   Paper 1/1 in batch (10_1111_1365_2435_14620)...
[repro] execute = TRUE (sandbox = docker). install_missing = TRUE, timeout = 3000s, keep_sandbox = FALSE
[repro] sandbox root: C:\Users\dlakens\AppData\Local\Temp\RtmpaqOq5E\repro_sandbox_7502d14517d
[repro] docker image: ghcr.io/scienceverse/metacheck_r:latest
[repro] materialising Psych-DS layout from plan (4 plan rows) ...
[repro]   materialised 0/4 files.
[repro] writing 3 rewritten script(s) into the layout ...
[repro]   wrote 3 script(s).
[repro] installing 38 dependenc(y/ies): bayesplot, brms, broom, cowplot, data.table, dplyr, extrafont, flextable, ggplot2, ggpubr, ggridges, ggsurvfit, gridExtra, htmlTable, knitr, lme4, lubridate, magick, merTools, mgcViz, modelr, officer, openxlsx, patchwork, pdftools, plotly, pscl, RColorBrewer, readr, readxl, scales, survminer, texreg, tidybayes, tidyr, tidyverse, writexl, zoo
[repro]   install done: 38 ok, 0 failed.
[repro] skipping (missing inputs): ABS_SMC_meanMAD_v4_future_proj.R, Bayessian_regression_Nov2023.R
[repro] running 3 script(s) in order: ABS_SMC_meanMAD_v4_future_proj.R -> Bayessian_regression_Nov2023.R -> Compare_MAD_ABCSMC_BR.R
[repro/docker]   -> running 'Compare_MAD_ABCSMC_BR.R' (timeout 3000s) ...
[repro/docker]   <- 'Compare_MAD_ABCSMC_BR.R' done in 0.9s
[repro] execution finished (pass 1). outcomes: ABS_SMC_meanMAD_v4_future_proj.R=skipped_missing_inputs; Bayessian_regression_Nov2023.R=skipped_missing_inputs; Compare_MAD_ABCSMC_BR.R=errored
[repro] missing-library injection: 'read_excel' resolved to package 'readxl' for 'Compare_MAD_ABCSMC_BR.R'
[repro] re-running 3 script(s) in corrected order (with 1 library() injection(s): Compare_MAD_ABCSMC_BR.R: library(readxl)): ABS_SMC_meanMAD_v4_future_proj.R -> Bayessian_regression_Nov2023.R -> Compare_MAD_ABCSMC_BR.R
[repro/docker]   -> running 'Compare_MAD_ABCSMC_BR.R' (timeout 3000s) ...
[repro/docker]   <- 'Compare_MAD_ABCSMC_BR.R' done in 1.1s
[repro] execution finished (pass 2). outcomes: ABS_SMC_meanMAD_v4_future_proj.R=skipped_missing_inputs; Bayessian_regression_Nov2023.R=skipped_missing_inputs; Compare_MAD_ABCSMC_BR.R=errored
[2026-09-20 14:16:17] Batch 539/1861 done (1/1 papers succeeded).
[2026-09-20 14:16:17] Batch 540/1861 (papers 540-540): running reproducibility_check on 1 paper(s), one at a time...
[2026-09-20 14:16:17]   Paper 1/1 in batch (10_1111_1365_2435_14621)...
[repro] execute = TRUE (sandbox = docker). install_missing = TRUE, timeout = 3000s, keep_sandbox = FALSE
[repro] sandbox root: C:\Users\dlakens\AppData\Local\Temp\RtmpaqOq5E\repro_sandbox_75038eb3ccf
[repro] docker image: ghcr.io/scienceverse/metacheck_r:latest
[repro] materialising Psych-DS layout from plan (24 plan rows) ...
[repro]   materialised 13/25 files.
[repro] writing 12 rewritten script(s) into the layout ...
[repro]   wrote 12 script(s).
[repro] installing 9 dependenc(y/ies): car, corrplot, data.table, dplyr, ggplot2, ggpubr, gridExtra, lme4, readxl
[repro]   install done: 0 ok, 9 failed.
[repro] skipping (missing inputs): S5_supp_cmz_validation_diethylether.R
[repro] running 12 script(s) in order: S1_fgcm_zoo_movement.R -> S2_fgcm_cmz_validation.R -> S3_fgcm_fm_ratio.R -> S4_reanalysis_models_cjm006_72t.R -> S5_supp_reanalysis_sex_res_season_cjm006_72t.R -> S5_supp_cartridge_comparsions_zoo.R -> S5_supp_cartridge_loss.R -> S5_supp_cmz_validation_diethylether.R -> S5_supp_corrplots.R -> S5_supp_diethylether_cmz_validation.R -> S5_supp_diethylether_extraction_comparsions.R -> S5_supp_parallelism.R
[repro/docker]   -> running 'S1_fgcm_zoo_movement.R' (timeout 3000s) ...
[repro/docker]   <- 'S1_fgcm_zoo_movement.R' done in 1.1s
[repro/docker]   -> running 'S2_fgcm_cmz_validation.R' (timeout 3000s) ...
[repro/docker]   <- 'S2_fgcm_cmz_validation.R' done in 1.1s
[repro/docker]   -> running 'S3_fgcm_fm_ratio.R' (timeout 3000s) ...
[repro/docker]   <- 'S3_fgcm_fm_ratio.R' done in 1.7s
[repro/docker]   -> running 'S4_reanalysis_models_cjm006_72t.R' (timeout 3000s) ...
[repro/docker]   <- 'S4_reanalysis_models_cjm006_72t.R' done in 0.9s
[repro/docker]   -> running 'S5_supp_reanalysis_sex_res_season_cjm006_72t.R' (timeout 3000s) ...
[repro/docker]   <- 'S5_supp_reanalysis_sex_res_season_cjm006_72t.R' done in 1.8s
[repro/docker]   -> running 'S5_supp_cartridge_comparsions_zoo.R' (timeout 3000s) ...
[repro/docker]   <- 'S5_supp_cartridge_comparsions_zoo.R' done in 1.7s
[repro/docker]   -> running 'S5_supp_cartridge_loss.R' (timeout 3000s) ...
[repro/docker]   <- 'S5_supp_cartridge_loss.R' done in 0.9s
[repro/docker]   -> running 'S5_supp_corrplots.R' (timeout 3000s) ...
[repro/docker]   <- 'S5_supp_corrplots.R' done in 1.1s
[repro/docker]   -> running 'S5_supp_diethylether_cmz_validation.R' (timeout 3000s) ...
[repro/docker]   <- 'S5_supp_diethylether_cmz_validation.R' done in 1s
[repro/docker]   -> running 'S5_supp_diethylether_extraction_comparsions.R' (timeout 3000s) ...
[repro/docker]   <- 'S5_supp_diethylether_extraction_comparsions.R' done in 1.7s
[repro/docker]   -> running 'S5_supp_parallelism.R' (timeout 3000s) ...
[repro/docker]   <- 'S5_supp_parallelism.R' done in 1.7s
[repro] execution finished (pass 1). outcomes: S1_fgcm_zoo_movement.R=errored; S2_fgcm_cmz_validation.R=errored; S3_fgcm_fm_ratio.R=errored; S4_reanalysis_models_cjm006_72t.R=errored; S5_supp_reanalysis_sex_res_season_cjm006_72t.R=errored; S5_supp_cartridge_comparsions_zoo.R=errored; S5_supp_cartridge_loss.R=errored; S5_supp_cmz_validation_diethylether.R=skipped_missing_inputs; S5_supp_corrplots.R=errored; S5_supp_diethylether_cmz_validation.R=errored; S5_supp_diethylether_extraction_comparsions.R=errored; S5_supp_parallelism.R=errored
[2026-09-20 14:16:46] Batch 540/1861 done (1/1 papers succeeded).
[2026-09-20 14:16:46] Batch 541/1861 (papers 541-541): running reproducibility_check on 1 paper(s), one at a time...
[2026-09-20 14:16:46]   Paper 1/1 in batch (10_1111_1365_2435_14622)...
[2026-09-20 14:16:49] Batch 541/1861 done (1/1 papers succeeded).
[2026-09-20 14:16:49] Batch 542/1861 (papers 542-542): running reproducibility_check on 1 paper(s), one at a time...
[2026-09-20 14:16:49]   Paper 1/1 in batch (10_1111_1365_2435_14634)...
[2026-09-20 14:16:51] Batch 542/1861 done (1/1 papers succeeded).
[2026-09-20 14:16:51] Batch 543/1861 (papers 543-543): running reproducibility_check on 1 paper(s), one at a time...
[2026-09-20 14:16:51]   Paper 1/1 in batch (10_1111_1365_2435_14635)...
Waiting 2s for retry backoff ■■■■■■■■■■■■■■■■                
Waiting 2s for retry backoff ■■■■■■■■■■■■■■■■■■■■■■■■■■■■■■■ 
Waiting 4s for retry backoff ■■■■■■■■■■■■■■■■                
Waiting 4s for retry backoff ■■■■■■■■■■■■■■■■■■■■■■■■■■■■■■  
[2026-09-20 14:17:00] Batch 543/1861 done (1/1 papers succeeded).
[2026-09-20 14:17:00] Batch 544/1861 (papers 544-544): running reproducibility_check on 1 paper(s), one at a time...
[2026-09-20 14:17:00]   Paper 1/1 in batch (10_1111_1365_2435_14640)...
[2026-09-20 14:17:07] Batch 544/1861 done (1/1 papers succeeded).
[2026-09-20 14:17:07] Batch 545/1861 (papers 545-545): running reproducibility_check on 1 paper(s), one at a time...
[2026-09-20 14:17:07]   Paper 1/1 in batch (10_1111_1365_2435_14641)...
Downloading https://github.com/Marjoleintoorians/PhyloSIModel as zip (1 file)...
[repro] execute = TRUE (sandbox = docker). install_missing = TRUE, timeout = 3000s, keep_sandbox = FALSE
[repro] sandbox root: C:\Users\dlakens\AppData\Local\Temp\RtmpaqOq5E\repro_sandbox_75052c67ab7
[repro] docker image: ghcr.io/scienceverse/metacheck_r:latest
[repro] materialising Psych-DS layout from plan (10 plan rows) ...
[repro]   materialised 4/10 files.
[repro] writing 3 rewritten script(s) into the layout ...
[repro]   wrote 3 script(s).
[repro] installing 22 dependenc(y/ies): ape, bbmle, binom, car, cowplot, dplyr, emmeans, fields, ggfortify, ggplot2, ggstatsplot, gridExtra, MuMIn, outliers, phytools, picante, pwr, RColorBrewer, tidyverse, treebalance, vcd, visreg
[repro]   install done: 22 ok, 0 failed.
[repro] running 3 script(s) in order: MH_PhyloSI_Sc1_Gilbert.R -> MH_PhyloSI_Scenario1.R -> MH_PhyloSI_Scenario2.R
[repro/docker]   -> running 'MH_PhyloSI_Sc1_Gilbert.R' (timeout 3000s) ...
[repro/docker]   <- 'MH_PhyloSI_Sc1_Gilbert.R' done in 16.4s
[repro/docker]   -> running 'MH_PhyloSI_Scenario1.R' (timeout 3000s) ...
[repro/docker]   <- 'MH_PhyloSI_Scenario1.R' done in 16.8s
[repro/docker]   -> running 'MH_PhyloSI_Scenario2.R' (timeout 3000s) ...
[repro/docker]   <- 'MH_PhyloSI_Scenario2.R' done in 17.1s
[repro] execution finished (pass 1). outcomes: MH_PhyloSI_Sc1_Gilbert.R=errored; MH_PhyloSI_Scenario1.R=errored; MH_PhyloSI_Scenario2.R=errored
[repro] undefined-var edge: 'MH_PhyloSI_Scenario1.R' defines 'pca.sc1' needed by 'MH_PhyloSI_Scenario2.R'
[repro] re-running 3 script(s) in corrected order: MH_PhyloSI_Sc1_Gilbert.R -> MH_PhyloSI_Scenario1.R -> MH_PhyloSI_Scenario2.R
[repro/docker]   -> running 'MH_PhyloSI_Sc1_Gilbert.R' (timeout 3000s) ...
[repro/docker]   <- 'MH_PhyloSI_Sc1_Gilbert.R' done in 15s
[repro/docker]   -> running 'MH_PhyloSI_Scenario1.R' (timeout 3000s) ...
[repro/docker]   <- 'MH_PhyloSI_Scenario1.R' done in 17.9s
[repro/docker]   -> running 'MH_PhyloSI_Scenario2.R' (timeout 3000s) ...
[repro/docker]   <- 'MH_PhyloSI_Scenario2.R' done in 17.4s
[repro] execution finished (pass 2). outcomes: MH_PhyloSI_Sc1_Gilbert.R=errored; MH_PhyloSI_Scenario1.R=errored; MH_PhyloSI_Scenario2.R=errored
[repro] extracted statistical output from 3 script(s)' console output.
[2026-09-20 14:20:50] Batch 545/1861 done (1/1 papers succeeded).
[2026-09-20 14:20:50] Batch 546/1861 (papers 546-546): running reproducibility_check on 1 paper(s), one at a time...
[2026-09-20 14:20:50]   Paper 1/1 in batch (10_1111_1365_2435_14643)...
[2026-09-20 14:20:59] Batch 546/1861 done (1/1 papers succeeded).
[2026-09-20 14:20:59] Batch 547/1861 (papers 547-547): running reproducibility_check on 1 paper(s), one at a time...
[2026-09-20 14:20:59]   Paper 1/1 in batch (10_1111_1365_2435_14644)...
[repro] execute = TRUE (sandbox = docker). install_missing = TRUE, timeout = 3000s, keep_sandbox = FALSE
[repro] sandbox root: C:\Users\dlakens\AppData\Local\Temp\RtmpaqOq5E\repro_sandbox_7504f5d5f6f
[repro] docker image: ghcr.io/scienceverse/metacheck_r:latest
[repro] materialising Psych-DS layout from plan (6 plan rows) ...
[repro]   materialised 4/6 files.
[repro] writing 2 rewritten script(s) into the layout ...
[repro]   wrote 2 script(s).
[repro] installing 9 dependenc(y/ies): brms, cmdstanr, cowplot, dplyr, ggbiplot, ggcorrplot, ggplot2, tidyr, tidyverse
[repro]   install done: 0 ok, 9 failed.
[repro] running 2 script(s) in order: CopepodForagingAnalysis_Clean.R -> QuantitativeGeneticsAnalysis_Clean.R
[repro/docker]   -> running 'CopepodForagingAnalysis_Clean.R' (timeout 3000s) ...
[repro/docker]   <- 'CopepodForagingAnalysis_Clean.R' done in 2s
[repro/docker]   -> running 'QuantitativeGeneticsAnalysis_Clean.R' (timeout 3000s) ...
[repro/docker]   <- 'QuantitativeGeneticsAnalysis_Clean.R' done in 1.8s
[repro] execution finished (pass 1). outcomes: CopepodForagingAnalysis_Clean.R=errored; QuantitativeGeneticsAnalysis_Clean.R=ran_ok
[repro] extracted statistical output from 1 script(s)' console output.
[2026-09-20 14:21:53] Batch 547/1861 done (1/1 papers succeeded).
[2026-09-20 14:21:53] Batch 548/1861 (papers 548-548): running reproducibility_check on 1 paper(s), one at a time...
[2026-09-20 14:21:53]   Paper 1/1 in batch (10_1111_1365_2435_14658)...
[2026-09-20 14:22:02] Batch 548/1861 done (1/1 papers succeeded).
[2026-09-20 14:22:02] Batch 549/1861 (papers 549-549): running reproducibility_check on 1 paper(s), one at a time...
[2026-09-20 14:22:02]   Paper 1/1 in batch (10_1111_1365_2435_14659)...
[2026-09-20 14:22:04] Batch 549/1861 done (1/1 papers succeeded).
[2026-09-20 14:22:04] Batch 550/1861 (papers 550-550): running reproducibility_check on 1 paper(s), one at a time...
[2026-09-20 14:22:04]   Paper 1/1 in batch (10_1111_1365_2435_14664)...
[2026-09-20 14:22:15] Batch 550/1861 done (1/1 papers succeeded).
[2026-09-20 14:22:15] Batch 551/1861 (papers 551-551): running reproducibility_check on 1 paper(s), one at a time...
[2026-09-20 14:22:15]   Paper 1/1 in batch (10_1111_1365_2435_14670)...
[2026-09-20 14:22:16] Batch 551/1861 done (1/1 papers succeeded).
[2026-09-20 14:22:16] Batch 552/1861 (papers 552-552): running reproducibility_check on 1 paper(s), one at a time...
[2026-09-20 14:22:16]   Paper 1/1 in batch (10_1111_1365_2435_14676)...
[2026-09-20 14:22:24] Batch 552/1861 done (1/1 papers succeeded).
[2026-09-20 14:22:24] Batch 553/1861 (papers 553-553): running reproducibility_check on 1 paper(s), one at a time...
[2026-09-20 14:22:24]   Paper 1/1 in batch (10_1111_1365_2435_14678)...
[2026-09-20 14:22:24] Batch 553/1861 done (1/1 papers succeeded).
[2026-09-20 14:22:24] Batch 554/1861 (papers 554-554): running reproducibility_check on 1 paper(s), one at a time...
[2026-09-20 14:22:24]   Paper 1/1 in batch (10_1111_1365_2435_14684)...
[2026-09-20 14:22:25] Batch 554/1861 done (1/1 papers succeeded).
[2026-09-20 14:22:25] Batch 555/1861 (papers 555-555): running reproducibility_check on 1 paper(s), one at a time...
[2026-09-20 14:22:25]   Paper 1/1 in batch (10_1111_1365_2435_14686)...
[2026-09-20 14:22:27] Batch 555/1861 done (1/1 papers succeeded).
[2026-09-20 14:22:27] Batch 556/1861 (papers 556-556): running reproducibility_check on 1 paper(s), one at a time...
[2026-09-20 14:22:27]   Paper 1/1 in batch (10_1111_1365_2435_14696)...
[2026-09-20 14:22:28] Batch 556/1861 done (1/1 papers succeeded).
[2026-09-20 14:22:28] Batch 557/1861 (papers 557-557): running reproducibility_check on 1 paper(s), one at a time...
[2026-09-20 14:22:28]   Paper 1/1 in batch (10_1111_1365_2435_14697)...
[2026-09-20 14:23:14] Batch 557/1861 done (1/1 papers succeeded).
[2026-09-20 14:23:14] Batch 558/1861 (papers 558-558): running reproducibility_check on 1 paper(s), one at a time...
[2026-09-20 14:23:14]   Paper 1/1 in batch (10_1111_1365_2435_14703)...
[2026-09-20 14:23:23] Batch 558/1861 done (1/1 papers succeeded).
[2026-09-20 14:23:23] Batch 559/1861 (papers 559-559): running reproducibility_check on 1 paper(s), one at a time...
[2026-09-20 14:23:23]   Paper 1/1 in batch (10_1111_1365_2435_14708)...
[2026-09-20 14:24:09] Batch 559/1861 done (1/1 papers succeeded).
[2026-09-20 14:24:09] Batch 560/1861 (papers 560-560): running reproducibility_check on 1 paper(s), one at a time...
[2026-09-20 14:24:09]   Paper 1/1 in batch (10_1111_1365_2435_14709)...
[2026-09-20 14:24:15] Batch 560/1861 done (1/1 papers succeeded).
[2026-09-20 14:24:15] Batch 561/1861 (papers 561-561): running reproducibility_check on 1 paper(s), one at a time...
[2026-09-20 14:24:15]   Paper 1/1 in batch (10_1111_1365_2435_14712)...
Waiting 2s for retry backoff ■■■■■■■■■■■■■■■■                
Waiting 2s for retry backoff ■■■■■■■■■■■■■■■■■■■■■■■■■■■■■■■ 
Waiting 4s for retry backoff ■■■■■■■■                        
Waiting 4s for retry backoff ■■■■■■■■■■■■■■■■■■■■■■■■■■■■■■  
Waiting 4s for retry backoff ■■■■■■■■■■■■■■■■■■■■■■■■■■■■■■■ 
[2026-09-20 14:24:26] Batch 561/1861 done (1/1 papers succeeded).
[2026-09-20 14:24:26] Batch 562/1861 (papers 562-562): running reproducibility_check on 1 paper(s), one at a time...
[2026-09-20 14:24:26]   Paper 1/1 in batch (10_1111_1365_2435_14714)...
[repro] execute = TRUE (sandbox = docker). install_missing = TRUE, timeout = 3000s, keep_sandbox = FALSE
[repro] sandbox root: C:\Users\dlakens\AppData\Local\Temp\RtmpaqOq5E\repro_sandbox_7507bb86ad7
[repro] docker image: ghcr.io/scienceverse/metacheck_r:latest
[repro] materialising Psych-DS layout from plan (8 plan rows) ...
[repro]   materialised 14/15 files.
[repro] writing 1 rewritten script(s) into the layout ...
[repro]   wrote 1 script(s).
[repro] installing 5 dependenc(y/ies): beepr, FD, ggcorrplot, tidyr, vegan
[repro]   install done: 5 ok, 0 failed.
[repro] skipping (missing inputs): R_Code_for_Procrustes.R
[repro] running 1 script(s) in order: R_Code_for_Procrustes.R
[repro] execution finished (pass 1). outcomes: R_Code_for_Procrustes.R=skipped_missing_inputs
[2026-09-20 14:25:00] Batch 562/1861 done (1/1 papers succeeded).
[2026-09-20 14:25:00] Batch 563/1861 (papers 563-563): running reproducibility_check on 1 paper(s), one at a time...
[2026-09-20 14:25:00]   Paper 1/1 in batch (10_1111_1365_2435_14715)...
[2026-09-20 14:25:11] Batch 563/1861 done (1/1 papers succeeded).
[2026-09-20 14:25:11] Batch 564/1861 (papers 564-564): running reproducibility_check on 1 paper(s), one at a time...
[2026-09-20 14:25:11]   Paper 1/1 in batch (10_1111_1365_2435_14724)...
[2026-09-20 14:25:14] Batch 564/1861 done (1/1 papers succeeded).
[2026-09-20 14:25:14] Batch 565/1861 (papers 565-565): running reproducibility_check on 1 paper(s), one at a time...
[2026-09-20 14:25:14]   Paper 1/1 in batch (10_1111_1365_2435_14727)...
[repro] execute = TRUE (sandbox = docker). install_missing = TRUE, timeout = 3000s, keep_sandbox = FALSE
[repro] sandbox root: C:\Users\dlakens\AppData\Local\Temp\RtmpaqOq5E\repro_sandbox_750602c1097
[repro] docker image: ghcr.io/scienceverse/metacheck_r:latest
[repro] materialising Psych-DS layout from plan (23 plan rows) ...
[repro]   materialised 35/39 files.
[repro] writing 3 rewritten script(s) into the layout ...
[repro]   wrote 3 script(s).
[repro] installing 9 dependenc(y/ies): car, dplyr, easystats, emmeans, ggeffects, ggplot2, ggpubr, glmmTMB, tidyr
[repro]   install done: 0 ok, 9 failed.
[repro] skipping (missing inputs): 1.data_format.Rmd
[repro] running 3 script(s) in order: 1.data_format.Rmd -> 2.analyses.Rmd -> 3.figures.Rmd
[repro/docker]   -> running '2.analyses.Rmd' (timeout 3000s) ...
[repro/docker]   <- '2.analyses.Rmd' done in 4.8s
[repro/docker]   -> running '3.figures.Rmd' (timeout 3000s) ...
[repro/docker]   <- '3.figures.Rmd' done in 1.5s
[repro] execution finished (pass 1). outcomes: 1.data_format.Rmd=skipped_missing_inputs; 2.analyses.Rmd=errored; 3.figures.Rmd=errored
[repro] extracted statistical output from 1 script(s)' console output.
[2026-09-20 14:27:43] Batch 565/1861 done (1/1 papers succeeded).
[2026-09-20 14:27:43] Batch 566/1861 (papers 566-566): running reproducibility_check on 1 paper(s), one at a time...
[2026-09-20 14:27:43]   Paper 1/1 in batch (10_1111_1365_2435_14729)...
[2026-09-20 14:27:49] Batch 566/1861 done (1/1 papers succeeded).
[2026-09-20 14:27:49] Batch 567/1861 (papers 567-567): running reproducibility_check on 1 paper(s), one at a time...
[2026-09-20 14:27:49]   Paper 1/1 in batch (10_1111_1365_2435_14731)...
[repro] execute = TRUE (sandbox = docker). install_missing = TRUE, timeout = 3000s, keep_sandbox = FALSE
[repro] sandbox root: C:\Users\dlakens\AppData\Local\Temp\RtmpaqOq5E\repro_sandbox_75027e849fc
[repro] docker image: ghcr.io/scienceverse/metacheck_r:latest
[repro] materialising Psych-DS layout from plan (12 plan rows) ...
[repro]   materialised 10/12 files.
[repro] writing 1 rewritten script(s) into the layout ...
[repro]   wrote 1 script(s).
[repro] installing 11 dependenc(y/ies): ape, bayestestR, brms, ggplot2, lmerTest, lubridate, phylolm, phytools, sjPlot, stringr, tidyverse
[repro]   install done: 11 ok, 0 failed.
[repro] skipping (missing inputs): Code_Mouton_et_al_NuthatchResinMS.R
[repro] running 1 script(s) in order: Code_Mouton_et_al_NuthatchResinMS.R
[repro] execution finished (pass 1). outcomes: Code_Mouton_et_al_NuthatchResinMS.R=not_parsed
[2026-09-20 14:28:55] Batch 567/1861 done (1/1 papers succeeded).
[2026-09-20 14:28:55] Batch 568/1861 (papers 568-568): running reproducibility_check on 1 paper(s), one at a time...
[2026-09-20 14:28:55]   Paper 1/1 in batch (10_1111_1365_2435_14733)...
[2026-09-20 14:29:02] Batch 568/1861 done (1/1 papers succeeded).
[2026-09-20 14:29:02] Batch 569/1861 (papers 569-569): running reproducibility_check on 1 paper(s), one at a time...
[2026-09-20 14:29:02]   Paper 1/1 in batch (10_1111_1365_2656_12633)...
[2026-09-20 14:29:04] Batch 569/1861 done (1/1 papers succeeded).
[2026-09-20 14:29:04] Batch 570/1861 (papers 570-570): running reproducibility_check on 1 paper(s), one at a time...
[2026-09-20 14:29:04]   Paper 1/1 in batch (10_1111_1365_2656_12638)...
[2026-09-20 14:29:06] Batch 570/1861 done (1/1 papers succeeded).
[2026-09-20 14:29:06] Batch 571/1861 (papers 571-571): running reproducibility_check on 1 paper(s), one at a time...
[2026-09-20 14:29:06]   Paper 1/1 in batch (10_1111_1365_2656_12639)...
[2026-09-20 14:29:08] Batch 571/1861 done (1/1 papers succeeded).
[2026-09-20 14:29:08] Batch 572/1861 (papers 572-572): running reproducibility_check on 1 paper(s), one at a time...
[2026-09-20 14:29:08]   Paper 1/1 in batch (10_1111_1365_2656_12640)...
[repro] execute = TRUE (sandbox = docker). install_missing = TRUE, timeout = 3000s, keep_sandbox = FALSE
[repro] sandbox root: C:\Users\dlakens\AppData\Local\Temp\RtmpaqOq5E\repro_sandbox_750231265
[repro] docker image: ghcr.io/scienceverse/metacheck_r:latest
[repro] materialising Psych-DS layout from plan (7 plan rows) ...
[repro]   materialised 6/7 files.
[repro] writing 1 rewritten script(s) into the layout ...
[repro]   wrote 1 script(s).
[repro] installing 10 dependenc(y/ies): arm, Cairo, cowplot, ggplot2, gridExtra, lme4, lmerTest, plyr, Rcpp, scales
[repro]   install done: 10 ok, 0 failed.
[repro] running 1 script(s) in order: arrival_early_late.R
[repro/docker]   -> running 'arrival_early_late.R' (timeout 3000s) ...
[repro/docker]   <- 'arrival_early_late.R' done in 6.8s
[repro] execution finished (pass 1). outcomes: arrival_early_late.R=errored
[repro] extracted statistical output from 1 script(s)' console output.
[2026-09-20 14:30:20] Batch 572/1861 done (1/1 papers succeeded).
[2026-09-20 14:30:20] Batch 573/1861 (papers 573-573): running reproducibility_check on 1 paper(s), one at a time...
[2026-09-20 14:30:20]   Paper 1/1 in batch (10_1111_1365_2656_12651)...
1 file in https://doi.org/10.5061/dryad.jr48p exceeded the 100 MB per-file limit and was skipped (the rest of the repository was downloaded). Largest: raw logger records.csv (118 MB). Raise max_file_size to include them.
1 file in https://doi.org/10.5061/dryad.jr48p exceeded the 100 MB per-file limit and was skipped (the rest of the repository was downloaded). Largest: raw logger records.csv (118 MB). Raise max_file_size to include them.
[2026-09-20 14:30:29] Batch 573/1861 done (1/1 papers succeeded).
[2026-09-20 14:30:29] Batch 574/1861 (papers 574-574): running reproducibility_check on 1 paper(s), one at a time...
[2026-09-20 14:30:29]   Paper 1/1 in batch (10_1111_1365_2656_12654)...
[2026-09-20 14:30:31] Batch 574/1861 done (1/1 papers succeeded).
[2026-09-20 14:30:31] Batch 575/1861 (papers 575-575): running reproducibility_check on 1 paper(s), one at a time...
[2026-09-20 14:30:31]   Paper 1/1 in batch (10_1111_1365_2656_12657)...
[2026-09-20 14:30:33] Batch 575/1861 done (1/1 papers succeeded).
[2026-09-20 14:30:33] Batch 576/1861 (papers 576-576): running reproducibility_check on 1 paper(s), one at a time...
[2026-09-20 14:30:33]   Paper 1/1 in batch (10_1111_1365_2656_12658)...
[2026-09-20 14:30:34] Batch 576/1861 done (1/1 papers succeeded).
[2026-09-20 14:30:34] Batch 577/1861 (papers 577-577): running reproducibility_check on 1 paper(s), one at a time...
[2026-09-20 14:30:34]   Paper 1/1 in batch (10_1111_1365_2656_12671)...
[2026-09-20 14:30:35] Batch 577/1861 done (1/1 papers succeeded).
[2026-09-20 14:30:35] Batch 578/1861 (papers 578-578): running reproducibility_check on 1 paper(s), one at a time...
[2026-09-20 14:30:35]   Paper 1/1 in batch (10_1111_1365_2656_12672)...
[2026-09-20 14:30:36] Batch 578/1861 done (1/1 papers succeeded).
[2026-09-20 14:30:36] Batch 579/1861 (papers 579-579): running reproducibility_check on 1 paper(s), one at a time...
[2026-09-20 14:30:36]   Paper 1/1 in batch (10_1111_1365_2656_12673)...
Waiting 2s for retry backoff ■■■■■■■■■■■■■■■■                
Waiting 2s for retry backoff ■■■■■■■■■■■■■■■■■■■■■■■■■■■■■   
Waiting 4s for retry backoff ■■■■■■■■                        
Waiting 4s for retry backoff ■■■■■■■■■■■■■■■■■■■■■■■         
Waiting 4s for retry backoff ■■■■■■■■■■■■■■■■■■■■■■■■■■■■■■  
[2026-09-20 14:30:45] Batch 579/1861 done (1/1 papers succeeded).
[2026-09-20 14:30:45] Batch 580/1861 (papers 580-580): running reproducibility_check on 1 paper(s), one at a time...
[2026-09-20 14:30:45]   Paper 1/1 in batch (10_1111_1365_2656_12678)...
[2026-09-20 14:30:47] Batch 580/1861 done (1/1 papers succeeded).
[2026-09-20 14:30:47] Batch 581/1861 (papers 581-581): running reproducibility_check on 1 paper(s), one at a time...
[2026-09-20 14:30:47]   Paper 1/1 in batch (10_1111_1365_2656_12686)...
[2026-09-20 14:30:54] Batch 581/1861 done (1/1 papers succeeded).
[2026-09-20 14:30:54] Batch 582/1861 (papers 582-582): running reproducibility_check on 1 paper(s), one at a time...
[2026-09-20 14:30:54]   Paper 1/1 in batch (10_1111_1365_2656_12687)...
[2026-09-20 14:31:05] Batch 582/1861 done (1/1 papers succeeded).
[2026-09-20 14:31:05] Batch 583/1861 (papers 583-583): running reproducibility_check on 1 paper(s), one at a time...
[2026-09-20 14:31:05]   Paper 1/1 in batch (10_1111_1365_2656_12689)...
[2026-09-20 14:31:13] Batch 583/1861 done (1/1 papers succeeded).
[2026-09-20 14:31:13] Batch 584/1861 (papers 584-584): running reproducibility_check on 1 paper(s), one at a time...
[2026-09-20 14:31:13]   Paper 1/1 in batch (10_1111_1365_2656_12693)...
[2026-09-20 14:31:14] Batch 584/1861 done (1/1 papers succeeded).
[2026-09-20 14:31:14] Batch 585/1861 (papers 585-585): running reproducibility_check on 1 paper(s), one at a time...
[2026-09-20 14:31:14]   Paper 1/1 in batch (10_1111_1365_2656_12696)...
[2026-09-20 14:31:16] Batch 585/1861 done (1/1 papers succeeded).
[2026-09-20 14:31:16] Batch 586/1861 (papers 586-586): running reproducibility_check on 1 paper(s), one at a time...
[2026-09-20 14:31:16]   Paper 1/1 in batch (10_1111_1365_2656_12702)...
[2026-09-20 14:31:17] Batch 586/1861 done (1/1 papers succeeded).
[2026-09-20 14:31:17] Batch 587/1861 (papers 587-587): running reproducibility_check on 1 paper(s), one at a time...
[2026-09-20 14:31:17]   Paper 1/1 in batch (10_1111_1365_2656_12706)...
Waiting 2s for retry backoff ■■■■■■■■■■■■■■■■                
Waiting 2s for retry backoff ■■■■■■■■■■■■■■■■■■■■■■■■■■■■■■■ 
Waiting 4s for retry backoff ■■■■■■■■■■■■■■                  
Waiting 4s for retry backoff ■■■■■■■■■■■■■■■■■■■■■■■■■■■■■■  
[2026-09-20 14:31:26] Batch 587/1861 done (1/1 papers succeeded).
[2026-09-20 14:31:26] Batch 588/1861 (papers 588-588): running reproducibility_check on 1 paper(s), one at a time...
[2026-09-20 14:31:26]   Paper 1/1 in batch (10_1111_1365_2656_12712)...
[2026-09-20 14:31:29] Batch 588/1861 done (1/1 papers succeeded).
[2026-09-20 14:31:29] Batch 589/1861 (papers 589-589): running reproducibility_check on 1 paper(s), one at a time...
[2026-09-20 14:31:29]   Paper 1/1 in batch (10_1111_1365_2656_12718)...
[2026-09-20 14:31:30] Batch 589/1861 done (1/1 papers succeeded).
[2026-09-20 14:31:30] Batch 590/1861 (papers 590-590): running reproducibility_check on 1 paper(s), one at a time...
[2026-09-20 14:31:30]   Paper 1/1 in batch (10_1111_1365_2656_12726)...
[2026-09-20 14:31:34] Batch 590/1861 done (1/1 papers succeeded).
[2026-09-20 14:31:34] Batch 591/1861 (papers 591-591): running reproducibility_check on 1 paper(s), one at a time...
[2026-09-20 14:31:34]   Paper 1/1 in batch (10_1111_1365_2656_12727)...
[2026-09-20 14:31:36] Batch 591/1861 done (1/1 papers succeeded).
[2026-09-20 14:31:36] Batch 592/1861 (papers 592-592): running reproducibility_check on 1 paper(s), one at a time...
[2026-09-20 14:31:36]   Paper 1/1 in batch (10_1111_1365_2656_12729)...
[2026-09-20 14:31:37] Batch 592/1861 done (1/1 papers succeeded).
[2026-09-20 14:31:37] Batch 593/1861 (papers 593-593): running reproducibility_check on 1 paper(s), one at a time...
[2026-09-20 14:31:37]   Paper 1/1 in batch (10_1111_1365_2656_12730)...
[2026-09-20 14:31:38] Batch 593/1861 done (1/1 papers succeeded).
[2026-09-20 14:31:38] Batch 594/1861 (papers 594-594): running reproducibility_check on 1 paper(s), one at a time...
[2026-09-20 14:31:38]   Paper 1/1 in batch (10_1111_1365_2656_12731)...
Waiting 2s for retry backoff ■■■■■■■■■■■■■■■■                
Waiting 2s for retry backoff ■■■■■■■■■■■■■■■■■■■■■■■■■■■■■■■ 
Waiting 4s for retry backoff ■■■■■■■■■■                      
Waiting 4s for retry backoff ■■■■■■■■■■■■■■■■■■■■■■■■■■■■■■■ 
[2026-09-20 14:31:48] Batch 594/1861 done (1/1 papers succeeded).
[2026-09-20 14:31:48] Batch 595/1861 (papers 595-595): running reproducibility_check on 1 paper(s), one at a time...
[2026-09-20 14:31:48]   Paper 1/1 in batch (10_1111_1365_2656_12732)...
[2026-09-20 14:31:56] Batch 595/1861 done (1/1 papers succeeded).
[2026-09-20 14:31:56] Batch 596/1861 (papers 596-596): running reproducibility_check on 1 paper(s), one at a time...
[2026-09-20 14:31:56]   Paper 1/1 in batch (10_1111_1365_2656_12740)...
[2026-09-20 14:31:57] Batch 596/1861 done (1/1 papers succeeded).
[2026-09-20 14:31:57] Batch 597/1861 (papers 597-597): running reproducibility_check on 1 paper(s), one at a time...
[2026-09-20 14:31:57]   Paper 1/1 in batch (10_1111_1365_2656_12744)...
[2026-09-20 14:31:59] Batch 597/1861 done (1/1 papers succeeded).
[2026-09-20 14:31:59] Batch 598/1861 (papers 598-598): running reproducibility_check on 1 paper(s), one at a time...
[2026-09-20 14:31:59]   Paper 1/1 in batch (10_1111_1365_2656_12751)...
[2026-09-20 14:32:01] Batch 598/1861 done (1/1 papers succeeded).
[2026-09-20 14:32:01] Batch 599/1861 (papers 599-599): running reproducibility_check on 1 paper(s), one at a time...
[2026-09-20 14:32:01]   Paper 1/1 in batch (10_1111_1365_2656_12762)...
[2026-09-20 14:32:03] Batch 599/1861 done (1/1 papers succeeded).
[2026-09-20 14:32:03] Batch 600/1861 (papers 600-600): running reproducibility_check on 1 paper(s), one at a time...
[2026-09-20 14:32:03]   Paper 1/1 in batch (10_1111_1365_2656_12769)...
[2026-09-20 14:32:08] Batch 600/1861 done (1/1 papers succeeded).
[2026-09-20 14:32:08] Batch 601/1861 (papers 601-601): running reproducibility_check on 1 paper(s), one at a time...
[2026-09-20 14:32:08]   Paper 1/1 in batch (10_1111_1365_2656_12775)...
[2026-09-20 14:32:09] Batch 601/1861 done (1/1 papers succeeded).
[2026-09-20 14:32:09] Batch 602/1861 (papers 602-602): running reproducibility_check on 1 paper(s), one at a time...
[2026-09-20 14:32:09]   Paper 1/1 in batch (10_1111_1365_2656_12779)...
[2026-09-20 14:32:11] Batch 602/1861 done (1/1 papers succeeded).
[2026-09-20 14:32:11] Batch 603/1861 (papers 603-603): running reproducibility_check on 1 paper(s), one at a time...
[2026-09-20 14:32:11]   Paper 1/1 in batch (10_1111_1365_2656_12784)...
[repro] execute = TRUE (sandbox = docker). install_missing = TRUE, timeout = 3000s, keep_sandbox = FALSE
[repro] sandbox root: C:\Users\dlakens\AppData\Local\Temp\RtmpaqOq5E\repro_sandbox_750628e5234
[repro] docker image: ghcr.io/scienceverse/metacheck_r:latest
[repro] materialising Psych-DS layout from plan (8 plan rows) ...
[repro]   materialised 2/8 files.
[repro] writing 2 rewritten script(s) into the layout ...
[repro]   wrote 2 script(s).
[repro] installing 14 dependenc(y/ies): ade4, ape, data.table, DESeq2, dplyr, ggplot2, gridExtra, phyloseq, plyr, reshape2, scales, stringr, tidyr, vegan
[repro]   install done: 0 ok, 14 failed.
[repro] running 2 script(s) in order: miseqR.R -> migrant_resident_analysis.R
[repro/docker]   -> running 'miseqR.R' (timeout 3000s) ...
[repro/docker]   <- 'miseqR.R' done in 0.6s
[repro/docker]   -> running 'migrant_resident_analysis.R' (timeout 3000s) ...
[repro/docker]   <- 'migrant_resident_analysis.R' done in 0.5s
[repro] execution finished (pass 1). outcomes: miseqR.R=ran_ok; migrant_resident_analysis.R=errored
[repro] extracted statistical output from 1 script(s)' console output.
[2026-09-20 14:32:37] Batch 603/1861 done (1/1 papers succeeded).
[2026-09-20 14:32:37] Batch 604/1861 (papers 604-604): running reproducibility_check on 1 paper(s), one at a time...
[2026-09-20 14:32:37]   Paper 1/1 in batch (10_1111_1365_2656_12787)...
[2026-09-20 14:32:44] Batch 604/1861 done (1/1 papers succeeded).
[2026-09-20 14:32:44] Batch 605/1861 (papers 605-605): running reproducibility_check on 1 paper(s), one at a time...
[2026-09-20 14:32:44]   Paper 1/1 in batch (10_1111_1365_2656_12789)...
[2026-09-20 14:32:47] Batch 605/1861 done (1/1 papers succeeded).
[2026-09-20 14:32:47] Batch 606/1861 (papers 606-606): running reproducibility_check on 1 paper(s), one at a time...
[2026-09-20 14:32:47]   Paper 1/1 in batch (10_1111_1365_2656_12794)...
[2026-09-20 14:32:48] Batch 606/1861 done (1/1 papers succeeded).
[2026-09-20 14:32:48] Batch 607/1861 (papers 607-607): running reproducibility_check on 1 paper(s), one at a time...
[2026-09-20 14:32:48]   Paper 1/1 in batch (10_1111_1365_2656_12795)...
Waiting 2s for retry backoff ■■■■■■■■■■■■■■■■                
Waiting 2s for retry backoff ■■■■■■■■■■■■■■■■■■■■■■■■■■■■■■■ 
Waiting 4s for retry backoff ■■■■■■■■■■                      
Waiting 4s for retry backoff ■■■■■■■■■■■■■■■■■■■■■■■■■■■■■■■ 
[2026-09-20 14:33:06] Batch 607/1861 done (1/1 papers succeeded).
[2026-09-20 14:33:06] Batch 608/1861 (papers 608-608): running reproducibility_check on 1 paper(s), one at a time...
[2026-09-20 14:33:06]   Paper 1/1 in batch (10_1111_1365_2656_12800)...
Waiting 2s for retry backoff ■■■■■■■■■■■■■■■■                
Waiting 2s for retry backoff ■■■■■■■■■■■■■■■■■■■■■■■■■■■■■■■ 
Waiting 4s for retry backoff ■■■■■■■■                        
Waiting 4s for retry backoff ■■■■■■■■■■■■■■■■■■■■■■■■■■■■■■■ 
[2026-09-20 14:33:15] Batch 608/1861 done (1/1 papers succeeded).
[2026-09-20 14:33:15] Batch 609/1861 (papers 609-609): running reproducibility_check on 1 paper(s), one at a time...
[2026-09-20 14:33:15]   Paper 1/1 in batch (10_1111_1365_2656_12808)...
[2026-09-20 14:33:22] Batch 609/1861 done (1/1 papers succeeded).
[2026-09-20 14:33:22] Batch 610/1861 (papers 610-610): running reproducibility_check on 1 paper(s), one at a time...
[2026-09-20 14:33:22]   Paper 1/1 in batch (10_1111_1365_2656_12812)...
[repro] execute = TRUE (sandbox = docker). install_missing = TRUE, timeout = 3000s, keep_sandbox = FALSE
[repro] sandbox root: C:\Users\dlakens\AppData\Local\Temp\RtmpaqOq5E\repro_sandbox_750a2b1cad
[repro] docker image: ghcr.io/scienceverse/metacheck_r:latest
[repro] materialising Psych-DS layout from plan (48 plan rows) ...
[repro]   materialised 1/48 files.
[repro] writing 22 rewritten script(s) into the layout ...
[repro]   wrote 22 script(s).
[repro] installing 11 dependenc(y/ies): arm, ca, dismo, dplyr, knitr, lme4, lmerTest, NicheMapR, plyr, stringr, zoo
[repro]   install done: 10 ok, 1 failed.
[repro] skipping (missing inputs): Final MS figures.R, Microclimate Simulation2.Rmd, collate and summarise ibutton data.R, collate and summarise weather.R, seasonal activity potential.R
[repro] running 22 script(s) in order: activity analysis.R -> bar.R -> collate and summarise ibutton data.R -> burrow humidity analysis.R -> burrow temperature analysis.R -> burrow vapour density analysis.R -> collate and summarise weather.R -> burrow humidity figures.R -> burrow temperature figures.R -> burrow vapour density figures.R -> collate daily activity.R -> activity figures dusk dawn separate.R -> activity figures.R -> compare soil and burrow temps.R -> get climate change.R -> operative temperature analysis.R -> polylims.R -> Microclimate Simulation2.Rmd -> Final MS figures.R -> operative temperature figures.R -> seasonal activity potential.R -> soil temperature figures.R
[repro/docker]   -> running 'activity analysis.R' (timeout 3000s) ...
[repro/docker]   <- 'activity analysis.R' done in 0.6s
[repro/docker]   -> running 'bar.R' (timeout 3000s) ...
[repro/docker]   <- 'bar.R' done in 0.5s
[repro/docker]   -> running 'burrow humidity analysis.R' (timeout 3000s) ...
[repro/docker]   <- 'burrow humidity analysis.R' done in 0.5s
[repro/docker]   -> running 'burrow temperature analysis.R' (timeout 3000s) ...
[repro/docker]   <- 'burrow temperature analysis.R' done in 0.6s
[repro/docker]   -> running 'burrow vapour density analysis.R' (timeout 3000s) ...
[repro/docker]   <- 'burrow vapour density analysis.R' done in 0.6s
[repro/docker]   -> running 'burrow humidity figures.R' (timeout 3000s) ...
[repro/docker]   <- 'burrow humidity figures.R' done in 0.9s
[repro/docker]   -> running 'burrow temperature figures.R' (timeout 3000s) ...
[repro/docker]   <- 'burrow temperature figures.R' done in 0.9s
[repro/docker]   -> running 'burrow vapour density figures.R' (timeout 3000s) ...
[repro/docker]   <- 'burrow vapour density figures.R' done in 1.1s
[repro/docker]   -> running 'collate daily activity.R' (timeout 3000s) ...
[repro/docker]   <- 'collate daily activity.R' done in 0.7s
[repro/docker]   -> running 'activity figures dusk dawn separate.R' (timeout 3000s) ...
[repro/docker]   <- 'activity figures dusk dawn separate.R' done in 0.7s
[repro/docker]   -> running 'activity figures.R' (timeout 3000s) ...
[repro/docker]   <- 'activity figures.R' done in 0.5s
[repro/docker]   -> running 'compare soil and burrow temps.R' (timeout 3000s) ...
[repro/docker]   <- 'compare soil and burrow temps.R' done in 0.5s
[repro/docker]   -> running 'get climate change.R' (timeout 3000s) ...
[repro/docker]   <- 'get climate change.R' done in 3.8s
[repro/docker]   -> running 'operative temperature analysis.R' (timeout 3000s) ...
[repro/docker]   <- 'operative temperature analysis.R' done in 2.7s
[repro/docker]   -> running 'polylims.R' (timeout 3000s) ...
[repro/docker]   <- 'polylims.R' done in 0.5s
[repro/docker]   -> running 'operative temperature figures.R' (timeout 3000s) ...
[repro/docker]   <- 'operative temperature figures.R' done in 1.1s
[repro/docker]   -> running 'soil temperature figures.R' (timeout 3000s) ...
[repro/docker]   <- 'soil temperature figures.R' done in 0.6s
[repro] execution finished (pass 1). outcomes: activity analysis.R=errored; bar.R=ran_ok; collate and summarise ibutton data.R=skipped_missing_inputs; burrow humidity analysis.R=errored; burrow temperature analysis.R=errored; burrow vapour density analysis.R=errored; collate and summarise weather.R=skipped_missing_inputs; burrow humidity figures.R=errored; burrow temperature figures.R=errored; burrow vapour density figures.R=errored; collate daily activity.R=errored; activity figures dusk dawn separate.R=errored; activity figures.R=errored; compare soil and burrow temps.R=errored; get climate change.R=errored; operative temperature analysis.R=errored; polylims.R=ran_ok; Microclimate Simulation2.Rmd=skipped_missing_inputs; Final MS figures.R=skipped_missing_inputs; operative temperature figures.R=errored; seasonal activity potential.R=skipped_missing_inputs; soil temperature figures.R=errored
[repro] extracted statistical output from 4 script(s)' console output.
[2026-09-20 14:35:22] Batch 610/1861 done (1/1 papers succeeded).
[2026-09-20 14:35:22] Batch 611/1861 (papers 611-611): running reproducibility_check on 1 paper(s), one at a time...
[2026-09-20 14:35:22]   Paper 1/1 in batch (10_1111_1365_2656_12820)...
[2026-09-20 14:35:31] Batch 611/1861 done (1/1 papers succeeded).
[2026-09-20 14:35:31] Batch 612/1861 (papers 612-612): running reproducibility_check on 1 paper(s), one at a time...
[2026-09-20 14:35:31]   Paper 1/1 in batch (10_1111_1365_2656_12828)...
Downloading https://github.com/colford/nbgw-plant-illumina-pipeline as zip (1 file)...
[2026-09-20 14:35:58] Batch 612/1861 done (1/1 papers succeeded).
[2026-09-20 14:35:58] Batch 613/1861 (papers 613-613): running reproducibility_check on 1 paper(s), one at a time...
[2026-09-20 14:35:58]   Paper 1/1 in batch (10_1111_1365_2656_12831)...
Downloading https://github.com/sjbeckett/weighted-modularity-LPAwbPLUS as zip (20 files)...
Downloading https://github.com/sjbeckett/weighted-modularity-LPAwbPLUS as zip (4 files)...
[repro] execute = TRUE (sandbox = docker). install_missing = TRUE, timeout = 3000s, keep_sandbox = FALSE
[repro] sandbox root: C:\Users\dlakens\AppData\Local\Temp\RtmpaqOq5E\repro_sandbox_750741a13b8
[repro] docker image: ghcr.io/scienceverse/metacheck_r:latest
[repro] materialising Psych-DS layout from plan (674 plan rows) ...
[repro]   materialised 621/676 files.
[repro] writing 24 rewritten script(s) into the layout ...
[repro]   wrote 24 script(s).
[repro] installing 1 dependenc(y/ies): bipartite
[repro]   install done: 1 ok, 0 failed.
[repro] skipping (missing inputs): Analysis.R, NMICHANGEQPLOT.R, PLOTTINGNETWORKMODULES.R
[repro] running 24 script(s) in order: convert2moduleWeb.R -> AverageTimingPlot.R -> boxplots.R -> GetModularInformation.R -> LPA_wb_plus.R -> LPA_wb_plus.R -> LPA_wb_plusblock.R -> EXPERIMENT_doesBlock_matter.R -> MaximumBipartiteModularity.R -> MaximumMedianQ.R -> MODULARPLOT.R -> negativebinomialhistograms.R -> NegativeBinomialTest.R -> NormalisedMutualInformation.R -> Analysis.R -> NMICHANGEQPLOT.R -> PLOTTINGNETWORKMODULES.R -> QrvsQw.R -> RunComparison.R -> ModularityCompSpecialisation.R -> ModularityPlots.R -> syntheticEnsemblePreparation.R -> syntheticEnsemble.R -> workflow.R
[repro/docker]   -> running 'convert2moduleWeb.R' (timeout 3000s) ...
[repro/docker]   <- 'convert2moduleWeb.R' done in 0.5s
[repro/docker]   -> running 'AverageTimingPlot.R' (timeout 3000s) ...
[repro/docker]   <- 'AverageTimingPlot.R' done in 0.8s
[repro/docker]   -> running 'boxplots.R' (timeout 3000s) ...
[repro/docker]   <- 'boxplots.R' done in 0.6s
[repro/docker]   -> running 'GetModularInformation.R' (timeout 3000s) ...
[repro/docker]   <- 'GetModularInformation.R' done in 0.5s
[repro/docker]   -> running 'LPA_wb_plus.R' (timeout 3000s) ...
[repro/docker]   <- 'LPA_wb_plus.R' done in 0.6s
[repro/docker]   -> running 'LPA_wb_plus.R' (timeout 3000s) ...
[repro/docker]   <- 'LPA_wb_plus.R' done in 0.6s
[repro/docker]   -> running 'LPA_wb_plusblock.R' (timeout 3000s) ...
[repro/docker]   <- 'LPA_wb_plusblock.R' done in 0.5s
[repro/docker]   -> running 'EXPERIMENT_doesBlock_matter.R' (timeout 3000s) ...
[repro/docker]   <- 'EXPERIMENT_doesBlock_matter.R' done in 215.7s
[repro/docker]   -> running 'MaximumBipartiteModularity.R' (timeout 3000s) ...
[repro/docker]   <- 'MaximumBipartiteModularity.R' done in 0.8s
[repro/docker]   -> running 'MaximumMedianQ.R' (timeout 3000s) ...
[repro/docker]   <- 'MaximumMedianQ.R' done in 1s
[repro/docker]   -> running 'MODULARPLOT.R' (timeout 3000s) ...
[repro/docker]   <- 'MODULARPLOT.R' done in 0.8s
[repro/docker]   -> running 'negativebinomialhistograms.R' (timeout 3000s) ...
[repro/docker]   <- 'negativebinomialhistograms.R' done in 0.9s
[repro/docker]   -> running 'NegativeBinomialTest.R' (timeout 3000s) ...
[repro/docker]   <- 'NegativeBinomialTest.R' done in 3.6s
[repro/docker]   -> running 'NormalisedMutualInformation.R' (timeout 3000s) ...
[repro/docker]   <- 'NormalisedMutualInformation.R' done in 1.1s
[repro/docker]   -> running 'QrvsQw.R' (timeout 3000s) ...
[repro/docker]   <- 'QrvsQw.R' done in 1.2s
[repro/docker]   -> running 'RunComparison.R' (timeout 3000s) ...
[repro/docker]   <- 'RunComparison.R' done in 3048s
[repro/docker]   -> running 'ModularityCompSpecialisation.R' (timeout 3000s) ...
[repro/docker]   <- 'ModularityCompSpecialisation.R' done in 30s
[repro/docker]   -> running 'ModularityPlots.R' (timeout 3000s) ...
[repro/docker]   <- 'ModularityPlots.R' done in 2.1s
[repro/docker]   -> running 'syntheticEnsemblePreparation.R' (timeout 3000s) ...
[repro/docker]   <- 'syntheticEnsemblePreparation.R' done in 9.3s
[repro/docker]   -> running 'syntheticEnsemble.R' (timeout 3000s) ...
[repro/docker]   <- 'syntheticEnsemble.R' done in 368s
[repro/docker]   -> running 'workflow.R' (timeout 3000s) ...
[repro/docker]   <- 'workflow.R' done in 117.3s
[repro] execution finished (pass 1). outcomes: convert2moduleWeb.R=ran_ok; AverageTimingPlot.R=ran_ok; boxplots.R=errored; GetModularInformation.R=ran_ok; LPA_wb_plus.R=ran_ok; LPA_wb_plus.R=ran_ok; LPA_wb_plusblock.R=ran_ok; EXPERIMENT_doesBlock_matter.R=errored; MaximumBipartiteModularity.R=ran_ok; MaximumMedianQ.R=ran_ok; MODULARPLOT.R=ran_ok; negativebinomialhistograms.R=ran_ok; NegativeBinomialTest.R=errored; NormalisedMutualInformation.R=ran_ok; Analysis.R=skipped_missing_inputs; NMICHANGEQPLOT.R=skipped_missing_inputs; PLOTTINGNETWORKMODULES.R=skipped_missing_inputs; QrvsQw.R=errored; RunComparison.R=timed_out; ModularityCompSpecialisation.R=ran_ok; ModularityPlots.R=ran_ok; syntheticEnsemblePreparation.R=ran_ok; syntheticEnsemble.R=errored; workflow.R=errored
[repro] extracted statistical output from 15 script(s)' console output.
[2026-09-20 15:42:41] Batch 613/1861 done (1/1 papers succeeded).
[2026-09-20 15:42:41] Batch 614/1861 (papers 614-614): running reproducibility_check on 1 paper(s), one at a time...
[2026-09-20 15:42:41]   Paper 1/1 in batch (10_1111_1365_2656_12832)...
Waiting 2s for retry backoff ■■■■■■■■■■■■■■                  
Waiting 2s for retry backoff ■■■■■■■■■■■■■■■■■■■■■■■■■■■■■■  
Waiting 4s for retry backoff ■■■■■■■■■                       
Waiting 4s for retry backoff ■■■■■■■■■■■■■■■■■■■■■■■■■■■■■■  
Waiting 4s for retry backoff ■■■■■■■■■■■■■■■■■■■■■■■■■■■■■■■ 
[2026-09-20 15:43:04] Batch 614/1861 done (1/1 papers succeeded).
[2026-09-20 15:43:04] Batch 615/1861 (papers 615-615): running reproducibility_check on 1 paper(s), one at a time...
[2026-09-20 15:43:04]   Paper 1/1 in batch (10_1111_1365_2656_12835)...
[2026-09-20 15:43:07] Batch 615/1861 done (1/1 papers succeeded).
[2026-09-20 15:43:07] Batch 616/1861 (papers 616-616): running reproducibility_check on 1 paper(s), one at a time...
[2026-09-20 15:43:07]   Paper 1/1 in batch (10_1111_1365_2656_12837)...
[2026-09-20 15:43:11] Batch 616/1861 done (1/1 papers succeeded).
[2026-09-20 15:43:11] Batch 617/1861 (papers 617-617): running reproducibility_check on 1 paper(s), one at a time...
[2026-09-20 15:43:11]   Paper 1/1 in batch (10_1111_1365_2656_12839)...
[2026-09-20 15:43:18] Batch 617/1861 done (1/1 papers succeeded).
[2026-09-20 15:43:18] Batch 618/1861 (papers 618-618): running reproducibility_check on 1 paper(s), one at a time...
[2026-09-20 15:43:18]   Paper 1/1 in batch (10_1111_1365_2656_12840)...
[2026-09-20 15:43:25] Batch 618/1861 done (1/1 papers succeeded).
[2026-09-20 15:43:25] Batch 619/1861 (papers 619-619): running reproducibility_check on 1 paper(s), one at a time...
[2026-09-20 15:43:25]   Paper 1/1 in batch (10_1111_1365_2656_12842)...
[2026-09-20 15:43:33] Batch 619/1861 done (1/1 papers succeeded).
[2026-09-20 15:43:33] Batch 620/1861 (papers 620-620): running reproducibility_check on 1 paper(s), one at a time...
[2026-09-20 15:43:33]   Paper 1/1 in batch (10_1111_1365_2656_12843)...
[2026-09-20 15:43:37] Batch 620/1861 done (1/1 papers succeeded).
[2026-09-20 15:43:37] Batch 621/1861 (papers 621-621): running reproducibility_check on 1 paper(s), one at a time...
[2026-09-20 15:43:37]   Paper 1/1 in batch (10_1111_1365_2656_12846)...
[2026-09-20 15:43:39] Batch 621/1861 done (1/1 papers succeeded).
[2026-09-20 15:43:39] Batch 622/1861 (papers 622-622): running reproducibility_check on 1 paper(s), one at a time...
[2026-09-20 15:43:39]   Paper 1/1 in batch (10_1111_1365_2656_12847)...
[2026-09-20 15:43:43] Batch 622/1861 done (1/1 papers succeeded).
[2026-09-20 15:43:43] Batch 623/1861 (papers 623-623): running reproducibility_check on 1 paper(s), one at a time...
[2026-09-20 15:43:43]   Paper 1/1 in batch (10_1111_1365_2656_12852)...
[repro] execute = TRUE (sandbox = docker). install_missing = TRUE, timeout = 3000s, keep_sandbox = FALSE
[repro] sandbox root: C:\Users\dlakens\AppData\Local\Temp\RtmpaqOq5E\repro_sandbox_75055d65254
[repro] docker image: ghcr.io/scienceverse/metacheck_r:latest
[repro] materialising Psych-DS layout from plan (10 plan rows) ...
[repro]   materialised 7/10 files.
[repro] writing 3 rewritten script(s) into the layout ...
[repro]   wrote 3 script(s).
[repro] installing 5 dependenc(y/ies): car, dplyr, gplots, here, rethinking
[repro]   install done: 4 ok, 1 failed.
[repro] running 3 script(s) in order: fitTopModels.R -> modelCompare.R -> simAnalysis.R
[repro/docker]   -> running 'fitTopModels.R' (timeout 3000s) ...
[repro/docker]   <- 'fitTopModels.R' done in 1.3s
[repro/docker]   -> running 'modelCompare.R' (timeout 3000s) ...
[repro/docker]   <- 'modelCompare.R' done in 1.4s
[repro/docker]   -> running 'simAnalysis.R' (timeout 3000s) ...
[repro/docker]   <- 'simAnalysis.R' done in 2.8s
[repro] execution finished (pass 1). outcomes: fitTopModels.R=errored; modelCompare.R=errored; simAnalysis.R=errored
[repro] extracted statistical output from 1 script(s)' console output.
[2026-09-20 15:45:02] Batch 623/1861 done (1/1 papers succeeded).
[2026-09-20 15:45:02] Batch 624/1861 (papers 624-624): running reproducibility_check on 1 paper(s), one at a time...
[2026-09-20 15:45:02]   Paper 1/1 in batch (10_1111_1365_2656_12853)...
[2026-09-20 15:45:12] Batch 624/1861 done (1/1 papers succeeded).
[2026-09-20 15:45:12] Batch 625/1861 (papers 625-625): running reproducibility_check on 1 paper(s), one at a time...
[2026-09-20 15:45:12]   Paper 1/1 in batch (10_1111_1365_2656_12871)...
[2026-09-20 15:45:25] Batch 625/1861 done (1/1 papers succeeded).
[2026-09-20 15:45:25] Batch 626/1861 (papers 626-626): running reproducibility_check on 1 paper(s), one at a time...
[2026-09-20 15:45:25]   Paper 1/1 in batch (10_1111_1365_2656_12877)...
[2026-09-20 15:45:31] Batch 626/1861 done (1/1 papers succeeded).
[2026-09-20 15:45:31] Batch 627/1861 (papers 627-627): running reproducibility_check on 1 paper(s), one at a time...
[2026-09-20 15:45:31]   Paper 1/1 in batch (10_1111_1365_2656_12880)...
[2026-09-20 15:45:34] Batch 627/1861 done (1/1 papers succeeded).
[2026-09-20 15:45:34] Batch 628/1861 (papers 628-628): running reproducibility_check on 1 paper(s), one at a time...
[2026-09-20 15:45:34]   Paper 1/1 in batch (10_1111_1365_2656_12882)...
[2026-09-20 15:45:41] Batch 628/1861 done (1/1 papers succeeded).
[2026-09-20 15:45:41] Batch 629/1861 (papers 629-629): running reproducibility_check on 1 paper(s), one at a time...
[2026-09-20 15:45:41]   Paper 1/1 in batch (10_1111_1365_2656_12886)...
[repro] execute = TRUE (sandbox = docker). install_missing = TRUE, timeout = 3000s, keep_sandbox = FALSE
[repro] sandbox root: C:\Users\dlakens\AppData\Local\Temp\RtmpaqOq5E\repro_sandbox_7502d45602a
[repro] docker image: ghcr.io/scienceverse/metacheck_r:latest
[repro] materialising Psych-DS layout from plan (16 plan rows) ...
[repro]   materialised 7/16 files.
[repro] writing 1 rewritten script(s) into the layout ...
[repro]   wrote 1 script(s).
[repro] installing 8 dependenc(y/ies): ggplot2, gridExtra, Hmisc, lme4, multcomp, ordinal, pgirmess, Rmisc
[repro]   install done: 0 ok, 8 failed.
[repro] running 1 script(s) in order: Felden_et_al_2018.R
[repro/docker]   -> running 'Felden_et_al_2018.R' (timeout 3000s) ...
[repro/docker]   <- 'Felden_et_al_2018.R' done in 3.7s
[repro] execution finished (pass 1). outcomes: Felden_et_al_2018.R=errored
[2026-09-20 15:47:03] Batch 629/1861 done (1/1 papers succeeded).
[2026-09-20 15:47:03] Batch 630/1861 (papers 630-630): running reproducibility_check on 1 paper(s), one at a time...
[2026-09-20 15:47:03]   Paper 1/1 in batch (10_1111_1365_2656_12890)...
[2026-09-20 15:47:20] Batch 630/1861 done (1/1 papers succeeded).
[2026-09-20 15:47:20] Batch 631/1861 (papers 631-631): running reproducibility_check on 1 paper(s), one at a time...
[2026-09-20 15:47:20]   Paper 1/1 in batch (10_1111_1365_2656_12894)...
[2026-09-20 15:47:34] Batch 631/1861 done (1/1 papers succeeded).
[2026-09-20 15:47:34] Batch 632/1861 (papers 632-632): running reproducibility_check on 1 paper(s), one at a time...
[2026-09-20 15:47:34]   Paper 1/1 in batch (10_1111_1365_2656_12900)...
[2026-09-20 15:47:35] Batch 632/1861 done (1/1 papers succeeded).
[2026-09-20 15:47:35] Batch 633/1861 (papers 633-633): running reproducibility_check on 1 paper(s), one at a time...
[2026-09-20 15:47:35]   Paper 1/1 in batch (10_1111_1365_2656_12902)...
[2026-09-20 15:47:38] Batch 633/1861 done (1/1 papers succeeded).
[2026-09-20 15:47:38] Batch 634/1861 (papers 634-634): running reproducibility_check on 1 paper(s), one at a time...
[2026-09-20 15:47:38]   Paper 1/1 in batch (10_1111_1365_2656_12906)...
[2026-09-20 15:47:42] Batch 634/1861 done (1/1 papers succeeded).
[2026-09-20 15:47:42] Batch 635/1861 (papers 635-635): running reproducibility_check on 1 paper(s), one at a time...
[2026-09-20 15:47:42]   Paper 1/1 in batch (10_1111_1365_2656_12908)...
[2026-09-20 15:47:51] Batch 635/1861 done (1/1 papers succeeded).
[2026-09-20 15:47:51] Batch 636/1861 (papers 636-636): running reproducibility_check on 1 paper(s), one at a time...
[2026-09-20 15:47:51]   Paper 1/1 in batch (10_1111_1365_2656_12912)...
[2026-09-20 15:47:55] Batch 636/1861 done (1/1 papers succeeded).
[2026-09-20 15:47:55] Batch 637/1861 (papers 637-637): running reproducibility_check on 1 paper(s), one at a time...
[2026-09-20 15:47:55]   Paper 1/1 in batch (10_1111_1365_2656_12917)...
[2026-09-20 15:47:58] Batch 637/1861 done (1/1 papers succeeded).
[2026-09-20 15:47:58] Batch 638/1861 (papers 638-638): running reproducibility_check on 1 paper(s), one at a time...
[2026-09-20 15:47:58]   Paper 1/1 in batch (10_1111_1365_2656_12918)...
Waiting 2s for retry backoff ■■■■■■■■■■■■■■■■                
Waiting 2s for retry backoff ■■■■■■■■■■■■■■■■■■■■■■■■■■■■■■■ 
Waiting 4s for retry backoff ■■■■■■■■                        
Waiting 4s for retry backoff ■■■■■■■■■■■■■■■■■■■■■■          
Waiting 4s for retry backoff ■■■■■■■■■■■■■■■■■■■■■■■■■■■■■■  
[2026-09-20 15:48:08] Batch 638/1861 done (1/1 papers succeeded).
[2026-09-20 15:48:08] Batch 639/1861 (papers 639-639): running reproducibility_check on 1 paper(s), one at a time...
[2026-09-20 15:48:08]   Paper 1/1 in batch (10_1111_1365_2656_12921)...
[2026-09-20 15:48:09] Batch 639/1861 done (1/1 papers succeeded).
[2026-09-20 15:48:09] Batch 640/1861 (papers 640-640): running reproducibility_check on 1 paper(s), one at a time...
[2026-09-20 15:48:09]   Paper 1/1 in batch (10_1111_1365_2656_12926)...
Waiting 2s for retry backoff ■■■■■■■■■■■■■■■■                
Waiting 2s for retry backoff ■■■■■■■■■■■■■■■■■■■■■■■■■■■■■■■ 
Waiting 4s for retry backoff ■■■■■■■■■                       
Waiting 4s for retry backoff ■■■■■■■■■■■■■■■■■■■■■■■■■■■■■■■ 
[2026-09-20 15:48:18] Batch 640/1861 done (1/1 papers succeeded).
[2026-09-20 15:48:18] Batch 641/1861 (papers 641-641): running reproducibility_check on 1 paper(s), one at a time...
[2026-09-20 15:48:18]   Paper 1/1 in batch (10_1111_1365_2656_12931)...
[repro] execute = TRUE (sandbox = docker). install_missing = TRUE, timeout = 3000s, keep_sandbox = FALSE
[repro] sandbox root: C:\Users\dlakens\AppData\Local\Temp\RtmpaqOq5E\repro_sandbox_7507f451862
[repro] docker image: ghcr.io/scienceverse/metacheck_r:latest
[repro] materialising Psych-DS layout from plan (22 plan rows) ...
[repro]   materialised 3/23 files.
[repro] writing 20 rewritten script(s) into the layout ...
[repro]   wrote 20 script(s).
[repro] installing 5 dependenc(y/ies): asbio, lmodel2, miscTools, moments, mvtnorm
[repro]   install done: 4 ok, 1 failed.
[repro] skipping (missing inputs): empirical_data.R, empirical_plot_temp_vs_spat.R, empirical_predict.R, empirical_regression.R, main_empirical.R, main_simulation.R, main_test_temporal_autocorrelation.R
[repro] running 20 script(s) in order: empirical_data.R -> empirical_hist_count.R -> empirical_TL_slopes.R -> empirical_predict_test_temporal_autocor.R -> empirical_scatter_plot.R -> Fn_averaged_igood.R -> Fn_distributions.R -> Fn_plot_barplot.R -> Fn_plot_check_hold.R -> Fn_simulation.R -> Fn_simulation_regression_analysis.R -> Fn_simulation_temp_vs_spat.R -> Fn_tls.R -> main_simulation.R -> main_test_extended_dimension.R -> main_test_temporal_autocorrelation.R -> empirical_plot_temp_vs_spat.R -> empirical_predict.R -> empirical_regression.R -> main_empirical.R
[repro/docker]   -> running 'empirical_hist_count.R' (timeout 3000s) ...
[repro/docker]   <- 'empirical_hist_count.R' done in 0.8s
[repro/docker]   -> running 'empirical_TL_slopes.R' (timeout 3000s) ...
[repro/docker]   <- 'empirical_TL_slopes.R' done in 0.9s
[repro/docker]   -> running 'empirical_predict_test_temporal_autocor.R' (timeout 3000s) ...
[repro/docker]   <- 'empirical_predict_test_temporal_autocor.R' done in 0.9s
[repro/docker]   -> running 'empirical_scatter_plot.R' (timeout 3000s) ...
[repro/docker]   <- 'empirical_scatter_plot.R' done in 0.9s
[repro/docker]   -> running 'Fn_averaged_igood.R' (timeout 3000s) ...
[repro/docker]   <- 'Fn_averaged_igood.R' done in 0.8s
[repro/docker]   -> running 'Fn_distributions.R' (timeout 3000s) ...
[repro/docker]   <- 'Fn_distributions.R' done in 0.9s
[repro/docker]   -> running 'Fn_plot_barplot.R' (timeout 3000s) ...
[repro/docker]   <- 'Fn_plot_barplot.R' done in 0.9s
[repro/docker]   -> running 'Fn_plot_check_hold.R' (timeout 3000s) ...
[repro/docker]   <- 'Fn_plot_check_hold.R' done in 0.9s
[repro/docker]   -> running 'Fn_simulation.R' (timeout 3000s) ...
[repro/docker]   <- 'Fn_simulation.R' done in 1s
[repro/docker]   -> running 'Fn_simulation_regression_analysis.R' (timeout 3000s) ...
[repro/docker]   <- 'Fn_simulation_regression_analysis.R' done in 0.8s
[repro/docker]   -> running 'Fn_simulation_temp_vs_spat.R' (timeout 3000s) ...
[repro/docker]   <- 'Fn_simulation_temp_vs_spat.R' done in 0.9s
[repro/docker]   -> running 'Fn_tls.R' (timeout 3000s) ...
[repro/docker]   <- 'Fn_tls.R' done in 0.9s
[repro/docker]   -> running 'main_test_extended_dimension.R' (timeout 3000s) ...
[repro/docker]   <- 'main_test_extended_dimension.R' done in 916.7s
[repro] execution finished (pass 1). outcomes: empirical_data.R=skipped_missing_inputs; empirical_hist_count.R=errored; empirical_TL_slopes.R=errored; empirical_predict_test_temporal_autocor.R=errored; empirical_scatter_plot.R=errored; Fn_averaged_igood.R=ran_ok; Fn_distributions.R=ran_ok; Fn_plot_barplot.R=ran_ok; Fn_plot_check_hold.R=ran_ok; Fn_simulation.R=ran_ok; Fn_simulation_regression_analysis.R=ran_ok; Fn_simulation_temp_vs_spat.R=ran_ok; Fn_tls.R=ran_ok; main_simulation.R=skipped_missing_inputs; main_test_extended_dimension.R=errored; main_test_temporal_autocorrelation.R=skipped_missing_inputs; empirical_plot_temp_vs_spat.R=skipped_missing_inputs; empirical_predict.R=skipped_missing_inputs; empirical_regression.R=skipped_missing_inputs; main_empirical.R=skipped_missing_inputs
[repro] extracted statistical output from 6 script(s)' console output.
[2026-09-20 16:04:24] Batch 641/1861 done (1/1 papers succeeded).
[2026-09-20 16:04:24] Batch 642/1861 (papers 642-642): running reproducibility_check on 1 paper(s), one at a time...
[2026-09-20 16:04:24]   Paper 1/1 in batch (10_1111_1365_2656_12939)...
[2026-09-20 16:04:39]   Paper 1/1 FAILED (Running the module 'reproducibility_check' produced errors: execute = TRUE with sandbox = "docker": Docker does not appear to be running. Start Docker Desktop and try again.) -- skipping this paper.
[2026-09-20 16:04:39] Batch 642/1861 FAILED (no papers in this batch succeeded) -- skipping; rerun this script later to retry.
[2026-09-20 16:04:39] Batch 643/1861 (papers 643-643): running reproducibility_check on 1 paper(s), one at a time...
[2026-09-20 16:04:39]   Paper 1/1 in batch (10_1111_1365_2656_12942)...
[2026-09-20 16:04:41] Batch 643/1861 done (1/1 papers succeeded).
[2026-09-20 16:04:41] Batch 644/1861 (papers 644-644): running reproducibility_check on 1 paper(s), one at a time...
[2026-09-20 16:04:41]   Paper 1/1 in batch (10_1111_1365_2656_12953)...
Waiting 2s for retry backoff ■■■■■■■■■■■■■■■■                
Waiting 2s for retry backoff ■■■■■■■■■■■■■■■■■■■■■■■■■■■■■■■ 
Waiting 4s for retry backoff ■■■■■■■■■■                      
Waiting 4s for retry backoff ■■■■■■■■■■■■■■■■■■■■■■■■■■■■■■  
[2026-09-20 16:04:51] Batch 644/1861 done (1/1 papers succeeded).
[2026-09-20 16:04:51] Batch 645/1861 (papers 645-645): running reproducibility_check on 1 paper(s), one at a time...
[2026-09-20 16:04:51]   Paper 1/1 in batch (10_1111_1365_2656_12954)...
[2026-09-20 16:04:52] Batch 645/1861 done (1/1 papers succeeded).
[2026-09-20 16:04:52] Batch 646/1861 (papers 646-646): running reproducibility_check on 1 paper(s), one at a time...
[2026-09-20 16:04:52]   Paper 1/1 in batch (10_1111_1365_2656_12956)...
[2026-09-20 16:05:03] Batch 646/1861 done (1/1 papers succeeded).
[2026-09-20 16:05:03] Batch 647/1861 (papers 647-647): running reproducibility_check on 1 paper(s), one at a time...
[2026-09-20 16:05:03]   Paper 1/1 in batch (10_1111_1365_2656_12977)...
[2026-09-20 16:05:04] Batch 647/1861 done (1/1 papers succeeded).
[2026-09-20 16:05:04] Batch 648/1861 (papers 648-648): running reproducibility_check on 1 paper(s), one at a time...
[2026-09-20 16:05:04]   Paper 1/1 in batch (10_1111_1365_2656_12978)...
Waiting 2s for retry backoff ■■■■■■■■■■■■■■■■                
Waiting 2s for retry backoff ■■■■■■■■■■■■■■■■■■■■■■■■■■■■■■  
Waiting 4s for retry backoff ■■■■■■■■■■■                     
Waiting 4s for retry backoff ■■■■■■■■■■■■■■■■■■■■■■■■■■■■■■  
[2026-09-20 16:05:15] Batch 648/1861 done (1/1 papers succeeded).
[2026-09-20 16:05:15] Batch 649/1861 (papers 649-649): running reproducibility_check on 1 paper(s), one at a time...
[2026-09-20 16:05:15]   Paper 1/1 in batch (10_1111_1365_2656_12979)...
[2026-09-20 16:05:22] Batch 649/1861 done (1/1 papers succeeded).
[2026-09-20 16:05:22] Batch 650/1861 (papers 650-650): running reproducibility_check on 1 paper(s), one at a time...
[2026-09-20 16:05:22]   Paper 1/1 in batch (10_1111_1365_2656_12982)...
[2026-09-20 16:05:25] Batch 650/1861 done (1/1 papers succeeded).
[2026-09-20 16:05:25] Batch 651/1861 (papers 651-651): running reproducibility_check on 1 paper(s), one at a time...
[2026-09-20 16:05:25]   Paper 1/1 in batch (10_1111_1365_2656_12989)...
[2026-09-20 16:05:27] Batch 651/1861 done (1/1 papers succeeded).
[2026-09-20 16:05:27] Batch 652/1861 (papers 652-652): running reproducibility_check on 1 paper(s), one at a time...
[2026-09-20 16:05:27]   Paper 1/1 in batch (10_1111_1365_2656_12997)...
[2026-09-20 16:05:27] Batch 652/1861 done (1/1 papers succeeded).
[2026-09-20 16:05:27] Batch 653/1861 (papers 653-653): running reproducibility_check on 1 paper(s), one at a time...
[2026-09-20 16:05:27]   Paper 1/1 in batch (10_1111_1365_2656_13005)...
[2026-09-20 16:05:28] Batch 653/1861 done (1/1 papers succeeded).
[2026-09-20 16:05:28] Batch 654/1861 (papers 654-654): running reproducibility_check on 1 paper(s), one at a time...
[2026-09-20 16:05:28]   Paper 1/1 in batch (10_1111_1365_2656_13009)...
[2026-09-20 16:05:43] Batch 654/1861 done (1/1 papers succeeded).
[2026-09-20 16:05:43] Batch 655/1861 (papers 655-655): running reproducibility_check on 1 paper(s), one at a time...
[2026-09-20 16:05:43]   Paper 1/1 in batch (10_1111_1365_2656_13032)...
[2026-09-20 16:05:45] Batch 655/1861 done (1/1 papers succeeded).
[2026-09-20 16:05:45] Batch 656/1861 (papers 656-656): running reproducibility_check on 1 paper(s), one at a time...
[2026-09-20 16:05:45]   Paper 1/1 in batch (10_1111_1365_2656_13033)...
[2026-09-20 16:05:47] Batch 656/1861 done (1/1 papers succeeded).
[2026-09-20 16:05:47] Batch 657/1861 (papers 657-657): running reproducibility_check on 1 paper(s), one at a time...
[2026-09-20 16:05:47]   Paper 1/1 in batch (10_1111_1365_2656_13042)...
[2026-09-20 16:05:48] Batch 657/1861 done (1/1 papers succeeded).
[2026-09-20 16:05:48] Batch 658/1861 (papers 658-658): running reproducibility_check on 1 paper(s), one at a time...
[2026-09-20 16:05:48]   Paper 1/1 in batch (10_1111_1365_2656_13046)...
[2026-09-20 16:05:50] Batch 658/1861 done (1/1 papers succeeded).
[2026-09-20 16:05:50] Batch 659/1861 (papers 659-659): running reproducibility_check on 1 paper(s), one at a time...
[2026-09-20 16:05:50]   Paper 1/1 in batch (10_1111_1365_2656_13047)...
[2026-09-20 16:05:52] Batch 659/1861 done (1/1 papers succeeded).
[2026-09-20 16:05:52] Batch 660/1861 (papers 660-660): running reproducibility_check on 1 paper(s), one at a time...
[2026-09-20 16:05:52]   Paper 1/1 in batch (10_1111_1365_2656_13051)...
[2026-09-20 16:06:00] Batch 660/1861 done (1/1 papers succeeded).
[2026-09-20 16:06:00] Batch 661/1861 (papers 661-661): running reproducibility_check on 1 paper(s), one at a time...
[2026-09-20 16:06:00]   Paper 1/1 in batch (10_1111_1365_2656_13052)...
[2026-09-20 16:06:01] Batch 661/1861 done (1/1 papers succeeded).
[2026-09-20 16:06:01] Batch 662/1861 (papers 662-662): running reproducibility_check on 1 paper(s), one at a time...
[2026-09-20 16:06:01]   Paper 1/1 in batch (10_1111_1365_2656_13053)...
[repro] execute = TRUE (sandbox = docker). install_missing = TRUE, timeout = 3000s, keep_sandbox = FALSE
[repro] sandbox root: C:\Users\dlakens\AppData\Local\Temp\RtmpaqOq5E\repro_sandbox_75097a14be
[repro] docker image: ghcr.io/scienceverse/metacheck_r:latest
[repro] materialising Psych-DS layout from plan (7 plan rows) ...
[repro]   materialised 2/7 files.
[repro] writing 2 rewritten script(s) into the layout ...
[repro]   wrote 2 script(s).
[repro] installing 4 dependenc(y/ies): bbmle, dplyr, odeintr, readr
[repro]   install done: 3 ok, 1 failed.
[repro] running 2 script(s) in order: FRT_function.R -> FRT_model_fit.R
[repro/docker]   -> running 'FRT_function.R' (timeout 3000s) ...
[repro/docker]   <- 'FRT_function.R' done in 0.5s
[repro/docker]   -> running 'FRT_model_fit.R' (timeout 3000s) ...
[repro/docker]   <- 'FRT_model_fit.R' done in 0.5s
[repro] execution finished (pass 1). outcomes: FRT_function.R=errored; FRT_model_fit.R=errored
[2026-09-20 16:06:19] Batch 662/1861 done (1/1 papers succeeded).
[2026-09-20 16:06:19] Batch 663/1861 (papers 663-663): running reproducibility_check on 1 paper(s), one at a time...
[2026-09-20 16:06:19]   Paper 1/1 in batch (10_1111_1365_2656_13055)...
[2026-09-20 16:06:20] Batch 663/1861 done (1/1 papers succeeded).
[2026-09-20 16:06:20] Batch 664/1861 (papers 664-664): running reproducibility_check on 1 paper(s), one at a time...
[2026-09-20 16:06:20]   Paper 1/1 in batch (10_1111_1365_2656_13065)...
[2026-09-20 16:06:21] Batch 664/1861 done (1/1 papers succeeded).
[2026-09-20 16:06:21] Batch 665/1861 (papers 665-665): running reproducibility_check on 1 paper(s), one at a time...
[2026-09-20 16:06:21]   Paper 1/1 in batch (10_1111_1365_2656_13067)...
[2026-09-20 16:06:22] Batch 665/1861 done (1/1 papers succeeded).
[2026-09-20 16:06:22] Batch 666/1861 (papers 666-666): running reproducibility_check on 1 paper(s), one at a time...
[2026-09-20 16:06:22]   Paper 1/1 in batch (10_1111_1365_2656_13069)...
[2026-09-20 16:06:23] Batch 666/1861 done (1/1 papers succeeded).
[2026-09-20 16:06:23] Batch 667/1861 (papers 667-667): running reproducibility_check on 1 paper(s), one at a time...
[2026-09-20 16:06:23]   Paper 1/1 in batch (10_1111_1365_2656_13071)...
[2026-09-20 16:06:24] Batch 667/1861 done (1/1 papers succeeded).
[2026-09-20 16:06:24] Batch 668/1861 (papers 668-668): running reproducibility_check on 1 paper(s), one at a time...
[2026-09-20 16:06:24]   Paper 1/1 in batch (10_1111_1365_2656_13077)...
[2026-09-20 16:06:25] Batch 668/1861 done (1/1 papers succeeded).
[2026-09-20 16:06:25] Batch 669/1861 (papers 669-669): running reproducibility_check on 1 paper(s), one at a time...
[2026-09-20 16:06:25]   Paper 1/1 in batch (10_1111_1365_2656_13078)...
[2026-09-20 16:06:26] Batch 669/1861 done (1/1 papers succeeded).
[2026-09-20 16:06:26] Batch 670/1861 (papers 670-670): running reproducibility_check on 1 paper(s), one at a time...
[2026-09-20 16:06:26]   Paper 1/1 in batch (10_1111_1365_2656_13089)...
Waiting 2s for retry backoff ■■■■■■■■■■■■■■■■                
Waiting 2s for retry backoff ■■■■■■■■■■■■■■■■■■■■■■■■■■■■■■  
Waiting 4s for retry backoff ■■■■■■■■■■■                     
Waiting 4s for retry backoff ■■■■■■■■■■■■■■■■■■■■■■■■■■■■■■■ 
Waiting 2s for retry backoff ■■■■■■■■■■■■■■■■                
Waiting 2s for retry backoff ■■■■■■■■■■■■■■■■■■■■■■■■■■■■■■■ 
Waiting 4s for retry backoff ■■■■■■■■                        
Waiting 4s for retry backoff ■■■■■■■■■■■■■■■■■■■■■           
Waiting 4s for retry backoff ■■■■■■■■■■■■■■■■■■■■■■■■■■■■■■  
Waiting 2s for retry backoff ■■■■■■■■■■■■■■■■                
Waiting 2s for retry backoff ■■■■■■■■■■■■■■■■■■■■■■■■■■■■■■■ 
Waiting 4s for retry backoff ■■■■■■■■■■■■                    
Waiting 4s for retry backoff ■■■■■■■■■■■■■■■■■■■■■■■■■■■■■■  
[repro] execute = TRUE (sandbox = docker). install_missing = TRUE, timeout = 3000s, keep_sandbox = FALSE
[repro] sandbox root: C:\Users\dlakens\AppData\Local\Temp\RtmpaqOq5E\repro_sandbox_7506ef9764b
[repro] docker image: ghcr.io/scienceverse/metacheck_r:latest
[repro] materialising Psych-DS layout from plan (7 plan rows) ...
[repro]   materialised 6/10 files.
[repro] writing 1 rewritten script(s) into the layout ...
[repro]   wrote 1 script(s).
[repro] installing 14 dependenc(y/ies): ape, cooccur, dplyr, ecodist, ggplot2, maps, MRFcov, pez, phyr, phytools, raster, reshape2, rgdal, tidyr
[repro]   install done: 0 ok, 14 failed.
[repro] skipping (missing inputs): R_code_for_analysis.R
[repro] running 1 script(s) in order: R_code_for_analysis.R
[repro] execution finished (pass 1). outcomes: R_code_for_analysis.R=not_parsed
[2026-09-20 16:06:56] Batch 670/1861 done (1/1 papers succeeded).
[2026-09-20 16:06:56] Batch 671/1861 (papers 671-671): running reproducibility_check on 1 paper(s), one at a time...
[2026-09-20 16:06:56]   Paper 1/1 in batch (10_1111_1365_2656_13091)...
[2026-09-20 16:07:04] Batch 671/1861 done (1/1 papers succeeded).
[2026-09-20 16:07:04] Batch 672/1861 (papers 672-672): running reproducibility_check on 1 paper(s), one at a time...
[2026-09-20 16:07:04]   Paper 1/1 in batch (10_1111_1365_2656_13110)...
[2026-09-20 16:07:05] Batch 672/1861 done (1/1 papers succeeded).
[2026-09-20 16:07:05] Batch 673/1861 (papers 673-673): running reproducibility_check on 1 paper(s), one at a time...
[2026-09-20 16:07:05]   Paper 1/1 in batch (10_1111_1365_2656_13114)...
[2026-09-20 16:07:07] Batch 673/1861 done (1/1 papers succeeded).
[2026-09-20 16:07:07] Batch 674/1861 (papers 674-674): running reproducibility_check on 1 paper(s), one at a time...
[2026-09-20 16:07:07]   Paper 1/1 in batch (10_1111_1365_2656_13115)...
[2026-09-20 16:07:09] Batch 674/1861 done (1/1 papers succeeded).
[2026-09-20 16:07:09] Batch 675/1861 (papers 675-675): running reproducibility_check on 1 paper(s), one at a time...
[2026-09-20 16:07:09]   Paper 1/1 in batch (10_1111_1365_2656_13118)...
Waiting 2s for retry backoff ■■■■■■■■■■■■■■■■                
Waiting 2s for retry backoff ■■■■■■■■■■■■■■■■■■■■■■■■■■■■■■■ 
Waiting 4s for retry backoff ■■■■■■■■                        
Waiting 4s for retry backoff ■■■■■■■■■■■■■■■■■■■■■■■■■■■■■■■ 
[repro] execute = TRUE (sandbox = docker). install_missing = TRUE, timeout = 3000s, keep_sandbox = FALSE
[repro] sandbox root: C:\Users\dlakens\AppData\Local\Temp\RtmpaqOq5E\repro_sandbox_7503d4129
[repro] docker image: ghcr.io/scienceverse/metacheck_r:latest
[repro] materialising Psych-DS layout from plan (9 plan rows) ...
[repro]   materialised 7/9 files.
[repro] writing 1 rewritten script(s) into the layout ...
[repro]   wrote 1 script(s).
[repro] installing 4 dependenc(y/ies): ggplot2, MuMIn, plyr, tidyr
[repro]   install done: 4 ok, 0 failed.
[repro] running 1 script(s) in order: TimingNorthwardMigration_JAE_V4_20190930.R
[repro] execution finished (pass 1). outcomes: TimingNorthwardMigration_JAE_V4_20190930.R=not_parsed
[2026-09-20 16:07:37] Batch 675/1861 done (1/1 papers succeeded).
[2026-09-20 16:07:37] Batch 676/1861 (papers 676-676): running reproducibility_check on 1 paper(s), one at a time...
[2026-09-20 16:07:37]   Paper 1/1 in batch (10_1111_1365_2656_13120)...
[2026-09-20 16:07:52] Batch 676/1861 done (1/1 papers succeeded).
[2026-09-20 16:07:52] Batch 677/1861 (papers 677-677): running reproducibility_check on 1 paper(s), one at a time...
[2026-09-20 16:07:52]   Paper 1/1 in batch (10_1111_1365_2656_13124)...
[2026-09-20 16:07:54] Batch 677/1861 done (1/1 papers succeeded).
[2026-09-20 16:07:54] Batch 678/1861 (papers 678-678): running reproducibility_check on 1 paper(s), one at a time...
[2026-09-20 16:07:54]   Paper 1/1 in batch (10_1111_1365_2656_13129)...
[2026-09-20 16:08:20] Batch 678/1861 done (1/1 papers succeeded).
[2026-09-20 16:08:20] Batch 679/1861 (papers 679-679): running reproducibility_check on 1 paper(s), one at a time...
[2026-09-20 16:08:20]   Paper 1/1 in batch (10_1111_1365_2656_13134)...
[2026-09-20 16:09:50] Batch 679/1861 done (1/1 papers succeeded).
[2026-09-20 16:09:50] Batch 680/1861 (papers 680-680): running reproducibility_check on 1 paper(s), one at a time...
[2026-09-20 16:09:50]   Paper 1/1 in batch (10_1111_1365_2656_13135)...
[2026-09-20 16:09:58] Batch 680/1861 done (1/1 papers succeeded).
[2026-09-20 16:09:58] Batch 681/1861 (papers 681-681): running reproducibility_check on 1 paper(s), one at a time...
[2026-09-20 16:09:58]   Paper 1/1 in batch (10_1111_1365_2656_13142)...
Waiting 2s for retry backoff ■■■■■■■■■■■■■■■■                
Waiting 2s for retry backoff ■■■■■■■■■■■■■■■■■■■■■■■■■■■■■■■ 
Waiting 4s for retry backoff ■■■■■■■■                        
Waiting 4s for retry backoff ■■■■■■■■■■■■■■■■■■■■■■■■■■■■■   
Waiting 4s for retry backoff ■■■■■■■■■■■■■■■■■■■■■■■■■■■■■■  
[2026-09-20 16:10:07] Batch 681/1861 done (1/1 papers succeeded).
[2026-09-20 16:10:07] Batch 682/1861 (papers 682-682): running reproducibility_check on 1 paper(s), one at a time...
[2026-09-20 16:10:07]   Paper 1/1 in batch (10_1111_1365_2656_13149)...
[2026-09-20 16:10:09] Batch 682/1861 done (1/1 papers succeeded).
[2026-09-20 16:10:09] Batch 683/1861 (papers 683-683): running reproducibility_check on 1 paper(s), one at a time...
[2026-09-20 16:10:09]   Paper 1/1 in batch (10_1111_1365_2656_13151)...
[2026-09-20 16:10:12] Batch 683/1861 done (1/1 papers succeeded).
[2026-09-20 16:10:12] Batch 684/1861 (papers 684-684): running reproducibility_check on 1 paper(s), one at a time...
[2026-09-20 16:10:12]   Paper 1/1 in batch (10_1111_1365_2656_13159)...
Waiting 2s for retry backoff ■■■■■■■■■■■■■■■■                
Waiting 2s for retry backoff ■■■■■■■■■■■■■■■■■■■■■■■■■■■■■■■ 
Waiting 4s for retry backoff ■■■■■■■■                        
Waiting 4s for retry backoff ■■■■■■■■■■■■■■■■■■■■■■■■■■■     
Waiting 4s for retry backoff ■■■■■■■■■■■■■■■■■■■■■■■■■■■■■■■ 
[repro] execute = TRUE (sandbox = docker). install_missing = TRUE, timeout = 3000s, keep_sandbox = FALSE
[repro] sandbox root: C:\Users\dlakens\AppData\Local\Temp\RtmpaqOq5E\repro_sandbox_750541357f
[repro] docker image: ghcr.io/scienceverse/metacheck_r:latest
[repro] materialising Psych-DS layout from plan (10 plan rows) ...
[repro]   materialised 2/10 files.
[repro] writing 1 rewritten script(s) into the layout ...
[repro]   wrote 1 script(s).
[repro] installing 1 dependenc(y/ies): knitr
[repro]   install done: 1 ok, 0 failed.
[repro] running 1 script(s) in order: README.Rmd
[repro/docker]   -> running 'README.Rmd' (timeout 3000s) ...
[repro/docker]   <- 'README.Rmd' done in 0.7s
[repro] execution finished (pass 1). outcomes: README.Rmd=ran_ok
[2026-09-20 16:13:15] Batch 684/1861 done (1/1 papers succeeded).
[2026-09-20 16:13:15] Batch 685/1861 (papers 685-685): running reproducibility_check on 1 paper(s), one at a time...
[2026-09-20 16:13:15]   Paper 1/1 in batch (10_1111_1365_2656_13160)...
[2026-09-20 16:13:16] Batch 685/1861 done (1/1 papers succeeded).
[2026-09-20 16:13:16] Batch 686/1861 (papers 686-686): running reproducibility_check on 1 paper(s), one at a time...
[2026-09-20 16:13:16]   Paper 1/1 in batch (10_1111_1365_2656_13168)...
[2026-09-20 16:13:22] Batch 686/1861 done (1/1 papers succeeded).
[2026-09-20 16:13:22] Batch 687/1861 (papers 687-687): running reproducibility_check on 1 paper(s), one at a time...
[2026-09-20 16:13:22]   Paper 1/1 in batch (10_1111_1365_2656_13169)...
[2026-09-20 16:13:25] Batch 687/1861 done (1/1 papers succeeded).
[2026-09-20 16:13:25] Batch 688/1861 (papers 688-688): running reproducibility_check on 1 paper(s), one at a time...
[2026-09-20 16:13:25]   Paper 1/1 in batch (10_1111_1365_2656_13183)...
[2026-09-20 16:13:26] Batch 688/1861 done (1/1 papers succeeded).
[2026-09-20 16:13:26] Batch 689/1861 (papers 689-689): running reproducibility_check on 1 paper(s), one at a time...
[2026-09-20 16:13:26]   Paper 1/1 in batch (10_1111_1365_2656_13190)...
[2026-09-20 16:13:28] Batch 689/1861 done (1/1 papers succeeded).
[2026-09-20 16:13:28] Batch 690/1861 (papers 690-690): running reproducibility_check on 1 paper(s), one at a time...
[2026-09-20 16:13:28]   Paper 1/1 in batch (10_1111_1365_2656_13191)...
[2026-09-20 16:13:30] Batch 690/1861 done (1/1 papers succeeded).
[2026-09-20 16:13:30] Batch 691/1861 (papers 691-691): running reproducibility_check on 1 paper(s), one at a time...
[2026-09-20 16:13:30]   Paper 1/1 in batch (10_1111_1365_2656_13193)...
[repro] execute = TRUE (sandbox = docker). install_missing = TRUE, timeout = 3000s, keep_sandbox = FALSE
[repro] sandbox root: C:\Users\dlakens\AppData\Local\Temp\RtmpaqOq5E\repro_sandbox_7505a0c507c
[repro] docker image: ghcr.io/scienceverse/metacheck_r:latest
[repro] materialising Psych-DS layout from plan (6 plan rows) ...
[repro]   materialised 4/6 files.
[repro] writing 1 rewritten script(s) into the layout ...
[repro]   wrote 1 script(s).
[repro] installing 6 dependenc(y/ies): extrafont, ggpubr, lme4, lmerTest, lubridate, tidyverse
[repro]   install done: 0 ok, 6 failed.
[repro] running 1 script(s) in order: LPS_Social_network_analysis.R
[repro/docker]   -> running 'LPS_Social_network_analysis.R' (timeout 3000s) ...
[repro/docker]   <- 'LPS_Social_network_analysis.R' done in 2.1s
[repro] execution finished (pass 1). outcomes: LPS_Social_network_analysis.R=errored
[2026-09-20 16:13:40] Batch 691/1861 done (1/1 papers succeeded).
[2026-09-20 16:13:40] Batch 692/1861 (papers 692-692): running reproducibility_check on 1 paper(s), one at a time...
[2026-09-20 16:13:40]   Paper 1/1 in batch (10_1111_1365_2656_13195)...
Waiting 2s for retry backoff ■■■■■■■■■■■■■■■■                
Waiting 2s for retry backoff ■■■■■■■■■■■■■■■■■■■■■■■■■■■■■■■ 
Waiting 4s for retry backoff ■■■■■■■■■■■■                    
Waiting 4s for retry backoff ■■■■■■■■■■■■■■■■■■■■■■■■■■■■■■  
Waiting 2s for retry backoff ■■■■■■■■■■■■■■■■                
Waiting 2s for retry backoff ■■■■■■■■■■■■■■■■■■■■■■■■■■■■■■■ 
Waiting 4s for retry backoff ■■■■■■■■                        
Waiting 4s for retry backoff ■■■■■■■■■■■■■■■■■■■■■■■■■       
Waiting 4s for retry backoff ■■■■■■■■■■■■■■■■■■■■■■■■■■■■■■■ 
[2026-09-20 16:13:56] Batch 692/1861 done (1/1 papers succeeded).
[2026-09-20 16:13:56] Batch 693/1861 (papers 693-693): running reproducibility_check on 1 paper(s), one at a time...
[2026-09-20 16:13:56]   Paper 1/1 in batch (10_1111_1365_2656_13198)...
[2026-09-20 16:14:09] Batch 693/1861 done (1/1 papers succeeded).
[2026-09-20 16:14:09] Batch 694/1861 (papers 694-694): running reproducibility_check on 1 paper(s), one at a time...
[2026-09-20 16:14:09]   Paper 1/1 in batch (10_1111_1365_2656_13220)...
[repro] execute = TRUE (sandbox = docker). install_missing = TRUE, timeout = 3000s, keep_sandbox = FALSE
[repro] sandbox root: C:\Users\dlakens\AppData\Local\Temp\RtmpaqOq5E\repro_sandbox_750713446c
[repro] docker image: ghcr.io/scienceverse/metacheck_r:latest
[repro] materialising Psych-DS layout from plan (34 plan rows) ...
[repro]   materialised 24/41 files.
[repro] writing 9 rewritten script(s) into the layout ...
[repro]   wrote 9 script(s).
[repro] installing 28 dependenc(y/ies): agricolae, broom, calecopal, caret, colorspace, cowplot, dplyr, gbm, geosphere, ggplot2, ggpubr, ggsn, gridExtra, gtable, kableExtra, knitr, mapdata, metacom, patchwork, plyr, reshape2, rgdal, snow, tidyverse, vegan, viridis, viridisLite, wesanderson
[repro]   install done: 25 ok, 3 failed.
[repro] running 9 script(s) in order: DMS-ggplot2-supplement-custom.R -> DMS-ggplot2-supplement.R -> DMS-NRSA-CA-QC-BRT_Training.Rmd -> DMS-NRSA-CA-QC-Figures.R -> DMS-NRSA-CA-QC.Rmd -> DMS-NRSA-CA.Rmd -> DMS-NRSA-CA-BRT_Training.Rmd -> DMS-NRSA-CA-Figures.R -> DMS-NRSA-CA-Supplementary_Data.Rmd
[repro/docker]   -> running 'DMS-ggplot2-supplement-custom.R' (timeout 3000s) ...
[repro/docker]   <- 'DMS-ggplot2-supplement-custom.R' done in 3.2s
[repro/docker]   -> running 'DMS-ggplot2-supplement.R' (timeout 3000s) ...
[repro/docker]   <- 'DMS-ggplot2-supplement.R' done in 3.3s
[repro/docker]   -> running 'DMS-NRSA-CA-QC-BRT_Training.Rmd' (timeout 3000s) ...
[repro/docker]   <- 'DMS-NRSA-CA-QC-BRT_Training.Rmd' done in 5.3s
[repro/docker]   -> running 'DMS-NRSA-CA-QC-Figures.R' (timeout 3000s) ...
[repro/docker]   <- 'DMS-NRSA-CA-QC-Figures.R' done in 0.5s
[repro/docker]   -> running 'DMS-NRSA-CA-QC.Rmd' (timeout 3000s) ...
[repro/docker]   <- 'DMS-NRSA-CA-QC.Rmd' done in 20.3s
[repro/docker]   -> running 'DMS-NRSA-CA.Rmd' (timeout 3000s) ...
[repro/docker]   <- 'DMS-NRSA-CA.Rmd' done in 10.9s
[repro/docker]   -> running 'DMS-NRSA-CA-BRT_Training.Rmd' (timeout 3000s) ...
[repro/docker]   <- 'DMS-NRSA-CA-BRT_Training.Rmd' done in 3051.5s
[repro/docker]   -> running 'DMS-NRSA-CA-Figures.R' (timeout 3000s) ...
[repro/docker]   <- 'DMS-NRSA-CA-Figures.R' done in 3.5s
[repro/docker]   -> running 'DMS-NRSA-CA-Supplementary_Data.Rmd' (timeout 3000s) ...
[repro/docker]   <- 'DMS-NRSA-CA-Supplementary_Data.Rmd' done in 8.5s
[repro] execution finished (pass 1). outcomes: DMS-ggplot2-supplement-custom.R=ran_ok; DMS-ggplot2-supplement.R=ran_ok; DMS-NRSA-CA-QC-BRT_Training.Rmd=errored; DMS-NRSA-CA-QC-Figures.R=errored; DMS-NRSA-CA-QC.Rmd=ran_ok; DMS-NRSA-CA.Rmd=errored; DMS-NRSA-CA-BRT_Training.Rmd=timed_out; DMS-NRSA-CA-Figures.R=errored; DMS-NRSA-CA-Supplementary_Data.Rmd=ran_ok
[repro] extracted statistical output from 5 script(s)' console output.
[2026-09-20 17:09:33] Batch 694/1861 done (1/1 papers succeeded).
[2026-09-20 17:09:33] Batch 695/1861 (papers 695-695): running reproducibility_check on 1 paper(s), one at a time...
[2026-09-20 17:09:33]   Paper 1/1 in batch (10_1111_1365_2656_13222)...
[2026-09-20 17:09:44] Batch 695/1861 done (1/1 papers succeeded).
[2026-09-20 17:09:44] Batch 696/1861 (papers 696-696): running reproducibility_check on 1 paper(s), one at a time...
[2026-09-20 17:09:44]   Paper 1/1 in batch (10_1111_1365_2656_13233)...
! Multiple files in zip: reading ''[Content_Types].xml''
Multiple files in zip: reading '[Content_Types].xml'
! Multiple files in zip: reading ''[Content_Types].xml''
Multiple files in zip: reading '[Content_Types].xml'
[repro] execute = TRUE (sandbox = docker). install_missing = TRUE, timeout = 3000s, keep_sandbox = FALSE
[repro] sandbox root: C:\Users\dlakens\AppData\Local\Temp\RtmpaqOq5E\repro_sandbox_75015b2756c
[repro] docker image: ghcr.io/scienceverse/metacheck_r:latest
[repro] materialising Psych-DS layout from plan (5 plan rows) ...
[repro]   materialised 5/7 files.
[repro] writing 2 rewritten script(s) into the layout ...
[repro]   wrote 2 script(s).
[repro] installing 9 dependenc(y/ies): car, chron, coxme, effsize, ggplot2, gridExtra, lme4, lsmeans, plyr
[repro]   install done: 0 ok, 9 failed.
[repro] running 2 script(s) in order: sabal_et_al_2020_behavioral_assay_data_dryad.R -> sabal_et_al_2020_supplemental_analyses_dryad.R
[repro/docker]   -> running 'sabal_et_al_2020_behavioral_assay_data_dryad.R' (timeout 3000s) ...
[repro/docker]   <- 'sabal_et_al_2020_behavioral_assay_data_dryad.R' done in 0.5s
[repro/docker]   -> running 'sabal_et_al_2020_supplemental_analyses_dryad.R' (timeout 3000s) ...
[repro/docker]   <- 'sabal_et_al_2020_supplemental_analyses_dryad.R' done in 1s
[repro] execution finished (pass 1). outcomes: sabal_et_al_2020_behavioral_assay_data_dryad.R=errored; sabal_et_al_2020_supplemental_analyses_dryad.R=errored
[2026-09-20 17:09:48] Batch 696/1861 done (1/1 papers succeeded).
[2026-09-20 17:09:48] Batch 697/1861 (papers 697-697): running reproducibility_check on 1 paper(s), one at a time...
[2026-09-20 17:09:48]   Paper 1/1 in batch (10_1111_1365_2656_13237)...
[2026-09-20 17:09:49] Batch 697/1861 done (1/1 papers succeeded).
[2026-09-20 17:09:49] Batch 698/1861 (papers 698-698): running reproducibility_check on 1 paper(s), one at a time...
[2026-09-20 17:09:49]   Paper 1/1 in batch (10_1111_1365_2656_13238)...
[2026-09-20 17:09:51] Batch 698/1861 done (1/1 papers succeeded).
[2026-09-20 17:09:51] Batch 699/1861 (papers 699-699): running reproducibility_check on 1 paper(s), one at a time...
[2026-09-20 17:09:51]   Paper 1/1 in batch (10_1111_1365_2656_13249)...
Waiting 2s for retry backoff ■■■■■■■■■■■■■■■■                
Waiting 2s for retry backoff ■■■■■■■■■■■■■■■■■■■■■■■■■■■■■■  
Waiting 4s for retry backoff ■■■■■■■■                        
Waiting 4s for retry backoff ■■■■■■■■■■■■■■■■■■■■            
Waiting 4s for retry backoff ■■■■■■■■■■■■■■■■■■■■■■■■■■■■■■  
[2026-09-20 17:10:00] Batch 699/1861 done (1/1 papers succeeded).
[2026-09-20 17:10:00] Batch 700/1861 (papers 700-700): running reproducibility_check on 1 paper(s), one at a time...
[2026-09-20 17:10:00]   Paper 1/1 in batch (10_1111_1365_2656_13250)...
[repro] execute = TRUE (sandbox = docker). install_missing = TRUE, timeout = 3000s, keep_sandbox = FALSE
[repro] sandbox root: C:\Users\dlakens\AppData\Local\Temp\RtmpaqOq5E\repro_sandbox_750734917c
[repro] docker image: ghcr.io/scienceverse/metacheck_r:latest
[repro] materialising Psych-DS layout from plan (14 plan rows) ...
[repro]   materialised 14/19 files.
[repro] writing 4 rewritten script(s) into the layout ...
[repro]   wrote 4 script(s).
[repro] installing 2 dependenc(y/ies): ape, jagsUI
[repro]   install done: 2 ok, 0 failed.
[repro] skipping (missing inputs): Figures.R
[repro] running 4 script(s) in order: functions.R -> Figures.R -> run_models.R -> Tables.R
[repro/docker]   -> running 'functions.R' (timeout 3000s) ...
[repro/docker]   <- 'functions.R' done in 0.6s
[repro/docker]   -> running 'run_models.R' (timeout 3000s) ...
[repro/docker]   <- 'run_models.R' done in 0.8s
[repro/docker]   -> running 'Tables.R' (timeout 3000s) ...
[repro/docker]   <- 'Tables.R' done in 0.6s
[repro] execution finished (pass 1). outcomes: functions.R=ran_ok; Figures.R=skipped_missing_inputs; run_models.R=errored; Tables.R=errored
[repro] undefined-var edge: 'run_models.R' defines 'per.corr' needed by 'Tables.R'
[repro] re-running 4 script(s) in corrected order: functions.R -> Figures.R -> run_models.R -> Tables.R
[repro/docker]   -> running 'functions.R' (timeout 3000s) ...
[repro/docker]   <- 'functions.R' done in 0.6s
[repro/docker]   -> running 'run_models.R' (timeout 3000s) ...
[repro/docker]   <- 'run_models.R' done in 0.9s
[repro/docker]   -> running 'Tables.R' (timeout 3000s) ...
[repro/docker]   <- 'Tables.R' done in 0.5s
[repro] execution finished (pass 2). outcomes: functions.R=ran_ok; Figures.R=skipped_missing_inputs; run_models.R=errored; Tables.R=errored
[repro] extracted statistical output from 1 script(s)' console output.
[2026-09-20 17:10:19] Batch 700/1861 done (1/1 papers succeeded).
[2026-09-20 17:10:19] Batch 701/1861 (papers 701-701): running reproducibility_check on 1 paper(s), one at a time...
[2026-09-20 17:10:19]   Paper 1/1 in batch (10_1111_1365_2656_13268)...
[2026-09-20 17:10:25] Batch 701/1861 done (1/1 papers succeeded).
[2026-09-20 17:10:25] Batch 702/1861 (papers 702-702): running reproducibility_check on 1 paper(s), one at a time...
[2026-09-20 17:10:25]   Paper 1/1 in batch (10_1111_1365_2656_13269)...
[2026-09-20 17:10:31] Batch 702/1861 done (1/1 papers succeeded).
[2026-09-20 17:10:31] Batch 703/1861 (papers 703-703): running reproducibility_check on 1 paper(s), one at a time...
[2026-09-20 17:10:31]   Paper 1/1 in batch (10_1111_1365_2656_13270)...
[2026-09-20 17:10:33] Batch 703/1861 done (1/1 papers succeeded).
[2026-09-20 17:10:33] Batch 704/1861 (papers 704-704): running reproducibility_check on 1 paper(s), one at a time...
[2026-09-20 17:10:33]   Paper 1/1 in batch (10_1111_1365_2656_13272)...
[2026-09-20 17:10:34] Batch 704/1861 done (1/1 papers succeeded).
[2026-09-20 17:10:34] Batch 705/1861 (papers 705-705): running reproducibility_check on 1 paper(s), one at a time...
[2026-09-20 17:10:34]   Paper 1/1 in batch (10_1111_1365_2656_13279)...
[repro] execute = TRUE (sandbox = docker). install_missing = TRUE, timeout = 3000s, keep_sandbox = FALSE
[repro] sandbox root: C:\Users\dlakens\AppData\Local\Temp\RtmpaqOq5E\repro_sandbox_750694b957
[repro] docker image: ghcr.io/scienceverse/metacheck_r:latest
[repro] materialising Psych-DS layout from plan (66 plan rows) ...
[repro]   materialised 65/66 files.
[repro] writing 1 rewritten script(s) into the layout ...
[repro]   wrote 1 script(s).
[repro] installing 3 dependenc(y/ies): lubridate, NicheMapR, xts
[repro]   install done: 2 ok, 1 failed.
[repro] skipping (missing inputs): script_nichemapper_Rozen-Rechelsetal_JAE.R
[repro] running 1 script(s) in order: script_nichemapper_Rozen-Rechelsetal_JAE.R
[repro] execution finished (pass 1). outcomes: script_nichemapper_Rozen-Rechelsetal_JAE.R=skipped_missing_inputs
[2026-09-20 17:11:20] Batch 705/1861 done (1/1 papers succeeded).
[2026-09-20 17:11:20] Batch 706/1861 (papers 706-706): running reproducibility_check on 1 paper(s), one at a time...
[2026-09-20 17:11:20]   Paper 1/1 in batch (10_1111_1365_2656_13283)...
[2026-09-20 17:11:29] Batch 706/1861 done (1/1 papers succeeded).
[2026-09-20 17:11:29] Batch 707/1861 (papers 707-707): running reproducibility_check on 1 paper(s), one at a time...
[2026-09-20 17:11:29]   Paper 1/1 in batch (10_1111_1365_2656_13289)...
[2026-09-20 17:11:31] Batch 707/1861 done (1/1 papers succeeded).
[2026-09-20 17:11:31] Batch 708/1861 (papers 708-708): running reproducibility_check on 1 paper(s), one at a time...
[2026-09-20 17:11:31]   Paper 1/1 in batch (10_1111_1365_2656_13291)...
[2026-09-20 17:11:34] Batch 708/1861 done (1/1 papers succeeded).
[2026-09-20 17:11:34] Batch 709/1861 (papers 709-709): running reproducibility_check on 1 paper(s), one at a time...
[2026-09-20 17:11:34]   Paper 1/1 in batch (10_1111_1365_2656_13293)...
[2026-09-20 17:11:36] Batch 709/1861 done (1/1 papers succeeded).
[2026-09-20 17:11:36] Batch 710/1861 (papers 710-710): running reproducibility_check on 1 paper(s), one at a time...
[2026-09-20 17:11:36]   Paper 1/1 in batch (10_1111_1365_2656_13294)...
[2026-09-20 17:11:38] Batch 710/1861 done (1/1 papers succeeded).
[2026-09-20 17:11:38] Batch 711/1861 (papers 711-711): running reproducibility_check on 1 paper(s), one at a time...
[2026-09-20 17:11:38]   Paper 1/1 in batch (10_1111_1365_2656_13295)...
[2026-09-20 17:12:18] Batch 711/1861 done (1/1 papers succeeded).
[2026-09-20 17:12:18] Batch 712/1861 (papers 712-712): running reproducibility_check on 1 paper(s), one at a time...
[2026-09-20 17:12:18]   Paper 1/1 in batch (10_1111_1365_2656_13297)...
[repro] execute = TRUE (sandbox = docker). install_missing = TRUE, timeout = 3000s, keep_sandbox = FALSE
[repro] sandbox root: C:\Users\dlakens\AppData\Local\Temp\RtmpaqOq5E\repro_sandbox_7502aae59c9
[repro] docker image: ghcr.io/scienceverse/metacheck_r:latest
[repro] materialising Psych-DS layout from plan (4 plan rows) ...
[repro]   materialised 3/5 files.
[repro] writing 2 rewritten script(s) into the layout ...
[repro]   wrote 2 script(s).
[repro] installing 7 dependenc(y/ies): adespatial, alluvial, dummies, igraph, SDMTools, vegan, verification
[repro]   install done: 4 ok, 3 failed.
[repro] running 2 script(s) in order: functions.R -> script.R
[repro/docker]   -> running 'functions.R' (timeout 3000s) ...
[repro/docker]   <- 'functions.R' done in 0.5s
[repro/docker]   -> running 'script.R' (timeout 3000s) ...
[repro/docker]   <- 'script.R' done in 0.5s
[repro] execution finished (pass 1). outcomes: functions.R=ran_ok; script.R=errored
[repro] extracted statistical output from 1 script(s)' console output.
[2026-09-20 17:13:32] Batch 712/1861 done (1/1 papers succeeded).
[2026-09-20 17:13:32] Batch 713/1861 (papers 713-713): running reproducibility_check on 1 paper(s), one at a time...
[2026-09-20 17:13:32]   Paper 1/1 in batch (10_1111_1365_2656_13298)...
2 files in https://doi.org/10.5061/dryad.95x69p8h1 exceeded the 100 MB per-file limit and were skipped (the rest of the repository was downloaded). Largest: CatfishPositions.rdata (297 MB). Raise max_file_size to include them.
2 files in https://doi.org/10.5061/dryad.95x69p8h1 exceeded the 100 MB per-file limit and were skipped (the rest of the repository was downloaded). Largest: CatfishPositions.rdata (297 MB). Raise max_file_size to include them.
[2026-09-20 17:14:07] Batch 713/1861 done (1/1 papers succeeded).
[2026-09-20 17:14:07] Batch 714/1861 (papers 714-714): running reproducibility_check on 1 paper(s), one at a time...
[2026-09-20 17:14:07]   Paper 1/1 in batch (10_1111_1365_2656_13299)...
[2026-09-20 17:14:08] Batch 714/1861 done (1/1 papers succeeded).
[2026-09-20 17:14:08] Batch 715/1861 (papers 715-715): running reproducibility_check on 1 paper(s), one at a time...
[2026-09-20 17:14:08]   Paper 1/1 in batch (10_1111_1365_2656_13303)...
[2026-09-20 17:14:26] Batch 715/1861 done (1/1 papers succeeded).
[2026-09-20 17:14:26] Batch 716/1861 (papers 716-716): running reproducibility_check on 1 paper(s), one at a time...
[2026-09-20 17:14:26]   Paper 1/1 in batch (10_1111_1365_2656_13304)...
[repro] execute = TRUE (sandbox = docker). install_missing = TRUE, timeout = 3000s, keep_sandbox = FALSE
[repro] sandbox root: C:\Users\dlakens\AppData\Local\Temp\RtmpaqOq5E\repro_sandbox_7505a5e53db
[repro] docker image: ghcr.io/scienceverse/metacheck_r:latest
[repro] materialising Psych-DS layout from plan (20 plan rows) ...
[repro]   materialised 38/39 files.
[repro] writing 1 rewritten script(s) into the layout ...
[repro]   wrote 1 script(s).
[repro] installing 17 dependenc(y/ies): circular, dplyr, investr, lubridate, mapdata, maps, missForest, modEvA, move, plotrix, plyr, raster, RColorBrewer, rgdal, rgeos, sp, tidyr
[repro]   install done: 15 ok, 2 failed.
[repro] skipping (missing inputs): 1._R_code_statistical_analyses.R
[repro] running 1 script(s) in order: 1._R_code_statistical_analyses.R
[repro] execution finished (pass 1). outcomes: 1._R_code_statistical_analyses.R=skipped_missing_inputs
[2026-09-20 17:16:02] Batch 716/1861 done (1/1 papers succeeded).
[2026-09-20 17:16:02] Batch 717/1861 (papers 717-717): running reproducibility_check on 1 paper(s), one at a time...
[2026-09-20 17:16:02]   Paper 1/1 in batch (10_1111_1365_2656_13310)...
[2026-09-20 17:16:04] Batch 717/1861 done (1/1 papers succeeded).
[2026-09-20 17:16:04] Batch 718/1861 (papers 718-718): running reproducibility_check on 1 paper(s), one at a time...
[2026-09-20 17:16:04]   Paper 1/1 in batch (10_1111_1365_2656_13313)...
[2026-09-20 17:16:05] Batch 718/1861 done (1/1 papers succeeded).
[2026-09-20 17:16:05] Batch 719/1861 (papers 719-719): running reproducibility_check on 1 paper(s), one at a time...
[2026-09-20 17:16:05]   Paper 1/1 in batch (10_1111_1365_2656_13319)...
[2026-09-20 17:16:07] Batch 719/1861 done (1/1 papers succeeded).
[2026-09-20 17:16:07] Batch 720/1861 (papers 720-720): running reproducibility_check on 1 paper(s), one at a time...
[2026-09-20 17:16:07]   Paper 1/1 in batch (10_1111_1365_2656_13330)...
[2026-09-20 17:16:13] Batch 720/1861 done (1/1 papers succeeded).
[2026-09-20 17:16:13] Batch 721/1861 (papers 721-721): running reproducibility_check on 1 paper(s), one at a time...
[2026-09-20 17:16:13]   Paper 1/1 in batch (10_1111_1365_2656_13337)...
[2026-09-20 17:16:14] Batch 721/1861 done (1/1 papers succeeded).
[2026-09-20 17:16:14] Batch 722/1861 (papers 722-722): running reproducibility_check on 1 paper(s), one at a time...
[2026-09-20 17:16:14]   Paper 1/1 in batch (10_1111_1365_2656_13345)...
[2026-09-20 17:16:15] Batch 722/1861 done (1/1 papers succeeded).
[2026-09-20 17:16:15] Batch 723/1861 (papers 723-723): running reproducibility_check on 1 paper(s), one at a time...
[2026-09-20 17:16:15]   Paper 1/1 in batch (10_1111_1365_2656_13348)...
Waiting 2s for retry backoff ■■■■■■■■■■■■■■■                 
Waiting 2s for retry backoff ■■■■■■■■■■■■■■■■■■■■■■■■■■■■■■  
Waiting 4s for retry backoff ■■■■■■■■                        
Waiting 4s for retry backoff ■■■■■■■■■■■■■■■■■■■■■■■■■■■■■■  
[2026-09-20 17:16:24] Batch 723/1861 done (1/1 papers succeeded).
[2026-09-20 17:16:24] Batch 724/1861 (papers 724-724): running reproducibility_check on 1 paper(s), one at a time...
[2026-09-20 17:16:24]   Paper 1/1 in batch (10_1111_1365_2656_13349)...
[repro] execute = TRUE (sandbox = docker). install_missing = TRUE, timeout = 3000s, keep_sandbox = FALSE
[repro] sandbox root: C:\Users\dlakens\AppData\Local\Temp\RtmpaqOq5E\repro_sandbox_7503f362129
[repro] docker image: ghcr.io/scienceverse/metacheck_r:latest
[repro] materialising Psych-DS layout from plan (10 plan rows) ...
[repro]   materialised 7/10 files.
[repro] writing 3 rewritten script(s) into the layout ...
[repro]   wrote 3 script(s).
[repro] installing 2 dependenc(y/ies): lme4, MuMIn
[repro]   install done: 2 ok, 0 failed.
[repro] running 3 script(s) in order: Analysing_sex_ratio_trends.R -> Consequences_of_ASR_bias.R -> Life_table_response_experiment.R
[repro/docker]   -> running 'Analysing_sex_ratio_trends.R' (timeout 3000s) ...
[repro/docker]   <- 'Analysing_sex_ratio_trends.R' done in 1.4s
[repro/docker]   -> running 'Consequences_of_ASR_bias.R' (timeout 3000s) ...
[repro/docker]   <- 'Consequences_of_ASR_bias.R' done in 2s
[repro/docker]   -> running 'Life_table_response_experiment.R' (timeout 3000s) ...
[repro/docker]   <- 'Life_table_response_experiment.R' done in 154.5s
[repro] execution finished (pass 1). outcomes: Analysing_sex_ratio_trends.R=errored; Consequences_of_ASR_bias.R=errored; Life_table_response_experiment.R=ran_ok
[repro] extracted statistical output from 1 script(s)' console output.
[2026-09-20 17:19:28] Batch 724/1861 done (1/1 papers succeeded).
[2026-09-20 17:19:28] Batch 725/1861 (papers 725-725): running reproducibility_check on 1 paper(s), one at a time...
[2026-09-20 17:19:28]   Paper 1/1 in batch (10_1111_1365_2656_13353)...
1 file in https://doi.org/10.5061/dryad.wm37pvmkm exceeded the 100 MB per-file limit and was skipped (the rest of the repository was downloaded). Largest: predator-prey-model-global_sensitivity_analysis-parameter_sets_and_results.csv (218 MB). Raise max_file_size to include them.
1 file in https://doi.org/10.5061/dryad.wm37pvmkm exceeded the 100 MB per-file limit and was skipped (the rest of the repository was downloaded). Largest: predator-prey-model-global_sensitivity_analysis-parameter_sets_and_results.csv (218 MB). Raise max_file_size to include them.
Skipping zip for https://doi.org/10.5061/dryad.wm37pvmkm (only 1 file wanted -- Dryad's zip quota (100/day) is 5x stricter than its per-file quota (500/day), not worth spending on a small dataset); downloading its files individually.
[repro] execute = TRUE (sandbox = docker). install_missing = TRUE, timeout = 3000s, keep_sandbox = FALSE
[repro] sandbox root: C:\Users\dlakens\AppData\Local\Temp\RtmpaqOq5E\repro_sandbox_75023911f34
[repro] docker image: ghcr.io/scienceverse/metacheck_r:latest
[repro] materialising Psych-DS layout from plan (20 plan rows) ...
[repro]   materialised 15/21 files.
[repro] writing 5 rewritten script(s) into the layout ...
[repro]   wrote 5 script(s).
[repro] installing 4 dependenc(y/ies): multisensi, plot3D, reshape2, tidyverse
[repro]   install done: 4 ok, 0 failed.
[repro] skipping (missing inputs): experiments-cheetah_vs_impala.R, experiments-obstacles_and_refuges.R, global_sensitivity_analysis_3-examine_how_variation_in_individual_parameters_affects_model_responses.R
[repro] running 5 script(s) in order: global_sensitivity_analysis_1-calculate_mean_and_median_responses.R -> global_sensitivity_analysis_2-multisensi_sensitivity_analysis.R -> global_sensitivity_analysis_3-examine_how_variation_in_individual_parameters_affects_model_responses.R -> experiments-cheetah_vs_impala.R -> experiments-obstacles_and_refuges.R
[repro/docker]   -> running 'global_sensitivity_analysis_1-calculate_mean_and_median_responses.R' (timeout 3000s) ...
[repro/docker]   <- 'global_sensitivity_analysis_1-calculate_mean_and_median_responses.R' done in 0.5s
[repro/docker]   -> running 'global_sensitivity_analysis_2-multisensi_sensitivity_analysis.R' (timeout 3000s) ...
[repro/docker]   <- 'global_sensitivity_analysis_2-multisensi_sensitivity_analysis.R' done in 0.5s
[repro] execution finished (pass 1). outcomes: global_sensitivity_analysis_1-calculate_mean_and_median_responses.R=errored; global_sensitivity_analysis_2-multisensi_sensitivity_analysis.R=errored; global_sensitivity_analysis_3-examine_how_variation_in_individual_parameters_affects_model_responses.R=skipped_missing_inputs; experiments-cheetah_vs_impala.R=skipped_missing_inputs; experiments-obstacles_and_refuges.R=skipped_missing_inputs
[2026-09-20 17:20:16] Batch 725/1861 done (1/1 papers succeeded).
[2026-09-20 17:20:16] Batch 726/1861 (papers 726-726): running reproducibility_check on 1 paper(s), one at a time...
[2026-09-20 17:20:16]   Paper 1/1 in batch (10_1111_1365_2656_13355)...
[2026-09-20 17:21:09] Batch 726/1861 done (1/1 papers succeeded).
[2026-09-20 17:21:09] Batch 727/1861 (papers 727-727): running reproducibility_check on 1 paper(s), one at a time...
[2026-09-20 17:21:09]   Paper 1/1 in batch (10_1111_1365_2656_13357)...
[2026-09-20 17:21:35] Batch 727/1861 done (1/1 papers succeeded).
[2026-09-20 17:21:35] Batch 728/1861 (papers 728-728): running reproducibility_check on 1 paper(s), one at a time...
[2026-09-20 17:21:35]   Paper 1/1 in batch (10_1111_1365_2656_13367)...
[2026-09-20 17:21:41] Batch 728/1861 done (1/1 papers succeeded).
[2026-09-20 17:21:41] Batch 729/1861 (papers 729-729): running reproducibility_check on 1 paper(s), one at a time...
[2026-09-20 17:21:41]   Paper 1/1 in batch (10_1111_1365_2656_13369)...
[2026-09-20 17:21:54] Batch 729/1861 done (1/1 papers succeeded).
[2026-09-20 17:21:54] Batch 730/1861 (papers 730-730): running reproducibility_check on 1 paper(s), one at a time...
[2026-09-20 17:21:54]   Paper 1/1 in batch (10_1111_1365_2656_13370)...
[2026-09-20 17:22:03] Batch 730/1861 done (1/1 papers succeeded).
[2026-09-20 17:22:03] Batch 731/1861 (papers 731-731): running reproducibility_check on 1 paper(s), one at a time...
[2026-09-20 17:22:03]   Paper 1/1 in batch (10_1111_1365_2656_13372)...
[repro] execute = TRUE (sandbox = docker). install_missing = TRUE, timeout = 3000s, keep_sandbox = FALSE
[repro] sandbox root: C:\Users\dlakens\AppData\Local\Temp\RtmpaqOq5E\repro_sandbox_75042b34c68
[repro] docker image: ghcr.io/scienceverse/metacheck_r:latest
[repro] materialising Psych-DS layout from plan (2 plan rows) ...
[repro]   materialised 2/3 files.
[repro] writing 1 rewritten script(s) into the layout ...
[repro]   wrote 1 script(s).
[repro] installing 14 dependenc(y/ies): Biobase, cowplot, ggeffects, ggplot2, gridExtra, lme4, lmerTest, multcompView, MuMIn, rain, rcompanion, reshape, rptR, xlsx
[repro]   install done: 0 ok, 14 failed.
[repro] skipping (missing inputs): Script_JAE_final_DRYAD.R
[repro] running 1 script(s) in order: Script_JAE_final_DRYAD.R
[repro] execution finished (pass 1). outcomes: Script_JAE_final_DRYAD.R=skipped_missing_inputs
[2026-09-20 17:22:15] Batch 731/1861 done (1/1 papers succeeded).
[2026-09-20 17:22:15] Batch 732/1861 (papers 732-732): running reproducibility_check on 1 paper(s), one at a time...
[2026-09-20 17:22:15]   Paper 1/1 in batch (10_1111_1365_2656_13382)...
[2026-09-20 17:22:20] Batch 732/1861 done (1/1 papers succeeded).
[2026-09-20 17:22:20] Batch 733/1861 (papers 733-733): running reproducibility_check on 1 paper(s), one at a time...
[2026-09-20 17:22:20]   Paper 1/1 in batch (10_1111_1365_2656_13383)...
[2026-09-20 17:22:24] Batch 733/1861 done (1/1 papers succeeded).
[2026-09-20 17:22:24] Batch 734/1861 (papers 734-734): running reproducibility_check on 1 paper(s), one at a time...
[2026-09-20 17:22:24]   Paper 1/1 in batch (10_1111_1365_2656_13386)...
[2026-09-20 17:22:26] Batch 734/1861 done (1/1 papers succeeded).
[2026-09-20 17:22:26] Batch 735/1861 (papers 735-735): running reproducibility_check on 1 paper(s), one at a time...
[2026-09-20 17:22:26]   Paper 1/1 in batch (10_1111_1365_2656_13387)...
[2026-09-20 17:22:27] Batch 735/1861 done (1/1 papers succeeded).
[2026-09-20 17:22:27] Batch 736/1861 (papers 736-736): running reproducibility_check on 1 paper(s), one at a time...
[2026-09-20 17:22:27]   Paper 1/1 in batch (10_1111_1365_2656_13390)...
[2026-09-20 17:22:29] Batch 736/1861 done (1/1 papers succeeded).
[2026-09-20 17:22:29] Batch 737/1861 (papers 737-737): running reproducibility_check on 1 paper(s), one at a time...
[2026-09-20 17:22:29]   Paper 1/1 in batch (10_1111_1365_2656_13391)...
[2026-09-20 17:22:30] Batch 737/1861 done (1/1 papers succeeded).
[2026-09-20 17:22:30] Batch 738/1861 (papers 738-738): running reproducibility_check on 1 paper(s), one at a time...
[2026-09-20 17:22:30]   Paper 1/1 in batch (10_1111_1365_2656_13402)...
[2026-09-20 17:22:38] Batch 738/1861 done (1/1 papers succeeded).
[2026-09-20 17:22:38] Batch 739/1861 (papers 739-739): running reproducibility_check on 1 paper(s), one at a time...
[2026-09-20 17:22:38]   Paper 1/1 in batch (10_1111_1365_2656_13407)...
[2026-09-20 17:22:39] Batch 739/1861 done (1/1 papers succeeded).
[2026-09-20 17:22:39] Batch 740/1861 (papers 740-740): running reproducibility_check on 1 paper(s), one at a time...
[2026-09-20 17:22:39]   Paper 1/1 in batch (10_1111_1365_2656_13408)...
[2026-09-20 17:22:41] Batch 740/1861 done (1/1 papers succeeded).
[2026-09-20 17:22:41] Batch 741/1861 (papers 741-741): running reproducibility_check on 1 paper(s), one at a time...
[2026-09-20 17:22:41]   Paper 1/1 in batch (10_1111_1365_2656_13414)...
[2026-09-20 17:22:43] Batch 741/1861 done (1/1 papers succeeded).
[2026-09-20 17:22:43] Batch 742/1861 (papers 742-742): running reproducibility_check on 1 paper(s), one at a time...
[2026-09-20 17:22:43]   Paper 1/1 in batch (10_1111_1365_2656_13415)...
[repro] execute = TRUE (sandbox = docker). install_missing = TRUE, timeout = 3000s, keep_sandbox = FALSE
[repro] sandbox root: C:\Users\dlakens\AppData\Local\Temp\RtmpaqOq5E\repro_sandbox_75039ec10a6
[repro] docker image: ghcr.io/scienceverse/metacheck_r:latest
[repro] materialising Psych-DS layout from plan (16 plan rows) ...
[repro]   materialised 10/16 files.
[repro] writing 5 rewritten script(s) into the layout ...
[repro]   wrote 5 script(s).
[repro] installing 5 dependenc(y/ies): ape, corrplot, fields, Hmsc, snow
[repro]   install done: 5 ok, 0 failed.
[repro] running 5 script(s) in order: S1_Fit_model_ParasioidsOfLeps.R -> S2_Show_parameters.R -> S3a_Compute_model_fit.R -> S3b_Show_model_fit.R -> S4_Make_prediction.R
[repro/docker]   -> running 'S1_Fit_model_ParasioidsOfLeps.R' (timeout 3000s) ...
[repro/docker]   <- 'S1_Fit_model_ParasioidsOfLeps.R' done in 3.4s
[repro/docker]   -> running 'S2_Show_parameters.R' (timeout 3000s) ...
[repro/docker]   <- 'S2_Show_parameters.R' done in 3.5s
[repro/docker]   -> running 'S3a_Compute_model_fit.R' (timeout 3000s) ...
[repro/docker]   <- 'S3a_Compute_model_fit.R' done in 3.3s
[repro/docker]   -> running 'S3b_Show_model_fit.R' (timeout 3000s) ...
[repro/docker]   <- 'S3b_Show_model_fit.R' done in 3.4s
[repro/docker]   -> running 'S4_Make_prediction.R' (timeout 3000s) ...
[repro/docker]   <- 'S4_Make_prediction.R' done in 3.9s
[repro] execution finished (pass 1). outcomes: S1_Fit_model_ParasioidsOfLeps.R=errored; S2_Show_parameters.R=errored; S3a_Compute_model_fit.R=errored; S3b_Show_model_fit.R=errored; S4_Make_prediction.R=errored
[repro] extracted statistical output from 4 script(s)' console output.
[2026-09-20 17:23:50] Batch 742/1861 done (1/1 papers succeeded).
[2026-09-20 17:23:50] Batch 743/1861 (papers 743-743): running reproducibility_check on 1 paper(s), one at a time...
[2026-09-20 17:23:50]   Paper 1/1 in batch (10_1111_1365_2656_13417)...
[2026-09-20 17:23:59] Batch 743/1861 done (1/1 papers succeeded).
[2026-09-20 17:23:59] Batch 744/1861 (papers 744-744): running reproducibility_check on 1 paper(s), one at a time...
[2026-09-20 17:23:59]   Paper 1/1 in batch (10_1111_1365_2656_13419)...
[2026-09-20 17:24:00] Batch 744/1861 done (1/1 papers succeeded).
[2026-09-20 17:24:00] Batch 745/1861 (papers 745-745): running reproducibility_check on 1 paper(s), one at a time...
[2026-09-20 17:24:00]   Paper 1/1 in batch (10_1111_1365_2656_13431)...
1 file in http://doi.org/10.5281/zenodo.3565706 exceeded the 100 MB per-file limit and was skipped (the rest of the repository was downloaded). Largest: multitrack_gull_clean.RDS (1286 MB). Raise max_file_size to include them.
1 file in http://doi.org/10.5281/zenodo.3565706 exceeded the 100 MB per-file limit and was skipped (the rest of the repository was downloaded). Largest: multitrack_gull_clean.RDS (1286 MB). Raise max_file_size to include them.
[2026-09-20 17:24:02] Batch 745/1861 done (1/1 papers succeeded).
[2026-09-20 17:24:02] Batch 746/1861 (papers 746-746): running reproducibility_check on 1 paper(s), one at a time...
[2026-09-20 17:24:02]   Paper 1/1 in batch (10_1111_1365_2656_13439)...
[2026-09-20 17:24:02] Batch 746/1861 done (1/1 papers succeeded).
[2026-09-20 17:24:02] Batch 747/1861 (papers 747-747): running reproducibility_check on 1 paper(s), one at a time...
[2026-09-20 17:24:02]   Paper 1/1 in batch (10_1111_1365_2656_13447)...
[repro] execute = TRUE (sandbox = docker). install_missing = TRUE, timeout = 3000s, keep_sandbox = FALSE
[repro] sandbox root: C:\Users\dlakens\AppData\Local\Temp\RtmpaqOq5E\repro_sandbox_75062d22257
[repro] docker image: ghcr.io/scienceverse/metacheck_r:latest
[repro] materialising Psych-DS layout from plan (8 plan rows) ...
[repro]   materialised 5/10 files.
[repro] writing 3 rewritten script(s) into the layout ...
[repro]   wrote 3 script(s).
[repro] installing 3 dependenc(y/ies): fluxweb, igraph, knitr
[repro]   install done: 3 ok, 0 failed.
[repro] running 3 script(s) in order: BalticFoodWeb.R -> BalticFoodWeb.Rmd -> Script.R
[repro/docker]   -> running 'BalticFoodWeb.R' (timeout 3000s) ...
[repro/docker]   <- 'BalticFoodWeb.R' done in 1.7s
[repro/docker]   -> running 'BalticFoodWeb.Rmd' (timeout 3000s) ...
[repro/docker]   <- 'BalticFoodWeb.Rmd' done in 1.9s
[repro/docker]   -> running 'Script.R' (timeout 3000s) ...
[repro/docker]   <- 'Script.R' done in 1.6s
[repro] execution finished (pass 1). outcomes: BalticFoodWeb.R=ran_ok; BalticFoodWeb.Rmd=ran_ok; Script.R=ran_ok
[2026-09-20 17:24:30] Batch 747/1861 done (1/1 papers succeeded).
[2026-09-20 17:24:30] Batch 748/1861 (papers 748-748): running reproducibility_check on 1 paper(s), one at a time...
[2026-09-20 17:24:30]   Paper 1/1 in batch (10_1111_1365_2656_13449)...
[repro] execute = TRUE (sandbox = docker). install_missing = TRUE, timeout = 3000s, keep_sandbox = FALSE
[repro] sandbox root: C:\Users\dlakens\AppData\Local\Temp\RtmpaqOq5E\repro_sandbox_75012244d92
[repro] docker image: ghcr.io/scienceverse/metacheck_r:latest
[repro] materialising Psych-DS layout from plan (5 plan rows) ...
[repro]   materialised 3/6 files.
[repro] writing 2 rewritten script(s) into the layout ...
[repro]   wrote 2 script(s).
[repro] installing 5 dependenc(y/ies): data.table, dplyr, jagsUI, lubridate, tidyverse
[repro]   install done: 5 ok, 0 failed.
[repro] running 2 script(s) in order: Buechley_et_al_2021_analysis_code.r -> PRIOR_SENSIBILITY_TEST.r
[repro/docker]   -> running 'Buechley_et_al_2021_analysis_code.r' (timeout 3000s) ...
[repro/docker]   <- 'Buechley_et_al_2021_analysis_code.r' done in 2.8s
[repro/docker]   -> running 'PRIOR_SENSIBILITY_TEST.r' (timeout 3000s) ...
[repro/docker]   <- 'PRIOR_SENSIBILITY_TEST.r' done in 0.6s
[repro] execution finished (pass 1). outcomes: Buechley_et_al_2021_analysis_code.r=errored; PRIOR_SENSIBILITY_TEST.r=errored
[repro] extracted statistical output from 1 script(s)' console output.
[2026-09-20 17:25:06] Batch 748/1861 done (1/1 papers succeeded).
[2026-09-20 17:25:06] Batch 749/1861 (papers 749-749): running reproducibility_check on 1 paper(s), one at a time...
[2026-09-20 17:25:06]   Paper 1/1 in batch (10_1111_1365_2656_13461)...
[2026-09-20 17:25:20] Batch 749/1861 done (1/1 papers succeeded).
[2026-09-20 17:25:20] Batch 750/1861 (papers 750-750): running reproducibility_check on 1 paper(s), one at a time...
[2026-09-20 17:25:20]   Paper 1/1 in batch (10_1111_1365_2656_13463)...
Downloading http://github.com/TomShlesinger/Different_coral_population_trajectories as zip (1 file)...
[repro] execute = TRUE (sandbox = docker). install_missing = TRUE, timeout = 3000s, keep_sandbox = FALSE
[repro] sandbox root: C:\Users\dlakens\AppData\Local\Temp\RtmpaqOq5E\repro_sandbox_75074a7621c
[repro] docker image: ghcr.io/scienceverse/metacheck_r:latest
[repro] materialising Psych-DS layout from plan (8 plan rows) ...
[repro]   materialised 6/8 files.
[repro] writing 1 rewritten script(s) into the layout ...
[repro]   wrote 1 script(s).
[repro] installing 4 dependenc(y/ies): fields, glmmADMB, IPMpack, tidyverse
[repro]   install done: 2 ok, 2 failed.
[repro] running 1 script(s) in order: IPM_script.R
[repro/docker]   -> running 'IPM_script.R' (timeout 3000s) ...
[repro/docker]   <- 'IPM_script.R' done in 2s
[repro] execution finished (pass 1). outcomes: IPM_script.R=errored
[2026-09-20 17:25:43] Batch 750/1861 done (1/1 papers succeeded).
[2026-09-20 17:25:43] Batch 751/1861 (papers 751-751): running reproducibility_check on 1 paper(s), one at a time...
[2026-09-20 17:25:43]   Paper 1/1 in batch (10_1111_1365_2656_13469)...
[2026-09-20 17:26:39] Batch 751/1861 done (1/1 papers succeeded).
[2026-09-20 17:26:39] Batch 752/1861 (papers 752-752): running reproducibility_check on 1 paper(s), one at a time...
[2026-09-20 17:26:39]   Paper 1/1 in batch (10_1111_1365_2656_13470)...
! Multiple files in zip: reading ''[Content_Types].xml''
Multiple files in zip: reading '[Content_Types].xml'
! Multiple files in zip: reading ''[Content_Types].xml''
Multiple files in zip: reading '[Content_Types].xml'
! Multiple files in zip: reading ''[Content_Types].xml''
Multiple files in zip: reading '[Content_Types].xml'
! Multiple files in zip: reading ''[Content_Types].xml''
Multiple files in zip: reading '[Content_Types].xml'
[repro] execute = TRUE (sandbox = docker). install_missing = TRUE, timeout = 3000s, keep_sandbox = FALSE
[repro] sandbox root: C:\Users\dlakens\AppData\Local\Temp\RtmpaqOq5E\repro_sandbox_7501a5e3784
[repro] docker image: ghcr.io/scienceverse/metacheck_r:latest
[repro] materialising Psych-DS layout from plan (15 plan rows) ...
[repro]   materialised 14/15 files.
[repro] writing 1 rewritten script(s) into the layout ...
[repro]   wrote 1 script(s).
[repro] install_missing FALSE or no deps; skipping installs.
[repro] running 1 script(s) in order: FinalAnalysisSizevsSpecies.Rmd
[repro/docker]   -> running 'FinalAnalysisSizevsSpecies.Rmd' (timeout 3000s) ...
[repro/docker]   <- 'FinalAnalysisSizevsSpecies.Rmd' done in 0.5s
[repro] execution finished (pass 1). outcomes: FinalAnalysisSizevsSpecies.Rmd=ran_ok
[2026-09-20 17:26:51] Batch 752/1861 done (1/1 papers succeeded).
[2026-09-20 17:26:51] Batch 753/1861 (papers 753-753): running reproducibility_check on 1 paper(s), one at a time...
[2026-09-20 17:26:51]   Paper 1/1 in batch (10_1111_1365_2656_13477)...
[2026-09-20 17:27:07] Batch 753/1861 done (1/1 papers succeeded).
[2026-09-20 17:27:07] Batch 754/1861 (papers 754-754): running reproducibility_check on 1 paper(s), one at a time...
[2026-09-20 17:27:07]   Paper 1/1 in batch (10_1111_1365_2656_13478)...
[2026-09-20 17:27:08] Batch 754/1861 done (1/1 papers succeeded).
[2026-09-20 17:27:08] Batch 755/1861 (papers 755-755): running reproducibility_check on 1 paper(s), one at a time...
[2026-09-20 17:27:08]   Paper 1/1 in batch (10_1111_1365_2656_13486)...
[2026-09-20 17:27:09] Batch 755/1861 done (1/1 papers succeeded).
[2026-09-20 17:27:09] Batch 756/1861 (papers 756-756): running reproducibility_check on 1 paper(s), one at a time...
[2026-09-20 17:27:09]   Paper 1/1 in batch (10_1111_1365_2656_13488)...
[repro] execute = TRUE (sandbox = docker). install_missing = TRUE, timeout = 3000s, keep_sandbox = FALSE
[repro] sandbox root: C:\Users\dlakens\AppData\Local\Temp\RtmpaqOq5E\repro_sandbox_7507b05916
[repro] docker image: ghcr.io/scienceverse/metacheck_r:latest
[repro] materialising Psych-DS layout from plan (12 plan rows) ...
[repro]   materialised 8/14 files.
[repro] writing 1 rewritten script(s) into the layout ...
[repro]   wrote 1 script(s).
[repro] installing 4 dependenc(y/ies): adegenet, data.table, gdm, hierfstat
[repro]   install done: 4 ok, 0 failed.
[repro] skipping (missing inputs): GDM Upload 20180412.R
[repro] running 1 script(s) in order: GDM Upload 20180412.R
[repro] execution finished (pass 1). outcomes: GDM Upload 20180412.R=not_parsed
[2026-09-20 17:27:39] Batch 756/1861 done (1/1 papers succeeded).
[2026-09-20 17:27:39] Batch 757/1861 (papers 757-757): running reproducibility_check on 1 paper(s), one at a time...
[2026-09-20 17:27:39]   Paper 1/1 in batch (10_1111_1365_2656_13491)...
[2026-09-20 17:28:12] Batch 757/1861 done (1/1 papers succeeded).
[2026-09-20 17:28:12] Batch 758/1861 (papers 758-758): running reproducibility_check on 1 paper(s), one at a time...
[2026-09-20 17:28:12]   Paper 1/1 in batch (10_1111_1365_2656_13492)...
[repro] execute = TRUE (sandbox = docker). install_missing = TRUE, timeout = 3000s, keep_sandbox = FALSE
[repro] sandbox root: C:\Users\dlakens\AppData\Local\Temp\RtmpaqOq5E\repro_sandbox_75064a51f2d
[repro] docker image: ghcr.io/scienceverse/metacheck_r:latest
[repro] materialising Psych-DS layout from plan (6 plan rows) ...
[repro]   materialised 3/7 files.
[repro] writing 1 rewritten script(s) into the layout ...
[repro]   wrote 1 script(s).
[repro] installing 11 dependenc(y/ies): ggplot2, glmmTMB, lme4, lubridate, magrittr, plyr, runjags, sjPlot, stringr, tidyverse, Xmisc
[repro]   install done: 10 ok, 1 failed.
[repro] running 1 script(s) in order: Final_SI_MonarchNeonic.R
[repro/docker]   -> running 'Final_SI_MonarchNeonic.R' (timeout 3000s) ...
[repro/docker]   <- 'Final_SI_MonarchNeonic.R' done in 3.3s
[repro] execution finished (pass 1). outcomes: Final_SI_MonarchNeonic.R=errored
[2026-09-20 17:28:54] Batch 758/1861 done (1/1 papers succeeded).
[2026-09-20 17:28:54] Batch 759/1861 (papers 759-759): running reproducibility_check on 1 paper(s), one at a time...
[2026-09-20 17:28:54]   Paper 1/1 in batch (10_1111_1365_2656_13496)...
[2026-09-20 17:29:14] Batch 759/1861 done (1/1 papers succeeded).
[2026-09-20 17:29:14] Batch 760/1861 (papers 760-760): running reproducibility_check on 1 paper(s), one at a time...
[2026-09-20 17:29:14]   Paper 1/1 in batch (10_1111_1365_2656_13502)...
[2026-09-20 17:29:16] Batch 760/1861 done (1/1 papers succeeded).
[2026-09-20 17:29:16] Batch 761/1861 (papers 761-761): running reproducibility_check on 1 paper(s), one at a time...
[2026-09-20 17:29:16]   Paper 1/1 in batch (10_1111_1365_2656_13504)...
2 downloads from https://doi.org/10.6085/AA/marine_ltm.20.1 failed after retries (e.g. marine_species_table.csv: HTTP 404 Not Found.). Re-run to retry: cached files are reused, only the missing files are fetched.
2 downloads from https://doi.org/10.6085/AA/marine_ltm.20.1 failed after retries (e.g. marine_species_table.csv: HTTP 404 Not Found.). Re-run to retry: cached files are reused, only the missing files are fetched.
[2026-09-20 17:29:21] Batch 761/1861 done (1/1 papers succeeded).
[2026-09-20 17:29:21] Batch 762/1861 (papers 762-762): running reproducibility_check on 1 paper(s), one at a time...
[2026-09-20 17:29:21]   Paper 1/1 in batch (10_1111_1365_2656_13514)...
[2026-09-20 17:29:23] Batch 762/1861 done (1/1 papers succeeded).
[2026-09-20 17:29:23] Batch 763/1861 (papers 763-763): running reproducibility_check on 1 paper(s), one at a time...
[2026-09-20 17:29:23]   Paper 1/1 in batch (10_1111_1365_2656_13515)...
Downloading https://github.com/mfidino/coyote-mange as zip (1 file)...
[repro] execute = TRUE (sandbox = docker). install_missing = TRUE, timeout = 3000s, keep_sandbox = FALSE
[repro] sandbox root: C:\Users\dlakens\AppData\Local\Temp\RtmpaqOq5E\repro_sandbox_75020795dd2
[repro] docker image: ghcr.io/scienceverse/metacheck_r:latest
[repro] materialising Psych-DS layout from plan (79 plan rows) ...
[repro]   materialised 25/79 files.
[repro] writing 10 rewritten script(s) into the layout ...
[repro]   wrote 10 script(s).
[repro] installing 11 dependenc(y/ies): coda, data.table, dplyr, knitr, lubridate, mcmcplots, prettymapr, runjags, scales, sf, tidyr
[repro]   install done: 9 ok, 2 failed.
[repro] skipping (missing inputs): model_simulation_example.Rmd
[repro] running 10 script(s) in order: conditional_model.R -> conditional_model_autologistic.R -> conditional_model_single_season.R -> model_simulation_example.Rmd -> prep_data.R -> evaluate_mange_model.R -> fit_conditional_mange_model.R -> mange_map.R -> simulate_conditional_data.R -> summarize_conditional_mange_model.R
[repro/docker]   -> running 'prep_data.R' (timeout 3000s) ...
[repro/docker]   <- 'prep_data.R' done in 1.8s
[repro/docker]   -> running 'evaluate_mange_model.R' (timeout 3000s) ...
[repro/docker]   <- 'evaluate_mange_model.R' done in 1.9s
[repro/docker]   -> running 'fit_conditional_mange_model.R' (timeout 3000s) ...
[repro/docker]   <- 'fit_conditional_mange_model.R' done in 1.7s
[repro/docker]   -> running 'mange_map.R' (timeout 3000s) ...
[repro/docker]   <- 'mange_map.R' done in 1.5s
[repro/docker]   -> running 'simulate_conditional_data.R' (timeout 3000s) ...
[repro/docker]   <- 'simulate_conditional_data.R' done in 0.9s
[repro/docker]   -> running 'summarize_conditional_mange_model.R' (timeout 3000s) ...
[repro/docker]   <- 'summarize_conditional_mange_model.R' done in 1.7s
[repro] execution finished (pass 1). outcomes: conditional_model.R=not_parsed; conditional_model_autologistic.R=not_parsed; conditional_model_single_season.R=not_parsed; model_simulation_example.Rmd=skipped_missing_inputs; prep_data.R=errored; evaluate_mange_model.R=errored; fit_conditional_mange_model.R=errored; mange_map.R=errored; simulate_conditional_data.R=errored; summarize_conditional_mange_model.R=errored
[2026-09-20 17:30:44] Batch 763/1861 done (1/1 papers succeeded).
[2026-09-20 17:30:44] Batch 764/1861 (papers 764-764): running reproducibility_check on 1 paper(s), one at a time...
[2026-09-20 17:30:44]   Paper 1/1 in batch (10_1111_1365_2656_13516)...
[2026-09-20 17:30:47] Batch 764/1861 done (1/1 papers succeeded).
[2026-09-20 17:30:47] Batch 765/1861 (papers 765-765): running reproducibility_check on 1 paper(s), one at a time...
[2026-09-20 17:30:47]   Paper 1/1 in batch (10_1111_1365_2656_13534)...
Downloading https://github.com/jcdterry/TCL_DrosMCT as zip (1 file)...
[repro] execute = TRUE (sandbox = docker). install_missing = TRUE, timeout = 3000s, keep_sandbox = FALSE
[repro] sandbox root: C:\Users\dlakens\AppData\Local\Temp\RtmpaqOq5E\repro_sandbox_75024a8299f
[repro] docker image: ghcr.io/scienceverse/metacheck_r:latest
[repro] materialising Psych-DS layout from plan (86 plan rows) ...
[repro]   materialised 12/86 files.
[repro] writing 8 rewritten script(s) into the layout ...
[repro]   wrote 8 script(s).
[repro] installing 16 dependenc(y/ies): bayesplot, cowplot, ggpubr, ggrepel, gridExtra, igraph, kableExtra, knitr, loo, magrittr, matrixStats, randomcoloR, rstan, scales, shinystan, tidyverse
[repro]   install done: 0 ok, 16 failed.
[repro] running 8 script(s) in order: SI1.Rmd -> SI2.Rmd -> Other Functions.R -> SI4.Rmd -> Main Text Analyses.Rmd -> Stanfunctions.R -> SI3.Rmd -> Fitting Core STAN models.Rmd
[repro/docker]   -> running 'SI1.Rmd' (timeout 3000s) ...
[repro/docker]   <- 'SI1.Rmd' done in 2.5s
[repro/docker]   -> running 'SI2.Rmd' (timeout 3000s) ...
[repro/docker]   <- 'SI2.Rmd' done in 3.1s
[repro/docker]   -> running 'Other Functions.R' (timeout 3000s) ...
[repro/docker]   <- 'Other Functions.R' done in 0.5s
[repro/docker]   -> running 'SI4.Rmd' (timeout 3000s) ...
[repro/docker]   <- 'SI4.Rmd' done in 2.9s
[repro/docker]   -> running 'Main Text Analyses.Rmd' (timeout 3000s) ...
[repro/docker]   <- 'Main Text Analyses.Rmd' done in 2.6s
[repro/docker]   -> running 'Stanfunctions.R' (timeout 3000s) ...
[repro/docker]   <- 'Stanfunctions.R' done in 0.6s
[repro/docker]   -> running 'SI3.Rmd' (timeout 3000s) ...
[repro/docker]   <- 'SI3.Rmd' done in 3.4s
[repro/docker]   -> running 'Fitting Core STAN models.Rmd' (timeout 3000s) ...
[repro/docker]   <- 'Fitting Core STAN models.Rmd' done in 3.8s
[repro] execution finished (pass 1). outcomes: SI1.Rmd=ran_ok; SI2.Rmd=errored; Other Functions.R=ran_ok; SI4.Rmd=errored; Main Text Analyses.Rmd=errored; Stanfunctions.R=ran_ok; SI3.Rmd=errored; Fitting Core STAN models.Rmd=errored
[repro] extracted statistical output from 3 script(s)' console output.
[2026-09-20 17:31:33] Batch 765/1861 done (1/1 papers succeeded).
[2026-09-20 17:31:33] Batch 766/1861 (papers 766-766): running reproducibility_check on 1 paper(s), one at a time...
[2026-09-20 17:31:33]   Paper 1/1 in batch (10_1111_1365_2656_13543)...
[2026-09-20 17:31:50] Batch 766/1861 done (1/1 papers succeeded).
[2026-09-20 17:31:50] Batch 767/1861 (papers 767-767): running reproducibility_check on 1 paper(s), one at a time...
[2026-09-20 17:31:50]   Paper 1/1 in batch (10_1111_1365_2656_13544)...
[2026-09-20 17:31:54] Batch 767/1861 done (1/1 papers succeeded).
[2026-09-20 17:31:54] Batch 768/1861 (papers 768-768): running reproducibility_check on 1 paper(s), one at a time...
[2026-09-20 17:31:54]   Paper 1/1 in batch (10_1111_1365_2656_13545)...
Downloading https://github.com/DanJeffries/Rana-temporaria-genome-assembly/wiki as zip (1 file)...
[repro] execute = TRUE (sandbox = docker). install_missing = TRUE, timeout = 3000s, keep_sandbox = FALSE
[repro] sandbox root: C:\Users\dlakens\AppData\Local\Temp\RtmpaqOq5E\repro_sandbox_75036ee1f15
[repro] docker image: ghcr.io/scienceverse/metacheck_r:latest
[repro] materialising Psych-DS layout from plan (255 plan rows) ...
[repro]   materialised 10/257 files.
[repro] writing 98 rewritten script(s) into the layout ...
[repro]   wrote 98 script(s).
[repro] installing 11 dependenc(y/ies): adegenet, ape, cowplot, data.table, ggplot2, magrittr, optparse, phangorn, RColorBrewer, reshape2, tidyverse
[repro]   install done: 0 ok, 11 failed.
[repro] skipping (missing inputs): distribution_graphs.r, missing_data_graphs.r, plot_log_likelihoods.r, popgen_plot_pca.R, popgen_plot_pca_2_variables.R, Plotting_LepMap3_IBD_outputs.R
[repro] running 98 script(s) in order: popgen_plot_pca_2_variables.R -> Plotting_LepMap3_IBD_outputs.R -> 09_classify_snps_spencer_bruce_2trout_024-056-27.R -> 09_classify_snps_imane_mehdi_3_species_2026-01-16.R -> 09_classify_snps_epic4.R -> 09_classify_snps_guillaume_cote_chevalier_5sp.R -> 09_classify_snps_safo_alf_2020-01-31.R -> 09_classify_snps_nicolas_leroux_2020-07-30.R -> 09_classify_snps_alexandre_carbonneau_2020-09-31.R -> 09_classify_snps_alexandre_carbonneau_2022-05-03.R -> 09_classify_snps_amy_wilson_puffin_2022-07-15.R -> 09_classify_snps_guillaume_cote_dore_2022-07-26.R -> 09_classify_snps_iraj_trout_2022-09-12.R -> 09_classify_snps_richard_ree_2022-09-14.R -> 09_classify_snps_iraj_trout_2022-11-24.R -> 09_classify_snps_iraj_cave_barb_2022-11-28.R -> 09_classify_snps_suman_parajuli_2022-12-07.R -> 09_classify_snps_guillaume_cote_salmo_salar_2022-12-19_proj2.R -> 09_classify_snps_guillaume_cote_salmo_salar_2022-12-19.R -> 09_classify_snps_alizee_thomas_piranha_2023-02-08.R -> 09_classify_snps_guillaume_cote_dore_2023-03-01.R -> 09_classify_snps_martin_williams_2023-04-18.R -> 09_classify_snps_nathalie_isabel_oak_2023-05-02.R -> 09_classify_snps_fes_merluche_2023-05-18.R -> 09_classify_snps_siaka_irvingia_wombolu_2023-09-23.R -> 09_classify_snps_julie_godbout_erables_2023-11-20.R -> 09_classify_snps_monica_mowery_2024-01-18.R -> 09_classify_snps_alejandro_flores_amphibians_2024-01-23.R -> 09_classify_snps_laetitia_hedouin_coral_2024-03-28.R -> 09_classify_snps_andreas_eich_acropora_corals_2024-04-25.R -> 09_classify_snps_nathalie_isabel_oak_2024-04-29.R -> 09_classify_snps_brook_trout_2024-05-31.R -> 09_classify_snps_martin_williams_2024-06-21.R -> 09_classify_snps_ilga_porth_qm_2024-06-28.R -> 09_classify_snps_martin_williams_2024-07-12.R -> 09_classify_snps_ashley_thompson_yellow_birch_2024-09-16.R -> 09_classify_snps_fes_merluche_2024-11-15.R -> 09_classify_snps_guillaume_cote_chevcuiv_2025-06-09.R -> 09_classify_snps_imane_mehdi_saal_2025-06-10.R -> 09_classify_snps_beet_2026-01-09.R -> 09_classify_snps_canids_2026-01-29.R -> 09_classify_snps_pauline_hessenauer_orme_amerique_2026-03-30.R -> 09_classify_snps_triticum_aestivum_2026-05-11.R -> 09_classify_snps_trout_power_2026-05-14.R -> 09_classify_snps_guillaume_cote_dore_2026-05-19.R -> 09_classify_snps_laricobius_sp_2026-06-17.R -> 09_classify_snps_felix_labrecque_salmonids_2026-07-18.R -> 09_classify_snps_guillaume_cote_chevalier_mohu_only_2026-07-27.R -> 09_classify_snps_etienne_bezault_iguana_reference_2026-07-28.R -> 09_classify_snps_yann_4000_lobsters.R -> 09_classify_snps.R -> 09_classify_snps_amanda_seecukes.R -> 09_classify_snps_amy.R -> 09_classify_snps_anne_beemelmans_coho.R -> 09_classify_snps_bahram_samanfar_lupin.R -> 09_classify_snps_bahram_samanfar_lupin_mutabilis.R -> 09_classify_snps_bahram_samanfar_soybean.R -> 09_classify_snps_barbara_cruz-salazar_mouse.R -> 09_classify_snps_beet.R -> 09_classify_snps_caroline_dube_corals.R -> 09_classify_snps_doug_cattani_wheatgrass.R -> 09_classify_snps_edeline_gagnon_magnolia.R -> 09_classify_snps_ewan_stenhouse_stoat.R -> 09_classify_snps_fanny_fronton_gadhua.R -> 09_classify_snps_flora_amill.R -> 09_classify_snps_frog_briar.R -> 09_classify_snps_gabriela.R -> 09_classify_snps_hugo.R -> 09_classify_snps_hugo_amphibiens.R -> 09_classify_snps_jasmine_james_hosackia_pinnata.R -> 09_classify_snps_joelle_taillon_boeuf_musque.R -> 09_classify_snps_julia_riley_garter_snake.R -> 09_classify_snps_julia_riley_salamander.R -> 09_classify_snps_karite.R -> 09_classify_snps_katie_and_yuma.R -> 09_classify_snps_maude.R -> 09_classify_snps_maude_and_xavier_gtseq.R -> 09_classify_snps_melanieG.R -> 09_classify_snps_nathaliia_kryvda_populus_tremuloides.R -> 09_classify_snps_olivier_morissette_perchaude.R -> 09_classify_snps_om_rajora_pine.R -> 09_classify_snps_queen_conch.R -> 09_classify_snps_silk_snapper.R -> 09_classify_snps_sollio.R -> 09_classify_snps_valentina.R -> 09_classify_snps_yaoxin.R -> distribution_graphs.r -> fis_filtering_simulation.R -> missing_data_graphs.r -> plink_cluster_missing_figure.R -> plot_admixture.R -> plot_heterozygozity.R -> plot_log_likelihoods.r -> plot_relatedness_graphs.R -> popgen_plot_admixture_multiple_k.R -> popgen_plot_pairwise_fst.R -> popgen_plot_pca.R -> tree_from_distances.R
[repro/docker]   -> running '09_classify_snps_spencer_bruce_2trout_024-056-27.R' (timeout 3000s) ...
[repro/docker]   <- '09_classify_snps_spencer_bruce_2trout_024-056-27.R' done in 0.7s
[repro/docker]   -> running '09_classify_snps_imane_mehdi_3_species_2026-01-16.R' (timeout 3000s) ...
[repro/docker]   <- '09_classify_snps_imane_mehdi_3_species_2026-01-16.R' done in 0.6s
[repro/docker]   -> running '09_classify_snps_epic4.R' (timeout 3000s) ...
[repro/docker]   <- '09_classify_snps_epic4.R' done in 0.6s
[repro/docker]   -> running '09_classify_snps_guillaume_cote_chevalier_5sp.R' (timeout 3000s) ...
[repro/docker]   <- '09_classify_snps_guillaume_cote_chevalier_5sp.R' done in 0.6s
[repro/docker]   -> running '09_classify_snps_safo_alf_2020-01-31.R' (timeout 3000s) ...
[repro/docker]   <- '09_classify_snps_safo_alf_2020-01-31.R' done in 0.6s
[repro/docker]   -> running '09_classify_snps_nicolas_leroux_2020-07-30.R' (timeout 3000s) ...
[repro/docker]   <- '09_classify_snps_nicolas_leroux_2020-07-30.R' done in 0.6s
[repro/docker]   -> running '09_classify_snps_alexandre_carbonneau_2020-09-31.R' (timeout 3000s) ...
[repro/docker]   <- '09_classify_snps_alexandre_carbonneau_2020-09-31.R' done in 0.7s
[repro/docker]   -> running '09_classify_snps_alexandre_carbonneau_2022-05-03.R' (timeout 3000s) ...
[repro/docker]   <- '09_classify_snps_alexandre_carbonneau_2022-05-03.R' done in 0.7s
[repro/docker]   -> running '09_classify_snps_amy_wilson_puffin_2022-07-15.R' (timeout 3000s) ...
[repro/docker]   <- '09_classify_snps_amy_wilson_puffin_2022-07-15.R' done in 0.6s
[repro/docker]   -> running '09_classify_snps_guillaume_cote_dore_2022-07-26.R' (timeout 3000s) ...
[repro/docker]   <- '09_classify_snps_guillaume_cote_dore_2022-07-26.R' done in 0.7s
[repro/docker]   -> running '09_classify_snps_iraj_trout_2022-09-12.R' (timeout 3000s) ...
[repro/docker]   <- '09_classify_snps_iraj_trout_2022-09-12.R' done in 0.8s
[repro/docker]   -> running '09_classify_snps_richard_ree_2022-09-14.R' (timeout 3000s) ...
[repro/docker]   <- '09_classify_snps_richard_ree_2022-09-14.R' done in 0.7s
[repro/docker]   -> running '09_classify_snps_iraj_trout_2022-11-24.R' (timeout 3000s) ...
[repro/docker]   <- '09_classify_snps_iraj_trout_2022-11-24.R' done in 0.8s
[repro/docker]   -> running '09_classify_snps_iraj_cave_barb_2022-11-28.R' (timeout 3000s) ...
[repro/docker]   <- '09_classify_snps_iraj_cave_barb_2022-11-28.R' done in 0.7s
[repro/docker]   -> running '09_classify_snps_suman_parajuli_2022-12-07.R' (timeout 3000s) ...
[repro/docker]   <- '09_classify_snps_suman_parajuli_2022-12-07.R' done in 0.7s
[repro/docker]   -> running '09_classify_snps_guillaume_cote_salmo_salar_2022-12-19_proj2.R' (timeout 3000s) ...
[repro/docker]   <- '09_classify_snps_guillaume_cote_salmo_salar_2022-12-19_proj2.R' done in 0.7s
[repro/docker]   -> running '09_classify_snps_guillaume_cote_salmo_salar_2022-12-19.R' (timeout 3000s) ...
[repro/docker]   <- '09_classify_snps_guillaume_cote_salmo_salar_2022-12-19.R' done in 0.7s
[repro/docker]   -> running '09_classify_snps_alizee_thomas_piranha_2023-02-08.R' (timeout 3000s) ...
[repro/docker]   <- '09_classify_snps_alizee_thomas_piranha_2023-02-08.R' done in 0.6s
[repro/docker]   -> running '09_classify_snps_guillaume_cote_dore_2023-03-01.R' (timeout 3000s) ...
[repro/docker]   <- '09_classify_snps_guillaume_cote_dore_2023-03-01.R' done in 0.6s
[repro/docker]   -> running '09_classify_snps_martin_williams_2023-04-18.R' (timeout 3000s) ...
[repro/docker]   <- '09_classify_snps_martin_williams_2023-04-18.R' done in 0.6s
[repro/docker]   -> running '09_classify_snps_nathalie_isabel_oak_2023-05-02.R' (timeout 3000s) ...
[repro/docker]   <- '09_classify_snps_nathalie_isabel_oak_2023-05-02.R' done in 0.6s
[repro/docker]   -> running '09_classify_snps_fes_merluche_2023-05-18.R' (timeout 3000s) ...
[repro/docker]   <- '09_classify_snps_fes_merluche_2023-05-18.R' done in 0.6s
[repro/docker]   -> running '09_classify_snps_siaka_irvingia_wombolu_2023-09-23.R' (timeout 3000s) ...
[repro/docker]   <- '09_classify_snps_siaka_irvingia_wombolu_2023-09-23.R' done in 0.6s
[repro/docker]   -> running '09_classify_snps_julie_godbout_erables_2023-11-20.R' (timeout 3000s) ...
[repro/docker]   <- '09_classify_snps_julie_godbout_erables_2023-11-20.R' done in 0.7s
[repro/docker]   -> running '09_classify_snps_monica_mowery_2024-01-18.R' (timeout 3000s) ...
[repro/docker]   <- '09_classify_snps_monica_mowery_2024-01-18.R' done in 0.6s
[repro/docker]   -> running '09_classify_snps_alejandro_flores_amphibians_2024-01-23.R' (timeout 3000s) ...
[repro/docker]   <- '09_classify_snps_alejandro_flores_amphibians_2024-01-23.R' done in 0.6s
[repro/docker]   -> running '09_classify_snps_laetitia_hedouin_coral_2024-03-28.R' (timeout 3000s) ...
[repro/docker]   <- '09_classify_snps_laetitia_hedouin_coral_2024-03-28.R' done in 0.6s
[repro/docker]   -> running '09_classify_snps_andreas_eich_acropora_corals_2024-04-25.R' (timeout 3000s) ...
[repro/docker]   <- '09_classify_snps_andreas_eich_acropora_corals_2024-04-25.R' done in 0.6s
[repro/docker]   -> running '09_classify_snps_nathalie_isabel_oak_2024-04-29.R' (timeout 3000s) ...
[repro/docker]   <- '09_classify_snps_nathalie_isabel_oak_2024-04-29.R' done in 0.7s
[repro/docker]   -> running '09_classify_snps_brook_trout_2024-05-31.R' (timeout 3000s) ...
[repro/docker]   <- '09_classify_snps_brook_trout_2024-05-31.R' done in 0.6s
[repro/docker]   -> running '09_classify_snps_martin_williams_2024-06-21.R' (timeout 3000s) ...
[repro/docker]   <- '09_classify_snps_martin_williams_2024-06-21.R' done in 0.6s
[repro/docker]   -> running '09_classify_snps_ilga_porth_qm_2024-06-28.R' (timeout 3000s) ...
[repro/docker]   <- '09_classify_snps_ilga_porth_qm_2024-06-28.R' done in 0.6s
[repro/docker]   -> running '09_classify_snps_martin_williams_2024-07-12.R' (timeout 3000s) ...
[repro/docker]   <- '09_classify_snps_martin_williams_2024-07-12.R' done in 0.7s
[repro/docker]   -> running '09_classify_snps_ashley_thompson_yellow_birch_2024-09-16.R' (timeout 3000s) ...
[repro/docker]   <- '09_classify_snps_ashley_thompson_yellow_birch_2024-09-16.R' done in 0.6s
[repro/docker]   -> running '09_classify_snps_fes_merluche_2024-11-15.R' (timeout 3000s) ...
[repro/docker]   <- '09_classify_snps_fes_merluche_2024-11-15.R' done in 0.6s
[repro/docker]   -> running '09_classify_snps_guillaume_cote_chevcuiv_2025-06-09.R' (timeout 3000s) ...
[repro/docker]   <- '09_classify_snps_guillaume_cote_chevcuiv_2025-06-09.R' done in 0.6s
[repro/docker]   -> running '09_classify_snps_imane_mehdi_saal_2025-06-10.R' (timeout 3000s) ...
[repro/docker]   <- '09_classify_snps_imane_mehdi_saal_2025-06-10.R' done in 0.6s
[repro/docker]   -> running '09_classify_snps_beet_2026-01-09.R' (timeout 3000s) ...
[repro/docker]   <- '09_classify_snps_beet_2026-01-09.R' done in 0.6s
[repro/docker]   -> running '09_classify_snps_canids_2026-01-29.R' (timeout 3000s) ...
[repro/docker]   <- '09_classify_snps_canids_2026-01-29.R' done in 0.6s
[repro/docker]   -> running '09_classify_snps_pauline_hessenauer_orme_amerique_2026-03-30.R' (timeout 3000s) ...
[repro/docker]   <- '09_classify_snps_pauline_hessenauer_orme_amerique_2026-03-30.R' done in 0.6s
[repro/docker]   -> running '09_classify_snps_triticum_aestivum_2026-05-11.R' (timeout 3000s) ...
[repro/docker]   <- '09_classify_snps_triticum_aestivum_2026-05-11.R' done in 0.6s
[repro/docker]   -> running '09_classify_snps_trout_power_2026-05-14.R' (timeout 3000s) ...
[repro/docker]   <- '09_classify_snps_trout_power_2026-05-14.R' done in 0.6s
[repro/docker]   -> running '09_classify_snps_guillaume_cote_dore_2026-05-19.R' (timeout 3000s) ...
[repro/docker]   <- '09_classify_snps_guillaume_cote_dore_2026-05-19.R' done in 0.6s
[repro/docker]   -> running '09_classify_snps_laricobius_sp_2026-06-17.R' (timeout 3000s) ...
[repro/docker]   <- '09_classify_snps_laricobius_sp_2026-06-17.R' done in 0.6s
[repro/docker]   -> running '09_classify_snps_felix_labrecque_salmonids_2026-07-18.R' (timeout 3000s) ...
[repro/docker]   <- '09_classify_snps_felix_labrecque_salmonids_2026-07-18.R' done in 0.6s
[repro/docker]   -> running '09_classify_snps_guillaume_cote_chevalier_mohu_only_2026-07-27.R' (timeout 3000s) ...
[repro/docker]   <- '09_classify_snps_guillaume_cote_chevalier_mohu_only_2026-07-27.R' done in 0.6s
[repro/docker]   -> running '09_classify_snps_etienne_bezault_iguana_reference_2026-07-28.R' (timeout 3000s) ...
[repro/docker]   <- '09_classify_snps_etienne_bezault_iguana_reference_2026-07-28.R' done in 0.6s
[repro/docker]   -> running '09_classify_snps_yann_4000_lobsters.R' (timeout 3000s) ...
[repro/docker]   <- '09_classify_snps_yann_4000_lobsters.R' done in 0.7s
[repro/docker]   -> running '09_classify_snps.R' (timeout 3000s) ...
[repro/docker]   <- '09_classify_snps.R' done in 0.6s
[repro/docker]   -> running '09_classify_snps_amanda_seecukes.R' (timeout 3000s) ...
[repro/docker]   <- '09_classify_snps_amanda_seecukes.R' done in 0.6s
[repro/docker]   -> running '09_classify_snps_amy.R' (timeout 3000s) ...
[repro/docker]   <- '09_classify_snps_amy.R' done in 0.6s
[repro/docker]   -> running '09_classify_snps_anne_beemelmans_coho.R' (timeout 3000s) ...
[repro/docker]   <- '09_classify_snps_anne_beemelmans_coho.R' done in 0.6s
[repro/docker]   -> running '09_classify_snps_bahram_samanfar_lupin.R' (timeout 3000s) ...
[repro/docker]   <- '09_classify_snps_bahram_samanfar_lupin.R' done in 0.6s
[repro/docker]   -> running '09_classify_snps_bahram_samanfar_lupin_mutabilis.R' (timeout 3000s) ...
[repro/docker]   <- '09_classify_snps_bahram_samanfar_lupin_mutabilis.R' done in 0.7s
[repro/docker]   -> running '09_classify_snps_bahram_samanfar_soybean.R' (timeout 3000s) ...
[repro/docker]   <- '09_classify_snps_bahram_samanfar_soybean.R' done in 0.6s
[repro/docker]   -> running '09_classify_snps_barbara_cruz-salazar_mouse.R' (timeout 3000s) ...
[repro/docker]   <- '09_classify_snps_barbara_cruz-salazar_mouse.R' done in 0.6s
[repro/docker]   -> running '09_classify_snps_beet.R' (timeout 3000s) ...
[repro/docker]   <- '09_classify_snps_beet.R' done in 0.6s
[repro/docker]   -> running '09_classify_snps_caroline_dube_corals.R' (timeout 3000s) ...
[repro/docker]   <- '09_classify_snps_caroline_dube_corals.R' done in 0.6s
[repro/docker]   -> running '09_classify_snps_doug_cattani_wheatgrass.R' (timeout 3000s) ...
[repro/docker]   <- '09_classify_snps_doug_cattani_wheatgrass.R' done in 0.7s
[repro/docker]   -> running '09_classify_snps_edeline_gagnon_magnolia.R' (timeout 3000s) ...
[repro/docker]   <- '09_classify_snps_edeline_gagnon_magnolia.R' done in 0.6s
[repro/docker]   -> running '09_classify_snps_ewan_stenhouse_stoat.R' (timeout 3000s) ...
[repro/docker]   <- '09_classify_snps_ewan_stenhouse_stoat.R' done in 0.6s
[repro/docker]   -> running '09_classify_snps_fanny_fronton_gadhua.R' (timeout 3000s) ...
[repro/docker]   <- '09_classify_snps_fanny_fronton_gadhua.R' done in 0.6s
[repro/docker]   -> running '09_classify_snps_flora_amill.R' (timeout 3000s) ...
[repro/docker]   <- '09_classify_snps_flora_amill.R' done in 0.6s
[repro/docker]   -> running '09_classify_snps_frog_briar.R' (timeout 3000s) ...
[repro/docker]   <- '09_classify_snps_frog_briar.R' done in 0.6s
[repro/docker]   -> running '09_classify_snps_gabriela.R' (timeout 3000s) ...
[repro/docker]   <- '09_classify_snps_gabriela.R' done in 0.6s
[repro/docker]   -> running '09_classify_snps_hugo.R' (timeout 3000s) ...
[repro/docker]   <- '09_classify_snps_hugo.R' done in 0.6s
[repro/docker]   -> running '09_classify_snps_hugo_amphibiens.R' (timeout 3000s) ...
[repro/docker]   <- '09_classify_snps_hugo_amphibiens.R' done in 0.6s
[repro/docker]   -> running '09_classify_snps_jasmine_james_hosackia_pinnata.R' (timeout 3000s) ...
[repro/docker]   <- '09_classify_snps_jasmine_james_hosackia_pinnata.R' done in 0.6s
[repro/docker]   -> running '09_classify_snps_joelle_taillon_boeuf_musque.R' (timeout 3000s) ...
[repro/docker]   <- '09_classify_snps_joelle_taillon_boeuf_musque.R' done in 0.6s
[repro/docker]   -> running '09_classify_snps_julia_riley_garter_snake.R' (timeout 3000s) ...
[repro/docker]   <- '09_classify_snps_julia_riley_garter_snake.R' done in 0.6s
[repro/docker]   -> running '09_classify_snps_julia_riley_salamander.R' (timeout 3000s) ...
[repro/docker]   <- '09_classify_snps_julia_riley_salamander.R' done in 0.6s
[repro/docker]   -> running '09_classify_snps_karite.R' (timeout 3000s) ...
[repro/docker]   <- '09_classify_snps_karite.R' done in 0.6s
[repro/docker]   -> running '09_classify_snps_katie_and_yuma.R' (timeout 3000s) ...
[repro/docker]   <- '09_classify_snps_katie_and_yuma.R' done in 0.6s
[repro/docker]   -> running '09_classify_snps_maude.R' (timeout 3000s) ...
[repro/docker]   <- '09_classify_snps_maude.R' done in 0.6s
[repro/docker]   -> running '09_classify_snps_maude_and_xavier_gtseq.R' (timeout 3000s) ...
[repro/docker]   <- '09_classify_snps_maude_and_xavier_gtseq.R' done in 0.6s
[repro/docker]   -> running '09_classify_snps_melanieG.R' (timeout 3000s) ...
[repro/docker]   <- '09_classify_snps_melanieG.R' done in 0.6s
[repro/docker]   -> running '09_classify_snps_nathaliia_kryvda_populus_tremuloides.R' (timeout 3000s) ...
[repro/docker]   <- '09_classify_snps_nathaliia_kryvda_populus_tremuloides.R' done in 0.6s
[repro/docker]   -> running '09_classify_snps_olivier_morissette_perchaude.R' (timeout 3000s) ...
[repro/docker]   <- '09_classify_snps_olivier_morissette_perchaude.R' done in 0.7s
[repro/docker]   -> running '09_classify_snps_om_rajora_pine.R' (timeout 3000s) ...
[repro/docker]   <- '09_classify_snps_om_rajora_pine.R' done in 0.6s
[repro/docker]   -> running '09_classify_snps_queen_conch.R' (timeout 3000s) ...
[repro/docker]   <- '09_classify_snps_queen_conch.R' done in 0.6s
[repro/docker]   -> running '09_classify_snps_silk_snapper.R' (timeout 3000s) ...
[repro/docker]   <- '09_classify_snps_silk_snapper.R' done in 0.6s
[repro/docker]   -> running '09_classify_snps_sollio.R' (timeout 3000s) ...
[repro/docker]   <- '09_classify_snps_sollio.R' done in 0.6s
[repro/docker]   -> running '09_classify_snps_valentina.R' (timeout 3000s) ...
[repro/docker]   <- '09_classify_snps_valentina.R' done in 0.6s
[repro/docker]   -> running '09_classify_snps_yaoxin.R' (timeout 3000s) ...
[repro/docker]   <- '09_classify_snps_yaoxin.R' done in 0.6s
[repro/docker]   -> running 'fis_filtering_simulation.R' (timeout 3000s) ...
[repro/docker]   <- 'fis_filtering_simulation.R' done in 1.7s
[repro/docker]   -> running 'plink_cluster_missing_figure.R' (timeout 3000s) ...
[repro/docker]   <- 'plink_cluster_missing_figure.R' done in 0.6s
[repro/docker]   -> running 'plot_admixture.R' (timeout 3000s) ...
[repro/docker]   <- 'plot_admixture.R' done in 0.7s
[repro/docker]   -> running 'plot_heterozygozity.R' (timeout 3000s) ...
[repro/docker]   <- 'plot_heterozygozity.R' done in 0.7s
[repro/docker]   -> running 'plot_relatedness_graphs.R' (timeout 3000s) ...
[repro/docker]   <- 'plot_relatedness_graphs.R' done in 0.6s
[repro/docker]   -> running 'popgen_plot_admixture_multiple_k.R' (timeout 3000s) ...
[repro/docker]   <- 'popgen_plot_admixture_multiple_k.R' done in 0.7s
[repro/docker]   -> running 'popgen_plot_pairwise_fst.R' (timeout 3000s) ...
[repro/docker]   <- 'popgen_plot_pairwise_fst.R' done in 1.3s
[repro/docker]   -> running 'tree_from_distances.R' (timeout 3000s) ...
[repro/docker]   <- 'tree_from_distances.R' done in 0.6s
[repro] execution finished (pass 1). outcomes: popgen_plot_pca_2_variables.R=skipped_missing_inputs; Plotting_LepMap3_IBD_outputs.R=skipped_missing_inputs; 09_classify_snps_spencer_bruce_2trout_024-056-27.R=errored; 09_classify_snps_imane_mehdi_3_species_2026-01-16.R=errored; 09_classify_snps_epic4.R=errored; 09_classify_snps_guillaume_cote_chevalier_5sp.R=errored; 09_classify_snps_safo_alf_2020-01-31.R=errored; 09_classify_snps_nicolas_leroux_2020-07-30.R=errored; 09_classify_snps_alexandre_carbonneau_2020-09-31.R=errored; 09_classify_snps_alexandre_carbonneau_2022-05-03.R=errored; 09_classify_snps_amy_wilson_puffin_2022-07-15.R=errored; 09_classify_snps_guillaume_cote_dore_2022-07-26.R=errored; 09_classify_snps_iraj_trout_2022-09-12.R=errored; 09_classify_snps_richard_ree_2022-09-14.R=errored; 09_classify_snps_iraj_trout_2022-11-24.R=errored; 09_classify_snps_iraj_cave_barb_2022-11-28.R=errored; 09_classify_snps_suman_parajuli_2022-12-07.R=errored; 09_classify_snps_guillaume_cote_salmo_salar_2022-12-19_proj2.R=errored; 09_classify_snps_guillaume_cote_salmo_salar_2022-12-19.R=errored; 09_classify_snps_alizee_thomas_piranha_2023-02-08.R=errored; 09_classify_snps_guillaume_cote_dore_2023-03-01.R=errored; 09_classify_snps_martin_williams_2023-04-18.R=errored; 09_classify_snps_nathalie_isabel_oak_2023-05-02.R=errored; 09_classify_snps_fes_merluche_2023-05-18.R=errored; 09_classify_snps_siaka_irvingia_wombolu_2023-09-23.R=errored; 09_classify_snps_julie_godbout_erables_2023-11-20.R=errored; 09_classify_snps_monica_mowery_2024-01-18.R=errored; 09_classify_snps_alejandro_flores_amphibians_2024-01-23.R=errored; 09_classify_snps_laetitia_hedouin_coral_2024-03-28.R=errored; 09_classify_snps_andreas_eich_acropora_corals_2024-04-25.R=errored; 09_classify_snps_nathalie_isabel_oak_2024-04-29.R=errored; 09_classify_snps_brook_trout_2024-05-31.R=errored; 09_classify_snps_martin_williams_2024-06-21.R=errored; 09_classify_snps_ilga_porth_qm_2024-06-28.R=errored; 09_classify_snps_martin_williams_2024-07-12.R=errored; 09_classify_snps_ashley_thompson_yellow_birch_2024-09-16.R=errored; 09_classify_snps_fes_merluche_2024-11-15.R=errored; 09_classify_snps_guillaume_cote_chevcuiv_2025-06-09.R=errored; 09_classify_snps_imane_mehdi_saal_2025-06-10.R=errored; 09_classify_snps_beet_2026-01-09.R=errored; 09_classify_snps_canids_2026-01-29.R=errored; 09_classify_snps_pauline_hessenauer_orme_amerique_2026-03-30.R=errored; 09_classify_snps_triticum_aestivum_2026-05-11.R=errored; 09_classify_snps_trout_power_2026-05-14.R=errored; 09_classify_snps_guillaume_cote_dore_2026-05-19.R=errored; 09_classify_snps_laricobius_sp_2026-06-17.R=errored; 09_classify_snps_felix_labrecque_salmonids_2026-07-18.R=errored; 09_classify_snps_guillaume_cote_chevalier_mohu_only_2026-07-27.R=errored; 09_classify_snps_etienne_bezault_iguana_reference_2026-07-28.R=errored; 09_classify_snps_yann_4000_lobsters.R=errored; 09_classify_snps.R=errored; 09_classify_snps_amanda_seecukes.R=errored; 09_classify_snps_amy.R=errored; 09_classify_snps_anne_beemelmans_coho.R=errored; 09_classify_snps_bahram_samanfar_lupin.R=errored; 09_classify_snps_bahram_samanfar_lupin_mutabilis.R=errored; 09_classify_snps_bahram_samanfar_soybean.R=errored; 09_classify_snps_barbara_cruz-salazar_mouse.R=errored; 09_classify_snps_beet.R=errored; 09_classify_snps_caroline_dube_corals.R=errored; 09_classify_snps_doug_cattani_wheatgrass.R=errored; 09_classify_snps_edeline_gagnon_magnolia.R=errored; 09_classify_snps_ewan_stenhouse_stoat.R=errored; 09_classify_snps_fanny_fronton_gadhua.R=errored; 09_classify_snps_flora_amill.R=errored; 09_classify_snps_frog_briar.R=errored; 09_classify_snps_gabriela.R=errored; 09_classify_snps_hugo.R=errored; 09_classify_snps_hugo_amphibiens.R=errored; 09_classify_snps_jasmine_james_hosackia_pinnata.R=errored; 09_classify_snps_joelle_taillon_boeuf_musque.R=errored; 09_classify_snps_julia_riley_garter_snake.R=errored; 09_classify_snps_julia_riley_salamander.R=errored; 09_classify_snps_karite.R=errored; 09_classify_snps_katie_and_yuma.R=errored; 09_classify_snps_maude.R=errored; 09_classify_snps_maude_and_xavier_gtseq.R=errored; 09_classify_snps_melanieG.R=errored; 09_classify_snps_nathaliia_kryvda_populus_tremuloides.R=errored; 09_classify_snps_olivier_morissette_perchaude.R=errored; 09_classify_snps_om_rajora_pine.R=errored; 09_classify_snps_queen_conch.R=errored; 09_classify_snps_silk_snapper.R=errored; 09_classify_snps_sollio.R=errored; 09_classify_snps_valentina.R=errored; 09_classify_snps_yaoxin.R=errored; distribution_graphs.r=skipped_missing_inputs; fis_filtering_simulation.R=ran_ok; missing_data_graphs.r=skipped_missing_inputs; plink_cluster_missing_figure.R=errored; plot_admixture.R=errored; plot_heterozygozity.R=errored; plot_log_likelihoods.r=skipped_missing_inputs; plot_relatedness_graphs.R=errored; popgen_plot_admixture_multiple_k.R=errored; popgen_plot_pairwise_fst.R=errored; popgen_plot_pca.R=skipped_missing_inputs; tree_from_distances.R=errored
[repro] extracted statistical output from 1 script(s)' console output.
[2026-09-20 17:33:34] Batch 768/1861 done (1/1 papers succeeded).
[2026-09-20 17:33:34] Batch 769/1861 (papers 769-769): running reproducibility_check on 1 paper(s), one at a time...
[2026-09-20 17:33:34]   Paper 1/1 in batch (10_1111_1365_2656_13546)...
[2026-09-20 17:33:37] Batch 769/1861 done (1/1 papers succeeded).
[2026-09-20 17:33:37] Batch 770/1861 (papers 770-770): running reproducibility_check on 1 paper(s), one at a time...
[2026-09-20 17:33:37]   Paper 1/1 in batch (10_1111_1365_2656_13548)...
Waiting 2s for retry backoff ■■■■■■■■■■■■■■■■                
Waiting 2s for retry backoff ■■■■■■■■■■■■■■■■■■■■■■■■■■■■■■■ 
Waiting 4s for retry backoff ■■■■■■■■■■■■■■■                 
Waiting 4s for retry backoff ■■■■■■■■■■■■■■■■■■■■■■■■■■■■■■  
[2026-09-20 17:33:47] Batch 770/1861 done (1/1 papers succeeded).
[2026-09-20 17:33:47] Batch 771/1861 (papers 771-771): running reproducibility_check on 1 paper(s), one at a time...
[2026-09-20 17:33:47]   Paper 1/1 in batch (10_1111_1365_2656_13553)...
[2026-09-20 17:33:52] Batch 771/1861 done (1/1 papers succeeded).
[2026-09-20 17:33:52] Batch 772/1861 (papers 772-772): running reproducibility_check on 1 paper(s), one at a time...
[2026-09-20 17:33:52]   Paper 1/1 in batch (10_1111_1365_2656_13561)...
[2026-09-20 17:33:56] Batch 772/1861 done (1/1 papers succeeded).
[2026-09-20 17:33:56] Batch 773/1861 (papers 773-773): running reproducibility_check on 1 paper(s), one at a time...
[2026-09-20 17:33:56]   Paper 1/1 in batch (10_1111_1365_2656_13565)...
[2026-09-20 17:33:58] Batch 773/1861 done (1/1 papers succeeded).
[2026-09-20 17:33:58] Batch 774/1861 (papers 774-774): running reproducibility_check on 1 paper(s), one at a time...
[2026-09-20 17:33:58]   Paper 1/1 in batch (10_1111_1365_2656_13566)...
[repro] execute = TRUE (sandbox = docker). install_missing = TRUE, timeout = 3000s, keep_sandbox = FALSE
[repro] sandbox root: C:\Users\dlakens\AppData\Local\Temp\RtmpaqOq5E\repro_sandbox_7501ac121a7
[repro] docker image: ghcr.io/scienceverse/metacheck_r:latest
[repro] materialising Psych-DS layout from plan (57 plan rows) ...
[repro]   materialised 30/60 files.
[repro] writing 8 rewritten script(s) into the layout ...
[repro]   wrote 8 script(s).
[repro] installing 23 dependenc(y/ies): anchors, cowplot, data.table, deSolve, directlabels, dplyr, gam, ggplot2, gridExtra, HH, hrbrthemes, igraph, kableExtra, knitr, MALDIquant, mosaic, plyr, R.utils, reshape2, rprojroot, spatstat, tidyverse, viridis
[repro]   install done: 22 ok, 1 failed.
[repro] running 8 script(s) in order: Transition matrices fun_V1.R -> stoch_gillespie_V14.R -> stoch_helperfunctions_V21.R -> SIRstoch_stats_V22.1.R -> SEIRstoch_run_V22.R -> SEIRstoch_stats_V22.R -> SIRstoch_run_V22.R -> DIstribution of PW distances.R
[repro/docker]   -> running 'Transition matrices fun_V1.R' (timeout 3000s) ...
[repro/docker]   <- 'Transition matrices fun_V1.R' done in 0.6s
[repro/docker]   -> running 'stoch_gillespie_V14.R' (timeout 3000s) ...
[repro/docker]   <- 'stoch_gillespie_V14.R' done in 2.9s
[repro/docker]   -> running 'stoch_helperfunctions_V21.R' (timeout 3000s) ...
[repro/docker]   <- 'stoch_helperfunctions_V21.R' done in 3.3s
[repro/docker]   -> running 'SIRstoch_stats_V22.1.R' (timeout 3000s) ...
[repro/docker]   <- 'SIRstoch_stats_V22.1.R' done in 3.3s
[repro/docker]   -> running 'SEIRstoch_run_V22.R' (timeout 3000s) ...
[repro/docker]   <- 'SEIRstoch_run_V22.R' done in 3.7s
[repro/docker]   -> running 'SEIRstoch_stats_V22.R' (timeout 3000s) ...
[repro/docker]   <- 'SEIRstoch_stats_V22.R' done in 3.4s
[repro/docker]   -> running 'SIRstoch_run_V22.R' (timeout 3000s) ...
[repro/docker]   <- 'SIRstoch_run_V22.R' done in 4s
[repro/docker]   -> running 'DIstribution of PW distances.R' (timeout 3000s) ...
[repro/docker]   <- 'DIstribution of PW distances.R' done in 2.4s
[repro] execution finished (pass 1). outcomes: Transition matrices fun_V1.R=ran_ok; stoch_gillespie_V14.R=ran_ok; stoch_helperfunctions_V21.R=ran_ok; SIRstoch_stats_V22.1.R=errored; SEIRstoch_run_V22.R=errored; SEIRstoch_stats_V22.R=errored; SIRstoch_run_V22.R=errored; DIstribution of PW distances.R=ran_ok
[repro] extracted statistical output from 6 script(s)' console output.
[2026-09-20 17:36:21] Batch 774/1861 done (1/1 papers succeeded).
[2026-09-20 17:36:21] Batch 775/1861 (papers 775-775): running reproducibility_check on 1 paper(s), one at a time...
[2026-09-20 17:36:21]   Paper 1/1 in batch (10_1111_1365_2656_13568)...
[2026-09-20 17:36:29] Batch 775/1861 done (1/1 papers succeeded).
[2026-09-20 17:36:29] Batch 776/1861 (papers 776-776): running reproducibility_check on 1 paper(s), one at a time...
[2026-09-20 17:36:29]   Paper 1/1 in batch (10_1111_1365_2656_13569)...
[2026-09-20 17:36:30] Batch 776/1861 done (1/1 papers succeeded).
[2026-09-20 17:36:30] Batch 777/1861 (papers 777-777): running reproducibility_check on 1 paper(s), one at a time...
[2026-09-20 17:36:30]   Paper 1/1 in batch (10_1111_1365_2656_13573)...
[2026-09-20 17:36:33] Batch 777/1861 done (1/1 papers succeeded).
[2026-09-20 17:36:33] Batch 778/1861 (papers 778-778): running reproducibility_check on 1 paper(s), one at a time...
[2026-09-20 17:36:33]   Paper 1/1 in batch (10_1111_1365_2656_13581)...
[2026-09-20 17:36:42] Batch 778/1861 done (1/1 papers succeeded).
[2026-09-20 17:36:42] Batch 779/1861 (papers 779-779): running reproducibility_check on 1 paper(s), one at a time...
[2026-09-20 17:36:42]   Paper 1/1 in batch (10_1111_1365_2656_13583)...
[repro] execute = TRUE (sandbox = docker). install_missing = TRUE, timeout = 3000s, keep_sandbox = FALSE
[repro] sandbox root: C:\Users\dlakens\AppData\Local\Temp\RtmpaqOq5E\repro_sandbox_750572036e1
[repro] docker image: ghcr.io/scienceverse/metacheck_r:latest
[repro] materialising Psych-DS layout from plan (10 plan rows) ...
[repro]   materialised 6/10 files.
[repro] writing 2 rewritten script(s) into the layout ...
[repro]   wrote 2 script(s).
[repro] installing 13 dependenc(y/ies): bayesplot, dplyr, GGally, ggeffects, ggplot2, ggpubr, ggstance, ggthemes, loo, RMark, rstanarm, sjPlot, tidyverse
[repro]   install done: 13 ok, 0 failed.
[repro] running 2 script(s) in order: JAE_IS_script.R -> JAE_MARK_script.R
[repro/docker]   -> running 'JAE_IS_script.R' (timeout 3000s) ...
[repro/docker]   <- 'JAE_IS_script.R' done in 3049.3s
[repro/docker]   -> running 'JAE_MARK_script.R' (timeout 3000s) ...
[repro/docker]   <- 'JAE_MARK_script.R' done in 40s
[repro] execution finished (pass 1). outcomes: JAE_IS_script.R=timed_out; JAE_MARK_script.R=errored
[repro] extracted statistical output from 1 script(s)' console output.
[2026-09-20 18:29:24] Batch 779/1861 done (1/1 papers succeeded).
[2026-09-20 18:29:24] Batch 780/1861 (papers 780-780): running reproducibility_check on 1 paper(s), one at a time...
[2026-09-20 18:29:24]   Paper 1/1 in batch (10_1111_1365_2656_13586)...
Waiting 2s for retry backoff ■■■■■■■■■■■■■■■                 
Waiting 2s for retry backoff ■■■■■■■■■■■■■■■■■■■■■■■■■■■■■■  
Waiting 4s for retry backoff ■■■■■■■■■■■■■■■■■■              
Waiting 4s for retry backoff ■■■■■■■■■■■■■■■■■■■■■■■■■■■■■■  
[2026-09-20 18:29:38] Batch 780/1861 done (1/1 papers succeeded).
[2026-09-20 18:29:38] Batch 781/1861 (papers 781-781): running reproducibility_check on 1 paper(s), one at a time...
[2026-09-20 18:29:38]   Paper 1/1 in batch (10_1111_1365_2656_13589)...
[2026-09-20 18:29:39] Batch 781/1861 done (1/1 papers succeeded).
[2026-09-20 18:29:39] Batch 782/1861 (papers 782-782): running reproducibility_check on 1 paper(s), one at a time...
[2026-09-20 18:29:39]   Paper 1/1 in batch (10_1111_1365_2656_13600)...
[2026-09-20 18:29:41] Batch 782/1861 done (1/1 papers succeeded).
[2026-09-20 18:29:41] Batch 783/1861 (papers 783-783): running reproducibility_check on 1 paper(s), one at a time...
[2026-09-20 18:29:41]   Paper 1/1 in batch (10_1111_1365_2656_13608)...
[repro] execute = TRUE (sandbox = docker). install_missing = TRUE, timeout = 3000s, keep_sandbox = FALSE
[repro] sandbox root: C:\Users\dlakens\AppData\Local\Temp\RtmpaqOq5E\repro_sandbox_75026a22bd2
[repro] docker image: ghcr.io/scienceverse/metacheck_r:latest
[repro] materialising Psych-DS layout from plan (10 plan rows) ...
[repro]   materialised 1/10 files.
[repro] writing 3 rewritten script(s) into the layout ...
[repro]   wrote 3 script(s).
[repro] installing 3 dependenc(y/ies): BH, hmRLib, Rcpp
[repro]   install done: 2 ok, 1 failed.
[repro] running 3 script(s) in order: shark_activity_functions.R -> shark_activity_plotfunctions.R -> Main.R
[repro/docker]   -> running 'shark_activity_functions.R' (timeout 3000s) ...
[repro/docker]   <- 'shark_activity_functions.R' done in 0.9s
[repro/docker]   -> running 'shark_activity_plotfunctions.R' (timeout 3000s) ...
[repro/docker]   <- 'shark_activity_plotfunctions.R' done in 0.8s
[repro/docker]   -> running 'Main.R' (timeout 3000s) ...
[repro/docker]   <- 'Main.R' done in 1.1s
[repro] execution finished (pass 1). outcomes: shark_activity_functions.R=errored; shark_activity_plotfunctions.R=errored; Main.R=errored
[2026-09-20 18:37:25] Batch 783/1861 done (1/1 papers succeeded).
[2026-09-20 18:37:25] Batch 784/1861 (papers 784-784): running reproducibility_check on 1 paper(s), one at a time...
[2026-09-20 18:37:25]   Paper 1/1 in batch (10_1111_1365_2656_13616)...
Waiting 2s for retry backoff ■■■■■■■■■■■■■■■■                
Waiting 2s for retry backoff ■■■■■■■■■■■■■■■■■■■■■■■■■■■■■■■ 
Waiting 4s for retry backoff ■■■■■■■■                        
Waiting 4s for retry backoff ■■■■■■■■■■■■■■■■■■■■■■■■■■      
Waiting 4s for retry backoff ■■■■■■■■■■■■■■■■■■■■■■■■■■■■■■■ 
[2026-09-20 18:37:41] Batch 784/1861 done (1/1 papers succeeded).
[2026-09-20 18:37:41] Batch 785/1861 (papers 785-785): running reproducibility_check on 1 paper(s), one at a time...
[2026-09-20 18:37:41]   Paper 1/1 in batch (10_1111_1365_2656_13639)...
[2026-09-20 18:37:44] Batch 785/1861 done (1/1 papers succeeded).
[2026-09-20 18:37:44] Batch 786/1861 (papers 786-786): running reproducibility_check on 1 paper(s), one at a time...
[2026-09-20 18:37:44]   Paper 1/1 in batch (10_1111_1365_2656_13643)...
[2026-09-20 18:37:45] Batch 786/1861 done (1/1 papers succeeded).
[2026-09-20 18:37:45] Batch 787/1861 (papers 787-787): running reproducibility_check on 1 paper(s), one at a time...
[2026-09-20 18:37:45]   Paper 1/1 in batch (10_1111_1365_2656_13648)...
[2026-09-20 18:37:48] Batch 787/1861 done (1/1 papers succeeded).
[2026-09-20 18:37:48] Batch 788/1861 (papers 788-788): running reproducibility_check on 1 paper(s), one at a time...
[2026-09-20 18:37:48]   Paper 1/1 in batch (10_1111_1365_2656_13655)...
[2026-09-20 18:37:49] Batch 788/1861 done (1/1 papers succeeded).
[2026-09-20 18:37:49] Batch 789/1861 (papers 789-789): running reproducibility_check on 1 paper(s), one at a time...
[2026-09-20 18:37:49]   Paper 1/1 in batch (10_1111_1365_2656_13656)...
! Multiple files in zip: reading ''[Content_Types].xml''
Multiple files in zip: reading '[Content_Types].xml'
! Multiple files in zip: reading ''[Content_Types].xml''
Multiple files in zip: reading '[Content_Types].xml'
! Multiple files in zip: reading ''[Content_Types].xml''
Multiple files in zip: reading '[Content_Types].xml'
! Multiple files in zip: reading ''[Content_Types].xml''
Multiple files in zip: reading '[Content_Types].xml'
[repro] execute = TRUE (sandbox = docker). install_missing = TRUE, timeout = 3000s, keep_sandbox = FALSE
[repro] sandbox root: C:\Users\dlakens\AppData\Local\Temp\RtmpaqOq5E\repro_sandbox_7506158783e
[repro] docker image: ghcr.io/scienceverse/metacheck_r:latest
[repro] materialising Psych-DS layout from plan (40 plan rows) ...
[repro]   materialised 62/70 files.
[repro] writing 4 rewritten script(s) into the layout ...
[repro]   wrote 4 script(s).
[repro] installing 7 dependenc(y/ies): BaSTA, coxme, effects, FancyBaSTA2, lme4, lmerTest, snowfall
[repro]   install done: 6 ok, 1 failed.
[repro] skipping (missing inputs): sex_diff_survival_R1.R
[repro] running 4 script(s) in order: sex_diff_BASTA_R1.R -> sex_diff_survival_R1.R -> sexdiffs_multibasta_R1.R -> sexdiffs_killifish.R
[repro/docker]   -> running 'sex_diff_BASTA_R1.R' (timeout 3000s) ...
[repro/docker]   <- 'sex_diff_BASTA_R1.R' done in 0.9s
[repro/docker]   -> running 'sexdiffs_multibasta_R1.R' (timeout 3000s) ...
[repro/docker]   <- 'sexdiffs_multibasta_R1.R' done in 0.9s
[repro/docker]   -> running 'sexdiffs_killifish.R' (timeout 3000s) ...
[repro/docker]   <- 'sexdiffs_killifish.R' done in 1.3s
[repro] execution finished (pass 1). outcomes: sex_diff_BASTA_R1.R=errored; sex_diff_survival_R1.R=skipped_missing_inputs; sexdiffs_multibasta_R1.R=errored; sexdiffs_killifish.R=errored
[repro] extracted statistical output from 2 script(s)' console output.
[2026-09-20 18:38:30] Batch 789/1861 done (1/1 papers succeeded).
[2026-09-20 18:38:30] Batch 790/1861 (papers 790-790): running reproducibility_check on 1 paper(s), one at a time...
[2026-09-20 18:38:30]   Paper 1/1 in batch (10_1111_1365_2656_13658)...
[2026-09-20 18:38:38] Batch 790/1861 done (1/1 papers succeeded).
[2026-09-20 18:38:38] Batch 791/1861 (papers 791-791): running reproducibility_check on 1 paper(s), one at a time...
[2026-09-20 18:38:38]   Paper 1/1 in batch (10_1111_1365_2656_13663)...
[2026-09-20 18:38:41] Batch 791/1861 done (1/1 papers succeeded).
[2026-09-20 18:38:41] Batch 792/1861 (papers 792-792): running reproducibility_check on 1 paper(s), one at a time...
[2026-09-20 18:38:41]   Paper 1/1 in batch (10_1111_1365_2656_13669)...
[2026-09-20 18:38:42] Batch 792/1861 done (1/1 papers succeeded).
[2026-09-20 18:38:42] Batch 793/1861 (papers 793-793): running reproducibility_check on 1 paper(s), one at a time...
[2026-09-20 18:38:42]   Paper 1/1 in batch (10_1111_1365_2656_13671)...
[2026-09-20 18:38:43] Batch 793/1861 done (1/1 papers succeeded).
[2026-09-20 18:38:43] Batch 794/1861 (papers 794-794): running reproducibility_check on 1 paper(s), one at a time...
[2026-09-20 18:38:43]   Paper 1/1 in batch (10_1111_1365_2656_13677)...
[2026-09-20 18:38:48] Batch 794/1861 done (1/1 papers succeeded).
[2026-09-20 18:38:48] Batch 795/1861 (papers 795-795): running reproducibility_check on 1 paper(s), one at a time...
[2026-09-20 18:38:48]   Paper 1/1 in batch (10_1111_1365_2656_13679)...
[2026-09-20 18:38:50] Batch 795/1861 done (1/1 papers succeeded).
[2026-09-20 18:38:50] Batch 796/1861 (papers 796-796): running reproducibility_check on 1 paper(s), one at a time...
[2026-09-20 18:38:50]   Paper 1/1 in batch (10_1111_1365_2656_13680)...
[2026-09-20 18:38:52] Batch 796/1861 done (1/1 papers succeeded).
[2026-09-20 18:38:52] Batch 797/1861 (papers 797-797): running reproducibility_check on 1 paper(s), one at a time...
[2026-09-20 18:38:52]   Paper 1/1 in batch (10_1111_1365_2656_13681)...
[2026-09-20 18:38:53] Batch 797/1861 done (1/1 papers succeeded).
[2026-09-20 18:38:53] Batch 798/1861 (papers 798-798): running reproducibility_check on 1 paper(s), one at a time...
[2026-09-20 18:38:53]   Paper 1/1 in batch (10_1111_1365_2656_13688)...
[2026-09-20 18:38:56] Batch 798/1861 done (1/1 papers succeeded).
[2026-09-20 18:38:56] Batch 799/1861 (papers 799-799): running reproducibility_check on 1 paper(s), one at a time...
[2026-09-20 18:38:56]   Paper 1/1 in batch (10_1111_1365_2656_13689)...
[2026-09-20 18:38:58] Batch 799/1861 done (1/1 papers succeeded).
[2026-09-20 18:38:58] Batch 800/1861 (papers 800-800): running reproducibility_check on 1 paper(s), one at a time...
[2026-09-20 18:38:58]   Paper 1/1 in batch (10_1111_1365_2656_13696)...
[2026-09-20 18:39:01] Batch 800/1861 done (1/1 papers succeeded).
[2026-09-20 18:39:01] Batch 801/1861 (papers 801-801): running reproducibility_check on 1 paper(s), one at a time...
[2026-09-20 18:39:01]   Paper 1/1 in batch (10_1111_1365_2656_13697)...
[2026-09-20 18:39:08] Batch 801/1861 done (1/1 papers succeeded).
[2026-09-20 18:39:08] Batch 802/1861 (papers 802-802): running reproducibility_check on 1 paper(s), one at a time...
[2026-09-20 18:39:08]   Paper 1/1 in batch (10_1111_1365_2656_13705)...
Waiting 2s for retry backoff ■■■■■■■■■■■■■■■■                
Waiting 2s for retry backoff ■■■■■■■■■■■■■■■■■■■■■■■■■■■■■■■ 
Waiting 4s for retry backoff ■■■■■■■■                        
Waiting 4s for retry backoff ■■■■■■■■■■■■■■■■■■■■■■■■        
Waiting 4s for retry backoff ■■■■■■■■■■■■■■■■■■■■■■■■■■■■■■■ 
Waiting 2s for retry backoff ■■■■■■■■■■■■■■■■■■■■■■■■■■■■■■  
Waiting 4s for retry backoff ■■■■■■■■■■■■■■■■■■■■■■          
Waiting 4s for retry backoff ■■■■■■■■■■■■■■■■■■■■■■■■■■■■■■  
[2026-09-20 18:39:31] Batch 802/1861 done (1/1 papers succeeded).
[2026-09-20 18:39:31] Batch 803/1861 (papers 803-803): running reproducibility_check on 1 paper(s), one at a time...
[2026-09-20 18:39:31]   Paper 1/1 in batch (10_1111_1365_2656_13708)...
Waiting 2s for retry backoff ■■■■■■■■■■■■■■■■                
Waiting 2s for retry backoff ■■■■■■■■■■■■■■■■■■■■■■■■■■■■■■  
Waiting 4s for retry backoff ■■■■■■■■■■■                     
Waiting 4s for retry backoff ■■■■■■■■■■■■■■■■■■■■■■■■■■■■■■■ 
[2026-09-20 18:39:40] Batch 803/1861 done (1/1 papers succeeded).
[2026-09-20 18:39:40] Batch 804/1861 (papers 804-804): running reproducibility_check on 1 paper(s), one at a time...
[2026-09-20 18:39:40]   Paper 1/1 in batch (10_1111_1365_2656_13739)...
Skipping zip for https://doi.org/10.5061/dryad.7pvmcvdw2 (only 1 file wanted -- Dryad's zip quota (100/day) is 5x stricter than its per-file quota (500/day), not worth spending on a small dataset); downloading its files individually.
[2026-09-20 18:39:46] Batch 804/1861 done (1/1 papers succeeded).
[2026-09-20 18:39:46] Batch 805/1861 (papers 805-805): running reproducibility_check on 1 paper(s), one at a time...
[2026-09-20 18:39:46]   Paper 1/1 in batch (10_1111_1365_2656_13741)...
[2026-09-20 18:39:56] Batch 805/1861 done (1/1 papers succeeded).
[2026-09-20 18:39:56] Batch 806/1861 (papers 806-806): running reproducibility_check on 1 paper(s), one at a time...
[2026-09-20 18:39:56]   Paper 1/1 in batch (10_1111_1365_2656_13742)...
[2026-09-20 18:39:58] Batch 806/1861 done (1/1 papers succeeded).
[2026-09-20 18:39:58] Batch 807/1861 (papers 807-807): running reproducibility_check on 1 paper(s), one at a time...
[2026-09-20 18:39:58]   Paper 1/1 in batch (10_1111_1365_2656_13750)...
[2026-09-20 18:39:59] Batch 807/1861 done (1/1 papers succeeded).
[2026-09-20 18:39:59] Batch 808/1861 (papers 808-808): running reproducibility_check on 1 paper(s), one at a time...
[2026-09-20 18:39:59]   Paper 1/1 in batch (10_1111_1365_2656_13758)...
[2026-09-20 18:40:02] Batch 808/1861 done (1/1 papers succeeded).
[2026-09-20 18:40:02] Batch 809/1861 (papers 809-809): running reproducibility_check on 1 paper(s), one at a time...
[2026-09-20 18:40:02]   Paper 1/1 in batch (10_1111_1365_2656_13759)...
[repro] execute = TRUE (sandbox = docker). install_missing = TRUE, timeout = 3000s, keep_sandbox = FALSE
[repro] sandbox root: C:\Users\dlakens\AppData\Local\Temp\RtmpaqOq5E\repro_sandbox_7506b3439ad
[repro] docker image: ghcr.io/scienceverse/metacheck_r:latest
[repro] materialising Psych-DS layout from plan (5 plan rows) ...
[repro]   materialised 0/5 files.
[repro] writing 5 rewritten script(s) into the layout ...
[repro]   wrote 5 script(s).
[repro] installing 19 dependenc(y/ies): classInt, dplyr, ecospat, FactoMineR, fields, ggplot2, ggpubr, ggthemes, maps, maptools, ncdf4, plot3D, plyr, raster, RColorBrewer, readxl, reshape2, rgdal, rgeos
[repro]   install done: 0 ok, 19 failed.
[repro] skipping (missing inputs): 03_Ordination_and_Niche_computations.R
[repro] running 5 script(s) in order: 00_Species_seasonal_distributions.R -> 01_Species_distribution_maps.R -> 02_Create_ordination_table.R -> 03_Ordination_and_Niche_computations.R -> 04_Results.R
[repro/docker]   -> running '00_Species_seasonal_distributions.R' (timeout 3000s) ...
[repro/docker]   <- '00_Species_seasonal_distributions.R' done in 0.8s
[repro/docker]   -> running '01_Species_distribution_maps.R' (timeout 3000s) ...
[repro/docker]   <- '01_Species_distribution_maps.R' done in 0.6s
[repro/docker]   -> running '02_Create_ordination_table.R' (timeout 3000s) ...
[repro/docker]   <- '02_Create_ordination_table.R' done in 0.5s
[repro/docker]   -> running '04_Results.R' (timeout 3000s) ...
[repro/docker]   <- '04_Results.R' done in 0.6s
[repro] execution finished (pass 1). outcomes: 00_Species_seasonal_distributions.R=errored; 01_Species_distribution_maps.R=errored; 02_Create_ordination_table.R=errored; 03_Ordination_and_Niche_computations.R=skipped_missing_inputs; 04_Results.R=errored
[2026-09-20 18:40:11] Batch 809/1861 done (1/1 papers succeeded).
[2026-09-20 18:40:11] Batch 810/1861 (papers 810-810): running reproducibility_check on 1 paper(s), one at a time...
[2026-09-20 18:40:11]   Paper 1/1 in batch (10_1111_1365_2656_13766)...
1 file in https://doi.org/10.5061/dryad.bvq83bkbk exceeded the 100 MB per-file limit and was skipped (the rest of the repository was downloaded). Largest: Data_S1_Camera_Trap_Data.csv (198 MB). Raise max_file_size to include them.
1 file in https://doi.org/10.5061/dryad.bvq83bkbk exceeded the 100 MB per-file limit and was skipped (the rest of the repository was downloaded). Largest: Data_S1_Camera_Trap_Data.csv (198 MB). Raise max_file_size to include them.
[2026-09-20 18:40:13] Batch 810/1861 done (1/1 papers succeeded).
[2026-09-20 18:40:13] Batch 811/1861 (papers 811-811): running reproducibility_check on 1 paper(s), one at a time...
[2026-09-20 18:40:13]   Paper 1/1 in batch (10_1111_1365_2656_13767)...
[2026-09-20 18:40:14] Batch 811/1861 done (1/1 papers succeeded).
[2026-09-20 18:40:14] Batch 812/1861 (papers 812-812): running reproducibility_check on 1 paper(s), one at a time...
[2026-09-20 18:40:14]   Paper 1/1 in batch (10_1111_1365_2656_13771)...
[2026-09-20 18:40:42] Batch 812/1861 done (1/1 papers succeeded).
[2026-09-20 18:40:42] Batch 813/1861 (papers 813-813): running reproducibility_check on 1 paper(s), one at a time...
[2026-09-20 18:40:42]   Paper 1/1 in batch (10_1111_1365_2656_13772)...
[2026-09-20 18:40:45] Batch 813/1861 done (1/1 papers succeeded).
[2026-09-20 18:40:45] Batch 814/1861 (papers 814-814): running reproducibility_check on 1 paper(s), one at a time...
[2026-09-20 18:40:45]   Paper 1/1 in batch (10_1111_1365_2656_13777)...
[repro] execute = TRUE (sandbox = docker). install_missing = TRUE, timeout = 3000s, keep_sandbox = FALSE
[repro] sandbox root: C:\Users\dlakens\AppData\Local\Temp\RtmpaqOq5E\repro_sandbox_75040a046b7
[repro] docker image: ghcr.io/scienceverse/metacheck_r:latest
[repro] materialising Psych-DS layout from plan (7 plan rows) ...
[repro]   materialised 1/7 files.
[repro] writing 5 rewritten script(s) into the layout ...
[repro]   wrote 5 script(s).
[repro] installing 4 dependenc(y/ies): deSolve, Orcs, plot3D, RColorBrewer
[repro]   install done: 3 ok, 1 failed.
[repro] running 5 script(s) in order: Script  for reproducing results for beta values less than 1.R -> Script  for reproducing results for beta values more than 1.R -> Script for reproducing results for  beta value equal to 1.R -> Type_2_Script for reproducing results for  beta value equal to 1.R.R -> Script for generating 3D panels.R
[repro/docker]   -> running 'Script  for reproducing results for beta values less than 1.R' (timeout 3000s) ...
[repro/docker]   <- 'Script  for reproducing results for beta values less than 1.R' done in 1.1s
[repro/docker]   -> running 'Script  for reproducing results for beta values more than 1.R' (timeout 3000s) ...
[repro/docker]   <- 'Script  for reproducing results for beta values more than 1.R' done in 1.3s
[repro/docker]   -> running 'Script for reproducing results for  beta value equal to 1.R' (timeout 3000s) ...
[repro/docker]   <- 'Script for reproducing results for  beta value equal to 1.R' done in 1.5s
[repro/docker]   -> running 'Type_2_Script for reproducing results for  beta value equal to 1.R.R' (timeout 3000s) ...
[repro/docker]   <- 'Type_2_Script for reproducing results for  beta value equal to 1.R.R' done in 1.8s
[repro/docker]   -> running 'Script for generating 3D panels.R' (timeout 3000s) ...
[repro/docker]   <- 'Script for generating 3D panels.R' done in 1s
[repro] execution finished (pass 1). outcomes: Script  for reproducing results for beta values less than 1.R=errored; Script  for reproducing results for beta values more than 1.R=errored; Script for reproducing results for  beta value equal to 1.R=errored; Type_2_Script for reproducing results for  beta value equal to 1.R.R=errored; Script for generating 3D panels.R=errored
[repro] extracted statistical output from 1 script(s)' console output.
[2026-09-20 18:41:18] Batch 814/1861 done (1/1 papers succeeded).
[2026-09-20 18:41:18] Batch 815/1861 (papers 815-815): running reproducibility_check on 1 paper(s), one at a time...
[2026-09-20 18:41:18]   Paper 1/1 in batch (10_1111_1365_2656_13782)...
! Multiple files in zip: reading ''[Content_Types].xml''
Multiple files in zip: reading '[Content_Types].xml'
! Multiple files in zip: reading ''[Content_Types].xml''
Multiple files in zip: reading '[Content_Types].xml'
[repro] execute = TRUE (sandbox = docker). install_missing = TRUE, timeout = 3000s, keep_sandbox = FALSE
[repro] sandbox root: C:\Users\dlakens\AppData\Local\Temp\RtmpaqOq5E\repro_sandbox_7506ec3c16
[repro] docker image: ghcr.io/scienceverse/metacheck_r:latest
[repro] materialising Psych-DS layout from plan (7 plan rows) ...
[repro]   materialised 3/7 files.
[repro] writing 4 rewritten script(s) into the layout ...
[repro]   wrote 4 script(s).
[repro] installing 20 dependenc(y/ies): BiodiversityR, car, DHARMa, dplyr, emmeans, ggalt, ggh4x, ggplot2, ggpubr, glmmTMB, gridExtra, gtable, knitr, multcomp, MuMIn, plyr, rstudioapi, splitstackshape, tidyr, tidyverse
[repro]   install done: 19 ok, 1 failed.
[repro] skipping (missing inputs): ComCont_analyses_DI.R, ComCont_analyses_MPE.R, ComCont_analyses_SP.R
[repro] running 4 script(s) in order: ComCont_analyses_DI.R -> ComCont_analyses_MPE.R -> ComCont_analyses_SP.R -> ComCont_data-cleaning.R
[repro/docker]   -> running 'ComCont_data-cleaning.R' (timeout 3000s) ...
[repro/docker]   <- 'ComCont_data-cleaning.R' done in 9.9s
[repro] execution finished (pass 1). outcomes: ComCont_analyses_DI.R=skipped_missing_inputs; ComCont_analyses_MPE.R=skipped_missing_inputs; ComCont_analyses_SP.R=skipped_missing_inputs; ComCont_data-cleaning.R=errored
[repro] extracted statistical output from 1 script(s)' console output.
[2026-09-20 18:43:17] Batch 815/1861 done (1/1 papers succeeded).
[2026-09-20 18:43:17] Batch 816/1861 (papers 816-816): running reproducibility_check on 1 paper(s), one at a time...
[2026-09-20 18:43:17]   Paper 1/1 in batch (10_1111_1365_2656_13791)...
[2026-09-20 18:43:27] Batch 816/1861 done (1/1 papers succeeded).
[2026-09-20 18:43:27] Batch 817/1861 (papers 817-817): running reproducibility_check on 1 paper(s), one at a time...
[2026-09-20 18:43:27]   Paper 1/1 in batch (10_1111_1365_2656_13796)...
[2026-09-20 18:43:31] Batch 817/1861 done (1/1 papers succeeded).
[2026-09-20 18:43:31] Batch 818/1861 (papers 818-818): running reproducibility_check on 1 paper(s), one at a time...
[2026-09-20 18:43:31]   Paper 1/1 in batch (10_1111_1365_2656_13801)...
Downloading https://github.com/kdmurray91/axe as zip (1 file)...
[repro] execute = TRUE (sandbox = docker). install_missing = TRUE, timeout = 3000s, keep_sandbox = FALSE
[repro] sandbox root: C:\Users\dlakens\AppData\Local\Temp\RtmpaqOq5E\repro_sandbox_750633c7f12
[repro] docker image: ghcr.io/scienceverse/metacheck_r:latest
[repro] materialising Psych-DS layout from plan (165 plan rows) ...
[repro]   materialised 26/172 files.
[repro] writing 1 rewritten script(s) into the layout ...
[repro]   wrote 1 script(s).
[repro] installing 5 dependenc(y/ies): ggplot2, gridExtra, gtools, stringr, tidyr
[repro]   install done: 5 ok, 0 failed.
[repro] running 1 script(s) in order: looking_at_rthm_min_rep.R
[repro/docker]   -> running 'looking_at_rthm_min_rep.R' (timeout 3000s) ...
[repro/docker]   <- 'looking_at_rthm_min_rep.R' done in 0.6s
[repro] execution finished (pass 1). outcomes: looking_at_rthm_min_rep.R=errored
[2026-09-20 18:44:11] Batch 818/1861 done (1/1 papers succeeded).
[2026-09-20 18:44:11] Batch 819/1861 (papers 819-819): running reproducibility_check on 1 paper(s), one at a time...
[2026-09-20 18:44:11]   Paper 1/1 in batch (10_1111_1365_2656_13804)...
[2026-09-20 18:44:21] Batch 819/1861 done (1/1 papers succeeded).
[2026-09-20 18:44:21] Batch 820/1861 (papers 820-820): running reproducibility_check on 1 paper(s), one at a time...
[2026-09-20 18:44:21]   Paper 1/1 in batch (10_1111_1365_2656_13810)...
1 file in https://doi.org/10.5061/dryad.jsxksn0d2 exceeded the 100 MB per-file limit and was skipped (the rest of the repository was downloaded). Largest: Ganz_et_al_2022_MD_SSF_data.csv (330 MB). Raise max_file_size to include them.
1 file in https://doi.org/10.5061/dryad.jsxksn0d2 exceeded the 100 MB per-file limit and was skipped (the rest of the repository was downloaded). Largest: Ganz_et_al_2022_MD_SSF_data.csv (330 MB). Raise max_file_size to include them.
[2026-09-20 18:44:23] Batch 820/1861 done (1/1 papers succeeded).
[2026-09-20 18:44:23] Batch 821/1861 (papers 821-821): running reproducibility_check on 1 paper(s), one at a time...
[2026-09-20 18:44:23]   Paper 1/1 in batch (10_1111_1365_2656_13816)...
Waiting 2s for retry backoff ■■■■■■■■■■■■■■■■                
Waiting 2s for retry backoff ■■■■■■■■■■■■■■■■■■■■■■■■■■■■■■■ 
Waiting 4s for retry backoff ■■■■■■■■■■■■■■■■■               
Waiting 4s for retry backoff ■■■■■■■■■■■■■■■■■■■■■■■■■■■■■■  
[2026-09-20 18:44:32] Batch 821/1861 done (1/1 papers succeeded).
[2026-09-20 18:44:32] Batch 822/1861 (papers 822-822): running reproducibility_check on 1 paper(s), one at a time...
[2026-09-20 18:44:32]   Paper 1/1 in batch (10_1111_1365_2656_13818)...
[2026-09-20 18:44:33] Batch 822/1861 done (1/1 papers succeeded).
[2026-09-20 18:44:33] Batch 823/1861 (papers 823-823): running reproducibility_check on 1 paper(s), one at a time...
[2026-09-20 18:44:33]   Paper 1/1 in batch (10_1111_1365_2656_13822)...
[2026-09-20 18:44:34] Batch 823/1861 done (1/1 papers succeeded).
[2026-09-20 18:44:34] Batch 824/1861 (papers 824-824): running reproducibility_check on 1 paper(s), one at a time...
[2026-09-20 18:44:34]   Paper 1/1 in batch (10_1111_1365_2656_13827)...
[repro] execute = TRUE (sandbox = docker). install_missing = TRUE, timeout = 3000s, keep_sandbox = FALSE
[repro] sandbox root: C:\Users\dlakens\AppData\Local\Temp\RtmpaqOq5E\repro_sandbox_7503c76200a
[repro] docker image: ghcr.io/scienceverse/metacheck_r:latest
[repro] materialising Psych-DS layout from plan (30 plan rows) ...
[repro]   materialised 3/30 files.
[repro] writing 19 rewritten script(s) into the layout ...
[repro]   wrote 19 script(s).
[repro] installing 29 dependenc(y/ies): bayesplot, CCAMLRGIS, dplyr, fitdistrplus, ggplot2, ggpubr, gridExtra, htmlwidgets, knitr, LaplacesDemon, latex2exp, leaflet, leaflet.esri, mapppdr, MCMCvis, metR, metRology, pander, patchwork, printr, QRM, reshape2, rjags, scales, sf, stringi, testthat, tidyr, tidyverse
[repro]   install done: 0 ok, 29 failed.
[repro] skipping (missing inputs): ABC_parameterizing_agestructured_simulations.R, Agestructured_simulations.R, Agestructured_simulations_studenttdemography.R, Agestructured_simulation_plots.Rmd, Agestructured_simulation_plots_studenttdemography.Rmd, Agestructured_simulations_plots_comparing.Rmd
[repro] running 19 script(s) in order: 01-description.Rmd -> 02-setup.Rmd -> 03-jags_code.Rmd -> 04-simulation.Rmd -> 05-model_fit.Rmd -> 06-model_viz.Rmd -> 07-model_outputs.Rmd -> ABC_parameterizing_agestructured_simulations.R -> Figure S1.R -> Figure S2.R -> adapted_minimum.Rmd -> Agestructured_simulations.R -> Agestructured_simulation_plots.Rmd -> Agestructured_simulations_studenttdemography.R -> Agestructured_simulation_plots_studenttdemography.Rmd -> Agestructured_simulations_plots_comparing.Rmd -> index.Rmd -> MAPPPDAdelieModel.Rmd -> studentt_modelfit.Rmd
[repro/docker]   -> running '01-description.Rmd' (timeout 3000s) ...
[repro/docker]   <- '01-description.Rmd' done in 0.5s
[repro/docker]   -> running '02-setup.Rmd' (timeout 3000s) ...
[repro/docker]   <- '02-setup.Rmd' done in 0.5s
[repro/docker]   -> running '03-jags_code.Rmd' (timeout 3000s) ...
[repro/docker]   <- '03-jags_code.Rmd' done in 0.5s
[repro/docker]   -> running '04-simulation.Rmd' (timeout 3000s) ...
[repro/docker]   <- '04-simulation.Rmd' done in 0.5s
[repro/docker]   -> running '05-model_fit.Rmd' (timeout 3000s) ...
[repro/docker]   <- '05-model_fit.Rmd' done in 0.5s
[repro/docker]   -> running '06-model_viz.Rmd' (timeout 3000s) ...
[repro/docker]   <- '06-model_viz.Rmd' done in 0.5s
[repro/docker]   -> running '07-model_outputs.Rmd' (timeout 3000s) ...
[repro/docker]   <- '07-model_outputs.Rmd' done in 0.5s
[repro/docker]   -> running 'Figure S1.R' (timeout 3000s) ...
[repro/docker]   <- 'Figure S1.R' done in 1.1s
[repro/docker]   -> running 'Figure S2.R' (timeout 3000s) ...
[repro/docker]   <- 'Figure S2.R' done in 1s
[repro/docker]   -> running 'adapted_minimum.Rmd' (timeout 3000s) ...
[repro/docker]   <- 'adapted_minimum.Rmd' done in 0.5s
[repro/docker]   -> running 'index.Rmd' (timeout 3000s) ...
[repro/docker]   <- 'index.Rmd' done in 0.5s
[repro/docker]   -> running 'MAPPPDAdelieModel.Rmd' (timeout 3000s) ...
[repro/docker]   <- 'MAPPPDAdelieModel.Rmd' done in 0.5s
[repro/docker]   -> running 'studentt_modelfit.Rmd' (timeout 3000s) ...
[repro/docker]   <- 'studentt_modelfit.Rmd' done in 0.5s
[repro] execution finished (pass 1). outcomes: 01-description.Rmd=ran_ok; 02-setup.Rmd=errored; 03-jags_code.Rmd=errored; 04-simulation.Rmd=errored; 05-model_fit.Rmd=errored; 06-model_viz.Rmd=errored; 07-model_outputs.Rmd=errored; ABC_parameterizing_agestructured_simulations.R=skipped_missing_inputs; Figure S1.R=errored; Figure S2.R=errored; adapted_minimum.Rmd=errored; Agestructured_simulations.R=skipped_missing_inputs; Agestructured_simulation_plots.Rmd=skipped_missing_inputs; Agestructured_simulations_studenttdemography.R=skipped_missing_inputs; Agestructured_simulation_plots_studenttdemography.Rmd=skipped_missing_inputs; Agestructured_simulations_plots_comparing.Rmd=skipped_missing_inputs; index.Rmd=ran_ok; MAPPPDAdelieModel.Rmd=ran_ok; studentt_modelfit.Rmd=errored
Registered S3 method overwritten by 'printr':
  method                from     
  knit_print.data.frame rmarkdown
[repro] extracted statistical output from 1 script(s)' console output.
[2026-09-20 18:45:07] Batch 824/1861 done (1/1 papers succeeded).
[2026-09-20 18:45:07] Batch 825/1861 (papers 825-825): running reproducibility_check on 1 paper(s), one at a time...
[2026-09-20 18:45:07]   Paper 1/1 in batch (10_1111_1365_2656_13847)...
[2026-09-20 18:46:00] Batch 825/1861 done (1/1 papers succeeded).
[2026-09-20 18:46:00] Batch 826/1861 (papers 826-826): running reproducibility_check on 1 paper(s), one at a time...
[2026-09-20 18:46:00]   Paper 1/1 in batch (10_1111_1365_2656_13848)...
[2026-09-20 18:46:07] Batch 826/1861 done (1/1 papers succeeded).
[2026-09-20 18:46:07] Batch 827/1861 (papers 827-827): running reproducibility_check on 1 paper(s), one at a time...
[2026-09-20 18:46:07]   Paper 1/1 in batch (10_1111_1365_2656_13852)...
[2026-09-20 18:46:09] Batch 827/1861 done (1/1 papers succeeded).
[2026-09-20 18:46:09] Batch 828/1861 (papers 828-828): running reproducibility_check on 1 paper(s), one at a time...
[2026-09-20 18:46:09]   Paper 1/1 in batch (10_1111_1365_2656_13853)...
! Multiple files in zip: reading ''[Content_Types].xml''
Multiple files in zip: reading '[Content_Types].xml'
! Multiple files in zip: reading ''[Content_Types].xml''
Multiple files in zip: reading '[Content_Types].xml'
[repro] execute = TRUE (sandbox = docker). install_missing = TRUE, timeout = 3000s, keep_sandbox = FALSE
[repro] sandbox root: C:\Users\dlakens\AppData\Local\Temp\RtmpaqOq5E\repro_sandbox_75011d11d74
[repro] docker image: ghcr.io/scienceverse/metacheck_r:latest
[repro] materialising Psych-DS layout from plan (7 plan rows) ...
[repro]   materialised 6/7 files.
[repro] writing 1 rewritten script(s) into the layout ...
[repro]   wrote 1 script(s).
[repro] installing 10 dependenc(y/ies): corrplot, cowplot, dplyr, ggplot2, ggpubr, Hmsc, MRFcov, Rarefy, svglite, vegan
[repro]   install done: 9 ok, 1 failed.
[repro] skipping (missing inputs): supplementary_code.R
[repro] running 1 script(s) in order: supplementary_code.R
[repro] execution finished (pass 1). outcomes: supplementary_code.R=skipped_missing_inputs
[2026-09-20 18:46:52] Batch 828/1861 done (1/1 papers succeeded).
[2026-09-20 18:46:52] Batch 829/1861 (papers 829-829): running reproducibility_check on 1 paper(s), one at a time...
[2026-09-20 18:46:52]   Paper 1/1 in batch (10_1111_1365_2656_13855)...
[repro] execute = TRUE (sandbox = docker). install_missing = TRUE, timeout = 3000s, keep_sandbox = FALSE
[repro] sandbox root: C:\Users\dlakens\AppData\Local\Temp\RtmpaqOq5E\repro_sandbox_7504a2e4b62
[repro] docker image: ghcr.io/scienceverse/metacheck_r:latest
[repro] materialising Psych-DS layout from plan (38 plan rows) ...
[repro]   materialised 24/47 files.
[repro] writing 7 rewritten script(s) into the layout ...
[repro]   wrote 7 script(s).
[repro] installing 19 dependenc(y/ies): beepr, dada2, decontam, dplyr, geosphere, ggplot2, gridExtra, gtools, hilldiv, kableExtra, knitr, microbiome, phyloseq, reshape2, seqRFLP, spaa, stringr, taxize, vegan
[repro]   install done: 0 ok, 19 failed.
[repro] skipping (missing inputs): Step_06_Niche_Overlap.R, Step_02_Taxanomic_Assignment.R
[repro] running 7 script(s) in order: Step_02_Taxanomic_Assignment.R -> Step_03_Filtering.R -> Step_04_Species_accumulation_and_diversity.R -> Step_05_Diet_Composition.R -> Step_06_Niche_Overlap.R -> Mantel_Grouped_Test.R -> Mantel_Test.R
[repro/docker]   -> running 'Step_03_Filtering.R' (timeout 3000s) ...
[repro/docker]   <- 'Step_03_Filtering.R' done in 0.5s
[repro/docker]   -> running 'Step_04_Species_accumulation_and_diversity.R' (timeout 3000s) ...
[repro/docker]   <- 'Step_04_Species_accumulation_and_diversity.R' done in 1.1s
[repro/docker]   -> running 'Step_05_Diet_Composition.R' (timeout 3000s) ...
[repro/docker]   <- 'Step_05_Diet_Composition.R' done in 1s
[repro/docker]   -> running 'Mantel_Grouped_Test.R' (timeout 3000s) ...
[repro/docker]   <- 'Mantel_Grouped_Test.R' done in 1.1s
[repro/docker]   -> running 'Mantel_Test.R' (timeout 3000s) ...
[repro/docker]   <- 'Mantel_Test.R' done in 1.3s
[repro] execution finished (pass 1). outcomes: Step_02_Taxanomic_Assignment.R=skipped_missing_inputs; Step_03_Filtering.R=errored; Step_04_Species_accumulation_and_diversity.R=errored; Step_05_Diet_Composition.R=errored; Step_06_Niche_Overlap.R=skipped_missing_inputs; Mantel_Grouped_Test.R=errored; Mantel_Test.R=errored
[2026-09-20 18:47:19] Batch 829/1861 done (1/1 papers succeeded).
[2026-09-20 18:47:19] Batch 830/1861 (papers 830-830): running reproducibility_check on 1 paper(s), one at a time...
[2026-09-20 18:47:19]   Paper 1/1 in batch (10_1111_1365_2656_13860)...
[2026-09-20 18:47:21] Batch 830/1861 done (1/1 papers succeeded).
[2026-09-20 18:47:21] Batch 831/1861 (papers 831-831): running reproducibility_check on 1 paper(s), one at a time...
[2026-09-20 18:47:21]   Paper 1/1 in batch (10_1111_1365_2656_13886)...
[2026-09-20 18:47:27] Batch 831/1861 done (1/1 papers succeeded).
[2026-09-20 18:47:27] Batch 832/1861 (papers 832-832): running reproducibility_check on 1 paper(s), one at a time...
[2026-09-20 18:47:27]   Paper 1/1 in batch (10_1111_1365_2656_13887)...
[2026-09-20 18:47:38] Batch 832/1861 done (1/1 papers succeeded).
[2026-09-20 18:47:38] Batch 833/1861 (papers 833-833): running reproducibility_check on 1 paper(s), one at a time...
[2026-09-20 18:47:38]   Paper 1/1 in batch (10_1111_1365_2656_13893)...
[2026-09-20 18:47:38] Batch 833/1861 done (1/1 papers succeeded).
[2026-09-20 18:47:38] Batch 834/1861 (papers 834-834): running reproducibility_check on 1 paper(s), one at a time...
[2026-09-20 18:47:38]   Paper 1/1 in batch (10_1111_1365_2656_13894)...
[2026-09-20 18:47:42] Batch 834/1861 done (1/1 papers succeeded).
[2026-09-20 18:47:42] Batch 835/1861 (papers 835-835): running reproducibility_check on 1 paper(s), one at a time...
[2026-09-20 18:47:42]   Paper 1/1 in batch (10_1111_1365_2656_13895)...
[repro] execute = TRUE (sandbox = docker). install_missing = TRUE, timeout = 3000s, keep_sandbox = FALSE
[repro] sandbox root: C:\Users\dlakens\AppData\Local\Temp\RtmpaqOq5E\repro_sandbox_75040ea5624
[repro] docker image: ghcr.io/scienceverse/metacheck_r:latest
[repro] materialising Psych-DS layout from plan (13 plan rows) ...
[repro]   materialised 8/14 files.
[repro] writing 1 rewritten script(s) into the layout ...
[repro]   wrote 1 script(s).
[repro] installing 1 dependenc(y/ies): x
[repro]   install done: 0 ok, 1 failed.
[repro] running 1 script(s) in order: README.Rmd
[repro/docker]   -> running 'README.Rmd' (timeout 3000s) ...
[repro/docker]   <- 'README.Rmd' done in 0.5s
[repro] execution finished (pass 1). outcomes: README.Rmd=errored
[2026-09-20 18:47:50] Batch 835/1861 done (1/1 papers succeeded).
[2026-09-20 18:47:50] Batch 836/1861 (papers 836-836): running reproducibility_check on 1 paper(s), one at a time...
[2026-09-20 18:47:50]   Paper 1/1 in batch (10_1111_1365_2656_13896)...
[2026-09-20 18:47:52] Batch 836/1861 done (1/1 papers succeeded).
[2026-09-20 18:47:52] Batch 837/1861 (papers 837-837): running reproducibility_check on 1 paper(s), one at a time...
[2026-09-20 18:47:52]   Paper 1/1 in batch (10_1111_1365_2656_13899)...
[2026-09-20 18:47:54] Batch 837/1861 done (1/1 papers succeeded).
[2026-09-20 18:47:54] Batch 838/1861 (papers 838-838): running reproducibility_check on 1 paper(s), one at a time...
[2026-09-20 18:47:54]   Paper 1/1 in batch (10_1111_1365_2656_13910)...
[2026-09-20 18:47:56] Batch 838/1861 done (1/1 papers succeeded).
[2026-09-20 18:47:56] Batch 839/1861 (papers 839-839): running reproducibility_check on 1 paper(s), one at a time...
[2026-09-20 18:47:56]   Paper 1/1 in batch (10_1111_1365_2656_13918)...
[2026-09-20 18:47:57] Batch 839/1861 done (1/1 papers succeeded).
[2026-09-20 18:47:57] Batch 840/1861 (papers 840-840): running reproducibility_check on 1 paper(s), one at a time...
[2026-09-20 18:47:57]   Paper 1/1 in batch (10_1111_1365_2656_13929)...
Waiting 2s for retry backoff ■■■■■■■■■■■■■■■■                
Waiting 2s for retry backoff ■■■■■■■■■■■■■■■■■■■■■■■■■■■■■■  
Waiting 4s for retry backoff ■■■■■■■■                        
Waiting 4s for retry backoff ■■■■■■■■■■■■■■■■■■■■■■■■        
Waiting 4s for retry backoff ■■■■■■■■■■■■■■■■■■■■■■■■■■■■■■  
Waiting 2s for retry backoff ■■■■■■■■■■■■■■■■                
Waiting 2s for retry backoff ■■■■■■■■■■■■■■■■■■■■■■■■■■■■■■■ 
Waiting 4s for retry backoff ■■■■■■■■■                       
Waiting 4s for retry backoff ■■■■■■■■■■■■■■■■■■■■■■■■■■■■■■  
Skipping zip for https://doi.org/10.5061/dryad.vt4b8gtx6 (only 1 file wanted -- Dryad's zip quota (100/day) is 5x stricter than its per-file quota (500/day), not worth spending on a small dataset); downloading its files individually.
[repro] execute = TRUE (sandbox = docker). install_missing = TRUE, timeout = 3000s, keep_sandbox = FALSE
[repro] sandbox root: C:\Users\dlakens\AppData\Local\Temp\RtmpaqOq5E\repro_sandbox_75018392670
[repro] docker image: ghcr.io/scienceverse/metacheck_r:latest
[repro] materialising Psych-DS layout from plan (15 plan rows) ...
[repro]   materialised 2/15 files.
[repro] writing 5 rewritten script(s) into the layout ...
[repro]   wrote 5 script(s).
[repro] installing 19 dependenc(y/ies): arma, dplyr, fields, gganimate, ggplot2, ggrepel, ggsn, lubridate, magrittr, patchwork, plyr, raster, rasterVis, Rcpp, reshape2, sf, spam64, stringr, xtable
[repro]   install done: 0 ok, 19 failed.
[repro] skipping (missing inputs): align_data.r, compute_lambda.r, plots.r
[repro] running 5 script(s) in order: align_data.r -> glb_specs.r -> lambda_helpers.r -> compute_lambda.r -> plots.r
[repro/docker]   -> running 'glb_specs.r' (timeout 3000s) ...
[repro/docker]   <- 'glb_specs.r' done in 1.8s
[repro/docker]   -> running 'lambda_helpers.r' (timeout 3000s) ...
[repro/docker]   <- 'lambda_helpers.r' done in 0.5s
[repro] execution finished (pass 1). outcomes: align_data.r=skipped_missing_inputs; glb_specs.r=errored; lambda_helpers.r=errored; compute_lambda.r=skipped_missing_inputs; plots.r=skipped_missing_inputs
[2026-09-20 18:48:24] Batch 840/1861 done (1/1 papers succeeded).
[2026-09-20 18:48:24] Batch 841/1861 (papers 841-841): running reproducibility_check on 1 paper(s), one at a time...
[2026-09-20 18:48:24]   Paper 1/1 in batch (10_1111_1365_2656_13960)...
[2026-09-20 18:48:27] Batch 841/1861 done (1/1 papers succeeded).
[2026-09-20 18:48:27] Batch 842/1861 (papers 842-842): running reproducibility_check on 1 paper(s), one at a time...
[2026-09-20 18:48:27]   Paper 1/1 in batch (10_1111_1365_2656_13966)...
[repro] execute = TRUE (sandbox = docker). install_missing = TRUE, timeout = 3000s, keep_sandbox = FALSE
[repro] sandbox root: C:\Users\dlakens\AppData\Local\Temp\RtmpaqOq5E\repro_sandbox_750149718ec
[repro] docker image: ghcr.io/scienceverse/metacheck_r:latest
[repro] materialising Psych-DS layout from plan (8 plan rows) ...
[repro]   materialised 6/8 files.
[repro] writing 2 rewritten script(s) into the layout ...
[repro]   wrote 2 script(s).
[repro] installing 9 dependenc(y/ies): dplyr, MCMCglmm, metafor, openxlsx, orchaRd, pacman, readxl, sem, tidyverse
[repro]   install done: 0 ok, 9 failed.
[repro] running 2 script(s) in order: 001_PhenotypicIntegration.R -> 002_Meta-analysis_Study_replication.R
[repro/docker]   -> running '001_PhenotypicIntegration.R' (timeout 3000s) ...
[repro/docker]   <- '001_PhenotypicIntegration.R' done in 0.5s
[repro/docker]   -> running '002_Meta-analysis_Study_replication.R' (timeout 3000s) ...
[repro/docker]   <- '002_Meta-analysis_Study_replication.R' done in 1.2s
[repro] execution finished (pass 1). outcomes: 001_PhenotypicIntegration.R=errored; 002_Meta-analysis_Study_replication.R=errored
[2026-09-20 18:48:32] Batch 842/1861 done (1/1 papers succeeded).
[2026-09-20 18:48:32] Batch 843/1861 (papers 843-843): running reproducibility_check on 1 paper(s), one at a time...
[2026-09-20 18:48:32]   Paper 1/1 in batch (10_1111_1365_2656_13970)...
[2026-09-20 18:48:33] Batch 843/1861 done (1/1 papers succeeded).
[2026-09-20 18:48:33] Batch 844/1861 (papers 844-844): running reproducibility_check on 1 paper(s), one at a time...
[2026-09-20 18:48:33]   Paper 1/1 in batch (10_1111_1365_2656_13973)...
[2026-09-20 18:48:37] Batch 844/1861 done (1/1 papers succeeded).
[2026-09-20 18:48:37] Batch 845/1861 (papers 845-845): running reproducibility_check on 1 paper(s), one at a time...
[2026-09-20 18:48:37]   Paper 1/1 in batch (10_1111_1365_2656_13985)...
[2026-09-20 18:50:58] Batch 845/1861 done (1/1 papers succeeded).
[2026-09-20 18:50:58] Batch 846/1861 (papers 846-846): running reproducibility_check on 1 paper(s), one at a time...
[2026-09-20 18:50:58]   Paper 1/1 in batch (10_1111_1365_2656_13986)...
[2026-09-20 18:51:05] Batch 846/1861 done (1/1 papers succeeded).
[2026-09-20 18:51:05] Batch 847/1861 (papers 847-847): running reproducibility_check on 1 paper(s), one at a time...
[2026-09-20 18:51:05]   Paper 1/1 in batch (10_1111_1365_2656_13992)...
[repro] execute = TRUE (sandbox = docker). install_missing = TRUE, timeout = 3000s, keep_sandbox = FALSE
[repro] sandbox root: C:\Users\dlakens\AppData\Local\Temp\RtmpaqOq5E\repro_sandbox_75029af1a4b
[repro] docker image: ghcr.io/scienceverse/metacheck_r:latest
[repro] materialising Psych-DS layout from plan (4 plan rows) ...
[repro]   materialised 3/4 files.
[repro] writing 1 rewritten script(s) into the layout ...
[repro]   wrote 1 script(s).
[repro] installing 6 dependenc(y/ies): car, ggplot2, lme4, lmerTest, lsmeans, scales
[repro]   install done: 6 ok, 0 failed.
[repro] running 1 script(s) in order: Retreat_Analysis_Code_Jun_21_23.R
[repro/docker]   -> running 'Retreat_Analysis_Code_Jun_21_23.R' (timeout 3000s) ...
[repro/docker]   <- 'Retreat_Analysis_Code_Jun_21_23.R' done in 2.9s
[repro] execution finished (pass 1). outcomes: Retreat_Analysis_Code_Jun_21_23.R=errored
[2026-09-20 18:51:35] Batch 847/1861 done (1/1 papers succeeded).
[2026-09-20 18:51:35] Batch 848/1861 (papers 848-848): running reproducibility_check on 1 paper(s), one at a time...
[2026-09-20 18:51:35]   Paper 1/1 in batch (10_1111_1365_2656_13994)...
[2026-09-20 18:51:43] Batch 848/1861 done (1/1 papers succeeded).
[2026-09-20 18:51:43] Batch 849/1861 (papers 849-849): running reproducibility_check on 1 paper(s), one at a time...
[2026-09-20 18:51:43]   Paper 1/1 in batch (10_1111_1365_2656_13995)...
[2026-09-20 18:51:45] Batch 849/1861 done (1/1 papers succeeded).
[2026-09-20 18:51:45] Batch 850/1861 (papers 850-850): running reproducibility_check on 1 paper(s), one at a time...
[2026-09-20 18:51:45]   Paper 1/1 in batch (10_1111_1365_2656_13996)...
[2026-09-20 18:51:51] Batch 850/1861 done (1/1 papers succeeded).
[2026-09-20 18:51:51] Batch 851/1861 (papers 851-851): running reproducibility_check on 1 paper(s), one at a time...
[2026-09-20 18:51:51]   Paper 1/1 in batch (10_1111_1365_2656_13998)...
[2026-09-20 18:51:53] Batch 851/1861 done (1/1 papers succeeded).
[2026-09-20 18:51:53] Batch 852/1861 (papers 852-852): running reproducibility_check on 1 paper(s), one at a time...
[2026-09-20 18:51:53]   Paper 1/1 in batch (10_1111_1365_2656_14000)...
[2026-09-20 18:51:53] Batch 852/1861 done (1/1 papers succeeded).
[2026-09-20 18:51:53] Batch 853/1861 (papers 853-853): running reproducibility_check on 1 paper(s), one at a time...
[2026-09-20 18:51:53]   Paper 1/1 in batch (10_1111_1365_2656_14007)...
[2026-09-20 18:51:54] Batch 853/1861 done (1/1 papers succeeded).
[2026-09-20 18:51:54] Batch 854/1861 (papers 854-854): running reproducibility_check on 1 paper(s), one at a time...
[2026-09-20 18:51:54]   Paper 1/1 in batch (10_1111_1365_2656_14015)...
[repro] execute = TRUE (sandbox = docker). install_missing = TRUE, timeout = 3000s, keep_sandbox = FALSE
[repro] sandbox root: C:\Users\dlakens\AppData\Local\Temp\RtmpaqOq5E\repro_sandbox_75095e5a8f
[repro] docker image: ghcr.io/scienceverse/metacheck_r:latest
[repro] materialising Psych-DS layout from plan (2 plan rows) ...
[repro]   materialised 2/3 files.
[repro] writing 1 rewritten script(s) into the layout ...
[repro]   wrote 1 script(s).
[repro] installing 14 dependenc(y/ies): asnipe, data.table, dplyr, effects, ggplot2, ggspatial, igraph, lme4, lmerTest, lubridate, patchwork, rptR, tidyr, viridis
[repro]   install done: 0 ok, 14 failed.
[repro] running 1 script(s) in order: Statistical analysis.R
[repro/docker]   -> running 'Statistical analysis.R' (timeout 3000s) ...
[repro/docker]   <- 'Statistical analysis.R' done in 0.5s
[repro] execution finished (pass 1). outcomes: Statistical analysis.R=errored
[2026-09-20 18:52:25] Batch 854/1861 done (1/1 papers succeeded).
[2026-09-20 18:52:25] Batch 855/1861 (papers 855-855): running reproducibility_check on 1 paper(s), one at a time...
[2026-09-20 18:52:25]   Paper 1/1 in batch (10_1111_1365_2656_14017)...
[2026-09-20 18:52:32] Batch 855/1861 done (1/1 papers succeeded).
[2026-09-20 18:52:32] Batch 856/1861 (papers 856-856): running reproducibility_check on 1 paper(s), one at a time...
[2026-09-20 18:52:32]   Paper 1/1 in batch (10_1111_1365_2656_14028)...
Waiting 2s for retry backoff ■■■■■■■■■■■■■■■■                
Waiting 2s for retry backoff ■■■■■■■■■■■■■■■■■■■■■■■■■■■■■■  
Waiting 4s for retry backoff ■■■■■■■■■■■■■■■■■■■             
Waiting 4s for retry backoff ■■■■■■■■■■■■■■■■■■■■■■■■■■■■■■■ 
Waiting 2s for retry backoff ■■■■■■■■■■■■■■■■                
Waiting 2s for retry backoff ■■■■■■■■■■■■■■■■■■■■■■■■■■■■■■■ 
Waiting 4s for retry backoff ■■■■■■■■■                       
Waiting 4s for retry backoff ■■■■■■■■■■■■■■■■■■■■■■■■■■■■■■■ 
[2026-09-20 18:52:49] Batch 856/1861 done (1/1 papers succeeded).
[2026-09-20 18:52:49] Batch 857/1861 (papers 857-857): running reproducibility_check on 1 paper(s), one at a time...
[2026-09-20 18:52:49]   Paper 1/1 in batch (10_1111_1365_2656_14039)...
Waiting 2s for retry backoff ■■■■■■■■■■■■■■■■                
Waiting 2s for retry backoff ■■■■■■■■■■■■■■■■■■■■■■■■■■■■■■■ 
Waiting 4s for retry backoff ■■■■■■■■■■■                     
Waiting 4s for retry backoff ■■■■■■■■■■■■■■■■■■■■■■■■■■■■■■  
[2026-09-20 18:52:57] Batch 857/1861 done (1/1 papers succeeded).
[2026-09-20 18:52:57] Batch 858/1861 (papers 858-858): running reproducibility_check on 1 paper(s), one at a time...
[2026-09-20 18:52:57]   Paper 1/1 in batch (10_1111_1365_2656_14051)...
[2026-09-20 18:52:59] Batch 858/1861 done (1/1 papers succeeded).
[2026-09-20 18:52:59] Batch 859/1861 (papers 859-859): running reproducibility_check on 1 paper(s), one at a time...
[2026-09-20 18:52:59]   Paper 1/1 in batch (10_1111_1365_2656_14052)...
[2026-09-20 18:53:01] Batch 859/1861 done (1/1 papers succeeded).
[2026-09-20 18:53:01] Batch 860/1861 (papers 860-860): running reproducibility_check on 1 paper(s), one at a time...
[2026-09-20 18:53:01]   Paper 1/1 in batch (10_1111_1365_2656_14054)...
[2026-09-20 18:53:07] Batch 860/1861 done (1/1 papers succeeded).
[2026-09-20 18:53:07] Batch 861/1861 (papers 861-861): running reproducibility_check on 1 paper(s), one at a time...
[2026-09-20 18:53:07]   Paper 1/1 in batch (10_1111_1365_2656_14060)...
[repro] execute = TRUE (sandbox = docker). install_missing = TRUE, timeout = 3000s, keep_sandbox = FALSE
[repro] sandbox root: C:\Users\dlakens\AppData\Local\Temp\RtmpaqOq5E\repro_sandbox_75058ac61a1
[repro] docker image: ghcr.io/scienceverse/metacheck_r:latest
[repro] materialising Psych-DS layout from plan (16 plan rows) ...
[repro]   materialised 15/20 files.
[repro] writing 5 rewritten script(s) into the layout ...
[repro]   wrote 5 script(s).
[repro] installing 1 dependenc(y/ies): dplyr
[repro]   install done: 1 ok, 0 failed.
[repro] running 5 script(s) in order: plot_scale.R -> plot_scale_invasives_removed.R -> tree_scale.R -> Supplement figures.R -> tree_scale_invasives_removed.R
[repro/docker]   -> running 'plot_scale.R' (timeout 3000s) ...
[repro/docker]   <- 'plot_scale.R' done in 1.1s
[repro/docker]   -> running 'plot_scale_invasives_removed.R' (timeout 3000s) ...
[repro/docker]   <- 'plot_scale_invasives_removed.R' done in 1.2s
[repro/docker]   -> running 'tree_scale.R' (timeout 3000s) ...
[repro/docker]   <- 'tree_scale.R' done in 1.1s
[repro/docker]   -> running 'Supplement figures.R' (timeout 3000s) ...
[repro/docker]   <- 'Supplement figures.R' done in 1s
[repro/docker]   -> running 'tree_scale_invasives_removed.R' (timeout 3000s) ...
[repro/docker]   <- 'tree_scale_invasives_removed.R' done in 1.1s
[repro] execution finished (pass 1). outcomes: plot_scale.R=errored; plot_scale_invasives_removed.R=errored; tree_scale.R=errored; Supplement figures.R=errored; tree_scale_invasives_removed.R=errored
[2026-09-20 18:53:42] Batch 861/1861 done (1/1 papers succeeded).
[2026-09-20 18:53:42] Batch 862/1861 (papers 862-862): running reproducibility_check on 1 paper(s), one at a time...
[2026-09-20 18:53:42]   Paper 1/1 in batch (10_1111_1365_2656_14068)...
[2026-09-20 18:53:49] Batch 862/1861 done (1/1 papers succeeded).
[2026-09-20 18:53:49] Batch 863/1861 (papers 863-863): running reproducibility_check on 1 paper(s), one at a time...
[2026-09-20 18:53:49]   Paper 1/1 in batch (10_1111_1365_2656_14075)...
[2026-09-20 18:53:52] Batch 863/1861 done (1/1 papers succeeded).
[2026-09-20 18:53:52] Batch 864/1861 (papers 864-864): running reproducibility_check on 1 paper(s), one at a time...
[2026-09-20 18:53:52]   Paper 1/1 in batch (10_1111_1365_2656_14093)...
[2026-09-20 18:53:52] Batch 864/1861 done (1/1 papers succeeded).
[2026-09-20 18:53:52] Batch 865/1861 (papers 865-865): running reproducibility_check on 1 paper(s), one at a time...
[2026-09-20 18:53:52]   Paper 1/1 in batch (10_1111_1365_2656_14112)...
[2026-09-20 18:53:54] Batch 865/1861 done (1/1 papers succeeded).
[2026-09-20 18:53:54] Batch 866/1861 (papers 866-866): running reproducibility_check on 1 paper(s), one at a time...
[2026-09-20 18:53:54]   Paper 1/1 in batch (10_1111_1365_2656_14113)...
4 files in https://doi.org/10.5281/zenodo.10658859 exceeded the 100 MB per-file limit and were skipped (the rest of the repository was downloaded). Largest: md_gt.rds (287 MB). Raise max_file_size to include them.
4 files in https://doi.org/10.5281/zenodo.10658859 exceeded the 100 MB per-file limit and were skipped (the rest of the repository was downloaded). Largest: md_gt.rds (287 MB). Raise max_file_size to include them.
[repro] execute = TRUE (sandbox = docker). install_missing = TRUE, timeout = 3000s, keep_sandbox = FALSE
[repro] sandbox root: C:\Users\dlakens\AppData\Local\Temp\RtmpaqOq5E\repro_sandbox_7502aa393d
[repro] docker image: ghcr.io/scienceverse/metacheck_r:latest
[repro] materialising Psych-DS layout from plan (12 plan rows) ...
[repro]   materialised 5/18 files.
[repro] writing 5 rewritten script(s) into the layout ...
[repro]   wrote 5 script(s).
[repro] installing 10 dependenc(y/ies): ade4, bayesplot, dplyr, factoextra, GGally, ggExtra, gridExtra, mcmcplots, R2jags, tidyverse
[repro]   install done: 8 ok, 2 failed.
[repro] skipping (missing inputs): ACP_habitat.R
[repro] running 5 script(s) in order: JAGS_model_1.R -> JAGS_model_2.R -> Figure_4.R -> Figure_5.R -> ACP_habitat.R
[repro/docker]   -> running 'JAGS_model_1.R' (timeout 3000s) ...
[repro/docker]   <- 'JAGS_model_1.R' done in 0.5s
[repro/docker]   -> running 'JAGS_model_2.R' (timeout 3000s) ...
[repro/docker]   <- 'JAGS_model_2.R' done in 0.6s
[repro/docker]   -> running 'Figure_4.R' (timeout 3000s) ...
[repro/docker]   <- 'Figure_4.R' done in 1.9s
[repro/docker]   -> running 'Figure_5.R' (timeout 3000s) ...
[repro/docker]   <- 'Figure_5.R' done in 2s
[repro] execution finished (pass 1). outcomes: JAGS_model_1.R=errored; JAGS_model_2.R=errored; Figure_4.R=errored; Figure_5.R=errored; ACP_habitat.R=skipped_missing_inputs
[2026-09-20 18:54:39] Batch 866/1861 done (1/1 papers succeeded).
[2026-09-20 18:54:39] Batch 867/1861 (papers 867-867): running reproducibility_check on 1 paper(s), one at a time...
[2026-09-20 18:54:39]   Paper 1/1 in batch (10_1111_1365_2656_14129)...
[2026-09-20 18:54:47] Batch 867/1861 done (1/1 papers succeeded).
[2026-09-20 18:54:47] Batch 868/1861 (papers 868-868): running reproducibility_check on 1 paper(s), one at a time...
[2026-09-20 18:54:47]   Paper 1/1 in batch (10_1111_1365_2656_14132)...
[2026-09-20 18:54:49] Batch 868/1861 done (1/1 papers succeeded).
[2026-09-20 18:54:49] Batch 869/1861 (papers 869-869): running reproducibility_check on 1 paper(s), one at a time...
[2026-09-20 18:54:49]   Paper 1/1 in batch (10_1111_1365_2656_14134)...
[2026-09-20 18:55:02] Batch 869/1861 done (1/1 papers succeeded).
[2026-09-20 18:55:02] Batch 870/1861 (papers 870-870): running reproducibility_check on 1 paper(s), one at a time...
[2026-09-20 18:55:02]   Paper 1/1 in batch (10_1111_1365_2656_14138)...
[repro] execute = TRUE (sandbox = docker). install_missing = TRUE, timeout = 3000s, keep_sandbox = FALSE
[repro] sandbox root: C:\Users\dlakens\AppData\Local\Temp\RtmpaqOq5E\repro_sandbox_75047ea73f8
[repro] docker image: ghcr.io/scienceverse/metacheck_r:latest
[repro] materialising Psych-DS layout from plan (5 plan rows) ...
[repro]   materialised 5/6 files.
[repro] writing 1 rewritten script(s) into the layout ...
[repro]   wrote 1 script(s).
[repro] installing 2 dependenc(y/ies): R2jags, rjags
[repro]   install done: 0 ok, 2 failed.
[repro] skipping (missing inputs): godwit_model_final.R
[repro] running 1 script(s) in order: godwit_model_final.R
[repro] execution finished (pass 1). outcomes: godwit_model_final.R=skipped_missing_inputs
[2026-09-20 18:55:15] Batch 870/1861 done (1/1 papers succeeded).
[2026-09-20 18:55:15] Batch 871/1861 (papers 871-871): running reproducibility_check on 1 paper(s), one at a time...
[2026-09-20 18:55:15]   Paper 1/1 in batch (10_1111_1365_2656_14155)...
[2026-09-20 18:55:25] Batch 871/1861 done (1/1 papers succeeded).
[2026-09-20 18:55:25] Batch 872/1861 (papers 872-872): running reproducibility_check on 1 paper(s), one at a time...
[2026-09-20 18:55:25]   Paper 1/1 in batch (10_1111_1365_2656_14159)...
[2026-09-20 18:55:27] Batch 872/1861 done (1/1 papers succeeded).
[2026-09-20 18:55:27] Batch 873/1861 (papers 873-873): running reproducibility_check on 1 paper(s), one at a time...
[2026-09-20 18:55:27]   Paper 1/1 in batch (10_1111_1365_2656_14163)...
[2026-09-20 18:55:29] Batch 873/1861 done (1/1 papers succeeded).
[2026-09-20 18:55:29] Batch 874/1861 (papers 874-874): running reproducibility_check on 1 paper(s), one at a time...
[2026-09-20 18:55:29]   Paper 1/1 in batch (10_1111_1365_2656_14164)...
Waiting 2s for retry backoff ■■■■■■■■■■■■■■■■                
Waiting 2s for retry backoff ■■■■■■■■■■■■■■■■■■■■■■■■■■■■■■■ 
Waiting 4s for retry backoff ■■■■■■■■■■■■■■■■■■              
Waiting 4s for retry backoff ■■■■■■■■■■■■■■■■■■■■■■■■■■■■■■■ 
Skipping zip for https://doi.org/10.5061/dryad.wdbrv15xr (only 1 file wanted -- Dryad's zip quota (100/day) is 5x stricter than its per-file quota (500/day), not worth spending on a small dataset); downloading its files individually.
[2026-09-20 18:55:44] Batch 874/1861 done (1/1 papers succeeded).
[2026-09-20 18:55:44] Batch 875/1861 (papers 875-875): running reproducibility_check on 1 paper(s), one at a time...
[2026-09-20 18:55:44]   Paper 1/1 in batch (10_1111_1365_2656_14169)...
[2026-09-20 18:55:45] Batch 875/1861 done (1/1 papers succeeded).
[2026-09-20 18:55:45] Batch 876/1861 (papers 876-876): running reproducibility_check on 1 paper(s), one at a time...
[2026-09-20 18:55:45]   Paper 1/1 in batch (10_1111_1365_2656_14183)...
[repro] execute = TRUE (sandbox = docker). install_missing = TRUE, timeout = 3000s, keep_sandbox = FALSE
[repro] sandbox root: C:\Users\dlakens\AppData\Local\Temp\RtmpaqOq5E\repro_sandbox_7506b576cbd
[repro] docker image: ghcr.io/scienceverse/metacheck_r:latest
[repro] materialising Psych-DS layout from plan (6 plan rows) ...
[repro]   materialised 5/6 files.
[repro] writing 1 rewritten script(s) into the layout ...
[repro]   wrote 1 script(s).
[repro] installing 16 dependenc(y/ies): activity, data.table, DescTools, dplyr, FSA, ggeffects, ggplot2, ggpubr, glmmTMB, lmerTest, lubridate, MuMIn, performance, scales, suncalc, tidyverse
[repro]   install done: 0 ok, 16 failed.
[repro] running 1 script(s) in order: R_Code_for_Analysis_JAE.R
[repro/docker]   -> running 'R_Code_for_Analysis_JAE.R' (timeout 3000s) ...
[repro/docker]   <- 'R_Code_for_Analysis_JAE.R' done in 1.3s
[repro] execution finished (pass 1). outcomes: R_Code_for_Analysis_JAE.R=errored
[2026-09-20 18:56:12] Batch 876/1861 done (1/1 papers succeeded).
[2026-09-20 18:56:12] Batch 877/1861 (papers 877-877): running reproducibility_check on 1 paper(s), one at a time...
[2026-09-20 18:56:12]   Paper 1/1 in batch (10_1111_1365_2656_14186)...
[repro] execute = TRUE (sandbox = docker). install_missing = TRUE, timeout = 3000s, keep_sandbox = FALSE
[repro] sandbox root: C:\Users\dlakens\AppData\Local\Temp\RtmpaqOq5E\repro_sandbox_7503515b06
[repro] docker image: ghcr.io/scienceverse/metacheck_r:latest
[repro] materialising Psych-DS layout from plan (5 plan rows) ...
[repro]   materialised 2/5 files.
[repro] writing 3 rewritten script(s) into the layout ...
[repro]   wrote 3 script(s).
[repro] installing 18 dependenc(y/ies): bayestestR, brms, broom, broom.mixed, dplyr, ggdist, ggh4x, ggnewscale, ggpubr, ggridges, janitor, lubridate, modelr, moments, PearsonDS, scales, tidybayes, tidyverse
[repro]   install done: 0 ok, 18 failed.
[repro] skipping (missing inputs): RMBL BB size data manipulation 12MAR2024.R
[repro] running 3 script(s) in order: RMBL BB size data manipulation 12MAR2024.R -> RMBL BB size analysis 12MAR2024.R -> RMBL BB size figures 19MAR2024.R
[repro/docker]   -> running 'RMBL BB size analysis 12MAR2024.R' (timeout 3000s) ...
[repro/docker]   <- 'RMBL BB size analysis 12MAR2024.R' done in 2.8s
[repro/docker]   -> running 'RMBL BB size figures 19MAR2024.R' (timeout 3000s) ...
[repro/docker]   <- 'RMBL BB size figures 19MAR2024.R' done in 1.6s
[repro] execution finished (pass 1). outcomes: RMBL BB size data manipulation 12MAR2024.R=skipped_missing_inputs; RMBL BB size analysis 12MAR2024.R=errored; RMBL BB size figures 19MAR2024.R=errored
[2026-09-20 18:56:31] Batch 877/1861 done (1/1 papers succeeded).
[2026-09-20 18:56:31] Batch 878/1861 (papers 878-878): running reproducibility_check on 1 paper(s), one at a time...
[2026-09-20 18:56:31]   Paper 1/1 in batch (10_1111_1365_2656_14188)...
