placeID,fileID,Sample.Label,datetime,date,time,species,contact,angle,distance,Area,Region.Label,Study.Area
TAPP01,TAPP01,TAPP01,,,,,,,,1,Grid1,200
TAPP02,TAPP02,TAPP02,,,,,,,,1,Grid1,200
TAPP03,TAPP03,TAPP03,,,,,,,,1,Grid1,200
HYPP04,HYPP04,HYPP04,,,,,,,,1,Grid1,200
TAPP05,TAPP05,TAPP05,,,,,,,,1,Grid1,200
GKPP06,GKPP06,GKPP06,,,,,,,,1,Grid1,200
HYPP07,HYPP07,HYPP07,,,,,,,,1,Grid1,200
HYPP08,HYPP08,HYPP08,,,,,,,,1,Grid1,200
GKPP10,GKPP10,GKPP10,,,,,,,,1,Grid1,200
GKPP11,GKPP11,GKPP11,,,,,,,,1,Grid1,200
GKPP12,GKPP12,GKPP12,,,,,,,,1,Grid1,200
GKPP13,GKPP13,GKPP13,,,,,,,,1,Grid1,200
HYPP14,HYPP14,HYPP14,,,,,,,,1,Grid1,200
GKPP15,GKPP15,GKPP15,,,,,,,,1,Grid1,200
GKPP16,GKPP16,GKPP16,,,,,,,,1,Grid1,200
HYPP17,HYPP17,HYPP17,,,,,,,,1,Grid1,200
GKPP18,GKPP18,GKPP18,,,,,,,,1,Grid1,200
GKPP19,GKPP19,GKPP19,,,,,,,,1,Grid1,200
HYPP20,HYPP20,HYPP20,,,,,,,,1,Grid1,200
TAPP21,TAPP21,TAPP21,,,,,,,,1,Grid2,200
TAPP22,TAPP22,TAPP22,,,,,,,,1,Grid2,200
TAPP23,TAPP23,TAPP23,,,,,,,,1,Grid2,200
TAPP24,TAPP24,TAPP24,,,,,,,,1,Grid2,200
TAPP25,TAPP25,TAPP25,,,,,,,,1,Grid2,200
HYPP26,HYPP26,HYPP26,,,,,,,,1,Grid2,200
GKPP29,GKPP29,GKPP29,,,,,,,,1,Grid2,200
GKPP30,GKPP30,GKPP30,,,,,,,,1,Grid2,200
HYPP31,HYPP31,HYPP31,,,,,,,,1,Grid2,200
HYPP32,HYPP32,HYPP32,,,,,,,,1,Grid2,200
GKPP33,GKPP33,GKPP33,,,,,,,,1,Grid2,200
GKPP34,GKPP34,GKPP34,,,,,,,,1,Grid2,200
GKPP35,GKPP35,GKPP35,,,,,,,,1,Grid2,200
HYPP36,HYPP36,HYPP36,,,,,,,,1,Grid2,200
HYPP37,HYPP37,HYPP37,,,,,,,,1,Grid2,200
GKPP38,GKPP38,GKPP38,,,,,,,,1,Grid2,200
GKPP39,GKPP39,GKPP39,,,,,,,,1,Grid2,200
HYPP40,HYPP40,HYPP40,,,,,,,,1,Grid2,200
HYPP41,HYPP41,HYPP41,,,,,,,,1,Grid2,200
TAPP43,TAPP43,TAPP43,,,,,,,,1,Grid3,200
TAPP44,TAPP44,TAPP44,,,,,,,,1,Grid3,200
TAPP45,TAPP45,TAPP45,,,,,,,,1,Grid3,200
HYPP46,HYPP46,HYPP46,,,,,,,,1,Grid3,200
TAPP47,TAPP47,TAPP47,,,,,,,,1,Grid3,200
TAPP48,TAPP48,TAPP48,,,,,,,,1,Grid3,200
TAPP49,TAPP49,TAPP49,,,,,,,,1,Grid3,200
TAPP50,TAPP50,TAPP50,,,,,,,,1,Grid3,200
HYPP51,HYPP51,HYPP51,,,,,,,,1,Grid3,200
GKPP52,GKPP52,GKPP52,,,,,,,,1,Grid3,200
GKPP53,GKPP53,GKPP53,,,,,,,,1,Grid3,200
GKPP54,GKPP54,GKPP54,,,,,,,,1,Grid3,200
GKPP55,GKPP55,GKPP55,,,,,,,,1,Grid3,200
HYPP56,HYPP56,HYPP56,,,,,,,,1,Grid3,200
HYPP57,HYPP57,HYPP57,,,,,,,,1,Grid3,200
GKPP58,GKPP58,GKPP58,,,,,,,,1,Grid3,200
GKPP59,GKPP59,GKPP59,,,,,,,,1,Grid3,200
HYPP60,HYPP60,HYPP60,,,,,,,,1,Grid3,200
GKPP61,GKPP61,GKPP61,,,,,,,,1,Grid3,200
GKPP62,GKPP62,GKPP62,,,,,,,,1,Grid3,200
HYPP63,HYPP63,HYPP63,,,,,,,,1,Grid3,200
GKPP16,GKPP16,GKPP16,2019:12:08 02:09:23,08/12/2019,0.08985,Black Backed Jackal,No,0.2-0.4,6,1,Grid1,200
GKPP16,GKPP16,GKPP16,2019:12:08 02:09:23,08/12/2019,0.08985,Black Backed Jackal,No,0-0.2,6,1,Grid1,200
GKPP16,GKPP16,GKPP16,2019:12:08 02:09:23,08/12/2019,0.08985,Black Backed Jackal,No,0-0.2,6.5,1,Grid1,200
GKPP16,GKPP16,GKPP16,2019:12:08 02:09:22,08/12/2019,0.089838,Black Backed Jackal,No,0-0.2,6.5,1,Grid1,200
GKPP16,GKPP16,GKPP16,2019:12:08 02:09:22,08/12/2019,0.089838,Black Backed Jackal,No,0-0.2,6.5,1,Grid1,200
GKPP16,GKPP16,GKPP16,2019:12:08 02:09:22,08/12/2019,0.089838,Black Backed Jackal,Yes,0-0.2,6.5,1,Grid1,200
GKPP19,GKPP19,GKPP19,2019:12:08 00:12:12,08/12/2019,0.008472,Brown Hyena,No,0-0.2,4,1,Grid1,200
GKPP19,GKPP19,GKPP19,2019:12:08 00:12:12,08/12/2019,0.008472,Brown Hyena,No,0-0.2,4,1,Grid1,200
GKPP19,GKPP19,GKPP19,2019:12:08 00:12:12,08/12/2019,0.008472,Brown Hyena,No,0-0.2,4.5,1,Grid1,200
GKPP19,GKPP19,GKPP19,2019:12:08 00:12:11,08/12/2019,0.008461,Brown Hyena,No,0-0.2,5,1,Grid1,200
GKPP19,GKPP19,GKPP19,2019:12:08 00:12:11,08/12/2019,0.008461,Brown Hyena,No,0.2-0.4,5,1,Grid1,200
GKPP19,GKPP19,GKPP19,2019:12:08 00:12:11,08/12/2019,0.008461,Brown Hyena,Yes,0.2-0.4,5.5,1,Grid1,200
TAPP01,TAPP01,TAPP01,2019:12:12 22:25:24,12/12/2019,0.934306,Black Backed Jackal,No,0.6-0.8,14,1,Grid1,200
TAPP01,TAPP01,TAPP01,2019:12:12 22:25:24,12/12/2019,0.934306,Black Backed Jackal,No,0.6-0.8,12,1,Grid1,200
TAPP01,TAPP01,TAPP01,2019:12:12 22:25:24,12/12/2019,0.934306,Black Backed Jackal,No,0.4-0.6,9.5,1,Grid1,200
TAPP01,TAPP01,TAPP01,2019:12:12 22:25:23,12/12/2019,0.934294,Black Backed Jackal,No,0.2-0.4,8,1,Grid1,200
TAPP01,TAPP01,TAPP01,2019:12:12 22:25:23,12/12/2019,0.934294,Black Backed Jackal,No,0-0.2,7.5,1,Grid1,200
TAPP01,TAPP01,TAPP01,2019:12:12 22:25:23,12/12/2019,0.934294,Black Backed Jackal,Yes,0-0.2,6,1,Grid1,200
GKPP11,GKPP11,GKPP11,2019:12:08 20:10:14,08/12/2019,0.84044,Black Backed Jackal,No,0.2-0.4,10,1,Grid1,200
GKPP11,GKPP11,GKPP11,2019:12:08 20:10:14,08/12/2019,0.84044,Black Backed Jackal,No,0-0.2,11,1,Grid1,200
GKPP11,GKPP11,GKPP11,2019:12:08 20:10:13,08/12/2019,0.840428,Black Backed Jackal,No,0-0.2,11,1,Grid1,200
GKPP11,GKPP11,GKPP11,2019:12:08 20:10:13,08/12/2019,0.840428,Black Backed Jackal,No,0-0.2,11,1,Grid1,200
GKPP11,GKPP11,GKPP11,2019:12:08 20:10:13,08/12/2019,0.840428,Black Backed Jackal,No,0-0.2,11,1,Grid1,200
GKPP11,GKPP11,GKPP11,2019:12:08 20:10:13,08/12/2019,0.840428,Black Backed Jackal,Yes,0-0.2,12,1,Grid1,200
GKPP11,GKPP11,GKPP11,2019:12:07 23:27:23,07/12/2019,0.97735,Black Backed Jackal,No,0.4-0.6,17,1,Grid1,200
GKPP11,GKPP11,GKPP11,2019:12:07 23:27:23,07/12/2019,0.97735,Black Backed Jackal,No,0.4-0.6,16,1,Grid1,200
GKPP11,GKPP11,GKPP11,2019:12:07 23:27:22,07/12/2019,0.977338,Black Backed Jackal,No,0.4-0.6,16,1,Grid1,200
GKPP11,GKPP11,GKPP11,2019:12:07 23:27:22,07/12/2019,0.977338,Black Backed Jackal,No,0.4-0.6,16,1,Grid1,200
GKPP11,GKPP11,GKPP11,2019:12:07 23:27:22,07/12/2019,0.977338,Black Backed Jackal,No,0.4-0.6,16,1,Grid1,200
GKPP11,GKPP11,GKPP11,2019:12:07 23:27:22,07/12/2019,0.977338,Black Backed Jackal,Yes,0.4-0.6,15,1,Grid1,200
HYPP14,HYPP14,HYPP14,2019:12:07 03:15:02,07/12/2019,0.13544,Brown Hyena,No,0.8-1,13,1,Grid1,200
HYPP14,HYPP14,HYPP14,2019:12:07 03:15:02,07/12/2019,0.13544,Brown Hyena,No,0.8-1,13,1,Grid1,200
HYPP14,HYPP14,HYPP14,2019:12:07 03:15:01,07/12/2019,0.135428,Brown Hyena,No,0.8-1,13,1,Grid1,200
HYPP14,HYPP14,HYPP14,2019:12:07 03:15:01,07/12/2019,0.135428,Brown Hyena,No,0.6-0.8,12,1,Grid1,200
HYPP14,HYPP14,HYPP14,2019:12:07 03:15:01,07/12/2019,0.135428,Brown Hyena,No,0.6-0.8,12,1,Grid1,200
HYPP14,HYPP14,HYPP14,2019:12:07 03:15:00,07/12/2019,0.135417,Brown Hyena,No,0.6-0.8,11,1,Grid1,200
HYPP14,HYPP14,HYPP14,2019:12:07 03:14:57,07/12/2019,0.135382,Brown Hyena,No,0.2-0.4,10,1,Grid1,200
HYPP14,HYPP14,HYPP14,2019:12:07 03:14:56,07/12/2019,0.13537,Brown Hyena,No,0.2-0.4,10,1,Grid1,200
HYPP14,HYPP14,HYPP14,2019:12:07 03:14:56,07/12/2019,0.13537,Brown Hyena,No,0.4-0.6,10,1,Grid1,200
HYPP14,HYPP14,HYPP14,2019:12:07 03:14:56,07/12/2019,0.13537,Brown Hyena,No,0.4-0.6,9.5,1,Grid1,200
HYPP14,HYPP14,HYPP14,2019:12:07 03:14:55,07/12/2019,0.135359,Brown Hyena,No,0.4-0.6,9.5,1,Grid1,200
HYPP14,HYPP14,HYPP14,2019:12:07 03:14:55,07/12/2019,0.135359,Brown Hyena,Yes,0.4-0.6,10,1,Grid1,200
HYPP17,HYPP17,HYPP17,2019:12:15 19:58:38,15/12/2019,0.832384,Black Backed Jackal,No,0-0.2,12,1,Grid1,200
HYPP17,HYPP17,HYPP17,2019:12:15 19:58:38,15/12/2019,0.832384,Black Backed Jackal,No,0-0.2,12,1,Grid1,200
HYPP17,HYPP17,HYPP17,2019:12:15 19:58:38,15/12/2019,0.832384,Black Backed Jackal,No,0.2-0.4,12,1,Grid1,200
HYPP17,HYPP17,HYPP17,2019:12:15 19:58:37,15/12/2019,0.832373,Black Backed Jackal,No,0.2-0.4,12,1,Grid1,200
HYPP17,HYPP17,HYPP17,2019:12:15 19:58:37,15/12/2019,0.832373,Black Backed Jackal,No,0.4-0.6,12,1,Grid1,200
HYPP17,HYPP17,HYPP17,2019:12:15 19:58:37,15/12/2019,0.832373,Black Backed Jackal,Yes,0.4-0.6,13,1,Grid1,200
HYPP17,HYPP17,HYPP17,2019:12:07 07:22:16,07/12/2019,0.30713,African Civet,No,0.8-1,13,1,Grid1,200
HYPP17,HYPP17,HYPP17,2019:12:07 07:22:16,07/12/2019,0.30713,African Civet,No,0.8-1,12,1,Grid1,200
HYPP17,HYPP17,HYPP17,2019:12:07 07:22:16,07/12/2019,0.30713,African Civet,No,0.8-1,12,1,Grid1,200
HYPP17,HYPP17,HYPP17,2019:12:07 07:22:16,07/12/2019,0.30713,African Civet,No,0.8-1,11,1,Grid1,200
HYPP17,HYPP17,HYPP17,2019:12:07 07:22:15,07/12/2019,0.307118,African Civet,No,0.8-1,11,1,Grid1,200
HYPP17,HYPP17,HYPP17,2019:12:07 07:22:15,07/12/2019,0.307118,African Civet,No,0.8-1,11,1,Grid1,200
HYPP17,HYPP17,HYPP17,2019:12:07 07:22:09,07/12/2019,0.307049,African Civet,No,0.2-0.4,10,1,Grid1,200
HYPP17,HYPP17,HYPP17,2019:12:07 07:22:09,07/12/2019,0.307049,African Civet,No,0.4-0.6,10,1,Grid1,200
HYPP17,HYPP17,HYPP17,2019:12:07 07:22:09,07/12/2019,0.307049,African Civet,No,0.4-0.6,11,1,Grid1,200
HYPP17,HYPP17,HYPP17,2019:12:07 07:22:09,07/12/2019,0.307049,African Civet,No,0.4-0.6,11,1,Grid1,200
HYPP17,HYPP17,HYPP17,2019:12:07 07:22:08,07/12/2019,0.307037,African Civet,No,0.4-0.6,11,1,Grid1,200
HYPP17,HYPP17,HYPP17,2019:12:07 07:22:08,07/12/2019,0.307037,African Civet,Yes,0.6-0.8,11,1,Grid1,200
HYPP20,HYPP20,HYPP20,2019:12:09 16:20:39,09/12/2019,0.681007,Black Backed Jackal,No,0.2-0.4,15,1,Grid1,200
HYPP20,HYPP20,HYPP20,2019:12:09 16:20:39,09/12/2019,0.681007,Black Backed Jackal,No,0-0.2,13,1,Grid1,200
HYPP20,HYPP20,HYPP20,2019:12:09 16:20:39,09/12/2019,0.681007,Black Backed Jackal,No,0-0.2,12,1,Grid1,200
HYPP20,HYPP20,HYPP20,2019:12:09 16:20:38,09/12/2019,0.680995,Black Backed Jackal,No,0-0.2,11,1,Grid1,200
HYPP20,HYPP20,HYPP20,2019:12:09 16:20:38,09/12/2019,0.680995,Black Backed Jackal,No,0-0.2,10,1,Grid1,200
HYPP20,HYPP20,HYPP20,2019:12:09 16:20:38,09/12/2019,0.680995,Black Backed Jackal,No,0.2-0.4,9.5,1,Grid1,200
HYPP20,HYPP20,HYPP20,2019:12:09 16:20:22,09/12/2019,0.68081,Black Backed Jackal,No,0.6-0.8,9,1,Grid1,200
HYPP20,HYPP20,HYPP20,2019:12:09 16:20:22,09/12/2019,0.68081,Black Backed Jackal,No,0.6-0.8,9,1,Grid1,200
HYPP20,HYPP20,HYPP20,2019:12:09 16:20:21,09/12/2019,0.680799,Black Backed Jackal,No,0.4-0.6,9,1,Grid1,200
HYPP20,HYPP20,HYPP20,2019:12:09 16:20:21,09/12/2019,0.680799,Black Backed Jackal,No,0.4-0.6,9,1,Grid1,200
HYPP20,HYPP20,HYPP20,2019:12:09 16:20:21,09/12/2019,0.680799,Black Backed Jackal,No,0.2-0.4,9.5,1,Grid1,200
HYPP20,HYPP20,HYPP20,2019:12:09 16:20:20,09/12/2019,0.680787,Black Backed Jackal,Yes,0-0.2,10,1,Grid1,200
HYPP08,HYPP08,HYPP08,2019:12:14 07:43:42,14/12/2019,0.322014,Black Backed Jackal,No,0.4-0.6,11,1,Grid1,200
HYPP08,HYPP08,HYPP08,2019:12:14 07:43:42,14/12/2019,0.322014,Black Backed Jackal,No,0.4-0.6,12,1,Grid1,200
HYPP08,HYPP08,HYPP08,2019:12:14 07:43:42,14/12/2019,0.322014,Black Backed Jackal,No,0.2-0.4,11,1,Grid1,200
HYPP08,HYPP08,HYPP08,2019:12:14 07:43:41,14/12/2019,0.322002,Black Backed Jackal,No,0.2-0.4,12,1,Grid1,200
HYPP08,HYPP08,HYPP08,2019:12:14 07:43:41,14/12/2019,0.322002,Black Backed Jackal,No,0-0.2,15,1,Grid1,200
HYPP08,HYPP08,HYPP08,2019:12:14 07:43:41,14/12/2019,0.322002,Black Backed Jackal,Yes,0-0.2,19,1,Grid1,200
TAPP02,TAPP02,TAPP02,2019:12:16 02:57:21,16/12/2019,0.12316,Black Backed Jackal,No,0.8-1,13,1,Grid1,200
TAPP02,TAPP02,TAPP02,2019:12:16 02:57:21,16/12/2019,0.12316,Black Backed Jackal,No,0.8-1,9,1,Grid1,200
TAPP02,TAPP02,TAPP02,2019:12:16 02:57:20,16/12/2019,0.123148,Black Backed Jackal,No,0.6-0.8,7.5,1,Grid1,200
TAPP02,TAPP02,TAPP02,2019:12:16 02:57:20,16/12/2019,0.123148,Black Backed Jackal,No,0.6-0.8,6.5,1,Grid1,200
TAPP02,TAPP02,TAPP02,2019:12:16 02:57:20,16/12/2019,0.123148,Black Backed Jackal,No,0.4-0.6,5.5,1,Grid1,200
TAPP02,TAPP02,TAPP02,2019:12:16 02:57:19,16/12/2019,0.123137,Black Backed Jackal,Yes,0.2-0.4,4.5,1,Grid1,200
TAPP02,TAPP02,TAPP02,2019:12:11 06:31:09,11/12/2019,0.271632,Brown Hyena,No,0.8-1,22,1,Grid1,200
TAPP02,TAPP02,TAPP02,2019:12:11 06:31:09,11/12/2019,0.271632,Brown Hyena,No,0.6-0.8,17,1,Grid1,200
TAPP02,TAPP02,TAPP02,2019:12:11 06:31:09,11/12/2019,0.271632,Brown Hyena,No,0.4-0.6,15,1,Grid1,200
TAPP02,TAPP02,TAPP02,2019:12:11 06:31:08,11/12/2019,0.27162,Brown Hyena,No,0.4-0.6,14,1,Grid1,200
TAPP02,TAPP02,TAPP02,2019:12:11 06:31:08,11/12/2019,0.27162,Brown Hyena,No,0.2-0.4,11,1,Grid1,200
TAPP02,TAPP02,TAPP02,2019:12:11 06:31:08,11/12/2019,0.27162,Brown Hyena,Yes,0-0.2,11,1,Grid1,200
TAPP03,TAPP03,TAPP03,2019:12:13 05:19:10,13/12/2019,0.221644,Black Backed Jackal,No,0.4-0.6,9.5,1,Grid1,200
TAPP03,TAPP03,TAPP03,2019:12:13 05:19:09,13/12/2019,0.221632,Black Backed Jackal,No,0.4-0.6,11,1,Grid1,200
TAPP03,TAPP03,TAPP03,2019:12:13 05:19:09,13/12/2019,0.221632,Black Backed Jackal,No,0.6-0.8,12,1,Grid1,200
TAPP03,TAPP03,TAPP03,2019:12:13 05:19:09,13/12/2019,0.221632,Black Backed Jackal,No,0.6-0.8,14,1,Grid1,200
TAPP03,TAPP03,TAPP03,2019:12:13 05:19:08,13/12/2019,0.22162,Black Backed Jackal,No,0.6-0.8,15,1,Grid1,200
TAPP03,TAPP03,TAPP03,2019:12:13 05:19:08,13/12/2019,0.22162,Black Backed Jackal,Yes,0.8-1,18,1,Grid1,200
GKPP13,GKPP13,GKPP13,2019:12:20 02:20:32,20/12/2019,0.097593,Black Backed Jackal,No,0-0.2,8.5,1,Grid1,200
GKPP13,GKPP13,GKPP13,2019:12:20 02:20:32,20/12/2019,0.097593,Black Backed Jackal,No,0-0.2,8.5,1,Grid1,200
GKPP13,GKPP13,GKPP13,2019:12:20 02:20:32,20/12/2019,0.097593,Black Backed Jackal,No,0-0.2,8,1,Grid1,200
GKPP13,GKPP13,GKPP13,2019:12:20 02:20:31,20/12/2019,0.097581,Black Backed Jackal,No,0.2-0.4,8,1,Grid1,200
GKPP13,GKPP13,GKPP13,2019:12:20 02:20:31,20/12/2019,0.097581,Black Backed Jackal,No,0.2-0.4,8,1,Grid1,200
GKPP13,GKPP13,GKPP13,2019:12:20 02:20:31,20/12/2019,0.097581,Black Backed Jackal,Yes,0.4-0.6,8.5,1,Grid1,200
GKPP16,GKPP16,GKPP16,2019:12:14 05:20:01,14/12/2019,0.222234,Black Backed Jackal,No,0.8-1,6,1,Grid1,200
GKPP16,GKPP16,GKPP16,2019:12:14 05:20:01,14/12/2019,0.222234,Black Backed Jackal,No,0.6-0.8,5,1,Grid1,200
GKPP16,GKPP16,GKPP16,2019:12:14 05:20:00,14/12/2019,0.222222,Black Backed Jackal,Yes,0.4-0.6,4,1,Grid1,200
GKPP18,GKPP18,GKPP18,2019:12:21 04:24:47,21/12/2019,0.183877,Black Backed Jackal,No,0.8-1,5.5,1,Grid1,200
GKPP18,GKPP18,GKPP18,2019:12:21 04:24:47,21/12/2019,0.183877,Black Backed Jackal,No,0.6-0.8,5.5,1,Grid1,200
GKPP18,GKPP18,GKPP18,2019:12:21 04:24:47,21/12/2019,0.183877,Black Backed Jackal,No,0.6-0.8,5.5,1,Grid1,200
GKPP18,GKPP18,GKPP18,2019:12:21 04:24:36,21/12/2019,0.18375,Black Backed Jackal,No,0.4-0.6,11,1,Grid1,200
GKPP18,GKPP18,GKPP18,2019:12:21 04:24:35,21/12/2019,0.183738,Black Backed Jackal,No,0.4-0.6,11,1,Grid1,200
GKPP18,GKPP18,GKPP18,2019:12:21 04:24:35,21/12/2019,0.183738,Black Backed Jackal,No,0.2-0.4,11,1,Grid1,200
GKPP18,GKPP18,GKPP18,2019:12:21 04:24:35,21/12/2019,0.183738,Black Backed Jackal,No,0.2-0.4,13,1,Grid1,200
GKPP18,GKPP18,GKPP18,2019:12:21 04:24:35,21/12/2019,0.183738,Black Backed Jackal,No,0-0.2,13,1,Grid1,200
GKPP18,GKPP18,GKPP18,2019:12:21 04:24:34,21/12/2019,0.183727,Black Backed Jackal,Yes,0-0.2,13,1,Grid1,200
GKPP19,GKPP19,GKPP19,2019:12:23 06:25:15,23/12/2019,0.267535,Black Backed Jackal,No,0.8-1,9,1,Grid1,200
GKPP19,GKPP19,GKPP19,2019:12:23 06:25:13,23/12/2019,0.267512,Black Backed Jackal,Yes,0.2-0.4,9.5,1,Grid1,200
HYPP17,HYPP17,HYPP17,2019:12:22 02:54:27,22/12/2019,0.121146,Black Backed Jackal,No,0.6-0.8,8.5,1,Grid1,200
HYPP17,HYPP17,HYPP17,2019:12:22 02:54:27,22/12/2019,0.121146,Black Backed Jackal,No,0.6-0.8,8.5,1,Grid1,200
HYPP17,HYPP17,HYPP17,2019:12:22 02:54:26,22/12/2019,0.121134,Black Backed Jackal,No,0.6-0.8,8.5,1,Grid1,200
HYPP17,HYPP17,HYPP17,2019:12:22 02:54:26,22/12/2019,0.121134,Black Backed Jackal,No,0.6-0.8,8,1,Grid1,200
HYPP17,HYPP17,HYPP17,2019:12:22 02:54:26,22/12/2019,0.121134,Black Backed Jackal,No,0.6-0.8,7.5,1,Grid1,200
HYPP17,HYPP17,HYPP17,2019:12:22 02:54:25,22/12/2019,0.121123,Black Backed Jackal,Yes,0.6-0.8,7.5,1,Grid1,200
TAPP01,TAPP01,TAPP01,2019:12:24 04:54:02,24/12/2019,0.20419,Black Backed Jackal,No,0.8-1,4.5,1,Grid1,200
TAPP01,TAPP01,TAPP01,2019:12:24 04:54:02,24/12/2019,0.20419,Black Backed Jackal,No,0.8-1,4.5,1,Grid1,200
TAPP01,TAPP01,TAPP01,2019:12:24 04:54:02,24/12/2019,0.20419,Black Backed Jackal,No,0.6-0.8,4.5,1,Grid1,200
TAPP01,TAPP01,TAPP01,2019:12:24 04:54:01,24/12/2019,0.204178,Black Backed Jackal,No,0.6-0.8,4.5,1,Grid1,200
TAPP01,TAPP01,TAPP01,2019:12:24 04:54:01,24/12/2019,0.204178,Black Backed Jackal,No,0.4-0.6,4.5,1,Grid1,200
TAPP01,TAPP01,TAPP01,2019:12:24 04:54:01,24/12/2019,0.204178,Black Backed Jackal,Yes,0.2-0.4,4.5,1,Grid1,200
TAPP01,TAPP01,TAPP01,2019:12:24 00:45:21,24/12/2019,0.031493,Black Backed Jackal,No,0.8-1,4.5,1,Grid1,200
TAPP01,TAPP01,TAPP01,2019:12:24 00:45:21,24/12/2019,0.031493,Black Backed Jackal,No,0.6-0.8,4.5,1,Grid1,200
TAPP01,TAPP01,TAPP01,2019:12:24 00:45:20,24/12/2019,0.031481,Black Backed Jackal,No,0.2-0.4,4.5,1,Grid1,200
TAPP01,TAPP01,TAPP01,2019:12:24 00:45:20,24/12/2019,0.031481,Black Backed Jackal,No,0-0.2,5,1,Grid1,200
TAPP01,TAPP01,TAPP01,2019:12:24 00:45:20,24/12/2019,0.031481,Black Backed Jackal,Yes,0-0.2,5.5,1,Grid1,200
TAPP01,TAPP01,TAPP01,2019:12:16 17:58:19,16/12/2019,0.748831,Black Backed Jackal,No,0-0.2,12,1,Grid1,200
TAPP01,TAPP01,TAPP01,2019:12:16 17:58:19,16/12/2019,0.748831,Black Backed Jackal,No,0-0.2,13,1,Grid1,200
TAPP01,TAPP01,TAPP01,2019:12:16 17:58:19,16/12/2019,0.748831,Black Backed Jackal,No,0-0.2,14,1,Grid1,200
TAPP01,TAPP01,TAPP01,2019:12:16 17:58:18,16/12/2019,0.748819,Black Backed Jackal,No,0.2-0.4,14,1,Grid1,200
TAPP01,TAPP01,TAPP01,2019:12:16 17:58:18,16/12/2019,0.748819,Black Backed Jackal,No,0.2-0.4,14,1,Grid1,200
TAPP01,TAPP01,TAPP01,2019:12:16 17:58:18,16/12/2019,0.748819,Black Backed Jackal,Yes,0.4-0.6,14,1,Grid1,200
TAPP02,TAPP02,TAPP02,2019:12:22 19:02:45,22/12/2019,0.793576,Black Backed Jackal,No,0-0.2,7,1,Grid1,200
TAPP02,TAPP02,TAPP02,2019:12:22 19:02:45,22/12/2019,0.793576,Black Backed Jackal,No,0-0.2,6.5,1,Grid1,200
TAPP02,TAPP02,TAPP02,2019:12:22 19:02:44,22/12/2019,0.793565,Black Backed Jackal,No,0-0.2,6,1,Grid1,200
TAPP02,TAPP02,TAPP02,2019:12:22 19:02:44,22/12/2019,0.793565,Black Backed Jackal,No,0-0.2,5.5,1,Grid1,200
TAPP02,TAPP02,TAPP02,2019:12:22 19:02:44,22/12/2019,0.793565,Black Backed Jackal,No,0-0.2,5,1,Grid1,200
TAPP02,TAPP02,TAPP02,2019:12:22 19:02:44,22/12/2019,0.793565,Black Backed Jackal,Yes,0-0.2,4.5,1,Grid1,200
HYPP04,HYPP04,HYPP04,2019:12:22 04:42:38,22/12/2019,0.196273,Black Backed Jackal,No,0-0.2,4.5,1,Grid1,200
HYPP04,HYPP04,HYPP04,2019:12:22 04:42:38,22/12/2019,0.196273,Black Backed Jackal,No,0-0.2,5,1,Grid1,200
HYPP04,HYPP04,HYPP04,2019:12:22 04:42:37,22/12/2019,0.196262,Black Backed Jackal,No,0-0.2,5.5,1,Grid1,200
HYPP04,HYPP04,HYPP04,2019:12:22 04:42:37,22/12/2019,0.196262,Black Backed Jackal,No,0-0.2,5.5,1,Grid1,200
HYPP04,HYPP04,HYPP04,2019:12:22 04:42:37,22/12/2019,0.196262,Black Backed Jackal,No,0-0.2,5.5,1,Grid1,200
HYPP04,HYPP04,HYPP04,2019:12:22 04:42:37,22/12/2019,0.196262,Black Backed Jackal,Yes,0.2-0.4,6,1,Grid1,200
GKPP10,GKPP10,GKPP10,2019:12:15 07:56:48,15/12/2019,0.331111,Leopard,No,0.6-0.8,19,1,Grid1,200
GKPP10,GKPP10,GKPP10,2019:12:15 07:56:48,15/12/2019,0.331111,Leopard,No,0.6-0.8,19,1,Grid1,200
GKPP10,GKPP10,GKPP10,2019:12:15 07:56:48,15/12/2019,0.331111,Leopard,No,0.6-0.8,18,1,Grid1,200
GKPP10,GKPP10,GKPP10,2019:12:15 07:56:47,15/12/2019,0.3311,Leopard,No,0.6-0.8,18,1,Grid1,200
GKPP10,GKPP10,GKPP10,2019:12:15 07:56:47,15/12/2019,0.3311,Leopard,No,0.4-0.6,18,1,Grid1,200
GKPP10,GKPP10,GKPP10,2019:12:15 07:56:47,15/12/2019,0.3311,Leopard,Yes,0.4-0.6,18,1,Grid1,200
GKPP11,GKPP11,GKPP11,2019:12:17 03:54:31,17/12/2019,0.162859,Black Backed Jackal,No,0-0.2,12,1,Grid1,200
GKPP11,GKPP11,GKPP11,2019:12:17 03:54:31,17/12/2019,0.162859,Black Backed Jackal,No,0-0.2,12,1,Grid1,200
GKPP11,GKPP11,GKPP11,2019:12:17 03:54:30,17/12/2019,0.162847,Black Backed Jackal,No,0-0.2,12,1,Grid1,200
GKPP11,GKPP11,GKPP11,2019:12:17 03:54:30,17/12/2019,0.162847,Black Backed Jackal,No,0-0.2,12,1,Grid1,200
GKPP11,GKPP11,GKPP11,2019:12:17 03:54:30,17/12/2019,0.162847,Black Backed Jackal,No,0-0.2,12,1,Grid1,200
GKPP11,GKPP11,GKPP11,2019:12:17 03:54:29,17/12/2019,0.162836,Black Backed Jackal,Yes,0-0.2,12,1,Grid1,200
GKPP11,GKPP11,GKPP11,2019:12:16 03:30:30,16/12/2019,0.146181,Black Backed Jackal,No,0.8-1,7.5,1,Grid1,200
GKPP11,GKPP11,GKPP11,2019:12:16 03:30:30,16/12/2019,0.146181,Black Backed Jackal,No,0.8-1,7.5,1,Grid1,200
GKPP11,GKPP11,GKPP11,2019:12:16 03:30:29,16/12/2019,0.146169,Black Backed Jackal,No,0.6-0.8,7,1,Grid1,200
GKPP11,GKPP11,GKPP11,2019:12:16 03:29:27,16/12/2019,0.145451,Black Backed Jackal,No,0.4-0.6,6,1,Grid1,200
GKPP11,GKPP11,GKPP11,2019:12:16 03:29:27,16/12/2019,0.145451,Black Backed Jackal,No,0.4-0.6,6,1,Grid1,200
GKPP11,GKPP11,GKPP11,2019:12:16 03:29:27,16/12/2019,0.145451,Black Backed Jackal,No,0.4-0.6,6,1,Grid1,200
GKPP11,GKPP11,GKPP11,2019:12:16 03:29:26,16/12/2019,0.14544,Black Backed Jackal,No,0.4-0.6,6,1,Grid1,200
GKPP11,GKPP11,GKPP11,2019:12:16 03:29:26,16/12/2019,0.14544,Black Backed Jackal,No,0.4-0.6,6,1,Grid1,200
GKPP11,GKPP11,GKPP11,2019:12:16 03:29:26,16/12/2019,0.14544,Black Backed Jackal,Yes,0.4-0.6,6,1,Grid1,200
GKPP11,GKPP11,GKPP11,2019:12:15 05:43:00,15/12/2019,0.238194,Black Backed Jackal,No,0.8-1,15,1,Grid1,200
GKPP11,GKPP11,GKPP11,2019:12:15 05:43:00,15/12/2019,0.238194,Black Backed Jackal,No,0.8-1,14,1,Grid1,200
GKPP11,GKPP11,GKPP11,2019:12:15 05:42:53,15/12/2019,0.238113,Black Backed Jackal,No,0-0.2,9.5,1,Grid1,200
GKPP11,GKPP11,GKPP11,2019:12:15 05:42:53,15/12/2019,0.238113,Black Backed Jackal,No,0-0.2,9.5,1,Grid1,200
GKPP11,GKPP11,GKPP11,2019:12:15 05:42:53,15/12/2019,0.238113,Black Backed Jackal,No,0.2-0.4,9.5,1,Grid1,200
GKPP11,GKPP11,GKPP11,2019:12:15 05:42:52,15/12/2019,0.238102,Black Backed Jackal,No,0.2-0.4,9.5,1,Grid1,200
GKPP11,GKPP11,GKPP11,2019:12:15 05:42:52,15/12/2019,0.238102,Black Backed Jackal,No,0.4-0.6,9,1,Grid1,200
GKPP11,GKPP11,GKPP11,2019:12:15 05:42:52,15/12/2019,0.238102,Black Backed Jackal,Yes,0.4-0.6,9.5,1,Grid1,200
GKPP11,GKPP11,GKPP11,2019:12:10 19:07:58,10/12/2019,0.797199,Black Backed Jackal,No,0.6-0.8,9.5,1,Grid1,200
GKPP11,GKPP11,GKPP11,2019:12:10 19:07:58,10/12/2019,0.797199,Black Backed Jackal,No,0.4-0.6,9.5,1,Grid1,200
GKPP11,GKPP11,GKPP11,2019:12:10 19:07:57,10/12/2019,0.797188,Black Backed Jackal,No,0.2-0.4,10,1,Grid1,200
GKPP11,GKPP11,GKPP11,2019:12:10 19:07:57,10/12/2019,0.797188,Black Backed Jackal,No,0-0.2,11,1,Grid1,200
GKPP11,GKPP11,GKPP11,2019:12:10 19:07:57,10/12/2019,0.797188,Black Backed Jackal,No,0-0.2,12,1,Grid1,200
GKPP11,GKPP11,GKPP11,2019:12:10 19:07:57,10/12/2019,0.797188,Black Backed Jackal,Yes,0-0.2,12,1,Grid1,200
GKPP06,GKPP06,GKPP06,2020:01:04 22:15:52,04/01/2020,0.927685,Brown Hyena,No,0.2-0.4,5,1,Grid1,200
GKPP06,GKPP06,GKPP06,2020:01:04 22:15:51,04/01/2020,0.927674,Brown Hyena,No,0-0.2,5,1,Grid1,200
GKPP06,GKPP06,GKPP06,2020:01:04 22:15:51,04/01/2020,0.927674,Brown Hyena,No,0-0.2,5,1,Grid1,200
GKPP06,GKPP06,GKPP06,2020:01:04 22:15:51,04/01/2020,0.927674,Brown Hyena,No,0.2-0.4,5,1,Grid1,200
GKPP06,GKPP06,GKPP06,2020:01:04 22:15:50,04/01/2020,0.927662,Brown Hyena,No,0.4-0.6,5,1,Grid1,200
GKPP06,GKPP06,GKPP06,2020:01:04 22:15:50,04/01/2020,0.927662,Brown Hyena,Yes,0.6-0.8,5.5,1,Grid1,200
GKPP06,GKPP06,GKPP06,2020:01:04 03:50:05,04/01/2020,0.15978,Brown Hyena,No,0.2-0.4,5,1,Grid1,200
GKPP06,GKPP06,GKPP06,2020:01:04 03:50:05,04/01/2020,0.15978,Brown Hyena,No,0-0.2,5,1,Grid1,200
GKPP06,GKPP06,GKPP06,2020:01:04 03:50:05,04/01/2020,0.15978,Brown Hyena,No,0-0.2,5,1,Grid1,200
GKPP06,GKPP06,GKPP06,2020:01:04 03:50:05,04/01/2020,0.15978,Brown Hyena,No,0.2-0.4,5,1,Grid1,200
GKPP06,GKPP06,GKPP06,2020:01:04 03:50:04,04/01/2020,0.159769,Brown Hyena,No,0.4-0.6,5.5,1,Grid1,200
GKPP06,GKPP06,GKPP06,2020:01:04 03:50:04,04/01/2020,0.159769,Brown Hyena,Yes,0.6-0.8,5.5,1,Grid1,200
GKPP06,GKPP06,GKPP06,2020:01:03 08:29:57,03/01/2020,0.354132,Black Backed Jackal,Yes,0.8-1,3.5,1,Grid1,200
GKPP06,GKPP06,GKPP06,2019:12:31 22:05:12,31/12/2019,0.920278,Brown Hyena,No,0.2-0.4,4.5,1,Grid1,200
GKPP06,GKPP06,GKPP06,2019:12:31 22:05:12,31/12/2019,0.920278,Brown Hyena,No,0-0.2,4.5,1,Grid1,200
GKPP06,GKPP06,GKPP06,2019:12:31 22:05:12,31/12/2019,0.920278,Brown Hyena,No,0-0.2,4.5,1,Grid1,200
GKPP06,GKPP06,GKPP06,2019:12:31 22:05:12,31/12/2019,0.920278,Brown Hyena,No,0.2-0.4,4.5,1,Grid1,200
GKPP06,GKPP06,GKPP06,2019:12:31 22:05:11,31/12/2019,0.920266,Brown Hyena,No,0.4-0.6,4.5,1,Grid1,200
GKPP06,GKPP06,GKPP06,2019:12:31 22:05:11,31/12/2019,0.920266,Brown Hyena,Yes,0.6-0.8,5,1,Grid1,200
GKPP06,GKPP06,GKPP06,2019:12:29 21:35:43,29/12/2019,0.899803,Brown Hyena,No,0-0.2,8.5,1,Grid1,200
GKPP06,GKPP06,GKPP06,2019:12:29 21:35:43,29/12/2019,0.899803,Brown Hyena,No,0-0.2,8,1,Grid1,200
GKPP06,GKPP06,GKPP06,2019:12:29 21:35:43,29/12/2019,0.899803,Brown Hyena,No,0-0.2,8,1,Grid1,200
GKPP06,GKPP06,GKPP06,2019:12:29 21:35:43,29/12/2019,0.899803,Brown Hyena,No,0.2-0.4,8,1,Grid1,200
GKPP06,GKPP06,GKPP06,2019:12:29 21:35:42,29/12/2019,0.899792,Brown Hyena,No,0.2-0.4,8,1,Grid1,200
GKPP06,GKPP06,GKPP06,2019:12:29 21:35:42,29/12/2019,0.899792,Brown Hyena,Yes,0.4-0.6,8,1,Grid1,200
GKPP12,GKPP12,GKPP12,2019:12:29 03:04:04,29/12/2019,0.127824,Brown Hyena,No,0.8-1,4,1,Grid1,200
GKPP12,GKPP12,GKPP12,2019:12:29 03:04:04,29/12/2019,0.127824,Brown Hyena,No,0.8-1,3.5,1,Grid1,200
GKPP12,GKPP12,GKPP12,2019:12:29 03:04:03,29/12/2019,0.127813,Brown Hyena,No,0.8-1,3.5,1,Grid1,200
GKPP12,GKPP12,GKPP12,2019:12:29 03:04:03,29/12/2019,0.127813,Brown Hyena,No,0.8-1,3.5,1,Grid1,200
GKPP12,GKPP12,GKPP12,2019:12:29 03:03:55,29/12/2019,0.12772,Brown Hyena,No,0.4-0.6,6.5,1,Grid1,200
GKPP12,GKPP12,GKPP12,2019:12:29 03:03:55,29/12/2019,0.12772,Brown Hyena,No,0.4-0.6,6.5,1,Grid1,200
GKPP12,GKPP12,GKPP12,2019:12:29 03:03:55,29/12/2019,0.12772,Brown Hyena,No,0.4-0.6,7,1,Grid1,200
GKPP12,GKPP12,GKPP12,2019:12:29 03:03:54,29/12/2019,0.127708,Brown Hyena,No,0.2-0.4,7.5,1,Grid1,200
GKPP12,GKPP12,GKPP12,2019:12:29 03:03:54,29/12/2019,0.127708,Brown Hyena,No,0.2-0.4,8,1,Grid1,200
GKPP12,GKPP12,GKPP12,2019:12:29 03:03:54,29/12/2019,0.127708,Brown Hyena,Yes,0.2-0.4,8.5,1,Grid1,200
GKPP13,GKPP13,GKPP13,2019:12:27 21:19:58,27/12/2019,0.888866,Black Backed Jackal,No,0.8-1,9.5,1,Grid1,200
GKPP13,GKPP13,GKPP13,2019:12:27 21:19:58,27/12/2019,0.888866,Black Backed Jackal,No,0.4-0.6,9,1,Grid1,200
GKPP13,GKPP13,GKPP13,2019:12:27 21:19:58,27/12/2019,0.888866,Black Backed Jackal,No,0.4-0.6,8,1,Grid1,200
GKPP13,GKPP13,GKPP13,2019:12:27 21:19:57,27/12/2019,0.888854,Black Backed Jackal,No,0-0.2,7.5,1,Grid1,200
GKPP13,GKPP13,GKPP13,2019:12:27 21:19:57,27/12/2019,0.888854,Black Backed Jackal,No,0-0.2,7.5,1,Grid1,200
GKPP13,GKPP13,GKPP13,2019:12:27 21:19:57,27/12/2019,0.888854,Black Backed Jackal,Yes,0.2-0.4,7.5,1,Grid1,200
GKPP16,GKPP16,GKPP16,2019:12:23 18:24:18,23/12/2019,0.766875,Black Backed Jackal,No,0.2-0.4,7.5,1,Grid1,200
GKPP16,GKPP16,GKPP16,2019:12:23 18:24:17,23/12/2019,0.766863,Black Backed Jackal,No,0.2-0.4,7,1,Grid1,200
GKPP16,GKPP16,GKPP16,2019:12:23 18:24:17,23/12/2019,0.766863,Black Backed Jackal,No,0.4-0.6,7,1,Grid1,200
GKPP16,GKPP16,GKPP16,2019:12:23 18:24:16,23/12/2019,0.766852,Black Backed Jackal,No,0.4-0.6,7,1,Grid1,200
GKPP16,GKPP16,GKPP16,2019:12:23 18:24:16,23/12/2019,0.766852,Black Backed Jackal,No,0.4-0.6,6.5,1,Grid1,200
GKPP16,GKPP16,GKPP16,2019:12:23 18:24:16,23/12/2019,0.766852,Black Backed Jackal,Yes,0.6-0.8,6.5,1,Grid1,200
GKPP18,GKPP18,GKPP18,2019:12:27 22:15:18,27/12/2019,0.927292,Leopard,No,0.2-0.4,1,1,Grid1,200
GKPP18,GKPP18,GKPP18,2019:12:27 22:15:18,27/12/2019,0.927292,Leopard,No,0.4-0.6,1,1,Grid1,200
GKPP18,GKPP18,GKPP18,2019:12:27 22:15:17,27/12/2019,0.92728,Leopard,No,0.6-0.8,1,1,Grid1,200
GKPP18,GKPP18,GKPP18,2019:12:27 22:15:17,27/12/2019,0.92728,Leopard,No,0.8-1,1,1,Grid1,200
GKPP18,GKPP18,GKPP18,2019:12:27 22:15:17,27/12/2019,0.92728,Leopard,No,0.8-1,1,1,Grid1,200
GKPP18,GKPP18,GKPP18,2019:12:27 22:15:17,27/12/2019,0.92728,Leopard,No,0.8-1,1,1,Grid1,200
GKPP18,GKPP18,GKPP18,2019:12:27 22:15:10,27/12/2019,0.927199,Leopard,No,0.8-1,0.5,1,Grid1,200
GKPP18,GKPP18,GKPP18,2019:12:27 22:15:10,27/12/2019,0.927199,Leopard,No,0.8-1,0.5,1,Grid1,200
GKPP18,GKPP18,GKPP18,2019:12:27 22:15:09,27/12/2019,0.927188,Leopard,No,0.8-1,0.5,1,Grid1,200
GKPP18,GKPP18,GKPP18,2019:12:27 22:15:09,27/12/2019,0.927188,Leopard,No,0.8-1,0.5,1,Grid1,200
GKPP18,GKPP18,GKPP18,2019:12:27 22:15:09,27/12/2019,0.927188,Leopard,No,0.8-1,0.5,1,Grid1,200
GKPP18,GKPP18,GKPP18,2019:12:27 22:15:08,27/12/2019,0.927176,Leopard,Yes,0.8-1,0.5,1,Grid1,200
GKPP18,GKPP18,GKPP18,2019:12:23 18:40:22,23/12/2019,0.778032,Brown Hyena,No,0.8-1,9.5,1,Grid1,200
GKPP18,GKPP18,GKPP18,2019:12:23 18:40:21,23/12/2019,0.778021,Brown Hyena,No,0.8-1,9.5,1,Grid1,200
GKPP18,GKPP18,GKPP18,2019:12:23 18:40:21,23/12/2019,0.778021,Brown Hyena,No,0.6-0.8,10,1,Grid1,200
GKPP18,GKPP18,GKPP18,2019:12:23 18:40:21,23/12/2019,0.778021,Brown Hyena,Yes,0.6-0.8,11,1,Grid1,200
GKPP19,GKPP19,GKPP19,2019:12:31 02:55:43,31/12/2019,0.122025,Black Backed Jackal,No,0.8-1,15,1,Grid1,200
GKPP19,GKPP19,GKPP19,2019:12:31 02:55:41,31/12/2019,0.122002,Black Backed Jackal,No,0.2-0.4,12,1,Grid1,200
GKPP19,GKPP19,GKPP19,2019:12:31 02:55:39,31/12/2019,0.121979,Black Backed Jackal,Yes,0.2-0.4,11,1,Grid1,200
GKPP19,GKPP19,GKPP19,2019:12:30 04:59:24,30/12/2019,0.207917,Black Backed Jackal,No,0.8-1,21,1,Grid1,200
GKPP19,GKPP19,GKPP19,2019:12:30 04:59:22,30/12/2019,0.207894,Black Backed Jackal,No,0.4-0.6,15,1,Grid1,200
GKPP19,GKPP19,GKPP19,2019:12:30 04:59:20,30/12/2019,0.20787,Black Backed Jackal,Yes,0-0.2,14,1,Grid1,200
GKPP19,GKPP19,GKPP19,2019:12:26 21:11:51,26/12/2019,0.883229,Black Backed Jackal,No,0.8-1,14,1,Grid1,200
GKPP19,GKPP19,GKPP19,2019:12:26 21:11:49,26/12/2019,0.883206,Black Backed Jackal,No,0.6-0.8,13,1,Grid1,200
GKPP19,GKPP19,GKPP19,2019:12:26 21:11:47,26/12/2019,0.883183,Black Backed Jackal,Yes,0.2-0.4,13,1,Grid1,200
GKPP19,GKPP19,GKPP19,2019:12:24 19:51:33,24/12/2019,0.827465,Brown Hyena,No,0.8-1,12,1,Grid1,200
GKPP19,GKPP19,GKPP19,2019:12:24 19:51:32,24/12/2019,0.827454,Brown Hyena,No,0.4-0.6,14,1,Grid1,200
GKPP19,GKPP19,GKPP19,2019:12:24 19:51:30,24/12/2019,0.827431,Brown Hyena,Yes,0.2-0.4,15,1,Grid1,200
HYPP14,HYPP14,HYPP14,2019:12:29 23:04:20,29/12/2019,0.961343,Black Backed Jackal,No,0-0.2,11,1,Grid1,200
HYPP14,HYPP14,HYPP14,2019:12:29 23:04:19,29/12/2019,0.961331,Black Backed Jackal,No,0-0.2,11,1,Grid1,200
HYPP14,HYPP14,HYPP14,2019:12:29 23:04:19,29/12/2019,0.961331,Black Backed Jackal,No,0-0.2,11,1,Grid1,200
HYPP14,HYPP14,HYPP14,2019:12:29 23:04:19,29/12/2019,0.961331,Black Backed Jackal,No,0-0.2,11,1,Grid1,200
HYPP14,HYPP14,HYPP14,2019:12:29 23:04:18,29/12/2019,0.961319,Black Backed Jackal,No,0-0.2,11,1,Grid1,200
HYPP14,HYPP14,HYPP14,2019:12:29 23:04:18,29/12/2019,0.961319,Black Backed Jackal,Yes,0-0.2,11,1,Grid1,200
HYPP17,HYPP17,HYPP17,2019:12:25 02:11:56,25/12/2019,0.09162,Black Backed Jackal,No,0-0.2,8,1,Grid1,200
HYPP17,HYPP17,HYPP17,2019:12:25 02:11:56,25/12/2019,0.09162,Black Backed Jackal,No,0-0.2,8,1,Grid1,200
HYPP17,HYPP17,HYPP17,2019:12:25 02:11:56,25/12/2019,0.09162,Black Backed Jackal,No,0-0.2,7.5,1,Grid1,200
HYPP17,HYPP17,HYPP17,2019:12:25 02:11:55,25/12/2019,0.091609,Black Backed Jackal,No,0-0.2,7,1,Grid1,200
HYPP17,HYPP17,HYPP17,2019:12:25 02:11:55,25/12/2019,0.091609,Black Backed Jackal,No,0.2-0.4,6.5,1,Grid1,200
HYPP17,HYPP17,HYPP17,2019:12:25 02:11:55,25/12/2019,0.091609,Black Backed Jackal,Yes,0.4-0.6,6.5,1,Grid1,200
HYPP20,HYPP20,HYPP20,2020:01:02 05:51:11,02/01/2020,0.243877,Black Backed Jackal,No,0.4-0.6,10,1,Grid1,200
HYPP20,HYPP20,HYPP20,2020:01:02 05:51:11,02/01/2020,0.243877,Black Backed Jackal,No,0.4-0.6,11,1,Grid1,200
HYPP20,HYPP20,HYPP20,2020:01:02 05:51:11,02/01/2020,0.243877,Black Backed Jackal,No,0.2-0.4,12,1,Grid1,200
HYPP20,HYPP20,HYPP20,2020:01:02 05:51:10,02/01/2020,0.243866,Black Backed Jackal,No,0.2-0.4,12,1,Grid1,200
HYPP20,HYPP20,HYPP20,2020:01:02 05:51:10,02/01/2020,0.243866,Black Backed Jackal,No,0-0.2,13,1,Grid1,200
HYPP20,HYPP20,HYPP20,2020:01:02 05:51:09,02/01/2020,0.243854,Black Backed Jackal,Yes,0-0.2,13,1,Grid1,200
TAPP01,TAPP01,TAPP01,2019:12:30 04:19:27,30/12/2019,0.180174,Black Backed Jackal,No,0-0.2,8.5,1,Grid1,200
TAPP01,TAPP01,TAPP01,2019:12:30 04:19:27,30/12/2019,0.180174,Black Backed Jackal,No,0-0.2,8,1,Grid1,200
TAPP01,TAPP01,TAPP01,2019:12:30 04:19:27,30/12/2019,0.180174,Black Backed Jackal,No,0-0.2,7.5,1,Grid1,200
TAPP01,TAPP01,TAPP01,2019:12:30 04:19:26,30/12/2019,0.180162,Black Backed Jackal,No,0-0.2,6.5,1,Grid1,200
TAPP01,TAPP01,TAPP01,2019:12:30 04:19:26,30/12/2019,0.180162,Black Backed Jackal,No,0-0.2,6,1,Grid1,200
TAPP01,TAPP01,TAPP01,2019:12:30 04:19:26,30/12/2019,0.180162,Black Backed Jackal,Yes,0.2-0.4,5.5,1,Grid1,200
GKPP11,GKPP11,GKPP11,2019:12:29 22:21:35,29/12/2019,0.931655,Black Backed Jackal,No,0-0.2,17,1,Grid1,200
GKPP11,GKPP11,GKPP11,2019:12:29 22:21:35,29/12/2019,0.931655,Black Backed Jackal,No,0-0.2,17,1,Grid1,200
GKPP11,GKPP11,GKPP11,2019:12:29 22:21:34,29/12/2019,0.931644,Black Backed Jackal,No,0-0.2,17,1,Grid1,200
GKPP11,GKPP11,GKPP11,2019:12:29 22:21:34,29/12/2019,0.931644,Black Backed Jackal,No,0-0.2,17,1,Grid1,200
GKPP11,GKPP11,GKPP11,2019:12:29 22:21:34,29/12/2019,0.931644,Black Backed Jackal,No,0.2-0.4,18,1,Grid1,200
GKPP11,GKPP11,GKPP11,2019:12:29 22:21:33,29/12/2019,0.931632,Black Backed Jackal,Yes,0.2-0.4,18,1,Grid1,200
HYPP04,HYPP04,HYPP04,2019:12:25 20:24:36,25/12/2019,0.850417,Black Backed Jackal,No,0-0.2,5,1,Grid1,200
HYPP04,HYPP04,HYPP04,2019:12:25 20:24:36,25/12/2019,0.850417,Black Backed Jackal,No,0-0.2,5,1,Grid1,200
HYPP04,HYPP04,HYPP04,2019:12:25 20:24:36,25/12/2019,0.850417,Black Backed Jackal,No,0-0.2,5.5,1,Grid1,200
HYPP04,HYPP04,HYPP04,2019:12:25 20:24:36,25/12/2019,0.850417,Black Backed Jackal,No,0-0.2,6,1,Grid1,200
HYPP04,HYPP04,HYPP04,2019:12:25 20:24:35,25/12/2019,0.850405,Black Backed Jackal,No,0-0.2,6.5,1,Grid1,200
HYPP04,HYPP04,HYPP04,2019:12:25 20:24:35,25/12/2019,0.850405,Black Backed Jackal,Yes,0-0.2,7,1,Grid1,200
TAPP02,TAPP02,TAPP02,2020:01:05 23:07:54,05/01/2020,0.963819,Black Backed Jackal,No,0.4-0.6,2,1,Grid1,200
TAPP02,TAPP02,TAPP02,2020:01:05 23:07:53,05/01/2020,0.963808,Black Backed Jackal,No,0.4-0.6,2,1,Grid1,200
TAPP02,TAPP02,TAPP02,2020:01:05 23:07:53,05/01/2020,0.963808,Black Backed Jackal,No,0.4-0.6,2,1,Grid1,200
TAPP02,TAPP02,TAPP02,2020:01:05 23:07:53,05/01/2020,0.963808,Black Backed Jackal,No,0.4-0.6,2,1,Grid1,200
TAPP02,TAPP02,TAPP02,2020:01:05 23:07:53,05/01/2020,0.963808,Black Backed Jackal,No,0.4-0.6,2,1,Grid1,200
TAPP02,TAPP02,TAPP02,2020:01:05 23:07:52,05/01/2020,0.963796,Black Backed Jackal,No,0.4-0.6,2,1,Grid1,200
TAPP02,TAPP02,TAPP02,2020:01:05 23:07:46,05/01/2020,0.963727,Black Backed Jackal,No,0.2-0.4,3,1,Grid1,200
TAPP02,TAPP02,TAPP02,2020:01:05 23:07:46,05/01/2020,0.963727,Black Backed Jackal,No,0.2-0.4,3,1,Grid1,200
TAPP02,TAPP02,TAPP02,2020:01:05 23:07:45,05/01/2020,0.963715,Black Backed Jackal,No,0.2-0.4,3,1,Grid1,200
TAPP02,TAPP02,TAPP02,2020:01:05 23:07:45,05/01/2020,0.963715,Black Backed Jackal,No,0.4-0.6,3.5,1,Grid1,200
TAPP02,TAPP02,TAPP02,2020:01:05 23:07:45,05/01/2020,0.963715,Black Backed Jackal,No,0.4-0.6,4,1,Grid1,200
TAPP02,TAPP02,TAPP02,2020:01:05 23:07:45,05/01/2020,0.963715,Black Backed Jackal,Yes,0.6-0.8,4.5,1,Grid1,200
TAPP02,TAPP02,TAPP02,2020:01:03 23:22:15,03/01/2020,0.973785,African Civet,No,0.4-0.6,12,1,Grid1,200
TAPP02,TAPP02,TAPP02,2020:01:03 23:22:15,03/01/2020,0.973785,African Civet,No,0.2-0.4,12,1,Grid1,200
TAPP02,TAPP02,TAPP02,2020:01:03 23:22:14,03/01/2020,0.973773,African Civet,No,0.2-0.4,12,1,Grid1,200
TAPP02,TAPP02,TAPP02,2020:01:03 23:22:14,03/01/2020,0.973773,African Civet,No,0.2-0.4,12,1,Grid1,200
TAPP02,TAPP02,TAPP02,2020:01:03 23:22:14,03/01/2020,0.973773,African Civet,No,0.2-0.4,12,1,Grid1,200
TAPP02,TAPP02,TAPP02,2020:01:03 23:22:13,03/01/2020,0.973762,African Civet,Yes,0.2-0.4,12,1,Grid1,200
TAPP02,TAPP02,TAPP02,2019:12:27 05:12:27,27/12/2019,0.216979,Black Backed Jackal,No,0.8-1,18,1,Grid1,200
TAPP02,TAPP02,TAPP02,2019:12:27 05:12:27,27/12/2019,0.216979,Black Backed Jackal,No,0.8-1,15,1,Grid1,200
TAPP02,TAPP02,TAPP02,2019:12:27 05:12:27,27/12/2019,0.216979,Black Backed Jackal,No,0.4-0.6,11,1,Grid1,200
TAPP02,TAPP02,TAPP02,2019:12:27 05:12:26,27/12/2019,0.216968,Black Backed Jackal,No,0.2-0.4,8,1,Grid1,200
TAPP02,TAPP02,TAPP02,2019:12:27 05:12:26,27/12/2019,0.216968,Black Backed Jackal,Yes,0-0.2,6,1,Grid1,200
TAPP03,TAPP03,TAPP03,2019:12:31 05:33:41,31/12/2019,0.231725,Black Backed Jackal,No,0.6-0.8,15,1,Grid1,200
TAPP03,TAPP03,TAPP03,2019:12:31 05:33:41,31/12/2019,0.231725,Black Backed Jackal,No,0.4-0.6,13,1,Grid1,200
TAPP03,TAPP03,TAPP03,2019:12:31 05:33:40,31/12/2019,0.231713,Black Backed Jackal,No,0.2-0.4,10,1,Grid1,200
TAPP03,TAPP03,TAPP03,2019:12:31 05:33:40,31/12/2019,0.231713,Black Backed Jackal,No,0-0.2,8,1,Grid1,200
TAPP03,TAPP03,TAPP03,2019:12:31 05:33:39,31/12/2019,0.231701,Black Backed Jackal,No,0-0.2,7.5,1,Grid1,200
TAPP03,TAPP03,TAPP03,2019:12:31 05:33:39,31/12/2019,0.231701,Black Backed Jackal,Yes,0.2-0.4,6.5,1,Grid1,200
TAPP03,TAPP03,TAPP03,2019:12:26 01:52:56,26/12/2019,0.078426,Black Backed Jackal,No,0.2-0.4,6,1,Grid1,200
TAPP03,TAPP03,TAPP03,2019:12:26 01:52:55,26/12/2019,0.078414,Black Backed Jackal,No,0-0.2,6,1,Grid1,200
TAPP03,TAPP03,TAPP03,2019:12:26 01:52:55,26/12/2019,0.078414,Black Backed Jackal,No,0-0.2,6,1,Grid1,200
TAPP03,TAPP03,TAPP03,2019:12:26 01:52:55,26/12/2019,0.078414,Black Backed Jackal,No,0-0.2,6,1,Grid1,200
TAPP03,TAPP03,TAPP03,2019:12:26 01:52:55,26/12/2019,0.078414,Black Backed Jackal,No,0.2-0.4,5.5,1,Grid1,200
TAPP03,TAPP03,TAPP03,2019:12:26 01:52:54,26/12/2019,0.078403,Black Backed Jackal,Yes,0.4-0.6,6,1,Grid1,200
TAPP21,TAPP21,TAPP21,2020:02:17 06:18:35,17/02/2020,0.262905,Brown Hyena,Yes,0.6-0.8,3,1,Grid2,200
TAPP21,TAPP21,TAPP21,2020:02:12 18:27:16,12/02/2020,0.768935,Brown Hyena,No,0.8-1,2.5,1,Grid2,200
TAPP21,TAPP21,TAPP21,2020:02:12 18:27:15,12/02/2020,0.768924,Brown Hyena,No,0.8-1,2.5,1,Grid2,200
TAPP21,TAPP21,TAPP21,2020:02:12 18:27:15,12/02/2020,0.768924,Brown Hyena,No,0.8-1,3,1,Grid2,200
TAPP21,TAPP21,TAPP21,2020:02:12 18:27:14,12/02/2020,0.768912,Brown Hyena,No,0.6-0.8,3,1,Grid2,200
TAPP21,TAPP21,TAPP21,2020:02:12 18:27:14,12/02/2020,0.768912,Brown Hyena,No,0.6-0.8,3,1,Grid2,200
TAPP21,TAPP21,TAPP21,2020:02:12 18:27:14,12/02/2020,0.768912,Brown Hyena,No,0.4-0.6,3.5,1,Grid2,200
TAPP21,TAPP21,TAPP21,2020:02:12 18:27:07,12/02/2020,0.768831,Brown Hyena,No,0.2-0.4,9,1,Grid2,200
TAPP21,TAPP21,TAPP21,2020:02:12 18:27:06,12/02/2020,0.768819,Brown Hyena,No,0.2-0.4,9,1,Grid2,200
TAPP21,TAPP21,TAPP21,2020:02:12 18:27:06,12/02/2020,0.768819,Brown Hyena,No,0.2-0.4,9.5,1,Grid2,200
TAPP21,TAPP21,TAPP21,2020:02:12 18:27:06,12/02/2020,0.768819,Brown Hyena,No,0.2-0.4,10,1,Grid2,200
TAPP21,TAPP21,TAPP21,2020:02:12 18:27:05,12/02/2020,0.768808,Brown Hyena,No,0.2-0.4,11,1,Grid2,200
TAPP21,TAPP21,TAPP21,2020:02:12 18:27:05,12/02/2020,0.768808,Brown Hyena,Yes,0.4-0.6,12,1,Grid2,200
TAPP22,TAPP22,TAPP22,2020:02:20 02:40:26,20/02/2020,0.111412,African Civet,No,0.2-0.4,7.5,1,Grid2,200
TAPP22,TAPP22,TAPP22,2020:02:20 02:40:26,20/02/2020,0.111412,African Civet,No,0.2-0.4,7.5,1,Grid2,200
TAPP22,TAPP22,TAPP22,2020:02:20 02:40:26,20/02/2020,0.111412,African Civet,No,0-0.2,7.5,1,Grid2,200
TAPP22,TAPP22,TAPP22,2020:02:20 02:40:26,20/02/2020,0.111412,African Civet,No,0-0.2,8,1,Grid2,200
TAPP22,TAPP22,TAPP22,2020:02:20 02:40:25,20/02/2020,0.1114,African Civet,No,0-0.2,8,1,Grid2,200
TAPP22,TAPP22,TAPP22,2020:02:20 02:40:25,20/02/2020,0.1114,African Civet,Yes,0-0.2,8.5,1,Grid2,200
TAPP24,TAPP24,TAPP24,2020:02:14 04:18:12,14/02/2020,0.179306,Black Backed Jackal,No,0.8-1,12,1,Grid2,200
TAPP24,TAPP24,TAPP24,2020:02:14 04:18:11,14/02/2020,0.179294,Black Backed Jackal,No,0.8-1,12,1,Grid2,200
TAPP24,TAPP24,TAPP24,2020:02:14 04:18:11,14/02/2020,0.179294,Black Backed Jackal,No,0.6-0.8,11,1,Grid2,200
TAPP24,TAPP24,TAPP24,2020:02:14 04:18:11,14/02/2020,0.179294,Black Backed Jackal,No,0.4-0.6,10,1,Grid2,200
TAPP24,TAPP24,TAPP24,2020:02:14 04:18:10,14/02/2020,0.179282,Black Backed Jackal,No,0.2-0.4,9,1,Grid2,200
TAPP24,TAPP24,TAPP24,2020:02:14 04:18:10,14/02/2020,0.179282,Black Backed Jackal,No,0-0.2,8.5,1,Grid2,200
TAPP24,TAPP24,TAPP24,2020:02:14 04:18:08,14/02/2020,0.179259,Black Backed Jackal,No,0.6-0.8,7,1,Grid2,200
TAPP24,TAPP24,TAPP24,2020:02:14 04:18:08,14/02/2020,0.179259,Black Backed Jackal,No,0.6-0.8,7.5,1,Grid2,200
TAPP24,TAPP24,TAPP24,2020:02:14 04:18:08,14/02/2020,0.179259,Black Backed Jackal,No,0.6-0.8,7.5,1,Grid2,200
TAPP24,TAPP24,TAPP24,2020:02:14 04:18:07,14/02/2020,0.179248,Black Backed Jackal,No,0.6-0.8,7.5,1,Grid2,200
TAPP24,TAPP24,TAPP24,2020:02:14 04:18:07,14/02/2020,0.179248,Black Backed Jackal,No,0.6-0.8,7.5,1,Grid2,200
TAPP24,TAPP24,TAPP24,2020:02:14 04:18:06,14/02/2020,0.179236,Black Backed Jackal,Yes,0.6-0.8,7,1,Grid2,200
TAPP25,TAPP25,TAPP25,2020:02:16 04:08:06,16/02/2020,0.172292,Black Backed Jackal,No,0-0.2,3,1,Grid2,200
TAPP25,TAPP25,TAPP25,2020:02:16 04:08:06,16/02/2020,0.172292,Black Backed Jackal,No,0-0.2,2.5,1,Grid2,200
TAPP25,TAPP25,TAPP25,2020:02:16 04:07:35,16/02/2020,0.171933,Black Backed Jackal,No,0.4-0.6,4,1,Grid2,200
TAPP25,TAPP25,TAPP25,2020:02:16 04:07:35,16/02/2020,0.171933,Black Backed Jackal,No,0.6-0.8,4,1,Grid2,200
TAPP25,TAPP25,TAPP25,2020:02:16 04:07:34,16/02/2020,0.171921,Black Backed Jackal,No,0.6-0.8,4,1,Grid2,200
TAPP25,TAPP25,TAPP25,2020:02:16 04:07:34,16/02/2020,0.171921,Black Backed Jackal,No,0.6-0.8,4,1,Grid2,200
TAPP25,TAPP25,TAPP25,2020:02:16 04:07:34,16/02/2020,0.171921,Black Backed Jackal,No,0.8-1,4.5,1,Grid2,200
TAPP25,TAPP25,TAPP25,2020:02:16 04:07:33,16/02/2020,0.17191,Black Backed Jackal,Yes,0.8-1,4.5,1,Grid2,200
TAPP25,TAPP25,TAPP25,2020:02:15 01:45:47,15/02/2020,0.073461,Black Backed Jackal,No,0.6-0.8,8.5,1,Grid2,200
TAPP25,TAPP25,TAPP25,2020:02:15 01:45:47,15/02/2020,0.073461,Black Backed Jackal,No,0.6-0.8,8.5,1,Grid2,200
TAPP25,TAPP25,TAPP25,2020:02:15 01:45:46,15/02/2020,0.073449,Black Backed Jackal,No,0.6-0.8,8.5,1,Grid2,200
TAPP25,TAPP25,TAPP25,2020:02:15 01:45:46,15/02/2020,0.073449,Black Backed Jackal,No,0.6-0.8,8.5,1,Grid2,200
TAPP25,TAPP25,TAPP25,2020:02:15 01:45:46,15/02/2020,0.073449,Black Backed Jackal,No,0.6-0.8,8.5,1,Grid2,200
TAPP25,TAPP25,TAPP25,2020:02:15 01:45:45,15/02/2020,0.073438,Black Backed Jackal,No,0.4-0.6,8.5,1,Grid2,200
TAPP25,TAPP25,TAPP25,2020:02:15 01:45:32,15/02/2020,0.073287,Black Backed Jackal,No,0.2-0.4,10,1,Grid2,200
TAPP25,TAPP25,TAPP25,2020:02:15 01:45:31,15/02/2020,0.073275,Black Backed Jackal,No,0.2-0.4,10,1,Grid2,200
TAPP25,TAPP25,TAPP25,2020:02:15 01:45:31,15/02/2020,0.073275,Black Backed Jackal,No,0.2-0.4,10,1,Grid2,200
TAPP25,TAPP25,TAPP25,2020:02:15 01:45:31,15/02/2020,0.073275,Black Backed Jackal,No,0.2-0.4,10,1,Grid2,200
TAPP25,TAPP25,TAPP25,2020:02:15 01:45:30,15/02/2020,0.073264,Black Backed Jackal,No,0.2-0.4,10,1,Grid2,200
TAPP25,TAPP25,TAPP25,2020:02:15 01:45:30,15/02/2020,0.073264,Black Backed Jackal,No,0.2-0.4,11,1,Grid2,200
TAPP25,TAPP25,TAPP25,2020:02:15 01:45:28,15/02/2020,0.073241,Black Backed Jackal,No,0.4-0.6,12,1,Grid2,200
TAPP25,TAPP25,TAPP25,2020:02:15 01:45:28,15/02/2020,0.073241,Black Backed Jackal,No,0.4-0.6,12,1,Grid2,200
TAPP25,TAPP25,TAPP25,2020:02:15 01:45:27,15/02/2020,0.073229,Black Backed Jackal,No,0.4-0.6,12,1,Grid2,200
TAPP25,TAPP25,TAPP25,2020:02:15 01:45:27,15/02/2020,0.073229,Black Backed Jackal,No,0.6-0.8,12,1,Grid2,200
TAPP25,TAPP25,TAPP25,2020:02:15 01:45:27,15/02/2020,0.073229,Black Backed Jackal,No,0.6-0.8,12,1,Grid2,200
TAPP25,TAPP25,TAPP25,2020:02:15 01:45:26,15/02/2020,0.073218,Black Backed Jackal,No,0.6-0.8,12,1,Grid2,200
TAPP25,TAPP25,TAPP25,2020:02:15 01:45:21,15/02/2020,0.07316,Black Backed Jackal,No,0.6-0.8,9,1,Grid2,200
TAPP25,TAPP25,TAPP25,2020:02:15 01:45:21,15/02/2020,0.07316,Black Backed Jackal,No,0.6-0.8,8,1,Grid2,200
TAPP25,TAPP25,TAPP25,2020:02:15 01:45:20,15/02/2020,0.073148,Black Backed Jackal,No,0.6-0.8,7,1,Grid2,200
TAPP25,TAPP25,TAPP25,2020:02:15 01:45:20,15/02/2020,0.073148,Black Backed Jackal,No,0.6-0.8,6.5,1,Grid2,200
TAPP25,TAPP25,TAPP25,2020:02:15 01:45:20,15/02/2020,0.073148,Black Backed Jackal,No,0.8-1,7,1,Grid2,200
TAPP25,TAPP25,TAPP25,2020:02:15 01:45:19,15/02/2020,0.073137,Black Backed Jackal,No,0.8-1,7,1,Grid2,200
TAPP25,TAPP25,TAPP25,2020:02:15 01:44:51,15/02/2020,0.072813,Black Backed Jackal,No,0.8-1,6,1,Grid2,200
TAPP25,TAPP25,TAPP25,2020:02:15 01:44:51,15/02/2020,0.072813,Black Backed Jackal,No,0.8-1,6,1,Grid2,200
TAPP25,TAPP25,TAPP25,2020:02:15 01:44:51,15/02/2020,0.072813,Black Backed Jackal,No,0.8-1,6,1,Grid2,200
TAPP25,TAPP25,TAPP25,2020:02:15 01:44:50,15/02/2020,0.072801,Black Backed Jackal,No,0.8-1,6,1,Grid2,200
TAPP25,TAPP25,TAPP25,2020:02:15 01:44:50,15/02/2020,0.072801,Black Backed Jackal,No,0.8-1,6,1,Grid2,200
TAPP25,TAPP25,TAPP25,2020:02:15 01:44:50,15/02/2020,0.072801,Black Backed Jackal,No,0.8-1,6,1,Grid2,200
TAPP25,TAPP25,TAPP25,2020:02:15 01:44:46,15/02/2020,0.072755,Black Backed Jackal,No,0.8-1,6,1,Grid2,200
TAPP25,TAPP25,TAPP25,2020:02:15 01:44:46,15/02/2020,0.072755,Black Backed Jackal,No,0.8-1,6,1,Grid2,200
TAPP25,TAPP25,TAPP25,2020:02:15 01:44:45,15/02/2020,0.072743,Black Backed Jackal,No,0.8-1,6,1,Grid2,200
TAPP25,TAPP25,TAPP25,2020:02:15 01:44:45,15/02/2020,0.072743,Black Backed Jackal,No,0.8-1,6,1,Grid2,200
TAPP25,TAPP25,TAPP25,2020:02:15 01:44:45,15/02/2020,0.072743,Black Backed Jackal,No,0.8-1,6,1,Grid2,200
TAPP25,TAPP25,TAPP25,2020:02:15 01:44:44,15/02/2020,0.072731,Black Backed Jackal,No,0.8-1,6,1,Grid2,200
TAPP25,TAPP25,TAPP25,2020:02:15 01:44:43,15/02/2020,0.07272,Black Backed Jackal,No,0.6-0.8,6.5,1,Grid2,200
TAPP25,TAPP25,TAPP25,2020:02:15 01:44:42,15/02/2020,0.072708,Black Backed Jackal,No,0.4-0.6,6,1,Grid2,200
TAPP25,TAPP25,TAPP25,2020:02:15 01:44:42,15/02/2020,0.072708,Black Backed Jackal,No,0.4-0.6,6,1,Grid2,200
TAPP25,TAPP25,TAPP25,2020:02:15 01:44:42,15/02/2020,0.072708,Black Backed Jackal,No,0.2-0.4,6.5,1,Grid2,200
TAPP25,TAPP25,TAPP25,2020:02:15 01:44:41,15/02/2020,0.072697,Black Backed Jackal,No,0.2-0.4,7,1,Grid2,200
TAPP25,TAPP25,TAPP25,2020:02:15 01:44:41,15/02/2020,0.072697,Black Backed Jackal,No,0.2-0.4,7,1,Grid2,200
TAPP25,TAPP25,TAPP25,2020:02:15 01:44:37,15/02/2020,0.07265,Black Backed Jackal,No,0.2-0.4,7,1,Grid2,200
TAPP25,TAPP25,TAPP25,2020:02:15 01:44:37,15/02/2020,0.07265,Black Backed Jackal,No,0.2-0.4,7,1,Grid2,200
TAPP25,TAPP25,TAPP25,2020:02:15 01:44:36,15/02/2020,0.072639,Black Backed Jackal,No,0.2-0.4,7,1,Grid2,200
TAPP25,TAPP25,TAPP25,2020:02:15 01:44:36,15/02/2020,0.072639,Black Backed Jackal,No,0.2-0.4,7,1,Grid2,200
TAPP25,TAPP25,TAPP25,2020:02:15 01:44:36,15/02/2020,0.072639,Black Backed Jackal,No,0.2-0.4,7,1,Grid2,200
TAPP25,TAPP25,TAPP25,2020:02:15 01:44:35,15/02/2020,0.072627,Black Backed Jackal,No,0.2-0.4,7,1,Grid2,200
TAPP25,TAPP25,TAPP25,2020:02:15 01:44:34,15/02/2020,0.072616,Black Backed Jackal,No,0.2-0.4,7,1,Grid2,200
TAPP25,TAPP25,TAPP25,2020:02:15 01:44:34,15/02/2020,0.072616,Black Backed Jackal,No,0.2-0.4,6.5,1,Grid2,200
TAPP25,TAPP25,TAPP25,2020:02:15 01:44:33,15/02/2020,0.072604,Black Backed Jackal,No,0.2-0.4,6,1,Grid2,200
TAPP25,TAPP25,TAPP25,2020:02:15 01:44:33,15/02/2020,0.072604,Black Backed Jackal,No,0.2-0.4,5.5,1,Grid2,200
TAPP25,TAPP25,TAPP25,2020:02:15 01:44:33,15/02/2020,0.072604,Black Backed Jackal,No,0.4-0.6,5.5,1,Grid2,200
TAPP25,TAPP25,TAPP25,2020:02:15 01:44:32,15/02/2020,0.072593,Black Backed Jackal,No,0.4-0.6,5.5,1,Grid2,200
TAPP25,TAPP25,TAPP25,2020:02:15 01:44:30,15/02/2020,0.072569,Black Backed Jackal,No,0.6-0.8,5.5,1,Grid2,200
TAPP25,TAPP25,TAPP25,2020:02:15 01:44:30,15/02/2020,0.072569,Black Backed Jackal,No,0.6-0.8,5.5,1,Grid2,200
TAPP25,TAPP25,TAPP25,2020:02:15 01:44:30,15/02/2020,0.072569,Black Backed Jackal,No,0.6-0.8,5.5,1,Grid2,200
TAPP25,TAPP25,TAPP25,2020:02:15 01:44:29,15/02/2020,0.072558,Black Backed Jackal,No,0.6-0.8,6,1,Grid2,200
TAPP25,TAPP25,TAPP25,2020:02:15 01:44:29,15/02/2020,0.072558,Black Backed Jackal,No,0.8-1,6,1,Grid2,200
TAPP25,TAPP25,TAPP25,2020:02:15 01:44:28,15/02/2020,0.072546,Black Backed Jackal,Yes,0.8-1,6,1,Grid2,200
TAPP25,TAPP25,TAPP25,2020:02:13 01:46:32,13/02/2020,0.073981,Black Backed Jackal,No,0.8-1,5.5,1,Grid2,200
TAPP25,TAPP25,TAPP25,2020:02:13 01:46:32,13/02/2020,0.073981,Black Backed Jackal,No,0.8-1,6,1,Grid2,200
TAPP25,TAPP25,TAPP25,2020:02:13 01:46:31,13/02/2020,0.07397,Black Backed Jackal,No,0.8-1,6.5,1,Grid2,200
TAPP25,TAPP25,TAPP25,2020:02:13 01:46:31,13/02/2020,0.07397,Black Backed Jackal,No,0.8-1,6.5,1,Grid2,200
TAPP25,TAPP25,TAPP25,2020:02:13 01:46:31,13/02/2020,0.07397,Black Backed Jackal,No,0.8-1,7,1,Grid2,200
TAPP25,TAPP25,TAPP25,2020:02:13 01:46:30,13/02/2020,0.073958,Black Backed Jackal,Yes,0.6-0.8,7.5,1,Grid2,200
GKPP38,GKPP38,GKPP38,2020:02:14 19:09:21,14/02/2020,0.79816,Black Backed Jackal,No,0.2-0.4,5.5,1,Grid2,200
GKPP38,GKPP38,GKPP38,2020:02:14 19:09:20,14/02/2020,0.798148,Black Backed Jackal,No,0.2-0.4,5.5,1,Grid2,200
GKPP38,GKPP38,GKPP38,2020:02:14 19:09:20,14/02/2020,0.798148,Black Backed Jackal,No,0-0.2,5,1,Grid2,200
GKPP38,GKPP38,GKPP38,2020:02:14 19:09:20,14/02/2020,0.798148,Black Backed Jackal,No,0-0.2,5,1,Grid2,200
GKPP38,GKPP38,GKPP38,2020:02:14 19:09:19,14/02/2020,0.798137,Black Backed Jackal,No,0.4-0.6,5,1,Grid2,200
GKPP38,GKPP38,GKPP38,2020:02:14 19:09:19,14/02/2020,0.798137,Black Backed Jackal,Yes,0.6-0.8,4.5,1,Grid2,200
GKPP39,GKPP39,GKPP39,2020:02:14 18:32:26,14/02/2020,0.772523,Black Backed Jackal,No,0.4-0.6,7.5,1,Grid2,200
GKPP39,GKPP39,GKPP39,2020:02:14 18:32:26,14/02/2020,0.772523,Black Backed Jackal,No,0.4-0.6,7.5,1,Grid2,200
GKPP39,GKPP39,GKPP39,2020:02:14 18:32:26,14/02/2020,0.772523,Black Backed Jackal,No,0.2-0.4,7.5,1,Grid2,200
GKPP39,GKPP39,GKPP39,2020:02:14 18:32:26,14/02/2020,0.772523,Black Backed Jackal,No,0.2-0.4,7.5,1,Grid2,200
GKPP39,GKPP39,GKPP39,2020:02:14 18:32:25,14/02/2020,0.772512,Black Backed Jackal,No,0-0.2,8,1,Grid2,200
GKPP39,GKPP39,GKPP39,2020:02:14 18:32:25,14/02/2020,0.772512,Black Backed Jackal,Yes,0-0.2,8,1,Grid2,200
TAPP21,TAPP21,TAPP21,2020:01:22 02:27:15,22/01/2020,0.102257,Brown Hyena,No,0-0.2,3.5,1,Grid2,200
TAPP21,TAPP21,TAPP21,2020:01:22 02:27:15,22/01/2020,0.102257,Brown Hyena,No,0-0.2,3.5,1,Grid2,200
TAPP21,TAPP21,TAPP21,2020:01:22 02:27:14,22/01/2020,0.102245,Brown Hyena,No,0-0.2,3.5,1,Grid2,200
TAPP21,TAPP21,TAPP21,2020:01:22 02:27:14,22/01/2020,0.102245,Brown Hyena,No,0-0.2,3,1,Grid2,200
TAPP21,TAPP21,TAPP21,2020:01:22 02:27:14,22/01/2020,0.102245,Brown Hyena,No,0-0.2,2.5,1,Grid2,200
TAPP21,TAPP21,TAPP21,2020:01:22 02:27:13,22/01/2020,0.102234,Brown Hyena,No,0-0.2,2,1,Grid2,200
TAPP21,TAPP21,TAPP21,2020:01:22 02:26:25,22/01/2020,0.101678,Brown Hyena,No,0-0.2,1,1,Grid2,200
TAPP21,TAPP21,TAPP21,2020:01:22 02:26:25,22/01/2020,0.101678,Brown Hyena,No,0-0.2,1,1,Grid2,200
TAPP21,TAPP21,TAPP21,2020:01:22 02:26:24,22/01/2020,0.101667,Brown Hyena,No,0-0.2,1,1,Grid2,200
TAPP21,TAPP21,TAPP21,2020:01:22 02:26:24,22/01/2020,0.101667,Brown Hyena,No,0-0.2,1,1,Grid2,200
TAPP21,TAPP21,TAPP21,2020:01:22 02:26:24,22/01/2020,0.101667,Brown Hyena,No,0-0.2,1,1,Grid2,200
TAPP21,TAPP21,TAPP21,2020:01:22 02:26:24,22/01/2020,0.101667,Brown Hyena,No,0-0.2,1,1,Grid2,200
TAPP21,TAPP21,TAPP21,2020:01:22 02:26:16,22/01/2020,0.101574,Brown Hyena,No,0-0.2,1.5,1,Grid2,200
TAPP21,TAPP21,TAPP21,2020:01:22 02:26:16,22/01/2020,0.101574,Brown Hyena,No,0-0.2,1.5,1,Grid2,200
TAPP21,TAPP21,TAPP21,2020:01:22 02:26:16,22/01/2020,0.101574,Brown Hyena,No,0-0.2,1.5,1,Grid2,200
TAPP21,TAPP21,TAPP21,2020:01:22 02:26:16,22/01/2020,0.101574,Brown Hyena,No,0-0.2,1.5,1,Grid2,200
TAPP21,TAPP21,TAPP21,2020:01:22 02:26:15,22/01/2020,0.101563,Brown Hyena,No,0-0.2,1.5,1,Grid2,200
TAPP21,TAPP21,TAPP21,2020:01:22 02:26:15,22/01/2020,0.101563,Brown Hyena,No,0-0.2,1.5,1,Grid2,200
TAPP21,TAPP21,TAPP21,2020:01:22 02:26:08,22/01/2020,0.101481,Brown Hyena,No,0.8-1,3,1,Grid2,200
TAPP21,TAPP21,TAPP21,2020:01:22 02:26:08,22/01/2020,0.101481,Brown Hyena,No,0.8-1,3,1,Grid2,200
TAPP21,TAPP21,TAPP21,2020:01:22 02:26:07,22/01/2020,0.10147,Brown Hyena,No,0.8-1,3.5,1,Grid2,200
TAPP21,TAPP21,TAPP21,2020:01:22 02:26:07,22/01/2020,0.10147,Brown Hyena,No,0.8-1,3.5,1,Grid2,200
TAPP21,TAPP21,TAPP21,2020:01:22 02:26:07,22/01/2020,0.10147,Brown Hyena,No,0.8-1,3.5,1,Grid2,200
TAPP21,TAPP21,TAPP21,2020:01:22 02:26:07,22/01/2020,0.10147,Brown Hyena,No,0.8-1,3.5,1,Grid2,200
TAPP21,TAPP21,TAPP21,2020:01:22 02:25:58,22/01/2020,0.101366,Brown Hyena,No,0.4-0.6,3,1,Grid2,200
TAPP21,TAPP21,TAPP21,2020:01:22 02:25:58,22/01/2020,0.101366,Brown Hyena,No,0.2-0.4,3,1,Grid2,200
TAPP21,TAPP21,TAPP21,2020:01:22 02:25:57,22/01/2020,0.101354,Brown Hyena,No,0-0.2,2.5,1,Grid2,200
TAPP21,TAPP21,TAPP21,2020:01:22 02:25:57,22/01/2020,0.101354,Brown Hyena,No,0-0.2,2.5,1,Grid2,200
TAPP21,TAPP21,TAPP21,2020:01:22 02:25:57,22/01/2020,0.101354,Brown Hyena,No,0.4-0.6,2.5,1,Grid2,200
TAPP21,TAPP21,TAPP21,2020:01:22 02:25:56,22/01/2020,0.101343,Brown Hyena,Yes,0.6-0.8,2.5,1,Grid2,200
TAPP22,TAPP22,TAPP22,2020:01:27 05:38:18,27/01/2020,0.234931,Brown Hyena,No,0.4-0.6,4.5,1,Grid2,200
TAPP22,TAPP22,TAPP22,2020:01:27 05:38:17,27/01/2020,0.234919,Brown Hyena,No,0-0.2,5,1,Grid2,200
TAPP22,TAPP22,TAPP22,2020:01:27 05:38:17,27/01/2020,0.234919,Brown Hyena,No,0-0.2,5.5,1,Grid2,200
TAPP22,TAPP22,TAPP22,2020:01:27 05:38:17,27/01/2020,0.234919,Brown Hyena,No,0.2-0.4,6,1,Grid2,200
TAPP22,TAPP22,TAPP22,2020:01:27 05:38:16,27/01/2020,0.234907,Brown Hyena,No,0.4-0.6,6.5,1,Grid2,200
TAPP22,TAPP22,TAPP22,2020:01:27 05:38:16,27/01/2020,0.234907,Brown Hyena,Yes,0.6-0.8,7.5,1,Grid2,200
TAPP22,TAPP22,TAPP22,2020:01:22 17:33:05,22/01/2020,0.731308,Brown Hyena,No,0.8-1,12,1,Grid2,200
TAPP22,TAPP22,TAPP22,2020:01:22 17:33:05,22/01/2020,0.731308,Brown Hyena,No,0.6-0.8,12,1,Grid2,200
TAPP22,TAPP22,TAPP22,2020:01:22 17:33:04,22/01/2020,0.731296,Brown Hyena,No,0.2-0.4,12,1,Grid2,200
TAPP22,TAPP22,TAPP22,2020:01:22 17:33:04,22/01/2020,0.731296,Brown Hyena,No,0-0.2,12,1,Grid2,200
TAPP22,TAPP22,TAPP22,2020:01:22 17:33:04,22/01/2020,0.731296,Brown Hyena,No,0-0.2,12,1,Grid2,200
TAPP22,TAPP22,TAPP22,2020:01:22 17:33:03,22/01/2020,0.731285,Brown Hyena,Yes,0.4-0.6,12,1,Grid2,200
TAPP23,TAPP23,TAPP23,2020:01:23 05:20:52,23/01/2020,0.222824,Black Backed Jackal,No,0-0.2,5.5,1,Grid2,200
TAPP23,TAPP23,TAPP23,2020:01:23 05:20:52,23/01/2020,0.222824,Black Backed Jackal,No,0-0.2,5.5,1,Grid2,200
TAPP23,TAPP23,TAPP23,2020:01:23 05:20:52,23/01/2020,0.222824,Black Backed Jackal,No,0-0.2,5,1,Grid2,200
TAPP23,TAPP23,TAPP23,2020:01:23 05:20:51,23/01/2020,0.222813,Black Backed Jackal,No,0-0.2,5,1,Grid2,200
TAPP23,TAPP23,TAPP23,2020:01:23 05:20:51,23/01/2020,0.222813,Black Backed Jackal,No,0.2-0.4,4.5,1,Grid2,200
TAPP23,TAPP23,TAPP23,2020:01:23 05:20:51,23/01/2020,0.222813,Black Backed Jackal,Yes,0.2-0.4,4.5,1,Grid2,200
TAPP24,TAPP24,TAPP24,2020:01:26 19:18:11,26/01/2020,0.804294,Black Backed Jackal,No,0.6-0.8,9,1,Grid2,200
TAPP24,TAPP24,TAPP24,2020:01:26 19:18:11,26/01/2020,0.804294,Black Backed Jackal,No,0.4-0.6,8.5,1,Grid2,200
TAPP24,TAPP24,TAPP24,2020:01:26 19:18:10,26/01/2020,0.804282,Black Backed Jackal,No,0.2-0.4,7.5,1,Grid2,200
TAPP24,TAPP24,TAPP24,2020:01:26 19:18:10,26/01/2020,0.804282,Black Backed Jackal,No,0-0.2,7,1,Grid2,200
TAPP24,TAPP24,TAPP24,2020:01:26 19:18:10,26/01/2020,0.804282,Black Backed Jackal,No,0.2-0.4,6.5,1,Grid2,200
TAPP24,TAPP24,TAPP24,2020:01:26 19:18:09,26/01/2020,0.804271,Black Backed Jackal,Yes,0.6-0.8,5.5,1,Grid2,200
TAPP24,TAPP24,TAPP24,2020:01:25 19:15:28,25/01/2020,0.802407,Black Backed Jackal,No,0.6-0.8,5,1,Grid2,200
TAPP24,TAPP24,TAPP24,2020:01:25 19:15:27,25/01/2020,0.802396,Black Backed Jackal,No,0.2-0.4,6,1,Grid2,200
TAPP24,TAPP24,TAPP24,2020:01:25 19:15:27,25/01/2020,0.802396,Black Backed Jackal,No,0-0.2,7,1,Grid2,200
TAPP24,TAPP24,TAPP24,2020:01:25 19:15:27,25/01/2020,0.802396,Black Backed Jackal,No,0-0.2,7,1,Grid2,200
TAPP24,TAPP24,TAPP24,2020:01:25 19:15:26,25/01/2020,0.802384,Black Backed Jackal,No,0.2-0.4,7.5,1,Grid2,200
TAPP24,TAPP24,TAPP24,2020:01:25 19:15:26,25/01/2020,0.802384,Black Backed Jackal,Yes,0.4-0.6,8.5,1,Grid2,200
TAPP24,TAPP24,TAPP24,2020:01:23 20:34:48,23/01/2020,0.8575,Black Backed Jackal,No,0.8-1,16,1,Grid2,200
TAPP24,TAPP24,TAPP24,2020:01:23 20:34:47,23/01/2020,0.857488,Black Backed Jackal,No,0.8-1,15,1,Grid2,200
TAPP24,TAPP24,TAPP24,2020:01:23 20:34:47,23/01/2020,0.857488,Black Backed Jackal,No,0.6-0.8,13,1,Grid2,200
TAPP24,TAPP24,TAPP24,2020:01:23 20:34:44,23/01/2020,0.857454,Black Backed Jackal,No,0.2-0.4,9.5,1,Grid2,200
TAPP24,TAPP24,TAPP24,2020:01:23 20:34:43,23/01/2020,0.857442,Black Backed Jackal,No,0.2-0.4,9.5,1,Grid2,200
TAPP24,TAPP24,TAPP24,2020:01:23 20:34:43,23/01/2020,0.857442,Black Backed Jackal,No,0.2-0.4,9.5,1,Grid2,200
TAPP24,TAPP24,TAPP24,2020:01:23 20:34:43,23/01/2020,0.857442,Black Backed Jackal,No,0.2-0.4,9.5,1,Grid2,200
TAPP24,TAPP24,TAPP24,2020:01:23 20:34:42,23/01/2020,0.857431,Black Backed Jackal,No,0.4-0.6,11,1,Grid2,200
TAPP24,TAPP24,TAPP24,2020:01:23 20:34:42,23/01/2020,0.857431,Black Backed Jackal,Yes,0.6-0.8,14,1,Grid2,200
TAPP25,TAPP25,TAPP25,2020:01:24 22:38:09,24/01/2020,0.94316,Black Backed Jackal,No,0.8-1,14,1,Grid2,200
TAPP25,TAPP25,TAPP25,2020:01:24 22:38:09,24/01/2020,0.94316,Black Backed Jackal,No,0.8-1,14,1,Grid2,200
TAPP25,TAPP25,TAPP25,2020:01:24 22:38:09,24/01/2020,0.94316,Black Backed Jackal,No,0.6-0.8,13,1,Grid2,200
TAPP25,TAPP25,TAPP25,2020:01:24 22:38:08,24/01/2020,0.943148,Black Backed Jackal,No,0.6-0.8,13,1,Grid2,200
TAPP25,TAPP25,TAPP25,2020:01:24 22:38:08,24/01/2020,0.943148,Black Backed Jackal,No,0.6-0.8,12,1,Grid2,200
TAPP25,TAPP25,TAPP25,2020:01:24 22:38:08,24/01/2020,0.943148,Black Backed Jackal,No,0.6-0.8,11,1,Grid2,200
TAPP25,TAPP25,TAPP25,2020:01:24 22:38:06,24/01/2020,0.943125,Black Backed Jackal,No,0.4-0.6,10,1,Grid2,200
TAPP25,TAPP25,TAPP25,2020:01:24 22:38:05,24/01/2020,0.943113,Black Backed Jackal,No,0.4-0.6,9.5,1,Grid2,200
TAPP25,TAPP25,TAPP25,2020:01:24 22:38:05,24/01/2020,0.943113,Black Backed Jackal,No,0.6-0.8,9.5,1,Grid2,200
TAPP25,TAPP25,TAPP25,2020:01:24 22:38:04,24/01/2020,0.943102,Black Backed Jackal,No,0.6-0.8,9.5,1,Grid2,200
TAPP25,TAPP25,TAPP25,2020:01:24 22:38:04,24/01/2020,0.943102,Black Backed Jackal,No,0.8-1,9.5,1,Grid2,200
TAPP25,TAPP25,TAPP25,2020:01:24 22:38:04,24/01/2020,0.943102,Black Backed Jackal,Yes,0.8-1,9.5,1,Grid2,200
TAPP25,TAPP25,TAPP25,2020:01:23 06:22:44,23/01/2020,0.265787,Caracal,No,0.6-0.8,13,1,Grid2,200
TAPP25,TAPP25,TAPP25,2020:01:23 06:22:43,23/01/2020,0.265775,Caracal,No,0.6-0.8,12,1,Grid2,200
TAPP25,TAPP25,TAPP25,2020:01:23 06:22:43,23/01/2020,0.265775,Caracal,No,0.6-0.8,12,1,Grid2,200
TAPP25,TAPP25,TAPP25,2020:01:23 06:22:43,23/01/2020,0.265775,Caracal,No,0.4-0.6,12,1,Grid2,200
TAPP25,TAPP25,TAPP25,2020:01:23 06:22:42,23/01/2020,0.265764,Caracal,No,0.4-0.6,12,1,Grid2,200
TAPP25,TAPP25,TAPP25,2020:01:23 06:22:42,23/01/2020,0.265764,Caracal,No,0.4-0.6,12,1,Grid2,200
TAPP25,TAPP25,TAPP25,2020:01:23 06:22:40,23/01/2020,0.265741,Caracal,No,0-0.2,12,1,Grid2,200
TAPP25,TAPP25,TAPP25,2020:01:23 06:22:40,23/01/2020,0.265741,Caracal,No,0-0.2,11,1,Grid2,200
TAPP25,TAPP25,TAPP25,2020:01:23 06:22:39,23/01/2020,0.265729,Caracal,No,0-0.2,11,1,Grid2,200
TAPP25,TAPP25,TAPP25,2020:01:23 06:22:39,23/01/2020,0.265729,Caracal,No,0-0.2,11,1,Grid2,200
TAPP25,TAPP25,TAPP25,2020:01:23 06:22:39,23/01/2020,0.265729,Caracal,No,0-0.2,11,1,Grid2,200
TAPP25,TAPP25,TAPP25,2020:01:23 06:22:38,23/01/2020,0.265718,Caracal,No,0-0.2,11,1,Grid2,200
TAPP25,TAPP25,TAPP25,2020:01:23 06:22:36,23/01/2020,0.265694,Caracal,No,0.2-0.4,11,1,Grid2,200
TAPP25,TAPP25,TAPP25,2020:01:23 06:22:35,23/01/2020,0.265683,Caracal,No,0.2-0.4,11,1,Grid2,200
TAPP25,TAPP25,TAPP25,2020:01:23 06:22:35,23/01/2020,0.265683,Caracal,No,0.2-0.4,11,1,Grid2,200
TAPP25,TAPP25,TAPP25,2020:01:23 06:22:34,23/01/2020,0.265671,Caracal,No,0.4-0.6,11,1,Grid2,200
TAPP25,TAPP25,TAPP25,2020:01:23 06:22:34,23/01/2020,0.265671,Caracal,No,0.4-0.6,11,1,Grid2,200
TAPP25,TAPP25,TAPP25,2020:01:23 06:22:34,23/01/2020,0.265671,Caracal,Yes,0.4-0.6,12,1,Grid2,200
HYPP26,HYPP26,HYPP26,2020:02:03 21:57:15,03/02/2020,0.914757,Black Backed Jackal,No,0.4-0.6,8,1,Grid2,200
HYPP26,HYPP26,HYPP26,2020:02:03 21:57:15,03/02/2020,0.914757,Black Backed Jackal,No,0.2-0.4,8,1,Grid2,200
HYPP26,HYPP26,HYPP26,2020:02:03 21:57:15,03/02/2020,0.914757,Black Backed Jackal,No,0-0.2,7.5,1,Grid2,200
HYPP26,HYPP26,HYPP26,2020:02:03 21:57:15,03/02/2020,0.914757,Black Backed Jackal,No,0-0.2,7.5,1,Grid2,200
HYPP26,HYPP26,HYPP26,2020:02:03 21:57:14,03/02/2020,0.914745,Black Backed Jackal,No,0-0.2,7.5,1,Grid2,200
HYPP26,HYPP26,HYPP26,2020:02:03 21:57:14,03/02/2020,0.914745,Black Backed Jackal,Yes,0.2-0.4,7.5,1,Grid2,200
HYPP26,HYPP26,HYPP26,2020:02:02 23:35:25,02/02/2020,0.982928,Black Backed Jackal,No,0.4-0.6,6,1,Grid2,200
HYPP26,HYPP26,HYPP26,2020:02:02 23:35:25,02/02/2020,0.982928,Black Backed Jackal,No,0.2-0.4,6,1,Grid2,200
HYPP26,HYPP26,HYPP26,2020:02:02 23:35:25,02/02/2020,0.982928,Black Backed Jackal,No,0-0.2,6,1,Grid2,200
HYPP26,HYPP26,HYPP26,2020:02:02 23:35:25,02/02/2020,0.982928,Black Backed Jackal,No,0-0.2,6,1,Grid2,200
HYPP26,HYPP26,HYPP26,2020:02:02 23:35:24,02/02/2020,0.982917,Black Backed Jackal,No,0.2-0.4,6,1,Grid2,200
HYPP26,HYPP26,HYPP26,2020:02:02 23:35:24,02/02/2020,0.982917,Black Backed Jackal,Yes,0.4-0.6,6,1,Grid2,200
HYPP26,HYPP26,HYPP26,2020:02:01 22:59:25,01/02/2020,0.957928,Black Backed Jackal,No,0.2-0.4,6,1,Grid2,200
HYPP26,HYPP26,HYPP26,2020:02:01 22:59:25,01/02/2020,0.957928,Black Backed Jackal,No,0-0.2,5.5,1,Grid2,200
HYPP26,HYPP26,HYPP26,2020:02:01 22:59:24,01/02/2020,0.957917,Black Backed Jackal,No,0-0.2,5.5,1,Grid2,200
HYPP26,HYPP26,HYPP26,2020:02:01 22:59:24,01/02/2020,0.957917,Black Backed Jackal,No,0.2-0.4,5.5,1,Grid2,200
HYPP26,HYPP26,HYPP26,2020:02:01 22:59:24,01/02/2020,0.957917,Black Backed Jackal,No,0.2-0.4,5.5,1,Grid2,200
HYPP26,HYPP26,HYPP26,2020:02:01 22:59:24,01/02/2020,0.957917,Black Backed Jackal,Yes,0.4-0.6,6,1,Grid2,200
HYPP26,HYPP26,HYPP26,2020:01:27 22:04:57,27/01/2020,0.920104,Black Backed Jackal,No,0.4-0.6,5.5,1,Grid2,200
HYPP26,HYPP26,HYPP26,2020:01:27 22:04:57,27/01/2020,0.920104,Black Backed Jackal,No,0.2-0.4,5.5,1,Grid2,200
HYPP26,HYPP26,HYPP26,2020:01:27 22:04:57,27/01/2020,0.920104,Black Backed Jackal,No,0-0.2,5.5,1,Grid2,200
HYPP26,HYPP26,HYPP26,2020:01:27 22:04:56,27/01/2020,0.920093,Black Backed Jackal,No,0-0.2,5.5,1,Grid2,200
HYPP26,HYPP26,HYPP26,2020:01:27 22:04:56,27/01/2020,0.920093,Black Backed Jackal,No,0.2-0.4,5.5,1,Grid2,200
HYPP26,HYPP26,HYPP26,2020:01:27 22:04:56,27/01/2020,0.920093,Black Backed Jackal,Yes,0.4-0.6,5.5,1,Grid2,200
HYPP26,HYPP26,HYPP26,2020:01:26 00:04:26,26/01/2020,0.003079,Black Backed Jackal,No,0.4-0.6,6,1,Grid2,200
HYPP26,HYPP26,HYPP26,2020:01:26 00:04:26,26/01/2020,0.003079,Black Backed Jackal,No,0.2-0.4,6,1,Grid2,200
HYPP26,HYPP26,HYPP26,2020:01:26 00:04:25,26/01/2020,0.003067,Black Backed Jackal,No,0-0.2,6,1,Grid2,200
HYPP26,HYPP26,HYPP26,2020:01:26 00:04:25,26/01/2020,0.003067,Black Backed Jackal,No,0-0.2,5.5,1,Grid2,200
HYPP26,HYPP26,HYPP26,2020:01:26 00:04:25,26/01/2020,0.003067,Black Backed Jackal,No,0.2-0.4,5.5,1,Grid2,200
HYPP26,HYPP26,HYPP26,2020:01:26 00:04:24,26/01/2020,0.003056,Black Backed Jackal,No,0.4-0.6,5.5,1,Grid2,200
HYPP26,HYPP26,HYPP26,2020:01:26 00:04:15,26/01/2020,0.002951,Black Backed Jackal,No,0.8-1,5,1,Grid2,200
HYPP26,HYPP26,HYPP26,2020:01:26 00:04:15,26/01/2020,0.002951,Black Backed Jackal,No,0.8-1,4.5,1,Grid2,200
HYPP26,HYPP26,HYPP26,2020:01:26 00:04:15,26/01/2020,0.002951,Black Backed Jackal,No,0.8-1,4.5,1,Grid2,200
HYPP26,HYPP26,HYPP26,2020:01:26 00:04:15,26/01/2020,0.002951,Black Backed Jackal,No,0.8-1,4.5,1,Grid2,200
HYPP26,HYPP26,HYPP26,2020:01:26 00:04:14,26/01/2020,0.00294,Black Backed Jackal,No,0.6-0.8,4.5,1,Grid2,200
HYPP26,HYPP26,HYPP26,2020:01:26 00:04:14,26/01/2020,0.00294,Black Backed Jackal,Yes,0.6-0.8,4,1,Grid2,200
HYPP26,HYPP26,HYPP26,2020:01:24 03:18:22,24/01/2020,0.137755,African Civet,No,0.8-1,6,1,Grid2,200
HYPP26,HYPP26,HYPP26,2020:01:24 03:18:22,24/01/2020,0.137755,African Civet,No,0.8-1,6,1,Grid2,200
HYPP26,HYPP26,HYPP26,2020:01:24 03:18:21,24/01/2020,0.137743,African Civet,No,0.8-1,6,1,Grid2,200
HYPP26,HYPP26,HYPP26,2020:01:24 03:18:21,24/01/2020,0.137743,African Civet,No,0.8-1,6,1,Grid2,200
HYPP26,HYPP26,HYPP26,2020:01:24 03:18:21,24/01/2020,0.137743,African Civet,No,0.8-1,6,1,Grid2,200
HYPP26,HYPP26,HYPP26,2020:01:24 03:18:21,24/01/2020,0.137743,African Civet,No,0.8-1,6,1,Grid2,200
HYPP26,HYPP26,HYPP26,2020:01:24 03:18:10,24/01/2020,0.137616,African Civet,No,0-0.2,6,1,Grid2,200
HYPP26,HYPP26,HYPP26,2020:01:24 03:18:10,24/01/2020,0.137616,African Civet,No,0.2-0.4,6,1,Grid2,200
HYPP26,HYPP26,HYPP26,2020:01:24 03:18:10,24/01/2020,0.137616,African Civet,No,0.2-0.4,6,1,Grid2,200
HYPP26,HYPP26,HYPP26,2020:01:24 03:18:09,24/01/2020,0.137604,African Civet,No,0.2-0.4,6,1,Grid2,200
HYPP26,HYPP26,HYPP26,2020:01:24 03:18:09,24/01/2020,0.137604,African Civet,No,0.2-0.4,6,1,Grid2,200
HYPP26,HYPP26,HYPP26,2020:01:24 03:18:09,24/01/2020,0.137604,African Civet,Yes,0.2-0.4,6,1,Grid2,200
HYPP26,HYPP26,HYPP26,2020:01:23 19:53:17,23/01/2020,0.828669,African Civet,No,0.8-1,7.5,1,Grid2,200
HYPP26,HYPP26,HYPP26,2020:01:23 19:53:17,23/01/2020,0.828669,African Civet,No,0.8-1,7.5,1,Grid2,200
HYPP26,HYPP26,HYPP26,2020:01:23 19:53:17,23/01/2020,0.828669,African Civet,No,0.8-1,7,1,Grid2,200
HYPP26,HYPP26,HYPP26,2020:01:23 19:53:17,23/01/2020,0.828669,African Civet,No,0.8-1,7,1,Grid2,200
HYPP26,HYPP26,HYPP26,2020:01:23 19:53:16,23/01/2020,0.828657,African Civet,Yes,0.8-1,7,1,Grid2,200
GKPP29,GKPP29,GKPP29,2020:01:24 14:05:32,24/01/2020,0.587176,Leopard,No,0-0.2,6.5,1,Grid2,200
GKPP29,GKPP29,GKPP29,2020:01:24 14:05:32,24/01/2020,0.587176,Leopard,No,0-0.2,7.5,1,Grid2,200
GKPP29,GKPP29,GKPP29,2020:01:24 14:05:31,24/01/2020,0.587164,Leopard,No,0-0.2,7.5,1,Grid2,200
GKPP29,GKPP29,GKPP29,2020:01:24 14:05:31,24/01/2020,0.587164,Leopard,No,0-0.2,8,1,Grid2,200
GKPP29,GKPP29,GKPP29,2020:01:24 14:05:31,24/01/2020,0.587164,Leopard,No,0.2-0.4,8,1,Grid2,200
GKPP29,GKPP29,GKPP29,2020:01:24 14:05:30,24/01/2020,0.587153,Leopard,Yes,0.2-0.4,8.5,1,Grid2,200
GKPP30,GKPP30,GKPP30,2020:01:25 23:42:05,25/01/2020,0.987558,Black Backed Jackal,No,0-0.2,11,1,Grid2,200
GKPP30,GKPP30,GKPP30,2020:01:25 23:42:05,25/01/2020,0.987558,Black Backed Jackal,No,0-0.2,11,1,Grid2,200
GKPP30,GKPP30,GKPP30,2020:01:25 23:42:04,25/01/2020,0.987546,Black Backed Jackal,No,0-0.2,11,1,Grid2,200
GKPP30,GKPP30,GKPP30,2020:01:25 23:42:04,25/01/2020,0.987546,Black Backed Jackal,No,0-0.2,11,1,Grid2,200
GKPP30,GKPP30,GKPP30,2020:01:25 23:42:04,25/01/2020,0.987546,Black Backed Jackal,No,0-0.2,11,1,Grid2,200
GKPP30,GKPP30,GKPP30,2020:01:25 23:42:04,25/01/2020,0.987546,Black Backed Jackal,Yes,0-0.2,11,1,Grid2,200
HYPP31,HYPP31,HYPP31,2020:01:22 20:11:18,22/01/2020,0.841181,Brown Hyena,No,0.8-1,2.5,1,Grid2,200
HYPP31,HYPP31,HYPP31,2020:01:22 20:11:18,22/01/2020,0.841181,Brown Hyena,No,0.8-1,2.5,1,Grid2,200
HYPP31,HYPP31,HYPP31,2020:01:22 20:11:17,22/01/2020,0.841169,Brown Hyena,No,0.8-1,2,1,Grid2,200
HYPP31,HYPP31,HYPP31,2020:01:22 20:11:17,22/01/2020,0.841169,Brown Hyena,No,0.8-1,2,1,Grid2,200
HYPP31,HYPP31,HYPP31,2020:01:22 20:11:17,22/01/2020,0.841169,Brown Hyena,No,0.6-0.8,2,1,Grid2,200
HYPP31,HYPP31,HYPP31,2020:01:22 20:11:17,22/01/2020,0.841169,Brown Hyena,No,0.6-0.8,2,1,Grid2,200
HYPP31,HYPP31,HYPP31,2020:01:22 20:11:10,22/01/2020,0.841088,Brown Hyena,No,0.6-0.8,2,1,Grid2,200
HYPP31,HYPP31,HYPP31,2020:01:22 20:11:10,22/01/2020,0.841088,Brown Hyena,No,0.6-0.8,2,1,Grid2,200
HYPP31,HYPP31,HYPP31,2020:01:22 20:11:10,22/01/2020,0.841088,Brown Hyena,No,0.4-0.6,2,1,Grid2,200
HYPP31,HYPP31,HYPP31,2020:01:22 20:11:09,22/01/2020,0.841076,Brown Hyena,No,0.2-0.4,1.5,1,Grid2,200
HYPP31,HYPP31,HYPP31,2020:01:22 20:11:09,22/01/2020,0.841076,Brown Hyena,No,0-0.2,1.5,1,Grid2,200
HYPP31,HYPP31,HYPP31,2020:01:22 20:11:09,22/01/2020,0.841076,Brown Hyena,Yes,0.6-0.8,1,1,Grid2,200
HYPP37,HYPP37,HYPP37,2020:02:02 02:43:38,02/02/2020,0.113634,African Civet,No,0-0.2,18,1,Grid2,200
HYPP37,HYPP37,HYPP37,2020:02:02 02:43:38,02/02/2020,0.113634,African Civet,No,0-0.2,17,1,Grid2,200
HYPP37,HYPP37,HYPP37,2020:02:02 02:43:37,02/02/2020,0.113623,African Civet,No,0-0.2,16,1,Grid2,200
HYPP37,HYPP37,HYPP37,2020:02:02 02:43:37,02/02/2020,0.113623,African Civet,No,0-0.2,15,1,Grid2,200
HYPP37,HYPP37,HYPP37,2020:02:02 02:43:37,02/02/2020,0.113623,African Civet,No,0-0.2,14,1,Grid2,200
HYPP37,HYPP37,HYPP37,2020:02:02 02:43:37,02/02/2020,0.113623,African Civet,Yes,0-0.2,13,1,Grid2,200
HYPP37,HYPP37,HYPP37,2020:02:01 03:08:09,01/02/2020,0.13066,African Civet,No,0.4-0.6,5.5,1,Grid2,200
HYPP37,HYPP37,HYPP37,2020:02:01 03:08:08,01/02/2020,0.130648,African Civet,No,0.4-0.6,5.5,1,Grid2,200
HYPP37,HYPP37,HYPP37,2020:02:01 03:08:08,01/02/2020,0.130648,African Civet,No,0.4-0.6,5,1,Grid2,200
HYPP37,HYPP37,HYPP37,2020:02:01 03:08:08,01/02/2020,0.130648,African Civet,No,0.4-0.6,5,1,Grid2,200
HYPP37,HYPP37,HYPP37,2020:02:01 03:08:07,01/02/2020,0.130637,African Civet,No,0.4-0.6,5,1,Grid2,200
HYPP37,HYPP37,HYPP37,2020:02:01 03:08:07,01/02/2020,0.130637,African Civet,Yes,0.4-0.6,5,1,Grid2,200
GKPP38,GKPP38,GKPP38,2020:01:23 06:54:33,23/01/2020,0.287882,Black Backed Jackal,No,0.8-1,3,1,Grid2,200
GKPP38,GKPP38,GKPP38,2020:01:23 06:54:33,23/01/2020,0.287882,Black Backed Jackal,No,0.4-0.6,3,1,Grid2,200
GKPP38,GKPP38,GKPP38,2020:01:23 06:54:31,23/01/2020,0.287859,Black Backed Jackal,No,0.2-0.4,3,1,Grid2,200
GKPP38,GKPP38,GKPP38,2020:01:23 06:54:31,23/01/2020,0.287859,Black Backed Jackal,No,0.2-0.4,3,1,Grid2,200
GKPP38,GKPP38,GKPP38,2020:01:23 06:54:30,23/01/2020,0.287847,Black Backed Jackal,No,0.2-0.4,3,1,Grid2,200
GKPP38,GKPP38,GKPP38,2020:01:23 06:54:30,23/01/2020,0.287847,Black Backed Jackal,No,0.2-0.4,3,1,Grid2,200
GKPP38,GKPP38,GKPP38,2020:01:23 06:54:30,23/01/2020,0.287847,Black Backed Jackal,No,0.2-0.4,3,1,Grid2,200
GKPP38,GKPP38,GKPP38,2020:01:23 06:54:29,23/01/2020,0.287836,Black Backed Jackal,No,0.2-0.4,3,1,Grid2,200
GKPP38,GKPP38,GKPP38,2020:01:23 06:54:28,23/01/2020,0.287824,Black Backed Jackal,No,0.6-0.8,3,1,Grid2,200
GKPP38,GKPP38,GKPP38,2020:01:23 06:54:27,23/01/2020,0.287813,Black Backed Jackal,No,0.8-1,3,1,Grid2,200
GKPP38,GKPP38,GKPP38,2020:01:23 06:54:27,23/01/2020,0.287813,Black Backed Jackal,No,0.8-1,3.5,1,Grid2,200
GKPP38,GKPP38,GKPP38,2020:01:23 06:54:26,23/01/2020,0.287801,Black Backed Jackal,No,0.8-1,3.5,1,Grid2,200
GKPP38,GKPP38,GKPP38,2020:01:23 06:54:26,23/01/2020,0.287801,Black Backed Jackal,No,0.8-1,3,1,Grid2,200
GKPP38,GKPP38,GKPP38,2020:01:23 06:54:26,23/01/2020,0.287801,Black Backed Jackal,Yes,0.8-1,3,1,Grid2,200
GKPP39,GKPP39,GKPP39,2020:01:25 05:26:34,25/01/2020,0.226782,Black Backed Jackal,No,0.2-0.4,26+,1,Grid2,200
GKPP39,GKPP39,GKPP39,2020:01:25 05:26:33,25/01/2020,0.226771,Black Backed Jackal,No,0.2-0.4,26+,1,Grid2,200
GKPP39,GKPP39,GKPP39,2020:01:25 05:26:33,25/01/2020,0.226771,Black Backed Jackal,No,0.2-0.4,26+,1,Grid2,200
GKPP39,GKPP39,GKPP39,2020:01:25 05:26:33,25/01/2020,0.226771,Black Backed Jackal,No,0.2-0.4,26+,1,Grid2,200
GKPP39,GKPP39,GKPP39,2020:01:25 05:26:32,25/01/2020,0.226759,Black Backed Jackal,No,0-0.2,26+,1,Grid2,200
GKPP39,GKPP39,GKPP39,2020:01:25 05:26:32,25/01/2020,0.226759,Black Backed Jackal,Yes,0-0.2,25,1,Grid2,200
HYPP40,HYPP40,HYPP40,2020:02:02 20:09:51,02/02/2020,0.840174,Black Backed Jackal,No,0.8-1,6,1,Grid2,200
HYPP40,HYPP40,HYPP40,2020:02:02 20:09:51,02/02/2020,0.840174,Black Backed Jackal,No,0.8-1,5.5,1,Grid2,200
HYPP40,HYPP40,HYPP40,2020:02:02 20:09:51,02/02/2020,0.840174,Black Backed Jackal,No,0.8-1,5.5,1,Grid2,200
HYPP40,HYPP40,HYPP40,2020:02:02 20:09:51,02/02/2020,0.840174,Black Backed Jackal,No,0.8-1,5.5,1,Grid2,200
HYPP40,HYPP40,HYPP40,2020:02:02 20:09:50,02/02/2020,0.840162,Black Backed Jackal,No,0.8-1,5.5,1,Grid2,200
HYPP40,HYPP40,HYPP40,2020:02:02 20:09:50,02/02/2020,0.840162,Black Backed Jackal,Yes,0.6-0.8,5,1,Grid2,200
GKPP30,GKPP30,GKPP30,2020:02:12 01:49:38,12/02/2020,0.076134,Black Backed Jackal,No,0.4-0.6,16,1,Grid2,200
GKPP30,GKPP30,GKPP30,2020:02:12 01:49:38,12/02/2020,0.076134,Black Backed Jackal,No,0.2-0.4,12,1,Grid2,200
GKPP30,GKPP30,GKPP30,2020:02:12 01:49:37,12/02/2020,0.076123,Black Backed Jackal,No,0.2-0.4,9.5,1,Grid2,200
GKPP30,GKPP30,GKPP30,2020:02:12 01:49:37,12/02/2020,0.076123,Black Backed Jackal,No,0-0.2,7.5,1,Grid2,200
GKPP30,GKPP30,GKPP30,2020:02:12 01:49:37,12/02/2020,0.076123,Black Backed Jackal,No,0-0.2,5.5,1,Grid2,200
GKPP30,GKPP30,GKPP30,2020:02:12 01:49:37,12/02/2020,0.076123,Black Backed Jackal,Yes,0.2-0.4,3.5,1,Grid2,200
GKPP39,GKPP39,GKPP39,2020:02:12 02:59:03,12/02/2020,0.12434,Black Backed Jackal,No,0.2-0.4,5.5,1,Grid2,200
GKPP39,GKPP39,GKPP39,2020:02:12 02:59:03,12/02/2020,0.12434,Black Backed Jackal,No,0.2-0.4,5.5,1,Grid2,200
GKPP39,GKPP39,GKPP39,2020:02:12 02:59:03,12/02/2020,0.12434,Black Backed Jackal,No,0-0.2,6,1,Grid2,200
GKPP39,GKPP39,GKPP39,2020:02:12 02:59:02,12/02/2020,0.124329,Black Backed Jackal,No,0-0.2,6.5,1,Grid2,200
GKPP39,GKPP39,GKPP39,2020:02:12 02:59:02,12/02/2020,0.124329,Black Backed Jackal,No,0-0.2,6.5,1,Grid2,200
GKPP39,GKPP39,GKPP39,2020:02:12 02:59:02,12/02/2020,0.124329,Black Backed Jackal,Yes,0-0.2,7,1,Grid2,200
GKPP39,GKPP39,GKPP39,2020:02:07 03:24:42,07/02/2020,0.142153,Brown Hyena,No,0.4-0.6,4,1,Grid2,200
GKPP39,GKPP39,GKPP39,2020:02:07 03:24:41,07/02/2020,0.142141,Brown Hyena,No,0-0.2,3.5,1,Grid2,200
GKPP39,GKPP39,GKPP39,2020:02:07 03:24:41,07/02/2020,0.142141,Brown Hyena,No,0-0.2,3.5,1,Grid2,200
GKPP39,GKPP39,GKPP39,2020:02:07 03:24:41,07/02/2020,0.142141,Brown Hyena,No,0.2-0.4,3.5,1,Grid2,200
GKPP39,GKPP39,GKPP39,2020:02:07 03:24:41,07/02/2020,0.142141,Brown Hyena,No,0.4-0.6,3.5,1,Grid2,200
GKPP39,GKPP39,GKPP39,2020:02:07 03:24:40,07/02/2020,0.14213,Brown Hyena,Yes,0.6-0.8,3.5,1,Grid2,200
TAPP21,TAPP21,TAPP21,2020:02:08 23:42:14,08/02/2020,0.987662,African Civet,No,0.8-1,1,1,Grid2,200
TAPP21,TAPP21,TAPP21,2020:02:08 23:42:14,08/02/2020,0.987662,African Civet,No,0.8-1,1,1,Grid2,200
TAPP21,TAPP21,TAPP21,2020:02:08 23:42:14,08/02/2020,0.987662,African Civet,No,0.8-1,1,1,Grid2,200
TAPP21,TAPP21,TAPP21,2020:02:08 23:42:14,08/02/2020,0.987662,African Civet,No,0.6-0.8,1,1,Grid2,200
TAPP21,TAPP21,TAPP21,2020:02:08 23:42:13,08/02/2020,0.98765,African Civet,No,0.6-0.8,1,1,Grid2,200
TAPP21,TAPP21,TAPP21,2020:02:08 23:42:13,08/02/2020,0.98765,African Civet,Yes,0.2-0.4,1,1,Grid2,200
TAPP21,TAPP21,TAPP21,2020:02:05 18:29:46,05/02/2020,0.770671,Brown Hyena,No,0.2-0.4,2.5,1,Grid2,200
TAPP21,TAPP21,TAPP21,2020:02:05 18:29:45,05/02/2020,0.77066,Brown Hyena,No,0-0.2,2.5,1,Grid2,200
TAPP21,TAPP21,TAPP21,2020:02:05 18:29:45,05/02/2020,0.77066,Brown Hyena,No,0.2-0.4,2.5,1,Grid2,200
TAPP21,TAPP21,TAPP21,2020:02:05 18:29:44,05/02/2020,0.770648,Brown Hyena,No,0.2-0.4,3,1,Grid2,200
TAPP21,TAPP21,TAPP21,2020:02:05 18:29:44,05/02/2020,0.770648,Brown Hyena,No,0.4-0.6,3,1,Grid2,200
TAPP21,TAPP21,TAPP21,2020:02:05 18:29:44,05/02/2020,0.770648,Brown Hyena,Yes,0.6-0.8,3,1,Grid2,200
TAPP21,TAPP21,TAPP21,2020:02:01 04:09:15,01/02/2020,0.17309,Brown Hyena,No,0-0.2,8.5,1,Grid2,200
TAPP21,TAPP21,TAPP21,2020:02:01 04:09:15,01/02/2020,0.17309,Brown Hyena,No,0-0.2,8.5,1,Grid2,200
TAPP21,TAPP21,TAPP21,2020:02:01 04:09:15,01/02/2020,0.17309,Brown Hyena,No,0-0.2,9,1,Grid2,200
TAPP21,TAPP21,TAPP21,2020:02:01 04:09:14,01/02/2020,0.173079,Brown Hyena,No,0-0.2,9,1,Grid2,200
TAPP21,TAPP21,TAPP21,2020:02:01 04:09:14,01/02/2020,0.173079,Brown Hyena,No,0-0.2,9.5,1,Grid2,200
TAPP21,TAPP21,TAPP21,2020:02:01 04:09:14,01/02/2020,0.173079,Brown Hyena,Yes,0-0.2,10,1,Grid2,200
TAPP21,TAPP21,TAPP21,2020:01:30 03:57:19,30/01/2020,0.164803,Brown Hyena,No,0-0.2,13,1,Grid2,200
TAPP21,TAPP21,TAPP21,2020:01:30 03:57:19,30/01/2020,0.164803,Brown Hyena,No,0-0.2,12,1,Grid2,200
TAPP21,TAPP21,TAPP21,2020:01:30 03:57:18,30/01/2020,0.164792,Brown Hyena,No,0-0.2,12,1,Grid2,200
TAPP21,TAPP21,TAPP21,2020:01:30 03:57:18,30/01/2020,0.164792,Brown Hyena,No,0-0.2,12,1,Grid2,200
TAPP21,TAPP21,TAPP21,2020:01:30 03:57:18,30/01/2020,0.164792,Brown Hyena,No,0-0.2,12,1,Grid2,200
TAPP21,TAPP21,TAPP21,2020:01:30 03:57:18,30/01/2020,0.164792,Brown Hyena,No,0-0.2,11,1,Grid2,200
TAPP21,TAPP21,TAPP21,2020:01:30 03:57:06,30/01/2020,0.164653,Brown Hyena,No,0-0.2,7,1,Grid2,200
TAPP21,TAPP21,TAPP21,2020:01:30 03:57:06,30/01/2020,0.164653,Brown Hyena,No,0-0.2,7,1,Grid2,200
TAPP21,TAPP21,TAPP21,2020:01:30 03:57:06,30/01/2020,0.164653,Brown Hyena,No,0-0.2,7,1,Grid2,200
TAPP21,TAPP21,TAPP21,2020:01:30 03:57:06,30/01/2020,0.164653,Brown Hyena,No,0-0.2,7,1,Grid2,200
TAPP21,TAPP21,TAPP21,2020:01:30 03:57:05,30/01/2020,0.164641,Brown Hyena,No,0.2-0.4,7,1,Grid2,200
TAPP21,TAPP21,TAPP21,2020:01:30 03:57:05,30/01/2020,0.164641,Brown Hyena,No,0.2-0.4,6.5,1,Grid2,200
TAPP21,TAPP21,TAPP21,2020:01:30 03:56:59,30/01/2020,0.164572,Brown Hyena,No,0.2-0.4,4,1,Grid2,200
TAPP21,TAPP21,TAPP21,2020:01:30 03:56:59,30/01/2020,0.164572,Brown Hyena,No,0.2-0.4,4,1,Grid2,200
TAPP21,TAPP21,TAPP21,2020:01:30 03:56:59,30/01/2020,0.164572,Brown Hyena,No,0.2-0.4,4,1,Grid2,200
TAPP21,TAPP21,TAPP21,2020:01:30 03:56:59,30/01/2020,0.164572,Brown Hyena,No,0.2-0.4,4,1,Grid2,200
TAPP21,TAPP21,TAPP21,2020:01:30 03:56:58,30/01/2020,0.16456,Brown Hyena,No,0.2-0.4,4,1,Grid2,200
TAPP21,TAPP21,TAPP21,2020:01:30 03:56:58,30/01/2020,0.16456,Brown Hyena,No,0.2-0.4,3.5,1,Grid2,200
TAPP21,TAPP21,TAPP21,2020:01:30 03:56:52,30/01/2020,0.164491,Brown Hyena,No,0-0.2,2,1,Grid2,200
TAPP21,TAPP21,TAPP21,2020:01:30 03:56:52,30/01/2020,0.164491,Brown Hyena,No,0-0.2,2,1,Grid2,200
TAPP21,TAPP21,TAPP21,2020:01:30 03:56:51,30/01/2020,0.164479,Brown Hyena,No,0.4-0.6,1.5,1,Grid2,200
TAPP21,TAPP21,TAPP21,2020:01:30 03:56:51,30/01/2020,0.164479,Brown Hyena,No,0.8-1,1,1,Grid2,200
TAPP21,TAPP21,TAPP21,2020:01:30 03:56:51,30/01/2020,0.164479,Brown Hyena,No,0.8-1,0.5,1,Grid2,200
TAPP21,TAPP21,TAPP21,2020:01:30 03:56:51,30/01/2020,0.164479,Brown Hyena,No,0.8-1,0.5,1,Grid2,200
TAPP21,TAPP21,TAPP21,2020:01:30 03:53:33,30/01/2020,0.162188,Brown Hyena,No,0.8-1,0.5,1,Grid2,200
TAPP21,TAPP21,TAPP21,2020:01:30 03:53:33,30/01/2020,0.162188,Brown Hyena,No,0.8-1,0.5,1,Grid2,200
TAPP21,TAPP21,TAPP21,2020:01:30 03:53:12,30/01/2020,0.161944,Brown Hyena,No,0-0.2,4,1,Grid2,200
TAPP21,TAPP21,TAPP21,2020:01:30 03:53:12,30/01/2020,0.161944,Brown Hyena,No,0.2-0.4,4,1,Grid2,200
TAPP21,TAPP21,TAPP21,2020:01:30 03:53:11,30/01/2020,0.161933,Brown Hyena,No,0.4-0.6,4,1,Grid2,200
TAPP21,TAPP21,TAPP21,2020:01:30 03:53:11,30/01/2020,0.161933,Brown Hyena,No,0.6-0.8,4,1,Grid2,200
TAPP21,TAPP21,TAPP21,2020:01:30 03:53:11,30/01/2020,0.161933,Brown Hyena,No,0.6-0.8,4,1,Grid2,200
TAPP21,TAPP21,TAPP21,2020:01:30 03:53:11,30/01/2020,0.161933,Brown Hyena,Yes,0.8-1,4,1,Grid2,200
TAPP22,TAPP22,TAPP22,2020:02:01 23:13:37,01/02/2020,0.967789,African Civet,No,0-0.2,3.5,1,Grid2,200
TAPP22,TAPP22,TAPP22,2020:02:01 23:13:36,01/02/2020,0.967778,African Civet,No,0-0.2,3.5,1,Grid2,200
TAPP22,TAPP22,TAPP22,2020:02:01 23:13:36,01/02/2020,0.967778,African Civet,No,0-0.2,3.5,1,Grid2,200
TAPP22,TAPP22,TAPP22,2020:02:01 23:13:36,01/02/2020,0.967778,African Civet,No,0.2-0.4,3.5,1,Grid2,200
TAPP22,TAPP22,TAPP22,2020:02:01 23:13:36,01/02/2020,0.967778,African Civet,No,0.2-0.4,3.5,1,Grid2,200
TAPP22,TAPP22,TAPP22,2020:02:01 23:13:35,01/02/2020,0.967766,African Civet,Yes,0.2-0.4,3.5,1,Grid2,200
TAPP23,TAPP23,TAPP23,2020:02:10 22:10:54,10/02/2020,0.924236,Black Backed Jackal,No,0.2-0.4,3,1,Grid2,200
TAPP23,TAPP23,TAPP23,2020:02:10 22:10:54,10/02/2020,0.924236,Black Backed Jackal,No,0.2-0.4,2.5,1,Grid2,200
TAPP23,TAPP23,TAPP23,2020:02:10 22:10:54,10/02/2020,0.924236,Black Backed Jackal,No,0.4-0.6,2.5,1,Grid2,200
TAPP23,TAPP23,TAPP23,2020:02:10 22:10:54,10/02/2020,0.924236,Black Backed Jackal,No,0.4-0.6,2.5,1,Grid2,200
TAPP23,TAPP23,TAPP23,2020:02:10 22:10:53,10/02/2020,0.924225,Black Backed Jackal,No,0.6-0.8,2.5,1,Grid2,200
TAPP23,TAPP23,TAPP23,2020:02:10 22:10:53,10/02/2020,0.924225,Black Backed Jackal,Yes,0.8-1,2.5,1,Grid2,200
TAPP23,TAPP23,TAPP23,2020:01:28 07:58:33,28/01/2020,0.332326,Black Backed Jackal,No,0.2-0.4,10,1,Grid2,200
TAPP23,TAPP23,TAPP23,2020:01:28 07:58:33,28/01/2020,0.332326,Black Backed Jackal,No,0.2-0.4,9,1,Grid2,200
TAPP23,TAPP23,TAPP23,2020:01:28 07:58:33,28/01/2020,0.332326,Black Backed Jackal,No,0.2-0.4,8.5,1,Grid2,200
TAPP23,TAPP23,TAPP23,2020:01:28 07:58:32,28/01/2020,0.332315,Black Backed Jackal,No,0-0.2,7,1,Grid2,200
TAPP23,TAPP23,TAPP23,2020:01:28 07:58:32,28/01/2020,0.332315,Black Backed Jackal,No,0-0.2,5.5,1,Grid2,200
TAPP23,TAPP23,TAPP23,2020:01:28 07:58:31,28/01/2020,0.332303,Black Backed Jackal,Yes,0-0.2,4.5,1,Grid2,200
GKPP33,GKPP33,GKPP33,2020:02:02 00:15:31,02/02/2020,0.010775,Brown Hyena,No,0.4-0.6,6.5,1,Grid2,200
GKPP33,GKPP33,GKPP33,2020:02:02 00:15:31,02/02/2020,0.010775,Brown Hyena,No,0.2-0.4,6,1,Grid2,200
GKPP33,GKPP33,GKPP33,2020:02:02 00:15:30,02/02/2020,0.010764,Brown Hyena,No,0-0.2,5.5,1,Grid2,200
GKPP33,GKPP33,GKPP33,2020:02:02 00:15:30,02/02/2020,0.010764,Brown Hyena,No,0-0.2,5.5,1,Grid2,200
GKPP33,GKPP33,GKPP33,2020:02:02 00:15:30,02/02/2020,0.010764,Brown Hyena,No,0-0.2,5.5,1,Grid2,200
GKPP33,GKPP33,GKPP33,2020:02:02 00:15:30,02/02/2020,0.010764,Brown Hyena,Yes,0.2-0.4,5.5,1,Grid2,200
HYPP26,HYPP26,HYPP26,2020:02:07 04:24:57,07/02/2020,0.183993,Black Backed Jackal,No,0-0.2,7.5,1,Grid2,200
HYPP26,HYPP26,HYPP26,2020:02:07 04:24:57,07/02/2020,0.183993,Black Backed Jackal,No,0-0.2,7.5,1,Grid2,200
HYPP26,HYPP26,HYPP26,2020:02:07 04:24:56,07/02/2020,0.183981,Black Backed Jackal,No,0.2-0.4,7.5,1,Grid2,200
HYPP26,HYPP26,HYPP26,2020:02:07 04:24:56,07/02/2020,0.183981,Black Backed Jackal,No,0.4-0.6,7.5,1,Grid2,200
HYPP26,HYPP26,HYPP26,2020:02:07 04:24:56,07/02/2020,0.183981,Black Backed Jackal,No,0.4-0.6,8,1,Grid2,200
HYPP26,HYPP26,HYPP26,2020:02:07 04:24:56,07/02/2020,0.183981,Black Backed Jackal,Yes,0.4-0.6,7.5,1,Grid2,200
HYPP26,HYPP26,HYPP26,2020:02:06 19:14:02,06/02/2020,0.801412,Black Backed Jackal,No,0.8-1,2,1,Grid2,200
HYPP26,HYPP26,HYPP26,2020:02:06 19:14:02,06/02/2020,0.801412,Black Backed Jackal,No,0.6-0.8,2,1,Grid2,200
HYPP26,HYPP26,HYPP26,2020:02:06 19:14:02,06/02/2020,0.801412,Black Backed Jackal,No,0.2-0.4,2.5,1,Grid2,200
HYPP26,HYPP26,HYPP26,2020:02:06 19:14:02,06/02/2020,0.801412,Black Backed Jackal,No,0-0.2,3,1,Grid2,200
HYPP26,HYPP26,HYPP26,2020:02:06 19:14:01,06/02/2020,0.8014,Black Backed Jackal,No,0-0.2,3.5,1,Grid2,200
HYPP26,HYPP26,HYPP26,2020:02:06 19:14:01,06/02/2020,0.8014,Black Backed Jackal,Yes,0.2-0.4,3.5,1,Grid2,200
HYPP26,HYPP26,HYPP26,2020:02:05 06:06:23,05/02/2020,0.254433,Black Backed Jackal,No,0.8-1,6.5,1,Grid2,200
HYPP26,HYPP26,HYPP26,2020:02:05 06:06:22,05/02/2020,0.254421,Black Backed Jackal,No,0.8-1,6,1,Grid2,200
HYPP26,HYPP26,HYPP26,2020:02:05 06:06:22,05/02/2020,0.254421,Black Backed Jackal,No,0.8-1,6,1,Grid2,200
HYPP26,HYPP26,HYPP26,2020:02:05 06:06:21,05/02/2020,0.25441,Black Backed Jackal,No,0.8-1,6,1,Grid2,200
HYPP26,HYPP26,HYPP26,2020:02:05 06:06:14,05/02/2020,0.254329,Black Backed Jackal,No,0.2-0.4,5.5,1,Grid2,200
HYPP26,HYPP26,HYPP26,2020:02:05 06:06:14,05/02/2020,0.254329,Black Backed Jackal,No,0.2-0.4,5.5,1,Grid2,200
HYPP26,HYPP26,HYPP26,2020:02:05 06:06:13,05/02/2020,0.254317,Black Backed Jackal,No,0.2-0.4,5.5,1,Grid2,200
HYPP26,HYPP26,HYPP26,2020:02:05 06:06:13,05/02/2020,0.254317,Black Backed Jackal,No,0.2-0.4,5.5,1,Grid2,200
HYPP26,HYPP26,HYPP26,2020:02:05 06:06:13,05/02/2020,0.254317,Black Backed Jackal,No,0.2-0.4,5.5,1,Grid2,200
HYPP26,HYPP26,HYPP26,2020:02:05 06:06:12,05/02/2020,0.254306,Black Backed Jackal,No,0.2-0.4,5.5,1,Grid2,200
HYPP26,HYPP26,HYPP26,2020:02:05 06:06:05,05/02/2020,0.254225,Black Backed Jackal,No,0-0.2,5.5,1,Grid2,200
HYPP26,HYPP26,HYPP26,2020:02:05 06:06:05,05/02/2020,0.254225,Black Backed Jackal,No,0.2-0.4,5.5,1,Grid2,200
HYPP26,HYPP26,HYPP26,2020:02:05 06:06:04,05/02/2020,0.254213,Black Backed Jackal,No,0.2-0.4,5.5,1,Grid2,200
HYPP26,HYPP26,HYPP26,2020:02:05 06:06:04,05/02/2020,0.254213,Black Backed Jackal,No,0.2-0.4,5.5,1,Grid2,200
HYPP26,HYPP26,HYPP26,2020:02:05 06:06:04,05/02/2020,0.254213,Black Backed Jackal,No,0.4-0.6,5.5,1,Grid2,200
HYPP26,HYPP26,HYPP26,2020:02:05 06:06:03,05/02/2020,0.254201,Black Backed Jackal,Yes,0.6-0.8,6,1,Grid2,200
HYPP31,HYPP31,HYPP31,2020:02:14 01:45:36,14/02/2020,0.073333,Brown Hyena,No,0.8-1,2.5,1,Grid2,200
HYPP31,HYPP31,HYPP31,2020:02:14 01:45:36,14/02/2020,0.073333,Brown Hyena,No,0.8-1,2,1,Grid2,200
HYPP31,HYPP31,HYPP31,2020:02:14 01:45:36,14/02/2020,0.073333,Brown Hyena,No,0.4-0.6,2,1,Grid2,200
HYPP31,HYPP31,HYPP31,2020:02:14 01:45:36,14/02/2020,0.073333,Brown Hyena,No,0-0.2,2,1,Grid2,200
HYPP31,HYPP31,HYPP31,2020:02:14 01:45:35,14/02/2020,0.073322,Brown Hyena,No,0.4-0.6,2,1,Grid2,200
HYPP31,HYPP31,HYPP31,2020:02:14 01:45:35,14/02/2020,0.073322,Brown Hyena,Yes,0.8-1,2,1,Grid2,200
HYPP36,HYPP36,HYPP36,2020:02:06 23:08:51,06/02/2020,0.964479,Black Backed Jackal,No,0.6-0.8,2.5,1,Grid2,200
HYPP36,HYPP36,HYPP36,2020:02:06 23:08:51,06/02/2020,0.964479,Black Backed Jackal,No,0.2-0.4,2,1,Grid2,200
HYPP36,HYPP36,HYPP36,2020:02:06 23:08:51,06/02/2020,0.964479,Black Backed Jackal,No,0-0.2,2.5,1,Grid2,200
HYPP36,HYPP36,HYPP36,2020:02:06 23:08:51,06/02/2020,0.964479,Black Backed Jackal,No,0.2-0.4,3,1,Grid2,200
HYPP36,HYPP36,HYPP36,2020:02:06 23:08:50,06/02/2020,0.964468,Black Backed Jackal,No,0.4-0.6,3.5,1,Grid2,200
HYPP36,HYPP36,HYPP36,2020:02:06 23:08:50,06/02/2020,0.964468,Black Backed Jackal,Yes,0.6-0.8,3.5,1,Grid2,200
HYPP40,HYPP40,HYPP40,2020:02:10 01:22:57,10/02/2020,0.057604,Black Backed Jackal,No,0.8-1,6,1,Grid2,200
HYPP40,HYPP40,HYPP40,2020:02:10 01:22:56,10/02/2020,0.057593,Black Backed Jackal,No,0.8-1,6,1,Grid2,200
HYPP40,HYPP40,HYPP40,2020:02:10 01:22:56,10/02/2020,0.057593,Black Backed Jackal,No,0.6-0.8,6,1,Grid2,200
HYPP40,HYPP40,HYPP40,2020:02:10 01:22:56,10/02/2020,0.057593,Black Backed Jackal,No,0.4-0.6,6,1,Grid2,200
HYPP40,HYPP40,HYPP40,2020:02:10 01:22:56,10/02/2020,0.057593,Black Backed Jackal,No,0.2-0.4,6,1,Grid2,200
HYPP40,HYPP40,HYPP40,2020:02:10 01:22:55,10/02/2020,0.057581,Black Backed Jackal,Yes,0-0.2,6.5,1,Grid2,200
HYPP41,HYPP41,HYPP41,2020:02:11 18:48:46,11/02/2020,0.783866,Black Backed Jackal,No,0-0.2,8.5,1,Grid2,200
HYPP41,HYPP41,HYPP41,2020:02:11 18:48:46,11/02/2020,0.783866,Black Backed Jackal,No,0-0.2,8,1,Grid2,200
HYPP41,HYPP41,HYPP41,2020:02:11 18:48:45,11/02/2020,0.783854,Black Backed Jackal,No,0.2-0.4,7.5,1,Grid2,200
HYPP41,HYPP41,HYPP41,2020:02:11 18:48:45,11/02/2020,0.783854,Black Backed Jackal,No,0.2-0.4,7,1,Grid2,200
HYPP41,HYPP41,HYPP41,2020:02:11 18:48:45,11/02/2020,0.783854,Black Backed Jackal,No,0.4-0.6,6.5,1,Grid2,200
HYPP41,HYPP41,HYPP41,2020:02:11 18:48:44,11/02/2020,0.783843,Black Backed Jackal,Yes,0.6-0.8,5.5,1,Grid2,200
GKPP58,GKPP58,GKPP58,2020:03:02 06:51:59,02/03/2020,0.2861,Black Backed Jackal,No,0-0.2,12,1,Grid3,200
GKPP58,GKPP58,GKPP58,2020:03:02 06:51:59,02/03/2020,0.2861,Black Backed Jackal,No,0-0.2,12,1,Grid3,200
GKPP58,GKPP58,GKPP58,2020:03:02 06:51:58,02/03/2020,0.286088,Black Backed Jackal,No,0-0.2,11,1,Grid3,200
GKPP58,GKPP58,GKPP58,2020:03:02 06:51:58,02/03/2020,0.286088,Black Backed Jackal,No,0-0.2,11,1,Grid3,200
GKPP58,GKPP58,GKPP58,2020:03:02 06:51:58,02/03/2020,0.286088,Black Backed Jackal,No,0.2-0.4,10,1,Grid3,200
GKPP58,GKPP58,GKPP58,2020:03:02 06:51:58,02/03/2020,0.286088,Black Backed Jackal,Yes,0.2-0.4,11,1,Grid3,200
GKPP58,GKPP58,GKPP58,2020:03:02 06:21:28,02/03/2020,0.264907,Black Backed Jackal,No,0.6-0.8,8.5,1,Grid3,200
GKPP58,GKPP58,GKPP58,2020:03:02 06:21:28,02/03/2020,0.264907,Black Backed Jackal,No,0.4-0.6,10,1,Grid3,200
GKPP58,GKPP58,GKPP58,2020:03:02 06:21:27,02/03/2020,0.264896,Black Backed Jackal,No,0.2-0.4,11,1,Grid3,200
GKPP58,GKPP58,GKPP58,2020:03:02 06:21:27,02/03/2020,0.264896,Black Backed Jackal,No,0.2-0.4,11,1,Grid3,200
GKPP58,GKPP58,GKPP58,2020:03:02 06:21:27,02/03/2020,0.264896,Black Backed Jackal,No,0-0.2,11,1,Grid3,200
GKPP58,GKPP58,GKPP58,2020:03:02 06:21:27,02/03/2020,0.264896,Black Backed Jackal,Yes,0-0.2,13,1,Grid3,200
GKPP58,GKPP58,GKPP58,2020:02:29 04:10:14,29/02/2020,0.173773,Black Backed Jackal,No,0.6-0.8,3,1,Grid3,200
GKPP58,GKPP58,GKPP58,2020:02:29 04:10:13,29/02/2020,0.173762,Black Backed Jackal,No,0.4-0.6,3,1,Grid3,200
GKPP58,GKPP58,GKPP58,2020:02:29 04:10:13,29/02/2020,0.173762,Black Backed Jackal,No,0.4-0.6,3,1,Grid3,200
GKPP58,GKPP58,GKPP58,2020:02:29 04:10:13,29/02/2020,0.173762,Black Backed Jackal,No,0.2-0.4,3.5,1,Grid3,200
GKPP58,GKPP58,GKPP58,2020:02:29 04:10:13,29/02/2020,0.173762,Black Backed Jackal,No,0-0.2,3.5,1,Grid3,200
GKPP58,GKPP58,GKPP58,2020:02:29 04:10:12,29/02/2020,0.17375,Black Backed Jackal,Yes,0-0.2,3.5,1,Grid3,200
TAPP48,TAPP48,TAPP48,2020:02:26 08:58:08,26/02/2020,0.373704,Black Backed Jackal,No,0.8-1,4,1,Grid3,200
TAPP48,TAPP48,TAPP48,2020:02:26 08:58:08,26/02/2020,0.373704,Black Backed Jackal,No,0.4-0.6,4,1,Grid3,200
TAPP48,TAPP48,TAPP48,2020:02:26 08:58:07,26/02/2020,0.373692,Black Backed Jackal,No,0-0.2,4,1,Grid3,200
TAPP48,TAPP48,TAPP48,2020:02:26 08:58:07,26/02/2020,0.373692,Black Backed Jackal,No,0.2-0.4,3.5,1,Grid3,200
TAPP48,TAPP48,TAPP48,2020:02:26 08:58:06,26/02/2020,0.373681,Black Backed Jackal,Yes,0.6-0.8,3.5,1,Grid3,200
TAPP49,TAPP49,TAPP49,2020:03:08 23:51:42,08/03/2020,0.994236,Black Backed Jackal,No,0.6-0.8,14,1,Grid3,200
TAPP49,TAPP49,TAPP49,2020:03:08 23:51:42,08/03/2020,0.994236,Black Backed Jackal,No,0.4-0.6,13,1,Grid3,200
TAPP49,TAPP49,TAPP49,2020:03:08 23:51:41,08/03/2020,0.994225,Black Backed Jackal,No,0.4-0.6,13,1,Grid3,200
TAPP49,TAPP49,TAPP49,2020:03:08 23:51:41,08/03/2020,0.994225,Black Backed Jackal,No,0.4-0.6,12,1,Grid3,200
TAPP49,TAPP49,TAPP49,2020:03:08 23:51:41,08/03/2020,0.994225,Black Backed Jackal,No,0.2-0.4,11,1,Grid3,200
TAPP49,TAPP49,TAPP49,2020:03:08 23:51:40,08/03/2020,0.994213,Black Backed Jackal,Yes,0.2-0.4,11,1,Grid3,200
TAPP49,TAPP49,TAPP49,2020:03:07 00:58:38,07/03/2020,0.040718,Black Backed Jackal,No,0.6-0.8,8,1,Grid3,200
TAPP49,TAPP49,TAPP49,2020:03:07 00:58:38,07/03/2020,0.040718,Black Backed Jackal,No,0.4-0.6,8,1,Grid3,200
TAPP49,TAPP49,TAPP49,2020:03:07 00:58:38,07/03/2020,0.040718,Black Backed Jackal,No,0.2-0.4,8,1,Grid3,200
TAPP49,TAPP49,TAPP49,2020:03:07 00:58:38,07/03/2020,0.040718,Black Backed Jackal,No,0.2-0.4,8,1,Grid3,200
TAPP49,TAPP49,TAPP49,2020:03:07 00:58:37,07/03/2020,0.040706,Black Backed Jackal,No,0-0.2,8,1,Grid3,200
TAPP49,TAPP49,TAPP49,2020:03:07 00:58:37,07/03/2020,0.040706,Black Backed Jackal,Yes,0-0.2,8.5,1,Grid3,200
TAPP49,TAPP49,TAPP49,2020:03:06 05:07:06,06/03/2020,0.213264,Black Backed Jackal,No,0-0.2,9.5,1,Grid3,200
TAPP49,TAPP49,TAPP49,2020:03:06 05:07:06,06/03/2020,0.213264,Black Backed Jackal,No,0-0.2,9.5,1,Grid3,200
TAPP49,TAPP49,TAPP49,2020:03:06 05:07:06,06/03/2020,0.213264,Black Backed Jackal,No,0-0.2,9.5,1,Grid3,200
TAPP49,TAPP49,TAPP49,2020:03:06 05:07:06,06/03/2020,0.213264,Black Backed Jackal,No,0-0.2,10,1,Grid3,200
TAPP49,TAPP49,TAPP49,2020:03:06 05:07:05,06/03/2020,0.213252,Black Backed Jackal,No,0-0.2,10,1,Grid3,200
TAPP49,TAPP49,TAPP49,2020:03:06 05:07:05,06/03/2020,0.213252,Black Backed Jackal,No,0-0.2,10,1,Grid3,200
TAPP49,TAPP49,TAPP49,2020:03:06 05:06:32,06/03/2020,0.21287,Black Backed Jackal,No,0-0.2,10,1,Grid3,200
TAPP49,TAPP49,TAPP49,2020:03:06 05:06:32,06/03/2020,0.21287,Black Backed Jackal,No,0-0.2,10,1,Grid3,200
TAPP49,TAPP49,TAPP49,2020:03:06 05:06:31,06/03/2020,0.212859,Black Backed Jackal,No,0-0.2,10,1,Grid3,200
TAPP49,TAPP49,TAPP49,2020:03:06 05:06:31,06/03/2020,0.212859,Black Backed Jackal,No,0-0.2,10,1,Grid3,200
TAPP49,TAPP49,TAPP49,2020:03:06 05:06:31,06/03/2020,0.212859,Black Backed Jackal,No,0.2-0.4,11,1,Grid3,200
TAPP49,TAPP49,TAPP49,2020:03:06 05:06:31,06/03/2020,0.212859,Black Backed Jackal,Yes,0.2-0.4,11,1,Grid3,200
TAPP49,TAPP49,TAPP49,2020:03:04 08:59:28,04/03/2020,0.37463,Black Backed Jackal,No,0.2-0.4,8,1,Grid3,200
TAPP49,TAPP49,TAPP49,2020:03:04 08:59:28,04/03/2020,0.37463,Black Backed Jackal,No,0.2-0.4,8,1,Grid3,200
TAPP49,TAPP49,TAPP49,2020:03:04 08:59:27,04/03/2020,0.374618,Black Backed Jackal,No,0-0.2,8.5,1,Grid3,200
TAPP49,TAPP49,TAPP49,2020:03:04 08:59:27,04/03/2020,0.374618,Black Backed Jackal,No,0-0.2,9.5,1,Grid3,200
TAPP49,TAPP49,TAPP49,2020:03:04 08:59:27,04/03/2020,0.374618,Black Backed Jackal,No,0-0.2,10,1,Grid3,200
TAPP49,TAPP49,TAPP49,2020:03:04 08:59:27,04/03/2020,0.374618,Black Backed Jackal,Yes,0-0.2,10,1,Grid3,200
TAPP49,TAPP49,TAPP49,2020:03:02 04:26:45,02/03/2020,0.185243,Black Backed Jackal,No,0.4-0.6,13,1,Grid3,200
TAPP49,TAPP49,TAPP49,2020:03:02 04:26:45,02/03/2020,0.185243,Black Backed Jackal,No,0.4-0.6,13,1,Grid3,200
TAPP49,TAPP49,TAPP49,2020:03:02 04:26:44,02/03/2020,0.185231,Black Backed Jackal,No,0.4-0.6,13,1,Grid3,200
TAPP49,TAPP49,TAPP49,2020:03:02 04:26:44,02/03/2020,0.185231,Black Backed Jackal,No,0.4-0.6,13,1,Grid3,200
TAPP49,TAPP49,TAPP49,2020:03:02 04:26:44,02/03/2020,0.185231,Black Backed Jackal,No,0.4-0.6,14,1,Grid3,200
TAPP49,TAPP49,TAPP49,2020:03:02 04:26:44,02/03/2020,0.185231,Black Backed Jackal,Yes,0.2-0.4,14,1,Grid3,200
TAPP49,TAPP49,TAPP49,2020:03:02 03:16:13,02/03/2020,0.136262,Black Backed Jackal,No,0.2-0.4,14,1,Grid3,200
TAPP49,TAPP49,TAPP49,2020:03:02 03:16:13,02/03/2020,0.136262,Black Backed Jackal,No,0-0.2,14,1,Grid3,200
TAPP49,TAPP49,TAPP49,2020:03:02 03:16:12,02/03/2020,0.13625,Black Backed Jackal,No,0-0.2,14,1,Grid3,200
TAPP49,TAPP49,TAPP49,2020:03:02 03:16:12,02/03/2020,0.13625,Black Backed Jackal,No,0-0.2,14,1,Grid3,200
TAPP49,TAPP49,TAPP49,2020:03:02 03:16:12,02/03/2020,0.13625,Black Backed Jackal,No,0-0.2,14,1,Grid3,200
TAPP49,TAPP49,TAPP49,2020:03:02 03:16:12,02/03/2020,0.13625,Black Backed Jackal,Yes,0-0.2,15,1,Grid3,200
TAPP49,TAPP49,TAPP49,2020:03:01 00:33:53,01/03/2020,0.02353,Black Backed Jackal,No,0-0.2,9.5,1,Grid3,200
TAPP49,TAPP49,TAPP49,2020:03:01 00:33:53,01/03/2020,0.02353,Black Backed Jackal,No,0-0.2,9.5,1,Grid3,200
TAPP49,TAPP49,TAPP49,2020:03:01 00:33:53,01/03/2020,0.02353,Black Backed Jackal,No,0-0.2,9.5,1,Grid3,200
TAPP49,TAPP49,TAPP49,2020:03:01 00:33:52,01/03/2020,0.023519,Black Backed Jackal,No,0-0.2,9.5,1,Grid3,200
TAPP49,TAPP49,TAPP49,2020:03:01 00:33:52,01/03/2020,0.023519,Black Backed Jackal,No,0-0.2,10,1,Grid3,200
TAPP49,TAPP49,TAPP49,2020:03:01 00:33:52,01/03/2020,0.023519,Black Backed Jackal,No,0-0.2,10,1,Grid3,200
TAPP49,TAPP49,TAPP49,2020:03:01 00:18:08,01/03/2020,0.012593,Black Backed Jackal,No,0.6-0.8,8,1,Grid3,200
TAPP49,TAPP49,TAPP49,2020:03:01 00:18:08,01/03/2020,0.012593,Black Backed Jackal,No,0.4-0.6,8,1,Grid3,200
TAPP49,TAPP49,TAPP49,2020:03:01 00:18:08,01/03/2020,0.012593,Black Backed Jackal,No,0.2-0.4,8,1,Grid3,200
TAPP49,TAPP49,TAPP49,2020:03:01 00:18:07,01/03/2020,0.012581,Black Backed Jackal,No,0-0.2,8.5,1,Grid3,200
TAPP49,TAPP49,TAPP49,2020:03:01 00:18:07,01/03/2020,0.012581,Black Backed Jackal,No,0-0.2,8.5,1,Grid3,200
TAPP49,TAPP49,TAPP49,2020:03:01 00:18:07,01/03/2020,0.012581,Black Backed Jackal,Yes,0-0.2,10,1,Grid3,200
TAPP49,TAPP49,TAPP49,2020:02:27 19:06:54,27/02/2020,0.796458,Black Backed Jackal,No,0.2-0.4,7,1,Grid3,200
TAPP49,TAPP49,TAPP49,2020:02:27 19:06:54,27/02/2020,0.796458,Black Backed Jackal,No,0.2-0.4,7,1,Grid3,200
TAPP49,TAPP49,TAPP49,2020:02:27 19:06:54,27/02/2020,0.796458,Black Backed Jackal,No,0-0.2,6.5,1,Grid3,200
TAPP49,TAPP49,TAPP49,2020:02:27 19:06:54,27/02/2020,0.796458,Black Backed Jackal,No,0-0.2,6.5,1,Grid3,200
TAPP49,TAPP49,TAPP49,2020:02:27 19:06:53,27/02/2020,0.796447,Black Backed Jackal,No,0-0.2,6,1,Grid3,200
TAPP49,TAPP49,TAPP49,2020:02:27 19:06:53,27/02/2020,0.796447,Black Backed Jackal,No,0-0.2,6,1,Grid3,200
TAPP49,TAPP49,TAPP49,2020:02:27 18:46:18,27/02/2020,0.782153,Black Backed Jackal,No,0.8-1,15,1,Grid3,200
TAPP49,TAPP49,TAPP49,2020:02:27 18:46:18,27/02/2020,0.782153,Black Backed Jackal,No,0.8-1,14,1,Grid3,200
TAPP49,TAPP49,TAPP49,2020:02:27 18:46:17,27/02/2020,0.782141,Black Backed Jackal,No,0.6-0.8,13,1,Grid3,200
TAPP49,TAPP49,TAPP49,2020:02:27 18:46:17,27/02/2020,0.782141,Black Backed Jackal,No,0.4-0.6,12,1,Grid3,200
TAPP49,TAPP49,TAPP49,2020:02:27 18:46:17,27/02/2020,0.782141,Black Backed Jackal,Yes,0.2-0.4,11,1,Grid3,200
GKPP59,GKPP59,GKPP59,2020:02:29 00:55:29,29/02/2020,0.03853,Leopard,No,0.6-0.8,26+,1,Grid3,200
GKPP59,GKPP59,GKPP59,2020:02:29 00:55:28,29/02/2020,0.038519,Leopard,No,0.6-0.8,25,1,Grid3,200
GKPP59,GKPP59,GKPP59,2020:02:29 00:55:28,29/02/2020,0.038519,Leopard,No,0.6-0.8,25,1,Grid3,200
GKPP59,GKPP59,GKPP59,2020:02:29 00:55:28,29/02/2020,0.038519,Leopard,No,0.6-0.8,25,1,Grid3,200
GKPP59,GKPP59,GKPP59,2020:02:29 00:55:27,29/02/2020,0.038507,Leopard,No,0.6-0.8,24,1,Grid3,200
GKPP59,GKPP59,GKPP59,2020:02:29 00:55:27,29/02/2020,0.038507,Leopard,No,0.4-0.6,24,1,Grid3,200
GKPP59,GKPP59,GKPP59,2020:02:29 00:55:26,29/02/2020,0.038495,Leopard,No,0-0.2,21,1,Grid3,200
GKPP59,GKPP59,GKPP59,2020:02:29 00:55:25,29/02/2020,0.038484,Leopard,No,0-0.2,19,1,Grid3,200
GKPP59,GKPP59,GKPP59,2020:02:29 00:55:25,29/02/2020,0.038484,Leopard,No,0-0.2,19,1,Grid3,200
GKPP59,GKPP59,GKPP59,2020:02:29 00:55:25,29/02/2020,0.038484,Leopard,No,0.2-0.4,19,1,Grid3,200
GKPP59,GKPP59,GKPP59,2020:02:29 00:55:24,29/02/2020,0.038472,Leopard,No,0.4-0.6,20,1,Grid3,200
GKPP59,GKPP59,GKPP59,2020:02:29 00:55:24,29/02/2020,0.038472,Leopard,Yes,0.6-0.8,21,1,Grid3,200
GKPP61,GKPP61,GKPP61,2020:03:03 04:14:59,03/03/2020,0.177072,Brown Hyena,No,0.8-1,4,1,Grid3,200
GKPP61,GKPP61,GKPP61,2020:03:03 04:14:58,03/03/2020,0.17706,Brown Hyena,No,0-0.2,3.5,1,Grid3,200
GKPP61,GKPP61,GKPP61,2020:03:03 04:14:58,03/03/2020,0.17706,Brown Hyena,Yes,0.2-0.4,3.5,1,Grid3,200
GKPP61,GKPP61,GKPP61,2020:03:02 23:14:35,02/03/2020,0.968461,Caracal,No,0.4-0.6,14,1,Grid3,200
GKPP61,GKPP61,GKPP61,2020:03:02 23:14:35,02/03/2020,0.968461,Caracal,No,0.4-0.6,14,1,Grid3,200
GKPP61,GKPP61,GKPP61,2020:03:02 23:14:34,02/03/2020,0.968449,Caracal,No,0.4-0.6,14,1,Grid3,200
GKPP61,GKPP61,GKPP61,2020:03:02 23:14:34,02/03/2020,0.968449,Caracal,No,0.4-0.6,14,1,Grid3,200
GKPP61,GKPP61,GKPP61,2020:03:02 23:14:33,02/03/2020,0.968438,Caracal,No,0.2-0.4,14,1,Grid3,200
GKPP61,GKPP61,GKPP61,2020:03:02 23:14:33,02/03/2020,0.968438,Caracal,Yes,0.2-0.4,14,1,Grid3,200
GKPP61,GKPP61,GKPP61,2020:03:01 02:15:36,01/03/2020,0.094167,Black Backed Jackal,No,0.8-1,6.5,1,Grid3,200
GKPP61,GKPP61,GKPP61,2020:03:01 02:15:35,01/03/2020,0.094155,Black Backed Jackal,No,0.6-0.8,6.5,1,Grid3,200
GKPP61,GKPP61,GKPP61,2020:03:01 02:15:35,01/03/2020,0.094155,Black Backed Jackal,No,0.2-0.4,5.5,1,Grid3,200
GKPP61,GKPP61,GKPP61,2020:03:01 02:15:34,01/03/2020,0.094144,Black Backed Jackal,No,0-0.2,6,1,Grid3,200
GKPP61,GKPP61,GKPP61,2020:03:01 02:15:34,01/03/2020,0.094144,Black Backed Jackal,No,0.4-0.6,6.5,1,Grid3,200
GKPP61,GKPP61,GKPP61,2020:03:01 02:15:34,01/03/2020,0.094144,Black Backed Jackal,No,0.6-0.8,7.5,1,Grid3,200
GKPP61,GKPP61,GKPP61,2020:03:01 02:15:14,01/03/2020,0.093912,Black Backed Jackal,No,0.8-1,6,1,Grid3,200
GKPP61,GKPP61,GKPP61,2020:03:01 02:15:13,01/03/2020,0.0939,Black Backed Jackal,No,0.8-1,5.5,1,Grid3,200
GKPP61,GKPP61,GKPP61,2020:03:01 02:15:13,01/03/2020,0.0939,Black Backed Jackal,No,0.4-0.6,5.5,1,Grid3,200
GKPP61,GKPP61,GKPP61,2020:03:01 02:15:13,01/03/2020,0.0939,Black Backed Jackal,No,0.2-0.4,5.5,1,Grid3,200
GKPP61,GKPP61,GKPP61,2020:03:01 02:15:12,01/03/2020,0.093889,Black Backed Jackal,No,0.2-0.4,5.5,1,Grid3,200
GKPP61,GKPP61,GKPP61,2020:03:01 02:15:12,01/03/2020,0.093889,Black Backed Jackal,Yes,0.6-0.8,6,1,Grid3,200
GKPP61,GKPP61,GKPP61,2020:02:29 22:16:15,29/02/2020,0.927951,Black Backed Jackal,No,0.8-1,6,1,Grid3,200
GKPP61,GKPP61,GKPP61,2020:02:29 22:16:14,29/02/2020,0.92794,Black Backed Jackal,No,0.4-0.6,6,1,Grid3,200
GKPP61,GKPP61,GKPP61,2020:02:29 22:16:14,29/02/2020,0.92794,Black Backed Jackal,No,0.2-0.4,5.5,1,Grid3,200
GKPP61,GKPP61,GKPP61,2020:02:29 22:16:14,29/02/2020,0.92794,Black Backed Jackal,No,0-0.2,5.5,1,Grid3,200
GKPP61,GKPP61,GKPP61,2020:02:29 22:16:13,29/02/2020,0.927928,Black Backed Jackal,No,0.2-0.4,5.5,1,Grid3,200
GKPP61,GKPP61,GKPP61,2020:02:29 22:16:13,29/02/2020,0.927928,Black Backed Jackal,Yes,0.6-0.8,6,1,Grid3,200
GKPP61,GKPP61,GKPP61,2020:02:29 18:50:57,29/02/2020,0.785382,Brown Hyena,No,0.8-1,4.5,1,Grid3,200
GKPP61,GKPP61,GKPP61,2020:02:29 18:50:57,29/02/2020,0.785382,Brown Hyena,No,0.6-0.8,3.5,1,Grid3,200
GKPP61,GKPP61,GKPP61,2020:02:29 18:50:56,29/02/2020,0.78537,Brown Hyena,No,0.2-0.4,3,1,Grid3,200
GKPP61,GKPP61,GKPP61,2020:02:29 18:50:56,29/02/2020,0.78537,Brown Hyena,No,0.2-0.4,3.5,1,Grid3,200
GKPP61,GKPP61,GKPP61,2020:02:29 18:50:55,29/02/2020,0.785359,Brown Hyena,Yes,0.8-1,3.5,1,Grid3,200
GKPP61,GKPP61,GKPP61,2020:02:28 04:52:19,28/02/2020,0.202998,Black Backed Jackal,No,0.8-1,10,1,Grid3,200
GKPP61,GKPP61,GKPP61,2020:02:28 04:52:19,28/02/2020,0.202998,Black Backed Jackal,No,0.6-0.8,11,1,Grid3,200
GKPP61,GKPP61,GKPP61,2020:02:28 04:52:18,28/02/2020,0.202986,Black Backed Jackal,No,0.6-0.8,10,1,Grid3,200
GKPP61,GKPP61,GKPP61,2020:02:28 04:52:16,28/02/2020,0.202963,Black Backed Jackal,No,0-0.2,8,1,Grid3,200
GKPP61,GKPP61,GKPP61,2020:02:28 04:52:16,28/02/2020,0.202963,Black Backed Jackal,No,0-0.2,7.5,1,Grid3,200
GKPP61,GKPP61,GKPP61,2020:02:28 04:52:16,28/02/2020,0.202963,Black Backed Jackal,No,0-0.2,6.5,1,Grid3,200
GKPP61,GKPP61,GKPP61,2020:02:28 04:52:15,28/02/2020,0.202951,Black Backed Jackal,No,0.2-0.4,6,1,Grid3,200
GKPP61,GKPP61,GKPP61,2020:02:28 04:52:15,28/02/2020,0.202951,Black Backed Jackal,No,0.4-0.6,5.5,1,Grid3,200
GKPP61,GKPP61,GKPP61,2020:02:28 04:52:14,28/02/2020,0.20294,Black Backed Jackal,Yes,0.6-0.8,5.5,1,Grid3,200
GKPP61,GKPP61,GKPP61,2020:02:27 23:36:50,27/02/2020,0.983912,Leopard,No,0.8-1,5.5,1,Grid3,200
GKPP61,GKPP61,GKPP61,2020:02:27 23:36:49,27/02/2020,0.9839,Leopard,No,0.8-1,5,1,Grid3,200
GKPP61,GKPP61,GKPP61,2020:02:27 23:36:49,27/02/2020,0.9839,Leopard,No,0.8-1,4.5,1,Grid3,200
GKPP61,GKPP61,GKPP61,2020:02:27 23:36:48,27/02/2020,0.983889,Leopard,No,0.8-1,4,1,Grid3,200
GKPP61,GKPP61,GKPP61,2020:02:27 23:36:47,27/02/2020,0.983877,Leopard,No,0.2-0.4,3,1,Grid3,200
GKPP61,GKPP61,GKPP61,2020:02:27 23:36:47,27/02/2020,0.983877,Leopard,No,0-0.2,3,1,Grid3,200
GKPP61,GKPP61,GKPP61,2020:02:27 23:36:47,27/02/2020,0.983877,Leopard,No,0-0.2,3,1,Grid3,200
GKPP61,GKPP61,GKPP61,2020:02:27 23:36:46,27/02/2020,0.983866,Leopard,No,0.2-0.4,3,1,Grid3,200
GKPP61,GKPP61,GKPP61,2020:02:27 23:36:46,27/02/2020,0.983866,Leopard,No,0.6-0.8,3.5,1,Grid3,200
GKPP61,GKPP61,GKPP61,2020:02:27 23:36:45,27/02/2020,0.983854,Leopard,Yes,0.8-1,3.5,1,Grid3,200
GKPP61,GKPP61,GKPP61,2020:02:27 04:50:29,27/02/2020,0.201725,Black Backed Jackal,No,0.4-0.6,5.5,1,Grid3,200
GKPP61,GKPP61,GKPP61,2020:02:27 04:50:28,27/02/2020,0.201713,Black Backed Jackal,No,0.2-0.4,5.5,1,Grid3,200
GKPP61,GKPP61,GKPP61,2020:02:27 04:50:28,27/02/2020,0.201713,Black Backed Jackal,No,0-0.2,5.5,1,Grid3,200
GKPP61,GKPP61,GKPP61,2020:02:27 04:50:28,27/02/2020,0.201713,Black Backed Jackal,No,0.2-0.4,6,1,Grid3,200
GKPP61,GKPP61,GKPP61,2020:02:27 04:50:27,27/02/2020,0.201701,Black Backed Jackal,No,0.4-0.6,6,1,Grid3,200
GKPP61,GKPP61,GKPP61,2020:02:27 04:50:27,27/02/2020,0.201701,Black Backed Jackal,Yes,0.6-0.8,6.5,1,Grid3,200
HYPP63,HYPP63,HYPP63,2020:02:27 01:15:07,27/02/2020,0.052164,Black Backed Jackal,No,0.4-0.6,6.5,1,Grid3,200
HYPP63,HYPP63,HYPP63,2020:02:27 01:15:07,27/02/2020,0.052164,Black Backed Jackal,No,0.4-0.6,7,1,Grid3,200
HYPP63,HYPP63,HYPP63,2020:02:27 01:15:07,27/02/2020,0.052164,Black Backed Jackal,No,0.4-0.6,7,1,Grid3,200
HYPP63,HYPP63,HYPP63,2020:02:27 01:15:06,27/02/2020,0.052153,Black Backed Jackal,No,0.4-0.6,7,1,Grid3,200
HYPP63,HYPP63,HYPP63,2020:02:27 01:15:06,27/02/2020,0.052153,Black Backed Jackal,No,0.2-0.4,7,1,Grid3,200
HYPP63,HYPP63,HYPP63,2020:02:27 01:15:06,27/02/2020,0.052153,Black Backed Jackal,No,0.2-0.4,7,1,Grid3,200
HYPP63,HYPP63,HYPP63,2020:02:27 01:14:42,27/02/2020,0.051875,Black Backed Jackal,No,0.2-0.4,7.5,1,Grid3,200
HYPP63,HYPP63,HYPP63,2020:02:27 01:14:41,27/02/2020,0.051863,Black Backed Jackal,No,0.2-0.4,7.5,1,Grid3,200
HYPP63,HYPP63,HYPP63,2020:02:27 01:14:41,27/02/2020,0.051863,Black Backed Jackal,No,0.2-0.4,7.5,1,Grid3,200
HYPP63,HYPP63,HYPP63,2020:02:27 01:14:41,27/02/2020,0.051863,Black Backed Jackal,No,0.2-0.4,7.5,1,Grid3,200
HYPP63,HYPP63,HYPP63,2020:02:27 01:14:41,27/02/2020,0.051863,Black Backed Jackal,No,0.4-0.6,8.5,1,Grid3,200
HYPP63,HYPP63,HYPP63,2020:02:27 01:14:40,27/02/2020,0.051852,Black Backed Jackal,Yes,0.4-0.6,9,1,Grid3,200
GKPP52,GKPP52,GKPP52,2020:03:04 20:40:20,04/03/2020,0.861343,Brown Hyena,No,0.8-1,15,1,Grid3,200
GKPP52,GKPP52,GKPP52,2020:03:04 20:40:19,04/03/2020,0.861331,Brown Hyena,No,0.6-0.8,11,1,Grid3,200
GKPP52,GKPP52,GKPP52,2020:03:04 20:40:19,04/03/2020,0.861331,Brown Hyena,No,0.6-0.8,8,1,Grid3,200
GKPP52,GKPP52,GKPP52,2020:03:04 20:40:17,04/03/2020,0.861308,Brown Hyena,No,0-0.2,3.5,1,Grid3,200
GKPP52,GKPP52,GKPP52,2020:03:04 20:40:17,04/03/2020,0.861308,Brown Hyena,No,0.4-0.6,2.5,1,Grid3,200
GKPP52,GKPP52,GKPP52,2020:03:04 20:40:16,04/03/2020,0.861296,Brown Hyena,No,0.8-1,1.5,1,Grid3,200
GKPP52,GKPP52,GKPP52,2020:03:04 20:40:16,04/03/2020,0.861296,Brown Hyena,No,0.8-1,1,1,Grid3,200
GKPP52,GKPP52,GKPP52,2020:03:04 20:40:15,04/03/2020,0.861285,Brown Hyena,No,0.8-1,1,1,Grid3,200
GKPP52,GKPP52,GKPP52,2020:03:04 20:40:15,04/03/2020,0.861285,Brown Hyena,Yes,0.8-1,1,1,Grid3,200
GKPP54,GKPP54,GKPP54,2020:03:06 08:01:08,06/03/2020,0.33412,Brown Hyena,No,0-0.2,2,1,Grid3,200
GKPP54,GKPP54,GKPP54,2020:03:06 08:01:08,06/03/2020,0.33412,Brown Hyena,No,0.2-0.4,2,1,Grid3,200
GKPP54,GKPP54,GKPP54,2020:03:06 08:01:08,06/03/2020,0.33412,Brown Hyena,No,0.4-0.6,2,1,Grid3,200
GKPP54,GKPP54,GKPP54,2020:03:06 08:01:07,06/03/2020,0.334109,Brown Hyena,No,0.6-0.8,2.5,1,Grid3,200
GKPP54,GKPP54,GKPP54,2020:03:06 08:01:07,06/03/2020,0.334109,Brown Hyena,No,0.8-1,2.5,1,Grid3,200
GKPP54,GKPP54,GKPP54,2020:03:06 08:01:07,06/03/2020,0.334109,Brown Hyena,Yes,0.8-1,3,1,Grid3,200
GKPP58,GKPP58,GKPP58,2020:03:07 23:35:06,07/03/2020,0.982708,Black Backed Jackal,No,0.4-0.6,9,1,Grid3,200
GKPP58,GKPP58,GKPP58,2020:03:07 23:35:06,07/03/2020,0.982708,Black Backed Jackal,No,0.4-0.6,8.5,1,Grid3,200
GKPP58,GKPP58,GKPP58,2020:03:07 23:35:05,07/03/2020,0.982697,Black Backed Jackal,No,0.4-0.6,8.5,1,Grid3,200
GKPP58,GKPP58,GKPP58,2020:03:07 23:35:05,07/03/2020,0.982697,Black Backed Jackal,No,0.4-0.6,8.5,1,Grid3,200
GKPP58,GKPP58,GKPP58,2020:03:07 23:35:05,07/03/2020,0.982697,Black Backed Jackal,No,0.4-0.6,8,1,Grid3,200
GKPP58,GKPP58,GKPP58,2020:03:07 23:35:05,07/03/2020,0.982697,Black Backed Jackal,Yes,0.4-0.6,8,1,Grid3,200
GKPP58,GKPP58,GKPP58,2020:03:07 00:39:04,07/03/2020,0.02713,Black Backed Jackal,No,0-0.2,3.5,1,Grid3,200
GKPP58,GKPP58,GKPP58,2020:03:07 00:39:04,07/03/2020,0.02713,Black Backed Jackal,No,0.2-0.4,3.5,1,Grid3,200
GKPP58,GKPP58,GKPP58,2020:03:07 00:39:04,07/03/2020,0.02713,Black Backed Jackal,No,0.4-0.6,3.5,1,Grid3,200
GKPP58,GKPP58,GKPP58,2020:03:07 00:39:03,07/03/2020,0.027118,Black Backed Jackal,No,0.4-0.6,3.5,1,Grid3,200
GKPP58,GKPP58,GKPP58,2020:03:07 00:39:03,07/03/2020,0.027118,Black Backed Jackal,No,0.6-0.8,3.5,1,Grid3,200
GKPP58,GKPP58,GKPP58,2020:03:07 00:39:03,07/03/2020,0.027118,Black Backed Jackal,Yes,0.6-0.8,3.5,1,Grid3,200
GKPP59,GKPP59,GKPP59,2020:03:04 22:17:22,04/03/2020,0.928727,Black Backed Jackal,No,0.8-1,9,1,Grid3,200
GKPP59,GKPP59,GKPP59,2020:03:04 22:17:21,04/03/2020,0.928715,Black Backed Jackal,No,0.6-0.8,8,1,Grid3,200
GKPP59,GKPP59,GKPP59,2020:03:04 22:17:21,04/03/2020,0.928715,Black Backed Jackal,No,0.4-0.6,7.5,1,Grid3,200
GKPP59,GKPP59,GKPP59,2020:03:04 22:17:21,04/03/2020,0.928715,Black Backed Jackal,No,0.2-0.4,6.5,1,Grid3,200
GKPP59,GKPP59,GKPP59,2020:03:04 22:17:20,04/03/2020,0.928704,Black Backed Jackal,No,0-0.2,5.5,1,Grid3,200
GKPP59,GKPP59,GKPP59,2020:03:04 22:17:20,04/03/2020,0.928704,Black Backed Jackal,No,0-0.2,4.5,1,Grid3,200
GKPP59,GKPP59,GKPP59,2020:03:04 22:17:19,04/03/2020,0.928692,Black Backed Jackal,Yes,0.8-1,6,1,Grid3,200
GKPP59,GKPP59,GKPP59,2020:03:04 22:17:18,04/03/2020,0.928681,Black Backed Jackal,No,0.8-1,5.5,1,Grid3,200
GKPP59,GKPP59,GKPP59,2020:03:04 22:17:18,04/03/2020,0.928681,Black Backed Jackal,No,0.8-1,5,1,Grid3,200
GKPP59,GKPP59,GKPP59,2020:03:04 22:17:18,04/03/2020,0.928681,Black Backed Jackal,No,0.6-0.8,4.5,1,Grid3,200
GKPP59,GKPP59,GKPP59,2020:03:04 22:17:17,04/03/2020,0.928669,Black Backed Jackal,No,0.4-0.6,4,1,Grid3,200
GKPP59,GKPP59,GKPP59,2020:03:04 22:17:17,04/03/2020,0.928669,Black Backed Jackal,Yes,0.2-0.4,3.5,1,Grid3,200
GKPP61,GKPP61,GKPP61,2020:03:08 20:50:56,08/03/2020,0.868704,Brown Hyena,No,0.4-0.6,3.5,1,Grid3,200
GKPP61,GKPP61,GKPP61,2020:03:08 20:50:55,08/03/2020,0.868692,Brown Hyena,Yes,0.4-0.6,3.5,1,Grid3,200
GKPP61,GKPP61,GKPP61,2020:03:07 05:35:14,07/03/2020,0.232801,Black Backed Jackal,No,0.8-1,7,1,Grid3,200
GKPP61,GKPP61,GKPP61,2020:03:07 05:35:14,07/03/2020,0.232801,Black Backed Jackal,No,0.8-1,6.5,1,Grid3,200
GKPP61,GKPP61,GKPP61,2020:03:07 05:35:13,07/03/2020,0.232789,Black Backed Jackal,No,0.4-0.6,6,1,Grid3,200
GKPP61,GKPP61,GKPP61,2020:03:07 05:35:13,07/03/2020,0.232789,Black Backed Jackal,No,0-0.2,5.5,1,Grid3,200
GKPP61,GKPP61,GKPP61,2020:03:07 05:35:12,07/03/2020,0.232778,Black Backed Jackal,Yes,0.2-0.4,5.5,1,Grid3,200
GKPP61,GKPP61,GKPP61,2020:03:05 20:56:40,05/03/2020,0.872685,Brown Hyena,No,0.8-1,4,1,Grid3,200
GKPP61,GKPP61,GKPP61,2020:03:05 20:56:40,05/03/2020,0.872685,Brown Hyena,No,0.6-0.8,3.5,1,Grid3,200
GKPP61,GKPP61,GKPP61,2020:03:05 20:56:39,05/03/2020,0.872674,Brown Hyena,No,0.2-0.4,3,1,Grid3,200
GKPP61,GKPP61,GKPP61,2020:03:05 20:56:39,05/03/2020,0.872674,Brown Hyena,No,0-0.2,3,1,Grid3,200
GKPP61,GKPP61,GKPP61,2020:03:05 20:56:39,05/03/2020,0.872674,Brown Hyena,No,0.6-0.8,3.5,1,Grid3,200
GKPP61,GKPP61,GKPP61,2020:03:05 20:56:38,05/03/2020,0.872662,Brown Hyena,Yes,0.8-1,3.5,1,Grid3,200
GKPP61,GKPP61,GKPP61,2020:03:05 01:44:39,05/03/2020,0.072674,Brown Hyena,No,0.4-0.6,3.5,1,Grid3,200
GKPP61,GKPP61,GKPP61,2020:03:05 01:44:39,05/03/2020,0.072674,Brown Hyena,Yes,0.4-0.6,3,1,Grid3,200
GKPP61,GKPP61,GKPP61,2020:03:04 22:39:14,04/03/2020,0.943912,Black Backed Jackal,No,0.8-1,7,1,Grid3,200
GKPP61,GKPP61,GKPP61,2020:03:04 22:39:14,04/03/2020,0.943912,Black Backed Jackal,No,0.8-1,6.5,1,Grid3,200
GKPP61,GKPP61,GKPP61,2020:03:04 22:39:13,04/03/2020,0.9439,Black Backed Jackal,No,0.6-0.8,6.5,1,Grid3,200
GKPP61,GKPP61,GKPP61,2020:03:04 22:39:13,04/03/2020,0.9439,Black Backed Jackal,No,0.6-0.8,6,1,Grid3,200
GKPP61,GKPP61,GKPP61,2020:03:04 22:39:12,04/03/2020,0.943889,Black Backed Jackal,No,0.4-0.6,6,1,Grid3,200
GKPP61,GKPP61,GKPP61,2020:03:04 22:39:12,04/03/2020,0.943889,Black Backed Jackal,No,0.4-0.6,6,1,Grid3,200
GKPP61,GKPP61,GKPP61,2020:03:04 22:39:06,04/03/2020,0.943819,Black Backed Jackal,No,0.4-0.6,5.5,1,Grid3,200
GKPP61,GKPP61,GKPP61,2020:03:04 22:39:05,04/03/2020,0.943808,Black Backed Jackal,No,0.4-0.6,5.5,1,Grid3,200
GKPP61,GKPP61,GKPP61,2020:03:04 22:39:05,04/03/2020,0.943808,Black Backed Jackal,No,0.4-0.6,5.5,1,Grid3,200
GKPP61,GKPP61,GKPP61,2020:03:04 22:39:05,04/03/2020,0.943808,Black Backed Jackal,No,0.4-0.6,5.5,1,Grid3,200
GKPP61,GKPP61,GKPP61,2020:03:04 22:39:04,04/03/2020,0.943796,Black Backed Jackal,No,0.4-0.6,5.5,1,Grid3,200
GKPP61,GKPP61,GKPP61,2020:03:04 22:39:04,04/03/2020,0.943796,Black Backed Jackal,No,0.4-0.6,5.5,1,Grid3,200
GKPP61,GKPP61,GKPP61,2020:03:04 22:38:55,04/03/2020,0.943692,Black Backed Jackal,No,0.2-0.4,5,1,Grid3,200
GKPP61,GKPP61,GKPP61,2020:03:04 22:38:55,04/03/2020,0.943692,Black Backed Jackal,No,0.2-0.4,5,1,Grid3,200
GKPP61,GKPP61,GKPP61,2020:03:04 22:38:55,04/03/2020,0.943692,Black Backed Jackal,No,0.2-0.4,5,1,Grid3,200
GKPP61,GKPP61,GKPP61,2020:03:04 22:38:54,04/03/2020,0.943681,Black Backed Jackal,No,0.2-0.4,5,1,Grid3,200
GKPP61,GKPP61,GKPP61,2020:03:04 22:38:54,04/03/2020,0.943681,Black Backed Jackal,No,0.2-0.4,5,1,Grid3,200
GKPP61,GKPP61,GKPP61,2020:03:04 22:38:53,04/03/2020,0.943669,Black Backed Jackal,No,0.2-0.4,5,1,Grid3,200
GKPP61,GKPP61,GKPP61,2020:03:04 22:38:52,04/03/2020,0.943657,Black Backed Jackal,No,0.2-0.4,5,1,Grid3,200
GKPP61,GKPP61,GKPP61,2020:03:04 22:38:51,04/03/2020,0.943646,Black Backed Jackal,No,0.2-0.4,5,1,Grid3,200
GKPP61,GKPP61,GKPP61,2020:03:04 22:38:51,04/03/2020,0.943646,Black Backed Jackal,No,0.2-0.4,5,1,Grid3,200
GKPP61,GKPP61,GKPP61,2020:03:04 22:38:51,04/03/2020,0.943646,Black Backed Jackal,No,0.2-0.4,5,1,Grid3,200
GKPP61,GKPP61,GKPP61,2020:03:04 22:38:50,04/03/2020,0.943634,Black Backed Jackal,No,0.2-0.4,5,1,Grid3,200
GKPP61,GKPP61,GKPP61,2020:03:04 22:38:50,04/03/2020,0.943634,Black Backed Jackal,No,0.2-0.4,5,1,Grid3,200
GKPP61,GKPP61,GKPP61,2020:03:04 22:38:36,04/03/2020,0.943472,Black Backed Jackal,No,0-0.2,5.5,1,Grid3,200
GKPP61,GKPP61,GKPP61,2020:03:04 22:38:36,04/03/2020,0.943472,Black Backed Jackal,No,0-0.2,5.5,1,Grid3,200
GKPP61,GKPP61,GKPP61,2020:03:04 22:38:36,04/03/2020,0.943472,Black Backed Jackal,No,0-0.2,5.5,1,Grid3,200
GKPP61,GKPP61,GKPP61,2020:03:04 22:38:35,04/03/2020,0.943461,Black Backed Jackal,No,0-0.2,5.5,1,Grid3,200
GKPP61,GKPP61,GKPP61,2020:03:04 22:38:35,04/03/2020,0.943461,Black Backed Jackal,No,0.8-1,9.5,1,Grid3,200
GKPP61,GKPP61,GKPP61,2020:03:04 22:38:35,04/03/2020,0.943461,Black Backed Jackal,No,0.8-1,9,1,Grid3,200
GKPP61,GKPP61,GKPP61,2020:03:04 22:38:33,04/03/2020,0.943438,Black Backed Jackal,No,0.4-0.6,7,1,Grid3,200
GKPP61,GKPP61,GKPP61,2020:03:04 22:38:33,04/03/2020,0.943438,Black Backed Jackal,No,0.4-0.6,6.5,1,Grid3,200
GKPP61,GKPP61,GKPP61,2020:03:04 22:38:32,04/03/2020,0.943426,Black Backed Jackal,No,0.2-0.4,6.5,1,Grid3,200
GKPP61,GKPP61,GKPP61,2020:03:04 22:38:32,04/03/2020,0.943426,Black Backed Jackal,No,0.2-0.4,6.5,1,Grid3,200
GKPP61,GKPP61,GKPP61,2020:03:04 22:38:32,04/03/2020,0.943426,Black Backed Jackal,No,0-0.2,6.5,1,Grid3,200
GKPP61,GKPP61,GKPP61,2020:03:04 22:38:31,04/03/2020,0.943414,Black Backed Jackal,No,0-0.2,6.5,1,Grid3,200
GKPP61,GKPP61,GKPP61,2020:03:04 22:38:24,04/03/2020,0.943333,Black Backed Jackal,No,0.4-0.6,8,1,Grid3,200
GKPP61,GKPP61,GKPP61,2020:03:04 22:38:24,04/03/2020,0.943333,Black Backed Jackal,No,0.4-0.6,8,1,Grid3,200
GKPP61,GKPP61,GKPP61,2020:03:04 22:38:24,04/03/2020,0.943333,Black Backed Jackal,No,0.4-0.6,8,1,Grid3,200
GKPP61,GKPP61,GKPP61,2020:03:04 22:38:23,04/03/2020,0.943322,Black Backed Jackal,No,0.4-0.6,7.5,1,Grid3,200
GKPP61,GKPP61,GKPP61,2020:03:04 22:38:23,04/03/2020,0.943322,Black Backed Jackal,No,0.6-0.8,7.5,1,Grid3,200
GKPP61,GKPP61,GKPP61,2020:03:04 22:38:22,04/03/2020,0.94331,Black Backed Jackal,No,0.8-1,7.5,1,Grid3,200
GKPP61,GKPP61,GKPP61,2020:03:04 22:38:14,04/03/2020,0.943218,Black Backed Jackal,No,0-0.2,6.5,1,Grid3,200
GKPP61,GKPP61,GKPP61,2020:03:04 22:38:14,04/03/2020,0.943218,Black Backed Jackal,No,0-0.2,6.5,1,Grid3,200
GKPP61,GKPP61,GKPP61,2020:03:04 22:38:14,04/03/2020,0.943218,Black Backed Jackal,No,0-0.2,6.5,1,Grid3,200
GKPP61,GKPP61,GKPP61,2020:03:04 22:38:13,04/03/2020,0.943206,Black Backed Jackal,No,0-0.2,6.5,1,Grid3,200
GKPP61,GKPP61,GKPP61,2020:03:04 22:38:13,04/03/2020,0.943206,Black Backed Jackal,No,0-0.2,6.5,1,Grid3,200
GKPP61,GKPP61,GKPP61,2020:03:04 22:38:13,04/03/2020,0.943206,Black Backed Jackal,No,0-0.2,6.5,1,Grid3,200
GKPP61,GKPP61,GKPP61,2020:03:04 22:38:08,04/03/2020,0.943148,Black Backed Jackal,No,0-0.2,6.5,1,Grid3,200
GKPP61,GKPP61,GKPP61,2020:03:04 22:38:08,04/03/2020,0.943148,Black Backed Jackal,No,0-0.2,6.5,1,Grid3,200
GKPP61,GKPP61,GKPP61,2020:03:04 22:38:07,04/03/2020,0.943137,Black Backed Jackal,No,0-0.2,6.5,1,Grid3,200
GKPP61,GKPP61,GKPP61,2020:03:04 22:38:07,04/03/2020,0.943137,Black Backed Jackal,No,0-0.2,6.5,1,Grid3,200
GKPP61,GKPP61,GKPP61,2020:03:04 22:38:07,04/03/2020,0.943137,Black Backed Jackal,No,0-0.2,6.5,1,Grid3,200
GKPP61,GKPP61,GKPP61,2020:03:04 22:38:06,04/03/2020,0.943125,Black Backed Jackal,No,0-0.2,6.5,1,Grid3,200
GKPP61,GKPP61,GKPP61,2020:03:04 22:38:03,04/03/2020,0.94309,Black Backed Jackal,No,0.8-1,6,1,Grid3,200
GKPP61,GKPP61,GKPP61,2020:03:04 22:38:03,04/03/2020,0.94309,Black Backed Jackal,No,0.8-1,6,1,Grid3,200
GKPP61,GKPP61,GKPP61,2020:03:04 22:38:02,04/03/2020,0.943079,Black Backed Jackal,No,0.8-1,6,1,Grid3,200
GKPP61,GKPP61,GKPP61,2020:03:04 22:38:02,04/03/2020,0.943079,Black Backed Jackal,No,0.8-1,6,1,Grid3,200
GKPP61,GKPP61,GKPP61,2020:03:04 22:38:02,04/03/2020,0.943079,Black Backed Jackal,No,0.8-1,6,1,Grid3,200
GKPP61,GKPP61,GKPP61,2020:03:04 22:38:01,04/03/2020,0.943067,Black Backed Jackal,No,0.8-1,5.5,1,Grid3,200
GKPP61,GKPP61,GKPP61,2020:03:04 22:38:00,04/03/2020,0.943056,Black Backed Jackal,No,0.6-0.8,5.5,1,Grid3,200
GKPP61,GKPP61,GKPP61,2020:03:04 22:37:59,04/03/2020,0.943044,Black Backed Jackal,No,0.6-0.8,5.5,1,Grid3,200
GKPP61,GKPP61,GKPP61,2020:03:04 22:37:59,04/03/2020,0.943044,Black Backed Jackal,No,0.6-0.8,5.5,1,Grid3,200
GKPP61,GKPP61,GKPP61,2020:03:04 22:37:59,04/03/2020,0.943044,Black Backed Jackal,No,0.6-0.8,5.5,1,Grid3,200
GKPP61,GKPP61,GKPP61,2020:03:04 22:37:58,04/03/2020,0.943032,Black Backed Jackal,No,0.4-0.6,5.5,1,Grid3,200
GKPP61,GKPP61,GKPP61,2020:03:04 22:37:58,04/03/2020,0.943032,Black Backed Jackal,No,0.4-0.6,5.5,1,Grid3,200
GKPP61,GKPP61,GKPP61,2020:03:04 22:37:51,04/03/2020,0.942951,Black Backed Jackal,No,0.2-0.4,5.5,1,Grid3,200
GKPP61,GKPP61,GKPP61,2020:03:04 22:37:51,04/03/2020,0.942951,Black Backed Jackal,No,0.2-0.4,5.5,1,Grid3,200
GKPP61,GKPP61,GKPP61,2020:03:04 22:37:50,04/03/2020,0.94294,Black Backed Jackal,No,0.2-0.4,5.5,1,Grid3,200
GKPP61,GKPP61,GKPP61,2020:03:04 22:37:50,04/03/2020,0.94294,Black Backed Jackal,No,0.2-0.4,5.5,1,Grid3,200
GKPP61,GKPP61,GKPP61,2020:03:04 22:37:50,04/03/2020,0.94294,Black Backed Jackal,No,0.2-0.4,5.5,1,Grid3,200
GKPP61,GKPP61,GKPP61,2020:03:04 22:37:49,04/03/2020,0.942928,Black Backed Jackal,Yes,0.2-0.4,5.5,1,Grid3,200
GKPP61,GKPP61,GKPP61,2020:03:04 22:37:48,04/03/2020,0.942917,Black Backed Jackal,No,0.2-0.4,5.5,1,Grid3,200
GKPP61,GKPP61,GKPP61,2020:03:04 22:37:48,04/03/2020,0.942917,Black Backed Jackal,No,0.2-0.4,5.5,1,Grid3,200
GKPP61,GKPP61,GKPP61,2020:03:04 22:37:47,04/03/2020,0.942905,Black Backed Jackal,No,0.2-0.4,5.5,1,Grid3,200
GKPP61,GKPP61,GKPP61,2020:03:04 22:37:47,04/03/2020,0.942905,Black Backed Jackal,No,0.2-0.4,5.5,1,Grid3,200
GKPP61,GKPP61,GKPP61,2020:03:04 22:37:47,04/03/2020,0.942905,Black Backed Jackal,No,0.4-0.6,5.5,1,Grid3,200
GKPP61,GKPP61,GKPP61,2020:03:04 22:37:46,04/03/2020,0.942894,Black Backed Jackal,Yes,0.6-0.8,5,1,Grid3,200
GKPP61,GKPP61,GKPP61,2020:03:04 04:24:08,04/03/2020,0.183426,Brown Hyena,No,0.6-0.8,3.5,1,Grid3,200
GKPP61,GKPP61,GKPP61,2020:03:04 04:24:08,04/03/2020,0.183426,Brown Hyena,No,0.4-0.6,3,1,Grid3,200
GKPP61,GKPP61,GKPP61,2020:03:04 04:24:08,04/03/2020,0.183426,Brown Hyena,No,0.2-0.4,3,1,Grid3,200
GKPP61,GKPP61,GKPP61,2020:03:04 04:24:07,04/03/2020,0.183414,Brown Hyena,No,0-0.2,3,1,Grid3,200
GKPP61,GKPP61,GKPP61,2020:03:04 04:24:07,04/03/2020,0.183414,Brown Hyena,No,0.4-0.6,3,1,Grid3,200
GKPP61,GKPP61,GKPP61,2020:03:04 04:24:07,04/03/2020,0.183414,Brown Hyena,Yes,0.8-1,3,1,Grid3,200
GKPP62,GKPP62,GKPP62,2020:03:05 06:57:13,05/03/2020,0.289734,Brown Hyena,No,0.4-0.6,14,1,Grid3,200
GKPP62,GKPP62,GKPP62,2020:03:05 06:57:13,05/03/2020,0.289734,Brown Hyena,No,0.4-0.6,15,1,Grid3,200
GKPP62,GKPP62,GKPP62,2020:03:05 06:57:13,05/03/2020,0.289734,Brown Hyena,No,0.4-0.6,16,1,Grid3,200
GKPP62,GKPP62,GKPP62,2020:03:05 06:57:12,05/03/2020,0.289722,Brown Hyena,No,0.6-0.8,17,1,Grid3,200
GKPP62,GKPP62,GKPP62,2020:03:05 06:57:12,05/03/2020,0.289722,Brown Hyena,No,0.6-0.8,17,1,Grid3,200
GKPP62,GKPP62,GKPP62,2020:03:05 06:57:12,05/03/2020,0.289722,Brown Hyena,Yes,0.6-0.8,18,1,Grid3,200
HYPP46,HYPP46,HYPP46,2020:03:14 23:26:53,14/03/2020,0.977002,Brown Hyena,No,0.2-0.4,2.5,1,Grid3,200
HYPP46,HYPP46,HYPP46,2020:03:14 23:26:52,14/03/2020,0.976991,Brown Hyena,No,0.2-0.4,2.5,1,Grid3,200
HYPP46,HYPP46,HYPP46,2020:03:14 23:26:52,14/03/2020,0.976991,Brown Hyena,No,0.2-0.4,2.5,1,Grid3,200
HYPP46,HYPP46,HYPP46,2020:03:14 23:26:52,14/03/2020,0.976991,Brown Hyena,No,0.2-0.4,2.5,1,Grid3,200
HYPP46,HYPP46,HYPP46,2020:03:14 23:26:52,14/03/2020,0.976991,Brown Hyena,No,0.2-0.4,2.5,1,Grid3,200
HYPP46,HYPP46,HYPP46,2020:03:14 23:26:51,14/03/2020,0.976979,Brown Hyena,Yes,0.2-0.4,2.5,1,Grid3,200
HYPP46,HYPP46,HYPP46,2020:03:14 00:30:29,14/03/2020,0.021169,Black Backed Jackal,No,0.2-0.4,8,1,Grid3,200
HYPP46,HYPP46,HYPP46,2020:03:14 00:30:28,14/03/2020,0.021157,Black Backed Jackal,No,0.2-0.4,8,1,Grid3,200
HYPP46,HYPP46,HYPP46,2020:03:14 00:30:28,14/03/2020,0.021157,Black Backed Jackal,No,0.2-0.4,8,1,Grid3,200
HYPP46,HYPP46,HYPP46,2020:03:14 00:30:28,14/03/2020,0.021157,Black Backed Jackal,No,0.2-0.4,8.5,1,Grid3,200
HYPP46,HYPP46,HYPP46,2020:03:14 00:30:28,14/03/2020,0.021157,Black Backed Jackal,No,0-0.2,9,1,Grid3,200
HYPP46,HYPP46,HYPP46,2020:03:14 00:30:27,14/03/2020,0.021146,Black Backed Jackal,Yes,0-0.2,9.5,1,Grid3,200
HYPP56,HYPP56,HYPP56,2020:03:17 04:44:16,17/03/2020,0.197407,Black Backed Jackal,No,0.2-0.4,8,1,Grid3,200
HYPP56,HYPP56,HYPP56,2020:03:17 04:44:16,17/03/2020,0.197407,Black Backed Jackal,No,0-0.2,8.5,1,Grid3,200
HYPP56,HYPP56,HYPP56,2020:03:17 04:44:15,17/03/2020,0.197396,Black Backed Jackal,No,0-0.2,9,1,Grid3,200
HYPP56,HYPP56,HYPP56,2020:03:17 04:44:15,17/03/2020,0.197396,Black Backed Jackal,No,0-0.2,9.5,1,Grid3,200
HYPP56,HYPP56,HYPP56,2020:03:17 04:44:15,17/03/2020,0.197396,Black Backed Jackal,No,0-0.2,9.5,1,Grid3,200
HYPP56,HYPP56,HYPP56,2020:03:17 04:44:15,17/03/2020,0.197396,Black Backed Jackal,Yes,0-0.2,10,1,Grid3,200
HYPP56,HYPP56,HYPP56,2020:03:08 05:33:10,08/03/2020,0.231366,Black Backed Jackal,No,0.4-0.6,9,1,Grid3,200
HYPP56,HYPP56,HYPP56,2020:03:08 05:33:10,08/03/2020,0.231366,Black Backed Jackal,No,0.2-0.4,9,1,Grid3,200
HYPP56,HYPP56,HYPP56,2020:03:08 05:33:10,08/03/2020,0.231366,Black Backed Jackal,No,0.2-0.4,9,1,Grid3,200
HYPP56,HYPP56,HYPP56,2020:03:08 05:33:09,08/03/2020,0.231354,Black Backed Jackal,No,0-0.2,9.5,1,Grid3,200
HYPP56,HYPP56,HYPP56,2020:03:08 05:33:09,08/03/2020,0.231354,Black Backed Jackal,No,0-0.2,10,1,Grid3,200
HYPP56,HYPP56,HYPP56,2020:03:08 05:33:09,08/03/2020,0.231354,Black Backed Jackal,Yes,0-0.2,10,1,Grid3,200
HYPP60,HYPP60,HYPP60,2020:03:14 19:24:50,14/03/2020,0.808912,Brown Hyena,No,0.2-0.4,7.5,1,Grid3,200
HYPP60,HYPP60,HYPP60,2020:03:14 19:24:49,14/03/2020,0.8089,Brown Hyena,No,0.4-0.6,6,1,Grid3,200
HYPP60,HYPP60,HYPP60,2020:03:14 19:24:49,14/03/2020,0.8089,Brown Hyena,No,0.8-1,4.5,1,Grid3,200
HYPP60,HYPP60,HYPP60,2020:03:14 19:24:49,14/03/2020,0.8089,Brown Hyena,No,0.8-1,3.5,1,Grid3,200
HYPP60,HYPP60,HYPP60,2020:03:14 19:24:49,14/03/2020,0.8089,Brown Hyena,No,0.8-1,4,1,Grid3,200
HYPP60,HYPP60,HYPP60,2020:03:14 19:24:48,14/03/2020,0.808889,Brown Hyena,Yes,0.8-1,4.5,1,Grid3,200
HYPP60,HYPP60,HYPP60,2020:03:14 05:54:31,14/03/2020,0.246192,Brown Hyena,No,0-0.2,15,1,Grid3,200
HYPP60,HYPP60,HYPP60,2020:03:14 05:54:31,14/03/2020,0.246192,Brown Hyena,No,0-0.2,15,1,Grid3,200
HYPP60,HYPP60,HYPP60,2020:03:14 05:54:30,14/03/2020,0.246181,Brown Hyena,No,0-0.2,15,1,Grid3,200
HYPP60,HYPP60,HYPP60,2020:03:14 05:54:30,14/03/2020,0.246181,Brown Hyena,No,0-0.2,15,1,Grid3,200
HYPP60,HYPP60,HYPP60,2020:03:14 05:54:30,14/03/2020,0.246181,Brown Hyena,No,0-0.2,15,1,Grid3,200
HYPP60,HYPP60,HYPP60,2020:03:14 05:54:29,14/03/2020,0.246169,Brown Hyena,Yes,0-0.2,15,1,Grid3,200
HYPP60,HYPP60,HYPP60,2020:03:09 06:33:28,09/03/2020,0.273241,Black Backed Jackal,No,0.2-0.4,14,1,Grid3,200
HYPP60,HYPP60,HYPP60,2020:03:09 06:33:28,09/03/2020,0.273241,Black Backed Jackal,No,0.2-0.4,14,1,Grid3,200
HYPP60,HYPP60,HYPP60,2020:03:09 06:33:28,09/03/2020,0.273241,Black Backed Jackal,No,0-0.2,13,1,Grid3,200
HYPP60,HYPP60,HYPP60,2020:03:09 06:33:27,09/03/2020,0.273229,Black Backed Jackal,No,0-0.2,13,1,Grid3,200
HYPP60,HYPP60,HYPP60,2020:03:09 06:33:27,09/03/2020,0.273229,Black Backed Jackal,No,0-0.2,13,1,Grid3,200
HYPP60,HYPP60,HYPP60,2020:03:09 06:33:27,09/03/2020,0.273229,Black Backed Jackal,Yes,0-0.2,14,1,Grid3,200
HYPP63,HYPP63,HYPP63,2020:03:16 00:23:17,16/03/2020,0.016169,Black Backed Jackal,No,0-0.2,14,1,Grid3,200
HYPP63,HYPP63,HYPP63,2020:03:16 00:23:17,16/03/2020,0.016169,Black Backed Jackal,No,0-0.2,13,1,Grid3,200
HYPP63,HYPP63,HYPP63,2020:03:16 00:23:16,16/03/2020,0.016157,Black Backed Jackal,No,0-0.2,13,1,Grid3,200
HYPP63,HYPP63,HYPP63,2020:03:16 00:23:16,16/03/2020,0.016157,Black Backed Jackal,No,0-0.2,12,1,Grid3,200
HYPP63,HYPP63,HYPP63,2020:03:16 00:23:16,16/03/2020,0.016157,Black Backed Jackal,No,0-0.2,11,1,Grid3,200
HYPP63,HYPP63,HYPP63,2020:03:16 00:23:16,16/03/2020,0.016157,Black Backed Jackal,Yes,0-0.2,10,1,Grid3,200
TAPP45,TAPP45,TAPP45,2020:03:26 00:40:23,26/03/2020,0.028044,Black Backed Jackal,No,0.8-1,7.5,1,Grid3,200
TAPP45,TAPP45,TAPP45,2020:03:26 00:40:23,26/03/2020,0.028044,Black Backed Jackal,No,0.6-0.8,7.5,1,Grid3,200
TAPP45,TAPP45,TAPP45,2020:03:26 00:40:23,26/03/2020,0.028044,Black Backed Jackal,No,0.4-0.6,6,1,Grid3,200
TAPP45,TAPP45,TAPP45,2020:03:26 00:40:22,26/03/2020,0.028032,Black Backed Jackal,No,0.2-0.4,5.5,1,Grid3,200
TAPP45,TAPP45,TAPP45,2020:03:26 00:40:22,26/03/2020,0.028032,Black Backed Jackal,No,0.2-0.4,5.5,1,Grid3,200
TAPP45,TAPP45,TAPP45,2020:03:26 00:40:22,26/03/2020,0.028032,Black Backed Jackal,Yes,0-0.2,5,1,Grid3,200
TAPP45,TAPP45,TAPP45,2020:03:19 06:35:00,19/03/2020,0.274306,Black Backed Jackal,No,0.6-0.8,6,1,Grid3,200
TAPP45,TAPP45,TAPP45,2020:03:19 06:34:59,19/03/2020,0.274294,Black Backed Jackal,No,0.4-0.6,5,1,Grid3,200
TAPP45,TAPP45,TAPP45,2020:03:19 06:34:59,19/03/2020,0.274294,Black Backed Jackal,No,0.2-0.4,5,1,Grid3,200
TAPP45,TAPP45,TAPP45,2020:03:19 06:34:59,19/03/2020,0.274294,Black Backed Jackal,No,0-0.2,5,1,Grid3,200
TAPP45,TAPP45,TAPP45,2020:03:19 06:34:58,19/03/2020,0.274282,Black Backed Jackal,No,0-0.2,5,1,Grid3,200
TAPP45,TAPP45,TAPP45,2020:03:19 06:34:58,19/03/2020,0.274282,Black Backed Jackal,Yes,0.2-0.4,5.5,1,Grid3,200
TAPP45,TAPP45,TAPP45,2020:03:16 17:40:06,16/03/2020,0.736181,Black Backed Jackal,No,0-0.2,4.5,1,Grid3,200
TAPP45,TAPP45,TAPP45,2020:03:16 17:40:06,16/03/2020,0.736181,Black Backed Jackal,No,0-0.2,4.5,1,Grid3,200
TAPP45,TAPP45,TAPP45,2020:03:16 17:40:05,16/03/2020,0.736169,Black Backed Jackal,No,0-0.2,4.5,1,Grid3,200
TAPP45,TAPP45,TAPP45,2020:03:16 17:40:05,16/03/2020,0.736169,Black Backed Jackal,No,0-0.2,4,1,Grid3,200
TAPP45,TAPP45,TAPP45,2020:03:16 17:40:05,16/03/2020,0.736169,Black Backed Jackal,No,0-0.2,4,1,Grid3,200
TAPP45,TAPP45,TAPP45,2020:03:16 17:40:04,16/03/2020,0.736157,Black Backed Jackal,Yes,0-0.2,3.5,1,Grid3,200
TAPP45,TAPP45,TAPP45,2020:03:14 06:46:46,14/03/2020,0.282477,Black Backed Jackal,No,0.8-1,5.5,1,Grid3,200
TAPP45,TAPP45,TAPP45,2020:03:14 06:46:46,14/03/2020,0.282477,Black Backed Jackal,No,0.8-1,5.5,1,Grid3,200
TAPP45,TAPP45,TAPP45,2020:03:14 06:46:39,14/03/2020,0.282396,Black Backed Jackal,No,0-0.2,2,1,Grid3,200
TAPP45,TAPP45,TAPP45,2020:03:14 06:46:39,14/03/2020,0.282396,Black Backed Jackal,No,0-0.2,2,1,Grid3,200
TAPP45,TAPP45,TAPP45,2020:03:14 06:46:38,14/03/2020,0.282384,Black Backed Jackal,No,0-0.2,2,1,Grid3,200
TAPP45,TAPP45,TAPP45,2020:03:14 06:46:38,14/03/2020,0.282384,Black Backed Jackal,No,0-0.2,2,1,Grid3,200
TAPP45,TAPP45,TAPP45,2020:03:14 06:46:38,14/03/2020,0.282384,Black Backed Jackal,No,0-0.2,2,1,Grid3,200
TAPP45,TAPP45,TAPP45,2020:03:14 06:46:37,14/03/2020,0.282373,Black Backed Jackal,No,0-0.2,2,1,Grid3,200
TAPP45,TAPP45,TAPP45,2020:03:14 06:46:22,14/03/2020,0.282199,Black Backed Jackal,No,0.2-0.4,1.5,1,Grid3,200
TAPP45,TAPP45,TAPP45,2020:03:14 06:46:21,14/03/2020,0.282188,Black Backed Jackal,No,0.2-0.4,1.5,1,Grid3,200
TAPP45,TAPP45,TAPP45,2020:03:14 06:46:21,14/03/2020,0.282188,Black Backed Jackal,No,0.2-0.4,1.5,1,Grid3,200
TAPP45,TAPP45,TAPP45,2020:03:14 06:46:20,14/03/2020,0.282176,Black Backed Jackal,No,0.4-0.6,1.5,1,Grid3,200
TAPP45,TAPP45,TAPP45,2020:03:14 06:46:20,14/03/2020,0.282176,Black Backed Jackal,No,0.6-0.8,2,1,Grid3,200
TAPP45,TAPP45,TAPP45,2020:03:14 06:46:20,14/03/2020,0.282176,Black Backed Jackal,No,0.6-0.8,2,1,Grid3,200
TAPP45,TAPP45,TAPP45,2020:03:14 06:45:55,14/03/2020,0.281887,Black Backed Jackal,No,0.8-1,2,1,Grid3,200
TAPP45,TAPP45,TAPP45,2020:03:14 06:45:54,14/03/2020,0.281875,Black Backed Jackal,No,0.8-1,2,1,Grid3,200
TAPP45,TAPP45,TAPP45,2020:03:14 06:45:54,14/03/2020,0.281875,Black Backed Jackal,No,0.8-1,2,1,Grid3,200
TAPP45,TAPP45,TAPP45,2020:03:14 06:45:54,14/03/2020,0.281875,Black Backed Jackal,No,0.8-1,2,1,Grid3,200
TAPP45,TAPP45,TAPP45,2020:03:14 06:45:53,14/03/2020,0.281863,Black Backed Jackal,No,0.8-1,2,1,Grid3,200
TAPP45,TAPP45,TAPP45,2020:03:14 06:45:53,14/03/2020,0.281863,Black Backed Jackal,No,0.8-1,2,1,Grid3,200
TAPP45,TAPP45,TAPP45,2020:03:14 06:45:26,14/03/2020,0.281551,Black Backed Jackal,No,0-0.2,2,1,Grid3,200
TAPP45,TAPP45,TAPP45,2020:03:14 06:45:26,14/03/2020,0.281551,Black Backed Jackal,No,0-0.2,2,1,Grid3,200
TAPP45,TAPP45,TAPP45,2020:03:14 06:45:25,14/03/2020,0.281539,Black Backed Jackal,No,0-0.2,2,1,Grid3,200
TAPP45,TAPP45,TAPP45,2020:03:14 06:45:25,14/03/2020,0.281539,Black Backed Jackal,No,0-0.2,2,1,Grid3,200
TAPP45,TAPP45,TAPP45,2020:03:14 06:45:24,14/03/2020,0.281528,Black Backed Jackal,No,0-0.2,2,1,Grid3,200
TAPP45,TAPP45,TAPP45,2020:03:14 06:45:24,14/03/2020,0.281528,Black Backed Jackal,No,0-0.2,2,1,Grid3,200
TAPP45,TAPP45,TAPP45,2020:03:14 06:45:11,14/03/2020,0.281377,Black Backed Jackal,No,0-0.2,3.5,1,Grid3,200
TAPP45,TAPP45,TAPP45,2020:03:14 06:45:11,14/03/2020,0.281377,Black Backed Jackal,No,0-0.2,3.5,1,Grid3,200
TAPP45,TAPP45,TAPP45,2020:03:14 06:45:10,14/03/2020,0.281366,Black Backed Jackal,No,0-0.2,3.5,1,Grid3,200
TAPP45,TAPP45,TAPP45,2020:03:14 06:45:10,14/03/2020,0.281366,Black Backed Jackal,No,0-0.2,3.5,1,Grid3,200
TAPP45,TAPP45,TAPP45,2020:03:14 06:45:09,14/03/2020,0.281354,Black Backed Jackal,No,0-0.2,4,1,Grid3,200
TAPP45,TAPP45,TAPP45,2020:03:14 06:45:09,14/03/2020,0.281354,Black Backed Jackal,No,0-0.2,4,1,Grid3,200
TAPP45,TAPP45,TAPP45,2020:03:14 06:44:58,14/03/2020,0.281227,Black Backed Jackal,No,0-0.2,4.5,1,Grid3,200
TAPP45,TAPP45,TAPP45,2020:03:14 06:44:58,14/03/2020,0.281227,Black Backed Jackal,No,0-0.2,4.5,1,Grid3,200
TAPP45,TAPP45,TAPP45,2020:03:14 06:44:57,14/03/2020,0.281215,Black Backed Jackal,No,0.2-0.4,4.5,1,Grid3,200
TAPP45,TAPP45,TAPP45,2020:03:14 06:44:57,14/03/2020,0.281215,Black Backed Jackal,No,0.2-0.4,4.5,1,Grid3,200
TAPP45,TAPP45,TAPP45,2020:03:14 06:44:57,14/03/2020,0.281215,Black Backed Jackal,No,0.2-0.4,4.5,1,Grid3,200
TAPP45,TAPP45,TAPP45,2020:03:14 06:44:56,14/03/2020,0.281204,Black Backed Jackal,Yes,0.2-0.4,5,1,Grid3,200
GKPP61,GKPP61,GKPP61,2020:03:19 00:37:05,19/03/2020,0.025752,Black Backed Jackal,No,0.2-0.4,9,1,Grid3,200
GKPP61,GKPP61,GKPP61,2020:03:19 00:37:04,19/03/2020,0.025741,Black Backed Jackal,No,0-0.2,9,1,Grid3,200
GKPP61,GKPP61,GKPP61,2020:03:19 00:37:03,19/03/2020,0.025729,Black Backed Jackal,No,0-0.2,9,1,Grid3,200
GKPP61,GKPP61,GKPP61,2020:03:19 00:37:03,19/03/2020,0.025729,Black Backed Jackal,No,0-0.2,9,1,Grid3,200
GKPP61,GKPP61,GKPP61,2020:03:19 00:37:02,19/03/2020,0.025718,Black Backed Jackal,No,0.4-0.6,9.5,1,Grid3,200
GKPP61,GKPP61,GKPP61,2020:03:19 00:37:01,19/03/2020,0.025706,Black Backed Jackal,Yes,0.6-0.8,9.5,1,Grid3,200
GKPP61,GKPP61,GKPP61,2020:03:18 21:18:00,18/03/2020,0.8875,Brown Hyena,No,0.4-0.6,26+,1,Grid3,200
GKPP61,GKPP61,GKPP61,2020:03:18 21:18:00,18/03/2020,0.8875,Brown Hyena,No,0.4-0.6,26+,1,Grid3,200
GKPP61,GKPP61,GKPP61,2020:03:18 21:17:59,18/03/2020,0.887488,Brown Hyena,No,0.4-0.6,26+,1,Grid3,200
GKPP61,GKPP61,GKPP61,2020:03:18 21:17:58,18/03/2020,0.887477,Brown Hyena,No,0.2-0.4,24,1,Grid3,200
GKPP61,GKPP61,GKPP61,2020:03:18 21:17:57,18/03/2020,0.887465,Brown Hyena,No,0.2-0.4,24,1,Grid3,200
GKPP61,GKPP61,GKPP61,2020:03:18 21:17:56,18/03/2020,0.887454,Brown Hyena,No,0-0.2,23,1,Grid3,200
GKPP61,GKPP61,GKPP61,2020:03:18 21:17:52,18/03/2020,0.887407,Brown Hyena,No,0.2-0.4,17,1,Grid3,200
GKPP61,GKPP61,GKPP61,2020:03:18 21:17:52,18/03/2020,0.887407,Brown Hyena,No,0.2-0.4,17,1,Grid3,200
GKPP61,GKPP61,GKPP61,2020:03:18 21:17:51,18/03/2020,0.887396,Brown Hyena,Yes,0.4-0.6,17,1,Grid3,200
GKPP61,GKPP61,GKPP61,2020:03:18 03:58:25,18/03/2020,0.165567,Brown Hyena,No,0.6-0.8,26+,1,Grid3,200
GKPP61,GKPP61,GKPP61,2020:03:18 03:58:25,18/03/2020,0.165567,Brown Hyena,No,0.6-0.8,26+,1,Grid3,200
GKPP61,GKPP61,GKPP61,2020:03:18 03:58:24,18/03/2020,0.165556,Brown Hyena,No,0.6-0.8,26+,1,Grid3,200
GKPP61,GKPP61,GKPP61,2020:03:18 03:58:24,18/03/2020,0.165556,Brown Hyena,No,0.4-0.6,26+,1,Grid3,200
GKPP61,GKPP61,GKPP61,2020:03:18 03:58:23,18/03/2020,0.165544,Brown Hyena,No,0.2-0.4,26+,1,Grid3,200
GKPP61,GKPP61,GKPP61,2020:03:18 03:58:22,18/03/2020,0.165532,Brown Hyena,No,0.2-0.4,26+,1,Grid3,200
GKPP61,GKPP61,GKPP61,2020:03:18 03:58:19,18/03/2020,0.165498,Brown Hyena,No,0.2-0.4,26+,1,Grid3,200
GKPP61,GKPP61,GKPP61,2020:03:18 03:58:19,18/03/2020,0.165498,Brown Hyena,No,0.2-0.4,26+,1,Grid3,200
GKPP61,GKPP61,GKPP61,2020:03:18 03:58:18,18/03/2020,0.165486,Brown Hyena,Yes,0.2-0.4,26+,1,Grid3,200
GKPP61,GKPP61,GKPP61,2020:03:16 04:53:28,16/03/2020,0.203796,Brown Hyena,No,0-0.2,3,1,Grid3,200
GKPP61,GKPP61,GKPP61,2020:03:16 04:53:27,16/03/2020,0.203785,Brown Hyena,Yes,0.6-0.8,3.5,1,Grid3,200
GKPP61,GKPP61,GKPP61,2020:03:15 20:17:17,15/03/2020,0.845336,Brown Hyena,No,0.2-0.4,26+,1,Grid3,200
GKPP61,GKPP61,GKPP61,2020:03:15 20:17:16,15/03/2020,0.845324,Brown Hyena,No,0.2-0.4,26+,1,Grid3,200
GKPP61,GKPP61,GKPP61,2020:03:15 20:17:16,15/03/2020,0.845324,Brown Hyena,No,0.2-0.4,24,1,Grid3,200
GKPP61,GKPP61,GKPP61,2020:03:15 20:17:15,15/03/2020,0.845313,Brown Hyena,No,0.2-0.4,24,1,Grid3,200
GKPP61,GKPP61,GKPP61,2020:03:15 20:17:12,15/03/2020,0.845278,Brown Hyena,No,0-0.2,19,1,Grid3,200
GKPP61,GKPP61,GKPP61,2020:03:15 20:17:11,15/03/2020,0.845266,Brown Hyena,No,0.2-0.4,18,1,Grid3,200
GKPP61,GKPP61,GKPP61,2020:03:15 20:17:11,15/03/2020,0.845266,Brown Hyena,No,0.2-0.4,17,1,Grid3,200
GKPP61,GKPP61,GKPP61,2020:03:15 20:17:10,15/03/2020,0.845255,Brown Hyena,Yes,0.2-0.4,17,1,Grid3,200
GKPP61,GKPP61,GKPP61,2020:03:14 22:21:24,14/03/2020,0.931528,Black Backed Jackal,No,0.4-0.6,8.5,1,Grid3,200
GKPP61,GKPP61,GKPP61,2020:03:14 22:21:24,14/03/2020,0.931528,Black Backed Jackal,No,0.2-0.4,8.5,1,Grid3,200
GKPP61,GKPP61,GKPP61,2020:03:14 22:21:23,14/03/2020,0.931516,Black Backed Jackal,No,0-0.2,8.5,1,Grid3,200
GKPP61,GKPP61,GKPP61,2020:03:14 22:21:23,14/03/2020,0.931516,Black Backed Jackal,No,0-0.2,9,1,Grid3,200
GKPP61,GKPP61,GKPP61,2020:03:14 22:21:22,14/03/2020,0.931505,Black Backed Jackal,No,0.4-0.6,8.5,1,Grid3,200
GKPP61,GKPP61,GKPP61,2020:03:14 22:21:22,14/03/2020,0.931505,Black Backed Jackal,Yes,0.4-0.6,9.5,1,Grid3,200
GKPP61,GKPP61,GKPP61,2020:03:12 04:32:51,12/03/2020,0.189479,Brown Hyena,No,0.8-1,26+,1,Grid3,200
GKPP61,GKPP61,GKPP61,2020:03:12 04:32:51,12/03/2020,0.189479,Brown Hyena,No,0.8-1,26+,1,Grid3,200
GKPP61,GKPP61,GKPP61,2020:03:12 04:32:50,12/03/2020,0.189468,Brown Hyena,No,0.8-1,26+,1,Grid3,200
GKPP61,GKPP61,GKPP61,2020:03:12 04:32:50,12/03/2020,0.189468,Brown Hyena,No,0.8-1,26+,1,Grid3,200
GKPP61,GKPP61,GKPP61,2020:03:12 04:32:50,12/03/2020,0.189468,Brown Hyena,No,0.8-1,26+,1,Grid3,200
GKPP61,GKPP61,GKPP61,2020:03:12 04:32:49,12/03/2020,0.189456,Brown Hyena,No,0.8-1,26+,1,Grid3,200
GKPP61,GKPP61,GKPP61,2020:03:12 04:32:48,12/03/2020,0.189444,Brown Hyena,No,0.6-0.8,18,1,Grid3,200
GKPP61,GKPP61,GKPP61,2020:03:12 04:32:47,12/03/2020,0.189433,Brown Hyena,No,0.6-0.8,17,1,Grid3,200
GKPP61,GKPP61,GKPP61,2020:03:12 04:32:47,12/03/2020,0.189433,Brown Hyena,No,0.4-0.6,16,1,Grid3,200
GKPP61,GKPP61,GKPP61,2020:03:12 04:32:46,12/03/2020,0.189421,Brown Hyena,No,0.4-0.6,15,1,Grid3,200
GKPP61,GKPP61,GKPP61,2020:03:12 04:32:46,12/03/2020,0.189421,Brown Hyena,No,0.2-0.4,14,1,Grid3,200
GKPP61,GKPP61,GKPP61,2020:03:12 04:32:46,12/03/2020,0.189421,Brown Hyena,No,0.2-0.4,13,1,Grid3,200
GKPP61,GKPP61,GKPP61,2020:03:12 04:32:44,12/03/2020,0.189398,Brown Hyena,No,0-0.2,11,1,Grid3,200
GKPP61,GKPP61,GKPP61,2020:03:12 04:32:44,12/03/2020,0.189398,Brown Hyena,No,0-0.2,10,1,Grid3,200
GKPP61,GKPP61,GKPP61,2020:03:12 04:32:43,12/03/2020,0.189387,Brown Hyena,No,0.2-0.4,10,1,Grid3,200
GKPP61,GKPP61,GKPP61,2020:03:12 04:32:43,12/03/2020,0.189387,Brown Hyena,No,0.4-0.6,10,1,Grid3,200
GKPP61,GKPP61,GKPP61,2020:03:12 04:32:43,12/03/2020,0.189387,Brown Hyena,No,0.6-0.8,10,1,Grid3,200
GKPP61,GKPP61,GKPP61,2020:03:12 04:32:42,12/03/2020,0.189375,Brown Hyena,Yes,0.8-1,10,1,Grid3,200
GKPP61,GKPP61,GKPP61,2020:03:11 23:58:15,11/03/2020,0.998785,Black Backed Jackal,No,0.8-1,6.5,1,Grid3,200
GKPP61,GKPP61,GKPP61,2020:03:11 23:58:14,11/03/2020,0.998773,Black Backed Jackal,No,0.6-0.8,6,1,Grid3,200
GKPP61,GKPP61,GKPP61,2020:03:11 23:58:14,11/03/2020,0.998773,Black Backed Jackal,No,0.2-0.4,6,1,Grid3,200
GKPP61,GKPP61,GKPP61,2020:03:11 23:58:14,11/03/2020,0.998773,Black Backed Jackal,No,0-0.2,5.5,1,Grid3,200
GKPP61,GKPP61,GKPP61,2020:03:11 23:58:13,11/03/2020,0.998762,Black Backed Jackal,No,0.2-0.4,5.5,1,Grid3,200
GKPP61,GKPP61,GKPP61,2020:03:11 23:58:13,11/03/2020,0.998762,Black Backed Jackal,Yes,0.6-0.8,5.5,1,Grid3,200
GKPP61,GKPP61,GKPP61,2020:03:11 02:02:21,11/03/2020,0.084965,Brown Hyena,No,0.8-1,5.5,1,Grid3,200
GKPP61,GKPP61,GKPP61,2020:03:11 02:02:21,11/03/2020,0.084965,Brown Hyena,No,0.8-1,5.5,1,Grid3,200
GKPP61,GKPP61,GKPP61,2020:03:11 02:02:20,11/03/2020,0.084954,Brown Hyena,No,0.6-0.8,5.5,1,Grid3,200
GKPP61,GKPP61,GKPP61,2020:03:11 02:02:20,11/03/2020,0.084954,Brown Hyena,No,0.4-0.6,5,1,Grid3,200
GKPP61,GKPP61,GKPP61,2020:03:11 02:02:18,11/03/2020,0.084931,Brown Hyena,No,0-0.2,4,1,Grid3,200
GKPP61,GKPP61,GKPP61,2020:03:11 02:02:18,11/03/2020,0.084931,Brown Hyena,No,0-0.2,4,1,Grid3,200
GKPP61,GKPP61,GKPP61,2020:03:11 02:02:18,11/03/2020,0.084931,Brown Hyena,No,0.2-0.4,3.5,1,Grid3,200
GKPP61,GKPP61,GKPP61,2020:03:11 02:02:17,11/03/2020,0.084919,Brown Hyena,No,0.6-0.8,3.5,1,Grid3,200
GKPP61,GKPP61,GKPP61,2020:03:11 02:02:17,11/03/2020,0.084919,Brown Hyena,No,0.8-1,3.5,1,Grid3,200
GKPP61,GKPP61,GKPP61,2020:03:11 02:02:17,11/03/2020,0.084919,Brown Hyena,Yes,0.8-1,4,1,Grid3,200
GKPP59,GKPP59,GKPP59,2020:03:20 22:47:34,20/03/2020,0.949699,Black Backed Jackal,No,0-0.2,13,1,Grid3,200
GKPP59,GKPP59,GKPP59,2020:03:20 22:47:34,20/03/2020,0.949699,Black Backed Jackal,No,0-0.2,12,1,Grid3,200
GKPP59,GKPP59,GKPP59,2020:03:20 22:47:34,20/03/2020,0.949699,Black Backed Jackal,No,0-0.2,11,1,Grid3,200
GKPP59,GKPP59,GKPP59,2020:03:20 22:47:33,20/03/2020,0.949688,Black Backed Jackal,No,0.2-0.4,10,1,Grid3,200
GKPP59,GKPP59,GKPP59,2020:03:20 22:47:33,20/03/2020,0.949688,Black Backed Jackal,No,0.4-0.6,9,1,Grid3,200
GKPP59,GKPP59,GKPP59,2020:03:20 22:47:33,20/03/2020,0.949688,Black Backed Jackal,Yes,0.6-0.8,6.5,1,Grid3,200
GKPP59,GKPP59,GKPP59,2020:03:13 05:52:50,13/03/2020,0.245023,Black Backed Jackal,No,0.8-1,6.5,1,Grid3,200
GKPP59,GKPP59,GKPP59,2020:03:13 05:52:49,13/03/2020,0.245012,Black Backed Jackal,No,0-0.2,9.5,1,Grid3,200
GKPP59,GKPP59,GKPP59,2020:03:13 05:52:48,13/03/2020,0.245,Black Backed Jackal,No,0-0.2,10,1,Grid3,200
GKPP59,GKPP59,GKPP59,2020:03:13 05:52:48,13/03/2020,0.245,Black Backed Jackal,No,0-0.2,11,1,Grid3,200
GKPP59,GKPP59,GKPP59,2020:03:13 05:52:48,13/03/2020,0.245,Black Backed Jackal,No,0.2-0.4,12,1,Grid3,200
GKPP59,GKPP59,GKPP59,2020:03:13 05:52:47,13/03/2020,0.244988,Black Backed Jackal,No,0.4-0.6,13,1,Grid3,200
GKPP59,GKPP59,GKPP59,2020:03:13 05:52:47,13/03/2020,0.244988,Black Backed Jackal,Yes,0.6-0.8,15,1,Grid3,200
GKPP58,GKPP58,GKPP58,2020:03:14 23:54:36,14/03/2020,0.99625,Black Backed Jackal,No,0-0.2,9,1,Grid3,200
GKPP58,GKPP58,GKPP58,2020:03:14 23:54:36,14/03/2020,0.99625,Black Backed Jackal,No,0-0.2,8.5,1,Grid3,200
GKPP58,GKPP58,GKPP58,2020:03:14 23:54:36,14/03/2020,0.99625,Black Backed Jackal,No,0-0.2,8,1,Grid3,200
GKPP58,GKPP58,GKPP58,2020:03:14 23:54:36,14/03/2020,0.99625,Black Backed Jackal,No,0-0.2,8,1,Grid3,200
GKPP58,GKPP58,GKPP58,2020:03:14 23:54:35,14/03/2020,0.996238,Black Backed Jackal,No,0-0.2,8,1,Grid3,200
GKPP58,GKPP58,GKPP58,2020:03:14 23:54:35,14/03/2020,0.996238,Black Backed Jackal,Yes,0-0.2,8.5,1,Grid3,200
GKPP58,GKPP58,GKPP58,2020:03:12 00:51:50,12/03/2020,0.035995,Black Backed Jackal,No,0.6-0.8,3.5,1,Grid3,200
GKPP58,GKPP58,GKPP58,2020:03:12 00:51:50,12/03/2020,0.035995,Black Backed Jackal,No,0.4-0.6,3.5,1,Grid3,200
GKPP58,GKPP58,GKPP58,2020:03:12 00:51:50,12/03/2020,0.035995,Black Backed Jackal,No,0.4-0.6,3.5,1,Grid3,200
GKPP58,GKPP58,GKPP58,2020:03:12 00:51:50,12/03/2020,0.035995,Black Backed Jackal,No,0.2-0.4,3.5,1,Grid3,200
GKPP58,GKPP58,GKPP58,2020:03:12 00:51:49,12/03/2020,0.035984,Black Backed Jackal,No,0.2-0.4,3.5,1,Grid3,200
GKPP58,GKPP58,GKPP58,2020:03:12 00:51:49,12/03/2020,0.035984,Black Backed Jackal,Yes,0-0.2,3.5,1,Grid3,200
GKPP53,GKPP53,GKPP53,2020:03:22 07:11:52,22/03/2020,0.299907,Brown Hyena,No,0-0.2,11,1,Grid3,200
GKPP53,GKPP53,GKPP53,2020:03:22 07:11:52,22/03/2020,0.299907,Brown Hyena,No,0.2-0.4,10,1,Grid3,200
GKPP53,GKPP53,GKPP53,2020:03:22 07:11:51,22/03/2020,0.299896,Brown Hyena,No,0.2-0.4,10,1,Grid3,200
GKPP53,GKPP53,GKPP53,2020:03:22 07:11:51,22/03/2020,0.299896,Brown Hyena,No,0.2-0.4,9.5,1,Grid3,200
GKPP53,GKPP53,GKPP53,2020:03:22 07:11:50,22/03/2020,0.299884,Brown Hyena,No,0.4-0.6,9,1,Grid3,200
GKPP53,GKPP53,GKPP53,2020:03:22 07:11:50,22/03/2020,0.299884,Brown Hyena,Yes,0.4-0.6,9,1,Grid3,200
GKPP53,GKPP53,GKPP53,2020:03:16 19:20:08,16/03/2020,0.805648,Brown Hyena,No,0.4-0.6,6,1,Grid3,200
GKPP53,GKPP53,GKPP53,2020:03:16 19:20:08,16/03/2020,0.805648,Brown Hyena,No,0.4-0.6,5.5,1,Grid3,200
GKPP53,GKPP53,GKPP53,2020:03:16 19:20:07,16/03/2020,0.805637,Brown Hyena,No,0.4-0.6,5.5,1,Grid3,200
GKPP53,GKPP53,GKPP53,2020:03:16 19:20:07,16/03/2020,0.805637,Brown Hyena,No,0.6-0.8,5,1,Grid3,200
GKPP53,GKPP53,GKPP53,2020:03:16 19:20:07,16/03/2020,0.805637,Brown Hyena,No,0.6-0.8,4.5,1,Grid3,200
GKPP53,GKPP53,GKPP53,2020:03:16 19:20:07,16/03/2020,0.805637,Brown Hyena,No,0.6-0.8,4.5,1,Grid3,200
GKPP53,GKPP53,GKPP53,2020:03:16 19:19:56,16/03/2020,0.805509,Brown Hyena,No,0.6-0.8,3.5,1,Grid3,200
GKPP53,GKPP53,GKPP53,2020:03:16 19:19:56,16/03/2020,0.805509,Brown Hyena,No,0.6-0.8,3.5,1,Grid3,200
GKPP53,GKPP53,GKPP53,2020:03:16 19:19:56,16/03/2020,0.805509,Brown Hyena,No,0.6-0.8,3.5,1,Grid3,200
GKPP53,GKPP53,GKPP53,2020:03:16 19:19:55,16/03/2020,0.805498,Brown Hyena,No,0.6-0.8,3.5,1,Grid3,200
GKPP53,GKPP53,GKPP53,2020:03:16 19:19:55,16/03/2020,0.805498,Brown Hyena,No,0.6-0.8,3.5,1,Grid3,200
GKPP53,GKPP53,GKPP53,2020:03:16 19:19:55,16/03/2020,0.805498,Brown Hyena,Yes,0.6-0.8,3.5,1,Grid3,200
GKPP53,GKPP53,GKPP53,2020:03:16 03:23:40,16/03/2020,0.141435,Brown Hyena,No,0.2-0.4,3.5,1,Grid3,200
GKPP53,GKPP53,GKPP53,2020:03:16 03:23:39,16/03/2020,0.141424,Brown Hyena,No,0-0.2,4,1,Grid3,200
GKPP53,GKPP53,GKPP53,2020:03:16 03:23:39,16/03/2020,0.141424,Brown Hyena,No,0-0.2,4,1,Grid3,200
GKPP53,GKPP53,GKPP53,2020:03:16 03:23:39,16/03/2020,0.141424,Brown Hyena,No,0-0.2,4.5,1,Grid3,200
GKPP53,GKPP53,GKPP53,2020:03:16 03:23:39,16/03/2020,0.141424,Brown Hyena,No,0.2-0.4,4.5,1,Grid3,200
GKPP53,GKPP53,GKPP53,2020:03:16 03:23:38,16/03/2020,0.141412,Brown Hyena,Yes,0.4-0.6,5,1,Grid3,200
TAPP44,TAPP44,TAPP44,2020:03:24 01:58:50,24/03/2020,0.082523,Brown Hyena,No,0.2-0.4,13,1,Grid3,200
TAPP44,TAPP44,TAPP44,2020:03:24 01:58:49,24/03/2020,0.082512,Brown Hyena,No,0.2-0.4,13,1,Grid3,200
TAPP44,TAPP44,TAPP44,2020:03:24 01:58:49,24/03/2020,0.082512,Brown Hyena,No,0.4-0.6,13,1,Grid3,200
TAPP44,TAPP44,TAPP44,2020:03:24 01:58:49,24/03/2020,0.082512,Brown Hyena,No,0.4-0.6,14,1,Grid3,200
TAPP44,TAPP44,TAPP44,2020:03:24 01:58:49,24/03/2020,0.082512,Brown Hyena,No,0.4-0.6,14,1,Grid3,200
TAPP44,TAPP44,TAPP44,2020:03:24 01:58:48,24/03/2020,0.0825,Brown Hyena,No,0.4-0.6,15,1,Grid3,200
TAPP44,TAPP44,TAPP44,2020:03:24 01:57:51,24/03/2020,0.08184,Brown Hyena,No,0.8-1,3,1,Grid3,200
TAPP44,TAPP44,TAPP44,2020:03:24 01:57:51,24/03/2020,0.08184,Brown Hyena,No,0.8-1,3,1,Grid3,200
TAPP44,TAPP44,TAPP44,2020:03:24 01:57:50,24/03/2020,0.081829,Brown Hyena,No,0.8-1,2.5,1,Grid3,200
TAPP44,TAPP44,TAPP44,2020:03:24 01:57:50,24/03/2020,0.081829,Brown Hyena,No,0.6-0.8,2.5,1,Grid3,200
TAPP44,TAPP44,TAPP44,2020:03:24 01:57:27,24/03/2020,0.081563,Brown Hyena,No,0.4-0.6,2,1,Grid3,200
TAPP44,TAPP44,TAPP44,2020:03:24 01:57:26,24/03/2020,0.081551,Brown Hyena,No,0.4-0.6,2,1,Grid3,200
TAPP44,TAPP44,TAPP44,2020:03:24 01:57:26,24/03/2020,0.081551,Brown Hyena,No,0.4-0.6,2,1,Grid3,200
TAPP44,TAPP44,TAPP44,2020:03:24 01:57:26,24/03/2020,0.081551,Brown Hyena,No,0.6-0.8,2,1,Grid3,200
TAPP44,TAPP44,TAPP44,2020:03:24 01:57:26,24/03/2020,0.081551,Brown Hyena,No,0.8-1,2,1,Grid3,200
TAPP44,TAPP44,TAPP44,2020:03:24 01:57:25,24/03/2020,0.081539,Brown Hyena,Yes,0.8-1,2,1,Grid3,200
TAPP47,TAPP47,TAPP47,2020:03:26 19:21:43,26/03/2020,0.806748,Black Backed Jackal,No,0-0.2,11,1,Grid3,200
TAPP47,TAPP47,TAPP47,2020:03:26 19:21:43,26/03/2020,0.806748,Black Backed Jackal,No,0-0.2,10,1,Grid3,200
TAPP47,TAPP47,TAPP47,2020:03:26 19:21:43,26/03/2020,0.806748,Black Backed Jackal,No,0-0.2,9.5,1,Grid3,200
TAPP47,TAPP47,TAPP47,2020:03:26 19:21:42,26/03/2020,0.806736,Black Backed Jackal,No,0-0.2,9,1,Grid3,200
TAPP47,TAPP47,TAPP47,2020:03:26 19:21:42,26/03/2020,0.806736,Black Backed Jackal,No,0-0.2,8.5,1,Grid3,200
TAPP47,TAPP47,TAPP47,2020:03:26 19:21:42,26/03/2020,0.806736,Black Backed Jackal,Yes,0.2-0.4,8,1,Grid3,200
HYPP56,HYPP56,HYPP56,2020:03:24 00:08:51,24/03/2020,0.006146,Black Backed Jackal,No,0.6-0.8,8.5,1,Grid3,200
HYPP56,HYPP56,HYPP56,2020:03:24 00:08:51,24/03/2020,0.006146,Black Backed Jackal,No,0.6-0.8,8.5,1,Grid3,200
HYPP56,HYPP56,HYPP56,2020:03:24 00:08:51,24/03/2020,0.006146,Black Backed Jackal,No,0.4-0.6,8.5,1,Grid3,200
HYPP56,HYPP56,HYPP56,2020:03:24 00:08:51,24/03/2020,0.006146,Black Backed Jackal,No,0.4-0.6,8.5,1,Grid3,200
HYPP56,HYPP56,HYPP56,2020:03:24 00:08:50,24/03/2020,0.006134,Black Backed Jackal,No,0.4-0.6,8.5,1,Grid3,200
HYPP56,HYPP56,HYPP56,2020:03:24 00:08:50,24/03/2020,0.006134,Black Backed Jackal,Yes,0.4-0.6,8.5,1,Grid3,200
HYPP60,HYPP60,HYPP60,2020:03:24 05:04:12,24/03/2020,0.21125,Brown Hyena,No,0-0.2,20,1,Grid3,200
HYPP60,HYPP60,HYPP60,2020:03:24 05:04:12,24/03/2020,0.21125,Brown Hyena,No,0-0.2,20,1,Grid3,200
HYPP60,HYPP60,HYPP60,2020:03:24 05:04:12,24/03/2020,0.21125,Brown Hyena,No,0-0.2,20,1,Grid3,200
HYPP60,HYPP60,HYPP60,2020:03:24 05:04:11,24/03/2020,0.211238,Brown Hyena,No,0-0.2,20,1,Grid3,200
HYPP60,HYPP60,HYPP60,2020:03:24 05:04:11,24/03/2020,0.211238,Brown Hyena,No,0-0.2,20,1,Grid3,200
HYPP60,HYPP60,HYPP60,2020:03:24 05:04:11,24/03/2020,0.211238,Brown Hyena,Yes,0-0.2,20,1,Grid3,200
HYPP60,HYPP60,HYPP60,2020:03:21 06:37:25,21/03/2020,0.275984,Black Backed Jackal,No,0-0.2,14,1,Grid3,200
HYPP60,HYPP60,HYPP60,2020:03:21 06:37:25,21/03/2020,0.275984,Black Backed Jackal,No,0-0.2,14,1,Grid3,200
HYPP60,HYPP60,HYPP60,2020:03:21 06:37:24,21/03/2020,0.275972,Black Backed Jackal,No,0-0.2,14,1,Grid3,200
HYPP60,HYPP60,HYPP60,2020:03:21 06:37:24,21/03/2020,0.275972,Black Backed Jackal,No,0-0.2,14,1,Grid3,200
HYPP60,HYPP60,HYPP60,2020:03:21 06:37:24,21/03/2020,0.275972,Black Backed Jackal,No,0.2-0.4,14,1,Grid3,200
HYPP60,HYPP60,HYPP60,2020:03:21 06:37:24,21/03/2020,0.275972,Black Backed Jackal,Yes,0.2-0.4,14,1,Grid3,200
GKPP58,GKPP58,GKPP58,2020:03:27 21:23:05,27/03/2020,0.89103,Black Backed Jackal,No,0.2-0.4,7.5,1,Grid3,200
GKPP58,GKPP58,GKPP58,2020:03:27 21:23:05,27/03/2020,0.89103,Black Backed Jackal,No,0.2-0.4,7.5,1,Grid3,200
GKPP58,GKPP58,GKPP58,2020:03:27 21:23:05,27/03/2020,0.89103,Black Backed Jackal,No,0.2-0.4,7.5,1,Grid3,200
GKPP58,GKPP58,GKPP58,2020:03:27 21:23:05,27/03/2020,0.89103,Black Backed Jackal,No,0-0.2,7.5,1,Grid3,200
GKPP58,GKPP58,GKPP58,2020:03:27 21:23:04,27/03/2020,0.891019,Black Backed Jackal,No,0-0.2,7.5,1,Grid3,200
GKPP58,GKPP58,GKPP58,2020:03:27 21:23:04,27/03/2020,0.891019,Black Backed Jackal,Yes,0-0.2,8,1,Grid3,200
GKPP61,GKPP61,GKPP61,2020:03:27 23:50:38,27/03/2020,0.993495,Black Backed Jackal,No,0-0.2,14,1,Grid3,200
GKPP61,GKPP61,GKPP61,2020:03:27 23:50:38,27/03/2020,0.993495,Black Backed Jackal,No,0-0.2,15,1,Grid3,200
GKPP61,GKPP61,GKPP61,2020:03:27 23:50:37,27/03/2020,0.993484,Black Backed Jackal,No,0-0.2,16,1,Grid3,200
GKPP61,GKPP61,GKPP61,2020:03:27 23:50:37,27/03/2020,0.993484,Black Backed Jackal,No,0.2-0.4,16,1,Grid3,200
GKPP61,GKPP61,GKPP61,2020:03:27 23:50:36,27/03/2020,0.993472,Black Backed Jackal,No,0.4-0.6,18,1,Grid3,200
GKPP61,GKPP61,GKPP61,2020:03:27 23:50:36,27/03/2020,0.993472,Black Backed Jackal,Yes,0.4-0.6,18,1,Grid3,200
GKPP61,GKPP61,GKPP61,2020:03:26 19:34:46,26/03/2020,0.81581,Brown Hyena,No,0.4-0.6,26+,1,Grid3,200
GKPP61,GKPP61,GKPP61,2020:03:26 19:34:45,26/03/2020,0.815799,Brown Hyena,No,0.4-0.6,26+,1,Grid3,200
GKPP61,GKPP61,GKPP61,2020:03:26 19:34:45,26/03/2020,0.815799,Brown Hyena,No,0.4-0.6,26+,1,Grid3,200
GKPP61,GKPP61,GKPP61,2020:03:26 19:34:44,26/03/2020,0.815787,Brown Hyena,No,0.2-0.4,25,1,Grid3,200
GKPP61,GKPP61,GKPP61,2020:03:26 19:34:44,26/03/2020,0.815787,Brown Hyena,No,0.2-0.4,24,1,Grid3,200
GKPP61,GKPP61,GKPP61,2020:03:26 19:34:43,26/03/2020,0.815775,Brown Hyena,No,0.2-0.4,23,1,Grid3,200
GKPP61,GKPP61,GKPP61,2020:03:26 19:34:41,26/03/2020,0.815752,Brown Hyena,No,0-0.2,20,1,Grid3,200
GKPP61,GKPP61,GKPP61,2020:03:26 19:34:41,26/03/2020,0.815752,Brown Hyena,No,0-0.2,20,1,Grid3,200
GKPP61,GKPP61,GKPP61,2020:03:26 19:34:40,26/03/2020,0.815741,Brown Hyena,No,0-0.2,19,1,Grid3,200
GKPP61,GKPP61,GKPP61,2020:03:26 19:34:40,26/03/2020,0.815741,Brown Hyena,No,0-0.2,19,1,Grid3,200
GKPP61,GKPP61,GKPP61,2020:03:26 19:34:39,26/03/2020,0.815729,Brown Hyena,No,0.2-0.4,19,1,Grid3,200
GKPP61,GKPP61,GKPP61,2020:03:26 19:34:39,26/03/2020,0.815729,Brown Hyena,No,0.2-0.4,18,1,Grid3,200
GKPP61,GKPP61,GKPP61,2020:03:26 19:34:37,26/03/2020,0.815706,Brown Hyena,No,0.4-0.6,18,1,Grid3,200
GKPP61,GKPP61,GKPP61,2020:03:26 19:34:37,26/03/2020,0.815706,Brown Hyena,Yes,0.4-0.6,18,1,Grid3,200
GKPP61,GKPP61,GKPP61,2020:03:25 23:28:45,25/03/2020,0.978299,Brown Hyena,No,0.2-0.4,26+,1,Grid3,200
GKPP61,GKPP61,GKPP61,2020:03:25 23:28:45,25/03/2020,0.978299,Brown Hyena,No,0.2-0.4,26+,1,Grid3,200
GKPP61,GKPP61,GKPP61,2020:03:25 23:28:44,25/03/2020,0.978287,Brown Hyena,No,0.2-0.4,26+,1,Grid3,200
GKPP61,GKPP61,GKPP61,2020:03:25 23:28:44,25/03/2020,0.978287,Brown Hyena,No,0-0.2,26+,1,Grid3,200
GKPP61,GKPP61,GKPP61,2020:03:25 23:28:44,25/03/2020,0.978287,Brown Hyena,No,0-0.2,26+,1,Grid3,200
GKPP61,GKPP61,GKPP61,2020:03:25 23:28:43,25/03/2020,0.978275,Brown Hyena,No,0-0.2,26+,1,Grid3,200
GKPP61,GKPP61,GKPP61,2020:03:25 23:28:41,25/03/2020,0.978252,Brown Hyena,No,0.2-0.4,25,1,Grid3,200
GKPP61,GKPP61,GKPP61,2020:03:25 23:28:40,25/03/2020,0.978241,Brown Hyena,Yes,0.4-0.6,25,1,Grid3,200
GKPP61,GKPP61,GKPP61,2020:03:24 22:02:54,24/03/2020,0.918681,Black Backed Jackal,No,0.8-1,17,1,Grid3,200
GKPP61,GKPP61,GKPP61,2020:03:24 22:02:53,24/03/2020,0.918669,Black Backed Jackal,No,0.8-1,16,1,Grid3,200
GKPP61,GKPP61,GKPP61,2020:03:24 22:02:43,24/03/2020,0.918553,Black Backed Jackal,No,0.4-0.6,13,1,Grid3,200
GKPP61,GKPP61,GKPP61,2020:03:24 22:02:43,24/03/2020,0.918553,Black Backed Jackal,No,0.4-0.6,13,1,Grid3,200
GKPP61,GKPP61,GKPP61,2020:03:24 22:02:43,24/03/2020,0.918553,Black Backed Jackal,No,0.4-0.6,12,1,Grid3,200
GKPP61,GKPP61,GKPP61,2020:03:24 22:02:42,24/03/2020,0.918542,Black Backed Jackal,No,0.4-0.6,12,1,Grid3,200
GKPP61,GKPP61,GKPP61,2020:03:24 22:02:42,24/03/2020,0.918542,Black Backed Jackal,No,0.2-0.4,12,1,Grid3,200
GKPP61,GKPP61,GKPP61,2020:03:24 22:02:42,24/03/2020,0.918542,Black Backed Jackal,No,0.2-0.4,12,1,Grid3,200
GKPP61,GKPP61,GKPP61,2020:03:24 22:02:40,24/03/2020,0.918519,Black Backed Jackal,No,0-0.2,11,1,Grid3,200
GKPP61,GKPP61,GKPP61,2020:03:24 22:02:40,24/03/2020,0.918519,Black Backed Jackal,No,0-0.2,10,1,Grid3,200
GKPP61,GKPP61,GKPP61,2020:03:24 22:02:40,24/03/2020,0.918519,Black Backed Jackal,No,0.2-0.4,10,1,Grid3,200
GKPP61,GKPP61,GKPP61,2020:03:24 22:02:39,24/03/2020,0.918507,Black Backed Jackal,No,0.4-0.6,9.5,1,Grid3,200
GKPP61,GKPP61,GKPP61,2020:03:24 22:02:39,24/03/2020,0.918507,Black Backed Jackal,No,0.4-0.6,10,1,Grid3,200
GKPP61,GKPP61,GKPP61,2020:03:24 22:02:38,24/03/2020,0.918495,Black Backed Jackal,Yes,0.6-0.8,10,1,Grid3,200
GKPP61,GKPP61,GKPP61,2020:03:24 00:25:02,24/03/2020,0.017384,Black Backed Jackal,No,0.8-1,8,1,Grid3,200
GKPP61,GKPP61,GKPP61,2020:03:24 00:25:02,24/03/2020,0.017384,Black Backed Jackal,No,0.8-1,7.5,1,Grid3,200
GKPP61,GKPP61,GKPP61,2020:03:24 00:25:02,24/03/2020,0.017384,Black Backed Jackal,No,0.6-0.8,7,1,Grid3,200
GKPP61,GKPP61,GKPP61,2020:03:24 00:25:01,24/03/2020,0.017373,Black Backed Jackal,No,0.4-0.6,6.5,1,Grid3,200
GKPP61,GKPP61,GKPP61,2020:03:24 00:25:01,24/03/2020,0.017373,Black Backed Jackal,Yes,0.2-0.4,6,1,Grid3,200
TAPP01,TAPP01,TAPP01,2019:12:16 17:58:19,16/12/2019,0.748831,Black Backed Jackal,No,0.8-1,5,1,Grid1,200
TAPP01,TAPP01,TAPP01,2019:12:16 17:58:18,16/12/2019,0.748819,Black Backed Jackal,No,0.6-0.8,5,1,Grid1,200
TAPP01,TAPP01,TAPP01,2019:12:16 17:58:18,16/12/2019,0.748819,Black Backed Jackal,No,0.4-0.6,5.5,1,Grid1,200
TAPP01,TAPP01,TAPP01,2019:12:16 17:58:18,16/12/2019,0.748819,Black Backed Jackal,Yes,0.2-0.4,6,1,Grid1,200
GKPP16,GKPP16,GKPP16,2019:12:23 18:24:18,23/12/2019,0.766875,Black Backed Jackal,No,0.8-1,15+,1,Grid1,200
GKPP16,GKPP16,GKPP16,2019:12:23 18:24:17,23/12/2019,0.766863,Black Backed Jackal,No,0.8-1,15+,1,Grid1,200
GKPP16,GKPP16,GKPP16,2019:12:23 18:24:16,23/12/2019,0.766852,Black Backed Jackal,No,0.8-1,15,1,Grid1,200
GKPP38,GKPP38,GKPP38,2020:01:23 06:54:29,23/01/2020,0.287836,Black Backed Jackal,No,0.8-1,4.5,1,Grid2,200
GKPP38,GKPP38,GKPP38,2020:01:23 06:54:28,23/01/2020,0.287824,Black Backed Jackal,No,0.2-0.4,4,1,Grid2,200
GKPP38,GKPP38,GKPP38,2020:01:23 06:54:27,23/01/2020,0.287813,Black Backed Jackal,No,0.2-0.4,4,1,Grid2,200
GKPP38,GKPP38,GKPP38,2020:01:23 06:54:27,23/01/2020,0.287813,Black Backed Jackal,No,0.4-0.6,4.5,1,Grid2,200
GKPP38,GKPP38,GKPP38,2020:01:23 06:54:26,23/01/2020,0.287801,Black Backed Jackal,No,0.6-0.8,5,1,Grid2,200
GKPP38,GKPP38,GKPP38,2020:01:23 06:54:26,23/01/2020,0.287801,Black Backed Jackal,No,0.8-1,5,1,Grid2,200
GKPP38,GKPP38,GKPP38,2020:01:23 06:54:26,23/01/2020,0.287801,Black Backed Jackal,Yes,0.8-1,5,1,Grid2,200
GKPP59,GKPP59,GKPP59,2020:03:04 22:17:19,04/03/2020,0.928692,Black Backed Jackal,Yes,0.8-1,3.5,1,Grid3,200
GKPP61,GKPP61,GKPP61,2020:03:04 22:38:35,04/03/2020,0.943461,Black Backed Jackal,No,0-0.2,5.5,1,Grid3,200
GKPP61,GKPP61,GKPP61,2020:03:04 22:38:35,04/03/2020,0.943461,Black Backed Jackal,No,0-0.2,5.5,1,Grid3,200
GKPP61,GKPP61,GKPP61,2020:03:04 22:38:33,04/03/2020,0.943438,Black Backed Jackal,No,0-0.2,5.5,1,Grid3,200
GKPP61,GKPP61,GKPP61,2020:03:04 22:38:33,04/03/2020,0.943438,Black Backed Jackal,No,0-0.2,5.5,1,Grid3,200
GKPP61,GKPP61,GKPP61,2020:03:04 22:38:32,04/03/2020,0.943426,Black Backed Jackal,No,0-0.2,5.5,1,Grid3,200
GKPP61,GKPP61,GKPP61,2020:03:04 22:38:32,04/03/2020,0.943426,Black Backed Jackal,No,0-0.2,5.5,1,Grid3,200
GKPP61,GKPP61,GKPP61,2020:03:04 22:38:32,04/03/2020,0.943426,Black Backed Jackal,No,0-0.2,5.5,1,Grid3,200
GKPP61,GKPP61,GKPP61,2020:03:04 22:38:31,04/03/2020,0.943414,Black Backed Jackal,No,0-0.2,5.5,1,Grid3,200
GKPP61,GKPP61,GKPP61,2020:03:04 22:38:24,04/03/2020,0.943333,Black Backed Jackal,No,0.2-0.4,5.5,1,Grid3,200
GKPP61,GKPP61,GKPP61,2020:03:04 22:38:24,04/03/2020,0.943333,Black Backed Jackal,No,0.2-0.4,5.5,1,Grid3,200
GKPP61,GKPP61,GKPP61,2020:03:04 22:38:24,04/03/2020,0.943333,Black Backed Jackal,No,0.2-0.4,5.5,1,Grid3,200
GKPP61,GKPP61,GKPP61,2020:03:04 22:38:23,04/03/2020,0.943322,Black Backed Jackal,No,0.2-0.4,5.5,1,Grid3,200
GKPP61,GKPP61,GKPP61,2020:03:04 22:38:23,04/03/2020,0.943322,Black Backed Jackal,No,0.2-0.4,6,1,Grid3,200
GKPP61,GKPP61,GKPP61,2020:03:04 22:38:22,04/03/2020,0.94331,Black Backed Jackal,No,0.2-0.4,6,1,Grid3,200
GKPP61,GKPP61,GKPP61,2020:03:04 22:38:03,04/03/2020,0.94309,Black Backed Jackal,No,0-0.2,6.5,1,Grid3,200
GKPP61,GKPP61,GKPP61,2020:03:04 22:38:03,04/03/2020,0.94309,Black Backed Jackal,No,0-0.2,6.5,1,Grid3,200
GKPP61,GKPP61,GKPP61,2020:03:04 22:38:02,04/03/2020,0.943079,Black Backed Jackal,No,0-0.2,6.5,1,Grid3,200
GKPP61,GKPP61,GKPP61,2020:03:04 22:38:02,04/03/2020,0.943079,Black Backed Jackal,No,0-0.2,6.5,1,Grid3,200
GKPP61,GKPP61,GKPP61,2020:03:04 22:38:02,04/03/2020,0.943079,Black Backed Jackal,No,0-0.2,6.5,1,Grid3,200
GKPP61,GKPP61,GKPP61,2020:03:04 22:38:01,04/03/2020,0.943067,Black Backed Jackal,No,0-0.2,6.5,1,Grid3,200
GKPP61,GKPP61,GKPP61,2020:03:04 22:38:00,04/03/2020,0.943056,Black Backed Jackal,No,0-0.2,6.5,1,Grid3,200
GKPP61,GKPP61,GKPP61,2020:03:04 22:37:59,04/03/2020,0.943044,Black Backed Jackal,No,0-0.2,6.5,1,Grid3,200
GKPP61,GKPP61,GKPP61,2020:03:04 22:37:59,04/03/2020,0.943044,Black Backed Jackal,No,0-0.2,6.5,1,Grid3,200
GKPP61,GKPP61,GKPP61,2020:03:04 22:37:59,04/03/2020,0.943044,Black Backed Jackal,No,0-0.2,6.5,1,Grid3,200
GKPP61,GKPP61,GKPP61,2020:03:04 22:37:58,04/03/2020,0.943032,Black Backed Jackal,No,0-0.2,6.5,1,Grid3,200
GKPP61,GKPP61,GKPP61,2020:03:04 22:37:58,04/03/2020,0.943032,Black Backed Jackal,No,0-0.2,6.5,1,Grid3,200
GKPP61,GKPP61,GKPP61,2020:03:04 22:37:51,04/03/2020,0.942951,Black Backed Jackal,No,0.4-0.6,8,1,Grid3,200
GKPP61,GKPP61,GKPP61,2020:03:04 22:37:51,04/03/2020,0.942951,Black Backed Jackal,No,0.4-0.6,8.5,1,Grid3,200
GKPP61,GKPP61,GKPP61,2020:03:04 22:37:50,04/03/2020,0.94294,Black Backed Jackal,No,0.6-0.8,8.5,1,Grid3,200
GKPP61,GKPP61,GKPP61,2020:03:04 22:37:50,04/03/2020,0.94294,Black Backed Jackal,No,0.6-0.8,8.5,1,Grid3,200
GKPP61,GKPP61,GKPP61,2020:03:04 22:37:50,04/03/2020,0.94294,Black Backed Jackal,No,0.6-0.8,9,1,Grid3,200
GKPP61,GKPP61,GKPP61,2020:03:04 22:37:49,04/03/2020,0.942928,Black Backed Jackal,Yes,0.8-1,9,1,Grid3,200
GKPP61,GKPP61,GKPP61,2020:03:04 22:37:48,04/03/2020,0.942917,Black Backed Jackal,No,0.8-1,9,1,Grid3,200
