RecordID;Group;Participant;Service.original;Specific.Service.harmonized;ESCODE;Ecosystem.service;Ecosystem.service.type;Habitats;Biome;Importance;Why.important;HWB;Keyword.why.important;Provision;Why.changed.provision;Keyword.why.changed.provision;Access;Why.changed.access;Keyword.why.changed.access;Provision.will;Access.will;Measures.needed;Action.by.whom.provision;Keyword.Action.provision;Action.by.whom.access;Keyword.action.access;Comments;HWB.MAT;HWB.SEC;HWB.PHY;HWB.SOC;BIO.AGR;BIO.AGF;BIO.ALP;BIO.WAT;BIO.FOR;BIO.GRS
1;Blue;2;Source of rainfall;Rain;ES.CLI;Regulation of climate;Regulating;Natural forest (highland);forest;High;"helps in crop production; tree growth and vegetation improvement";material;"crop production; tree growth; vegetation";decreased;haphazardly cutting of trees;deforestation;Decreased;Little and irregular rains;"climate change; erratic rainfall";Decrease;Deteriorate;Yes;"Afforestation; education on climate change by government, NGOs and CBO";"reforestation; climate change education";NA;NA;NA;1;0;0;0;0;0;0;0;1;0
2;Blue;2;Source of building material;Building materials;ES.MAT;Materials and assistance;Provisioning;Natural forest (highland);forest;High;livelihoods depend on building materials for housing construction;security;"construction materials; livelihood";decreased;haphazardly cutting of trees;deforestation;Decreased;decreased availability of building materials;building material scarcity;Decrease;Deteriorate;Yes;"Afforestation; education on tree planting, forestry and management by government, NGOs and CBO";"reforestation; forest management education";NA;NA;NA;0;1;0;0;0;0;0;0;1;0
3;Blue;2;Source of firewood and charcoal;Fuelwood;ES.NRG;Energy;Provisioning;Natural forest (highland);forest;High;helps in cooking;physical;cooking fuel;decreased;decreased availability;decreased availability;Decreased;management of natural forests has been left aside;lack of forest management;Decrease;Deteriorate;Yes;afforestation, education provision on trees planting and forest management;"reforestation; forest management education";NA;NA;NA;0;0;1;0;0;0;0;0;1;0
4;Blue;28;Water ;Water;ES.WQN;Regulation of freshwater quantity, location and timing;Regulating;Catchment areas;forest;High;"domestic water use; irrigation agriculture; livestock drinking water";material;"domestic water use; irrigation; livestock";decreased;"climate change; environmental degradation; wildfires; increased  human population";"climate change; environmental degradation; wildfires; population growth";Decreased;"Increased human population; climate change; increased human activities and environmental degradation";"population growth; climate change; environmental degradation; human activities";Decrease;Deteriorate;Yes;"Improved forest protection; controlled forest harvesting; reduced human activities; education to the society; conservation of catchment areas";"forest - protection; tree harvesting - regulate / control; human activities - control; education; catchment areas - conserve";"improve environmental conservation; catchment areas conservation; reduce human activities";"conservation - environment; conservation - catchment area; human activities - reduce";NA;1;0;0;0;0;0;0;0;1;0
5;Blue;32;Honey;Honey;ES.FOD;Food and feed;Provisioning;Upland areas;forest;High;"medicinal; food";physical;"health; food";decreased;"Burning of the bees habitats; deforestation; decreased flowers";"deforestation; habitat destruction";Decreased;Increased human activities;human activities;Increase;Deteriorate;Yes;"Education; seminars to various stakeholders in the community";education;NA;NA;Improved efforts toward natural forest management and tree planting;0;0;1;0;0;0;0;0;1;0
6;Blue;40;Water ;Water;ES.WQN;Regulation of freshwater quantity, location and timing;Regulating;Natural water canals;freshwater;High;"irrigation; drinking water; medicinal plants depend on water";physical;"irrigation; domestic water use; medicinal plants";decreased;Improved conservation status of the natural forest area;forest condition improvement;Increased;"improved conservation education; improved relationship between communities and KINAPA officials";"improved conservation education; improved collaboration";Decrease;Deteriorate;Yes;Conservation education should be a continuous undertaking by the community conservation service department;conservation - provide education;"All citizens to take part in conservation efforts; the TANAPA employees need to be friendly to citizens";"conservation - voluntary; positive relations";NA;0;0;1;0;0;0;0;1;0;0
7;Blue;49;Water ;Water;ES.WQN;Regulation of freshwater quantity, location and timing;Regulating;Upland irrigation canals;freshwater;High;"lowland inhabitants depend on irrigation agriculture; without the canals, there would be food problems";security;"irrigation; food productivity";not changed;Tree cutting has caused decreased water flow downstream;deforestation;Decreased;A large population still have low environmental conservation knowledge thus causing the areas to become deserts;poor conservation education;Increase;Deteriorate;Yes;"Conservation education to allcommunities around open areas; government to collaborate with various stakeholders";conservation - provide education;Increased efforts in conserving the catchment areas;conservation - catchment area;NA;0;1;0;0;0;0;0;1;0;0
8;Blue;55;Traditional medicine;Medicine;ES.MED;Medicinal, biochemical and genetic resources;Provisioning;Natural forests;forest;High;"disease cure; improved immune; economic growth due to good health; family stability";physical;"health, wellbeing; economy";decreased;"deforestation; drought; overpopulation; increased demand for herbs";"deforestation; drought; population growth; overconsumption";Decreased;"Improved modern facilities; formal education; improved health specialits; new health complications";"improved formal education; modern health services; better health specialists";Decrease;Deteriorate;Yes;"Communities to be sensitized on tree planting,environmental conservation; formulation of bi-laws; Government to campaign on tree planting; law enforcement; prepare budget for consrvation";"reforestation - awareness raising; reforestation - campaigns by government; environment - awareness raising; laws and bi-laws - enforcement; conservation - provide budget";"community sensitization on importance of natural medicine; identification of traditional health attendants; documentation of types of traditional medicines";"awareness raising - community; documentation and preservation of natural medicines";Scientific reserch should be conducted on traditional medicines to establish their capacity;0;0;1;0;0;0;0;0;1;0
9;Blue;61;Traditional medicine;Medicine;ES.MED;Medicinal, biochemical and genetic resources;Provisioning;Upland zone;forest;Moderate;cure diseases more reliably;physical;health;increased;"Easy to find; many distributors available";"market demand; overharvesting";Increased;"Increased utilization; Distributors have improved search; industrial production";"overexploitation; industrial production";Decrease;Deteriorate;Yes;"Planting of medicinal plants around homestead; seek permits for fetching from protected areas";"medicinal plants - cultivate; gathering in PA - provide permits ";NA;NA;Need for environmental protection and regulated access to medicinal plants;0;0;1;0;0;0;0;0;1;0
10;Blue;66;Source of water;Water;ES.WQN;Regulation of freshwater quantity, location and timing;Regulating;NA;NA;High;"domestic use; irrigation agriculture; fish ponds";physical;"domestic water use; irrigation; aquaculture";increased;Climate change;climate change;Decreased;Increased demand because of increased uses;increased demand;Increase;Not change;Yes;"Need for collective efforts to protect all water sources; prevent tree cutting; prevent human activities; improve all law enforcement";"water sources - protect; deforestation - prevent; water sources - conserve; human activities - prevent; law - enforce";NA;NA;All inter-related sectors should work together;0;0;1;0;0;0;0;0;0;0
11;Blue;71;Source of water;Water;ES.WQN;Regulation of freshwater quantity, location and timing;Regulating;Natural springs;freshwater;High;"domestic use; irrigation; livestock";material;"domestic water use; irrigation; livestock";decreased;"Climate change; increased population";"climate change; population growth";Decreased;"poor infrustructure; poor policies and regulations implementation";"poor infrastructure; lack of policy implementation";Decrease;Deteriorate;Yes;"Prohibit human encroachment; afforestation using water friendly tree species; conservation of catchment areas; community responsibility to those vanderlizing the water sources";"reforestation; catchment areas - conserve; human encroachment - prevent";Assistance by the government to improve water infrastructure for improved accessbility;"infrastructure - water; community access";Community should realize that the water sources and theirs thus improve accountability;1;0;0;0;0;0;0;1;0;0
12;Blue;73;Source of water;Water;ES.WQN;Regulation of freshwater quantity, location and timing;Regulating;Uplands;forest;High;"her life depends on this area; agricultural and business activities";material;"livelihood; agriculture; business";decreased;"population increase; increased environmental degradation; irrigation agriculture requires a lot of water; policy changes that have changes traditional use of some areas e.g infrustructural develompent";"population growth; irrigation; policy changes; environmental degradation";Decreased;"Decreased rainfall; increased water demand both for domestic and agricultural use";"decreased rainfall; increased water demand for agriculture; increased water demand for domestic use";Decrease;Deteriorate;Yes;"Environmental education; tree planting; catchment area conservation; need for more specialists in environmental conservation";"reforestation; environment - education; conservation - catchment areas; environmental conservation - train specialists";"promote fair ways for distribution of waters from water canals; need for proper statistics for water demands";"water distribution - fair; statistics - water";NA;1;0;0;0;0;0;0;0;1;0
13;Blue;74;Fodder;Fodder;ES.FOD;Food and feed;Provisioning;Riverine shrubs and grass patches;grassland;Moderate;fodder for livestock;material;fodder;decreased;population increase;population growth;Increased;Land shared between brothers and sisters and animals are increasing;decreased land size;Decrease;Deteriorate;Yes;NA;NA;need for a schedule to regulate access of water;water distribution - regulation;NA;1;0;0;0;0;0;0;0;0;1
14;Blue;126;Seed bank;Seed bank;ES.MED;Medicinal, biochemical and genetic resources;Provisioning;Montane forest;forest;High;"repository for indigenous seeds; high species richness; high productivity";cultural;"seed bank; species richness; conservation; genetic materials; agricultural productivity";decreased;Reduced seeds resevors because of increased deforestation;"deforestation; reduced tree seed banks";Decreased;Most areas are now protected and access allowed;"protected areas; increased access";Decrease;Deteriorate;Yes;More areas should be protected to ensure continuous seed production;forests - protect;"ensure monitoring of the protected areas; encorage communities to plant seed plants around their home areas";"monitoring; community engagement";NA;0;0;0;1;0;0;0;0;1;0
15;Blue;126;Source of water;Water;ES.WQN;Regulation of freshwater quantity, location and timing;Regulating;Cathment forest;forest;High;"area where atmospheric vapor is converted to rain; rich in plant species and fern species";material;"rain formation; conservation";decreased;population growth and deforestation on lower elevation has caused less clouds and rain;"population growth; deforestation; decreased rains";Decreased;population growth has resulted in more people sharing this resource;population growth;Decrease;Deteriorate;Yes;"More tree planting; invent alternative charcoal producing methods";"reforestation; energy - develop alternative methods";"Need for better managent of forests to ensure sustainable use; Improve law enforcement";"sustainable management - forest; enforcement - law";NA;1;0;0;0;0;0;0;0;1;0
16;Blue;128;Source of Water;Water;ES.WQN;Regulation of freshwater quantity, location and timing;Regulating;Natural forests;forest;High;water is used both for domestic use and irrigation;material;"domestic water use; irrigation";decreased;"population growth; increased human activities; deforestation";"population growth; deforestation; human activities";Increased;Improved infrustracture;improved infrastructure;Decrease;Deteriorate;Yes;"Emphasize on forest conservation; prevent illegal activities in the forests";"forests - emphasize; illegal activities - prevention";Government to assist communities access improved water accessbility;"governement; water accessibility";NA;1;0;0;0;0;0;0;0;1;0
17;Blue;129;Source of water;Water;ES.WQN;Regulation of freshwater quantity, location and timing;Regulating;Upland zone;forest;High;"domestic use especially in the chagga villages; agriculture in the lowlands";material;domestic water use, irrigation;decreased;"climate change as a result of globalization; high demand";"climate change; increased demand";Decreased;Increased number of people in demand for water;increased demand for water;Decrease;Deteriorate;Yes;"Increased protection of water sources to prevent polution; improved ifrustructure for water supply";"water sources - protection; pollution - prevention; water supply - improve infrastructure";Need for contributions for individuals responsible for water sources protection;funding - water source protection;NA;1;0;0;0;0;0;0;0;1;0
18;Blue;131;Source of water;Water;ES.WQN;Regulation of freshwater quantity, location and timing;Regulating;NA;NA;High;"water for Irrigation; domestic use";material;"domestic water use; irrigation";decreased;"Climate change; deforestation; human activities; over population";"climate change; deforestation; population growth; human activities";Decreased;Increased demand because of increased uses;increased demand for water;Decrease;Deteriorate;Yes;"awareness raising on conservation of water sources; enact policies, regulations and acts with worthwhile punishment to offenders; improving stakeholders' participation";"conservation of water sources - awareness raising; policy - implement; inpunity - reduce; stakeholder participation - increase";"Reforestation around water sources; law enforement; women groups to establish hame tree gardens";"afforestation; enforcement - law; home tree gardens";NA;1;0;0;0;0;0;0;0;0;0
19;Blue;132;Balance of nature;Habitat;ES.HAB;Habitat creation and maintenance;Regulating;NA;NA;High;"climate control; species protection; provision of employment through employment; source of food and medicine";"physical; cultural; material; security";"climate regulation; species protection; employment; food; medicine";decreased;"Human activities; industrialization; use of chemicals; over population; lack of awareness";"human activities; industrialization; use of chemicals; population growth; lack of awareness";Decreased;Human activities;human activities;Decrease;Deteriorate;Yes;"Awareness raising on nature; support of local research";"nature - awareness raising; local research - support";Demarcate areas with strict utilization;land use plan;NA;1;1;1;1;0;0;0;0;0;0
20;Green;1;Timber;Building materials;ES.MAT;Materials and assistance;Provisioning;Forest;forest;High;"Building materials to expand settlement; source of income";material;"building material; source of income; settlement development";increased;Population increase has let to increased demand for settlement development;"population growth; increased demand";No answer;No answer;NA;Increase;No answer;Yes;"Tree planting especially timber varieties; enactment and strict policies in support of afforestation; population control";"reforestation; reforestation policies - implement; population - control";No answer;NA;NA;1;0;0;0;0;0;0;0;1;0
21;Green;1;Food;Food;ES.FOD;Food and feed;Provisioning;"Aquatic; agriculture; fores";"forest; agriculture; freshwater";High;Source of livelihood for people and animals;material;livelihood;decreased;Climate change has affected production and water availability;Climate change;No answer;No answer;NA;Decrease;No answer;Yes;"Population control; Sustainable harvesting";No answer;No answer;NA;NA;1;0;0;0;1;0;0;1;1;0
22;Green;1;Income;Income;ES.LIV;Other - livelihoods, economy, employment and income;Other;"Aquatic; agriculture; fores";"forest; agriculture; freshwater";High;Improves people's living conditions;physical;"livelihood; wellbeing";decreased;"Over exploitation of forest products; climate change";"Overexploitation; Climate change";No answer;No answer;NA;Decrease;No answer;Yes;"Sustainable harvesting; Government should enact strict laws and policies to control exploitation of mountain products";"sustainable harvesting - promote; resources use laws - enact; resources use policies - implement";No answer;Strict laws and policies;NA;0;0;1;0;1;0;0;1;1;0
23;Green;19;Fresh water;Water;ES.WQN;Regulation of freshwater quantity, location and timing;Regulating;Forest;forest;High;"Water for drinking; domestic use, industrial and wildlife";"physical; material";"domestic water use; industry; wildlife";decreased;Forest cutivation;deforestation;Increased;"There is increased  water use; Climate change; Deforestation ";"increased water use; climate change; deforestation";Decrease;Deteriorate;Yes;"Education; strict laws & policies";"education - provide; laws -strict - enact; policies - strict - implement";No answer;NA;NA;1;0;1;0;0;0;0;0;1;0
24;Green;19;Medicines;Medicine;ES.MED;Medicinal, biochemical and genetic resources;Provisioning;Savannah;grassland;High;Treatment of a lot of human diseases including malaria and cancer;physical;health;decreased;Most forests have been cleared for timber and charcoalproduction ;"deforestation; overexploitation; charcoal production";Decreased;Lack of production;lack of production;Decrease;Deteriorate;Yes;"Education on the importance of the resource; strict laws and policies; Aforestation";"natural resources - education; laws -strict - enact; policies - strict - implement; reforestation";No answer;NA;NA;0;0;1;0;0;0;0;0;0;1
25;Green;21;Climate regulation;Climate regulation;ES.CLI;Regulation of climate;Regulating;Montane forests;forest;Moderate;Influences livelihoods such as agricultural production;"physical; material";"livelihood; agricultural production";decreased;"Climate variability due to global warming; temperature rise has caused severe decrease of snow and mountain glacies";Climate change;No answer;No answer;NA;Decrease;Deteriorate;Yes;Increase carbon stock through reforestation and conservation of forests;"carbon stock - increase; reforestation; forests - conservation";No answer;NA;NA;1;0;1;0;0;0;0;0;1;0
26;Green;21;Income;Income;ES.LIV;Other - livelihoods, economy, employment and income;Other;"Grasslands; forest; Alpine";"grassland; forest; alpine";Moderate;Tourism and other forms of livelihoods;material;"tourism; livelihood";decreased;There are fewer product availability;Less availability;Decreased;"Biodiversity loss; Deforestation; Climate change";"climate change; biodiversity loss; deforestation";Decrease;Deteriorate;Yes;Enhancement of conservation efforts;conservation efforts - enhance;"Government; NGOs; Local community";"Government; NGOs; Local communities";Did not visit the environment in 10 years time but conversant with its current state;1;0;0;0;0;0;1;0;1;1
27;Green;21;Fresh water;Water;ES.WQN;Regulation of freshwater quantity, location and timing;Regulating;"Aquatic habitat; montane forest; glacier";"freshwater; forest; alpine";High;Water reserves are important for develpment activities, agriculture health and research activities;material;"development; agriculture; livelihood; research";decreased;Changes in water cycles largely due to deforestation;"water cycles; deforestation";Decreased;"Changes in water cycles have led to reduced water downstream; increased population has caused redueced accessbility";"population growth; reduced water flows";Decrease;Deteriorate;Yes;Reforestation and conservation ;"reforestation; conservation";"Communities;Government";"Government;  Local communities";Did not visit the environment in 10 years time but conversant with its current state;1;0;0;0;0;0;1;1;1;0
28;Green;24;Biodiversity;Biodiversity;ES.HAB;Habitat creation and maintenance;Regulating;Forest;forest;High;Nature Regulation;physical;"habitat; ecosystem function";decreased;"Human activities; Climate Change";"human activities; climate change";Decreased;Environmental degradation;environmental degradation;Decrease;Deteriorate;Yes;"Conservation initiatives; Law & by-law enforcements";"conservation;  law - enforce";No answer;NA;There is an urgent need of conservation;0;0;1;0;0;0;0;0;1;0
29;Green;24;Fresh water;Water;ES.WQN;Regulation of freshwater quantity, location and timing;Regulating;Aquatic;freshwater;High;Without water, there is no life on the earth;physical;"sustain life; life support system";decreased;Due to environmental degradation and climate change;"environmental degradation; climate change";Decreased;"Human population increase; increased scarcity";"population growth; scarcity";Decrease;Deteriorate;Yes;"Environmental education; Restoration of degraded habitatis; Law and by-law enforcement";"environmental - education; degraded habitats - restore; law & by-laws - enforce";No answer;NA;Nature/habitat restoration;0;0;1;0;0;0;0;1;0;0
30;Green;25;Climate regulation;Climate regulation;ES.CLI;Regulation of climate;Regulating;Forest;forest;High;"Sustainable agriculture production; Climate change mitigation";material, security;"sustainable agriculture; climate change mitigation";decreased;Unsustainable use of forest products;overexploitation;Decreased;Decrease in forest/vegetation cover;decreased forest cover;Decrease;Deteriorate;Yes;"Conservation initiatives; afforestation; support use of environmentally friendly gas to reduce pressure on the forest resources";"conservation initiatives;reforestation; alternative energy sources - support use";No answer;NA;NA;1;1;0;0;0;0;0;0;1;0
31;Green;25;Food;Food;ES.FOD;Food and feed;Provisioning;Agricultural land;agriculture;High;Livelihood base for communities;material;livelihood;decreased;"Increased soil erossion; declinié in soil fertility; decline in water for irrigation";"soil erosion; soil fertility decline; declined water availability";Decreased;Reduced water flows in the rivers due to climate change and other anthropogenic activities;"climate change; human activities";Decrease;Deteriorate;Yes;"Use of improved technologies; Conservation of land and water resources";"Improved technologies - apply; natural resources - conservation";No answer;NA;NA;1;0;0;0;1;0;0;0;0;0
32;Green;25;Tourism;Tourism;ES.LIV;Other - livelihoods, economy, employment and income;Other;"Forests; Agricultural land";"forest; agriculture";High;Biodiversity contributes to subsiscence and national economy;material;"national economy; subsistence economy";decreased;Climate change and other anthropogenic activities;"Climate change; human activities";Decreased;Conversion of habitats due to increased commercialization of products;"habitat conversion; commercialization";Decrease;Deteriorate;Yes;Improve and support ecotourism and other forms of tourism;ecotourism - develop;No answer;NA;NA;1;0;0;0;1;0;0;0;1;0
33;Green;26;Food;Food;ES.FOD;Food and feed;Provisioning;Forests;forest;High;Food  and medicine provisioning;physical;"food; medicine";decreased;"Population growth; Human activities";"population growth; human activities";Decreased;Human interventions and forest clearing has caaused decreased services;"human activities; deforestation";Decrease;Deteriorate;Yes;"Environmental education; Clear land use policies";"environmental - education; land-use policies - land use plans and policies - provide clarity";No answer;NA;Conservation of nature;0;0;1;0;0;0;0;0;1;0
34;Green;26;Climate regulation;Climate regulation;ES.CLI;Regulation of climate;Regulating;"Forests; Woodlands";forest;High;Good climatic conditions which enables proper working conditions;material;"good climate; good working conditions";decreased;Population pressure has caused increased clearing of vegetation;"population growth; habitat destruction";Decreased;Deforestation;deforestation;Decrease;Deteriorate;Yes;"Proper conserrvation initiatives and community education on the effects arising from mismanagement of forests; clear land use plan and policies";"conservation initiatives; forest management - education; land use plans and policies - provide clarity";;NA;"More research on climate change impacts and adaptation; Conservation measures to protect the nature";1;0;0;0;0;0;0;0;1;0
35;Green;26;Fresh air;Air;ES.AIR;Regulation of air quality;Regulating;Forests;forest;High;Provides fresh air ;physical;fresh air;decreased;Increased polution due to human activities;"pollution; human activities";Decreased;Increased pollution;pollution;Decrease;Deteriorate;Yes;Pollution control mechanisms;pollution - control;No answer;NA;Advocate afforestation and conservation efforts;0;0;1;0;0;0;0;0;1;0
36;Green;31;Income;Income;ES.LIV;Other - livelihoods, economy, employment and income;Other;Tourism & Products;NA;High;"For National GDP and development; Household subsistence development";material;"national gdp; household income";no answer;No answer;NA;No answer;No answer;NA;No answer;No answer;Yes;Trading our icon as the tallest mountain in Africa and attract more toursists, support ecotourism;"ecotourism - develop; Kilimanjaro - increase marketing ";Government;Government;NA;1;0;0;0;0;0;0;0;0;0
37;Green;31;Food;Food;ES.FOD;Food and feed;Provisioning;Plants;NA;Moderate;Food for human and otther animals;physical;"food; fodder";no answer;No answer;NA;No answer;No answer;NA;No answer;No answer;Yes;"Develop land use plans; establish sustainable irrigation schemes; Financial support to farmers; Agriculture extension services to farmers";"land use plans - develop; sustainable irrigation - establish; farmers - provide financial support; agricultural extension services - improve";No answer;NA;NA;0;0;1;0;0;0;0;0;0;0
38;Green;31;Water;Water;ES.WQN;Regulation of freshwater quantity, location and timing;Regulating;Mountain;forest;High;"Support agricultural activities; rain source; Climate regulation; support aquatic life";"physical; material";"rain source; climate regulation; support aquatic life; agriculture";no answer;No answer;NA;No answer;No answer;NA;No answer;No answer;Yes;"Afforestation and conservation of the existing vegetation to support proper functioning of the hydrological cycle eventually supporting human activities such as agriculture; Useful guidelnes to support nature conservation";"reforestation; conservation";Government;Guidelines/Acts;NA;1;0;1;0;0;0;0;0;1;0
39;Green;38;Soil fertility;Soil fertility;ES.SOL;Formation, protection and decontamination of soils, and sediments;Regulating;No answer;NA;High;Ensure livelihood of people through crop production;"physical; material";"livelihood; agriculture";increased;More efforts are emphasized on plantations and afforestation;"reforestation; plantation";Increased;"Increased awareness of individuals about not to cut trees; afforestation efforts";"increased awareness; reforestation";Decrease;Deteriorate;Yes;More enforcement and low regulation;laws and regulations - enforce;No answer;NA;NA;1;0;1;0;0;0;0;0;0;0
40;Green;38;Ecotourism;Ecotourism;ES.EXP;Physical and psychological experiences;Cultural;Forest;forest;High;Biodiversity conservation;cultural;biodiversity conservation;increased;"Conservation campaigns; Government support";"conservation campaigns; government support";Increased;Conservation education and awareness raising efforts have rendered people to better understand importance of the service;"conservation education; awareness raisning";Decrease;Deteriorate;Yes;"More awareness raising campaigns will increase knowledge of the local communities; clear laws and enforcement";"raising awareness; laws and regulations - enforce";Government;Law enforcement;NA;0;0;0;1;0;0;0;0;1;0
41;Green;38;Carbon sequestration;Carbon sequestration;ES.CLI;Regulation of climate;Regulating;Forest;forest;High;Determines the trend of climate change;security;climate change mitigation;increased;"Increased awareness among communities on the importance of conserving plants/forests; aforestation efforts";"Increased awareness; reforestation";Increased;Increased areas that are protected;protected areas;Decrease;Deteriorate;Yes;Need for more awareness raising efforts at all levels;awareness raising;No answer;NA;NA;0;1;0;0;0;0;0;0;1;0
42;Green;45;Food;Food;ES.FOD;Food and feed;Provisioning;Savannah;grassland;High;Support human livelihood;"security; physical";livelihood;decreased;"Loss of soil fertility; Change in Climatic condition";"soil fertility decline; climate change";Decreased;"Increased population; Loss of soil fertility";"population growth; soil fertility loss";Decrease;Deteriorate;Yes;"To deploy proper land use plans and management; introduce equitable land use and access; balance the inetr-socioeconomic activities in the ecosystem";"land use plans - better - implement; land access - equitable - provide; resources use - sustainable";No answer;NA;NA;0;1;1;0;0;0;0;0;0;1
43;Green;45;Timber;Building materials;ES.MAT;Materials and assistance;Provisioning;Forest;forest;High;"Source of building materials; carbon sequestration and Charcoal production";material;"building material; charcoal; carbon sequestration";decreased;"Deforestation; Forest conversion into settlement areas; agricultural expansion and other socioeconomic activities";"deforestation; forest conversion to settlement; agriculture expansion; human activities";Decreased;"Competitive land uses such as livestock keepers vs farmers; propulation increase causes excessive use of forests";"land use competition / conflict; population growth; overexploitation of forests";Decrease;Deteriorate;Yes;"Control land uses such as settlement and agriculture areas; Advocate agroforest; good governance";"agricultural expansion - control; settlement expansion - control; agroforestry - expand; good governance - improve";No answer;NA;NA;1;0;0;0;0;0;0;0;1;0
44;Green;45;"Aquatic (Rivers; Pond; Springs)";Water;ES.WQN;Regulation of freshwater quantity, location and timing;Regulating;NA;NA;High;"For irrigation activities; Human consumption as well as for agriculture";"physical; material";"human consumption; irrigation; agriculture";decreased;"Poor management of water bodies by communities living adjacent to catchment areas; excessive climatic conditions such as drought, flooding; Deforestation of river catchment";"poor water management practices; deforestation; climate change";Decreased;"Increased population; water pollution; excessive competition among various users";"population growth; land use competition / conflict";Decrease;Deteriorate;Yes;"Clear strategies and laws; advocate Integrated Water resource Management; Ensure equitable use of existing water resources; control water pollution";"strategies - provide clarification; laws - provide clarification; Intergrated Water Resources Managment - advocate; water resources - ensure equitable use; water pollution - control";Government;Equitable use of existing water resources;NA;1;0;1;0;0;0;0;0;0;0
45;Green;52;Firewood;Fuelwood;ES.NRG;Energy;Provisioning;All;NA;Moderate;Source of cooking energy;physical;cooking fuel;decreased;"Deforestation; lack of water; Population increase; lack of alternative energy sources";"deforestation; reduced water availability; population growth; no alternative energy";Decreased;"Deforestation; lack of water; Population increase; lack of alternative energy sources";"deforestation; population growth; climate change";Decrease;Deteriorate;Yes;"Alternative sources of cooking energy; Reforestation efforts; Community sensittization";"reforestation; alternative energy sources - provide; awareness raising";No answer;NA;NA;0;0;1;0;0;0;0;0;0;0
46;Green;52;Livelihoods;Livelihoods;ES.WEB;Other - human health and wellbeing;Other;Pasturers;grassland;High;Healthy pastures are critical to the livelihoods of pastoral communities;"physical; material";"livelihood; healthy pastures";decreased;"Deforestation; lack of water; overgrzing; Population increase";"deforestation; population growth; overgrazing; water scarcity";Decreased;"Deforestation; lack of water; overgrzing; Population increase";"deforestation; population growth; water scarcity; overgrazing";Decrease;Deteriorate;Yes;"Reforestation and conservation; Cattle ownership; Community sensitization; alternative income generating activities to help pastoralists keep less livestock ";"reforestation; conservation; awareness raising; alternative income generation - provide";No answer;NA;NA;1;0;1;0;0;0;0;0;0;1
47;Green;52;Medicines;Medicine;ES.MED;Medicinal, biochemical and genetic resources;Provisioning;NA;NA;High;"Communities depend on the plants/roots as sources of medicine for families; income generation";"physical; material";"health; income";decreased;"Deforestation; Climate change; Over harvesting";"deforestation; climate change; overharvesting";Decreased;"Deforestation; Climate change; Over harvesting";"deforestation; climate change; overharvesting";Decrease;Deteriorate;Yes;"Reforestation; Community sensitization; alternative income generating activities";"reforestation; awareness raising; alternative income generation - provide";No answer;NA;NA;1;0;1;0;0;0;0;0;0;0
48;Green;76;Mprovision of products such as medicines;Medicine;ES.MED;Medicinal, biochemical and genetic resources;Provisioning;"Forests; Savanah";"forest; grassland";High;"Products; income generation; healthy";"physical; material";"products; income; health";decreased;"Human activities; Climate Change; littel knowledge";"human activities; climate change; lack of knowledge";Decreased;"Human activities; Climate Change; littel knowledge";"human activities; climate change; lack of knowledge";Decrease;Deteriorate;Yes;"Conservation education;  sustainable harvesting of products";"conservation - education; sustainable harvesting";No answer;NA;NA;1;0;1;0;0;0;0;0;1;1
49;Green;76;Biodiversity;Biodiversity;ES.HAB;Habitat creation and maintenance;Regulating;All;NA;High;"Conservation of species; buffer to all ecosystems; tourism; agroecological functions";"physical; material";"biodiversity conservation; tourism; agroecology; ecosystem function";decreased;Human land use, Climate change;"human activities; climate change";Decreased;Decreased ranges and population size;"animal population decrease; animal range decrease";Decrease;Deteriorate;Yes;"Restrict human activities; Ensure buffer zones are well protected; awareness raising highlighting importance of agricultural touristic and conservation sectors";"human activities - restrict; buffer zones - protect; tourism sector - raise awareness; agricultural sector - raise awareness; conservation sector - raise awareness";No answer;NA;NA;1;0;1;0;0;0;0;0;0;0
50;Green;76;Carbon sequestration;Carbon sequestration;ES.CLI;Regulation of climate;Regulating;NA;NA;High;Carbonr stocks for climate change mitigation;physical;climate change mitigation;decreased;"Deforestation; increased human activities";"human activities; deforestation";Decreased;Human activities;human activities;Decrease;Deteriorate;Yes;"Prevent harvesting; Reforestation; buffer of woody vegetation";"harvesting - prevent; reforestation";No answer;NA;NA;0;0;1;0;0;0;0;0;0;0
51;Green;81;Food;Food;ES.FOD;Food and feed;Provisioning;"Agricultural land; forest; aquatic ecosystems";"forest; agriculture; freshwater";High;Food is daily necessity;physical;food;no answer;No answer;NA;No answer;No answer;NA;No answer;No answer;No answer;"Improved agricultural production; better access for farmers to distribute their goods";"agricultural production - increase; agricultural products - better";No answer;NA;NA;0;0;1;0;1;0;0;1;1;0
52;Green;81;Pest and disease control;Pest and disease control;ES.PST;Regulation of organisms detrimental to humans;Regulating;"Agricultural areas; Forest; Savanah";"forest; agriculture; grassland";High;Food production and income generation;"physical; material";"food; income";no answer;No answer;NA;No answer;No answer;NA;No answer;No answer;No answer;"Habitats for natural endemics; improved knowledge on pests ad predator interactions";"Habitat; Improved knowledge";No answer;NA;NA;1;0;1;0;1;0;0;0;1;1
53;Green;81;Fertile soils;Soil fertility;ES.SOL;Formation, protection and decontamination of soils, and sediments;Regulating;"Forest; agricultural areas; Savannah";"forest; agriculture; grassland";High;"Tree growth; Crop production";material;"tree growth; agricultural productivity";no answer;No answer;NA;No answer;No answer;NA;No answer;No answer;No answer;"Training on soil management; reduced disturbance on natural systems";"Conservation education on soils; Restricted use";No answer;NA;NA;1;0;0;0;1;0;0;0;1;1
54;Green;134;Food;Food;ES.FOD;Food and feed;Provisioning;"Forest; aquatic ";"forest; freshwater";High;"Provide food; Development of agricultural plans; source of water; support aquatic life";"physical; material";"food; agriculture; water source; life support";no answer;No answer;NA;No answer;No answer;NA;Decrease;Deteriorate;Yes;"Enforce appropriate laws; Promote conservation education; Discourage threats";"Law enforcement; Conservation education";No answer;NA;NA;1;0;1;0;0;0;0;1;1;0
55;Green;134;Cultural value;Cultural value;ES.IDE;Supporting identities;Cultural;"Forest; Mountain; Water resevours";"forest; freshwater";High;"Spiritual value; religious; pride of Africa";cultural;"spiritual value; identity";no answer;No answer;NA;No answer;No answer;NA;Decrease;Deteriorate;Yes;"Keep preserving abd protect the mountain agaist encrochment; human settlement; law enforcement";"Conservation; law enforcement";No answer;NA;NA;0;0;0;1;0;0;0;1;1;0
56;Green;134;Income;Income;ES.LIV;Other - livelihoods, economy, employment and income;Other;"Forest; mountain; Alpine moorland";"forest; alpine";High;"Promote Tanzanian tourism; incone generation both for national ad locals, employment creation; Medicinal/food to locak people";"physical; material";"tourism; income; employment; medicinal";no answer;No answer;NA;No answer;No answer;NA;Decrease;No answer;No answer;"Encourage environmental education; law enforcemet; promote responsible tourism; discourage encroachment";"Environmental educaton; law enforcement; tourism; discourage deforestation";No answer;NA;NA;1;0;1;0;0;0;1;0;1;0
57;Orange;4;Nutrient cycling;Nutrient cycling;ES.SOL;Formation, protection and decontamination of soils, and sediments;Regulating;Savannah;grassland;High;Nutrient cycling which is done by earthworms and dung beetles is very important as it increases soil fertility;material;soil fertility;decreased;Increased human population which destroys the environment and living organisms;"population growth; environmental degradation";decreased;Human activities like agriculture has decreased this access because there were many areas burnt and when the areas are burned, the living organisms in the soil, e.g. earthwoms and dung beetles, most of them die. Hence, decreased access to ertile soil.;fire;decrease;deteriorate;yes;Government should provide conservation education from the primary scholl to higher learning students, so that when this young generation grows up, they are aware of environmental conservation;education;NA;NA;NA;1;0;0;0;0;0;0;0;0;1
58;Orange;4;Medicinal trees;Medicine;ES.MED;Medicinal, biochemical and genetic resources;Provisioning;Forest;forest;High;It provides medicine to people;physical;health;decreased;Overexploitation of trees by local people for medicinal use;overexploitation;decreased;Overexploitation of trees has changed access from high access to lower access as some of the trees are near to extinction;overexploitation;decrease;deteriorate;yes;"Government should provide conservation education to local people; local people, through their leaders should be involved in conservation matters; Enhance tree planting to local communities";"education; involvement; tree planting";NA;NA;NA;0;0;1;0;0;0;0;0;1;0
59;Orange;13;Water source;Water;ES.WQN;Regulation of freshwater quantity, location and timing;Regulating;Forest;forest;High;It provides water at high mount for irrigation and domestic use;"physical; material";"human consumption; irrigation; agriculture";increased;"The community does not cut off the tree; population growth was very low";"decreased logging; low population growth";decreased;"existence of laws that strictly prohibit entrance of forest; increase in numbers of people who destroy the forest";"restricted forest access; forest degradation";decrease;deteriorate;yes;"Construct bylaws that will control community to access the conserved area illegally; public awareness on benefits given from forests";"legal measures; awareness raising";"Control population; introduce new technology of drilling water rather than depending on single use of water from forest";"population control; drilling water well";NA;1;0;1;0;0;0;0;0;1;0
60;Orange;13;Medicinal plants / trees;Medicine;ES.MED;Medicinal, biochemical and genetic resources;Provisioning;Forest;forest;Moderate;Local community benefits by getting the medicinal plants;physical;medicine, health;decreased;"Population grows; local community depending on one source of resource for their needs";population growth;decreased;"Existence of bylaws; raise of awarenesss of local community on using technological medics rather than local ones";"legal; promotion and use of mainstream drugs";decrease;deteriorate;yes;Raising awareness of local communities not to depend on forest products only;awareness raising;Bylaws that regulate entrance of locals to forest resource;Restrict access;NA;0;0;1;0;0;0;0;0;1;0
61;Orange;35;Carbon sink;Carbon sequestration;ES.CLI;Regulation of climate;Regulating;Forest;forest;High;Helps to reduce greenhouse gases such as CO2 by absorbing them;"security; physical";reduces greenhouse gas;decreased;Human destructive activities, such as clearing forests for agricultural land, building etc;"human activities; deforestation for agriculture; urbanization";decreased;Heat waves have been seen to be increasing;climate change;decrease;deteriorate;yes;"Encourage reforestation; set more protected areas; provide environmental education by governments / NGOs";"reforestation; environmental education; PA designation";In order to have access to carbon seuqestration services from the forest, we need to conserve more areas for nature, we need to plant more trees, and discourage unsustainable use of forest products;PA designation, tree planting, sustainable consumption;NA;0;1;1;0;0;0;0;0;1;0
62;Orange;35;Water source;Water;ES.WQN;Regulation of freshwater quantity, location and timing;Regulating;Mountain;forest;High;The mountain is a water tower for the town of Moshi and other surrounding districts for both domestic and commercial uses. It is a source for irrigation, hydroelectrical power etc;"physical; material";"domestic water use; irrigation; hydropower";increased;"More services on water has been extended to people through the use of pipes; more water reservoirs have been established; more irrigation schemes have been established";"piped water; water reservoirs; irrigation schemes";increased;The access has increased;access increased;decrease;deteriorate;yes;plant more trees on the slope of Mount Kilimanjaro to encourage more water retention capacity of the mountain;tree planting;"Improve more services to the people through the use of efficient water distribution, e.g. pipe etc; people should be encouraged to pay for the service";"water distribution system; commercialization";NA;1;0;1;0;0;0;0;0;1;0
63;Orange;35;Flood control;Flood control;ES.HAZ;Regulation of hazards and extreme events;Regulating;Forest;forest;High;"It helps to regulate direct rain drops by acting as a cushion to slow doen the impacts of the rain on the soil; it also regulates the water speed from the rain";material;"rainfall interception; runoff reduction";decreased;Human destructive activities such as cutting down of trees to pave large for agricultural practicces;forest conversion to agriculture;decreased;Flooding continues to impact most areas in the area;flooding;decrease;deteriorate;yes;"The government, in collaboration with other organizations such as international NGOs, can set aside more protected areas; encourage people to plant more trees; provide environmental education";"reforestation; environmental education; PA designation";In order to inctrease access to this services, people should be taught the importance of the ecosystem services provided by nature;environmental education;NA;1;0;0;0;0;0;0;0;1;0
64;Orange;43;Rainfall;Rain;ES.CLI;Regulation of climate;Regulating;Forests;forest;High;"Regulates the vegetaton cover of our areas; provides water for agricultural activities; provides water for the wildlife resources";"physical; material";"ecosystems; wildlife; agriculture";decreased;"Prolonged droughts due to changed climate; deforeststion";"climate change; deforestation";decreased;"Climate changes; high demand of rainfall; high population growth";"climate change; population growth; increased demand";decrease;deteriorate;yes;"More efforts on tree planting activities; land restoration practices";"tree planting; land restoration";More trees should be planted;tree planting;NA;1;0;1;0;0;0;0;0;1;0
65;Orange;43;Source of water;Water;ES.WQN;Regulation of freshwater quantity, location and timing;Regulating;Water bodies;freshwater;High;"Provides water for the people's various uses domestically; provides raw materials for industrial development";"physical; material";"domestic water use; industrial water use";decreased;"Climate change; growing number of population; growing number of livestock";"climate change; population growth; livestock increase";decreased;"More people having to share the same resources; climate changes affected water availability in the area";"population growth; climate change; resource scarcity; reduced water availability";decrease;deteriorate;yes;"Afforestation: plant more trees; encourage environmental friendly economic activities, e.g. beekeeping";"tree planting; environmentally friendly economic activities";"Controlling population growth; change environmental policies to control access to water resources; more efforts on conservation education";"population control; regulate acces to water; environmental education";NA;1;0;1;0;0;0;0;1;0;0
66;Orange;58;Water;Water;ES.WQN;Regulation of freshwater quantity, location and timing;Regulating;Agroforestry;agroforestry;High;Without water there is no life;physical;Water is life;decreased;Climate change due to environmental destruction;Climate change, Environmental destruction;decreased;Increased human population has caused increased demand;Population growth;Decrease;Deteriorate;Yes;Environmental education;awareness raising;NA;NA;NA;0;0;1;0;0;1;0;0;1;0
67;Orange;58;Food;Food;ES.FOD;Food and feed;Provisioning;Agroforestry;agroforestry;High;Makes people live;physical;Life;decreased;Environmental degradation;Environmental degradation;decreased;Environmental degradation;Environmental degradation;Decrease;Deteriorate;Yes;Environmental education;Awareness raising;NA;NA;NA;0;0;1;0;0;1;0;0;1;0
68;Orange;59;Habitat;Habitat;ES.HAB;Habitat creation and maintenance;Regulating;Forest, rivers;"forest; freshwater";High;Provide areas for breeding, feeding;cultural;"breeding areas; feeding areas";decreased;"Human illegal activities; poor agricultural methods";"Human illegal activities; poor agricultural methods";decreased;"People are still doing illegal activities; which has caused more destruction";"illegal activities; environmental degradation";decrease;deteriorate;yes;"Education; tree planting; use of rules and regulations";"education; tree planting; regulatory control";"funds; professionals to provide education to local communities";"financial resources; education";All stakeholders should cooperate in safeguarding these habitats so as the nature to provide quality services to both human and wild organisms;0;0;0;1;0;0;0;1;1;0
69;Orange;59;Seed dispersal;Seed dispersal;ES.POL;Pollination and dispersal of seeds and other propagules;Regulating;Wildlife corridor;grassland;High;It allows dispersal of trees from one place to another which is done by biords, wild animals, insects;cultural;seed dispersal;decreased;"Blockage of migratory corridor due to urbanization; development activities, i.e. dam constructiion which affects birds migratory route";"urbanization; dam construction";decreased;Human activities are still done on the wildlife corridor;human activities;decrease;deteriorate;yes;"Education on importance of wildlife corridors; shifting peoplereside in these corridor that is reopen of the corridor";"relocation; resettlement";;;Local community should be involved in this process of shifting to the corridor so to allow the service to take place;0;0;0;1;0;0;0;0;0;1
70;Orange;60;Source of food;Food;ES.FOD;Food and feed;Provisioning;;;High;"It is where life earns; the stuff and non tangible things found, provided by nature contributes to over 65% of things useful to the local population";"material; security; cultural";;decreased;"Poor / bad use and management of land; lack of awareness; the major contributor is global warming";"climate change; lack of awareness; poor land management";decreased;"An increase in population; use of cultivation methods which are not friendly to the matter of conservation";"population growth; unsustainable agriculture / poor agricultural practices";decrease;deteriorate;yes;"Raising awareness to the community; farm extension services should be provided to the maximum to the local societies to improve farmnig / cultivation practices";"awareness raising; improve farm extension services ";"Land use plans and management is adviced; increased production of food like quantity , quality and means";land use palns;;1;1;0;1;0;0;0;0;0;0
71;Orange;60;Source of energy;Energy;ES.NRG;Energy;Provisioning;;;Moderate;"Energy is a daily used component; overuse of nature's material for energy is harmful to ecosystem and conservation";material;energy;decreased;"The increase of population; minimum use of alternative sources of energy out of charcoal and firewood; lacking of awareness";"population growth; lack of use of alternative energy; lack of awareness";not changed;"Corruption; higher prices to alternative sources of energy; dependency on the same sources of energy as per nature of life";"corruption; high cost of alternative energy; dependence on fuelwood";increase;not change;yes;"Increase of cheaper means of energy for the community; raising awarenes to the society; government's will to change the situation";"cheaper energy; awareness raising; government action";"Reduction of the costs and prices of the alternative sources of energy; planting trees to be used specially for fuel consumption";"cheaper energy; planting energy trees";NA;1;0;0;0;0;0;0;0;0;0
72;Orange;77;Rainfall;Rain;ES.CLI;Regulation of climate;Regulating;Agroforestry;agroforestry;High;"Improve agriculture; source of water; source of animal pasture; source of electrical power";material;"water; agriculture; energy; fodder";decreased;"Deforestation; bad agricultural practice";"deforestation; poor agricultural practices";decreased;"Overgrazing; deforestation";"overgrazing; deforestation";decrease;deteriorate;yes;"Increase afforestation; community awareness; use modern agricultural practices";"afforestation; raising awareness; agricultural improvement";to have more than one energy so as to reduce the use of rainfall as source of energy;energy source diversification;NA;1;0;0;0;0;1;0;0;1;0
73;Orange;77;Water sources;Water;ES.WQN;Regulation of freshwater quantity, location and timing;Regulating;Forest;forest;High;"Source of enrg; use for agricultural practice; use for domestic and animal purposes";"physical; material";"energy; agriculture; domestic use; animal use";decreased;"Population increase; bad agricultural practices; deforestation; lack of land use planning;m political intervention";"population growth; bad agricultural practices; deforestation; lack of land use planning";decreased;"Increase of population; overgrazing";"population growth; overgrazing";decrease;deteriorate;yes;"Community awareness; re / afforestation; fencing the water sources";"raising awareness; reforestation; fencing";conservation of water sources;conservation of water sources;NA;1;0;1;0;0;0;0;0;1;0
74;Orange;83;Water sources;Water;ES.WQN;Regulation of freshwater quantity, location and timing;Regulating;Montane Forest;forest;High;"Provides water for domestic, agricultural and industrial use; water for wildlife and livestock; other living organisms";"physical; material";"agriculture; industry; domestic use; wildlife; livestock";decreased;"Population increas vs water resources; large scale farming which needs more water for irrigation; climate change; loss of canopy cover especially where river crosses";"population growth; irrigation; climate change";increased;"More water infrastructures for water supply; more storage tanks and pipes";improved water storage and distribution infrastructure;decrease;deteriorate;yes;"Population control / family planning; land use plans; wise use of water resources; educating the communities; enforecemnt of laws rules and regulations; the government, communities and all other water users should do these";"population control; land use plans; wise use of resources; education; law enforcement";"Good water resources planning; urban planning; reduce leakages; improve storage tanks; enforce laws, regulations and rules; the government, communities and all other water users should do these";"planning; technical improvements; law enforcement";NA;1;0;1;0;0;0;0;0;1;0
75;Orange;83;Recreational or tourism value;Tourism;ES.EXP;Physical and psychological experiences;Cultural;Montane forests, Alpine desert, Glaciers;"forest; alpine";High;"Brings about foreign currency; employment opportunity to local people, e.g. guides, porters, cooks etc; tourism brings about multiplier effects; improves relationship";material;"income; employment; multiplier effect";increased;"more tourism products and experiences; good protection of resources; more advertisements; good security of the country";"increased tourism; protection of resources; advertisements; security";increased;"more tourism products; good access / infrastructures / facilities; more tour operators / agents; more advertisements";"tourism products; access; infrastructure; facilities; tour operators; agents; advertisements";decrease;deteriorate;yes;"improve services to tourists; strengthen security; introduce more tourism products; more adverisement; protection of the habitats; the government, tour operators, communities and other partners should do this";"services; security; tourism products; advertisements; habitat protection";"Improve inrastructure / facilities; more information to tourists or tour agentas (adverts); good services, e.g. transportation, food etc; the government, operators and other partners";"infrastructure; facilities; information; services; transportation; food";NA;1;0;0;0;0;0;1;0;1;0
76;Orange;120;Rainfall;Rain;ES.CLI;Regulation of climate;Regulating;Plantations;agriculture;High;"Because the potential increase of yield crops depends on water / rainfall; important for the aquatic livelihood and the domestic uses";"physical; material";"crop yield; aquatic life; domestic use";decreased;changed due to change in temperature, cliamtic change, deforestation and poor agricultural activities;"climate change; temperature; deforestation; poor agricultural practices";decreased;"erratic rain period; prolonged drought; climatic change";"drought; erratic rain; climate change";decrease;deteriorate;yes;knowledge about the effects of deforestation, and the effect of not using conservation agriculture;"improve knowledge; understanding effects of deforestation; conservation agriculture";sensibilization of the community and the knowledge to the community;"awareness raising; education";NA;1;0;1;0;1;0;0;0;0;0
77;Orange;120;Soil fertility;Soil fertility;ES.SOL;Formation, protection and decontamination of soils, and sediments;Regulating;Agricultural lands;agriculture;High;Because the fertility of the soil increases the potential yield for the crops;material;agricultural productivity;decreased;the fertility has changed because of the poor agricultural practices, e.g. deforestation leads to leaching / erosion. The use of pesticides leads to destroy the beneficial organisms for organic matter decomposition which fall to fertility;"poor agricultural practices; deforestation; leaching; erosion; pesticides; loss of soil biodiversity";decreased;because some of the beneficial soil organisms to decompose organic matter for the soil fertility some destroyed;loss of soil biodiversity;decrease;deteriorate;yes;knowledge concerning environmental degradation has to be given to the community in general;education;conservation agriculture has to be practical to the particular community;conservation agriculture;General awareness (knowledge to the community concerning conservation agriculture);1;0;0;0;1;0;0;0;0;0
78;Orange;121;Pollination;Pollination;ES.POL;Pollination and dispersal of seeds and other propagules;Regulating;NA;NA;High;Pollination is the important factor for fruit development, thus food;"physical; material";"fruit yield; food";decreased;The pollinator agents such as bees are decreasing;decrease in bee populations;decreased;"the decrease of natural patches in the farmland has resulted in poor diversity of pollinators; application of chemicals for agriculture";"loss of forest patches; agrochemicals";decrease;deteriorate;yes;Maintain and improve the natural patches in agricultural habitats;conservation of forest patches;reducing application of pesticides in farming processes;reduce pesticide use;NA;1;0;1;0;0;0;0;0;0;0
79;Orange;121;Carbon sink;Carbon sequestration;ES.CLI;Regulation of climate;Regulating;Mount Kilimanjaro;NA;High;"The nature initiaties the life system in the community (i.e. everything start from it); the food, shelter, clothing etc";"physical; material; security";"food; shelter; clothing";decreased;Climatic changes due to population increases had result in all the changes;"climate change; population growth";decreased;There is a bit of competition from them while the numbers of these resources are decreasing in relation to carrying capacityies;"resources decrease; carrying capacity is exceeded; competition in access to natural resources";decrease;deteriorate;yes;"Documenting and publicizing them for awareness; proper measure for utilizing and protecting them, e.g. laws; commitment on conserving them; substitutional resources are needed";"awareness raising; legal instruments; alternative resources";NA;NA;NA;1;1;1;0;0;0;0;0;0;0
80;Orange;121;Agriculture benefits;Agriculture;ES.FOD;Food and feed;Provisioning;Mount Kilimanjaro;NA;High;source of food (e.g. banana), and raw materials;material;"food provision; raw materials";decreased;the productivity is low by now;decreased of agricultural productivity;not changed;NA;NA;decrease;deteriorate;yes;Proper agro-conservation application in farmlands along the Mount Kilimanjaro;conservation agriculture;Land use planning has to lead the application and access to this service;land use planning;NA;1;0;0;0;0;0;0;0;0;0
81;Orange;122;Building material;Building materials;ES.MAT;Materials and assistance;Provisioning;Forestry;forest;High;"Help community to build its home; help community to gain income through selling this building material; it helps the community in building infrastructure; it is a source of employmentthrough employee community on preparing this material";material, security;"building material; income; employment; infrastructure";decreased;"Demand of community has increased; poor awareness to the community toward conserving forest; shortage of land due to population increase; slear forest for establishment of settlement; poor land use planning to community; climate variability shortage of rainfall";"increase of demand; lack of awareness; land shortage; population growth; poor land use planning; climate change; lack of rain; deforestation for settlements";decreased;"population increase; human activities like livestock and agriculture; demand of the service has increased";"population growth; livestock; agriculture; increased demand";decrease;deteriorate;yes;"public awareness; tree planting; law enforcement";;"Regulary public education; effective implementation of laws and policies; establishment of forest club";"education; law implementation; forest club";NA;1;1;0;0;0;0;0;0;1;0
82;Orange;122;Water source;Water;ES.WQN;Regulation of freshwater quantity, location and timing;Regulating;Water bodies;freshwater;High;"It provides water that is very important for living organisms; it provides habitat for some organismsm, especially marine and xxxx, like fish; it provides water that is used for human activitylike irrigation; it is a source of hydropower";"physical; material";"habitat; life support; irrigation; hydropower";decreased;"Population increase; climate variability like shortage of rainfall, increase of temperature; encroachment / interference by human activities at source (water table)";"population growth; climate change; encroachment; human activities";decreased;"Climate variability, like shortage of rainfall and high temperatures; population increase; poor land planning";"climate change; population growth; poor land use planning";decrease;deteriorate;yes;"Public awareness; tree planting; good land planning / land use planning; law enforcement";"public awareness; tree planting; land use planning; law enforcement";"Regulary public awareness; implement law and regulations effective; land use planning should be effective implemented";"awareness raising; law implementation; land use planning";NA;1;0;1;0;0;0;0;1;0;0
83;Orange;123;Source of water;Water;ES.WQN;Regulation of freshwater quantity, location and timing;Regulating;Agricultural lands;agriculture;High;"Provision of hydroelectrical power; comsumption of human beings (domestic purposes); for irrigation purposes";"physical; material";"hydropower; domestic water consumption; irrigation";decreased;"Environmental degradation; clamatic change; deforestation";"environmental degradation; climate change; deforestation";decreased;"Population growth; high demand of water for domestic and irrigation purposes";"population growth; high demand for domestic use water; high demand for irrigation water";decrease;deteriorate;yes;"Enforcement of laws in protection of water sources; encourage plantation of trees in water sources";"law enforcement; tree planting";Reducing ???? Because there is high demand for the resources;reduce demand;NA;1;0;1;0;1;0;0;0;0;0
84;Orange;123;Energy source;Energy;ES.NRG;Energy;Provisioning;Plantations;agriculture;High;Provide fuel: firewood, charcoal;material;"firewood; charcoal";decreased;"Population growth: there is high demand for energy sources for cooking; climate change; poverty";"population growth; climate change; poverty; increased energy demand";decreased;There is high demand for energy sources for cooking: firewood, charcoal, wood;high demand for cooking fuel (charcoal, fuelwood);decrease;deteriorate;yes;"Continue to replant trees (afforestation); promotion of tree planting campaigns by planting more than 1 million trees in each district";tree planting;NA;NA;NA;1;0;0;0;1;0;0;0;0;0
85;Orange;124;Ecosystem balance;Habitat;ES.HAB;Habitat creation and maintenance;Regulating;NA;NA;High;"It provides fresh air to the atmosphere; it removes the dirty air from the atmosphere; it removes out CO2";physical;"air purification; carbon sequestration";decreased;"It decreased because of: the increase in the number of people; deforestation (cutting of trees)";"population growth; deforestation";decreased;NA;NA;increase;deteriorate;yes;"Education to the society; planting of trees (reforestation)";"education; reforestation";NA;NA;NA;0;0;1;0;0;0;0;0;0;0
86;Orange;124;Rainfall;Rain;ES.CLI;Regulation of climate;Regulating;NA;NA;High;"The service is important because of the following: it provides water; it provides oxygen; source of food";physical;"water provision; oxygen provision; food provision";increased;Rainfall increased to the area because people know the importance of planting trees;reforestation;increased;Rainfall increased in these 10 years. C???? To 10 years ago because the society have education to that;education;decrease;deteriorate;yes;"People plant trees more and more; education to the people to the effect of environmental destruction";"education; tree planting";"Rainfall to our society is more important; the government should provide education to the society and provide some issues to the society";education;NA;0;0;1;0;0;0;0;0;0;0
88;Red;9;Tourism;Tourism;ES.LIV;Other - livelihoods, economy, employment and income;Other;NA;NA;High;Mild / moderate but still warm Kilimanjaro climate favoured by tourism. Clean air for mountain hikers;physical;tourism;not changed;NA;NA;Increased;In general the sense for a healthy enviornment is favoured in tourism;healthy environment;Decrease;Mixed;Yes;"Maintain and increase forest cover; secure other nutritional resources; bind social energies (between and among local societies and governments)";"reforestation; food security; social cohesion";"decrease carbon offset; stop charcoal burning; build more bridges";"alternative energy; infrastructure";NA;0;0;1;0;0;0;0;0;0;0
89;Red;3;Tourism;Tourism;ES.LIV;Other - livelihoods, economy, employment and income;Other;NA;NA;High;"Create employment; raise national income; increase in the country with foreign currency; explore our national to the other countries / worldwide";material;"employment; national income; national promotion";increased;"By following the national laws strictly; education provided to the people concerned with the sector of tourism; more attractions within the country and the peace which is available";"law enforcement; education, national promotion; tourism";Increased;"improvement of the transport system (roads); increase of the airplane within the country (Dreamliner, Boeing 787-8)";improved transport infrastructure;Decrease;Deteriorate;Yes;government in general by providing more awareness to the entire population;raising awareness;to create more companies by allowing more registration to be done by reducing the taxes during registration;"business development; tax reform";more school colleges are needed to train more people so that they can follow the national rules and regulations and being aware about the importance of tax payment while running their companies;1;0;0;0;0;0;0;0;0;0
90;Red;9;Tourism;Tourism;ES.LIV;Other - livelihoods, economy, employment and income;Other;NA;NA;High;It is the economic foundation of our business. An iconic mountain that is a world heritage and an iconic landmark;"material; cultural";economic;not changed;NA;NA;Increased;Become more popular in the world of tourism/mountaineering;increased popularity;Decrease;Deteriorate;No answer;Tourism;Tourism;Coordination of strategies to improve tourism services with stronger guidelines in conservation and participatory approaches for tourism operators on one side and government / conservation groups to intensify their contributions;"coordination; guidelines";NA;1;0;0;1;0;0;0;0;0;0
91;Red;8;Tourism;Tourism;ES.LIV;Other - livelihoods, economy, employment and income;Other;Mountain in general from home gardens to ice peak, savannah habitat and wildlife corridors;"agriculture; agroforestry; grassland";High;Revenue and main income activities;material;"revenue; income";decreased;"Human population growth; decrease in wildlife population; erosion and strong winds; less fodder; less rains due to deforestation; less water services";"population growth; decrease wildlife population; erosion; deforestation; climate change";Increased;"More awareness of the negative patterns; trying to work against the same. Advocacy building team work to build a more stable future";"increased awareness; advocacy";Decrease;Deteriorate;Yes;Land use planning. Regulated tourism activities. Environmental assessment plans to assist local communities on where to graze, when, how, what. Implement alternative income;"Lan use planning; regulate tourism; environmental assessment; alternative income";Involve private sector in management planning of land use and tourism activities;involve private sector;NA;1;0;0;0;1;1;0;0;1;1
92;Red;53;Tourism;Tourism;ES.LIV;Other - livelihoods, economy, employment and income;Other;NA;NA;High;livelihood;"physical; material";livelihood;increased;Kilimanjaro name need a trademark;trademark;Increased;more in demand;increased demand;Decrease;Deteriorate;Yes;education to the public and more effort towards conservation around the region;"education; conservation";NA;NA;NA;1;0;1;0;0;0;0;0;0;0
93;Red;7;Tourism;Tourism;ES.LIV;Other - livelihoods, economy, employment and income;Other;NA;NA;High;This is due to the living. It gives emplyment to the people and help in a daily living life;"physical; material";employment ;increased;because of chances for the jobs and it is popular mostly in Kilimanjrao because of the mountain;"popular; employment opportunities";Increased;Because of good government support to protect the nature and because of more people are interested on it;"government support; public interest";Increase;No answer;Yes;"Good services; hospitality";"Good services; hospitality";this should be done by individual people, communities, organization and the government;NA;NA;1;0;1;0;0;0;0;0;0;0
94;Red;41;Tourism;Tourism;ES.LIV;Other - livelihoods, economy, employment and income;Other;NA;NA;Moderate;"Provides employment; earn the foreign exchange";material;"employment; foreign currency";increased;There is gradual increase due to increased marketing strategy, support and own international flight;"marketing; support; transport";Increased;"Presence of tourism act setting aside mountain climb business to Tanzanian citizens only; individual tour operators marketing strategy";"tourism act; marketing strategy";No answer;Improve;No answer;"Empower mountain undertaking to TTB and individual tour operators; increase international flight and direct to Northern Zone (KIA)";"empower tour operators; increase transport";lesser burden of tourism destination upon the park entry fees, airport charges, etc;reduce burden for tourists;Special attention should be envisaged to reduce number of porters on the mountain versus increase of number of tourists by deplying conveyor belts to some mountain routes;1;0;0;0;0;0;0;0;0;0
95;Red;27;Social aspects;Social interactions;ES.IDE;Supporting identities;Cultural;NA;NA;High;"Feel scenery of mountain view; prestige; sense of identity";cultural;"scenery; prestige; identity";decreased;"human activities; change of climate; number of people in Kilimanjaro";"human activities; climate change";Decreased;"change of climate decreasing of snow; change of rain season; less rain; inverse of temperature";climate change;Decrease;Deteriorate;Yes;"to control climate change; to control number of crew in Kilimanjaro by building more huts and other facilities which need people to go on climb; conserve environemnt by planting more trees";"control climate change; infrastructure; reforestation";NA;NA;NA;0;0;0;1;0;0;0;0;0;0
96;Red;27;Tourism;Tourism;ES.LIV;Other - livelihoods, economy, employment and income;Other;NA;NA;High;"income from toursim activities; employment; feel scenery of mountain view";"material; cultural";"income; employment; scenery";decreased;"human activities; climate change";"human activities; climate change";Increased;more awareness about the area;increased awareness ;Decrease;Deteriorate;Yes;"more awareness about the mountain and its nature is needed; human activities should be controlled";"awareness; control human activities";NA;NA;NA;1;0;0;1;0;0;0;0;0;0
97;Red;33;Nutrition;food;ES.FOD;Food and feed;Provisioning;NA;NA;High;"food for human beings (protein); employment";"physical; material";"food; employment";increased;"population increase; illegal fishing; climatic change";"population growth; illegal fishing; climate change";Increased;NA;NA;Decrease;Deteriorate;Yes;"education on the importance of fish to the human being; resist illegal fishing; awareness on the environment conservation; promote / give priority to aquaculture";"education; control illegal fishing; awareness raising; aquaculture";NA;NA;NA;1;0;1;0;0;0;0;0;0;0
98;Red;8;Nutrition;food;ES.FOD;Food and feed;Provisioning;"Agroforestry; montane forest; home gardens";"agroforestry; forest";High;"Healthy balance of ecosystem; maintain biodiversity of ecosystem; regulate climate change";"cultural; security";"healthy ecosystem; maintain biodiversity; regulate climate change";decreased;"Trading traditional diets with conventional diets; people moving to urban settlements and outside the country to be educated and coming back with non-traditional practices of cultivation and consumption";"loss of traditional diets; migration to urban areas";Increased;infrastructure has become better;improved infrastructure;Decrease;Not change;Yes;promote heritage foods through the hospitality trade of the tourism sector: misnistry of tourism, ministry of health, ministry of transport.;promote heritage food;improve the value chain through better and accessible infrastructure;improve value chain;NA;0;1;0;1;0;1;0;0;1;0
99;Red;3;Nutrition;food;ES.FOD;Food and feed;Provisioning;NA;NA;High;"improve health of the people; enable getting well and balanced diet at a proper time";physical;"health; balanced diet";increased;"obeying the national laws of preserving the environment (deforestation); following proper methods for agricultural activities";"law enforcement; proper agricultural methods";Increased;it is available to the market places under low costs because production is high for instance honey, fish, etc;"low prices; high production";Decrease;Not change;Yes;more education is needed;education;more community groups are needed;create community groups;NA;0;0;1;0;0;0;0;0;0;0
100;Red;8;Natural health;Habitat;ES.HAB;Habitat creation and maintenance;Regulating;"Montane forest; agroforestry; home gardens";"forest; agroforestry";High;for a balanced biodiversity to increase farming yields without using chemicals;physical;agricultural productivity;decreased;"human population growth; deforestation; missuse of chemicals; missinformation; loss of traditional farming";"population growth; deforestation; chemicals use; lack of information; loss of traditional farming";Increased;"awareness of possibilities and access to heritage food. Knowhow in nutritional health has increased in general; awareness towards nutritional health in tourism kitchens has increased";"increased awareness; access to heritage food; increase knowledge in nutritional health";Decrease;Deteriorate;Yes;"Toursim sector, growing trend within the sector towards sustainable and responsible tourism practices; access to cultural toursim to grow traditional farming and nutritional practices";"sustainable toursim; responsible tourism; cultural tourism";slow travel practices involving heritage foods and cultural practices;slow travel;NA;0;0;1;0;0;1;0;0;1;0
101;Red;53;Natural health;Habitat;ES.HAB;Habitat creation and maintenance;Regulating;NA;NA;High;NA;;na;no answer;sustainable living;sustainable living;Decreased;people are looking for easy way and not thinking of the outcome and the future and for the nature;look for easy solutions (complacency);Increase;Deteriorate;Yes;Education toward public about holistic living and balance of life;education;NA;NA;NA;0;0;0;0;0;0;0;0;0;0
102;Red;53;Climate regulation;Climate regulation;ES.CLI;Regulation of climate;Regulating;NA;NA;High;I trade with nature;material;livelihood;decreased;overpopulation;population growth;Decreased;too many people demand the same things and less to be taken out;excessive demand;Decrease;Deteriorate;Yes;education, governments toward the outcome in the coming years;education;NA;NA;NA;1;0;0;0;0;0;0;0;0;0
103;Red;8;Climate regulation;Climate regulation;ES.CLI;Regulation of climate;Regulating;Montane forest;forest;High;provides forest cover, water, food, rain, regulates climate;"physical; material; security";"climate regulation; food; water; habitat";decreased;"deforestation; dissapearance of wildlife corridors; trading traditional farming against conventional farming";"deforestation; habitat loss; loss of traditional farming";Decreased;"less rains; more irregular weather patterns; desertification; wildlife dicrease; more dust; erosion; less tourism activities";"climate change; wildlife loss; desertification; erosion";Decrease;Deteriorate;Yes;"improve forest cover; open up and protect wildlife corridors; improve gender equality: ministry of tourism, natural resources, misnistry of lands, ministry of agriculture and forestry";"reforestation; protect wildlife corridors; improve gender equality";Promote and sustain home gardens through the cultivation and value chain and market access of heritage foods by empowering women. Introduce non-invasive crops as buffer between protected and cultivated lands as alternative income e.g. bee hive, oysternut cultivation;"promote home gardens; value chain; market access of heritage foods; empower women; introduce non-invasive crops";NA;1;1;1;0;0;0;0;0;1;0
104;Red;23;Climate regulation;Climate regulation;ES.CLI;Regulation of climate;Regulating;NA;NA;High;"living organisms such as animals, birds, human being; normal life; plants depend on both oxygen and carbon dioxide during the afternoon";"physical; cultural";"air for living organisms; for life; for plants";decreased;"population increase; air polution, car, etc.; environmental destroyment (deforestation)";"population growth; pollution; deforestation";Not changed;NA;NA;Decrease;Deteriorate;Yes;"create awareness for environmental conservation; land use planning; restoration; law enforcement. Government, all people, institutions";"awareness raising; land use planning; restoration; law enforcement";NA;NA;NA;0;0;1;1;0;0;0;0;0;0
105;Yellow;5;Source of revenue;Income;ES.LIV;Other - livelihoods, economy, employment and income;Other;High land and low land;"agriculture; agroforestry";High;"Improves the life standarnd of the people especially farmers; provides income to the government; enables farmers to obtain money for their agriculture activities";"physical; material";"livelihood; agricultural practices; national income";increased;"Improvement on the structure of agricultural trade compared to past years; government and farmers obtain income from agricultural activities";"national revenue; private income";Decreased;Increase in the price of agricultural goods has led to limitations on accessing ;agricultural goods price increase;Increase;Deteriorate;Yes;"Regulate and control trade of agricultural goods; having a board that stands for the effectivennes and efficiency of this service; providing education to the stakeholders on the importance of revenue";"Government and private sectors cooperation; education";"encourage and implement structure trade of agricultural goods; regular monitoring and evaluation of agricultural trade; discouraging informal agricultural goods trade";Agricultutal trade;Implementation of laws aand policies that encourage  smooth agricultural goods trade;1;0;1;0;1;1;0;0;1;0
106;Yellow;5;Employment;Work;ES.LIV;Other - livelihoods, economy, employment and income;Other;High land and low land;"agriculture; agroforestry";High;"Provides income to farmers; improves life standard of farmers";material;"income; livelihood";increased;more than 80% of Tanzanians depend on agriculture to support their lives;livelihood;Increased;"A large area of the fores has been cleared for agricultural expansion; agriculture has become a backbone in Tanzania";deforestation;Decrease;Deteriorate;Yes;Cooperation between government and private sectors to improve the service;Government and private sectors cooperation;Advancing in agricultural production techniques to inrease employment to the people;Agricultutal production;NA;1;0;0;0;1;1;0;0;1;0
107;Yellow;5;Food and feed for livestock;Feed;ES.FOD;Food and feed;Provisioning;High land and low land;"agriculture; agroforestry";High;"Production of agricultural products that are used for both as food to humans and feed to animals; provision of energy to both humans and animals ";"physical; material";"food; feed; energy";decreased;"Climate change has led to less production of food and animal feed; environmental degradation resulting from excessive use of artificial fertilizers and poor agricultural practices; increase of human population";"climate change; environmental degradation; overuse agrochemicals; poor agricultural practices; population growth";Decreased;High price of food and animal feed;increased cost of food;Decrease;Deteriorate;Yes;"Capacity building on environmental conservation; selecting productive areas and practice the conservation only for Agricultural activities; encourage the use of technical agriculture to increase production";"Education; improved agriculture";"Promoting markets for agricultural goods; Implementing structure trade of agricultural products; encouraging cross border trade of agricultural goods";Agricultural trade;NA;1;0;1;0;1;1;0;0;1;0
108;Yellow;10;Food for humans and feed for livestock;Food and feed;ES.FOD;Food and feed;Provisioning;Agriculture;agriculture;High;source of food which is a basic need for both humans and livestocks;physical;"food; feed";decreased;"Climate change has led to unexpected rainfall leading to soil erosion and drought; decrease in soil fertility";"climate change; environmental degradation; soil erosion";Decreased;Cost of food and feed production has gone higher from time to time;increased cost of food production;Decrease;Deteriorate;Yes;"Intergrated soil fertility management is required for sustainable use of the land; climate change mitigations";"Soil fertility; climate change";Controlling export of food crops to increase local access;Export control;NA;0;0;1;0;1;0;0;0;0;0
109;Yellow;10;Source of revenue;Income;ES.LIV;Other - livelihoods, economy, employment and income;Other;Agriculture;agriculture;High;A big population depends on agriculture for cash crops production;"physical; material";income;decreased;"Climate change leading to either drought or heavy rains; expensive agro inputs; unreliable martkets and price fluctuation";"climate change; agricultural markets; expensive inputs";Decreased;"climate change leading to drought and heavy rains; expensive agro inputs leading to reduced cash crops production; lack of reliable markets ";"climate change; increased cost of food production";Decrease;Deteriorate;Yes;Climate change mitigation measures such as planting trees;Climate change ;Introduction of crops insurance to encourage cash crops cultivation;Crops cultivation;NA;1;0;1;0;1;0;0;0;0;0
110;Yellow;14;Water;Water;ES.WQN;Regulation of freshwater quantity, location and timing;Regulating;Forest;forest;High;"Domestic use, agricultural support both small and large scale agriculture; hydropower generation; provision of means of livelihood";"physical; material";"human consumption; livelihood; agricultural practices; hydropower";decreased;"Environmental degradation leading to soil erosion and siltation; increase in population leading to increase in demand of water";"population growth; environmental degradation; erosion; population growth; increased water demand";Decreased;"Increase in population; demand for agriculture";population growth;Decrease;Deteriorate;Yes;"Improve the livelihood of the people to avoid overdependence on easily available natural resources; practicing modern farming systems and avoiding cultivating along the river reserves; planting tress to control soil erosion and improve fertility";"Improving livelihood; conservation agriculture; afforestation";Providing alternative sources of fuel;Alternative energy sources;NA;1;0;1;0;0;0;0;0;1;0
111;Yellow;14;Fuel wood;fuelwood;ES.NRG;Energy;Provisioning;Forest;forest;High;Source of fuel for cooking;material;cooking fuel;decreased;Environmental degradation such as cutting of trees for commercial purposes;"environmental degradation; deforestation";Increased;Population increase;population growth;Decrease;No answer;Yes;"Improve the livelihood of the people to reduce overdependence on existing natural resources; provision of environmental education; planting of trees especially indigeneous trees; strict forest and environmental law enforcement";"improving liveihood; education; afforestation; law enforcement";"provision of alternative sources of fuel; provision of subsidies to liquefied petroleum gas";Alternative energy sources;"Harmonization of sectoral policies; payment of environmental services for large scale users; collaborative efforts from different institutions at  different levels";1;0;0;0;0;0;0;0;1;0
112;Yellow;17;Water for domestic use;Water;ES.WQN;Regulation of freshwater quantity, location and timing;Regulating;Water;freshwater;High;Economic, social, and hygiene value in human life;"physical; cultural; material";livelihood;increased;No clear answer;NA;Decreased;No clear answer;NA;Decrease;Improve;Yes;"Effective water resources management, development and efficient use; use of IWRM plan for sustainable water resources management";IWRM;"Insisting of efficient technology of water use; control antropogenic activities; appropriate water alocation during low seasons";Water use control;"Investiment in water resources managament practices is needed; appropriate technology in agriculture and industrialization is also needed";1;0;1;1;0;0;0;1;0;0
113;Yellow;17;Water for domestic use;Water;ES.WQN;Regulation of freshwater quantity, location and timing;Regulating;Water;freshwater;High;All living organisms existence depends on it;"physical; cultural";life supporting;decreased;"Neglegance to take suitable measures on protection of water bodies; insufficient education on water resources management at the community level";"lack of water related education; lack of water protection measures";Increased;Tanzanian governemnt efforts in making sure that every citizen gets access to water services;water access policy;Decrease;Deteriorate;Yes;Conservation and protection of water sources by the ministry responsible and local government authorities;water conservation ;Expansion of water services network by the government considering the population growth;Water provision;NA;0;0;1;1;0;0;0;1;0;0
114;Yellow;17;Irrigation;Irrigation water;ES.WQN;Regulation of freshwater quantity, location and timing;Regulating;Water;freshwater;High;Food provision for the entire period of the year through irrigation;physical;food;increased;Investment in irrigation agriculture by the people as a result of support and motivation from the government;"investment in irrigation; government support";Increased;Provision of education on irrigation agricultural system;education on irrigation agriculture;Decrease;Deteriorate;Yes;"Conservation and protection of water sources; good water allocation";"Water conservation; water allocation";construction of irrigation projects;Agricultural production;NA;0;0;1;0;0;0;0;1;0;0
115;Yellow;17;Groun water recharge;Groundwater;ES.WQN;Regulation of freshwater quantity, location and timing;Regulating;Forest;forest;High;Origin of water sources both surface and ground water ;material;water;decreased;Deforestation associated with anthropogenic activities has affected the recharge of ground water;"deforestation; human activities";Increased;No clear answer;NA;Decrease;Deteriorate;Yes;"Mapping and assessing groundwater recharge areas; planting trees";"hydrogeological mapping; afforestation";"Investing on appropriate technology on groundwater exploration and drilling; rain water harvesting technology";Technology;Effective management of groundwater potential sites;1;0;0;0;0;0;0;0;1;0
116;Yellow;20;Medicinal purposes;Medicine;ES.MED;Medicinal, biochemical and genetic resources;Provisioning;Agroforesty;agroforestry;High;"Improves peoples' health; for research purposes";"physical; cultural";"health; research";decreased;"Prolonged drough; lack of awareness in the community";"climate change; lack of awareness";Decreased;Lack and poor awarenes in the community;lack of awareness;Decrease;Deteriorate;Yes;Awareness creation;Awareness;"Law enforcement; awareness creation";"Law enforcement; awareness";NA;0;0;1;1;0;1;0;0;1;0
117;Yellow;20;Irrigation;Irrigation water;ES.WQN;Regulation of freshwater quantity, location and timing;Regulating;Water;freshwater;High;"Gives favourable climate for crop production; provision of water for both domestic and livestock use; medicinal purposes";"physical; material; security";"agricultural productivity; domestic water use; livestock water use; medicinal";increased;"Enforcement of laws; increased awareness among the community";"law enforcement; increased awareness";Increased;"Increase awareness amon the people; presence of by-laws; increased demand within the community";"by-laws; increased awareness; increased demand";Decrease;Deteriorate;Yes;"Tree planting, controlled fire outbreaks; creating awareness among the community; practicing good agriculture; putting people in the formal groups of production";"afforestation; awareness; agricultural production";"Law enforcement; awareness creation in the community";"Law enforcement; awareness";NA;1;1;1;0;0;0;0;1;0;0
118;Yellow;20;Source of revenue;Income;ES.LIV;Other - livelihoods, economy, employment and income;Other;Agroforesty;agroforestry;High;"Enables people to do other activities; improves peoples' livelihood";physical;livelihood;increased;"increased awareness among the people; law enforcement in the habitas; presence of formal groups in the community";"law enforcement; increased awareness; formal groups";Increased;"awareness creation has increased in the society; presence of law and its enforcement";"law enforcement; increased awareness";Decrease;Deteriorate;Yes;"Awareness creation among the people; tree planting, controlled fire outbreaks; law enforcement";"Afforestation; awareness; law enforcement";"Law enforcement; awareness creation among the people";"Law enforcement; awareness";NA;0;0;1;0;0;1;0;0;1;0
119;Yellow;48;Energy;Energy;ES.NRG;Energy;Provisioning;Agriculture;agriculture;High;No clear answer;;na;decreased;"Access to natural forests has been denied to most communities; low income; decrease of farm sizes leading to increasing competition between trees and crops";"access to forest denied; low income; decreasing farm size; competition";Decreased;Regulations have led to natural forests access barriers;law enforcement;Decrease;Deteriorate;Yes;"Promotion of sustainable harvesting of wood products; provision of education on joint management of forest resources; rising awareness among the community on sustainable forest harvests";"Soil fertility; climate change";Practiccing Community based forest management;CBFM;"Alternative energy sources are needed; practicing agroforesty";0;0;0;0;1;0;0;0;0;0
120;Yellow;48;Water for domestic use;Water;ES.WQN;Regulation of freshwater quantity, location and timing;Regulating;Water;freshwater;High;Domestic water use is crucial for the survival of the communities;physical;life supporting;decreased;"Increase in demand; Climate change occassioned by mismanagement of natural resources; poor land use practices affecting water sources quality; poor water policy implementation";"climate change; mismanagament of natural resources; poor land use practices; poor water policy implementation";Decreased;"Poor land use practices has affected availability of perrenial free access  water; poor water supply systems";"poor land use practices; poor water supply";Decrease;Deteriorate;Yes;"Promoting sustainable management of land use practices; promoting tree planting";"sustainable land use practices; afforestation";"Establishment of water users associations; Paying for maintainace of water supply systems";"water users associations; water supply costs";NA;0;0;1;0;0;0;0;1;0;0
121;Yellow;50;Employment;Income;ES.LIV;Other - livelihoods, economy, employment and income;Other;Forest;forest;High;"Source of government revenue through tax; improves living standards of the people; ";material;"national income; livelihood";increased;No clear answer;NA;Decreased;"Changing governemnt policies limiting access to employment opportunities; poor investment conditions hence low rate of employment from private sectors";"limited emloyment opportunities; poor investment conditions";Decrease;Deteriorate;Yes;"Linking industrial policies to the environmental policies; encouraging funding competitions for self employment; creating awareness to the community on their economic activities and provide them with alternative jobs creation";"environmental policies; awareness";"support to agricultural organizations is needed to encourage employment and self employment opportunities; encouraging foreign investment companies and supporting local industries; supporting young generation in agricultural sector";"Agricultural production; employment";NA;1;0;0;0;0;0;0;0;1;0
122;Yellow;50;Erosion control;Erosion control;ES.HAZ;Regulation of hazards and extreme events;Regulating;Savannah ;grassland;High;"ensures productivity and livelihood to local farmers; conserve the nnature; reduces disasters like floods to the reidences";"physical; material; security";"livelihood; nature conservation; natural hazard reduction";not changed;NA;NA;Not changed;NA;NA;Decrease;Deteriorate;Yes;"Reviewing the existing laws and policies; creation of community awareness on taking actions in erosion control;encouraging good agricultural practices; encourage sustainable land management practices";"Policies; awareness creation; sustainable land use practices";"Government support to private actors by enacting favourable policies and laws; encourage research on soil control";"law enactment; research";NA;1;1;1;0;0;0;0;0;0;1
123;Yellow;50;Food and feed for livestock;Feed;ES.FOD;Food and feed;Provisioning;;;High;"Ensures food security globally; youth employment availability; opportunities for development of small industries; livestock keeping";material, security;"food security; employment; industries; livestock keeping";increased;"population growth; climate change; insufficient community commitment";"climate change; population growth; lack of commitment";Decreased;"climate change; lack of enough value addition skills; natural disasters";"climate change; natural disasters";Decrease;Deteriorate;Yes;"strick laws and regulation on harmful economic activities  to environment; increased interventions to private and public institutions working on food and livestock; encouraging the use of affordable energy sources";"law enactment; alternative energy sources";"supporting farmers to increase agricultural production; encourage ttechnology use in agriculture; building capacity to the pastoralist societies; improve access to the agricultural markets";"agricultural production; technology; awareness creation; agricultural markets";NA;1;1;0;0;0;0;0;0;0;0
124;Yellow;51;Harvesting fuel wood and charcoal;Fuelwood;ES.NRG;Energy;Provisioning;Forest;forest;High;"cooking food; bricks making; heating and boiling";material;"brick making; cooking fuel";decreased;"defforestation; poor conservation awareness; inefficient exercise of forest Act; little planting of trees";"deforestation; lack of conservation awareness; lack policy implmentation / enforcement; insufficient reforestation";Decreased;over-exploitation;overexploitation;Decrease;Deteriorate;Yes;"fund provision to support tree planting activities; creating awareness on conservation activities; exercising acts and regulations for sustainable use";"afforestation; awareness creation; laws";"planting more trees; alternative energy sources";"afforestation; alternative energy sources";NA;1;0;0;0;0;0;0;0;1;0
125;Yellow;51;Fresh air;Air;ES.AIR;Regulation of air quality;Regulating;Forest;forest;High;Production of fresh air that supports healthy breathing;physical;health;decreased;"illegal harvesting of timber; charcoal production; overgrazing; uncontrolled fuel wood harvesting";"deforestation; charcoal production; overexploitation of fuelwood";Decreased;quality and quantity of fresh air has decreased because of forest degradation;forest degradation;Decrease;Deteriorate;Yes;"exercising forest act and by-laws on the management of the forest; initiating environmental friendly projects that reduces pressure on the forest resources; planting more trees in the village";"laws; afforestation";creating awareness to the community on the importance of conserving their environment;awareness creation;NA;0;0;1;0;0;0;0;0;1;0
126;Yellow;56;Source of revenue;Income;ES.LIV;Other - livelihoods, economy, employment and income;Other;Forest;forest;High;"Improve peoples living standard; brings about development";material, security;"livelihood; development";increased;"enforced acts and regulations; achievement of conservation education";"regulations enforced; conservation education";Decreased;shortage of materials due to discovery alternative materials;alternative materials;Decrease;Deteriorate;Yes;"reafforestation and afforestation programs; conservation education";"afforestation; education";NA;NA;NA;1;1;0;0;0;0;0;0;1;0
127;Yellow;56;Building materials;Building materials;ES.MAT;Materials and assistance;Provisioning;Forest;forest;High;"provides furniture and building materials; source of revenue";material;"furniture; building material; income";decreased;"shortage of timbers, poles and lumber due to climate change; increased deforestation and illegal logging";"climate change; deforestation; overexploitation";Decreased;effects of climate change on plantations and forests;climate change;Decrease;Deteriorate;Yes;"establishment of afforestation and reafforestation programs; enforcement of acts and regulations";"afforestation; regulations";NA;NA;NA;1;0;0;0;0;0;0;0;1;0
128;Yellow;56;Water sources;Water;ES.WQN;Regulation of freshwater quantity, location and timing;Regulating;Forest;forest;High;"Domestic and commercial use; industrial use; source of revenue; promotion of fishing industry; hydropower production; irrigation agriculture; navigation, recreational and spiritual purposes";material;"domestic water use; commercial water use; income; fish production; hydropower; irrigation; navigation; recreation; spirituality";decreased;"increase of deforestation rate; climate change; poverty";"deforestation; climate change; poverty";Decreased;"climate change; desertification in catchment forest; deforestation and wildfire increase";"climate change; forest degradation; deforestation; increase in wildfires";Decrease;Deteriorate;Yes;"afforestation and reafforestation measures; providing conservation education; restricting anthropogenic activities near by the catchment areas";"afforestation; education; regulations";"enactment and enforcement of laws by the government; NGOs working with government to conserve nature; provision of education ";"law enactment; education";NA;1;0;0;0;0;0;0;0;1;0
129;Yellow;62;Socio-economic development;Social interactions;ES.IDE;Supporting identities;Cultural;water bodies;freshwater;High;"80% of Tanzanians depend on rainfed or irrigation agriculture; employment opportunities";material;"agriculture; employment";decreased;"population growth;poor protection and conservation of water sources";"population growth; lack of water sources conservation";Decreased;deteriration of water sources;degradation of water sources;Decrease;Deteriorate;Yes;involvement of stakeholders related to water and agriculture is important;"water conservation; agriculture";involvement of stakeholders related to water and agriculture is encouradged ;"water conservation; agriculture";NA;1;0;0;0;0;0;0;1;0;0
130;Yellow;62;Socio-economic development;Social interactions;ES.IDE;Supporting identities;Cultural;water bodies;freshwater;High;domestic uses;material;livelihood;decreased;drying up of some rivers, springs and ground water;water scarcity;Decreased;fluctuation of water from the sources;water scarcity / unreliabile water supply;Decrease;Deteriorate;Yes;involvement of stakeholders related to water resources is important;water conservation;involvement of stakeholders related to water supply is encouradged ;water supply;NA;1;0;0;0;0;0;0;1;0;0
131;Yellow;62;Socio-economic development;Social interactions;ES.IDE;Supporting identities;Cultural;water bodies;freshwater;High;"generation of envirnmental friendly power such as HEP; ";material;power generation;not changed;No clear answer;NA;Not changed;No clear answer;NA;Decrease;Deteriorate;Yes;Sustainable water management;water conservation;proper management of water resources to maintain rainfalling;water conservation ;NA;1;0;0;0;0;0;0;1;0;0
132;Yellow;63;Building materials;Building materials;ES.MAT;Materials and assistance;Provisioning;Forest;forest;High;"source of medicines; provision of building materials; source of food; fresh air; conservation of soil";"physical; material; security";"health; building material; food; air; soil conservation";decreased;"poverty; ignorance; lack of capital ";"poverty; ignorance";Decreased;"shortage of income; lack of education";"lack of income; lack of education";Decrease;Deteriorate;Yes;"provision of education to people on forests importance; providing employment to peolple";"education; employment";"government support in forest conservation; encouradging individual participation  in conserving forests ";forest  conservation;NA;1;1;1;0;0;0;0;0;1;0
133;Yellow;63;Water for domestic use;Water;ES.WQN;Regulation of freshwater quantity, location and timing;Regulating;water;freshwater;High;"fish farming; industrial use; hydropower generation; irrigation agriculture";material;"aquaculture; industrial water use; hydropower; agriculture";decreased;"establishment of settlements near water bodies; cutting down of trees";"urbanization near water bodies; deforestation";Decreased;low education on the importance of water ;lack of water related education;Decrease;Deteriorate;Yes;provision of education to people;education;"rising awareness on the importance of water sources; governemt and private sector participation in conserving water sources";water conservation;NA;1;0;0;0;0;0;0;1;0;0
134;Yellow;67;Irrigation;Irrigation water;ES.WQN;Regulation of freshwater quantity, location and timing;Regulating;water;freshwater;High;"earn of revenue from water use and permit fees; academic opportunities; employment opportunities";"material; cultural";"income; academic interest / research; employment";decreased;"poor agricultural activities upstream; pollution from anthropogenic activities; illegal abstraction of water from the catchment areas";"poor agricultural practices; pollution; overexploitation of water";Decreased;"too much agricultural activities; increased technological advancement encouraging more farming";"agricultural intensification; agricultural practices";Decrease;Deteriorate;Yes;"advocating for conservation agriculture upstream; keeping safe the river buffer zone; advancement in irrigation systems; well supervision of water allocation";"conservation agriculture; water conservation";NA;NA;NA;1;0;0;1;0;0;0;1;0;0
135;Yellow;67;Domestic water supply;Water;ES.WQN;Regulation of freshwater quantity, location and timing;Regulating;water;freshwater;High;"use for household chores; sanitation system; food production";"physical; material";"agricultural production; domestic water use; watsan";decreased;"encroachment of water sources; deforestation; usage of agrochemicals";"use of agrochemicals; encroachment on water sources; deforestation";Decreased;"change of water quality due to pollution; inadequate infrastructures for water supply";"water pollution; inadequate water infrastructure";Decrease;Deteriorate;Yes;"improving catchment management activities; involvement of different stakeholders to intervene";water conservation;NA;NA;NA;1;0;1;0;0;0;0;1;0;0
136;Yellow;67;Control sea water intrusion in pangani river;Water;ES.WQN;Regulation of freshwater quantity, location and timing;Regulating;water;freshwater;High;"regulate sea water backflow; transportation of harvests";material;"sea water regulation; transport";decreased;"dropping of river water levels and rise of sea water levels; unproductive land near the estuary";dropping water levels;Decreased;"rising of sea levels causes more backflow and fresh water intrusion; reduced river flows due to increased agricultural activities";"rising sea levels; agricultural intensification";Decrease;Deteriorate;Yes;encourage more water use efficiency measures and do more catchment conservation;water conservation;NA;NA;NA;1;0;0;0;0;0;0;1;0;0
137;Yellow;67;Hydropower production;Hydropower;ES.NRG;Energy;Provisioning;water;freshwater;High;"revenue from power producers; energy production; economic development at different levels; flooding control";material, security;"income; energy; economic development; flood control";decreased;reduced water flows due to agriculture activities upstream;poor agricultural practices;Decreased;"less water for hydropower; silting of the dams with reduced water leveles;";"reduced water flow; siltation";Decrease;Deteriorate;Yes;"Control irrigation upstream the dam; improve irrigation efficiency; improve catchment management to reduce siltation";"irrigation; water conservation";NA;NA;NA;1;1;0;0;0;0;0;1;0;0
138;Yellow;68;Water for domestic use;Water;ES.WQN;Regulation of freshwater quantity, location and timing;Regulating;water;freshwater;High;"cross services to the community; important to human health; economic and social development";"physical; cultural; material";"socioeconomic development; health";increased;"community members do not go away to access water; improved settlement areas";"water availability; better settlements";Increased;"community member do use clean water in domestic uses;";insufficient water quality;Decrease;Deteriorate;Yes;"economic development; cross water services to the communities; ";socio-economic value;"creating new employment opportunities to the community; income generation by using water; ";"income; employment";interaction between government and private sectors in water conservation activities;1;0;1;1;0;0;0;1;0;0
139;Yellow;68;Irrigation;Irrigation water;ES.WQN;Regulation of freshwater quantity, location and timing;Regulating;water;freshwater;High;"income generation; economic development";material;"income; economic development";increased;change of agricultural practices to modern agricultural;modern agricultural practices;Increased;"most communities access water for irrigation; improvement of irrigation methods and technology";"water use for irrigation; improvement of irrigation technology";Decrease;Deteriorate;Yes;"awareness creation to adopt new irrigation technology; use of high breed crops for better harvests; governement and international sponsoring of irrigation activities";"awareness creation; technology; fund";"use of new irrigation technology for efficient use of water; construction of storage tanks and small dams";Technology;NA;1;0;0;0;0;0;0;1;0;0
140;Yellow;78;Water sources;Water;ES.WQN;Regulation of freshwater quantity, location and timing;Regulating;Forest;forest;High;"domestic uses; irrigation; fishing; source of rainfall";material;"domestic water use; irrigation; fisheries; rainfall";decreased;"deforestation ; climatic changes";"deforestation; climate change";Decreased;drying of water bodies;water scarcity;Decrease;Deteriorate;Yes;"Provision of education and creating awareness on environmental conservation; afforestation";"education; afforestation";NA;NA;NA;1;0;0;0;0;0;0;0;1;0
141;Yellow;78;Beekeeping;Beekeeping;ES.FOD;Food and feed;Provisioning;Forest;forest;High;"Provision of food and medicines; sources of income; pollination";"physical; cultural; material";"food; health; income; pollination";increased;strict restriction of tree cutting ;limiting deforestation;Increased;environmental conservation activities;environmental conservation;Decrease;Deteriorate;Yes;"provision of environmental conservation education and awareness; empowering local beekeeping groups";"education; fund";NA;NA;NA;1;0;1;1;0;0;0;0;1;0
142;Yellow;85;Food;Food;ES.FOD;Food and feed;Provisioning;Agriculture;agriculture;High;"source of income; source of foreign currency";material;"income; national income";decreased;increased costs of production and unstable coffee price;"cost of production; unreliable markets (for coffee)";No answer;NA;NA;Decrease;Deteriorate;Yes;"Price subsidizing by the government; trainings to farmers; accesibility of reliable markets";price control;NA;NA;NA;1;0;0;0;1;0;0;0;0;0
143;Yellow;85;Water;Water;ES.WQN;Regulation of freshwater quantity, location and timing;Regulating;Water;freshwater;High;supporting plants growth;cultural;plant growth;decreased;decrease in water availability;decrease in water availability;Decreased;"anthropogenic activities such as deforestation; cultivation nearby water sources; overgrazing";"deforestation; overgrazing; agriculture";Decrease;Deteriorate;Yes;"afforestation; soil and water conservation measures; minimizing cattles size and avoid grazing nearby water bodies; ";environmental conservation;"harvesting of rain water through constructing water dams; rational use of water; water use by-laws; planting of trees";"water conservation; laws enactment; afforestation";NA;0;0;0;1;0;0;0;1;0;0
144;Yellow;100;Irrigation;Irrigation water;ES.WQN;Regulation of freshwater quantity, location and timing;Regulating;water;freshwater;High;major factor for irrigation agriculture;material;agriculture;increased;"increasing number of irrigation schemes leading to increase demand of water; improved irrigation schemes";"irrigation; increased water demand; improved irrigation schemes";Increased;"proper water management; water protection and conservation regulations";"water management; water conservation; regulations";Decrease;Deteriorate;Yes;"efforts on legal enforcememnt; formalization of water user associations; creating awareness on water use management";"regulations; awareness creation";improvement of water iirigation structure;agriculture;NA;1;0;0;0;0;0;0;1;0;0
145;Yellow;100;Water for domestic use;Water;ES.WQN;Regulation of freshwater quantity, location and timing;Regulating;clean and safe water;freshwater;High;"improvement of hygiene and sanitation; access to safe and clean reducing health risks; reducing water purification costs";"physical; security";health;increased;"conservation and protection of water sources; improvement of water quality in nature";"water conservation; improved water quality";Increased;"water sources protection regulations; creation of awareness on best water use and management practices";"water conservation; water management awareness raising";Decrease;Deteriorate;Yes;"legal enforcement on water and environmental protection; creating awareness on the importance of water sources protection and conservation; restricting human activities arround water sources";"awareness creation; regulations";"improvement of water supply services; creating environments for people to engange in other alternative economic activities";alternative economic activities;NA;0;1;1;0;0;0;0;1;0;0
