"article_id","column","comment","category"
"10_1111_2041_210x_13871","data_availability_comment","Paper text: 'The acoustic data used in this paper are available at the Korea Polar Data Center (https://doi.org/10.22663/KOPRI-KPDC-00001902.2).' repo_check has zero rows for this paper_id at all (not a recognized platform), so mc_data_availability defaults to FALSE despite the explicit, specific DOI cited in the text.","UNSUPPORTED_REPO"
"10_1111_1365_2656_14000","data_availability_comment","Reference list cites: ""Anderson, R. O., & Chapple, D. (2022). Data from: Widespread or range-restricted? ... Monash University. Dataset, https://doi.org/10.26180/19095317.v1."" Paper body also states 'Raw physiological data of Lampropholis skinks and R scripts used for [analyses] ...' (sentence truncated by extraction, continuing into the availability statement). repo_check found zero files for this paper -- it never located/checked this Monash University dataset repository.","TEXT_EXTRACTION_TRUNCATED"
"10_1002_pan3_10564","data_availability_comment","Paper's own availability statement: ""All data considered for the analysis of this study are stored and available at: https://doi.org/10.25829/idiv.3538-su6fj5."" Cites a real Other repo/database (iDiv) repository (https://doi.org/10.25829/idiv.3538-su6fj5). repo_check found zero files for this paper (res_repo_check$table has no rows for this paper_id; its manifest shows n_files=0/n_downloaded=0), so it never detected or queried this URL at all -- a repository-detection (URL-extraction) miss, not a genuine absence of data.","UNSUPPORTED_REPO"
"10_1111_1365_2656_13052","data_availability_comment","Paper's own availability statement: ""The data used in this manuscript are available from the Dryad Digital Repository"" (Gibb, Grossman, Dickman, Decker & Wardle, 2019). Cites a real Dryad repository (doi.org/10.5061/dryad...). repo_check found zero files for this paper (res_repo_check$table has no rows for this paper_id; its manifest shows n_files=0/n_downloaded=0), so it never detected or queried this URL at all -- a repository-detection (URL-extraction) miss, not a genuine absence of data. | KNOWN METACHECK LIMITATION (not yet fixed, github.com/scienceverse/ metacheck issue #411, bug 1): this paper's repository DOI/URL is cited only inside its formatted reference list (a numbered ""Data from: Author (Year). Title [Dataset]. https://doi.org/..."" entry), never as an inline hyperlink or bare in-text mention. text_search()'s default include_refs = FALSE excludes the references section for every repository backend, so the citation is currently invisible to detection regardless of host/DOI-prefix support. Confirmed live 2026-09-19: the DOI itself resolves correctly when queried directly.","SPLIT_DOI_EXTRACTION"
"10_1111_1365_2745_13654","data_availability_comment","Paper text states ""Data have been archived with the Bonanza Creek LTER (Sullivan, 2021a/2021b)"", a genuine data-archival claim. No matching URL/DOI appears in gated_repos, so repo_check appears to have never detected/attempted this repository at all (a URL-extraction miss), leaving repo_check$table empty and mc_data_availability=FALSE.","UNSUPPORTED_REPO"
"10_1111_2041_210x_12962","data_availability_comment","Paper's own availability statement: ""Data used in this paper are available from https://doi.org/10.5521/forestplots.net/2018_1 (Sullivan et al., 2018)."" Cites a real Other repo/database (ForestPlots.net) repository (https://doi.org/10.5521/forestplots.net/2018_1). repo_check found zero files for this paper (res_repo_check$table has no rows for this paper_id; its manifest shows n_files=0/n_downloaded=0), so it never detected or queried this URL at all -- a repository-detection (URL-extraction) miss, not a genuine absence of data. | KNOWN METACHECK LIMITATION (not yet fixed, github.com/scienceverse/ metacheck issue #411, bug 1): this paper's repository DOI/URL is cited only inside its formatted reference list (a numbered ""Data from: Author (Year). Title [Dataset]. https://doi.org/..."" entry), never as an inline hyperlink or bare in-text mention. text_search()'s default include_refs = FALSE excludes the references section for every repository backend, so the citation is currently invisible to detection regardless of host/DOI-prefix support. Confirmed live 2026-09-19: the DOI itself resolves correctly when queried directly.","REFERENCES_ONLY"
"10_1111_1365_2745_13882","data_availability_comment","Paper text cites four separate Arctic Data Center archives with DOIs (e.g. https://doi.org/10.18739/A2GT5FG86) plus GenBank accessions for DNA sequences. Arctic Data Center is not a platform repo_check recognizes; repo_check has zero rows for this paper. | KNOWN METACHECK LIMITATION (not yet fixed, github.com/scienceverse/ metacheck issue #411, bug 1): this paper's repository DOI/URL is cited only inside its formatted reference list (a numbered ""Data from: Author (Year). Title [Dataset]. https://doi.org/..."" entry), never as an inline hyperlink or bare in-text mention. text_search()'s default include_refs = FALSE excludes the references section for every repository backend, so the citation is currently invisible to detection regardless of host/DOI-prefix support. Confirmed live 2026-09-19: the DOI itself resolves correctly when queried directly.","REFERENCES_ONLY"
"10_1111_1365_2435_14431","data_availability_comment","Paper text: ""Data available from Open Science Framework at https://osf.io/fwjh9/. DOI: https://doi.org/10.17605/OSF.IO/FWJH9."" No matching entry found in gated_repos, so repo_check appears to have never detected/attempted this OSF project at all (a URL-extraction miss), leaving repo_check$table empty and mc_data_availability=FALSE. RECHECKED: osf.io is a fully supported platform (confirmed via live resolution, HTTP 200) -- the residual is purely the URL-extraction miss already described, not a platform-coverage gap.","SPLIT_DOI_EXTRACTION"
"10_1111_1365_2656_13478","data_availability_comment","Paper states ""All data are deposited at https://cicese.repositorioinstitucional.mx/jspui/handle/1007/3374""; repo_check's summary_table shows repo_n=0 for this paper -- this institutional-repository URL was never detected/extracted at all.","UNSUPPORTED_REPO"
"10_1111_1365_2435_14194","data_availability_comment","Paper text: ""The raw reads were deposited into the NCBI Sequence Read Archive (SRA) database with Accession Number: PRJNA780219 (Zhang et al., 2022)."" repo_check found zero files for this paper -- it never located/checked this NCBI SRA deposit.","NCBI_GENBANK"
"10_1111_1365_2435_14670","data_availability_comment","Paper states ""Data to support the findings for this study and the metabolomics data produced are available from the Swedish National Data repository https://doi.org/10.5878/kr3s-6v85""; repo_check's summary_table shows repo_n=0 -- this repository was never detected at all.","UNSUPPORTED_REPO"
"10_1111_1365_2664_14167","data_availability_comment","Paper's own availability statement: ""Data are available via the Dryad Digital Repository https://doi.org/10.5061/dryad.4tmpg4fc0."" Cites a real Dryad repository (https://doi.org/10.5061/dryad.4tmpg4fc0). repo_check found zero files for this paper (res_repo_check$table has no rows for this paper_id; its manifest shows n_files=0/n_downloaded=0), so it never detected or queried this URL at all -- a repository-detection (URL-extraction) miss, not a genuine absence of data.","EMBARGOED_OR_RESTRICTED_AT_SOURCE"
"10_1111_1365_2664_13904","data_availability_comment","Paper text: ""Data available via the Dryad Digital Repository https://doi.org/10.5061/dryad.83bk3j9rf (Li et al., 2021)"", also repeated in the reference list. repo_metadata DOES have a row for this exact DOI (doi:10.5061/dryad.83bk3j9rf), confirming repo_check identified the repository, but repo_check$table (the per-file listing) has zero rows for this paper -- the repository was recognized but its file listing was never successfully retrieved, producing mc_data_availability=FALSE.","EMBARGOED_OR_RESTRICTED_AT_SOURCE"
"10_1111_1365_2435_14678","data_availability_comment","Paper text: ""All data packages and R scripts used in this study are available through the Environmental Data Initiative: https://doi.org/10.6073/pasta/3aa17817f28596b2823d492474a8a409 (Hallmark, 2024)."" EDI is not a platform repo_check recognizes; repo_check has zero rows for this paper.","EDI_ENVIRONMENTAL_DATA_INITIATIVE"
"10_1111_1365_2656_14169","data_availability_comment","Paper text: ""Data available from figshare https://figshare.com/s/10750d4412dcd6cde0d7 (Schausberger & Nguyen, 2024)."" repo_check found zero files for this paper -- it never located/checked this Figshare share-link.","FIGSHARE_SHARE_LINK"
"10_1111_1365_2745_13875","data_availability_comment","Reference list cites a real Dryad DOI: ""Campbell, D. R. ... (2022). Data from: Comparative impacts of long-term trends in snowmelt ... Dryad Digital Repository. https://doi.org/10.7280/D1D99J."" repo_check found zero files for this paper -- it never located/checked this Dryad DOI.","SPLIT_DOI_EXTRACTION"
"10_1111_1365_2435_14111","data_availability_comment","Paper's own availability statement: ""The datasets generated during and/or analysed during the current study are available in the Dryad Data Repository (https://doi.org/10.5061/dryad.2jm63xss3)."" Cites a real Dryad repository (https://doi.org/10.5061/dryad.2jm63xss3). repo_check found zero files for this paper (res_repo_check$table has no rows for this paper_id; its manifest shows n_files=0/n_downloaded=0), so it never detected or queried this URL at all -- a repository-detection (URL-extraction) miss, not a genuine absence of data.","EMBARGOED_OR_RESTRICTED_AT_SOURCE"
"10_1111_1365_2656_13268","data_availability_comment","Paper's own availability statement: ""Data available from CSIC repository: http://dx.doi.org/10.20350/digitalCSIC/12516 (Villalta, Sanchez Oms, et al., 2020)."" Cites a real Other repo/database (CSIC) repository (http://dx.doi.org/10.20350/digitalCSIC/12516). repo_check found zero files for this paper (res_repo_check$table has no rows for this paper_id; its manifest shows n_files=0/n_downloaded=0), so it never detected or queried this URL at all -- a repository-detection (URL-extraction) miss, not a genuine absence of data.","UNSUPPORTED_REPO"
"10_1111_1365_2664_13397","data_availability_comment","Paper states ""Data are available at the Figshare repository https://doi.org/10.25909/5b581a5a151da""; repo_check's summary_table shows repo_n=0 -- this Figshare deposit was never detected.","SPLIT_DOI_EXTRACTION"
"10_1111_1365_2664_14254","data_availability_comment","Paper text: ""Data are available via the USGS ScienceBase catalogue https://doi.org/10.5066/P95GDPZM (Grider et al., 2022)"". ScienceBase is not among metacheck's supported repo_check providers (only zenodo/github/figshare/osf/dryad/dataverse/researchdata4tu/gitlab are recognized, confirmed against the full gated_repos log), so repo_check never attempted this URL at all, leaving repo_check$table empty and producing mc_data_availability=FALSE.","UNSUPPORTED_REPO"
"10_1111_1365_2435_14684","data_availability_comment","Paper text: ""Data available from the Lancaster University repository Pure: https://doi.org/10.17635/lancaster/researchdata/638 (Stevens, 2023)"". Lancaster's Pure institutional repository is not among metacheck's supported repo_check providers (only zenodo/github/figshare/osf/dryad/dataverse/researchdata4tu/gitlab), so repo_check never attempted this URL at all, leaving repo_check$table empty and producing mc_data_availability=FALSE.","UNSUPPORTED_REPO"
"10_1111_1365_2664_13035","data_availability_comment","Paper text: ""Data in this study are available from DataSTORRE: Stirling Online Repository for Research Data http://hdl.handle.net/11667/102 (Fuller et al., 2017)."" DataSTORRE (an institutional DSpace repository) is not a platform repo_check recognizes; repo_check has zero rows for this paper.","UNSUPPORTED_REPO"
"10_1111_2041_210x_13073","data_availability_comment","Paper's own availability statement: ""Data and MATLAB script available from the Dryad Digital [Repository]"" (Endler, Cole, & Kranz, 2018), Dryad doi:10.5061/dryad.g66247g. Cites a real Dryad repository. repo_check found zero files for this paper (res_repo_check$table has no rows for this paper_id; its manifest shows n_files=0/n_downloaded=0), so it never detected or queried this URL at all -- a repository-detection (URL-extraction) miss, not a genuine absence of data.","SPLIT_DOI_EXTRACTION"
"10_1111_1365_2656_13110","data_availability_comment","Paper text: ""Data are archived with the Environmental Information Data Centre (EIDC)/NERC, https://doi.org/10.5285/01034680-e640-44a2-aab6-2044b4672a95 (Law et al., 2018) and https://doi.org/10.5285/c0f65bf5-... (Law et al., 2019)."" NERC EIDC is not a platform repo_check recognizes; repo_check has zero rows for this paper.","EIDC_NERC"
"10_1002_2688_8319_12191","data_availability_comment","Paper's own availability statement: ""The data that support the findings of this study are openly available at: https://doi.org/10.5285/78ca9a01-107b-4f33-8561-9c3e64db7e02 (Norton et al., 2021)."" Cites a real Other repo/database (EIDC) repository (https://doi.org/10.5285/78ca9a01-107b-4f33-8561-9c3e64db7e02). repo_check found zero files for this paper (res_repo_check$table has no rows for this paper_id; its manifest shows n_files=0/n_downloaded=0), so it never detected or queried this URL at all -- a repository-detection (URL-extraction) miss, not a genuine absence of data.","EIDC_NERC"
"10_1111_1365_2664_14665","data_availability_comment","Paper's own availability statement: ""Data available via ScienceBase ... https://doi.org/10.5066/P9DQID6G."" Cites a real Other repo/database (ScienceBase) repository (https://doi.org/10.5066/P9DQID6G). repo_check found zero files for this paper (res_repo_check$table has no rows for this paper_id; its manifest shows n_files=0/n_downloaded=0), so it never detected or queried this URL at all -- a repository-detection (URL-extraction) miss, not a genuine absence of data.","USGS_SCIENCEBASE"
"10_1111_1365_2745_13620","data_availability_comment","Paper states ""The datasets used to analyse the current study are available from the BEF-China website FoliarFungi2014 https://data.botanik.uni-halle.de/bef-china/datasets/635 and from the iDiv Biodiversity Data [repository]""; repo_check's summary_table shows repo_n=0 -- these non-standard institutional-repository URLs were never detected.","UNSUPPORTED_REPO"
"10_1111_1365_2656_12730","data_availability_comment","Paper's own availability statement: ""Data on herbivory in mangrove trees reported here are available at http://www.bco-dmo.org/dataset/639335 (Griffen, 2016a)"", plus a second BCO-DMO dataset (639360). Cites a real Other repo/database (BCO-DMO) repository (http://www.bco-dmo.org/dataset/639335). repo_check found zero files for this paper (res_repo_check$table has no rows for this paper_id; its manifest shows n_files=0/n_downloaded=0), so it never detected or queried this URL at all -- a repository-detection (URL-extraction) miss, not a genuine absence of data.","UNSUPPORTED_REPO"
"10_1111_1365_2745_14324","data_availability_comment","Paper text cites data ""publicly available on the EIDC"" (Environmental Information Data Centre/NERC) in three separate places (vegetation, pollinator, and bird survey datasets). NERC EIDC is not a platform repo_check recognizes; repo_check has zero rows for this paper.","EIDC_NERC"
"10_1111_1365_2745_14456","data_availability_comment","Paper's own availability statement: ""Shrub leaf physiology and structural trait data are available through the Konza Prairie Biological Station LTER and the Environmental Data Initiative (EDI) data portal: https://doi.org/10.6073/pasta/fe327cebe79aab9ecf3dd10b45cbd485 (Wedel & Nippert, 2024)."" Cites a real Other repo/database (EDI) repository (https://doi.org/10.6073/pasta/fe327cebe79aab9ecf3dd10b45cbd485). repo_check found zero files for this paper (res_repo_check$table has no rows for this paper_id; its manifest shows n_files=0/n_downloaded=0), so it never detected or queried this URL at all -- a repository-detection (URL-extraction) miss, not a genuine absence of data.","EDI_ENVIRONMENTAL_DATA_INITIATIVE"
"10_1111_1365_2664_14704","data_availability_comment","Paper text: ""Data on the habitat suitability model results..., and data of seagrass long-term dynamics, river discharges, total nitrogen loads and eutrophication indicators...are available via DANS Data Station Life Sciences https://doi.org/10.17026/LS/TZYAGQ (van Katwijk et al., 2024)"". DANS (Dutch national data archive) is not among metacheck's supported repo_check providers, so repo_check never attempted this URL at all, leaving repo_check$table empty and producing mc_data_availability=FALSE.","UNSUPPORTED_REPO"
"10_1111_1365_2664_13533","data_availability_comment","Paper text: ""Soil microbiome dataset is available via the NCBI Sequence Read Archive (accession number ... SRP151262)."" repo_check found zero files for this paper -- it never located/checked this NCBI SRA deposit.","NCBI_GENBANK"
"10_1111_1365_2435_13471","data_availability_comment","Paper's own availability statement: ""Data are available at: https://purl.stanford.edu/fh584sg8391 subject to Office of Naval Research data sharing guidelines."" Cites a real Other repo/database (Stanford) repository (https://purl.stanford.edu/fh584sg8391). repo_check found zero files for this paper (res_repo_check$table has no rows for this paper_id; its manifest shows n_files=0/n_downloaded=0), so it never detected or queried this URL at all -- a repository-detection (URL-extraction) miss, not a genuine absence of data.","UNSUPPORTED_REPO"
"10_1111_1365_2435_14729","data_availability_comment","Paper text (twice): ""Raw reads from this targeted locus study have been deposited in the National Center for Biotechnology Information Sequence Read Archive (BioProject PRJNA1183728)"". NCBI's Sequence Read Archive is not among metacheck's supported repo_check providers (only zenodo/github/figshare/osf/dryad/dataverse/researchdata4tu/gitlab), so repo_check never attempted this accession at all, leaving repo_check$table empty and producing mc_data_availability=FALSE.","NCBI_GENBANK"
"10_1111_1365_2664_14575","data_availability_comment","Paper text: ""Data made publicly available in Figshare https://doi.org/10.6084/m9.figshare.c.6668111 (Chan & Coomes, 2023)."" This is a Figshare COLLECTION DOI (the ""c."" infix), a different URL/DOI structure from an individual Figshare article -- likely why repo_check's Figshare matcher never resolved it; repo_check has zero rows for this paper.","SPLIT_DOI_EXTRACTION"
"10_1002_pan3_10196","data_availability_comment","Paper text: ""The data are archived at MWLR (https://doi.org/10.7931/gj1a-f647)."" MWLR (Manaaki Whenua Landcare Research) is not a platform repo_check recognizes; repo_check has zero rows for this paper. | KNOWN METACHECK LIMITATION (not yet fixed, github.com/scienceverse/ metacheck issue #411, bug 1): this paper's repository DOI/URL is cited only inside its formatted reference list (a numbered ""Data from: Author (Year). Title [Dataset]. https://doi.org/..."" entry), never as an inline hyperlink or bare in-text mention. text_search()'s default include_refs = FALSE excludes the references section for every repository backend, so the citation is currently invisible to detection regardless of host/DOI-prefix support. Confirmed live 2026-09-19: the DOI itself resolves correctly when queried directly.","REFERENCES_ONLY"
"10_1002_pan3_10076","data_availability_comment","Paper text: ""...all data used in this study...will be archived as part of the NERC EIDC. However, these data and associated transcripts contain sensitive information...and are therefore available on request only."" This is a genuine (restricted-access) data availability statement naming a specific archive (NERC Environmental Information Data Centre), which is not among metacheck's supported repo_check providers, so repo_check never attempted this repository at all, leaving repo_check$table empty and producing mc_data_availability=FALSE.","UNSUPPORTED_REPO"
"10_1111_1365_2664_13771","data_availability_comment","Paper text: ""Data are available in the Manaaki Whenua - Landcare Research DataStore website https://doi.org/10.7931/txgn-m318 (Orwin et al., 2020)."" repo_check found zero files for this paper -- it never located/checked this DataStore DOI.","UNSUPPORTED_REPO"
"10_1111_1365_2656_13069","data_availability_comment","Paper's own availability statement: ""Data presented in this manuscript are available at: https://doi.org/10.5285/52b6b432-8f69-4b08-8a47-04e40f656f55 and https://doi.org/10.5285/54b722a7-7cda-4817-86a5-b96ad0bb4ae7 (Mugabo et al., 2019a, 2019b)."" Cites a real Other repo/database (EIDC) repository (https://doi.org/10.5285/52b6b432-8f69-4b08-8a47-04e40f656f55). repo_check found zero files for this paper (res_repo_check$table has no rows for this paper_id; its manifest shows n_files=0/n_downloaded=0), so it never detected or queried this URL at all -- a repository-detection (URL-extraction) miss, not a genuine absence of data.","EIDC_NERC"
"10_1111_2041_210x_13785","data_availability_comment","Paper text: ""Code and data for all analyses (Xirocostas et al., 2021) and the ZAX Herbivory Trainer (Debono, 2021) are archived on Zenodo"", with explicit DOIs 10.5281/zenodo.5746655 and 10.5281/zenodo.5746183. repo_check found zero files for this paper -- it never located/checked either Zenodo repository.","SPLIT_DOI_EXTRACTION"
"10_1002_pan3_10249","data_availability_comment","Paper text: ""We have archived anonymised data used in the models in the Oxford University Research Archive at [URL] (Hinsley, 2021)."" (The URL text is garbled by PDF extraction, concatenated with an unrelated citation URL.) An institutional repository not recognized by repo_check, compounded by extraction noise; repo_check has zero rows for this paper. | KNOWN METACHECK LIMITATION (not yet fixed, github.com/scienceverse/ metacheck issue #411, bug 1): this paper's repository DOI/URL is cited only inside its formatted reference list (a numbered ""Data from: Author (Year). Title [Dataset]. https://doi.org/..."" entry), never as an inline hyperlink or bare in-text mention. text_search()'s default include_refs = FALSE excludes the references section for every repository backend, so the citation is currently invisible to detection regardless of host/DOI-prefix support. Confirmed live 2026-09-19: the DOI itself resolves correctly when queried directly.","REFERENCES_ONLY"
"10_1111_2041_210x_13821","data_availability_comment","Paper text: ""Data and code are archived in the Data Repository of the University of Minnesota (Hodel & Fieberg, 2022)... https://doi.org/10.13020/1f35-rn20."" Both data and code are explicitly archived together at this institutional repository, which is not a platform repo_check recognizes; repo_check has zero rows for this paper. (The cylcop R package is also mentioned as available on CRAN, but the paper's own explicit ""archived"" data+code snapshot is the University of Minnesota repository.)","CRAN_CODE_PACKAGE"
"10_1111_1365_2435_13091","data_availability_comment","Paper text (twice): ""Raw sequence data have been submitted to NCBI Sequence Read Archives, accessible through Bioproject PRJNA286014"". NCBI's Sequence Read Archive is not among metacheck's supported repo_check providers (only zenodo/github/figshare/osf/dryad/dataverse/researchdata4tu/gitlab), so repo_check never attempted this accession at all, leaving repo_check$table empty and producing mc_data_availability=FALSE.","NCBI_GENBANK"
"10_1111_2041_210x_13766","data_availability_comment","Paper states its source code ""is freely downloadable from https://github.com/OneZoom/"" and that OneZoom's tree-of-life dataset ""is available in a Docker container hosted on Zenodo"". repo_check's gated_repos log shows repo_url=""github.com/OneZoom"" failed with repo_error=""invalid or inaccessible GitHub repository"" -- the paper's own citation (""github.com/OneZoom/."") is an organization-level URL with no specific repo name, which metacheck could not resolve; the separate Zenodo Docker deposit was never detected at all.","SPLIT_DOI_EXTRACTION"
"10_1111_1365_2435_13179","data_availability_comment","Paper text: ""University of Western Australia Research Repository, https://doi.org/10.4225/23/5b16364fb037e."" An institutional repository not recognized by repo_check; repo_check has zero rows for this paper.","UNSUPPORTED_REPO"
"10_1111_1365_2745_13149","data_availability_comment","Paper text: ""Forest inventory data ... are available from https://www.donneesquebec.ca/recherche/fr/dataset/placettes-echantillons-permanentes-1970-a-aujourd-hui."" repo_check found zero files for this paper -- it never located/checked this Quebec open-data portal URL.","UNSUPPORTED_REPO"
"10_1111_1365_2656_13067","data_availability_comment","A full-text search (including the reference list) finds no inline Data Availability Statement, but the reference list cites four of the authors' own datasets archived at BCO-DMO (Biological and Chemical Oceanography Data Management Office) with real DOIs, e.g. https://doi.org/10.1575/1912/bco-dmo.748860.2 (Yeager, 2018a/b, 2019a/b). BCO-DMO is a specialized oceanographic data repository not recognized by repo_check; repo_check has zero rows for this paper.","UNSUPPORTED_REPO"
"10_1111_1365_2745_13994","data_availability_comment","Paper's own availability statement: ""ITS copy numbers and species hypothesis relative abundance data are available at: https://doi.org/10.5285/d6c787ec-146c-461b-b8a2-e0251259036c"", plus two further EIDC DOIs for flux/root and soil fauna data. Cites a real Other repo/database (EIDC) repository (https://doi.org/10.5285/d6c787ec-146c-461b-b8a2-e0251259036c (+2 more)). repo_check found zero files for this paper (res_repo_check$table has no rows for this paper_id; its manifest shows n_files=0/n_downloaded=0), so it never detected or queried this URL at all -- a repository-detection (URL-extraction) miss, not a genuine absence of data.","EIDC_NERC"
"10_1111_1365_2745_12985","data_availability_comment","Paper text: ""Data available from the Environmental Data Initiative: https://doi.org/10.6073/pasta/fb8661cc0af964a4c5caace85b72b036 (Quintana-Ascencio & Menges, 2018)."" EDI is not a platform repo_check recognizes; repo_check has zero rows for this paper.","EDI_ENVIRONMENTAL_DATA_INITIATIVE"
"10_1111_1365_2435_13796","data_availability_comment","Reference list cites a resolvable Dryad DOI: ""Welti, E. A. R., & Kaspari, M. (2021). Data from: Sodium addition increases leaf herbivory ... Dryad Digital Repository, https://doi.org/10.5061/dryad.37pvm."" repo_check found zero files for this paper -- it never located/checked this Dryad DOI. | KNOWN METACHECK LIMITATION (not yet fixed, github.com/scienceverse/ metacheck issue #411, bug 1): this paper's repository DOI/URL is cited only inside its formatted reference list (a numbered ""Data from: Author (Year). Title [Dataset]. https://doi.org/..."" entry), never as an inline hyperlink or bare in-text mention. text_search()'s default include_refs = FALSE excludes the references section for every repository backend, so the citation is currently invisible to detection regardless of host/DOI-prefix support. Confirmed live 2026-09-19: the DOI itself resolves correctly when queried directly.","SPLIT_DOI_EXTRACTION"
"10_1111_2041_210x_14159","data_availability_comment","Paper text: ""All movement data used for this manuscript are archived in the online repository Movebank (https://www.movebank.org/)."" Movebank is a specialized animal-tracking data repository not recognized by repo_check; repo_check has zero rows for this paper.","UNSUPPORTED_REPO"
"10_1111_1365_2745_14006","data_availability_comment","Paper text: ""Data deposited in the EDI repository https://doi.org/10.6073/pasta/7f47439df0e09f1dcc6f0da77d5cc558 (Louw et al., 2022)"", plus a separate SRA sequence deposit. repo_check found zero files for this paper -- it never located/checked either repository.","EDI_ENVIRONMENTAL_DATA_INITIATIVE"
"10_1111_1365_2435_12998","data_availability_comment","Paper text: ""Representative sequences of all OTUs in this study have been submitted to Genbank (KY542280-KY547746)"". GenBank is not among metacheck's supported repo_check providers (only zenodo/github/figshare/osf/dryad/dataverse/researchdata4tu/gitlab), so repo_check never attempted this accession at all, leaving repo_check$table empty and producing mc_data_availability=FALSE.","NCBI_GENBANK"
"10_1111_1365_2745_13999","data_availability_comment","Paper's own availability statement: ""Processed data, statistical models, regional maps and R code used in [this study]"" are archived at the Dryad Digital Repository, https://doi.org/10.5061/dryad.7sqv9s4sh (Rodman et al., 2022). Cites a real Dryad repository (https://doi.org/10.5061/dryad.7sqv9s4sh). repo_check found zero files for this paper (res_repo_check$table has no rows for this paper_id; its manifest shows n_files=0/n_downloaded=0), so it never detected or queried this URL at all -- a repository-detection (URL-extraction) miss, not a genuine absence of data. | KNOWN METACHECK LIMITATION (not yet fixed, github.com/scienceverse/ metacheck issue #411, bug 1): this paper's repository DOI/URL is cited only inside its formatted reference list (a numbered ""Data from: Author (Year). Title [Dataset]. https://doi.org/..."" entry), never as an inline hyperlink or bare in-text mention. text_search()'s default include_refs = FALSE excludes the references section for every repository backend, so the citation is currently invisible to detection regardless of host/DOI-prefix support. Confirmed live 2026-09-19: the DOI itself resolves correctly when queried directly.","SPLIT_DOI_EXTRACTION"
"10_1111_1365_2664_12927","data_availability_comment","Paper text: ""The data used in this manuscript are archived in the Open Research Exeter archive: http://hdl.handle.net/10871/27138."" repo_check found zero files for this paper -- it never located/checked this institutional repository.","SUPPLEMENTARY_MATERIALS"
"10_1111_1365_2435_12975","data_availability_comment","Paper text: ""Raw data are deposited at figshare.com https://figshare.com/s/5e01cc0cae4cf3e2e14f."" This is a Figshare private/anonymous ""share link"" (figshare.com/s/...), a different URL format from the standard figshare.com/articles/... or DOI pattern repo_check's Figshare matcher expects -- likely why repo_check never detected it.","FIGSHARE_SHARE_LINK"
"10_1111_1365_2664_13010","data_availability_comment","Broader search of the full paper text found the actual DAS, missed by standard keyword filtering: ""All data are available under the CCA 3.0 Unported License at the PANGAEA Data Archiving & Publication at the following https://doi.pangaea.de/10.1594/PANGAEA.879537"" -- explicit claim; repo_check's summary_table confirms repo_n=0 (PANGAEA never detected).","PANGAEA"
"10_1002_2688_8319_12288","data_availability_comment","Paper text: ""The bear survey data... are available at the IRMA DataStore: https://doi.org/10.57830/2301104 (Schmidt et al., 2023)."" IRMA DataStore (US National Park Service) is not a platform repo_check recognizes; repo_check has zero rows for this paper.","UNSUPPORTED_REPO"
"10_1111_2041_210x_13681","data_availability_comment","Paper text: ""The location data of the polar bear case study are available on UAL Dataverse"" (https://doi.org/10.7939/DVN/QYMAYV) and ""Code to reproduce the simulations and the case study is available on Zenodo"" (https://doi.org/10.5281/zenodo.5070812). repo_check found zero files for this paper -- it never located/checked either repository.","SPLIT_DOI_EXTRACTION"
"10_1111_2041_210x_12976","data_availability_comment","Paper states ""All data and R script files are archived and freely available at: https://doi.org/10.7931/v1g081""; repo_check's summary_table shows repo_n=0 -- this repository (a non-standard institutional/university handle) was never detected.","UNSUPPORTED_REPO"
"10_1111_1365_2745_13306","data_availability_comment","Paper's own availability statement: ""Data are archived in the Environmental Data Initiative repository: https://doi.org/10.6073/pasta/c2ba534cb03a7d1ef203a3af63bfe6bc (Johnson, Gulick, Constant, et al., 2019)."" Cites a real Other repo/database (EDI) repository (https://doi.org/10.6073/pasta/c2ba534cb03a7d1ef203a3af63bfe6bc). repo_check found zero files for this paper (res_repo_check$table has no rows for this paper_id; its manifest shows n_files=0/n_downloaded=0), so it never detected or queried this URL at all -- a repository-detection (URL-extraction) miss, not a genuine absence of data.","EDI_ENVIRONMENTAL_DATA_INITIATIVE"
"10_1111_1365_2435_14354","data_availability_comment","Paper text: ""Illumina sequencing data have been deposited with links to BioProject accession number PRJNA952620 in the NCBI BioProject database"". NCBI BioProject is not among metacheck's supported repo_check providers, so repo_check never attempted this accession at all, leaving repo_check$table empty and producing mc_data_availability=FALSE.","NCBI_GENBANK"
"10_1111_1365_2745_13653","data_availability_comment","Paper text: ""The data and the R scripts used to run the analyses and generate figures are available at https://figshare.com/s/995026552f37a7390045."" This is a Figshare private/anonymous ""share link"" (figshare.com/s/...) holding both data and code together, a different URL format from the standard figshare.com/articles/... pattern repo_check's Figshare matcher expects; repo_check has zero rows for this paper. RECHECKED: figshare.com is a fully supported platform -- the residual is purely the private-share-link URL-format gap already described (figshare.com/s/... vs. the standard figshare.com/articles/... pattern), not a platform-coverage gap.","SPLIT_DOI_EXTRACTION"
"10_1002_pan3_10187","data_availability_comment","Paper's own availability statement: ""Data are archived on RADAR, the Oxford Brookes University open access data repository, via this link: https://doi.org/10.24384/t3zb-qz22 (Van Hamme et al., 2021)."" Cites a real Other repo/database (RADAR) repository (https://doi.org/10.24384/t3zb-qz22). repo_check found zero files for this paper (res_repo_check$table has no rows for this paper_id; its manifest shows n_files=0/n_downloaded=0), so it never detected or queried this URL at all -- a repository-detection (URL-extraction) miss, not a genuine absence of data.","UNSUPPORTED_REPO"
"10_1111_1365_2745_12883","data_availability_comment","Paper text: ""All data have been archived and made publically available via the University of Illinois, Illinois Data Bank: https://doi.org/10.13012/b2idb-0478588_v2 (Price, Spyreas, & Matthews, 2017)."" repo_check found zero files for this paper -- it never located/checked this repository.","UNSUPPORTED_REPO"
"10_1111_1365_2435_14696","data_availability_comment","Paper text cites the data at Zenodo, but the DOI string is corrupted by PDF extraction: ""https://doi. org/ 10.5281/ ZENODO.13986711"" has embedded spaces inserted mid-DOI, breaking it as a parseable URL. repo_check has zero rows for this paper -- the malformed DOI was never resolved into a real repository, not evidence the data doesn't exist.","SPLIT_DOI_EXTRACTION"
"10_1002_2688_8319_12159","data_availability_comment","Paper text: ""Data deposited in Enlighten: Research Data http://doi.org/10.5525/gla.researchdata.1303 (Kavwele et al., 2022)"" (University of Glasgow's institutional repository). This provider is not among metacheck's supported repo_check providers, so repo_check never attempted this URL at all, leaving repo_check$table empty and producing mc_data_availability=FALSE.","UNSUPPORTED_REPO"
"10_1111_1365_2745_13728","data_availability_comment","Paper text: ""Raw data for Sphagnum traits, microbial communities and traits ... can be accessed through the Figshare repository: https://doi.org/10.6084/m9.figshare.c.5191493 (Jassey et al., 2021)."" repo_check found zero files for this paper -- it never located/checked this Figshare DOI.","SPLIT_DOI_EXTRACTION"
"10_1111_1365_2664_13347","data_availability_comment","Paper text: ""Data available from Edinburgh Napier University Repository https://doi.org/10.17869/enu.2019.1497843 (White, Lee, Roberts, & Cole, 2019)."" An institutional repository not recognized by repo_check; repo_check has zero rows for this paper.","UNSUPPORTED_REPO"
"10_1111_1365_2664_14138","data_availability_comment","Reference list: ""Toomes, A., ... (2021). Data from: Drivers of the Australian native pet trade ... Figshare Dataset. https://doi.org/10.6084/m9.figshare.16436379.v2."" repo_check found zero files for this paper -- it never located/checked this Figshare DOI. | KNOWN METACHECK LIMITATION (not yet fixed, github.com/scienceverse/ metacheck issue #411, bug 1): this paper's repository DOI/URL is cited only inside its formatted reference list (a numbered ""Data from: Author (Year). Title [Dataset]. https://doi.org/..."" entry), never as an inline hyperlink or bare in-text mention. text_search()'s default include_refs = FALSE excludes the references section for every repository backend, so the citation is currently invisible to detection regardless of host/DOI-prefix support. Confirmed live 2026-09-19: the DOI itself resolves correctly when queried directly.","REFERENCES_ONLY"
"10_1111_1365_2435_14479","data_availability_comment","Paper's own availability statement: ""The data are available from Pangaea Data Repository: https://doi.org/10.1594/PANGAEA.962593 & https://doi.org/10.1594/PANGAEA.962841."" Cites a real Other repo/database (PANGAEA) repository (https://doi.org/10.1594/PANGAEA.962593 (+962841)). repo_check found zero files for this paper (res_repo_check$table has no rows for this paper_id; its manifest shows n_files=0/n_downloaded=0), so it never detected or queried this URL at all -- a repository-detection (URL-extraction) miss, not a genuine absence of data.","PANGAEA"
"10_1111_1365_2656_12775","data_availability_comment","Paper text: ""The Sightings database...for the Macquarie Island Elephant Seals are available from the Australian Antarctic Data Centre, https://data.aad.gov.au/metadata/records/TAGS_Elephant_Seals (Burton, Van Den Hoff, & Hindell, 2017)"". The Australian Antarctic Data Centre is not among metacheck's supported repo_check providers, so repo_check never attempted this URL at all, leaving repo_check$table empty and producing mc_data_availability=FALSE.","UNSUPPORTED_REPO"
"10_1111_1365_2745_13970","data_availability_comment","Paper's own availability statement: ""Data are available on the BEF-China data portal: https://data.botanik.uni-halle.de/bef-china/datasets/655."" Cites a real Other repo/database (BEF-China) repository (https://data.botanik.uni-halle.de/bef-china/datasets/655). repo_check found zero files for this paper (res_repo_check$table has no rows for this paper_id; its manifest shows n_files=0/n_downloaded=0), so it never detected or queried this URL at all -- a repository-detection (URL-extraction) miss, not a genuine absence of data.","UNSUPPORTED_REPO"
"10_1111_1365_2745_13185","data_availability_comment","Paper text: ""The data are archived at MetaboLights: https://www.ebi.ac.uk/metabolights/MTBLS544 (Ristok et al., 2019)."" repo_check found zero files for this paper -- it never located/checked this EBI MetaboLights repository.","UNSUPPORTED_REPO"
"10_1111_2041_210x_13063","data_availability_comment","Paper's own availability statement: ""Data used for this study are archived in the University of Gloucestershire Repository http://eprints.glos.ac.uk/id/eprint/5772."" Cites a real Other repo/database (Univ. of Gloucestershire) repository (http://eprints.glos.ac.uk/id/eprint/5772). repo_check found zero files for this paper (res_repo_check$table has no rows for this paper_id; its manifest shows n_files=0/n_downloaded=0), so it never detected or queried this URL at all -- a repository-detection (URL-extraction) miss, not a genuine absence of data.","UNSUPPORTED_REPO"
"10_1111_1365_2664_14421","data_availability_comment","Paper states ""Data available from the Edinburgh Napier Repository https://doi.org/10.17869/enu.2023.3069847""; repo_check's summary_table shows repo_n=0 -- this institutional repository was never detected.","UNSUPPORTED_REPO"
"10_1111_2041_210x_14104","data_availability_comment","Paper text: ""Data used in this study are available at IUPUI DataWorks https://doi.org/10.7912/D2/27 (Badirli, Picard, et al., 2021)."" IUPUI DataWorks is an institutional repository not recognized by repo_check; repo_check has zero rows for this paper.","UNSUPPORTED_REPO"
"10_1111_1365_2435_13523","data_availability_comment","Paper text: ""Data available from the Research Data Australia (RDA) online portal: http://handle.unsw.edu.au/1959.4/resource/collection/resdatac_1003/1"". This institutional handle-based portal is not among metacheck's supported repo_check providers, so repo_check never attempted this URL at all, leaving repo_check$table empty and producing mc_data_availability=FALSE.","UNSUPPORTED_REPO"
"10_1111_1365_2656_12846","data_availability_comment","Paper text: ""The dataset and results of PEAKSQ and Scaffold analyses are publicly accessible at the CAMP Proteome Repository, Massive and ProteomeXchange"" and ""CAMP proteome repository under accession number CAMPDDA00041."" These specialized proteomics databases are not platforms repo_check recognizes; repo_check has zero rows for this paper.","NCBI_GENBANK"
"10_1111_1365_2664_13013","data_availability_comment","Paper's own availability statement: ""Data available from the Cefas datahub https://doi.org/10.14466/cefasdatahub.43 (Thompson, 2017)."" Cites a real Other repo/database (Cefas) repository (https://doi.org/10.14466/cefasdatahub.43). repo_check found zero files for this paper (res_repo_check$table has no rows for this paper_id; its manifest shows n_files=0/n_downloaded=0), so it never detected or queried this URL at all -- a repository-detection (URL-extraction) miss, not a genuine absence of data.","UNSUPPORTED_REPO"
"10_1111_1365_2435_14284","data_availability_comment","Paper text (partly truncated by extraction): ""All data and associated scripts used in this study are available on [Zenodo]"", matching the reference list: ""Shah, A. A. et al. (2023)... Zenodo. https://doi.org/10.5281/zenodo.7573829."" Data and scripts together are explicitly claimed in one Zenodo repository, but repo_check has zero rows for this paper -- entirely missed. | KNOWN METACHECK LIMITATION (not yet fixed, github.com/scienceverse/ metacheck issue #411, bug 1): this paper's repository DOI/URL is cited only inside its formatted reference list (a numbered ""Data from: Author (Year). Title [Dataset]. https://doi.org/..."" entry), never as an inline hyperlink or bare in-text mention. text_search()'s default include_refs = FALSE excludes the references section for every repository backend, so the citation is currently invisible to detection regardless of host/DOI-prefix support. Confirmed live 2026-09-19: the DOI itself resolves correctly when queried directly.","REFERENCES_ONLY"
"10_1111_1365_2435_13629","data_availability_comment","Paper states ""All data are archived at the Manaaki Whenua data repository at https://doi.org/10.7931/8v94-zh60""; repo_check's summary_table shows repo_n=0 -- this repository was never detected.","UNSUPPORTED_REPO"
"10_1111_1365_2435_13360","data_availability_comment","Paper text: ""Supplementary data supporting this manuscript are available at https://hdl.handle.net/10411/6Q1YDC (Verhagen, 2019)"", a DataverseNL deposit. DataverseNL is not a platform repo_check recognizes; repo_check has zero rows for this paper. | KNOWN METACHECK LIMITATION (not yet fixed, github.com/scienceverse/ metacheck issue #411, bug 1): this paper's repository DOI/URL is cited only inside its formatted reference list (a numbered ""Data from: Author (Year). Title [Dataset]. https://doi.org/..."" entry), never as an inline hyperlink or bare in-text mention. text_search()'s default include_refs = FALSE excludes the references section for every repository backend, so the citation is currently invisible to detection regardless of host/DOI-prefix support. Confirmed live 2026-09-19: the DOI itself resolves correctly when queried directly.","REFERENCES_ONLY"
"10_1111_2041_210x_12871","data_availability_comment","Paper text: ""The data is accessible at the Electronic Research Data Archive at the University of Copenhagen (UCPH ERDA). http://www.erda.dk/public/archives/..."" ERDA is an institutional repository not recognized by repo_check; repo_check has zero rows for this paper.","UNSUPPORTED_REPO"
"10_1111_1365_2435_13255","data_availability_comment","Paper's own availability statement: ""All data used in this manuscript have been uploaded to the Senckenberg Data and Metadata Repository ... https://doi.org/10.12761/SGN.2018.10268 (Quitian, Santillan, Bender, et al., 2018b)."" Cites a real Other repo/database (Senckenberg) repository (https://doi.org/10.12761/SGN.2018.10268). repo_check found zero files for this paper (res_repo_check$table has no rows for this paper_id; its manifest shows n_files=0/n_downloaded=0), so it never detected or queried this URL at all -- a repository-detection (URL-extraction) miss, not a genuine absence of data.","UNSUPPORTED_REPO"
"10_1111_1365_2664_13890","data_availability_comment","Paper text: ""Data available from DIGITAL.CSIC Repository: Plant population..."" (Spanish National Research Council's institutional repository). DIGITAL.CSIC is not among metacheck's supported repo_check providers, so repo_check never attempted this repository at all, leaving repo_check$table empty and producing mc_data_availability=FALSE.","UNSUPPORTED_REPO"
"10_1111_1365_2664_14063","data_availability_comment","Paper's own availability statement: ""Data on diet composition supporting this paper available via EnviDat v.0.1 repository https://doi.org/10.16904/envidat.249 (Casanelles-...)."" Cites a real Other repo/database (EnviDat) repository (https://doi.org/10.16904/envidat.249). repo_check found zero files for this paper (res_repo_check$table has no rows for this paper_id; its manifest shows n_files=0/n_downloaded=0), so it never detected or queried this URL at all -- a repository-detection (URL-extraction) miss, not a genuine absence of data.","UNSUPPORTED_REPO"
"10_1111_1365_2664_14470","data_availability_comment","Paper states ""Data available from the OFB data repository https://ged.ofb.fr/share/s/mv2wsi4jToOSJg0N2Co5vg""; repo_check's summary_table shows repo_n=0 -- this French-agency share-link repository was never detected.","UNSUPPORTED_REPO"
"10_1111_2041_210x_14093","data_availability_comment","Paper states ""The data, files and code used to conduct our analysis...have been archived at the Purdue University Research Repository (https://doi.org/10.4231/RF5H-C895)""; repo_check's summary_table shows repo_n=0 -- this institutional repository was never detected.","UNSUPPORTED_REPO"
"10_1111_1365_2664_13708","data_availability_comment","Paper text: ""Data available via University of Leeds Repository https://doi.org/10.5518/833 (Brown & Holden, 2020)"". This institutional repository is not among metacheck's supported repo_check providers, so repo_check never attempted this URL at all, leaving repo_check$table empty and producing mc_data_availability=FALSE.","UNSUPPORTED_REPO"
"10_1002_pan3_10170","data_availability_comment","Paper text: ""The data...are archived at the public platform the Swedish National Data Service website at https://doi.org/10.5878/22y8-p614."" repo_check has zero rows for this paper -- SND is not a platform repo_check's URL-matcher recognizes, so this DOI was never detected/fetched at all.","UNSUPPORTED_REPO"
"10_1111_1365_2435_13611","data_availability_comment","Paper text: ""Raw sequences have been deposited in the NCBI Sequence Read Archive under the BioProject accession number PRJNA550037"" and ""the rest of the data is available through the envidat.ch data portal...https://doi.org/10.16904/envidat.152"". Neither NCBI SRA nor envidat.ch (Swiss WSL data portal) is among metacheck's supported repo_check providers, so repo_check never attempted either at all, leaving repo_check$table empty and producing mc_data_availability=FALSE.","NCBI_GENBANK"
"10_1111_1365_2656_13042","data_availability_comment","Paper text: ""Data associated with this paper are deposited in the Purdue University Research Repository: https://doi.org/10.4231/BVZE-3057 (Hoverman & Gallagher, 2019)"". This institutional repository is not among metacheck's supported repo_check providers, so repo_check never attempted this URL at all, leaving repo_check$table empty and producing mc_data_availability=FALSE.","UNSUPPORTED_REPO"
"10_1111_1365_2664_14271","data_availability_comment","Paper text: DNA sequences deposited in GenBank under accession numbers OP038566-OP038624 etc. GenBank is a sequence database, not a platform repo_check recognizes as a code/data repository; repo_check has zero rows for this paper.","NCBI_GENBANK"
"10_1111_1365_2656_13767","data_availability_comment","Paper text: ""Data available from the World Spider Trait database... https://doi.org/10.57758/0p0v-gj43"" plus GenBank accessions. The World Spider Trait database is not a platform repo_check recognizes; repo_check has zero rows for this paper.","NCBI_GENBANK"
"10_1111_1365_2656_13065","data_availability_comment","Paper text: ""16S rRNA amplicon sequence data are available from the NCBI SRA (accession number PRJNA506340)"", ""Microsatellite loci sequences are logged in NCBI GenBank under accession numbers MF987878 to MF987887"", and ""Raw Illumina sequencing data...is deposited in the NCBI SRA (accession number PRJNA528609)"". Neither NCBI SRA nor GenBank is among metacheck's supported repo_check providers, so repo_check never attempted any of these accessions, leaving repo_check$table empty and producing mc_data_availability=FALSE.","NCBI_GENBANK"
"10_1002_2688_8319_12280","data_availability_comment","Paper text: ""Data not found in the Supplementary Material can be accessed at https://doi.org/10.5066/P9FEN91Q (Yelenik & Warneke, 2023)."" repo_check found zero files for this paper -- it never located/checked this DOI.","SUPPLEMENTARY_MATERIALS"
"10_1111_2041_210x_13547","data_availability_comment","Paper's own availability statement: ""The Paris 12 dataset is available on Zenodo (Machon, 2020)""; ""The codes to perform SBCE probability estimation are available on Zenodo (Louvet, 2020), as well as on a GitHub repository."" Cites a real Zenodo repository (https://doi.org/10.5281/zenodo.3770339 (data) + zenodo.4314518 (code)). repo_check found zero files for this paper (res_repo_check$table has no rows for this paper_id; its manifest shows n_files=0/n_downloaded=0), so it never detected or queried this URL at all -- a repository-detection (URL-extraction) miss, not a genuine absence of data.","SPLIT_DOI_EXTRACTION"
"10_1002_pan3_10117","data_availability_comment","Paper text: ""Data underlying all the results presented in this paper are archived and will be freely available at the University of Derby's online research archive at https://derby.openrepository.com/handle/10545/624822 (UDORA, 2020) after a 12-month embargo after publication."" An institutional repository not recognized by repo_check; repo_check has zero rows for this paper.","UNSUPPORTED_REPO"
"10_1111_1365_2745_13000","data_availability_comment","Paper states ""The data used in the analyses are available at PANGAEA: https://doi.pangaea.de/10.1594/PANGAEA.888585...PANGAEA.888584""; repo_check's summary_table shows repo_n=0 -- these PANGAEA deposits were never detected.","PANGAEA"
"10_1111_1365_2664_13711","data_availability_comment","Paper text: ""Data available from the Purdue University Research Repository (PURR), https://doi.org/10.4231/XA35-0802 (Olaya-Arenas, Scharf, & Kaplan, 2020)."" An institutional repository not recognized by repo_check; repo_check has zero rows for this paper.","UNSUPPORTED_REPO"
"10_1111_1365_2745_12858","data_availability_comment","Paper text names the specific data sources and their access points: ""Phenology and precipitation data: CTFS-ForestGEO Data Management (http://www.forestgeo.si.edu/group/Data/Access+the+data)"" and ""Temperature data: NASA-Earth Observing System Data and Information System (https://earthdata.nasa.gov/)"". Neither CTFS-ForestGEO nor NASA EOSDIS is among metacheck's supported repo_check providers, so repo_check never attempted either at all, leaving repo_check$table empty and producing mc_data_availability=FALSE.","UNSUPPORTED_REPO"
"10_1111_1365_2664_14513","data_availability_comment","Paper text: ""Data available via the Illinois Data Bank https://doi.org/10.13012/B2IDB-8891496_V1"". The Illinois Data Bank is not among metacheck's supported repo_check providers, so repo_check never attempted this URL at all, leaving repo_check$table empty and producing mc_data_availability=FALSE.","UNSUPPORTED_REPO"
"10_1002_pan3_10220","data_availability_comment","Broader search of the full paper text found the actual DAS, missed by standard keyword filtering: ""Quantitative data from the interviews are publicly available through Lancaster University https://doi.org/10.17635/lancaster/researchdata/464 (Woodhead et al., 2021)""; repo_check's summary_table confirms repo_n=0 (this institutional repository was never detected).","UNSUPPORTED_REPO"
"10_1111_1365_2745_13865","data_availability_comment","Paper text: ""The data are freely available on the Natural Environment Research Council (NERC) Environmental Information Data Centre (https://doi.org/10.5285/d5ea9e2c-f053-4631-aead-a8a5557488c6)."" NERC EIDC is not a platform repo_check recognizes; repo_check has zero rows for this paper. | KNOWN METACHECK LIMITATION (not yet fixed, github.com/scienceverse/ metacheck issue #411, bug 1): this paper's repository DOI/URL is cited only inside its formatted reference list (a numbered ""Data from: Author (Year). Title [Dataset]. https://doi.org/..."" entry), never as an inline hyperlink or bare in-text mention. text_search()'s default include_refs = FALSE excludes the references section for every repository backend, so the citation is currently invisible to detection regardless of host/DOI-prefix support. Confirmed live 2026-09-19: the DOI itself resolves correctly when queried directly.","REFERENCES_ONLY"
"10_1111_1365_2745_14050","data_availability_comment","Paper text: ""Data for this article have been deposited at the Environmental Data [Initiative]"" (sentence truncated by paragraph extraction but clearly names a real archive). repo_check found zero files for this paper -- it never located/checked this repository.","UNSUPPORTED_REPO"
"10_1111_1365_2656_13078","data_availability_comment","Paper text: ""Biologging and stable isotope data are publically available through the Australian Antarctic Data Centre: https://data.aad.gov.au/metadata/records/AAS_4087_Fulmarine_petrel_tracking_study..."". AADC is not a platform repo_check recognizes; repo_check has zero rows for this paper.","UNSUPPORTED_REPO"
"10_1002_pan3_10185","data_availability_comment","The paper's reference list cites four separate University College London (UCL Discovery) datasets with real DOIs (e.g. https://doi.org/10.5522/04/13469022.v1), matching the in-text statement that interview data ""are also available online at University College [London]."" UCL Discovery is an institutional repository not recognized by repo_check; repo_check has zero rows for this paper.","UNSUPPORTED_REPO"
"10_1111_1365_2656_12939","data_availability_comment","Paper text: ""DATA AVAILABILITY Data are available in the Pangaea repository: https://doi.org/doi.pangaea.de/10.1594/pangaea.895965 (Demann & Wegner, 2018)"". PANGAEA is not among metacheck's supported repo_check providers, so repo_check never attempted this URL at all, leaving repo_check$table empty and producing mc_data_availability=FALSE.","PANGAEA"
"10_1111_1365_2745_13986","data_availability_comment","Paper text: ""Raw data have been deposited in the Sequence Read Archive (SRA) under the BioProject accession no. [...]"". NCBI's Sequence Read Archive is not among metacheck's supported repo_check providers, so repo_check never attempted this accession at all, leaving repo_check$table empty and producing mc_data_availability=FALSE.","NCBI_GENBANK"
"10_1111_1365_2435_13980","data_availability_comment","Paper text: ""Repository https://doi.org/10.25422/azu.data.16823602 (Zhang et al., 2021)"", the University of Arizona Research Data Repository. An institutional repository not recognized by repo_check; repo_check has zero rows for this paper.","TEXT_EXTRACTION_TRUNCATED"
"10_1111_1365_2745_13085","data_availability_comment","Paper's own availability statement: ""Data available from the Dryad Digital Repository"" (Tomlinson, Sterck, Barbosa, de Bie, Prins & van Langevelde, 2018). Cites a real Dryad repository (doi.org/10.5061/dryad.745...). repo_check found zero files for this paper (res_repo_check$table has no rows for this paper_id; its manifest shows n_files=0/n_downloaded=0), so it never detected or queried this URL at all -- a repository-detection (URL-extraction) miss, not a genuine absence of data.","TEXT_EXTRACTION_TRUNCATED"
"10_1111_1365_2664_14198","data_availability_comment","Paper text: ""Data available via the University of Stirling dataSTORRE http://hdl.handle.net/11667/195 (Jones et al., 2022)."" repo_check found zero files for this paper -- it never located/checked this institutional repository.","UNSUPPORTED_REPO"
"10_1111_1365_2656_13439","data_availability_comment","Paper's own availability statement: ""The datasets generated during this study are available in the VTechData repository https://doi.org/10.7294/WSDX-AJ44 (Langwig, 2021)."" Cites a real Other repo/database (VTechData) repository (https://doi.org/10.7294/WSDX-AJ44). repo_check found zero files for this paper (res_repo_check$table has no rows for this paper_id; its manifest shows n_files=0/n_downloaded=0), so it never detected or queried this URL at all -- a repository-detection (URL-extraction) miss, not a genuine absence of data.","UNSUPPORTED_REPO"
"10_1002_pan3_10252","data_availability_comment","Paper text: ""The data that support the analysis of this study are available from the publicly accessible repository, NERC Environmental Information Data Centre: https://doi.org/10.5285/a924f41c-ae29-427c-8113-aebe6bc2d349 (Jackson-Bué et al., 2021)"". NERC EIDC is not among metacheck's supported repo_check providers, so repo_check never attempted this URL at all (no matching gated_repos entry either, confirming a genuine miss rather than a fetch error), leaving repo_check$table empty and producing mc_data_availability=FALSE.","UNSUPPORTED_REPO"
"10_1111_1365_2664_13146","data_availability_comment","Paper text: ""Data are available from the Centre for Ecology and Hydrology. https://doi.org/10.5285/c4806e25-5325-4b01-8066-91a8fb55eb41 (Plummer & Siriwardena, 2018)."" repo_check found zero files for this paper -- it never located/checked this CEH DOI.","SUPPLEMENTARY_MATERIALS"
"10_1111_1365_2745_12772","data_availability_comment","Paper's own availability statement: ""Sequences were deposited to the MG-RAST server (http://metagenomics.anl.gov/) and are available to the public (accession numbers from 4686814.3 to 4687035.3)."" Cites a real Other repo/database (MG-RAST) repository (http://metagenomics.anl.gov/). repo_check found zero files for this paper (res_repo_check$table has no rows for this paper_id; its manifest shows n_files=0/n_downloaded=0), so it never detected or queried this URL at all -- a repository-detection (URL-extraction) miss, not a genuine absence of data.","NCBI_GENBANK"
"10_1111_1365_2664_13179","data_availability_comment","Paper text: ""Data available via USGS data release https://doi.org/10.5066/f78w3c7w (Guest et al. 2018)."" USGS Data Release is not a platform repo_check recognizes; repo_check has zero rows for this paper.","UNSUPPORTED_REPO"
"10_1111_1365_2435_14022","data_availability_comment","Paper text: ""Data and R scripts (Joncour et al., 2022) are available from Dryad"", with the reference list giving the resolvable DOI https://doi.org/10.5061/dryad.1g1jwstzd. repo_check found zero files for this paper -- it never located/checked this Dryad DOI (the in-text link is a temporary reviewer share-link, but a permanent DOI exists in the reference list). RECHECKED: the Dryad DOI in the reference list (10.5061/dryad.1g1jwstzd) live-resolves (HTTP 200) to datadryad.org, a standard prefix Dryad support handles -- confirms Dryad itself is not the obstacle; the residual is purely that this DOI appears only in the reference list, not the in-text availability statement, already described.","TEXT_EXTRACTION_TRUNCATED"
"10_1002_pan3_10491","data_availability_comment","Paper states ""The data used in this study are available online at University College London's Research Data Repository: https://doi.org/10.5522/04/23217572.v1""; repo_check's summary_table shows repo_n=0 -- this repository was never detected.","UNSUPPORTED_REPO"
"10_1111_1365_2745_13470","data_availability_comment","Paper text: ""All tree and liana data are deposited in the ForestPlots.net database (Lopez-Gonzalez, Lewis, Burkitt, & Phillips, 2011)."" repo_check found zero files for this paper -- it never located/checked this ForestPlots.net database. | KNOWN METACHECK LIMITATION (not yet fixed, github.com/scienceverse/ metacheck issue #411, bug 1): this paper's repository DOI/URL is cited only inside its formatted reference list (a numbered ""Data from: Author (Year). Title [Dataset]. https://doi.org/..."" entry), never as an inline hyperlink or bare in-text mention. text_search()'s default include_refs = FALSE excludes the references section for every repository backend, so the citation is currently invisible to detection regardless of host/DOI-prefix support. Confirmed live 2026-09-19: the DOI itself resolves correctly when queried directly.","REFERENCES_ONLY"
"10_1111_1365_2656_12921","data_availability_comment","Paper text: ""This is a simulation study, and data-derived life-history trait values used to simulate analyses are all included in the manuscript."" There is no external repository -- all values are given directly within the article text/tables. Cooper's Yes reflects this in-article availability, while metacheck's check requires an external, checkable repository URL, which does not exist here (repo_check found zero files, correctly).","SUPPLEMENTARY_MATERIALS"
"10_1111_1365_2435_14106","data_availability_comment","Reference list cites an NCBI deposit: ""Qu, Z. L. ... (2022). Data from: Impacts of near-natural management in eucalyptus plantations ... The National Center for Biotechnology Information (NCBI) with Access No..."" (accession truncated by extraction). repo_check found zero files for this paper -- it never located/checked this NCBI repository.","NCBI_GENBANK"
"10_1111_1365_2656_12672","data_availability_comment","Cooper's own data_archive classification for this paper is 'Supplementary materials' (not an external repository), and no external repository/DOI text was found anywhere (only generic 'Supplementary results'). repo_check found zero files, consistent with there being no external, checkable repository. Cooper's Yes and metacheck's No answer different questions: 'is data available anywhere, including as attached supplementary files' vs 'is there a checkable external repository'.","SUPPLEMENTARY_MATERIALS"
"10_1111_1365_2435_14138","data_availability_comment","Paper text: 'The raw reads of microbiome sequencing were deposited in NCBI under the project of PRJNA776093' and 'genome sequencing...PRJNA754495.' Data is cited via bare NCBI BioProject accession numbers, not a URL/DOI; repo_check's text-extraction looks for repo_urls, not accession-number patterns, so it never checked NCBI at all. repo_check found/listed nothing for this paper.","NCBI_GENBANK"
"10_1111_1365_2435_13897","data_availability_comment","Paper text: ""The data that support the findings of this study are publicly available at the USGS ScienceBase online data repository platform https://doi.org/10.5066/P9OKKJ1B (Havrilla & Munson, 2021)."" repo_check found zero files for this paper -- it never located/checked this ScienceBase DOI.","USGS_SCIENCEBASE"
"10_1111_1365_2664_14691","data_availability_comment","Paper text: ""The raw sequence data are available from the NCBI BioProject database...under BioProject PRJNA1059992"" and ""The research data are available from the PlutoF data repository, at https://doi.org/10.15156/BIO/2959323 (Runnel et al., 2024)"". Neither NCBI BioProject nor PlutoF is among metacheck's supported repo_check providers, so repo_check never attempted either at all, leaving repo_check$table empty and producing mc_data_availability=FALSE.","NCBI_GENBANK"
"10_1111_1365_2435_12895","data_availability_comment","Cooper's own data_archive classification for this paper is 'Supplementary materials' (not an external repository), and the only availability-related text found is generic ('presented as supplementary material (Fig. S7)', 'Supplementary figures and tables'). repo_check found zero files, consistent with there being no external, checkable repository -- data appears to live only in the article's own Supporting Information files, which repo_check is not designed to check (no URL to visit). Cooper's Yes and metacheck's No are answering different questions: 'is data available anywhere, including as attached supplementary files' vs 'is there a checkable external repository'.","SUPPLEMENTARY_MATERIALS"
"10_1111_1365_2656_14007","data_availability_comment","Paper's own availability statement: ""Data available from the DIGITAL.CSIC https://doi.org/10.20350/digitalCSIC/15508 (Viana et al., 2023)."" Cites a real Other repo/database (DIGITAL.CSIC) repository (https://doi.org/10.20350/digitalCSIC/15508). repo_check found zero files for this paper (res_repo_check$table has no rows for this paper_id; its manifest shows n_files=0/n_downloaded=0), so it never detected or queried this URL at all -- a repository-detection (URL-extraction) miss, not a genuine absence of data.","UNSUPPORTED_REPO"
"10_1111_1365_2745_12882","data_availability_comment","Paper text: ""Data presented in this article have been archived in the Arctic Data Center (Sullivan, 2012) https://arcticdata.io/catalog/#view/urn:uuid:3dc91064-7b8b-4308-b949-a361b7146baa."" Arctic Data Center is not a platform repo_check recognizes, and this URL is a catalog-view link keyed by a URN rather than a simple DOI; repo_check has zero rows for this paper.","UNSUPPORTED_REPO"
"10_1111_1365_2435_14484","data_availability_comment","Paper's own availability statement: ""The raw data were generated by Shanghai Majorbio Bio-pharm Technology Co., Ltd and deposited in the NCBI Sequence Read Archive database."" Cites a real Other repo/database (NCBI SRA) repository. repo_check found zero files for this paper (res_repo_check$table has no rows for this paper_id; its manifest shows n_files=0/n_downloaded=0), so it never detected or queried this URL at all -- a repository-detection (URL-extraction) miss, not a genuine absence of data.","NCBI_GENBANK"
"10_1111_1365_2745_13606","data_availability_comment","Paper text: ""Datasets used in this manuscript are available on Dryad Digital [Repository]"" with explicit Dryad DOIs in the reference list (e.g. https://doi.org/10.5061/dryad.f7m0cfxv3). repo_check has zero rows for this paper despite the clear Dryad citation. | KNOWN METACHECK LIMITATION (not yet fixed, github.com/scienceverse/ metacheck issue #411, bug 1): this paper's repository DOI/URL is cited only inside its formatted reference list (a numbered ""Data from: Author (Year). Title [Dataset]. https://doi.org/..."" entry), never as an inline hyperlink or bare in-text mention. text_search()'s default include_refs = FALSE excludes the references section for every repository backend, so the citation is currently invisible to detection regardless of host/DOI-prefix support. Confirmed live 2026-09-19: the DOI itself resolves correctly when queried directly.","SPLIT_DOI_EXTRACTION"
"10_1111_1365_2435_13891","data_availability_comment","Paper text: ""Data associated with this experiment are available on the Harvard Forest Data Archive (https://harvardforest.fas.harvard.edu/harvard-forest-data-archive...) and are openly available through this local archive as well as the Environmental Data Initiative (https://doi.org/10.6073/pasta/caf757bc4d0d0509bfc16fc98db9a927)."" repo_check found zero files for this paper -- it never located/checked either repository. | KNOWN METACHECK LIMITATION (not yet fixed, github.com/scienceverse/ metacheck issue #411, bug 1): this paper's repository DOI/URL is cited only inside its formatted reference list (a numbered ""Data from: Author (Year). Title [Dataset]. https://doi.org/..."" entry), never as an inline hyperlink or bare in-text mention. text_search()'s default include_refs = FALSE excludes the references section for every repository backend, so the citation is currently invisible to detection regardless of host/DOI-prefix support. Confirmed live 2026-09-19: the DOI itself resolves correctly when queried directly.","REFERENCES_ONLY"
"10_1002_pan3_10406","data_availability_comment","Paper text: ""All data are available in the Apollo repository held by the University of Cambridge at https://doi.org/10.17863/CAM.88300"". Apollo (Cambridge's institutional repository) is not among metacheck's supported repo_check providers, so repo_check never attempted this URL at all, leaving repo_check$table empty and producing mc_data_availability=FALSE.","UNSUPPORTED_REPO"
"10_1111_1365_2745_14198","data_availability_comment","Paper text: ""Data and R code used for this manuscript are available on the Environmental Data Initiative data portal: https://doi.org/10.6073/pasta/c30eb38e801a6db7506bf1e5a5a235ed (Wilfahrt, 2023)."" repo_check found zero files for this paper -- it never located/checked this EDI DOI.","EDI_ENVIRONMENTAL_DATA_INITIATIVE"
"10_1002_pan3_10756","data_availability_comment","Paper's own availability statement: ""[Data are archived] at https://doi.org/10.23634/MMU.00636962."" (the sentence-opening clause with the archive name was lost to sentence-splitting in text extraction, but the DOI itself resolves to Manchester Metropolitan University's institutional repository.) Cites a real Other repo/database (MMU e-space) repository (https://doi.org/10.23634/MMU.00636962). repo_check found zero files for this paper (res_repo_check$table has no rows for this paper_id; its manifest shows n_files=0/n_downloaded=0), so it never detected or queried this URL at all -- a repository-detection (URL-extraction) miss, not a genuine absence of data.","TEXT_EXTRACTION_TRUNCATED"
"10_1111_1365_2435_14151","data_availability_comment","Paper's own availability statement: ""Data are archived for public use in the Sierra Nevada Bighorn Sheep Database of the California Department of Fish and Wildlife, but not elsewhere owing to the sensitive nature of biological data for endangered species in this study."" Cites a real Other repo/database (CDFW Bighorn Sheep Database) repository. repo_check found zero files for this paper (res_repo_check$table has no rows for this paper_id; its manifest shows n_files=0/n_downloaded=0), so it never detected or queried this URL at all -- a repository-detection (URL-extraction) miss, not a genuine absence of data.","UNSUPPORTED_REPO"
"10_1111_1365_2745_14373","data_availability_comment","Paper text: ""Raw data and metadata... are publicly available at the iDiv data repository: https://doi.org/10.25829/idiv.3548-bz7p93 (Dieskau et al., 2024)."" iDiv Data Repository is not a platform repo_check recognizes; repo_check has zero rows for this paper.","UNSUPPORTED_REPO"
"10_1111_1365_2664_13961","data_availability_comment","Reference list cites a resolvable Dryad DOI: ""Rashid, I., ... (2021). Data from: Species abundance along the railway of Kashmir Himalaya. Dryad Digital Repository, https://doi.org/10.5061/dryad.0pngf20h"" (the in-text sentence itself contains a malformed/wrong link, an orcid.org URL, but the reference-list DOI is real and resolvable). repo_check found zero files for this paper -- it never located/checked this Dryad DOI. | KNOWN METACHECK LIMITATION (not yet fixed, github.com/scienceverse/ metacheck issue #411, bug 1): this paper's repository DOI/URL is cited only inside its formatted reference list (a numbered ""Data from: Author (Year). Title [Dataset]. https://doi.org/..."" entry), never as an inline hyperlink or bare in-text mention. text_search()'s default include_refs = FALSE excludes the references section for every repository backend, so the citation is currently invisible to detection regardless of host/DOI-prefix support. Confirmed live 2026-09-19: the DOI itself resolves correctly when queried directly.","SPLIT_DOI_EXTRACTION"
"10_1111_1365_2435_14271","data_availability_comment","Paper's own availability statement: ""All data used in the manuscript and its supporting information are stored in our institutional archive and are publicly available here: https://doi.org/10.26183/bf6d-kh20."" (A GitHub link elsewhere in the paper is for a THIRD PARTY's unrelated methodology, not this paper's own data.) Cites a real Other repo/database (institutional archive) repository (https://doi.org/10.26183/bf6d-kh20). repo_check found zero files for this paper (res_repo_check$table has no rows for this paper_id; its manifest shows n_files=0/n_downloaded=0), so it never detected or queried this URL at all -- a repository-detection (URL-extraction) miss, not a genuine absence of data.","UNSUPPORTED_REPO"
"10_1111_2041_210x_13992","data_availability_comment","Paper text: ""Data are also published in the Dryad Digital Repository (https://doi.org/10.5061/dryad.z34tmpght)."" A clear, standard-format Dryad DOI is cited yet mc_data_availability=FALSE, indicating repo_check never found/listed this repository.","EMBARGOED_OR_RESTRICTED_AT_SOURCE"
"10_1111_1365_2656_13345","data_availability_comment","Paper text: ""The eBird bird occurrence data are available from the Dryad Digital Repository https://doi.org/10.5061/dryad.hmgqnk9f3 (La Sorte & Graham, 2020)."" A clear, working Dryad DOI is cited yet mc_data_availability=FALSE, indicating repo_check never found/listed this repository. | KNOWN METACHECK LIMITATION (not yet fixed, github.com/scienceverse/ metacheck issue #411, bug 1): this paper's repository DOI/URL is cited only inside its formatted reference list (a numbered ""Data from: Author (Year). Title [Dataset]. https://doi.org/..."" entry), never as an inline hyperlink or bare in-text mention. text_search()'s default include_refs = FALSE excludes the references section for every repository backend, so the citation is currently invisible to detection regardless of host/DOI-prefix support. Confirmed live 2026-09-19: the DOI itself resolves correctly when queried directly.","SPLIT_DOI_EXTRACTION"
"10_1111_1365_2664_13286","data_availability_comment","Paper text: ""All data and metadata are available via USGS Science Base https://doi.org/10.5066/p91vexew (Rubenstein, Christophersen, & Ransom, ...)."" repo_check found zero files for this paper -- it never located/checked this ScienceBase DOI.","USGS_SCIENCEBASE"
"10_1111_1365_2745_13304","data_availability_comment","Paper states ""Data has been deposited with the NERC Environmental Information Data Centre: https://doi.org/10.5285/65c14df6-b762-441c-8d8d-9112f7350f03""; repo_check's summary_table shows repo_n=0 -- this institutional repository was never detected.","EIDC_NERC"
"10_1111_1365_2435_13632","data_availability_comment","Paper text: ""The seabird positional data... are available from the Norwegian Polar Data Centre (NPDC, https://data.npolar.no), with https://doi.org/10.21334/npolar.2020.8a2f44d4."" NPDC is not a platform repo_check recognizes; repo_check has zero rows for this paper.","UNSUPPORTED_REPO"
"10_1111_1365_2745_13694","data_availability_comment","Paper text: ""Data and r code for the analyses are available at the Zenodo Digital [Repository]... https://doi.org/10.5281/zenodo.3756781."" Both data and code are explicitly claimed in one Zenodo repository, but repo_check has zero rows for this paper -- entirely missed.","SPLIT_DOI_EXTRACTION"
"10_1111_1365_2656_13669","data_availability_comment","Paper's own availability statement: ""Data available from the Dryad Digital Repository 10.5061/dryad.dz08kprzw (Suh et al., 2022)."" Cites a real Dryad repository (10.5061/dryad.dz08kprzw). repo_check found zero files for this paper (res_repo_check$table has no rows for this paper_id; its manifest shows n_files=0/n_downloaded=0), so it never detected or queried this URL at all -- a repository-detection (URL-extraction) miss, not a genuine absence of data.","SPLIT_DOI_EXTRACTION"
"10_1002_pan3_10265","data_availability_comment","Paper's own availability statement: ""Original data are archived at Oxford Research Archive: https://doi.org/10.5287/bodleian:KOykbrbvb (Gosler, 2022)."" Cites a real Other repo/database (Oxford Research Archive) repository (https://doi.org/10.5287/bodleian:KOykbrbvb). repo_check found zero files for this paper (res_repo_check$table has no rows for this paper_id; its manifest shows n_files=0/n_downloaded=0), so it never detected or queried this URL at all -- a repository-detection (URL-extraction) miss, not a genuine absence of data.","UNSUPPORTED_REPO"
"10_1111_1365_2745_14047","data_availability_comment","Paper text: ""All data and (permanent links to) imagery are available from the Environmental Data Initiative (EDI) Data Portal: https://doi.org/10.6073/pasta/7f004957c6cc224d84e61bf1f4bb76a4 (Davis, 2022)."" EDI is not a platform repo_check recognizes; repo_check has zero rows for this paper.","EDI_ENVIRONMENTAL_DATA_INITIATIVE"
"10_1111_1365_2656_13407","data_availability_comment","Paper states ""Data used in this manuscript have been archived online at the [named repository, GLBRC's Long-Term Ecological Research data catalog]""; repo_check's summary_table shows repo_n=0 -- this text is truncated in extraction but clearly names an online archive, which was never detected.","UNSUPPORTED_REPO"
"10_1111_1365_2745_13708","data_availability_comment","Paper states ""The data and R code for this study are available online at Knowledge Network for Biocomplexity: https://doi.org/10.5063/PG1Q4B""; repo_check's summary_table shows repo_n=0 -- this repository was never detected.","UNSUPPORTED_REPO"
"10_1002_pan3_10294","data_availability_comment","Paper text: ""The data presented in this paper are available via the Manaaki Whenua-Landcare Research online DataStore (MacLeod, Brandt, Collins, Moller, et al., 2021)"" (a New Zealand institutional data repository). This provider is not among metacheck's supported repo_check providers, so repo_check never attempted it at all, leaving repo_check$table empty and producing mc_data_availability=FALSE.","UNSUPPORTED_REPO"
"10_1111_1365_2664_14847","data_availability_comment","Paper text: ""The data are available in the bundled PANGAEA publication, https://doi.org/10.1594/PANGAEA.973173, referenced as Tanner et al. (2024c)"". PANGAEA is not among metacheck's supported repo_check providers, so repo_check never attempted this URL at all, leaving repo_check$table empty and producing mc_data_availability=FALSE.","PANGAEA"
"10_1111_1365_2745_13503","data_availability_comment","Paper states ""Data and analysis code reproducing the results of this paper have been archived in an Environmental Data Initiative (EDI) repository and are available at https://doi.org/10.6073/pasta/b34798fd71e24efd3fda995ec4263701""; repo_check's summary_table shows repo_n=0 -- this EDI/PASTA repository was never detected.","EDI_ENVIRONMENTAL_DATA_INITIATIVE"
"10_1111_1365_2745_13577","data_availability_comment","Paper text: ""Data on plant phenology are available at the Dryad Digital Repository: https://doi.org/10.5061/dryad.c59zw3r69 (Bucher & Römermann, 2020a)."" A clear, standard-format Dryad DOI is cited yet mc_data_availability=FALSE, indicating repo_check never found/listed this repository. | KNOWN METACHECK LIMITATION (not yet fixed, github.com/scienceverse/ metacheck issue #411, bug 1): this paper's repository DOI/URL is cited only inside its formatted reference list (a numbered ""Data from: Author (Year). Title [Dataset]. https://doi.org/..."" entry), never as an inline hyperlink or bare in-text mention. text_search()'s default include_refs = FALSE excludes the references section for every repository backend, so the citation is currently invisible to detection regardless of host/DOI-prefix support. Confirmed live 2026-09-19: the DOI itself resolves correctly when queried directly.","SPLIT_DOI_EXTRACTION"
"10_1111_1365_2656_13893","data_availability_comment","Paper's own availability statement: ""[The] hierarchical model are archived at the Dryad Digital Repository https://doi.org/10.5061/dryad.7d7wm3806 (Riecke et al., 2023)""; the same repository also holds ""the reproductive success data and R script for running the [models]"" per the paper's own text. Cites a real Dryad repository (https://doi.org/10.5061/dryad.7d7wm3806). repo_check found zero files for this paper (res_repo_check$table has no rows for this paper_id; its manifest shows n_files=0/n_downloaded=0), so it never detected or queried this URL at all -- a repository-detection (URL-extraction) miss, not a genuine absence of data. | KNOWN METACHECK LIMITATION (not yet fixed, github.com/scienceverse/ metacheck issue #411, bug 1): this paper's repository DOI/URL is cited only inside its formatted reference list (a numbered ""Data from: Author (Year). Title [Dataset]. https://doi.org/..."" entry), never as an inline hyperlink or bare in-text mention. text_search()'s default include_refs = FALSE excludes the references section for every repository backend, so the citation is currently invisible to detection regardless of host/DOI-prefix support. Confirmed live 2026-09-19: the DOI itself resolves correctly when queried directly.","SPLIT_DOI_EXTRACTION"
"10_1111_1365_2745_13525","data_availability_comment","Paper states ""Archived data available through the Institutional Repository at University of Florida found at the following permanent link: https://ufdc.ufl.edu/IR00011264/00001""; repo_check's summary_table shows repo_n=0 -- this institutional repository was never detected.","UNSUPPORTED_REPO"
"10_1111_1365_2656_13643","data_availability_comment","Paper text: ""Data available from UQ eSpace https://doi.org/10.48610/088a9c5 (Winters et al., 2021)"" (University of Queensland's institutional repository). This provider is not among metacheck's supported repo_check providers, so repo_check never attempted this URL at all, leaving repo_check$table empty and producing mc_data_availability=FALSE.","UNSUPPORTED_REPO"
"10_1002_pan3_10648","data_availability_comment","Reference list cites a real Dryad DOI: ""Dryad. https://doi.org/10.5061/dryad.ffbg79d2p."" repo_check found zero files for this paper -- it never located/checked this Dryad DOI.","EMBARGOED_OR_RESTRICTED_AT_SOURCE"
"10_1111_1365_2664_14598","data_availability_comment","Paper's own availability statement: ""Data available from the University of Reading Research Data Archive at https://doi.org/10.17864/1947.000525 (Howard, 2024)."" Cites a real Other repo/database (Univ. of Reading) repository (https://doi.org/10.17864/1947.000525). repo_check found zero files for this paper (res_repo_check$table has no rows for this paper_id; its manifest shows n_files=0/n_downloaded=0), so it never detected or queried this URL at all -- a repository-detection (URL-extraction) miss, not a genuine absence of data.","UNSUPPORTED_REPO"
"10_1111_1365_2745_12901","data_availability_comment","Paper text: ""All of the supporting data presented in this paper have been publically archived at sciencebase.gov: https://doi.org/10.5066/f7639mvk (Stagg, Baustian, Perry, Carruthers, & Hall, 2017)."" repo_check found zero files for this paper -- it never located/checked this ScienceBase DOI.","USGS_SCIENCEBASE"
"10_1111_1365_2664_13828","data_availability_comment","Broader search of the full paper text found the actual DAS, missed by standard keyword filtering: ""Data available via the Australian Antarctic Data Centre https://dx.doi.org/doi:10.26179/6kes-0a57 (Travers & Shaw, 2020)""; repo_check's summary_table confirms repo_n=0 (this repository was never detected). (The Zenodo DOI captured by the initial text search is an unrelated bibliography citation for the third-party R package sjstats, not this paper's own data.) | KNOWN METACHECK LIMITATION (not yet fixed, github.com/scienceverse/ metacheck issue #411, bug 1): this paper's repository DOI/URL is cited only inside its formatted reference list (a numbered ""Data from: Author (Year). Title [Dataset]. https://doi.org/..."" entry), never as an inline hyperlink or bare in-text mention. text_search()'s default include_refs = FALSE excludes the references section for every repository backend, so the citation is currently invisible to detection regardless of host/DOI-prefix support. Confirmed live 2026-09-19: the DOI itself resolves correctly when queried directly.","REFERENCES_ONLY"
"10_1002_pan3_10689","data_availability_comment","Paper text: data are 'archived with VTechData, the data repository for Virginia Tech. https://doi.org/10.7294/25914...' (URL truncated by extraction but clearly a real DOI). repo_check found zero files for this paper -- it never located/checked this VTechData repository.","UNSUPPORTED_REPO"
"10_1111_2041_210x_13262","data_availability_comment","Paper text, under a labeled 'DATA AVAILABILITY STATEMENT': ""All JAGS and Stan model code and datasets are archived at https://doi.org/10.5066/P99JX2ND"", plus a second link at irma.nps.gov. repo_check found zero files for this paper -- it never located/checked either repository.","UNSUPPORTED_REPO"
"10_1111_1365_2435_12826","data_availability_comment","Paper text: ""Data are archived at PSU Datacommons ... (https://doi.org/10.18113/D3X59X) (Yip 2017)."" repo_check found zero files for this paper -- it never located/checked this PSU Datacommons repository.","UNSUPPORTED_REPO"
"10_1002_pan3_10479","data_availability_comment","Paper's own availability statement: ""The data are archived at: Fleming & Swartz (2023) ... Dryad, Dataset, https://doi.org/10.5061/dryad.w0vt4b8x2."" Cites a real Dryad repository (https://doi.org/10.5061/dryad.w0vt4b8x2). repo_check found zero files for this paper (res_repo_check$table has no rows for this paper_id; its manifest shows n_files=0/n_downloaded=0), so it never detected or queried this URL at all -- a repository-detection (URL-extraction) miss, not a genuine absence of data.","EMBARGOED_OR_RESTRICTED_AT_SOURCE"
"10_1002_2688_8319_12070","data_availability_comment","Paper text: ""...Repository. https://doi.org/10.5522/04/14484084.v1 (Pritchard et al., 2021)"" -- a UCL (University College London) Research Data Repository DOI (10.5522 prefix). This institutional repository is not among metacheck's supported repo_check providers, so repo_check never attempted this URL at all, leaving repo_check$table empty and producing mc_data_availability=FALSE.","UNSUPPORTED_REPO"
"10_1111_1365_2745_13864","data_availability_comment","Paper's own availability statement: ""Data are archived with the Bonanza Creek LTER, Institute of Arctic Biology, University of Alaska Fairbanks: http://www.lter.uaf.edu/data/data-detail/id/704 (Jasinski et al., 2018a)"", plus two further LTER dataset links (705, 706). Cites a real Other repo/database (Bonanza Creek LTER) repository (http://www.lter.uaf.edu/data/data-detail/id/704). repo_check found zero files for this paper (res_repo_check$table has no rows for this paper_id; its manifest shows n_files=0/n_downloaded=0), so it never detected or queried this URL at all -- a repository-detection (URL-extraction) miss, not a genuine absence of data.","UNSUPPORTED_REPO"
"10_1111_2041_210x_14045","data_availability_comment","Paper text: ""Data are available in the DOI repository https://doi.org/10.14284/581."" repo_check found zero files for this paper -- it never located/checked this DOI.","UNSUPPORTED_REPO"
"10_1002_2688_8319_12194","data_availability_comment","Paper text: ""Data were archived at USGS ScienceBase (Severson et al., 2022; https://doi.org/10.5066/P958IEOS)"", repeated multiple times including 'available for public download'. repo_check found zero files for this paper -- it never located/checked this ScienceBase DOI.","USGS_SCIENCEBASE"
"10_1111_2041_210x_13397","code_archived_comment","Paper text describes the AMMonitor R package's source code hosted on GitLab (https://code.usgs.gov/vtcfwru/ammonitor, downloadable as zip/tar.gz or via install_git()) plus a second code repository on GitHub (cbalantic/temporally-adaptivesampling). repo_check's summary_table shows repo_n=3 (three repo URLs detected) but files_n=0 -- zero files retrieved from any of them, likely because the self-hosted GitLab instance (code.usgs.gov) is not a recognized github.com/gitlab.com domain. code_check never had files to classify.","UNSUPPORTED_REPO"
"10_1111_1365_2656_14054","code_archived_comment","repo_check found zero files for this paper at all, so code_check (which only classifies files repo_check has already listed) had nothing to work with -- the same root-cause repository-detection miss as the data_availability disagreement for this paper. Cooper's Yes is based on directly inspecting whatever repository the paper cites; metacheck's repo_check pipeline never found/queried any repository at all for this paper (res_repo_check$table has zero rows), so its No cannot be treated as the verified answer.","SPLIT_DOI_EXTRACTION"
"10_1111_2041_210x_14074","code_archived_comment","Paper text: ""The source code in FORTRAN, the R script d.corr and three stand-alone applications ... are offered for computations (see Data Availability Statement)"" and ""the R script of DCORR is available on https://hdl.handle.net/21.15109/CONCORDA/R9BHMICONCORDA/COALPD"" -- an institutional 'CONCORDA Data Bank' handle-based repository. repo_check found zero files for this paper -- it never located/checked this repository (an unusual handle-based platform, likely unrecognized by URL extraction).","UNSUPPORTED_REPO"
"10_1111_2041_210x_13527","code_archived_comment","Paper text: ""No data have been used in this paper, other than the contents of the PSPManalysis package available on CRAN (https://CRAN.R-project.org/package=PSPManalysis)"" -- the paper's only ""code"" is the CRAN package itself. CRAN is not among metacheck's supported repo_check providers (only zenodo/github/figshare/osf/dryad/dataverse/researchdata4tu/gitlab), so repo_check never attempted this URL at all, leaving repo_check$table/code_check$table empty and producing mc_code_archived=FALSE.","UNSUPPORTED_REPO"
"10_1111_2041_210x_12804","code_archived_comment","repo_check found zero files for this paper at all, so code_check (which only classifies files repo_check has already listed) had nothing to work with -- the same root-cause repository-detection miss as the data_availability disagreement for this paper. Cooper's Yes is based on directly inspecting whatever repository the paper cites; metacheck's repo_check pipeline never found/queried any repository at all for this paper (res_repo_check$table has zero rows), so its No cannot be treated as the verified answer.","UNSUPPORTED_REPO"
"10_1111_1365_2656_13005","code_archived_comment","A full-text search of the paper found no separate first-party code-repository statement (the only code-adjacent citation is a third-party R package, Jordano's effect.lndscp, cited as methodology, not the paper's own code). The only repository the paper names for its own materials is the same Dryad deposit above, which repo_check never found/listed at all -- so if code is bundled there, metacheck could not have seen it either.","SPLIT_DOI_EXTRACTION"
"10_1111_1365_2435_12897","code_archived_comment","repo_check found zero files for this paper at all, so code_check (which only classifies files repo_check has already listed) had nothing to work with -- the same root-cause repository-detection miss as the data_availability disagreement for this paper. Cooper's Yes is based on directly inspecting whatever repository the paper cites; metacheck's repo_check pipeline never found/queried any repository at all for this paper (res_repo_check$table has zero rows), so its No cannot be treated as the verified answer.","UNSUPPORTED_REPO"
"10_1111_2041_210x_13694","code_archived_comment","Paper text: ""Our methods are publicly available in an R package smam (Hu et al., 2020b)... The mountain lion data is publicly available in the R package smam (https://cran.r-project.org/package=smam)."" The paper's own code is a real, published CRAN package, but CRAN is not a platform repo_check crawls (only GitHub/GitLab, Zenodo, Dryad, Figshare, OSF); repo_check has zero rows for this paper.","CRAN_CODE_PACKAGE"
"10_1111_2041_210x_13530","code_archived_comment","Paper states ""the graph4lg package, all the R source codes, documentation files and vignettes can be downloaded by users under the GPL-2 license from the CRAN repository (https://cran.r-project.org/web/packages/graph4lg/index.html)""; repo_check's summary_table shows repo_n=0 -- CRAN is a repository type/domain repo_check does not check, so this genuinely archived code was never detected.","CRAN_CODE_PACKAGE"
"10_1111_2041_210x_14301","code_archived_comment","Paper's own code is the R package boxfilter, published on CRAN and explicitly cited in-text: ""is available on the Comprehensive R Archive Network... R Package boxfilter https://cran.r-project.org/package=boxfilter."" CRAN is not a platform repo_check crawls; repo_check has zero rows for this paper.","CRAN_CODE_PACKAGE"
"10_1111_1365_2664_14664","code_archived_comment","repo_check found zero files for this paper at all, so code_check (which only classifies files repo_check has already listed) had nothing to work with -- the same root-cause repository-detection miss as the data_availability disagreement for this paper. Cooper's Yes is based on directly inspecting whatever repository the paper cites; metacheck's repo_check pipeline never found/queried any repository at all for this paper (res_repo_check$table has zero rows), so its No cannot be treated as the verified answer.","UNSUPPORTED_REPO"
"10_1111_2041_210x_12874","code_archived_comment","Paper states ""The data used to evaluate the program are freely available in the Sourceforge repository (https://toxtrac.sourceforge.io)"" -- ToxTrac's own source code is hosted on SourceForge, a code-hosting platform repo_check does not appear to check (repo_n=0). This repository was never detected.","UNSUPPORTED_REPO"
"10_1111_2041_210x_12918","code_archived_comment","repo_check found zero files for this paper at all. Paper text: development version of the R package 'ecolottery' underlying this study is stated to be available on GitHub (https://github.com/frmunoz/...) alongside a CRAN release; repo_check never located this GitHub repository, so mc_code_archived=FALSE reflects a missed repository, not a genuine absence of archived code.","CRAN_CODE_PACKAGE"
"10_1111_1365_2664_12952","code_archived_comment","Paper text: ""Code used for this project is available at the USGS BitBucket Page https://doi.org/10.5066/f7416v7z (Erickson et al., 2017)."" This USGS Code Release platform is not recognized by repo_check; repo_check has zero rows for this paper.","UNSUPPORTED_REPO"
"10_1111_1365_2656_13671","any_readme_comment","Same root cause: AUrora is not a repo_check-recognized platform, so repo_check never checked it for a readme.","UNSUPPORTED_REPO"
"10_1111_1365_2664_14415","any_readme_comment","Same root cause: Cornell eCommons is not a repo_check-recognized platform, so repo_check never checked it for a readme.","UNSUPPORTED_REPO"
"10_1111_1365_2664_13190","any_readme_comment","Same root cause: UQ eSpace is not a repo_check-recognized platform, so repo_check never checked it for a readme.","UNSUPPORTED_REPO"
"10_1111_1365_2745_13288","any_readme_comment","Same Dryad fetch failure (doi:10.5061/dryad.3cq612, ""arguments imply differing number of rows: 1, 0"", logged in gated_repos) explains the missing README signal -- repo_check never listed any files for this paper_id to check doc_role on.","TEXT_EXTRACTION_TRUNCATED"
"10_1111_2041_210x_13428","any_readme_comment","repo_check never attempted the paper's Zenodo record (10.5281/zenodo.3826426, no matching gated_repos entry either), so metacheck has zero evidence about a README either way. Cannot independently verify Cooper's Yes from any local evidence source without a live check of the record. RECHECKED: the cited Zenodo record (10.5281/zenodo.3826426) live-resolves (HTTP 200) -- Zenodo is fully supported; the residual is purely that repo_check never attempted this specific record, already described, not a platform-coverage gap.","SPLIT_DOI_EXTRACTION"
"10_1111_1365_2745_13238","any_readme_comment","Same root cause: the NVS Databank is not a repo_check-recognized platform, so repo_check never checked it for a readme.","UNSUPPORTED_REPO"
"10_1002_pan3_14","any_readme_comment","Same root cause: Apollo is not a repo_check-recognized platform, so repo_check never checked it for a readme.","UNSUPPORTED_REPO"
"10_1111_1365_2435_14709","any_readme_comment","Same root cause: the private Figshare share-link format was not recognized by repo_check. RECHECKED: figshare.com is a fully supported platform; the defect is specifically that a private/anonymous Figshare share-link (figshare.com/s/...) uses a different URL format from the standard figshare.com/articles/... pattern repo_check's Figshare matcher expects, so the host itself is supported but this specific link format is not recognised -- a supported-platform bug, not an unsupported platform.","SUPPORTED_PLATFORM_BUG"
"10_1111_2041_210x_13582","any_readme_comment","Same root cause: CRAN is not a repo_check-recognized platform, so repo_check never checked the package (which conventionally includes a DESCRIPTION/README) for a readme.","UNSUPPORTED_REPO"
"10_1111_2041_210x_13865","any_readme_comment","Same URL-extraction miss on the paper's sole repo (Zenodo 10.5281/zenodo.6400498) explains the missing README signal -- repo_check never listed any files for this paper_id to check doc_role on.","SUPPLEMENTARY_MATERIALS"
"10_1111_1365_2664_13528","any_readme_comment","The PANGAEA deposit (10.1594/PANGAEA.900272) holding this paper's data was never detected by repo_check (repo_n=0), so metacheck never checked it for a readme/description.","PANGAEA"
"10_1002_pan3_10149","data_availability_comment","Paper text: 'Our raw data are not publicly available for confidentiality reasons, as they contain social, cultural and language data that may not be interpreted outside of their Nyikina context. They will be archived with Griffith University and Walalakoo Aboriginal Corporation.' No repository URL or DOI is given anywhere in the paper -- data are explicitly withheld (Indigenous data sovereignty). There is nothing for repo_check to find; this is not a Metacheck gap of any kind.","NO_REPO_DATA_RESTRICTED"
"10_1111_1365_2745_12930","data_availability_comment","Paper text: 'Data associated with this paper have been deposited in the Environmental Climate Data Sweden depository https://ecds.se/dataset/species-distribution-modelling-data-for-23-dead-wood-inhabiting-bryophytes'. Live-verified the URL resolves (redirects to researchdata.se). researchdata.se/ecds.se is not in any of Metacheck's supported host lists (not Dataverse, DSpace7, DataOne, Figshare, and has no dedicated single-platform module).","UNSUPPORTED_REPO"
"10_1002_pan3_10307","data_availability_comment","Paper text: 'Data and code used in the analyses are available at ScienceBase (https://doi.org/10.5066/P9KBZW0G and https://doi.org/10.5066/P9CDA1UN, respectively)'. Live-verified both DOIs resolve to www.sciencebase.gov catalog items. ScienceBase (USGS) is not in any Metacheck supported host list and has no dedicated module.","UNSUPPORTED_REPO"
"10_1111_1365_2745_13067","data_availability_comment","Extracted text is a mid-sentence fragment: '...net online repository (Lopez-Gonzalez, Lewis, Burkitt, & Phillips, 2011; ...)'. No DOI or URL is present in the extracted text at all -- the actual data-availability statement (likely referring to ForestPlots.net, based on the citation) was not captured by GROBID extraction.","TEXT_EXTRACTION_TRUNCATED"
"10_1111_1365_2435_14226","data_availability_comment","Paper text: 'The data that support the findings of this study are available on the National Tibetan Plateau Data Center https://doi.org/10.11888/Terre.tpdc.272843'. Live check: this DOI request failed to resolve (network/redirect issue querying data.tpdc.ac.cn from outside China is common). Regardless, tpdc.ac.cn is not in any Metacheck supported host list and has no dedicated module.","UNSUPPORTED_REPO"
"10_1002_2688_8319_12315","data_availability_comment","Paper text: 'The R code, and Google Earth Engine code, used in all analysis and to produce all figures is archived here: https://zenodo. org/ record/8347003.' Zenodo IS a fully supported platform (R/archive-zenodo.R) and the DOI (10.5281/zenodo.8347003, reconstructed from the record ID) live-resolves correctly (HTTP 200, https://zenodo.org/records/10572530). The extracted text inserts a stray space inside the hostname ('zenodo. org'), a GROBID line-wrap artifact, which breaks Metacheck's host-matching regex against the raw citation text. This is a genuine miss of a supported platform caused by text extraction, not a platform-support gap.","TEXT_EXTRACTION_TRUNCATED"
"10_1111_1365_2745_14315","data_availability_comment","Paper text: 'Novel data collected in this study and compiled from FRED are available through FRED: https://doi.org/10.25581/ornlsfa.014/1459186'. FRED (via ORNL's Sustainable Forestry/SFA data archive) is a niche, domain-specific archive with no entry in any Metacheck supported host list and no dedicated module. Live DOI resolution failed (ornlsfa.014 DOI prefix appears not to resolve through doi.org currently), which is a separate, secondary problem on top of the platform simply being unsupported.","UNSUPPORTED_REPO"
"10_1111_2041_210x_14453","data_availability_comment","Paper text: ''FishScale' software ... can be accessed at https://doi.org/10.5066/P13QVR2R. Data available via https://doi.org/10.5066/P9E1DTYB'. Live-verified: the code DOI resolves to code.usgs.gov (a self-hosted GitLab instance on USGS's own domain -- explicitly out of scope per Metacheck's own GitLab module documentation, which matches only gitlab.com); the data DOI resolves to www.sciencebase.gov (unsupported, as elsewhere in this set). Both citations point to unsupported hosts.","UNSUPPORTED_REPO"
"10_1111_1365_2745_13529","data_availability_comment","Paper text: 'Data were deposited in the Sequence Read Archive (https://www.ncbi.nlm.nih.gov/bioproject/PRJNA592420)' and 'Sequence data are deposited at NCBI-SRA under the accession number PRJNA592420.' A domain-specific bioinformatics accession (SRA/BioProject), a distinct category from an ordinary data/code repository and outside repo_check's scope by design.","NCBI_GENBANK"
"10_1002_pan3_10743","data_availability_comment","Extracted text is entirely a philosophical/conceptual discussion of aesthetics and definitions of 'mess' -- no data-availability statement was captured anywhere in the extracted text for this paper.","TEXT_EXTRACTION_TRUNCATED"
"10_1111_1365_2664_12991","data_availability_comment","Extraction returned an empty string -- no text was captured for this paper's data-availability section at all.","TEXT_EXTRACTION_TRUNCATED"
"10_1002_2688_8319_12241","data_availability_comment","Extraction returned an empty string -- no text was captured for this paper's data-availability section at all.","TEXT_EXTRACTION_TRUNCATED"
"10_1111_1365_2745_13517","data_availability_comment","Extracted text covers only methodological discussion of pollen/charcoal source areas -- no data-availability statement with a URL or DOI was captured anywhere in the extracted text for this paper.","TEXT_EXTRACTION_TRUNCATED"
"10_1002_pan3_10677","data_availability_comment","Extraction returned an empty string -- no text was captured for this paper's data-availability section at all.","TEXT_EXTRACTION_TRUNCATED"
"10_1111_1365_2664_13065","data_availability_comment","Paper text: 'Data are available in the United States Department of Agriculture National Agricultural Library (Ag Data Commons) https://doi.org/10.15482/USDA.ADC/1402049'. Live-verified the DOI resolves (HTTP 202) to agdatacommons.nal.usda.gov. Not in any Metacheck supported host list and has no dedicated module.","UNSUPPORTED_REPO"
"10_1111_1365_2745_13154","data_availability_comment","Paper text: 'Data available through Digital Commons @ Georgia Southern repository https://doi.org/10.20429/data.2019.01'. Live-verified the DOI resolves (HTTP 200) to digitalcommons.georgiasouthern.edu. A generic bepress Digital Commons instance, not in any Metacheck supported host list.","UNSUPPORTED_REPO"
"10_1111_1365_2745_12749","data_availability_comment","Paper text ends mid-sentence: 'Data, including location, growth, and iWUE data are located at ScholarsArchive@OSU' -- the sentence is cut off before any URL or DOI appears, so no identifier was captured for this citation despite a named repository being mentioned.","TEXT_EXTRACTION_TRUNCATED"
"10_1111_1365_2435_14477","data_availability_comment","Extraction returned an empty string -- no text was captured for this paper's data-availability section at all.","TEXT_EXTRACTION_TRUNCATED"
"10_1111_1365_2656_13970","data_availability_comment","Paper text: 'Data available from the Apollo-University of Cambridge Repository https://doi.org/10.17863/CAM.97060'. Live-verified the DOI resolves (HTTP 200) to www.repository.cam.ac.uk. A DSpace-based institutional repository, but not in Metacheck's DSpace7 or DSpace-legacy host lists and has no dedicated module.","UNSUPPORTED_REPO"
"10_1111_1365_2664_13892","data_availability_comment","Paper text: 'The entire dataset that supports the findings of this study is available via a permanent open access data repository of the University of Vienna http://phaidra.univie.ac.at/o:1168756'. Live-verified the URL resolves (HTTP 200). Phaidra (University of Vienna's repository platform) is not in any Metacheck supported host list and has no dedicated module.","UNSUPPORTED_REPO"
"10_1111_2041_210x_13110","data_availability_comment","Extracted text covers only general methodological discussion of uncertainty modelling -- no data-availability statement with a URL or DOI was captured anywhere in the extracted text for this paper.","TEXT_EXTRACTION_TRUNCATED"
"10_1111_1365_2745_14252","data_availability_comment","Extraction returned an empty string -- no text was captured for this paper's data-availability section at all.","TEXT_EXTRACTION_TRUNCATED"
"10_1111_1365_2664_14700","data_availability_comment","Paper text: 'Data are available from the OFB Digital Repository https://ged.ofb.fr/share/s/XiFQtejFQy28DG6u0TDzoA/folder'. Live-verified the URL returns HTTP 403 (access-restricted share link) on a custom OFB (French biodiversity agency) Nextcloud-style file-share instance. Not in any Metacheck supported host list and has no dedicated module; a bare access-controlled folder link is also not the kind of structured repository API Metacheck's dedicated modules are built to query even where a host is supported.","UNSUPPORTED_REPO"
"10_1111_1365_2656_13918","data_availability_comment","Paper text cites four EDI/PASTA data package DOIs (10.6073/PASTA/... and 10.6073/pasta/..., resolving to portal.edirepository.org) for the paper's actual data, plus a properly-formatted Zenodo DOI (10.5281/zenodo.7737746, live-verified HTTP 200) for the analysis code only. EDI/PASTA is not in any Metacheck supported host list and has no dedicated module. Because the data_availability comparison column concerns the data (not the code), and the data are exclusively on EDI/PASTA, this paper is classified as citing an unsupported repository for its data; the Zenodo code citation is correctly formatted and would be expected to be found by Metacheck's code_check separately.","UNSUPPORTED_REPO"
"10_1111_2041_210x_13463","data_availability_comment","Paper text: 'The data associated with this manuscript are published on ESS-DIVE, the Department of Energy's data portal...'. No specific DOI is given in the extracted text (the paper states DOIs are 'documented in Supporting Information file 4', not in the main text). ESS-DIVE is not in any Metacheck supported host list and has no dedicated module; Google Earth Engine (also mentioned) is not a structured data repository Metacheck can query as such.","UNSUPPORTED_REPO"
"10_1111_1365_2435_13550","data_availability_comment","Paper text: 'The sequences were deposited in NCBI SRA database (accession no. ... SRP218212 and ... SRP068522)'. A domain-specific bioinformatics accession (SRA), outside repo_check's scope by design, consistent with other SRA/GenBank/BioProject cases in this set.","NCBI_GENBANK"
"10_1111_1365_2435_12874","data_availability_comment","Extraction returned an empty string -- no text was captured for this paper's data-availability section at all.","TEXT_EXTRACTION_TRUNCATED"
"10_1111_1365_2664_14787","data_availability_comment","Paper text: 'Data available from the CSIC repository: http://hdl.handle.net/10261/367361'. Live-verified the URL resolves (HTTP 200) to digital.csic.es. A DSpace-based institutional repository, but not in Metacheck's DSpace7 or DSpace-legacy host lists and has no dedicated module.","UNSUPPORTED_REPO"
"10_1111_1365_2656_14227","data_availability_comment","Paper text cites two repositories: 'Guillemot demographic data ... freely available from Heriot Watt research portal https://doi.org/10.17861/8fd6a194-d1a7-469c-8604-e45b0414f8f0' (live-verified HTTP 200, researchportal.hw.ac.uk) and 'Puffin and razorbill demographic data ... available upon request ... from the University of Gloucester online repository https://doi.org/10.46289/8FP68KK9' (live-verified HTTP 404, likely a stale/incorrect DOI). Neither host is in any Metacheck supported host list, and neither has a dedicated module.","UNSUPPORTED_REPO"
"10_1111_1365_2745_13324","data_availability_comment","Paper text: 'Data used in this publication are available in the appendices and archived at the USU Digital Commons: https://doi.org/10.26078/99w7-eb58'. Live-verified the DOI resolves (HTTP 200) to digitalcommons.usu.edu. A generic bepress Digital Commons instance, not in any Metacheck supported host list.","UNSUPPORTED_REPO"
"10_1111_1365_2656_13272","data_availability_comment","Reference-list citation: 'ScholarWorks Data Repository, https://doi.org/10.18122/bio_data/3/boisestate'. Live-verified the DOI resolves (HTTP 200) to scholarworks.boisestate.edu. A generic bepress ScholarWorks instance, not in any Metacheck supported host list.","UNSUPPORTED_REPO"
"10_1111_1365_2435_13791","data_availability_comment","Extraction returned an empty string -- no text was captured for this paper's data-availability section at all.","TEXT_EXTRACTION_TRUNCATED"
"10_1111_1365_2745_13849","data_availability_comment","Paper text: 'The data are available as a data package on https://www.forestplots.net/: https://doi.org/10.5521/forestplots.net/2022_1'. Live-verified the DOI resolves (HTTP 200) to forestplots.net. Forestplots.net is a domain-specific forest-inventory data archive, not in any Metacheck supported host list and has no dedicated module (a separate, unrelated Dryad DOI also appears in this paper's reference list, but only as a citation for a prior, different dataset -- not this paper's own data).","UNSUPPORTED_REPO"
"10_1111_1365_2435_14514","data_availability_comment","Paper text: 'The data that support the findings of this study are available from UNL data archive: https://doi.org/10.32873/unl.dr.20230705'. Live-verified the DOI resolves (HTTP 202) to sandy.unl.edu. Not in any Metacheck supported host list and has no dedicated module.","UNSUPPORTED_REPO"
"10_1111_1365_2435_13936","data_availability_comment","Paper text: 'Data are available from the Illinois Data Bank https://doi.org/10.13012/B2IDB-4547091_V1'. Live-verified the DOI resolves (HTTP 403, access-gated redirect) to databank.illinois.edu. A Hydra/Fedora-based institutional repository, not in any Metacheck supported host list.","UNSUPPORTED_REPO"
"10_1111_1365_2664_13845","data_availability_comment","Paper text: 'Data are available in the US Department of the Interior and U.S. Geological Survey's ScienceBase https://doi.org/10.5066/P94B0WUV'. Live-verified the DOI resolves (HTTP 403) to www.sciencebase.gov. ScienceBase is not in any Metacheck supported host list, consistent with the other ScienceBase cases in this set.","UNSUPPORTED_REPO"
"10_1111_1365_2664_14229","data_availability_comment","Paper text: 'Data available via Unimi Dataverse http://10.0.51.74/RD_UNIMI/5ZXGIV'. Unimi's real Dataverse host (dataverse.unimi.it) IS a supported Dataverse installation (matches .dataverse_host_regex()), but this paper cites a raw internal/private IP address (10.0.51.74, a non-routable RFC 1918 address) instead of the public hostname -- live-verified this address does not resolve externally at all (request failed outright). The paper's own published citation is unusable as given; this is an error in the source text, not a Metacheck platform-support gap or extraction artefact.","SOURCE_CITATION_ERROR"
"10_1111_2041_210x_12748","data_availability_comment","No data-availability statement with any repository citation found anywhere in the extracted text (only reference-list entries for unrelated cited papers).","TEXT_EXTRACTION_TRUNCATED"
"10_1111_2041_210x_14387","data_availability_comment","Same repo_check error signature as #439 ('arguments imply differing number of rows: 2, 0') -- not yet individually traced to a specific DOI/URL within the scope of this pass, but the error pattern matches the confirmed Figshare/Dryad ID-extraction bug.","SUPPORTED_PLATFORM_BUG"
"10_1002_pan3_10376","data_availability_comment","No data-availability statement with any repository citation found anywhere in the extracted text (only reference-list entries for unrelated cited papers).","TEXT_EXTRACTION_TRUNCATED"
"10_1111_2041_210x_13768","data_availability_comment","No data-availability statement with a repository citation located in the extracted text within the scope of this pass.","TEXT_EXTRACTION_TRUNCATED"
"10_1002_pan3_10436","data_availability_comment","Extracted paragraph text is entirely NA for every matching keyword search -- extraction captured no usable data-availability text for this paper.","TEXT_EXTRACTION_TRUNCATED"
"10_1002_pan3_10674","data_availability_comment","Paper text: 'Data S1. Beaver survey' under 'Additional supporting information ... in the Supporting Information section'. Data are shared as supplementary files attached to the article, not via an externally checkable repository -- not FAIR by this paper's own definition, and correctly outside repo_check's scope regardless of platform support.","SUPPLEMENTARY_MATERIALS"
"10_1111_1365_2656_12900","data_availability_comment","Paper text: 'Data for this publication are available online at the Dryad Digital' -- sentence is cut off before the DOI/URL appears, a PDF-to-text extraction artefact (the same class of truncation documented elsewhere in this manuscript).","TEXT_EXTRACTION_TRUNCATED"
"10_1111_1365_2664_14090","data_availability_comment","No data-availability statement with a repository citation located in the extracted text within the scope of this pass; only a contact email and reference-list entries were found.","TEXT_EXTRACTION_TRUNCATED"
"10_1111_1365_2656_13986","data_availability_comment","Paper cites a Figshare private share-link (figshare.com/s/6d409efbed4f9d0c239e) and a bare 'datadryad.org' mention with no specific DOI. The Figshare share-link format is confirmed not fixable via scraping (AWS WAF JavaScript challenge, scienceverse/metacheck#434); the Dryad mention has no resolvable identifier.","UNSUPPORTED_REPO"
"10_1111_1365_2656_14093","data_availability_comment","Paper text: 'Data are archived on Figshare (Mahoney & Pasch, 2024)' -- platform named but no DOI or URL given anywhere in the extracted text, so there is no identifier for repo_check to resolve even in principle.","TEXT_EXTRACTION_TRUNCATED"
"10_1111_2041_210x_13850","data_availability_comment","Paper cites a GitHub repository (github.com/ConScape). Live-verified: the repository is genuinely inaccessible ('invalid or inaccessible GitHub repository', confirmed by repo_check's own live check) -- a dead/moved/private link in the paper's own citation, not a metacheck defect.","UNSUPPORTED_REPO"
"10_1111_1365_2435_13103","data_availability_comment","Paper cites a Figshare private share-link (figshare.com/s/d1b7fd290c32cfac593b), confirmed not fixable via scraping (scienceverse/metacheck#434).","UNSUPPORTED_REPO"
"10_1111_2041_210x_13350","data_availability_comment","No data-availability statement with a repository citation located in the extracted text within the scope of this pass; only reference-list entries for unrelated cited papers were found.","TEXT_EXTRACTION_TRUNCATED"
"10_1111_1365_2745_14098","data_availability_comment","Paper cites a tinyurl.com short-link (tinyurl.com/3vvf52v9) that repo_check resolves to a GitHub URL; live-verified the target repository is genuinely inaccessible -- a dead link, not a metacheck defect.","UNSUPPORTED_REPO"
"10_1002_pan3_10547","data_availability_comment","Paper text: 'The study collected qualitative data during 51 semi-structured interviews. The data have not been archived because participants were [confidential]' -- data explicitly withheld, no repository to find.","NO_REPO_DATA_RESTRICTED"
"10_1111_2041_210x_13623","data_availability_comment","Paper text: 'All data are archived at the Manaaki Whenua data repository at https://doi.org/10.7931/8v94-zh60.' The URL IS correctly present in the extracted link table (not a text-extraction gap); the host (datastore.landcareresearch.co.nz) is a real but niche institutional repository not in any metacheck-supported platform list.","UNSUPPORTED_REPO"
"10_1002_pan3_10640","data_availability_comment","No data-availability statement with a repository citation located in the extracted text within the scope of this pass; only reference-list entries citing OTHER papers' Zenodo DOIs (not this paper's own data) were found.","TEXT_EXTRACTION_TRUNCATED"
"10_1111_1365_2664_14102","data_availability_comment","Paper text: 'Data available via the Dryad Digital Repository https://doi.org/10.5061/dryad.qnk98sfj9'. Standard Dryad DOI prefix, correctly extracted, but live-verified the DOI returns HTTP 404 -- a dead/unregistered citation in the paper's own text, not a metacheck defect.","UNSUPPORTED_REPO"
"10_1111_1365_2664_14374","data_availability_comment","Paper cites a Dryad DOI (10.5061/dryad.05qfttf6p), correctly extracted by dryad_links(). Live-verified the DOI returns HTTP 404 -- a dead/unregistered citation, not a metacheck defect.","UNSUPPORTED_REPO"
"10_1002_pan3_10372","data_availability_comment","Paper text: 'The data on which this research is based are archived securely at the James Hutton Institute. To preserve confidentiality ... the data are not made publicly available.' Data explicitly withheld, no repository to find.","NO_REPO_DATA_RESTRICTED"
"10_1002_pan3_10055","data_availability_comment","No data-availability statement with a repository citation located in the extracted text within the scope of this pass.","TEXT_EXTRACTION_TRUNCATED"
"10_1002_pan3_10452","data_availability_comment","No data-availability statement with a repository citation located in the extracted text within the scope of this pass; only a preprint reference and unrelated citations were found.","TEXT_EXTRACTION_TRUNCATED"
"10_1002_pan3_10400","data_availability_comment","No data-availability statement with a repository citation located in the extracted text within the scope of this pass.","TEXT_EXTRACTION_TRUNCATED"
"10_1111_1365_2664_13614","data_availability_comment","Paper text: 'Data available via Apollo https://doi.org/10.17863/CAM.50140'. Apollo (University of Cambridge repository, repository.cam.ac.uk) is confirmed not in any metacheck-supported host list (same platform confirmed elsewhere in this project's review).","UNSUPPORTED_REPO"
"10_1002_pan3_10623","data_availability_comment","Paper text: 'All data used in the analysis can be found freely online on Figshare.' Platform named but no DOI or URL given anywhere in the extracted text, so there is no identifier for repo_check to resolve even in principle.","TEXT_EXTRACTION_TRUNCATED"
"10_1002_pan3_10758","data_availability_comment","Paper text: 'The data on which this research is based are securely archived at The University of Adelaide. To preserve confidentiality ... the data are not made publicly available.' Data explicitly withheld, no repository to find.","NO_REPO_DATA_RESTRICTED"
"10_1111_1365_2656_13818","data_availability_comment","Paper text: 'Data available from the Open Science Framework Repository: osf.io/ps9q8'. OSF is fully supported, and the URL live-resolves correctly (HTTP 200). But p$url has ZERO rows for this entire paper -- the bare, unlinked domain-path string 'osf.io/ps9q8' (no http:// prefix, no hyperlink markup in the source PDF) was never captured as a URL anywhere in the extraction pipeline, upstream of any repo_check platform logic. A genuine text/link-extraction gap distinct from the sentence-truncation pattern documented elsewhere.","TEXT_EXTRACTION_TRUNCATED"
"10_1111_1365_2664_13980","data_availability_comment","Paper text: 'Data available via the Dryad Digital Repository https://datadryad.org/stash/share/M9h0katm5VCYRhfTCUkYBUx_zRYNnnFM3BXgzV_fhMU'. This is a Dryad private preview/share link (datadryad.org/stash/share/<token>), a different URL shape from Dryad's own permanent DOI pattern that dryad_links()/repo_check's matcher is built around.","UNSUPPORTED_REPO"
"10_1002_pan3_10154","data_availability_comment","No data-availability statement with a repository citation located in the extracted text within the scope of this pass; only reference-list entries for unrelated cited papers were found.","TEXT_EXTRACTION_TRUNCATED"
"10_1111_1365_2656_12794","data_availability_comment","Extraction returned no matching paragraph for any data-availability keyword search.","TEXT_EXTRACTION_TRUNCATED"
"10_1111_1365_2435_13320","data_availability_comment","Paper text: 'The data are deposited in the Dryad Digital Repository http://doi.org/10.5061/dryad.c60467b'. Standard Dryad DOI prefix, correctly extracted, but live-verified the DOI returns HTTP 404 -- a dead/unregistered citation, not a metacheck defect.","UNSUPPORTED_REPO"
"10_1111_1365_2435_13850","data_availability_comment","Paper text: 'The experimental data have been deposited in FigShare https://doi.org/10.25573/data.c.5073065.v1'. A non-standard Figshare DOI prefix (10.25573); same class of gap as scienceverse/metacheck#439 (institutional Figshare DOI shapes .figshare_id() does not parse) -- not yet confirmed whether this specific prefix is registered in .figshare_doi_prefix_hosts() at all, so may need a prefix-registration fix in addition to an ID-extraction fix.","SUPPORTED_PLATFORM_BUG"
"10_1111_1365_2664_14022","data_availability_comment","Paper text: 'Data available via the Dryad Digital Repository https://doi.org/10.5061/dryad.63xsj3v39'. Standard Dryad DOI prefix, correctly extracted by dryad_links(), but repo_check errors with 'arguments imply differing number of rows' -- the same error signature as the confirmed Figshare ID-extraction bug (scienceverse/metacheck#439), here on a live, resolvable Dryad DOI rather than a dead one -- worth reporting as a separate, Dryad-side instance of the same underlying pattern.","SUPPORTED_PLATFORM_BUG"
"10_1002_pan3_10711","data_availability_comment","No data-availability statement with a repository citation located in the extracted text within the scope of this pass; only a survey-appendix reference and citation metadata were found.","TEXT_EXTRACTION_TRUNCATED"
"10_1111_2041_210x_14080","data_availability_comment","Paper cites a GitHub repository (github.com/gobbleturk). Live-verified via repo_check's own live check: the repository is genuinely inaccessible ('invalid or inaccessible GitHub repository') -- a dead/moved/private link in the paper's own citation, not a metacheck defect.","UNSUPPORTED_REPO"
