sp.code,Species name,Abundance,plot,LAT,LONG,YEAR
Adian.argu,Adiantum argutum,1,GZ-02-uat_L1-0500,-1.780911,-59.269508,2012
Adian.caye,Adiantum cajennense,1,GZ-02-uat_L1-0500,-1.780911,-59.269508,2012
Adian.dolo,Adiantum dolosum,0,GZ-02-uat_L1-0500,-1.780911,-59.269508,2012
Adian.glau,Adiantum glaucescens,0,GZ-02-uat_L1-0500,-1.780911,-59.269508,2012
Adian.humi,Adiantum humile,0,GZ-02-uat_L1-0500,-1.780911,-59.269508,2012
Adian.obli,Adiantum obliquum,0,GZ-02-uat_L1-0500,-1.780911,-59.269508,2012
Adian.para.tuom,Adiantum paraense or Adiantum tuomistoanum,0,GZ-02-uat_L1-0500,-1.780911,-59.269508,2012
Adian.peti,Adiantum petiolatum,0,GZ-02-uat_L1-0500,-1.780911,-59.269508,2012
Adian.pulv,Adiantum pulverulentum,1,GZ-02-uat_L1-0500,-1.780911,-59.269508,2012
Adian.term,Adiantum terminatum,0,GZ-02-uat_L1-0500,-1.780911,-59.269508,2012
Adian.tome,Adiantum tomentosum,0,GZ-02-uat_L1-0500,-1.780911,-59.269508,2012
Asple.laet,Asplenium laetum,1,GZ-02-uat_L1-0500,-1.780911,-59.269508,2012
Bolbi.nico,Mickelia nicotianifolia,0,GZ-02-uat_L1-0500,-1.780911,-59.269508,2012
Bolbi.semi,Bolbitis semipinnatifida,0,GZ-02-uat_L1-0500,-1.780911,-59.269508,2012
Campy.repe,Campyloneurum repens,1,GZ-02-uat_L1-0500,-1.780911,-59.269508,2012
Cyath.pung,Cyathea pungens,0,GZ-02-uat_L1-0500,-1.780911,-59.269508,2012
cyath.sp.3G,Cyathea sp.,0,GZ-02-uat_L1-0500,-1.780911,-59.269508,2012
cyath.sp.G,Cyathea sp.,0,GZ-02-uat_L1-0500,-1.780911,-59.269508,2012
Cyclo.guia,Cyclodium guianensis,0,GZ-02-uat_L1-0500,-1.780911,-59.269508,2012
Cyclo.meni,Cyclodium meniscioides,0,GZ-02-uat_L1-0500,-1.780911,-59.269508,2012
Cyclo.semi,Cyclopeltis semicordata,1,GZ-02-uat_L1-0500,-1.780911,-59.269508,2012
Danaea.lepr,Danaea leprieurii,0,GZ-02-uat_L1-0500,-1.780911,-59.269508,2012
Danae.nodo,Danaea nodosa s.l.,0,GZ-02-uat_L1-0500,-1.780911,-59.269508,2012
Danae.trif,Danaea trifoliata,0,GZ-02-uat_L1-0500,-1.780911,-59.269508,2012
Dipla.cris,Diplazium cristatum,1,GZ-02-uat_L1-0500,-1.780911,-59.269508,2012
Dipla.gran,Diplazium grandifolium,0,GZ-02-uat_L1-0500,-1.780911,-59.269508,2012
Linds.lanc.f,Lindsaea falcata,0,GZ-02-uat_L1-0500,-1.780911,-59.269508,2012
Linds.lanc.l,Lindsaea lancea,0,GZ-02-uat_L1-0500,-1.780911,-59.269508,2012
Linds.sp9,Lindsaea sp.,0,GZ-02-uat_L1-0500,-1.780911,-59.269508,2012
Lomag.guia,Mickelia guianensis,0,GZ-02-uat_L1-0500,-1.780911,-59.269508,2012
lomar.japur.prie,Lomariopsis japurensis or Lomariopsis prieuriana,1,GZ-02-uat_L1-0500,-1.780911,-59.269508,2012
Lygod.volu,Lygodium volubile,0,GZ-02-uat_L1-0500,-1.780911,-59.269508,2012
Metax.rost.s.l.,Metaxya rostrata s.l.,0,GZ-02-uat_L1-0500,-1.780911,-59.269508,2012
Pityr.calo,Pityrogramma calomelanos,1,GZ-02-uat_L1-0500,-1.780911,-59.269508,2012
Polyb.caud,Polybotrya caudata,0,GZ-02-uat_L1-0500,-1.780911,-59.269508,2012
Polyb.sess,Polybotrya sessilisora,0,GZ-02-uat_L1-0500,-1.780911,-59.269508,2012
Pteri.pung,Pteris pungens,0,GZ-02-uat_L1-0500,-1.780911,-59.269508,2012
Pteris.tripart,Pteris tripartita,0,GZ-02-uat_L1-0500,-1.780911,-59.269508,2012
Sacco.inae,Saccoloma inaequale,0,GZ-02-uat_L1-0500,-1.780911,-59.269508,2012
Salpi.hook,Saplichlaena hookeriana,0,GZ-02-uat_L1-0500,-1.780911,-59.269508,2012
Schiz.eleg,Schizaea elegans,0,GZ-02-uat_L1-0500,-1.780911,-59.269508,2012
Selag.amaz,Selaginella amazonica,0,GZ-02-uat_L1-0500,-1.780911,-59.269508,2012
Selag.brey,Selaginella breynii,0,GZ-02-uat_L1-0500,-1.780911,-59.269508,2012
Selag.peda,Selaginella pedata,1,GZ-02-uat_L1-0500,-1.780911,-59.269508,2012
Selag.sp.G,Selaginella sp.,0,GZ-02-uat_L1-0500,-1.780911,-59.269508,2012
Tecta.inci,Tectaria incisa,1,GZ-02-uat_L1-0500,-1.780911,-59.269508,2012
Thely.abru,Thelypteris abrupta,1,GZ-02-uat_L1-0500,-1.780911,-59.269508,2012
Thely.macr,Thelypteris macrophylla,0,GZ-02-uat_L1-0500,-1.780911,-59.269508,2012
Thely.poit,Thelypteris poiteana,1,GZ-02-uat_L1-0500,-1.780911,-59.269508,2012
Trich.anke,Trichomanes ankersii,0,GZ-02-uat_L1-0500,-1.780911,-59.269508,2012
Trich.eleg,Davalliopsis elegans,0,GZ-02-uat_L1-0500,-1.780911,-59.269508,2012
Trich.pinn,Trichomanes pinnatum,0,GZ-02-uat_L1-0500,-1.780911,-59.269508,2012
Trich.radi,Vandenboschia radicans,0,GZ-02-uat_L1-0500,-1.780911,-59.269508,2012
Trich.trol,Trichomanes trolli,0,GZ-02-uat_L1-0500,-1.780911,-59.269508,2012
Trich.tuer,Trichomanes tuerkenheimii,0,GZ-02-uat_L1-0500,-1.780911,-59.269508,2012
Trich.vitt,Trichomanes vittaria,0,GZ-02-uat_L1-0500,-1.780911,-59.269508,2012
Tripl.spp,Triplophyllum sp.,1,GZ-02-uat_L1-0500,-1.780911,-59.269508,2012
Adian.argu,Adiantum argutum,1,GZ-02-uat_L1-1500,-1.780907,-59.260851,2012
Adian.caye,Adiantum cajennense,0,GZ-02-uat_L1-1500,-1.780907,-59.260851,2012
Adian.dolo,Adiantum dolosum,1,GZ-02-uat_L1-1500,-1.780907,-59.260851,2012
Adian.glau,Adiantum glaucescens,0,GZ-02-uat_L1-1500,-1.780907,-59.260851,2012
Adian.humi,Adiantum humile,0,GZ-02-uat_L1-1500,-1.780907,-59.260851,2012
Adian.obli,Adiantum obliquum,0,GZ-02-uat_L1-1500,-1.780907,-59.260851,2012
Adian.para.tuom,Adiantum paraense or Adiantum tuomistoanum,0,GZ-02-uat_L1-1500,-1.780907,-59.260851,2012
Adian.peti,Adiantum petiolatum,0,GZ-02-uat_L1-1500,-1.780907,-59.260851,2012
Adian.pulv,Adiantum pulverulentum,1,GZ-02-uat_L1-1500,-1.780907,-59.260851,2012
Adian.term,Adiantum terminatum,0,GZ-02-uat_L1-1500,-1.780907,-59.260851,2012
Adian.tome,Adiantum tomentosum,0,GZ-02-uat_L1-1500,-1.780907,-59.260851,2012
Asple.laet,Asplenium laetum,1,GZ-02-uat_L1-1500,-1.780907,-59.260851,2012
Bolbi.nico,Mickelia nicotianifolia,0,GZ-02-uat_L1-1500,-1.780907,-59.260851,2012
Bolbi.semi,Bolbitis semipinnatifida,0,GZ-02-uat_L1-1500,-1.780907,-59.260851,2012
Campy.repe,Campyloneurum repens,0,GZ-02-uat_L1-1500,-1.780907,-59.260851,2012
Cyath.pung,Cyathea pungens,0,GZ-02-uat_L1-1500,-1.780907,-59.260851,2012
cyath.sp.3G,Cyathea sp.,0,GZ-02-uat_L1-1500,-1.780907,-59.260851,2012
cyath.sp.G,Cyathea sp.,0,GZ-02-uat_L1-1500,-1.780907,-59.260851,2012
Cyclo.guia,Cyclodium guianensis,0,GZ-02-uat_L1-1500,-1.780907,-59.260851,2012
Cyclo.meni,Cyclodium meniscioides,0,GZ-02-uat_L1-1500,-1.780907,-59.260851,2012
Cyclo.semi,Cyclopeltis semicordata,0,GZ-02-uat_L1-1500,-1.780907,-59.260851,2012
Danaea.lepr,Danaea leprieurii,0,GZ-02-uat_L1-1500,-1.780907,-59.260851,2012
Danae.nodo,Danaea nodosa s.l.,0,GZ-02-uat_L1-1500,-1.780907,-59.260851,2012
Danae.trif,Danaea trifoliata,0,GZ-02-uat_L1-1500,-1.780907,-59.260851,2012
Dipla.cris,Diplazium cristatum,0,GZ-02-uat_L1-1500,-1.780907,-59.260851,2012
Dipla.gran,Diplazium grandifolium,0,GZ-02-uat_L1-1500,-1.780907,-59.260851,2012
Linds.lanc.f,Lindsaea falcata,0,GZ-02-uat_L1-1500,-1.780907,-59.260851,2012
Linds.lanc.l,Lindsaea lancea,0,GZ-02-uat_L1-1500,-1.780907,-59.260851,2012
Linds.sp9,Lindsaea sp.,0,GZ-02-uat_L1-1500,-1.780907,-59.260851,2012
Lomag.guia,Mickelia guianensis,0,GZ-02-uat_L1-1500,-1.780907,-59.260851,2012
lomar.japur.prie,Lomariopsis japurensis or Lomariopsis prieuriana,1,GZ-02-uat_L1-1500,-1.780907,-59.260851,2012
Lygod.volu,Lygodium volubile,0,GZ-02-uat_L1-1500,-1.780907,-59.260851,2012
Metax.rost.s.l.,Metaxya rostrata s.l.,0,GZ-02-uat_L1-1500,-1.780907,-59.260851,2012
Pityr.calo,Pityrogramma calomelanos,0,GZ-02-uat_L1-1500,-1.780907,-59.260851,2012
Polyb.caud,Polybotrya caudata,0,GZ-02-uat_L1-1500,-1.780907,-59.260851,2012
Polyb.sess,Polybotrya sessilisora,0,GZ-02-uat_L1-1500,-1.780907,-59.260851,2012
Pteri.pung,Pteris pungens,0,GZ-02-uat_L1-1500,-1.780907,-59.260851,2012
Pteris.tripart,Pteris tripartita,0,GZ-02-uat_L1-1500,-1.780907,-59.260851,2012
Sacco.inae,Saccoloma inaequale,0,GZ-02-uat_L1-1500,-1.780907,-59.260851,2012
Salpi.hook,Saplichlaena hookeriana,0,GZ-02-uat_L1-1500,-1.780907,-59.260851,2012
Schiz.eleg,Schizaea elegans,0,GZ-02-uat_L1-1500,-1.780907,-59.260851,2012
Selag.amaz,Selaginella amazonica,0,GZ-02-uat_L1-1500,-1.780907,-59.260851,2012
Selag.brey,Selaginella breynii,0,GZ-02-uat_L1-1500,-1.780907,-59.260851,2012
Selag.peda,Selaginella pedata,0,GZ-02-uat_L1-1500,-1.780907,-59.260851,2012
Selag.sp.G,Selaginella sp.,1,GZ-02-uat_L1-1500,-1.780907,-59.260851,2012
Tecta.inci,Tectaria incisa,1,GZ-02-uat_L1-1500,-1.780907,-59.260851,2012
Thely.abru,Thelypteris abrupta,1,GZ-02-uat_L1-1500,-1.780907,-59.260851,2012
Thely.macr,Thelypteris macrophylla,0,GZ-02-uat_L1-1500,-1.780907,-59.260851,2012
Thely.poit,Thelypteris poiteana,1,GZ-02-uat_L1-1500,-1.780907,-59.260851,2012
Trich.anke,Trichomanes ankersii,0,GZ-02-uat_L1-1500,-1.780907,-59.260851,2012
Trich.eleg,Davalliopsis elegans,0,GZ-02-uat_L1-1500,-1.780907,-59.260851,2012
Trich.pinn,Trichomanes pinnatum,0,GZ-02-uat_L1-1500,-1.780907,-59.260851,2012
Trich.radi,Vandenboschia radicans,0,GZ-02-uat_L1-1500,-1.780907,-59.260851,2012
Trich.trol,Trichomanes trolli,0,GZ-02-uat_L1-1500,-1.780907,-59.260851,2012
Trich.tuer,Trichomanes tuerkenheimii,0,GZ-02-uat_L1-1500,-1.780907,-59.260851,2012
Trich.vitt,Trichomanes vittaria,0,GZ-02-uat_L1-1500,-1.780907,-59.260851,2012
Tripl.spp,Triplophyllum sp.,0,GZ-02-uat_L1-1500,-1.780907,-59.260851,2012
Adian.argu,Adiantum argutum,1,GZ-02-uat_L1-2500,-1.780924,-59.251482,2012
Adian.caye,Adiantum cajennense,1,GZ-02-uat_L1-2500,-1.780924,-59.251482,2012
Adian.dolo,Adiantum dolosum,0,GZ-02-uat_L1-2500,-1.780924,-59.251482,2012
Adian.glau,Adiantum glaucescens,0,GZ-02-uat_L1-2500,-1.780924,-59.251482,2012
Adian.humi,Adiantum humile,1,GZ-02-uat_L1-2500,-1.780924,-59.251482,2012
Adian.obli,Adiantum obliquum,1,GZ-02-uat_L1-2500,-1.780924,-59.251482,2012
Adian.para.tuom,Adiantum paraense or Adiantum tuomistoanum,0,GZ-02-uat_L1-2500,-1.780924,-59.251482,2012
Adian.peti,Adiantum petiolatum,1,GZ-02-uat_L1-2500,-1.780924,-59.251482,2012
Adian.pulv,Adiantum pulverulentum,0,GZ-02-uat_L1-2500,-1.780924,-59.251482,2012
Adian.term,Adiantum terminatum,1,GZ-02-uat_L1-2500,-1.780924,-59.251482,2012
Adian.tome,Adiantum tomentosum,0,GZ-02-uat_L1-2500,-1.780924,-59.251482,2012
Asple.laet,Asplenium laetum,0,GZ-02-uat_L1-2500,-1.780924,-59.251482,2012
Bolbi.nico,Mickelia nicotianifolia,0,GZ-02-uat_L1-2500,-1.780924,-59.251482,2012
Bolbi.semi,Bolbitis semipinnatifida,0,GZ-02-uat_L1-2500,-1.780924,-59.251482,2012
Campy.repe,Campyloneurum repens,1,GZ-02-uat_L1-2500,-1.780924,-59.251482,2012
Cyath.pung,Cyathea pungens,0,GZ-02-uat_L1-2500,-1.780924,-59.251482,2012
cyath.sp.3G,Cyathea sp.,0,GZ-02-uat_L1-2500,-1.780924,-59.251482,2012
cyath.sp.G,Cyathea sp.,0,GZ-02-uat_L1-2500,-1.780924,-59.251482,2012
Cyclo.guia,Cyclodium guianensis,0,GZ-02-uat_L1-2500,-1.780924,-59.251482,2012
Cyclo.meni,Cyclodium meniscioides,0,GZ-02-uat_L1-2500,-1.780924,-59.251482,2012
Cyclo.semi,Cyclopeltis semicordata,0,GZ-02-uat_L1-2500,-1.780924,-59.251482,2012
Danaea.lepr,Danaea leprieurii,0,GZ-02-uat_L1-2500,-1.780924,-59.251482,2012
Danae.nodo,Danaea nodosa s.l.,0,GZ-02-uat_L1-2500,-1.780924,-59.251482,2012
Danae.trif,Danaea trifoliata,0,GZ-02-uat_L1-2500,-1.780924,-59.251482,2012
Dipla.cris,Diplazium cristatum,0,GZ-02-uat_L1-2500,-1.780924,-59.251482,2012
Dipla.gran,Diplazium grandifolium,0,GZ-02-uat_L1-2500,-1.780924,-59.251482,2012
Linds.lanc.f,Lindsaea falcata,0,GZ-02-uat_L1-2500,-1.780924,-59.251482,2012
Linds.lanc.l,Lindsaea lancea,0,GZ-02-uat_L1-2500,-1.780924,-59.251482,2012
Linds.sp9,Lindsaea sp.,0,GZ-02-uat_L1-2500,-1.780924,-59.251482,2012
Lomag.guia,Mickelia guianensis,1,GZ-02-uat_L1-2500,-1.780924,-59.251482,2012
lomar.japur.prie,Lomariopsis japurensis or Lomariopsis prieuriana,1,GZ-02-uat_L1-2500,-1.780924,-59.251482,2012
Lygod.volu,Lygodium volubile,0,GZ-02-uat_L1-2500,-1.780924,-59.251482,2012
Metax.rost.s.l.,Metaxya rostrata s.l.,0,GZ-02-uat_L1-2500,-1.780924,-59.251482,2012
Pityr.calo,Pityrogramma calomelanos,0,GZ-02-uat_L1-2500,-1.780924,-59.251482,2012
Polyb.caud,Polybotrya caudata,0,GZ-02-uat_L1-2500,-1.780924,-59.251482,2012
Polyb.sess,Polybotrya sessilisora,0,GZ-02-uat_L1-2500,-1.780924,-59.251482,2012
Pteri.pung,Pteris pungens,0,GZ-02-uat_L1-2500,-1.780924,-59.251482,2012
Pteris.tripart,Pteris tripartita,0,GZ-02-uat_L1-2500,-1.780924,-59.251482,2012
Sacco.inae,Saccoloma inaequale,0,GZ-02-uat_L1-2500,-1.780924,-59.251482,2012
Salpi.hook,Saplichlaena hookeriana,0,GZ-02-uat_L1-2500,-1.780924,-59.251482,2012
Schiz.eleg,Schizaea elegans,0,GZ-02-uat_L1-2500,-1.780924,-59.251482,2012
Selag.amaz,Selaginella amazonica,0,GZ-02-uat_L1-2500,-1.780924,-59.251482,2012
Selag.brey,Selaginella breynii,0,GZ-02-uat_L1-2500,-1.780924,-59.251482,2012
Selag.peda,Selaginella pedata,1,GZ-02-uat_L1-2500,-1.780924,-59.251482,2012
Selag.sp.G,Selaginella sp.,0,GZ-02-uat_L1-2500,-1.780924,-59.251482,2012
Tecta.inci,Tectaria incisa,1,GZ-02-uat_L1-2500,-1.780924,-59.251482,2012
Thely.abru,Thelypteris abrupta,0,GZ-02-uat_L1-2500,-1.780924,-59.251482,2012
Thely.macr,Thelypteris macrophylla,0,GZ-02-uat_L1-2500,-1.780924,-59.251482,2012
Thely.poit,Thelypteris poiteana,0,GZ-02-uat_L1-2500,-1.780924,-59.251482,2012
Trich.anke,Trichomanes ankersii,0,GZ-02-uat_L1-2500,-1.780924,-59.251482,2012
Trich.eleg,Davalliopsis elegans,0,GZ-02-uat_L1-2500,-1.780924,-59.251482,2012
Trich.pinn,Trichomanes pinnatum,0,GZ-02-uat_L1-2500,-1.780924,-59.251482,2012
Trich.radi,Vandenboschia radicans,0,GZ-02-uat_L1-2500,-1.780924,-59.251482,2012
Trich.trol,Trichomanes trolli,0,GZ-02-uat_L1-2500,-1.780924,-59.251482,2012
Trich.tuer,Trichomanes tuerkenheimii,0,GZ-02-uat_L1-2500,-1.780924,-59.251482,2012
Trich.vitt,Trichomanes vittaria,0,GZ-02-uat_L1-2500,-1.780924,-59.251482,2012
Tripl.spp,Triplophyllum sp.,2,GZ-02-uat_L1-2500,-1.780924,-59.251482,2012
Adian.argu,Adiantum argutum,0,GZ-02-uat_L1-3500,-1.781002,-59.242805,2012
Adian.caye,Adiantum cajennense,1,GZ-02-uat_L1-3500,-1.781002,-59.242805,2012
Adian.dolo,Adiantum dolosum,0,GZ-02-uat_L1-3500,-1.781002,-59.242805,2012
Adian.glau,Adiantum glaucescens,1,GZ-02-uat_L1-3500,-1.781002,-59.242805,2012
Adian.humi,Adiantum humile,0,GZ-02-uat_L1-3500,-1.781002,-59.242805,2012
Adian.obli,Adiantum obliquum,1,GZ-02-uat_L1-3500,-1.781002,-59.242805,2012
Adian.para.tuom,Adiantum paraense or Adiantum tuomistoanum,0,GZ-02-uat_L1-3500,-1.781002,-59.242805,2012
Adian.peti,Adiantum petiolatum,0,GZ-02-uat_L1-3500,-1.781002,-59.242805,2012
Adian.pulv,Adiantum pulverulentum,0,GZ-02-uat_L1-3500,-1.781002,-59.242805,2012
Adian.term,Adiantum terminatum,1,GZ-02-uat_L1-3500,-1.781002,-59.242805,2012
Adian.tome,Adiantum tomentosum,0,GZ-02-uat_L1-3500,-1.781002,-59.242805,2012
Asple.laet,Asplenium laetum,1,GZ-02-uat_L1-3500,-1.781002,-59.242805,2012
Bolbi.nico,Mickelia nicotianifolia,0,GZ-02-uat_L1-3500,-1.781002,-59.242805,2012
Bolbi.semi,Bolbitis semipinnatifida,0,GZ-02-uat_L1-3500,-1.781002,-59.242805,2012
Campy.repe,Campyloneurum repens,0,GZ-02-uat_L1-3500,-1.781002,-59.242805,2012
Cyath.pung,Cyathea pungens,0,GZ-02-uat_L1-3500,-1.781002,-59.242805,2012
cyath.sp.3G,Cyathea sp.,0,GZ-02-uat_L1-3500,-1.781002,-59.242805,2012
cyath.sp.G,Cyathea sp.,0,GZ-02-uat_L1-3500,-1.781002,-59.242805,2012
Cyclo.guia,Cyclodium guianensis,1,GZ-02-uat_L1-3500,-1.781002,-59.242805,2012
Cyclo.meni,Cyclodium meniscioides,0,GZ-02-uat_L1-3500,-1.781002,-59.242805,2012
Cyclo.semi,Cyclopeltis semicordata,0,GZ-02-uat_L1-3500,-1.781002,-59.242805,2012
Danaea.lepr,Danaea leprieurii,0,GZ-02-uat_L1-3500,-1.781002,-59.242805,2012
Danae.nodo,Danaea nodosa s.l.,0,GZ-02-uat_L1-3500,-1.781002,-59.242805,2012
Danae.trif,Danaea trifoliata,0,GZ-02-uat_L1-3500,-1.781002,-59.242805,2012
Dipla.cris,Diplazium cristatum,0,GZ-02-uat_L1-3500,-1.781002,-59.242805,2012
Dipla.gran,Diplazium grandifolium,0,GZ-02-uat_L1-3500,-1.781002,-59.242805,2012
Linds.lanc.f,Lindsaea falcata,0,GZ-02-uat_L1-3500,-1.781002,-59.242805,2012
Linds.lanc.l,Lindsaea lancea,0,GZ-02-uat_L1-3500,-1.781002,-59.242805,2012
Linds.sp9,Lindsaea sp.,1,GZ-02-uat_L1-3500,-1.781002,-59.242805,2012
Lomag.guia,Mickelia guianensis,1,GZ-02-uat_L1-3500,-1.781002,-59.242805,2012
lomar.japur.prie,Lomariopsis japurensis or Lomariopsis prieuriana,2,GZ-02-uat_L1-3500,-1.781002,-59.242805,2012
Lygod.volu,Lygodium volubile,0,GZ-02-uat_L1-3500,-1.781002,-59.242805,2012
Metax.rost.s.l.,Metaxya rostrata s.l.,1,GZ-02-uat_L1-3500,-1.781002,-59.242805,2012
Pityr.calo,Pityrogramma calomelanos,0,GZ-02-uat_L1-3500,-1.781002,-59.242805,2012
Polyb.caud,Polybotrya caudata,0,GZ-02-uat_L1-3500,-1.781002,-59.242805,2012
Polyb.sess,Polybotrya sessilisora,0,GZ-02-uat_L1-3500,-1.781002,-59.242805,2012
Pteri.pung,Pteris pungens,0,GZ-02-uat_L1-3500,-1.781002,-59.242805,2012
Pteris.tripart,Pteris tripartita,0,GZ-02-uat_L1-3500,-1.781002,-59.242805,2012
Sacco.inae,Saccoloma inaequale,0,GZ-02-uat_L1-3500,-1.781002,-59.242805,2012
Salpi.hook,Saplichlaena hookeriana,0,GZ-02-uat_L1-3500,-1.781002,-59.242805,2012
Schiz.eleg,Schizaea elegans,0,GZ-02-uat_L1-3500,-1.781002,-59.242805,2012
Selag.amaz,Selaginella amazonica,0,GZ-02-uat_L1-3500,-1.781002,-59.242805,2012
Selag.brey,Selaginella breynii,0,GZ-02-uat_L1-3500,-1.781002,-59.242805,2012
Selag.peda,Selaginella pedata,1,GZ-02-uat_L1-3500,-1.781002,-59.242805,2012
Selag.sp.G,Selaginella sp.,0,GZ-02-uat_L1-3500,-1.781002,-59.242805,2012
Tecta.inci,Tectaria incisa,0,GZ-02-uat_L1-3500,-1.781002,-59.242805,2012
Thely.abru,Thelypteris abrupta,0,GZ-02-uat_L1-3500,-1.781002,-59.242805,2012
Thely.macr,Thelypteris macrophylla,0,GZ-02-uat_L1-3500,-1.781002,-59.242805,2012
Thely.poit,Thelypteris poiteana,0,GZ-02-uat_L1-3500,-1.781002,-59.242805,2012
Trich.anke,Trichomanes ankersii,0,GZ-02-uat_L1-3500,-1.781002,-59.242805,2012
Trich.eleg,Davalliopsis elegans,0,GZ-02-uat_L1-3500,-1.781002,-59.242805,2012
Trich.pinn,Trichomanes pinnatum,1,GZ-02-uat_L1-3500,-1.781002,-59.242805,2012
Trich.radi,Vandenboschia radicans,0,GZ-02-uat_L1-3500,-1.781002,-59.242805,2012
Trich.trol,Trichomanes trolli,0,GZ-02-uat_L1-3500,-1.781002,-59.242805,2012
Trich.tuer,Trichomanes tuerkenheimii,0,GZ-02-uat_L1-3500,-1.781002,-59.242805,2012
Trich.vitt,Trichomanes vittaria,0,GZ-02-uat_L1-3500,-1.781002,-59.242805,2012
Tripl.spp,Triplophyllum sp.,2,GZ-02-uat_L1-3500,-1.781002,-59.242805,2012
Adian.argu,Adiantum argutum,0,GZ-02-uat_L1-4500,-1.781132,-59.233507,2012
Adian.caye,Adiantum cajennense,1,GZ-02-uat_L1-4500,-1.781132,-59.233507,2012
Adian.dolo,Adiantum dolosum,0,GZ-02-uat_L1-4500,-1.781132,-59.233507,2012
Adian.glau,Adiantum glaucescens,0,GZ-02-uat_L1-4500,-1.781132,-59.233507,2012
Adian.humi,Adiantum humile,0,GZ-02-uat_L1-4500,-1.781132,-59.233507,2012
Adian.obli,Adiantum obliquum,0,GZ-02-uat_L1-4500,-1.781132,-59.233507,2012
Adian.para.tuom,Adiantum paraense or Adiantum tuomistoanum,1,GZ-02-uat_L1-4500,-1.781132,-59.233507,2012
Adian.peti,Adiantum petiolatum,0,GZ-02-uat_L1-4500,-1.781132,-59.233507,2012
Adian.pulv,Adiantum pulverulentum,0,GZ-02-uat_L1-4500,-1.781132,-59.233507,2012
Adian.term,Adiantum terminatum,0,GZ-02-uat_L1-4500,-1.781132,-59.233507,2012
Adian.tome,Adiantum tomentosum,1,GZ-02-uat_L1-4500,-1.781132,-59.233507,2012
Asple.laet,Asplenium laetum,0,GZ-02-uat_L1-4500,-1.781132,-59.233507,2012
Bolbi.nico,Mickelia nicotianifolia,0,GZ-02-uat_L1-4500,-1.781132,-59.233507,2012
Bolbi.semi,Bolbitis semipinnatifida,0,GZ-02-uat_L1-4500,-1.781132,-59.233507,2012
Campy.repe,Campyloneurum repens,0,GZ-02-uat_L1-4500,-1.781132,-59.233507,2012
Cyath.pung,Cyathea pungens,0,GZ-02-uat_L1-4500,-1.781132,-59.233507,2012
cyath.sp.3G,Cyathea sp.,0,GZ-02-uat_L1-4500,-1.781132,-59.233507,2012
cyath.sp.G,Cyathea sp.,0,GZ-02-uat_L1-4500,-1.781132,-59.233507,2012
Cyclo.guia,Cyclodium guianensis,0,GZ-02-uat_L1-4500,-1.781132,-59.233507,2012
Cyclo.meni,Cyclodium meniscioides,0,GZ-02-uat_L1-4500,-1.781132,-59.233507,2012
Cyclo.semi,Cyclopeltis semicordata,0,GZ-02-uat_L1-4500,-1.781132,-59.233507,2012
Danaea.lepr,Danaea leprieurii,0,GZ-02-uat_L1-4500,-1.781132,-59.233507,2012
Danae.nodo,Danaea nodosa s.l.,0,GZ-02-uat_L1-4500,-1.781132,-59.233507,2012
Danae.trif,Danaea trifoliata,0,GZ-02-uat_L1-4500,-1.781132,-59.233507,2012
Dipla.cris,Diplazium cristatum,0,GZ-02-uat_L1-4500,-1.781132,-59.233507,2012
Dipla.gran,Diplazium grandifolium,0,GZ-02-uat_L1-4500,-1.781132,-59.233507,2012
Linds.lanc.f,Lindsaea falcata,0,GZ-02-uat_L1-4500,-1.781132,-59.233507,2012
Linds.lanc.l,Lindsaea lancea,1,GZ-02-uat_L1-4500,-1.781132,-59.233507,2012
Linds.sp9,Lindsaea sp.,0,GZ-02-uat_L1-4500,-1.781132,-59.233507,2012
Lomag.guia,Mickelia guianensis,0,GZ-02-uat_L1-4500,-1.781132,-59.233507,2012
lomar.japur.prie,Lomariopsis japurensis or Lomariopsis prieuriana,0,GZ-02-uat_L1-4500,-1.781132,-59.233507,2012
Lygod.volu,Lygodium volubile,0,GZ-02-uat_L1-4500,-1.781132,-59.233507,2012
Metax.rost.s.l.,Metaxya rostrata s.l.,1,GZ-02-uat_L1-4500,-1.781132,-59.233507,2012
Pityr.calo,Pityrogramma calomelanos,0,GZ-02-uat_L1-4500,-1.781132,-59.233507,2012
Polyb.caud,Polybotrya caudata,0,GZ-02-uat_L1-4500,-1.781132,-59.233507,2012
Polyb.sess,Polybotrya sessilisora,1,GZ-02-uat_L1-4500,-1.781132,-59.233507,2012
Pteri.pung,Pteris pungens,0,GZ-02-uat_L1-4500,-1.781132,-59.233507,2012
Pteris.tripart,Pteris tripartita,0,GZ-02-uat_L1-4500,-1.781132,-59.233507,2012
Sacco.inae,Saccoloma inaequale,0,GZ-02-uat_L1-4500,-1.781132,-59.233507,2012
Salpi.hook,Saplichlaena hookeriana,0,GZ-02-uat_L1-4500,-1.781132,-59.233507,2012
Schiz.eleg,Schizaea elegans,1,GZ-02-uat_L1-4500,-1.781132,-59.233507,2012
Selag.amaz,Selaginella amazonica,0,GZ-02-uat_L1-4500,-1.781132,-59.233507,2012
Selag.brey,Selaginella breynii,0,GZ-02-uat_L1-4500,-1.781132,-59.233507,2012
Selag.peda,Selaginella pedata,1,GZ-02-uat_L1-4500,-1.781132,-59.233507,2012
Selag.sp.G,Selaginella sp.,0,GZ-02-uat_L1-4500,-1.781132,-59.233507,2012
Tecta.inci,Tectaria incisa,0,GZ-02-uat_L1-4500,-1.781132,-59.233507,2012
Thely.abru,Thelypteris abrupta,0,GZ-02-uat_L1-4500,-1.781132,-59.233507,2012
Thely.macr,Thelypteris macrophylla,0,GZ-02-uat_L1-4500,-1.781132,-59.233507,2012
Thely.poit,Thelypteris poiteana,0,GZ-02-uat_L1-4500,-1.781132,-59.233507,2012
Trich.anke,Trichomanes ankersii,1,GZ-02-uat_L1-4500,-1.781132,-59.233507,2012
Trich.eleg,Davalliopsis elegans,0,GZ-02-uat_L1-4500,-1.781132,-59.233507,2012
Trich.pinn,Trichomanes pinnatum,1,GZ-02-uat_L1-4500,-1.781132,-59.233507,2012
Trich.radi,Vandenboschia radicans,0,GZ-02-uat_L1-4500,-1.781132,-59.233507,2012
Trich.trol,Trichomanes trolli,0,GZ-02-uat_L1-4500,-1.781132,-59.233507,2012
Trich.tuer,Trichomanes tuerkenheimii,0,GZ-02-uat_L1-4500,-1.781132,-59.233507,2012
Trich.vitt,Trichomanes vittaria,0,GZ-02-uat_L1-4500,-1.781132,-59.233507,2012
Tripl.spp,Triplophyllum sp.,0,GZ-02-uat_L1-4500,-1.781132,-59.233507,2012
Adian.argu,Adiantum argutum,1,GZ-02-uat_L2-1500,-1.790348,-59.260737,2012
Adian.caye,Adiantum cajennense,0,GZ-02-uat_L2-1500,-1.790348,-59.260737,2012
Adian.dolo,Adiantum dolosum,0,GZ-02-uat_L2-1500,-1.790348,-59.260737,2012
Adian.glau,Adiantum glaucescens,0,GZ-02-uat_L2-1500,-1.790348,-59.260737,2012
Adian.humi,Adiantum humile,0,GZ-02-uat_L2-1500,-1.790348,-59.260737,2012
Adian.obli,Adiantum obliquum,0,GZ-02-uat_L2-1500,-1.790348,-59.260737,2012
Adian.para.tuom,Adiantum paraense or Adiantum tuomistoanum,0,GZ-02-uat_L2-1500,-1.790348,-59.260737,2012
Adian.peti,Adiantum petiolatum,1,GZ-02-uat_L2-1500,-1.790348,-59.260737,2012
Adian.pulv,Adiantum pulverulentum,0,GZ-02-uat_L2-1500,-1.790348,-59.260737,2012
Adian.term,Adiantum terminatum,0,GZ-02-uat_L2-1500,-1.790348,-59.260737,2012
Adian.tome,Adiantum tomentosum,0,GZ-02-uat_L2-1500,-1.790348,-59.260737,2012
Asple.laet,Asplenium laetum,0,GZ-02-uat_L2-1500,-1.790348,-59.260737,2012
Bolbi.nico,Mickelia nicotianifolia,0,GZ-02-uat_L2-1500,-1.790348,-59.260737,2012
Bolbi.semi,Bolbitis semipinnatifida,0,GZ-02-uat_L2-1500,-1.790348,-59.260737,2012
Campy.repe,Campyloneurum repens,1,GZ-02-uat_L2-1500,-1.790348,-59.260737,2012
Cyath.pung,Cyathea pungens,1,GZ-02-uat_L2-1500,-1.790348,-59.260737,2012
cyath.sp.3G,Cyathea sp.,0,GZ-02-uat_L2-1500,-1.790348,-59.260737,2012
cyath.sp.G,Cyathea sp.,0,GZ-02-uat_L2-1500,-1.790348,-59.260737,2012
Cyclo.guia,Cyclodium guianensis,0,GZ-02-uat_L2-1500,-1.790348,-59.260737,2012
Cyclo.meni,Cyclodium meniscioides,0,GZ-02-uat_L2-1500,-1.790348,-59.260737,2012
Cyclo.semi,Cyclopeltis semicordata,0,GZ-02-uat_L2-1500,-1.790348,-59.260737,2012
Danaea.lepr,Danaea leprieurii,0,GZ-02-uat_L2-1500,-1.790348,-59.260737,2012
Danae.nodo,Danaea nodosa s.l.,0,GZ-02-uat_L2-1500,-1.790348,-59.260737,2012
Danae.trif,Danaea trifoliata,0,GZ-02-uat_L2-1500,-1.790348,-59.260737,2012
Dipla.cris,Diplazium cristatum,0,GZ-02-uat_L2-1500,-1.790348,-59.260737,2012
Dipla.gran,Diplazium grandifolium,0,GZ-02-uat_L2-1500,-1.790348,-59.260737,2012
Linds.lanc.f,Lindsaea falcata,0,GZ-02-uat_L2-1500,-1.790348,-59.260737,2012
Linds.lanc.l,Lindsaea lancea,0,GZ-02-uat_L2-1500,-1.790348,-59.260737,2012
Linds.sp9,Lindsaea sp.,0,GZ-02-uat_L2-1500,-1.790348,-59.260737,2012
Lomag.guia,Mickelia guianensis,1,GZ-02-uat_L2-1500,-1.790348,-59.260737,2012
lomar.japur.prie,Lomariopsis japurensis or Lomariopsis prieuriana,2,GZ-02-uat_L2-1500,-1.790348,-59.260737,2012
Lygod.volu,Lygodium volubile,1,GZ-02-uat_L2-1500,-1.790348,-59.260737,2012
Metax.rost.s.l.,Metaxya rostrata s.l.,0,GZ-02-uat_L2-1500,-1.790348,-59.260737,2012
Pityr.calo,Pityrogramma calomelanos,0,GZ-02-uat_L2-1500,-1.790348,-59.260737,2012
Polyb.caud,Polybotrya caudata,1,GZ-02-uat_L2-1500,-1.790348,-59.260737,2012
Polyb.sess,Polybotrya sessilisora,0,GZ-02-uat_L2-1500,-1.790348,-59.260737,2012
Pteri.pung,Pteris pungens,0,GZ-02-uat_L2-1500,-1.790348,-59.260737,2012
Pteris.tripart,Pteris tripartita,0,GZ-02-uat_L2-1500,-1.790348,-59.260737,2012
Sacco.inae,Saccoloma inaequale,0,GZ-02-uat_L2-1500,-1.790348,-59.260737,2012
Salpi.hook,Saplichlaena hookeriana,0,GZ-02-uat_L2-1500,-1.790348,-59.260737,2012
Schiz.eleg,Schizaea elegans,0,GZ-02-uat_L2-1500,-1.790348,-59.260737,2012
Selag.amaz,Selaginella amazonica,1,GZ-02-uat_L2-1500,-1.790348,-59.260737,2012
Selag.brey,Selaginella breynii,0,GZ-02-uat_L2-1500,-1.790348,-59.260737,2012
Selag.peda,Selaginella pedata,1,GZ-02-uat_L2-1500,-1.790348,-59.260737,2012
Selag.sp.G,Selaginella sp.,0,GZ-02-uat_L2-1500,-1.790348,-59.260737,2012
Tecta.inci,Tectaria incisa,0,GZ-02-uat_L2-1500,-1.790348,-59.260737,2012
Thely.abru,Thelypteris abrupta,1,GZ-02-uat_L2-1500,-1.790348,-59.260737,2012
Thely.macr,Thelypteris macrophylla,0,GZ-02-uat_L2-1500,-1.790348,-59.260737,2012
Thely.poit,Thelypteris poiteana,0,GZ-02-uat_L2-1500,-1.790348,-59.260737,2012
Trich.anke,Trichomanes ankersii,0,GZ-02-uat_L2-1500,-1.790348,-59.260737,2012
Trich.eleg,Davalliopsis elegans,0,GZ-02-uat_L2-1500,-1.790348,-59.260737,2012
Trich.pinn,Trichomanes pinnatum,1,GZ-02-uat_L2-1500,-1.790348,-59.260737,2012
Trich.radi,Vandenboschia radicans,0,GZ-02-uat_L2-1500,-1.790348,-59.260737,2012
Trich.trol,Trichomanes trolli,0,GZ-02-uat_L2-1500,-1.790348,-59.260737,2012
Trich.tuer,Trichomanes tuerkenheimii,0,GZ-02-uat_L2-1500,-1.790348,-59.260737,2012
Trich.vitt,Trichomanes vittaria,0,GZ-02-uat_L2-1500,-1.790348,-59.260737,2012
Tripl.spp,Triplophyllum sp.,3,GZ-02-uat_L2-1500,-1.790348,-59.260737,2012
Adian.argu,Adiantum argutum,1,GZ-02-uat_L2-2500,-1.790548,-59.251315,2012
Adian.caye,Adiantum cajennense,0,GZ-02-uat_L2-2500,-1.790548,-59.251315,2012
Adian.dolo,Adiantum dolosum,0,GZ-02-uat_L2-2500,-1.790548,-59.251315,2012
Adian.glau,Adiantum glaucescens,0,GZ-02-uat_L2-2500,-1.790548,-59.251315,2012
Adian.humi,Adiantum humile,1,GZ-02-uat_L2-2500,-1.790548,-59.251315,2012
Adian.obli,Adiantum obliquum,1,GZ-02-uat_L2-2500,-1.790548,-59.251315,2012
Adian.para.tuom,Adiantum paraense or Adiantum tuomistoanum,0,GZ-02-uat_L2-2500,-1.790548,-59.251315,2012
Adian.peti,Adiantum petiolatum,0,GZ-02-uat_L2-2500,-1.790548,-59.251315,2012
Adian.pulv,Adiantum pulverulentum,0,GZ-02-uat_L2-2500,-1.790548,-59.251315,2012
Adian.term,Adiantum terminatum,1,GZ-02-uat_L2-2500,-1.790548,-59.251315,2012
Adian.tome,Adiantum tomentosum,0,GZ-02-uat_L2-2500,-1.790548,-59.251315,2012
Asple.laet,Asplenium laetum,1,GZ-02-uat_L2-2500,-1.790548,-59.251315,2012
Bolbi.nico,Mickelia nicotianifolia,1,GZ-02-uat_L2-2500,-1.790548,-59.251315,2012
Bolbi.semi,Bolbitis semipinnatifida,1,GZ-02-uat_L2-2500,-1.790548,-59.251315,2012
Campy.repe,Campyloneurum repens,1,GZ-02-uat_L2-2500,-1.790548,-59.251315,2012
Cyath.pung,Cyathea pungens,1,GZ-02-uat_L2-2500,-1.790548,-59.251315,2012
cyath.sp.3G,Cyathea sp.,0,GZ-02-uat_L2-2500,-1.790548,-59.251315,2012
cyath.sp.G,Cyathea sp.,0,GZ-02-uat_L2-2500,-1.790548,-59.251315,2012
Cyclo.guia,Cyclodium guianensis,0,GZ-02-uat_L2-2500,-1.790548,-59.251315,2012
Cyclo.meni,Cyclodium meniscioides,0,GZ-02-uat_L2-2500,-1.790548,-59.251315,2012
Cyclo.semi,Cyclopeltis semicordata,0,GZ-02-uat_L2-2500,-1.790548,-59.251315,2012
Danaea.lepr,Danaea leprieurii,0,GZ-02-uat_L2-2500,-1.790548,-59.251315,2012
Danae.nodo,Danaea nodosa s.l.,1,GZ-02-uat_L2-2500,-1.790548,-59.251315,2012
Danae.trif,Danaea trifoliata,0,GZ-02-uat_L2-2500,-1.790548,-59.251315,2012
Dipla.cris,Diplazium cristatum,0,GZ-02-uat_L2-2500,-1.790548,-59.251315,2012
Dipla.gran,Diplazium grandifolium,1,GZ-02-uat_L2-2500,-1.790548,-59.251315,2012
Linds.lanc.f,Lindsaea falcata,0,GZ-02-uat_L2-2500,-1.790548,-59.251315,2012
Linds.lanc.l,Lindsaea lancea,0,GZ-02-uat_L2-2500,-1.790548,-59.251315,2012
Linds.sp9,Lindsaea sp.,0,GZ-02-uat_L2-2500,-1.790548,-59.251315,2012
Lomag.guia,Mickelia guianensis,0,GZ-02-uat_L2-2500,-1.790548,-59.251315,2012
lomar.japur.prie,Lomariopsis japurensis or Lomariopsis prieuriana,1,GZ-02-uat_L2-2500,-1.790548,-59.251315,2012
Lygod.volu,Lygodium volubile,0,GZ-02-uat_L2-2500,-1.790548,-59.251315,2012
Metax.rost.s.l.,Metaxya rostrata s.l.,0,GZ-02-uat_L2-2500,-1.790548,-59.251315,2012
Pityr.calo,Pityrogramma calomelanos,0,GZ-02-uat_L2-2500,-1.790548,-59.251315,2012
Polyb.caud,Polybotrya caudata,1,GZ-02-uat_L2-2500,-1.790548,-59.251315,2012
Polyb.sess,Polybotrya sessilisora,0,GZ-02-uat_L2-2500,-1.790548,-59.251315,2012
Pteri.pung,Pteris pungens,1,GZ-02-uat_L2-2500,-1.790548,-59.251315,2012
Pteris.tripart,Pteris tripartita,1,GZ-02-uat_L2-2500,-1.790548,-59.251315,2012
Sacco.inae,Saccoloma inaequale,0,GZ-02-uat_L2-2500,-1.790548,-59.251315,2012
Salpi.hook,Saplichlaena hookeriana,0,GZ-02-uat_L2-2500,-1.790548,-59.251315,2012
Schiz.eleg,Schizaea elegans,0,GZ-02-uat_L2-2500,-1.790548,-59.251315,2012
Selag.amaz,Selaginella amazonica,1,GZ-02-uat_L2-2500,-1.790548,-59.251315,2012
Selag.brey,Selaginella breynii,0,GZ-02-uat_L2-2500,-1.790548,-59.251315,2012
Selag.peda,Selaginella pedata,1,GZ-02-uat_L2-2500,-1.790548,-59.251315,2012
Selag.sp.G,Selaginella sp.,0,GZ-02-uat_L2-2500,-1.790548,-59.251315,2012
Tecta.inci,Tectaria incisa,1,GZ-02-uat_L2-2500,-1.790548,-59.251315,2012
Thely.abru,Thelypteris abrupta,1,GZ-02-uat_L2-2500,-1.790548,-59.251315,2012
Thely.macr,Thelypteris macrophylla,1,GZ-02-uat_L2-2500,-1.790548,-59.251315,2012
Thely.poit,Thelypteris poiteana,1,GZ-02-uat_L2-2500,-1.790548,-59.251315,2012
Trich.anke,Trichomanes ankersii,0,GZ-02-uat_L2-2500,-1.790548,-59.251315,2012
Trich.eleg,Davalliopsis elegans,0,GZ-02-uat_L2-2500,-1.790548,-59.251315,2012
Trich.pinn,Trichomanes pinnatum,0,GZ-02-uat_L2-2500,-1.790548,-59.251315,2012
Trich.radi,Vandenboschia radicans,1,GZ-02-uat_L2-2500,-1.790548,-59.251315,2012
Trich.trol,Trichomanes trolli,1,GZ-02-uat_L2-2500,-1.790548,-59.251315,2012
Trich.tuer,Trichomanes tuerkenheimii,0,GZ-02-uat_L2-2500,-1.790548,-59.251315,2012
Trich.vitt,Trichomanes vittaria,0,GZ-02-uat_L2-2500,-1.790548,-59.251315,2012
Tripl.spp,Triplophyllum sp.,1,GZ-02-uat_L2-2500,-1.790548,-59.251315,2012
Adian.argu,Adiantum argutum,0,GZ-02-uat_L2-3500,-1.790701,-59.24276,2012
Adian.caye,Adiantum cajennense,1,GZ-02-uat_L2-3500,-1.790701,-59.24276,2012
Adian.dolo,Adiantum dolosum,1,GZ-02-uat_L2-3500,-1.790701,-59.24276,2012
Adian.glau,Adiantum glaucescens,1,GZ-02-uat_L2-3500,-1.790701,-59.24276,2012
Adian.humi,Adiantum humile,1,GZ-02-uat_L2-3500,-1.790701,-59.24276,2012
Adian.obli,Adiantum obliquum,1,GZ-02-uat_L2-3500,-1.790701,-59.24276,2012
Adian.para.tuom,Adiantum paraense or Adiantum tuomistoanum,1,GZ-02-uat_L2-3500,-1.790701,-59.24276,2012
Adian.peti,Adiantum petiolatum,0,GZ-02-uat_L2-3500,-1.790701,-59.24276,2012
Adian.pulv,Adiantum pulverulentum,0,GZ-02-uat_L2-3500,-1.790701,-59.24276,2012
Adian.term,Adiantum terminatum,1,GZ-02-uat_L2-3500,-1.790701,-59.24276,2012
Adian.tome,Adiantum tomentosum,1,GZ-02-uat_L2-3500,-1.790701,-59.24276,2012
Asple.laet,Asplenium laetum,0,GZ-02-uat_L2-3500,-1.790701,-59.24276,2012
Bolbi.nico,Mickelia nicotianifolia,0,GZ-02-uat_L2-3500,-1.790701,-59.24276,2012
Bolbi.semi,Bolbitis semipinnatifida,0,GZ-02-uat_L2-3500,-1.790701,-59.24276,2012
Campy.repe,Campyloneurum repens,0,GZ-02-uat_L2-3500,-1.790701,-59.24276,2012
Cyath.pung,Cyathea pungens,0,GZ-02-uat_L2-3500,-1.790701,-59.24276,2012
cyath.sp.3G,Cyathea sp.,0,GZ-02-uat_L2-3500,-1.790701,-59.24276,2012
cyath.sp.G,Cyathea sp.,0,GZ-02-uat_L2-3500,-1.790701,-59.24276,2012
Cyclo.guia,Cyclodium guianensis,0,GZ-02-uat_L2-3500,-1.790701,-59.24276,2012
Cyclo.meni,Cyclodium meniscioides,0,GZ-02-uat_L2-3500,-1.790701,-59.24276,2012
Cyclo.semi,Cyclopeltis semicordata,0,GZ-02-uat_L2-3500,-1.790701,-59.24276,2012
Danaea.lepr,Danaea leprieurii,0,GZ-02-uat_L2-3500,-1.790701,-59.24276,2012
Danae.nodo,Danaea nodosa s.l.,0,GZ-02-uat_L2-3500,-1.790701,-59.24276,2012
Danae.trif,Danaea trifoliata,1,GZ-02-uat_L2-3500,-1.790701,-59.24276,2012
Dipla.cris,Diplazium cristatum,0,GZ-02-uat_L2-3500,-1.790701,-59.24276,2012
Dipla.gran,Diplazium grandifolium,0,GZ-02-uat_L2-3500,-1.790701,-59.24276,2012
Linds.lanc.f,Lindsaea falcata,0,GZ-02-uat_L2-3500,-1.790701,-59.24276,2012
Linds.lanc.l,Lindsaea lancea,0,GZ-02-uat_L2-3500,-1.790701,-59.24276,2012
Linds.sp9,Lindsaea sp.,0,GZ-02-uat_L2-3500,-1.790701,-59.24276,2012
Lomag.guia,Mickelia guianensis,1,GZ-02-uat_L2-3500,-1.790701,-59.24276,2012
lomar.japur.prie,Lomariopsis japurensis or Lomariopsis prieuriana,2,GZ-02-uat_L2-3500,-1.790701,-59.24276,2012
Lygod.volu,Lygodium volubile,1,GZ-02-uat_L2-3500,-1.790701,-59.24276,2012
Metax.rost.s.l.,Metaxya rostrata s.l.,0,GZ-02-uat_L2-3500,-1.790701,-59.24276,2012
Pityr.calo,Pityrogramma calomelanos,0,GZ-02-uat_L2-3500,-1.790701,-59.24276,2012
Polyb.caud,Polybotrya caudata,0,GZ-02-uat_L2-3500,-1.790701,-59.24276,2012
Polyb.sess,Polybotrya sessilisora,0,GZ-02-uat_L2-3500,-1.790701,-59.24276,2012
Pteri.pung,Pteris pungens,0,GZ-02-uat_L2-3500,-1.790701,-59.24276,2012
Pteris.tripart,Pteris tripartita,0,GZ-02-uat_L2-3500,-1.790701,-59.24276,2012
Sacco.inae,Saccoloma inaequale,0,GZ-02-uat_L2-3500,-1.790701,-59.24276,2012
Salpi.hook,Saplichlaena hookeriana,0,GZ-02-uat_L2-3500,-1.790701,-59.24276,2012
Schiz.eleg,Schizaea elegans,0,GZ-02-uat_L2-3500,-1.790701,-59.24276,2012
Selag.amaz,Selaginella amazonica,0,GZ-02-uat_L2-3500,-1.790701,-59.24276,2012
Selag.brey,Selaginella breynii,0,GZ-02-uat_L2-3500,-1.790701,-59.24276,2012
Selag.peda,Selaginella pedata,1,GZ-02-uat_L2-3500,-1.790701,-59.24276,2012
Selag.sp.G,Selaginella sp.,0,GZ-02-uat_L2-3500,-1.790701,-59.24276,2012
Tecta.inci,Tectaria incisa,0,GZ-02-uat_L2-3500,-1.790701,-59.24276,2012
Thely.abru,Thelypteris abrupta,0,GZ-02-uat_L2-3500,-1.790701,-59.24276,2012
Thely.macr,Thelypteris macrophylla,0,GZ-02-uat_L2-3500,-1.790701,-59.24276,2012
Thely.poit,Thelypteris poiteana,0,GZ-02-uat_L2-3500,-1.790701,-59.24276,2012
Trich.anke,Trichomanes ankersii,0,GZ-02-uat_L2-3500,-1.790701,-59.24276,2012
Trich.eleg,Davalliopsis elegans,0,GZ-02-uat_L2-3500,-1.790701,-59.24276,2012
Trich.pinn,Trichomanes pinnatum,1,GZ-02-uat_L2-3500,-1.790701,-59.24276,2012
Trich.radi,Vandenboschia radicans,0,GZ-02-uat_L2-3500,-1.790701,-59.24276,2012
Trich.trol,Trichomanes trolli,0,GZ-02-uat_L2-3500,-1.790701,-59.24276,2012
Trich.tuer,Trichomanes tuerkenheimii,0,GZ-02-uat_L2-3500,-1.790701,-59.24276,2012
Trich.vitt,Trichomanes vittaria,1,GZ-02-uat_L2-3500,-1.790701,-59.24276,2012
Tripl.spp,Triplophyllum sp.,4,GZ-02-uat_L2-3500,-1.790701,-59.24276,2012
Adian.argu,Adiantum argutum,0,GZ-02-uat_L2-4500,-1.790877,-59.233563,2012
Adian.caye,Adiantum cajennense,1,GZ-02-uat_L2-4500,-1.790877,-59.233563,2012
Adian.dolo,Adiantum dolosum,0,GZ-02-uat_L2-4500,-1.790877,-59.233563,2012
Adian.glau,Adiantum glaucescens,0,GZ-02-uat_L2-4500,-1.790877,-59.233563,2012
Adian.humi,Adiantum humile,0,GZ-02-uat_L2-4500,-1.790877,-59.233563,2012
Adian.obli,Adiantum obliquum,1,GZ-02-uat_L2-4500,-1.790877,-59.233563,2012
Adian.para.tuom,Adiantum paraense or Adiantum tuomistoanum,0,GZ-02-uat_L2-4500,-1.790877,-59.233563,2012
Adian.peti,Adiantum petiolatum,0,GZ-02-uat_L2-4500,-1.790877,-59.233563,2012
Adian.pulv,Adiantum pulverulentum,0,GZ-02-uat_L2-4500,-1.790877,-59.233563,2012
Adian.term,Adiantum terminatum,1,GZ-02-uat_L2-4500,-1.790877,-59.233563,2012
Adian.tome,Adiantum tomentosum,1,GZ-02-uat_L2-4500,-1.790877,-59.233563,2012
Asple.laet,Asplenium laetum,0,GZ-02-uat_L2-4500,-1.790877,-59.233563,2012
Bolbi.nico,Mickelia nicotianifolia,0,GZ-02-uat_L2-4500,-1.790877,-59.233563,2012
Bolbi.semi,Bolbitis semipinnatifida,0,GZ-02-uat_L2-4500,-1.790877,-59.233563,2012
Campy.repe,Campyloneurum repens,0,GZ-02-uat_L2-4500,-1.790877,-59.233563,2012
Cyath.pung,Cyathea pungens,0,GZ-02-uat_L2-4500,-1.790877,-59.233563,2012
cyath.sp.3G,Cyathea sp.,0,GZ-02-uat_L2-4500,-1.790877,-59.233563,2012
cyath.sp.G,Cyathea sp.,0,GZ-02-uat_L2-4500,-1.790877,-59.233563,2012
Cyclo.guia,Cyclodium guianensis,0,GZ-02-uat_L2-4500,-1.790877,-59.233563,2012
Cyclo.meni,Cyclodium meniscioides,0,GZ-02-uat_L2-4500,-1.790877,-59.233563,2012
Cyclo.semi,Cyclopeltis semicordata,0,GZ-02-uat_L2-4500,-1.790877,-59.233563,2012
Danaea.lepr,Danaea leprieurii,0,GZ-02-uat_L2-4500,-1.790877,-59.233563,2012
Danae.nodo,Danaea nodosa s.l.,0,GZ-02-uat_L2-4500,-1.790877,-59.233563,2012
Danae.trif,Danaea trifoliata,1,GZ-02-uat_L2-4500,-1.790877,-59.233563,2012
Dipla.cris,Diplazium cristatum,0,GZ-02-uat_L2-4500,-1.790877,-59.233563,2012
Dipla.gran,Diplazium grandifolium,0,GZ-02-uat_L2-4500,-1.790877,-59.233563,2012
Linds.lanc.f,Lindsaea falcata,0,GZ-02-uat_L2-4500,-1.790877,-59.233563,2012
Linds.lanc.l,Lindsaea lancea,0,GZ-02-uat_L2-4500,-1.790877,-59.233563,2012
Linds.sp9,Lindsaea sp.,1,GZ-02-uat_L2-4500,-1.790877,-59.233563,2012
Lomag.guia,Mickelia guianensis,1,GZ-02-uat_L2-4500,-1.790877,-59.233563,2012
lomar.japur.prie,Lomariopsis japurensis or Lomariopsis prieuriana,2,GZ-02-uat_L2-4500,-1.790877,-59.233563,2012
Lygod.volu,Lygodium volubile,0,GZ-02-uat_L2-4500,-1.790877,-59.233563,2012
Metax.rost.s.l.,Metaxya rostrata s.l.,0,GZ-02-uat_L2-4500,-1.790877,-59.233563,2012
Pityr.calo,Pityrogramma calomelanos,0,GZ-02-uat_L2-4500,-1.790877,-59.233563,2012
Polyb.caud,Polybotrya caudata,0,GZ-02-uat_L2-4500,-1.790877,-59.233563,2012
Polyb.sess,Polybotrya sessilisora,0,GZ-02-uat_L2-4500,-1.790877,-59.233563,2012
Pteri.pung,Pteris pungens,0,GZ-02-uat_L2-4500,-1.790877,-59.233563,2012
Pteris.tripart,Pteris tripartita,0,GZ-02-uat_L2-4500,-1.790877,-59.233563,2012
Sacco.inae,Saccoloma inaequale,0,GZ-02-uat_L2-4500,-1.790877,-59.233563,2012
Salpi.hook,Saplichlaena hookeriana,0,GZ-02-uat_L2-4500,-1.790877,-59.233563,2012
Schiz.eleg,Schizaea elegans,0,GZ-02-uat_L2-4500,-1.790877,-59.233563,2012
Selag.amaz,Selaginella amazonica,0,GZ-02-uat_L2-4500,-1.790877,-59.233563,2012
Selag.brey,Selaginella breynii,0,GZ-02-uat_L2-4500,-1.790877,-59.233563,2012
Selag.peda,Selaginella pedata,1,GZ-02-uat_L2-4500,-1.790877,-59.233563,2012
Selag.sp.G,Selaginella sp.,0,GZ-02-uat_L2-4500,-1.790877,-59.233563,2012
Tecta.inci,Tectaria incisa,0,GZ-02-uat_L2-4500,-1.790877,-59.233563,2012
Thely.abru,Thelypteris abrupta,0,GZ-02-uat_L2-4500,-1.790877,-59.233563,2012
Thely.macr,Thelypteris macrophylla,0,GZ-02-uat_L2-4500,-1.790877,-59.233563,2012
Thely.poit,Thelypteris poiteana,0,GZ-02-uat_L2-4500,-1.790877,-59.233563,2012
Trich.anke,Trichomanes ankersii,1,GZ-02-uat_L2-4500,-1.790877,-59.233563,2012
Trich.eleg,Davalliopsis elegans,0,GZ-02-uat_L2-4500,-1.790877,-59.233563,2012
Trich.pinn,Trichomanes pinnatum,1,GZ-02-uat_L2-4500,-1.790877,-59.233563,2012
Trich.radi,Vandenboschia radicans,0,GZ-02-uat_L2-4500,-1.790877,-59.233563,2012
Trich.trol,Trichomanes trolli,0,GZ-02-uat_L2-4500,-1.790877,-59.233563,2012
Trich.tuer,Trichomanes tuerkenheimii,0,GZ-02-uat_L2-4500,-1.790877,-59.233563,2012
Trich.vitt,Trichomanes vittaria,1,GZ-02-uat_L2-4500,-1.790877,-59.233563,2012
Tripl.spp,Triplophyllum sp.,3,GZ-02-uat_L2-4500,-1.790877,-59.233563,2012
Adian.argu,Adiantum argutum,1,GZ-02-uat_L3-0500,-1.799534,-59.269723,2012
Adian.caye,Adiantum cajennense,1,GZ-02-uat_L3-0500,-1.799534,-59.269723,2012
Adian.dolo,Adiantum dolosum,0,GZ-02-uat_L3-0500,-1.799534,-59.269723,2012
Adian.glau,Adiantum glaucescens,0,GZ-02-uat_L3-0500,-1.799534,-59.269723,2012
Adian.humi,Adiantum humile,1,GZ-02-uat_L3-0500,-1.799534,-59.269723,2012
Adian.obli,Adiantum obliquum,1,GZ-02-uat_L3-0500,-1.799534,-59.269723,2012
Adian.para.tuom,Adiantum paraense or Adiantum tuomistoanum,0,GZ-02-uat_L3-0500,-1.799534,-59.269723,2012
Adian.peti,Adiantum petiolatum,0,GZ-02-uat_L3-0500,-1.799534,-59.269723,2012
Adian.pulv,Adiantum pulverulentum,0,GZ-02-uat_L3-0500,-1.799534,-59.269723,2012
Adian.term,Adiantum terminatum,1,GZ-02-uat_L3-0500,-1.799534,-59.269723,2012
Adian.tome,Adiantum tomentosum,0,GZ-02-uat_L3-0500,-1.799534,-59.269723,2012
Asple.laet,Asplenium laetum,0,GZ-02-uat_L3-0500,-1.799534,-59.269723,2012
Bolbi.nico,Mickelia nicotianifolia,0,GZ-02-uat_L3-0500,-1.799534,-59.269723,2012
Bolbi.semi,Bolbitis semipinnatifida,1,GZ-02-uat_L3-0500,-1.799534,-59.269723,2012
Campy.repe,Campyloneurum repens,1,GZ-02-uat_L3-0500,-1.799534,-59.269723,2012
Cyath.pung,Cyathea pungens,0,GZ-02-uat_L3-0500,-1.799534,-59.269723,2012
cyath.sp.3G,Cyathea sp.,0,GZ-02-uat_L3-0500,-1.799534,-59.269723,2012
cyath.sp.G,Cyathea sp.,0,GZ-02-uat_L3-0500,-1.799534,-59.269723,2012
Cyclo.guia,Cyclodium guianensis,0,GZ-02-uat_L3-0500,-1.799534,-59.269723,2012
Cyclo.meni,Cyclodium meniscioides,0,GZ-02-uat_L3-0500,-1.799534,-59.269723,2012
Cyclo.semi,Cyclopeltis semicordata,0,GZ-02-uat_L3-0500,-1.799534,-59.269723,2012
Danaea.lepr,Danaea leprieurii,0,GZ-02-uat_L3-0500,-1.799534,-59.269723,2012
Danae.nodo,Danaea nodosa s.l.,0,GZ-02-uat_L3-0500,-1.799534,-59.269723,2012
Danae.trif,Danaea trifoliata,0,GZ-02-uat_L3-0500,-1.799534,-59.269723,2012
Dipla.cris,Diplazium cristatum,0,GZ-02-uat_L3-0500,-1.799534,-59.269723,2012
Dipla.gran,Diplazium grandifolium,0,GZ-02-uat_L3-0500,-1.799534,-59.269723,2012
Linds.lanc.f,Lindsaea falcata,0,GZ-02-uat_L3-0500,-1.799534,-59.269723,2012
Linds.lanc.l,Lindsaea lancea,0,GZ-02-uat_L3-0500,-1.799534,-59.269723,2012
Linds.sp9,Lindsaea sp.,0,GZ-02-uat_L3-0500,-1.799534,-59.269723,2012
Lomag.guia,Mickelia guianensis,1,GZ-02-uat_L3-0500,-1.799534,-59.269723,2012
lomar.japur.prie,Lomariopsis japurensis or Lomariopsis prieuriana,2,GZ-02-uat_L3-0500,-1.799534,-59.269723,2012
Lygod.volu,Lygodium volubile,0,GZ-02-uat_L3-0500,-1.799534,-59.269723,2012
Metax.rost.s.l.,Metaxya rostrata s.l.,0,GZ-02-uat_L3-0500,-1.799534,-59.269723,2012
Pityr.calo,Pityrogramma calomelanos,0,GZ-02-uat_L3-0500,-1.799534,-59.269723,2012
Polyb.caud,Polybotrya caudata,1,GZ-02-uat_L3-0500,-1.799534,-59.269723,2012
Polyb.sess,Polybotrya sessilisora,0,GZ-02-uat_L3-0500,-1.799534,-59.269723,2012
Pteri.pung,Pteris pungens,0,GZ-02-uat_L3-0500,-1.799534,-59.269723,2012
Pteris.tripart,Pteris tripartita,0,GZ-02-uat_L3-0500,-1.799534,-59.269723,2012
Sacco.inae,Saccoloma inaequale,0,GZ-02-uat_L3-0500,-1.799534,-59.269723,2012
Salpi.hook,Saplichlaena hookeriana,0,GZ-02-uat_L3-0500,-1.799534,-59.269723,2012
Schiz.eleg,Schizaea elegans,0,GZ-02-uat_L3-0500,-1.799534,-59.269723,2012
Selag.amaz,Selaginella amazonica,0,GZ-02-uat_L3-0500,-1.799534,-59.269723,2012
Selag.brey,Selaginella breynii,0,GZ-02-uat_L3-0500,-1.799534,-59.269723,2012
Selag.peda,Selaginella pedata,1,GZ-02-uat_L3-0500,-1.799534,-59.269723,2012
Selag.sp.G,Selaginella sp.,0,GZ-02-uat_L3-0500,-1.799534,-59.269723,2012
Tecta.inci,Tectaria incisa,1,GZ-02-uat_L3-0500,-1.799534,-59.269723,2012
Thely.abru,Thelypteris abrupta,0,GZ-02-uat_L3-0500,-1.799534,-59.269723,2012
Thely.macr,Thelypteris macrophylla,0,GZ-02-uat_L3-0500,-1.799534,-59.269723,2012
Thely.poit,Thelypteris poiteana,0,GZ-02-uat_L3-0500,-1.799534,-59.269723,2012
Trich.anke,Trichomanes ankersii,0,GZ-02-uat_L3-0500,-1.799534,-59.269723,2012
Trich.eleg,Davalliopsis elegans,0,GZ-02-uat_L3-0500,-1.799534,-59.269723,2012
Trich.pinn,Trichomanes pinnatum,1,GZ-02-uat_L3-0500,-1.799534,-59.269723,2012
Trich.radi,Vandenboschia radicans,0,GZ-02-uat_L3-0500,-1.799534,-59.269723,2012
Trich.trol,Trichomanes trolli,0,GZ-02-uat_L3-0500,-1.799534,-59.269723,2012
Trich.tuer,Trichomanes tuerkenheimii,0,GZ-02-uat_L3-0500,-1.799534,-59.269723,2012
Trich.vitt,Trichomanes vittaria,0,GZ-02-uat_L3-0500,-1.799534,-59.269723,2012
Tripl.spp,Triplophyllum sp.,5,GZ-02-uat_L3-0500,-1.799534,-59.269723,2012
Adian.argu,Adiantum argutum,0,GZ-02-uat_L3-1500,-1.799552,-59.260719,2012
Adian.caye,Adiantum cajennense,1,GZ-02-uat_L3-1500,-1.799552,-59.260719,2012
Adian.dolo,Adiantum dolosum,0,GZ-02-uat_L3-1500,-1.799552,-59.260719,2012
Adian.glau,Adiantum glaucescens,0,GZ-02-uat_L3-1500,-1.799552,-59.260719,2012
Adian.humi,Adiantum humile,1,GZ-02-uat_L3-1500,-1.799552,-59.260719,2012
Adian.obli,Adiantum obliquum,0,GZ-02-uat_L3-1500,-1.799552,-59.260719,2012
Adian.para.tuom,Adiantum paraense or Adiantum tuomistoanum,0,GZ-02-uat_L3-1500,-1.799552,-59.260719,2012
Adian.peti,Adiantum petiolatum,0,GZ-02-uat_L3-1500,-1.799552,-59.260719,2012
Adian.pulv,Adiantum pulverulentum,0,GZ-02-uat_L3-1500,-1.799552,-59.260719,2012
Adian.term,Adiantum terminatum,0,GZ-02-uat_L3-1500,-1.799552,-59.260719,2012
Adian.tome,Adiantum tomentosum,0,GZ-02-uat_L3-1500,-1.799552,-59.260719,2012
Asple.laet,Asplenium laetum,0,GZ-02-uat_L3-1500,-1.799552,-59.260719,2012
Bolbi.nico,Mickelia nicotianifolia,0,GZ-02-uat_L3-1500,-1.799552,-59.260719,2012
Bolbi.semi,Bolbitis semipinnatifida,0,GZ-02-uat_L3-1500,-1.799552,-59.260719,2012
Campy.repe,Campyloneurum repens,0,GZ-02-uat_L3-1500,-1.799552,-59.260719,2012
Cyath.pung,Cyathea pungens,0,GZ-02-uat_L3-1500,-1.799552,-59.260719,2012
cyath.sp.3G,Cyathea sp.,0,GZ-02-uat_L3-1500,-1.799552,-59.260719,2012
cyath.sp.G,Cyathea sp.,0,GZ-02-uat_L3-1500,-1.799552,-59.260719,2012
Cyclo.guia,Cyclodium guianensis,0,GZ-02-uat_L3-1500,-1.799552,-59.260719,2012
Cyclo.meni,Cyclodium meniscioides,0,GZ-02-uat_L3-1500,-1.799552,-59.260719,2012
Cyclo.semi,Cyclopeltis semicordata,0,GZ-02-uat_L3-1500,-1.799552,-59.260719,2012
Danaea.lepr,Danaea leprieurii,0,GZ-02-uat_L3-1500,-1.799552,-59.260719,2012
Danae.nodo,Danaea nodosa s.l.,0,GZ-02-uat_L3-1500,-1.799552,-59.260719,2012
Danae.trif,Danaea trifoliata,0,GZ-02-uat_L3-1500,-1.799552,-59.260719,2012
Dipla.cris,Diplazium cristatum,0,GZ-02-uat_L3-1500,-1.799552,-59.260719,2012
Dipla.gran,Diplazium grandifolium,0,GZ-02-uat_L3-1500,-1.799552,-59.260719,2012
Linds.lanc.f,Lindsaea falcata,0,GZ-02-uat_L3-1500,-1.799552,-59.260719,2012
Linds.lanc.l,Lindsaea lancea,0,GZ-02-uat_L3-1500,-1.799552,-59.260719,2012
Linds.sp9,Lindsaea sp.,0,GZ-02-uat_L3-1500,-1.799552,-59.260719,2012
Lomag.guia,Mickelia guianensis,1,GZ-02-uat_L3-1500,-1.799552,-59.260719,2012
lomar.japur.prie,Lomariopsis japurensis or Lomariopsis prieuriana,2,GZ-02-uat_L3-1500,-1.799552,-59.260719,2012
Lygod.volu,Lygodium volubile,0,GZ-02-uat_L3-1500,-1.799552,-59.260719,2012
Metax.rost.s.l.,Metaxya rostrata s.l.,0,GZ-02-uat_L3-1500,-1.799552,-59.260719,2012
Pityr.calo,Pityrogramma calomelanos,0,GZ-02-uat_L3-1500,-1.799552,-59.260719,2012
Polyb.caud,Polybotrya caudata,0,GZ-02-uat_L3-1500,-1.799552,-59.260719,2012
Polyb.sess,Polybotrya sessilisora,0,GZ-02-uat_L3-1500,-1.799552,-59.260719,2012
Pteri.pung,Pteris pungens,0,GZ-02-uat_L3-1500,-1.799552,-59.260719,2012
Pteris.tripart,Pteris tripartita,0,GZ-02-uat_L3-1500,-1.799552,-59.260719,2012
Sacco.inae,Saccoloma inaequale,0,GZ-02-uat_L3-1500,-1.799552,-59.260719,2012
Salpi.hook,Saplichlaena hookeriana,0,GZ-02-uat_L3-1500,-1.799552,-59.260719,2012
Schiz.eleg,Schizaea elegans,0,GZ-02-uat_L3-1500,-1.799552,-59.260719,2012
Selag.amaz,Selaginella amazonica,1,GZ-02-uat_L3-1500,-1.799552,-59.260719,2012
Selag.brey,Selaginella breynii,0,GZ-02-uat_L3-1500,-1.799552,-59.260719,2012
Selag.peda,Selaginella pedata,1,GZ-02-uat_L3-1500,-1.799552,-59.260719,2012
Selag.sp.G,Selaginella sp.,0,GZ-02-uat_L3-1500,-1.799552,-59.260719,2012
Tecta.inci,Tectaria incisa,0,GZ-02-uat_L3-1500,-1.799552,-59.260719,2012
Thely.abru,Thelypteris abrupta,0,GZ-02-uat_L3-1500,-1.799552,-59.260719,2012
Thely.macr,Thelypteris macrophylla,0,GZ-02-uat_L3-1500,-1.799552,-59.260719,2012
Thely.poit,Thelypteris poiteana,0,GZ-02-uat_L3-1500,-1.799552,-59.260719,2012
Trich.anke,Trichomanes ankersii,0,GZ-02-uat_L3-1500,-1.799552,-59.260719,2012
Trich.eleg,Davalliopsis elegans,0,GZ-02-uat_L3-1500,-1.799552,-59.260719,2012
Trich.pinn,Trichomanes pinnatum,0,GZ-02-uat_L3-1500,-1.799552,-59.260719,2012
Trich.radi,Vandenboschia radicans,0,GZ-02-uat_L3-1500,-1.799552,-59.260719,2012
Trich.trol,Trichomanes trolli,0,GZ-02-uat_L3-1500,-1.799552,-59.260719,2012
Trich.tuer,Trichomanes tuerkenheimii,0,GZ-02-uat_L3-1500,-1.799552,-59.260719,2012
Trich.vitt,Trichomanes vittaria,0,GZ-02-uat_L3-1500,-1.799552,-59.260719,2012
Tripl.spp,Triplophyllum sp.,1,GZ-02-uat_L3-1500,-1.799552,-59.260719,2012
Adian.argu,Adiantum argutum,1,GZ-02-uat_L3-2500,-1.799631,-59.251518,2012
Adian.caye,Adiantum cajennense,1,GZ-02-uat_L3-2500,-1.799631,-59.251518,2012
Adian.dolo,Adiantum dolosum,0,GZ-02-uat_L3-2500,-1.799631,-59.251518,2012
Adian.glau,Adiantum glaucescens,0,GZ-02-uat_L3-2500,-1.799631,-59.251518,2012
Adian.humi,Adiantum humile,0,GZ-02-uat_L3-2500,-1.799631,-59.251518,2012
Adian.obli,Adiantum obliquum,1,GZ-02-uat_L3-2500,-1.799631,-59.251518,2012
Adian.para.tuom,Adiantum paraense or Adiantum tuomistoanum,0,GZ-02-uat_L3-2500,-1.799631,-59.251518,2012
Adian.peti,Adiantum petiolatum,0,GZ-02-uat_L3-2500,-1.799631,-59.251518,2012
Adian.pulv,Adiantum pulverulentum,0,GZ-02-uat_L3-2500,-1.799631,-59.251518,2012
Adian.term,Adiantum terminatum,1,GZ-02-uat_L3-2500,-1.799631,-59.251518,2012
Adian.tome,Adiantum tomentosum,0,GZ-02-uat_L3-2500,-1.799631,-59.251518,2012
Asple.laet,Asplenium laetum,0,GZ-02-uat_L3-2500,-1.799631,-59.251518,2012
Bolbi.nico,Mickelia nicotianifolia,0,GZ-02-uat_L3-2500,-1.799631,-59.251518,2012
Bolbi.semi,Bolbitis semipinnatifida,0,GZ-02-uat_L3-2500,-1.799631,-59.251518,2012
Campy.repe,Campyloneurum repens,1,GZ-02-uat_L3-2500,-1.799631,-59.251518,2012
Cyath.pung,Cyathea pungens,0,GZ-02-uat_L3-2500,-1.799631,-59.251518,2012
cyath.sp.3G,Cyathea sp.,1,GZ-02-uat_L3-2500,-1.799631,-59.251518,2012
cyath.sp.G,Cyathea sp.,1,GZ-02-uat_L3-2500,-1.799631,-59.251518,2012
Cyclo.guia,Cyclodium guianensis,0,GZ-02-uat_L3-2500,-1.799631,-59.251518,2012
Cyclo.meni,Cyclodium meniscioides,0,GZ-02-uat_L3-2500,-1.799631,-59.251518,2012
Cyclo.semi,Cyclopeltis semicordata,0,GZ-02-uat_L3-2500,-1.799631,-59.251518,2012
Danaea.lepr,Danaea leprieurii,0,GZ-02-uat_L3-2500,-1.799631,-59.251518,2012
Danae.nodo,Danaea nodosa s.l.,1,GZ-02-uat_L3-2500,-1.799631,-59.251518,2012
Danae.trif,Danaea trifoliata,0,GZ-02-uat_L3-2500,-1.799631,-59.251518,2012
Dipla.cris,Diplazium cristatum,0,GZ-02-uat_L3-2500,-1.799631,-59.251518,2012
Dipla.gran,Diplazium grandifolium,0,GZ-02-uat_L3-2500,-1.799631,-59.251518,2012
Linds.lanc.f,Lindsaea falcata,1,GZ-02-uat_L3-2500,-1.799631,-59.251518,2012
Linds.lanc.l,Lindsaea lancea,1,GZ-02-uat_L3-2500,-1.799631,-59.251518,2012
Linds.sp9,Lindsaea sp.,1,GZ-02-uat_L3-2500,-1.799631,-59.251518,2012
Lomag.guia,Mickelia guianensis,1,GZ-02-uat_L3-2500,-1.799631,-59.251518,2012
lomar.japur.prie,Lomariopsis japurensis or Lomariopsis prieuriana,2,GZ-02-uat_L3-2500,-1.799631,-59.251518,2012
Lygod.volu,Lygodium volubile,0,GZ-02-uat_L3-2500,-1.799631,-59.251518,2012
Metax.rost.s.l.,Metaxya rostrata s.l.,0,GZ-02-uat_L3-2500,-1.799631,-59.251518,2012
Pityr.calo,Pityrogramma calomelanos,0,GZ-02-uat_L3-2500,-1.799631,-59.251518,2012
Polyb.caud,Polybotrya caudata,1,GZ-02-uat_L3-2500,-1.799631,-59.251518,2012
Polyb.sess,Polybotrya sessilisora,0,GZ-02-uat_L3-2500,-1.799631,-59.251518,2012
Pteri.pung,Pteris pungens,0,GZ-02-uat_L3-2500,-1.799631,-59.251518,2012
Pteris.tripart,Pteris tripartita,0,GZ-02-uat_L3-2500,-1.799631,-59.251518,2012
Sacco.inae,Saccoloma inaequale,1,GZ-02-uat_L3-2500,-1.799631,-59.251518,2012
Salpi.hook,Saplichlaena hookeriana,0,GZ-02-uat_L3-2500,-1.799631,-59.251518,2012
Schiz.eleg,Schizaea elegans,0,GZ-02-uat_L3-2500,-1.799631,-59.251518,2012
Selag.amaz,Selaginella amazonica,0,GZ-02-uat_L3-2500,-1.799631,-59.251518,2012
Selag.brey,Selaginella breynii,0,GZ-02-uat_L3-2500,-1.799631,-59.251518,2012
Selag.peda,Selaginella pedata,1,GZ-02-uat_L3-2500,-1.799631,-59.251518,2012
Selag.sp.G,Selaginella sp.,0,GZ-02-uat_L3-2500,-1.799631,-59.251518,2012
Tecta.inci,Tectaria incisa,0,GZ-02-uat_L3-2500,-1.799631,-59.251518,2012
Thely.abru,Thelypteris abrupta,0,GZ-02-uat_L3-2500,-1.799631,-59.251518,2012
Thely.macr,Thelypteris macrophylla,0,GZ-02-uat_L3-2500,-1.799631,-59.251518,2012
Thely.poit,Thelypteris poiteana,0,GZ-02-uat_L3-2500,-1.799631,-59.251518,2012
Trich.anke,Trichomanes ankersii,0,GZ-02-uat_L3-2500,-1.799631,-59.251518,2012
Trich.eleg,Davalliopsis elegans,0,GZ-02-uat_L3-2500,-1.799631,-59.251518,2012
Trich.pinn,Trichomanes pinnatum,1,GZ-02-uat_L3-2500,-1.799631,-59.251518,2012
Trich.radi,Vandenboschia radicans,0,GZ-02-uat_L3-2500,-1.799631,-59.251518,2012
Trich.trol,Trichomanes trolli,0,GZ-02-uat_L3-2500,-1.799631,-59.251518,2012
Trich.tuer,Trichomanes tuerkenheimii,0,GZ-02-uat_L3-2500,-1.799631,-59.251518,2012
Trich.vitt,Trichomanes vittaria,1,GZ-02-uat_L3-2500,-1.799631,-59.251518,2012
Tripl.spp,Triplophyllum sp.,3,GZ-02-uat_L3-2500,-1.799631,-59.251518,2012
Adian.argu,Adiantum argutum,0,GZ-02-uat_L3-3500,-1.7998,-59.242415,2012
Adian.caye,Adiantum cajennense,1,GZ-02-uat_L3-3500,-1.7998,-59.242415,2012
Adian.dolo,Adiantum dolosum,0,GZ-02-uat_L3-3500,-1.7998,-59.242415,2012
Adian.glau,Adiantum glaucescens,0,GZ-02-uat_L3-3500,-1.7998,-59.242415,2012
Adian.humi,Adiantum humile,0,GZ-02-uat_L3-3500,-1.7998,-59.242415,2012
Adian.obli,Adiantum obliquum,1,GZ-02-uat_L3-3500,-1.7998,-59.242415,2012
Adian.para.tuom,Adiantum paraense or Adiantum tuomistoanum,0,GZ-02-uat_L3-3500,-1.7998,-59.242415,2012
Adian.peti,Adiantum petiolatum,0,GZ-02-uat_L3-3500,-1.7998,-59.242415,2012
Adian.pulv,Adiantum pulverulentum,0,GZ-02-uat_L3-3500,-1.7998,-59.242415,2012
Adian.term,Adiantum terminatum,0,GZ-02-uat_L3-3500,-1.7998,-59.242415,2012
Adian.tome,Adiantum tomentosum,0,GZ-02-uat_L3-3500,-1.7998,-59.242415,2012
Asple.laet,Asplenium laetum,0,GZ-02-uat_L3-3500,-1.7998,-59.242415,2012
Bolbi.nico,Mickelia nicotianifolia,0,GZ-02-uat_L3-3500,-1.7998,-59.242415,2012
Bolbi.semi,Bolbitis semipinnatifida,0,GZ-02-uat_L3-3500,-1.7998,-59.242415,2012
Campy.repe,Campyloneurum repens,0,GZ-02-uat_L3-3500,-1.7998,-59.242415,2012
Cyath.pung,Cyathea pungens,0,GZ-02-uat_L3-3500,-1.7998,-59.242415,2012
cyath.sp.3G,Cyathea sp.,0,GZ-02-uat_L3-3500,-1.7998,-59.242415,2012
cyath.sp.G,Cyathea sp.,0,GZ-02-uat_L3-3500,-1.7998,-59.242415,2012
Cyclo.guia,Cyclodium guianensis,0,GZ-02-uat_L3-3500,-1.7998,-59.242415,2012
Cyclo.meni,Cyclodium meniscioides,0,GZ-02-uat_L3-3500,-1.7998,-59.242415,2012
Cyclo.semi,Cyclopeltis semicordata,0,GZ-02-uat_L3-3500,-1.7998,-59.242415,2012
Danaea.lepr,Danaea leprieurii,1,GZ-02-uat_L3-3500,-1.7998,-59.242415,2012
Danae.nodo,Danaea nodosa s.l.,0,GZ-02-uat_L3-3500,-1.7998,-59.242415,2012
Danae.trif,Danaea trifoliata,0,GZ-02-uat_L3-3500,-1.7998,-59.242415,2012
Dipla.cris,Diplazium cristatum,0,GZ-02-uat_L3-3500,-1.7998,-59.242415,2012
Dipla.gran,Diplazium grandifolium,0,GZ-02-uat_L3-3500,-1.7998,-59.242415,2012
Linds.lanc.f,Lindsaea falcata,0,GZ-02-uat_L3-3500,-1.7998,-59.242415,2012
Linds.lanc.l,Lindsaea lancea,1,GZ-02-uat_L3-3500,-1.7998,-59.242415,2012
Linds.sp9,Lindsaea sp.,1,GZ-02-uat_L3-3500,-1.7998,-59.242415,2012
Lomag.guia,Mickelia guianensis,1,GZ-02-uat_L3-3500,-1.7998,-59.242415,2012
lomar.japur.prie,Lomariopsis japurensis or Lomariopsis prieuriana,2,GZ-02-uat_L3-3500,-1.7998,-59.242415,2012
Lygod.volu,Lygodium volubile,0,GZ-02-uat_L3-3500,-1.7998,-59.242415,2012
Metax.rost.s.l.,Metaxya rostrata s.l.,0,GZ-02-uat_L3-3500,-1.7998,-59.242415,2012
Pityr.calo,Pityrogramma calomelanos,0,GZ-02-uat_L3-3500,-1.7998,-59.242415,2012
Polyb.caud,Polybotrya caudata,1,GZ-02-uat_L3-3500,-1.7998,-59.242415,2012
Polyb.sess,Polybotrya sessilisora,1,GZ-02-uat_L3-3500,-1.7998,-59.242415,2012
Pteri.pung,Pteris pungens,0,GZ-02-uat_L3-3500,-1.7998,-59.242415,2012
Pteris.tripart,Pteris tripartita,0,GZ-02-uat_L3-3500,-1.7998,-59.242415,2012
Sacco.inae,Saccoloma inaequale,0,GZ-02-uat_L3-3500,-1.7998,-59.242415,2012
Salpi.hook,Saplichlaena hookeriana,0,GZ-02-uat_L3-3500,-1.7998,-59.242415,2012
Schiz.eleg,Schizaea elegans,0,GZ-02-uat_L3-3500,-1.7998,-59.242415,2012
Selag.amaz,Selaginella amazonica,0,GZ-02-uat_L3-3500,-1.7998,-59.242415,2012
Selag.brey,Selaginella breynii,0,GZ-02-uat_L3-3500,-1.7998,-59.242415,2012
Selag.peda,Selaginella pedata,1,GZ-02-uat_L3-3500,-1.7998,-59.242415,2012
Selag.sp.G,Selaginella sp.,0,GZ-02-uat_L3-3500,-1.7998,-59.242415,2012
Tecta.inci,Tectaria incisa,0,GZ-02-uat_L3-3500,-1.7998,-59.242415,2012
Thely.abru,Thelypteris abrupta,0,GZ-02-uat_L3-3500,-1.7998,-59.242415,2012
Thely.macr,Thelypteris macrophylla,0,GZ-02-uat_L3-3500,-1.7998,-59.242415,2012
Thely.poit,Thelypteris poiteana,0,GZ-02-uat_L3-3500,-1.7998,-59.242415,2012
Trich.anke,Trichomanes ankersii,0,GZ-02-uat_L3-3500,-1.7998,-59.242415,2012
Trich.eleg,Davalliopsis elegans,0,GZ-02-uat_L3-3500,-1.7998,-59.242415,2012
Trich.pinn,Trichomanes pinnatum,1,GZ-02-uat_L3-3500,-1.7998,-59.242415,2012
Trich.radi,Vandenboschia radicans,0,GZ-02-uat_L3-3500,-1.7998,-59.242415,2012
Trich.trol,Trichomanes trolli,0,GZ-02-uat_L3-3500,-1.7998,-59.242415,2012
Trich.tuer,Trichomanes tuerkenheimii,0,GZ-02-uat_L3-3500,-1.7998,-59.242415,2012
Trich.vitt,Trichomanes vittaria,1,GZ-02-uat_L3-3500,-1.7998,-59.242415,2012
Tripl.spp,Triplophyllum sp.,3,GZ-02-uat_L3-3500,-1.7998,-59.242415,2012
Adian.argu,Adiantum argutum,0,GZ-02-uat_L3-4500,-1.799733,-59.233604,2012
Adian.caye,Adiantum cajennense,1,GZ-02-uat_L3-4500,-1.799733,-59.233604,2012
Adian.dolo,Adiantum dolosum,0,GZ-02-uat_L3-4500,-1.799733,-59.233604,2012
Adian.glau,Adiantum glaucescens,0,GZ-02-uat_L3-4500,-1.799733,-59.233604,2012
Adian.humi,Adiantum humile,0,GZ-02-uat_L3-4500,-1.799733,-59.233604,2012
Adian.obli,Adiantum obliquum,1,GZ-02-uat_L3-4500,-1.799733,-59.233604,2012
Adian.para.tuom,Adiantum paraense or Adiantum tuomistoanum,0,GZ-02-uat_L3-4500,-1.799733,-59.233604,2012
Adian.peti,Adiantum petiolatum,0,GZ-02-uat_L3-4500,-1.799733,-59.233604,2012
Adian.pulv,Adiantum pulverulentum,0,GZ-02-uat_L3-4500,-1.799733,-59.233604,2012
Adian.term,Adiantum terminatum,1,GZ-02-uat_L3-4500,-1.799733,-59.233604,2012
Adian.tome,Adiantum tomentosum,1,GZ-02-uat_L3-4500,-1.799733,-59.233604,2012
Asple.laet,Asplenium laetum,0,GZ-02-uat_L3-4500,-1.799733,-59.233604,2012
Bolbi.nico,Mickelia nicotianifolia,0,GZ-02-uat_L3-4500,-1.799733,-59.233604,2012
Bolbi.semi,Bolbitis semipinnatifida,0,GZ-02-uat_L3-4500,-1.799733,-59.233604,2012
Campy.repe,Campyloneurum repens,0,GZ-02-uat_L3-4500,-1.799733,-59.233604,2012
Cyath.pung,Cyathea pungens,0,GZ-02-uat_L3-4500,-1.799733,-59.233604,2012
cyath.sp.3G,Cyathea sp.,0,GZ-02-uat_L3-4500,-1.799733,-59.233604,2012
cyath.sp.G,Cyathea sp.,1,GZ-02-uat_L3-4500,-1.799733,-59.233604,2012
Cyclo.guia,Cyclodium guianensis,0,GZ-02-uat_L3-4500,-1.799733,-59.233604,2012
Cyclo.meni,Cyclodium meniscioides,1,GZ-02-uat_L3-4500,-1.799733,-59.233604,2012
Cyclo.semi,Cyclopeltis semicordata,0,GZ-02-uat_L3-4500,-1.799733,-59.233604,2012
Danaea.lepr,Danaea leprieurii,0,GZ-02-uat_L3-4500,-1.799733,-59.233604,2012
Danae.nodo,Danaea nodosa s.l.,0,GZ-02-uat_L3-4500,-1.799733,-59.233604,2012
Danae.trif,Danaea trifoliata,1,GZ-02-uat_L3-4500,-1.799733,-59.233604,2012
Dipla.cris,Diplazium cristatum,0,GZ-02-uat_L3-4500,-1.799733,-59.233604,2012
Dipla.gran,Diplazium grandifolium,0,GZ-02-uat_L3-4500,-1.799733,-59.233604,2012
Linds.lanc.f,Lindsaea falcata,1,GZ-02-uat_L3-4500,-1.799733,-59.233604,2012
Linds.lanc.l,Lindsaea lancea,1,GZ-02-uat_L3-4500,-1.799733,-59.233604,2012
Linds.sp9,Lindsaea sp.,1,GZ-02-uat_L3-4500,-1.799733,-59.233604,2012
Lomag.guia,Mickelia guianensis,1,GZ-02-uat_L3-4500,-1.799733,-59.233604,2012
lomar.japur.prie,Lomariopsis japurensis or Lomariopsis prieuriana,2,GZ-02-uat_L3-4500,-1.799733,-59.233604,2012
Lygod.volu,Lygodium volubile,0,GZ-02-uat_L3-4500,-1.799733,-59.233604,2012
Metax.rost.s.l.,Metaxya rostrata s.l.,1,GZ-02-uat_L3-4500,-1.799733,-59.233604,2012
Pityr.calo,Pityrogramma calomelanos,0,GZ-02-uat_L3-4500,-1.799733,-59.233604,2012
Polyb.caud,Polybotrya caudata,0,GZ-02-uat_L3-4500,-1.799733,-59.233604,2012
Polyb.sess,Polybotrya sessilisora,1,GZ-02-uat_L3-4500,-1.799733,-59.233604,2012
Pteri.pung,Pteris pungens,0,GZ-02-uat_L3-4500,-1.799733,-59.233604,2012
Pteris.tripart,Pteris tripartita,0,GZ-02-uat_L3-4500,-1.799733,-59.233604,2012
Sacco.inae,Saccoloma inaequale,0,GZ-02-uat_L3-4500,-1.799733,-59.233604,2012
Salpi.hook,Saplichlaena hookeriana,1,GZ-02-uat_L3-4500,-1.799733,-59.233604,2012
Schiz.eleg,Schizaea elegans,0,GZ-02-uat_L3-4500,-1.799733,-59.233604,2012
Selag.amaz,Selaginella amazonica,0,GZ-02-uat_L3-4500,-1.799733,-59.233604,2012
Selag.brey,Selaginella breynii,0,GZ-02-uat_L3-4500,-1.799733,-59.233604,2012
Selag.peda,Selaginella pedata,1,GZ-02-uat_L3-4500,-1.799733,-59.233604,2012
Selag.sp.G,Selaginella sp.,0,GZ-02-uat_L3-4500,-1.799733,-59.233604,2012
Tecta.inci,Tectaria incisa,0,GZ-02-uat_L3-4500,-1.799733,-59.233604,2012
Thely.abru,Thelypteris abrupta,0,GZ-02-uat_L3-4500,-1.799733,-59.233604,2012
Thely.macr,Thelypteris macrophylla,0,GZ-02-uat_L3-4500,-1.799733,-59.233604,2012
Thely.poit,Thelypteris poiteana,0,GZ-02-uat_L3-4500,-1.799733,-59.233604,2012
Trich.anke,Trichomanes ankersii,0,GZ-02-uat_L3-4500,-1.799733,-59.233604,2012
Trich.eleg,Davalliopsis elegans,0,GZ-02-uat_L3-4500,-1.799733,-59.233604,2012
Trich.pinn,Trichomanes pinnatum,1,GZ-02-uat_L3-4500,-1.799733,-59.233604,2012
Trich.radi,Vandenboschia radicans,0,GZ-02-uat_L3-4500,-1.799733,-59.233604,2012
Trich.trol,Trichomanes trolli,0,GZ-02-uat_L3-4500,-1.799733,-59.233604,2012
Trich.tuer,Trichomanes tuerkenheimii,1,GZ-02-uat_L3-4500,-1.799733,-59.233604,2012
Trich.vitt,Trichomanes vittaria,0,GZ-02-uat_L3-4500,-1.799733,-59.233604,2012
Tripl.spp,Triplophyllum sp.,2,GZ-02-uat_L3-4500,-1.799733,-59.233604,2012
Adian.argu,Adiantum argutum,1,GZ-02-uat_L4-0500,-1.808126,-59.26967,2012
Adian.caye,Adiantum cajennense,1,GZ-02-uat_L4-0500,-1.808126,-59.26967,2012
Adian.dolo,Adiantum dolosum,1,GZ-02-uat_L4-0500,-1.808126,-59.26967,2012
Adian.glau,Adiantum glaucescens,1,GZ-02-uat_L4-0500,-1.808126,-59.26967,2012
Adian.humi,Adiantum humile,1,GZ-02-uat_L4-0500,-1.808126,-59.26967,2012
Adian.obli,Adiantum obliquum,1,GZ-02-uat_L4-0500,-1.808126,-59.26967,2012
Adian.para.tuom,Adiantum paraense or Adiantum tuomistoanum,0,GZ-02-uat_L4-0500,-1.808126,-59.26967,2012
Adian.peti,Adiantum petiolatum,0,GZ-02-uat_L4-0500,-1.808126,-59.26967,2012
Adian.pulv,Adiantum pulverulentum,0,GZ-02-uat_L4-0500,-1.808126,-59.26967,2012
Adian.term,Adiantum terminatum,1,GZ-02-uat_L4-0500,-1.808126,-59.26967,2012
Adian.tome,Adiantum tomentosum,0,GZ-02-uat_L4-0500,-1.808126,-59.26967,2012
Asple.laet,Asplenium laetum,1,GZ-02-uat_L4-0500,-1.808126,-59.26967,2012
Bolbi.nico,Mickelia nicotianifolia,1,GZ-02-uat_L4-0500,-1.808126,-59.26967,2012
Bolbi.semi,Bolbitis semipinnatifida,1,GZ-02-uat_L4-0500,-1.808126,-59.26967,2012
Campy.repe,Campyloneurum repens,0,GZ-02-uat_L4-0500,-1.808126,-59.26967,2012
Cyath.pung,Cyathea pungens,0,GZ-02-uat_L4-0500,-1.808126,-59.26967,2012
cyath.sp.3G,Cyathea sp.,0,GZ-02-uat_L4-0500,-1.808126,-59.26967,2012
cyath.sp.G,Cyathea sp.,0,GZ-02-uat_L4-0500,-1.808126,-59.26967,2012
Cyclo.guia,Cyclodium guianensis,1,GZ-02-uat_L4-0500,-1.808126,-59.26967,2012
Cyclo.meni,Cyclodium meniscioides,0,GZ-02-uat_L4-0500,-1.808126,-59.26967,2012
Cyclo.semi,Cyclopeltis semicordata,0,GZ-02-uat_L4-0500,-1.808126,-59.26967,2012
Danaea.lepr,Danaea leprieurii,1,GZ-02-uat_L4-0500,-1.808126,-59.26967,2012
Danae.nodo,Danaea nodosa s.l.,1,GZ-02-uat_L4-0500,-1.808126,-59.26967,2012
Danae.trif,Danaea trifoliata,0,GZ-02-uat_L4-0500,-1.808126,-59.26967,2012
Dipla.cris,Diplazium cristatum,0,GZ-02-uat_L4-0500,-1.808126,-59.26967,2012
Dipla.gran,Diplazium grandifolium,0,GZ-02-uat_L4-0500,-1.808126,-59.26967,2012
Linds.lanc.f,Lindsaea falcata,0,GZ-02-uat_L4-0500,-1.808126,-59.26967,2012
Linds.lanc.l,Lindsaea lancea,0,GZ-02-uat_L4-0500,-1.808126,-59.26967,2012
Linds.sp9,Lindsaea sp.,0,GZ-02-uat_L4-0500,-1.808126,-59.26967,2012
Lomag.guia,Mickelia guianensis,1,GZ-02-uat_L4-0500,-1.808126,-59.26967,2012
lomar.japur.prie,Lomariopsis japurensis or Lomariopsis prieuriana,1,GZ-02-uat_L4-0500,-1.808126,-59.26967,2012
Lygod.volu,Lygodium volubile,0,GZ-02-uat_L4-0500,-1.808126,-59.26967,2012
Metax.rost.s.l.,Metaxya rostrata s.l.,1,GZ-02-uat_L4-0500,-1.808126,-59.26967,2012
Pityr.calo,Pityrogramma calomelanos,0,GZ-02-uat_L4-0500,-1.808126,-59.26967,2012
Polyb.caud,Polybotrya caudata,1,GZ-02-uat_L4-0500,-1.808126,-59.26967,2012
Polyb.sess,Polybotrya sessilisora,0,GZ-02-uat_L4-0500,-1.808126,-59.26967,2012
Pteri.pung,Pteris pungens,0,GZ-02-uat_L4-0500,-1.808126,-59.26967,2012
Pteris.tripart,Pteris tripartita,0,GZ-02-uat_L4-0500,-1.808126,-59.26967,2012
Sacco.inae,Saccoloma inaequale,1,GZ-02-uat_L4-0500,-1.808126,-59.26967,2012
Salpi.hook,Saplichlaena hookeriana,0,GZ-02-uat_L4-0500,-1.808126,-59.26967,2012
Schiz.eleg,Schizaea elegans,0,GZ-02-uat_L4-0500,-1.808126,-59.26967,2012
Selag.amaz,Selaginella amazonica,1,GZ-02-uat_L4-0500,-1.808126,-59.26967,2012
Selag.brey,Selaginella breynii,0,GZ-02-uat_L4-0500,-1.808126,-59.26967,2012
Selag.peda,Selaginella pedata,1,GZ-02-uat_L4-0500,-1.808126,-59.26967,2012
Selag.sp.G,Selaginella sp.,0,GZ-02-uat_L4-0500,-1.808126,-59.26967,2012
Tecta.inci,Tectaria incisa,1,GZ-02-uat_L4-0500,-1.808126,-59.26967,2012
Thely.abru,Thelypteris abrupta,1,GZ-02-uat_L4-0500,-1.808126,-59.26967,2012
Thely.macr,Thelypteris macrophylla,0,GZ-02-uat_L4-0500,-1.808126,-59.26967,2012
Thely.poit,Thelypteris poiteana,0,GZ-02-uat_L4-0500,-1.808126,-59.26967,2012
Trich.anke,Trichomanes ankersii,0,GZ-02-uat_L4-0500,-1.808126,-59.26967,2012
Trich.eleg,Davalliopsis elegans,1,GZ-02-uat_L4-0500,-1.808126,-59.26967,2012
Trich.pinn,Trichomanes pinnatum,1,GZ-02-uat_L4-0500,-1.808126,-59.26967,2012
Trich.radi,Vandenboschia radicans,0,GZ-02-uat_L4-0500,-1.808126,-59.26967,2012
Trich.trol,Trichomanes trolli,1,GZ-02-uat_L4-0500,-1.808126,-59.26967,2012
Trich.tuer,Trichomanes tuerkenheimii,0,GZ-02-uat_L4-0500,-1.808126,-59.26967,2012
Trich.vitt,Trichomanes vittaria,0,GZ-02-uat_L4-0500,-1.808126,-59.26967,2012
Tripl.spp,Triplophyllum sp.,2,GZ-02-uat_L4-0500,-1.808126,-59.26967,2012
Adian.argu,Adiantum argutum,0,GZ-02-uat_L4-1500,-1.80825,-59.26034,2012
Adian.caye,Adiantum cajennense,1,GZ-02-uat_L4-1500,-1.80825,-59.26034,2012
Adian.dolo,Adiantum dolosum,0,GZ-02-uat_L4-1500,-1.80825,-59.26034,2012
Adian.glau,Adiantum glaucescens,0,GZ-02-uat_L4-1500,-1.80825,-59.26034,2012
Adian.humi,Adiantum humile,0,GZ-02-uat_L4-1500,-1.80825,-59.26034,2012
Adian.obli,Adiantum obliquum,1,GZ-02-uat_L4-1500,-1.80825,-59.26034,2012
Adian.para.tuom,Adiantum paraense or Adiantum tuomistoanum,0,GZ-02-uat_L4-1500,-1.80825,-59.26034,2012
Adian.peti,Adiantum petiolatum,0,GZ-02-uat_L4-1500,-1.80825,-59.26034,2012
Adian.pulv,Adiantum pulverulentum,0,GZ-02-uat_L4-1500,-1.80825,-59.26034,2012
Adian.term,Adiantum terminatum,1,GZ-02-uat_L4-1500,-1.80825,-59.26034,2012
Adian.tome,Adiantum tomentosum,1,GZ-02-uat_L4-1500,-1.80825,-59.26034,2012
Asple.laet,Asplenium laetum,0,GZ-02-uat_L4-1500,-1.80825,-59.26034,2012
Bolbi.nico,Mickelia nicotianifolia,0,GZ-02-uat_L4-1500,-1.80825,-59.26034,2012
Bolbi.semi,Bolbitis semipinnatifida,0,GZ-02-uat_L4-1500,-1.80825,-59.26034,2012
Campy.repe,Campyloneurum repens,0,GZ-02-uat_L4-1500,-1.80825,-59.26034,2012
Cyath.pung,Cyathea pungens,1,GZ-02-uat_L4-1500,-1.80825,-59.26034,2012
cyath.sp.3G,Cyathea sp.,0,GZ-02-uat_L4-1500,-1.80825,-59.26034,2012
cyath.sp.G,Cyathea sp.,0,GZ-02-uat_L4-1500,-1.80825,-59.26034,2012
Cyclo.guia,Cyclodium guianensis,0,GZ-02-uat_L4-1500,-1.80825,-59.26034,2012
Cyclo.meni,Cyclodium meniscioides,0,GZ-02-uat_L4-1500,-1.80825,-59.26034,2012
Cyclo.semi,Cyclopeltis semicordata,0,GZ-02-uat_L4-1500,-1.80825,-59.26034,2012
Danaea.lepr,Danaea leprieurii,0,GZ-02-uat_L4-1500,-1.80825,-59.26034,2012
Danae.nodo,Danaea nodosa s.l.,0,GZ-02-uat_L4-1500,-1.80825,-59.26034,2012
Danae.trif,Danaea trifoliata,1,GZ-02-uat_L4-1500,-1.80825,-59.26034,2012
Dipla.cris,Diplazium cristatum,0,GZ-02-uat_L4-1500,-1.80825,-59.26034,2012
Dipla.gran,Diplazium grandifolium,0,GZ-02-uat_L4-1500,-1.80825,-59.26034,2012
Linds.lanc.f,Lindsaea falcata,0,GZ-02-uat_L4-1500,-1.80825,-59.26034,2012
Linds.lanc.l,Lindsaea lancea,1,GZ-02-uat_L4-1500,-1.80825,-59.26034,2012
Linds.sp9,Lindsaea sp.,0,GZ-02-uat_L4-1500,-1.80825,-59.26034,2012
Lomag.guia,Mickelia guianensis,1,GZ-02-uat_L4-1500,-1.80825,-59.26034,2012
lomar.japur.prie,Lomariopsis japurensis or Lomariopsis prieuriana,2,GZ-02-uat_L4-1500,-1.80825,-59.26034,2012
Lygod.volu,Lygodium volubile,0,GZ-02-uat_L4-1500,-1.80825,-59.26034,2012
Metax.rost.s.l.,Metaxya rostrata s.l.,0,GZ-02-uat_L4-1500,-1.80825,-59.26034,2012
Pityr.calo,Pityrogramma calomelanos,0,GZ-02-uat_L4-1500,-1.80825,-59.26034,2012
Polyb.caud,Polybotrya caudata,1,GZ-02-uat_L4-1500,-1.80825,-59.26034,2012
Polyb.sess,Polybotrya sessilisora,1,GZ-02-uat_L4-1500,-1.80825,-59.26034,2012
Pteri.pung,Pteris pungens,0,GZ-02-uat_L4-1500,-1.80825,-59.26034,2012
Pteris.tripart,Pteris tripartita,0,GZ-02-uat_L4-1500,-1.80825,-59.26034,2012
Sacco.inae,Saccoloma inaequale,0,GZ-02-uat_L4-1500,-1.80825,-59.26034,2012
Salpi.hook,Saplichlaena hookeriana,0,GZ-02-uat_L4-1500,-1.80825,-59.26034,2012
Schiz.eleg,Schizaea elegans,0,GZ-02-uat_L4-1500,-1.80825,-59.26034,2012
Selag.amaz,Selaginella amazonica,1,GZ-02-uat_L4-1500,-1.80825,-59.26034,2012
Selag.brey,Selaginella breynii,0,GZ-02-uat_L4-1500,-1.80825,-59.26034,2012
Selag.peda,Selaginella pedata,1,GZ-02-uat_L4-1500,-1.80825,-59.26034,2012
Selag.sp.G,Selaginella sp.,0,GZ-02-uat_L4-1500,-1.80825,-59.26034,2012
Tecta.inci,Tectaria incisa,0,GZ-02-uat_L4-1500,-1.80825,-59.26034,2012
Thely.abru,Thelypteris abrupta,0,GZ-02-uat_L4-1500,-1.80825,-59.26034,2012
Thely.macr,Thelypteris macrophylla,0,GZ-02-uat_L4-1500,-1.80825,-59.26034,2012
Thely.poit,Thelypteris poiteana,0,GZ-02-uat_L4-1500,-1.80825,-59.26034,2012
Trich.anke,Trichomanes ankersii,0,GZ-02-uat_L4-1500,-1.80825,-59.26034,2012
Trich.eleg,Davalliopsis elegans,0,GZ-02-uat_L4-1500,-1.80825,-59.26034,2012
Trich.pinn,Trichomanes pinnatum,1,GZ-02-uat_L4-1500,-1.80825,-59.26034,2012
Trich.radi,Vandenboschia radicans,0,GZ-02-uat_L4-1500,-1.80825,-59.26034,2012
Trich.trol,Trichomanes trolli,0,GZ-02-uat_L4-1500,-1.80825,-59.26034,2012
Trich.tuer,Trichomanes tuerkenheimii,0,GZ-02-uat_L4-1500,-1.80825,-59.26034,2012
Trich.vitt,Trichomanes vittaria,1,GZ-02-uat_L4-1500,-1.80825,-59.26034,2012
Tripl.spp,Triplophyllum sp.,2,GZ-02-uat_L4-1500,-1.80825,-59.26034,2012
Adian.argu,Adiantum argutum,0,GZ-02-uat_L4-2500,-1.80838,-59.251607,2012
Adian.caye,Adiantum cajennense,1,GZ-02-uat_L4-2500,-1.80838,-59.251607,2012
Adian.dolo,Adiantum dolosum,0,GZ-02-uat_L4-2500,-1.80838,-59.251607,2012
Adian.glau,Adiantum glaucescens,1,GZ-02-uat_L4-2500,-1.80838,-59.251607,2012
Adian.humi,Adiantum humile,0,GZ-02-uat_L4-2500,-1.80838,-59.251607,2012
Adian.obli,Adiantum obliquum,0,GZ-02-uat_L4-2500,-1.80838,-59.251607,2012
Adian.para.tuom,Adiantum paraense or Adiantum tuomistoanum,1,GZ-02-uat_L4-2500,-1.80838,-59.251607,2012
Adian.peti,Adiantum petiolatum,0,GZ-02-uat_L4-2500,-1.80838,-59.251607,2012
Adian.pulv,Adiantum pulverulentum,0,GZ-02-uat_L4-2500,-1.80838,-59.251607,2012
Adian.term,Adiantum terminatum,0,GZ-02-uat_L4-2500,-1.80838,-59.251607,2012
Adian.tome,Adiantum tomentosum,0,GZ-02-uat_L4-2500,-1.80838,-59.251607,2012
Asple.laet,Asplenium laetum,0,GZ-02-uat_L4-2500,-1.80838,-59.251607,2012
Bolbi.nico,Mickelia nicotianifolia,0,GZ-02-uat_L4-2500,-1.80838,-59.251607,2012
Bolbi.semi,Bolbitis semipinnatifida,0,GZ-02-uat_L4-2500,-1.80838,-59.251607,2012
Campy.repe,Campyloneurum repens,0,GZ-02-uat_L4-2500,-1.80838,-59.251607,2012
Cyath.pung,Cyathea pungens,0,GZ-02-uat_L4-2500,-1.80838,-59.251607,2012
cyath.sp.3G,Cyathea sp.,0,GZ-02-uat_L4-2500,-1.80838,-59.251607,2012
cyath.sp.G,Cyathea sp.,0,GZ-02-uat_L4-2500,-1.80838,-59.251607,2012
Cyclo.guia,Cyclodium guianensis,0,GZ-02-uat_L4-2500,-1.80838,-59.251607,2012
Cyclo.meni,Cyclodium meniscioides,0,GZ-02-uat_L4-2500,-1.80838,-59.251607,2012
Cyclo.semi,Cyclopeltis semicordata,0,GZ-02-uat_L4-2500,-1.80838,-59.251607,2012
Danaea.lepr,Danaea leprieurii,0,GZ-02-uat_L4-2500,-1.80838,-59.251607,2012
Danae.nodo,Danaea nodosa s.l.,0,GZ-02-uat_L4-2500,-1.80838,-59.251607,2012
Danae.trif,Danaea trifoliata,0,GZ-02-uat_L4-2500,-1.80838,-59.251607,2012
Dipla.cris,Diplazium cristatum,0,GZ-02-uat_L4-2500,-1.80838,-59.251607,2012
Dipla.gran,Diplazium grandifolium,0,GZ-02-uat_L4-2500,-1.80838,-59.251607,2012
Linds.lanc.f,Lindsaea falcata,0,GZ-02-uat_L4-2500,-1.80838,-59.251607,2012
Linds.lanc.l,Lindsaea lancea,1,GZ-02-uat_L4-2500,-1.80838,-59.251607,2012
Linds.sp9,Lindsaea sp.,1,GZ-02-uat_L4-2500,-1.80838,-59.251607,2012
Lomag.guia,Mickelia guianensis,1,GZ-02-uat_L4-2500,-1.80838,-59.251607,2012
lomar.japur.prie,Lomariopsis japurensis or Lomariopsis prieuriana,1,GZ-02-uat_L4-2500,-1.80838,-59.251607,2012
Lygod.volu,Lygodium volubile,0,GZ-02-uat_L4-2500,-1.80838,-59.251607,2012
Metax.rost.s.l.,Metaxya rostrata s.l.,0,GZ-02-uat_L4-2500,-1.80838,-59.251607,2012
Pityr.calo,Pityrogramma calomelanos,0,GZ-02-uat_L4-2500,-1.80838,-59.251607,2012
Polyb.caud,Polybotrya caudata,0,GZ-02-uat_L4-2500,-1.80838,-59.251607,2012
Polyb.sess,Polybotrya sessilisora,0,GZ-02-uat_L4-2500,-1.80838,-59.251607,2012
Pteri.pung,Pteris pungens,0,GZ-02-uat_L4-2500,-1.80838,-59.251607,2012
Pteris.tripart,Pteris tripartita,0,GZ-02-uat_L4-2500,-1.80838,-59.251607,2012
Sacco.inae,Saccoloma inaequale,0,GZ-02-uat_L4-2500,-1.80838,-59.251607,2012
Salpi.hook,Saplichlaena hookeriana,0,GZ-02-uat_L4-2500,-1.80838,-59.251607,2012
Schiz.eleg,Schizaea elegans,0,GZ-02-uat_L4-2500,-1.80838,-59.251607,2012
Selag.amaz,Selaginella amazonica,0,GZ-02-uat_L4-2500,-1.80838,-59.251607,2012
Selag.brey,Selaginella breynii,0,GZ-02-uat_L4-2500,-1.80838,-59.251607,2012
Selag.peda,Selaginella pedata,1,GZ-02-uat_L4-2500,-1.80838,-59.251607,2012
Selag.sp.G,Selaginella sp.,0,GZ-02-uat_L4-2500,-1.80838,-59.251607,2012
Tecta.inci,Tectaria incisa,0,GZ-02-uat_L4-2500,-1.80838,-59.251607,2012
Thely.abru,Thelypteris abrupta,0,GZ-02-uat_L4-2500,-1.80838,-59.251607,2012
Thely.macr,Thelypteris macrophylla,0,GZ-02-uat_L4-2500,-1.80838,-59.251607,2012
Thely.poit,Thelypteris poiteana,0,GZ-02-uat_L4-2500,-1.80838,-59.251607,2012
Trich.anke,Trichomanes ankersii,0,GZ-02-uat_L4-2500,-1.80838,-59.251607,2012
Trich.eleg,Davalliopsis elegans,0,GZ-02-uat_L4-2500,-1.80838,-59.251607,2012
Trich.pinn,Trichomanes pinnatum,1,GZ-02-uat_L4-2500,-1.80838,-59.251607,2012
Trich.radi,Vandenboschia radicans,0,GZ-02-uat_L4-2500,-1.80838,-59.251607,2012
Trich.trol,Trichomanes trolli,0,GZ-02-uat_L4-2500,-1.80838,-59.251607,2012
Trich.tuer,Trichomanes tuerkenheimii,0,GZ-02-uat_L4-2500,-1.80838,-59.251607,2012
Trich.vitt,Trichomanes vittaria,1,GZ-02-uat_L4-2500,-1.80838,-59.251607,2012
Tripl.spp,Triplophyllum sp.,0,GZ-02-uat_L4-2500,-1.80838,-59.251607,2012
Adian.argu,Adiantum argutum,0,GZ-02-uat_L4-3500,-1.808392,-59.242148,2012
Adian.caye,Adiantum cajennense,1,GZ-02-uat_L4-3500,-1.808392,-59.242148,2012
Adian.dolo,Adiantum dolosum,0,GZ-02-uat_L4-3500,-1.808392,-59.242148,2012
Adian.glau,Adiantum glaucescens,0,GZ-02-uat_L4-3500,-1.808392,-59.242148,2012
Adian.humi,Adiantum humile,0,GZ-02-uat_L4-3500,-1.808392,-59.242148,2012
Adian.obli,Adiantum obliquum,0,GZ-02-uat_L4-3500,-1.808392,-59.242148,2012
Adian.para.tuom,Adiantum paraense or Adiantum tuomistoanum,1,GZ-02-uat_L4-3500,-1.808392,-59.242148,2012
Adian.peti,Adiantum petiolatum,0,GZ-02-uat_L4-3500,-1.808392,-59.242148,2012
Adian.pulv,Adiantum pulverulentum,0,GZ-02-uat_L4-3500,-1.808392,-59.242148,2012
Adian.term,Adiantum terminatum,0,GZ-02-uat_L4-3500,-1.808392,-59.242148,2012
Adian.tome,Adiantum tomentosum,0,GZ-02-uat_L4-3500,-1.808392,-59.242148,2012
Asple.laet,Asplenium laetum,0,GZ-02-uat_L4-3500,-1.808392,-59.242148,2012
Bolbi.nico,Mickelia nicotianifolia,0,GZ-02-uat_L4-3500,-1.808392,-59.242148,2012
Bolbi.semi,Bolbitis semipinnatifida,0,GZ-02-uat_L4-3500,-1.808392,-59.242148,2012
Campy.repe,Campyloneurum repens,0,GZ-02-uat_L4-3500,-1.808392,-59.242148,2012
Cyath.pung,Cyathea pungens,0,GZ-02-uat_L4-3500,-1.808392,-59.242148,2012
cyath.sp.3G,Cyathea sp.,0,GZ-02-uat_L4-3500,-1.808392,-59.242148,2012
cyath.sp.G,Cyathea sp.,0,GZ-02-uat_L4-3500,-1.808392,-59.242148,2012
Cyclo.guia,Cyclodium guianensis,0,GZ-02-uat_L4-3500,-1.808392,-59.242148,2012
Cyclo.meni,Cyclodium meniscioides,0,GZ-02-uat_L4-3500,-1.808392,-59.242148,2012
Cyclo.semi,Cyclopeltis semicordata,0,GZ-02-uat_L4-3500,-1.808392,-59.242148,2012
Danaea.lepr,Danaea leprieurii,0,GZ-02-uat_L4-3500,-1.808392,-59.242148,2012
Danae.nodo,Danaea nodosa s.l.,0,GZ-02-uat_L4-3500,-1.808392,-59.242148,2012
Danae.trif,Danaea trifoliata,0,GZ-02-uat_L4-3500,-1.808392,-59.242148,2012
Dipla.cris,Diplazium cristatum,0,GZ-02-uat_L4-3500,-1.808392,-59.242148,2012
Dipla.gran,Diplazium grandifolium,0,GZ-02-uat_L4-3500,-1.808392,-59.242148,2012
Linds.lanc.f,Lindsaea falcata,0,GZ-02-uat_L4-3500,-1.808392,-59.242148,2012
Linds.lanc.l,Lindsaea lancea,1,GZ-02-uat_L4-3500,-1.808392,-59.242148,2012
Linds.sp9,Lindsaea sp.,0,GZ-02-uat_L4-3500,-1.808392,-59.242148,2012
Lomag.guia,Mickelia guianensis,0,GZ-02-uat_L4-3500,-1.808392,-59.242148,2012
lomar.japur.prie,Lomariopsis japurensis or Lomariopsis prieuriana,0,GZ-02-uat_L4-3500,-1.808392,-59.242148,2012
Lygod.volu,Lygodium volubile,0,GZ-02-uat_L4-3500,-1.808392,-59.242148,2012
Metax.rost.s.l.,Metaxya rostrata s.l.,0,GZ-02-uat_L4-3500,-1.808392,-59.242148,2012
Pityr.calo,Pityrogramma calomelanos,0,GZ-02-uat_L4-3500,-1.808392,-59.242148,2012
Polyb.caud,Polybotrya caudata,0,GZ-02-uat_L4-3500,-1.808392,-59.242148,2012
Polyb.sess,Polybotrya sessilisora,0,GZ-02-uat_L4-3500,-1.808392,-59.242148,2012
Pteri.pung,Pteris pungens,0,GZ-02-uat_L4-3500,-1.808392,-59.242148,2012
Pteris.tripart,Pteris tripartita,0,GZ-02-uat_L4-3500,-1.808392,-59.242148,2012
Sacco.inae,Saccoloma inaequale,0,GZ-02-uat_L4-3500,-1.808392,-59.242148,2012
Salpi.hook,Saplichlaena hookeriana,0,GZ-02-uat_L4-3500,-1.808392,-59.242148,2012
Schiz.eleg,Schizaea elegans,0,GZ-02-uat_L4-3500,-1.808392,-59.242148,2012
Selag.amaz,Selaginella amazonica,0,GZ-02-uat_L4-3500,-1.808392,-59.242148,2012
Selag.brey,Selaginella breynii,0,GZ-02-uat_L4-3500,-1.808392,-59.242148,2012
Selag.peda,Selaginella pedata,1,GZ-02-uat_L4-3500,-1.808392,-59.242148,2012
Selag.sp.G,Selaginella sp.,0,GZ-02-uat_L4-3500,-1.808392,-59.242148,2012
Tecta.inci,Tectaria incisa,0,GZ-02-uat_L4-3500,-1.808392,-59.242148,2012
Thely.abru,Thelypteris abrupta,0,GZ-02-uat_L4-3500,-1.808392,-59.242148,2012
Thely.macr,Thelypteris macrophylla,0,GZ-02-uat_L4-3500,-1.808392,-59.242148,2012
Thely.poit,Thelypteris poiteana,0,GZ-02-uat_L4-3500,-1.808392,-59.242148,2012
Trich.anke,Trichomanes ankersii,0,GZ-02-uat_L4-3500,-1.808392,-59.242148,2012
Trich.eleg,Davalliopsis elegans,0,GZ-02-uat_L4-3500,-1.808392,-59.242148,2012
Trich.pinn,Trichomanes pinnatum,1,GZ-02-uat_L4-3500,-1.808392,-59.242148,2012
Trich.radi,Vandenboschia radicans,0,GZ-02-uat_L4-3500,-1.808392,-59.242148,2012
Trich.trol,Trichomanes trolli,0,GZ-02-uat_L4-3500,-1.808392,-59.242148,2012
Trich.tuer,Trichomanes tuerkenheimii,0,GZ-02-uat_L4-3500,-1.808392,-59.242148,2012
Trich.vitt,Trichomanes vittaria,0,GZ-02-uat_L4-3500,-1.808392,-59.242148,2012
Tripl.spp,Triplophyllum sp.,1,GZ-02-uat_L4-3500,-1.808392,-59.242148,2012
Adian.argu,Adiantum argutum,0,GZ-02-uat_L4-4500,-1.808393,-59.233547,2012
Adian.caye,Adiantum cajennense,0,GZ-02-uat_L4-4500,-1.808393,-59.233547,2012
Adian.dolo,Adiantum dolosum,0,GZ-02-uat_L4-4500,-1.808393,-59.233547,2012
Adian.glau,Adiantum glaucescens,0,GZ-02-uat_L4-4500,-1.808393,-59.233547,2012
Adian.humi,Adiantum humile,0,GZ-02-uat_L4-4500,-1.808393,-59.233547,2012
Adian.obli,Adiantum obliquum,0,GZ-02-uat_L4-4500,-1.808393,-59.233547,2012
Adian.para.tuom,Adiantum paraense or Adiantum tuomistoanum,1,GZ-02-uat_L4-4500,-1.808393,-59.233547,2012
Adian.peti,Adiantum petiolatum,0,GZ-02-uat_L4-4500,-1.808393,-59.233547,2012
Adian.pulv,Adiantum pulverulentum,0,GZ-02-uat_L4-4500,-1.808393,-59.233547,2012
Adian.term,Adiantum terminatum,0,GZ-02-uat_L4-4500,-1.808393,-59.233547,2012
Adian.tome,Adiantum tomentosum,0,GZ-02-uat_L4-4500,-1.808393,-59.233547,2012
Asple.laet,Asplenium laetum,0,GZ-02-uat_L4-4500,-1.808393,-59.233547,2012
Bolbi.nico,Mickelia nicotianifolia,0,GZ-02-uat_L4-4500,-1.808393,-59.233547,2012
Bolbi.semi,Bolbitis semipinnatifida,0,GZ-02-uat_L4-4500,-1.808393,-59.233547,2012
Campy.repe,Campyloneurum repens,0,GZ-02-uat_L4-4500,-1.808393,-59.233547,2012
Cyath.pung,Cyathea pungens,0,GZ-02-uat_L4-4500,-1.808393,-59.233547,2012
cyath.sp.3G,Cyathea sp.,0,GZ-02-uat_L4-4500,-1.808393,-59.233547,2012
cyath.sp.G,Cyathea sp.,0,GZ-02-uat_L4-4500,-1.808393,-59.233547,2012
Cyclo.guia,Cyclodium guianensis,0,GZ-02-uat_L4-4500,-1.808393,-59.233547,2012
Cyclo.meni,Cyclodium meniscioides,0,GZ-02-uat_L4-4500,-1.808393,-59.233547,2012
Cyclo.semi,Cyclopeltis semicordata,0,GZ-02-uat_L4-4500,-1.808393,-59.233547,2012
Danaea.lepr,Danaea leprieurii,0,GZ-02-uat_L4-4500,-1.808393,-59.233547,2012
Danae.nodo,Danaea nodosa s.l.,0,GZ-02-uat_L4-4500,-1.808393,-59.233547,2012
Danae.trif,Danaea trifoliata,0,GZ-02-uat_L4-4500,-1.808393,-59.233547,2012
Dipla.cris,Diplazium cristatum,0,GZ-02-uat_L4-4500,-1.808393,-59.233547,2012
Dipla.gran,Diplazium grandifolium,0,GZ-02-uat_L4-4500,-1.808393,-59.233547,2012
Linds.lanc.f,Lindsaea falcata,1,GZ-02-uat_L4-4500,-1.808393,-59.233547,2012
Linds.lanc.l,Lindsaea lancea,0,GZ-02-uat_L4-4500,-1.808393,-59.233547,2012
Linds.sp9,Lindsaea sp.,0,GZ-02-uat_L4-4500,-1.808393,-59.233547,2012
Lomag.guia,Mickelia guianensis,0,GZ-02-uat_L4-4500,-1.808393,-59.233547,2012
lomar.japur.prie,Lomariopsis japurensis or Lomariopsis prieuriana,2,GZ-02-uat_L4-4500,-1.808393,-59.233547,2012
Lygod.volu,Lygodium volubile,0,GZ-02-uat_L4-4500,-1.808393,-59.233547,2012
Metax.rost.s.l.,Metaxya rostrata s.l.,0,GZ-02-uat_L4-4500,-1.808393,-59.233547,2012
Pityr.calo,Pityrogramma calomelanos,0,GZ-02-uat_L4-4500,-1.808393,-59.233547,2012
Polyb.caud,Polybotrya caudata,0,GZ-02-uat_L4-4500,-1.808393,-59.233547,2012
Polyb.sess,Polybotrya sessilisora,0,GZ-02-uat_L4-4500,-1.808393,-59.233547,2012
Pteri.pung,Pteris pungens,0,GZ-02-uat_L4-4500,-1.808393,-59.233547,2012
Pteris.tripart,Pteris tripartita,0,GZ-02-uat_L4-4500,-1.808393,-59.233547,2012
Sacco.inae,Saccoloma inaequale,0,GZ-02-uat_L4-4500,-1.808393,-59.233547,2012
Salpi.hook,Saplichlaena hookeriana,0,GZ-02-uat_L4-4500,-1.808393,-59.233547,2012
Schiz.eleg,Schizaea elegans,0,GZ-02-uat_L4-4500,-1.808393,-59.233547,2012
Selag.amaz,Selaginella amazonica,0,GZ-02-uat_L4-4500,-1.808393,-59.233547,2012
Selag.brey,Selaginella breynii,0,GZ-02-uat_L4-4500,-1.808393,-59.233547,2012
Selag.peda,Selaginella pedata,1,GZ-02-uat_L4-4500,-1.808393,-59.233547,2012
Selag.sp.G,Selaginella sp.,0,GZ-02-uat_L4-4500,-1.808393,-59.233547,2012
Tecta.inci,Tectaria incisa,0,GZ-02-uat_L4-4500,-1.808393,-59.233547,2012
Thely.abru,Thelypteris abrupta,0,GZ-02-uat_L4-4500,-1.808393,-59.233547,2012
Thely.macr,Thelypteris macrophylla,0,GZ-02-uat_L4-4500,-1.808393,-59.233547,2012
Thely.poit,Thelypteris poiteana,0,GZ-02-uat_L4-4500,-1.808393,-59.233547,2012
Trich.anke,Trichomanes ankersii,1,GZ-02-uat_L4-4500,-1.808393,-59.233547,2012
Trich.eleg,Davalliopsis elegans,0,GZ-02-uat_L4-4500,-1.808393,-59.233547,2012
Trich.pinn,Trichomanes pinnatum,1,GZ-02-uat_L4-4500,-1.808393,-59.233547,2012
Trich.radi,Vandenboschia radicans,0,GZ-02-uat_L4-4500,-1.808393,-59.233547,2012
Trich.trol,Trichomanes trolli,0,GZ-02-uat_L4-4500,-1.808393,-59.233547,2012
Trich.tuer,Trichomanes tuerkenheimii,0,GZ-02-uat_L4-4500,-1.808393,-59.233547,2012
Trich.vitt,Trichomanes vittaria,0,GZ-02-uat_L4-4500,-1.808393,-59.233547,2012
Tripl.spp,Triplophyllum sp.,0,GZ-02-uat_L4-4500,-1.808393,-59.233547,2012
Adian.argu,Adiantum argutum,0,GZ-02-uat_L5-0500,-1.817919,-59.269781,2012
Adian.caye,Adiantum cajennense,1,GZ-02-uat_L5-0500,-1.817919,-59.269781,2012
Adian.dolo,Adiantum dolosum,0,GZ-02-uat_L5-0500,-1.817919,-59.269781,2012
Adian.glau,Adiantum glaucescens,0,GZ-02-uat_L5-0500,-1.817919,-59.269781,2012
Adian.humi,Adiantum humile,0,GZ-02-uat_L5-0500,-1.817919,-59.269781,2012
Adian.obli,Adiantum obliquum,0,GZ-02-uat_L5-0500,-1.817919,-59.269781,2012
Adian.para.tuom,Adiantum paraense or Adiantum tuomistoanum,0,GZ-02-uat_L5-0500,-1.817919,-59.269781,2012
Adian.peti,Adiantum petiolatum,0,GZ-02-uat_L5-0500,-1.817919,-59.269781,2012
Adian.pulv,Adiantum pulverulentum,0,GZ-02-uat_L5-0500,-1.817919,-59.269781,2012
Adian.term,Adiantum terminatum,0,GZ-02-uat_L5-0500,-1.817919,-59.269781,2012
Adian.tome,Adiantum tomentosum,0,GZ-02-uat_L5-0500,-1.817919,-59.269781,2012
Asple.laet,Asplenium laetum,0,GZ-02-uat_L5-0500,-1.817919,-59.269781,2012
Bolbi.nico,Mickelia nicotianifolia,0,GZ-02-uat_L5-0500,-1.817919,-59.269781,2012
Bolbi.semi,Bolbitis semipinnatifida,0,GZ-02-uat_L5-0500,-1.817919,-59.269781,2012
Campy.repe,Campyloneurum repens,0,GZ-02-uat_L5-0500,-1.817919,-59.269781,2012
Cyath.pung,Cyathea pungens,1,GZ-02-uat_L5-0500,-1.817919,-59.269781,2012
cyath.sp.3G,Cyathea sp.,0,GZ-02-uat_L5-0500,-1.817919,-59.269781,2012
cyath.sp.G,Cyathea sp.,0,GZ-02-uat_L5-0500,-1.817919,-59.269781,2012
Cyclo.guia,Cyclodium guianensis,0,GZ-02-uat_L5-0500,-1.817919,-59.269781,2012
Cyclo.meni,Cyclodium meniscioides,0,GZ-02-uat_L5-0500,-1.817919,-59.269781,2012
Cyclo.semi,Cyclopeltis semicordata,0,GZ-02-uat_L5-0500,-1.817919,-59.269781,2012
Danaea.lepr,Danaea leprieurii,0,GZ-02-uat_L5-0500,-1.817919,-59.269781,2012
Danae.nodo,Danaea nodosa s.l.,0,GZ-02-uat_L5-0500,-1.817919,-59.269781,2012
Danae.trif,Danaea trifoliata,0,GZ-02-uat_L5-0500,-1.817919,-59.269781,2012
Dipla.cris,Diplazium cristatum,0,GZ-02-uat_L5-0500,-1.817919,-59.269781,2012
Dipla.gran,Diplazium grandifolium,0,GZ-02-uat_L5-0500,-1.817919,-59.269781,2012
Linds.lanc.f,Lindsaea falcata,1,GZ-02-uat_L5-0500,-1.817919,-59.269781,2012
Linds.lanc.l,Lindsaea lancea,1,GZ-02-uat_L5-0500,-1.817919,-59.269781,2012
Linds.sp9,Lindsaea sp.,0,GZ-02-uat_L5-0500,-1.817919,-59.269781,2012
Lomag.guia,Mickelia guianensis,0,GZ-02-uat_L5-0500,-1.817919,-59.269781,2012
lomar.japur.prie,Lomariopsis japurensis or Lomariopsis prieuriana,1,GZ-02-uat_L5-0500,-1.817919,-59.269781,2012
Lygod.volu,Lygodium volubile,0,GZ-02-uat_L5-0500,-1.817919,-59.269781,2012
Metax.rost.s.l.,Metaxya rostrata s.l.,0,GZ-02-uat_L5-0500,-1.817919,-59.269781,2012
Pityr.calo,Pityrogramma calomelanos,0,GZ-02-uat_L5-0500,-1.817919,-59.269781,2012
Polyb.caud,Polybotrya caudata,0,GZ-02-uat_L5-0500,-1.817919,-59.269781,2012
Polyb.sess,Polybotrya sessilisora,1,GZ-02-uat_L5-0500,-1.817919,-59.269781,2012
Pteri.pung,Pteris pungens,0,GZ-02-uat_L5-0500,-1.817919,-59.269781,2012
Pteris.tripart,Pteris tripartita,0,GZ-02-uat_L5-0500,-1.817919,-59.269781,2012
Sacco.inae,Saccoloma inaequale,0,GZ-02-uat_L5-0500,-1.817919,-59.269781,2012
Salpi.hook,Saplichlaena hookeriana,0,GZ-02-uat_L5-0500,-1.817919,-59.269781,2012
Schiz.eleg,Schizaea elegans,1,GZ-02-uat_L5-0500,-1.817919,-59.269781,2012
Selag.amaz,Selaginella amazonica,0,GZ-02-uat_L5-0500,-1.817919,-59.269781,2012
Selag.brey,Selaginella breynii,0,GZ-02-uat_L5-0500,-1.817919,-59.269781,2012
Selag.peda,Selaginella pedata,1,GZ-02-uat_L5-0500,-1.817919,-59.269781,2012
Selag.sp.G,Selaginella sp.,0,GZ-02-uat_L5-0500,-1.817919,-59.269781,2012
Tecta.inci,Tectaria incisa,0,GZ-02-uat_L5-0500,-1.817919,-59.269781,2012
Thely.abru,Thelypteris abrupta,0,GZ-02-uat_L5-0500,-1.817919,-59.269781,2012
Thely.macr,Thelypteris macrophylla,0,GZ-02-uat_L5-0500,-1.817919,-59.269781,2012
Thely.poit,Thelypteris poiteana,0,GZ-02-uat_L5-0500,-1.817919,-59.269781,2012
Trich.anke,Trichomanes ankersii,1,GZ-02-uat_L5-0500,-1.817919,-59.269781,2012
Trich.eleg,Davalliopsis elegans,0,GZ-02-uat_L5-0500,-1.817919,-59.269781,2012
Trich.pinn,Trichomanes pinnatum,1,GZ-02-uat_L5-0500,-1.817919,-59.269781,2012
Trich.radi,Vandenboschia radicans,0,GZ-02-uat_L5-0500,-1.817919,-59.269781,2012
Trich.trol,Trichomanes trolli,0,GZ-02-uat_L5-0500,-1.817919,-59.269781,2012
Trich.tuer,Trichomanes tuerkenheimii,0,GZ-02-uat_L5-0500,-1.817919,-59.269781,2012
Trich.vitt,Trichomanes vittaria,0,GZ-02-uat_L5-0500,-1.817919,-59.269781,2012
Tripl.spp,Triplophyllum sp.,2,GZ-02-uat_L5-0500,-1.817919,-59.269781,2012
Adian.argu,Adiantum argutum,0,GZ-02-uat_L5-1500,-1.817916,-59.26091,2012
Adian.caye,Adiantum cajennense,1,GZ-02-uat_L5-1500,-1.817916,-59.26091,2012
Adian.dolo,Adiantum dolosum,0,GZ-02-uat_L5-1500,-1.817916,-59.26091,2012
Adian.glau,Adiantum glaucescens,0,GZ-02-uat_L5-1500,-1.817916,-59.26091,2012
Adian.humi,Adiantum humile,0,GZ-02-uat_L5-1500,-1.817916,-59.26091,2012
Adian.obli,Adiantum obliquum,1,GZ-02-uat_L5-1500,-1.817916,-59.26091,2012
Adian.para.tuom,Adiantum paraense or Adiantum tuomistoanum,0,GZ-02-uat_L5-1500,-1.817916,-59.26091,2012
Adian.peti,Adiantum petiolatum,0,GZ-02-uat_L5-1500,-1.817916,-59.26091,2012
Adian.pulv,Adiantum pulverulentum,0,GZ-02-uat_L5-1500,-1.817916,-59.26091,2012
Adian.term,Adiantum terminatum,1,GZ-02-uat_L5-1500,-1.817916,-59.26091,2012
Adian.tome,Adiantum tomentosum,0,GZ-02-uat_L5-1500,-1.817916,-59.26091,2012
Asple.laet,Asplenium laetum,0,GZ-02-uat_L5-1500,-1.817916,-59.26091,2012
Bolbi.nico,Mickelia nicotianifolia,0,GZ-02-uat_L5-1500,-1.817916,-59.26091,2012
Bolbi.semi,Bolbitis semipinnatifida,0,GZ-02-uat_L5-1500,-1.817916,-59.26091,2012
Campy.repe,Campyloneurum repens,0,GZ-02-uat_L5-1500,-1.817916,-59.26091,2012
Cyath.pung,Cyathea pungens,1,GZ-02-uat_L5-1500,-1.817916,-59.26091,2012
cyath.sp.3G,Cyathea sp.,0,GZ-02-uat_L5-1500,-1.817916,-59.26091,2012
cyath.sp.G,Cyathea sp.,0,GZ-02-uat_L5-1500,-1.817916,-59.26091,2012
Cyclo.guia,Cyclodium guianensis,0,GZ-02-uat_L5-1500,-1.817916,-59.26091,2012
Cyclo.meni,Cyclodium meniscioides,1,GZ-02-uat_L5-1500,-1.817916,-59.26091,2012
Cyclo.semi,Cyclopeltis semicordata,0,GZ-02-uat_L5-1500,-1.817916,-59.26091,2012
Danaea.lepr,Danaea leprieurii,1,GZ-02-uat_L5-1500,-1.817916,-59.26091,2012
Danae.nodo,Danaea nodosa s.l.,0,GZ-02-uat_L5-1500,-1.817916,-59.26091,2012
Danae.trif,Danaea trifoliata,1,GZ-02-uat_L5-1500,-1.817916,-59.26091,2012
Dipla.cris,Diplazium cristatum,0,GZ-02-uat_L5-1500,-1.817916,-59.26091,2012
Dipla.gran,Diplazium grandifolium,0,GZ-02-uat_L5-1500,-1.817916,-59.26091,2012
Linds.lanc.f,Lindsaea falcata,1,GZ-02-uat_L5-1500,-1.817916,-59.26091,2012
Linds.lanc.l,Lindsaea lancea,1,GZ-02-uat_L5-1500,-1.817916,-59.26091,2012
Linds.sp9,Lindsaea sp.,1,GZ-02-uat_L5-1500,-1.817916,-59.26091,2012
Lomag.guia,Mickelia guianensis,1,GZ-02-uat_L5-1500,-1.817916,-59.26091,2012
lomar.japur.prie,Lomariopsis japurensis or Lomariopsis prieuriana,2,GZ-02-uat_L5-1500,-1.817916,-59.26091,2012
Lygod.volu,Lygodium volubile,0,GZ-02-uat_L5-1500,-1.817916,-59.26091,2012
Metax.rost.s.l.,Metaxya rostrata s.l.,0,GZ-02-uat_L5-1500,-1.817916,-59.26091,2012
Pityr.calo,Pityrogramma calomelanos,0,GZ-02-uat_L5-1500,-1.817916,-59.26091,2012
Polyb.caud,Polybotrya caudata,1,GZ-02-uat_L5-1500,-1.817916,-59.26091,2012
Polyb.sess,Polybotrya sessilisora,0,GZ-02-uat_L5-1500,-1.817916,-59.26091,2012
Pteri.pung,Pteris pungens,0,GZ-02-uat_L5-1500,-1.817916,-59.26091,2012
Pteris.tripart,Pteris tripartita,0,GZ-02-uat_L5-1500,-1.817916,-59.26091,2012
Sacco.inae,Saccoloma inaequale,0,GZ-02-uat_L5-1500,-1.817916,-59.26091,2012
Salpi.hook,Saplichlaena hookeriana,1,GZ-02-uat_L5-1500,-1.817916,-59.26091,2012
Schiz.eleg,Schizaea elegans,0,GZ-02-uat_L5-1500,-1.817916,-59.26091,2012
Selag.amaz,Selaginella amazonica,0,GZ-02-uat_L5-1500,-1.817916,-59.26091,2012
Selag.brey,Selaginella breynii,1,GZ-02-uat_L5-1500,-1.817916,-59.26091,2012
Selag.peda,Selaginella pedata,1,GZ-02-uat_L5-1500,-1.817916,-59.26091,2012
Selag.sp.G,Selaginella sp.,0,GZ-02-uat_L5-1500,-1.817916,-59.26091,2012
Tecta.inci,Tectaria incisa,0,GZ-02-uat_L5-1500,-1.817916,-59.26091,2012
Thely.abru,Thelypteris abrupta,0,GZ-02-uat_L5-1500,-1.817916,-59.26091,2012
Thely.macr,Thelypteris macrophylla,0,GZ-02-uat_L5-1500,-1.817916,-59.26091,2012
Thely.poit,Thelypteris poiteana,0,GZ-02-uat_L5-1500,-1.817916,-59.26091,2012
Trich.anke,Trichomanes ankersii,1,GZ-02-uat_L5-1500,-1.817916,-59.26091,2012
Trich.eleg,Davalliopsis elegans,0,GZ-02-uat_L5-1500,-1.817916,-59.26091,2012
Trich.pinn,Trichomanes pinnatum,1,GZ-02-uat_L5-1500,-1.817916,-59.26091,2012
Trich.radi,Vandenboschia radicans,0,GZ-02-uat_L5-1500,-1.817916,-59.26091,2012
Trich.trol,Trichomanes trolli,0,GZ-02-uat_L5-1500,-1.817916,-59.26091,2012
Trich.tuer,Trichomanes tuerkenheimii,0,GZ-02-uat_L5-1500,-1.817916,-59.26091,2012
Trich.vitt,Trichomanes vittaria,0,GZ-02-uat_L5-1500,-1.817916,-59.26091,2012
Tripl.spp,Triplophyllum sp.,3,GZ-02-uat_L5-1500,-1.817916,-59.26091,2012
Adian.argu,Adiantum argutum,0,GZ-02-uat_L5-2500,-1.818012,-59.251466,2012
Adian.caye,Adiantum cajennense,1,GZ-02-uat_L5-2500,-1.818012,-59.251466,2012
Adian.dolo,Adiantum dolosum,0,GZ-02-uat_L5-2500,-1.818012,-59.251466,2012
Adian.glau,Adiantum glaucescens,0,GZ-02-uat_L5-2500,-1.818012,-59.251466,2012
Adian.humi,Adiantum humile,0,GZ-02-uat_L5-2500,-1.818012,-59.251466,2012
Adian.obli,Adiantum obliquum,0,GZ-02-uat_L5-2500,-1.818012,-59.251466,2012
Adian.para.tuom,Adiantum paraense or Adiantum tuomistoanum,0,GZ-02-uat_L5-2500,-1.818012,-59.251466,2012
Adian.peti,Adiantum petiolatum,0,GZ-02-uat_L5-2500,-1.818012,-59.251466,2012
Adian.pulv,Adiantum pulverulentum,0,GZ-02-uat_L5-2500,-1.818012,-59.251466,2012
Adian.term,Adiantum terminatum,0,GZ-02-uat_L5-2500,-1.818012,-59.251466,2012
Adian.tome,Adiantum tomentosum,0,GZ-02-uat_L5-2500,-1.818012,-59.251466,2012
Asple.laet,Asplenium laetum,0,GZ-02-uat_L5-2500,-1.818012,-59.251466,2012
Bolbi.nico,Mickelia nicotianifolia,0,GZ-02-uat_L5-2500,-1.818012,-59.251466,2012
Bolbi.semi,Bolbitis semipinnatifida,0,GZ-02-uat_L5-2500,-1.818012,-59.251466,2012
Campy.repe,Campyloneurum repens,0,GZ-02-uat_L5-2500,-1.818012,-59.251466,2012
Cyath.pung,Cyathea pungens,1,GZ-02-uat_L5-2500,-1.818012,-59.251466,2012
cyath.sp.3G,Cyathea sp.,0,GZ-02-uat_L5-2500,-1.818012,-59.251466,2012
cyath.sp.G,Cyathea sp.,0,GZ-02-uat_L5-2500,-1.818012,-59.251466,2012
Cyclo.guia,Cyclodium guianensis,0,GZ-02-uat_L5-2500,-1.818012,-59.251466,2012
Cyclo.meni,Cyclodium meniscioides,0,GZ-02-uat_L5-2500,-1.818012,-59.251466,2012
Cyclo.semi,Cyclopeltis semicordata,0,GZ-02-uat_L5-2500,-1.818012,-59.251466,2012
Danaea.lepr,Danaea leprieurii,1,GZ-02-uat_L5-2500,-1.818012,-59.251466,2012
Danae.nodo,Danaea nodosa s.l.,0,GZ-02-uat_L5-2500,-1.818012,-59.251466,2012
Danae.trif,Danaea trifoliata,1,GZ-02-uat_L5-2500,-1.818012,-59.251466,2012
Dipla.cris,Diplazium cristatum,0,GZ-02-uat_L5-2500,-1.818012,-59.251466,2012
Dipla.gran,Diplazium grandifolium,0,GZ-02-uat_L5-2500,-1.818012,-59.251466,2012
Linds.lanc.f,Lindsaea falcata,1,GZ-02-uat_L5-2500,-1.818012,-59.251466,2012
Linds.lanc.l,Lindsaea lancea,1,GZ-02-uat_L5-2500,-1.818012,-59.251466,2012
Linds.sp9,Lindsaea sp.,0,GZ-02-uat_L5-2500,-1.818012,-59.251466,2012
Lomag.guia,Mickelia guianensis,0,GZ-02-uat_L5-2500,-1.818012,-59.251466,2012
lomar.japur.prie,Lomariopsis japurensis or Lomariopsis prieuriana,0,GZ-02-uat_L5-2500,-1.818012,-59.251466,2012
Lygod.volu,Lygodium volubile,0,GZ-02-uat_L5-2500,-1.818012,-59.251466,2012
Metax.rost.s.l.,Metaxya rostrata s.l.,0,GZ-02-uat_L5-2500,-1.818012,-59.251466,2012
Pityr.calo,Pityrogramma calomelanos,0,GZ-02-uat_L5-2500,-1.818012,-59.251466,2012
Polyb.caud,Polybotrya caudata,1,GZ-02-uat_L5-2500,-1.818012,-59.251466,2012
Polyb.sess,Polybotrya sessilisora,0,GZ-02-uat_L5-2500,-1.818012,-59.251466,2012
Pteri.pung,Pteris pungens,0,GZ-02-uat_L5-2500,-1.818012,-59.251466,2012
Pteris.tripart,Pteris tripartita,0,GZ-02-uat_L5-2500,-1.818012,-59.251466,2012
Sacco.inae,Saccoloma inaequale,1,GZ-02-uat_L5-2500,-1.818012,-59.251466,2012
Salpi.hook,Saplichlaena hookeriana,0,GZ-02-uat_L5-2500,-1.818012,-59.251466,2012
Schiz.eleg,Schizaea elegans,0,GZ-02-uat_L5-2500,-1.818012,-59.251466,2012
Selag.amaz,Selaginella amazonica,0,GZ-02-uat_L5-2500,-1.818012,-59.251466,2012
Selag.brey,Selaginella breynii,0,GZ-02-uat_L5-2500,-1.818012,-59.251466,2012
Selag.peda,Selaginella pedata,1,GZ-02-uat_L5-2500,-1.818012,-59.251466,2012
Selag.sp.G,Selaginella sp.,0,GZ-02-uat_L5-2500,-1.818012,-59.251466,2012
Tecta.inci,Tectaria incisa,0,GZ-02-uat_L5-2500,-1.818012,-59.251466,2012
Thely.abru,Thelypteris abrupta,0,GZ-02-uat_L5-2500,-1.818012,-59.251466,2012
Thely.macr,Thelypteris macrophylla,0,GZ-02-uat_L5-2500,-1.818012,-59.251466,2012
Thely.poit,Thelypteris poiteana,0,GZ-02-uat_L5-2500,-1.818012,-59.251466,2012
Trich.anke,Trichomanes ankersii,1,GZ-02-uat_L5-2500,-1.818012,-59.251466,2012
Trich.eleg,Davalliopsis elegans,1,GZ-02-uat_L5-2500,-1.818012,-59.251466,2012
Trich.pinn,Trichomanes pinnatum,1,GZ-02-uat_L5-2500,-1.818012,-59.251466,2012
Trich.radi,Vandenboschia radicans,0,GZ-02-uat_L5-2500,-1.818012,-59.251466,2012
Trich.trol,Trichomanes trolli,0,GZ-02-uat_L5-2500,-1.818012,-59.251466,2012
Trich.tuer,Trichomanes tuerkenheimii,0,GZ-02-uat_L5-2500,-1.818012,-59.251466,2012
Trich.vitt,Trichomanes vittaria,0,GZ-02-uat_L5-2500,-1.818012,-59.251466,2012
Tripl.spp,Triplophyllum sp.,3,GZ-02-uat_L5-2500,-1.818012,-59.251466,2012
Adian.argu,Adiantum argutum,0,GZ-02-uat_L5-3500,-1.818209,-59.242842,2012
Adian.caye,Adiantum cajennense,1,GZ-02-uat_L5-3500,-1.818209,-59.242842,2012
Adian.dolo,Adiantum dolosum,0,GZ-02-uat_L5-3500,-1.818209,-59.242842,2012
Adian.glau,Adiantum glaucescens,0,GZ-02-uat_L5-3500,-1.818209,-59.242842,2012
Adian.humi,Adiantum humile,0,GZ-02-uat_L5-3500,-1.818209,-59.242842,2012
Adian.obli,Adiantum obliquum,0,GZ-02-uat_L5-3500,-1.818209,-59.242842,2012
Adian.para.tuom,Adiantum paraense or Adiantum tuomistoanum,0,GZ-02-uat_L5-3500,-1.818209,-59.242842,2012
Adian.peti,Adiantum petiolatum,0,GZ-02-uat_L5-3500,-1.818209,-59.242842,2012
Adian.pulv,Adiantum pulverulentum,0,GZ-02-uat_L5-3500,-1.818209,-59.242842,2012
Adian.term,Adiantum terminatum,0,GZ-02-uat_L5-3500,-1.818209,-59.242842,2012
Adian.tome,Adiantum tomentosum,0,GZ-02-uat_L5-3500,-1.818209,-59.242842,2012
Asple.laet,Asplenium laetum,0,GZ-02-uat_L5-3500,-1.818209,-59.242842,2012
Bolbi.nico,Mickelia nicotianifolia,0,GZ-02-uat_L5-3500,-1.818209,-59.242842,2012
Bolbi.semi,Bolbitis semipinnatifida,0,GZ-02-uat_L5-3500,-1.818209,-59.242842,2012
Campy.repe,Campyloneurum repens,0,GZ-02-uat_L5-3500,-1.818209,-59.242842,2012
Cyath.pung,Cyathea pungens,0,GZ-02-uat_L5-3500,-1.818209,-59.242842,2012
cyath.sp.3G,Cyathea sp.,0,GZ-02-uat_L5-3500,-1.818209,-59.242842,2012
cyath.sp.G,Cyathea sp.,0,GZ-02-uat_L5-3500,-1.818209,-59.242842,2012
Cyclo.guia,Cyclodium guianensis,0,GZ-02-uat_L5-3500,-1.818209,-59.242842,2012
Cyclo.meni,Cyclodium meniscioides,0,GZ-02-uat_L5-3500,-1.818209,-59.242842,2012
Cyclo.semi,Cyclopeltis semicordata,0,GZ-02-uat_L5-3500,-1.818209,-59.242842,2012
Danaea.lepr,Danaea leprieurii,0,GZ-02-uat_L5-3500,-1.818209,-59.242842,2012
Danae.nodo,Danaea nodosa s.l.,0,GZ-02-uat_L5-3500,-1.818209,-59.242842,2012
Danae.trif,Danaea trifoliata,0,GZ-02-uat_L5-3500,-1.818209,-59.242842,2012
Dipla.cris,Diplazium cristatum,0,GZ-02-uat_L5-3500,-1.818209,-59.242842,2012
Dipla.gran,Diplazium grandifolium,0,GZ-02-uat_L5-3500,-1.818209,-59.242842,2012
Linds.lanc.f,Lindsaea falcata,0,GZ-02-uat_L5-3500,-1.818209,-59.242842,2012
Linds.lanc.l,Lindsaea lancea,1,GZ-02-uat_L5-3500,-1.818209,-59.242842,2012
Linds.sp9,Lindsaea sp.,0,GZ-02-uat_L5-3500,-1.818209,-59.242842,2012
Lomag.guia,Mickelia guianensis,0,GZ-02-uat_L5-3500,-1.818209,-59.242842,2012
lomar.japur.prie,Lomariopsis japurensis or Lomariopsis prieuriana,2,GZ-02-uat_L5-3500,-1.818209,-59.242842,2012
Lygod.volu,Lygodium volubile,0,GZ-02-uat_L5-3500,-1.818209,-59.242842,2012
Metax.rost.s.l.,Metaxya rostrata s.l.,0,GZ-02-uat_L5-3500,-1.818209,-59.242842,2012
Pityr.calo,Pityrogramma calomelanos,0,GZ-02-uat_L5-3500,-1.818209,-59.242842,2012
Polyb.caud,Polybotrya caudata,0,GZ-02-uat_L5-3500,-1.818209,-59.242842,2012
Polyb.sess,Polybotrya sessilisora,0,GZ-02-uat_L5-3500,-1.818209,-59.242842,2012
Pteri.pung,Pteris pungens,0,GZ-02-uat_L5-3500,-1.818209,-59.242842,2012
Pteris.tripart,Pteris tripartita,0,GZ-02-uat_L5-3500,-1.818209,-59.242842,2012
Sacco.inae,Saccoloma inaequale,0,GZ-02-uat_L5-3500,-1.818209,-59.242842,2012
Salpi.hook,Saplichlaena hookeriana,0,GZ-02-uat_L5-3500,-1.818209,-59.242842,2012
Schiz.eleg,Schizaea elegans,0,GZ-02-uat_L5-3500,-1.818209,-59.242842,2012
Selag.amaz,Selaginella amazonica,0,GZ-02-uat_L5-3500,-1.818209,-59.242842,2012
Selag.brey,Selaginella breynii,0,GZ-02-uat_L5-3500,-1.818209,-59.242842,2012
Selag.peda,Selaginella pedata,1,GZ-02-uat_L5-3500,-1.818209,-59.242842,2012
Selag.sp.G,Selaginella sp.,0,GZ-02-uat_L5-3500,-1.818209,-59.242842,2012
Tecta.inci,Tectaria incisa,0,GZ-02-uat_L5-3500,-1.818209,-59.242842,2012
Thely.abru,Thelypteris abrupta,0,GZ-02-uat_L5-3500,-1.818209,-59.242842,2012
Thely.macr,Thelypteris macrophylla,0,GZ-02-uat_L5-3500,-1.818209,-59.242842,2012
Thely.poit,Thelypteris poiteana,0,GZ-02-uat_L5-3500,-1.818209,-59.242842,2012
Trich.anke,Trichomanes ankersii,0,GZ-02-uat_L5-3500,-1.818209,-59.242842,2012
Trich.eleg,Davalliopsis elegans,0,GZ-02-uat_L5-3500,-1.818209,-59.242842,2012
Trich.pinn,Trichomanes pinnatum,1,GZ-02-uat_L5-3500,-1.818209,-59.242842,2012
Trich.radi,Vandenboschia radicans,0,GZ-02-uat_L5-3500,-1.818209,-59.242842,2012
Trich.trol,Trichomanes trolli,0,GZ-02-uat_L5-3500,-1.818209,-59.242842,2012
Trich.tuer,Trichomanes tuerkenheimii,0,GZ-02-uat_L5-3500,-1.818209,-59.242842,2012
Trich.vitt,Trichomanes vittaria,0,GZ-02-uat_L5-3500,-1.818209,-59.242842,2012
Tripl.spp,Triplophyllum sp.,1,GZ-02-uat_L5-3500,-1.818209,-59.242842,2012
Adian.argu,Adiantum argutum,0,GZ-02-uat_L5-4500,-1.818367,-59.233151,2012
Adian.caye,Adiantum cajennense,0,GZ-02-uat_L5-4500,-1.818367,-59.233151,2012
Adian.dolo,Adiantum dolosum,0,GZ-02-uat_L5-4500,-1.818367,-59.233151,2012
Adian.glau,Adiantum glaucescens,0,GZ-02-uat_L5-4500,-1.818367,-59.233151,2012
Adian.humi,Adiantum humile,0,GZ-02-uat_L5-4500,-1.818367,-59.233151,2012
Adian.obli,Adiantum obliquum,0,GZ-02-uat_L5-4500,-1.818367,-59.233151,2012
Adian.para.tuom,Adiantum paraense or Adiantum tuomistoanum,0,GZ-02-uat_L5-4500,-1.818367,-59.233151,2012
Adian.peti,Adiantum petiolatum,0,GZ-02-uat_L5-4500,-1.818367,-59.233151,2012
Adian.pulv,Adiantum pulverulentum,0,GZ-02-uat_L5-4500,-1.818367,-59.233151,2012
Adian.term,Adiantum terminatum,0,GZ-02-uat_L5-4500,-1.818367,-59.233151,2012
Adian.tome,Adiantum tomentosum,0,GZ-02-uat_L5-4500,-1.818367,-59.233151,2012
Asple.laet,Asplenium laetum,0,GZ-02-uat_L5-4500,-1.818367,-59.233151,2012
Bolbi.nico,Mickelia nicotianifolia,0,GZ-02-uat_L5-4500,-1.818367,-59.233151,2012
Bolbi.semi,Bolbitis semipinnatifida,0,GZ-02-uat_L5-4500,-1.818367,-59.233151,2012
Campy.repe,Campyloneurum repens,0,GZ-02-uat_L5-4500,-1.818367,-59.233151,2012
Cyath.pung,Cyathea pungens,0,GZ-02-uat_L5-4500,-1.818367,-59.233151,2012
cyath.sp.3G,Cyathea sp.,0,GZ-02-uat_L5-4500,-1.818367,-59.233151,2012
cyath.sp.G,Cyathea sp.,0,GZ-02-uat_L5-4500,-1.818367,-59.233151,2012
Cyclo.guia,Cyclodium guianensis,0,GZ-02-uat_L5-4500,-1.818367,-59.233151,2012
Cyclo.meni,Cyclodium meniscioides,0,GZ-02-uat_L5-4500,-1.818367,-59.233151,2012
Cyclo.semi,Cyclopeltis semicordata,0,GZ-02-uat_L5-4500,-1.818367,-59.233151,2012
Danaea.lepr,Danaea leprieurii,0,GZ-02-uat_L5-4500,-1.818367,-59.233151,2012
Danae.nodo,Danaea nodosa s.l.,0,GZ-02-uat_L5-4500,-1.818367,-59.233151,2012
Danae.trif,Danaea trifoliata,0,GZ-02-uat_L5-4500,-1.818367,-59.233151,2012
Dipla.cris,Diplazium cristatum,0,GZ-02-uat_L5-4500,-1.818367,-59.233151,2012
Dipla.gran,Diplazium grandifolium,0,GZ-02-uat_L5-4500,-1.818367,-59.233151,2012
Linds.lanc.f,Lindsaea falcata,1,GZ-02-uat_L5-4500,-1.818367,-59.233151,2012
Linds.lanc.l,Lindsaea lancea,1,GZ-02-uat_L5-4500,-1.818367,-59.233151,2012
Linds.sp9,Lindsaea sp.,0,GZ-02-uat_L5-4500,-1.818367,-59.233151,2012
Lomag.guia,Mickelia guianensis,0,GZ-02-uat_L5-4500,-1.818367,-59.233151,2012
lomar.japur.prie,Lomariopsis japurensis or Lomariopsis prieuriana,0,GZ-02-uat_L5-4500,-1.818367,-59.233151,2012
Lygod.volu,Lygodium volubile,0,GZ-02-uat_L5-4500,-1.818367,-59.233151,2012
Metax.rost.s.l.,Metaxya rostrata s.l.,0,GZ-02-uat_L5-4500,-1.818367,-59.233151,2012
Pityr.calo,Pityrogramma calomelanos,0,GZ-02-uat_L5-4500,-1.818367,-59.233151,2012
Polyb.caud,Polybotrya caudata,0,GZ-02-uat_L5-4500,-1.818367,-59.233151,2012
Polyb.sess,Polybotrya sessilisora,0,GZ-02-uat_L5-4500,-1.818367,-59.233151,2012
Pteri.pung,Pteris pungens,0,GZ-02-uat_L5-4500,-1.818367,-59.233151,2012
Pteris.tripart,Pteris tripartita,0,GZ-02-uat_L5-4500,-1.818367,-59.233151,2012
Sacco.inae,Saccoloma inaequale,0,GZ-02-uat_L5-4500,-1.818367,-59.233151,2012
Salpi.hook,Saplichlaena hookeriana,0,GZ-02-uat_L5-4500,-1.818367,-59.233151,2012
Schiz.eleg,Schizaea elegans,0,GZ-02-uat_L5-4500,-1.818367,-59.233151,2012
Selag.amaz,Selaginella amazonica,0,GZ-02-uat_L5-4500,-1.818367,-59.233151,2012
Selag.brey,Selaginella breynii,0,GZ-02-uat_L5-4500,-1.818367,-59.233151,2012
Selag.peda,Selaginella pedata,1,GZ-02-uat_L5-4500,-1.818367,-59.233151,2012
Selag.sp.G,Selaginella sp.,0,GZ-02-uat_L5-4500,-1.818367,-59.233151,2012
Tecta.inci,Tectaria incisa,0,GZ-02-uat_L5-4500,-1.818367,-59.233151,2012
Thely.abru,Thelypteris abrupta,0,GZ-02-uat_L5-4500,-1.818367,-59.233151,2012
Thely.macr,Thelypteris macrophylla,0,GZ-02-uat_L5-4500,-1.818367,-59.233151,2012
Thely.poit,Thelypteris poiteana,0,GZ-02-uat_L5-4500,-1.818367,-59.233151,2012
Trich.anke,Trichomanes ankersii,0,GZ-02-uat_L5-4500,-1.818367,-59.233151,2012
Trich.eleg,Davalliopsis elegans,0,GZ-02-uat_L5-4500,-1.818367,-59.233151,2012
Trich.pinn,Trichomanes pinnatum,1,GZ-02-uat_L5-4500,-1.818367,-59.233151,2012
Trich.radi,Vandenboschia radicans,0,GZ-02-uat_L5-4500,-1.818367,-59.233151,2012
Trich.trol,Trichomanes trolli,0,GZ-02-uat_L5-4500,-1.818367,-59.233151,2012
Trich.tuer,Trichomanes tuerkenheimii,0,GZ-02-uat_L5-4500,-1.818367,-59.233151,2012
Trich.vitt,Trichomanes vittaria,0,GZ-02-uat_L5-4500,-1.818367,-59.233151,2012
Tripl.spp,Triplophyllum sp.,0,GZ-02-uat_L5-4500,-1.818367,-59.233151,2012
Adian.argu,Adiantum argutum,0,GZ-02-uat_L6-0500,-1.828027,-59.268438,2012
Adian.caye,Adiantum cajennense,1,GZ-02-uat_L6-0500,-1.828027,-59.268438,2012
Adian.dolo,Adiantum dolosum,0,GZ-02-uat_L6-0500,-1.828027,-59.268438,2012
Adian.glau,Adiantum glaucescens,0,GZ-02-uat_L6-0500,-1.828027,-59.268438,2012
Adian.humi,Adiantum humile,1,GZ-02-uat_L6-0500,-1.828027,-59.268438,2012
Adian.obli,Adiantum obliquum,1,GZ-02-uat_L6-0500,-1.828027,-59.268438,2012
Adian.para.tuom,Adiantum paraense or Adiantum tuomistoanum,1,GZ-02-uat_L6-0500,-1.828027,-59.268438,2012
Adian.peti,Adiantum petiolatum,0,GZ-02-uat_L6-0500,-1.828027,-59.268438,2012
Adian.pulv,Adiantum pulverulentum,0,GZ-02-uat_L6-0500,-1.828027,-59.268438,2012
Adian.term,Adiantum terminatum,1,GZ-02-uat_L6-0500,-1.828027,-59.268438,2012
Adian.tome,Adiantum tomentosum,0,GZ-02-uat_L6-0500,-1.828027,-59.268438,2012
Asple.laet,Asplenium laetum,0,GZ-02-uat_L6-0500,-1.828027,-59.268438,2012
Bolbi.nico,Mickelia nicotianifolia,0,GZ-02-uat_L6-0500,-1.828027,-59.268438,2012
Bolbi.semi,Bolbitis semipinnatifida,0,GZ-02-uat_L6-0500,-1.828027,-59.268438,2012
Campy.repe,Campyloneurum repens,0,GZ-02-uat_L6-0500,-1.828027,-59.268438,2012
Cyath.pung,Cyathea pungens,1,GZ-02-uat_L6-0500,-1.828027,-59.268438,2012
cyath.sp.3G,Cyathea sp.,0,GZ-02-uat_L6-0500,-1.828027,-59.268438,2012
cyath.sp.G,Cyathea sp.,0,GZ-02-uat_L6-0500,-1.828027,-59.268438,2012
Cyclo.guia,Cyclodium guianensis,0,GZ-02-uat_L6-0500,-1.828027,-59.268438,2012
Cyclo.meni,Cyclodium meniscioides,1,GZ-02-uat_L6-0500,-1.828027,-59.268438,2012
Cyclo.semi,Cyclopeltis semicordata,0,GZ-02-uat_L6-0500,-1.828027,-59.268438,2012
Danaea.lepr,Danaea leprieurii,0,GZ-02-uat_L6-0500,-1.828027,-59.268438,2012
Danae.nodo,Danaea nodosa s.l.,0,GZ-02-uat_L6-0500,-1.828027,-59.268438,2012
Danae.trif,Danaea trifoliata,1,GZ-02-uat_L6-0500,-1.828027,-59.268438,2012
Dipla.cris,Diplazium cristatum,0,GZ-02-uat_L6-0500,-1.828027,-59.268438,2012
Dipla.gran,Diplazium grandifolium,0,GZ-02-uat_L6-0500,-1.828027,-59.268438,2012
Linds.lanc.f,Lindsaea falcata,1,GZ-02-uat_L6-0500,-1.828027,-59.268438,2012
Linds.lanc.l,Lindsaea lancea,1,GZ-02-uat_L6-0500,-1.828027,-59.268438,2012
Linds.sp9,Lindsaea sp.,0,GZ-02-uat_L6-0500,-1.828027,-59.268438,2012
Lomag.guia,Mickelia guianensis,0,GZ-02-uat_L6-0500,-1.828027,-59.268438,2012
lomar.japur.prie,Lomariopsis japurensis or Lomariopsis prieuriana,1,GZ-02-uat_L6-0500,-1.828027,-59.268438,2012
Lygod.volu,Lygodium volubile,0,GZ-02-uat_L6-0500,-1.828027,-59.268438,2012
Metax.rost.s.l.,Metaxya rostrata s.l.,0,GZ-02-uat_L6-0500,-1.828027,-59.268438,2012
Pityr.calo,Pityrogramma calomelanos,0,GZ-02-uat_L6-0500,-1.828027,-59.268438,2012
Polyb.caud,Polybotrya caudata,1,GZ-02-uat_L6-0500,-1.828027,-59.268438,2012
Polyb.sess,Polybotrya sessilisora,0,GZ-02-uat_L6-0500,-1.828027,-59.268438,2012
Pteri.pung,Pteris pungens,0,GZ-02-uat_L6-0500,-1.828027,-59.268438,2012
Pteris.tripart,Pteris tripartita,0,GZ-02-uat_L6-0500,-1.828027,-59.268438,2012
Sacco.inae,Saccoloma inaequale,1,GZ-02-uat_L6-0500,-1.828027,-59.268438,2012
Salpi.hook,Saplichlaena hookeriana,0,GZ-02-uat_L6-0500,-1.828027,-59.268438,2012
Schiz.eleg,Schizaea elegans,0,GZ-02-uat_L6-0500,-1.828027,-59.268438,2012
Selag.amaz,Selaginella amazonica,0,GZ-02-uat_L6-0500,-1.828027,-59.268438,2012
Selag.brey,Selaginella breynii,0,GZ-02-uat_L6-0500,-1.828027,-59.268438,2012
Selag.peda,Selaginella pedata,1,GZ-02-uat_L6-0500,-1.828027,-59.268438,2012
Selag.sp.G,Selaginella sp.,0,GZ-02-uat_L6-0500,-1.828027,-59.268438,2012
Tecta.inci,Tectaria incisa,0,GZ-02-uat_L6-0500,-1.828027,-59.268438,2012
Thely.abru,Thelypteris abrupta,0,GZ-02-uat_L6-0500,-1.828027,-59.268438,2012
Thely.macr,Thelypteris macrophylla,0,GZ-02-uat_L6-0500,-1.828027,-59.268438,2012
Thely.poit,Thelypteris poiteana,0,GZ-02-uat_L6-0500,-1.828027,-59.268438,2012
Trich.anke,Trichomanes ankersii,0,GZ-02-uat_L6-0500,-1.828027,-59.268438,2012
Trich.eleg,Davalliopsis elegans,1,GZ-02-uat_L6-0500,-1.828027,-59.268438,2012
Trich.pinn,Trichomanes pinnatum,1,GZ-02-uat_L6-0500,-1.828027,-59.268438,2012
Trich.radi,Vandenboschia radicans,0,GZ-02-uat_L6-0500,-1.828027,-59.268438,2012
Trich.trol,Trichomanes trolli,0,GZ-02-uat_L6-0500,-1.828027,-59.268438,2012
Trich.tuer,Trichomanes tuerkenheimii,0,GZ-02-uat_L6-0500,-1.828027,-59.268438,2012
Trich.vitt,Trichomanes vittaria,0,GZ-02-uat_L6-0500,-1.828027,-59.268438,2012
Tripl.spp,Triplophyllum sp.,2,GZ-02-uat_L6-0500,-1.828027,-59.268438,2012
Adian.argu,Adiantum argutum,0,GZ-02-uat_L6-1500,-1.827038,-59.259837,2012
Adian.caye,Adiantum cajennense,0,GZ-02-uat_L6-1500,-1.827038,-59.259837,2012
Adian.dolo,Adiantum dolosum,0,GZ-02-uat_L6-1500,-1.827038,-59.259837,2012
Adian.glau,Adiantum glaucescens,0,GZ-02-uat_L6-1500,-1.827038,-59.259837,2012
Adian.humi,Adiantum humile,0,GZ-02-uat_L6-1500,-1.827038,-59.259837,2012
Adian.obli,Adiantum obliquum,1,GZ-02-uat_L6-1500,-1.827038,-59.259837,2012
Adian.para.tuom,Adiantum paraense or Adiantum tuomistoanum,0,GZ-02-uat_L6-1500,-1.827038,-59.259837,2012
Adian.peti,Adiantum petiolatum,0,GZ-02-uat_L6-1500,-1.827038,-59.259837,2012
Adian.pulv,Adiantum pulverulentum,0,GZ-02-uat_L6-1500,-1.827038,-59.259837,2012
Adian.term,Adiantum terminatum,1,GZ-02-uat_L6-1500,-1.827038,-59.259837,2012
Adian.tome,Adiantum tomentosum,0,GZ-02-uat_L6-1500,-1.827038,-59.259837,2012
Asple.laet,Asplenium laetum,0,GZ-02-uat_L6-1500,-1.827038,-59.259837,2012
Bolbi.nico,Mickelia nicotianifolia,0,GZ-02-uat_L6-1500,-1.827038,-59.259837,2012
Bolbi.semi,Bolbitis semipinnatifida,0,GZ-02-uat_L6-1500,-1.827038,-59.259837,2012
Campy.repe,Campyloneurum repens,0,GZ-02-uat_L6-1500,-1.827038,-59.259837,2012
Cyath.pung,Cyathea pungens,1,GZ-02-uat_L6-1500,-1.827038,-59.259837,2012
cyath.sp.3G,Cyathea sp.,0,GZ-02-uat_L6-1500,-1.827038,-59.259837,2012
cyath.sp.G,Cyathea sp.,0,GZ-02-uat_L6-1500,-1.827038,-59.259837,2012
Cyclo.guia,Cyclodium guianensis,0,GZ-02-uat_L6-1500,-1.827038,-59.259837,2012
Cyclo.meni,Cyclodium meniscioides,1,GZ-02-uat_L6-1500,-1.827038,-59.259837,2012
Cyclo.semi,Cyclopeltis semicordata,0,GZ-02-uat_L6-1500,-1.827038,-59.259837,2012
Danaea.lepr,Danaea leprieurii,1,GZ-02-uat_L6-1500,-1.827038,-59.259837,2012
Danae.nodo,Danaea nodosa s.l.,1,GZ-02-uat_L6-1500,-1.827038,-59.259837,2012
Danae.trif,Danaea trifoliata,1,GZ-02-uat_L6-1500,-1.827038,-59.259837,2012
Dipla.cris,Diplazium cristatum,0,GZ-02-uat_L6-1500,-1.827038,-59.259837,2012
Dipla.gran,Diplazium grandifolium,0,GZ-02-uat_L6-1500,-1.827038,-59.259837,2012
Linds.lanc.f,Lindsaea falcata,1,GZ-02-uat_L6-1500,-1.827038,-59.259837,2012
Linds.lanc.l,Lindsaea lancea,0,GZ-02-uat_L6-1500,-1.827038,-59.259837,2012
Linds.sp9,Lindsaea sp.,0,GZ-02-uat_L6-1500,-1.827038,-59.259837,2012
Lomag.guia,Mickelia guianensis,0,GZ-02-uat_L6-1500,-1.827038,-59.259837,2012
lomar.japur.prie,Lomariopsis japurensis or Lomariopsis prieuriana,1,GZ-02-uat_L6-1500,-1.827038,-59.259837,2012
Lygod.volu,Lygodium volubile,0,GZ-02-uat_L6-1500,-1.827038,-59.259837,2012
Metax.rost.s.l.,Metaxya rostrata s.l.,1,GZ-02-uat_L6-1500,-1.827038,-59.259837,2012
Pityr.calo,Pityrogramma calomelanos,0,GZ-02-uat_L6-1500,-1.827038,-59.259837,2012
Polyb.caud,Polybotrya caudata,1,GZ-02-uat_L6-1500,-1.827038,-59.259837,2012
Polyb.sess,Polybotrya sessilisora,0,GZ-02-uat_L6-1500,-1.827038,-59.259837,2012
Pteri.pung,Pteris pungens,0,GZ-02-uat_L6-1500,-1.827038,-59.259837,2012
Pteris.tripart,Pteris tripartita,0,GZ-02-uat_L6-1500,-1.827038,-59.259837,2012
Sacco.inae,Saccoloma inaequale,1,GZ-02-uat_L6-1500,-1.827038,-59.259837,2012
Salpi.hook,Saplichlaena hookeriana,0,GZ-02-uat_L6-1500,-1.827038,-59.259837,2012
Schiz.eleg,Schizaea elegans,0,GZ-02-uat_L6-1500,-1.827038,-59.259837,2012
Selag.amaz,Selaginella amazonica,0,GZ-02-uat_L6-1500,-1.827038,-59.259837,2012
Selag.brey,Selaginella breynii,1,GZ-02-uat_L6-1500,-1.827038,-59.259837,2012
Selag.peda,Selaginella pedata,1,GZ-02-uat_L6-1500,-1.827038,-59.259837,2012
Selag.sp.G,Selaginella sp.,0,GZ-02-uat_L6-1500,-1.827038,-59.259837,2012
Tecta.inci,Tectaria incisa,0,GZ-02-uat_L6-1500,-1.827038,-59.259837,2012
Thely.abru,Thelypteris abrupta,0,GZ-02-uat_L6-1500,-1.827038,-59.259837,2012
Thely.macr,Thelypteris macrophylla,0,GZ-02-uat_L6-1500,-1.827038,-59.259837,2012
Thely.poit,Thelypteris poiteana,0,GZ-02-uat_L6-1500,-1.827038,-59.259837,2012
Trich.anke,Trichomanes ankersii,1,GZ-02-uat_L6-1500,-1.827038,-59.259837,2012
Trich.eleg,Davalliopsis elegans,1,GZ-02-uat_L6-1500,-1.827038,-59.259837,2012
Trich.pinn,Trichomanes pinnatum,0,GZ-02-uat_L6-1500,-1.827038,-59.259837,2012
Trich.radi,Vandenboschia radicans,0,GZ-02-uat_L6-1500,-1.827038,-59.259837,2012
Trich.trol,Trichomanes trolli,0,GZ-02-uat_L6-1500,-1.827038,-59.259837,2012
Trich.tuer,Trichomanes tuerkenheimii,0,GZ-02-uat_L6-1500,-1.827038,-59.259837,2012
Trich.vitt,Trichomanes vittaria,0,GZ-02-uat_L6-1500,-1.827038,-59.259837,2012
Tripl.spp,Triplophyllum sp.,3,GZ-02-uat_L6-1500,-1.827038,-59.259837,2012
Adian.argu,Adiantum argutum,0,GZ-02-uat_L6-2500,-1.827005,-59.251403,2012
Adian.caye,Adiantum cajennense,1,GZ-02-uat_L6-2500,-1.827005,-59.251403,2012
Adian.dolo,Adiantum dolosum,0,GZ-02-uat_L6-2500,-1.827005,-59.251403,2012
Adian.glau,Adiantum glaucescens,0,GZ-02-uat_L6-2500,-1.827005,-59.251403,2012
Adian.humi,Adiantum humile,0,GZ-02-uat_L6-2500,-1.827005,-59.251403,2012
Adian.obli,Adiantum obliquum,0,GZ-02-uat_L6-2500,-1.827005,-59.251403,2012
Adian.para.tuom,Adiantum paraense or Adiantum tuomistoanum,1,GZ-02-uat_L6-2500,-1.827005,-59.251403,2012
Adian.peti,Adiantum petiolatum,0,GZ-02-uat_L6-2500,-1.827005,-59.251403,2012
Adian.pulv,Adiantum pulverulentum,0,GZ-02-uat_L6-2500,-1.827005,-59.251403,2012
Adian.term,Adiantum terminatum,0,GZ-02-uat_L6-2500,-1.827005,-59.251403,2012
Adian.tome,Adiantum tomentosum,0,GZ-02-uat_L6-2500,-1.827005,-59.251403,2012
Asple.laet,Asplenium laetum,0,GZ-02-uat_L6-2500,-1.827005,-59.251403,2012
Bolbi.nico,Mickelia nicotianifolia,0,GZ-02-uat_L6-2500,-1.827005,-59.251403,2012
Bolbi.semi,Bolbitis semipinnatifida,0,GZ-02-uat_L6-2500,-1.827005,-59.251403,2012
Campy.repe,Campyloneurum repens,0,GZ-02-uat_L6-2500,-1.827005,-59.251403,2012
Cyath.pung,Cyathea pungens,0,GZ-02-uat_L6-2500,-1.827005,-59.251403,2012
cyath.sp.3G,Cyathea sp.,0,GZ-02-uat_L6-2500,-1.827005,-59.251403,2012
cyath.sp.G,Cyathea sp.,0,GZ-02-uat_L6-2500,-1.827005,-59.251403,2012
Cyclo.guia,Cyclodium guianensis,0,GZ-02-uat_L6-2500,-1.827005,-59.251403,2012
Cyclo.meni,Cyclodium meniscioides,0,GZ-02-uat_L6-2500,-1.827005,-59.251403,2012
Cyclo.semi,Cyclopeltis semicordata,0,GZ-02-uat_L6-2500,-1.827005,-59.251403,2012
Danaea.lepr,Danaea leprieurii,0,GZ-02-uat_L6-2500,-1.827005,-59.251403,2012
Danae.nodo,Danaea nodosa s.l.,0,GZ-02-uat_L6-2500,-1.827005,-59.251403,2012
Danae.trif,Danaea trifoliata,0,GZ-02-uat_L6-2500,-1.827005,-59.251403,2012
Dipla.cris,Diplazium cristatum,0,GZ-02-uat_L6-2500,-1.827005,-59.251403,2012
Dipla.gran,Diplazium grandifolium,0,GZ-02-uat_L6-2500,-1.827005,-59.251403,2012
Linds.lanc.f,Lindsaea falcata,0,GZ-02-uat_L6-2500,-1.827005,-59.251403,2012
Linds.lanc.l,Lindsaea lancea,1,GZ-02-uat_L6-2500,-1.827005,-59.251403,2012
Linds.sp9,Lindsaea sp.,0,GZ-02-uat_L6-2500,-1.827005,-59.251403,2012
Lomag.guia,Mickelia guianensis,0,GZ-02-uat_L6-2500,-1.827005,-59.251403,2012
lomar.japur.prie,Lomariopsis japurensis or Lomariopsis prieuriana,2,GZ-02-uat_L6-2500,-1.827005,-59.251403,2012
Lygod.volu,Lygodium volubile,0,GZ-02-uat_L6-2500,-1.827005,-59.251403,2012
Metax.rost.s.l.,Metaxya rostrata s.l.,0,GZ-02-uat_L6-2500,-1.827005,-59.251403,2012
Pityr.calo,Pityrogramma calomelanos,0,GZ-02-uat_L6-2500,-1.827005,-59.251403,2012
Polyb.caud,Polybotrya caudata,0,GZ-02-uat_L6-2500,-1.827005,-59.251403,2012
Polyb.sess,Polybotrya sessilisora,1,GZ-02-uat_L6-2500,-1.827005,-59.251403,2012
Pteri.pung,Pteris pungens,0,GZ-02-uat_L6-2500,-1.827005,-59.251403,2012
Pteris.tripart,Pteris tripartita,0,GZ-02-uat_L6-2500,-1.827005,-59.251403,2012
Sacco.inae,Saccoloma inaequale,0,GZ-02-uat_L6-2500,-1.827005,-59.251403,2012
Salpi.hook,Saplichlaena hookeriana,0,GZ-02-uat_L6-2500,-1.827005,-59.251403,2012
Schiz.eleg,Schizaea elegans,0,GZ-02-uat_L6-2500,-1.827005,-59.251403,2012
Selag.amaz,Selaginella amazonica,0,GZ-02-uat_L6-2500,-1.827005,-59.251403,2012
Selag.brey,Selaginella breynii,0,GZ-02-uat_L6-2500,-1.827005,-59.251403,2012
Selag.peda,Selaginella pedata,1,GZ-02-uat_L6-2500,-1.827005,-59.251403,2012
Selag.sp.G,Selaginella sp.,0,GZ-02-uat_L6-2500,-1.827005,-59.251403,2012
Tecta.inci,Tectaria incisa,0,GZ-02-uat_L6-2500,-1.827005,-59.251403,2012
Thely.abru,Thelypteris abrupta,0,GZ-02-uat_L6-2500,-1.827005,-59.251403,2012
Thely.macr,Thelypteris macrophylla,0,GZ-02-uat_L6-2500,-1.827005,-59.251403,2012
Thely.poit,Thelypteris poiteana,0,GZ-02-uat_L6-2500,-1.827005,-59.251403,2012
Trich.anke,Trichomanes ankersii,0,GZ-02-uat_L6-2500,-1.827005,-59.251403,2012
Trich.eleg,Davalliopsis elegans,0,GZ-02-uat_L6-2500,-1.827005,-59.251403,2012
Trich.pinn,Trichomanes pinnatum,1,GZ-02-uat_L6-2500,-1.827005,-59.251403,2012
Trich.radi,Vandenboschia radicans,0,GZ-02-uat_L6-2500,-1.827005,-59.251403,2012
Trich.trol,Trichomanes trolli,0,GZ-02-uat_L6-2500,-1.827005,-59.251403,2012
Trich.tuer,Trichomanes tuerkenheimii,1,GZ-02-uat_L6-2500,-1.827005,-59.251403,2012
Trich.vitt,Trichomanes vittaria,0,GZ-02-uat_L6-2500,-1.827005,-59.251403,2012
Tripl.spp,Triplophyllum sp.,2,GZ-02-uat_L6-2500,-1.827005,-59.251403,2012
Adian.argu,Adiantum argutum,0,GZ-02-uat_L6-3500,-1.827012,-59.24217,2012
Adian.caye,Adiantum cajennense,1,GZ-02-uat_L6-3500,-1.827012,-59.24217,2012
Adian.dolo,Adiantum dolosum,0,GZ-02-uat_L6-3500,-1.827012,-59.24217,2012
Adian.glau,Adiantum glaucescens,0,GZ-02-uat_L6-3500,-1.827012,-59.24217,2012
Adian.humi,Adiantum humile,0,GZ-02-uat_L6-3500,-1.827012,-59.24217,2012
Adian.obli,Adiantum obliquum,0,GZ-02-uat_L6-3500,-1.827012,-59.24217,2012
Adian.para.tuom,Adiantum paraense or Adiantum tuomistoanum,1,GZ-02-uat_L6-3500,-1.827012,-59.24217,2012
Adian.peti,Adiantum petiolatum,0,GZ-02-uat_L6-3500,-1.827012,-59.24217,2012
Adian.pulv,Adiantum pulverulentum,0,GZ-02-uat_L6-3500,-1.827012,-59.24217,2012
Adian.term,Adiantum terminatum,0,GZ-02-uat_L6-3500,-1.827012,-59.24217,2012
Adian.tome,Adiantum tomentosum,0,GZ-02-uat_L6-3500,-1.827012,-59.24217,2012
Asple.laet,Asplenium laetum,0,GZ-02-uat_L6-3500,-1.827012,-59.24217,2012
Bolbi.nico,Mickelia nicotianifolia,0,GZ-02-uat_L6-3500,-1.827012,-59.24217,2012
Bolbi.semi,Bolbitis semipinnatifida,0,GZ-02-uat_L6-3500,-1.827012,-59.24217,2012
Campy.repe,Campyloneurum repens,0,GZ-02-uat_L6-3500,-1.827012,-59.24217,2012
Cyath.pung,Cyathea pungens,0,GZ-02-uat_L6-3500,-1.827012,-59.24217,2012
cyath.sp.3G,Cyathea sp.,0,GZ-02-uat_L6-3500,-1.827012,-59.24217,2012
cyath.sp.G,Cyathea sp.,0,GZ-02-uat_L6-3500,-1.827012,-59.24217,2012
Cyclo.guia,Cyclodium guianensis,0,GZ-02-uat_L6-3500,-1.827012,-59.24217,2012
Cyclo.meni,Cyclodium meniscioides,0,GZ-02-uat_L6-3500,-1.827012,-59.24217,2012
Cyclo.semi,Cyclopeltis semicordata,0,GZ-02-uat_L6-3500,-1.827012,-59.24217,2012
Danaea.lepr,Danaea leprieurii,0,GZ-02-uat_L6-3500,-1.827012,-59.24217,2012
Danae.nodo,Danaea nodosa s.l.,0,GZ-02-uat_L6-3500,-1.827012,-59.24217,2012
Danae.trif,Danaea trifoliata,0,GZ-02-uat_L6-3500,-1.827012,-59.24217,2012
Dipla.cris,Diplazium cristatum,0,GZ-02-uat_L6-3500,-1.827012,-59.24217,2012
Dipla.gran,Diplazium grandifolium,0,GZ-02-uat_L6-3500,-1.827012,-59.24217,2012
Linds.lanc.f,Lindsaea falcata,0,GZ-02-uat_L6-3500,-1.827012,-59.24217,2012
Linds.lanc.l,Lindsaea lancea,1,GZ-02-uat_L6-3500,-1.827012,-59.24217,2012
Linds.sp9,Lindsaea sp.,0,GZ-02-uat_L6-3500,-1.827012,-59.24217,2012
Lomag.guia,Mickelia guianensis,0,GZ-02-uat_L6-3500,-1.827012,-59.24217,2012
lomar.japur.prie,Lomariopsis japurensis or Lomariopsis prieuriana,1,GZ-02-uat_L6-3500,-1.827012,-59.24217,2012
Lygod.volu,Lygodium volubile,0,GZ-02-uat_L6-3500,-1.827012,-59.24217,2012
Metax.rost.s.l.,Metaxya rostrata s.l.,0,GZ-02-uat_L6-3500,-1.827012,-59.24217,2012
Pityr.calo,Pityrogramma calomelanos,0,GZ-02-uat_L6-3500,-1.827012,-59.24217,2012
Polyb.caud,Polybotrya caudata,0,GZ-02-uat_L6-3500,-1.827012,-59.24217,2012
Polyb.sess,Polybotrya sessilisora,0,GZ-02-uat_L6-3500,-1.827012,-59.24217,2012
Pteri.pung,Pteris pungens,0,GZ-02-uat_L6-3500,-1.827012,-59.24217,2012
Pteris.tripart,Pteris tripartita,0,GZ-02-uat_L6-3500,-1.827012,-59.24217,2012
Sacco.inae,Saccoloma inaequale,0,GZ-02-uat_L6-3500,-1.827012,-59.24217,2012
Salpi.hook,Saplichlaena hookeriana,0,GZ-02-uat_L6-3500,-1.827012,-59.24217,2012
Schiz.eleg,Schizaea elegans,0,GZ-02-uat_L6-3500,-1.827012,-59.24217,2012
Selag.amaz,Selaginella amazonica,0,GZ-02-uat_L6-3500,-1.827012,-59.24217,2012
Selag.brey,Selaginella breynii,0,GZ-02-uat_L6-3500,-1.827012,-59.24217,2012
Selag.peda,Selaginella pedata,1,GZ-02-uat_L6-3500,-1.827012,-59.24217,2012
Selag.sp.G,Selaginella sp.,0,GZ-02-uat_L6-3500,-1.827012,-59.24217,2012
Tecta.inci,Tectaria incisa,0,GZ-02-uat_L6-3500,-1.827012,-59.24217,2012
Thely.abru,Thelypteris abrupta,0,GZ-02-uat_L6-3500,-1.827012,-59.24217,2012
Thely.macr,Thelypteris macrophylla,0,GZ-02-uat_L6-3500,-1.827012,-59.24217,2012
Thely.poit,Thelypteris poiteana,0,GZ-02-uat_L6-3500,-1.827012,-59.24217,2012
Trich.anke,Trichomanes ankersii,0,GZ-02-uat_L6-3500,-1.827012,-59.24217,2012
Trich.eleg,Davalliopsis elegans,0,GZ-02-uat_L6-3500,-1.827012,-59.24217,2012
Trich.pinn,Trichomanes pinnatum,1,GZ-02-uat_L6-3500,-1.827012,-59.24217,2012
Trich.radi,Vandenboschia radicans,0,GZ-02-uat_L6-3500,-1.827012,-59.24217,2012
Trich.trol,Trichomanes trolli,0,GZ-02-uat_L6-3500,-1.827012,-59.24217,2012
Trich.tuer,Trichomanes tuerkenheimii,0,GZ-02-uat_L6-3500,-1.827012,-59.24217,2012
Trich.vitt,Trichomanes vittaria,0,GZ-02-uat_L6-3500,-1.827012,-59.24217,2012
Tripl.spp,Triplophyllum sp.,1,GZ-02-uat_L6-3500,-1.827012,-59.24217,2012
Adian.argu,Adiantum argutum,0,GZ-02-uat_L6-4500,-1.827057,-59.233186,2012
Adian.caye,Adiantum cajennense,1,GZ-02-uat_L6-4500,-1.827057,-59.233186,2012
Adian.dolo,Adiantum dolosum,0,GZ-02-uat_L6-4500,-1.827057,-59.233186,2012
Adian.glau,Adiantum glaucescens,0,GZ-02-uat_L6-4500,-1.827057,-59.233186,2012
Adian.humi,Adiantum humile,0,GZ-02-uat_L6-4500,-1.827057,-59.233186,2012
Adian.obli,Adiantum obliquum,0,GZ-02-uat_L6-4500,-1.827057,-59.233186,2012
Adian.para.tuom,Adiantum paraense or Adiantum tuomistoanum,1,GZ-02-uat_L6-4500,-1.827057,-59.233186,2012
Adian.peti,Adiantum petiolatum,0,GZ-02-uat_L6-4500,-1.827057,-59.233186,2012
Adian.pulv,Adiantum pulverulentum,0,GZ-02-uat_L6-4500,-1.827057,-59.233186,2012
Adian.term,Adiantum terminatum,0,GZ-02-uat_L6-4500,-1.827057,-59.233186,2012
Adian.tome,Adiantum tomentosum,0,GZ-02-uat_L6-4500,-1.827057,-59.233186,2012
Asple.laet,Asplenium laetum,0,GZ-02-uat_L6-4500,-1.827057,-59.233186,2012
Bolbi.nico,Mickelia nicotianifolia,0,GZ-02-uat_L6-4500,-1.827057,-59.233186,2012
Bolbi.semi,Bolbitis semipinnatifida,0,GZ-02-uat_L6-4500,-1.827057,-59.233186,2012
Campy.repe,Campyloneurum repens,0,GZ-02-uat_L6-4500,-1.827057,-59.233186,2012
Cyath.pung,Cyathea pungens,0,GZ-02-uat_L6-4500,-1.827057,-59.233186,2012
cyath.sp.3G,Cyathea sp.,0,GZ-02-uat_L6-4500,-1.827057,-59.233186,2012
cyath.sp.G,Cyathea sp.,0,GZ-02-uat_L6-4500,-1.827057,-59.233186,2012
Cyclo.guia,Cyclodium guianensis,0,GZ-02-uat_L6-4500,-1.827057,-59.233186,2012
Cyclo.meni,Cyclodium meniscioides,0,GZ-02-uat_L6-4500,-1.827057,-59.233186,2012
Cyclo.semi,Cyclopeltis semicordata,0,GZ-02-uat_L6-4500,-1.827057,-59.233186,2012
Danaea.lepr,Danaea leprieurii,0,GZ-02-uat_L6-4500,-1.827057,-59.233186,2012
Danae.nodo,Danaea nodosa s.l.,0,GZ-02-uat_L6-4500,-1.827057,-59.233186,2012
Danae.trif,Danaea trifoliata,0,GZ-02-uat_L6-4500,-1.827057,-59.233186,2012
Dipla.cris,Diplazium cristatum,0,GZ-02-uat_L6-4500,-1.827057,-59.233186,2012
Dipla.gran,Diplazium grandifolium,0,GZ-02-uat_L6-4500,-1.827057,-59.233186,2012
Linds.lanc.f,Lindsaea falcata,0,GZ-02-uat_L6-4500,-1.827057,-59.233186,2012
Linds.lanc.l,Lindsaea lancea,1,GZ-02-uat_L6-4500,-1.827057,-59.233186,2012
Linds.sp9,Lindsaea sp.,0,GZ-02-uat_L6-4500,-1.827057,-59.233186,2012
Lomag.guia,Mickelia guianensis,0,GZ-02-uat_L6-4500,-1.827057,-59.233186,2012
lomar.japur.prie,Lomariopsis japurensis or Lomariopsis prieuriana,1,GZ-02-uat_L6-4500,-1.827057,-59.233186,2012
Lygod.volu,Lygodium volubile,0,GZ-02-uat_L6-4500,-1.827057,-59.233186,2012
Metax.rost.s.l.,Metaxya rostrata s.l.,0,GZ-02-uat_L6-4500,-1.827057,-59.233186,2012
Pityr.calo,Pityrogramma calomelanos,0,GZ-02-uat_L6-4500,-1.827057,-59.233186,2012
Polyb.caud,Polybotrya caudata,0,GZ-02-uat_L6-4500,-1.827057,-59.233186,2012
Polyb.sess,Polybotrya sessilisora,1,GZ-02-uat_L6-4500,-1.827057,-59.233186,2012
Pteri.pung,Pteris pungens,0,GZ-02-uat_L6-4500,-1.827057,-59.233186,2012
Pteris.tripart,Pteris tripartita,0,GZ-02-uat_L6-4500,-1.827057,-59.233186,2012
Sacco.inae,Saccoloma inaequale,0,GZ-02-uat_L6-4500,-1.827057,-59.233186,2012
Salpi.hook,Saplichlaena hookeriana,0,GZ-02-uat_L6-4500,-1.827057,-59.233186,2012
Schiz.eleg,Schizaea elegans,0,GZ-02-uat_L6-4500,-1.827057,-59.233186,2012
Selag.amaz,Selaginella amazonica,0,GZ-02-uat_L6-4500,-1.827057,-59.233186,2012
Selag.brey,Selaginella breynii,0,GZ-02-uat_L6-4500,-1.827057,-59.233186,2012
Selag.peda,Selaginella pedata,1,GZ-02-uat_L6-4500,-1.827057,-59.233186,2012
Selag.sp.G,Selaginella sp.,0,GZ-02-uat_L6-4500,-1.827057,-59.233186,2012
Tecta.inci,Tectaria incisa,0,GZ-02-uat_L6-4500,-1.827057,-59.233186,2012
Thely.abru,Thelypteris abrupta,0,GZ-02-uat_L6-4500,-1.827057,-59.233186,2012
Thely.macr,Thelypteris macrophylla,0,GZ-02-uat_L6-4500,-1.827057,-59.233186,2012
Thely.poit,Thelypteris poiteana,0,GZ-02-uat_L6-4500,-1.827057,-59.233186,2012
Trich.anke,Trichomanes ankersii,1,GZ-02-uat_L6-4500,-1.827057,-59.233186,2012
Trich.eleg,Davalliopsis elegans,0,GZ-02-uat_L6-4500,-1.827057,-59.233186,2012
Trich.pinn,Trichomanes pinnatum,1,GZ-02-uat_L6-4500,-1.827057,-59.233186,2012
Trich.radi,Vandenboschia radicans,0,GZ-02-uat_L6-4500,-1.827057,-59.233186,2012
Trich.trol,Trichomanes trolli,0,GZ-02-uat_L6-4500,-1.827057,-59.233186,2012
Trich.tuer,Trichomanes tuerkenheimii,0,GZ-02-uat_L6-4500,-1.827057,-59.233186,2012
Trich.vitt,Trichomanes vittaria,0,GZ-02-uat_L6-4500,-1.827057,-59.233186,2012
Tripl.spp,Triplophyllum sp.,1,GZ-02-uat_L6-4500,-1.827057,-59.233186,2012
