"Acacia mellifera biomass (y=131.76x -265.62, r=0.714)",,,,,,,,,,,,
S/Transect,Quadra,SpCode,DKH,code,branches,Basal area (sq cm),Hmin,Hmax,CanDepth,CanArea     = ?D1D2/4 ,CanVol ,Biomass
L1,L101,ACACME,10.6,M,M,88.2026,1.22,1.43,0.21,32.61,4.63,1131.036
L1,L101,ACACME,9.9,,b,76.93785,1.22,1.43,0.21,32.61,4.63,1038.804
L1,L101,ACACME,5.7,,b,25.50465,1.22,1.43,0.21,32.61,4.63,485.412
L1,L101,ACACME,6.3,,b,31.15665,1.22,1.43,0.21,32.61,4.63,564.468
L1,L101,ACACME,4.3,,b,14.51465,1.22,1.43,0.21,32.61,4.63,300.948
L1,L101,ACACME,7.2,,b,40.6944,1.22,1.43,0.21,32.61,4.63,683.052
L1,L101,ACACME,4.2,,b,13.8474,1.22,1.43,0.21,32.61,4.63,287.772
L1,L101,ACACME,10.2,,b,81.6714,1.22,1.43,0.21,32.61,4.63,1078.332
L1,L101,ACACME,4.2,,b,13.8474,1.22,1.43,0.21,32.61,4.63,287.772
L1,L101,ACACME,5.5,,b,23.74625,1.22,1.43,0.21,32.61,4.63,459.06
L1,L101,ACACME,6.5,,b,33.16625,1.22,1.43,0.21,32.61,4.63,590.82
L1,L101,ACACME,9.7,M,M,73.86065,0.82,1,0.18,5.24,0.62,1012.452
L1,L101,ACACME,8.3,,b,54.07865,0.82,1,0.18,5.24,0.62,827.988
L1,L101,ACACME,6.7,,b,35.23865,0.82,1,0.18,5.24,0.62,617.172
L1,L102,ACACME,11.3,M,M,100.23665,1.4,2.1,0.7,1.13,0.53,1223.268
L1,L102,ACACME,5,,b,19.625,1.4,2.1,0.7,1.13,0.53,393.18
L1,L102,ACACME,8.6,M,M,58.0586,1.15,3.57,2.42,10.97,17.68,867.516
L1,L102,ACACME,5,,b,19.625,1.15,3.57,2.42,10.97,17.68,393.18
L1,L102,ACACME,7,,b,38.465,1.15,3.57,2.42,10.97,17.68,656.7
L1,L102,ACACME,8.3,,b,54.07865,1.15,3.57,2.42,10.97,17.68,827.988
L1,L103,ACACME,8,M,M,50.24,1.06,4.33,3.27,39.07,85.15,788.46
L1,L103,ACACME,5,,b,19.625,1.06,4.33,3.27,39.07,85.15,393.18
L1,L103,ACACME,7.2,,b,40.6944,1.06,4.33,3.27,39.07,85.15,683.052
L1,L103,ACACME,7,,b,38.465,1.06,4.33,3.27,39.07,85.15,656.7
L1,L103,ACACME,7.2,,b,40.6944,1.06,4.33,3.27,39.07,85.15,683.052
L1,L103,ACACME,5.5,,b,23.74625,1.06,4.33,3.27,39.07,85.15,459.06
L1,L103,ACACME,5.4,,b,22.8906,1.06,4.33,3.27,39.07,85.15,445.884
L1,L103,ACACME,5.2,,b,21.2264,1.06,4.33,3.27,39.07,85.15,419.532
L1,L103,ACACME,6.8,,b,36.2984,1.06,4.33,3.27,39.07,85.15,630.348
L1,L103,ACACME,5.6,,b,24.6176,1.06,4.33,3.27,39.07,85.15,472.236
L1,L103,ACACME,4,,b,12.56,1.06,4.33,3.27,39.07,85.15,261.42
L1,L103,ACACME,6.3,,b,31.15665,1.06,4.33,3.27,39.07,85.15,564.468
L1,L103,ACACME,4.6,,b,16.6106,1.06,4.33,3.27,39.07,85.15,340.476
L1,L104,ACACME,3.3,M,M,8.54865,1.1,1.8,0.7,2.22,1.03,169.188
L1,L104,ACACME,7.2,M,M,40.6944,0.91,3.14,2.23,9.34,13.89,683.052
L1,L104,ACACME,4.7,,b,17.34065,0.91,3.14,2.23,9.34,13.89,353.652
L1,L104,ACACME,2.6,,b,5.3066,0.91,3.14,2.23,9.34,13.89,76.956
L1,L106,ACACME,8.4,M,M,55.3896,1.55,3.51,1.96,9.49,12.38,841.164
L1,L106,ACACME,8,,b,50.24,1.55,3.51,1.96,9.49,12.38,788.46
L1,L106,ACACME,3.6,,b,10.1736,1.55,3.51,1.96,9.49,12.38,208.716
L1,L106,ACACME,3.5,M,M,9.61625,1.06,2.62,1.56,3.01,3.14,195.54
L1,L114,ACACME,15.1,M,M,178.98785,1.6,5.15,3.55,56.68,134.23,1723.956
L1,L114,ACACME,13.8,,b,149.4954,1.6,5.15,3.55,56.68,134.23,1552.668
L1,L114,ACACME,8,,b,50.24,1.6,5.15,3.55,56.68,134.23,788.46
L1,L114,ACACME,8,,b,50.24,1.6,5.15,3.55,56.68,134.23,788.46
L1,L114,ACACME,10.5,,b,86.54625,1.6,5.15,3.55,56.68,134.23,1117.86
L1,L114,ACACME,9.5,,b,70.84625,1.6,5.15,3.55,56.68,134.23,986.1
L1,L114,ACACME,11.4,,b,102.0186,1.6,5.15,3.55,56.68,134.23,1236.444
L1,L114,ACACME,10.9,,b,93.26585,1.6,5.15,3.55,56.68,134.23,1170.564
L1,L114,ACACME,9.3,,b,67.89465,1.6,5.15,3.55,56.68,134.23,959.748
L1,L114,ACACME,8.4,,b,55.3896,1.6,5.15,3.55,56.68,134.23,841.164
L1,L114,ACACME,3.5,,b,9.61625,1.6,5.15,3.55,56.68,134.23,195.54
L1,L115,ACACME,4.5,,b,15.89625,1.18,2.41,1.23,12.59,10.32,327.3
L1,L115,ACACME,5,,b,19.625,1.18,2.41,1.23,12.59,10.32,393.18
L1,L115,ACACME,3.5,,b,9.61625,1.18,2.41,1.23,12.59,10.32,195.54
L1,L115,ACACME,5.6,M,M,24.6176,1.01,2.62,1.61,8.45,9.09,472.236
L1,L115,ACACME,3.4,,b,9.0746,1.01,2.62,1.61,8.45,9.09,182.364
L1,L115,ACACME,2.5,,b,4.90625,1.01,2.62,1.61,8.45,9.09,63.78
L1,L115,ACACME,2.6,,b,5.3066,1.01,2.62,1.61,8.45,9.09,76.956
L1,L115,ACACME,14.1,M,M,156.06585,1.22,5.15,3.93,25.72,67.42,1592.196
L1,L115,ACACME,6.1,,b,29.20985,1.22,5.15,3.93,25.72,67.42,538.116
L1,L115,ACACME,5.1,,b,20.41785,1.22,5.15,3.93,25.72,67.42,406.356
L1,L115,ACACME,3.9,,b,11.93985,1.22,5.15,3.93,25.72,67.42,248.244
L1,L115,ACACME,12.1,,b,114.93185,1.22,5.15,3.93,25.72,67.42,1328.676
L1,L115,ACACME,4.8,,b,18.0864,1.22,5.15,3.93,25.72,67.42,366.828
L1,L115,ACACME,4.6,,b,16.6106,1.22,5.15,3.93,25.72,67.42,340.476
L1,L115,ACACME,6,,b,28.26,1.22,5.15,3.93,25.72,67.42,524.94
L1,L115,ACACME,3.9,,b,11.93985,1.22,5.15,3.93,25.72,67.42,248.244
L1,L115,ACACME,4.3,,b,14.51465,1.22,5.15,3.93,25.72,67.42,300.948
L1,L115,ACACME,7,M,M,38.465,1.18,2.41,1.23,12.59,10.32,656.7
L1,L116,ACACME,15.6,M,M,191.0376,1.46,5.73,4.27,21.14,60.2,1789.836
L1,L116,ACACME,5.3,,b,22.05065,1.46,5.73,4.27,21.14,60.2,432.708
L1,L116,ACACME,7.4,,b,42.9866,1.46,5.73,4.27,21.14,60.2,709.404
L1,L116,ACACME,6.3,,b,31.15665,1.46,5.73,4.27,21.14,60.2,564.468
L1,L116,ACACME,6.4,M,M,32.1536,0.8,1.92,1.12,2.41,1.8,577.644
L1,L116,ACACME,3.9,,b,11.93985,0.8,1.92,1.12,2.41,1.8,248.244
L1,L116,ACACME,5.3,,b,22.05065,0.8,1.92,1.12,2.41,1.8,432.708
L1,L117,ACACME,22.3,M,M,390.37265,0.82,4.36,3.54,16.74,39.49,2672.628
L1,L117,ACACME,14.2,,b,158.2874,0.82,4.36,3.54,16.74,39.49,1605.372
L1,L117,ACACME,6.1,,b,29.20985,0.82,4.36,3.54,16.74,39.49,538.116
L1,L117,ACACME,6.7,,b,35.23865,0.82,4.36,3.54,16.74,39.49,617.172
L1,L117,ACACME,8.3,,b,54.07865,0.82,4.36,3.54,16.74,39.49,827.988
L1,L117,ACACME,5.3,,b,22.05065,0.82,4.36,3.54,16.74,39.49,432.708
L1,L117,ACACME,11.6,,b,105.6296,0.82,4.36,3.54,16.74,39.49,1262.796
L1,L118,ACACME,6.7,M,M,35.23865,1.04,3.14,2.1,15.47,21.66,617.172
L1,L118,ACACME,3.4,,b,9.0746,1.04,3.14,2.1,15.47,21.66,182.364
L1,L118,ACACME,5.2,,b,21.2264,1.04,3.14,2.1,15.47,21.66,419.532
L1,L118,ACACME,6,,b,28.26,1.04,3.14,2.1,15.47,21.66,524.94
L1,L118,ACACME,4.3,,b,14.51465,1.04,3.14,2.1,15.47,21.66,300.948
L1,L118,ACACME,6.5,,b,33.16625,1.04,3.14,2.1,15.47,21.66,590.82
L1,L118,ACACME,4.7,,b,17.34065,1.04,3.14,2.1,15.47,21.66,353.652
L1,L118,ACACME,6.7,M,M,35.23865,0.86,3.11,2.25,13.64,20.45,617.172
L1,L118,ACACME,6.2,,b,30.1754,0.86,3.11,2.25,13.64,20.45,551.292
L1,L118,ACACME,5.2,,b,21.2264,0.86,3.11,2.25,13.64,20.45,419.532
L1,L118,ACACME,4,,b,12.56,0.86,3.11,2.25,13.64,20.45,261.42
L1,L118,ACACME,2.7,,b,5.72265,0.86,3.11,2.25,13.64,20.45,90.132
L1,L118,ACACME,8.6,M,M,58.0586,1.17,3.38,2.21,23.96,35.37,867.516
L1,L118,ACACME,6.3,,b,31.15665,1.17,3.38,2.21,23.96,35.37,564.468
L1,L118,ACACME,3.2,,b,8.0384,1.17,3.38,2.21,23.96,35.37,156.012
L1,L118,ACACME,6.4,,b,32.1536,1.17,3.38,2.21,23.96,35.37,577.644
L1,L118,ACACME,8.2,,b,52.7834,1.17,3.38,2.21,23.96,35.37,814.812
L1,L118,ACACME,6,,b,28.26,1.17,3.38,2.21,23.96,35.37,524.94
L1,L118,ACACME,4.6,,b,16.6106,1.17,3.38,2.21,23.96,35.37,340.476
L1,L118,ACACME,6.4,,b,32.1536,1.17,3.38,2.21,23.96,35.37,577.644
L1,L118,ACACME,5.6,,b,24.6176,1.17,3.38,2.21,23.96,35.37,472.236
L1,L118,ACACME,7.3,,b,41.83265,1.17,3.38,2.21,23.96,35.37,696.228
L1,L118,ACACME,8.2,,b,52.7834,1.17,3.38,2.21,23.96,35.37,814.812
L1,L118,ACACME,8.4,M,M,55.3896,1.28,3.51,2.23,26.31,39.05,841.164
L1,L118,ACACME,5.3,,b,22.05065,1.28,3.51,2.23,26.31,39.05,432.708
L1,L118,ACACME,6.5,,b,33.16625,1.28,3.51,2.23,26.31,39.05,590.82
L1,L118,ACACME,5.2,,b,21.2264,1.28,3.51,2.23,26.31,39.05,419.532
L1,L118,ACACME,7,,b,38.465,1.28,3.51,2.23,26.31,39.05,656.7
L1,L118,ACACME,5.4,,b,22.8906,1.28,3.51,2.23,26.31,39.05,445.884
L1,L118,ACACME,5.7,,b,25.50465,1.28,3.51,2.23,26.31,39.05,485.412
L1,L118,ACACME,4,,b,12.56,1.28,2.2,0.92,7.99,4.87,261.42
L1,L119,ACACME,8.2,M,M,52.7834,1.64,4.69,3.05,36.14,73.47,814.812
L1,L119,ACACME,11.1,,b,96.71985,1.64,4.69,3.05,36.14,73.47,1196.916
L1,L119,ACACME,10,,b,78.5,1.64,4.69,3.05,36.14,73.47,1051.98
L1,L119,ACACME,6.4,,b,32.1536,1.64,4.69,3.05,36.14,73.47,577.644
L1,L119,ACACME,8.3,,b,54.07865,1.64,4.69,3.05,36.14,73.47,827.988
L1,L119,ACACME,7,,b,38.465,1.64,4.69,3.05,36.14,73.47,656.7
L1,L119,ACACME,4,,b,12.56,1.64,4.69,3.05,36.14,73.47,261.42
L1,L119,ACACME,6.9,,b,37.37385,1.64,4.69,3.05,36.14,73.47,643.524
L1,L119,ACACME,8.4,,b,55.3896,1.64,4.69,3.05,36.14,73.47,841.164
L1,L119,ACACME,5.3,,b,22.05065,1.64,4.69,3.05,36.14,73.47,432.708
L1,L119,ACACME,11.1,M,M,96.71985,1.64,4.7,3.06,36.14,73.6,1196.916
L1,L119,ACACME,8.2,,b,52.7834,1.64,4.7,3.06,36.14,73.6,814.812
L1,L119,ACACME,10,,b,78.5,1.64,4.7,3.06,36.14,73.6,1051.98
L1,L119,ACACME,6.4,,b,32.1536,1.64,4.7,3.06,36.14,73.6,577.644
L1,L119,ACACME,8.3,,b,54.07865,1.64,4.7,3.06,36.14,73.6,827.988
L1,L119,ACACME,7,,b,38.465,1.64,4.7,3.06,36.14,73.6,656.7
L1,L119,ACACME,4,,b,12.56,1.64,4.7,3.06,36.14,73.6,261.42
L1,L119,ACACME,6.9,,b,37.37385,1.64,4.7,3.06,36.14,73.6,643.524
L1,L119,ACACME,8.4,,b,55.3896,1.64,4.7,3.06,36.14,73.6,841.164
L1,L119,ACACME,5.3,,b,22.05065,1.64,4.7,3.06,36.14,73.6,432.708
L1,L119,ACACME,7.9,M,M,48.99185,0.96,3.39,2.43,37.7,61,775.284
L1,L119,ACACME,6,,b,28.26,0.96,3.39,2.43,37.7,61,524.94
L1,L119,ACACME,7.1,,b,39.57185,0.96,3.39,2.43,37.7,61,669.876
L1,L119,ACACME,6.7,,b,35.23865,0.96,3.39,2.43,37.7,61,617.172
L1,L119,ACACME,7.9,,b,48.99185,0.96,3.39,2.43,37.7,61,775.284
L1,L119,ACACME,8.7,,b,59.41665,0.96,3.39,2.43,37.7,61,880.692
L1,L119,ACACME,6.4,,b,32.1536,0.96,3.39,2.43,37.7,61,577.644
L1,L119,ACACME,5.6,,b,24.6176,0.96,3.39,2.43,37.7,61,472.236
L1,L119,ACACME,4.3,,b,14.51465,0.96,3.39,2.43,37.7,61,300.948
L1,L119,ACACME,7.7,M,M,46.54265,1.32,4.24,2.92,20.98,40.81,748.932
L1,L119,ACACME,4.7,,b,17.34065,1.32,4.24,2.92,20.98,40.81,353.652
L1,L119,ACACME,4.3,,b,14.51465,1.32,4.24,2.92,20.98,40.81,300.948
L1,L119,ACACME,6.1,,b,29.20985,1.32,4.24,2.92,20.98,40.81,538.116
L1,L119,ACACME,6.5,,b,33.16625,1.32,4.24,2.92,20.98,40.81,590.82
L1,L119,ACACME,7,,b,38.465,1.32,4.24,2.92,20.98,40.81,656.7
L1,L119,ACACME,3.9,,b,11.93985,1.32,4.24,2.92,20.98,40.81,248.244
L1,L119,ACACME,5.5,,b,23.74625,1.32,4.24,2.92,20.98,40.81,459.06
L1,L119,ACACME,6.3,M,M,31.15665,0.94,2.87,1.93,18.88,24.24,564.468
L1,L119,ACACME,5.7,,b,25.50465,0.94,2.87,1.93,18.88,24.24,485.412
L1,L119,ACACME,5.5,,b,23.74625,0.94,2.87,1.93,18.88,24.24,459.06
L1,L119,ACACME,4.6,,b,16.6106,0.94,2.87,1.93,18.88,24.24,340.476
L1,L119,ACACME,3.6,,b,10.1736,0.94,2.87,1.93,18.88,24.24,208.716
L1,L119,ACACME,4.7,,b,17.34065,0.94,2.87,1.93,18.88,24.24,353.652
L1,L119,ACACME,5.5,M,M,23.74625,1.28,2.2,0.92,7.99,4.87,459.06
L1,L119,ACACME,4.3,,b,14.51465,1.28,2.2,0.92,7.99,4.87,300.948
L1,L119,ACACME,5.1,,b,20.41785,1.28,2.2,0.92,7.99,4.87,406.356
L1,L120,ACACME,10.6,M,M,88.2026,1.21,3.99,2.78,46.35,86.02,1131.036
L1,L120,ACACME,6.5,,b,33.16625,1.21,3.99,2.78,46.35,86.02,590.82
L1,L120,ACACME,5.2,,b,21.2264,1.21,3.99,2.78,46.35,86.02,419.532
L1,L120,ACACME,8.3,,b,54.07865,1.21,3.99,2.78,46.35,86.02,827.988
L1,L120,ACACME,4.5,,b,15.89625,1.21,3.99,2.78,46.35,86.02,327.3
L1,L120,ACACME,8.6,,b,58.0586,1.21,3.99,2.78,46.35,86.02,867.516
L1,L120,ACACME,8.7,,b,59.41665,1.21,3.99,2.78,46.35,86.02,880.692
L1,L120,ACACME,4.4,,b,15.1976,1.21,3.99,2.78,46.35,86.02,314.124
L1,L120,ACACME,7.3,M,M,41.83265,1.27,2.87,1.6,17.44,18.55,696.228
L1,L120,ACACME,7.7,,b,46.54265,1.27,2.87,1.6,17.44,18.55,748.932
L1,L120,ACACME,5.9,,b,27.32585,1.27,2.87,1.6,17.44,18.55,511.764
L1,L120,ACACME,5.2,,b,21.2264,1.27,2.87,1.6,17.44,18.55,419.532
L1,L120,ACACME,4.6,M,M,16.6106,1.2,3.14,1.94,10.39,13.44,340.476
L1,L120,ACACME,4.1,,b,13.19585,1.2,3.14,1.94,10.39,13.44,274.596
L1,L120,ACACME,4.1,,b,13.19585,1.2,3.14,1.94,10.39,13.44,274.596
L1,L120,ACACME,4.5,,b,15.89625,1.2,3.14,1.94,10.39,13.44,327.3
L1,L120,ACACME,4.4,,b,15.1976,1.2,3.14,1.94,10.39,13.44,314.124
L1,L120,ACACME,4.6,,b,16.6106,1.2,3.14,1.94,10.39,13.44,340.476
L1,L120,ACACME,7.6,M,M,45.3416,1.17,3.29,2.12,25.36,35.88,735.756
L1,L120,ACACME,4.1,,b,13.19585,1.17,3.29,2.12,25.36,35.88,274.596
L1,L120,ACACME,4.2,,b,13.8474,1.17,3.29,2.12,25.36,35.88,287.772
L1,L120,ACACME,5.4,,b,22.8906,1.17,3.29,2.12,25.36,35.88,445.884
L1,L120,ACACME,7.1,,b,39.57185,1.17,3.29,2.12,25.36,35.88,669.876
L1,L120,ACACME,4.1,,b,13.19585,1.17,3.29,2.12,25.36,35.88,274.596
L1,L120,ACACME,6.6,,b,34.1946,1.17,3.29,2.12,25.36,35.88,603.996
L1,L120,ACACME,5.3,,b,22.05065,1.17,3.29,2.12,25.36,35.88,432.708
L1,L120,ACACME,4,,b,12.56,1.17,3.29,2.12,25.36,35.88,261.42
L1,L120,ACACME,9.3,M,M,67.89465,0.79,3.35,2.56,39.03,66.71,959.748
L1,L120,ACACME,7,,b,38.465,0.79,3.35,2.56,39.03,66.71,656.7
L1,L120,ACACME,4.1,,b,13.19585,0.79,3.35,2.56,39.03,66.71,274.596
L1,L120,ACACME,5.5,,b,23.74625,0.79,3.35,2.56,39.03,66.71,459.06
L1,L120,ACACME,7.1,,b,39.57185,0.79,3.35,2.56,39.03,66.71,669.876
L1,L120,ACACME,10.9,,b,93.26585,0.79,3.35,2.56,39.03,66.71,1170.564
L1,L120,ACACME,7.9,,b,48.99185,0.79,3.35,2.56,39.03,66.71,775.284
L1,L120,ACACME,8.6,,b,58.0586,0.79,3.35,2.56,39.03,66.71,867.516
L1,L120,ACACME,8.6,,b,58.0586,0.79,3.35,2.56,39.03,66.71,867.516
L1,L120,ACACME,8.2,M,M,52.7834,1.18,2.59,1.41,7.69,7.24,814.812
L1,L120,ACACME,5.7,,b,25.50465,1.18,2.59,1.41,7.69,7.24,485.412
L1,L120,ACACME,5.6,,b,24.6176,1.18,2.59,1.41,7.69,7.24,472.236
L1,L120,ACACME,4.8,,b,18.0864,1.18,2.59,1.41,7.69,7.24,366.828
L1,L120,ACACME,4.6,,b,16.6106,1.18,2.59,1.41,7.69,7.24,340.476
L1,L120,ACACME,6,,b,28.26,1.18,2.59,1.41,7.69,7.24,524.94
L1,L121,ACACME,8.9,M,M,62.17985,0.8,4.24,3.44,46.88,107.44,907.044
L1,L121,ACACME,8.4,,b,55.3896,0.8,4.24,3.44,46.88,107.44,841.164
L1,L121,ACACME,7,,b,38.465,0.8,4.24,3.44,46.88,107.44,656.7
L1,L121,ACACME,7.5,,b,44.15625,0.8,4.24,3.44,46.88,107.44,722.58
L1,L121,ACACME,6.3,,b,31.15665,0.8,4.24,3.44,46.88,107.44,564.468
L1,L121,ACACME,8.4,,b,55.3896,0.8,4.24,3.44,46.88,107.44,841.164
L1,L121,ACACME,6.2,,b,30.1754,0.8,4.24,3.44,46.88,107.44,551.292
L1,L121,ACACME,7.1,,b,39.57185,0.8,4.24,3.44,46.88,107.44,669.876
L1,L121,ACACME,6.8,,b,36.2984,0.8,4.24,3.44,46.88,107.44,630.348
L1,L121,ACACME,6.9,,b,37.37385,0.8,4.24,3.44,46.88,107.44,643.524
L1,L121,ACACME,5,,b,19.625,0.8,4.24,3.44,46.88,107.44,393.18
L1,L121,ACACME,3.7,,b,10.74665,0.8,4.24,3.44,46.88,107.44,221.892
L1,L121,ACACME,6.4,M,M,32.1536,1.22,4.3,3.08,27.86,57.19,577.644
L1,L121,ACACME,6,,b,28.26,1.22,4.3,3.08,27.86,57.19,524.94
L1,L121,ACACME,7.2,,b,40.6944,1.22,4.3,3.08,27.86,57.19,683.052
L1,L121,ACACME,5.3,,b,22.05065,1.22,4.3,3.08,27.86,57.19,432.708
L1,L121,ACACME,5.7,,b,25.50465,1.22,4.3,3.08,27.86,57.19,485.412
L1,L121,ACACME,5.3,,b,22.05065,1.22,4.3,3.08,27.86,57.19,432.708
L1,L121,ACACME,5.5,,b,23.74625,1.22,4.3,3.08,27.86,57.19,459.06
L1,L121,ACACME,4.9,,b,18.84785,1.22,4.3,3.08,27.86,57.19,380.004
L1,L121,ACACME,3.5,,b,9.61625,1.22,4.3,3.08,27.86,57.19,195.54
L1,L121,ACACME,5.1,M,M,20.41785,0.36,2.99,2.63,17.48,30.63,406.356
L1,L121,ACACME,4.4,,b,15.1976,0.36,2.99,2.63,17.48,30.63,314.124
L1,L121,ACACME,4.7,,b,17.34065,0.36,2.99,2.63,17.48,30.63,353.652
L1,L121,ACACME,4.6,,b,16.6106,0.36,2.99,2.63,17.48,30.63,340.476
L1,L121,ACACME,12.7,M,M,126.61265,1.52,4.27,2.75,19.33,35.42,1407.732
L1,L121,ACACME,9.4,,b,69.3626,1.52,4.27,2.75,19.33,35.42,972.924
L1,L121,ACACME,7.5,,b,44.15625,1.52,4.27,2.75,19.33,35.42,722.58
L1,L121,ACACME,7.6,,b,45.3416,1.52,4.27,2.75,19.33,35.42,735.756
L1,L121,ACACME,9.1,,b,65.00585,1.52,4.27,2.75,19.33,35.42,933.396
L1,L121,ACACME,11.6,,b,105.6296,1.52,4.27,2.75,19.33,35.42,1262.796
L1,L121,ACACME,5.6,,b,24.6176,1.52,4.27,2.75,19.33,35.42,472.236
L1,L121,ACACME,9.7,,b,73.86065,1.52,4.27,2.75,19.33,35.42,1012.452
L1,L121,ACACME,7.5,,b,44.15625,1.52,4.27,2.75,19.33,35.42,722.58
L1,L121,ACACME,6.7,,b,35.23865,1.52,4.27,2.75,19.33,35.42,617.172
L1,L121,ACACME,7.1,,b,39.57185,1.52,4.27,2.75,19.33,35.42,669.876
L1,L123,ACACME,7.3,M,M,41.83265,0.93,3.38,2.45,15.01,24.51,696.228
L1,L123,ACACME,6.5,,b,33.16625,0.93,3.38,2.45,15.01,24.51,590.82
L1,L123,ACACME,7.4,,b,42.9866,0.93,3.38,2.45,15.01,24.51,709.404
L1,L123,ACACME,3.3,,b,8.54865,0.93,3.38,2.45,15.01,24.51,169.188
L1,L123,ACACME,3,,b,7.065,0.93,3.38,2.45,15.01,24.51,129.66
L1,L123,ACACME,3.2,M,M,8.0384,0.75,1.86,1.11,1.77,1.31,156.012
L1,L123,ACACME,3.9,M,M,11.93985,1.17,2.49,1.32,12.11,10.66,248.244
L1,L123,ACACME,3.5,,b,9.61625,0.36,2.5,2.14,12.11,17.28,195.54
L1,L123,ACACME,3.4,,b,9.0746,0.36,2.5,2.14,12.11,17.28,182.364
L1,L123,ACACME,6.2,M,M,30.1754,0.93,2.71,1.78,6.95,8.25,551.292
L1,L123,ACACME,7.3,M,M,41.83265,0.79,3.72,2.93,9.84,19.23,696.228
L1,L123,ACACME,5,,b,19.625,0.79,3.72,2.93,9.84,19.23,393.18
L1,L123,ACACME,5.5,,b,23.74625,0.79,3.72,2.93,9.84,19.23,459.06
L1,L123,ACACME,5.1,,b,20.41785,0.79,3.72,2.93,9.84,19.23,406.356
L1,L123,ACACME,4.3,,b,14.51465,0.79,3.72,2.93,9.84,19.23,300.948
L1,L123,ACACME,4.1,,b,13.19585,0.79,3.72,2.93,9.84,19.23,274.596
L1,L123,ACACME,5.7,M,M,25.50465,1.05,3.71,2.66,17.83,31.62,485.412
L1,L123,ACACME,5.3,,b,22.05065,1.05,3.71,2.66,17.83,31.62,432.708
L1,L123,ACACME,4.6,,b,16.6106,1.05,3.71,2.66,17.83,31.62,340.476
L1,L123,ACACME,5.6,M,M,24.6176,1.06,3.84,2.78,17.83,33.04,472.236
L1,L123,ACACME,4.7,,b,17.34065,1.06,3.84,2.78,17.83,33.04,353.652
L1,L123,ACACME,4.2,,b,13.8474,1.06,3.84,2.78,17.83,33.04,287.772
L1,L123,ACACME,5.7,,b,25.50465,1.06,3.84,2.78,17.83,33.04,485.412
L1,L123,ACACME,7.1,M,M,39.57185,0.66,3.41,2.75,15.72,28.82,669.876
L1,L123,ACACME,4.7,,b,17.34065,0.66,3.41,2.75,15.72,28.82,353.652
L1,L123,ACACME,4.5,,b,15.89625,0.66,3.41,2.75,15.72,28.82,327.3
L1,L123,ACACME,4.2,,b,13.8474,0.66,3.41,2.75,15.72,28.82,287.772
L1,L123,ACACME,5.5,M,M,23.74625,1.01,4.14,3.13,7.43,15.51,459.06
L1,L123,ACACME,4.7,,b,17.34065,1.01,4.14,3.13,7.43,15.51,353.652
L1,L123,ACACME,4.9,,b,18.84785,1.01,4.14,3.13,7.43,15.51,380.004
L1,L123,ACACME,4.1,,b,13.19585,1.01,4.14,3.13,7.43,15.51,274.596
L1,L124,ACACME,4.6,M,M,16.6106,1.52,4.14,2.62,8.85,15.46,340.476
L1,L124,ACACME,3.6,,b,10.1736,1.52,4.14,2.62,8.85,15.46,208.716
L1,L124,ACACME,3.8,M,M,11.3354,1.04,4.14,3.1,3.95,8.16,235.068
L1,L124,ACACME,5.4,,b,22.8906,1.04,4.14,3.1,3.95,8.16,445.884
L1,L124,ACACME,2.6,,b,5.3066,1.04,4.14,3.1,3.95,8.16,76.956
L1,L124,ACACME,6.1,M,M,29.20985,1.01,4.14,3.13,12.72,26.54,538.116
L1,L124,ACACME,4.1,,b,13.19585,1.01,4.14,3.13,12.72,26.54,274.596
L1,L124,ACACME,4.1,,b,13.19585,1.01,4.14,3.13,12.72,26.54,274.596
L1,L124,ACACME,6.2,,b,30.1754,1.01,4.14,3.13,12.72,26.54,551.292
L1,L124,ACACME,5.3,,b,22.05065,1.01,4.14,3.13,12.72,26.54,432.708
L1,L124,ACACME,3.7,,b,10.74665,1.01,4.14,3.13,12.72,26.54,221.892
L1,L124,ACACME,4.1,M,M,13.19585,2.37,4.14,1.77,6.81,8.04,274.596
L1,L124,ACACME,3.5,,b,9.61625,2.37,4.14,1.77,6.81,8.04,195.54
L1,L124,ACACME,5.9,,b,27.32585,2.37,4.14,1.77,6.81,8.04,511.764
L1,L124,ACACME,5,,b,19.625,2.37,4.14,1.77,6.81,8.04,393.18
L1,L124,ACACME,3.5,M,M,9.61625,1.83,4.14,2.31,16.03,24.69,195.54
L1,L124,ACACME,4.6,,b,16.6106,1.83,4.14,2.31,16.03,24.69,340.476
L1,L124,ACACME,2.9,,b,6.60185,1.83,4.14,2.31,16.03,24.69,116.484
L1,L124,ACACME,3.7,,b,10.74665,1.83,4.14,2.31,16.03,24.69,221.892
L1,L124,ACACME,3.3,,b,8.54865,1.83,4.14,2.31,16.03,24.69,169.188
L1,L124,ACACME,6.1,M,M,29.20985,1.79,4.14,2.35,4.21,6.59,538.116
L1,L124,ACACME,3.3,,b,8.54865,1.79,4.14,2.35,4.21,6.59,169.188
L1,L124,ACACME,4.7,,b,17.34065,1.79,4.14,2.35,4.21,6.59,353.652
L1,L124,ACACME,5.5,,b,23.74625,1.79,4.14,2.35,4.21,6.59,459.06
L1,L124,ACACME,3.6,,b,10.1736,1.79,4.14,2.35,4.21,6.59,208.716
L1,L124,ACACME,7.7,M,M,46.54265,1.06,4.14,3.08,22.5,46.21,748.932
L1,L124,ACACME,7,,b,38.465,1.06,4.14,3.08,22.5,46.21,656.7
L1,L124,ACACME,5.7,,b,25.50465,1.06,4.14,3.08,22.5,46.21,485.412
L1,L124,ACACME,6.4,,b,32.1536,1.06,4.14,3.08,22.5,46.21,577.644
L1,L124,ACACME,4.9,,b,18.84785,1.06,4.14,3.08,22.5,46.21,380.004
L1,L124,ACACME,5.7,,b,25.50465,1.06,4.14,3.08,22.5,46.21,485.412
L1,L124,ACACME,8.3,,b,54.07865,1.06,4.14,3.08,22.5,46.21,827.988
L1,L124,ACACME,5.7,,b,25.50465,1.06,4.14,3.08,22.5,46.21,485.412
L1,L124,ACACME,8.4,M,M,55.3896,1.58,2.22,0.64,7.07,3.02,841.164
L1,L124,ACACME,6.3,,b,31.15665,1.58,2.22,0.64,7.07,3.02,564.468
L1,L124,ACACME,4,,b,12.56,1.58,2.22,0.64,7.07,3.02,261.42
L1,L124,ACACME,5,,b,19.625,1.58,2.22,0.64,7.07,3.02,393.18
L1,L124,ACACME,6.2,M,M,30.1754,1.06,3.1,2.04,8.06,10.97,551.292
L1,L124,ACACME,3.7,,b,10.74665,1.06,3.1,2.04,8.06,10.97,221.892
L1,L124,ACACME,9.7,M,M,73.86065,1.02,2.74,1.72,13.66,15.66,1012.452
L1,L124,ACACME,4.9,,b,18.84785,1.02,2.74,1.72,13.66,15.66,380.004
L1,L124,ACACME,7,,b,38.465,1.02,2.74,1.72,13.66,15.66,656.7
L1,L124,ACACME,3.9,,b,11.93985,1.02,2.74,1.72,13.66,15.66,248.244
L1,L124,ACACME,8,M,M,50.24,1.04,3.51,2.47,22.65,37.3,788.46
L1,L124,ACACME,4.6,,b,16.6106,1.04,3.51,2.47,22.65,37.3,340.476
L1,L124,ACACME,5.7,,b,25.50465,1.04,3.51,2.47,22.65,37.3,485.412
L1,L124,ACACME,4.3,,b,14.51465,1.04,3.51,2.47,22.65,37.3,300.948
L1,L124,ACACME,4.1,,b,13.19585,1.04,3.51,2.47,22.65,37.3,274.596
L1,L124,ACACME,6.6,,b,34.1946,1.04,3.51,2.47,22.65,37.3,603.996
L1,L124,ACACME,5,,b,19.625,1.04,3.51,2.47,22.65,37.3,393.18
L1,L124,ACACME,7.5,M,M,44.15625,1.1,3.23,2.13,21.62,30.7,722.58
L1,L124,ACACME,5.7,,b,25.50465,1.1,3.23,2.13,21.62,30.7,485.412
L1,L124,ACACME,5,,b,19.625,1.1,3.23,2.13,21.62,30.7,393.18
L1,L124,ACACME,4.4,,b,15.1976,1.1,3.23,2.13,21.62,30.7,314.124
L1,L124,ACACME,4.5,,b,15.89625,1.1,3.23,2.13,21.62,30.7,327.3
L1,L124,ACACME,4.1,,b,13.19585,1.1,3.23,2.13,21.62,30.7,274.596
L1,L124,ACACME,4.5,,b,15.89625,1.1,3.23,2.13,21.62,30.7,327.3
L1,L124,ACACME,4.5,,b,15.89625,1.1,3.23,2.13,21.62,30.7,327.3
L1,L124,ACACME,4.7,,b,17.34065,1.1,3.23,2.13,21.62,30.7,353.652
L1,L124,ACACME,7.7,M,M,46.54265,1.04,3.74,2.7,9.36,16.84,748.932
L1,L124,ACACME,6,,b,28.26,1.04,3.74,2.7,9.36,16.84,524.94
L1,L124,ACACME,4.7,,b,17.34065,1.04,3.74,2.7,9.36,16.84,353.652
L1,L124,ACACME,5.5,,b,23.74625,1.04,3.74,2.7,9.36,16.84,459.06
L1,L124,ACACME,6.1,,b,29.20985,1.04,3.74,2.7,9.36,16.84,538.116
L1,L124,ACACME,6.6,M,M,34.1946,1,3.08,2.08,16.94,23.49,603.996
L1,L124,ACACME,4.6,,b,16.6106,1,3.08,2.08,16.94,23.49,340.476
L1,L124,ACACME,6.4,,b,32.1536,1,3.08,2.08,16.94,23.49,577.644
L1,L124,ACACME,4.3,,b,14.51465,1,3.08,2.08,16.94,23.49,300.948
L1,L124,ACACME,4.1,,b,13.19585,1,3.08,2.08,16.94,23.49,274.596
L1,L124,ACACME,6,M,M,28.26,1.05,3.26,2.21,17.07,25.15,524.94
L1,L124,ACACME,6.3,,b,31.15665,1.05,3.26,2.21,17.07,25.15,564.468
L1,L124,ACACME,4.4,,b,15.1976,1.05,3.26,2.21,17.07,25.15,314.124
L1,L124,ACACME,3.9,,b,11.93985,1.05,3.26,2.21,17.07,25.15,248.244
L1,L124,ACACME,4.9,,b,18.84785,1.05,3.26,2.21,17.07,25.15,380.004
L1,L124,ACACME,5,,b,19.625,1.05,3.26,2.21,17.07,25.15,393.18
L1,L124,ACACME,5.3,M,M,22.05065,1,2.95,1.95,5.01,6.51,432.708
L1,L124,ACACME,4.4,,b,15.1976,1,2.95,1.95,5.01,6.51,314.124
L1,L124,ACACME,3.4,M,M,9.0746,1,1.77,0.77,3.49,1.79,182.364
L1,L124,ACACME,3.4,,b,9.0746,1,1.77,0.77,3.49,1.79,182.364
L1,L124,ACACME,6,M,M,28.26,1.83,2.71,0.88,4.38,2.57,524.94
L1,L124,ACACME,4.1,M,M,13.19585,1.03,2.44,1.41,7.16,6.73,274.596
L1,L124,ACACME,6.1,,b,29.20985,1.03,2.44,1.41,7.16,6.73,538.116
L1,L124,ACACME,4.3,,b,14.51465,1.03,2.44,1.41,7.16,6.73,300.948
L1,L124,ACACME,4.5,,b,15.89625,1.03,2.44,1.41,7.16,6.73,327.3
L1,L124,ACACME,3.6,,b,10.1736,1.03,2.44,1.41,7.16,6.73,208.716
L1,L125,ACACME,10.7,M,M,89.87465,1.02,3.01,1.99,17.41,23.09,1144.212
L1,L125,ACACME,4,,b,12.56,1.02,3.01,1.99,17.41,23.09,261.42
L1,L125,ACACME,6.4,,b,32.1536,1.02,3.01,1.99,17.41,23.09,577.644
L1,L125,ACACME,7.9,,b,48.99185,1.02,3.01,1.99,17.41,23.09,775.284
L1,L125,ACACME,10.5,M,M,86.54625,1.03,4.33,3.3,20.99,46.18,1117.86
L1,L125,ACACME,8.3,,b,54.07865,1.03,4.33,3.3,20.99,46.18,827.988
L1,L125,ACACME,9.1,,b,65.00585,1.03,4.33,3.3,20.99,46.18,933.396
L1,L125,ACACME,6.9,,b,37.37385,1.03,4.33,3.3,20.99,46.18,643.524
L1,L125,ACACME,9.2,M,M,66.4424,1.06,3.02,1.96,2.73,3.57,946.572
L1,L125,ACACME,7.2,,b,40.6944,1.06,3.02,1.96,2.73,3.57,683.052
L1,L125,ACACME,6.7,,b,35.23865,1.06,3.02,1.96,2.73,3.57,617.172
L1,L125,ACACME,11.4,M,M,102.0186,1.01,2.2,1.19,1.86,1.48,1236.444
L1,L126,ACACME,18.5,M,M,268.66625,0.8,2.32,1.52,7.6,7.69,2171.94
L1,L126,ACACME,10.6,,b,88.2026,0.8,2.32,1.52,7.6,7.69,1131.036
L1,L126,ACACME,8.5,,b,56.71625,0.8,2.32,1.52,7.6,7.69,854.34
L1,L126,ACACME,9.1,,b,65.00585,0.8,2.32,1.52,7.6,7.69,933.396
L1,L126,ACACME,7.6,,b,45.3416,0.8,2.32,1.52,7.6,7.69,735.756
L1,L126,ACACME,5.5,,b,23.74625,0.8,2.32,1.52,7.6,7.69,459.06
L1,L128,ACACME,13.8,M,M,149.4954,0.9,3.72,2.82,21.8,40.98,1552.668
L1,L128,ACACME,10.2,,b,81.6714,0.9,3.72,2.82,21.8,40.98,1078.332
L1,L128,ACACME,5.7,,b,25.50465,0.9,3.72,2.82,21.8,40.98,485.412
L1,L128,ACACME,5.3,,b,22.05065,0.9,3.72,2.82,21.8,40.98,432.708
L1,L128,ACACME,6.6,,b,34.1946,0.9,3.72,2.82,21.8,40.98,603.996
L1,L128,ACACME,7.7,,b,46.54265,0.9,3.72,2.82,21.8,40.98,748.932
L1,L128,ACACME,8.5,,b,56.71625,0.9,3.72,2.82,21.8,40.98,854.34
L1,L128,ACACME,12.1,M,M,114.93185,1.22,4.82,3.6,27.71,66.44,1328.676
L1,L128,ACACME,11,,b,94.985,1.22,4.82,3.6,27.71,66.44,1183.74
L1,L128,ACACME,10.8,,b,91.5624,1.22,4.82,3.6,27.71,66.44,1157.388
L1,L128,ACACME,7.9,,b,48.99185,1.22,4.82,3.6,27.71,66.44,775.284
L1,L128,ACACME,8.4,,b,55.3896,1.22,4.82,3.6,27.71,66.44,841.164
L1,L128,ACACME,8.7,,b,59.41665,1.22,4.82,3.6,27.71,66.44,880.692
L1,L128,ACACME,8.5,,b,56.71625,1.22,4.82,3.6,27.71,66.44,854.34
L1,L128,ACACME,12.7,M,M,126.61265,1.2,2.96,1.76,12.22,14.32,1407.732
L1,L128,ACACME,8.5,,b,56.71625,1.2,2.96,1.76,12.22,14.32,854.34
L1,L128,ACACME,8.3,,b,54.07865,1.2,2.96,1.76,12.22,14.32,827.988
L1,L128,ACACME,7.7,,b,46.54265,1.2,2.96,1.76,12.22,14.32,748.932
L1,L128,ACACME,7.6,M,M,45.3416,1.1,2.71,1.61,13.75,14.79,735.756
L1,L128,ACACME,6.1,,b,29.20985,1.1,2.71,1.61,13.75,14.79,538.116
L1,L128,ACACME,5.7,,b,25.50465,1.1,2.71,1.61,13.75,14.79,485.412
L1,L128,ACACME,6.4,,b,32.1536,1.1,2.71,1.61,13.75,14.79,577.644
L1,L128,ACACME,5.7,,b,25.50465,1.1,2.71,1.61,13.75,14.79,485.412
L1,L128,ACACME,5.1,,b,20.41785,1.1,2.71,1.61,13.75,14.79,406.356
L1,L128,ACACME,6.6,,b,34.1946,1.1,2.71,1.61,13.75,14.79,603.996
L1,L128,ACACME,10.6,M,M,88.2026,4.37,5,0.63,32.17,13.6,1131.036
L1,L128,ACACME,8.3,,b,54.07865,4.37,5,0.63,32.17,13.6,827.988
L1,L128,ACACME,6.1,,b,29.20985,4.37,5,0.63,32.17,13.6,538.116
L1,L128,ACACME,6.5,,b,33.16625,4.37,5,0.63,32.17,13.6,590.82
L1,L129,ACACME,16.6,M,M,216.3146,1.21,5.27,4.06,48.54,131.52,1921.596
L1,L129,ACACME,8.9,,b,62.17985,1.21,5.27,4.06,48.54,131.52,907.044
L1,L129,ACACME,8.3,,b,54.07865,1.21,5.27,4.06,48.54,131.52,827.988
L1,L129,ACACME,8.8,,b,60.7904,1.21,5.27,4.06,48.54,131.52,893.868
L1,L129,ACACME,8.2,,b,52.7834,1.21,5.27,4.06,48.54,131.52,814.812
L1,L129,ACACME,10.8,,b,91.5624,1.21,5.27,4.06,48.54,131.52,1157.388
L1,L129,ACACME,8.1,,b,51.50385,1.21,5.27,4.06,48.54,131.52,801.636
L1,L129,ACACME,15.6,M,M,191.0376,1.2,2.78,1.58,12.22,12.85,1789.836
L1,L129,ACACME,13.1,,b,134.71385,1.2,2.78,1.58,12.22,12.85,1460.436
L1,L129,ACACME,13,,b,132.665,1.2,2.78,1.58,12.22,12.85,1447.26
L1,L129,ACACME,14.3,M,M,160.52465,1.22,4.3,3.08,38.94,80.01,1618.548
L1,L129,ACACME,11.5,,b,103.81625,1.22,4.3,3.08,38.94,80.01,1249.62
L1,L129,ACACME,8.3,,b,54.07865,1.22,4.3,3.08,38.94,80.01,827.988
L1,L129,ACACME,5.8,,b,26.4074,1.22,4.3,3.08,38.94,80.01,498.588
L1,L129,ACACME,8.9,,b,62.17985,1.22,4.3,3.08,38.94,80.01,907.044
L1,L129,ACACME,11.1,,b,96.71985,1.22,4.3,3.08,38.94,80.01,1196.916
L1,L131,ACACME,4.6,M,M,16.6106,1.12,3.02,1.9,13.03,16.49,340.476
L1,L131,ACACME,3.5,,b,9.61625,1.12,3.02,1.9,13.03,16.49,195.54
L1,L131,ACACME,3.5,,b,9.61625,1.12,3.02,1.9,13.03,16.49,195.54
L1,L131,ACACME,3.9,M,M,11.93985,1.02,3.14,2.12,12.06,17.05,248.244
L1,L131,ACACME,3.6,,b,10.1736,1.02,3.14,2.12,12.06,17.05,208.716
L1,L131,ACACME,3.1,,b,7.54385,1.02,3.14,2.12,12.06,17.05,142.836
L1,L131,ACACME,2.9,,b,6.60185,1.02,3.14,2.12,12.06,17.05,116.484
L1,L133,ACACME,20,M,M,314,1.22,3.11,1.89,20.22,25.48,2369.58
L1,L133,ACACME,11.7,,b,107.45865,1.22,3.11,1.89,20.22,25.48,1275.972
L1,L133,ACACME,10.1,,b,80.07785,1.22,3.11,1.89,20.22,25.48,1065.156
L1,L133,ACACME,7.7,,b,46.54265,1.22,3.11,1.89,20.22,25.48,748.932
L1,L133,ACACME,10.1,,b,80.07785,1.22,3.11,1.89,20.22,25.48,1065.156
L1,L133,ACACME,7.9,,b,48.99185,1.22,3.11,1.89,20.22,25.48,775.284
L1,L134,ACACME,17.7,M,M,245.93265,1.2,4.82,3.62,41.53,100.13,2066.532
L1,L134,ACACME,9,,b,63.585,1.2,4.82,3.62,41.53,100.13,920.22
L1,L134,ACACME,14.5,,b,165.04625,1.2,4.82,3.62,41.53,100.13,1644.9
L1,L134,ACACME,11.7,,b,107.45865,1.2,4.82,3.62,41.53,100.13,1275.972
L1,L134,ACACME,10.7,,b,89.87465,1.2,4.82,3.62,41.53,100.13,1144.212
L1,L134,ACACME,7.4,M,M,42.9866,0.8,3.38,2.58,5.8,9.99,709.404
L1,L134,ACACME,5.5,,b,23.74625,0.8,3.38,2.58,5.8,9.99,459.06
L1,L134,ACACME,4.9,,b,18.84785,0.8,3.38,2.58,5.8,9.99,380.004
L1,L134,ACACME,2.3,,b,4.15265,0.8,3.38,2.58,5.8,9.99,37.428
L1,L134,ACACME,2.5,,b,4.90625,0.8,3.38,2.58,5.8,9.99,63.78
L1,L134,ACACME,15.5,M,M,188.59625,0.9,3.84,2.94,34.34,67.33,1776.66
L1,L134,ACACME,5.6,,b,24.6176,0.9,3.84,2.94,34.34,67.33,472.236
L1,L134,ACACME,7.3,,b,41.83265,0.9,3.84,2.94,34.34,67.33,696.228
L1,L134,ACACME,5.5,,b,23.74625,0.9,3.84,2.94,34.34,67.33,459.06
L1,L134,ACACME,8.3,,b,54.07865,0.9,3.84,2.94,34.34,67.33,827.988
L1,L134,ACACME,6.8,,b,36.2984,0.9,3.84,2.94,34.34,67.33,630.348
L1,L135,ACACME,5,M,M,19.625,0.66,1.83,1.17,3.53,2.75,393.18
L1,L135,ACACME,5,,b,19.625,0.66,1.83,1.17,3.53,2.75,393.18
L1,L135,ACACME,2.1,,b,3.46185,0.66,1.83,1.17,3.53,2.75,11.076
L1,L135,ACACME,8.4,M,M,55.3896,0.22,2.82,2.6,9.04,15.67,841.164
L1,L135,ACACME,1.3,,b,1.32665,0.22,2.82,2.6,9.04,15.67,-94.332
L1,L135,ACACME,7.6,,b,45.3416,0.22,2.82,2.6,9.04,15.67,735.756
L1,L135,ACACME,7.1,,b,39.57185,0.22,2.82,2.6,9.04,15.67,669.876
L1,L135,ACACME,8.1,,b,51.50385,0.22,2.82,2.6,9.04,15.67,801.636
L1,L135,ACACME,1.1,M,M,0.94985,0.1,0.7,0.6,3.69,1.48,-120.684
L1,L135,ACACME,2.1,M,M,3.46185,0.2,0.8,0.6,1.28,0.51,11.076
L1,L135,ACACME,1.5,,b,1.76625,0.2,0.8,0.6,1.28,0.51,-67.98
L1,L135,ACACME,1.7,,b,2.26865,0.2,0.8,0.6,1.28,0.51,-41.628
L1,L135,ACACME,1.7,,b,2.26865,0.2,0.8,0.6,1.28,0.51,-41.628
L1,L135,ACACME,7.4,M,M,42.9866,0.8,3.63,2.83,10.13,19.11,709.404
L1,L135,ACACME,6.9,,b,37.37385,0.8,3.63,2.83,10.13,19.11,643.524
L1,L135,ACACME,5.2,,b,21.2264,0.8,3.63,2.83,10.13,19.11,419.532
L1,L135,ACACME,5.3,M,M,22.05065,0.22,1.82,1.6,5.6,5.98,432.708
L1,L135,ACACME,4.7,,b,17.34065,0.22,1.82,1.6,5.6,5.98,353.652
L1,L135,ACACME,3.2,,b,8.0384,0.22,1.82,1.6,5.6,5.98,156.012
L1,L135,ACACME,13,M,M,132.665,0.5,3.5,3,6.59,13.19,1447.26
L1,L135,ACACME,11,,b,94.985,0.5,3.5,3,6.59,13.19,1183.74
L1,L135,ACACME,12.4,,b,120.7016,0.5,3.5,3,6.59,13.19,1368.204
L1,L135,ACACME,10.9,,b,93.26585,0.5,3.5,3,6.59,13.19,1170.564
L1,L135,ACACME,6.3,,b,31.15665,0.5,3.5,3,6.59,13.19,564.468
L1,L136,ACACME,6.4,M,M,32.1536,0.7,3.3,2.6,14.51,25.16,577.644
L1,L136,ACACME,6.3,,b,31.15665,0.7,3.3,2.6,14.51,25.16,564.468
L1,L136,ACACME,6.2,,b,30.1754,0.7,3.3,2.6,14.51,25.16,551.292
L1,L136,ACACME,5.6,,b,24.6176,0.7,3.3,2.6,14.51,25.16,472.236
L1,L136,ACACME,5.2,,b,21.2264,0.7,3.3,2.6,14.51,25.16,419.532
L1,L136,ACACME,4.4,,b,15.1976,0.7,3.3,2.6,14.51,25.16,314.124
L1,L136,ACACME,2.8,,b,6.1544,0.7,3.3,2.6,14.51,25.16,103.308
L1,L136,ACACME,4.9,,b,18.84785,0.7,3.3,2.6,14.51,25.16,380.004
L1,L136,ACACME,11.1,M,M,96.71985,1.1,3.9,2.8,24.18,45.14,1196.916
L1,L136,ACACME,7.2,,b,40.6944,1.1,3.9,2.8,24.18,45.14,683.052
L1,L136,ACACME,7.4,,b,42.9866,1.1,3.9,2.8,24.18,45.14,709.404
L1,L136,ACACME,8.3,,b,54.07865,1.1,3.9,2.8,24.18,45.14,827.988
L1,L136,ACACME,7.6,,b,45.3416,1.1,3.9,2.8,24.18,45.14,735.756
L1,L136,ACACME,7.7,,b,46.54265,1.1,3.9,2.8,24.18,45.14,748.932
L1,L136,ACACME,9.2,M,M,66.4424,1,4.24,3.24,39.48,85.27,946.572
L1,L136,ACACME,6.7,,b,35.23865,1,4.24,3.24,39.48,85.27,617.172
L1,L136,ACACME,4.1,,b,13.19585,1,4.24,3.24,39.48,85.27,274.596
L1,L136,ACACME,7.3,,b,41.83265,1,4.24,3.24,39.48,85.27,696.228
L1,L136,ACACME,3.6,,b,10.1736,1,4.24,3.24,39.48,85.27,208.716
L1,L136,ACACME,8.7,,b,59.41665,1,4.24,3.24,39.48,85.27,880.692
L1,L136,ACACME,4,,b,12.56,1,4.24,3.24,39.48,85.27,261.42
L1,L136,ACACME,6.4,,b,32.1536,1,4.24,3.24,39.48,85.27,577.644
L1,L136,ACACME,7.6,,b,45.3416,1,4.24,3.24,39.48,85.27,735.756
L1,L136,ACACME,6.9,,b,37.37385,1,4.24,3.24,39.48,85.27,643.524
L1,L136,ACACME,6.5,,b,33.16625,1,4.24,3.24,39.48,85.27,590.82
L1,L136,ACACME,5.8,,b,26.4074,1,4.24,3.24,39.48,85.27,498.588
L1,L136,ACACME,6.4,M,M,32.1536,0.9,3.8,2.9,10.49,20.28,577.644
L1,L136,ACACME,5.6,,b,24.6176,0.9,3.8,2.9,10.49,20.28,472.236
L1,L136,ACACME,4,,b,12.56,0.9,3.8,2.9,10.49,20.28,261.42
L1,L136,ACACME,3.2,,b,8.0384,0.9,3.8,2.9,10.49,20.28,156.012
L1,L136,ACACME,6,,b,28.26,0.9,3.8,2.9,10.49,20.28,524.94
L1,L136,ACACME,3.8,,b,11.3354,0.9,3.8,2.9,10.49,20.28,235.068
L1,L136,ACACME,3.3,,b,8.54865,0.9,3.8,2.9,10.49,20.28,169.188
L1,L136,ACACME,6.4,M,M,32.1536,1,3.1,2.1,9.01,12.62,577.644
L1,L136,ACACME,4.5,,b,15.89625,1,3.1,2.1,9.01,12.62,327.3
L1,L136,ACACME,6.3,,b,31.15665,1,3.1,2.1,9.01,12.62,564.468
L1,L136,ACACME,6.3,,b,31.15665,1,3.1,2.1,9.01,12.62,564.468
L1,L137,ACACME,12.3,M,M,118.76265,1,4.71,3.71,24.44,60.45,1355.028
L1,L137,ACACME,7.2,,b,40.6944,1,4.71,3.71,24.44,60.45,683.052
L1,L137,ACACME,8.1,,b,51.50385,1,4.71,3.71,24.44,60.45,801.636
L1,L137,ACACME,6.8,,b,36.2984,1,4.71,3.71,24.44,60.45,630.348
L1,L137,ACACME,5.5,M,M,23.74625,0.5,2.43,1.93,9.88,12.71,459.06
L1,L137,ACACME,4.3,,b,14.51465,0.5,2.43,1.93,9.88,12.71,300.948
L1,L137,ACACME,3.1,,b,7.54385,0.5,2.43,1.93,9.88,12.71,142.836
L1,L137,ACACME,2,,b,3.14,0.5,2.43,1.93,9.88,12.71,-2.1
L1,L137,ACACME,1.5,,b,1.76625,0.5,2.43,1.93,9.88,12.71,-67.98
L1,L137,ACACME,13.6,M,M,145.1936,1,4.51,3.51,24.12,56.44,1526.316
L1,L137,ACACME,8.5,,b,56.71625,1,4.51,3.51,24.12,56.44,854.34
L1,L137,ACACME,8.8,,b,60.7904,1,4.51,3.51,24.12,56.44,893.868
L1,L137,ACACME,8.1,,b,51.50385,1,4.51,3.51,24.12,56.44,801.636
L1,L137,ACACME,10.3,,b,83.28065,1,4.51,3.51,24.12,56.44,1091.508
L1,L137,ACACME,6.8,M,M,36.2984,5.2,7.7,2.5,20.67,34.45,630.348
L1,L137,ACACME,6.3,,b,31.15665,5.2,7.7,2.5,20.67,34.45,564.468
L1,L137,ACACME,6.7,,b,35.23865,5.2,7.7,2.5,20.67,34.45,617.172
L1,L137,ACACME,3.7,,b,10.74665,5.2,7.7,2.5,20.67,34.45,221.892
L1,L137,ACACME,5.9,,b,27.32585,5.2,7.7,2.5,20.67,34.45,511.764
L1,L137,ACACME,3.1,,b,7.54385,5.2,7.7,2.5,20.67,34.45,142.836
L1,L137,ACACME,5.3,,b,22.05065,5.2,7.7,2.5,20.67,34.45,432.708
L1,L137,ACACME,3.9,,b,11.93985,5.2,7.7,2.5,20.67,34.45,248.244
L1,L137,ACACME,4.2,,b,13.8474,5.2,7.7,2.5,20.67,34.45,287.772
L1,L137,ACACME,11.5,M,M,103.81625,0.2,3.66,3.46,20.61,47.53,1249.62
L1,L137,ACACME,8.9,,b,62.17985,0.2,3.66,3.46,20.61,47.53,907.044
L1,L137,ACACME,9.9,,b,76.93785,0.2,3.66,3.46,20.61,47.53,1038.804
L1,L137,ACACME,8.5,,b,56.71625,0.2,3.66,3.46,20.61,47.53,854.34
L1,L137,ACACME,4.9,M,M,18.84785,1.1,2.94,1.84,7.73,9.48,380.004
L1,L137,ACACME,4.4,,b,15.1976,1.1,2.94,1.84,7.73,9.48,314.124
L1,L137,ACACME,3.5,,b,9.61625,1.1,2.94,1.84,7.73,9.48,195.54
L1,L137,ACACME,2.5,,b,4.90625,1.1,2.94,1.84,7.73,9.48,63.78
L1,L137,ACACME,4,,b,12.56,1.1,2.94,1.84,7.73,9.48,261.42
L1,L137,ACACME,4.5,,b,15.89625,1.1,2.94,1.84,7.73,9.48,327.3
L1,L137,ACACME,8.2,M,M,52.7834,0.04,3.93,3.89,21.58,55.96,814.812
L1,L137,ACACME,6.4,,b,32.1536,0.04,3.93,3.89,21.58,55.96,577.644
L1,L137,ACACME,6.5,,b,33.16625,0.04,3.93,3.89,21.58,55.96,590.82
L1,L137,ACACME,2,,b,3.14,0.04,3.93,3.89,21.58,55.96,-2.1
L1,L137,ACACME,6.3,,b,31.15665,0.04,3.93,3.89,21.58,55.96,564.468
L1,L137,ACACME,4.1,,b,13.19585,0.04,3.93,3.89,21.58,55.96,274.596
L1,L137,ACACME,7.4,,b,42.9866,0.04,3.93,3.89,21.58,55.96,709.404
L1,L137,ACACME,5.5,,b,23.74625,0.04,3.93,3.89,21.58,55.96,459.06
L1,L137,ACACME,6.8,,b,36.2984,0.04,3.93,3.89,21.58,55.96,630.348
L1,L137,ACACME,11.2,M,M,98.4704,1.1,3.69,2.59,20.02,34.56,1210.092
L1,L137,ACACME,8,,b,50.24,1.1,3.69,2.59,20.02,34.56,788.46
L1,L137,ACACME,8.2,,b,52.7834,1.1,3.69,2.59,20.02,34.56,814.812
L1,L137,ACACME,9.7,M,M,73.86065,0.7,3.2,2.5,14.84,24.73,1012.452
L1,L137,ACACME,4.1,,b,13.19585,0.7,3.2,2.5,14.84,24.73,274.596
L1,L137,ACACME,7.5,M,M,44.15625,0.93,3.38,2.45,21.27,34.73,722.58
L1,L137,ACACME,6.9,,b,37.37385,0.93,3.38,2.45,21.27,34.73,643.524
L1,L137,ACACME,8,,b,50.24,0.93,3.38,2.45,21.27,34.73,788.46
L1,L137,ACACME,4.2,,b,13.8474,0.93,3.38,2.45,21.27,34.73,287.772
L1,L137,ACACME,6,,b,28.26,0.93,3.38,2.45,21.27,34.73,524.94
L1,L137,ACACME,5.5,M,M,23.74625,1,2.78,1.78,7.32,8.69,459.06
L1,L137,ACACME,4.9,,b,18.84785,1,2.78,1.78,7.32,8.69,380.004
L1,L137,ACACME,6.7,M,M,35.23865,0.6,3.28,2.68,15.82,28.26,617.172
L1,L137,ACACME,5.9,,b,27.32585,0.6,3.28,2.68,15.82,28.26,511.764
L1,L137,ACACME,4,,b,12.56,0.6,3.28,2.68,15.82,28.26,261.42
L1,L137,ACACME,5.4,,b,22.8906,0.6,3.28,2.68,15.82,28.26,445.884
L1,L137,ACACME,3.4,,b,9.0746,0.6,3.28,2.68,15.82,28.26,182.364
L1,L137,ACACME,3.1,,b,7.54385,0.6,3.28,2.68,15.82,28.26,142.836
L1,L137,ACACME,2.6,,b,5.3066,0.6,3.28,2.68,15.82,28.26,76.956
L1,L137,ACACME,5.6,,b,24.6176,0.6,3.28,2.68,15.82,28.26,472.236
L1,L137,ACACME,4.7,,b,17.34065,0.6,3.28,2.68,15.82,28.26,353.652
L1,L137,ACACME,6.3,,b,31.15665,0.6,3.28,2.68,15.82,28.26,564.468
L1,L137,ACACME,3.1,,b,7.54385,0.6,3.28,2.68,15.82,28.26,142.836
L1,L137,ACACME,9.5,M,M,70.84625,0.4,3.55,3.15,8.42,17.69,986.1
L1,L137,ACACME,2.2,,b,3.7994,0.4,3.55,3.15,8.42,17.69,24.252
L1,L137,ACACME,5.5,,b,23.74625,0.4,3.55,3.15,8.42,17.69,459.06
L1,L138,ACACME,9.1,M,M,65.00585,1,3.54,2.54,19.94,33.76,933.396
L1,L138,ACACME,7,,b,38.465,1,3.54,2.54,19.94,33.76,656.7
L1,L138,ACACME,6.5,,b,33.16625,1,3.54,2.54,19.94,33.76,590.82
L1,L138,ACACME,3.2,,b,8.0384,1,3.54,2.54,19.94,33.76,156.012
L1,L138,ACACME,7.2,,b,40.6944,1,3.54,2.54,19.94,33.76,683.052
L1,L138,ACACME,1.8,,b,2.5434,1,3.54,2.54,19.94,33.76,-28.452
L1,L138,ACACME,3,,b,7.065,1,3.54,2.54,19.94,33.76,129.66
L1,L138,ACACME,5.9,M,M,27.32585,0.18,2.57,2.39,5.51,8.78,511.764
L1,L138,ACACME,4.3,,b,14.51465,0.18,2.57,2.39,5.51,8.78,300.948
L1,L138,ACACME,2,,b,3.14,0.18,2.57,2.39,5.51,8.78,-2.1
L1,L138,ACACME,1.8,,b,2.5434,0.18,2.57,2.39,5.51,8.78,-28.452
L1,L138,ACACME,9.2,M,M,66.4424,0.4,2.67,2.27,18.72,28.33,946.572
L1,L138,ACACME,6.1,,b,29.20985,0.4,2.67,2.27,18.72,28.33,538.116
L1,L138,ACACME,6,,b,28.26,0.4,2.67,2.27,18.72,28.33,524.94
L1,L138,ACACME,2.2,,b,3.7994,0.4,2.67,2.27,18.72,28.33,24.252
L1,L138,ACACME,2.8,,b,6.1544,0.4,2.67,2.27,18.72,28.33,103.308
L1,L138,ACACME,5.8,,b,26.4074,0.4,2.67,2.27,18.72,28.33,498.588
L1,L138,ACACME,5.1,,b,20.41785,0.4,2.67,2.27,18.72,28.33,406.356
L1,L138,ACACME,2,,b,3.14,0.4,2.67,2.27,18.72,28.33,-2.1
L1,L138,ACACME,5.3,,b,22.05065,0.4,2.67,2.27,18.72,28.33,432.708
L1,L138,ACACME,5.9,,b,27.32585,0.4,2.67,2.27,18.72,28.33,511.764
L1,L138,ACACME,11.4,M,M,102.0186,1,4.18,3.18,25.72,54.52,1236.444
L1,L138,ACACME,9.2,,b,66.4424,1,4.18,3.18,25.72,54.52,946.572
L1,L138,ACACME,3.2,,b,8.0384,1,4.18,3.18,25.72,54.52,156.012
L1,L138,ACACME,5.6,,b,24.6176,1,4.18,3.18,25.72,54.52,472.236
L1,L138,ACACME,9,,b,63.585,1,4.18,3.18,25.72,54.52,920.22
L1,L138,ACACME,8.3,,b,54.07865,1,4.18,3.18,25.72,54.52,827.988
L1,L138,ACACME,6.2,,b,30.1754,1,4.18,3.18,25.72,54.52,551.292
L1,L138,ACACME,6.5,,b,33.16625,1,4.18,3.18,25.72,54.52,590.82
L1,L138,ACACME,3.3,,b,8.54865,1,4.18,3.18,25.72,54.52,169.188
L1,L138,ACACME,3.7,,b,10.74665,1,4.18,3.18,25.72,54.52,221.892
L1,L138,ACACME,7.9,M,M,48.99185,0.6,3.95,3.35,22.74,50.78,775.284
L1,L138,ACACME,7.2,,b,40.6944,0.6,3.95,3.35,22.74,50.78,683.052
L1,L138,ACACME,7.3,,b,41.83265,0.6,3.95,3.35,22.74,50.78,696.228
L1,L138,ACACME,6,,b,28.26,0.6,3.95,3.35,22.74,50.78,524.94
L1,L138,ACACME,3.6,,b,10.1736,0.6,3.95,3.35,22.74,50.78,208.716
L1,L138,ACACME,2,,b,3.14,0.6,3.95,3.35,22.74,50.78,-2.1
L1,L138,ACACME,2.1,,b,3.46185,0.6,3.95,3.35,22.74,50.78,11.076
L1,L138,ACACME,1.9,,b,2.83385,0.6,3.95,3.35,22.74,50.78,-15.276
L1,L138,ACACME,7.6,,b,45.3416,0.6,3.95,3.35,22.74,50.78,735.756
L1,L138,ACACME,6.7,,b,35.23865,0.6,3.95,3.35,22.74,50.78,617.172
L1,L138,ACACME,4.5,,b,15.89625,0.6,3.95,3.35,22.74,50.78,327.3
L1,L138,ACACME,5.9,,b,27.32585,0.6,3.95,3.35,22.74,50.78,511.764
L1,L138,ACACME,7.4,,b,42.9866,0.6,3.95,3.35,22.74,50.78,709.404
L1,L138,ACACME,7.7,,b,46.54265,0.6,3.95,3.35,22.74,50.78,748.932
L1,L138,ACACME,5.8,,b,26.4074,0.6,3.95,3.35,22.74,50.78,498.588
L1,L138,ACACME,9,M,M,63.585,0.4,3.16,2.76,18.19,33.48,920.22
L1,L138,ACACME,3.3,,b,8.54865,0.4,3.16,2.76,18.19,33.48,169.188
L1,L138,ACACME,4.2,,b,13.8474,0.4,3.16,2.76,18.19,33.48,287.772
L1,L138,ACACME,7.4,,b,42.9866,0.4,3.16,2.76,18.19,33.48,709.404
L1,L138,ACACME,7.6,,b,45.3416,0.4,3.16,2.76,18.19,33.48,735.756
L1,L138,ACACME,5,,b,19.625,0.4,3.16,2.76,18.19,33.48,393.18
L1,L138,ACACME,6.1,,b,29.20985,0.4,3.16,2.76,18.19,33.48,538.116
L1,L138,ACACME,5.8,,b,26.4074,0.4,3.16,2.76,18.19,33.48,498.588
L1,L138,ACACME,3.6,,b,10.1736,0.4,3.16,2.76,18.19,33.48,208.716
L1,L138,ACACME,5.4,M,M,22.8906,1,2.78,1.78,6.47,7.68,445.884
L1,L138,ACACME,2.3,,b,4.15265,1,2.78,1.78,6.47,7.68,37.428
L1,L138,ACACME,2.6,,b,5.3066,1,2.78,1.78,6.47,7.68,76.956
L1,L138,ACACME,3.4,,b,9.0746,1,2.78,1.78,6.47,7.68,182.364
L1,L138,ACACME,4.6,,b,16.6106,1,2.78,1.78,6.47,7.68,340.476
L1,L138,ACACME,4.2,M,M,13.8474,1.2,2.64,1.44,5.63,5.4,287.772
L1,L138,ACACME,3.5,,b,9.61625,1.2,2.64,1.44,5.63,5.4,195.54
L1,L138,ACACME,2.5,,b,4.90625,1.2,2.64,1.44,5.63,5.4,63.78
L1,L138,ACACME,3.1,,b,7.54385,1.2,2.64,1.44,5.63,5.4,142.836
L1,L139,ACACME,1.2,M,M,1.1304,0.2,1.1,0.9,2.79,1.67,-107.508
L1,L139,ACACME,1.1,,b,0.94985,0.2,1.1,0.9,2.79,1.67,-120.684
L1,L139,ACACME,1.2,,b,1.1304,0.2,1.1,0.9,2.79,1.67,-107.508
L1,L139,ACACME,1.2,,b,1.1304,0.2,1.1,0.9,2.79,1.67,-107.508
L1,L139,ACACME,1.1,,b,0.94985,0.2,1.1,0.9,2.79,1.67,-120.684
L1,L139,ACACME,10.5,M,M,86.54625,1.1,3.6,2.5,34.44,57.39,1117.86
L1,L139,ACACME,8.3,,b,54.07865,1.1,3.6,2.5,34.44,57.39,827.988
L1,L139,ACACME,9,,b,63.585,1.1,3.6,2.5,34.44,57.39,920.22
L1,L139,ACACME,6.2,,b,30.1754,1.1,3.6,2.5,34.44,57.39,551.292
L1,L139,ACACME,4.2,,b,13.8474,1.1,3.6,2.5,34.44,57.39,287.772
L1,L139,ACACME,5.6,,b,24.6176,1.1,3.6,2.5,34.44,57.39,472.236
L1,L139,ACACME,7.6,,b,45.3416,1.1,3.6,2.5,34.44,57.39,735.756
L1,L139,ACACME,15.5,M,M,188.59625,0.56,4.32,3.76,36.49,91.46,1776.66
L1,L139,ACACME,12.9,,b,130.63185,0.56,4.32,3.76,36.49,91.46,1434.084
L1,L139,ACACME,5.5,,b,23.74625,0.56,4.32,3.76,36.49,91.46,459.06
L1,L139,ACACME,3.3,,b,8.54865,0.56,4.32,3.76,36.49,91.46,169.188
L1,L139,ACACME,3.9,,b,11.93985,0.56,4.32,3.76,36.49,91.46,248.244
L1,L139,ACACME,3.2,,b,8.0384,0.56,4.32,3.76,36.49,91.46,156.012
L1,L139,ACACME,3.2,,b,8.0384,0.56,4.32,3.76,36.49,91.46,156.012
L1,L139,ACACME,5.3,,b,22.05065,0.56,4.32,3.76,36.49,91.46,432.708
L1,L139,ACACME,6.5,,b,33.16625,0.56,4.32,3.76,36.49,91.46,590.82
L1,L139,ACACME,5.5,,b,23.74625,0.56,4.32,3.76,36.49,91.46,459.06
L1,L139,ACACME,5,M,M,19.625,0.7,2.6,1.9,4.66,5.9,393.18
L1,L139,ACACME,1.8,,b,2.5434,0.7,2.6,1.9,4.66,5.9,-28.452
L1,L139,ACACME,2.9,,b,6.60185,0.7,2.6,1.9,4.66,5.9,116.484
L1,L139,ACACME,3,,b,7.065,0.7,2.6,1.9,4.66,5.9,129.66
L1,L139,ACACME,3.8,,b,11.3354,0.7,2.6,1.9,4.66,5.9,235.068
L1,L139,ACACME,2.3,,b,4.15265,0.7,2.6,1.9,4.66,5.9,37.428
L1,L139,ACACME,4.4,,b,15.1976,0.7,2.6,1.9,4.66,5.9,314.124
L1,L139,ACACME,10.6,M,M,88.2026,1.13,3.79,2.66,41.71,73.96,1131.036
L1,L139,ACACME,6.4,,b,32.1536,1.13,3.79,2.66,41.71,73.96,577.644
L1,L139,ACACME,7,,b,38.465,1.13,3.79,2.66,41.71,73.96,656.7
L1,L139,ACACME,4.7,,b,17.34065,1.13,3.79,2.66,41.71,73.96,353.652
L1,L139,ACACME,4.6,,b,16.6106,1.13,3.79,2.66,41.71,73.96,340.476
L1,L139,ACACME,9.3,,b,67.89465,1.13,3.79,2.66,41.71,73.96,959.748
L1,L139,ACACME,5.1,,b,20.41785,1.13,3.79,2.66,41.71,73.96,406.356
L1,L139,ACACME,8.6,,b,58.0586,1.13,3.79,2.66,41.71,73.96,867.516
L1,L139,ACACME,8.3,,b,54.07865,1.13,3.79,2.66,41.71,73.96,827.988
L1,L139,ACACME,7.8,,b,47.7594,1.13,3.79,2.66,41.71,73.96,762.108
L1,L140,ACACME,2.6,M,M,5.3066,0.15,1.5,1.35,4.95,4.46,76.956
L1,L140,ACACME,1.6,,b,2.0096,0.15,1.5,1.35,4.95,4.46,-54.804
L1,L140,ACACME,1.8,,b,2.5434,0.15,1.5,1.35,4.95,4.46,-28.452
L1,L140,ACACME,1.6,,b,2.0096,0.15,1.5,1.35,4.95,4.46,-54.804
L1,L140,ACACME,1.8,,b,2.5434,0.15,1.5,1.35,4.95,4.46,-28.452
L1,L140,ACACME,1.7,,b,2.26865,0.15,1.5,1.35,4.95,4.46,-41.628
L1,L140,ACACME,2.1,,b,3.46185,0.15,1.5,1.35,4.95,4.46,11.076
L1,L140,ACACME,2.4,,b,4.5216,0.15,1.5,1.35,4.95,4.46,50.604
L1,L140,ACACME,20.2,M,M,320.3114,1,4.1,3.1,50.95,105.3,2395.932
L1,L140,ACACME,7.2,,b,40.6944,1,4.1,3.1,50.95,105.3,683.052
L1,L140,ACACME,7.1,,b,39.57185,1,4.1,3.1,50.95,105.3,669.876
L1,L140,ACACME,8.3,,b,54.07865,1,4.1,3.1,50.95,105.3,827.988
L1,L140,ACACME,2.9,M,M,6.60185,0.4,1.22,0.82,2.44,1.33,116.484
L1,L140,ACACME,1.7,,b,2.26865,0.4,1.22,0.82,2.44,1.33,-41.628
L1,L140,ACACME,1.9,,b,2.83385,0.4,1.22,0.82,2.44,1.33,-15.276
L1,L140,ACACME,1.6,,b,2.0096,0.4,1.22,0.82,2.44,1.33,-54.804
L1,L140,ACACME,2.7,M,M,5.72265,0.5,1.51,1.01,5.29,3.56,90.132
L1,L140,ACACME,2.6,,b,5.3066,0.5,1.51,1.01,5.29,3.56,76.956
L1,L140,ACACME,2.7,,b,5.72265,0.5,1.51,1.01,5.29,3.56,90.132
L1,L140,ACACME,2.3,,b,4.15265,0.5,1.51,1.01,5.29,3.56,37.428
L1,L140,ACACME,3.2,M,M,8.0384,0.8,1.75,0.95,5.08,3.22,156.012
L1,L140,ACACME,2.1,,b,3.46185,0.8,1.75,0.95,5.08,3.22,11.076
L1,L140,ACACME,2.2,,b,3.7994,0.8,1.75,0.95,5.08,3.22,24.252
L1,L140,ACACME,1.3,,b,1.32665,0.8,1.75,0.95,5.08,3.22,-94.332
L1,L140,ACACME,3.8,,b,11.3354,0.8,1.75,0.95,5.08,3.22,235.068
L1,L140,ACACME,1.5,,b,1.76625,0.8,1.75,0.95,5.08,3.22,-67.98
L1,L140,ACACME,14.4,M,M,162.7776,0.88,4.26,3.38,43.12,97.16,1631.724
L1,L140,ACACME,11.3,,b,100.23665,0.88,4.26,3.38,43.12,97.16,1223.268
L1,L140,ACACME,7.6,,b,45.3416,0.88,4.26,3.38,43.12,97.16,735.756
L1,L140,ACACME,7.4,,b,42.9866,0.88,4.26,3.38,43.12,97.16,709.404
L1,L140,ACACME,13.6,,b,145.1936,0.88,4.26,3.38,43.12,97.16,1526.316
L1,L140,ACACME,3.7,M,M,10.74665,0.18,2.6,2.42,4.37,7.05,221.892
L1,L140,ACACME,2.6,,b,5.3066,0.18,2.6,2.42,4.37,7.05,76.956
L1,L140,ACACME,2.1,,b,3.46185,0.18,2.6,2.42,4.37,7.05,11.076
L1,L140,ACACME,1.8,,b,2.5434,0.18,2.6,2.42,4.37,7.05,-28.452
L1,L140,ACACME,1.9,,b,2.83385,0.18,2.6,2.42,4.37,7.05,-15.276
L1,L140,ACACME,6.5,M,M,33.16625,0.5,3.5,3,16.34,32.68,590.82
L1,L140,ACACME,3.4,,b,9.0746,0.5,3.5,3,16.34,32.68,182.364
L1,L140,ACACME,5.5,,b,23.74625,0.5,3.5,3,16.34,32.68,459.06
L1,L141,ACACME,2.3,M,M,4.15265,0.3,1,0.7,0.79,0.37,37.428
L1,L141,ACACME,1.5,,b,1.76625,0.3,1,0.7,0.79,0.37,-67.98
L1,L141,ACACME,1.7,,b,2.26865,0.3,1,0.7,0.79,0.37,-41.628
L1,L141,ACACME,1.9,,b,2.83385,0.3,1,0.7,0.79,0.37,-15.276
L1,L141,ACACME,2.2,,b,3.7994,0.3,1,0.7,0.79,0.37,24.252
L1,L141,ACACME,7.5,M,M,44.15625,0.2,2.4,2.2,20.16,29.57,722.58
L1,L141,ACACME,6.1,,b,29.20985,0.2,2.4,2.2,20.16,29.57,538.116
L1,L141,ACACME,6.9,,b,37.37385,0.2,2.4,2.2,20.16,29.57,643.524
L1,L141,ACACME,5.3,,b,22.05065,0.2,2.4,2.2,20.16,29.57,432.708
L1,L141,ACACME,6.9,,b,37.37385,0.2,2.4,2.2,20.16,29.57,643.524
L1,L141,ACACME,9.7,M,M,73.86065,1.12,4.37,3.25,29.57,64.07,1012.452
L1,L141,ACACME,3.4,,b,9.0746,1.12,4.37,3.25,29.57,64.07,182.364
L1,L141,ACACME,6.2,,b,30.1754,1.12,4.37,3.25,29.57,64.07,551.292
L1,L141,ACACME,3.6,,b,10.1736,1.12,4.37,3.25,29.57,64.07,208.716
L1,L141,ACACME,4.1,,b,13.19585,1.12,4.37,3.25,29.57,64.07,274.596
L1,L141,ACACME,7.2,,b,40.6944,1.12,4.37,3.25,29.57,64.07,683.052
L1,L141,ACACME,9.3,,b,67.89465,1.12,4.37,3.25,29.57,64.07,959.748
L1,L141,ACACME,6.9,,b,37.37385,1.12,4.37,3.25,29.57,64.07,643.524
L1,L141,ACACME,7.2,,b,40.6944,1.12,4.37,3.25,29.57,64.07,683.052
L1,L141,ACACME,7.1,M,M,39.57185,0.8,3.48,2.68,19.6,35.02,669.876
L1,L141,ACACME,4.3,,b,14.51465,0.8,3.48,2.68,19.6,35.02,300.948
L1,L141,ACACME,5.9,,b,27.32585,0.8,3.48,2.68,19.6,35.02,511.764
L1,L141,ACACME,5.7,,b,25.50465,0.8,3.48,2.68,19.6,35.02,485.412
L1,L141,ACACME,6.1,,b,29.20985,0.8,3.48,2.68,19.6,35.02,538.116
L1,L141,ACACME,4.9,M,M,18.84785,0.5,2.62,2.12,13.79,19.5,380.004
L1,L141,ACACME,3.9,,b,11.93985,0.5,2.62,2.12,13.79,19.5,248.244
L1,L141,ACACME,4.1,,b,13.19585,0.5,2.62,2.12,13.79,19.5,274.596
L1,L141,ACACME,4.6,,b,16.6106,0.5,2.62,2.12,13.79,19.5,340.476
L1,L141,ACACME,3.6,,b,10.1736,0.5,2.62,2.12,13.79,19.5,208.716
L1,L141,ACACME,4.6,,b,16.6106,0.5,2.62,2.12,13.79,19.5,340.476
L1,L141,ACACME,5.3,M,M,22.05065,0.25,2.58,2.33,10.14,15.76,432.708
L1,L141,ACACME,4.8,,b,18.0864,0.25,2.58,2.33,10.14,15.76,366.828
L1,L141,ACACME,3.9,,b,11.93985,0.25,2.58,2.33,10.14,15.76,248.244
L1,L141,ACACME,3.2,,b,8.0384,0.25,2.58,2.33,10.14,15.76,156.012
L1,L141,ACACME,1.7,,b,2.26865,0.25,2.58,2.33,10.14,15.76,-41.628
L1,L142,ACACME,3.7,M,M,10.74665,0.6,2.85,2.25,9.05,13.58,221.892
L1,L142,ACACME,6.7,,b,35.23865,0.6,2.85,2.25,9.05,13.58,617.172
L1,L142,ACACME,2.5,,b,4.90625,0.6,2.85,2.25,9.05,13.58,63.78
L1,L142,ACACME,4.1,,b,13.19585,0.6,2.85,2.25,9.05,13.58,274.596
L1,L142,ACACME,2.2,,b,3.7994,0.6,2.85,2.25,9.05,13.58,24.252
L1,L142,ACACME,2.2,,b,3.7994,0.6,2.85,2.25,9.05,13.58,24.252
L1,L142,ACACME,5.2,M,M,21.2264,0.9,2.66,1.76,7.18,8.42,419.532
L1,L142,ACACME,5,,b,19.625,0.9,2.66,1.76,7.18,8.42,393.18
L1,L142,ACACME,2.2,,b,3.7994,0.9,2.66,1.76,7.18,8.42,24.252
L1,L142,ACACME,4.2,,b,13.8474,0.9,2.66,1.76,7.18,8.42,287.772
L1,L142,ACACME,3.5,,b,9.61625,0.9,2.66,1.76,7.18,8.42,195.54
L1,L142,ACACME,9,M,M,63.585,0.7,3.36,2.66,22.05,39.1,920.22
L1,L142,ACACME,3.3,,b,8.54865,0.7,3.36,2.66,22.05,39.1,169.188
L1,L142,ACACME,2.5,,b,4.90625,0.7,3.36,2.66,22.05,39.1,63.78
L1,L142,ACACME,4.6,,b,16.6106,0.7,3.36,2.66,22.05,39.1,340.476
L1,L142,ACACME,2.6,,b,5.3066,0.7,3.36,2.66,22.05,39.1,76.956
L1,L142,ACACME,5.4,,b,22.8906,0.7,3.36,2.66,22.05,39.1,445.884
L1,L142,ACACME,6.2,,b,30.1754,0.7,3.36,2.66,22.05,39.1,551.292
L1,L142,ACACME,5,,b,19.625,0.7,3.36,2.66,22.05,39.1,393.18
L1,L142,ACACME,4.6,,b,16.6106,0.7,3.36,2.66,22.05,39.1,340.476
L1,L142,ACACME,4,,b,12.56,0.7,3.36,2.66,22.05,39.1,261.42
L1,L142,ACACME,8,M,M,50.24,0.9,3.8,2.9,37.3,72.11,788.46
L1,L142,ACACME,8,,b,50.24,0.9,3.8,2.9,37.3,72.11,788.46
L1,L142,ACACME,5.7,,b,25.50465,0.9,3.8,2.9,37.3,72.11,485.412
L1,L142,ACACME,6.2,,b,30.1754,0.9,3.8,2.9,37.3,72.11,551.292
L1,L142,ACACME,3.1,,b,7.54385,0.9,3.8,2.9,37.3,72.11,142.836
L1,L142,ACACME,3.2,,b,8.0384,0.9,3.8,2.9,37.3,72.11,156.012
L1,L142,ACACME,3,,b,7.065,0.9,3.8,2.9,37.3,72.11,129.66
L1,L142,ACACME,6,M,M,28.26,0.39,0.9,0.51,19.71,6.7,524.94
L1,L142,ACACME,2.9,,b,6.60185,0.39,0.9,0.51,19.71,6.7,116.484
L1,L142,ACACME,4.3,,b,14.51465,0.39,0.9,0.51,19.71,6.7,300.948
L1,L142,ACACME,5.2,,b,21.2264,0.39,0.9,0.51,19.71,6.7,419.532
L1,L142,ACACME,5.3,,b,22.05065,0.39,0.9,0.51,19.71,6.7,432.708
L1,L142,ACACME,2.6,,b,5.3066,0.39,0.9,0.51,19.71,6.7,76.956
L1,L143,ACACME,9.8,M,M,75.3914,1.22,3.25,2.03,20.76,28.1,1025.628
L1,L143,ACACME,6,,b,28.26,1.22,3.25,2.03,20.76,28.1,524.94
L1,L143,ACACME,4,,b,12.56,1.22,3.25,2.03,20.76,28.1,261.42
L1,L143,ACACME,5.1,,b,20.41785,1.22,3.25,2.03,20.76,28.1,406.356
L1,L143,ACACME,9.8,,b,75.3914,1.22,3.25,2.03,20.76,28.1,1025.628
L1,L143,ACACME,5.2,,b,21.2264,1.22,3.25,2.03,20.76,28.1,419.532
L1,L143,ACACME,5,,b,19.625,1.22,3.25,2.03,20.76,28.1,393.18
L1,L143,ACACME,7.1,M,M,39.57185,1.19,3.1,1.91,19.12,24.34,669.876
L1,L143,ACACME,6.2,,b,30.1754,1.19,3.1,1.91,19.12,24.34,551.292
L1,L143,ACACME,2.8,,b,6.1544,1.19,3.1,1.91,19.12,24.34,103.308
L1,L143,ACACME,3.3,,b,8.54865,1.19,3.1,1.91,19.12,24.34,169.188
L1,L143,ACACME,6.2,,b,30.1754,1.19,3.1,1.91,19.12,24.34,551.292
L1,L143,ACACME,6.2,,b,30.1754,1.19,3.1,1.91,19.12,24.34,551.292
L1,L143,ACACME,5.3,M,M,22.05065,0.9,2.98,2.08,10.14,14.06,432.708
L1,L143,ACACME,2.2,,b,3.7994,0.9,2.98,2.08,10.14,14.06,24.252
L1,L143,ACACME,3.9,,b,11.93985,0.9,2.98,2.08,10.14,14.06,248.244
L1,L143,ACACME,4.2,,b,13.8474,0.9,2.98,2.08,10.14,14.06,287.772
L1,L143,ACACME,4.2,,b,13.8474,0.9,2.98,2.08,10.14,14.06,287.772
L1,L143,ACACME,5.2,,b,21.2264,0.9,2.98,2.08,10.14,14.06,419.532
L1,L143,ACACME,4.5,M,M,15.89625,0.64,1.29,0.65,5.11,2.21,327.3
L1,L143,ACACME,4.1,,b,13.19585,0.64,1.29,0.65,5.11,2.21,274.596
L1,L143,ACACME,2.9,,b,6.60185,0.64,1.29,0.65,5.11,2.21,116.484
L1,L143,ACACME,3.3,,b,8.54865,0.64,1.29,0.65,5.11,2.21,169.188
L1,L143,ACACME,8.3,M,M,54.07865,1.53,3.54,2.01,10.14,13.59,827.988
L1,L143,ACACME,4.6,,b,16.6106,1.53,3.54,2.01,10.14,13.59,340.476
L1,L143,ACACME,4,,b,12.56,1.53,3.54,2.01,10.14,13.59,261.42
L1,L143,ACACME,5.9,,b,27.32585,1.53,3.54,2.01,10.14,13.59,511.764
L1,L143,ACACME,5.1,,b,20.41785,1.53,3.54,2.01,10.14,13.59,406.356
L1,L143,ACACME,6.3,,b,31.15665,1.53,3.54,2.01,10.14,13.59,564.468
L1,L143,ACACME,10.3,M,M,83.28065,0.73,5.01,4.28,46.41,132.42,1091.508
L1,L143,ACACME,10.3,,b,83.28065,0.73,5.01,4.28,46.41,132.42,1091.508
L1,L143,ACACME,9.7,,b,73.86065,0.73,5.01,4.28,46.41,132.42,1012.452
L1,L143,ACACME,5.9,,b,27.32585,0.73,5.01,4.28,46.41,132.42,511.764
L1,L143,ACACME,4.3,,b,14.51465,0.73,5.01,4.28,46.41,132.42,300.948
L1,L143,ACACME,9.1,,b,65.00585,0.73,5.01,4.28,46.41,132.42,933.396
L1,L143,ACACME,1.02,,b,0.816714,0.73,5.01,4.28,46.41,132.42,-131.2248
L1,L143,ACACME,9.6,,b,72.3456,0.73,5.01,4.28,46.41,132.42,999.276
L1,L143,ACACME,7.6,M,M,45.3416,1.19,4.05,2.86,13.19,25.15,735.756
L1,L143,ACACME,7,,b,38.465,1.19,4.05,2.86,13.19,25.15,656.7
L1,L143,ACACME,7,,b,38.465,1.19,4.05,2.86,13.19,25.15,656.7
L1,L143,ACACME,5.5,,b,23.74625,1.19,4.05,2.86,13.19,25.15,459.06
L1,L143,ACACME,5.3,,b,22.05065,1.19,4.05,2.86,13.19,25.15,432.708
L1,L143,ACACME,15.7,M,M,193.49465,1,4.6,3.6,20.76,49.83,1803.012
L1,L143,ACACME,6.2,,b,30.1754,1,4.6,3.6,20.76,49.83,551.292
L1,L143,ACACME,3.9,,b,11.93985,1,4.6,3.6,20.76,49.83,248.244
L1,L143,ACACME,10.2,,b,81.6714,1,4.6,3.6,20.76,49.83,1078.332
L1,L143,ACACME,5.6,,b,24.6176,1,4.6,3.6,20.76,49.83,472.236
L1,L144,ACACME,9,M,M,63.585,1.2,3.67,2.47,23.68,39,920.22
L1,L144,ACACME,7.4,,b,42.9866,1.2,3.67,2.47,23.68,39,709.404
L1,L144,ACACME,7.4,,b,42.9866,1.2,3.67,2.47,23.68,39,709.404
L1,L144,ACACME,8.2,,b,52.7834,1.2,3.67,2.47,23.68,39,814.812
L1,L144,ACACME,6.1,,b,29.20985,1.2,3.67,2.47,23.68,39,538.116
L1,L144,ACACME,5.7,,b,25.50465,1.2,3.67,2.47,23.68,39,485.412
L1,L144,ACACME,8.4,,b,55.3896,1.2,3.67,2.47,23.68,39,841.164
L1,L144,ACACME,8.9,,b,62.17985,1.2,3.67,2.47,23.68,39,907.044
L1,L144,ACACME,7.4,M,M,42.9866,0.7,2.5,1.8,8.13,9.76,709.404
L1,L144,ACACME,6,,b,28.26,0.7,2.5,1.8,8.13,9.76,524.94
L1,L144,ACACME,3.9,,b,11.93985,0.7,2.5,1.8,8.13,9.76,248.244
L1,L144,ACACME,3.5,,b,9.61625,0.7,2.5,1.8,8.13,9.76,195.54
L1,L144,ACACME,9,M,M,63.585,0.8,3.98,3.18,14.91,31.6,920.22
L1,L144,ACACME,6.3,,b,31.15665,0.8,3.98,3.18,14.91,31.6,564.468
L1,L144,ACACME,3.4,,b,9.0746,0.8,3.98,3.18,14.91,31.6,182.364
L1,L144,ACACME,4,,b,12.56,0.8,3.98,3.18,14.91,31.6,261.42
L1,L144,ACACME,7.7,,b,46.54265,0.8,3.98,3.18,14.91,31.6,748.932
L1,L144,ACACME,4.1,,b,13.19585,0.8,3.98,3.18,14.91,31.6,274.596
L1,L144,ACACME,4.1,,b,13.19585,0.8,3.98,3.18,14.91,31.6,274.596
L1,L144,ACACME,4.1,,b,13.19585,0.8,3.98,3.18,14.91,31.6,274.596
L1,L144,ACACME,1.5,M,M,1.76625,0.3,0.89,0.59,0.79,0.31,-67.98
L1,L144,ACACME,1.2,,b,1.1304,0.3,0.89,0.59,0.79,0.31,-107.508
L1,L144,ACACME,1.2,,b,1.1304,0.3,0.89,0.59,0.79,0.31,-107.508
L1,L144,ACACME,9.8,M,M,75.3914,0.4,4.29,3.89,31,80.4,1025.628
L1,L144,ACACME,3.7,,b,10.74665,0.4,4.29,3.89,31,80.4,221.892
L1,L144,ACACME,6.7,,b,35.23865,0.4,4.29,3.89,31,80.4,617.172
L1,L144,ACACME,3,,b,7.065,0.4,4.29,3.89,31,80.4,129.66
L1,L144,ACACME,4.2,,b,13.8474,0.4,4.29,3.89,31,80.4,287.772
L1,L144,ACACME,5.3,,b,22.05065,0.4,4.29,3.89,31,80.4,432.708
L1,L144,ACACME,3.2,,b,8.0384,0.4,4.29,3.89,31,80.4,156.012
L1,L144,ACACME,6.4,,b,32.1536,0.4,4.29,3.89,31,80.4,577.644
L1,L144,ACACME,3.4,,b,9.0746,0.4,4.29,3.89,31,80.4,182.364
L1,L144,ACACME,9.6,,b,72.3456,0.4,4.29,3.89,31,80.4,999.276
L1,L144,ACACME,5,,b,19.625,0.4,4.29,3.89,31,80.4,393.18
L1,L144,ACACME,7.2,,b,40.6944,0.4,4.29,3.89,31,80.4,683.052
L1,L144,ACACME,7.1,,b,39.57185,0.4,4.29,3.89,31,80.4,669.876
L1,L144,ACACME,7,M,M,38.465,0.8,4.15,3.35,8.93,19.95,656.7
L1,L144,ACACME,6.4,,b,32.1536,0.8,4.15,3.35,8.93,19.95,577.644
L1,L144,ACACME,3.4,,b,9.0746,0.8,4.15,3.35,8.93,19.95,182.364
L1,L144,ACACME,5.5,,b,23.74625,0.8,4.15,3.35,8.93,19.95,459.06
L1,L144,ACACME,3.6,,b,10.1736,0.8,4.15,3.35,8.93,19.95,208.716
L1,L144,ACACME,2.2,,b,3.7994,0.8,4.15,3.35,8.93,19.95,24.252
L1,L144,ACACME,5.2,,b,21.2264,0.8,4.15,3.35,8.93,19.95,419.532
L1,L144,ACACME,4.5,,b,15.89625,0.8,4.15,3.35,8.93,19.95,327.3
L1,L145,ACACME,10.6,M,M,88.2026,0.6,1.86,1.26,4.82,4.05,1131.036
L1,L145,ACACME,8.5,,b,56.71625,0.6,1.86,1.26,4.82,4.05,854.34
L1,L145,ACACME,3.3,,b,8.54865,0.6,1.86,1.26,4.82,4.05,169.188
L1,L145,ACACME,4.5,,b,15.89625,0.6,1.86,1.26,4.82,4.05,327.3
L1,L145,ACACME,6.9,,b,37.37385,0.6,1.86,1.26,4.82,4.05,643.524
L1,L145,ACACME,4.2,,b,13.8474,0.6,1.86,1.26,4.82,4.05,287.772
L1,L145,ACACME,9.3,M,M,67.89465,1.68,2.73,1.05,23.57,16.5,959.748
L1,L145,ACACME,8,,b,50.24,1.68,2.73,1.05,23.57,16.5,788.46
L1,L145,ACACME,7.24,,b,41.147816,1.68,2.73,1.05,23.57,16.5,688.3224
L1,L145,ACACME,6.5,,b,33.16625,1.68,2.73,1.05,23.57,16.5,590.82
L1,L145,ACACME,8.2,,b,52.7834,1.68,2.73,1.05,23.57,16.5,814.812
L1,L145,ACACME,8.2,M,M,52.7834,0.87,4.07,3.2,26.81,57.19,814.812
L1,L145,ACACME,4.4,,b,15.1976,0.87,4.07,3.2,26.81,57.19,314.124
L1,L145,ACACME,7.5,,b,44.15625,0.87,4.07,3.2,26.81,57.19,722.58
L1,L145,ACACME,5.9,,b,27.32585,0.87,4.07,3.2,26.81,57.19,511.764
L1,L145,ACACME,6.1,,b,29.20985,0.87,4.07,3.2,26.81,57.19,538.116
L1,L145,ACACME,8.2,,b,52.7834,0.87,4.07,3.2,26.81,57.19,814.812
L1,L145,ACACME,6.3,,b,31.15665,0.87,4.07,3.2,26.81,57.19,564.468
L1,L145,ACACME,9.5,M,M,70.84625,1.01,3.6,2.59,12.37,21.37,986.1
L1,L145,ACACME,5.9,,b,27.32585,1.01,3.6,2.59,12.37,21.37,511.764
L1,L145,ACACME,5.5,,b,23.74625,1.01,3.6,2.59,12.37,21.37,459.06
L1,L145,ACACME,3.6,,b,10.1736,1.01,3.6,2.59,12.37,21.37,208.716
L1,L145,ACACME,8.3,,b,54.07865,1.01,3.6,2.59,12.37,21.37,827.988
L1,L145,ACACME,6.5,,b,33.16625,1.01,3.6,2.59,12.37,21.37,590.82
L1,L145,ACACME,7.5,,b,44.15625,1.01,3.6,2.59,12.37,21.37,722.58
L1,L145,ACACME,1.8,M,M,2.5434,0.2,0.5,0.3,2.16,0.43,-28.452
L1,L145,ACACME,1.6,,b,2.0096,0.2,0.5,0.3,2.16,0.43,-54.804
L1,L145,ACACME,1.3,,b,1.32665,0.2,0.5,0.3,2.16,0.43,-94.332
L1,L145,ACACME,3,M,M,7.065,0.7,2.19,1.49,2,1.99,129.66
L1,L146,ACACME,3,M,M,7.065,0.3,1,0.7,4.72,2.2,129.66
L1,L146,ACACME,2.2,,b,3.7994,0.3,1,0.7,4.72,2.2,24.252
L1,L146,ACACME,1.2,,b,1.1304,0.3,1,0.7,4.72,2.2,-107.508
L1,L146,ACACME,2.3,,b,4.15265,0.3,1,0.7,4.72,2.2,37.428
L1,L146,ACACME,4.2,M,M,13.8474,0.34,2.8,2.46,4.81,7.88,287.772
L1,L146,ACACME,3.2,,b,8.0384,0.34,2.8,2.46,4.81,7.88,156.012
L1,L146,ACACME,2.1,,b,3.46185,0.34,2.8,2.46,4.81,7.88,11.076
L1,L146,ACACME,2.5,,b,4.90625,0.34,2.8,2.46,4.81,7.88,63.78
L1,L146,ACACME,3,,b,7.065,0.34,2.8,2.46,4.81,7.88,129.66
L1,L146,ACACME,2.5,,b,4.90625,0.34,2.8,2.46,4.81,7.88,63.78
L1,L146,ACACME,2.1,,b,3.46185,0.34,2.8,2.46,4.81,7.88,11.076
L1,L146,ACACME,2.4,,b,4.5216,0.34,2.8,2.46,4.81,7.88,50.604
L1,L146,ACACME,2.9,M,M,6.60185,0.3,1,0.7,2.53,1.18,116.484
L1,L146,ACACME,2,,b,3.14,0.3,1,0.7,2.53,1.18,-2.1
L1,L146,ACACME,1.9,,b,2.83385,0.3,1,0.7,2.53,1.18,-15.276
L1,L146,ACACME,2.1,,b,3.46185,0.3,1,0.7,2.53,1.18,11.076
L1,L146,ACACME,2,,b,3.14,0.3,1,0.7,2.53,1.18,-2.1
L1,L146,ACACME,4.5,M,M,15.89625,0.4,3,2.6,7.16,12.41,327.3
L1,L146,ACACME,2.5,,b,4.90625,0.4,3,2.6,7.16,12.41,63.78
L1,L146,ACACME,2.5,,b,4.90625,0.4,3,2.6,7.16,12.41,63.78
L1,L146,ACACME,2.4,,b,4.5216,0.4,3,2.6,7.16,12.41,50.604
L1,L146,ACACME,1.5,,b,1.76625,0.4,3,2.6,7.16,12.41,-67.98
L1,L146,ACACME,2.3,,b,4.15265,0.4,3,2.6,7.16,12.41,37.428
L1,L146,ACACME,2,,b,3.14,0.4,3,2.6,7.16,12.41,-2.1
L1,L146,ACACME,2.8,,b,6.1544,0.4,3,2.6,7.16,12.41,103.308
L1,L147,ACACME,7.6,M,M,45.3416,0.8,2.7,1.9,13,16.46,735.756
L1,L147,ACACME,3.5,,b,9.61625,0.8,2.7,1.9,13,16.46,195.54
L1,L147,ACACME,6.2,,b,30.1754,0.8,2.7,1.9,13,16.46,551.292
L1,L147,ACACME,2.5,,b,4.90625,0.8,2.7,1.9,13,16.46,63.78
L1,L147,ACACME,2.7,,b,5.72265,0.8,2.7,1.9,13,16.46,90.132
L1,L147,ACACME,5.7,,b,25.50465,0.8,2.7,1.9,13,16.46,485.412
L1,L147,ACACME,5.2,,b,21.2264,0.8,2.7,1.9,13,16.46,419.532
L1,L147,ACACME,5,,b,19.625,0.8,2.7,1.9,13,16.46,393.18
L1,L147,ACACME,10.9,M,M,93.26585,0.76,2.82,2.06,5.72,7.85,1170.564
L1,L147,ACACME,10,,b,78.5,0.76,2.82,2.06,5.72,7.85,1051.98
L1,L147,ACACME,6.6,,b,34.1946,0.76,2.82,2.06,5.72,7.85,603.996
L1,L147,ACACME,12.1,M,M,114.93185,1.6,4.03,2.43,35.86,58.1,1328.676
L1,L147,ACACME,10.3,,b,83.28065,1.6,4.03,2.43,35.86,58.1,1091.508
L1,L147,ACACME,9.4,,b,69.3626,1.6,4.03,2.43,35.86,58.1,972.924
L1,L147,ACACME,10.9,,b,93.26585,1.6,4.03,2.43,35.86,58.1,1170.564
L1,L147,ACACME,6.8,M,M,36.2984,0.79,3.12,2.33,19.41,30.15,630.348
L1,L147,ACACME,5.2,,b,21.2264,0.79,3.12,2.33,19.41,30.15,419.532
L1,L147,ACACME,3.1,,b,7.54385,0.79,3.12,2.33,19.41,30.15,142.836
L1,L147,ACACME,5.5,,b,23.74625,0.79,3.12,2.33,19.41,30.15,459.06
L1,L147,ACACME,6.7,,b,35.23865,0.79,3.12,2.33,19.41,30.15,617.172
L1,L147,ACACME,2.8,,b,6.1544,0.79,3.12,2.33,19.41,30.15,103.308
L1,L147,ACACME,4.5,M,M,15.89625,0.44,1.64,1.2,2.11,1.69,327.3
L1,L147,ACACME,1.9,,b,2.83385,0.44,1.64,1.2,2.11,1.69,-15.276
L1,L147,ACACME,2.3,,b,4.15265,0.44,1.64,1.2,2.11,1.69,37.428
L1,L147,ACACME,4.5,,b,15.89625,0.44,1.64,1.2,2.11,1.69,327.3
L1,L147,ACACME,3.2,,b,8.0384,0.44,1.64,1.2,2.11,1.69,156.012
L1,L147,ACACME,3.8,,b,11.3354,0.44,1.64,1.2,2.11,1.69,235.068
L1,L147,ACACME,3,M,M,7.065,0.3,2.58,2.28,6.71,10.2,129.66
L1,L147,ACACME,2.1,,b,3.46185,0.3,2.58,2.28,6.71,10.2,11.076
L1,L147,ACACME,1.9,,b,2.83385,0.3,2.58,2.28,6.71,10.2,-15.276
L1,L147,ACACME,1.5,,b,1.76625,0.3,2.58,2.28,6.71,10.2,-67.98
L1,L147,ACACME,3.9,,b,11.93985,0.3,2.58,2.28,6.71,10.2,248.244
L1,L147,ACACME,5.9,M,M,27.32585,0.5,3.44,2.94,5.03,9.86,511.764
L1,L147,ACACME,3.5,,b,9.61625,0.5,3.44,2.94,5.03,9.86,195.54
L1,L147,ACACME,4,,b,12.56,0.5,3.44,2.94,5.03,9.86,261.42
L1,L147,ACACME,2.1,,b,3.46185,0.5,3.44,2.94,5.03,9.86,11.076
L1,L147,ACACME,2.1,,b,3.46185,0.5,3.44,2.94,5.03,9.86,11.076
L1,L148,ACACME,8.9,M,M,62.17985,1,3.29,2.29,17.34,26.47,907.044
L1,L148,ACACME,5.2,,b,21.2264,1,3.29,2.29,17.34,26.47,419.532
L1,L148,ACACME,5,,b,19.625,1,3.29,2.29,17.34,26.47,393.18
L1,L148,ACACME,4.2,,b,13.8474,1,3.29,2.29,17.34,26.47,287.772
L1,L148,ACACME,6.4,,b,32.1536,1,3.29,2.29,17.34,26.47,577.644
L1,L148,ACACME,5.3,M,M,22.05065,1.03,3.02,1.99,10.34,13.72,432.708
L1,L148,ACACME,4,,b,12.56,1.03,3.02,1.99,10.34,13.72,261.42
L1,L148,ACACME,3.9,,b,11.93985,1.03,3.02,1.99,10.34,13.72,248.244
L1,L148,ACACME,5.7,,b,25.50465,1.03,3.02,1.99,10.34,13.72,485.412
L1,L148,ACACME,5.1,,b,20.41785,1.03,3.02,1.99,10.34,13.72,406.356
L1,L148,ACACME,3.2,,b,8.0384,1.03,3.02,1.99,10.34,13.72,156.012
L1,L148,ACACME,2.4,,b,4.5216,1.03,3.02,1.99,10.34,13.72,50.604
L1,L148,ACACME,3.2,,b,8.0384,1.03,3.02,1.99,10.34,13.72,156.012
L1,L148,ACACME,4.4,,b,15.1976,1.03,3.02,1.99,10.34,13.72,314.124
L1,L148,ACACME,11,M,M,94.985,0.92,4.5,3.58,33.22,79.28,1183.74
L1,L148,ACACME,4.6,,b,16.6106,0.92,4.5,3.58,33.22,79.28,340.476
L1,L148,ACACME,4.3,,b,14.51465,0.92,4.5,3.58,33.22,79.28,300.948
L1,L148,ACACME,7.5,,b,44.15625,0.92,4.5,3.58,33.22,79.28,722.58
L1,L148,ACACME,9.1,,b,65.00585,0.92,4.5,3.58,33.22,79.28,933.396
L1,L148,ACACME,9.9,,b,76.93785,0.92,4.5,3.58,33.22,79.28,1038.804
L1,L148,ACACME,7.4,,b,42.9866,0.92,4.5,3.58,33.22,79.28,709.404
L1,L148,ACACME,5,,b,19.625,0.92,4.5,3.58,33.22,79.28,393.18
L1,L148,ACACME,5.9,,b,27.32585,0.92,4.5,3.58,33.22,79.28,511.764
L1,L148,ACACME,3.3,,b,8.54865,0.92,4.5,3.58,33.22,79.28,169.188
L1,L148,ACACME,7,,b,38.465,0.92,4.5,3.58,33.22,79.28,656.7
L1,L148,ACACME,6.6,,b,34.1946,0.92,4.5,3.58,33.22,79.28,603.996
L1,L149,ACACME,8.1,M,M,51.50385,0.6,3.66,3.06,26.25,53.55,801.636
L1,L149,ACACME,8.1,,b,51.50385,0.6,3.66,3.06,26.25,53.55,801.636
L1,L149,ACACME,7.5,,b,44.15625,0.6,3.66,3.06,26.25,53.55,722.58
L1,L149,ACACME,7.1,,b,39.57185,0.6,3.66,3.06,26.25,53.55,669.876
L1,L149,ACACME,5.1,,b,20.41785,0.6,3.66,3.06,26.25,53.55,406.356
L1,L149,ACACME,8.5,M,M,56.71625,1.58,3.99,2.41,13.07,21,854.34
L1,L149,ACACME,4,,b,12.56,1.58,3.99,2.41,13.07,21,261.42
L1,L149,ACACME,6.2,,b,30.1754,1.58,3.99,2.41,13.07,21,551.292
L1,L149,ACACME,6.3,,b,31.15665,1.58,3.99,2.41,13.07,21,564.468
L1,L149,ACACME,6.2,,b,30.1754,1.58,3.99,2.41,13.07,21,551.292
L1,L149,ACACME,18.2,M,M,260.0234,1.2,4.19,2.99,38.32,76.39,2132.412
L1,L149,ACACME,14.6,,b,167.3306,1.2,4.19,2.99,38.32,76.39,1658.076
L1,L150,ACACME,12.2,M,M,116.8394,0.8,4.49,3.69,39.57,97.35,1341.852
L1,L150,ACACME,6.6,,b,34.1946,0.8,4.49,3.69,39.57,97.35,603.996
L1,L150,ACACME,6.2,,b,30.1754,0.8,4.49,3.69,39.57,97.35,551.292
L1,L150,ACACME,5.5,,b,23.74625,0.8,4.49,3.69,39.57,97.35,459.06
L1,L150,ACACME,7.8,,b,47.7594,0.8,4.49,3.69,39.57,97.35,762.108
L1,L150,ACACME,4.2,,b,13.8474,0.8,4.49,3.69,39.57,97.35,287.772
L1,L150,ACACME,5.1,,b,20.41785,0.8,4.49,3.69,39.57,97.35,406.356
L1,L150,ACACME,9,,b,63.585,0.8,4.49,3.69,39.57,97.35,920.22
L1,L150,ACACME,6.2,,b,30.1754,0.8,4.49,3.69,39.57,97.35,551.292
L1,L150,ACACME,11.6,,b,105.6296,0.8,4.49,3.69,39.57,97.35,1262.796
L1,L150,ACACME,7.1,,b,39.57185,0.8,4.49,3.69,39.57,97.35,669.876
L1,L150,ACACME,2.1,M,M,3.46185,0.2,1.22,1.02,1.81,1.23,11.076
L1,L150,ACACME,1.7,,b,2.26865,0.2,1.22,1.02,1.81,1.23,-41.628
L1,L150,ACACME,1.5,,b,1.76625,0.2,1.22,1.02,1.81,1.23,-67.98
L1,L150,ACACME,2,,b,3.14,0.2,1.22,1.02,1.81,1.23,-2.1
L1,L150,ACACME,14.7,M,M,169.63065,0.8,4.13,3.33,14.58,32.37,1671.252
L1,L150,ACACME,8.9,,b,62.17985,0.8,4.13,3.33,14.58,32.37,907.044
L1,L150,ACACME,9.7,,b,73.86065,0.8,4.13,3.33,14.58,32.37,1012.452
L1,L150,ACACME,8,,b,50.24,0.8,4.13,3.33,14.58,32.37,788.46
L1,L150,ACACME,8.2,M,M,52.7834,0.4,2.65,2.25,5.53,8.29,814.812
L1,L150,ACACME,2.9,,b,6.60185,0.4,2.65,2.25,5.53,8.29,116.484
L1,L150,ACACME,7.1,,b,39.57185,0.4,2.65,2.25,5.53,8.29,669.876
L1,L150,ACACME,6.2,,b,30.1754,0.4,2.65,2.25,5.53,8.29,551.292
L1,L151,ACACME,9.1,M,M,65.00585,0.2,2.19,1.99,5.37,7.12,933.396
L1,L151,ACACME,2.8,,b,6.1544,0.2,2.19,1.99,5.37,7.12,103.308
L1,L151,ACACME,2.3,,b,4.15265,0.2,2.19,1.99,5.37,7.12,37.428
L1,L151,ACACME,1.5,,b,1.76625,0.2,2.19,1.99,5.37,7.12,-67.98
L1,L151,ACACME,2.4,,b,4.5216,0.2,2.19,1.99,5.37,7.12,50.604
L1,L151,ACACME,6.7,,b,35.23865,0.2,2.19,1.99,5.37,7.12,617.172
L1,L151,ACACME,1.9,,b,2.83385,0.2,2.19,1.99,5.37,7.12,-15.276
L1,L151,ACACME,11.2,M,M,98.4704,0.7,4.54,3.84,22.09,56.54,1210.092
L1,L151,ACACME,7.2,,b,40.6944,0.7,4.54,3.84,22.09,56.54,683.052
L1,L151,ACACME,2.1,,b,3.46185,0.7,4.54,3.84,22.09,56.54,11.076
L1,L151,ACACME,6.7,,b,35.23865,0.7,4.54,3.84,22.09,56.54,617.172
L1,L151,ACACME,3.5,,b,9.61625,0.7,4.54,3.84,22.09,56.54,195.54
L1,L151,ACACME,11.6,M,M,105.6296,0.4,4.37,3.97,38.16,100.99,1262.796
L1,L151,ACACME,10.9,,b,93.26585,0.4,4.37,3.97,38.16,100.99,1170.564
L1,L151,ACACME,7.5,,b,44.15625,0.4,4.37,3.97,38.16,100.99,722.58
L1,L151,ACACME,8,,b,50.24,0.4,4.37,3.97,38.16,100.99,788.46
L1,L151,ACACME,4.1,,b,13.19585,0.4,4.37,3.97,38.16,100.99,274.596
L1,L151,ACACME,7.9,M,M,48.99185,0.6,3.74,3.14,17.25,36.11,775.284
L1,L151,ACACME,3.5,,b,9.61625,0.6,3.74,3.14,17.25,36.11,195.54
L1,L151,ACACME,7.2,,b,40.6944,0.6,3.74,3.14,17.25,36.11,683.052
L1,L151,ACACME,5.5,,b,23.74625,0.6,3.74,3.14,17.25,36.11,459.06
L1,L151,ACACME,6.2,,b,30.1754,0.6,3.74,3.14,17.25,36.11,551.292
L1,L151,ACACME,6.4,,b,32.1536,0.6,3.74,3.14,17.25,36.11,577.644
L1,L151,ACACME,6.9,M,M,37.37385,1.02,3.25,2.23,12.44,18.49,643.524
L1,L151,ACACME,4.6,,b,16.6106,1.02,3.25,2.23,12.44,18.49,340.476
L1,L151,ACACME,4.9,,b,18.84785,1.02,3.25,2.23,12.44,18.49,380.004
L1,L151,ACACME,3.7,,b,10.74665,1.02,3.25,2.23,12.44,18.49,221.892
L1,L151,ACACME,5.6,,b,24.6176,1.02,3.25,2.23,12.44,18.49,472.236
L1,L151,ACACME,3.4,,b,9.0746,1.02,3.25,2.23,12.44,18.49,182.364
L1,L152,ACACME,2.5,M,M,4.90625,0.59,1.09,0.5,0.32,0.11,63.78
L1,L152,ACACME,2,,b,3.14,0.59,1.09,0.5,0.32,0.11,-2.1
L1,L152,ACACME,2.1,,b,3.46185,0.59,1.09,0.5,0.32,0.11,11.076
L1,L152,ACACME,2.3,,b,4.15265,0.59,1.09,0.5,0.32,0.11,37.428
L1,L152,ACACME,8.2,M,M,52.7834,0.84,3.52,2.68,17.69,31.6,814.812
L1,L152,ACACME,6.2,,b,30.1754,0.84,3.52,2.68,17.69,31.6,551.292
L1,L152,ACACME,5.3,,b,22.05065,0.84,3.52,2.68,17.69,31.6,432.708
L1,L152,ACACME,6.7,,b,35.23865,0.84,3.52,2.68,17.69,31.6,617.172
L1,L152,ACACME,5,,b,19.625,0.84,3.52,2.68,17.69,31.6,393.18
L1,L152,ACACME,7.1,,b,39.57185,0.84,3.52,2.68,17.69,31.6,669.876
L1,L152,ACACME,4.6,,b,16.6106,0.84,3.52,2.68,17.69,31.6,340.476
L1,L152,ACACME,6.7,M,M,35.23865,1.03,3.06,2.03,7.94,10.74,617.172
L1,L152,ACACME,5.9,,b,27.32585,1.03,3.06,2.03,7.94,10.74,511.764
L1,L152,ACACME,7.2,M,M,40.6944,0.7,3.69,2.99,11.7,23.32,683.052
L1,L152,ACACME,6.8,,b,36.2984,0.7,3.69,2.99,11.7,23.32,630.348
L1,L153,ACACME,10.9,M,M,93.26585,1.13,3.02,1.89,14.34,18.07,1170.564
L1,L153,ACACME,2.3,,b,4.15265,1.13,3.02,1.89,14.34,18.07,37.428
L1,L153,ACACME,8.6,,b,58.0586,1.13,3.02,1.89,14.34,18.07,867.516
L1,L153,ACACME,6.3,,b,31.15665,1.13,3.02,1.89,14.34,18.07,564.468
L1,L153,ACACME,7.8,,b,47.7594,1.13,3.02,1.89,14.34,18.07,762.108
L1,L153,ACACME,11.9,M,M,111.16385,1.17,3.63,2.46,16.4,26.9,1302.324
L1,L153,ACACME,8.7,,b,59.41665,1.17,3.63,2.46,16.4,26.9,880.692
L1,L153,ACACME,6,,b,28.26,1.17,3.63,2.46,16.4,26.9,524.94
L1,L153,ACACME,6.7,,b,35.23865,1.17,3.63,2.46,16.4,26.9,617.172
L1,L153,ACACME,3.8,,b,11.3354,1.17,3.63,2.46,16.4,26.9,235.068
L1,L153,ACACME,9.2,M,M,66.4424,1.09,3.64,2.55,10.34,17.58,946.572
L1,L153,ACACME,4.9,,b,18.84785,1.09,3.64,2.55,10.34,17.58,380.004
L1,L153,ACACME,6.5,,b,33.16625,1.09,3.64,2.55,10.34,17.58,590.82
L1,L153,ACACME,5.6,,b,24.6176,1.09,3.64,2.55,10.34,17.58,472.236
L1,L153,ACACME,5.5,M,M,23.74625,1,1.63,0.63,0.48,0.2,459.06
L1,L153,ACACME,3,,b,7.065,1,1.63,0.63,0.48,0.2,129.66
L1,L153,ACACME,1.8,,b,2.5434,1,1.63,0.63,0.48,0.2,-28.452
L1,L153,ACACME,1.7,M,M,2.26865,0.2,1.16,0.96,0.79,0.5,-41.628
L1,L153,ACACME,1.1,,b,0.94985,0.2,1.16,0.96,0.79,0.5,-120.684
L1,L153,ACACME,1.4,,b,1.5386,0.2,1.16,0.96,0.79,0.5,-81.156
L1,L153,ACACME,14.7,M,M,169.63065,1.1,5.16,4.06,30.4,82.29,1671.252
L1,L153,ACACME,6.2,,b,30.1754,1.1,5.16,4.06,30.4,82.29,551.292
L1,L153,ACACME,11.9,,b,111.16385,1.1,5.16,4.06,30.4,82.29,1302.324
L1,L153,ACACME,5.1,,b,20.41785,1.1,5.16,4.06,30.4,82.29,406.356
L1,L153,ACACME,11,,b,94.985,1.1,5.16,4.06,30.4,82.29,1183.74
L1,L153,ACACME,7.5,,b,44.15625,1.1,5.16,4.06,30.4,82.29,722.58
L1,L154,ACACME,11,M,M,94.985,1,6.11,5.11,43.43,147.96,1183.74
L1,L154,ACACME,6.4,,b,32.1536,1,6.11,5.11,43.43,147.96,577.644
L1,L154,ACACME,9.6,,b,72.3456,1,6.11,5.11,43.43,147.96,999.276
L1,L154,ACACME,9.7,,b,73.86065,1,6.11,5.11,43.43,147.96,1012.452
L1,L154,ACACME,10.3,,b,83.28065,1,6.11,5.11,43.43,147.96,1091.508
L1,L154,ACACME,5.5,,b,23.74625,1,6.11,5.11,43.43,147.96,459.06
L1,L154,ACACME,9.8,,b,75.3914,1,6.11,5.11,43.43,147.96,1025.628
L1,L154,ACACME,4.3,,b,14.51465,1,6.11,5.11,43.43,147.96,300.948
L1,L154,ACACME,9.9,,b,76.93785,1,6.11,5.11,43.43,147.96,1038.804
L1,L155,ACACME,2.9,M,M,6.60185,0.6,1.84,1.24,2.29,1.89,116.484
L1,L155,ACACME,2,,b,3.14,0.6,1.84,1.24,2.29,1.89,-2.1
L1,L155,ACACME,2.1,,b,3.46185,0.6,1.84,1.24,2.29,1.89,11.076
L1,L155,ACACME,2.5,,b,4.90625,0.6,1.84,1.24,2.29,1.89,63.78
L1,L155,ACACME,4.6,M,M,16.6106,0.85,3.63,2.78,6.01,11.14,340.476
L1,L155,ACACME,4.5,,b,15.89625,0.85,3.63,2.78,6.01,11.14,327.3
L1,L155,ACACME,5.1,,b,20.41785,0.85,3.63,2.78,6.01,11.14,406.356
L1,L155,ACACME,9.4,M,M,69.3626,0.66,4.2,3.54,12.08,28.5,972.924
L1,L155,ACACME,9.2,,b,66.4424,0.66,4.2,3.54,12.08,28.5,946.572
L1,L155,ACACME,4.8,,b,18.0864,0.66,4.2,3.54,12.08,28.5,366.828
L1,L155,ACACME,7.6,M,M,45.3416,0.5,4.57,4.07,6.21,16.85,735.756
L1,L155,ACACME,5.6,,b,24.6176,0.5,4.57,4.07,6.21,16.85,472.236
L1,L155,ACACME,6,,b,28.26,0.5,4.57,4.07,6.21,16.85,524.94
L1,L155,ACACME,6,,b,28.26,0.5,4.57,4.07,6.21,16.85,524.94
L1,L155,ACACME,13.5,M,M,143.06625,0.4,5.11,4.71,9.24,29.01,1513.14
L1,L155,ACACME,5.3,,b,22.05065,0.4,5.11,4.71,9.24,29.01,432.708
L1,L155,ACACME,12.6,,b,124.6266,0.4,5.11,4.71,9.24,29.01,1394.556
L1,L155,ACACME,7.6,,b,45.3416,0.4,5.11,4.71,9.24,29.01,735.756
L1,L155,ACACME,9.3,,b,67.89465,0.4,5.11,4.71,9.24,29.01,959.748
L1,L155,ACACME,3.4,,b,9.0746,0.4,5.11,4.71,9.24,29.01,182.364
L1,L155,ACACME,3,,b,7.065,0.4,5.11,4.71,9.24,29.01,129.66
L1,L155,ACACME,7.3,M,M,41.83265,0.8,2.66,1.86,10.91,13.53,696.228
L1,L155,ACACME,9.5,M,M,70.84625,0.6,3.83,3.23,19.85,42.75,986.1
L1,L155,ACACME,6.1,,b,29.20985,0.6,3.83,3.23,19.85,42.75,538.116
L1,L155,ACACME,8.7,,b,59.41665,0.6,3.83,3.23,19.85,42.75,880.692
L1,L155,ACACME,5.7,,b,25.50465,0.6,3.83,3.23,19.85,42.75,485.412
L1,L155,ACACME,4.2,,b,13.8474,0.6,3.83,3.23,19.85,42.75,287.772
L1,L155,ACACME,6.8,,b,36.2984,0.6,3.83,3.23,19.85,42.75,630.348
L1,L155,ACACME,12.6,M,M,124.6266,1.13,4.04,2.91,22.23,43.13,1394.556
L1,L155,ACACME,3.8,,b,11.3354,1.13,4.04,2.91,22.23,43.13,235.068
L1,L155,ACACME,7,,b,38.465,1.13,4.04,2.91,22.23,43.13,656.7
L1,L155,ACACME,6.5,,b,33.16625,1.13,4.04,2.91,22.23,43.13,590.82
L1,L155,ACACME,6.9,,b,37.37385,1.13,4.04,2.91,22.23,43.13,643.524
L1,L155,ACACME,8,,b,50.24,1.13,4.04,2.91,22.23,43.13,788.46
L1,L155,ACACME,7.6,,b,45.3416,1.13,4.04,2.91,22.23,43.13,735.756
L1,L155,ACACME,4.4,,b,15.1976,1.13,4.04,2.91,22.23,43.13,314.124
L1,L155,ACACME,2.6,M,M,5.3066,0.58,1.76,1.18,0.55,0.44,76.956
L1,L155,ACACME,1.8,,b,2.5434,0.58,1.76,1.18,0.55,0.44,-28.452
L1,L155,ACACME,2.2,,b,3.7994,0.58,1.76,1.18,0.55,0.44,24.252
L1,L155,ACACME,2.1,,b,3.46185,0.58,1.76,1.18,0.55,0.44,11.076
L1,L155,ACACME,1.7,,b,2.26865,0.58,1.76,1.18,0.55,0.44,-41.628
L1,L155,ACACME,6.8,M,M,36.2984,0.73,2.93,2.2,0.76,1.12,630.348
L1,L155,ACACME,4.6,,b,16.6106,0.73,2.93,2.2,0.76,1.12,340.476
L1,L155,ACACME,2.1,,b,3.46185,0.73,2.93,2.2,0.76,1.12,11.076
L1,L156,ACACME,3.1,M,M,7.54385,0.36,2.26,1.9,0.49,0.63,142.836
L1,L156,ACACME,2.2,,b,3.7994,0.36,2.26,1.9,0.49,0.63,24.252
L1,L156,ACACME,1.9,,b,2.83385,0.36,2.26,1.9,0.49,0.63,-15.276
L1,L156,ACACME,2.2,M,M,3.7994,0.26,1.52,1.26,3.96,3.33,24.252
L1,L156,ACACME,1.5,,b,1.76625,0.26,1.52,1.26,3.96,3.33,-67.98
L1,L156,ACACME,2.1,,b,3.46185,0.26,1.52,1.26,3.96,3.33,11.076
L1,L156,ACACME,2.1,,b,3.46185,0.26,1.52,1.26,3.96,3.33,11.076
L1,L156,ACACME,10.7,M,M,89.87465,0.2,4.79,4.59,20.4,62.41,1144.212
L1,L156,ACACME,9.7,,b,73.86065,0.2,4.79,4.59,20.4,62.41,1012.452
L1,L156,ACACME,4,,b,12.56,0.2,4.79,4.59,20.4,62.41,261.42
L1,L156,ACACME,8.8,,b,60.7904,0.2,4.79,4.59,20.4,62.41,893.868
L1,L156,ACACME,10.5,,b,86.54625,0.2,4.79,4.59,20.4,62.41,1117.86
L1,L156,ACACME,9.2,,b,66.4424,0.2,4.79,4.59,20.4,62.41,946.572
L1,L156,ACACME,10.3,M,M,83.28065,1,4.67,3.67,15.82,38.7,1091.508
L1,L156,ACACME,8.4,,b,55.3896,1,4.67,3.67,15.82,38.7,841.164
L1,L156,ACACME,5.7,,b,25.50465,1,4.67,3.67,15.82,38.7,485.412
L1,L156,ACACME,7.3,,b,41.83265,1,4.67,3.67,15.82,38.7,696.228
L1,L156,ACACME,2.1,M,M,3.46185,0.5,5.51,5.01,2.03,6.79,11.076
L1,L156,ACACME,1.8,,b,2.5434,0.5,5.51,5.01,2.03,6.79,-28.452
L1,L156,ACACME,1.7,,b,2.26865,0.5,5.51,5.01,2.03,6.79,-41.628
L1,L156,ACACME,1.3,,b,1.32665,0.5,5.51,5.01,2.03,6.79,-94.332
L1,L156,ACACME,7.2,M,M,40.6944,0.9,3.72,2.82,7.49,14.09,683.052
L1,L156,ACACME,4.7,,b,17.34065,0.9,3.72,2.82,7.49,14.09,353.652
L1,L156,ACACME,3.4,,b,9.0746,0.9,3.72,2.82,7.49,14.09,182.364
L1,L156,ACACME,7.3,M,M,41.83265,0.7,3.66,2.96,8.13,16.04,696.228
L1,L156,ACACME,3.6,,b,10.1736,0.7,3.66,2.96,8.13,16.04,208.716
L1,L156,ACACME,5.3,,b,22.05065,0.7,3.66,2.96,8.13,16.04,432.708
L1,L156,ACACME,4,,b,12.56,0.7,3.66,2.96,8.13,16.04,261.42
L1,L156,ACACME,7.6,M,M,45.3416,0.4,3.45,3.05,8.24,16.74,735.756
L1,L156,ACACME,2.1,,b,3.46185,0.4,3.45,3.05,8.24,16.74,11.076
L1,L156,ACACME,6.3,,b,31.15665,0.4,3.45,3.05,8.24,16.74,564.468
L1,L156,ACACME,6.5,M,M,33.16625,0.4,2.89,2.49,5.74,9.53,590.82
L1,L156,ACACME,3.6,,b,10.1736,0.4,2.89,2.49,5.74,9.53,208.716
L1,L156,ACACME,3.6,,b,10.1736,0.4,2.89,2.49,5.74,9.53,208.716
L1,L156,ACACME,6.2,,b,30.1754,0.4,2.89,2.49,5.74,9.53,551.292
L1,L156,ACACME,3.5,,b,9.61625,0.4,2.89,2.49,5.74,9.53,195.54
L1,L156,ACACME,9.4,M,M,69.3626,0.93,3.39,2.46,13.65,22.39,972.924
L1,L156,ACACME,7.6,,b,45.3416,0.93,3.39,2.46,13.65,22.39,735.756
L1,L156,ACACME,8.6,,b,58.0586,0.93,3.39,2.46,13.65,22.39,867.516
L1,L156,ACACME,4,,b,12.56,0.93,3.39,2.46,13.65,22.39,261.42
L1,L156,ACACME,7.5,,b,44.15625,0.93,3.39,2.46,13.65,22.39,722.58
L1,L156,ACACME,7.5,M,M,44.15625,0.6,3.7,3.1,4.66,9.63,722.58
L1,L156,ACACME,6.8,,b,36.2984,0.6,3.7,3.1,4.66,9.63,630.348
L1,L156,ACACME,5.6,,b,24.6176,0.6,3.7,3.1,4.66,9.63,472.236
L1,L156,ACACME,2.3,,b,4.15265,0.6,3.7,3.1,4.66,9.63,37.428
L1,L156,ACACME,6,M,M,28.26,2.38,3.68,1.3,6.64,5.75,524.94
L1,L156,ACACME,5.3,,b,22.05065,2.38,3.68,1.3,6.64,5.75,432.708
L1,L156,ACACME,5.1,,b,20.41785,2.38,3.68,1.3,6.64,5.75,406.356
L1,L157,ACACME,5,M,M,19.625,0.86,2.63,1.77,5.44,6.41,393.18
L1,L157,ACACME,3.1,,b,7.54385,0.86,2.63,1.77,5.44,6.41,142.836
L1,L157,ACACME,4.2,,b,13.8474,0.86,2.63,1.77,5.44,6.41,287.772
L1,L157,ACACME,23.2,M,M,422.5184,0.3,6.1,5.8,17.94,69.36,2791.212
L1,L157,ACACME,11.3,M,M,100.23665,0.8,4.15,3.35,12.71,28.38,1223.268
L1,L157,ACACME,4.8,,b,18.0864,0.8,4.15,3.35,12.71,28.38,366.828
L1,L157,ACACME,9.2,,b,66.4424,0.8,4.15,3.35,12.71,28.38,946.572
L1,L157,ACACME,10.4,,b,84.9056,0.8,4.15,3.35,12.71,28.38,1104.684
L1,L157,ACACME,6.2,M,M,30.1754,0.91,2.61,1.7,5.26,5.97,551.292
L1,L158,ACACME,5.5,M,M,23.74625,0.95,2.57,1.62,5.41,5.84,459.06
L1,L159,ACACME,7.3,M,M,41.83265,0.4,1.19,0.79,2.51,1.32,696.228
L1,L159,ACACME,6.8,,b,36.2984,0.4,1.19,0.79,2.51,1.32,630.348
L1,L159,ACACME,2.3,,b,4.15265,0.4,1.19,0.79,2.51,1.32,37.428
L1,L159,ACACME,4.1,M,M,13.19585,0.6,2.8,2.2,10.01,14.68,274.596
L1,L159,ACACME,2.7,,b,5.72265,0.6,2.8,2.2,10.01,14.68,90.132
L1,L159,ACACME,3.3,,b,8.54865,0.6,2.8,2.2,10.01,14.68,169.188
L1,L159,ACACME,3.1,,b,7.54385,0.6,2.8,2.2,10.01,14.68,142.836
L1,L159,ACACME,3.5,,b,9.61625,0.6,2.8,2.2,10.01,14.68,195.54
L1,L159,ACACME,1.7,,b,2.26865,0.6,2.8,2.2,10.01,14.68,-41.628
L1,L159,ACACME,9.4,M,M,69.3626,0.46,2.31,1.85,15.69,19.35,972.924
L1,L159,ACACME,4.6,,b,16.6106,0.46,2.31,1.85,15.69,19.35,340.476
L1,L159,ACACME,4.5,,b,15.89625,0.46,2.31,1.85,15.69,19.35,327.3
L1,L159,ACACME,6.6,,b,34.1946,0.46,2.31,1.85,15.69,19.35,603.996
L1,L159,ACACME,6.9,,b,37.37385,0.46,2.31,1.85,15.69,19.35,643.524
L1,L159,ACACME,7.3,,b,41.83265,0.46,2.31,1.85,15.69,19.35,696.228
L1,L159,ACACME,7.7,,b,46.54265,0.46,2.31,1.85,15.69,19.35,748.932
L1,L159,ACACME,7.8,,b,47.7594,0.46,2.31,1.85,15.69,19.35,762.108
L1,L159,ACACME,5.6,M,M,24.6176,0.55,4.6,4.05,6.37,17.19,472.236
L1,L159,ACACME,4.5,,b,15.89625,0.55,4.6,4.05,6.37,17.19,327.3
L1,L159,ACACME,3.8,,b,11.3354,0.55,4.6,4.05,6.37,17.19,235.068
L1,L159,ACACME,2.3,,b,4.15265,0.55,4.6,4.05,6.37,17.19,37.428
L1,L159,ACACME,7.6,M,M,45.3416,0.4,4.3,3.9,18.69,48.58,735.756
L1,L159,ACACME,3.5,,b,9.61625,0.4,4.3,3.9,18.69,48.58,195.54
L1,L159,ACACME,6.6,,b,34.1946,0.4,4.3,3.9,18.69,48.58,603.996
L1,L159,ACACME,6.7,,b,35.23865,0.4,4.3,3.9,18.69,48.58,617.172
L1,L159,ACACME,4.8,,b,18.0864,0.4,4.3,3.9,18.69,48.58,366.828
L1,L159,ACACME,7.3,,b,41.83265,0.4,4.3,3.9,18.69,48.58,696.228
L1,L159,ACACME,6.1,,b,29.20985,0.4,4.3,3.9,18.69,48.58,538.116
L1,L159,ACACME,6.4,,b,32.1536,0.4,4.3,3.9,18.69,48.58,577.644
L1,L159,ACACME,8.4,M,M,55.3896,1.09,4.47,3.38,19.79,44.59,841.164
L1,L159,ACACME,6.8,,b,36.2984,1.09,4.47,3.38,19.79,44.59,630.348
L1,L159,ACACME,6.9,,b,37.37385,1.09,4.47,3.38,19.79,44.59,643.524
L1,L159,ACACME,5.9,,b,27.32585,1.09,4.47,3.38,19.79,44.59,511.764
L1,L159,ACACME,5.8,,b,26.4074,1.09,4.47,3.38,19.79,44.59,498.588
L1,L159,ACACME,7.8,,b,47.7594,1.09,4.47,3.38,19.79,44.59,762.108
L1,L160,ACACME,10,M,M,78.5,0.45,3.1,2.65,9.32,16.46,1051.98
L1,L160,ACACME,7.7,,b,46.54265,0.45,3.1,2.65,9.32,16.46,748.932
L1,L160,ACACME,4.3,,b,14.51465,0.45,3.1,2.65,9.32,16.46,300.948
L1,L160,ACACME,4.1,,b,13.19585,0.45,3.1,2.65,9.32,16.46,274.596
L1,L160,ACACME,3,,b,7.065,0.45,3.1,2.65,9.32,16.46,129.66
L1,L160,ACACME,3.7,M,M,10.74665,0.4,1.52,1.12,5.82,4.34,221.892
L1,L160,ACACME,2,,b,3.14,0.4,1.52,1.12,5.82,4.34,-2.1
L1,L160,ACACME,1.9,,b,2.83385,0.4,1.52,1.12,5.82,4.34,-15.276
L1,L160,ACACME,2.7,,b,5.72265,0.4,1.52,1.12,5.82,4.34,90.132
L1,L160,ACACME,2.3,,b,4.15265,0.4,1.52,1.12,5.82,4.34,37.428
L1,L160,ACACME,2.1,,b,3.46185,0.4,1.52,1.12,5.82,4.34,11.076
L1,L160,ACACME,3.3,M,M,8.54865,0.39,1.63,1.24,5.7,4.72,169.188
L1,L160,ACACME,2,,b,3.14,0.39,1.63,1.24,5.7,4.72,-2.1
L1,L160,ACACME,2.4,,b,4.5216,0.39,1.63,1.24,5.7,4.72,50.604
L1,L160,ACACME,1.9,,b,2.83385,0.39,1.63,1.24,5.7,4.72,-15.276
L1,L160,ACACME,1.7,,b,2.26865,0.39,1.63,1.24,5.7,4.72,-41.628
L1,L160,ACACME,11.8,M,M,109.3034,0.51,2.3,1.79,6.89,8.22,1289.148
L1,L160,ACACME,5.9,,b,27.32585,0.51,2.3,1.79,6.89,8.22,511.764
L1,L160,ACACME,10.2,,b,81.6714,0.51,2.3,1.79,6.89,8.22,1078.332
L1,L160,ACACME,12.5,M,M,122.65625,0.8,4.21,3.41,9.55,21.7,1381.38
L1,L161,ACACME,13.7,M,M,147.33665,0.6,2.15,1.55,4.5,4.65,1539.492
L1,L161,ACACME,10.6,,b,88.2026,0.6,2.15,1.55,4.5,4.65,1131.036
L1,L161,ACACME,9.1,,b,65.00585,0.6,2.15,1.55,4.5,4.65,933.396
L1,L161,ACACME,6.7,M,M,35.23865,0.14,3.38,3.24,8.74,18.87,617.172
L1,L161,ACACME,4.3,,b,14.51465,0.14,3.38,3.24,8.74,18.87,300.948
L1,L161,ACACME,5.4,,b,22.8906,0.14,3.38,3.24,8.74,18.87,445.884
L1,L161,ACACME,4.5,,b,15.89625,0.14,3.38,3.24,8.74,18.87,327.3
L1,L161,ACACME,5.4,,b,22.8906,0.14,3.38,3.24,8.74,18.87,445.884
L1,L161,ACACME,7.7,M,M,46.54265,0.2,1.6,1.4,2.05,1.91,748.932
L1,L161,ACACME,6.8,,b,36.2984,0.2,1.6,1.4,2.05,1.91,630.348
L1,L161,ACACME,6.3,,b,31.15665,0.2,1.6,1.4,2.05,1.91,564.468
L1,L161,ACACME,9.1,M,M,65.00585,0.4,3.63,3.23,15.8,34.03,933.396
L1,L161,ACACME,5.5,,b,23.74625,0.4,3.63,3.23,15.8,34.03,459.06
L1,L161,ACACME,7.1,,b,39.57185,0.4,3.63,3.23,15.8,34.03,669.876
L1,L161,ACACME,4.7,,b,17.34065,0.4,3.63,3.23,15.8,34.03,353.652
L1,L161,ACACME,4.8,,b,18.0864,0.4,3.63,3.23,15.8,34.03,366.828
L1,L161,ACACME,6,,b,28.26,0.4,3.63,3.23,15.8,34.03,524.94
L1,L162,ACACME,2.3,M,M,4.15265,0.1,0.81,0.71,1.26,0.6,37.428
L1,L162,ACACME,1.9,,b,2.83385,0.1,0.81,0.71,1.26,0.6,-15.276
L1,L162,ACACME,1.5,,b,1.76625,0.1,0.81,0.71,1.26,0.6,-67.98
L1,L162,ACACME,4.9,M,M,18.84785,0.92,2.1,1.18,3.71,2.92,380.004
L1,L162,ACACME,3.5,,b,9.61625,0.92,2.1,1.18,3.71,2.92,195.54
L1,L162,ACACME,3.8,,b,11.3354,0.92,2.1,1.18,3.71,2.92,235.068
L1,L162,ACACME,13.2,M,M,136.7784,0.76,2.9,2.14,0.85,1.21,1473.612
L1,L162,ACACME,8.9,,b,62.17985,0.76,2.9,2.14,0.85,1.21,907.044
L1,L162,ACACME,5.6,,b,24.6176,0.76,2.9,2.14,0.85,1.21,472.236
L1,L162,ACACME,11.6,M,M,105.6296,0.54,2.14,1.6,6.53,6.96,1262.796
L1,L163,ACACME,9.3,M,M,67.89465,1,2.9,1.9,15.69,19.87,959.748
L1,L164,ACACME,7.7,M,M,46.54265,0.4,2.62,2.22,18.73,27.72,748.932
L1,L164,ACACME,5.3,,b,22.05065,0.4,2.62,2.22,18.73,27.72,432.708
L1,L164,ACACME,5.5,M,M,23.74625,0.39,1.5,1.11,2.5,1.85,459.06
L1,L164,ACACME,7,M,M,38.465,0.4,3.32,2.92,7.02,13.66,656.7
L1,L164,ACACME,4.9,,b,18.84785,0.4,3.32,2.92,7.02,13.66,380.004
L1,L164,ACACME,7.4,M,M,42.9866,0.35,2.71,2.36,3.63,5.71,709.404
L1,L164,ACACME,3.6,M,M,10.1736,0.31,1.63,1.32,2.97,2.61,208.716
L1,L164,ACACME,1.5,,b,1.76625,0.31,1.63,1.32,2.97,2.61,-67.98
L1,L164,ACACME,1.4,,b,1.5386,0.31,1.63,1.32,2.97,2.61,-81.156
L1,L164,ACACME,1.8,,b,2.5434,0.31,1.63,1.32,2.97,2.61,-28.452
L1,L164,ACACME,7.6,M,M,45.3416,0.1,2.48,2.38,5.13,8.15,735.756
L1,L164,ACACME,4.3,,b,14.51465,0.1,2.48,2.38,5.13,8.15,300.948
L1,L164,ACACME,7.4,,b,42.9866,0.1,2.48,2.38,5.13,8.15,709.404
L1,L164,ACACME,5.3,,b,22.05065,0.1,2.48,2.38,5.13,8.15,432.708
L1,L164,ACACME,8.8,M,M,60.7904,0.82,3.85,3.03,13.42,27.12,893.868
L1,L164,ACACME,6,,b,28.26,0.82,3.85,3.03,13.42,27.12,524.94
L1,L164,ACACME,4.8,M,M,18.0864,0.22,3.7,3.48,2.32,5.38,366.828
L1,L164,ACACME,8.6,M,M,58.0586,0.59,3.94,3.35,5.73,12.79,867.516
L1,L164,ACACME,6.8,,b,36.2984,0.59,3.94,3.35,5.73,12.79,630.348
L1,L164,ACACME,5.7,M,M,25.50465,0.5,2.5,2,5.76,7.68,485.412
L1,L164,ACACME,3.6,,b,10.1736,0.5,2.5,2,5.76,7.68,208.716
L1,L164,ACACME,4.2,M,M,13.8474,0.5,2.29,1.79,2.28,2.72,287.772
L1,L164,ACACME,12.1,M,M,114.93185,1.1,2.5,1.4,4.87,4.54,1328.676
L1,L164,ACACME,6.1,,b,29.20985,1.1,2.5,1.4,4.87,4.54,538.116
L1,L164,ACACME,10.3,M,M,83.28065,1,3.82,2.82,19.26,36.21,1091.508
L1,L164,ACACME,4.3,,b,14.51465,1,3.82,2.82,19.26,36.21,300.948
L1,L164,ACACME,8.2,,b,52.7834,1,3.82,2.82,19.26,36.21,814.812
L1,L164,ACACME,7.6,,b,45.3416,1,3.82,2.82,19.26,36.21,735.756
L1,L165,ACACME,8.8,M,M,60.7904,0.6,2.77,2.17,6.5,9.41,893.868
L1,L165,ACACME,8.2,,b,52.7834,0.6,2.77,2.17,6.5,9.41,814.812
L1,L165,ACACME,5.7,,b,25.50465,0.6,2.77,2.17,6.5,9.41,485.412
L1,L165,ACACME,12.4,M,M,120.7016,0.7,3.51,2.81,21.84,40.91,1368.204
L1,L165,ACACME,7.7,,b,46.54265,0.7,3.51,2.81,21.84,40.91,748.932
L1,L165,ACACME,11.5,,b,103.81625,0.7,3.51,2.81,21.84,40.91,1249.62
L1,L165,ACACME,6.1,,b,29.20985,0.7,3.51,2.81,21.84,40.91,538.116
L1,L166,ACACME,4.4,M,M,15.1976,0.17,1.85,1.68,5.33,5.97,314.124
L1,L166,ACACME,5.2,M,M,21.2264,0.6,1.71,1.11,5.87,4.35,419.532
L1,L166,ACACME,3.7,,b,10.74665,0.6,1.71,1.11,5.87,4.35,221.892
L1,L166,ACACME,2.6,,b,5.3066,0.6,1.71,1.11,5.87,4.35,76.956
L1,L166,ACACME,8.4,M,M,55.3896,1.16,3.63,2.47,17.33,28.54,841.164
L1,L166,ACACME,5.5,,b,23.74625,1.16,3.63,2.47,17.33,28.54,459.06
L1,L166,ACACME,5.5,,b,23.74625,1.16,3.63,2.47,17.33,28.54,459.06
L1,L166,ACACME,5,M,M,19.625,0.6,2.41,1.81,9.21,11.11,393.18
L1,L166,ACACME,8,M,M,50.24,0.89,3.62,2.73,4.54,8.26,788.46
L1,L166,ACACME,4.6,,b,16.6106,0.89,3.62,2.73,4.54,8.26,340.476
L1,L166,ACACME,7.5,,b,44.15625,0.89,3.62,2.73,4.54,8.26,722.58
L1,L167,ACACME,1.9,M,M,2.83385,0.4,1.5,1.1,2.37,1.74,-15.276
L1,L167,ACACME,1.6,,b,2.0096,0.4,1.5,1.1,2.37,1.74,-54.804
L1,L167,ACACME,7.7,M,M,46.54265,1,3.38,2.38,8.16,12.94,748.932
L1,L168,ACACME,8.5,M,M,56.71625,0.5,3.91,3.41,14.42,32.79,854.34
L1,L168,ACACME,6.5,,b,33.16625,0.5,3.91,3.41,14.42,32.79,590.82
L1,L168,ACACME,6.7,,b,35.23865,0.5,3.91,3.41,14.42,32.79,617.172
L1,L168,ACACME,11.3,M,M,100.23665,0.77,4.27,3.5,10.75,25.08,1223.268
L1,L168,ACACME,6.3,,b,31.15665,0.77,4.27,3.5,10.75,25.08,564.468
L1,L168,ACACME,8.1,,b,51.50385,0.77,4.27,3.5,10.75,25.08,801.636
L1,L168,ACACME,2.7,,b,5.72265,0.77,4.27,3.5,10.75,25.08,90.132
L1,L168,ACACME,5.4,M,M,22.8906,0.6,1.22,0.62,0.95,0.39,445.884
L1,L168,ACACME,4.3,,b,14.51465,0.6,1.22,0.62,0.95,0.39,300.948
L1,L168,ACACME,4.6,,b,16.6106,0.6,1.22,0.62,0.95,0.39,340.476
L1,L168,ACACME,6,,b,28.26,0.6,1.22,0.62,0.95,0.39,524.94
L1,L168,ACACME,8.3,M,M,54.07865,0.3,1.79,1.49,9.45,9.39,827.988
L1,L168,ACACME,8,,b,50.24,0.3,1.79,1.49,9.45,9.39,788.46
L1,L169,ACACME,3.3,M,M,8.54865,0.47,1.69,1.22,1.03,0.84,169.188
L1,L169,ACACME,2.4,,b,4.5216,0.47,1.69,1.22,1.03,0.84,50.604
L1,L169,ACACME,8.9,M,M,62.17985,0.89,3.17,2.28,11.34,17.24,907.044
L1,L169,ACACME,8.1,,b,51.50385,0.89,3.17,2.28,11.34,17.24,801.636
L1,L169,ACACME,7.9,M,M,48.99185,0.8,3.51,2.71,5.24,9.47,775.284
L1,L172,ACACME,9.2,M,M,66.4424,0.4,1.21,0.81,4.48,2.42,946.572
L1,L172,ACACME,4.5,,b,15.89625,0.4,1.21,0.81,4.48,2.42,327.3
L1,L172,ACACME,3.4,M,M,9.0746,0.6,2.1,1.5,5.78,5.78,182.364
L1,L172,ACACME,2.1,,b,3.46185,0.6,2.1,1.5,5.78,5.78,11.076
L1,L172,ACACME,2.3,,b,4.15265,0.6,2.1,1.5,5.78,5.78,37.428
L1,L172,ACACME,16.7,M,M,218.92865,0.9,3.84,2.94,15.74,30.85,1934.772
L1,L172,ACACME,11.1,,b,96.71985,0.9,3.84,2.94,15.74,30.85,1196.916
L1,L172,ACACME,3.2,,b,8.0384,0.9,3.84,2.94,15.74,30.85,156.012
L1,L172,ACACME,10.5,,b,86.54625,0.9,3.84,2.94,15.74,30.85,1117.86
L1,L172,ACACME,14.5,M,M,165.04625,0.71,2.88,2.17,23.63,34.19,1644.9
L1,L172,ACACME,6.6,,b,34.1946,0.71,2.88,2.17,23.63,34.19,603.996
L1,L172,ACACME,10.5,,b,86.54625,0.71,2.88,2.17,23.63,34.19,1117.86
L1,L172,ACACME,9.6,,b,72.3456,0.71,2.88,2.17,23.63,34.19,999.276
L1,L173,ACACME,2.1,M,M,3.46185,0.4,1.7,1.3,5.1,4.42,11.076
L1,L173,ACACME,2.1,,b,3.46185,0.4,1.7,1.3,5.1,4.42,11.076
L1,L173,ACACME,1.9,,b,2.83385,0.4,1.7,1.3,5.1,4.42,-15.276
L1,L173,ACACME,1.7,,b,2.26865,0.4,1.7,1.3,5.1,4.42,-41.628
L1,L173,ACACME,9.9,M,M,76.93785,0.4,2.94,2.54,5.43,9.2,1038.804
L1,L173,ACACME,7.6,,b,45.3416,0.4,2.94,2.54,5.43,9.2,735.756
L1,L173,ACACME,2.3,,b,4.15265,0.4,2.94,2.54,5.43,9.2,37.428
L1,L173,ACACME,5.6,M,M,24.6176,0.33,2.19,1.86,6.89,8.54,472.236
L1,L173,ACACME,4.5,,b,15.89625,0.33,2.19,1.86,6.89,8.54,327.3
L1,L173,ACACME,2.3,,b,4.15265,0.33,2.19,1.86,6.89,8.54,37.428
L1,L173,ACACME,2.6,,b,5.3066,0.33,2.19,1.86,6.89,8.54,76.956
L1,L175,ACACME,8.9,M,M,62.17985,0.8,2.5,1.7,10.26,11.63,907.044
L1,L175,ACACME,6.3,,b,31.15665,0.8,2.5,1.7,10.26,11.63,564.468
L1,L175,ACACME,6,,b,28.26,0.8,2.5,1.7,10.26,11.63,524.94
L1,L175,ACACME,4.5,,b,15.89625,0.8,2.5,1.7,10.26,11.63,327.3
L1,L175,ACACME,7.4,,b,42.9866,0.8,2.5,1.7,10.26,11.63,709.404
L1,L175,ACACME,7.5,,b,44.15625,0.8,2.5,1.7,10.26,11.63,722.58
L1,L175,ACACME,4.4,,b,15.1976,0.8,2.5,1.7,10.26,11.63,314.124
L2,L202,ACACME,2.4,M,M,4.5216,0.14,2.26,2.12,4.11,5.8,50.604
L2,L203,ACACME,7.5,M,M,44.15625,0.87,2.96,2.09,9.33,12.99,722.58
L2,L203,ACACME,5.2,,b,21.2264,0.87,2.96,2.09,9.33,12.99,419.532
L2,L203,ACACME,4.3,,b,14.51465,0.87,2.96,2.09,9.33,12.99,300.948
L2,L203,ACACME,3.6,,b,10.1736,0.87,2.96,2.09,9.33,12.99,208.716
L2,L204,ACACME,10.7,M,M,89.87465,1.22,3.08,1.86,17.69,21.93,1144.212
L2,L204,ACACME,7.8,,b,47.7594,1.22,3.08,1.86,17.69,21.93,762.108
L2,L204,ACACME,3.2,,b,8.0384,1.22,3.08,1.86,17.69,21.93,156.012
L2,L204,ACACME,4.5,,b,15.89625,1.22,3.08,1.86,17.69,21.93,327.3
L2,L204,ACACME,5.4,,b,22.8906,1.22,3.08,1.86,17.69,21.93,445.884
L2,L204,ACACME,3.4,M,M,9.0746,1.1,1.8,0.7,4.87,2.27,182.364
L2,L204,ACACME,2.7,,b,5.72265,1.1,1.8,0.7,4.87,2.27,90.132
L2,L204,ACACME,3,,b,7.065,1.1,1.8,0.7,4.87,2.27,129.66
L2,L204,ACACME,5.1,M,M,20.41785,0.9,1.68,0.78,3.82,1.98,406.356
L2,L204,ACACME,3.1,,b,7.54385,0.9,1.68,0.78,3.82,1.98,142.836
L2,L205,ACACME,13,M,M,132.665,0.74,3.87,3.13,28.06,58.58,1447.26
L2,L205,ACACME,6.8,,b,36.2984,0.74,3.87,3.13,28.06,58.58,630.348
L2,L205,ACACME,6.7,,b,35.23865,0.74,3.87,3.13,28.06,58.58,617.172
L2,L205,ACACME,5.8,,b,26.4074,0.74,3.87,3.13,28.06,58.58,498.588
L2,L205,ACACME,7.4,,b,42.9866,0.74,3.87,3.13,28.06,58.58,709.404
L2,L205,ACACME,8.3,M,M,54.07865,0.84,3.63,2.79,10.99,20.43,827.988
L2,L205,ACACME,5.3,,b,22.05065,0.84,3.63,2.79,10.99,20.43,432.708
L2,L205,ACACME,4.2,,b,13.8474,0.84,3.63,2.79,10.99,20.43,287.772
L2,L205,ACACME,6.8,,b,36.2984,0.84,3.63,2.79,10.99,20.43,630.348
L2,L205,ACACME,5.6,,b,24.6176,0.84,3.63,2.79,10.99,20.43,472.236
L2,L205,ACACME,4.9,,b,18.84785,0.84,3.63,2.79,10.99,20.43,380.004
L2,L205,ACACME,9.5,M,M,70.84625,1.02,4,2.98,43.33,86,986.1
L2,L205,ACACME,5.7,,b,25.50465,1.02,4,2.98,43.33,86,485.412
L2,L205,ACACME,8,,b,50.24,1.02,4,2.98,43.33,86,788.46
L2,L205,ACACME,7.9,,b,48.99185,1.02,4,2.98,43.33,86,775.284
L2,L205,ACACME,6.4,,b,32.1536,1.02,4,2.98,43.33,86,577.644
L2,L205,ACACME,5.7,,b,25.50465,1.02,4,2.98,43.33,86,485.412
L2,L205,ACACME,8.9,,b,62.17985,1.02,4,2.98,43.33,86,907.044
L2,L205,ACACME,5.7,,b,25.50465,1.02,4,2.98,43.33,86,485.412
L2,L205,ACACME,9.1,M,M,65.00585,1.22,3.38,2.16,19,27.41,933.396
L2,L205,ACACME,6.9,,b,37.37385,1.22,3.38,2.16,19,27.41,643.524
L2,L205,ACACME,7.2,,b,40.6944,1.22,3.38,2.16,19,27.41,683.052
L2,L205,ACACME,6.7,,b,35.23865,1.22,3.38,2.16,19,27.41,617.172
L2,L205,ACACME,3.3,M,M,8.54865,0.88,1.86,0.98,2.18,1.43,169.188
L2,L205,ACACME,2.3,,b,4.15265,0.88,1.86,0.98,2.18,1.43,37.428
L2,L206,ACACME,6.5,M,M,33.16625,0.93,3.14,2.21,15.93,23.47,590.82
L2,L206,ACACME,3.6,,b,10.1736,0.93,3.14,2.21,15.93,23.47,208.716
L2,L206,ACACME,6.4,,b,32.1536,0.93,3.14,2.21,15.93,23.47,577.644
L2,L206,ACACME,5.5,,b,23.74625,0.93,3.14,2.21,15.93,23.47,459.06
L2,L206,ACACME,5.7,,b,25.50465,0.93,3.14,2.21,15.93,23.47,485.412
L2,L206,ACACME,6.9,M,M,37.37385,2.47,5.1,2.63,7.94,13.92,643.524
L2,L206,ACACME,5.7,,b,25.50465,2.47,5.1,2.63,7.94,13.92,485.412
L2,L206,ACACME,4.1,,b,13.19585,2.47,5.1,2.63,7.94,13.92,274.596
L2,L206,ACACME,9.3,M,M,67.89465,1.06,3.38,2.32,28.07,43.5,959.748
L2,L206,ACACME,5.6,,b,24.6176,1.06,3.38,2.32,28.07,43.5,472.236
L2,L206,ACACME,5.5,,b,23.74625,1.06,3.38,2.32,28.07,43.5,459.06
L2,L206,ACACME,5.6,,b,24.6176,1.06,3.38,2.32,28.07,43.5,472.236
L2,L206,ACACME,6.6,,b,34.1946,1.06,3.38,2.32,28.07,43.5,603.996
L2,L206,ACACME,7.4,,b,42.9866,1.06,3.38,2.32,28.07,43.5,709.404
L2,L206,ACACME,8.3,,b,54.07865,1.06,3.38,2.32,28.07,43.5,827.988
L2,L206,ACACME,5.7,,b,25.50465,1.06,3.38,2.32,28.07,43.5,485.412
L2,L206,ACACME,11,M,M,94.985,4.09,4.11,0.02,6.5,0.11,1183.74
L2,L206,ACACME,5.7,,b,25.50465,4.09,4.11,0.02,6.5,0.11,485.412
L2,L206,ACACME,6.4,,b,32.1536,4.09,4.11,0.02,6.5,0.11,577.644
L2,L206,ACACME,7.6,,b,45.3416,4.09,4.11,0.02,6.5,0.11,735.756
L2,L206,ACACME,6.5,M,M,33.16625,1.91,2.41,0.5,3.63,1.21,590.82
L2,L207,ACACME,7.7,M,M,46.54265,0.93,2.65,1.72,14.13,16.23,748.932
L2,L207,ACACME,4.3,,b,14.51465,0.93,2.65,1.72,14.13,16.23,300.948
L2,L207,ACACME,5.9,,b,27.32585,0.93,2.65,1.72,14.13,16.23,511.764
L2,L207,ACACME,5.3,,b,22.05065,0.93,2.65,1.72,14.13,16.23,432.708
L2,L207,ACACME,3.5,,b,9.61625,0.93,2.65,1.72,14.13,16.23,195.54
L2,L207,ACACME,3.6,,b,10.1736,0.93,2.65,1.72,14.13,16.23,208.716
L2,L207,ACACME,5.3,,b,22.05065,0.93,2.65,1.72,14.13,16.23,432.708
L2,L207,ACACME,7.7,M,M,46.54265,1.04,2.71,1.67,16.43,18.33,748.932
L2,L207,ACACME,5.9,,b,27.32585,1.04,2.71,1.67,16.43,18.33,511.764
L2,L207,ACACME,5.8,,b,26.4074,1.04,2.71,1.67,16.43,18.33,498.588
L2,L207,ACACME,5.5,,b,23.74625,1.04,2.71,1.67,16.43,18.33,459.06
L2,L207,ACACME,4.4,,b,15.1976,1.04,2.71,1.67,16.43,18.33,314.124
L2,L207,ACACME,10.2,M,M,81.6714,0.91,2.68,1.77,17.9,21.15,1078.332
L2,L207,ACACME,7.4,,b,42.9866,0.91,2.68,1.77,17.9,21.15,709.404
L2,L207,ACACME,6.9,,b,37.37385,0.91,2.68,1.77,17.9,21.15,643.524
L2,L207,ACACME,13.8,M,M,149.4954,1.22,3.87,2.65,29.9,52.87,1552.668
L2,L207,ACACME,7.8,,b,47.7594,1.22,3.87,2.65,29.9,52.87,762.108
L2,L207,ACACME,9.4,,b,69.3626,1.22,3.87,2.65,29.9,52.87,972.924
L2,L207,ACACME,6.5,,b,33.16625,1.22,3.87,2.65,29.9,52.87,590.82
L2,L207,ACACME,8.3,,b,54.07865,1.22,3.87,2.65,29.9,52.87,827.988
L2,L207,ACACME,10.2,,b,81.6714,1.22,3.87,2.65,29.9,52.87,1078.332
L2,L207,ACACME,7.9,,b,48.99185,1.22,3.87,2.65,29.9,52.87,775.284
L2,L207,ACACME,7.5,,b,44.15625,1.22,3.87,2.65,29.9,52.87,722.58
L2,L208,ACACME,8.6,M,M,58.0586,1.11,3.57,2.46,31.94,52.32,867.516
L2,L208,ACACME,6.3,,b,31.15665,1.11,3.57,2.46,31.94,52.32,564.468
L2,L208,ACACME,6.4,,b,32.1536,1.11,3.57,2.46,31.94,52.32,577.644
L2,L208,ACACME,7.9,,b,48.99185,1.11,3.57,2.46,31.94,52.32,775.284
L2,L208,ACACME,7.3,,b,41.83265,1.11,3.57,2.46,31.94,52.32,696.228
L2,L208,ACACME,7.4,,b,42.9866,1.11,3.57,2.46,31.94,52.32,709.404
L2,L208,ACACME,8.3,,b,54.07865,1.11,3.57,2.46,31.94,52.32,827.988
L2,L208,ACACME,6.3,,b,31.15665,1.11,3.57,2.46,31.94,52.32,564.468
L2,L208,ACACME,7.3,,b,41.83265,1.11,3.57,2.46,31.94,52.32,696.228
L2,L208,ACACME,6.7,M,M,35.23865,0.86,2.71,1.85,14.55,17.97,617.172
L2,L208,ACACME,4.2,,b,13.8474,0.86,2.71,1.85,14.55,17.97,287.772
L2,L208,ACACME,4.6,,b,16.6106,0.86,2.71,1.85,14.55,17.97,340.476
L2,L208,ACACME,4.3,,b,14.51465,0.86,2.71,1.85,14.55,17.97,300.948
L2,L208,ACACME,3.4,,b,9.0746,0.86,2.71,1.85,14.55,17.97,182.364
L2,L208,ACACME,11.3,M,M,100.23665,1.12,4.76,3.64,23.13,56.06,1223.268
L2,L208,ACACME,9.6,,b,72.3456,1.12,4.76,3.64,23.13,56.06,999.276
L2,L208,ACACME,7.7,,b,46.54265,1.12,4.76,3.64,23.13,56.06,748.932
L2,L208,ACACME,7.4,,b,42.9866,1.12,4.76,3.64,23.13,56.06,709.404
L2,L208,ACACME,7.6,,b,45.3416,1.12,4.76,3.64,23.13,56.06,735.756
L2,L208,ACACME,8.9,,b,62.17985,1.12,4.76,3.64,23.13,56.06,907.044
L2,L208,ACACME,9.9,,b,76.93785,1.12,4.76,3.64,23.13,56.06,1038.804
L2,L208,ACACME,8.1,M,M,51.50385,0.94,3.41,2.47,21.14,34.87,801.636
L2,L208,ACACME,6.1,,b,29.20985,0.94,3.41,2.47,21.14,34.87,538.116
L2,L208,ACACME,5.3,,b,22.05065,0.94,3.41,2.47,21.14,34.87,432.708
L2,L208,ACACME,5.5,,b,23.74625,0.94,3.41,2.47,21.14,34.87,459.06
L2,L208,ACACME,5.6,,b,24.6176,0.94,3.41,2.47,21.14,34.87,472.236
L2,L208,ACACME,4.5,,b,15.89625,0.94,3.41,2.47,21.14,34.87,327.3
L2,L208,ACACME,6.4,,b,32.1536,0.94,3.41,2.47,21.14,34.87,577.644
L2,L208,ACACME,4.6,,b,16.6106,0.94,3.41,2.47,21.14,34.87,340.476
L2,L208,ACACME,6.7,,b,35.23865,0.94,3.41,2.47,21.14,34.87,617.172
L2,L208,ACACME,3.5,M,M,9.61625,0.81,2.5,1.69,4.54,5.11,195.54
L2,L208,ACACME,2.9,,b,6.60185,0.81,2.5,1.69,4.54,5.11,116.484
L2,L208,ACACME,2.1,,b,3.46185,0.81,2.5,1.69,4.54,5.11,11.076
L2,L209,ACACME,10,M,M,78.5,1.11,3.63,2.52,34.09,57.23,1051.98
L2,L209,ACACME,5.5,,b,23.74625,1.11,3.63,2.52,34.09,57.23,459.06
L2,L209,ACACME,7.5,,b,44.15625,1.11,3.63,2.52,34.09,57.23,722.58
L2,L209,ACACME,4.6,,b,16.6106,1.11,3.63,2.52,34.09,57.23,340.476
L2,L209,ACACME,8.8,,b,60.7904,1.11,3.63,2.52,34.09,57.23,893.868
L2,L209,ACACME,4.6,,b,16.6106,1.11,3.63,2.52,34.09,57.23,340.476
L2,L209,ACACME,4.5,,b,15.89625,1.11,3.63,2.52,34.09,57.23,327.3
L2,L209,ACACME,5.5,,b,23.74625,1.11,3.63,2.52,34.09,57.23,459.06
L2,L209,ACACME,4.8,,b,18.0864,1.11,3.63,2.52,34.09,57.23,366.828
L2,L209,ACACME,8.5,M,M,56.71625,1.02,3.72,2.7,14.38,25.88,854.34
L2,L209,ACACME,8,,b,50.24,1.02,3.72,2.7,14.38,25.88,788.46
L2,L209,ACACME,6.9,,b,37.37385,1.02,3.72,2.7,14.38,25.88,643.524
L2,L209,ACACME,10,M,M,78.5,1.08,3.38,2.3,35.39,54.37,1051.98
L2,L209,ACACME,5.6,,b,24.6176,1.08,3.38,2.3,35.39,54.37,472.236
L2,L209,ACACME,6.5,,b,33.16625,1.08,3.38,2.3,35.39,54.37,590.82
L2,L209,ACACME,6.2,,b,30.1754,1.08,3.38,2.3,35.39,54.37,551.292
L2,L209,ACACME,5.8,,b,26.4074,1.08,3.38,2.3,35.39,54.37,498.588
L2,L209,ACACME,6.8,,b,36.2984,1.08,3.38,2.3,35.39,54.37,630.348
L2,L209,ACACME,6.2,,b,30.1754,1.08,3.38,2.3,35.39,54.37,551.292
L2,L209,ACACME,4.6,,b,16.6106,1.08,3.38,2.3,35.39,54.37,340.476
L2,L209,ACACME,4.7,,b,17.34065,1.08,3.38,2.3,35.39,54.37,353.652
L2,L209,ACACME,5.7,,b,25.50465,1.08,3.38,2.3,35.39,54.37,485.412
L2,L209,ACACME,3.7,,b,10.74665,1.08,3.38,2.3,35.39,54.37,221.892
L2,L209,ACACME,5.2,,b,21.2264,1.08,3.38,2.3,35.39,54.37,419.532
L2,L209,ACACME,5.8,,b,26.4074,1.08,3.38,2.3,35.39,54.37,498.588
L2,L210,ACACME,16.1,M,M,203.47985,1.02,4.54,3.52,39.57,92.92,1855.716
L2,L210,ACACME,11.1,,b,96.71985,1.02,4.54,3.52,39.57,92.92,1196.916
L2,L210,ACACME,8.5,,b,56.71625,1.02,4.54,3.52,39.57,92.92,854.34
L2,L210,ACACME,11.4,,b,102.0186,1.02,4.54,3.52,39.57,92.92,1236.444
L2,L210,ACACME,9.3,,b,67.89465,1.02,4.54,3.52,39.57,92.92,959.748
L2,L210,ACACME,7.8,,b,47.7594,1.02,4.54,3.52,39.57,92.92,762.108
L2,L210,ACACME,6.4,,b,32.1536,1.02,4.54,3.52,39.57,92.92,577.644
L2,L210,ACACME,8.4,,b,55.3896,1.02,4.54,3.52,39.57,92.92,841.164
L2,L210,ACACME,8.5,,b,56.71625,1.02,4.54,3.52,39.57,92.92,854.34
L2,L211,ACACME,7.1,M,M,39.57185,1.14,3.08,1.94,11.56,14.94,669.876
L2,L211,ACACME,6.7,,b,35.23865,1.14,3.08,1.94,11.56,14.94,617.172
L2,L211,ACACME,3.9,,b,11.93985,1.14,3.08,1.94,11.56,14.94,248.244
L2,L211,ACACME,3.4,,b,9.0746,1.14,3.08,1.94,11.56,14.94,182.364
L2,L211,ACACME,13.1,M,M,134.71385,1.11,3.32,2.21,23.74,35.02,1460.436
L2,L211,ACACME,8.4,,b,55.3896,1.11,3.32,2.21,23.74,35.02,841.164
L2,L211,ACACME,9.9,,b,76.93785,1.11,3.32,2.21,23.74,35.02,1038.804
L2,L211,ACACME,4.6,,b,16.6106,1.11,3.32,2.21,23.74,35.02,340.476
L2,L211,ACACME,7.6,,b,45.3416,1.11,3.32,2.21,23.74,35.02,735.756
L2,L211,ACACME,6.6,,b,34.1946,1.11,3.32,2.21,23.74,35.02,603.996
L2,L212,ACACME,7.7,M,M,46.54265,1.1,3.57,2.47,23.13,38.04,748.932
L2,L212,ACACME,6.3,,b,31.15665,1.1,3.57,2.47,23.13,38.04,564.468
L2,L212,ACACME,7.1,,b,39.57185,1.1,3.57,2.47,23.13,38.04,669.876
L2,L212,ACACME,9.1,M,M,65.00585,0.98,2.59,1.61,11.62,12.49,933.396
L2,L212,ACACME,7.5,,b,44.15625,0.98,2.59,1.61,11.62,12.49,722.58
L2,L212,ACACME,5.6,,b,24.6176,0.98,2.59,1.61,11.62,12.49,472.236
L2,L212,ACACME,8.5,,b,56.71625,0.98,2.59,1.61,11.62,12.49,854.34
L2,L212,ACACME,4.3,,b,14.51465,0.98,2.59,1.61,11.62,12.49,300.948
L2,L212,ACACME,9.8,M,M,75.3914,3.72,8.97,5.25,27.15,95.04,1025.628
L2,L212,ACACME,8.9,,b,62.17985,3.72,8.97,5.25,27.15,95.04,907.044
L2,L212,ACACME,8.3,,b,54.07865,3.72,8.97,5.25,27.15,95.04,827.988
L2,L212,ACACME,6.4,,b,32.1536,3.72,8.97,5.25,27.15,95.04,577.644
L2,L212,ACACME,6.2,,b,30.1754,3.72,8.97,5.25,27.15,95.04,551.292
L2,L212,ACACME,6.2,,b,30.1754,3.72,8.97,5.25,27.15,95.04,551.292
L2,L212,ACACME,6.3,,b,31.15665,3.72,8.97,5.25,27.15,95.04,564.468
L2,L212,ACACME,7.7,,b,46.54265,3.72,8.97,5.25,27.15,95.04,748.932
L2,L212,ACACME,17.3,M,M,234.94265,0.64,1.16,0.52,57.65,19.86,2013.828
L2,L212,ACACME,11.7,,b,107.45865,0.64,1.16,0.52,57.65,19.86,1275.972
L2,L212,ACACME,11.1,,b,96.71985,0.64,1.16,0.52,57.65,19.86,1196.916
L2,L212,ACACME,9.7,,b,73.86065,0.64,1.16,0.52,57.65,19.86,1012.452
L2,L212,ACACME,10.3,,b,83.28065,0.64,1.16,0.52,57.65,19.86,1091.508
L2,L212,ACACME,10.7,,b,89.87465,0.64,1.16,0.52,57.65,19.86,1144.212
L2,L212,ACACME,6.3,,b,31.15665,0.64,1.16,0.52,57.65,19.86,564.468
L2,L212,ACACME,13.7,,b,147.33665,1.8,5.24,3.44,56.51,129.74,1539.492
L2,L212,ACACME,10.3,,b,83.28065,1.8,5.24,3.44,56.51,129.74,1091.508
L2,L212,ACACME,11.3,,b,100.23665,1.8,5.24,3.44,56.51,129.74,1223.268
L2,L212,ACACME,10.4,,b,84.9056,1.8,5.24,3.44,56.51,129.74,1104.684
L2,L212,ACACME,10.6,,b,88.2026,1.8,5.24,3.44,56.51,129.74,1131.036
L2,L212,ACACME,13.9,M,M,151.66985,1.8,5.24,3.44,56.51,129.74,1565.844
L2,L213,ACACME,18.5,M,M,268.66625,1.21,4.36,3.15,39.68,83.32,2171.94
L2,L213,ACACME,9.3,,b,67.89465,1.21,4.36,3.15,39.68,83.32,959.748
L2,L213,ACACME,9.3,,b,67.89465,1.21,4.36,3.15,39.68,83.32,959.748
L2,L213,ACACME,8.6,,b,58.0586,1.21,4.36,3.15,39.68,83.32,867.516
L2,L213,ACACME,8.5,,b,56.71625,1.21,4.36,3.15,39.68,83.32,854.34
L2,L213,ACACME,11.3,,b,100.23665,1.21,4.36,3.15,39.68,83.32,1223.268
L2,L213,ACACME,14.1,M,M,156.06585,1.2,3.2,2,12.21,16.29,1592.196
L2,L213,ACACME,6.5,,b,33.16625,1.2,3.2,2,12.21,16.29,590.82
L2,L213,ACACME,11,,b,94.985,1.2,3.2,2,12.21,16.29,1183.74
L2,L213,ACACME,11.3,,b,100.23665,1.2,3.2,2,12.21,16.29,1223.268
L2,L213,ACACME,10.5,,b,86.54625,1.2,3.2,2,12.21,16.29,1117.86
L2,L214,ACACME,7,M,M,38.465,1.16,3.2,2.04,14.03,19.1,656.7
L2,L214,ACACME,6.2,,b,30.1754,1.16,3.2,2.04,14.03,19.1,551.292
L2,L214,ACACME,5.6,,b,24.6176,1.16,3.2,2.04,14.03,19.1,472.236
L2,L214,ACACME,4.3,,b,14.51465,1.16,3.2,2.04,14.03,19.1,300.948
L2,L214,ACACME,5.4,,b,22.8906,1.16,3.2,2.04,14.03,19.1,445.884
L2,L214,ACACME,5.1,,b,20.41785,1.16,3.2,2.04,14.03,19.1,406.356
L2,L214,ACACME,4.6,,b,16.6106,1.16,3.2,2.04,14.03,19.1,340.476
L2,L214,ACACME,5.2,,b,21.2264,1.16,3.2,2.04,14.03,19.1,419.532
L2,L214,ACACME,5.7,,b,25.50465,1.16,3.2,2.04,14.03,19.1,485.412
L2,L215,ACACME,13.8,,b,149.4954,1,7.13,6.13,69.13,282.72,1552.668
L2,L215,ACACME,5.5,,b,23.74625,1,7.13,6.13,69.13,282.72,459.06
L2,L215,ACACME,9.6,,b,72.3456,1,7.13,6.13,69.13,282.72,999.276
L2,L215,ACACME,7.2,,b,40.6944,1,7.13,6.13,69.13,282.72,683.052
L2,L215,ACACME,9.5,,b,70.84625,1,7.13,6.13,69.13,282.72,986.1
L2,L215,ACACME,9.4,,b,69.3626,1,7.13,6.13,69.13,282.72,972.924
L2,L215,ACACME,5.6,,b,24.6176,1,7.13,6.13,69.13,282.72,472.236
L2,L215,ACACME,5.3,,b,22.05065,1,7.13,6.13,69.13,282.72,432.708
L2,L215,ACACME,14.6,,b,167.3306,1,7.13,6.13,69.13,282.72,1658.076
L2,L215,ACACME,3.8,,b,11.3354,1,7.13,6.13,69.13,282.72,235.068
L2,L215,ACACME,19.3,M,M,292.40465,1,7.13,6.13,69.13,282.72,2277.348
L2,L216,ACACME,10.1,M,M,80.07785,1.05,4.02,2.97,28.59,56.69,1065.156
L2,L216,ACACME,7.6,,b,45.3416,1.05,4.02,2.97,28.59,56.69,735.756
L2,L216,ACACME,7.5,,b,44.15625,1.05,4.02,2.97,28.59,56.69,722.58
L2,L216,ACACME,3.6,,b,10.1736,1.05,4.02,2.97,28.59,56.69,208.716
L2,L216,ACACME,7.9,,b,48.99185,1.05,4.02,2.97,28.59,56.69,775.284
L2,L216,ACACME,5.2,,b,21.2264,1.05,4.02,2.97,28.59,56.69,419.532
L2,L216,ACACME,7.7,,b,46.54265,1.05,4.02,2.97,28.59,56.69,748.932
L2,L216,ACACME,5.9,,b,27.32585,1.05,4.02,2.97,28.59,56.69,511.764
L2,L216,ACACME,2.7,,b,5.72265,1.05,4.02,2.97,28.59,56.69,90.132
L2,L216,ACACME,7.2,,b,40.6944,1.05,4.02,2.97,28.59,56.69,683.052
L2,L216,ACACME,5,,b,19.625,1.05,4.02,2.97,28.59,56.69,393.18
L2,L216,ACACME,7.5,,b,44.15625,1.05,4.02,2.97,28.59,56.69,722.58
L2,L216,ACACME,3.5,,b,9.61625,1.05,4.02,2.97,28.59,56.69,195.54
L2,L216,ACACME,4.9,,b,18.84785,1.05,4.02,2.97,28.59,56.69,380.004
L2,L216,ACACME,8.9,,b,62.17985,1.05,4.02,2.97,28.59,56.69,907.044
L2,L217,ACACME,6.8,M,M,36.2984,1.2,2.99,1.79,11.28,13.44,630.348
L2,L217,ACACME,5.4,,b,22.8906,1.2,2.99,1.79,11.28,13.44,445.884
L2,L217,ACACME,5.5,,b,23.74625,1.2,2.99,1.79,11.28,13.44,459.06
L2,L217,ACACME,4.6,,b,16.6106,1.2,2.99,1.79,11.28,13.44,340.476
L2,L217,ACACME,6.1,,b,29.20985,1.2,2.99,1.79,11.28,13.44,538.116
L2,L217,ACACME,5.6,,b,24.6176,1.2,2.99,1.79,11.28,13.44,472.236
L2,L217,ACACME,4.6,,b,16.6106,1.2,2.99,1.79,11.28,13.44,340.476
L2,L217,ACACME,6.7,,b,35.23865,1.2,2.99,1.79,11.28,13.44,617.172
L2,L217,ACACME,17.5,M,M,240.40625,3.17,5.6,2.43,2.28,3.69,2040.18
L2,L217,ACACME,7.5,,b,44.15625,3.17,5.6,2.43,2.28,3.69,722.58
L2,L217,ACACME,6.6,,b,34.1946,3.17,5.6,2.43,2.28,3.69,603.996
L2,L217,ACACME,10.5,,b,86.54625,3.17,5.6,2.43,2.28,3.69,1117.86
L2,L217,ACACME,7.8,,b,47.7594,3.17,5.6,2.43,2.28,3.69,762.108
L2,L217,ACACME,8.1,,b,51.50385,3.17,5.6,2.43,2.28,3.69,801.636
L2,L217,ACACME,7.6,,b,45.3416,3.17,5.6,2.43,2.28,3.69,735.756
L2,L218,ACACME,13.6,M,M,145.1936,1.1,4.63,3.53,41.64,98.1,1526.316
L2,L218,ACACME,6.4,,b,32.1536,1.1,4.63,3.53,41.64,98.1,577.644
L2,L218,ACACME,12.2,,b,116.8394,1.1,4.63,3.53,41.64,98.1,1341.852
L2,L218,ACACME,9.1,,b,65.00585,1.1,4.63,3.53,41.64,98.1,933.396
L2,L218,ACACME,5.6,,b,24.6176,1.1,4.63,3.53,41.64,98.1,472.236
L2,L218,ACACME,6.7,,b,35.23865,1.1,4.63,3.53,41.64,98.1,617.172
L2,L218,ACACME,8.4,M,M,55.3896,1.12,4.7,3.58,8.81,20.99,841.164
L2,L218,ACACME,6.1,,b,29.20985,1.12,4.7,3.58,8.81,20.99,538.116
L2,L218,ACACME,3.9,,b,11.93985,1.12,4.7,3.58,8.81,20.99,248.244
L2,L218,ACACME,6.4,,b,32.1536,1.12,4.7,3.58,8.81,20.99,577.644
L2,L218,ACACME,6.3,,b,31.15665,1.12,4.7,3.58,8.81,20.99,564.468
L2,L218,ACACME,7.8,,b,47.7594,1.12,4.7,3.58,8.81,20.99,762.108
L2,L218,ACACME,4.6,,b,16.6106,1.12,4.7,3.58,8.81,20.99,340.476
L2,L218,ACACME,5.7,M,M,25.50465,1.05,2.59,1.54,6.09,6.26,485.412
L2,L218,ACACME,4.9,,b,18.84785,1.05,2.59,1.54,6.09,6.26,380.004
L2,L218,ACACME,3.5,,b,9.61625,1.05,2.59,1.54,6.09,6.26,195.54
L2,L218,ACACME,4.7,,b,17.34065,1.05,2.59,1.54,6.09,6.26,353.652
L2,L218,ACACME,3.6,,b,10.1736,1.05,2.59,1.54,6.09,6.26,208.716
L2,L218,ACACME,16.5,M,M,213.71625,1.05,5.06,4.01,28,74.87,1908.42
L2,L218,ACACME,5.9,,b,27.32585,1.05,5.06,4.01,28,74.87,511.764
L2,L218,ACACME,5.2,,b,21.2264,1.05,5.06,4.01,28,74.87,419.532
L2,L218,ACACME,7.1,,b,39.57185,1.05,5.06,4.01,28,74.87,669.876
L2,L218,ACACME,9.2,,b,66.4424,1.05,5.06,4.01,28,74.87,946.572
L2,L218,ACACME,7.2,,b,40.6944,1.05,5.06,4.01,28,74.87,683.052
L2,L218,ACACME,5.6,,b,24.6176,1.05,5.06,4.01,28,74.87,472.236
L2,L218,ACACME,7.6,,b,45.3416,1.05,5.06,4.01,28,74.87,735.756
L2,L218,ACACME,6.1,,b,29.20985,1.05,5.06,4.01,28,74.87,538.116
L2,L218,ACACME,13.6,M,M,145.1936,1,5.58,4.58,23.96,73.14,1526.316
L2,L218,ACACME,11.4,,b,102.0186,1,5.58,4.58,23.96,73.14,1236.444
L2,L218,ACACME,11.2,,b,98.4704,1,5.58,4.58,23.96,73.14,1210.092
L2,L218,ACACME,5.8,,b,26.4074,1,5.58,4.58,23.96,73.14,498.588
L2,L218,ACACME,13.2,,b,136.7784,1,5.58,4.58,23.96,73.14,1473.612
L2,L218,ACACME,10.2,,b,81.6714,1,5.58,4.58,23.96,73.14,1078.332
L2,L218,ACACME,6.2,,b,30.1754,1,5.58,4.58,23.96,73.14,551.292
L2,L218,ACACME,12.9,M,M,130.63185,1.19,4.6,3.41,25.44,57.9,1434.084
L2,L218,ACACME,7.2,,b,40.6944,1.19,4.6,3.41,25.44,57.9,683.052
L2,L218,ACACME,7.1,,b,39.57185,1.19,4.6,3.41,25.44,57.9,669.876
L2,L218,ACACME,9.2,,b,66.4424,1.19,4.6,3.41,25.44,57.9,946.572
L2,L218,ACACME,11.6,M,M,105.6296,1.14,5,3.86,31.37,80.72,1262.796
L2,L218,ACACME,10.6,,b,88.2026,1.14,5,3.86,31.37,80.72,1131.036
L2,L218,ACACME,10.9,,b,93.26585,1.14,5,3.86,31.37,80.72,1170.564
L2,L218,ACACME,10.2,,b,81.6714,1.14,5,3.86,31.37,80.72,1078.332
L2,L218,ACACME,11.4,,b,102.0186,1.14,5,3.86,31.37,80.72,1236.444
L2,L219,ACACME,9.7,M,M,73.86065,1.06,3.11,2.05,16.9,23.09,1012.452
L2,L219,ACACME,8.6,,b,58.0586,1.06,3.11,2.05,16.9,23.09,867.516
L2,L219,ACACME,5.1,,b,20.41785,1.06,3.11,2.05,16.9,23.09,406.356
L2,L219,ACACME,7.3,,b,41.83265,1.06,3.11,2.05,16.9,23.09,696.228
L2,L219,ACACME,4.4,,b,15.1976,1.06,3.11,2.05,16.9,23.09,314.124
L2,L219,ACACME,5.6,,b,24.6176,1.06,3.11,2.05,16.9,23.09,472.236
L2,L219,ACACME,3.5,,b,9.61625,1.06,3.11,2.05,16.9,23.09,195.54
L2,L220,ACACME,18,M,M,254.34,1.13,4.7,3.57,43.38,103.1,2106.06
L2,L220,ACACME,7,,b,38.465,1.13,4.7,3.57,43.38,103.1,656.7
L2,L220,ACACME,9.3,,b,67.89465,1.13,4.7,3.57,43.38,103.1,959.748
L2,L220,ACACME,8.7,,b,59.41665,1.13,4.7,3.57,43.38,103.1,880.692
L2,L220,ACACME,8.3,,b,54.07865,1.13,4.7,3.57,43.38,103.1,827.988
L2,L220,ACACME,8,,b,50.24,1.13,4.7,3.57,43.38,103.1,788.46
L2,L220,ACACME,6.4,,b,32.1536,1.13,4.7,3.57,43.38,103.1,577.644
L2,L220,ACACME,8.5,,b,56.71625,1.13,4.7,3.57,43.38,103.1,854.34
L2,L220,ACACME,3.1,,b,7.54385,1.13,4.7,3.57,43.38,103.1,142.836
L2,L220,ACACME,6.9,,b,37.37385,1.13,4.7,3.57,43.38,103.1,643.524
L2,L220,ACACME,7,,b,38.465,1.13,4.7,3.57,43.38,103.1,656.7
L2,L220,ACACME,8.5,M,M,56.71625,1.04,4.02,2.98,23.43,46.62,854.34
L2,L220,ACACME,4.3,,b,14.51465,1.04,4.02,2.98,23.43,46.62,300.948
L2,L220,ACACME,6.2,,b,30.1754,1.04,4.02,2.98,23.43,46.62,551.292
L2,L220,ACACME,5.3,,b,22.05065,1.04,4.02,2.98,23.43,46.62,432.708
L2,L220,ACACME,5.4,,b,22.8906,1.04,4.02,2.98,23.43,46.62,445.884
L2,L220,ACACME,6.5,,b,33.16625,1.04,4.02,2.98,23.43,46.62,590.82
L2,L221,ACACME,6.3,M,M,31.15665,3.35,5.2,1.85,9.07,11.16,564.468
L2,L221,ACACME,5.2,,b,21.2264,3.35,5.2,1.85,9.07,11.16,419.532
L2,L221,ACACME,5.3,,b,22.05065,3.35,5.2,1.85,9.07,11.16,432.708
L2,L221,ACACME,4.6,,b,16.6106,3.35,5.2,1.85,9.07,11.16,340.476
L2,L221,ACACME,5.1,,b,20.41785,3.35,5.2,1.85,9.07,11.16,406.356
L2,L221,ACACME,8.4,M,M,55.3896,1.22,3.08,1.86,11.3,14.03,841.164
L2,L221,ACACME,5.9,,b,27.32585,1.22,3.08,1.86,11.3,14.03,511.764
L2,L221,ACACME,5.6,,b,24.6176,1.22,3.08,1.86,11.3,14.03,472.236
L2,L221,ACACME,6.1,,b,29.20985,1.22,3.08,1.86,11.3,14.03,538.116
L2,L221,ACACME,5.6,,b,24.6176,1.22,3.08,1.86,11.3,14.03,472.236
L2,L221,ACACME,5.8,,b,26.4074,1.22,3.08,1.86,11.3,14.03,498.588
L2,L221,ACACME,9.5,M,M,70.84625,1.2,4.51,3.31,6.9,15.24,986.1
L2,L221,ACACME,8.9,,b,62.17985,1.2,4.51,3.31,6.9,15.24,907.044
L2,L221,ACACME,5.7,,b,25.50465,1.2,4.51,3.31,6.9,15.24,485.412
L2,L221,ACACME,8,,b,50.24,1.2,4.51,3.31,6.9,15.24,788.46
L2,L221,ACACME,5.7,,b,25.50465,1.2,4.51,3.31,6.9,15.24,485.412
L2,L221,ACACME,5.1,,b,20.41785,1.2,4.51,3.31,6.9,15.24,406.356
L2,L221,ACACME,5.6,,b,24.6176,1.2,4.51,3.31,6.9,15.24,472.236
L2,L221,ACACME,11.4,M,M,102.0186,1.15,3.96,2.81,14.56,27.31,1236.444
L2,L221,ACACME,7.3,,b,41.83265,1.15,3.96,2.81,14.56,27.31,696.228
L2,L221,ACACME,7.4,,b,42.9866,1.15,3.96,2.81,14.56,27.31,709.404
L2,L221,ACACME,4.2,,b,13.8474,1.15,3.96,2.81,14.56,27.31,287.772
L2,L221,ACACME,6.8,,b,36.2984,1.15,3.96,2.81,14.56,27.31,630.348
L2,L221,ACACME,7.1,M,M,39.57185,3.99,5.1,1.11,14.21,10.48,669.876
L2,L221,ACACME,6.4,,b,32.1536,3.99,5.1,1.11,14.21,10.48,577.644
L2,L221,ACACME,4.9,,b,18.84785,3.99,5.1,1.11,14.21,10.48,380.004
L2,L222,ACACME,7.7,M,M,46.54265,1.12,2.68,1.56,1.98,2.06,748.932
L2,L222,ACACME,7.1,,b,39.57185,1.12,2.68,1.56,1.98,2.06,669.876
L2,L222,ACACME,3.6,,b,10.1736,1.12,2.68,1.56,1.98,2.06,208.716
L2,L222,ACACME,4.9,,b,18.84785,1.12,2.68,1.56,1.98,2.06,380.004
L2,L222,ACACME,9.6,M,M,72.3456,1.15,2.78,1.63,2.27,2.46,999.276
L2,L222,ACACME,5.3,,b,22.05065,1.15,2.78,1.63,2.27,2.46,432.708
L2,L222,ACACME,4.5,,b,15.89625,1.15,2.78,1.63,2.27,2.46,327.3
L2,L222,ACACME,8.9,,b,62.17985,1.15,2.78,1.63,2.27,2.46,907.044
L2,L222,ACACME,5.1,,b,20.41785,1.15,2.78,1.63,2.27,2.46,406.356
L2,L222,ACACME,5.9,M,M,27.32585,1.26,4.7,3.44,3.48,7.98,511.764
L2,L222,ACACME,5.5,,b,23.74625,1.26,4.7,3.44,3.48,7.98,459.06
L2,L222,ACACME,3.5,,b,9.61625,1.26,4.7,3.44,3.48,7.98,195.54
L2,L222,ACACME,5.4,,b,22.8906,1.26,4.7,3.44,3.48,7.98,445.884
L2,L222,ACACME,7,M,M,38.465,0.95,3.48,2.53,10.92,18.38,656.7
L2,L222,ACACME,3.1,,b,7.54385,0.95,3.48,2.53,10.92,18.38,142.836
L2,L222,ACACME,4.6,,b,16.6106,0.95,3.48,2.53,10.92,18.38,340.476
L2,L222,ACACME,3,,b,7.065,0.95,3.48,2.53,10.92,18.38,129.66
L2,L222,ACACME,8.4,M,M,55.3896,0.85,3.29,2.44,5.59,9.11,841.164
L2,L222,ACACME,4.9,,b,18.84785,0.85,3.29,2.44,5.59,9.11,380.004
L2,L222,ACACME,5.6,M,M,24.6176,0.84,2.65,1.81,3.49,4.22,472.236
L2,L222,ACACME,3,,b,7.065,0.84,2.65,1.81,3.49,4.22,129.66
L2,L222,ACACME,4.8,,b,18.0864,0.84,2.65,1.81,3.49,4.22,366.828
L2,L222,ACACME,9.4,M,M,69.3626,1.1,2.74,1.64,5.18,5.67,972.924
L2,L222,ACACME,7,,b,38.465,1.1,2.74,1.64,5.18,5.67,656.7
L2,L222,ACACME,8.1,,b,51.50385,1.1,2.74,1.64,5.18,5.67,801.636
L2,L222,ACACME,5.6,,b,24.6176,1.1,2.74,1.64,5.18,5.67,472.236
L2,L222,ACACME,6.2,,b,30.1754,1.1,2.74,1.64,5.18,5.67,551.292
L2,L222,ACACME,7.3,,b,41.83265,1.1,2.74,1.64,5.18,5.67,696.228
L2,L222,ACACME,5.7,,b,25.50465,1.1,2.74,1.64,5.18,5.67,485.412
L2,L222,ACACME,7.9,M,M,48.99185,0.95,3.41,2.46,4.63,7.6,775.284
L2,L222,ACACME,7.7,,b,46.54265,0.95,3.41,2.46,4.63,7.6,748.932
L2,L222,ACACME,6.6,,b,34.1946,0.95,3.41,2.46,4.63,7.6,603.996
L2,L222,ACACME,4.5,,b,15.89625,0.95,3.41,2.46,4.63,7.6,327.3
L2,L222,ACACME,11.3,M,M,100.23665,1.22,3.63,2.41,7.41,11.89,1223.268
L2,L222,ACACME,7.3,,b,41.83265,1.22,3.63,2.41,7.41,11.89,696.228
L2,L222,ACACME,7.8,,b,47.7594,1.22,3.63,2.41,7.41,11.89,762.108
L2,L222,ACACME,7.8,,b,47.7594,1.22,3.63,2.41,7.41,11.89,762.108
L2,L222,ACACME,3.8,,b,11.3354,1.22,3.63,2.41,7.41,11.89,235.068
L2,L222,ACACME,5.6,,b,24.6176,1.22,3.63,2.41,7.41,11.89,472.236
L2,L222,ACACME,6.3,,b,31.15665,1.22,3.63,2.41,7.41,11.89,564.468
L2,L222,ACACME,5.7,,b,25.50465,1.22,3.63,2.41,7.41,11.89,485.412
L2,L222,ACACME,6.6,M,M,34.1946,1.22,3.93,2.71,6.75,12.21,603.996
L2,L222,ACACME,5.1,,b,20.41785,1.22,3.93,2.71,6.75,12.21,406.356
L2,L222,ACACME,4.3,,b,14.51465,1.22,3.93,2.71,6.75,12.21,300.948
L2,L222,ACACME,5.6,,b,24.6176,1.22,3.93,2.71,6.75,12.21,472.236
L2,L222,ACACME,5.7,,b,25.50465,1.22,3.93,2.71,6.75,12.21,485.412
L2,L222,ACACME,5.7,M,M,25.50465,1.13,3.39,2.26,9.28,13.97,485.412
L2,L222,ACACME,5.3,,b,22.05065,1.13,3.39,2.26,9.28,13.97,432.708
L2,L222,ACACME,3.9,,b,11.93985,1.13,3.39,2.26,9.28,13.97,248.244
L2,L222,ACACME,2.9,,b,6.60185,1.13,3.39,2.26,9.28,13.97,116.484
L2,L223,ACACME,6.7,M,M,35.23865,0.65,3.02,2.37,2.15,3.39,617.172
L2,L223,ACACME,5.6,,b,24.6176,0.65,3.02,2.37,2.15,3.39,472.236
L2,L223,ACACME,5.4,,b,22.8906,0.65,3.02,2.37,2.15,3.39,445.884
L2,L223,ACACME,4.2,,b,13.8474,0.65,3.02,2.37,2.15,3.39,287.772
L2,L223,ACACME,4.4,,b,15.1976,0.65,3.02,2.37,2.15,3.39,314.124
L2,L223,ACACME,5.4,,b,22.8906,0.65,3.02,2.37,2.15,3.39,445.884
L2,L223,ACACME,5.6,,b,24.6176,0.65,3.02,2.37,2.15,3.39,472.236
L2,L223,ACACME,3.3,,b,8.54865,0.65,3.02,2.37,2.15,3.39,169.188
L2,L224,ACACME,8.6,M,M,58.0586,1.22,3.81,2.59,8.83,15.26,867.516
L2,L224,ACACME,6.6,,b,34.1946,1.22,3.81,2.59,8.83,15.26,603.996
L2,L224,ACACME,6.9,,b,37.37385,1.22,3.81,2.59,8.83,15.26,643.524
L2,L224,ACACME,6.6,,b,34.1946,1.22,3.81,2.59,8.83,15.26,603.996
L2,L224,ACACME,14.6,M,M,167.3306,1.1,4.36,3.26,12.96,28.17,1658.076
L2,L224,ACACME,12.2,,b,116.8394,1.1,4.36,3.26,12.96,28.17,1341.852
L2,L224,ACACME,11.2,,b,98.4704,1.1,4.36,3.26,12.96,28.17,1210.092
L2,L224,ACACME,6.9,,b,37.37385,1.1,4.36,3.26,12.96,28.17,643.524
L2,L224,ACACME,7.8,,b,47.7594,1.1,4.36,3.26,12.96,28.17,762.108
L2,L224,ACACME,7.2,,b,40.6944,1.1,4.36,3.26,12.96,28.17,683.052
L2,L224,ACACME,8.1,,b,51.50385,1.1,4.36,3.26,12.96,28.17,801.636
L2,L224,ACACME,5.6,,b,24.6176,1.1,4.36,3.26,12.96,28.17,472.236
L2,L224,ACACME,7.6,M,M,45.3416,1.2,2.9,1.7,11.35,12.83,735.756
L2,L224,ACACME,6.4,,b,32.1536,1.2,2.9,1.7,11.35,12.83,577.644
L2,L224,ACACME,6,,b,28.26,1.2,2.9,1.7,11.35,12.83,524.94
L2,L224,ACACME,6,,b,28.26,1.2,2.9,1.7,11.35,12.83,524.94
L2,L224,ACACME,5.5,,b,23.74625,1.2,2.9,1.7,11.35,12.83,459.06
L2,L225,ACACME,7.3,M,M,41.83265,0.88,3.08,2.2,7.36,10.79,696.228
L2,L225,ACACME,5.7,,b,25.50465,0.88,3.08,2.2,7.36,10.79,485.412
L2,L225,ACACME,5.3,,b,22.05065,0.88,3.08,2.2,7.36,10.79,432.708
L2,L225,ACACME,3.7,,b,10.74665,0.88,3.08,2.2,7.36,10.79,221.892
L2,L225,ACACME,5.6,,b,24.6176,0.88,3.08,2.2,7.36,10.79,472.236
L2,L225,ACACME,11.4,M,M,102.0186,1.22,5.03,3.81,22.67,57.59,1236.444
L2,L225,ACACME,7.3,,b,41.83265,1.22,5.03,3.81,22.67,57.59,696.228
L2,L225,ACACME,6.1,,b,29.20985,1.22,5.03,3.81,22.67,57.59,538.116
L2,L225,ACACME,7.3,,b,41.83265,1.22,5.03,3.81,22.67,57.59,696.228
L2,L225,ACACME,8,,b,50.24,1.22,5.03,3.81,22.67,57.59,788.46
L2,L225,ACACME,7.2,,b,40.6944,1.22,5.03,3.81,22.67,57.59,683.052
L2,L225,ACACME,7.5,,b,44.15625,1.22,5.03,3.81,22.67,57.59,722.58
L2,L225,ACACME,4.4,,b,15.1976,1.22,5.03,3.81,22.67,57.59,314.124
L2,L225,ACACME,6.6,M,M,34.1946,1.22,3.99,2.77,17.71,32.75,603.996
L2,L225,ACACME,5.5,,b,23.74625,1.22,3.99,2.77,17.71,32.75,459.06
L2,L225,ACACME,4.6,,b,16.6106,1.22,3.99,2.77,17.71,32.75,340.476
L2,L225,ACACME,4.3,,b,14.51465,1.22,3.99,2.77,17.71,32.75,300.948
L2,L225,ACACME,4.4,,b,15.1976,1.22,3.99,2.77,17.71,32.75,314.124
L2,L225,ACACME,4.6,,b,16.6106,1.22,3.99,2.77,17.71,32.75,340.476
L2,L225,ACACME,4.5,,b,15.89625,1.22,3.99,2.77,17.71,32.75,327.3
L2,L225,ACACME,9.7,M,M,73.86065,1.22,4.76,3.54,11.6,27.35,1012.452
L2,L225,ACACME,7.6,,b,45.3416,1.22,4.76,3.54,11.6,27.35,735.756
L2,L225,ACACME,5.6,,b,24.6176,1.22,4.76,3.54,11.6,27.35,472.236
L2,L225,ACACME,6.3,,b,31.15665,1.22,4.76,3.54,11.6,27.35,564.468
L2,L225,ACACME,11.3,M,M,100.23665,1.2,3.08,1.88,12.93,16.2,1223.268
L2,L225,ACACME,5.6,,b,24.6176,1.2,3.08,1.88,12.93,16.2,472.236
L2,L225,ACACME,5.3,,b,22.05065,1.2,3.08,1.88,12.93,16.2,432.708
L2,L225,ACACME,6.1,,b,29.20985,1.2,3.08,1.88,12.93,16.2,538.116
L2,L225,ACACME,8.1,,b,51.50385,1.2,3.08,1.88,12.93,16.2,801.636
L2,L225,ACACME,4.6,,b,16.6106,1.2,3.08,1.88,12.93,16.2,340.476
L2,L225,ACACME,4.1,,b,13.19585,1.2,3.08,1.88,12.93,16.2,274.596
L2,L225,ACACME,6.6,,b,34.1946,1.2,3.08,1.88,12.93,16.2,603.996
L2,L225,ACACME,7.2,M,M,40.6944,3.69,5,1.31,16.04,14.01,683.052
L2,L225,ACACME,4.3,,b,14.51465,3.69,5,1.31,16.04,14.01,300.948
L2,L225,ACACME,3.5,,b,9.61625,3.69,5,1.31,16.04,14.01,195.54
L2,L225,ACACME,5.5,,b,23.74625,3.69,5,1.31,16.04,14.01,459.06
L2,L225,ACACME,4.1,,b,13.19585,3.69,5,1.31,16.04,14.01,274.596
L2,L225,ACACME,9.7,M,M,73.86065,1.21,3.81,2.6,8.18,14.19,1012.452
L2,L225,ACACME,5.7,,b,25.50465,1.21,3.81,2.6,8.18,14.19,485.412
L2,L225,ACACME,4.3,,b,14.51465,1.21,3.81,2.6,8.18,14.19,300.948
L2,L225,ACACME,3.2,,b,8.0384,1.21,3.81,2.6,8.18,14.19,156.012
L2,L225,ACACME,4.3,,b,14.51465,1.21,3.81,2.6,8.18,14.19,300.948
L2,L226,ACACME,7.3,M,M,41.83265,0.83,3.81,2.98,5.05,10.02,696.228
L2,L226,ACACME,4.2,,b,13.8474,0.83,3.81,2.98,5.05,10.02,287.772
L2,L226,ACACME,4.3,,b,14.51465,0.83,3.81,2.98,5.05,10.02,300.948
L2,L226,ACACME,4,,b,12.56,0.83,3.81,2.98,5.05,10.02,261.42
L2,L226,ACACME,3.4,,b,9.0746,0.83,3.81,2.98,5.05,10.02,182.364
L2,L226,ACACME,6.6,M,M,34.1946,0.7,4.11,3.41,9.67,21.98,603.996
L2,L226,ACACME,5.6,,b,24.6176,0.7,4.11,3.41,9.67,21.98,472.236
L2,L226,ACACME,4.7,,b,17.34065,0.7,4.11,3.41,9.67,21.98,353.652
L2,L226,ACACME,4,,b,12.56,0.7,4.11,3.41,9.67,21.98,261.42
L2,L226,ACACME,5,,b,19.625,0.7,4.11,3.41,9.67,21.98,393.18
L2,L226,ACACME,3.5,,b,9.61625,0.7,4.11,3.41,9.67,21.98,195.54
L2,L226,ACACME,8.3,M,M,54.07865,1,3.25,2.25,15.26,22.9,827.988
L2,L226,ACACME,7.3,,b,41.83265,1,3.25,2.25,15.26,22.9,696.228
L2,L226,ACACME,6,,b,28.26,1,3.25,2.25,15.26,22.9,524.94
L2,L226,ACACME,3.8,,b,11.3354,1,3.25,2.25,15.26,22.9,235.068
L2,L226,ACACME,5.8,M,M,26.4074,0.95,1.98,1.03,3.13,2.15,498.588
L2,L226,ACACME,3.4,,b,9.0746,0.95,1.98,1.03,3.13,2.15,182.364
L2,L226,ACACME,5.6,M,M,24.6176,0.9,1.66,0.76,3.24,1.64,472.236
L2,L226,ACACME,8.9,M,M,62.17985,0.8,4.07,3.27,40.75,88.83,907.044
L2,L226,ACACME,8.8,,b,60.7904,0.8,4.07,3.27,40.75,88.83,893.868
L2,L226,ACACME,4.7,,b,17.34065,0.8,4.07,3.27,40.75,88.83,353.652
L2,L226,ACACME,8.3,,b,54.07865,0.8,4.07,3.27,40.75,88.83,827.988
L2,L226,ACACME,6.9,,b,37.37385,0.8,4.07,3.27,40.75,88.83,643.524
L2,L226,ACACME,8.8,,b,60.7904,0.8,4.07,3.27,40.75,88.83,893.868
L2,L226,ACACME,8.5,,b,56.71625,0.8,4.07,3.27,40.75,88.83,854.34
L2,L226,ACACME,8.4,,b,55.3896,0.8,4.07,3.27,40.75,88.83,841.164
L2,L226,ACACME,8.6,,b,58.0586,0.8,4.07,3.27,40.75,88.83,867.516
L2,L226,ACACME,9.6,M,M,72.3456,1.12,3.27,2.15,10.27,14.72,999.276
L2,L226,ACACME,8.8,,b,60.7904,1.12,3.27,2.15,10.27,14.72,893.868
L2,L226,ACACME,7,M,M,38.465,1.16,2.57,1.41,4.39,4.12,656.7
L2,L226,ACACME,4.6,,b,16.6106,1.16,2.57,1.41,4.39,4.12,340.476
L2,L226,ACACME,3.6,,b,10.1736,1.16,2.57,1.41,4.39,4.12,208.716
L2,L226,ACACME,5.1,,b,20.41785,1.16,2.57,1.41,4.39,4.12,406.356
L2,L226,ACACME,7.7,M,M,46.54265,0.8,2.91,2.11,11.97,16.83,748.932
L2,L226,ACACME,6.5,,b,33.16625,0.8,2.91,2.11,11.97,16.83,590.82
L2,L226,ACACME,6.5,,b,33.16625,0.8,2.91,2.11,11.97,16.83,590.82
L2,L226,ACACME,3.8,,b,11.3354,0.8,2.91,2.11,11.97,16.83,235.068
L2,L226,ACACME,5.6,,b,24.6176,0.8,2.91,2.11,11.97,16.83,472.236
L2,L226,ACACME,6.9,,b,37.37385,0.8,2.91,2.11,11.97,16.83,643.524
L2,L226,ACACME,6.3,,b,31.15665,0.8,2.91,2.11,11.97,16.83,564.468
L2,L226,ACACME,7.3,M,M,41.83265,1,2.92,1.92,8.63,11.04,696.228
L2,L226,ACACME,4.9,,b,18.84785,1,2.92,1.92,8.63,11.04,380.004
L2,L226,ACACME,3,,b,7.065,1,2.92,1.92,8.63,11.04,129.66
L2,L226,ACACME,9.8,M,M,75.3914,0.96,3.73,2.77,11.6,21.41,1025.628
L2,L226,ACACME,6.2,,b,30.1754,0.96,3.73,2.77,11.6,21.41,551.292
L2,L226,ACACME,7.6,,b,45.3416,0.96,3.73,2.77,11.6,21.41,735.756
L2,L226,ACACME,7.3,,b,41.83265,0.96,3.73,2.77,11.6,21.41,696.228
L2,L226,ACACME,9.3,,b,67.89465,0.96,3.73,2.77,11.6,21.41,959.748
L2,L226,ACACME,5.5,,b,23.74625,0.96,3.73,2.77,11.6,21.41,459.06
L2,L226,ACACME,9,,b,63.585,0.96,3.73,2.77,11.6,21.41,920.22
L2,L227,ACACME,14.3,M,M,160.52465,0.9,4.45,3.55,16.74,39.61,1618.548
L2,L227,ACACME,3,,b,7.065,0.9,4.45,3.55,16.74,39.61,129.66
L2,L227,ACACME,3.5,,b,9.61625,0.9,4.45,3.55,16.74,39.61,195.54
L2,L227,ACACME,9.7,M,M,73.86065,1,4.9,3.9,7.84,20.37,1012.452
L2,L227,ACACME,6,,b,28.26,1,4.9,3.9,7.84,20.37,524.94
L2,L227,ACACME,5.1,,b,20.41785,1,4.9,3.9,7.84,20.37,406.356
L2,L227,ACACME,8.7,M,M,59.41665,0.8,2.66,1.86,6.4,7.93,880.692
L2,L227,ACACME,6.2,,b,30.1754,0.8,2.66,1.86,6.4,7.93,551.292
L2,L227,ACACME,10.3,M,M,83.28065,1.1,3.63,2.53,8.69,14.65,1091.508
L2,L227,ACACME,2.3,,b,4.15265,1.1,3.63,2.53,8.69,14.65,37.428
L2,L227,ACACME,8.5,M,M,56.71625,1.02,3.54,2.52,9.53,16.02,854.34
L2,L227,ACACME,6,,b,28.26,1.02,3.54,2.52,9.53,16.02,524.94
L2,L227,ACACME,1.8,,b,2.5434,1.02,3.54,2.52,9.53,16.02,-28.452
L2,L227,ACACME,3.5,,b,9.61625,1.02,3.54,2.52,9.53,16.02,195.54
L2,L227,ACACME,5.3,M,M,22.05065,0.8,2.81,2.01,4,5.37,432.708
L2,L228,ACACME,10,M,M,78.5,0.71,3.06,2.35,9.76,15.29,1051.98
L2,L228,ACACME,8.9,,b,62.17985,0.71,3.06,2.35,9.76,15.29,907.044
L2,L228,ACACME,3.5,,b,9.61625,0.71,3.06,2.35,9.76,15.29,195.54
L2,L228,ACACME,4.6,,b,16.6106,0.71,3.06,2.35,9.76,15.29,340.476
L2,L228,ACACME,12,M,M,113.04,0.9,4.34,3.44,11.19,25.67,1315.5
L2,L228,ACACME,3.7,,b,10.74665,0.9,4.34,3.44,11.19,25.67,221.892
L2,L228,ACACME,7.3,,b,41.83265,0.9,4.34,3.44,11.19,25.67,696.228
L2,L228,ACACME,11.6,M,M,105.6296,0.03,1.2,1.17,15.72,12.26,1262.796
L2,L228,ACACME,5.3,,b,22.05065,0.03,1.2,1.17,15.72,12.26,432.708
L2,L228,ACACME,8,,b,50.24,0.03,1.2,1.17,15.72,12.26,788.46
L2,L228,ACACME,7.7,,b,46.54265,0.03,1.2,1.17,15.72,12.26,748.932
L2,L228,ACACME,6.1,M,M,29.20985,1.16,2.26,1.1,6.53,4.79,538.116
L2,L228,ACACME,4.5,,b,15.89625,1.16,2.26,1.1,6.53,4.79,327.3
L2,L228,ACACME,4.1,,b,13.19585,1.16,2.26,1.1,6.53,4.79,274.596
L2,L228,ACACME,5.8,,b,26.4074,1.16,2.26,1.1,6.53,4.79,498.588
L2,L228,ACACME,5.1,,b,20.41785,1.16,2.26,1.1,6.53,4.79,406.356
L2,L228,ACACME,6.1,M,M,29.20985,1.06,3.31,2.25,9.16,13.74,538.116
L2,L228,ACACME,6.7,M,M,35.23865,0.65,2.19,1.54,3.28,3.37,617.172
L2,L228,ACACME,6.4,,b,32.1536,0.65,2.19,1.54,3.28,3.37,577.644
L2,L228,ACACME,5.3,,b,22.05065,0.65,2.19,1.54,3.28,3.37,432.708
L2,L228,ACACME,5,,b,19.625,0.65,2.19,1.54,3.28,3.37,393.18
L2,L228,ACACME,4.4,,b,15.1976,0.65,2.19,1.54,3.28,3.37,314.124
L2,L229,ACACME,9.1,M,M,65.00585,0.74,3.04,2.3,7.83,12,933.396
L2,L229,ACACME,8.9,,b,62.17985,0.74,3.04,2.3,7.83,12,907.044
L2,L229,ACACME,8.5,,b,56.71625,0.74,3.04,2.3,7.83,12,854.34
L2,L229,ACACME,3.6,,b,10.1736,0.74,3.04,2.3,7.83,12,208.716
L2,L229,ACACME,5.6,M,M,24.6176,1,2.27,1.27,12.17,10.3,472.236
L2,L229,ACACME,3.9,,b,11.93985,1,2.27,1.27,12.17,10.3,248.244
L2,L229,ACACME,2.5,,b,4.90625,1,2.27,1.27,12.17,10.3,63.78
L2,L229,ACACME,3.2,,b,8.0384,1,2.27,1.27,12.17,10.3,156.012
L2,L229,ACACME,4.3,,b,14.51465,1,2.27,1.27,12.17,10.3,300.948
L2,L229,ACACME,4.1,,b,13.19585,1,2.27,1.27,12.17,10.3,274.596
L2,L229,ACACME,2.3,,b,4.15265,1,2.27,1.27,12.17,10.3,37.428
L2,L229,ACACME,7.7,M,M,46.54265,1.03,3.76,2.73,7.12,12.95,748.932
L2,L229,ACACME,6.7,,b,35.23865,1.03,3.76,2.73,7.12,12.95,617.172
L2,L229,ACACME,5,,b,19.625,1.03,3.76,2.73,7.12,12.95,393.18
L2,L229,ACACME,5.3,,b,22.05065,1.03,3.76,2.73,7.12,12.95,432.708
L2,L229,ACACME,5.5,M,M,23.74625,0.86,2.57,1.71,6.42,7.32,459.06
L2,L229,ACACME,3.1,,b,7.54385,0.86,2.57,1.71,6.42,7.32,142.836
L2,L229,ACACME,3.1,,b,7.54385,0.86,2.57,1.71,6.42,7.32,142.836
L2,L229,ACACME,8,M,M,50.24,0.7,4.52,3.82,4.59,11.68,788.46
L2,L229,ACACME,5.1,,b,20.41785,0.7,4.52,3.82,4.59,11.68,406.356
L2,L229,ACACME,6.6,,b,34.1946,0.7,4.52,3.82,4.59,11.68,603.996
L2,L229,ACACME,12.1,M,M,114.93185,1.74,4.41,2.67,6.27,11.16,1328.676
L2,L229,ACACME,9.7,,b,73.86065,1.74,4.41,2.67,6.27,11.16,1012.452
L2,L229,ACACME,9.8,M,M,75.3914,0.86,3.87,3.01,6.98,14.01,1025.628
L2,L229,ACACME,8.5,,b,56.71625,0.86,3.87,3.01,6.98,14.01,854.34
L2,L229,ACACME,7.1,,b,39.57185,0.86,3.87,3.01,6.98,14.01,669.876
L2,L229,ACACME,7.5,,b,44.15625,0.86,3.87,3.01,6.98,14.01,722.58
L2,L230,ACACME,8.4,M,M,55.3896,1.1,3.25,2.15,13.71,19.64,841.164
L2,L230,ACACME,6.4,,b,32.1536,1.1,3.25,2.15,13.71,19.64,577.644
L2,L230,ACACME,6.8,,b,36.2984,1.1,3.25,2.15,13.71,19.64,630.348
L2,L230,ACACME,3.7,,b,10.74665,1.1,3.25,2.15,13.71,19.64,221.892
L2,L230,ACACME,4.3,,b,14.51465,1.1,3.25,2.15,13.71,19.64,300.948
L2,L230,ACACME,5,,b,19.625,1.1,3.25,2.15,13.71,19.64,393.18
L2,L230,ACACME,4.8,,b,18.0864,1.1,3.25,2.15,13.71,19.64,366.828
L2,L230,ACACME,4.3,,b,14.51465,1.1,3.25,2.15,13.71,19.64,300.948
L2,L230,ACACME,6.7,,b,35.23865,1.1,3.25,2.15,13.71,19.64,617.172
L2,L230,ACACME,4.9,M,M,18.84785,1.22,3.68,2.46,13.77,22.59,380.004
L2,L230,ACACME,4.6,,b,16.6106,1.22,3.68,2.46,13.77,22.59,340.476
L2,L230,ACACME,4.9,,b,18.84785,1.22,3.68,2.46,13.77,22.59,380.004
L2,L230,ACACME,4.1,,b,13.19585,1.22,3.68,2.46,13.77,22.59,274.596
L2,L230,ACACME,3.9,,b,11.93985,1.22,3.68,2.46,13.77,22.59,248.244
L2,L230,ACACME,4.1,,b,13.19585,1.22,3.68,2.46,13.77,22.59,274.596
L2,L230,ACACME,4.3,,b,14.51465,1.22,3.68,2.46,13.77,22.59,300.948
L2,L230,ACACME,4.9,M,M,18.84785,1,1.92,0.92,5.27,3.23,380.004
L2,L230,ACACME,3.8,,b,11.3354,1,1.92,0.92,5.27,3.23,235.068
L2,L230,ACACME,3.9,,b,11.93985,1,1.92,0.92,5.27,3.23,248.244
L2,L230,ACACME,3.3,,b,8.54865,1,1.92,0.92,5.27,3.23,169.188
L2,L230,ACACME,7.6,M,M,45.3416,0.6,3.82,3.22,11.53,24.76,735.756
L2,L230,ACACME,4.5,,b,15.89625,0.6,3.82,3.22,11.53,24.76,327.3
L2,L230,ACACME,4.7,,b,17.34065,0.6,3.82,3.22,11.53,24.76,353.652
L2,L230,ACACME,6,,b,28.26,0.6,3.82,3.22,11.53,24.76,524.94
L2,L230,ACACME,5.9,M,M,27.32585,0.84,2.48,1.64,5.72,6.25,511.764
L2,L230,ACACME,5.3,,b,22.05065,0.84,2.48,1.64,5.72,6.25,432.708
L2,L230,ACACME,4.7,,b,17.34065,0.84,2.48,1.64,5.72,6.25,353.652
L2,L230,ACACME,3.5,M,M,9.61625,0.5,2.57,2.07,2.43,3.35,195.54
L2,L230,ACACME,3.1,,b,7.54385,0.5,2.57,2.07,2.43,3.35,142.836
L2,L230,ACACME,2.4,,b,4.5216,0.5,2.57,2.07,2.43,3.35,50.604
L2,L230,ACACME,3.1,,b,7.54385,0.5,2.57,2.07,2.43,3.35,142.836
L2,L230,ACACME,4.4,M,M,15.1976,0.3,3.5,3.2,10.74,22.91,314.124
L2,L230,ACACME,3.9,,b,11.93985,0.3,3.5,3.2,10.74,22.91,248.244
L2,L230,ACACME,4.3,,b,14.51465,0.3,3.5,3.2,10.74,22.91,300.948
L2,L230,ACACME,4.2,,b,13.8474,0.3,3.5,3.2,10.74,22.91,287.772
L2,L230,ACACME,3,,b,7.065,0.3,3.5,3.2,10.74,22.91,129.66
L2,L230,ACACME,7.8,M,M,47.7594,0.9,3.63,2.73,9.53,17.35,762.108
L2,L230,ACACME,5.4,,b,22.8906,0.9,3.63,2.73,9.53,17.35,445.884
L2,L230,ACACME,4.3,,b,14.51465,0.9,3.63,2.73,9.53,17.35,300.948
L2,L230,ACACME,6.3,,b,31.15665,0.9,3.63,2.73,9.53,17.35,564.468
L2,L230,ACACME,6.3,,b,31.15665,0.9,3.63,2.73,9.53,17.35,564.468
L2,L230,ACACME,3.3,,b,8.54865,0.9,3.63,2.73,9.53,17.35,169.188
L2,L230,ACACME,4.6,,b,16.6106,0.9,3.63,2.73,9.53,17.35,340.476
L2,L230,ACACME,5.2,M,M,21.2264,1,3.11,2.11,8.7,12.23,419.532
L2,L230,ACACME,2.6,,b,5.3066,1,3.11,2.11,8.7,12.23,76.956
L2,L230,ACACME,4.7,,b,17.34065,1,3.11,2.11,8.7,12.23,353.652
L2,L230,ACACME,3.1,,b,7.54385,1,3.11,2.11,8.7,12.23,142.836
L2,L230,ACACME,4.4,,b,15.1976,1,3.11,2.11,8.7,12.23,314.124
L2,L230,ACACME,4.6,M,M,16.6106,0.3,3.1,2.8,4.12,7.69,340.476
L2,L230,ACACME,3.3,,b,8.54865,0.3,3.1,2.8,4.12,7.69,169.188
L2,L230,ACACME,7.9,M,M,48.99185,0.7,2.22,1.52,5.98,6.06,775.284
L2,L230,ACACME,6.4,,b,32.1536,0.7,2.22,1.52,5.98,6.06,577.644
L2,L230,ACACME,5.3,,b,22.05065,0.7,2.22,1.52,5.98,6.06,432.708
L2,L230,ACACME,4.8,,b,18.0864,0.7,2.22,1.52,5.98,6.06,366.828
L2,L230,ACACME,6.3,,b,31.15665,0.7,2.22,1.52,5.98,6.06,564.468
L2,L230,ACACME,6.7,M,M,35.23865,1,2.5,1.5,6.02,6.02,617.172
L2,L230,ACACME,3.2,,b,8.0384,1,2.5,1.5,6.02,6.02,156.012
L2,L230,ACACME,4.7,,b,17.34065,1,2.5,1.5,6.02,6.02,353.652
L2,L230,ACACME,5.4,,b,22.8906,1,2.5,1.5,6.02,6.02,445.884
L2,L230,ACACME,6.9,M,M,37.37385,0.9,2.94,2.04,11.56,15.72,643.524
L2,L230,ACACME,5,,b,19.625,0.9,2.94,2.04,11.56,15.72,393.18
L2,L230,ACACME,4.2,,b,13.8474,0.9,2.94,2.04,11.56,15.72,287.772
L2,L230,ACACME,5.3,,b,22.05065,0.9,2.94,2.04,11.56,15.72,432.708
L2,L231,ACACME,10.4,M,M,84.9056,0.7,3.15,2.45,14.61,23.86,1104.684
L2,L231,ACACME,6.3,,b,31.15665,0.7,3.15,2.45,14.61,23.86,564.468
L2,L231,ACACME,7.3,,b,41.83265,0.7,3.15,2.45,14.61,23.86,696.228
L2,L231,ACACME,6.3,,b,31.15665,0.7,3.15,2.45,14.61,23.86,564.468
L2,L231,ACACME,8.9,M,M,62.17985,0.5,4.1,3.6,17.27,41.44,907.044
L2,L231,ACACME,8,,b,50.24,0.5,4.1,3.6,17.27,41.44,788.46
L2,L232,ACACME,5.4,M,M,22.8906,0.8,3.42,2.62,15.37,26.84,445.884
L2,L232,ACACME,4.5,,b,15.89625,0.8,3.42,2.62,15.37,26.84,327.3
L2,L232,ACACME,3.9,,b,11.93985,0.8,3.42,2.62,15.37,26.84,248.244
L2,L232,ACACME,3.8,,b,11.3354,0.8,3.42,2.62,15.37,26.84,235.068
L2,L232,ACACME,4.3,,b,14.51465,0.8,3.42,2.62,15.37,26.84,300.948
L2,L232,ACACME,4.3,,b,14.51465,0.8,3.42,2.62,15.37,26.84,300.948
L2,L232,ACACME,9.4,M,M,69.3626,0.6,4.14,3.54,38.58,91.06,972.924
L2,L232,ACACME,7.3,,b,41.83265,0.6,4.14,3.54,38.58,91.06,696.228
L2,L232,ACACME,4.8,,b,18.0864,0.6,4.14,3.54,38.58,91.06,366.828
L2,L232,ACACME,5.4,,b,22.8906,0.6,4.14,3.54,38.58,91.06,445.884
L2,L232,ACACME,8.5,,b,56.71625,0.6,4.14,3.54,38.58,91.06,854.34
L2,L232,ACACME,7.5,,b,44.15625,0.6,4.14,3.54,38.58,91.06,722.58
L2,L232,ACACME,7.7,,b,46.54265,0.6,4.14,3.54,38.58,91.06,748.932
L2,L232,ACACME,6.5,,b,33.16625,0.6,4.14,3.54,38.58,91.06,590.82
L2,L232,ACACME,4.3,M,M,14.51465,0.66,2.26,1.6,4.44,4.73,300.948
L2,L232,ACACME,2.2,,b,3.7994,0.66,2.26,1.6,4.44,4.73,24.252
L2,L232,ACACME,2.7,,b,5.72265,0.66,2.26,1.6,4.44,4.73,90.132
L2,L232,ACACME,2.1,,b,3.46185,0.66,2.26,1.6,4.44,4.73,11.076
L2,L232,ACACME,6.7,M,M,35.23865,0.66,3.73,3.07,21.62,44.25,617.172
L2,L232,ACACME,2.2,,b,3.7994,0.66,3.73,3.07,21.62,44.25,24.252
L2,L232,ACACME,2.7,,b,5.72265,0.66,3.73,3.07,21.62,44.25,90.132
L2,L232,ACACME,2.1,,b,3.46185,0.66,3.73,3.07,21.62,44.25,11.076
L2,L232,ACACME,6.8,M,M,36.2984,0.6,4.39,3.79,30.29,76.54,630.348
L2,L232,ACACME,6.6,,b,34.1946,0.6,4.39,3.79,30.29,76.54,603.996
L2,L232,ACACME,6.7,,b,35.23865,0.6,4.39,3.79,30.29,76.54,617.172
L2,L232,ACACME,6.5,M,M,33.16625,1,3.51,2.51,16.9,28.29,590.82
L2,L232,ACACME,6.3,,b,31.15665,1,3.51,2.51,16.9,28.29,564.468
L2,L232,ACACME,5.6,,b,24.6176,1,3.51,2.51,16.9,28.29,472.236
L2,L232,ACACME,5.7,,b,25.50465,1,3.51,2.51,16.9,28.29,485.412
L2,L232,ACACME,6.4,,b,32.1536,1,3.51,2.51,16.9,28.29,577.644
L2,L232,ACACME,5.3,M,M,22.05065,0.85,3.65,2.8,19.44,36.29,432.708
L2,L232,ACACME,4.5,,b,15.89625,0.85,3.65,2.8,19.44,36.29,327.3
L2,L232,ACACME,4.8,,b,18.0864,0.85,3.65,2.8,19.44,36.29,366.828
L2,L232,ACACME,4.5,,b,15.89625,0.85,3.65,2.8,19.44,36.29,327.3
L2,L232,ACACME,4.8,,b,18.0864,0.85,3.65,2.8,19.44,36.29,366.828
L2,L232,ACACME,4.6,,b,16.6106,0.85,3.65,2.8,19.44,36.29,340.476
L2,L232,ACACME,6.6,M,M,34.1946,1.1,4.12,3.02,16.7,33.63,603.996
L2,L232,ACACME,5.5,,b,23.74625,1.1,4.12,3.02,16.7,33.63,459.06
L2,L232,ACACME,3.6,,b,10.1736,1.1,4.12,3.02,16.7,33.63,208.716
L2,L232,ACACME,4.8,,b,18.0864,1.1,4.12,3.02,16.7,33.63,366.828
L2,L232,ACACME,4.4,,b,15.1976,1.1,4.12,3.02,16.7,33.63,314.124
L2,L232,ACACME,2.7,,b,5.72265,1.1,4.12,3.02,16.7,33.63,90.132
L2,L232,ACACME,4.3,,b,14.51465,1.1,4.12,3.02,16.7,33.63,300.948
L2,L232,ACACME,6.7,M,M,35.23865,0.84,4.09,3.25,9.7,21.01,617.172
L2,L232,ACACME,4.5,,b,15.89625,0.84,4.09,3.25,9.7,21.01,327.3
L2,L232,ACACME,5,,b,19.625,0.84,4.09,3.25,9.7,21.01,393.18
L2,L232,ACACME,5.8,M,M,26.4074,0.7,3.37,2.67,13.49,24.02,498.588
L2,L232,ACACME,5.4,,b,22.8906,0.7,3.37,2.67,13.49,24.02,445.884
L2,L232,ACACME,5.2,,b,21.2264,0.7,3.37,2.67,13.49,24.02,419.532
L2,L232,ACACME,4.7,,b,17.34065,0.7,3.37,2.67,13.49,24.02,353.652
L2,L232,ACACME,3.6,,b,10.1736,0.7,3.37,2.67,13.49,24.02,208.716
L2,L232,ACACME,3.3,,b,8.54865,0.7,3.37,2.67,13.49,24.02,169.188
L2,L232,ACACME,4.7,,b,17.34065,0.7,3.37,2.67,13.49,24.02,353.652
L2,L232,ACACME,5.3,,b,22.05065,0.7,3.37,2.67,13.49,24.02,432.708
L2,L232,ACACME,4,M,M,12.56,0.6,1.69,1.09,6.2,4.5,261.42
L2,L232,ACACME,3.1,,b,7.54385,0.6,1.69,1.09,6.2,4.5,142.836
L2,L232,ACACME,2.6,,b,5.3066,0.6,1.69,1.09,6.2,4.5,76.956
L2,L232,ACACME,3.7,,b,10.74665,0.6,1.69,1.09,6.2,4.5,221.892
L2,L232,ACACME,4.2,,b,13.8474,0.6,1.69,1.09,6.2,4.5,287.772
L2,L232,ACACME,2.2,,b,3.7994,0.6,1.69,1.09,6.2,4.5,24.252
L2,L232,ACACME,3.6,,b,10.1736,0.6,1.69,1.09,6.2,4.5,208.716
L2,L232,ACACME,5.9,M,M,27.32585,0.4,2.92,2.52,14.88,25,511.764
L2,L232,ACACME,3.5,,b,9.61625,0.4,2.92,2.52,14.88,25,195.54
L2,L232,ACACME,3.7,,b,10.74665,0.4,2.92,2.52,14.88,25,221.892
L2,L232,ACACME,5.7,,b,25.50465,0.4,2.92,2.52,14.88,25,485.412
L2,L232,ACACME,5.7,,b,25.50465,0.4,2.92,2.52,14.88,25,485.412
L2,L232,ACACME,5.4,M,M,22.8906,1,3.17,2.17,8.67,12.55,445.884
L2,L232,ACACME,2.4,,b,4.5216,1,3.17,2.17,8.67,12.55,50.604
L2,L232,ACACME,3.7,,b,10.74665,1,3.17,2.17,8.67,12.55,221.892
L2,L232,ACACME,2.2,,b,3.7994,1,3.17,2.17,8.67,12.55,24.252
L2,L232,ACACME,3.8,,b,11.3354,1,3.17,2.17,8.67,12.55,235.068
L2,L232,ACACME,3.7,,b,10.74665,1,3.17,2.17,8.67,12.55,221.892
L2,L232,ACACME,2.9,,b,6.60185,1,3.17,2.17,8.67,12.55,116.484
L2,L233,ACACME,6.8,M,M,36.2984,0.9,2.45,1.55,7.98,8.25,630.348
L2,L233,ACACME,5.6,,b,24.6176,0.9,2.45,1.55,7.98,8.25,472.236
L2,L233,ACACME,4.6,,b,16.6106,0.9,2.45,1.55,7.98,8.25,340.476
L2,L233,ACACME,6.3,,b,31.15665,0.9,2.45,1.55,7.98,8.25,564.468
L2,L233,ACACME,8.7,M,M,59.41665,0.99,3.63,2.64,15.48,27.25,880.692
L2,L233,ACACME,6.7,,b,35.23865,0.99,3.63,2.64,15.48,27.25,617.172
L2,L233,ACACME,5,,b,19.625,0.99,3.63,2.64,15.48,27.25,393.18
L2,L233,ACACME,4,,b,12.56,0.99,3.63,2.64,15.48,27.25,261.42
L2,L233,ACACME,5.5,,b,23.74625,0.99,3.63,2.64,15.48,27.25,459.06
L2,L233,ACACME,7.5,M,M,44.15625,1,4.12,3.12,18.08,37.6,722.58
L2,L233,ACACME,6.5,,b,33.16625,1,4.12,3.12,18.08,37.6,590.82
L2,L233,ACACME,5.7,,b,25.50465,1,4.12,3.12,18.08,37.6,485.412
L2,L233,ACACME,5.3,,b,22.05065,1,4.12,3.12,18.08,37.6,432.708
L2,L233,ACACME,5,,b,19.625,1,4.12,3.12,18.08,37.6,393.18
L2,L233,ACACME,3.8,,b,11.3354,1,4.12,3.12,18.08,37.6,235.068
L2,L233,ACACME,5.7,M,M,25.50465,1.01,3.97,2.96,13.35,26.34,485.412
L2,L233,ACACME,4.1,,b,13.19585,1.01,3.97,2.96,13.35,26.34,274.596
L2,L233,ACACME,4.5,,b,15.89625,1.01,3.97,2.96,13.35,26.34,327.3
L2,L233,ACACME,4.2,,b,13.8474,1.01,3.97,2.96,13.35,26.34,287.772
L2,L233,ACACME,6.5,M,M,33.16625,0.9,2.82,1.92,9.01,11.53,590.82
L2,L233,ACACME,4.6,,b,16.6106,0.9,2.82,1.92,9.01,11.53,340.476
L2,L233,ACACME,3.6,,b,10.1736,0.9,2.82,1.92,9.01,11.53,208.716
L2,L233,ACACME,3.2,,b,8.0384,0.9,2.82,1.92,9.01,11.53,156.012
L2,L233,ACACME,6.1,,b,29.20985,0.9,2.82,1.92,9.01,11.53,538.116
L2,L233,ACACME,8.6,M,M,58.0586,0.78,3.73,2.95,28.63,56.31,867.516
L2,L233,ACACME,5,,b,19.625,0.78,3.73,2.95,28.63,56.31,393.18
L2,L233,ACACME,5.7,,b,25.50465,0.78,3.73,2.95,28.63,56.31,485.412
L2,L233,ACACME,7.5,,b,44.15625,0.78,3.73,2.95,28.63,56.31,722.58
L2,L233,ACACME,6.3,,b,31.15665,0.78,3.73,2.95,28.63,56.31,564.468
L2,L233,ACACME,4.5,,b,15.89625,0.78,3.73,2.95,28.63,56.31,327.3
L2,L233,ACACME,6,,b,28.26,0.78,3.73,2.95,28.63,56.31,524.94
L2,L233,ACACME,3.8,,b,11.3354,0.78,3.73,2.95,28.63,56.31,235.068
L2,L233,ACACME,8.2,M,M,52.7834,1.22,4.47,3.25,16.14,34.97,814.812
L2,L233,ACACME,7.2,,b,40.6944,1.22,4.47,3.25,16.14,34.97,683.052
L2,L233,ACACME,4.7,,b,17.34065,1.22,4.47,3.25,16.14,34.97,353.652
L2,L233,ACACME,7,,b,38.465,1.22,4.47,3.25,16.14,34.97,656.7
L2,L233,ACACME,5.2,M,M,21.2264,0.7,2.75,2.05,6.1,8.34,419.532
L2,L233,ACACME,3.7,,b,10.74665,0.7,2.75,2.05,6.1,8.34,221.892
L2,L233,ACACME,2.9,,b,6.60185,0.7,2.75,2.05,6.1,8.34,116.484
L2,L233,ACACME,5.4,M,M,22.8906,0.9,3.92,3.02,16.15,32.52,445.884
L2,L233,ACACME,5.2,,b,21.2264,0.9,3.92,3.02,16.15,32.52,419.532
L2,L233,ACACME,4.9,,b,18.84785,0.9,3.92,3.02,16.15,32.52,380.004
L2,L233,ACACME,3.2,,b,8.0384,0.9,3.92,3.02,16.15,32.52,156.012
L2,L233,ACACME,3.2,,b,8.0384,0.9,3.92,3.02,16.15,32.52,156.012
L2,L233,ACACME,2.6,,b,5.3066,0.9,3.92,3.02,16.15,32.52,76.956
L2,L233,ACACME,5.8,M,M,26.4074,0.68,2.95,2.27,11.41,17.27,498.588
L2,L233,ACACME,4.2,,b,13.8474,0.68,2.95,2.27,11.41,17.27,287.772
L2,L233,ACACME,2.8,,b,6.1544,0.68,2.95,2.27,11.41,17.27,103.308
L2,L233,ACACME,3.6,,b,10.1736,0.68,2.95,2.27,11.41,17.27,208.716
L2,L233,ACACME,2.1,,b,3.46185,0.68,2.95,2.27,11.41,17.27,11.076
L2,L233,ACACME,7.1,M,M,39.57185,0.2,3.22,3.02,13.25,26.67,669.876
L2,L233,ACACME,4.1,,b,13.19585,0.2,3.22,3.02,13.25,26.67,274.596
L2,L233,ACACME,4.4,,b,15.1976,0.2,3.22,3.02,13.25,26.67,314.124
L2,L233,ACACME,6.6,,b,34.1946,0.2,3.22,3.02,13.25,26.67,603.996
L2,L233,ACACME,7.2,M,M,40.6944,1.57,4.13,2.56,19.2,32.77,683.052
L2,L233,ACACME,6.2,,b,30.1754,1.57,4.13,2.56,19.2,32.77,551.292
L2,L233,ACACME,4.2,,b,13.8474,1.57,4.13,2.56,19.2,32.77,287.772
L2,L233,ACACME,3.7,,b,10.74665,1.57,4.13,2.56,19.2,32.77,221.892
L2,L233,ACACME,3.5,,b,9.61625,1.57,4.13,2.56,19.2,32.77,195.54
L2,L233,ACACME,4.6,,b,16.6106,1.57,4.13,2.56,19.2,32.77,340.476
L2,L233,ACACME,5.3,,b,22.05065,1.57,4.13,2.56,19.2,32.77,432.708
L2,L233,ACACME,6.7,M,M,35.23865,1.1,3.04,1.94,5.93,7.66,617.172
L2,L233,ACACME,5.6,,b,24.6176,1.1,3.04,1.94,5.93,7.66,472.236
L2,L233,ACACME,3.4,,b,9.0746,1.1,3.04,1.94,5.93,7.66,182.364
L2,L233,ACACME,6.7,,b,35.23865,1.1,3.04,1.94,5.93,7.66,617.172
L2,L233,ACACME,3.2,,b,8.0384,1.1,3.04,1.94,5.93,7.66,156.012
L2,L233,ACACME,6.7,M,M,35.23865,2.21,4.22,2.01,5.8,7.77,617.172
L2,L233,ACACME,5.6,,b,24.6176,2.21,4.22,2.01,5.8,7.77,472.236
L2,L233,ACACME,4.5,,b,15.89625,2.21,4.22,2.01,5.8,7.77,327.3
L2,L233,ACACME,5.6,,b,24.6176,2.21,4.22,2.01,5.8,7.77,472.236
L2,L233,ACACME,2.2,,b,3.7994,2.21,4.22,2.01,5.8,7.77,24.252
L2,L233,ACACME,4.5,,b,15.89625,2.21,4.22,2.01,5.8,7.77,327.3
L2,L233,ACACME,5.6,,b,24.6176,2.21,4.22,2.01,5.8,7.77,472.236
L2,L233,ACACME,2.5,,b,4.90625,2.21,4.22,2.01,5.8,7.77,63.78
L2,L233,ACACME,3,,b,7.065,2.21,4.22,2.01,5.8,7.77,129.66
L2,L233,ACACME,3.7,,b,10.74665,2.21,4.22,2.01,5.8,7.77,221.892
L2,L233,ACACME,7.4,M,M,42.9866,1.22,3.82,2.6,18.57,32.19,709.404
L2,L233,ACACME,7.2,,b,40.6944,1.22,3.82,2.6,18.57,32.19,683.052
L2,L233,ACACME,5.8,,b,26.4074,1.22,3.82,2.6,18.57,32.19,498.588
L2,L233,ACACME,6.6,,b,34.1946,1.22,3.82,2.6,18.57,32.19,603.996
L2,L233,ACACME,4.8,,b,18.0864,1.22,3.82,2.6,18.57,32.19,366.828
L2,L233,ACACME,5.3,,b,22.05065,1.22,3.82,2.6,18.57,32.19,432.708
L2,L233,ACACME,6.4,,b,32.1536,1.22,3.82,2.6,18.57,32.19,577.644
L2,L233,ACACME,3.7,,b,10.74665,1.22,3.82,2.6,18.57,32.19,221.892
L2,L235,ACACME,6.5,M,M,33.16625,0.9,2.96,2.06,6.19,8.51,590.82
L2,L235,ACACME,6.5,,b,33.16625,0.9,2.96,2.06,6.19,8.51,590.82
L2,L235,ACACME,4.9,,b,18.84785,0.9,2.96,2.06,6.19,8.51,380.004
L2,L235,ACACME,5.3,,b,22.05065,0.9,2.96,2.06,6.19,8.51,432.708
L2,L235,ACACME,7.9,M,M,48.99185,0.7,2.8,2.1,7.24,10.13,775.284
L2,L235,ACACME,6.2,,b,30.1754,0.7,2.8,2.1,7.24,10.13,551.292
L2,L235,ACACME,3.5,,b,9.61625,0.7,2.8,2.1,7.24,10.13,195.54
L2,L235,ACACME,5.6,M,M,24.6176,0.5,2.95,2.45,6.01,9.81,472.236
L2,L235,ACACME,4.5,,b,15.89625,0.5,2.95,2.45,6.01,9.81,327.3
L2,L235,ACACME,3.5,,b,9.61625,0.5,2.95,2.45,6.01,9.81,195.54
L2,L235,ACACME,3.3,,b,8.54865,0.5,2.95,2.45,6.01,9.81,169.188
L2,L236,ACACME,8.6,M,M,58.0586,0.7,4.19,3.49,14.33,33.34,867.516
L2,L236,ACACME,6.3,,b,31.15665,0.7,4.19,3.49,14.33,33.34,564.468
L2,L236,ACACME,7.4,,b,42.9866,0.7,4.19,3.49,14.33,33.34,709.404
L2,L236,ACACME,2.6,,b,5.3066,0.7,4.19,3.49,14.33,33.34,76.956
L2,L236,ACACME,5.1,,b,20.41785,0.7,4.19,3.49,14.33,33.34,406.356
L2,L236,ACACME,7.7,,b,46.54265,0.7,4.19,3.49,14.33,33.34,748.932
L2,L236,ACACME,5.6,M,M,24.6176,0.4,3.97,3.57,14.33,34.11,472.236
L2,L236,ACACME,4.6,,b,16.6106,0.4,3.97,3.57,14.33,34.11,340.476
L2,L236,ACACME,5.1,,b,20.41785,0.4,3.97,3.57,14.33,34.11,406.356
L2,L236,ACACME,4.5,,b,15.89625,0.4,3.97,3.57,14.33,34.11,327.3
L2,L236,ACACME,2.8,,b,6.1544,0.4,3.97,3.57,14.33,34.11,103.308
L2,L236,ACACME,2.5,,b,4.90625,0.4,3.97,3.57,14.33,34.11,63.78
L2,L236,ACACME,3.5,,b,9.61625,0.4,3.97,3.57,14.33,34.11,195.54
L2,L236,ACACME,4.5,,b,15.89625,0.4,3.97,3.57,14.33,34.11,327.3
L2,L236,ACACME,2.7,M,M,5.72265,0.4,1,0.6,5.12,2.05,90.132
L2,L236,ACACME,1.8,,b,2.5434,0.4,1,0.6,5.12,2.05,-28.452
L2,L236,ACACME,1.5,,b,1.76625,0.4,1,0.6,5.12,2.05,-67.98
L2,L236,ACACME,2,,b,3.14,0.4,1,0.6,5.12,2.05,-2.1
L2,L236,ACACME,2.1,,b,3.46185,0.4,1,0.6,5.12,2.05,11.076
L2,L236,ACACME,8.7,M,M,59.41665,1.1,4.41,3.31,23.97,52.89,880.692
L2,L236,ACACME,2.7,,b,5.72265,1.1,4.41,3.31,23.97,52.89,90.132
L2,L236,ACACME,7.2,,b,40.6944,1.1,4.41,3.31,23.97,52.89,683.052
L2,L236,ACACME,3.5,,b,9.61625,1.1,4.41,3.31,23.97,52.89,195.54
L2,L236,ACACME,7,,b,38.465,1.1,4.41,3.31,23.97,52.89,656.7
L2,L236,ACACME,3.2,M,M,8.0384,0.6,1.54,0.94,3.65,2.28,156.012
L2,L236,ACACME,2.2,,b,3.7994,0.6,1.54,0.94,3.65,2.28,24.252
L2,L236,ACACME,1.5,,b,1.76625,0.6,1.54,0.94,3.65,2.28,-67.98
L2,L236,ACACME,2,,b,3.14,0.6,1.54,0.94,3.65,2.28,-2.1
L2,L236,ACACME,1.8,,b,2.5434,0.6,1.54,0.94,3.65,2.28,-28.452
L2,L239,ACACME,5.5,M,M,23.74625,0.5,3.13,2.63,6.57,11.52,459.06
L2,L239,ACACME,4.5,,b,15.89625,0.5,3.13,2.63,6.57,11.52,327.3
L2,L239,ACACME,3.5,,b,9.61625,0.5,3.13,2.63,6.57,11.52,195.54
L2,L239,ACACME,2.7,,b,5.72265,0.5,3.13,2.63,6.57,11.52,90.132
L2,L239,ACACME,4,,b,12.56,0.5,3.13,2.63,6.57,11.52,261.42
L2,L239,ACACME,15.3,M,M,183.76065,1.22,4.79,3.57,36.45,86.75,1750.308
L2,L239,ACACME,6.5,,b,33.16625,1.22,4.79,3.57,36.45,86.75,590.82
L2,L240,ACACME,7.5,M,M,44.15625,1.05,2.57,1.52,8.8,8.92,722.58
L2,L240,ACACME,5.5,,b,23.74625,1.05,2.57,1.52,8.8,8.92,459.06
L2,L240,ACACME,5.8,,b,26.4074,1.05,2.57,1.52,8.8,8.92,498.588
L2,L240,ACACME,6.6,,b,34.1946,1.05,2.57,1.52,8.8,8.92,603.996
L2,L240,ACACME,6.2,,b,30.1754,1.05,2.57,1.52,8.8,8.92,551.292
L2,L240,ACACME,4.5,M,M,15.89625,0.7,2,1.3,4.42,3.83,327.3
L2,L240,ACACME,3.2,,b,8.0384,0.7,2,1.3,4.42,3.83,156.012
L2,L240,ACACME,2.5,,b,4.90625,0.7,2,1.3,4.42,3.83,63.78
L2,L244,ACACME,17.8,M,M,248.7194,1.2,4.45,3.25,25.28,54.78,2079.708
L2,L244,ACACME,12.7,,b,126.61265,1.2,4.45,3.25,25.28,54.78,1407.732
L2,L244,ACACME,12.7,,b,126.61265,1.2,4.45,3.25,25.28,54.78,1407.732
L2,L244,ACACME,9.9,,b,76.93785,1.2,4.45,3.25,25.28,54.78,1038.804
L2,L244,ACACME,7.9,,b,48.99185,1.2,4.45,3.25,25.28,54.78,775.284
L2,L245,ACACME,3.4,M,M,9.0746,0.25,1.55,1.3,3.43,2.97,182.364
L2,L245,ACACME,2.8,,b,6.1544,0.25,1.55,1.3,3.43,2.97,103.308
L2,L245,ACACME,1.8,,b,2.5434,0.25,1.55,1.3,3.43,2.97,-28.452
L2,L245,ACACME,4.5,M,M,15.89625,0.3,1.92,1.62,3.71,4.01,327.3
L2,L245,ACACME,3.6,,b,10.1736,0.3,1.92,1.62,3.71,4.01,208.716
L2,L245,ACACME,2.5,,b,4.90625,0.3,1.92,1.62,3.71,4.01,63.78
L2,L245,ACACME,2,,b,3.14,0.3,1.92,1.62,3.71,4.01,-2.1
L2,L245,ACACME,2.3,,b,4.15265,0.3,1.92,1.62,3.71,4.01,37.428
L2,L249,ACACME,5.3,M,M,22.05065,0.7,2.8,2.1,7.87,11.02,432.708
L2,L249,ACACME,4.5,,b,15.89625,0.7,2.8,2.1,7.87,11.02,327.3
L2,L249,ACACME,2.3,,b,4.15265,0.7,2.8,2.1,7.87,11.02,37.428
L2,L249,ACACME,7.5,M,M,44.15625,1.15,3.63,2.48,21.63,35.76,722.58
L2,L249,ACACME,7.3,,b,41.83265,1.15,3.63,2.48,21.63,35.76,696.228
L2,L249,ACACME,7,,b,38.465,1.15,3.63,2.48,21.63,35.76,656.7
L2,L249,ACACME,5.9,,b,27.32585,1.15,3.63,2.48,21.63,35.76,511.764
L2,L249,ACACME,5.5,,b,23.74625,1.15,3.63,2.48,21.63,35.76,459.06
L2,L250,ACACME,5.1,M,M,20.41785,0.7,2.32,1.62,6.2,6.7,406.356
L2,L250,ACACME,4,,b,12.56,0.7,2.32,1.62,6.2,6.7,261.42
L2,L250,ACACME,2.7,,b,5.72265,0.7,2.32,1.62,6.2,6.7,90.132
L2,L250,ACACME,2.5,,b,4.90625,0.7,2.32,1.62,6.2,6.7,63.78
L2,L250,ACACME,2.4,,b,4.5216,0.7,2.32,1.62,6.2,6.7,50.604
L2,L250,ACACME,3.7,M,M,10.74665,0.6,1.8,1.2,5.02,4.02,221.892
L2,L250,ACACME,3.5,,b,9.61625,0.6,1.8,1.2,5.02,4.02,195.54
L2,L250,ACACME,2.5,,b,4.90625,0.6,1.8,1.2,5.02,4.02,63.78
L2,L250,ACACME,3.3,,b,8.54865,0.6,1.8,1.2,5.02,4.02,169.188
L2,L250,ACACME,3.2,,b,8.0384,0.6,1.8,1.2,5.02,4.02,156.012
L2,L250,ACACME,2.7,,b,5.72265,0.6,1.8,1.2,5.02,4.02,90.132
L2,L250,ACACME,4.4,M,M,15.1976,0.8,3.03,2.23,9.12,13.56,314.124
L2,L250,ACACME,4.3,,b,14.51465,0.8,3.03,2.23,9.12,13.56,300.948
L2,L250,ACACME,3.3,,b,8.54865,0.8,3.03,2.23,9.12,13.56,169.188
L2,L250,ACACME,3.5,,b,9.61625,0.8,3.03,2.23,9.12,13.56,195.54
L2,L250,ACACME,5.7,M,M,25.50465,0.7,2.8,2.1,4.78,6.69,485.412
L2,L250,ACACME,3.6,,b,10.1736,0.7,2.8,2.1,4.78,6.69,208.716
L2,L250,ACACME,3.4,,b,9.0746,0.7,2.8,2.1,4.78,6.69,182.364
L2,L250,ACACME,2.6,,b,5.3066,0.7,2.8,2.1,4.78,6.69,76.956
L2,L250,ACACME,2.5,,b,4.90625,0.7,2.8,2.1,4.78,6.69,63.78
L2,L250,ACACME,4.5,M,M,15.89625,0.6,2.82,2.22,6.03,8.92,327.3
L2,L250,ACACME,3.2,,b,8.0384,0.6,2.82,2.22,6.03,8.92,156.012
L2,L250,ACACME,3.6,,b,10.1736,0.6,2.82,2.22,6.03,8.92,208.716
L2,L250,ACACME,2.1,,b,3.46185,0.6,2.82,2.22,6.03,8.92,11.076
L2,L250,ACACME,4,,b,12.56,0.6,2.82,2.22,6.03,8.92,261.42
L2,L250,ACACME,5.3,M,M,22.05065,0.6,3.33,2.73,8.43,15.35,432.708
L2,L250,ACACME,3.3,,b,8.54865,0.6,3.33,2.73,8.43,15.35,169.188
L2,L250,ACACME,3.5,,b,9.61625,0.6,3.33,2.73,8.43,15.35,195.54
L2,L250,ACACME,3.6,,b,10.1736,0.6,3.33,2.73,8.43,15.35,208.716
L2,L250,ACACME,4.9,M,M,18.84785,1,3.11,2.11,6.42,9.04,380.004
L2,L250,ACACME,3.7,,b,10.74665,1,3.11,2.11,6.42,9.04,221.892
L2,L250,ACACME,3,,b,7.065,1,3.11,2.11,6.42,9.04,129.66
L2,L250,ACACME,2.5,,b,4.90625,1,3.11,2.11,6.42,9.04,63.78
L2,L250,ACACME,3.4,,b,9.0746,1,3.11,2.11,6.42,9.04,182.364
L2,L250,ACACME,4.7,M,M,17.34065,1.22,3.27,2.05,7.68,10.49,353.652
L2,L250,ACACME,4.6,,b,16.6106,1.22,3.27,2.05,7.68,10.49,340.476
L2,L250,ACACME,3.5,,b,9.61625,1.22,3.27,2.05,7.68,10.49,195.54
L2,L250,ACACME,3.7,,b,10.74665,1.22,3.27,2.05,7.68,10.49,221.892
L2,L250,ACACME,4.8,,b,18.0864,1.22,3.27,2.05,7.68,10.49,366.828
L2,L250,ACACME,3.5,,b,9.61625,1.22,3.27,2.05,7.68,10.49,195.54
L2,L250,ACACME,4.6,M,M,16.6106,1.18,2.91,1.73,5.43,6.26,340.476
L2,L250,ACACME,3.2,,b,8.0384,1.18,2.91,1.73,5.43,6.26,156.012
L2,L250,ACACME,4,M,M,12.56,0.5,3.28,2.78,4.98,9.24,261.42
L2,L250,ACACME,3.1,,b,7.54385,0.5,3.28,2.78,4.98,9.24,142.836
L2,L250,ACACME,4.6,M,M,16.6106,1,3.51,2.51,8.12,13.58,340.476
L2,L250,ACACME,3,,b,7.065,1,3.51,2.51,8.12,13.58,129.66
L2,L250,ACACME,3.4,,b,9.0746,1,3.51,2.51,8.12,13.58,182.364
L2,L250,ACACME,2.7,,b,5.72265,1,3.51,2.51,8.12,13.58,90.132
L2,L250,ACACME,2.8,,b,6.1544,1,3.51,2.51,8.12,13.58,103.308
L2,L250,ACACME,2.6,,b,5.3066,1,3.51,2.51,8.12,13.58,76.956
L2,L250,ACACME,4.2,M,M,13.8474,0.7,3.11,2.41,6.16,9.89,287.772
L2,L250,ACACME,3.3,,b,8.54865,0.7,3.11,2.41,6.16,9.89,169.188
L2,L250,ACACME,3.3,,b,8.54865,0.7,3.11,2.41,6.16,9.89,169.188
L2,L250,ACACME,3.5,,b,9.61625,0.7,3.11,2.41,6.16,9.89,195.54
L2,L250,ACACME,2.7,,b,5.72265,0.7,3.11,2.41,6.16,9.89,90.132
L2,L250,ACACME,4.3,M,M,14.51465,0.8,2.48,1.68,6.96,7.79,300.948
L2,L250,ACACME,3.7,,b,10.74665,0.8,2.48,1.68,6.96,7.79,221.892
L2,L250,ACACME,2.8,,b,6.1544,0.8,2.48,1.68,6.96,7.79,103.308
L2,L250,ACACME,3,,b,7.065,0.8,2.48,1.68,6.96,7.79,129.66
L2,L250,ACACME,2.5,,b,4.90625,0.8,2.48,1.68,6.96,7.79,63.78
L2,L250,ACACME,6.1,M,M,29.20985,0.8,2.48,1.68,6.96,7.79,538.116
L2,L250,ACACME,4.3,,b,14.51465,0.8,2.48,1.68,6.96,7.79,300.948
L2,L250,ACACME,4,,b,12.56,0.8,2.48,1.68,6.96,7.79,261.42
L2,L250,ACACME,4.7,,b,17.34065,0.8,2.48,1.68,6.96,7.79,353.652
L2,L250,ACACME,3.9,,b,11.93985,0.8,2.48,1.68,6.96,7.79,248.244
L2,L250,ACACME,3.3,,b,8.54865,0.8,2.48,1.68,6.96,7.79,169.188
L2,L250,ACACME,4.5,,b,15.89625,0.8,2.48,1.68,6.96,7.79,327.3
L2,L250,ACACME,6.9,M,M,37.37385,0.8,3.67,2.87,13.85,26.49,643.524
L2,L250,ACACME,6,,b,28.26,0.8,3.67,2.87,13.85,26.49,524.94
L2,L250,ACACME,4.3,,b,14.51465,0.8,3.67,2.87,13.85,26.49,300.948
L2,L250,ACACME,4.1,,b,13.19585,0.8,3.67,2.87,13.85,26.49,274.596
L2,L250,ACACME,3.6,,b,10.1736,0.8,3.67,2.87,13.85,26.49,208.716
L2,L250,ACACME,4.7,,b,17.34065,0.8,3.67,2.87,13.85,26.49,353.652
L2,L250,ACACME,4.5,M,M,15.89625,0.5,1.85,1.35,3.97,3.58,327.3
L2,L250,ACACME,4.8,M,M,18.0864,0.5,3.03,2.53,6.52,11,366.828
L2,L250,ACACME,4.6,,b,16.6106,0.5,3.03,2.53,6.52,11,340.476
L2,L250,ACACME,4.3,,b,14.51465,0.5,3.03,2.53,6.52,11,300.948
L2,L250,ACACME,3.3,,b,8.54865,0.5,3.03,2.53,6.52,11,169.188
L2,L250,ACACME,4.6,,b,16.6106,0.5,3.03,2.53,6.52,11,340.476
L2,L251,ACACME,5.3,M,M,22.05065,0.8,2.5,1.7,7.9,8.95,432.708
L2,L251,ACACME,3.2,,b,8.0384,0.8,2.5,1.7,7.9,8.95,156.012
L2,L251,ACACME,4.5,,b,15.89625,0.8,2.5,1.7,7.9,8.95,327.3
L2,L251,ACACME,3.7,,b,10.74665,0.8,2.5,1.7,7.9,8.95,221.892
L2,L251,ACACME,4.7,M,M,17.34065,0.6,3.31,2.71,5.88,10.63,353.652
L2,L251,ACACME,4.3,,b,14.51465,0.6,3.31,2.71,5.88,10.63,300.948
L2,L251,ACACME,4.2,,b,13.8474,0.6,3.31,2.71,5.88,10.63,287.772
L2,L251,ACACME,3.6,,b,10.1736,0.6,3.31,2.71,5.88,10.63,208.716
L2,L251,ACACME,3.1,,b,7.54385,0.6,3.31,2.71,5.88,10.63,142.836
L2,L251,ACACME,6.7,M,M,35.23865,1.22,3.7,2.48,9.25,15.29,617.172
L2,L251,ACACME,5.7,,b,25.50465,1.22,3.7,2.48,9.25,15.29,485.412
L2,L251,ACACME,5.8,,b,26.4074,1.22,3.7,2.48,9.25,15.29,498.588
L2,L251,ACACME,4,,b,12.56,1.22,3.7,2.48,9.25,15.29,261.42
L2,L251,ACACME,2.5,,b,4.90625,1.22,3.7,2.48,9.25,15.29,63.78
L2,L251,ACACME,8.4,M,M,55.3896,0.7,3.63,2.93,6.99,13.66,841.164
L2,L251,ACACME,5.7,,b,25.50465,0.7,3.63,2.93,6.99,13.66,485.412
L2,L251,ACACME,5.5,M,M,23.74625,0.8,3.21,2.41,5.07,8.15,459.06
L2,L251,ACACME,4.9,M,M,18.84785,0.6,2.92,2.32,6.52,10.08,380.004
L2,L251,ACACME,2.7,,b,5.72265,0.6,2.92,2.32,6.52,10.08,90.132
L2,L251,ACACME,4.5,,b,15.89625,0.6,2.92,2.32,6.52,10.08,327.3
L2,L251,ACACME,4.6,,b,16.6106,0.6,2.92,2.32,6.52,10.08,340.476
L2,L251,ACACME,7.7,M,M,46.54265,0.6,3.51,2.91,9.46,18.35,748.932
L2,L251,ACACME,5.6,,b,24.6176,0.6,3.51,2.91,9.46,18.35,472.236
L2,L251,ACACME,4.6,,b,16.6106,0.6,3.51,2.91,9.46,18.35,340.476
L2,L251,ACACME,4.3,,b,14.51465,0.6,3.51,2.91,9.46,18.35,300.948
L2,L251,ACACME,2.9,,b,6.60185,0.6,3.51,2.91,9.46,18.35,116.484
L2,L251,ACACME,6.5,M,M,33.16625,0.8,1.91,1.11,5.35,3.96,590.82
L2,L251,ACACME,5.7,M,M,25.50465,0.8,2.81,2.01,6.02,8.07,485.412
L2,L251,ACACME,4.4,,b,15.1976,0.8,2.81,2.01,6.02,8.07,314.124
L2,L251,ACACME,8.5,M,M,56.71625,0.7,2.81,2.11,7.76,10.92,854.34
L2,L251,ACACME,4.5,,b,15.89625,0.7,2.81,2.11,7.76,10.92,327.3
L2,L251,ACACME,4,,b,12.56,0.7,2.81,2.11,7.76,10.92,261.42
L2,L251,ACACME,3.5,,b,9.61625,0.7,2.81,2.11,7.76,10.92,195.54
L2,L251,ACACME,14.5,M,M,165.04625,0.4,2.57,2.17,5.89,8.53,1644.9
L2,L251,ACACME,11.3,,b,100.23665,0.4,2.57,2.17,5.89,8.53,1223.268
L2,L251,ACACME,6.7,,b,35.23865,0.4,2.57,2.17,5.89,8.53,617.172
L2,L251,ACACME,5.7,,b,25.50465,0.4,2.57,2.17,5.89,8.53,485.412
L2,L251,ACACME,4.5,M,M,15.89625,0.7,2.86,2.16,5.68,8.18,327.3
L2,L251,ACACME,2.5,,b,4.90625,0.7,2.86,2.16,5.68,8.18,63.78
L2,L251,ACACME,3.3,,b,8.54865,0.7,2.86,2.16,5.68,8.18,169.188
L2,L252,ACACME,6.5,M,M,33.16625,0.8,2.98,2.18,6.31,9.17,590.82
L2,L252,ACACME,4.7,,b,17.34065,0.8,2.98,2.18,6.31,9.17,353.652
L2,L252,ACACME,4.7,,b,17.34065,0.8,2.98,2.18,6.31,9.17,353.652
L2,L252,ACACME,4,,b,12.56,0.8,2.98,2.18,6.31,9.17,261.42
L2,L252,ACACME,3,,b,7.065,0.8,2.98,2.18,6.31,9.17,129.66
L2,L252,ACACME,5.3,M,M,22.05065,0.6,2.58,1.98,6.57,8.67,432.708
L2,L252,ACACME,4.7,,b,17.34065,0.6,2.58,1.98,6.57,8.67,353.652
L2,L252,ACACME,3.7,,b,10.74665,0.6,2.58,1.98,6.57,8.67,221.892
L2,L252,ACACME,3.5,,b,9.61625,0.6,2.58,1.98,6.57,8.67,195.54
L2,L252,ACACME,3.5,,b,9.61625,0.6,2.58,1.98,6.57,8.67,195.54
L2,L252,ACACME,2.7,,b,5.72265,0.6,2.58,1.98,6.57,8.67,90.132
L2,L252,ACACME,6.7,M,M,35.23865,1.22,3.54,2.32,9.84,15.23,617.172
L2,L252,ACACME,6.4,,b,32.1536,1.22,3.54,2.32,9.84,15.23,577.644
L2,L252,ACACME,5.7,,b,25.50465,1.22,3.54,2.32,9.84,15.23,485.412
L2,L252,ACACME,3.5,,b,9.61625,1.22,3.54,2.32,9.84,15.23,195.54
L2,L252,ACACME,6.3,M,M,31.15665,0.2,3.47,3.27,6.36,13.85,564.468
L2,L252,ACACME,5.1,,b,20.41785,0.2,3.47,3.27,6.36,13.85,406.356
L2,L252,ACACME,4.3,,b,14.51465,0.2,3.47,3.27,6.36,13.85,300.948
L2,L252,ACACME,3.7,,b,10.74665,0.2,3.47,3.27,6.36,13.85,221.892
L2,L252,ACACME,5.6,,b,24.6176,0.2,3.47,3.27,6.36,13.85,472.236
L2,L252,ACACME,2.5,,b,4.90625,0.2,3.47,3.27,6.36,13.85,63.78
L2,L252,ACACME,4.4,M,M,15.1976,0.4,1.72,1.32,1.81,1.6,314.124
L2,L252,ACACME,2.6,,b,5.3066,0.4,1.72,1.32,1.81,1.6,76.956
L2,L252,ACACME,3.4,M,M,9.0746,0.3,1.99,1.69,1.57,1.76,182.364
L2,L252,ACACME,2.7,,b,5.72265,0.3,1.99,1.69,1.57,1.76,90.132
L2,L252,ACACME,2.3,,b,4.15265,0.3,1.99,1.69,1.57,1.76,37.428
L2,L252,ACACME,7.3,M,M,41.83265,0.8,3.4,2.6,6.77,11.74,696.228
L2,L252,ACACME,6.3,,b,31.15665,0.8,3.4,2.6,6.77,11.74,564.468
L2,L252,ACACME,5,,b,19.625,0.8,3.4,2.6,6.77,11.74,393.18
L2,L252,ACACME,3.5,,b,9.61625,0.8,3.4,2.6,6.77,11.74,195.54
L2,L252,ACACME,5.6,M,M,24.6176,1.04,1.79,0.75,2.14,1.07,472.236
L2,L252,ACACME,2.5,,b,4.90625,1.04,1.79,0.75,2.14,1.07,63.78
L2,L252,ACACME,8.5,M,M,56.71625,0.75,3.82,3.07,8.54,17.49,854.34
L2,L252,ACACME,6,,b,28.26,0.75,3.82,3.07,8.54,17.49,524.94
L2,L252,ACACME,7.4,,b,42.9866,0.75,3.82,3.07,8.54,17.49,709.404
L2,L252,ACACME,3.5,,b,9.61625,0.75,3.82,3.07,8.54,17.49,195.54
L2,L252,ACACME,4,,b,12.56,0.75,3.82,3.07,8.54,17.49,261.42
L2,L252,ACACME,8.5,M,M,56.71625,0.75,3.82,3.07,8.54,17.49,854.34
L2,L252,ACACME,6,,b,28.26,0.75,3.82,3.07,8.54,17.49,524.94
L2,L252,ACACME,7.4,,b,42.9866,0.75,3.82,3.07,8.54,17.49,709.404
L2,L252,ACACME,3.5,,b,9.61625,0.75,3.82,3.07,8.54,17.49,195.54
L2,L252,ACACME,4,,b,12.56,0.75,3.82,3.07,8.54,17.49,261.42
L2,L252,ACACME,8.8,M,M,60.7904,1.05,3.34,2.29,7.49,11.44,893.868
L2,L252,ACACME,7.5,,b,44.15625,1.05,3.34,2.29,7.49,11.44,722.58
L2,L252,ACACME,5.7,,b,25.50465,1.05,3.34,2.29,7.49,11.44,485.412
L2,L252,ACACME,4.5,,b,15.89625,1.05,3.34,2.29,7.49,11.44,327.3
L2,L252,ACACME,3,,b,7.065,1.05,3.34,2.29,7.49,11.44,129.66
L2,L252,ACACME,5.6,M,M,24.6176,0.67,3.41,2.74,6.76,12.35,472.236
L2,L252,ACACME,4.7,,b,17.34065,0.67,3.41,2.74,6.76,12.35,353.652
L2,L252,ACACME,2.7,,b,5.72265,0.67,3.41,2.74,6.76,12.35,90.132
L2,L252,ACACME,3.5,,b,9.61625,0.67,3.41,2.74,6.76,12.35,195.54
L2,L252,ACACME,6.5,M,M,33.16625,0.5,3.25,2.75,8.11,14.86,590.82
L2,L252,ACACME,6.3,,b,31.15665,0.5,3.25,2.75,8.11,14.86,564.468
L2,L252,ACACME,6.4,,b,32.1536,0.5,3.25,2.75,8.11,14.86,577.644
L2,L253,ACACME,5.5,M,M,23.74625,0.8,3.47,2.67,5.44,9.69,459.06
L2,L253,ACACME,4.7,,b,17.34065,0.8,3.47,2.67,5.44,9.69,353.652
L2,L253,ACACME,4,,b,12.56,0.8,3.47,2.67,5.44,9.69,261.42
L2,L253,ACACME,3.7,,b,10.74665,0.8,3.47,2.67,5.44,9.69,221.892
L2,L253,ACACME,2.5,,b,4.90625,0.8,3.47,2.67,5.44,9.69,63.78
L2,L253,ACACME,8,M,M,50.24,0.9,2.91,2.01,5.44,7.29,788.46
L2,L253,ACACME,6,,b,28.26,0.9,2.91,2.01,5.44,7.29,524.94
L2,L253,ACACME,5.5,,b,23.74625,0.9,2.91,2.01,5.44,7.29,459.06
L2,L253,ACACME,3.7,,b,10.74665,0.9,2.91,2.01,5.44,7.29,221.892
L2,L253,ACACME,4.5,,b,15.89625,0.9,2.91,2.01,5.44,7.29,327.3
L2,L253,ACACME,6.8,M,M,36.2984,1.22,4.16,2.94,5.86,11.49,630.348
L2,L253,ACACME,4.1,,b,13.19585,1.22,4.16,2.94,5.86,11.49,274.596
L2,L253,ACACME,3.5,,b,9.61625,1.22,4.16,2.94,5.86,11.49,195.54
L2,L253,ACACME,5.1,,b,20.41785,1.22,4.16,2.94,5.86,11.49,406.356
L2,L253,ACACME,5.3,,b,22.05065,1.22,4.16,2.94,5.86,11.49,432.708
L2,L253,ACACME,4.5,,b,15.89625,1.22,4.16,2.94,5.86,11.49,327.3
L2,L253,ACACME,5.7,M,M,25.50465,0.8,2.65,1.85,4.96,6.12,485.412
L2,L253,ACACME,2.5,,b,4.90625,0.8,2.65,1.85,4.96,6.12,63.78
L2,L253,ACACME,4.5,,b,15.89625,0.8,2.65,1.85,4.96,6.12,327.3
L2,L253,ACACME,7.1,M,M,39.57185,1,3.48,2.48,8.39,13.88,669.876
L2,L253,ACACME,3.8,,b,11.3354,1,3.48,2.48,8.39,13.88,235.068
L2,L253,ACACME,4.1,,b,13.19585,1,3.48,2.48,8.39,13.88,274.596
L2,L253,ACACME,4.5,,b,15.89625,1,3.48,2.48,8.39,13.88,327.3
L2,L253,ACACME,6.3,,b,31.15665,1,3.48,2.48,8.39,13.88,564.468
L2,L253,ACACME,3.2,,b,8.0384,1,3.48,2.48,8.39,13.88,156.012
L2,L253,ACACME,4.5,,b,15.89625,1,3.48,2.48,8.39,13.88,327.3
L2,L253,ACACME,5,,b,19.625,1,3.48,2.48,8.39,13.88,393.18
L2,L253,ACACME,5.7,M,M,25.50465,0.3,1.58,1.28,1.59,1.36,485.412
L2,L253,ACACME,2.5,,b,4.90625,0.3,1.58,1.28,1.59,1.36,63.78
L2,L253,ACACME,3,,b,7.065,0.3,1.58,1.28,1.59,1.36,129.66
L2,L253,ACACME,1.7,,b,2.26865,0.3,1.58,1.28,1.59,1.36,-41.628
L2,L253,ACACME,6.5,M,M,33.16625,1.1,3.33,2.23,6.28,9.33,590.82
L2,L253,ACACME,4.3,,b,14.51465,1.1,3.33,2.23,6.28,9.33,300.948
L2,L253,ACACME,5.2,,b,21.2264,1.1,3.33,2.23,6.28,9.33,419.532
L2,L253,ACACME,3.6,,b,10.1736,1.1,3.33,2.23,6.28,9.33,208.716
L2,L253,ACACME,2.6,,b,5.3066,1.1,3.33,2.23,6.28,9.33,76.956
L2,L253,ACACME,6,M,M,28.26,0.3,3.62,3.32,4.12,9.11,524.94
L2,L253,ACACME,3,,b,7.065,0.3,3.62,3.32,4.12,9.11,129.66
L2,L253,ACACME,2.7,,b,5.72265,0.3,3.62,3.32,4.12,9.11,90.132
L2,L253,ACACME,4.3,,b,14.51465,0.3,3.62,3.32,4.12,9.11,300.948
L2,L253,ACACME,2.5,,b,4.90625,0.3,3.62,3.32,4.12,9.11,63.78
L2,L253,ACACME,8.3,M,M,54.07865,0.4,3.97,3.57,7.02,16.71,827.988
L2,L253,ACACME,6.5,,b,33.16625,0.4,3.97,3.57,7.02,16.71,590.82
L2,L253,ACACME,5.5,,b,23.74625,0.4,3.97,3.57,7.02,16.71,459.06
L2,L253,ACACME,4.5,,b,15.89625,0.4,3.97,3.57,7.02,16.71,327.3
L2,L253,ACACME,2.8,,b,6.1544,0.4,3.97,3.57,7.02,16.71,103.308
L2,L253,ACACME,3.7,M,M,10.74665,0.8,2.87,2.07,7.38,10.19,221.892
L2,L253,ACACME,3,,b,7.065,0.8,2.87,2.07,7.38,10.19,129.66
L2,L253,ACACME,2.8,,b,6.1544,0.8,2.87,2.07,7.38,10.19,103.308
L2,L253,ACACME,1.7,,b,2.26865,0.8,2.87,2.07,7.38,10.19,-41.628
L2,L253,ACACME,6.5,M,M,33.16625,0.94,2.89,1.95,5.47,7.11,590.82
L2,L253,ACACME,4.3,,b,14.51465,0.94,2.89,1.95,5.47,7.11,300.948
L2,L253,ACACME,4.5,M,M,15.89625,1.14,3.53,2.39,4.77,7.6,327.3
L2,L253,ACACME,3.7,,b,10.74665,1.14,3.53,2.39,4.77,7.6,221.892
L2,L253,ACACME,1.9,,b,2.83385,1.14,3.53,2.39,4.77,7.6,-15.276
L2,L253,ACACME,6.1,M,M,29.20985,1.2,3.12,1.92,9.18,11.76,538.116
L2,L253,ACACME,3.2,,b,8.0384,1.2,3.12,1.92,9.18,11.76,156.012
L2,L253,ACACME,3.7,,b,10.74665,1.2,3.12,1.92,9.18,11.76,221.892
L2,L253,ACACME,5.5,,b,23.74625,1.2,3.12,1.92,9.18,11.76,459.06
L2,L253,ACACME,3.6,,b,10.1736,1.2,3.12,1.92,9.18,11.76,208.716
L2,L254,ACACME,12.1,M,M,114.93185,1.22,4.18,2.96,15.33,30.26,1328.676
L2,L254,ACACME,11.9,,b,111.16385,1.22,4.18,2.96,15.33,30.26,1302.324
L2,L254,ACACME,8.6,M,M,58.0586,0.8,2.5,1.7,6.07,6.88,867.516
L2,L254,ACACME,6.5,,b,33.16625,0.8,2.5,1.7,6.07,6.88,590.82
L2,L254,ACACME,7.5,,b,44.15625,0.8,2.5,1.7,6.07,6.88,722.58
L2,L254,ACACME,5.5,,b,23.74625,0.8,2.5,1.7,6.07,6.88,459.06
L2,L254,ACACME,3.4,,b,9.0746,0.8,2.5,1.7,6.07,6.88,182.364
L2,L254,ACACME,3.5,M,M,9.61625,0.5,1.8,1.3,4.49,3.89,195.54
L2,L254,ACACME,2.7,,b,5.72265,0.5,1.8,1.3,4.49,3.89,90.132
L2,L254,ACACME,2.4,,b,4.5216,0.5,1.8,1.3,4.49,3.89,50.604
L2,L254,ACACME,2,,b,3.14,0.5,1.8,1.3,4.49,3.89,-2.1
L2,L254,ACACME,2.8,,b,6.1544,0.5,1.8,1.3,4.49,3.89,103.308
L2,L254,ACACME,1.7,,b,2.26865,0.5,1.8,1.3,4.49,3.89,-41.628
L2,L254,ACACME,5.7,M,M,25.50465,0.6,2.07,1.47,8.19,8.02,485.412
L2,L254,ACACME,4.5,,b,15.89625,0.6,2.07,1.47,8.19,8.02,327.3
L2,L254,ACACME,4.8,,b,18.0864,0.6,2.07,1.47,8.19,8.02,366.828
L2,L254,ACACME,4.9,,b,18.84785,0.6,2.07,1.47,8.19,8.02,380.004
L2,L255,ACACME,6.5,M,M,33.16625,0.8,2.99,2.19,7.63,11.14,590.82
L2,L255,ACACME,4.4,,b,15.1976,0.8,2.99,2.19,7.63,11.14,314.124
L2,L255,ACACME,3,,b,7.065,0.8,2.99,2.19,7.63,11.14,129.66
L2,L255,ACACME,3.5,,b,9.61625,0.8,2.99,2.19,7.63,11.14,195.54
L2,L255,ACACME,4.7,,b,17.34065,0.8,2.99,2.19,7.63,11.14,353.652
L2,L255,ACACME,4.5,,b,15.89625,0.8,2.99,2.19,7.63,11.14,327.3
L2,L255,ACACME,3.2,,b,8.0384,0.8,2.99,2.19,7.63,11.14,156.012
L2,L255,ACACME,11.6,M,M,105.6296,0.85,3.65,2.8,10.42,19.46,1262.796
L2,L255,ACACME,6.1,,b,29.20985,0.85,3.65,2.8,10.42,19.46,538.116
L2,L255,ACACME,6.3,,b,31.15665,0.85,3.65,2.8,10.42,19.46,564.468
L2,L255,ACACME,7.5,,b,44.15625,0.85,3.65,2.8,10.42,19.46,722.58
L2,L255,ACACME,8.5,M,M,56.71625,0.8,2.56,1.76,7.64,8.96,854.34
L2,L255,ACACME,6.8,,b,36.2984,0.8,2.56,1.76,7.64,8.96,630.348
L2,L255,ACACME,3.4,,b,9.0746,0.8,2.56,1.76,7.64,8.96,182.364
L2,L255,ACACME,7.7,,b,46.54265,0.8,2.56,1.76,7.64,8.96,748.932
L2,L255,ACACME,5.6,,b,24.6176,0.8,2.56,1.76,7.64,8.96,472.236
L2,L255,ACACME,8,M,M,50.24,0.8,4.67,3.87,11.14,28.73,788.46
L2,L255,ACACME,5.3,,b,22.05065,0.8,4.67,3.87,11.14,28.73,432.708
L2,L255,ACACME,5.4,,b,22.8906,0.8,4.67,3.87,11.14,28.73,445.884
L2,L255,ACACME,5.3,,b,22.05065,0.8,4.67,3.87,11.14,28.73,432.708
L2,L255,ACACME,7.1,M,M,39.57185,0.7,3.18,2.48,7.8,12.9,669.876
L2,L255,ACACME,4.5,,b,15.89625,0.7,3.18,2.48,7.8,12.9,327.3
L2,L255,ACACME,7.5,M,M,44.15625,0.4,2.57,2.17,3.78,5.47,722.58
L2,L255,ACACME,6.3,,b,31.15665,0.4,2.57,2.17,3.78,5.47,564.468
L2,L255,ACACME,3.1,,b,7.54385,0.4,2.57,2.17,3.78,5.47,142.836
L2,L255,ACACME,5.5,M,M,23.74625,0.4,2.84,2.44,6.01,9.77,459.06
L2,L255,ACACME,5,,b,19.625,0.4,2.84,2.44,6.01,9.77,393.18
L2,L255,ACACME,8.5,M,M,56.71625,0.5,1.84,1.34,6.49,5.79,854.34
L2,L255,ACACME,7.7,,b,46.54265,0.5,1.84,1.34,6.49,5.79,748.932
L2,L255,ACACME,6.3,,b,31.15665,0.5,1.84,1.34,6.49,5.79,564.468
L2,L255,ACACME,9.7,M,M,73.86065,0.6,2.83,2.23,7.21,10.72,1012.452
L2,L255,ACACME,8.5,,b,56.71625,0.6,2.83,2.23,7.21,10.72,854.34
L2,L255,ACACME,6.7,,b,35.23865,0.6,2.83,2.23,7.21,10.72,617.172
L2,L256,ACACME,3,M,M,7.065,0.14,1.2,1.06,3.25,2.29,129.66
L2,L256,ACACME,2.5,,b,4.90625,0.14,1.2,1.06,3.25,2.29,63.78
L2,L256,ACACME,1.7,,b,2.26865,0.14,1.2,1.06,3.25,2.29,-41.628
L2,L256,ACACME,2.7,,b,5.72265,0.14,1.2,1.06,3.25,2.29,90.132
L2,L256,ACACME,9.4,M,M,69.3626,0.77,3.39,2.62,11.1,19.38,972.924
L2,L256,ACACME,5.6,,b,24.6176,0.77,3.39,2.62,11.1,19.38,472.236
L2,L256,ACACME,6.2,,b,30.1754,0.77,3.39,2.62,11.1,19.38,551.292
L2,L256,ACACME,3.6,,b,10.1736,0.77,3.39,2.62,11.1,19.38,208.716
L2,L256,ACACME,8.7,,b,59.41665,0.77,3.39,2.62,11.1,19.38,880.692
L2,L256,ACACME,5.7,M,M,25.50465,0.6,3.41,2.81,6.97,13.05,485.412
L2,L256,ACACME,3.5,,b,9.61625,0.6,3.41,2.81,6.97,13.05,195.54
L2,L256,ACACME,5,,b,19.625,0.6,3.41,2.81,6.97,13.05,393.18
L2,L256,ACACME,7.8,M,M,47.7594,0.7,3.77,3.07,13.52,27.67,762.108
L2,L256,ACACME,7.2,,b,40.6944,0.7,3.77,3.07,13.52,27.67,683.052
L2,L256,ACACME,4.7,,b,17.34065,0.7,3.77,3.07,13.52,27.67,353.652
L2,L256,ACACME,3.4,,b,9.0746,0.7,3.77,3.07,13.52,27.67,182.364
L2,L256,ACACME,4.5,,b,15.89625,0.7,3.77,3.07,13.52,27.67,327.3
L2,L256,ACACME,6.1,,b,29.20985,0.7,3.77,3.07,13.52,27.67,538.116
L2,L256,ACACME,4.1,,b,13.19585,0.7,3.77,3.07,13.52,27.67,274.596
L2,L256,ACACME,7.8,M,M,47.7594,0.52,2.38,1.86,6.51,8.07,762.108
L2,L256,ACACME,4.4,,b,15.1976,0.52,2.38,1.86,6.51,8.07,314.124
L2,L256,ACACME,4.9,,b,18.84785,0.52,2.38,1.86,6.51,8.07,380.004
L2,L256,ACACME,4.5,,b,15.89625,0.52,2.38,1.86,6.51,8.07,327.3
L2,L256,ACACME,3.7,,b,10.74665,0.52,2.38,1.86,6.51,8.07,221.892
L2,L256,ACACME,7.9,M,M,48.99185,0.59,2.43,1.84,5.6,6.88,775.284
L2,L256,ACACME,1.8,,b,2.5434,0.59,2.43,1.84,5.6,6.88,-28.452
L2,L256,ACACME,6.4,,b,32.1536,0.59,2.43,1.84,5.6,6.88,577.644
L2,L256,ACACME,6.4,M,M,32.1536,0.49,2.39,1.9,10.58,13.4,577.644
L2,L256,ACACME,2.5,,b,4.90625,0.49,2.39,1.9,10.58,13.4,63.78
L2,L257,ACACME,9.5,M,M,70.84625,0.5,3.93,3.43,12.72,29.09,986.1
L2,L257,ACACME,8.3,,b,54.07865,0.5,3.93,3.43,12.72,29.09,827.988
L2,L257,ACACME,8.7,,b,59.41665,0.5,3.93,3.43,12.72,29.09,880.692
L2,L257,ACACME,4.5,,b,15.89625,0.5,3.93,3.43,12.72,29.09,327.3
L2,L257,ACACME,5.5,,b,23.74625,0.5,3.93,3.43,12.72,29.09,459.06
L2,L257,ACACME,5.5,M,M,23.74625,0.66,2.72,2.06,8.06,11.07,459.06
L2,L257,ACACME,2.5,,b,4.90625,0.66,2.72,2.06,8.06,11.07,63.78
L2,L257,ACACME,7.5,M,M,44.15625,0.52,1.84,1.32,2.36,2.08,722.58
L2,L257,ACACME,6.4,,b,32.1536,0.52,1.84,1.32,2.36,2.08,577.644
L2,L257,ACACME,5.7,,b,25.50465,0.52,1.84,1.32,2.36,2.08,485.412
L2,L257,ACACME,10.1,M,M,80.07785,0.42,3.43,3.01,13.52,27.13,1065.156
L2,L257,ACACME,8.5,,b,56.71625,0.42,3.43,3.01,13.52,27.13,854.34
L2,L257,ACACME,7.3,,b,41.83265,0.42,3.43,3.01,13.52,27.13,696.228
L2,L258,ACACME,6.6,M,M,34.1946,0.4,2.4,2,9.01,12.02,603.996
L2,L258,ACACME,6.3,,b,31.15665,0.4,2.4,2,9.01,12.02,564.468
L2,L258,ACACME,1.3,,b,1.32665,0.4,2.4,2,9.01,12.02,-94.332
L2,L258,ACACME,1.8,,b,2.5434,0.4,2.4,2,9.01,12.02,-28.452
L2,L258,ACACME,1.9,,b,2.83385,0.4,2.4,2,9.01,12.02,-15.276
L2,L258,ACACME,1.4,,b,1.5386,0.4,2.4,2,9.01,12.02,-81.156
L2,L258,ACACME,1.3,,b,1.32665,0.4,2.4,2,9.01,12.02,-94.332
L2,L258,ACACME,1.6,,b,2.0096,0.4,2.4,2,9.01,12.02,-54.804
L2,L258,ACACME,1.5,,b,1.76625,0.4,2.4,2,9.01,12.02,-67.98
L2,L258,ACACME,1.4,,b,1.5386,0.4,2.4,2,9.01,12.02,-81.156
L2,L258,ACACME,9.4,M,M,69.3626,0.6,3.86,3.26,11.7,25.42,972.924
L2,L258,ACACME,7.3,,b,41.83265,0.6,3.86,3.26,11.7,25.42,696.228
L2,L258,ACACME,5.6,,b,24.6176,0.6,3.86,3.26,11.7,25.42,472.236
L2,L258,ACACME,1.9,,b,2.83385,0.6,3.86,3.26,11.7,25.42,-15.276
L2,L258,ACACME,4.8,M,M,18.0864,0.4,2.78,2.38,4.91,7.79,366.828
L2,L258,ACACME,4.3,,b,14.51465,0.4,2.78,2.38,4.91,7.79,300.948
L2,L258,ACACME,3.7,,b,10.74665,0.4,2.78,2.38,4.91,7.79,221.892
L2,L258,ACACME,1.5,,b,1.76625,0.4,2.78,2.38,4.91,7.79,-67.98
L2,L258,ACACME,5.1,M,M,20.41785,0.5,1.93,1.43,3.96,3.77,406.356
L2,L258,ACACME,1.7,,b,2.26865,0.5,1.93,1.43,3.96,3.77,-41.628
L2,L258,ACACME,9.3,M,M,67.89465,0.7,3.63,2.93,28.21,55.11,959.748
L2,L258,ACACME,8.8,,b,60.7904,0.7,3.63,2.93,28.21,55.11,893.868
L2,L258,ACACME,7.4,,b,42.9866,0.7,3.63,2.93,28.21,55.11,709.404
L2,L258,ACACME,6.7,,b,35.23865,0.7,3.63,2.93,28.21,55.11,617.172
L2,L258,ACACME,7.3,,b,41.83265,0.7,3.63,2.93,28.21,55.11,696.228
L2,L258,ACACME,5.3,,b,22.05065,0.7,3.63,2.93,28.21,55.11,432.708
L2,L258,ACACME,7.4,M,M,42.9866,0.7,3.11,2.41,13.45,21.61,709.404
L2,L258,ACACME,6.9,,b,37.37385,0.7,3.11,2.41,13.45,21.61,643.524
L2,L258,ACACME,5.7,,b,25.50465,0.7,3.11,2.41,13.45,21.61,485.412
L2,L258,ACACME,5.3,,b,22.05065,0.7,3.11,2.41,13.45,21.61,432.708
L2,L258,ACACME,6.8,,b,36.2984,0.7,3.11,2.41,13.45,21.61,630.348
L2,L258,ACACME,3.8,,b,11.3354,0.7,3.11,2.41,13.45,21.61,235.068
L2,L258,ACACME,6.3,,b,31.15665,0.7,3.11,2.41,13.45,21.61,564.468
L2,L258,ACACME,7.7,M,M,46.54265,0.5,2.67,2.17,10.85,15.7,748.932
L2,L258,ACACME,5.3,,b,22.05065,0.5,2.67,2.17,10.85,15.7,432.708
L2,L258,ACACME,1.6,,b,2.0096,0.5,2.67,2.17,10.85,15.7,-54.804
L2,L258,ACACME,2.5,,b,4.90625,0.5,2.67,2.17,10.85,15.7,63.78
L2,L258,ACACME,2.3,,b,4.15265,0.5,2.67,2.17,10.85,15.7,37.428
L2,L259,ACACME,8.3,M,M,54.07865,1.1,3.27,2.17,15.93,23.05,827.988
L2,L259,ACACME,7.5,,b,44.15625,1.1,3.27,2.17,15.93,23.05,722.58
L2,L259,ACACME,5.3,,b,22.05065,1.1,3.27,2.17,15.93,23.05,432.708
L2,L259,ACACME,2.3,,b,4.15265,1.1,3.27,2.17,15.93,23.05,37.428
L2,L259,ACACME,3.6,M,M,10.1736,0.4,1.63,1.23,2.67,2.19,208.716
L2,L259,ACACME,1.9,,b,2.83385,0.4,1.63,1.23,2.67,2.19,-15.276
L2,L259,ACACME,1.8,,b,2.5434,0.4,1.63,1.23,2.67,2.19,-28.452
L2,L259,ACACME,2.1,,b,3.46185,0.4,1.63,1.23,2.67,2.19,11.076
L2,L259,ACACME,8.7,M,M,59.41665,1,3.14,2.14,6.03,8.61,880.692
L2,L259,ACACME,6.3,,b,31.15665,1,3.14,2.14,6.03,8.61,564.468
L2,L259,ACACME,2.7,,b,5.72265,1,3.14,2.14,6.03,8.61,90.132
L2,L259,ACACME,5.7,,b,25.50465,1,3.14,2.14,6.03,8.61,485.412
L2,L259,ACACME,2.5,,b,4.90625,1,3.14,2.14,6.03,8.61,63.78
L2,L259,ACACME,2.5,,b,4.90625,1,3.14,2.14,6.03,8.61,63.78
L2,L259,ACACME,3.5,,b,9.61625,1,3.14,2.14,6.03,8.61,195.54
L2,L259,ACACME,6.5,M,M,33.16625,0.7,2.16,1.46,4.66,4.54,590.82
L2,L259,ACACME,6,,b,28.26,0.7,2.16,1.46,4.66,4.54,524.94
L2,L259,ACACME,3.5,,b,9.61625,0.7,2.16,1.46,4.66,4.54,195.54
L2,L259,ACACME,3,,b,7.065,0.7,2.16,1.46,4.66,4.54,129.66
L2,L259,ACACME,4.6,,b,16.6106,0.7,2.16,1.46,4.66,4.54,340.476
L2,L259,ACACME,4.3,,b,14.51465,0.7,2.16,1.46,4.66,4.54,300.948
L2,L259,ACACME,5.6,M,M,24.6176,0.5,1.81,1.31,1.48,1.29,472.236
L2,L259,ACACME,2.9,,b,6.60185,0.5,1.81,1.31,1.48,1.29,116.484
L2,L259,ACACME,1.6,,b,2.0096,0.5,1.81,1.31,1.48,1.29,-54.804
L2,L259,ACACME,2.3,,b,4.15265,0.5,1.81,1.31,1.48,1.29,37.428
L2,L259,ACACME,2.9,M,M,6.60185,0.4,1.65,1.25,1.94,1.61,116.484
L2,L259,ACACME,1.7,,b,2.26865,0.4,1.65,1.25,1.94,1.61,-41.628
L2,L259,ACACME,4.7,M,M,17.34065,0.6,2.11,1.51,3.13,3.15,353.652
L2,L259,ACACME,3.7,,b,10.74665,0.6,2.11,1.51,3.13,3.15,221.892
L2,L259,ACACME,2.9,,b,6.60185,0.6,2.11,1.51,3.13,3.15,116.484
L2,L259,ACACME,3,,b,7.065,0.6,2.11,1.51,3.13,3.15,129.66
L2,L259,ACACME,3.7,M,M,10.74665,0.7,1.93,1.23,1.95,1.6,221.892
L2,L259,ACACME,2.5,,b,4.90625,0.7,1.93,1.23,1.95,1.6,63.78
L2,L259,ACACME,3.4,M,M,9.0746,0.5,2.18,1.68,1.82,2.04,182.364
L2,L259,ACACME,2.5,,b,4.90625,0.5,2.18,1.68,1.82,2.04,63.78
L2,L259,ACACME,1.3,,b,1.32665,0.5,2.18,1.68,1.82,2.04,-94.332
L2,L259,ACACME,2,,b,3.14,0.5,2.18,1.68,1.82,2.04,-2.1
L2,L259,ACACME,5,M,M,19.625,0.5,2.08,1.58,3.83,4.03,393.18
L2,L259,ACACME,4.9,,b,18.84785,0.5,2.08,1.58,3.83,4.03,380.004
L2,L259,ACACME,3.7,,b,10.74665,0.5,2.08,1.58,3.83,4.03,221.892
L2,L259,ACACME,3.1,,b,7.54385,0.5,2.08,1.58,3.83,4.03,142.836
L2,L259,ACACME,2.5,,b,4.90625,0.5,2.08,1.58,3.83,4.03,63.78
L2,L259,ACACME,6.9,M,M,37.37385,0.7,2.84,2.14,4.33,6.18,643.524
L2,L259,ACACME,5.5,,b,23.74625,0.7,2.84,2.14,4.33,6.18,459.06
L2,L259,ACACME,4.5,,b,15.89625,0.7,2.84,2.14,4.33,6.18,327.3
L2,L259,ACACME,3.9,,b,11.93985,0.7,2.84,2.14,4.33,6.18,248.244
L2,L259,ACACME,10.3,M,M,83.28065,0.8,4.43,3.63,14.16,34.27,1091.508
L2,L259,ACACME,5.6,,b,24.6176,0.8,4.43,3.63,14.16,34.27,472.236
L2,L259,ACACME,4.7,,b,17.34065,0.8,4.43,3.63,14.16,34.27,353.652
L2,L259,ACACME,6.5,,b,33.16625,0.8,4.43,3.63,14.16,34.27,590.82
L2,L259,ACACME,5.6,,b,24.6176,0.8,4.43,3.63,14.16,34.27,472.236
L2,L259,ACACME,3.5,M,M,9.61625,0.5,1.22,0.72,7.2,3.46,195.54
L2,L259,ACACME,2.7,,b,5.72265,0.5,1.22,0.72,7.2,3.46,90.132
L2,L259,ACACME,1.5,,b,1.76625,0.5,1.22,0.72,7.2,3.46,-67.98
L2,L259,ACACME,2.3,,b,4.15265,0.5,1.22,0.72,7.2,3.46,37.428
L2,L259,ACACME,6.8,M,M,36.2984,0.55,2.36,1.81,7.93,9.56,630.348
L2,L259,ACACME,6.5,,b,33.16625,0.55,2.36,1.81,7.93,9.56,590.82
L2,L259,ACACME,5.3,,b,22.05065,0.55,2.36,1.81,7.93,9.56,432.708
L2,L259,ACACME,7.3,M,M,41.83265,0.6,2.69,2.09,7.23,10.07,696.228
L2,L259,ACACME,4.7,,b,17.34065,0.6,2.69,2.09,7.23,10.07,353.652
L2,L259,ACACME,3.2,,b,8.0384,0.6,2.69,2.09,7.23,10.07,156.012
L2,L259,ACACME,4.5,,b,15.89625,0.6,2.69,2.09,7.23,10.07,327.3
L2,L260,ACACME,8,M,M,50.24,0.6,2.64,2.04,15.68,21.33,788.46
L2,L260,ACACME,7,,b,38.465,0.6,2.64,2.04,15.68,21.33,656.7
L2,L260,ACACME,6.5,,b,33.16625,0.6,2.64,2.04,15.68,21.33,590.82
L2,L260,ACACME,6.2,,b,30.1754,0.6,2.64,2.04,15.68,21.33,551.292
L2,L260,ACACME,7.3,M,M,41.83265,0.7,3.32,2.62,7.91,13.81,696.228
L2,L260,ACACME,5.1,,b,20.41785,0.7,3.32,2.62,7.91,13.81,406.356
L2,L260,ACACME,6.5,,b,33.16625,0.7,3.32,2.62,7.91,13.81,590.82
L2,L260,ACACME,3.4,,b,9.0746,0.7,3.32,2.62,7.91,13.81,182.364
L2,L260,ACACME,3.5,M,M,9.61625,0.6,1.77,1.17,5.39,4.2,195.54
L2,L260,ACACME,2.9,,b,6.60185,0.6,1.77,1.17,5.39,4.2,116.484
L2,L260,ACACME,3,,b,7.065,0.6,1.77,1.17,5.39,4.2,129.66
L2,L260,ACACME,2.5,,b,4.90625,0.6,1.77,1.17,5.39,4.2,63.78
L2,L260,ACACME,7.9,M,M,48.99185,0.6,2.16,1.56,4.51,4.69,775.284
L2,L260,ACACME,4.4,,b,15.1976,0.6,2.16,1.56,4.51,4.69,314.124
L2,L260,ACACME,1.5,,b,1.76625,0.6,2.16,1.56,4.51,4.69,-67.98
L2,L260,ACACME,1.9,,b,2.83385,0.6,2.16,1.56,4.51,4.69,-15.276
L2,L260,ACACME,6.2,M,M,30.1754,0.7,1.83,1.13,4.44,3.34,551.292
L2,L260,ACACME,3.9,,b,11.93985,0.7,1.83,1.13,4.44,3.34,248.244
L2,L260,ACACME,4,,b,12.56,0.7,1.83,1.13,4.44,3.34,261.42
L2,L260,ACACME,2.5,,b,4.90625,0.7,1.83,1.13,4.44,3.34,63.78
L2,L260,ACACME,2.3,,b,4.15265,0.7,1.83,1.13,4.44,3.34,37.428
L2,L260,ACACME,3.7,M,M,10.74665,0.6,1.81,1.21,4.9,3.95,221.892
L2,L260,ACACME,2.9,,b,6.60185,0.6,1.81,1.21,4.9,3.95,116.484
L2,L260,ACACME,3.5,,b,9.61625,0.6,1.81,1.21,4.9,3.95,195.54
L2,L260,ACACME,4.4,M,M,15.1976,0.5,2.04,1.54,6.04,6.2,314.124
L2,L260,ACACME,3.2,,b,8.0384,0.5,2.04,1.54,6.04,6.2,156.012
L2,L260,ACACME,2.7,,b,5.72265,0.5,2.04,1.54,6.04,6.2,90.132
L2,L260,ACACME,2.3,,b,4.15265,0.5,2.04,1.54,6.04,6.2,37.428
L2,L260,ACACME,4,M,M,12.56,0.6,1.76,1.16,7.79,6.02,261.42
L2,L260,ACACME,1.7,,b,2.26865,0.6,1.76,1.16,7.79,6.02,-41.628
L2,L260,ACACME,2.1,,b,3.46185,0.6,1.76,1.16,7.79,6.02,11.076
L2,L260,ACACME,6.5,M,M,33.16625,0.7,2.33,1.63,3.63,3.94,590.82
L2,L260,ACACME,5.7,,b,25.50465,0.7,2.33,1.63,3.63,3.94,485.412
L2,L260,ACACME,8.5,M,M,56.71625,0.77,2.81,2.04,5.37,7.3,854.34
L2,L260,ACACME,6.7,,b,35.23865,0.77,2.81,2.04,5.37,7.3,617.172
L2,L260,ACACME,5.1,,b,20.41785,0.77,2.81,2.04,5.37,7.3,406.356
L2,L260,ACACME,5.9,,b,27.32585,0.77,2.81,2.04,5.37,7.3,511.764
L2,L260,ACACME,5.5,M,M,23.74625,1,2.48,1.48,2.39,2.35,459.06
L2,L260,ACACME,4.3,,b,14.51465,1,2.48,1.48,2.39,2.35,300.948
L2,L260,ACACME,4.5,,b,15.89625,1,2.48,1.48,2.39,2.35,327.3
L2,L260,ACACME,3.7,,b,10.74665,1,2.48,1.48,2.39,2.35,221.892
L2,L260,ACACME,2.5,,b,4.90625,1,2.48,1.48,2.39,2.35,63.78
L2,L260,ACACME,4.9,M,M,18.84785,0.6,2.64,2.04,3.52,4.79,380.004
L2,L260,ACACME,4.4,,b,15.1976,0.6,2.64,2.04,3.52,4.79,314.124
L2,L260,ACACME,3.5,,b,9.61625,0.6,2.64,2.04,3.52,4.79,195.54
L2,L260,ACACME,5.9,M,M,27.32585,0.7,2.74,2.04,4.84,6.58,511.764
L2,L260,ACACME,4.5,,b,15.89625,0.7,2.74,2.04,4.84,6.58,327.3
L2,L260,ACACME,3.3,,b,8.54865,0.7,2.74,2.04,4.84,6.58,169.188
L2,L260,ACACME,3.6,,b,10.1736,0.7,2.74,2.04,4.84,6.58,208.716
L2,L260,ACACME,6.7,M,M,35.23865,0.9,2.93,2.03,3.71,5.02,617.172
L2,L260,ACACME,3.7,,b,10.74665,0.9,2.93,2.03,3.71,5.02,221.892
L2,L260,ACACME,4.9,M,M,18.84785,0.6,2.87,2.27,5.33,8.06,380.004
L2,L260,ACACME,3.5,,b,9.61625,0.6,2.87,2.27,5.33,8.06,195.54
L2,L260,ACACME,3,,b,7.065,0.6,2.87,2.27,5.33,8.06,129.66
L2,L260,ACACME,2.4,,b,4.5216,0.6,2.87,2.27,5.33,8.06,50.604
L2,L260,ACACME,6.5,M,M,33.16625,0.7,2.48,1.78,6.45,7.65,590.82
L2,L260,ACACME,6,,b,28.26,0.7,2.48,1.78,6.45,7.65,524.94
L2,L260,ACACME,2.5,,b,4.90625,0.7,2.48,1.78,6.45,7.65,63.78
L2,L260,ACACME,2.3,,b,4.15265,0.7,2.48,1.78,6.45,7.65,37.428
L2,L260,ACACME,5.7,M,M,25.50465,0.6,1.69,1.09,2.47,1.79,485.412
L2,L260,ACACME,2.5,,b,4.90625,0.6,1.69,1.09,2.47,1.79,63.78
L2,L260,ACACME,1.7,,b,2.26865,0.6,1.69,1.09,2.47,1.79,-41.628
L2,L260,ACACME,5,M,M,19.625,0.5,2.42,1.92,5.6,7.17,393.18
L2,L260,ACACME,3,,b,7.065,0.5,2.42,1.92,5.6,7.17,129.66
L2,L260,ACACME,2.5,,b,4.90625,0.5,2.42,1.92,5.6,7.17,63.78
L2,L260,ACACME,5.3,M,M,22.05065,0.95,2.22,1.27,4.42,3.75,432.708
L2,L260,ACACME,4.7,,b,17.34065,0.95,2.22,1.27,4.42,3.75,353.652
L2,L260,ACACME,7.9,M,M,48.99185,0.7,2.95,2.25,8.31,12.46,775.284
L2,L260,ACACME,6.5,,b,33.16625,0.7,2.95,2.25,8.31,12.46,590.82
L2,L260,ACACME,6.2,,b,30.1754,0.7,2.95,2.25,8.31,12.46,551.292
L2,L260,ACACME,6.5,M,M,33.16625,0.96,2.93,1.97,5.82,7.65,590.82
L2,L260,ACACME,4.7,,b,17.34065,0.96,2.93,1.97,5.82,7.65,353.652
L2,L260,ACACME,3.5,,b,9.61625,0.96,2.93,1.97,5.82,7.65,195.54
L2,L260,ACACME,2.7,,b,5.72265,0.96,2.93,1.97,5.82,7.65,90.132
L2,L260,ACACME,3.2,,b,8.0384,0.96,2.93,1.97,5.82,7.65,156.012
L2,L260,ACACME,2.5,,b,4.90625,0.96,2.93,1.97,5.82,7.65,63.78
L2,L261,ACACME,5.6,M,M,24.6176,0.8,2.84,2.04,11.02,14.99,472.236
L2,L261,ACACME,4.5,,b,15.89625,0.8,2.84,2.04,11.02,14.99,327.3
L2,L261,ACACME,3.7,,b,10.74665,0.8,2.84,2.04,11.02,14.99,221.892
L2,L261,ACACME,2.8,,b,6.1544,0.8,2.84,2.04,11.02,14.99,103.308
L2,L261,ACACME,2.7,,b,5.72265,0.8,2.84,2.04,11.02,14.99,90.132
L2,L261,ACACME,7.3,M,M,41.83265,0.8,2.62,1.82,8.76,10.63,696.228
L2,L261,ACACME,5.2,,b,21.2264,0.8,2.62,1.82,8.76,10.63,419.532
L2,L261,ACACME,6.1,,b,29.20985,0.8,2.62,1.82,8.76,10.63,538.116
L2,L261,ACACME,6.5,,b,33.16625,0.8,2.62,1.82,8.76,10.63,590.82
L2,L261,ACACME,4.5,,b,15.89625,0.8,2.62,1.82,8.76,10.63,327.3
L2,L261,ACACME,6.3,,b,31.15665,0.8,2.62,1.82,8.76,10.63,564.468
L2,L261,ACACME,6.9,M,M,37.37385,0.6,2.71,2.11,11.1,15.61,643.524
L2,L261,ACACME,6,,b,28.26,0.6,2.71,2.11,11.1,15.61,524.94
L2,L261,ACACME,5.5,,b,23.74625,0.6,2.71,2.11,11.1,15.61,459.06
L2,L261,ACACME,4.3,,b,14.51465,0.6,2.71,2.11,11.1,15.61,300.948
L2,L261,ACACME,7.1,M,M,39.57185,0.8,3.23,2.43,6.54,10.59,669.876
L2,L261,ACACME,3.5,,b,9.61625,0.8,3.23,2.43,6.54,10.59,195.54
L2,L261,ACACME,2.6,,b,5.3066,0.8,3.23,2.43,6.54,10.59,76.956
L2,L261,ACACME,8.4,M,M,55.3896,0.7,3.54,2.84,11.34,21.48,841.164
L2,L261,ACACME,4.7,,b,17.34065,0.7,3.54,2.84,11.34,21.48,353.652
L2,L261,ACACME,6.5,,b,33.16625,0.7,3.54,2.84,11.34,21.48,590.82
L2,L261,ACACME,11.7,M,M,107.45865,0.7,4.67,3.97,41.84,110.74,1275.972
L2,L261,ACACME,8.7,,b,59.41665,0.7,4.67,3.97,41.84,110.74,880.692
L2,L261,ACACME,5.6,,b,24.6176,0.7,4.67,3.97,41.84,110.74,472.236
L2,L261,ACACME,6.1,,b,29.20985,0.7,4.67,3.97,41.84,110.74,538.116
L2,L261,ACACME,7.5,,b,44.15625,0.7,4.67,3.97,41.84,110.74,722.58
L2,L261,ACACME,6.3,,b,31.15665,0.7,4.67,3.97,41.84,110.74,564.468
L2,L261,ACACME,6.1,,b,29.20985,0.7,4.67,3.97,41.84,110.74,538.116
L2,L261,ACACME,7.7,M,M,46.54265,0.9,3.62,2.72,18.35,33.27,748.932
L2,L261,ACACME,6.7,,b,35.23865,0.9,3.62,2.72,18.35,33.27,617.172
L2,L261,ACACME,6.7,,b,35.23865,0.9,3.62,2.72,18.35,33.27,617.172
L2,L261,ACACME,7.3,,b,41.83265,0.9,3.62,2.72,18.35,33.27,696.228
L2,L261,ACACME,4.2,,b,13.8474,0.9,3.62,2.72,18.35,33.27,287.772
L2,L261,ACACME,3.5,,b,9.61625,0.9,3.62,2.72,18.35,33.27,195.54
L2,L261,ACACME,3.3,,b,8.54865,0.9,3.62,2.72,18.35,33.27,169.188
L2,L261,ACACME,5.7,M,M,25.50465,1,3.15,2.15,5.92,8.48,485.412
L2,L261,ACACME,5.7,M,M,25.50465,1.1,3.43,2.33,13.52,21,485.412
L2,L261,ACACME,7.3,,b,41.83265,1.1,3.43,2.33,13.52,21,696.228
L2,L261,ACACME,10.1,M,M,80.07785,0.88,3.62,2.74,20,36.54,1065.156
L2,L261,ACACME,7.5,,b,44.15625,0.88,3.62,2.74,20,36.54,722.58
L2,L261,ACACME,7.4,,b,42.9866,0.88,3.62,2.74,20,36.54,709.404
L2,L261,ACACME,6.5,,b,33.16625,0.88,3.62,2.74,20,36.54,590.82
L2,L261,ACACME,4.7,M,M,17.34065,0.5,3.18,2.68,6.48,11.58,353.652
L2,L261,ACACME,2.7,,b,5.72265,0.5,3.18,2.68,6.48,11.58,90.132
L2,L261,ACACME,3.7,,b,10.74665,0.5,3.18,2.68,6.48,11.58,221.892
L2,L261,ACACME,2.7,,b,5.72265,0.5,3.18,2.68,6.48,11.58,90.132
L2,L262,ACACME,10.7,M,M,89.87465,0.8,2.78,1.98,10.39,13.72,1144.212
L2,L262,ACACME,3.8,,b,11.3354,0.8,2.78,1.98,10.39,13.72,235.068
L2,L262,ACACME,7.5,M,M,44.15625,1,3.03,2.03,4.89,6.62,722.58
L2,L262,ACACME,7.9,M,M,48.99185,0.7,3.94,3.24,9.67,20.89,775.284
L2,L262,ACACME,5.2,,b,21.2264,0.7,3.94,3.24,9.67,20.89,419.532
L2,L262,ACACME,2.7,,b,5.72265,0.7,3.94,3.24,9.67,20.89,90.132
L2,L262,ACACME,3.5,,b,9.61625,0.7,3.94,3.24,9.67,20.89,195.54
L2,L262,ACACME,1.5,,b,1.76625,0.7,3.94,3.24,9.67,20.89,-67.98
L2,L262,ACACME,6.1,,b,29.20985,0.7,3.94,3.24,9.67,20.89,538.116
L2,L262,ACACME,6.6,,b,34.1946,0.7,3.94,3.24,9.67,20.89,603.996
L2,L262,ACACME,1.5,,b,1.76625,0.7,3.94,3.24,9.67,20.89,-67.98
L2,L262,ACACME,3.7,M,M,10.74665,0.6,2.42,1.82,7.67,9.31,221.892
L2,L262,ACACME,3.2,,b,8.0384,0.6,2.42,1.82,7.67,9.31,156.012
L2,L262,ACACME,3.5,,b,9.61625,0.6,2.42,1.82,7.67,9.31,195.54
L2,L262,ACACME,3.3,,b,8.54865,0.6,2.42,1.82,7.67,9.31,169.188
L2,L262,ACACME,9.5,M,M,70.84625,0.8,3.25,2.45,5.26,8.6,986.1
L2,L262,ACACME,8.1,M,M,51.50385,0.7,3.89,3.19,21.59,45.91,801.636
L2,L262,ACACME,7,,b,38.465,0.7,3.89,3.19,21.59,45.91,656.7
L2,L262,ACACME,6.7,,b,35.23865,0.7,3.89,3.19,21.59,45.91,617.172
L2,L262,ACACME,5.6,,b,24.6176,0.7,3.89,3.19,21.59,45.91,472.236
L2,L262,ACACME,6.5,,b,33.16625,0.7,3.89,3.19,21.59,45.91,590.82
L2,L262,ACACME,7.5,,b,44.15625,0.7,3.89,3.19,21.59,45.91,722.58
L2,L263,ACACME,4.5,M,M,15.89625,0.5,2.37,1.87,3.5,4.36,327.3
L2,L263,ACACME,4,,b,12.56,0.5,2.37,1.87,3.5,4.36,261.42
L2,L263,ACACME,3.5,,b,9.61625,0.5,2.37,1.87,3.5,4.36,195.54
L2,L263,ACACME,2.7,,b,5.72265,0.5,2.37,1.87,3.5,4.36,90.132
L2,L263,ACACME,6.7,M,M,35.23865,0.66,2.09,1.43,7.41,7.06,617.172
L2,L263,ACACME,4.9,,b,18.84785,0.66,2.09,1.43,7.41,7.06,380.004
L2,L263,ACACME,3.7,,b,10.74665,0.66,2.09,1.43,7.41,7.06,221.892
L2,L263,ACACME,5.6,,b,24.6176,0.66,2.09,1.43,7.41,7.06,472.236
L2,L263,ACACME,7.7,M,M,46.54265,0.4,1.61,1.21,4.24,3.42,748.932
L2,L263,ACACME,3.5,,b,9.61625,0.4,1.61,1.21,4.24,3.42,195.54
L2,L263,ACACME,2.8,,b,6.1544,0.4,1.61,1.21,4.24,3.42,103.308
L2,L263,ACACME,3.7,,b,10.74665,0.4,1.61,1.21,4.24,3.42,221.892
L2,L263,ACACME,5.6,,b,24.6176,0.4,1.61,1.21,4.24,3.42,472.236
L2,L263,ACACME,13.4,M,M,140.9546,0.1,2.06,1.96,6.21,8.11,1499.964
L2,L263,ACACME,7.9,,b,48.99185,0.1,2.06,1.96,6.21,8.11,775.284
L2,L263,ACACME,4.5,M,M,15.89625,0.7,2.9,2.2,13.82,20.26,327.3
L2,L263,ACACME,2.7,,b,5.72265,0.7,2.9,2.2,13.82,20.26,90.132
L2,L263,ACACME,2.5,,b,4.90625,0.7,2.9,2.2,13.82,20.26,63.78
L2,L263,ACACME,2.8,,b,6.1544,0.7,2.9,2.2,13.82,20.26,103.308
L2,L264,ACACME,7.3,M,M,41.83265,0.5,2.97,2.47,8.42,13.87,696.228
L2,L264,ACACME,4.4,,b,15.1976,0.5,2.97,2.47,8.42,13.87,314.124
L2,L264,ACACME,3.7,,b,10.74665,0.5,2.97,2.47,8.42,13.87,221.892
L2,L264,ACACME,3.5,,b,9.61625,0.5,2.97,2.47,8.42,13.87,195.54
L2,L264,ACACME,12.4,M,M,120.7016,0.9,4.15,3.25,13.46,29.17,1368.204
L2,L264,ACACME,9.5,,b,70.84625,0.9,4.15,3.25,13.46,29.17,986.1
L2,L264,ACACME,7.4,,b,42.9866,0.9,4.15,3.25,13.46,29.17,709.404
L2,L265,ACACME,3.1,M,M,7.54385,0.3,1.32,1.02,2.39,1.62,142.836
L2,L265,ACACME,2.5,,b,4.90625,0.3,1.32,1.02,2.39,1.62,63.78
L2,L265,ACACME,2.6,,b,5.3066,0.3,1.32,1.02,2.39,1.62,76.956
L2,L266,ACACME,8.8,M,M,60.7904,0.8,3.89,3.09,21.74,44.79,893.868
L2,L266,ACACME,7.3,,b,41.83265,0.8,3.89,3.09,21.74,44.79,696.228
L2,L266,ACACME,7.6,,b,45.3416,0.8,3.89,3.09,21.74,44.79,735.756
L2,L266,ACACME,3.7,,b,10.74665,0.8,3.89,3.09,21.74,44.79,221.892
L2,L266,ACACME,4.9,,b,18.84785,0.8,3.89,3.09,21.74,44.79,380.004
L2,L266,ACACME,4.6,,b,16.6106,0.8,3.89,3.09,21.74,44.79,340.476
L2,L266,ACACME,5.3,,b,22.05065,0.8,3.89,3.09,21.74,44.79,432.708
L2,L266,ACACME,6.5,,b,33.16625,0.8,3.89,3.09,21.74,44.79,590.82
L2,L266,ACACME,5.6,M,M,24.6176,0.7,2.79,2.09,3.77,5.25,472.236
L2,L266,ACACME,4.9,,b,18.84785,0.7,2.79,2.09,3.77,5.25,380.004
L2,L266,ACACME,2.7,,b,5.72265,0.7,2.79,2.09,3.77,5.25,90.132
L2,L266,ACACME,2.3,,b,4.15265,0.7,2.79,2.09,3.77,5.25,37.428
L2,L267,ACACME,16.5,M,M,213.71625,0.6,3.59,2.99,7.77,15.49,1908.42
L2,L267,ACACME,10.1,M,M,80.07785,1,3.68,2.68,10.68,19.07,1065.156
L2,L267,ACACME,9.5,,b,70.84625,1,3.68,2.68,10.68,19.07,986.1
L2,L268,ACACME,5.5,M,M,23.74625,0.8,2.31,1.51,5.62,5.65,459.06
L2,L268,ACACME,3.5,,b,9.61625,0.8,2.31,1.51,5.62,5.65,195.54
L2,L268,ACACME,9.5,M,M,70.84625,0.9,3.93,3.03,19,38.37,986.1
L2,L268,ACACME,6.5,,b,33.16625,0.9,3.93,3.03,19,38.37,590.82
L2,L268,ACACME,6.5,,b,33.16625,0.9,3.93,3.03,19,38.37,590.82
L2,L268,ACACME,5.7,,b,25.50465,0.9,3.93,3.03,19,38.37,485.412
L2,L268,ACACME,6.5,M,M,33.16625,0.5,3.85,3.35,8.55,19.09,590.82
L2,L268,ACACME,8,M,M,50.24,0.6,4,3.4,9.8,22.21,788.46
L2,L268,ACACME,7.1,,b,39.57185,0.6,4,3.4,9.8,22.21,669.876
L2,L268,ACACME,6.1,,b,29.20985,0.6,4,3.4,9.8,22.21,538.116
L2,L268,ACACME,8.3,M,M,54.07865,0.8,3.22,2.42,8.16,13.16,827.988
L2,L268,ACACME,6.4,,b,32.1536,0.8,3.22,2.42,8.16,13.16,577.644
L2,L268,ACACME,3.7,,b,10.74665,0.8,3.22,2.42,8.16,13.16,221.892
L2,L268,ACACME,7.1,M,M,39.57185,1,1.88,0.88,1.98,1.16,669.876
L2,L268,ACACME,6.5,,b,33.16625,1,1.88,0.88,1.98,1.16,590.82
L2,L268,ACACME,5.5,,b,23.74625,1,1.88,0.88,1.98,1.16,459.06
L2,L268,ACACME,4.5,,b,15.89625,1,1.88,0.88,1.98,1.16,327.3
L2,L268,ACACME,6.5,M,M,33.16625,0.7,2.79,2.09,2.35,3.27,590.82
L2,L268,ACACME,5.3,,b,22.05065,0.7,2.79,2.09,2.35,3.27,432.708
L2,L268,ACACME,3.7,,b,10.74665,0.7,2.79,2.09,2.35,3.27,221.892
L2,L268,ACACME,4.5,,b,15.89625,0.7,2.79,2.09,2.35,3.27,327.3
L2,L268,ACACME,3.5,M,M,9.61625,0.5,2.35,1.85,1.46,1.8,195.54
L2,L268,ACACME,2.7,,b,5.72265,0.5,2.35,1.85,1.46,1.8,90.132
L2,L268,ACACME,6.2,M,M,30.1754,0.8,3.42,2.62,3.11,5.43,551.292
L2,L268,ACACME,4.9,,b,18.84785,0.8,3.42,2.62,3.11,5.43,380.004
L2,L268,ACACME,3.8,M,M,11.3354,0.5,2.7,2.2,5.63,8.26,235.068
L2,L268,ACACME,3.5,,b,9.61625,0.5,2.7,2.2,5.63,8.26,195.54
L2,L268,ACACME,2,,b,3.14,0.5,2.7,2.2,5.63,8.26,-2.1
L2,L268,ACACME,2.5,,b,4.90625,0.5,2.7,2.2,5.63,8.26,63.78
L2,L268,ACACME,2.7,,b,5.72265,0.5,2.7,2.2,5.63,8.26,90.132
L2,L269,ACACME,6.7,M,M,35.23865,0.7,3.11,2.41,3.33,5.35,617.172
L2,L269,ACACME,5.3,,b,22.05065,0.7,3.11,2.41,3.33,5.35,432.708
L2,L269,ACACME,5.3,,b,22.05065,0.7,3.11,2.41,3.33,5.35,432.708
L2,L269,ACACME,5,,b,19.625,0.7,3.11,2.41,3.33,5.35,393.18
L2,L269,ACACME,3.5,,b,9.61625,0.7,3.11,2.41,3.33,5.35,195.54
L2,L269,ACACME,4.5,,b,15.89625,0.7,3.11,2.41,3.33,5.35,327.3
L2,L269,ACACME,6.7,M,M,35.23865,1.1,3.15,2.05,4.69,6.42,617.172
L2,L269,ACACME,5.5,,b,23.74625,1.1,3.15,2.05,4.69,6.42,459.06
L2,L269,ACACME,4.1,,b,13.19585,1.1,3.15,2.05,4.69,6.42,274.596
L2,L269,ACACME,3.5,,b,9.61625,1.1,3.15,2.05,4.69,6.42,195.54
L2,L269,ACACME,4.5,M,M,15.89625,0.7,2.65,1.95,4.62,6,327.3
L2,L269,ACACME,3.6,,b,10.1736,0.7,2.65,1.95,4.62,6,208.716
L2,L269,ACACME,2.7,,b,5.72265,0.7,2.65,1.95,4.62,6,90.132
L2,L269,ACACME,7.5,M,M,44.15625,0.9,2.76,1.86,4.61,5.72,722.58
L2,L269,ACACME,6.7,,b,35.23865,0.9,2.76,1.86,4.61,5.72,617.172
L2,L269,ACACME,3.5,,b,9.61625,0.9,2.76,1.86,4.61,5.72,195.54
L2,L269,ACACME,7.1,,b,39.57185,0.9,2.76,1.86,4.61,5.72,669.876
L2,L269,ACACME,6.5,,b,33.16625,0.9,2.76,1.86,4.61,5.72,590.82
L2,L269,ACACME,6.5,M,M,33.16625,1,2.57,1.57,5.62,5.88,590.82
L2,L269,ACACME,4.5,,b,15.89625,1,2.57,1.57,5.62,5.88,327.3
L2,L269,ACACME,3.3,,b,8.54865,1,2.57,1.57,5.62,5.88,169.188
L2,L269,ACACME,3.6,M,M,10.1736,0.6,2.35,1.75,4.49,5.24,208.716
L2,L269,ACACME,2.7,,b,5.72265,0.6,2.35,1.75,4.49,5.24,90.132
L2,L269,ACACME,1.5,,b,1.76625,0.6,2.35,1.75,4.49,5.24,-67.98
L2,L269,ACACME,2.5,,b,4.90625,0.6,2.35,1.75,4.49,5.24,63.78
L2,L269,ACACME,7.5,M,M,44.15625,0.8,2.77,1.97,17.51,23,722.58
L2,L269,ACACME,3.5,,b,9.61625,0.8,2.77,1.97,17.51,23,195.54
L2,L269,ACACME,6.5,,b,33.16625,0.8,2.77,1.97,17.51,23,590.82
L2,L269,ACACME,4.4,,b,15.1976,0.8,2.77,1.97,17.51,23,314.124
L2,L269,ACACME,3.2,,b,8.0384,0.8,2.77,1.97,17.51,23,156.012
L2,L269,ACACME,10.5,M,M,86.54625,0.7,2.48,1.78,7.42,8.8,1117.86
L2,L269,ACACME,7.5,,b,44.15625,0.7,2.48,1.78,7.42,8.8,722.58
L2,L269,ACACME,3.6,,b,10.1736,0.7,2.48,1.78,7.42,8.8,208.716
L2,L269,ACACME,5.5,,b,23.74625,0.7,2.48,1.78,7.42,8.8,459.06
L2,L269,ACACME,6.5,,b,33.16625,0.7,2.48,1.78,7.42,8.8,590.82
L2,L269,ACACME,7.5,,b,44.15625,0.7,2.48,1.78,7.42,8.8,722.58
L2,L269,ACACME,6.7,,b,35.23865,0.7,2.48,1.78,7.42,8.8,617.172
L2,L269,ACACME,6.5,M,M,33.16625,0.65,2.5,1.85,3.74,4.62,590.82
L2,L269,ACACME,6.2,,b,30.1754,0.65,2.5,1.85,3.74,4.62,551.292
L2,L269,ACACME,6.3,,b,31.15665,0.65,2.5,1.85,3.74,4.62,564.468
L2,L270,ACACME,7.7,M,M,46.54265,0.6,2.73,2.13,11.4,16.19,748.932
L2,L270,ACACME,4.6,,b,16.6106,0.6,2.73,2.13,11.4,16.19,340.476
L2,L270,ACACME,3.5,,b,9.61625,0.6,2.73,2.13,11.4,16.19,195.54
L2,L270,ACACME,3.5,,b,9.61625,0.6,2.73,2.13,11.4,16.19,195.54
L2,L270,ACACME,4.7,,b,17.34065,0.6,2.73,2.13,11.4,16.19,353.652
L2,L270,ACACME,3.3,,b,8.54865,0.6,2.73,2.13,11.4,16.19,169.188
L2,L270,ACACME,4.5,M,M,15.89625,0.6,2.45,1.85,5.51,6.8,327.3
L2,L270,ACACME,3.4,,b,9.0746,0.6,2.45,1.85,5.51,6.8,182.364
L2,L270,ACACME,2.5,,b,4.90625,0.6,2.45,1.85,5.51,6.8,63.78
L2,L270,ACACME,3,,b,7.065,0.6,2.45,1.85,5.51,6.8,129.66
L2,L270,ACACME,11.6,M,M,105.6296,0.5,3.3,2.8,7.51,14.02,1262.796
L2,L270,ACACME,10.5,,b,86.54625,0.5,3.3,2.8,7.51,14.02,1117.86
L2,L270,ACACME,8.5,,b,56.71625,0.5,3.3,2.8,7.51,14.02,854.34
L2,L270,ACACME,9.3,,b,67.89465,0.5,3.3,2.8,7.51,14.02,959.748
L2,L270,ACACME,4.7,M,M,17.34065,0.8,2.04,1.24,7.61,6.29,353.652
L2,L270,ACACME,3.3,,b,8.54865,0.8,2.04,1.24,7.61,6.29,169.188
L2,L270,ACACME,3.6,,b,10.1736,0.8,2.04,1.24,7.61,6.29,208.716
L2,L270,ACACME,4,,b,12.56,0.8,2.04,1.24,7.61,6.29,261.42
L2,L270,ACACME,7.1,M,M,39.57185,0.4,2.33,1.93,4.2,5.41,669.876
L2,L270,ACACME,6.3,,b,31.15665,0.4,2.33,1.93,4.2,5.41,564.468
L2,L270,ACACME,3.5,,b,9.61625,0.4,2.33,1.93,4.2,5.41,195.54
L2,L270,ACACME,8.7,M,M,59.41665,1.1,3.45,2.35,14.34,22.47,880.692
L2,L270,ACACME,7.1,,b,39.57185,1.1,3.45,2.35,14.34,22.47,669.876
L2,L270,ACACME,6.5,M,M,33.16625,0.8,2.92,2.12,7.41,10.47,590.82
L2,L270,ACACME,2.8,,b,6.1544,0.8,2.92,2.12,7.41,10.47,103.308
L2,L270,ACACME,4.3,,b,14.51465,0.8,2.92,2.12,7.41,10.47,300.948
L2,L270,ACACME,2.5,,b,4.90625,0.8,2.92,2.12,7.41,10.47,63.78
L2,L270,ACACME,9.5,M,M,70.84625,0.9,3.33,2.43,18.1,29.32,986.1
L2,L270,ACACME,6.7,,b,35.23865,0.9,3.33,2.43,18.1,29.32,617.172
L2,L270,ACACME,7.7,,b,46.54265,0.9,3.33,2.43,18.1,29.32,748.932
L2,L270,ACACME,6.5,,b,33.16625,0.9,3.33,2.43,18.1,29.32,590.82
L2,L270,ACACME,3.5,,b,9.61625,0.9,3.33,2.43,18.1,29.32,195.54
L2,L270,ACACME,5.5,M,M,23.74625,0.6,2.77,2.17,6.37,9.22,459.06
L2,L270,ACACME,4.3,,b,14.51465,0.6,2.77,2.17,6.37,9.22,300.948
L2,L270,ACACME,3.5,,b,9.61625,0.6,2.77,2.17,6.37,9.22,195.54
L2,L270,ACACME,2.8,,b,6.1544,0.6,2.77,2.17,6.37,9.22,103.308
L2,L270,ACACME,8.5,M,M,56.71625,0.8,2.29,1.49,11.43,11.35,854.34
L2,L270,ACACME,6.3,,b,31.15665,0.8,2.29,1.49,11.43,11.35,564.468
L2,L270,ACACME,4.4,,b,15.1976,0.8,2.29,1.49,11.43,11.35,314.124
L2,L270,ACACME,7.5,,b,44.15625,0.8,2.29,1.49,11.43,11.35,722.58
L2,L270,ACACME,4.7,,b,17.34065,0.8,2.29,1.49,11.43,11.35,353.652
L2,L270,ACACME,3.5,,b,9.61625,0.8,2.29,1.49,11.43,11.35,195.54
L2,L271,ACACME,11.7,M,M,107.45865,0.8,3.89,3.09,16.23,33.44,1275.972
L2,L271,ACACME,10.5,,b,86.54625,0.8,3.89,3.09,16.23,33.44,1117.86
L2,L271,ACACME,3.2,,b,8.0384,0.8,3.89,3.09,16.23,33.44,156.012
L2,L271,ACACME,3.5,M,M,9.61625,0.8,2.45,1.65,3.79,4.17,195.54
L2,L271,ACACME,3.2,,b,8.0384,0.8,2.45,1.65,3.79,4.17,156.012
L2,L271,ACACME,2.5,,b,4.90625,0.8,2.45,1.65,3.79,4.17,63.78
L2,L271,ACACME,4.3,M,M,14.51465,0.4,2.57,2.17,9.8,14.17,300.948
L2,L271,ACACME,3.5,,b,9.61625,0.4,2.57,2.17,9.8,14.17,195.54
L2,L271,ACACME,4.1,,b,13.19585,0.4,2.57,2.17,9.8,14.17,274.596
L2,L271,ACACME,3.2,,b,8.0384,0.4,2.57,2.17,9.8,14.17,156.012
L2,L271,ACACME,3.7,M,M,10.74665,1.1,2.03,0.93,4.06,2.52,221.892
L2,L271,ACACME,3.4,,b,9.0746,1.1,2.03,0.93,4.06,2.52,182.364
L2,L271,ACACME,7.5,M,M,44.15625,1.22,4.24,3.02,11.91,23.98,722.58
L2,L271,ACACME,6.3,,b,31.15665,1.22,4.24,3.02,11.91,23.98,564.468
L2,L271,ACACME,7.1,,b,39.57185,1.22,4.24,3.02,11.91,23.98,669.876
L2,L271,ACACME,4.7,M,M,17.34065,0.9,2.22,1.32,4.33,3.81,353.652
L2,L271,ACACME,4.5,,b,15.89625,0.9,2.22,1.32,4.33,3.81,327.3
L2,L271,ACACME,3.2,,b,8.0384,0.9,2.22,1.32,4.33,3.81,156.012
L2,L271,ACACME,5.5,M,M,23.74625,0.8,2.46,1.66,4.12,4.56,459.06
L2,L271,ACACME,4.5,,b,15.89625,0.8,2.46,1.66,4.12,4.56,327.3
L2,L271,ACACME,2.7,,b,5.72265,0.8,2.46,1.66,4.12,4.56,90.132
L2,L272,ACACME,4.7,M,M,17.34065,0.8,2.35,1.55,4.24,4.38,353.652
L2,L272,ACACME,2.7,,b,5.72265,0.8,2.35,1.55,4.24,4.38,90.132
L2,L272,ACACME,1.5,,b,1.76625,0.8,2.35,1.55,4.24,4.38,-67.98
L2,L272,ACACME,6.7,M,M,35.23865,0.4,3.52,3.12,15.53,32.3,617.172
L2,L272,ACACME,5.7,,b,25.50465,0.4,3.52,3.12,15.53,32.3,485.412
L2,L272,ACACME,4.5,,b,15.89625,0.4,3.52,3.12,15.53,32.3,327.3
L2,L272,ACACME,5.3,,b,22.05065,0.4,3.52,3.12,15.53,32.3,432.708
L2,L272,ACACME,4.1,,b,13.19585,0.4,3.52,3.12,15.53,32.3,274.596
L2,L272,ACACME,3.7,,b,10.74665,0.4,3.52,3.12,15.53,32.3,221.892
L2,L272,ACACME,5.3,M,M,22.05065,0.9,2.93,2.03,6.99,9.47,432.708
L2,L272,ACACME,5,,b,19.625,0.9,2.93,2.03,6.99,9.47,393.18
L2,L272,ACACME,4.3,,b,14.51465,0.9,2.93,2.03,6.99,9.47,300.948
L2,L272,ACACME,3,M,M,7.065,0.5,1.57,1.07,2.67,1.9,129.66
L2,L272,ACACME,2.6,,b,5.3066,0.5,1.57,1.07,2.67,1.9,76.956
L2,L272,ACACME,1.7,,b,2.26865,0.5,1.57,1.07,2.67,1.9,-41.628
L2,L272,ACACME,2.8,,b,6.1544,0.5,1.57,1.07,2.67,1.9,103.308
L2,L272,ACACME,2.3,,b,4.15265,0.5,1.57,1.07,2.67,1.9,37.428
L2,L272,ACACME,4.7,M,M,17.34065,0.1,1.93,1.83,3.64,4.44,353.652
L2,L272,ACACME,2.5,,b,4.90625,0.1,1.93,1.83,3.64,4.44,63.78
L2,L272,ACACME,8.3,M,M,54.07865,0.4,3.85,3.45,20.36,46.83,827.988
L2,L272,ACACME,6.6,,b,34.1946,0.4,3.85,3.45,20.36,46.83,603.996
L2,L272,ACACME,5.1,,b,20.41785,0.4,3.85,3.45,20.36,46.83,406.356
L2,L272,ACACME,5.5,,b,23.74625,0.4,3.85,3.45,20.36,46.83,459.06
L2,L272,ACACME,6.7,,b,35.23865,0.4,3.85,3.45,20.36,46.83,617.172
L2,L272,ACACME,6.7,,b,35.23865,0.4,3.85,3.45,20.36,46.83,617.172
L2,L272,ACACME,6.2,,b,30.1754,0.4,3.85,3.45,20.36,46.83,551.292
L2,L272,ACACME,7.7,M,M,46.54265,0.56,4.18,3.62,28.74,69.35,748.932
L2,L272,ACACME,6,,b,28.26,0.56,4.18,3.62,28.74,69.35,524.94
L2,L272,ACACME,6.9,,b,37.37385,0.56,4.18,3.62,28.74,69.35,643.524
L2,L272,ACACME,6.7,,b,35.23865,0.56,4.18,3.62,28.74,69.35,617.172
L2,L272,ACACME,5.2,,b,21.2264,0.56,4.18,3.62,28.74,69.35,419.532
L2,L272,ACACME,4.1,,b,13.19585,0.56,4.18,3.62,28.74,69.35,274.596
L2,L272,ACACME,12.3,M,M,118.76265,1.1,4.83,3.73,29.05,72.24,1355.028
L2,L272,ACACME,9.5,,b,70.84625,1.1,4.83,3.73,29.05,72.24,986.1
L2,L272,ACACME,9.7,,b,73.86065,1.1,4.83,3.73,29.05,72.24,1012.452
L2,L272,ACACME,6.9,,b,37.37385,1.1,4.83,3.73,29.05,72.24,643.524
L2,L272,ACACME,7.7,,b,46.54265,1.1,4.83,3.73,29.05,72.24,748.932
L2,L272,ACACME,4.3,,b,14.51465,1.1,4.83,3.73,29.05,72.24,300.948
L2,L273,ACACME,8.5,M,M,56.71625,1,3.37,2.37,16.53,26.12,854.34
L2,L273,ACACME,5.7,,b,25.50465,1,3.37,2.37,16.53,26.12,485.412
L2,L273,ACACME,4.6,,b,16.6106,1,3.37,2.37,16.53,26.12,340.476
L2,L273,ACACME,6.5,,b,33.16625,1,3.37,2.37,16.53,26.12,590.82
L2,L273,ACACME,5.3,,b,22.05065,1,3.37,2.37,16.53,26.12,432.708
L2,L273,ACACME,6.3,M,M,31.15665,0.7,2.81,2.11,8.33,11.71,564.468
L2,L273,ACACME,5.4,,b,22.8906,0.7,2.81,2.11,8.33,11.71,445.884
L2,L273,ACACME,2.5,,b,4.90625,0.7,2.81,2.11,8.33,11.71,63.78
L2,L273,ACACME,3.5,,b,9.61625,0.7,2.81,2.11,8.33,11.71,195.54
L2,L273,ACACME,2.7,,b,5.72265,0.7,2.81,2.11,8.33,11.71,90.132
L2,L273,ACACME,1.5,,b,1.76625,0.7,2.81,2.11,8.33,11.71,-67.98
L2,L273,ACACME,8.5,M,M,56.71625,0.9,2.91,2.01,10.52,14.1,854.34
L2,L273,ACACME,6.5,,b,33.16625,0.9,2.91,2.01,10.52,14.1,590.82
L2,L273,ACACME,7.3,,b,41.83265,0.9,2.91,2.01,10.52,14.1,696.228
L2,L273,ACACME,4.5,,b,15.89625,0.9,2.91,2.01,10.52,14.1,327.3
L2,L273,ACACME,3.5,M,M,9.61625,0.8,1.9,1.1,5.03,3.69,195.54
L2,L273,ACACME,3,,b,7.065,0.8,1.9,1.1,5.03,3.69,129.66
L2,L273,ACACME,2.7,,b,5.72265,0.8,1.9,1.1,5.03,3.69,90.132
L2,L273,ACACME,1.8,,b,2.5434,0.8,1.9,1.1,5.03,3.69,-28.452
L2,L273,ACACME,10.4,M,M,84.9056,0.7,2.84,2.14,6.57,9.37,1104.684
L2,L273,ACACME,8.1,,b,51.50385,0.7,2.84,2.14,6.57,9.37,801.636
L2,L273,ACACME,7.1,,b,39.57185,0.7,2.84,2.14,6.57,9.37,669.876
L2,L273,ACACME,6.5,,b,33.16625,0.7,2.84,2.14,6.57,9.37,590.82
L2,L273,ACACME,8.5,M,M,56.71625,1,2.86,1.86,13.84,17.16,854.34
L2,L273,ACACME,8.5,,b,56.71625,1,2.86,1.86,13.84,17.16,854.34
L2,L273,ACACME,6.3,,b,31.15665,1,2.86,1.86,13.84,17.16,564.468
L2,L273,ACACME,3.5,,b,9.61625,1,2.86,1.86,13.84,17.16,195.54
L2,L273,ACACME,3.7,M,M,10.74665,0.8,1.78,0.98,4.14,2.71,221.892
L2,L273,ACACME,3.2,,b,8.0384,0.8,1.78,0.98,4.14,2.71,156.012
L2,L273,ACACME,2.5,,b,4.90625,0.8,1.78,0.98,4.14,2.71,63.78
L2,L273,ACACME,2.7,,b,5.72265,0.8,1.78,0.98,4.14,2.71,90.132
L2,L273,ACACME,1.6,,b,2.0096,0.8,1.78,0.98,4.14,2.71,-54.804
L2,L273,ACACME,2.9,,b,6.60185,0.8,1.78,0.98,4.14,2.71,116.484
L2,L273,ACACME,7.6,M,M,45.3416,0.7,3.18,2.48,9.66,15.96,735.756
L2,L273,ACACME,5.6,,b,24.6176,0.7,3.18,2.48,9.66,15.96,472.236
L2,L273,ACACME,4.6,,b,16.6106,0.7,3.18,2.48,9.66,15.96,340.476
L2,L273,ACACME,5.9,,b,27.32585,0.7,3.18,2.48,9.66,15.96,511.764
L2,L273,ACACME,2.7,,b,5.72265,0.7,3.18,2.48,9.66,15.96,90.132
L2,L274,ACACME,7.3,M,M,41.83265,1,2.45,1.45,5.46,5.28,696.228
L2,L274,ACACME,7.1,M,M,39.57185,0.9,3.39,2.49,13.65,22.66,669.876
L2,L274,ACACME,6.5,,b,33.16625,0.9,3.39,2.49,13.65,22.66,590.82
L2,L274,ACACME,6.7,,b,35.23865,0.9,3.39,2.49,13.65,22.66,617.172
L2,L274,ACACME,5.3,,b,22.05065,0.9,3.39,2.49,13.65,22.66,432.708
L2,L274,ACACME,6.7,M,M,35.23865,0.7,3.02,2.32,8.38,12.96,617.172
L2,L274,ACACME,5.7,,b,25.50465,0.7,3.02,2.32,8.38,12.96,485.412
L2,L274,ACACME,5.3,,b,22.05065,0.7,3.02,2.32,8.38,12.96,432.708
L2,L274,ACACME,5.5,,b,23.74625,0.7,3.02,2.32,8.38,12.96,459.06
L2,L274,ACACME,3.5,,b,9.61625,0.7,3.02,2.32,8.38,12.96,195.54
L2,L274,ACACME,4.5,,b,15.89625,0.7,3.02,2.32,8.38,12.96,327.3
L2,L274,ACACME,5.6,,b,24.6176,0.7,3.02,2.32,8.38,12.96,472.236
L2,L274,ACACME,6.4,M,M,32.1536,0.9,3.39,2.49,8.8,14.6,577.644
L2,L274,ACACME,6.3,,b,31.15665,0.9,3.39,2.49,8.8,14.6,564.468
L2,L274,ACACME,6,,b,28.26,0.9,3.39,2.49,8.8,14.6,524.94
L2,L274,ACACME,5.3,,b,22.05065,0.9,3.39,2.49,8.8,14.6,432.708
L2,L274,ACACME,4.3,,b,14.51465,0.9,3.39,2.49,8.8,14.6,300.948
L2,L274,ACACME,10.3,M,M,83.28065,0.8,4.58,3.78,10.88,27.42,1091.508
L2,L274,ACACME,4.5,,b,15.89625,0.8,4.58,3.78,10.88,27.42,327.3
L2,L274,ACACME,5,,b,19.625,0.8,4.58,3.78,10.88,27.42,393.18
L2,L274,ACACME,6.5,,b,33.16625,0.8,4.58,3.78,10.88,27.42,590.82
L2,L274,ACACME,5.5,,b,23.74625,0.8,4.58,3.78,10.88,27.42,459.06
L2,L274,ACACME,8.6,M,M,58.0586,0.6,3.96,3.36,8.86,19.85,867.516
L2,L274,ACACME,5.3,,b,22.05065,0.6,3.96,3.36,8.86,19.85,432.708
L2,L274,ACACME,7.9,M,M,48.99185,0.9,4.29,3.39,9.15,20.69,775.284
L2,L274,ACACME,7.5,,b,44.15625,0.9,4.29,3.39,9.15,20.69,722.58
L2,L274,ACACME,7.7,,b,46.54265,0.9,4.29,3.39,9.15,20.69,748.932
L2,L274,ACACME,4.2,,b,13.8474,0.9,4.29,3.39,9.15,20.69,287.772
L2,L274,ACACME,8.3,M,M,54.07865,0.7,3.63,2.93,11.33,22.13,827.988
L2,L274,ACACME,8.1,,b,51.50385,0.7,3.63,2.93,11.33,22.13,801.636
L2,L274,ACACME,5.7,M,M,25.50465,0.6,2.67,2.07,2.63,3.62,485.412
L2,L274,ACACME,1.5,,b,1.76625,0.6,2.67,2.07,2.63,3.62,-67.98
L2,L274,ACACME,9.6,M,M,72.3456,0.7,3.51,2.81,8.77,16.43,999.276
L3,L301,ACACME,1.5,M,M,1.76625,0.13,0.95,0.82,1.33,0.73,-67.98
L3,L301,ACACME,1.3,,b,1.32665,0.13,0.95,0.82,1.33,0.73,-94.332
L3,L301,ACACME,1.3,,b,1.32665,0.13,0.95,0.82,1.33,0.73,-94.332
L3,L301,ACACME,1.1,,b,0.94985,0.13,0.95,0.82,1.33,0.73,-120.684
L3,L301,ACACME,11.5,M,M,103.81625,0.55,3.35,2.8,17.71,33.06,1249.62
L3,L301,ACACME,8.5,,b,56.71625,0.55,3.35,2.8,17.71,33.06,854.34
L3,L301,ACACME,4.2,M,M,13.8474,0.02,2.21,2.19,4.39,6.4,287.772
L3,L301,ACACME,2.1,,b,3.46185,0.02,2.21,2.19,4.39,6.4,11.076
L3,L301,ACACME,7.11,M,M,39.6833985,1.15,3.35,2.2,10.74,15.75,671.1936
L3,L301,ACACME,6,,b,28.26,1.15,3.35,2.2,10.74,15.75,524.94
L3,L301,ACACME,5.9,,b,27.32585,1.15,3.35,2.2,10.74,15.75,511.764
L3,L301,ACACME,6.5,M,M,33.16625,0.05,2.99,2.94,6.4,12.55,590.82
L3,L301,ACACME,5.3,,b,22.05065,0.05,2.99,2.94,6.4,12.55,432.708
L3,L301,ACACME,6.2,,b,30.1754,0.05,2.99,2.94,6.4,12.55,551.292
L3,L301,ACACME,4.5,,b,15.89625,0.05,2.99,2.94,6.4,12.55,327.3
L3,L301,ACACME,4.5,,b,15.89625,0.05,2.99,2.94,6.4,12.55,327.3
L3,L301,ACACME,5.3,M,M,22.05065,0.2,2.24,2.04,6.66,9.06,432.708
L3,L301,ACACME,3.3,,b,8.54865,0.2,2.24,2.04,6.66,9.06,169.188
L3,L301,ACACME,2.5,,b,4.90625,0.2,2.24,2.04,6.66,9.06,63.78
L3,L301,ACACME,2.7,,b,5.72265,0.2,2.24,2.04,6.66,9.06,90.132
L3,L301,ACACME,3.3,,b,8.54865,0.2,2.24,2.04,6.66,9.06,169.188
L3,L302,ACACME,7.5,M,M,44.15625,1.06,3.47,2.41,10.19,16.38,722.58
L3,L302,ACACME,6.5,,b,33.16625,1.06,3.47,2.41,10.19,16.38,590.82
L3,L302,ACACME,4.1,,b,13.19585,1.06,3.47,2.41,10.19,16.38,274.596
L3,L302,ACACME,4.4,,b,15.1976,1.06,3.47,2.41,10.19,16.38,314.124
L3,L302,ACACME,3.1,,b,7.54385,1.06,3.47,2.41,10.19,16.38,142.836
L3,L302,ACACME,5.4,M,M,22.8906,1.05,2.63,1.58,12.43,13.1,445.884
L3,L302,ACACME,5,,b,19.625,1.05,2.63,1.58,12.43,13.1,393.18
L3,L302,ACACME,2.9,,b,6.60185,1.05,2.63,1.58,12.43,13.1,116.484
L3,L302,ACACME,4.5,,b,15.89625,1.05,2.63,1.58,12.43,13.1,327.3
L3,L302,ACACME,3.7,,b,10.74665,1.05,2.63,1.58,12.43,13.1,221.892
L3,L302,ACACME,3,,b,7.065,1.05,2.63,1.58,12.43,13.1,129.66
L3,L302,ACACME,2.6,,b,5.3066,1.05,2.63,1.58,12.43,13.1,76.956
L3,L302,ACACME,10.5,M,M,86.54625,1.1,4,2.9,23.82,46.06,1117.86
L3,L302,ACACME,7.7,,b,46.54265,1.1,4,2.9,23.82,46.06,748.932
L3,L302,ACACME,7.8,,b,47.7594,1.1,4,2.9,23.82,46.06,762.108
L3,L302,ACACME,7.1,,b,39.57185,1.1,4,2.9,23.82,46.06,669.876
L3,L302,ACACME,6.5,,b,33.16625,1.1,4,2.9,23.82,46.06,590.82
L3,L302,ACACME,6,,b,28.26,1.1,4,2.9,23.82,46.06,524.94
L3,L302,ACACME,3.7,,b,10.74665,1.1,4,2.9,23.82,46.06,221.892
L3,L302,ACACME,7.2,,b,40.6944,1.1,4,2.9,23.82,46.06,683.052
L3,L302,ACACME,15,M,M,176.625,1.15,5.28,4.13,16.59,45.69,1710.78
L3,L302,ACACME,9.6,,b,72.3456,1.15,5.28,4.13,16.59,45.69,999.276
L3,L302,ACACME,13.5,,b,143.06625,1.15,5.28,4.13,16.59,45.69,1513.14
L3,L302,ACACME,6.2,M,M,30.1754,1.2,2.25,1.05,5.22,3.65,551.292
L3,L302,ACACME,3.8,,b,11.3354,1.2,2.25,1.05,5.22,3.65,235.068
L3,L302,ACACME,4.2,,b,13.8474,1.2,2.25,1.05,5.22,3.65,287.772
L3,L302,ACACME,3.2,,b,8.0384,1.2,2.25,1.05,5.22,3.65,156.012
L3,L302,ACACME,5.2,M,M,21.2264,1.22,2.41,1.19,8.52,6.76,419.532
L3,L302,ACACME,3.5,,b,9.61625,1.22,2.41,1.19,8.52,6.76,195.54
L3,L302,ACACME,2.5,,b,4.90625,1.22,2.41,1.19,8.52,6.76,63.78
L3,L302,ACACME,1.8,,b,2.5434,1.22,2.41,1.19,8.52,6.76,-28.452
L3,L303,ACACME,7.9,M,M,48.99185,0.6,3.2,2.6,14.84,25.72,775.284
L3,L303,ACACME,5.5,,b,23.74625,0.6,3.2,2.6,14.84,25.72,459.06
L3,L303,ACACME,4.9,,b,18.84785,0.6,3.2,2.6,14.84,25.72,380.004
L3,L303,ACACME,5.8,,b,26.4074,0.6,3.2,2.6,14.84,25.72,498.588
L3,L303,ACACME,3.4,,b,9.0746,0.6,3.2,2.6,14.84,25.72,182.364
L3,L303,ACACME,4.6,,b,16.6106,0.6,3.2,2.6,14.84,25.72,340.476
L3,L303,ACACME,3.5,,b,9.61625,0.6,3.2,2.6,14.84,25.72,195.54
L3,L303,ACACME,2.9,M,M,6.60185,0.4,1.54,1.14,0.91,0.69,116.484
L3,L303,ACACME,2.5,,b,4.90625,0.4,1.54,1.14,0.91,0.69,63.78
L3,L303,ACACME,2.3,,b,4.15265,0.4,1.54,1.14,0.91,0.69,37.428
L3,L303,ACACME,2,,b,3.14,0.4,1.54,1.14,0.91,0.69,-2.1
L3,L303,ACACME,1.9,,b,2.83385,0.4,1.54,1.14,0.91,0.69,-15.276
L3,L303,ACACME,1.5,,b,1.76625,0.4,1.54,1.14,0.91,0.69,-67.98
L3,L303,ACACME,5.4,M,M,22.8906,0.9,2.83,1.93,4.33,5.57,445.884
L3,L303,ACACME,4.5,,b,15.89625,0.9,2.83,1.93,4.33,5.57,327.3
L3,L303,ACACME,10.4,M,M,84.9056,0.8,4,3.2,12.58,26.84,1104.684
L3,L303,ACACME,5.3,,b,22.05065,0.8,4,3.2,12.58,26.84,432.708
L3,L303,ACACME,10,,b,78.5,0.8,4,3.2,12.58,26.84,1051.98
L3,L303,ACACME,9.5,,b,70.84625,0.8,4,3.2,12.58,26.84,986.1
L3,L303,ACACME,11.5,M,M,103.81625,0.74,3.83,3.09,22.94,47.26,1249.62
L3,L303,ACACME,8.5,,b,56.71625,0.74,3.83,3.09,22.94,47.26,854.34
L3,L303,ACACME,6.5,,b,33.16625,0.74,3.83,3.09,22.94,47.26,590.82
L3,L303,ACACME,4.5,,b,15.89625,0.74,3.83,3.09,22.94,47.26,327.3
L3,L303,ACACME,7.5,,b,44.15625,0.74,3.83,3.09,22.94,47.26,722.58
L3,L303,ACACME,2.7,,b,5.72265,0.74,3.83,3.09,22.94,47.26,90.132
L3,L303,ACACME,2.5,,b,4.90625,0.74,3.83,3.09,22.94,47.26,63.78
L3,L303,ACACME,1.9,,b,2.83385,0.74,3.83,3.09,22.94,47.26,-15.276
L3,L303,ACACME,10.5,M,M,86.54625,1.02,3.44,2.42,10.44,16.84,1117.86
L3,L303,ACACME,5.5,,b,23.74625,1.02,3.44,2.42,10.44,16.84,459.06
L3,L303,ACACME,6.5,,b,33.16625,1.02,3.44,2.42,10.44,16.84,590.82
L3,L303,ACACME,7.1,,b,39.57185,1.02,3.44,2.42,10.44,16.84,669.876
L3,L303,ACACME,7.5,,b,44.15625,1.02,3.44,2.42,10.44,16.84,722.58
L3,L303,ACACME,7.3,,b,41.83265,1.02,3.44,2.42,10.44,16.84,696.228
L3,L303,ACACME,5.6,M,M,24.6176,0.98,3.92,2.94,8.64,16.92,472.236
L3,L303,ACACME,4.1,,b,13.19585,0.98,3.92,2.94,8.64,16.92,274.596
L3,L303,ACACME,2.5,,b,4.90625,0.98,3.92,2.94,8.64,16.92,63.78
L3,L303,ACACME,3.4,,b,9.0746,0.98,3.92,2.94,8.64,16.92,182.364
L3,L304,ACACME,5.4,M,M,22.8906,0.9,2.67,1.77,6.48,7.64,445.884
L3,L304,ACACME,4.5,,b,15.89625,0.9,2.67,1.77,6.48,7.64,327.3
L3,L304,ACACME,2.5,,b,4.90625,0.9,2.67,1.77,6.48,7.64,63.78
L3,L304,ACACME,2.8,,b,6.1544,0.9,2.67,1.77,6.48,7.64,103.308
L3,L304,ACACME,1.7,,b,2.26865,0.9,2.67,1.77,6.48,7.64,-41.628
L3,L304,ACACME,4.5,M,M,15.89625,0.75,2.41,1.66,5.85,6.47,327.3
L3,L304,ACACME,3.5,,b,9.61625,0.75,2.41,1.66,5.85,6.47,195.54
L3,L304,ACACME,3.2,,b,8.0384,0.75,2.41,1.66,5.85,6.47,156.012
L3,L304,ACACME,4.1,,b,13.19585,0.75,2.41,1.66,5.85,6.47,274.596
L3,L304,ACACME,2.2,,b,3.7994,0.75,2.41,1.66,5.85,6.47,24.252
L3,L304,ACACME,1.7,,b,2.26865,0.75,2.41,1.66,5.85,6.47,-41.628
L3,L304,ACACME,1.5,,b,1.76625,0.75,2.41,1.66,5.85,6.47,-67.98
L3,L304,ACACME,4.5,M,M,15.89625,0.85,2.3,1.45,5.91,5.71,327.3
L3,L304,ACACME,4.3,,b,14.51465,0.85,2.3,1.45,5.91,5.71,300.948
L3,L304,ACACME,3.5,,b,9.61625,0.85,2.3,1.45,5.91,5.71,195.54
L3,L304,ACACME,2.7,,b,5.72265,0.85,2.3,1.45,5.91,5.71,90.132
L3,L304,ACACME,1.7,,b,2.26865,0.85,2.3,1.45,5.91,5.71,-41.628
L3,L304,ACACME,6.3,M,M,31.15665,0.7,2.04,1.34,1.89,1.69,564.468
L3,L304,ACACME,5.2,,b,21.2264,0.7,2.04,1.34,1.89,1.69,419.532
L3,L304,ACACME,4.9,,b,18.84785,0.7,2.04,1.34,1.89,1.69,380.004
L3,L304,ACACME,2.6,M,M,5.3066,0.5,1.55,1.05,1.83,1.28,76.956
L3,L304,ACACME,2.4,,b,4.5216,0.5,1.55,1.05,1.83,1.28,50.604
L3,L304,ACACME,1.7,,b,2.26865,0.5,1.55,1.05,1.83,1.28,-41.628
L3,L304,ACACME,2,,b,3.14,0.5,1.55,1.05,1.83,1.28,-2.1
L3,L304,ACACME,4.5,M,M,15.89625,0.6,2.06,1.46,5.02,4.89,327.3
L3,L304,ACACME,3.7,,b,10.74665,0.6,2.06,1.46,5.02,4.89,221.892
L3,L304,ACACME,3.2,,b,8.0384,0.6,2.06,1.46,5.02,4.89,156.012
L3,L304,ACACME,2.5,,b,4.90625,0.6,2.06,1.46,5.02,4.89,63.78
L3,L304,ACACME,3,,b,7.065,0.6,2.06,1.46,5.02,4.89,129.66
L3,L304,ACACME,2.4,,b,4.5216,0.6,2.06,1.46,5.02,4.89,50.604
L3,L304,ACACME,2.8,,b,6.1544,0.6,2.06,1.46,5.02,4.89,103.308
L3,L304,ACACME,6.7,M,M,35.23865,0.7,1.66,0.96,1.98,1.27,617.172
L3,L304,ACACME,5.5,,b,23.74625,0.7,1.66,0.96,1.98,1.27,459.06
L3,L304,ACACME,3,,b,7.065,0.7,1.66,0.96,1.98,1.27,129.66
L3,L304,ACACME,2.5,,b,4.90625,0.7,1.66,0.96,1.98,1.27,63.78
L3,L304,ACACME,1.9,,b,2.83385,0.7,1.66,0.96,1.98,1.27,-15.276
L3,L304,ACACME,6.3,M,M,31.15665,0.8,3.23,2.43,9.08,14.71,564.468
L3,L304,ACACME,4.5,,b,15.89625,0.8,3.23,2.43,9.08,14.71,327.3
L3,L304,ACACME,4.7,,b,17.34065,0.8,3.23,2.43,9.08,14.71,353.652
L3,L304,ACACME,3.3,,b,8.54865,0.8,3.23,2.43,9.08,14.71,169.188
L3,L304,ACACME,11.3,M,M,100.23665,0.86,4.12,3.26,30.03,65.27,1223.268
L3,L304,ACACME,9.5,,b,70.84625,0.86,4.12,3.26,30.03,65.27,986.1
L3,L304,ACACME,9.9,,b,76.93785,0.86,4.12,3.26,30.03,65.27,1038.804
L3,L304,ACACME,4.5,,b,15.89625,0.86,4.12,3.26,30.03,65.27,327.3
L3,L304,ACACME,3.8,,b,11.3354,0.86,4.12,3.26,30.03,65.27,235.068
L3,L304,ACACME,5.3,,b,22.05065,0.86,4.12,3.26,30.03,65.27,432.708
L3,L304,ACACME,8.5,M,M,56.71625,0.9,2.95,2.05,8.36,11.43,854.34
L3,L304,ACACME,7.9,,b,48.99185,0.9,2.95,2.05,8.36,11.43,775.284
L3,L304,ACACME,4.9,,b,18.84785,0.9,2.95,2.05,8.36,11.43,380.004
L3,L304,ACACME,6.1,,b,29.20985,0.9,2.95,2.05,8.36,11.43,538.116
L3,L305,ACACME,4.5,M,M,15.89625,0.88,2.57,1.69,9.64,10.87,327.3
L3,L305,ACACME,3.9,,b,11.93985,0.88,2.57,1.69,9.64,10.87,248.244
L3,L305,ACACME,3.5,,b,9.61625,0.88,2.57,1.69,9.64,10.87,195.54
L3,L305,ACACME,3.2,,b,8.0384,0.88,2.57,1.69,9.64,10.87,156.012
L3,L305,ACACME,4.9,,b,18.84785,0.88,2.57,1.69,9.64,10.87,380.004
L3,L305,ACACME,7.7,M,M,46.54265,0.9,3.36,2.46,6.51,10.68,748.932
L3,L305,ACACME,6.5,,b,33.16625,0.9,3.36,2.46,6.51,10.68,590.82
L3,L305,ACACME,7.2,,b,40.6944,0.9,3.36,2.46,6.51,10.68,683.052
L3,L305,ACACME,6.6,,b,34.1946,0.9,3.36,2.46,6.51,10.68,603.996
L3,L305,ACACME,6.5,,b,33.16625,0.9,3.36,2.46,6.51,10.68,590.82
L3,L305,ACACME,5.8,,b,26.4074,0.9,3.36,2.46,6.51,10.68,498.588
L3,L305,ACACME,4.4,,b,15.1976,0.9,3.36,2.46,6.51,10.68,314.124
L3,L305,ACACME,5.8,,b,26.4074,0.9,3.36,2.46,6.51,10.68,498.588
L3,L305,ACACME,6,M,M,28.26,0.96,3.01,2.05,15.27,20.88,524.94
L3,L305,ACACME,4.3,,b,14.51465,0.96,3.01,2.05,15.27,20.88,300.948
L3,L305,ACACME,3.2,,b,8.0384,0.96,3.01,2.05,15.27,20.88,156.012
L3,L305,ACACME,4.4,,b,15.1976,0.96,3.01,2.05,15.27,20.88,314.124
L3,L305,ACACME,4,,b,12.56,0.96,3.01,2.05,15.27,20.88,261.42
L3,L305,ACACME,4.6,M,M,16.6106,0.77,3.19,2.42,10.64,17.16,340.476
L3,L305,ACACME,4.4,,b,15.1976,0.77,3.19,2.42,10.64,17.16,314.124
L3,L305,ACACME,4.4,,b,15.1976,0.77,3.19,2.42,10.64,17.16,314.124
L3,L305,ACACME,3.5,,b,9.61625,0.77,3.19,2.42,10.64,17.16,195.54
L3,L305,ACACME,3.1,,b,7.54385,0.77,3.19,2.42,10.64,17.16,142.836
L3,L305,ACACME,4.1,M,M,13.19585,0.6,3.7,3.1,10.39,21.47,274.596
L3,L305,ACACME,3.2,,b,8.0384,0.6,3.7,3.1,10.39,21.47,156.012
L3,L305,ACACME,3.8,,b,11.3354,0.6,3.7,3.1,10.39,21.47,235.068
L3,L305,ACACME,3.1,,b,7.54385,0.6,3.7,3.1,10.39,21.47,142.836
L3,L305,ACACME,2.5,,b,4.90625,0.6,3.7,3.1,10.39,21.47,63.78
L3,L305,ACACME,7.4,M,M,42.9866,0.87,4.68,3.81,10.95,27.82,709.404
L3,L305,ACACME,6.5,,b,33.16625,0.87,4.68,3.81,10.95,27.82,590.82
L3,L305,ACACME,5.2,,b,21.2264,0.87,4.68,3.81,10.95,27.82,419.532
L3,L305,ACACME,6.4,,b,32.1536,0.87,4.68,3.81,10.95,27.82,577.644
L3,L305,ACACME,6.4,,b,32.1536,0.87,4.68,3.81,10.95,27.82,577.644
L3,L305,ACACME,5.2,,b,21.2264,0.87,4.68,3.81,10.95,27.82,419.532
L3,L305,ACACME,6.2,,b,30.1754,0.87,4.68,3.81,10.95,27.82,551.292
L3,L305,ACACME,4.3,,b,14.51465,0.87,4.68,3.81,10.95,27.82,300.948
L3,L305,ACACME,4.2,,b,13.8474,0.87,4.68,3.81,10.95,27.82,287.772
L3,L305,ACACME,4.3,,b,14.51465,0.87,4.68,3.81,10.95,27.82,300.948
L3,L305,ACACME,4.7,,b,17.34065,0.87,4.68,3.81,10.95,27.82,353.652
L3,L305,ACACME,3.2,,b,8.0384,0.87,4.68,3.81,10.95,27.82,156.012
L3,L306,ACACME,6.1,M,M,29.20985,1.02,3.75,2.73,2.18,3.96,538.116
L3,L306,ACACME,5.2,,b,21.2264,1.02,3.75,2.73,2.18,3.96,419.532
L3,L306,ACACME,4.2,,b,13.8474,1.02,3.75,2.73,2.18,3.96,287.772
L3,L306,ACACME,4.3,,b,14.51465,1.02,3.75,2.73,2.18,3.96,300.948
L3,L306,ACACME,5,,b,19.625,1.02,3.75,2.73,2.18,3.96,393.18
L3,L306,ACACME,6.3,M,M,31.15665,1.1,3.54,2.44,0.05,0.08,564.468
L3,L306,ACACME,5.4,,b,22.8906,1.1,3.54,2.44,0.05,0.08,445.884
L3,L306,ACACME,4.1,,b,13.19585,1.1,3.54,2.44,0.05,0.08,274.596
L3,L306,ACACME,3.1,,b,7.54385,1.1,3.54,2.44,0.05,0.08,142.836
L3,L306,ACACME,4.4,M,M,15.1976,1.22,3.35,2.13,14.51,20.6,314.124
L3,L306,ACACME,3.7,,b,10.74665,1.22,3.35,2.13,14.51,20.6,221.892
L3,L306,ACACME,3.4,,b,9.0746,1.22,3.35,2.13,14.51,20.6,182.364
L3,L306,ACACME,2.5,,b,4.90625,1.22,3.35,2.13,14.51,20.6,63.78
L3,L306,ACACME,4,,b,12.56,1.22,3.35,2.13,14.51,20.6,261.42
L3,L306,ACACME,6,M,M,28.26,0.09,1.1,1.01,10.91,7.35,524.94
L3,L306,ACACME,4.2,,b,13.8474,0.09,1.1,1.01,10.91,7.35,287.772
L3,L306,ACACME,5.2,,b,21.2264,0.09,1.1,1.01,10.91,7.35,419.532
L3,L306,ACACME,3.1,,b,7.54385,0.09,1.1,1.01,10.91,7.35,142.836
L3,L306,ACACME,5.4,M,M,22.8906,1.07,3.28,2.21,7.36,10.85,445.884
L3,L306,ACACME,5,,b,19.625,1.07,3.28,2.21,7.36,10.85,393.18
L3,L306,ACACME,3.1,,b,7.54385,1.07,3.28,2.21,7.36,10.85,142.836
L3,L306,ACACME,5.1,M,M,20.41785,1.11,2.58,1.47,7.36,7.22,406.356
L3,L306,ACACME,4.3,,b,14.51465,1.11,2.58,1.47,7.36,7.22,300.948
L3,L306,ACACME,5,,b,19.625,1.11,2.58,1.47,7.36,7.22,393.18
L3,L306,ACACME,5.1,,b,20.41785,1.11,2.58,1.47,7.36,7.22,406.356
L3,L306,ACACME,4.8,,b,18.0864,1.11,2.58,1.47,7.36,7.22,366.828
L3,L306,ACACME,4.9,,b,18.84785,1.11,2.58,1.47,7.36,7.22,380.004
L3,L306,ACACME,5.7,M,M,25.50465,0.8,2.41,1.61,3.82,4.09,485.412
L3,L306,ACACME,4.5,,b,15.89625,0.8,2.41,1.61,3.82,4.09,327.3
L3,L306,ACACME,2.1,,b,3.46185,0.8,2.41,1.61,3.82,4.09,11.076
L3,L306,ACACME,3.3,,b,8.54865,0.8,2.41,1.61,3.82,4.09,169.188
L3,L306,ACACME,6.3,M,M,31.15665,0.7,2.74,2.04,11.43,15.54,564.468
L3,L306,ACACME,3.3,,b,8.54865,0.7,2.74,2.04,11.43,15.54,169.188
L3,L306,ACACME,4.5,,b,15.89625,0.7,2.74,2.04,11.43,15.54,327.3
L3,L306,ACACME,6.8,M,M,36.2984,0.9,1.79,0.89,4.12,2.45,630.348
L3,L306,ACACME,6.2,,b,30.1754,0.9,1.79,0.89,4.12,2.45,551.292
L3,L306,ACACME,5.6,,b,24.6176,0.9,1.79,0.89,4.12,2.45,472.236
L3,L306,ACACME,4.1,,b,13.19585,0.9,1.79,0.89,4.12,2.45,274.596
L3,L306,ACACME,6,,b,28.26,0.9,1.79,0.89,4.12,2.45,524.94
L3,L306,ACACME,4.1,,b,13.19585,0.9,1.79,0.89,4.12,2.45,274.596
L3,L306,ACACME,5.2,,b,21.2264,0.9,1.79,0.89,4.12,2.45,419.532
L3,L306,ACACME,3.5,,b,9.61625,0.9,1.79,0.89,4.12,2.45,195.54
L3,L306,ACACME,2.5,M,M,4.90625,1.22,2.4,1.18,10.63,8.36,63.78
L3,L306,ACACME,2.2,,b,3.7994,1.22,2.4,1.18,10.63,8.36,24.252
L3,L306,ACACME,2.1,,b,3.46185,1.22,2.4,1.18,10.63,8.36,11.076
L3,L306,ACACME,5.2,M,M,21.2264,1.02,2.74,1.72,9.89,11.34,419.532
L3,L306,ACACME,4.2,,b,13.8474,1.02,2.74,1.72,9.89,11.34,287.772
L3,L306,ACACME,3.4,,b,9.0746,1.02,2.74,1.72,9.89,11.34,182.364
L3,L306,ACACME,2.1,,b,3.46185,1.02,2.74,1.72,9.89,11.34,11.076
L3,L306,ACACME,5.1,M,M,20.41785,0.5,2.93,2.43,5.59,9.06,406.356
L3,L306,ACACME,4.5,,b,15.89625,0.5,2.93,2.43,5.59,9.06,327.3
L3,L306,ACACME,3.1,,b,7.54385,0.5,2.93,2.43,5.59,9.06,142.836
L3,L306,ACACME,3,,b,7.065,0.5,2.93,2.43,5.59,9.06,129.66
L3,L306,ACACME,3.6,,b,10.1736,0.5,2.93,2.43,5.59,9.06,208.716
L3,L306,ACACME,6.2,M,M,30.1754,0.7,3.35,2.65,13.75,24.3,551.292
L3,L306,ACACME,5.2,,b,21.2264,0.7,3.35,2.65,13.75,24.3,419.532
L3,L306,ACACME,3.4,,b,9.0746,0.7,3.35,2.65,13.75,24.3,182.364
L3,L306,ACACME,5.4,,b,22.8906,0.7,3.35,2.65,13.75,24.3,445.884
L3,L306,ACACME,4.8,,b,18.0864,0.7,3.35,2.65,13.75,24.3,366.828
L3,L306,ACACME,4.4,,b,15.1976,0.7,3.35,2.65,13.75,24.3,314.124
L3,L306,ACACME,3.2,,b,8.0384,0.7,3.35,2.65,13.75,24.3,156.012
L3,L306,ACACME,6.8,M,M,36.2984,0.9,3.15,2.25,13.64,20.46,630.348
L3,L306,ACACME,6.2,,b,30.1754,0.9,3.15,2.25,13.64,20.46,551.292
L3,L306,ACACME,5.2,,b,21.2264,0.9,3.15,2.25,13.64,20.46,419.532
L3,L306,ACACME,2.4,,b,4.5216,0.9,3.15,2.25,13.64,20.46,50.604
L3,L306,ACACME,3.2,,b,8.0384,0.9,3.15,2.25,13.64,20.46,156.012
L3,L306,ACACME,6.7,M,M,35.23865,0.9,2.57,1.67,16.69,18.58,617.172
L3,L306,ACACME,4.9,,b,18.84785,0.9,2.57,1.67,16.69,18.58,380.004
L3,L306,ACACME,3.1,,b,7.54385,0.9,2.57,1.67,16.69,18.58,142.836
L3,L306,ACACME,4.9,,b,18.84785,0.9,2.57,1.67,16.69,18.58,380.004
L3,L306,ACACME,3.1,,b,7.54385,0.9,2.57,1.67,16.69,18.58,142.836
L3,L307,ACACME,5.2,M,M,21.2264,0.66,2.94,2.28,15.61,23.73,419.532
L3,L307,ACACME,3,,b,7.065,0.66,2.94,2.28,15.61,23.73,129.66
L3,L307,ACACME,3.9,,b,11.93985,0.66,2.94,2.28,15.61,23.73,248.244
L3,L307,ACACME,4.8,,b,18.0864,0.66,2.94,2.28,15.61,23.73,366.828
L3,L307,ACACME,3.2,,b,8.0384,0.66,2.94,2.28,15.61,23.73,156.012
L3,L307,ACACME,3,,b,7.065,0.66,2.94,2.28,15.61,23.73,129.66
L3,L307,ACACME,4.7,M,M,17.34065,0.65,2.5,1.85,4.14,5.11,353.652
L3,L307,ACACME,4.6,,b,16.6106,0.65,2.5,1.85,4.14,5.11,340.476
L3,L307,ACACME,5.4,M,M,22.8906,0.8,2.83,2.03,2.4,3.25,445.884
L3,L307,ACACME,4.2,,b,13.8474,0.8,2.83,2.03,2.4,3.25,287.772
L3,L307,ACACME,4.3,,b,14.51465,0.8,2.83,2.03,2.4,3.25,300.948
L3,L307,ACACME,7.4,M,M,42.9866,1.13,2.66,1.53,7,7.14,709.404
L3,L307,ACACME,7.2,,b,40.6944,1.13,2.66,1.53,7,7.14,683.052
L3,L307,ACACME,6.1,,b,29.20985,1.13,2.66,1.53,7,7.14,538.116
L3,L307,ACACME,4,,b,12.56,1.13,2.66,1.53,7,7.14,261.42
L3,L307,ACACME,4,M,M,12.56,0.48,1.68,1.2,1.97,1.57,261.42
L3,L307,ACACME,2.6,,b,5.3066,0.48,1.68,1.2,1.97,1.57,76.956
L3,L307,ACACME,1.7,,b,2.26865,0.48,1.68,1.2,1.97,1.57,-41.628
L3,L307,ACACME,2.5,M,M,4.90625,0.3,1.22,0.92,1.38,0.85,63.78
L3,L307,ACACME,1.6,,b,2.0096,0.3,1.22,0.92,1.38,0.85,-54.804
L3,L307,ACACME,1.9,,b,2.83385,0.3,1.22,0.92,1.38,0.85,-15.276
L3,L307,ACACME,2.2,M,M,3.7994,0.26,1.7,1.44,1.65,1.58,24.252
L3,L307,ACACME,2,,b,3.14,0.26,1.7,1.44,1.65,1.58,-2.1
L3,L308,ACACME,7.4,M,M,42.9866,0.5,2.48,1.98,8.13,10.74,709.404
L3,L308,ACACME,6.5,,b,33.16625,0.5,2.48,1.98,8.13,10.74,590.82
L3,L308,ACACME,5.5,,b,23.74625,0.5,2.48,1.98,8.13,10.74,459.06
L3,L308,ACACME,5.2,,b,21.2264,0.5,2.48,1.98,8.13,10.74,419.532
L3,L308,ACACME,2.2,,b,3.7994,0.5,2.48,1.98,8.13,10.74,24.252
L3,L308,ACACME,4.5,,b,15.89625,0.5,2.48,1.98,8.13,10.74,327.3
L3,L308,ACACME,5.3,M,M,22.05065,1,3.23,2.23,5.62,8.35,432.708
L3,L308,ACACME,4.6,,b,16.6106,1,3.23,2.23,5.62,8.35,340.476
L3,L308,ACACME,5.3,M,M,22.05065,1.13,3,1.87,9.25,11.53,432.708
L3,L308,ACACME,3.6,,b,10.1736,1.13,3,1.87,9.25,11.53,208.716
L3,L308,ACACME,5.2,,b,21.2264,1.13,3,1.87,9.25,11.53,419.532
L3,L308,ACACME,2.5,,b,4.90625,1.13,3,1.87,9.25,11.53,63.78
L3,L308,ACACME,4.5,,b,15.89625,1.13,3,1.87,9.25,11.53,327.3
L3,L308,ACACME,9.5,M,M,70.84625,0.7,2.8,2.1,14.84,20.77,986.1
L3,L308,ACACME,8.2,,b,52.7834,0.7,2.8,2.1,14.84,20.77,814.812
L3,L308,ACACME,6,,b,28.26,0.7,2.8,2.1,14.84,20.77,524.94
L3,L308,ACACME,6.3,,b,31.15665,0.7,2.8,2.1,14.84,20.77,564.468
L3,L308,ACACME,5.4,,b,22.8906,0.7,2.8,2.1,14.84,20.77,445.884
L3,L308,ACACME,4.1,,b,13.19585,0.7,2.8,2.1,14.84,20.77,274.596
L3,L308,ACACME,7.9,M,M,48.99185,1.22,3.65,2.43,23.68,38.35,775.284
L3,L308,ACACME,7.1,,b,39.57185,1.22,3.65,2.43,23.68,38.35,669.876
L3,L308,ACACME,6.9,,b,37.37385,1.22,3.65,2.43,23.68,38.35,643.524
L3,L308,ACACME,4,,b,12.56,1.22,3.65,2.43,23.68,38.35,261.42
L3,L308,ACACME,7.7,,b,46.54265,1.22,3.65,2.43,23.68,38.35,748.932
L3,L308,ACACME,4.9,,b,18.84785,1.22,3.65,2.43,23.68,38.35,380.004
L3,L308,ACACME,10.3,M,M,83.28065,1.1,5.56,4.46,26.34,78.31,1091.508
L3,L308,ACACME,8.4,,b,55.3896,1.1,5.56,4.46,26.34,78.31,841.164
L3,L308,ACACME,5.5,,b,23.74625,1.1,5.56,4.46,26.34,78.31,459.06
L3,L308,ACACME,8,,b,50.24,1.1,5.56,4.46,26.34,78.31,788.46
L3,L308,ACACME,7.1,M,M,39.57185,0.3,1.9,1.6,4.8,5.12,669.876
L3,L308,ACACME,3,,b,7.065,0.3,1.9,1.6,4.8,5.12,129.66
L3,L308,ACACME,2,,b,3.14,0.3,1.9,1.6,4.8,5.12,-2.1
L3,L308,ACACME,2.8,,b,6.1544,0.3,1.9,1.6,4.8,5.12,103.308
L3,L309,ACACME,26.3,M,M,542.97665,1.22,5.54,4.32,93.23,268.52,3199.668
L3,L309,ACACME,17.2,,b,232.2344,1.22,5.54,4.32,93.23,268.52,2000.652
L3,L309,ACACME,19.7,,b,304.65065,1.22,5.54,4.32,93.23,268.52,2330.052
L3,L309,ACACME,12.4,,b,120.7016,1.22,5.54,4.32,93.23,268.52,1368.204
L3,L309,ACACME,1.4,,b,1.5386,0.4,1.54,1.14,2.91,2.21,-81.156
L3,L309,ACACME,1.5,,b,1.76625,0.4,1.54,1.14,2.91,2.21,-67.98
L3,L309,ACACME,1.8,M,M,2.5434,0.4,1.54,1.14,2.91,2.21,-28.452
L3,L310,ACACME,29.3,M,M,673.91465,1.22,6.01,4.79,31.65,101.07,3594.948
L3,L310,ACACME,9.8,,b,75.3914,1.22,6.01,4.79,31.65,101.07,1025.628
L3,L310,ACACME,12,,b,113.04,1.22,6.01,4.79,31.65,101.07,1315.5
L3,L310,ACACME,10.2,M,M,81.6714,1.1,3.51,2.41,11.48,18.45,1078.332
L3,L310,ACACME,10.2,,b,81.6714,1.1,3.51,2.41,11.48,18.45,1078.332
L3,L310,ACACME,4.7,,b,17.34065,1.1,3.51,2.41,11.48,18.45,353.652
L3,L310,ACACME,4.1,,b,13.19585,1.1,3.51,2.41,11.48,18.45,274.596
L3,L310,ACACME,8.2,,b,52.7834,1.1,3.51,2.41,11.48,18.45,814.812
L3,L310,ACACME,12.6,M,M,124.6266,1.09,4.32,3.23,8.86,19.08,1394.556
L3,L310,ACACME,7.5,,b,44.15625,1.09,4.32,3.23,8.86,19.08,722.58
L3,L310,ACACME,7.6,,b,45.3416,1.09,4.32,3.23,8.86,19.08,735.756
L3,L310,ACACME,5.7,,b,25.50465,1.09,4.32,3.23,8.86,19.08,485.412
L3,L310,ACACME,11.8,,b,109.3034,1.09,4.32,3.23,8.86,19.08,1289.148
L3,L310,ACACME,21,M,M,346.185,1.5,6.37,4.87,22.05,71.58,2501.34
L3,L310,ACACME,14.2,,b,158.2874,1.5,6.37,4.87,22.05,71.58,1605.372
L3,L310,ACACME,7,,b,38.465,1.5,6.37,4.87,22.05,71.58,656.7
L3,L310,ACACME,8.1,,b,51.50385,1.5,6.37,4.87,22.05,71.58,801.636
L3,L310,ACACME,2.5,M,M,4.90625,0.7,1.94,1.24,4.8,3.97,63.78
L3,L310,ACACME,1.5,,b,1.76625,0.7,1.94,1.24,4.8,3.97,-67.98
L3,L310,ACACME,1,,b,0.785,0.7,1.94,1.24,4.8,3.97,-133.86
L3,L310,ACACME,9.1,M,M,65.00585,0.8,3.05,2.25,17.89,26.84,933.396
L3,L310,ACACME,5.4,,b,22.8906,0.8,3.05,2.25,17.89,26.84,445.884
L3,L310,ACACME,4.4,,b,15.1976,0.8,3.05,2.25,17.89,26.84,314.124
L3,L310,ACACME,5.6,,b,24.6176,0.8,3.05,2.25,17.89,26.84,472.236
L3,L310,ACACME,4.1,,b,13.19585,0.8,3.05,2.25,17.89,26.84,274.596
L3,L311,ACACME,13.4,M,M,140.9546,1.55,4.22,2.67,31.36,55.83,1499.964
L3,L311,ACACME,10.2,,b,81.6714,1.55,4.22,2.67,31.36,55.83,1078.332
L3,L311,ACACME,11.3,,b,100.23665,1.55,4.22,2.67,31.36,55.83,1223.268
L3,L311,ACACME,4.3,,b,14.51465,1.55,4.22,2.67,31.36,55.83,300.948
L3,L311,ACACME,16.5,M,M,213.71625,1,3.24,2.24,12.36,18.46,1908.42
L3,L311,ACACME,13,,b,132.665,1,3.24,2.24,12.36,18.46,1447.26
L3,L311,ACACME,4.2,,b,13.8474,1,3.24,2.24,12.36,18.46,287.772
L3,L311,ACACME,2.6,,b,5.3066,1,3.24,2.24,12.36,18.46,76.956
L3,L311,ACACME,4.4,,b,15.1976,1,3.24,2.24,12.36,18.46,314.124
L3,L311,ACACME,9.2,M,M,66.4424,1.1,3.37,2.27,17.59,26.61,946.572
L3,L311,ACACME,6.6,,b,34.1946,1.1,3.37,2.27,17.59,26.61,603.996
L3,L311,ACACME,6.9,,b,37.37385,1.1,3.37,2.27,17.59,26.61,643.524
L3,L311,ACACME,6.3,,b,31.15665,1.1,3.37,2.27,17.59,26.61,564.468
L3,L311,ACACME,13.5,M,M,143.06625,1.22,4.73,3.51,40.62,95.05,1513.14
L3,L311,ACACME,12.7,,b,126.61265,1.22,4.73,3.51,40.62,95.05,1407.732
L3,L311,ACACME,12.7,,b,126.61265,1.22,4.73,3.51,40.62,95.05,1407.732
L3,L311,ACACME,12.7,,b,126.61265,1.22,4.73,3.51,40.62,95.05,1407.732
L3,L311,ACACME,3.4,M,M,9.0746,0.6,2.29,1.69,9.48,10.68,182.364
L3,L311,ACACME,1.7,,b,2.26865,0.6,2.29,1.69,9.48,10.68,-41.628
L3,L311,ACACME,1.8,,b,2.5434,0.6,2.29,1.69,9.48,10.68,-28.452
L3,L312,ACACME,5.1,M,M,20.41785,1.1,3.26,2.16,11.7,16.85,406.356
L3,L312,ACACME,3.3,,b,8.54865,1.1,3.26,2.16,11.7,16.85,169.188
L3,L312,ACACME,2.6,,b,5.3066,1.1,3.26,2.16,11.7,16.85,76.956
L3,L312,ACACME,9.1,M,M,65.00585,1,3.23,2.23,14.97,22.25,933.396
L3,L312,ACACME,7.1,,b,39.57185,1,3.23,2.23,14.97,22.25,669.876
L3,L312,ACACME,6.9,,b,37.37385,1,3.23,2.23,14.97,22.25,643.524
L3,L312,ACACME,6.4,,b,32.1536,1,3.23,2.23,14.97,22.25,577.644
L3,L312,ACACME,17.5,M,M,240.40625,0.7,3.24,2.54,20.21,34.22,2040.18
L3,L314,ACACME,16.1,M,M,203.47985,0.8,3.31,2.51,11.05,18.5,1855.716
L3,L314,ACACME,4.5,,b,15.89625,0.8,3.31,2.51,11.05,18.5,327.3
L3,L314,ACACME,8.5,,b,56.71625,0.8,3.31,2.51,11.05,18.5,854.34
L3,L314,ACACME,10.5,M,M,86.54625,0.7,2.96,2.26,27.94,42.1,1117.86
L3,L314,ACACME,8.7,,b,59.41665,0.7,2.96,2.26,27.94,42.1,880.692
L3,L315,ACACME,6.7,M,M,35.23865,0.44,3.63,3.19,16.06,34.15,617.172
L3,L315,ACACME,6.5,,b,33.16625,0.44,3.63,3.19,16.06,34.15,590.82
L3,L315,ACACME,5.3,,b,22.05065,0.44,3.63,3.19,16.06,34.15,432.708
L3,L315,ACACME,6.5,,b,33.16625,0.44,3.63,3.19,16.06,34.15,590.82
L3,L315,ACACME,4.5,,b,15.89625,0.44,3.63,3.19,16.06,34.15,327.3
L3,L315,ACACME,5.9,,b,27.32585,0.44,3.63,3.19,16.06,34.15,511.764
L3,L315,ACACME,4.3,,b,14.51465,0.44,3.63,3.19,16.06,34.15,300.948
L3,L315,ACACME,7.9,M,M,48.99185,0.75,3.7,2.95,24.4,48,775.284
L3,L315,ACACME,7.3,,b,41.83265,0.75,3.7,2.95,24.4,48,696.228
L3,L315,ACACME,5.2,,b,21.2264,0.75,3.7,2.95,24.4,48,419.532
L3,L315,ACACME,3.9,,b,11.93985,0.75,3.7,2.95,24.4,48,248.244
L3,L315,ACACME,6.1,,b,29.20985,0.75,3.7,2.95,24.4,48,538.116
L3,L315,ACACME,9.5,M,M,70.84625,1.1,4.26,3.16,22.76,47.95,986.1
L3,L315,ACACME,9.4,,b,69.3626,1.1,4.26,3.16,22.76,47.95,972.924
L3,L315,ACACME,8,,b,50.24,1.1,4.26,3.16,22.76,47.95,788.46
L3,L315,ACACME,5.9,,b,27.32585,1.1,4.26,3.16,22.76,47.95,511.764
L3,L316,ACACME,7.6,M,M,45.3416,1,3.27,2.27,16.05,24.29,735.756
L3,L316,ACACME,6.4,,b,32.1536,1,3.27,2.27,16.05,24.29,577.644
L3,L316,ACACME,3.4,,b,9.0746,1,3.27,2.27,16.05,24.29,182.364
L3,L316,ACACME,4.2,,b,13.8474,1,3.27,2.27,16.05,24.29,287.772
L3,L316,ACACME,5.1,,b,20.41785,1,3.27,2.27,16.05,24.29,406.356
L3,L316,ACACME,4.2,,b,13.8474,1,3.27,2.27,16.05,24.29,287.772
L3,L316,ACACME,6.2,M,M,30.1754,0.9,3.11,2.21,5.81,8.55,551.292
L3,L316,ACACME,3.4,,b,9.0746,0.9,3.11,2.21,5.81,8.55,182.364
L3,L316,ACACME,4.1,,b,13.19585,0.9,3.11,2.21,5.81,8.55,274.596
L3,L316,ACACME,3.4,,b,9.0746,0.9,3.11,2.21,5.81,8.55,182.364
L3,L316,ACACME,9.3,M,M,67.89465,0.8,3.24,2.44,12.54,20.4,959.748
L3,L316,ACACME,9,,b,63.585,0.8,3.24,2.44,12.54,20.4,920.22
L3,L316,ACACME,4.3,,b,14.51465,0.8,3.24,2.44,12.54,20.4,300.948
L3,L316,ACACME,4.2,,b,13.8474,0.8,3.24,2.44,12.54,20.4,287.772
L3,L316,ACACME,4,,b,12.56,0.8,3.24,2.44,12.54,20.4,261.42
L3,L316,ACACME,3.1,,b,7.54385,0.8,3.24,2.44,12.54,20.4,142.836
L3,L316,ACACME,12.3,M,M,118.76265,0.7,4.13,3.43,25.92,59.27,1355.028
L3,L316,ACACME,4.1,,b,13.19585,0.7,4.13,3.43,25.92,59.27,274.596
L3,L316,ACACME,10.1,,b,80.07785,0.7,4.13,3.43,25.92,59.27,1065.156
L3,L316,ACACME,6.1,,b,29.20985,0.7,4.13,3.43,25.92,59.27,538.116
L3,L316,ACACME,7.5,M,M,44.15625,1.03,2.24,1.21,3.68,2.97,722.58
L3,L316,ACACME,6.5,,b,33.16625,1.03,2.24,1.21,3.68,2.97,590.82
L3,L316,ACACME,6.1,,b,29.20985,1.03,2.24,1.21,3.68,2.97,538.116
L3,L316,ACACME,6.7,,b,35.23865,1.03,2.24,1.21,3.68,2.97,617.172
L3,L316,ACACME,4.5,,b,15.89625,1.03,2.24,1.21,3.68,2.97,327.3
L3,L316,ACACME,3.5,,b,9.61625,1.03,2.24,1.21,3.68,2.97,195.54
L3,L316,ACACME,9.3,M,M,67.89465,1.22,3.22,2,4.21,5.61,959.748
L3,L316,ACACME,9,,b,63.585,1.22,3.22,2,4.21,5.61,920.22
L3,L316,ACACME,4.3,,b,14.51465,1.22,3.22,2,4.21,5.61,300.948
L3,L316,ACACME,4.2,,b,13.8474,1.22,3.22,2,4.21,5.61,287.772
L3,L316,ACACME,4,,b,12.56,1.22,3.22,2,4.21,5.61,261.42
L3,L316,ACACME,3.1,,b,7.54385,1.22,3.22,2,4.21,5.61,142.836
L3,L316,ACACME,8,M,M,50.24,1.2,4.13,2.93,5.7,11.13,788.46
L3,L316,ACACME,6.5,,b,33.16625,1.2,4.13,2.93,5.7,11.13,590.82
L3,L316,ACACME,5.9,,b,27.32585,1.2,4.13,2.93,5.7,11.13,511.764
L3,L316,ACACME,3.1,,b,7.54385,1.2,4.13,2.93,5.7,11.13,142.836
L3,L316,ACACME,7.1,M,M,39.57185,0.8,4.35,3.55,9.4,22.24,669.876
L3,L316,ACACME,4,,b,12.56,0.8,4.35,3.55,9.4,22.24,261.42
L3,L316,ACACME,3.4,,b,9.0746,0.8,4.35,3.55,9.4,22.24,182.364
L3,L316,ACACME,9.7,M,M,73.86065,1.1,2.62,1.52,5.31,5.38,1012.452
L3,L316,ACACME,4.5,,b,15.89625,1.1,2.62,1.52,5.31,5.38,327.3
L3,L316,ACACME,8.1,,b,51.50385,1.1,2.62,1.52,5.31,5.38,801.636
L3,L316,ACACME,6,,b,28.26,1.1,2.62,1.52,5.31,5.38,524.94
L3,L316,ACACME,3.5,,b,9.61625,1.1,2.62,1.52,5.31,5.38,195.54
L3,L316,ACACME,6.1,M,M,29.20985,1.2,3.36,2.16,5.6,8.07,538.116
L3,L316,ACACME,3.7,,b,10.74665,1.2,3.36,2.16,5.6,8.07,221.892
L3,L316,ACACME,4.7,,b,17.34065,1.2,3.36,2.16,5.6,8.07,353.652
L3,L316,ACACME,2.2,M,M,3.7994,0.4,3.05,2.65,3.57,6.31,24.252
L3,L317,ACACME,5.3,M,M,22.05065,0.48,3.49,3.01,4.75,9.53,432.708
L3,L317,ACACME,5.1,,b,20.41785,0.48,3.49,3.01,4.75,9.53,406.356
L3,L317,ACACME,4.8,,b,18.0864,0.48,3.49,3.01,4.75,9.53,366.828
L3,L317,ACACME,7.1,M,M,39.57185,0.6,2.89,2.29,7.87,12.02,669.876
L3,L317,ACACME,4.5,,b,15.89625,0.6,2.89,2.29,7.87,12.02,327.3
L3,L317,ACACME,5.6,,b,24.6176,0.6,2.89,2.29,7.87,12.02,472.236
L3,L317,ACACME,6.1,,b,29.20985,0.6,2.89,2.29,7.87,12.02,538.116
L3,L317,ACACME,4.1,,b,13.19585,0.6,2.89,2.29,7.87,12.02,274.596
L3,L317,ACACME,4.3,,b,14.51465,0.6,2.89,2.29,7.87,12.02,300.948
L3,L317,ACACME,3.5,,b,9.61625,0.6,2.89,2.29,7.87,12.02,195.54
L3,L317,ACACME,8.1,M,M,51.50385,0.58,2.27,1.69,5.7,6.43,801.636
L3,L317,ACACME,7.8,,b,47.7594,0.58,2.27,1.69,5.7,6.43,762.108
L3,L317,ACACME,5.9,,b,27.32585,0.58,2.27,1.69,5.7,6.43,511.764
L3,L317,ACACME,3.7,,b,10.74665,0.58,2.27,1.69,5.7,6.43,221.892
L3,L317,ACACME,5.4,M,M,22.8906,1,2.95,1.95,6.04,7.86,445.884
L3,L317,ACACME,4.9,,b,18.84785,1,2.95,1.95,6.04,7.86,380.004
L3,L317,ACACME,4.8,,b,18.0864,1,2.95,1.95,6.04,7.86,366.828
L3,L317,ACACME,7.4,M,M,42.9866,1.07,2.85,1.78,5.96,7.07,709.404
L3,L317,ACACME,6.1,,b,29.20985,1.07,2.85,1.78,5.96,7.07,538.116
L3,L317,ACACME,3.7,,b,10.74665,1.07,2.85,1.78,5.96,7.07,221.892
L3,L317,ACACME,4.1,M,M,13.19585,1.18,3.32,2.14,5.51,7.86,274.596
L3,L317,ACACME,2.5,,b,4.90625,1.18,3.32,2.14,5.51,7.86,63.78
L3,L317,ACACME,3.3,,b,8.54865,1.18,3.32,2.14,5.51,7.86,169.188
L3,L317,ACACME,4.1,M,M,13.19585,0.8,2.99,2.19,5.62,8.2,274.596
L3,L317,ACACME,3.7,,b,10.74665,0.8,2.99,2.19,5.62,8.2,221.892
L3,L317,ACACME,3.1,,b,7.54385,0.8,2.99,2.19,5.62,8.2,142.836
L3,L317,ACACME,5.1,M,M,20.41785,1.14,3.25,2.11,3.63,5.1,406.356
L3,L317,ACACME,2.5,,b,4.90625,1.14,3.25,2.11,3.63,5.1,63.78
L3,L317,ACACME,2.3,,b,4.15265,1.14,3.25,2.11,3.63,5.1,37.428
L3,L317,ACACME,2,,b,3.14,1.14,3.25,2.11,3.63,5.1,-2.1
L3,L317,ACACME,8.6,M,M,58.0586,1.2,3.15,1.95,7.77,10.1,867.516
L3,L317,ACACME,7.3,,b,41.83265,1.2,3.15,1.95,7.77,10.1,696.228
L3,L317,ACACME,5.2,,b,21.2264,1.2,3.15,1.95,7.77,10.1,419.532
L3,L317,ACACME,5.1,,b,20.41785,1.2,3.15,1.95,7.77,10.1,406.356
L3,L317,ACACME,5.6,,b,24.6176,1.2,3.15,1.95,7.77,10.1,472.236
L3,L317,ACACME,7.1,,b,39.57185,1.2,3.15,1.95,7.77,10.1,669.876
L3,L317,ACACME,5.5,M,M,23.74625,1.12,3.04,1.92,5.93,7.6,459.06
L3,L317,ACACME,5.4,,b,22.8906,1.12,3.04,1.92,5.93,7.6,445.884
L3,L317,ACACME,4.3,,b,14.51465,1.12,3.04,1.92,5.93,7.6,300.948
L3,L317,ACACME,7.5,M,M,44.15625,1.07,3.51,2.44,7.18,11.68,722.58
L3,L317,ACACME,4.5,,b,15.89625,1.07,3.51,2.44,7.18,11.68,327.3
L3,L317,ACACME,6.3,,b,31.15665,1.07,3.51,2.44,7.18,11.68,564.468
L3,L317,ACACME,6.3,M,M,31.15665,0.82,3.54,2.72,11.37,20.63,564.468
L3,L317,ACACME,5.4,,b,22.8906,0.82,3.54,2.72,11.37,20.63,445.884
L3,L317,ACACME,3.6,,b,10.1736,0.82,3.54,2.72,11.37,20.63,208.716
L3,L317,ACACME,4.5,,b,15.89625,0.82,3.54,2.72,11.37,20.63,327.3
L3,L317,ACACME,4.4,M,M,15.1976,1.12,3.89,2.77,12.69,23.44,314.124
L3,L317,ACACME,4.1,,b,13.19585,1.12,3.89,2.77,12.69,23.44,274.596
L3,L317,ACACME,2.7,,b,5.72265,1.12,3.89,2.77,12.69,23.44,90.132
L3,L317,ACACME,2.4,,b,4.5216,1.12,3.89,2.77,12.69,23.44,50.604
L3,L317,ACACME,2.9,,b,6.60185,1.12,3.89,2.77,12.69,23.44,116.484
L3,L317,ACACME,3.1,,b,7.54385,1.12,3.89,2.77,12.69,23.44,142.836
L3,L317,ACACME,5.9,M,M,27.32585,0.6,2.4,1.8,7.49,8.99,511.764
L3,L317,ACACME,5.5,,b,23.74625,0.6,2.4,1.8,7.49,8.99,459.06
L3,L317,ACACME,5.5,,b,23.74625,0.6,2.4,1.8,7.49,8.99,459.06
L3,L317,ACACME,5.7,,b,25.50465,0.6,2.4,1.8,7.49,8.99,485.412
L3,L317,ACACME,3.7,,b,10.74665,0.6,2.4,1.8,7.49,8.99,221.892
L3,L317,ACACME,5.1,,b,20.41785,0.6,2.4,1.8,7.49,8.99,406.356
L3,L317,ACACME,2.5,,b,4.90625,0.6,2.4,1.8,7.49,8.99,63.78
L3,L317,ACACME,7.2,M,M,40.6944,1.22,3.48,2.26,8.31,12.52,683.052
L3,L317,ACACME,4.4,,b,15.1976,1.22,3.48,2.26,8.31,12.52,314.124
L3,L317,ACACME,4.9,,b,18.84785,1.22,3.48,2.26,8.31,12.52,380.004
L3,L317,ACACME,5.5,,b,23.74625,1.22,3.48,2.26,8.31,12.52,459.06
L3,L317,ACACME,5.6,M,M,24.6176,0.65,3.42,2.77,8.94,16.5,472.236
L3,L317,ACACME,4,,b,12.56,0.65,3.42,2.77,8.94,16.5,261.42
L3,L317,ACACME,2.5,,b,4.90625,0.65,3.42,2.77,8.94,16.5,63.78
L3,L317,ACACME,3.7,,b,10.74665,0.65,3.42,2.77,8.94,16.5,221.892
L3,L317,ACACME,5.6,M,M,24.6176,1.08,3.74,2.66,12.95,22.97,472.236
L3,L317,ACACME,2.8,,b,6.1544,1.08,3.74,2.66,12.95,22.97,103.308
L3,L317,ACACME,2.7,,b,5.72265,1.08,3.74,2.66,12.95,22.97,90.132
L3,L317,ACACME,5.4,M,M,22.8906,0.9,3.31,2.41,5.5,8.83,445.884
L3,L317,ACACME,3.5,,b,9.61625,0.9,3.31,2.41,5.5,8.83,195.54
L3,L317,ACACME,3.4,,b,9.0746,0.9,3.31,2.41,5.5,8.83,182.364
L3,L317,ACACME,3.9,,b,11.93985,0.9,3.31,2.41,5.5,8.83,248.244
L3,L317,ACACME,3.7,,b,10.74665,0.9,3.31,2.41,5.5,8.83,221.892
L3,L317,ACACME,2.5,,b,4.90625,0.9,3.31,2.41,5.5,8.83,63.78
L3,L317,ACACME,4.5,M,M,15.89625,0.4,3.52,3.12,3.34,6.95,327.3
L3,L317,ACACME,2.9,,b,6.60185,0.4,3.52,3.12,3.34,6.95,116.484
L3,L317,ACACME,2.7,,b,5.72265,0.4,3.52,3.12,3.34,6.95,90.132
L3,L317,ACACME,2.8,,b,6.1544,0.4,3.52,3.12,3.34,6.95,103.308
L3,L317,ACACME,4,M,M,12.56,0.8,4.09,3.29,12.01,26.34,261.42
L3,L317,ACACME,3.4,,b,9.0746,0.8,4.09,3.29,12.01,26.34,182.364
L3,L317,ACACME,4.6,,b,16.6106,0.8,4.09,3.29,12.01,26.34,340.476
L3,L317,ACACME,4.4,,b,15.1976,0.8,4.09,3.29,12.01,26.34,314.124
L3,L317,ACACME,4.1,,b,13.19585,0.8,4.09,3.29,12.01,26.34,274.596
L3,L317,ACACME,3.7,,b,10.74665,0.8,4.09,3.29,12.01,26.34,221.892
L3,L317,ACACME,6.7,M,M,35.23865,0.45,2.88,2.43,7.17,11.62,617.172
L3,L317,ACACME,6.5,,b,33.16625,0.45,2.88,2.43,7.17,11.62,590.82
L3,L317,ACACME,4.1,,b,13.19585,0.45,2.88,2.43,7.17,11.62,274.596
L3,L317,ACACME,3.5,,b,9.61625,0.45,2.88,2.43,7.17,11.62,195.54
L3,L317,ACACME,2.7,,b,5.72265,0.45,2.88,2.43,7.17,11.62,90.132
L3,L317,ACACME,3.5,,b,9.61625,0.45,2.88,2.43,7.17,11.62,195.54
L3,L317,ACACME,6.2,M,M,30.1754,0.9,2.6,1.7,4.59,5.2,551.292
L3,L317,ACACME,6,,b,28.26,0.9,2.6,1.7,4.59,5.2,524.94
L3,L317,ACACME,3.1,,b,7.54385,0.9,2.6,1.7,4.59,5.2,142.836
L3,L317,ACACME,3.5,,b,9.61625,0.9,2.6,1.7,4.59,5.2,195.54
L3,L317,ACACME,5.5,,b,23.74625,0.9,2.6,1.7,4.59,5.2,459.06
L3,L317,ACACME,4.7,,b,17.34065,0.9,2.6,1.7,4.59,5.2,353.652
L3,L317,ACACME,5.4,,b,22.8906,0.9,2.6,1.7,4.59,5.2,445.884
L3,L317,ACACME,5.2,,b,21.2264,0.9,2.6,1.7,4.59,5.2,419.532
L3,L317,ACACME,3.7,,b,10.74665,0.9,2.6,1.7,4.59,5.2,221.892
L3,L317,ACACME,8.6,M,M,58.0586,1.16,3.1,1.94,7.18,9.28,867.516
L3,L317,ACACME,8.3,,b,54.07865,1.16,3.1,1.94,7.18,9.28,827.988
L3,L317,ACACME,8.4,,b,55.3896,1.16,3.1,1.94,7.18,9.28,841.164
L3,L317,ACACME,4.3,,b,14.51465,1.16,3.1,1.94,7.18,9.28,300.948
L3,L317,ACACME,3.5,,b,9.61625,1.16,3.1,1.94,7.18,9.28,195.54
L3,L317,ACACME,3.7,M,M,10.74665,0.68,2.86,2.18,7.18,10.43,221.892
L3,L317,ACACME,3.5,,b,9.61625,0.68,2.86,2.18,7.18,10.43,195.54
L3,L317,ACACME,3.7,,b,10.74665,0.68,2.86,2.18,7.18,10.43,221.892
L3,L317,ACACME,2.5,,b,4.90625,0.68,2.86,2.18,7.18,10.43,63.78
L3,L317,ACACME,2.3,,b,4.15265,0.68,2.86,2.18,7.18,10.43,37.428
L3,L317,ACACME,5.5,M,M,23.74625,1.05,3.39,2.34,4.71,7.35,459.06
L3,L317,ACACME,3.7,,b,10.74665,1.05,3.39,2.34,4.71,7.35,221.892
L3,L317,ACACME,5.1,M,M,20.41785,0.5,2.91,2.41,6.78,10.9,406.356
L3,L317,ACACME,4.2,,b,13.8474,0.5,2.91,2.41,6.78,10.9,287.772
L3,L317,ACACME,4.4,,b,15.1976,0.5,2.91,2.41,6.78,10.9,314.124
L3,L317,ACACME,4.6,,b,16.6106,0.5,2.91,2.41,6.78,10.9,340.476
L3,L317,ACACME,6.2,M,M,30.1754,1.22,3.7,2.48,9.04,14.95,551.292
L3,L317,ACACME,3.7,,b,10.74665,1.22,3.7,2.48,9.04,14.95,221.892
L3,L317,ACACME,4.5,,b,15.89625,1.22,3.7,2.48,9.04,14.95,327.3
L3,L317,ACACME,4.9,,b,18.84785,1.22,3.7,2.48,9.04,14.95,380.004
L3,L317,ACACME,9.9,M,M,76.93785,0.81,3.13,2.32,9.25,14.3,1038.804
L3,L317,ACACME,6.8,,b,36.2984,0.81,3.13,2.32,9.25,14.3,630.348
L3,L317,ACACME,4.8,,b,18.0864,0.81,3.13,2.32,9.25,14.3,366.828
L3,L317,ACACME,7.8,M,M,47.7594,1.22,3.54,2.32,10.41,16.1,762.108
L3,L317,ACACME,6.7,,b,35.23865,1.22,3.54,2.32,10.41,16.1,617.172
L3,L317,ACACME,4.3,,b,14.51465,1.22,3.54,2.32,10.41,16.1,300.948
L3,L317,ACACME,4,,b,12.56,1.22,3.54,2.32,10.41,16.1,261.42
L3,L317,ACACME,2.5,,b,4.90625,1.22,3.54,2.32,10.41,16.1,63.78
L3,L317,ACACME,5.7,,b,25.50465,1.22,3.54,2.32,10.41,16.1,485.412
L3,L317,ACACME,4.4,,b,15.1976,1.22,3.54,2.32,10.41,16.1,314.124
L3,L317,ACACME,3.4,,b,9.0746,1.22,3.54,2.32,10.41,16.1,182.364
L3,L317,ACACME,3.5,,b,9.61625,1.22,3.54,2.32,10.41,16.1,195.54
L3,L317,ACACME,2,,b,3.14,1.22,3.54,2.32,10.41,16.1,-2.1
L3,L318,ACACME,8.2,M,M,52.7834,0.4,3.45,3.05,9.11,18.52,814.812
L3,L318,ACACME,8.1,,b,51.50385,0.4,3.45,3.05,9.11,18.52,801.636
L3,L318,ACACME,6.2,,b,30.1754,0.4,3.45,3.05,9.11,18.52,551.292
L3,L318,ACACME,3.7,,b,10.74665,0.4,3.45,3.05,9.11,18.52,221.892
L3,L318,ACACME,5.1,M,M,20.41785,0.28,1.87,1.59,2.64,2.8,406.356
L3,L318,ACACME,2,,b,3.14,0.28,1.87,1.59,2.64,2.8,-2.1
L3,L318,ACACME,5.4,M,M,22.8906,0.8,1.86,1.06,2,1.41,445.884
L3,L318,ACACME,2.2,,b,3.7994,0.8,1.86,1.06,2,1.41,24.252
L3,L318,ACACME,3,,b,7.065,0.8,1.86,1.06,2,1.41,129.66
L3,L318,ACACME,4.5,,b,15.89625,0.8,1.86,1.06,2,1.41,327.3
L3,L318,ACACME,4,,b,12.56,0.8,1.86,1.06,2,1.41,261.42
L3,L318,ACACME,7.3,M,M,41.83265,0.3,2.67,2.37,5.2,8.21,696.228
L3,L318,ACACME,6.3,,b,31.15665,0.3,2.67,2.37,5.2,8.21,564.468
L3,L318,ACACME,3.4,,b,9.0746,0.3,2.67,2.37,5.2,8.21,182.364
L3,L318,ACACME,7.9,M,M,48.99185,0.7,2.97,2.27,3.85,5.82,775.284
L3,L318,ACACME,5.9,M,M,27.32585,1.22,3.1,1.88,12.51,15.67,511.764
L3,L318,ACACME,4.5,,b,15.89625,1.22,3.1,1.88,12.51,15.67,327.3
L3,L318,ACACME,1.6,,b,2.0096,1.22,3.1,1.88,12.51,15.67,-54.804
L3,L318,ACACME,5.9,,b,27.32585,1.22,3.1,1.88,12.51,15.67,511.764
L3,L318,ACACME,8.2,M,M,52.7834,0.75,2.13,1.38,5.09,4.68,814.812
L3,L318,ACACME,2.1,,b,3.46185,0.75,2.13,1.38,5.09,4.68,11.076
L3,L318,ACACME,6,M,M,28.26,0.4,2.48,2.08,11.54,16,524.94
L3,L318,ACACME,4.8,,b,18.0864,0.4,2.48,2.08,11.54,16,366.828
L3,L318,ACACME,3,,b,7.065,0.4,2.48,2.08,11.54,16,129.66
L3,L318,ACACME,7.1,M,M,39.57185,0.7,3.18,2.48,11.14,18.42,669.876
L3,L318,ACACME,5.7,,b,25.50465,0.7,3.18,2.48,11.14,18.42,485.412
L3,L318,ACACME,5.6,,b,24.6176,0.7,3.18,2.48,11.14,18.42,472.236
L3,L318,ACACME,4.4,,b,15.1976,0.7,3.18,2.48,11.14,18.42,314.124
L3,L318,ACACME,4.5,,b,15.89625,0.7,3.18,2.48,11.14,18.42,327.3
L3,L318,ACACME,4.1,,b,13.19585,0.7,3.18,2.48,11.14,18.42,274.596
L3,L318,ACACME,3.1,,b,7.54385,0.7,3.18,2.48,11.14,18.42,142.836
L3,L318,ACACME,3,,b,7.065,0.7,3.18,2.48,11.14,18.42,129.66
L3,L319,ACACME,11.1,M,M,96.71985,1.17,3.62,2.45,7.91,12.92,1196.916
L3,L319,ACACME,5.7,,b,25.50465,1.17,3.62,2.45,7.91,12.92,485.412
L3,L319,ACACME,6.4,,b,32.1536,1.17,3.62,2.45,7.91,12.92,577.644
L3,L319,ACACME,3.5,,b,9.61625,1.17,3.62,2.45,7.91,12.92,195.54
L3,L319,ACACME,3.8,,b,11.3354,1.17,3.62,2.45,7.91,12.92,235.068
L3,L319,ACACME,6.5,M,M,33.16625,0.55,2.46,1.91,4.51,5.75,590.82
L3,L319,ACACME,3.8,,b,11.3354,0.55,2.46,1.91,4.51,5.75,235.068
L3,L319,ACACME,6.4,,b,32.1536,0.55,2.46,1.91,4.51,5.75,577.644
L3,L319,ACACME,4.4,,b,15.1976,0.55,2.46,1.91,4.51,5.75,314.124
L3,L319,ACACME,6.2,M,M,30.1754,0.4,2.83,2.43,3.96,6.41,551.292
L3,L319,ACACME,5,,b,19.625,0.4,2.83,2.43,3.96,6.41,393.18
L3,L319,ACACME,4.3,,b,14.51465,0.4,2.83,2.43,3.96,6.41,300.948
L3,L319,ACACME,4.1,,b,13.19585,0.4,2.83,2.43,3.96,6.41,274.596
L3,L319,ACACME,2.5,,b,4.90625,0.4,2.83,2.43,3.96,6.41,63.78
L3,L319,ACACME,7.9,M,M,48.99185,1.2,3.32,2.12,3.87,5.48,775.284
L3,L319,ACACME,5.2,,b,21.2264,1.2,3.32,2.12,3.87,5.48,419.532
L3,L319,ACACME,6.1,,b,29.20985,1.2,3.32,2.12,3.87,5.48,538.116
L3,L319,ACACME,6.5,,b,33.16625,1.2,3.32,2.12,3.87,5.48,590.82
L3,L319,ACACME,6.6,M,M,34.1946,0.66,2.61,1.95,5.4,7.02,603.996
L3,L319,ACACME,4.6,,b,16.6106,0.66,2.61,1.95,5.4,7.02,340.476
L3,L319,ACACME,5.6,,b,24.6176,0.66,2.61,1.95,5.4,7.02,472.236
L3,L319,ACACME,4.5,,b,15.89625,0.66,2.61,1.95,5.4,7.02,327.3
L3,L319,ACACME,4,,b,12.56,0.66,2.61,1.95,5.4,7.02,261.42
L3,L319,ACACME,4.1,,b,13.19585,0.66,2.61,1.95,5.4,7.02,274.596
L3,L319,ACACME,10.2,M,M,81.6714,0.8,4.64,3.84,7.48,19.14,1078.332
L3,L319,ACACME,7.4,,b,42.9866,0.8,4.64,3.84,7.48,19.14,709.404
L3,L319,ACACME,7.2,,b,40.6944,0.8,4.64,3.84,7.48,19.14,683.052
L3,L319,ACACME,6.5,M,M,33.16625,1,4.22,3.22,7.8,16.74,590.82
L3,L319,ACACME,5.9,,b,27.32585,1,4.22,3.22,7.8,16.74,511.764
L3,L319,ACACME,6.4,,b,32.1536,1,4.22,3.22,7.8,16.74,577.644
L3,L319,ACACME,2.5,,b,4.90625,1,4.22,3.22,7.8,16.74,63.78
L3,L319,ACACME,7.1,M,M,39.57185,0.7,3.53,2.83,5.61,10.59,669.876
L3,L319,ACACME,6.1,,b,29.20985,0.7,3.53,2.83,5.61,10.59,538.116
L3,L319,ACACME,5.9,,b,27.32585,0.7,3.53,2.83,5.61,10.59,511.764
L3,L319,ACACME,8.6,M,M,58.0586,0.7,3.2,2.5,8.8,14.67,867.516
L3,L319,ACACME,5,,b,19.625,0.7,3.2,2.5,8.8,14.67,393.18
L3,L319,ACACME,5.1,,b,20.41785,0.7,3.2,2.5,8.8,14.67,406.356
L3,L319,ACACME,5.2,,b,21.2264,0.7,3.2,2.5,8.8,14.67,419.532
L3,L319,ACACME,4.2,,b,13.8474,0.7,3.2,2.5,8.8,14.67,287.772
L3,L319,ACACME,6.1,M,M,29.20985,0.7,3.02,2.32,5.51,8.52,538.116
L3,L319,ACACME,5.1,,b,20.41785,0.7,3.02,2.32,5.51,8.52,406.356
L3,L319,ACACME,3.1,,b,7.54385,0.7,3.02,2.32,5.51,8.52,142.836
L3,L319,ACACME,2.5,,b,4.90625,0.7,3.02,2.32,5.51,8.52,63.78
L3,L319,ACACME,3.6,M,M,10.1736,0.5,3.63,3.13,10.94,22.83,208.716
L3,L319,ACACME,2.6,,b,5.3066,0.5,3.63,3.13,10.94,22.83,76.956
L3,L319,ACACME,3.9,,b,11.93985,0.5,3.63,3.13,10.94,22.83,248.244
L3,L319,ACACME,3.3,,b,8.54865,0.5,3.63,3.13,10.94,22.83,169.188
L3,L319,ACACME,5.6,M,M,24.6176,0.9,3.69,2.79,12.29,22.87,472.236
L3,L319,ACACME,2.8,,b,6.1544,0.9,3.69,2.79,12.29,22.87,103.308
L3,L319,ACACME,5.5,,b,23.74625,0.9,3.69,2.79,12.29,22.87,459.06
L3,L319,ACACME,9.1,M,M,65.00585,1.1,3.15,2.05,8.4,11.47,933.396
L3,L319,ACACME,3.6,,b,10.1736,1.1,3.15,2.05,8.4,11.47,208.716
L3,L319,ACACME,6.6,,b,34.1946,1.1,3.15,2.05,8.4,11.47,603.996
L3,L319,ACACME,8,,b,50.24,1.1,3.15,2.05,8.4,11.47,788.46
L3,L319,ACACME,7.4,,b,42.9866,1.1,3.15,2.05,8.4,11.47,709.404
L3,L319,ACACME,4,M,M,12.56,0.9,3.9,3,10.3,20.61,261.42
L3,L319,ACACME,3.3,,b,8.54865,0.9,3.9,3,10.3,20.61,169.188
L3,L319,ACACME,2.8,,b,6.1544,0.9,3.9,3,10.3,20.61,103.308
L3,L319,ACACME,3.3,,b,8.54865,0.9,3.9,3,10.3,20.61,169.188
L3,L319,ACACME,5.5,M,M,23.74625,1.1,3.93,2.83,9.47,17.88,459.06
L3,L319,ACACME,2.7,,b,5.72265,1.1,3.93,2.83,9.47,17.88,90.132
L3,L319,ACACME,3.3,,b,8.54865,1.1,3.93,2.83,9.47,17.88,169.188
L3,L319,ACACME,3.3,,b,8.54865,1.1,3.93,2.83,9.47,17.88,169.188
L3,L319,ACACME,4.2,,b,13.8474,1.1,3.93,2.83,9.47,17.88,287.772
L3,L319,ACACME,6.1,M,M,29.20985,1.22,3.28,2.06,4.78,6.57,538.116
L3,L319,ACACME,3.2,,b,8.0384,1.22,3.28,2.06,4.78,6.57,156.012
L3,L319,ACACME,5.5,,b,23.74625,1.22,3.28,2.06,4.78,6.57,459.06
L3,L319,ACACME,4.7,,b,17.34065,1.22,3.28,2.06,4.78,6.57,353.652
L3,L319,ACACME,4.4,M,M,15.1976,1.05,3.82,2.77,7.97,14.71,314.124
L3,L319,ACACME,3.8,,b,11.3354,1.05,3.82,2.77,7.97,14.71,235.068
L3,L319,ACACME,3.6,,b,10.1736,1.05,3.82,2.77,7.97,14.71,208.716
L3,L319,ACACME,10,M,M,78.5,0.7,4.54,3.84,12.71,32.53,1051.98
L3,L319,ACACME,7.7,,b,46.54265,0.7,4.54,3.84,12.71,32.53,748.932
L3,L319,ACACME,6.6,,b,34.1946,0.7,4.54,3.84,12.71,32.53,603.996
L3,L320,ACACME,8.3,M,M,54.07865,1,3.43,2.43,14,22.68,827.988
L3,L320,ACACME,7.3,,b,41.83265,1,3.43,2.43,14,22.68,696.228
L3,L320,ACACME,4.4,,b,15.1976,1,3.43,2.43,14,22.68,314.124
L3,L320,ACACME,3,,b,7.065,1,3.43,2.43,14,22.68,129.66
L3,L320,ACACME,4,,b,12.56,1,3.43,2.43,14,22.68,261.42
L3,L320,ACACME,6.3,,b,31.15665,1,3.43,2.43,14,22.68,564.468
L3,L320,ACACME,6.2,,b,30.1754,1,3.43,2.43,14,22.68,551.292
L3,L320,ACACME,7.5,,b,44.15625,1,3.43,2.43,14,22.68,722.58
L3,L320,ACACME,8.4,M,M,55.3896,0.9,3.65,2.75,11.23,20.58,841.164
L3,L320,ACACME,4.8,,b,18.0864,0.9,3.65,2.75,11.23,20.58,366.828
L3,L320,ACACME,3.5,,b,9.61625,0.9,3.65,2.75,11.23,20.58,195.54
L3,L320,ACACME,7.1,,b,39.57185,0.9,3.65,2.75,11.23,20.58,669.876
L3,L320,ACACME,3.1,,b,7.54385,0.9,3.65,2.75,11.23,20.58,142.836
L3,L320,ACACME,7,M,M,38.465,0.7,3.31,2.61,17.31,30.12,656.7
L3,L320,ACACME,5.5,,b,23.74625,0.7,3.31,2.61,17.31,30.12,459.06
L3,L320,ACACME,5.2,,b,21.2264,0.7,3.31,2.61,17.31,30.12,419.532
L3,L320,ACACME,4.7,,b,17.34065,0.7,3.31,2.61,17.31,30.12,353.652
L3,L320,ACACME,4.4,M,M,15.1976,0.8,2.36,1.56,8.42,8.76,314.124
L3,L320,ACACME,4.1,,b,13.19585,0.8,2.36,1.56,8.42,8.76,274.596
L3,L320,ACACME,2.2,,b,3.7994,0.8,2.36,1.56,8.42,8.76,24.252
L3,L320,ACACME,4.2,,b,13.8474,0.8,2.36,1.56,8.42,8.76,287.772
L3,L320,ACACME,8.1,M,M,51.50385,0.9,2.95,2.05,10.89,14.88,801.636
L3,L320,ACACME,6.9,,b,37.37385,0.9,2.95,2.05,10.89,14.88,643.524
L3,L320,ACACME,4.3,,b,14.51465,0.9,2.95,2.05,10.89,14.88,300.948
L3,L320,ACACME,4.7,M,M,17.34065,1,3.01,2.01,7.02,9.4,353.652
L3,L320,ACACME,4.2,,b,13.8474,1,3.01,2.01,7.02,9.4,287.772
L3,L320,ACACME,4.4,,b,15.1976,1,3.01,2.01,7.02,9.4,314.124
L3,L320,ACACME,10.1,M,M,80.07785,1.1,4.08,2.98,9.17,18.22,1065.156
L3,L320,ACACME,6.8,,b,36.2984,1.1,4.08,2.98,9.17,18.22,630.348
L3,L320,ACACME,8,,b,50.24,1.1,4.08,2.98,9.17,18.22,788.46
L3,L320,ACACME,4,,b,12.56,1.1,4.08,2.98,9.17,18.22,261.42
L3,L320,ACACME,8.3,,b,54.07865,1.1,4.08,2.98,9.17,18.22,827.988
L3,L320,ACACME,4.2,,b,13.8474,1.1,4.08,2.98,9.17,18.22,287.772
L3,L320,ACACME,7.9,,b,48.99185,1.1,4.08,2.98,9.17,18.22,775.284
L3,L320,ACACME,5.1,,b,20.41785,1.1,4.08,2.98,9.17,18.22,406.356
L3,L320,ACACME,7,M,M,38.465,0.68,3.28,2.6,6.78,11.76,656.7
L3,L320,ACACME,6.3,,b,31.15665,0.68,3.28,2.6,6.78,11.76,564.468
L3,L320,ACACME,4.2,,b,13.8474,0.68,3.28,2.6,6.78,11.76,287.772
L3,L320,ACACME,3.7,,b,10.74665,0.68,3.28,2.6,6.78,11.76,221.892
L3,L320,ACACME,4.9,,b,18.84785,0.68,3.28,2.6,6.78,11.76,380.004
L3,L320,ACACME,7.9,M,M,48.99185,0.9,4.09,3.19,12.71,27.02,775.284
L3,L320,ACACME,6,,b,28.26,0.9,4.09,3.19,12.71,27.02,524.94
L3,L320,ACACME,5.1,,b,20.41785,0.9,4.09,3.19,12.71,27.02,406.356
L3,L320,ACACME,6.2,,b,30.1754,0.9,4.09,3.19,12.71,27.02,551.292
L3,L320,ACACME,5.5,,b,23.74625,0.9,4.09,3.19,12.71,27.02,459.06
L3,L320,ACACME,4.8,,b,18.0864,0.9,4.09,3.19,12.71,27.02,366.828
L3,L320,ACACME,3.6,,b,10.1736,0.9,4.09,3.19,12.71,27.02,208.716
L3,L320,ACACME,5.7,,b,25.50465,0.9,4.09,3.19,12.71,27.02,485.412
L3,L320,ACACME,8.5,M,M,56.71625,0.63,2.93,2.3,12.55,19.25,854.34
L3,L320,ACACME,8.1,,b,51.50385,0.63,2.93,2.3,12.55,19.25,801.636
L3,L320,ACACME,8.1,,b,51.50385,0.63,2.93,2.3,12.55,19.25,801.636
L3,L320,ACACME,6.2,,b,30.1754,0.63,2.93,2.3,12.55,19.25,551.292
L3,L320,ACACME,8,,b,50.24,0.63,2.93,2.3,12.55,19.25,788.46
L3,L321,ACACME,9.3,M,M,67.89465,0.8,2.62,1.82,4.01,4.86,959.748
L3,L321,ACACME,6.7,,b,35.23865,0.8,2.62,1.82,4.01,4.86,617.172
L3,L321,ACACME,5.1,,b,20.41785,0.8,2.62,1.82,4.01,4.86,406.356
L3,L321,ACACME,2.7,,b,5.72265,0.8,2.62,1.82,4.01,4.86,90.132
L3,L322,ACACME,16.53,M,M,214.4941065,0.64,3.37,2.73,16.15,29.39,1912.3728
L3,L322,ACACME,7,,b,38.465,0.64,3.37,2.73,16.15,29.39,656.7
L3,L322,ACACME,2.5,,b,4.90625,0.64,3.37,2.73,16.15,29.39,63.78
L3,L322,ACACME,7.5,,b,44.15625,0.64,3.37,2.73,16.15,29.39,722.58
L3,L322,ACACME,8.5,,b,56.71625,0.64,3.37,2.73,16.15,29.39,854.34
L3,L322,ACACME,7.4,,b,42.9866,0.64,3.37,2.73,16.15,29.39,709.404
L3,L322,ACACME,5.7,M,M,25.50465,0.54,3.26,2.72,7.66,13.89,485.412
L3,L322,ACACME,4.9,,b,18.84785,0.54,3.26,2.72,7.66,13.89,380.004
L3,L322,ACACME,3.5,,b,9.61625,0.54,3.26,2.72,7.66,13.89,195.54
L3,L322,ACACME,4.4,,b,15.1976,0.54,3.26,2.72,7.66,13.89,314.124
L3,L322,ACACME,3,,b,7.065,0.54,3.26,2.72,7.66,13.89,129.66
L3,L322,ACACME,10.5,M,M,86.54625,0.8,3.52,2.72,5.32,9.64,1117.86
L3,L322,ACACME,8.7,,b,59.41665,0.8,3.52,2.72,5.32,9.64,880.692
L3,L322,ACACME,6.5,,b,33.16625,0.8,3.52,2.72,5.32,9.64,590.82
L3,L322,ACACME,8.7,M,M,59.41665,0.85,3.26,2.41,14.84,23.84,880.692
L3,L322,ACACME,6.5,,b,33.16625,0.85,3.26,2.41,14.84,23.84,590.82
L3,L322,ACACME,6.6,,b,34.1946,0.85,3.26,2.41,14.84,23.84,603.996
L3,L323,ACACME,9.3,M,M,67.89465,0.7,4.08,3.38,17.62,39.69,959.748
L3,L323,ACACME,7,,b,38.465,0.7,4.08,3.38,17.62,39.69,656.7
L3,L323,ACACME,9,,b,63.585,0.7,4.08,3.38,17.62,39.69,920.22
L3,L323,ACACME,4.5,,b,15.89625,0.7,4.08,3.38,17.62,39.69,327.3
L3,L323,ACACME,6.8,,b,36.2984,0.7,4.08,3.38,17.62,39.69,630.348
L3,L323,ACACME,6,M,M,28.26,0.6,2.73,2.13,8.67,12.31,524.94
L3,L323,ACACME,2.4,,b,4.5216,0.6,2.73,2.13,8.67,12.31,50.604
L3,L323,ACACME,4.3,,b,14.51465,0.6,2.73,2.13,8.67,12.31,300.948
L3,L323,ACACME,4,,b,12.56,0.6,2.73,2.13,8.67,12.31,261.42
L3,L323,ACACME,3.4,,b,9.0746,0.6,2.73,2.13,8.67,12.31,182.364
L3,L323,ACACME,7,M,M,38.465,0.4,3.21,2.81,6.86,12.85,656.7
L3,L323,ACACME,2.7,,b,5.72265,0.4,3.21,2.81,6.86,12.85,90.132
L3,L323,ACACME,3.4,,b,9.0746,0.4,3.21,2.81,6.86,12.85,182.364
L3,L323,ACACME,4.1,,b,13.19585,0.4,3.21,2.81,6.86,12.85,274.596
L3,L323,ACACME,5.1,M,M,20.41785,0.9,3.76,2.86,8.97,17.1,406.356
L3,L323,ACACME,3.9,,b,11.93985,0.9,3.76,2.86,8.97,17.1,248.244
L3,L323,ACACME,2.1,,b,3.46185,0.9,3.76,2.86,8.97,17.1,11.076
L3,L323,ACACME,2.2,,b,3.7994,0.9,3.76,2.86,8.97,17.1,24.252
L3,L323,ACACME,3.5,,b,9.61625,0.9,3.76,2.86,8.97,17.1,195.54
L3,L323,ACACME,3.4,,b,9.0746,0.9,3.76,2.86,8.97,17.1,182.364
L3,L323,ACACME,7.5,M,M,44.15625,1,3.85,2.85,7.16,13.6,722.58
L3,L323,ACACME,4.5,,b,15.89625,1,3.85,2.85,7.16,13.6,327.3
L3,L323,ACACME,3.1,,b,7.54385,1,3.85,2.85,7.16,13.6,142.836
L3,L323,ACACME,4.6,,b,16.6106,1,3.85,2.85,7.16,13.6,340.476
L3,L323,ACACME,3.5,,b,9.61625,1,3.85,2.85,7.16,13.6,195.54
L3,L323,ACACME,2.5,,b,4.90625,1,3.85,2.85,7.16,13.6,63.78
L3,L323,ACACME,3.1,,b,7.54385,1,3.85,2.85,7.16,13.6,142.836
L3,L323,ACACME,6.7,M,M,35.23865,0.95,3.63,2.68,7.66,13.69,617.172
L3,L323,ACACME,5.1,,b,20.41785,0.95,3.63,2.68,7.66,13.69,406.356
L3,L323,ACACME,5.2,,b,21.2264,0.95,3.63,2.68,7.66,13.69,419.532
L3,L323,ACACME,5.8,,b,26.4074,0.95,3.63,2.68,7.66,13.69,498.588
L3,L323,ACACME,6,M,M,28.26,1.06,4.02,2.96,5.61,11.08,524.94
L3,L323,ACACME,4.9,,b,18.84785,1.06,4.02,2.96,5.61,11.08,380.004
L3,L323,ACACME,3.6,,b,10.1736,1.06,4.02,2.96,5.61,11.08,208.716
L3,L323,ACACME,3.6,,b,10.1736,1.06,4.02,2.96,5.61,11.08,208.716
L3,L323,ACACME,4.5,,b,15.89625,1.06,4.02,2.96,5.61,11.08,327.3
L3,L323,ACACME,4.4,,b,15.1976,1.06,4.02,2.96,5.61,11.08,314.124
L3,L323,ACACME,3.8,,b,11.3354,1.06,4.02,2.96,5.61,11.08,235.068
L3,L323,ACACME,5.9,M,M,27.32585,0.8,2.93,2.13,4.5,6.4,511.764
L3,L323,ACACME,4.5,,b,15.89625,0.8,2.93,2.13,4.5,6.4,327.3
L3,L323,ACACME,8.7,M,M,59.41665,1,2.84,1.84,7.05,8.64,880.692
L3,L323,ACACME,4.9,,b,18.84785,1,2.84,1.84,7.05,8.64,380.004
L3,L323,ACACME,5.1,M,M,20.41785,0.4,3.15,2.75,NA,NA,406.356
L3,L323,ACACME,3.4,,b,9.0746,0.4,3.15,2.75,NA,NA,182.364
L3,L323,ACACME,5,M,M,19.625,0.7,3.23,2.53,4.13,6.97,393.18
L3,L323,ACACME,4.6,,b,16.6106,0.7,3.23,2.53,4.13,6.97,340.476
L3,L323,ACACME,4.5,,b,15.89625,0.7,3.23,2.53,4.13,6.97,327.3
L3,L323,ACACME,4.7,,b,17.34065,0.7,3.23,2.53,4.13,6.97,353.652
L3,L323,ACACME,3.8,,b,11.3354,0.7,3.23,2.53,4.13,6.97,235.068
L3,L323,ACACME,6.2,M,M,30.1754,0.75,2.86,2.11,6.15,8.65,551.292
L3,L323,ACACME,4.4,,b,15.1976,0.75,2.86,2.11,6.15,8.65,314.124
L3,L323,ACACME,6,,b,28.26,0.75,2.86,2.11,6.15,8.65,524.94
L3,L323,ACACME,6,M,M,28.26,0.5,3.4,2.9,4.42,8.54,524.94
L3,L323,ACACME,3.8,,b,11.3354,0.5,3.4,2.9,4.42,8.54,235.068
L3,L323,ACACME,5.4,,b,22.8906,0.5,3.4,2.9,4.42,8.54,445.884
L3,L323,ACACME,4.7,,b,17.34065,0.5,3.4,2.9,4.42,8.54,353.652
L3,L323,ACACME,9.5,M,M,70.84625,0.9,3.69,2.79,8.15,15.16,986.1
L3,L323,ACACME,7,,b,38.465,0.9,3.69,2.79,8.15,15.16,656.7
L3,L323,ACACME,6,,b,28.26,0.9,3.69,2.79,8.15,15.16,524.94
L3,L323,ACACME,4.6,,b,16.6106,0.9,3.69,2.79,8.15,15.16,340.476
L3,L323,ACACME,6.3,M,M,31.15665,0.8,3.34,2.54,8.1,13.71,564.468
L3,L323,ACACME,5.7,,b,25.50465,0.8,3.34,2.54,8.1,13.71,485.412
L3,L323,ACACME,5,,b,19.625,0.8,3.34,2.54,8.1,13.71,393.18
L3,L323,ACACME,4.8,,b,18.0864,0.8,3.34,2.54,8.1,13.71,366.828
L3,L323,ACACME,4.3,,b,14.51465,0.8,3.34,2.54,8.1,13.71,300.948
L3,L323,ACACME,7.2,M,M,40.6944,0.4,2.97,2.57,7.87,13.49,683.052
L3,L323,ACACME,6,,b,28.26,0.4,2.97,2.57,7.87,13.49,524.94
L3,L323,ACACME,6.8,,b,36.2984,0.4,2.97,2.57,7.87,13.49,630.348
L3,L323,ACACME,5.3,,b,22.05065,0.4,2.97,2.57,7.87,13.49,432.708
L3,L323,ACACME,8.5,M,M,56.71625,1.05,4.8,3.75,8.4,20.99,854.34
L3,L323,ACACME,8.3,,b,54.07865,1.05,4.8,3.75,8.4,20.99,827.988
L3,L323,ACACME,7.7,M,M,46.54265,0.6,3.2,2.6,8.88,15.4,748.932
L3,L323,ACACME,4.4,,b,15.1976,0.6,3.2,2.6,8.88,15.4,314.124
L3,L323,ACACME,2.9,,b,6.60185,0.6,3.2,2.6,8.88,15.4,116.484
L3,L323,ACACME,4.2,,b,13.8474,0.6,3.2,2.6,8.88,15.4,287.772
L3,L324,ACACME,8.5,M,M,56.71625,0.8,2.5,1.7,8.74,9.91,854.34
L3,L324,ACACME,5.6,,b,24.6176,0.8,2.5,1.7,8.74,9.91,472.236
L3,L324,ACACME,5.7,M,M,25.50465,0.4,2.72,2.32,4.06,6.28,485.412
L3,L324,ACACME,3.8,,b,11.3354,0.4,2.72,2.32,4.06,6.28,235.068
L3,L324,ACACME,4.5,,b,15.89625,0.4,2.72,2.32,4.06,6.28,327.3
L3,L324,ACACME,4.4,,b,15.1976,0.4,2.72,2.32,4.06,6.28,314.124
L3,L324,ACACME,7,M,M,38.465,0.45,3.01,2.56,8.46,14.44,656.7
L3,L324,ACACME,3,,b,7.065,0.45,3.01,2.56,8.46,14.44,129.66
L3,L324,ACACME,5.5,,b,23.74625,0.45,3.01,2.56,8.46,14.44,459.06
L3,L324,ACACME,4.4,,b,15.1976,0.45,3.01,2.56,8.46,14.44,314.124
L3,L324,ACACME,3.1,,b,7.54385,0.45,3.01,2.56,8.46,14.44,142.836
L3,L324,ACACME,5.7,M,M,25.50465,0.5,3.27,2.77,6.7,12.38,485.412
L3,L324,ACACME,4.3,,b,14.51465,0.5,3.27,2.77,6.7,12.38,300.948
L3,L324,ACACME,4.7,,b,17.34065,0.5,3.27,2.77,6.7,12.38,353.652
L3,L324,ACACME,3.5,M,M,9.61625,0.45,2.43,1.98,4.08,5.39,195.54
L3,L324,ACACME,3.4,,b,9.0746,0.45,2.43,1.98,4.08,5.39,182.364
L3,L324,ACACME,2.5,,b,4.90625,0.45,2.43,1.98,4.08,5.39,63.78
L3,L324,ACACME,3.5,,b,9.61625,0.45,2.43,1.98,4.08,5.39,195.54
L3,L324,ACACME,5.5,M,M,23.74625,0.4,3.21,2.81,4.58,8.57,459.06
L3,L324,ACACME,4.4,,b,15.1976,0.4,3.21,2.81,4.58,8.57,314.124
L3,L324,ACACME,4.1,,b,13.19585,0.4,3.21,2.81,4.58,8.57,274.596
L3,L324,ACACME,3.2,,b,8.0384,0.4,3.21,2.81,4.58,8.57,156.012
L3,L324,ACACME,4.7,,b,17.34065,0.4,3.21,2.81,4.58,8.57,353.652
L3,L324,ACACME,7.1,M,M,39.57185,0.75,3.48,2.73,6,10.93,669.876
L3,L324,ACACME,5.2,,b,21.2264,0.75,3.48,2.73,6,10.93,419.532
L3,L324,ACACME,5.1,,b,20.41785,0.75,3.48,2.73,6,10.93,406.356
L3,L324,ACACME,5.6,M,M,24.6176,0.6,3.54,2.94,1.64,3.21,472.236
L3,L324,ACACME,5.1,,b,20.41785,0.6,3.54,2.94,1.64,3.21,406.356
L3,L324,ACACME,4.5,,b,15.89625,0.6,3.54,2.94,1.64,3.21,327.3
L3,L324,ACACME,4.9,,b,18.84785,0.6,3.54,2.94,1.64,3.21,380.004
L3,L324,ACACME,5.7,M,M,25.50465,0.8,3.73,2.93,5.62,10.97,485.412
L3,L324,ACACME,3.7,,b,10.74665,0.8,3.73,2.93,5.62,10.97,221.892
L3,L324,ACACME,3.5,,b,9.61625,0.8,3.73,2.93,5.62,10.97,195.54
L3,L324,ACACME,2.7,,b,5.72265,0.8,3.73,2.93,5.62,10.97,90.132
L3,L324,ACACME,6.43,M,M,32.4557465,0.95,3.52,2.57,7.83,13.42,581.5968
L3,L324,ACACME,4.5,,b,15.89625,0.95,3.52,2.57,7.83,13.42,327.3
L3,L324,ACACME,4.2,,b,13.8474,0.95,3.52,2.57,7.83,13.42,287.772
L3,L324,ACACME,3.5,,b,9.61625,0.95,3.52,2.57,7.83,13.42,195.54
L3,L324,ACACME,7.2,M,M,40.6944,0.4,2.83,2.43,6.33,10.25,683.052
L3,L324,ACACME,5.5,,b,23.74625,0.4,2.83,2.43,6.33,10.25,459.06
L3,L324,ACACME,4.7,,b,17.34065,0.4,2.83,2.43,6.33,10.25,353.652
L3,L324,ACACME,4.8,,b,18.0864,0.4,2.83,2.43,6.33,10.25,366.828
L3,L324,ACACME,5.9,,b,27.32585,0.4,2.83,2.43,6.33,10.25,511.764
L3,L324,ACACME,5.9,,b,27.32585,0.4,2.83,2.43,6.33,10.25,511.764
L3,L324,ACACME,6.7,M,M,35.23865,2.43,2.83,0.4,15.11,4.03,617.172
L3,L324,ACACME,4.5,,b,15.89625,2.43,2.83,0.4,15.11,4.03,327.3
L3,L324,ACACME,5.5,,b,23.74625,2.43,2.83,0.4,15.11,4.03,459.06
L3,L324,ACACME,6.5,,b,33.16625,2.43,2.83,0.4,15.11,4.03,590.82
L3,L324,ACACME,10.03,M,M,78.9717065,1,3.73,2.73,14.59,26.55,1055.9328
L3,L324,ACACME,7,,b,38.465,1,3.73,2.73,14.59,26.55,656.7
L3,L324,ACACME,8.3,,b,54.07865,1,3.73,2.73,14.59,26.55,827.988
L3,L324,ACACME,6.5,,b,33.16625,1,3.73,2.73,14.59,26.55,590.82
L3,L324,ACACME,4.9,,b,18.84785,1,3.73,2.73,14.59,26.55,380.004
L3,L324,ACACME,5.5,,b,23.74625,1,3.73,2.73,14.59,26.55,459.06
L3,L324,ACACME,7.5,M,M,44.15625,1.22,4.29,3.07,7.29,14.92,722.58
L3,L324,ACACME,6.4,,b,32.1536,1.22,4.29,3.07,7.29,14.92,577.644
L3,L324,ACACME,5.4,,b,22.8906,1.22,4.29,3.07,7.29,14.92,445.884
L3,L324,ACACME,3.7,,b,10.74665,1.22,4.29,3.07,7.29,14.92,221.892
L3,L324,ACACME,9.14,M,M,65.578586,0.8,3.04,2.24,8.29,12.38,938.6664
L3,L324,ACACME,5.1,,b,20.41785,0.8,3.04,2.24,8.29,12.38,406.356
L3,L324,ACACME,6.3,,b,31.15665,0.8,3.04,2.24,8.29,12.38,564.468
L3,L324,ACACME,7.4,M,M,42.9866,0.7,2.87,2.17,16.73,24.21,709.404
L3,L324,ACACME,5.7,,b,25.50465,0.7,2.87,2.17,16.73,24.21,485.412
L3,L324,ACACME,2.5,,b,4.90625,0.7,2.87,2.17,16.73,24.21,63.78
L3,L324,ACACME,4.7,,b,17.34065,0.7,2.87,2.17,16.73,24.21,353.652
L3,L324,ACACME,5.5,,b,23.74625,0.7,2.87,2.17,16.73,24.21,459.06
L3,L325,ACACME,10.4,M,M,84.9056,1.22,3.34,2.12,10.6,14.98,1104.684
L3,L325,ACACME,9.7,,b,73.86065,1.22,3.34,2.12,10.6,14.98,1012.452
L3,L325,ACACME,7.9,,b,48.99185,1.22,3.34,2.12,10.6,14.98,775.284
L3,L326,ACACME,21.5,M,M,362.86625,0.85,4.15,3.3,25.22,55.49,2567.22
L3,L326,ACACME,19.8,,b,307.7514,0.85,4.15,3.3,25.22,55.49,2343.228
L3,L327,ACACME,4.7,M,M,17.34065,0.7,2.04,1.34,4.06,3.63,353.652
L3,L327,ACACME,2.7,,b,5.72265,0.7,2.04,1.34,4.06,3.63,90.132
L3,L327,ACACME,1.7,,b,2.26865,0.7,2.04,1.34,4.06,3.63,-41.628
L3,L328,ACACME,9.4,M,M,69.3626,0.8,3.14,2.34,11.87,18.52,972.924
L3,L328,ACACME,5.1,,b,20.41785,0.8,3.14,2.34,11.87,18.52,406.356
L3,L328,ACACME,3.1,,b,7.54385,0.8,3.14,2.34,11.87,18.52,142.836
L3,L328,ACACME,2.5,,b,4.90625,0.8,3.14,2.34,11.87,18.52,63.78
L3,L328,ACACME,7.1,M,M,39.57185,0.75,2.22,1.47,8.15,7.99,669.876
L3,L328,ACACME,4.4,,b,15.1976,0.75,2.22,1.47,8.15,7.99,314.124
L3,L328,ACACME,3.4,,b,9.0746,0.75,2.22,1.47,8.15,7.99,182.364
L3,L328,ACACME,4.5,,b,15.89625,0.75,2.22,1.47,8.15,7.99,327.3
L3,L328,ACACME,6.4,,b,32.1536,0.75,2.22,1.47,8.15,7.99,577.644
L3,L328,ACACME,4.4,,b,15.1976,0.75,2.22,1.47,8.15,7.99,314.124
L3,L330,ACACME,7.5,M,M,44.15625,0.6,3.4,2.8,7.29,13.62,722.58
L3,L330,ACACME,6.4,,b,32.1536,0.6,3.4,2.8,7.29,13.62,577.644
L3,L330,ACACME,5.5,,b,23.74625,0.6,3.4,2.8,7.29,13.62,459.06
L3,L330,ACACME,3.7,,b,10.74665,0.6,3.4,2.8,7.29,13.62,221.892
L3,L330,ACACME,2.7,,b,5.72265,0.6,3.4,2.8,7.29,13.62,90.132
L3,L330,ACACME,2.5,,b,4.90625,0.6,3.4,2.8,7.29,13.62,63.78
L3,L330,ACACME,10.5,M,M,86.54625,0.8,3.62,2.82,14.05,26.42,1117.86
L3,L330,ACACME,5.9,,b,27.32585,0.8,3.62,2.82,14.05,26.42,511.764
L3,L330,ACACME,4.9,,b,18.84785,0.8,3.62,2.82,14.05,26.42,380.004
L3,L330,ACACME,6.5,,b,33.16625,0.8,3.62,2.82,14.05,26.42,590.82
L3,L330,ACACME,7.1,,b,39.57185,0.8,3.62,2.82,14.05,26.42,669.876
L3,L330,ACACME,3.7,,b,10.74665,0.8,3.62,2.82,14.05,26.42,221.892
L3,L332,ACACME,7.6,M,M,45.3416,0.7,3.76,3.06,5.51,11.25,735.756
L3,L332,ACACME,6.5,,b,33.16625,0.7,3.76,3.06,5.51,11.25,590.82
L3,L332,ACACME,3.7,,b,10.74665,0.7,3.76,3.06,5.51,11.25,221.892
L3,L332,ACACME,4.7,,b,17.34065,0.7,3.76,3.06,5.51,11.25,353.652
L3,L332,ACACME,8,M,M,50.24,1.51,4.74,3.23,12.27,26.42,788.46
L3,L332,ACACME,7,,b,38.465,1.51,4.74,3.23,12.27,26.42,656.7
L3,L332,ACACME,6.3,,b,31.15665,1.51,4.74,3.23,12.27,26.42,564.468
L3,L332,ACACME,7.6,,b,45.3416,1.51,4.74,3.23,12.27,26.42,735.756
L3,L332,ACACME,7.1,M,M,39.57185,0.4,3.23,2.83,5.39,10.17,669.876
L3,L332,ACACME,6.2,,b,30.1754,0.4,3.23,2.83,5.39,10.17,551.292
L3,L332,ACACME,5.9,,b,27.32585,0.4,3.23,2.83,5.39,10.17,511.764
L3,L333,ACACME,12.9,M,M,130.63185,0.9,4.97,4.07,22.28,60.45,1434.084
L3,L333,ACACME,8.5,,b,56.71625,0.9,4.97,4.07,22.28,60.45,854.34
L3,L333,ACACME,6.7,,b,35.23865,0.9,4.97,4.07,22.28,60.45,617.172
L3,L333,ACACME,8.9,,b,62.17985,0.9,4.97,4.07,22.28,60.45,907.044
L3,L333,ACACME,8.1,,b,51.50385,0.9,4.97,4.07,22.28,60.45,801.636
L3,L333,ACACME,7.9,M,M,48.99185,0.74,4.73,3.99,14.51,38.59,775.284
L3,L333,ACACME,6.8,,b,36.2984,0.74,4.73,3.99,14.51,38.59,630.348
L3,L333,ACACME,6.1,,b,29.20985,0.74,4.73,3.99,14.51,38.59,538.116
L3,L333,ACACME,4.2,,b,13.8474,0.74,4.73,3.99,14.51,38.59,287.772
L3,L333,ACACME,3.6,,b,10.1736,0.74,4.73,3.99,14.51,38.59,208.716
L3,L333,ACACME,5.9,,b,27.32585,0.74,4.73,3.99,14.51,38.59,511.764
L3,L333,ACACME,8.7,M,M,59.41665,0.8,4.02,3.22,10.47,22.47,880.692
L3,L333,ACACME,5.5,,b,23.74625,0.8,4.02,3.22,10.47,22.47,459.06
L3,L333,ACACME,5,,b,19.625,0.8,4.02,3.22,10.47,22.47,393.18
L3,L333,ACACME,2.5,,b,4.90625,0.8,4.02,3.22,10.47,22.47,63.78
L3,L333,ACACME,7.4,M,M,42.9866,0.7,4.03,3.33,12.67,28.12,709.404
L3,L333,ACACME,2.5,,b,4.90625,0.7,4.03,3.33,12.67,28.12,63.78
L3,L333,ACACME,4.7,,b,17.34065,0.7,4.03,3.33,12.67,28.12,353.652
L3,L333,ACACME,3.7,,b,10.74665,0.7,4.03,3.33,12.67,28.12,221.892
L3,L333,ACACME,6.2,,b,30.1754,0.7,4.03,3.33,12.67,28.12,551.292
L3,L333,ACACME,4,,b,12.56,0.7,4.03,3.33,12.67,28.12,261.42
L3,L333,ACACME,2.5,,b,4.90625,0.7,4.03,3.33,12.67,28.12,63.78
L3,L333,ACACME,4.7,,b,17.34065,0.7,4.03,3.33,12.67,28.12,353.652
L3,L333,ACACME,5.7,,b,25.50465,0.7,4.03,3.33,12.67,28.12,485.412
L3,L333,ACACME,7.5,M,M,44.15625,0.8,3.25,2.45,13.33,21.78,722.58
L3,L333,ACACME,6.5,,b,33.16625,0.8,3.25,2.45,13.33,21.78,590.82
L3,L333,ACACME,5.7,,b,25.50465,0.8,3.25,2.45,13.33,21.78,485.412
L3,L333,ACACME,1.7,,b,2.26865,0.8,3.25,2.45,13.33,21.78,-41.628
L3,L333,ACACME,7.2,M,M,40.6944,1,3.05,2.05,12.4,16.95,683.052
L3,L333,ACACME,5.9,,b,27.32585,1,3.05,2.05,12.4,16.95,511.764
L3,L333,ACACME,6.5,,b,33.16625,1,3.05,2.05,12.4,16.95,590.82
L3,L333,ACACME,5,,b,19.625,1,3.05,2.05,12.4,16.95,393.18
L3,L333,ACACME,4,,b,12.56,1,3.05,2.05,12.4,16.95,261.42
L3,L333,ACACME,3.4,,b,9.0746,1,3.05,2.05,12.4,16.95,182.364
L3,L333,ACACME,7.5,M,M,44.15625,0.9,3.29,2.39,11.96,19.06,722.58
L3,L333,ACACME,4.5,,b,15.89625,0.9,3.29,2.39,11.96,19.06,327.3
L3,L333,ACACME,3.1,,b,7.54385,0.9,3.29,2.39,11.96,19.06,142.836
L3,L333,ACACME,3.5,,b,9.61625,0.9,3.29,2.39,11.96,19.06,195.54
L3,L333,ACACME,3.9,,b,11.93985,0.9,3.29,2.39,11.96,19.06,248.244
L3,L333,ACACME,4.5,,b,15.89625,0.9,3.29,2.39,11.96,19.06,327.3
L3,L333,ACACME,5.5,,b,23.74625,0.9,3.29,2.39,11.96,19.06,459.06
L3,L333,ACACME,4.1,,b,13.19585,0.9,3.29,2.39,11.96,19.06,274.596
L3,L333,ACACME,6.7,M,M,35.23865,0.9,4.19,3.29,13.81,30.28,617.172
L3,L333,ACACME,5.7,,b,25.50465,0.9,4.19,3.29,13.81,30.28,485.412
L3,L333,ACACME,5.2,,b,21.2264,0.9,4.19,3.29,13.81,30.28,419.532
L3,L333,ACACME,4.7,,b,17.34065,0.9,4.19,3.29,13.81,30.28,353.652
L3,L333,ACACME,6.2,,b,30.1754,0.9,4.19,3.29,13.81,30.28,551.292
L3,L333,ACACME,6.9,,b,37.37385,0.9,4.19,3.29,13.81,30.28,643.524
L3,L333,ACACME,5.5,M,M,23.74625,1.1,4.12,3.02,11.27,22.69,459.06
L3,L333,ACACME,5.3,,b,22.05065,1.1,4.12,3.02,11.27,22.69,432.708
L3,L333,ACACME,4.7,,b,17.34065,1.1,4.12,3.02,11.27,22.69,353.652
L3,L333,ACACME,3.7,,b,10.74665,1.1,4.12,3.02,11.27,22.69,221.892
L3,L333,ACACME,2.7,,b,5.72265,1.1,4.12,3.02,11.27,22.69,90.132
L3,L333,ACACME,5.2,,b,21.2264,1.1,4.12,3.02,11.27,22.69,419.532
L3,L333,ACACME,4.7,,b,17.34065,1.1,4.12,3.02,11.27,22.69,353.652
L3,L333,ACACME,7.5,M,M,44.15625,0.7,2.32,1.62,7.65,8.27,722.58
L3,L333,ACACME,5.1,,b,20.41785,0.7,2.32,1.62,7.65,8.27,406.356
L3,L333,ACACME,4.7,,b,17.34065,0.7,2.32,1.62,7.65,8.27,353.652
L3,L333,ACACME,3.7,,b,10.74665,0.7,2.32,1.62,7.65,8.27,221.892
L3,L333,ACACME,2.7,,b,5.72265,0.7,2.32,1.62,7.65,8.27,90.132
L3,L333,ACACME,9.7,M,M,73.86065,0.7,2.32,1.62,7.65,8.27,1012.452
L3,L333,ACACME,8.3,,b,54.07865,0.7,2.32,1.62,7.65,8.27,827.988
L3,L333,ACACME,6.9,M,M,37.37385,0.7,2.93,2.23,8.18,12.16,643.524
L3,L333,ACACME,5.1,,b,20.41785,0.7,2.93,2.23,8.18,12.16,406.356
L3,L333,ACACME,6.1,,b,29.20985,0.7,2.93,2.23,8.18,12.16,538.116
L3,L333,ACACME,6.5,,b,33.16625,0.7,2.93,2.23,8.18,12.16,590.82
L3,L333,ACACME,2.9,,b,6.60185,0.7,2.93,2.23,8.18,12.16,116.484
L3,L333,ACACME,2.5,,b,4.90625,0.7,2.93,2.23,8.18,12.16,63.78
L3,L333,ACACME,8.1,M,M,51.50385,0.7,3.19,2.49,9.11,15.12,801.636
L3,L333,ACACME,6.7,,b,35.23865,0.7,3.19,2.49,9.11,15.12,617.172
L3,L333,ACACME,7.7,,b,46.54265,0.7,3.19,2.49,9.11,15.12,748.932
L3,L333,ACACME,7.5,M,M,44.15625,0.7,3.25,2.55,6.13,10.42,722.58
L3,L333,ACACME,6.4,,b,32.1536,0.7,3.25,2.55,6.13,10.42,577.644
L3,L333,ACACME,6.3,,b,31.15665,0.7,3.25,2.55,6.13,10.42,564.468
L3,L333,ACACME,4.3,,b,14.51465,0.7,3.25,2.55,6.13,10.42,300.948
L3,L333,ACACME,9.6,M,M,72.3456,0.8,3.66,2.86,7.47,14.24,999.276
L3,L333,ACACME,6.3,,b,31.15665,0.8,3.66,2.86,7.47,14.24,564.468
L3,L333,ACACME,4.5,,b,15.89625,0.8,3.66,2.86,7.47,14.24,327.3
L3,L333,ACACME,5.3,,b,22.05065,0.8,3.66,2.86,7.47,14.24,432.708
L3,L333,ACACME,3.9,,b,11.93985,0.8,3.66,2.86,7.47,14.24,248.244
L3,L333,ACACME,5,,b,19.625,0.8,3.66,2.86,7.47,14.24,393.18
L3,L333,ACACME,7.2,M,M,40.6944,0.8,3.69,2.89,25.74,49.58,683.052
L3,L333,ACACME,6.4,,b,32.1536,0.8,3.69,2.89,25.74,49.58,577.644
L3,L333,ACACME,4.4,,b,15.1976,0.8,3.69,2.89,25.74,49.58,314.124
L3,L333,ACACME,6.5,,b,33.16625,0.8,3.69,2.89,25.74,49.58,590.82
L3,L333,ACACME,2.3,,b,4.15265,0.8,3.69,2.89,25.74,49.58,37.428
L3,L333,ACACME,10.3,M,M,83.28065,0.6,3.44,2.84,12.41,23.51,1091.508
L3,L333,ACACME,6.5,,b,33.16625,0.6,3.44,2.84,12.41,23.51,590.82
L3,L333,ACACME,5.1,,b,20.41785,0.6,3.44,2.84,12.41,23.51,406.356
L3,L333,ACACME,5.9,,b,27.32585,0.6,3.44,2.84,12.41,23.51,511.764
L3,L333,ACACME,2.5,,b,4.90625,0.6,3.44,2.84,12.41,23.51,63.78
L3,L333,ACACME,4,,b,12.56,0.6,3.44,2.84,12.41,23.51,261.42
L3,L333,ACACME,3.1,,b,7.54385,0.6,3.44,2.84,12.41,23.51,142.836
L3,L333,ACACME,6.2,,b,30.1754,0.6,3.44,2.84,12.41,23.51,551.292
L3,L333,ACACME,6.4,M,M,32.1536,1.2,4.07,2.87,28.49,54.51,577.644
L3,L333,ACACME,4.9,,b,18.84785,1.2,4.07,2.87,28.49,54.51,380.004
L3,L333,ACACME,5.2,,b,21.2264,1.2,4.07,2.87,28.49,54.51,419.532
L3,L333,ACACME,6.1,,b,29.20985,1.2,4.07,2.87,28.49,54.51,538.116
L3,L333,ACACME,6.2,,b,30.1754,1.2,4.07,2.87,28.49,54.51,551.292
L3,L333,ACACME,3.5,,b,9.61625,1.2,4.07,2.87,28.49,54.51,195.54
L3,L334,ACACME,7.1,M,M,39.57185,0.54,3.66,3.12,8.34,17.35,669.876
L3,L334,ACACME,5.4,,b,22.8906,0.54,3.66,3.12,8.34,17.35,445.884
L3,L334,ACACME,6.3,,b,31.15665,0.54,3.66,3.12,8.34,17.35,564.468
L3,L334,ACACME,4.5,,b,15.89625,0.54,3.66,3.12,8.34,17.35,327.3
L3,L334,ACACME,6,,b,28.26,0.54,3.66,3.12,8.34,17.35,524.94
L3,L334,ACACME,3.1,,b,7.54385,0.54,3.66,3.12,8.34,17.35,142.836
L3,L334,ACACME,7.6,M,M,45.3416,0.52,2.65,2.13,3.22,4.57,735.756
L3,L334,ACACME,4.2,,b,13.8474,0.52,2.65,2.13,3.22,4.57,287.772
L3,L334,ACACME,3.6,,b,10.1736,0.52,2.65,2.13,3.22,4.57,208.716
L3,L334,ACACME,3.4,,b,9.0746,0.52,2.65,2.13,3.22,4.57,182.364
L3,L334,ACACME,5.6,,b,24.6176,0.52,2.65,2.13,3.22,4.57,472.236
L3,L334,ACACME,2.8,,b,6.1544,0.52,2.65,2.13,3.22,4.57,103.308
L3,L334,ACACME,4.9,M,M,18.84785,0.6,2.22,1.62,3.33,3.6,380.004
L3,L334,ACACME,3.2,,b,8.0384,0.6,2.22,1.62,3.33,3.6,156.012
L3,L334,ACACME,4.4,,b,15.1976,0.6,2.22,1.62,3.33,3.6,314.124
L3,L334,ACACME,2.6,,b,5.3066,0.6,2.22,1.62,3.33,3.6,76.956
L3,L334,ACACME,9.6,M,M,72.3456,0.8,2.24,1.44,17.38,16.68,999.276
L3,L334,ACACME,7.8,,b,47.7594,0.8,2.24,1.44,17.38,16.68,762.108
L3,L334,ACACME,6.2,,b,30.1754,0.8,2.24,1.44,17.38,16.68,551.292
L3,L334,ACACME,5.5,,b,23.74625,0.8,2.24,1.44,17.38,16.68,459.06
L3,L334,ACACME,4.3,,b,14.51465,0.8,2.24,1.44,17.38,16.68,300.948
L3,L334,ACACME,3.2,,b,8.0384,0.8,2.24,1.44,17.38,16.68,156.012
L3,L334,ACACME,8.4,M,M,55.3896,0.7,3.02,2.32,11.98,18.53,841.164
L3,L334,ACACME,7.2,,b,40.6944,0.7,3.02,2.32,11.98,18.53,683.052
L3,L334,ACACME,6.2,,b,30.1754,0.7,3.02,2.32,11.98,18.53,551.292
L3,L334,ACACME,5.7,,b,25.50465,0.7,3.02,2.32,11.98,18.53,485.412
L3,L334,ACACME,4.8,,b,18.0864,0.7,3.02,2.32,11.98,18.53,366.828
L3,L334,ACACME,3.4,,b,9.0746,0.7,3.02,2.32,11.98,18.53,182.364
L3,L334,ACACME,9.4,M,M,69.3626,0.4,3.31,2.91,11.44,22.19,972.924
L3,L334,ACACME,8.1,,b,51.50385,0.4,3.31,2.91,11.44,22.19,801.636
L3,L334,ACACME,7.7,,b,46.54265,0.4,3.31,2.91,11.44,22.19,748.932
L3,L334,ACACME,3,,b,7.065,0.4,3.31,2.91,11.44,22.19,129.66
L3,L334,ACACME,4,,b,12.56,0.4,3.31,2.91,11.44,22.19,261.42
L3,L334,ACACME,3.8,,b,11.3354,0.4,3.31,2.91,11.44,22.19,235.068
L3,L335,ACACME,7.1,M,M,39.57185,0.66,3.67,3.01,5.6,11.23,669.876
L3,L335,ACACME,6,,b,28.26,0.66,3.67,3.01,5.6,11.23,524.94
L3,L335,ACACME,5.2,,b,21.2264,0.66,3.67,3.01,5.6,11.23,419.532
L3,L335,ACACME,10.8,M,M,91.5624,0.8,3.04,2.24,5.16,7.71,1157.388
L3,L335,ACACME,7.2,,b,40.6944,0.8,3.04,2.24,5.16,7.71,683.052
L3,L335,ACACME,7.4,,b,42.9866,0.8,3.04,2.24,5.16,7.71,709.404
L3,L335,ACACME,6.5,,b,33.16625,0.8,3.04,2.24,5.16,7.71,590.82
L3,L335,ACACME,4.8,,b,18.0864,0.8,3.04,2.24,5.16,7.71,366.828
L3,L335,ACACME,3.6,,b,10.1736,0.8,3.04,2.24,5.16,7.71,208.716
L3,L335,ACACME,9.9,M,M,76.93785,0.65,4.11,3.46,6.76,15.6,1038.804
L3,L335,ACACME,7.9,,b,48.99185,0.65,4.11,3.46,6.76,15.6,775.284
L3,L335,ACACME,4.8,,b,18.0864,0.65,4.11,3.46,6.76,15.6,366.828
L3,L335,ACACME,6.5,,b,33.16625,0.65,4.11,3.46,6.76,15.6,590.82
L3,L335,ACACME,4.2,,b,13.8474,0.65,4.11,3.46,6.76,15.6,287.772
L3,L335,ACACME,3.5,,b,9.61625,0.65,4.11,3.46,6.76,15.6,195.54
L3,L335,ACACME,2.7,,b,5.72265,0.65,4.11,3.46,6.76,15.6,90.132
L3,L335,ACACME,5.4,M,M,22.8906,0.4,2.1,1.7,6.91,7.83,445.884
L3,L335,ACACME,4.3,,b,14.51465,0.4,2.1,1.7,6.91,7.83,300.948
L3,L335,ACACME,4,,b,12.56,0.4,2.1,1.7,6.91,7.83,261.42
L3,L335,ACACME,3.3,,b,8.54865,0.4,2.1,1.7,6.91,7.83,169.188
L3,L335,ACACME,2.9,,b,6.60185,0.4,2.1,1.7,6.91,7.83,116.484
L3,L335,ACACME,4.8,M,M,18.0864,0.63,2.32,1.69,14.99,16.89,366.828
L3,L335,ACACME,3.8,,b,11.3354,0.63,2.32,1.69,14.99,16.89,235.068
L3,L335,ACACME,2.7,,b,5.72265,0.63,2.32,1.69,14.99,16.89,90.132
L3,L335,ACACME,2.3,,b,4.15265,0.63,2.32,1.69,14.99,16.89,37.428
L3,L335,ACACME,7.8,M,M,47.7594,0.48,2.56,2.08,3.82,5.3,762.108
L3,L335,ACACME,3.4,,b,9.0746,0.48,2.56,2.08,3.82,5.3,182.364
L3,L335,ACACME,4.4,,b,15.1976,0.48,2.56,2.08,3.82,5.3,314.124
L3,L335,ACACME,5.6,,b,24.6176,0.48,2.56,2.08,3.82,5.3,472.236
L3,L335,ACACME,3.4,,b,9.0746,0.48,2.56,2.08,3.82,5.3,182.364
L3,L335,ACACME,7.3,M,M,41.83265,0.52,2.89,2.37,4.71,7.44,696.228
L3,L335,ACACME,4.8,,b,18.0864,0.52,2.89,2.37,4.71,7.44,366.828
L3,L335,ACACME,6.8,,b,36.2984,0.52,2.89,2.37,4.71,7.44,630.348
L3,L335,ACACME,4.5,,b,15.89625,0.52,2.89,2.37,4.71,7.44,327.3
L3,L335,ACACME,5.6,,b,24.6176,0.52,2.89,2.37,4.71,7.44,472.236
L3,L335,ACACME,2.9,,b,6.60185,0.52,2.89,2.37,4.71,7.44,116.484
L3,L336,ACACME,15.1,M,M,178.98785,0.97,3.72,2.75,15.02,27.54,1723.956
L3,L336,ACACME,9.2,,b,66.4424,0.97,3.72,2.75,18.85,34.55,946.572
L3,L336,ACACME,6.8,,b,36.2984,0.97,3.72,2.75,18.85,34.55,630.348
L3,L336,ACACME,7.4,,b,42.9866,0.97,3.72,2.75,18.85,34.55,709.404
L3,L336,ACACME,3.5,,b,9.61625,0.97,3.72,2.75,18.85,34.55,195.54
L3,L336,ACACME,2.8,,b,6.1544,0.97,3.72,2.75,18.85,34.55,103.308
L3,L336,ACACME,4.6,,b,16.6106,0.97,3.72,2.75,18.85,34.55,340.476
L3,L336,ACACME,4.2,,b,13.8474,0.97,3.72,2.75,18.85,34.55,287.772
L3,L336,ACACME,9.7,M,M,73.86065,0.7,3.49,2.79,9.08,16.89,1012.452
L3,L336,ACACME,6.6,,b,34.1946,0.7,3.49,2.79,9.08,16.89,603.996
L3,L336,ACACME,4.4,,b,15.1976,0.7,3.49,2.79,9.08,16.89,314.124
L3,L336,ACACME,4.5,,b,15.89625,0.7,3.49,2.79,9.08,16.89,327.3
L3,L336,ACACME,7.7,,b,46.54265,0.7,3.49,2.79,9.08,16.89,748.932
L3,L336,ACACME,6.8,,b,36.2984,0.7,3.49,2.79,9.08,16.89,630.348
L3,L336,ACACME,5.6,,b,24.6176,0.7,3.49,2.79,9.08,16.89,472.236
L3,L336,ACACME,4.2,,b,13.8474,0.7,3.49,2.79,9.08,16.89,287.772
L3,L336,ACACME,3,,b,7.065,0.7,3.49,2.79,9.08,16.89,129.66
L3,L338,ACACME,8.8,M,M,60.7904,0.4,1.57,1.17,20.1,15.67,893.868
L3,L338,ACACME,7.7,,b,46.54265,0.4,1.57,1.17,20.1,15.67,748.932
L3,L338,ACACME,7.9,,b,48.99185,0.4,1.57,1.17,20.1,15.67,775.284
L3,L338,ACACME,6.5,,b,33.16625,0.4,1.57,1.17,20.1,15.67,590.82
L3,L338,ACACME,4.5,,b,15.89625,0.4,1.57,1.17,20.1,15.67,327.3
L3,L338,ACACME,3.5,,b,9.61625,0.4,1.57,1.17,20.1,15.67,195.54
L3,L338,ACACME,6.7,M,M,35.23865,0.5,2.3,1.8,7.77,9.33,617.172
L3,L338,ACACME,6.2,,b,30.1754,0.5,2.3,1.8,7.77,9.33,551.292
L3,L338,ACACME,6.5,,b,33.16625,0.5,2.3,1.8,7.77,9.33,590.82
L3,L338,ACACME,2.5,,b,4.90625,0.5,2.3,1.8,7.77,9.33,63.78
L3,L339,ACACME,9.6,M,M,72.3456,0.9,3.34,2.44,8.42,13.69,999.276
L3,L339,ACACME,8.2,,b,52.7834,0.9,3.34,2.44,8.42,13.69,814.812
L3,L339,ACACME,4.1,,b,13.19585,0.9,3.34,2.44,8.42,13.69,274.596
L3,L339,ACACME,4.2,,b,13.8474,0.9,3.34,2.44,8.42,13.69,287.772
L3,L339,ACACME,5.6,,b,24.6176,0.9,3.34,2.44,8.42,13.69,472.236
L3,L339,ACACME,5.8,M,M,26.4074,0.8,3.76,2.96,16.96,33.46,498.588
L3,L339,ACACME,2.2,,b,3.7994,0.8,3.76,2.96,16.96,33.46,24.252
L3,L339,ACACME,3.1,,b,7.54385,0.8,3.76,2.96,16.96,33.46,142.836
L3,L339,ACACME,4.5,,b,15.89625,0.8,3.76,2.96,16.96,33.46,327.3
L3,L339,ACACME,4.7,,b,17.34065,0.8,3.76,2.96,16.96,33.46,353.652
L3,L339,ACACME,5.7,M,M,25.50465,0.7,2.32,1.62,7.83,8.46,485.412
L3,L339,ACACME,3.4,,b,9.0746,0.7,2.32,1.62,7.83,8.46,182.364
L3,L339,ACACME,5.7,,b,25.50465,0.7,2.32,1.62,7.83,8.46,485.412
L3,L339,ACACME,3.8,,b,11.3354,0.7,2.32,1.62,7.83,8.46,235.068
L3,L339,ACACME,4.5,,b,15.89625,0.7,2.32,1.62,7.83,8.46,327.3
L3,L339,ACACME,4.7,,b,17.34065,0.7,2.32,1.62,7.83,8.46,353.652
L3,L339,ACACME,10.7,M,M,89.87465,0.6,4.38,3.78,19.04,47.98,1144.212
L3,L339,ACACME,6.5,,b,33.16625,0.6,4.38,3.78,19.04,47.98,590.82
L3,L339,ACACME,5.6,,b,24.6176,0.6,4.38,3.78,19.04,47.98,472.236
L3,L339,ACACME,7.1,,b,39.57185,0.6,4.38,3.78,19.04,47.98,669.876
L3,L339,ACACME,7,,b,38.465,0.6,4.38,3.78,19.04,47.98,656.7
L3,L339,ACACME,4.5,,b,15.89625,0.6,4.38,3.78,19.04,47.98,327.3
L3,L339,ACACME,4.7,,b,17.34065,0.6,4.38,3.78,19.04,47.98,353.652
L3,L339,ACACME,3.2,,b,8.0384,0.6,4.38,3.78,19.04,47.98,156.012
L3,L339,ACACME,7.6,M,M,45.3416,0.8,3.99,3.19,11.91,25.33,735.756
L3,L339,ACACME,6.5,,b,33.16625,0.8,3.99,3.19,11.91,25.33,590.82
L3,L339,ACACME,6.8,,b,36.2984,0.8,3.99,3.19,11.91,25.33,630.348
L3,L339,ACACME,5.8,,b,26.4074,0.8,3.99,3.19,11.91,25.33,498.588
L3,L339,ACACME,7,,b,38.465,0.8,3.99,3.19,11.91,25.33,656.7
L3,L339,ACACME,3.5,,b,9.61625,0.8,3.99,3.19,11.91,25.33,195.54
L3,L339,ACACME,2.6,,b,5.3066,0.8,3.99,3.19,11.91,25.33,76.956
L3,L339,ACACME,1.9,,b,2.83385,0.8,3.99,3.19,11.91,25.33,-15.276
L3,L339,ACACME,8.5,M,M,56.71625,0.8,3.86,3.06,8.08,16.49,854.34
L3,L339,ACACME,8.5,,b,56.71625,0.8,3.86,3.06,8.08,16.49,854.34
L3,L339,ACACME,5.8,,b,26.4074,0.8,3.86,3.06,8.08,16.49,498.588
L3,L339,ACACME,5,,b,19.625,0.8,3.86,3.06,8.08,16.49,393.18
L3,L339,ACACME,5.7,,b,25.50465,0.8,3.86,3.06,8.08,16.49,485.412
L3,L339,ACACME,4.4,,b,15.1976,0.8,3.86,3.06,8.08,16.49,314.124
L3,L339,ACACME,3.5,,b,9.61625,0.8,3.86,3.06,8.08,16.49,195.54
L3,L339,ACACME,4.8,,b,18.0864,0.8,3.86,3.06,8.08,16.49,366.828
L3,L339,ACACME,6,M,M,28.26,0.5,3.87,3.37,10.1,22.7,524.94
L3,L339,ACACME,3.8,,b,11.3354,0.5,3.87,3.37,10.1,22.7,235.068
L3,L339,ACACME,5.2,,b,21.2264,0.5,3.87,3.37,10.1,22.7,419.532
L3,L339,ACACME,4.7,,b,17.34065,0.5,3.87,3.37,10.1,22.7,353.652
L3,L339,ACACME,3.9,,b,11.93985,0.5,3.87,3.37,10.1,22.7,248.244
L3,L339,ACACME,2.5,,b,4.90625,0.5,3.87,3.37,10.1,22.7,63.78
L3,L339,ACACME,7.4,M,M,42.9866,0.85,3.25,2.4,7.74,12.38,709.404
L3,L339,ACACME,5.2,,b,21.2264,0.85,3.25,2.4,7.74,12.38,419.532
L3,L339,ACACME,6.2,,b,30.1754,0.85,3.25,2.4,7.74,12.38,551.292
L3,L339,ACACME,6.7,,b,35.23865,0.85,3.25,2.4,7.74,12.38,617.172
L3,L339,ACACME,5,,b,19.625,0.85,3.25,2.4,7.74,12.38,393.18
L3,L339,ACACME,4.8,,b,18.0864,0.85,3.25,2.4,7.74,12.38,366.828
L3,L339,ACACME,7.3,,b,41.83265,0.85,3.25,2.4,7.74,12.38,696.228
L3,L339,ACACME,4.9,,b,18.84785,0.85,3.25,2.4,7.74,12.38,380.004
L3,L339,ACACME,4.4,,b,15.1976,0.85,3.25,2.4,7.74,12.38,314.124
L3,L339,ACACME,5.9,M,M,27.32585,0.8,4.06,3.26,10.37,22.54,511.764
L3,L339,ACACME,3.7,,b,10.74665,0.8,4.06,3.26,10.37,22.54,221.892
L3,L339,ACACME,6.7,,b,35.23865,0.8,4.06,3.26,10.37,22.54,617.172
L3,L339,ACACME,5.8,,b,26.4074,0.8,4.06,3.26,10.37,22.54,498.588
L3,L339,ACACME,3,,b,7.065,0.8,4.06,3.26,10.37,22.54,129.66
L3,L339,ACACME,2.5,,b,4.90625,0.8,4.06,3.26,10.37,22.54,63.78
L3,L339,ACACME,9.2,M,M,66.4424,0.66,3.46,2.8,13.72,25.6,946.572
L3,L339,ACACME,4.7,,b,17.34065,0.66,3.46,2.8,13.72,25.6,353.652
L3,L339,ACACME,4.3,,b,14.51465,0.66,3.46,2.8,13.72,25.6,300.948
L3,L339,ACACME,2.9,,b,6.60185,0.66,3.46,2.8,13.72,25.6,116.484
L3,L339,ACACME,10.5,M,M,86.54625,0.83,3.8,2.97,13.9,27.53,1117.86
L3,L339,ACACME,10.1,,b,80.07785,0.83,3.8,2.97,13.9,27.53,1065.156
L3,L339,ACACME,8.5,,b,56.71625,0.83,3.8,2.97,13.9,27.53,854.34
L3,L339,ACACME,3,M,M,7.065,0.54,4.72,4.18,11.16,31.11,129.66
L3,L339,ACACME,6,,b,28.26,0.54,4.72,4.18,11.16,31.11,524.94
L3,L339,ACACME,4.5,,b,15.89625,0.54,4.72,4.18,11.16,31.11,327.3
L3,L339,ACACME,6.4,,b,32.1536,0.54,4.72,4.18,11.16,31.11,577.644
L3,L339,ACACME,6.6,M,M,34.1946,0.44,4.06,3.62,11.16,26.94,603.996
L3,L339,ACACME,6.2,,b,30.1754,0.44,4.06,3.62,11.16,26.94,551.292
L3,L339,ACACME,4.1,,b,13.19585,0.44,4.06,3.62,11.16,26.94,274.596
L3,L339,ACACME,5,,b,19.625,0.44,4.06,3.62,11.16,26.94,393.18
L3,L339,ACACME,8.4,M,M,55.3896,0.7,2.63,1.93,6.45,8.3,841.164
L3,L339,ACACME,5.2,,b,21.2264,0.7,2.63,1.93,6.45,8.3,419.532
L3,L339,ACACME,4.9,,b,18.84785,0.7,2.63,1.93,6.45,8.3,380.004
L3,L339,ACACME,3.5,,b,9.61625,0.7,2.63,1.93,6.45,8.3,195.54
L3,L340,ACACME,7.5,M,M,44.15625,0.7,2.78,2.08,9.46,13.11,722.58
L3,L340,ACACME,4.7,,b,17.34065,0.7,2.78,2.08,9.46,13.11,353.652
L3,L340,ACACME,2.5,,b,4.90625,0.7,2.78,2.08,9.46,13.11,63.78
L3,L340,ACACME,3,,b,7.065,0.7,2.78,2.08,9.46,13.11,129.66
L3,L340,ACACME,6.5,M,M,33.16625,0.8,2.52,1.72,8.88,10.19,590.82
L3,L340,ACACME,5.5,,b,23.74625,0.8,2.52,1.72,8.88,10.19,459.06
L3,L340,ACACME,6.3,,b,31.15665,0.8,2.52,1.72,8.88,10.19,564.468
L3,L340,ACACME,4.7,,b,17.34065,0.8,2.52,1.72,8.88,10.19,353.652
L3,L340,ACACME,4,,b,12.56,0.8,2.52,1.72,8.88,10.19,261.42
L3,L340,ACACME,9.6,M,M,72.3456,0.5,4.59,4.09,19.19,52.31,999.276
L3,L340,ACACME,7.5,,b,44.15625,0.5,4.59,4.09,19.19,52.31,722.58
L3,L340,ACACME,4.3,,b,14.51465,0.5,4.59,4.09,19.19,52.31,300.948
L3,L340,ACACME,6.4,,b,32.1536,0.5,4.59,4.09,19.19,52.31,577.644
L3,L340,ACACME,7,,b,38.465,0.5,4.59,4.09,19.19,52.31,656.7
L3,L340,ACACME,7.7,,b,46.54265,0.5,4.59,4.09,19.19,52.31,748.932
L3,L340,ACACME,7.9,M,M,48.99185,0.7,3.52,2.82,9.99,18.79,775.284
L3,L340,ACACME,5.5,,b,23.74625,0.7,3.52,2.82,9.99,18.79,459.06
L3,L340,ACACME,6.2,,b,30.1754,0.7,3.52,2.82,9.99,18.79,551.292
L3,L340,ACACME,3.4,,b,9.0746,0.7,3.52,2.82,9.99,18.79,182.364
L3,L340,ACACME,6.7,M,M,35.23865,1.16,3.27,2.11,10.88,15.3,617.172
L3,L340,ACACME,5.5,,b,23.74625,1.16,3.27,2.11,10.88,15.3,459.06
L3,L340,ACACME,4.7,,b,17.34065,1.16,3.27,2.11,10.88,15.3,353.652
L3,L340,ACACME,4.3,,b,14.51465,1.16,3.27,2.11,10.88,15.3,300.948
L3,L340,ACACME,3.5,,b,9.61625,1.16,3.27,2.11,10.88,15.3,195.54
L3,L340,ACACME,2.7,,b,5.72265,1.16,3.27,2.11,10.88,15.3,90.132
L3,L340,ACACME,7.9,M,M,48.99185,1.2,3.1,1.9,12.54,15.89,775.284
L3,L340,ACACME,6.5,,b,33.16625,1.2,3.1,1.9,12.54,15.89,590.82
L3,L340,ACACME,4.2,,b,13.8474,1.2,3.1,1.9,12.54,15.89,287.772
L3,L340,ACACME,5.2,,b,21.2264,1.2,3.1,1.9,12.54,15.89,419.532
L3,L340,ACACME,6.2,,b,30.1754,1.2,3.1,1.9,12.54,15.89,551.292
L3,L340,ACACME,4.7,,b,17.34065,1.2,3.1,1.9,12.54,15.89,353.652
L3,L340,ACACME,5.7,,b,25.50465,1.2,3.1,1.9,12.54,15.89,485.412
L3,L340,ACACME,7.8,M,M,47.7594,1.22,3.62,2.4,23.06,36.9,762.108
L3,L340,ACACME,4.3,,b,14.51465,1.22,3.62,2.4,23.06,36.9,300.948
L3,L340,ACACME,4.7,,b,17.34065,1.22,3.62,2.4,23.06,36.9,353.652
L3,L340,ACACME,6.9,,b,37.37385,1.22,3.62,2.4,23.06,36.9,643.524
L3,L340,ACACME,5.8,,b,26.4074,1.22,3.62,2.4,23.06,36.9,498.588
L3,L340,ACACME,4.7,,b,17.34065,1.22,3.62,2.4,23.06,36.9,353.652
L3,L340,ACACME,6.8,M,M,36.2984,1.1,1.95,0.85,9.86,5.59,630.348
L3,L340,ACACME,5.6,,b,24.6176,1.1,1.95,0.85,9.86,5.59,472.236
L3,L340,ACACME,4.7,,b,17.34065,1.1,1.95,0.85,9.86,5.59,353.652
L3,L340,ACACME,3.5,,b,9.61625,1.1,1.95,0.85,9.86,5.59,195.54
L3,L340,ACACME,2.9,,b,6.60185,1.1,1.95,0.85,9.86,5.59,116.484
L3,L340,ACACME,6.9,M,M,37.37385,0.8,2.56,1.76,6.78,7.96,643.524
L3,L340,ACACME,5.8,,b,26.4074,0.8,2.56,1.76,6.78,7.96,498.588
L3,L340,ACACME,4.7,,b,17.34065,0.8,2.56,1.76,6.78,7.96,353.652
L3,L340,ACACME,2.5,,b,4.90625,0.8,2.56,1.76,6.78,7.96,63.78
L3,L340,ACACME,4.5,,b,15.89625,0.8,2.56,1.76,6.78,7.96,327.3
L3,L340,ACACME,6.1,,b,29.20985,0.8,2.56,1.76,6.78,7.96,538.116
L3,L340,ACACME,4,,b,12.56,0.8,2.56,1.76,6.78,7.96,261.42
L3,L341,ACACME,7.5,M,M,44.15625,0.7,4.28,3.58,14.28,34.08,722.58
L3,L341,ACACME,7.1,,b,39.57185,0.7,4.28,3.58,14.28,34.08,669.876
L3,L341,ACACME,3.6,,b,10.1736,0.7,4.28,3.58,14.28,34.08,208.716
L3,L341,ACACME,3.5,,b,9.61625,0.7,4.28,3.58,14.28,34.08,195.54
L3,L341,ACACME,7.4,M,M,42.9866,0.5,3.01,2.51,6.89,11.52,709.404
L3,L341,ACACME,4.9,,b,18.84785,0.5,3.01,2.51,6.89,11.52,380.004
L3,L341,ACACME,5.4,,b,22.8906,0.5,3.01,2.51,6.89,11.52,445.884
L3,L341,ACACME,6.3,,b,31.15665,0.5,3.01,2.51,6.89,11.52,564.468
L3,L341,ACACME,6.3,M,M,31.15665,0.5,2.6,2.1,12.1,16.94,564.468
L3,L341,ACACME,6.1,,b,29.20985,0.5,2.6,2.1,12.1,16.94,538.116
L3,L341,ACACME,5.9,,b,27.32585,0.5,2.6,2.1,12.1,16.94,511.764
L3,L341,ACACME,4.4,,b,15.1976,0.5,2.6,2.1,12.1,16.94,314.124
L3,L341,ACACME,3.4,,b,9.0746,0.5,2.6,2.1,12.1,16.94,182.364
L3,L341,ACACME,4.6,,b,16.6106,0.5,2.6,2.1,12.1,16.94,340.476
L3,L341,ACACME,3.1,,b,7.54385,0.5,2.6,2.1,12.1,16.94,142.836
L3,L341,ACACME,11.6,M,M,105.6296,0.4,3.14,2.74,9.29,16.98,1262.796
L3,L341,ACACME,6.3,,b,31.15665,0.4,3.14,2.74,9.29,16.98,564.468
L3,L341,ACACME,3.3,,b,8.54865,0.4,3.14,2.74,9.29,16.98,169.188
L3,L341,ACACME,2.1,,b,3.46185,0.4,3.14,2.74,9.29,16.98,11.076
L3,L341,ACACME,2.5,,b,4.90625,0.4,3.14,2.74,9.29,16.98,63.78
L3,L341,ACACME,8.1,M,M,51.50385,0.5,4.16,3.66,12.42,30.31,801.636
L3,L341,ACACME,5.7,,b,25.50465,0.5,4.16,3.66,12.42,30.31,485.412
L3,L341,ACACME,7.3,,b,41.83265,0.5,4.16,3.66,12.42,30.31,696.228
L3,L341,ACACME,3.9,,b,11.93985,0.5,4.16,3.66,12.42,30.31,248.244
L3,L341,ACACME,6.5,,b,33.16625,0.5,4.16,3.66,12.42,30.31,590.82
L3,L341,ACACME,4.4,M,M,15.1976,0.7,2.62,1.92,8.46,10.82,314.124
L3,L341,ACACME,3.4,,b,9.0746,0.7,2.62,1.92,8.46,10.82,182.364
L3,L341,ACACME,3.1,,b,7.54385,0.7,2.62,1.92,8.46,10.82,142.836
L3,L341,ACACME,2.7,,b,5.72265,0.7,2.62,1.92,8.46,10.82,90.132
L3,L341,ACACME,5.1,M,M,20.41785,0.8,3.46,2.66,17.85,31.65,406.356
L3,L341,ACACME,4.2,,b,13.8474,0.8,3.46,2.66,17.85,31.65,287.772
L3,L341,ACACME,3.7,,b,10.74665,0.8,3.46,2.66,17.85,31.65,221.892
L3,L341,ACACME,3.5,,b,9.61625,0.8,3.46,2.66,17.85,31.65,195.54
L3,L341,ACACME,4.5,,b,15.89625,0.8,3.46,2.66,17.85,31.65,327.3
L3,L341,ACACME,7.1,M,M,39.57185,0.5,3.41,2.91,14.77,28.65,669.876
L3,L341,ACACME,4.8,,b,18.0864,0.5,3.41,2.91,14.77,28.65,366.828
L3,L341,ACACME,3.4,,b,9.0746,0.5,3.41,2.91,14.77,28.65,182.364
L3,L341,ACACME,4.1,,b,13.19585,0.5,3.41,2.91,14.77,28.65,274.596
L3,L341,ACACME,3.9,,b,11.93985,0.5,3.41,2.91,14.77,28.65,248.244
L3,L341,ACACME,3.2,,b,8.0384,0.5,3.41,2.91,14.77,28.65,156.012
L3,L341,ACACME,3.3,,b,8.54865,0.5,3.41,2.91,14.77,28.65,169.188
L3,L341,ACACME,4.9,,b,18.84785,0.5,3.41,2.91,14.77,28.65,380.004
L3,L341,ACACME,10.9,M,M,93.26585,0.7,3.05,2.35,15.72,24.63,1170.564
L3,L341,ACACME,6.8,,b,36.2984,0.7,3.05,2.35,15.72,24.63,630.348
L3,L341,ACACME,6.5,,b,33.16625,0.7,3.05,2.35,15.72,24.63,590.82
L3,L341,ACACME,3.9,,b,11.93985,0.7,3.05,2.35,15.72,24.63,248.244
L3,L341,ACACME,4.8,,b,18.0864,0.7,3.05,2.35,15.72,24.63,366.828
L3,L341,ACACME,4.7,,b,17.34065,0.7,3.05,2.35,15.72,24.63,353.652
L3,L341,ACACME,4.5,M,M,15.89625,0.7,1.86,1.16,11.39,8.81,327.3
L3,L341,ACACME,2.5,,b,4.90625,0.7,1.86,1.16,11.39,8.81,63.78
L3,L341,ACACME,2.8,,b,6.1544,0.7,1.86,1.16,11.39,8.81,103.308
L3,L341,ACACME,3.5,,b,9.61625,0.7,1.86,1.16,11.39,8.81,195.54
L3,L341,ACACME,3.2,,b,8.0384,0.7,1.86,1.16,11.39,8.81,156.012
L3,L341,ACACME,2.5,,b,4.90625,0.7,1.86,1.16,11.39,8.81,63.78
L3,L341,ACACME,6.6,M,M,34.1946,0.67,3.44,2.77,16.81,31.04,603.996
L3,L341,ACACME,5.3,,b,22.05065,0.67,3.44,2.77,16.81,31.04,432.708
L3,L341,ACACME,5.6,,b,24.6176,0.67,3.44,2.77,16.81,31.04,472.236
L3,L341,ACACME,2.4,,b,4.5216,0.67,3.44,2.77,16.81,31.04,50.604
L3,L341,ACACME,6.1,,b,29.20985,0.67,3.44,2.77,16.81,31.04,538.116
L3,L341,ACACME,4.3,,b,14.51465,0.67,3.44,2.77,16.81,31.04,300.948
L3,L341,ACACME,2.1,,b,3.46185,0.67,3.44,2.77,16.81,31.04,11.076
L3,L342,ACACME,8.5,M,M,56.71625,0.6,1.22,0.62,3.5,1.45,854.34
L3,L342,ACACME,6.8,,b,36.2984,0.6,1.22,0.62,3.5,1.45,630.348
L3,L342,ACACME,6.7,,b,35.23865,0.6,1.22,0.62,3.5,1.45,617.172
L3,L342,ACACME,5.8,,b,26.4074,0.6,1.22,0.62,3.5,1.45,498.588
L3,L342,ACACME,7.7,M,M,46.54265,1.13,3.72,2.59,11.1,19.17,748.932
L3,L342,ACACME,6.9,,b,37.37385,1.13,3.72,2.59,11.1,19.17,643.524
L3,L342,ACACME,5.6,,b,24.6176,1.13,3.72,2.59,11.1,19.17,472.236
L3,L342,ACACME,3.1,,b,7.54385,1.13,3.72,2.59,11.1,19.17,142.836
L3,L342,ACACME,8.1,M,M,51.50385,0.7,3.22,2.52,9.98,16.77,801.636
L3,L342,ACACME,3.1,,b,7.54385,0.7,3.22,2.52,9.98,16.77,142.836
L3,L342,ACACME,1.7,,b,2.26865,0.7,3.22,2.52,9.98,16.77,-41.628
L3,L342,ACACME,5.4,,b,22.8906,0.7,3.22,2.52,9.98,16.77,445.884
L3,L342,ACACME,1.5,,b,1.76625,0.7,3.22,2.52,9.98,16.77,-67.98
L3,L342,ACACME,1.7,,b,2.26865,0.7,3.22,2.52,9.98,16.77,-41.628
L3,L342,ACACME,8.8,M,M,60.7904,0.9,3.39,2.49,5.96,9.89,893.868
L3,L342,ACACME,2.9,,b,6.60185,0.9,3.39,2.49,5.96,9.89,116.484
L3,L342,ACACME,3.5,,b,9.61625,0.9,3.39,2.49,5.96,9.89,195.54
L3,L342,ACACME,1.9,,b,2.83385,0.9,3.39,2.49,5.96,9.89,-15.276
L3,L342,ACACME,1.5,,b,1.76625,0.9,3.39,2.49,5.96,9.89,-67.98
L3,L343,ACACME,9.9,M,M,76.93785,0.49,3.9,3.41,9.05,20.57,1038.804
L3,L343,ACACME,9.1,,b,65.00585,0.49,3.9,3.41,9.05,20.57,933.396
L3,L343,ACACME,7.5,,b,44.15625,0.49,3.9,3.41,9.05,20.57,722.58
L3,L343,ACACME,7,,b,38.465,0.49,3.9,3.41,9.05,20.57,656.7
L3,L343,ACACME,8.3,M,M,54.07865,1.03,4.12,3.09,7.97,16.41,827.988
L3,L343,ACACME,3.4,,b,9.0746,1.03,4.12,3.09,7.97,16.41,182.364
L3,L343,ACACME,4.1,,b,13.19585,1.03,4.12,3.09,7.97,16.41,274.596
L3,L343,ACACME,3.5,,b,9.61625,1.03,4.12,3.09,7.97,16.41,195.54
L3,L343,ACACME,8.9,M,M,62.17985,0.37,3.65,3.28,10.36,22.66,907.044
L3,L343,ACACME,5.7,,b,25.50465,0.37,3.65,3.28,10.36,22.66,485.412
L3,L343,ACACME,6.5,,b,33.16625,0.37,3.65,3.28,10.36,22.66,590.82
L3,L343,ACACME,4.6,,b,16.6106,0.37,3.65,3.28,10.36,22.66,340.476
L3,L343,ACACME,6.3,M,M,31.15665,0.69,3.04,2.35,5.71,8.95,564.468
L3,L343,ACACME,5.3,,b,22.05065,0.69,3.04,2.35,5.71,8.95,432.708
L3,L343,ACACME,5.1,,b,20.41785,0.69,3.04,2.35,5.71,8.95,406.356
L3,L343,ACACME,4.4,,b,15.1976,0.69,3.04,2.35,5.71,8.95,314.124
L3,L343,ACACME,4.1,,b,13.19585,0.69,3.04,2.35,5.71,8.95,274.596
L3,L343,ACACME,4.9,,b,18.84785,0.69,3.04,2.35,5.71,8.95,380.004
L3,L343,ACACME,3.2,,b,8.0384,0.69,3.04,2.35,5.71,8.95,156.012
L3,L343,ACACME,3,,b,7.065,0.69,3.04,2.35,5.71,8.95,129.66
L3,L343,ACACME,5.6,M,M,24.6176,0.64,2.96,2.32,13.53,20.93,472.236
L3,L343,ACACME,5.4,,b,22.8906,0.64,2.96,2.32,13.53,20.93,445.884
L3,L343,ACACME,2.3,,b,4.15265,0.64,2.96,2.32,13.53,20.93,37.428
L3,L343,ACACME,3.4,,b,9.0746,0.64,2.96,2.32,13.53,20.93,182.364
L3,L343,ACACME,9.3,M,M,67.89465,0.74,2.18,1.44,6.65,6.38,959.748
L3,L343,ACACME,7.1,,b,39.57185,0.74,2.18,1.44,6.65,6.38,669.876
L3,L343,ACACME,6.4,,b,32.1536,0.74,2.18,1.44,6.65,6.38,577.644
L3,L343,ACACME,4.4,,b,15.1976,0.74,2.18,1.44,6.65,6.38,314.124
L3,L343,ACACME,4.2,,b,13.8474,0.74,2.18,1.44,6.65,6.38,287.772
L3,L343,ACACME,7.1,M,M,39.57185,0.95,2.34,1.39,4.33,4.02,669.876
L3,L343,ACACME,4.2,,b,13.8474,0.95,2.34,1.39,4.33,4.02,287.772
L3,L343,ACACME,4.3,,b,14.51465,0.95,2.34,1.39,4.33,4.02,300.948
L3,L343,ACACME,4.2,,b,13.8474,0.95,2.34,1.39,4.33,4.02,287.772
L3,L343,ACACME,3.5,,b,9.61625,0.95,2.34,1.39,4.33,4.02,195.54
L3,L343,ACACME,7.3,M,M,41.83265,0.31,2.13,1.82,6.94,8.42,696.228
L3,L343,ACACME,3.5,,b,9.61625,0.31,2.13,1.82,6.94,8.42,195.54
L3,L343,ACACME,5.2,,b,21.2264,0.31,2.13,1.82,6.94,8.42,419.532
L3,L343,ACACME,4.4,,b,15.1976,0.31,2.13,1.82,6.94,8.42,314.124
L3,L343,ACACME,2.5,,b,4.90625,0.31,2.13,1.82,6.94,8.42,63.78
L3,L343,ACACME,5.5,M,M,23.74625,0.6,3.44,2.84,9.17,17.37,459.06
L3,L343,ACACME,4,,b,12.56,0.6,3.44,2.84,9.17,17.37,261.42
L3,L343,ACACME,2.1,,b,3.46185,0.6,3.44,2.84,9.17,17.37,11.076
L3,L343,ACACME,3.1,,b,7.54385,0.6,3.44,2.84,9.17,17.37,142.836
L3,L343,ACACME,3.3,,b,8.54865,0.6,3.44,2.84,9.17,17.37,169.188
L3,L343,ACACME,3.4,,b,9.0746,0.6,3.44,2.84,9.17,17.37,182.364
L3,L343,ACACME,4,M,M,12.56,0.92,2.46,1.54,17.51,17.98,261.42
L3,L343,ACACME,2.2,,b,3.7994,0.92,2.46,1.54,17.51,17.98,24.252
L3,L343,ACACME,3.3,,b,8.54865,0.92,2.46,1.54,17.51,17.98,169.188
L3,L343,ACACME,3.5,,b,9.61625,0.92,2.46,1.54,17.51,17.98,195.54
L3,L343,ACACME,2.7,,b,5.72265,0.92,2.46,1.54,17.51,17.98,90.132
L3,L343,ACACME,2.5,,b,4.90625,0.92,2.46,1.54,17.51,17.98,63.78
L3,L343,ACACME,5.1,M,M,20.41785,1,1.53,0.53,4.47,1.58,406.356
L3,L343,ACACME,3.1,,b,7.54385,1,1.53,0.53,4.47,1.58,142.836
L3,L343,ACACME,4.2,,b,13.8474,1,1.53,0.53,4.47,1.58,287.772
L3,L343,ACACME,3.2,,b,8.0384,1,1.53,0.53,4.47,1.58,156.012
L3,L343,ACACME,3.4,,b,9.0746,1,1.53,0.53,4.47,1.58,182.364
L3,L343,ACACME,6.7,M,M,35.23865,0.6,2.7,2.1,16.79,23.51,617.172
L3,L343,ACACME,5,,b,19.625,0.6,2.7,2.1,16.79,23.51,393.18
L3,L343,ACACME,4.4,,b,15.1976,0.6,2.7,2.1,16.79,23.51,314.124
L3,L343,ACACME,6.2,,b,30.1754,0.6,2.7,2.1,16.79,23.51,551.292
L3,L343,ACACME,2.5,,b,4.90625,0.6,2.7,2.1,16.79,23.51,63.78
L3,L343,ACACME,4.9,M,M,18.84785,0.72,2.2,1.48,11.18,11.03,380.004
L3,L343,ACACME,3.4,,b,9.0746,0.72,2.2,1.48,11.18,11.03,182.364
L3,L343,ACACME,3.6,,b,10.1736,0.72,2.2,1.48,11.18,11.03,208.716
L3,L343,ACACME,12.9,M,M,130.63185,0.48,3.11,2.63,5.57,9.77,1434.084
L3,L343,ACACME,9.6,,b,72.3456,0.48,3.11,2.63,5.57,9.77,999.276
L3,L343,ACACME,6.3,,b,31.15665,0.48,3.11,2.63,5.57,9.77,564.468
L3,L343,ACACME,4.1,,b,13.19585,0.48,3.11,2.63,5.57,9.77,274.596
L3,L343,ACACME,8.5,M,M,56.71625,1.05,2.41,1.36,5.18,4.7,854.34
L3,L343,ACACME,3.1,,b,7.54385,1.05,2.41,1.36,5.18,4.7,142.836
L3,L343,ACACME,6.6,M,M,34.1946,1.16,2.49,1.33,15.16,13.44,603.996
L3,L343,ACACME,4.4,,b,15.1976,1.16,2.49,1.33,15.16,13.44,314.124
L3,L343,ACACME,5.4,,b,22.8906,1.16,2.49,1.33,15.16,13.44,445.884
L3,L343,ACACME,3,,b,7.065,1.16,2.49,1.33,15.16,13.44,129.66
L3,L343,ACACME,6.4,M,M,32.1536,0.4,3.42,3.02,8.27,16.66,577.644
L3,L343,ACACME,6.3,,b,31.15665,0.4,3.42,3.02,8.27,16.66,564.468
L3,L343,ACACME,5.8,,b,26.4074,0.4,3.42,3.02,8.27,16.66,498.588
L3,L343,ACACME,6.4,,b,32.1536,0.4,3.42,3.02,8.27,16.66,577.644
L3,L343,ACACME,3.8,,b,11.3354,0.4,3.42,3.02,8.27,16.66,235.068
L3,L343,ACACME,2.7,,b,5.72265,0.4,3.42,3.02,8.27,16.66,90.132
L3,L344,ACACME,14.6,M,M,167.3306,0.6,3.79,3.19,7.21,15.33,1658.076
L3,L344,ACACME,6.4,,b,32.1536,0.6,3.79,3.19,7.21,15.33,577.644
L3,L344,ACACME,3.5,,b,9.61625,0.6,3.79,3.19,7.21,15.33,195.54
L3,L344,ACACME,2.8,,b,6.1544,0.6,3.79,3.19,7.21,15.33,103.308
L3,L344,ACACME,7.6,M,M,45.3416,0.8,3.54,2.74,8.9,16.26,735.756
L3,L344,ACACME,5.8,,b,26.4074,0.8,3.54,2.74,8.9,16.26,498.588
L3,L344,ACACME,4.7,,b,17.34065,0.8,3.54,2.74,8.9,16.26,353.652
L3,L344,ACACME,3.5,,b,9.61625,0.8,3.54,2.74,8.9,16.26,195.54
L3,L344,ACACME,5.9,M,M,27.32585,0.65,3.27,2.62,6.12,10.69,511.764
L3,L344,ACACME,5.1,,b,20.41785,0.65,3.27,2.62,6.12,10.69,406.356
L3,L344,ACACME,4.9,,b,18.84785,0.65,3.27,2.62,6.12,10.69,380.004
L3,L344,ACACME,7.2,M,M,40.6944,0.6,3.63,3.03,11.04,22.31,683.052
L3,L344,ACACME,5.9,,b,27.32585,0.6,3.63,3.03,11.04,22.31,511.764
L3,L344,ACACME,2.6,,b,5.3066,0.6,3.63,3.03,11.04,22.31,76.956
L3,L344,ACACME,10.4,M,M,84.9056,1.1,3.04,1.94,8.61,11.14,1104.684
L3,L344,ACACME,7.6,,b,45.3416,1.1,3.04,1.94,8.61,11.14,735.756
L3,L344,ACACME,6.3,,b,31.15665,1.1,3.04,1.94,8.61,11.14,564.468
L3,L344,ACACME,7.2,,b,40.6944,1.1,3.04,1.94,8.61,11.14,683.052
L3,L344,ACACME,5.2,,b,21.2264,1.1,3.04,1.94,8.61,11.14,419.532
L3,L344,ACACME,8.5,M,M,56.71625,0.63,2.84,2.21,9.8,14.43,854.34
L3,L344,ACACME,7.1,,b,39.57185,0.63,2.84,2.21,9.8,14.43,669.876
L3,L344,ACACME,6.1,,b,29.20985,0.63,2.84,2.21,9.8,14.43,538.116
L3,L344,ACACME,8.7,M,M,59.41665,0.7,2.96,2.26,15.49,23.34,880.692
L3,L344,ACACME,6.3,,b,31.15665,0.7,2.96,2.26,15.49,23.34,564.468
L3,L344,ACACME,5.2,,b,21.2264,0.7,2.96,2.26,15.49,23.34,419.532
L3,L344,ACACME,4.5,,b,15.89625,0.7,2.96,2.26,15.49,23.34,327.3
L3,L344,ACACME,6.1,M,M,29.20985,0.6,1.9,1.3,6.73,5.83,538.116
L3,L344,ACACME,3.7,,b,10.74665,0.6,1.9,1.3,6.73,5.83,221.892
L3,L344,ACACME,2.3,,b,4.15265,0.6,1.9,1.3,6.73,5.83,37.428
L3,L344,ACACME,8.1,M,M,51.50385,0.86,3.77,2.91,11.19,21.72,801.636
L3,L344,ACACME,3.1,,b,7.54385,0.86,3.77,2.91,11.19,21.72,142.836
L3,L344,ACACME,2.8,,b,6.1544,0.86,3.77,2.91,11.19,21.72,103.308
L3,L344,ACACME,5.1,,b,20.41785,0.86,3.77,2.91,11.19,21.72,406.356
L3,L344,ACACME,8.2,M,M,52.7834,0.5,3.54,3.04,16.6,33.65,814.812
L3,L344,ACACME,7.9,,b,48.99185,0.5,3.54,3.04,16.6,33.65,775.284
L3,L344,ACACME,6.5,M,M,33.16625,0.6,3.62,3.02,14.14,28.48,590.82
L3,L344,ACACME,5.8,,b,26.4074,0.6,3.62,3.02,14.14,28.48,498.588
L3,L344,ACACME,5.6,,b,24.6176,0.6,3.62,3.02,14.14,28.48,472.236
L3,L344,ACACME,2.7,,b,5.72265,0.6,3.62,3.02,14.14,28.48,90.132
L3,L344,ACACME,3.8,,b,11.3354,0.6,3.62,3.02,14.14,28.48,235.068
L3,L344,ACACME,8.7,M,M,59.41665,0.54,2.57,2.03,10.78,14.59,880.692
L3,L344,ACACME,2.8,,b,6.1544,0.54,2.57,2.03,10.78,14.59,103.308
L3,L344,ACACME,2.7,,b,5.72265,0.54,2.57,2.03,10.78,14.59,90.132
L3,L344,ACACME,3.4,,b,9.0746,0.54,2.57,2.03,10.78,14.59,182.364
L3,L344,ACACME,4.4,,b,15.1976,0.54,2.57,2.03,10.78,14.59,314.124
L3,L344,ACACME,5.6,,b,24.6176,0.54,2.57,2.03,10.78,14.59,472.236
L3,L345,ACACME,7.1,M,M,39.57185,0.5,2.23,1.73,5.46,6.3,669.876
L3,L345,ACACME,4.2,,b,13.8474,0.5,2.23,1.73,5.46,6.3,287.772
L3,L345,ACACME,3.5,,b,9.61625,0.5,2.23,1.73,5.46,6.3,195.54
L3,L345,ACACME,4.4,,b,15.1976,0.5,2.23,1.73,5.46,6.3,314.124
L3,L345,ACACME,8.5,M,M,56.71625,0.5,2.37,1.87,9.23,11.51,854.34
L3,L345,ACACME,5.6,,b,24.6176,0.5,2.37,1.87,9.23,11.51,472.236
L3,L345,ACACME,4.6,,b,16.6106,0.5,2.37,1.87,9.23,11.51,340.476
L3,L345,ACACME,3,,b,7.065,0.5,2.37,1.87,9.23,11.51,129.66
L3,L345,ACACME,6.7,M,M,35.23865,0.8,3.32,2.52,6.57,11.04,617.172
L3,L345,ACACME,5.7,,b,25.50465,0.8,3.32,2.52,6.57,11.04,485.412
L3,L345,ACACME,6.3,,b,31.15665,0.8,3.32,2.52,6.57,11.04,564.468
L3,L345,ACACME,7.2,M,M,40.6944,0.4,3.35,2.95,8.25,16.22,683.052
L3,L345,ACACME,2.1,,b,3.46185,0.4,3.35,2.95,8.25,16.22,11.076
L3,L345,ACACME,2.5,,b,4.90625,0.4,3.35,2.95,8.25,16.22,63.78
L3,L345,ACACME,6.2,,b,30.1754,0.4,3.35,2.95,8.25,16.22,551.292
L3,L345,ACACME,9.9,M,M,76.93785,0.4,3.16,2.76,7.71,14.19,1038.804
L3,L345,ACACME,6.4,,b,32.1536,0.4,3.16,2.76,7.71,14.19,577.644
L3,L345,ACACME,5.4,,b,22.8906,0.4,3.16,2.76,7.71,14.19,445.884
L3,L345,ACACME,3.5,,b,9.61625,0.4,3.16,2.76,7.71,14.19,195.54
L3,L345,ACACME,8.5,M,M,56.71625,0.6,2.59,1.99,4.12,5.47,854.34
L3,L345,ACACME,6.6,,b,34.1946,0.6,2.59,1.99,4.12,5.47,603.996
L3,L345,ACACME,5.6,,b,24.6176,0.6,2.59,1.99,4.12,5.47,472.236
L3,L345,ACACME,4.2,,b,13.8474,0.6,2.59,1.99,4.12,5.47,287.772
L3,L345,ACACME,6.4,,b,32.1536,0.6,2.59,1.99,4.12,5.47,577.644
L3,L345,ACACME,3.8,,b,11.3354,0.6,2.59,1.99,4.12,5.47,235.068
L3,L345,ACACME,4.9,,b,18.84785,0.6,2.59,1.99,4.12,5.47,380.004
L3,L345,ACACME,10.1,M,M,80.07785,0.6,2.61,2.01,5.97,8.01,1065.156
L3,L345,ACACME,4.1,,b,13.19585,0.6,2.61,2.01,5.97,8.01,274.596
L3,L345,ACACME,3.4,,b,9.0746,0.6,2.61,2.01,5.97,8.01,182.364
L3,L345,ACACME,3.7,,b,10.74665,0.6,2.61,2.01,5.97,8.01,221.892
L3,L345,ACACME,1.9,,b,2.83385,0.6,2.61,2.01,5.97,8.01,-15.276
L3,L345,ACACME,5.5,M,M,23.74625,0.8,2.89,2.09,5.92,8.25,459.06
L3,L345,ACACME,4.4,,b,15.1976,0.8,2.89,2.09,5.92,8.25,314.124
L3,L345,ACACME,2.6,,b,5.3066,0.8,2.89,2.09,5.92,8.25,76.956
L3,L345,ACACME,2.4,,b,4.5216,0.8,2.89,2.09,5.92,8.25,50.604
L3,L346,ACACME,8.1,M,M,51.50385,0.56,2.88,2.32,16.01,24.77,801.636
L3,L346,ACACME,6.2,,b,30.1754,0.56,2.88,2.32,16.01,24.77,551.292
L3,L346,ACACME,6.1,,b,29.20985,0.56,2.88,2.32,16.01,24.77,538.116
L3,L346,ACACME,5.1,,b,20.41785,0.56,2.88,2.32,16.01,24.77,406.356
L3,L346,ACACME,5.9,,b,27.32585,0.56,2.88,2.32,16.01,24.77,511.764
L3,L346,ACACME,7.5,M,M,44.15625,0.3,2.03,1.73,10.75,12.4,722.58
L3,L346,ACACME,7.2,,b,40.6944,0.3,2.03,1.73,10.75,12.4,683.052
L3,L346,ACACME,3.9,,b,11.93985,0.3,2.03,1.73,10.75,12.4,248.244
L3,L346,ACACME,4.4,,b,15.1976,0.3,2.03,1.73,10.75,12.4,314.124
L3,L346,ACACME,6.6,M,M,34.1946,0.45,1.7,1.25,4.02,3.35,603.996
L3,L346,ACACME,3.1,,b,7.54385,0.45,1.7,1.25,4.02,3.35,142.836
L3,L346,ACACME,4.2,,b,13.8474,0.45,1.7,1.25,4.02,3.35,287.772
L3,L346,ACACME,3.5,,b,9.61625,0.45,1.7,1.25,4.02,3.35,195.54
L3,L346,ACACME,2.9,,b,6.60185,0.45,1.7,1.25,4.02,3.35,116.484
L3,L346,ACACME,7.6,M,M,45.3416,0.4,1.88,1.48,5.26,5.19,735.756
L3,L346,ACACME,7.2,,b,40.6944,0.4,1.88,1.48,5.26,5.19,683.052
L3,L346,ACACME,6.5,,b,33.16625,0.4,1.88,1.48,5.26,5.19,590.82
L3,L346,ACACME,4.6,,b,16.6106,0.4,1.88,1.48,5.26,5.19,340.476
L3,L346,ACACME,5.4,,b,22.8906,0.4,1.88,1.48,5.26,5.19,445.884
L3,L346,ACACME,3.5,,b,9.61625,0.4,1.88,1.48,5.26,5.19,195.54
L3,L346,ACACME,6.8,M,M,36.2984,0.6,3.12,2.52,13.56,22.78,630.348
L3,L346,ACACME,3.5,,b,9.61625,0.6,3.12,2.52,13.56,22.78,195.54
L3,L346,ACACME,6.2,,b,30.1754,0.6,3.12,2.52,13.56,22.78,551.292
L3,L346,ACACME,3.3,,b,8.54865,0.6,3.12,2.52,13.56,22.78,169.188
L3,L346,ACACME,4.9,,b,18.84785,0.6,3.12,2.52,13.56,22.78,380.004
L3,L346,ACACME,3.5,,b,9.61625,0.6,3.12,2.52,13.56,22.78,195.54
L3,L346,ACACME,4.8,,b,18.0864,0.6,3.12,2.52,13.56,22.78,366.828
L3,L346,ACACME,5.2,,b,21.2264,0.6,3.12,2.52,13.56,22.78,419.532
L3,L346,ACACME,3.2,,b,8.0384,0.6,3.12,2.52,13.56,22.78,156.012
L3,L347,ACACME,5.4,M,M,22.8906,0.3,0.65,0.35,9.82,2.29,445.884
L3,L347,ACACME,5.1,,b,20.41785,0.3,0.65,0.35,9.82,2.29,406.356
L3,L347,ACACME,5.3,,b,22.05065,0.3,0.65,0.35,9.82,2.29,432.708
L3,L347,ACACME,2.4,,b,4.5216,0.3,0.65,0.35,9.82,2.29,50.604
L3,L347,ACACME,3.9,,b,11.93985,0.3,0.65,0.35,9.82,2.29,248.244
L3,L347,ACACME,4.5,,b,15.89625,0.3,0.65,0.35,9.82,2.29,327.3
L3,L347,ACACME,7.6,M,M,45.3416,0.66,2.52,1.86,4.95,6.13,735.756
L3,L347,ACACME,3.3,,b,8.54865,0.66,2.52,1.86,4.95,6.13,169.188
L3,L347,ACACME,5.2,,b,21.2264,0.66,2.52,1.86,4.95,6.13,419.532
L3,L347,ACACME,4.5,,b,15.89625,0.66,2.52,1.86,4.95,6.13,327.3
L3,L347,ACACME,6.9,M,M,37.37385,0.38,2.88,2.5,5.58,9.3,643.524
L3,L347,ACACME,5.7,,b,25.50465,0.38,2.88,2.5,5.58,9.3,485.412
L3,L347,ACACME,2.1,,b,3.46185,0.38,2.88,2.5,5.58,9.3,11.076
L3,L347,ACACME,6.3,M,M,31.15665,0.6,2.76,2.16,7.87,11.34,564.468
L3,L347,ACACME,4,,b,12.56,0.6,2.76,2.16,7.87,11.34,261.42
L3,L347,ACACME,6.1,,b,29.20985,0.6,2.76,2.16,7.87,11.34,538.116
L3,L347,ACACME,6.9,M,M,37.37385,0.54,2.08,1.54,8.15,8.37,643.524
L3,L347,ACACME,4,,b,12.56,0.54,2.08,1.54,8.15,8.37,261.42
L3,L347,ACACME,3.5,,b,9.61625,0.54,2.08,1.54,8.15,8.37,195.54
L3,L347,ACACME,2.9,,b,6.60185,0.54,2.08,1.54,8.15,8.37,116.484
L3,L347,ACACME,4.2,M,M,13.8474,0.6,1.6,1,3.2,2.14,287.772
L3,L347,ACACME,4.1,,b,13.19585,0.6,1.6,1,3.2,2.14,274.596
L3,L347,ACACME,4,,b,12.56,0.6,1.6,1,3.2,2.14,261.42
L3,L347,ACACME,3.5,,b,9.61625,0.6,1.6,1,3.2,2.14,195.54
L3,L347,ACACME,2.9,M,M,6.60185,0.3,1.22,0.92,1.76,1.08,116.484
L3,L347,ACACME,2.2,,b,3.7994,0.3,1.22,0.92,1.76,1.08,24.252
L3,L347,ACACME,2.2,,b,3.7994,0.3,1.22,0.92,1.76,1.08,24.252
L3,L347,ACACME,6.7,M,M,35.23865,0.48,2.56,2.08,4.6,6.38,617.172
L3,L347,ACACME,5.5,,b,23.74625,0.48,2.56,2.08,4.6,6.38,459.06
L3,L347,ACACME,4.9,,b,18.84785,0.48,2.56,2.08,4.6,6.38,380.004
L3,L347,ACACME,3.5,,b,9.61625,0.48,2.56,2.08,4.6,6.38,195.54
L3,L347,ACACME,7.3,M,M,41.83265,0.3,1.55,1.25,2.8,2.34,696.228
L3,L347,ACACME,3.6,,b,10.1736,0.3,1.55,1.25,2.8,2.34,208.716
L3,L347,ACACME,4.4,,b,15.1976,0.3,1.55,1.25,2.8,2.34,314.124
L3,L347,ACACME,2.1,,b,3.46185,0.3,1.55,1.25,2.8,2.34,11.076
L3,L347,ACACME,4.1,,b,13.19585,0.3,1.55,1.25,2.8,2.34,274.596
L3,L347,ACACME,2.6,,b,5.3066,0.3,1.55,1.25,2.8,2.34,76.956
L3,L348,ACACME,6.1,M,M,29.20985,0.5,4.4,3.9,4.95,12.86,538.116
L3,L348,ACACME,5.3,,b,22.05065,0.5,4.4,3.9,4.95,12.86,432.708
L3,L348,ACACME,4.4,,b,15.1976,0.5,4.4,3.9,4.95,12.86,314.124
L3,L348,ACACME,6.5,M,M,33.16625,0.7,2.57,1.87,8.67,10.81,590.82
L3,L348,ACACME,5.2,,b,21.2264,0.7,2.57,1.87,8.67,10.81,419.532
L3,L348,ACACME,6.1,,b,29.20985,0.7,2.57,1.87,8.67,10.81,538.116
L3,L348,ACACME,3.3,,b,8.54865,0.7,2.57,1.87,8.67,10.81,169.188
L3,L348,ACACME,7.3,M,M,41.83265,0.65,2.92,2.27,7.51,11.37,696.228
L3,L348,ACACME,4.7,,b,17.34065,0.65,2.92,2.27,7.51,11.37,353.652
L3,L348,ACACME,5.3,,b,22.05065,0.65,2.92,2.27,7.51,11.37,432.708
L3,L348,ACACME,2.4,,b,4.5216,0.65,2.92,2.27,7.51,11.37,50.604
L3,L348,ACACME,7.3,M,M,41.83265,1.05,3.07,2.02,8.42,11.34,696.228
L3,L348,ACACME,6.5,,b,33.16625,1.05,3.07,2.02,8.42,11.34,590.82
L3,L348,ACACME,6.9,,b,37.37385,1.05,3.07,2.02,8.42,11.34,643.524
L3,L348,ACACME,9.8,M,M,75.3914,0.56,3.14,2.58,10.6,18.23,1025.628
L3,L348,ACACME,6.7,,b,35.23865,0.56,3.14,2.58,10.6,18.23,617.172
L3,L348,ACACME,5.6,,b,24.6176,0.56,3.14,2.58,10.6,18.23,472.236
L3,L348,ACACME,4.7,,b,17.34065,0.56,3.14,2.58,10.6,18.23,353.652
L3,L348,ACACME,7.1,M,M,39.57185,0.64,2.81,2.17,6.78,9.81,669.876
L3,L348,ACACME,6.5,,b,33.16625,0.64,2.81,2.17,6.78,9.81,590.82
L3,L348,ACACME,4.6,,b,16.6106,0.64,2.81,2.17,6.78,9.81,340.476
L3,L348,ACACME,4.4,,b,15.1976,0.64,2.81,2.17,6.78,9.81,314.124
L3,L349,ACACME,6,M,M,28.26,0.62,3.9,3.28,15.89,34.74,524.94
L3,L349,ACACME,5.3,,b,22.05065,0.62,3.9,3.28,15.89,34.74,432.708
L3,L349,ACACME,4.9,,b,18.84785,0.62,3.9,3.28,15.89,34.74,380.004
L3,L349,ACACME,4.3,,b,14.51465,0.62,3.9,3.28,15.89,34.74,300.948
L3,L349,ACACME,7.2,M,M,40.6944,0.3,3.08,2.78,8.81,16.32,683.052
L3,L349,ACACME,2.6,,b,5.3066,0.3,3.08,2.78,8.81,16.32,76.956
L3,L349,ACACME,1.7,,b,2.26865,0.3,3.08,2.78,8.81,16.32,-41.628
L3,L349,ACACME,8.1,M,M,51.50385,0.8,3.53,2.73,9.8,17.83,801.636
L3,L349,ACACME,5.3,,b,22.05065,0.8,3.53,2.73,9.8,17.83,432.708
L3,L349,ACACME,6.1,,b,29.20985,0.8,3.53,2.73,9.8,17.83,538.116
L3,L349,ACACME,9.8,M,M,75.3914,0.65,3.43,2.78,9.29,17.23,1025.628
L3,L349,ACACME,6.5,,b,33.16625,0.65,3.43,2.78,9.29,17.23,590.82
L3,L349,ACACME,8.7,,b,59.41665,0.65,3.43,2.78,9.29,17.23,880.692
L3,L349,ACACME,4.5,,b,15.89625,0.65,3.43,2.78,9.29,17.23,327.3
L3,L349,ACACME,6.4,M,M,32.1536,0.6,3.31,2.71,9.47,17.1,577.644
L3,L349,ACACME,6.2,,b,30.1754,0.6,3.31,2.71,9.47,17.1,551.292
L3,L349,ACACME,6.4,,b,32.1536,0.6,3.31,2.71,9.47,17.1,577.644
L3,L349,ACACME,7.5,M,M,44.15625,0.7,3.14,2.44,6,9.76,722.58
L3,L349,ACACME,6.2,,b,30.1754,0.7,3.14,2.44,6,9.76,551.292
L3,L349,ACACME,2.2,,b,3.7994,0.7,3.14,2.44,6,9.76,24.252
L3,L349,ACACME,2.4,,b,4.5216,0.7,3.14,2.44,6,9.76,50.604
L3,L349,ACACME,6.1,M,M,29.20985,0.9,3.16,2.26,10.68,16.09,538.116
L3,L349,ACACME,4.6,,b,16.6106,0.9,3.16,2.26,10.68,16.09,340.476
L3,L349,ACACME,7.7,M,M,46.54265,0.5,3.51,3.01,7.74,15.53,748.932
L3,L349,ACACME,2.9,,b,6.60185,0.5,3.51,3.01,7.74,15.53,116.484
L3,L349,ACACME,5.2,,b,21.2264,0.5,3.51,3.01,7.74,15.53,419.532
L3,L349,ACACME,2.4,,b,4.5216,0.5,3.51,3.01,7.74,15.53,50.604
L3,L349,ACACME,7.2,M,M,40.6944,0.54,3.34,2.8,9.55,17.82,683.052
L3,L349,ACACME,3.5,,b,9.61625,0.54,3.34,2.8,9.55,17.82,195.54
L3,L349,ACACME,5.9,,b,27.32585,0.54,3.34,2.8,9.55,17.82,511.764
L3,L349,ACACME,3.8,,b,11.3354,0.54,3.34,2.8,9.55,17.82,235.068
L3,L349,ACACME,2.4,,b,4.5216,0.54,3.34,2.8,9.55,17.82,50.604
L3,L349,ACACME,5,,b,19.625,0.54,3.34,2.8,9.55,17.82,393.18
L3,L349,ACACME,5.4,M,M,22.8906,0.67,3.11,2.44,8.03,13.06,445.884
L3,L349,ACACME,4.2,,b,13.8474,0.67,3.11,2.44,8.03,13.06,287.772
L3,L349,ACACME,3,,b,7.065,0.67,3.11,2.44,8.03,13.06,129.66
L3,L349,ACACME,2.7,,b,5.72265,0.67,3.11,2.44,8.03,13.06,90.132
L3,L349,ACACME,5.6,M,M,24.6176,0.8,4.14,3.34,19.22,42.79,472.236
L3,L349,ACACME,4.9,,b,18.84785,0.8,4.14,3.34,19.22,42.79,380.004
L3,L349,ACACME,3.4,,b,9.0746,0.8,4.14,3.34,19.22,42.79,182.364
L3,L349,ACACME,4.9,,b,18.84785,0.8,4.14,3.34,19.22,42.79,380.004
L3,L349,ACACME,6,M,M,28.26,0.4,2.57,2.17,6.15,8.89,524.94
L3,L349,ACACME,5.4,,b,22.8906,0.4,2.57,2.17,6.15,8.89,445.884
L3,L349,ACACME,4.4,,b,15.1976,0.4,2.57,2.17,6.15,8.89,314.124
L3,L349,ACACME,3.5,,b,9.61625,0.4,2.57,2.17,6.15,8.89,195.54
L3,L349,ACACME,8,M,M,50.24,0.48,1.86,1.38,9.29,8.55,788.46
L3,L349,ACACME,5.3,,b,22.05065,0.48,1.86,1.38,9.29,8.55,432.708
L3,L349,ACACME,4.8,,b,18.0864,0.48,1.86,1.38,9.29,8.55,366.828
L3,L349,ACACME,6.4,,b,32.1536,0.48,1.86,1.38,9.29,8.55,577.644
L3,L349,ACACME,3.8,,b,11.3354,0.48,1.86,1.38,9.29,8.55,235.068
L3,L350,ACACME,8.8,M,M,60.7904,0.5,4.77,4.27,8.52,24.25,893.868
L3,L350,ACACME,7.5,,b,44.15625,0.5,4.77,4.27,8.52,24.25,722.58
L3,L350,ACACME,4.9,,b,18.84785,0.5,4.77,4.27,8.52,24.25,380.004
L3,L350,ACACME,5.5,,b,23.74625,0.5,4.77,4.27,8.52,24.25,459.06
L3,L350,ACACME,6.4,,b,32.1536,0.5,4.77,4.27,8.52,24.25,577.644
L3,L350,ACACME,8.4,M,M,55.3896,0.55,4.5,3.95,4.87,12.84,841.164
L3,L350,ACACME,6,,b,28.26,0.55,4.5,3.95,4.87,12.84,524.94
L3,L350,ACACME,7.4,,b,42.9866,0.55,4.5,3.95,4.87,12.84,709.404
L3,L350,ACACME,6.5,,b,33.16625,0.55,4.5,3.95,4.87,12.84,590.82
L3,L350,ACACME,7.2,M,M,40.6944,0.86,4.02,3.16,8.11,17.09,683.052
L3,L350,ACACME,6.4,,b,32.1536,0.86,4.02,3.16,8.11,17.09,577.644
L3,L350,ACACME,5,,b,19.625,0.86,4.02,3.16,8.11,17.09,393.18
L3,L350,ACACME,4.4,,b,15.1976,0.86,4.02,3.16,8.11,17.09,314.124
L3,L350,ACACME,3.7,,b,10.74665,0.86,4.02,3.16,8.11,17.09,221.892
L3,L350,ACACME,9.3,M,M,67.89465,0.5,3.28,2.78,10.68,19.79,959.748
L3,L350,ACACME,6.4,,b,32.1536,0.5,3.28,2.78,10.68,19.79,577.644
L3,L350,ACACME,7.4,,b,42.9866,0.5,3.28,2.78,10.68,19.79,709.404
L3,L350,ACACME,5.5,,b,23.74625,0.5,3.28,2.78,10.68,19.79,459.06
L3,L350,ACACME,9.4,M,M,69.3626,0.55,1.78,1.23,3.13,2.57,972.924
L3,L350,ACACME,6.6,,b,34.1946,0.55,1.78,1.23,3.13,2.57,603.996
L3,L350,ACACME,6.3,,b,31.15665,0.55,1.78,1.23,3.13,2.57,564.468
L3,L350,ACACME,5.3,,b,22.05065,0.55,1.78,1.23,3.13,2.57,432.708
L3,L350,ACACME,2.5,,b,4.90625,0.55,1.78,1.23,3.13,2.57,63.78
L3,L350,ACACME,2.7,M,M,5.72265,0.5,1.22,0.72,3.88,1.86,90.132
L3,L350,ACACME,2,,b,3.14,0.5,1.22,0.72,3.88,1.86,-2.1
L3,L350,ACACME,1.9,,b,2.83385,0.5,1.22,0.72,3.88,1.86,-15.276
L3,L350,ACACME,2.4,,b,4.5216,0.5,1.22,0.72,3.88,1.86,50.604
L3,L351,ACACME,7.5,M,M,44.15625,0.8,4.24,3.44,21.67,49.69,722.58
L3,L351,ACACME,5.8,,b,26.4074,0.8,4.24,3.44,21.67,49.69,498.588
L3,L351,ACACME,4.9,,b,18.84785,0.8,4.24,3.44,21.67,49.69,380.004
L3,L351,ACACME,3.5,,b,9.61625,0.8,4.24,3.44,21.67,49.69,195.54
L3,L351,ACACME,4.4,,b,15.1976,0.8,4.24,3.44,21.67,49.69,314.124
L3,L351,ACACME,2.7,,b,5.72265,0.8,4.24,3.44,21.67,49.69,90.132
L3,L351,ACACME,3.7,M,M,10.74665,0.7,2.35,1.65,18.45,20.29,221.892
L3,L351,ACACME,4,,b,12.56,0.7,2.35,1.65,18.45,20.29,261.42
L3,L351,ACACME,2.9,,b,6.60185,0.7,2.35,1.65,18.45,20.29,116.484
L3,L351,ACACME,1.7,,b,2.26865,0.7,2.35,1.65,18.45,20.29,-41.628
L3,L351,ACACME,6.5,M,M,33.16625,0.5,2.55,2.05,6.99,9.56,590.82
L3,L351,ACACME,3.5,,b,9.61625,0.5,2.55,2.05,6.99,9.56,195.54
L3,L351,ACACME,2.7,,b,5.72265,0.5,2.55,2.05,6.99,9.56,90.132
L3,L351,ACACME,1.9,,b,2.83385,0.5,2.55,2.05,6.99,9.56,-15.276
L3,L351,ACACME,2.2,,b,3.7994,0.5,2.55,2.05,6.99,9.56,24.252
L3,L351,ACACME,5.7,M,M,25.50465,0.6,2.81,2.21,8.54,12.58,485.412
L3,L351,ACACME,3.7,,b,10.74665,0.6,2.81,2.21,8.54,12.58,221.892
L3,L351,ACACME,4.4,,b,15.1976,0.6,2.81,2.21,8.54,12.58,314.124
L3,L351,ACACME,3.4,,b,9.0746,0.6,2.81,2.21,8.54,12.58,182.364
L3,L351,ACACME,2.4,,b,4.5216,0.6,2.81,2.21,8.54,12.58,50.604
L3,L352,ACACME,7.5,M,M,44.15625,0.7,1.99,1.29,3.71,3.19,722.58
L3,L352,ACACME,3.5,,b,9.61625,0.7,1.99,1.29,3.71,3.19,195.54
L3,L352,ACACME,8.2,M,M,52.7834,0.7,3.15,2.45,8.55,13.96,814.812
L3,L352,ACACME,3.5,,b,9.61625,0.7,3.15,2.45,8.55,13.96,195.54
L3,L352,ACACME,4.7,,b,17.34065,0.7,3.15,2.45,8.55,13.96,353.652
L3,L352,ACACME,4,,b,12.56,0.7,3.15,2.45,8.55,13.96,261.42
L3,L352,ACACME,8.4,M,M,55.3896,0.6,2.42,1.82,7.63,9.25,841.164
L3,L352,ACACME,5.5,,b,23.74625,0.6,2.42,1.82,7.63,9.25,459.06
L3,L352,ACACME,4.3,,b,14.51465,0.6,2.42,1.82,7.63,9.25,300.948
L3,L352,ACACME,3.7,,b,10.74665,0.6,2.42,1.82,7.63,9.25,221.892
L3,L352,ACACME,2.5,,b,4.90625,0.6,2.42,1.82,7.63,9.25,63.78
L3,L352,ACACME,9.5,M,M,70.84625,0.5,2.15,1.65,8.11,8.92,986.1
L3,L352,ACACME,2.7,,b,5.72265,0.5,2.15,1.65,8.11,8.92,90.132
L3,L352,ACACME,3,,b,7.065,0.5,2.15,1.65,8.11,8.92,129.66
L3,L352,ACACME,15.1,M,M,178.98785,0.9,5.3,4.4,19.62,57.54,1723.956
L3,L352,ACACME,10.5,,b,86.54625,0.9,5.3,4.4,19.62,57.54,1117.86
L3,L352,ACACME,12.5,,b,122.65625,0.9,5.3,4.4,19.62,57.54,1381.38
L3,L352,ACACME,6.3,,b,31.15665,0.9,5.3,4.4,19.62,57.54,564.468
L3,L352,ACACME,9.4,M,M,69.3626,0.75,2.12,1.37,7.55,6.9,972.924
L3,L352,ACACME,2.3,,b,4.15265,0.75,2.12,1.37,7.55,6.9,37.428
L3,L352,ACACME,5.5,,b,23.74625,0.75,2.12,1.37,7.55,6.9,459.06
L3,L352,ACACME,1.5,,b,1.76625,0.75,2.12,1.37,7.55,6.9,-67.98
L3,L352,ACACME,2.6,,b,5.3066,0.75,2.12,1.37,7.55,6.9,76.956
L3,L352,ACACME,7.4,M,M,42.9866,0.7,2.63,1.93,8.15,10.49,709.404
L3,L352,ACACME,2.5,,b,4.90625,0.7,2.63,1.93,8.15,10.49,63.78
L3,L352,ACACME,3,,b,7.065,0.7,2.63,1.93,8.15,10.49,129.66
L3,L352,ACACME,4,,b,12.56,0.7,2.63,1.93,8.15,10.49,261.42
L3,L353,ACACME,10.8,M,M,91.5624,0.8,3.46,2.66,10.62,18.83,1157.388
L3,L353,ACACME,10.5,M,M,86.54625,0.6,2.5,1.9,8.42,10.66,1117.86
L3,L353,ACACME,9.7,,b,73.86065,0.6,2.5,1.9,8.42,10.66,1012.452
L3,L353,ACACME,8.5,,b,56.71625,0.6,2.5,1.9,8.42,10.66,854.34
L3,L353,ACACME,6.5,M,M,33.16625,0.4,2.3,1.9,11.78,14.92,590.82
L3,L353,ACACME,3,,b,7.065,0.4,2.3,1.9,11.78,14.92,129.66
L3,L353,ACACME,13.1,M,M,134.71385,0.8,3.76,2.96,4.98,9.83,1460.436
L3,L353,ACACME,5.5,M,M,23.74625,0.7,3.2,2.5,11.54,19.23,459.06
L3,L353,ACACME,4.5,,b,15.89625,0.7,3.2,2.5,11.54,19.23,327.3
L3,L353,ACACME,3.3,,b,8.54865,0.7,3.2,2.5,11.54,19.23,169.188
L3,L353,ACACME,2.6,,b,5.3066,0.7,3.2,2.5,11.54,19.23,76.956
L3,L353,ACACME,8.3,M,M,54.07865,0.77,2.99,2.22,7.64,11.31,827.988
L3,L354,ACACME,13.4,M,M,140.9546,0.36,4.23,3.87,22.13,57.09,1499.964
L3,L354,ACACME,2.3,,b,4.15265,0.36,4.23,3.87,22.13,57.09,37.428
L3,L354,ACACME,4.5,,b,15.89625,0.36,4.23,3.87,22.13,57.09,327.3
L3,L354,ACACME,7.2,M,M,40.6944,0.48,2.98,2.5,11.57,19.28,683.052
L3,L354,ACACME,5.6,,b,24.6176,0.48,2.98,2.5,11.57,19.28,472.236
L3,L354,ACACME,6.5,,b,33.16625,0.48,2.98,2.5,11.57,19.28,590.82
L3,L354,ACACME,17.7,M,M,245.93265,0.85,2.32,1.47,17.69,17.34,2066.532
L3,L354,ACACME,9.5,,b,70.84625,0.85,2.32,1.47,17.69,17.34,986.1
L3,L354,ACACME,6.3,,b,31.15665,0.85,2.32,1.47,17.69,17.34,564.468
L3,L354,ACACME,2.1,,b,3.46185,0.85,2.32,1.47,17.69,17.34,11.076
L3,L354,ACACME,12.5,M,M,122.65625,1.1,3.26,2.16,16.64,23.96,1381.38
L3,L354,ACACME,11.7,,b,107.45865,1.1,3.26,2.16,16.64,23.96,1275.972
L3,L354,ACACME,10.4,,b,84.9056,1.1,3.26,2.16,16.64,23.96,1104.684
L3,L354,ACACME,8.4,,b,55.3896,1.1,3.26,2.16,16.64,23.96,841.164
L3,L354,ACACME,4.4,,b,15.1976,1.1,3.26,2.16,16.64,23.96,314.124
L3,L356,ACACME,2.6,M,M,5.3066,0.56,1.22,0.66,5.93,2.61,76.956
L3,L356,ACACME,2.4,,b,4.5216,0.56,1.22,0.66,5.93,2.61,50.604
L3,L356,ACACME,1.2,,b,1.1304,0.56,1.22,0.66,5.93,2.61,-107.508
L3,L356,ACACME,2.4,,b,4.5216,0.56,1.22,0.66,5.93,2.61,50.604
L3,L356,ACACME,5.9,M,M,27.32585,0.8,3.26,2.46,2.19,3.59,511.764
L3,L356,ACACME,5.7,,b,25.50465,0.8,3.26,2.46,2.19,3.59,485.412
L3,L356,ACACME,2.3,,b,4.15265,0.8,3.26,2.46,2.19,3.59,37.428
L3,L356,ACACME,4.4,,b,15.1976,0.8,3.26,2.46,2.19,3.59,314.124
L3,L356,ACACME,3.5,,b,9.61625,0.8,3.26,2.46,2.19,3.59,195.54
L3,L356,ACACME,2.2,M,M,3.7994,0.5,1.22,0.72,5.54,2.66,24.252
L3,L356,ACACME,1.5,,b,1.76625,0.5,1.22,0.72,5.54,2.66,-67.98
L3,L356,ACACME,2,,b,3.14,0.5,1.22,0.72,5.54,2.66,-2.1
L3,L356,ACACME,1.9,,b,2.83385,0.5,1.22,0.72,5.54,2.66,-15.276
L3,L356,ACACME,2.5,M,M,4.90625,0.2,1.08,0.88,4.97,2.91,63.78
L3,L356,ACACME,2.2,,b,3.7994,0.2,1.08,0.88,4.97,2.91,24.252
L3,L356,ACACME,1.3,,b,1.32665,0.2,1.08,0.88,4.97,2.91,-94.332
L3,L356,ACACME,1.9,,b,2.83385,0.2,1.08,0.88,4.97,2.91,-15.276
L3,L356,ACACME,2.4,,b,4.5216,0.2,1.08,0.88,4.97,2.91,50.604
L3,L357,ACACME,10.7,M,M,89.87465,0.7,3.86,3.16,16.6,34.98,1144.212
L3,L357,ACACME,9.3,,b,67.89465,0.7,3.86,3.16,16.6,34.98,959.748
L3,L357,ACACME,5.6,,b,24.6176,0.7,3.86,3.16,16.6,34.98,472.236
L3,L357,ACACME,11.6,M,M,105.6296,0.9,4.65,3.75,22.88,57.21,1262.796
L3,L357,ACACME,9.4,,b,69.3626,0.9,4.65,3.75,22.88,57.21,972.924
L3,L357,ACACME,8.2,,b,52.7834,0.9,4.65,3.75,22.88,57.21,814.812
L3,L357,ACACME,7.1,,b,39.57185,0.9,4.65,3.75,22.88,57.21,669.876
L3,L357,ACACME,7.4,M,M,42.9866,1,2.71,1.71,12.2,13.91,709.404
L3,L357,ACACME,5.5,,b,23.74625,1,2.71,1.71,12.2,13.91,459.06
L3,L357,ACACME,11.94,M,M,111.912426,0.8,3.63,2.83,17.34,32.72,1307.5944
L3,L357,ACACME,8.6,,b,58.0586,0.8,3.63,2.83,17.34,32.72,867.516
L3,L357,ACACME,7.6,,b,45.3416,0.8,3.63,2.83,17.34,32.72,735.756
L3,L357,ACACME,4.5,,b,15.89625,0.8,3.63,2.83,17.34,32.72,327.3
L3,L357,ACACME,2.3,,b,4.15265,0.8,3.63,2.83,17.34,32.72,37.428
L3,L357,ACACME,2.4,,b,4.5216,0.8,3.63,2.83,17.34,32.72,50.604
L3,L357,ACACME,10.2,M,M,81.6714,3.99,11,7.01,13.82,64.57,1078.332
L3,L357,ACACME,9.6,,b,72.3456,3.99,11,7.01,13.82,64.57,999.276
L3,L357,ACACME,7.9,,b,48.99185,3.99,11,7.01,13.82,64.57,775.284
L3,L357,ACACME,4.5,M,M,15.89625,0.8,1.95,1.15,6.33,4.85,327.3
L3,L357,ACACME,2.7,,b,5.72265,0.8,1.95,1.15,6.33,4.85,90.132
L3,L357,ACACME,1.9,,b,2.83385,0.8,1.95,1.15,6.33,4.85,-15.276
L3,L357,ACACME,2.2,,b,3.7994,0.8,1.95,1.15,6.33,4.85,24.252
L3,L358,ACACME,16.5,M,M,213.71625,0.91,3.51,2.6,9.34,16.19,1908.42
L3,L358,ACACME,13.5,,b,143.06625,0.91,3.51,2.6,9.34,16.19,1513.14
L3,L358,ACACME,10.4,,b,84.9056,0.91,3.51,2.6,9.34,16.19,1104.684
L3,L358,ACACME,5.7,,b,25.50465,0.91,3.51,2.6,9.34,16.19,485.412
L3,L358,ACACME,12.5,M,M,122.65625,1.22,3.54,2.32,17.55,27.15,1381.38
L3,L358,ACACME,9.1,,b,65.00585,1.22,3.54,2.32,17.55,27.15,933.396
L3,L358,ACACME,6.2,,b,30.1754,1.22,3.54,2.32,17.55,27.15,551.292
L3,L358,ACACME,7.1,M,M,39.57185,0.99,3.51,2.52,11.41,19.18,669.876
L3,L358,ACACME,6.3,,b,31.15665,0.99,3.51,2.52,11.41,19.18,564.468
L3,L358,ACACME,5.1,,b,20.41785,0.99,3.51,2.52,11.41,19.18,406.356
L3,L358,ACACME,4.1,,b,13.19585,0.99,3.51,2.52,11.41,19.18,274.596
L3,L358,ACACME,9.7,M,M,73.86065,0.77,3.39,2.62,7.8,13.62,1012.452
L3,L358,ACACME,7.5,,b,44.15625,0.77,3.39,2.62,7.8,13.62,722.58
L3,L358,ACACME,6.5,,b,33.16625,0.77,3.39,2.62,7.8,13.62,590.82
L3,L358,ACACME,7.7,,b,46.54265,0.77,3.39,2.62,7.8,13.62,748.932
L3,L358,ACACME,8,,b,50.24,0.77,3.39,2.62,7.8,13.62,788.46
L3,L358,ACACME,7.3,,b,41.83265,0.77,3.39,2.62,7.8,13.62,696.228
L3,L358,ACACME,6.5,,b,33.16625,0.77,3.39,2.62,7.8,13.62,590.82
L3,L358,ACACME,7.6,M,M,45.3416,0.46,3.32,2.86,8.03,15.32,735.756
L3,L358,ACACME,3.9,,b,11.93985,0.46,3.32,2.86,8.03,15.32,248.244
L3,L358,ACACME,5.1,,b,20.41785,0.46,3.32,2.86,8.03,15.32,406.356
L3,L358,ACACME,7.9,M,M,48.99185,1.22,4.45,3.23,17.89,38.52,775.284
L3,L358,ACACME,3.5,,b,9.61625,1.22,4.45,3.23,17.89,38.52,195.54
L3,L358,ACACME,8.5,M,M,56.71625,0.6,2.25,1.65,7.33,8.06,854.34
L3,L358,ACACME,6.5,,b,33.16625,0.6,2.25,1.65,7.33,8.06,590.82
L3,L358,ACACME,4.1,,b,13.19585,0.6,2.25,1.65,7.33,8.06,274.596
L3,L358,ACACME,3.5,,b,9.61625,0.6,2.25,1.65,7.33,8.06,195.54
L3,L358,ACACME,3,,b,7.065,0.6,2.25,1.65,7.33,8.06,129.66
L3,L358,ACACME,6.5,M,M,33.16625,0.4,2.9,2.5,15.64,26.06,590.82
L3,L358,ACACME,5.6,,b,24.6176,0.4,2.9,2.5,15.64,26.06,472.236
L3,L358,ACACME,5.7,,b,25.50465,0.4,2.9,2.5,15.64,26.06,485.412
L3,L358,ACACME,7.5,M,M,44.15625,0.14,3.48,3.34,18.44,41.06,722.58
L3,L358,ACACME,7.5,,b,44.15625,0.14,3.48,3.34,18.44,41.06,722.58
L3,L358,ACACME,8,,b,50.24,0.14,3.48,3.34,18.44,41.06,788.46
L3,L358,ACACME,3.2,,b,8.0384,0.14,3.48,3.34,18.44,41.06,156.012
L3,L358,ACACME,9.8,M,M,75.3914,1.05,3.6,2.55,6.15,10.45,1025.628
L3,L358,ACACME,7.3,,b,41.83265,1.05,3.6,2.55,6.15,10.45,696.228
L3,L358,ACACME,8.2,,b,52.7834,1.05,3.6,2.55,6.15,10.45,814.812
L3,L358,ACACME,6.5,,b,33.16625,1.05,3.6,2.55,6.15,10.45,590.82
L3,L358,ACACME,4.6,,b,16.6106,1.05,3.6,2.55,6.15,10.45,340.476
L3,L358,ACACME,7.1,M,M,39.57185,1.17,3.85,2.68,20.8,37.17,669.876
L3,L358,ACACME,6.5,,b,33.16625,1.17,3.85,2.68,20.8,37.17,590.82
L3,L358,ACACME,4.6,,b,16.6106,1.17,3.85,2.68,20.8,37.17,340.476
L3,L358,ACACME,3.2,,b,8.0384,1.17,3.85,2.68,20.8,37.17,156.012
L3,L358,ACACME,8.6,M,M,58.0586,0.9,3.04,2.14,8.31,11.85,867.516
L3,L361,ACACME,2.5,M,M,4.90625,0.4,1,0.6,3.79,1.52,63.78
L3,L361,ACACME,1.5,,b,1.76625,0.4,1,0.6,3.79,1.52,-67.98
L3,L361,ACACME,1.3,,b,1.32665,0.4,1,0.6,3.79,1.52,-94.332
L3,L361,ACACME,1.5,,b,1.76625,0.4,1,0.6,3.79,1.52,-67.98
L3,L361,ACACME,1.9,,b,2.83385,0.4,1,0.6,3.79,1.52,-15.276
L3,L361,ACACME,1.4,,b,1.5386,0.4,1,0.6,3.79,1.52,-81.156
L3,L362,ACACME,11.3,M,M,100.23665,0.5,3.28,2.78,22.07,40.91,1223.268
L3,L362,ACACME,9.8,,b,75.3914,0.5,3.28,2.78,22.07,40.91,1025.628
L3,L362,ACACME,3.3,,b,8.54865,0.5,3.28,2.78,22.07,40.91,169.188
L3,L362,ACACME,3.7,,b,10.74665,0.5,3.28,2.78,22.07,40.91,221.892
L3,L362,ACACME,6.3,,b,31.15665,0.5,3.28,2.78,22.07,40.91,564.468
L3,L362,ACACME,4.4,,b,15.1976,0.5,3.28,2.78,22.07,40.91,314.124
L3,L362,ACACME,10.3,M,M,83.28065,0.5,2.56,2.06,10.1,13.87,1091.508
L3,L362,ACACME,8.8,,b,60.7904,0.5,2.56,2.06,10.1,13.87,893.868
L3,L362,ACACME,7.3,,b,41.83265,0.5,2.56,2.06,10.1,13.87,696.228
L3,L362,ACACME,8.5,,b,56.71625,0.5,2.56,2.06,10.1,13.87,854.34
L3,L362,ACACME,7.3,,b,41.83265,0.5,2.56,2.06,10.1,13.87,696.228
L3,L362,ACACME,7.9,,b,48.99185,0.5,2.56,2.06,10.1,13.87,775.284
L3,L362,ACACME,6.6,M,M,34.1946,0.8,2.62,1.82,4.06,4.92,603.996
L3,L362,ACACME,9.7,M,M,73.86065,0.67,3.31,2.64,9.67,17.02,1012.452
L3,L362,ACACME,3.1,,b,7.54385,0.67,3.31,2.64,9.67,17.02,142.836
L3,L362,ACACME,9.2,,b,66.4424,0.67,3.31,2.64,9.67,17.02,946.572
L3,L362,ACACME,3.6,,b,10.1736,0.67,3.31,2.64,9.67,17.02,208.716
L3,L362,ACACME,4.5,,b,15.89625,0.67,3.31,2.64,9.67,17.02,327.3
L3,L362,ACACME,8.4,M,M,55.3896,0.44,2.77,2.33,6.81,10.58,841.164
L3,L362,ACACME,3.1,,b,7.54385,0.44,2.77,2.33,6.81,10.58,142.836
L3,L362,ACACME,4.5,,b,15.89625,0.44,2.77,2.33,6.81,10.58,327.3
L3,L362,ACACME,6.4,,b,32.1536,0.44,2.77,2.33,6.81,10.58,577.644
L3,L362,ACACME,8.7,M,M,59.41665,0.4,3.39,2.99,6.45,12.85,880.692
L3,L362,ACACME,4.9,,b,18.84785,0.4,3.39,2.99,6.45,12.85,380.004
L3,L362,ACACME,5.5,,b,23.74625,0.4,3.39,2.99,6.45,12.85,459.06
L3,L362,ACACME,4.6,,b,16.6106,0.4,3.39,2.99,6.45,12.85,340.476
L3,L363,ACACME,8.2,M,M,52.7834,0.7,3.62,2.92,19.21,37.4,814.812
L3,L363,ACACME,2.5,,b,4.90625,0.7,3.62,2.92,19.21,37.4,63.78
L3,L363,ACACME,8.2,M,M,52.7834,0.5,3.07,2.57,5.72,9.8,814.812
L3,L363,ACACME,8,,b,50.24,0.5,3.07,2.57,5.72,9.8,788.46
L3,L363,ACACME,5.5,,b,23.74625,0.5,3.07,2.57,5.72,9.8,459.06
L3,L363,ACACME,4.7,M,M,17.34065,0.4,2.17,1.77,4.98,5.88,353.652
L3,L363,ACACME,4.2,,b,13.8474,0.4,2.17,1.77,4.98,5.88,287.772
L3,L363,ACACME,3.5,,b,9.61625,0.4,2.17,1.77,4.98,5.88,195.54
L3,L363,ACACME,2.5,,b,4.90625,0.4,2.17,1.77,4.98,5.88,63.78
L3,L363,ACACME,8.7,M,M,59.41665,0.5,3.15,2.65,12.71,22.45,880.692
L3,L363,ACACME,4.5,,b,15.89625,0.5,3.15,2.65,12.71,22.45,327.3
L3,L363,ACACME,6.3,,b,31.15665,0.5,3.15,2.65,12.71,22.45,564.468
L3,L363,ACACME,4.4,,b,15.1976,0.5,3.15,2.65,12.71,22.45,314.124
L3,L363,ACACME,7.9,M,M,48.99185,0.3,3.62,3.32,15.33,33.93,775.284
L3,L363,ACACME,6,,b,28.26,0.3,3.62,3.32,15.33,33.93,524.94
L3,L363,ACACME,6.6,,b,34.1946,0.3,3.62,3.32,15.33,33.93,603.996
L3,L363,ACACME,6.2,,b,30.1754,0.3,3.62,3.32,15.33,33.93,551.292
L3,L363,ACACME,9.1,M,M,65.00585,0.4,3.76,3.36,17.68,39.61,933.396
L3,L363,ACACME,7.4,,b,42.9866,0.4,3.76,3.36,17.68,39.61,709.404
L3,L363,ACACME,3.7,,b,10.74665,0.4,3.76,3.36,17.68,39.61,221.892
L3,L363,ACACME,5.1,,b,20.41785,0.4,3.76,3.36,17.68,39.61,406.356
L3,L363,ACACME,5.1,,b,20.41785,0.4,3.76,3.36,17.68,39.61,406.356
L3,L363,ACACME,5.7,,b,25.50465,0.4,3.76,3.36,17.68,39.61,485.412
L3,L363,ACACME,3.7,,b,10.74665,0.4,3.76,3.36,17.68,39.61,221.892
L3,L363,ACACME,3.7,M,M,10.74665,0.34,1.22,0.88,3.29,1.93,221.892
L3,L363,ACACME,2.4,,b,4.5216,0.34,1.22,0.88,3.29,1.93,50.604
L3,L363,ACACME,1.9,,b,2.83385,0.34,1.22,0.88,3.29,1.93,-15.276
L3,L363,ACACME,6.5,M,M,33.16625,0.43,3.38,2.95,8.15,16.03,590.82
L3,L363,ACACME,5.4,,b,22.8906,0.43,3.38,2.95,8.15,16.03,445.884
L3,L363,ACACME,3.4,,b,9.0746,0.43,3.38,2.95,8.15,16.03,182.364
L3,L363,ACACME,10.1,M,M,80.07785,0.66,4.05,3.39,15.66,35.39,1065.156
L3,L363,ACACME,8.3,,b,54.07865,0.66,4.05,3.39,15.66,35.39,827.988
L3,L363,ACACME,5.2,,b,21.2264,0.66,4.05,3.39,15.66,35.39,419.532
L3,L363,ACACME,14.4,M,M,162.7776,0.3,2.37,2.07,7.44,10.27,1631.724
L3,L363,ACACME,6.9,,b,37.37385,0.3,2.37,2.07,7.44,10.27,643.524
L3,L363,ACACME,5.4,,b,22.8906,0.3,2.37,2.07,7.44,10.27,445.884
L3,L363,ACACME,3.4,,b,9.0746,0.3,2.37,2.07,7.44,10.27,182.364
L3,L363,ACACME,4.7,,b,17.34065,0.3,2.37,2.07,7.44,10.27,353.652
L3,L363,ACACME,2.6,,b,5.3066,0.3,2.37,2.07,7.44,10.27,76.956
L3,L364,ACACME,11.6,M,M,105.6296,0.6,2.76,2.16,4.98,7.17,1262.796
L3,L364,ACACME,2.3,,b,4.15265,0.6,2.76,2.16,4.98,7.17,37.428
L3,L364,ACACME,1.9,,b,2.83385,0.6,2.76,2.16,4.98,7.17,-15.276
L3,L364,ACACME,15.43,M,M,186.8966465,0.9,3.63,2.73,16.23,29.55,1767.4368
L3,L364,ACACME,6.6,,b,34.1946,0.9,3.63,2.73,16.23,29.55,603.996
L3,L364,ACACME,7.3,,b,41.83265,0.9,3.63,2.73,16.23,29.55,696.228
L3,L364,ACACME,8.5,M,M,56.71625,0.8,4.52,3.72,28.25,70.07,854.34
L3,L364,ACACME,6.5,,b,33.16625,0.8,4.52,3.72,28.25,70.07,590.82
L3,L364,ACACME,16,M,M,200.96,0.6,5.51,4.91,10.83,35.45,1842.54
L3,L364,ACACME,4.9,,b,18.84785,0.6,5.51,4.91,10.83,35.45,380.004
L3,L365,ACACME,15.1,M,M,178.98785,0.43,3.88,3.45,10.14,23.32,1723.956
L3,L365,ACACME,22.5,M,M,397.40625,0.48,4.02,3.54,13.09,30.89,2698.98
L3,L365,ACACME,21.1,M,M,349.48985,0.8,3.92,3.12,38.78,80.66,2514.516
L3,L365,ACACME,2.5,,b,4.90625,0.8,3.92,3.12,38.78,80.66,63.78
L3,L365,ACACME,5.4,,b,22.8906,0.8,3.92,3.12,38.78,80.66,445.884
L3,L365,ACACME,7.1,,b,39.57185,0.8,3.92,3.12,38.78,80.66,669.876
L3,L365,ACACME,8.7,M,M,59.41665,0.9,5.15,4.25,9.26,26.24,880.692
L3,L365,ACACME,3.5,,b,9.61625,0.9,5.15,4.25,9.26,26.24,195.54
L3,L365,ACACME,5,,b,19.625,0.9,5.15,4.25,9.26,26.24,393.18
L3,L365,ACACME,7.5,,b,44.15625,0.9,5.15,4.25,9.26,26.24,722.58
L3,L365,ACACME,14.2,M,M,158.2874,0.54,2.57,2.03,29.96,40.54,1605.372
L3,L365,ACACME,5.7,,b,25.50465,0.54,2.57,2.03,29.96,40.54,485.412
L3,L365,ACACME,11.8,,b,109.3034,0.54,2.57,2.03,29.96,40.54,1289.148
L3,L365,ACACME,5.2,,b,21.2264,0.54,2.57,2.03,29.96,40.54,419.532
L3,L366,ACACME,28.5,M,M,637.61625,1,5.01,4.01,41.27,110.32,3489.54
L3,L366,ACACME,13.5,,b,143.06625,1,5.01,4.01,41.27,110.32,1513.14
L3,L366,ACACME,16.9,,b,224.20385,1,5.01,4.01,41.27,110.32,1961.124
L3,L366,ACACME,2.9,M,M,6.60185,0.4,1.22,0.82,5.46,2.99,116.484
L3,L366,ACACME,2.4,,b,4.5216,0.4,1.22,0.82,5.46,2.99,50.604
L3,L366,ACACME,1.9,,b,2.83385,0.4,1.22,0.82,5.46,2.99,-15.276
L3,L366,ACACME,1.3,,b,1.32665,0.4,1.22,0.82,5.46,2.99,-94.332
L3,L366,ACACME,2.5,,b,4.90625,0.4,1.22,0.82,5.46,2.99,63.78
L3,L366,ACACME,2.3,,b,4.15265,0.4,1.22,0.82,5.46,2.99,37.428
L3,L366,ACACME,2,,b,3.14,0.4,1.22,0.82,5.46,2.99,-2.1
L3,L366,ACACME,10.5,M,M,86.54625,0.7,3.69,2.99,16.07,32.03,1117.86
L3,L366,ACACME,8.7,,b,59.41665,0.7,3.69,2.99,16.07,32.03,880.692
L3,L366,ACACME,3.4,,b,9.0746,0.7,3.69,2.99,16.07,32.03,182.364
L3,L366,ACACME,2.5,,b,4.90625,0.7,3.69,2.99,16.07,32.03,63.78
L3,L366,ACACME,2.7,,b,5.72265,0.7,3.69,2.99,16.07,32.03,90.132
L3,L366,ACACME,1.9,,b,2.83385,0.7,3.69,2.99,16.07,32.03,-15.276
L3,L366,ACACME,3.3,,b,8.54865,0.7,3.69,2.99,16.07,32.03,169.188
L3,L367,ACACME,2.1,M,M,3.46185,0.26,1.22,0.96,1.59,1.02,11.076
L3,L367,ACACME,1.9,,b,2.83385,0.26,1.22,0.96,1.59,1.02,-15.276
L3,L367,ACACME,1.5,,b,1.76625,0.26,1.22,0.96,1.59,1.02,-67.98
L3,L367,ACACME,5.6,M,M,24.6176,0.5,2.84,2.34,5.09,7.94,472.236
L3,L367,ACACME,4.1,,b,13.19585,0.5,2.84,2.34,5.09,7.94,274.596
L3,L367,ACACME,4.7,,b,17.34065,0.5,2.84,2.34,5.09,7.94,353.652
L3,L367,ACACME,12.6,M,M,124.6266,0.9,3.39,2.49,10.62,17.63,1394.556
L3,L367,ACACME,9.7,,b,73.86065,0.9,3.39,2.49,10.62,17.63,1012.452
L3,L367,ACACME,3.4,,b,9.0746,0.9,3.39,2.49,10.62,17.63,182.364
L3,L367,ACACME,10.7,M,M,89.87465,0.44,4.67,4.23,11.48,32.36,1144.212
L3,L367,ACACME,8.2,,b,52.7834,0.44,4.67,4.23,11.48,32.36,814.812
L3,L367,ACACME,6.5,,b,33.16625,0.44,4.67,4.23,11.48,32.36,590.82
L3,L367,ACACME,4.9,,b,18.84785,0.44,4.67,4.23,11.48,32.36,380.004
L3,L367,ACACME,5.7,M,M,25.50465,0.52,2.89,2.37,9.34,14.76,485.412
L3,L367,ACACME,4.4,,b,15.1976,0.52,2.89,2.37,9.34,14.76,314.124
L3,L367,ACACME,3.5,,b,9.61625,0.52,2.89,2.37,9.34,14.76,195.54
L3,L367,ACACME,4.4,M,M,15.1976,0.4,1.54,1.14,5.6,4.25,314.124
L3,L367,ACACME,3.7,,b,10.74665,0.4,1.54,1.14,5.6,4.25,221.892
L3,L367,ACACME,3.5,,b,9.61625,0.4,1.54,1.14,5.6,4.25,195.54
L3,L367,ACACME,2.5,,b,4.90625,0.4,1.54,1.14,5.6,4.25,63.78
L3,L367,ACACME,2.3,,b,4.15265,0.4,1.54,1.14,5.6,4.25,37.428
L3,L367,ACACME,1.9,,b,2.83385,0.4,1.54,1.14,5.6,4.25,-15.276
L3,L367,ACACME,2.2,,b,3.7994,0.4,1.54,1.14,5.6,4.25,24.252
L3,L368,ACACME,14.4,M,M,162.7776,1,4.52,3.52,19.17,44.98,1631.724
L3,L368,ACACME,7.5,M,M,44.15625,0.9,3.11,2.21,10.87,16.01,722.58
L3,L368,ACACME,6.8,,b,36.2984,0.9,3.11,2.21,10.87,16.01,630.348
L3,L368,ACACME,4.4,,b,15.1976,0.9,3.11,2.21,10.87,16.01,314.124
L3,L368,ACACME,16.5,M,M,213.71625,1.1,6.14,5.04,51.04,171.51,1908.42
L3,L368,ACACME,12.5,,b,122.65625,1.1,6.14,5.04,51.04,171.51,1381.38
L3,L368,ACACME,9.5,,b,70.84625,1.1,6.14,5.04,51.04,171.51,986.1
L3,L368,ACACME,13.5,,b,143.06625,1.1,6.14,5.04,51.04,171.51,1513.14
L3,L368,ACACME,7.5,,b,44.15625,1,4.52,3.52,19.17,44.98,722.58
L3,L368,ACACME,12.1,,b,114.93185,1,4.52,3.52,19.17,44.98,1328.676
L3,L368,ACACME,10.5,,b,86.54625,1,4.52,3.52,19.17,44.98,1117.86
L3,L370,ACACME,7.5,M,M,44.15625,0.49,2.5,2.01,8.11,10.87,722.58
L3,L370,ACACME,4.7,,b,17.34065,0.49,2.5,2.01,8.11,10.87,353.652
L3,L370,ACACME,3.5,,b,9.61625,0.49,2.5,2.01,8.11,10.87,195.54
L3,L370,ACACME,3.1,,b,7.54385,0.49,2.5,2.01,8.11,10.87,142.836
L3,L370,ACACME,5.5,,b,23.74625,0.49,2.5,2.01,8.11,10.87,459.06
L3,L371,ACACME,5.7,M,M,25.50465,0.4,2.57,2.17,4.27,6.18,485.412
L3,L371,ACACME,4.5,,b,15.89625,0.4,2.57,2.17,4.27,6.18,327.3
L3,L371,ACACME,4.6,,b,16.6106,0.4,2.57,2.17,4.27,6.18,340.476
L3,L371,ACACME,3.4,,b,9.0746,0.4,2.57,2.17,4.27,6.18,182.364
L3,L371,ACACME,2.7,,b,5.72265,0.4,2.57,2.17,4.27,6.18,90.132
L3,L372,ACACME,2.4,M,M,4.5216,0.27,0.9,0.63,4.49,1.89,50.604
L3,L372,ACACME,2.3,,b,4.15265,0.27,0.9,0.63,4.49,1.89,37.428
L3,L372,ACACME,1.9,,b,2.83385,0.27,0.9,0.63,4.49,1.89,-15.276
L3,L372,ACACME,1.5,,b,1.76625,0.27,0.9,0.63,4.49,1.89,-67.98
L3,L372,ACACME,1.7,,b,2.26865,0.27,0.9,0.63,4.49,1.89,-41.628
M1,M102,ACACME,6.7,M,M,35.23865,0.9,3.3,2.4,6.59,10.55,617.172
M1,M102,ACACME,6.7,,b,35.23865,0.9,3.3,2.4,6.59,10.55,617.172
M1,M106,ACACME,7.8,M,M,47.7594,0.8,1.7,0.9,0.53,0.32,762.108
M1,M113,ACACME,9.2,M,M,66.4424,0.8,2.39,1.59,6.46,6.85,946.572
M1,M113,ACACME,7.7,,b,46.54265,0.8,2.39,1.59,6.46,6.85,748.932
M1,M113,ACACME,5.4,,b,22.8906,0.8,2.39,1.59,6.46,6.85,445.884
M1,M115,ACACME,8.3,M,M,54.07865,0.68,1.97,1.29,2.4,2.06,827.988
M1,M115,ACACME,4.8,,b,18.0864,0.68,1.97,1.29,2.4,2.06,366.828
M1,M115,ACACME,1.7,,b,2.26865,0.68,1.97,1.29,2.4,2.06,-41.628
M1,M117,ACACME,7.9,M,M,48.99185,0.67,1.93,1.26,2.15,1.81,775.284
M1,M117,ACACME,5.7,,b,25.50465,0.67,1.93,1.26,2.15,1.81,485.412
M1,M117,ACACME,6.1,,b,29.20985,0.67,1.93,1.26,2.15,1.81,538.116
M1,M117,ACACME,3.7,,b,10.74665,0.67,1.93,1.26,2.15,1.81,221.892
M1,M117,ACACME,1,,b,0.785,0.67,1.93,1.26,2.15,1.81,-133.86
M1,M117,ACACME,3.4,,b,9.0746,0.67,1.93,1.26,2.15,1.81,182.364
M1,M117,ACACME,6.4,,b,32.1536,0.67,1.93,1.26,2.15,1.81,577.644
M1,M117,ACACME,1.4,,b,1.5386,0.67,1.93,1.26,2.15,1.81,-81.156
M1,M117,ACACME,1.8,,b,2.5434,0.67,1.93,1.26,2.15,1.81,-28.452
M1,M117,ACACME,5.9,,b,27.32585,0.67,1.93,1.26,2.15,1.81,511.764
M1,M120,ACACME,13.4,M,M,140.9546,0.6,3.04,2.44,18.48,30.06,1499.964
M1,M120,ACACME,12.7,,b,126.61265,0.6,3.04,2.44,18.48,30.06,1407.732
M1,M120,ACACME,11.3,,b,100.23665,0.6,3.04,2.44,18.48,30.06,1223.268
M1,M120,ACACME,10.4,,b,84.9056,0.6,3.04,2.44,18.48,30.06,1104.684
M1,M120,ACACME,6.4,,b,32.1536,0.6,3.04,2.44,18.48,30.06,577.644
M1,M120,ACACME,3.5,,b,9.61625,0.6,3.04,2.44,18.48,30.06,195.54
M1,M120,ACACME,5.7,,b,25.50465,0.6,3.04,2.44,18.48,30.06,485.412
M1,M120,ACACME,14.5,M,M,165.04625,1.1,5.18,4.08,28.02,76.23,1644.9
M1,M120,ACACME,4,,b,12.56,1.1,5.18,4.08,28.02,76.23,261.42
M1,M120,ACACME,3.5,,b,9.61625,1.1,5.18,4.08,28.02,76.23,195.54
M1,M120,ACACME,4.3,,b,14.51465,1.1,5.18,4.08,28.02,76.23,300.948
M1,M120,ACACME,13.9,,b,151.66985,1.1,5.18,4.08,28.02,76.23,1565.844
M1,M120,ACACME,10.9,,b,93.26585,1.1,5.18,4.08,28.02,76.23,1170.564
M1,M120,ACACME,10.7,,b,89.87465,1.1,5.18,4.08,28.02,76.23,1144.212
M1,M120,ACACME,5,,b,19.625,1.1,5.18,4.08,28.02,76.23,393.18
M1,M120,ACACME,10.1,M,M,80.07785,1.1,2.23,1.13,14.72,11.09,1065.156
M1,M120,ACACME,9.1,,b,65.00585,1.1,2.23,1.13,14.72,11.09,933.396
M1,M120,ACACME,5.2,,b,21.2264,1.1,2.23,1.13,14.72,11.09,419.532
M1,M120,ACACME,5.5,,b,23.74625,1.1,2.23,1.13,14.72,11.09,459.06
M1,M120,ACACME,8.8,M,M,60.7904,1.1,2.04,0.94,8.29,5.19,893.868
M1,M120,ACACME,3.9,,b,11.93985,1.1,2.04,0.94,8.29,5.19,248.244
M1,M121,ACACME,5.8,M,M,26.4074,0.8,2.1,1.3,4.75,4.11,498.588
M1,M121,ACACME,3.7,,b,10.74665,0.8,2.1,1.3,4.75,4.11,221.892
M1,M121,ACACME,5,,b,19.625,0.8,2.1,1.3,4.75,4.11,393.18
M1,M121,ACACME,3.6,,b,10.1736,0.8,2.1,1.3,4.75,4.11,208.716
M1,M121,ACACME,3.3,,b,8.54865,0.8,2.1,1.3,4.75,4.11,169.188
M1,M121,ACACME,9.5,M,M,70.84625,0.95,3.5,2.55,11.53,19.6,986.1
M1,M121,ACACME,5.2,,b,21.2264,0.95,3.5,2.55,11.53,19.6,419.532
M1,M121,ACACME,4.6,,b,16.6106,0.95,3.5,2.55,11.53,19.6,340.476
M1,M121,ACACME,5.9,,b,27.32585,0.95,3.5,2.55,11.53,19.6,511.764
M1,M121,ACACME,8.5,,b,56.71625,0.95,3.5,2.55,11.53,19.6,854.34
M1,M121,ACACME,3.3,,b,8.54865,0.95,3.5,2.55,11.53,19.6,169.188
M1,M121,ACACME,6.2,,b,30.1754,0.95,3.5,2.55,11.53,19.6,551.292
M1,M121,ACACME,3.7,M,M,10.74665,1.67,3.3,1.63,4.13,4.49,221.892
M1,M121,ACACME,10.9,M,M,93.26585,4.82,7.5,2.68,2.58,4.61,1170.564
M1,M121,ACACME,10.1,,b,80.07785,4.82,7.5,2.68,2.58,4.61,1065.156
M1,M121,ACACME,9.6,,b,72.3456,4.82,7.5,2.68,2.58,4.61,999.276
M1,M121,ACACME,7,,b,38.465,4.82,7.5,2.68,2.58,4.61,656.7
M1,M121,ACACME,5.5,,b,23.74625,4.82,7.5,2.68,2.58,4.61,459.06
M1,M121,ACACME,4.2,,b,13.8474,4.82,7.5,2.68,2.58,4.61,287.772
M1,M121,ACACME,7.9,,b,48.99185,4.82,7.5,2.68,2.58,4.61,775.284
M1,M121,ACACME,4,,b,12.56,4.82,7.5,2.68,2.58,4.61,261.42
M1,M121,ACACME,5.5,,b,23.74625,4.82,7.5,2.68,2.58,4.61,459.06
M1,M121,ACACME,6.1,,b,29.20985,4.82,7.5,2.68,2.58,4.61,538.116
M1,M121,ACACME,8.9,M,M,62.17985,1,3.53,2.53,16.92,28.55,907.044
M1,M121,ACACME,6.2,,b,30.1754,1,3.53,2.53,16.92,28.55,551.292
M1,M121,ACACME,3.3,,b,8.54865,1,3.53,2.53,16.92,28.55,169.188
M1,M121,ACACME,4.8,,b,18.0864,1,3.53,2.53,16.92,28.55,366.828
M1,M121,ACACME,7.5,,b,44.15625,1,3.53,2.53,16.92,28.55,722.58
M1,M121,ACACME,7.7,,b,46.54265,1,3.53,2.53,16.92,28.55,748.932
M1,M122,ACACME,48.2,M,M,1823.7434,0.5,4,3.5,23.5,54.84,6085.212
M1,M122,ACACME,39,,b,1193.985,0.5,4,3.5,23.5,54.84,4873.02
M1,M122,ACACME,31.5,,b,778.91625,0.5,4,3.5,23.5,54.84,3884.82
M1,M122,ACACME,15.3,,b,183.76065,0.5,4,3.5,23.5,54.84,1750.308
M1,M122,ACACME,14.8,,b,171.9464,0.5,4,3.5,23.5,54.84,1684.428
M1,M122,ACACME,1,,b,0.785,0.5,4,3.5,23.5,54.84,-133.86
M1,M122,ACACME,1.3,,b,1.32665,0.5,4,3.5,23.5,54.84,-94.332
M1,M122,ACACME,5.2,M,M,21.2264,1.1,2.45,1.35,3.83,3.45,419.532
M1,M122,ACACME,4.6,,b,16.6106,1.1,2.45,1.35,3.83,3.45,340.476
M1,M122,ACACME,2.4,,b,4.5216,1.1,2.45,1.35,3.83,3.45,50.604
M1,M122,ACACME,2.2,,b,3.7994,1.1,2.45,1.35,3.83,3.45,24.252
M1,M122,ACACME,1.8,M,M,2.5434,0.3,0.55,0.25,23.55,3.93,-28.452
M1,M122,ACACME,1.2,,b,1.1304,0.3,0.55,0.25,23.55,3.93,-107.508
M1,M122,ACACME,5.7,M,M,25.50465,0.8,2.47,1.67,5.43,6.04,485.412
M1,M122,ACACME,2.5,,b,4.90625,0.8,2.47,1.67,5.43,6.04,63.78
M1,M122,ACACME,3.8,,b,11.3354,0.8,2.47,1.67,5.43,6.04,235.068
M1,M122,ACACME,3.3,,b,8.54865,0.8,2.47,1.67,5.43,6.04,169.188
M1,M122,ACACME,3,,b,7.065,0.8,2.47,1.67,5.43,6.04,129.66
M1,M122,ACACME,3.8,,b,11.3354,0.8,2.47,1.67,5.43,6.04,235.068
M1,M122,ACACME,4.2,M,M,13.8474,0.8,2.68,1.88,4.76,5.97,287.772
M1,M122,ACACME,3.8,,b,11.3354,0.8,2.68,1.88,4.76,5.97,235.068
M1,M122,ACACME,3.7,,b,10.74665,0.8,2.68,1.88,4.76,5.97,221.892
M1,M122,ACACME,4.8,M,M,18.0864,1.2,2.23,1.03,1.25,0.86,366.828
M1,M122,ACACME,3,,b,7.065,1.2,2.23,1.03,1.25,0.86,129.66
M1,M122,ACACME,4.2,M,M,13.8474,0.8,2.6,1.8,3.39,4.07,287.772
M1,M122,ACACME,4,,b,12.56,0.8,2.6,1.8,3.39,4.07,261.42
M1,M122,ACACME,3.5,,b,9.61625,0.8,2.6,1.8,3.39,4.07,195.54
M1,M122,ACACME,3.6,,b,10.1736,0.8,2.6,1.8,3.39,4.07,208.716
M1,M122,ACACME,5.1,M,M,20.41785,0.8,2.6,1.8,7.17,8.6,406.356
M1,M122,ACACME,3,,b,7.065,0.8,2.6,1.8,7.17,8.6,129.66
M1,M122,ACACME,3.2,,b,8.0384,0.8,2.6,1.8,7.17,8.6,156.012
M1,M122,ACACME,3.6,,b,10.1736,0.8,2.6,1.8,7.17,8.6,208.716
M1,M122,ACACME,2.6,M,M,5.3066,0.7,1.14,0.44,1.28,0.37,76.956
M1,M122,ACACME,1.7,,b,2.26865,0.7,1.14,0.44,1.28,0.37,-41.628
M1,M122,ACACME,1.2,,b,1.1304,0.7,1.14,0.44,1.28,0.37,-107.508
M1,M122,ACACME,1.2,,b,1.1304,0.7,1.14,0.44,1.28,0.37,-107.508
M1,M122,ACACME,1,,b,0.785,0.7,1.14,0.44,1.28,0.37,-133.86
M1,M123,ACACME,7.2,M,M,40.6944,1,2.66,1.66,5.29,5.86,683.052
M1,M123,ACACME,6.9,,b,37.37385,1,2.66,1.66,5.29,5.86,643.524
M1,M123,ACACME,3.7,,b,10.74665,1,2.66,1.66,5.29,5.86,221.892
M1,M151,ACACME,9.4,M,M,69.3626,0.85,3.15,2.3,22.82,34.99,972.924
M1,M151,ACACME,8.5,,b,56.71625,0.85,3.15,2.3,22.82,34.99,854.34
M1,M151,ACACME,5.2,,b,21.2264,0.85,3.15,2.3,22.82,34.99,419.532
M1,M151,ACACME,5.2,,b,21.2264,0.85,3.15,2.3,22.82,34.99,419.532
M1,M151,ACACME,8.1,,b,51.50385,0.85,3.15,2.3,22.82,34.99,801.636
M1,M151,ACACME,4,,b,12.56,0.85,3.15,2.3,22.82,34.99,261.42
M1,M151,ACACME,7.7,,b,46.54265,0.85,3.15,2.3,22.82,34.99,748.932
M1,M151,ACACME,3.4,,b,9.0746,0.85,3.15,2.3,22.82,34.99,182.364
M1,M151,ACACME,5.6,,b,24.6176,0.85,3.15,2.3,22.82,34.99,472.236
M1,M151,ACACME,2.6,,b,5.3066,0.85,3.15,2.3,22.82,34.99,76.956
M1,M151,ACACME,5.7,,b,25.50465,0.85,3.15,2.3,22.82,34.99,485.412
M1,M151,ACACME,2.2,,b,3.7994,0.85,3.15,2.3,22.82,34.99,24.252
M1,M151,ACACME,5.8,,b,26.4074,0.85,3.15,2.3,22.82,34.99,498.588
M1,M151,ACACME,9.3,,b,67.89465,0.85,3.15,2.3,22.82,34.99,959.748
M1,M151,ACACME,3.8,,b,11.3354,0.85,3.15,2.3,22.82,34.99,235.068
M1,M151,ACACME,6.8,,b,36.2984,0.85,3.15,2.3,22.82,34.99,630.348
M1,M151,ACACME,6.7,,b,35.23865,0.85,3.15,2.3,22.82,34.99,617.172
M1,M151,ACACME,8.7,,b,59.41665,0.85,3.15,2.3,22.82,34.99,880.692
M1,M151,ACACME,3.8,,b,11.3354,0.85,3.15,2.3,22.82,34.99,235.068
M1,M151,ACACME,5.7,,b,25.50465,0.85,3.15,2.3,22.82,34.99,485.412
M1,M151,ACACME,6.2,M,M,30.1754,0.7,2.1,1.4,10.99,10.26,551.292
M1,M151,ACACME,3.7,,b,10.74665,0.7,2.1,1.4,10.99,10.26,221.892
M1,M151,ACACME,2,,b,3.14,0.7,2.1,1.4,10.99,10.26,-2.1
M1,M151,ACACME,4.1,,b,13.19585,0.7,2.1,1.4,10.99,10.26,274.596
M1,M151,ACACME,2.9,,b,6.60185,0.7,2.1,1.4,10.99,10.26,116.484
M1,M151,ACACME,2.5,,b,4.90625,0.7,2.1,1.4,10.99,10.26,63.78
M1,M151,ACACME,2.2,,b,3.7994,0.7,2.1,1.4,10.99,10.26,24.252
M1,M151,ACACME,2.5,,b,4.90625,0.7,2.1,1.4,10.99,10.26,63.78
M1,M151,ACACME,3.6,,b,10.1736,0.7,2.1,1.4,10.99,10.26,208.716
M1,M151,ACACME,3.3,,b,8.54865,0.7,2.1,1.4,10.99,10.26,169.188
M1,M151,ACACME,1.6,,b,2.0096,0.7,2.1,1.4,10.99,10.26,-54.804
M1,M151,ACACME,3.5,,b,9.61625,0.7,2.1,1.4,10.99,10.26,195.54
M1,M151,ACACME,3.7,,b,10.74665,0.7,2.1,1.4,10.99,10.26,221.892
M1,M152,ACACME,2.4,M,M,4.5216,0.4,1.1,0.7,0.85,0.4,50.604
M1,M152,ACACME,1,,b,0.785,0.4,1.1,0.7,0.85,0.4,-133.86
M1,M152,ACACME,2.1,,b,3.46185,0.4,1.1,0.7,0.85,0.4,11.076
M1,M152,ACACME,9,M,M,63.585,0.9,4.4,3.5,39.07,91.16,920.22
M1,M152,ACACME,4.1,,b,13.19585,0.9,4.4,3.5,39.07,91.16,274.596
M1,M152,ACACME,7.1,,b,39.57185,0.9,4.4,3.5,39.07,91.16,669.876
M1,M152,ACACME,4.2,,b,13.8474,0.9,4.4,3.5,39.07,91.16,287.772
M1,M152,ACACME,5.3,,b,22.05065,0.9,4.4,3.5,39.07,91.16,432.708
M1,M152,ACACME,7.1,,b,39.57185,0.9,4.4,3.5,39.07,91.16,669.876
M1,M152,ACACME,7.7,,b,46.54265,0.9,4.4,3.5,39.07,91.16,748.932
M1,M152,ACACME,3,,b,7.065,0.9,4.4,3.5,39.07,91.16,129.66
M1,M152,ACACME,6.7,,b,35.23865,0.9,4.4,3.5,39.07,91.16,617.172
M1,M152,ACACME,8.6,,b,58.0586,0.9,4.4,3.5,39.07,91.16,867.516
M1,M152,ACACME,7.2,,b,40.6944,0.9,4.4,3.5,39.07,91.16,683.052
M1,M152,ACACME,3.3,,b,8.54865,0.9,4.4,3.5,39.07,91.16,169.188
M1,M152,ACACME,4.2,,b,13.8474,0.9,4.4,3.5,39.07,91.16,287.772
M1,M152,ACACME,1.2,M,M,1.1304,0.25,0.5,0.25,0.19,0.03,-107.508
M1,M152,ACACME,1.1,,b,0.94985,0.25,0.5,0.25,0.19,0.03,-120.684
M1,M152,ACACME,15.1,M,M,178.98785,0.8,2.2,1.4,4.31,4.02,1723.956
M1,M152,ACACME,12.8,,b,128.6144,0.8,2.2,1.4,4.31,4.02,1420.908
M1,M153,ACACME,10.4,M,M,84.9056,0.7,3.05,2.35,35.76,56.03,1104.684
M1,M153,ACACME,9.7,,b,73.86065,0.7,3.05,2.35,35.76,56.03,1012.452
M1,M153,ACACME,6.6,,b,34.1946,0.7,3.05,2.35,35.76,56.03,603.996
M1,M153,ACACME,6.4,,b,32.1536,0.7,3.05,2.35,35.76,56.03,577.644
M1,M153,ACACME,10.1,,b,80.07785,0.7,3.05,2.35,35.76,56.03,1065.156
M1,M153,ACACME,7.5,,b,44.15625,0.7,3.05,2.35,35.76,56.03,722.58
M1,M153,ACACME,9.2,,b,66.4424,0.7,3.05,2.35,35.76,56.03,946.572
M1,M153,ACACME,5.9,,b,27.32585,0.7,3.05,2.35,35.76,56.03,511.764
M1,M153,ACACME,5.1,,b,20.41785,0.7,3.05,2.35,35.76,56.03,406.356
M1,M153,ACACME,8.9,,b,62.17985,0.7,3.05,2.35,35.76,56.03,907.044
M1,M153,ACACME,5.5,,b,23.74625,0.7,3.05,2.35,35.76,56.03,459.06
M1,M153,ACACME,2.1,M,M,3.46185,0.5,1.4,0.9,3.3,1.98,11.076
M1,M153,ACACME,1.6,,b,2.0096,0.5,1.4,0.9,3.3,1.98,-54.804
M1,M153,ACACME,1.2,,b,1.1304,0.5,1.4,0.9,3.3,1.98,-107.508
M1,M153,ACACME,1.2,,b,1.1304,0.5,1.4,0.9,3.3,1.98,-107.508
M1,M153,ACACME,1,,b,0.785,0.5,1.4,0.9,3.3,1.98,-133.86
M1,M153,ACACME,1.2,,b,1.1304,0.5,1.4,0.9,3.3,1.98,-107.508
M1,M153,ACACME,1.1,,b,0.94985,0.5,1.4,0.9,3.3,1.98,-120.684
M1,M153,ACACME,2,,b,3.14,0.5,1.4,0.9,3.3,1.98,-2.1
M1,M154,ACACME,2.1,M,M,3.46185,0.4,0.85,0.45,1.73,0.52,11.076
M1,M154,ACACME,1.7,,b,2.26865,0.4,0.85,0.45,1.73,0.52,-41.628
M1,M154,ACACME,1.7,,b,2.26865,0.4,0.85,0.45,1.73,0.52,-41.628
M1,M154,ACACME,1.6,,b,2.0096,0.4,0.85,0.45,1.73,0.52,-54.804
M1,M154,ACACME,1.7,,b,2.26865,0.4,0.85,0.45,1.73,0.52,-41.628
M1,M154,ACACME,1.2,,b,1.1304,0.4,0.85,0.45,1.73,0.52,-107.508
M1,M154,ACACME,1,,b,0.785,0.4,0.85,0.45,1.73,0.52,-133.86
M1,M154,ACACME,3.8,M,M,11.3354,0.3,1.3,1,3.29,2.19,235.068
M1,M154,ACACME,1.4,,b,1.5386,0.3,1.3,1,3.29,2.19,-81.156
M1,M154,ACACME,3.5,,b,9.61625,0.3,1.3,1,3.29,2.19,195.54
M1,M154,ACACME,3.7,,b,10.74665,0.3,1.3,1,3.29,2.19,221.892
M1,M154,ACACME,8.3,M,M,54.07865,0.7,2.9,2.2,27.46,40.27,827.988
M1,M154,ACACME,2,,b,3.14,0.7,2.9,2.2,27.46,40.27,-2.1
M1,M154,ACACME,8.1,,b,51.50385,0.7,2.9,2.2,27.46,40.27,801.636
M1,M154,ACACME,8.1,,b,51.50385,0.7,2.9,2.2,27.46,40.27,801.636
M1,M154,ACACME,2.1,,b,3.46185,0.7,2.9,2.2,27.46,40.27,11.076
M1,M154,ACACME,6.5,,b,33.16625,0.7,2.9,2.2,27.46,40.27,590.82
M1,M154,ACACME,5.8,,b,26.4074,0.7,2.9,2.2,27.46,40.27,498.588
M1,M154,ACACME,2,,b,3.14,0.7,2.9,2.2,27.46,40.27,-2.1
M1,M154,ACACME,3.3,,b,8.54865,0.7,2.9,2.2,27.46,40.27,169.188
M1,M154,ACACME,5.8,,b,26.4074,0.7,2.9,2.2,27.46,40.27,498.588
M1,M154,ACACME,2.8,,b,6.1544,0.7,2.9,2.2,27.46,40.27,103.308
M1,M154,ACACME,4.1,,b,13.19585,0.7,2.9,2.2,27.46,40.27,274.596
M1,M154,ACACME,2,,b,3.14,0.7,2.9,2.2,27.46,40.27,-2.1
M1,M154,ACACME,2,,b,3.14,0.7,2.9,2.2,27.46,40.27,-2.1
M1,M154,ACACME,3.9,,b,11.93985,0.7,2.9,2.2,27.46,40.27,248.244
M1,M154,ACACME,5.5,,b,23.74625,0.7,2.9,2.2,27.46,40.27,459.06
M1,M154,ACACME,6.2,,b,30.1754,0.7,2.9,2.2,27.46,40.27,551.292
M1,M154,ACACME,3.5,,b,9.61625,0.7,2.9,2.2,27.46,40.27,195.54
M1,M154,ACACME,5.1,,b,20.41785,0.7,2.9,2.2,27.46,40.27,406.356
M1,M154,ACACME,1.9,,b,2.83385,0.7,2.9,2.2,27.46,40.27,-15.276
M1,M154,ACACME,4.2,,b,13.8474,0.7,2.9,2.2,27.46,40.27,287.772
M1,M155,ACACME,8.1,M,M,51.50385,0.6,2.56,1.96,19.23,25.13,801.636
M1,M155,ACACME,3.2,,b,8.0384,0.6,2.56,1.96,19.23,25.13,156.012
M1,M155,ACACME,2.1,,b,3.46185,0.6,2.56,1.96,19.23,25.13,11.076
M1,M155,ACACME,2.7,,b,5.72265,0.6,2.56,1.96,19.23,25.13,90.132
M1,M155,ACACME,2.9,,b,6.60185,0.6,2.56,1.96,19.23,25.13,116.484
M1,M155,ACACME,1.3,,b,1.32665,0.6,2.56,1.96,19.23,25.13,-94.332
M1,M155,ACACME,4.4,,b,15.1976,0.6,2.56,1.96,19.23,25.13,314.124
M1,M155,ACACME,7.9,,b,48.99185,0.6,2.56,1.96,19.23,25.13,775.284
M1,M155,ACACME,5.9,,b,27.32585,0.6,2.56,1.96,19.23,25.13,511.764
M1,M155,ACACME,1.9,,b,2.83385,0.6,2.56,1.96,19.23,25.13,-15.276
M1,M155,ACACME,4.3,,b,14.51465,0.6,2.56,1.96,19.23,25.13,300.948
M1,M155,ACACME,4.6,,b,16.6106,0.6,2.56,1.96,19.23,25.13,340.476
M1,M155,ACACME,7.3,,b,41.83265,0.6,2.56,1.96,19.23,25.13,696.228
M1,M155,ACACME,6.4,,b,32.1536,0.6,2.56,1.96,19.23,25.13,577.644
M1,M155,ACACME,7.9,M,M,48.99185,0.5,2.95,2.45,16.96,27.69,775.284
M1,M155,ACACME,5.7,,b,25.50465,0.5,2.95,2.45,16.96,27.69,485.412
M1,M155,ACACME,4.2,,b,13.8474,0.5,2.95,2.45,16.96,27.69,287.772
M1,M155,ACACME,5.6,,b,24.6176,0.5,2.95,2.45,16.96,27.69,472.236
M1,M155,ACACME,2.4,,b,4.5216,0.5,2.95,2.45,16.96,27.69,50.604
M1,M155,ACACME,1,,b,0.785,0.5,2.95,2.45,16.96,27.69,-133.86
M1,M155,ACACME,1.8,,b,2.5434,0.5,2.95,2.45,16.96,27.69,-28.452
M1,M155,ACACME,2.4,,b,4.5216,0.5,2.95,2.45,16.96,27.69,50.604
M1,M155,ACACME,4.7,,b,17.34065,0.5,2.95,2.45,16.96,27.69,353.652
M1,M155,ACACME,5,,b,19.625,0.5,2.95,2.45,16.96,27.69,393.18
M1,M155,ACACME,5.2,,b,21.2264,0.5,2.95,2.45,16.96,27.69,419.532
M1,M155,ACACME,5.9,,b,27.32585,0.5,2.95,2.45,16.96,27.69,511.764
M1,M155,ACACME,1,,b,0.785,0.5,2.95,2.45,16.96,27.69,-133.86
M1,M155,ACACME,9.9,M,M,76.93785,0.9,2.92,2.02,9.01,12.14,1038.804
M1,M155,ACACME,2.3,,b,4.15265,0.9,2.92,2.02,9.01,12.14,37.428
M1,M155,ACACME,5.6,,b,24.6176,0.9,2.92,2.02,9.01,12.14,472.236
M1,M155,ACACME,7,,b,38.465,0.9,2.92,2.02,9.01,12.14,656.7
M1,M155,ACACME,4.4,,b,15.1976,0.9,2.92,2.02,9.01,12.14,314.124
M1,M155,ACACME,5.4,,b,22.8906,0.9,2.92,2.02,9.01,12.14,445.884
M1,M155,ACACME,5.5,,b,23.74625,0.9,2.92,2.02,9.01,12.14,459.06
M1,M155,ACACME,3.3,,b,8.54865,0.9,2.92,2.02,9.01,12.14,169.188
M1,M155,ACACME,4.9,,b,18.84785,0.9,2.92,2.02,9.01,12.14,380.004
M1,M155,ACACME,5.9,,b,27.32585,0.9,2.92,2.02,9.01,12.14,511.764
M1,M155,ACACME,5,,b,19.625,0.9,2.92,2.02,9.01,12.14,393.18
M1,M155,ACACME,9.3,,b,67.89465,0.9,2.92,2.02,9.01,12.14,959.748
M1,M155,ACACME,9.3,,b,67.89465,0.9,2.92,2.02,9.01,12.14,959.748
M1,M155,ACACME,7.5,,b,44.15625,0.9,2.92,2.02,9.01,12.14,722.58
M1,M155,ACACME,5.1,,b,20.41785,0.9,2.92,2.02,9.01,12.14,406.356
M1,M157,ACACME,2.8,M,M,6.1544,0.4,1.25,0.85,4.9,2.78,103.308
M1,M157,ACACME,1.6,,b,2.0096,0.4,1.25,0.85,4.9,2.78,-54.804
M1,M157,ACACME,2.1,,b,3.46185,0.4,1.25,0.85,4.9,2.78,11.076
M1,M157,ACACME,1.2,,b,1.1304,0.4,1.25,0.85,4.9,2.78,-107.508
M1,M157,ACACME,1.3,,b,1.32665,0.4,1.25,0.85,4.9,2.78,-94.332
M1,M157,ACACME,2.6,,b,5.3066,0.4,1.25,0.85,4.9,2.78,76.956
M1,M157,ACACME,1.6,,b,2.0096,0.4,1.25,0.85,4.9,2.78,-54.804
M1,M157,ACACME,1.2,,b,1.1304,0.4,1.25,0.85,4.9,2.78,-107.508
M1,M157,ACACME,1.1,,b,0.94985,0.4,1.25,0.85,4.9,2.78,-120.684
M1,M157,ACACME,1.4,,b,1.5386,0.4,1.25,0.85,4.9,2.78,-81.156
M1,M157,ACACME,1.2,,b,1.1304,0.4,1.25,0.85,4.9,2.78,-107.508
M1,M158,ACACME,5.9,M,M,27.32585,0.45,2.08,1.63,10.24,11.13,511.764
M1,M158,ACACME,4.1,,b,13.19585,0.45,2.08,1.63,10.24,11.13,274.596
M1,M158,ACACME,4.9,,b,18.84785,0.45,2.08,1.63,10.24,11.13,380.004
M1,M158,ACACME,2.6,,b,5.3066,0.45,2.08,1.63,10.24,11.13,76.956
M1,M158,ACACME,3.7,,b,10.74665,0.45,2.08,1.63,10.24,11.13,221.892
M1,M158,ACACME,3.1,,b,7.54385,0.45,2.08,1.63,10.24,11.13,142.836
M1,M158,ACACME,3.1,,b,7.54385,0.45,2.08,1.63,10.24,11.13,142.836
M1,M158,ACACME,2.6,,b,5.3066,0.45,2.08,1.63,10.24,11.13,76.956
M1,M158,ACACME,5.1,,b,20.41785,0.45,2.08,1.63,10.24,11.13,406.356
M1,M158,ACACME,1.9,,b,2.83385,0.45,2.08,1.63,10.24,11.13,-15.276
M1,M158,ACACME,1.7,,b,2.26865,0.45,2.08,1.63,10.24,11.13,-41.628
M1,M158,ACACME,3.1,,b,7.54385,0.45,2.08,1.63,10.24,11.13,142.836
M1,M158,ACACME,2.8,,b,6.1544,0.45,2.08,1.63,10.24,11.13,103.308
M1,M158,ACACME,3.9,,b,11.93985,0.45,2.08,1.63,10.24,11.13,248.244
M1,M160,ACACME,3.2,M,M,8.0384,0.5,0.8,0.3,2.28,0.46,156.012
M1,M160,ACACME,1.6,,b,2.0096,0.5,0.8,0.3,2.28,0.46,-54.804
M1,M160,ACACME,1.2,,b,1.1304,0.5,0.8,0.3,2.28,0.46,-107.508
M1,M160,ACACME,1.7,,b,2.26865,0.5,0.8,0.3,2.28,0.46,-41.628
M1,M160,ACACME,1.2,,b,1.1304,0.5,0.8,0.3,2.28,0.46,-107.508
M1,M160,ACACME,1.1,,b,0.94985,0.5,0.8,0.3,2.28,0.46,-120.684
M1,M161,ACACME,1.4,M,M,1.5386,0.3,1,0.7,2.35,1.1,-81.156
M1,M161,ACACME,1,,b,0.785,0.3,1,0.7,2.35,1.1,-133.86
M1,M161,ACACME,1.7,M,M,2.26865,0.3,1,0.7,2.35,1.1,-41.628
M1,M161,ACACME,1.2,,b,1.1304,0.3,1,0.7,2.35,1.1,-107.508
M1,M161,ACACME,1.2,,b,1.1304,0.3,1,0.7,2.35,1.1,-107.508
M1,M161,ACACME,1,,b,0.785,0.3,1,0.7,2.35,1.1,-133.86
M1,M161,ACACME,1,,b,0.785,0.3,1,0.7,2.35,1.1,-133.86
M1,M161,ACACME,1.1,,b,0.94985,0.3,1,0.7,2.35,1.1,-120.684
M1,M161,ACACME,1.5,,b,1.76625,0.3,1,0.7,2.35,1.1,-67.98
M1,M161,ACACME,1,,b,0.785,0.3,1,0.7,2.35,1.1,-133.86
M1,M161,ACACME,1,,b,0.785,0.3,1,0.7,2.35,1.1,-133.86
M1,M161,ACACME,1.7,,b,2.26865,0.3,1,0.7,2.35,1.1,-41.628
M1,M161,ACACME,1,,b,0.785,0.3,1,0.7,2.35,1.1,-133.86
M1,M161,ACACME,1.3,,b,1.32665,0.3,1,0.7,2.35,1.1,-94.332
M1,M161,ACACME,1.5,,b,1.76625,0.3,1,0.7,2.35,1.1,-67.98
M1,M164,ACACME,2.4,M,M,4.5216,0.8,1,0.2,3.11,0.41,50.604
M1,M164,ACACME,1.4,,b,1.5386,0.8,1,0.2,3.11,0.41,-81.156
M1,M164,ACACME,1.4,,b,1.5386,0.8,1,0.2,3.11,0.41,-81.156
M1,M164,ACACME,1,,b,0.785,0.8,1,0.2,3.11,0.41,-133.86
M1,M164,ACACME,2,,b,3.14,0.8,1,0.2,3.11,0.41,-2.1
M1,M164,ACACME,1.2,,b,1.1304,0.8,1,0.2,3.11,0.41,-107.508
M1,M164,ACACME,1.3,,b,1.32665,0.8,1,0.2,3.11,0.41,-94.332
M1,M164,ACACME,1.4,,b,1.5386,0.8,1,0.2,3.11,0.41,-81.156
M1,M164,ACACME,1.8,,b,2.5434,0.8,1,0.2,3.11,0.41,-28.452
M1,M166,ACACME,10.1,M,M,80.07785,0.7,3.75,3.05,19.19,39.01,1065.156
M1,M166,ACACME,8.7,,b,59.41665,0.7,3.75,3.05,19.19,39.01,880.692
M1,M166,ACACME,2.8,,b,6.1544,0.7,3.75,3.05,19.19,39.01,103.308
M1,M166,ACACME,6.1,,b,29.20985,0.7,3.75,3.05,19.19,39.01,538.116
M1,M166,ACACME,5,,b,19.625,0.7,3.75,3.05,19.19,39.01,393.18
M1,M166,ACACME,2.2,,b,3.7994,0.7,3.75,3.05,19.19,39.01,24.252
M1,M166,ACACME,6.2,,b,30.1754,0.7,3.75,3.05,19.19,39.01,551.292
M1,M166,ACACME,8,,b,50.24,0.7,3.75,3.05,19.19,39.01,788.46
M1,M166,ACACME,3.1,,b,7.54385,0.7,3.75,3.05,19.19,39.01,142.836
M1,M166,ACACME,7.2,,b,40.6944,0.7,3.75,3.05,19.19,39.01,683.052
M1,M166,ACACME,4.5,,b,15.89625,0.7,3.75,3.05,19.19,39.01,327.3
M1,M166,ACACME,6.3,,b,31.15665,0.7,3.75,3.05,19.19,39.01,564.468
M1,M166,ACACME,1.9,,b,2.83385,0.7,3.75,3.05,19.19,39.01,-15.276
M1,M166,ACACME,6.7,,b,35.23865,0.7,3.75,3.05,19.19,39.01,617.172
M1,M166,ACACME,1.6,,b,2.0096,0.7,3.75,3.05,19.19,39.01,-54.804
M1,M166,ACACME,2.2,,b,3.7994,0.7,3.75,3.05,19.19,39.01,24.252
M1,M166,ACACME,2.8,,b,6.1544,0.7,3.75,3.05,19.19,39.01,103.308
M1,M167,ACACME,2.3,M,M,4.15265,0.3,1.6,1.3,4.87,4.22,37.428
M1,M167,ACACME,2,,b,3.14,0.3,1.6,1.3,4.87,4.22,-2.1
M1,M167,ACACME,1.5,,b,1.76625,0.3,1.6,1.3,4.87,4.22,-67.98
M1,M167,ACACME,1.7,,b,2.26865,0.3,1.6,1.3,4.87,4.22,-41.628
M1,M167,ACACME,1.6,,b,2.0096,0.3,1.6,1.3,4.87,4.22,-54.804
M1,M169,ACACME,7.3,M,M,41.83265,0.8,2.18,1.38,12.86,11.83,696.228
M1,M169,ACACME,2.3,,b,4.15265,0.8,2.18,1.38,12.86,11.83,37.428
M1,M169,ACACME,3.5,,b,9.61625,0.8,2.18,1.38,12.86,11.83,195.54
M1,M169,ACACME,4.9,,b,18.84785,0.8,2.18,1.38,12.86,11.83,380.004
M1,M169,ACACME,3.8,,b,11.3354,0.8,2.18,1.38,12.86,11.83,235.068
M1,M169,ACACME,3.9,,b,11.93985,0.8,2.18,1.38,12.86,11.83,248.244
M1,M169,ACACME,3.6,,b,10.1736,0.8,2.18,1.38,12.86,11.83,208.716
M1,M169,ACACME,2.1,,b,3.46185,0.8,2.18,1.38,12.86,11.83,11.076
M1,M169,ACACME,2.3,,b,4.15265,0.8,2.18,1.38,12.86,11.83,37.428
M1,M169,ACACME,4.4,,b,15.1976,0.8,2.18,1.38,12.86,11.83,314.124
M1,M169,ACACME,2.5,,b,4.90625,0.8,2.18,1.38,12.86,11.83,63.78
M1,M169,ACACME,6.3,,b,31.15665,0.8,2.18,1.38,12.86,11.83,564.468
M1,M169,ACACME,6.8,,b,36.2984,0.8,2.18,1.38,12.86,11.83,630.348
M1,M169,ACACME,3.8,,b,11.3354,0.8,2.18,1.38,12.86,11.83,235.068
M1,M169,ACACME,6.9,,b,37.37385,0.8,2.18,1.38,12.86,11.83,643.524
M1,M169,ACACME,4.2,,b,13.8474,0.8,2.18,1.38,12.86,11.83,287.772
M1,M169,ACACME,6.7,,b,35.23865,0.8,2.18,1.38,12.86,11.83,617.172
M1,M169,ACACME,5.2,,b,21.2264,0.8,2.18,1.38,12.86,11.83,419.532
M1,M174,ACACME,2.1,M,M,3.46185,0.3,1,0.7,5.04,2.35,11.076
M1,M174,ACACME,2,,b,3.14,0.3,1,0.7,5.04,2.35,-2.1
M1,M174,ACACME,1.6,,b,2.0096,0.3,1,0.7,5.04,2.35,-54.804
M1,M174,ACACME,1.6,,b,2.0096,0.3,1,0.7,5.04,2.35,-54.804
M1,M174,ACACME,1.3,,b,1.32665,0.3,1,0.7,5.04,2.35,-94.332
M1,M174,ACACME,1.3,,b,1.32665,0.3,1,0.7,5.04,2.35,-94.332
M1,M174,ACACME,1.6,,b,2.0096,0.3,1,0.7,5.04,2.35,-54.804
M1,M174,ACACME,1.2,,b,1.1304,0.3,1,0.7,5.04,2.35,-107.508
M1,M174,ACACME,1.5,,b,1.76625,0.3,1,0.7,5.04,2.35,-67.98
M1,M174,ACACME,1.1,,b,0.94985,0.3,1,0.7,5.04,2.35,-120.684
M1,M174,ACACME,6.4,M,M,32.1536,0.6,2.07,1.47,5.69,5.58,577.644
M1,M174,ACACME,4,,b,12.56,0.6,2.07,1.47,5.69,5.58,261.42
M1,M174,ACACME,2.4,,b,4.5216,0.6,2.07,1.47,5.69,5.58,50.604
M1,M174,ACACME,1.3,,b,1.32665,0.6,2.07,1.47,5.69,5.58,-94.332
M1,M174,ACACME,2,,b,3.14,0.6,2.07,1.47,5.69,5.58,-2.1
M2,M207,ACACME,4.6,M,M,16.6106,0.6,1.2,0.6,2.39,0.96,340.476
M2,M207,ACACME,1.2,,b,1.1304,0.6,1.2,0.6,2.39,0.96,-107.508
M2,M208,ACACME,3.7,M,M,10.74665,1.6,4.15,2.55,33.37,56.72,221.892
M2,M209,ACACME,1.3,M,M,1.32665,0.7,2.61,1.91,9.39,11.96,-94.332
M2,M209,ACACME,2.7,M,M,5.72265,0.7,1.7,1,0.94,0.63,90.132
M2,M209,ACACME,1.9,,b,2.83385,0.7,1.7,1,0.94,0.63,-15.276
M2,M209,ACACME,3.8,M,M,11.3354,0.7,1.7,1,0.94,0.63,235.068
M2,M212,ACACME,15.7,M,M,193.49465,1.3,3.72,2.42,18.62,30.04,1803.012
M2,M212,ACACME,9.1,,b,65.00585,1.3,3.72,2.42,18.62,30.04,933.396
M2,M212,ACACME,11.1,M,M,96.71985,1.14,3.32,2.18,12.59,18.3,1196.916
M2,M212,ACACME,8.4,,b,55.3896,1.14,3.32,2.18,12.59,18.3,841.164
M2,M212,ACACME,8.4,,b,55.3896,1.14,3.32,2.18,12.59,18.3,841.164
M2,M212,ACACME,8.3,,b,54.07865,1.14,3.32,2.18,12.59,18.3,827.988
M2,M213,ACACME,9.2,M,M,66.4424,1,3.91,2.91,8.12,15.75,946.572
M2,M213,ACACME,6.5,,b,33.16625,1,3.91,2.91,8.12,15.75,590.82
M2,M213,ACACME,3.5,,b,9.61625,1,3.91,2.91,8.12,15.75,195.54
M2,M213,ACACME,12.3,M,M,118.76265,0.55,4.27,3.72,50.63,125.57,1355.028
M2,M213,ACACME,3.9,,b,11.93985,0.55,4.27,3.72,50.63,125.57,248.244
M2,M213,ACACME,7.6,,b,45.3416,0.55,4.27,3.72,50.63,125.57,735.756
M2,M213,ACACME,9,,b,63.585,0.55,4.27,3.72,50.63,125.57,920.22
M2,M213,ACACME,2,,b,3.14,0.55,4.27,3.72,50.63,125.57,-2.1
M2,M213,ACACME,9,,b,63.585,0.55,4.27,3.72,50.63,125.57,920.22
M2,M213,ACACME,10.7,M,M,89.87465,0.55,4.27,3.72,50.63,,1144.212
M2,M213,ACACME,6,,b,28.26,0.55,4.27,3.72,50.63,125.57,524.94
M2,M213,ACACME,8.8,,b,60.7904,0.55,4.27,3.72,50.63,125.57,893.868
M2,M213,ACACME,9.1,,b,65.00585,0.55,4.27,3.72,50.63,,933.396
M2,M213,ACACME,11.9,,b,111.16385,0.55,4.27,3.72,50.63,125.57,1302.324
M2,M213,ACACME,3.8,,b,11.3354,0.55,4.27,3.72,50.63,125.57,235.068
M2,M213,ACACME,2.1,,b,3.46185,0.55,4.27,3.72,50.63,125.57,11.076
M2,M213,ACACME,4.6,,b,16.6106,0.55,4.27,3.72,50.63,125.57,340.476
M2,M213,ACACME,9.3,,b,67.89465,0.55,4.27,3.72,50.63,125.57,959.748
M2,M213,ACACME,8.6,,b,58.0586,0.55,4.27,3.72,50.63,125.57,867.516
M2,M213,ACACME,8.7,,b,59.41665,0.55,4.27,3.72,50.63,125.57,880.692
M2,M213,ACACME,8.2,,b,52.7834,0.55,4.27,3.72,50.63,125.57,814.812
M2,M213,ACACME,4.3,,b,14.51465,0.55,4.27,3.72,50.63,125.57,300.948
M2,M213,ACACME,16.3,M,M,208.56665,0.9,2.86,1.96,22.3,29.14,1882.068
M2,M213,ACACME,6.9,,b,37.37385,0.9,2.86,1.96,22.3,29.14,643.524
M2,M213,ACACME,16.2,,b,206.0154,0.9,2.86,1.96,22.3,29.14,1868.892
M2,M213,ACACME,2.2,,b,3.7994,0.9,2.86,1.96,22.3,29.14,24.252
M2,M213,ACACME,9.4,,b,69.3626,0.9,2.86,1.96,22.3,29.14,972.924
M2,M213,ACACME,6.3,M,M,31.15665,0.9,2.86,1.96,22.3,29.14,564.468
M2,M213,ACACME,4.3,,b,14.51465,0.9,2.86,1.96,22.3,29.14,300.948
M2,M213,ACACME,3,,b,7.065,0.9,2.86,1.96,22.3,29.14,129.66
M2,M213,ACACME,1,,b,0.785,0.9,2.86,1.96,22.3,29.14,-133.86
M2,M213,ACACME,5.9,,b,27.32585,0.9,2.86,1.96,22.3,29.14,511.764
M2,M213,ACACME,3,,b,7.065,0.9,2.86,1.96,22.3,29.14,129.66
M2,M213,ACACME,6.4,M,M,32.1536,1.2,3.65,2.45,13.07,21.34,577.644
M2,M213,ACACME,5.8,,b,26.4074,1.2,3.65,2.45,13.07,21.34,498.588
M2,M213,ACACME,5.8,,b,26.4074,1.2,3.65,2.45,13.07,21.34,498.588
M2,M213,ACACME,6,,b,28.26,1.2,3.65,2.45,13.07,21.34,524.94
M2,M213,ACACME,3.5,,b,9.61625,1.2,3.65,2.45,13.07,21.34,195.54
M2,M213,ACACME,4,,b,12.56,1.2,3.65,2.45,13.07,21.34,261.42
M2,M214,ACACME,11.3,M,M,100.23665,0.9,1.49,0.59,5.2,2.04,1223.268
M2,M215,ACACME,19,M,M,283.385,0.8,3.81,3.01,14.45,29,2237.82
M2,M215,ACACME,6.8,,b,36.2984,0.8,3.81,3.01,14.45,29,630.348
M2,M215,ACACME,1.7,,b,2.26865,0.8,3.81,3.01,14.45,29,-41.628
M2,M215,ACACME,5.7,,b,25.50465,0.8,3.81,3.01,14.45,29,485.412
M2,M215,ACACME,17.6,,b,243.1616,0.8,3.81,3.01,14.45,29,2053.356
M2,M215,ACACME,11.5,,b,103.81625,0.8,3.81,3.01,14.45,29,1249.62
M2,M215,ACACME,7.9,M,M,48.99185,1,3.26,2.26,3.54,5.33,775.284
M2,M215,ACACME,4.4,,b,15.1976,1,3.26,2.26,3.54,5.33,314.124
M2,M215,ACACME,6,,b,28.26,1,3.26,2.26,3.54,5.33,524.94
M2,M215,ACACME,2.4,,b,4.5216,1,3.26,2.26,3.54,5.33,50.604
M2,M215,ACACME,4.9,,b,18.84785,1,3.26,2.26,3.54,5.33,380.004
M2,M215,ACACME,14.4,M,M,162.7776,0.7,3.05,2.35,11.26,17.65,1631.724
M2,M216,ACACME,8,M,M,50.24,1.1,2.16,1.06,5.82,4.11,788.46
M2,M216,ACACME,6.6,,b,34.1946,1.1,2.16,1.06,5.82,4.11,603.996
M2,M216,ACACME,3.6,,b,10.1736,1.1,2.16,1.06,5.82,4.11,208.716
M2,M216,ACACME,2.2,,b,3.7994,1.1,2.16,1.06,5.82,4.11,24.252
M2,M216,ACACME,6.2,,b,30.1754,1.1,2.16,1.06,5.82,4.11,551.292
M2,M216,ACACME,12.5,M,M,122.65625,0.9,4.66,3.76,19.59,49.09,1381.38
M2,M216,ACACME,7.2,M,M,40.6944,0.8,3.82,3.02,7.04,14.17,683.052
M2,M216,ACACME,4.8,,b,18.0864,0.8,3.82,3.02,7.04,14.17,366.828
M2,M216,ACACME,1.1,,b,0.94985,0.8,3.82,3.02,7.04,14.17,-120.684
M2,M216,ACACME,1.7,,b,2.26865,0.8,3.82,3.02,7.04,14.17,-41.628
M2,M218,ACACME,2.7,M,M,5.72265,1.1,4.1,3,9.29,18.59,90.132
M2,M220,ACACME,9.9,M,M,76.93785,1,2.47,1.47,7.05,6.91,1038.804
M2,M220,ACACME,1.5,,b,1.76625,1,2.47,1.47,7.05,6.91,-67.98
M2,M220,ACACME,5.5,,b,23.74625,1,2.47,1.47,7.05,6.91,459.06
M2,M223,ACACME,16.3,M,M,208.56665,2.62,6.1,3.48,42.66,98.98,1882.068
M2,M223,ACACME,13.8,,b,149.4954,2.62,6.1,3.48,42.66,98.98,1552.668
M2,M223,ACACME,15.4,,b,186.1706,2.62,6.1,3.48,42.66,98.98,1763.484
M2,M223,ACACME,11.5,,b,103.81625,2.62,6.1,3.48,42.66,98.98,1249.62
M2,M223,ACACME,2,,b,3.14,2.62,6.1,3.48,42.66,98.98,-2.1
M2,M223,ACACME,16.2,,b,206.0154,2.62,6.1,3.48,42.66,98.98,1868.892
M2,M223,ACACME,1.6,M,M,2.0096,0.6,1.15,0.55,0.35,0.13,-54.804
M2,M223,ACACME,2.4,M,M,4.5216,0.65,1.59,0.94,2.03,1.27,50.604
M2,M223,ACACME,2.1,,b,3.46185,0.65,1.59,0.94,2.03,1.27,11.076
M2,M225,ACACME,2.7,M,M,5.72265,1.1,1.86,0.76,2.5,1.27,90.132
M2,M225,ACACME,7.8,M,M,47.7594,0.5,1.65,1.15,3.86,2.96,762.108
M2,M225,ACACME,7.1,,b,39.57185,0.5,1.65,1.15,3.86,2.96,669.876
M2,M225,ACACME,5.8,,b,26.4074,0.5,1.65,1.15,3.86,2.96,498.588
M2,M225,ACACME,2.4,M,M,4.5216,0.7,1.4,0.7,1.64,0.77,50.604
M2,M225,ACACME,4.1,M,M,13.19585,0.7,1.4,0.7,2.51,1.17,274.596
M2,M225,ACACME,1.4,,b,1.5386,0.7,1.4,0.7,2.51,1.17,-81.156
M2,M225,ACACME,2.2,M,M,3.7994,0.7,1.4,0.7,2.51,1.17,24.252
M2,M225,ACACME,2.4,M,M,4.5216,0.6,1.3,0.7,0.99,0.46,50.604
M2,M225,ACACME,11.6,M,M,105.6296,0.7,3.52,2.82,8.94,16.81,1262.796
M2,M225,ACACME,9.2,,b,66.4424,0.7,3.52,2.82,8.94,16.81,946.572
M2,M225,ACACME,6.5,,b,33.16625,0.7,3.52,2.82,8.94,16.81,590.82
M2,M225,ACACME,3.7,,b,10.74665,0.7,3.52,2.82,8.94,16.81,221.892
M2,M225,ACACME,2.6,,b,5.3066,0.7,3.52,2.82,8.94,16.81,76.956
M2,M225,ACACME,3.6,M,M,10.1736,0.8,3.72,2.92,15.36,29.91,208.716
M2,M225,ACACME,2.6,,b,5.3066,0.8,3.72,2.92,15.36,29.91,76.956
M2,M225,ACACME,1.3,,b,1.32665,0.8,3.72,2.92,15.36,29.91,-94.332
M2,M226,ACACME,12.3,M,M,118.76265,1.2,3.31,2.11,10.19,14.34,1355.028
M2,M226,ACACME,7.1,,b,39.57185,1.2,3.31,2.11,10.19,14.34,669.876
M2,M226,ACACME,3.9,,b,11.93985,1.2,3.31,2.11,10.19,14.34,248.244
M2,M226,ACACME,8.3,,b,54.07865,1.2,3.31,2.11,10.19,14.34,827.988
M2,M226,ACACME,2.1,M,M,3.46185,0.7,2.12,1.42,3.09,2.93,11.076
M2,M226,ACACME,8.6,M,M,58.0586,0.65,1.9,1.25,1.41,1.18,867.516
M2,M251,ACACME,8.6,M,M,58.0586,0.65,1.9,1.25,1.41,1.18,867.516
M2,M251,ACACME,3.8,,b,11.3354,0.65,1.9,1.25,1.41,1.18,235.068
M2,M251,ACACME,7,,b,38.465,0.65,1.9,1.25,1.41,1.18,656.7
M2,M251,ACACME,5.3,,b,22.05065,0.65,1.9,1.25,1.41,1.18,432.708
M2,M251,ACACME,8.2,,b,52.7834,0.65,1.9,1.25,1.41,1.18,814.812
M2,M251,ACACME,3.4,,b,9.0746,0.65,1.9,1.25,1.41,1.18,182.364
M2,M251,ACACME,3.4,,b,9.0746,0.65,1.9,1.25,1.41,1.18,182.364
M2,M251,ACACME,2.2,M,M,3.7994,0.5,1.2,0.7,1.51,0.7,24.252
M2,M251,ACACME,1.3,,b,1.32665,0.5,1.2,0.7,1.51,0.7,-94.332
M2,M251,ACACME,1.2,,b,1.1304,0.5,1.2,0.7,1.51,0.7,-107.508
M2,M251,ACACME,1.2,,b,1.1304,0.5,1.2,0.7,1.51,0.7,-107.508
M2,M251,ACACME,8.3,M,M,54.07865,0.7,3.55,2.85,16.92,32.16,827.988
M2,M251,ACACME,3.9,,b,11.93985,0.7,3.55,2.85,16.92,32.16,248.244
M2,M251,ACACME,4.9,,b,18.84785,0.7,3.55,2.85,16.92,32.16,380.004
M2,M251,ACACME,6.9,,b,37.37385,0.7,3.55,2.85,16.92,32.16,643.524
M2,M251,ACACME,6,,b,28.26,0.7,3.55,2.85,16.92,32.16,524.94
M2,M251,ACACME,3.7,,b,10.74665,0.7,3.55,2.85,16.92,32.16,221.892
M2,M251,ACACME,4,,b,12.56,0.7,3.55,2.85,16.92,32.16,261.42
M2,M251,ACACME,5.5,,b,23.74625,0.7,3.55,2.85,16.92,32.16,459.06
M2,M251,ACACME,4.8,,b,18.0864,0.7,3.55,2.85,16.92,32.16,366.828
M2,M251,ACACME,4.9,,b,18.84785,0.7,3.55,2.85,16.92,32.16,380.004
M2,M253,ACACME,15,M,M,176.625,0.8,2,1.2,9.57,7.66,1710.78
M2,M253,ACACME,9.4,,b,69.3626,0.8,2,1.2,9.57,7.66,972.924
M2,M253,ACACME,10.8,,b,91.5624,0.8,2,1.2,9.57,7.66,1157.388
M2,M253,ACACME,11.1,,b,96.71985,0.8,2,1.2,9.57,7.66,1196.916
M2,M254,ACACME,1.4,M,M,1.5386,0.2,0.6,0.4,0.85,0.23,-81.156
M2,M254,ACACME,1.4,,b,1.5386,0.2,0.6,0.4,0.85,0.23,-81.156
M2,M254,ACACME,1.1,,b,0.94985,0.2,0.6,0.4,0.85,0.23,-120.684
M2,M255,ACACME,8,M,M,50.24,0.5,2.55,2.05,10.72,14.64,788.46
M2,M255,ACACME,4.2,,b,13.8474,0.5,2.55,2.05,10.72,14.64,287.772
M2,M255,ACACME,1.3,,b,1.32665,0.5,2.55,2.05,10.72,14.64,-94.332
M2,M255,ACACME,1.9,,b,2.83385,0.5,2.55,2.05,10.72,14.64,-15.276
M2,M255,ACACME,7.3,,b,41.83265,0.5,2.55,2.05,10.72,14.64,696.228
M2,M255,ACACME,1.5,,b,1.76625,0.5,2.55,2.05,10.72,14.64,-67.98
M2,M256,ACACME,1,M,M,0.785,0.2,0.7,0.5,0.81,0.27,-133.86
M2,M256,ACACME,1.1,M,M,0.94985,0.2,0.55,0.35,1.22,0.29,-120.684
M2,M256,ACACME,2.6,M,M,5.3066,0.25,1.25,1,2.38,1.59,76.956
M2,M256,ACACME,1.5,,b,1.76625,0.25,1.25,1,2.38,1.59,-67.98
M2,M256,ACACME,1.6,,b,2.0096,0.25,1.25,1,2.38,1.59,-54.804
M2,M256,ACACME,1.8,,b,2.5434,0.25,1.25,1,2.38,1.59,-28.452
M2,M256,ACACME,1.9,,b,2.83385,0.25,1.25,1,2.38,1.59,-15.276
M2,M256,ACACME,1.2,,b,1.1304,0.25,1.25,1,2.38,1.59,-107.508
M2,M256,ACACME,1.3,,b,1.32665,0.25,1.25,1,2.38,1.59,-94.332
M2,M256,ACACME,1.2,,b,1.1304,0.25,1.25,1,2.38,1.59,-107.508
M2,M256,ACACME,1.6,,b,2.0096,0.25,1.25,1,2.38,1.59,-54.804
M2,M256,ACACME,1.9,,b,2.83385,0.25,1.25,1,2.38,1.59,-15.276
M2,M256,ACACME,1.5,,b,1.76625,0.25,1.25,1,2.38,1.59,-67.98
M2,M256,ACACME,1.1,,b,0.94985,0.25,1.25,1,2.38,1.59,-120.684
M2,M256,ACACME,1.1,,b,0.94985,0.25,1.25,1,2.38,1.59,-120.684
M2,M256,ACACME,1.1,,b,0.94985,0.25,1.25,1,2.38,1.59,-120.684
M2,M261,ACACME,2.1,M,M,3.46185,0.3,1,0.7,2.12,0.99,11.076
M2,M261,ACACME,1.1,,b,0.94985,0.3,1,0.7,2.12,0.99,-120.684
M2,M261,ACACME,1.8,,b,2.5434,0.3,1,0.7,2.12,0.99,-28.452
M2,M261,ACACME,1.7,,b,2.26865,0.3,1,0.7,2.12,0.99,-41.628
M2,M261,ACACME,1.9,,b,2.83385,0.3,1,0.7,2.12,0.99,-15.276
M2,M263,ACACME,2.8,M,M,6.1544,0.2,1.4,1.2,3.54,2.84,103.308
M2,M263,ACACME,2.3,,b,4.15265,0.2,1.4,1.2,3.54,2.84,37.428
M2,M263,ACACME,1.5,,b,1.76625,0.2,1.4,1.2,3.54,2.84,-67.98
M2,M263,ACACME,1.3,,b,1.32665,0.2,1.4,1.2,3.54,2.84,-94.332
M2,M263,ACACME,1.7,,b,2.26865,0.2,1.4,1.2,3.54,2.84,-41.628
M2,M263,ACACME,1.1,,b,0.94985,0.2,1.4,1.2,3.54,2.84,-120.684
M2,M263,ACACME,1.1,,b,0.94985,0.2,1.4,1.2,3.54,2.84,-120.684
M2,M263,ACACME,1.1,,b,0.94985,0.2,1.4,1.2,3.54,2.84,-120.684
M2,M266,ACACME,1.3,M,M,1.32665,0.2,0.85,0.65,2.12,0.92,-94.332
M2,M266,ACACME,1,,b,0.785,0.2,0.85,0.65,2.12,0.92,-133.86
M2,M266,ACACME,1.2,,b,1.1304,0.2,0.85,0.65,2.12,0.92,-107.508
M2,M268,ACACME,12.4,M,M,120.7016,0.5,3.4,2.9,24.61,47.58,1368.204
M2,M268,ACACME,7.5,,b,44.15625,0.5,3.4,2.9,24.61,47.58,722.58
M2,M268,ACACME,7.2,,b,40.6944,0.5,3.4,2.9,24.61,47.58,683.052
M2,M268,ACACME,7.2,,b,40.6944,0.5,3.4,2.9,24.61,47.58,683.052
M2,M268,ACACME,4.6,,b,16.6106,0.5,3.4,2.9,24.61,47.58,340.476
M2,M268,ACACME,2.9,,b,6.60185,0.5,3.4,2.9,24.61,47.58,116.484
M2,M268,ACACME,1.9,,b,2.83385,0.5,3.4,2.9,24.61,47.58,-15.276
M2,M268,ACACME,7,,b,38.465,0.5,3.4,2.9,24.61,47.58,656.7
M2,M268,ACACME,2.2,,b,3.7994,0.5,3.4,2.9,24.61,47.58,24.252
M2,M268,ACACME,2,,b,3.14,0.5,3.4,2.9,24.61,47.58,-2.1
M2,M268,ACACME,1.4,,b,1.5386,0.5,3.4,2.9,24.61,47.58,-81.156
M2,M268,ACACME,1.4,,b,1.5386,0.5,3.4,2.9,24.61,47.58,-81.156
M2,M268,ACACME,3.7,,b,10.74665,0.5,3.4,2.9,24.61,47.58,221.892
M2,M269,ACACME,4,M,M,12.56,0.35,2.25,1.9,8.52,10.79,261.42
M2,M269,ACACME,3.6,,b,10.1736,0.35,2.25,1.9,8.52,10.79,208.716
M2,M269,ACACME,1.8,,b,2.5434,0.35,2.25,1.9,8.52,10.79,-28.452
M2,M269,ACACME,2.5,,b,4.90625,0.35,2.25,1.9,8.52,10.79,63.78
M2,M269,ACACME,1,,b,0.785,0.35,2.25,1.9,8.52,10.79,-133.86
M2,M269,ACACME,2.8,,b,6.1544,0.35,2.25,1.9,8.52,10.79,103.308
M2,M269,ACACME,1.7,,b,2.26865,0.35,2.25,1.9,8.52,10.79,-41.628
M2,M269,ACACME,2.8,,b,6.1544,0.35,2.25,1.9,8.52,10.79,103.308
M2,M269,ACACME,1.7,,b,2.26865,0.35,2.25,1.9,8.52,10.79,-41.628
M2,M269,ACACME,2.8,,b,6.1544,0.35,2.25,1.9,8.52,10.79,103.308
M2,M269,ACACME,1.5,,b,1.76625,0.35,2.25,1.9,8.52,10.79,-67.98
M2,M269,ACACME,1.1,,b,0.94985,0.35,2.25,1.9,8.52,10.79,-120.684
M2,M269,ACACME,1.1,,b,0.94985,0.35,2.25,1.9,8.52,10.79,-120.684
M2,M272,ACACME,1.3,M,M,1.32665,0.1,0.75,0.65,1.73,0.75,-94.332
M2,M272,ACACME,1.2,,b,1.1304,0.1,0.75,0.65,1.73,0.75,-107.508
M2,M273,ACACME,4.1,M,M,13.19585,0.5,1.45,0.95,4.28,2.71,274.596
M2,M273,ACACME,1.1,,b,0.94985,0.5,1.45,0.95,4.28,2.71,-120.684
M2,M273,ACACME,2.5,,b,4.90625,0.5,1.45,0.95,4.28,2.71,63.78
M2,M273,ACACME,1.5,,b,1.76625,0.5,1.45,0.95,4.28,2.71,-67.98
M2,M273,ACACME,1.4,,b,1.5386,0.5,1.45,0.95,4.28,2.71,-81.156
M2,M273,ACACME,3.4,,b,9.0746,0.5,1.45,0.95,4.28,2.71,182.364
M2,M273,ACACME,2.1,,b,3.46185,0.5,1.45,0.95,4.28,2.71,11.076
M2,M273,ACACME,1.2,,b,1.1304,0.5,1.45,0.95,4.28,2.71,-107.508
M2,M273,ACACME,1.2,,b,1.1304,0.5,1.45,0.95,4.28,2.71,-107.508
M2,M273,ACACME,3.5,,b,9.61625,0.5,1.45,0.95,4.28,2.71,195.54
M2,M273,ACACME,1.6,,b,2.0096,0.5,1.45,0.95,4.28,2.71,-54.804
M2,M273,ACACME,1.2,,b,1.1304,0.5,1.45,0.95,4.28,2.71,-107.508
M2,M273,ACACME,1.4,,b,1.5386,0.5,1.45,0.95,4.28,2.71,-81.156
M2,M273,ACACME,4,,b,12.56,0.5,1.45,0.95,4.28,2.71,261.42
M2,M273,ACACME,3.5,,b,9.61625,0.5,1.45,0.95,4.28,2.71,195.54
M2,M273,ACACME,1.3,,b,1.32665,0.5,1.45,0.95,4.28,2.71,-94.332
M2,M273,ACACME,1.3,,b,1.32665,0.5,1.45,0.95,4.28,2.71,-94.332
M2,M275,ACACME,2.2,M,M,3.7994,0.05,0.65,0.6,1.55,0.62,24.252
M2,M275,ACACME,1.1,,b,0.94985,0.05,0.65,0.6,1.55,0.62,-120.684
M2,M275,ACACME,1.1,,b,0.94985,0.05,0.65,0.6,1.55,0.62,-120.684
M2,M275,ACACME,1.4,,b,1.5386,0.05,0.65,0.6,1.55,0.62,-81.156
M3,M301,ACACME,3,M,M,7.065,0.97,1.85,0.88,0.47,0.27,129.66
M3,M301,ACACME,19.4,M,M,295.4426,0.85,3.28,2.43,5.97,9.66,2290.524
M3,M301,ACACME,8.4,,b,55.3896,0.85,3.28,2.43,5.97,9.66,841.164
M3,M306,ACACME,16.9,M,M,224.20385,1.38,6.44,5.06,33.91,114.38,1961.124
M3,M306,ACACME,14.6,,b,167.3306,1.38,6.44,5.06,33.91,114.38,1658.076
M3,M306,ACACME,10.9,,b,93.26585,1.38,6.44,5.06,33.91,114.38,1170.564
M3,M306,ACACME,12.2,,b,116.8394,1.38,6.44,5.06,33.91,114.38,1341.852
M3,M309,ACACME,8.5,M,M,56.71625,0.76,1.83,1.07,7.07,5.04,854.34
M3,M309,ACACME,6.2,,b,30.1754,0.76,1.83,1.07,7.07,5.04,551.292
M3,M309,ACACME,3.7,,b,10.74665,0.76,1.83,1.07,7.07,5.04,221.892
M3,M309,ACACME,8.1,,b,51.50385,0.76,1.83,1.07,7.07,5.04,801.636
M3,M309,ACACME,7.2,,b,40.6944,0.76,1.83,1.07,7.07,5.04,683.052
M3,M309,ACACME,7.1,,b,39.57185,0.76,1.83,1.07,7.07,5.04,669.876
M3,M309,ACACME,8.5,,b,56.71625,0.76,1.83,1.07,7.07,5.04,854.34
M3,M309,ACACME,2.3,,b,4.15265,0.76,1.83,1.07,7.07,5.04,37.428
M3,M309,ACACME,2.5,,b,4.90625,0.76,1.83,1.07,7.07,5.04,63.78
M3,M316,ACACME,7.4,M,M,42.9866,0.86,2.49,1.63,6.61,7.19,709.404
M3,M316,ACACME,4.9,,b,18.84785,0.86,2.49,1.63,6.61,7.19,380.004
M3,M318,ACACME,1.9,M,M,2.83385,1,1.8,0.8,0.67,0.36,-15.276
M3,M318,ACACME,15,M,M,176.625,1.36,4.55,3.19,14.87,31.62,1710.78
M3,M318,ACACME,7.5,,b,44.15625,1.36,4.55,3.19,14.87,31.62,722.58
M3,M319,ACACME,7.3,M,M,41.83265,0.95,3.73,2.78,14.94,27.69,696.228
M3,M319,ACACME,69,M,M,3737.385,0.83,3.68,2.85,7.97,15.13,8825.82
M3,M319,ACACME,4.5,,b,15.89625,0.9,2.42,1.52,0.49,0.5,327.3
M3,M319,ACACME,1.9,,b,2.83385,0.9,2.42,1.52,0.49,0.5,-15.276
M3,M319,ACACME,1.5,,b,1.76625,0.9,2.42,1.52,0.49,0.5,-67.98
M3,M319,ACACME,5.3,,b,22.05065,0.9,2.42,1.52,0.49,0.5,432.708
M3,M319,ACACME,3.6,,b,10.1736,0.9,2.42,1.52,0.49,0.5,208.716
M3,M319,ACACME,4.8,,b,18.0864,0.9,2.42,1.52,0.49,0.5,366.828
M3,M319,ACACME,4.5,,b,15.89625,0.9,2.42,1.52,0.49,0.5,327.3
M3,M319,ACACME,22.4,M,M,393.8816,0.85,5.42,4.57,31.71,96.6,2685.804
M3,M320,ACACME,18.5,M,M,268.66625,0.69,2.12,1.43,2.07,1.97,2171.94
M3,M320,ACACME,6.1,,b,29.20985,0.69,2.12,1.43,2.07,1.97,538.116
M3,M320,ACACME ,3.8,M,M,11.3354,0.7,1.57,0.87,1.64,0.95,235.068
M3,M321,ACACME,5.5,M,M,23.74625,0.98,2.07,1.09,5.52,4.01,459.06
M3,M321,ACACME,8.2,M,M,52.7834,1.32,3.61,2.29,5.58,8.51,814.812
M3,M321,ACACME,5,,b,19.625,1.32,3.61,2.29,5.58,8.51,393.18
M3,M321,ACACME,1.9,,b,2.83385,1.32,3.61,2.29,5.58,8.51,-15.276
M3,M321,ACACME,12.5,M,M,122.65625,1,2.57,1.57,4.77,4.99,1381.38
M3,M321,ACACME,2.1,M,M,3.46185,0.7,2.31,1.61,2.36,2.53,11.076
M3,M321,ACACME,2.1,,b,3.46185,0.7,2.31,1.61,2.36,2.53,11.076
M3,M321,ACACME,1.9,,b,2.83385,0.7,2.31,1.61,2.36,2.53,-15.276
M3,M321,ACACME,4.1,M,M,13.19585,0.6,1.73,1.13,1.21,0.91,274.596
M3,M322,ACACME,5.5,M,M,23.74625,0.7,3.16,2.46,4.38,7.18,459.06
M3,M322,ACACME,7.1,M,M,39.57185,0.65,1.75,1.1,1.4,1.03,669.876
M3,M322,ACACME,5.3,,b,22.05065,0.65,1.75,1.1,1.4,1.03,432.708
M3,M322,ACACME,8.4,M,M,55.3896,0.8,1.32,0.52,1.76,0.61,841.164
M3,M322,ACACME,4,,b,12.56,0.8,1.32,0.52,1.76,0.61,261.42
M3,M322,ACACME,8.2,,b,52.7834,0.8,1.32,0.52,1.76,0.61,814.812
M3,M322,ACACME,8,,b,50.24,0.8,1.32,0.52,1.76,0.61,788.46
M3,M322,ACACME,4.1,,b,13.19585,0.8,1.32,0.52,1.76,0.61,274.596
M3,M322,ACACME,6.7,,b,35.23865,0.8,1.32,0.52,1.76,0.61,617.172
M3,M322,ACACME,7.1,M,M,39.57185,1.1,3.1,2,5.68,7.57,669.876
M3,M322,ACACME,6.1,,b,29.20985,1.1,3.1,2,5.68,7.57,538.116
M3,M322,ACACME,5.3,,b,22.05065,1.1,3.1,2,5.68,7.57,432.708
M3,M322,ACACME,3.4,M,M,9.0746,0.7,1.48,0.78,0.67,0.35,182.364
M3,M322,ACACME,3,M,M,7.065,0.85,2.62,1.77,0.75,0.89,129.66
M3,M322,ACACME,8.2,M,M,52.7834,1,5.4,4.4,8.63,25.31,814.812
M3,M322,ACACME,8,,b,50.24,1,5.4,4.4,8.63,25.31,788.46
M3,M322,ACACME,6.8,,b,36.2984,1,5.4,4.4,8.63,25.31,630.348
M3,M322,ACACME,5.1,,b,20.41785,1,5.4,4.4,8.63,25.31,406.356
M3,M322,ACACME,2.7,M,M,5.72265,0.9,2.05,1.15,2.47,1.9,90.132
M3,M322,ACACME,2.3,,b,4.15265,0.9,2.05,1.15,2.47,1.9,37.428
M3,M322,ACACME,2.4,,b,4.5216,0.9,2.05,1.15,2.47,1.9,50.604
M3,M322,ACACME,7.6,M,M,45.3416,0.9,4.85,3.95,11.76,30.98,735.756
M3,M322,ACACME,4.5,,b,15.89625,0.9,4.85,3.95,11.76,30.98,327.3
M3,M322,ACACME,7.6,,b,45.3416,0.9,4.85,3.95,11.76,30.98,735.756
M3,M322,ACACME,3.3,,b,8.54865,0.9,4.85,3.95,11.76,30.98,169.188
M3,M322,ACACME,4.2,,b,13.8474,0.9,4.85,3.95,11.76,30.98,287.772
M3,M322,ACACME,6.6,,b,34.1946,0.9,4.85,3.95,11.76,30.98,603.996
M3,M322,ACACME,5.2,,b,21.2264,0.9,4.85,3.95,11.76,30.98,419.532
M3,M322,ACACME,4.8,M,M,18.0864,0.6,2.68,2.08,1.07,1.48,366.828
M3,M322,ACACME,4.1,,b,13.19585,0.6,2.68,2.08,1.07,1.48,274.596
M3,M322,ACACME,3.1,,b,7.54385,0.6,2.68,2.08,1.07,1.48,142.836
M3,M322,ACACME,5.5,M,M,23.74625,1.48,3.18,1.7,1.76,1.99,459.06
M3,M322,ACACME,2.5,,b,4.90625,1.48,3.18,1.7,1.76,1.99,63.78
M3,M322,ACACME,2.5,M,M,4.90625,0.9,1.75,0.85,1.06,0.6,63.78
M3,M322,ACACME,7.3,M,M,41.83265,1.99,4.82,2.83,3.38,6.38,696.228
M3,M322,ACACME,10.4,M,M,84.9056,1,4.57,3.57,9.83,23.39,1104.684
M3,M322,ACACME,5.6,,b,24.6176,1,4.57,3.57,9.83,23.39,472.236
M3,M322,ACACME,4.9,,b,18.84785,1,4.57,3.57,9.83,23.39,380.004
M3,M322,ACACME,6.2,M,M,30.1754,0.85,3.6,2.75,4.4,8.07,551.292
M3,M322,ACACME,3.7,,b,10.74665,0.85,3.6,2.75,4.4,8.07,221.892
M3,M322,ACACME,1.6,M,M,2.0096,2.43,3.45,1.02,0.59,0.4,-54.804
M3,M322,ACACME,8.5,M,M,56.71625,1.1,4.6,3.5,15.93,37.17,854.34
M3,M322,ACACME,8,,b,50.24,1.1,4.6,3.5,15.93,37.17,788.46
M3,M322,ACACME,3.3,,b,8.54865,1.1,4.6,3.5,15.93,37.17,169.188
M3,M322,ACACME,4.2,,b,13.8474,1.1,4.6,3.5,15.93,37.17,287.772
M3,M322,ACACME,6.1,,b,29.20985,1.1,4.6,3.5,15.93,37.17,538.116
M3,M322,ACACME,6.7,M,M,35.23865,1.1,2.5,1.4,13.98,13.05,617.172
M3,M322,ACACME,5.9,,b,27.32585,1.1,2.5,1.4,13.98,13.05,511.764
M3,M322,ACACME,4.2,,b,13.8474,1.1,2.5,1.4,13.98,13.05,287.772
M3,M322,ACACME,5.6,,b,24.6176,1.1,2.5,1.4,13.98,13.05,472.236
M3,M322,ACACME,3.7,,b,10.74665,1.1,2.5,1.4,13.98,13.05,221.892
M3,M322,ACACME,14.5,M,M,165.04625,0.9,4.35,3.45,30.7,70.61,1644.9
M3,M322,ACACME,7,,b,38.465,0.9,4.35,3.45,30.7,70.61,656.7
M3,M322,ACACME,8.9,,b,62.17985,0.9,4.35,3.45,30.7,70.61,907.044
M3,M322,ACACME,7,,b,38.465,0.9,4.35,3.45,30.7,70.61,656.7
M3,M322,ACACME,8.8,,b,60.7904,0.9,4.35,3.45,30.7,70.61,893.868
M3,M322,ACACME,12.5,M,M,122.65625,0.8,3,2.2,9.78,14.34,1381.38
M3,M322,ACACME,10,,b,78.5,0.8,3,2.2,9.78,14.34,1051.98
M3,M323,ACACME,5,M,M,19.625,0.7,1.78,1.08,0.42,0.31,393.18
M3,M323,ACACME,1.9,,b,2.83385,0.7,1.78,1.08,0.42,0.31,-15.276
M3,M323,ACACME,3.4,M,M,9.0746,1.48,2.66,1.18,0.94,0.74,182.364
M3,M323,ACACME,6.6,M,M,34.1946,1.29,3.64,2.35,3.34,5.23,603.996
M3,M323,ACACME,4.5,,b,15.89625,1.29,3.64,2.35,3.34,5.23,327.3
M3,M323,ACACME,9.6,M,M,72.3456,1,4.18,3.18,19.09,40.47,999.276
M3,M323,ACACME,3.8,,b,11.3354,1,4.18,3.18,19.09,40.47,235.068
M3,M323,ACACME,4.4,,b,15.1976,1,4.18,3.18,19.09,40.47,314.124
M3,M323,ACACME,5.7,,b,25.50465,1,4.18,3.18,19.09,40.47,485.412
M3,M323,ACACME,6.8,,b,36.2984,1,4.18,3.18,19.09,40.47,630.348
M3,M323,ACACME,4.8,,b,18.0864,1,4.18,3.18,19.09,40.47,366.828
M3,M323,ACACME,8.4,,b,55.3896,1,4.18,3.18,19.09,40.47,841.164
M3,M323,ACACME,4.5,,b,15.89625,1,4.18,3.18,19.09,40.47,327.3
M3,M323,ACACME,8.1,,b,51.50385,1,4.18,3.18,19.09,40.47,801.636
M3,M323,ACACME,6.4,M,M,32.1536,1.43,2.67,1.24,6.33,5.23,577.644
M3,M323,ACACME,3.1,,b,7.54385,1.43,2.67,1.24,6.33,5.23,142.836
M3,M323,ACACME,1.7,,b,2.26865,1.43,2.67,1.24,6.33,5.23,-41.628
M3,M323,ACACME,4.2,M,M,13.8474,1.38,2.1,0.72,1.47,0.7,287.772
M3,M323,ACACME,5,M,M,19.625,0.8,1.46,0.66,0.96,0.42,393.18
M3,M323,ACACME,4.2,,b,13.8474,0.8,1.46,0.66,0.96,0.42,287.772
M3,M323,ACACME,11.7,M,M,107.45865,1,5.31,4.31,22.9,65.8,1275.972
M3,M323,ACACME,6.8,,b,36.2984,1,5.31,4.31,22.9,65.8,630.348
M3,M323,ACACME,5.9,,b,27.32585,1,5.31,4.31,22.9,65.8,511.764
M3,M323,ACACME,7.5,,b,44.15625,1,5.31,4.31,22.9,65.8,722.58
M3,M323,ACACME,5.8,,b,26.4074,1,5.31,4.31,22.9,65.8,498.588
M3,M323,ACACME,7.5,,b,44.15625,1,5.31,4.31,22.9,65.8,722.58
M3,M323,ACACME,3.8,,b,11.3354,1,5.31,4.31,22.9,65.8,235.068
M3,M323,ACACME,5.6,M,M,24.6176,1,5.31,4.31,22.9,65.8,472.236
M3,M323,ACACME,5.3,,b,22.05065,1,5.31,4.31,22.9,65.8,432.708
M3,M323,ACACME,3.9,,b,11.93985,1,2.09,1.09,0.45,0.33,248.244
M3,M323,ACACME,1.5,,b,1.76625,1,2.09,1.09,0.45,0.33,-67.98
M3,M323,ACACME,1.2,,b,1.1304,1,2.09,1.09,0.45,0.33,-107.508
M3,M323,ACACME,1.6,,b,2.0096,1,2.09,1.09,0.45,0.33,-54.804
M3,M323,ACACME,1.8,,b,2.5434,1,2.09,1.09,0.45,0.33,-28.452
M3,M323,ACACME,1.2,,b,1.1304,1,2.09,1.09,0.45,0.33,-107.508
M3,M323,ACACME,1.7,,b,2.26865,1,2.09,1.09,0.45,0.33,-41.628
M3,M323,ACACME,1.8,,b,2.5434,1,2.09,1.09,0.45,0.33,-28.452
M3,M323,ACACME,5.6,M,M,24.6176,1.07,3.33,2.26,4.03,6.07,472.236
M3,M323,ACACME,5.6,,b,24.6176,1.07,3.33,2.26,4.03,6.07,472.236
M3,M323,ACACME,3.6,,b,10.1736,1.07,3.33,2.26,4.03,6.07,208.716
M3,M323,ACACME,3.3,,b,8.54865,1.07,3.33,2.26,4.03,6.07,169.188
M3,M323,ACACME,3.2,,b,8.0384,1.07,3.33,2.26,4.03,6.07,156.012
M3,M323,ACACME,2.6,M,M,5.3066,0.49,1.94,1.45,0.55,0.53,76.956
M3,M323,ACACME,12.4,M,M,120.7016,1,4.02,3.02,15.08,30.37,1368.204
M3,M323,ACACME,6.3,,b,31.15665,1,4.02,3.02,15.08,30.37,564.468
M3,M323,ACACME,2.7,,b,5.72265,1,4.02,3.02,15.08,30.37,90.132
M3,M323,ACACME,5.6,,b,24.6176,1,4.02,3.02,15.08,30.37,472.236
M3,M323,ACACME,5.3,,b,22.05065,1,4.02,3.02,15.08,30.37,432.708
M3,M323,ACACME,1.8,,b,2.5434,1,4.02,3.02,15.08,30.37,-28.452
M3,M323,ACACME,2.9,,b,6.60185,1,4.02,3.02,15.08,30.37,116.484
M3,M323,ACACME,4.5,,b,15.89625,1,4.02,3.02,15.08,30.37,327.3
M3,M323,ACACME,3.7,,b,10.74665,1,4.02,3.02,15.08,30.37,221.892
M3,M323,ACACME,6.5,,b,33.16625,1,4.02,3.02,15.08,30.37,590.82
M3,M324,ACACME,24.6,M,M,475.0506,1.75,4.6,2.85,21.93,41.66,2975.676
M3,M324,ACACME,11.2,,b,98.4704,1.75,4.6,2.85,21.93,41.66,1210.092
M3,M324,ACACME,3.1,,b,7.54385,1.75,4.6,2.85,21.93,41.66,142.836
M3,M324,ACACME,15.1,M,M,178.98785,0.9,2.28,1.38,9.07,8.34,1723.956
M3,M324,ACACME,6.9,,b,37.37385,0.9,2.28,1.38,9.07,8.34,643.524
M3,M324,ACACME,5.3,,b,22.05065,0.9,2.28,1.38,9.07,8.34,432.708
M3,M324,ACACME,6.2,,b,30.1754,0.9,2.28,1.38,9.07,8.34,551.292
M3,M324,ACACME,8,,b,50.24,0.9,2.28,1.38,9.07,8.34,788.46
M3,M324,ACACME,8,,b,50.24,0.9,2.28,1.38,9.07,8.34,788.46
M3,M324,ACACME,14.5,M,M,165.04625,0.8,3.6,2.8,7.56,14.11,1644.9
M3,M324,ACACME,6.9,,b,37.37385,0.8,3.6,2.8,7.56,14.11,643.524
M3,M324,ACACME,10.1,M,M,80.07785,0.9,2.05,1.15,1.77,1.36,1065.156
M3,M324,ACACME,4.8,,b,18.0864,0.9,2.05,1.15,1.77,1.36,366.828
M3,M324,ACACME,7.4,M,M,42.9866,1,1.95,0.95,3.63,2.3,709.404
M3,M324,ACACME,3.5,,b,9.61625,1,1.95,0.95,3.63,2.3,195.54
M3,M324,ACACME,1.6,,b,2.0096,1,1.95,0.95,3.63,2.3,-54.804
M3,M324,ACACME,5.3,M,M,22.05065,0.7,1.3,0.6,0.57,0.23,432.708
M3,M324,ACACME,15,M,M,176.625,1.5,3.3,1.8,9.86,11.83,1710.78
M3,M324,ACACME,4,,b,12.56,1.5,3.3,1.8,9.86,11.83,261.42
M3,M324,ACACME,5.2,,b,21.2264,1.5,3.3,1.8,9.86,11.83,419.532
M3,M324,ACACME,8.8,,b,60.7904,1.5,3.3,1.8,9.86,11.83,893.868
M3,M324,ACACME,4.3,,b,14.51465,1.5,3.3,1.8,9.86,11.83,300.948
M3,M324,ACACME,12.1,M,M,114.93185,1.3,3.35,2.05,2.66,3.63,1328.676
M3,M325,ACACME,11.9,M,M,111.16385,0.8,2,1.2,3.27,2.61,1302.324
M3,M326,ACACME,11,M,M,94.985,1.2,2.57,1.37,6.36,5.81,1183.74
M3,M326,ACACME,3.7,,b,10.74665,1.2,2.57,1.37,6.36,5.81,221.892
M3,M326,ACACME,2.2,,b,3.7994,1.2,2.57,1.37,6.36,5.81,24.252
M3,M326,ACACME,3.3,,b,8.54865,1.2,2.57,1.37,6.36,5.81,169.188
M3,M326,ACACME,7.3,M,M,41.83265,0.9,2.79,1.89,4.45,5.61,696.228
M3,M326,ACACME,1.5,,b,1.76625,0.9,2.79,1.89,4.45,5.61,-67.98
M3,M326,ACACME,1.1,,b,0.94985,0.9,2.79,1.89,4.45,5.61,-120.684
M3,M326,ACACME,1.6,,b,2.0096,0.9,2.79,1.89,4.45,5.61,-54.804
M3,M327,ACACME,27.4,M,M,589.3466,1.51,4.19,2.68,26.4,47.17,3344.604
M3,M327,ACACME,14.5,,b,165.04625,1.51,4.19,2.68,26.4,47.17,1644.9
M3,M327,ACACME,1.3,,b,1.32665,1.51,4.19,2.68,26.4,47.17,-94.332
M3,M327,ACACME,13.5,M,M,143.06625,1.2,2.9,1.7,8.54,9.68,1513.14
M3,M327,ACACME,1.5,,b,1.76625,1.2,2.9,1.7,8.54,9.68,-67.98
M3,M327,ACACME,3.5,,b,9.61625,1.2,2.9,1.7,8.54,9.68,195.54
M3,M327,ACACME,11.6,M,M,105.6296,1,2.64,1.64,9.55,10.44,1262.796
M3,M327,ACACME,5.6,,b,24.6176,1,2.64,1.64,9.55,10.44,472.236
M3,M327,ACACME,5.7,,b,25.50465,1,2.64,1.64,9.55,10.44,485.412
M3,M327,ACACME,4.4,,b,15.1976,1,2.64,1.64,9.55,10.44,314.124
M3,M327,ACACME,5.9,,b,27.32585,1,2.64,1.64,9.55,10.44,511.764
M3,M327,ACACME,10.3,M,M,83.28065,1,2.64,1.64,9.55,10.44,1091.508
M3,M327,ACACME,3.2,,b,8.0384,1,2.64,1.64,9.55,10.44,156.012
M3,M327,ACACME,4.5,,b,15.89625,1,2.64,1.64,9.55,10.44,327.3
M3,M327,ACACME,4,,b,12.56,1,2.64,1.64,9.55,10.44,261.42
M3,M327,ACACME,1.3,,b,1.32665,1,2.64,1.64,9.55,10.44,-94.332
M3,M327,ACACME,4.5,M,M,15.89625,0.26,1.1,0.84,1.82,1.02,327.3
M3,M327,ACACME,8.4,M,M,55.3896,0.9,1.92,1.02,8.79,5.98,841.164
M3,M327,ACACME,1.8,,b,2.5434,0.9,1.92,1.02,8.79,5.98,-28.452
M3,M327,ACACME,1.6,,b,2.0096,0.9,1.92,1.02,8.79,5.98,-54.804
M3,M327,ACACME,1.3,,b,1.32665,0.9,1.92,1.02,8.79,5.98,-94.332
M3,M327,ACACME,3.5,,b,9.61625,0.9,1.92,1.02,8.79,5.98,195.54
M3,M327,ACACME,4.7,,b,17.34065,0.9,1.92,1.02,8.79,5.98,353.652
M3,M327,ACACME,3.9,,b,11.93985,0.9,1.92,1.02,8.79,5.98,248.244
M3,M327,ACACME,1.8,,b,2.5434,0.9,1.92,1.02,8.79,5.98,-28.452
M3,M327,ACACME,5.9,,b,27.32585,0.9,1.92,1.02,8.79,5.98,511.764
M3,M327,ACACME,5.5,,b,23.74625,0.9,1.92,1.02,8.79,5.98,459.06
M3,M327,ACACME,6.2,,b,30.1754,0.9,1.92,1.02,8.79,5.98,551.292
M3,M327,ACACME,4.7,,b,17.34065,0.9,1.92,1.02,8.79,5.98,353.652
M3,M328,ACACME,16.8,M,M,221.5584,1.15,4.23,3.08,34.19,70.2,1947.948
M3,M328,ACACME,5,,b,19.625,1.15,4.23,3.08,34.19,70.2,393.18
M3,M328,ACACME,6.3,,b,31.15665,1.15,4.23,3.08,34.19,70.2,564.468
M3,M328,ACACME,11.5,,b,103.81625,1.15,4.23,3.08,34.19,70.2,1249.62
M3,M328,ACACME,11,,b,94.985,1.15,4.23,3.08,34.19,70.2,1183.74
M3,M328,ACACME,5.6,,b,24.6176,1.15,4.23,3.08,34.19,70.2,472.236
M3,M328,ACACME,5.5,M,M,23.74625,1,4.41,3.41,2.8,6.36,459.06
M3,M328,ACACME,1.4,,b,1.5386,1,4.41,3.41,2.8,6.36,-81.156
M3,M328,ACACME,1.9,,b,2.83385,1,4.41,3.41,2.8,6.36,-15.276
M3,M328,ACACME,6.9,M,M,37.37385,1,4.29,3.29,13.18,28.9,643.524
M3,M328,ACACME,1.4,,b,1.5386,1,4.29,3.29,13.18,28.9,-81.156
M3,M328,ACACME,3,,b,7.065,1,4.29,3.29,13.18,28.9,129.66
M3,M328,ACACME,2.2,,b,3.7994,1,4.29,3.29,13.18,28.9,24.252
M3,M328,ACACME,6.8,,b,36.2984,1,4.29,3.29,13.18,28.9,630.348
M3,M328,ACACME,1.4,,b,1.5386,1,4.29,3.29,13.18,28.9,-81.156
M3,M328,ACACME,2.7,,b,5.72265,1,4.29,3.29,13.18,28.9,90.132
M3,M328,ACACME,1.5,,b,1.76625,1,4.29,3.29,13.18,28.9,-67.98
M3,M328,ACACME,6.8,,b,36.2984,1,4.29,3.29,13.18,28.9,630.348
M3,M328,ACACME,9.7,M,M,73.86065,0.8,2.56,1.76,5.06,5.94,1012.452
M3,M328,ACACME,6,M,M,28.26,0.7,2.15,1.45,2.66,2.57,524.94
M3,M328,ACACME,1.6,M,M,2.0096,0.8,1.55,0.75,0.49,0.25,-54.804
M3,M328,ACACME,3.5,M,M,9.61625,0.5,1.8,1.3,4.86,4.22,195.54
M3,M328,ACACME,3.5,,b,9.61625,0.5,1.8,1.3,4.86,4.22,195.54
M3,M328,ACACME,1.2,M,M,1.1304,0.5,2.23,1.73,1.33,1.54,-107.508
M3,M328,ACACME,5.1,M,M,20.41785,0.8,2.73,1.93,5.18,6.66,406.356
M3,M328,ACACME,3.5,,b,9.61625,0.8,2.73,1.93,5.18,6.66,195.54
M3,M328,ACACME,1.5,,b,1.76625,0.8,2.73,1.93,5.18,6.66,-67.98
M3,M328,ACACME,4.8,,b,18.0864,0.8,2.73,1.93,5.18,6.66,366.828
M3,M328,ACACME,1.2,,b,1.1304,0.8,2.73,1.93,5.18,6.66,-107.508
M3,M328,ACACME,1.5,,b,1.76625,0.8,2.73,1.93,5.18,6.66,-67.98
M3,M328,ACACME,2.5,M,M,4.90625,1.35,2.69,1.34,2.66,2.37,63.78
M3,M328,ACACME,1.1,,b,0.94985,1.35,2.69,1.34,2.66,2.37,-120.684
M3,M328,ACACME,2,,b,3.14,1.35,2.69,1.34,2.66,2.37,-2.1
M3,M328,ACACME,1.3,,b,1.32665,1.35,2.69,1.34,2.66,2.37,-94.332
M3,M328,ACACME,3.3,M,M,8.54865,1.05,2.35,1.3,2.16,1.87,169.188
M3,M328,ACACME,3.5,M,M,9.61625,0.65,2.02,1.37,7.26,6.63,195.54
M3,M328,ACACME,1.5,,b,1.76625,0.65,2.02,1.37,7.26,6.63,-67.98
M3,M328,ACACME,1.9,,b,2.83385,0.65,2.02,1.37,7.26,6.63,-15.276
M3,M328,ACACME,3.2,,b,8.0384,0.65,2.02,1.37,7.26,6.63,156.012
M3,M328,ACACME,2.7,,b,5.72265,0.65,2.02,1.37,7.26,6.63,90.132
M3,M328,ACACME,1.1,,b,0.94985,0.65,2.02,1.37,7.26,6.63,-120.684
M3,M328,ACACME,3,,b,7.065,0.65,2.02,1.37,7.26,6.63,129.66
M3,M328,ACACME,1.6,,b,2.0096,0.65,2.02,1.37,7.26,6.63,-54.804
M3,M328,ACACME,1.4,,b,1.5386,0.65,2.02,1.37,7.26,6.63,-81.156
M3,M328,ACACME,1.3,,b,1.32665,0.65,2.02,1.37,7.26,6.63,-94.332
M3,M328,ACACME,2,M,M,3.14,0.6,1.5,0.9,1.09,0.65,-2.1
M3,M328,ACACME,1.6,,b,2.0096,0.6,1.5,0.9,1.09,0.65,-54.804
M3,M328,ACACME,12.9,M,M,130.63185,0.7,4.16,3.46,34,78.42,1434.084
M3,M328,ACACME,1.4,,b,1.5386,0.7,4.16,3.46,34,78.42,-81.156
M3,M328,ACACME,5.9,,b,27.32585,0.7,4.16,3.46,34,78.42,511.764
M3,M328,ACACME,8.8,,b,60.7904,0.7,4.16,3.46,34,78.42,893.868
M3,M328,ACACME,6.1,,b,29.20985,0.7,4.16,3.46,34,78.42,538.116
M3,M328,ACACME,1.4,,b,1.5386,0.7,4.16,3.46,34,78.42,-81.156
M3,M328,ACACME,3,,b,7.065,0.7,4.16,3.46,34,78.42,129.66
M3,M328,ACACME,1.7,,b,2.26865,0.7,4.16,3.46,34,78.42,-41.628
M3,M328,ACACME,1.7,,b,2.26865,0.7,4.16,3.46,34,78.42,-41.628
M3,M328,ACACME,7.1,,b,39.57185,0.7,4.16,3.46,34,78.42,669.876
M3,M328,ACACME,6.4,,b,32.1536,0.7,4.16,3.46,34,78.42,577.644
M3,M328,ACACME,2.7,,b,5.72265,0.7,4.16,3.46,34,78.42,90.132
M3,M328,ACACME,6.3,,b,31.15665,0.7,4.16,3.46,34,78.42,564.468
M3,M328,ACACME,2.1,,b,3.46185,0.7,4.16,3.46,34,78.42,11.076
M3,M328,ACACME,5.7,,b,25.50465,0.7,4.16,3.46,34,78.42,485.412
M3,M328,ACACME,10.2,,b,81.6714,0.7,4.16,3.46,34,78.42,1078.332
M3,M328,ACACME,6.1,,b,29.20985,0.7,4.16,3.46,34,78.42,538.116
M3,M328,ACACME,3.9,,b,11.93985,0.7,4.16,3.46,34,78.42,248.244
M3,M329,ACACME,18,M,M,254.34,1,3.14,2.14,7.02,10.01,2106.06
M3,M329,ACACME,6.8,,b,36.2984,1,3.14,2.14,7.02,10.01,630.348
M3,M329,ACACME,9.3,,b,67.89465,1,3.14,2.14,7.02,10.01,959.748
M3,M329,ACACME,13.5,,b,143.06625,1,3.14,2.14,7.02,10.01,1513.14
M3,M329,ACACME,11.5,M,M,103.81625,1.2,4.72,3.52,15.25,35.79,1249.62
M3,M329,ACACME,9.5,,b,70.84625,1.2,4.72,3.52,15.25,35.79,986.1
M3,M329,ACACME,7.8,M,M,47.7594,1.4,2.43,1.03,6.86,4.71,762.108
M3,M329,ACACME,5.3,,b,22.05065,1.4,2.43,1.03,6.86,4.71,432.708
M3,M329,ACACME,6.5,M,M,33.16625,1.2,3.15,1.95,10.13,13.16,590.82
M3,M329,ACACME,6.1,,b,29.20985,1.2,3.15,1.95,10.13,13.16,538.116
M3,M329,ACACME,1.2,,b,1.1304,1.2,3.15,1.95,10.13,13.16,-107.508
M3,M329,ACACME,1.1,,b,0.94985,1.2,3.15,1.95,10.13,13.16,-120.684
M3,M329,ACACME,4.8,,b,18.0864,1.2,3.15,1.95,10.13,13.16,366.828
M3,M329,ACACME,6,,b,28.26,1.2,3.15,1.95,10.13,13.16,524.94
M3,M330,ACACME,12,M,M,113.04,1.1,1.4,0.3,6.31,1.26,1315.5
M3,M330,ACACME,7.6,,b,45.3416,1.1,1.4,0.3,6.31,1.26,735.756
M3,M330,ACACME,9.3,,b,67.89465,1.1,1.4,0.3,6.31,1.26,959.748
M3,M330,ACACME,11.7,,b,107.45865,1.1,1.4,0.3,6.31,1.26,1275.972
M3,M330,ACACME,11.5,,b,103.81625,1.1,1.4,0.3,6.31,1.26,1249.62
M3,M330,ACACME,7.5,,b,44.15625,1.1,1.4,0.3,6.31,1.26,722.58
M3,M330,ACACME,8.5,,b,56.71625,1.1,1.4,0.3,6.31,1.26,854.34
M3,M330,ACACME,8,,b,50.24,1.1,1.4,0.3,6.31,1.26,788.46
M3,M330,ACACME,5.5,,b,23.74625,1.1,1.4,0.3,6.31,1.26,459.06
M3,M330,ACACME,8.6,,b,58.0586,1.1,1.4,0.3,6.31,1.26,867.516
M3,M330,ACACME,6.1,M,M,29.20985,0.8,2.99,2.19,3.3,4.81,538.116
M3,M330,ACACME,3.3,,b,8.54865,0.8,2.99,2.19,3.3,4.81,169.188
M3,M330,ACACME,5,M,M,19.625,0.9,2.22,1.32,3.71,3.26,393.18
M3,M330,ACACME,3.7,,b,10.74665,0.9,2.22,1.32,3.71,3.26,221.892
M3,M330,ACACME,1.7,,b,2.26865,0.9,2.22,1.32,3.71,3.26,-41.628
M3,M330,ACACME,4.5,,b,15.89625,0.9,2.22,1.32,3.71,3.26,327.3
M3,M330,ACACME,1.5,,b,1.76625,0.9,2.22,1.32,3.71,3.26,-67.98
M3,M330,ACACME,3.2,,b,8.0384,0.9,2.22,1.32,3.71,3.26,156.012
M3,M330,ACACME,9.8,M,M,75.3914,1.1,3.92,2.82,10.3,19.37,1025.628
M3,M330,ACACME,5,,b,19.625,1.1,3.92,2.82,10.3,19.37,393.18
M3,M330,ACACME,4.4,,b,15.1976,1.1,3.92,2.82,10.3,19.37,314.124
M3,M330,ACACME,3.6,,b,10.1736,1.1,3.92,2.82,10.3,19.37,208.716
M3,M330,ACACME,7.4,,b,42.9866,1.1,3.92,2.82,10.3,19.37,709.404
M3,M330,ACACME,3.1,,b,7.54385,1.1,3.92,2.82,10.3,19.37,142.836
M3,M330,ACACME,4.4,,b,15.1976,1.1,3.92,2.82,10.3,19.37,314.124
M3,M330,ACACME,6.4,,b,32.1536,1.1,3.92,2.82,10.3,19.37,577.644
M3,M330,ACACME,4.5,,b,15.89625,1.1,3.92,2.82,10.3,19.37,327.3
M3,M330,ACACME,8.9,M,M,62.17985,0.92,3.62,2.7,11.34,20.41,907.044
M3,M330,ACACME,7.4,,b,42.9866,0.92,3.62,2.7,11.34,20.41,709.404
M3,M330,ACACME,8.8,,b,60.7904,0.92,3.62,2.7,11.34,20.41,893.868
M3,M330,ACACME,5.1,,b,20.41785,0.92,3.62,2.7,11.34,20.41,406.356
M3,M330,ACACME,3.8,,b,11.3354,0.92,3.62,2.7,11.34,20.41,235.068
M3,M330,ACACME,3.1,,b,7.54385,0.92,3.62,2.7,11.34,20.41,142.836
M3,M330,ACACME,3,,b,7.065,0.92,3.62,2.7,11.34,20.41,129.66
M3,M330,ACACME,6.3,M,M,31.15665,0.92,2.77,1.85,6.12,7.55,564.468
M3,M330,ACACME,4.7,,b,17.34065,0.92,2.77,1.85,6.12,7.55,353.652
M3,M330,ACACME,4,,b,12.56,0.92,2.77,1.85,6.12,7.55,261.42
M3,M330,ACACME,1.3,,b,1.32665,0.92,2.77,1.85,6.12,7.55,-94.332
M3,M330,ACACME,3.2,,b,8.0384,0.92,2.77,1.85,6.12,7.55,156.012
M3,M330,ACACME,1.8,,b,2.5434,0.92,2.77,1.85,6.12,7.55,-28.452
M3,M330,ACACME,17.1,M,M,229.54185,0.8,2.48,1.68,8.61,9.65,1987.476
M3,M330,ACACME,10.9,,b,93.26585,0.8,2.48,1.68,8.61,9.65,1170.564
M3,M330,ACACME,5.4,,b,22.8906,0.8,2.48,1.68,8.61,9.65,445.884
M3,M330,ACACME,2.4,,b,4.5216,0.8,2.48,1.68,8.61,9.65,50.604
M3,M330,ACACME,3.2,,b,8.0384,0.8,2.48,1.68,8.61,9.65,156.012
M3,M330,ACACME,5.8,,b,26.4074,0.8,2.48,1.68,8.61,9.65,498.588
M3,M330,ACACME,8.2,M,M,52.7834,1,3.32,2.32,9.18,14.2,814.812
M3,M330,ACACME,4.9,,b,18.84785,1,3.32,2.32,9.18,14.2,380.004
M3,M330,ACACME,7.2,M,M,40.6944,1,1.7,0.7,0.96,0.45,683.052
M3,M330,ACACME,6.1,,b,29.20985,1,1.7,0.7,0.96,0.45,538.116
M3,M330,ACACME,2.1,,b,3.46185,1,1.7,0.7,0.96,0.45,11.076
M3,M330,ACACME,5.9,M,M,27.32585,0.8,2.38,1.58,7.2,7.58,511.764
M3,M330,ACACME,2.9,,b,6.60185,0.8,2.38,1.58,7.2,7.58,116.484
M3,M330,ACACME,2.5,,b,4.90625,0.8,2.38,1.58,7.2,7.58,63.78
M3,M330,ACACME,4.9,,b,18.84785,0.8,2.38,1.58,7.2,7.58,380.004
M3,M330,ACACME,2.2,,b,3.7994,0.8,2.38,1.58,7.2,7.58,24.252
M3,M331,ACACME,9,M,M,63.585,1.1,3.82,2.72,20.15,36.54,920.22
M3,M331,ACACME,5.9,,b,27.32585,1.1,3.82,2.72,20.15,36.54,511.764
M3,M331,ACACME,7.3,,b,41.83265,1.1,3.82,2.72,20.15,36.54,696.228
M3,M331,ACACME,6,,b,28.26,1.1,3.82,2.72,20.15,36.54,524.94
M3,M331,ACACME,6.3,,b,31.15665,1.1,3.82,2.72,20.15,36.54,564.468
M3,M331,ACACME,4.9,,b,18.84785,1.1,3.82,2.72,20.15,36.54,380.004
M3,M331,ACACME,6.5,,b,33.16625,1.1,3.82,2.72,20.15,36.54,590.82
M3,M331,ACACME,7.8,,b,47.7594,1.1,3.82,2.72,20.15,36.54,762.108
M3,M331,ACACME,7.3,,b,41.83265,1.1,3.82,2.72,20.15,36.54,696.228
M3,M331,ACACME,3.8,,b,11.3354,1.1,3.82,2.72,20.15,36.54,235.068
M3,M331,ACACME,5.9,,b,27.32585,1.1,3.82,2.72,20.15,36.54,511.764
M3,M331,ACACME,6.4,,b,32.1536,1.1,3.82,2.72,20.15,36.54,577.644
M3,M331,ACACME,3.8,,b,11.3354,1.1,3.82,2.72,20.15,36.54,235.068
M3,M331,ACACME,6.7,,b,35.23865,1.1,3.82,2.72,20.15,36.54,617.172
M3,M331,ACACME,3.4,,b,9.0746,1.1,3.82,2.72,20.15,36.54,182.364
M3,M331,ACACME,6.7,,b,35.23865,1.1,3.82,2.72,20.15,36.54,617.172
M3,M331,ACACME,3.6,,b,10.1736,1.1,3.82,2.72,20.15,36.54,208.716
M3,M331,ACACME,5,,b,19.625,1.1,3.82,2.72,20.15,36.54,393.18
M3,M331,ACACME,6.4,,b,32.1536,1.1,3.82,2.72,20.15,36.54,577.644
M3,M331,ACACME,5.2,,b,21.2264,1.1,3.82,2.72,20.15,36.54,419.532
M3,M331,ACACME,6,M,M,28.26,0.96,2.6,1.64,7.32,8,524.94
M3,M331,ACACME,5.5,,b,23.74625,0.96,2.6,1.64,7.32,8,459.06
M3,M331,ACACME,5,,b,19.625,0.96,2.6,1.64,7.32,8,393.18
M3,M331,ACACME,5.2,,b,21.2264,0.96,2.6,1.64,7.32,8,419.532
M3,M331,ACACME,2.8,,b,6.1544,0.96,2.6,1.64,7.32,8,103.308
M3,M331,ACACME,2.7,,b,5.72265,0.96,2.6,1.64,7.32,8,90.132
M3,M331,ACACME,1.6,,b,2.0096,0.96,2.6,1.64,7.32,8,-54.804
M3,M331,ACACME,7.7,M,M,46.54265,1.46,3.34,1.88,9.61,12.04,748.932
M3,M331,ACACME,7.5,,b,44.15625,1.46,3.34,1.88,9.61,12.04,722.58
M3,M331,ACACME,5.4,,b,22.8906,1.46,3.34,1.88,9.61,12.04,445.884
M3,M331,ACACME,11.6,M,M,105.6296,0.9,2.92,2.02,10.17,13.7,1262.796
M3,M331,ACACME,3.1,,b,7.54385,0.9,2.92,2.02,10.17,13.7,142.836
M3,M331,ACACME,5.6,,b,24.6176,0.9,2.92,2.02,10.17,13.7,472.236
M3,M331,ACACME,8.8,M,M,60.7904,1.08,4.5,3.42,13.92,31.73,893.868
M3,M331,ACACME,3.3,,b,8.54865,1.08,4.5,3.42,13.92,31.73,169.188
M3,M331,ACACME,7.8,,b,47.7594,1.08,4.5,3.42,13.92,31.73,762.108
M3,M331,ACACME,5.5,,b,23.74625,1.08,4.5,3.42,13.92,31.73,459.06
M3,M331,ACACME,4.3,,b,14.51465,1.08,4.5,3.42,13.92,31.73,300.948
M3,M331,ACACME,2.9,M,M,6.60185,1.06,1.72,0.66,2.27,1,116.484
M3,M331,ACACME,8,M,M,50.24,0.9,2.77,1.87,9,11.22,788.46
M3,M331,ACACME,2.3,,b,4.15265,0.9,2.77,1.87,9,11.22,37.428
M3,M331,ACACME,2,,b,3.14,0.9,2.77,1.87,9,11.22,-2.1
M3,M331,ACACME,6.1,,b,29.20985,0.9,2.77,1.87,9,11.22,538.116
M3,M331,ACACME,4,,b,12.56,0.9,2.77,1.87,9,11.22,261.42
M3,M331,ACACME,2.5,,b,4.90625,0.9,2.77,1.87,9,11.22,63.78
M3,M331,ACACME,7.8,,b,47.7594,0.9,2.77,1.87,9,11.22,762.108
M3,M331,ACACME,4.5,,b,15.89625,0.9,2.77,1.87,9,11.22,327.3
M3,M331,ACACME,4.5,,b,15.89625,0.9,2.77,1.87,9,11.22,327.3
M3,M331,ACACME,4,,b,12.56,0.9,2.77,1.87,9,11.22,261.42
M3,M332,ACACME,4.8,M,M,18.0864,1.13,2.48,1.35,1.71,1.53,366.828
M3,M332,ACACME,3.8,,b,11.3354,1.13,2.48,1.35,1.71,1.53,235.068
M3,M332,ACACME,9.8,M,M,75.3914,1.25,3.16,1.91,14.71,18.73,1025.628
M3,M332,ACACME,6.4,,b,32.1536,1.25,3.16,1.91,14.71,18.73,577.644
M3,M332,ACACME,7.2,,b,40.6944,1.25,3.16,1.91,14.71,18.73,683.052
M3,M332,ACACME,1.2,,b,1.1304,1.25,3.16,1.91,14.71,18.73,-107.508
M3,M332,ACACME,1.4,,b,1.5386,1.25,3.16,1.91,14.71,18.73,-81.156
M3,M332,ACACME,7.3,,b,41.83265,1.25,3.16,1.91,14.71,18.73,696.228
M3,M332,ACACME,2.6,,b,5.3066,1.25,3.16,1.91,14.71,18.73,76.956
M3,M332,ACACME,3.7,,b,10.74665,1.25,3.16,1.91,14.71,18.73,221.892
M3,M332,ACACME,3.9,,b,11.93985,1.25,3.16,1.91,14.71,18.73,248.244
M3,M332,ACACME,6.6,,b,34.1946,1.25,3.16,1.91,14.71,18.73,603.996
M3,M332,ACACME,2.6,,b,5.3066,1.25,3.16,1.91,14.71,18.73,76.956
M3,M333,ACACME,6.3,M,M,31.15665,0.62,1.82,1.2,0.74,0.59,564.468
M3,M355,ACACME,1.9,M,M,2.83385,0.5,0.8,0.3,0.71,0.14,-15.276
M3,M355,ACACME,1.8,,b,2.5434,0.5,0.8,0.3,0.71,0.14,-28.452
M3,M355,ACACME,1.6,,b,2.0096,0.5,0.8,0.3,0.71,0.14,-54.804
M3,M355,ACACME,1.1,,b,0.94985,0.5,0.8,0.3,0.71,0.14,-120.684
M3,M355,ACACME,1.3,,b,1.32665,0.5,0.8,0.3,0.71,0.14,-94.332
M3,M361,ACACME,7.8,M,M,47.7594,1.14,2.11,0.97,9.58,6.2,762.108
M3,M361,ACACME,2.6,,b,5.3066,1.14,2.11,0.97,9.58,6.2,76.956
M3,M361,ACACME,3.7,,b,10.74665,1.14,2.11,0.97,9.58,6.2,221.892
M3,M361,ACACME,3.6,,b,10.1736,1.14,2.11,0.97,9.58,6.2,208.716
M3,M361,ACACME,3.9,,b,11.93985,1.14,2.11,0.97,9.58,6.2,248.244
M3,M361,ACACME,3.6,,b,10.1736,1.14,2.11,0.97,9.58,6.2,208.716
M3,M361,ACACME,2.6,,b,5.3066,1.14,2.11,0.97,9.58,6.2,76.956
M3,M361,ACACME,1.3,,b,1.32665,1.14,2.11,0.97,9.58,6.2,-94.332
M3,M361,ACACME,1.2,,b,1.1304,1.14,2.11,0.97,9.58,6.2,-107.508
M3,M361,ACACME,1.7,,b,2.26865,1.14,2.11,0.97,9.58,6.2,-41.628
M3,M361,ACACME,6,,b,28.26,1.14,2.11,0.97,9.58,6.2,524.94
M3,M361,ACACME,2.1,,b,3.46185,1.14,2.11,0.97,9.58,6.2,11.076
M3,M361,ACACME,1,,b,0.785,1.14,2.11,0.97,9.58,6.2,-133.86
M3,M361,ACACME,2.3,,b,4.15265,1.14,2.11,0.97,9.58,6.2,37.428
M3,M364,ACACME,1.5,M,M,1.76625,0.3,0.7,0.4,0.75,0.2,-67.98
M3,M364,ACACME,1.1,,b,0.94985,0.3,0.7,0.4,0.75,0.2,-120.684
M3,M364,ACACME,1.3,,b,1.32665,0.3,0.7,0.4,0.75,0.2,-94.332
M3,M364,ACACME,1.1,,b,0.94985,0.3,0.7,0.4,0.75,0.2,-120.684
M3,M364,ACACME,1.1,,b,0.94985,0.3,0.7,0.4,0.75,0.2,-120.684
M3,M364,ACACME,1,,b,0.785,0.3,0.7,0.4,0.75,0.2,-133.86
M3,M364,ACACME,1.1,,b,0.94985,0.3,0.7,0.4,0.75,0.2,-120.684
M3,M364,ACACME,1,,b,0.785,0.3,0.7,0.4,0.75,0.2,-133.86
M3,M370,ACACME,3.1,M,M,7.54385,0.9,1.1,0.2,2.11,0.28,142.836
M3,M370,ACACME,2.1,,b,3.46185,0.9,1.1,0.2,2.11,0.28,11.076
M3,M370,ACACME,2.5,M,M,4.90625,0.8,1.1,0.3,0.64,0.13,63.78
M3,M370,ACACME,2.2,,b,3.7994,0.8,1.1,0.3,0.64,0.13,24.252
M3,M370,ACACME,2.1,,b,3.46185,0.8,1.1,0.3,0.64,0.13,11.076
M3,M370,ACACME,1.3,,b,1.32665,0.8,1.1,0.3,0.64,0.13,-94.332
M3,M370,ACACME,2.2,,b,3.7994,0.8,1.1,0.3,0.64,0.13,24.252
M3,M372,ACACME,1.2,M,M,1.1304,0.4,0.7,0.3,0.38,0.08,-107.508
M3,M375,ACACME,3.7,M,M,10.74665,0.8,1.33,0.53,5.69,2.01,221.892
M3,M375,ACACME,2.7,,b,5.72265,0.8,1.33,0.53,5.69,2.01,90.132
M3,M375,ACACME,2.2,,b,3.7994,0.8,1.33,0.53,5.69,2.01,24.252
M3,M375,ACACME,2.7,,b,5.72265,0.8,1.33,0.53,5.69,2.01,90.132
M3,M375,ACACME,2.2,,b,3.7994,0.8,1.33,0.53,5.69,2.01,24.252
M3,M375,ACACME,2.7,,b,5.72265,0.8,1.33,0.53,5.69,2.01,90.132
M3,M375,ACACME,2.9,,b,6.60185,0.8,1.33,0.53,5.69,2.01,116.484
M3,M375,ACACME,1.8,,b,2.5434,0.8,1.33,0.53,5.69,2.01,-28.452
M3,M375,ACACME,2.2,,b,3.7994,0.8,1.33,0.53,5.69,2.01,24.252
M3,M375,ACACME,1.5,,b,1.76625,0.8,1.33,0.53,5.69,2.01,-67.98
M3,M375,ACACME,2.3,,b,4.15265,0.8,1.33,0.53,5.69,2.01,37.428
M3,M375,ACACME,2.3,,b,4.15265,0.8,1.33,0.53,5.69,2.01,37.428
M3,M375,ACACME,2.1,,b,3.46185,0.8,1.33,0.53,5.69,2.01,11.076
M3,M375,ACACME,1.6,,b,2.0096,0.8,1.33,0.53,5.69,2.01,-54.804
M3,M375,ACACME,2.6,,b,5.3066,0.8,1.33,0.53,5.69,2.01,76.956
M3,M375,ACACME,1.7,,b,2.26865,0.8,1.33,0.53,5.69,2.01,-41.628
