Acacia etbaica biomas (y=53.506x -103.47 ; r2 = 0.68),,,,,,,,,,,,,,
S/Transect,Quadra,SpCode,DKH,code,branches,Basal area (sq cm),Hmin,Hmax,CanDepth,CrwnDiam,slope,CanArea     = ?D1D2/4 ,CanVol ,Biomass
L1,L101,ACACET,3.5,M,M,9.61625,0.52,1,0.48,1.5,2,1.73,0.56,83.801
L1,L102,ACACET,10.5,M,M,86.54625,0.99,2.53,1.54,2.7,3,5.6,5.75,458.343
L1,L102,ACACET,6.3,,b,31.15665,0.99,2.53,1.54,2.7,3,5.6,5.75,233.6178
L1,L102,ACACET,5.5,,b,23.74625,0.99,2.53,1.54,2.7,3,5.6,5.75,190.813
L1,L103,ACACET,12.5,M,M,122.65625,1.06,4.48,3.42,5.9,3,27.32,62.32,565.355
L1,L103,ACACET,11,,b,94.985,1.06,4.48,3.42,5.9,3,27.32,62.32,485.096
L1,L104,ACACET,13.9,M,M,151.66985,0.95,2.59,1.64,2.29,3,3.8,4.16,640.2634
L1,L104,ACACET,12.6,,b,124.6266,0.95,2.59,1.64,2.29,3,3.8,4.16,570.7056
L1,L116,ACACET,23.4,M,M,429.8346,1.05,5.34,4.29,6.08,3,28.33,80.93,1148.5704
L1,L116,ACACET,17.6,,b,243.1616,1.05,5.34,4.29,6.08,3,28.33,80.93,838.2356
L1,L116,ACACET,13.6,,b,145.1936,1.05,5.34,4.29,6.08,3,28.33,80.93,624.2116
L1,L116,ACACET,8,,b,50.24,1.05,5.34,4.29,6.08,3,28.33,80.93,324.578
L1,L121,ACACET,11.1,M,M,96.71985,0.59,2.62,2.03,4.95,2,18.67,25.29,490.4466
L1,L121,ACACET,7.2,,b,40.6944,0.59,2.62,2.03,4.95,2,18.67,25.29,281.7732
L1,L121,ACACET,5.3,,b,22.05065,0.59,2.62,2.03,4.95,2,18.67,25.29,180.1118
L1,L121,ACACET,4.6,,b,16.6106,0.59,2.62,2.03,4.95,2,18.67,25.29,142.6576
L1,L123,ACACET,4.9,M,M,18.84785,1.11,2.47,1.36,2.73,2,5.83,5.29,158.7094
L1,L123,ACACET,3.2,,b,8.0384,1.11,2.47,1.36,2.73,2,5.83,5.29,67.7492
L1,L124,ACACET,4.9,M,M,18.84785,1,2.71,1.71,1.86,2,2.58,2.94,158.7094
L1,L124,ACACET,4,,b,12.56,1,2.71,1.71,1.86,2,2.58,2.94,110.554
L1,L124,ACACET,5.5,M,M,23.74625,1.06,2.19,1.13,1.23,2,1.18,0.89,190.813
L1,L124,ACACET,3.6,,b,10.1736,1.06,2.19,1.13,1.23,2,1.18,0.89,89.1516
L1,L124,ACACET,4.7,,b,17.34065,1.06,2.19,1.13,1.23,2,1.18,0.89,148.0082
L1,L125,ACACET,10.2,M,M,81.6714,0.9,3.84,2.94,3.02,2,7.05,13.81,442.2912
L1,L125,ACACET,5.7,M,M,25.50465,1.06,2.74,1.68,2.29,2,4.1,4.59,201.5142
L1,L125,ACACET,5.7,M,M,25.50465,0.92,3.07,2.15,2.88,2,6.49,9.3,201.5142
L1,L125,ACACET,3.3,,b,8.54865,0.92,3.07,2.15,2.88,2,6.49,9.3,73.0998
L1,L125,ACACET,6.9,M,M,37.37385,0.9,2.99,2.09,3.6,2,10.12,14.11,265.7214
L1,L125,ACACET,3.6,,b,10.1736,0.9,2.99,2.09,3.6,2,10.12,14.11,89.1516
L1,L125,ACACET,6.9,,b,37.37385,0.9,2.99,2.09,3.6,2,10.12,14.11,265.7214
L1,L125,ACACET,6,M,M,28.26,1.01,3.11,2.1,3.05,2,7.3,10.22,217.566
L1,L125,ACACET,5.3,,b,22.05065,1.01,3.11,2.1,3.05,2,7.3,10.22,180.1118
L1,L125,ACACET,5.2,,b,21.2264,1.01,3.11,2.1,3.05,2,7.3,10.22,174.7612
L1,L125,ACACET,10.9,M,M,93.26585,0.6,3.14,2.54,2.06,2,3.24,5.49,479.7454
L1,L125,ACACET,7.2,,b,40.6944,0.6,3.14,2.54,2.06,2,3.24,5.49,281.7732
L1,L125,ACACET,7.8,,b,47.7594,0.6,3.14,2.54,2.06,2,3.24,5.49,313.8768
L1,L125,ACACET,7.3,M,M,41.83265,0.74,3.08,2.34,2.53,2,4.95,7.72,287.1238
L1,L125,ACACET,12.9,M,M,130.63185,1,4.45,3.45,3.8,2,11.14,25.62,586.7574
L1,L125,ACACET,9.9,,b,76.93785,1,4.45,3.45,3.8,2,11.14,25.62,426.2394
L1,L125,ACACET,5.9,,b,27.32585,1,4.45,3.45,3.8,2,11.14,25.62,212.2154
L1,L129,ACACET,11.7,M,M,107.45865,1,3.57,2.57,3.96,2,12.31,21.07,522.5502
L1,L129,ACACET,4.2,,b,13.8474,1,3.57,2.57,3.96,2,12.31,21.07,121.2552
L1,L132,ACACET,10.1,M,M,80.07785,1.22,3.41,2.19,2.96,2,6.86,10.04,436.9406
L1,L132,ACACET,9.1,,b,65.00585,1.22,3.41,2.19,2.96,2,6.86,10.04,383.4346
L1,L132,ACACET,6.9,,b,37.37385,1.22,3.41,2.19,2.96,2,6.86,10.04,265.7214
L1,L132,ACACET,5.4,,b,22.8906,1.22,3.41,2.19,2.96,2,6.86,10.04,185.4624
L1,L134,ACACET,3.7,M,M,10.74665,0.83,1.92,1.09,2.1,2,3.41,2.48,94.5022
L1,L134,ACACET,2.8,,b,6.1544,0.83,1.92,1.09,2.1,2,3.41,2.48,46.3468
L1,L134,ACACET,2.4,,b,4.5216,0.83,1.92,1.09,2.1,2,3.41,2.48,24.9444
L1,L134,ACACET,10.6,M,M,88.2026,0.8,3.69,2.89,4.88,2,17.76,34.25,463.6936
L1,L134,ACACET,7.5,,b,44.15625,0.8,3.69,2.89,4.88,2,17.76,34.25,297.825
L1,L134,ACACET,7.6,,b,45.3416,0.8,3.69,2.89,4.88,2,17.76,34.25,303.1756
L1,L134,ACACET,3.5,,b,9.61625,0.8,3.69,2.89,4.88,2,17.76,34.25,83.801
L1,L135,ACACET,8.1,M,M,51.50385,0.8,3.35,2.55,3.29,2,7.93,13.48,329.9286
L1,L135,ACACET,6.3,,b,31.15665,0.8,3.35,2.55,3.29,2,7.93,13.48,233.6178
L1,L139,ACACET,1.6,M,M,2.0096,0.2,0.8,0.6,1,2,0.79,0.31,-17.8604
L1,L139,ACACET,1.4,,b,1.5386,0.2,0.8,0.6,1,2,0.79,0.31,-28.5616
L1,L139,ACACET,1.2,,b,1.1304,0.2,0.8,0.6,1,2,0.79,0.31,-39.2628
L1,L139,ACACET,1.3,,b,1.32665,0.2,0.8,0.6,1,2,0.79,0.31,-33.9122
L1,L139,ACACET,1.3,,b,1.32665,0.2,0.8,0.6,1,2,0.79,0.31,-33.9122
L1,L143,ACACET,5,M,M,19.625,1.15,3.32,2.17,2.14,1,3.52,5.1,164.06
L1,L143,ACACET,3.8,,b,11.3354,1.15,3.32,2.17,2.14,1,3.52,5.1,99.8528
L1,L143,ACACET,2.7,,b,5.72265,1.15,3.32,2.17,2.14,1,3.52,5.1,40.9962
L1,L143,ACACET,1.6,,b,2.0096,1.15,3.32,2.17,2.14,1,3.52,5.1,-17.8604
L1,L143,ACACET,3,,b,7.065,1.15,3.32,2.17,2.14,1,3.52,5.1,57.048
L1,L143,ACACET,4.5,,b,15.89625,1.15,3.32,2.17,2.14,1,3.52,5.1,137.307
L1,L144,ACACET,5.5,M,M,23.74625,0.55,3.18,2.63,2.43,1,4.54,7.97,190.813
L1,L144,ACACET,3.9,,b,11.93985,0.55,3.18,2.63,2.43,1,4.54,7.97,105.2034
L1,L144,ACACET,4.6,,b,16.6106,0.55,3.18,2.63,2.43,1,4.54,7.97,142.6576
L1,L144,ACACET,1.2,,b,1.1304,0.55,3.18,2.63,2.43,1,4.54,7.97,-39.2628
L1,L145,ACACET,2.2,M,M,3.7994,0.11,1.09,0.98,1.38,1,1.47,0.96,14.2432
L1,L145,ACACET,1.5,,b,1.76625,0.11,1.09,0.98,1.38,1,1.47,0.96,-23.211
L1,L145,ACACET,1.2,,b,1.1304,0.11,1.09,0.98,1.38,1,1.47,0.96,-39.2628
L1,L145,ACACET,1.3,,b,1.32665,0.11,1.09,0.98,1.38,1,1.47,0.96,-33.9122
L1,L146,ACACET,5.2,M,M,21.2264,0.36,3.1,2.74,2.34,1,4.11,7.51,174.7612
L1,L146,ACACET,2.1,,b,3.46185,0.36,3.1,2.74,2.34,1,4.11,7.51,8.8926
L1,L146,ACACET,2.5,,b,4.90625,0.36,3.1,2.74,2.34,1,4.11,7.51,30.295
L1,L148,ACACET,6.1,M,M,29.20985,0.4,2.57,2.17,2.94,1,6.78,9.82,222.9166
L1,L148,ACACET,3.1,,b,7.54385,0.4,2.57,2.17,2.94,1,6.78,9.82,62.3986
L1,L148,ACACET,2,,b,3.14,0.4,2.57,2.17,2.94,1,6.78,9.82,3.542
L1,L148,ACACET,3.5,,b,9.61625,0.4,2.57,2.17,2.94,1,6.78,9.82,83.801
L1,L155,ACACET,12.7,M,M,126.61265,1.5,3.13,1.63,4.74,2,17.51,19.03,576.0562
L1,L155,ACACET,11.1,,b,96.71985,1.5,3.13,1.63,4.74,2,17.51,19.03,490.4466
L1,L155,ACACET,4.5,,b,15.89625,1.5,3.13,1.63,4.74,2,17.51,19.03,137.307
L1,L155,ACACET,8.8,,b,60.7904,1.5,3.13,1.63,4.74,2,17.51,19.03,367.3828
L1,L155,ACACET,5.5,,b,23.74625,1.5,3.13,1.63,4.74,2,17.51,19.03,190.813
L1,L155,ACACET,5.4,,b,22.8906,1.5,3.13,1.63,4.74,2,17.51,19.03,185.4624
L1,L156,ACACET,10.4,M,M,84.9056,1.1,2.93,1.83,1.89,2,2.78,3.4,452.9924
L1,L157,ACACET,7.3,M,M,41.83265,0.4,2.56,2.16,2.77,2,6,8.64,287.1238
L1,L157,ACACET,6.1,,b,29.20985,0.4,2.56,2.16,2.77,2,6,8.64,222.9166
L1,L158,ACACET,13.7,M,M,147.33665,0.9,3.67,2.77,4.1,3,13.13,24.25,629.5622
L1,L158,ACACET,19.9,M,M,310.86785,0.2,4.23,4.03,5.72,3,24.89,66.88,961.2994
L1,L159,ACACET,8.5,M,M,56.71625,0.51,2.23,1.72,2.85,3,6.29,7.21,351.331
L1,L159,ACACET,3.5,,b,9.61625,0.51,2.23,1.72,2.85,3,6.29,7.21,83.801
L1,L161,ACACET,2.1,M,M,3.46185,0.52,1.13,0.61,2.07,2,3.26,1.33,8.8926
L1,L161,ACACET,2,,b,3.14,0.52,1.13,0.61,2.07,2,3.26,1.33,3.542
L1,L161,ACACET,3,M,M,7.065,0.53,1.64,1.11,1.81,2,2.55,1.89,57.048
L1,L162,ACACET,5.2,M,M,21.2264,0.6,2.28,1.68,2.07,2,3.35,3.75,174.7612
L1,L162,ACACET,1.8,,b,2.5434,0.6,2.28,1.68,2.07,2,3.35,3.75,-7.1592
L1,L162,ACACET,8.2,M,M,52.7834,2.22,3.12,0.9,2.98,2,6.86,4.12,335.2792
L1,L162,ACACET,13.5,M,M,143.06625,1.17,3.63,2.46,2.64,2,5.45,8.93,618.861
L1,L163,ACACET,2.3,M,M,4.15265,0.59,1.22,0.63,0.59,2,0.26,0.11,19.5938
L1,L163,ACACET,2.5,M,M,4.90625,0.63,1.22,0.59,1.31,2,1.31,0.52,30.295
L1,L163,ACACET,1.5,,b,1.76625,0.63,1.22,0.59,1.31,2,1.31,0.52,-23.211
L1,L163,ACACET,3.6,M,M,10.1736,0.2,1.51,1.31,1.31,2,1.32,1.15,89.1516
L1,L163,ACACET,2.4,,b,4.5216,0.2,1.51,1.31,1.31,2,1.32,1.15,24.9444
L1,L165,ACACET,3.6,M,M,10.1736,0.48,1.22,0.74,2.22,2,3.84,1.89,89.1516
L1,L165,ACACET,1.9,,b,2.83385,0.48,1.22,0.74,2.22,2,3.84,1.89,-1.8086
L1,L165,ACACET,6.5,M,M,33.16625,0.98,1.8,0.82,1.93,2,2.84,1.55,244.319
L1,L165,ACACET,3.2,M,M,8.0384,0.5,1.12,0.62,0.66,2,0.32,0.13,67.7492
L1,L165,ACACET,3,,b,7.065,0.5,1.12,0.62,0.66,2,0.32,0.13,57.048
L1,L165,ACACET,2.7,M,M,5.72265,0.22,1.15,0.93,1.74,2,2.35,1.46,40.9962
L1,L165,ACACET,2.5,,b,4.90625,0.22,1.15,0.93,1.74,2,2.35,1.46,30.295
L1,L165,ACACET,12.4,M,M,120.7016,0.3,3.38,3.08,2.68,2,5.6,11.5,560.0044
L1,L165,ACACET,9.9,M,M,76.93785,0.69,4.38,3.69,5.03,2,19.77,48.62,426.2394
L1,L165,ACACET,9.8,,b,75.3914,0.69,4.38,3.69,5.03,2,19.77,48.62,420.8888
L1,L166,ACACET,7.8,M,M,47.7594,0.66,2.79,2.13,4.64,2,16.21,23.01,313.8768
L1,L168,ACACET,3.6,M,M,10.1736,0.5,1.64,1.14,3.39,2,8.97,6.82,89.1516
L1,L168,ACACET,2.9,,b,6.60185,0.5,1.64,1.14,3.39,2,8.97,6.82,51.6974
L1,L168,ACACET,2.7,M,M,5.72265,0.46,1.51,1.05,1.52,2,1.74,1.22,40.9962
L1,L173,ACACET,2.5,M,M,4.90625,0.2,1.22,1.02,1.45,2,1.61,1.09,30.295
L1,L173,ACACET,2.4,,b,4.5216,0.2,1.22,1.02,1.45,2,1.61,1.09,24.9444
L1,L173,ACACET,1.7,,b,2.26865,0.2,1.22,1.02,1.45,2,1.61,1.09,-12.5098
L1,L174,ACACET,2.8,M,M,6.1544,0.7,1.55,0.85,1.64,2,2.11,1.2,46.3468
L1,L174,ACACET,2.6,,b,5.3066,0.7,1.55,0.85,1.64,2,2.11,1.2,35.6456
L1,L174,ACACET,2.3,,b,4.15265,0.7,1.55,0.85,1.64,2,2.11,1.2,19.5938
L1,L174,ACACET,2.9,M,M,6.60185,0.86,1.22,0.36,1.16,2,1.05,0.25,51.6974
L1,L174,ACACET,2,,b,3.14,0.86,1.22,0.36,1.16,2,1.05,0.25,3.542
L1,L174,ACACET,2.1,,b,3.46185,0.86,1.22,0.36,1.16,2,1.05,0.25,8.8926
L1,L174,ACACET,5.3,M,M,22.05065,0.6,2.35,1.75,1.9,2,2.8,3.27,180.1118
L1,L175,ACACET,4.4,M,M,15.1976,0.8,2.45,1.65,2.36,2,4.35,4.79,131.9564
L1,L175,ACACET,2.7,,b,5.72265,0.8,2.45,1.65,2.36,2,4.35,4.79,40.9962
L1,L175,ACACET,3.2,,b,8.0384,0.8,2.45,1.65,2.36,2,4.35,4.79,67.7492
L1,L175,ACACET,5,M,M,19.625,0.8,2.64,1.84,2.24,2,3.91,4.8,164.06
L1,L175,ACACET,1.5,,b,1.76625,0.8,2.64,1.84,2.24,2,3.91,4.8,-23.211
L1,L175,ACACET,3.1,,b,7.54385,0.8,2.64,1.84,2.24,2,3.91,4.8,62.3986
L1,L175,ACACET,1.3,,b,1.32665,0.8,2.64,1.84,2.24,2,3.91,4.8,-33.9122
L1,L175,ACACET,2.4,,b,4.5216,0.8,2.64,1.84,2.24,2,3.91,4.8,24.9444
L1,L175,ACACET,5.1,M,M,20.41785,0.9,2.4,1.5,2.45,2,4.71,4.71,169.4106
L1,L175,ACACET,1.9,,b,2.83385,0.9,2.4,1.5,2.45,2,4.71,4.71,-1.8086
L1,L175,ACACET,3.5,,b,9.61625,0.9,2.4,1.5,2.45,2,4.71,4.71,83.801
L1,L175,ACACET,1.5,,b,1.76625,0.9,2.4,1.5,2.45,2,4.71,4.71,-23.211
L1,L175,ACACET,2.1,,b,3.46185,0.9,2.4,1.5,2.45,2,4.71,4.71,8.8926
L1,L175,ACACET,1.5,,b,1.76625,0.9,2.4,1.5,2.45,2,4.71,4.71,-23.211
L1,L175,ACACET,4,,b,12.56,0.9,2.4,1.5,2.45,2,4.71,4.71,110.554
L1,L175,ACACET,5.5,M,M,23.74625,0.5,2.56,2.06,2.18,2,3.72,5.11,190.813
L1,L175,ACACET,2.7,,b,5.72265,0.5,2.56,2.06,2.18,2,3.72,5.11,40.9962
L1,L175,ACACET,4.3,,b,14.51465,0.5,2.56,2.06,2.18,2,3.72,5.11,126.6058
L1,L175,ACACET,7.8,M,M,47.7594,0.9,3.43,2.53,2.6,2,5.29,8.92,313.8768
L1,L175,ACACET,6.5,M,M,33.16625,0.7,3.04,2.34,2.57,2,5.18,8.07,244.319
L1,L175,ACACET,2.3,,b,4.15265,0.7,3.04,2.34,2.57,2,5.18,8.07,19.5938
L1,L175,ACACET,2.4,M,M,4.5216,0.9,1.88,0.98,1.76,2,2.41,1.58,24.9444
L1,L175,ACACET,2.2,,b,3.7994,0.9,1.88,0.98,1.76,2,2.41,1.58,14.2432
L1,L175,ACACET,1.4,,b,1.5386,0.9,1.88,0.98,1.76,2,2.41,1.58,-28.5616
L1,L175,ACACET,2.1,,b,3.46185,0.9,1.88,0.98,1.76,2,2.41,1.58,8.8926
L1,L175,ACACET,4.5,M,M,15.89625,0.8,2.26,1.46,2.44,2,4.64,4.52,137.307
L1,L175,ACACET,3.9,,b,11.93985,0.8,2.26,1.46,2.44,2,4.64,4.52,105.2034
L1,L175,ACACET,2.4,,b,4.5216,0.8,2.26,1.46,2.44,2,4.64,4.52,24.9444
L1,L175,ACACET,3.5,M,M,9.61625,0.75,1.97,1.22,1.97,2,3.03,2.46,83.801
L1,L175,ACACET,2.2,,b,3.7994,0.75,1.97,1.22,1.97,2,3.03,2.46,14.2432
L1,L175,ACACET,2.3,,b,4.15265,0.75,1.97,1.22,1.97,2,3.03,2.46,19.5938
L1,L175,ACACET,2.7,,b,5.72265,0.75,1.97,1.22,1.97,2,3.03,2.46,40.9962
L1,L175,ACACET,3.7,M,M,10.74665,1.1,4.22,3.12,2.1,2,3.43,7.14,94.5022
L1,L175,ACACET,4.1,,b,13.19585,1.1,4.22,3.12,2.1,2,3.43,7.14,115.9046
L1,L175,ACACET,3.3,M,M,8.54865,0.5,1.95,1.45,1.51,2,1.71,1.66,73.0998
L1,L175,ACACET,1.4,,b,1.5386,0.5,1.95,1.45,1.51,2,1.71,1.66,-28.5616
L1,L175,ACACET,3.1,,b,7.54385,0.5,1.95,1.45,1.51,2,1.71,1.66,62.3986
L1,L175,ACACET,5.5,M,M,23.74625,0.5,2.2,1.7,1.97,2,3.04,3.45,190.813
L1,L175,ACACET,2.1,,b,3.46185,0.5,2.2,1.7,1.97,2,3.04,3.45,8.8926
L1,L175,ACACET,2,,b,3.14,0.5,2.2,1.7,1.97,2,3.04,3.45,3.542
L1,L175,ACACET,2.3,,b,4.15265,0.5,2.2,1.7,1.97,2,3.04,3.45,19.5938
L1,L175,ACACET,2,,b,3.14,0.5,2.2,1.7,1.97,2,3.04,3.45,3.542
L1,L175,ACACET,2.9,M,M,6.60185,0.6,1.98,1.38,2.4,2,4.51,4.15,51.6974
L1,L175,ACACET,2.7,,b,5.72265,0.6,1.98,1.38,2.4,2,4.51,4.15,40.9962
L1,L175,ACACET,2.5,,b,4.90625,0.6,1.98,1.38,2.4,2,4.51,4.15,30.295
L1,L175,ACACET,2.3,,b,4.15265,0.6,1.98,1.38,2.4,2,4.51,4.15,19.5938
L1,L175,ACACET,9.8,M,M,75.3914,0.7,3.52,2.82,3.34,2,8.75,16.46,420.8888
L1,L175,ACACET,5.5,M,M,23.74625,0.87,2.49,1.62,2.84,2,6.25,6.75,190.813
L1,L175,ACACET,2.3,,b,4.15265,0.87,2.49,1.62,2.84,2,6.25,6.75,19.5938
L1,L175,ACACET,6.5,M,M,33.16625,0.5,3.18,2.68,3.33,2,8.7,15.55,244.319
L1,L175,ACACET,6.3,,b,31.15665,0.5,3.18,2.68,3.33,2,8.7,15.55,233.6178
L1,L175,ACACET,2.9,,b,6.60185,0.5,3.18,2.68,3.33,2,8.7,15.55,51.6974
L2,L220,ACACET,10.2,M,M,81.6714,0.88,5.12,4.24,5.19,3,21.08,59.61,442.2912
L2,L220,ACACET,9.9,,b,76.93785,0.88,5.12,4.24,5.19,3,21.08,59.61,426.2394
L2,L220,ACACET,8.3,,b,54.07865,0.88,5.12,4.24,5.19,3,21.08,59.61,340.6298
L2,L220,ACACET,6.4,,b,32.1536,0.88,5.12,4.24,5.19,3,21.08,59.61,238.9684
L2,L220,ACACET,7.4,,b,42.9866,0.88,5.12,4.24,5.19,3,21.08,59.61,292.4744
L2,L220,ACACET,14,M,M,153.86,0.93,3.41,2.48,5.05,3,18.79,31.13,645.614
L2,L220,ACACET,8.4,,b,55.3896,0.93,3.41,2.48,5.05,3,18.79,31.13,345.9804
L2,L220,ACACET,10.2,,b,81.6714,0.93,3.41,2.48,5.05,3,18.79,31.13,442.2912
L2,L221,ACACET,9.4,M,M,69.3626,1.14,2.9,1.76,3.28,3,8.42,9.85,399.4864
L2,L221,ACACET,5.4,,b,22.8906,1.14,2.9,1.76,3.28,3,8.42,9.85,185.4624
L2,L221,ACACET,7.3,,b,41.83265,1.14,2.9,1.76,3.28,3,8.42,9.85,287.1238
L2,L221,ACACET,9.4,M,M,69.3626,1.1,3.29,2.19,2.39,3,4.48,6.55,399.4864
L2,L221,ACACET,8.7,,b,59.41665,1.1,3.29,2.19,2.39,3,4.48,6.55,362.0322
L2,L221,ACACET,5.1,,b,20.41785,1.1,3.29,2.19,2.39,3,4.48,6.55,169.4106
L2,L221,ACACET,8.9,,b,62.17985,1.1,3.29,2.19,2.39,3,4.48,6.55,372.7334
L2,L221,ACACET,9.8,M,M,75.3914,3.69,5,1.31,3.84,3,11.17,9.76,420.8888
L2,L221,ACACET,6.1,,b,29.20985,3.69,5,1.31,3.84,3,11.17,9.76,222.9166
L2,L221,ACACET,14,M,M,153.86,3.48,5,1.52,3.47,3,9.38,9.53,645.614
L2,L221,ACACET,13.1,M,M,134.71385,1.22,4.3,3.08,3.29,3,8.45,17.35,597.4586
L2,L221,ACACET,10.3,,b,83.28065,1.22,4.3,3.08,3.29,3,8.45,17.35,447.6418
L2,L221,ACACET,7.7,,b,46.54265,1.22,4.3,3.08,3.29,3,8.45,17.35,308.5262
L2,L228,ACACET,3.5,M,M,9.61625,0.7,1.62,0.92,2.42,1,4.57,2.8,83.801
L2,L228,ACACET,2.5,,b,4.90625,0.7,1.62,0.92,2.42,1,4.57,2.8,30.295
L2,L228,ACACET,1.5,,b,1.76625,0.7,1.62,0.92,2.42,1,4.57,2.8,-23.211
L2,L228,ACACET,8,M,M,50.24,0.9,3.39,2.49,2.8,1,6.04,10.02,324.578
L2,L228,ACACET,7.4,,b,42.9866,0.9,3.39,2.49,2.8,1,6.04,10.02,292.4744
L2,L229,ACACET,8.3,M,M,54.07865,0.78,3.38,2.6,2.86,1,6.31,10.93,340.6298
L2,L229,ACACET,5.7,,b,25.50465,0.78,3.38,2.6,2.86,1,6.31,10.93,201.5142
L2,L229,ACACET,11.6,M,M,105.6296,0.93,3.56,2.63,3.13,1,7.67,13.44,517.1996
L2,L229,ACACET,3.2,M,M,8.0384,0.82,2.13,1.31,2.5,1,4.74,4.14,67.7492
L2,L229,ACACET,1.5,,b,1.76625,0.82,2.13,1.31,2.5,1,4.74,4.14,-23.211
L2,L229,ACACET,1.8,,b,2.5434,0.82,2.13,1.31,2.5,1,4.74,4.14,-7.1592
L2,L229,ACACET,2.7,M,M,5.72265,0.6,1.59,0.99,1.72,1,2.31,1.53,40.9962
L2,L229,ACACET,1.5,,b,1.76625,0.6,1.59,0.99,1.72,1,2.31,1.53,-23.211
L2,L229,ACACET,1.7,,b,2.26865,0.6,1.59,0.99,1.72,1,2.31,1.53,-12.5098
L2,L230,ACACET,8.3,M,M,54.07865,0.74,3.41,2.67,2.76,2,5.69,10.12,340.6298
L2,L230,ACACET,3.2,,b,8.0384,0.74,3.41,2.67,2.76,2,5.69,10.12,67.7492
L2,L230,ACACET,3.7,M,M,10.74665,0.5,2.38,1.88,2.11,2,3.47,4.35,94.5022
L2,L230,ACACET,5.5,M,M,23.74625,0.7,1.27,0.57,2.12,2,3.51,1.33,190.813
L2,L230,ACACET,3,,b,7.065,0.7,1.27,0.57,2.12,2,3.51,1.33,57.048
L2,L230,ACACET,4,,b,12.56,0.7,1.27,0.57,2.12,2,3.51,1.33,110.554
L2,L230,ACACET,6.3,M,M,31.15665,1.1,3.38,2.28,1.65,2,2.1,3.19,233.6178
L2,L231,ACACET,10.1,M,M,80.07785,0.7,3.84,3.14,3.49,2,9.5,19.88,436.9406
L2,L231,ACACET,4.7,,b,17.34065,0.7,3.84,3.14,3.49,2,9.5,19.88,148.0082
L2,L231,ACACET,11.3,M,M,100.23665,1.93,4.51,2.58,3.38,2,8.94,15.37,501.1478
L2,L231,ACACET,4.7,M,M,17.34065,1,2.9,1.9,2.08,2,3.38,4.29,148.0082
L2,L231,ACACET,5.8,M,M,26.4074,1.2,2.28,1.08,2.75,2,5.93,4.27,206.8648
L2,L231,ACACET,9.5,M,M,70.84625,1,3.88,2.88,2.5,2,4.84,9.28,404.837
L2,L231,ACACET,6.3,M,M,31.15665,0.5,2.09,1.59,1.93,2,2.83,3,233.6178
L2,L231,ACACET,3.2,,b,8.0384,0.5,2.09,1.59,1.93,2,2.83,3,67.7492
L2,L231,ACACET,8.7,M,M,59.41665,0.67,2.28,1.61,2.16,2,3.66,3.93,362.0322
L2,L231,ACACET,6.6,,b,34.1946,0.67,2.28,1.61,2.16,2,3.66,3.93,249.6696
L2,L231,ACACET,9.1,M,M,65.00585,0.7,3.46,2.76,2.68,2,5.61,10.33,383.4346
L2,L231,ACACET,11.5,M,M,103.81625,1,2.36,1.36,2.39,2,4.48,4.07,511.849
L2,L231,ACACET,9.5,M,M,70.84625,1,3.63,2.63,2.95,2,6.78,11.89,404.837
L2,L231,ACACET,8.3,M,M,54.07865,0.9,4.33,3.43,3.29,2,8.47,19.36,340.6298
L2,L231,ACACET,10.5,M,M,86.54625,0.6,4.64,4.04,3.69,2,10.68,28.76,458.343
L2,L231,ACACET,9.9,M,M,76.93785,1.22,2.92,1.7,2.43,2,4.58,5.19,426.2394
L2,L233,ACACET,3.5,M,M,9.61625,0.65,1.59,0.94,2.43,2,4.58,2.87,83.801
L2,L233,ACACET,1.5,,b,1.76625,0.65,1.59,0.94,2.43,2,4.58,2.87,-23.211
L2,L233,ACACET,2.3,,b,4.15265,0.65,1.59,0.94,2.43,2,4.58,2.87,19.5938
L2,L233,ACACET,5.4,M,M,22.8906,0.88,2.09,1.21,2.4,2,4.52,3.65,185.4624
L2,L233,ACACET,3.7,,b,10.74665,0.88,2.09,1.21,2.4,2,4.52,3.65,94.5022
L2,L233,ACACET,15.7,M,M,193.49465,0.6,3.71,3.11,4.1,2,13.14,27.24,736.5742
L2,L233,ACACET,4.1,,b,13.19585,0.6,3.71,3.11,4.1,2,13.14,27.24,115.9046
L2,L233,ACACET,6.2,,b,30.1754,0.6,3.71,3.11,4.1,2,13.14,27.24,228.2672
L2,L233,ACACET,7.8,M,M,47.7594,1.22,3.09,1.87,3.64,2,10.33,12.87,313.8768
L2,L233,ACACET,4.7,M,M,17.34065,1.21,3.51,2.3,3,2,7.02,10.77,148.0082
L2,L233,ACACET,3.5,,b,9.61625,1.21,3.51,2.3,3,2,7.02,10.77,83.801
L2,L233,ACACET,3.4,,b,9.0746,1.21,3.51,2.3,3,2,7.02,10.77,78.4504
L2,L233,ACACET,2.2,,b,3.7994,1.21,3.51,2.3,3,2,7.02,10.77,14.2432
L2,L233,ACACET,3.2,M,M,8.0384,0.3,1.85,1.55,2.05,2,3.29,3.4,67.7492
L2,L233,ACACET,2.1,,b,3.46185,0.3,1.85,1.55,2.05,2,3.29,3.4,8.8926
L2,L233,ACACET,2,,b,3.14,0.3,1.85,1.55,2.05,2,3.29,3.4,3.542
L2,L233,ACACET,7.7,M,M,46.54265,1.1,5.69,4.59,7.15,2,39.63,121.26,308.5262
L2,L233,ACACET,6.2,,b,30.1754,1.1,5.69,4.59,7.15,2,39.63,121.26,228.2672
L2,L233,ACACET,5.1,,b,20.41785,1.1,5.69,4.59,7.15,2,39.63,121.26,169.4106
L2,L233,ACACET,14,M,M,153.86,0.8,3.63,2.83,4.98,2,19.37,36.54,645.614
L2,L233,ACACET,9.2,,b,66.4424,0.8,3.63,2.83,4.98,2,19.37,36.54,388.7852
L2,L233,ACACET,11.3,,b,100.23665,0.8,3.63,2.83,4.98,2,19.37,36.54,501.1478
L2,L233,ACACET,3.2,,b,8.0384,0.8,3.63,2.83,4.98,2,19.37,36.54,67.7492
L2,L233,ACACET,10.2,M,M,81.6714,1,3.06,2.06,3.76,2,10.98,15.08,442.2912
L2,L233,ACACET,3.7,,b,10.74665,1,3.06,2.06,3.76,2,10.98,15.08,94.5022
L2,L233,ACACET,5.2,,b,21.2264,1,3.06,2.06,3.76,2,10.98,15.08,174.7612
L2,L233,ACACET,4.2,,b,13.8474,1,3.06,2.06,3.76,2,10.98,15.08,121.2552
L2,L233,ACACET,7.7,,b,46.54265,1,3.06,2.06,3.76,2,10.98,15.08,308.5262
L2,L233,ACACET,7.9,,b,48.99185,1,3.06,2.06,3.76,2,10.98,15.08,319.2274
L2,L233,ACACET,4.2,,b,13.8474,1,3.06,2.06,3.76,2,10.98,15.08,121.2552
L2,L233,ACACET,4.6,,b,16.6106,1,3.06,2.06,3.76,2,10.98,15.08,142.6576
L2,L233,ACACET,8.7,M,M,59.41665,0.8,4.06,3.26,4.51,2,15.84,34.41,362.0322
L2,L233,ACACET,5.6,,b,24.6176,0.8,4.06,3.26,4.51,2,15.84,34.41,196.1636
L2,L233,ACACET,8.4,,b,55.3896,0.8,4.06,3.26,4.51,2,15.84,34.41,345.9804
L2,L233,ACACET,7,M,M,38.465,1.2,3.38,2.18,3.82,2,11.36,16.51,271.072
L2,L233,ACACET,8.8,M,M,60.7904,0.64,2.48,1.84,2.41,2,4.54,5.57,367.3828
L2,L233,ACACET,4.3,,b,14.51465,0.64,2.48,1.84,2.41,2,4.54,5.57,126.6058
L2,L241,ACACET,6.3,M,M,31.15665,1.2,2.95,1.75,3.16,2,7.84,9.15,233.6178
L2,L241,ACACET,4.2,,b,13.8474,1.2,2.95,1.75,3.16,2,7.84,9.15,121.2552
L2,L241,ACACET,4.3,,b,14.51465,1.2,2.95,1.75,3.16,2,7.84,9.15,126.6058
L2,L241,ACACET,3.3,,b,8.54865,1.2,2.95,1.75,3.16,2,7.84,9.15,73.0998
L2,L246,ACACET,2.9,M,M,6.60185,0.7,1.64,0.94,1.73,2,2.33,1.46,51.6974
L2,L246,ACACET,2.7,,b,5.72265,0.7,1.64,0.94,1.73,2,2.33,1.46,40.9962
L2,L246,ACACET,2.5,,b,4.90625,0.7,1.64,0.94,1.73,2,2.33,1.46,30.295
L2,L247,ACACET,7.7,M,M,46.54265,1,2.14,1.14,2.22,2,3.84,2.92,308.5262
L2,L247,ACACET,2.3,M,M,4.15265,1,2.63,1.63,2.73,2,5.82,6.32,19.5938
L2,L247,ACACET,1.5,,b,1.76625,1,2.63,1.63,2.73,2,5.82,6.32,-23.211
L2,L247,ACACET,2,,b,3.14,1,2.63,1.63,2.73,2,5.82,6.32,3.542
L2,L247,ACACET,3.3,M,M,8.54865,0.3,1.22,0.92,1.44,2,1.62,0.99,73.0998
L2,L247,ACACET,2.4,,b,4.5216,0.3,1.22,0.92,1.44,2,1.62,0.99,24.9444
L2,L247,ACACET,5.7,M,M,25.50465,0.4,2.85,2.45,1.67,2,2.15,3.52,201.5142
L2,L247,ACACET,2.7,,b,5.72265,0.4,2.85,2.45,1.67,2,2.15,3.52,40.9962
L2,L247,ACACET,1.5,,b,1.76625,0.4,2.85,2.45,1.67,2,2.15,3.52,-23.211
L2,L247,ACACET,3,M,M,7.065,0.5,1.82,1.32,1.6,2,1.99,1.75,57.048
L2,L247,ACACET,2.3,,b,4.15265,0.5,1.82,1.32,1.6,2,1.99,1.75,19.5938
L2,L247,ACACET,2.5,,b,4.90625,0.5,1.82,1.32,1.6,2,1.99,1.75,30.295
L2,L247,ACACET,1.7,,b,2.26865,0.5,1.82,1.32,1.6,2,1.99,1.75,-12.5098
L2,L247,ACACET,2.8,M,M,6.1544,0.6,1.92,1.32,2.23,2,3.83,3.37,46.3468
L2,L247,ACACET,2,,b,3.14,0.6,1.92,1.32,2.23,2,3.83,3.37,3.542
L2,L247,ACACET,1.7,,b,2.26865,0.6,1.92,1.32,2.23,2,3.83,3.37,-12.5098
L2,L247,ACACET,6.6,M,M,34.1946,0.56,1.53,0.97,1.48,2,1.7,1.1,249.6696
L2,L247,ACACET,10.6,M,M,88.2026,0.8,2.03,1.23,1.94,2,2.94,2.41,463.6936
L2,L248,ACACET,3.3,M,M,8.54865,0.6,1.8,1.2,1.37,2,1.47,1.18,73.0998
L2,L248,ACACET,17.3,M,M,234.94265,0.76,2.72,1.96,2.63,2,5.42,7.09,822.1838
L2,L248,ACACET,4,,b,12.56,0.76,2.72,1.96,2.63,2,5.42,7.09,110.554
L2,L248,ACACET,3.4,M,M,9.0746,0.3,0.87,0.57,2.51,2,4.84,1.84,78.4504
L2,L248,ACACET,2.5,,b,4.90625,0.3,0.87,0.57,2.51,2,4.84,1.84,30.295
L2,L248,ACACET,1.5,,b,1.76625,0.3,0.87,0.57,2.51,2,4.84,1.84,-23.211
L2,L248,ACACET,2.4,,b,4.5216,0.3,0.87,0.57,2.51,2,4.84,1.84,24.9444
L2,L248,ACACET,2.3,,b,4.15265,0.3,0.87,0.57,2.51,2,4.84,1.84,19.5938
L2,L248,ACACET,1.7,,b,2.26865,0.3,0.87,0.57,2.51,2,4.84,1.84,-12.5098
L2,L248,ACACET,2,,b,3.14,0.3,0.87,0.57,2.51,2,4.84,1.84,3.542
L2,L248,ACACET,9.4,M,M,69.3626,0.5,2.44,1.94,2.59,2,5.17,6.69,399.4864
L2,L248,ACACET,3.6,M,M,10.1736,0.34,1.2,0.86,2.16,2,3.66,2.1,89.1516
L2,L248,ACACET,1.8,,b,2.5434,0.34,1.2,0.86,2.16,2,3.66,2.1,-7.1592
L2,L248,ACACET,3.4,M,M,9.0746,0.2,1.22,1.02,1.66,2,2.13,1.45,78.4504
L2,L248,ACACET,2.5,,b,4.90625,0.2,1.22,1.02,1.66,2,2.13,1.45,30.295
L2,L248,ACACET,1.7,,b,2.26865,0.2,1.22,1.02,1.66,2,2.13,1.45,-12.5098
L2,L248,ACACET,8.3,M,M,54.07865,0.8,2.85,2.05,2.52,2,4.98,6.81,340.6298
L2,L248,ACACET,3.7,M,M,10.74665,0.45,2.33,1.88,1.93,2,2.88,3.62,94.5022
L2,L248,ACACET,2.5,,b,4.90625,0.45,2.33,1.88,1.93,2,2.88,3.62,30.295
L2,L248,ACACET,1.6,,b,2.0096,0.45,2.33,1.88,1.93,2,2.88,3.62,-17.8604
L2,L248,ACACET,5.1,M,M,20.41785,0.5,1.94,1.44,2.88,2,6.47,6.21,169.4106
L2,L248,ACACET,3,,b,7.065,0.5,1.94,1.44,2.88,2,6.47,6.21,57.048
L2,L248,ACACET,2.5,,b,4.90625,0.5,1.94,1.44,2.88,2,6.47,6.21,30.295
L2,L248,ACACET,17.5,M,M,240.40625,1,3.49,2.49,5.05,2,20.01,33.21,832.885
L2,L248,ACACET,13.3,,b,138.85865,1,3.49,2.49,5.05,2,20.01,33.21,608.1598
L2,L248,ACACET,9.7,,b,73.86065,1,3.49,2.49,5.05,2,20.01,33.21,415.5382
L2,L248,ACACET,8.1,M,M,51.50385,0.8,2.18,1.38,1.67,2,2.18,2,329.9286
L2,L248,ACACET,1.9,,b,2.83385,0.8,2.18,1.38,1.67,2,2.18,2,-1.8086
L2,L249,ACACET,10.7,M,M,89.87465,1.15,3.11,1.96,2.8,2,5.96,7.79,469.0442
L2,L249,ACACET,4.9,M,M,18.84785,0.4,1.77,1.37,1.88,2,2.76,2.52,158.7094
L2,L249,ACACET,2.5,M,M,4.90625,0.2,1.22,1.02,1.93,2,2.8,1.9,30.295
L2,L249,ACACET,2.3,,b,4.15265,0.2,1.22,1.02,1.93,2,2.8,1.9,19.5938
L2,L249,ACACET,1.7,,b,2.26865,0.2,1.22,1.02,1.93,2,2.8,1.9,-12.5098
L2,L249,ACACET,11.3,M,M,100.23665,1,3.93,2.93,4.89,2,18.33,35.81,501.1478
L2,L249,ACACET,9.4,,b,69.3626,1,3.93,2.93,4.89,2,18.33,35.81,399.4864
L2,L251,ACACET,7.5,M,M,44.15625,0.8,3.42,2.62,2.94,2,6.77,11.83,297.825
L2,L251,ACACET,3.6,,b,10.1736,0.8,3.42,2.62,2.94,2,6.77,11.83,89.1516
L2,L251,ACACET,3.5,,b,9.61625,0.8,3.42,2.62,2.94,2,6.77,11.83,83.801
L2,L251,ACACET,4,,b,12.56,0.8,3.42,2.62,2.94,2,6.77,11.83,110.554
L2,L251,ACACET,2.5,M,M,4.90625,0.3,1.22,0.92,1.74,2,2.34,1.44,30.295
L2,L251,ACACET,1.7,,b,2.26865,0.3,1.22,0.92,1.74,2,2.34,1.44,-12.5098
L2,L251,ACACET,5.8,M,M,26.4074,1.17,3.02,1.85,2.62,2,5.37,6.62,206.8648
L2,L251,ACACET,3.1,M,M,7.54385,0.4,1.54,1.14,,2,NA,NA,62.3986
L2,L251,ACACET,2.5,,b,4.90625,0.4,1.54,1.14,NA,2,NA,NA,30.295
L2,L251,ACACET,1.5,,b,1.76625,0.4,1.54,1.14,NA,2,NA,NA,-23.211
L2,L251,ACACET,2.6,M,M,5.3066,0.3,1,0.7,,2,NA,NA,35.6456
L2,L251,ACACET,1.7,,b,2.26865,0.3,1,0.7,NA,2,NA,NA,-12.5098
L2,L251,ACACET,1.5,,b,1.76625,0.3,1,0.7,NA,2,NA,NA,-23.211
L2,L251,ACACET,6.4,M,M,32.1536,1,3.43,2.43,3.43,2,9.23,14.95,238.9684
L2,L251,ACACET,4.5,,b,15.89625,1,3.43,2.43,3.43,2,9.23,14.95,137.307
L2,L251,ACACET,4.1,,b,13.19585,1,3.43,2.43,3.43,2,9.23,14.95,115.9046
L2,L251,ACACET,3.9,,b,11.93985,1,3.43,2.43,3.43,2,9.23,14.95,105.2034
L2,L251,ACACET,4.7,,b,17.34065,1,3.43,2.43,3.43,2,9.23,14.95,148.0082
L2,L251,ACACET,3,,b,7.065,1,3.43,2.43,3.43,2,9.23,14.95,57.048
L2,L253,ACACET,9.4,M,M,69.3626,1.22,4.09,2.87,2.5,2,4.89,9.35,399.4864
L2,L254,ACACET,5.9,M,M,27.32585,0.5,2.61,2.11,3.27,2,8.39,11.8,212.2154
L2,L254,ACACET,5.6,,b,24.6176,0.5,2.61,2.11,3.27,2,8.39,11.8,196.1636
L2,L254,ACACET,4.4,,b,15.1976,0.5,2.61,2.11,3.27,2,8.39,11.8,131.9564
L2,L254,ACACET,4.7,,b,17.34065,0.5,2.61,2.11,3.27,2,8.39,11.8,148.0082
L2,L254,ACACET,10.6,M,M,88.2026,0.9,3.52,2.62,3.87,2,11.69,20.41,463.6936
L2,L254,ACACET,8.1,,b,51.50385,0.9,3.52,2.62,3.87,2,11.69,20.41,329.9286
L2,L254,ACACET,2.5,,b,4.90625,0.9,3.52,2.62,3.87,2,11.69,20.41,30.295
L2,L254,ACACET,7.4,M,M,42.9866,0.7,3.24,2.54,2.72,2,5.79,9.8,292.4744
L2,L254,ACACET,1.5,M,M,1.76625,0.3,1,0.7,1.64,2,1.97,0.92,-23.211
L2,L254,ACACET,1.5,,b,1.76625,0.3,1,0.7,1.64,2,1.97,0.92,-23.211
L2,L255,ACACET,7.5,M,M,44.15625,0.4,2.82,2.42,3.26,2,8.22,13.27,297.825
L2,L255,ACACET,5.1,,b,20.41785,0.4,2.82,2.42,3.26,2,8.22,13.27,169.4106
L2,L255,ACACET,5.5,,b,23.74625,0.4,2.82,2.42,3.26,2,8.22,13.27,190.813
L2,L255,ACACET,14.3,M,M,160.52465,0.79,2.58,1.79,3.16,2,7.53,8.98,661.6658
L2,L255,ACACET,7.6,M,M,45.3416,0.9,3.01,2.11,3.18,2,7.93,11.16,303.1756
L2,L255,ACACET,3.7,,b,10.74665,0.9,3.01,2.11,3.18,2,7.93,11.16,94.5022
L2,L255,ACACET,2.6,,b,5.3066,0.9,3.01,2.11,3.18,2,7.93,11.16,35.6456
L2,L255,ACACET,3.5,,b,9.61625,0.9,3.01,2.11,3.18,2,7.93,11.16,83.801
L2,L255,ACACET,7.8,M,M,47.7594,0.7,3.01,2.31,3,2,7.04,10.84,313.8768
L2,L255,ACACET,5.7,,b,25.50465,0.7,3.01,2.31,3,2,7.04,10.84,201.5142
L2,L256,ACACET,14.1,M,M,156.06585,0.4,3.66,3.26,4.09,2,12.64,27.47,650.9646
L2,L256,ACACET,7.7,,b,46.54265,0.4,3.66,3.26,4.09,2,12.64,27.47,308.5262
L2,L256,ACACET,8.1,,b,51.50385,0.4,3.66,3.26,4.09,2,12.64,27.47,329.9286
L2,L256,ACACET,11.1,,b,96.71985,0.4,3.66,3.26,4.09,2,12.64,27.47,490.4466
L2,L256,ACACET,12.1,M,M,114.93185,1.22,4.47,3.25,4.45,2,15.45,33.47,543.9526
L2,L256,ACACET,6.3,,b,31.15665,1.22,4.47,3.25,4.45,2,15.45,33.47,233.6178
L2,L256,ACACET,11.6,M,M,105.6296,0.9,3.78,2.88,2.77,2,6,11.52,517.1996
L2,L257,ACACET,10.1,M,M,80.07785,0.7,3.43,2.73,3,2,6.89,12.54,436.9406
L2,L257,ACACET,4.7,,b,17.34065,0.7,3.43,2.73,3,2,6.89,12.54,148.0082
L2,L257,ACACET,3.7,M,M,10.74665,0.4,1.5,1.1,2.13,2,3.56,2.61,94.5022
L2,L257,ACACET,3.5,,b,9.61625,0.4,1.5,1.1,2.13,2,3.56,2.61,83.801
L2,L257,ACACET,2.7,,b,5.72265,0.4,1.5,1.1,2.13,2,3.56,2.61,40.9962
L2,L257,ACACET,3.1,,b,7.54385,0.4,1.5,1.1,2.13,2,3.56,2.61,62.3986
L2,L258,ACACET,1.8,M,M,2.5434,0.6,1.22,0.62,1.2,2,1.1,0.45,-7.1592
L2,L258,ACACET,1.9,,b,2.83385,0.6,1.22,0.62,1.2,2,1.1,0.45,-1.8086
L2,L258,ACACET,1.5,,b,1.76625,0.6,1.22,0.62,1.2,2,1.1,0.45,-23.211
L2,L258,ACACET,1.2,,b,1.1304,0.6,1.22,0.62,1.2,2,1.1,0.45,-39.2628
L2,L259,ACACET,3.3,M,M,8.54865,0.3,1.53,1.23,1.93,2,2.91,2.38,73.0998
L2,L259,ACACET,1.5,,b,1.76625,0.3,1.53,1.23,1.93,2,2.91,2.38,-23.211
L2,L259,ACACET,3,,b,7.065,0.3,1.53,1.23,1.93,2,2.91,2.38,57.048
L2,L259,ACACET,2.6,,b,5.3066,0.3,1.53,1.23,1.93,2,2.91,2.38,35.6456
L2,L259,ACACET,1.7,,b,2.26865,0.3,1.53,1.23,1.93,2,2.91,2.38,-12.5098
L2,L259,ACACET,3.1,M,M,7.54385,0.73,1.74,1.01,2.05,2,3.2,2.16,62.3986
L2,L259,ACACET,2.7,,b,5.72265,0.73,1.74,1.01,2.05,2,3.2,2.16,40.9962
L2,L259,ACACET,2.7,,b,5.72265,0.73,1.74,1.01,2.05,2,3.2,2.16,40.9962
L2,L259,ACACET,4.4,M,M,15.1976,0.6,1.58,0.98,1.68,2,2.2,1.44,131.9564
L2,L259,ACACET,1.7,,b,2.26865,0.6,1.58,0.98,1.68,2,2.2,1.44,-12.5098
L2,L260,ACACET,4.9,M,M,18.84785,0.4,2.28,1.88,2.28,2,3.95,4.95,158.7094
L2,L260,ACACET,1.7,,b,2.26865,0.4,2.28,1.88,2.28,2,3.95,4.95,-12.5098
L2,L260,ACACET,1.3,,b,1.32665,0.4,2.28,1.88,2.28,2,3.95,4.95,-33.9122
L2,L261,ACACET,11.3,M,M,100.23665,1.2,3.73,2.53,4.88,2,18.48,31.17,501.1478
L2,L261,ACACET,8.4,,b,55.3896,1.2,3.73,2.53,4.88,2,18.48,31.17,345.9804
L2,L261,ACACET,11.4,M,M,102.0186,0.8,4.14,3.34,4.75,2,17.71,39.43,506.4984
L2,L261,ACACET,9.1,,b,65.00585,0.8,4.14,3.34,4.75,2,17.71,39.43,383.4346
L2,L261,ACACET,6.5,,b,33.16625,0.8,4.14,3.34,4.75,2,17.71,39.43,244.319
L2,L261,ACACET,4.5,,b,15.89625,0.8,4.14,3.34,4.75,2,17.71,39.43,137.307
L2,L261,ACACET,5.7,M,M,25.50465,0.9,2.33,1.43,2.56,2,5.07,4.84,201.5142
L2,L261,ACACET,2.7,,b,5.72265,0.9,2.33,1.43,2.56,2,5.07,4.84,40.9962
L2,L262,ACACET,3.7,M,M,10.74665,0.3,1.67,1.37,2.09,2,3.4,3.1,94.5022
L2,L262,ACACET,2.7,,b,5.72265,0.3,1.67,1.37,2.09,2,3.4,3.1,40.9962
L2,L262,ACACET,2.5,,b,4.90625,0.3,1.67,1.37,2.09,2,3.4,3.1,30.295
L2,L262,ACACET,1.7,,b,2.26865,0.3,1.67,1.37,2.09,2,3.4,3.1,-12.5098
L2,L262,ACACET,1.7,M,M,2.26865,0.24,0.7,0.46,1.4,2,1.51,0.46,-12.5098
L2,L262,ACACET,1.5,,b,1.76625,0.24,0.7,0.46,1.4,2,1.51,0.46,-23.211
L2,L262,ACACET,1.8,M,M,2.5434,0.4,1.1,0.7,1.38,2,1.48,0.69,-7.1592
L2,L262,ACACET,1.5,,b,1.76625,0.4,1.1,0.7,1.38,2,1.48,0.69,-23.211
L2,L262,ACACET,2.5,M,M,4.90625,0.3,1.22,0.92,1.87,2,2.56,1.57,30.295
L2,L262,ACACET,1.5,,b,1.76625,0.3,1.22,0.92,1.87,2,2.56,1.57,-23.211
L2,L262,ACACET,4.5,M,M,15.89625,0.7,2.14,1.44,2.33,2,4.24,4.07,137.307
L2,L262,ACACET,3.5,,b,9.61625,0.7,2.14,1.44,2.33,2,4.24,4.07,83.801
L2,L262,ACACET,3.5,M,M,9.61625,1.6,1.66,0.06,2.26,2,4,0.16,83.801
L2,L262,ACACET,2.5,,b,4.90625,1.6,1.66,0.06,2.26,2,4,0.16,30.295
L2,L262,ACACET,1.7,,b,2.26865,1.6,1.66,0.06,2.26,2,4,0.16,-12.5098
L2,L262,ACACET,2.7,M,M,5.72265,0.3,1.93,1.63,1.61,2,2.02,2.2,40.9962
L2,L262,ACACET,1.7,,b,2.26865,0.3,1.93,1.63,1.61,2,2.02,2.2,-12.5098
L2,L262,ACACET,1.5,,b,1.76625,0.3,1.93,1.63,1.61,2,2.02,2.2,-23.211
L2,L262,ACACET,7.4,M,M,42.9866,0.9,2.71,1.81,2.47,2,4.77,5.75,292.4744
L2,L262,ACACET,6.3,,b,31.15665,0.9,2.71,1.81,2.47,2,4.77,5.75,233.6178
L2,L263,ACACET,2.4,M,M,4.5216,0.2,1.53,1.33,1.95,2,2.98,2.64,24.9444
L2,L263,ACACET,1.7,,b,2.26865,0.2,1.53,1.33,1.95,2,2.98,2.64,-12.5098
L2,L265,ACACET,5.1,M,M,20.41785,0.4,1,0.6,2.1,2,3.34,1.33,169.4106
L2,L265,ACACET,3.5,,b,9.61625,0.4,1,0.6,2.1,2,3.34,1.33,83.801
L2,L265,ACACET,3.6,,b,10.1736,0.4,1,0.6,2.1,2,3.34,1.33,89.1516
L2,L265,ACACET,9.1,M,M,65.00585,1.1,2.77,1.67,2.75,2,5.93,6.61,383.4346
L2,L265,ACACET,6.7,M,M,35.23865,0.5,2.83,2.33,2.95,2,6.59,10.24,255.0202
L2,L265,ACACET,3.5,,b,9.61625,0.5,2.83,2.33,2.95,2,6.59,10.24,83.801
L2,L265,ACACET,2.7,,b,5.72265,0.5,2.83,2.33,2.95,2,6.59,10.24,40.9962
L2,L265,ACACET,1.5,,b,1.76625,0.5,2.83,2.33,2.95,2,6.59,10.24,-23.211
L2,L265,ACACET,2.5,,b,4.90625,0.5,2.83,2.33,2.95,2,6.59,10.24,30.295
L2,L265,ACACET,3.1,,b,7.54385,0.5,2.83,2.33,2.95,2,6.59,10.24,62.3986
L2,L265,ACACET,3.4,M,M,9.0746,0.5,1.56,1.06,2.5,2,4.87,3.44,78.4504
L2,L265,ACACET,2.7,,b,5.72265,0.5,1.56,1.06,2.5,2,4.87,3.44,40.9962
L2,L265,ACACET,3.2,,b,8.0384,0.5,1.56,1.06,2.5,2,4.87,3.44,67.7492
L2,L265,ACACET,1.5,,b,1.76625,0.5,1.56,1.06,2.5,2,4.87,3.44,-23.211
L2,L265,ACACET,1.2,,b,1.1304,0.5,1.56,1.06,2.5,2,4.87,3.44,-39.2628
L2,L265,ACACET,2.1,,b,3.46185,0.5,1.56,1.06,2.5,2,4.87,3.44,8.8926
L2,L266,ACACET,7.1,M,M,39.57185,0.5,2.43,1.93,2.5,2,4.89,6.29,276.4226
L2,L266,ACACET,3.6,M,M,10.1736,0.4,1.78,1.38,1.55,2,1.87,1.72,89.1516
L2,L266,ACACET,2.9,,b,6.60185,0.4,1.78,1.38,1.55,2,1.87,1.72,51.6974
L2,L266,ACACET,1.7,,b,2.26865,0.4,1.78,1.38,1.55,2,1.87,1.72,-12.5098
L2,L266,ACACET,3.6,M,M,10.1736,0.3,1.28,0.98,1.8,2,2.42,1.58,89.1516
L2,L266,ACACET,3.4,,b,9.0746,0.3,1.28,0.98,1.8,2,2.42,1.58,78.4504
L2,L266,ACACET,2.7,,b,5.72265,0.3,1.28,0.98,1.8,2,2.42,1.58,40.9962
L2,L267,ACACET,9.4,M,M,69.3626,1,3.95,2.95,5.45,2,23.3,45.82,399.4864
L2,L267,ACACET,5.4,,b,22.8906,1,3.95,2.95,5.45,2,23.3,45.82,185.4624
L2,L267,ACACET,8.5,,b,56.71625,1,3.95,2.95,5.45,2,23.3,45.82,351.331
L2,L267,ACACET,6.7,,b,35.23865,1,3.95,2.95,5.45,2,23.3,45.82,255.0202
L3,L314,ACACET,2.7,M,M,5.72265,0.4,0.75,0.35,1.48,1,1.7,0.4,40.9962
L3,L314,ACACET,1.5,,b,1.76625,0.4,0.75,0.35,1.48,1,1.7,0.4,-23.211
L3,L314,ACACET,2.3,,b,4.15265,0.4,0.75,0.35,1.48,1,1.7,0.4,19.5938
L3,L314,ACACET,1.5,,b,1.76625,0.4,0.75,0.35,1.48,1,1.7,0.4,-23.211
L3,L314,ACACET,1.8,,b,2.5434,0.4,0.75,0.35,1.48,1,1.7,0.4,-7.1592
L3,L314,ACACET,2.3,,b,4.15265,0.4,0.75,0.35,1.48,1,1.7,0.4,19.5938
L3,L314,ACACET,2.1,,b,3.46185,0.4,0.75,0.35,1.48,1,1.7,0.4,8.8926
L3,L314,ACACET,15.6,M,M,191.0376,1.1,3.07,1.97,3.53,1,9.69,12.73,731.2236
L3,L314,ACACET,13.3,,b,138.85865,1.1,3.07,1.97,3.53,1,9.69,12.73,608.1598
L3,L314,ACACET,6.5,,b,33.16625,1.1,3.07,1.97,3.53,1,9.69,12.73,244.319
L3,L315,ACACET,13.6,M,M,145.1936,1.55,3.33,1.78,4.66,2,16.45,19.52,624.2116
L3,L316,ACACET,12.1,M,M,114.93185,0.8,3.28,2.48,3,1,7.06,11.67,543.9526
L3,L316,ACACET,11.7,M,M,107.45865,1.22,3.54,2.32,4.3,1,14.5,22.42,522.5502
L3,L316,ACACET,12.4,M,M,120.7016,1.1,2.85,1.75,1.63,1,2.07,2.42,560.0044
L3,L317,ACACET,7.8,M,M,47.7594,1.21,3.51,2.3,2.5,1,4.86,7.45,313.8768
L3,L317,ACACET,6.5,,b,33.16625,1.21,3.51,2.3,2.5,1,4.86,7.45,244.319
L3,L317,ACACET,3.5,,b,9.61625,1.21,3.51,2.3,2.5,1,4.86,7.45,83.801
L3,L317,ACACET,2.5,,b,4.90625,1.21,3.51,2.3,2.5,1,4.86,7.45,30.295
L3,L317,ACACET,3.1,,b,7.54385,1.21,3.51,2.3,2.5,1,4.86,7.45,62.3986
L3,L317,ACACET,2.7,,b,5.72265,1.21,3.51,2.3,2.5,1,4.86,7.45,40.9962
L3,L317,ACACET,8.5,M,M,56.71625,1.1,3.93,2.83,3.38,1,8.94,16.86,351.331
L3,L317,ACACET,3.7,,b,10.74665,1.1,3.93,2.83,3.38,1,8.94,16.86,94.5022
L3,L317,ACACET,2.6,,b,5.3066,1.1,3.93,2.83,3.38,1,8.94,16.86,35.6456
L3,L317,ACACET,3.9,,b,11.93985,1.1,3.93,2.83,3.38,1,8.94,16.86,105.2034
L3,L317,ACACET,6.5,M,M,33.16625,0.9,3.49,2.59,3.4,1,9,15.55,244.319
L3,L317,ACACET,3,,b,7.065,0.9,3.49,2.59,3.4,1,9,15.55,57.048
L3,L317,ACACET,3.3,,b,8.54865,0.9,3.49,2.59,3.4,1,9,15.55,73.0998
L3,L319,ACACET,9.2,M,M,66.4424,0.57,3.44,2.87,3.03,1,7.18,13.74,388.7852
L3,L319,ACACET,7,,b,38.465,0.57,3.44,2.87,3.03,1,7.18,13.74,271.072
L3,L319,ACACET,3.5,,b,9.61625,0.57,3.44,2.87,3.03,1,7.18,13.74,83.801
L3,L320,ACACET,8.1,M,M,51.50385,0.7,2.47,1.77,2.23,1,3.8,4.49,329.9286
L3,L320,ACACET,4.3,M,M,14.51465,0.6,2.13,1.53,1.98,1,3.05,3.11,126.6058
L3,L320,ACACET,2.8,,b,6.1544,0.6,2.13,1.53,1.98,1,3.05,3.11,46.3468
L3,L320,ACACET,6.3,M,M,31.15665,0.7,3.3,2.6,2.33,1,4.22,7.31,233.6178
L3,L320,ACACET,4.5,,b,15.89625,0.7,3.3,2.6,2.33,1,4.22,7.31,137.307
L3,L320,ACACET,4,,b,12.56,0.7,3.3,2.6,2.33,1,4.22,7.31,110.554
L3,L320,ACACET,6.1,,b,29.20985,0.7,3.3,2.6,2.33,1,4.22,7.31,222.9166
L3,L320,ACACET,4.6,,b,16.6106,0.7,3.3,2.6,2.33,1,4.22,7.31,142.6576
L3,L320,ACACET,2.8,,b,6.1544,0.7,3.3,2.6,2.33,1,4.22,7.31,46.3468
L3,L321,ACACET,6.3,M,M,31.15665,0.5,2.18,1.68,1.7,1,2.24,2.51,233.6178
L3,L321,ACACET,3.1,,b,7.54385,0.5,2.18,1.68,1.7,1,2.24,2.51,62.3986
L3,L321,ACACET,10.5,M,M,86.54625,0.9,0.98,0.08,3.71,1,10.77,0.57,458.343
L3,L321,ACACET,6.5,,b,33.16625,0.9,0.98,0.08,3.71,1,10.77,0.57,244.319
L3,L321,ACACET,6.5,,b,33.16625,0.9,0.98,0.08,3.71,1,10.77,0.57,244.319
L3,L321,ACACET,15.7,M,M,193.49465,0.8,3.32,2.52,3.36,1,8.86,14.89,736.5742
L3,L321,ACACET,5.7,,b,25.50465,0.8,3.32,2.52,3.36,1,8.86,14.89,201.5142
L3,L321,ACACET,11.5,M,M,103.81625,0.8,2.48,1.68,3.23,1,7.79,8.72,511.849
L3,L321,ACACET,9.5,,b,70.84625,0.8,2.48,1.68,3.23,1,7.79,8.72,404.837
L3,L321,ACACET,6.3,,b,31.15665,0.8,2.48,1.68,3.23,1,7.79,8.72,233.6178
L3,L321,ACACET,3.7,M,M,10.74665,0.7,3.54,2.84,3.39,1,8.98,17,94.5022
L3,L321,ACACET,6.1,M,M,29.20985,0.6,2.24,1.64,3.69,1,10.66,11.65,222.9166
L3,L322,ACACET,13.5,M,M,143.06625,0.7,3.13,2.43,3.98,1,12.38,20.05,618.861
L3,L322,ACACET,3.6,,b,10.1736,0.7,3.13,2.43,3.98,1,12.38,20.05,89.1516
L3,L322,ACACET,7.8,,b,47.7594,0.7,3.13,2.43,3.98,1,12.38,20.05,313.8768
L3,L322,ACACET,8.6,M,M,58.0586,0.5,3.16,2.66,3.67,1,10.45,18.53,356.6816
L3,L322,ACACET,5.6,,b,24.6176,0.5,3.16,2.66,3.67,1,10.45,18.53,196.1636
L3,L322,ACACET,7.5,M,M,44.15625,1.15,3.67,2.52,4.1,1,13.07,21.96,297.825
L3,L322,ACACET,2.5,,b,4.90625,1.15,3.67,2.52,4.1,1,13.07,21.96,30.295
L3,L322,ACACET,5,,b,19.625,1.15,3.67,2.52,4.1,1,13.07,21.96,164.06
L3,L322,ACACET,4.6,,b,16.6106,1.15,3.67,2.52,4.1,1,13.07,21.96,142.6576
L3,L322,ACACET,8.4,M,M,55.3896,0.84,3.05,2.21,3.06,1,7.25,10.69,345.9804
L3,L322,ACACET,5.5,,b,23.74625,0.84,3.05,2.21,3.06,1,7.25,10.69,190.813
L3,L322,ACACET,6.5,,b,33.16625,0.84,3.05,2.21,3.06,1,7.25,10.69,244.319
L3,L322,ACACET,4.5,,b,15.89625,0.84,3.05,2.21,3.06,1,7.25,10.69,137.307
L3,L322,ACACET,5.5,,b,23.74625,0.84,3.05,2.21,3.06,1,7.25,10.69,190.813
L3,L322,ACACET,5,,b,19.625,0.84,3.05,2.21,3.06,1,7.25,10.69,164.06
L3,L323,ACACET,10.7,M,M,89.87465,1.1,3.54,2.44,3.53,1,9.45,15.37,469.0442
L3,L323,ACACET,3.1,,b,7.54385,1.1,3.54,2.44,3.53,1,9.45,15.37,62.3986
L3,L323,ACACET,7.1,,b,39.57185,1.1,3.54,2.44,3.53,1,9.45,15.37,276.4226
L3,L323,ACACET,10,M,M,78.5,0.6,3.49,2.89,2.88,1,6.48,12.49,431.59
L3,L323,ACACET,3.4,,b,9.0746,0.6,3.49,2.89,2.88,1,6.48,12.49,78.4504
L3,L323,ACACET,4.4,,b,15.1976,0.6,3.49,2.89,2.88,1,6.48,12.49,131.9564
L3,L324,ACACET,6.5,M,M,33.16625,0.4,2.43,2.03,2.15,1,3.58,4.84,244.319
L3,L324,ACACET,5.5,,b,23.74625,0.4,2.43,2.03,2.15,1,3.58,4.84,190.813
L3,L325,ACACET,13.2,M,M,136.7784,2.57,9,6.43,2.58,1,5.18,22.21,602.8092
L3,L325,ACACET,10.1,,b,80.07785,2.57,9,6.43,2.58,1,5.18,22.21,436.9406
L3,L325,ACACET,10.4,M,M,84.9056,0.5,3.68,3.18,5.43,1,23.09,48.95,452.9924
L3,L325,ACACET,8.7,,b,59.41665,0.5,3.68,3.18,5.43,1,23.09,48.95,362.0322
L3,L325,ACACET,8.4,,b,55.3896,0.5,3.68,3.18,5.43,1,23.09,48.95,345.9804
L3,L325,ACACET,7.1,M,M,39.57185,0.7,3.21,2.51,3.1,1,7.47,12.51,276.4226
L3,L325,ACACET,3.4,,b,9.0746,0.7,3.21,2.51,3.1,1,7.47,12.51,78.4504
L3,L325,ACACET,6,,b,28.26,0.7,3.21,2.51,3.1,1,7.47,12.51,217.566
L3,L325,ACACET,9.4,,b,69.3626,0.7,3.21,2.51,3.1,1,7.47,12.51,399.4864
L3,L325,ACACET,8.3,M,M,54.07865,0.7,3.34,2.64,2.5,1,4.84,8.51,340.6298
L3,L325,ACACET,6.6,,b,34.1946,0.7,3.34,2.64,2.5,1,4.84,8.51,249.6696
L3,L325,ACACET,10.7,M,M,89.87465,0.88,2.67,1.79,2.43,1,4.53,5.41,469.0442
L3,L325,ACACET,4.3,,b,14.51465,0.88,2.67,1.79,2.43,1,4.53,5.41,126.6058
L3,L325,ACACET,2,,b,3.14,0.88,2.67,1.79,2.43,1,4.53,5.41,3.542
L3,L325,ACACET,6.2,M,M,30.1754,0.8,3.13,2.33,3.2,1,7.99,12.41,228.2672
L3,L325,ACACET,6.1,,b,29.20985,0.8,3.13,2.33,3.2,1,7.99,12.41,222.9166
L3,L325,ACACET,9.5,M,M,70.84625,0.6,2.67,2.07,3.48,1,9.47,13.06,404.837
L3,L325,ACACET,8.5,,b,56.71625,0.6,2.67,2.07,3.48,1,9.47,13.06,351.331
L3,L325,ACACET,12.5,M,M,122.65625,1.05,3.11,2.06,2.58,1,5.15,7.07,565.355
L3,L325,ACACET,9.5,,b,70.84625,1.05,3.11,2.06,2.58,1,5.15,7.07,404.837
L3,L325,ACACET,10.2,M,M,81.6714,0.8,3.51,2.71,3.48,1,9.47,17.1,442.2912
L3,L325,ACACET,5,,b,19.625,0.8,3.51,2.71,3.48,1,9.47,17.1,164.06
L3,L326,ACACET,30.6,M,M,735.0426,0.9,2.75,1.85,4.5,1,15.45,19.06,1533.8136
L3,L326,ACACET,11.7,M,M,107.45865,3.51,11,7.49,2.75,1,5.92,29.56,522.5502
L3,L326,ACACET,7.5,,b,44.15625,3.51,11,7.49,2.75,1,5.92,29.56,297.825
L3,L326,ACACET,9.5,M,M,70.84625,0.7,3.48,2.78,2.65,1,5.44,10.09,404.837
L3,L326,ACACET,2.7,,b,5.72265,0.7,3.48,2.78,2.65,1,5.44,10.09,40.9962
L3,L326,ACACET,3,,b,7.065,0.7,3.48,2.78,2.65,1,5.44,10.09,57.048
L3,L326,ACACET,11.5,M,M,103.81625,0.8,3.71,2.91,3.18,1,7.83,15.19,511.849
L3,L326,ACACET,10.9,,b,93.26585,0.8,3.71,2.91,3.18,1,7.83,15.19,479.7454
L3,L326,ACACET,19.7,M,M,304.65065,0.9,3.86,2.96,3.25,1,8.29,16.36,950.5982
L3,L326,ACACET,15.5,M,M,188.59625,0.63,0.7,0.07,3.03,1,7.04,0.33,725.873
L3,L326,ACACET,7.7,,b,46.54265,0.63,0.7,0.07,3.03,1,7.04,0.33,308.5262
L3,L326,ACACET,11.6,,b,105.6296,0.63,0.7,0.07,3.03,1,7.04,0.33,517.1996
L3,L326,ACACET,23.7,M,M,440.92665,0.65,3.99,3.34,4.05,1,12.86,28.63,1164.6222
L3,L326,ACACET,17.7,,b,245.93265,0.65,3.99,3.34,4.05,1,12.86,28.63,843.5862
L3,L327,ACACET,5.7,M,M,25.50465,0.55,2.68,2.13,2.98,1,6.73,9.56,201.5142
L3,L327,ACACET,5.3,,b,22.05065,0.55,2.68,2.13,2.98,1,6.73,9.56,180.1118
L3,L327,ACACET,6.5,M,M,33.16625,0.4,2.31,1.91,2.68,1,5.62,7.15,244.319
L3,L327,ACACET,2.6,,b,5.3066,0.4,2.31,1.91,2.68,1,5.62,7.15,35.6456
L3,L327,ACACET,7.9,M,M,48.99185,0.7,2.75,2.05,2.78,1,6.02,8.23,319.2274
L3,L327,ACACET,3.7,,b,10.74665,0.7,2.75,2.05,2.78,1,6.02,8.23,94.5022
L3,L327,ACACET,2.6,,b,5.3066,0.7,2.75,2.05,2.78,1,6.02,8.23,35.6456
L3,L327,ACACET,2.5,M,M,4.90625,0.3,2.02,1.72,3.18,1,7.85,9.01,30.295
L3,L327,ACACET,1.9,,b,2.83385,0.3,2.02,1.72,3.18,1,7.85,9.01,-1.8086
L3,L327,ACACET,1.8,,b,2.5434,0.3,2.02,1.72,3.18,1,7.85,9.01,-7.1592
L3,L328,ACACET,6.5,M,M,33.16625,0.6,2.48,1.88,2.03,1,3.14,3.93,244.319
L3,L328,ACACET,3.2,,b,8.0384,0.6,2.48,1.88,2.03,1,3.14,3.93,67.7492
L3,L328,ACACET,4.6,,b,16.6106,0.6,2.48,1.88,2.03,1,3.14,3.93,142.6576
L3,L329,ACACET,2.5,M,M,4.90625,0.78,1.86,1.08,1.43,1,1.59,1.15,30.295
L3,L329,ACACET,1.7,,b,2.26865,0.78,1.86,1.08,1.43,1,1.59,1.15,-12.5098
L3,L330,ACACET,12.7,M,M,126.61265,1,3.42,2.42,3.15,1,7.79,12.56,576.0562
L3,L330,ACACET,10.7,,b,89.87465,1,3.42,2.42,3.15,1,7.79,12.56,469.0442
L3,L330,ACACET,10.1,,b,80.07785,1,3.42,2.42,3.15,1,7.79,12.56,436.9406
L3,L332,ACACET,13.7,M,M,147.33665,0.27,3.9,3.63,3.81,1,11.26,27.26,629.5622
L3,L332,ACACET,10.3,,b,83.28065,0.27,3.9,3.63,3.81,1,11.26,27.26,447.6418
L3,L332,ACACET,5.3,,b,22.05065,0.27,3.9,3.63,3.81,1,11.26,27.26,180.1118
L3,L332,ACACET,7.7,,b,46.54265,0.27,3.9,3.63,3.81,1,11.26,27.26,308.5262
L3,L332,ACACET,2.7,M,M,5.72265,0.7,1.51,0.81,1.15,1,1.02,0.55,40.9962
L3,L332,ACACET,2.3,,b,4.15265,0.7,1.51,0.81,1.15,1,1.02,0.55,19.5938
L3,L332,ACACET,1.7,,b,2.26865,0.7,1.51,0.81,1.15,1,1.02,0.55,-12.5098
L3,L333,ACACET,7.1,M,M,39.57185,0.7,3.94,3.24,3.36,1,8.83,19.08,276.4226
L3,L333,ACACET,5.3,,b,22.05065,0.7,3.94,3.24,3.36,1,8.83,19.08,180.1118
L3,L333,ACACET,3.5,,b,9.61625,0.7,3.94,3.24,3.36,1,8.83,19.08,83.801
L3,L334,ACACET,6.7,M,M,35.23865,0.5,3.11,2.61,2.6,1,5.24,9.11,255.0202
L3,L334,ACACET,4.7,,b,17.34065,0.5,3.11,2.61,2.6,1,5.24,9.11,148.0082
L3,L334,ACACET,3.5,,b,9.61625,0.5,3.11,2.61,2.6,1,5.24,9.11,83.801
L3,L334,ACACET,4.4,,b,15.1976,0.5,3.11,2.61,2.6,1,5.24,9.11,131.9564
L3,L334,ACACET,2.5,,b,4.90625,0.5,3.11,2.61,2.6,1,5.24,9.11,30.295
L3,L335,ACACET,8.6,M,M,58.0586,0.5,3.2,2.7,3.91,1,12,21.6,356.6816
L3,L335,ACACET,8.2,,b,52.7834,0.5,3.2,2.7,3.91,1,12,21.6,335.2792
L3,L335,ACACET,3.5,,b,9.61625,0.5,3.2,2.7,3.91,1,12,21.6,83.801
L3,L335,ACACET,7.9,,b,48.99185,0.5,3.2,2.7,3.91,1,12,21.6,319.2274
L3,L335,ACACET,7.4,M,M,42.9866,1.22,3.5,2.28,2.72,1,5.6,8.51,292.4744
L3,L335,ACACET,7,,b,38.465,1.22,3.5,2.28,2.72,1,5.6,8.51,271.072
L3,L335,ACACET,2.5,,b,4.90625,1.22,3.5,2.28,2.72,1,5.6,8.51,30.295
L3,L335,ACACET,3.5,,b,9.61625,1.22,3.5,2.28,2.72,1,5.6,8.51,83.801
L3,L336,ACACET,3.5,M,M,9.61625,0.6,1.22,0.62,1.51,1,1.78,0.74,83.801
L3,L336,ACACET,3.2,,b,8.0384,0.6,1.22,0.62,1.51,1,1.78,0.74,67.7492
L3,L336,ACACET,2.8,,b,6.1544,0.6,1.22,0.62,1.51,1,1.78,0.74,46.3468
L3,L336,ACACET,2.5,,b,4.90625,0.6,1.22,0.62,1.51,1,1.78,0.74,30.295
L3,L336,ACACET,1.9,,b,2.83385,0.6,1.22,0.62,1.51,1,1.78,0.74,-1.8086
L3,L336,ACACET,2.8,M,M,6.1544,0.34,1.22,0.88,1.82,1,2.56,1.5,46.3468
L3,L336,ACACET,2.5,,b,4.90625,0.34,1.22,0.88,1.82,1,2.56,1.5,30.295
L3,L336,ACACET,2.2,,b,3.7994,0.34,1.22,0.88,1.82,1,2.56,1.5,14.2432
L3,L336,ACACET,1.9,,b,2.83385,0.34,1.22,0.88,1.82,1,2.56,1.5,-1.8086
L3,L336,ACACET,2,,b,3.14,0.34,1.22,0.88,1.82,1,2.56,1.5,3.542
L3,L336,ACACET,1.5,,b,1.76625,0.34,1.22,0.88,1.82,1,2.56,1.5,-23.211
L3,L336,ACACET,4.7,M,M,17.34065,0.57,2.24,1.67,2.77,1,5.82,6.48,148.0082
L3,L336,ACACET,2.3,,b,4.15265,0.57,2.24,1.67,2.77,1,5.82,6.48,19.5938
L3,L336,ACACET,2.2,,b,3.7994,0.57,2.24,1.67,2.77,1,5.82,6.48,14.2432
L3,L336,ACACET,3,,b,7.065,0.57,2.24,1.67,2.77,1,5.82,6.48,57.048
L3,L336,ACACET,4.2,,b,13.8474,0.57,2.24,1.67,2.77,1,5.82,6.48,121.2552
L3,L336,ACACET,4,,b,12.56,0.57,2.24,1.67,2.77,1,5.82,6.48,110.554
L3,L337,ACACET,6.4,M,M,32.1536,0.5,2.04,1.54,2.45,1,4.71,4.84,238.9684
L3,L337,ACACET,5.4,,b,22.8906,0.5,2.04,1.54,2.45,1,4.71,4.84,185.4624
L3,L337,ACACET,6.1,,b,29.20985,0.5,2.04,1.54,2.45,1,4.71,4.84,222.9166
L3,L337,ACACET,3.4,,b,9.0746,0.5,2.04,1.54,2.45,1,4.71,4.84,78.4504
L3,L337,ACACET,4.4,,b,15.1976,0.5,2.04,1.54,2.45,1,4.71,4.84,131.9564
L3,L337,ACACET,2.6,,b,5.3066,0.5,2.04,1.54,2.45,1,4.71,4.84,35.6456
L3,L337,ACACET,5.2,,b,21.2264,0.5,2.04,1.54,2.45,1,4.71,4.84,174.7612
L3,L337,ACACET,4.1,,b,13.19585,0.5,2.04,1.54,2.45,1,4.71,4.84,115.9046
L3,L337,ACACET,2.5,M,M,4.90625,0.54,1.22,0.68,1.63,1,2.03,0.92,30.295
L3,L337,ACACET,1.7,,b,2.26865,0.54,1.22,0.68,1.63,1,2.03,0.92,-12.5098
L3,L337,ACACET,2,,b,3.14,0.54,1.22,0.68,1.63,1,2.03,0.92,3.542
L3,L337,ACACET,1.5,,b,1.76625,0.54,1.22,0.68,1.63,1,2.03,0.92,-23.211
L3,L337,ACACET,2.2,,b,3.7994,0.54,1.22,0.68,1.63,1,2.03,0.92,14.2432
L3,L337,ACACET,3.7,M,M,10.74665,0.68,1.22,0.54,2.21,1,3.66,1.32,94.5022
L3,L337,ACACET,2.6,,b,5.3066,0.68,1.22,0.54,2.21,1,3.66,1.32,35.6456
L3,L337,ACACET,2.3,,b,4.15265,0.68,1.22,0.54,2.21,1,3.66,1.32,19.5938
L3,L337,ACACET,2,,b,3.14,0.68,1.22,0.54,2.21,1,3.66,1.32,3.542
L3,L337,ACACET,2.1,,b,3.46185,0.68,1.22,0.54,2.21,1,3.66,1.32,8.8926
L3,L337,ACACET,4,M,M,12.56,0.54,1.05,0.51,2.22,1,3.69,1.25,110.554
L3,L337,ACACET,2.5,,b,4.90625,0.54,1.05,0.51,2.22,1,3.69,1.25,30.295
L3,L337,ACACET,2.7,,b,5.72265,0.54,1.05,0.51,2.22,1,3.69,1.25,40.9962
L3,L337,ACACET,3.1,,b,7.54385,0.54,1.05,0.51,2.22,1,3.69,1.25,62.3986
L3,L337,ACACET,1.9,,b,2.83385,0.54,1.05,0.51,2.22,1,3.69,1.25,-1.8086
L3,L338,ACACET,8.4,M,M,55.3896,0.9,3.35,2.45,4.2,1,13.78,22.51,345.9804
L3,L338,ACACET,4.5,,b,15.89625,0.9,3.35,2.45,4.2,1,13.78,22.51,137.307
L3,L338,ACACET,5.2,,b,21.2264,0.9,3.35,2.45,4.2,1,13.78,22.51,174.7612
L3,L338,ACACET,2.5,,b,4.90625,0.9,3.35,2.45,4.2,1,13.78,22.51,30.295
L3,L338,ACACET,2.5,M,M,4.90625,0.5,2.66,2.16,2.16,1,3.62,5.21,30.295
L3,L338,ACACET,2,,b,3.14,0.5,2.66,2.16,2.16,1,3.62,5.21,3.542
L3,L338,ACACET,1.9,,b,2.83385,0.5,2.66,2.16,2.16,1,3.62,5.21,-1.8086
L3,L338,ACACET,1.5,,b,1.76625,0.5,2.66,2.16,2.16,1,3.62,5.21,-23.211
L3,L338,ACACET,4.6,M,M,16.6106,0.6,1.9,1.3,2.26,1,4.01,3.47,142.6576
L3,L338,ACACET,2.7,,b,5.72265,0.6,1.9,1.3,2.26,1,4.01,3.47,40.9962
L3,L338,ACACET,2.6,,b,5.3066,0.6,1.9,1.3,2.26,1,4.01,3.47,35.6456
L3,L338,ACACET,2.5,,b,4.90625,0.6,1.9,1.3,2.26,1,4.01,3.47,30.295
L3,L338,ACACET,2.6,M,M,5.3066,0.3,0.7,0.4,1.85,1,2.68,0.72,35.6456
L3,L343,ACACET,8.1,M,M,51.50385,0.8,4.19,3.39,3.43,1,9.13,20.62,329.9286
L3,L343,ACACET,6.4,,b,32.1536,0.8,4.19,3.39,3.43,1,9.13,20.62,238.9684
L3,L343,ACACET,5.1,,b,20.41785,0.8,4.19,3.39,3.43,1,9.13,20.62,169.4106
L3,L343,ACACET,3.2,,b,8.0384,0.8,4.19,3.39,3.43,1,9.13,20.62,67.7492
L3,L348,ACACET,2.5,M,M,4.90625,0.4,1.22,0.82,1.58,1,1.94,1.06,30.295
L3,L348,ACACET,2.3,,b,4.15265,0.4,1.22,0.82,1.58,1,1.94,1.06,19.5938
L3,L348,ACACET,2,,b,3.14,0.4,1.22,0.82,1.58,1,1.94,1.06,3.542
L3,L348,ACACET,1.7,,b,2.26865,0.4,1.22,0.82,1.58,1,1.94,1.06,-12.5098
L3,L348,ACACET,4.2,M,M,13.8474,0.6,1.5,0.9,1.73,1,2.31,1.39,121.2552
L3,L348,ACACET,2.2,,b,3.7994,0.6,1.5,0.9,1.73,1,2.31,1.39,14.2432
L3,L348,ACACET,2.3,,b,4.15265,0.6,1.5,0.9,1.73,1,2.31,1.39,19.5938
L3,L348,ACACET,1.9,,b,2.83385,0.6,1.5,0.9,1.73,1,2.31,1.39,-1.8086
L3,L348,ACACET,3.9,M,M,11.93985,0.35,2.21,1.86,2.83,1,6.12,7.59,105.2034
L3,L348,ACACET,5.2,,b,21.2264,0.35,2.21,1.86,2.83,1,6.12,7.59,174.7612
L3,L348,ACACET,4.5,,b,15.89625,0.35,2.21,1.86,2.83,1,6.12,7.59,137.307
L3,L348,ACACET,2.5,M,M,4.90625,0.42,1.89,1.47,1.78,1,2.45,2.4,30.295
L3,L348,ACACET,2.4,,b,4.5216,0.42,1.89,1.47,1.78,1,2.45,2.4,24.9444
L3,L348,ACACET,2.3,,b,4.15265,0.42,1.89,1.47,1.78,1,2.45,2.4,19.5938
L3,L348,ACACET,2.2,,b,3.7994,0.42,1.89,1.47,1.78,1,2.45,2.4,14.2432
L3,L348,ACACET,1.9,,b,2.83385,0.42,1.89,1.47,1.78,1,2.45,2.4,-1.8086
L3,L349,ACACET,8,M,M,50.24,0.6,3.36,2.76,3.05,1,7.21,13.26,324.578
L3,L352,ACACET,8.6,M,M,58.0586,0.65,3,2.35,2.84,1,6.29,9.85,356.6816
L3,L352,ACACET,3,,b,7.065,0.65,3,2.35,2.84,1,6.29,9.85,57.048
L3,L352,ACACET,4.4,,b,15.1976,0.65,3,2.35,2.84,1,6.29,9.85,131.9564
L3,L353,ACACET,10.2,M,M,81.6714,0.8,3.53,2.73,3.41,1,9.09,16.55,442.2912
L3,L353,ACACET,8.7,,b,59.41665,0.8,3.53,2.73,3.41,1,9.09,16.55,362.0322
L3,L356,ACACET,2.8,M,M,6.1544,0.43,1.22,0.79,3.25,1,8.25,4.34,46.3468
L3,L356,ACACET,2.1,,b,3.46185,0.43,1.22,0.79,3.25,1,8.25,4.34,8.8926
L3,L356,ACACET,1.9,,b,2.83385,0.43,1.22,0.79,3.25,1,8.25,4.34,-1.8086
L3,L356,ACACET,2.4,,b,4.5216,0.43,1.22,0.79,3.25,1,8.25,4.34,24.9444
L3,L356,ACACET,3.5,M,M,9.61625,0.58,1.71,1.13,3.53,1,9.57,7.21,83.801
L3,L356,ACACET,2.2,,b,3.7994,0.58,1.71,1.13,3.53,1,9.57,7.21,14.2432
L3,L356,ACACET,2.6,,b,5.3066,0.58,1.71,1.13,3.53,1,9.57,7.21,35.6456
L3,L356,ACACET,2.4,,b,4.5216,0.58,1.71,1.13,3.53,1,9.57,7.21,24.9444
L3,L356,ACACET,1.5,,b,1.76625,0.58,1.71,1.13,3.53,1,9.57,7.21,-23.211
L3,L356,ACACET,1.9,,b,2.83385,0.58,1.71,1.13,3.53,1,9.57,7.21,-1.8086
L3,L356,ACACET,4.2,M,M,13.8474,0.3,1.55,1.25,1.65,1,2.14,1.78,121.2552
L3,L356,ACACET,3.2,,b,8.0384,0.3,1.55,1.25,1.65,1,2.14,1.78,67.7492
L3,L356,ACACET,2.6,,b,5.3066,0.3,1.55,1.25,1.65,1,2.14,1.78,35.6456
L3,L356,ACACET,1.9,,b,2.83385,0.3,1.55,1.25,1.65,1,2.14,1.78,-1.8086
L3,L358,ACACET,10.6,,b,88.2026,0.46,3.32,2.86,3.21,1,8.03,15.32,463.6936
L3,L358,ACACET,8.6,M,M,58.0586,1,3.98,2.98,4.7,1,17.18,34.12,356.6816
L3,L358,ACACET,6.5,,b,33.16625,1,3.98,2.98,4.7,1,17.18,34.12,244.319
L3,L358,ACACET,5.6,,b,24.6176,1,3.98,2.98,4.7,1,17.18,34.12,196.1636
L3,L358,ACACET,6.9,M,M,37.37385,0.8,3.67,2.87,2.53,1,4.97,9.5,265.7214
L3,L358,ACACET,5.1,,b,20.41785,0.8,3.67,2.87,2.53,1,4.97,9.5,169.4106
L3,L358,ACACET,9.9,M,M,76.93785,1.12,3.66,2.54,4,1,12.43,21.06,426.2394
L3,L358,ACACET,2.8,,b,6.1544,1.12,3.66,2.54,4,1,12.43,21.06,46.3468
L3,L358,ACACET,2.7,,b,5.72265,1.12,3.66,2.54,4,1,12.43,21.06,40.9962
L3,L358,ACACET,1.9,,b,2.83385,1.12,3.66,2.54,4,1,12.43,21.06,-1.8086
L3,L358,ACACET,17.6,M,M,243.1616,0.86,4.02,3.16,3.7,1,10.68,22.51,838.2356
L3,L358,ACACET,7.1,,b,39.57185,0.86,4.02,3.16,3.7,1,10.68,22.51,276.4226
L3,L358,ACACET,11.4,M,M,102.0186,0.7,3.42,2.72,3.25,1,8.27,15,506.4984
L3,L358,ACACET,8.8,,b,60.7904,0.7,3.42,2.72,3.25,1,8.27,15,367.3828
L3,L358,ACACET,6.4,,b,32.1536,0.7,3.42,2.72,3.25,1,8.27,15,238.9684
L3,L358,ACACET,5.3,M,M,22.05065,0.5,2.36,1.86,2.05,1,3.28,4.07,180.1118
L3,L358,ACACET,4.4,,b,15.1976,0.5,2.36,1.86,2.05,1,3.28,4.07,131.9564
L3,L358,ACACET,4.6,,b,16.6106,0.5,2.36,1.86,2.05,1,3.28,4.07,142.6576
L3,L362,ACACET,2.5,M,M,4.90625,0.6,1.55,0.95,1.78,1,2.39,1.51,30.295
L3,L362,ACACET,2.2,,b,3.7994,0.6,1.55,0.95,1.78,1,2.39,1.51,14.2432
L3,L362,ACACET,2.3,,b,4.15265,0.6,1.55,0.95,1.78,1,2.39,1.51,19.5938
L3,L362,ACACET,1.9,,b,2.83385,0.6,1.55,0.95,1.78,1,2.39,1.51,-1.8086
L3,L362,ACACET,1.5,,b,1.76625,0.6,1.55,0.95,1.78,1,2.39,1.51,-23.211
L3,L364,ACACET,2.7,M,M,5.72265,0.6,1.83,1.23,2.6,1,5.3,4.34,40.9962
L3,L364,ACACET,1.5,,b,1.76625,0.6,1.83,1.23,2.6,1,5.3,4.34,-23.211
L3,L366,ACACET,4.7,M,M,17.34065,0.7,2.15,1.45,2.96,1,6.81,6.58,148.0082
L3,L366,ACACET,3.4,,b,9.0746,0.7,2.15,1.45,2.96,1,6.81,6.58,78.4504
L3,L366,ACACET,2.2,,b,3.7994,0.7,2.15,1.45,2.96,1,6.81,6.58,14.2432
L3,L366,ACACET,3.1,,b,7.54385,0.7,2.15,1.45,2.96,1,6.81,6.58,62.3986
L3,L366,ACACET,21.7,M,M,369.64865,0.9,4.15,3.25,4.96,1,19.2,41.61,1057.6102
L3,L366,ACACET,16.7,,b,218.92865,0.9,4.15,3.25,4.96,1,19.2,41.61,790.0802
L3,L367,ACACET,3.5,M,M,9.61625,0.5,2.84,2.34,2.58,1,5.22,8.15,83.801
L3,L367,ACACET,1.9,,b,2.83385,0.5,2.84,2.34,2.58,1,5.22,8.15,-1.8086
L3,L367,ACACET,2,,b,3.14,0.5,2.84,2.34,2.58,1,5.22,8.15,3.542
L3,L367,ACACET,2.5,,b,4.90625,0.5,2.84,2.34,2.58,1,5.22,8.15,30.295
L3,L367,ACACET,2.5,M,M,4.90625,0.4,1.62,1.22,2.02,1,3.2,2.6,30.295
L3,L367,ACACET,1.7,,b,2.26865,0.4,1.62,1.22,2.02,1,3.2,2.6,-12.5098
L3,L367,ACACET,1.5,,b,1.76625,0.4,1.62,1.22,2.02,1,3.2,2.6,-23.211
L3,L367,ACACET,1.8,,b,2.5434,0.4,1.62,1.22,2.02,1,3.2,2.6,-7.1592
L3,L367,ACACET,2.3,,b,4.15265,0.4,1.62,1.22,2.02,1,3.2,2.6,19.5938
L3,L367,ACACET,2.8,M,M,6.1544,0.2,1.22,1.02,1.9,1,2.71,1.84,46.3468
L3,L367,ACACET,2,,b,3.14,0.2,1.22,1.02,1.9,1,2.71,1.84,3.542
L3,L367,ACACET,1.7,,b,2.26865,0.2,1.22,1.02,1.9,1,2.71,1.84,-12.5098
L3,L367,ACACET,1.9,,b,2.83385,0.2,1.22,1.02,1.9,1,2.71,1.84,-1.8086
L3,L367,ACACET,2.4,,b,4.5216,0.2,1.22,1.02,1.9,1,2.71,1.84,24.9444
L3,L367,ACACET,3.5,M,M,9.61625,0.35,2.2,1.85,2.55,1,5.06,6.23,83.801
L3,L367,ACACET,3,,b,7.065,0.35,2.2,1.85,2.55,1,5.06,6.23,57.048
L3,L367,ACACET,2.9,,b,6.60185,0.35,2.2,1.85,2.55,1,5.06,6.23,51.6974
L3,L367,ACACET,2.5,,b,4.90625,0.35,2.2,1.85,2.55,1,5.06,6.23,30.295
L3,L367,ACACET,2.3,,b,4.15265,0.35,2.2,1.85,2.55,1,5.06,6.23,19.5938
L3,L367,ACACET,3.3,M,M,8.54865,0.3,1.22,0.92,2.55,1,5.09,3.12,73.0998
L3,L367,ACACET,2.4,,b,4.5216,0.3,1.22,0.92,2.55,1,5.09,3.12,24.9444
L3,L367,ACACET,1.9,,b,2.83385,0.3,1.22,0.92,2.55,1,5.09,3.12,-1.8086
L3,L367,ACACET,2.5,,b,4.90625,0.3,1.22,0.92,2.55,1,5.09,3.12,30.295
L3,L367,ACACET,1.5,,b,1.76625,0.3,1.22,0.92,2.55,1,5.09,3.12,-23.211
L3,L367,ACACET,5.9,M,M,27.32585,0.49,2.56,2.07,3.45,1,9.33,12.87,212.2154
L3,L367,ACACET,3.4,,b,9.0746,0.49,2.56,2.07,3.45,1,9.33,12.87,78.4504
L3,L367,ACACET,3,,b,7.065,0.49,2.56,2.07,3.45,1,9.33,12.87,57.048
L3,L367,ACACET,2.7,,b,5.72265,0.49,2.56,2.07,3.45,1,9.33,12.87,40.9962
L3,L367,ACACET,2.5,,b,4.90625,0.49,2.56,2.07,3.45,1,9.33,12.87,30.295
L3,L367,ACACET,1.8,,b,2.5434,0.49,2.56,2.07,3.45,1,9.33,12.87,-7.1592
L3,L368,ACACET,8.6,M,M,58.0586,0.7,3.87,3.17,3.78,1,11.01,23.27,356.6816
L3,L368,ACACET,7.5,,b,44.15625,0.7,3.87,3.17,3.78,1,11.01,23.27,297.825
L3,L368,ACACET,2.5,,b,4.90625,0.7,3.87,3.17,3.78,1,11.01,23.27,30.295
L3,L368,ACACET,6.5,M,M,33.16625,0.9,3.76,2.86,2.83,1,6.25,11.92,244.319
L3,L368,ACACET,2.5,M,M,4.90625,0.5,1.5,1,1.6,1,2.01,1.34,30.295
L3,L368,ACACET,1.9,,b,2.83385,0.5,1.5,1,1.6,1,2.01,1.34,-1.8086
L3,L368,ACACET,1.8,,b,2.5434,0.5,1.5,1,1.6,1,2.01,1.34,-7.1592
L3,L368,ACACET,2.3,,b,4.15265,0.5,1.5,1,1.6,1,2.01,1.34,19.5938
L3,L368,ACACET,1.5,,b,1.76625,0.5,1.5,1,1.6,1,2.01,1.34,-23.211
L3,L370,ACACET,3.1,M,M,7.54385,0.41,1.62,1.21,1.43,1,1.59,1.28,62.3986
L3,L370,ACACET,3,,b,7.065,0.41,1.62,1.21,1.43,1,1.59,1.28,57.048
L3,L370,ACACET,2.7,,b,5.72265,0.41,1.62,1.21,1.43,1,1.59,1.28,40.9962
L3,L370,ACACET,2.5,,b,4.90625,0.41,1.62,1.21,1.43,1,1.59,1.28,30.295
L3,L370,ACACET,1.9,,b,2.83385,0.41,1.62,1.21,1.43,1,1.59,1.28,-1.8086
L3,L373,ACACET,8.4,M,M,55.3896,0.7,3.62,2.92,4.32,1,14.62,28.45,345.9804
L3,L373,ACACET,7.2,,b,40.6944,0.7,3.62,2.92,4.32,1,14.62,28.45,281.7732
L3,L373,ACACET,6.4,,b,32.1536,0.7,3.62,2.92,4.32,1,14.62,28.45,238.9684
L3,L373,ACACET,4.3,,b,14.51465,0.7,3.62,2.92,4.32,1,14.62,28.45,126.6058
L3,L373,ACACET,7.3,M,M,41.83265,0.5,2.39,1.89,4.39,1,15.11,19.04,287.1238
L3,L373,ACACET,7.1,,b,39.57185,0.5,2.39,1.89,4.39,1,15.11,19.04,276.4226
L3,L373,ACACET,6.4,,b,32.1536,0.5,2.39,1.89,4.39,1,15.11,19.04,238.9684
L3,L373,ACACET,14.7,M,M,169.63065,0.56,5.52,4.96,7.65,1,45.94,151.91,683.0682
L3,L373,ACACET,2.7,,b,5.72265,0.56,5.52,4.96,7.65,1,45.94,151.91,40.9962
L3,L373,ACACET,2.4,M,M,4.5216,0.6,1.89,1.29,2.19,1,3.76,3.24,24.9444
L3,L373,ACACET,2,,b,3.14,0.6,1.89,1.29,2.19,1,3.76,3.24,3.542
L3,L373,ACACET,1.9,,b,2.83385,0.6,1.89,1.29,2.19,1,3.76,3.24,-1.8086
L3,L373,ACACET,2.2,,b,3.7994,0.6,1.89,1.29,2.19,1,3.76,3.24,14.2432
L3,L373,ACACET,17.2,M,M,232.2344,0.85,5.22,4.37,6.15,1,29.64,86.36,816.8332
L3,L373,ACACET,15.4,M,M,186.1706,0.9,5.05,4.15,5.22,1,21.39,59.18,720.5224
L3,L373,ACACET,12.5,,b,122.65625,0.9,5.05,4.15,5.22,1,21.39,59.18,565.355
L3,L373,ACACET,11.3,,b,100.23665,0.9,5.05,4.15,5.22,1,21.39,59.18,501.1478
L3,L373,ACACET,8.7,M,M,59.41665,0.88,4.49,3.61,3.9,1,11.93,28.72,362.0322
L3,L373,ACACET,7.6,,b,45.3416,0.88,4.49,3.61,3.9,1,11.93,28.72,303.1756
L3,L373,ACACET,5.4,,b,22.8906,0.88,4.49,3.61,3.9,1,11.93,28.72,185.4624
L3,L373,ACACET,2.6,M,M,5.3066,0.3,1.75,1.45,1.62,1,2.05,1.98,35.6456
L3,L373,ACACET,1.9,,b,2.83385,0.3,1.75,1.45,1.62,1,2.05,1.98,-1.8086
L3,L373,ACACET,2.4,,b,4.5216,0.3,1.75,1.45,1.62,1,2.05,1.98,24.9444
L3,L373,ACACET,2.2,,b,3.7994,0.3,1.75,1.45,1.62,1,2.05,1.98,14.2432
L3,L373,ACACET,6.4,M,M,32.1536,0.9,4,3.1,3.44,1,9.26,19.14,238.9684
L3,L373,ACACET,5.6,,b,24.6176,0.9,4,3.1,3.44,1,9.26,19.14,196.1636
L3,L373,ACACET,4.5,,b,15.89625,0.9,4,3.1,3.44,1,9.26,19.14,137.307
M1,M105,ACACET,5.9,M,M,27.32585,0.8,2.43,1.63,1.35,2,1.43,1.55,212.2154
M1,M105,ACACET,4.6,,b,16.6106,0.8,2.43,1.63,1.35,2,1.43,1.55,142.6576
M1,M105,ACACET,5.2,,b,21.2264,0.8,2.43,1.63,1.35,2,1.43,1.55,174.7612
M1,M105,ACACET,2.9,,b,6.60185,0.8,2.43,1.63,1.35,2,1.43,1.55,51.6974
M1,M105,ACACET,14.3,M,M,160.52465,1.1,4.52,3.42,2.26,2,3.99,9.1,661.6658
M1,M105,ACACET,11.1,M,M,96.71985,1.5,3.7,2.2,3.6,2,10.14,14.88,490.4466
M1,M105,ACACET,8,M,M,50.24,1.2,3.6,2.4,2.23,2,3.9,6.25,324.578
M1,M105,ACACET,17.1,M,M,229.54185,0.3,2.23,1.93,2.31,2,4.18,5.38,811.4826
M1,M105,ACACET,8.5,M,M,56.71625,3,3.46,0.46,1.95,2,2.93,0.9,351.331
M1,M105,ACACET,14.2,M,M,158.2874,2.8,3.37,0.57,1.63,2,2.04,0.77,656.3152
M1,M105,ACACET,13.1,M,M,134.71385,3.1,3.36,0.26,2.42,2,4.55,0.79,597.4586
M1,M105,ACACET,4,M,M,12.56,1.18,1.7,0.52,1.01,2,0.79,0.27,110.554
M1,M105,ACACET,3,M,M,7.065,0.75,1.01,0.26,0.42,2,0.13,0.02,57.048
M1,M105,ACACET,6.7,M,M,35.23865,2.3,2.78,0.48,1.35,2,1.33,0.43,255.0202
M1,M105,ACACET,7.8,M,M,47.7594,1.1,2.41,1.31,2.27,2,4.03,3.52,313.8768
M1,M105,ACACET,8,M,M,50.24,0.9,2.61,1.71,1.74,2,2.38,2.71,324.578
M1,M105,ACACET,7.3,M,M,41.83265,1.41,2.63,1.22,1.6,2,1.98,1.61,287.1238
M1,M105,ACACET,22.8,M,M,408.0744,1.16,4.8,3.64,3.48,2,9.48,23,1116.4668
M1,M106,ACACET,19,M,M,283.385,2.5,3.49,0.99,2.23,2,3.9,2.58,913.144
M1,M106,ACACET,14,M,M,153.86,2.3,3.75,1.45,2.65,2,4.44,4.29,645.614
M1,M106,ACACET,8.7,M,M,59.41665,2.3,3.75,1.45,2.65,2,4.44,4.29,362.0322
M1,M106,ACACET,13.9,M,M,151.66985,0.8,2.78,1.98,3.24,2,8.24,10.88,640.2634
M1,M106,ACACET,6.9,,b,37.37385,0.8,2.78,1.98,3.24,2,8.24,10.88,265.7214
M1,M106,ACACET,12.2,M,M,116.8394,0.7,2.83,2.13,3.24,2,8.21,11.66,549.3032
M1,M106,ACACET,3.8,M,M,11.3354,2.5,2.65,0.15,2.22,2,3.85,0.39,99.8528
M1,M106,ACACET,4.4,M,M,15.1976,1.71,5.8,4.09,1.42,2,1.55,4.23,131.9564
M1,M106,ACACET,8.2,M,M,52.7834,1.1,1.96,0.86,1.75,2,2.37,1.36,335.2792
M1,M106,ACACET,5.2,,b,21.2264,1.1,1.96,0.86,1.75,2,2.37,1.36,174.7612
M1,M106,ACACET,9.6,M,M,72.3456,1.13,2.86,1.73,2.88,2,6.37,7.35,410.1876
M1,M106,ACACET,5.5,M,M,23.74625,1.08,2.68,1.6,2.05,2,3.28,3.5,190.813
M1,M106,ACACET,5.3,M,M,22.05065,2.2,2.55,0.35,2.09,2,3.35,0.78,180.1118
M1,M106,ACACET,14,M,M,153.86,0.73,3.44,2.71,3.71,2,10.75,19.42,645.614
M1,M106,ACACET,3.7,,b,10.74665,0.73,3.44,2.71,3.71,2,10.75,19.42,94.5022
M1,M106,ACACET,16.7,M,M,218.92865,1.8,3.73,1.93,2.93,2,6.48,8.34,790.0802
M1,M106,ACACET,10.1,M,M,80.07785,1.2,5.32,4.12,2.6,2,5.27,14.49,436.9406
M1,M106,ACACET,4.4,,b,15.1976,1.2,5.32,4.12,2.6,2,5.27,14.49,131.9564
M1,M106,ACACET,11.7,M,M,107.45865,3.5,4.58,1.08,3.22,2,8.11,5.84,522.5502
M1,M106,ACACET,12.8,M,M,128.6144,2.7,4.07,1.37,2.89,2,6.42,5.86,581.4068
M1,M106,ACACET,14.2,M,M,158.2874,1.53,3.52,1.99,1.87,2,2.74,3.63,656.3152
M1,M106,ACACET,7.3,M,M,41.83265,1.15,4.68,3.53,2.23,2,3.9,9.19,287.1238
M1,M106,ACACET,6.5,M,M,33.16625,1.3,3.95,2.65,1.97,2,2.98,5.26,244.319
M1,M106,ACACET,10.9,M,M,93.26585,1.88,4.23,2.35,1.2,2,1.12,1.76,479.7454
M1,M106,ACACET,3.7,M,M,10.74665,1.34,2.54,1.2,1.5,2,1.77,1.41,94.5022
M1,M106,ACACET,8.9,M,M,62.17985,2.37,3.55,1.18,2.31,2,4.18,3.29,372.7334
M1,M106,ACACET,8.4,,b,55.3896,2.37,3.55,1.18,2.31,2,4.18,3.29,345.9804
M1,M106,ACACET,9.6,M,M,72.3456,1.4,3.43,2.03,2.57,2,3.5,4.74,410.1876
M1,M106,ACACET,10.4,M,M,84.9056,1.22,3.2,1.98,3.05,2,6.26,8.27,452.9924
M1,M106,ACACET,8.7,M,M,59.41665,1.1,3.78,2.68,2.23,2,3.9,6.97,362.0322
M1,M107,ACACET,13.1,M,M,134.71385,1.64,3.18,1.54,3.72,2,10.83,11.12,597.4586
M1,M107,ACACET,9,M,M,63.585,1.41,3.97,2.56,2.87,2,6.4,10.92,378.084
M1,M107,ACACET,1.3,M,M,1.32665,0.31,0.75,0.44,0.66,2,0.33,0.1,-33.9122
M1,M108,ACACET,2.7,M,M,5.72265,0.92,1.52,0.6,1.37,2,1.45,0.58,40.9962
M1,M108,ACACET,2,,b,3.14,0.92,1.52,0.6,1.37,2,1.45,0.58,3.542
M1,M108,ACACET,5.7,M,M,25.50465,0.6,1.58,0.98,2.22,2,3.85,2.52,201.5142
M1,M108,ACACET,2.1,,b,3.46185,0.6,1.58,0.98,2.22,2,3.85,2.52,8.8926
M1,M108,ACACET,4.4,,b,15.1976,0.6,1.58,0.98,2.22,2,3.85,2.52,131.9564
M1,M108,ACACET,3.5,,b,9.61625,0.6,1.58,0.98,2.22,2,3.85,2.52,83.801
M1,M108,ACACET,2.3,,b,4.15265,0.6,1.58,0.98,2.22,2,3.85,2.52,19.5938
M1,M108,ACACET,3.1,M,M,7.54385,0.2,0.75,0.55,0.85,2,0.57,0.21,62.3986
M1,M108,ACACET,1.5,,b,1.76625,0.2,0.75,0.55,0.85,2,0.57,0.21,-23.211
M1,M108,ACACET,1.7,,b,2.26865,0.2,0.75,0.55,0.85,2,0.57,0.21,-12.5098
M1,M108,ACACET,3.5,M,M,9.61625,0.52,1.38,0.86,1.3,2,1.31,0.75,83.801
M1,M108,ACACET,1.9,,b,2.83385,0.52,1.38,0.86,1.3,2,1.31,0.75,-1.8086
M1,M108,ACACET,1.7,,b,2.26865,0.52,1.38,0.86,1.3,2,1.31,0.75,-12.5098
M1,M108,ACACET,14.5,M,M,165.04625,2.64,4.53,1.89,3.28,2,8.23,10.37,672.367
M1,M108,ACACET,15.8,M,M,195.9674,1.55,4.6,3.05,3,2,6.77,13.77,741.9248
M1,M108,ACACET,13.9,M,M,151.66985,1.1,4.16,3.06,3.59,2,9.98,20.36,640.2634
M1,M108,ACACET,9.8,,b,75.3914,1.1,4.16,3.06,3.59,2,9.98,20.36,420.8888
M1,M108,ACACET,11.8,,b,109.3034,1.1,4.16,3.06,3.59,2,9.98,20.36,527.9008
M1,M108,ACACET,9.5,M,M,70.84625,0.9,2.54,1.64,2.56,2,5,5.46,404.837
M1,M109,ACACET,8.5,M,M,56.71625,1.08,2.92,1.84,2.51,2,4.65,5.71,351.331
M1,M109,ACACET,3.3,,b,8.54865,1.08,2.92,1.84,2.51,2,4.65,5.71,73.0998
M1,M109,ACACET,8.7,M,M,59.41665,1.18,3.28,2.1,2.13,2,3.55,4.98,362.0322
M1,M109,ACACET,7,,b,38.465,1.18,3.28,2.1,2.13,2,3.55,4.98,271.072
M1,M109,ACACET,1,,b,0.785,1.18,3.28,2.1,2.13,2,3.55,4.98,-49.964
M1,M109,ACACET,5.6,M,M,24.6176,1.18,3.13,1.95,1.12,2,0.97,1.26,196.1636
M1,M109,ACACET,10.5,M,M,86.54625,4.71,5.25,0.54,3.75,2,10.81,3.89,458.343
M1,M109,ACACET,9.9,,b,76.93785,4.71,5.25,0.54,3.75,2,10.81,3.89,426.2394
M1,M109,ACACET,11.7,M,M,107.45865,4.04,4.23,0.19,2.78,2,5.88,0.74,522.5502
M1,M109,ACACET,11.1,,b,96.71985,4.04,4.23,0.19,2.78,2,5.88,0.74,490.4466
M1,M109,ACACET,6.3,,b,31.15665,4.04,4.23,0.19,2.78,2,5.88,0.74,233.6178
M1,M109,ACACET,7.9,M,M,48.99185,2.96,3.09,0.13,2.05,2,3.24,0.28,319.2274
M1,M109,ACACET,6.7,,b,35.23865,2.96,3.09,0.13,2.05,2,3.24,0.28,255.0202
M1,M109,ACACET,1.6,,b,2.0096,2.96,3.09,0.13,2.05,2,3.24,0.28,-17.8604
M1,M109,ACACET,2,M,M,3.14,0.79,1.07,0.28,0.86,2,0.49,0.09,3.542
M1,M109,ACACET,1.1,,b,0.94985,0.79,1.07,0.28,0.86,2,0.49,0.09,-44.6134
M1,M109,ACACET,11.5,M,M,103.81625,3.9,4.3,0.4,3.27,2,8.39,2.24,511.849
M1,M109,ACACET,10.8,,b,91.5624,3.9,4.3,0.4,3.27,2,8.39,2.24,474.3948
M1,M109,ACACET,3.9,M,M,11.93985,1.08,2.23,1.15,1.01,2,0.78,0.59,105.2034
M1,M109,ACACET,1.7,,b,2.26865,1.08,2.23,1.15,1.01,2,0.78,0.59,-12.5098
M1,M109,ACACET,6.8,M,M,36.2984,1.08,3.53,2.45,2.15,2,3.62,5.92,260.3708
M1,M109,ACACET,2.3,M,M,4.15265,0.63,1.85,1.22,0.53,2,0.22,0.18,19.5938
M1,M109,ACACET,1.2,,b,1.1304,0.63,1.85,1.22,0.53,2,0.22,0.18,-39.2628
M1,M109,ACACET,1.5,,b,1.76625,0.63,1.85,1.22,0.53,2,0.22,0.18,-23.211
M1,M109,ACACET,5.6,M,M,24.6176,2.8,3.03,0.23,2.01,2,3.14,0.48,196.1636
M1,M109,ACACET,7.6,M,M,45.3416,1.58,4.42,2.84,3.28,2,8.44,15.99,303.1756
M1,M109,ACACET,6.8,,b,36.2984,1.58,4.42,2.84,3.28,2,8.44,15.99,260.3708
M1,M109,ACACET,4.2,,b,13.8474,1.58,4.42,2.84,3.28,2,8.44,15.99,121.2552
M1,M109,ACACET,5.3,,b,22.05065,1.58,4.42,2.84,3.28,2,8.44,15.99,180.1118
M1,M109,ACACET,7.1,,b,39.57185,1.58,4.42,2.84,3.28,2,8.44,15.99,276.4226
M1,M109,ACACET,3,,b,7.065,1.58,4.42,2.84,3.28,2,8.44,15.99,57.048
M1,M109,ACACET,4.3,,b,14.51465,1.58,4.42,2.84,3.28,2,8.44,15.99,126.6058
M1,M109,ACACET,5.3,,b,22.05065,1.58,4.42,2.84,3.28,2,8.44,15.99,180.1118
M1,M109,ACACET,1.5,M,M,1.76625,1.35,2.21,0.86,0.38,2,0.11,0.06,-23.211
M1,M109,ACACET,1.4,,b,1.5386,1.35,2.21,0.86,0.38,2,0.11,0.06,-28.5616
M1,M109,ACACET,6.6,M,M,34.1946,1.7,4.29,2.59,1.4,2,1.51,2.61,249.6696
M1,M109,ACACET,1,,b,0.785,1.7,4.29,2.59,1.4,2,1.51,2.61,-49.964
M1,M109,ACACET,1.4,,b,1.5386,1.7,4.29,2.59,1.4,2,1.51,2.61,-28.5616
M1,M109,ACACET,6.8,M,M,36.2984,1.58,2.23,0.65,1.3,2,1.32,0.57,260.3708
M1,M109,ACACET,6.1,M,M,29.20985,1.43,3.12,1.69,1.61,2,2.01,2.27,222.9166
M1,M109,ACACET,6.1,,b,29.20985,1.43,3.12,1.69,1.61,2,2.01,2.27,222.9166
M1,M109,ACACET,6.3,M,M,31.15665,2.21,4.64,2.43,2.38,2,4.39,7.12,233.6178
M1,M109,ACACET,2.9,,b,6.60185,2.21,4.64,2.43,2.38,2,4.39,7.12,51.6974
M1,M109,ACACET,7.9,M,M,48.99185,1.81,4.24,2.43,2.21,2,3.82,6.2,319.2274
M1,M109,ACACET,7.8,,b,47.7594,1.81,4.24,2.43,2.21,2,3.82,6.2,313.8768
M1,M109,ACACET,2.1,,b,3.46185,1.81,4.24,2.43,2.21,2,3.82,6.2,8.8926
M1,M109,ACACET,12.9,M,M,130.63185,1.5,3.76,2.26,3.16,2,7.81,11.77,586.7574
M1,M109,ACACET,7.7,,b,46.54265,1.5,3.76,2.26,3.16,2,7.81,11.77,308.5262
M1,M109,ACACET,7.3,M,M,41.83265,2.4,3.88,1.48,2.1,2,3.34,3.29,287.1238
M1,M109,ACACET,2.3,,b,4.15265,2.4,3.88,1.48,2.1,2,3.34,3.29,19.5938
M1,M109,ACACET,8.8,M,M,60.7904,1.66,3.32,1.66,2.4,2,3.99,4.42,367.3828
M1,M109,ACACET,3.7,,b,10.74665,1.66,3.32,1.66,2.4,2,3.99,4.42,94.5022
M1,M109,ACACET,7.2,M,M,40.6944,1.65,3.27,1.62,2.03,2,3.23,3.49,281.7732
M1,M109,ACACET,8.6,M,M,58.0586,1.85,3.9,2.05,2.42,2,4.57,6.24,356.6816
M1,M109,ACACET,3.1,M,M,7.54385,0.7,1.45,0.75,1.27,2,1.26,0.63,62.3986
M1,M109,ACACET,1.2,,b,1.1304,0.7,1.45,0.75,1.27,2,1.26,0.63,-39.2628
M1,M109,ACACET,4.4,M,M,15.1976,0.83,1.84,1.01,1.6,2,1.98,1.33,131.9564
M1,M109,ACACET,3.6,M,M,10.1736,0.8,1.98,1.18,1.99,2,2.84,2.23,89.1516
M1,M109,ACACET,8,M,M,50.24,0.4,2.3,1.9,2.95,2,6.83,8.65,324.578
M1,M109,ACACET,2.7,,b,5.72265,0.4,2.3,1.9,2.95,2,6.83,8.65,40.9962
M1,M109,ACACET,5.8,M,M,26.4074,2.23,3.34,1.11,1.65,2,2.13,1.58,206.8648
M1,M109,ACACET,9.2,M,M,66.4424,2.1,3.55,1.45,1.67,2,2.1,2.03,388.7852
M1,M109,ACACET,6.5,M,M,33.16625,0.7,2.34,1.64,1.55,2,1.88,2.06,244.319
M1,M109,ACACET,3.6,M,M,10.1736,1.38,2.23,0.85,1.37,2,1.46,0.83,89.1516
M1,M109,ACACET,8.9,M,M,62.17985,2.49,4.4,1.91,3.04,2,6.74,8.58,372.7334
M1,M109,ACACET,5.7,M,M,25.50465,0.7,2.06,1.36,0.8,2,0.5,0.46,201.5142
M1,M109,ACACET,8.2,M,M,52.7834,1.2,2.98,1.78,1.61,2,1.99,2.36,335.2792
M1,M109,ACACET,7.9,M,M,48.99185,1.1,3.31,2.21,2.15,2,3.59,5.29,319.2274
M1,M109,ACACET,5.8,,b,26.4074,1.1,3.31,2.21,2.15,2,3.59,5.29,206.8648
M1,M109,ACACET,6,M,M,28.26,1.2,2.3,1.1,1.67,2,2.19,1.6,217.566
M1,M110,ACACET,13.8,M,M,149.4954,1.45,3.83,2.38,3.79,2,11.24,17.84,634.9128
M1,M110,ACACET,12.5,M,M,122.65625,1.2,3.7,2.5,3.19,2,7.96,13.26,565.355
M1,M110,ACACET,12,,b,113.04,1.2,3.7,2.5,3.19,2,7.96,13.26,538.602
M1,M110,ACACET,14.2,M,M,158.2874,1.2,3,1.8,3.02,2,7.12,8.54,656.3152
M1,M111,ACACET,8.7,M,M,59.41665,0.52,2.96,2.44,2.6,2,5.3,8.62,362.0322
M1,M111,ACACET,6.7,,b,35.23865,0.52,2.96,2.44,2.6,2,5.3,8.62,255.0202
M1,M111,ACACET,7.5,,b,44.15625,0.52,2.96,2.44,2.6,2,5.3,8.62,297.825
M1,M111,ACACET,9.7,M,M,73.86065,0.94,2.75,1.81,2.62,2,5.25,6.34,415.5382
M1,M111,ACACET,5.2,M,M,21.2264,2.3,2.9,0.6,1.79,2,2.49,1,174.7612
M1,M111,ACACET,4.7,M,M,17.34065,0.88,1.72,0.84,1.08,2,0.64,0.36,148.0082
M1,M111,ACACET,5.9,M,M,27.32585,0.95,1.94,0.99,1.22,2,1.17,0.77,212.2154
M1,M111,ACACET,1.4,,b,1.5386,0.95,1.94,0.99,1.22,2,1.17,0.77,-28.5616
M1,M111,ACACET,10.4,M,M,84.9056,1.46,2.48,1.02,2.36,2,3.2,2.18,452.9924
M1,M111,ACACET,7.6,,b,45.3416,1.46,2.48,1.02,2.36,2,3.2,2.18,303.1756
M1,M111,ACACET,8.1,,b,51.50385,1.46,2.48,1.02,2.36,2,3.2,2.18,329.9286
M1,M111,ACACET,8.4,M,M,55.3896,0.68,1.32,0.64,1.12,2,0.98,0.42,345.9804
M1,M111,ACACET,5.7,,b,25.50465,0.68,1.32,0.64,1.12,2,0.98,0.42,201.5142
M1,M111,ACACET,13.5,M,M,143.06625,1.62,3.37,1.75,2.52,2,4.96,5.78,618.861
M1,M111,ACACET,14.1,M,M,156.06585,1.75,2.74,0.99,2.72,2,5.8,3.83,650.9646
M1,M111,ACACET,14.9,M,M,174.27785,2.8,5.74,2.94,4.44,2,15.46,30.29,693.7694
M1,M111,ACACET,5.6,,b,24.6176,2.8,5.74,2.94,4.44,2,15.46,30.29,196.1636
M1,M111,ACACET,11,,b,94.985,2.8,5.74,2.94,4.44,2,15.46,30.29,485.096
M1,M111,ACACET,8.4,M,M,55.3896,0.8,2.09,1.29,1.8,2,2.45,2.11,345.9804
M1,M111,ACACET,14.8,M,M,171.9464,0.9,1.99,1.09,1.8,2,2.54,1.85,688.4188
M1,M111,ACACET,3.6,,b,10.1736,0.9,1.99,1.09,1.8,2,2.54,1.85,89.1516
M1,M112,ACACET,14.8,M,M,171.9464,0.6,2.79,2.19,2.75,2,5.41,7.89,688.4188
M1,M112,ACACET,12.2,,b,116.8394,0.6,2.79,2.19,2.75,2,5.41,7.89,549.3032
M1,M112,ACACET,8.5,,b,56.71625,0.6,2.79,2.19,2.75,2,5.41,7.89,351.331
M1,M112,ACACET,11.8,M,M,109.3034,1.97,4.01,2.04,2.09,2,3.38,4.6,527.9008
M1,M112,ACACET,11.6,,b,105.6296,1.97,4.01,2.04,2.09,2,3.38,4.6,517.1996
M1,M112,ACACET,15,M,M,176.625,1.39,3.1,1.71,2.15,2,3.6,4.1,699.12
M1,M112,ACACET,8.6,,b,58.0586,1.39,3.1,1.71,2.15,2,3.6,4.1,356.6816
M1,M112,ACACET,10.4,M,M,84.9056,1.39,3.44,2.05,1.9,2,2.82,3.85,452.9924
M1,M112,ACACET,13.2,M,M,136.7784,0.85,2.57,1.72,2.7,2,5.7,6.54,602.8092
M1,M113,ACACET,15.6,M,M,191.0376,1.58,3.2,1.62,2.63,2,5.43,5.86,731.2236
M1,M113,ACACET,5.4,M,M,22.8906,0.7,2.5,1.8,2.18,2,3.71,4.45,185.4624
M1,M113,ACACET,8.4,M,M,55.3896,0.8,3.6,2.8,2.41,2,4.54,8.47,345.9804
M1,M113,ACACET,5.2,,b,21.2264,0.8,3.6,2.8,2.41,2,4.54,8.47,174.7612
M1,M113,ACACET,1.2,,b,1.1304,0.8,3.6,2.8,2.41,2,4.54,8.47,-39.2628
M1,M113,ACACET,1.4,,b,1.5386,0.8,3.6,2.8,2.41,2,4.54,8.47,-28.5616
M1,M113,ACACET,9.6,M,M,72.3456,0.6,2.97,2.37,2.84,2,6.31,9.97,410.1876
M1,M113,ACACET,23.9,M,M,448.39985,1.19,4.13,2.94,3.67,2,10.42,20.43,1175.3234
M1,M113,ACACET,16,M,M,200.96,0.88,3.78,2.9,3.82,2,11.41,22.07,752.626
M1,M113,ACACET,12.8,,b,128.6144,0.88,3.78,2.9,3.82,2,11.41,22.07,581.4068
M1,M114,ACACET,10.5,M,M,86.54625,0.8,2.94,2.14,3.31,2,8.59,12.26,458.343
M1,M114,ACACET,8.7,,b,59.41665,0.8,2.94,2.14,3.31,2,8.59,12.26,362.0322
M1,M114,ACACET,5.6,M,M,24.6176,1.18,2.6,1.42,2.22,2,3.85,3.65,196.1636
M1,M115,ACACET,7.4,M,M,42.9866,1,2.94,1.94,2.29,2,4.12,5.32,292.4744
M1,M115,ACACET,6.7,M,M,35.23865,2.4,2.98,0.58,1.84,2,2.64,1.02,255.0202
M1,M116,ACACET,7.1,M,M,39.57185,1.2,2.23,1.03,2.23,2,3.89,2.67,276.4226
M1,M117,ACACET,7.9,M,M,48.99185,2.43,3.84,1.41,1.92,2,2.82,2.65,319.2274
M1,M117,ACACET,10,M,M,78.5,2.23,3.27,1.04,2.34,2,4.28,2.97,431.59
M1,M121,ACACET,9.4,M,M,69.3626,1.05,2.9,1.85,3.07,2,7.4,9.12,399.4864
M1,M121,ACACET,6.1,M,M,29.20985,0.9,2.25,1.35,2.66,2,5.54,4.99,222.9166
M1,M121,ACACET,3.3,,b,8.54865,0.9,2.25,1.35,2.66,2,5.54,4.99,73.0998
M1,M122,ACACET,20,M,M,314,1.2,3.95,2.75,5.49,2,23.43,42.96,966.65
M1,M122,ACACET,16.6,,b,216.3146,1.2,3.95,2.75,5.49,2,23.43,42.96,784.7296
M1,M122,ACACET,9.1,,b,65.00585,1.2,3.95,2.75,5.49,2,23.43,42.96,383.4346
M2,M201,ACACET,13.1,M,M,134.71385,0.8,2.55,1.75,2.56,3,5.12,5.98,597.4586
M2,M202,ACACET,20.6,M,M,333.1226,0.3,1.8,1.5,0.35,3,0.09,0.09,998.7536
M2,M202,ACACET,10.1,M,M,80.07785,1.4,3.1,1.7,4,3,12.49,14.15,436.9406
M2,M202,ACACET,8.4,M,M,55.3896,1.4,3.1,1.7,4,3,12.49,14.15,345.9804
M2,M202,ACACET,16.6,M,M,216.3146,4.5,5.6,1.1,4.96,3,19.27,14.13,784.7296
M2,M202,ACACET,12.5,,b,122.65625,4.5,5.6,1.1,4.96,3,19.27,14.13,565.355
M2,M202,ACACET,19.6,M,M,301.5656,0.6,3.8,3.2,4.35,3,14.62,31.18,945.2476
M2,M202,ACACET,30.5,M,M,730.24625,1.92,6.33,4.41,6.75,3,35.76,105.15,1528.463
M2,M202,ACACET,2.4,M,M,4.5216,1.05,1.59,0.54,0.9,3,0.57,0.2,24.9444
M2,M202,ACACET,6.4,M,M,32.1536,0.7,1.3,0.6,1.48,3,1.6,0.64,238.9684
M2,M203,ACACET,1.9,M,M,2.83385,0.4,2.3,1.9,0.13,2,0.01,0.01,-1.8086
M2,M203,ACACET,3.9,M,M,11.93985,0.6,2.2,1.6,0.65,2,0.33,0.35,105.2034
M2,M203,ACACET,5.6,M,M,24.6176,1.3,4.53,3.23,2.7,2,5.6,12.05,196.1636
M2,M203,ACACET,1.5,,b,1.76625,1.3,4.53,3.23,2.7,2,5.6,12.05,-23.211
M2,M203,ACACET,1.6,,b,2.0096,1.3,4.53,3.23,2.7,2,5.6,12.05,-17.8604
M2,M203,ACACET,2,,b,3.14,1.3,4.53,3.23,2.7,2,5.6,12.05,3.542
M2,M203,ACACET,2.2,M,M,3.7994,1.3,4.53,3.23,2.7,2,5.6,12.05,14.2432
M2,M203,ACACET,6.7,M,M,35.23865,1.3,4.53,3.23,2.7,2,5.6,12.05,255.0202
M2,M203,ACACET,5.6,M,M,24.6176,1.3,4.53,3.23,2.7,2,5.6,12.05,196.1636
M2,M203,ACACET,5.5,,b,23.74625,1.3,4.53,3.23,2.7,2,5.6,12.05,190.813
M2,M203,ACACET,1.5,,b,1.76625,1.3,4.53,3.23,2.7,2,5.6,12.05,-23.211
M2,M203,ACACET,2.3,M,M,4.15265,1.3,4.53,3.23,2.7,2,5.6,12.05,19.5938
M2,M203,ACACET,2.1,,b,3.46185,1.3,4.53,3.23,2.7,2,5.6,12.05,8.8926
M2,M203,ACACET,1.9,,b,2.83385,1.3,4.53,3.23,2.7,2,5.6,12.05,-1.8086
M2,M203,ACACET,8.4,M,M,55.3896,1.3,4.2,2.9,3.05,2,7.3,14.12,345.9804
M2,M203,ACACET,7.5,,b,44.15625,1.3,4.2,2.9,3.05,2,7.3,14.12,297.825
M2,M203,ACACET,3.8,M,M,11.3354,1.3,4.2,2.9,3.05,2,7.3,14.12,99.8528
M2,M203,ACACET,8.2,M,M,52.7834,1.3,4.2,2.9,3.05,2,7.3,14.12,335.2792
M2,M203,ACACET,7.6,M,M,45.3416,1.15,3.95,2.8,2.1,2,3.27,6.1,303.1756
M2,M203,ACACET,3.2,M,M,8.0384,1.15,3.95,2.8,2.1,2,3.27,6.1,67.7492
M2,M203,ACACET,5,M,M,19.625,1.15,3.95,2.8,2.1,2,3.27,6.1,164.06
M2,M203,ACACET,3.6,M,M,10.1736,1.15,3.95,2.8,2.1,2,3.27,6.1,89.1516
M2,M203,ACACET,5.9,M,M,27.32585,0.5,1.2,0.7,1.7,2,2.24,1.04,212.2154
M2,M203,ACACET,11.6,M,M,105.6296,1.15,3.75,2.6,3.24,2,8.2,14.22,517.1996
M2,M203,ACACET,12.6,M,M,124.6266,1.65,3.7,2.05,3.59,2,10.05,13.74,570.7056
M2,M203,ACACET,6.8,M,M,36.2984,1.65,3.7,2.05,3.59,2,10.05,13.74,260.3708
M2,M203,ACACET,4.9,M,M,18.84785,1.9,3.94,2.04,4.25,2,13.94,18.96,158.7094
M2,M203,ACACET,1.5,,b,1.76625,1.9,3.94,2.04,4.25,2,13.94,18.96,-23.211
M2,M203,ACACET,3,M,M,7.065,1.9,3.94,2.04,4.25,2,13.94,18.96,57.048
M2,M203,ACACET,10.6,M,M,88.2026,1.9,3.94,2.04,4.25,2,13.94,18.96,463.6936
M2,M203,ACACET,8.9,,b,62.17985,1.9,3.94,2.04,4.25,2,13.94,18.96,372.7334
M2,M203,ACACET,2.1,M,M,3.46185,0.8,2.1,1.3,1.55,2,1.88,1.63,8.8926
M2,M203,ACACET,1.2,,b,1.1304,0.8,2.1,1.3,1.55,2,1.88,1.63,-39.2628
M2,M203,ACACET,1.5,M,M,1.76625,0.8,2.1,1.3,1.55,2,1.88,1.63,-23.211
M2,M203,ACACET,8,M,M,50.24,1.3,2.55,1.25,1.95,2,2.75,2.29,324.578
M2,M203,ACACET,7,M,M,38.465,1.4,3.1,1.7,3.46,2,9.31,10.55,271.072
M2,M203,ACACET,5.3,,b,22.05065,1.4,3.1,1.7,3.46,2,9.31,10.55,180.1118
M2,M203,ACACET,5.6,M,M,24.6176,1.4,3.1,1.7,3.46,2,9.31,10.55,196.1636
M2,M203,ACACET,12.4,M,M,120.7016,1.15,3.1,1.95,1.75,2,2.4,3.12,560.0044
M2,M203,ACACET,6.2,M,M,30.1754,2,4.82,2.82,4.55,2,16.23,30.52,228.2672
M2,M203,ACACET,3.6,,b,10.1736,2,4.82,2.82,4.55,2,16.23,30.52,89.1516
M2,M203,ACACET,7,M,M,38.465,2,4.82,2.82,4.55,2,16.23,30.52,271.072
M2,M203,ACACET,7.9,M,M,48.99185,2,4.82,2.82,4.55,2,16.23,30.52,319.2274
M2,M203,ACACET,7.6,,b,45.3416,2,4.82,2.82,4.55,2,16.23,30.52,303.1756
M2,M203,ACACET,5,,b,19.625,2,4.82,2.82,4.55,2,16.23,30.52,164.06
M2,M203,ACACET,4.7,M,M,17.34065,2,4.82,2.82,4.55,2,16.23,30.52,148.0082
M2,M203,ACACET,2.3,M,M,4.15265,2,4.82,2.82,4.55,2,16.23,30.52,19.5938
M2,M203,ACACET,2.4,M,M,4.5216,0.9,1.72,0.82,0.63,2,0.3,0.17,24.9444
M2,M203,ACACET,10,M,M,78.5,1.7,3.7,2,2.63,2,5.35,7.13,431.59
M2,M203,ACACET,16.6,M,M,216.3146,1.75,4.9,3.15,4.81,2,18.14,38.1,784.7296
M2,M203,ACACET,7.9,M,M,48.99185,1.75,4.9,3.15,4.81,2,18.14,38.1,319.2274
M2,M203,ACACET,16.5,M,M,213.71625,0.6,3.3,2.7,3.25,2,8.21,14.78,779.379
M2,M203,ACACET,14.1,,b,156.06585,0.6,3.3,2.7,3.25,2,8.21,14.78,650.9646
M2,M203,ACACET,19.9,M,M,310.86785,2.24,5.51,3.27,4.94,2,19.16,41.76,961.2994
M2,M203,ACACET,17.5,,b,240.40625,2.24,5.51,3.27,4.94,2,19.16,41.76,832.885
M2,M203,ACACET,4.3,M,M,14.51465,1.67,4.05,2.38,2.52,2,4.94,7.84,126.6058
M2,M203,ACACET,4.1,,b,13.19585,1.67,4.05,2.38,2.52,2,4.94,7.84,115.9046
M2,M203,ACACET,5.9,M,M,27.32585,1.67,4.05,2.38,2.52,2,4.94,7.84,212.2154
M2,M203,ACACET,6.3,M,M,31.15665,1.6,4.35,2.75,7.68,2,46.16,84.62,233.6178
M2,M203,ACACET,1.8,,b,2.5434,1.6,4.35,2.75,7.68,2,46.16,84.62,-7.1592
M2,M203,ACACET,3.8,M,M,11.3354,1.6,4.35,2.75,7.68,2,46.16,84.62,99.8528
M2,M203,ACACET,2.6,,b,5.3066,1.6,4.35,2.75,7.68,2,46.16,84.62,35.6456
M2,M203,ACACET,5.9,M,M,27.32585,1.6,4.35,2.75,7.68,2,46.16,84.62,212.2154
M2,M203,ACACET,6.6,M,M,34.1946,1.6,4.35,2.75,7.68,2,46.16,84.62,249.6696
M2,M203,ACACET,4.6,,b,16.6106,1.6,4.35,2.75,7.68,2,46.16,84.62,142.6576
M2,M203,ACACET,9.3,M,M,67.89465,1.6,4.35,2.75,7.68,2,46.16,84.62,394.1358
M2,M203,ACACET,16,M,M,200.96,1.6,4.35,2.75,7.68,2,46.16,84.62,752.626
M2,M203,ACACET,2.4,M,M,4.5216,1.65,5.3,3.65,6.19,2,29.3,71.29,24.9444
M2,M203,ACACET,9.7,M,M,73.86065,1.65,5.3,3.65,6.19,2,29.3,71.29,415.5382
M2,M203,ACACET,11.8,M,M,109.3034,1.65,5.3,3.65,6.19,2,29.3,71.29,527.9008
M2,M203,ACACET,9.5,,b,70.84625,1.65,5.3,3.65,6.19,2,29.3,71.29,404.837
M2,M203,ACACET,8.8,,b,60.7904,1.65,5.3,3.65,6.19,2,29.3,71.29,367.3828
M2,M203,ACACET,10.7,M,M,89.87465,1.65,5.3,3.65,6.19,2,29.3,71.29,469.0442
M2,M203,ACACET,9.1,,b,65.00585,1.65,5.3,3.65,6.19,2,29.3,71.29,383.4346
M2,M203,ACACET,3.7,,b,10.74665,1.65,5.3,3.65,6.19,2,29.3,71.29,94.5022
M2,M203,ACACET,9.4,M,M,69.3626,1.65,5.3,3.65,6.19,2,29.3,71.29,399.4864
M2,M203,ACACET,2.5,,b,4.90625,1.65,5.3,3.65,6.19,2,29.3,71.29,30.295
M2,M203,ACACET,5.6,M,M,24.6176,1.65,5.3,3.65,6.19,2,29.3,71.29,196.1636
M2,M203,ACACET,1.8,,b,2.5434,1.65,5.3,3.65,6.19,2,29.3,71.29,-7.1592
M2,M203,ACACET,2.5,M,M,4.90625,0.7,1.64,0.94,0.83,2,0.52,0.33,30.295
M2,M203,ACACET,1.1,,b,0.94985,0.7,1.64,0.94,0.83,2,0.52,0.33,-44.6134
M2,M203,ACACET,1.9,,b,2.83385,0.7,1.64,0.94,0.83,2,0.52,0.33,-1.8086
M2,M203,ACACET,2,,b,3.14,0.7,1.64,0.94,0.83,2,0.52,0.33,3.542
M2,M203,ACACET,1.5,,b,1.76625,0.7,1.64,0.94,0.83,2,0.52,0.33,-23.211
M2,M203,ACACET,1.1,,b,0.94985,0.7,1.64,0.94,0.83,2,0.52,0.33,-44.6134
M2,M203,ACACET,2,,b,3.14,0.7,1.64,0.94,0.83,2,0.52,0.33,3.542
M2,M203,ACACET,2.4,M,M,4.5216,1.15,4.14,2.99,4.35,2,14.62,29.14,24.9444
M2,M203,ACACET,1.9,,b,2.83385,1.15,4.14,2.99,4.35,2,14.62,29.14,-1.8086
M2,M203,ACACET,2.8,M,M,6.1544,1.15,4.14,2.99,4.35,2,14.62,29.14,46.3468
M2,M203,ACACET,2.3,M,M,4.15265,1.15,4.14,2.99,4.35,2,14.62,29.14,19.5938
M2,M203,ACACET,1.9,,b,2.83385,1.15,4.14,2.99,4.35,2,14.62,29.14,-1.8086
M2,M203,ACACET,14,M,M,153.86,1.15,4.14,2.99,4.35,2,14.62,29.14,645.614
M2,M203,ACACET,2.4,M,M,4.5216,1.15,4.14,2.99,4.35,2,14.62,29.14,24.9444
M2,M203,ACACET,4.6,M,M,16.6106,1.15,4.14,2.99,4.35,2,14.62,29.14,142.6576
M2,M203,ACACET,1,M,M,0.785,1.15,4.14,2.99,4.35,2,14.62,29.14,-49.964
M2,M203,ACACET,5.7,M,M,25.50465,1.15,4.14,2.99,4.35,2,14.62,29.14,201.5142
M2,M203,ACACET,6.2,M,M,30.1754,1.15,3.6,2.45,2.7,2,5.69,9.3,228.2672
M2,M203,ACACET,4.7,M,M,17.34065,1.15,3.6,2.45,2.7,2,5.69,9.3,148.0082
M2,M203,ACACET,8.5,M,M,56.71625,1.1,4.95,3.85,5.43,2,22.8,58.51,351.331
M2,M203,ACACET,21.7,M,M,369.64865,1.1,4.95,3.85,5.43,2,22.8,58.51,1057.6102
M2,M203,ACACET,4.6,M,M,16.6106,1.4,2.44,1.04,1.41,2,1.55,1.08,142.6576
M2,M203,ACACET,1.5,M,M,1.76625,0.5,0.95,0.45,0.13,2,0.01,0,-23.211
M2,M203,ACACET,2.4,M,M,4.5216,1.05,1.59,0.54,0.9,2,0.57,0.2,24.9444
M2,M203,ACACET,8,M,M,50.24,0.3,2,1.7,1.9,2,2.15,2.43,324.578
M2,M203,ACACET,20.7,M,M,336.36465,1.9,4.77,2.87,4.55,2,15.83,30.28,1004.1042
M2,M203,ACACET,14,M,M,153.86,1.9,3.9,2,3.41,2,8.75,11.67,645.614
M2,M204,ACACET,13.5,M,M,143.06625,1.57,4.7,3.13,2.82,2,5.29,11.04,618.861
M2,M204,ACACET,9.9,M,M,76.93785,2.6,3.45,0.85,2.28,2,4.05,2.3,426.2394
M2,M204,ACACET,12.6,M,M,124.6266,0.95,2.65,1.7,2.75,2,5.93,6.73,570.7056
M2,M204,ACACET,9.3,,b,67.89465,0.95,2.65,1.7,2.75,2,5.93,6.73,394.1358
M2,M204,ACACET,6.4,M,M,32.1536,0.7,1.3,0.6,1.48,2,1.6,0.64,238.9684
M2,M204,ACACET,7.4,M,M,42.9866,0.7,4.25,3.55,4.95,2,19.22,45.48,292.4744
M2,M204,ACACET,1,,b,0.785,0.7,4.25,3.55,4.95,2,19.22,45.48,-49.964
M2,M204,ACACET,6.5,M,M,33.16625,0.9,4.25,3.35,4.95,2,19.22,42.92,244.319
M2,M204,ACACET,5,,b,19.625,0.9,4.25,3.35,4.95,2,19.22,42.92,164.06
M2,M204,ACACET,3.1,M,M,7.54385,0.9,4.25,3.35,4.95,2,19.22,42.92,62.3986
M2,M204,ACACET,1.6,,b,2.0096,0.9,4.25,3.35,4.95,2,19.22,42.92,-17.8604
M2,M204,ACACET,3.8,M,M,11.3354,0.9,4.25,3.35,4.95,2,19.22,42.92,99.8528
M2,M204,ACACET,9,M,M,63.585,0.9,4.25,3.35,4.95,2,19.22,42.92,378.084
M2,M204,ACACET,3.1,M,M,7.54385,0.9,4.25,3.35,4.95,2,19.22,42.92,62.3986
M2,M204,ACACET,16,,b,200.96,0.6,2.1,1.5,0.45,2,0.16,0.16,752.626
M2,M204,ACACET,8.1,M,M,51.50385,0.9,4.25,3.35,4.95,2,19.22,42.92,329.9286
M2,M204,ACACET,3.1,,b,7.54385,0.9,4.25,3.35,4.95,2,19.22,42.92,62.3986
M2,M204,ACACET,2.1,M,M,3.46185,0.9,4.25,3.35,4.95,2,19.22,42.92,8.8926
M2,M204,ACACET,2.2,M,M,3.7994,0.9,4.25,3.35,4.95,2,19.22,42.92,14.2432
M2,M204,ACACET,28.3,M,M,628.69865,1.3,6.35,5.05,6.18,2,28.85,97.12,1410.7498
M2,M204,ACACET,4.9,M,M,18.84785,1.1,2.25,1.15,2.3,2,4.08,3.13,158.7094
M2,M204,ACACET,3.7,M,M,10.74665,1.2,3.4,2.2,2.2,2,3.79,5.56,94.5022
M2,M204,ACACET,6.3,M,M,31.15665,1.2,3.4,2.2,2.2,2,3.79,5.56,233.6178
M2,M204,ACACET,1.2,,b,1.1304,1.2,3.4,2.2,2.2,2,3.79,5.56,-39.2628
M2,M204,ACACET,5.9,M,M,27.32585,1.3,3.75,2.45,2.55,2,5.1,8.33,212.2154
M2,M204,ACACET,6,M,M,28.26,1.3,3.75,2.45,2.55,2,5.1,8.33,217.566
M2,M204,ACACET,5,M,M,19.625,1.3,3.75,2.45,2.55,2,5.1,8.33,164.06
M2,M204,ACACET,2.6,M,M,5.3066,1.1,4,2.9,0.89,2,0.57,1.1,35.6456
M2,M204,ACACET,2.1,,b,3.46185,1.1,4,2.9,0.89,2,0.57,1.1,8.8926
M2,M204,ACACET,9.9,M,M,76.93785,1.1,4,2.9,0.89,2,0.57,1.1,426.2394
M2,M204,ACACET,15.8,M,M,195.9674,1.1,4,2.9,0.89,2,0.57,1.1,741.9248
M2,M204,ACACET,5.6,M,M,24.6176,1.1,4,2.9,0.89,2,0.57,1.1,196.1636
M2,M204,ACACET,7.3,M,M,41.83265,1.1,4,2.9,0.89,2,0.57,1.1,287.1238
M2,M204,ACACET,4.9,M,M,18.84785,1.1,4,2.9,0.89,2,0.57,1.1,158.7094
M2,M204,ACACET,4.9,M,M,18.84785,1.1,4,2.9,0.89,2,0.57,1.1,158.7094
M2,M204,ACACET,8.9,M,M,62.17985,1.1,4,2.9,0.89,2,0.57,1.1,372.7334
M2,M204,ACACET,5.8,,b,26.4074,1.1,4,2.9,0.89,2,0.57,1.1,206.8648
M2,M204,ACACET,2,,b,3.14,1.1,4,2.9,0.89,2,0.57,1.1,3.542
M2,M204,ACACET,9,M,M,63.585,1.1,4,2.9,0.89,2,0.57,1.1,378.084
M2,M204,ACACET,4.6,,b,16.6106,1.1,4,2.9,0.89,2,0.57,,142.6576
M2,M204,ACACET,6.3,M,M,31.15665,1.1,4,2.9,0.89,2,0.57,1.1,233.6178
M2,M204,ACACET,6.9,M,M,37.37385,1.1,4,2.9,0.89,2,0.57,1.1,265.7214
M2,M204,ACACET,6,,b,28.26,1.1,4,2.9,0.89,2,0.57,,217.566
M2,M204,ACACET,6.2,M,M,30.1754,1.1,4,2.9,0.89,2,0.57,1.1,228.2672
M2,M204,ACACET,5.7,M,M,25.50465,1.1,4,2.9,0.89,2,0.57,1.1,201.5142
M2,M204,ACACET,5.4,,b,22.8906,1.1,4,2.9,0.89,2,0.57,1.1,185.4624
M2,M204,ACACET,2.2,,b,3.7994,1.1,4,2.9,0.89,2,0.57,1.1,14.2432
M2,M204,ACACET,3.2,,b,8.0384,1.1,4,2.9,0.89,2,0.57,1.1,67.7492
M2,M204,ACACET,1.9,M,M,2.83385,1.1,4,2.9,0.89,2,0.57,1.1,-1.8086
M2,M204,ACACET,8.8,M,M,60.7904,1.1,4,2.9,0.89,2,0.57,1.1,367.3828
M2,M204,ACACET,5.7,M,M,25.50465,1.1,4,2.9,0.89,2,0.57,1.1,201.5142
M2,M204,ACACET,9.5,M,M,70.84625,1.1,4,2.9,0.89,2,0.57,1.1,404.837
M2,M204,ACACET,7.2,,b,40.6944,1.1,4,2.9,0.89,2,0.57,1.1,281.7732
M2,M204,ACACET,7.5,M,M,44.15625,1.1,4,2.9,0.89,2,0.57,1.1,297.825
M2,M204,ACACET,4.2,M,M,13.8474,1.1,4,2.9,0.89,2,0.57,1.1,121.2552
M2,M204,ACACET,7.9,M,M,48.99185,0.6,2.6,2,2.73,2,5.82,7.77,319.2274
M2,M204,ACACET,4.8,,b,18.0864,0.6,2.6,2,2.73,2,5.82,7.77,153.3588
M2,M204,ACACET,1.3,,b,1.32665,0.6,2.6,2,2.73,2,5.82,7.77,-33.9122
M2,M204,ACACET,2.4,M,M,4.5216,0.9,1.6,0.7,1.83,2,2.6,1.21,24.9444
M2,M204,ACACET,2,,b,3.14,0.9,1.6,0.7,1.83,2,2.6,1.21,3.542
M2,M204,ACACET,2.1,,b,3.46185,0.9,1.6,0.7,1.83,2,2.6,1.21,8.8926
M2,M204,ACACET,1.7,,b,2.26865,0.9,1.6,0.7,1.83,2,2.6,1.21,-12.5098
M2,M204,ACACET,4.8,M,M,18.0864,0.9,2.4,1.5,2.18,2,3.7,3.7,153.3588
M2,M204,ACACET,1.5,,b,1.76625,0.9,2.4,1.5,2.18,2,3.7,3.7,-23.211
M2,M204,ACACET,21.8,M,M,373.0634,1,4.25,3.25,5.15,2,20.8,45.07,1062.9608
M2,M204,ACACET,11,,b,94.985,1,4.25,3.25,5.15,2,20.8,45.07,485.096
M2,M204,ACACET,12,M,M,113.04,1.4,3,1.6,4.36,2,14.77,15.75,538.602
M2,M204,ACACET,8,,b,50.24,1.4,3,1.6,4.36,2,14.77,15.75,324.578
M2,M204,ACACET,7.4,,b,42.9866,1.4,3,1.6,4.36,2,14.77,15.75,292.4744
M2,M204,ACACET,11.5,,b,103.81625,1.4,3,1.6,4.36,2,14.77,15.75,511.849
M2,M205,ACACET,14.5,M,M,165.04625,1.1,3.83,2.73,4.36,3,14.82,26.98,672.367
M2,M205,ACACET,11.6,,b,105.6296,1.1,3.83,2.73,4.36,3,14.82,26.98,517.1996
M2,M205,ACACET,8.5,M,M,56.71625,0.8,2,1.2,2.38,3,4.43,3.54,351.331
M2,M205,ACACET,14.2,M,M,158.2874,1.2,4.11,2.91,6.02,3,28.44,55.17,656.3152
M2,M205,ACACET,16.7,M,M,218.92865,0.8,2.91,2.11,4,3,12.51,17.59,790.0802
M2,M205,ACACET,9.1,M,M,65.00585,1.3,3.73,2.43,3.38,3,8.93,14.47,383.4346
M2,M205,ACACET,8,M,M,50.24,1.3,3.73,2.43,3.38,3,8.93,14.47,324.578
M2,M205,ACACET,2,M,M,3.14,1,2.65,1.65,1.15,3,1.02,1.12,3.542
M2,M205,ACACET,1.3,,b,1.32665,1,2.65,1.65,1.15,3,1.02,1.12,-33.9122
M2,M205,ACACET,1.2,,b,1.1304,1,2.65,1.65,1.15,3,1.02,1.12,-39.2628
M2,M205,ACACET,1.3,,b,1.32665,1,2.65,1.65,1.15,3,1.02,1.12,-33.9122
M2,M205,ACACET,1,,b,0.785,1,2.65,1.65,1.15,3,1.02,1.12,-49.964
M2,M205,ACACET,1,,b,0.785,1,2.65,1.65,1.15,3,1.02,1.12,-49.964
M2,M205,ACACET,8.5,M,M,56.71625,1.4,3.71,2.31,3.48,3,9.42,14.51,351.331
M2,M205,ACACET,6.5,,b,33.16625,1.4,3.71,2.31,3.48,3,9.42,14.51,244.319
M2,M205,ACACET,7.3,,b,41.83265,1.4,3.71,2.31,3.48,3,9.42,14.51,287.1238
M2,M205,ACACET,12.8,M,M,128.6144,1.72,3.7,1.98,4.15,3,13.46,17.76,581.4068
M2,M205,ACACET,4.2,M,M,13.8474,0.8,2,1.2,2.55,3,4.87,3.89,121.2552
M2,M205,ACACET,5,M,M,19.625,0.8,2,1.2,2.55,3,4.87,3.89,164.06
M2,M205,ACACET,6.3,M,M,31.15665,0.8,2,1.2,2.55,3,4.87,3.89,233.6178
M2,M205,ACACET,5,M,M,19.625,0.95,2.22,1.27,2.08,3,3.37,2.85,164.06
M2,M205,ACACET,7.3,M,M,41.83265,1,2.62,1.62,2.82,3,6.1,6.59,287.1238
M2,M205,ACACET,6.8,,b,36.2984,1,2.62,1.62,2.82,3,6.1,6.59,260.3708
M2,M205,ACACET,8.1,M,M,51.50385,0.8,2.12,1.32,2.55,3,4.87,4.28,329.9286
M2,M205,ACACET,4.6,,b,16.6106,0.8,2.12,1.32,2.55,3,4.87,4.28,142.6576
M2,M205,ACACET,4.1,,b,13.19585,0.8,2.12,1.32,2.55,3,4.87,4.28,115.9046
M2,M205,ACACET,2.5,,b,4.90625,0.8,2.12,1.32,2.55,3,4.87,4.28,30.295
M2,M205,ACACET,1.9,,b,2.83385,0.8,2.12,1.32,2.55,3,4.87,4.28,-1.8086
M2,M205,ACACET,6.5,M,M,33.16625,0.9,2.26,1.36,2.61,3,5.35,4.85,244.319
M2,M205,ACACET,4,M,M,12.56,1.1,3.22,2.12,4.67,3,16.45,23.26,110.554
M2,M205,ACACET,4.7,M,M,17.34065,1.1,3.22,2.12,4.67,3,16.45,23.26,148.0082
M2,M205,ACACET,7,M,M,38.465,1.1,3.22,2.12,4.67,3,16.45,23.26,271.072
M2,M205,ACACET,8.2,M,M,52.7834,1.1,3.22,2.12,4.67,3,16.45,23.26,335.2792
M2,M205,ACACET,4,,b,12.56,1.1,3.22,2.12,4.67,3,16.45,23.26,110.554
M2,M205,ACACET,6.9,M,M,37.37385,1.1,3.22,2.12,4.67,3,16.45,23.26,265.7214
M2,M205,ACACET,5.6,,b,24.6176,1.1,3.22,2.12,4.67,3,16.45,23.26,196.1636
M2,M205,ACACET,6.4,M,M,32.1536,1.1,3.22,2.12,4.67,3,16.45,23.26,238.9684
M2,M205,ACACET,3.1,,b,7.54385,1.1,3.22,2.12,4.67,3,16.45,23.26,62.3986
M2,M205,ACACET,2.9,M,M,6.60185,0.95,1.91,0.96,2.3,3,4.1,2.62,51.6974
M2,M205,ACACET,6.2,M,M,30.1754,0.95,1.91,0.96,2.3,3,4.1,2.62,228.2672
M2,M205,ACACET,11,M,M,94.985,5.57,7.31,1.74,NA,3,NA,NA,485.096
M2,M205,ACACET,10.2,,b,81.6714,5.57,7.31,1.74,NA,3,NA,NA,442.2912
M2,M205,ACACET,6.5,M,M,33.16625,5.57,7.31,1.74,NA,3,NA,NA,244.319
M2,M205,ACACET,9.8,M,M,75.3914,5.57,7.31,1.74,NA,3,NA,NA,420.8888
M2,M205,ACACET,2.8,,b,6.1544,5.57,7.31,1.74,NA,3,NA,NA,46.3468
M2,M205,ACACET,9.3,,b,67.89465,5.57,7.31,1.74,NA,3,NA,NA,394.1358
M2,M205,ACACET,8.5,,b,56.71625,5.57,7.31,1.74,NA,3,NA,NA,351.331
M2,M205,ACACET,8,,b,50.24,5.57,7.31,1.74,NA,3,NA,NA,324.578
M2,M205,ACACET,3.3,,b,8.54865,5.57,7.31,1.74,NA,3,NA,NA,73.0998
M2,M205,ACACET,2.5,,b,4.90625,5.57,7.31,1.74,NA,3,NA,NA,30.295
M2,M206,ACACET,8.8,M,M,60.7904,1.1,3.5,2.4,3.55,3,9.89,15.82,367.3828
M2,M206,ACACET,7.3,,b,41.83265,1.1,3.5,2.4,3.55,3,9.89,15.82,287.1238
M2,M206,ACACET,13.8,M,M,149.4954,0.95,3.05,2.1,3.75,3,11.04,15.45,634.9128
M2,M207,ACACET,5.8,M,M,26.4074,1,2.97,1.97,2.47,2,4.73,6.21,206.8648
M2,M207,ACACET,9.8,M,M,75.3914,1.4,3.47,2.07,3.64,2,10.37,14.31,420.8888
M2,M207,ACACET,9.4,,b,69.3626,1.4,3.47,2.07,3.64,2,10.37,14.31,399.4864
M2,M207,ACACET,7.1,M,M,39.57185,1.7,2.8,1.1,3.27,2,8.37,6.14,276.4226
M2,M207,ACACET,8.9,M,M,62.17985,1.4,4,2.6,4.59,2,16.47,28.54,372.7334
M2,M207,ACACET,3,,b,7.065,1.4,4,2.6,4.59,2,16.47,28.54,57.048
M2,M207,ACACET,13.8,M,M,149.4954,1.4,4,2.6,4.59,2,16.47,28.54,634.9128
M2,M207,ACACET,8.8,M,M,60.7904,1.4,4,2.6,4.59,2,16.47,28.54,367.3828
M2,M207,ACACET,10.3,M,M,83.28065,1.4,4,2.6,4.59,2,16.47,28.54,447.6418
M2,M207,ACACET,7.9,M,M,48.99185,1.5,4.05,2.55,3.25,2,8.27,14.07,319.2274
M2,M207,ACACET,6.6,M,M,34.1946,1.5,4.05,2.55,3.25,2,8.27,14.07,249.6696
M2,M207,ACACET,6.3,,b,31.15665,1.5,4.05,2.55,3.25,2,8.27,14.07,233.6178
M2,M207,ACACET,3.8,M,M,11.3354,1.5,4.05,2.55,3.25,2,8.27,14.07,99.8528
M2,M207,ACACET,1.4,,b,1.5386,1.5,4.05,2.55,3.25,2,8.27,14.07,-28.5616
M2,M207,ACACET,3.7,M,M,10.74665,1.5,5.5,4,3.91,2,11.92,31.8,94.5022
M2,M207,ACACET,12.6,M,M,124.6266,1.5,5.5,4,3.91,2,11.92,31.8,570.7056
M2,M207,ACACET,3.9,M,M,11.93985,0.95,1.92,0.97,1.54,2,1.84,1.19,105.2034
M2,M207,ACACET,2.3,,b,4.15265,0.95,1.92,0.97,1.54,2,1.84,1.19,19.5938
M2,M207,ACACET,8.9,M,M,62.17985,2.1,4.55,2.45,3.72,2,10.75,17.56,372.7334
M2,M207,ACACET,2.1,M,M,3.46185,2.1,4.55,2.45,3.72,2,10.75,17.56,8.8926
M2,M207,ACACET,1.7,,b,2.26865,2.1,4.55,2.45,3.72,2,10.75,17.56,-12.5098
M2,M207,ACACET,6.4,M,M,32.1536,2.1,4.55,2.45,3.72,2,10.75,17.56,238.9684
M2,M207,ACACET,8.1,M,M,51.50385,2.1,4.55,2.45,3.72,2,10.75,17.56,329.9286
M2,M207,ACACET,4.9,M,M,18.84785,0.7,3.39,2.69,2.35,2,4.29,7.69,158.7094
M2,M207,ACACET,5.4,M,M,22.8906,0.7,3.39,2.69,2.35,2,4.29,7.69,185.4624
M2,M207,ACACET,8.7,M,M,59.41665,1.4,3.52,2.12,4.12,2,13.24,18.72,362.0322
M2,M207,ACACET,11.6,M,M,105.6296,1.4,3.52,2.12,4.12,2,13.24,18.72,517.1996
M2,M207,ACACET,7.2,,b,40.6944,1.4,3.52,2.12,4.12,2,13.24,18.72,281.7732
M2,M207,ACACET,6.3,M,M,31.15665,1.4,2.9,1.5,2.34,2,4.26,4.26,233.6178
M2,M207,ACACET,4.5,M,M,15.89625,1.4,2.7,1.3,1.65,2,1.9,1.65,137.307
M2,M207,ACACET,6,M,M,28.26,1.4,2.7,1.3,1.65,2,1.9,1.65,217.566
M2,M207,ACACET,6,M,M,28.26,1.4,3.35,1.95,4.3,2,14.32,18.61,217.566
M2,M207,ACACET,1.8,,b,2.5434,1.4,3.35,1.95,4.3,2,14.32,18.61,-7.1592
M2,M207,ACACET,13.5,M,M,143.06625,1.4,3.35,1.95,4.3,2,14.32,18.61,618.861
M2,M207,ACACET,17,M,M,226.865,1.2,3.5,2.3,4,2,12.41,19.02,806.132
M2,M207,ACACET,4.5,M,M,15.89625,1.8,4.2,2.4,3.5,2,9.42,15.07,137.307
M2,M207,ACACET,15.2,M,M,181.3664,1.8,4.2,2.4,3.5,2,9.42,15.07,709.8212
M2,M207,ACACET,13.9,M,M,151.66985,0.9,2.9,2,3.69,2,10.65,14.21,640.2634
M2,M207,ACACET,16,M,M,200.96,0.9,4.15,3.25,5.94,2,25.85,56.01,752.626
M2,M207,ACACET,11.8,M,M,109.3034,0.9,4.15,3.25,5.94,2,25.85,56.01,527.9008
M2,M207,ACACET,11.4,,b,102.0186,0.9,4.15,3.25,5.94,2,25.85,56.01,506.4984
M2,M207,ACACET,10,,b,78.5,0.7,2,1.3,2.93,2,6.59,5.71,431.59
M2,M208,ACACET,12.7,M,M,126.61265,2.07,4.72,2.65,4.3,3,14.51,25.64,576.0562
M2,M208,ACACET,12.2,M,M,116.8394,1.82,4.32,2.5,5.72,3,25.65,42.75,549.3032
M2,M208,ACACET,12,,b,113.04,1.82,4.32,2.5,5.72,3,25.65,42.75,538.602
M2,M208,ACACET,10.7,,b,89.87465,1.82,4.32,2.5,5.72,3,25.65,42.75,469.0442
M2,M208,ACACET,13.3,M,M,138.85865,1.94,3.82,1.88,3.72,3,10.86,13.61,608.1598
M2,M208,ACACET,16.4,M,M,211.1336,0.8,3.25,2.45,5.39,3,22.56,36.84,774.0284
M2,M208,ACACET,10.6,,b,88.2026,0.8,3.25,2.45,5.39,3,22.56,36.84,463.6936
M2,M208,ACACET,4.6,M,M,16.6106,1.2,3.15,1.95,4.31,3,14.53,18.89,142.6576
M2,M208,ACACET,2.5,,b,4.90625,1.2,3.15,1.95,4.31,3,14.53,18.89,30.295
M2,M208,ACACET,8.4,M,M,55.3896,1.2,3.15,1.95,4.31,3,14.53,18.89,345.9804
M2,M208,ACACET,1.7,M,M,2.26865,1.2,3.15,1.95,4.31,3,14.53,18.89,-12.5098
M2,M208,ACACET,17.6,M,M,243.1616,1.6,3.98,2.38,4.25,3,14.17,22.49,838.2356
M2,M208,ACACET,1.4,M,M,1.5386,0.55,1.1,0.55,1,3,0.59,0.22,-28.5616
M2,M208,ACACET,1.4,,b,1.5386,0.55,1.1,0.55,1,3,0.59,0.22,-28.5616
M2,M208,ACACET,1,,b,0.785,0.55,1.1,0.55,1,3,0.59,0.22,-49.964
M2,M208,ACACET,1.1,,b,0.94985,0.55,1.1,0.55,1,3,0.59,0.22,-44.6134
M2,M208,ACACET,1.4,M,M,1.5386,0.35,1.4,1.05,1.35,3,1.41,0.99,-28.5616
M2,M208,ACACET,1.3,,b,1.32665,0.35,1.4,1.05,1.35,3,1.41,0.99,-33.9122
M2,M208,ACACET,1,,b,0.785,0.35,1.4,1.05,1.35,3,1.41,0.99,-49.964
M2,M208,ACACET,1,,b,0.785,0.35,1.4,1.05,1.35,3,1.41,0.99,-49.964
M2,M208,ACACET,1,,b,0.785,0.35,1.4,1.05,1.35,3,1.41,0.99,-49.964
M2,M208,ACACET,6.7,M,M,35.23865,1.3,3.85,2.55,3.05,3,7.09,12.05,255.0202
M2,M208,ACACET,8.1,M,M,51.50385,0.9,3.63,2.73,5.06,3,19.38,35.26,329.9286
M2,M208,ACACET,6.8,,b,36.2984,0.9,3.63,2.73,5.06,3,19.38,35.26,260.3708
M2,M208,ACACET,2.7,,b,5.72265,0.9,3.63,2.73,5.06,3,19.38,35.26,40.9962
M2,M208,ACACET,6.8,M,M,36.2984,0.9,3.63,2.73,5.06,3,19.38,35.26,260.3708
M2,M208,ACACET,6.4,,b,32.1536,0.9,3.63,2.73,5.06,3,19.38,35.26,238.9684
M2,M208,ACACET,8.9,M,M,62.17985,0.9,3.63,2.73,5.06,3,19.38,35.26,372.7334
M2,M208,ACACET,5.2,,b,21.2264,0.9,3.63,2.73,5.06,3,19.38,35.26,174.7612
M2,M208,ACACET,11.3,M,M,100.23665,0.9,3.63,2.73,5.06,3,19.38,35.26,501.1478
M2,M208,ACACET,9,,b,63.585,0.9,3.63,2.73,5.06,3,19.38,35.26,378.084
M2,M208,ACACET,6,,b,28.26,0.9,3.63,2.73,5.06,3,19.38,35.26,217.566
M2,M208,ACACET,6,M,M,28.26,1.4,3.57,2.17,4.93,3,18.53,26.8,217.566
M2,M208,ACACET,9.8,M,M,75.3914,1.4,3.57,2.17,4.93,3,18.53,26.8,420.8888
M2,M208,ACACET,7.5,M,M,44.15625,1.6,4.15,2.55,6.55,3,33.37,56.72,297.825
M2,M208,ACACET,5.6,,b,24.6176,1.6,4.15,2.55,6.55,3,33.37,56.72,196.1636
M2,M208,ACACET,6,,b,28.26,1.6,4.15,2.55,6.55,3,33.37,56.72,217.566
M2,M208,ACACET,1.1,M,M,0.94985,1.6,4.15,2.55,6.55,3,33.37,56.72,-44.6134
M2,M208,ACACET,7.5,M,M,44.15625,1.6,4.15,2.55,6.55,3,33.37,56.72,297.825
M2,M208,ACACET,1.8,,b,2.5434,1.6,4.15,2.55,6.55,3,33.37,56.72,-7.1592
M2,M208,ACACET,6.1,M,M,29.20985,1.6,4.15,2.55,6.55,3,33.37,56.72,222.9166
M2,M208,ACACET,4.4,,b,15.1976,1.6,4.15,2.55,6.55,3,33.37,56.72,131.9564
M2,M208,ACACET,2,,b,3.14,1.6,4.15,2.55,6.55,3,33.37,56.72,3.542
M2,M208,ACACET,15.9,M,M,198.45585,1.6,4.15,2.55,6.55,3,33.37,56.72,747.2754
M2,M209,ACACET,10.4,M,M,84.9056,0.7,1.7,1,1.15,2,0.94,0.63,452.9924
M2,M209,ACACET,4.5,,b,15.89625,0.7,1.7,1,1.15,2,0.94,0.63,137.307
M2,M209,ACACET,2.5,M,M,4.90625,0.7,1.7,1,1.15,2,0.94,0.63,30.295
M2,M209,ACACET,1.9,,b,2.83385,0.7,1.7,1,1.15,2,0.94,0.63,-1.8086
M2,M209,ACACET,10,M,M,78.5,1.1,3.43,2.33,3.95,2,12.15,18.87,431.59
M2,M209,ACACET,7.4,M,M,42.9866,1.1,3.43,2.33,3.95,2,12.15,18.87,292.4744
M2,M209,ACACET,5.5,M,M,23.74625,1.1,3.43,2.33,3.95,2,12.15,18.87,190.813
M2,M209,ACACET,3.8,,b,11.3354,1.1,3.43,2.33,3.95,2,12.15,18.87,99.8528
M2,M209,ACACET,3.7,,b,10.74665,1.1,3.43,2.33,3.95,2,12.15,18.87,94.5022
M2,M209,ACACET,3.7,,b,10.74665,1.1,3.43,2.33,3.95,2,12.15,18.87,94.5022
M2,M209,ACACET,9.5,M,M,70.84625,0.8,1.85,1.05,3.48,2,9.51,6.65,404.837
M2,M209,ACACET,6.8,,b,36.2984,0.8,1.85,1.05,3.48,2,9.51,6.65,260.3708
M2,M209,ACACET,6.5,M,M,33.16625,1,2.25,1.25,1.51,2,1.71,1.43,244.319
M2,M209,ACACET,1.3,,b,1.32665,1,2.25,1.25,1.51,2,1.71,1.43,-33.9122
M2,M209,ACACET,11.3,M,M,100.23665,0.6,3.3,2.7,3.12,2,7.25,13.04,501.1478
M2,M209,ACACET,2.2,,b,3.7994,0.6,3.3,2.7,3.12,2,7.25,13.04,14.2432
M2,M210,ACACET,15.9,M,M,198.45585,1.4,4.4,3,4.36,3,14.82,29.64,747.2754
M2,M210,ACACET,18,M,M,254.34,1.5,4.27,2.77,6.22,3,30.31,55.97,859.638
M2,M210,ACACET,10.9,M,M,93.26585,1.5,4.27,2.77,6.22,3,30.31,55.97,479.7454
M2,M210,ACACET,8.1,M,M,51.50385,1.25,3.05,1.8,2.08,3,3.3,3.96,329.9286
M2,M216,ACACET,9.8,M,M,75.3914,1.82,6.33,4.51,1.93,1,2.86,8.61,420.8888
M2,M217,ACACET,4.6,M,M,16.6106,0.3,1.7,1.4,2.23,1,3.89,3.63,142.6576
M2,M217,ACACET,8.5,M,M,56.71625,1.1,2.5,1.4,2.35,1,4.33,4.04,351.331
M2,M217,ACACET,3.8,,b,11.3354,1.1,2.5,1.4,2.35,1,4.33,4.04,99.8528
M2,M217,ACACET,2.4,M,M,4.5216,1.1,2.52,1.42,2,1,2.86,2.71,24.9444
M2,M217,ACACET,1.8,,b,2.5434,1.1,2.52,1.42,2,1,2.86,2.71,-7.1592
M2,M217,ACACET,1.9,,b,2.83385,1.1,2.52,1.42,2,1,2.86,2.71,-1.8086
M2,M217,ACACET,1,,b,0.785,1.1,2.52,1.42,2,1,2.86,2.71,-49.964
M2,M217,ACACET,1.6,,b,2.0096,1.1,2.52,1.42,2,1,2.86,2.71,-17.8604
M2,M217,ACACET,2.1,,b,3.46185,1.1,2.52,1.42,2,1,2.86,2.71,8.8926
M2,M217,ACACET,2,,b,3.14,1.1,2.52,1.42,2,1,2.86,2.71,3.542
M2,M217,ACACET,1.3,,b,1.32665,1.1,2.52,1.42,2,1,2.86,2.71,-33.9122
M2,M217,ACACET,1.5,,b,1.76625,1.1,2.52,1.42,2,1,2.86,2.71,-23.211
M2,M217,ACACET,1.4,,b,1.5386,1.1,2.52,1.42,2,1,2.86,2.71,-28.5616
M2,M217,ACACET,1.2,,b,1.1304,1.1,2.52,1.42,2,1,2.86,2.71,-39.2628
M2,M217,ACACET,1,,b,0.785,1.1,2.52,1.42,2,1,2.86,2.71,-49.964
M2,M217,ACACET,1.8,,b,2.5434,1.1,2.52,1.42,2,1,2.86,2.71,-7.1592
M2,M217,ACACET,1.2,,b,1.1304,1.1,2.52,1.42,2,1,2.86,2.71,-39.2628
M2,M217,ACACET,1.5,,b,1.76625,1.1,2.52,1.42,2,1,2.86,2.71,-23.211
M2,M217,ACACET,2.2,,b,3.7994,1.1,2.52,1.42,2,1,2.86,2.71,14.2432
M2,M218,ACACET,7.2,M,M,40.6944,1.1,2.1,1,1.25,1,1.21,0.81,281.7732
M2,M218,ACACET,4.5,,b,15.89625,1.1,2.1,1,1.25,1,1.21,0.81,137.307
M2,M218,ACACET,14.5,M,M,165.04625,1.3,4.76,3.46,4.15,1,13.52,31.18,672.367
M2,M218,ACACET,11.2,,b,98.4704,1.3,4.76,3.46,4.15,1,13.52,31.18,495.7972
M2,M218,ACACET,10.5,,b,86.54625,1.3,4.76,3.46,4.15,1,13.52,31.18,458.343
M2,M218,ACACET,9.2,M,M,66.4424,1.1,4.1,3,3.45,1,9.29,18.59,388.7852
M2,M218,ACACET,5.5,,b,23.74625,1.1,4.1,3,3.45,1,9.29,18.59,190.813
M2,M218,ACACET,5.7,M,M,25.50465,1.1,4.1,3,3.45,1,9.29,18.59,201.5142
M2,M218,ACACET,4,,b,12.56,1.1,4.1,3,3.45,1,9.29,18.59,110.554
M2,M218,ACACET,1.4,,b,1.5386,1.1,4.1,3,3.45,1,9.29,18.59,-28.5616
M2,M218,ACACET,1.4,,b,1.5386,1.1,4.1,3,3.45,1,9.29,18.59,-28.5616
M2,M218,ACACET,4.8,M,M,18.0864,1.1,4.1,3,3.45,1,9.29,18.59,153.3588
M2,M218,ACACET,5.4,M,M,22.8906,1.1,4.1,3,3.45,1,9.29,18.59,185.4624
M2,M218,ACACET,3,M,M,7.065,1.1,4.1,3,3.45,1,9.29,18.59,57.048
M2,M218,ACACET,6.3,M,M,31.15665,1.1,4.1,3,3.45,1,9.29,18.59,233.6178
M2,M218,ACACET,1.3,,b,1.32665,1.1,4.1,3,3.45,1,9.29,18.59,-33.9122
M2,M218,ACACET,1.7,,b,2.26865,1.1,4.1,3,3.45,1,9.29,18.59,-12.5098
M2,M218,ACACET,9.9,M,M,76.93785,0.39,1,0.61,2.8,1,0,0,426.2394
M2,M218,ACACET,9.4,M,M,69.3626,0.6,3.1,2.5,3,1,7.03,11.72,399.4864
M2,M218,ACACET,2.3,,b,4.15265,0.6,3.1,2.5,3,1,7.03,11.72,19.5938
M2,M218,ACACET,21,M,M,346.185,1,3.7,2.7,3.15,1,7.63,13.73,1020.156
M2,M219,ACACET,9.5,M,M,70.84625,0.7,3.64,2.94,6.15,1,29.47,57.75,404.837
M2,M219,ACACET,22.5,M,M,397.40625,0.7,3.64,2.94,6.15,1,29.47,57.75,1100.415
M2,M219,ACACET,4,,b,12.56,0.7,3.64,2.94,6.15,1,29.47,57.75,110.554
M2,M219,ACACET,1.8,,b,2.5434,0.7,3.64,2.94,6.15,1,29.47,57.75,-7.1592
M2,M219,ACACET,1.8,,b,2.5434,0.7,3.64,2.94,6.15,1,29.47,57.75,-7.1592
M2,M219,ACACET,9,M,M,63.585,1.2,3.72,2.52,6.07,1,28.92,48.58,378.084
M2,M219,ACACET,8.7,,b,59.41665,1.2,3.72,2.52,6.07,1,28.92,48.58,362.0322
M2,M219,ACACET,9.4,M,M,69.3626,1.2,3.72,2.52,6.07,1,28.92,48.58,399.4864
M2,M219,ACACET,7.6,,b,45.3416,1.2,3.72,2.52,6.07,1,28.92,48.58,303.1756
M2,M219,ACACET,11.3,M,M,100.23665,0.9,3.17,2.27,3.66,1,10.47,15.85,501.1478
M2,M219,ACACET,3.9,,b,11.93985,0.9,3.17,2.27,3.66,1,10.47,15.85,105.2034
M2,M220,ACACET,7,M,M,38.465,1.3,3.12,1.82,3.4,1,9,10.92,271.072
M2,M220,ACACET,5.7,,b,25.50465,1.3,3.12,1.82,3.4,1,9,10.92,201.5142
M2,M220,ACACET,2.1,,b,3.46185,1.3,3.12,1.82,3.4,1,9,10.92,8.8926
M2,M220,ACACET,8.3,M,M,54.07865,1.2,3.45,2.25,4.25,1,14.11,21.16,340.6298
M2,M220,ACACET,18.2,M,M,260.0234,1.2,3.45,2.25,4.25,1,14.11,21.16,870.3392
M2,M220,ACACET,6.6,M,M,34.1946,1.1,2.87,1.77,3.56,1,9.87,11.64,249.6696
M2,M220,ACACET,5.9,,b,27.32585,1.1,2.87,1.77,3.56,1,9.87,11.64,212.2154
M2,M220,ACACET,5.7,,b,25.50465,1.1,2.87,1.77,3.56,1,9.87,11.64,201.5142
M2,M220,ACACET,2.4,,b,4.5216,1.1,2.87,1.77,3.56,1,9.87,11.64,24.9444
M2,M220,ACACET,2.7,,b,5.72265,1.1,2.87,1.77,3.56,1,9.87,11.64,40.9962
M2,M220,ACACET,9.5,M,M,70.84625,1.4,3.82,2.42,6.05,1,28.68,46.27,404.837
M2,M220,ACACET,10.7,M,M,89.87465,1.4,3.82,2.42,6.05,1,28.68,46.27,469.0442
M2,M220,ACACET,7.9,M,M,48.99185,1.4,3.82,2.42,6.05,1,28.68,46.27,319.2274
M2,M220,ACACET,5.3,,b,22.05065,1.4,3.82,2.42,6.05,1,28.68,46.27,180.1118
M2,M220,ACACET,7.8,,b,47.7594,1.4,3.82,2.42,6.05,1,28.68,46.27,313.8768
M2,M220,ACACET,6.9,,b,37.37385,1.4,3.82,2.42,6.05,1,28.68,46.27,265.7214
M2,M220,ACACET,6.5,,b,33.16625,1.4,3.82,2.42,6.05,1,28.68,46.27,244.319
M2,M220,ACACET,9.4,M,M,69.3626,1.4,3.82,2.42,6.05,1,28.68,46.27,399.4864
M2,M220,ACACET,7.2,M,M,40.6944,1.4,3.82,2.42,6.05,1,28.68,46.27,281.7732
M2,M220,ACACET,2.6,,b,5.3066,1.4,3.82,2.42,6.05,1,28.68,46.27,35.6456
M2,M221,ACACET,5.1,M,M,20.41785,0.7,2.26,1.56,2.33,1,4.26,4.43,169.4106
M2,M221,ACACET,4.5,,b,15.89625,0.7,2.26,1.56,2.33,1,4.26,4.43,137.307
M2,M221,ACACET,1.4,,b,1.5386,0.7,2.26,1.56,2.33,1,4.26,4.43,-28.5616
M2,M221,ACACET,1,,b,0.785,0.7,2.26,1.56,2.33,1,4.26,4.43,-49.964
M2,M221,ACACET,15.7,M,M,193.49465,1.5,4.39,2.89,3.53,1,9.69,18.68,736.5742
M2,M221,ACACET,15,M,M,176.625,0.7,3.27,2.57,3.01,1,7.06,12.09,699.12
M2,M221,ACACET,4.7,,b,17.34065,0.7,3.27,2.57,3.01,1,7.06,12.09,148.0082
M2,M222,ACACET,2,M,M,3.14,0.8,1.4,0.6,1.2,1,1.12,0.45,3.542
M2,M222,ACACET,1.7,,b,2.26865,0.8,1.4,0.6,1.2,1,1.12,0.45,-12.5098
M2,M222,ACACET,1,M,M,0.785,0.2,1.1,0.9,1.25,1,1.21,0.73,-49.964
M2,M222,ACACET,13,M,M,132.665,1,2.92,1.92,4.37,1,14.99,19.19,592.108
M2,M222,ACACET,9.4,M,M,69.3626,1,2.92,1.92,4.37,1,14.99,19.19,399.4864
M2,M222,ACACET,5.9,,b,27.32585,1,2.92,1.92,4.37,1,14.99,19.19,212.2154
M2,M222,ACACET,4.9,,b,18.84785,1,2.92,1.92,4.37,1,14.99,19.19,158.7094
M2,M222,ACACET,2.6,,b,5.3066,1,2.92,1.92,4.37,1,14.99,19.19,35.6456
M2,M222,ACACET,2.6,,b,5.3066,1,2.92,1.92,4.37,1,14.99,19.19,35.6456
M2,M222,ACACET,2.2,,b,3.7994,1,2.92,1.92,4.37,1,14.99,19.19,14.2432
M2,M222,ACACET,3,,b,7.065,1,2.92,1.92,4.37,1,14.99,19.19,57.048
M2,M222,ACACET,2.5,,b,4.90625,1,2.92,1.92,4.37,1,14.99,19.19,30.295
M2,M222,ACACET,8.8,M,M,60.7904,0.8,3,2.2,3.21,1,8.02,11.77,367.3828
M2,M223,ACACET,5.4,M,M,22.8906,0.7,2.12,1.42,3.67,1,10.48,9.92,185.4624
M2,M223,ACACET,12.6,M,M,124.6266,1.4,3.84,2.44,4.74,1,17.6,28.62,570.7056
M2,M223,ACACET,16.8,M,M,221.5584,1.92,4.65,2.73,4.01,1,12.44,22.65,795.4308
M2,M223,ACACET,8.3,M,M,54.07865,1,2.85,1.85,3.42,1,8.62,10.63,340.6298
M2,M223,ACACET,5,M,M,19.625,1,2.85,1.85,3.42,1,8.62,10.63,164.06
M2,M223,ACACET,2.5,M,M,4.90625,0.8,1.6,0.8,1.73,1,2.35,1.25,30.295
M2,M223,ACACET,9,M,M,63.585,1.1,2.72,1.62,2.62,1,5.17,5.58,378.084
M2,M223,ACACET,7.3,,b,41.83265,1.1,2.72,1.62,2.62,1,5.17,5.58,287.1238
M2,M223,ACACET,2.7,M,M,5.72265,1.1,2.72,1.62,2.62,1,5.17,5.58,40.9962
M2,M223,ACACET,8.8,M,M,60.7904,1.2,2.7,1.5,2.58,1,5.21,5.21,367.3828
M2,M223,ACACET,9.7,M,M,73.86065,1.3,3.4,2.1,4.08,1,12.95,18.13,415.5382
M2,M223,ACACET,2.8,M,M,6.1544,1.3,3.4,2.1,4.08,1,12.95,18.13,46.3468
M2,M223,ACACET,5.7,M,M,25.50465,1.3,3.4,2.1,4.08,1,12.95,18.13,201.5142
M2,M223,ACACET,5.6,M,M,24.6176,1.3,3.4,2.1,4.08,1,12.95,18.13,196.1636
M2,M223,ACACET,3.1,M,M,7.54385,1.3,3.4,2.1,4.08,1,12.95,18.13,62.3986
M2,M223,ACACET,3.9,M,M,11.93985,1.3,3.4,2.1,4.08,1,12.95,18.13,105.2034
M2,M223,ACACET,4.5,M,M,15.89625,0.8,1.3,0.5,1.4,1,1.54,0.51,137.307
M2,M223,ACACET,2.3,M,M,4.15265,0.8,2.2,1.4,2.2,1,3.79,3.54,19.5938
M2,M223,ACACET,1.2,M,M,1.1304,0.5,1.1,0.6,0.5,1,0.2,0.08,-39.2628
M2,M223,ACACET,8.2,M,M,52.7834,1.4,3.39,1.99,4.46,1,15.49,20.55,335.2792
M2,M223,ACACET,7.3,M,M,41.83265,1.4,3.39,1.99,4.46,1,15.49,20.55,287.1238
M2,M223,ACACET,5.4,M,M,22.8906,1.1,3.3,2.2,6.42,1,32.22,47.25,185.4624
M2,M223,ACACET,8.2,M,M,52.7834,1.1,3.3,2.2,6.42,1,32.22,47.25,335.2792
M2,M223,ACACET,4,M,M,12.56,1.1,3.3,2.2,6.42,1,32.22,47.25,110.554
M2,M223,ACACET,8.2,M,M,52.7834,1.1,3.3,2.2,6.42,1,32.22,47.25,335.2792
M2,M223,ACACET,3.2,M,M,8.0384,1.1,3.3,2.2,6.42,1,32.22,47.25,67.7492
M2,M223,ACACET,6.8,M,M,36.2984,1.1,3.3,2.2,6.42,1,32.22,47.25,260.3708
M2,M223,ACACET,1.7,M,M,2.26865,1.1,1.3,0.2,0.75,1,0.42,0.06,-12.5098
M2,M223,ACACET,4.7,M,M,17.34065,0.5,1.75,1.25,1.59,1,1.86,1.55,148.0082
M2,M223,ACACET,7,M,M,38.465,1.4,3.62,2.22,3.52,1,9.72,14.39,271.072
M2,M223,ACACET,4.2,,b,13.8474,1.4,3.62,2.22,3.52,1,9.72,14.39,121.2552
M2,M223,ACACET,5.8,M,M,26.4074,1.4,3.62,2.22,3.52,1,9.72,14.39,206.8648
M2,M223,ACACET,3.9,,b,11.93985,1.4,3.62,2.22,3.52,1,9.72,14.39,105.2034
M2,M223,ACACET,2,M,M,3.14,0.7,2.04,1.34,1.3,1,1.32,1.18,3.542
M2,M223,ACACET,3.5,M,M,9.61625,0.2,1.2,1,1.15,1,1.04,0.69,83.801
M2,M223,ACACET,1.6,,b,2.0096,0.2,1.2,1,1.15,1,1.04,0.69,-17.8604
M2,M223,ACACET,7.9,M,M,48.99185,0.6,1.07,0.47,2.15,1,3.37,1.06,319.2274
M2,M223,ACACET,7.7,M,M,46.54265,1.15,3.15,2,4.25,1,13.98,18.64,308.5262
M2,M223,ACACET,3.6,M,M,10.1736,0.6,1.15,0.55,0.75,1,0.35,0.13,89.1516
M2,M223,ACACET,5,M,M,19.625,0.6,1.15,0.55,0.75,1,0.35,0.13,164.06
M2,M223,ACACET,5.9,M,M,27.32585,0.6,1.15,0.55,0.75,1,0.35,0.13,212.2154
M2,M223,ACACET,9,M,M,63.585,1.5,3.52,2.02,3.03,1,7.03,9.47,378.084
M2,M223,ACACET,5.8,M,M,26.4074,1,3.6,2.6,3.18,1,7.86,13.62,206.8648
M2,M223,ACACET,5.5,,b,23.74625,1,3.6,2.6,3.18,1,7.86,13.62,190.813
M2,M223,ACACET,7.7,M,M,46.54265,0.85,3.34,2.49,3.15,1,7.76,12.89,308.5262
M2,M223,ACACET,3.3,M,M,8.54865,0.85,3.34,2.49,3.15,1,7.76,12.89,73.0998
M2,M223,ACACET,4.9,M,M,18.84785,0.85,3.34,2.49,3.15,1,7.76,12.89,158.7094
M2,M223,ACACET,1.7,M,M,2.26865,0.85,3.34,2.49,3.15,1,7.76,12.89,-12.5098
M2,M223,ACACET,1.5,M,M,1.76625,0.85,3.34,2.49,3.15,1,7.76,12.89,-23.211
M2,M223,ACACET,2.3,M,M,4.15265,0.85,3.34,2.49,3.15,1,7.76,12.89,19.5938
M2,M223,ACACET,5.2,M,M,21.2264,0.85,3.34,2.49,3.15,1,7.76,12.89,174.7612
M2,M223,ACACET,5.4,M,M,22.8906,0.85,3.34,2.49,3.15,1,7.76,12.89,185.4624
M2,M223,ACACET,3,M,M,7.065,0.55,2.62,2.07,3.44,1,9.25,12.77,57.048
M2,M223,ACACET,3,,b,7.065,0.55,2.62,2.07,3.44,1,9.25,12.77,57.048
M2,M223,ACACET,2.1,,b,3.46185,0.55,2.62,2.07,3.44,1,9.25,12.77,8.8926
M2,M223,ACACET,4.7,M,M,17.34065,0.55,2.62,2.07,3.44,1,9.25,12.77,148.0082
M2,M223,ACACET,3.8,,b,11.3354,0.55,2.62,2.07,3.44,1,9.25,12.77,99.8528
M2,M223,ACACET,7.2,M,M,40.6944,0.55,2.62,2.07,3.44,1,9.25,12.77,281.7732
M2,M223,ACACET,6,,b,28.26,0.55,2.62,2.07,3.44,1,9.25,12.77,217.566
M2,M223,ACACET,6.2,M,M,30.1754,0.55,2.62,2.07,3.44,1,9.25,12.77,228.2672
M2,M223,ACACET,2.5,,b,4.90625,0.55,2.62,2.07,3.44,1,9.25,12.77,30.295
M2,M223,ACACET,13,M,M,132.665,1.15,3.75,2.6,3.48,1,9.45,16.38,592.108
M2,M224,ACACET,7.8,M,M,47.7594,0.75,3.2,2.45,2.8,1,6.12,10,313.8768
M2,M224,ACACET,5.9,M,M,27.32585,1.05,3.5,2.45,4.42,1,15.26,24.92,212.2154
M2,M224,ACACET,4.5,,b,15.89625,1.05,3.5,2.45,4.42,1,15.26,24.92,137.307
M2,M224,ACACET,10.6,M,M,88.2026,1.05,3.5,2.45,4.42,1,15.26,24.92,463.6936
M2,M224,ACACET,9.5,,b,70.84625,1.05,3.5,2.45,4.42,1,15.26,24.92,404.837
M2,M224,ACACET,5.5,M,M,23.74625,1.05,3.5,2.45,4.42,1,15.26,24.92,190.813
M2,M224,ACACET,11.7,M,M,107.45865,1,3.87,2.87,3.84,1,11.5,22.01,522.5502
M2,M224,ACACET,2.3,M,M,4.15265,0.55,0.85,0.3,0.72,1,0.4,0.08,19.5938
M2,M224,ACACET,9.4,M,M,69.3626,1.37,3.15,1.78,3.1,1,7.42,8.8,399.4864
M2,M224,ACACET,5.7,M,M,25.50465,0.7,2.4,1.7,2.74,1,5.84,6.62,201.5142
M2,M224,ACACET,6.8,M,M,36.2984,0.8,2.7,1.9,2.51,1,4.92,6.23,260.3708
M2,M225,ACACET,1.9,M,M,2.83385,0.9,1.3,0.4,0.9,1,0.63,0.17,-1.8086
M2,M225,ACACET,1.7,M,M,2.26865,1,3.3,2.3,3.77,1,10.27,15.75,-12.5098
M2,M225,ACACET,1.7,M,M,2.26865,1,3.3,2.3,3.77,1,10.27,15.75,-12.5098
M2,M225,ACACET,5.9,M,M,27.32585,1,3.3,2.3,3.77,1,10.27,15.75,212.2154
M2,M225,ACACET,4.5,,b,15.89625,1,3.3,2.3,3.77,1,10.27,15.75,137.307
M2,M225,ACACET,4.2,M,M,13.8474,1,3.3,2.3,3.77,1,10.27,15.75,121.2552
M2,M225,ACACET,12.8,M,M,128.6144,1,3.3,2.3,3.77,1,10.27,15.75,581.4068
M2,M225,ACACET,1.8,M,M,2.5434,0.9,1.72,0.82,0.74,1,0.38,0.21,-7.1592
M2,M225,ACACET,1.2,,b,1.1304,0.9,1.72,0.82,0.74,1,0.38,0.21,-39.2628
M2,M225,ACACET,1.7,,b,2.26865,0.9,1.72,0.82,0.74,1,0.38,0.21,-12.5098
M2,M225,ACACET,1.2,,b,1.1304,0.9,1.72,0.82,0.74,1,0.38,0.21,-39.2628
M2,M225,ACACET,1.5,,b,1.76625,0.9,1.72,0.82,0.74,1,0.38,0.21,-23.211
M2,M225,ACACET,5.3,M,M,22.05065,1,2.31,1.31,2.77,1,6.02,5.26,180.1118
M2,M225,ACACET,5.1,,b,20.41785,1,2.31,1.31,2.77,1,6.02,5.26,169.4106
M2,M225,ACACET,4.7,,b,17.34065,1,2.31,1.31,2.77,1,6.02,5.26,148.0082
M2,M225,ACACET,6,M,M,28.26,1.1,1.95,0.85,2.31,1,4.19,2.37,217.566
M2,M225,ACACET,5.3,,b,22.05065,1.1,1.95,0.85,2.31,1,4.19,2.37,180.1118
M2,M225,ACACET,6.3,M,M,31.15665,1.1,3.5,2.4,2.47,1,4.77,7.63,233.6178
M2,M225,ACACET,6.1,,b,29.20985,1.1,3.5,2.4,2.47,1,4.77,7.63,222.9166
M2,M225,ACACET,1.2,,b,1.1304,1.1,3.5,2.4,2.47,1,4.77,7.63,-39.2628
M2,M225,ACACET,4,M,M,12.56,1.1,3.5,2.4,2.47,1,4.77,7.63,110.554
M2,M225,ACACET,2,M,M,3.14,0.8,1.92,1.12,1.67,1,2.19,1.63,3.542
M2,M225,ACACET,1.1,,b,0.94985,0.8,1.92,1.12,1.67,1,2.19,1.63,-44.6134
M2,M225,ACACET,1.4,,b,1.5386,0.8,1.92,1.12,1.67,1,2.19,1.63,-28.5616
M2,M225,ACACET,1.3,,b,1.32665,0.8,1.92,1.12,1.67,1,2.19,1.63,-33.9122
M2,M225,ACACET,1,,b,0.785,0.8,1.92,1.12,1.67,1,2.19,1.63,-49.964
M2,M225,ACACET,1.2,,b,1.1304,0.8,1.92,1.12,1.67,1,2.19,1.63,-39.2628
M2,M225,ACACET,1.2,,b,1.1304,0.8,1.92,1.12,1.67,1,2.19,1.63,-39.2628
M2,M225,ACACET,1,,b,0.785,0.8,1.92,1.12,1.67,1,2.19,1.63,-49.964
M2,M225,ACACET,7.5,M,M,44.15625,0.9,2.7,1.8,2.45,1,4.71,5.65,297.825
M2,M225,ACACET,7,M,M,38.465,0.7,2.86,2.16,2.42,1,4.6,6.62,271.072
M2,M225,ACACET,2.4,,b,4.5216,0.7,2.86,2.16,2.42,1,4.6,6.62,24.9444
M2,M225,ACACET,4.7,M,M,17.34065,0.8,2.48,1.68,2.62,1,5.38,6.03,148.0082
M2,M225,ACACET,4.7,M,M,17.34065,0.8,2.48,1.68,2.62,1,5.38,6.03,148.0082
M2,M225,ACACET,6.2,M,M,30.1754,1.1,2.72,1.62,2.29,1,3.86,4.17,228.2672
M2,M225,ACACET,5.2,M,M,21.2264,1.1,2.72,1.62,2.29,1,3.86,4.17,174.7612
M2,M225,ACACET,3.8,M,M,11.3354,0.6,1.4,0.8,0.5,1,0.19,0.1,99.8528
M2,M225,ACACET,1.4,M,M,1.5386,0.6,1.4,0.8,0.7,1,0.38,0.2,-28.5616
M2,M225,ACACET,8.5,M,M,56.71625,0.7,4.4,3.7,4.82,1,18.23,44.98,351.331
M2,M225,ACACET,5.1,M,M,20.41785,0.7,4.4,3.7,4.82,1,18.23,44.98,169.4106
M2,M225,ACACET,6.9,M,M,37.37385,0.7,4.4,3.7,4.82,1,18.23,44.98,265.7214
M2,M225,ACACET,5.4,,b,22.8906,0.7,4.4,3.7,4.82,1,18.23,44.98,185.4624
M2,M225,ACACET,8.9,M,M,62.17985,0.7,4.4,3.7,4.82,1,18.23,44.98,372.7334
M2,M225,ACACET,4.8,,b,18.0864,0.7,4.4,3.7,4.82,1,18.23,44.98,153.3588
M2,M225,ACACET,5.2,,b,21.2264,0.7,4.4,3.7,4.82,1,18.23,44.98,174.7612
M2,M225,ACACET,3.7,,b,10.74665,0.7,4.4,3.7,4.82,1,18.23,44.98,94.5022
M2,M225,ACACET,8.4,M,M,55.3896,0.7,4.4,3.7,4.82,1,18.23,44.98,345.9804
M2,M225,ACACET,4.8,,b,18.0864,0.7,4.4,3.7,4.82,1,18.23,44.98,153.3588
M2,M225,ACACET,1.2,,b,1.1304,0.7,4.4,3.7,4.82,1,18.23,44.98,-39.2628
M2,M225,ACACET,5,,b,19.625,0.7,4.4,3.7,4.82,1,18.23,44.98,164.06
M2,M225,ACACET,3.9,,b,11.93985,0.7,4.4,3.7,4.82,1,18.23,44.98,105.2034
M2,M225,ACACET,4,,b,12.56,0.7,4.4,3.7,4.82,1,18.23,44.98,110.554
M2,M225,ACACET,4.1,,b,13.19585,0.7,4.4,3.7,4.82,1,18.23,44.98,115.9046
M2,M225,ACACET,2,,b,3.14,0.7,4.4,3.7,4.82,1,18.23,44.98,3.542
M2,M225,ACACET,2.2,,b,3.7994,0.7,4.4,3.7,4.82,1,18.23,44.98,14.2432
M2,M225,ACACET,1.3,,b,1.32665,0.7,4.4,3.7,4.82,1,18.23,44.98,-33.9122
M2,M225,ACACET,3.3,,b,8.54865,0.7,4.4,3.7,4.82,1,18.23,44.98,73.0998
M2,M225,ACACET,5.6,M,M,24.6176,0.8,3.72,2.92,4.44,1,15.36,29.91,196.1636
M2,M225,ACACET,4.7,,b,17.34065,0.8,3.72,2.92,4.44,1,15.36,29.91,148.0082
M2,M225,ACACET,4.6,,b,16.6106,0.8,3.72,2.92,4.44,1,15.36,29.91,142.6576
M2,M225,ACACET,4,M,M,12.56,0.8,3.72,2.92,4.44,1,15.36,29.91,110.554
M2,M225,ACACET,13.6,M,M,145.1936,0.8,3.72,2.92,4.44,1,15.36,29.91,624.2116
M2,M225,ACACET,6.4,,b,32.1536,0.8,3.72,2.92,4.44,1,15.36,29.91,238.9684
M2,M225,ACACET,7.5,,b,44.15625,0.8,3.72,2.92,4.44,1,15.36,29.91,297.825
M2,M225,ACACET,6.4,,b,32.1536,0.8,3.72,2.92,4.44,1,15.36,29.91,238.9684
M2,M225,ACACET,6.6,,b,34.1946,0.8,3.72,2.92,4.44,1,15.36,29.91,249.6696
M2,M225,ACACET,5.8,M,M,26.4074,0.8,3.72,2.92,4.44,1,15.36,29.91,206.8648
M2,M226,ACACET,8.9,M,M,62.17985,0.6,2.15,1.55,2.6,2,5.3,5.48,372.7334
M2,M226,ACACET,8.1,M,M,51.50385,0.7,3.91,3.21,2.91,2,6.64,14.22,329.9286
M2,M226,ACACET,7.6,M,M,45.3416,0.7,3.91,3.21,2.76,2,5.97,12.78,303.1756
M2,M226,ACACET,6.3,M,M,31.15665,0.7,3.91,3.21,2.76,2,5.97,12.78,233.6178
M2,M226,ACACET,14.7,M,M,169.63065,0.7,3.37,2.67,2.34,2,4.26,7.58,683.0682
M2,M226,ACACET,1.9,M,M,2.83385,0.7,1.61,0.91,1.35,2,1.43,0.87,-1.8086
M2,M226,ACACET,21.5,M,M,362.86625,0.9,4.22,3.32,4.09,2,13.07,28.94,1046.909
M3,M301,ACACET,2.9,M,M,6.60185,0.8,2.33,1.53,1.4,2,1.52,1.55,51.6974
M3,M301,ACACET,51,M,M,2041.785,0.6,1.62,1.02,1.88,2,2.64,1.79,2625.336
M3,M301,ACACET,21.8,M,M,373.0634,2.38,5.72,3.34,5,2,19.63,43.7,1062.9608
M3,M302,ACACET,6,M,M,28.26,0.67,2.34,1.67,1.34,2,1.4,1.56,217.566
M3,M302,ACACET,14.6,M,M,167.3306,1.26,4.01,2.75,4.25,2,14.16,25.96,677.7176
M3,M302,ACACET,2.6,M,M,5.3066,0.84,1.54,0.7,0.94,2,0.62,0.29,35.6456
M3,M302,ACACET,2,,b,3.14,0.84,1.54,0.7,0.94,2,0.62,0.29,3.542
M3,M302,ACACET,8.9,M,M,62.17985,1.1,3.44,2.34,2.84,2,6.19,9.65,372.7334
M3,M302,ACACET,3.3,,b,8.54865,1.1,3.44,2.34,2.84,2,6.19,9.65,73.0998
M3,M302,ACACET,11,M,M,94.985,0.75,2.77,2.02,2.1,2,3.46,4.66,485.096
M3,M302,ACACET,16.6,M,M,216.3146,1.38,5.12,3.74,4.6,2,16.6,41.4,784.7296
M3,M302,ACACET,12.5,,b,122.65625,1.38,5.12,3.74,4.6,2,16.6,41.4,565.355
M3,M302,ACACET,16.2,M,M,206.0154,1.76,4.45,2.69,3.05,2,7.14,12.81,763.3272
M3,M302,ACACET,12,M,M,113.04,1.3,4.68,3.38,4.5,2,15.83,35.66,538.602
M3,M302,ACACET,9.6,,b,72.3456,1.3,4.68,3.38,4.5,2,15.83,35.66,410.1876
M3,M302,ACACET,4.4,M,M,15.1976,0.2,0.71,0.51,0.2,2,0.03,0.01,131.9564
M3,M302,ACACET,2.5,,b,4.90625,0.67,2.34,1.67,1.34,2,1.4,1.56,30.295
M3,M302,ACACET,1.2,,b,1.1304,0.67,2.34,1.67,1.34,2,1.4,1.56,-39.2628
M3,M302,ACACET,4.9,M,M,18.84785,0.59,2.15,1.56,1.3,2,1.28,1.33,158.7094
M3,M302,ACACET,7.1,M,M,39.57185,1.07,3.27,2.2,2.16,2,3.59,5.26,276.4226
M3,M302,ACACET,3.3,,b,8.54865,1.07,3.27,2.2,2.16,2,3.59,5.26,73.0998
M3,M303,ACACET,10,M,M,78.5,0.78,3.44,2.66,3.9,2,11.93,21.16,431.59
M3,M303,ACACET,7.9,,b,48.99185,0.78,3.44,2.66,3.9,2,11.93,21.16,319.2274
M3,M303,ACACET,8.5,,b,56.71625,0.78,3.44,2.66,3.9,2,11.93,21.16,351.331
M3,M303,ACACET,9.6,M,M,72.3456,1,2.95,1.95,2.05,2,3.28,4.26,410.1876
M3,M303,ACACET,10.2,M,M,81.6714,0.75,3.5,2.75,2.17,2,3.7,6.78,442.2912
M3,M303,ACACET,4.8,,b,18.0864,0.75,3.5,2.75,2.17,2,3.7,6.78,153.3588
M3,M303,ACACET,2,,b,3.14,0.75,3.5,2.75,2.17,2,3.7,6.78,3.542
M3,M303,ACACET,11.4,M,M,102.0186,1.09,3.51,2.42,3.2,2,8.01,12.92,506.4984
M3,M303,ACACET,9.7,,b,73.86065,1.09,3.51,2.42,3.2,2,8.01,12.92,415.5382
M3,M303,ACACET,4.5,,b,15.89625,1.09,3.51,2.42,3.2,2,8.01,12.92,137.307
M3,M303,ACACET,7.3,,b,41.83265,1.09,3.51,2.42,3.2,2,8.01,12.92,287.1238
M3,M303,ACACET,5.6,M,M,24.6176,1.2,3.78,2.58,2,2,3.13,5.39,196.1636
M3,M303,ACACET,16.7,M,M,218.92865,1.23,3.64,2.41,5.8,2,26.34,42.31,790.0802
M3,M303,ACACET,7.6,,b,45.3416,1.23,3.64,2.41,5.8,2,26.34,42.31,303.1756
M3,M303,ACACET,7,M,M,38.465,0.78,3.71,2.93,1.78,2,2.39,4.67,271.072
M3,M303,ACACET,10.1,M,M,80.07785,0.66,4.2,3.54,4.58,2,16.46,38.85,436.9406
M3,M303,ACACET,9.9,,b,76.93785,0.66,4.2,3.54,4.58,2,16.46,38.85,426.2394
M3,M303,ACACET,11.9,M,M,111.16385,1.2,3.37,2.17,3.61,2,10.03,14.5,533.2514
M3,M303,ACACET,10.5,,b,86.54625,1.2,3.37,2.17,3.61,2,10.03,14.5,458.343
M3,M303,ACACET,13.1,M,M,134.71385,1.16,3.34,2.18,3.7,2,10.68,15.52,597.4586
M3,M303,ACACET,4.2,,b,13.8474,1.16,3.34,2.18,3.7,2,10.68,15.52,121.2552
M3,M303,ACACET,8.8,,b,60.7904,1.16,3.34,2.18,3.7,2,10.68,15.52,367.3828
M3,M303,ACACET,8.9,M,M,62.17985,0.73,3.18,2.45,2.75,2,5.84,9.54,372.7334
M3,M303,ACACET,15.2,M,M,181.3664,1,3.78,2.78,4.15,2,13.47,24.97,709.8212
M3,M303,ACACET,14.9,M,M,174.27785,1.26,4.42,3.16,3.7,2,10.74,22.62,693.7694
M3,M303,ACACET,21.5,M,M,362.86625,1.19,3.66,2.47,2.6,2,5.3,8.73,1046.909
M3,M303,ACACET,7.4,M,M,42.9866,0.8,2.64,1.84,2.95,2,6.67,8.18,292.4744
M3,M303,ACACET,5.2,,b,21.2264,0.8,2.64,1.84,2.95,2,6.67,8.18,174.7612
M3,M303,ACACET,5.9,,b,27.32585,0.8,2.64,1.84,2.95,2,6.67,8.18,212.2154
M3,M303,ACACET,6.6,,b,34.1946,0.8,2.64,1.84,2.95,2,6.67,8.18,249.6696
M3,M303,ACACET,5.1,M,M,20.41785,0.6,2.2,1.6,2.2,2,3.3,3.52,169.4106
M3,M303,ACACET,5.2,,b,21.2264,0.6,2.2,1.6,2.2,2,3.3,3.52,174.7612
M3,M303,ACACET,3.6,M,M,10.1736,0.26,0.82,0.56,0.58,2,0.26,0.1,89.1516
M3,M303,ACACET,1.3,,b,1.32665,0.26,0.82,0.56,0.58,2,0.26,0.1,-33.9122
M3,M303,ACACET,7.7,M,M,46.54265,1.09,1.29,0.2,2.11,2,3.49,0.46,308.5262
M3,M304,ACACET,5.2,M,M,21.2264,1.06,1.29,0.23,1.2,2,1.12,0.17,174.7612
M3,M304,ACACET,4.6,,b,16.6106,1.06,1.29,0.23,1.2,2,1.12,0.17,142.6576
M3,M304,ACACET,5.6,M,M,24.6176,1.06,1.44,0.38,1.19,2,1.1,0.28,196.1636
M3,M304,ACACET,3.4,,b,9.0746,1.06,1.44,0.38,1.19,2,1.1,0.28,78.4504
M3,M304,ACACET,10.7,M,M,89.87465,0.7,2.46,1.76,1.95,2,2.94,3.44,469.0442
M3,M304,ACACET,8.7,M,M,59.41665,0.9,2.19,1.29,1.41,2,1.5,1.29,362.0322
M3,M304,ACACET,7.7,,b,46.54265,0.9,2.19,1.29,1.41,2,1.5,1.29,308.5262
M3,M304,ACACET,5.8,,b,26.4074,0.9,2.19,1.29,1.41,2,1.5,1.29,206.8648
M3,M304,ACACET,12.3,M,M,118.76265,0.9,3.69,2.79,3.3,2,8.52,15.84,554.6538
M3,M304,ACACET,8.4,M,M,55.3896,1.52,1.8,0.28,1.2,2,1.13,0.21,345.9804
M3,M305,ACACET,7.6,M,M,45.3416,1.1,2.5,1.4,1.96,2,2.98,2.78,303.1756
M3,M305,ACACET,3.4,,b,9.0746,1.1,2.5,1.4,1.96,2,2.98,2.78,78.4504
M3,M305,ACACET,2.7,M,M,5.72265,0.58,1.71,1.13,2.46,2,4.74,3.57,40.9962
M3,M305,ACACET,2.1,,b,3.46185,0.58,1.71,1.13,2.46,2,4.74,3.57,8.8926
M3,M305,ACACET,4.5,M,M,15.89625,1.04,2.73,1.69,2.36,2,4.37,4.93,137.307
M3,M305,ACACET,11,M,M,94.985,1,3.78,2.78,2.36,2,4.37,8.1,485.096
M3,M305,ACACET,6,M,M,28.26,0.9,2.18,1.28,2.29,2,4.07,3.47,217.566
M3,M305,ACACET,1.1,,b,0.94985,0.9,2.18,1.28,2.29,2,4.07,3.47,-44.6134
M3,M305,ACACET,2.4,M,M,4.5216,0.5,1.38,0.88,1.2,2,1,0.59,24.9444
M3,M305,ACACET,2.5,M,M,4.90625,1.1,2.44,1.34,1.12,2,0.93,0.83,30.295
M3,M305,ACACET,1.1,,b,0.94985,1.1,2.44,1.34,1.12,2,0.93,0.83,-44.6134
M3,M305,ACACET,3.5,M,M,9.61625,1.3,2.3,1,0.41,2,0.13,0.09,83.801
M3,M305,ACACET,2.2,M,M,3.7994,1,2.95,1.95,1.28,2,1.26,1.64,14.2432
M3,M305,ACACET,1.3,,b,1.32665,1,2.95,1.95,1.28,2,1.26,1.64,-33.9122
M3,M305,ACACET,6.7,M,M,35.23865,1.85,3.3,1.45,1.56,2,1.33,1.29,255.0202
M3,M305,ACACET,7.8,M,M,47.7594,1.35,4.1,2.75,1.76,2,2.43,4.45,313.8768
M3,M305,ACACET,7.3,M,M,41.83265,0.83,3.55,2.72,1.31,2,1.34,2.42,287.1238
M3,M305,ACACET,6.6,M,M,34.1946,1.31,3.65,2.34,2.36,2,4.37,6.82,249.6696
M3,M305,ACACET,11.5,M,M,103.81625,0.9,3.92,3.02,2.87,2,6.41,12.9,511.849
M3,M305,ACACET,9.2,M,M,66.4424,1.1,4.21,3.11,1.95,2,2.89,6,388.7852
M3,M305,ACACET,17.1,M,M,229.54185,0.9,3.4,2.5,3.11,2,7.06,11.77,811.4826
M3,M305,ACACET,1.6,M,M,2.0096,0.4,1.22,0.82,0.9,2,0.63,0.34,-17.8604
M3,M305,ACACET,1,,b,0.785,0.4,1.22,0.82,0.9,2,0.63,0.34,-49.964
M3,M305,ACACET,3.8,M,M,11.3354,0.6,1.69,1.09,1.6,2,1.81,1.32,99.8528
M3,M305,ACACET,5.9,M,M,27.32585,0.47,2.33,1.86,2.05,2,3.3,4.09,212.2154
M3,M305,ACACET,4.2,,b,13.8474,0.47,2.33,1.86,2.05,2,3.3,4.09,121.2552
M3,M305,ACACET,3.8,,b,11.3354,0.47,2.33,1.86,2.05,2,3.3,4.09,99.8528
M3,M305,ACACET,11.9,M,M,111.16385,0.8,2.54,1.74,3.5,2,9.58,11.12,533.2514
M3,M305,ACACET,8.1,,b,51.50385,0.8,2.54,1.74,3.5,2,9.58,11.12,329.9286
M3,M305,ACACET,3.9,,b,11.93985,0.8,2.54,1.74,3.5,2,9.58,11.12,105.2034
M3,M306,ACACET,8,M,M,50.24,1.1,3.41,2.31,2.3,1,4.15,6.39,324.578
M3,M306,ACACET,3,,b,7.065,1.1,3.41,2.31,2.3,1,4.15,6.39,57.048
M3,M306,ACACET,14.7,M,M,169.63065,0.9,3.76,2.86,4.1,1,13,24.79,683.0682
M3,M306,ACACET,8.7,,b,59.41665,0.9,3.76,2.86,4.1,1,13,24.79,362.0322
M3,M306,ACACET,1.7,,b,2.26865,0.9,3.76,2.86,4.1,1,13,24.79,-12.5098
M3,M306,ACACET,11.9,M,M,111.16385,0.77,2.95,2.18,4.25,1,14.16,20.58,533.2514
M3,M307,ACACET,12.7,M,M,126.61265,0.75,2.93,2.18,2.92,1,6.15,8.94,576.0562
M3,M307,ACACET,12.3,,b,118.76265,0.75,2.93,2.18,2.92,1,6.15,8.94,554.6538
M3,M307,ACACET,7,,b,38.465,0.75,2.93,2.18,2.92,1,6.15,8.94,271.072
M3,M307,ACACET,6.3,M,M,31.15665,0.75,1.97,1.22,2,1,3.13,2.55,233.6178
M3,M307,ACACET,6.2,,b,30.1754,0.75,1.97,1.22,2,1,3.13,2.55,228.2672
M3,M307,ACACET,2.5,M,M,4.90625,0.44,1.53,1.09,0.73,1,0.41,0.3,30.295
M3,M307,ACACET,4.5,M,M,15.89625,0.67,1.92,1.25,1.41,1,1.55,1.29,137.307
M3,M307,ACACET,13.5,M,M,143.06625,0.8,3.65,2.85,3.3,1,8.52,16.18,618.861
M3,M307,ACACET,8.5,,b,56.71625,0.8,3.65,2.85,3.3,1,8.52,16.18,351.331
M3,M307,ACACET,6.5,,b,33.16625,0.8,3.65,2.85,3.3,1,8.52,16.18,244.319
M3,M307,ACACET,11,M,M,94.985,1.9,4.54,2.64,2.78,1,5.71,10.06,485.096
M3,M307,ACACET,6.4,M,M,32.1536,0.9,2.38,1.48,2.65,1,5.06,4.99,238.9684
M3,M307,ACACET,19.2,M,M,289.3824,1.2,5.31,4.11,4.6,1,16.58,45.43,923.8452
M3,M307,ACACET,16.2,M,M,206.0154,1.1,3.67,2.57,3.6,1,10.17,17.42,763.3272
M3,M307,ACACET,14.2,M,M,158.2874,1.61,4.96,3.35,4.8,1,18.06,40.32,656.3152
M3,M307,ACACET,10.8,,b,91.5624,1.61,4.96,3.35,4.8,1,18.06,40.32,474.3948
M3,M308,ACACET,8.4,M,M,55.3896,1,2.85,1.85,3.22,2,7.71,9.51,345.9804
M3,M308,ACACET,12.8,M,M,128.6144,1.3,4.26,2.96,4.39,2,14.93,29.47,581.4068
M3,M308,ACACET,12,M,M,113.04,1.25,3.8,2.55,4.12,2,12.76,21.69,538.602
M3,M308,ACACET,4.6,M,M,16.6106,0.85,2.45,1.6,2.02,2,3.19,3.4,142.6576
M3,M308,ACACET,7,M,M,38.465,0.95,2.76,1.81,1.38,2,1.47,1.77,271.072
M3,M308,ACACET,5.2,,b,21.2264,0.95,2.76,1.81,1.38,2,1.47,1.77,174.7612
M3,M308,ACACET,5.4,,b,22.8906,0.95,2.76,1.81,1.38,2,1.47,1.77,185.4624
M3,M308,ACACET,5.6,M,M,24.6176,0.6,2.9,2.3,2.07,2,3.33,5.11,196.1636
M3,M308,ACACET,1.5,,b,1.76625,0.6,2.9,2.3,2.07,2,3.33,5.11,-23.211
M3,M308,ACACET,3,M,M,7.065,0.85,3.13,2.28,1.67,2,2.16,3.29,57.048
M3,M308,ACACET,2.7,,b,5.72265,0.85,3.13,2.28,1.67,2,2.16,3.29,40.9962
M3,M308,ACACET,8.7,M,M,59.41665,1.1,3.21,2.11,2.55,2,4.99,7.02,362.0322
M3,M308,ACACET,8.2,M,M,52.7834,0.7,2.14,1.44,2.15,2,3.62,3.48,335.2792
M3,M308,ACACET,6.7,,b,35.23865,0.7,2.14,1.44,2.15,2,3.62,3.48,255.0202
M3,M308,ACACET,8.5,M,M,56.71625,1.32,3.18,1.86,2.17,2,3.68,4.56,351.331
M3,M308,ACACET,8.4,M,M,55.3896,1.1,2.56,1.46,2.01,2,3.15,3.06,345.9804
M3,M308,ACACET,1.2,M,M,1.1304,0.05,0.55,0.5,0.85,2,0.57,0.19,-39.2628
M3,M308,ACACET,9,M,M,63.585,1,3.64,2.64,2.58,2,5,8.79,378.084
M3,M308,ACACET,2.5,,b,4.90625,1,3.64,2.64,2.58,2,5,8.79,30.295
M3,M308,ACACET,8.2,M,M,52.7834,0.75,3.55,2.8,2.29,2,4.1,7.65,335.2792
M3,M308,ACACET,6.6,M,M,34.1946,0.9,2.8,1.9,2.45,2,4.47,5.66,249.6696
M3,M308,ACACET,5.7,,b,25.50465,0.9,2.8,1.9,2.45,2,4.47,5.66,201.5142
M3,M308,ACACET,4.2,M,M,13.8474,0.7,2.15,1.45,2.19,2,3.56,3.44,121.2552
M3,M308,ACACET,5.8,M,M,26.4074,0.5,2.55,2.05,1.93,2,2.83,3.86,206.8648
M3,M308,ACACET,1.9,,b,2.83385,0.5,2.55,2.05,1.93,2,2.83,3.86,-1.8086
M3,M308,ACACET,3.6,M,M,10.1736,0.76,2.15,1.39,1.88,2,2.63,2.44,89.1516
M3,M308,ACACET,4,M,M,12.56,0.6,1.65,1.05,1.79,2,2.5,1.75,110.554
M3,M308,ACACET,1.8,M,M,2.5434,0.95,1.85,0.9,1.33,2,1.35,0.81,-7.1592
M3,M308,ACACET,1.2,,b,1.1304,0.95,1.85,0.9,1.33,2,1.35,0.81,-39.2628
M3,M308,ACACET,6.1,M,M,29.20985,0.8,3.9,3.1,2.26,2,3.81,7.88,222.9166
M3,M308,ACACET,3.1,,b,7.54385,0.8,3.9,3.1,2.26,2,3.81,7.88,62.3986
M3,M308,ACACET,2.3,,b,4.15265,0.8,3.9,3.1,2.26,2,3.81,7.88,19.5938
M3,M308,ACACET,1.5,M,M,1.76625,0.2,0.45,0.25,0.55,2,0.24,0.04,-23.211
M3,M308,ACACET,11.5,M,M,103.81625,0.8,2.85,2.05,2.9,2,6.26,8.56,511.849
M3,M308,ACACET,10.7,,b,89.87465,0.8,2.85,2.05,2.9,2,6.26,8.56,469.0442
M3,M308,ACACET,6.4,,b,32.1536,0.8,2.85,2.05,2.9,2,6.26,8.56,238.9684
M3,M308,ACACET,5.2,,b,21.2264,0.8,2.85,2.05,2.9,2,6.26,8.56,174.7612
M3,M308,ACACET,1.8,M,M,2.5434,0.45,1.03,0.58,0.75,2,0.44,0.17,-7.1592
M3,M308,ACACET,2.2,M,M,3.7994,0.45,0.95,0.5,0.78,2,0.47,0.16,14.2432
M3,M308,ACACET,3.4,M,M,9.0746,0.5,1.45,0.95,1.61,2,2.03,1.28,78.4504
M3,M308,ACACET,3.2,,b,8.0384,0.5,1.45,0.95,1.61,2,2.03,1.28,67.7492
M3,M308,ACACET,1.4,M,M,1.5386,0.6,1,0.4,0.76,2,0.37,0.1,-28.5616
M3,M308,ACACET,2.2,M,M,3.7994,0.8,1.48,0.68,1.28,2,1.17,0.53,14.2432
M3,M308,ACACET,4.2,M,M,13.8474,0.5,2.04,1.54,1.68,2,2.21,2.27,121.2552
M3,M308,ACACET,6.4,M,M,32.1536,0.8,2.07,1.27,2.19,2,3.76,3.19,238.9684
M3,M308,ACACET,9.7,M,M,73.86065,0.7,2.73,2.03,2.9,2,6.6,8.93,415.5382
M3,M308,ACACET,1.9,M,M,2.83385,0.6,1.05,0.45,0.75,2,0.39,0.12,-1.8086
M3,M308,ACACET,2.5,M,M,4.90625,0.5,1.94,1.44,1.96,2,3,2.88,30.295
M3,M308,ACACET,1.7,,b,2.26865,0.5,1.94,1.44,1.96,2,3,2.88,-12.5098
M3,M308,ACACET,1,,b,0.785,0.5,1.94,1.44,1.96,2,3,2.88,-49.964
M3,M308,ACACET,3.8,M,M,11.3354,0.9,2.5,1.6,2.14,2,3.58,3.82,99.8528
M3,M308,ACACET,3.4,,b,9.0746,0.9,2.5,1.6,2.14,2,3.58,3.82,78.4504
M3,M308,ACACET,6.1,M,M,29.20985,1.1,2.93,1.83,1.64,2,2.1,2.56,222.9166
M3,M308,ACACET,6.3,M,M,31.15665,1.1,2.7,1.6,1.9,2,2.83,3.02,233.6178
M3,M308,ACACET,4.5,M,M,15.89625,0.7,2.23,1.53,1.83,2,2.61,2.66,137.307
M3,M308,ACACET,1.5,,b,1.76625,0.7,2.23,1.53,1.83,2,2.61,2.66,-23.211
M3,M308,ACACET,1.3,,b,1.32665,0.7,2.23,1.53,1.83,2,2.61,2.66,-33.9122
M3,M308,ACACET,2.6,M,M,5.3066,0.95,1.76,0.81,1.83,2,2.61,1.41,35.6456
M3,M308,ACACET,5,M,M,19.625,0.7,1.79,1.09,1.88,2,2.76,2,164.06
M3,M308,ACACET,2.5,,b,4.90625,0.7,1.79,1.09,1.88,2,2.76,2,30.295
M3,M309,ACACET,2.3,M,M,4.15265,0.6,1.59,0.99,2.18,2,3.59,2.37,19.5938
M3,M309,ACACET,2.3,,b,4.15265,0.6,1.59,0.99,2.18,2,3.59,2.37,19.5938
M3,M309,ACACET,5.4,M,M,22.8906,0.8,3.1,2.3,2.56,2,4.83,7.4,185.4624
M3,M309,ACACET,10,M,M,78.5,1.05,3.75,2.7,2.6,2,5.31,9.55,431.59
M3,M309,ACACET,11.6,M,M,105.6296,0.9,3.1,2.2,3.67,2,10.32,15.14,517.1996
M3,M309,ACACET,11.1,M,M,96.71985,1.04,3.53,2.49,3.26,2,8.27,13.73,490.4466
M3,M309,ACACET,7.3,M,M,41.83265,0.63,2.05,1.42,2.3,2,4.15,3.93,287.1238
M3,M309,ACACET,14,M,M,153.86,0.8,4.75,3.95,3.24,2,8.23,21.67,645.614
M3,M309,ACACET,6.5,M,M,33.16625,1.24,3.29,2.05,2.06,2,3.31,4.52,244.319
M3,M309,ACACET,9.2,M,M,66.4424,0.75,5.2,4.45,3.4,2,9.04,26.83,388.7852
M3,M309,ACACET,8.2,M,M,52.7834,0.87,4.2,3.33,2.6,2,5.28,11.71,335.2792
M3,M309,ACACET,3.2,,b,8.0384,0.87,4.2,3.33,2.6,2,5.28,11.71,67.7492
M3,M309,ACACET,12.1,M,M,114.93185,1.2,5.2,4,4.2,2,13.78,36.74,543.9526
M3,M309,ACACET,3.3,,b,8.54865,1.2,5.2,4,4.2,2,13.78,36.74,73.0998
M3,M309,ACACET,3.5,,b,9.61625,1.2,5.2,4,4.2,2,13.78,36.74,83.801
M3,M309,ACACET,22.5,M,M,397.40625,1.22,5.29,4.07,6.2,2,30.05,81.54,1100.415
M3,M309,ACACET,7,M,M,38.465,1.25,3.15,1.9,2.9,2,6.41,8.11,271.072
M3,M309,ACACET,4.2,M,M,13.8474,1.06,2.71,1.65,1.15,2,1.04,1.14,121.2552
M3,M309,ACACET,3.5,M,M,9.61625,0.76,1.52,0.76,0.51,2,0.13,0.07,83.801
M3,M309,ACACET,4.8,M,M,18.0864,0.9,2.97,2.07,1.54,2,1.67,2.31,153.3588
M3,M309,ACACET,11.6,M,M,105.6296,0.9,4.09,3.19,2.8,2,6.12,13.02,517.1996
M3,M309,ACACET,7.4,,b,42.9866,0.9,4.09,3.19,2.8,2,6.12,13.02,292.4744
M3,M309,ACACET,1.5,,b,1.76625,0.9,4.09,3.19,2.8,2,6.12,13.02,-23.211
M3,M309,ACACET,8.9,M,M,62.17985,0.9,3.61,2.71,2.95,2,6.83,12.34,372.7334
M3,M309,ACACET,3.4,,b,9.0746,0.9,3.61,2.71,2.95,2,6.83,12.34,78.4504
M3,M309,ACACET,3.4,,b,9.0746,0.9,3.61,2.71,2.95,2,6.83,12.34,78.4504
M3,M309,ACACET,9.2,M,M,66.4424,0.8,3.71,2.91,1.95,2,2.81,5.45,388.7852
M3,M309,ACACET,5.2,M,M,21.2264,0.6,1.23,0.63,1.24,2,0.95,0.4,174.7612
M3,M309,ACACET,4.9,,b,18.84785,0.6,1.23,0.63,1.24,2,0.95,0.4,158.7094
M3,M309,ACACET,4.6,,b,16.6106,0.6,1.23,0.63,1.24,2,0.95,0.4,142.6576
M3,M309,ACACET,6.3,M,M,31.15665,1.22,3.71,2.49,1.75,2,2.31,3.83,233.6178
M3,M309,ACACET,6.2,M,M,30.1754,1.22,3.44,2.22,1.9,2,2.55,3.78,228.2672
M3,M309,ACACET,6.7,M,M,35.23865,1.1,3.31,2.21,2.5,2,4.78,7.04,255.0202
M3,M309,ACACET,8.6,M,M,58.0586,0.77,3.38,2.61,3.15,2,7.69,13.39,356.6816
M3,M309,ACACET,7.4,M,M,42.9866,0.9,3.42,2.52,2.52,2,4.97,8.36,292.4744
M3,M309,ACACET,6.7,M,M,35.23865,1.1,3.64,2.54,2.46,2,4.75,8.04,255.0202
M3,M309,ACACET,4.9,,b,18.84785,1.1,3.64,2.54,2.46,2,4.75,8.04,158.7094
M3,M309,ACACET,7.6,M,M,45.3416,0.8,2.55,1.75,2.03,2,3.23,3.76,303.1756
M3,M310,ACACET,5.8,M,M,26.4074,0.9,3.05,2.15,2.21,2,3.83,5.49,206.8648
M3,M310,ACACET,5.7,M,M,25.50465,1.3,2.79,1.49,1.62,2,2.06,2.04,201.5142
M3,M310,ACACET,8.5,M,M,56.71625,1.1,3.27,2.17,2.74,2,5.87,8.49,351.331
M3,M310,ACACET,16.5,M,M,213.71625,1.2,4.42,3.22,4.2,2,13.84,29.71,779.379
M3,M310,ACACET,16,M,M,200.96,1.7,3.12,1.42,1.92,2,2.86,2.7,752.626
M3,M310,ACACET,4.9,,b,18.84785,0.9,3.05,2.15,2.21,2,3.83,5.49,158.7094
M3,M310,ACACET,2.8,M,M,6.1544,0.17,2.11,1.94,1.17,2,1.04,1.35,46.3468
M3,M310,ACACET,5.3,M,M,22.05065,0.6,3.27,2.67,1.73,2,1.92,3.42,180.1118
M3,M310,ACACET,6.3,M,M,31.15665,1.1,2.2,1.1,1.58,2,1.93,1.41,233.6178
M3,M310,ACACET,5,M,M,19.625,0.9,2.89,1.99,1,2,0.75,1,164.06
M3,M310,ACACET,11,M,M,94.985,0.9,2.94,2.04,3.05,2,6.85,9.31,485.096
M3,M310,ACACET,10.3,M,M,83.28065,1,2.76,1.76,3.25,2,8.14,9.56,447.6418
M3,M310,ACACET,9,M,M,63.585,1.1,3.38,2.28,3.17,2,7.83,11.91,378.084
M3,M310,ACACET,6,,b,28.26,1.1,3.38,2.28,3.17,2,7.83,11.91,217.566
M3,M310,ACACET,7.6,,b,45.3416,1.1,3.38,2.28,3.17,2,7.83,11.91,303.1756
M3,M310,ACACET,5.1,,b,20.41785,1.1,3.38,2.28,3.17,2,7.83,11.91,169.4106
M3,M310,ACACET,9.9,M,M,76.93785,1.2,4.24,3.04,2.91,2,6.59,13.35,426.2394
M3,M310,ACACET,8,,b,50.24,1.2,4.24,3.04,2.91,2,6.59,13.35,324.578
M3,M310,ACACET,5.5,,b,23.74625,1.2,4.24,3.04,2.91,2,6.59,13.35,190.813
M3,M310,ACACET,9.4,,b,69.3626,1.2,4.24,3.04,2.91,2,6.59,13.35,399.4864
M3,M310,ACACET,3,M,M,7.065,1,2.3,1.3,1.05,2,0.86,0.74,57.048
M3,M310,ACACET,13.9,M,M,151.66985,0.9,3.04,2.14,2.44,2,4.61,6.58,640.2634
M3,M310,ACACET,9.3,M,M,67.89465,0.65,1.7,1.05,1.02,2,0.82,0.57,394.1358
M3,M310,ACACET,2.4,,b,4.5216,0.65,1.7,1.05,1.02,2,0.82,0.57,24.9444
M3,M310,ACACET,6.4,M,M,32.1536,1.2,3.07,1.87,1.74,2,2.34,2.92,238.9684
M3,M310,ACACET,3,M,M,7.065,1.1,1.96,0.86,1.11,2,0.93,0.53,57.048
M3,M310,ACACET,2.8,,b,6.1544,1.1,1.96,0.86,1.11,2,0.93,0.53,46.3468
M3,M310,ACACET,2.9,,b,6.60185,1.1,1.96,0.86,1.11,2,0.93,0.53,51.6974
M3,M310,ACACET,1.3,,b,1.32665,1.1,1.96,0.86,1.11,2,0.93,0.53,-33.9122
M3,M310,ACACET,1.6,,b,2.0096,1.1,1.96,0.86,1.11,2,0.93,0.53,-17.8604
M3,M310,ACACET,1,,b,0.785,1.1,1.96,0.86,1.11,2,0.93,0.53,-49.964
M3,M310,ACACET,1.6,,b,2.0096,1.1,1.96,0.86,1.11,2,0.93,0.53,-17.8604
M3,M310,ACACET,1.5,,b,1.76625,1.1,1.96,0.86,1.11,2,0.93,0.53,-23.211
M3,M310,ACACET,1,,b,0.785,1.1,1.96,0.86,1.11,2,0.93,0.53,-49.964
M3,M310,ACACET,2.5,,b,4.90625,1.1,1.96,0.86,1.11,2,0.93,0.53,30.295
M3,M310,ACACET,1,,b,0.785,1.1,1.96,0.86,1.11,2,0.93,0.53,-49.964
M3,M310,ACACET,1.5,,b,1.76625,1.1,1.96,0.86,1.11,2,0.93,0.53,-23.211
M3,M310,ACACET,1.3,,b,1.32665,1.1,1.96,0.86,1.11,2,0.93,0.53,-33.9122
M3,M311,ACACET,3.4,M,M,9.0746,0.4,1.8,1.4,1.1,2,0.88,0.82,78.4504
M3,M311,ACACET,2,,b,3.14,0.4,1.8,1.4,1.1,2,0.88,0.82,3.542
M3,M311,ACACET,11.6,M,M,105.6296,0.81,3.04,2.23,2.52,2,4.97,7.38,517.1996
M3,M311,ACACET,6,M,M,28.26,0.88,2.11,1.23,1.5,2,1.76,1.44,217.566
M3,M311,ACACET,1.9,,b,2.83385,0.88,2.11,1.23,1.5,2,1.76,1.44,-1.8086
M3,M311,ACACET,13.2,M,M,136.7784,0.8,3.18,2.38,3.6,2,10.05,15.94,602.8092
M3,M312,ACACET,14.5,M,M,165.04625,1,4.2,3.2,2.7,3,5.72,12.21,672.367
M3,M312,ACACET,3.3,,b,8.54865,1,4.2,3.2,2.7,3,5.72,12.21,73.0998
M3,M313,ACACET,1.9,M,M,2.83385,0.55,1.3,0.75,0.85,2,0.52,0.26,-1.8086
M3,M313,ACACET,1.9,,b,2.83385,0.55,1.3,0.75,0.85,2,0.52,0.26,-1.8086
M3,M314,ACACET,2.2,M,M,3.7994,0.7,1.57,0.87,1.42,1,1.49,0.87,14.2432
M3,M314,ACACET,21,M,M,346.185,1.1,4.32,3.22,4.76,1,17.7,38,1020.156
M3,M314,ACACET,13,,b,132.665,1.1,4.32,3.22,4.76,1,17.7,38,592.108
M3,M315,ACACET,4.6,M,M,16.6106,0.66,1.75,1.09,1.42,1,1.57,1.14,142.6576
M3,M315,ACACET,1.3,,b,1.32665,0.66,1.75,1.09,1.42,1,1.57,1.14,-33.9122
M3,M315,ACACET,1.1,,b,0.94985,0.66,1.75,1.09,1.42,1,1.57,1.14,-44.6134
M3,M315,ACACET,1.6,,b,2.0096,0.66,1.75,1.09,1.42,1,1.57,1.14,-17.8604
M3,M315,ACACET,1.5,M,M,1.76625,0.7,1.3,0.6,1.1,1,0.94,0.38,-23.211
M3,M315,ACACET,1.4,,b,1.5386,0.7,1.3,0.6,1.1,1,0.94,0.38,-28.5616
M3,M315,ACACET,14.6,M,M,167.3306,1.1,3.96,2.86,4.44,1,15.32,29.22,677.7176
M3,M315,ACACET,3.8,,b,11.3354,1.1,3.96,2.86,4.44,1,15.32,29.22,99.8528
M3,M315,ACACET,2.4,M,M,4.5216,0.7,1.54,0.84,1.38,1,1.46,0.82,24.9444
M3,M315,ACACET,1.5,,b,1.76625,0.7,1.54,0.84,1.38,1,1.46,0.82,-23.211
M3,M315,ACACET,2.9,M,M,6.60185,0.4,0.8,0.4,0.5,1,0.2,0.05,51.6974
M3,M315,ACACET,2.7,,b,5.72265,0.4,0.8,0.4,0.5,1,0.2,0.05,40.9962
M3,M315,ACACET,1.3,M,M,1.32665,0.5,1.35,0.85,1.38,1,1.48,0.84,-33.9122
M3,M315,ACACET,2.9,,b,6.60185,0.5,1.35,0.85,1.38,1,1.48,0.84,51.6974
M3,M315,ACACET,1.3,,b,1.32665,0.2,1.42,1.22,0.8,1,0.49,0.4,-33.9122
M3,M316,ACACET,16.9,M,M,224.20385,1.65,4.17,2.52,3.92,1,12.03,20.21,800.7814
M3,M316,ACACET,20,M,M,314,1.22,4.76,3.54,3.23,1,7.37,17.4,966.65
M3,M316,ACACET,6.2,M,M,30.1754,0.96,2.45,1.49,1.7,1,2.26,2.25,228.2672
M3,M316,ACACET,4.1,M,M,13.19585,0.6,0.92,0.32,1.4,1,0.99,0.21,115.9046
M3,M316,ACACET,2.3,M,M,4.15265,0.8,1.84,1.04,1.65,1,1.8,1.25,19.5938
M3,M316,ACACET,1.5,,b,1.76625,0.8,1.84,1.04,1.65,1,1.8,1.25,-23.211
M3,M316,ACACET,14.5,M,M,165.04625,1.39,3.55,2.16,2.53,1,4.99,7.19,672.367
M3,M316,ACACET,16.9,M,M,224.20385,1.07,3.69,2.62,3.55,1,9.82,17.16,800.7814
M3,M316,ACACET,11.5,M,M,103.81625,1.08,4.02,2.94,3.07,1,6.31,12.37,511.849
M3,M316,ACACET,11.4,M,M,102.0186,1.1,4.02,2.92,2.54,1,5.04,9.82,506.4984
M3,M316,ACACET,20.2,M,M,320.3114,1.86,5.31,3.45,5.85,1,26.63,61.24,977.3512
M3,M316,ACACET,4.4,M,M,15.1976,0.74,2.02,1.28,1.95,1,2.92,2.49,131.9564
M3,M316,ACACET,4.2,,b,13.8474,0.74,2.02,1.28,1.95,1,2.92,2.49,121.2552
M3,M318,ACACET,6.2,M,M,30.1754,0.7,2.82,2.12,2.57,2,5.09,7.19,228.2672
M3,M318,ACACET,4,M,M,12.56,0.9,1.32,0.42,0.7,2,0.35,0.1,110.554
M3,M318,ACACET,2.8,M,M,6.1544,0.7,1.9,1.2,1.38,2,1.48,1.18,46.3468
M3,M318,ACACET,4.2,M,M,13.8474,0.5,1.37,0.87,1.59,2,1.97,1.14,121.2552
M3,M318,ACACET,10.9,M,M,93.26585,0.7,3.91,3.21,3.77,2,11.07,23.69,479.7454
M3,M318,ACACET,5.4,M,M,22.8906,0.85,3.05,2.2,2.35,2,4.3,6.31,185.4624
M3,M318,ACACET,10.9,M,M,93.26585,1.15,3.81,2.66,2.94,2,6.78,12.03,479.7454
M3,M318,ACACET,4.9,M,M,18.84785,0.7,2.05,1.35,1.91,2,2.83,2.55,158.7094
M3,M318,ACACET,10.9,M,M,93.26585,1,4.09,3.09,3.25,2,8.26,17.02,479.7454
M3,M318,ACACET,3.4,,b,9.0746,1,4.09,3.09,3.25,2,8.26,17.02,78.4504
M3,M318,ACACET,5.7,M,M,25.50465,0.6,2.57,1.97,1.8,2,2.37,3.11,201.5142
M3,M318,ACACET,15,M,M,176.625,1.2,4.56,3.36,5.4,2,22.69,50.84,699.12
M3,M318,ACACET,12.5,,b,122.65625,1.2,4.56,3.36,5.4,2,22.69,50.84,565.355
M3,M319,ACACET,1.8,M,M,2.5434,0.53,1.51,0.98,1.2,3,1.05,0.68,-7.1592
M3,M321,ACACET,7.2,M,M,40.6944,1.11,4.3,3.19,2.43,2,4.64,9.86,281.7732
M3,M321,ACACET,3.1,,b,7.54385,1.11,4.3,3.19,2.43,2,4.64,9.86,62.3986
M3,M321,ACACET,3.9,,b,11.93985,1.11,4.3,3.19,2.43,2,4.64,9.86,105.2034
M3,M321,ACACET,5.3,M,M,22.05065,0.7,1.9,1.2,2.21,2,3.81,3.04,180.1118
M3,M322,ACACET,2.7,M,M,5.72265,0.75,2.1,1.35,1.39,2,1.5,1.35,40.9962
M3,M322,ACACET,1.8,,b,2.5434,0.75,2.1,1.35,1.39,2,1.5,1.35,-7.1592
M3,M322,ACACET,1.4,,b,1.5386,0.75,2.1,1.35,1.39,2,1.5,1.35,-28.5616
M3,M322,ACACET,1.7,,b,2.26865,0.75,2.1,1.35,1.39,2,1.5,1.35,-12.5098
M3,M322,ACACET,4.3,M,M,14.51465,0.8,1.2,0.4,1.05,2,0.86,0.23,126.6058
M3,M323,ACACET,2.3,M,M,4.15265,1.16,2.37,1.21,1.75,2,1.96,1.58,19.5938
M3,M323,ACACET,1.1,,b,0.94985,1.16,2.37,1.21,1.75,2,1.96,1.58,-44.6134
M3,M323,ACACET,11.1,M,M,96.71985,0.9,3.4,2.5,3.75,2,10.99,18.32,490.4466
M3,M323,ACACET,5.4,,b,22.8906,0.9,3.4,2.5,3.75,2,10.99,18.32,185.4624
M3,M323,ACACET,8.9,,b,62.17985,0.9,3.4,2.5,3.75,2,10.99,18.32,372.7334
M3,M323,ACACET,6.1,M,M,29.20985,0.83,3.18,2.35,2.2,2,3.77,5.9,222.9166
M3,M323,ACACET,5.5,M,M,23.74625,1.41,3.53,2.12,1.95,2,2.97,4.19,190.813
M3,M323,ACACET,2.2,,b,3.7994,1.41,3.53,2.12,1.95,2,2.97,4.19,14.2432
M3,M323,ACACET,9.4,M,M,69.3626,1.1,3.46,2.36,3.2,2,7.97,12.54,399.4864
M3,M323,ACACET,4.1,M,M,13.19585,1.38,2.67,1.29,1.25,2,1.22,1.05,115.9046
M3,M323,ACACET,3.7,,b,10.74665,1.38,2.67,1.29,1.25,2,1.22,1.05,94.5022
M3,M323,ACACET,9,M,M,63.585,1.13,2.91,1.78,2.05,2,3.28,3.89,378.084
M3,M323,ACACET,6.4,M,M,32.1536,1.03,3.18,2.15,2,2,3.07,4.4,238.9684
M3,M323,ACACET,3.4,,b,9.0746,1.03,3.18,2.15,2,2,3.07,4.4,78.4504
M3,M323,ACACET,5.9,,b,27.32585,1.03,3.18,2.15,2,2,3.07,4.4,212.2154
M3,M323,ACACET,7.6,M,M,45.3416,1.2,2.84,1.64,2.54,2,4.87,5.33,303.1756
M3,M323,ACACET,17.8,M,M,248.7194,2.43,4.42,1.99,4.46,2,15.58,20.67,848.9368
M3,M324,ACACET,10.1,M,M,80.07785,0.8,2.45,1.65,1.89,1,2.78,3.06,436.9406
M3,M324,ACACET,8.6,M,M,58.0586,1.1,3.15,2.05,2.3,1,4.01,5.48,356.6816
M3,M324,ACACET,1.8,M,M,2.5434,0.45,0.7,0.25,0.83,1,0.53,0.09,-7.1592
M3,M324,ACACET,7.7,M,M,46.54265,1.94,3.78,1.84,2.08,1,3.37,4.13,308.5262
M3,M324,ACACET,4.5,M,M,15.89625,1.6,2.34,0.74,1.39,1,1.49,0.73,137.307
M3,M324,ACACET,4.2,M,M,13.8474,1.67,2.1,0.43,1,1,0.75,0.22,121.2552
M3,M324,ACACET,5.7,M,M,25.50465,1.05,2.07,1.02,1.6,1,1.8,1.23,201.5142
M3,M324,ACACET,4,M,M,12.56,0.6,1.91,1.31,1,1,0.78,0.68,110.554
M3,M324,ACACET,4.7,M,M,17.34065,0.7,1.8,1.1,1.51,1,1.76,1.29,148.0082
M3,M324,ACACET,2.9,M,M,6.60185,0.6,1.35,0.75,0.75,1,0.44,0.22,51.6974
M3,M324,ACACET,2.2,M,M,3.7994,1,1.2,0.2,0.35,1,0.08,0.01,14.2432
M3,M324,ACACET,5.8,M,M,26.4074,1,2.68,1.68,1.57,1,1.92,2.15,206.8648
M3,M324,ACACET,27.6,M,M,597.9816,1.65,4.74,3.09,5.4,1,22.61,46.57,1373.2956
M3,M324,ACACET,6.8,M,M,36.2984,1,2.45,1.45,1.84,1,2.35,2.27,260.3708
M3,M324,ACACET,2.7,M,M,5.72265,0.55,0.7,0.15,0.8,1,0.49,0.05,40.9962
M3,M324,ACACET,3.5,M,M,9.61625,0.75,0.77,0.02,1.15,1,1.04,0.01,83.801
M3,M324,ACACET,4.6,M,M,16.6106,0.9,2.45,1.55,1.47,1,1.63,1.68,142.6576
M3,M324,ACACET,1.6,M,M,2.0096,0.8,1.45,0.65,0.75,1,0.42,0.18,-17.8604
M3,M324,ACACET,3,M,M,7.065,0.95,1.93,0.98,0.7,1,0.37,0.24,57.048
M3,M324,ACACET,5.9,M,M,27.32585,0.65,2.19,1.54,1.84,1,2.65,2.73,212.2154
M3,M324,ACACET,2.2,,b,3.7994,0.65,2.19,1.54,1.84,1,2.65,2.73,14.2432
M3,M324,ACACET,3.6,,b,10.1736,0.65,2.19,1.54,1.84,1,2.65,2.73,89.1516
M3,M324,ACACET,3.8,,b,11.3354,0.65,2.19,1.54,1.84,1,2.65,2.73,99.8528
M3,M324,ACACET,2.7,,b,5.72265,0.65,2.19,1.54,1.84,1,2.65,2.73,40.9962
M3,M324,ACACET,1.7,,b,2.26865,0.65,2.19,1.54,1.84,1,2.65,2.73,-12.5098
M3,M324,ACACET,15.6,M,M,191.0376,1.1,2.93,1.83,2.28,1,4.06,4.95,731.2236
M3,M324,ACACET,5.8,M,M,26.4074,1.1,1.8,0.7,0.9,1,0.64,0.3,206.8648
M3,M324,ACACET,12,M,M,113.04,1.55,3.08,1.53,2.6,1,5.28,5.38,538.602
M3,M324,ACACET,16.4,M,M,211.1336,1.1,2.88,1.78,2.35,1,4.29,5.09,774.0284
M3,M324,ACACET,7.4,M,M,42.9866,0.9,2.15,1.25,1.53,1,1.81,1.51,292.4744
M3,M324,ACACET,17.3,M,M,234.94265,1.1,3.4,2.3,3.55,1,9.89,15.17,822.1838
M3,M324,ACACET,4.7,,b,17.34065,1.1,3.4,2.3,3.55,1,9.89,15.17,148.0082
M3,M324,ACACET,5,,b,19.625,1.1,3.4,2.3,3.55,1,9.89,15.17,164.06
M3,M324,ACACET,12.7,M,M,126.61265,2.07,3.95,1.88,2.51,1,4.87,6.1,576.0562
M3,M324,ACACET,1.4,M,M,1.5386,0.65,0.85,0.2,0.5,1,0.07,0.01,-28.5616
M3,M324,ACACET,12.2,M,M,116.8394,1.2,2.88,1.68,1.58,1,1.95,2.19,549.3032
M3,M324,ACACET,4.5,M,M,15.89625,0.35,1.1,0.75,1.35,1,1.43,0.71,137.307
M3,M324,ACACET,17.7,M,M,245.93265,1.7,3.3,1.6,1.68,1,2.16,2.31,843.5862
M3,M324,ACACET,6.2,M,M,30.1754,1.1,2.4,1.3,2.89,1,6.55,5.68,228.2672
M3,M324,ACACET,7.3,M,M,41.83265,0.8,2.77,1.97,1.58,1,1.91,2.51,287.1238
M3,M324,ACACET,18.6,M,M,271.5786,1.53,3.38,1.85,2.72,1,5.81,7.16,891.7416
M3,M324,ACACET,1.8,M,M,2.5434,0.9,2.23,1.33,0.8,1,0.49,0.44,-7.1592
M3,M324,ACACET,16.8,M,M,221.5584,1,2.78,1.78,3.43,1,9.21,10.93,795.4308
M3,M324,ACACET,12.2,M,M,116.8394,0.7,2.53,1.83,2.33,1,4.24,5.17,549.3032
M3,M324,ACACET,3.3,,b,8.54865,0.7,2.53,1.83,2.33,1,4.24,5.17,73.0998
M3,M324,ACACET,3.2,M,M,8.0384,0.9,1.93,1.03,0.85,1,0.57,0.39,67.7492
M3,M324,ACACET,6.1,M,M,29.20985,0.85,2.33,1.48,2.03,1,3.18,3.14,222.9166
M3,M324,ACACET,1.7,,b,2.26865,0.85,2.33,1.48,2.03,1,3.18,3.14,-12.5098
M3,M324,ACACET,2.8,,b,6.1544,0.85,2.33,1.48,2.03,1,3.18,3.14,46.3468
M3,M324,ACACET,14.6,M,M,167.3306,2.1,5.31,3.21,3.25,1,8.13,17.4,677.7176
M3,M325,ACACET,11,M,M,94.985,2,3.66,1.66,3.34,1,8.7,9.63,485.096
M3,M325,ACACET,2.1,M,M,3.46185,0.4,0.9,0.5,0.68,1,0.35,0.12,8.8926
M3,M325,ACACET,7.5,M,M,44.15625,0.8,2.2,1.4,1.92,1,2.88,2.68,297.825
M3,M325,ACACET,3.9,M,M,11.93985,1,2.43,1.43,2.04,1,3.22,3.07,105.2034
M3,M325,ACACET,8.2,M,M,52.7834,0.85,2.8,1.95,2.75,1,5.89,7.65,335.2792
M3,M325,ACACET,21,M,M,346.185,1.2,3.72,2.52,3.47,1,9.4,15.78,1020.156
M3,M325,ACACET,12,M,M,113.04,1.2,3.98,2.78,3.8,1,11.19,20.74,538.602
M3,M325,ACACET,7.1,,b,39.57185,1.2,3.98,2.78,3.8,1,11.19,20.74,276.4226
M3,M325,ACACET,6.4,,b,32.1536,1.2,3.98,2.78,3.8,1,11.19,20.74,238.9684
M3,M325,ACACET,7.8,,b,47.7594,1.2,3.98,2.78,3.8,1,11.19,20.74,313.8768
M3,M325,ACACET,17.6,M,M,243.1616,1.2,4.23,3.03,4.02,1,12.58,25.42,838.2356
M3,M325,ACACET,13.7,M,M,147.33665,1.25,4.3,3.05,3.99,1,12.42,25.25,629.5622
M3,M325,ACACET,20,M,M,314,1.6,4,2.4,3.16,1,7.82,12.51,966.65
M3,M325,ACACET,4.3,M,M,14.51465,0.7,1.1,0.4,0.68,1,0.35,0.09,126.6058
M3,M325,ACACET,4.7,M,M,17.34065,1,2.2,1.2,1.72,1,2.32,1.85,148.0082
M3,M325,ACACET,21.9,M,M,376.49385,0.45,0.85,0.4,4.8,1,18.02,4.8,1068.3114
M3,M325,ACACET,1.7,M,M,2.26865,0.4,0.8,0.4,0.8,1,0.47,0.13,-12.5098
M3,M325,ACACET,10.9,M,M,93.26585,0.9,3.6,2.7,2.99,1,7.02,12.63,479.7454
M3,M325,ACACET,14,M,M,153.86,1.5,3.33,1.83,4.23,1,13.51,16.48,645.614
M3,M325,ACACET,9.6,M,M,72.3456,0.6,3.97,3.37,2.9,1,5.79,13,410.1876
M3,M325,ACACET,2.6,,b,5.3066,0.6,3.97,3.37,2.9,1,5.79,13,35.6456
M3,M325,ACACET,12.8,M,M,128.6144,0.9,3.17,2.27,2.64,1,5.43,8.22,581.4068
M3,M325,ACACET,5.5,,b,23.74625,1.69,3.49,1.8,2.52,1,4.96,5.96,190.813
M3,M325,ACACET,32.9,M,M,849.69185,1.57,4.59,3.02,3.5,1,8.45,17.01,1656.8774
M3,M325,ACACET,10.9,,b,93.26585,1.57,4.59,3.02,3.5,1,8.45,17.01,479.7454
M3,M325,ACACET,17.1,,b,229.54185,1.57,4.59,3.02,3.5,1,8.45,17.01,811.4826
M3,M326,ACACET,21.1,M,M,349.48985,1.1,3.27,2.17,3.4,1,9.07,13.13,1025.5066
M3,M326,ACACET,6.7,M,M,35.23865,0.7,1.82,1.12,2.5,1,4.78,3.57,255.0202
M3,M326,ACACET,2.2,,b,3.7994,0.7,1.82,1.12,2.5,1,4.78,3.57,14.2432
M3,M326,ACACET,27,M,M,572.265,1.2,3.73,2.53,4.2,1,13.78,23.24,1341.192
M3,M326,ACACET,23.5,M,M,433.51625,1.1,2.88,1.78,3.4,1,8.88,10.54,1153.921
M3,M326,ACACET,10.8,M,M,91.5624,1.1,3.48,2.38,3.35,1,8.81,13.97,474.3948
M3,M326,ACACET,8.5,M,M,56.71625,0.9,1.89,0.99,2.11,1,3.48,2.3,351.331
M3,M326,ACACET,3.8,M,M,11.3354,0.8,2.58,1.78,1.85,1,2.68,3.19,99.8528
M3,M326,ACACET,14.3,M,M,160.52465,1.1,2.16,1.06,1.85,1,2.64,1.86,661.6658
M3,M326,ACACET,5.7,,b,25.50465,1.1,2.16,1.06,1.85,1,2.64,1.86,201.5142
M3,M326,ACACET,5.7,M,M,25.50465,1,2.49,1.49,2.85,1,5.81,5.77,201.5142
M3,M326,ACACET,5.4,M,M,22.8906,1,1.87,0.87,2.7,1,5.44,3.16,185.4624
M3,M326,ACACET,8.4,M,M,55.3896,0.7,3.08,2.38,2.35,1,4.24,6.73,345.9804
M3,M326,ACACET,7.3,M,M,41.83265,0.8,2.05,1.25,2.05,1,3.14,2.62,287.1238
M3,M326,ACACET,1.3,,b,1.32665,0.8,2.05,1.25,2.05,1,3.14,2.62,-33.9122
M3,M326,ACACET,3.7,,b,10.74665,0.8,2.05,1.25,2.05,1,3.14,2.62,94.5022
M3,M326,ACACET,6.2,M,M,30.1754,0.8,1.63,0.83,1.75,1,2.17,1.2,228.2672
M3,M326,ACACET,6.6,M,M,34.1946,1.25,1.44,0.19,0.85,1,0.57,0.07,249.6696
M3,M326,ACACET,19.7,M,M,304.65065,1.85,4.29,2.44,3.05,1,6.74,10.96,950.5982
M3,M326,ACACET,19.5,M,M,298.49625,0.7,1.45,0.75,3.05,1,6.74,3.37,939.897
M3,M326,ACACET,12.8,M,M,128.6144,3.03,3.39,0.36,4.15,1,13.42,3.22,581.4068
M3,M327,ACACET,6.6,M,M,34.1946,1,1.85,0.85,2.77,1,5.98,3.39,249.6696
M3,M328,ACACET,8.5,M,M,56.71625,0.7,2.85,2.15,2.9,1,6.58,9.44,351.331
M3,M328,ACACET,4.1,,b,13.19585,0.7,2.85,2.15,2.9,1,6.58,9.44,115.9046
M3,M328,ACACET,4.5,M,M,15.89625,0.9,2.55,1.65,1.71,1,2.3,2.52,137.307
M3,M328,ACACET,3.3,,b,8.54865,0.9,2.55,1.65,1.71,1,2.3,2.52,73.0998
M3,M328,ACACET,8.6,M,M,58.0586,1,3.5,2.5,2.43,1,4.57,7.62,356.6816
M3,M329,ACACET,7.8,M,M,47.7594,1.6,3.8,2.2,3.32,1,8.65,12.68,313.8768
M3,M330,ACACET,16.3,M,M,208.56665,0.9,3.59,2.69,3.52,1,9.29,16.65,768.6778
M3,M330,ACACET,10.5,M,M,86.54625,0.9,2.96,2.06,2.72,1,5.66,7.78,458.343
M3,M330,ACACET,3,,b,7.065,0.9,2.96,2.06,2.72,1,5.66,7.78,57.048
M3,M330,ACACET,1.5,,b,1.76625,0.9,2.96,2.06,2.72,1,5.66,7.78,-23.211
M3,M330,ACACET,3,,b,7.065,0.9,2.96,2.06,2.72,1,5.66,7.78,57.048
M3,M330,ACACET,2,,b,3.14,0.9,2.96,2.06,2.72,1,5.66,7.78,3.542
M3,M330,ACACET,8.4,M,M,55.3896,0.8,2.31,1.51,2.58,1,5.19,5.23,345.9804
M3,M330,ACACET,2.6,,b,5.3066,0.8,2.31,1.51,2.58,1,5.19,5.23,35.6456
M3,M330,ACACET,4.5,,b,15.89625,0.8,2.31,1.51,2.58,1,5.19,5.23,137.307
M3,M330,ACACET,6,,b,28.26,0.8,2.31,1.51,2.58,1,5.19,5.23,217.566
M3,M330,ACACET,7.2,,b,40.6944,0.8,2.31,1.51,2.58,1,5.19,5.23,281.7732
M3,M330,ACACET,2.8,,b,6.1544,0.8,2.31,1.51,2.58,1,5.19,5.23,46.3468
M3,M330,ACACET,12.2,M,M,116.8394,1.02,4.11,3.09,3.49,1,9.25,19.05,549.3032
M3,M330,ACACET,7.3,,b,41.83265,1.02,4.11,3.09,3.49,1,9.25,19.05,287.1238
M3,M330,ACACET,9.5,M,M,70.84625,0.9,2.95,2.05,2.84,1,6.31,8.62,404.837
M3,M331,ACACET,14.3,M,M,160.52465,0.8,3.18,2.38,3.47,1,9.42,14.95,661.6658
M3,M331,ACACET,6.4,,b,32.1536,0.8,3.18,2.38,3.47,1,9.42,14.95,238.9684
M3,M331,ACACET,4.1,,b,13.19585,0.8,3.18,2.38,3.47,1,9.42,14.95,115.9046
M3,M331,ACACET,6.4,M,M,32.1536,0.9,2.41,1.51,2.61,1,5.21,5.25,238.9684
M3,M331,ACACET,4.8,M,M,18.0864,0.9,2.66,1.76,2.78,1,5.88,6.9,153.3588
M3,M331,ACACET,2.3,M,M,4.15265,0.75,1.49,0.74,1.49,1,1.68,0.83,19.5938
M3,M331,ACACET,1,,b,0.785,0.75,1.49,0.74,1.49,1,1.68,0.83,-49.964
M3,M331,ACACET,16.1,M,M,203.47985,1.15,3.16,2.01,4.15,1,13.37,17.92,757.9766
M3,M331,ACACET,13.1,,b,134.71385,1.15,3.16,2.01,4.15,1,13.37,17.92,597.4586
M3,M331,ACACET,15.2,M,M,181.3664,1.45,3.36,1.91,4.7,1,17.31,22.04,709.8212
M3,M331,ACACET,8.5,M,M,56.71625,1.16,3.18,2.02,2.65,1,5.5,7.4,351.331
M3,M331,ACACET,8,,b,50.24,1.16,3.18,2.02,2.65,1,5.5,7.4,324.578
M3,M331,ACACET,3,,b,7.065,1.16,3.18,2.02,2.65,1,5.5,7.4,57.048
M3,M331,ACACET,4.5,,b,15.89625,1.16,3.18,2.02,2.65,1,5.5,7.4,137.307
M3,M331,ACACET,3,,b,7.065,1.16,3.18,2.02,2.65,1,5.5,7.4,57.048
M3,M331,ACACET,3.7,,b,10.74665,1.16,3.18,2.02,2.65,1,5.5,7.4,94.5022
M3,M331,ACACET,11.1,M,M,96.71985,1.3,3,1.7,3.35,1,8.81,9.98,490.4466
M3,M331,ACACET,5.2,M,M,21.2264,0.8,2.73,1.93,1.65,1,2.04,2.63,174.7612
M3,M331,ACACET,4.3,,b,14.51465,0.8,2.73,1.93,1.65,1,2.04,2.63,126.6058
M3,M332,ACACET,12.5,M,M,122.65625,1.21,4.23,3.02,3.75,3,11.02,22.19,565.355
M3,M332,ACACET,9.7,,b,73.86065,1.21,4.23,3.02,3.75,3,11.02,22.19,415.5382
