Mpala structural data,,,,,,,,,,,,,Ilmotiok structural data,,,,,,,,
S/Transect,ALL,SpCode,DKH,Basal area (sq cm),Hmin,Hmax,CanDepth,CrwnDiam,CanArea     = ?D1D2/4 ,CanVol ,,,SpCode,DKH,Basal area (sq cm),Hmin,Hmax,CanDepth,CrwnDiam,CanArea     = ?D1D2/4 ,CanVol 
M1,M102,ACACBR,3,7.07,0.3,1.7,1.4,0.95,0.7,0.65,,,ACACME,10.6,88.20,1.22,1.43,0.21,6.45,32.61,4.63
M1,M102,ACACBR,1.6,2.01,0.55,1.02,0.47,0.26,0.05,0.01,,,ACACME,9.7,73.86,0.82,1,0.18,2.6,5.24,0.62
M1,M102,ACACBR,1.4,1.54,0.14,0.88,0.74,0.8,0.48,0.24,,,ACACET,3.5,9.62,0.52,1,0.48,1.5,1.73,0.56
M1,M102,ACACBR,1.3,1.33,0.12,1,0.88,0.28,0.06,0.04,,,ACACME,11.3,100.24,1.4,2.1,0.7,1.25,1.13,0.53
M1,M102,ACACBR,1.1,0.95,0.55,0.9,0.35,0.31,0.08,0.02,,,ACACME,8.6,58.06,1.15,3.57,2.42,3.76,10.97,17.68
M1,M102,ACACBR,1.9,2.83,0.32,0.81,0.49,0.37,0.1,0.03,,,ACACET,10.5,86.55,0.99,2.53,1.54,2.7,5.6,5.75
M1,M102,ACACBR,1.2,1.13,0.46,1.3,0.84,0.52,0.21,0.12,,,ACACME,8,50.24,1.06,4.33,3.27,7.1,39.07,85.15
M1,M102,ACACBR,4.2,13.85,0.7,3.1,2.4,1.67,2.12,3.39,,,ACACET,12.5,122.66,1.06,4.48,3.42,5.9,27.32,62.32
M1,M102,ACACBR,2,3.14,1.1,1.3,0.2,0.9,0.57,0.08,,,ACACME,3.3,8.55,1.1,1.8,0.7,1.68,2.22,1.03
M1,M102,ACACBR,1.9,2.83,0.6,1.1,0.5,0.7,0.35,0.12,,,ACACME,7.2,40.69,0.91,3.14,2.23,3.45,9.34,13.89
M1,M102,ACACBR,2.1,3.46,0.4,1.5,1.1,1.45,1.65,1.21,,,ACACET,13.9,151.67,0.95,2.59,1.64,2.29,3.8,4.16
M1,M102,ACACBR,2.2,3.80,0.6,2.1,1.5,1.15,1.02,1.02,,,ACACTO,8,50.24,1.09,2.87,1.78,3.46,9.39,11.12
M1,M102,ACACBR,3.4,9.07,0.72,1.6,0.88,1.55,1.87,1.1,,,ACACTO,5,19.63,1.06,2.41,1.35,2.05,3.22,2.9
M1,M102,ACACME,6.7,35.24,0.9,3.3,2.4,2.9,6.59,10.55,,,ACACTO,6.5,33.17,1.15,2.04,0.89,2.45,4.69,2.79
M1,M103,ACACBR,2.6,5.31,0.5,2.42,1.92,1.35,1.41,1.81,,,ACACME,8.4,55.39,1.55,3.51,1.96,3.5,9.49,12.38
M1,M103,ACACBR,1.7,2.27,0.7,1.9,1.2,0.6,0.28,0.23,,,ACACME,3.5,9.62,1.06,2.62,1.56,2.01,3.01,3.14
M1,M103,ACACBR,3.1,7.54,0.84,2.16,1.32,1.05,0.82,0.72,,,ACACTO,6.4,32.15,1.06,2.78,1.72,3.6,10.17,11.64
M1,M103,ACACBR,2,3.14,0.52,2.83,2.31,1.05,0.69,1.07,,,ACACTO,12.4,120.70,1.52,3.38,1.86,5.28,21.86,27.17
M1,M103,ACACBR,1.8,2.54,0.52,2.83,2.31,1.05,0.69,1.07,,,ACACTO,15.4,186.17,1.07,2.53,1.46,2.22,3.82,3.71
M1,M103,ACACBR,2,3.14,0.63,2.41,1.78,1.1,0.88,1.04,,,ACACTO,10.5,86.55,1.05,2.96,1.91,4.13,13.37,17
M1,M103,ACACBR,3.2,8.04,0.65,4.2,3.55,2.4,4.45,10.53,,,ACACTO,4.3,14.51,1.04,2.13,1.09,2.4,4.3,3.14
M1,M103,ACACBR,2,3.14,0.6,2.14,1.54,1.25,1.22,1.26,,,ACACTO,4.3,14.51,0.86,1.8,0.94,1.7,2.25,1.41
M1,M103,ACACBR,2.6,5.31,0.49,2.21,1.72,1.18,1.08,1.24,,,ACACTO,11.9,111.16,1.09,3.29,2.2,4.44,15.42,22.64
M1,M103,ACACBR,1.6,2.01,0.5,2.1,1.6,1.15,0.94,1,,,ACACTO,7.4,42.99,1.06,3.35,2.29,3.25,8.27,12.65
M1,M103,ACACBR,1.8,2.54,0.7,2.78,2.08,2.3,4.14,5.75,,,ACACTO,20,314.00,1.52,3.54,2.02,5.95,27.69,37.23
M1,M103,ACACBR,2.7,5.72,0.75,2.23,1.48,0.75,0.42,0.42,,,ACACTO,8,50.24,0.95,2.32,1.37,4.45,15.42,14.05
M1,M103,ACACBR,2,3.14,0.5,2.23,1.73,0.85,0.55,0.63,,,ACACTO,3.7,10.75,0.89,1.52,0.63,1.78,2.4,1.02
M1,M103,ACACBR,2.2,3.80,0.6,1.88,1.28,0.9,0.63,0.54,,,ACACTO,5.8,26.41,1.03,2.17,1.14,3.03,7.2,5.47
M1,M103,ACACBR,2.2,3.80,0.5,2.43,1.93,1.65,2.12,2.73,,,ACACME,15.1,178.99,1.6,5.15,3.55,8.55,56.68,134.23
M1,M103,ACACBR,3,7.07,0.6,2.37,1.77,1.8,2.47,2.92,,,ACACME,5.6,24.62,1.01,2.62,1.61,3.3,8.45,9.09
M1,M103,ACACBR,2.9,6.60,0.65,2.39,1.74,1.75,2.36,2.73,,,ACACME,14.1,156.07,1.22,5.15,3.93,5.73,25.72,67.42
M1,M103,ACACBR,2.5,4.91,0.74,1.3,0.56,0.85,0.57,0.21,,,ACACME,7,38.47,1.18,2.41,1.23,4.01,12.59,10.32
M1,M103,ACACBR,2.4,4.52,0.5,2.08,1.58,2.1,3.46,3.65,,,ACACET,23.4,429.83,1.05,5.34,4.29,6.08,28.33,80.93
M1,M103,ACACBR,2.4,4.52,0.7,1.83,1.13,1.2,1.06,0.8,,,ACACME,15.6,191.04,1.46,5.73,4.27,5.19,21.14,60.2
M1,M103,ACACBR,1.4,1.54,0.6,1.79,1.19,0.7,0.35,0.28,,,ACACME,6.4,32.15,0.8,1.92,1.12,1.87,2.41,1.8
M1,M103,ACACBR,2.8,6.15,0.4,1.53,1.13,1,0.79,0.59,,,ACACME,22.3,390.37,0.82,4.36,3.54,4.65,16.74,39.49
M1,M103,ACACBR,1.9,2.83,1,1.95,0.95,1.05,0.86,0.55,,,ACACME,6.7,35.24,1.04,3.14,2.1,4.44,15.47,21.66
M1,M103,ACACBR,2.1,3.46,0.7,1.9,1.2,0.61,0.29,0.23,,,ACACME,6.7,35.24,0.86,3.11,2.25,4.18,13.64,20.45
M1,M103,ACACBR,2.5,4.91,1.1,1.84,0.74,1.4,1.53,0.76,,,ACACME,8.6,58.06,1.17,3.38,2.21,5.54,23.96,35.37
M1,M103,ACACBR,2,3.14,1,2.27,1.27,1.5,1.77,1.5,,,ACACME,8.4,55.39,1.28,3.51,2.23,5.79,26.31,39.05
M1,M103,ACACBR,1.4,1.54,0.9,1.67,0.77,0.5,0.2,0.1,,,ACACME,8.2,52.78,1.64,4.69,3.05,6.79,36.14,73.47
M1,M103,ACACBR,1.8,2.54,0.9,1.67,0.77,0.5,0.2,0.1,,,ACACME,11.1,96.72,1.64,4.7,3.06,6.79,36.14,73.6
M1,M103,ACACBR,2.2,3.80,0.7,1.39,0.69,1.1,0.87,0.4,,,ACACME,7.9,48.99,0.96,3.39,2.43,6.93,37.7,61
M1,M103,ACACBR,2.3,4.15,0.7,1.66,0.96,1,0.78,0.5,,,ACACME,7.7,46.54,1.32,4.24,2.92,5.17,20.98,40.81
M1,M103,ACACBR,1.6,2.01,0.9,1.56,0.66,1.02,0.81,0.35,,,ACACME,6.3,31.16,0.94,2.87,1.93,4.91,18.88,24.24
M1,M103,ACACBR,1.8,2.54,0.85,1.56,0.71,0.95,0.66,0.31,,,ACACME,5.5,23.75,1.28,2.2,0.92,3.23,7.99,4.87
M1,M103,ACACBR,1.8,2.54,0.7,1.3,0.6,1.06,0.87,0.35,,,ACACME,10.6,88.20,1.21,3.99,2.78,7.78,46.35,86.02
M1,M103,ACACBR,1.6,2.01,0.36,1.38,1.02,0.6,0.23,0.15,,,ACACME,7.3,41.83,1.27,2.87,1.6,4.72,17.44,18.55
M1,M103,ACACBR,2,3.14,0.41,1.31,0.9,0.94,0.69,0.42,,,ACACME,4.6,16.61,1.2,3.14,1.94,3.67,10.39,13.44
M1,M103,ACACBR,2.3,4.15,0.92,1.61,0.69,1.8,2.42,1.11,,,ACACME,7.6,45.34,1.17,3.29,2.12,5.69,25.36,35.88
M1,M103,ACACBR,2,3.14,0.87,1.83,0.96,0.68,0.34,0.22,,,ACACME,9.3,67.89,0.79,3.35,2.56,7.07,39.03,66.71
M1,M103,ACACBR,4.2,13.85,0.92,1.95,1.03,2,2.86,1.96,,,ACACME,8.2,52.78,1.18,2.59,1.41,3.16,7.69,7.24
M1,M103,ACACBR,3.2,8.04,0.8,2.68,1.88,1.95,2.98,3.74,,,ACACME,8.9,62.18,0.8,4.24,3.44,7.73,46.88,107.44
M1,M103,ACACBR,2.3,4.15,0.5,1.55,1.05,1.1,0.92,0.64,,,ACACET,11.1,96.72,0.59,2.62,2.03,4.95,18.67,25.29
M1,M103,ACACBR,2.7,5.72,0.99,2.17,1.18,1.15,1.02,0.8,,,ACACME,6.4,32.15,1.22,4.3,3.08,5.96,27.86,57.19
M1,M103,ACACBR,3.4,9.07,0.57,1.22,0.65,0.95,0.71,0.31,,,ACACME,5.1,20.42,0.36,2.99,2.63,4.72,17.48,30.63
M1,M103,ACACBR,1.4,1.54,1.15,1.81,0.66,0.9,0.57,0.25,,,ACACME,12.7,126.61,1.52,4.27,2.75,4.97,19.33,35.42
M1,M103,ACACBR,1.9,2.83,1.18,1.9,0.72,1.05,0.86,0.41,,,ACACME,7.3,41.83,0.93,3.38,2.45,4.38,15.01,24.51
M1,M103,ACACBR,2.6,5.31,0.78,2.02,1.24,1.25,1.22,1.01,,,ACACET,4.9,18.85,1.11,2.47,1.36,2.73,5.83,5.29
M1,M103,ACACBR,2.7,5.72,0.6,1.3,0.7,0.67,0.32,0.15,,,ACACME,3.2,8.04,0.75,1.86,1.11,1.5,1.77,1.31
M1,M103,ACACBR,2.5,4.91,0.7,1.88,1.18,0.82,0.52,0.41,,,ACACME,3.9,11.94,1.17,2.49,1.32,3.94,12.11,10.66
M1,M103,ACACBR,3.6,10.17,1,1.96,0.96,1.75,2.4,1.54,,,ACACME,6.2,30.18,0.93,2.71,1.78,3.04,6.95,8.25
M1,M103,ACACBR,3.2,8.04,1.05,2,0.95,1.64,2.1,1.33,,,ACACME,7.3,41.83,0.79,3.72,2.93,3.56,9.84,19.23
M1,M103,ACACBR,1.5,1.77,1.03,1.81,0.78,0.51,0.17,0.09,,,ACACME,5.7,25.50,1.05,3.71,2.66,4.77,17.83,31.62
M1,M104,ACACBR,2.2,3.80,0.3,0.8,0.5,0.79,0.46,0.15,,,ACACME,5.6,24.62,1.06,3.84,2.78,4.77,17.83,33.04
M1,M104,ACACBR,2.2,3.80,0.9,1.48,0.58,0.9,0.63,0.24,,,ACACME,7.1,39.57,0.66,3.41,2.75,4.48,15.72,28.82
M1,M104,ACACBR,2.6,5.31,1,1.5,0.5,1.37,1.47,0.49,,,ACACME,5.5,23.75,1.01,4.14,3.13,3.08,7.43,15.51
M1,M104,ACACBR,2.4,4.52,0.8,1.33,0.53,0.8,0.5,0.18,,,ACACME,4.6,16.61,1.52,4.14,2.62,3.36,8.85,15.46
M1,M104,ACACBR,2,3.14,0.9,1.39,0.49,0.5,0.2,0.06,,,ACACME,3.8,11.34,1.04,4.14,3.1,2.32,3.95,8.16
M1,M104,ACACBR,1.7,2.27,0.7,1.1,0.4,0.95,0.71,0.19,,,ACACME,6.1,29.21,1.01,4.14,3.13,4.07,12.72,26.54
M1,M104,ACACBR,2.4,4.52,0.9,1.43,0.53,1.3,1.3,0.46,,,ACACME,4.1,13.20,2.37,4.14,1.77,2.96,6.81,8.04
M1,M104,ACACBR,1.5,1.77,0.85,1.2,0.35,0.6,0.27,0.06,,,ACACME,3.5,9.62,1.83,4.14,2.31,4.54,16.03,24.69
M1,M104,ACACBR,2,3.14,0.8,1.22,0.42,0.78,0.46,0.13,,,ACACME,6.1,29.21,1.79,4.14,2.35,2.32,4.21,6.59
M1,M104,ACACBR,2.3,4.15,0.6,0.8,0.2,0.75,0.44,0.06,,,ACACME,7.7,46.54,1.06,4.14,3.08,5.36,22.5,46.21
M1,M104,ACACBR,1.8,2.54,0.7,1.1,0.4,0.55,0.24,0.06,,,ACACME,8.4,55.39,1.58,2.22,0.64,3.01,7.07,3.02
M1,M104,ACACBR,2.2,3.80,0.65,1,0.35,1.6,1.94,0.45,,,ACACME,6.2,30.18,1.06,3.1,2.04,3.21,8.06,10.97
M1,M104,ACACBR,1.9,2.83,0.7,1.8,1.1,0.96,0.71,0.52,,,ACACME,9.7,73.86,1.02,2.74,1.72,4.23,13.66,15.66
M1,M104,ACACBR,2.6,5.31,0.8,1.4,0.6,1.05,0.85,0.34,,,ACACET,4.9,18.85,1,2.71,1.71,1.86,2.58,2.94
M1,M104,ACACBR,1.1,0.95,0.4,0.7,0.3,0.33,0.08,0.02,,,ACACME,8,50.24,1.04,3.51,2.47,5.38,22.65,37.3
M1,M104,ACACBR,1.8,2.54,0.7,1,0.3,0.41,0.13,0.03,,,ACACME,7.5,44.16,1.1,3.23,2.13,5.35,21.62,30.7
M1,M104,ACACBR,2.5,4.91,0.95,1.36,0.41,1.53,1.81,0.5,,,ACACME,7.7,46.54,1.04,3.74,2.7,3.49,9.36,16.84
M1,M104,ACACBR,2.7,5.72,0.6,1,0.4,0.4,0.12,0.03,,,ACACME,6.6,34.19,1,3.08,2.08,4.67,16.94,23.49
M1,M104,ACACBR,2.1,3.46,0.7,1.15,0.45,0.65,0.33,0.1,,,ACACET,5.5,23.75,1.06,2.19,1.13,1.23,1.18,0.89
M1,M104,ACACBR,1.5,1.77,0.63,1.18,0.55,0.44,0.15,0.06,,,ACACME,6,28.26,1.05,3.26,2.21,4.69,17.07,25.15
M1,M104,ACACBR,2.7,5.72,0.8,1.1,0.3,1.1,0.95,0.19,,,ACACME,5.3,22.05,1,2.95,1.95,2.55,5.01,6.51
M1,M104,ACACBR,1.5,1.77,0.3,0.6,0.3,0.55,0.22,0.04,,,ACACME,3.4,9.07,1,1.77,0.77,2.11,3.49,1.79
M1,M104,ACACBR,2.4,4.52,0.64,1.1,0.46,1,0.79,0.24,,,ACACME,6,28.26,1.83,2.71,0.88,2.37,4.38,2.57
M1,M104,ACACBR,2.1,3.46,1,1.2,0.2,0.75,0.44,0.06,,,ACACME,4.1,13.20,1.03,2.44,1.41,3.09,7.16,6.73
M1,M104,ACACBR,2.2,3.80,0.74,1.16,0.42,0.47,0.17,0.05,,,ACACET,10.2,81.67,0.9,3.84,2.94,3.02,7.05,13.81
M1,M104,ACACBR,2.2,3.80,0.6,1.1,0.5,0.9,0.63,0.21,,,ACACME,10.7,89.87,1.02,3.01,1.99,4.72,17.41,23.09
M1,M104,ACACBR,2.6,5.31,0.8,1.36,0.56,1.5,1.63,0.61,,,ACACET,5.7,25.50,1.06,2.74,1.68,2.29,4.1,4.59
M1,M104,ACACBR,1.8,2.54,0.9,1.15,0.25,0.95,0.71,0.12,,,ACACET,5.7,25.50,0.92,3.07,2.15,2.88,6.49,9.3
M1,M104,ACACBR,2.5,4.91,0.5,0.9,0.4,0.75,0.39,0.1,,,ACACET,6.9,37.37,0.9,2.99,2.09,3.6,10.12,14.11
M1,M104,ACACBR,2.1,3.46,0.8,1,0.2,0.63,0.3,0.04,,,ACACET,6,28.26,1.01,3.11,2.1,3.05,7.3,10.22
M1,M104,ACACBR,3.1,7.54,0.8,1,0.2,0.63,0.3,0.04,,,ACACME,10.5,86.55,1.03,4.33,3.3,5.45,20.99,46.18
M1,M104,ACACBR,2.2,3.80,0.76,1.06,0.3,0.75,0.42,0.08,,,ACACME,9.2,66.44,1.06,3.02,1.96,1.87,2.73,3.57
M1,M104,ACACBR,2.9,6.60,0.64,1.65,1.01,0.97,0.73,0.49,,,ACACME,11.4,102.02,1.01,2.2,1.19,1.55,1.86,1.48
M1,M104,ACACBR,2.2,3.80,0.8,1.7,0.9,0.78,0.47,0.28,,,ACACET,10.9,93.27,0.6,3.14,2.54,2.06,3.24,5.49
M1,M104,ACACBR,2.3,4.15,0.8,1.1,0.3,0.46,0.08,0.02,,,ACACET,7.3,41.83,0.74,3.08,2.34,2.53,4.95,7.72
M1,M104,ACACBR,2.6,5.31,0.7,1.1,0.4,0.65,0.33,0.09,,,ACACET,12.9,130.63,1,4.45,3.45,3.8,11.14,25.62
M1,M104,ACACBR,2.7,5.72,0.7,1.1,0.4,0.65,0.33,0.09,,,ACACTO,19.3,292.40,0.74,4.24,3.5,6.43,32.24,75.17
M1,M104,ACACBR,1.5,1.77,1.09,1.46,0.37,0.18,0.02,0.01,,,ACACME,18.5,268.67,0.8,2.32,1.52,3.17,7.6,7.69
M1,M104,ACACBR,2,3.14,1,1.42,0.42,0.58,0.24,0.07,,,ACACTO,10.4,84.91,0.87,2.87,2,5.94,27.55,36.65
M1,M104,ACACBR,1.9,2.83,0.7,1.21,0.51,0.75,0.44,0.15,,,ACACTO,12.7,126.61,0.8,2.47,1.67,5.4,22.59,25.14
M1,M104,ACACBR,2.5,4.91,1.1,1.43,0.33,0.8,0.5,0.11,,,ACACTO,13.2,136.78,0.5,3.84,3.34,4.52,16.04,35.73
M1,M104,ACACBR,2.2,3.80,0.8,1.16,0.36,0.53,0.21,0.05,,,ACACTO,5.2,21.23,0.6,2.71,2.11,3.88,11.65,16.42
M1,M104,ACACBR,3.1,7.54,0.86,1.72,0.86,0.55,0.22,0.13,,,ACACTO,13.3,138.86,1.22,2.93,1.71,5.79,26.14,29.74
M1,M104,ACACBR,2.2,3.80,0.75,0.9,0.15,0.2,0.03,0,,,ACACME,13.8,149.50,0.9,3.72,2.82,5.31,21.8,40.98
M1,M104,ACACBR,1.3,1.33,0.63,1.03,0.4,0.33,0.07,0.02,,,ACACME,12.1,114.93,1.22,4.82,3.6,5.97,27.71,66.44
M1,M104,ACACBR,2.2,3.80,0.77,1.22,0.45,0.23,0.04,0.01,,,ACACME,12.7,126.61,1.2,2.96,1.76,4.03,12.22,14.32
M1,M104,ACACBR,3.5,9.62,0.8,1.27,0.47,1.11,0.96,0.3,,,ACACME,7.6,45.34,1.1,2.71,1.61,4.19,13.75,14.79
M1,M104,ACACBR,3.3,8.55,0.6,2.15,1.55,1.68,2.12,2.19,,,ACACME,10.6,88.20,4.37,5,0.63,6.42,32.17,13.6
M1,M105,ACACET,5.9,27.33,0.8,2.43,1.63,1.35,1.43,1.55,,,ACACME,16.6,216.31,1.21,5.27,4.06,7.89,48.54,131.52
M1,M105,ACACBR,2.2,3.80,0.7,1.91,1.21,1.33,1.38,1.11,,,ACACET,11.7,107.46,1,3.57,2.57,3.96,12.31,21.07
M1,M105,ACACBR,2.3,4.15,0.75,1.89,1.14,1.54,1.86,1.41,,,ACACME,15.6,191.04,1.2,2.78,1.58,4.05,12.22,12.85
M1,M105,ACACBR,1.5,1.77,0.8,1.41,0.61,0.38,0.11,0.04,,,ACACME,14.3,160.52,1.22,4.3,3.08,7.05,38.94,80.01
M1,M105,ACACBR,1.5,1.77,0.6,1.1,0.5,0.66,0.34,0.11,,,ACACTO,13.4,140.95,3.11,5.1,1.99,2.75,5.79,7.68
M1,M105,ACACBR,2.8,6.15,0.75,1.76,1.01,0.88,0.6,0.4,,,ACACTO,5.4,22.89,1,1.59,0.59,4.6,16.26,6.34
M1,M105,ACACBR,1.1,0.95,2.98,3.43,0.45,0.1,0.01,0,,,ACACME,4.6,16.61,1.12,3.02,1.9,4.08,13.03,16.49
M1,M105,ACACET,14.3,160.52,1.1,4.52,3.42,2.26,3.99,9.1,,,ACACME,3.9,11.94,1.02,3.14,2.12,3.94,12.06,17.05
M1,M105,ACACBR,4,12.56,0.7,1.55,0.85,0.5,0.07,0.04,,,ACACTO,4.6,16.61,0.4,2.36,1.96,2.75,5.89,7.69
M1,M105,ACACET,11.1,96.72,1.5,3.7,2.2,3.6,10.14,14.88,,,ACACET,10.1,80.08,1.22,3.41,2.19,2.96,6.86,10.04
M1,M105,ACACBR,2.5,4.91,0.8,1.77,0.97,0.99,0.75,0.49,,,ACACTO,7.8,47.76,1.1,2.32,1.22,4.25,14.08,11.42
M1,M105,ACACET,8,50.24,1.2,3.6,2.4,2.23,3.9,6.25,,,ACACTO,15.3,183.76,0.86,2.87,2.01,6.42,32.29,43.17
M1,M105,ACACET,17.1,229.54,0.3,2.23,1.93,2.31,4.18,5.38,,,ACACME,20,314.00,1.22,3.11,1.89,5.29,20.22,25.48
M1,M105,ACACBR,2.6,5.31,0.9,1,0.1,0.8,0.43,0.03,,,ACACET,3.7,10.75,0.83,1.92,1.09,2.1,3.41,2.48
M1,M105,ACACBR,2.4,4.52,0.9,1.22,0.32,0.5,0.2,0.04,,,ACACTO,3.5,9.62,1.22,1.55,0.33,3.34,8.71,1.95
M1,M105,ACACET,8.5,56.72,3,3.46,0.46,1.95,2.93,0.9,,,ACACET,10.6,88.20,0.8,3.69,2.89,4.88,17.76,34.25
M1,M105,ACACET,14.2,158.29,2.8,3.37,0.57,1.63,2.04,0.77,,,ACACTO,3.6,10.17,0.87,1.59,0.72,2.5,4.85,2.31
M1,M105,ACACET,13.1,134.71,3.1,3.36,0.26,2.42,4.55,0.79,,,ACACME,17.7,245.93,1.2,4.82,3.62,7.29,41.53,100.13
M1,M105,ACACET,4,12.56,1.18,1.7,0.52,1.01,0.79,0.27,,,ACACME,7.4,42.99,0.8,3.38,2.58,2.72,5.8,9.99
M1,M105,ACACET,3,7.07,0.75,1.01,0.26,0.42,0.13,0.02,,,ACACME,15.5,188.60,0.9,3.84,2.94,6.75,34.34,67.33
M1,M105,ACACET,6.7,35.24,2.3,2.78,0.48,1.35,1.33,0.43,,,ACACME,5,19.63,0.66,1.83,1.17,2.13,3.53,2.75
M1,M105,ACACBR,1.6,2.01,0.87,1.43,0.56,0.4,0.12,0.04,,,ACACME,8.4,55.39,0.22,2.82,2.6,3.42,9.04,15.67
M1,M105,ACACET,7.8,47.76,1.1,2.41,1.31,2.27,4.03,3.52,,,ACACME,1.1,0.95,0.1,0.7,0.6,2.24,3.69,1.48
M1,M105,ACACBR,2.6,5.31,0.87,1.79,0.92,0.45,0.14,0.08,,,ACACME,2.1,3.46,0.2,0.8,0.6,1.29,1.28,0.51
M1,M105,ACACBR,1.5,1.77,0.8,1.12,0.32,0.6,0.28,0.06,,,ACACME,7.4,42.99,0.8,3.63,2.83,3.68,10.13,19.11
M1,M105,ACACBR,1.6,2.01,0.6,1.05,0.45,0.7,0.38,0.12,,,ACACME,5.3,22.05,0.22,1.82,1.6,2.68,5.6,5.98
M1,M105,ACACBR,2.5,4.91,0.6,2.1,1.5,1.1,0.94,0.94,,,ACACET,8.1,51.50,0.8,3.35,2.55,3.29,7.93,13.48
M1,M105,ACACBR,3.2,8.04,0.5,1.6,1.1,1.1,0.95,0.7,,,ACACME,13,132.67,0.5,3.5,3,2.95,6.59,13.19
M1,M105,ACACBR,2.5,4.91,0.6,1.2,0.6,0.45,0.16,0.06,,,ACACME,6.4,32.15,0.7,3.3,2.6,4.3,14.51,25.16
M1,M105,ACACBR,2,3.14,0.4,1.35,0.95,1.37,1.45,0.92,,,ACACME,11.1,96.72,1.1,3.9,2.8,5.55,24.18,45.14
M1,M105,ACACBR,2.8,6.15,0.85,1.66,0.81,2.31,4.16,2.25,,,ACACTO,2.6,5.31,0.3,1.1,0.8,1.5,1.57,0.84
M1,M105,ACACBR,2.4,4.52,0.54,1.17,0.63,0.67,0.35,0.15,,,ACACME,9.2,66.44,1,4.24,3.24,7.1,39.48,85.27
M1,M105,ACACBR,2.1,3.46,0.4,1.42,1.02,1,0.79,0.53,,,ACACME,6.4,32.15,0.9,3.8,2.9,3.67,10.49,20.28
M1,M105,ACACBR,1.8,2.54,1.6,1.7,0.1,0.49,0.18,0.01,,,ACACME,6.4,32.15,1,3.1,2.1,3.4,9.01,12.62
M1,M105,ACACBR,2.1,3.46,1,1.66,0.66,0.98,0.75,0.33,,,ACACME,12.3,118.76,1,4.71,3.71,5.58,24.44,60.45
M1,M105,ACACBR,3,7.07,0.5,1.5,1,1.09,0.93,0.62,,,ACACME,5.5,23.75,0.5,2.43,1.93,3.55,9.88,12.71
M1,M105,ACACBR,1.6,2.01,0.9,1.2,0.3,0.65,0.33,0.07,,,ACACME,13.6,145.19,1,4.51,3.51,5.55,24.12,56.44
M1,M105,ACACBR,2.2,3.80,0.4,0.9,0.5,0.8,0.5,0.17,,,ACACME,6.8,36.30,5.2,7.7,2.5,5.56,20.67,34.45
M1,M105,ACACBR,2,3.14,1.1,1.8,0.7,0.83,0.53,0.25,,,ACACME,11.5,103.82,0.2,3.66,3.46,5.38,20.61,47.53
M1,M105,ACACBR,2.2,3.80,0.8,1.4,0.6,0.7,0.38,0.15,,,ACACME,4.9,18.85,1.1,2.94,1.84,3.16,7.73,9.48
M1,M105,ACACBR,2.2,3.80,0.4,1.43,1.03,1.1,0.94,0.65,,,ACACME,8.2,52.78,0.04,3.93,3.89,5.25,21.58,55.96
M1,M105,ACACBR,3.1,7.54,1.24,1.38,0.14,0.95,0.71,0.07,,,ACACME,11.2,98.47,1.1,3.69,2.59,5.08,20.02,34.56
M1,M105,ACACBR,2.3,4.15,0.7,1.94,1.24,1.6,1.73,1.43,,,ACACME,9.7,73.86,0.7,3.2,2.5,4.38,14.84,24.73
M1,M105,ACACBR,1.4,1.54,0.8,0.9,0.1,0.95,0.69,0.05,,,ACACME,7.5,44.16,0.93,3.38,2.45,5.21,21.27,34.73
M1,M105,ACACBR,1.5,1.77,0.7,0.9,0.2,0.31,0.08,0.01,,,ACACME,5.5,23.75,1,2.78,1.78,3.06,7.32,8.69
M1,M105,ACACBR,1.6,2.01,1.16,1.22,0.06,0.2,0.03,0,,,ACACME,6.7,35.24,0.6,3.28,2.68,4.51,15.82,28.26
M1,M105,ACACBR,1.4,1.54,0.38,0.4,0.02,0.33,0.08,0,,,ACACME,9.5,70.85,0.4,3.55,3.15,3.44,8.42,17.69
M1,M105,ACACET,8,50.24,0.9,2.61,1.71,1.74,2.38,2.71,,,ACACME,9.1,65.01,1,3.54,2.54,5.04,19.94,33.76
M1,M105,ACACBR,1.9,2.83,0.9,1.58,0.68,0.41,0.13,0.06,,,ACACME,5.9,27.33,0.18,2.57,2.39,2.66,5.51,8.78
M1,M105,ACACBR,2,3.14,0.3,0.6,0.3,0.22,0.04,0.01,,,ACACME,9.2,66.44,0.4,2.67,2.27,4.9,18.72,28.33
M1,M105,ACACBR,1.9,2.83,0.6,1.47,0.87,0.43,0.14,0.08,,,ACACME,11.4,102.02,1,4.18,3.18,5.73,25.72,54.52
M1,M105,ACACBR,1.8,2.54,0.8,1.56,0.76,0.65,0.33,0.17,,,ACACME,7.9,48.99,0.6,3.95,3.35,5.65,22.74,50.78
M1,M105,ACACBR,1.8,2.54,0.7,1.38,0.68,0.58,0.26,0.12,,,ACACME,9,63.59,0.4,3.16,2.76,4.83,18.19,33.48
M1,M105,ACACBR,1.8,2.54,0.8,1.53,0.73,0.7,0.38,0.19,,,ACACME,5.4,22.89,1,2.78,1.78,2.95,6.47,7.68
M1,M105,ACACBR,1.8,2.54,0.63,1.47,0.84,0.93,0.65,0.36,,,ACACME,4.2,13.85,1.2,2.64,1.44,2.7,5.63,5.4
M1,M105,ACACBR,2.3,4.15,0.35,0.55,0.2,0.6,0.28,0.04,,,ACACME,1.2,1.13,0.2,1.1,0.9,1.94,2.79,1.67
M1,M105,ACACBR,1.7,2.27,0.8,1.45,0.65,0.25,0.05,0.02,,,ACACET,1.6,2.01,0.2,0.8,0.6,1,0.79,0.31
M1,M105,ACACBR,2.3,4.15,0.5,1.35,0.85,0.98,0.73,0.42,,,ACACME,10.5,86.55,1.1,3.6,2.5,6.63,34.44,57.39
M1,M105,ACACBR,1.2,1.13,0.35,0.7,0.35,0.38,0.11,0.03,,,ACACME,15.5,188.60,0.56,4.32,3.76,6.82,36.49,91.46
M1,M105,ACACBR,1.8,2.54,0.7,1.48,0.78,1.07,0.9,0.47,,,ACACME,5,19.63,0.7,2.6,1.9,2.44,4.66,5.9
M1,M105,ACACBR,2.1,3.46,0.6,1.5,0.9,0.5,0.16,0.1,,,ACACME,10.6,88.20,1.13,3.79,2.66,7.3,41.71,73.96
M1,M105,ACACBR,2,3.14,0.66,0.9,0.24,0.2,0.03,0.01,,,ACACME,2.6,5.31,0.15,1.5,1.35,2.52,4.95,4.46
M1,M105,ACACBR,1.5,1.77,0.9,1.1,0.2,0.24,0.05,0.01,,,ACACME,20.2,320.31,1,4.1,3.1,8.06,50.95,105.3
M1,M105,ACACBR,1.8,2.54,0.3,0.45,0.15,0.16,0.02,0,,,ACACME,2.9,6.60,0.4,1.22,0.82,1.78,2.44,1.33
M1,M105,ACACBR,2,3.14,1.57,2.83,1.26,0.8,0.47,0.4,,,ACACME,2.7,5.72,0.5,1.51,1.01,2.6,5.29,3.56
M1,M105,ACACET,7.3,41.83,1.41,2.63,1.22,1.6,1.98,1.61,,,ACACME,3.2,8.04,0.8,1.75,0.95,2.55,5.08,3.22
M1,M105,ACACET,22.8,408.07,1.16,4.8,3.64,3.48,9.48,23,,,ACACME,14.4,162.78,0.88,4.26,3.38,7.47,43.12,97.16
M1,M105,ACACBR,2.2,3.80,0.7,1.2,0.5,1.13,0.96,0.32,,,ACACME,3.7,10.75,0.18,2.6,2.42,2.36,4.37,7.05
M1,M106,ACACBR,2.1,3.46,0.75,1.3,0.55,0.4,0.13,0.05,,,ACACME,6.5,33.17,0.5,3.5,3,4.69,16.34,32.68
M1,M106,ACACBR,1.5,1.77,0.65,0.8,0.15,0.3,0.07,0.01,,,ACACME,2.3,4.15,0.3,1,0.7,1,0.79,0.37
M1,M106,ACACBR,2.1,3.46,1,1.52,0.52,0.88,0.58,0.2,,,ACACME,7.5,44.16,0.2,2.4,2.2,5.09,20.16,29.57
M1,M106,ACACME,7.8,47.76,0.8,1.7,0.9,0.83,0.53,0.32,,,ACACME,9.7,73.86,1.12,4.37,3.25,6.15,29.57,64.07
M1,M106,ACACBR,1.9,2.83,0.9,1.38,0.48,2.05,1.65,0.53,,,ACACME,7.1,39.57,0.8,3.48,2.68,5,19.6,35.02
M1,M106,ACACBR,2.1,3.46,0.8,1,0.2,0.35,0.09,0.01,,,ACACME,4.9,18.85,0.5,2.62,2.12,4.21,13.79,19.5
M1,M106,ACACBR,2.4,4.52,1.1,2.13,1.03,1.13,0.86,0.59,,,ACACME,5.3,22.05,0.25,2.58,2.33,3.6,10.14,15.76
M1,M106,ACACBR,2.2,3.80,0.8,1.31,0.51,0.52,0.21,0.07,,,ACACME,3.7,10.75,0.6,2.85,2.25,3.41,9.05,13.58
M1,M106,ACACBR,1.5,1.77,0.9,1.35,0.45,0.35,0.09,0.03,,,ACACME,5.2,21.23,0.9,2.66,1.76,3.05,7.18,8.42
M1,M106,ACACBR,2.3,4.15,0.95,1.48,0.53,0.3,0.07,0.02,,,ACACME,9,63.59,0.7,3.36,2.66,5.3,22.05,39.1
M1,M106,ACACBR,1,0.79,0.6,0.8,0.2,0.28,0.06,0.01,,,ACACME,8,50.24,0.9,3.8,2.9,7.04,37.3,72.11
M1,M106,ACACBR,1.8,2.54,0.7,1.13,0.43,0.55,0.24,0.07,,,ACACME,6,28.26,0.39,0.9,0.51,5.02,19.71,6.7
M1,M106,ACACBR,2.6,5.31,1.34,2.2,0.86,0.6,0.28,0.16,,,ACACME,9.8,75.39,1.22,3.25,2.03,5.15,20.76,28.1
M1,M106,ACACBR,1.7,2.27,1.35,2.2,0.85,0.83,0.53,0.3,,,ACACME,7.1,39.57,1.19,3.1,1.91,4.96,19.12,24.34
M1,M106,ACACBR,2.4,4.52,1.3,1.85,0.55,0.4,0.12,0.04,,,ACACME,5.3,22.05,0.9,2.98,2.08,3.6,10.14,14.06
M1,M106,ACACBR,2.1,3.46,1.13,1.5,0.37,0.88,0.59,0.15,,,ACACME,4.5,15.90,0.64,1.29,0.65,2.56,5.11,2.21
M1,M106,ACACBR,1.9,2.83,1.1,1.82,0.72,0.95,0.61,0.29,,,ACACME,8.3,54.08,1.53,3.54,2.01,3.62,10.14,13.59
M1,M106,ACACBR,2,3.14,1.2,2.5,1.3,0.6,0.27,0.24,,,ACACME,10.3,83.28,0.73,5.01,4.28,7.7,46.41,132.42
M1,M106,ACACBR,2.7,5.72,0.8,1.84,1.04,1.45,1.63,1.13,,,ACACME,7.6,45.34,1.19,4.05,2.86,4.3,13.19,25.15
M1,M106,ACACET,19,283.39,2.5,3.49,0.99,2.23,3.9,2.58,,,ACACME,15.7,193.49,1,4.6,3.6,5.18,20.76,49.83
M1,M106,ACACBR,1.8,2.54,0.7,1.1,0.4,0.35,0.09,0.03,,,ACACET,5,19.63,1.15,3.32,2.17,2.14,3.52,5.1
M1,M106,ACACBR,3,7.07,0.7,1,0.3,0.9,0.57,0.11,,,ACACME,9,63.59,1.2,3.67,2.47,5.5,23.68,39
M1,M106,ACACBR,2,3.14,0.9,1.47,0.57,0.83,0.53,0.2,,,ACACME,7.4,42.99,0.7,2.5,1.8,3.25,8.13,9.76
M1,M106,ACACBR,2.9,6.60,1.2,2.9,1.7,1.05,0.85,0.96,,,ACACET,5.5,23.75,0.55,3.18,2.63,2.43,4.54,7.97
M1,M106,ACACBR,1.5,1.77,0.75,1,0.25,0.45,0.16,0.03,,,ACACME,9,63.59,0.8,3.98,3.18,4.36,14.91,31.6
M1,M106,ACACBR,1.5,1.77,0.75,1,0.25,0.45,0.16,0.03,,,ACACME,1.5,1.77,0.3,0.89,0.59,1,0.79,0.31
M1,M106,ACACET,14,153.86,2.3,3.75,1.45,2.65,4.44,4.29,,,ACACME,9.8,75.39,0.4,4.29,3.89,6.29,31,80.4
M1,M106,ACACET,8.7,59.42,2.3,3.75,1.45,2.65,4.44,4.29,,,ACACME,7,38.47,0.8,4.15,3.35,3.38,8.93,19.95
M1,M106,ACACBR,1,0.79,0.6,0.8,0.2,0.18,0.02,0,,,ACACET,2.2,3.80,0.11,1.09,0.98,1.38,1.47,0.96
M1,M106,ACACBR,1.1,0.95,1.1,1.51,0.41,0.45,0.16,0.04,,,ACACME,10.6,88.20,0.6,1.86,1.26,2.66,4.82,4.05
M1,M106,ACACBR,1.7,2.27,0.7,1.1,0.4,0.35,0.08,0.02,,,ACACME,9.3,67.89,1.68,2.73,1.05,5.62,23.57,16.5
M1,M106,ACACBR,2.3,4.15,0.9,1.38,0.48,0.68,0.36,0.11,,,ACACME,8.2,52.78,0.87,4.07,3.2,5.85,26.81,57.19
M1,M106,ACACBR,1.6,2.01,0.8,1.1,0.3,0.28,0.06,0.01,,,ACACME,9.5,70.85,1.01,3.6,2.59,4.02,12.37,21.37
M1,M106,ACACBR,2,3.14,0.8,1.31,0.51,0.38,0.11,0.04,,,ACACME,1.8,2.54,0.2,0.5,0.3,1.66,2.16,0.43
M1,M106,ACACBR,1.8,2.54,0.7,0.9,0.2,0.68,0.36,0.05,,,ACACME,3,7.07,0.7,2.19,1.49,1.6,2,1.99
M1,M106,ACACBR,1.2,1.13,0.8,1,0.2,0.58,0.26,0.03,,,ACACME,3,7.07,0.3,1,0.7,2.46,4.72,2.2
M1,M106,ACACBR,1.1,0.95,0.9,1,0.1,0.2,0.03,0,,,ACACME,4.2,13.85,0.34,2.8,2.46,2.48,4.81,7.88
M1,M106,ACACBR,2,3.14,0.7,0.9,0.2,0.38,0.11,0.01,,,ACACTO,1.7,2.27,0.3,0.9,0.6,0.91,0.57,0.23
M1,M106,ACACBR,1.5,1.77,0.7,1.07,0.37,0.35,0.09,0.02,,,ACACME,2.9,6.60,0.3,1,0.7,1.8,2.53,1.18
M1,M106,ACACBR,1.2,1.13,0.62,0.75,0.13,0.15,0.02,0,,,ACACET,5.2,21.23,0.36,3.1,2.74,2.34,4.11,7.51
M1,M106,ACACBR,1.8,2.54,0.63,1.33,0.7,0.62,0.28,0.13,,,ACACME,4.5,15.90,0.4,3,2.6,3.06,7.16,12.41
M1,M106,ACACBR,1.2,1.13,0.68,0.93,0.25,0.22,0.03,0.01,,,ACACME,7.6,45.34,0.8,2.7,1.9,4.07,13,16.46
M1,M106,ACACBR,2,3.14,0.76,1.33,0.57,1.28,1.24,0.47,,,ACACME,10.9,93.27,0.76,2.82,2.06,2.7,5.72,7.85
M1,M106,ACACBR,3.4,9.07,0.73,1.71,0.98,0.82,0.47,0.31,,,ACACME,12.1,114.93,1.6,4.03,2.43,6.81,35.86,58.1
M1,M106,ACACBR,3.8,11.34,0.86,1.61,0.75,2.54,5.04,2.52,,,ACACME,6.8,36.30,0.79,3.12,2.33,5,19.41,30.15
M1,M106,ACACBR,2.1,3.46,0.56,1.38,0.82,0.55,0.23,0.13,,,ACACME,4.5,15.90,0.44,1.64,1.2,1.72,2.11,1.69
M1,M106,ACACBR,1,0.79,0.4,0.7,0.3,0.4,0.12,0.02,,,ACACME,3,7.07,0.3,2.58,2.28,2.93,6.71,10.2
M1,M106,ACACET,13.9,151.67,0.8,2.78,1.98,3.24,8.24,10.88,,,ACACME,5.9,27.33,0.5,3.44,2.94,2.55,5.03,9.86
M1,M106,ACACET,12.2,116.84,0.7,2.83,2.13,3.24,8.21,11.66,,,ACACME,8.9,62.18,1,3.29,2.29,4.74,17.34,26.47
M1,M106,ACACBR,1.6,2.01,4.6,7.3,2.7,4.1,13,23.4,,,ACACME,5.3,22.05,1.03,3.02,1.99,3.67,10.34,13.72
M1,M106,ACACET,3.8,11.34,2.5,2.65,0.15,2.22,3.85,0.39,,,ACACME,11,94.99,0.92,4.5,3.58,6.51,33.22,79.28
M1,M106,ACACET,4.4,15.20,1.71,5.8,4.09,1.42,1.55,4.23,,,ACACET,6.1,29.21,0.4,2.57,2.17,2.94,6.78,9.82
M1,M106,ACACET,8.2,52.78,1.1,1.96,0.86,1.75,2.37,1.36,,,ACACME,8.1,51.50,0.6,3.66,3.06,6.02,26.25,53.55
M1,M106,ACACBR,1.2,1.13,0.8,0.9,0.1,0.1,0.01,0,,,ACACME,8.5,56.72,1.58,3.99,2.41,4.09,13.07,21
M1,M106,ACACET,9.6,72.35,1.13,2.86,1.73,2.88,6.37,7.35,,,ACACME,18.2,260.02,1.2,4.19,2.99,6.99,38.32,76.39
M1,M106,ACACBR,3.1,7.54,0.86,1.86,1,2.87,5.9,3.93,,,ACACME,12.2,116.84,0.8,4.49,3.69,7.1,39.57,97.35
M1,M106,ACACBR,3.5,9.62,0.8,1.88,1.08,1.16,1.02,0.73,,,ACACTO,6.8,36.30,1.52,3.36,1.84,3.18,7.84,9.61
M1,M106,ACACBR,3.2,8.04,0.7,1.6,0.9,1.73,2.33,1.4,,,ACACME,2.1,3.46,0.2,1.22,1.02,1.52,1.81,1.23
M1,M106,ACACBR,3,7.07,0.3,0.86,0.56,0.54,0.21,0.08,,,ACACME,14.7,169.63,0.8,4.13,3.33,4.44,14.58,32.37
M1,M106,ACACET,5.5,23.75,1.08,2.68,1.6,2.05,3.28,3.5,,,ACACME,8.2,52.78,0.4,2.65,2.25,2.66,5.53,8.29
M1,M106,ACACET,5.3,22.05,2.2,2.55,0.35,2.09,3.35,0.78,,,ACACME,9.1,65.01,0.2,2.19,1.99,2.62,5.37,7.12
M1,M106,ACACBR,4.6,16.61,0.6,1.82,1.22,1.35,1.43,1.16,,,ACACME,11.2,98.47,0.7,4.54,3.84,5.31,22.09,56.54
M1,M106,ACACET,14,153.86,0.73,3.44,2.71,3.71,10.75,19.42,,,ACACME,11.6,105.63,0.4,4.37,3.97,6.99,38.16,100.99
M1,M106,ACACBR,2.9,6.60,0.9,1.48,0.58,0.75,0.44,0.17,,,ACACME,7.9,48.99,0.6,3.74,3.14,4.71,17.25,36.11
M1,M106,ACACET,16.7,218.93,1.8,3.73,1.93,2.93,6.48,8.34,,,ACACME,6.9,37.37,1.02,3.25,2.23,3.99,12.44,18.49
M1,M106,ACACET,10.1,80.08,1.2,5.32,4.12,2.6,5.27,14.49,,,ACACME,2.5,4.91,0.59,1.09,0.5,0.64,0.32,0.11
M1,M106,ACACET,11.7,107.46,3.5,4.58,1.08,3.22,8.11,5.84,,,ACACME,8.2,52.78,0.84,3.52,2.68,4.87,17.69,31.6
M1,M106,ACACBR,4,12.56,0.74,2.23,1.49,1.3,1.32,1.31,,,ACACME,6.7,35.24,1.03,3.06,2.03,3.18,7.94,10.74
M1,M106,ACACET,12.8,128.61,2.7,4.07,1.37,2.89,6.42,5.86,,,ACACME,7.2,40.69,0.7,3.69,2.99,3.9,11.7,23.32
M1,M106,ACACBR,1,0.79,0.8,1.56,0.76,0.5,0.19,0.1,,,ACACME,10.9,93.27,1.13,3.02,1.89,4.37,14.34,18.07
M1,M106,ACACET,14.2,158.29,1.53,3.52,1.99,1.87,2.74,3.63,,,ACACME,11.9,111.16,1.17,3.63,2.46,4.64,16.4,26.9
M1,M106,ACACET,7.3,41.83,1.15,4.68,3.53,2.23,3.9,9.19,,,ACACME,9.2,66.44,1.09,3.64,2.55,3.63,10.34,17.58
M1,M106,ACACET,6.5,33.17,1.3,3.95,2.65,1.97,2.98,5.26,,,ACACME,5.5,23.75,1,1.63,0.63,0.78,0.48,0.2
M1,M106,ACACET,10.9,93.27,1.88,4.23,2.35,1.2,1.12,1.76,,,ACACME,1.7,2.27,0.2,1.16,0.96,1,0.79,0.5
M1,M106,ACACET,3.7,10.75,1.34,2.54,1.2,1.5,1.77,1.41,,,ACACME,14.7,169.63,1.1,5.16,4.06,6.3,30.4,82.29
M1,M106,ACACET,8.9,62.18,2.37,3.55,1.18,2.31,4.18,3.29,,,ACACME,11,94.99,1,6.11,5.11,7.46,43.43,147.96
M1,M106,ACACET,9.6,72.35,1.4,3.43,2.03,2.57,3.5,4.74,,,ACACTO,9.8,75.39,0.7,1.81,1.11,4.32,14.27,10.56
M1,M106,ACACET,10.4,84.91,1.22,3.2,1.98,3.05,6.26,8.27,,,ACACTO,9.3,67.89,1.03,2.26,1.23,4.37,14.9,12.22
M1,M106,ACACET,8.7,59.42,1.1,3.78,2.68,2.23,3.9,6.97,,,ACACME,2.9,6.60,0.6,1.84,1.24,1.71,2.29,1.89
M1,M106,ACACBR,3.7,10.75,0.77,1.62,0.85,1.41,1.53,0.87,,,ACACME,4.6,16.61,0.85,3.63,2.78,2.77,6.01,11.14
M1,M106,ACACBR,1.9,2.83,0.65,1.31,0.66,0.74,0.43,0.19,,,ACACME,9.4,69.36,0.66,4.2,3.54,3.94,12.08,28.5
M1,M107,ACACBR,3.9,11.94,0.65,2.06,1.41,1.65,2.12,1.99,,,ACACET,12.7,126.61,1.5,3.13,1.63,4.74,17.51,19.03
M1,M107,ACACBR,3.3,8.55,1.1,2.01,0.91,1.79,2.52,1.53,,,ACACME,7.6,45.34,0.5,4.57,4.07,3.16,6.21,16.85
M1,M107,ACACBR,4.5,15.90,1.2,2.23,1.03,1.02,0.81,0.56,,,ACACME,13.5,143.07,0.4,5.11,4.71,3.58,9.24,29.01
M1,M107,ACACBR,2.3,4.15,0.56,1.21,0.65,0.57,0.21,0.09,,,ACACME,7.3,41.83,0.8,2.66,1.86,3.73,10.91,13.53
M1,M107,ACACBR,2.4,4.52,0.68,1.65,0.97,1.98,3.01,1.95,,,ACACME,9.5,70.85,0.6,3.83,3.23,5.03,19.85,42.75
M1,M107,ACACBR,2.7,5.72,0.63,1.44,0.81,1.59,1.95,1.05,,,ACACTO,4.3,14.51,0.4,1.07,0.67,1.58,1.85,0.83
M1,M107,ACACBR,1.8,2.54,0.46,0.76,0.3,0.92,0.65,0.13,,,ACACME,12.6,124.63,1.13,4.04,2.91,5.35,22.23,43.13
M1,M107,ACACBR,4.5,15.90,1.13,3.2,2.07,3.17,7.87,10.86,,,ACACME,2.6,5.31,0.58,1.76,1.18,0.86,0.55,0.44
M1,M107,ACACBR,3.2,8.04,1.26,2.85,1.59,2.25,3.92,4.16,,,ACACME,6.8,36.30,0.73,2.93,2.2,0.99,0.76,1.12
M1,M107,ACACBR,2.1,3.46,0.77,1.77,1,1.65,2.12,1.41,,,ACACTO,10.5,86.55,0.3,2.43,2.13,5.28,21.76,30.9
M1,M107,ACACET,13.1,134.71,1.64,3.18,1.54,3.72,10.83,11.12,,,ACACME,3.1,7.54,0.36,2.26,1.9,0.88,0.49,0.63
M1,M107,ACACET,9,63.59,1.41,3.97,2.56,2.87,6.4,10.92,,,ACACME,2.2,3.80,0.26,1.52,1.26,2.33,3.96,3.33
M1,M107,ACACBR,2.6,5.31,0.67,1.66,0.99,1.28,1.23,0.81,,,ACACME,10.7,89.87,0.2,4.79,4.59,5.1,20.4,62.41
M1,M107,ACACBR,2.3,4.15,1.2,2.22,1.02,1.96,2.91,1.98,,,ACACME,10.3,83.28,1,4.67,3.67,4.49,15.82,38.7
M1,M107,ACACBR,2.5,4.91,0.59,1.73,1.14,1.47,1.69,1.28,,,ACACME,2.1,3.46,0.5,5.51,5.01,1.61,2.03,6.79
M1,M107,ACACBR,2.8,6.15,0.7,1.58,0.88,1.16,1.05,0.62,,,ACACME,7.2,40.69,0.9,3.72,2.82,3.14,7.49,14.09
M1,M107,ACACBR,2.9,6.60,0.81,2.1,1.29,1.33,1.38,1.19,,,ACACME,7.3,41.83,0.7,3.66,2.96,3.22,8.13,16.04
M1,M107,ACACET,1.3,1.33,0.31,0.75,0.44,0.66,0.33,0.1,,,ACACET,10.4,84.91,1.1,2.93,1.83,1.89,2.78,3.4
M1,M107,ACACBR,2.3,4.15,0.84,1.84,1,0.96,0.72,0.48,,,ACACME,7.6,45.34,0.4,3.45,3.05,3.26,8.24,16.74
M1,M107,ACACBR,1.5,1.77,0.6,1.46,0.86,1.22,1.09,0.62,,,ACACME,6.5,33.17,0.4,2.89,2.49,2.72,5.74,9.53
M1,M107,ACACBR,1.8,2.54,0.73,1.45,0.72,1.14,1.01,0.48,,,ACACTO,6.5,33.17,0.91,3.99,3.08,3.72,10.41,21.37
M1,M107,ACACBR,2.9,6.60,1.31,2.53,1.22,2.34,4.27,3.48,,,ACACME,9.4,69.36,0.93,3.39,2.46,4.26,13.65,22.39
M1,M107,ACACBR,1.7,2.27,0.8,1.68,0.88,0.34,0.08,0.05,,,ACACME,7.5,44.16,0.6,3.7,3.1,2.46,4.66,9.63
M1,M108,ACACET,2.7,5.72,0.92,1.52,0.6,1.37,1.45,0.58,,,ACACME,6,28.26,2.38,3.68,1.3,2.98,6.64,5.75
M1,M108,ACACET,5.7,25.50,0.6,1.58,0.98,2.22,3.85,2.52,,,ACACTO,3.2,8.04,0.3,1.63,1.33,3.22,7.79,6.9
M1,M108,ACACET,3.1,7.54,0.2,0.75,0.55,0.85,0.57,0.21,,,ACACME,5,19.63,0.86,2.63,1.77,2.64,5.44,6.41
M1,M108,ACACET,3.5,9.62,0.52,1.38,0.86,1.3,1.31,0.75,,,ACACME,23.2,422.52,0.3,6.1,5.8,4.87,17.94,69.36
M1,M108,ACACBR,2.1,3.46,0.58,1.34,0.76,1.51,1.74,0.88,,,ACACME,11.3,100.24,0.8,4.15,3.35,4.04,12.71,28.38
M1,M108,ACACBR,3.3,8.55,0.91,2.39,1.48,1.76,2.4,2.37,,,ACACTO,14,153.86,1.06,3.45,2.39,4.69,17.26,27.5
M1,M108,ACACBR,2.9,6.60,0.77,1.22,0.45,1.11,0.91,0.27,,,ACACME,6.2,30.18,0.91,2.61,1.7,2.72,5.26,5.97
M1,M108,ACACBR,3,7.07,0.88,1.49,0.61,1.46,1.67,0.68,,,ACACET,7.3,41.83,0.4,2.56,2.16,2.77,6,8.64
M1,M108,ACACBR,2.5,4.91,0.74,1.58,0.84,2.1,3.13,1.75,,,ACACTO,4.6,16.61,0.7,1.73,1.03,2.49,4.84,3.32
M1,M108,ACACBR,2.8,6.15,0.4,1.38,0.98,1.25,1.11,0.73,,,ACACET,13.7,147.34,0.9,3.67,2.77,4.1,13.13,24.25
M1,M108,ACACBR,2.2,3.80,0.9,1.68,0.78,0.25,0.05,0.02,,,ACACTO,10.3,83.28,0.82,2.24,1.42,3.14,7.69,7.28
M1,M108,ACACBR,2,3.14,0.7,1.54,0.84,1.35,1.43,0.8,,,ACACET,19.9,310.87,0.2,4.23,4.03,5.72,24.89,66.88
M1,M108,ACACBR,3.2,8.04,0.84,1.74,0.9,1.41,1.52,0.91,,,ACACME,5.5,23.75,0.95,2.57,1.62,2.63,5.41,5.84
M1,M108,ACACBR,2.4,4.52,1.1,2.43,1.33,1.41,1.52,1.34,,,ACACTO,12.6,124.63,1.5,3.94,2.44,8.58,57.26,93.15
M1,M108,ACACBR,2.3,4.15,0.8,3.34,2.54,0.75,0.42,0.72,,,ACACTO,16,200.96,1.22,3.95,2.73,4.46,15.25,27.76
M1,M108,ACACBR,1,0.79,0.8,2.23,1.43,1.6,1.99,1.9,,,ACACTO,19.8,307.75,0.38,3.95,3.57,5.1,20.24,48.18
M1,M108,ACACBR,3.4,9.07,0.8,2.23,1.43,1.6,1.99,1.9,,,ACACME,7.3,41.83,0.4,1.19,0.79,1.79,2.51,1.32
M1,M108,ACACET,14.5,165.05,2.64,4.53,1.89,3.28,8.23,10.37,,,ACACME,4.1,13.20,0.6,2.8,2.2,3.58,10.01,14.68
M1,M108,ACACET,15.8,195.97,1.55,4.6,3.05,3,6.77,13.77,,,ACACME,9.4,69.36,0.46,2.31,1.85,4.57,15.69,19.35
M1,M108,ACACET,13.9,151.67,1.1,4.16,3.06,3.59,9.98,20.36,,,ACACME,5.6,24.62,0.55,4.6,4.05,2.88,6.37,17.19
M1,M108,ACACBR,1.5,1.77,0.58,1.46,0.88,0.82,0.31,0.18,,,ACACET,8.5,56.72,0.51,2.23,1.72,2.85,6.29,7.21
M1,M108,ACACET,9.5,70.85,0.9,2.54,1.64,2.56,5,5.46,,,ACACME,7.6,45.34,0.4,4.3,3.9,4.89,18.69,48.58
M1,M108,ACACBR,2.3,4.15,0.7,1.99,1.29,0.55,0.22,0.19,,,ACACME,8.4,55.39,1.09,4.47,3.38,5.03,19.79,44.59
M1,M108,ACACBR,2.5,4.91,0.7,1.7,1,1.19,1.05,0.7,,,ACACME,10,78.50,0.45,3.1,2.65,3.45,9.32,16.46
M1,M108,ACACBR,1.4,1.54,0.3,0.82,0.52,0.91,0.57,0.2,,,ACACME,3.7,10.75,0.4,1.52,1.12,2.73,5.82,4.34
M1,M108,ACACBR,3.1,7.54,0.72,1.86,1.14,1.52,1.78,1.35,,,ACACME,3.3,8.55,0.39,1.63,1.24,2.71,5.7,4.72
M1,M109,ACACBR,1.7,2.27,1.77,1.9,0.13,0.18,0.02,0,,,ACACME,11.8,109.30,0.51,2.3,1.79,2.97,6.89,8.22
M1,M109,ACACBR,3,7.07,0.65,1.05,0.4,0.62,0.29,0.08,,,ACACME,12.5,122.66,0.8,4.21,3.41,3.49,9.55,21.7
M1,M109,ACACBR,3.4,9.07,1.2,2.8,1.6,1.9,2.8,2.99,,,ACACME,13.7,147.34,0.6,2.15,1.55,2.48,4.5,4.65
M1,M109,ACACBR,2.9,6.60,0.98,1.83,0.85,1.3,1.32,0.75,,,ACACME,6.7,35.24,0.14,3.38,3.24,3.45,8.74,18.87
M1,M109,ACACBR,3.5,9.62,1.02,1.67,0.65,1.11,0.95,0.41,,,ACACME,7.7,46.54,0.2,1.6,1.4,1.62,2.05,1.91
M1,M109,ACACET,8.5,56.72,1.08,2.92,1.84,2.51,4.65,5.71,,,ACACME,9.1,65.01,0.4,3.63,3.23,4.49,15.8,34.03
M1,M109,ACACET,8.7,59.42,1.18,3.28,2.1,2.13,3.55,4.98,,,ACACET,2.1,3.46,0.52,1.13,0.61,2.07,3.26,1.33
M1,M109,ACACET,5.6,24.62,1.18,3.13,1.95,1.12,0.97,1.26,,,ACACET,3,7.07,0.53,1.64,1.11,1.81,2.55,1.89
M1,M109,ACACET,10.5,86.55,4.71,5.25,0.54,3.75,10.81,3.89,,,ACACME,2.3,4.15,0.1,0.81,0.71,1.34,1.26,0.6
M1,M109,ACACET,11.7,107.46,4.04,4.23,0.19,2.78,5.88,0.74,,,ACACET,5.2,21.23,0.6,2.28,1.68,2.07,3.35,3.75
M1,M109,ACACET,7.9,48.99,2.96,3.09,0.13,2.05,3.24,0.28,,,ACACTO,2.4,4.52,0.41,0.78,0.37,0.91,0.57,0.14
M1,M109,ACACET,2,3.14,0.79,1.07,0.28,0.86,0.49,0.09,,,ACACME,4.9,18.85,0.92,2.1,1.18,2.18,3.71,2.92
M1,M109,ACACET,11.5,103.82,3.9,4.3,0.4,3.27,8.39,2.24,,,ACACET,8.2,52.78,2.22,3.12,0.9,2.98,6.86,4.12
M1,M109,ACACET,3.9,11.94,1.08,2.23,1.15,1.01,0.78,0.59,,,ACACET,13.5,143.07,1.17,3.63,2.46,2.64,5.45,8.93
M1,M109,ACACET,6.8,36.30,1.08,3.53,2.45,2.15,3.62,5.92,,,ACACME,13.2,136.78,0.76,2.9,2.14,1.18,0.85,1.21
M1,M109,ACACET,2.3,4.15,0.63,1.85,1.22,0.53,0.22,0.18,,,ACACME,11.6,105.63,0.54,2.14,1.6,2.96,6.53,6.96
M1,M109,ACACET,5.6,24.62,2.8,3.03,0.23,2.01,3.14,0.48,,,ACACTO,4.3,14.51,0.6,1.62,1.02,1.63,2.06,1.4
M1,M109,ACACET,7.6,45.34,1.58,4.42,2.84,3.28,8.44,15.99,,,ACACET,2.3,4.15,0.59,1.22,0.63,0.59,0.26,0.11
M1,M109,ACACBR,2.3,4.15,1.57,2.48,0.91,0.62,0.28,0.17,,,ACACTO,5.8,26.41,0.71,1.91,1.2,2.25,3.91,3.13
M1,M109,ACACET,1.5,1.77,1.35,2.21,0.86,0.38,0.11,0.06,,,ACACME,9.3,67.89,1,2.9,1.9,4.48,15.69,19.87
M1,M109,ACACET,6.6,34.19,1.7,4.29,2.59,1.4,1.51,2.61,,,ACACET,2.5,4.91,0.63,1.22,0.59,1.31,1.31,0.52
M1,M109,ACACET,6.8,36.30,1.58,2.23,0.65,1.3,1.32,0.57,,,ACACET,3.6,10.17,0.2,1.51,1.31,1.31,1.32,1.15
M1,M109,ACACET,6.1,29.21,1.43,3.12,1.69,1.61,2.01,2.27,,,ACACME,7.7,46.54,0.4,2.62,2.22,5.11,18.73,27.72
M1,M109,ACACET,6.3,31.16,2.21,4.64,2.43,2.38,4.39,7.12,,,ACACME,5.5,23.75,0.39,1.5,1.11,1.79,2.5,1.85
M1,M109,ACACET,7.9,48.99,1.81,4.24,2.43,2.21,3.82,6.2,,,ACACME,7,38.47,0.4,3.32,2.92,3.01,7.02,13.66
M1,M109,ACACET,12.9,130.63,1.5,3.76,2.26,3.16,7.81,11.77,,,ACACME,7.4,42.99,0.35,2.71,2.36,2.15,3.63,5.71
M1,M109,ACACET,7.3,41.83,2.4,3.88,1.48,2.1,3.34,3.29,,,ACACME,3.6,10.17,0.31,1.63,1.32,1.96,2.97,2.61
M1,M109,ACACET,8.8,60.79,1.66,3.32,1.66,2.4,3.99,4.42,,,ACACME,7.6,45.34,0.1,2.48,2.38,2.59,5.13,8.15
M1,M109,ACACET,7.2,40.69,1.65,3.27,1.62,2.03,3.23,3.49,,,ACACME,8.8,60.79,0.82,3.85,3.03,4.15,13.42,27.12
M1,M109,ACACET,8.6,58.06,1.85,3.9,2.05,2.42,4.57,6.24,,,ACACME,4.8,18.09,0.22,3.7,3.48,1.72,2.32,5.38
M1,M109,ACACET,3.1,7.54,0.7,1.45,0.75,1.27,1.26,0.63,,,ACACME,8.6,58.06,0.59,3.94,3.35,2.71,5.73,12.79
M1,M109,ACACET,4.4,15.20,0.83,1.84,1.01,1.6,1.98,1.33,,,ACACME,5.7,25.50,0.5,2.5,2,2.71,5.76,7.68
M1,M109,ACACET,3.6,10.17,0.8,1.98,1.18,1.99,2.84,2.23,,,ACACME,4.2,13.85,0.5,2.29,1.79,1.72,2.28,2.72
M1,M109,ACACET,8,50.24,0.4,2.3,1.9,2.95,6.83,8.65,,,ACACME,12.1,114.93,1.1,2.5,1.4,2.5,4.87,4.54
M1,M109,ACACET,5.8,26.41,2.23,3.34,1.11,1.65,2.13,1.58,,,ACACME,10.3,83.28,1,3.82,2.82,4.97,19.26,36.21
M1,M109,ACACET,9.2,66.44,2.1,3.55,1.45,1.67,2.1,2.03,,,ACACME,8.8,60.79,0.6,2.77,2.17,2.9,6.5,9.41
M1,M109,ACACBR,3.6,10.17,1.7,2.5,0.8,1.4,1.47,0.78,,,ACACET,3.6,10.17,0.48,1.22,0.74,2.22,3.84,1.89
M1,M109,ACACBR,2.3,4.15,0.7,2.38,1.68,0.9,0.63,0.7,,,ACACET,6.5,33.17,0.98,1.8,0.82,1.93,2.84,1.55
M1,M109,ACACBR,3,7.07,1.1,2.13,1.03,1,0.78,0.53,,,ACACET,3.2,8.04,0.5,1.12,0.62,0.66,0.32,0.13
M1,M109,ACACBR,1.8,2.54,0.8,1.65,0.85,0.84,0.55,0.31,,,ACACET,2.7,5.72,0.22,1.15,0.93,1.74,2.35,1.46
M1,M109,ACACET,6.5,33.17,0.7,2.34,1.64,1.55,1.88,2.06,,,ACACME,12.4,120.70,0.7,3.51,2.81,5.29,21.84,40.91
M1,M109,ACACBR,2.6,5.31,0.6,2.4,1.8,1.42,1.58,1.89,,,ACACET,12.4,120.70,0.3,3.38,3.08,2.68,5.6,11.5
M1,M109,ACACBR,3.2,8.04,0.4,1.94,1.54,1.4,1.54,1.58,,,ACACET,9.9,76.94,0.69,4.38,3.69,5.03,19.77,48.62
M1,M109,ACACBR,2.5,4.91,0.4,1.78,1.38,1.57,1.91,1.76,,,ACACME,4.4,15.20,0.17,1.85,1.68,2.62,5.33,5.97
M1,M109,ACACBR,2.1,3.46,0.7,2.92,2.22,1.2,1.13,1.67,,,ACACME,5.2,21.23,0.6,1.71,1.11,2.74,5.87,4.35
M1,M109,ACACBR,1.3,1.33,1,1.5,0.5,1.11,0.97,0.32,,,ACACTO,2.5,4.91,0.19,1.89,1.7,1.94,2.95,3.35
M1,M109,ACACBR,1.3,1.33,0.58,2.04,1.46,0.7,0.38,0.37,,,ACACME,8.4,55.39,1.16,3.63,2.47,4.86,17.33,28.54
M1,M109,ACACBR,1.9,2.83,0.7,1.76,1.06,1.27,1.26,0.89,,,ACACME,5,19.63,0.6,2.41,1.81,3.61,9.21,11.11
M1,M109,ACACBR,2.1,3.46,0.7,1.74,1.04,1,0.79,0.54,,,ACACET,7.8,47.76,0.66,2.79,2.13,4.64,16.21,23.01
M1,M109,ACACBR,2.2,3.80,0.9,1.74,0.84,0.83,0.51,0.29,,,ACACME,8,50.24,0.89,3.62,2.73,2.41,4.54,8.26
M1,M109,ACACBR,2.3,4.15,0.75,1.88,1.13,1.48,1.72,1.3,,,ACACTO,2.5,4.91,0.6,1.01,0.41,2.04,3.22,0.88
M1,M109,ACACBR,2.6,5.31,1.55,2.22,0.67,0.94,0.69,0.31,,,ACACTO,2.3,4.15,0.12,0.88,0.76,1.79,2.26,1.15
M1,M109,ACACET,3.6,10.17,1.38,2.23,0.85,1.37,1.46,0.83,,,ACACTO,3.6,10.17,0.38,1.59,1.21,2.7,5.56,4.48
M1,M109,ACACBR,1.8,2.54,0.7,1.42,0.72,0.63,0.31,0.15,,,ACACME,1.9,2.83,0.4,1.5,1.1,1.75,2.37,1.74
M1,M109,ACACBR,2.3,4.15,0.9,1.35,0.45,0.5,0.2,0.06,,,ACACME,7.7,46.54,1,3.38,2.38,3.27,8.16,12.94
M1,M109,ACACBR,2.2,3.80,1.55,1.98,0.43,0.6,0.27,0.08,,,ACACME,8.5,56.72,0.5,3.91,3.41,4.48,14.42,32.79
M1,M109,ACACBR,2,3.14,1,1.94,0.94,1.35,1.42,0.89,,,ACACME,11.3,100.24,0.77,4.27,3.5,3.85,10.75,25.08
M1,M109,ACACBR,2.5,4.91,0.7,2.64,1.94,1.28,1.27,1.65,,,ACACME,5.4,22.89,0.6,1.22,0.62,1.1,0.95,0.39
M1,M109,ACACBR,1.8,2.54,1,1.35,0.35,0.64,0.31,0.07,,,ACACET,3.6,10.17,0.5,1.64,1.14,3.39,8.97,6.82
M1,M109,ACACBR,2.4,4.52,1,2.05,1.05,1.2,1.1,0.77,,,ACACTO,11.3,100.24,1.73,4.22,2.49,2.64,5.44,9.04
M1,M109,ACACBR,2.3,4.15,0.7,1.57,0.87,0.85,0.55,0.32,,,ACACET,2.7,5.72,0.46,1.51,1.05,1.52,1.74,1.22
M1,M109,ACACBR,3.5,9.62,0.7,1.75,1.05,1,0.79,0.55,,,ACACTO,7.8,47.76,1.7,2.4,0.7,3.86,11.07,5.17
M1,M109,ACACBR,2,3.14,1.08,1.69,0.61,0.7,0.38,0.16,,,ACACME,8.3,54.08,0.3,1.79,1.49,4.25,9.45,9.39
M1,M109,ACACBR,2.2,3.80,0.4,1.55,1.15,1.38,1.48,1.14,,,ACACTO,2.3,4.15,0.54,0.9,0.36,2.6,5.29,1.27
M1,M109,ACACBR,2.5,4.91,0.7,1.59,0.89,1.03,0.81,0.48,,,ACACTO,7.3,41.83,0.7,3.14,2.44,4.09,12.96,21.08
M1,M109,ACACBR,2.7,5.72,0.5,1.8,1.3,0.85,0.57,0.49,,,ACACME,3.3,8.55,0.47,1.69,1.22,1.29,1.03,0.84
M1,M109,ACACET,8.9,62.18,2.49,4.4,1.91,3.04,6.74,8.58,,,ACACME,8.9,62.18,0.89,3.17,2.28,3.83,11.34,17.24
M1,M109,ACACBR,2,3.14,2.49,4.4,1.91,3.04,6.74,8.58,,,ACACME,7.9,48.99,0.8,3.51,2.71,2.59,5.24,9.47
M1,M109,ACACET,5.7,25.50,0.7,2.06,1.36,0.8,0.5,0.46,,,ACACTO,5.9,27.33,0.76,1.62,0.86,2.8,6.1,3.5
M1,M109,ACACET,8.2,52.78,1.2,2.98,1.78,1.61,1.99,2.36,,,ACACTO,23.5,433.52,1.22,4.16,2.94,7.83,47.99,94.06
M1,M109,ACACET,7.9,48.99,1.1,3.31,2.21,2.15,3.59,5.29,,,ACACTO,7.9,48.99,0.96,2.63,1.67,3.28,8.31,9.26
M1,M109,ACACBR,1,0.79,0.3,0.7,0.4,0.85,0.57,0.15,,,ACACTO,3.7,10.75,0.51,1.2,0.69,2.55,5.09,2.34
M1,M109,ACACBR,2.2,3.80,0.75,1.9,1.15,0.9,0.63,0.48,,,ACACTO,7.9,48.99,1.05,3.26,2.21,3.39,8.99,13.25
M1,M109,ACACBR,2.1,3.46,0.6,1.7,1.1,0.88,0.6,0.44,,,ACACTO,3.7,10.75,0.7,1.65,0.95,1.6,2,1.26
M1,M109,ACACBR,2.7,5.72,0.95,1.86,0.91,0.8,0.5,0.3,,,ACACME,9.2,66.44,0.4,1.21,0.81,2.44,4.48,2.42
M1,M109,ACACBR,1.8,2.54,0.4,1.44,1.04,0.6,0.28,0.2,,,ACACME,3.4,9.07,0.6,2.1,1.5,2.72,5.78,5.78
M1,M109,ACACBR,2.3,4.15,0.45,1.92,1.47,0.8,0.5,0.49,,,ACACTO,9.5,70.85,1.15,2.17,1.02,2.82,6.18,4.21
M1,M109,ACACBR,3,7.07,0.6,1.95,1.35,1.18,1.06,0.95,,,ACACME,16.7,218.93,0.9,3.84,2.94,4.48,15.74,30.85
M1,M109,ACACBR,2.4,4.52,0.9,2,1.1,0.8,0.5,0.37,,,ACACTO,4.5,15.90,0.75,1.89,1.14,3.49,9.55,7.26
M1,M109,ACACBR,2.7,5.72,0.8,1.6,0.8,0.8,0.5,0.27,,,ACACME,14.5,165.05,0.71,2.88,2.17,5.5,23.63,34.19
M1,M109,ACACBR,2.3,4.15,1.1,2.09,0.99,1.15,1.04,0.68,,,ACACTO,8.3,54.08,0.9,2.56,1.66,3.65,10.44,11.56
M1,M109,ACACET,6,28.26,1.2,2.3,1.1,1.67,2.19,1.6,,,ACACME,2.1,3.46,0.4,1.7,1.3,2.55,5.1,4.42
M1,M110,ACACBR,1.9,2.83,0.47,1.18,0.71,0.74,0.41,0.19,,,ACACTO,11.2,98.47,0.65,3.86,3.21,4.59,16.15,34.57
M1,M110,ACACBR,3.4,9.07,0.88,1.71,0.83,0.55,0.22,0.12,,,ACACTO,8.2,52.78,0.93,2.15,1.22,3.94,12.08,9.83
M1,M110,ACACBR,2.9,6.60,0.9,1.96,1.06,2.14,3.57,2.52,,,ACACME,9.9,76.94,0.4,2.94,2.54,2.64,5.43,9.2
M1,M110,ACACBR,2,3.14,0.88,2.23,1.35,0.28,0.06,0.06,,,ACACTO,9.7,73.86,0.48,3.3,2.82,4.49,15.83,29.75
M1,M110,ACACBR,2.1,3.46,0.91,1.4,0.49,0.39,0.12,0.04,,,ACACET,2.5,4.91,0.2,1.22,1.02,1.45,1.61,1.09
M1,M110,ACACBR,3.7,10.75,0.77,1.91,1.14,1.92,2.82,2.14,,,ACACME,5.6,24.62,0.33,2.19,1.86,3,6.89,8.54
M1,M110,ACACBR,2.4,4.52,0.97,1.67,0.7,1,0.78,0.36,,,ACACTO,10.1,80.08,0.4,8.7,8.3,3.5,9.59,53.05
M1,M110,ACACBR,2.3,4.15,1.3,2.84,1.54,1.03,0.82,0.84,,,ACACET,2.8,6.15,0.7,1.55,0.85,1.64,2.11,1.2
M1,M110,ACACBR,3.1,7.54,0.92,1.81,0.89,2.58,4.17,2.47,,,ACACET,2.9,6.60,0.86,1.22,0.36,1.16,1.05,0.25
M1,M110,ACACBR,2.3,4.15,0.95,2.6,1.65,1.9,2.56,2.82,,,ACACET,5.3,22.05,0.6,2.35,1.75,1.9,2.8,3.27
M1,M110,ACACBR,3.2,8.04,0.8,2.5,1.7,1.23,1.17,1.33,,,ACACTO,2.3,4.15,0.04,0.66,0.62,1.7,1.99,0.82
M1,M110,ACACET,13.8,149.50,1.45,3.83,2.38,3.79,11.24,17.84,,,ACACET,4.4,15.20,0.8,2.45,1.65,2.36,4.35,4.79
M1,M110,ACACBR,3.2,8.04,0.51,1.39,0.88,0.75,0.43,0.25,,,ACACET,5,19.63,0.8,2.64,1.84,2.24,3.91,4.8
M1,M110,ACACBR,2,3.14,0.67,1.78,1.11,1.16,1.04,0.77,,,ACACET,5.1,20.42,0.9,2.4,1.5,2.45,4.71,4.71
M1,M110,ACACBR,2.4,4.52,0.55,1.6,1.05,0.62,0.3,0.21,,,ACACET,5.5,23.75,0.5,2.56,2.06,2.18,3.72,5.11
M1,M110,ACACBR,1.4,1.54,0.54,1.45,0.91,0.92,0.6,0.37,,,ACACET,7.8,47.76,0.9,3.43,2.53,2.6,5.29,8.92
M1,M110,ACACBR,2.3,4.15,0.78,1.78,1,1.03,0.83,0.55,,,ACACET,6.5,33.17,0.7,3.04,2.34,2.57,5.18,8.07
M1,M110,ACACBR,1.6,2.01,0.8,1.3,0.5,0.64,0.32,0.11,,,ACACET,2.4,4.52,0.9,1.88,0.98,1.76,2.41,1.58
M1,M110,ACACBR,1.8,2.54,0.72,1.66,0.94,1.27,1.26,0.79,,,ACACET,4.5,15.90,0.8,2.26,1.46,2.44,4.64,4.52
M1,M110,ACACBR,1.3,1.33,0.66,1.72,1.06,0.78,0.43,0.31,,,ACACET,3.5,9.62,0.75,1.97,1.22,1.97,3.03,2.46
M1,M110,ACACBR,1.9,2.83,0.57,1.41,0.84,0.88,0.6,0.34,,,ACACET,3.7,10.75,1.1,4.22,3.12,2.1,3.43,7.14
M1,M110,ACACBR,2.3,4.15,0.7,1.55,0.85,0.54,0.22,0.13,,,ACACET,3.3,8.55,0.5,1.95,1.45,1.51,1.71,1.66
M1,M110,ACACBR,2.1,3.46,0.5,1.22,0.72,0.84,0.55,0.26,,,ACACET,5.5,23.75,0.5,2.2,1.7,1.97,3.04,3.45
M1,M110,ACACBR,1.9,2.83,1.15,1.72,0.57,0.93,0.65,0.25,,,ACACET,2.9,6.60,0.6,1.98,1.38,2.4,4.51,4.15
M1,M110,ACACET,12.5,122.66,1.2,3.7,2.5,3.19,7.96,13.26,,,ACACME,8.9,62.18,0.8,2.5,1.7,3.62,10.26,11.63
M1,M110,ACACBR,1.6,2.01,0.77,1.55,0.78,1.09,0.92,0.48,,,ACACET,9.8,75.39,0.7,3.52,2.82,3.34,8.75,16.46
M1,M110,ACACBR,2.2,3.80,0.9,1.63,0.73,1.22,1.14,0.55,,,ACACET,5.5,23.75,0.87,2.49,1.62,2.84,6.25,6.75
M1,M110,ACACBR,2.1,3.46,0.49,1.48,0.99,0.62,0.3,0.2,,,ACACET,6.5,33.17,0.5,3.18,2.68,3.33,8.7,15.55
M1,M110,ACACBR,2,3.14,0.86,1.56,0.7,0.82,0.52,0.24,,,ACACTO,3.7,10.75,0.78,1.62,0.84,2.59,5.24,2.92
M1,M110,ACACBR,2.7,5.72,0.7,1.65,0.95,0.68,0.36,0.23,,,ACACTO,9.4,69.36,1.17,2.2,1.03,4.09,12.96,8.86
M1,M110,ACACBR,2.2,3.80,0.48,1.25,0.77,1.33,1.3,0.67,,,ACACME,2.4,4.52,0.14,2.26,2.12,2.29,4.11,5.8
M1,M110,ACACBR,2.4,4.52,0.53,1.81,1.28,1.93,2.85,2.43,,,ACACME,7.5,44.16,0.87,2.96,2.09,3.5,9.33,12.99
M1,M110,ACACBR,2.4,4.52,0.7,1.4,0.7,0.78,0.46,0.21,,,ACACME,10.7,89.87,1.22,3.08,1.86,4.75,17.69,21.93
M1,M110,ACACBR,2.8,6.15,0.3,1.59,1.29,0.6,0.28,0.24,,,ACACME,3.4,9.07,1.1,1.8,0.7,2.5,4.87,2.27
M1,M110,ACACBR,1.7,2.27,0.65,1.2,0.55,1.26,1.02,0.37,,,ACACME,5.1,20.42,0.9,1.68,0.78,2.25,3.82,1.98
M1,M110,ACACBR,2,3.14,0.7,1.05,0.35,0.43,0.14,0.03,,,ACACME,13,132.67,0.74,3.87,3.13,6.04,28.06,58.58
M1,M110,ACACBR,3.2,8.04,0.54,1.6,1.06,1.64,2.1,1.48,,,ACACME,8.3,54.08,0.84,3.63,2.79,3.75,10.99,20.43
M1,M110,ACACBR,2.2,3.80,0.54,1.73,1.19,1.45,1.59,1.26,,,ACACME,9.5,70.85,1.02,4,2.98,7.45,43.33,86
M1,M110,ACACBR,2.2,3.80,0.4,1.2,0.8,1.4,1.51,0.8,,,ACACME,9.1,65.01,1.22,3.38,2.16,4.92,19,27.41
M1,M110,ACACBR,1.6,2.01,0.3,0.9,0.6,0.68,0.36,0.15,,,ACACME,3.3,8.55,0.88,1.86,0.98,1.67,2.18,1.43
M1,M110,ACACET,14.2,158.29,1.2,3,1.8,3.02,7.12,8.54,,,ACACME,6.5,33.17,0.93,3.14,2.21,4.51,15.93,23.47
M1,M110,ACACBR,1.3,1.33,0.5,1.07,0.57,0.75,0.44,0.17,,,ACACME,6.9,37.37,2.47,5.1,2.63,3.19,7.94,13.92
M1,M110,ACACBR,2.7,5.72,0.8,1.9,1.1,1.15,1.04,0.76,,,ACACME,9.3,67.89,1.06,3.38,2.32,5.98,28.07,43.5
M1,M110,ACACBR,2.1,3.46,0.3,2.1,1.8,1.05,0.87,1.04,,,ACACME,11,94.99,4.09,4.11,0.02,2.88,6.5,0.11
M1,M110,ACACBR,2.2,3.80,0.6,2,1.4,1.13,0.99,0.93,,,ACACME,6.5,33.17,1.91,2.41,0.5,2.18,3.63,1.21
M1,M110,ACACBR,3.3,8.55,1,2.23,1.23,1.7,2.26,1.85,,,ACACME,7.7,46.54,0.93,2.65,1.72,4.32,14.13,16.23
M1,M110,ACACBR,2.6,5.31,0.6,1.86,1.26,1.75,2.3,1.93,,,ACACME,7.7,46.54,1.04,2.71,1.67,4.58,16.43,18.33
M1,M110,ACACBR,2.2,3.80,0.3,1.74,1.44,1.41,1.56,1.5,,,ACACME,10.2,81.67,0.91,2.68,1.77,4.79,17.9,21.15
M1,M111,ACACET,8.7,59.42,0.52,2.96,2.44,2.6,5.3,8.62,,,ACACME,13.8,149.50,1.22,3.87,2.65,6.18,29.9,52.87
M1,M111,ACACET,9.7,73.86,0.94,2.75,1.81,2.62,5.25,6.34,,,ACACME,8.6,58.06,1.11,3.57,2.46,6.39,31.94,52.32
M1,M111,ACACBR,2.5,4.91,0.7,1.3,0.6,1.43,1.46,0.58,,,ACACME,6.7,35.24,0.86,2.71,1.85,4.31,14.55,17.97
M1,M111,ACACET,5.2,21.23,2.3,2.9,0.6,1.79,2.49,1,,,ACACME,11.3,100.24,1.12,4.76,3.64,5.43,23.13,56.06
M1,M111,ACACBR,2,3.14,0.45,0.86,0.41,0.34,0.09,0.02,,,ACACME,8.1,51.50,0.94,3.41,2.47,5.19,21.14,34.87
M1,M111,ACACET,4.7,17.34,0.88,1.72,0.84,1.08,0.64,0.36,,,ACACME,3.5,9.62,0.81,2.5,1.69,2.41,4.54,5.11
M1,M111,ACACBR,1.5,1.77,0.3,1.1,0.8,0.7,0.38,0.2,,,ACACME,10,78.50,1.11,3.63,2.52,6.59,34.09,57.23
M1,M111,ACACBR,1.4,1.54,0.25,0.6,0.35,0.36,0.08,0.02,,,ACACME,8.5,56.72,1.02,3.72,2.7,4.28,14.38,25.88
M1,M111,ACACBR,1.8,2.54,0.48,0.66,0.18,0.23,0.04,0,,,ACACME,10,78.50,1.08,3.38,2.3,6.72,35.39,54.37
M1,M111,ACACBR,1.6,2.01,0.3,0.7,0.4,0.55,0.24,0.06,,,ACACME,16.1,203.48,1.02,4.54,3.52,7.25,39.57,92.92
M1,M111,ACACBR,1.8,2.54,0.2,0.8,0.6,0.35,0.09,0.04,,,ACACME,7.1,39.57,1.14,3.08,1.94,3.9,11.56,14.94
M1,M111,ACACBR,2.2,3.80,0.6,1.25,0.65,0.46,0.17,0.07,,,ACACME,13.1,134.71,1.11,3.32,2.21,5.5,23.74,35.02
M1,M111,ACACBR,1.5,1.77,0.2,0.55,0.35,0.57,0.16,0.04,,,ACACME,7.7,46.54,1.1,3.57,2.47,5.43,23.13,38.04
M1,M111,ACACBR,2,3.14,0.55,1.1,0.55,1.18,1.08,0.4,,,ACACME,9.1,65.01,0.98,2.59,1.61,3.87,11.62,12.49
M1,M111,ACACET,5.9,27.33,0.95,1.94,0.99,1.22,1.17,0.77,,,ACACME,9.8,75.39,3.72,8.97,5.25,5.89,27.15,95.04
M1,M111,ACACBR,1.3,1.33,0.95,1.94,0.99,1.22,1.17,0.77,,,ACACME,17.3,234.94,0.64,1.16,0.52,8.59,57.65,19.86
M1,M111,ACACBR,1.3,1.33,0.3,1.1,0.8,0.43,0.13,0.07,,,ACACME,13.9,151.67,1.8,5.24,3.44,8.49,56.51,129.74
M1,M111,ACACBR,2.1,3.46,0.56,1.25,0.69,1.87,2.73,1.25,,,ACACME,18.5,268.67,1.21,4.36,3.15,7.17,39.68,83.32
M1,M111,ACACBR,1.3,1.33,0.8,1.52,0.72,0.59,0.27,0.13,,,ACACME,14.1,156.07,1.2,3.2,2,3.95,12.21,16.29
M1,M111,ACACET,10.4,84.91,1.46,2.48,1.02,2.36,3.2,2.18,,,ACACME,7,38.47,1.16,3.2,2.04,4.23,14.03,19.1
M1,M111,ACACBR,1.2,1.13,1.8,2.3,0.5,0.49,0.18,0.06,,,ACACTO,37,1074.67,1.22,7.13,5.91,10.58,87.58,345.3
M1,M111,ACACBR,1.9,2.83,0.4,0.68,0.28,0.49,0.17,0.03,,,ACACME,19.3,292.40,1,7.13,6.13,9.39,69.13,282.72
M1,M111,ACACET,8.4,55.39,0.68,1.32,0.64,1.12,0.98,0.42,,,ACACME,10.1,80.08,1.05,4.02,2.97,6.05,28.59,56.69
M1,M111,ACACBR,2,3.14,0.36,1.22,0.86,0.53,0.11,0.06,,,ACACME,6.8,36.30,1.2,2.99,1.79,3.79,11.28,13.44
M1,M111,ACACET,13.5,143.07,1.62,3.37,1.75,2.52,4.96,5.78,,,ACACME,17.5,240.41,3.17,5.6,2.43,1.71,2.28,3.69
M1,M111,ACACBR,1.1,0.95,0.7,1.22,0.52,0.5,0.18,0.06,,,ACACME,13.6,145.19,1.1,4.63,3.53,7.3,41.64,98.1
M1,M111,ACACET,14.1,156.07,1.75,2.74,0.99,2.72,5.8,3.83,,,ACACME,8.4,55.39,1.12,4.7,3.58,3.35,8.81,20.99
M1,M111,ACACBR,1.5,1.77,0.2,0.7,0.5,2.7,4.4,1.47,,,ACACME,5.7,25.50,1.05,2.59,1.54,2.79,6.09,6.26
M1,M111,ACACBR,1.2,1.13,0.15,0.8,0.65,1.13,0.99,0.43,,,ACACME,16.5,213.72,1.05,5.06,4.01,5.99,28,74.87
M1,M111,ACACBR,2.1,3.46,0.3,1,0.7,0.96,0.67,0.31,,,ACACME,13.6,145.19,1,5.58,4.58,5.68,23.96,73.14
M1,M111,ACACBR,1.2,1.13,0.2,0.4,0.2,0.4,0.13,0.02,,,ACACME,12.9,130.63,1.19,4.6,3.41,5.8,25.44,57.9
M1,M111,ACACBR,1.3,1.33,0.4,0.9,0.5,0.62,0.29,0.1,,,ACACME,11.6,105.63,1.14,5,3.86,6.4,31.37,80.72
M1,M111,ACACBR,2,3.14,0.4,1.53,1.13,1.37,1.36,1.02,,,ACACTO,7.2,40.69,0.9,2.5,1.6,4.32,14.61,15.59
M1,M111,ACACBR,1.7,2.27,0.3,1.1,0.8,0.54,0.23,0.12,,,ACACTO,8.5,56.72,1.07,1.92,0.85,3.43,8.4,4.77
M1,M111,ACACBR,3,7.07,0.3,1.22,0.92,1.09,0.92,0.57,,,ACACME,9.7,73.86,1.06,3.11,2.05,4.64,16.9,23.09
M1,M111,ACACBR,2,3.14,0.49,1,0.51,0.34,0.09,0.03,,,ACACTO,14.4,162.78,1.22,3.35,2.13,3.67,10.56,15.03
M1,M111,ACACBR,1.3,1.33,0.2,0.6,0.4,0.53,0.22,0.06,,,ACACTO,5.5,23.75,2.62,4.12,1.5,2.78,5.99,5.98
M1,M111,ACACBR,1.4,1.54,0.4,1.1,0.7,0.5,0.2,0.09,,,ACACTO,6.5,33.17,1.21,2.41,1.2,2.38,4.41,3.53
M1,M111,ACACBR,2.3,4.15,0.5,1.1,0.6,0.68,0.35,0.14,,,ACACET,10.2,81.67,0.88,5.12,4.24,5.19,21.08,59.61
M1,M111,ACACBR,3.5,9.62,0.62,1.63,1.01,2.65,5.42,3.65,,,ACACTO,4.9,18.85,0.8,1.74,0.94,3,5.77,3.6
M1,M111,ACACBR,2.4,4.52,1.8,2.56,0.76,3.02,7.11,3.6,,,ACACME,18,254.34,1.13,4.7,3.57,7.44,43.38,103.1
M1,M111,ACACBR,2.2,3.80,2.1,4.8,2.7,3.83,11.51,20.73,,,ACACME,8.5,56.72,1.04,4.02,2.98,5.49,23.43,46.62
M1,M111,ACACET,14.9,174.28,2.8,5.74,2.94,4.44,15.46,30.29,,,ACACET,14,153.86,0.93,3.41,2.48,5.05,18.79,31.13
M1,M111,ACACBR,2.6,5.31,0.7,0.72,0.02,1.95,2.83,0.04,,,ACACTO,11,94.99,1.19,3.6,2.41,2.26,3.99,6.43
M1,M111,ACACBR,2.1,3.46,0.46,0.76,0.3,0.83,0.53,0.11,,,ACACME,6.3,31.16,3.35,5.2,1.85,3.4,9.07,11.16
M1,M111,ACACBR,1.8,2.54,0.53,1.22,0.69,0.64,0.32,0.15,,,ACACME,8.4,55.39,1.22,3.08,1.86,3.8,11.3,14.03
M1,M111,ACACBR,2.6,5.31,0.85,1.2,0.35,0.69,0.37,0.09,,,ACACET,9.4,69.36,1.14,2.9,1.76,3.28,8.42,9.85
M1,M111,ACACBR,1.7,2.27,0.2,0.64,0.44,0.44,0.15,0.04,,,ACACME,9.5,70.85,1.2,4.51,3.31,2.99,6.9,15.24
M1,M111,ACACBR,1.5,1.77,0.15,0.92,0.77,0.96,0.72,0.37,,,ACACET,9.4,69.36,1.1,3.29,2.19,2.39,4.48,6.55
M1,M111,ACACBR,1.8,2.54,0.15,0.92,0.77,0.96,0.72,0.37,,,ACACET,9.8,75.39,3.69,5,1.31,3.84,11.17,9.76
M1,M111,ACACBR,2.3,4.15,0.21,1,0.79,1.1,0.94,0.5,,,ACACME,11.4,102.02,1.15,3.96,2.81,4.4,14.56,27.31
M1,M111,ACACBR,1.1,0.95,0.2,0.8,0.6,0.25,0.05,0.02,,,ACACET,14,153.86,3.48,5,1.52,3.47,9.38,9.53
M1,M111,ACACBR,1.4,1.54,0.4,1,0.6,0.97,0.7,0.28,,,ACACET,13.1,134.71,1.22,4.3,3.08,3.29,8.45,17.35
M1,M111,ACACBR,1,0.79,0.25,0.8,0.55,0.49,0.18,0.07,,,ACACME,7.1,39.57,3.99,5.1,1.11,4.31,14.21,10.48
M1,M111,ACACBR,2.1,3.46,0.3,1,0.7,0.3,0.07,0.03,,,ACACME,7.7,46.54,1.12,2.68,1.56,1.6,1.98,2.06
M1,M111,ACACBR,1.5,1.77,0.8,1.2,0.4,0.45,0.14,0.04,,,ACACME,9.6,72.35,1.15,2.78,1.63,1.71,2.27,2.46
M1,M111,ACACBR,2,3.14,0.75,1.22,0.47,0.64,0.3,0.09,,,ACACME,5.9,27.33,1.26,4.7,3.44,2.12,3.48,7.98
M1,M111,ACACBR,1.7,2.27,0.2,0.5,0.3,0.51,0.2,0.04,,,ACACME,7,38.47,0.95,3.48,2.53,3.74,10.92,18.38
M1,M111,ACACBR,1.7,2.27,0.68,1.13,0.45,0.48,0.16,0.05,,,ACACME,8.4,55.39,0.85,3.29,2.44,2.67,5.59,9.11
M1,M111,ACACBR,1.8,2.54,0.3,1,0.7,1,0.78,0.36,,,ACACME,5.6,24.62,0.84,2.65,1.81,2.12,3.49,4.22
M1,M111,ACACBR,1.8,2.54,0.46,0.9,0.44,1.08,0.91,0.27,,,ACACME,9.4,69.36,1.1,2.74,1.64,2.57,5.18,5.67
M1,M111,ACACBR,2.4,4.52,0.5,1.2,0.7,0.52,0.21,0.1,,,ACACME,7.9,48.99,0.95,3.41,2.46,2.43,4.63,7.6
M1,M111,ACACBR,2.4,4.52,0.32,0.52,0.2,0.9,0.6,0.08,,,ACACME,11.3,100.24,1.22,3.63,2.41,3.08,7.41,11.89
M1,M111,ACACBR,2.4,4.52,0.6,1.25,0.65,0.57,0.24,0.1,,,ACACME,6.6,34.19,1.22,3.93,2.71,2.94,6.75,12.21
M1,M111,ACACBR,1.8,2.54,0.65,1.53,0.88,0.61,0.26,0.15,,,ACACME,5.7,25.50,1.13,3.39,2.26,3.44,9.28,13.97
M1,M111,ACACBR,1.4,1.54,0.3,0.84,0.54,0.4,0.12,0.04,,,ACACME,6.7,35.24,0.65,3.02,2.37,1.76,2.15,3.39
M1,M111,ACACBR,1.9,2.83,0.8,1.7,0.9,1.42,1.57,0.94,,,ACACME,8.6,58.06,1.22,3.81,2.59,3.36,8.83,15.26
M1,M111,ACACBR,1.9,2.83,0.7,1.41,0.71,0.52,0.21,0.1,,,ACACME,14.6,167.33,1.1,4.36,3.26,4.07,12.96,28.17
M1,M111,ACACBR,1.2,1.13,0.7,1.18,0.48,0.5,0.19,0.06,,,ACACME,7.6,45.34,1.2,2.9,1.7,3.87,11.35,12.83
M1,M111,ACACBR,3.4,9.07,0.9,1.55,0.65,1.35,1.42,0.62,,,ACACME,7.3,41.83,0.88,3.08,2.2,3.07,7.36,10.79
M1,M111,ACACET,8.4,55.39,0.8,2.09,1.29,1.8,2.45,2.11,,,ACACME,11.4,102.02,1.22,5.03,3.81,5.38,22.67,57.59
M1,M111,ACACBR,2.3,4.15,0.2,0.58,0.38,1.45,1.62,0.41,,,ACACME,6.6,34.19,1.22,3.99,2.77,4.75,17.71,32.75
M1,M111,ACACBR,2.2,3.80,0.7,1.25,0.55,1.2,1.1,0.4,,,ACACME,9.7,73.86,1.22,4.76,3.54,3.85,11.6,27.35
M1,M111,ACACET,14.8,171.95,0.9,1.99,1.09,1.8,2.54,1.85,,,ACACME,11.3,100.24,1.2,3.08,1.88,4.07,12.93,16.2
M1,M111,ACACBR,1.3,1.33,1.02,2.23,1.21,2.95,6.72,5.42,,,ACACME,7.2,40.69,3.69,5,1.31,4.52,16.04,14.01
M1,M111,ACACBR,2,3.14,0.3,0.6,0.3,0.22,0.04,0.01,,,ACACME,9.7,73.86,1.21,3.81,2.6,3.23,8.18,14.19
M1,M111,ACACBR,2,3.14,0.6,1.25,0.65,1.68,2.06,0.89,,,ACACME,7.3,41.83,0.83,3.81,2.98,2.59,5.05,10.02
M1,M111,ACACBR,2.7,5.72,0.15,1.5,1.35,0.93,0.68,0.61,,,ACACME,6.6,34.19,0.7,4.11,3.41,3.51,9.67,21.98
M1,M112,ACACBR,2.2,3.80,0.2,1.4,1.2,1.15,1.04,0.83,,,ACACME,8.3,54.08,1,3.25,2.25,4.41,15.26,22.9
M1,M112,ACACBR,3.2,8.04,0.3,1.13,0.83,0.7,0.38,0.21,,,ACACTO,8.9,62.18,1.2,3.13,1.93,3.8,11.17,14.37
M1,M112,ACACBR,2.1,3.46,0.3,1.84,1.54,1.22,1.17,1.2,,,ACACME,5.8,26.41,0.95,1.98,1.03,2,3.13,2.15
M1,M112,ACACBR,2.1,3.46,0.4,2,1.6,1,0.78,0.83,,,ACACME,5.6,24.62,0.9,1.66,0.76,2.04,3.24,1.64
M1,M112,ACACBR,2.1,3.46,0.4,1.95,1.55,0.9,0.6,0.62,,,ACACME,8.9,62.18,0.8,4.07,3.27,7.21,40.75,88.83
M1,M112,ACACBR,1.9,2.83,0.3,1.55,1.25,0.7,0.38,0.32,,,ACACME,9.6,72.35,1.12,3.27,2.15,3.62,10.27,14.72
M1,M112,ACACBR,1.5,1.77,0.4,0.9,0.5,1.25,1.21,0.4,,,ACACME,7,38.47,1.16,2.57,1.41,2.39,4.39,4.12
M1,M112,ACACBR,2.6,5.31,0.4,1.32,0.92,0.71,0.4,0.24,,,ACACME,7.7,46.54,0.8,2.91,2.11,3.91,11.97,16.83
M1,M112,ACACBR,3.3,8.55,0.8,2.23,1.43,0.65,0.33,0.31,,,ACACME,7.3,41.83,1,2.92,1.92,3.32,8.63,11.04
M1,M112,ACACBR,2.4,4.52,0.6,1.83,1.23,1.16,1.05,0.86,,,ACACME,9.8,75.39,0.96,3.73,2.77,3.92,11.6,21.41
M1,M112,ACACBR,2,3.14,0.4,1.52,1.12,0.8,0.5,0.38,,,ACACTO,14,153.86,0.8,3.7,2.9,4.25,14.11,27.28
M1,M112,ACACBR,2.6,5.31,1.4,3.27,1.87,1.48,1.61,2,,,ACACME,14.3,160.52,0.9,4.45,3.55,4.62,16.74,39.61
M1,M112,ACACBR,2.4,4.52,1.46,2.37,0.91,1,0.78,0.47,,,ACACTO,9,63.59,0.6,3.05,2.45,2.25,3.97,6.49
M1,M112,ACACBR,2.5,4.91,0.5,1.4,0.9,0.75,0.44,0.26,,,ACACME,9.7,73.86,1,4.9,3.9,3.16,7.84,20.37
M1,M112,ACACBR,3.2,8.04,0.4,1.49,1.09,0.5,0.19,0.14,,,ACACME,8.7,59.42,0.8,2.66,1.86,2.87,6.4,7.93
M1,M112,ACACBR,3.8,11.34,0.45,1.8,1.35,1.34,1.41,1.27,,,ACACME,10.3,83.28,1.1,3.63,2.53,3.38,8.69,14.65
M1,M112,ACACBR,2.6,5.31,0.5,2.2,1.7,1.48,1.7,1.93,,,ACACME,8.5,56.72,1.02,3.54,2.52,3.49,9.53,16.02
M1,M112,ACACBR,1,0.79,0.3,1.13,0.83,0.98,0.73,0.41,,,ACACME,5.3,22.05,0.8,2.81,2.01,2.26,4,5.37
M1,M112,ACACBR,1.2,1.13,0.5,1.32,0.82,0.6,0.27,0.15,,,ACACME,10,78.50,0.71,3.06,2.35,3.55,9.76,15.29
M1,M112,ACACBR,1.7,2.27,0.5,1.13,0.63,0.68,0.35,0.15,,,ACACME,12,113.04,0.9,4.34,3.44,3.86,11.19,25.67
M1,M112,ACACBR,1.9,2.83,0.44,0.46,0.02,0.88,0.61,0.01,,,ACACME,11.6,105.63,0.03,1.2,1.17,4.49,15.72,12.26
M1,M112,ACACBR,1.5,1.77,0.35,1.34,0.99,0.7,0.38,0.25,,,ACACET,3.5,9.62,0.7,1.62,0.92,2.42,4.57,2.8
M1,M112,ACACBR,1.7,2.27,1.1,1.57,0.47,0.88,0.6,0.19,,,ACACME,6.1,29.21,1.16,2.26,1.1,2.9,6.53,4.79
M1,M112,ACACBR,1.6,2.01,0.56,1.22,0.66,0.93,0.61,0.27,,,ACACET,8,50.24,0.9,3.39,2.49,2.8,6.04,10.02
M1,M112,ACACBR,2,3.14,0.8,1.54,0.74,1.1,0.94,0.46,,,ACACME,6.1,29.21,1.06,3.31,2.25,3.43,9.16,13.74
M1,M112,ACACBR,1.6,2.01,0.5,1.54,1.04,1.28,1.25,0.87,,,ACACME,6.7,35.24,0.65,2.19,1.54,2.06,3.28,3.37
M1,M112,ACACBR,1.6,2.01,1,1.47,0.47,0.75,0.41,0.13,,,ACACME,9.1,65.01,0.74,3.04,2.3,3.26,7.83,12
M1,M112,ACACBR,1.6,2.01,0.3,1.55,1.25,0.84,0.55,0.46,,,ACACME,5.6,24.62,1,2.27,1.27,4.05,12.17,10.3
M1,M112,ACACET,14.8,171.95,0.6,2.79,2.19,2.75,5.41,7.89,,,ACACME,7.7,46.54,1.03,3.76,2.73,3.16,7.12,12.95
M1,M112,ACACBR,2.8,6.15,0.3,1.2,0.9,0.9,0.63,0.38,,,ACACME,5.5,23.75,0.86,2.57,1.71,2.88,6.42,7.32
M1,M112,ACACBR,1.8,2.54,0.2,1.44,1.24,0.6,0.27,0.23,,,ACACET,8.3,54.08,0.78,3.38,2.6,2.86,6.31,10.93
M1,M112,ACACBR,1.6,2.01,0.5,1.72,1.22,0.5,0.2,0.16,,,ACACET,11.6,105.63,0.93,3.56,2.63,3.13,7.67,13.44
M1,M112,ACACBR,2,3.14,0.25,1.1,0.85,0.45,0.16,0.09,,,ACACME,8,50.24,0.7,4.52,3.82,2.44,4.59,11.68
M1,M112,ACACBR,2.1,3.46,0.4,1.4,1,0.83,0.52,0.35,,,ACACME,12.1,114.93,1.74,4.41,2.67,2.87,6.27,11.16
M1,M112,ACACBR,2.8,6.15,0.4,1.39,0.99,0.5,0.19,0.12,,,ACACME,9.8,75.39,0.86,3.87,3.01,2.99,6.98,14.01
M1,M112,ACACBR,2.4,4.52,0.7,1.14,0.44,0.7,0.38,0.11,,,ACACET,3.2,8.04,0.82,2.13,1.31,2.5,4.74,4.14
M1,M112,ACACBR,2.8,6.15,0.78,1.17,0.39,1.11,0.95,0.25,,,ACACET,2.7,5.72,0.6,1.59,0.99,1.72,2.31,1.53
M1,M112,ACACBR,1.8,2.54,0.63,1.16,0.53,0.74,0.42,0.15,,,ACACME,8.4,55.39,1.1,3.25,2.15,4.19,13.71,19.64
M1,M112,ACACET,11.8,109.30,1.97,4.01,2.04,2.09,3.38,4.6,,,ACACET,8.3,54.08,0.74,3.41,2.67,2.76,5.69,10.12
M1,M112,ACACBR,1.6,2.01,0.48,1.4,0.92,0.63,0.31,0.19,,,ACACET,3.7,10.75,0.5,2.38,1.88,2.11,3.47,4.35
M1,M112,ACACBR,2.1,3.46,0.5,1.49,0.99,0.77,0.46,0.31,,,ACACME,4.9,18.85,1.22,3.68,2.46,4.2,13.77,22.59
M1,M112,ACACBR,1.5,1.77,0.44,1.13,0.69,0.59,0.26,0.12,,,ACACME,4.9,18.85,1,1.92,0.92,2.64,5.27,3.23
M1,M112,ACACBR,1.3,1.33,0.43,0.87,0.44,0.33,0.08,0.02,,,ACACET,5.5,23.75,0.7,1.27,0.57,2.12,3.51,1.33
M1,M112,ACACET,15,176.63,1.39,3.1,1.71,2.15,3.6,4.1,,,ACACET,6.3,31.16,1.1,3.38,2.28,1.65,2.1,3.19
M1,M112,ACACET,10.4,84.91,1.39,3.44,2.05,1.9,2.82,3.85,,,ACACME,7.6,45.34,0.6,3.82,3.22,3.85,11.53,24.76
M1,M112,ACACBR,2.2,3.80,1.39,3.44,2.05,1.9,2.82,3.85,,,ACACME,5.9,27.33,0.84,2.48,1.64,2.79,5.72,6.25
M1,M112,ACACBR,2.1,3.46,0.9,1.36,0.46,0.73,0.41,0.13,,,ACACME,3.5,9.62,0.5,2.57,2.07,1.8,2.43,3.35
M1,M112,ACACBR,1.6,2.01,0.8,1.34,0.54,0.78,0.47,0.17,,,ACACME,4.4,15.20,0.3,3.5,3.2,3.7,10.74,22.91
M1,M112,ACACBR,1.6,2.01,0.52,1.39,0.87,0.47,0.16,0.09,,,ACACME,7.8,47.76,0.9,3.63,2.73,3.49,9.53,17.35
M1,M112,ACACBR,2.1,3.46,0.66,1.16,0.5,0.36,0.1,0.03,,,ACACME,5.2,21.23,1,3.11,2.11,3.36,8.7,12.23
M1,M112,ACACBR,1.9,2.83,0.48,0.98,0.5,0.39,0.12,0.04,,,ACACME,4.6,16.61,0.3,3.1,2.8,2.3,4.12,7.69
M1,M112,ACACBR,1.1,0.95,0.53,1.11,0.58,0.43,0.14,0.05,,,ACACME,7.9,48.99,0.7,2.22,1.52,2.79,5.98,6.06
M1,M112,ACACBR,2,3.14,0.66,1.39,0.73,0.67,0.33,0.16,,,ACACME,6.7,35.24,1,2.5,1.5,2.78,6.02,6.02
M1,M112,ACACBR,1.4,1.54,0.34,1.13,0.79,0.33,0.08,0.04,,,ACACME,6.9,37.37,0.9,2.94,2.04,3.93,11.56,15.72
M1,M112,ACACBR,2.8,6.15,0.77,1.25,0.48,0.72,0.4,0.13,,,ACACET,10.1,80.08,0.7,3.84,3.14,3.49,9.5,19.88
M1,M112,ACACBR,1.5,1.77,0.84,1.68,0.84,1.25,1.19,0.66,,,ACACET,11.3,100.24,1.93,4.51,2.58,3.38,8.94,15.37
M1,M112,ACACBR,1.9,2.83,0.62,1.67,1.05,0.43,0.14,0.1,,,ACACET,4.7,17.34,1,2.9,1.9,2.08,3.38,4.29
M1,M112,ACACBR,2.1,3.46,0.58,1,0.42,0.43,0.14,0.04,,,ACACET,5.8,26.41,1.2,2.28,1.08,2.75,5.93,4.27
M1,M112,ACACBR,1.2,1.13,1.08,1.38,0.3,0.63,0.3,0.06,,,ACACET,9.5,70.85,1,3.88,2.88,2.5,4.84,9.28
M1,M112,ACACBR,2.2,3.80,0.45,0.85,0.4,0.45,0.14,0.04,,,ACACET,6.3,31.16,0.5,2.09,1.59,1.93,2.83,3
M1,M112,ACACBR,2.1,3.46,0.4,0.9,0.5,0.67,0.31,0.1,,,ACACET,8.7,59.42,0.67,2.28,1.61,2.16,3.66,3.93
M1,M112,ACACET,13.2,136.78,0.85,2.57,1.72,2.7,5.7,6.54,,,ACACET,9.1,65.01,0.7,3.46,2.76,2.68,5.61,10.33
M1,M112,ACACBR,3.2,8.04,0.77,1.15,0.38,1.05,0.71,0.18,,,ACACET,11.5,103.82,1,2.36,1.36,2.39,4.48,4.07
M1,M112,ACACBR,2.1,3.46,0.8,1.65,0.85,0.77,0.46,0.26,,,ACACME,10.4,84.91,0.7,3.15,2.45,4.39,14.61,23.86
M1,M112,ACACBR,1.9,2.83,0.95,1.52,0.57,0.89,0.61,0.23,,,ACACME,8.9,62.18,0.5,4.1,3.6,4.69,17.27,41.44
M1,M112,ACACBR,1.6,2.01,0.6,0.7,0.1,0.38,0.11,0.01,,,ACACET,9.5,70.85,1,3.63,2.63,2.95,6.78,11.89
M1,M112,ACACBR,2,3.14,0.72,1.49,0.77,1.3,1.14,0.58,,,ACACET,8.3,54.08,0.9,4.33,3.43,3.29,8.47,19.36
M1,M112,ACACBR,2,3.14,0.6,1.69,1.09,0.79,0.48,0.35,,,ACACET,10.5,86.55,0.6,4.64,4.04,3.69,10.68,28.76
M1,M112,ACACBR,1.9,2.83,0.73,1.03,0.3,0.6,0.27,0.05,,,ACACET,9.9,76.94,1.22,2.92,1.7,2.43,4.58,5.19
M1,M112,ACACBR,2,3.14,0.77,1.1,0.33,0.5,0.19,0.04,,,ACACME,5.4,22.89,0.8,3.42,2.62,4.43,15.37,26.84
M1,M112,ACACBR,1.7,2.27,0.62,1.25,0.63,0.73,0.42,0.18,,,ACACME,9.4,69.36,0.6,4.14,3.54,7.04,38.58,91.06
M1,M112,ACACBR,2,3.14,0.45,1.52,1.07,0.75,0.44,0.31,,,ACACME,4.3,14.51,0.66,2.26,1.6,2.39,4.44,4.73
M1,M112,ACACBR,1.9,2.83,0.5,1.4,0.9,0.65,0.33,0.2,,,ACACME,6.7,35.24,0.66,3.73,3.07,5.28,21.62,44.25
M1,M112,ACACBR,2.2,3.80,0.75,1.15,0.4,1.22,1.06,0.28,,,ACACME,6.8,36.30,0.6,4.39,3.79,6.23,30.29,76.54
M1,M112,ACACBR,1.7,2.27,0.5,1.25,0.75,0.71,0.35,0.18,,,ACACME,6.5,33.17,1,3.51,2.51,4.78,16.9,28.29
M1,M112,ACACBR,2.3,4.15,0.65,1.1,0.45,0.55,0.22,0.07,,,ACACME,5.3,22.05,0.85,3.65,2.8,5.04,19.44,36.29
M1,M112,ACACBR,2.5,4.91,0.6,1.05,0.45,0.53,0.22,0.06,,,ACACME,6.6,34.19,1.1,4.12,3.02,4.62,16.7,33.63
M1,M112,ACACBR,1.8,2.54,0.39,0.98,0.59,0.76,0.45,0.18,,,ACACME,6.7,35.24,0.84,4.09,3.25,3.52,9.7,21.01
M1,M112,ACACBR,2.8,6.15,0.6,1,0.4,0.9,0.63,0.17,,,ACACME,5.8,26.41,0.7,3.37,2.67,4.24,13.49,24.02
M1,M112,ACACBR,1.8,2.54,0.7,1.67,0.97,0.9,0.63,0.41,,,ACACME,4,12.56,0.6,1.69,1.09,2.81,6.2,4.5
M1,M112,ACACBR,2.2,3.80,1.38,1.88,0.5,0.43,0.14,0.05,,,ACACME,5.9,27.33,0.4,2.92,2.52,4.38,14.88,25
M1,M112,ACACBR,1.8,2.54,0.7,1.87,1.17,0.86,0.58,0.45,,,ACACME,5.4,22.89,1,3.17,2.17,3.33,8.67,12.55
M1,M112,ACACBR,1.8,2.54,0.8,1.25,0.45,0.58,0.26,0.08,,,ACACME,6.8,36.30,0.9,2.45,1.55,3.38,7.98,8.25
M1,M112,ACACBR,1.8,2.54,0.95,1.2,0.25,0.48,0.18,0.03,,,ACACME,8.7,59.42,0.99,3.63,2.64,4.45,15.48,27.25
M1,M112,ACACBR,2.8,6.15,0.64,1.15,0.51,0.71,0.4,0.13,,,ACACME,7.5,44.16,1,4.12,3.12,4.89,18.08,37.6
M1,M112,ACACBR,1.8,2.54,0.82,1.15,0.33,0.98,0.74,0.16,,,ACACME,5.7,25.50,1.01,3.97,2.96,4.19,13.35,26.34
M1,M112,ACACBR,1.4,1.54,0.4,0.75,0.35,0.47,0.17,0.04,,,ACACME,6.5,33.17,0.9,2.82,1.92,3.43,9.01,11.53
M1,M112,ACACBR,1.9,2.83,0.37,1.06,0.69,0.42,0.13,0.06,,,ACACET,3.5,9.62,0.65,1.59,0.94,2.43,4.58,2.87
M1,M112,ACACBR,1.8,2.54,0.3,1,0.7,0.95,0.7,0.33,,,ACACME,8.6,58.06,0.78,3.73,2.95,6.04,28.63,56.31
M1,M112,ACACBR,2.1,3.46,0.6,0.8,0.2,0.66,0.32,0.04,,,ACACME,8.2,52.78,1.22,4.47,3.25,4.55,16.14,34.97
M1,M112,ACACBR,1.8,2.54,0.5,0.95,0.45,0.63,0.31,0.09,,,ACACET,5.4,22.89,0.88,2.09,1.21,2.4,4.52,3.65
M1,M113,ACACBR,2,3.14,0.4,1.55,1.15,1.37,1.47,1.13,,,ACACET,15.7,193.49,0.6,3.71,3.11,4.1,13.14,27.24
M1,M113,ACACBR,1,0.79,0.6,1.73,1.13,1.25,1.21,0.91,,,ACACET,7.8,47.76,1.22,3.09,1.87,3.64,10.33,12.87
M1,M113,ACACBR,2.3,4.15,0.3,0.9,0.6,0.87,0.55,0.22,,,ACACET,4.7,17.34,1.21,3.51,2.3,3,7.02,10.77
M1,M113,ACACBR,2.4,4.52,0.4,1.7,1.3,2.63,5.36,4.64,,,ACACME,5.2,21.23,0.7,2.75,2.05,2.79,6.1,8.34
M1,M113,ACACBR,1.4,1.54,0.7,1.36,0.66,0.63,0.29,0.13,,,ACACET,3.2,8.04,0.3,1.85,1.55,2.05,3.29,3.4
M1,M113,ACACBR,2,3.14,0.3,2.34,2.04,0.95,0.71,0.96,,,ACACME,5.4,22.89,0.9,3.92,3.02,4.54,16.15,32.52
M1,M113,ACACBR,2.6,5.31,0.5,2.23,1.73,0.6,0.27,0.32,,,ACACME,5.8,26.41,0.68,2.95,2.27,3.83,11.41,17.27
M1,M113,ACACBR,2.6,5.31,0.5,1.93,1.43,2,3.14,2.99,,,ACACTO,9.6,72.35,0.8,3.26,2.46,3.55,9.89,16.21
M1,M113,ACACBR,1.7,2.27,0.8,1.58,0.78,0.83,0.53,0.28,,,ACACET,7.7,46.54,1.1,5.69,4.59,7.15,39.63,121.26
M1,M113,ACACBR,1.8,2.54,0.4,1.84,1.44,0.8,0.49,0.47,,,ACACET,14,153.86,0.8,3.63,2.83,4.98,19.37,36.54
M1,M113,ACACBR,2.8,6.15,0.35,1.82,1.47,0.9,0.63,0.62,,,ACACET,10.2,81.67,1,3.06,2.06,3.76,10.98,15.08
M1,M113,ACACBR,2.9,6.60,0.4,1.52,1.12,0.98,0.73,0.55,,,ACACME,7.1,39.57,0.2,3.22,3.02,4.13,13.25,26.67
M1,M113,ACACBR,2.3,4.15,0.5,1.55,1.05,0.84,0.55,0.39,,,ACACET,8.7,59.42,0.8,4.06,3.26,4.51,15.84,34.41
M1,M113,ACACBR,1.7,2.27,0.7,1.58,0.88,1.31,1.33,0.78,,,ACACME,7.2,40.69,1.57,4.13,2.56,4.96,19.2,32.77
M1,M113,ACACBR,2.8,6.15,1.37,2.23,0.86,1.94,2.85,1.63,,,ACACME,6.7,35.24,1.1,3.04,1.94,2.79,5.93,7.66
M1,M113,ACACBR,3.9,11.94,0.55,1.7,1.15,0.78,0.47,0.36,,,ACACME,6.7,35.24,2.21,4.22,2.01,2.73,5.8,7.77
M1,M113,ACACBR,2.3,4.15,0.62,1.88,1.26,1,0.78,0.65,,,ACACET,7,38.47,1.2,3.38,2.18,3.82,11.36,16.51
M1,M113,ACACBR,1.7,2.27,0.9,1.21,0.31,0.95,0.71,0.15,,,ACACET,8.8,60.79,0.64,2.48,1.84,2.41,4.54,5.57
M1,M113,ACACBR,2.6,5.31,0.6,1.8,1.2,1.21,1.15,0.92,,,ACACME,7.4,42.99,1.22,3.82,2.6,4.88,18.57,32.19
M1,M113,ACACET,15.6,191.04,1.58,3.2,1.62,2.63,5.43,5.86,,,ACACTO,3.8,11.34,0.7,1.59,0.89,2.08,3.34,1.98
M1,M113,ACACBR,2.4,4.52,0.65,1.55,0.9,0.78,0.46,0.28,,,ACACME,6.5,33.17,0.9,2.96,2.06,2.82,6.19,8.51
M1,M113,ACACBR,1.5,1.77,0.45,0.85,0.4,0.58,0.26,0.07,,,ACACTO,8.8,60.79,0.6,2.57,1.97,2.74,5.85,7.69
M1,M113,ACACBR,2.1,3.46,0.55,1.1,0.55,0.28,0.05,0.02,,,ACACME,7.9,48.99,0.7,2.8,2.1,3.05,7.24,10.13
M1,M113,ACACBR,2.3,4.15,0.7,1.57,0.87,1.43,1.55,0.9,,,ACACME,5.6,24.62,0.5,2.95,2.45,2.78,6.01,9.81
M1,M113,ACACBR,2,3.14,0.4,1.47,1.07,1.19,1.08,0.77,,,ACACME,8.6,58.06,0.7,4.19,3.49,4.29,14.33,33.34
M1,M113,ACACBR,2.2,3.80,0.3,1.34,1.04,0.78,0.45,0.31,,,ACACME,5.6,24.62,0.4,3.97,3.57,4.29,14.33,34.11
M1,M113,ACACBR,2.1,3.46,0.7,1.1,0.4,0.9,0.63,0.17,,,ACACME,2.7,5.72,0.4,1,0.6,2.64,5.12,2.05
M1,M113,ACACBR,2.1,3.46,0.2,0.9,0.7,0.58,0.25,0.12,,,ACACTO,4.6,16.61,0.6,1.92,1.32,2.43,4.6,4.05
M1,M113,ACACBR,2.2,3.80,0.55,1.46,0.91,0.7,0.38,0.23,,,ACACME,8.7,59.42,1.1,4.41,3.31,5.53,23.97,52.89
M1,M113,ACACBR,2.2,3.80,0.55,1.33,0.78,1.05,0.86,0.45,,,ACACTO,4.3,14.51,0.2,1.51,1.31,1.87,2.7,2.36
M1,M113,ACACBR,2,3.14,0.2,1.1,0.9,0.9,0.6,0.36,,,ACACME,3.2,8.04,0.6,1.54,0.94,2.18,3.65,2.28
M1,M113,ACACME,9.2,66.44,0.8,2.39,1.59,2.88,6.46,6.85,,,ACACTO,5.3,22.05,0.7,2.24,1.54,2.82,6.08,6.24
M1,M113,ACACBR,3.3,8.55,0.95,1.48,0.53,0.7,0.31,0.11,,,ACACTO,7.4,42.99,0.6,2.31,1.71,2.75,5.91,6.74
M1,M113,ACACET,5.4,22.89,0.7,2.5,1.8,2.18,3.71,4.45,,,ACACTO,9.5,70.85,0.4,2.3,1.9,4.1,13.06,16.54
M1,M113,ACACET,8.4,55.39,0.8,3.6,2.8,2.41,4.54,8.47,,,ACACTO,10.3,83.28,0.6,2.93,2.33,5.02,19.78,30.73
M1,M113,ACACET,9.6,72.35,0.6,2.97,2.37,2.84,6.31,9.97,,,ACACME,5.5,23.75,0.5,3.13,2.63,2.9,6.57,11.52
M1,M113,ACACBR,1.8,2.54,0.5,1.52,1.02,0.7,0.38,0.26,,,ACACTO,7.4,42.99,0.7,2.1,1.4,3.58,10.03,9.36
M1,M113,ACACBR,2.2,3.80,0.5,1.7,1.2,0.7,0.38,0.31,,,ACACTO,7.2,40.69,0.5,2.56,2.06,3.26,8.31,11.41
M1,M113,ACACBR,2.8,6.15,0.2,1.35,1.15,0.36,0.1,0.08,,,ACACTO,8,50.24,0.5,3.25,2.75,3.85,11.52,21.11
M1,M113,ACACBR,2.6,5.31,0.4,1.4,1,0.95,0.71,0.47,,,ACACME,15.3,183.76,1.22,4.79,3.57,6.82,36.45,86.75
M1,M113,ACACBR,2.4,4.52,0.5,1.16,0.66,1,0.79,0.35,,,ACACTO,11.1,96.72,1.22,4.79,3.57,6.82,36.45,86.75
M1,M113,ACACBR,3.1,7.54,0.52,1.42,0.9,1.58,1.92,1.15,,,ACACTO,12.8,128.61,0.2,2.36,2.16,1.91,2.5,3.6
M1,M113,ACACBR,2.5,4.91,0.8,1.42,0.62,1.11,0.89,0.37,,,ACACME,7.5,44.16,1.05,2.57,1.52,3.36,8.8,8.92
M1,M113,ACACBR,2,3.14,0.6,1.95,1.35,1.49,1.64,1.48,,,ACACTO,10.6,88.20,0.84,3.87,3.03,4.37,14.9,30.1
M1,M113,ACACBR,1.5,1.77,0.6,1.35,0.75,0.9,0.63,0.31,,,ACACME,4.5,15.90,0.7,2,1.3,2.38,4.42,3.83
M1,M113,ACACBR,2.6,5.31,0.77,1.67,0.9,0.89,0.62,0.37,,,ACACTO,9.8,75.39,1.06,2.85,1.79,4.11,13.1,15.63
M1,M113,ACACBR,2,3.14,0.5,1.46,0.96,0.98,0.73,0.47,,,ACACTO,9.4,69.36,0.7,2.58,1.88,2.97,6.86,8.6
M1,M113,ACACBR,2.3,4.15,0.3,1.2,0.9,0.38,0.07,0.04,,,ACACTO,11.5,103.82,1.1,2.75,1.65,5.06,20.02,22.03
M1,M113,ACACBR,2.7,5.72,0.3,1.2,0.9,0.38,0.07,0.04,,,ACACTO,7.6,45.34,0.9,2.32,1.42,4.25,14.18,13.42
M1,M113,ACACBR,2.3,4.15,0.9,1.7,0.8,1.15,1.04,0.55,,,ACACTO,14.6,167.33,0.97,3.63,2.66,3.95,12.05,21.37
M1,M113,ACACBR,2,3.14,0.2,1.06,0.86,0.68,0.35,0.2,,,ACACET,6.3,31.16,1.2,2.95,1.75,3.16,7.84,9.15
M1,M113,ACACBR,1.1,0.95,0.1,0.64,0.54,0.47,0.17,0.06,,,ACACTO,4.6,16.61,0.8,1.7,0.9,3.18,7.87,4.72
M1,M113,ACACBR,1.9,2.83,0.2,1.15,0.95,0.55,0.24,0.15,,,ACACTO,6.3,31.16,1.22,2.14,0.92,3.4,9.05,5.55
M1,M113,ACACBR,1.1,0.95,0.4,1.14,0.74,0.75,0.44,0.22,,,ACACTO,2.8,6.15,0.5,1.1,0.6,2.22,3.84,1.54
M1,M113,ACACBR,2.1,3.46,0.3,1.5,1.2,0.7,0.38,0.31,,,ACACTO,10.6,88.20,0.84,3.87,3.03,4.37,14.9,30.1
M1,M113,ACACBR,1.7,2.27,0.4,1.31,0.91,0.45,0.16,0.1,,,ACACTO,7.4,42.99,1.1,2.12,1.02,2.95,6.74,4.58
M1,M113,ACACBR,2,3.14,0.3,1.36,1.06,1,0.75,0.53,,,ACACTO,12.1,114.93,1.08,1.93,0.85,4.05,12.81,7.26
M1,M113,ACACBR,2.3,4.15,0.5,1.7,1.2,1.37,1.47,1.18,,,ACACTO,2.8,6.15,0.3,0.88,0.58,2.88,6.51,2.52
M1,M113,ACACBR,1.6,2.01,0.3,1.1,0.8,0.44,0.15,0.08,,,ACACTO,7.4,42.99,0.5,2.04,1.54,5.05,19.96,20.49
M1,M113,ACACBR,1.7,2.27,0.2,1.08,0.88,0.68,0.35,0.21,,,ACACTO,7.3,41.83,1.2,2.03,0.83,3.22,8.13,4.5
M1,M113,ACACET,23.9,448.40,1.19,4.13,2.94,3.67,10.42,20.43,,,ACACME,17.8,248.72,1.2,4.45,3.25,5.69,25.28,54.78
M1,M113,ACACBR,2.3,4.15,0.4,2,1.6,0.6,0.25,0.27,,,ACACTO,9.1,65.01,0.9,2.96,2.06,3.47,9.4,12.91
M1,M113,ACACBR,1.2,1.13,0.4,0.9,0.5,0.61,0.27,0.09,,,ACACME,3.4,9.07,0.25,1.55,1.3,2.11,3.43,2.97
M1,M113,ACACBR,1.6,2.01,0.2,1.4,1.2,0.3,0.07,0.05,,,ACACME,4.5,15.90,0.3,1.92,1.62,2.18,3.71,4.01
M1,M113,ACACBR,1.3,1.33,0.15,0.6,0.45,0.48,0.17,0.05,,,ACACTO,2.5,4.91,0.3,1.08,0.78,1.84,2.59,1.35
M1,M113,ACACBR,1.8,2.54,0.25,1.1,0.85,0.67,0.35,0.2,,,ACACTO,11.5,103.82,0.9,3.05,2.15,3.89,11.84,16.98
M1,M113,ACACBR,2,3.14,0.4,1.87,1.47,2.1,3.42,3.35,,,ACACTO,5.8,26.41,0.65,1.1,0.45,3.2,8.03,2.41
M1,M113,ACACET,16,200.96,0.88,3.78,2.9,3.82,11.41,22.07,,,ACACTO,8.6,58.06,0.4,1.92,1.52,4.48,15.5,15.71
M1,M113,ACACBR,1.5,1.77,0.18,0.78,0.6,0.52,0.2,0.08,,,ACACTO,9.5,70.85,1.15,2.39,1.24,2.4,4.51,3.73
M1,M113,ACACBR,1.9,2.83,0.35,1.15,0.8,0.71,0.38,0.2,,,ACACET,2.9,6.60,0.7,1.64,0.94,1.73,2.33,1.46
M1,M113,ACACBR,2,3.14,0.43,1.43,1,0.53,0.21,0.14,,,ACACTO,2.5,4.91,0.45,1.22,0.77,1.78,2.45,1.26
M1,M113,ACACBR,1.6,2.01,0.54,1.12,0.58,0.96,0.72,0.28,,,ACACTO,2.6,5.31,0.6,0.75,0.15,1,0.75,0.08
M1,M113,ACACBR,1.7,2.27,0.36,1.15,0.79,0.5,0.2,0.1,,,ACACTO,3,7.07,0.4,0.9,0.5,1.38,1.46,0.49
M1,M113,ACACBR,1.4,1.54,0.12,0.57,0.45,0.45,0.16,0.05,,,ACACTO,2.5,4.91,0.2,0.9,0.7,1.23,1.18,0.55
M1,M113,ACACBR,2,3.14,0.54,1.53,0.99,0.65,0.32,0.21,,,ACACTO,2.3,4.15,0.4,1,0.6,2.35,4.34,1.73
M1,M113,ACACBR,1.8,2.54,0.15,0.25,0.1,0.4,0.13,0.01,,,ACACTO,3.6,10.17,0.4,1,0.6,2.13,3.46,1.38
M1,M113,ACACBR,1.4,1.54,0.6,1.38,0.78,0.63,0.3,0.16,,,ACACET,7.7,46.54,1,2.14,1.14,2.22,3.84,2.92
M1,M113,ACACBR,1.9,2.83,0.25,1.44,1.19,0.45,0.16,0.13,,,ACACET,2.3,4.15,1,2.63,1.63,2.73,5.82,6.32
M1,M113,ACACBR,1.5,1.77,1,4.4,3.4,0.48,0.18,0.4,,,ACACET,3.3,8.55,0.3,1.22,0.92,1.44,1.62,0.99
M1,M113,ACACBR,2.1,3.46,0.19,0.45,0.26,0.6,0.28,0.05,,,ACACET,5.7,25.50,0.4,2.85,2.45,1.67,2.15,3.52
M1,M113,ACACBR,2,3.14,0.6,1.52,0.92,0.75,0.44,0.27,,,ACACET,3,7.07,0.5,1.82,1.32,1.6,1.99,1.75
M1,M113,ACACBR,1,0.79,0.25,1.4,1.15,0.8,0.48,0.37,,,ACACET,2.8,6.15,0.6,1.92,1.32,2.23,3.83,3.37
M1,M113,ACACBR,1.9,2.83,0.2,1,0.8,0.63,0.31,0.16,,,ACACET,6.6,34.19,0.56,1.53,0.97,1.48,1.7,1.1
M1,M113,ACACBR,2,3.14,0.25,1.48,1.23,0.74,0.42,0.35,,,ACACET,10.6,88.20,0.8,2.03,1.23,1.94,2.94,2.41
M1,M113,ACACBR,3,7.07,0.5,1.9,1.4,1.65,2.14,1.99,,,ACACTO,3.8,11.34,0.3,1.87,1.57,2.9,6.54,6.84
M1,M113,ACACBR,1.1,0.95,0.22,1,0.78,0.6,0.28,0.15,,,ACACET,3.3,8.55,0.6,1.8,1.2,1.37,1.47,1.18
M1,M113,ACACBR,1.6,2.01,0.48,1.48,1,0.54,0.23,0.15,,,ACACET,17.3,234.94,0.76,2.72,1.96,2.63,5.42,7.09
M1,M113,ACACBR,2.4,4.52,0.15,1.51,1.36,1.29,1.3,1.18,,,ACACET,3.4,9.07,0.3,0.87,0.57,2.51,4.84,1.84
M1,M114,ACACBR,1.8,2.54,0.8,1.8,1,1.13,0.96,0.64,,,ACACET,9.4,69.36,0.5,2.44,1.94,2.59,5.17,6.69
M1,M114,ACACBR,1.9,2.83,0.7,2.06,1.36,1.28,1.27,1.15,,,ACACET,3.6,10.17,0.34,1.2,0.86,2.16,3.66,2.1
M1,M114,ACACBR,2.7,5.72,0.45,1.36,0.91,1.1,0.87,0.53,,,ACACET,3.4,9.07,0.2,1.22,1.02,1.66,2.13,1.45
M1,M114,ACACBR,2,3.14,0.65,1.64,0.99,1.08,0.91,0.6,,,ACACET,8.3,54.08,0.8,2.85,2.05,2.52,4.98,6.81
M1,M114,ACACBR,2.4,4.52,1,2.25,1.25,1.15,1.04,0.86,,,ACACET,3.7,10.75,0.45,2.33,1.88,1.93,2.88,3.62
M1,M114,ACACBR,1.9,2.83,0.67,1.48,0.81,0.7,0.38,0.21,,,ACACET,5.1,20.42,0.5,1.94,1.44,2.88,6.47,6.21
M1,M114,ACACBR,1.7,2.27,0.6,1.1,0.5,0.45,0.16,0.05,,,ACACET,17.5,240.41,1,3.49,2.49,5.05,20.01,33.21
M1,M114,ACACBR,1.6,2.01,0.45,0.74,0.29,0.5,0.2,0.04,,,ACACET,8.1,51.50,0.8,2.18,1.38,1.67,2.18,2
M1,M114,ACACBR,1.6,2.01,0.25,0.5,0.25,0.35,0.09,0.02,,,ACACME,5.3,22.05,0.7,2.8,2.1,3.18,7.87,11.02
M1,M114,ACACBR,2.6,5.31,0.6,1.34,0.74,0.88,0.6,0.3,,,ACACET,10.7,89.87,1.15,3.11,1.96,2.8,5.96,7.79
M1,M114,ACACET,10.5,86.55,0.8,2.94,2.14,3.31,8.59,12.26,,,ACACET,4.9,18.85,0.4,1.77,1.37,1.88,2.76,2.52
M1,M114,ACACBR,1.4,1.54,0.34,1.02,0.68,0.65,0.32,0.15,,,ACACET,2.5,4.91,0.2,1.22,1.02,1.93,2.8,1.9
M1,M114,ACACBR,1.9,2.83,0.5,1,0.5,0.89,0.61,0.2,,,ACACME,7.5,44.16,1.15,3.63,2.48,5.25,21.63,35.76
M1,M114,ACACBR,1.3,1.33,0.32,0.7,0.38,0.49,0.19,0.05,,,ACACET,11.3,100.24,1,3.93,2.93,4.89,18.33,35.81
M1,M114,ACACET,5.6,24.62,1.18,2.6,1.42,2.22,3.85,3.65,,,ACACME,5.1,20.42,0.7,2.32,1.62,2.82,6.2,6.7
M1,M114,ACACBR,1.4,1.54,0.33,0.8,0.47,0.69,0.37,0.12,,,ACACME,3.7,10.75,0.6,1.8,1.2,2.53,5.02,4.02
M1,M114,ACACBR,3,7.07,0.3,1.22,0.92,2.25,3.92,2.4,,,ACACME,4.4,15.20,0.8,3.03,2.23,3.41,9.12,13.56
M1,M114,ACACBR,1.6,2.01,0.36,0.9,0.54,0.45,0.16,0.06,,,ACACME,5.7,25.50,0.7,2.8,2.1,2.47,4.78,6.69
M1,M114,ACACBR,2.4,4.52,0.56,1.22,0.66,2.18,3.73,1.64,,,ACACME,4.5,15.90,0.6,2.82,2.22,2.78,6.03,8.92
M1,M114,ACACBR,2,3.14,0.34,1.35,1.01,1.24,1.14,0.77,,,ACACME,5.3,22.05,0.6,3.33,2.73,3.32,8.43,15.35
M1,M114,ACACBR,2.4,4.52,0.4,1.22,0.82,0.79,0.48,0.26,,,ACACME,4.9,18.85,1,3.11,2.11,2.88,6.42,9.04
M1,M114,ACACBR,2,3.14,0.3,1,0.7,0.84,0.54,0.25,,,ACACME,4.7,17.34,1.22,3.27,2.05,3.17,7.68,10.49
M1,M114,ACACBR,2.4,4.52,0.42,1.1,0.68,1.73,2.14,0.97,,,ACACME,4.6,16.61,1.18,2.91,1.73,2.63,5.43,6.26
M1,M114,ACACBR,1.5,1.77,0.3,0.67,0.37,0.42,0.14,0.03,,,ACACME,4,12.56,0.5,3.28,2.78,2.52,4.98,9.24
M1,M114,ACACBR,2.7,5.72,0.58,1.22,0.64,1.14,0.97,0.41,,,ACACME,4.6,16.61,1,3.51,2.51,3.25,8.12,13.58
M1,M114,ACACBR,2.3,4.15,0.56,1.5,0.94,0.59,0.27,0.17,,,ACACME,4.2,13.85,0.7,3.11,2.41,2.86,6.16,9.89
M1,M114,ACACBR,1.5,1.77,0.27,0.7,0.43,0.71,0.4,0.11,,,ACACME,4.3,14.51,0.8,2.48,1.68,2.98,6.96,7.79
M1,M114,ACACBR,1.6,2.01,0.3,1.17,0.87,0.71,0.39,0.23,,,ACACME,6.1,29.21,0.8,2.48,1.68,2.98,6.96,7.79
M1,M114,ACACBR,2.3,4.15,0.7,1.35,0.65,1.03,0.82,0.36,,,ACACME,6.9,37.37,0.8,3.67,2.87,4.2,13.85,26.49
M1,M114,ACACBR,1.9,2.83,0.28,0.77,0.49,0.67,0.34,0.11,,,ACACME,4.5,15.90,0.5,1.85,1.35,2.27,3.97,3.58
M1,M114,ACACBR,1.9,2.83,0.5,1.48,0.98,1.66,2.11,1.38,,,ACACME,4.8,18.09,0.5,3.03,2.53,2.9,6.52,11
M1,M114,ACACBR,2.3,4.15,0.49,1.14,0.65,1.47,1.68,0.73,,,ACACME,5.3,22.05,0.8,2.5,1.7,3.18,7.9,8.95
M1,M114,ACACBR,2.1,3.46,0.22,1.18,0.96,0.55,0.23,0.15,,,ACACME,4.7,17.34,0.6,3.31,2.71,2.74,5.88,10.63
M1,M114,ACACBR,1.3,1.33,0.17,0.48,0.31,0.47,0.17,0.04,,,ACACME,6.7,35.24,1.22,3.7,2.48,3.44,9.25,15.29
M1,M114,ACACBR,1.3,1.33,0.19,0.7,0.51,0.72,0.4,0.14,,,ACACME,8.4,55.39,0.7,3.63,2.93,2.99,6.99,13.66
M1,M114,ACACBR,2,3.14,0.45,1.46,1.01,0.8,0.5,0.34,,,ACACET,7.5,44.16,0.8,3.42,2.62,2.94,6.77,11.83
M1,M114,ACACBR,1.5,1.77,0.35,0.98,0.63,0.38,0.1,0.04,,,ACACME,5.5,23.75,0.8,3.21,2.41,2.6,5.07,8.15
M1,M114,ACACBR,2.2,3.80,0.49,1.22,0.73,1.26,1.21,0.59,,,ACACME,4.9,18.85,0.6,2.92,2.32,2.89,6.52,10.08
M1,M114,ACACBR,2.3,4.15,0.8,2.1,1.3,1.05,0.85,0.73,,,ACACME,7.7,46.54,0.6,3.51,2.91,3.48,9.46,18.35
M1,M114,ACACBR,3.1,7.54,0.53,1.16,0.63,0.75,0.41,0.17,,,ACACME,6.5,33.17,0.8,1.91,1.11,2.61,5.35,3.96
M1,M114,ACACBR,2.3,4.15,0.5,1.46,0.96,1.71,2.29,1.47,,,ACACME,5.7,25.50,0.8,2.81,2.01,2.77,6.02,8.07
M1,M114,ACACBR,1.5,1.77,0.3,1.1,0.8,0.95,0.63,0.33,,,ACACET,2.5,4.91,0.3,1.22,0.92,1.74,2.34,1.44
M1,M115,ACACBR,1.5,1.77,0.4,1.05,0.65,0.77,0.43,0.19,,,ACACME,8.5,56.72,0.7,2.81,2.11,3.17,7.76,10.92
M1,M115,ACACBR,2.4,4.52,0.51,1.98,1.47,2.29,4.11,4.03,,,ACACET,5.8,26.41,1.17,3.02,1.85,2.62,5.37,6.62
M1,M115,ACACBR,1.6,2.01,0.44,1.03,0.59,0.61,0.28,0.11,,,ACACET,3.1,7.54,0.4,1.54,1.14,,NA,NA
M1,M115,ACACBR,2.2,3.80,0.7,1.61,0.91,1.47,1.7,1.03,,,ACACET,2.6,5.31,0.3,1,0.7,,NA,NA
M1,M115,ACACBR,1.3,1.33,0.53,1.45,0.92,0.99,0.69,0.42,,,ACACET,6.4,32.15,1,3.43,2.43,3.43,9.23,14.95
M1,M115,ACACBR,1.6,2.01,0.4,1.46,1.06,0.86,0.56,0.39,,,ACACME,14.5,165.05,0.4,2.57,2.17,2.74,5.89,8.53
M1,M115,ACACBR,2.1,3.46,0.72,1.81,1.09,0.78,0.48,0.35,,,ACACME,4.5,15.90,0.7,2.86,2.16,2.72,5.68,8.18
M1,M115,ACACBR,2.6,5.31,0.58,1.72,1.14,0.99,0.73,0.56,,,ACACME,6.5,33.17,0.8,2.98,2.18,2.89,6.31,9.17
M1,M115,ACACBR,1.7,2.27,0.5,1.56,1.06,0.75,0.41,0.29,,,ACACME,5.3,22.05,0.6,2.58,1.98,2.9,6.57,8.67
M1,M115,ACACBR,1.5,1.77,0.66,1.22,0.56,0.74,0.42,0.16,,,ACACME,6.7,35.24,1.22,3.54,2.32,3.55,9.84,15.23
M1,M115,ACACBR,1.9,2.83,0.74,1.15,0.41,0.65,0.33,0.09,,,ACACME,6.3,31.16,0.2,3.47,3.27,2.87,6.36,13.85
M1,M115,ACACBR,1.4,1.54,0.5,0.88,0.38,0.91,0.6,0.15,,,ACACME,4.4,15.20,0.4,1.72,1.32,1.53,1.81,1.6
M1,M115,ACACBR,1.4,1.54,0.53,1.1,0.57,0.45,0.16,0.06,,,ACACME,3.4,9.07,0.3,1.99,1.69,1.42,1.57,1.76
M1,M115,ACACBR,1.7,2.27,0.71,1.73,1.02,1.43,1.53,1.04,,,ACACME,7.3,41.83,0.8,3.4,2.6,2.97,6.77,11.74
M1,M115,ACACBR,1.9,2.83,0.7,1.88,1.18,1.29,1.23,0.97,,,ACACME,5.6,24.62,1.04,1.79,0.75,1.65,2.14,1.07
M1,M115,ACACBR,1.6,2.01,0.78,1.53,0.75,0.63,0.31,0.15,,,ACACME,8.5,56.72,0.75,3.82,3.07,3.33,8.54,17.49
M1,M115,ACACBR,2.2,3.80,0.45,1.55,1.1,2.02,3.17,2.32,,,ACACME,8.5,56.72,0.75,3.82,3.07,3.33,8.54,17.49
M1,M115,ACACBR,2.4,4.52,0.6,1.59,0.99,0.95,0.66,0.44,,,ACACME,8.8,60.79,1.05,3.34,2.29,3.1,7.49,11.44
M1,M115,ACACBR,1.5,1.77,0.4,1.95,1.55,0.45,0.14,0.15,,,ACACME,5.6,24.62,0.67,3.41,2.74,2.94,6.76,12.35
M1,M115,ACACBR,2.2,3.80,0.5,1.67,1.17,1.24,1.19,0.93,,,ACACME,6.5,33.17,0.5,3.25,2.75,3.23,8.11,14.86
M1,M115,ACACBR,3,7.07,0.69,1.6,0.91,1.08,0.9,0.55,,,ACACME,5.5,23.75,0.8,3.47,2.67,2.65,5.44,9.69
M1,M115,ACACBR,2.2,3.80,0.6,2.17,1.57,1.1,0.95,0.99,,,ACACME,8,50.24,0.9,2.91,2.01,2.65,5.44,7.29
M1,M115,ACACBR,3.2,8.04,0.75,2.23,1.48,1.62,2.04,2.02,,,ACACME,6.8,36.30,1.22,4.16,2.94,2.74,5.86,11.49
M1,M115,ACACBR,3,7.07,0.4,1.64,1.24,1.57,1.91,1.58,,,ACACME,5.7,25.50,0.8,2.65,1.85,2.53,4.96,6.12
M1,M115,ACACBR,2,3.14,0.7,1.22,0.52,0.65,0.31,0.11,,,ACACME,7.1,39.57,1,3.48,2.48,3.27,8.39,13.88
M1,M115,ACACBR,2.5,4.91,0.55,1.46,0.91,1.35,1.43,0.87,,,ACACME,5.7,25.50,0.3,1.58,1.28,1.44,1.59,1.36
M1,M115,ACACBR,1.9,2.83,1,2.23,1.23,0.6,0.28,0.23,,,ACACME,6.5,33.17,1.1,3.33,2.23,2.86,6.28,9.33
M1,M115,ACACET,7.4,42.99,1,2.94,1.94,2.29,4.12,5.32,,,ACACME,6,28.26,0.3,3.62,3.32,2.29,4.12,9.11
M1,M115,ACACBR,2,3.14,0.7,1.85,1.15,1.84,2.62,2.01,,,ACACME,8.3,54.08,0.4,3.97,3.57,3,7.02,16.71
M1,M115,ACACBR,1.3,1.33,0.4,1.18,0.78,0.48,0.17,0.09,,,ACACET,9.4,69.36,1.22,4.09,2.87,2.5,4.89,9.35
M1,M115,ACACBR,3.1,7.54,0.4,2.18,1.78,1.38,1.47,1.74,,,ACACME,3.7,10.75,0.8,2.87,2.07,3.1,7.38,10.19
M1,M115,ACACBR,1.7,2.27,0.5,1.82,1.32,0.53,0.22,0.19,,,ACACME,6.5,33.17,0.94,2.89,1.95,2.64,5.47,7.11
M1,M115,ACACBR,1.5,1.77,0.8,1.77,0.97,0.48,0.18,0.11,,,ACACME,4.5,15.90,1.14,3.53,2.39,2.48,4.77,7.6
M1,M115,ACACBR,1.9,2.83,1.4,2.3,0.9,1.54,1.85,1.11,,,ACACME,6.1,29.21,1.2,3.12,1.92,3.43,9.18,11.76
M1,M115,ACACBR,1.8,2.54,0.5,1.67,1.17,0.8,0.49,0.39,,,ACACET,5.9,27.33,0.5,2.61,2.11,3.27,8.39,11.8
M1,M115,ACACBR,3,7.07,0.7,1.9,1.2,2.03,3.2,2.56,,,ACACME,12.1,114.93,1.22,4.18,2.96,4.43,15.33,30.26
M1,M115,ACACBR,1.9,2.83,0.71,2.2,1.49,2.1,3.18,3.16,,,ACACME,8.6,58.06,0.8,2.5,1.7,2.79,6.07,6.88
M1,M115,ACACBR,2.6,5.31,0.75,1.98,1.23,1.82,2.57,2.11,,,ACACET,10.6,88.20,0.9,3.52,2.62,3.87,11.69,20.41
M1,M115,ACACBR,3.9,11.94,0.68,2.33,1.65,1.41,1.53,1.68,,,ACACME,3.5,9.62,0.5,1.8,1.3,2.42,4.49,3.89
M1,M115,ACACET,6.7,35.24,2.4,2.98,0.58,1.84,2.64,1.02,,,ACACTO,3,7.07,0.3,1.22,0.92,2.13,3.33,2.04
M1,M115,ACACBR,3.1,7.54,0.4,1.81,1.41,1.51,1.76,1.65,,,ACACET,7.4,42.99,0.7,3.24,2.54,2.72,5.79,9.8
M1,M115,ACACBR,3,7.07,0.58,1.6,1.02,1.19,1.05,0.71,,,ACACET,1.5,1.77,0.3,1,0.7,1.64,1.97,0.92
M1,M115,ACACBR,2.7,5.72,0.4,1.37,0.97,0.7,0.38,0.24,,,ACACME,5.7,25.50,0.6,2.07,1.47,3.24,8.19,8.02
M1,M115,ACACBR,2.5,4.91,0.72,1.93,1.21,0.83,0.47,0.38,,,ACACME,6.5,33.17,0.8,2.99,2.19,3.13,7.63,11.14
M1,M115,ACACBR,1.8,2.54,0.55,1.1,0.55,0.95,0.71,0.26,,,ACACME,11.6,105.63,0.85,3.65,2.8,3.65,10.42,19.46
M1,M115,ACACBR,3.1,7.54,0.55,1.47,0.92,1.71,2.19,1.35,,,ACACET,7.5,44.16,0.4,2.82,2.42,3.26,8.22,13.27
M1,M115,ACACBR,2.8,6.15,0.75,1.97,1.22,1.98,2.91,2.37,,,ACACET,14.3,160.52,0.79,2.58,1.79,3.16,7.53,8.98
M1,M115,ACACBR,2.3,4.15,0.55,2.3,1.75,0.92,0.59,0.69,,,ACACET,7.6,45.34,0.9,3.01,2.11,3.18,7.93,11.16
M1,M115,ACACBR,1.6,2.01,0.56,1.22,0.66,0.7,0.38,0.17,,,ACACET,7.8,47.76,0.7,3.01,2.31,3,7.04,10.84
M1,M115,ACACBR,2.5,4.91,0.55,2.47,1.92,0.8,0.49,0.63,,,ACACME,8.5,56.72,0.8,2.56,1.76,3.14,7.64,8.96
M1,M115,ACACBR,1.7,2.27,0.5,1.64,1.14,0.73,0.4,0.3,,,ACACME,8,50.24,0.8,4.67,3.87,3.79,11.14,28.73
M1,M115,ACACBR,1.8,2.54,0.42,1.52,1.1,1.01,0.8,0.59,,,ACACME,7.1,39.57,0.7,3.18,2.48,3.17,7.8,12.9
M1,M115,ACACBR,2.9,6.60,0.58,2.14,1.56,1.71,2.26,2.35,,,ACACME,7.5,44.16,0.4,2.57,2.17,2.24,3.78,5.47
M1,M115,ACACBR,1.9,2.83,0.5,1.82,1.32,1.13,0.99,0.87,,,ACACME,5.5,23.75,0.4,2.84,2.44,2.79,6.01,9.77
M1,M115,ACACBR,2.7,5.72,0.48,1.3,0.82,0.8,0.47,0.26,,,ACACME,8.5,56.72,0.5,1.84,1.34,3.04,6.49,5.79
M1,M115,ACACBR,2.7,5.72,0.6,1.97,1.37,1.97,2.98,2.72,,,ACACME,9.7,73.86,0.6,2.83,2.23,3.07,7.21,10.72
M1,M115,ACACBR,3.3,8.55,0.95,1.96,1.01,1.13,0.99,0.67,,,ACACET,14.1,156.07,0.4,3.66,3.26,4.09,12.64,27.47
M1,M115,ACACBR,1.7,2.27,0.72,1.55,0.83,0.26,0.05,0.03,,,ACACME,3,7.07,0.14,1.2,1.06,2.04,3.25,2.29
M1,M115,ACACBR,3.2,8.04,0.5,1.15,0.65,0.6,0.28,0.12,,,ACACME,9.4,69.36,0.77,3.39,2.62,3.8,11.1,19.38
M1,M115,ACACBR,1.7,2.27,0.45,2.1,1.65,0.83,0.49,0.54,,,ACACME,5.7,25.50,0.6,3.41,2.81,3,6.97,13.05
M1,M115,ACACBR,2,3.14,0.2,1.1,0.9,0.4,0.13,0.08,,,ACACME,7.8,47.76,0.7,3.77,3.07,4.15,13.52,27.67
M1,M115,ACACBR,3.1,7.54,0.66,1.1,0.44,0.57,0.25,0.07,,,ACACET,12.1,114.93,1.22,4.47,3.25,4.45,15.45,33.47
M1,M115,ACACME,8.3,54.08,0.68,1.97,1.29,1.83,2.4,2.06,,,ACACME,7.8,47.76,0.52,2.38,1.86,2.94,6.51,8.07
M1,M115,ACACBR,1.5,1.77,0.66,1.47,0.81,0.58,0.25,0.14,,,ACACET,11.6,105.63,0.9,3.78,2.88,2.77,6,11.52
M1,M115,ACACBR,1.5,1.77,0.9,1.63,0.73,0.54,0.23,0.11,,,ACACME,7.9,48.99,0.59,2.43,1.84,2.69,5.6,6.88
M1,M115,ACACBR,2.3,4.15,0.72,1.38,0.66,0.81,0.5,0.22,,,ACACME,6.4,32.15,0.49,2.39,1.9,3.68,10.58,13.4
M1,M115,ACACBR,1.8,2.54,0.62,1.67,1.05,0.57,0.25,0.17,,,ACACME,9.5,70.85,0.5,3.93,3.43,4.05,12.72,29.09
M1,M115,ACACBR,1.5,1.77,0.88,2,1.12,0.88,0.54,0.4,,,ACACET,10.1,80.08,0.7,3.43,2.73,3,6.89,12.54
M1,M115,ACACBR,2.5,4.91,0.98,1.95,0.97,0.81,0.5,0.32,,,ACACME,5.5,23.75,0.66,2.72,2.06,3.25,8.06,11.07
M1,M115,ACACBR,2.5,4.91,0.72,1.61,0.89,0.92,0.65,0.39,,,ACACME,7.5,44.16,0.52,1.84,1.32,1.79,2.36,2.08
M1,M115,ACACBR,2,3.14,0.78,1.52,0.74,0.42,0.13,0.07,,,ACACME,10.1,80.08,0.42,3.43,3.01,4.15,13.52,27.13
M1,M115,ACACBR,2.1,3.46,0.87,2,1.13,0.54,0.22,0.17,,,ACACET,3.7,10.75,0.4,1.5,1.1,2.13,3.56,2.61
M1,M115,ACACBR,2,3.14,0.69,2.24,1.55,0.92,0.66,0.69,,,ACACME,6.6,34.19,0.4,2.4,2,3.39,9.01,12.02
M1,M115,ACACBR,1.8,2.54,0.44,0.92,0.48,0.34,0.09,0.03,,,ACACME,9.4,69.36,0.6,3.86,3.26,3.86,11.7,25.42
M1,M115,ACACBR,2.4,4.52,0.5,1.66,1.16,0.96,0.68,0.53,,,ACACET,1.8,2.54,0.6,1.22,0.62,1.2,1.1,0.45
M1,M115,ACACBR,1.6,2.01,1.08,2.48,1.4,2.76,5.8,5.41,,,ACACME,4.8,18.09,0.4,2.78,2.38,2.51,4.91,7.79
M1,M116,ACACBR,2.2,3.80,0.7,1.58,0.88,0.91,0.64,0.38,,,ACACME,5.1,20.42,0.5,1.93,1.43,2.25,3.96,3.77
M1,M116,ACACBR,4.4,15.20,0.78,2.07,1.29,1.36,1.4,1.2,,,ACACME,9.3,67.89,0.7,3.63,2.93,6,28.21,55.11
M1,M116,ACACBR,2.5,4.91,0.7,1.34,0.64,2.73,5.83,2.49,,,ACACME,7.4,42.99,0.7,3.11,2.41,4.14,13.45,21.61
M1,M116,ACACBR,2.2,3.80,0.7,1.34,0.64,2.73,5.83,2.49,,,ACACME,7.7,46.54,0.5,2.67,2.17,3.73,10.85,15.7
M1,M116,ACACBR,1.4,1.54,0.4,0.8,0.4,0.74,0.42,0.11,,,ACACME,8.3,54.08,1.1,3.27,2.17,4.53,15.93,23.05
M1,M116,ACACBR,2,3.14,0.83,1.25,0.42,0.55,0.19,0.05,,,ACACME,3.6,10.17,0.4,1.63,1.23,1.85,2.67,2.19
M1,M116,ACACET,7.1,39.57,1.2,2.23,1.03,2.23,3.89,2.67,,,ACACME,8.7,59.42,1,3.14,2.14,2.78,6.03,8.61
M1,M116,ACACBR,1.1,0.95,0.56,0.7,0.14,0.35,0.09,0.01,,,ACACME,6.5,33.17,0.7,2.16,1.46,2.45,4.66,4.54
M1,M116,ACACBR,1.9,2.83,0.56,1.25,0.69,0.88,0.59,0.27,,,ACACME,5.6,24.62,0.5,1.81,1.31,1.38,1.48,1.29
M1,M116,ACACBR,3.5,9.62,0.67,1.2,0.53,0.76,0.45,0.16,,,ACACME,2.9,6.60,0.4,1.65,1.25,1.58,1.94,1.61
M1,M116,ACACBR,2.6,5.31,0.75,2.21,1.46,2.34,4.29,4.17,,,ACACME,4.7,17.34,0.6,2.11,1.51,2,3.13,3.15
M1,M116,ACACBR,2.5,4.91,0.3,1.1,0.8,2.77,6,3.2,,,ACACME,3.7,10.75,0.7,1.93,1.23,1.58,1.95,1.6
M1,M116,ACACBR,2.5,4.91,0.62,1.1,0.48,0.99,0.76,0.24,,,ACACME,3.4,9.07,0.5,2.18,1.68,1.53,1.82,2.04
M1,M116,ACACBR,4.5,15.90,1.1,2.17,1.07,1.1,0.85,0.61,,,ACACME,5,19.63,0.5,2.08,1.58,2.23,3.83,4.03
M1,M117,ACACBR,2.9,6.60,0.5,1.05,0.55,1.23,1.18,0.43,,,ACACME,6.9,37.37,0.7,2.84,2.14,2.35,4.33,6.18
M1,M117,ACACBR,3.1,7.54,0.54,1.83,1.29,1.8,2.46,2.12,,,ACACME,10.3,83.28,0.8,4.43,3.63,4.25,14.16,34.27
M1,M117,ACACBR,2.5,4.91,0.3,1.25,0.95,2.33,4.22,2.67,,,ACACET,3.3,8.55,0.3,1.53,1.23,1.93,2.91,2.38
M1,M117,ACACBR,1.7,2.27,0.2,0.7,0.5,0.33,0.08,0.03,,,ACACME,3.5,9.62,0.5,1.22,0.72,3.07,7.2,3.46
M1,M117,ACACBR,2.2,3.80,0.2,0.7,0.5,0.33,0.08,0.03,,,ACACME,6.8,36.30,0.55,2.36,1.81,3.2,7.93,9.56
M1,M117,ACACBR,2.5,4.91,0.4,1.75,1.35,1.86,2.7,2.43,,,ACACET,3.1,7.54,0.73,1.74,1.01,2.05,3.2,2.16
M1,M117,ACACBR,2.5,4.91,0.5,1.72,1.22,1.6,2.01,1.63,,,ACACME,7.3,41.83,0.6,2.69,2.09,3.04,7.23,10.07
M1,M117,ACACBR,2.1,3.46,0.3,0.47,0.17,1.21,1.15,0.13,,,ACACET,4.4,15.20,0.6,1.58,0.98,1.68,2.2,1.44
M1,M117,ACACBR,2.1,3.46,0.49,1.42,0.93,0.68,0.36,0.22,,,ACACME,8,50.24,0.6,2.64,2.04,4.48,15.68,21.33
M1,M117,ACACBR,2.2,3.80,0.9,1.6,0.7,0.97,0.74,0.34,,,ACACME,7.3,41.83,0.7,3.32,2.62,3.25,7.91,13.81
M1,M117,ACACBR,2.5,4.91,1.12,3.06,1.94,1.02,0.79,1.02,,,ACACME,3.5,9.62,0.6,1.77,1.17,2.63,5.39,4.2
M1,M117,ACACBR,3.4,9.07,1.1,2.41,1.31,2.25,3.87,3.38,,,ACACME,7.9,48.99,0.6,2.16,1.56,2.4,4.51,4.69
M1,M117,ACACBR,2.1,3.46,1.22,2.33,1.11,1.5,1.65,1.22,,,ACACME,6.2,30.18,0.7,1.83,1.13,2.43,4.44,3.34
M1,M117,ACACBR,2.1,3.46,1.06,2.12,1.06,1.02,0.82,0.58,,,ACACET,4.9,18.85,0.4,2.28,1.88,2.28,3.95,4.95
M1,M117,ACACBR,4.2,13.85,0.94,1.99,1.05,0.6,0.28,0.19,,,ACACME,3.7,10.75,0.6,1.81,1.21,2.5,4.9,3.95
M1,M117,ACACBR,1,0.79,0.6,1.1,0.5,0.34,0.09,0.03,,,ACACME,4.4,15.20,0.5,2.04,1.54,2.78,6.04,6.2
M1,M117,ACACBR,3,7.07,0.84,1.05,0.21,0.6,0.28,0.04,,,ACACME,4,12.56,0.6,1.76,1.16,3.15,7.79,6.02
M1,M117,ACACBR,1.2,1.13,0.82,1.37,0.55,0.45,0.14,0.05,,,ACACME,6.5,33.17,0.7,2.33,1.63,2.23,3.63,3.94
M1,M117,ACACBR,1.8,2.54,0.92,1.76,0.84,0.95,0.68,0.38,,,ACACME,8.5,56.72,0.77,2.81,2.04,2.63,5.37,7.3
M1,M117,ACACBR,4.3,14.51,0.86,1.73,0.87,1.19,1.08,0.62,,,ACACME,5.5,23.75,1,2.48,1.48,1.75,2.39,2.35
M1,M117,ACACBR,1.6,2.01,1.22,1.49,0.27,0.18,0.02,0,,,ACACME,4.9,18.85,0.6,2.64,2.04,2.13,3.52,4.79
M1,M117,ACACBR,4.5,15.90,0.49,1.15,0.66,1.11,0.97,0.43,,,ACACME,5.9,27.33,0.7,2.74,2.04,2.5,4.84,6.58
M1,M117,ACACBR,4,12.56,0.99,2.21,1.22,1.14,0.87,0.71,,,ACACME,6.7,35.24,0.9,2.93,2.03,2.18,3.71,5.02
M1,M117,ACACBR,2.5,4.91,0.98,2.03,1.05,0.93,0.62,0.44,,,ACACME,4.9,18.85,0.6,2.87,2.27,2.63,5.33,8.06
M1,M117,ACACBR,1.7,2.27,0.68,1.16,0.48,0.67,0.35,0.11,,,ACACME,6.5,33.17,0.7,2.48,1.78,2.88,6.45,7.65
M1,M117,ACACME,7.9,48.99,0.67,1.93,1.26,1.66,2.15,1.81,,,ACACME,5.7,25.50,0.6,1.69,1.09,1.78,2.47,1.79
M1,M117,ACACBR,1.2,1.13,0.48,1.22,0.74,0.61,0.27,0.13,,,ACACME,5,19.63,0.5,2.42,1.92,2.68,5.6,7.17
M1,M117,ACACBR,1.9,2.83,0.77,1.22,0.45,0.49,0.19,0.06,,,ACACME,5.3,22.05,0.95,2.22,1.27,2.38,4.42,3.75
M1,M117,ACACBR,3.4,9.07,1,2.16,1.16,1.11,0.97,0.75,,,ACACME,7.9,48.99,0.7,2.95,2.25,3.28,8.31,12.46
M1,M117,ACACBR,3.5,9.62,1.22,2.21,0.99,0.94,0.68,0.45,,,ACACME,6.5,33.17,0.96,2.93,1.97,2.73,5.82,7.65
M1,M117,ACACBR,2.5,4.91,0.9,1.97,1.07,1.08,0.89,0.64,,,ACACME,5.6,24.62,0.8,2.84,2.04,3.75,11.02,14.99
M1,M117,ACACBR,1.5,1.77,0.3,0.77,0.47,0.66,0.34,0.11,,,ACACME,7.3,41.83,0.8,2.62,1.82,3.35,8.76,10.63
M1,M117,ACACBR,2.8,6.15,0.53,2.23,1.7,1.91,2.85,3.23,,,ACACME,6.9,37.37,0.6,2.71,2.11,3.8,11.1,15.61
M1,M117,ACACBR,2.1,3.46,1.22,3.39,2.17,1.54,1.78,2.58,,,ACACET,11.3,100.24,1.2,3.73,2.53,4.88,18.48,31.17
M1,M117,ACACBR,2.9,6.60,0.73,2.11,1.38,1.01,0.78,0.72,,,ACACME,7.1,39.57,0.8,3.23,2.43,2.98,6.54,10.59
M1,M117,ACACBR,2.9,6.60,0.87,2.03,1.16,1.62,2.06,1.59,,,ACACET,11.4,102.02,0.8,4.14,3.34,4.75,17.71,39.43
M1,M117,ACACBR,2.4,4.52,1.57,3.48,1.91,1.15,1.02,1.3,,,ACACME,8.4,55.39,0.7,3.54,2.84,3.83,11.34,21.48
M1,M117,ACACBR,3.2,8.04,1.8,3.1,1.3,0.88,0.56,0.48,,,ACACME,11.7,107.46,0.7,4.67,3.97,7.35,41.84,110.74
M1,M117,ACACBR,1.7,2.27,1.64,3.32,1.68,0.6,0.28,0.31,,,ACACME,7.7,46.54,0.9,3.62,2.72,4.88,18.35,33.27
M1,M117,ACACET,7.9,48.99,2.43,3.84,1.41,1.92,2.82,2.65,,,ACACET,5.7,25.50,0.9,2.33,1.43,2.56,5.07,4.84
M1,M117,ACACBR,2.2,3.80,1.2,2.23,1.03,1.46,1.67,1.15,,,ACACME,5.7,25.50,1,3.15,2.15,2.75,5.92,8.48
M1,M117,ACACBR,2.3,4.15,0.58,1.5,0.92,0.82,0.52,0.32,,,ACACME,5.7,25.50,1.1,3.43,2.33,4.15,13.52,21
M1,M117,ACACBR,2.6,5.31,0.9,2.22,1.32,1.1,0.95,0.84,,,ACACME,10.1,80.08,0.88,3.62,2.74,5.07,20,36.54
M1,M117,ACACBR,3.5,9.62,0.99,1.88,0.89,1.57,1.93,1.14,,,ACACME,4.7,17.34,0.5,3.18,2.68,2.88,6.48,11.58
M1,M117,ACACBR,3,7.07,0.83,1.94,1.11,1.69,2.23,1.65,,,ACACME,10.7,89.87,0.8,2.78,1.98,3.64,10.39,13.72
M1,M117,ACACBR,2.5,4.91,1.22,2.23,1.01,1.13,0.98,0.66,,,ACACME,7.5,44.16,1,3.03,2.03,2.5,4.89,6.62
M1,M117,ACACBR,4,12.56,0.9,2.08,1.18,1.61,2.03,1.6,,,ACACME,7.9,48.99,0.7,3.94,3.24,3.51,9.67,20.89
M1,M117,ACACBR,2.6,5.31,0.7,1.81,1.11,3.13,7.65,5.66,,,ACACME,3.7,10.75,0.6,2.42,1.82,3.14,7.67,9.31
M1,M117,ACACET,10,78.50,2.23,3.27,1.04,2.34,4.28,2.97,,,ACACET,3.7,10.75,0.3,1.67,1.37,2.09,3.4,3.1
M1,M118,ACACBR,2.7,5.72,0.5,2.04,1.54,1.5,1.77,1.81,,,ACACME,9.5,70.85,0.8,3.25,2.45,2.59,5.26,8.6
M1,M118,ACACBR,2.2,3.80,0.6,1.39,0.79,0.48,0.18,0.09,,,ACACET,1.7,2.27,0.24,0.7,0.46,1.4,1.51,0.46
M1,M118,ACACBR,5.3,22.05,0.4,1,0.6,1.53,1.82,0.73,,,ACACET,1.8,2.54,0.4,1.1,0.7,1.38,1.48,0.69
M1,M118,ACACBR,3.9,11.94,0.7,1.63,0.93,1.26,1.02,0.63,,,ACACET,2.5,4.91,0.3,1.22,0.92,1.87,2.56,1.57
M1,M118,ACACBR,2.9,6.60,0.51,1,0.49,0.77,0.43,0.14,,,ACACET,4.5,15.90,0.7,2.14,1.44,2.33,4.24,4.07
M1,M118,ACACBR,2.9,6.60,0.58,1.25,0.67,0.48,0.17,0.08,,,ACACET,3.5,9.62,1.6,1.66,0.06,2.26,4,0.16
M1,M118,ACACBR,3.2,8.04,0.68,1.22,0.54,0.95,0.68,0.24,,,ACACET,2.7,5.72,0.3,1.93,1.63,1.61,2.02,2.2
M1,M118,ACACBR,3,7.07,0.8,1.77,0.97,1.56,1.89,1.22,,,ACACET,7.4,42.99,0.9,2.71,1.81,2.47,4.77,5.75
M1,M118,ACACBR,3,7.07,0.6,1.7,1.1,0.9,0.6,0.44,,,ACACME,8.1,51.50,0.7,3.89,3.19,5.25,21.59,45.91
M1,M118,ACACBR,3,7.07,0.6,1.46,0.86,0.95,0.65,0.37,,,ACACME,4.5,15.90,0.5,2.37,1.87,2.12,3.5,4.36
M1,M118,ACACBR,2.7,5.72,0.5,2,1.5,1.69,2.09,2.09,,,ACACME,6.7,35.24,0.66,2.09,1.43,3.08,7.41,7.06
M1,M118,ACACBR,3,7.07,0.45,1.16,0.71,0.53,0.22,0.1,,,ACACME,7.7,46.54,0.4,1.61,1.21,2.35,4.24,3.42
M1,M118,ACACBR,2,3.14,0.2,0.96,0.76,1.71,2.05,1.04,,,ACACME,13.4,140.95,0.1,2.06,1.96,2.83,6.21,8.11
M1,M118,ACACBR,2.7,5.72,0.3,1.1,0.8,0.6,0.27,0.15,,,ACACME,4.5,15.90,0.7,2.9,2.2,4.2,13.82,20.26
M1,M118,ACACBR,2.6,5.31,0.68,1.25,0.57,0.6,0.27,0.1,,,ACACET,2.4,4.52,0.2,1.53,1.33,1.95,2.98,2.64
M1,M118,ACACBR,4.2,13.85,0.6,1.52,0.92,0.66,0.33,0.2,,,ACACME,7.3,41.83,0.5,2.97,2.47,3.3,8.42,13.87
M1,M118,ACACBR,2.6,5.31,0.8,1.64,0.84,1.29,1.25,0.7,,,ACACME,12.4,120.70,0.9,4.15,3.25,4.2,13.46,29.17
M1,M118,ACACBR,1.6,2.01,0.34,0.65,0.31,0.35,0.09,0.02,,,ACACET,5.1,20.42,0.4,1,0.6,2.1,3.34,1.33
M1,M118,ACACBR,2.4,4.52,0.3,0.8,0.5,0.57,0.25,0.08,,,ACACME,3.1,7.54,0.3,1.32,1.02,1.75,2.39,1.62
M1,M118,ACACBR,3.3,8.55,0.8,1.74,0.94,1.4,1.41,0.88,,,ACACET,9.1,65.01,1.1,2.77,1.67,2.75,5.93,6.61
M1,M118,ACACBR,3.1,7.54,0.46,0.6,0.14,0.94,0.66,0.06,,,ACACET,6.7,35.24,0.5,2.83,2.33,2.95,6.59,10.24
M1,M118,ACACBR,3.7,10.75,0.68,1.5,0.82,1.23,1.18,0.64,,,ACACET,3.4,9.07,0.5,1.56,1.06,2.5,4.87,3.44
M1,M119,ACACBR,3.7,10.75,0.9,2.48,1.58,2.13,3.51,3.7,,,ACACET,7.1,39.57,0.5,2.43,1.93,2.5,4.89,6.29
M1,M119,ACACBR,2.4,4.52,0.7,1.58,0.88,2.34,3.73,2.19,,,ACACME,8.8,60.79,0.8,3.89,3.09,5.28,21.74,44.79
M1,M119,ACACBR,4.2,13.85,0.54,1.43,0.89,0.3,0.07,0.04,,,ACACME,5.6,24.62,0.7,2.79,2.09,2.2,3.77,5.25
M1,M119,ACACBR,5.6,24.62,1.07,1.52,0.45,0.73,0.37,0.11,,,ACACTO,9.7,73.86,0.58,3.05,2.47,2.58,5.2,8.57
M1,M119,ACACBR,3.4,9.07,1,1.95,0.95,1.49,1.73,1.1,,,ACACTO,6.5,33.17,0.7,2.18,1.48,4.38,14.88,14.69
M1,M119,ACACBR,1.5,1.77,0.55,1.52,0.97,0.44,0.15,0.1,,,ACACET,3.6,10.17,0.4,1.78,1.38,1.55,1.87,1.72
M1,M119,ACACBR,4.6,16.61,1.86,2.59,0.73,1.06,0.86,0.42,,,ACACET,3.6,10.17,0.3,1.28,0.98,1.8,2.42,1.58
M1,M119,ACACBR,3.2,8.04,0.63,2.63,2,0.95,0.71,0.94,,,ACACET,9.4,69.36,1,3.95,2.95,5.45,23.3,45.82
M1,M119,ACACBR,3,7.07,0.27,0.9,0.63,1.03,0.81,0.34,,,ACACME,16.5,213.72,0.6,3.59,2.99,3.15,7.77,15.49
M1,M119,ACACBR,2.3,4.15,0.54,1.56,1.02,0.4,0.13,0.09,,,ACACME,10.1,80.08,1,3.68,2.68,3.73,10.68,19.07
M1,M119,ACACBR,2.4,4.52,0.6,2.28,1.68,1.43,1.59,1.78,,,ACACME,5.5,23.75,0.8,2.31,1.51,2.68,5.62,5.65
M1,M119,ACACBR,5.4,22.89,1.1,2.04,0.94,0.85,0.57,0.35,,,ACACME,9.5,70.85,0.9,3.93,3.03,4.95,19,38.37
M1,M119,ACACBR,4,12.56,1.75,3,1.25,1.61,2.02,1.68,,,ACACME,6.5,33.17,0.5,3.85,3.35,3.3,8.55,19.09
M1,M119,ACACBR,3.9,11.94,1.04,2.04,1,1.2,1.06,0.71,,,ACACME,8,50.24,0.6,4,3.4,3.55,9.8,22.21
M1,M119,ACACBR,5.2,21.23,1.19,3.5,2.31,2.79,6.1,9.4,,,ACACME,8.3,54.08,0.8,3.22,2.42,3.23,8.16,13.16
M1,M119,ACACBR,3.4,9.07,1.62,2.84,1.22,1.6,1.98,1.61,,,ACACME,7.1,39.57,1,1.88,0.88,1.6,1.98,1.16
M1,M119,ACACBR,4,12.56,1.62,2.84,1.22,1.45,1.55,1.26,,,ACACME,6.5,33.17,0.7,2.79,2.09,1.8,2.35,3.27
M1,M119,ACACBR,2.3,4.15,0.8,2.99,2.19,1.67,2.01,2.93,,,ACACME,3.5,9.62,0.5,2.35,1.85,1.38,1.46,1.8
M1,M119,ACACBR,3.4,9.07,0.52,0.98,0.46,1.05,0.87,0.27,,,ACACME,6.2,30.18,0.8,3.42,2.62,2,3.11,5.43
M1,M119,ACACBR,3.6,10.17,0.86,1.44,0.58,0.8,0.5,0.19,,,ACACME,3.8,11.34,0.5,2.7,2.2,2.71,5.63,8.26
M1,M119,ACACBR,2.4,4.52,0.5,0.63,0.13,1.46,1.63,0.14,,,ACACME,6.7,35.24,0.7,3.11,2.41,2.06,3.33,5.35
M1,M119,ACACBR,2.4,4.52,0.5,0.63,0.13,1.46,1.63,0.14,,,ACACME,6.7,35.24,1.1,3.15,2.05,2.45,4.69,6.42
M1,M119,ACACBR,1.8,2.54,1.01,1.62,0.61,0.74,0.43,0.17,,,ACACME,4.5,15.90,0.7,2.65,1.95,2.43,4.62,6
M1,M119,ACACBR,5.6,24.62,1.42,2.83,1.41,1.9,2.73,2.57,,,ACACME,7.5,44.16,0.9,2.76,1.86,2.43,4.61,5.72
M1,M120,ACACME,13.4,140.95,0.6,3.04,2.44,4.93,18.48,30.06,,,ACACME,6.5,33.17,1,2.57,1.57,2.68,5.62,5.88
M1,M120,ACACME,14.5,165.05,1.1,5.18,4.08,6.03,28.02,76.23,,,ACACME,3.6,10.17,0.6,2.35,1.75,2.4,4.49,5.24
M1,M120,ACACBR,2.8,6.15,0.9,1.27,0.37,0.93,0.59,0.15,,,ACACME,7.5,44.16,0.8,2.77,1.97,4.73,17.51,23
M1,M120,ACACBR,1.5,1.77,0.4,0.6,0.2,0.2,0.03,0,,,ACACME,10.5,86.55,0.7,2.48,1.78,3.1,7.42,8.8
M1,M120,ACACME,10.1,80.08,1.1,2.23,1.13,4.33,14.72,11.09,,,ACACME,6.5,33.17,0.65,2.5,1.85,2.23,3.74,4.62
M1,M120,ACACME,8.8,60.79,1.1,2.04,0.94,3.25,8.29,5.19,,,ACACME,7.7,46.54,0.6,2.73,2.13,3.85,11.4,16.19
M1,M120,ACACBR,1.3,1.33,0.06,0.33,0.27,0.1,0.01,0,,,ACACME,4.5,15.90,0.6,2.45,1.85,2.65,5.51,6.8
M1,M121,ACACBR,2.9,6.60,1,3.18,2.18,1.69,2.22,3.23,,,ACACME,11.6,105.63,0.5,3.3,2.8,3.1,7.51,14.02
M1,M121,ACACET,9.4,69.36,1.05,2.9,1.85,3.07,7.4,9.12,,,ACACME,4.7,17.34,0.8,2.04,1.24,3.13,7.61,6.29
M1,M121,ACACET,6.1,29.21,0.9,2.25,1.35,2.66,5.54,4.99,,,ACACME,7.1,39.57,0.4,2.33,1.93,2.33,4.2,5.41
M1,M121,ACACME,5.8,26.41,0.8,2.1,1.3,2.46,4.75,4.11,,,ACACME,8.7,59.42,1.1,3.45,2.35,4.28,14.34,22.47
M1,M121,ACACBR,2.1,3.46,0.75,1.55,0.8,1,0.78,0.42,,,ACACME,6.5,33.17,0.8,2.92,2.12,3.08,7.41,10.47
M1,M121,ACACBR,2.2,3.80,0.55,1.74,1.19,0.98,0.75,0.59,,,ACACME,9.5,70.85,0.9,3.33,2.43,4.83,18.1,29.32
M1,M121,ACACME,9.5,70.85,0.95,3.5,2.55,4.09,11.53,19.6,,,ACACME,5.5,23.75,0.6,2.77,2.17,2.85,6.37,9.22
M1,M121,ACACME,3.7,10.75,1.67,3.3,1.63,2.3,4.13,4.49,,,ACACME,8.5,56.72,0.8,2.29,1.49,4,11.43,11.35
M1,M121,ACACME,10.9,93.27,4.82,7.5,2.68,2.36,2.58,4.61,,,ACACME,11.7,107.46,0.8,3.89,3.09,4.55,16.23,33.44
M1,M121,ACACBR,1.9,2.83,1.77,4.82,3.05,1.1,0.94,1.92,,,ACACME,3.5,9.62,0.8,2.45,1.65,2.2,3.79,4.17
M1,M121,ACACME,8.9,62.18,1,3.53,2.53,4.65,16.92,28.55,,,ACACME,4.3,14.51,0.4,2.57,2.17,3.55,9.8,14.17
M1,M122,ACACBR,4.8,18.09,0.45,0.7,0.25,3.33,8.01,1.33,,,ACACME,3.7,10.75,1.1,2.03,0.93,2.28,4.06,2.52
M1,M122,ACACME,48.2,1823.74,0.5,4,3.5,5.69,23.5,54.84,,,ACACME,7.5,44.16,1.22,4.24,3.02,3.9,11.91,23.98
M1,M122,ACACBR,3.1,7.54,1,3.32,2.32,1.98,2.59,4.01,,,ACACME,4.7,17.34,0.9,2.22,1.32,2.35,4.33,3.81
M1,M122,ACACET,20,314.00,1.2,3.95,2.75,5.49,23.43,42.96,,,ACACME,5.5,23.75,0.8,2.46,1.66,2.3,4.12,4.56
M1,M122,ACACME,5.2,21.23,1.1,2.45,1.35,2.21,3.83,3.45,,,ACACME,4.7,17.34,0.8,2.35,1.55,2.33,4.24,4.38
M1,M122,ACACME,1.8,2.54,0.3,0.55,0.25,5.5,23.55,3.93,,,ACACME,6.7,35.24,0.4,3.52,3.12,4.45,15.53,32.3
M1,M122,ACACME,5.7,25.50,0.8,2.47,1.67,2.65,5.43,6.04,,,ACACME,5.3,22.05,0.9,2.93,2.03,3,6.99,9.47
M1,M122,ACACBR,1.9,2.83,0.6,2.7,2.1,1.12,0.98,1.37,,,ACACME,3,7.07,0.5,1.57,1.07,1.85,2.67,1.9
M1,M122,ACACME,4.2,13.85,0.8,2.68,1.88,2.57,4.76,5.97,,,ACACME,4.7,17.34,0.1,1.93,1.83,2.16,3.64,4.44
M1,M122,ACACME,4.8,18.09,1.2,2.23,1.03,1.27,1.25,0.86,,,ACACME,8.3,54.08,0.4,3.85,3.45,5.11,20.36,46.83
M1,M122,ACACBR,2.5,4.91,0.5,1.44,0.94,1.32,1.35,0.84,,,ACACME,7.7,46.54,0.56,4.18,3.62,6.08,28.74,69.35
M1,M122,ACACME,4.2,13.85,0.8,2.6,1.8,2.11,3.39,4.07,,,ACACME,12.3,118.76,1.1,4.83,3.73,6.14,29.05,72.24
M1,M122,ACACME,5.1,20.42,0.8,2.6,1.8,3.04,7.17,8.6,,,ACACME,8.5,56.72,1,3.37,2.37,4.65,16.53,26.12
M1,M122,ACACME,2.6,5.31,0.7,1.14,0.44,1.29,1.28,0.37,,,ACACME,6.3,31.16,0.7,2.81,2.11,3.41,8.33,11.71
M1,M122,ACACBR,2.6,5.31,0.9,1.9,1,0.9,0.63,0.42,,,ACACME,8.5,56.72,0.9,2.91,2.01,3.68,10.52,14.1
M1,M122,ACACBR,3.4,9.07,0.4,1.83,1.43,0.78,0.45,0.43,,,ACACME,3.5,9.62,0.8,1.9,1.1,2.56,5.03,3.69
M1,M122,ACACBR,2.1,3.46,0.6,1.47,0.87,0.6,0.28,0.16,,,ACACME,10.4,84.91,0.7,2.84,2.14,3.07,6.57,9.37
M1,M122,ACACBR,3.2,8.04,0.7,4.12,3.42,1.63,2.05,4.66,,,ACACME,8.5,56.72,1,2.86,1.86,4.2,13.84,17.16
M1,M122,ACACBR,1.7,2.27,0.65,1.94,1.29,0.85,0.52,0.45,,,ACACME,3.7,10.75,0.8,1.78,0.98,2.3,4.14,2.71
M1,M122,ACACBR,1.4,1.54,1.41,3.08,1.67,1.02,0.81,0.9,,,ACACME,7.6,45.34,0.7,3.18,2.48,3.55,9.66,15.96
M1,M122,ACACBR,1.4,1.54,1.9,2.28,0.38,0.48,0.18,0.04,,,ACACME,7.3,41.83,1,2.45,1.45,2.65,5.46,5.28
M1,M123,ACACBR,1.6,2.01,0.7,1.75,1.05,0.58,0.24,0.16,,,ACACME,7.1,39.57,0.9,3.39,2.49,4.2,13.65,22.66
M1,M123,ACACBR,2,3.14,0.8,2.23,1.43,0.65,0.31,0.3,,,ACACME,6.7,35.24,0.7,3.02,2.32,3.28,8.38,12.96
M1,M123,ACACBR,1.5,1.77,0.9,1.77,0.87,0.38,0.11,0.06,,,ACACME,6.4,32.15,0.9,3.39,2.49,3.36,8.8,14.6
M1,M123,ACACBR,1.5,1.77,1.1,1.8,0.7,0.18,0.02,0.01,,,ACACME,10.3,83.28,0.8,4.58,3.78,3.73,10.88,27.42
M1,M123,ACACBR,1.4,1.54,0.8,2.2,1.4,0.9,0.63,0.59,,,ACACME,8.6,58.06,0.6,3.96,3.36,3.39,8.86,19.85
M1,M123,ACACME,7.2,40.69,1,2.66,1.66,2.73,5.29,5.86,,,ACACME,7.9,48.99,0.9,4.29,3.39,3.42,9.15,20.69
M1,M123,ACACBR,1.9,2.83,1,1.93,0.93,0.7,0.38,0.23,,,ACACME,8.3,54.08,0.7,3.63,2.93,3.8,11.33,22.13
M1,M123,ACACBR,1.9,2.83,1.1,2.01,0.91,0.8,0.45,0.28,,,ACACME,5.7,25.50,0.6,2.67,2.07,1.84,2.63,3.62
M1,M123,ACACBR,2.2,3.80,0.9,2.01,1.11,0.78,0.47,0.35,,,ACACME,9.6,72.35,0.7,3.51,2.81,3.35,8.77,16.43
M1,M123,ACACBR,2.4,4.52,0.85,1.88,1.03,0.75,0.43,0.3,,,ACACME,1.5,1.77,0.13,0.95,0.82,1.3,1.33,0.73
M1,M123,ACACBR,2.2,3.80,0.75,2.27,1.52,0.65,0.33,0.33,,,ACACME,11.5,103.82,0.55,3.35,2.8,4.75,17.71,33.06
M1,M123,ACACBR,2.5,4.91,0.8,1.93,1.13,1.15,0.84,0.63,,,ACACME,4.2,13.85,0.02,2.21,2.19,2.38,4.39,6.4
M1,M123,ACACBR,1.5,1.77,0.75,0.95,0.2,0.15,0.02,0,,,ACACME,7.11,39.68,1.15,3.35,2.2,3.7,10.74,15.75
M1,M123,ACACBR,2.1,3.46,0.95,2.72,1.77,0.53,0.22,0.25,,,ACACME,6.5,33.17,0.05,2.99,2.94,2.86,6.4,12.55
M1,M123,ACACBR,2.9,6.60,1.1,2.31,1.21,0.63,0.28,0.23,,,ACACME,5.3,22.05,0.2,2.24,2.04,2.92,6.66,9.06
M1,M123,ACACBR,2.4,4.52,0.8,2.75,1.95,0.95,0.71,0.92,,,ACACME,7.5,44.16,1.06,3.47,2.41,3.61,10.19,16.38
M1,M123,ACACBR,2.2,3.80,1.15,2.02,0.87,0.43,0.14,0.08,,,ACACME,5.4,22.89,1.05,2.63,1.58,4.01,12.43,13.1
M1,M123,ACACBR,1.3,1.33,0.7,1,0.3,0.38,0.11,0.02,,,ACACME,10.5,86.55,1.1,4,2.9,5.51,23.82,46.06
M1,M123,ACACBR,3.4,9.07,0.9,2.56,1.66,1.33,1.37,1.51,,,ACACME,15,176.63,1.15,5.28,4.13,4.6,16.59,45.69
M1,M123,ACACBR,3.2,8.04,0.8,2.85,2.05,0.68,0.36,0.49,,,ACACME,6.2,30.18,1.2,2.25,1.05,2.61,5.22,3.65
M1,M123,ACACBR,2.6,5.31,0.8,2.6,1.8,1.29,1.31,1.57,,,ACACME,5.2,21.23,1.22,2.41,1.19,3.3,8.52,6.76
M1,M123,ACACBR,2.4,4.52,0.94,1.93,0.99,0.91,0.65,0.43,,,ACACME,7.9,48.99,0.6,3.2,2.6,4.35,14.84,25.72
M1,M123,ACACBR,1,0.79,0.9,1.61,0.71,0.46,0.15,0.07,,,ACACME,2.9,6.60,0.4,1.54,1.14,1.08,0.91,0.69
M1,M123,ACACBR,3,7.07,1.15,3.31,2.16,1.24,1.03,1.49,,,ACACME,5.4,22.89,0.9,2.83,1.93,2.35,4.33,5.57
M1,M123,ACACBR,2.3,4.15,0.94,2.43,1.49,1.19,0.94,0.93,,,ACACME,10.4,84.91,0.8,4,3.2,4.06,12.58,26.84
M1,M123,ACACBR,1.8,2.54,1.15,2.23,1.08,0.7,0.35,0.25,,,ACACME,11.5,103.82,0.74,3.83,3.09,5.41,22.94,47.26
M1,M123,ACACBR,2.6,5.31,1.18,2.3,1.12,0.55,0.19,0.14,,,ACACME,10.5,86.55,1.02,3.44,2.42,3.65,10.44,16.84
M1,M123,ACACBR,1.9,2.83,0.9,2.19,1.29,0.45,0.16,0.14,,,ACACME,5.6,24.62,0.98,3.92,2.94,3.45,8.64,16.92
M1,M123,ACACBR,2.2,3.80,0.7,1.68,0.98,0.67,0.34,0.22,,,ACACME,5.4,22.89,0.9,2.67,1.77,2.9,6.48,7.64
M1,M123,ACACBR,2.4,4.52,0.75,1.88,1.13,1.26,1.23,0.92,,,ACACME,4.5,15.90,0.75,2.41,1.66,2.73,5.85,6.47
M1,M123,ACACBR,1.9,2.83,1.3,2.54,1.24,1.05,0.85,0.71,,,ACACME,4.5,15.90,0.85,2.3,1.45,2.75,5.91,5.71
M1,M123,ACACBR,1.6,2.01,0.7,1.48,0.78,0.35,0.09,0.05,,,ACACME,6.3,31.16,0.7,2.04,1.34,1.58,1.89,1.69
M1,M123,ACACBR,1.9,2.83,1.16,2.38,1.22,0.58,0.24,0.19,,,ACACME,2.6,5.31,0.5,1.55,1.05,1.53,1.83,1.28
M1,M123,ACACBR,2.9,6.60,1.49,3.57,2.08,0.88,0.6,0.84,,,ACACME,4.5,15.90,0.6,2.06,1.46,2.53,5.02,4.89
M1,M123,ACACBR,1.2,1.13,0.5,1.34,0.84,0.4,0.11,0.06,,,ACACME,6.7,35.24,0.7,1.66,0.96,1.63,1.98,1.27
M1,M123,ACACBR,2,3.14,0.7,2.8,2.1,1.05,0.79,1.11,,,ACACME,6.3,31.16,0.8,3.23,2.43,3.41,9.08,14.71
M1,M123,ACACBR,2.7,5.72,0.6,2.25,1.65,1.66,2.15,2.36,,,ACACME,11.3,100.24,0.86,4.12,3.26,6.21,30.03,65.27
M1,M123,ACACBR,2.1,3.46,0.8,2.2,1.4,0.85,0.57,0.53,,,ACACME,8.5,56.72,0.9,2.95,2.05,3.27,8.36,11.43
M1,M123,ACACBR,2.5,4.91,1,2.87,1.87,0.78,0.47,0.58,,,ACACME,4.5,15.90,0.88,2.57,1.69,3.51,9.64,10.87
M1,M123,ACACBR,2.5,4.91,0.8,2.23,1.43,1.53,1.71,1.63,,,ACACME,7.7,46.54,0.9,3.36,2.46,2.88,6.51,10.68
M1,M123,ACACBR,2.5,4.91,1.32,2.32,1,0.93,0.65,0.43,,,ACACME,6,28.26,0.96,3.01,2.05,4.42,15.27,20.88
M1,M123,ACACBR,2.6,5.31,1.2,2.88,1.68,1.21,1.14,1.27,,,ACACME,4.6,16.61,0.77,3.19,2.42,3.69,10.64,17.16
M1,M123,ACACBR,2,3.14,1.41,2.5,1.09,0.48,0.18,0.13,,,ACACME,4.1,13.20,0.6,3.7,3.1,3.65,10.39,21.47
M1,M123,ACACBR,3.3,8.55,1.58,2.66,1.08,0.95,0.66,0.47,,,ACACME,7.4,42.99,0.87,4.68,3.81,3.79,10.95,27.82
M1,M123,ACACBR,2.6,5.31,0.9,1.95,1.05,1,0.71,0.5,,,ACACME,6.1,29.21,1.02,3.75,2.73,2.52,2.18,3.96
M1,M123,ACACBR,2.2,3.80,0.7,2,1.3,0.95,0.71,0.61,,,ACACME,6.3,31.16,1.1,3.54,2.44,0.39,0.05,0.08
M1,M151,ACACME,9.4,69.36,0.85,3.15,2.3,5.4,22.82,34.99,,,ACACME,4.4,15.20,1.22,3.35,2.13,4.3,14.51,20.6
M1,M151,ACACME,6.2,30.18,0.7,2.1,1.4,3.75,10.99,10.26,,,ACACME,6,28.26,0.09,1.1,1.01,3.75,10.91,7.35
M1,M152,ACACME,2.4,4.52,0.4,1.1,0.7,1.05,0.85,0.4,,,ACACME,5.4,22.89,1.07,3.28,2.21,3.08,7.36,10.85
M1,M152,ACACME,9,63.59,0.9,4.4,3.5,7.1,39.07,91.16,,,ACACME,5.1,20.42,1.11,2.58,1.47,3.08,7.36,7.22
M1,M152,ACACME,1.2,1.13,0.25,0.5,0.25,0.5,0.19,0.03,,,ACACME,5.7,25.50,0.8,2.41,1.61,2.25,3.82,4.09
M1,M152,ACACME,15.1,178.99,0.8,2.2,1.4,2.36,4.31,4.02,,,ACACME,6.3,31.16,0.7,2.74,2.04,3.83,11.43,15.54
M1,M153,ACACME,10.4,84.91,0.7,3.05,2.35,6.75,35.76,56.03,,,ACACME,6.8,36.30,0.9,1.79,0.89,2.3,4.12,2.45
M1,M153,ACACME,2.1,3.46,0.5,1.4,0.9,2.06,3.3,1.98,,,ACACME,2.5,4.91,1.22,2.4,1.18,3.72,10.63,8.36
M1,M154,ACACME,2.1,3.46,0.4,0.85,0.45,1.5,1.73,0.52,,,ACACME,5.2,21.23,1.02,2.74,1.72,3.65,9.89,11.34
M1,M154,ACACME,3.8,11.34,0.3,1.3,1,2.06,3.29,2.19,,,ACACME,5.1,20.42,0.5,2.93,2.43,2.67,5.59,9.06
M1,M154,ACACME,8.3,54.08,0.7,2.9,2.2,5.95,27.46,40.27,,,ACACME,6.2,30.18,0.7,3.35,2.65,4.29,13.75,24.3
M1,M155,ACACME,8.1,51.50,0.6,2.56,1.96,4.95,19.23,25.13,,,ACACME,6.8,36.30,0.9,3.15,2.25,4.19,13.64,20.46
M1,M155,ACACME,7.9,48.99,0.5,2.95,2.45,4.65,16.96,27.69,,,ACACME,6.7,35.24,0.9,2.57,1.67,4.62,16.69,18.58
M1,M155,ACACME,9.9,76.94,0.9,2.92,2.02,3.45,9.01,12.14,,,ACACME,5.2,21.23,0.66,2.94,2.28,4.48,15.61,23.73
M1,M157,ACACME,2.8,6.15,0.4,1.25,0.85,2.5,4.9,2.78,,,ACACME,4.7,17.34,0.65,2.5,1.85,2.3,4.14,5.11
M1,M158,ACACME,5.9,27.33,0.45,2.08,1.63,3.7,10.24,11.13,,,ACACME,5.4,22.89,0.8,2.83,2.03,1.95,2.4,3.25
M1,M160,ACACME,3.2,8.04,0.5,0.8,0.3,1.77,2.28,0.46,,,ACACME,7.4,42.99,1.13,2.66,1.53,2.99,7,7.14
M1,M161,ACACME,1.4,1.54,0.3,1,0.7,1.8,2.35,1.1,,,ACACME,4,12.56,0.48,1.68,1.2,1.7,1.97,1.57
M1,M161,ACACME,1.7,2.27,0.3,1,0.7,1.8,2.35,1.1,,,ACACME,2.5,4.91,0.3,1.22,0.92,1.35,1.38,0.85
M1,M164,ACACME,2.4,4.52,0.8,1,0.2,2,3.11,0.41,,,ACACME,2.2,3.80,0.26,1.7,1.44,1.45,1.65,1.58
M1,M166,ACACME,10.1,80.08,0.7,3.75,3.05,4.95,19.19,39.01,,,ACACME,7.4,42.99,0.5,2.48,1.98,3.25,8.13,10.74
M1,M167,ACACME,2.3,4.15,0.3,1.6,1.3,2.5,4.87,4.22,,,ACACME,5.3,22.05,1,3.23,2.23,2.68,5.62,8.35
M1,M169,ACACME,7.3,41.83,0.8,2.18,1.38,4.05,12.86,11.83,,,ACACME,5.3,22.05,1.13,3,1.87,3.44,9.25,11.53
M1,M174,ACACME,2.1,3.46,0.3,1,0.7,2.54,5.04,2.35,,,ACACME,9.5,70.85,0.7,2.8,2.1,4.45,14.84,20.77
M1,M174,ACACME,6.4,32.15,0.6,2.07,1.47,2.7,5.69,5.58,,,ACACME,7.9,48.99,1.22,3.65,2.43,5.5,23.68,38.35
M2,M201,ACACBR,2.7,5.72,0.6,3.25,2.65,1.7,2.24,3.95,,,ACACME,10.3,83.28,1.1,5.56,4.46,5.8,26.34,78.31
M2,M201,ACACBR,1.9,2.83,0.6,3.25,2.65,1.7,2.24,3.95,,,ACACME,7.1,39.57,0.3,1.9,1.6,2.48,4.8,5.12
M2,M201,ACACBR,1.9,2.83,0.6,1.75,1.15,1,0.5,0.39,,,ACACME,26.3,542.98,1.22,5.54,4.32,10.9,93.23,268.52
M2,M201,ACACBR,1.9,2.83,0.6,1.5,0.9,0.55,0.22,0.13,,,ACACME,1.8,2.54,0.4,1.54,1.14,1.93,2.91,2.21
M2,M201,ACACBR,2.1,3.46,0.6,1.85,1.25,1.85,2.67,2.22,,,ACACME,29.3,673.91,1.22,6.01,4.79,6.35,31.65,101.07
M2,M201,ACACBR,1.6,2.01,0.6,1.85,1.25,1.85,2.67,2.22,,,ACACME,10.2,81.67,1.1,3.51,2.41,3.83,11.48,18.45
M2,M201,ACACBR,2.3,4.15,0.6,1.85,1.25,1.85,2.67,2.22,,,ACACME,12.6,124.63,1.09,4.32,3.23,3.38,8.86,19.08
M2,M201,ACACBR,1.7,2.27,0.6,1.85,1.25,1.85,2.67,2.22,,,ACACME,21,346.19,1.5,6.37,4.87,5.48,22.05,71.58
M2,M201,ACACBR,1.1,0.95,0.3,0.8,0.5,0.25,0.05,0.02,,,ACACME,2.5,4.91,0.7,1.94,1.24,2.48,4.8,3.97
M2,M201,ACACBR,3.5,9.62,0.6,2.6,2,1.85,2.67,3.56,,,ACACME,9.1,65.01,0.8,3.05,2.25,4.78,17.89,26.84
M2,M201,ACACBR,2.3,4.15,0.9,1.5,0.6,0.6,0.16,0.06,,,ACACME,13.4,140.95,1.55,4.22,2.67,6.33,31.36,55.83
M2,M201,ACACBR,1.8,2.54,0.55,1.2,0.65,0.65,0.3,0.13,,,ACACME,16.5,213.72,1,3.24,2.24,4.03,12.36,18.46
M2,M201,ACACBR,2.9,6.60,0.7,1.7,1,1.18,0.87,0.58,,,ACACME,9.2,66.44,1.1,3.37,2.27,4.75,17.59,26.61
M2,M201,ACACBR,2.3,4.15,0.5,1.4,0.9,0.95,0.71,0.42,,,ACACME,13.5,143.07,1.22,4.73,3.51,7.23,40.62,95.05
M2,M201,ACACBR,2.7,5.72,1,2.32,1.32,0.9,0.44,0.39,,,ACACME,3.4,9.07,0.6,2.29,1.69,3.48,9.48,10.68
M2,M201,ACACBR,2.3,4.15,1,2,1,0.45,0.16,0.1,,,ACACTO,6.4,32.15,0.8,2.21,1.41,3.78,11.1,10.44
M2,M201,ACACBR,2.7,5.72,0.8,1.85,1.05,1.93,2.91,2.04,,,ACACTO,11.4,102.02,0.7,1.98,1.28,5.18,20.76,17.72
M2,M201,ACACET,13.1,134.71,0.8,2.55,1.75,2.56,5.12,5.98,,,ACACTO,8.1,51.50,1.22,1.94,0.72,3,6.87,3.3
M2,M201,ACACBR,2.6,5.31,0.8,1.5,0.7,1.75,2.4,1.12,,,ACACME,5.1,20.42,1.1,3.26,2.16,3.88,11.7,16.85
M2,M201,ACACBR,2.7,5.72,1.1,2.1,1,1.53,1.77,1.18,,,ACACME,9.1,65.01,1,3.23,2.23,4.38,14.97,22.25
M2,M201,ACACBR,2.4,4.52,0.95,1.9,0.95,1.2,1.12,0.71,,,ACACME,17.5,240.41,0.7,3.24,2.54,5.08,20.21,34.22
M2,M201,ACACBR,4,12.56,0.5,2.9,2.4,1.69,2.23,3.56,,,ACACTO,7.3,41.83,1.2,1.71,0.51,3.38,8.73,2.97
M2,M201,ACACBR,1,0.79,0.6,2.1,1.5,0.25,0.03,0.03,,,ACACTO,3.2,8.04,0.55,1.2,0.65,3.63,9.96,4.32
M2,M201,ACACBR,3.1,7.54,0.65,2.55,1.9,1.6,1.94,2.46,,,ACACET,2.7,5.72,0.4,0.75,0.35,1.48,1.7,0.4
M2,M201,ACACBR,2.5,4.91,0.9,1.85,0.95,1.1,0.94,0.6,,,ACACTO,2.7,5.72,0.3,0.54,0.24,1.8,2.47,0.4
M2,M201,ACACBR,2,3.14,1.15,1.8,0.65,1.9,2.83,1.22,,,ACACTO,7.5,44.16,0.5,1,0.5,1.45,1.62,0.54
M2,M201,ACACBR,2.3,4.15,0.7,1.5,0.8,1.45,1.63,0.87,,,ACACET,15.6,191.04,1.1,3.07,1.97,3.53,9.69,12.73
M2,M201,ACACBR,2.3,4.15,1,1.85,0.85,1.43,1.42,0.8,,,ACACME,16.1,203.48,0.8,3.31,2.51,3.8,11.05,18.5
M2,M201,ACACBR,2.6,5.31,1.3,2.3,1,1.6,1.98,1.32,,,ACACME,10.5,86.55,0.7,2.96,2.26,5.98,27.94,42.1
M2,M201,ACACBR,2.5,4.91,1.2,3.3,2.1,1.2,1.12,1.57,,,ACACME,6.7,35.24,0.44,3.63,3.19,4.69,16.06,34.15
M2,M201,ACACBR,1.8,2.54,0.9,2.5,1.6,0.85,0.55,0.59,,,ACACME,7.9,48.99,0.75,3.7,2.95,5.63,24.4,48
M2,M201,ACACBR,2.5,4.91,0.8,2.4,1.6,0.7,0.38,0.4,,,ACACET,13.6,145.19,1.55,3.33,1.78,4.66,16.45,19.52
M2,M201,ACACBR,1.5,1.77,0.9,2.3,1.4,0.45,0.16,0.15,,,ACACME,9.5,70.85,1.1,4.26,3.16,5.47,22.76,47.95
M2,M201,ACACBR,2.1,3.46,0.7,2.4,1.7,1.1,0.94,1.07,,,ACACME,7.6,45.34,1,3.27,2.27,4.53,16.05,24.29
M2,M201,ACACBR,1.5,1.77,0.8,2.1,1.3,3.01,6.13,5.31,,,ACACME,6.2,30.18,0.9,3.11,2.21,2.73,5.81,8.55
M2,M201,ACACBR,2.3,4.15,0.8,2.1,1.3,3.01,6.13,5.31,,,ACACET,12.1,114.93,0.8,3.28,2.48,3,7.06,11.67
M2,M201,ACACBR,1,0.79,0.8,2.1,1.3,3.01,6.13,5.31,,,ACACET,11.7,107.46,1.22,3.54,2.32,4.3,14.5,22.42
M2,M201,ACACBR,1.8,2.54,0.8,2.1,1.3,3.01,6.13,5.31,,,ACACME,9.3,67.89,0.8,3.24,2.44,4,12.54,20.4
M2,M201,ACACBR,2,3.14,0.8,2.1,1.3,3.01,6.13,5.31,,,ACACME,12.3,118.76,0.7,4.13,3.43,5.78,25.92,59.27
M2,M201,ACACBR,1.3,1.33,0.8,2.1,1.3,3.01,6.13,5.31,,,ACACTO,11.1,96.72,1,2.47,1.47,3.45,9.33,9.14
M2,M201,ACACBR,1.1,0.95,0.8,2.1,1.3,3.01,6.13,5.31,,,ACACME,7.5,44.16,1.03,2.24,1.21,2.17,3.68,2.97
M2,M201,ACACBR,1.8,2.54,0.8,2.1,1.3,3.01,6.13,5.31,,,ACACME,9.3,67.89,1.22,3.22,2,2.35,4.21,5.61
M2,M201,ACACBR,2.8,6.15,0.8,2.1,1.3,3.01,6.13,5.31,,,ACACET,12.4,120.70,1.1,2.85,1.75,1.63,2.07,2.42
M2,M201,ACACBR,2.7,5.72,0.7,1.8,1.1,0.75,0.44,0.32,,,ACACME,8,50.24,1.2,4.13,2.93,2.75,5.7,11.13
M2,M201,ACACBR,2.6,5.31,0.5,1.6,1.1,0.75,0.35,0.25,,,ACACME,7.1,39.57,0.8,4.35,3.55,3.48,9.4,22.24
M2,M201,ACACBR,1.2,1.13,0.5,1.6,1.1,0.75,0.35,0.25,,,ACACME,9.7,73.86,1.1,2.62,1.52,2.6,5.31,5.38
M2,M202,ACACBR,1.5,1.77,0.6,1,0.4,0.5,0.19,0.05,,,ACACME,6.1,29.21,1.2,3.36,2.16,2.68,5.6,8.07
M2,M202,ACACBR,1.9,2.83,0.7,1.4,0.7,0.7,0.38,0.18,,,ACACME,2.2,3.80,0.4,3.05,2.65,2.18,3.57,6.31
M2,M202,ACACBR,1.8,2.54,1.3,2.7,1.4,0.55,0.24,0.22,,,ACACME,5.3,22.05,0.48,3.49,3.01,2.48,4.75,9.53
M2,M202,ACACBR,2,3.14,0.8,1.6,0.8,1.05,0.86,0.46,,,ACACME,7.1,39.57,0.6,2.89,2.29,3.18,7.87,12.02
M2,M202,ACACBR,1.5,1.77,0.8,1.6,0.8,1.05,0.86,0.46,,,ACACME,8.1,51.50,0.58,2.27,1.69,2.7,5.7,6.43
M2,M202,ACACBR,1.5,1.77,0.3,1.1,0.8,0.3,0.06,0.03,,,ACACME,5.4,22.89,1,2.95,1.95,2.78,6.04,7.86
M2,M202,ACACBR,2,3.14,0.6,1.8,1.2,0.75,0.35,0.28,,,ACACME,7.4,42.99,1.07,2.85,1.78,2.78,5.96,7.07
M2,M202,ACACBR,1.3,1.33,0.5,1.4,0.9,0.35,0.08,0.05,,,ACACME,4.1,13.20,1.18,3.32,2.14,2.65,5.51,7.86
M2,M202,ACACBR,1.1,0.95,0.6,1.1,0.5,0.2,0.03,0.01,,,ACACME,4.1,13.20,0.8,2.99,2.19,2.68,5.62,8.2
M2,M202,ACACBR,1.7,2.27,0.7,1.8,1.1,0.65,0.31,0.23,,,ACACET,7.8,47.76,1.21,3.51,2.3,2.5,4.86,7.45
M2,M202,ACACBR,1.2,1.13,0.7,1.8,1.1,0.65,0.31,0.23,,,ACACME,5.1,20.42,1.14,3.25,2.11,2.15,3.63,5.1
M2,M202,ACACBR,1.3,1.33,0.3,1.8,1.5,0.35,0.09,0.09,,,ACACME,8.6,58.06,1.2,3.15,1.95,3.18,7.77,10.1
M2,M202,ACACBR,1.4,1.54,0.3,1.8,1.5,0.35,0.09,0.09,,,ACACME,5.5,23.75,1.12,3.04,1.92,2.75,5.93,7.6
M2,M202,ACACET,20.6,333.12,0.3,1.8,1.5,0.35,0.09,0.09,,,ACACME,7.5,44.16,1.07,3.51,2.44,3.03,7.18,11.68
M2,M202,ACACBR,2.5,4.91,0.8,1.4,0.6,0.9,0.57,0.23,,,ACACME,6.3,31.16,0.82,3.54,2.72,3.83,11.37,20.63
M2,M202,ACACBR,1.3,1.33,0.8,1.1,0.3,0.15,0.02,0,,,ACACET,8.5,56.72,1.1,3.93,2.83,3.38,8.94,16.86
M2,M202,ACACBR,1.5,1.77,0.6,1.5,0.9,0.9,0.6,0.36,,,ACACME,4.4,15.20,1.12,3.89,2.77,4.03,12.69,23.44
M2,M202,ACACBR,2.3,4.15,0.1,0.6,0.5,0.45,0.16,0.05,,,ACACME,5.9,27.33,0.6,2.4,1.8,3.13,7.49,8.99
M2,M202,ACACBR,1.6,2.01,0.55,1.8,1.25,0.65,0.31,0.26,,,ACACME,7.2,40.69,1.22,3.48,2.26,3.28,8.31,12.52
M2,M202,ACACBR,2,3.14,0.2,1.8,1.6,0.5,0.16,0.18,,,ACACME,5.6,24.62,0.65,3.42,2.77,3.38,8.94,16.5
M2,M202,ACACBR,1.6,2.01,0.5,1.2,0.7,0.3,0.07,0.03,,,ACACME,5.6,24.62,1.08,3.74,2.66,4.08,12.95,22.97
M2,M202,ACACBR,2.7,5.72,0.45,1.8,1.35,0.53,0.22,0.19,,,ACACME,5.4,22.89,0.9,3.31,2.41,2.65,5.5,8.83
M2,M202,ACACBR,2.1,3.46,0.9,3.1,2.2,0.53,0.22,0.32,,,ACACME,4.5,15.90,0.4,3.52,3.12,2.08,3.34,6.95
M2,M202,ACACET,10.1,80.08,1.4,3.1,1.7,4,12.49,14.15,,,ACACME,4,12.56,0.8,4.09,3.29,3.93,12.01,26.34
M2,M202,ACACET,8.4,55.39,1.4,3.1,1.7,4,12.49,14.15,,,ACACME,6.7,35.24,0.45,2.88,2.43,3.03,7.17,11.62
M2,M202,ACACBR,1.7,2.27,0.5,0.95,0.45,0.4,0.12,0.04,,,ACACME,6.2,30.18,0.9,2.6,1.7,2.43,4.59,5.2
M2,M202,ACACBR,3.2,8.04,0.8,1.8,1,0.5,0.13,0.08,,,ACACME,8.6,58.06,1.16,3.1,1.94,3.03,7.18,9.28
M2,M202,ACACBR,2,3.14,0.6,1.2,0.6,0.55,0.24,0.09,,,ACACET,6.5,33.17,0.9,3.49,2.59,3.4,9,15.55
M2,M202,ACACBR,2.2,3.80,0.6,1.3,0.7,0.7,0.38,0.18,,,ACACME,3.7,10.75,0.68,2.86,2.18,3.03,7.18,10.43
M2,M202,ACACBR,1.6,2.01,0.8,1.9,1.1,0.85,0.57,0.41,,,ACACME,5.5,23.75,1.05,3.39,2.34,2.45,4.71,7.35
M2,M202,ACACBR,1.5,1.77,0.5,1.1,0.6,0.45,0.14,0.06,,,ACACME,5.1,20.42,0.5,2.91,2.41,2.95,6.78,10.9
M2,M202,ACACBR,1.8,2.54,0.4,1.2,0.8,0.75,0.42,0.23,,,ACACME,6.2,30.18,1.22,3.7,2.48,3.4,9.04,14.95
M2,M202,ACACET,16.6,216.31,4.5,5.6,1.1,4.96,19.27,14.13,,,ACACME,9.9,76.94,0.81,3.13,2.32,3.45,9.25,14.3
M2,M202,ACACBR,2.4,4.52,0.6,1.9,1.3,1.3,0.94,0.82,,,ACACME,7.8,47.76,1.22,3.54,2.32,3.65,10.41,16.1
M2,M202,ACACBR,3,7.07,0.6,1.9,1.3,1.3,0.94,0.82,,,ACACME,8.2,52.78,0.4,3.45,3.05,3.45,9.11,18.52
M2,M202,ACACBR,2.3,4.15,0.5,1.2,0.7,0.6,0.27,0.13,,,ACACME,5.1,20.42,0.28,1.87,1.59,1.85,2.64,2.8
M2,M202,ACACBR,1.7,2.27,0.6,1.4,0.8,0.75,0.42,0.23,,,ACACME,5.4,22.89,0.8,1.86,1.06,1.6,2,1.41
M2,M202,ACACBR,1.6,2.01,0.45,0.65,0.2,0.23,0.03,0,,,ACACME,7.3,41.83,0.3,2.67,2.37,2.6,5.2,8.21
M2,M202,ACACET,19.6,301.57,0.6,3.8,3.2,4.35,14.62,31.18,,,ACACME,7.9,48.99,0.7,2.97,2.27,2.22,3.85,5.82
M2,M202,ACACBR,1.5,1.77,0.5,0.75,0.25,2.15,1.74,0.29,,,ACACME,5.9,27.33,1.22,3.1,1.88,4.18,12.51,15.67
M2,M202,ACACBR,2.5,4.91,0.7,1.78,1.08,0.6,0.25,0.18,,,ACACME,8.2,52.78,0.75,2.13,1.38,2.55,5.09,4.68
M2,M202,ACACBR,2.3,4.15,0.65,1.3,0.65,0.6,0.28,0.12,,,ACACME,6,28.26,0.4,2.48,2.08,3.85,11.54,16
M2,M202,ACACET,30.5,730.25,1.92,6.33,4.41,6.75,35.76,105.15,,,ACACME,7.1,39.57,0.7,3.18,2.48,3.8,11.14,18.42
M2,M202,ACACBR,1.6,2.01,0.3,0.6,0.3,0.5,0.19,0.04,,,ACACME,11.1,96.72,1.17,3.62,2.45,3.18,7.91,12.92
M2,M202,ACACBR,2,3.14,0.6,1.2,0.6,0.55,0.22,0.09,,,ACACME,6.5,33.17,0.55,2.46,1.91,2.4,4.51,5.75
M2,M202,ACACBR,1.5,1.77,0.4,1.1,0.7,0.3,0.06,0.03,,,ACACME,6.2,30.18,0.4,2.83,2.43,2.25,3.96,6.41
M2,M202,ACACBR,1.5,1.77,0.5,1.4,0.9,0.6,0.28,0.17,,,ACACME,7.9,48.99,1.2,3.32,2.12,2.23,3.87,5.48
M2,M202,ACACBR,1.4,1.54,0.6,1.6,1,0.7,0.38,0.25,,,ACACME,6.6,34.19,0.66,2.61,1.95,2.65,5.4,7.02
M2,M202,ACACBR,1.5,1.77,0.6,1.6,1,0.7,0.38,0.25,,,ACACME,10.2,81.67,0.8,4.64,3.84,3.09,7.48,19.14
M2,M202,ACACBR,2.3,4.15,0.7,2,1.3,0.7,0.38,0.33,,,ACACME,6.5,33.17,1,4.22,3.22,3.18,7.8,16.74
M2,M202,ACACBR,2.2,3.80,0.8,1.5,0.7,0.8,0.49,0.23,,,ACACME,7.1,39.57,0.7,3.53,2.83,2.68,5.61,10.59
M2,M202,ACACBR,2.4,4.52,0.6,2,1.4,1.2,1.1,1.03,,,ACACME,8.6,58.06,0.7,3.2,2.5,3.35,8.8,14.67
M2,M202,ACACBR,2.2,3.80,0.7,1.9,1.2,1.25,1.22,0.98,,,ACACME,6.1,29.21,0.7,3.02,2.32,2.65,5.51,8.52
M2,M202,ACACBR,1.7,2.27,0.6,1.2,0.6,0.4,0.09,0.04,,,ACACME,3.6,10.17,0.5,3.63,3.13,3.75,10.94,22.83
M2,M202,ACACBR,1.5,1.77,0.5,1.4,0.9,0.4,0.13,0.08,,,ACACME,5.6,24.62,0.9,3.69,2.79,3.98,12.29,22.87
M2,M202,ACACBR,1.5,1.77,0.2,1.8,1.6,0.2,0.02,0.03,,,ACACME,9.1,65.01,1.1,3.15,2.05,3.28,8.4,11.47
M2,M202,ACACBR,1.8,2.54,0.6,1.4,0.8,0.75,0.42,0.23,,,ACACME,4,12.56,0.9,3.9,3,3.63,10.3,20.61
M2,M202,ACACBR,2.9,6.60,0.6,1.35,0.75,0.8,0.49,0.25,,,ACACME,5.5,23.75,1.1,3.93,2.83,3.48,9.47,17.88
M2,M202,ACACET,2.4,4.52,1.05,1.59,0.54,0.9,0.57,0.2,,,ACACME,6.1,29.21,1.22,3.28,2.06,2.5,4.78,6.57
M2,M202,ACACBR,1.3,1.33,0.9,1.5,0.6,0.2,0.02,0.01,,,ACACET,9.2,66.44,0.57,3.44,2.87,3.03,7.18,13.74
M2,M202,ACACBR,2.4,4.52,0.55,1.35,0.8,0.48,0.16,0.09,,,ACACME,4.4,15.20,1.05,3.82,2.77,3.2,7.97,14.71
M2,M202,ACACET,6.4,32.15,0.7,1.3,0.6,1.48,1.6,0.64,,,ACACME,10,78.50,0.7,4.54,3.84,4.03,12.71,32.53
M2,M202,ACACBR,1.6,2.01,0.4,1.2,0.8,0.33,0.08,0.04,,,ACACME,8.3,54.08,1,3.43,2.43,4.23,14,22.68
M2,M203,ACACET,1.9,2.83,0.4,2.3,1.9,0.13,0.01,0.01,,,ACACET,8.1,51.50,0.7,2.47,1.77,2.23,3.8,4.49
M2,M203,ACACBR,2.9,6.60,0.6,1.35,0.75,0.8,0.49,0.25,,,ACACME,8.4,55.39,0.9,3.65,2.75,3.83,11.23,20.58
M2,M203,ACACET,3.9,11.94,0.6,2.2,1.6,0.65,0.33,0.35,,,ACACME,7,38.47,0.7,3.31,2.61,4.73,17.31,30.12
M2,M203,ACACET,5.6,24.62,1.3,4.53,3.23,2.7,5.6,12.05,,,ACACET,4.3,14.51,0.6,2.13,1.53,1.98,3.05,3.11
M2,M203,ACACET,2.2,3.80,1.3,4.53,3.23,2.7,5.6,12.05,,,ACACET,6.3,31.16,0.7,3.3,2.6,2.33,4.22,7.31
M2,M203,ACACET,6.7,35.24,1.3,4.53,3.23,2.7,5.6,12.05,,,ACACME,4.4,15.20,0.8,2.36,1.56,3.28,8.42,8.76
M2,M203,ACACET,5.6,24.62,1.3,4.53,3.23,2.7,5.6,12.05,,,ACACME,8.1,51.50,0.9,2.95,2.05,3.73,10.89,14.88
M2,M203,ACACET,2.3,4.15,1.3,4.53,3.23,2.7,5.6,12.05,,,ACACME,4.7,17.34,1,3.01,2.01,3,7.02,9.4
M2,M203,ACACET,8.4,55.39,1.3,4.2,2.9,3.05,7.3,14.12,,,ACACME,10.1,80.08,1.1,4.08,2.98,3.43,9.17,18.22
M2,M203,ACACET,3.8,11.34,1.3,4.2,2.9,3.05,7.3,14.12,,,ACACME,7,38.47,0.68,3.28,2.6,2.95,6.78,11.76
M2,M203,ACACET,8.2,52.78,1.3,4.2,2.9,3.05,7.3,14.12,,,ACACME,7.9,48.99,0.9,4.09,3.19,4.03,12.71,27.02
M2,M203,ACACET,7.6,45.34,1.15,3.95,2.8,2.1,3.27,6.1,,,ACACME,8.5,56.72,0.63,2.93,2.3,4,12.55,19.25
M2,M203,ACACET,3.2,8.04,1.15,3.95,2.8,2.1,3.27,6.1,,,ACACET,6.3,31.16,0.5,2.18,1.68,1.7,2.24,2.51
M2,M203,ACACET,5,19.63,1.15,3.95,2.8,2.1,3.27,6.1,,,ACACME,9.3,67.89,0.8,2.62,1.82,2.27,4.01,4.86
M2,M203,ACACET,3.6,10.17,1.15,3.95,2.8,2.1,3.27,6.1,,,ACACET,10.5,86.55,0.9,0.98,0.08,3.71,10.77,0.57
M2,M203,ACACET,5.9,27.33,0.5,1.2,0.7,1.7,2.24,1.04,,,ACACET,15.7,193.49,0.8,3.32,2.52,3.36,8.86,14.89
M2,M203,ACACET,11.6,105.63,1.15,3.75,2.6,3.24,8.2,14.22,,,ACACET,11.5,103.82,0.8,2.48,1.68,3.23,7.79,8.72
M2,M203,ACACET,12.6,124.63,1.65,3.7,2.05,3.59,10.05,13.74,,,ACACET,3.7,10.75,0.7,3.54,2.84,3.39,8.98,17
M2,M203,ACACET,6.8,36.30,1.65,3.7,2.05,3.59,10.05,13.74,,,ACACET,6.1,29.21,0.6,2.24,1.64,3.69,10.66,11.65
M2,M203,ACACET,4.9,18.85,1.9,3.94,2.04,4.25,13.94,18.96,,,ACACET,13.5,143.07,0.7,3.13,2.43,3.98,12.38,20.05
M2,M203,ACACET,3,7.07,1.9,3.94,2.04,4.25,13.94,18.96,,,ACACTO,10.5,86.55,0.9,3.46,2.56,3.51,9.61,16.4
M2,M203,ACACET,10.6,88.20,1.9,3.94,2.04,4.25,13.94,18.96,,,ACACME,16.53,214.49,0.64,3.37,2.73,4.61,16.15,29.39
M2,M203,ACACET,2.1,3.46,0.8,2.1,1.3,1.55,1.88,1.63,,,ACACME,5.7,25.50,0.54,3.26,2.72,3.13,7.66,13.89
M2,M203,ACACET,1.5,1.77,0.8,2.1,1.3,1.55,1.88,1.63,,,ACACME,10.5,86.55,0.8,3.52,2.72,2.61,5.32,9.64
M2,M203,ACACET,8,50.24,1.3,2.55,1.25,1.95,2.75,2.29,,,ACACME,8.7,59.42,0.85,3.26,2.41,4.35,14.84,23.84
M2,M203,ACACET,7,38.47,1.4,3.1,1.7,3.46,9.31,10.55,,,ACACET,8.6,58.06,0.5,3.16,2.66,3.67,10.45,18.53
M2,M203,ACACET,5.6,24.62,1.4,3.1,1.7,3.46,9.31,10.55,,,ACACET,7.5,44.16,1.15,3.67,2.52,4.1,13.07,21.96
M2,M203,ACACBR,2.3,4.15,0.6,1.15,0.55,0.55,0.23,0.08,,,ACACET,8.4,55.39,0.84,3.05,2.21,3.06,7.25,10.69
M2,M203,ACACET,12.4,120.70,1.15,3.1,1.95,1.75,2.4,3.12,,,ACACME,9.3,67.89,0.7,4.08,3.38,4.75,17.62,39.69
M2,M203,ACACET,6.2,30.18,2,4.82,2.82,4.55,16.23,30.52,,,ACACME,6,28.26,0.6,2.73,2.13,3.33,8.67,12.31
M2,M203,ACACET,7,38.47,2,4.82,2.82,4.55,16.23,30.52,,,ACACME,7,38.47,0.4,3.21,2.81,2.98,6.86,12.85
M2,M203,ACACET,7.9,48.99,2,4.82,2.82,4.55,16.23,30.52,,,ACACET,10.7,89.87,1.1,3.54,2.44,3.53,9.45,15.37
M2,M203,ACACET,4.7,17.34,2,4.82,2.82,4.55,16.23,30.52,,,ACACME,5.1,20.42,0.9,3.76,2.86,3.38,8.97,17.1
M2,M203,ACACET,2.3,4.15,2,4.82,2.82,4.55,16.23,30.52,,,ACACME,7.5,44.16,1,3.85,2.85,3.03,7.16,13.6
M2,M203,ACACBR,2.2,3.80,0.6,1.67,1.07,0.7,0.37,0.26,,,ACACME,6.7,35.24,0.95,3.63,2.68,3.13,7.66,13.69
M2,M203,ACACET,2.4,4.52,0.9,1.72,0.82,0.63,0.3,0.17,,,ACACME,6,28.26,1.06,4.02,2.96,2.68,5.61,11.08
M2,M203,ACACBR,2.5,4.91,0.45,1.5,1.05,0.55,0.24,0.16,,,ACACME,5.9,27.33,0.8,2.93,2.13,2.4,4.5,6.4
M2,M203,ACACET,10,78.50,1.7,3.7,2,2.63,5.35,7.13,,,ACACME,8.7,59.42,1,2.84,1.84,3,7.05,8.64
M2,M203,ACACET,16.6,216.31,1.75,4.9,3.15,4.81,18.14,38.1,,,ACACME,5.1,20.42,0.4,3.15,2.75,NA,NA,NA
M2,M203,ACACET,7.9,48.99,1.75,4.9,3.15,4.81,18.14,38.1,,,ACACME,5,19.63,0.7,3.23,2.53,2.3,4.13,6.97
M2,M203,ACACBR,3.7,10.75,0.8,2,1.2,1.15,1.04,0.83,,,ACACME,6.2,30.18,0.75,2.86,2.11,2.8,6.15,8.65
M2,M203,ACACBR,1.5,1.77,0.7,1.3,0.6,0.23,0.04,0.01,,,ACACME,6,28.26,0.5,3.4,2.9,2.38,4.42,8.54
M2,M203,ACACBR,2.8,6.15,0.4,1.15,0.75,0.28,0.05,0.03,,,ACACET,10,78.50,0.6,3.49,2.89,2.88,6.48,12.49
M2,M203,ACACBR,2.3,4.15,0.4,1.2,0.8,0.38,0.1,0.05,,,ACACME,9.5,70.85,0.9,3.69,2.79,3.23,8.15,15.16
M2,M203,ACACET,16.5,213.72,0.6,3.3,2.7,3.25,8.21,14.78,,,ACACME,6.3,31.16,0.8,3.34,2.54,3.25,8.1,13.71
M2,M203,ACACET,19.9,310.87,2.24,5.51,3.27,4.94,19.16,41.76,,,ACACME,7.2,40.69,0.4,2.97,2.57,3.18,7.87,13.49
M2,M203,ACACET,4.3,14.51,1.67,4.05,2.38,2.52,4.94,7.84,,,ACACME,8.5,56.72,1.05,4.8,3.75,3.28,8.4,20.99
M2,M203,ACACET,5.9,27.33,1.67,4.05,2.38,2.52,4.94,7.84,,,ACACME,7.7,46.54,0.6,3.2,2.6,3.38,8.88,15.4
M2,M203,ACACET,6.3,31.16,1.6,4.35,2.75,7.68,46.16,84.62,,,ACACME,8.5,56.72,0.8,2.5,1.7,3.37,8.74,9.91
M2,M203,ACACET,3.8,11.34,1.6,4.35,2.75,7.68,46.16,84.62,,,ACACET,6.5,33.17,0.4,2.43,2.03,2.15,3.58,4.84
M2,M203,ACACET,5.9,27.33,1.6,4.35,2.75,7.68,46.16,84.62,,,ACACME,5.7,25.50,0.4,2.72,2.32,2.28,4.06,6.28
M2,M203,ACACET,6.6,34.19,1.6,4.35,2.75,7.68,46.16,84.62,,,ACACME,7,38.47,0.45,3.01,2.56,3.43,8.46,14.44
M2,M203,ACACET,9.3,67.89,1.6,4.35,2.75,7.68,46.16,84.62,,,ACACME,5.7,25.50,0.5,3.27,2.77,3,6.7,12.38
M2,M203,ACACET,16,200.96,1.6,4.35,2.75,7.68,46.16,84.62,,,ACACME,3.5,9.62,0.45,2.43,1.98,2.3,4.08,5.39
M2,M203,ACACET,2.4,4.52,1.65,5.3,3.65,6.19,29.3,71.29,,,ACACME,5.5,23.75,0.4,3.21,2.81,2.43,4.58,8.57
M2,M203,ACACET,9.7,73.86,1.65,5.3,3.65,6.19,29.3,71.29,,,ACACME,7.1,39.57,0.75,3.48,2.73,2.77,6,10.93
M2,M203,ACACET,11.8,109.30,1.65,5.3,3.65,6.19,29.3,71.29,,,ACACME,5.6,24.62,0.6,3.54,2.94,1.93,1.64,3.21
M2,M203,ACACET,10.7,89.87,1.65,5.3,3.65,6.19,29.3,71.29,,,ACACME,5.7,25.50,0.8,3.73,2.93,2.68,5.62,10.97
M2,M203,ACACET,9.4,69.36,1.65,5.3,3.65,6.19,29.3,71.29,,,ACACME,6.43,32.46,0.95,3.52,2.57,3.18,7.83,13.42
M2,M203,ACACET,5.6,24.62,1.65,5.3,3.65,6.19,29.3,71.29,,,ACACME,7.2,40.69,0.4,2.83,2.43,2.85,6.33,10.25
M2,M203,ACACET,2.5,4.91,0.7,1.64,0.94,0.83,0.52,0.33,,,ACACME,6.7,35.24,2.43,2.83,0.4,4.41,15.11,4.03
M2,M203,ACACBR,2.8,6.15,0.7,1.25,0.55,0.7,0.31,0.12,,,ACACME,10.03,78.97,1,3.73,2.73,4.32,14.59,26.55
M2,M203,ACACET,2.4,4.52,1.15,4.14,2.99,4.35,14.62,29.14,,,ACACME,7.5,44.16,1.22,4.29,3.07,3.11,7.29,14.92
M2,M203,ACACET,2.8,6.15,1.15,4.14,2.99,4.35,14.62,29.14,,,ACACME,9.14,65.58,0.8,3.04,2.24,3.25,8.29,12.38
M2,M203,ACACET,2.3,4.15,1.15,4.14,2.99,4.35,14.62,29.14,,,ACACME,7.4,42.99,0.7,2.87,2.17,4.63,16.73,24.21
M2,M203,ACACBR,1.5,1.77,1.15,4.14,2.99,4.35,14.62,29.14,,,ACACET,13.2,136.78,2.57,9,6.43,2.58,5.18,22.21
M2,M203,ACACET,14,153.86,1.15,4.14,2.99,4.35,14.62,29.14,,,ACACET,10.4,84.91,0.5,3.68,3.18,5.43,23.09,48.95
M2,M203,ACACET,2.4,4.52,1.15,4.14,2.99,4.35,14.62,29.14,,,ACACET,7.1,39.57,0.7,3.21,2.51,3.1,7.47,12.51
M2,M203,ACACET,4.6,16.61,1.15,4.14,2.99,4.35,14.62,29.14,,,ACACET,8.3,54.08,0.7,3.34,2.64,2.5,4.84,8.51
M2,M203,ACACET,1,0.79,1.15,4.14,2.99,4.35,14.62,29.14,,,ACACET,10.7,89.87,0.88,2.67,1.79,2.43,4.53,5.41
M2,M203,ACACET,5.7,25.50,1.15,4.14,2.99,4.35,14.62,29.14,,,ACACET,6.2,30.18,0.8,3.13,2.33,3.2,7.99,12.41
M2,M203,ACACET,6.2,30.18,1.15,3.6,2.45,2.7,5.69,9.3,,,ACACET,9.5,70.85,0.6,2.67,2.07,3.48,9.47,13.06
M2,M203,ACACET,4.7,17.34,1.15,3.6,2.45,2.7,5.69,9.3,,,ACACME,10.4,84.91,1.22,3.34,2.12,3.68,10.6,14.98
M2,M203,ACACET,8.5,56.72,1.1,4.95,3.85,5.43,22.8,58.51,,,ACACET,12.5,122.66,1.05,3.11,2.06,2.58,5.15,7.07
M2,M203,ACACET,21.7,369.65,1.1,4.95,3.85,5.43,22.8,58.51,,,ACACET,10.2,81.67,0.8,3.51,2.71,3.48,9.47,17.1
M2,M203,ACACET,4.6,16.61,1.4,2.44,1.04,1.41,1.55,1.08,,,ACACET,30.6,735.04,0.9,2.75,1.85,4.5,15.45,19.06
M2,M203,ACACET,1.5,1.77,0.5,0.95,0.45,0.13,0.01,0,,,ACACTO,3.2,8.04,0.6,1.81,1.21,3.05,7.28,5.88
M2,M203,ACACET,2.4,4.52,1.05,1.59,0.54,0.9,0.57,0.2,,,ACACET,11.7,107.46,3.51,11,7.49,2.75,5.92,29.56
M2,M203,ACACBR,2.2,3.80,0.55,1.25,0.7,0.68,0.3,0.14,,,ACACET,9.5,70.85,0.7,3.48,2.78,2.65,5.44,10.09
M2,M203,ACACET,8,50.24,0.3,2,1.7,1.9,2.15,2.43,,,ACACET,11.5,103.82,0.8,3.71,2.91,3.18,7.83,15.19
M2,M203,ACACET,20.7,336.36,1.9,4.77,2.87,4.55,15.83,30.28,,,ACACET,19.7,304.65,0.9,3.86,2.96,3.25,8.29,16.36
M2,M203,ACACBR,1.7,2.27,0.55,1.3,0.75,0.58,0.25,0.12,,,ACACET,15.5,188.60,0.63,0.7,0.07,3.03,7.04,0.33
M2,M203,ACACET,14,153.86,1.9,3.9,2,3.41,8.75,11.67,,,ACACET,23.7,440.93,0.65,3.99,3.34,4.05,12.86,28.63
M2,M203,ACACBR,3.6,10.17,0.7,2.1,1.4,0.88,0.58,0.54,,,ACACME,21.5,362.87,0.85,4.15,3.3,5.67,25.22,55.49
M2,M204,ACACBR,2.2,3.80,0.3,1.1,0.8,0.75,0.42,0.23,,,ACACME,4.7,17.34,0.7,2.04,1.34,2.28,4.06,3.63
M2,M204,ACACBR,2.7,5.72,0.5,1.5,1,0.55,0.22,0.15,,,ACACTO,3.5,9.62,0.4,1.75,1.35,2.43,4.61,4.15
M2,M204,ACACBR,1.8,2.54,0.2,1.2,1,0.53,0.19,0.13,,,ACACTO,10.5,86.55,0.5,1.86,1.36,3.33,7.69,6.97
M2,M204,ACACBR,2.4,4.52,0.7,1.4,0.7,0.85,0.55,0.26,,,ACACET,5.7,25.50,0.55,2.68,2.13,2.98,6.73,9.56
M2,M204,ACACBR,1.6,2.01,0.4,1.3,0.9,0.15,0.02,0.01,,,ACACET,6.5,33.17,0.4,2.31,1.91,2.68,5.62,7.15
M2,M204,ACACBR,1.2,1.13,0.3,1,0.7,0.33,0.07,0.03,,,ACACET,7.9,48.99,0.7,2.75,2.05,2.78,6.02,8.23
M2,M204,ACACBR,1.9,2.83,0.4,1.2,0.8,0.45,0.14,0.08,,,ACACET,2.5,4.91,0.3,2.02,1.72,3.18,7.85,9.01
M2,M204,ACACBR,2.7,5.72,0.3,1.97,1.67,0.35,0.08,0.09,,,ACACTO,15.3,183.76,0.8,3.85,3.05,7.13,39.54,80.41
M2,M204,ACACBR,1.4,1.54,0.4,1.1,0.7,0.85,0.41,0.19,,,ACACME,9.4,69.36,0.8,3.14,2.34,3.9,11.87,18.52
M2,M204,ACACBR,2,3.14,0.4,1.1,0.7,0.85,0.41,0.19,,,ACACME,7.1,39.57,0.75,2.22,1.47,3.23,8.15,7.99
M2,M204,ACACBR,1,0.79,0.5,0.8,0.3,0.08,0.004,0.0008,,,ACACTO,10.3,83.28,0.3,0.8,0.5,3.23,8.02,2.67
M2,M204,ACACBR,2.4,4.52,0.55,1.35,0.8,0.48,0.16,,,,ACACTO,2.9,6.60,0.2,0.85,0.65,1.5,1.76,0.76
M2,M204,ACACET,13.5,143.07,1.57,4.7,3.13,2.82,5.29,11.04,,,ACACTO,5.5,23.75,0.55,2.43,1.88,2.5,4.78,5.99
M2,M204,ACACBR,1.4,1.54,0.7,1.5,0.8,2.45,4.55,2.43,,,ACACTO,2.5,4.91,0.5,1.22,0.72,1.33,1.37,0.66
M2,M204,ACACBR,2.5,4.91,0.7,1.5,0.8,2.45,4.55,2.43,,,ACACTO,3.8,11.34,0.35,0.9,0.55,1.76,2.42,0.89
M2,M204,ACACBR,2,3.14,0.7,1.5,0.8,2.45,4.55,2.43,,,ACACTO,2.4,4.52,0.36,1,0.64,2.83,6.15,2.63
M2,M204,ACACBR,1.9,2.83,0.3,0.8,0.5,0.4,0.12,0.04,,,ACACET,6.5,33.17,0.6,2.48,1.88,2.03,3.14,3.93
M2,M204,ACACBR,3.5,9.62,0.7,1.35,0.65,1.03,0.82,0.36,,,ACACTO,2.7,5.72,0.2,0.5,0.3,1.45,1.58,0.32
M2,M204,ACACBR,3.6,10.17,0.2,1.5,1.3,1.25,1.22,1.06,,,ACACTO,16.2,206.02,0.55,2.92,2.37,4.53,15.99,25.26
M2,M204,ACACBR,3.6,10.17,1.1,1.6,0.5,1.8,2.54,0.85,,,ACACET,2.5,4.91,0.78,1.86,1.08,1.43,1.59,1.15
M2,M204,ACACET,9.9,76.94,2.6,3.45,0.85,2.28,4.05,2.3,,,ACACTO,11.1,96.72,0.6,2.81,2.21,4.43,15.35,22.61
M2,M204,ACACBR,1.2,1.13,2.6,3.45,0.85,2.28,4.05,2.3,,,ACACTO,3.7,10.75,0.58,1.22,0.64,2.98,6.48,2.76
M2,M204,ACACBR,3.1,7.54,1.15,2.15,1,1.93,2.9,1.94,,,ACACTO,9.1,65.01,1,2.57,1.57,4.18,13.68,14.32
M2,M204,ACACET,12.6,124.63,0.95,2.65,1.7,2.75,5.93,6.73,,,ACACTO,13.1,134.71,0.9,2.83,1.93,4.4,15.13,19.46
M2,M204,ACACBR,1,0.79,0.8,0.9,0.1,0.13,0.01,0,,,ACACME,7.5,44.16,0.6,3.4,2.8,3.05,7.29,13.62
M2,M204,ACACET,6.4,32.15,0.7,1.3,0.6,1.48,1.6,0.64,,,ACACTO,8.9,62.18,0.7,3.05,2.35,3.5,9.58,15.02
M2,M204,ACACBR,1.9,2.83,0.9,1.8,0.9,0.5,0.19,0.11,,,ACACET,12.7,126.61,1,3.42,2.42,3.15,7.79,12.56
M2,M204,ACACET,7.4,42.99,0.7,4.25,3.55,4.95,19.22,45.48,,,ACACME,10.5,86.55,0.8,3.62,2.82,4.25,14.05,26.42
M2,M204,ACACET,6.5,33.17,0.9,4.25,3.35,4.95,19.22,42.92,,,ACACME,7.6,45.34,0.7,3.76,3.06,2.66,5.51,11.25
M2,M204,ACACET,3.1,7.54,0.9,4.25,3.35,4.95,19.22,42.92,,,ACACME,8,50.24,1.51,4.74,3.23,3.99,12.27,26.42
M2,M204,ACACBR,1.5,1.77,0.55,1.4,0.85,0.9,0.63,0.36,,,ACACME,7.1,39.57,0.4,3.23,2.83,2.63,5.39,10.17
M2,M204,ACACET,3.8,11.34,0.9,4.25,3.35,4.95,19.22,42.92,,,ACACET,13.7,147.34,0.27,3.9,3.63,3.81,11.26,27.26
M2,M204,ACACBR,2,3.14,0.7,1.15,0.45,0.38,0.11,0.03,,,ACACET,2.7,5.72,0.7,1.51,0.81,1.15,1.02,0.55
M2,M204,ACACET,9,63.59,0.9,4.25,3.35,4.95,19.22,42.92,,,ACACET,7.1,39.57,0.7,3.94,3.24,3.36,8.83,19.08
M2,M204,ACACET,3.1,7.54,0.9,4.25,3.35,4.95,19.22,42.92,,,ACACME,12.9,130.63,0.9,4.97,4.07,5.36,22.28,60.45
M2,M204,ACACET,8.1,51.50,0.9,4.25,3.35,4.95,19.22,42.92,,,ACACME,7.9,48.99,0.74,4.73,3.99,4.3,14.51,38.59
M2,M204,ACACET,2.1,3.46,0.9,4.25,3.35,4.95,19.22,42.92,,,ACACME,8.7,59.42,0.8,4.02,3.22,3.66,10.47,22.47
M2,M204,ACACET,2.2,3.80,0.9,4.25,3.35,4.95,19.22,42.92,,,ACACME,7.4,42.99,0.7,4.03,3.33,4.06,12.67,28.12
M2,M204,ACACBR,3.9,11.94,0.6,2.85,2.25,1.5,1.48,2.23,,,ACACME,7.5,44.16,0.8,3.25,2.45,4.13,13.33,21.78
M2,M204,ACACET,28.3,628.70,1.3,6.35,5.05,6.18,28.85,97.12,,,ACACME,7.2,40.69,1,3.05,2.05,3.98,12.4,16.95
M2,M204,ACACET,4.9,18.85,1.1,2.25,1.15,2.3,4.08,3.13,,,ACACME,7.5,44.16,0.9,3.29,2.39,3.91,11.96,19.06
M2,M204,ACACET,3.7,10.75,1.2,3.4,2.2,2.2,3.79,5.56,,,ACACME,6.7,35.24,0.9,4.19,3.29,4.32,13.81,30.28
M2,M204,ACACET,6.3,31.16,1.2,3.4,2.2,2.2,3.79,5.56,,,ACACME,5.5,23.75,1.1,4.12,3.02,3.83,11.27,22.69
M2,M204,ACACET,5.9,27.33,1.3,3.75,2.45,2.55,5.1,8.33,,,ACACME,7.5,44.16,0.7,2.32,1.62,3.13,7.65,8.27
M2,M204,ACACET,6,28.26,1.3,3.75,2.45,2.55,5.1,8.33,,,ACACME,9.7,73.86,0.7,2.32,1.62,3.13,7.65,8.27
M2,M204,ACACET,5,19.63,1.3,3.75,2.45,2.55,5.1,8.33,,,ACACME,6.9,37.37,0.7,2.93,2.23,3.23,8.18,12.16
M2,M204,ACACET,2.6,5.31,1.1,4,2.9,0.89,0.57,1.1,,,ACACME,8.1,51.50,0.7,3.19,2.49,3.42,9.11,15.12
M2,M204,ACACET,9.9,76.94,1.1,4,2.9,0.89,0.57,1.1,,,ACACME,7.5,44.16,0.7,3.25,2.55,2.8,6.13,10.42
M2,M204,ACACET,15.8,195.97,1.1,4,2.9,0.89,0.57,1.1,,,ACACME,9.6,72.35,0.8,3.66,2.86,3.09,7.47,14.24
M2,M204,ACACET,5.6,24.62,1.1,4,2.9,0.89,0.57,1.1,,,ACACME,7.2,40.69,0.8,3.69,2.89,5.79,25.74,49.58
M2,M204,ACACET,7.3,41.83,1.1,4,2.9,0.89,0.57,1.1,,,ACACME,10.3,83.28,0.6,3.44,2.84,3.98,12.41,23.51
M2,M204,ACACET,4.9,18.85,1.1,4,2.9,0.89,0.57,1.1,,,ACACME,6.4,32.15,1.2,4.07,2.87,6.03,28.49,54.51
M2,M204,ACACET,4.9,18.85,1.1,4,2.9,0.89,0.57,1.1,,,ACACET,6.7,35.24,0.5,3.11,2.61,2.6,5.24,9.11
M2,M204,ACACET,8.9,62.18,1.1,4,2.9,0.89,0.57,1.1,,,ACACME,7.1,39.57,0.54,3.66,3.12,3.26,8.34,17.35
M2,M204,ACACET,9,63.59,1.1,4,2.9,0.89,0.57,1.1,,,ACACME,7.6,45.34,0.52,2.65,2.13,2.04,3.22,4.57
M2,M204,ACACET,6.3,31.16,1.1,4,2.9,0.89,0.57,1.1,,,ACACME,4.9,18.85,0.6,2.22,1.62,2.12,3.33,3.6
M2,M204,ACACET,6.9,37.37,1.1,4,2.9,0.89,0.57,1.1,,,ACACME,9.6,72.35,0.8,2.24,1.44,4.71,17.38,16.68
M2,M204,ACACET,6.2,30.18,1.1,4,2.9,0.89,0.57,1.1,,,ACACME,8.4,55.39,0.7,3.02,2.32,3.97,11.98,18.53
M2,M204,ACACET,5.7,25.50,1.1,4,2.9,0.89,0.57,1.1,,,ACACME,9.4,69.36,0.4,3.31,2.91,3.9,11.44,22.19
M2,M204,ACACET,1.9,2.83,1.1,4,2.9,0.89,0.57,1.1,,,ACACET,8.6,58.06,0.5,3.2,2.7,3.91,12,21.6
M2,M204,ACACET,8.8,60.79,1.1,4,2.9,0.89,0.57,1.1,,,ACACET,7.4,42.99,1.22,3.5,2.28,2.72,5.6,8.51
M2,M204,ACACET,5.7,25.50,1.1,4,2.9,0.89,0.57,1.1,,,ACACME,7.1,39.57,0.66,3.67,3.01,2.72,5.6,11.23
M2,M204,ACACET,9.5,70.85,1.1,4,2.9,0.89,0.57,1.1,,,ACACME,10.8,91.56,0.8,3.04,2.24,2.59,5.16,7.71
M2,M204,ACACET,7.5,44.16,1.1,4,2.9,0.89,0.57,1.1,,,ACACME,9.9,76.94,0.65,4.11,3.46,2.94,6.76,15.6
M2,M204,ACACET,4.2,13.85,1.1,4,2.9,0.89,0.57,1.1,,,ACACME,5.4,22.89,0.4,2.1,1.7,2.97,6.91,7.83
M2,M204,ACACET,7.9,48.99,0.6,2.6,2,2.73,5.82,7.77,,,ACACME,4.8,18.09,0.63,2.32,1.69,4.37,14.99,16.89
M2,M204,ACACET,2.4,4.52,0.9,1.6,0.7,1.83,2.6,1.21,,,ACACME,7.8,47.76,0.48,2.56,2.08,2.22,3.82,5.3
M2,M204,ACACET,4.8,18.09,0.9,2.4,1.5,2.18,3.7,3.7,,,ACACME,7.3,41.83,0.52,2.89,2.37,2.45,4.71,7.44
M2,M204,ACACET,21.8,373.06,1,4.25,3.25,5.15,20.8,45.07,,,ACACME,15.1,178.99,0.97,3.72,2.75,4.4,15.02,27.54
M2,M204,ACACBR,2,3.14,0.7,1.7,1,0.55,0.24,0.16,,,ACACME,9.7,73.86,0.7,3.49,2.79,3.45,9.08,16.89
M2,M204,ACACBR,1.6,2.01,0.5,0.8,0.3,0.35,0.08,0.02,,,ACACET,3.5,9.62,0.6,1.22,0.62,1.51,1.78,0.74
M2,M204,ACACBR,1.3,1.33,0.4,0.8,0.4,0.5,0.16,0.04,,,ACACET,2.8,6.15,0.34,1.22,0.88,1.82,2.56,1.5
M2,M204,ACACBR,3.4,9.07,0.8,1.65,0.85,1.65,2.12,1.2,,,ACACET,4.7,17.34,0.57,2.24,1.67,2.77,5.82,6.48
M2,M204,ACACBR,2.1,3.46,0.6,1.4,0.8,0.85,0.57,0.3,,,ACACTO,2.6,5.31,0.3,1.22,0.92,2.21,3.68,2.25
M2,M204,ACACBR,2.1,3.46,0.5,1.62,1.12,0.63,0.31,0.23,,,ACACET,6.4,32.15,0.5,2.04,1.54,2.45,4.71,4.84
M2,M204,ACACBR,1.1,0.95,0.7,1.25,0.55,0.38,0.1,0.04,,,ACACET,2.5,4.91,0.54,1.22,0.68,1.63,2.03,0.92
M2,M204,ACACBR,1.9,2.83,0.65,1.5,0.85,0.55,0.24,0.13,,,ACACET,3.7,10.75,0.68,1.22,0.54,2.21,3.66,1.32
M2,M204,ACACBR,1.7,2.27,0.35,0.65,0.3,0.33,0.08,0.02,,,ACACET,4,12.56,0.54,1.05,0.51,2.22,3.69,1.25
M2,M204,ACACBR,1.5,1.77,0.45,0.9,0.45,0.48,0.14,0.04,,,ACACET,8.4,55.39,0.9,3.35,2.45,4.2,13.78,22.51
M2,M204,ACACBR,2.3,4.15,0.6,1.9,1.3,0.65,0.28,0.24,,,ACACET,2.5,4.91,0.5,2.66,2.16,2.16,3.62,5.21
M2,M204,ACACBR,2.1,3.46,1.6,3,1.4,0.95,0.71,0.66,,,ACACME,8.8,60.79,0.4,1.57,1.17,5.2,20.1,15.67
M2,M204,ACACET,12,113.04,1.4,3,1.6,4.36,14.77,15.75,,,ACACET,4.6,16.61,0.6,1.9,1.3,2.26,4.01,3.47
M2,M204,ACACBR,1,0.79,0.3,0.6,0.3,0.1,0.01,0,,,ACACME,6.7,35.24,0.5,2.3,1.8,3.23,7.77,9.33
M2,M204,ACACBR,1.6,2.01,0.4,1.2,0.8,0.33,0.08,0.04,,,ACACET,2.6,5.31,0.3,0.7,0.4,1.85,2.68,0.72
M2,M204,ACACBR,1.9,2.83,0.6,1.8,1.2,0.35,0.09,0.08,,,ACACME,9.6,72.35,0.9,3.34,2.44,3.28,8.42,13.69
M2,M204,ACACBR,1.6,2.01,0.6,1.8,1.2,0.35,0.09,0.08,,,ACACME,5.8,26.41,0.8,3.76,2.96,4.65,16.96,33.46
M2,M204,ACACBR,1.5,1.77,0.65,1.1,0.45,0.35,0.09,0.03,,,ACACME,5.7,25.50,0.7,2.32,1.62,3.18,7.83,8.46
M2,M204,ACACBR,2,3.14,0.7,1.3,0.6,0.45,0.14,0.06,,,ACACME,10.7,89.87,0.6,4.38,3.78,4.93,19.04,47.98
M2,M204,ACACBR,1.8,2.54,0.7,1.65,0.95,0.75,0.39,0.25,,,ACACME,7.6,45.34,0.8,3.99,3.19,3.9,11.91,25.33
M2,M204,ACACBR,2.4,4.52,0.5,1.05,0.55,0.65,0.33,0.12,,,ACACME,8.5,56.72,0.8,3.86,3.06,3.23,8.08,16.49
M2,M204,ACACBR,2.5,4.91,0.5,1.05,0.55,0.65,0.33,0.12,,,ACACME,6,28.26,0.5,3.87,3.37,3.6,10.1,22.7
M2,M204,ACACBR,2.5,4.91,1.05,1.75,0.7,1.15,0.99,0.46,,,ACACME,7.4,42.99,0.85,3.25,2.4,3.15,7.74,12.38
M2,M204,ACACBR,2,3.14,1,1.5,0.5,0.2,0.03,0.01,,,ACACME,5.9,27.33,0.8,4.06,3.26,3.64,10.37,22.54
M2,M204,ACACBR,2,3.14,0.2,0.65,0.45,0.38,0.11,0.03,,,ACACME,9.2,66.44,0.66,3.46,2.8,4.19,13.72,25.6
M2,M204,ACACBR,1,0.79,0.7,1.6,0.9,0.7,0.38,0.23,,,ACACME,10.5,86.55,0.83,3.8,2.97,4.23,13.9,27.53
M2,M204,ACACBR,3.1,7.54,0.8,1.75,0.95,0.38,0.11,0.07,,,ACACME,3,7.07,0.54,4.72,4.18,3.78,11.16,31.11
M2,M204,ACACBR,3.3,8.55,0.9,1.95,1.05,0.8,0.49,0.35,,,ACACME,6.6,34.19,0.44,4.06,3.62,3.78,11.16,26.94
M2,M205,ACACBR,3.2,8.04,0.3,1.4,1.1,0.7,0.38,0.28,,,ACACME,8.4,55.39,0.7,2.63,1.93,2.88,6.45,8.3
M2,M205,ACACET,14.5,165.05,1.1,3.83,2.73,4.36,14.82,26.98,,,ACACME,7.5,44.16,0.7,2.78,2.08,3.48,9.46,13.11
M2,M205,ACACBR,2.2,3.80,0.4,1,0.6,0.2,0.02,0.01,,,ACACME,6.5,33.17,0.8,2.52,1.72,3.38,8.88,10.19
M2,M205,ACACBR,1.5,1.77,0.1,1.1,1,0.3,0.04,0.03,,,ACACME,9.6,72.35,0.5,4.59,4.09,4.95,19.19,52.31
M2,M205,ACACBR,1.6,2.01,0.35,0.8,0.45,0.5,0.19,0.06,,,ACACME,7.9,48.99,0.7,3.52,2.82,3.58,9.99,18.79
M2,M205,ACACBR,1.3,1.33,0.15,0.8,0.65,0.3,0.07,0.03,,,ACACME,6.7,35.24,1.16,3.27,2.11,3.73,10.88,15.3
M2,M205,ACACBR,1.1,0.95,0.15,0.55,0.4,0.23,0.04,0.01,,,ACACME,7.9,48.99,1.2,3.1,1.9,4,12.54,15.89
M2,M205,ACACBR,2.1,3.46,0.3,0.95,0.65,0.6,0.28,0.12,,,ACACME,7.8,47.76,1.22,3.62,2.4,5.43,23.06,36.9
M2,M205,ACACBR,1.3,1.33,0.15,0.9,0.75,0.63,0.31,0.15,,,ACACME,6.8,36.30,1.1,1.95,0.85,3.55,9.86,5.59
M2,M205,ACACBR,1.5,1.77,0.1,0.9,0.8,0.7,0.38,0.2,,,ACACME,6.9,37.37,0.8,2.56,1.76,2.95,6.78,7.96
M2,M205,ACACBR,2.5,4.91,0.45,1.4,0.95,1.2,1.1,0.7,,,ACACME,7.5,44.16,0.7,4.28,3.58,4.38,14.28,34.08
M2,M205,ACACBR,1.1,0.95,0.1,0.65,0.55,0.55,0.24,0.09,,,ACACME,7.4,42.99,0.5,3.01,2.51,2.97,6.89,11.52
M2,M205,ACACET,8.5,56.72,0.8,2,1.2,2.38,4.43,3.54,,,ACACME,6.3,31.16,0.5,2.6,2.1,3.93,12.1,16.94
M2,M205,ACACBR,1.4,1.54,0.35,0.8,0.45,0.25,0.05,0.01,,,ACACME,11.6,105.63,0.4,3.14,2.74,3.45,9.29,16.98
M2,M205,ACACBR,2.1,3.46,0.5,1.35,0.85,0.78,0.46,0.26,,,ACACME,8.1,51.50,0.5,4.16,3.66,3.99,12.42,30.31
M2,M205,ACACET,14.2,158.29,1.2,4.11,2.91,6.02,28.44,55.17,,,ACACME,4.4,15.20,0.7,2.62,1.92,3.35,8.46,10.82
M2,M205,ACACBR,1.5,1.77,0.3,0.75,0.45,0.45,0.16,0.05,,,ACACME,5.1,20.42,0.8,3.46,2.66,4.77,17.85,31.65
M2,M205,ACACBR,3,7.07,0.4,0.9,0.5,0.4,0.13,0,,,ACACME,7.1,39.57,0.5,3.41,2.91,4.5,14.77,28.65
M2,M205,ACACBR,2.1,3.46,0.3,1,0.7,0.48,0.17,0.08,,,ACACME,10.9,93.27,0.7,3.05,2.35,4.5,15.72,24.63
M2,M205,ACACBR,2,3.14,0.2,0.82,0.62,0.2,0.03,0.01,,,ACACME,4.5,15.90,0.7,1.86,1.16,3.81,11.39,8.81
M2,M205,ACACBR,1.9,2.83,0.3,1.3,1,0.7,0.35,0.24,,,ACACME,6.6,34.19,0.67,3.44,2.77,4.64,16.81,31.04
M2,M205,ACACBR,1.3,1.33,0.5,3.13,2.63,1.1,0.75,1.32,,,ACACME,8.5,56.72,0.6,1.22,0.62,2.12,3.5,1.45
M2,M205,ACACET,16.7,218.93,0.8,2.91,2.11,4,12.51,17.59,,,ACACME,7.7,46.54,1.13,3.72,2.59,3.78,11.1,19.17
M2,M205,ACACBR,2.6,5.31,1.1,2.26,1.16,1.08,0.77,0.59,,,ACACME,8.1,51.50,0.7,3.22,2.52,3.59,9.98,16.77
M2,M205,ACACBR,1.8,2.54,0.2,1.2,1,0.55,0.24,0.16,,,ACACME,8.8,60.79,0.9,3.39,2.49,2.77,5.96,9.89
M2,M205,ACACBR,1.8,2.54,0.75,1.71,0.96,0.4,0.13,0.08,,,ACACME,9.9,76.94,0.49,3.9,3.41,3.41,9.05,20.57
M2,M205,ACACBR,2.6,5.31,0.6,1.5,0.9,1.62,2.06,1.24,,,ACACME,8.3,54.08,1.03,4.12,3.09,3.2,7.97,16.41
M2,M205,ACACBR,1,0.79,0.8,1.3,0.5,0.5,0.19,0.06,,,ACACET,8.1,51.50,0.8,4.19,3.39,3.43,9.13,20.62
M2,M205,ACACBR,3,7.07,0.7,1.9,1.2,1.45,1.41,1.13,,,ACACME,8.9,62.18,0.37,3.65,3.28,3.65,10.36,22.66
M2,M205,ACACBR,2.2,3.80,0.5,2.19,1.69,1.2,1.1,1.24,,,ACACME,6.3,31.16,0.69,3.04,2.35,2.7,5.71,8.95
M2,M205,ACACBR,2.7,5.72,0.6,1.8,1.2,1,0.75,0.6,,,ACACME,5.6,24.62,0.64,2.96,2.32,4.16,13.53,20.93
M2,M205,ACACET,9.1,65.01,1.3,3.73,2.43,3.38,8.93,14.47,,,ACACME,9.3,67.89,0.74,2.18,1.44,2.91,6.65,6.38
M2,M205,ACACET,8,50.24,1.3,3.73,2.43,3.38,8.93,14.47,,,ACACME,7.1,39.57,0.95,2.34,1.39,2.35,4.33,4.02
M2,M205,ACACBR,1.4,1.54,1,2.65,1.65,1.15,1.02,1.12,,,ACACME,7.3,41.83,0.31,2.13,1.82,3,6.94,8.42
M2,M205,ACACET,2,3.14,1,2.65,1.65,1.15,1.02,1.12,,,ACACME,5.5,23.75,0.6,3.44,2.84,3.48,9.17,17.37
M2,M205,ACACBR,1.3,1.33,0.4,1.77,1.37,0.45,0.14,0.13,,,ACACME,4,12.56,0.92,2.46,1.54,4.73,17.51,17.98
M2,M205,ACACBR,1.4,1.54,0.6,1.57,0.97,0.75,0.39,0.25,,,ACACME,5.1,20.42,1,1.53,0.53,2.45,4.47,1.58
M2,M205,ACACET,8.5,56.72,1.4,3.71,2.31,3.48,9.42,14.51,,,ACACME,6.7,35.24,0.6,2.7,2.1,4.63,16.79,23.51
M2,M205,ACACBR,1.2,1.13,2.08,2.6,0.52,0.55,0.24,0.08,,,ACACME,4.9,18.85,0.72,2.2,1.48,3.78,11.18,11.03
M2,M205,ACACBR,1.2,1.13,0.45,1.1,0.65,0.43,0.13,0.06,,,ACACME,12.9,130.63,0.48,3.11,2.63,2.67,5.57,9.77
M2,M205,ACACET,12.8,128.61,1.72,3.7,1.98,4.15,13.46,17.76,,,ACACME,8.5,56.72,1.05,2.41,1.36,2.57,5.18,4.7
M2,M205,ACACBR,3.2,8.04,0.75,1.93,1.18,1.63,1.99,1.57,,,ACACME,6.6,34.19,1.16,2.49,1.33,4.42,15.16,13.44
M2,M205,ACACET,4.2,13.85,0.8,2,1.2,2.55,4.87,3.89,,,ACACME,6.4,32.15,0.4,3.42,3.02,3.25,8.27,16.66
M2,M205,ACACET,5,19.63,0.8,2,1.2,2.55,4.87,3.89,,,ACACME,14.6,167.33,0.6,3.79,3.19,3.05,7.21,15.33
M2,M205,ACACET,6.3,31.16,0.8,2,1.2,2.55,4.87,3.89,,,ACACME,7.6,45.34,0.8,3.54,2.74,3.38,8.9,16.26
M2,M205,ACACET,5,19.63,0.95,2.22,1.27,2.08,3.37,2.85,,,ACACME,5.9,27.33,0.65,3.27,2.62,2.81,6.12,10.69
M2,M205,ACACET,7.3,41.83,1,2.62,1.62,2.82,6.1,6.59,,,ACACME,7.2,40.69,0.6,3.63,3.03,3.76,11.04,22.31
M2,M205,ACACET,8.1,51.50,0.8,2.12,1.32,2.55,4.87,4.28,,,ACACME,10.4,84.91,1.1,3.04,1.94,3.32,8.61,11.14
M2,M205,ACACET,6.5,33.17,0.9,2.26,1.36,2.61,5.35,4.85,,,ACACME,8.5,56.72,0.63,2.84,2.21,3.7,9.8,14.43
M2,M205,ACACET,4,12.56,1.1,3.22,2.12,4.67,16.45,23.26,,,ACACME,8.7,59.42,0.7,2.96,2.26,4.46,15.49,23.34
M2,M205,ACACET,4.7,17.34,1.1,3.22,2.12,4.67,16.45,23.26,,,ACACME,6.1,29.21,0.6,1.9,1.3,2.93,6.73,5.83
M2,M205,ACACET,7,38.47,1.1,3.22,2.12,4.67,16.45,23.26,,,ACACME,8.1,51.50,0.86,3.77,2.91,3.85,11.19,21.72
M2,M205,ACACET,8.2,52.78,1.1,3.22,2.12,4.67,16.45,23.26,,,ACACME,8.2,52.78,0.5,3.54,3.04,4.6,16.6,33.65
M2,M205,ACACET,6.9,37.37,1.1,3.22,2.12,4.67,16.45,23.26,,,ACACME,6.5,33.17,0.6,3.62,3.02,4.38,14.14,28.48
M2,M205,ACACET,6.4,32.15,1.1,3.22,2.12,4.67,16.45,23.26,,,ACACME,8.7,59.42,0.54,2.57,2.03,3.71,10.78,14.59
M2,M205,ACACBR,1.4,1.54,1.1,1.98,0.88,1.03,0.8,0.47,,,ACACME,7.1,39.57,0.5,2.23,1.73,2.65,5.46,6.3
M2,M205,ACACET,2.9,6.60,0.95,1.91,0.96,2.3,4.1,2.62,,,ACACME,8.5,56.72,0.5,2.37,1.87,3.5,9.23,11.51
M2,M205,ACACET,6.2,30.18,0.95,1.91,0.96,2.3,4.1,2.62,,,ACACME,6.7,35.24,0.8,3.32,2.52,2.9,6.57,11.04
M2,M205,ACACBR,2.7,5.72,0.7,2.52,1.82,2.65,5.11,6.2,,,ACACME,7.2,40.69,0.4,3.35,2.95,3.27,8.25,16.22
M2,M205,ACACBR,2.5,4.91,0.7,2.52,1.82,2.65,5.11,6.2,,,ACACME,9.9,76.94,0.4,3.16,2.76,3.15,7.71,14.19
M2,M205,ACACBR,2.4,4.52,0.5,1.72,1.22,0.83,0.51,0.42,,,ACACME,8.5,56.72,0.6,2.59,1.99,2.3,4.12,5.47
M2,M205,ACACBR,2,3.14,0.5,1.72,1.22,0.83,0.51,0.42,,,ACACME,10.1,80.08,0.6,2.61,2.01,2.77,5.97,8.01
M2,M205,ACACBR,1.7,2.27,0.5,2.27,1.77,1.03,0.82,0.97,,,ACACME,5.5,23.75,0.8,2.89,2.09,2.75,5.92,8.25
M2,M205,ACACBR,1.8,2.54,0.5,2.27,1.77,1.03,0.82,0.97,,,ACACME,8.1,51.50,0.56,2.88,2.32,4.53,16.01,24.77
M2,M205,ACACET,11,94.99,5.57,7.31,1.74,NA,NA,NA,,,ACACME,7.5,44.16,0.3,2.03,1.73,3.72,10.75,12.4
M2,M205,ACACET,6.5,33.17,5.57,7.31,1.74,NA,NA,NA,,,ACACME,6.6,34.19,0.45,1.7,1.25,2.33,4.02,3.35
M2,M205,ACACET,9.8,75.39,5.57,7.31,1.74,NA,NA,NA,,,ACACME,7.6,45.34,0.4,1.88,1.48,2.59,5.26,5.19
M2,M206,ACACBR,2.3,4.15,0.4,0.75,0.35,0.45,0.14,0.03,,,ACACME,6.8,36.30,0.6,3.12,2.52,4.22,13.56,22.78
M2,M206,ACACBR,1.3,1.33,0.4,0.75,0.35,0.45,0.14,0.03,,,ACACME,5.4,22.89,0.3,0.65,0.35,3.55,9.82,2.29
M2,M206,ACACBR,1.5,1.77,0.3,1.82,1.52,1.59,1.95,1.97,,,ACACME,7.6,45.34,0.66,2.52,1.86,2.53,4.95,6.13
M2,M206,ACACBR,1.5,1.77,0.3,1.82,1.52,1.59,1.95,1.97,,,ACACME,6.9,37.37,0.38,2.88,2.5,2.68,5.58,9.3
M2,M206,ACACBR,1.9,2.83,0.3,1.82,1.52,1.59,1.95,1.97,,,ACACME,6.3,31.16,0.6,2.76,2.16,3.18,7.87,11.34
M2,M206,ACACBR,1.7,2.27,0.3,1.82,1.52,1.59,1.95,1.97,,,ACACME,6.9,37.37,0.54,2.08,1.54,3.23,8.15,8.37
M2,M206,ACACBR,1.6,2.01,1.1,2.79,1.69,0.4,0.12,0.13,,,ACACME,4.2,13.85,0.6,1.6,1,2.05,3.2,2.14
M2,M206,ACACBR,1.9,2.83,0.9,2.57,1.67,3.32,8.44,9.4,,,ACACME,2.9,6.60,0.3,1.22,0.92,1.5,1.76,1.08
M2,M206,ACACBR,3.6,10.17,0.9,2.57,1.67,3.32,8.44,9.4,,,ACACME,6.7,35.24,0.48,2.56,2.08,2.43,4.6,6.38
M2,M206,ACACBR,2.5,4.91,0.9,2.57,1.67,3.32,8.44,9.4,,,ACACME,7.3,41.83,0.3,1.55,1.25,1.9,2.8,2.34
M2,M206,ACACBR,1.2,1.13,0.9,2.57,1.67,3.32,8.44,9.4,,,ACACET,2.5,4.91,0.4,1.22,0.82,1.58,1.94,1.06
M2,M206,ACACBR,2.3,4.15,0.9,2.57,1.67,3.32,8.44,9.4,,,ACACET,4.2,13.85,0.6,1.5,0.9,1.73,2.31,1.39
M2,M206,ACACBR,2.5,4.91,0.9,2.57,1.67,3.32,8.44,9.4,,,ACACME,6.1,29.21,0.5,4.4,3.9,2.53,4.95,12.86
M2,M206,ACACBR,1.7,2.27,0.9,2.57,1.67,3.32,8.44,9.4,,,ACACME,6.5,33.17,0.7,2.57,1.87,3.33,8.67,10.81
M2,M206,ACACBR,2.1,3.46,0.9,2.57,1.67,3.32,8.44,9.4,,,ACACME,7.3,41.83,0.65,2.92,2.27,3.1,7.51,11.37
M2,M206,ACACBR,2.5,4.91,0.8,2.1,1.3,1.26,1.14,0.99,,,ACACME,7.3,41.83,1.05,3.07,2.02,3.33,8.42,11.34
M2,M206,ACACBR,1.5,1.77,0.8,2.1,1.3,1.26,1.14,0.99,,,ACACME,9.8,75.39,0.56,3.14,2.58,3.68,10.6,18.23
M2,M206,ACACBR,2,3.14,0.8,2.1,1.3,1.26,1.14,0.99,,,ACACET,3.9,11.94,0.35,2.21,1.86,2.83,6.12,7.59
M2,M206,ACACBR,1.6,2.01,0.8,2.1,1.3,1.26,1.14,0.99,,,ACACME,7.1,39.57,0.64,2.81,2.17,2.95,6.78,9.81
M2,M206,ACACBR,1.5,1.77,0.8,2.1,1.3,1.26,1.14,0.99,,,ACACET,2.5,4.91,0.42,1.89,1.47,1.78,2.45,2.4
M2,M206,ACACBR,1.6,2.01,0.8,2.1,1.3,1.26,1.14,0.99,,,ACACME,6,28.26,0.62,3.9,3.28,4.5,15.89,34.74
M2,M206,ACACBR,1.1,0.95,0.4,1.4,1,0.7,0.35,0.24,,,ACACME,7.2,40.69,0.3,3.08,2.78,3.35,8.81,16.32
M2,M206,ACACBR,2.5,4.91,1,2.57,1.57,1.82,2.46,2.58,,,ACACME,8.1,51.50,0.8,3.53,2.73,3.55,9.8,17.83
M2,M206,ACACBR,3.1,7.54,1.05,2.37,1.32,2.55,5.1,4.49,,,ACACME,9.8,75.39,0.65,3.43,2.78,3.45,9.29,17.23
M2,M206,ACACBR,1.6,2.01,1.05,2.37,1.32,2.55,5.1,4.49,,,ACACME,6.4,32.15,0.6,3.31,2.71,3.48,9.47,17.1
M2,M206,ACACBR,1.7,2.27,1.05,2.37,1.32,2.55,5.1,4.49,,,ACACME,7.5,44.16,0.7,3.14,2.44,2.77,6,9.76
M2,M206,ACACBR,2.2,3.80,0.6,1.94,1.34,1.75,2.36,2.1,,,ACACME,6.1,29.21,0.9,3.16,2.26,3.7,10.68,16.09
M2,M206,ACACBR,1.9,2.83,0.6,1.94,1.34,1.75,2.36,2.1,,,ACACME,7.7,46.54,0.5,3.51,3.01,3.15,7.74,15.53
M2,M206,ACACBR,1.3,1.33,0.4,1.65,1.25,0.43,0.14,0.12,,,ACACME,7.2,40.69,0.54,3.34,2.8,3.5,9.55,17.82
M2,M206,ACACBR,1.5,1.77,0.8,1.55,0.75,1.13,0.88,0.44,,,ACACME,5.4,22.89,0.67,3.11,2.44,3.2,8.03,13.06
M2,M206,ACACBR,2.2,3.80,0.8,1.55,0.75,1.13,0.88,0.44,,,ACACET,8,50.24,0.6,3.36,2.76,3.05,7.21,13.26
M2,M206,ACACBR,2.3,4.15,0.7,1.9,1.2,0.53,0.22,0.17,,,ACACME,5.6,24.62,0.8,4.14,3.34,4.95,19.22,42.79
M2,M206,ACACBR,2,3.14,0.6,1.4,0.8,0.3,0.07,0.04,,,ACACME,6,28.26,0.4,2.57,2.17,2.8,6.15,8.89
M2,M206,ACACBR,1.6,2.01,0.8,1.7,0.9,0.4,0.12,0.07,,,ACACME,8,50.24,0.48,1.86,1.38,3.45,9.29,8.55
M2,M206,ACACBR,2,3.14,0.6,2.2,1.6,1.89,2.42,2.58,,,ACACME,8.8,60.79,0.5,4.77,4.27,3.3,8.52,24.25
M2,M206,ACACBR,1.6,2.01,0.6,2.2,1.6,1.89,2.42,2.58,,,ACACME,8.4,55.39,0.55,4.5,3.95,2.5,4.87,12.84
M2,M206,ACACBR,1.6,2.01,0.6,2.2,1.6,1.89,2.42,2.58,,,ACACME,7.2,40.69,0.86,4.02,3.16,3.22,8.11,17.09
M2,M206,ACACBR,1.7,2.27,0.6,2.2,1.6,1.89,2.42,2.58,,,ACACME,9.3,67.89,0.5,3.28,2.78,3.7,10.68,19.79
M2,M206,ACACBR,1.6,2.01,0.6,2.2,1.6,1.89,2.42,2.58,,,ACACME,9.4,69.36,0.55,1.78,1.23,2,3.13,2.57
M2,M206,ACACBR,1.9,2.83,0.6,2.2,1.6,1.89,2.42,2.58,,,ACACME,2.7,5.72,0.5,1.22,0.72,2.23,3.88,1.86
M2,M206,ACACBR,1.3,1.33,0.6,2.14,1.54,1.6,2,2.06,,,ACACME,7.5,44.16,0.8,4.24,3.44,5.3,21.67,49.69
M2,M206,ACACBR,1.7,2.27,0.6,2.14,1.54,1.6,2,2.06,,,ACACME,3.7,10.75,0.7,2.35,1.65,4.85,18.45,20.29
M2,M206,ACACBR,1.6,2.01,0.6,2.14,1.54,1.6,2,2.06,,,ACACME,6.5,33.17,0.5,2.55,2.05,3,6.99,9.56
M2,M206,ACACBR,1.2,1.13,0.7,1.62,0.92,0.75,0.42,0.26,,,ACACME,5.7,25.50,0.6,2.81,2.21,3.3,8.54,12.58
M2,M206,ACACBR,1.8,2.54,0.6,2.05,1.45,1,0.78,0.75,,,ACACME,7.5,44.16,0.7,1.99,1.29,2.18,3.71,3.19
M2,M206,ACACBR,2.1,3.46,0.7,1.95,1.25,1.17,1.03,0.86,,,ACACME,8.2,52.78,0.7,3.15,2.45,3.3,8.55,13.96
M2,M206,ACACBR,1.5,1.77,0.7,1.95,1.25,1.17,1.03,0.86,,,ACACME,8.4,55.39,0.6,2.42,1.82,3.13,7.63,9.25
M2,M206,ACACBR,1.1,0.95,0.5,1.15,0.65,0.33,0.07,0.03,,,ACACME,9.5,70.85,0.5,2.15,1.65,3.23,8.11,8.92
M2,M206,ACACBR,2.4,4.52,0.8,2.1,1.3,1.64,2.1,1.82,,,ACACME,15.1,178.99,0.9,5.3,4.4,5,19.62,57.54
M2,M206,ACACBR,1.7,2.27,0.7,1.95,1.25,1.77,2.2,1.84,,,ACACME,9.4,69.36,0.75,2.12,1.37,3.15,7.55,6.9
M2,M206,ACACBR,1.5,1.77,0.7,1.95,1.25,1.77,2.2,1.84,,,ACACME,7.4,42.99,0.7,2.63,1.93,3.23,8.15,10.49
M2,M206,ACACBR,2.2,3.80,0.7,1.95,1.25,1.77,2.2,1.84,,,ACACET,8.6,58.06,0.65,3,2.35,2.84,6.29,9.85
M2,M206,ACACBR,1.4,1.54,0.7,1.95,1.25,1.77,2.2,1.84,,,ACACME,10.8,91.56,0.8,3.46,2.66,3.7,10.62,18.83
M2,M206,ACACBR,1.6,2.01,0.7,1.95,1.25,1.77,2.2,1.84,,,ACACME,10.5,86.55,0.6,2.5,1.9,3.28,8.42,10.66
M2,M206,ACACBR,1.6,2.01,0.7,1.95,1.25,1.77,2.2,1.84,,,ACACME,6.5,33.17,0.4,2.3,1.9,3.88,11.78,14.92
M2,M206,ACACBR,1.6,2.01,0.7,1.95,1.25,1.77,2.2,1.84,,,ACACME,13.1,134.71,0.8,3.76,2.96,2.53,4.98,9.83
M2,M206,ACACBR,1.4,1.54,0.7,1.95,1.25,1.77,2.2,1.84,,,ACACME,5.5,23.75,0.7,3.2,2.5,3.85,11.54,19.23
M2,M206,ACACBR,1.1,0.95,0.3,1.1,0.8,0.35,0.09,0.05,,,ACACME,8.3,54.08,0.77,2.99,2.22,3.13,7.64,11.31
M2,M206,ACACBR,2.5,4.91,0.5,2.17,1.67,2.6,5.3,5.9,,,ACACET,10.2,81.67,0.8,3.53,2.73,3.41,9.09,16.55
M2,M206,ACACBR,1.2,1.13,0.7,1.57,0.87,0.73,0.37,0.22,,,ACACME,13.4,140.95,0.36,4.23,3.87,5.31,22.13,57.09
M2,M206,ACACBR,1.8,2.54,0.6,2.07,1.47,1.08,0.77,0.75,,,ACACME,7.2,40.69,0.48,2.98,2.5,3.88,11.57,19.28
M2,M206,ACACBR,2.6,5.31,0.6,2.07,1.47,1.08,0.77,0.75,,,ACACME,17.7,245.93,0.85,2.32,1.47,4.75,17.69,17.34
M2,M206,ACACBR,1.7,2.27,0.6,2.07,1.47,1.08,0.77,0.75,,,ACACME,12.5,122.66,1.1,3.26,2.16,4.65,16.64,23.96
M2,M206,ACACBR,1.5,1.77,0.6,1.4,0.8,0.7,0.35,0.19,,,ACACME,2.6,5.31,0.56,1.22,0.66,2.75,5.93,2.61
M2,M206,ACACBR,1.3,1.33,0.6,2.18,1.58,1.57,1.68,1.77,,,ACACET,2.8,6.15,0.43,1.22,0.79,3.25,8.25,4.34
M2,M206,ACACBR,1.2,1.13,0.6,2.18,1.58,1.57,1.68,1.77,,,ACACET,3.5,9.62,0.58,1.71,1.13,3.53,9.57,7.21
M2,M206,ACACBR,1.7,2.27,0.6,2.18,1.58,1.57,1.68,1.77,,,ACACME,5.9,27.33,0.8,3.26,2.46,1.7,2.19,3.59
M2,M206,ACACBR,1.9,2.83,0.6,2.18,1.58,1.57,1.68,1.77,,,ACACET,4.2,13.85,0.3,1.55,1.25,1.65,2.14,1.78
M2,M206,ACACBR,2.1,3.46,0.6,2.18,1.58,1.57,1.68,1.77,,,ACACME,2.2,3.80,0.5,1.22,0.72,2.67,5.54,2.66
M2,M206,ACACBR,1.5,1.77,0.6,2.18,1.58,1.57,1.68,1.77,,,ACACME,2.5,4.91,0.2,1.08,0.88,2.59,4.97,2.91
M2,M206,ACACBR,1.4,1.54,0.8,2.14,1.34,0.65,0.33,0.29,,,ACACME,10.7,89.87,0.7,3.86,3.16,4.6,16.6,34.98
M2,M206,ACACBR,1.6,2.01,0.6,2.14,1.54,1.15,1.04,1.06,,,ACACME,11.6,105.63,0.9,4.65,3.75,5.4,22.88,57.21
M2,M206,ACACBR,1.6,2.01,0.7,1.8,1.1,0.55,0.22,0.16,,,ACACTO,2.3,4.15,0.5,1.22,0.72,2.75,5.92,2.84
M2,M206,ACACBR,1.4,1.54,0.6,2.56,1.96,1.5,1.64,2.14,,,ACACTO,1.9,2.83,0.6,1.66,1.06,3.1,7.47,5.28
M2,M206,ACACBR,1.4,1.54,0.6,2.56,1.96,1.5,1.64,2.14,,,ACACTO,4.6,16.61,0.7,0.85,0.15,3.4,8.95,0.89
M2,M206,ACACBR,1.5,1.77,0.6,2.56,1.96,1.5,1.64,2.14,,,ACACME,7.4,42.99,1,2.71,1.71,3.95,12.2,13.91
M2,M206,ACACBR,1.8,2.54,0.9,1.97,1.07,0.2,0.03,0.02,,,ACACME,11.94,111.91,0.8,3.63,2.83,4.7,17.34,32.72
M2,M206,ACACBR,1.4,1.54,0.8,1.94,1.14,1.35,1.39,1.06,,,ACACME,10.2,81.67,3.99,11,7.01,4.2,13.82,64.57
M2,M206,ACACBR,1.7,2.27,0.8,1.94,1.14,1.35,1.39,1.06,,,ACACME,4.5,15.90,0.8,1.95,1.15,2.85,6.33,4.85
M2,M206,ACACBR,2.5,4.91,0.8,1.7,0.9,0.55,0.19,0.11,,,ACACME,16.5,213.72,0.91,3.51,2.6,3.45,9.34,16.19
M2,M206,ACACBR,1.7,2.27,0.6,1.25,0.65,0.58,0.25,0.11,,,ACACME,12.5,122.66,1.22,3.54,2.32,4.75,17.55,27.15
M2,M206,ACACBR,1.4,1.54,0.9,1.8,0.9,0.65,0.33,0.2,,,ACACME,7.1,39.57,0.99,3.51,2.52,3.82,11.41,19.18
M2,M206,ACACBR,1.8,2.54,1,2.45,1.45,2.18,3.69,3.57,,,ACACME,9.7,73.86,0.77,3.39,2.62,3.16,7.8,13.62
M2,M206,ACACBR,1.2,1.13,1,2.45,1.45,2.18,3.69,3.57,,,ACACME,7.6,45.34,0.46,3.32,2.86,3.21,8.03,15.32
M2,M206,ACACBR,1.5,1.77,1,2.45,1.45,2.18,3.69,3.57,,,ACACME,7.9,48.99,1.22,4.45,3.23,4.8,17.89,38.52
M2,M206,ACACBR,2.5,4.91,1,2.45,1.45,2.18,3.69,3.57,,,ACACME,8.5,56.72,0.6,2.25,1.65,3.06,7.33,8.06
M2,M206,ACACBR,2.1,3.46,1,2.45,1.45,2.18,3.69,3.57,,,ACACME,6.5,33.17,0.4,2.9,2.5,4.49,15.64,26.06
M2,M206,ACACBR,1.8,2.54,1,2.45,1.45,2.18,3.69,3.57,,,ACACME,7.5,44.16,0.14,3.48,3.34,4.88,18.44,41.06
M2,M206,ACACBR,1,0.79,1,2.45,1.45,2.18,3.69,3.57,,,ACACET,8.6,58.06,1,3.98,2.98,4.7,17.18,34.12
M2,M206,ACACBR,1.1,0.95,0.8,2,1.2,2.48,4.59,3.67,,,ACACET,6.9,37.37,0.8,3.67,2.87,2.53,4.97,9.5
M2,M206,ACACBR,1.1,0.95,0.8,2,1.2,2.48,4.59,3.67,,,ACACET,9.9,76.94,1.12,3.66,2.54,4,12.43,21.06
M2,M206,ACACBR,2,3.14,0.8,2,1.2,2.48,4.59,3.67,,,ACACME,9.8,75.39,1.05,3.6,2.55,2.8,6.15,10.45
M2,M206,ACACBR,1.1,0.95,0.8,2,1.2,2.48,4.59,3.67,,,ACACME,7.1,39.57,1.17,3.85,2.68,5.15,20.8,37.17
M2,M206,ACACBR,1,0.79,0.8,2,1.2,2.48,4.59,3.67,,,ACACET,17.6,243.16,0.86,4.02,3.16,3.7,10.68,22.51
M2,M206,ACACBR,1.3,1.33,0.8,2,1.2,2.48,4.59,3.67,,,ACACET,11.4,102.02,0.7,3.42,2.72,3.25,8.27,15
M2,M206,ACACBR,1.5,1.77,0.8,2,1.2,2.48,4.59,3.67,,,ACACTO,5.2,21.23,0.7,2.71,2.01,2.52,4.96,6.65
M2,M206,ACACBR,1,0.79,0.8,2,1.2,2.48,4.59,3.67,,,ACACME,8.6,58.06,0.9,3.04,2.14,3.45,8.31,11.85
M2,M206,ACACBR,3,7.07,0.5,1.95,1.45,2.03,3.18,3.07,,,ACACET,5.3,22.05,0.5,2.36,1.86,2.05,3.28,4.07
M2,M206,ACACBR,1,0.79,0.75,1.95,1.2,0.85,0.57,0.45,,,ACACTO,14.6,167.33,0.6,5.1,4.5,5.25,21.48,64.43
M2,M206,ACACBR,1.7,2.27,0.75,1.95,1.2,0.85,0.57,0.45,,,ACACTO,6.4,32.15,0.63,2.12,1.49,2,3.13,3.11
M2,M206,ACACBR,1.6,2.01,0.9,3.1,2.2,1.85,2.67,3.92,,,ACACME,2.5,4.91,0.4,1,0.6,2.2,3.79,1.52
M2,M206,ACACBR,1.9,2.83,0.9,3.1,2.2,1.85,2.67,3.92,,,ACACME,11.3,100.24,0.5,3.28,2.78,5.34,22.07,40.91
M2,M206,ACACBR,1.6,2.01,0.55,0.95,0.4,0.6,0.27,0.07,,,ACACME,10.3,83.28,0.5,2.56,2.06,3.63,10.1,13.87
M2,M206,ACACBR,2.4,4.52,0.7,1.4,0.7,0.46,0.07,0.03,,,ACACET,2.5,4.91,0.6,1.55,0.95,1.78,2.39,1.51
M2,M206,ACACBR,1.6,2.01,0.7,1.4,0.7,0.46,0.07,0.03,,,ACACME,6.6,34.19,0.8,2.62,1.82,2.3,4.06,4.92
M2,M206,ACACBR,1.6,2.01,0.7,1.3,0.6,0.3,0.07,0.03,,,ACACME,9.7,73.86,0.67,3.31,2.64,3.53,9.67,17.02
M2,M206,ACACBR,1.9,2.83,1.6,2,0.4,0.3,0.06,0.02,,,ACACME,8.4,55.39,0.44,2.77,2.33,2.95,6.81,10.58
M2,M206,ACACET,8.8,60.79,1.1,3.5,2.4,3.55,9.89,15.82,,,ACACME,8.7,59.42,0.4,3.39,2.99,2.88,6.45,12.85
M2,M206,ACACET,13.8,149.50,0.95,3.05,2.1,3.75,11.04,15.45,,,ACACME,8.2,52.78,0.7,3.62,2.92,4.98,19.21,37.4
M2,M206,ACACBR,3.3,8.55,0.6,2.03,1.43,1.4,1.53,1.46,,,ACACME,8.2,52.78,0.5,3.07,2.57,2.7,5.72,9.8
M2,M206,ACACBR,1.6,2.01,0.8,1.62,0.82,1.05,0.86,0.47,,,ACACME,4.7,17.34,0.4,2.17,1.77,2.55,4.98,5.88
M2,M206,ACACBR,1.9,2.83,0.6,1.95,1.35,1.05,0.82,0.73,,,ACACME,8.7,59.42,0.5,3.15,2.65,4.03,12.71,22.45
M2,M206,ACACBR,1.7,2.27,0.6,1.6,1,1.8,2.54,1.69,,,ACACME,7.9,48.99,0.3,3.62,3.32,4.43,15.33,33.93
M2,M206,ACACBR,1.6,2.01,0.6,1.6,1,1.8,2.54,1.69,,,ACACME,9.1,65.01,0.4,3.76,3.36,4.78,17.68,39.61
M2,M206,ACACBR,1.1,0.95,0.6,1.6,1,1.8,2.54,1.69,,,ACACME,3.7,10.75,0.34,1.22,0.88,2.05,3.29,1.93
M2,M206,ACACBR,2.1,3.46,0.6,1.6,1,1.8,2.54,1.69,,,ACACME,6.5,33.17,0.43,3.38,2.95,3.23,8.15,16.03
M2,M206,ACACBR,1.3,1.33,0.9,1.2,0.3,0.35,0.09,0.02,,,ACACME,10.1,80.08,0.66,4.05,3.39,4.48,15.66,35.39
M2,M206,ACACBR,1.2,1.13,0.5,2,1.5,1.35,1.38,1.38,,,ACACME,14.4,162.78,0.3,2.37,2.07,3.18,7.44,10.27
M2,M206,ACACBR,1.8,2.54,0.5,2,1.5,1.35,1.38,1.38,,,ACACTO,2.4,4.52,0.2,1.06,0.86,1.68,2.19,1.26
M2,M206,ACACBR,2.3,4.15,0.5,1.3,0.8,1.15,1.04,0.55,,,ACACTO,18.7,274.51,0.5,2.94,2.44,2.43,4.62,7.51
M2,M206,ACACBR,1.4,1.54,0.5,1.3,0.8,1.15,1.04,0.55,,,ACACTO,2.6,5.31,0.3,1,0.7,1.53,1.82,0.85
M2,M206,ACACBR,1.3,1.33,0.7,1.4,0.7,0.75,0.42,0.2,,,ACACTO,6.7,35.24,0.7,2.79,2.09,2.55,4.98,6.94
M2,M206,ACACBR,2.4,4.52,0.6,1.65,1.05,1.53,1.83,1.28,,,ACACME,11.6,105.63,0.6,2.76,2.16,2.53,4.98,7.17
M2,M206,ACACBR,2.1,3.46,0.6,1.65,1.05,1.53,1.83,1.28,,,ACACTO,3,7.07,0.8,1.84,1.04,1.83,2.61,1.81
M2,M206,ACACBR,2.1,3.46,0.4,1.3,0.9,1.5,1.67,1,,,ACACET,2.7,5.72,0.6,1.83,1.23,2.6,5.3,4.34
M2,M206,ACACBR,1.8,2.54,0.4,1.35,0.95,0.53,0.2,0.13,,,ACACTO,3.7,10.75,0.6,1.83,1.23,2.6,5.3,4.34
M2,M206,ACACBR,2.3,4.15,0.5,1.85,1.35,1.35,1.33,1.2,,,ACACME,15.43,186.90,0.9,3.63,2.73,4.55,16.23,29.55
M2,M206,ACACBR,1.4,1.54,0.5,1.2,0.7,0.78,0.47,0.22,,,ACACTO,12.7,126.61,0.6,3.01,2.41,3.45,9.25,14.86
M2,M206,ACACBR,1.8,2.54,0.5,2.05,1.55,0.98,0.74,0.77,,,ACACTO,3.4,9.07,0.4,1.51,1.11,3.18,7.91,5.85
M2,M206,ACACBR,2,3.14,0.5,2.05,1.55,0.98,0.74,0.77,,,ACACME,8.5,56.72,0.8,4.52,3.72,6,28.25,70.07
M2,M206,ACACBR,2,3.14,0.7,1.4,0.7,0.75,0.42,0.2,,,ACACME,16,200.96,0.6,5.51,4.91,3.78,10.83,35.45
M2,M206,ACACBR,2.7,5.72,0.4,1.6,1.2,1.83,2.53,2.03,,,ACACME,15.1,178.99,0.43,3.88,3.45,3.6,10.14,23.32
M2,M206,ACACBR,1.5,1.77,0.4,1.6,1.2,1.83,2.53,2.03,,,ACACME,22.5,397.41,0.48,4.02,3.54,4.1,13.09,30.89
M2,M206,ACACBR,2.2,3.80,0.4,2.27,1.87,1.58,1.96,2.44,,,ACACME,21.1,349.49,0.8,3.92,3.12,7.05,38.78,80.66
M2,M206,ACACBR,2.8,6.15,0.5,1.9,1.4,1.33,1.34,1.25,,,ACACME,8.7,59.42,0.9,5.15,4.25,3.44,9.26,26.24
M2,M206,ACACBR,1.7,2.27,0.5,1.9,1.4,1.33,1.34,1.25,,,ACACME,14.2,158.29,0.54,2.57,2.03,6.19,29.96,40.54
M2,M206,ACACBR,1.9,2.83,0.5,1.9,1.4,1.33,1.34,1.25,,,ACACTO,5.6,24.62,0.53,2.48,1.95,4.2,13.61,17.7
M2,M206,ACACBR,1.2,1.13,0.5,1.9,1.4,1.33,1.34,1.25,,,ACACET,4.7,17.34,0.7,2.15,1.45,2.96,6.81,6.58
M2,M206,ACACBR,1.4,1.54,0.5,1.9,1.4,1.33,1.34,1.25,,,ACACET,21.7,369.65,0.9,4.15,3.25,4.96,19.2,41.61
M2,M206,ACACBR,1.9,2.83,0.6,2.1,1.5,2.08,3.23,3.23,,,ACACTO,8.7,59.42,1.22,3.85,2.63,3.3,8.48,14.86
M2,M206,ACACBR,1.3,1.33,0.6,2.1,1.5,2.08,3.23,3.23,,,ACACME,28.5,637.62,1,5.01,4.01,7.3,41.27,110.32
M2,M206,ACACBR,1.2,1.13,0.6,2.1,1.5,2.08,3.23,3.23,,,ACACTO,4.5,15.90,0.3,1.59,1.29,3.5,9.62,8.27
M2,M206,ACACBR,1.6,2.01,0.6,2.1,1.5,2.08,3.23,3.23,,,ACACME,2.9,6.60,0.4,1.22,0.82,2.64,5.46,2.99
M2,M206,ACACBR,2.3,4.15,0.6,2.1,1.5,2.08,3.23,3.23,,,ACACTO,4.4,15.20,0.7,2.5,1.8,3.28,8.4,10.07
M2,M206,ACACBR,1.8,2.54,0.6,2.1,1.5,2.08,3.23,3.23,,,ACACTO,4.3,14.51,0.6,2,1.4,2.53,4.99,4.66
M2,M206,ACACBR,2.4,4.52,0.7,2.04,1.34,2.05,3.27,2.92,,,ACACME,10.5,86.55,0.7,3.69,2.99,4.53,16.07,32.03
M2,M206,ACACBR,1.2,1.13,0.7,2.04,1.34,2.05,3.27,2.92,,,ACACTO,5.5,23.75,0.7,2.69,1.99,3.78,11.1,14.73
M2,M206,ACACBR,2.1,3.46,0.7,2.04,1.34,2.05,3.27,2.92,,,ACACME,2.1,3.46,0.26,1.22,0.96,1.43,1.59,1.02
M2,M206,ACACBR,2.3,4.15,0.7,2.04,1.34,2.05,3.27,2.92,,,ACACTO,16.4,211.13,0.7,4.72,4.02,4.02,12.66,33.93
M2,M206,ACACBR,1.3,1.33,0.7,2.04,1.34,2.05,3.27,2.92,,,ACACME,5.6,24.62,0.5,2.84,2.34,2.55,5.09,7.94
M2,M206,ACACBR,1.8,2.54,0.7,2.04,1.34,2.05,3.27,2.92,,,ACACME,12.6,124.63,0.9,3.39,2.49,3.7,10.62,17.63
M2,M206,ACACBR,2.6,5.31,0.7,2.5,1.8,1.28,1.26,1.52,,,ACACET,3.5,9.62,0.5,2.84,2.34,2.58,5.22,8.15
M2,M206,ACACBR,2.1,3.46,0.4,1.4,1,0.55,0.24,0.16,,,ACACTO,6,28.26,0.7,2.21,1.51,2.83,6.21,6.25
M2,M206,ACACBR,1.5,1.77,0.4,1.4,1,0.55,0.24,0.16,,,ACACET,2.5,4.91,0.4,1.62,1.22,2.02,3.2,2.6
M2,M207,ACACET,5.8,26.41,1,2.97,1.97,2.47,4.73,6.21,,,ACACET,2.8,6.15,0.2,1.22,1.02,1.9,2.71,1.84
M2,M207,ACACBR,2.5,4.91,1,2.97,1.97,2.47,4.73,6.21,,,ACACTO,3.5,9.62,0.35,2.2,1.85,2.55,5.06,6.23
M2,M207,ACACBR,3.1,7.54,1,2.97,1.97,2.47,4.73,6.21,,,ACACET,3.5,9.62,0.35,2.2,1.85,2.55,5.06,6.23
M2,M207,ACACBR,1.7,2.27,1,2.97,1.97,2.47,4.73,6.21,,,ACACME,10.7,89.87,0.44,4.67,4.23,3.85,11.48,32.36
M2,M207,ACACBR,2,3.14,1,2.97,1.97,2.47,4.73,6.21,,,ACACME,5.7,25.50,0.52,2.89,2.37,3.45,9.34,14.76
M2,M207,ACACET,9.8,75.39,1.4,3.47,2.07,3.64,10.37,14.31,,,ACACET,3.3,8.55,0.3,1.22,0.92,2.55,5.09,3.12
M2,M207,ACACBR,2,3.14,0.9,2.8,1.9,3.26,8.32,10.53,,,ACACME,4.4,15.20,0.4,1.54,1.14,2.7,5.6,4.25
M2,M207,ACACET,7.1,39.57,1.7,2.8,1.1,3.27,8.37,6.14,,,ACACTO,3.5,9.62,0.3,1.62,1.32,2.3,4.03,3.54
M2,M207,ACACBR,3.9,11.94,1.3,3.24,1.94,2.9,6.53,8.45,,,ACACET,5.9,27.33,0.49,2.56,2.07,3.45,9.33,12.87
M2,M207,ACACBR,2.3,4.15,0.8,3.2,2.4,1.9,2.83,4.53,,,ACACTO,3.4,9.07,0.4,1.22,0.82,2.65,5.46,2.99
M2,M207,ACACBR,1.1,0.95,0.7,2.9,2.2,2,3.11,4.56,,,ACACME,14.4,162.78,1,4.52,3.52,4.98,19.17,44.98
M2,M207,ACACBR,1.2,1.13,0.7,2.9,2.2,2,3.11,4.56,,,ACACET,8.6,58.06,0.7,3.87,3.17,3.78,11.01,23.27
M2,M207,ACACBR,1.1,0.95,0.7,2.9,2.2,2,3.11,4.56,,,ACACTO,8.5,56.72,1.2,2.82,1.62,3.38,8.88,9.59
M2,M207,ACACBR,1.7,2.27,0.7,2.9,2.2,2,3.11,4.56,,,ACACME,7.5,44.16,0.9,3.11,2.21,3.73,10.87,16.01
M2,M207,ACACET,8.9,62.18,1.4,4,2.6,4.59,16.47,28.54,,,ACACME,16.5,213.72,1.1,6.14,5.04,8.08,51.04,171.51
M2,M207,ACACET,13.8,149.50,1.4,4,2.6,4.59,16.47,28.54,,,ACACET,6.5,33.17,0.9,3.76,2.86,2.83,6.25,11.92
M2,M207,ACACET,8.8,60.79,1.4,4,2.6,4.59,16.47,28.54,,,ACACET,2.5,4.91,0.5,1.5,1,1.6,2.01,1.34
M2,M207,ACACET,10.3,83.28,1.4,4,2.6,4.59,16.47,28.54,,,ACACTO,3.4,9.07,0.44,2.47,2.03,3.65,10.41,14.09
M2,M207,ACACBR,1.8,2.54,0.8,2.55,1.75,0.95,0.69,0.81,,,ACACTO,10.9,93.27,0.4,3.67,3.27,6.25,30.62,66.74
M2,M207,ACACBR,3.8,11.34,0.8,2.55,1.75,0.95,0.69,0.81,,,ACACTO,11.3,100.24,0.5,2.56,2.06,5.6,24.5,33.65
M2,M207,ACACBR,1.2,1.13,0.7,1.7,1,0.75,0.44,0.29,,,ACACTO,6.4,32.15,0.5,3.21,2.71,3.8,11.3,20.42
M2,M207,ACACET,7.9,48.99,1.5,4.05,2.55,3.25,8.27,14.07,,,ACACTO,12.7,126.61,1.08,2.86,1.78,4.15,13.5,16.02
M2,M207,ACACET,6.6,34.19,1.5,4.05,2.55,3.25,8.27,14.07,,,ACACTO,10.8,91.56,0.5,3.32,2.82,3.65,10.41,19.57
M2,M207,ACACET,3.8,11.34,1.5,4.05,2.55,3.25,8.27,14.07,,,ACACTO,18.8,277.45,0.6,3.11,2.51,7.05,39.01,65.28
M2,M207,ACACBR,4.1,13.20,0.8,2.95,2.15,1.38,1.46,2.09,,,ACACTO,7.5,44.16,0.56,1.76,1.2,3.45,9.33,7.46
M2,M207,ACACBR,2.4,4.52,1,2.55,1.55,2.3,4.1,4.24,,,ACACTO,11.3,100.24,0.6,3.51,2.91,4.9,18.84,36.55
M2,M207,ACACBR,2,3.14,1,2.05,1.05,1.2,1.11,0.78,,,ACACTO,17.5,240.41,0.3,4.17,3.87,6.25,30.65,79.07
M2,M207,ACACET,3.7,10.75,1.5,5.5,4,3.91,11.92,31.8,,,ACACTO,19.4,295.44,0.3,4.17,3.87,6.25,30.65,79.07
M2,M207,ACACET,12.6,124.63,1.5,5.5,4,3.91,11.92,31.8,,,ACACTO,6.4,32.15,0.5,2.03,1.53,2.95,6.83,6.97
M2,M207,ACACBR,1.9,2.83,1.5,5.5,4,3.91,11.92,31.8,,,ACACTO,7.4,42.99,0.4,2.38,1.98,3.2,8.01,10.57
M2,M207,ACACET,3.9,11.94,0.95,1.92,0.97,1.54,1.84,1.19,,,ACACTO,6.2,30.18,0.8,2.64,1.84,2.35,4.29,5.26
M2,M207,ACACBR,3.4,9.07,0.95,1.92,0.97,1.54,1.84,1.19,,,ACACTO,3.5,9.62,0.55,1.74,1.19,1.65,2.14,1.69
M2,M207,ACACBR,2.4,4.52,1.3,2.74,1.44,1.58,1.92,1.84,,,ACACTO,7,38.47,0.4,1.56,1.16,3.15,7.79,6.02
M2,M207,ACACBR,1.2,1.13,1.3,2.74,1.44,1.58,1.92,1.84,,,ACACTO,19.2,289.38,1.54,3.75,2.21,6.2,30.14,44.41
M2,M207,ACACBR,3.7,10.75,1.3,4.97,3.67,3.19,7.88,19.27,,,ACACTO,9.2,66.44,0.9,3.44,2.54,1.9,2.8,4.75
M2,M207,ACACBR,3.5,9.62,1.3,4.97,3.67,3.19,7.88,19.27,,,ACACTO,10.2,81.67,0.7,3.22,2.52,2.15,3.61,6.07
M2,M207,ACACET,8.9,62.18,2.1,4.55,2.45,3.72,10.75,17.56,,,ACACTO,13.2,136.78,0.88,3.35,2.47,3.85,11.62,19.13
M2,M207,ACACET,2.1,3.46,2.1,4.55,2.45,3.72,10.75,17.56,,,ACACTO,9.2,66.44,0.3,3.04,2.74,1.65,2.12,3.87
M2,M207,ACACET,6.4,32.15,2.1,4.55,2.45,3.72,10.75,17.56,,,ACACTO,9.1,65.01,0.5,2.88,2.38,1.85,2.67,4.23
M2,M207,ACACET,8.1,51.50,2.1,4.55,2.45,3.72,10.75,17.56,,,ACACTO,3.3,8.55,0.55,1.22,0.67,1.45,1.65,0.74
M2,M207,ACACBR,1.8,2.54,0.8,2.6,1.8,2.75,5.61,6.73,,,ACACTO,4.4,15.20,0.5,1.7,1.2,1.65,2.14,1.71
M2,M207,ACACBR,3.6,10.17,0.8,2.6,1.8,2.75,5.61,6.73,,,ACACTO,8.4,55.39,0.6,2.5,1.9,3.7,10.72,13.57
M2,M207,ACACBR,1,0.79,0.8,2.6,1.8,2.75,5.61,6.73,,,ACACTO,6.1,29.21,0.49,2.24,1.75,2.15,3.63,4.23
M2,M207,ACACBR,1.6,2.01,1.1,2.92,1.82,2.48,4.71,5.71,,,ACACTO,17,226.87,1.2,4.1,2.9,5.25,21.63,41.83
M2,M207,ACACBR,1.2,1.13,1.1,2.92,1.82,2.48,4.71,5.71,,,ACACME,7.5,44.16,0.49,2.5,2.01,3.22,8.11,10.87
M2,M207,ACACBR,1.8,2.54,1.1,2.92,1.82,2.48,4.71,5.71,,,ACACET,3.1,7.54,0.41,1.62,1.21,1.43,1.59,1.28
M2,M207,ACACBR,2.2,3.80,1.1,2.92,1.82,2.48,4.71,5.71,,,ACACTO,7.1,39.57,0.34,3.02,2.68,2.38,4.43,7.91
M2,M207,ACACBR,2.2,3.80,1.1,2.92,1.82,2.48,4.71,5.71,,,ACACTO,8.4,55.39,1.13,3.28,2.15,4.85,18.45,26.44
M2,M207,ACACBR,2.1,3.46,1.1,2.92,1.82,2.48,4.71,5.71,,,ACACTO,13,132.67,0.4,3.62,3.22,5.9,27.2,58.39
M2,M207,ACACBR,1.8,2.54,1.1,2.92,1.82,2.48,4.71,5.71,,,ACACTO,4.7,17.34,0.95,4.11,3.16,4.48,15.71,33.09
M2,M207,ACACBR,1.3,1.33,1.1,2.92,1.82,2.48,4.71,5.71,,,ACACTO,9.9,76.94,0.48,3.28,2.8,5.17,20.93,39.08
M2,M207,ACACBR,2.1,3.46,0.85,3.29,2.44,1.65,2.12,3.45,,,ACACTO,14,153.86,0.68,3.24,2.56,6.87,37.04,63.21
M2,M207,ACACBR,2.3,4.15,0.9,2.87,1.97,1.2,1.12,1.47,,,ACACTO,4.7,17.34,0.55,1.62,1.07,3.75,11.01,7.85
M2,M207,ACACBR,2.3,4.15,1,2.52,1.52,1.67,2.18,2.2,,,ACACTO,11.1,96.72,1.51,2.31,0.8,4.57,16.33,8.71
M2,M207,ACACBR,1.6,2.01,1,3.02,2.02,0.95,0.69,0.93,,,ACACTO,2.3,4.15,0.3,1,0.7,1.38,1.48,0.69
M2,M207,ACACBR,1.8,2.54,1.1,2.32,1.22,1.81,2.53,2.05,,,ACACTO,4.5,15.90,0.3,1,0.7,1.38,1.48,0.69
M2,M207,ACACBR,1.8,2.54,1.1,2.32,1.22,1.81,2.53,2.05,,,ACACTO,4.4,15.20,0.3,1.62,1.32,2.34,4.27,3.76
M2,M207,ACACBR,2.9,6.60,1.1,2.32,1.22,1.81,2.53,2.05,,,ACACME,5.7,25.50,0.4,2.57,2.17,2.34,4.27,6.18
M2,M207,ACACBR,2.2,3.80,1.1,2.32,1.22,1.81,2.53,2.05,,,ACACTO,17.9,251.52,0.8,4.02,3.22,5.99,27.97,60.04
M2,M207,ACACBR,1.9,2.83,1.1,2.32,1.22,1.81,2.53,2.05,,,ACACTO,2.5,4.91,0.4,1.59,1.19,1.76,2.43,1.93
M2,M207,ACACBR,1.9,2.83,0.2,0.7,0.5,0.5,0.16,0.05,,,ACACTO,2.4,4.52,0.45,1,0.55,1.86,2.71,0.99
M2,M207,ACACBR,3.1,7.54,0.2,0.7,0.5,0.5,0.16,0.05,,,ACACME,2.4,4.52,0.27,0.9,0.63,2.4,4.49,1.89
M2,M207,ACACBR,2.7,5.72,1,3.98,2.98,3.25,8.29,16.47,,,ACACTO,5.6,24.62,0.65,1.99,1.34,3.8,11.29,10.08
M2,M207,ACACBR,3.1,7.54,1,3.98,2.98,3.25,8.29,16.47,,,ACACTO,30.6,735.04,1.61,7.05,5.44,7.78,47.5,172.26
M2,M207,ACACBR,1.9,2.83,1,3.98,2.98,3.25,8.29,16.47,,,ACACET,8.4,55.39,0.7,3.62,2.92,4.32,14.62,28.45
M2,M207,ACACBR,1.5,1.77,1,3.98,2.98,3.25,8.29,16.47,,,ACACET,7.3,41.83,0.5,2.39,1.89,4.39,15.11,19.04
M2,M207,ACACBR,1.7,2.27,1,3.98,2.98,3.25,8.29,16.47,,,ACACET,14.7,169.63,0.56,5.52,4.96,7.65,45.94,151.91
M2,M207,ACACBR,2,3.14,1,3.98,2.98,3.25,8.29,16.47,,,ACACET,2.4,4.52,0.6,1.89,1.29,2.19,3.76,3.24
M2,M207,ACACBR,2.8,6.15,1,3.98,2.98,3.25,8.29,16.47,,,ACACET,17.2,232.23,0.85,5.22,4.37,6.15,29.64,86.36
M2,M207,ACACBR,2.6,5.31,1,3.98,2.98,3.25,8.29,16.47,,,ACACET,15.4,186.17,0.9,5.05,4.15,5.22,21.39,59.18
M2,M207,ACACBR,2.8,6.15,1,3.98,2.98,3.25,8.29,16.47,,,ACACET,8.7,59.42,0.88,4.49,3.61,3.9,11.93,28.72
M2,M207,ACACBR,2.6,5.31,1,3.98,2.98,3.25,8.29,16.47,,,ACACET,2.6,5.31,0.3,1.75,1.45,1.62,2.05,1.98
M2,M207,ACACBR,2.5,4.91,1,2.69,1.69,0.9,0.63,0.71,,,ACACET,6.4,32.15,0.9,4,3.1,3.44,9.26,19.14
M2,M207,ACACET,4.9,18.85,0.7,3.39,2.69,2.35,4.29,7.69,,,ACACTO,4.5,15.90,0.4,1.77,1.37,2.47,4.77,4.35
M2,M207,ACACET,5.4,22.89,0.7,3.39,2.69,2.35,4.29,7.69,,,,,,,,,,,
M2,M207,ACACBR,2.6,5.31,1,2.6,1.6,1.18,1.04,1.11,,,,,,,,,,,
M2,M207,ACACBR,2.8,6.15,1.1,3.02,1.92,1.29,1.12,1.43,,,,,,,,,,,
M2,M207,ACACBR,2.4,4.52,1.1,3.02,1.92,1.29,1.12,1.43,,,,,,,,,,,
M2,M207,ACACBR,1.5,1.77,1.1,3.02,1.92,1.29,1.12,1.43,,,,,,,,,,,
M2,M207,ACACBR,3.6,10.17,0.9,3.15,2.25,2.41,4.55,6.83,,,,,,,,,,,
M2,M207,ACACBR,1.7,2.27,0.9,3.15,2.25,2.41,4.55,6.83,,,,,,,,,,,
M2,M207,ACACET,8.7,59.42,1.4,3.52,2.12,4.12,13.24,18.72,,,,,,,,,,,
M2,M207,ACACET,11.6,105.63,1.4,3.52,2.12,4.12,13.24,18.72,,,,,,,,,,,
M2,M207,ACACBR,3.7,10.75,1.11,2.85,1.74,2.13,3.54,4.11,,,,,,,,,,,
M2,M207,ACACBR,2.8,6.15,1.11,2.85,1.74,2.13,3.54,4.11,,,,,,,,,,,
M2,M207,ACACET,6.3,31.16,1.4,2.9,1.5,2.34,4.26,4.26,,,,,,,,,,,
M2,M207,ACACET,4.5,15.90,1.4,2.7,1.3,1.65,1.9,1.65,,,,,,,,,,,
M2,M207,ACACET,6,28.26,1.4,2.7,1.3,1.65,1.9,1.65,,,,,,,,,,,
M2,M207,ACACBR,2.4,4.52,0.7,1.88,1.18,1.63,2.03,1.6,,,,,,,,,,,
M2,M207,ACACBR,1.4,1.54,0.9,2.4,1.5,3.03,7.1,7.1,,,,,,,,,,,
M2,M207,ACACBR,2.3,4.15,0.9,2.4,1.5,3.03,7.1,7.1,,,,,,,,,,,
M2,M207,ACACBR,2.5,4.91,0.9,2.4,1.5,3.03,7.1,7.1,,,,,,,,,,,
M2,M207,ACACBR,2,3.14,0.9,2.4,1.5,3.03,7.1,7.1,,,,,,,,,,,
M2,M207,ACACBR,1.7,2.27,0.9,2.4,1.5,3.03,7.1,7.1,,,,,,,,,,,
M2,M207,ACACBR,1.9,2.83,0.9,2.4,1.5,3.03,7.1,7.1,,,,,,,,,,,
M2,M207,ACACBR,2.1,3.46,0.9,2.4,1.5,3.03,7.1,7.1,,,,,,,,,,,
M2,M207,ACACBR,2,3.14,0.9,2.4,1.5,3.03,7.1,7.1,,,,,,,,,,,
M2,M207,ACACBR,1.6,2.01,0.9,2.4,1.5,3.03,7.1,7.1,,,,,,,,,,,
M2,M207,ACACBR,2.2,3.80,0.9,2.4,1.5,3.03,7.1,7.1,,,,,,,,,,,
M2,M207,ACACBR,1.6,2.01,0.6,1.4,0.8,0.85,0.57,0.3,,,,,,,,,,,
M2,M207,ACACBR,2.3,4.15,0.8,1.64,0.84,1.05,0.86,0.48,,,,,,,,,,,
M2,M207,ACACET,6,28.26,1.4,3.35,1.95,4.3,14.32,18.61,,,,,,,,,,,
M2,M207,ACACET,13.5,143.07,1.4,3.35,1.95,4.3,14.32,18.61,,,,,,,,,,,
M2,M207,ACACME,4.6,16.61,0.6,1.2,0.6,1.75,2.39,0.96,,,,,,,,,,,
M2,M207,ACACET,17,226.87,1.2,3.5,2.3,4,12.41,19.02,,,,,,,,,,,
M2,M207,ACACBR,2.1,3.46,1,2.13,1.13,0.5,0.19,0.14,,,,,,,,,,,
M2,M207,ACACET,4.5,15.90,1.8,4.2,2.4,3.5,9.42,15.07,,,,,,,,,,,
M2,M207,ACACET,15.2,181.37,1.8,4.2,2.4,3.5,9.42,15.07,,,,,,,,,,,
M2,M207,ACACET,13.9,151.67,0.9,2.9,2,3.69,10.65,14.21,,,,,,,,,,,
M2,M207,ACACBR,2.5,4.91,0.7,2.13,1.43,0.95,0.71,0.67,,,,,,,,,,,
M2,M207,ACACBR,1.9,2.83,0.7,2.4,1.7,2.97,6.91,7.83,,,,,,,,,,,
M2,M207,ACACBR,2.4,4.52,0.7,2.4,1.7,2.97,6.91,7.83,,,,,,,,,,,
M2,M207,ACACBR,3.4,9.07,0.7,2.4,1.7,2.97,6.91,7.83,,,,,,,,,,,
M2,M207,ACACBR,1,0.79,0.7,2.4,1.7,2.97,6.91,7.83,,,,,,,,,,,
M2,M207,ACACET,16,200.96,0.9,4.15,3.25,5.94,25.85,56.01,,,,,,,,,,,
M2,M207,ACACET,11.8,109.30,0.9,4.15,3.25,5.94,25.85,56.01,,,,,,,,,,,
M2,M207,ACACBR,1.4,1.54,0.7,2,1.3,2.93,6.59,5.71,,,,,,,,,,,
M2,M207,ACACBR,1.9,2.83,0.7,2,1.3,2.93,6.59,5.71,,,,,,,,,,,
M2,M207,ACACBR,1.8,2.54,0.7,2,1.3,2.93,6.59,5.71,,,,,,,,,,,
M2,M207,ACACBR,2,3.14,0.7,2,1.3,2.93,6.59,5.71,,,,,,,,,,,
M2,M207,ACACBR,2.9,6.60,0.7,2,1.3,2.93,6.59,5.71,,,,,,,,,,,
M2,M207,ACACBR,1.3,1.33,0.8,3.33,2.53,2.5,4.9,8.26,,,,,,,,,,,
M2,M207,ACACBR,3.1,7.54,0.8,3.33,2.53,2.5,4.9,8.26,,,,,,,,,,,
M2,M208,ACACBR,2,3.14,0.7,1.95,1.25,1.41,1.49,1.24,,,,,,,,,,,
M2,M208,ACACBR,1.1,0.95,0.7,1.95,1.25,1.41,1.49,1.24,,,,,,,,,,,
M2,M208,ACACET,12.7,126.61,2.07,4.72,2.65,4.3,14.51,25.64,,,,,,,,,,,
M2,M208,ACACBR,2.5,4.91,1,2.3,1.3,1.15,1.04,0.9,,,,,,,,,,,
M2,M208,ACACBR,3.3,8.55,1,2.3,1.3,1.15,1.04,0.9,,,,,,,,,,,
M2,M208,ACACBR,1.5,1.77,0.7,2.05,1.35,1.94,2.93,2.64,,,,,,,,,,,
M2,M208,ACACBR,2.7,5.72,0.7,2.05,1.35,1.94,2.93,2.64,,,,,,,,,,,
M2,M208,ACACET,12.2,116.84,1.82,4.32,2.5,5.72,25.65,42.75,,,,,,,,,,,
M2,M208,ACACBR,3.2,8.04,0.65,2.37,1.72,2.19,3.5,4.01,,,,,,,,,,,
M2,M208,ACACBR,1.4,1.54,0.65,2.37,1.72,2.19,3.5,4.01,,,,,,,,,,,
M2,M208,ACACET,13.3,138.86,1.94,3.82,1.88,3.72,10.86,13.61,,,,,,,,,,,
M2,M208,ACACBR,1.8,2.54,0.7,1.77,1.07,0.95,0.69,0.49,,,,,,,,,,,
M2,M208,ACACET,16.4,211.13,0.8,3.25,2.45,5.39,22.56,36.84,,,,,,,,,,,
M2,M208,ACACBR,3.2,8.04,0.8,1.97,1.17,3.46,9.34,7.28,,,,,,,,,,,
M2,M208,ACACBR,1.7,2.27,0.8,1.97,1.17,3.46,9.34,7.28,,,,,,,,,,,
M2,M208,ACACBR,2.1,3.46,0.8,1.97,1.17,3.46,9.34,7.28,,,,,,,,,,,
M2,M208,ACACBR,1.7,2.27,0.8,1.97,1.17,3.46,9.34,7.28,,,,,,,,,,,
M2,M208,ACACBR,4.4,15.20,1.2,2.7,1.5,2.36,4.37,4.37,,,,,,,,,,,
M2,M208,ACACBR,1.4,1.54,1.2,2.7,1.5,2.36,4.37,4.37,,,,,,,,,,,
M2,M208,ACACBR,1.8,2.54,0.7,3.12,2.42,1.3,1.32,2.13,,,,,,,,,,,
M2,M208,ACACBR,1.9,2.83,0.7,3.12,2.42,1.3,1.32,2.13,,,,,,,,,,,
M2,M208,ACACBR,1.4,1.54,0.8,4.12,3.32,3.02,7.03,15.57,,,,,,,,,,,
M2,M208,ACACBR,2.2,3.80,0.8,4.12,3.32,3.02,7.03,15.57,,,,,,,,,,,
M2,M208,ACACBR,1.3,1.33,0.8,4.12,3.32,3.02,7.03,15.57,,,,,,,,,,,
M2,M208,ACACBR,1.4,1.54,0.8,4.12,3.32,3.02,7.03,15.57,,,,,,,,,,,
M2,M208,ACACBR,2,3.14,0.8,4.12,3.32,3.02,7.03,15.57,,,,,,,,,,,
M2,M208,ACACBR,2.4,4.52,0.8,4.12,3.32,3.02,7.03,15.57,,,,,,,,,,,
M2,M208,ACACBR,1.3,1.33,0.8,4.12,3.32,3.02,7.03,15.57,,,,,,,,,,,
M2,M208,ACACBR,1.2,1.13,0.8,4.12,3.32,3.02,7.03,15.57,,,,,,,,,,,
M2,M208,ACACBR,1.8,2.54,0.8,4.12,3.32,3.02,7.03,15.57,,,,,,,,,,,
M2,M208,ACACBR,1.6,2.01,0.8,4.12,3.32,3.02,7.03,15.57,,,,,,,,,,,
M2,M208,ACACBR,1.5,1.77,0.8,4.12,3.32,3.02,7.03,15.57,,,,,,,,,,,
M2,M208,ACACBR,1.9,2.83,0.8,4.12,3.32,3.02,7.03,15.57,,,,,,,,,,,
M2,M208,ACACBR,1.9,2.83,0.8,4.12,3.32,3.02,7.03,15.57,,,,,,,,,,,
M2,M208,ACACBR,1.3,1.33,0.8,4.12,3.32,3.02,7.03,15.57,,,,,,,,,,,
M2,M208,ACACBR,1.4,1.54,0.8,4.12,3.32,3.02,7.03,15.57,,,,,,,,,,,
M2,M208,ACACBR,2,3.14,0.7,1.9,1.2,2.23,3.87,3.1,,,,,,,,,,,
M2,M208,ACACBR,3,7.07,0.8,4.12,3.32,3.02,7.03,15.57,,,,,,,,,,,
M2,M208,ACACBR,2.7,5.72,0.8,4.12,3.32,3.02,7.03,15.57,,,,,,,,,,,
M2,M208,ACACET,4.6,16.61,1.2,3.15,1.95,4.31,14.53,18.89,,,,,,,,,,,
M2,M208,ACACET,8.4,55.39,1.2,3.15,1.95,4.31,14.53,18.89,,,,,,,,,,,
M2,M208,ACACET,1.7,2.27,1.2,3.15,1.95,4.31,14.53,18.89,,,,,,,,,,,
M2,M208,ACACBR,2.8,6.15,1.2,2.87,1.67,2.65,5.49,6.11,,,,,,,,,,,
M2,M208,ACACBR,1.7,2.27,0.6,2.54,1.94,4.77,17.15,22.18,,,,,,,,,,,
M2,M208,ACACBR,1.6,2.01,0.6,2.54,1.94,4.77,17.15,22.18,,,,,,,,,,,
M2,M208,ACACBR,1.7,2.27,0.6,2.54,1.94,4.77,17.15,22.18,,,,,,,,,,,
M2,M208,ACACBR,1.5,1.77,0.6,2.54,1.94,4.77,17.15,22.18,,,,,,,,,,,
M2,M208,ACACBR,2.6,5.31,0.6,2.54,1.94,4.77,17.15,22.18,,,,,,,,,,,
M2,M208,ACACBR,3.2,8.04,0.6,2.54,1.94,4.77,17.15,22.18,,,,,,,,,,,
M2,M208,ACACBR,2.9,6.60,0.6,2.54,1.94,4.77,17.15,22.18,,,,,,,,,,,
M2,M208,ACACBR,2.3,4.15,0.6,2.54,1.94,4.77,17.15,22.18,,,,,,,,,,,
M2,M208,ACACBR,1.4,1.54,0.6,2.54,1.94,4.77,17.15,22.18,,,,,,,,,,,
M2,M208,ACACBR,2.2,3.80,0.6,2.54,1.94,4.77,17.15,22.18,,,,,,,,,,,
M2,M208,ACACBR,2,3.14,0.6,2.54,1.94,4.77,17.15,22.18,,,,,,,,,,,
M2,M208,ACACBR,2.8,6.15,0.6,2.54,1.94,4.77,17.15,22.18,,,,,,,,,,,
M2,M208,ACACBR,2.8,6.15,0.6,2.54,1.94,4.77,17.15,22.18,,,,,,,,,,,
M2,M208,ACACBR,1.8,2.54,0.6,2.21,1.61,0.8,0.5,0.54,,,,,,,,,,,
M2,M208,ACACBR,1.7,2.27,0.8,2.2,1.4,0.7,0.35,0.33,,,,,,,,,,,
M2,M208,ACACBR,1.6,2.01,0.8,2.2,1.4,0.7,0.35,0.33,,,,,,,,,,,
M2,M208,ACACBR,2.2,3.80,0.7,2.8,2.1,1,0.71,1,,,,,,,,,,,
M2,M208,ACACBR,2.7,5.72,0.5,1.5,1,1.6,1.73,1.15,,,,,,,,,,,
M2,M208,ACACBR,4,12.56,0.6,2.51,1.91,2.23,3.88,4.93,,,,,,,,,,,
M2,M208,ACACBR,2.6,5.31,0.7,2.77,2.07,2.74,5.45,7.52,,,,,,,,,,,
M2,M208,ACACBR,2.3,4.15,0.7,2.77,2.07,2.74,5.45,7.52,,,,,,,,,,,
M2,M208,ACACBR,2.9,6.60,0.7,2.17,1.47,3.1,7.16,7.02,,,,,,,,,,,
M2,M208,ACACBR,1.6,2.01,0.7,2.17,1.47,3.1,7.16,7.02,,,,,,,,,,,
M2,M208,ACACBR,2.3,4.15,0.7,2.17,1.47,3.1,7.16,7.02,,,,,,,,,,,
M2,M208,ACACBR,3.5,9.62,0.7,2.17,1.47,3.1,7.16,7.02,,,,,,,,,,,
M2,M208,ACACBR,2.2,3.80,0.7,2.17,1.47,3.1,7.16,7.02,,,,,,,,,,,
M2,M208,ACACBR,1.2,1.13,0.7,2.17,1.47,3.1,7.16,7.02,,,,,,,,,,,
M2,M208,ACACBR,2.4,4.52,0.7,2.17,1.47,3.1,7.16,7.02,,,,,,,,,,,
M2,M208,ACACBR,2,3.14,0.7,2.17,1.47,3.1,7.16,7.02,,,,,,,,,,,
M2,M208,ACACBR,3.4,9.07,0.5,2.02,1.52,1.59,1.98,2.01,,,,,,,,,,,
M2,M208,ACACBR,2.3,4.15,0.5,2.02,1.52,1.59,1.98,2.01,,,,,,,,,,,
M2,M208,ACACBR,3,7.07,0.45,1.8,1.35,3.35,8.67,7.8,,,,,,,,,,,
M2,M208,ACACET,17.6,243.16,1.6,3.98,2.38,4.25,14.17,22.49,,,,,,,,,,,
M2,M208,ACACBR,1.4,1.54,2.6,3.98,1.38,0.45,0.11,0.1,,,,,,,,,,,
M2,M208,ACACBR,3.9,11.94,0.65,1.6,0.95,0.9,0.35,0.22,,,,,,,,,,,
M2,M208,ACACBR,2.6,5.31,0.7,2.12,1.42,2.41,4.43,4.19,,,,,,,,,,,
M2,M208,ACACBR,4.1,13.20,0.7,2.12,1.42,2.41,4.43,4.19,,,,,,,,,,,
M2,M208,ACACET,1.4,1.54,0.55,1.1,0.55,1,0.59,0.22,,,,,,,,,,,
M2,M208,ACACET,1.4,1.54,0.35,1.4,1.05,1.35,1.41,0.99,,,,,,,,,,,
M2,M208,ACACET,6.7,35.24,1.3,3.85,2.55,3.05,7.09,12.05,,,,,,,,,,,
M2,M208,ACACET,8.1,51.50,0.9,3.63,2.73,5.06,19.38,35.26,,,,,,,,,,,
M2,M208,ACACET,6.8,36.30,0.9,3.63,2.73,5.06,19.38,35.26,,,,,,,,,,,
M2,M208,ACACET,8.9,62.18,0.9,3.63,2.73,5.06,19.38,35.26,,,,,,,,,,,
M2,M208,ACACET,11.3,100.24,0.9,3.63,2.73,5.06,19.38,35.26,,,,,,,,,,,
M2,M208,ACACBR,1.1,0.95,0.3,1.5,1.2,0.48,0.09,0.08,,,,,,,,,,,
M2,M208,ACACET,6,28.26,1.4,3.57,2.17,4.93,18.53,26.8,,,,,,,,,,,
M2,M208,ACACET,9.8,75.39,1.4,3.57,2.17,4.93,18.53,26.8,,,,,,,,,,,
M2,M208,ACACET,7.5,44.16,1.6,4.15,2.55,6.55,33.37,56.72,,,,,,,,,,,
M2,M208,ACACET,1.1,0.95,1.6,4.15,2.55,6.55,33.37,56.72,,,,,,,,,,,
M2,M208,ACACET,7.5,44.16,1.6,4.15,2.55,6.55,33.37,56.72,,,,,,,,,,,
M2,M208,ACACET,6.1,29.21,1.6,4.15,2.55,6.55,33.37,56.72,,,,,,,,,,,
M2,M208,ACACET,15.9,198.46,1.6,4.15,2.55,6.55,33.37,56.72,,,,,,,,,,,
M2,M208,ACACME,3.7,10.75,1.6,4.15,2.55,6.55,33.37,56.72,,,,,,,,,,,
M2,M208,ACACBR,1.5,1.77,1,1.92,0.92,0.6,0.27,0.17,,,,,,,,,,,
M2,M209,ACACBR,2.5,4.91,0.8,2.83,2.03,2.6,5.26,7.12,,,,,,,,,,,
M2,M209,ACACBR,2,3.14,0.6,1.5,0.9,0.65,0.33,0.2,,,,,,,,,,,
M2,M209,ACACBR,3.1,7.54,0.6,1.86,1.26,1,0.75,0.63,,,,,,,,,,,
M2,M209,ACACBR,2.7,5.72,0.7,1.8,1.1,1.83,2.61,1.91,,,,,,,,,,,
M2,M209,ACACBR,3.3,8.55,0.6,1.7,1.1,2.7,5.6,4.1,,,,,,,,,,,
M2,M209,ACACBR,4.6,16.61,0.9,3,2.1,1.86,2.71,3.8,,,,,,,,,,,
M2,M209,ACACBR,2,3.14,0.9,3,2.1,1.86,2.71,3.8,,,,,,,,,,,
M2,M209,ACACBR,3.9,11.94,1.1,3.67,2.57,3.83,11.47,19.66,,,,,,,,,,,
M2,M209,ACACBR,1.5,1.77,1.1,3.67,2.57,3.83,11.47,19.66,,,,,,,,,,,
M2,M209,ACACBR,2.6,5.31,0.57,0.9,0.33,2.53,4.98,1.1,,,,,,,,,,,
M2,M209,ACACBR,1.7,2.27,0.8,2.7,1.9,3,6.62,8.39,,,,,,,,,,,
M2,M209,ACACBR,1.5,1.77,0.8,2.7,1.9,3,6.62,8.39,,,,,,,,,,,
M2,M209,ACACBR,1,0.79,0.8,2.7,1.9,3,6.62,8.39,,,,,,,,,,,
M2,M209,ACACBR,2.2,3.80,0.8,2.7,1.9,3,6.62,8.39,,,,,,,,,,,
M2,M209,ACACBR,1.3,1.33,0.8,2.7,1.9,3,6.62,8.39,,,,,,,,,,,
M2,M209,ACACBR,2.3,4.15,0.8,2.7,1.9,3,6.62,8.39,,,,,,,,,,,
M2,M209,ACACBR,2.8,6.15,0.8,2.7,1.9,3,6.62,8.39,,,,,,,,,,,
M2,M209,ACACBR,1.8,2.54,0.8,2.7,1.9,3,6.62,8.39,,,,,,,,,,,
M2,M209,ACACBR,1.2,1.13,0.8,2.7,1.9,3,6.62,8.39,,,,,,,,,,,
M2,M209,ACACBR,1.8,2.54,0.8,2.7,1.9,3,6.62,8.39,,,,,,,,,,,
M2,M209,ACACBR,1.8,2.54,0.8,2.7,1.9,3,6.62,8.39,,,,,,,,,,,
M2,M209,ACACBR,1.5,1.77,0.6,1.5,0.9,0.85,0.57,0.34,,,,,,,,,,,
M2,M209,ACACBR,1.8,2.54,0.7,2.25,1.55,0.55,0.22,0.23,,,,,,,,,,,
M2,M209,ACACBR,1.8,2.54,0.7,2.25,1.55,0.55,0.22,0.23,,,,,,,,,,,
M2,M209,ACACBR,2.1,3.46,0.8,2.11,1.31,0.95,0.71,0.62,,,,,,,,,,,
M2,M209,ACACBR,2,3.14,0.7,1.7,1,1.15,0.94,0.63,,,,,,,,,,,
M2,M209,ACACBR,2.8,6.15,0.7,1.7,1,1.15,0.94,0.63,,,,,,,,,,,
M2,M209,ACACBR,2.8,6.15,1,3.16,2.16,2.06,3.31,4.77,,,,,,,,,,,
M2,M209,ACACBR,2.8,6.15,0.8,1.2,0.4,1.82,2.38,0.63,,,,,,,,,,,
M2,M209,ACACME,1.3,1.33,0.7,2.61,1.91,3.46,9.39,11.96,,,,,,,,,,,
M2,M209,ACACME,2.7,5.72,0.7,1.7,1,1.15,0.94,0.63,,,,,,,,,,,
M2,M209,ACACME,3.8,11.34,0.7,1.7,1,1.15,0.94,0.63,,,,,,,,,,,
M2,M209,ACACET,10.4,84.91,0.7,1.7,1,1.15,0.94,0.63,,,,,,,,,,,
M2,M209,ACACET,2.5,4.91,0.7,1.7,1,1.15,0.94,0.63,,,,,,,,,,,
M2,M209,ACACET,10,78.50,1.1,3.43,2.33,3.95,12.15,18.87,,,,,,,,,,,
M2,M209,ACACET,7.4,42.99,1.1,3.43,2.33,3.95,12.15,18.87,,,,,,,,,,,
M2,M209,ACACET,5.5,23.75,1.1,3.43,2.33,3.95,12.15,18.87,,,,,,,,,,,
M2,M209,ACACBR,2.6,5.31,0.8,1.85,1.05,3.48,9.51,6.65,,,,,,,,,,,
M2,M209,ACACBR,1.6,2.01,0.8,1.85,1.05,3.48,9.51,6.65,,,,,,,,,,,
M2,M209,ACACBR,1.8,2.54,0.8,1.85,1.05,3.48,9.51,6.65,,,,,,,,,,,
M2,M209,ACACBR,1.6,2.01,0.8,1.85,1.05,3.48,9.51,6.65,,,,,,,,,,,
M2,M209,ACACBR,2.3,4.15,0.8,1.85,1.05,3.48,9.51,6.65,,,,,,,,,,,
M2,M209,ACACBR,1.3,1.33,0.8,1.85,1.05,3.48,9.51,6.65,,,,,,,,,,,
M2,M209,ACACBR,1.3,1.33,0.8,1.85,1.05,3.48,9.51,6.65,,,,,,,,,,,
M2,M209,ACACBR,2.2,3.80,0.8,1.85,1.05,3.48,9.51,6.65,,,,,,,,,,,
M2,M209,ACACBR,1.1,0.95,0.8,1.85,1.05,3.48,9.51,6.65,,,,,,,,,,,
M2,M209,ACACET,9.5,70.85,0.8,1.85,1.05,3.48,9.51,6.65,,,,,,,,,,,
M2,M209,ACACBR,2.2,3.80,0.9,2.3,1.4,0.65,0.33,0.31,,,,,,,,,,,
M2,M209,ACACET,6.5,33.17,1,2.25,1.25,1.51,1.71,1.43,,,,,,,,,,,
M2,M209,ACACBR,5.3,22.05,1.1,3.17,2.07,3.76,11.1,15.31,,,,,,,,,,,
M2,M209,ACACBR,4.3,14.51,0.7,1.79,1.09,2.84,6.14,4.46,,,,,,,,,,,
M2,M209,ACACBR,2.8,6.15,0.8,2.4,1.6,1.73,2.33,2.49,,,,,,,,,,,
M2,M209,ACACET,11.3,100.24,0.6,3.3,2.7,3.12,7.25,13.04,,,,,,,,,,,
M2,M209,ACACBR,1.4,1.54,0.6,1.99,1.39,2.21,3.63,3.37,,,,,,,,,,,
M2,M209,ACACBR,2.5,4.91,0.6,1.99,1.39,2.21,3.63,3.37,,,,,,,,,,,
M2,M209,ACACBR,1.4,1.54,0.6,1.99,1.39,2.21,3.63,3.37,,,,,,,,,,,
M2,M209,ACACBR,2.1,3.46,0.8,1.94,1.14,0.8,0.49,0.38,,,,,,,,,,,
M2,M210,ACACBR,1.3,1.33,0.8,1.7,0.9,1.05,0.77,0.46,,,,,,,,,,,
M2,M210,ACACBR,1.6,2.01,0.8,1.7,0.9,1.05,0.77,0.46,,,,,,,,,,,
M2,M210,ACACET,15.9,198.46,1.4,4.4,3,4.36,14.82,29.64,,,,,,,,,,,
M2,M210,ACACBR,2.5,4.91,0.75,1.62,0.87,0.65,0.33,0.19,,,,,,,,,,,
M2,M210,ACACBR,2.7,5.72,0.8,2.13,1.33,0.9,0.63,0.56,,,,,,,,,,,
M2,M210,ACACBR,1.3,1.33,0.8,1.4,0.6,0.6,0.25,0.1,,,,,,,,,,,
M2,M210,ACACBR,2.4,4.52,0.95,3.41,2.46,2.22,3.85,6.32,,,,,,,,,,,
M2,M210,ACACBR,2.6,5.31,0.8,2.5,1.7,1.85,2.68,3.04,,,,,,,,,,,
M2,M210,ACACBR,2.9,6.60,0.75,2.57,1.82,1.98,3.04,3.69,,,,,,,,,,,
M2,M210,ACACBR,5.3,22.05,1,2.6,1.6,3.19,7.99,8.52,,,,,,,,,,,
M2,M210,ACACBR,4,12.56,0.7,3.23,2.53,3.05,7.25,12.24,,,,,,,,,,,
M2,M210,ACACBR,2.4,4.52,0.75,1.5,0.75,1.15,1.02,0.51,,,,,,,,,,,
M2,M210,ACACBR,2.3,4.15,0.95,1.7,0.75,0.78,0.47,0.24,,,,,,,,,,,
M2,M210,ACACBR,3.2,8.04,1,2.7,1.7,2.31,4.12,4.66,,,,,,,,,,,
M2,M210,ACACBR,1.4,1.54,0.7,1.6,0.9,1.15,1.02,0.61,,,,,,,,,,,
M2,M210,ACACBR,2.7,5.72,0.55,2.02,1.47,1.84,2.64,2.59,,,,,,,,,,,
M2,M210,ACACBR,1.6,2.01,0.95,1.9,0.95,1.1,0.82,0.52,,,,,,,,,,,
M2,M210,ACACBR,1.7,2.27,1.2,2.64,1.44,2.29,4.08,3.92,,,,,,,,,,,
M2,M210,ACACBR,1.4,1.54,1.2,2.64,1.44,2.29,4.08,3.92,,,,,,,,,,,
M2,M210,ACACBR,1.2,1.13,1.2,2.64,1.44,2.29,4.08,3.92,,,,,,,,,,,
M2,M210,ACACBR,3,7.07,0.45,1.4,0.95,1.03,0.82,0.52,,,,,,,,,,,
M2,M210,ACACBR,1.7,2.27,0.45,2.81,2.36,1.51,1.49,2.35,,,,,,,,,,,
M2,M210,ACACBR,1.7,2.27,0.4,2,1.6,0.55,0.24,0.25,,,,,,,,,,,
M2,M210,ACACBR,2.4,4.52,0.9,2.73,1.83,1.3,1.32,1.61,,,,,,,,,,,
M2,M210,ACACET,18,254.34,1.5,4.27,2.77,6.22,30.31,55.97,,,,,,,,,,,
M2,M210,ACACET,10.9,93.27,1.5,4.27,2.77,6.22,30.31,55.97,,,,,,,,,,,
M2,M210,ACACBR,2.7,5.72,0.55,1.77,1.22,1.87,2.74,2.23,,,,,,,,,,,
M2,M210,ACACBR,1.9,2.83,0.7,1.85,1.15,0.85,0.57,0.43,,,,,,,,,,,
M2,M210,ACACBR,3.9,11.94,0.7,0.95,0.25,1.35,1.43,0.24,,,,,,,,,,,
M2,M210,ACACBR,1.8,2.54,1.15,1.55,0.4,0.58,0.25,0.07,,,,,,,,,,,
M2,M210,ACACBR,2.1,3.46,1.1,1.4,0.3,0.25,0.05,0.01,,,,,,,,,,,
M2,M210,ACACBR,2.4,4.52,0.8,1.3,0.5,1.33,1.32,0.44,,,,,,,,,,,
M2,M210,ACACBR,1.5,1.77,0.8,1.3,0.5,1.33,1.32,0.44,,,,,,,,,,,
M2,M210,ACACBR,1.6,2.01,0.8,1.3,0.5,1.33,1.32,0.44,,,,,,,,,,,
M2,M210,ACACBR,2.2,3.80,1,2.25,1.25,1.45,1.65,1.37,,,,,,,,,,,
M2,M210,ACACBR,1.6,2.01,0.8,1.96,1.16,1.15,0.94,0.73,,,,,,,,,,,
M2,M210,ACACBR,1.7,2.27,0.8,1.96,1.16,1.15,0.94,0.73,,,,,,,,,,,
M2,M210,ACACET,8.1,51.50,1.25,3.05,1.8,2.08,3.3,3.96,,,,,,,,,,,
M2,M210,ACACBR,1.5,1.77,0.5,1.4,0.9,0.55,0.24,0.14,,,,,,,,,,,
M2,M210,ACACBR,1.3,1.33,0.6,1.5,0.9,0.7,0.31,0.19,,,,,,,,,,,
M2,M210,ACACBR,2.2,3.80,0.8,2.87,2.07,2.45,4.71,6.5,,,,,,,,,,,
M2,M211,ACACBR,1.3,1.33,0.4,0.9,0.5,0.95,0.71,0.24,,,,,,,,,,,
M2,M211,ACACBR,1.4,1.54,0.75,2.16,1.41,1.1,0.92,0.86,,,,,,,,,,,
M2,M211,ACACBR,2.7,5.72,1.1,2.46,1.36,1.1,0.92,0.83,,,,,,,,,,,
M2,M211,ACACBR,2.2,3.80,1.1,2.46,1.36,1.1,0.92,0.83,,,,,,,,,,,
M2,M211,ACACBR,2,3.14,0.8,1.2,0.4,0.55,0.24,0.06,,,,,,,,,,,
M2,M211,ACACBR,2.1,3.46,0.7,1.4,0.7,0.8,0.49,0.23,,,,,,,,,,,
M2,M211,ACACBR,2.6,5.31,1,1.8,0.8,0.9,0.63,0.33,,,,,,,,,,,
M2,M211,ACACBR,2,3.14,0.9,3.41,2.51,1.82,2.45,4.1,,,,,,,,,,,
M2,M211,ACACBR,2.6,5.31,0.9,3.41,2.51,1.82,2.45,4.1,,,,,,,,,,,
M2,M211,ACACBR,3.3,8.55,0.9,3.41,2.51,1.82,2.45,4.1,,,,,,,,,,,
M2,M211,ACACBR,1.7,2.27,0.9,3.41,2.51,1.82,2.45,4.1,,,,,,,,,,,
M2,M211,ACACBR,2,3.14,0.9,3.41,2.51,1.82,2.45,4.1,,,,,,,,,,,
M2,M211,ACACBR,1.6,2.01,0.7,1.23,0.53,0.7,0.31,0.11,,,,,,,,,,,
M2,M211,ACACBR,1.4,1.54,1,1.4,0.4,0.45,0.14,0.04,,,,,,,,,,,
M2,M211,ACACBR,1.5,1.77,0.6,0.8,0.2,0.7,0.35,0.05,,,,,,,,,,,
M2,M211,ACACBR,2.1,3.46,0.6,0.8,0.2,0.7,0.35,0.05,,,,,,,,,,,
M2,M211,ACACBR,1.7,2.27,0.9,2.32,1.42,0.5,0.19,0.18,,,,,,,,,,,
M2,M211,ACACBR,1.4,1.54,0.6,1.4,0.8,0.35,0.09,0.05,,,,,,,,,,,
M2,M211,ACACBR,1.1,0.95,0.6,1.4,0.8,0.35,0.09,0.05,,,,,,,,,,,
M2,M211,ACACBR,1.8,2.54,1,2.23,1.23,1.76,1.85,1.52,,,,,,,,,,,
M2,M212,ACACME,15.7,193.49,1.3,3.72,2.42,5.09,18.62,30.04,,,,,,,,,,,
M2,M212,ACACBR,1.1,0.95,0.6,1,0.4,0.55,0.24,0.06,,,,,,,,,,,
M2,M212,ACACBR,1.4,1.54,0.8,1.1,0.3,0.55,0.22,0.04,,,,,,,,,,,
M2,M212,ACACBR,2.8,6.15,1,2.12,1.12,0.6,0.27,0.21,,,,,,,,,,,
M2,M212,ACACME,11.1,96.72,1.14,3.32,2.18,4.01,12.59,18.3,,,,,,,,,,,
M2,M212,ACACBR,2.1,3.46,0.7,1.92,1.22,1.05,0.82,0.66,,,,,,,,,,,
M2,M212,ACACBR,2.7,5.72,0.7,1.92,1.22,1.05,0.82,0.66,,,,,,,,,,,
M2,M212,ACACBR,1.8,2.54,0.5,0.8,0.3,0.45,0.16,0.03,,,,,,,,,,,
M2,M212,ACACBR,3.8,11.34,1.3,1.82,0.52,0.95,0.66,0.23,,,,,,,,,,,
M2,M212,ACACBR,3.3,8.55,1,2.32,1.32,1.2,1.12,0.99,,,,,,,,,,,
M2,M212,ACACBR,2,3.14,1,1.4,0.4,0.8,0.49,0.13,,,,,,,,,,,
M2,M212,ACACBR,2.6,5.31,1.1,1.72,0.62,0.45,0.06,0.03,,,,,,,,,,,
M2,M212,ACACBR,1.8,2.54,1.1,2.2,1.1,1.3,1.32,0.97,,,,,,,,,,,
M2,M212,ACACBR,1.2,1.13,0.3,1.4,1.1,0.7,0.38,0.28,,,,,,,,,,,
M2,M212,ACACBR,2.2,3.80,0.8,2.6,1.8,1.2,1.12,1.35,,,,,,,,,,,
M2,M212,ACACBR,1.9,2.83,0.9,2.26,1.36,0.8,0.47,0.43,,,,,,,,,,,
M2,M212,ACACBR,2.2,3.80,0.9,1.82,0.92,0.75,0.42,0.26,,,,,,,,,,,
M2,M212,ACACBR,2,3.14,1,2.23,1.23,0.75,0.44,0.36,,,,,,,,,,,
M2,M212,ACACBR,2.2,3.80,0.7,1.13,0.43,1,0.78,0.22,,,,,,,,,,,
M2,M212,ACACBR,2.1,3.46,0.95,2.45,1.5,0.7,0.38,0.38,,,,,,,,,,,
M2,M212,ACACBR,1.2,1.13,0.4,1.15,0.75,0.6,0.25,0.13,,,,,,,,,,,
M2,M212,ACACBR,1.5,1.77,0.65,1.4,0.75,1.2,1.06,0.53,,,,,,,,,,,
M2,M212,ACACBR,2.7,5.72,0.65,1.4,0.75,1.2,1.06,0.53,,,,,,,,,,,
M2,M213,ACACBR,2.1,3.46,0.6,1.15,0.55,1.3,1.3,0.47,,,,,,,,,,,
M2,M213,ACACBR,3.3,8.55,0.85,1.85,1,2.01,3.12,2.08,,,,,,,,,,,
M2,M213,ACACBR,2.2,3.80,0.4,1.35,0.95,1.23,1.04,0.66,,,,,,,,,,,
M2,M213,ACACME,9.2,66.44,1,3.91,2.91,3.23,8.12,15.75,,,,,,,,,,,
M2,M213,ACACBR,1.9,2.83,0.5,1.1,0.6,0.65,0.31,0.13,,,,,,,,,,,
M2,M213,ACACBR,3.6,10.17,0.95,1.7,0.75,2.09,3.38,1.69,,,,,,,,,,,
M2,M213,ACACBR,2.3,4.15,0.7,1.62,0.92,0.9,0.6,0.37,,,,,,,,,,,
M2,M213,ACACBR,4.2,13.85,0.5,2.13,1.63,2.31,4.17,4.53,,,,,,,,,,,
M2,M213,ACACBR,3.6,10.17,0.6,1.97,1.37,1.18,1.08,0.99,,,,,,,,,,,
M2,M213,ACACBR,2.5,4.91,0.5,1.7,1.2,1.08,0.89,0.72,,,,,,,,,,,
M2,M213,ACACBR,1.6,2.01,0.6,1.62,1.02,1.46,1.62,1.1,,,,,,,,,,,
M2,M213,ACACBR,1.5,1.77,0.6,1.62,1.02,1.46,1.62,1.1,,,,,,,,,,,
M2,M213,ACACBR,2,3.14,0.6,1.62,1.02,1.46,1.62,1.1,,,,,,,,,,,
M2,M213,ACACBR,1.7,2.27,0.6,1.72,1.12,1.53,1.53,1.14,,,,,,,,,,,
M2,M213,ACACBR,3.5,9.62,0.6,1.72,1.12,1.53,1.53,1.14,,,,,,,,,,,
M2,M213,ACACBR,2.6,5.31,0.5,1.46,0.96,0.7,0.38,0.24,,,,,,,,,,,
M2,M213,ACACBR,3.2,8.04,0.6,2.15,1.55,1.27,1.15,1.19,,,,,,,,,,,
M2,M213,ACACBR,3.2,8.04,0.65,2.34,1.69,1.4,1.53,1.72,,,,,,,,,,,
M2,M213,ACACBR,1.6,2.01,1.1,2,0.9,0.65,0.33,0.2,,,,,,,,,,,
M2,M213,ACACME,12.3,118.76,0.55,4.27,3.72,8.05,50.63,125.57,,,,,,,,,,,
M2,M213,ACACME,10.7,89.87,0.55,4.27,3.72,8.05,50.63,,,,,,,,,,,,
M2,M213,ACACME,16.3,208.57,0.9,2.86,1.96,5.34,22.3,29.14,,,,,,,,,,,
M2,M213,ACACME,6.3,31.16,0.9,2.86,1.96,5.34,22.3,29.14,,,,,,,,,,,
M2,M213,ACACBR,3.7,10.75,0.6,2.23,1.63,1.47,1.58,1.72,,,,,,,,,,,
M2,M213,ACACBR,1.8,2.54,0.6,2.23,1.63,1.47,1.58,1.72,,,,,,,,,,,
M2,M213,ACACBR,2.3,4.15,0.2,1.3,1.1,1.39,1.33,0.97,,,,,,,,,,,
M2,M213,ACACBR,1.5,1.77,0.5,2.57,2.07,1.03,0.79,1.08,,,,,,,,,,,
M2,M213,ACACBR,3.7,10.75,2.48,3.59,1.11,1.8,2.16,1.6,,,,,,,,,,,
M2,M213,ACACBR,1.9,2.83,0.6,1.2,0.6,0.55,0.22,0.09,,,,,,,,,,,
M2,M213,ACACME,6.4,32.15,1.2,3.65,2.45,4.09,13.07,21.34,,,,,,,,,,,
M2,M213,ACACBR,2.1,3.46,0.6,1.4,0.8,0.6,0.27,0.15,,,,,,,,,,,
M2,M214,ACACBR,4.4,15.20,0.9,3.08,2.18,2.78,6.03,8.76,,,,,,,,,,,
M2,M214,ACACBR,4,12.56,0.9,2.8,1.9,1.05,0.86,1.09,,,,,,,,,,,
M2,M214,ACACBR,3.1,7.54,1,1.35,0.35,2.22,3.84,0.9,,,,,,,,,,,
M2,M214,ACACBR,4.1,13.20,1.1,2.46,1.36,3.6,10.17,9.22,,,,,,,,,,,
M2,M214,ACACBR,4,12.56,1.1,2.46,1.36,3.6,10.17,9.22,,,,,,,,,,,
M2,M214,ACACBR,2.2,3.80,0.2,1.94,1.74,0.8,0.49,0.57,,,,,,,,,,,
M2,M214,ACACBR,2.7,5.72,0.5,1.82,1.32,1.1,0.95,0.84,,,,,,,,,,,
M2,M214,ACACBR,1,0.79,0.5,0.9,0.4,0.28,0.06,0.02,,,,,,,,,,,
M2,M214,ACACBR,3.2,8.04,0.6,1.35,0.75,1.85,2.63,1.31,,,,,,,,,,,
M2,M214,ACACME,11.3,100.24,0.9,1.49,0.59,2.59,5.2,2.04,,,,,,,,,,,
M2,M214,ACACBR,3.6,10.17,0.7,2.2,1.5,2.38,3.83,3.83,,,,,,,,,,,
M2,M214,ACACBR,2.9,6.60,0.7,2.74,2.04,2.64,5.36,7.29,,,,,,,,,,,
M2,M214,ACACBR,3.5,9.62,0.7,1.89,1.19,1.1,0.88,0.7,,,,,,,,,,,
M2,M214,ACACBR,3.2,8.04,0.5,1.5,1,1.15,0.94,0.63,,,,,,,,,,,
M2,M214,ACACBR,2.6,5.31,0.5,1.4,0.9,0.75,0.44,0.26,,,,,,,,,,,
M2,M214,ACACBR,2.6,5.31,0.4,1.17,0.77,1.87,2.64,1.35,,,,,,,,,,,
M2,M214,ACACBR,2.6,5.31,0.4,1.17,0.77,1.87,2.64,1.35,,,,,,,,,,,
M2,M214,ACACBR,2.8,6.15,0.6,2.04,1.44,1.67,2.19,2.1,,,,,,,,,,,
M2,M214,ACACBR,1.9,2.83,0.6,2.04,1.44,1.67,2.19,2.1,,,,,,,,,,,
M2,M214,ACACBR,1.9,2.83,0.6,2.04,1.44,1.67,2.19,2.1,,,,,,,,,,,
M2,M214,ACACBR,2.1,3.46,0.5,1.17,0.67,1.53,1.8,0.8,,,,,,,,,,,
M2,M214,ACACBR,2.4,4.52,0.4,2.2,1.8,0.8,0.5,0.6,,,,,,,,,,,
M2,M214,ACACBR,2,3.14,0.3,1.15,0.85,1.5,1.67,0.95,,,,,,,,,,,
M2,M214,ACACBR,1.5,1.77,0.45,1.87,1.42,1.93,2.92,2.76,,,,,,,,,,,
M2,M214,ACACBR,2.5,4.91,0.45,1.87,1.42,1.93,2.92,2.76,,,,,,,,,,,
M2,M214,ACACBR,2,3.14,0.45,1.87,1.42,1.93,2.92,2.76,,,,,,,,,,,
M2,M214,ACACBR,2.1,3.46,0.3,1.15,0.85,0.55,0.24,0.13,,,,,,,,,,,
M2,M214,ACACBR,1.8,2.54,0.3,1.1,0.8,0.43,0.13,0.07,,,,,,,,,,,
M2,M214,ACACBR,2.2,3.80,1,1.5,0.5,0.7,0.34,0.11,,,,,,,,,,,
M2,M214,ACACBR,4.2,13.85,0.5,2.11,1.61,1.99,3.03,3.25,,,,,,,,,,,
M2,M214,ACACBR,1.7,2.27,0.5,2.11,1.61,1.99,3.03,3.25,,,,,,,,,,,
M2,M214,ACACBR,2.9,6.60,0.8,1.76,0.96,1.43,1.29,0.82,,,,,,,,,,,
M2,M214,ACACBR,1.2,1.13,0.8,1.76,0.96,1.43,1.29,0.82,,,,,,,,,,,
M2,M214,ACACBR,2.3,4.15,0.8,2.58,1.78,1.16,1.03,1.22,,,,,,,,,,,
M2,M215,ACACME,19,283.39,0.8,3.81,3.01,4.36,14.45,29,,,,,,,,,,,
M2,M215,ACACME,7.9,48.99,1,3.26,2.26,2.13,3.54,5.33,,,,,,,,,,,
M2,M215,ACACME,14.4,162.78,0.7,3.05,2.35,3.8,11.26,17.65,,,,,,,,,,,
M2,M215,ACACBR,4.5,15.90,1.5,2.44,0.94,1.05,0.77,0.48,,,,,,,,,,,
M2,M215,ACACBR,1.9,2.83,0.9,1.82,0.92,0.75,0.44,0.27,,,,,,,,,,,
M2,M215,ACACBR,2.2,3.80,0.9,1.82,0.92,0.75,0.44,0.27,,,,,,,,,,,
M2,M215,ACACBR,3.4,9.07,0.6,1.5,0.9,0.85,0.57,0.34,,,,,,,,,,,
M2,M215,ACACBR,4,12.56,0.6,1.86,1.26,1.3,1.3,1.09,,,,,,,,,,,
M2,M215,ACACBR,3.2,8.04,0.6,1.78,1.18,1.9,2.5,1.97,,,,,,,,,,,
M2,M215,ACACBR,2.6,5.31,0.95,1.79,0.84,2.56,5.14,2.88,,,,,,,,,,,
M2,M216,ACACBR,3.2,8.04,0.4,1.5,1.1,2,3.04,2.23,,,,,,,,,,,
M2,M216,ACACBR,2.3,4.15,0.4,1.5,1.1,2,3.04,2.23,,,,,,,,,,,
M2,M216,ACACBR,1.4,1.54,0.4,1.5,1.1,2,3.04,2.23,,,,,,,,,,,
M2,M216,ACACET,9.8,75.39,1.82,6.33,4.51,1.93,2.86,8.61,,,,,,,,,,,
M2,M216,ACACME,8,50.24,1.1,2.16,1.06,2.73,5.82,4.11,,,,,,,,,,,
M2,M216,ACACBR,1.6,2.01,1.3,2.11,0.81,1.2,1.06,0.57,,,,,,,,,,,
M2,M216,ACACBR,1.3,1.33,1.3,2.11,0.81,1.2,1.06,0.57,,,,,,,,,,,
M2,M216,ACACBR,2.5,4.91,0.7,2.87,2.17,1.75,2.25,3.25,,,,,,,,,,,
M2,M216,ACACBR,3.3,8.55,1.24,2.44,1.2,2.38,4.14,3.32,,,,,,,,,,,
M2,M216,ACACBR,2.4,4.52,1.3,1.64,0.34,1.88,2.51,0.57,,,,,,,,,,,
M2,M216,ACACBR,1.4,1.54,1.3,1.64,0.34,1.88,2.51,0.57,,,,,,,,,,,
M2,M216,ACACBR,1.4,1.54,0.7,1.6,0.9,1.39,1.32,0.79,,,,,,,,,,,
M2,M216,ACACBR,1.6,2.01,0.7,1.47,0.77,0.75,0.44,0.23,,,,,,,,,,,
M2,M216,ACACBR,2.4,4.52,0.7,1.47,0.77,0.75,0.44,0.23,,,,,,,,,,,
M2,M216,ACACBR,1.8,2.54,0.48,1,0.52,1.08,0.69,0.24,,,,,,,,,,,
M2,M216,ACACBR,1.2,1.13,0.9,2.55,1.65,0.8,0.49,0.54,,,,,,,,,,,
M2,M216,ACACBR,1.6,2.01,0.48,1.3,0.82,1.66,2.13,1.17,,,,,,,,,,,
M2,M216,ACACBR,2.5,4.91,0.48,1.3,0.82,1.66,2.13,1.17,,,,,,,,,,,
M2,M216,ACACBR,2,3.14,0.48,1.3,0.82,1.66,2.13,1.17,,,,,,,,,,,
M2,M216,ACACBR,1.2,1.13,0.7,1,0.3,0.27,0.05,0.01,,,,,,,,,,,
M2,M216,ACACBR,1.5,1.77,0.9,2.1,1.2,0.53,0.22,0.17,,,,,,,,,,,
M2,M216,ACACBR,2.1,3.46,1.1,2.21,1.11,0.8,0.49,0.37,,,,,,,,,,,
M2,M216,ACACBR,2,3.14,0.9,3.32,2.42,1.25,1.1,1.78,,,,,,,,,,,
M2,M216,ACACBR,1.2,1.13,0.7,2.59,1.89,1,0.78,0.98,,,,,,,,,,,
M2,M216,ACACME,12.5,122.66,0.9,4.66,3.76,5,19.59,49.09,,,,,,,,,,,
M2,M216,ACACBR,1.8,2.54,0.5,1.4,0.9,0.85,0.57,0.34,,,,,,,,,,,
M2,M216,ACACBR,1.6,2.01,0.9,2.55,1.65,4.59,16.46,18.1,,,,,,,,,,,
M2,M216,ACACBR,1.8,2.54,0.9,2.55,1.65,4.59,16.46,18.1,,,,,,,,,,,
M2,M216,ACACBR,1.8,2.54,0.9,2.55,1.65,4.59,16.46,18.1,,,,,,,,,,,
M2,M216,ACACBR,2,3.14,0.9,2.55,1.65,4.59,16.46,18.1,,,,,,,,,,,
M2,M216,ACACBR,1.7,2.27,0.9,2.55,1.65,4.59,16.46,18.1,,,,,,,,,,,
M2,M216,ACACBR,1.4,1.54,0.9,2.55,1.65,4.59,16.46,18.1,,,,,,,,,,,
M2,M216,ACACBR,1.7,2.27,0.9,2.55,1.65,4.59,16.46,18.1,,,,,,,,,,,
M2,M216,ACACBR,1.6,2.01,0.9,2.55,1.65,4.59,16.46,18.1,,,,,,,,,,,
M2,M216,ACACBR,1.4,1.54,0.9,1.85,0.95,0.75,0.44,0.28,,,,,,,,,,,
M2,M216,ACACBR,2,3.14,0.8,1.7,0.9,0.83,0.53,0.32,,,,,,,,,,,
M2,M216,ACACBR,2.4,4.52,0.5,1.6,1.1,1.2,1.1,0.81,,,,,,,,,,,
M2,M216,ACACBR,2.2,3.80,0.9,2.13,1.23,2.38,4.41,3.62,,,,,,,,,,,
M2,M216,ACACBR,1.6,2.01,1.22,1.74,0.52,0.55,0.22,0.08,,,,,,,,,,,
M2,M216,ACACBR,1.9,2.83,1.1,2.26,1.16,1.35,1.43,1.1,,,,,,,,,,,
M2,M216,ACACBR,2,3.14,0.9,2.2,1.3,1.05,0.86,0.75,,,,,,,,,,,
M2,M216,ACACBR,1.6,2.01,1.3,2.86,1.56,1.82,2.53,2.63,,,,,,,,,,,
M2,M216,ACACBR,2.7,5.72,1.1,7.3,6.2,2.08,3.36,13.87,,,,,,,,,,,
M2,M216,ACACBR,1.4,1.54,0.6,1.25,0.65,0.95,0.71,0.31,,,,,,,,,,,
M2,M216,ACACBR,1.4,1.54,1,1.3,0.3,1.35,1.43,0.29,,,,,,,,,,,
M2,M216,ACACBR,2.2,3.80,0.9,1.83,0.93,1.4,1.53,0.95,,,,,,,,,,,
M2,M216,ACACBR,2.7,5.72,0.8,3.82,3.02,3.01,7.04,14.17,,,,,,,,,,,
M2,M216,ACACBR,2.6,5.31,0.8,3.82,3.02,3.01,7.04,14.17,,,,,,,,,,,
M2,M216,ACACME,7.2,40.69,0.8,3.82,3.02,3.01,7.04,14.17,,,,,,,,,,,
M2,M216,ACACBR,3.3,8.55,0.8,3.82,3.02,3.01,7.04,14.17,,,,,,,,,,,
M2,M216,ACACBR,3.2,8.04,0.5,0.9,0.4,0.85,0.52,0.14,,,,,,,,,,,
M2,M216,ACACBR,1.3,1.33,0.5,0.9,0.4,0.85,0.52,,,,,,,,,,,,
M2,M217,ACACBR,1.5,1.77,0.7,1.1,0.4,1.2,1.1,0.29,,,,,,,,,,,
M2,M217,ACACBR,1.8,2.54,0.6,1.3,0.7,0.55,0.24,0.11,,,,,,,,,,,
M2,M217,ACACBR,2.4,4.52,1,1.4,0.4,0.95,0.69,0.18,,,,,,,,,,,
M2,M217,ACACBR,1.8,2.54,0.9,1.6,0.7,1.35,1.43,0.67,,,,,,,,,,,
M2,M217,ACACBR,1.3,1.33,0.9,1.9,1,0.9,0.63,0.42,,,,,,,,,,,
M2,M217,ACACBR,1.5,1.77,0.9,1.9,1,0.9,0.63,0.42,,,,,,,,,,,
M2,M217,ACACBR,2.1,3.46,0.9,2.4,1.5,2.56,5.12,5.12,,,,,,,,,,,
M2,M217,ACACBR,2.6,5.31,0.8,2.4,1.6,2.3,4.14,4.42,,,,,,,,,,,
M2,M217,ACACET,4.6,16.61,0.3,1.7,1.4,2.23,3.89,3.63,,,,,,,,,,,
M2,M217,ACACET,8.5,56.72,1.1,2.5,1.4,2.35,4.33,4.04,,,,,,,,,,,
M2,M217,ACACET,2.4,4.52,1.1,2.52,1.42,2,2.86,2.71,,,,,,,,,,,
M2,M217,ACACBR,1,0.79,1.1,2.1,1,0.9,0.6,0.4,,,,,,,,,,,
M2,M217,ACACBR,1.3,1.33,1.1,2.1,1,0.9,0.6,0.4,,,,,,,,,,,
M2,M217,ACACBR,1.4,1.54,0.7,2.2,1.5,1.35,1.43,1.43,,,,,,,,,,,
M2,M217,ACACBR,1.3,1.33,0.7,2.2,1.5,1.35,1.43,1.43,,,,,,,,,,,
M2,M217,ACACBR,1.4,1.54,0.7,2.2,1.5,1.35,1.43,1.43,,,,,,,,,,,
M2,M217,ACACBR,1.1,0.95,0.9,1.3,0.4,1.35,1.38,0.37,,,,,,,,,,,
M2,M217,ACACBR,1.9,2.83,0.7,1.1,0.4,1,0.71,0.19,,,,,,,,,,,
M2,M217,ACACBR,1.3,1.33,0.7,2.65,1.95,2.87,6.41,8.33,,,,,,,,,,,
M2,M217,ACACBR,2.3,4.15,0.7,2.65,1.95,2.87,6.41,8.33,,,,,,,,,,,
M2,M217,ACACBR,3,7.07,0.7,2.65,1.95,2.87,6.41,8.33,,,,,,,,,,,
M2,M217,ACACBR,1.4,1.54,0.7,2.65,1.95,2.87,6.41,8.33,,,,,,,,,,,
M2,M217,ACACBR,1.5,1.77,1.1,1.65,0.55,0.75,0.44,0.16,,,,,,,,,,,
M2,M217,ACACBR,1.5,1.77,0.8,1.72,0.92,1.3,1.32,0.81,,,,,,,,,,,
M2,M217,ACACBR,2.4,4.52,0.8,1.72,0.92,1.3,1.32,0.81,,,,,,,,,,,
M2,M217,ACACBR,1.7,2.27,0.7,1.82,1.12,1.25,1.21,0.9,,,,,,,,,,,
M2,M217,ACACBR,1.4,1.54,0.8,1.8,1,1,0.78,0.52,,,,,,,,,,,
M2,M217,ACACBR,2.6,5.31,0.9,2.42,1.52,1.85,2.53,2.56,,,,,,,,,,,
M2,M217,ACACBR,1.4,1.54,0.7,1.4,0.7,1.1,0.94,0.44,,,,,,,,,,,
M2,M217,ACACBR,1.4,1.54,0.8,1.4,0.6,1.3,1.33,0.53,,,,,,,,,,,
M2,M217,ACACBR,1.5,1.77,0.8,1.4,0.6,1.3,1.33,0.53,,,,,,,,,,,
M2,M217,ACACBR,2.5,4.91,0.8,1.4,0.6,0.9,0.63,0.25,,,,,,,,,,,
M2,M217,ACACBR,2.3,4.15,1.1,2.3,1.2,1.35,1.43,1.14,,,,,,,,,,,
M2,M217,ACACBR,2.3,4.15,0.9,2.2,1.3,1.7,2.14,1.86,,,,,,,,,,,
M2,M217,ACACBR,1.7,2.27,0.9,2.2,1.3,1.7,2.14,1.86,,,,,,,,,,,
M2,M217,ACACBR,2.1,3.46,0.9,2.2,1.3,1.7,2.14,1.86,,,,,,,,,,,
M2,M218,ACACBR,1.9,2.83,0.8,1.1,0.3,0.9,0.63,0.13,,,,,,,,,,,
M2,M218,ACACBR,2.5,4.91,1.4,2.31,0.91,0.85,0.55,0.33,,,,,,,,,,,
M2,M218,ACACBR,1.2,1.13,1.4,2.31,0.91,0.85,0.55,0.33,,,,,,,,,,,
M2,M218,ACACBR,1.4,1.54,0.5,1.1,0.6,0.7,0.35,0.14,,,,,,,,,,,
M2,M218,ACACBR,4.8,18.09,0.7,2.5,1.8,1.61,1.99,2.39,,,,,,,,,,,
M2,M218,ACACBR,1.4,1.54,0.8,1.4,0.6,1.25,1.21,0.48,,,,,,,,,,,
M2,M218,ACACET,7.2,40.69,1.1,2.1,1,1.25,1.21,0.81,,,,,,,,,,,
M2,M218,ACACET,14.5,165.05,1.3,4.76,3.46,4.15,13.52,31.18,,,,,,,,,,,
M2,M218,ACACBR,2.1,3.46,1.1,1.4,0.3,1.4,1.34,0.27,,,,,,,,,,,
M2,M218,ACACET,9.2,66.44,1.1,4.1,3,3.45,9.29,18.59,,,,,,,,,,,
M2,M218,ACACME,2.7,5.72,1.1,4.1,3,3.45,9.29,18.59,,,,,,,,,,,
M2,M218,ACACET,5.7,25.50,1.1,4.1,3,3.45,9.29,18.59,,,,,,,,,,,
M2,M218,ACACET,4.8,18.09,1.1,4.1,3,3.45,9.29,18.59,,,,,,,,,,,
M2,M218,ACACET,5.4,22.89,1.1,4.1,3,3.45,9.29,18.59,,,,,,,,,,,
M2,M218,ACACET,3,7.07,1.1,4.1,3,3.45,9.29,18.59,,,,,,,,,,,
M2,M218,ACACET,6.3,31.16,1.1,4.1,3,3.45,9.29,18.59,,,,,,,,,,,
M2,M218,ACACBR,1.4,1.54,0.9,1.92,1.02,1.85,2.68,1.83,,,,,,,,,,,
M2,M218,ACACBR,2.7,5.72,0.9,1.92,1.02,1.85,2.68,1.83,,,,,,,,,,,
M2,M218,ACACBR,1,0.79,0.5,0.8,0.3,1.05,0.86,0.17,,,,,,,,,,,
M2,M218,ACACET,9.9,76.94,0.39,1,0.61,2.8,0,0,,,,,,,,,,,
M2,M218,ACACBR,2.6,5.31,0.5,1.6,1.1,1.25,1.21,0.89,,,,,,,,,,,
M2,M218,ACACBR,1.9,2.83,0.5,1.6,1.1,1.25,1.21,0.89,,,,,,,,,,,
M2,M218,ACACBR,2,3.14,0.5,1.6,1.1,1.3,1.32,0.97,,,,,,,,,,,
M2,M218,ACACBR,1.8,2.54,0.5,1.6,1.1,1.3,1.32,0.97,,,,,,,,,,,
M2,M218,ACACBR,1.8,2.54,0.4,1.2,0.8,0.45,0.16,0.08,,,,,,,,,,,
M2,M218,ACACBR,1.8,2.54,0.5,1.2,0.7,1.2,1.12,0.52,,,,,,,,,,,
M2,M218,ACACBR,1.8,2.54,0.5,1.2,0.7,1.2,1.12,0.52,,,,,,,,,,,
M2,M218,ACACET,9.4,69.36,0.6,3.1,2.5,3,7.03,11.72,,,,,,,,,,,
M2,M218,ACACBR,2.6,5.31,0.4,1.6,1.2,2.41,4.55,3.64,,,,,,,,,,,
M2,M218,ACACET,21,346.19,1,3.7,2.7,3.15,7.63,13.73,,,,,,,,,,,
M2,M218,ACACBR,1.5,1.77,1.9,3.4,1.5,1.1,0.88,0.88,,,,,,,,,,,
M2,M219,ACACBR,2.9,6.60,0.6,1.77,1.17,2.4,4.42,3.45,,,,,,,,,,,
M2,M219,ACACET,9.5,70.85,0.7,3.64,2.94,6.15,29.47,57.75,,,,,,,,,,,
M2,M219,ACACET,22.5,397.41,0.7,3.64,2.94,6.15,29.47,57.75,,,,,,,,,,,
M2,M219,ACACBR,1.5,1.77,1.6,2.92,1.32,1.3,1.2,1.06,,,,,,,,,,,
M2,M219,ACACET,9,63.59,1.2,3.72,2.52,6.07,28.92,48.58,,,,,,,,,,,
M2,M219,ACACET,9.4,69.36,1.2,3.72,2.52,6.07,28.92,48.58,,,,,,,,,,,
M2,M219,ACACBR,2.9,6.60,0.7,2.97,2.27,0.9,0.57,0.86,,,,,,,,,,,
M2,M219,ACACBR,3.2,8.04,0.8,2.57,1.77,3.83,11.45,13.51,,,,,,,,,,,
M2,M219,ACACBR,2.1,3.46,0.8,2.57,1.77,3.83,11.45,13.51,,,,,,,,,,,
M2,M219,ACACET,11.3,100.24,0.9,3.17,2.27,3.66,10.47,15.85,,,,,,,,,,,
M2,M219,ACACBR,2,3.14,0.2,0.6,0.4,0.5,0.19,0.05,,,,,,,,,,,
M2,M219,ACACBR,2.4,4.52,0.8,2.24,1.44,2.45,4.55,4.37,,,,,,,,,,,
M2,M219,ACACBR,1.7,2.27,0.8,2.24,1.44,2.45,4.55,4.37,,,,,,,,,,,
M2,M219,ACACBR,1.6,2.01,0.8,2.24,1.44,2.45,4.55,4.37,,,,,,,,,,,
M2,M219,ACACBR,1.9,2.83,0.8,2.24,1.44,2.45,4.55,4.37,,,,,,,,,,,
M2,M219,ACACBR,2.6,5.31,0.8,2.24,1.44,2.45,4.55,4.37,,,,,,,,,,,
M2,M219,ACACBR,3.8,11.34,0.3,1.1,0.8,2.07,3.33,1.78,,,,,,,,,,,
M2,M219,ACACBR,2.7,5.72,0.8,1.79,0.99,3.86,10.96,7.23,,,,,,,,,,,
M2,M219,ACACBR,2.7,5.72,0.8,1.79,0.99,3.86,10.96,7.23,,,,,,,,,,,
M2,M219,ACACBR,1.9,2.83,0.8,1.79,0.99,3.86,10.96,7.23,,,,,,,,,,,
M2,M219,ACACBR,2.5,4.91,0.6,1.74,1.14,1.71,2.28,1.73,,,,,,,,,,,
M2,M220,ACACET,7,38.47,1.3,3.12,1.82,3.4,9,10.92,,,,,,,,,,,
M2,M220,ACACBR,2.6,5.31,0.8,1.74,0.94,1.25,1.22,0.77,,,,,,,,,,,
M2,M220,ACACBR,2.2,3.80,0.7,2.35,1.65,2.58,5,5.51,,,,,,,,,,,
M2,M220,ACACBR,1.5,1.77,0.7,2.35,1.65,2.58,5,5.51,,,,,,,,,,,
M2,M220,ACACME,9.9,76.94,1,2.47,1.47,3,7.05,6.91,,,,,,,,,,,
M2,M220,ACACBR,2.2,3.80,0.8,2.74,1.94,2.36,4.14,5.36,,,,,,,,,,,
M2,M220,ACACBR,1.9,2.83,0.8,2.74,1.94,2.36,4.14,5.36,,,,,,,,,,,
M2,M220,ACACBR,1.7,2.27,0.9,2.04,1.14,1.84,2.49,1.9,,,,,,,,,,,
M2,M220,ACACBR,1.9,2.83,0.9,2.04,1.14,1.84,2.49,1.9,,,,,,,,,,,
M2,M220,ACACBR,2.8,6.15,0.6,1.4,0.8,1.35,1.41,0.75,,,,,,,,,,,
M2,M220,ACACBR,3.2,8.04,0.7,2.15,1.45,1.6,1.84,1.78,,,,,,,,,,,
M2,M220,ACACBR,1.3,1.33,0.7,2.15,1.45,1.6,1.84,1.78,,,,,,,,,,,
M2,M220,ACACBR,1.6,2.01,0.7,1.5,0.8,0.75,0.42,0.23,,,,,,,,,,,
M2,M220,ACACBR,2,3.14,1.8,2.3,0.5,1.76,2.42,0.81,,,,,,,,,,,
M2,M220,ACACBR,1.4,1.54,1.8,2.3,0.5,1.76,2.42,0.81,,,,,,,,,,,
M2,M220,ACACBR,1.6,2.01,1.8,2.3,0.5,1.76,2.42,0.81,,,,,,,,,,,
M2,M220,ACACBR,1.9,2.83,1.8,2.3,0.5,1.76,2.42,0.81,,,,,,,,,,,
M2,M220,ACACBR,1.4,1.54,0.5,1.72,1.22,0.5,0.19,0.15,,,,,,,,,,,
M2,M220,ACACBR,1.3,1.33,0.6,1.69,1.09,1,0.71,0.52,,,,,,,,,,,
M2,M220,ACACBR,2.1,3.46,0.6,1.69,1.09,1,0.71,0.52,,,,,,,,,,,
M2,M220,ACACBR,1.4,1.54,0.6,1.69,1.09,1,0.71,0.52,,,,,,,,,,,
M2,M220,ACACBR,1.3,1.33,0.6,1.5,0.9,0.85,0.52,0.31,,,,,,,,,,,
M2,M220,ACACBR,2.1,3.46,1,1.9,0.9,1.4,1.41,0.85,,,,,,,,,,,
M2,M220,ACACBR,1.5,1.77,1.74,3.82,2.08,5.08,20.19,28,,,,,,,,,,,
M2,M220,ACACBR,1.3,1.33,0.9,2.3,1.4,0.75,0.42,0.4,,,,,,,,,,,
M2,M220,ACACBR,2,3.14,0.6,1.72,1.12,1.67,2.08,1.55,,,,,,,,,,,
M2,M220,ACACBR,1.3,1.33,0.6,1.72,1.12,1.67,2.08,1.55,,,,,,,,,,,
M2,M220,ACACBR,2.5,4.91,0.8,2.41,1.61,2.47,4.75,5.1,,,,,,,,,,,
M2,M220,ACACBR,1.5,1.77,0.5,1,0.5,0.85,0.57,0.19,,,,,,,,,,,
M2,M220,ACACBR,1.2,1.13,0.5,1,0.5,0.85,0.57,0.19,,,,,,,,,,,
M2,M220,ACACBR,3,7.07,0.8,2.15,1.35,2.94,6.61,5.95,,,,,,,,,,,
M2,M220,ACACBR,2,3.14,0.3,2.25,1.95,0.55,0.24,0.31,,,,,,,,,,,
M2,M220,ACACBR,1.5,1.77,0.7,1.84,1.14,1.05,0.82,0.62,,,,,,,,,,,
M2,M220,ACACBR,1.8,2.54,0.6,1.5,0.9,1.28,1.22,0.73,,,,,,,,,,,
M2,M220,ACACBR,1.9,2.83,0.7,2.35,1.65,2.21,3.81,4.2,,,,,,,,,,,
M2,M220,ACACBR,1.1,0.95,0.7,2.35,1.65,2.21,3.81,4.2,,,,,,,,,,,
M2,M220,ACACBR,1.7,2.27,0.7,2.35,1.65,2.21,3.81,4.2,,,,,,,,,,,
M2,M220,ACACBR,1.4,1.54,0.7,2.35,1.65,2.21,3.81,4.2,,,,,,,,,,,
M2,M220,ACACBR,1.5,1.77,0.6,1.75,1.15,0.65,0.33,0.25,,,,,,,,,,,
M2,M220,ACACBR,2.7,5.72,1.2,2.7,1.5,2.2,3.74,3.74,,,,,,,,,,,
M2,M220,ACACBR,1.7,2.27,1.2,2.7,1.5,2.2,3.74,3.74,,,,,,,,,,,
M2,M220,ACACBR,1,0.79,1.2,2.7,1.5,2.2,3.74,3.74,,,,,,,,,,,
M2,M220,ACACBR,1.3,1.33,1.2,2.7,1.5,2.2,3.74,3.74,,,,,,,,,,,
M2,M220,ACACBR,1.3,1.33,1.2,2.7,1.5,2.2,3.74,3.74,,,,,,,,,,,
M2,M220,ACACBR,1.1,0.95,0.7,1.2,0.5,0.6,0.28,0.09,,,,,,,,,,,
M2,M220,ACACBR,1.4,1.54,0.8,1.85,1.05,1.46,1.62,1.13,,,,,,,,,,,
M2,M220,ACACBR,2.7,5.72,1,2.44,1.44,1.79,2.44,2.34,,,,,,,,,,,
M2,M220,ACACBR,1.7,2.27,0.8,1.7,0.9,0.95,0.66,0.4,,,,,,,,,,,
M2,M220,ACACBR,2.7,5.72,0.8,2.35,1.55,2.2,3.78,3.91,,,,,,,,,,,
M2,M220,ACACBR,2.9,6.60,0.7,1.5,0.8,2.1,3.39,1.81,,,,,,,,,,,
M2,M220,ACACBR,1.5,1.77,0.5,1.74,1.24,1.24,0.97,0.8,,,,,,,,,,,
M2,M220,ACACET,8.3,54.08,1.2,3.45,2.25,4.25,14.11,21.16,,,,,,,,,,,
M2,M220,ACACET,18.2,260.02,1.2,3.45,2.25,4.25,14.11,21.16,,,,,,,,,,,
M2,M220,ACACBR,1.4,1.54,0.6,1.15,0.55,0.7,0.38,0.14,,,,,,,,,,,
M2,M220,ACACBR,2.5,4.91,0.8,2.87,2.07,2.27,3.88,5.35,,,,,,,,,,,
M2,M220,ACACBR,1.7,2.27,0.8,2.87,2.07,2.27,3.88,5.35,,,,,,,,,,,
M2,M220,ACACBR,1.6,2.01,0.8,2.87,2.07,2.27,3.88,5.35,,,,,,,,,,,
M2,M220,ACACBR,1.9,2.83,0.8,2.62,1.82,1.71,2.27,2.76,,,,,,,,,,,
M2,M220,ACACBR,2.1,3.46,0.7,1.77,1.07,2.29,4.09,2.92,,,,,,,,,,,
M2,M220,ACACBR,2.3,4.15,0.7,1.77,1.07,2.29,4.09,2.92,,,,,,,,,,,
M2,M220,ACACBR,1.2,1.13,0.7,1.77,1.07,2.29,4.09,2.92,,,,,,,,,,,
M2,M220,ACACBR,1.2,1.13,0.7,1.77,1.07,2.29,4.09,2.92,,,,,,,,,,,
M2,M220,ACACBR,2.1,3.46,0.7,1.77,1.07,2.29,4.09,2.92,,,,,,,,,,,
M2,M220,ACACBR,2.8,6.15,0.8,2.32,1.52,2.61,5.34,5.42,,,,,,,,,,,
M2,M220,ACACBR,4.1,13.20,0.9,2.21,1.31,3.29,8.35,7.3,,,,,,,,,,,
M2,M220,ACACBR,1.5,1.77,0.8,1.3,0.5,1.6,1.37,0.46,,,,,,,,,,,
M2,M220,ACACBR,1.6,2.01,0.6,2.06,1.46,0.85,0.55,0.53,,,,,,,,,,,
M2,M220,ACACBR,2,3.14,0.4,1.5,1.1,1.1,0.95,0.7,,,,,,,,,,,
M2,M220,ACACBR,2,3.14,0.4,1.5,1.1,1.1,0.95,0.7,,,,,,,,,,,
M2,M220,ACACBR,1.4,1.54,0.4,1.5,1.1,1.1,0.95,0.7,,,,,,,,,,,
M2,M220,ACACET,6.6,34.19,1.1,2.87,1.77,3.56,9.87,11.64,,,,,,,,,,,
M2,M220,ACACET,9.5,70.85,1.4,3.82,2.42,6.05,28.68,46.27,,,,,,,,,,,
M2,M220,ACACET,10.7,89.87,1.4,3.82,2.42,6.05,28.68,46.27,,,,,,,,,,,
M2,M220,ACACET,7.9,48.99,1.4,3.82,2.42,6.05,28.68,46.27,,,,,,,,,,,
M2,M220,ACACET,9.4,69.36,1.4,3.82,2.42,6.05,28.68,46.27,,,,,,,,,,,
M2,M220,ACACET,7.2,40.69,1.4,3.82,2.42,6.05,28.68,46.27,,,,,,,,,,,
M2,M221,ACACBR,1.1,0.95,0.7,1.2,0.5,1.2,1.1,0.37,,,,,,,,,,,
M2,M221,ACACBR,1.6,2.01,0.5,1,0.5,0.65,0.31,0.1,,,,,,,,,,,
M2,M221,ACACBR,1,0.79,0.4,0.8,0.4,0.45,0.16,0.04,,,,,,,,,,,
M2,M221,ACACBR,1.9,2.83,0.6,1.7,1.1,1.51,1.76,1.29,,,,,,,,,,,
M2,M221,ACACBR,1.1,0.95,0.7,1.63,0.93,0.85,0.57,0.35,,,,,,,,,,,
M2,M221,ACACBR,3,7.07,1.1,2.52,1.42,2.81,6.19,5.86,,,,,,,,,,,
M2,M221,ACACBR,3.3,8.55,1.1,2.52,1.42,2.81,6.19,5.86,,,,,,,,,,,
M2,M221,ACACBR,1.6,2.01,0.9,2.1,1.2,1.44,1.53,1.22,,,,,,,,,,,
M2,M221,ACACBR,1.4,1.54,0.6,1.5,0.9,2.15,3.53,2.12,,,,,,,,,,,
M2,M221,ACACBR,2.4,4.52,0.8,2.36,1.56,2.29,4.1,4.26,,,,,,,,,,,
M2,M221,ACACBR,1.5,1.77,0.6,1.3,0.7,1,0.78,0.36,,,,,,,,,,,
M2,M221,ACACBR,3,7.07,0.9,1.56,0.66,1,0.79,0.35,,,,,,,,,,,
M2,M221,ACACBR,2.6,5.31,0.9,2.63,1.73,2,3.04,3.51,,,,,,,,,,,
M2,M221,ACACBR,2,3.14,0.9,2.32,1.42,1,0.78,0.74,,,,,,,,,,,
M2,M221,ACACBR,1.3,1.33,0.9,2.32,1.42,1,0.78,0.74,,,,,,,,,,,
M2,M221,ACACBR,1.2,1.13,0.6,1.3,0.7,0.75,0.44,0.21,,,,,,,,,,,
M2,M221,ACACBR,1.9,2.83,0.8,2.95,2.15,1.93,2.78,3.98,,,,,,,,,,,
M2,M221,ACACBR,1.6,2.01,0.8,2.95,2.15,1.93,2.78,3.98,,,,,,,,,,,
M2,M221,ACACBR,2.2,3.80,0.8,1.7,0.9,1.15,0.71,0.42,,,,,,,,,,,
M2,M221,ACACBR,1.7,2.27,0.9,2,1.1,1.95,2.97,2.18,,,,,,,,,,,
M2,M221,ACACBR,2,3.14,0.8,2.1,1.3,1.28,1.02,0.88,,,,,,,,,,,
M2,M221,ACACBR,4.2,13.85,0.5,1.5,1,2.02,3.06,2.04,,,,,,,,,,,
M2,M221,ACACBR,2.4,4.52,0.7,2.85,2.15,2.88,6.47,9.28,,,,,,,,,,,
M2,M221,ACACBR,1.3,1.33,1,1.65,0.65,0.3,0.06,0.03,,,,,,,,,,,
M2,M221,ACACBR,1.7,2.27,0.8,2.1,1.3,1.88,2.71,2.35,,,,,,,,,,,
M2,M221,ACACBR,1.6,2.01,0.8,2.1,1.3,1.88,2.71,2.35,,,,,,,,,,,
M2,M221,ACACBR,1.5,1.77,0.8,2.1,1.3,1.88,2.71,2.35,,,,,,,,,,,
M2,M221,ACACBR,2.3,4.15,0.7,1.4,0.7,0.75,0.44,0.21,,,,,,,,,,,
M2,M221,ACACBR,3.2,8.04,0.7,2.73,2.03,1.93,2.9,3.93,,,,,,,,,,,
M2,M221,ACACET,5.1,20.42,0.7,2.26,1.56,2.33,4.26,4.43,,,,,,,,,,,
M2,M221,ACACBR,2.4,4.52,0.8,1.99,1.19,2.05,2.86,2.27,,,,,,,,,,,
M2,M221,ACACBR,1.9,2.83,0.8,1.99,1.19,2.05,2.86,2.27,,,,,,,,,,,
M2,M221,ACACBR,1.5,1.77,0.8,1.99,1.19,2.05,2.86,2.27,,,,,,,,,,,
M2,M221,ACACBR,2.6,5.31,0.8,1.99,1.19,2.05,2.86,2.27,,,,,,,,,,,
M2,M221,ACACBR,1.2,1.13,0.6,1.6,1,1.6,1.98,1.32,,,,,,,,,,,
M2,M221,ACACBR,1.2,1.13,0.6,1.6,1,1.6,1.98,1.32,,,,,,,,,,,
M2,M221,ACACBR,1.9,2.83,0.6,1.6,1,1.6,1.98,1.32,,,,,,,,,,,
M2,M221,ACACBR,1.6,2.01,0.6,1.6,1,1.6,1.98,1.32,,,,,,,,,,,
M2,M221,ACACBR,1.7,2.27,0.6,1.6,1,1.6,1.98,1.32,,,,,,,,,,,
M2,M221,ACACBR,1.9,2.83,0.7,1.75,1.05,0.95,0.71,0.49,,,,,,,,,,,
M2,M221,ACACET,15.7,193.49,1.5,4.39,2.89,3.53,9.69,18.68,,,,,,,,,,,
M2,M221,ACACBR,2.7,5.72,2.9,3.4,0.5,2,3.11,1.04,,,,,,,,,,,
M2,M221,ACACBR,2.1,3.46,2.9,3.4,0.5,2,3.11,1.04,,,,,,,,,,,
M2,M221,ACACET,15,176.63,0.7,3.27,2.57,3.01,7.06,12.09,,,,,,,,,,,
M2,M221,ACACBR,1.9,2.83,0.9,2.65,1.75,1.53,1.83,2.13,,,,,,,,,,,
M2,M221,ACACBR,1.1,0.95,0.9,2.65,1.75,1.53,1.83,2.13,,,,,,,,,,,
M2,M221,ACACBR,1.8,2.54,0.9,2.65,1.75,1.53,1.83,2.13,,,,,,,,,,,
M2,M221,ACACBR,2.4,4.52,0.9,2.35,1.45,2.16,3.61,3.49,,,,,,,,,,,
M2,M221,ACACBR,1.5,1.77,0.6,1.55,0.95,0.45,0.16,0.1,,,,,,,,,,,
M2,M221,ACACBR,1.7,2.27,0.7,1.85,1.15,0.55,0.24,0.18,,,,,,,,,,,
M2,M221,ACACBR,2.9,6.60,0.8,2.1,1.3,1.81,2.57,2.23,,,,,,,,,,,
M2,M221,ACACBR,1.9,2.83,0.2,1.6,1.4,0.7,0.38,0.35,,,,,,,,,,,
M2,M222,ACACBR,1.5,1.77,0.5,2.1,1.6,1.25,1.21,1.29,,,,,,,,,,,
M2,M222,ACACBR,1,0.79,0.5,2.1,1.6,1.25,1.21,1.29,,,,,,,,,,,
M2,M222,ACACBR,2.3,4.15,0.9,2.12,1.22,1.5,1.76,1.43,,,,,,,,,,,
M2,M222,ACACBR,1.4,1.54,0.7,1.4,0.7,1.2,1.12,0.52,,,,,,,,,,,
M2,M222,ACACBR,2.3,4.15,0.7,1.4,0.7,1.2,1.12,0.52,,,,,,,,,,,
M2,M222,ACACBR,1.4,1.54,0.5,1.1,0.6,0.9,0.6,0.24,,,,,,,,,,,
M2,M222,ACACBR,1.6,2.01,0.7,1.2,0.5,0.95,0.69,0.23,,,,,,,,,,,
M2,M222,ACACBR,1.9,2.83,0.8,1.4,0.6,1.15,1.04,0.41,,,,,,,,,,,
M2,M222,ACACBR,2.9,6.60,0.8,1.66,0.86,1.3,1.32,0.76,,,,,,,,,,,
M2,M222,ACACBR,2.1,3.46,0.8,1.66,0.86,1.3,1.32,0.76,,,,,,,,,,,
M2,M222,ACACBR,2,3.14,0.5,1.1,0.6,2.59,5.26,2.11,,,,,,,,,,,
M2,M222,ACACBR,1.8,2.54,0.8,2.22,1.42,2.03,3.21,3.04,,,,,,,,,,,
M2,M222,ACACBR,3.1,7.54,0.8,2.22,1.42,2.03,3.21,3.04,,,,,,,,,,,
M2,M222,ACACBR,3.1,7.54,0.7,2.35,1.65,1.76,2.43,2.67,,,,,,,,,,,
M2,M222,ACACBR,2.8,6.15,0.7,2.35,1.65,2.22,3.84,4.23,,,,,,,,,,,
M2,M222,ACACET,2,3.14,0.8,1.4,0.6,1.2,1.12,0.45,,,,,,,,,,,
M2,M222,ACACET,1,0.79,0.2,1.1,0.9,1.25,1.21,0.73,,,,,,,,,,,
M2,M222,ACACET,13,132.67,1,2.92,1.92,4.37,14.99,19.19,,,,,,,,,,,
M2,M222,ACACET,9.4,69.36,1,2.92,1.92,4.37,14.99,19.19,,,,,,,,,,,
M2,M222,ACACBR,3.5,9.62,0.9,2.52,1.62,3.95,11.93,12.88,,,,,,,,,,,
M2,M222,ACACBR,1.9,2.83,0.9,2.52,1.62,3.95,11.93,12.88,,,,,,,,,,,
M2,M222,ACACBR,2.5,4.91,0.9,2.61,1.71,2.78,6.03,6.88,,,,,,,,,,,
M2,M222,ACACBR,2.1,3.46,0.9,2.81,1.91,2.27,4.03,5.13,,,,,,,,,,,
M2,M222,ACACBR,2.8,6.15,0.9,2.81,1.91,2.27,4.03,5.13,,,,,,,,,,,
M2,M222,ACACBR,1.3,1.33,0.6,1.7,1.1,2.56,4.82,3.54,,,,,,,,,,,
M2,M222,ACACBR,1.7,2.27,0.6,1.7,1.1,2.56,4.82,3.54,,,,,,,,,,,
M2,M222,ACACBR,2.1,3.46,0.6,1.7,1.1,2.56,4.82,3.54,,,,,,,,,,,
M2,M222,ACACBR,1,0.79,0.7,1.2,0.5,0.85,0.57,0.19,,,,,,,,,,,
M2,M222,ACACBR,1.2,1.13,0.6,0.9,0.3,1.05,0.86,0.17,,,,,,,,,,,
M2,M222,ACACBR,3.1,7.54,0.7,2.72,2.02,1.1,0.94,1.27,,,,,,,,,,,
M2,M222,ACACBR,3.3,8.55,0.8,3,2.2,3.21,8.02,11.77,,,,,,,,,,,
M2,M222,ACACBR,2.5,4.91,0.8,3,2.2,3.21,8.02,11.77,,,,,,,,,,,
M2,M222,ACACET,8.8,60.79,0.8,3,2.2,3.21,8.02,11.77,,,,,,,,,,,
M2,M222,ACACBR,2.8,6.15,0.8,3.55,2.75,2.69,5.66,10.37,,,,,,,,,,,
M2,M222,ACACBR,1.9,2.83,0.8,3.55,2.75,2.69,5.66,10.37,,,,,,,,,,,
M2,M222,ACACBR,1.8,2.54,0.6,3.34,2.74,2.14,3.55,6.49,,,,,,,,,,,
M2,M222,ACACBR,1.7,2.27,0.6,3.34,2.74,2.14,3.55,6.49,,,,,,,,,,,
M2,M223,ACACBR,3,7.07,0.9,2.62,1.72,2.37,4.39,5.04,,,,,,,,,,,
M2,M223,ACACBR,1.7,2.27,0.9,2.62,1.72,2.37,4.39,5.04,,,,,,,,,,,
M2,M223,ACACBR,1.2,1.13,0.9,2.62,1.72,2.37,4.39,5.04,,,,,,,,,,,
M2,M223,ACACBR,1.2,1.13,0.9,2.62,1.72,2.37,4.39,5.04,,,,,,,,,,,
M2,M223,ACACBR,1.3,1.33,0.9,1.62,0.72,3.22,7.95,3.82,,,,,,,,,,,
M2,M223,ACACBR,1.5,1.77,0.9,1.62,0.72,3.22,7.95,3.82,,,,,,,,,,,
M2,M223,ACACBR,1.6,2.01,0.9,1.62,0.72,3.22,7.95,3.82,,,,,,,,,,,
M2,M223,ACACBR,2.1,3.46,0.9,1.62,0.72,3.22,7.95,3.82,,,,,,,,,,,
M2,M223,ACACBR,2.8,6.15,0.9,1.62,0.72,3.22,7.95,3.82,,,,,,,,,,,
M2,M223,ACACBR,1.7,2.27,0.9,1.62,0.72,3.22,7.95,3.82,,,,,,,,,,,
M2,M223,ACACBR,2.1,3.46,0.9,1.62,0.72,3.22,7.95,3.82,,,,,,,,,,,
M2,M223,ACACBR,2.5,4.91,0.9,1.62,0.72,3.22,7.95,3.82,,,,,,,,,,,
M2,M223,ACACBR,2.5,4.91,0.9,1.62,0.72,3.22,7.95,3.82,,,,,,,,,,,
M2,M223,ACACBR,1.4,1.54,0.9,1.62,0.72,3.22,7.95,3.82,,,,,,,,,,,
M2,M223,ACACET,5.4,22.89,0.7,2.12,1.42,3.67,10.48,9.92,,,,,,,,,,,
M2,M223,ACACBR,1.7,2.27,0.8,2.2,1.4,2.85,5.92,5.52,,,,,,,,,,,
M2,M223,ACACBR,2.5,4.91,0.8,2.2,1.4,2.85,5.92,5.52,,,,,,,,,,,
M2,M223,ACACBR,1.6,2.01,0.8,2.2,1.4,2.85,5.92,5.52,,,,,,,,,,,
M2,M223,ACACBR,1.5,1.77,0.8,2.2,1.4,2.85,5.92,5.52,,,,,,,,,,,
M2,M223,ACACBR,1.8,2.54,0.8,2.2,1.4,2.85,5.92,5.52,,,,,,,,,,,
M2,M223,ACACBR,2,3.14,0.8,2.2,1.4,2.85,5.92,5.52,,,,,,,,,,,
M2,M223,ACACBR,2.5,4.91,0.8,2.2,1.4,2.85,5.92,5.52,,,,,,,,,,,
M2,M223,ACACBR,1.2,1.13,0.6,1.4,0.8,2.05,3.28,1.75,,,,,,,,,,,
M2,M223,ACACBR,1.8,2.54,0.6,1.4,0.8,2.05,3.28,1.75,,,,,,,,,,,
M2,M223,ACACBR,1.5,1.77,0.6,1.4,0.8,2.05,3.28,1.75,,,,,,,,,,,
M2,M223,ACACBR,1.6,2.01,0.6,1.4,0.8,2.05,3.28,1.75,,,,,,,,,,,
M2,M223,ACACBR,1.9,2.83,0.6,1.75,1.15,2.67,5.58,4.28,,,,,,,,,,,
M2,M223,ACACBR,1.8,2.54,0.6,1.75,1.15,2.67,5.58,4.28,,,,,,,,,,,
M2,M223,ACACBR,1.8,2.54,0.6,1.75,1.15,2.67,5.58,4.28,,,,,,,,,,,
M2,M223,ACACBR,1.6,2.01,0.6,1.75,1.15,2.67,5.58,4.28,,,,,,,,,,,
M2,M223,ACACBR,2.4,4.52,0.6,1.75,1.15,2.67,5.58,4.28,,,,,,,,,,,
M2,M223,ACACBR,2.4,4.52,0.6,1.75,1.15,2.67,5.58,4.28,,,,,,,,,,,
M2,M223,ACACBR,2.1,3.46,0.6,1.75,1.15,2.67,5.58,4.28,,,,,,,,,,,
M2,M223,ACACET,12.6,124.63,1.4,3.84,2.44,4.74,17.6,28.62,,,,,,,,,,,
M2,M223,ACACBR,1.6,2.01,0.8,2.7,1.9,3.63,10.34,13.1,,,,,,,,,,,
M2,M223,ACACBR,2.6,5.31,0.8,2.7,1.9,3.63,10.34,13.1,,,,,,,,,,,
M2,M223,ACACBR,2.3,4.15,0.8,2.7,1.9,3.63,10.34,13.1,,,,,,,,,,,
M2,M223,ACACBR,3,7.07,0.8,2.7,1.9,3.63,10.34,13.1,,,,,,,,,,,
M2,M223,ACACBR,1.5,1.77,0.8,2.7,1.9,3.63,10.34,13.1,,,,,,,,,,,
M2,M223,ACACBR,3.6,10.17,0.8,2.7,1.9,3.63,10.34,13.1,,,,,,,,,,,
M2,M223,ACACBR,4,12.56,0.8,2.7,1.9,3.63,10.34,13.1,,,,,,,,,,,
M2,M223,ACACET,16.8,221.56,1.92,4.65,2.73,4.01,12.44,22.65,,,,,,,,,,,
M2,M223,ACACBR,1.6,2.01,0.6,1.4,0.8,0.45,0.16,0.08,,,,,,,,,,,
M2,M223,ACACBR,2.1,3.46,0.9,1,0.1,0.75,0.35,0.02,,,,,,,,,,,
M2,M223,ACACBR,3.6,10.17,1,2.85,1.85,3.42,8.62,10.63,,,,,,,,,,,
M2,M223,ACACET,8.3,54.08,1,2.85,1.85,3.42,8.62,10.63,,,,,,,,,,,
M2,M223,ACACET,5,19.63,1,2.85,1.85,3.42,8.62,10.63,,,,,,,,,,,
M2,M223,ACACBR,1.4,1.54,0.9,1.72,0.82,0.65,0.33,0.18,,,,,,,,,,,
M2,M223,ACACET,2.5,4.91,0.8,1.6,0.8,1.73,2.35,1.25,,,,,,,,,,,
M2,M223,ACACET,9,63.59,1.1,2.72,1.62,2.62,5.17,5.58,,,,,,,,,,,
M2,M223,ACACET,2.7,5.72,1.1,2.72,1.62,2.62,5.17,5.58,,,,,,,,,,,
M2,M223,ACACBR,1.6,2.01,0.7,1.5,0.8,0.85,0.57,0.3,,,,,,,,,,,
M2,M223,ACACET,8.8,60.79,1.2,2.7,1.5,2.58,5.21,5.21,,,,,,,,,,,
M2,M223,ACACET,9.7,73.86,1.3,3.4,2.1,4.08,12.95,18.13,,,,,,,,,,,
M2,M223,ACACET,2.8,6.15,1.3,3.4,2.1,4.08,12.95,18.13,,,,,,,,,,,
M2,M223,ACACET,5.7,25.50,1.3,3.4,2.1,4.08,12.95,18.13,,,,,,,,,,,
M2,M223,ACACET,5.6,24.62,1.3,3.4,2.1,4.08,12.95,18.13,,,,,,,,,,,
M2,M223,ACACET,3.1,7.54,1.3,3.4,2.1,4.08,12.95,18.13,,,,,,,,,,,
M2,M223,ACACET,3.9,11.94,1.3,3.4,2.1,4.08,12.95,18.13,,,,,,,,,,,
M2,M223,ACACET,4.5,15.90,0.8,1.3,0.5,1.4,1.54,0.51,,,,,,,,,,,
M2,M223,ACACET,2.3,4.15,0.8,2.2,1.4,2.2,3.79,3.54,,,,,,,,,,,
M2,M223,ACACET,1.2,1.13,0.5,1.1,0.6,0.5,0.2,0.08,,,,,,,,,,,
M2,M223,ACACET,8.2,52.78,1.4,3.39,1.99,4.46,15.49,20.55,,,,,,,,,,,
M2,M223,ACACET,7.3,41.83,1.4,3.39,1.99,4.46,15.49,20.55,,,,,,,,,,,
M2,M223,ACACET,5.4,22.89,1.1,3.3,2.2,6.42,32.22,47.25,,,,,,,,,,,
M2,M223,ACACET,8.2,52.78,1.1,3.3,2.2,6.42,32.22,47.25,,,,,,,,,,,
M2,M223,ACACET,4,12.56,1.1,3.3,2.2,6.42,32.22,47.25,,,,,,,,,,,
M2,M223,ACACET,8.2,52.78,1.1,3.3,2.2,6.42,32.22,47.25,,,,,,,,,,,
M2,M223,ACACET,3.2,8.04,1.1,3.3,2.2,6.42,32.22,47.25,,,,,,,,,,,
M2,M223,ACACET,6.8,36.30,1.1,3.3,2.2,6.42,32.22,47.25,,,,,,,,,,,
M2,M223,ACACET,1.7,2.27,1.1,1.3,0.2,0.75,0.42,0.06,,,,,,,,,,,
M2,M223,ACACET,4.7,17.34,0.5,1.75,1.25,1.59,1.86,1.55,,,,,,,,,,,
M2,M223,ACACET,7,38.47,1.4,3.62,2.22,3.52,9.72,14.39,,,,,,,,,,,
M2,M223,ACACET,5.8,26.41,1.4,3.62,2.22,3.52,9.72,14.39,,,,,,,,,,,
M2,M223,ACACET,2,3.14,0.7,2.04,1.34,1.3,1.32,1.18,,,,,,,,,,,
M2,M223,ACACET,3.5,9.62,0.2,1.2,1,1.15,1.04,0.69,,,,,,,,,,,
M2,M223,ACACBR,1.3,1.33,0.9,1.55,0.65,0.65,0.32,0.14,,,,,,,,,,,
M2,M223,ACACBR,1.5,1.77,0.95,2.15,1.2,0.88,0.6,0.48,,,,,,,,,,,
M2,M223,ACACME,16.3,208.57,2.62,6.1,3.48,7.38,42.66,98.98,,,,,,,,,,,
M2,M223,ACACBR,1.9,2.83,0.7,2.57,1.87,2.47,4.76,5.93,,,,,,,,,,,
M2,M223,ACACBR,1.9,2.83,0.7,2.57,1.87,2.47,4.76,5.93,,,,,,,,,,,
M2,M223,ACACBR,1.1,0.95,0.7,2.57,1.87,2.47,4.76,5.93,,,,,,,,,,,
M2,M223,ACACBR,1.4,1.54,0.7,2.57,1.87,2.47,4.76,5.93,,,,,,,,,,,
M2,M223,ACACBR,1.7,2.27,0.7,2.57,1.87,2.47,4.76,5.93,,,,,,,,,,,
M2,M223,ACACBR,1.2,1.13,0.55,2.16,1.61,2.61,5.2,5.59,,,,,,,,,,,
M2,M223,ACACBR,1.6,2.01,0.55,2.16,1.61,2.61,5.2,5.59,,,,,,,,,,,
M2,M223,ACACBR,2.2,3.80,0.55,2.16,1.61,2.61,5.2,5.59,,,,,,,,,,,
M2,M223,ACACBR,1.5,1.77,0.55,2.16,1.61,2.61,5.2,5.59,,,,,,,,,,,
M2,M223,ACACBR,1.4,1.54,0.55,2.16,1.61,2.61,5.2,5.59,,,,,,,,,,,
M2,M223,ACACBR,2.2,3.80,0.55,2.16,1.61,2.61,5.2,5.59,,,,,,,,,,,
M2,M223,ACACBR,1.8,2.54,0.65,2.14,1.49,0.73,0.4,0.4,,,,,,,,,,,
M2,M223,ACACBR,2.6,5.31,0.9,2.74,1.84,2.22,3.7,4.54,,,,,,,,,,,
M2,M223,ACACET,7.9,48.99,0.6,1.07,0.47,2.15,3.37,1.06,,,,,,,,,,,
M2,M223,ACACET,7.7,46.54,1.15,3.15,2,4.25,13.98,18.64,,,,,,,,,,,
M2,M223,ACACET,3.6,10.17,0.6,1.15,0.55,0.75,0.35,0.13,,,,,,,,,,,
M2,M223,ACACET,5,19.63,0.6,1.15,0.55,0.75,0.35,0.13,,,,,,,,,,,
M2,M223,ACACET,5.9,27.33,0.6,1.15,0.55,0.75,0.35,0.13,,,,,,,,,,,
M2,M223,ACACME,1.6,2.01,0.6,1.15,0.55,0.75,0.35,0.13,,,,,,,,,,,
M2,M223,ACACME,2.4,4.52,0.65,1.59,0.94,1.63,2.03,1.27,,,,,,,,,,,
M2,M223,ACACET,9,63.59,1.5,3.52,2.02,3.03,7.03,9.47,,,,,,,,,,,
M2,M223,ACACET,5.8,26.41,1,3.6,2.6,3.18,7.86,13.62,,,,,,,,,,,
M2,M223,ACACET,7.7,46.54,0.85,3.34,2.49,3.15,7.76,12.89,,,,,,,,,,,
M2,M223,ACACET,3.3,8.55,0.85,3.34,2.49,3.15,7.76,12.89,,,,,,,,,,,
M2,M223,ACACET,4.9,18.85,0.85,3.34,2.49,3.15,7.76,12.89,,,,,,,,,,,
M2,M223,ACACET,1.7,2.27,0.85,3.34,2.49,3.15,7.76,12.89,,,,,,,,,,,
M2,M223,ACACET,1.5,1.77,0.85,3.34,2.49,3.15,7.76,12.89,,,,,,,,,,,
M2,M223,ACACET,2.3,4.15,0.85,3.34,2.49,3.15,7.76,12.89,,,,,,,,,,,
M2,M223,ACACET,5.2,21.23,0.85,3.34,2.49,3.15,7.76,12.89,,,,,,,,,,,
M2,M223,ACACET,5.4,22.89,0.85,3.34,2.49,3.15,7.76,12.89,,,,,,,,,,,
M2,M223,ACACET,3,7.07,0.55,2.62,2.07,3.44,9.25,12.77,,,,,,,,,,,
M2,M223,ACACET,4.7,17.34,0.55,2.62,2.07,3.44,9.25,12.77,,,,,,,,,,,
M2,M223,ACACET,7.2,40.69,0.55,2.62,2.07,3.44,9.25,12.77,,,,,,,,,,,
M2,M223,ACACET,6.2,30.18,0.55,2.62,2.07,3.44,9.25,12.77,,,,,,,,,,,
M2,M223,ACACET,13,132.67,1.15,3.75,2.6,3.48,9.45,16.38,,,,,,,,,,,
M2,M224,ACACBR,4.1,13.20,0.5,2.05,1.55,1.7,2.22,2.29,,,,,,,,,,,
M2,M224,ACACET,7.8,47.76,0.75,3.2,2.45,2.8,6.12,10,,,,,,,,,,,
M2,M224,ACACET,5.9,27.33,1.05,3.5,2.45,4.42,15.26,24.92,,,,,,,,,,,
M2,M224,ACACET,10.6,88.20,1.05,3.5,2.45,4.42,15.26,24.92,,,,,,,,,,,
M2,M224,ACACET,5.5,23.75,1.05,3.5,2.45,4.42,15.26,24.92,,,,,,,,,,,
M2,M224,ACACBR,1.5,1.77,0.3,1,0.7,0.6,0.27,0.13,,,,,,,,,,,
M2,M224,ACACBR,2,3.14,0.5,1.2,0.7,0.63,0.29,0.14,,,,,,,,,,,
M2,M224,ACACBR,1.9,2.83,0.9,1.5,0.6,0.78,0.45,0.18,,,,,,,,,,,
M2,M224,ACACBR,1.7,2.27,0.6,1.05,0.45,0.85,0.5,0.15,,,,,,,,,,,
M2,M224,ACACBR,1.8,2.54,0.6,1.15,0.55,1.55,1.55,0.57,,,,,,,,,,,
M2,M224,ACACBR,2.2,3.80,0.6,1.15,0.55,1.55,1.55,0.57,,,,,,,,,,,
M2,M224,ACACET,11.7,107.46,1,3.87,2.87,3.84,11.5,22.01,,,,,,,,,,,
M2,M224,ACACBR,1.9,2.83,0.85,2.08,1.23,1.54,1.81,1.48,,,,,,,,,,,
M2,M224,ACACBR,1.1,0.95,0.85,2.08,1.23,1.54,1.81,1.48,,,,,,,,,,,
M2,M224,ACACBR,3.1,7.54,0.75,1.84,1.09,1.95,2.98,2.17,,,,,,,,,,,
M2,M224,ACACBR,1.8,2.54,0.75,1.84,1.09,1.95,2.98,2.17,,,,,,,,,,,
M2,M224,ACACBR,2.8,6.15,0.75,1.84,1.09,1.95,2.98,2.17,,,,,,,,,,,
M2,M224,ACACBR,1.6,2.01,0.75,1.84,1.09,1.95,2.98,2.17,,,,,,,,,,,
M2,M224,ACACBR,3.5,9.62,0.75,1.84,1.09,1.95,2.98,2.17,,,,,,,,,,,
M2,M224,ACACBR,1.3,1.33,0.75,1.84,1.09,1.95,2.98,2.17,,,,,,,,,,,
M2,M224,ACACBR,2.5,4.91,0.7,2,1.3,2.19,3.58,3.1,,,,,,,,,,,
M2,M224,ACACBR,2.9,6.60,0.55,1.05,0.5,0.5,0.19,0.06,,,,,,,,,,,
M2,M224,ACACBR,1.4,1.54,0.4,0.95,0.55,0.7,0.35,0.13,,,,,,,,,,,
M2,M224,ACACET,2.3,4.15,0.55,0.85,0.3,0.72,0.4,0.08,,,,,,,,,,,
M2,M224,ACACET,9.4,69.36,1.37,3.15,1.78,3.1,7.42,8.8,,,,,,,,,,,
M2,M224,ACACET,5.7,25.50,0.7,2.4,1.7,2.74,5.84,6.62,,,,,,,,,,,
M2,M224,ACACET,6.8,36.30,0.8,2.7,1.9,2.51,4.92,6.23,,,,,,,,,,,
M2,M225,ACACET,1.9,2.83,0.9,1.3,0.4,0.9,0.63,0.17,,,,,,,,,,,
M2,M225,ACACBR,2.6,5.31,0.9,1.52,0.62,1.36,1.4,0.58,,,,,,,,,,,
M2,M225,ACACET,1.7,2.27,1,3.3,2.3,3.77,10.27,15.75,,,,,,,,,,,
M2,M225,ACACET,1.7,2.27,1,3.3,2.3,3.77,10.27,15.75,,,,,,,,,,,
M2,M225,ACACET,5.9,27.33,1,3.3,2.3,3.77,10.27,15.75,,,,,,,,,,,
M2,M225,ACACET,4.2,13.85,1,3.3,2.3,3.77,10.27,15.75,,,,,,,,,,,
M2,M225,ACACET,12.8,128.61,1,3.3,2.3,3.77,10.27,15.75,,,,,,,,,,,
M2,M225,ACACET,1.8,2.54,0.9,1.72,0.82,0.74,0.38,0.21,,,,,,,,,,,
M2,M225,ACACET,5.3,22.05,1,2.31,1.31,2.77,6.02,5.26,,,,,,,,,,,
M2,M225,ACACET,6,28.26,1.1,1.95,0.85,2.31,4.19,2.37,,,,,,,,,,,
M2,M225,ACACBR,2.6,5.31,1,2.35,1.35,2.02,3.2,2.88,,,,,,,,,,,
M2,M225,ACACBR,2.5,4.91,1.3,2.82,1.52,3.12,7.59,7.69,,,,,,,,,,,
M2,M225,ACACBR,2.8,6.15,1.3,2.82,1.52,3.12,7.59,7.69,,,,,,,,,,,
M2,M225,ACACBR,3.4,9.07,1,2.5,1.5,1.89,2.8,2.8,,,,,,,,,,,
M2,M225,ACACET,6.3,31.16,1.1,3.5,2.4,2.47,4.77,7.63,,,,,,,,,,,
M2,M225,ACACET,4,12.56,1.1,3.5,2.4,2.47,4.77,7.63,,,,,,,,,,,
M2,M225,ACACME,2.7,5.72,1.1,1.86,0.76,1.79,2.5,1.27,,,,,,,,,,,
M2,M225,ACACBR,2.3,4.15,1.1,1.77,0.67,1.25,1.21,0.54,,,,,,,,,,,
M2,M225,ACACBR,2.5,4.91,0.4,0.7,0.3,0.7,0.35,0.07,,,,,,,,,,,
M2,M225,ACACET,2,3.14,0.8,1.92,1.12,1.67,2.19,1.63,,,,,,,,,,,
M2,M225,ACACBR,2.8,6.15,0.6,2.12,1.52,1.9,2.82,2.86,,,,,,,,,,,
M2,M225,ACACME,7.8,47.76,0.5,1.65,1.15,2.22,3.86,2.96,,,,,,,,,,,
M2,M225,ACACBR,1.3,1.33,0.6,1.82,1.22,1.2,1.12,0.91,,,,,,,,,,,
M2,M225,ACACET,7.5,44.16,0.9,2.7,1.8,2.45,4.71,5.65,,,,,,,,,,,
M2,M225,ACACBR,1.4,1.54,0.6,1.2,0.6,0.7,0.38,0.15,,,,,,,,,,,
M2,M225,ACACME,2.4,4.52,0.7,1.4,0.7,1.5,1.64,0.77,,,,,,,,,,,
M2,M225,ACACET,7,38.47,0.7,2.86,2.16,2.42,4.6,6.62,,,,,,,,,,,
M2,M225,ACACET,4.7,17.34,0.8,2.48,1.68,2.62,5.38,6.03,,,,,,,,,,,
M2,M225,ACACET,4.7,17.34,0.8,2.48,1.68,2.62,5.38,6.03,,,,,,,,,,,
M2,M225,ACACET,6.2,30.18,1.1,2.72,1.62,2.29,3.86,4.17,,,,,,,,,,,
M2,M225,ACACET,5.2,21.23,1.1,2.72,1.62,2.29,3.86,4.17,,,,,,,,,,,
M2,M225,ACACBR,3.4,9.07,0.8,1.95,1.15,2.05,3.28,2.51,,,,,,,,,,,
M2,M225,ACACET,3.8,11.34,0.6,1.4,0.8,0.5,0.19,0.1,,,,,,,,,,,
M2,M225,ACACME,4.1,13.20,0.7,1.4,0.7,1.79,2.51,1.17,,,,,,,,,,,
M2,M225,ACACME,2.2,3.80,0.7,1.4,0.7,1.79,2.51,1.17,,,,,,,,,,,
M2,M225,ACACBR,3.2,8.04,0.7,3.2,2.5,1.31,1.22,2.03,,,,,,,,,,,
M2,M225,ACACBR,2.8,6.15,0.8,2.42,1.62,2.19,3.75,4.05,,,,,,,,,,,
M2,M225,ACACME,2.4,4.52,0.6,1.3,0.7,1.15,0.99,0.46,,,,,,,,,,,
M2,M225,ACACBR,1.6,2.01,0.6,1.65,1.05,1.05,0.77,0.54,,,,,,,,,,,
M2,M225,ACACET,1.4,1.54,0.6,1.4,0.8,0.7,0.38,0.2,,,,,,,,,,,
M2,M225,ACACBR,1.8,2.54,0.3,1.3,1,0.45,0.16,0.1,,,,,,,,,,,
M2,M225,ACACBR,1.1,0.95,0.6,2.32,1.72,3.28,8.26,9.48,,,,,,,,,,,
M2,M225,ACACBR,1.4,1.54,0.6,2.32,1.72,3.28,8.26,9.48,,,,,,,,,,,
M2,M225,ACACBR,4,12.56,0.6,2.32,1.72,3.28,8.26,9.48,,,,,,,,,,,
M2,M225,ACACBR,1.3,1.33,0.6,2.32,1.72,3.28,8.26,9.48,,,,,,,,,,,
M2,M225,ACACBR,2,3.14,0.6,2.32,1.72,3.28,8.26,9.48,,,,,,,,,,,
M2,M225,ACACBR,1.9,2.83,0.6,2.32,1.72,3.28,8.26,9.48,,,,,,,,,,,
M2,M225,ACACBR,2.1,3.46,0.6,2.32,1.72,3.28,8.26,9.48,,,,,,,,,,,
M2,M225,ACACBR,2.9,6.60,0.8,2.11,1.31,1.96,2.95,2.58,,,,,,,,,,,
M2,M225,ACACBR,2.6,5.31,1.1,2.36,1.26,1.25,1.22,1.03,,,,,,,,,,,
M2,M225,ACACBR,1.9,2.83,0.9,2.5,1.6,1.25,1.21,1.29,,,,,,,,,,,
M2,M225,ACACME,11.6,105.63,0.7,3.52,2.82,3.38,8.94,16.81,,,,,,,,,,,
M2,M225,ACACBR,2,3.14,1.1,2.32,1.22,0.85,0.57,0.46,,,,,,,,,,,
M2,M225,ACACET,8.5,56.72,0.7,4.4,3.7,4.82,18.23,44.98,,,,,,,,,,,
M2,M225,ACACET,5.1,20.42,0.7,4.4,3.7,4.82,18.23,44.98,,,,,,,,,,,
M2,M225,ACACET,6.9,37.37,0.7,4.4,3.7,4.82,18.23,44.98,,,,,,,,,,,
M2,M225,ACACET,8.9,62.18,0.7,4.4,3.7,4.82,18.23,44.98,,,,,,,,,,,
M2,M225,ACACET,8.4,55.39,0.7,4.4,3.7,4.82,18.23,44.98,,,,,,,,,,,
M2,M225,ACACET,5.6,24.62,0.8,3.72,2.92,4.44,15.36,29.91,,,,,,,,,,,
M2,M225,ACACET,4,12.56,0.8,3.72,2.92,4.44,15.36,29.91,,,,,,,,,,,
M2,M225,ACACET,13.6,145.19,0.8,3.72,2.92,4.44,15.36,29.91,,,,,,,,,,,
M2,M225,ACACME,3.6,10.17,0.8,3.72,2.92,4.44,15.36,29.91,,,,,,,,,,,
M2,M225,ACACET,5.8,26.41,0.8,3.72,2.92,4.44,15.36,29.91,,,,,,,,,,,
M2,M225,ACACBR,1.4,1.54,0.7,1.77,1.07,1.56,1.89,1.35,,,,,,,,,,,
M2,M225,ACACBR,1.5,1.77,0.7,1.77,1.07,1.56,1.89,1.35,,,,,,,,,,,
M2,M226,ACACET,8.9,62.18,0.6,2.15,1.55,2.6,5.3,5.48,,,,,,,,,,,
M2,M226,ACACBR,2.3,4.15,0.6,2.15,1.55,2.6,5.3,5.48,,,,,,,,,,,
M2,M226,ACACBR,3.3,8.55,0.6,2.12,1.52,2.31,4.16,4.22,,,,,,,,,,,
M2,M226,ACACBR,1.2,1.13,0.6,2.12,1.52,2.31,4.16,4.22,,,,,,,,,,,
M2,M226,ACACBR,1,0.79,0.4,0.9,0.5,0.45,0.06,0.02,,,,,,,,,,,
M2,M226,ACACET,8.1,51.50,0.7,3.91,3.21,2.91,6.64,14.22,,,,,,,,,,,
M2,M226,ACACET,7.6,45.34,0.7,3.91,3.21,2.76,5.97,12.78,,,,,,,,,,,
M2,M226,ACACET,6.3,31.16,0.7,3.91,3.21,2.76,5.97,12.78,,,,,,,,,,,
M2,M226,ACACET,14.7,169.63,0.7,3.37,2.67,2.34,4.26,7.58,,,,,,,,,,,
M2,M226,ACACBR,1.2,1.13,0.4,1.1,0.7,0.9,0.51,0.24,,,,,,,,,,,
M2,M226,ACACET,1.9,2.83,0.7,1.61,0.91,1.35,1.43,0.87,,,,,,,,,,,
M2,M226,ACACME,12.3,118.76,1.2,3.31,2.11,3.62,10.19,14.34,,,,,,,,,,,
M2,M226,ACACBR,2,3.14,0.5,1.4,0.9,0.6,0.28,0.17,,,,,,,,,,,
M2,M226,ACACBR,1.5,1.77,0.5,3.82,3.32,1.77,2.44,5.4,,,,,,,,,,,
M2,M226,ACACET,21.5,362.87,0.9,4.22,3.32,4.09,13.07,28.94,,,,,,,,,,,
M2,M226,ACACME,2.1,3.46,0.7,2.12,1.42,2,3.09,2.93,,,,,,,,,,,
M2,M226,ACACBR,2.1,3.46,0.7,2.12,1.42,2,3.09,2.93,,,,,,,,,,,
M2,M226,ACACME,8.6,58.06,0.65,1.9,1.25,1.35,1.41,1.18,,,,,,,,,,,
M2,M251,ACACME,8.6,58.06,0.65,1.9,1.25,1.35,1.41,1.18,,,,,,,,,,,
M2,M251,ACACBR,1.9,2.83,0.3,1.1,0.8,1.25,0.79,0.42,,,,,,,,,,,
M2,M251,ACACBR,1.9,2.83,0.95,1.15,0.2,0.3,0.07,0.01,,,,,,,,,,,
M2,M251,ACACBR,1.5,1.77,0.65,1.82,1.17,0.9,0.63,0.49,,,,,,,,,,,
M2,M251,ACACBR,1.5,1.77,0.24,1,0.76,0.5,0.2,0.1,,,,,,,,,,,
M2,M251,ACACME,2.2,3.80,0.5,1.2,0.7,1.4,1.51,0.7,,,,,,,,,,,
M2,M251,ACACME,8.3,54.08,0.7,3.55,2.85,4.65,16.92,32.16,,,,,,,,,,,
M2,M253,ACACME,15,176.63,0.8,2,1.2,3.63,9.57,7.66,,,,,,,,,,,
M2,M254,ACACME,1.4,1.54,0.2,0.6,0.4,1.05,0.85,0.23,,,,,,,,,,,
M2,M255,ACACME,8,50.24,0.5,2.55,2.05,3.7,10.72,14.64,,,,,,,,,,,
M2,M256,ACACME,1,0.79,0.2,0.7,0.5,1.03,0.81,0.27,,,,,,,,,,,
M2,M256,ACACME,1.1,0.95,0.2,0.55,0.35,1.25,1.22,0.29,,,,,,,,,,,
M2,M256,ACACME,2.6,5.31,0.25,1.25,1,1.75,2.38,1.59,,,,,,,,,,,
M2,M261,ACACME,2.1,3.46,0.3,1,0.7,1.65,2.12,0.99,,,,,,,,,,,
M2,M263,ACACME,2.8,6.15,0.2,1.4,1.2,2.13,3.54,2.84,,,,,,,,,,,
M2,M266,ACACME,1.3,1.33,0.2,0.85,0.65,1.65,2.12,0.92,,,,,,,,,,,
M2,M268,ACACME,12.4,120.70,0.5,3.4,2.9,5.6,24.61,47.58,,,,,,,,,,,
M2,M269,ACACME,4,12.56,0.35,2.25,1.9,3.3,8.52,10.79,,,,,,,,,,,
M2,M272,ACACME,1.3,1.33,0.1,0.75,0.65,1.5,1.73,0.75,,,,,,,,,,,
M2,M273,ACACME,4.1,13.20,0.5,1.45,0.95,2.39,4.28,2.71,,,,,,,,,,,
M2,M275,ACACME,2.2,3.80,0.05,0.65,0.6,1.45,1.55,0.62,,,,,,,,,,,
M3,M301,ACACBR,2.1,3.46,0.19,1.67,1.48,0.8,0.5,0.5,,,,,,,,,,,
M3,M301,ACACET,2.9,6.60,0.8,2.33,1.53,1.4,1.52,1.55,,,,,,,,,,,
M3,M301,ACACBR,3.1,7.54,0.35,1.2,0.85,1.3,1.31,0.74,,,,,,,,,,,
M3,M301,ACACBR,2.3,4.15,0.27,1.72,1.45,0.78,0.47,0.46,,,,,,,,,,,
M3,M301,ACACBR,2,3.14,0.1,0.83,0.73,0.2,0.03,0.02,,,,,,,,,,,
M3,M301,ACACBR,1.9,2.83,0.25,1.25,1,0.74,0.4,0.27,,,,,,,,,,,
M3,M301,ACACBR,2,3.14,0.22,1.25,1.03,0.7,0.38,0.26,,,,,,,,,,,
M3,M301,ACACBR,1,0.79,0.23,0.89,0.66,0.29,0.07,0.03,,,,,,,,,,,
M3,M301,ACACBR,2.1,3.46,0.22,0.24,0.02,0.54,0.21,0,,,,,,,,,,,
M3,M301,ACACBR,3.1,7.54,0.5,1.25,0.75,1.26,1.24,0.62,,,,,,,,,,,
M3,M301,ACACBR,1.5,1.77,0.35,0.7,0.35,0.21,0.03,0.01,,,,,,,,,,,
M3,M301,ACACBR,2.1,3.46,0.15,0.71,0.56,0.13,0.01,0,,,,,,,,,,,
M3,M301,ACACBR,1.4,1.54,0.26,0.84,0.58,0.51,0.2,0.08,,,,,,,,,,,
M3,M301,ACACBR,2.2,3.80,0.5,1.1,0.6,0.18,0.02,0.01,,,,,,,,,,,
M3,M301,ACACBR,2.4,4.52,0.49,1.16,0.67,0.8,0.42,0.19,,,,,,,,,,,
M3,M301,ACACBR,2,3.14,0.47,1.1,0.63,0.96,0.71,0.3,,,,,,,,,,,
M3,M301,ACACBR,1.6,2.01,0.74,0.97,0.23,0.2,0.03,0,,,,,,,,,,,
M3,M301,ACACBR,1.8,2.54,0.48,1,0.52,0.56,0.23,0.08,,,,,,,,,,,
M3,M301,ACACBR,1.6,2.01,0.4,0.98,0.58,0.43,0.14,0.05,,,,,,,,,,,
M3,M301,ACACBR,2,3.14,0.85,1.19,0.34,0.45,0.16,0.04,,,,,,,,,,,
M3,M301,ACACBR,1.7,2.27,0.8,1.22,0.42,0.42,0.12,0.03,,,,,,,,,,,
M3,M301,ACACBR,2.1,3.46,0.22,1.02,0.8,0.31,0.08,0.04,,,,,,,,,,,
M3,M301,ACACBR,1.8,2.54,0.52,1.04,0.52,0.38,0.11,0.04,,,,,,,,,,,
M3,M301,ACACBR,3,7.07,0.52,1.4,0.88,1.08,0.92,0.54,,,,,,,,,,,
M3,M301,ACACET,51,2041.79,0.6,1.62,1.02,1.88,2.64,1.79,,,,,,,,,,,
M3,M301,ACACBR,2.8,6.15,0.6,1.75,1.15,1.54,1.85,1.42,,,,,,,,,,,
M3,M301,ACACBR,1.9,2.83,0.45,0.95,0.5,0.92,0.66,0.22,,,,,,,,,,,
M3,M301,ACACBR,3.3,8.55,0.8,1.18,0.38,0.89,0.6,0.15,,,,,,,,,,,
M3,M301,ACACBR,2.3,4.15,0.7,1.1,0.4,0.4,0.12,0.03,,,,,,,,,,,
M3,M301,ACACET,21.8,373.06,2.38,5.72,3.34,5,19.63,43.7,,,,,,,,,,,
M3,M301,ACACME,3,7.07,0.97,1.85,0.88,0.77,0.47,0.27,,,,,,,,,,,
M3,M301,ACACME,19.4,295.44,0.85,3.28,2.43,2.9,5.97,9.66,,,,,,,,,,,
M3,M302,ACACET,6,28.26,0.67,2.34,1.67,1.34,1.4,1.56,,,,,,,,,,,
M3,M302,ACACBR,2.6,5.31,1.09,2.12,1.03,1.08,0.91,0.63,,,,,,,,,,,
M3,M302,ACACBR,4.7,17.34,1.07,1.65,0.58,2.47,4.17,1.61,,,,,,,,,,,
M3,M302,ACACBR,1.8,2.54,0.75,1.13,0.38,0.64,0.32,0.08,,,,,,,,,,,
M3,M302,ACACBR,3,7.07,0.49,1.05,0.56,0.66,0.29,0.11,,,,,,,,,,,
M3,M302,ACACBR,1.9,2.83,0.52,1.04,0.52,0.71,0.38,0.13,,,,,,,,,,,
M3,M302,ACACBR,3.1,7.54,1.01,2.75,1.74,2.14,3.51,4.08,,,,,,,,,,,
M3,M302,ACACBR,2.2,3.80,1,2.15,1.15,0.69,0.35,0.27,,,,,,,,,,,
M3,M302,ACACBR,2.8,6.15,0.7,1.94,1.24,1.11,0.89,0.73,,,,,,,,,,,
M3,M302,ACACBR,3,7.07,0.85,1.83,0.98,2.07,2.84,1.85,,,,,,,,,,,
M3,M302,ACACBR,1.2,1.13,1.2,1.73,0.53,0.36,0.1,0.03,,,,,,,,,,,
M3,M302,ACACBR,1.3,1.33,0.76,1.39,0.63,0.53,0.11,0.05,,,,,,,,,,,
M3,M302,ACACBR,1.6,2.01,0.96,1.53,0.57,0.65,0.31,0.12,,,,,,,,,,,
M3,M302,ACACBR,2,3.14,0.7,1.66,0.96,0.88,0.49,0.31,,,,,,,,,,,
M3,M302,ACACBR,2.3,4.15,0.25,1.6,1.35,0.75,0.42,0.38,,,,,,,,,,,
M3,M302,ACACBR,1.4,1.54,0.2,0.89,0.69,0.24,0.04,0.02,,,,,,,,,,,
M3,M302,ACACBR,1.9,2.83,0.54,1.33,0.79,0.34,0.08,0.04,,,,,,,,,,,
M3,M302,ACACBR,2.1,3.46,0.63,1.39,0.76,0.7,0.38,0.19,,,,,,,,,,,
M3,M302,ACACBR,1.9,2.83,0.33,0.8,0.47,0.61,0.29,0.09,,,,,,,,,,,
M3,M302,ACACBR,2.6,5.31,0.85,3.4,2.55,1.78,2.43,4.12,,,,,,,,,,,
M3,M302,ACACBR,2.6,5.31,0.67,2.33,1.66,1.45,1.3,1.44,,,,,,,,,,,
M3,M302,ACACBR,2.8,6.15,0.88,3.27,2.39,1.55,1.79,2.85,,,,,,,,,,,
M3,M302,ACACBR,1.2,1.13,1.01,3.14,2.13,0.33,0.08,0.12,,,,,,,,,,,
M3,M302,ACACET,14.6,167.33,1.26,4.01,2.75,4.25,14.16,25.96,,,,,,,,,,,
M3,M302,ACACBR,1.6,2.01,0.23,2.39,2.16,0.26,0.05,0.07,,,,,,,,,,,
M3,M302,ACACET,2.6,5.31,0.84,1.54,0.7,0.94,0.62,0.29,,,,,,,,,,,
M3,M302,ACACBR,2.9,6.60,1,1.6,0.6,1.15,0.88,0.35,,,,,,,,,,,
M3,M302,ACACET,8.9,62.18,1.1,3.44,2.34,2.84,6.19,9.65,,,,,,,,,,,
M3,M302,ACACBR,2.5,4.91,0.9,2.35,1.45,0.95,0.64,0.62,,,,,,,,,,,
M3,M302,ACACET,11,94.99,0.75,2.77,2.02,2.1,3.46,4.66,,,,,,,,,,,
M3,M302,ACACBR,3.5,9.62,0.67,1.98,1.31,1.44,1.6,1.4,,,,,,,,,,,
M3,M302,ACACBR,2.1,3.46,1.19,2.6,1.41,0.75,0.42,0.39,,,,,,,,,,,
M3,M302,ACACBR,1.6,2.01,0.67,1.13,0.46,0.19,0.03,0.01,,,,,,,,,,,
M3,M302,ACACBR,2.7,5.72,0.71,1.51,0.8,1.45,1.64,0.87,,,,,,,,,,,
M3,M302,ACACBR,2.2,3.80,0.61,1.41,0.8,0.55,0.23,0.12,,,,,,,,,,,
M3,M302,ACACBR,2.4,4.52,0.4,1.37,0.97,0.58,0.26,0.17,,,,,,,,,,,
M3,M302,ACACET,16.6,216.31,1.38,5.12,3.74,4.6,16.6,41.4,,,,,,,,,,,
M3,M302,ACACBR,1,0.79,0.47,0.7,0.23,0.2,0.03,0,,,,,,,,,,,
M3,M302,ACACET,16.2,206.02,1.76,4.45,2.69,3.05,7.14,12.81,,,,,,,,,,,
M3,M302,ACACBR,2.8,6.15,0.72,1.58,0.86,0.69,0.36,0.2,,,,,,,,,,,
M3,M302,ACACBR,2.1,3.46,0.43,1.37,0.94,0.88,0.6,0.37,,,,,,,,,,,
M3,M302,ACACBR,2.7,5.72,0.24,0.43,0.19,1.09,0.69,0.09,,,,,,,,,,,
M3,M302,ACACET,12,113.04,1.3,4.68,3.38,4.5,15.83,35.66,,,,,,,,,,,
M3,M302,ACACBR,1.9,2.83,0.29,0.69,0.4,0.35,0.09,0.02,,,,,,,,,,,
M3,M302,ACACBR,2.3,4.15,0.4,1.06,0.66,0.37,0.11,0.05,,,,,,,,,,,
M3,M302,ACACET,4.4,15.20,0.2,0.71,0.51,0.2,0.03,0.01,,,,,,,,,,,
M3,M302,ACACBR,2.2,3.80,0.53,1,0.47,0.66,0.33,0.1,,,,,,,,,,,
M3,M302,ACACBR,1.4,1.54,0.25,0.78,0.53,0.13,0.01,0,,,,,,,,,,,
M3,M302,ACACBR,1.9,2.83,0.15,0.83,0.68,0.55,0.22,0.1,,,,,,,,,,,
M3,M302,ACACBR,2,3.14,0.4,1.64,1.24,0.8,0.49,0.41,,,,,,,,,,,
M3,M302,ACACBR,1.2,1.13,0.4,1.2,0.8,0.6,0.27,0.15,,,,,,,,,,,
M3,M302,ACACBR,1.7,2.27,0.5,1.1,0.6,0.7,0.38,0.15,,,,,,,,,,,
M3,M302,ACACBR,2.2,3.80,0.6,1.99,1.39,0.75,0.44,0.41,,,,,,,,,,,
M3,M302,ACACBR,2.2,3.80,0.4,1.2,0.8,0.45,0.16,0.08,,,,,,,,,,,
M3,M302,ACACBR,2.3,4.15,0.3,1.6,1.3,0.9,0.63,0.54,,,,,,,,,,,
M3,M302,ACACBR,1.6,2.01,0.8,1.56,0.76,0.48,0.16,0.08,,,,,,,,,,,
M3,M302,ACACBR,2.6,5.31,0.4,1.75,1.35,0.75,0.39,0.35,,,,,,,,,,,
M3,M302,ACACBR,3.2,8.04,0.7,1.4,0.7,0.9,0.63,0.29,,,,,,,,,,,
M3,M302,ACACBR,3.1,7.54,0.7,1.4,0.7,0.9,0.63,0.29,,,,,,,,,,,
M3,M302,ACACBR,2.3,4.15,0.42,1.64,1.22,1.03,0.77,0.63,,,,,,,,,,,
M3,M302,ACACBR,2.9,6.60,0.42,1.83,1.41,0.87,0.57,0.53,,,,,,,,,,,
M3,M302,ACACBR,2.6,5.31,0.53,2,1.47,0.54,0.18,0.17,,,,,,,,,,,
M3,M302,ACACBR,1.6,2.01,0.77,1.7,0.93,0.83,0.31,0.19,,,,,,,,,,,
M3,M302,ACACBR,3.8,11.34,0.48,1.26,0.78,1.41,1.42,0.74,,,,,,,,,,,
M3,M302,ACACET,4.9,18.85,0.59,2.15,1.56,1.3,1.28,1.33,,,,,,,,,,,
M3,M302,ACACET,7.1,39.57,1.07,3.27,2.2,2.16,3.59,5.26,,,,,,,,,,,
M3,M302,ACACBR,3.9,11.94,0.38,1.39,1.01,0.84,0.55,0.37,,,,,,,,,,,
M3,M302,ACACBR,2.8,6.15,0.62,1.23,0.61,0.73,0.41,0.17,,,,,,,,,,,
M3,M302,ACACBR,3.3,8.55,1.06,1.88,0.82,0.92,0.56,0.31,,,,,,,,,,,
M3,M303,ACACET,10,78.50,0.78,3.44,2.66,3.9,11.93,21.16,,,,,,,,,,,
M3,M303,ACACBR,2.4,4.52,0.9,1.4,0.5,0.98,0.75,0.25,,,,,,,,,,,
M3,M303,ACACBR,2.2,3.80,0.8,2.03,1.23,1.56,1.21,0.99,,,,,,,,,,,
M3,M303,ACACBR,1.2,1.13,0.7,1.8,1.1,0.65,0.33,0.24,,,,,,,,,,,
M3,M303,ACACBR,1.3,1.33,0.65,1.1,0.45,0.37,0.11,0.03,,,,,,,,,,,
M3,M303,ACACBR,1.3,1.33,0.6,1.21,0.61,0.52,0.21,0.08,,,,,,,,,,,
M3,M303,ACACBR,1.4,1.54,0.62,1.09,0.47,0.52,0.2,0.06,,,,,,,,,,,
M3,M303,ACACBR,2,3.14,0.59,1.51,0.92,1.32,1.34,0.82,,,,,,,,,,,
M3,M303,ACACBR,1,0.79,0.49,1.05,0.56,0.29,0.06,0.02,,,,,,,,,,,
M3,M303,ACACBR,1.9,2.83,0.59,1.22,0.63,0.46,0.15,0.06,,,,,,,,,,,
M3,M303,ACACET,9.6,72.35,1,2.95,1.95,2.05,3.28,4.26,,,,,,,,,,,
M3,M303,ACACBR,2.3,4.15,0.79,1.61,0.82,1.66,2.15,1.17,,,,,,,,,,,
M3,M303,ACACET,10.2,81.67,0.75,3.5,2.75,2.17,3.7,6.78,,,,,,,,,,,
M3,M303,ACACBR,1.7,2.27,2.18,2.77,0.59,0.49,0.18,0.07,,,,,,,,,,,
M3,M303,ACACET,11.4,102.02,1.09,3.51,2.42,3.2,8.01,12.92,,,,,,,,,,,
M3,M303,ACACET,5.6,24.62,1.2,3.78,2.58,2,3.13,5.39,,,,,,,,,,,
M3,M303,ACACBR,2.2,3.80,1,2.61,1.61,0.47,0.15,0.16,,,,,,,,,,,
M3,M303,ACACBR,2.6,5.31,1,1.27,0.27,0.22,0.04,0.01,,,,,,,,,,,
M3,M303,ACACET,16.7,218.93,1.23,3.64,2.41,5.8,26.34,42.31,,,,,,,,,,,
M3,M303,ACACET,7,38.47,0.78,3.71,2.93,1.78,2.39,4.67,,,,,,,,,,,
M3,M303,ACACBR,1.3,1.33,0.47,1.19,0.72,0.2,0.02,0.01,,,,,,,,,,,
M3,M303,ACACET,10.1,80.08,0.66,4.2,3.54,4.58,16.46,38.85,,,,,,,,,,,
M3,M303,ACACBR,1.6,2.01,0.62,1.29,0.67,0.52,0.21,0.09,,,,,,,,,,,
M3,M303,ACACBR,2.1,3.46,0.72,1.96,1.24,1.11,0.97,0.8,,,,,,,,,,,
M3,M303,ACACBR,2.1,3.46,0.8,1.58,0.78,0.5,0.2,0.1,,,,,,,,,,,
M3,M303,ACACBR,1.8,2.54,0.74,1.28,0.54,0.5,0.2,0.07,,,,,,,,,,,
M3,M303,ACACBR,2.3,4.15,0.7,1.15,0.45,0.4,0.12,0.03,,,,,,,,,,,
M3,M303,ACACBR,1.4,1.54,0.9,1.64,0.74,0.46,0.16,0.08,,,,,,,,,,,
M3,M303,ACACBR,1.6,2.01,0.82,1.54,0.72,0.65,0.31,0.15,,,,,,,,,,,
M3,M303,ACACBR,1.3,1.33,1.1,3.37,2.27,0.3,0.06,0.1,,,,,,,,,,,
M3,M303,ACACET,11.9,111.16,1.2,3.37,2.17,3.61,10.03,14.5,,,,,,,,,,,
M3,M303,ACACBR,2.3,4.15,0.8,1.66,0.86,0.8,0.5,0.29,,,,,,,,,,,
M3,M303,ACACET,13.1,134.71,1.16,3.34,2.18,3.7,10.68,15.52,,,,,,,,,,,
M3,M303,ACACET,8.9,62.18,0.73,3.18,2.45,2.75,5.84,9.54,,,,,,,,,,,
M3,M303,ACACET,15.2,181.37,1,3.78,2.78,4.15,13.47,24.97,,,,,,,,,,,
M3,M303,ACACBR,1.4,1.54,0.5,1.42,0.92,0.47,0.16,0.1,,,,,,,,,,,
M3,M303,ACACET,14.9,174.28,1.26,4.42,3.16,3.7,10.74,22.62,,,,,,,,,,,
M3,M303,ACACBR,2.7,5.72,0.7,1.16,0.46,0.95,0.71,0.22,,,,,,,,,,,
M3,M303,ACACBR,1.6,2.01,0.63,1.1,0.47,0.66,0.34,0.11,,,,,,,,,,,
M3,M303,ACACET,21.5,362.87,1.19,3.66,2.47,2.6,5.3,8.73,,,,,,,,,,,
M3,M303,ACACBR,1.4,1.54,0.88,1.25,0.37,0.56,0.24,0.06,,,,,,,,,,,
M3,M303,ACACBR,1.5,1.77,1.2,1.89,0.69,0.35,0.09,0.04,,,,,,,,,,,
M3,M303,ACACET,7.4,42.99,0.8,2.64,1.84,2.95,6.67,8.18,,,,,,,,,,,
M3,M303,ACACET,5.1,20.42,0.6,2.2,1.6,2.2,3.3,3.52,,,,,,,,,,,
M3,M303,ACACET,3.6,10.17,0.26,0.82,0.56,0.58,0.26,0.1,,,,,,,,,,,
M3,M303,ACACBR,1.8,2.54,1.04,1.54,0.5,0.36,0.1,0.03,,,,,,,,,,,
M3,M303,ACACBR,1.5,1.77,0.7,1.18,0.48,0.52,0.2,0.06,,,,,,,,,,,
M3,M303,ACACBR,1.8,2.54,0.96,1.25,0.29,0.82,0.52,0.1,,,,,,,,,,,
M3,M303,ACACBR,1.2,1.13,0.6,1,0.4,0.5,0.2,0.05,,,,,,,,,,,
M3,M303,ACACBR,2.7,5.72,1,1.9,0.9,0.8,0.5,0.3,,,,,,,,,,,
M3,M303,ACACBR,2.8,6.15,0.7,2.1,1.4,1.1,0.94,0.88,,,,,,,,,,,
M3,M303,ACACBR,1.7,2.27,1.1,1.67,0.57,1.24,0.75,0.29,,,,,,,,,,,
M3,M303,ACACBR,2,3.14,1.04,1.97,0.93,0.88,0.6,0.37,,,,,,,,,,,
M3,M303,ACACBR,2.3,4.15,0.9,1.66,0.76,0.77,0.45,0.23,,,,,,,,,,,
M3,M303,ACACBR,2.2,3.80,0.9,1.71,0.81,0.92,0.65,0.35,,,,,,,,,,,
M3,M303,ACACBR,2.3,4.15,0.75,1.5,0.75,0.72,0.4,0.2,,,,,,,,,,,
M3,M303,ACACBR,2.6,5.31,0.7,1.4,0.7,0.64,0.28,0.13,,,,,,,,,,,
M3,M303,ACACET,7.7,46.54,1.09,1.29,0.2,2.11,3.49,0.46,,,,,,,,,,,
M3,M304,ACACBR,1.8,2.54,0.5,0.77,0.27,0.2,0.03,0.01,,,,,,,,,,,
M3,M304,ACACBR,2.4,4.52,0.8,1.2,0.4,0.1,0.01,0,,,,,,,,,,,
M3,M304,ACACBR,3.2,8.04,0.84,1.86,1.02,1.18,1.08,0.73,,,,,,,,,,,
M3,M304,ACACET,5.2,21.23,1.06,1.29,0.23,1.2,1.12,0.17,,,,,,,,,,,
M3,M304,ACACET,5.6,24.62,1.06,1.44,0.38,1.19,1.1,0.28,,,,,,,,,,,
M3,M304,ACACET,10.7,89.87,0.7,2.46,1.76,1.95,2.94,3.44,,,,,,,,,,,
M3,M304,ACACET,8.7,59.42,0.9,2.19,1.29,1.41,1.5,1.29,,,,,,,,,,,
M3,M304,ACACBR,1.1,0.95,0.6,1,0.4,0.5,0.2,0.05,,,,,,,,,,,
M3,M304,ACACET,12.3,118.76,0.9,3.69,2.79,3.3,8.52,15.84,,,,,,,,,,,
M3,M304,ACACET,8.4,55.39,1.52,1.8,0.28,1.2,1.13,0.21,,,,,,,,,,,
M3,M304,ACACBR,2.2,3.80,0.8,1.1,0.3,0.8,0.43,0.09,,,,,,,,,,,
M3,M304,ACACBR,2.8,6.15,0.8,1.6,0.8,1.5,1.74,0.93,,,,,,,,,,,
M3,M304,ACACBR,2,3.14,0.6,0.9,0.3,0.9,0.51,0.1,,,,,,,,,,,
M3,M304,ACACBR,3.1,7.54,0.75,1.6,0.85,1.48,1.62,0.92,,,,,,,,,,,
M3,M304,ACACBR,2.2,3.80,0.56,1.55,0.99,1.17,1.06,0.7,,,,,,,,,,,
M3,M305,ACACBR,1.8,2.54,0.5,0.9,0.4,1.55,0.66,0.18,,,,,,,,,,,
M3,M305,ACACBR,3.1,7.54,0.6,1.8,1.2,1.15,0.98,0.78,,,,,,,,,,,
M3,M305,ACACET,7.6,45.34,1.1,2.5,1.4,1.96,2.98,2.78,,,,,,,,,,,
M3,M305,ACACET,2.7,5.72,0.58,1.71,1.13,2.46,4.74,3.57,,,,,,,,,,,
M3,M305,ACACET,4.5,15.90,1.04,2.73,1.69,2.36,4.37,4.93,,,,,,,,,,,
M3,M305,ACACET,11,94.99,1,3.78,2.78,2.36,4.37,8.1,,,,,,,,,,,
M3,M305,ACACBR,3,7.07,0.7,1.53,0.83,1.15,1.04,0.57,,,,,,,,,,,
M3,M305,ACACBR,2.2,3.80,0.73,1.15,0.42,0.45,0.11,0.03,,,,,,,,,,,
M3,M305,ACACET,6,28.26,0.9,2.18,1.28,2.29,4.07,3.47,,,,,,,,,,,
M3,M305,ACACET,2.4,4.52,0.5,1.38,0.88,1.2,1,0.59,,,,,,,,,,,
M3,M305,ACACET,2.5,4.91,1.1,2.44,1.34,1.12,0.93,0.83,,,,,,,,,,,
M3,M305,ACACET,3.5,9.62,1.3,2.3,1,0.41,0.13,0.09,,,,,,,,,,,
M3,M305,ACACET,2.2,3.80,1,2.95,1.95,1.28,1.26,1.64,,,,,,,,,,,
M3,M305,ACACET,6.7,35.24,1.85,3.3,1.45,1.56,1.33,1.29,,,,,,,,,,,
M3,M305,ACACET,7.8,47.76,1.35,4.1,2.75,1.76,2.43,4.45,,,,,,,,,,,
M3,M305,ACACET,7.3,41.83,0.83,3.55,2.72,1.31,1.34,2.42,,,,,,,,,,,
M3,M305,ACACET,6.6,34.19,1.31,3.65,2.34,2.36,4.37,6.82,,,,,,,,,,,
M3,M305,ACACET,11.5,103.82,0.9,3.92,3.02,2.87,6.41,12.9,,,,,,,,,,,
M3,M305,ACACET,9.2,66.44,1.1,4.21,3.11,1.95,2.89,6,,,,,,,,,,,
M3,M305,ACACET,17.1,229.54,0.9,3.4,2.5,3.11,7.06,11.77,,,,,,,,,,,
M3,M305,ACACBR,2.8,6.15,0.98,2.83,1.85,0.95,0.71,0.87,,,,,,,,,,,
M3,M305,ACACBR,2.8,6.15,0.7,1.52,0.82,0.73,0.42,0.23,,,,,,,,,,,
M3,M305,ACACBR,4,12.56,0.76,2.08,1.32,1.2,1.1,0.97,,,,,,,,,,,
M3,M305,ACACBR,2.5,4.91,0.6,2.78,2.18,1.51,1.69,2.46,,,,,,,,,,,
M3,M305,ACACET,1.6,2.01,0.4,1.22,0.82,0.9,0.63,0.34,,,,,,,,,,,
M3,M305,ACACBR,2.3,4.15,0.66,1.34,0.68,1.22,0.86,0.39,,,,,,,,,,,
M3,M305,ACACET,3.8,11.34,0.6,1.69,1.09,1.6,1.81,1.32,,,,,,,,,,,
M3,M305,ACACET,5.9,27.33,0.47,2.33,1.86,2.05,3.3,4.09,,,,,,,,,,,
M3,M305,ACACET,11.9,111.16,0.8,2.54,1.74,3.5,9.58,11.12,,,,,,,,,,,
M3,M305,ACACBR,1.7,2.27,0.3,1.3,1,0.48,0.17,0.11,,,,,,,,,,,
M3,M305,ACACBR,1.5,1.77,0.24,0.92,0.68,0.23,0.04,0.02,,,,,,,,,,,
M3,M305,ACACBR,3.3,8.55,1,2.21,1.21,1.28,1.27,1.03,,,,,,,,,,,
M3,M305,ACACBR,2.1,3.46,0.76,1.39,0.63,0.76,0.45,0.19,,,,,,,,,,,
M3,M305,ACACBR,1.5,1.77,0.5,2.29,1.79,0.6,0.28,0.34,,,,,,,,,,,
M3,M305,ACACBR,1.6,2.01,0.83,1.45,0.62,0.36,0.09,0.04,,,,,,,,,,,
M3,M305,ACACBR,2,3.14,0.6,0.79,0.19,0.1,0.01,0,,,,,,,,,,,
M3,M305,ACACBR,1.9,2.83,0.8,2.18,1.38,0.35,0.09,0.09,,,,,,,,,,,
M3,M305,ACACBR,4.4,15.20,1.1,1.95,0.85,1.1,0.92,0.52,,,,,,,,,,,
M3,M305,ACACBR,2.2,3.80,1,1.65,0.65,0.7,0.35,0.15,,,,,,,,,,,
M3,M305,ACACBR,2,3.14,0.7,1.3,0.6,0.59,0.27,0.11,,,,,,,,,,,
M3,M305,ACACBR,4.8,18.09,1,2.3,1.3,0.58,0.26,0.23,,,,,,,,,,,
M3,M305,ACACBR,2.3,4.15,0.9,2.83,1.93,0.54,0.23,0.29,,,,,,,,,,,
M3,M305,ACACBR,2.4,4.52,0.65,3.9,3.25,1.08,0.91,1.96,,,,,,,,,,,
M3,M306,ACACBR,2.2,3.80,0.8,1.67,0.87,1.53,1.82,1.06,,,,,,,,,,,
M3,M306,ACACBR,3.4,9.07,0.8,1.88,1.08,1.61,2.02,1.45,,,,,,,,,,,
M3,M306,ACACBR,2.2,3.80,0.96,1.31,0.35,1.22,1.16,0.27,,,,,,,,,,,
M3,M306,ACACBR,3,7.07,0.9,1.72,0.82,1.39,1.5,0.82,,,,,,,,,,,
M3,M306,ACACBR,2.4,4.52,0.95,1.53,0.58,1.55,1.87,0.72,,,,,,,,,,,
M3,M306,ACACBR,2.2,3.80,0.8,2.49,1.69,1,0.79,0.88,,,,,,,,,,,
M3,M306,ACACBR,2.4,4.52,0.9,2.09,1.19,1.81,2.53,2,,,,,,,,,,,
M3,M306,ACACBR,2.3,4.15,0.75,1.74,0.99,1.24,1.05,0.69,,,,,,,,,,,
M3,M306,ACACBR,2.5,4.91,1,2.04,1.04,0.59,0.26,0.18,,,,,,,,,,,
M3,M306,ACACBR,3.1,7.54,0.8,2.8,2,1.59,1.94,2.59,,,,,,,,,,,
M3,M306,ACACME,16.9,224.20,1.38,6.44,5.06,6.58,33.91,114.38,,,,,,,,,,,
M3,M306,ACACET,8,50.24,1.1,3.41,2.31,2.3,4.15,6.39,,,,,,,,,,,
M3,M306,ACACBR,2.6,5.31,0.95,1.82,0.87,1.08,0.9,0.52,,,,,,,,,,,
M3,M306,ACACBR,2.6,5.31,0.69,2.68,1.99,1.26,1.23,1.64,,,,,,,,,,,
M3,M306,ACACBR,2,3.14,0.5,1.6,1.1,1.48,1.71,1.26,,,,,,,,,,,
M3,M306,ACACBR,1.8,2.54,0.53,1.96,1.43,1.2,1.12,1.07,,,,,,,,,,,
M3,M306,ACACBR,4.2,13.85,0.6,1.87,1.27,1.47,1.68,1.42,,,,,,,,,,,
M3,M306,ACACBR,2,3.14,0.6,1.84,1.24,0.45,0.14,0.12,,,,,,,,,,,
M3,M306,ACACBR,2.1,3.46,0.67,2.32,1.65,0.82,0.53,0.58,,,,,,,,,,,
M3,M306,ACACBR,1.8,2.54,0.49,2.19,1.7,0.86,0.49,0.56,,,,,,,,,,,
M3,M306,ACACET,14.7,169.63,0.9,3.76,2.86,4.1,13,24.79,,,,,,,,,,,
M3,M306,ACACBR,1.8,2.54,0.72,2.14,1.42,0.85,0.57,0.54,,,,,,,,,,,
M3,M306,ACACBR,2.2,3.80,0.55,2.58,2.03,0.96,0.72,0.97,,,,,,,,,,,
M3,M306,ACACBR,2.8,6.15,0.48,2.16,1.68,1.46,1.25,1.4,,,,,,,,,,,
M3,M306,ACACBR,2.1,3.46,0.52,2.11,1.59,0.51,0.18,0.19,,,,,,,,,,,
M3,M306,ACACBR,2.2,3.80,0.79,1.83,1.04,0.52,0.21,0.14,,,,,,,,,,,
M3,M306,ACACBR,2.2,3.80,0.76,1.7,0.94,1.22,1.16,0.73,,,,,,,,,,,
M3,M306,ACACBR,1.7,2.27,0.5,1.68,1.18,0.8,0.5,0.39,,,,,,,,,,,
M3,M306,ACACBR,1.7,2.27,0.57,1.64,1.07,0.52,0.19,0.14,,,,,,,,,,,
M3,M306,ACACBR,3.2,8.04,0.62,3.54,2.92,1.45,1.62,3.15,,,,,,,,,,,
M3,M306,ACACBR,1.5,1.77,0.97,3.99,3.02,0.47,0.16,0.32,,,,,,,,,,,
M3,M306,ACACBR,2.8,6.15,0.43,1.52,1.09,1.12,0.97,0.71,,,,,,,,,,,
M3,M306,ACACET,11.9,111.16,0.77,2.95,2.18,4.25,14.16,20.58,,,,,,,,,,,
M3,M306,ACACBR,1.6,2.01,0.57,1.98,1.41,0.79,0.41,0.39,,,,,,,,,,,
M3,M306,ACACBR,2.4,4.52,0.48,1.65,1.17,1.57,1.92,1.5,,,,,,,,,,,
M3,M306,ACACBR,2,3.14,0.29,1.69,1.4,0.72,0.4,0.37,,,,,,,,,,,
M3,M306,ACACBR,1.8,2.54,0.38,1.43,1.05,0.86,0.52,0.36,,,,,,,,,,,
M3,M306,ACACBR,2.5,4.91,0.45,0.86,0.41,0.79,0.46,0.13,,,,,,,,,,,
M3,M306,ACACBR,2.8,6.15,0.58,2.22,1.64,0.93,0.6,0.65,,,,,,,,,,,
M3,M306,ACACBR,2.3,4.15,0.48,1.83,1.35,1.38,1.23,1.11,,,,,,,,,,,
M3,M306,ACACBR,1.4,1.54,0.36,1.38,1.02,0.64,0.31,0.21,,,,,,,,,,,
M3,M306,ACACBR,1.6,2.01,0.38,1.76,1.38,0.59,0.27,0.25,,,,,,,,,,,
M3,M306,ACACBR,2.2,3.80,0.52,1.76,1.24,0.67,0.35,0.29,,,,,,,,,,,
M3,M306,ACACBR,1.9,2.83,0.51,2.09,1.58,1.11,0.95,1,,,,,,,,,,,
M3,M306,ACACBR,3.5,9.62,0.64,2.09,1.45,1.11,0.95,0.92,,,,,,,,,,,
M3,M307,ACACET,12.7,126.61,0.75,2.93,2.18,2.92,6.15,8.94,,,,,,,,,,,
M3,M307,ACACET,6.3,31.16,0.75,1.97,1.22,2,3.13,2.55,,,,,,,,,,,
M3,M307,ACACBR,2.2,3.80,0.33,1.27,0.94,0.9,0.64,0.4,,,,,,,,,,,
M3,M307,ACACBR,2.1,3.46,0.2,1.19,0.99,1.1,0.91,0.6,,,,,,,,,,,
M3,M307,ACACET,2.5,4.91,0.44,1.53,1.09,0.73,0.41,0.3,,,,,,,,,,,
M3,M307,ACACBR,4.5,15.90,0.7,3.74,3.04,1.26,1.24,2.52,,,,,,,,,,,
M3,M307,ACACBR,2.4,4.52,1.07,2.33,1.26,1.17,1.01,0.85,,,,,,,,,,,
M3,M307,ACACBR,3,7.07,0.55,2.62,2.07,1.79,2.49,3.44,,,,,,,,,,,
M3,M307,ACACBR,2.2,3.80,0.77,1.97,1.2,1.04,0.82,0.66,,,,,,,,,,,
M3,M307,ACACBR,2,3.14,0.58,0.67,0.09,0.71,0.4,0.02,,,,,,,,,,,
M3,M307,ACACBR,2.5,4.91,0.46,0.9,0.44,0.91,0.64,0.19,,,,,,,,,,,
M3,M307,ACACBR,3.1,7.54,1.02,2.3,1.28,1.24,1.2,1.02,,,,,,,,,,,
M3,M307,ACACBR,2.5,4.91,0.52,3,2.48,1.49,1.72,2.85,,,,,,,,,,,
M3,M307,ACACBR,2.3,4.15,0.63,1.73,1.1,1.31,1.34,0.98,,,,,,,,,,,
M3,M307,ACACBR,3,7.07,0.56,2.29,1.73,1.7,2.25,2.6,,,,,,,,,,,
M3,M307,ACACBR,1.7,2.27,0.58,0.88,0.3,0.46,0.13,0.03,,,,,,,,,,,
M3,M307,ACACBR,2.4,4.52,0.57,1.55,0.98,0.81,0.51,0.33,,,,,,,,,,,
M3,M307,ACACET,4.5,15.90,0.67,1.92,1.25,1.41,1.55,1.29,,,,,,,,,,,
M3,M307,ACACBR,2.5,4.91,0.7,2.24,1.54,0.58,0.26,0.26,,,,,,,,,,,
M3,M307,ACACBR,2.2,3.80,0.7,2.24,1.54,0.58,0.26,0.26,,,,,,,,,,,
M3,M307,ACACBR,1.7,2.27,0.1,1,0.9,0.33,0.08,0.05,,,,,,,,,,,
M3,M307,ACACET,13.5,143.07,0.8,3.65,2.85,3.3,8.52,16.18,,,,,,,,,,,
M3,M307,ACACBR,1.9,2.83,1.2,3.15,1.95,0.68,0.35,0.45,,,,,,,,,,,
M3,M307,ACACET,11,94.99,1.9,4.54,2.64,2.78,5.71,10.06,,,,,,,,,,,
M3,M307,ACACET,6.4,32.15,0.9,2.38,1.48,2.65,5.06,4.99,,,,,,,,,,,
M3,M307,ACACET,19.2,289.38,1.2,5.31,4.11,4.6,16.58,45.43,,,,,,,,,,,
M3,M307,ACACBR,2.2,3.80,0.8,1.5,0.7,0.43,0.13,0.06,,,,,,,,,,,
M3,M307,ACACET,16.2,206.02,1.1,3.67,2.57,3.6,10.17,17.42,,,,,,,,,,,
M3,M307,ACACBR,1.5,1.77,0.7,2.22,1.52,1.1,0.94,0.95,,,,,,,,,,,
M3,M307,ACACBR,3.2,8.04,1.7,4.43,2.73,0.85,0.55,1,,,,,,,,,,,
M3,M307,ACACBR,2.6,5.31,0.7,1.7,1,0.55,0.24,0.16,,,,,,,,,,,
M3,M307,ACACET,14.2,158.29,1.61,4.96,3.35,4.8,18.06,40.32,,,,,,,,,,,
M3,M308,ACACBR,4.2,13.85,0.4,1.05,0.65,0.28,0.06,0.03,,,,,,,,,,,
M3,M308,ACACBR,2.1,3.46,0.2,0.7,0.5,0.4,0.11,0.04,,,,,,,,,,,
M3,M308,ACACBR,2.7,5.72,0.25,0.8,0.55,0.3,0.06,0.02,,,,,,,,,,,
M3,M308,ACACBR,1.7,2.27,0.3,0.9,0.6,0.33,0.08,0.03,,,,,,,,,,,
M3,M308,ACACBR,1.5,1.77,0.15,0.9,0.75,0.23,0.04,0.02,,,,,,,,,,,
M3,M308,ACACBR,1.9,2.83,0.25,0.85,0.6,0.45,0.16,0.06,,,,,,,,,,,
M3,M308,ACACBR,2.5,4.91,0.45,1.24,0.79,0.35,0.09,0.05,,,,,,,,,,,
M3,M308,ACACBR,2.2,3.80,0.25,1.3,1.05,1.3,1.23,0.86,,,,,,,,,,,
M3,M308,ACACBR,2.3,4.15,0.4,1.86,1.46,1.15,0.98,0.96,,,,,,,,,,,
M3,M308,ACACBR,2.2,3.80,0.3,0.9,0.6,1.15,1.04,0.41,,,,,,,,,,,
M3,M308,ACACET,8.4,55.39,1,2.85,1.85,3.22,7.71,9.51,,,,,,,,,,,
M3,M308,ACACET,12.8,128.61,1.3,4.26,2.96,4.39,14.93,29.47,,,,,,,,,,,
M3,M308,ACACET,12,113.04,1.25,3.8,2.55,4.12,12.76,21.69,,,,,,,,,,,
M3,M308,ACACET,4.6,16.61,0.85,2.45,1.6,2.02,3.19,3.4,,,,,,,,,,,
M3,M308,ACACET,7,38.47,0.95,2.76,1.81,1.38,1.47,1.77,,,,,,,,,,,
M3,M308,ACACET,5.6,24.62,0.6,2.9,2.3,2.07,3.33,5.11,,,,,,,,,,,
M3,M308,ACACET,3,7.07,0.85,3.13,2.28,1.67,2.16,3.29,,,,,,,,,,,
M3,M308,ACACET,8.7,59.42,1.1,3.21,2.11,2.55,4.99,7.02,,,,,,,,,,,
M3,M308,ACACET,8.2,52.78,0.7,2.14,1.44,2.15,3.62,3.48,,,,,,,,,,,
M3,M308,ACACET,8.5,56.72,1.32,3.18,1.86,2.17,3.68,4.56,,,,,,,,,,,
M3,M308,ACACET,8.4,55.39,1.1,2.56,1.46,2.01,3.15,3.06,,,,,,,,,,,
M3,M308,ACACET,1.2,1.13,0.05,0.55,0.5,0.85,0.57,0.19,,,,,,,,,,,
M3,M308,ACACET,9,63.59,1,3.64,2.64,2.58,5,8.79,,,,,,,,,,,
M3,M308,ACACET,8.2,52.78,0.75,3.55,2.8,2.29,4.1,7.65,,,,,,,,,,,
M3,M308,ACACET,6.6,34.19,0.9,2.8,1.9,2.45,4.47,5.66,,,,,,,,,,,
M3,M308,ACACET,4.2,13.85,0.7,2.15,1.45,2.19,3.56,3.44,,,,,,,,,,,
M3,M308,ACACET,5.8,26.41,0.5,2.55,2.05,1.93,2.83,3.86,,,,,,,,,,,
M3,M308,ACACET,3.6,10.17,0.76,2.15,1.39,1.88,2.63,2.44,,,,,,,,,,,
M3,M308,ACACET,4,12.56,0.6,1.65,1.05,1.79,2.5,1.75,,,,,,,,,,,
M3,M308,ACACET,1.8,2.54,0.95,1.85,0.9,1.33,1.35,0.81,,,,,,,,,,,
M3,M308,ACACET,6.1,29.21,0.8,3.9,3.1,2.26,3.81,7.88,,,,,,,,,,,
M3,M308,ACACET,1.5,1.77,0.2,0.45,0.25,0.55,0.24,0.04,,,,,,,,,,,
M3,M308,ACACET,11.5,103.82,0.8,2.85,2.05,2.9,6.26,8.56,,,,,,,,,,,
M3,M308,ACACET,1.8,2.54,0.45,1.03,0.58,0.75,0.44,0.17,,,,,,,,,,,
M3,M308,ACACET,2.2,3.80,0.45,0.95,0.5,0.78,0.47,0.16,,,,,,,,,,,
M3,M308,ACACET,3.4,9.07,0.5,1.45,0.95,1.61,2.03,1.28,,,,,,,,,,,
M3,M308,ACACET,1.4,1.54,0.6,1,0.4,0.76,0.37,0.1,,,,,,,,,,,
M3,M308,ACACET,2.2,3.80,0.8,1.48,0.68,1.28,1.17,0.53,,,,,,,,,,,
M3,M308,ACACET,4.2,13.85,0.5,2.04,1.54,1.68,2.21,2.27,,,,,,,,,,,
M3,M308,ACACET,6.4,32.15,0.8,2.07,1.27,2.19,3.76,3.19,,,,,,,,,,,
M3,M308,ACACET,9.7,73.86,0.7,2.73,2.03,2.9,6.6,8.93,,,,,,,,,,,
M3,M308,ACACET,1.9,2.83,0.6,1.05,0.45,0.75,0.39,0.12,,,,,,,,,,,
M3,M308,ACACET,2.5,4.91,0.5,1.94,1.44,1.96,3,2.88,,,,,,,,,,,
M3,M308,ACACET,3.8,11.34,0.9,2.5,1.6,2.14,3.58,3.82,,,,,,,,,,,
M3,M308,ACACET,6.1,29.21,1.1,2.93,1.83,1.64,2.1,2.56,,,,,,,,,,,
M3,M308,ACACET,6.3,31.16,1.1,2.7,1.6,1.9,2.83,3.02,,,,,,,,,,,
M3,M308,ACACET,4.5,15.90,0.7,2.23,1.53,1.83,2.61,2.66,,,,,,,,,,,
M3,M308,ACACET,2.6,5.31,0.95,1.76,0.81,1.83,2.61,1.41,,,,,,,,,,,
M3,M308,ACACET,5,19.63,0.7,1.79,1.09,1.88,2.76,2,,,,,,,,,,,
M3,M308,ACACBR,2.1,3.46,0.4,1.1,0.7,0.6,0.27,0.13,,,,,,,,,,,
M3,M309,ACACBR,1.9,2.83,0.7,1.24,0.54,0.16,0.02,0.01,,,,,,,,,,,
M3,M309,ACACBR,2.4,4.52,0.8,2.41,1.61,1.26,1.17,1.26,,,,,,,,,,,
M3,M309,ACACET,2.3,4.15,0.6,1.59,0.99,2.18,3.59,2.37,,,,,,,,,,,
M3,M309,ACACBR,1.3,1.33,0.2,0.6,0.4,0.5,0.19,0.05,,,,,,,,,,,
M3,M309,ACACET,5.4,22.89,0.8,3.1,2.3,2.56,4.83,7.4,,,,,,,,,,,
M3,M309,ACACET,10,78.50,1.05,3.75,2.7,2.6,5.31,9.55,,,,,,,,,,,
M3,M309,ACACET,11.6,105.63,0.9,3.1,2.2,3.67,10.32,15.14,,,,,,,,,,,
M3,M309,ACACBR,2.7,5.72,0.7,1.45,0.75,0.75,0.42,0.21,,,,,,,,,,,
M3,M309,ACACET,11.1,96.72,1.04,3.53,2.49,3.26,8.27,13.73,,,,,,,,,,,
M3,M309,ACACBR,2.6,5.31,0.8,1.48,0.68,0.6,0.26,0.12,,,,,,,,,,,
M3,M309,ACACBR,2.8,6.15,0.9,1.29,0.39,0.33,0.08,0.02,,,,,,,,,,,
M3,M309,ACACBR,2,3.14,0.7,1.7,1,1,0.71,0.48,,,,,,,,,,,
M3,M309,ACACBR,2.9,6.60,0.5,1.2,0.7,0.75,0.42,0.2,,,,,,,,,,,
M3,M309,ACACBR,1.9,2.83,0.8,1.64,0.84,0.65,0.28,0.16,,,,,,,,,,,
M3,M309,ACACBR,1.6,2.01,0.6,1,0.4,0.38,0.11,0.03,,,,,,,,,,,
M3,M309,ACACBR,1.9,2.83,0.72,1.69,0.97,0.83,0.53,0.35,,,,,,,,,,,
M3,M309,ACACBR,1.4,1.54,0.7,1.1,0.4,0.28,0.05,0.01,,,,,,,,,,,
M3,M309,ACACBR,1.3,1.33,0.6,1.34,0.74,0.28,0.06,0.03,,,,,,,,,,,
M3,M309,ACACBR,2.5,4.91,0.65,1.79,1.14,0.8,0.48,0.37,,,,,,,,,,,
M3,M309,ACACBR,1.9,2.83,0.65,1.61,0.96,0.38,0.11,0.07,,,,,,,,,,,
M3,M309,ACACBR,1.3,1.33,0.6,0.8,0.2,0.1,0.01,0,,,,,,,,,,,
M3,M309,ACACBR,1.2,1.13,0.3,0.79,0.49,0.1,0.01,0,,,,,,,,,,,
M3,M309,ACACBR,2.3,4.15,0.83,2.04,1.21,1.37,1.45,1.17,,,,,,,,,,,
M3,M309,ACACBR,2.4,4.52,0.46,1.57,1.11,0.48,0.14,0.1,,,,,,,,,,,
M3,M309,ACACBR,1.5,1.77,0.6,1.5,0.9,0.6,0.21,0.13,,,,,,,,,,,
M3,M309,ACACBR,1.9,2.83,0.72,2.16,1.44,1.07,0.71,0.68,,,,,,,,,,,
M3,M309,ACACET,7.3,41.83,0.63,2.05,1.42,2.3,4.15,3.93,,,,,,,,,,,
M3,M309,ACACBR,2.5,4.91,0.77,1.53,0.76,0.83,0.52,0.26,,,,,,,,,,,
M3,M309,ACACBR,2.5,4.91,0.6,1.3,0.7,1.47,1.63,0.76,,,,,,,,,,,
M3,M309,ACACBR,2.5,4.91,0.57,1.47,0.9,0.94,0.67,0.4,,,,,,,,,,,
M3,M309,ACACET,14,153.86,0.8,4.75,3.95,3.24,8.23,21.67,,,,,,,,,,,
M3,M309,ACACBR,1.5,1.77,0.64,1.3,0.66,0.39,0.12,0.05,,,,,,,,,,,
M3,M309,ACACET,6.5,33.17,1.24,3.29,2.05,2.06,3.31,4.52,,,,,,,,,,,
M3,M309,ACACME,8.5,56.72,0.76,1.83,1.07,3.05,7.07,5.04,,,,,,,,,,,
M3,M309,ACACBR,1.5,1.77,0.53,1.23,0.7,0.51,0.2,0.1,,,,,,,,,,,
M3,M309,ACACBR,2,3.14,0.92,1.47,0.55,0.58,0.26,0.09,,,,,,,,,,,
M3,M309,ACACBR,2.6,5.31,0.61,1.53,0.92,1.4,1.48,0.91,,,,,,,,,,,
M3,M309,ACACBR,1.5,1.77,0.5,0.96,0.46,0.23,0.04,0.01,,,,,,,,,,,
M3,M309,ACACET,9.2,66.44,0.75,5.2,4.45,3.4,9.04,26.83,,,,,,,,,,,
M3,M309,ACACET,8.2,52.78,0.87,4.2,3.33,2.6,5.28,11.71,,,,,,,,,,,
M3,M309,ACACET,12.1,114.93,1.2,5.2,4,4.2,13.78,36.74,,,,,,,,,,,
M3,M309,ACACBR,2.8,6.15,0.7,1.66,0.96,0.59,0.26,0.17,,,,,,,,,,,
M3,M309,ACACET,22.5,397.41,1.22,5.29,4.07,6.2,30.05,81.54,,,,,,,,,,,
M3,M309,ACACET,7,38.47,1.25,3.15,1.9,2.9,6.41,8.11,,,,,,,,,,,
M3,M309,ACACET,4.2,13.85,1.06,2.71,1.65,1.15,1.04,1.14,,,,,,,,,,,
M3,M309,ACACET,3.5,9.62,0.76,1.52,0.76,0.51,0.13,0.07,,,,,,,,,,,
M3,M309,ACACET,4.8,18.09,0.9,2.97,2.07,1.54,1.67,2.31,,,,,,,,,,,
M3,M309,ACACET,11.6,105.63,0.9,4.09,3.19,2.8,6.12,13.02,,,,,,,,,,,
M3,M309,ACACET,8.9,62.18,0.9,3.61,2.71,2.95,6.83,12.34,,,,,,,,,,,
M3,M309,ACACBR,2,3.14,0.4,0.72,0.32,0.23,0.04,0.01,,,,,,,,,,,
M3,M309,ACACET,9.2,66.44,0.8,3.71,2.91,1.95,2.81,5.45,,,,,,,,,,,
M3,M309,ACACBR,1.9,2.83,1.41,2.6,1.19,0.38,0.11,0.09,,,,,,,,,,,
M3,M309,ACACBR,2.1,3.46,0.7,1.39,0.69,0.76,0.44,0.2,,,,,,,,,,,
M3,M309,ACACET,5.2,21.23,0.6,1.23,0.63,1.24,0.95,0.4,,,,,,,,,,,
M3,M309,ACACET,6.3,31.16,1.22,3.71,2.49,1.75,2.31,3.83,,,,,,,,,,,
M3,M309,ACACET,6.2,30.18,1.22,3.44,2.22,1.9,2.55,3.78,,,,,,,,,,,
M3,M309,ACACET,6.7,35.24,1.1,3.31,2.21,2.5,4.78,7.04,,,,,,,,,,,
M3,M309,ACACET,8.6,58.06,0.77,3.38,2.61,3.15,7.69,13.39,,,,,,,,,,,
M3,M309,ACACET,7.4,42.99,0.9,3.42,2.52,2.52,4.97,8.36,,,,,,,,,,,
M3,M309,ACACET,6.7,35.24,1.1,3.64,2.54,2.46,4.75,8.04,,,,,,,,,,,
M3,M309,ACACET,7.6,45.34,0.8,2.55,1.75,2.03,3.23,3.76,,,,,,,,,,,
M3,M310,ACACET,5.8,26.41,0.9,3.05,2.15,2.21,3.83,5.49,,,,,,,,,,,
M3,M310,ACACET,5.7,25.50,1.3,2.79,1.49,1.62,2.06,2.04,,,,,,,,,,,
M3,M310,ACACBR,2.3,4.15,0.8,2.23,1.43,1.22,1.17,1.11,,,,,,,,,,,
M3,M310,ACACBR,2.8,6.15,1,1.6,0.6,0.85,0.52,0.21,,,,,,,,,,,
M3,M310,ACACBR,1.4,1.54,0.6,0.84,0.24,0.48,0.17,0.03,,,,,,,,,,,
M3,M310,ACACET,8.5,56.72,1.1,3.27,2.17,2.74,5.87,8.49,,,,,,,,,,,
M3,M310,ACACBR,2.1,3.46,0.7,1.1,0.4,0.75,0.44,0.12,,,,,,,,,,,
M3,M310,ACACBR,2.8,6.15,0.8,1.22,0.42,0.7,0.35,0.1,,,,,,,,,,,
M3,M310,ACACET,16.5,213.72,1.2,4.42,3.22,4.2,13.84,29.71,,,,,,,,,,,
M3,M310,ACACBR,3.2,8.04,0.9,1.83,0.93,1.34,1.25,0.78,,,,,,,,,,,
M3,M310,ACACBR,2,3.14,0.7,1,0.3,0.2,0.03,0.01,,,,,,,,,,,
M3,M310,ACACET,16,200.96,1.7,3.12,1.42,1.92,2.86,2.7,,,,,,,,,,,
M3,M310,ACACBR,1.7,2.27,0.6,1,0.4,0.5,0.19,0.05,,,,,,,,,,,
M3,M310,ACACBR,3,7.07,0.6,1.2,0.6,1.31,1.27,0.51,,,,,,,,,,,
M3,M310,ACACBR,1.7,2.27,0.35,0.8,0.45,0.08,0.01,0,,,,,,,,,,,
M3,M310,ACACET,2.8,6.15,0.17,2.11,1.94,1.17,1.04,1.35,,,,,,,,,,,
M3,M310,ACACET,5.3,22.05,0.6,3.27,2.67,1.73,1.92,3.42,,,,,,,,,,,
M3,M310,ACACET,6.3,31.16,1.1,2.2,1.1,1.58,1.93,1.41,,,,,,,,,,,
M3,M310,ACACET,5,19.63,0.9,2.89,1.99,1,0.75,1,,,,,,,,,,,
M3,M310,ACACBR,1.6,2.01,0.6,1.88,1.28,0.58,0.26,0.22,,,,,,,,,,,
M3,M310,ACACET,11,94.99,0.9,2.94,2.04,3.05,6.85,9.31,,,,,,,,,,,
M3,M310,ACACET,10.3,83.28,1,2.76,1.76,3.25,8.14,9.56,,,,,,,,,,,
M3,M310,ACACBR,2,3.14,0.8,1.99,1.19,0.85,0.57,0.45,,,,,,,,,,,
M3,M310,ACACBR,1.7,2.27,0.6,1.05,0.45,0.45,0.16,0.05,,,,,,,,,,,
M3,M310,ACACBR,1.4,1.54,0.7,1.62,0.92,0.7,0.38,0.23,,,,,,,,,,,
M3,M310,ACACBR,6.8,36.30,0.8,2.21,1.41,1.73,2.31,2.17,,,,,,,,,,,
M3,M310,ACACBR,2.5,4.91,0.7,1.58,0.88,0.93,0.67,0.39,,,,,,,,,,,
M3,M310,ACACBR,2.7,5.72,0.8,1.74,0.94,1.11,0.96,0.6,,,,,,,,,,,
M3,M310,ACACBR,2.3,4.15,0.6,1.71,1.11,1.14,0.97,0.72,,,,,,,,,,,
M3,M310,ACACBR,1.5,1.77,0.5,1.44,0.94,0.35,0.09,0.06,,,,,,,,,,,
M3,M310,ACACET,9,63.59,1.1,3.38,2.28,3.17,7.83,11.91,,,,,,,,,,,
M3,M310,ACACBR,2.5,4.91,1,1.7,0.7,0.5,0.2,0.09,,,,,,,,,,,
M3,M310,ACACET,9.9,76.94,1.2,4.24,3.04,2.91,6.59,13.35,,,,,,,,,,,
M3,M310,ACACET,3,7.07,1,2.3,1.3,1.05,0.86,0.74,,,,,,,,,,,
M3,M310,ACACET,13.9,151.67,0.9,3.04,2.14,2.44,4.61,6.58,,,,,,,,,,,
M3,M310,ACACET,9.3,67.89,0.65,1.7,1.05,1.02,0.82,0.57,,,,,,,,,,,
M3,M310,ACACET,6.4,32.15,1.2,3.07,1.87,1.74,2.34,2.92,,,,,,,,,,,
M3,M310,ACACET,3,7.07,1.1,1.96,0.86,1.11,0.93,0.53,,,,,,,,,,,
M3,M311,ACACBR,1.2,1.13,0.53,1.1,0.57,0.64,0.32,0.12,,,,,,,,,,,
M3,M311,ACACBR,1.5,1.77,0.4,1.52,1.12,0.47,0.17,0.13,,,,,,,,,,,
M3,M311,ACACBR,2.4,4.52,0.67,2.45,1.78,1.58,1.96,2.32,,,,,,,,,,,
M3,M311,ACACBR,1.9,2.83,0.56,1.93,1.37,1.11,0.88,0.8,,,,,,,,,,,
M3,M311,ACACBR,1.9,2.83,0.8,2.37,1.57,0.58,0.25,0.26,,,,,,,,,,,
M3,M311,ACACBR,3.2,8.04,0.62,2.56,1.94,2.4,4.5,5.83,,,,,,,,,,,
M3,M311,ACACBR,2.2,3.80,0.63,2.15,1.52,1.39,1.49,1.51,,,,,,,,,,,
M3,M311,ACACBR,1.9,2.83,0.53,1.59,1.06,0.76,0.44,0.31,,,,,,,,,,,
M3,M311,ACACBR,1.6,2.01,0.37,1.61,1.24,0.87,0.55,0.46,,,,,,,,,,,
M3,M311,ACACET,3.4,9.07,0.4,1.8,1.4,1.1,0.88,0.82,,,,,,,,,,,
M3,M311,ACACBR,1.8,2.54,0.51,1.52,1.01,1.37,1.29,0.87,,,,,,,,,,,
M3,M311,ACACBR,1.8,2.54,0.34,1.75,1.41,0.79,0.48,0.45,,,,,,,,,,,
M3,M311,ACACBR,1.3,1.33,0.35,1.2,0.85,0.59,0.27,0.15,,,,,,,,,,,
M3,M311,ACACBR,2,3.14,0.88,2.22,1.34,0.67,0.35,0.31,,,,,,,,,,,
M3,M311,ACACBR,2,3.14,0.5,2.44,1.94,1.53,1.81,2.35,,,,,,,,,,,
M3,M311,ACACBR,1.7,2.27,0.34,2.01,1.67,0.59,0.25,0.28,,,,,,,,,,,
M3,M311,ACACBR,2.4,4.52,0.54,3.28,2.74,1.32,1.32,2.41,,,,,,,,,,,
M3,M311,ACACBR,1.5,1.77,0.84,2.02,1.18,0.78,0.39,0.3,,,,,,,,,,,
M3,M311,ACACBR,2.4,4.52,0.88,3.06,2.18,1.24,1.18,1.72,,,,,,,,,,,
M3,M311,ACACBR,1.9,2.83,0.8,1.9,1.1,0.67,0.3,0.22,,,,,,,,,,,
M3,M311,ACACBR,2.1,3.46,0.78,2.28,1.5,0.86,0.57,0.57,,,,,,,,,,,
M3,M311,ACACBR,1.5,1.77,0.73,2.14,1.41,0.69,0.37,0.34,,,,,,,,,,,
M3,M311,ACACBR,1.5,1.77,0.5,0.95,0.45,0.61,0.28,0.08,,,,,,,,,,,
M3,M311,ACACBR,1.9,2.83,0.55,1.78,1.23,0.7,0.38,0.32,,,,,,,,,,,
M3,M311,ACACBR,1.7,2.27,0.6,1.81,1.21,0.63,0.3,0.24,,,,,,,,,,,
M3,M311,ACACBR,2.5,4.91,0.7,3.94,3.24,1.18,0.97,2.1,,,,,,,,,,,
M3,M311,ACACBR,2.2,3.80,0.25,2.36,2.11,1.98,2.95,4.15,,,,,,,,,,,
M3,M311,ACACBR,1.7,2.27,0.62,2.23,1.61,0.83,0.53,0.57,,,,,,,,,,,
M3,M311,ACACBR,2,3.14,0.4,1.78,1.38,0.88,0.6,0.55,,,,,,,,,,,
M3,M311,ACACBR,1.7,2.27,0.49,1.47,0.98,0.39,0.11,0.07,,,,,,,,,,,
M3,M311,ACACET,11.6,105.63,0.81,3.04,2.23,2.52,4.97,7.38,,,,,,,,,,,
M3,M311,ACACET,6,28.26,0.88,2.11,1.23,1.5,1.76,1.44,,,,,,,,,,,
M3,M311,ACACBR,2.4,4.52,0.56,2.03,1.47,0.8,0.5,0.49,,,,,,,,,,,
M3,M311,ACACBR,1.2,1.13,0.59,2.12,1.53,0.17,0.02,0.02,,,,,,,,,,,
M3,M311,ACACBR,1.9,2.83,0.6,2.93,2.33,1.39,1.39,2.16,,,,,,,,,,,
M3,M311,ACACBR,1.5,1.77,0.53,3.48,2.95,0.56,0.23,0.46,,,,,,,,,,,
M3,M311,ACACET,13.2,136.78,0.8,3.18,2.38,3.6,10.05,15.94,,,,,,,,,,,
M3,M311,ACACBR,2.5,4.91,0.9,2.9,2,0.92,0.66,0.88,,,,,,,,,,,
M3,M311,ACACBR,2.5,4.91,0.9,2.91,2.01,0.9,0.63,0.84,,,,,,,,,,,
M3,M311,ACACBR,2.4,4.52,0.5,3.5,3,0.9,0.6,1.21,,,,,,,,,,,
M3,M312,ACACET,14.5,165.05,1,4.2,3.2,2.7,5.72,12.21,,,,,,,,,,,
M3,M312,ACACBR,2.4,4.52,1.39,2.3,0.91,1.26,1.22,0.74,,,,,,,,,,,
M3,M312,ACACBR,2.4,4.52,0.6,2.9,2.3,0.95,0.71,1.08,,,,,,,,,,,
M3,M312,ACACBR,2.5,4.91,0.9,3.15,2.25,0.95,0.69,1.04,,,,,,,,,,,
M3,M312,ACACBR,2.9,6.60,1.1,2.31,1.21,1.05,0.85,0.68,,,,,,,,,,,
M3,M312,ACACBR,2.1,3.46,0.6,1.2,0.6,0.55,0.24,0.09,,,,,,,,,,,
M3,M312,ACACBR,2.1,3.46,0.6,2.16,1.56,1.43,1.59,1.65,,,,,,,,,,,
M3,M312,ACACBR,3,7.07,0.7,2.17,1.47,2,3.08,3.02,,,,,,,,,,,
M3,M312,ACACBR,3.1,7.54,0.9,2.55,1.65,1.1,0.94,1.04,,,,,,,,,,,
M3,M312,ACACBR,2.2,3.80,0.8,2.03,1.23,1.52,1.73,1.42,,,,,,,,,,,
M3,M312,ACACBR,1.5,1.77,0.6,1.45,0.85,1.62,2.06,1.17,,,,,,,,,,,
M3,M312,ACACBR,3.1,7.54,0.8,2.03,1.23,1.1,0.82,0.67,,,,,,,,,,,
M3,M312,ACACBR,1.6,2.01,0.8,2.29,1.49,0.85,0.57,0.56,,,,,,,,,,,
M3,M312,ACACBR,2,3.14,0.8,2.03,1.23,1.1,0.82,0.67,,,,,,,,,,,
M3,M312,ACACBR,2,3.14,1,2.34,1.34,1.56,1.81,1.62,,,,,,,,,,,
M3,M312,ACACBR,2.5,4.91,0.8,2.97,2.17,2.22,3.85,5.57,,,,,,,,,,,
M3,M312,ACACBR,2.6,5.31,0.5,3.01,2.51,0.6,0.28,0.47,,,,,,,,,,,
M3,M312,ACACBR,2.4,4.52,1.51,3.35,1.84,1.17,0.81,1,,,,,,,,,,,
M3,M312,ACACBR,2.6,5.31,1,3.05,2.05,1.44,1.54,2.1,,,,,,,,,,,
M3,M312,ACACBR,3.2,8.04,0.7,2.1,1.4,1.29,0.81,0.76,,,,,,,,,,,
M3,M312,ACACBR,2.9,6.60,0.9,2.63,1.73,1.77,2.42,2.8,,,,,,,,,,,
M3,M313,ACACBR,1.3,1.33,0.65,1.76,1.11,1.39,1.04,0.77,,,,,,,,,,,
M3,M313,ACACBR,3.5,9.62,0.8,2.41,1.61,1.7,2.24,2.41,,,,,,,,,,,
M3,M313,ACACBR,1.6,2.01,0.72,1.51,0.79,0.33,0.07,0.04,,,,,,,,,,,
M3,M313,ACACBR,3.4,9.07,0.86,3.02,2.16,1.87,2.64,3.81,,,,,,,,,,,
M3,M313,ACACBR,1.5,1.77,0.7,1.47,0.77,0.35,0.08,0.04,,,,,,,,,,,
M3,M313,ACACBR,1.3,1.33,0.68,2.03,1.35,0.94,0.67,0.61,,,,,,,,,,,
M3,M313,ACACBR,2.4,4.52,0.8,2.13,1.33,1.44,1.56,1.38,,,,,,,,,,,
M3,M313,ACACBR,2.5,4.91,0.7,2.76,2.06,2.05,2.63,3.62,,,,,,,,,,,
M3,M313,ACACBR,2.1,3.46,0.76,2.97,2.21,1.63,1.97,2.91,,,,,,,,,,,
M3,M313,ACACBR,4.1,13.20,0.46,1.2,0.74,1.54,1.55,0.77,,,,,,,,,,,
M3,M313,ACACBR,3,7.07,0.93,2.67,1.74,2.12,3.34,3.87,,,,,,,,,,,
M3,M313,ACACBR,1.6,2.01,0.5,2.47,1.97,0.6,0.28,0.37,,,,,,,,,,,
M3,M313,ACACBR,2,3.14,1.16,2.23,1.07,1.44,1.45,1.04,,,,,,,,,,,
M3,M313,ACACBR,2.7,5.72,0.77,2.03,1.26,1.39,1.5,1.26,,,,,,,,,,,
M3,M313,ACACBR,2.7,5.72,1.63,1.82,0.19,1.29,1.3,0.16,,,,,,,,,,,
M3,M313,ACACBR,4,12.56,0.7,2.07,1.37,1.75,2.39,2.18,,,,,,,,,,,
M3,M313,ACACBR,3.3,8.55,0.76,2.73,1.97,1.74,2.36,3.1,,,,,,,,,,,
M3,M313,ACACBR,1.6,2.01,0.75,1.73,0.98,0.79,0.41,0.27,,,,,,,,,,,
M3,M313,ACACBR,2.4,4.52,0.72,1.71,0.99,1.41,1.55,1.02,,,,,,,,,,,
M3,M313,ACACBR,2.4,4.52,0.7,1.56,0.86,1.29,1.28,0.73,,,,,,,,,,,
M3,M313,ACACBR,2.4,4.52,0.8,2.49,1.69,1.28,1.17,1.32,,,,,,,,,,,
M3,M313,ACACBR,3,7.07,1.03,1.77,0.74,2.04,3.03,1.5,,,,,,,,,,,
M3,M313,ACACBR,2.5,4.91,0.85,2.11,1.26,0.87,0.59,0.5,,,,,,,,,,,
M3,M313,ACACBR,5.7,25.50,0.86,2.34,1.48,3.31,8.57,8.46,,,,,,,,,,,
M3,M313,ACACET,1.9,2.83,0.55,1.3,0.75,0.85,0.52,0.26,,,,,,,,,,,
M3,M314,ACACBR,3.5,9.62,1.1,3.39,2.29,2.39,4.47,6.82,,,,,,,,,,,
M3,M314,ACACET,2.2,3.80,0.7,1.57,0.87,1.42,1.49,0.87,,,,,,,,,,,
M3,M314,ACACBR,1.1,0.95,0.6,1.75,1.15,0.1,0.01,0.01,,,,,,,,,,,
M3,M314,ACACBR,1.3,1.33,0.8,1.41,0.61,0.3,0.07,0.03,,,,,,,,,,,
M3,M314,ACACBR,2,3.14,0.6,1.2,0.6,0.55,0.08,0.03,,,,,,,,,,,
M3,M314,ACACBR,1.9,2.83,0.7,1.68,0.98,0.7,0.38,0.25,,,,,,,,,,,
M3,M314,ACACBR,2.3,4.15,0.9,1.84,0.94,1.47,1.7,1.06,,,,,,,,,,,
M3,M314,ACACBR,1.8,2.54,0.7,1.75,1.05,0.45,0.16,0.11,,,,,,,,,,,
M3,M314,ACACBR,2.1,3.46,0.7,1.1,0.4,0.4,0.12,0.03,,,,,,,,,,,
M3,M314,ACACBR,1.9,2.83,0.7,1.1,0.4,0.8,0.5,0.13,,,,,,,,,,,
M3,M314,ACACBR,1.1,0.95,0.6,0.75,0.15,0.6,0.27,0.03,,,,,,,,,,,
M3,M314,ACACBR,1.7,2.27,1,1.76,0.76,0.65,0.31,0.16,,,,,,,,,,,
M3,M314,ACACBR,3.3,8.55,1.2,2.16,0.96,1,0.78,0.5,,,,,,,,,,,
M3,M314,ACACBR,1.8,2.54,0.8,1.43,0.63,0.6,0.27,0.12,,,,,,,,,,,
M3,M314,ACACBR,1.3,1.33,1,1.97,0.97,0.2,0.03,0.02,,,,,,,,,,,
M3,M314,ACACBR,1.1,0.95,1,1.97,0.97,0.2,0.03,0.02,,,,,,,,,,,
M3,M314,ACACBR,1.9,2.83,0.9,1.2,0.3,0.8,0.5,0.1,,,,,,,,,,,
M3,M314,ACACBR,4.4,15.20,1.1,1.69,0.59,2.76,5.29,2.08,,,,,,,,,,,
M3,M314,ACACBR,2,3.14,0.5,1.1,0.6,1.52,1.78,0.71,,,,,,,,,,,
M3,M314,ACACET,21,346.19,1.1,4.32,3.22,4.76,17.7,38,,,,,,,,,,,
M3,M314,ACACBR,3.9,11.94,0.9,1.77,0.87,1.73,2.26,1.31,,,,,,,,,,,
M3,M314,ACACBR,2.3,4.15,0.7,1.33,0.63,1,0.78,0.33,,,,,,,,,,,
M3,M314,ACACBR,2.2,3.80,0.9,1.84,0.94,1.68,2.03,1.27,,,,,,,,,,,
M3,M314,ACACBR,3.2,8.04,0.9,1.55,0.65,1.83,2.42,1.05,,,,,,,,,,,
M3,M314,ACACBR,2.3,4.15,1.1,1.84,0.74,1.81,2.42,1.2,,,,,,,,,,,
M3,M314,ACACBR,3,7.07,0.8,1.96,1.16,1.75,2.4,1.85,,,,,,,,,,,
M3,M314,ACACBR,2,3.14,0.8,1.22,0.42,0.75,0.44,0.12,,,,,,,,,,,
M3,M314,ACACBR,2,3.14,0.7,1.05,0.35,0.55,0.19,0.04,,,,,,,,,,,
M3,M314,ACACBR,3.1,7.54,1.1,2.53,1.43,1.73,2.33,2.22,,,,,,,,,,,
M3,M314,ACACBR,2,3.14,0.9,1.5,0.6,0.95,0.69,0.28,,,,,,,,,,,
M3,M315,ACACET,4.6,16.61,0.66,1.75,1.09,1.42,1.57,1.14,,,,,,,,,,,
M3,M315,ACACET,1.5,1.77,0.7,1.3,0.6,1.1,0.94,0.38,,,,,,,,,,,
M3,M315,ACACBR,2.3,4.15,0.8,1.87,1.07,1.4,1.51,1.08,,,,,,,,,,,
M3,M315,ACACET,14.6,167.33,1.1,3.96,2.86,4.44,15.32,29.22,,,,,,,,,,,
M3,M315,ACACET,2.4,4.52,0.7,1.54,0.84,1.38,1.46,0.82,,,,,,,,,,,
M3,M315,ACACBR,2.4,4.52,1,1.6,0.6,0.65,0.31,0.13,,,,,,,,,,,
M3,M315,ACACBR,2.2,3.80,0.5,3.9,3.4,0.5,0.2,0.44,,,,,,,,,,,
M3,M315,ACACBR,1.9,2.83,0.7,4.4,3.7,0.42,0.14,0.34,,,,,,,,,,,
M3,M315,ACACBR,3.1,7.54,1.2,2.8,1.6,1.55,1.87,1.99,,,,,,,,,,,
M3,M315,ACACBR,1.9,2.83,0.8,2.07,1.27,0.9,0.63,0.53,,,,,,,,,,,
M3,M315,ACACBR,1.6,2.01,0.5,1.29,0.79,0.6,0.27,0.14,,,,,,,,,,,
M3,M315,ACACBR,1.7,2.27,0.24,0.7,0.46,1.04,0.76,0.23,,,,,,,,,,,
M3,M315,ACACBR,1.5,1.77,0.5,1.9,1.4,0.95,0.66,0.62,,,,,,,,,,,
M3,M315,ACACBR,1.7,2.27,0.25,0.9,0.65,0.85,0.52,0.22,,,,,,,,,,,
M3,M315,ACACBR,2,3.14,1.2,1.79,0.59,1,0.78,0.31,,,,,,,,,,,
M3,M315,ACACET,2.9,6.60,0.4,0.8,0.4,0.5,0.2,0.05,,,,,,,,,,,
M3,M315,ACACET,1.3,1.33,0.5,1.35,0.85,1.38,1.48,0.84,,,,,,,,,,,
M3,M316,ACACBR,2.5,4.91,1.13,2.65,1.52,0.81,0.51,0.51,,,,,,,,,,,
M3,M316,ACACBR,2.6,5.31,0.98,2.23,1.25,1.44,1.49,1.24,,,,,,,,,,,
M3,M316,ACACBR,2,3.14,0.55,1.08,0.53,1.18,0.97,0.34,,,,,,,,,,,
M3,M316,ACACBR,1.8,2.54,0.63,1.99,1.36,0.88,0.59,0.53,,,,,,,,,,,
M3,M316,ACACBR,2.2,3.80,0.6,1.41,0.81,0.5,0.2,0.11,,,,,,,,,,,
M3,M316,ACACBR,1.6,2.01,1.05,1.67,0.62,0.67,0.35,0.14,,,,,,,,,,,
M3,M316,ACACBR,1.6,2.01,1.2,2.03,0.83,0.85,0.48,0.26,,,,,,,,,,,
M3,M316,ACACBR,2.3,4.15,1.05,2.93,1.88,1.25,1.06,1.33,,,,,,,,,,,
M3,M316,ACACBR,2,3.14,0.7,2.13,1.43,0.56,0.24,0.23,,,,,,,,,,,
M3,M316,ACACBR,1.3,1.33,1.47,2.12,0.65,0.35,0.09,0.04,,,,,,,,,,,
M3,M316,ACACBR,2.5,4.91,0.88,2.28,1.4,1.55,1.87,1.74,,,,,,,,,,,
M3,M316,ACACBR,3.4,9.07,1.01,3.61,2.6,1.8,2.51,4.35,,,,,,,,,,,
M3,M316,ACACBR,1.2,1.13,0.9,1.6,0.7,0.24,0.04,0.02,,,,,,,,,,,
M3,M316,ACACBR,1.2,1.13,0.56,1.36,0.8,0.35,0.1,0.05,,,,,,,,,,,
M3,M316,ACACBR,1.5,1.77,0.8,1.53,0.73,0.44,0.15,0.07,,,,,,,,,,,
M3,M316,ACACET,16.9,224.20,1.65,4.17,2.52,3.92,12.03,20.21,,,,,,,,,,,
M3,M316,ACACBR,2.3,4.15,0.75,3.17,2.42,1.45,1.41,2.27,,,,,,,,,,,
M3,M316,ACACET,20,314.00,1.22,4.76,3.54,3.23,7.37,17.4,,,,,,,,,,,
M3,M316,ACACBR,2.6,5.31,0.9,1.53,0.63,0.97,0.67,0.28,,,,,,,,,,,
M3,M316,ACACBR,1.5,1.77,1.03,1.79,0.76,0.83,0.54,0.27,,,,,,,,,,,
M3,M316,ACACBR,2.6,5.31,0.98,2.7,1.72,1.04,0.84,0.96,,,,,,,,,,,
M3,M316,ACACET,6.2,30.18,0.96,2.45,1.49,1.7,2.26,2.25,,,,,,,,,,,
M3,M316,ACACET,4.1,13.20,0.6,0.92,0.32,1.4,0.99,0.21,,,,,,,,,,,
M3,M316,ACACET,2.3,4.15,0.8,1.84,1.04,1.65,1.8,1.25,,,,,,,,,,,
M3,M316,ACACET,14.5,165.05,1.39,3.55,2.16,2.53,4.99,7.19,,,,,,,,,,,
M3,M316,ACACBR,2.8,6.15,0.98,3.51,2.53,1.62,1.88,3.18,,,,,,,,,,,
M3,M316,ACACET,16.9,224.20,1.07,3.69,2.62,3.55,9.82,17.16,,,,,,,,,,,
M3,M316,ACACBR,2.4,4.52,0.88,3.49,2.61,0.7,0.37,0.65,,,,,,,,,,,
M3,M316,ACACBR,1.8,2.54,0.93,2.05,1.12,0.37,0.11,0.08,,,,,,,,,,,
M3,M316,ACACBR,1.5,1.77,0.9,3.74,2.84,0.27,0.05,0.1,,,,,,,,,,,
M3,M316,ACACET,11.5,103.82,1.08,4.02,2.94,3.07,6.31,12.37,,,,,,,,,,,
M3,M316,ACACBR,1.9,2.83,0.82,3.03,2.21,0.99,0.73,1.08,,,,,,,,,,,
M3,M316,ACACBR,1.6,2.01,0.6,1.15,0.55,0.55,0.2,0.07,,,,,,,,,,,
M3,M316,ACACBR,2.2,3.80,1.62,3.51,1.89,0.61,0.29,0.36,,,,,,,,,,,
M3,M316,ACACET,11.4,102.02,1.1,4.02,2.92,2.54,5.04,9.82,,,,,,,,,,,
M3,M316,ACACME,7.4,42.99,0.86,2.49,1.63,2.97,6.61,7.19,,,,,,,,,,,
M3,M316,ACACBR,1.9,2.83,1.19,1.91,0.72,0.64,0.31,0.15,,,,,,,,,,,
M3,M316,ACACBR,3.5,9.62,0.9,2.77,1.87,1,0.78,0.97,,,,,,,,,,,
M3,M316,ACACBR,1.4,1.54,0.82,2.18,1.36,0.78,0.47,0.42,,,,,,,,,,,
M3,M316,ACACBR,2.8,6.15,1.34,2.88,1.54,0.9,0.63,0.65,,,,,,,,,,,
M3,M316,ACACBR,2.6,5.31,0.68,2.54,1.86,1.15,1.04,1.28,,,,,,,,,,,
M3,M316,ACACET,20.2,320.31,1.86,5.31,3.45,5.85,26.63,61.24,,,,,,,,,,,
M3,M316,ACACBR,2.6,5.31,0.84,1.62,0.78,0.75,0.41,0.22,,,,,,,,,,,
M3,M316,ACACBR,1.5,1.77,1,1.84,0.84,0.65,0.33,0.18,,,,,,,,,,,
M3,M316,ACACBR,1.6,2.01,0.9,2.67,1.77,0.7,0.38,0.44,,,,,,,,,,,
M3,M316,ACACBR,3.1,7.54,0.9,2.67,1.77,0.7,0.38,0.44,,,,,,,,,,,
M3,M316,ACACBR,2.8,6.15,1.56,2.56,1,2.04,3.27,2.18,,,,,,,,,,,
M3,M316,ACACBR,3.5,9.62,1.2,2.82,1.62,1.5,1.76,1.9,,,,,,,,,,,
M3,M316,ACACBR,2.4,4.52,1.2,2.87,1.67,0.85,0.52,0.58,,,,,,,,,,,
M3,M316,ACACBR,1.8,2.54,1.2,1.87,0.67,1.05,0.86,0.39,,,,,,,,,,,
M3,M316,ACACBR,2.3,4.15,1.2,2.73,1.53,1.22,1.08,1.1,,,,,,,,,,,
M3,M316,ACACBR,1.9,2.83,1.1,2.53,1.43,1.05,0.71,0.67,,,,,,,,,,,
M3,M316,ACACBR,2.8,6.15,1.1,2.9,1.8,1.52,1.8,2.16,,,,,,,,,,,
M3,M316,ACACBR,1.5,1.77,1,1.9,0.9,0.45,0.16,0.09,,,,,,,,,,,
M3,M316,ACACBR,1,0.79,0.6,1.35,0.75,0.45,0.16,0.08,,,,,,,,,,,
M3,M316,ACACBR,1.3,1.33,0.7,1.83,1.13,0.4,0.13,0.09,,,,,,,,,,,
M3,M316,ACACBR,1.7,2.27,1.1,2.07,0.97,0.57,0.23,0.15,,,,,,,,,,,
M3,M316,ACACBR,2.2,3.80,0.83,2.52,1.69,0.62,0.3,0.33,,,,,,,,,,,
M3,M316,ACACBR,2.1,3.46,0.95,2.36,1.41,0.71,0.39,0.37,,,,,,,,,,,
M3,M316,ACACET,4.4,15.20,0.74,2.02,1.28,1.95,2.92,2.49,,,,,,,,,,,
M3,M316,ACACBR,1.9,2.83,0.9,3.18,2.28,1.33,0.81,1.23,,,,,,,,,,,
M3,M316,ACACBR,2.5,4.91,1.02,2.37,1.35,0.96,0.69,0.62,,,,,,,,,,,
M3,M317,ACACBR,1.8,2.54,0.9,1.32,0.42,0.7,0.38,0.11,,,,,,,,,,,
M3,M317,ACACBR,2.6,5.31,0.05,1.2,1.15,2.43,4.64,3.55,,,,,,,,,,,
M3,M317,ACACBR,2,3.14,0.9,1.79,0.89,1.06,0.77,0.46,,,,,,,,,,,
M3,M317,ACACBR,1.9,2.83,1,2.17,1.17,0.65,0.33,0.26,,,,,,,,,,,
M3,M317,ACACBR,1,0.79,0.7,1.45,0.75,0.55,0.24,0.12,,,,,,,,,,,
M3,M317,ACACBR,1.4,1.54,0.7,1.2,0.5,0.65,0.28,0.09,,,,,,,,,,,
M3,M317,ACACBR,1.2,1.13,0.9,1.15,0.25,0.75,0.44,0.07,,,,,,,,,,,
M3,M317,ACACBR,3.5,9.62,1.38,3.05,1.67,1.95,2.97,3.3,,,,,,,,,,,
M3,M317,ACACBR,2.5,4.91,1.1,2.15,1.05,1.72,2.31,1.62,,,,,,,,,,,
M3,M317,ACACBR,2,3.14,1,2.33,1.33,1.69,2.23,1.98,,,,,,,,,,,
M3,M317,ACACBR,1.6,2.01,0.8,1.76,0.96,1.43,1.6,1.02,,,,,,,,,,,
M3,M317,ACACBR,1.7,2.27,0.8,1.92,1.12,1.79,2.5,1.87,,,,,,,,,,,
M3,M317,ACACBR,1.4,1.54,0.8,1.58,0.78,1.25,1.18,0.61,,,,,,,,,,,
M3,M317,ACACBR,2.4,4.52,1,2.2,1.2,1.3,1.27,1.02,,,,,,,,,,,
M3,M318,ACACBR,3.2,8.04,0.6,3.06,2.46,2.23,3.9,6.4,,,,,,,,,,,
M3,M318,ACACET,6.2,30.18,0.7,2.82,2.12,2.57,5.09,7.19,,,,,,,,,,,
M3,M318,ACACET,4,12.56,0.9,1.32,0.42,0.7,0.35,0.1,,,,,,,,,,,
M3,M318,ACACET,2.8,6.15,0.7,1.9,1.2,1.38,1.48,1.18,,,,,,,,,,,
M3,M318,ACACBR,1.7,2.27,0.3,1.05,0.75,0.48,0.17,0.09,,,,,,,,,,,
M3,M318,ACACBR,1.9,2.83,0.4,1.6,1.2,0.63,0.31,0.24,,,,,,,,,,,
M3,M318,ACACBR,2.5,4.91,0.6,2.18,1.58,0.96,0.62,0.65,,,,,,,,,,,
M3,M318,ACACBR,2.2,3.80,0.6,2.18,1.58,0.96,0.62,0.65,,,,,,,,,,,
M3,M318,ACACBR,1.7,2.27,0.45,1.15,0.7,0.58,0.22,0.1,,,,,,,,,,,
M3,M318,ACACBR,1.4,1.54,0.25,1.2,0.95,0.85,0.57,0.36,,,,,,,,,,,
M3,M318,ACACBR,1.7,2.27,0.25,1.22,0.97,0.83,0.51,0.33,,,,,,,,,,,
M3,M318,ACACBR,2.5,4.91,0.35,1.22,0.87,1,0.78,0.45,,,,,,,,,,,
M3,M318,ACACBR,1.7,2.27,0.3,1.4,1.1,0.8,0.49,0.36,,,,,,,,,,,
M3,M318,ACACBR,2.6,5.31,0.4,1.66,1.26,1.22,1.15,0.96,,,,,,,,,,,
M3,M318,ACACET,4.2,13.85,0.5,1.37,0.87,1.59,1.97,1.14,,,,,,,,,,,
M3,M318,ACACET,10.9,93.27,0.7,3.91,3.21,3.77,11.07,23.69,,,,,,,,,,,
M3,M318,ACACBR,3.4,9.07,0.7,1.32,0.62,1.15,1.04,0.43,,,,,,,,,,,
M3,M318,ACACBR,2.5,4.91,0.5,2.48,1.98,1.87,2.71,3.57,,,,,,,,,,,
M3,M318,ACACET,5.4,22.89,0.85,3.05,2.2,2.35,4.3,6.31,,,,,,,,,,,
M3,M318,ACACET,10.9,93.27,1.15,3.81,2.66,2.94,6.78,12.03,,,,,,,,,,,
M3,M318,ACACBR,2.2,3.80,0.85,3.06,2.21,1.18,0.98,1.44,,,,,,,,,,,
M3,M318,ACACME,1.9,2.83,1,1.8,0.8,1.11,0.67,0.36,,,,,,,,,,,
M3,M318,ACACBR,1.5,1.77,0.55,1.1,0.55,0.83,0.53,0.19,,,,,,,,,,,
M3,M318,ACACBR,1.1,0.95,0.4,1.05,0.65,0.7,0.35,0.15,,,,,,,,,,,
M3,M318,ACACBR,2.7,5.72,0.5,2.23,1.73,1.6,2,2.31,,,,,,,,,,,
M3,M318,ACACBR,3.2,8.04,0.5,2.05,1.55,1.05,0.85,0.88,,,,,,,,,,,
M3,M318,ACACBR,1.5,1.77,0.3,0.9,0.6,0.28,0.06,0.02,,,,,,,,,,,
M3,M318,ACACBR,1.7,2.27,0.3,1.41,1.11,0.5,0.19,0.14,,,,,,,,,,,
M3,M318,ACACBR,2.9,6.60,0.4,1.75,1.35,0.73,0.41,0.37,,,,,,,,,,,
M3,M318,ACACBR,2.7,5.72,0.3,1.8,1.5,1,0.78,0.78,,,,,,,,,,,
M3,M318,ACACET,4.9,18.85,0.7,2.05,1.35,1.91,2.83,2.55,,,,,,,,,,,
M3,M318,ACACBR,3.2,8.04,0.4,2.09,1.69,1.16,0.95,1.07,,,,,,,,,,,
M3,M318,ACACBR,2.4,4.52,0.75,1.25,0.5,1.38,1.48,0.49,,,,,,,,,,,
M3,M318,ACACBR,2.6,5.31,0.85,2.16,1.31,0.85,0.55,0.48,,,,,,,,,,,
M3,M318,ACACET,10.9,93.27,1,4.09,3.09,3.25,8.26,17.02,,,,,,,,,,,
M3,M318,ACACET,5.7,25.50,0.6,2.57,1.97,1.8,2.37,3.11,,,,,,,,,,,
M3,M318,ACACME,15,176.63,1.36,4.55,3.19,4.49,14.87,31.62,,,,,,,,,,,
M3,M318,ACACBR,3.5,9.62,0.8,5.63,4.83,2.13,3.54,11.41,,,,,,,,,,,
M3,M318,ACACET,15,176.63,1.2,4.56,3.36,5.4,22.69,50.84,,,,,,,,,,,
M3,M318,ACACBR,2.1,3.46,0.4,1.15,0.75,0.85,0.57,0.28,,,,,,,,,,,
M3,M318,ACACBR,2.5,4.91,0.4,1.15,0.75,1.05,0.86,0.43,,,,,,,,,,,
M3,M319,ACACBR,1.9,2.83,0.97,3.52,2.55,0.7,0.37,0.63,,,,,,,,,,,
M3,M319,ACACME,7.3,41.83,0.95,3.73,2.78,4.38,14.94,27.69,,,,,,,,,,,
M3,M319,ACACBR,2,3.14,0.9,2.42,1.52,0.8,0.49,0.5,,,,,,,,,,,
M3,M319,ACACME,69,3737.39,0.83,3.68,2.85,3.22,7.97,15.13,,,,,,,,,,,
M3,M319,ACACBR,4.6,16.61,0.8,2.22,1.42,1.99,3.01,2.85,,,,,,,,,,,
M3,M319,ACACME,22.4,393.88,0.85,5.42,4.57,6.38,31.71,96.6,,,,,,,,,,,
M3,M319,ACACBR,1.4,1.54,0.6,4.68,4.08,0.6,0.28,0.76,,,,,,,,,,,
M3,M319,ACACET,1.8,2.54,0.53,1.51,0.98,1.2,1.05,0.68,,,,,,,,,,,
M3,M319,ACACBR,3.3,8.55,0.86,2.6,1.74,1.28,1.27,1.47,,,,,,,,,,,
M3,M319,ACACBR,2.1,3.46,0.76,1.7,0.94,1.12,0.97,0.61,,,,,,,,,,,
M3,M319,ACACBR,1.8,2.54,0.7,1.54,0.84,0.78,0.47,0.26,,,,,,,,,,,
M3,M319,ACACBR,2.8,6.15,0.76,1.61,0.85,1.02,0.74,0.42,,,,,,,,,,,
M3,M319,ACACBR,1.2,1.13,0.65,1.55,0.9,0.5,0.2,0.12,,,,,,,,,,,
M3,M319,ACACBR,1.6,2.01,0.48,1.2,0.72,0.21,0.03,0.02,,,,,,,,,,,
M3,M319,ACACBR,1.8,2.54,0.75,2.15,1.4,1.17,0.94,0.87,,,,,,,,,,,
M3,M319,ACACBR,2.3,4.15,0.6,1.42,0.82,1.22,1.16,0.63,,,,,,,,,,,
M3,M319,ACACBR,3.9,11.94,0.94,3.51,2.57,2.82,6.19,10.6,,,,,,,,,,,
M3,M319,ACACBR,2.2,3.80,0.7,2.21,1.51,0.67,0.35,0.35,,,,,,,,,,,
M3,M319,ACACBR,1.7,2.27,0.76,1.18,0.42,0.69,0.37,0.1,,,,,,,,,,,
M3,M319,ACACBR,1.9,2.83,0.68,1.75,1.07,0.81,0.46,0.33,,,,,,,,,,,
M3,M319,ACACBR,2,3.14,0.7,2.5,1.8,0.88,0.54,0.65,,,,,,,,,,,
M3,M319,ACACBR,1.7,2.27,0.77,1.98,1.21,0.82,0.53,0.42,,,,,,,,,,,
M3,M319,ACACBR,2.6,5.31,1.44,3.81,2.37,1.27,1.11,1.75,,,,,,,,,,,
M3,M319,ACACBR,2.1,3.46,0.97,2.03,1.06,0.93,0.67,0.47,,,,,,,,,,,
M3,M319,ACACBR,1.7,2.27,1.09,1.97,0.88,0.4,0.13,0.07,,,,,,,,,,,
M3,M319,ACACBR,1.9,2.83,0.8,1.7,0.9,0.38,0.11,0.07,,,,,,,,,,,
M3,M319,ACACBR,2.4,4.52,1.1,2.38,1.28,1.24,1.06,0.9,,,,,,,,,,,
M3,M319,ACACBR,1.3,1.33,0.65,1.1,0.45,0.35,0.09,0.03,,,,,,,,,,,
M3,M319,ACACBR,1.6,2.01,0.8,1.57,0.77,0.44,0.15,0.08,,,,,,,,,,,
M3,M320,ACACBR,1.4,1.54,0.42,1.36,0.94,0.61,0.29,0.18,,,,,,,,,,,
M3,M320,ACACBR,1.8,2.54,0.35,1.84,1.49,0.73,0.4,0.39,,,,,,,,,,,
M3,M320,ACACBR,2.1,3.46,0.48,2.19,1.71,1.37,1.46,1.67,,,,,,,,,,,
M3,M320,ACACBR,1.5,1.77,0.7,1.73,1.03,0.54,0.22,0.15,,,,,,,,,,,
M3,M320,ACACME,18.5,268.67,0.69,2.12,1.43,1.72,2.07,1.97,,,,,,,,,,,
M3,M320,ACACME ,3.8,11.34,0.7,1.57,0.87,1.45,1.64,0.95,,,,,,,,,,,
M3,M320,ACACBR,2.5,4.91,0.71,3.73,3.02,1.77,2.38,4.8,,,,,,,,,,,
M3,M320,ACACBR,1.7,2.27,0.69,1.17,0.48,0.7,0.38,0.12,,,,,,,,,,,
M3,M320,ACACBR,3.1,7.54,0.76,1.86,1.1,1.25,1.23,0.9,,,,,,,,,,,
M3,M320,ACACBR,1.4,1.54,0.52,1.47,0.95,0.45,0.16,0.1,,,,,,,,,,,
M3,M320,ACACBR,1.5,1.77,0.7,2.03,1.33,0.5,0.2,0.17,,,,,,,,,,,
M3,M320,ACACBR,2.5,4.91,0.53,1.68,1.15,0.88,0.61,0.47,,,,,,,,,,,
M3,M320,ACACBR,2.9,6.60,0.53,2.46,1.93,1.31,1.29,1.65,,,,,,,,,,,
M3,M320,ACACBR,2.3,4.15,0.68,2.16,1.48,0.7,0.36,0.35,,,,,,,,,,,
M3,M320,ACACBR,2.3,4.15,0.7,2.1,1.4,1.59,1.97,1.84,,,,,,,,,,,
M3,M320,ACACBR,1.3,1.33,0.72,1.68,0.96,0.63,0.22,0.14,,,,,,,,,,,
M3,M320,ACACBR,1.6,2.01,0.73,1.88,1.15,0.77,0.43,0.33,,,,,,,,,,,
M3,M320,ACACBR,2.6,5.31,0.65,1.63,0.98,1.4,1.52,0.99,,,,,,,,,,,
M3,M320,ACACBR,3,7.07,0.53,2.23,1.7,0.87,0.57,0.65,,,,,,,,,,,
M3,M320,ACACBR,2.6,5.31,0.92,2.65,1.73,0.94,0.68,0.79,,,,,,,,,,,
M3,M320,ACACBR,2,3.14,0.85,2.13,1.28,0.91,0.64,0.55,,,,,,,,,,,
M3,M320,ACACBR,2.1,3.46,0.6,1.78,1.18,0.59,0.26,0.21,,,,,,,,,,,
M3,M320,ACACBR,1.8,2.54,0.88,1.79,0.91,0.6,0.26,0.16,,,,,,,,,,,
M3,M320,ACACBR,1.4,1.54,0.73,1.16,0.43,0.53,0.2,0.06,,,,,,,,,,,
M3,M320,ACACBR,3.3,8.55,0.64,2.64,2,1.17,1.05,1.39,,,,,,,,,,,
M3,M320,ACACBR,1.8,2.54,0.81,2.22,1.41,0.73,0.41,0.38,,,,,,,,,,,
M3,M320,ACACBR,1.9,2.83,1,2.1,1.1,0.7,0.31,0.23,,,,,,,,,,,
M3,M320,ACACBR,2.3,4.15,1.32,2.32,1,1.62,2.01,1.34,,,,,,,,,,,
M3,M320,ACACBR,1.6,2.01,0.9,1.93,1.03,0.45,0,0,,,,,,,,,,,
M3,M320,ACACBR,1.8,2.54,1.22,1.87,0.65,0.8,0.47,0.2,,,,,,,,,,,
M3,M320,ACACBR,2.3,4.15,1.22,1.87,0.65,0.8,0.47,0.2,,,,,,,,,,,
M3,M320,ACACBR,3.9,11.94,1.43,2.8,1.37,1.68,2.21,2.02,,,,,,,,,,,
M3,M320,ACACBR,2.3,4.15,1.32,2.52,1.2,1.2,1.13,0.9,,,,,,,,,,,
M3,M320,ACACBR,2.6,5.31,1.53,2.5,0.97,1.06,0.88,0.57,,,,,,,,,,,
M3,M320,ACACBR,1.9,2.83,1.92,2.62,0.7,0.6,0.27,0.13,,,,,,,,,,,
M3,M320,ACACBR,2.3,4.15,1.55,3.88,2.33,1.53,1.52,2.36,,,,,,,,,,,
M3,M320,ACACBR,2,3.14,1.55,2.62,1.07,2.11,3.39,2.42,,,,,,,,,,,
M3,M320,ACACBR,1.9,2.83,1.16,2.18,1.02,1.1,0.94,0.64,,,,,,,,,,,
M3,M320,ACACBR,2,3.14,1.72,2.92,1.2,1.35,1.43,1.14,,,,,,,,,,,
M3,M320,ACACBR,1.4,1.54,1,1.32,0.32,0.3,0.06,0.01,,,,,,,,,,,
M3,M320,ACACBR,1.9,2.83,1,1.72,0.72,0.65,0.31,0.15,,,,,,,,,,,
M3,M320,ACACBR,2.8,6.15,1.43,2.64,1.21,1.09,0.92,0.74,,,,,,,,,,,
M3,M320,ACACBR,2.3,4.15,1.38,1.69,0.31,1.2,1.1,0.23,,,,,,,,,,,
M3,M320,ACACBR,1.7,2.27,1,1.79,0.79,0.9,0.6,0.32,,,,,,,,,,,
M3,M320,ACACBR,1.5,1.77,0.96,2.02,1.06,0.55,0.24,0.17,,,,,,,,,,,
M3,M321,ACACBR,2,3.14,0.6,1.16,0.56,0.27,0.06,0.02,,,,,,,,,,,
M3,M321,ACACBR,2.1,3.46,0.64,1.19,0.55,0.8,0.43,0.16,,,,,,,,,,,
M3,M321,ACACBR,1.3,1.33,0.97,1.17,0.2,0.54,0.21,0.03,,,,,,,,,,,
M3,M321,ACACME,5.5,23.75,0.98,2.07,1.09,2.66,5.52,4.01,,,,,,,,,,,
M3,M321,ACACME,8.2,52.78,1.32,3.61,2.29,2.67,5.58,8.51,,,,,,,,,,,
M3,M321,ACACBR,2.2,3.80,0.88,1.5,0.62,1.01,0.61,0.25,,,,,,,,,,,
M3,M321,ACACBR,3.2,8.04,0.82,1.62,0.8,0.75,0.44,0.23,,,,,,,,,,,
M3,M321,ACACBR,1,0.79,0.4,0.85,0.45,0.54,0.22,0.07,,,,,,,,,,,
M3,M321,ACACBR,3.5,9.62,1,2.27,1.27,1.42,1.49,1.26,,,,,,,,,,,
M3,M321,ACACBR,2.4,4.52,1.09,2.95,1.86,0.45,0,0,,,,,,,,,,,
M3,M321,ACACBR,2.6,5.31,1.18,2.64,1.46,1.05,0.86,0.84,,,,,,,,,,,
M3,M321,ACACBR,2.6,5.31,1.43,2.29,0.86,0.95,0.69,0.4,,,,,,,,,,,
M3,M321,ACACBR,2.3,4.15,1.1,1.98,0.88,1.19,1.05,0.61,,,,,,,,,,,
M3,M321,ACACBR,2.4,4.52,1.55,2.11,0.56,1.04,0.7,0.26,,,,,,,,,,,
M3,M321,ACACBR,2.9,6.60,1.2,2.73,1.53,2.1,3.39,3.46,,,,,,,,,,,
M3,M321,ACACBR,1.9,2.83,0.97,1.46,0.49,0.52,0.17,0.06,,,,,,,,,,,
M3,M321,ACACBR,2.5,4.91,0.8,2.03,1.23,1.1,0.94,0.77,,,,,,,,,,,
M3,M321,ACACBR,1.9,2.83,1.3,1.98,0.68,0.9,0.63,0.28,,,,,,,,,,,
M3,M321,ACACBR,1.2,1.13,0.81,1.53,0.72,0.75,0.44,0.21,,,,,,,,,,,
M3,M321,ACACBR,2.8,6.15,0.77,1.41,0.64,0.5,0.19,0.08,,,,,,,,,,,
M3,M321,ACACBR,1.7,2.27,0.79,1.11,0.32,3.25,7.85,1.67,,,,,,,,,,,
M3,M321,ACACBR,2.3,4.15,0.6,1.21,0.61,5.65,24.73,10.06,,,,,,,,,,,
M3,M321,ACACBR,1.5,1.77,0.8,1.2,0.4,0.38,0.11,0.03,,,,,,,,,,,
M3,M321,ACACET,7.2,40.69,1.11,4.3,3.19,2.43,4.64,9.86,,,,,,,,,,,
M3,M321,ACACME,12.5,122.66,1,2.57,1.57,2.51,4.77,4.99,,,,,,,,,,,
M3,M321,ACACME,2.1,3.46,0.7,2.31,1.61,2,2.36,2.53,,,,,,,,,,,
M3,M321,ACACBR,1.3,1.33,1.2,1.63,0.43,0.63,0.14,0.04,,,,,,,,,,,
M3,M321,ACACBR,2.5,4.91,0.89,1.17,0.28,2.35,4.24,0.79,,,,,,,,,,,
M3,M321,ACACBR,1.4,1.54,2,8.4,6.4,1,0.79,3.35,,,,,,,,,,,
M3,M321,ACACBR,2.3,4.15,1.4,2,0.6,2,3.14,1.26,,,,,,,,,,,
M3,M321,ACACBR,3.3,8.55,1.4,2,0.6,2,3.14,1.26,,,,,,,,,,,
M3,M321,ACACBR,2.2,3.80,0.5,2.05,1.55,1.48,1.62,1.68,,,,,,,,,,,
M3,M321,ACACBR,3.1,7.54,0.55,1.9,1.35,1.35,1.41,1.27,,,,,,,,,,,
M3,M321,ACACBR,2.8,6.15,0.6,2.1,1.5,1.85,2.59,2.59,,,,,,,,,,,
M3,M321,ACACBR,2.5,4.91,0.45,1.59,1.14,0.98,0.73,0.56,,,,,,,,,,,
M3,M321,ACACBR,2.2,3.80,0.35,1.1,0.75,0.75,0.37,0.19,,,,,,,,,,,
M3,M321,ACACET,5.3,22.05,0.7,1.9,1.2,2.21,3.81,3.04,,,,,,,,,,,
M3,M321,ACACBR,1.5,1.77,0.5,1.2,0.7,0.65,0.33,0.15,,,,,,,,,,,
M3,M321,ACACBR,2.7,5.72,0.6,1.67,1.07,1.5,1.75,1.25,,,,,,,,,,,
M3,M321,ACACBR,3,7.07,0.8,2.23,1.43,1.45,1.52,1.45,,,,,,,,,,,
M3,M321,ACACBR,2.8,6.15,0.85,3.59,2.74,2.58,5,9.14,,,,,,,,,,,
M3,M321,ACACME,4.1,13.20,0.6,1.73,1.13,1.25,1.21,0.91,,,,,,,,,,,
M3,M321,ACACBR,2.8,6.15,0.6,1.79,1.19,0.78,0.47,0.37,,,,,,,,,,,
M3,M322,ACACBR,2.3,4.15,1,2,1,1.38,1.34,0.89,,,,,,,,,,,
M3,M322,ACACBR,7.5,44.16,0.7,1.95,1.25,1.45,1.64,1.36,,,,,,,,,,,
M3,M322,ACACBR,2.9,6.60,0.9,2.65,1.75,1.63,2.08,2.43,,,,,,,,,,,
M3,M322,ACACME,5.5,23.75,0.7,3.16,2.46,2.45,4.38,7.18,,,,,,,,,,,
M3,M322,ACACME,7.1,39.57,0.65,1.75,1.1,1.34,1.4,1.03,,,,,,,,,,,
M3,M322,ACACBR,2.5,4.91,0.95,1.35,0.4,1,0.75,0.2,,,,,,,,,,,
M3,M322,ACACME,8.4,55.39,0.8,1.32,0.52,1.51,1.76,0.61,,,,,,,,,,,
M3,M322,ACACME,7.1,39.57,1.1,3.1,2,2.69,5.68,7.57,,,,,,,,,,,
M3,M322,ACACME,3.4,9.07,0.7,1.48,0.78,0.93,0.67,0.35,,,,,,,,,,,
M3,M322,ACACBR,2.6,5.31,0.8,3.15,2.35,1.95,2.98,4.67,,,,,,,,,,,
M3,M322,ACACBR,2.1,3.46,0.8,3.18,2.38,1.03,0.82,1.3,,,,,,,,,,,
M3,M322,ACACBR,4.5,15.90,0.7,1.83,1.13,2.16,3.62,2.72,,,,,,,,,,,
M3,M322,ACACBR,1.6,2.01,0.85,2,1.15,0.45,0.16,0.12,,,,,,,,,,,
M3,M322,ACACBR,1.2,1.13,0.5,1,0.5,1.08,0.65,0.22,,,,,,,,,,,
M3,M322,ACACME,3,7.07,0.85,2.62,1.77,1,0.75,0.89,,,,,,,,,,,
M3,M322,ACACBR,1.9,2.83,0.3,0.65,0.35,0.25,0.03,0.01,,,,,,,,,,,
M3,M322,ACACME,8.2,52.78,1,5.4,4.4,3.32,8.63,25.31,,,,,,,,,,,
M3,M322,ACACME,2.7,5.72,0.9,2.05,1.15,1.83,2.47,1.9,,,,,,,,,,,
M3,M322,ACACBR,1.6,2.01,0.7,1.65,0.95,2.2,2.03,1.29,,,,,,,,,,,
M3,M322,ACACME,7.6,45.34,0.9,4.85,3.95,3.92,11.76,30.98,,,,,,,,,,,
M3,M322,ACACME,4.8,18.09,0.6,2.68,2.08,1.61,1.07,1.48,,,,,,,,,,,
M3,M322,ACACME,5.5,23.75,1.48,3.18,1.7,1.5,1.76,1.99,,,,,,,,,,,
M3,M322,ACACME,2.5,4.91,0.9,1.75,0.85,1.18,1.06,0.6,,,,,,,,,,,
M3,M322,ACACME,7.3,41.83,1.99,4.82,2.83,2.19,3.38,6.38,,,,,,,,,,,
M3,M322,ACACME,10.4,84.91,1,4.57,3.57,3.56,9.83,23.39,,,,,,,,,,,
M3,M322,ACACME,6.2,30.18,0.85,3.6,2.75,2.38,4.4,8.07,,,,,,,,,,,
M3,M322,ACACET,2.7,5.72,0.75,2.1,1.35,1.39,1.5,1.35,,,,,,,,,,,
M3,M322,ACACME,1.6,2.01,2.43,3.45,1.02,0.88,0.59,0.4,,,,,,,,,,,
M3,M322,ACACME,8.5,56.72,1.1,4.6,3.5,4.56,15.93,37.17,,,,,,,,,,,
M3,M322,ACACBR,2.5,4.91,0.8,2.37,1.57,1.67,2.17,2.27,,,,,,,,,,,
M3,M322,ACACBR,2.3,4.15,0.9,2.32,1.42,1,0.75,0.71,,,,,,,,,,,
M3,M322,ACACME,6.7,35.24,1.1,2.5,1.4,4.25,13.98,13.05,,,,,,,,,,,
M3,M322,ACACBR,2.3,4.15,0.8,3.88,3.08,1.15,0.94,1.93,,,,,,,,,,,
M3,M322,ACACBR,3,7.07,0.8,2.37,1.57,1.73,2.19,2.3,,,,,,,,,,,
M3,M322,ACACME,14.5,165.05,0.9,4.35,3.45,6.37,30.7,70.61,,,,,,,,,,,
M3,M322,ACACBR,3.1,7.54,0.7,1.9,1.2,2.61,5.26,4.21,,,,,,,,,,,
M3,M322,ACACBR,3,7.07,0.7,1.7,1,0.53,0.22,0.14,,,,,,,,,,,
M3,M322,ACACBR,2.3,4.15,0.9,1.55,0.65,0.73,0.41,0.18,,,,,,,,,,,
M3,M322,ACACBR,2.6,5.31,0.6,2.18,1.58,1.32,1.35,1.42,,,,,,,,,,,
M3,M322,ACACME,12.5,122.66,0.8,3,2.2,3.56,9.78,14.34,,,,,,,,,,,
M3,M322,ACACET,4.3,14.51,0.8,1.2,0.4,1.05,0.86,0.23,,,,,,,,,,,
M3,M323,ACACME,5,19.63,0.7,1.78,1.08,0.75,0.42,0.31,,,,,,,,,,,
M3,M323,ACACME,3.4,9.07,1.48,2.66,1.18,1.15,0.94,0.74,,,,,,,,,,,
M3,M323,ACACBR,1.3,1.33,0.75,0.9,0.15,0.35,0.09,0.01,,,,,,,,,,,
M3,M323,ACACME,6.6,34.19,1.29,3.64,2.35,2.1,3.34,5.23,,,,,,,,,,,
M3,M323,ACACME,9.6,72.35,1,4.18,3.18,5.1,19.09,40.47,,,,,,,,,,,
M3,M323,ACACME,6.4,32.15,1.43,2.67,1.24,2.85,6.33,5.23,,,,,,,,,,,
M3,M323,ACACET,2.3,4.15,1.16,2.37,1.21,1.75,1.96,1.58,,,,,,,,,,,
M3,M323,ACACME,4.2,13.85,1.38,2.1,0.72,1.4,1.47,0.7,,,,,,,,,,,
M3,M323,ACACBR,2.5,4.91,0.96,2.37,1.41,2.15,3.61,3.39,,,,,,,,,,,
M3,M323,ACACBR,3.1,7.54,0.73,2.23,1.5,2.43,4.57,4.57,,,,,,,,,,,
M3,M323,ACACBR,1.8,2.54,0.74,1.42,0.68,0.61,0.29,0.13,,,,,,,,,,,
M3,M323,ACACBR,2,3.14,0.8,2.23,1.43,1.6,2,1.91,,,,,,,,,,,
M3,M323,ACACET,11.1,96.72,0.9,3.4,2.5,3.75,10.99,18.32,,,,,,,,,,,
M3,M323,ACACBR,1.5,1.77,0.4,1.05,0.65,0.8,0.49,0.21,,,,,,,,,,,
M3,M323,ACACBR,1.1,0.95,0.46,1.14,0.68,0.6,0.27,0.12,,,,,,,,,,,
M3,M323,ACACBR,3.6,10.17,0.78,2.49,1.71,1.6,2,2.28,,,,,,,,,,,
M3,M323,ACACET,6.1,29.21,0.83,3.18,2.35,2.2,3.77,5.9,,,,,,,,,,,
M3,M323,ACACBR,2.5,4.91,1.45,3.48,2.03,1.4,1.54,2.08,,,,,,,,,,,
M3,M323,ACACET,5.5,23.75,1.41,3.53,2.12,1.95,2.97,4.19,,,,,,,,,,,
M3,M323,ACACET,9.4,69.36,1.1,3.46,2.36,3.2,7.97,12.54,,,,,,,,,,,
M3,M323,ACACET,4.1,13.20,1.38,2.67,1.29,1.25,1.22,1.05,,,,,,,,,,,
M3,M323,ACACBR,1.8,2.54,0.7,1.92,1.22,0.53,0.22,0.18,,,,,,,,,,,
M3,M323,ACACET,9,63.59,1.13,2.91,1.78,2.05,3.28,3.89,,,,,,,,,,,
M3,M323,ACACET,6.4,32.15,1.03,3.18,2.15,2,3.07,4.4,,,,,,,,,,,
M3,M323,ACACBR,2.8,6.15,0.88,1.66,0.78,0.89,0.61,0.32,,,,,,,,,,,
M3,M323,ACACBR,2.1,3.46,0.68,0.91,0.23,0.4,0.12,0.02,,,,,,,,,,,
M3,M323,ACACBR,2,3.14,0.5,0.97,0.47,0.37,0.1,0.03,,,,,,,,,,,
M3,M323,ACACBR,1.9,2.83,0.68,1.2,0.52,0.67,0.35,0.12,,,,,,,,,,,
M3,M323,ACACET,7.6,45.34,1.2,2.84,1.64,2.54,4.87,5.33,,,,,,,,,,,
M3,M323,ACACME,5,19.63,0.8,1.46,0.66,1.17,0.96,0.42,,,,,,,,,,,
M3,M323,ACACET,17.8,248.72,2.43,4.42,1.99,4.46,15.58,20.67,,,,,,,,,,,
M3,M323,ACACBR,2.8,6.15,0.97,2.11,1.14,1.87,2.72,2.07,,,,,,,,,,,
M3,M323,ACACBR,2.2,3.80,0.6,1.8,1.2,0.7,0.38,0.3,,,,,,,,,,,
M3,M323,ACACBR,2.2,3.80,0.79,1.74,0.95,0.98,0.75,0.47,,,,,,,,,,,
M3,M323,ACACME,11.7,107.46,1,5.31,4.31,5.55,22.9,65.8,,,,,,,,,,,
M3,M323,ACACME,5.6,24.62,1,5.31,4.31,5.55,22.9,65.8,,,,,,,,,,,
M3,M323,ACACBR,2.6,5.31,0.82,3.08,2.26,1.24,1.18,1.78,,,,,,,,,,,
M3,M323,ACACME,5.6,24.62,1.07,3.33,2.26,2.39,4.03,6.07,,,,,,,,,,,
M3,M323,ACACBR,2.2,3.80,0.9,2.48,1.58,1.39,1.48,1.56,,,,,,,,,,,
M3,M323,ACACBR,1.8,2.54,0.8,1.95,1.15,0.85,0.56,0.43,,,,,,,,,,,
M3,M323,ACACBR,2.1,3.46,1,2.19,1.19,0.74,0.42,0.33,,,,,,,,,,,
M3,M323,ACACBR,3.2,8.04,0.9,2.74,1.84,1.07,0.89,1.09,,,,,,,,,,,
M3,M323,ACACBR,1.5,1.77,0.9,1.29,0.39,0.16,0.02,0.01,,,,,,,,,,,
M3,M323,ACACBR,1.9,2.83,1.2,2.8,1.6,0.94,0.68,0.72,,,,,,,,,,,
M3,M323,ACACBR,4.4,15.20,0.87,3.21,2.34,1.96,3,4.68,,,,,,,,,,,
M3,M323,ACACBR,1.7,2.27,1,1.2,0.2,0.29,0.07,0.01,,,,,,,,,,,
M3,M323,ACACME,2.6,5.31,0.49,1.94,1.45,0.84,0.55,0.53,,,,,,,,,,,
M3,M323,ACACME,12.4,120.70,1,4.02,3.02,4.39,15.08,30.37,,,,,,,,,,,
M3,M324,ACACBR,3.2,8.04,1.05,4.55,3.5,2.28,3.59,8.38,,,,,,,,,,,
M3,M324,ACACME,24.6,475.05,1.75,4.6,2.85,5.3,21.93,41.66,,,,,,,,,,,
M3,M324,ACACET,10.1,80.08,0.8,2.45,1.65,1.89,2.78,3.06,,,,,,,,,,,
M3,M324,ACACME,15.1,178.99,0.9,2.28,1.38,3.41,9.07,8.34,,,,,,,,,,,
M3,M324,ACACET,8.6,58.06,1.1,3.15,2.05,2.3,4.01,5.48,,,,,,,,,,,
M3,M324,ACACET,1.8,2.54,0.45,0.7,0.25,0.83,0.53,0.09,,,,,,,,,,,
M3,M324,ACACET,7.7,46.54,1.94,3.78,1.84,2.08,3.37,4.13,,,,,,,,,,,
M3,M324,ACACME,14.5,165.05,0.8,3.6,2.8,3.11,7.56,14.11,,,,,,,,,,,
M3,M324,ACACET,4.5,15.90,1.6,2.34,0.74,1.39,1.49,0.73,,,,,,,,,,,
M3,M324,ACACET,4.2,13.85,1.67,2.1,0.43,1,0.75,0.22,,,,,,,,,,,
M3,M324,ACACET,5.7,25.50,1.05,2.07,1.02,1.6,1.8,1.23,,,,,,,,,,,
M3,M324,ACACET,4,12.56,0.6,1.91,1.31,1,0.78,0.68,,,,,,,,,,,
M3,M324,ACACET,4.7,17.34,0.7,1.8,1.1,1.51,1.76,1.29,,,,,,,,,,,
M3,M324,ACACET,2.9,6.60,0.6,1.35,0.75,0.75,0.44,0.22,,,,,,,,,,,
M3,M324,ACACET,2.2,3.80,1,1.2,0.2,0.35,0.08,0.01,,,,,,,,,,,
M3,M324,ACACET,5.8,26.41,1,2.68,1.68,1.57,1.92,2.15,,,,,,,,,,,
M3,M324,ACACME,10.1,80.08,0.9,2.05,1.15,1.51,1.77,1.36,,,,,,,,,,,
M3,M324,ACACET,27.6,597.98,1.65,4.74,3.09,5.4,22.61,46.57,,,,,,,,,,,
M3,M324,ACACET,6.8,36.30,1,2.45,1.45,1.84,2.35,2.27,,,,,,,,,,,
M3,M324,ACACET,2.7,5.72,0.55,0.7,0.15,0.8,0.49,0.05,,,,,,,,,,,
M3,M324,ACACET,3.5,9.62,0.75,0.77,0.02,1.15,1.04,0.01,,,,,,,,,,,
M3,M324,ACACET,4.6,16.61,0.9,2.45,1.55,1.47,1.63,1.68,,,,,,,,,,,
M3,M324,ACACET,1.6,2.01,0.8,1.45,0.65,0.75,0.42,0.18,,,,,,,,,,,
M3,M324,ACACME,7.4,42.99,1,1.95,0.95,2.18,3.63,2.3,,,,,,,,,,,
M3,M324,ACACET,3,7.07,0.95,1.93,0.98,0.7,0.37,0.24,,,,,,,,,,,
M3,M324,ACACET,5.9,27.33,0.65,2.19,1.54,1.84,2.65,2.73,,,,,,,,,,,
M3,M324,ACACET,15.6,191.04,1.1,2.93,1.83,2.28,4.06,4.95,,,,,,,,,,,
M3,M324,ACACET,5.8,26.41,1.1,1.8,0.7,0.9,0.64,0.3,,,,,,,,,,,
M3,M324,ACACET,12,113.04,1.55,3.08,1.53,2.6,5.28,5.38,,,,,,,,,,,
M3,M324,ACACET,16.4,211.13,1.1,2.88,1.78,2.35,4.29,5.09,,,,,,,,,,,
M3,M324,ACACET,7.4,42.99,0.9,2.15,1.25,1.53,1.81,1.51,,,,,,,,,,,
M3,M324,ACACET,17.3,234.94,1.1,3.4,2.3,3.55,9.89,15.17,,,,,,,,,,,
M3,M324,ACACET,12.7,126.61,2.07,3.95,1.88,2.51,4.87,6.1,,,,,,,,,,,
M3,M324,ACACME,5.3,22.05,0.7,1.3,0.6,0.85,0.57,0.23,,,,,,,,,,,
M3,M324,ACACET,1.4,1.54,0.65,0.85,0.2,0.5,0.07,0.01,,,,,,,,,,,
M3,M324,ACACET,12.2,116.84,1.2,2.88,1.68,1.58,1.95,2.19,,,,,,,,,,,
M3,M324,ACACET,4.5,15.90,0.35,1.1,0.75,1.35,1.43,0.71,,,,,,,,,,,
M3,M324,ACACME,15,176.63,1.5,3.3,1.8,3.61,9.86,11.83,,,,,,,,,,,
M3,M324,ACACET,17.7,245.93,1.7,3.3,1.6,1.68,2.16,2.31,,,,,,,,,,,
M3,M324,ACACET,6.2,30.18,1.1,2.4,1.3,2.89,6.55,5.68,,,,,,,,,,,
M3,M324,ACACET,7.3,41.83,0.8,2.77,1.97,1.58,1.91,2.51,,,,,,,,,,,
M3,M324,ACACME,12.1,114.93,1.3,3.35,2.05,1.85,2.66,3.63,,,,,,,,,,,
M3,M324,ACACET,18.6,271.58,1.53,3.38,1.85,2.72,5.81,7.16,,,,,,,,,,,
M3,M324,ACACET,1.8,2.54,0.9,2.23,1.33,0.8,0.49,0.44,,,,,,,,,,,
M3,M324,ACACET,16.8,221.56,1,2.78,1.78,3.43,9.21,10.93,,,,,,,,,,,
M3,M324,ACACET,12.2,116.84,0.7,2.53,1.83,2.33,4.24,5.17,,,,,,,,,,,
M3,M324,ACACET,3.2,8.04,0.9,1.93,1.03,0.85,0.57,0.39,,,,,,,,,,,
M3,M324,ACACBR,3.7,10.75,0.8,2.09,1.29,1.05,0.85,0.73,,,,,,,,,,,
M3,M324,ACACET,6.1,29.21,0.85,2.33,1.48,2.03,3.18,3.14,,,,,,,,,,,
M3,M324,ACACET,14.6,167.33,2.1,5.31,3.21,3.25,8.13,17.4,,,,,,,,,,,
M3,M325,ACACET,11,94.99,2,3.66,1.66,3.34,8.7,9.63,,,,,,,,,,,
M3,M325,ACACET,2.1,3.46,0.4,0.9,0.5,0.68,0.35,0.12,,,,,,,,,,,
M3,M325,ACACET,7.5,44.16,0.8,2.2,1.4,1.92,2.88,2.68,,,,,,,,,,,
M3,M325,ACACET,3.9,11.94,1,2.43,1.43,2.04,3.22,3.07,,,,,,,,,,,
M3,M325,ACACET,8.2,52.78,0.85,2.8,1.95,2.75,5.89,7.65,,,,,,,,,,,
M3,M325,ACACET,21,346.19,1.2,3.72,2.52,3.47,9.4,15.78,,,,,,,,,,,
M3,M325,ACACET,12,113.04,1.2,3.98,2.78,3.8,11.19,20.74,,,,,,,,,,,
M3,M325,ACACET,17.6,243.16,1.2,4.23,3.03,4.02,12.58,25.42,,,,,,,,,,,
M3,M325,ACACET,13.7,147.34,1.25,4.3,3.05,3.99,12.42,25.25,,,,,,,,,,,
M3,M325,ACACBR,3.8,11.34,0.7,1.66,0.96,1.15,1.02,0.65,,,,,,,,,,,
M3,M325,ACACET,20,314.00,1.6,4,2.4,3.16,7.82,12.51,,,,,,,,,,,
M3,M325,ACACBR,4.6,16.61,0.7,1.64,0.94,1.05,0.85,0.53,,,,,,,,,,,
M3,M325,ACACET,4.3,14.51,0.7,1.1,0.4,0.68,0.35,0.09,,,,,,,,,,,
M3,M325,ACACET,4.7,17.34,1,2.2,1.2,1.72,2.32,1.85,,,,,,,,,,,
M3,M325,ACACET,21.9,376.49,0.45,0.85,0.4,4.8,18.02,4.8,,,,,,,,,,,
M3,M325,ACACET,1.7,2.27,0.4,0.8,0.4,0.8,0.47,0.13,,,,,,,,,,,
M3,M325,ACACME,11.9,111.16,0.8,2,1.2,2.05,3.27,2.61,,,,,,,,,,,
M3,M325,ACACET,10.9,93.27,0.9,3.6,2.7,2.99,7.02,12.63,,,,,,,,,,,
M3,M325,ACACET,14,153.86,1.5,3.33,1.83,4.23,13.51,16.48,,,,,,,,,,,
M3,M325,ACACET,9.6,72.35,0.6,3.97,3.37,2.9,5.79,13,,,,,,,,,,,
M3,M325,ACACET,12.8,128.61,0.9,3.17,2.27,2.64,5.43,8.22,,,,,,,,,,,
M3,M325,ACACET,32.9,849.69,1.57,4.59,3.02,3.5,8.45,17.01,,,,,,,,,,,
M3,M325,ACACBR,1.9,2.83,0.5,1,0.5,0.45,0.16,0.05,,,,,,,,,,,
M3,M326,ACACET,21.1,349.49,1.1,3.27,2.17,3.4,9.07,13.13,,,,,,,,,,,
M3,M326,ACACET,6.7,35.24,0.7,1.82,1.12,2.5,4.78,3.57,,,,,,,,,,,
M3,M326,ACACET,27,572.27,1.2,3.73,2.53,4.2,13.78,23.24,,,,,,,,,,,
M3,M326,ACACET,23.5,433.52,1.1,2.88,1.78,3.4,8.88,10.54,,,,,,,,,,,
M3,M326,ACACET,10.8,91.56,1.1,3.48,2.38,3.35,8.81,13.97,,,,,,,,,,,
M3,M326,ACACET,8.5,56.72,0.9,1.89,0.99,2.11,3.48,2.3,,,,,,,,,,,
M3,M326,ACACET,3.8,11.34,0.8,2.58,1.78,1.85,2.68,3.19,,,,,,,,,,,
M3,M326,ACACME,11,94.99,1.2,2.57,1.37,2.85,6.36,5.81,,,,,,,,,,,
M3,M326,ACACET,14.3,160.52,1.1,2.16,1.06,1.85,2.64,1.86,,,,,,,,,,,
M3,M326,ACACME,7.3,41.83,0.9,2.79,1.89,2.4,4.45,5.61,,,,,,,,,,,
M3,M326,ACACET,5.7,25.50,1,2.49,1.49,2.85,5.81,5.77,,,,,,,,,,,
M3,M326,ACACET,5.4,22.89,1,1.87,0.87,2.7,5.44,3.16,,,,,,,,,,,
M3,M326,ACACET,8.4,55.39,0.7,3.08,2.38,2.35,4.24,6.73,,,,,,,,,,,
M3,M326,ACACET,7.3,41.83,0.8,2.05,1.25,2.05,3.14,2.62,,,,,,,,,,,
M3,M326,ACACET,6.2,30.18,0.8,1.63,0.83,1.75,2.17,1.2,,,,,,,,,,,
M3,M326,ACACET,6.6,34.19,1.25,1.44,0.19,0.85,0.57,0.07,,,,,,,,,,,
M3,M326,ACACET,19.7,304.65,1.85,4.29,2.44,3.05,6.74,10.96,,,,,,,,,,,
M3,M326,ACACET,19.5,298.50,0.7,1.45,0.75,3.05,6.74,3.37,,,,,,,,,,,
M3,M326,ACACET,12.8,128.61,3.03,3.39,0.36,4.15,13.42,3.22,,,,,,,,,,,
M3,M327,ACACME,27.4,589.35,1.51,4.19,2.68,5.8,26.4,47.17,,,,,,,,,,,
M3,M327,ACACME,13.5,143.07,1.2,2.9,1.7,3.3,8.54,9.68,,,,,,,,,,,
M3,M327,ACACBR,3.9,11.94,0.5,0.87,0.37,0.39,0.11,0.03,,,,,,,,,,,
M3,M327,ACACET,6.6,34.19,1,1.85,0.85,2.77,5.98,3.39,,,,,,,,,,,
M3,M327,ACACME,11.6,105.63,1,2.64,1.64,3.52,9.55,10.44,,,,,,,,,,,
M3,M327,ACACME,10.3,83.28,1,2.64,1.64,3.52,9.55,10.44,,,,,,,,,,,
M3,M327,ACACME,4.5,15.90,0.26,1.1,0.84,1.57,1.82,1.02,,,,,,,,,,,
M3,M327,ACACME,8.4,55.39,0.9,1.92,1.02,3.35,8.79,5.98,,,,,,,,,,,
M3,M328,ACACME,16.8,221.56,1.15,4.23,3.08,6.6,34.19,70.2,,,,,,,,,,,
M3,M328,ACACME,5.5,23.75,1,4.41,3.41,1.91,2.8,6.36,,,,,,,,,,,
M3,M328,ACACME,6.9,37.37,1,4.29,3.29,4.1,13.18,28.9,,,,,,,,,,,
M3,M328,ACACET,8.5,56.72,0.7,2.85,2.15,2.9,6.58,9.44,,,,,,,,,,,
M3,M328,ACACME,9.7,73.86,0.8,2.56,1.76,2.58,5.06,5.94,,,,,,,,,,,
M3,M328,ACACME,6,28.26,0.7,2.15,1.45,1.86,2.66,2.57,,,,,,,,,,,
M3,M328,ACACME,1.6,2.01,0.8,1.55,0.75,0.8,0.49,0.25,,,,,,,,,,,
M3,M328,ACACME,3.5,9.62,0.5,1.8,1.3,2.49,4.86,4.22,,,,,,,,,,,
M3,M328,ACACME,1.2,1.13,0.5,2.23,1.73,1.46,1.33,1.54,,,,,,,,,,,
M3,M328,ACACME,5.1,20.42,0.8,2.73,1.93,2.62,5.18,6.66,,,,,,,,,,,
M3,M328,ACACME,2.5,4.91,1.35,2.69,1.34,1.84,2.66,2.37,,,,,,,,,,,
M3,M328,ACACET,4.5,15.90,0.9,2.55,1.65,1.71,2.3,2.52,,,,,,,,,,,
M3,M328,ACACME,3.3,8.55,1.05,2.35,1.3,1.66,2.16,1.87,,,,,,,,,,,
M3,M328,ACACME,3.5,9.62,0.65,2.02,1.37,3.05,7.26,6.63,,,,,,,,,,,
M3,M328,ACACME,2,3.14,0.6,1.5,0.9,1.22,1.09,0.65,,,,,,,,,,,
M3,M328,ACACME,12.9,130.63,0.7,4.16,3.46,6.6,34,78.42,,,,,,,,,,,
M3,M328,ACACET,8.6,58.06,1,3.5,2.5,2.43,4.57,7.62,,,,,,,,,,,
M3,M329,ACACME,18,254.34,1,3.14,2.14,2.99,7.02,10.01,,,,,,,,,,,
M3,M329,ACACME,11.5,103.82,1.2,4.72,3.52,4.42,15.25,35.79,,,,,,,,,,,
M3,M329,ACACME,7.8,47.76,1.4,2.43,1.03,2.96,6.86,4.71,,,,,,,,,,,
M3,M329,ACACME,6.5,33.17,1.2,3.15,1.95,3.65,10.13,13.16,,,,,,,,,,,
M3,M329,ACACET,7.8,47.76,1.6,3.8,2.2,3.32,8.65,12.68,,,,,,,,,,,
M3,M330,ACACME,12,113.04,1.1,1.4,0.3,2.85,6.31,1.26,,,,,,,,,,,
M3,M330,ACACME,6.1,29.21,0.8,2.99,2.19,2.05,3.3,4.81,,,,,,,,,,,
M3,M330,ACACET,16.3,208.57,0.9,3.59,2.69,3.52,9.29,16.65,,,,,,,,,,,
M3,M330,ACACME,5,19.63,0.9,2.22,1.32,2.18,3.71,3.26,,,,,,,,,,,
M3,M330,ACACET,10.5,86.55,0.9,2.96,2.06,2.72,5.66,7.78,,,,,,,,,,,
M3,M330,ACACET,8.4,55.39,0.8,2.31,1.51,2.58,5.19,5.23,,,,,,,,,,,
M3,M330,ACACME,9.8,75.39,1.1,3.92,2.82,3.66,10.3,19.37,,,,,,,,,,,
M3,M330,ACACME,8.9,62.18,0.92,3.62,2.7,3.81,11.34,20.41,,,,,,,,,,,
M3,M330,ACACME,6.3,31.16,0.92,2.77,1.85,2.8,6.12,7.55,,,,,,,,,,,
M3,M330,ACACET,12.2,116.84,1.02,4.11,3.09,3.49,9.25,19.05,,,,,,,,,,,
M3,M330,ACACET,9.5,70.85,0.9,2.95,2.05,2.84,6.31,8.62,,,,,,,,,,,
M3,M330,ACACME,17.1,229.54,0.8,2.48,1.68,3.32,8.61,9.65,,,,,,,,,,,
M3,M330,ACACME,8.2,52.78,1,3.32,2.32,3.43,9.18,14.2,,,,,,,,,,,
M3,M330,ACACME,7.2,40.69,1,1.7,0.7,1.48,0.96,0.45,,,,,,,,,,,
M3,M330,ACACME,5.9,27.33,0.8,2.38,1.58,3.18,7.2,7.58,,,,,,,,,,,
M3,M331,ACACET,14.3,160.52,0.8,3.18,2.38,3.47,9.42,14.95,,,,,,,,,,,
M3,M331,ACACET,6.4,32.15,0.9,2.41,1.51,2.61,5.21,5.25,,,,,,,,,,,
M3,M331,ACACET,4.8,18.09,0.9,2.66,1.76,2.78,5.88,6.9,,,,,,,,,,,
M3,M331,ACACME,9,63.59,1.1,3.82,2.72,5.08,20.15,36.54,,,,,,,,,,,
M3,M331,ACACET,2.3,4.15,0.75,1.49,0.74,1.49,1.68,0.83,,,,,,,,,,,
M3,M331,ACACET,16.1,203.48,1.15,3.16,2.01,4.15,13.37,17.92,,,,,,,,,,,
M3,M331,ACACME,6,28.26,0.96,2.6,1.64,3.06,7.32,8,,,,,,,,,,,
M3,M331,ACACBR,1.9,2.83,1.09,1.73,0.64,0.54,0.22,0.09,,,,,,,,,,,
M3,M331,ACACET,15.2,181.37,1.45,3.36,1.91,4.7,17.31,22.04,,,,,,,,,,,
M3,M331,ACACET,8.5,56.72,1.16,3.18,2.02,2.65,5.5,7.4,,,,,,,,,,,
M3,M331,ACACET,11.1,96.72,1.3,3,1.7,3.35,8.81,9.98,,,,,,,,,,,
M3,M331,ACACME,7.7,46.54,1.46,3.34,1.88,3.5,9.61,12.04,,,,,,,,,,,
M3,M331,ACACME,11.6,105.63,0.9,2.92,2.02,3.6,10.17,13.7,,,,,,,,,,,
M3,M331,ACACME,8.8,60.79,1.08,4.5,3.42,4.22,13.92,31.73,,,,,,,,,,,
M3,M331,ACACET,5.2,21.23,0.8,2.73,1.93,1.65,2.04,2.63,,,,,,,,,,,
M3,M331,ACACME,2.9,6.60,1.06,1.72,0.66,1.7,2.27,1,,,,,,,,,,,
M3,M331,ACACME,8,50.24,0.9,2.77,1.87,3.4,9,11.22,,,,,,,,,,,
M3,M332,ACACET,12.5,122.66,1.21,4.23,3.02,3.75,11.02,22.19,,,,,,,,,,,
M3,M332,ACACBR,2.2,3.80,1.22,2.18,0.96,1.14,0.86,0.55,,,,,,,,,,,
M3,M332,ACACME,4.8,18.09,1.13,2.48,1.35,1.51,1.71,1.53,,,,,,,,,,,
M3,M332,ACACME,9.8,75.39,1.25,3.16,1.91,4.39,14.71,18.73,,,,,,,,,,,
M3,M332,ACACBR,1.7,2.27,1.25,3.27,2.02,3.65,10.22,13.76,,,,,,,,,,,
M3,M333,ACACME,6.3,31.16,0.62,1.82,1.2,1.02,0.74,0.59,,,,,,,,,,,
M3,M352,ACACBR,1.8,2.54,0.7,1.04,0.34,0.65,0.33,0.07,,,,,,,,,,,
M3,M352,ACACBR,1.9,2.83,1.04,1.78,0.74,0.5,0.19,0.09,,,,,,,,,,,
M3,M352,ACACBR,2,3.14,1,1.75,0.75,0.92,0.65,0.33,,,,,,,,,,,
M3,M352,ACACBR,1.4,1.54,0.8,6.3,5.5,0.35,0.09,0.35,,,,,,,,,,,
M3,M352,ACACBR,1.4,1.54,0.7,1.02,0.32,0.35,0.09,0.02,,,,,,,,,,,
M3,M352,ACACBR,2.1,3.46,1.2,1.5,0.3,0.5,0.2,0.04,,,,,,,,,,,
M3,M353,ACACBR,1.6,2.01,0.7,1.51,0.81,0.98,0.74,0.4,,,,,,,,,,,
M3,M353,ACACBR,1.3,1.33,0.7,1.51,0.81,0.98,0.74,0.4,,,,,,,,,,,
M3,M355,ACACME,1.9,2.83,0.5,0.8,0.3,0.95,0.71,0.14,,,,,,,,,,,
M3,M361,ACACME,7.8,47.76,1.14,2.11,0.97,3.5,9.58,6.2,,,,,,,,,,,
M3,M364,ACACME,1.5,1.77,0.3,0.7,0.4,1,0.75,0.2,,,,,,,,,,,
M3,M370,ACACME,3.1,7.54,0.9,1.1,0.2,1.66,2.11,0.28,,,,,,,,,,,
M3,M370,ACACME,2.5,4.91,0.8,1.1,0.3,0.9,0.64,0.13,,,,,,,,,,,
M3,M372,ACACME,1.2,1.13,0.4,0.7,0.3,0.7,0.38,0.08,,,,,,,,,,,
M3,M375,ACACME,3.7,10.75,0.8,1.33,0.53,2.7,5.69,2.01,,,,,,,,,,,
