No;country;study_area;Gender;Owning_garden;agricultre;common_green;Kleingarden;Visit_agriculture;Visit_opengreen;Visit_forest;Visit_water;Length_agriculture;Length_opengreen;Length_forest;Length_water;distance;transport;F6_1;F6_2;F6_3;F6_4;F6_5;F6_6;F6_7;F6_8;F6_9;F6_10;F6_11;Wolfs;Bees;herbs;trees;F8_1;F8_2;F8_3;F8_4;F8_5;F8_6;F8_7;F8_8;F8_9;F8_10;F8_11;F8_12;firewood;decoration;water;fruits_vegetables;regionality_food;Regionality_clothes;F15_1;F15_2;F15_3;F15_4;F15_5;F15_6;F15_7;F15_8;F15_9;F15_10;F15_11;F15_12;F15_13;pics_rape;pics_mosaic;pics_forest;pics_lux;pics_city;pics_mine;organisation;passive_active;birthyr;since_here;prior_region;since;kids;migration_background;where;nationality;highest_school;highest_vocation;work_nature
1;1;1;2;1;1;1;999;3;0;1;1;3;999;3;3;2;1;2;5;5;5;5;6;5;5;3;6;6;1;4;1;4;3;2;5;2;6;2;5;6;5;5;5;999;4;1;4;1;3;2;1;5;4;5;2;5;5;5;5;2;6;6;5;5;6;6;6;4;3;2;999;1951;1;999;999;2;1;     999;Magyar;4; ;2
2;1;1;2;1;1;0;999;3;999;3;0;4;999;4;999;4;3;1;6;6;6;5;6;6;6;6;6;6;1;4;1;4;6;1;6;2;6;1;6;6;4;6;6;999;4;3;4;1;3;3;1;6;6;6;1;6;6;6;6;1;6;6;6;5;6;6;6;5;1;2;999;1955;1;999;999;2;1;     999;Magyar;5; ;2
3;1;1;2;1;0;1;999;0;2;2;1;999;2;3;2;3;3;5;3;4;2;2;6;6;3;4;4;6;1;4;3;3;2;2;6;2;6;2;6;6;4;6;6;999;4;2;4;1;3;3;1;6;4;5;1;6;6;5;6;1;6;6;6;2;6;6;6;2;1;1;999;1970;1;999;999;2;1;     999;Magyar;10; ;2
4;1;1;2;1;1;1;999;3;3;3;1;4;2;3;2;3;3;1;6;6;5;4;6;6;6;6;6;6;1;4;3;3;2;3;6;4;6;1;5;6;4;5;5;999;3;2;4;1;3;0;1;6;5;6;1;6;6;6;6;1;6;6;6;5;5;6;6;2;2;1;1;1969;1;999;999;1;1;     999;Magyar;9; ;1
5;1;1;1;1;0;1;999;999;3;4;1;999;2;4;4;3;3;1;6;6;6;5;6;6;6;3;6;6;2;4;3;4;3;3;6;1;6;1;3;6;5;6;5;999;4;3;4;1;3;2;1;6;5;5;1;6;6;6;6;1;6;6;6;1;3;6;6;2;1;1;1;1979;1;999;999;1;1;     999;Magyar;9; ;1
6;1;1;2;1;1;1;999;3;3;2;3;3;3;3;2;2;2;1;6;4;5;5;6;5;6;3;6;6;1;4;1;3;4;2;6;3;5;1;5;6;2;5;5;999;3;2;4;1;3;0;1;4;4;4;2;5;6;5;5;1;6;5;6;4;4;6;6;1;3;2;999;2002;1;999;999;1;1;     999;Magyar;1;999;2
7;1;1;1;1;1;0;999;3;1;0;0;3;1;999;999;1;1;4;5;4;4;5;6;5;5;1;6;6;1;3;1;1;2;2;6;2;6;2;6;6;5;6;6;999;4;2;4;1;3;3;1;5;5;6;5;5;5;5;5;2;6;5;5;6;6;6;6;6;4;1;999;1954;1;999;999;2;1;     999;Magyar;5; ;2
8;1;1;2;1;1;1;999;2;1;1;1;3;1;3;2;3;3;2;6;6;5;6;6;6;6;3;6;6;1;4;3;1;2;2;6;2;6;2;6;6;5;6;6;999;4;0;4;1;3;1;1;5;4;6;2;6;6;5;5;2;6;6;6;6;6;6;6;3;3;2;999;1972;1;999;999;2;1;     999;Magyar;6; ;2
9;1;1;2;1;1;1;999;2;3;2;1;1;1;3;3;3;1;2;5;5;4;5;6;5;5;3;6;6;2;3;3;3;2;1;6;2;6;2;5;6;5;6;6;999;4;2;4;1;3;0;1;5;5;6;3;5;5;5;5;2;5;5;5;5;6;6;6;4;4;2;999;2002;1;999;999;2;1;     999;Magyar;2;999;2
10;1;1;2;1;1;1;999;3;1;1;1;3;1;3;3;3;3;1;6;5;6;6;6;6;6;4;6;6;1;4;3;3;3;2;5;3;6;2;5;6;5;5;5;999;4;0;4;1;3;2;1;4;4;6;2;5;5;5;5;2;6;6;6;6;6;6;6;5;4;2;999;1970;1;999;999;2;1;     999;Magyar;5; ;2
11;1;1;2;1;1;1;999;4;3;2;4;3;1;2;1;2;2;1;6;6;4;6;6;6;6;5;6;6;1;2;2;2;5;2;6;4;6;4;5;6;1;5;5;999;4;4;4;1;2;0;1;6;6;6;2;6;6;5;5;4;6;6;3;6;5;6;6;3;1;2;999;2002;1;999;999;2;1;     999;Magyar;2;999;2
12;1;1;1;1;1;1;999;4;1;1;1;2;1;4;3;3;3;1;6;6;4;6;4;6;4;1;6;6;1;4;1;4;4;2;6;6;6;1;6;6;5;6;6;999;4;1;4;1;3;1;1;5;6;5;1;6;6;4;4;1;6;5;5;6;6;6;6;4;5;2;999;1978;1;999;999;2;1;     999;Magyar;6; ;2
13;1;1;1;1;1;1;999;4;3;1;1;2;2;3;2;2;3;6;6;6;4;6;6;6;5;5;6;6;1;4;2;4;2;4;6;1;6;1;6;6;4;6;6;999;4;2;4;1;3;2;1;4;6;6;4;6;6;6;6;1;6;6;6;5;6;6;6;2;2;1;1;999;1;999;999;1;1;     999;Magyar;9; ;2
14;1;1;2;1;1;1;999;4;2;4;1;4;1;3;3;2;3;1;6;6;6;6;6;6;6;3;6;6;1;4;1;1;2;3;6;6;6;1;6;6;1;888;4;999;4;0;4;1;3;2;1;6;4;6;1;6;6;4;4;3;6;6;6;4;6;6;6;4;2;2;999;1977;1;999;999;1;1;     999;Magyar;5; ;1
15;1;1;2;1;1;1;999;1;0;1;1;999;999;3;3;3;1;1;6;6;5;6;6;6;6;5;6;6;2;4;3;4;3;2;6;2;6;2;6;6;5;5;6;999;4;2;4;1;3;3;1;5;5;5;1;6;6;5;5;2;2;6;6;5;4;6;6;2;3;2;999;1934;1;999;999;2;1;     999;Magyar;4; ;2
16;1;1;2;1;1;1;999;4;1;2;0;2;2;2;999;2;3;1;4;5;5;5;6;5;4;3;6;5;1;4;1;3;2;5;5;2;6;2;5;5;4;5;5;999;3;2;3;1;2;2;1;4;4;5;1;5;5;5;5;2;6;6;5;4;6;6;6;2;1;2;999;1972;2012;1;1972;2;1;     999;Magyar;6; ;1
17;1;1;1;1;1;1;999;4;3;1;1;4;2;1;1;4;1;1;6;6;5;6;6;6;6;4;6;6;1;4;1;4;4;2;6;1;6;1;6;6;5;6;6;999;4;2;4;1;3;3;1;6;6;4;5;6;6;6;6;2;6;6;6;6;6;6;6;4;3;2;999;1993;1;999;999;1;1;     999;Magyar;6; ;2
18;1;1;1;1;1;1;999;3;3;3;4;2;2;3;1;2;3;5;6;6;3;6;6;6;6;6;6;6;1;4;4;4;1;1;6;1;6;1;6;6;6;6;6;999;4;2;4;1;3;2;1;6;6;6;1;6;6;6;6;1;6;6;6;1;6;6;6;2;1;2;999;1981;1;999;999;1;1;     999;Magyar;6; ;2
19;1;1;1;1;1;1;999;4;4;2;4;2;1;3;2;2;3;4;6;6;4;6;6;6;6;1;6;6;2;1;2;1;2;2;6;3;6;1;6;6;5;6;6;999;4;3;4;1;3;2;1;6;6;6;2;6;6;6;6;2;6;6;6;3;6;6;6;2;1;2;999;1957;1;999;999;2;1;     999;Magyar;5; ;2
20;1;1;2;1;1;1;999;4;2;2;2;3;1;3;1;3;3;1;5;5;5;5;5;5;5;3;5;5;2;4;1;4;2;2;5;2;6;2;5;5;5;6;6;999;2;0;3;1;3;3;1;6;6;6;2;6;6;5;5;2;6;6;6;1;6;6;6;5;1;2;999;1980;1;999;999;1;1;     999;Magyar;5; ;2
21;1;1;2;1;1;1;999;3;0;1;0;3;999;3;999;2;2;2;5;5;5;5;5;5;4;1;6;6;1;4;1;4;3;3;6;3;6;3;4;6;4;5;5;999;3;0;4;1;2;0;2;4;4;5;2;5;5;4;4;2;6;5;6;4;6;5;5;4;5;2;999;1952;1;999;999;1;1;     999;Magyar;5; ;2
22;1;1;1;1;1;1;999;2;2;1;1;2;2;3;3;2;2;2;5;5;4;5;5;5;5;2;5;5;2;3;3;3;3;3;5;2;6;2;5;5;5;5;5;999;4;2;1;1;2;1;2;4;4;5;5;5;5;4;4;2;5;5;5;6;6;6;6;2;4;2;999;1984;2010;1;1984;1;1;     999;Magyar;6; ;2
23;1;1;2;1;1;1;999;3;3;4;1;3;2;4;4;4;3;1;6;6;6;6;6;6;6;6;6;6;3;4;3;4;5;1;6;1;6;1;5;6;6;6;5;999;4;3;4;1;3;2;1;6;5;5;1;6;6;6;6;1;6;6;6;1;3;6;6;2;1;1;1;1978;1;999;999;1;1;     999;Magyar;9; ;1
24;1;1;1;1;1;1;999;2;2;1;0;2;1;2;999;2;3;4;5;5;4;5;5;5;5;3;6;6;1;4;3;1;2;2;6;2;6;2;5;6;5;5;6;999;4;1;4;1;3;3;1;6;6;6;2;6;6;6;6;2;5;999;999;5;5;6;6;3;5;1;999;1942;1;999;999;2;1;     999;Magyar;3; ;2
25;1;1;1;1;1;0;999;3;0;1;0;3;999;3;999;2;1;2;5;5;5;6;6;6;4;3;6;6;1;4;4;4;3;3;6;3;6;2;5;6;2;6;6;999;4;1;4;1;3;3;1;5;5;5;4;5;5;5;5;2;6;6;5;6;6;6;6;3;3;1;999;1950;1;999;999;2;1;     999;Magyar;4; ;1
26;1;1;1;1;1;0;999;2;0;0;0;2;999;999;999;2;1;5;5;5;4;5;5;5;5;2;6;6;1;3;2;3;2;2;5;5;6;2;5;6;6;6;6;999;4;1;4;1;3;3;1;4;6;5;5;5;5;5;5;1;6;5;5;6;6;6;5;4;4;2;999;1955;1;999;999;2;1;     999;Magyar;3; ;2
27;1;1;2;1;1;0;999;3;0;1;0;3;999;3;999;3;3;1;5;5;5;5;6;5;5;3;6;6;2;4;4;4;1;1;5;3;6;2;6;6;3;6;6;999;4;0;4;1;3;3;1;5;5;5;2;5;5;5;5;1;6;6;5;6;6;6;6;2;1;2;999;1953;1;999;999;2;1;     999;Magyar;4; ;2
28;1;1;2;0;0;0;999;999;999;3;1;999;999;3;2;3;3;1;6;6;6;6;6;6;6;1;6;6;1;4;4;4;1;1;6;1;6;1;6;6;6;6;6;999;4;1;4;0;0;0;1;6;6;6;4;6;6;6;6;6;6;6;6;6;6;6;6;4;3;2;999;1971;1;999;999;1;1;     999;Roma;5; ;2
29;1;1;2;1;0;0;999;0;0;2;1;999;999;3;3;2;4;1;5;5;5;5;5;5;5;1;6;6;1;3;1;3;6;3;6;6;6;1;6;6;6;6;6;999;999;999;999;0;3;0;1;999;6;6;1;6;6;6;6;999;6;6;6;6;6;6;6;5;5;2;999;1981;1;999;999;2;1;     999;Roma;3; ;2
30;1;1;2;1;1;1;999;4;4;2;1;3;2;2;2;4;3;1;6;6;6;6;6;6;6;5;6;6;1;4;1;2;1;1;6;2;6;1;6;6;6;6;6;999;3;3;3;1;3;3;1;6;6;6;1;6;6;5;6;4;6;6;6;6;6;6;6;1;1;2;999;1994;1;999;999;2;1;     999;Magyar;6; ;1
31;1;1;2;1;0;0;999;0;1;3;0;999;2;3;999;2;2;3;4;6;6;6;6;6;6;1;6;6;3;1;1;4;6;1;6;1;6;6;6;6;1;6;6;999;4;0;4;1;2;2;1;6;6;6;6;6;6;6;6;3;6;6;6;6;6;6;6;2;6;2;999;1960;1;999;999;1;1;     999;Roma;2; ;2
32;1;1;2;0;0;1;999;0;2;1;0;999;1;2;999;2;3;3;6;6;6;6;6;6;4;4;6;6;1;3;1;4;6;4;6;1;6;1;6;6;6;6;4;999;4;0;1;2;3;1;6;6;6;1;6;6;6;6;4;6;6;6;6;6;6;6;6;6;6;2;999;1960;1;999;999;1;1;     999;Roma;2; ;2
33;1;1;2;1;0;0;999;0;0;2;0;999;999;3;999;3;999;1;6;6;6;6;6;6;6;1;6;6;1;3;1;1;5;2;5;5;6;1;6;6;6;6;6;999;4;0;4;1;3;0;1;6;6;6;1;6;6;6;6;888;6;6;6;6;6;6;6;6;4;2;999;1970;1990;1;1970;1;1;     999;Roma;3; ;2
34;1;1;1;0;0;0;999;0;0;2;0;999;999;5;999;2;999;2;6;6;6;6;6;6;6;2;6;6;1;4;4;4;6;888;6;6;6;6;6;6;6;6;6;999;4;1;4;0;0;0;1;6;6;6;2;6;6;6;6;888;6;6;6;6;6;6;6;5;4;2;999;1981;1;999;999;1;1;     999;Roma;4; ;2
35;1;1;2;1;1;1;999;2;0;1;0;3;999;3;999;2;4;1;6;6;6;6;6;6;6;1;6;6;1;3;1;3;1;1;6;6;6;1;6;6;6;6;6;999;4;0;4;1;3;0;1;6;6;6;1;6;6;6;6;6;6;6;6;6;6;6;6;1;1;2;999;1999;1;999;999;1;1;     999;Roma;4; ;2
36;1;1;2;1;1;1;999;999;0;1;0;999;999;3;999;2;1;1;6;6;6;6;6;6;6;1;6;6;1;4;4;4;6;1;6;6;6;1;6;6;4;6;6;999;3;1;3;2;1;0;1;4;6;6;6;6;6;6;6;6;6;6;6;6;6;6;5;1;1;2;999;1996;1;999;999;2;2;     999;Roma;0; ;2
37;1;1;999;1;0;1;999;999;0;1;0;999;999;2;999;2;3;3;6;6;6;6;6;6;6;1;6;6;1;2;1;4;4;1;6;1;6;1;6;6;5;6;6;999;3;1;2;1;3;3;1;6;6;6;6;6;6;6;999;888;1;1;6;6;6;4;6;2;3;2;999;1997;1;999;999;2;2;     999;Roma;3; ;2
38;1;1;2;1;0;1;999;999;0;1;0;999;1;3;999;2;1;1;6;6;6;6;6;6;6;1;6;6;1;1;1;3;6;1;6;6;6;1;6;6;1;6;6;999;4;0;4;1;3;0;1;6;6;6;1;6;6;6;6;999;6;6;6;6;6;6;6;5;6;2;999;2000;1;999;999;2;2;     999;Roma;3; ;2
39;1;1;2;1;0;1;999;999;1;1;0;999;1;3;999;2;3;4;6;6;6;6;6;6;4;1;6;6;3;3;3;3;1;1;6;1;6;1;6;6;4;6;6;999;4;1;4;0;3;0;1;6;6;6;6;6;6;6;6;888;6;6;6;6;6;6;6;3;6;2;999;1972;1;999;999;1;1;     999;Roma;4; ;2
40;1;1;1;1;0;0;999;999;999;1;0;999;999;3;999;2;3;5;4;6;4;6;6;6;4;1;6;6;1;3;1;3;1;1;6;1;6;1;6;6;6;6;6;999;4;1;4;0;3;3;1;6;6;6;6;6;6;6;6;888;6;6;6;6;6;6;6;1;6;2;999;1973;1993;2;999;1;1;     999;Roma;2;999;2
41;1;1;2;1;0;0;999;0;0;3;0;999;999;3;999;2;999;1;6;6;6;6;6;6;2;2;6;6;1;3;1;3;6;6;6;6;6;6;6;6;6;6;6;999;4;1;4;2;3;1;1;888;6;6;4;6;6;6;6;6;6;6;6;6;6;6;4;3;5;2;999;1974;1;999;999;1;1;     999;Roma;4; ;2
42;1;1;2;0;0;0;999;0;0;2;0;999;999;5;999;2;999;5;5;2;5;5;5;5;5;1;6;6;1;1;1;4;6;888;5;6;6;2;6;6;6;6;6;999;4;0;4;0;2;2;1;6;6;6;4;6;6;6;6;888;6;6;6;6;6;6;6;5;5;2;999;1969;1;999;999;2;999;     999;Roma;3; ;2
43;1;1;2;0;0;0;999;0;0;4;1;999;999;4;2;4;3;1;6;5;6;999;3;6;4;1;6;6;1;3;2;1;1;1;6;3;6;1;6;6;4;6;6;999;4;1;4;0;2;0;1;4;4;6;1;6;6;6;4;888;6;6;6;6;6;6;6;4;3;2;999;1987;1;999;999;1;1;     999;Roma;5; ;2
44;1;1;2;1;0;1;999;0;2;4;1;999;1;3;3;2;4;1;6;6;6;6;6;6;6;4;6;6;1;4;1;4;6;4;6;6;6;1;6;6;1;6;6;999;4;2;4;1;3;3;1;6;6;6;4;6;6;6;6;3;6;6;6;6;6;6;6;3;3;2;999;1975;1;999;999;2;1;     999;Roma;4; ;2
45;1;1;1;1;1;1;999;3;3;1;3;2;2;1;2;2;2;2;6;5;4;4;6;6;5;4;4;6;1;4;3;2;4;5;6;1;6;1;6;6;4;6;5;999;4;2;4;1;2;1;1;6;5;6;2;6;6;4;5;1;6;5;6;6;6;6;6;2;6;2;999;1994;1;999;999;2;1;     999;Magyar;6; ;2
46;1;1;2;1;1;1;999;4;1;2;1;4;2;3;1;3;3;1;5;5;5;4;5;5;4;5;5;5;1;3;1;3;6;4;6;5;5;2;6;6;6;6;6;999;4;1;3;1;2;2;2;5;5;5;2;5;5;5;5;1;5;5;5;6;6;6;6;1;1;2;999;1981;1;999;999;1;1;     999;Magyar;5; ;1
47;1;1;2;1;0;0;999;999;0;0;0;999;999;999;999;999;999;5;5;5;3;5;6;5;4;2;5;6;1;4;2;3;5;2;5;2;6;2;5;5;5;5;5;999;4;0;4;1;3;1;2;5;5;5;2;5;5;5;5;999;5;5;5;6;6;6;6;4;4;2;999;1950;1;999;999;2;1;     999;Magyar;3; ;2
48;1;1;2;1;1;0;999;2;0;1;0;2;999;2;999;2;3;3;4;4;4;5;6;5;4;3;5;5;1;3;3;3;3;3;5;3;6;2;5;6;2;4;5;999;3;999;3;1;3;3;1;5;5;5;1;5;5;5;5;3;5;5;5;5;5;6;6;2;1;2;999;1967;1;999;999;2;1;     999;Magyar;4; ;2
49;1;1;1;1;0;0;999;999;999;0;0;999;999;999;999;999;999;5;2;4;6;6;6;6;3;1;6;6;1;4;4;1;6;1;6;6;6;1;6;6;6;6;6;999;4;0;4;999;3;3;2;6;6;6;1;6;6;6;999;1;6;6;6;6;6;6;6;5;6;2;999;1951;1;999;999;999;1;     999;Magyar;4; ;2
50;1;1;2;1;1;1;999;3;2;3;3;2;2;3;2;3;3;2;5;5;4;5;6;6;5;3;4;6;2;4;1;4;4;5;6;4;6;3;6;6;4;5;5;999;4;2;3;1;3;2;2;4;4;5;3;5;5;5;4;5;5;5;6;4;6;6;5;3;2;1;2;1964;1;999;999;1;1;     999;Magyar;9; ;2
51;1;1;2;0;0;0;999;0;0;1;1;999;999;3;1;3;3;1;6;6;6;6;6;6;6;3;6;6;1;4;4;4;1;6;6;6;6;1;6;6;6;6;6;999;4;2;4;0;3;3;1;999;6;6;1;6;6;6;6;888;6;6;6;6;6;6;6;6;1;2;999;1979;1;999;999;1;1;     999;Roma;4; ;2
52;1;1;2;1;1;1;999;3;1;2;1;3;2;3;4;3;3;1;6;6;5;6;6;6;6;3;6;6;3;4;3;4;3;1;5;2;6;2;5;6;4;5;5;999;3;0;4;1;3;2;1;5;5;6;1;6;6;5;5;2;5;5;5;5;6;6;6;2;2;2;999;1971;1;999;999;2;1;     999;Magyar;6; ;1
53;1;1;1;1;1;0;999;2;0;1;0;3;999;3;999;2;1;1;6;4;4;6;6;6;4;1;6;6;1;1;1;4;6;1;6;6;6;1;6;6;6;6;6;999;4;2;4;1;3;1;1;6;6;6;5;6;6;6;6;999;6;6;6;6;6;6;6;5;6;2;999;1984;1;999;999;1;1;     999;Roma;4; ;2
54;1;1;1;1;0;1;999;0;2;999;0;999;1;3;999;2;1;4;6;4;4;6;6;6;4;1;6;6;1;1;4;4;6;6;6;6;6;6;6;6;6;6;6;999;4;2;4;1;3;0;1;6;6;6;6;6;6;6;6;6;6;6;6;6;6;6;4;5;5;2;999;1993;1;999;999;1;1;     999;Roma;4; ;2
55;1;1;2;1;1;0;999;3;999;3;0;4;999;4;999;2;1;5;2;2;6;6;6;6;6;1;6;6;1;1;2;1;6;1;6;6;6;1;6;6;6;6;6;999;2;0;4;1;3;3;1;999;6;6;6;6;6;6;2;888;6;6;6;6;5;6;1;6;5;2;999;1983;1;999;999;1;1;     999;Roma;2; ;2
56;1;1;1;1;0;1;999;999;3;3;3;999;2;3;2;2;1;1;6;6;6;6;6;6;6;1;6;6;1;3;3;3;1;3;6;1;6;1;6;6;5;6;6;999;4;1;2;1;3;3;1;6;6;6;6;6;6;6;6;888;6;6;6;6;6;6;6;4;2;2;999;1978;1996;999;999;1;1;     999;Roma;3; ;2
57;1;1;1;1;0;1;999;999;1;2;0;999;3;3;999;2;1;4;6;6;6;6;6;6;4;1;6;6;1;4;4;4;3;1;6;1;6;1;6;6;1;1;6;999;3;1;4;1;2;2;1;6;6;6;1;6;6;6;6;888;6;6; ;6;6;6;6;6;3;2;999;1978;1;999;999;1;1;     999;Roma;2; ;999
58;1;1;1;1;1;0;999;4;0;1;0;4;999;4;999;2;3;1;5;5;5;6;6;6;6;5;6;6;1;4;1;3;2;1;6;6;6;2;6;6;4;6;6;999;4;0;4;1;3;2;1;6;5;6;5;6;6;4;6;1;6;6;6;6;5;6;6;5;6;2;999;1949;1;999;999;2;1;     999;Magyar;4; ;2
59;1;1;2;1;1;1;999;3;2;2;1;3;1;3;4;2;1;5;6;5;5;6;5;6;6;5;6;6;1;4;2;1;2;3;6;1;6;1;6;6;4;6;6;999;3;1;2;1;3;2;1;4;4;5;1;6;6;6;5;2;6;4;6;6;6;6;3;6;2;2;999;1952;1;999;999;2;1;     999;Magyar;5; ;2
60;1;1;2;1;1;0;999;3;0;3;2;4;999;4;3;4;1;1;6;6;5;5;6;6;6;5;6;6;3;4;3;4;4;4;6;6;6;4;5;6;4;6;6;999;3;2;4;1;3;2;1;6;5;6;1;6;6;5;6;1;6;6;5;4;6;6;6;5;5;2;999;1977;1;999;999;2;1;     999;Magyar;9; ;1
61;1;1;2;1;1;0;999;3;999;4;4;3;4;3;1;4;3;1;6;6;6;6;6;6;4;1;6;6;1;4;1;1;5;2;6;3;6;1;6;6;5;6;6;999;3;1;4;1;3;2;1;4;5;6;1;6;6;3;999;5;6;6;5;6;5;6;6;4;3;2;999;1960;1;999;999;2;1;     999;Magyar;5; ;1
62;1;1;999;1;1;0;999;4;0;3;1;2;999;2;1;2;3;1;6;6;6;5;6;5;6;5;6;6;1;3;1;3;2;5;5;5;6;2;6;6;6;6;6;999;4;1;2;1;3;3;1;6;5;5;1;6;6;5;5;5;5;5;5;5;6;6;6;2;5;2;999;1977;1;999;999;1;1;     999;Magyar;4; ;1
63;1;1;2;1;1;0;999;4;999;4;2;2;999;4;2;4;3;1;6;6;6;5;6;6;6;5;5;6;2;3;2;4;4;5;5;6;6;4;6;6;5;2;3;999;4;1;4;2;3;3;1;6;5;5;1;6;6;6;1;1;6;6;5;5;5;6;6;2;3;1;999;1991;1;999;999;2;1;     999;Magyar;7; ;1
64;1;1;2;1;1;0;999;3;0;1;1;2;999;2;3;2;2;5;6;5;5;5;4;5;6;5;6;6;1;4;1;3;3;3;6;1;6;3;6;6;4;5;5;999;2;1;4;1;3;3;3;4;5;5;1;6;5;4;5;4;5;4;4;4;6;6;6;6;3;2;999;1976;1;999;999;2;1;     999;Magyar;5; ;2
65;1;1;1;1;1;1;999;4;2;1;1;2;1;3;3;3;3;1;5;5;4;5;6;6;5;2;6;6;1;4;1;4;3;2;6;2;6;1;6;6;4;5;6;999;3;1;3;1;3;2;1;4;4;6;5;5;5;5;5;2;5;6;5;6;6;6;6;5;4;2;999;1970;1;999;999;1;1;     999;Magyar;6; ;2
66;1;1;2;1;1;1;999;3;0;2;1;3;999;3;3;2;3;2;6;5;4;5;6;6;5;3;6;6;1;4;2;4;3;3;5;3;6;1;6;6;5;5;5;999;3;1;4;999;999;999;1;5;6;6;1;5;5;5;5;1;5;6;6;6;6;6;6;3;3;2;999;1971;1;999;999;2;1;     999;Magyar;5; ;2
67;1;1;2;1;1;0;999;999;999;0;0;999;999;999;999;999;999;4;6;6;6;6;6;6;4;4;6;6;1;4;4;1;1;1;6;1;6;1;6;6;6;6;6;999;3;0;4;1;3;3;1;6;6;6;5;6;6;6;999;888;6;6;6;6;6;6;6;3;2;2;999;1940;1;999;999;2;1;     999;Magyar;4; ;2
68;1;1;1;1;1;0;999;1;999;0;0;2;999;999;999;2;1;3;6;6;6;6;6;6;4;3;6;6;1;4;4;4;6;1;6;1;6;1;6;6;6;6;6;999;3;0;3;1;3;3;1;6;6;6;5;6;6;6;6;6;6;6;6;6;6;6;6;3;3;2;999;1944;1;999;999;2;1;     999;Magyar;2; ;2
69;1;1;2;1;1;0;999;3;999;3;2;3;999;4;4;2;3;1;6;5;999;4;6;6;5;5;6;6;2;4;1;3;1;1;6;1;6;1;999;6;4;6;6;999;4;2;4;1;3;3;1;6;4;6;1;6;6;6;5;1;6;6;6;5;5;6;6;1;2;2;999;1961;1;999;999;1;1;     999;Secler;7; ;2
70;1;1;2;1;1;1;999;3;2;2;0;3;1;3;999;2;1;1;6;6;6;6;6;6;6;4;6;6;2;4;4;4;3;1;6;1;6;1;6;6;6;6;6;999;4;1;4;1;3;1;1;6;6;6;1;6;6;6;4;4;6;6;6;6;4;6;5;4;3;2;999;1965;1;999;999;2;1;     999;Magyar;5; ;2
71;1;1;2;1;1;1;999;3;1;3;0;3;1;4;999;2;1;1;6;6;6;6;6;6;4;5;6;6;1;4;4;4;6;4;6;4;6;1;6;6;4;6;6;999;4;2;4;1;3;2;1;6;4;6;1;6;6;6;6;4;6;6;6;4;6;6;5;4;3;1;999;1941;1;999;999;2;1;     999;Magyar;3; ;2
72;1;1;1;1;1;1;999;2;2;2;0;3;1;3;999;2;1;1;6;6;6;6;6;6;4;4;6;6;1;4;3;3;3;4;6;4;6;6;6;6;2;6;6;999;3;999;4;1;3;2;1;6;6;6;3;6;6;6;6;2;6;6;6;4;6;6;5;4;3;2;999;1944;1;999;999;2;1;     999;Magyar;2; ;2
73;1;1;1;1;1;1;999;4;1;1;0;3;2;3;999;2;3;5;5;5;5;5;5;5;4;1;5;5;1;3;1;1;5;1;6;3;6;1;6;6;1;6;5;999;4;3;4;1;3;0;1;4;5;5;5;6;6;5;5;999;2;5;5;6;6;6;6;4;5;2;999;1974;1995;1;1774;2;1;     999;Magyar;5; ;1
74;1;1;2;1;1;1;999;2;1;1;0;1;1;1;999;2;1;1;6;6;6;6;6;6;4;2;6;6;1;4;1;1;6;1;6;6;6;1;6;6;1;6;6;999;4;0;4;1;3;3;1;6;5;6;1;6;6;6;4;1;6;6;6;6;6;6;6;6;5;2;999;1940;1;999;999;2;1;     999;Magyar;4; ;2
75;1;1;1;1;0;0;999;999;999;1;1;999;999;4;4;3;3;3;5;4;1;6;6;6;6;3;6;6;3;4;4;4;1;1;6;4;6;1;6;6;4;6;6;999;3;2;3;2;3;3;1;6;6;6;6;6;6;6;6;1;6;6;6;6;4;6;6;1;6;2;999;1991;1;999;999;1;1;     999;Magyar;6; ;2
76;1;1;2;1;1;0;999;2;999;0;2;4;999;999;2;2;1;1;6;6;6;6;5;6;6;1;6;6;1;4;3;4;1;1;6;1;6;1;6;6;5;6;6;999;3;0;4;1;2;0;1;3;4;6;5;6;6;4;4;1;6;2;6;6;6;6;6;1;1;2;999;1988;2006;1;1988;1;1;     999;Magyar;4; ;2
77;1;1;2;1;1;0;999;3;0;1;0;3;999;3;999;2;1;2;5;4;5;6;6;6;4;3;6;6;1;4;2;2;6;4;6;3;6;3;6;6;6;6;6;999;4;0;4;1;3;1;1;6;6;6;1;6;6;6;6;1;6;6;6;6;6;6;6;5;5;2;999;1955;1;999;999;2;1;     999;999;5; ;2
78;1;1;2;1;1;0;999;2;0;1;0;3;999;3;999;2;4;1;6;5;4;6;6;6;4;3;6;6;1;4;2;1;2;999;2;2;6;2;6;6;4;6;6;999;4;0;2;1;3;2;1;6;6;6;5;6;6;5;5;1;6;6;6;6;6;6;6;6;6;2;999;1957;1;999;999;2;1;     999;Magyar;4; ;2
79;1;1;1;1;1;0;999;4;1;1;0;4;999;2;999;3;3;1;6;6;6;6;6;6;4;2;6;6;1;4;3;3;3;2;6;3;6;1;6;6;4;6;6;999;4;2;4;1;3;2;1;3;3;6;5;6;6;5;4;1;6;6;6;6;6;6;6;3;5;2;999;1956;1974;1956;999;2;1;     999;Magyar;4; ;2
80;1;1;2;1;1;1;999;4;1;1;0;4;999;3;999;3;3;1;6;6;6;6;6;6;4;4;6;6;1;4;3;3;1;3;6;3;6;2;6;6;5;6;6;999;4;2;4;1;3;1;1;4;3;6;5;6;6;5;4;1;6;6;6;6;6;6;6;2;4;1;1;1950;1;999;999;2;1;     999;Magyar;5; ;1
81;1;1;2;1;1;1;999;4;2;2;0;4;999;3;999;3;4;1;6;6;6;6;6;6;4;4;6;6;1;3;1;3;1;1;6;3;6;1;6;6;1;6;6;999;4;1;4;1;3;2;1;6;6;6;1;6;6;6;4;3;6;6;6;6;6;6;6;5;5;2;999;1969;1;999;999;2;1;     999;Magyar;5; ;1
82;1;1;1;1;0;0;999;999;999;1;999;999;999;2;999;999;1;4;6;4;6;6;6;6;4;4;6;6;1;4;2;4;2;2;6;1;6;1;6;6;4;6;6;999;3;0;4;1;3;2;1;6;6;6;5;6;6;4;6;1;6;6;6;6;6;6;6;3;2;2;999;1951;1;999;999;2;1;     999;Magyar;5; ;2
83;1;1;2;1;0;0;999;999;999;3;999;999;999;3;999;999;1;1;6;6;6;6;6;6;6;4;6;6;3;4;4;4;1;2;6;2;6;1;6;6;1;6;6;999;3;1;4;1;3;2;1;6;6;6;1;6;6;5;3;3;6;6;4;6;6;6;6;6;3;2;999;1945;2006;1;1945;2;1;     999;Magyar;5; ;2
84;1;1;2;1;1;1;999;2;3;1;2;2;2;2;2;2;3;4;5;5;4;6;6;6;5;1;5;6;2;4;1;1;6;4;5;4;6;1;6;6;3;6;6;999;3;0;4;1;3;3;1;6;4;6;999;1;6;6;6;2;6;6;6;6;6;6;6;3;1;2;999;1958;1;999;999;2;1;     999;Magyar;5; ;2
85;1;1;2;1;1;0;999;4;0;2;0;4;999;4;999;3;1;1;6;6;6;6;6;6;6;5;6;6;1;4;1;4;6;1;6;6;6;1;6;6;4;6;6;999;4;1;4;1;3;3;1;6;6;6;1;6;6;6;6;1;6;6;6;6;6;6;6;1;3;2;999;1944;1;999;999;2;1;     999;Magyar;2; ;1
86;1;1;2;1;0;1;999;999;4;2;3;999;3;3;1;2;2;1;5;5;5;5;6;6;5;3;5;6;3;4;1;4;3;1;5;4;6;3;6;6;3;6;6;999;3;2;4;2;2;1;1;5;5;6;2;5;5;5;5;1;5;5;5;6;4;6;6;1;3;2;999;2002;1;999;999;2;1;     999;Magyar;1;999;2
87;1;1;1;1;0;0;999;999;999;3;2;999;999;4;2;3;3;2;6;5;4;6;6;6;6;4;5;6;3;4;4;4;2;1;5;2;6;1;5;5;4;5;5;999;4;3;4;1;2;1;2;4;4;5;1;5;5;4;4;2;4;5;4;6;4;6;6;1;1;2;999;1988;1;999;999;1;1;     999;Magyar;9; ;2
88;1;1;2;1;1;1;999;1;4;3;3;2;2;3;2;2;2;1;6;6;5;5;5;6;6;3;5;6;3;3;3;3;2;2;5;2;6;2;3;6;2;5;5;999;3;2;4;1;2;2;1;5;6;6;1;6;6;6;5;1;5;5;5;5;6;6;6;5;5;2;999;2002;1;999;999;1;1;     999;Magyar;1;999;2
89;1;1;1;1;1;0;999;3;0;2;1;1;999;3;3;2;3;5;5;6;6;6;6;6;6;5;6;6;1;4;3;4;2;2;6;2;6;2;6;6;5;6;6;999;4;3;4;1;3;3;1;6;6;6;2;6;6;6;6;2;6;6;6;6;6;6;6;4;6;2;999;1976;1;999;999;1;1;     999;Magyar;6; ;2
90;1;1;2;1;1;1;999;4;3;2;2;2;2;3;2;4;3;2;6;5;6;5;6;6;6;6;6;6;1;4;1;4;2;2;6;1;6;1;5;5;5;5;6;999;4;3;4;1;2;1;1;6;6;6;1;6;6;6;6;1;6;6;6;4;6;6;5;5;4;2;999;1972;1;999;999;1;1;     999;Magyar;9; ;2
91;1;1;2;1;1;1;999;4;2;4;1;3;2;3;2;4;3;1;6;6;6;6;6;6;6;4;6;6;1;4;1;3;3;1;6;5;6;2;6;6;1;6;6;999;4;1;4;1;3;1;1;6;5;6;1;6;6;6;6;4;6;6;6;6;6;6;6;4;4;1;1;1952;1;999;999;2;1;     999;Magyar;5; ;1
92;1;1;2;1;1;1;999;3;2;3;0;3;2;3;999;4;3;1;6;4;6;6;6;6;4;3;6;6;3;4;1;4;2;3;6;2;6;2;5;6;2;6;6;999;4;1;4;1;2;2;1;6;4;6;1;6;6;4;4;4;6;6;5;4;6;6;6;4;1;2;999;1968;1988;1;1968;2;1;     999;Magyar;8; ;1
93;1;1;2;1;1;1;999;3;3;2;3;2;2;3;2;2;3;1;6;5;4;5;6;6;5;5;6;6;3;4;3;4;1;1;6;1;6;1;6;5;4;6;5;999;4;2;4;1;3;2;1;5;6;6;1;6;6;5;5;1;5;6;6;4;6;6;6;3;2;2;999;1991;1;999;999;2;1;     999;Magyar;10; ;2
94;1;1;999;1;1;0;999;3;0;2;1;4;999;4;2;2;1;1;5;5;6;6;6;4;4;1;6;6;1;4;1;3;999;2;5;5;6;2;6;6;999;999;999;999;4;0;4;1;3;3;1;4;5;5;2;999;999;999;999;999;999;999;999;6;6;6;6;6;6;2;999;1977;1;999;999;2;1;     999;Magyar;4; ;1
95;1;1;1;1;0;1;999;999;4;2;1;999;3;2;1;2;2;2;5;4;6;5;6;5;6;5;6;6;3;3;1;4;6;1;4;1;6;1;6;5;6;6;5;999;4;3;0;1;3;2;1;3;3;6;1;6;6;6;999;4;6;6;6;5;5;6;6;1;5;2;999;1978;2007;1;1978;1;1;     999;Magyar;9; ;2
96;1;1;1;1;1;0;999;3;0;1;1;2;999;3;3;2;2;5;6;6;1;6;6;6;6;1;6;6;1;4;1;1;888;1;6;6;6;1;4;6;1;6;6;999;4;2;4;1;3;2;1;6;4;6;6;6;6;4;6;1;3;6;6;4;6;6;6;2;1;2;999;1969;1;999;999;2;1;     999;Magyar;6; ;2
97;1;1;1;1;1;1;999;1;0;1;1;1;999;1;1;2;3;4;6;6;4;6;6;6;5;1;6;6;1;4;1;4;4;1;6;6;6;3;4;6;4;6;6;999;3;2;3;1;3;1;1;3;4;6;6;6;6;6;4;1;999;4;6;6;6;6;6;3;5;2;999;1967;1;999;999;2;1;     999;Magyar;6; ;2
98;1;1;1;1;1;1;999;3;0;2;1;3;999;3;3;2;3;4;5;5;4;6;6;6;4;4;6;6;3;3;2;3;4;2;6;2;6;2;5;5;3;5;5;999;3;2;4;1;3;2;2;4;5;5;2;6;5;5;4;999;4;5;5;6;6;6;6;3;3;2;999;1979;1;999;999;2;1;     999;Magyar;7; ;2
99;1;1;1;1;1;1;999;3;1;1;1;3;2;1;1;2;1;2;6;5;4;6;6;6;6;5;6;6;1;1;1;3;6;4;6;2;6;1;6;6;3;6;6;999;4;2;2;2;3;1;2;6;5;6;5;6;6;6;5;5;5;6;6;6;6;6;5;5;5;2;999;1969;1;999;999;2;1;     999;Magyar;6; ;2
100;1;1;2;1;0;1;999;999;3;3;1;999;2;4;4;3;2;1;6;5;6;5;6;6;6;2;6;6;3;4;1;3;4;2;6;3;6;2;6;5;3;6;6;999;4;2;4;1;3;3;1;6;5;6;1;6;6;6;5;3;5;6;5;5;6;6;6;5;5;2;999;1972;1;999;999;1;1;     999;Magyar;5; ;2
101;1;1;2;1;1;1;999;2;0;1;0;3;999;2;999;2;3;5;5;4;1;5;5;5;5;2;5;6;1;4;4;4;6;2;6;6;6;5;6;6;1;6;6;999;4;1;3;1;3;3;1;5;5;5;4;6;6;999;999;5;6;6;6;6;6;6;6;1;6;2;999;1974;2001;1;1974;1;1;     999;Magyar;5; ;2
102;1;1;1;1;1;1;999;3;1;1;1;2;2;3;2;2;2;6;6;5;4;6;5;6;5;4;6;6;1;3;2;3;4;4;6;6;6;1;6;6;2;6;6;999;4;3;4;1;3;3;1;6;6;6;2;6;6;5;4;3;5;6;6;6;6;6;6;3;1;1;1;1971;1;999;999;2;1;     999;Magyar;9; ;2
103;1;1;2;1;1;1;999;3;2;4;3;2;1;3;1;2;3;2;5;5;4;5;6;5;5;5;4;6;2;4;1;2;3;2;6;2;6;2;5;6;5;5;6;999;4;2;4;1;1;0;2;4;2;6;1;5;4;5;3;2;5;5;4;2;4;6;6;2;3;1;2;1980;1;999;999;2;1;     999;Magyar;7; ;2
104;1;1;2;1;1;1;999;4;1;4;1;2;1;3;2;2;3;2;5;5;6;6;5;5;5;5;5;6;1;4;1;4;5;5;5;5;6;6;1;6;4;6;1;999;4;2;1;1;3;2;1;6;5;6;1;6;6;6;6;5;6;5;5;6;6;6;6;3;2;1;1;1963;1;999;999;2;1;     999;Magyar;7; ;1
105;1;1;1;1;1;1;999;2;0;1;0;3;999;1;999;2;3;3;5;4;5;5;6;6;4;4;6;6;1;4;1;4;3;2;5;2;6;2;6;6;6;6;6;999;4;1;4;1;3;3;1;5;5;5;4;5;5;5;5;2;6;6;6;6;6;6;6;3;3;2;999;1955;1;999;999;2;1;     999;Magyar;5; ;2
106;1;1;2;1;1;1;999;4;4;4;2;2;1;4;1;2;3;1;6;6;6;6;6;6;4;6;6;6;1;4;2;4;4;1;6;2;6;4;6;6;1;6;4;999;3;2;4;1;3;3;1;5;5;5;1;6;6;5;6;1;6;6;6;5;5;6;6;2;2;1;1;1992;1;999;999;1;1;     999;Magyar;7; ;1
107;1;1;2;1;1;0;999;3;0;2;0;4;999;4;999;2;4;1;5;5;5;5;5;5;5;999;999;999;999;999;999;999;999;999;999;999;999;999;999;999;999;999;999;999;999;999;999;999;3;1;2;4;4;5;2;5;5;5;5;2;5;5;5;6;6;6;6;6;6;2;999;1957;1962;1;1957;2;1;     999;Magyar;3; ;2
108;1;1;2;1;1;1;999;2;3;1;1;2;2;3;2;3;3;1;6;4;3;6;6;6;6;3;6;6;3;3;2;4;3;1;6;2;6;1;5;6;4;6;6;999;3;3;4;1;2;1;2;4;4;6;5;6;4;5;5;2;5;6;5;5;5;6;6;3;2;2;999;1990;1;999;999;2;1;     999;Magyar;9; ;2
109;1;1;1;1;1;1;999;1;1;2;4;3;3;3;1;3;999;4;5;6;4;4;6;6;4;4;6;6;2;4;3;3;1;1;1;6;1;1;6;6;5;6;6;999;3;2;4;1;3;3;2;6;6;6;1;6;6;6;6;2;6;6;6;5;5;6;6;2;1;2;999;1980;1;999;999;2;1;     999;Magyar;6; ;2
110;1;1;1;1;1;1;999;1;1;1;4;3;3;3;1;3;3;4;5;6;5;6;6;6;5;4;6;6;2;4;3;4;6;1;6;1;6;1;6;6;5;6;6;999;3;3;4;1;3;3;4;6;6;6;1;6;6;6;6;1;6;6;6;5;5;6;6;2;1;2;999;1980;1;999;999;2;1;     999;Magyar;6; ;2
111;1;1;1;1;1;1;999;3;2;1;1;2;2;1;1;2;1;1;5;5;4;6;5;6;5;2;5;6;1;4;1;4;3;1;6;5;6;2;6;6;5;6;6;999;4;2;2;1;0;0;1;4;6;6;6;6;6;4;4;1;6;4;6;6;6;6;6;2;2;2;999;1998;1;999;999;2;1;     999;Magyar;4; ;2
112;1;1;1;1;1;0;999;3;0;1;0;3;999;3;999;2;1;3;4;5;5;4;6;5;5;3;6;6;1;4;1;3;4;3;5;3;6;2;5;6;5;5;5;999;4;0;4;1;3;3;1;4;4;6;3;5;5;5;5;2;6;5;6;6;6;6;6;6;6;2;999;1953;1;999;999;2;2; ;Magyar;4; ;2
113;1;1;2;1;1;1;999;3;1;1;0;2;1;3;999;2;3;2;6;4;4;5;6;5;5;2;6;6;1;4;1;4;5;2;5;2;6;2;5;6;3;5;5;999;3;0;4;1;3;3;1;5;5;6;1;5;5;5;5;2;6;5;5;6;6;6;6;3;5;2;999;1950;1;999;999;2;1;     999;999;5; ;2
114;1;1;2;1;1;0;999;3;0;1;0;3;999;3;999;2;1;3;4;4;4;5;6;5;4;3;6;6;1;4;2;4;5;2;5;2;6;1;6;6;3;6;6;999;3;999;3;1;3;3;1;4;4;5;1;5;5;5;5;2;6;5;5;6;6;6;6;2;1;2;999;1949;1;999;999;2;1;     999;Magyar;4; ;2
115;1;1;1;1;1;0;999;1;0;0;1;2;999;999;1;1;1;5;5;5;5;5;6;6;6;2;4;6;1;3;2;4;6;2;6;2;6;2;6;3;5;6;6;999;4;3;4;2;3;2;2;3;4;6;5;5;5;5;5;3;5;6;5;6;6;6;6;4;3;2;999;1966;1;999;999;1;1;     999;Magyar;8; ;2
116;1;1;1;1;1;1;999;1;1;1;0;1;2;4;999;3;3;5;6;4;3;3;4;4;3;2;3;5;1;3;1;2;4;4;5;2;5;2;4;4;3;4;3;999;4;2;3;2;3;3;2;3;4;4;6;4;5;3;4;3;4;4;4;6;5;6;6;3;4;2;999;1979;1;999;999;1;1;     999;Magyar;9; ;2
117;1;1;1;0;0;1;999;1;2;1;1;2;3;2;2;4;3;5;4;3;3;3;5;5;4;4;4;6;1;4;4;4;1;6;6;6;6;1;5;4;1;6;6;999;4;3;3;1;3;2;1;6;5;5;5;6;5;5;5;3;5;5;5;6;6;6;6;1;5;1;999;999;1;1;999;1;1;     999;999;9; ;2
118;1;1;2;1;0;0;999;0;1;1;0;999;1;3;999;4;3;4;5;4;3;5;5;5;4;2;5;6;2;4;2;2;4;5;6;2;5;2;5;5;4;4;4;999;4;1;2;1;1;2;2;3;4;5;5;5;5;4;4;2;5;6;5;6;6;6;6;5;5;2;999;1998;1;1;999;2;2;     999;999;6; ;2
119;1;1;2;1;1;1;999;2;2;4;4;2;2;4;4;4;3;1;6;6;6;5;6;6;6;5;6;6;3;4;3;4;3;1;6;2;6;1;6;6;2;5;6;999;4;3;4;1;2;1;1;5;4;6;1;5;6;6;5;1;5;6;6;4;6;6;6;6;1;1;999;1979;1;999;999;1;1;     999;Magyar;9; ;1
120;1;1;1;1;0;0;999;0;0;1;0;999;999;3;999;2;1;4;4;4;5;5;6;5;4;1;6;6;1;4;3;4;3;3;5;2;6;2;5;6;5;6;6;999;4;1;4;1;3;3;1;5;5;5;4;5;5;4;4;2;6;5;5;6;6;6;6;5;4;2;999;1950;1973;1;1950;2;1;     999;Magyar;6; ;2
121;1;1;2;1;1;0;999;0;0;1;0;999;999;4;999;2;3;5;3;3;3;5;6;4;3;1;6;6;1;1;1;4;5;2;6;5;6;2;6;6;4;6;6;999;4;0;4;1;3;1;1;5;4;6;1;5;6;6;6;3;6;6;6;6;6;6;6;4;3;2;999;1945;1;999;999;2;1;     999;Magyar;6; ;2
122;1;1;1;1;1;1;999;2;2;1;1;3;2;3;3;2;3;4;5;5;4;5;5;6;5;4;5;6;3;4;2;3;2;2;5;2;6;2;6;6;2;6;6;999;3;2;4;1;2;2;2;5;4;5;2;6;5;5;4;1;5;5;5;6;6;6;6;3;4;2;999;1990;1;999;999;2;1;     999;Magyar;7; ;2
123;1;1;1;1;1;1;999;1;3;1;2;3;2;3;3;2;1;4;6;5;2;5;6;5;4;2;5;6;3;4;2;3;2;3;5;1;5;1;5;3;5;4;5;999;3;2;4;1;2;1;2;4;4;4;5;4;5;5;4;1;5;5;5;6;6;6;6;2;3;2;999;1999;1;999;999;2;1;     999;Magyar;1;999;2
124;1;1;2;1;1;0;999;4;0;4;4;4;999;4;4;4;1;1;6;6;6;6;6;6;4;6;6;6;1;4;1;1;6;1;6;1;6;1;6;6;6;6;6;999;4;4;4;1;3;3;1;6;6;6;1;6;6;6;6;3;6;6;6;6;6;6;6;5;5;2;999;1979;1;999;999;1;1;     999;Magyar;4; ;1
125;1;1;2;1;1;0;999;4;999;2;3;4;999;3;2;2;1;1;6;6;6;6;6;6;4;4;6;6;1;4;4;3;3;3;6;2;6;1;6;6;5;6;6;999;4;1;4;1;3;3;1;6;6;6;1;6;6;6;6;1;6;6;6;6;6;6;6;6;6;2;999;1936;1;999;999;2;1;     999;Magyar;4; ;2
126;1;1;2;1;1;0;999;3;0;1;0;2;999;3;999;999;4;2;6;6;4;5;6;5;4;4;6;6;1;4;2;4;3;3;6;2;6;2;6;6;5;6;6;999;4;0;4;1;3;3;1;5;5;6;1;5;5;5;5;2;6;6;6;6;6;6;6;3;2;2;999;1942;1;999;999;2;1;     999;Magyar;3; ;2
127;1;1;2;1;1;0;999;3;0;4;0;1;999;4;999;4;3;1;4;4;6;6;6;6;4;1;6;6;1;4;2;4;1;3;6;3;6;1;6;6;4;6;6;999;4;1;4;1;3;3;1;6;6;6;1;6;6;6;4;3;6;6;6;6;6;6;6;2;1;2;999;1973;1;999;999;2;1;     999;Magyar;5; ;1
128;1;1;2;1;1;0;999;3;0;4;0;4;999;4;999;4;3;1;6;6;6;6;6;6;4;1;6;6;1;3;1;4;5;2;5;2;6;2;5;6;5;6;6;999;4;1;4;1;3;3;1;5;5;5;5;6;6;6;6;5;6;5;5;6;6;6;999;999;999;2;999;1963;1;999;999;2;1;     999;Magyar;5; ;1
129;1;1;2;1;1;1;999;3;2;2;2;3;2;3;2;2;1;2;5;5;3;5;6;4;6;4;5;5;2;4;3;4;4;3;4;2;5;2;4;6;4;5;5;999;4;3;4;1;3;1;1;4;4;5;1;5;5;4;5;3;6;6;5;4;5;6;6;4;3;1;999;1997;1;999;999;1;1;     999;Magyar;8; ;2
130;1;1;1;1;0;0;999;999;999;1;3;999;999;3;3;2;1;1;6;6;6;5;6;6;5;5;6;6;3;4;3;4;4;2;6;2;6;1;6;6;999;4;6;999;4;1;4;1;3;3;1;6;3;6;3;6;6;5;6;3;6;6;6;6;6;6;5;2;1;2;999;1992;1;999;999;2;1;     999;Magyar;5; ;2
131;1;1;2;1;1;0;999;3;0;1;0;3;999;3;999;2;1;2;5;5;5;5;6;5;5;3;6;6;3;4;3;4;3;3;5;1;6;1;5;6;4;6;6;999;4;1;4;1;3;3;1;5;5;5;2;5;5;4;5;3;5;5;5;6;6;6;6;3;2;2;999;1953;1;999;999;2;1;     999;Magyar;4; ;2
132;1;1;2;1;1;0;999;2;0;2;0;3;999;3;999;2;1;3;4;4;4;5;6;5;5;3;6;6;1;4;1;3;2;2;6;2;6;2;6;6;5;6;6;999;3;0;4;1;3;3;2;5;5;5;2;5;5;4;4;3;6;6;5;5;6;6;6;3;5;2;999;1949;1;999;999;2;1;     999;Magyar;3; ;2
133;1;1;1;1;1;0;999;2;0;1;0;2;999;3;999;3;3;1;6;6;3;6;6;6;5;4;4;6;1;2;1;4;1;1;6;1;6;1;6;6;6;6;6;999;4;2;4;1;2;0;1;4;6;1;6;6;5;6;6;1;6;6;6;6;5;6;5;2;2;2;999;1999;1;999;999;2;1;     999;Magyar;1;999;2
134;1;1;1;1;1;0;999;3;0;2;2;3;999;3;1;3;3;1;6;6;4;4;6;6;6;5;6;6;1;4;3;3;1;1;6;3;6;1;6;6;6;6;6;999;4;2;4;1;3;1;1;5;5;6;1;6;6;5;6;1;6;6;6;4;6;6;6;2;2;2;999;1974;1;1994;1974;2;1;     999;Magyar;5; ;2
135;1;1;1;1;1;0;999;3;999;1;1;3;999;4;2;2;3;5;5;4;5;6;6;6;5;1;5;6;1;4;1;4;6;4;6;6;6;1;6;6;6;6;6;999;3;2;3;1;3;2;1;6;5;6;1;6;6;6;4;1;6;6;6;6;6;6;6;1;6;1;999;1968;1;1999;1968;1;1;     999;Magyar;6; ;1
136;1;1;2;1;1;0;999;4;0;4;1;4;999;4;1;3;3;1;6;6;6;6;6;6;6;2;6;6;1;4;4;4;1;1;6;1;6;1;6;6;6;6;6;999;4;1;4;1;3;3;1;6;6;6;1;6;6;6;6;1;6;6;6;6;6;6;6;6;1;2;999;1988;1;999;999;2;1;     999;Magyar;3; ;2
137;1;1;2;1;1;0;999;3;0;3;0;2;999;4;999;3;3;1;6;5;6;6;6;6;6;4;6;6;1;4;3;4;1;1;6;6;6;1;6;6;6;6;6;999;4;2;3;2;3;3;1;6;6;6;1;6;6;6;6;2;6;6;6;5;6;6;6;3;1;2;999;1947;1;999;999;2;1;     999;Magyar;5; ;2
138;1;1;1;1;1;0;999;2;0;0;0;2;999;999;999;2;1;5;5;5;5;5;6;6;4;1;6;6;1;4;4;4;1;1;6;4;6;1;6;1;6;6;6;999;4;0;4;1;3;3;1;6;6;6;6;6;6;6;6;1;6;6;6;6;6;6;6;4;4;2;999;1939;1;999;999;2;1;     999;Magyar;3; ;2
139;1;1;2;1;1;0;999;0;0;0;0;999;999;999;999;2;999;5;5;5;3;6;6;6;3;1;6;6;1;4;4;4;1;1;6;1;6;1;6;6;6;6;6;999;4;0;4;1;3;3;1;6;6;6;1;6;6;4;4;1;6;6;6;6;6;6;6;5;6;2;999;1935;1;999;999;2;1;     999;Magyar;3; ;2
140;1;1;2;1;1;0;999;3;0;1;0;4;999;3;999;2;3;2;6;6;4;4;6;6;5;1;6;6;1;4;3;4;1;3;6;1;6;1;6;6;6;6;6;999;3;2;4;1;2;2;1;4;4;6;2;6;6;6;4;2;6;6;6;6;6;6;6;4;4;2;999;1970;1;999;999;2;1;     999;Magyar;5; ;2
141;1;1;2;1;1;1;999;3;1;1;0;3;1;3;999;3;4;1;5;4;4;6;6;4;4;1;6;6;1;4;1;3;2;2;6;4;6;1;6;6;2;6;6;999;4;1;2;1;3;3;1;6;6;6;2;6;6;6;4;1;6;6;6;6;6;6;6;6;6;2;999;1963;1;999;999;2;1;     999;Magyar;6; ;2
142;1;1;1;1;0;1;999;0;2;3;4;999;2;2;2;3;2;1;5;5;4;6;6;5;5;5;6;6;3;4;2;4;4;2;6;3;6;2;5;6;4;6;6;999;3;2;3;1;2;1;1;4;5;6;5;5;5;5;4;4;5;5;5;4;6;6;5;3;2;2;999;1985;2003;1;1985;1;1;     999;Magyar;7; ;2
143;1;1;1;1;0;1;999;0;1;1;1;999;1;3;3;3;3;1;6;6;6;6;6;6;6;4;6;6;1;2;2;2;6;1;6;6;6;1;6;6;6;6;6;999;3;1;4;1;3;3;1;6;6;6;1;6;6;6;4;1;6;6;6;2;6;6;6;4;4;2;999;1969;1;999;999;1;1;     999;Magyar;5; ;2
144;1;1;2;1;0;1;999;999;3;4;2;999;2;3;2;2;3;1;6;4;6;6;6;6;4;5;6;6;2;3;3;4;2;4;6;2;6;2;6;6;5;6;6;999;1;2;4;0;3;3;1;4;4;6;1;6;6;6;5;888;6;6;6;6;6;6;6;3;2;2;999;1970;1992;2;999;1;1;     999;Roman;9; ;2
145;1;1;1;1;1;1;999;3;1;1;1;3;2;2;3;3;2;2;5;5;3;5;6;5;5;1;6;6;1;3;1;3;3;2;6;2;6;2;6;6;5;6;6;999;4;3;4;1;3;1;1;6;6;6;3;6;6;4;6;2;6;6;6;6;5;6;6;3;4;2;999;1972;1;999;999;2;1;     999;Magyar;6; ;2
146;1;1;2;1;1;0;999;2;0;1;0;3;999;3;999;2;3;1;5;5;5;4;6;5;5;4;6;6;1;4;1;3;5;2;5;4;6;2;6;6;1;6;5;999;4;1;4;1;3;2;1;5;5;5;1;6;6;5;5;1;6;6;6;3;4;6;6;2;1;2;999;1966;1;999;999;2;1;     999;Magyar;6; ;2
147;1;1;1;1;0;0;999;999;999;1;3;999;999;2;1;4;3;4;6;5;4;6;5;6;5;2;5;6;1;4;2;3;3;888;6;2;6;2;6;6;5;6;6;999;4;2;1;0;3;3;1;4;4;5;6;6;6;5;6;5;6;6;5;6;6;6;6;2;4;2;999;1975;1996;1;1975;1;1;     999;Magyar;9; ;2
148;1;1;1;1;0;1;999;0;2;3;2;999;2;4;3;3;3;1;5;5;5;5;6;6;4;1;6;6;3;4;3;4;1;999;6;1;6;1;6;6;5;6;6;999;4;3;4;1;3;3;1;6;6;6;1;6;6;5;5;2;6;6;5;6;2;6;6;2;1;2;999;1973;1996;1;1973;2;1;     999;Magyar;7; ;2
149;1;1;1;1;0;1;999;999;3;3;1;999;3;3;3;3;3;2;6;6;5;6;6;6;5;4;1;6;1;4;3;3;3;3;5;1;6;1;6;6;3;6;6;999;3;3;4;0;3;3;1;4;3;6;6;4;4;4;4;5;6;5;3;6;6;6;6;2;3;2;999;1967;1992;1;1967;1;1;     999;Magyar;7; ;2
150;1;1;1;1;1;1;999;2;3;2;2;3;2;3;2;2;3;2;6;6;5;6;6;6;6;5;6;6;1;4;1;3;3;2;6;1;6;1;6;6;2;4;6;999;4;3;4;1;2;2;1;6;6;6;1;6;6;4;6;1;6;6;5;5;6;6;6;1;4;1;1;1975;1;999;999;2;1;     999;Magyar;9; ;2
151;1;1;2;1;1;0;999;3;999;2;0;3;999;3;999;2;3;1;6;4;6;4;6;5;4;1;6;6;1;4;1;3;5;2;5;6;5;2;5;6;2;6;6;999;4;2;4;1;2;2;1;5;5;5;1;5;5;4;5;1;5;6;5;2;6;6;6;3;5;2;999;1954;1;999;999;2;1;     999;Magyar;5; ;2
152;1;1;1;1;1;1;999;2;1;1;1;3;1;2;2;2;3;4;5;5;1;4;5;5;4;1;6;6;1;3;2;3;4;3;6;5;6;2;5;6;4;5;5;999;3;2;4;1;3;2;2;5;4;6;4;5;5;4;5;4;5;5;5;6;6;6;6;1;5;2;999;1957;1;999;999;2;1;     999;Magyar;6; ;2
153;1;2;2;1;1;1;999;3;0;1;0;3;999;3;999;2;4;1;6;6;6;6;6;6;6;4;6;6;1;4;4;4;1;1;6;1;6;1;6;6;6;6;6;999;4;0;4;1;3;2;1;6;6;6;1;6;6;6;6;1;6;6;6;6;6;6;6;2;5;2;999;1968;1;999;999;2;1;     999;Roman;3; ;2
154;1;2;2;1;1;1;999;3;0;1;0;4;999;4;999;2;4;3;6;6;6;6;6;6;4;2;6;6;1;4;4;4;1;1;6;3;6;1;6;6;2;6;6;999;4;2;4;2;3;3;1;6;6;6;1;6;6;6;6;888;999;6;6;6;6;6;6;5;6;2;999;1946;1;999;999;2;1;     999;Roman;3; ; 
155;1;2;2;1;1;1;999;3;1;1;1;4;1;3;4;2;3;1;6;6;6;6;6;6;6;6;6;6;4;4;4;4;1;6;6;1;6;1;6;6;1;6;6;999;4;2;4;1;3;3;1;6;6;6;1;6;6;6;6;1;4;6;6;6;6;6;6;4;3;2;999;1975;1;999;999;1;1;     999;Roman;6; ;1
156;1;2;1;1;1;1;999;3;1;0;0;4;1;999;999;3;3;2;6;6;6;6;6;6;4;1;6;6;1;1;4;4;6;888;6;2;6;2;6;6;6;6;6;999;4;0;4;1;3;3;1;6;6;6;6;6;6;6;6;999;6;6;6;6;6;6;6;1;6;2;999;1974;999;999;2015;1;1;     999;Roman;6; ;2
157;1;2;2;1;1;1;999;3;0;3;0;3;999;3;999;3;3;1;6;6;6;6;6;6;6;6;6;6;3;4;4;4;1;1;6;2;6;1;6;6;6;6;6;999;4;2;4;1;3;1;1;6;6;6;1;6;6;6;6;1;6;6;6;6;6;6;3;1;1;2;999;1963;1;999;999;2;1;     999;Roman;6; ;1
158;1;2;1;1;1;1;999;2;0;1;0;3;999;3;999;2;1;3;6;6;6;6;6;6;4;1;6;6;1;3;3;3;6;6;6;6;6;2;6;6;6;6;6;999;4;1;4;1;3;3;1;6;6;6;6;6;6;6;6;999;6;6;6;6;6;6;6;2;3;2;999;1977;1;999;999;999;1;     999;Roman;3; ;2
159;1;2;1;1;1;1;999;3;0;3;0;3;999;3;999;2;3;1;6;6;6;6;6;6;6;6;6;6;3;4;4;4;5;1;6;4;6;1;4;6;2;6;6;999;4;2;4;2;3;3;1;6;6;6;4;6;6;4;4;4;6;6;6;6;6;6;6;3;6;2;999;1968;1991;1;1968;2;1;     999;Roman;6; ;2
160;1;2;2;1;1;1;999;3;0;1;1;4;999;3;1;2;1;1;6;6;6;6;6;6;6;6;6;6;3;4;4;4;1;6;6;1;6;1;6;6;1;6;6;999;4;2;4;1;3;3;1;6;6;6;1;6;6;6;6;1;4;6;6;5;6;6;6;3;4;2;999;1973;1;999;999;52;1;     999;Roman;5; ;2
161;1;2;2;1;1;1;999;1;0;0;0;2;999;999;999;2;1;3;6;6;6;6;6;6;4;6;6;6;3;4;4;4;5;1;6;888;6;1;6;6;5;6;6;999;4;0;4;1;3;3;1;5;6;6;6;6;6;6;6;888;6;6;6;6;6;6;6;2;6;2;999;1949;1973;1;1949;2;1;     999;Roman;2; ;2
162;1;2;2;1;1;1;999;3;2;2;0;4;1;2;999;2;3;1;6;6;6;6;6;6;6;2;6;6;1;1;4;4;3;1;6;1;6;1;6;6;1;6;6;999;3;2;4;1;3;2;1;6;6;6;1;6;6;6;6;999;6;6;6;1;6;6;6;1;6;2;999;1969;2000;999;999;1;2; ;Roman;5; ;2
163;1;2;2;1;1;1;999;3;0;4;0;4;999;2;999;2;4;3;6;6;5;6;6;6;6;4;999;6;2;2;4;4;6;1;6;1;6;1;6;6;1;6;6;999;4;1;4;1;3;3;1;6;999;5;6;6;6;6;6;1;6;6;6;6;6;6;6;1;6;2;999;1999;1;999;999;2;1;     999;Roman;1; ;2
164;1;2;1;1;1;1;999;3;0;1;0;4;999;4;999;2;4;1;6;6;6;6;6;6;4;1;6;6;1;2;3;3;5;3;6;1;6;1;6;6;1;6;6;999;4;1;4;1;3;3;1;6;4;6;6;6;6;6;6;888;888;6;6;6;6;6;6;2;6;2;999;1977;1993;1;1977;999;1;     999;Roman;3; ;2
165;1;2;1;1;1;1;999;3;3;2;0;4;1;3;999;2;3;1;6;6;4;6;6;6;6;2;6;6;1;1;4;4;4;5;6;6;6;6;6;6;1;6;6;999;4;3;4;1;3;2;1;6;6;6;1;6;6;6;6;2;6;6;6;1;6;6;6;1;6;2;999;1999;1;999;999;1;2; ;Roman;1; ;2
166;1;2;1;1;1;1;999;2;2;1;0;3;2;3;999;2;999;1;6;6;3;6;6;6;4;1;6;6;1;1;3;3;6;6;6;6;6;6;6;6;6;6;6;999;4;2;4;1;3;0;6;6;6;6;6;6;6;6;6;888;6;6;6;3;6;6;6;2;6;2;999;2003;1;999;999;999;2; ;Roman;1; ;2
167;1;2;1;1;1;1;999;3;0;1;0;1;999;3;999;2;1;1;6;6;4;6;6;6;4;4;4;6;1;4;4;4;1;1;6;1;6;1;6;6;1;6;6;999;4;2;2;1;3;2;1;4;6;6;1;6;6;6;6;1;5;6;6;6;6;6;6;2;6;2;999;1968;1;999;999;2;1;     999;Roman;9; ;2
168;1;2;1;1;1;0;999;2;1;1;1;1;2;2;1;2;999;4;6;4;3;5;5;6;5;4;4;6;888;4;4;4;1;1;6;1;6;1;6;6;1;6;6;999;3;1;3;1;3;2;1;6;5;5;2;6;6;6;5;1;5;5;5;6;6;6;6;3;1;2;999;1985;2014;2;999;2;2; ;Roman;10; ;2
169;1;2;2;1;1;1;999;1;3;1;1;3;2;2;4;2;3;1;6;6;6;6;6;6;6;2;6;6;1;4;4;4;1;1;6;1;6;1;6;6;6;6;6;999;4;1;4;1;3;0;1;6;6;6;1;6;6;6;6;1;6;6;6;6;5;6;6;2;1;2;999;1996;1;999;999;999;1;     999;Roman;6; ;2
170;1;2;1;1;1;1;999;0;4;1;0;999;2;2;999;2;3;1;6;6;6;6;6;6;6;2;6;6;1;4;4;4;1;1;6;1;6;1;6;6;6;6;6;999;4;2;4;1;3;0;1;6;6;6;6;6;6;6;6;1;6;6;6;6;4;6;6;4;1;2;999;1999;1;999;999;999;1;     999;Roman;1; ;2
171;1;2;2;1;1;1;999;3;0;1;0;1;999;2;999;1;1;3;6;6;3;6;3;6;5;3;6;6;3;4;4;4;3;2;6;3;6;2;6;6;1;6;6;999;4;2;4;1;3;2;1;5;4;5;3;6;5;5;5;2;6;6;6;5;5;6;6;3;1;1;999;1986;2014;2;999;2;2; ;Roman;10; ;2
172;1;2;2;1;1;0;999;3;0;1;0;3;999;2;999;2;2;3;6;6;6;6;6;6;4;2;6;6;1;4;4;4;2;1;6;1;6;1;6;6;1;6;6;999;3;1;4;1;3;3;1;4;6;6;1;5;6;6;6;2;4;6;6;4;6;6;6;4;1;2;999;1968;1;999;999;2;1;     999;Roman;9; ;2
173;1;2;1;0;1;0;999;3;0;1;0;3;999;999;999;2;3;3;6;6;3;6;6;6;6;2;6;6;3;3;3;3;1;1;6;1;6;1;6;6;6;6;6;999;4;1;4;1;3;3;1;6;6;6;6;6;6;6;6;1;6;6;6;6;6;6;6;5;4;2;999;1961;1;999;999;2;1;     999;Roman;9; ;2
174;1;2;2;1;1;1;999;4;1;1;1;2;2;3;3;2;3;2;6;6;3;6;6;6;6;6;5;6;1;4;1;4;1;6;6;1;6;1;4;6;1;6;4;999;3;1;4;1;3;2;1;4;6;6;1;6;6;6;6;1;6;6;6;6;6;6;6;1;3;2;999;1966;1;999;999;2;2; ;Roman;7; ;2
175;1;2;1;1;1;1;999;1;3;1;1;3;2;2;4;2;3;1;6;6;6;6;6;6;6;1;6;6;1;4;4;4;1;1;6;1;6;1;6;6;6;6;6;999;4;1;4;1;3;2;1;6;6;6;5;6;6;6;6;1;6;6;6;6;6;6;6;5;1;2;999;2003;1;999;999;2;1;     999;Roman;3; ;2
176;1;2;2;1;1;1;999;3;3;2;0;4;2;2;999;2;3;1;6;6;5;6;6;6;6;4;6;6;4;4;4;4;1;1;6;1;6;1;6;6;1;6;6;999;999;3;999;1;3;2;1;6;6;6;1;6;6;6;6;1;6;6;6;6;6;6;6;3;1;2;999;1986;1992;2;999;2;2; ;Roman;9; ;2
177;1;2;2;1;1;1;999;4;0;2;0;3;999;1;999;2;3;1;6;6;6;6;6;6;4;6;6;6;4;4;4;4;4;1;6;1;6;1;6;6;6;6;6;999;4;2;4;1;3;3;1;6;6;6;1;6;6;6;6;1;6;6;6;6;6;6;6;3;1;999;999;1949;999;999;999;2;1;     999;Roman;7; ;2
178;1;2;1;1;1;1;999;2;3;2;0;1;1;3;999;2;3;3;6;6;6;6;6;6;4;1;6;6;1;888;1;3;4;4;6;1;6;1;6;6;1;6;6;999;4;1;4;1;2;3;1;6;4;6;5;6;6;6;4;1;6;6;4;6;6;6;6;2;5;2;999;1953;1975;1;1953;2;1;     999;Roman;999; ;2
179;1;2;1;1;1;1;999;2;0;1;0;4;999;3;999;2;3;3;5;5;4;4;2;6;6;2;6;6;2;4;3;3;2;3;6;1;6;1;6;6;1;6;6;999;4;2;4;1;3;3;1;6;6;6;1;6;6;6;6;1;6;6;6;6;6;6;6;2;3;2;999;1968;1989;999;999;2;1;     999;Roman;10; ;2
180;1;2;2;1;1;1;999;3;3;1;0;3;2;3;999;1;3;1;6;6;5;6;6;6;6;4;6;6;4;4;4;4;1;1;6;1;6;1;6;6;1;6;6;999;4;3;4;1;3;2;1;6;6;6;1;6;6;6;6;1;6;6;6;6;6;6;6;3;1;2;999;1968;1;999;999;1;1;     999;Roman;6; ;2
181;1;2;1;1;1;1;999;3;2;1;0;2;1;3;999;2;1;1;6;6;6;6;6;6;4;2;6;6;1;4;1;4;1;1;6;1;6;1;6;6;1;6;6;999;4;1;4;1;0;0;1;6;6;6;6;6;6;6;6;888;6;6;6;6;6;6;6;2;4;2;999;1975;1997;1;1975;2;1;     999;Roman;6; ;2
182;1;2;2;1;1;1;999;2;3;1;0;3;2;2;999;2;3;1;6;6;6;6;6;6;6;2;6;6;4;4;4;4;1;1;6;1;6;1;6;6;6;6;6;999;4;2;4;1;3;2;1;6;6;6;1;6;6;6;6;1;6;6;6;6;6;6;6;1;1;2;999;1988;1;999;999;1;2; ;Roman;6; ;2
183;1;2;2;1;1;1;999;3;0;1;1;3;999;3;3;2;3;1;6;6;6;6;6;6;6;4;6;6;1;4;4;4;1;1;6;1;6;1;6;6;4;6;6;999;4;0;4;1;3;3;1;6;6;6;1;6;6;6;6;3;6;6;6;6;6;6;6;2;3;2;999;1980;1;999;999;2;1;     999;Roman;6; ;2
184;1;2;2;1;1;1;999;2;2;1;0;3;1;3;999;2;3;1;6;6;6;6;6;6;6;4;6;6;1;3;3;3;2;3;6;3;6;1;6;6;6;6;6;999;4;0;4;1;3;3;1;6;6;6;1;6;6;6;6;3;6;6;6;6;5;6;6;2;1;2;999;1972;1;999;999;1;1;     999;Roman;5; ;2
185;1;2;2;1;1;1;999;2;0;1;0;3;999;3;999;2;4;1;6;4;6;6;6;6;4;4;6;6;2;3;3;3;1;1;6;1;6;3;6;6;6;6;6;999;4;0;4;1;3;2;1;6;4;999;1;6;6;6;6;6;6;6;6;6;6;6;6;2;3;2;999;999;1;999;999;2;1;     999;Roman;5; ;2
186;1;2;1;1;1;1;999;1;3;1;0;2;2;2;999;2;1;3;6;6;3;6;6;6;6;1;6;6;3;3;3;3;2;2;6;2;6;2;6;6;6;6;6;999;4;1;4;1;2;2;2;6;6;6;1;6;6;6;6;1;888;6;6;6;6;6;6;1;2;999;999;2000;1;999;999;1;1;     999;Roman;1; ;2
187;1;2;1;1;1;0;999;2;999;1;999;3;999;3;999;2;1;1;4;4;5;6;6;6;4;3;6;6;1;4;4;4;1;1;6;1;6;1;6;6;1;6;6;999;4;2;4;1;3;3;1;4;6;6;3;6;6;6;6;1;6;6;6;6;6;6;6;4;4;2;999;1987;1;999;999;1;1;     999;Roman;5; ;2
188;1;2;2;1;1;0;999;3;0;1;0;4;999;2;999;2;4;1;6;6;6;6;6;6;6;6;6;6;1;4;4;4;1;1;6;1;6;1;6;6;1;6;6;999;3;2;4;1;3;1;1;6;6;6;1;6;6;6;6;1;4;6;6;6;6;6;6;6;6;2;999;1957;1;999;999;2;1;     999;Magyar;3; ;1
189;1;2;2;1;1;1;999;2;1;1;0;3;2;2;999;2;3;4;6;6;2;6;4;6;6;2;3;6;1;1;4;4;2;5;6;4;6;6;6;6;1;6;5;999;4;2;4;1;3;1;1;6;6;6;2;6;6;6;6;1;4;6;6;4;6;6;6;2;4;2;999;2005;1;999;999;1;1;     999;Roman;1; ;2
190;1;2;2;1;1;0;999;4;999;1;0;3;999;2;999;2;3;1;6;6;6;4;6;6;4;6;6;6;2;1;3;3;4;6;6;6;6;3;6;6;1;6;4;999;3;2;4;1;3;0;1;6;6;6;1;6;6;3;3;4;6;6;6;5;6;6;6;3;6;2;999;1975;1;999;999;1;1;     999;Roman;3; ;2
191;1;2;2;1;1;0;999;3;999;1;999;4;999;2;999;2;4;1;6;6;6;6;6;6;6;6;6;6;4;4;4;4;3;1;6;1;6;1;6;6;1;6;6;999;4;1;4;1;3;1;1;6;6;6;1;6;6;6;6;1;999;2;6;5;6;6;6;2;3;2;999;1986;1;999;999;2;1; ;Roman;6; ;1
192;1;2;2;1;1;0;999;3;999;1;0;3;999;3;999;2;4;1;6;6;6;6;6;6;5;4;6;6;1;3;2;3;5;3;5;1;6;1;6;6;6;6;6;999;4;0;4;1;3;3;1;999;6;6;1;6;6;6;4;5;6;6;6;6;6;6;6;1;4;2;999;1965;999;999;1;999;1;     999;Roman;4; ;2
193;1;2;2;1;1;1;999;3;1;1;0;3;1;3;999;2;4;1;6;6;6;6;6;6;5;3;6;6;1;3;3;3;1;1;6;1;6;1;6;6;6;6;6;999;4;0;4;1;3;3;1;6;6;6;1;6;6;6;6;1;888;6;6;6;6;6;6;4;5;2;999;1966;1;999;999;2;1;     999;Roman;5; ;2
194;1;2;1;1;1;1;999;2;2;2;1;2;2;2;4;2;4;1;6;6;6;6;6;6;4;6;6;6;1;4;4;4;1;3;6;1;6;1;6;6;5;6;6;999;4;2;4;2;3;0;1;6;6;6;1;6;6;6;6;888;6;6;6;6;6;6;6;2;6;2;999;1982;2002;1;1982;2;2;     999;Roman;5; ;2
195;1;2;2;1;1;1;999;3;2;1;0;2;1;3;999;2;1;1;6;6;6;6;6;6;6;1;6;6;1;1;1;1;6;888;6;6;6;6;6;6;6;6;6;999;4;1;4;1;3;0;1;999;6;6;1;6;6;6;6;888;6;6;6;6;6;6;6;6;6;2;999;1996;1;999;2;1;1;     999;Roma;3; ;2
196;1;2;2;1;1;1;999;4;1;1;0;3;1;2;999;1;1;1;6;6;6;6;6;6;2;2;6;6;1;4;4;1;3;1;6;1;6;1;1;6;6;6;6;999;4;0;4;1;3;2;1;6;2;6;1;6;6;6;5;1;6;6;6;5;5;6;6;2;3;2;999;1972;1987;2;999;2;2; ;Roman;4; ;2
197;1;2;2;1;1;1;999;4;0;1;0;4;999;2;999;2;4;1;6;6;6;6;6;6;4;2;6;6;1;4;4;2;3;1;6;1;6;1;6;6;1;6;6;999;4;2;4;1;3;3;1;6;3;6;1;6;6;6;5;1;6;6;6;5;6;6;6;1;1;2;999;1972;1;999;999;2;1;     999;Roman;3; ;2
198;1;2;2;1;1;1;999;3;3;3;1;2;1;3;3;2;3;1;6;6;6;6;6;6;6;4;6;6;3;4;4;4;6;1;6;1;6;1;6;6;1;6;6;999;4;3;4;1;3;3;1;6;6;6;1;6;6;6;6;6;6;6;6;6;6;6;6;4;5;2;999;1996;1;999;999;2;1;     999;Roman;6; ;2
199;1;2;2;1;1;0;999;3;0;1;1;3;999;4;2;3;3;1;6;6;6;6;6;6;5;5;6;6;1;3;3;3;2;2;6;2;6;2;6;6;6;6;6;999;4;1;4;1;3;3;1;4;6;1;6;6;6;6;6;3;6;6;6;6;6;6;6;2;1;2;999;1970;1;999;999;2;1;     999;Roman;5; ;1
200;1;2;1;1;1;1;999;1;2;1;1;2;2;2;3;3;3;2;6;6;3;6;6;6;4;1;4;6;1;2;2;2;2;2;6;2;6;2;6;6;6;5;6;999;3;1;3;1;3;1;2;5;5;5;3;5;5;5;5;3;3;5;5;6;6;6;6;2;2;999;999;2000;1;999;999;1;1;     999;Roman;1; ;2
201;1;2;1;1;1;0;999;2;0;1;0;3;999;3;999;2;4;1;5;4;5;5;6;5;4;2;6;6;1;3;3;3;2;2;5;3;6;3;6;6;5;6;6;999;4;0;4;1;3;1;1;5;6;6;1;6;6;6;4;3;6;5;6;6;6;6;6;2;2;999;999;1970;1;999;999;2;1;     999;Roman;5; ;2
202;1;2;2;1;1;1;999;3;2;1;2;2;1;4;1;3;999;1;2;6;6;6;6;6;6;2;6;6;1;4;4;4;888;6;6;1;6;1;6;6;6;6;6;999;4;1;4;1;2;0;1;6;4;6;1;6;6;6;6;1;6;6;6;6;6;6;6;1;1;1;999;2000;1;999;999;2;1;     999;Magyar;1; ;2
203;1;2;2;1;1;1;999;3;1;1;0;4;2;3;999;3;3;1;6;6;6;6;6;6;3;1;6;6;1;4;4;4;1;1;6;1;6;1;6;6;6;6;6;999;4;2;4;1;3;0;1;6;6;6;1;6;6;6;6;1;1;6;6;6;6;6;6;2;1;2;999;2000;1;999;999;2;2;     999;Magyar;1; ;2
204;1;2;1;1;1;0;999;2;1;999;0;4;999;4;999;2;3;1;6;4;6;6;6;6;5;1;6;6;1;1;3;4;1;1;6;1;6;1;6;6;1;6;6;999;4;1;4;1;3;2;1;6;6;6;1;6;6;6;6;1;6;6;6;6;6;6;5;3;5;2;999;1981;1;999;999;2;2;     999;Magyar;6; ;2
205;1;2;2;1;1;0;999;3;0;1;0;3;999;3;999;999;999;1;6;6;6;6;6;6;6;4;6;6;1;4;1;4;2;2;5;2;6;2;6;6;4;5;6;999;4;0;4;1;3;3;1;5;5;5;2;5;5;5;4;888;6;5;5;6;6;6;6;2;3;2;999;1946;1;999;999;1;1;     999;Magyar;4; ;2
206;1;2;1;1;1;1;999;2;1;1;1;3;2;4;4;4;3;1;6;6;4;6;6;6;4;1;6;6;1;4;2;2;3;1;6;1;6;1;6;6;6;6;6;999;3;2;4;1;3;3;1;4;4;6;1;6;6;6;4;3;6;5;5;6;6;6;5;1;1;1;999;1969;1;999;999;2;1;     999;Magyar;9; ;2
207;1;2;1;1;1;0;999;2;0;0;0;3;999;999;999;2;1;2;5;5;4;5;5;5;4;2;6;6;1;4;1;4;1;888;5;5;5;5;5;5;5;5;5;999;4;1;4;1;3;2;1;5;5;5;3;5;5;5;999;888;5;5;5;6;6;6;5;3;3;2;999;1949;999;999;999;999;999;     999;Roman;3; ;2
208;1;2;2;1;1;0;999;3;0;1;0;4;999;1;999;2;1;1;6;6;6;6;6;6;6;4;6;6;1;4;2;1;1;5;5;1;6;2;6;6;4;6;6;999;3;1;4;1;3;3;1;6;6;6;4;6;6;6;4;2;6;6;6;6;5;6;6;4;6;2;999;1952;1;999;999;2;1;     999;Roman;4; ;2
209;1;2;2;1;1;0;999;3;0;1;0;3;999;4;999;2;3;1;6;6;6;6;6;6;6;4;6;6;1;4;1;4;1;1;6;1;6;1;6;6;6;6;6;999;4;0;4;1;3;3;1;6;6;6;1;6;6;6;6;888;6;6;6;6;6;6;6;3;1;2;999;1955;1;999;999;2;1;     999;Magyar;5; ;2
210;1;2;2;1;1;0;999;0;1;0;4;999;4;999;2;3;1;4;6;6;5;6;5;4;4;6;6;1;4;1;2;1;1;6;1;6;1;6;6;6;6;6;6;999;4;1;4;1;3;3;1;4;6;6;1;6;6;6;6;3;6;6;4;5;5;6;6;1;1;999;999;1956;1;999;999;2;1;     999;Roman;4; ;1
211;1;2;1;1;1;1;999;1;999;0;0;2;999;999;999;2;1;1;5;6;6;6;6;6;4;2;6;6;1;4;1;4;3;3;6;3;6;3;6;6;6;6;6;999;4;1;4;1;3;3;1;6;6;6;1;6;6;6;4;1;6;6;6;6;5;6;5;2;5;2;999;1938;1;999;999;1;1;     999;Magyar;3; ;2
212;1;2;2;0;0;0;999;1;2;1;0;3;1;3;999;3;3;1;6;6;4;6;6;6;6;1;6;6;1;3;3;3;1;1;6;6;6;2;6;6;6;6;6;999;4;2;4;1;3;1;1;6;6;6;1;6;6;6;6;1;6;6;6;6;6;6;6;2;2;2;999;1998;1;999;999;2;1;     999;Magyar;1; ;2
213;1;2;2;1;1;1;999;3;0;1;0;3;999;3;999;2;4;1;6;6;6;6;6;6;4;6;6;6;1;4;1;4;2;1;6;1;6;1;6;6;3;6;6;999;4;1;4;1;2;2;1;6;6;6;1;6;6;6;6;2;6;6;6;6;6;6;6;2;2;2;999;1945;1;999;999;2;1;     999;Roman;5; ;2
214;1;2;1;1;1;0;999;2;0;1;0;2;999;3;999;3;3;1;6;6;6;6;6;6;4;4;6;6;1;4;2;4;1;1;6;1;6;1;6;6;6;6;6;999;4;0;4;1;3;3;1;6;6;6;1;6;6;6;6;3;6;6;6;6;6;6;6;3;2;999;999;1967;1;999;999;2;1;     999;Roman;5; ;2
215;1;2;1;1;1;0;999;3;0;1;999;4;999;4;999;2;1;1;6;6;6;6;6;6;6;6;6;6;1;4;4;4;1;5;6;2;6;6;6;6;1;6;6;999;4;1;4;1;3;3;1;6;6;6;5;6;6;6;6;2;6;6;6;6;6;6;6;4;1;2;999;1973;1;999;999;2;1;     999;Roman;6; ;2
216;1;2;1;1;1;0;999;2;999;0;0;3;999;999;999;2;1;1;6;6;6;6;6;6;4;3;6;6;1;4;4;4;1;1;6;3;6;2;6;6;6;6;6;999;4;1;4;1;3;3;1;6;6;6;4;6;6;6;6;6;6;6;6;6;6;6;6;2;1;999;999;1944;1;999;999;2;999;     999;999;5; ;2
217;1;2;2;1;1;0;999;3;0;1;0;3;999;3;999;2;1;1;6;6;6;6;6;6;6;6;6;6;1;4;4;4;1;1;6;6;6;6;6;6;6;6;6;999;3;1;4;1;3;3;1;6;6;6;6;6;6;6;6;4;6;6;6;6;6;6;6;3;1;2;999;1947;1;999;999;999;1;     999;Sachse;4; ;2
218;1;2;2;1;0;0;999;0;0;1;0;999;999;1;999;2;1;1;6;6;6;6;6;6;4;6;6;6;1;888;1;1;6;6;6;6;6;6;6;6;6;6;6;999;4;0;4;1;2;2;1;6;6;6;6;6;6;6;6;888;6;6;6;6;6;6;6;6;3;2;999;1979;1;999;999;2;1;     999;Roma;0; ;2
219;1;2;2;1;1;0;999;3;0;1;0;3;999;3;999;2;1;1;6;6;6;6;6;6;4;6;6;6;1;4;4;4;1;1;6;6;6;1;6;6;6;6;6;999;4;0;4;1;3;3;1;6;6;6;6;6;6;6;6;1;6;6;6;6;6;6;6;2;1;2;999;1958;1;999;999;2;1;     999;Sachse;5; ;1
220;1;2;2;1;1;0;999;3;0;1;0;4;999;4;999;2;1;1;6;6;6;6;6;6;6;6;6;6;1;4;3;4;2;1;6;1;6;1;6;6;6;6;6;999;4;1;4;1;3;3;1;6;6;6;1;6;6;6;6;1;6;6;6;6;6;6;6;4;1;2;999;1951;1;999;999;2;1;     999;Sachse;5; ;2
221;1;2;1;1;1;1;999;1;999;1;0;3;999;3;999;2;1;1;6;6;6;6;6;6;6;5;6;6;1;4;3;4;2;6;6;1;6;6;6;6;1;6;6;999;4;1;4;1;3;3;1;6;6;6;6;6;6;6;6;1;6;6;6;6;6;6;6;4;1;2;999;1970;1;999;999;2;1;     999;Roman;6; ;2
222;1;2;2;1;1;1;999;3;0;1;0;4;999;4;999;2;3;1;6;6;6;6;6;6;6;2;6;6;1;4;3;4;1;1;6;1;6;1;6;6;1;6;6;999;3;1;4;1;3;1;1;4;6;6;6;6;6;6;6;2;6;6;6;4;5;6;6;2;1;2;999;1968;1;999;999;999;1;     999;Roman;6; ;2
223;1;2;1;1;1;0;999;2;0;0;0;4;999;999;999;2;1;3;6;6;6;6;6;6;6;6;6;6;1;1;4;4;2;5;6;888;6;2;6;6;5;6;6;999;3;1;4;1;3;3;1;6;6;6;5;6;6;6;4;888;6;6;6;6;6;6;6;6;4;2;999;1947;1;999;999;2;1;     999;Roman;6; ;2
224;1;2;1;1;1;0;999;2;0;0;0;2;999;999;999;2;1;6;6;6;6;6;6;6;6;5;6;6;2;4;4;4;2;6;6;5;6;1;6;6;1;6;6;999;4;1;4;1;3;1;1;6;6;6;4;6;6;6;6;1;6;6;6;6;5;6;6;2;2;2;999;1936;1;999;999;2;1;     999;Roman;4; ;2
225;1;2;1;1;1;0;999;1;0;0;0;2;999;999;999;3;3;4;5;5;5;5;5;5;4;4;6;6;1;2;4;4;1;1;6;1;6;1;6;6;5;6;6;999;3;1;4;1;3;3;1;6;6;6;1;6;6;6;6;888;6;6;6;6;6;6;6;4;3;2;999;1927;999;999;999;2;1;     999;Roman;3; ;2
226;1;2;2;1;1;1;999;0;2;2;1;999;3;3;3;4;3;1;6;6;4;6;6;6;6;6;6;6;1;4;4;4;1;1;6;1;6;1;6;6;1;1;1;999;4;1;4;1;3;1;1;888;6;6;6;6;6;6;6;1;6;6;6;6;6;6;6;3;1;2;999;1971;1;999;999;1;1;     999;Roman;2; ;1
227;1;2;2;1;1;1;999;1;3;1;0;2;2;3;999;2;1;1;6;6;4;6;6;6;6;2;6;6;1;1;1;3;1;1;6;3;6;1;6;6;6;6;6;999;4;1;4;1;3;1;1;6;6;6;3;6;6;6;6;888;6;6;6;6;6;6;6;4;3;999;999;2003;999;999;999;999;999;     999;Roma;1; ;2
228;1;2;1;1;0;1;999;0;2;2;0;999;3;3;999;4;3;1;4;6;4;6;6;4;6;6;6;6;1;4;4;4;4;6;6;1;6;6;6;6;1;6;6;999;4;2;4;1;3;0;6;6;4;6;6;6;6;6;6;1;6;6;6;2;6;6;6;1;2;2;999;1996;1;999;999;2;1;     999;Roma;3; ;2
229;1;2;2;1;1;0;999;3;0;1;0;4;999;4;999;2;3;1;6;6;6;6;6;6;4;6;6;6;1;4;4;4;5;1;6;1;6;1;6;6;1;6;6;999;4;1;4;1;3;3;1;6;6;6;5;6;6;6;6;1;6;6;6;6;6;6;6;2;3;2;999;1967;1;999;999;2;1;     999;Roman;6; ;2
230;1;2;1;1;1;0;999;0;0;1;0;999;999;2;999;2;3;1;6;6;6;6;6;6;5;6;6;6;1;4;4;4;5;1;6;1;6;6;6;6;1;6;6;999;4;1;4;1;3;3;1;4;5;6;5;6;6;6;6;1;4;6;6;5;6;6;6;2;1;2;999;1970;1;999;999;2;1;     999;Roman;9; ;2
231;1;2;1;1;1;1;999;2;4;1;0;3;2;3;999;2;1;1;6;6;6;6;6;6;4;1;6;6;1;1;1;4;888;888;6;1;6;6;6;6;6;6;6;999;4;0;4;1;3;0;1;6;6;6;4;6;6;6;6;888;6;6;6;6;6;6;6;4;4;2;999;1981;1;999;999;2;2;     999;Roma;3; ;2
232;1;2;2;1;1;1;999;3;4;1;1;3;1;3;4;2;1;2;6;6;6;6;6;6;4;2;6;6;1;4;4;4;1;6;6;6;6;1;6;6;2;6;6;999;4;1;4;1;3;3;1;6;6;6;6;6;6;6;6;888;6;6;6;6;5;6;6;2;5;2;999;1948;1987;999;999;2;1;     999;Roma;0; ;2
233;1;2;2;1;1;1;999;3;3;1;2;4;2;4;4;4;3;1;6;6;6;6;6;6;6;5;6;6;3;4;4;4;1;3;6;1;6;1;6;6;5;6;6;999;4;2;3;1;3;3;1;6;6;6;6;6;6;6;6;1;6;6;6;6;6;6;6;5;6;2;999;1972;1;999;999;2;1;     999;Roman;6; ;2
234;1;2;2;1;1;1;999;3;4;1;1;4;1;4;4;4;3;1;6;6;6;6;6;6;6;6;6;6;1;4;4;4;1;1;6;6;6;1;6;6;6;6;6;999;4;1;3;1;3;3;1;6;6;6;6;6;6;6;6;2;6;6;999;6;6;6;6;6;6;2;999;1957;1;999;999;2;1;     999;Roman;6; ;2
235;1;2;1;1;1;1;999;2;4;1;0;3;1;3;999;2;1;6;6;6;6;6;6;6;6;2;6;6;1;4;4;4;1;888;6;6;6;6;6;6;6;6;6;999;4;1;4;1;3;3;1;6;6;6;6;6;6;888;6;888;6;6;6;6;6;6;6;3;2;2;999;1954;1;999;999;2;1; ;Roma;3; ;2
236;1;2;1;1;1;1;999;1;2;0;0;3;2;999;999;2;1;1;6;6;6;6;6;6;4;2;6;6;1;4;4;4;1;1;6;6;6;1;6;6;888;6;6;999;4;1;4;1;3;3;1;6;6;6;5;6;6;6;6;888;6;6;6;6;6;6;6;3;2;2;999;1983;1999;2;999;1;1; ;Roman;6; ;2
237;1;2;2;0;1;1;999;2;2;0;4;2;4;999;2;3;1;6;6;6;6;6;6;6;6;4;6;6;1;4;4;4;1;1;888;1;6;6;1;6;6;6;6;999;4;1;4;1;3;3;1;6;6;6;6;6;6;6;6;888;888;6;6;6;4;6;6;3;3;2;999;1975;1;999;999;2;2;     999;Roman;5; ;1
238;1;2;2;1;1;1;999;3;3;1;0;3;1;4;999;3;3;1;6;6;6;6;6;6;6;3;6;6;1;4;4;4;2;2;6;2;6;2;6;6;6;6;6;999;4;1;3;1;3;3;2;6;6;6;2;6;6;6;6;3;6;6;6;6;6;6;6;4;3;2;999;1975;1;999;999;2;2;     999;Roman;5; ;2
239;1;2;1;1;1;1;999;4;4;3;0;2;1;3;999;3;3;1;6;6;6;6;6;6;6;6;6;6;2;4;4;4;1;1;6;1;6;1;6;6;6;6;6;999;4;4;4;1;3;2;1;6;6;6;1;6;6;6;6;1;6;6;6;6;6;6;6;4;3;2;999;1950;2002;2;999;2;1;     999;Roman;8; ;2
240;1;2;1;1;1;1;999;3;4;2;1;3;1;3;1;3;1;3;6;6;6;3;6;4;6;5;6;6;1;1;1;4;3;888;6;6;6;2;6;6;1;6;6;999;4;1;4;1;3;2;1;4;6;6;1;6;6;6;4;3;6;6;4;6;4;6;6;2;2;1;999;1986;1;999;999;1;1;     999;Roman;6; ;2
241;1;2;2;1;1;1;999;2;2;1;0;3;1;3;999;2;1;1;6;6;6;6;6;6;6;4;6;6;1;4;1;4;1;1;6;1;6;4;6;6;6;6;6;999;4;0;3;1;3;3;1;6;6;6;6;6;6;6;6;888;6;6;6;6;6;6;6;3;2;2;999;999;1;999;999;2;1;     999;Roman;5; ;1
242;1;2;2;1;1;0;999;2;2;1;0;2;2;3;999;3;3;1;6;6;4;4;6;6;6;4;6;6;4;4;4;4;2;2;6;2;6;2;6;6;6;6;6;999;4;0;4;1;3;3;1;4;6;6;1;6;6;6;6;1;6;6;6;6;5;6;6;2;1;2;999;1969;1;999;999;2;1;     999;Roman;3; ;2
243;1;2;2;1;1;0;999;2;1;1;1;2;2;3;3;2;3;1;6;6;4;6;6;6;6;2;6;6;3;4;4;4;6;3;6;3;6;3;6;6;6;6;6;999;4;1;4;1;3;3;1;6;6;6;1;6;6;6;6;6;6;6;6;6;6;6;6;1;2;2;999;1977;1;999;999;2;1;     999;Roman;6; ;2
244;1;2;2;1;1;0;999;1;0;2;0;2;999;2;999;2;1;1;6;6;6;6;6;6;6;6;6;6;3;4;4;4;3;1;6;3;6;2;6;6;4;6;6;999;3;3;4;1;3;2;1;6;6;6;1;6;6;6;6;2;6;6;6;6;6;6;6;2;5;2;999;1940;1;999;999;2;1;     999;Roman;4; ;2
245;1;2;2;1;1;1;999;3;0;2;0;4;999;3;999;2;1;1;6;6;6;6;6;6;6;4;6;6;4;4;4;4;3;1;6;1;6;1;6;6;4;6;6;999;3;1;4;1;3;3;1;6;6;6;1;6;6;6;6;1;6;6;6;6;6;6;6;2;1;2;999;1972;1;999;999;1;1;     999;Roma;5; ;2
246;1;2;1;1;1;0;999;3;0;2;0;3;999;3;999;2;1;1;6;6;6;5;6;6;6;5;6;6;4;4;4;4;4;1;5;2;5;5;6;6;4;5;6;999;3;2;4;1;3;3;1;6;6;6;4;6;6;6;6;888;6;6;6;6;6;6;6;1;1;2;999;1974;1;999;999;1;1;     999;Roma;3; ;2
247;1;2;1;1;1;0;999;0;0;0;0;999;999;999;999;999;999;6;6;6;6;6;6;6;6;6;6;6;4;4;4;4;6;2;6;1;6;1;6;6;6;6;6;999;3;1;4;1;3;3;1;6;6;6;4;6;6;6;6;1;6;6;6;6;6;6;6;2;3;2;999;1935;1;999;999;2;1;     999;Roma;3; ;2
248;1;2;1;1;1;0;999;3;0;1;0;4;999;3;999;2;4;1;6;6;6;6;6;6;5;6;6;6;1;3;4;4;6;1;6;3;6;1;6;6;6;6;6;999;3;1;4;1;3;3;1;6;6;6;1;6;6;6;6;888;6;6;6;6;6;6;6;3;2;2;999;1980;1;999;2;2;1;     999;Roma;4; ;2
249;1;2;1;1;1;0;999;0;999;0;0;999;999;999;999;999;999;4;4;4;4;6;6;6;4;4;6;6;4;4;4;4;6;1;6;1;6;1;6;6;6;6;6;999;4;0;4;1;3;3;1;6;6;6;6;6;6;6;6;3;6;6;6;6;6;6;6;3;3;2;999;1936;1;999;999;2;1;     999;Roma;3; ;2
250;1;2;2;1;1;1;999;2;3;2;1;3;1;4;4;2;4;1;6;6;6;6;6;5;6;3;6;6;3;4;4;4;6;1;6;2;6;1;6;6;3;6;6;999;4;1;4;1;3;2;1;6;5;5;1;6;6;6;6;4;6;6;6;5;5;6;6;1;1;1;999;1987;1;999;999;2;2;     999;Roman;5; ;2
251;1;2;2;1;1;1;999;3;0;1;0;3;999;3;999;2;1;1;6;6;6;6;6;6;6;6;6;6;4;4;4;4;3;1;6;1;6;1;6;6;5;6;6;999;3;2;4;1;3;3;1;6;6;6;1;6;6;6;6;1;6;6;6;6;6;6;6;2;1;2;999;1963;1985;999;999;2;2; ;Roman;999; ;2
252;1;2;2;1;1;1;999;2;1;1;999;2;1;2;999;2;1;3;6;6;6;6;6;6;6;2;6;6;1;4;4;4;1;1;6;1;6;1;6;6;6;6;6;999;3;1;3;1;3;3;1;6;6;6;1;6;6;6;6;1;6;6;6;6;6;6;6;2;2;2;999;1974;1;999;999;2;1;     999;Roman;6; ;2
253;1;2;1;1;1;1;999;1;0;1;0;3;999;3;999;2;999;1;6;6;6;6;6;6;6;6;6;6;4;4;4;4;4;1;6;1;6;1;6;6;4;6;6;999;4;3;4;1;3;3;1;6;6;6;1;6;6;6;6;1;6;6;6;6;6;6;6;3;2;2;999;1970;1;999;999;2;999;     999;Roman;6; ;2
254;1;2;2;1;1;1;999;3;0;2;0;3;999;3;999;2;4;1;6;6;6;6;6;6;6;6;6;6;1;1;1;4;3;1;6;1;6;1;6;6;6;6;6;999;3;0;4;1;3;0;1;6;6;6;1;6;6;6;6;6;6;6;6;6;6;6;6;2;3;2;999;1969;1;999;999;2;1;     999;Roman;5; ;2
255;1;2;1;1;1;0;999;0;0;0;0;999;999;999;999;999;999;3;6;6;5;6;6;6;6;6;6;6;4;4;4;4;4;1;6;4;6;2;6;6;4;6;6;999;3;4;4;1;3;2;1;6;6;6;4;6;6;6;6;1;5;6;6;6;6;6;6;3;5;2;999;1949;1;999;999;2;1;     999;Roman;4; ;2
256;1;2;1;1;1;1;999;1;2;1;0;2;2;3;999;2;1;1;6;6;6;6;6;6;6;6;6;6;3;3;3;3;3;1;6;1;6;1;6;6;4;6;6;999;3;2;4;1;3;3;1;6;6;6;1;6;6;6;999;888;6;6;6;999;999;999;999;999;999;2;999;1991;1;999;999;2;2;     999;Roman;6; ;2
257;1;2;1;1;1;0;999;3;0;1;1;4;999;3;3;1;1;1;6;6;5;6;6;6;6;6;6;6;4;4;4;4;6;1;6;1;6;4;6;6;5;6;6;999;4;1;4;1;3;0;6;6;6;6;6;6;6;6;6;6;2;6;6;6;6;6;6;3;4;2;999;1969;1;999;999;2;1;     999;roman;4; ;2
258;1;2;1;1;1;1;999;3;1;2;1;4;1;3;3;2;1;1;6;6;4;6;6;6;6;6;6;6;3;4;4;4;6;2;6;1;6;4;6;6;4;6;6;999;4;1;4;1;3;1;1;6;6;6;6;6;6;6;6;1;6;6;6;6;6;6;6;2;4;2;999;1991;1;999;999;2;2;     999;Roman;4; ;2
259;1;2;2;1;0;0;999;0;0;1;0;999;999;3;999;3;1;6;6;6;6;6;6;6;6;6;6;6;1;999;1;1;6;888;999;6;6;6;6;6;6;6;6;999;4;0;4;1;3;3;1;5;3;5;1;6;6;6;6;888;6;6;6;6;6;6;6;4;3;2;999;1979;1;999;999;2;1;     999;Roman;3; ;2
260;1;2;2;1;1;0;999;2;999;1;1;3;999;4;3;3;999;1;5;5;5;5;5;5;5;1;5;5;1;3;3;3;2;2;5;2;5;2;6;6;5;5;5;999;4;0;4;1;3;3;2;5;5;2;5;5;5;5;5;2;5;5;5;5;6;6;6;3;1;2;999;1978;1;999;999;2;1;     999;Roman;5; ;2
261;1;2;1;1;1;0;999;0;0;1;0;999;999;3;999;2;3;4;5;5;2;4;2;5;3;2;4;6;1;3;3;3;1;2;6;1;6;2;5;5;1;5;6;999;4;1;4;1;2;1;2;5;5;5;4;5;5;5;4;4;4;5;6;5;4;6;6;2;2;2;999;1982;2013;2;999;1;2; ;Roman;9; ;2
262;1;2;1;1;1;0;999;2;0;1;1;3;999;3;3;3;4;2;6;5;4;5;6;6;5;5;5;6;1;3;3;3;2;2;6;2;6;2;6;6;6;6;6;999;4;1;4;1;3;3;1;5;5;5;1;5;5;5;5;2;5;5;5;6;6;6;6;2;1;2;999;1978;1;999;999;2;1;     999;Roman;5; ;2
263;1;2;1;1;1;1;999;2;4;3;2;1;3;4;4;3;3;1;6;4;1;6;6;6;6;6;6;6;1;4;1;1;1;1;6;1;6;1;5;6;5;6;6;999;2;0;3;1;3;1;1;4;4;6;1;6;6;4;4;1;2;6;3;3;5;6;6;2;3;2;99;1998;1;999;999;2;1;     999;Roman;1; ;2
264;1;2;2;1;1;0;999;2;0;1;0;4;999;4;999;3;3;4;5;4;2;5;5;5;3;3;6;6;3;4;3;1;1;5;5;1;6;1;6;6;5;5;5;999;3;0;4;2;3;3;2;5;5;5;2;5;5;5;5;888;5;5;6;4;5;6;6;4;2;2;999;1960;1;999;999;2;1;     999;Roman;5; ;2
265;1;2;1;1;0;0;999;0;0;1;1;999;999;3;2;2;4;5;5;888;5;5;5;5;2;2;5;5;1;1;1;2;5;888;888;2;5;5;5;5;5;5;5;999;4;0;4;1;1;1;2;888;5;5;2;5;5;5;888;888;5;5;5;6;6;6;6;4;2;2;999;1987;1;999;999;1;1;     999;Roma;3; ;2
266;1;2;1;1;1;0;999;3;0;1;0;4;999;2;999;2;3;1;6;6;6;6;6;6;6;5;6;6;1;999;4;4;3;1;6;1;6;1;6;6;1;6;6;999;3;0;4;1;3;1;1;6;6;6;1;6;6;999;3;3;5;6;6;6;6;6;4;3;2;2;999;1959;1981;1;1959;2;1;     999;Roman;6; ;2
267;1;2;2;1;1;0;999;2;999;1;1;3;999;3;3;3;4;1;6;6;5;6;6;6;4;2;6;6;1;4;3;3;1;1;6;1;6;1;6;6;5;6;6;999;4;1;4;1;3;3;1;6;6;6;1;6;6;6;6;1;6;6;6;5;6;6;6;3;1;2;999;1950;1;999;999;2;1;     999;Roman;5; ;2
268;1;2;2;1;1;0;999;3;999;1;1;3;999;4;3;3;4;1;6;5;6;6;6;6;5;5;6;6;1;4;3;3;2;2;5;4;5;2;5;5;5;5;5;999;4;0;4;1;3;3;2;5;5;2;2;5;5;5;5;3;5;5;5;6;6;6;6;4;2;2;999;1960;1;999;999;2;1;     999;Roman;5; ;2
269;1;2;2;1;1;0;999;2;0;1;0;1;999;3;999;2;1;4;5;6;2;5;3;6;4;3;5;6;1;4;4;4;1;3;5;2;6;1;6;6;5;6;6;999;4;1;4;1;1;1;1;6;4;5;1;6;6;6;6;1;5;4;6;4;3;5;6;2;2;2;999;1977;2013;2;999;1;2; ;Roman;10; ;2
270;1;2;2;1;1;0;999;4;0;2;4;1;999;1;1;2;3;1;6;6;6;6;6;6;2;6;6;6;1;4;1;2;999;1;6;1;6;2;5;6;5;5;5;999;4;1;4;1;3;2;2;5;5;5;1;6;5;5;5;2;4;5;6;5;999;999;999;999;1;2;999;1985;1;999;999;2;2;     999;Roman;6; ;2
271;1;2;2;1;1;0;999;3;0;3;2;3;999;3;3;2;1;2;6;5;5;6;6;5;5;5;6;6;1;4;3;3;3;3;6;1;6;1;6;6;5;6;5;999;4;1;4;2;3;3;1;6;5;6;1;6;6;5;6;1;6;5;6;6;6;6;6;4;1;2;999;1949;1968;2;999;2;2; ;Roman;5; ;2
272;1;2;2;1;1;1;999;3;0;1;0;4;999;3;999;3;3;5;4;4;6;6;6;5;5;3;6;6;1;4;1;2;1;3;5;1;6;1;5;5;5;6;6;999;4;0;4;1;3;3;1;5;5;4;1;6;5;5;4;2;999;5;5;6;6;6;6;5;1;2;999;1950;2002;1;1950;2;1;     999;Roman;5; ;2
273;1;2;1;1;0;0;999;0;0;1;0;999;999;3;999;2;1;1;5;5;5;5;5;5;5;4;5;6;1;4;4;4;1;6;6;1;6;1;6;6;5;6;6;999;999;999;999;1;3;1;1;6;6;6;3;6;6;6;6;888;6;6;6;6;6;6;6;4;1;2;999;2000;1;999;999;2;1;     999;Roma;1; ;2
274;1;2;2;1;1;0;999;2;0;0;0;4;999;999;999;2;1;1;6;6;3;6;6;6;6;1;2;6;1;4;4;1;6;1;6;999;1;1;6;6;1;1;6;999;3;0;4;1;3;2;1;6;5;6;999;5;5;5;5;999;6;6;6;6;6;6;6;6;2;2;999;1946;1997;2;999;2;2;     999;Roman;9; ;1
275;1;2;2;1;1;0;999;2;0;1;1;3;4;4;2;3;1;2;5;4;5;5;6;6;5;2;5;5;1;1;1;2;5;999;5;2;5;5;5;5;5;5;5;999;4;4;4;0;1;2;2;2;5;5;5;2;5;5;5;5;5;5;5;6;6;6;6;5;2;2;999;1977;1997;1;1977;1;1;     999;Roma;4; ;2
276;1;2;1;1;1;1;999;2;2;0;0;1;1;999;999;1;2;5;2;2;5;3;6;5;1;1;5;6;1;4;1;1;5;5;5;2;6;3;5;5;5;5;5;999;3;0;4;1;3;3;2;5;5;4;3;4;5;5;5;5;5;5;5;6;6;6;6;3;2;2;999;1948;1;999;999;2;1;     999;Roman;7; ;2
277;1;2;1;1;1;1;999;2;3;2;0;2;3;2;999;2;1;1;6;6;6;6;6;6;6;4;6;6;1;4;4;4;4;1;6;4;6;5;6;6;1;5;6;999;4;1;4;1;3;1;1;999;6;6;5;6;6;6;2;1;3;6;6;6;6;6;6;2;2;2;999;999;1;999;999;2;2;     999;Roma;1; ;2
278;1;2;2;1;1;1;999;3;3;3;3;4;1;3;4;2;999;1;6;6;6;6;6;6;6;6;6;6;4;4;1;4;6;1;6;1;6;1;6;6;1;6;6;999;3;3;4;1;3;3;1;6;6;6;1;6;6;6;6;1;6;6;6;6;6;6;6;6;3;2;999;1945;1;999;99;2;1;     999;Roman;7; ;2
279;1;2;1;1;1;1;999;1;2;1;0;2;2;3;999;2;1;1;6;6;4;6;6;6;6;1;6;6;1;4;1;1;1;1;6;1;6;1;6;6;6;6;6;999;3;1;4;1;3;3;5;5;6;6;4;6;6;6;6;888;6;6;6;5;6;6;6;2;1;2;999;2000;1;999;999;2;2;     999;Roman;1; ;2
280;1;2;2;1;1;0;999;3;0;1;0;4;999;3;999;2;4;1;6;6;6;6;6;6;4;999;2;6;1;3;2;3;1;3;6;2;6;2;6;6;888;6;6;999;4;0;4;1;3;3;1;6;5;5;5;6;6;6;6;888;999;6;6;6;5;6;6;2;4;2;999;1933;1;999;999;2;1;     999;Roman;3; ;2
281;1;2;2;1;1;1;999;3;0;1;0;4;999;3;999;3;4;1;5;5;6;6;6;5;4;1;6;6;1;4;1;3;3;2;6;2;6;2;2;6;4;6;6;999;4;0;4;1;3;3;1;6;5;5;1;6;6;6;6;999;999;2;6;4;6;6;6;4;3;2;999;1960;1;999;999;2;1;     999;Roman;5; ;2
282;1;2;1;1;0;1;999;999;2;1;0;999;2;3;999;2;1;1;5;5;4;5;5;5;5;1;5;5;1;3;1;1;888;1;5;1;5;5;5;5;5;5;5;999;4;1;4;1;3;0;1;5;5;5;5;5;5;5;4;888;5;5;5;6;6;6;6;3;2;999;999;1998;1;999;999;2;1;     999;Roma;4; ;2
283;1;2;2;1;1;0;999;3;0;1;0;3;999;3;999;2;4;1;6;1;6;6;6;6;6;4;6;6;3;4;4;4;4;1;6;1;6;1;1;6;1;6;6;999;4;2;4;999;3;2;1;5;6;6;1;6;6;6;6;1;999;4;6;2;5;6;6;2;3;2;999;1947;1;999;999;2;1;     999;Roman;6; ;2
284;1;2;1;1;1;0;999;3;0;1;0;3;999;3;999;2;2;1;6;6;6;6;6;6;6;2;6;6;3;4;4;4;4;1;6;1;6;1;1;6;1;6;6;999;4;3;4;1;3;2;1;5;6;6;1;6;6;6;6;1;999;4;6;2;5;6;6;1;2;2;999;1952;1;999;999;2;1;     999;Roman;6; ;2
285;1;2;2;1;1;0;999;2;0;1;1;3;999;4;3;3;3;1;6;6;6;6;6;6;6;4;6;6;1;1;1;3;1;1;6;1;6;1;6;6;6;6;6;999;3;0;4;1;3;2;1;6;6;6;2;6;6;6;6;2;6;6;6;6;6;6;6;4;2;2;999;1967;1;999;999;2;1;     999;Roman;5; ;2
286;1;2;2;1;1;0;999;2;0;1;1;2;999;3;2;3;1;2;5;5;5;3;6;5;4;3;5;6;1;4;2;3;2;2;5;2;6;2;6;6;6;6;6;999;3;1;4;1;3;3;1;5;5;5;2;5;5;5;5;2;5;5;5;6;6;6;6;2;1;2;999;1957;1;999;999;2;1;     999;Roman;5; ;2
287;1;2;1;1;0;1;999;0;3;1;0;999;2;3;999;2;1;5;5;5;2;5;5;5;5;1;4;6;1;4;1;4;2;2;6;2;6;2;6;6;6;6;6;999;4;0;4;1;3;3;2;5;5;5;4;5;5;5;5;888;5;5;5;6;6;6;6;3;2;2;999;1992;1;999;999;1;1;     999;Roma;3; ;2
288;1;2;1;1;1;0;999;3;0;2;0;2;999;2;999;2;1;1;6;6;6;6;6;6;6;6;6;6;3;4;4;3;1;1;6;1;6;1;6;6;1;6;6;999;4;2;4;1;3;3;1;6;6;5;1;6;6;6;6;2;6;6;6;4;6;6;6;1;4;2;999;1962;1;999;999;2;1;     999;Roman;7; ;2
289;1;2;1;1;1;0;999;2;0;1;0;4;999;4;999;3;1;1;6;6;6;6;1;6;5;6;6;6;4;4;4;4;1;1;6;1;6;1;6;6;1;5;6;999;4;0;4;2;3;3;1;6;6;6;1;6;6;6;6;1;6;6;6;6;6;6;6;2;5;2;999;1967;999;999;999;2;2; ;Roman;5; ;1
290;1;2;2;1;1;1;999;4;3;4;0;3;1;4;999;2;3;1;6;6;6;6;6;6;6;6;6;6;4;4;2;4;3;2;6;6;6;2;6;6;1;6;6;999;4;3;4;1;3;3;1;5;4;6;1;6;6;6;6;1;1;5;6;1;2;6;6;2;1;1;1;1969;1;999;999;2;2; ;Roman;6; ;2
291;1;2;2;1;1;1;999;3;1;1;0;2;1;4;999;2;3;1;6;6;6;6;6;6;6;2;6;6;1;4;4;4;3;1;6;1;6;1;6;6;5;6;6;999;3;1;4;1;3;2;1;6;4;6;2;6;6;6;6;1;6;6;6;6;6;6;6;2;1;2;999;1999;1;999;999;1;1;     999;Roman;1; ;2
292;1;2;1;1;1;0;999;1;0;1;0;2;999;3;999;2;3;4;5;5;4;4;4;5;4;4;4;5;3;3;3;3;4;2;5;1;6;1;6;6;1;5;5;999;4;1;3;1;3;2;1;5;5;5;3;5;6;6;5;2;4;5;5;6;5;6;6;2;3;2;999;1963;1988;2;999;1;2; ;Roman;8; ;2
293;1;2;2;1;1;1;999;3;3;2;1;2;2;2;2;3;3;1;6;6;6;6;6;6;6;6;6;6;1;4;2;3;1;1;6;1;6;1;6;6;1;6;6;999;4;3;4;1;3;3;1;6;6;6;1;6;6;6;6;1;4;6;6;6;6;6;6;3;3;1;1;1973;1;999;999;2;1;     999;Magyar;9; ;1
294;1;2;2;1;0;1;999;0;1;4;0;999;2;4;999;4;3;1;6;6;6;6;6;6;6;6;6;6;1;4;4;4;1;1;6;1;6;1;6;6;5;6;6;999;4;1;4;1;3;3;1;6;6;6;1;6;6;6;6;1;999;6;6;6;6;6;6;4;5;2;999;1990;1;999;999;2;2; ;Roman;5; ;2
295;1;2;1;1;1;1;999;4;0;1;1;4;999;3;2;3;1;3;6;6;6;6;6;6;4;2;6;6;1;1;1;1;1;1;6;2;6;1;6;6;888;6;6;999;4;0;4;1;3;2;1;4;5;6;4;6;6;6;888;2;6;6;6;6;6;6;6;4;1;2;999;1968;1994;2;999;2;2; ;Roman;5; ;2
296;1;2;2;1;1;1;999;3;3;1;0;3;1;4;999;2;1;1;6;6;6;6;6;6;4;4;6;6;1;4;4;4;2;1;6;1;6;1;6;6;5;6;6;999;4;0;4;1;3;3;1;6;6;6;1;6;6;6;6;1;6;6;6;6;6;6;6;4;2;2;999;1964;1;999;999;2;2; ;Roman;5; ;2
297;1;2;1;1;1;0;999;4;0;2;0;4;999;2;999;2;3;1;6;6;6;6;6;6;6;5;6;6;1;4;4;4;1;1;6;6;6;1;6;6;1;6;6;999;4;0;4;1;3;1;1;6;6;6;1;6;6;6;6;1;6;6;6;6;6;6;6;2;2;2;999;1977;1;999;999;2;1;     999;Roman;6; ;2
298;1;2;2;0;1;1;999;3;0;1;0;2;999;4;999;3;3;1;6;6;6;6;6;6;6;4;6;6;1;4;1;3;2;6;6;1;6;1;6;6;6;6;6;999;3;1;4;1;3;2;1;4;6;6;1;6;6;6;999;4;6;6;6;6;6;6;6;3;5;2;999;1972;1;999;999;2;1;     999;Roman;5; ;2
299;1;2;2;1;1;0;999;3;0;2;0;4;999;3;999;2;3;1;6;6;6;6;6;6;5;1;2;6;1;4;1;3;1;1;6;6;6;1;6;6;6;6;6;999;4;2;4;2;3;3;1;5;6;6;1;6;6;6;2;1;3;888;6;6;6;6;6;1;3;2;999;1980;999;999;999;1;1;     999;Roma;4; ;2
300;1;2;2;1;1;1;999;3;0;1;0;4;999;4;999;2;4;1;6;6;6;6;6;6;4;1;6;6;1;2;4;4;1;1;6;1;6;1;6;6;6;6;6;999;4;0;4;1;3;3;1;6;6;6;5;6;6;6;4;1;6;888;6;5;4;6;6;1;4;2;999;1970;1;999;999;2;1;     999;Roman;6; ;2
301;1;2;2;1;1;0;999;2;0;4;0;3;999;3;999;4;4;1;6;6;6;6;6;6;5;6;6;6;4;4;3;3;4;1;6;2;6;1;6;6;4;6;6;999;4;1;4;1;3;3;1;6;6;6;1;6;6;6;6;1;6;6;6;6;6;6;6;2;1;1;999;1954;1;999;999;2;1;     999;Roman;5; ;1
302;1;2;2;1;1;1;999;4;1;1;0;4;1;4;999;2;3;1;6;6;6;6;6;6;4;5;6;6;2;4;4;4;2;2;6;1;6;2;6;6;4;6;6;999;3;1;4;1;3;3;1;6;4;6;1;6;6;6;5;1;6;6;6;4;4;6;6;2;1;2;999;1972;1;999;999;2;1;     999;Roman;5; ;1
303;1;2;1;1;1;1;999;1;2;1;0;3;2;3;999;2;1;1;6;6;4;6;6;6;6;1;6;6;3;4;4;4;1;1;6;1;6;1;6;6;1;6;6;999;4;1;4;1;3;3;1;6;6;6;5;6;6;6;6;1;6;6;6;6;6;6;6;2;1;2;999;2003;1;999;999;2;1;     999;Roman;1; ;2
304;1;2;1;1;1;1;999;3;0;0;1;2;999;999;2;2;3;3;6;6;2;6;6;6;6;2;6;6;888;1;3;3;1;1;6;1;6;1;6;6;5;6;6;999;4;3;4;2;3;3;1;4;5;6;5;5;5;6;5;1;6;6;6;6;6;6;6;2;1;2;999;1974;2011;1;2006;1;2; ;Roman;9; ;2
305;1;2;2;1;1;0;999;3;0;3;0;4;999;2;999;1;1;1;6;6;6;6;6;6;6;5;6;6;2;1;4;4;2;1;6;6;6;6;6;6;1;6;6;999;4;3;4;1;3;3;1;6;5;6;1;6;6;6;6;4;4;6;6;6;6;6;6;2;6;2;999;1964;1;999;999;1;999;     999;Roman;6; ;2
306;1;3;2;1;1;0;999;2;999;1;2;4;999;3;4;4;3;1;6;5;6;4;6;6;6;1;6;6;2;4;1;2;5;1;6;2;6;2;6;6;2;6;6;999;3;1;4;1;3;3;1;6;6;6;1;6;6;6;6;3;6;6;6;4;5;6;6;2;2;2;999;1951;2000;1;1951;1;1;     999;Roman;999; ;2
307;1;3;1;1;1;0;999;2;0;1;0;3;999;3;999;2;1;2;5;5;6;6;6;6;4;1;6;6;2;4;2;4;2;2;6;2;6;2;6;6;6;6;6;999;4;1;4;1;3;2;1;999;5;5;5;5;5;5;5;3;6;5;5;5;5;6;6;4;3;999;999;1956;1;999;999;2;1;     999;Magyar;5; ;2
308;1;3;2;1;1;0;999;3;0;1;0;3;999;3;999;2;3;2;5;5;5;5;6;6;4;2;6;6;888;4;1;4;3;3;6;2;6;2;5;6;2;6;999;999;3;1;4;1;3;1;1;5;999;999;2;999;5;999;5;999;6;6;6;5;4;6;6;4;3;2;999;1954;1;999;999;2;1;     999;Magyar;4; ;2
309;1;3;2;1;1;0;999;3;0;1;1;3;999;3;3;3;2;2;5;5;4;6;6;6;6;2;6;6;2;4;3;3;2;2;5;2;6;1;6;6;4;5;5;999;3;0;4;1;3;3;1;5;5;6;2;6;6;5;5;2;5;5;5;5;6;6;6;4;2;2;999;1984;2000;1;1984;2;1;     999;Magyar;5; ;2
310;1;3;2;1;1;0;999;4;0;2;1;3;999;3;3;2;3;1;6;6;6;6;6;6;6;4;6;6;2;4;2;4;2;3;5;3;6;2;6;6;5;5;5;999;4;2;4;1;3;2;1;5;5;6;1;6;6;5;5;2;6;5;5;6;6;6;6;3;3;2;999;1982;1;999;99;1;1;     999;Magyar;6; ;1
311;1;3;1;1;1;0;999;4;0;0;1;3;999;999;3;2;3;2;5;5;5;6;6;6;6;1;6;6;1;4;4;1;5;5;6;6;6;6;6;6;1;5;6;999;3;999;3;999;3;3;1;4;6;6;5;6;6;6;6;2;888;5;6;6;6;6;6;3;6;2;999;1982;2003;1;1982;1;1;     999;Magyar;4; ;2
312;1;3;2;1;1;0;999;2;0;1;0;3;999;3;999;2;1;5;5;5;4;6;6;6;4;2;6;6;1;4;2;4;1;3;888;2;6;2;5;4;4;5;5;999;3;999;3;1;3;2;2;888;4;6;2;6;4;5;4;2;6;5;6;2;5;6;6;3;1;2;999;1954;1;999;999;2;1;     999;Magyar;5; ;2
313;1;3;2;1;1;0;999;1;0;1;0;2;999;2;999;2;3;3;4;4;5;5;6;5;3;2;6;6;1;4;1;4;888;1;6;1;6;1;6;6;1;6;6;999;3;1;4;1;3;3;1;999;5;5;5;5;5;4;5;888;6;6;6;6;6;6;6;5;4;2;999;1945;1;999;999;2;1;     999;Roman;4; ;2
314;1;3;1;1;1;0;999;0;0;1;1;999;999;3;3;2;1;2;6;6;6;6;6;6;4;4;6;6;3;4;4;4;2;1;6;1;6;1;6;6;5;6;6;999;4;2;4;1;3;3;1;5;5;6;3;6;6;6;6;3;6;6;6;6;6;6;6;2;1;2;999;1949;1;999;999;2;1;     999;Roman;9; ;2
315;1;3;2;1;1;0;999;4;999;3;0;3;999;3;999;2;1;2;5;5;6;6;6;6;4;6;6;6;4;4;4;4;1;1;6;1;6;1;6;6;2;6;6;999;4;0;4;1;3;3;1;6;6;6;1;6;6;6;5;1;6;6;6;6;6;6;6;5;1;2;999;1947;1;999;999;2;1;     999;Roman;6; ;2
316;1;3;2;1;1;0;999;2;999;2;2;3;999;3;1;2;1;1;6;6;6;5;6;6;5;5;6;6;2;4;4;2;3;3;6;1;6;1;6;6;4;6;6;999;4;2;4;1;3;3;1;6;4;6;1;6;6;6;6;2;6;6;6;6;6;6;6;2;2;2;999;1945;1991;1;1945;2;1;     999;Roman;6; ;2
317;1;3;2;1;1;0;999;2;0;3;0;1;999;3;999;2;1;1;6;6;6;3;6;6;6;5;6;6;3;4;2;3;1;2;6;2;6;2;6;6;5;6;6;999;4;2;4;1;3;3;1;6;6;6;1;6;6;6;6;2;6;6;6;6;6;6;6;3;1;2;999;1953;1;999;999;2;1;     999;Roman;9; ;2
318;1;3;2;1;1;0;999;2;999;1;999;3;999;3;999;2;1;3;5;5;5;5;6;5;4;2;6;6;1;3;3;3;3;3;6;1;6;1;6;6;3;6;6;999;4;0;4;1;3;3;1;999;6;6;2;6;6;6;6;888;6;6;6;6;6;6;6;4;4;999;999;1932;1;999;999;2;1;     999;Roman;3; ;2
319;1;3;2;1;1;0;999;2;0;1;0;3;999;3;999;2;1;2;5;5;5;6;6;6;4;3;6;6;1;3;3;3;5;2;5;1;6;1;6;6;5;6;6;999;4;1;4;1;3;3;1;4;5;6;5;6;6;4;5;2;6;5;5;6;6;6;6;2;1;2;999;1947;1;999;999;2;1;     999;Roman;5; ;2
320;1;3;2;1;1;0;999;3;0;1;0;4;999;3;999;2;3;1;6;6;6;6;6;6;4;3;6;6;2;4;3;4;2;3;5;2;6;2;6;6;2;5;5;999;3;2;4;1;3;3;1;5;5;6;1;6;6;6;6;2;6;6;6;6;6;6;6;2;3;2;999;1956;1;999;999;2;1;     999;Roman;4; ;2
321;1;3;2;1;1;0;999;2;0;3;0;4;999;3;999;2;3;1;6;6;6;6;6;6;6;2;6;6;4;4;2;3;2;2;6;1;6;1;6;6;5;6;6;999;3;0;4;1;3;3;1;5;6;6;1;999;6;6;6;2;6;6;6;6;6;6;6;2;1;2;999;1951;1976;1;1951;2;1;     999;Roman;5; ;2
322;1;3;2;1;1;0;999;3;999;1;1;3;999;3;3;2;3;5;5;6;4;5;6;6;5;2;3;6;1;1;1;3;2;2;6;1;6;1;6;6;5;6;6;999;4;4;4;1;3;3;1;6;6;6;1;6;6;6;999;2;6;6;6;6;6;6;6;4;6;2;999;1972;2002;1;1972;1;1;     999;Roman;10; ;2
323;1;3;2;1;1;0;999;4;0;1;0;4;999;3;999;3;1;2;4;999;5;999;6;5;4;2;6;6;1;4;3;3;2;2;5;2;6;2;4;5;5;5;5;999;3;1;4;1;3;3;1;4;5;5;1;5;5;5;3;6;6;6;6;6;6;6;6;6;6;2;999;1955;1;999;999;2;1;     999;Roman;5; ;2
324;1;3;2;1;1;0;999;3;999;1;999;3;999;3;999;2;1;1;6;6;6;6;6;6;5;2;6;6;3;4;4;3;3;2;6;2;6;1;6;6;3;6;6;999;3;1;4;2;3;3;1;4;6;6;1;5;5;5;5;1;6;6;6;6;6;6;6;4;5;2;999;1968;1;999;999;2;1;     999;Roman;5; ;2
325;1;3;2;1;1;0;999;3;999;1;999;3;999;3;999;2;1;2;5;5;6;6;6;5;4;4;6;6;1;3;1;3;2;1;6;2;6;1;6;6;5;6;6;999;4;1;4;1;3;3;1;5;5;6;1;5;5;5;5;3;6;5;6;5;6;6;6;2;1;2;999;1950;1;999;999;2;1;     999;Roman;3; ;2
326;1;3;2;1;1;0;999;3;999;2;1;4;999;2;3;3;1;3;5;5;5;5;6;6;5;1;5;6;1;2;1;4;2;2;5;2;6;2;6;6;5;5;5;999;3;0;3;1;2;0;2;5;5;5;1;5;5;5;4;2;6;6;6;6;6;6;6;6;5;2;999;1974;1;999;999;2;1;     999;Roman;7; ;2
327;1;3;2;1;1;0;999;3;999;1;999;3;999;3;999;3;999;2;5;5;6;6;6;5;4;3;6;6;1;4;3;4;2;2;5;2;6;2;5;6;5;4;5;999;3;1;3;1;3;3;1;888;5;5;1;6;6;5;5;2;6;6;6;6;6;6;6;6;5;2;999;1942;1;999;999;2;1;     999;Roman;5; ;2
328;1;3;1;1;1;0;999;1;0;1;0;4;999;4;999;2;1;2;4;6;4;5;6;5;4;5;6;6;1;3;1;1;2;2;6;1;6;1;6;4;2;6;6;999;4;0;4;1;3;3;1;5;5;6;2;6;6;6;6;2;6;6;6;6;6;6;6;1;4;2;999;1950;1;999;999;2;1;     999;Roman;3; ;2
329;1;3;1;1;1;0;999;2;999;3;0;3;999;3;999;2;1;1;6;6;6;4;6;6;4;2;3;6;3;4;3;3;3;3;6;1;6;1;6;6;3;6;6;999;3;2;4;2;3;3;1;3;6;6;1;6;6;6;6;2;6;6;6;6;6;6;6;3;3;2;999;1969;1;999;999;2;1;     999;Roman;6; ;2
330;1;3;2;1;1;0;999;3;999;2;2;3;999;3;2;2;1;1;5;5;6;6;6;6;4;2;6;6;3;3;3;3;5;3;5;3;6;1;5;2;5;5;5;999;3;0;3;1;3;3;1;888;5;6;1;5;5;5;5;888;6;6;6;6;6;6;6;5;2;2;999;1956;1;999;999;2;1;     999;Roman;5; ;2
331;1;3;2;1;1;0;999;3;0;2;1;4;999;4;3;2;3;1;6;6;6;6;6;6;4;4;6;6;1;4;1;3;3;3;6;3;6;2;6;6;6;6;6;999;4;1;4;1;3;3;1;5;6;6;1;6;6;6;6;2;6;6;6;6;6;6;6;999;3;2;999;1975;1;999;999;2;1;     999;Roman;5; ;2
332;1;3;2;1;1;0;999;2;999;1;999;3;999;3;999;2;1;2;5;5;5;6;6;6;6;3;6;6;1;4;1;4;1;3;6;1;6;1;6;6;3;6;6;999;3;1;3;1;3;1;1;4;5;6;1;6;6;6;6;1;6;6;6;6;6;6;6;3;3;2;999;1989;1;999;999;2;1;     999;Roman;5; ;2
333;1;3;1;1;1;0;999;2;999;2;1;3;999;3;4;3;3;2;6;5;4;6;5;5;4;1;5;6;1;4;3;4;3;1;6;1;6;1;6;6;3;5;5;999;3;1;3;1;3;1;1;5;5;6;4;5;5;5;5;3;6;5;5;6;6;6;6;4;3;2;999;1980;2011;1;1980;1;1;     999;Roman;6; ;2
334;1;3;2;1;1;0;999;2;999;1;999;4;999;4;999;2;1;2;5;5;4;5;6;6;5;2;6;6;1;3;3;3;3;1;6;3;6;1;6;5;5;6;6;999;3;0;3;1;3;1;1;4;5;5;1;5;5;5;5;3;6;5;5;6;6;6;6;3;1;2;999;1969;1;999;999;2;1;     999;Roman;5; ;2
335;1;3;2;1;1;1;999;2;3;1;2;2;2;3;3;2;1;1;6;6;6;6;6;6;6;1;6;6;3;4;4;4;1;1;6;1;6;1;6;6;3;6;6;999;4;1;4;1;3;3;1;5;5;6;5;6;6;6;6;1;6;6;6;6;6;6;6;3;2;2;999;2001;1;999;999;2;1;     999;Magyar;1; ;2
336;1;3;1;1;0;1;999;999;0;0;2;999;999;2;4;4;3;1;6;6;6;4;6;6;6;6;6;6;4;4;4;4;4;1;6;1;6;1;6;6;4;6;6;999;999;3;999;1;3;1;1;6;6;6;1;6;6;6;6;1;6;6;6;6;6;6;6;3;2;2;999;1948;2004;999;999;2;1;     999;Roman;8; ;2
337;1;3;2;1;0;1;999;999;0;1;2;999;999;2;4;4;3;1;6;6;6;4;6;6;6;6;6;6;4;4;4;4;4;1;6;1;6;1;6;6;4;6;6;999;4;3;4;1;3;1;1;6;6;6;1;6;6;6;6;1;6;6;6;6;6;6;6;3;2;2;999;1951;2004;999;999;2;1;     999;Roman;5; ;2
338;1;3;1;1;0;1;999;0;1;1;0;999;2;2;999;1;1;4;6;6;4;6;5;6;6;6;6;6;3;4;4;4;3;1;6;1;6;1;6;6;4;6;6;999;4;1;4;1;3;2;1;6;6;6;1;6;6;6;6;2;6;6;6;6;6;6;6;2;1;2;999;1962;1997;999;999;2;1;     999;Roman;5; ;2
339;1;3;1;1;1;1;999;3;0;1;1;4;999;3;4;2;1;1;6;6;5;6;6;6;6;4;6;6;1;4;4;4;4;1;6;6;6;1;6;6;3;6;6;999;2;2;4;1;3;3;1;6;6;6;5;6;6;6;6;1;5;999;999;6;6;6;6;3;1;2;999;1979;1;999;999;2;1;     999;Roman;5; ;2
340;1;3;2;1;1;1;999;3;0;1;1;4;999;3;3;2;1;1;6;6;6;6;5;6;6;6;6;6;1;4;4;4;5;1;6;6;6;1;6;6;3;6;6;999;2;2;4;1;3;3;1;6;6;6;1;6;6;6;6;1;5;6;6;6;6;6;6;3;1;2;999;1968;2013;999;999;2;1;     999;Roman;5; ;2
341;1;3;2;1;1;1;999;3;3;2;2;2;2;3;3;2;2;1;6;6;3;6;6;6;6;2;6;6;3;4;3;3;2;1;6;1;6;1;6;6;3;6;6;999;4;2;4;1;3;1;1;5;5;6;3;6;6;6;6;1;6;6;6;5;5;6;6;2;1;2;999;2000;1;999;999;1;1;     999;Magyar;1; ;2
342;1;3;2;1;1;1;999;4;0;2;1;3;999;3;3;2;3;1;6;5;6;6;6;6;6;4;6;6;1;4;3;3;3;1;6;1;6;1;6;6;4;6;6;999;4;0;4;1;3;2;1;4;4;6;1;6;6;6;6;1;6;6;6;5;6;6;6;2;1;2;999;1968;1;999;999;2;1;     999; ;6; ;2
343;1;3;1;1;1;1;999;4;0;1;0;4;999;2;999;2;3;1;6;6;6;4;6;6;6;3;6;6;1;4;4;4;3;4;6;3;6;1;6;6;4;6;6;999;3;1;4;2;3;0;1;4;6;6;6;6;6;6;6;3;4;4;6;6;6;6;6;2;4;2;999;1970;1;999;999;2;1;     999; ;6; ;2
344;1;3;2;1;1;1;999;4;0;1;2;3;999;2;3;2;3;1;6;5;6;6;6;6;6;6;6;6;1;3;3;4;2;3;6;1;6;1;6;6;5;6;6;999;4;0;4;1;999;999;1;4;4;6;1;6;6;5;5;3;6;6;6;6;6;6;6;1;3;2;999;1972;1;999;999;2;1;     999;Magyar;5; ;2
345;1;3;1;1;1;1;999;4;0;1;1;3;999;2;3;2;3;1;6;6;6;6;6;6;6;6;6;6;1;1;3;4;3;3;6;1;6;2;6;6;4;6;6;999;4;0;4;1;3;0;1;4;5;6;4;6;6;6;6;3;4;6;6;6;6;6;6;1;2;2;999;1973;1;999;999;2;1;     999; ;6; ;2
346;1;3;2;1;1;0;999;3;0;1;0;2;999;2;999;3;3;1;5;5;4;999;5;6;6;5;6;6;1;4;4;1;3;2;6;2;6;1;5;6;999;5;6;999;4;2;4;1;3;3;1;5;4;5;1;6;6;6;5;2;6;6;6;6;6;6;6;1;5;2;999;1967;1;999;999;2;1;     999;Magyar;6; ;2
347;1;3;2;1;0;1;999;0;4;3;3;999;1;3;4;999;999;1;6;6;4;5;5;6;6;6;6;6;3;4;3;4;2;5;6;1;6;2;6;6;2;6;6;999;4;3;4;1;3;3;1;5;5;5;1;6;6;5;5;1;6;5;6;3;3;6;6;2;1;1;1;1974;1999;999;999;2;1;     999;Magyar;10; ;2
348;1;3;1;1;1;1;999;0;2;1;1;999;2;3;3;2;1;1;6;6;6;6;6;6;6;3;6;6;1;4;1;4;5;2;6;2;6;1;6;6;5;6;6;999;4;0;4;1;3;3;1;6;6;6;4;5;6;6;6;2;6;6;6;6;6;6;6;4;6;2;999;1991;2011;1;1991;1;1;     999;Roman;5; ;2
349;1;3;2;1;1;1;999;4;1;1;1;3;1;3;3;3;1;1;6;6;6;6;6;6;6;4;6;6;1;4;2;3;2;3;5;1;6;1;6;6;6;6;6;999;3;1;3;1;3;3;1;6;6;6;1;6;6;6;6;1;6;6;6;6;6;6;6;3;2;2;999;1979;1;999;999;1;1;     999;Magyar;5; ;2
350;1;3;2;1;1;1;999;3;1;1;1;3;2;3;4;3;3;3;5;5;5;5;5;5;5;2;6;6;1;4;4;4;2;2;5;1;6;1;6;6;2;6;6;999;4;2;4;1;3;3;1;4;5;6;1;5;5;5;5;1;6;5;5;5;6;6;6;3;1;2;999;1979;1;999;999;2;1;     999;Magyar;5; ;2
351;1;3;2;1;1;1;999;3;2;1;1;3;1;3;4;3;3;1;5;5;5;6;6;6;6;4;6;6;1;4;3;1;2;3;5;2;6;1;5;6;5;6;6;999;4;1;4;1;3;1;1;5;5;6;1;5;5;5;5;2;6;6;6;6;6;6;6;4;3;2;999;1974;1;999;999;2;2;     999;Magyar;5; ;2
352;1;3;1;1;1;1;999;4;4;1;2;3;3;1;2;3;2;2;5;5;5;4;6;6;6;3;6;6;3;4;4;4;2;2;6;1;6;1;6;6;3;6;6;999;4;2;4;1;3;3;1;5;5;5;5;5;5;6;6;6;6;6;6;6;6;6;6;1;4;2;999;1990;2011;1;1990;1;1;     999;Magyar;6; ;2
353;1;3;2;1;1;1;999;4;4;1;2;3;2;3;3;2;1;1;5;6;5;6;5;5;6;5;6;6;3;3;3;3;2;2;6;5;6;1;6;6;5;6;6;999;3;4;4;1;3;3;1;5;6;6;2;6;6;6;5;2;6;6;6;6;6;6;6;5;5;2;999;1995;2011;1;1995;1;1;     999;Magyar;4; ;2
354;1;3;2;1;1;1;999;4;2;3;3;4;2;2;3;3;2;1;6;6;5;6;6;6;6;4;6;6;1;4;4;2;5;1;6;1;6;1;6;6;5;6;6;999;3;2;3;1;3;0;1;5;6;6;1;6;6;6;6;1;6;6;6;6;6;6;6;1;5;2;999;2001;1;999;999;1;1;     999;Magyar;1; ;2
355;1;3;2;1;1;1;999;4;0;1;1;4;999;4;4;4;3;1;6;6;5;6;6;6;6;6;6;6;1;4;1;1;5;4;6;4;6;1;2;6;6;6;6;999;3;2;4;1;3;3;1;6;5;6;1;5;5;5;5;1;6;6;6;2;4;6;6;2;1;2;999;1963;1;999;999;2;1;     999;Magyar;6; ;1
356;1;3;1;1;1;1;999;4;0;1;0;3;999;2;999;2;1;1;6;6;6;6;6;6;4;4;6;6;1;4;1;4;2;2;6;1;6;1;6;6;5;6;6;999;4;1;4;1;3;3;1;5;5;5;5;5;5;5;5;888;6;6;6;6;6;6;6;3;2;2;999;1942;999;999;999;2;1;     999;Magyar;999; ;2
357;1;3;2;1;1;1;999;3;0;1;1;3;999;3;3;2;4;1;6;6;6;6;6;6;6;5;6;6;1;3;1;1;3;3;6;3;6;1;6;6;4;6;6;999;3;0;3;1;3;1;1;888;5;5;1;6;6;6;6;3;6;6;6;6;6;6;6;3;3;999;999;1970;1;999;999;2;1;     999;Roman;5; ;2
358;1;3;2;1;1;1;999;2;3;1;2;2;2;3;3;2;2;2;6;6;4;5;6;6;6;2;6;6;3;4;4;4;1;1;6;1;6;1;6;6;4;5;5;999;3;1;2;1;3;3;1;5;6;6;2;6;6;5;5;1;6;6;6;5;6;6;6;2;1;2;999;2004;1;999;999;2;1;     999;Magyar;1; ;2
359;1;3;2;1;1;1;999;4;4;3;4;2;3;2;4;2;3;1;6;6;6;6;6;6;6;6;6;6;4;4;4;4;3;1;6;1;6;1;6;6;4;6;6;999;3;3;0;1;3;1;1;6;6;6;1;6;6;6;6;1;6;6;6;4;5;6;6;999;999;1;1;1997;1;999;999;2;1;     999;Magyar;1; ;2
360;1;3;1;1;0;1;999;0;3;1;3;999;2;4;4;1;1;1;6;6;6;6;6;6;6;1;6;6;1;4;4;4;2;1;6;1;6;1;6;6;4;6;6;999;4;2;4;1;1;0;1;6;4;6;1;6;6;6;6;2;999;4;6;6;6;6;6;1;4;2;999;1983;1;999;999;1;1;     999;Roman;5; ;2
361;1;3;1;1;0;1;999;0;3;1;3;999;2;4;4;1;1;1;6;6;6;6;6;6;6;1;6;6;1;4;4;4;2;1;6;1;6;1;6;6;4;6;6;999;4;2;4;1;1;0;1;6;4;6;1;6;6;6;6;1;999;3;6;6;6;6;6;1;4;2;999;2001;1;999;999;2;2;     999;Roman;1; ;2
362;1;3;2;1;0;1;999;999;3;0;3;999;3;999;4;1;1;2;6;5;6;3;6;6;6;6;6;6;1;4;4;4;5;1;6;6;6;1;6;6;1;6;6;999;4;0;4;1;3;2;1;6;6;6;4;6;6;6;6;3;6;6;6;6;6;6;6;3;1;2;999;1946;2001;1;1949;2;1;     999;Roman;5; ;2
363;1;3;1;1;0;1;999;999;3;0;0;999;3;999;999;1;1;2;6;6;6;5;4;6;6;6;6;6;1;4;4;4;5;1;6;6;6;1;6;6;1;6;6;999;4;0;4;1;3;1;1;6;6;6;4;6;6;6;6;3;6;6;6;6;6;6;6;3;1;2;999;1951;2001;1;1951;2;1;     999;Roman;3; ;2
364;1;3;1;1;0;1;999;0;3;0;0;999;2;999;999;1;1;1;6;6;6;6;6;6;6;4;6;6;1;4;4;4;4;1;6;1;6;1;6;6;4;6;6;999;4;2;4;1;3;1;1;6;6;6;5;6;6;6;6;1;6;6;6;6;6;6;6;4;1;2;999;1961;1994;1;1961;2;2;     999;Roman;5; ;2
365;1;3;2;1;1;1;999;3;0;1;2;3;999;3;2;2;2;2;6;5;5;4;6;5;4;2;6;6;1;4;2;4;2;2;5;2;6;2;5;6;4;5;5;999;1;1;0;1;3;1;1;4;4;5;1;5;5;5;5;1;5;4;5;4;6;6;6;4;1;2;999;1963;1;999;999;2;1;     999;Magyar;6; ;2
366;1;3;2;1;0;1;999;999;3;0;3;999;2;999;4;2;2;1;6;6;6;6;6;6;6;5;6;6;1;4;4;4;4;1;6;1;6;1;6;6;4;6;6;999;4;2;4;1;3;1;1;6;6;6;1;6;6;6;6;1;6;6;6;6;6;6;6;4;1;2;999;1956;1994;1;1956;2;1;     999;Roman;3; ;2
367;1;3;1;1;1;1;999;4;1;0;2;4;4;999;4;2;1;2;5;5;5;5;6;6;4;5;6;6;3;4;3;3;2;2;5;2;6;1;5;6;5;5;5;999;3;1;3;1;3;3;1;5;6;5;2;6;6;4;5;1;5;5;5;4;5;6;6;5;1;2;999;1971;1;999;999;2;1;     999;Magyar;5; ;2
368;1;3;2;1;1;1;999;1;3;1;1;3;2;3;3;2;3;3;4;4;3;4;6;5;6;2;4;6;1;3;3;4;4;4;6;3;6;2;5;6;2;5;6;999;3;2;1;1;2;1;3;3;4;5;3;4;4;5;5;3;4;5;5;6;5;6;6;2;3;2;999;1997;1;999;999;2;1;     999;Magyar;1; ;2
369;1;3;2;1;1;1;999;2;2;2;2;3;2;3;3;2;1;3;5;5;4;5;6;5;5;2;6;6;2;4;2;3;2;1;5;2;6;2;4;6;3;4;5;999;2;1;2;1;3;1;1;4;5;5;1;5;5;5;5;1;6;6;6;5;6;6;6;4;2;999;999;1970;1;999;999;2;1;     999;Roman;5; ;2
370;1;3;2;1;1;1;999;2;3;1;1;3;2;2;3;2;1;4;6;5;2;1;5;5;6;5;5;6;3;4;3;4;2;1;5;1;6;2;5;6;5;6;5;999;4;1;0;1;2;0;1;4;5;4;1;5;5;3;4;1;6;5;6;5;4;6;6;1;1;2;999;1993;1;999;999;2;1;     999;Magyar;6; ;2
371;1;3;1;1;1;1;999;1;3;2;2;2;2;2;2;2;3;5;5;5;3;5;6;5;6;2;6;6;1;4;1;4;5;3;6;2;6;2;5;6;5;6;6;999;4;0;1;1;3;3;1;4;4;5;5;5;5;5;5;2;6;6;5;6;6;6;6;6;6;2;999;1979;2011;1;1979;2;2;     999;Roman;5; ;2
372;1;3;1;1;1;1;999;3;0;1;0;2;999;3;999;2;1;3;6;6;4;6;6;6;4;3;6;6;1;4;1;3;2;2;6;1;6;1;5;6;5;6;6;999;3;1;1;1;3;3;1;4;5;5;6;6;6;5;5;1;6;5;5;6;6;6;6;2;4;2;999;1981;1;999;999;2;2;     999;Roman;5; ;2
373;1;3;1;1;1;1;999;3;0;2;0;2;999;4;999;2;1;2;5;5;5;5;6;6;5;5;6;6;3;4;1;4;5;3;5;1;6;2;6;6;4;6;6;999;4;2;0;1;3;3;1;3;6;6;6;6;6;5;4;2;6;6;6;6;6;6;6;4;2;2;999;1960;1;999;999;2;2;     999;Roman;5; ;2
374;1;3;2;1;1;1;999;2;3;1;1;2;2;2;3;2;1;2;5;5;5;5;5;5;4;2;6;6;1;4;1;4;2;2;6;2;6;2;5;6;5;5;3;999;3;0;1;1;3;2;1;4;4;6;1;6;6;6;5;1;6;6;6;6;6;6;6;4;1;2;999;1986;2011;1;1986;2;2;     999;Roman;4; ;2
375;1;3;2;1;0;0;999;0;0;0;0;999;999;999;999;999;999;6;6;6;1;6;6;6;6;5;6;6;2;3;4;4;3;1;6;1;6;1;6;6;4;6;6;999;2;1;1;1;3;1;1;6;5;6;1;6;6;6;6;1;4;6;6;1;6;6;6;3;5;2;999;1954;1;999;999;2;1;     999;Magyar;5; ;2
376;1;3;1;999;1;1;999;4;2;0;0;3;2;2;999;2;1;4;6;6;6;6;6;6;6;5;6;6;1;4;4;4;4;6;6;2;6;6;6;6;3;6;6;999;4;1;3;1;1;0;1;6;6;6;3;6;6;6;6;2;5;6;6;6;6;6;6;2;2;999;999;1984;1;999;999;2;2;     999;Roman;4; ;2
377;1;3;1;1;0;1;999;0;4;0;0;999;2;999;999;999;999;4;5;6;4;6;5;6;6;2;5;6;2;4;4;4;4;3;6;2;6;1;6;6;4;6;6;999;1;1;4;1;1;0;1;6;5;6;6;6;6;888;5;888;4;6;6;6;6;6;6;2;2;2;999;2002;1;999;999;2;2;     999;Roman;1; ;2
378;1;3;1;1;1;1;999;4;2;2;0;2;2;2;999;2;1;1;6;6;6;6;6;6;6;2;2;6;1;4;4;4;888;2;6;1;6;6;5;6;3;6;6;999;0;1;0;1;1;0;1;5;3;6;4;999;4;4;6;888;5;6;6;5;6;6;6;4;6;2;999;2002;1;999;999;2;2;     999;Roman;1; ;2
379;1;3;1;1;1;1;999;3;4;2;2;3;1;3;4;2;2;1;6;6;6;6;6;6;6;6;6;6;2;4;4;4;3;3;6;1;6;2;5;6;1;6;6;999;3;1;4;1;3;2;1;6;6;6;1;6;6;6;6;1;6;6;6;6;6;6;6;2;1;2;999;1970;1;999;999;2;2;     999;Roman;5; ;2
380;1;3;1;1;1;1;999;3;0;2;0;3;999;4;999;2;2;3;5;5;6;5;5;5;4;3;6;6;1;4;3;4;5;2;5;2;5;2;5;5;5;5;5;999;2;1;4;1;3;3;1;5;5;5;2;6;6;6;5;1;6;5;5;4;6;6;6;2;1;2;999;1958;1989;1;1958;1;1;     999;Roman;6; ;2
381;1;3;1;1;1;0;999;0;0;0;0;999;999;999;999;999;999;2;5;5;6;6;6;6;4;4;6;6;1;4;2;3;3;4;6;3;6;2;5;6;888;6;6;999;3;0;3;1;3;3;1;5;5;6;2;6;6;5;4;2;6;6;6;1;6;6;6;5;2;2;999;1938;1;999;999;2;1;     999;Magyar;3; ;2
382;1;3;2;1;0;1;999;0;0;2;2;999;999;3;3;2;1;2;6;5;4;5;6;6;4;5;6;6;3;4;3;4;2;2;6;2;6;2;5;6;5;5;5;999;1;1;4;1;3;2;1;5;5;5;1;6;6;5;5;2;5;6;6;6;6;6;6;4;3;2;999;1927;1956;1;1927;2;1;     999;Magyar;999; ;2
383;1;3;2;1;1;1;999;2;3;2;2;2;2;3;3;2;1;2;6;6;4;6;6;6;6;2;5;6;3;4;4;4;2;1;6;1;6;1;6;6;5;6;6;999;2;2;4;1;3;1;1;5;5;6;2;6;6;6;6;1;6;6;6;6;6;6;6;3;3;2;999;2001;1;999;999;2;1;     999;Magyar;1; ;2
384;1;3;1;1;0;1;999;0;0;1;1;999;999;1;1;2;2;3;6;6;6;6;6;6;4;3;6;6;1;4;4;4;2;2;6;1;6;1;5;6;6;6;6;999;3;0;4;1;3;3;1;5;5;3;3;5;5;5;999;2;6;6;6;5;6;6;6;3;2;2;999;1986;1;999;999;2;1;     999;Roman;5; ;2
385;1;3;1;1;1;0;999;3;999;1;1;3;999;3;1;2;1;2;5;5;6;6;6;5;4;4;6;6;3;4;4;4;888;2;6;2;6;2;6;6;6;6;6;999;2;1;3;1;3;3;2;6;6;6;4;6;6;6;6;888;6;6;6;6;6;6;6;4;3;2;999;1949;1970;1;1949;2;1;     999;Roman;4; ;2
386;1;3;1;1;1;0;999;0;0;1;1;999;999;3;3;3;3;4;6;6;3;6;6;6;6;2;5;6;1;4;1;4;2;2;6;1;6;1;6;6;6;6;6;999;2;0;2;1;3;3;1;6;6;6;1;6;5;6;6;2;6;6;6;6;3;6;6;2;1;2;999;1987;2011;1;1987;2;2;     999;Roman;9; ;2
387;1;3;2;1;1;1;999;4;4;1;4;3;1;2;3;1;2;1;5;6;6;4;6;6;6;5;6;6;3;3;1;4;2;2;5;2;6;1;6;6;6;6;6;999;2;0;1;1;3;3;1;5;5;5;1;6;6;6;999;2;999;3;5;5;6;6;6;2;3;2;999;1996;1;999;999;2;1;     999;Magyar;6; ;2
388;1;3;2;1;1;1;999;4;2;3;3;3;2;3;4;3;1;1;6;4;6;6;6;6;6;5;6;6;1;888;1;3;2;1;6;1;6;1;6;6;5;6;6;999;2;0;4;1;2;0;1;4;5;5;1;5;5;5;5;2;5;5;5;6;6;6;6;2;2;2;999;1981;2003;1;1981;1;2; ;Roman;5; ;2
389;1;3;1;1;1;0;999;1;0;1;1;3;999;4;4;2;3;3;6;6;3;6;6;6;4;3;6;6;1;4;3;3;2;2;6;2;6;2;6;6;5;5;5;999;3;0;4;1;3;3;1;5;5;5;3;5;6;6;5;2;6;6;6;6;6;6;6;5;2;2;999;1977;1992;1;999;2;1;     999;Roman;6; ;2
390;1;3;1;1;1;0;999;1;0;1;1;2;999;2;2;2;1;2;5;5;4;2;6;6;4;1;6;6;1;4;1;4;2;2;6;1;6;1;6;6;6;6;6;999;3;0;4;1;3;1;1;5;5;5;6;6;6;5;5;888;6;6;6;6;6;6;6;3;3;2;999;1954;1;999;999;2;1;     999;Magyar;6; ;6
391;1;3;2;1;1;1;999;3;1;1;1;3;1;3;3;2;999;3;5;5;4;5;5;5;5;3;6;6;1;4;3;3;2;2;5;2;6;1;6;6;6;6;6;999;3;1;4;1;3;1;1;5;5;6;1;6;6;6;6;2;6;6;6;6;6;6;6;2;2;2;999;1986;2010;1;1986;2;1;     999;Roman;5; ;2
392;1;3;2;1;1;1;999;2;1;1;0;2;1;3;999;2;4;3;5;5;5;6;6;6;4;1;6;6;1;4;1;4;999;2;5;1;6;1;5;6;3;6;6;999;4;1;4;1;3;1;1;4;5;6;1;5;5;5;5;2;6;5;5;6;6;6;6;6;2;2;999;1969;2003;1;1969;2;1;     999;Magyar;6; ;2
393;1;3;2;1;1;1;999;3;0;1;1;3;999;3;3;2;3;1;5;5;5;6;6;6;4;3;6;6;1;3;3;3;1;2;6;1;6;2;6;6;5;6;6;999;4;1;4;1;3;3;1;5;4;6;1;5;5;5;5;2;6;6;6;6;6;6;6;4;2;2;999;1953;1;999;2;2;1;     999;Magyar;4; ;2
394;1;3;2;1;1;1;999;2;1;1;1;1;1;1;1;2;3;2;5;5;2;5;6;6;5;2;5;6;4;4;4;4;5;2;6;5;6;1;5;6;5;2;5;999;4;1;4;1;3;0;1;5;4;5;1;5;5;5;5;1;6;6;6;6;6;6;6;2;6;2;999;1989;1990;1;1989;2;1;     999;Magyar;3; ;2
395;1;3;2;1;1;1;999;3;3;1;0;2;4;2;999;2;2;1;5;5;5;6;6;6;6;5;6;6;3;4;1;2;2;1;5;3;6;2;6;6;3;5;3;999;4;0;4;1;3;0;2;5;5;4;5;6;4;3;6;1;6;3;6;5;4;6;6;3;1;2;999;2001;1;999;999;2;2;     999;Magyar;1; ;2
396;1;3;2;1;1;1;999;2;2;1;1;3;1;3;3;2;1;3;5;5;4;6;6;6;6;2;6;6;1;3;1;3;2;2;6;1;6;1;5;6;5;5;5;999;4;0;4;1;3;2;1;4;4;5;1;5;5;5;5;1;6;6;6;6;6;6;6;6;2;2;999;1989;1991;1;1989;1;1;     999;Magyar;4; ;2
397;1;3;2;1;1;1;999;4;0;1;1;3;999;3;3;2;1;2;6;6;6;6;6;6;6;5;6;6;3;4;1;4;1;1;6;1;6;1;6;6;6;6;6;999;4;1;4;1;3;3;1;888;5;6;5;6;5;5;5;1;6;6;6;2;6;6;4;5;2;2;999;1953;1;999;999;2;1;     999;Magyar;6; ;2
398;1;3;2;1;1;1;999;3;0;2;0;2;999;3;999;2;3;4;5;5;4;5;5;5;5;1;6;6;1;4;1;4;1;1;6;1;6;1;6;6;6;6;6;999;4;0;4;1;3;3;1;5;5;6;1;6;5;5;5;1;6;6;6;6;6;6;6;6;1;2;999;1971;1;999;999;2;1;     999;Magyar;5; ;2
399;1;3;1;1;1;0;999;4;999;1;0;4;999;4;999;3;3;1;6;6;6;4;999;6;6;4;6;6;1;1;4;3;4;1;6;1;6;1;6;6;3;6;6;999;4;2;4;1;3;0;1;5;6;6;4;6;6;6;5;4;6;6;6;6;6;6;6;3;1;2;999;1970;1;999;999;2;1;     999;Magyar;6; ;2
400;1;3;2;1;1;1;999;3;0;1;0;3;999;4;999;2;3;2;5;5;4;6;6;6;5;3;6;6;1;4;2;4;2;1;6;1;6;1;5;6;5;6;6;999;4;0;4;1;3;3;1;5;5;6;1;6;6;5;5;1;6;6;6;6;6;6;6;2;4;2;999;1967;1;999;999;2;1;     999;Magyar;5; ;2
401;1;3;1;1;1;0;999;3;0;3;0;4;999;3;999;1;1;3;6;6;6;6;6;6;6;6;6;6;2;2;4;4;3;1;6;4;6;2;6;6;3;3;6;999;3;2;0;1;3;3;1;6;6;6;1;6;6;6;6;6;6;5;6;6;6;6;6;1;6;2;999;1981;1;999;999;1;1;     999;Roman;2; ;2
402;1;3;2;1;1;1;999;2;2;2;1;3;1;3;3;2;3;3;5;5;4;5;6;6;5;3;6;6;2;4;2;3;5;3;6;3;6;1;5;6;3;5;5;999;4;1;4;1;3;1;1;4;4;6;1;5;5;5;5;1;6;6;5;6;6;6;6;4;3;999;999;1970;1;999;999;2;1;     999;Magyar;5; ;2
403;1;3;2;1;1;0;999;3;0;2;0;3;999;3;999;2;3;2;6;6;5;6;6;6;6;3;6;6;1;3;3;3;3;2;6;1;6;1;5;6;4;6;6;999;3;0;2;1;3;1;1;4;5;6;1;6;6;5;6;1;6;6;6;6;6;6;6;4;4;2;999;1974;1;999;999;1;1;     999;Roman;5; ;2
404;1;3;2;1;1;1;999;4;0;3;3;4;999;3;3;1;3;1;6;6;6;6;6;6;6;6;6;6;3;4;4;3;3;6;6;4;6;1;6;3;3;4;6;999;4;2;4;1;3;1;1;2;4;6;1;6;6;6;6;6;6;6;6;1;3;6;6;1;1;2;999;1979;1;999;999;1;1;     999;Magyar;5; ;2
405;1;3;2;1;1;0;999;3;999;3;2;3;999;2;999;1;3;1;6;6;6;6;4;6;6;6;6;6;4;4;4;4;1;1;6;1;6;1;6;6;4;6;6;999;4;2;4;1;2;1;1;6;6;6;1;6;6;6;5;1;4;6;6;4;3;6;6;2;2;2;999;1967;2002;1;1967;1;1;     999;Roman;5; ;2
406;1;3;1;1;1;0;999;3;0;3;2;3;999;2;999;1;3;1;6;6;6;6;4;6;6;6;6;6;4;4;4;4;1;1;6;1;6;1;6;6;4;6;6;999;4;2;4;1;2;1;1;6;6;6;4;6;6;6;5;1;4;6;6;4;3;6;6;2;3;2;999;1970;2002;999;999;1;1;     999;Roman;6; ;2
407;1;3;1;1;1;1;999;3;0;1;0;2;999;4;999;1;3;1;6;6;6;6;6;6;6;4;6;6;4;4;4;4;1;1;6;1;6;1;6;6;4;6;6;999;4;2;4;1;3;2;1;6;6;6;4;6;6;6;5;1;4;6;6;4;3;6;6;1;3;2;999;1993;2002;1;1993;1;1;     999;Roman;6; ;2
408;1;3;2;1;1;1;999;3;4;1;1;3;3;3;1;2;2;2;2;4;4;2;6;6;3;1;6;6;1;1;1;1;2;3;5;2;6;5;2;6;6;2;2;999;4;0;4;1;999;999;1;4;4;5;1;5;5;4;4;1;2;5;5;6;5;6;6;3;2;2;999;2000;1;999;999;1;1;     999;Magyar;1; ;2
409;1;3;2;1;1;1;999;4;3;3;3;3;2;3;1;2;3;1;4;5;4;3;6;4;6;1;5;6;4;4;3;4;5;2;6;3;5;5;5;6;2;5;5;999;3;1;4;1;1;0;1;5;5;5;1;6;6;4;5;1;5;3;5;6;4;6;6;2;2;2;999;2001;1;999;999;2;1;     999;Magyar;1; ;2
410;1;3;1;1;1;1;999;2;4;1;1;2;2;2;3;2;1;3;6;6;4;6;6;6;6;1;5;6;3;4;3;4;1;1;6;1;6;1;6;6;2;6;6;999;3;999;3;1;3;3;1;5;6;6;4;6;6;6;6;1;6;6;6;4;6;6;6;3;2;2;999;2001;1;999;999;2;1;     999;Magyar;1; ;2
411;1;3;2;1;0;0;999;0;999;1;0;999;999;3;999;2;1;2;6;6;6;6;6;6;4;2;6;6;1;4;1;4;2;2;6;1;6;1;5;6;6;6;6;999;4;0;4;1;3;1;1;888;5;6;2;6;6;6;6;2;6;6;6;6;6;6;6;3;3;2;999;1998;1;999;999;2;1;     999;Magyar;5; ;2
412;1;3;1;1;1;1;999;1;3;1;2;2;1;3;3;2;1;2;5;6;1;6;6;6;6;1;5;6;1;2;2;4;1;1;6;6;6;1;999;6;999;999;6;999;3;2;4;1;1;0;1;6;999;999;6;6;999;999;999;1;5;999;999;3;6;6;6;1;3;2;999;2004;1;999;999;2;1;     999;Magyar;1; ;2
413;1;3;1;1;1;0;999;2;0;1;0;2;999;2;999;2;1;1;6;6;6;6;6;6;6;6;6;6;3;4;4;4;1;1;6;6;6;1;6;6;5;6;6;999;2;3;4;1;3;1;1;6;6;6;1;6;6;6;6;1;5;6;6;4;5;6;6;1;1;2;999;1977;1;999;999;2;1;     999;Roman;9; ;2
414;1;3;2;1;1;0;999;2;0;1;1;2;999;3;3;2;2;2;6;6;4;5;6;6;6;2;6;6;1;4;3;3;2;1;6;1;6;1;6;6;5;5;5;999;4;1;4;1;3;0;1;4;5;6;4;6;6;6;5;1;6;5;5;6;6;6;6;3;2;2;999;1999;1;999;999;2;1;     999;Magyar;1; ;2
415;1;3;1;1;0;1;999;999;2;1;1;999;2;2;4;2;3;4;6;6;5;6;6;6;6;4;5;6;4;4;4;4;4;4;6;1;6;1;6;6;4;6;5;999;3;1;2;1;3;3;1;5;5;5;1;6;6;5;5;1;6;6;6;6;6;6;6;1;1;2;999;1988;1;999;999;1;1;     999;Magyar;9; ;2
416;1;3;2;1;1;0;999;3;0;2;1;2;999;3;3;2;1;2;5;5;4;6;6;5;5;3;6;6;1;4;1;1;5;2;5;2;6;1;5;5;5;5;5;999;4;0;4;1;2;0;1;4;4;5;3;5;5;5;5;2;6;6;6;6;6;6;6;3;3;999;999;1965;1;999;999;2;1;     999;Roman;5; ;2
417;1;3;1;1;1;1;999;4;0;1;1;2;999;3;3;2;3;2;5;5;4;5;6;5;5;2;6;6;1;4;1;4;2;2;6;2;6;2;5;6;5;5;5;999;3;1;3;1;3;2;1;5;5;5;6;5;6;5;5;1;6;5;5;6;6;6;5;3;3;2;999;1990;1;999;999;999;1;     999;Magyar;9; ;2
418;1;3;1;1;1;0;999;4;0;0;0;4;999;999;999;999;1;1;6;6;6;6;6;6;6;3;6;6;2;4;2;2;2;5;6;6;6;2;6;6;5;6;6;999;3;0;4;1;3;3;1;6;5;6;6;6;6;6;6;1;6;6;6;6;6;6;6;3;2;2;999;1953;1;999;999;2;1;     999;Magyar;6; ;2
419;1;3;2;1;1;0;999;3;0;1;0;3;999;3;999;2;4;2;5;4;5;5;6;6;6;3;6;6;1;4;1;1;5;3;5;2;6;2;5;5;5;5;5;999;4;0;4;1;3;3;2;888;5;5;2;5;5;5;5;999;6;5;5;6;6;6;6;3;2;2;999;1950;1;999;999;2;1;     999;Magyar;5; ;2
420;1;3;2;1;1;0;999;2;0;1;0;3;999;3;999;2;1;3;5;5;5;5;6;5;4;2;6;6;1;3;2;2;2;2;6;2;6;2;5;5;5;6;6;999;3;1;4;1;3;2;1;4;4;5;2;5;5;5;5;2;5;5;5;5;6;6;5;1;1;2;999;1967;1;999;999;2;1;     999;Magyar;5; ;2
421;1;3;2;1;1;1;999;3;2;2;0;2;1;4;999;2;3;1;6;6;6;6;6;6;6;4;6;6;2;4;4;4;2;2;6;6;6;1;6;6;6;6;4;999;4;1;4;1;3;2;1;4;5;6;1;6;6;6;5;1;6;6;6;4;6;6;6;4;2;1;999;1957;1;999;999;1;1;     999;Magyar;4; ;2
422;1;3;2;1;1;1;999;4;3;1;0;2;1;3;999;2;3;2;5;5;4;6;6;6;4;2;6;6;2;4;2;4;2;2;6;1;6;1;6;6;6;6;6;999;3;1;4;1;3;2;1;5;5;6;2;6;6;6;5;2;6;6;6;6;6;5;5;2;1;2;999;1968;1;999;999;2;1;     999;Magyar;6; ;2
423;1;3;1;1;1;0;999;3;0;2;2;2;999;3;4;3;1;2;5;5;3;5;5;5;5;5;5;5;4;4;4;4;2;2;6;2;6;2;5;5;5;5;5;999;3;3;3;1;3;3;1;5;5;5;2;5;5;5;5;1;5;5;5;2;6;6;6;2;1;2;999;1982;1986;1;1982;1;1;     999;Magyar;9; ;2
424;1;3;1;1;1;1;999;4;0;3;3;3;999;3;3;2;3;2;5;5;2;4;5;6;4;1;6;6;1;1;1;4;2;3;5;2;6;2;5;5;5;5;5;999;3;1;4;1;2;0;1;4;4;4;2;5;5;5;4;1;6;5;5;5;6;6;5;2;1;2;999;1966;1985;1;1966;2;1;     999;Magyar;6; ;2
425;1;3;1;1;1;0;999;2;0;2;0;2;999;2;999;2;1;2;6;6;3;6;6;6;6;4;6;6;1;4;1;3;2;2;6;1;6;1;6;6;4;6;6;999;2;2;3;1;1;2;1;4;5;6;2;6;5;5;5;2;6;6;5;6;5;6;6;2;2;2;999;2005;2007;1;999;2;1;     999;Magyar;1; ;2
426;1;3;2;1;1;0;999;4;0;3;3;3;999;2;4;2;2;1;6;6;6;6;6;6;6;3;6;6;2;4;4;3;5;2;5;5;5;2;5;5;4;5;5;999;3;2;4;1;3;3;2;5;5;5;1;5;5;5;999;5;5;5;5;6;6;6;6;4;5;2;999;1950;1;999;999;2;1;     999;Magyar;6; ;2
427;1;3;2;1;1;0;999;4;0;2;2;4;999;3;4;2;3;1;6;6;6;6;6;6;4;3;6;6;1;4;1;4;3;2;6;2;6;2;999;5;5;5;5;999;3;1;4;2;3;2;1;888;4;6;1;6;6;6;6;999;2;6;6;6;6;6;6;3;1;2;999;1955;1981;1;1955;2;1;     999;Roman;5; ;2
428;1;3;1;1;1;0;999;4;999;1;1;3;999;3;3;2;1;2;5;5;5;5;6;6;4;2;6;6;1;4;2;3;2;2;6;2;6;1;5;5;5;6;6;999;4;1;4;2;3;3;1;4;4;5;4;5;5;5;5;2;6;6;5;6;6;6;6;4;3;2;999;1960;1;999;999;2;1;     999;Roman;5; ;2
429;1;3;1;1;1;0;999;2;0;1;1;3;999;3;3;2;4;2;6;6;4;4;6;6;4;6;6;6;1;3;3;3;2;2;6;1;6;2;6;6;5;6;6;999;3;2;4;1;2;0;1;5;5;5;1;5;5;5;5;2;5;5;5;6;6;6;5;1;5;2;999;1982;2003;1;1982;1;1;     999;Magyar;5; ;2
430;1;3;1;1;0;1;999;999;3;1;1;999;3;3;4;4;3;6;6;6;1;6;6;6;5;4;6;6;4;4;2;4;2;1;6;1;6;1;6;6;5;6;6;999;2;1;4;0;3;2;1;6;6;6;1;6;6;6;6;1;6;6;6;6;6;6;6;2;1;2;999;1984;2007;1;1984;2;1;     999;Roman;10; ;2
431;1;3;1;1;1;1;999;3;0;0;0;2;999;999;999;1;3;3;6;6;4;6;6;6;999;5;6;6;1;3;4;4;3;1;6;999;999;1;999;6;999;999;6;999;3;2;4;1;3;3;1;6;6;6;6;6;6;6;999;1;999;6;6;6;5;6;6;3;1;2;999;1965;1985;999;999;2;1;     999;Roman;9; ;2
432;1;3;1;1;1;0;999;2;0;2;1;2;999;2;1;2;3;1;6;6;4;6;6;6;5;3;6;6;3;4;3;3;2;1;6;1;6;1;6;6;5;6;6;999;3;1;4;1;3;3;1;6;6;6;2;6;6;6;6;1;6;6;6;6;6;6;6;2;1;2;999;1983;2014;1;999;1;1;     999;Magyar;10; ;2
433;1;3;2;1;1;0;999;2;0;3;1;2;999;2;1;2;3;1;6;6;6;4;2;6;6;6;6;6;4;4;4;4;3;1;6;1;6;1;6;3;999;6;6;999;4;3;4;1;3;1;1;6;6;6;1;6;6;6;6;1;5;6;6;6;5;6;6;2;1;2;999;1982;2014;1;999;999;1;     999;Magyar;6; ;2
434;1;3;2;1;1;0;999;4;0;3;0;4;999;3;999;2;4;1;6;6;6;6;6;6;6;5;5;6;2;4;4;4;3;6;6;6;6;1;6;6;1;6;6;999;3;1;4;1;3;1;1;6;6;6;1;6;6;6;6;1;5;6;6;6;5;6;5;3;2;2;999;1956;1;999;999;2;1;     999;Magyar;6; ;2
435;1;3;2;1;0;0;999;0;0;3;2;999;999;2;4;4;1;1;6;6;5;6;5;6;6;5;5;6;3;4;3;4;3;2;6;1;6;2;6;6;3;6;5;999;4;2;4;1;2;0;1;4;4;5;2;5;6;5;5;2;6;6;6;6;6;6;6;3;3;1;2;1981;2011;2;999;1;1;     999;Magyar;11; ;2
436;1;3;2;1;1;0;999;4;0;0;0;4;999;999;999;2;3;1;6;6;6;6;6;6;6;4;6;6;4;4;4;4;2;6;6;6;6;1;6;5;5;6;6;999;3;0;4;1;3;3;1;6;5;6;5;6;6;6;6;1;6;6;6;6;6;6;6;3;3;2;999;1947;1;999;999;2;1;     999;Magyar;3; ;2
437;1;3;1;1;0;0;999;0;0;2;0;999;999;2;999;2;3;1;6;6;6;6;6;6;6;1;6;6;2;4;4;4;3;1;6;1;6;2;6;6;4;6;6;999;3;2;4;1;3;1;1;6;6;6;2;6;6;6;6;1;5;6;6;6;6;6;6;3;5;2;999;1982;1;999;999;2;1;     999;Roman;9; ;2
438;1;3;1;1;0;0;999;0;0;2;0;999;999;2;999;2;3;1;6;6;6;6;6;6;6;2;6;6;2;4;4;4;3;1;6;1;6;2;6;6;4;6;6;999;3;2;4;1;3;1;1;6;6;6;6;6;6;6;6;1;5;6;6;5;6;6;6;3;5;2;999;1954;1;999;999;2;1;     999;Roman;9; ;2
439;1;3;1;1;1;1;999;3;2;2;2;3;3;3;3;2;1;5;6;6;3;6;6;6;5;3;5;6;1;4;1;4;3;5;6;5;6;3;6;6;2;6;6;999;4;4;4;1;3;0;1;4;5;6;6;6;5;5;4;4;5;6;5;6;6;6;6;3;2;2;999;1971;1;999;999;2;1;     999;Magyar;9; ;2
440;1;3;1;1;1;1;999;3;2;1;1;3;2;2;2;2;3;4;6;6;4;6;6;6;6;4;6;6;4;4;4;4;4;1;6;1;6;1;6;6;1;6;6;999;3;2;4;1;3;3;1;6;6;6;1;6;6;6;6;999;3;6;6;5;5;6;6;2;1;2;999;1989;1;999;999;2;1;     999;Magyar;10; ;2
441;1;3;2;1;1;1;999;2;3;2;1;2;1;2;2;2;1;2;5;5;4;5;5;5;5;2;5;6;3;4;3;4;2;1;6;1;6;1;5;6;5;6;6;999;3;2;3;1;3;0;1;6;6;6;2;6;6;6;6;1;6;6;6;5;6;6;6;3;3;2;999;2004;1;999;999;2;1;     999;Magyar;1; ;2
442;1;3;1;1;1;1;999;3;1;1;0;1;999;3;999;2;1;1;6;6;6;6;6;6;6;4;5;6;4;4;4;4;1;1;6;1;6;2;6;6;1;6;6;999;0;1;4;1;3;0;1;6;6;6;1;6;6;6;6;1;6;6;6;6;6;6;6;2;1;2;999;1969;1;999;999;2;1;     999;Magyar;6; ;2
443;1;3;2;1;1;0;999;3;0;2;1;3;999;3;3;2;1;1;5;5;5;5;6;5;5;4;6;6;3;4;4;4;2;1;6;1;6;1;5;6;5;6;6;999;3;1;4;1;3;2;1;5;5;5;1;5;5;5;5;1;5;6;5;6;6;6;6;2;2;2;999;1971;1;999;999;2;1;     999;Magyar;5; ;2
444;1;3;2;1;1;1;999;2;1;2;2;3;1;3;3;2;2;1;5;3;2;6;6;6;6;5;6;6;1;3;3;4;1;1;6;6;6;1;999;6;999;999;6;999;3;0;4;1;1;0;1;6;999;999;1;6;999;999;999;1;4;999;999;5;4;6;6;2;2;2;999;2001;1;999;999;2;1;     999;Magyar;1; ;2
445;1;3;1;1;1;1;999;3;1;1;0;4;1;3;999;2;1;1;6;6;6;6;6;6;6;6;6;6;4;4;4;4;1;1;6;1;6;2;6;6;1;6;6;999;3;2;4;1;3;0;1;6;6;6;1;6;6;6;6;1;6;6;6;6;6;6;6;2;1;2;999;1974;1;999;999;2;1;     999;Magyar;6; ;2
446;1;3;1;1;1;1;999;4;2;2;1;3;2;2;2;2;1;3;6;6;4;6;6;6;6;4;6;6;4;4;4;4;3;1;6;1;6;1;6;6;1;6;6;999;3;2;4;1;3;3;1;6;6;6;1;6;6;6;6;999;3;6;6;4;6;6;6;2;1;2;999;1969;1;999;99;92;1;     999;Magyar;9; ;2
447;1;3;1;1;1;1;999;4;0;0;0;2;999;999;999;1;1;3;6;6;4;6;6;6;6;5;6;6;1;3;3;4;3;2;6;2;6;2;5;6;5;6;6;999;3;2;4;1;2;3;1;5;5;6;6;6;6;5;5;1;6;6;6;6;5;6;6;2;1;2;999;1958;1;999;999;2;1;     999;Magyar;6; ;2
448;1;3;1;1;1;1;999;3;2;1;0;3;2;2;999;2;3;4;5;5;4;6;6;5;4;3;6;6;2;4;3;3;3;1;6;2;6;2;6;6;5;6;6;999;4;1;4;1;3;3;1;6;6;6;1;6;6;6;6;1;6;6;6;5;5;6;6;2;1;2;999;1971;1;999;999;2;1;     999;Magyar;5; ;2
449;1;3;1;1;1;0;999;1;0;1;0;2;999;2;999;2;1;3;6;6;6;6;6;6;6;5;5;6;3;4;4;4;2;1;6;6;6;1;6;6;5;6;6;999;2;3;4;1;3;1;1;6;6;6;1;6;6;6;6;1;5;6;6;5;6;6;6;1;1;1;999;1998;1;999;999;2;1;     999;Roman;2; ;2
450;1;3;2;1;1;0;999;2;0;1;1;2;999;3;3;2;2;1;6;6;4;6;6;6;6;2;5;6;4;4;4;4;1;1;6;1;6;1;6;6;5;6;6;999;3;1;3;1;3;1;1;6;6;6;6;6;6;6;6;1;5;6;6;5;6;6;6;4;3;2;999;2002;1;999;999;2;999;     999;Magyar;1; ;2
451;2;4;1;1;0;0;0;3;2;0;2;1;1;999;3;3;3;2;5;5;3;5;6;6;3;5;4;6;1;3;3;3;3;3;5;2;6;3;5;5;5;2;5;5;1;2;0;2;3;2;2;5;4;4;3;6;6;5;5;3;6;6;6;6;6;6;6;2;2;2;999;1930;1;999;999;2;2;     999;Deutsch;6;9;2
452;2;4;1;0;0;0;0;3;2;0;2;1;1;999;3;2;2;2;5;5;3;5;6;6;3;5;4;6;2;4;3;3;3;3;5;2;5;3;5;5;5;2;5;5;2;2;0;2;3;2;2;5;4;4;3;6;6;5;5;3;6;6;6;6;6;6;6;2;2;2;999;1940;1;999;999;2;2;     999;Deutsch;5;4;2
453;2;4;2;0;0;0;0;3;2;0;2;1;1;999;3;3;3;2;5;5;3;5;6;6;3;5;4;6;2;4;3;3;3;3;5;2;5;3;5;5;2;6;6;5;0;3;0;0;2;0;2;5;4;4;3;5;6;5;5;2;5;6;5;5;6;6;6;2;2;2;999;1945;1;999;999;2;2;     999;Deutsch;5;3;2
454;2;4;2;0;0;0;0;3;2;0;2;1;1;999;3;3;3;2;5;5;3;5;6;6;4;5;5;6;2;4;3;3;3;3;5;2;5;1;6;6;1;6;6;6;0;1;0;0;2;1;2;5;4;4;3;5;6;5;5;2;5;6;5;3;4;4;6;2;1;2;999;1950;1;999;999;2;2;     999;Deutsch;4;4;2
455;2;4;2;0;0;0;0;3;2;0;2;1;1;999;3;3;2;2;5;5;2;5;6;6;6;4;4;6;2;4;4;4;2;2;5;3;6;1;5;5;2;5;5;4;0;2;0;0;1;1;3;5;4;4;2;4;5;5;5;2;5;6;5;3;4;4;6;2;1;2;999;1953;1981;2;999;2;2;     999;Deutsch;5;8;2
456;2;4;1;0;0;0;0;3;2;0;2;1;1;999;3;3;3;3;5;5;2;5;6;6;6;4;4;6;2;4;4;4;2;2;5;3;6;2;4;4;3;4;4;2;0;2;0;0;2;1;3;5;4;4;2;4;4;5;5;2;5;6;5;3;4;4;6;2;1;2;999;1955;1989;2;999;2;999;     999;Deutsch;4;3;2
457;2;4;1;0;0;0;0;3;2;0;2;1;1;999;3;3;3;3;5;5;2;5;6;6;6;4;4;6;3;4;4;4;2;2;5;3;6;2;4;4;2;4;4;3;0;1;0;0;3;2;3;5;4;4;2;4;5;5;5;2;5;5;5;3;5;5;6;3;2;2;999;1959;1;999;999;2;2;     999;Deutsch;4;8;2
458;2;4;1;0;0;0;0;3;2;1;2;2;2;3;3;3;3;3;5;5;2;5;6;6;6;4;4;6;3;4;4;4;2;2;5;3;6;2;4;4;1;4;4;3;0;1;0;0;2;1;3;5;4;5;2;5;6;4;5;3;5;6;5;2;3;4;6;3;2;2;999;1961;1992;2;999;2;2;     999;Deutsch;5;8;2
459;2;4;1;0;0;0;0;3;2;1;2;2;2;3;3;3;3;3;5;5;2;5;6;6;6;4;4;6;3;4;4;4;2;2;5;3;6;2;4;4;2;4;5;3;0;1;0;0;1;1;3;5;4;5;2;5;6;4;5;3;5;6;5;2;3;4;6;3;2;2;999;1965;1994;2;999;2;999;     999;Deutsch;6;12;2
460;2;4;1;0;0;0;0;4;2;1;3;2;2;3;3;3;3;3;5;5;2;4;6;6;6;4;4;6;3;4;4;4;2;2;5;3;6;2;4;4;2;4;5;3;0;3;0;0;2;2;3;5;5;5;2;6;6;4;5;3;5;6;5;2;3;4;6;3;2;1;2;1969;1989;2;999;2;2;     999;Deutsch;6;10;2
461;2;4;1;0;0;0;0;3;2;1;2;1;1;1;3;2;3;2;5;4;4;4;4;6;5;3;3;5;2;3;3;3;3;3;4;4;5;3;4;5;2;5;4;5;0;2;0;0;3;2;2;5;3;4;2;5;5;4;4;3;4;5;5;4;5;5;6;3;2;2;999;1972;2005;2;999;1;2;     999;Deutsch;6;11;2
462;2;4;2;0;0;0;0;3;2;1;2;1;1;1;3;2;3;2;5;4;4;4;4;6;6;5;3;5;2;4;3;3;3;3;4;3;5;3;4;5;2;5;4;5;0;1;0;0;1;0;3;4;4;4;4;5;5;4;4;3;4;5;5;1;4;4;6;2;1;2;999;1979;1999;2;999;2;2;     999;Deutsch;6;11;2
463;2;4;1;0;0;0;0;3;2;1;2;1;1;1;3;2;3;2;5;4;4;4;4;6;6;5;3;5;2;4;3;3;3;3;4;3;5;3;4;5;2;4;3;5;0;1;0;0;2;2;3;4;4;4;4;5;5;5;5;2;6;6;6;2;4;4;6;3;2;1;1;1975;1;999;999;2;2;     999;Deutsch;6;10;2
464;2;4;2;1;0;0;0;3;2;1;2;1;1;1;3;2;3;2;5;5;3;5;5;6;3;3;3;6;1;3;3;3;3;3;4;3;4;2;5;5;2;5;5;5;0;3;0;1;2;1;2;5;4;4;3;5;5;4;5;3;5;6;5;3;4;5;6;3;2;2;999;1960;1995;2;999;2;2;     999;Deutsch;6;9;2
465;2;4;1;1;0;0;0;3;2;1;2;1;1;1;3;2;3;2;5;5;3;5;5;6;3;3;3;6;1;3;3;3;3;3;4;3;4;2;4;5;2;4;5;5;0;2;0;2;2;0;2;5;5;5;2;4;5;4;5;3;5;6;5;3;4;5;6;3;2;2;999;1965;1;999;999;2;2;     999;Deutsch;6;8;2
466;2;4;2;1;0;0;0;3;2;1;2;1;1;1;3;2;2;2;5;5;3;5;5;6;3;3;3;6;1;4;3;3;3;3;4;3;4;2;4;5;3;4;5;5;0;3;0;1;2;1;1;5;5;5;2;4;5;4;5;3;5;6;5;3;4;5;6;3;2;2;999;1969;2;2002;999;2;2;     999;Deutsch;6;10;2
467;2;4;1;1;0;0;0;3;2;1;2;1;1;1;3;2;2;2;5;5;3;5;5;6;4;4;4;5;1;4;3;3;3;3;4;3;4;2;4;5;3;4;5;5;0;1;0;1;3;2;2;5;5;5;2;4;5;4;5;1;4;6;6;4;4;5;6;3;2;2;999;1961;1999;1;999;2;2;     999;Deutsch;5;4;2
468;2;4;2;1;0;0;0;3;2;1;2;1;1;1;3;2;2;2;5;5;3;5;5;5;4;4;4;5;1;3;2;2;3;3;4;3;6;2;4;5;1;4;4;4;0;2;0;1;1;0;2;5;5;5;2;4;5;5;5;1;4;6;6;4;4;5;6;3;2;2;999;1963;2000;1;999;2;2;     999;Deutsch;6;8;2
469;2;4;1;1;0;0;0;3;2;1;2;1;1;1;3;2;3;2;5;5;3;5;5;5;4;4;4;5;2;3;2;2;3;3;4;3;6;2;4;5;2;4;4;4;1;2;0;1;2;0;2;5;5;5;2;4;5;5;5;2;4;5;6;4;4;5;6;3;2;1;2;1950;1;999;999;2;2;     999;Deutsch;5;4;2
470;2;4;2;1;0;0;0;3;2;1;2;1;1;1;3;3;3;2;5;5;3;5;5;5;4;4;4;5;2;4;3;3;3;3;4;3;5;2;5;5;1;5;5;5;1;2;0;1;3;2;2;5;5;5;2;4;5;6;6;2;6;6;6;4;4;5;6;3;2;2;999;1953;1;999;999;2;2;     999;Deutsch;4;4;2
471;2;4;2;1;0;0;0;4;0;0;2;1;999;999;3;2;1;3;5;4;3;5;5;6;6;4;4;6;2;4;3;3;3;3;4;3;5;3;4;5;3;4;5;5;0;2;0;1;2;1;1;5;4;4;3;5;5;4;4;4;5;5;5;4;5;5;6;3;2;2;999;2000;1;999;999;2;2;     999;Deutsch;5;10;2
472;2;4;1;0;0;0;0;4;0;0;1;1;999;999;3;1;1;3;5;4;3;5;5;6;5;4;3;6;2;4;4;3;3;3;4;3;5;3;4;5;3;4;5;5;0;2;0;0;2;1;1;5;4;4;3;5;5;4;4;4;5;5;5;4;5;5;6;3;2;2;999;1991;1;999;999;1;1; ;Deutsch;5;9;1
473;2;4;2;1;1;0;0;4;0;0;2;1;999;999;3;3;3;3;5;4;3;5;5;6;5;4;3;6;2;4;4;3;3;3;4;3;5;3;4;5;3;4;5;5;0;1;0;2;3;2;1;5;4;4;3;5;5;4;5;4;5;5;6;4;5;5;6;3;2;1;2;1987;1;999;999;1;2;     999;Deutsch;6;9;2
474;2;4;1;1;0;0;0;4;1;1;3;1;1;2;2;3;3;3;5;4;3;5;5;6;5;4;3;6;2;4;4;3;3;3;4;3;5;3;4;5;3;4;5;5;0;3;0;2;3;2;1;5;4;4;3;5;5;4;5;4;5;5;6;4;5;5;6;3;2;2;999;1993;1;999;999;1;2;     999;Deutsch;5;8;2
475;2;4;2;1;0;0;0;4;1;1;3;1;1;2;3;3;3;3;5;4;5;5;2;5;2;2;2;5;2;4;3;3;3;3;4;3;5;3;4;5;3;4;5;5;0;1;0;1;2;2;1;5;4;4;3;5;5;4;5;4;5;5;6;4;4;5;6;3;2;1;1;1984;1;999;999;1;1; ;Deutsch;5;3;2
476;2;4;1;1;0;0;0;1;1;0;2;1;1;999;3;3;3;3;5;4;3;5;5;6;3;4;4;6;2;4;3;3;3;3;5;3;5;3;4;5;3;4;5;5;0;2;0;1;3;2;1;5;4;4;3;5;5;4;5;4;5;5;6;4;4;5;6;3;2;1;2;1981;1;999;999;1;2;     999;Deutsch;4;4;1
477;2;4;2;1;0;0;0;4;1;1;3;999;999;999;999;3;3;3;5;4;3;5;5;6;2;4;4;5;2;3;3;2;4;4;4;4;5;3;4;5;3;4;5;5;0;1;0;1;2;2;1;5;4;4;3;5;5;4;5;4;5;5;6;4;4;5;6;3;2;2;999;1979;1;999;999;1;2;     999;Deutsch;6;9;2
478;2;4;1;1;1;0;0;4;0;0;3;1;999;999;3;3;3;3;5;4;3;5;5;6;6;4;4;6;1;4;3;3;3;3;4;3;5;3;4;5;3;4;5;5;0;3;0;2;3;2;1;5;4;4;3;5;5;4;5;4;5;5;6;4;4;5;6;3;2;2;999;1974;2005;2;999;1;2;     999;Deutsch;6;8;2
479;2;4;1;1;0;0;0;4;1;1;2;1;2;2;3;3;3;1;6;6;1;6;6;6;6;6;6;6;4;4;4;4;1;1;6;4;6;2;5;6;2;5;6;6;1;3;0;2;3;2;1;6;5;5;2;6;6;4;5;2;6;6;6;4;4;4;6;2;2;2;999;1975;999;999;999;2;999;     999;Deutsch;6;9;2
480;2;4;1;0;0;0;0;4;1;1;2;1;2;2;3;3;3;2;6;5;2;6;5;6;3;4;4;6;2;4;4;4;2;2;5;3;5;2;5;5;2;6;6;6;0;3;0;2;3;2;1;6;5;5;2;6;6;4;5;2;6;6;6;3;5;5;6;2;1;2;999;1981;2001;2;999;1;2;     999;Deutsch;5;4;2
481;2;4;2;0;0;0;0;4;1;1;2;1;2;2;3;3;3;2;6;5;2;5;5;5;2;4;4;6;4;4;4;4;2;2;5;3;5;2;5;5;2;6;6;6;1;3;0;2;3;2;1;6;5;5;2;6;6;4;5;3;6;6;6;3;5;5;6;2;1;2;999;1964;1991;2;999;2;2;     999;Deutsch;4;3;2
482;2;4;1;0;0;0;0;4;1;1;2;1;2;2;3;3;3;2;6;5;2;5;6;6;4;4;4;6;3;4;4;4;2;2;5;3;5;2;5;5;2;6;6;6;0;3;0;2;3;2;1;6;5;5;2;6;6;4;5;3;6;6;6;3;5;5;6;2;1;2;999;1979;1;999;999;2;2;     999;Deutsch;4;7;2
483;2;4;1;1;0;0;0;4;1;1;2;1;2;2;3;3;3;1;6;6;1;5;5;6;4;6;6;6;4;4;4;4;1;1;6;3;6;2;5;5;2;6;6;6;0;3;0;2;2;2;1;6;5;5;2;6;6;4;5;2;6;6;6;3;5;5;6;2;1;2;999;1971;1995;999;999;2;2;     999;Deutsch;5;3;2
484;2;4;2;1;0;0;0;4;1;1;2;1;2;2;3;3;3;1;6;6;1;5;6;6;5;5;5;6;3;4;4;4;1;1;6;4;6;2;5;5;2;6;6;6;1;3;0;2;3;2;1;6;5;5;2;6;6;4;5;2;6;6;6;3;5;5;6;3;2;2;999;1954;1989;2;999;2;2;     999;Deutsch;6;9;2
485;2;4;1;0;0;0;0;3;1;1;2;1;1;2;2;2;2;1;6;6;2;5;6;6;2;3;5;6;2;4;3;4;3;3;5;3;6;3;5;6;3;6;6;6;1;3;0;2;2;0;1;6;4;5;3;6;6;4;5;3;6;6;6;3;6;5;6;2;1;2;999;1948;1961;1;999;2;2;     999;Deutsch;6;7;1
486;2;4;1;1;0;0;0;3;1;1;2;1;1;2;2;2;2;1;6;6;2;5;6;6;2;3;5;6;2;4;3;4;3;3;5;3;6;3;5;6;3;6;6;6;1;3;0;2;2;0;1;6;4;5;3;6;6;4;5;3;6;6;6;3;6;4;6;2;1;2;999;1947;1983;2;999;2;2;     999;Deutsch;6;9;1
487;2;4;1;1;0;0;0;3;0;0;2;1;999;999;3;2;2;3;5;4;4;4;5;6;6;4;3;6;1;4;3;3;3;3;4;4;5;3;2;4;3;3;4;4;0;2;0;1;3;2;1;4;4;4;5;5;5;4;4;3;5;6;6;5;5;6;6;3;1;2;999;1958;1;999;999;2;2;     999;Deutsch;4;7;2
488;2;4;1;0;0;0;0;3;0;0;2;1;999;999;3;2;2;3;5;5;5;5;5;5;4;3;3;6;2;4;3;4;3;3;4;4;5;3;2;4;3;3;4;4;0;2;0;1;2;1;1;4;4;4;5;5;5;4;4;3;5;6;6;5;5;6;6;3;1;1;2;1957;1;999;999;2;2;     999;Deutsch;5;4;2
489;2;4;2;1;0;0;0;2;0;0;2;1;999;999;2;1;2;2;5;5;4;5;5;6;4;3;3;6;2;3;2;3;1;3;5;4;6;4;4;5;4;3;4;5;0;2;0;1;2;1;2;4;3;4;3;5;5;4;4;3;5;5;4;3;5;6;6;3;1;2;999;1954;1;999;999;2;2;     999;Deutsch;5;7;2
490;2;4;1;0;0;0;0;2;0;0;2;1;999;999;2;2;2;2;5;5;4;5;5;6;4;3;3;6;2;3;2;3;1;3;5;4;6;4;4;5;4;3;4;5;0;2;0;1;2;1;2;4;3;4;3;5;5;2;4;3;4;3;5;3;5;6;6;3;1;2;999;1956;1;999;999;2;2;     999;Deutsch;4;8;2
491;2;4;1;1;0;0;0;2;1;0;3;1;1;999;3;2;2;4;4;3;6;5;5;5;4;3;3;6;1;3;1;2;3;4;4;4;5;4;4;4;5;3;3;4;0;1;0;1;2;0;3;4;3;4;5;5;4;4;3;5;5;5;5;3;5;5;6;1;1;2;999;1932;1;1;999;2;2;     999;Deutsch;4;4;2
492;2;4;2;1;0;0;0;3;1;1;3;2;1;2;2;2;3;4;4;3;6;5;5;5;4;3;3;6;1;3;1;2;3;4;4;4;5;3;5;5;3;5;5;5;0;1;0;1;2;0;3;4;3;4;5;5;4;4;2;5;5;5;5;3;5;5;6;1;1;2;999;1948;1;999;999;2;2;     999;Deutsch;6;4;2
493;2;4;2;1;0;0;0;2;1;1;3;1;1;1;3;2;3;4;4;4;4;4;5;5;3;3;3;5;2;3;3;3;4;3;4;3;5;4;2;6;3;3;4;6;0;0;0;1;0;0;1;4;3;6;2;5;6;4;5;3;4;4;4;5;6;6;6;3;2;2;999;1959;1;999;999;2;2;     999;Deutsch;4;4;2
494;2;4;2;0;0;0;0;4;1;0;4;1;999;999;3;2;2;1;5;5;4;5;3;4;6;5;5;5;3;3;3;3;888;4;4;4;6;4;2;6;3;3;4;6;0;0;0;0;0;0;1;4;3;6;2;5;6;4;5;3;4;4;4;6;6;6;6;2;1;2;999;1999;1;999;999;1;2;     999;Deutsch;1;0;2
495;2;4;2;0;0;0;0;3;0;0;3;1;999;999;2;2;1;2;5;4;3;5;5;5;4;4;4;6;2;4;3;4;3;4;4;4;6;3;4;5;2;6;5;6;1;1;0;2;3;2;2;5;3;4;3;5;5;5;5;3;6;6;6;3;5;5;6;2;1;2;999;1961;1987;999;999;2;2;     999;Deutsch;6;8;2
496;2;4;1;1;0;0;0;2;1;1;3;2;999;999;3;2;2;2;5;4;3;5;5;5;4;4;4;6;2;4;3;4;3;4;4;4;6;3;4;5;2;6;5;6;1;1;0;2;3;2;2;5;3;4;3;5;5;5;5;3;6;6;6;3;5;5;6;2;1;1;2;1960;1989;999;999;2;2;     999;Deutsch;6;4;1
497;2;4;1;1;1;0;0;2;1;1;2;2;999;999;2;2;2;4;3;2;5;5;3;6;1;1;1;6;1;2;2;2;4;5;4;5;5;5;2;4;5;2;3;3;0;1;0;0;1;0;5;4;3;2;5;3;3;4;3;5;4;5;4;5;5;5;5;2;2;1;2;1972;1;999;999;1;2;     999;Deutsch;5;10;2
498;2;4;1;1;0;0;0;2;0;0;2;1;999;999;3;1;2;4;3;2;5;5;3;6;1;1;1;6;1;2;2;2;4;5;4;5;5;5;2;4;5;2;3;3;0;1;0;0;1;0;5;4;3;2;5;3;3;4;3;5;4;5;4;5;5;5;5;2;2;2;999;1971;1;999;999;1;2;     999;Deutsch;5;8;2
499;2;4;2;1;0;0;0;3;0;0;3;2;999;999;3;2;2;3;5;3;3;6;6;6;6;4;4;6;1;3;2;3;5;4;5;3;6;3;4;4;1;6;5;5;0;2;0;0;2;1;2;5;4;5;3;5;5;5;4;1;4;6;6;5;5;6;6;2;2;2;999;1983;2007;1;1999;1;2;     999;Deutsch;5;4;2
500;2;4;2;1;0;0;0;3;0;0;3;2;999;999;2;2;2;3;5;3;3;6;6;6;6;4;4;6;1;3;2;3;5;4;5;3;6;3;4;4;2;6;5;5;0;2;0;0;2;1;2;5;4;5;3;5;5;5;4;1;4;6;6;5;5;6;6;2;2;2;999;1981;2005;2;999;1;2;     999;Deutsch;5;4;2
501;2;4;1;1;0;0;0;2;0;0;2;2;999;999;3;1;1;3;5;4;3;6;5;5;5;1;1;5;2;3;2;3;3;3;4;4;4;3;3;4;2;4;5;5;0;0;0;0;0;0;3;5;5;5;5;5;5;4;4;4;4;4;5;5;5;6;6;2;2;2;999;2001;1;999;999;1;2;     999;Deutsch;1;0;999
502;2;4;1;1;0;0;0;3;0;0;2;2;999;999;3;2;2;3;5;4;3;6;5;5;5;1;1;5;2;3;2;3;3;3;4;4;4;3;3;4;2;4;5;5;0;0;0;0;0;0;3;5;4;5;3;5;5;5;4;4;5;5;5;5;5;6;6;2;2;2;999;1998;1;999;999;1;2;     999;Deutsch;5;0;2
503;2;4;2;1;0;0;0;4;1;1;4;1;999;999;2;1;1;1;5;5;3;4;6;6;6;4;4;6;1;4;3;4;2;3;5;4;6;2;5;5;2;5;5;5;0;2;0;1;2;2;1;6;4;4;4;6;6;5;5;3;6;6;6;3;3;3;6;2;2;1;2;1979;2001;2;999;2;1; ;Deutsch;5;3;2
504;2;4;2;1;0;0;0;4;0;0;4;1;999;999;2;1;1;1;5;5;3;4;6;6;6;4;4;6;1;4;3;4;2;3;5;4;6;2;5;5;2;5;5;5;0;2;0;1;2;2;1;6;4;4;4;6;6;5;5;3;6;6;6;3;3;3;6;2;2;2;999;1978;1999;2;999;2;2;     999;Deutsch;5;3;1
505;2;4;2;1;1;0;0;2;0;0;2;2;999;999;2;2;2;2;5;5;5;5;6;4;4;4;4;5;1;3;1;3;2;2;4;3;6;3;5;5;2;5;5;6;1;2;0;2;3;2;2;5;5;5;1;5;5;5;4;4;5;5;5;5;5;5;6;2;2;2;999;1964;1;999;999;2;2;     999;Deutsch;6;8;1
506;2;4;2;1;0;0;0;3;0;0;3;1;999;999;2;2;2;2;5;5;5;5;6;4;4;4;4;5;1;3;1;3;2;2;4;3;6;3;5;5;3;5;5;6;1;2;0;2;3;2;2;5;5;5;1;5;5;5;4;4;5;5;5;5;5;5;6;2;2;1;2;1965;1;999;999;2;1; ;Deutsch;4;3;2
507;2;4;2;1;0;0;0;3;0;0;2;2;999;999;2;2;2;3;5;5;3;4;5;6;5;3;3;6;2;4;2;3;3;3;5;4;6;3;5;5;2;5;5;5;0;0;0;0;2;2;2;5;4;4;3;5;5;5;5;3;5;5;5;4;6;5;6;2;1;1;2;1959;1994;1;1959;2;2;     999;Deutsch;5;3;1
508;2;4;1;0;0;0;0;3;0;0;2;2;999;999;3;2;2;3;5;5;3;4;5;6;5;3;3;6;2;4;2;3;3;3;5;4;6;3;5;5;2;5;5;5;0;0;0;0;2;2;2;5;4;4;3;5;5;5;5;3;5;5;5;4;6;5;6;2;1;2;999;1963;1;1;1988;2;2;     999;Deutsch;5;3;2
509;2;4;1;1;0;0;0;2;1;1;2;2;2;2;2;2;1;3;5;4;3;4;4;5;5;3;3;6;1;3;2;2;3;3;4;3;5;3;3;4;2;4;3;4;0;1;0;1;2;1;2;4;4;5;3;5;4;4;4;4;5;5;5;5;6;6;6;3;2;2;999;1968;1981;2;999;2;2;     999;Deutsch;4;4;2
510;2;4;1;0;0;0;0;3;1;0;3;1;1;999;3;2;3;3;5;4;3;4;4;5;5;3;3;6;1;3;2;2;3;3;4;3;5;3;3;4;2;4;3;4;0;1;0;1;2;1;2;4;4;5;3;5;4;4;4;4;5;5;5;5;6;6;6;3;2;2;999;1975;2002;2;999;2;2;     999;Deutsch;5;4;2
511;2;4;1;0;0;0;0;3;1;0;3;1;1;999;3;2;3;3;5;4;3;4;4;5;5;3;3;6;1;3;2;2;3;3;4;3;5;3;3;4;2;4;3;4;1;1;0;1;2;1;2;4;4;5;3;5;4;4;4;4;5;5;5;5;5;6;6;3;2;2;999;1983;2004;2;1;2;999;     999;Deutsch;6;10;2
512;2;4;2;1;0;0;0;3;1;0;3;1;1;999;3;2;3;3;5;4;3;4;4;5;3;3;3;6;1;3;2;2;3;3;4;3;5;3;3;4;2;4;4;4;0;1;0;1;2;1;2;4;4;5;3;5;4;4;4;4;5;5;5;5;5;6;6;3;3;2;999;1949;1;999;999;2;2;     999;Deutsch;4;4;2
513;2;4;1;1;1;0;0;3;1;0;3;1;1;999;3;2;2;3;5;4;3;5;5;5;1;3;3;5;1;3;2;2;3;3;4;2;5;3;3;4;2;4;4;4;0;1;0;1;2;1;2;4;4;5;2;5;4;4;4;4;5;5;5;5;6;6;6;4;2;1;1;1978;1;1;1996;2;2;     999;Deutsch;6;11;2
514;2;4;2;1;0;0;0;3;1;1;3;1;1;3;3;3;3;3;5;4;3;5;6;5;6;3;4;5;1;3;2;2;3;3;4;3;5;3;3;4;2;4;4;4;1;2;0;1;2;1;2;4;4;5;2;5;4;4;4;4;5;5;5;5;6;6;6;3;2;2;999;2000;1;999;99;1;1; ;Deutsch;1;0;2
515;2;4;1;1;0;0;0;3;1;1;3;1;1;2;2;3;3;3;5;4;3;4;5;5;5;5;4;5;1;3;2;2;3;3;4;3;5;3;3;4;2;4;4;4;1;2;0;1;2;1;2;4;4;5;2;5;4;4;3;3;4;4;4;5;6;6;6;3;2;2;999;1962;1991;2;999;2;2;     999;Deutsch;6;9;2
516;2;4;2;1;0;0;0;3;1;1;3;2;2;3;3;3;3;3;5;4;3;4;4;5;3;3;3;6;1;3;2;2;3;3;4;3;5;3;3;4;2;4;4;4;1;2;0;1;2;1;2;4;4;5;2;5;4;4;4;4;5;5;5;5;6;6;6;3;2;2;999;1958;1;999;999;2;2;     999;Deutsch;6;8;2
517;2;4;2;1;0;0;0;3;1;1;3;1;2;1;3;3;3;3;5;4;3;4;4;5;4;3;3;5;1;3;2;2;3;3;4;4;5;3;3;4;2;4;4;4;1;2;0;1;2;1;2;4;4;5;2;5;4;3;4;5;6;6;5;5;6;6;6;2;1;2;999;1959;1;999;999;2;2;     999;Deutsch;4;4;2
518;2;4;1;1;0;0;0;2;1;2;2;2;1;2;3;2;3;3;5;4;3;5;5;6;6;4;4;6;1;4;3;3;2;2;5;3;5;3;5;5;2;5;5;5;1;2;0;2;2;2;2;5;4;4;3;4;5;5;5;3;5;6;6;5;5;5;6;3;2;2;999;1938;1;999;999;2;1; ;Deutsch;5;7;1
519;2;4;2;1;0;0;0;2;1;2;2;2;1;2;3;2;3;3;5;4;3;5;5;6;1;4;4;6;2;4;4;4;2;2;5;3;5;3;5;5;3;4;5;5;1;3;0;2;3;2;1;5;4;4;3;4;5;4;5;2;5;5;6;5;5;5;6;2;1;1;2;1966;1998;2;999;2;2;     999;Deutsch;5;6;2
520;2;4;2;0;0;0;0;2;1;2;2;2;2;2;3;3;3;1;5;4;3;5;5;6;6;4;4;6;1;4;3;3;2;2;5;3;6;3;5;5;2;5;5;5;0;2;0;1;2;2;1;5;4;4;3;4;5;5;5;1;5;5;5;3;5;5;6;2;2;1;1;1954;2007;1;1992;2;1; ;Deutsch;5;4;2
521;2;4;1;1;0;0;0;2;1;2;2;2;1;2;3;2;3;2;5;4;3;5;5;6;4;3;3;6;3;3;3;3;2;2;4;3;5;3;5;5;2;5;5;5;0;2;0;1;2;2;1;5;4;4;3;4;5;4;6;2;5;5;5;3;5;5;6;2;1;2;999;1969;1999;2;999;2;2;     999;Deutsch;5;3;2
522;2;4;1;0;0;0;0;2;1;2;2;2;2;2;3;3;3;2;5;4;3;5;5;6;6;4;4;6;1;4;3;3;2;2;5;3;6;3;5;5;2;5;5;5;0;3;0;2;3;2;1;5;4;4;3;4;5;5;6;2;5;6;5;3;5;5;6;3;2;2;999;1941;1;999;999;2;2;     999;Deutsch;5;3;2
523;2;4;1;1;0;0;0;2;1;2;2;2;2;2;3;2;3;2;5;4;3;5;5;6;6;4;4;6;1;4;3;3;2;2;5;3;6;3;5;5;2;5;5;5;0;3;0;2;3;2;1;5;4;4;3;4;5;4;5;2;5;5;5;3;5;5;6;3;3;2;999;1929;999;999;999;2;2;     999;Deutsch;5;8;2
524;2;4;2;1;0;0;0;2;1;2;2;2;2;2;3;3;3;3;5;4;3;5;5;6;6;4;4;6;1;4;3;3;2;2;5;3;6;3;5;5;2;5;5;5;1;3;0;2;3;2;1;5;4;4;3;4;5;4;5;3;6;6;6;1;5;5;6;1;1;2;999;1933;1;999;999;2;2;     999;Deutsch;3;6;2
525;2;4;1;1;0;0;0;2;1;1;2;2;2;2;3;2;2;4;4;4;4;5;5;5;5;3;3;5;2;3;2;2;4;4;4;4;5;4;3;4;3;4;2;4;0;1;0;0;2;1;3;4;3;3;4;3;4;4;3;5;4;5;5;5;5;5;5;4;3;2;999;1999;1;999;99;1;2;     999;Deutsch;1;0;2
526;2;4;2;0;0;0;0;2;0;0;2;2;999;999;3;3;3;4;4;4;4;5;5;5;5;3;3;6;1;3;2;2;4;4;4;4;5;4;3;4;3;4;2;4;0;1;0;0;1;1;3;4;3;4;5;4;4;4;3;5;4;5;4;5;5;5;5;3;2;2;999;1991;1;999;999;2;2;     999;Deutsch;1;0;2
527;2;4;2;1;0;0;0;2;1;1;2;2;2;2;3;3;3;4;4;4;4;5;5;5;2;3;3;6;1;3;2;2;4;4;4;4;5;4;3;4;3;4;2;4;0;1;0;0;1;1;3;4;3;4;5;4;4;4;3;5;4;5;4;5;5;5;6;3;2;2;999;1964;999;1;1994;2;2;     999;Deutsch;4;4;2
528;2;4;2;0;0;0;0;2;0;0;2;2;999;999;3;3;3;4;5;4;4;4;5;5;6;3;4;5;1;3;2;2;3;4;4;3;5;4;3;4;3;4;2;4;0;2;0;1;2;1;3;4;3;4;5;4;4;4;3;4;4;5;4;5;6;6;6;3;2;2;999;1948;1986;2;999;2;1; ;Deutsch;4;4;1
529;2;4;1;1;1;0;0;2;0;0;2;2;999;999;3;3;3;4;4;3;5;5;4;5;4;3;2;6;1;3;2;2;3;3;4;4;5;4;3;4;3;4;2;4;0;1;0;0;2;1;3;4;3;4;5;4;4;4;3;4;5;5;5;6;6;6;6;3;3;2;999;1971;1;999;999;2;2;     999;Deutsch;6;8;2
530;2;4;2;1;1;0;0;2;0;0;2;2;999;999;3;2;2;4;4;4;4;5;5;5;6;3;3;6;1;3;2;2;4;3;4;3;4;4;3;4;3;4;2;4;1;1;0;1;1;1;3;4;3;4;5;4;4;4;3;3;4;5;5;5;5;6;6;3;2;2;999;1988;1;999;999;1;2;     999;Deutsch;5;4;2
531;2;4;2;1;0;0;0;4;1;1;2;1;2;2;3;3;3;1;6;5;2;6;5;6;3;4;4;6;2;4;4;4;2;2;5;3;5;2;5;5;2;6;6;6;0;3;0;2;3;2;1;6;5;5;2;6;6;5;5;2;6;6;6;4;4;4;6;2;2;2;999;1935;1;999;999;2;2;     999;Deutsch;4;8;2
532;2;4;1;1;0;0;0;4;0;0;2;1;999;999;2;2;2;2;5;6;2;5;6;6;4;4;4;6;4;4;4;4;2;2;6;2;6;1;5;6;6;6;6;6;0;2;0;2;3;2;1;6;5;5;2;6;6;5;5;2;6;6;6;3;4;4;6;2;1;2;999;1964;1;999;999;2;2;     999;Deutsch;6;9;2
533;2;4;1;1;0;0;0;4;0;0;2;1;999;999;3;3;2;2;5;6;2;5;6;6;5;5;5;6;1;4;1;4;2;2;6;2;6;2;5;6;6;6;6;6;0;1;0;2;2;2;1;6;5;5;2;6;6;5;5;2;6;6;6;3;4;4;6;2;1;2;999;1954;1;999;999;2;2;     999;Deutsch;6;10;2
534;2;4;2;0;0;0;0;3;1;1;2;1;1;2;3;2;3;2;5;6;2;5;6;6;5;5;5;6;3;4;4;4;2;999;999;2;6;2;5;6;6;6;6;6;0;1;0;0;3;2;2;6;5;5;2;6;6;5;5;2;6;6;6;3;4;4;6;2;1;2;999;1971;1991;2;2;2;999;     999;Deutsch;6;11;1
535;2;4;1;0;0;0;0;4;0;0;2;1;999;999;3;2;2;2;5;6;2;5;6;6;5;5;5;6;2;4;4;4;2;2;6;2;6;2;5;6;6;6;6;6;0;3;0;0;3;2;2;6;5;5;2;6;6;5;5;3;6;6;6;3;4;4;6;2;1;2;999;1958;1;999;999;2;2;     999;Deutsch;5;3;2
536;2;4;1;0;0;0;0;3;0;0;2;1;999;999;3;3;3;2;5;6;2;5;6;6;5;5;5;6;3;4;4;4;2;1;6;1;6;2;5;5;6;6;5;4;0;2;0;0;2;2;2;6;5;5;2;6;6;5;5;3;6;6;6;3;4;4;6;2;1;2;999;1978;2007;2;999;2;2;     999;Deutsch;6;11;2
537;2;4;1;1;1;0;0;3;1;1;2;1;1;1;2;2;3;3;5;5;2;4;4;5;3;4;4;5;2;3;3;4;3;3;5;2;4;2;5;5;1;5;5;6;0;1;0;0;2;1;1;6;4;4;2;5;6;5;5;3;6;6;6;1;3;4;6;2;2;2;999;1954;1;999;999;2;2;     999;Deutsch;999;999;999
538;2;4;2;0;0;0;0;3;0;0;1;2;999;999;3;3;3;2;5;6;5;6;6;6;3;4;4;6;3;4;4;4;2;1;6;3;4;2;5;5;1;6;5;5;0;2;0;1;3;3;1;6;6;6;2;6;6;5;5;3;6;6;6;2;4;5;6;2;1;1;2;1991;1;999;999;2;2;     999;Deutsch;1;0;2
539;2;4;2;0;0;0;0;3;0;0;2;2;999;999;2;2;3;2;5;6;5;6;6;6;3;4;4;6;1;4;4;4;2;1;6;3;5;2;5;5;2;4;5;5;0;1;0;0;2;1;2;5;6;5;2;5;6;5;5;3;6;6;6;2;4;5;6;2;1;2;999;1989;1;999;999;2;2;     999;Deutsch;5;4;2
540;2;4;1;0;0;0;0;4;0;0;3;2;999;999;3;2;2;2;6;6;5;6;6;6;2;5;5;6;2;3;3;3;2;2;6;2;6;2;5;5;2;4;5;5;0;0;0;0;0;0;2;5;6;5;2;6;6;5;5;3;6;6;6;1;3;4;6;2;2;2;999;1931;1;999;999;2;2;     999;Deutsch;4;4;2
541;2;4;2;0;0;0;0;3;2;0;1;2;2;999;1;3;3;2;6;6;5;6;6;6;6;5;5;6;2;4;4;4;2;2;6;2;6;2;5;5;2;4;5;5;1;0;0;0;2;2;2;5;5;5;2;6;6;5;5;3;6;5;6;1;3;4;6;2;2;2;999;1984;1;999;999;1;2;     999;Deutsch;5;4;2
542;2;4;1;0;0;0;0;4;1;1;2;1;1;1;3;2;3;2;6;5;4;4;4;6;5;3;3;5;2;3;3;4;2;2;6;2;6;2;5;5;2;5;6;5;1;2;0;1;3;3;2;5;5;5;2;6;6;5;5;3;6;6;6;1;3;4;6;2;2;1;2;1964;1;999;999;2;2;     999;Deutsch;6;11;2
543;2;4;2;1;0;0;0;3;1;1;2;1;1;1;3;2;2;2;6;5;4;4;4;6;5;3;3;5;2;3;3;4;2;2;6;2;6;2;5;5;2;5;5;5;0;2;0;1;3;2;2;5;5;5;2;6;6;4;5;3;6;5;5;2;4;5;6;2;1;1;1;1973;1999;2;999;1;2;     999;Deutsch;4;5;2
544;2;4;1;1;0;0;0;3;0;0;2;2;999;999;2;3;3;3;5;5;2;4;4;5;3;4;4;5;3;2;2;4;3;3;5;2;4;2;5;5;2;5;5;5;0;1;0;0;2;2;2;5;5;5;1;5;5;5;5;3;6;6;6;1;3;4;6;2;1;2;999;1969;1;999;999;2;2;     999;Deutsch;6;8;1
545;2;4;2;1;0;0;0;3;0;0;3;1;999;999;2;3;2;3;5;5;2;4;4;5;3;4;4;5;2;3;3;4;3;3;5;2;4;2;5;5;2;5;5;5;0;1;0;0;2;1;1;6;4;4;2;5;6;5;5;3;6;6;6;2;3;4;6;3;2;2;999;1981;1;999;999;1;2;     999;Deutsch;5;4;2
546;2;4;1;1;0;0;0;4;1;1;2;1;1;1;3;3;3;2;5;4;2;4;5;6;3;4;4;6;2;4;3;3;2;2;4;3;5;2;4;4;3;4;5;3;0;2;0;0;2;1;2;5;3;3;3;4;4;4;5;3;6;6;6;3;4;4;6;2;2;2;999;1963;1;999;999;2;2;     999;Deutsch;5;7;2
547;2;4;1;1;0;0;0;3;0;0;2;2;999;999;3;1;1;2;5;4;3;4;5;6;1;5;5;6;2;3;3;3;2;2;3;2;5;2;4;4;2;4;4;3;0;1;0;1;3;2;2;5;3;3;4;5;5;4;5;3;6;5;6;3;4;5;6;2;1;1;1;1978;1;999;999;2;2;     999;Deutsch;6;12;2
548;2;4;2;1;0;0;0;2;0;0;2;2;999;999;2;2;1;2;6;5;2;5;5;6;2;5;6;6;3;4;3;3;2;2;4;2;5;2;4;4;2;4;4;3;0;1;0;1;3;1;2;5;3;3;4;5;5;4;5;3;6;6;6;3;4;4;6;2;1;2;999;1972;1;999;999;2;1; ;Deutsch;6;8;1
549;2;4;1;1;0;0;0;4;0;0;2;1;999;999;1;2;1;2;6;5;2;5;5;6;2;5;6;6;2;4;3;3;2;2;4;2;6;2;4;4;2;4;4;3;0;1;0;1;1;1;2;5;3;3;4;4;4;4;5;3;6;6;6;3;4;5;6;2;1;2;999;1968;2001;2;999;2;2;     999;Deutsch;6;11;2
550;2;4;2;1;1;0;0;3;1;1;2;1;1;1;2;3;3;2;6;5;2;5;5;6;2;5;6;6;3;4;4;4;2;2;4;2;6;2;4;4;3;4;5;3;0;0;0;0;2;1;2;5;3;3;4;4;4;4;5;3;6;5;5;3;4;4;6;2;2;2;999;1969;1;999;999;2;2;     999;Deutsch;6;6;2
551;2;4;1;0;1;0;0;4;1;1;3;1;1;1;2;3;3;2;6;5;2;5;5;6;3;5;6;6;1;4;3;3;2;2;4;2;6;2;4;4;3;4;5;3;0;0;0;0;2;1;2;5;3;3;3;4;4;4;5;5;5;6;5;4;5;5;6;3;2;1;1;1968;1;999;999;2;1; ;Deutsch;4;4;2
552;2;4;2;1;0;0;0;4;1;1;2;1;1;1;2;3;3;2;5;4;2;4;5;6;3;4;4;6;1;3;3;3;2;2;4;3;5;2;4;4;3;4;5;3;0;2;0;0;2;1;2;5;3;3;3;4;4;4;5;3;6;6;6;3;4;4;6;2;1;1;2;1965;1998;2;999;2;2;     999;Deutsch;5;8;2
553;2;4;2;1;0;0;0;4;1;1;2;1;1;1;3;3;3;2;5;4;2;4;5;6;3;4;4;6;2;4;3;3;2;2;4;3;5;2;4;4;3;4;5;3;0;1;0;0;2;2;2;5;3;3;3;4;4;4;5;3;6;6;6;3;4;4;6;2;2;2;999;1959;1;999;999;2;1; ;Deutsch;6;10;1
554;2;4;1;0;0;0;0;4;1;1;3;1;2;2;3;3;3;3;5;3;2;5;5;6;3;4;4;6;2;4;3;4;3;4;4;3;5;4;4;4;2;4;4;5;0;3;0;1;3;2;3;4;2;2;3;4;4;4;3;4;4;4;4;5;5;5;5;3;3;2;999;1939;1989;1;999;2;2;     999;Deutsch;6;10;1
555;2;4;2;0;0;0;0;4;0;1;1;1;999;2;3;3;3;3;5;3;2;5;5;6;3;4;4;6;2;3;3;3;3;4;4;3;5;4;4;4;2;5;4;5;0;1;0;0;1;1;3;4;2;2;3;4;4;4;3;5;4;4;4;5;5;5;5;2;2;1;1;1958;2001;2;999;2;2;     999;Deutsch;5;8;2
556;2;4;2;0;0;0;0;3;0;0;1;2;999;999;3;3;3;3;4;3;3;5;5;5;4;3;3;5;3;2;2;2;3;3;4;3;5;3;5;4;2;5;5;5;0;0;0;0;2;1;2;4;2;2;2;4;4;5;2;5;4;4;4;5;5;5;5;3;3;2;999;1967;1;999;999;2;2;     999;Deutsch;5;4;2
557;2;4;1;0;0;0;0;3;0;0;2;2;999;999;3;3;3;3;4;3;3;5;5;5;4;3;3;5;2;3;3;3;3;3;4;3;5;4;3;4;3;3;3;2;0;0;0;0;2;1;3;4;2;2;3;4;4;5;2;5;4;4;4;5;5;5;5;2;2;2;999;1952;1;999;999;2;2;     999;Deutsch;5;8;2
558;2;4;1;0;0;0;0;3;0;0;2;2;999;999;3;3;3;3;4;3;3;5;5;5;4;3;3;5;1;3;3;3;3;3;4;3;5;4;3;4;3;3;3;2;0;0;0;0;2;1;3;4;2;2;3;4;4;4;2;5;4;4;4;5;5;5;5;2;2;2;999;1954;1999;2;999;2;2;     999;Deutsch;5;4;2
559;2;4;1;0;0;0;0;3;1;1;2;1;1;2;2;2;2;3;5;4;3;5;5;5;2;3;3;5;2;4;4;4;3;3;4;3;5;4;3;4;3;3;3;2;0;0;0;0;1;1;3;4;2;2;3;4;4;4;2;5;4;4;4;5;5;5;5;2;2;2;999;1988;1972;2;999;2;2;     999;Deutsch;5;4;2
560;2;4;2;0;0;0;0;3;0;0;2;2;999;999;3;3;3;3;5;4;3;5;5;5;2;3;3;5;1;4;3;3;3;3;4;3;5;4;4;4;2;5;4;5;0;1;0;0;2;2;3;4;2;2;3;4;4;4;2;5;4;4;4;5;5;5;6;2;1;2;999;1973;1999;2;999;2;2;     999;Deutsch;5;4;2
561;2;4;1;0;0;0;0;3;0;0;2;2;999;999;3;3;3;3;5;4;3;5;5;5;2;3;3;5;1;4;3;4;3;3;4;3;5;4;4;4;2;5;4;5;0;2;0;1;0;0;3;4;2;2;3;4;4;4;2;5;4;4;4;5;5;5;5;2;1;2;999;1949;1;999;999;2;2;     999;Deutsch;4;6;1
562;2;4;1;0;0;0;0;4;0;0;2;2;999;999;3;2;3;3;4;3;4;5;4;5;5;3;3;6;2;4;3;3;3;5;4;5;6;4;3;4;3;2;3;3;0;0;0;0;0;0;3;2;2;2;4;3;4;3;2;4;4;4;4;5;5;5;5;3;3;1;999;1958;1;999;999;2;2;     999;Deutsch;4;3;2
563;2;4;1;1;0;0;0;2;1;1;2;2;2;2;2;2;3;3;4;3;4;5;4;6;6;2;3;5;2;4;3;3;3;5;4;5;6;4;3;4;3;2;3;3;0;0;0;0;1;0;3;4;2;2;4;4;4;3;2;4;4;4;4;5;5;5;5;3;2;2;999;1956;1;999;999;2;2;     999;Deutsch;5;4;2
564;2;4;2;1;0;0;0;3;1;1;1;1;2;2;2;2;2;3;4;3;4;5;4;3;2;2;2;5;1;3;3;3;3;5;4;5;5;4;3;4;3;2;3;3;0;0;0;0;0;0;3;4;2;2;4;4;4;3;2;4;4;4;4;5;5;5;5;3;2;2;999;1955;1;999;999;2;2;     999;Deutsch;4;8;2
565;2;4;1;1;0;0;0;3;1;1;1;1;2;2;3;3;3;3;4;3;4;5;4;3;2;2;2;5;1;3;3;3;3;5;4;5;5;4;3;4;3;2;3;3;0;0;0;0;2;1;3;4;2;2;4;4;4;3;2;4;4;4;4;5;5;5;5;3;2;2;999;1951;1;999;999;2;2;     999;Deutsch;4;3;2
566;2;4;2;1;1;0;0;3;1;1;1;1;2;2;3;2;3;3;4;3;4;5;4;6;2;2;2;5;1;3;3;3;3;5;4;5;5;4;3;4;3;2;3;3;0;0;0;0;2;1;3;4;2;2;4;4;4;3;2;4;4;4;4;5;5;5;5;3;2;2;999;1946;1;999;999;2;2;     999;Deutsch;5;6;2
567;2;4;2;1;0;0;0;3;1;1;2;2;1;1;2;3;3;3;4;3;5;5;5;5;6;2;2;4;1;3;2;2;3;5;4;5;5;4;3;4;3;2;3;3;0;0;0;0;1;1;3;4;2;2;4;4;4;3;2;4;4;4;4;5;5;5;5;3;2;2;999;1942;1;999;999;2;2;     999;Deutsch;6;1;2
568;2;4;2;0;0;0;0;2;0;0;2;1;999;999;3;3;3;3;5;3;5;5;4;5;4;3;3;5;1;3;2;2;4;4;4;4;4;4;3;4;3;2;3;3;0;2;0;0;2;1;3;4;2;2;4;4;4;3;2;4;4;4;4;5;5;5;5;3;2;2;999;1931;1;999;999;2;2;     999;Deutsch;5;4;2
569;2;4;2;0;0;0;0;2;0;0;2;1;999;999;3;3;3;3;5;3;5;5;4;5;4;3;3;5;1;3;2;2;4;4;4;4;4;4;3;4;3;2;3;3;0;1;0;0;2;1;3;4;2;2;4;4;4;3;2;4;4;4;4;5;5;5;5;3;2;2;999;1929;1;999;999;2;2;     999;Deutsch;5;3;2
570;2;5;2;0;0;1;0;0;3;0;1;999;1;999;4;2;2;2;4;2;3;1;1;5;4;6;1;5;4;4;2;3;2;1;6;1;6;1;3;6;1;3;4;5;0;0;0;0;1;0;2;3;3;5;1;4;6;888;6;1;999;5;5;4;6;5;6;2;2;2;999;1987;2014;2;999;2;2;     999;Deutsch;6;0;1
571;2;5;1;1;1;0;0;3;2;2;2;2;3;2;2;1;2;2;6;6;2;5;5;6;3;5;2;6;4;4;3;4;1;1;6;4;6;1;5;6;1;4;6;6;0;0;0;0;2;1;1;6;5;5;1;6;6;5;6;1;6;5;5;6;6;6;6;1;1;2;999;1998;1;999;999;2;2;     999;Deutsch;6;0;2
572;2;5;1;1;0;0;0;999;3;3;3;999;1;1;1;1;1;1;6;6;4;4;4;6;5;4;5;6;2;4;3;4;1;3;6;2;6;1;6;6;1;4;6;5;0;2;0;1;2;1;1;6;6;6;1;6;6;6;6;4;6;5;6;4;4;4;5;4;3;2;999;1998;2;999;2;2;999;     999;Deutsch;6;9;1
573;2;5;2;1;0;0;0;3;1;2;4;1;1;1;2;1;1;6;6;6;4;3;6;5;5;4;5;6;4;4;4;4;5;4;3;1;6;4;1;5;4;4;5;6;0;1;0;0;3;2;1;6;5;5;4;4;6;5;4;3;4;4;4;6;4;5;5;5;2;2;999;1982;1990;2;999;1;1;     999;Deutsch;6;12;2
574;2;5;1;0;0;1;0;3;3;3;3;1;1;1;2;2;999;1;6;1;1;4;5;4;6;1;4;6;2;4;2;3;6;2;2;4;6;1;3;6;1;1;1;6;0;2;0;1;3;2;1;4;6;6;5;1;1;1;1;6;3;2;1;6;6;6;6;5;5;2;999;999;2017;999;2;2;999;     999;Deutsch;5;0;2
575;2;5;2;0;0;1;0;0;4;3;3;999;2;2;2;2;999;1;6;5;1;2;3;6;5;4;5;6;4;4;4;4;1;1;6;1;6;1;6;6;1;6;6;6;0;0;0;1;2;1;1;4;3;5;2;5;4;2;2;1;4;5;6;6;4;6;6;2;2;2;999;999;2017;1;2012;2;2;     999;Deutsch;5;4;2
576;2;5;1;1;0;0;0;2;3;4;4;1;2;2;2;3;3;1;5;4;2;4;3;5;5;5;2;5;3;4;3;3;1;2;6;2;3;2;5;6;1;4;5;4;1;0;0;1;2;1;2;4;5;4;2;3;4;4;3;1;1;5;5;3;2;4;6;1;1;2;999;1989;2010;2;999;2;2;     999;Deutsch;6;11;2
577;2;5;1;0;0;1;0;0;3;3;2;999;2;1;2;2;999;2;6;6;4;5;5;6;6;4;4;6;4;4;3;4;1;1;6;1;5;1;3;1;6;5;5;2;0;3;0;1;3;2;1;5;4;5;3;5;5;5;5;2;4;5;5;6;5;6;6;1;4;2;999;1986;2013;2;999;2;1; ;Deutsch;999;10;2
578;2;5;1;1;0;0;0;4;1;0;1;1;2;999;3;999;999;1;6;5;3;5;6;6;4;3;6;6;1;4;4;4;4;999;5;3;6;3;2;6;2;1;4;6;0;1;0;1;2;2;1;5;3;6;5;6;6;5;5;3;6;6;6;4;6;6;6;3;4;2;999;1973;1;999;999;2;2;     999;Deutsch;4;4;2
579;2;5;1;1;0;0;0;4;3;1;1;3;3;1;3;999;999;1;6;4;4;5;6;6;4;4;6;6;2;4;2;4;2;4;6;2;6;2;2;6;1;3;2;6;0;3;0;2;3;3;1;5;4;5;6;6;5;6;6;4;6;6;6;6;6;6;6;4;3;2;999;1946;19667;1;1946;1;2;     999;Deutsch;4;3;1
580;2;5;2;1;0;1;0;0;1;4;1;999;2;2;3;999;999;2;5;5;2;5;5;5;5;5;5;5;3;4;3;3;2;2;5;3;6;2;3;5;2;4;5;5;0;0;0;0;2;1;2;4;4;4;2;5;4;4;4;2;4;5;5;6;6;6;6;1;1;2;999;1974;1;999;999;2;2;     999;Deutsch;6;9;2
581;2;5;1;1;0;0;0;1;2;1;2;1;3;2;4;4;3;4;4;1;6;6;5;6;6;6;6;6;1;3;1;2;5;4;4;6;5;5;3;6;5;3;3;6;0;0;0;1;2;1;3;1;1;5;3;4;5;3;3;2;2;6;6;888;888;888;888;888;888;2;999;1968;2015;1;1968;2;2;     999;Deutsch;4;7;2
582;2;5;1;0;0;1;0;1;3;1;1;1;3;3;2;2;2;1;6;4;3;6;5;6;5;2;2;6;4;4;3;3;1;1;6;5;6;2;6;6;1;4;5;6;0;1;0;0;2;1;1;6;6;6;1;6;6;6;4;6;6;4;6;6;5;5;6;1;1;2;999;999;2013;2;999;2;2;     999;Deutsch;6;4;2
583;2;5;1;0;0;0;0;0;3;0;3;999;2;999;1;2;1;1;6;5;3;2;6;6;2;4;3;6;4;4;3;3;1;1;6;1;5;1;6;6;1;6;6;6;0;1;0;0;2;0;1;5;6;6;5;5;5;4;4;1;5;3;6;4;6;4;6;2;1;1;2;1981;2012;2;999;2;2;     999;Deutsch;6;9;2
584;2;5;2;0;0;0;0;4;3;4;1;1;1;1;2;1;1;1;6;6;1;6;5;6;6;5;5;6;3;3;4;4;2;4;5;2;5;2;2;5;2;3;5;6;0;0;0;0;1;1;2;5;4;5;2;5;4;4;4;4;2;2;5;5;6;6;6;6;2;2;2;999;1991;1;999;2;2;     999;Deutsch;6;10;2
585;2;5;1;1;0;0;0;1;1;1;1;1;2;1;1;1;2;3;5;5;4;5;6;6;4;2;6;6;1;4;4;4;2;4;6;2;6;5;3;5;2;2;6;6;0;3;0;1;2;1;1;5;2;5;5;6;6;5;5;4;6;6;6;5;6;6;4;2;1;1;1;1961;1976;1;1961;2;2;     999;Deutsch;5;7;2
586;2;5;1;1;0;0;0;4;0;3;1;1;999;1;1;999;999;1;5;4;2;3;6;6;4;5;6;6;1;4;3;3;2;2;6;2;6;1;6;6;1;5;6;6;0;2;0;1;2;3;1;5;6;2;1;6;6;5;5;1;5;5;6;4;4;6;6;2;1;2;999;1958;1979;1;1958;2;1;     999;Deutsch;5;0;2
587;2;5;2;1;0;0;0;4;2;0;2;1;1;999;3;999;999;1;5;2;2;5;2;5;6;5;6;6;1;4;1;4;1;5;5;1;5;1;2;3;1;1;6;3;0;0;0;0;0;0;1;5;3;5;1;2;5;5;5;4;6;6;6;5;5;5;5;5;2;1;1;1960;1988;2;999;1;2;     999;Deutsch;5;9;1
588;2;5;1;0;0;1;0;3;1;0;1;1;2;999;2;999;999;1;6;6;1;4;6;6;2;2;2;6;2;4;4;4;2;2;5;2;6;1;6;6;1;4;4;6;0;0;0;0;3;2;1;5;5;5;5;5;5;5;5;1;5;5;5;6;6;6;6;2;1;2;999;1941;1;999;999;2;2;     999;Deutsch;4;0;2
589;2;5;1;1;0;1;0;0;1;3;1;999;2;1;3;999;999;1;5;4;1;5;4;5;5;2;5;6;4;4;4;4;3;3;5;3;6;4;4;6;1;5;5;5;1;3;0;1;2;2;1;4;4;3;3;4;4;5;4;1;5;888;6;4;4;6;6;3;2;2;999;1955;1;999;999;2;2;     999;Deutsch;5;4;2
590;2;5;1;0;0;1;0;3;1;3;1;1;1;1;3;2;999;2;5;5;2;5;5;5;5;5;5;5;3;4;3;4;2;4;6;2;5;3;4;5;1;4;5;5;0;1;0;1;1;1;1;4;4;4;4;4;4;5;5;3;5;5;5;6;6;6;6;1;1;2;999;1989;1;999;999;2;2;     999;Deutsch;6;10;2
591;2;5;2;0;0;0;0;0;1;1;1;999;1;1;1;3;3;4;4;3;2;5;5;4;5;3;5;5;3;3;3;3;4;4;4;3;5;2;2;5;1;4;4;5;0;0;0;1;2;1;2;3;3;3;3;4;4;4;4;2;2;4;5;5;5;6;6;3;3;2;999;1970;1;999;999;2;2;     999;Deutsch;5;7;1
592;2;5;2;1;0;0;0;2;1;4;2;1;2;2;2;1;999;2;5;4;4;5;5;5;5;4;5;6;3;4;3;4;2;2;6;2;6;1;2;6;1;4;5;5;0;0;0;1;2;2;1;4;4;4;4;4;5;5;5;1;5;5;6;4;5;5;888;1;1;2;999;1958;1;999;999;2;2;     999;Deutsch;6;11;2
593;2;5;2;0;0;1;0;3;2;3;2;2;3;2;3;999;999;1;6;5;1;6;5;5;6;6;6;6;3;4;4;4;2;4;5;2;5;3;2;6;1;5;5;6;0;0;0;0;2;2;1;5;5;2;2;5;5;4;4;1;4;5;6;3;5;6;6;2;2;2;999;1985;1;999;999;2;2;     999;Deutsch;6;10;2
594;2;5;2;1;0;0;0;2;3;3;1;1;1;1;1;2;2;4;5;5;3;5;6;6;5;3;4;5;1;4;4;3;2;5;5;2;5;2;5;6;2;4;5;5;1;1;0;0;2;3;1;4;5;5;2;5;5;5;4;1;5;6;6;4;4;2;6;1;5;2;999;1965;1994;1;1965;2;2;     999;Deutsch;5;4;2
595;2;5;1;1;0;0;0;0;0;2;0;999;999;1;999;2;1;2;5;4;1;3;5;6;3;3;5;6;2;4;2;4;4;2;6;3;6;2;3;5;1;4;3;6;0;3;0;1;2;3;1;3;4;4;3;6;3;4;5;1;1;4;5;5;5;4;5;2;1;2;999;1975;2006;1;1997;1;2;     999;Deutsch;4;3;2
596;2;5;2;1;0;0;0;3;0;4;3;1;999;1;2;999;999;1;6;6;2;5;6;6;5;6;6;6;1;4;4;4;1;1;6;1;6;1;6;6;1;5;6;6;0;3;0;1;3;3;1;6;4;6;5;6;6;6;6;1;6;6;6;5;6;5;6;4;3;1;1;1959;1994;1;1959;2;2;     999;Deutsch;6;11;2
597;2;5;2;1;0;0;0;3;1;3;1;2;1;2;2;2;3;2;6;6;2;3;6;6;5;4;6;6;3;4;4;4;6;1;6;1;6;1;6;6;1;6;6;6;0;2;0;0;3;2;2;6;3;6;2;6;6;6;5;2;5;6;6;3;6;6;4;1;3;2;999;1961;1991;1;1961;2;2;     999;Deutsch;4;7;2
598;2;5;1;1;0;0;0;4;1;4;1;1;2;2;1;4;3;1;5;6;1;5;6;6;6;6;5;6;1;4;4;4;2;3;6;3;6;3;2;6;1;4;6;6;0;1;0;1;3;3;1;3;3;4;4;4;888;3;4;3;6;6;6;6;6;5;6;3;2;2;999;999;1991;1;999;999;999;     999;999;999;999;2
599;2;5;1;1;0;0;0;0;1;3;2;999;1;1;2;999;999;1;5;4;1;5;6;6;6;5;4;6;1;4;3;4;1;3;6;2;6;4;3;6;2;5;5;6;0;1;0;0;2;1;1;3;4;5;2;5;4;4;5;2;5;6;6;6;6;6;6;2;1;2;999;999;1961;1;999;2;2;     999;Deutsch;5;4;2
600;2;5;1;1;0;0;0;0;1;3;2;999;2;1;3;4;3;2;5;2;5;5;5;5;5;2;5;5;3;4;2;2;4;3;5;1;6;2;4;5;2;5;2;6;0;0;0;0;3;2;2;4;5;5;2;5;5;5;5;2;6;5;5;5;3;4;6;2;1;2;999;1982;2016;1;1982;1;2;     999;Deutsch;6;12;1
601;2;5;2;1;0;0;0;999;0;3;1;999;999;2;3;1;999;1;6;4;3;3;5;5;4;5;4;6;999;4;3;4;1;2;6;2;6;2;4;3;1;3;5;5;1;2;0;1;2;1;1;3;2;3;2;5;4;3;4;3;5;5;4;6;5;6;5;2;2;2;999;1979;1;999;999;1;2;     999;Deutsch;5;4;1
602;2;5;2;1;0;0;0;0;1;0;0;999;1;999;999;3;3;5;3;3;4;4;1;4;4;3;1;4;1;1;1;1;3;4;4;3;4;3;4;4;4;4;3;4;0;0;0;0;0;0;3;4;4;5;4;4;4;3;4;3;4;4;4;6;6;6;6;2;3;2;999;1983;2015;1;999;1;2;     999;Deutsch;6;8;2
603;2;5;1;1;0;0;0;0;2;3;2;999;2;2;2;999;999;1;6;6;2;6;6;6;6;4;4;6;2;4;2;4;2;2;6;2;6;2;5;6;1;5;5;6;0;1;0;1;3;2;1;5;5;5;5;5;5;5;5;1;5;5;6;5;5;5;6;1;1;2;999;1977;1;999;999;1;2;     999;Deutsch;6;7;2
604;2;5;1;1;0;0;0;1;3;3;1;1;2;2;3;3;3;1;6;4;2;5;999;5;5;2;3;6;3;3;3;3;2;2;5;2;6;2;5;5;2;3;5;5;0;1;0;1;1;0;1;2;4;4;3;5;5;4;5;2;4;4;5;2;3;4;6;3;1;2;999;1985;2016;1;2011;1;1; ;Deutsch;5;4;2
605;2;5;1;1;1;0;0;2;2;3;2;2;2;2;2;1;2;2;4;4;4;4;5;5;5;5;5;5;4;4;4;4;4;4;3;4;4;4;2;4;4;2;3;4;2;2;0;1;1;0;3;4;3;2;2;5;3;4;4;3;3;3;5;6;6;6;6;2;6;2;999;1966;1;999;999;2;2;     999;Deutsch;5;7;2
606;2;5;1;0;0;1;0;0;4;4;1;999;1;1;3;999;999;1;5;4;2;5;6;6;4;3;5;6;2;4;2;4;2;2;5;2;6;1;4;6;1;3;5;6;0;1;0;0;2;2;1;3;2;4;3;5;999;4;5;2;6;5;6;4;4;6;6;2;1;2;999;1991;1;999;999;2;2;     999;Deutsch;6;10;2
607;2;5;1;1;0;0;0;3;3;3;1;1;2;1;3;1;999;1;6;6;1;5;6;6;6;6;6;6;4;4;3;4;1;1;6;5;6;1;5;6;1;5;6;6;0;3;0;1;2;1;1;5;5;5;1;6;6;5;4;1;5;5;5;6;6;6;6;6;6;2;999;1980;2010;1;1980;1;2;     999;Deutsch;5;3;2
608;2;5;2;1;0;0;0;1;1;2;1;1;2;2;3;2;3;5;3;3;6;5;3;4;5;1;2;4;3;3;3;3;4;2;4;4;6;4;4;4;3;3;3;5;0;0;0;1;1;1;4;3;2;4;1;4;4;4;3;3;4;3;5;6;6;6;6;6;6;2;999;1980;2016;1;2011;1;1; ;Deutsch;6;8;2
609;2;5;1;1;0;0;0;0;2;3;1;999;2;1;2;999;999;2;6;6;2;5;6;6;5;4;5;6;2;4;4;4;2;2;5;2;6;2;5;5;1;4;5;6;0;2;0;1;2;2;1;5;4;4;5;6;5;5;4;1;5;5;6;6;6;6;6;3;1;2;999;1958;1;999;999;2;1; ;Deutsch;5;4;2
610;2;5;1;1;0;0;0;2;2;3;1;1;1;1;2;999;999;1;6;5;1;5;5;6;4;4;5;6;1;4;3;3;1;1;6;2;6;3;4;5;1;4;5;6;0;1;0;1;3;2;1;5;5;5;5;5;5;5;5;1;6;5;6;5;5;6;6;2;1;2;999;1964;1;999;999;2;2;     999;Deutsch;5;4;2
611;2;5;2;1;0;0;0;4;3;0;2;1;1;999;1;1;999;1;5;2;2;6;6;6;6;4;5;6;3;4;3;3;3;3;5;3;6;1;3;5;1;1;5;5;0;0;0;0;2;1;1;3;4;4;2;5;3;4;5;1;4;5;6;6;6;6;6;2;2;2;999;1996;1;999;999;2;2;     999;Deutsch;6;4;2
612;2;5;2;1;0;0;0;4;1;1;1;2;2;2;4;1;1;1;5;5;1;5;5;5;5;1;5;5;3;4;3;3;2;2;6;2;6;5;6;6;1;4;1;6;0;2;0;1;2;2;1;6;6;6;3;6;5;6;6;1;6;6;6;6;6;6;6;2;2;2;999;1963;1987;1;999;2;2;     999;Deutsch;3;3;2
613;2;5;1;1;0;0;0;0;3;4;2;999;1;1;2;2;999;2;5;5;1;5;5;5;5;5;5;6;2;1;1;1;2;3;5;3;6;1;6;6;1;4;6;6;0;1;0;1;3;2;1;4;6;6;4;6;5;5;5;1;5;5;5;6;6;6;6;2;2;2;999;1961;1;999;999;2;2;     999;Deutsch;5;4;2
614;2;5;1;1;0;0;0;0;1;1;1;999;3;2;3;888;3;1;4;1;2;4;6;4;6;2;1;5;3;3;888;888;1;2;5;3;5;2;4;5;1;4;5;4;0;0;0;0;2;1;2;4;3;5;4;5;5;5;4;1;4;4;6;6;6;6;6;4;5;2;999;1993;1;999;999;2;2;     999;Deutsch;6;10;2
615;2;5;2;1;0;0;0;3;2;4;2;2;1;1;2;2;2;1;6;6;1;5;6;6;6;5;6;6;2;4;4;4;1;2;6;1;6;1;6;6;1;5;6;6;0;0;0;1;2;999;1;5;4;6;2;6;6;6;5;1;6;6;6;6;6;6;6;2;2;2;999;1950;1982;1;1967;2;2;     999;Deutsch;6;11;2
616;2;5;1;0;0;1;0;0;2;2;2;999;999;999;999;2;999;1;6;6;1;5;5;5;4;6;6;6;4;4;4;4;6;1;4;6;6;1;3;6;1;4;6;6;0;3;0;2;3;3;1;4;6;1;1;6;6;4;5;3;6;6;6;6;6;6;6;3;1;1;2;1966;1;999;999;2;2;     999;Deutsch;4;3;2
617;2;5;1;1;0;0;0;0;1;1;0;999;1;1;999;2;2;1;6;5;1;6;6;6;6;6;6;6;1;4;4;4;1;999;5;3;6;1;3;5;1;4;4;6;0;1;0;2;3;2;1;6;1;1;6;6;6;5;3;6;6;6;5;6;3;6;4;1;1;1;1;1951;1977;1;1951;2;2;     999;Deutsch;4;4;2
618;2;5;2;0;0;0;0;0;1;1;0;999;1;1;999;2;4;3;5;5;1;6;6;6;4;4;2;6;1;4;4;4;1;3;5;2;6;1;2;5;1;3;3;6;0;0;0;0;3;2;1;5;2;6;4;6;5;4;3;6;6;6;5;5;5;6;6;1;1;2;999;1982;1;999;999;2;2;     999;Deutsch;6;12;2
619;2;5;1;1;1;0;0;3;1;4;0;2;1;1;999;1;1;1;6;4;2;3;5;6;5;3;4;6;3;4;4;4;1;1;6;2;6;1;5;5;1;4;5;6;0;1;0;1;2;1;1;4;3;4;1;6;5;5;5;1;5;6;6;4;5;3;6;2;2;1;1;1982;1;999;999;2;2;     999;Deutsch;6;10;1
620;2;5;2;1;0;0;0;4;2;3;4;1;1;1;2;1;2;2;6;6;4;4;5;6;6;6;4;6;2;4;4;4;1;2;6;1;6;1;6;5;1;4;6;4;1;3;0;0;3;3;1;4;4;4;2;4;5;6;6;4;5;5;6;1;3;1;5;2;1;2;999;1967;1997;1;1967;2;2;     999;Deutsch;6;3;2
621;2;5;1;1;0;0;0;0;0;0;0;999;999;999;999;999;999;6;6;6;2;5;6;6;1;1;3;6;2;4;3;4;3;4;5;4;6;3;3;5;1;5;5;6;0;2;0;0;3;2;2;5;5;6;3;6;5;4;4;888;6;6;6;6;5;6;4;1;2;2;999;1931;1958;1;1931;2;2;     999;Deutsch;4;3;2
622;2;5;2;1;0;0;0;4;3;4;4;1;2;2;1;2;999;1;5;5;2;5;5;5;5;3;5;6;3;4;4;4;1;3;6;2;6;1;5;5;1;4;6;6;0;3;0;0;3;2;2;5;5;5;3;5;5;5;5;2;6;5;5;4;5;4;6;1;1;2;999;1927;1958;1;1927;2;1; ;Deutsch;4;4;2
623;2;5;2;0;0;0;0;0;0;0;0;999;999;999;999;999;999;6;5;5;4;5;6;6;2;4;1;6;3;4;4;4;1;3;6;1;6;1;5;5;1;5;6;6;0;1;0;0;3;2;2;5;5;5;2;5;5;5;5;2;5;5;5;4;5;4;6;1;1;2;999;1958;1982;1;1958;2;1; ;Deutsch;4;2;2
624;2;5;999;1;0;0;0;4;0;999;1;1;999;1;2;999;999;1;5;4;2;6;6;6;6;5;5;6;1;4;4;4;2;2;5;2;6;2;3;4;4;3;5;6;0;1;0;1;2;1;1;5;4;6;3;6;5;5;4;5;3;5;6;3;5;2;5;3;1;2;999;1970;1;999;999;2;2;     999;Deutsch;6;11;1
625;2;5;2;1;0;0;0;3;0;3;2;1;999;1;1;1;2;1;6;3;2;4;4;4;4;3;5;6;3;4;4;4;1;2;6;2;6;1;6;6;1;5;6;6;1;1;0;1;2;2;1;5;5;5;2;5;5;5;4;1;2;5;5;3;5;4;6;2;1;2;999;1964;1;999;999;2;2;     999;Deutsch;6;11;2
626;2;5;2;1;0;0;0;3;2;3;2;1;1;1;1;999;999;3;5;4;3;6;5;6;6;3;3;6;3;3;2;3;2;4;4;2;5;3;3;5;1;4;4;4;0;0;0;0;2;2;2;4;3;4;2;4;4;4;3;3;3;4;5;5;5;5;5;2;2;2;999;1984;1990;999;2;2;2;     999;Deutsch;6;11;2
627;2;5;2;1;1;0;1;4;2;3;1;3;3;3;1;2;2;1;4;5;5;6;4;6;3;4;5;5;1;3;3;3;2;3;5;6;6;2;2;5;5;3;3;6;0;0;0;0;3;2;1;3;1;3;2;3;4;2;3;2;2;3;2;6;4;6;2;2;3;2;999;1947;1;999;999;1;2;     999;Deutsch;5;3;1
628;2;5;1;1;0;0;0;0;3;2;1;999;2;2;3;2;3;2;2;4;2;6;2;5;3;4;2;5;3;3;2;3;1;2;5;2;6;1;5;4;2;2;5;3;0;2;0;1;1;0;2;4;4;5;5;5;5;3;3;2;5;5;5;6;6;6;6;1;3;2;999;1979;2008;2;999;1;2;     999;Deutsch;6;4;2
629;2;5;2;1;1;0;0;4;0;1;0;3;999;2;999;4;3;1;2;2;5;2;4;2;3;4;5;6;1;4;1;3;1;4;4;3;6;3;2;3;3;1;3;6;0;0;0;1;3;1;1;3;3;2;1;4;3;6;3;3;2;5;5;6;5;5;5;2;2;2;999;1969;1993;1;1969;1;2;     999;Deutsch;4;3;1
630;2;5;2;1;1;0;0;4;1;2;1;1;2;3;3;1;1;4;4;2;6;4;999;6;2;2;5;5;1;4;3;3;2;2;6;2;6;2;5;3;2;4;5;5;0;0;0;0;1;1;1;4;4;4;1;4;5;4;3;3;6;4;5;4;4;4;5;2;1;2;999;1971;1;999;999;2;2;     999;Deutsch;5;4;2
631;2;5;1;1;0;0;0;3;0;4;2;1;999;2;2;2;999;1;6;6;1;5;6;6;6;6;5;6;4;4;4;4;1;1;6;1;6;3;5;6;1;4;6;6;4;4;0;2;3;3;1;5;6;2;1;6;6;6;6;2;5;4;6;1;4;5;1;1;1;1;1;1972;2000;2;999;2;1; ;Deutsch;5;3;1
632;2;5;1;0;0;0;0;0;0;1;0;999;999;2;999;2;2;2;5;3;1;5;4;5;3;5;5;5;888;4;3;3;2;3;5;888;6;2;6;6;1;6;6;6;1;3;0;2;3;2;1;5;4;888;4;6;5;5;5;2;5;5;5;3;4;5;6;1;2;2;999;1980;2000;1;1980;2;2;     999;Deutsch;5;3;2
633;2;5;1;1;1;0;0;3;1;1;0;1;1;1;999;4;3;1;5;5;5;2;3;3;4;3;4;6;1;4;2;3;4;3;4;1;5;2;5;5;1;2;5;6;0;0;0;1;3;1;1;5;5;4;6;5;5;5;4;2;4;5;6;5;6;5;6;2;2;2;999;1971;1993;1;1971;1;2;     999;Deutsch;4;4;1
634;2;5;1;1;0;0;0;0;0;2;3;999;999;1;1;2;999;2;5;5;4;5;6;6;5;3;5;6;2;4;4;4;4;3;5;3;6;3;4;5;1;3;6;6;0;1;0;1;2;2;1;3;5;5;4;6;5;4;4;888;5;5;6;4;4;4;5;2;2;2;999;1964;1;999;999;2;2;     999;Deutsch;5;5;2
635;2;5;1;1;1;0;0;4;2;4;1;1;2;888;3;4;3;1;6;6;4;6;6;6;6;6;6;6;1;4;4;4;1;2;6;4;6;4;6;6;1;4;6;6;3;3;0;1;3;3;1;6;1;6;1;6;6;6;6;3;6;6;6;6;6;6;6;3;1;2;999;1962;1;999;999;2;2;     999;Deutsch;5;7;2
636;2;5;2;1;0;0;0;3;3;2;1;2;1;2;3;999;3;2;6;6;2;3;4;6;4;4;4;6;1;4;4;4;1;2;6;3;6;2;4;6;1;4;5;6;0;1;0;1;3;2;1;5;4;5;1;5;5;5;4;1;4;5;6;2;4;4;5;3;2;2;999;1956;2003;1;1956;2;2;     999;Deutsch;6;4;2
637;2;5;2;1;1;0;0;0;3;3;0;999;1;1;999;1;1;3;4;5;2;4;6;5;3;1;1;6;4;4;3;4;3;2;6;1;6;2;5;4;2;5;6;6;0;1;0;0;999;2;4;6;5;5;5;6;5;5;5;999;6;6;5;3;5;6;6;1;1;2;999;1991;1996;1;1991;2;1; ;Deutsch;6;7;1
638;2;5;2;1;0;0;0;4;4;3;1;1;2;1;1;1;999;1;5;4;5;2;4;5;5;4;5;5;3;4;4;4;1;3;6;1;5;1;4;6;1;3;5;5;0;0;0;0;2;999;1;5;4;5;2;4;5;5;4;2;4;5;5;5;6;6;6;2;1;2;999;1966;1;999;999;2;2;     999;Deutsch;6;12;2
639;2;5;2;1;0;0;0;3;0;1;3;1;999;1;1;2;999;2;5;5;4;5;6;6;4;3;5;6;2;4;4;4;5;4;5;4;6;3;3;5;2;3;6;6;0;0;0;1;2;1;1;5;999;5;2;6;5;4;5;1;5;5;6;3;3;4;6;2;2;1;1;1991;1;999;999;2;2;     999;Deutsch;6;3;1
640;2;5;1;1;0;0;0;3;0;1;3;1;999;1;2;2;999;2;5;5;4;5;6;6;2;3;5;6;2;4;4;4;4;4;5;3;6;3;4;5;1;3;6;6;0;1;0;0;2;1;1;5;999;5;2;6;5;4;4;1;4;5;6;4;999;4;6;2;2;1;1;1999;1;999;999;2;2;     999;Deutsch;1;0;1
641;2;5;1;1;0;0;0;0;2;4;2;999;1;2;1;1;999;2;6;6;2;5;6;6;4;5;5;5;1;4;4;4;888;2;5;3;6;3;3;6;2;5;6;6;0;3;0;0;2;2;1;5;5;5;3;5;5;5;5;2;4;5;5;6;6;6;6;3;1;2;999;1950;1;999;999;2;2;     999;Deutsch;5;4;2
642;2;5;2;1;0;0;0;0;1;4;1;999;1;2;1;999;999;2;5;4;2;4;5;5;4;5;5;5;1;4;2;3;2;3;5;3;6;2;3;5;2;5;5;5;0;1;0;0;2;2;2;5;4;5;2;5;5;5;5;2;5;5;5;4;5;5;5;2;1;2;999;1947;1;999;999;2;2;     999;Deutsch;5;3;2
643;2;5;1;0;0;1;0;0;2;2;1;999;1;1;3;999;999;4;6;999;3;5;6;6;6;4;4;6;4;4;3;3;1;1;6;2;6;1;6;6;1;5;6;5;0;1;0;2;3;2;1;6;6;6;3;6;6;6;5;1;6;1;6;2;2;3;6;1;1;1;2;1986;1;999;999;2;2;     999;Deutsch;6;12;2
644;2;5;2;1;1;0;0;4;1;3;2;3;1;2;1;1;999;1;6;6;1;5;6;6;6;5;5;6;1;4;3;4;2;3;4;1;6;4;2;888;1;1;3;6;4;2;0;2;2;1;1;1;5;1;6;6;6;6;5;6;6;5;999;999;999;999;999;999;999;1;1;1984;1;999;999;1;2;     999;Deutsch;6;8;1
645;2;5;2;1;0;0;0;3;0;4;3;2;999;1;4;2;999;1;5;3;1;2;6;6;5;5;5;6;2;4;3;3;2;4;6;2;6;1;2;5;1;3;6;6;2;1;0;2;2;1;2;5;4;6;1;5;5;5;4;2;6;5;5;4;4;5;4;3;1;1;1;1974;1;999;999;1;2;     999;Deutsch;5;7;2
646;2;5;1;1;0;0;0;1;0;1;1;2;999;2;2;4;3;1;5;1;3;2;3;6;6;1;2;6;2;4;3;3;1;2;5;4;6;4;5;6;1;3;5;5;0;2;0;0;2;3;1;2;2;1;4;3;3;2;5;3;5;4;5;6;5;5;6;2;2;2;999;1988;2015;2;999;2;2;     999;Deutsch;5;4;2
647;2;5;1;1;0;0;0;0;2;2;2;999;1;1;1;2;3;1;6;5;1;6;6;6;6;4;6;6;2;3;2;3;4;2;5;2;6;2;4;4;2;4;4;6;1;1;0;0;2;2;1;3;4;5;1;6;5;5;4;2;5;5;6;6;6;6;6;2;6;2;999;1979;1;999;999;1;999;     999;Deutsch;6;4;2
648;2;5;1;1;0;0;0;0;0;0;2;999;999;999;2;3;2;5;5;5;1;5;2;6;5;3;5;6;3;4;2;3;4;2;6;2;6;1;5;6;2;5;5;5;0;0;0;0;2;1;1;4;4;5;3;2;5;5;5;1;5;5;5;4;4;6;6;2;1;2;999;1988;2016;2;999;2;2;     999;Deutsch;5;4;2
649;2;5;2;1;0;0;0;1;2;1;2;1;3;2;4;4;3;3;4;3;2;6;5;6;5;4;6;6;1;3;3;3;2;4;5;2;6;2;2;5;2;2;4;6;0;0;0;1;2;2;1;4;4;4;2;4;4;4;4;1;4;6;6;5;5;6;6;2;1;2;999;1965;2015;1;1965;2;2;     999;Deutsch;5;3;2
650;2;5;2;1;0;0;0;1;2;2;2;1;1;1;1;2;999;2;5;2;2;3;4;5;4;3;5;6;2;3;3;3;3;3;5;3;5;3;4;5;2;4;4;5;0;0;0;1;2;1;2;4;4;4;2;999;5;4;4;4;5;5;5;4;4;5;6;2;2;2;999;1951;1984;1;1953;2;2;     999;Deutsch;5;4;2
651;2;5;1;1;0;0;0;0;1;3;2;999;1;1;1;2;1;2;5;4;1;5;4;5;5;4;3;5;3;4;3;3;1;1;6;1;6;2;5;4;1;5;4;3;0;2;0;1;2;1;1;5;5;5;5;5;6;5;4;1;6;6;6;4;3;5;4;2;2;1;2;1963;1992;2;999;2;2;     999;Deutsch;5;3;2
652;2;5;2;1;0;0;1;2;3;2;1;1;1;1;1;1;999;4;4;2;2;4;5;5;3;3;5;5;2;4;4;4;2;3;5;3;5;5;5;6;2;4;5;5;0;0;0;1;3;2;1;5;3;888;4;5;5;5;5;1;5;5;5;1;6;6;6;1;1;1;2;1953;1;999;999;2;2;     999;Deutsch;5;4;2
653;2;5;1;1;0;0;0;2;0;0;0;2;999;999;999;3;3;1;6;5;1;2;6;6;5;2;1;5;1;4;4;2;4;2;5;1;6;1;4;5;1;2;4;6;0;0;0;2;3;1;1;2;2;5;5;6;5;4;4;4;5;6;5;6;5;5;5;1;2;2;999;1930;1;999;999;2;2;     999;Deutsch;4;0;2
654;2;5;1;1;0;0;0;1;2;1;2;3;1;2;1;2;999;1;5;5;1;2;6;6;5;1;4;5;2;4;4;2;4;2;5;1;6;1;4;5;1;2;4;6;0;2;0;2;3;2;1;5;2;5;4;6;4;5;4;5;6;6;5;6;5;5;5;1;1;2;999;1970;1;999;999;2;2;     999;Deutsch;5;4;2
655;2;5;2;1;0;0;0;1;2;3;3;1;1;1;2;3;3;2;5;2;2;4;3;5;3;3;2;4;3;3;888;3;2;3;5;2;5;2;5;5;2;4;5;5;0;1;0;1;2;1;2;3;3;4;2;4;3;3;3;2;3;5;5;5;5;6;6;2;3;2;999;1997;1;999;999;2;2;     999;Deutsch;6;0;2
656;2;5;2;0;0;1;0;0;2;1;1;999;3;3;3;1;1;1;4;2;2;6;4;5;6;3;5;6;3;4;3;2;2;2;6;6;5;1;5;5;1;5;6;6;0;2;0;0;2;2;1;5;5;2;4;5;4;5;4;1;6;5;6;6;5;6;6;1;1;2;999;1982;2014;1;1982;2;2;     999;Deutsch;5;7;1
657;2;5;2;1;1;0;0;0;2;1;1;999;3;3;3;4;3;2;5;5;5;3;5;5;4;4;4;4;1;4;4;4;6;6;6;4;5;6;6;6;1;6;6;6;0;0;0;1;3;3;2;5;4;4;5;5;5;5;5;5;5;5;5;6;6;6;6;1;3;2;999;1951;1979;1;1951;2;2;     999;Deutsch;4;3;1
658;2;5;2;1;0;0;0;3;2;1;1;2;1;2;1;2;999;1;6;6;2;5;5;5;6;5;6;6;1;4;3;3;2;3;5;2;6;2;3;5;1;3;5;6;2;0;0;1;1;1;1;3;4;3;2;3;3;4;4;2;3;4;4;2;4;6;6;2;1;1;1;1982;1;999;999;1;2;     999;Deutsch;6;10;2
659;2;5;1;1;0;0;0;0;3;3;3;999;3;3;3;999;999;1;6;5;3;6;6;6;6;5;6;6;1;4;4;4;2;4;6;1;6;4;5;6;1;3;3;6;4;3;0;2;3;2;2;3;3;6;1;6;6;5;4;6;6;6;6;4;5;5;6;1;1;2;999;1974;2007;1;1974;1;2;     999;Deutsch;6;9;2
660;2;5;2;1;1;0;0;3;3;0;1;2;3;999;3;999;999;1;5;4;2;6;6;5;3;2;4;5;1;2;1;3;4;2;5;1;5;2;3;4;2;3;3;6;0;0;0;0;1;0;1;4;2;1;2;5;6;5;3;5;5;4;6;6;5;5;5;1;2;2;999;1993;1;999;999;2;2;     999;Deutsch;6;8;1
661;2;5;1;1;1;0;0;4;2;2;2;1;2;2;2;3;999;1;6;5;6;5;5;6;6;4;6;6;1;4;3;4;5;3;5;3;6;3;4;6;3;2;4;6;4;3;0;0;3;3;1;6;6;5;2;6;6;6;6;2;6;6;6;6;6;6;6;1;1;1;2;1964;1;999;999;2;2;     999;Deutsch;5;3;1
662;2;5;2;1;0;0;0;3;2;2;1;4;3;3;3;4;3;1;5;4;2;5;5;6;6;4;4;5;3;4;3;4;2;2;5;2;5;2;5;5;1;4;5;5;0;1;0;1;3;2;1;4;4;5;3;5;5;5;5;3;6;5;5;4;5;6;6;3;2;1;1;1993;1;999;999;2;2;     999;Deutsch;6;10;2
663;2;5;1;1;0;0;0;0;0;0;0;999;999;999;999;999;999;1;5;3;1;5;5;6;5;2;6;6;2;4;4;4;1;1;6;1;6;1;2;6;2;2;5;6;0;1;0;0;2;0;1;3;4;3;4;2;6;5;3;1;5;5;6;3;3;4;5;2;1;2;999;1970;2001;1;1970;2;1; ;Deutsch;5;4;2
664;2;5;2;1;0;1;0;0;0;0;2;999;999;999;3;4;3;1;6;6;2;5;4;5;6;6;5;6;1;4;4;4;2;2;6;2;6;2;6;6;1;4;6;6;0;0;0;2;3;2;1;5;6;6;5;6;5;6;3;1;6;6;6;6;5;6;5;2;3;2;999;1944;1;999;999;2;2;     999;Deutsch;4;3;2
665;2;5;1;1;0;1;0;0;0;0;1;999;999;999;3;4;3;1;6;6;2;5;6;6;6;6;5;6;1;4;4;4;2;2;6;2;6;2;6;6;1;4;6;6;0;2;0;2;2;2;1;5;6;6;5;6;5;6;3;1;6;6;6;6;5;6;5;2;3;2;999;1942;1970;1;999;2;999;     999;Deutsch;6;12;2
666;2;5;2;1;0;0;0;3;1;0;0;4;1;999;999;2;2;1;6;5;3;2;5;4;3;3;6;6;1;2;3;4;3;5;4;3;6;6;6;6;1;4;5;5;0;0;0;2;2;2;1;4;3;4;3;6;5;4;3;2;2;6;4;6;3;5;2;2;1;2;999;2003;1;999;999;2;2;     999;Deutsch;1;0;2
667;2;5;2;1;0;0;0;3;0;2;1;3;999;2;2;999;999;1;5;3;2;4;3;5;6;6;5;6;3;4;3;3;2;3;5;4;5;3;4;5;3;3;4;6;0;0;0;1;2;2;2;4;3;5;2;5;3;4;3;2;4;5;5;2;4;2;5;1;1;2;999;1967;2000;1;1996;2;2;     999;Deutsch;6;11;2
668;2;5;1;1;0;0;0;0;1;2;1;999;3;1;3;4;3;2;5;5;3;5;5;5;5;2;3;6;2;3;2;3;4;3;5;3;5;2;5;4;2;5;5;5;0;2;0;0;2;2;2;5;4;5;5;5;5;5;4;4;4;5;5;5;5;5;6;1;1;2;999;1975;1;999;999;2;2;     999;Deutsch;5;4;2
669;2;5;2;1;0;1;0;3;0;0;1;1;999;999;3;1;999;2;5;5;2;5;5;5;5;5;4;6;2;4;2;4;2;3;4;2;6;2;5;5;2;5;5;5;0;1;0;1;2;2;2;5;4;5;4;5;5;5;5;2;5;5;5;5;5;5;4;1;1;1;2;1941;1;999;999;2;2;     999;Deutsch;4;3;2
670;2;5;2;1;0;1;0;3;1;4;2;2;2;1;2;999;999;2;5;5;3;6;6;4;4;4;5;6;2;3;3;4;3;3;5;2;5;1;2;5;1;6;6;6;2;1;0;1;2;1;1;4;2;2;2;5;5;4;3;3;4;4;5;3;5;6;5;2;2;2;999;1963;1;999;999;2;2;     999;Deutsch;3;3;1
671;2;5;1;0;0;1;0;1;1;3;2;2;2;1;3;999;999;1;6;5;3;6;5;5;5;4;5;6;3;4;3;3;1;2;6;2;6;2;5;5;1;5;5;5;0;1;0;1;3;2;1;5;4;6;4;6;5;5;5;2;5;5;6;5;5;6;6;3;1;2;999;1979;1;999;999;1;2;     999;Deutsch;5;3;2
672;2;5;1;1;0;0;0;0;0;3;1;999;999;2;3;999;999;2;4;4;3;5;5;5;4;3;4;6;1;4;1;4;3;4;5;4;5;2;2;5;1;4;4;6;0;0;0;0;2;2;2;4;4;4;3;4;4;4;4;1;4;5;5;6;6;6;6;1;1;2;999;1999;1;999;999;2;2;     999;Deutsch;5;4;2
673;2;5;1;1;0;0;0;0;1;0;1;999;2;999;2;4;3;4;6;6;2;4;6;6;2;4;4;6;2;4;4;4;2;4;5;2;5;2;5;5;1;5;5;6;0;0;0;0;2;1;1;5;4;5;5;5;5;5;4;1;6;6;6;6;6;6;6;2;1;2;999;1938;1;999;999;2;2;     999;Deutsch;4;0;2
674;2;5;1;1;0;0;0;1;0;0;0;2;999;999;999;1;999;4;5;5;4;5;5;5;3;2;4;5;3;4;4;4;5;5;4;4;5;2;5;5;2;4;5;5;0;0;0;1;2;1;2;5;5;5;4;3;4;5;888;3;5;5;5;6;6;6;6;6;4;2;999;1972;1993;1;999;2;1; ;Deutsch;5;3;2
675;2;5;2;1;0;0;0;1;0;0;0;2;999;999;999;1;999;4;4;3;4;4;2;5;4;2;4;5;3;3;3;3;5;5;5;4;5;5;2;4;2;4;4;4;0;0;0;1;1;1;2;4;4;3;3;3;4;4;2;2;3;4;4;6;6;6;6;6;1;2;999;1968;1993;1;999;2;1; ;Deutsch;5;3;2
676;2;5;1;1;0;0;0;2;1;4;2;1;2;2;2;1;999;2;6;6;1;6;6;6;6;5;6;6;3;4;4;4;2;1;6;1;6;1;6;6;1;6;6;6;0;1;0;2;3;3;1;6;6;5;1;6;6;6;5;2;5;5;6;5;5;2;6;2;2;1;2;1959;2012;1;1992;2;2;     999;Deutsch;6;11;1
677;2;5;2;1;0;0;0;2;3;3;2;2;2;2;3;3;999;999;5;2;2;5;5;5;4;3;5;5;2;3;3;4;2;2;6;2;6;2;4;6;1;3;5;5;1;1;0;0;2;2;2;5;4;5;3;5;5;5;4;2;3;5;5;6;6;6;6;1;1;2;999;1975;2003;1;1975;1;2;     999;Deutsch;5;4;2
678;2;5;1;1;0;0;0;0;2;3;2;999;2;1;2;2;999;2;5;5;2;5;4;5;5;2;4;5;1;3;3;3;2;4;5;2;6;2;3;5;2;3;5;5;0;2;0;0;2;1;2;4;4;4;5;5;5;5;5;2;5;5;5;6;6;6;6;2;2;2;999;1976;1;999;999;1;1; ;Deutsch;5;3;2
679;2;5;2;1;0;0;0;2;2;2;2;1;1;1;2;999;999;2;5;3;4;5;5;4;5;4;5;5;1;3;1;3;5;4;5;4;5;2;2;5;2;888;5;5;0;0;0;0;1;1;2;3;4;4;4;4;4;4;4;2;3;888;5;5;5;6;6;3;1;2;999;1971;1;999;999;2;1; ;Deutsch;5;3;2
680;2;5;2;1;0;0;0;3;1;1;1;2;2;2;2;3;3;2;5;2;2;5;5;5;5;5;5;5;1;4;4;4;2;3;5;3;5;3;3;5;2;5;5;5;0;0;0;0;2;2;2;5;4;4;2;5;5;4;4;888;2;4;5;6;6;6;6;2;1;2;999;1976;1;999;999;1;1; ;Deutsch;5;3;2
681;2;5;1;1;0;0;0;3;3;1;3;2;2;2;2;2;999;1;6;6;1;6;5;5;6;5;5;6;1;4;3;4;2;2;6;2;6;2;5;5;1;5;5;6;0;2;0;1;2;2;1;5;4;5;4;4;5;5;5;2;5;4;4;5;5;6;6;2;2;2;999;1985;1;999;999;1;2;     999;Deutsch;6;10;2
682;2;5;1;1;0;0;0;2;3;3;2;1;2;1;3;2;2;1;6;5;6;5;6;6;4;4;5;6;2;4;4;4;1;1;6;1;6;1;6;6;1;5;5;6;0;2;0;2;3;3;1;5;5;5;1;6;5;5;5;2;6;5;5;6;6;6;6;1;1;2;999;1961;1989;1;1972;2;2;     999;Deutsch;5;3;2
683;2;5;1;999;999;999;999;3;999;2;999;3;999;2;999;1;1;1;5;5;1;6;5;6;5;4;5;6;4;3;4;4;4;4;6;4;6;1;6;6;1;6;6;6;3;3;0;2;2;1;6;6;5;1;6;6;6;5;4;1;6;6;6;6;6;6;2;6;1;1;999;1992;2017;999;999;2;2;     999;Deutsch;6;10;2
684;2;5;1;1;1;0;0;4;4;4;2;2;1;1;2;1;999;1;5;4;5;6;5;5;5;5;6;6;1;4;3;4;3;1;3;1;6;3;5;6;1;5;4;6;0;2;0;1;2;0;1;6;1;5;2;6;6;5;4;2;4;5;6;6;6;6;6;1;3;2;999;1993;1;999;999;2;2;     999;Deutsch;6;11;1
685;2;5;1;1;0;0;0;4;4;4;2;1;2;1;1;1;1;1;6;4;5;6;6;6;4;4;5;6;1;4;3;4;6;2;5;2;6;3;4;6;1;2;1;6;0;3;0;1;2;0;1;6;2;5;2;6;6;4;4;2;4;6;6;6;6;6;6;1;1;1;2;1993;1;999;999;2;1; ;Deutsch;6;8;1
686;2;5;1;1;0;0;0;4;3;0;1;1;1;999;2;2;999;2;5;3;1;6;6;4;5;3;3;5;2;3;2;4;1;1;5;3;6;3;4;3;1;3;5;6;0;0;0;1;2;1;1;3;2;5;2;6;5;5;4;2;1;5;5;6;5;6;6;1;5;2;999;1996;1;999;999;2;2;     999;Deutsch;6;4;2
687;2;5;1;1;0;0;0;0;1;2;0;999;1;1;999;999;3;3;6;5;4;3;6;5;5;5;5;6;888;4;3;3;5;5;5;5;6;2;6;5;2;5;5;5;0;2;0;0;3;3;1;5;5;5;5;6;5;5;5;888;5;5;5;5;5;6;3;3;1;2;999;1937;1970;2;999;1;2;     999;Deutsch;4;0;1
688;2;6;1;1;0;0;0;3;3;4;3;2;2;2;1;3;3;1;6;5;1;6;5;6;4;5;5;6;3;4;3;4;2;1;6;2;6;2;5;6;1;4;6;5;1;3;0;0;2;2;1;6;5;5;2;5;6;5;5;1;6;6;6;3;4;5;5;2;2;2;999;1960;1985;2;999;2;2;     999;Deutsch;6;3;2
689;2;6;1;1;0;0;0;3;0;3;2;2;999;1;2;2;2;1;5;4;5;6;6;6;4;5;6;6;2;3;3;3;3;2;5;2;6;4;5;6;2;4;5;6;0;1;0;1;2;2;2;4;4;5;3;5;5;5;4;4;5;5;5;6;6;6;5;4;1;2;999;1967;2000;1;1967;2;2;     999;Deutsch;5;3;2
690;2;6;1;1;0;0;0;4;2;4;2;2;1;2;1;2;1;1;6;6;5;4;2;6;6;6;6;6;4;4;4;3;1;1;6;2;5;2;5;6;1;4;6;6;0;3;0;1;3;2;1;6;5;4;1;5;5;5;5;1;6;5;5;5;6;4;6;1;2;2;999;1957;2015;2;999;2;2;     999;Deutsch;5;3;2
691;2;6;1;1;0;0;0;0;0;3;3;999;999;2;1;1;1;2;5;5;2;4;6;4;3;5;5;6;3;4;4;4;2;1;5;1;5;2;4;6;1;3;5;6;1;3;0;1;3;2;1;5;5;6;5;4;5;5;4;2;3;6;6;2;3;1;5;2;1;2;999;1963;2003;1;1963;2;2;     999;Deutsch;6;9;1
692;2;6;2;1;0;0;0;4;1;4;2;4;1;4;2;4;3;1;6;6;1;4;6;6;4;6;6;6;1;4;4;4;1;3;6;1;6;1;4;6;1;3;5;6;2;0;0;1;3;0;1;5;6;2;1;6;6;6;3;1;6;6;6;3;3;3;6;1;1;1;1;1985;2012;1;1985;1;2;     999;Deutsch;6;8;2
693;2;6;2;1;0;0;0;4;3;3;3;1;2;2;1;1;1;1;6;6;1;6;6;6;6;6;4;6;4;4;4;4;1;2;5;2;6;2;5;5;2;5;5;5;0;2;0;1;3;3;1;6;5;5;2;6;6;5;6;2;5;6;6;2;6;3;5;2;1;2;999;1946;2012;1;1980;2;2;     999;Deutsch;6;12;2
694;2;6;1;1;0;0;0;4;3;3;3;1;1;1;3;2;3;1;6;6;1;6;1;6;3;6;6;6;3;4;4;4;5;1;6;1;6;1;6;6;1;1;6;6;0;3;0;1;3;2;1;4;6;1;1;6;6;6;6;1;6;6;6;3;6;6;6;3;2;1;1;1960;2008;1;1976;2;2;     999;Deutsch;4;0;2
695;2;6;1;0;0;1;0;0;4;0;0;999;2;999;999;1;1;6;6;6;6;3;1;1;1;4;6;6;2;4;888;3;6;1;6;1;6;1;6;6;1;6;6;6;0;2;0;1;3;0;4;4;6;6;1;6;6;5;6;4;6;5;6;6;4;6;6;1;1;2;999;1983;2012;1;1983;1;2;     999;Deutsch;4;3;2
696;2;6;1;1;0;0;0;0;0;2;1;999;999;2;2;2;1;2;5;5;3;6;6;6;5;4;6;6;3;4;4;4;2;3;5;3;6;3;6;6;1;3;6;6;0;3;0;0;3;2;1;5;5;5;5;6;4;6;5;1;5;5;6;6;4;6;6;3;2;1;1;1951;1;999;999;2;2;     999;Deutsch;4;4;2
697;2;6;1;1;0;0;0;3;3;3;3;2;1;1;1;2;2;1;6;5;2;5;4;6;4;3;6;6;1;4;4;4;1;1;6;4;6;1;4;4;1;4;6;6;0;1;0;0;2;2;1;4;4;6;2;6;6;5;4;1;6;6;6;6;6;6;6;5;4;1;2;1962;2013;2;999;2;2;     999;Deutsch;5;8;2
698;2;6;2;1;0;0;0;3;0;3;0;1;999;1;999;1;1;1;5;5;1;2;6;6;6;3;5;6;2;4;3;3;1;2;6;2;5;2;3;6;1;4;5;6;2;0;0;1;3;1;2;4;3;5;2;6;6;5;3;4;3;5;6;5;6;5;6;1;3;2;999;1969;1;999;999;2;2;     999;Deutsch;6;8;2
699;2;6;2;1;0;0;0;2;1;1;2;1;1;2;2;4;999;2;6;4;1;3;3;5;6;3;5;6;999;4;3;4;2;3;4;2;6;4;2;6;2;888;5;5;0;1;0;0;3;3;1;4;3;5;4;5;6;5;999;999;5;5;999;1;6;6;6;3;1;2;999;1950;1977;1;1974;2;2;     999;Deutsch;5;4;2
700;2;6;1;1;0;0;0;4;0;4;0;2;999;2;999;1;3;1;6;5;1;6;4;6;6;4;6;6;4;4;4;4;1;1;6;1;6;1;6;6;1;5;6;6;0;1;0;1;3;2;1;5;6;6;1;6;6;5;6;3;6;6;6;4;3;6;6;1;1;2;999;1961;2016;2;999;2;2;     999;Deutsch;5;4;2
701;2;6;1;1;0;0;0;1;0;3;3;2;999;1;1;2;3;2;5;5;3;4;4;5;5;4;4;5;2;4;4;4;2;2;6;2;5;2;2;5;2;5;5;5;0;2;0;1;2;2;1;5;5;5;3;3;3;4;4;2;5;5;5;5;5;6;6;4;3;2;999;1956;1993;2;999;2;2;     999;Deutsch;5;8;2
702;2;6;1;1;0;0;0;0;1;4;1;999;2;3;2;2;2;1;6;4;1;6;2;5;2;6;6;6;2;3;2;4;6;2;6;5;6;1;6;6;1;5;5;6;0;2;0;1;3;1;1;5;5;1;2;6;5;5;5;5;5;5;5;6;6;3;6;1;1;2;999;1981;2005;1;2000;1;2;     999;Deutsch;5;4;2
703;2;6;1;1;0;0;0;0;0;2;2;999;999;1;4;2;2;2;6;6;2;6;6;6;6;6;6;6;4;4;4;4;1;1;6;1;6;1;6;6;1;6;6;6;0;1;0;1;3;1;1;6;6;6;1;6;6;6;6;1;6;6;6;1;4;6;6;1;1;2;999;1967;1;999;999;2;2;     999;Deutsch;5;4;2
704;2;6;1;1;0;0;0;2;0;3;1;1;999;2;1;2;1;1;5;6;3;5;5;6;6;3;6;6;3;4;4;4;3;888;6;1;6;2;6;6;1;5;6;5;0;1;0;0;3;3;1;6;6;5;5;6;6;5;5;2;6;6;6;6;6;5;6;4;1;2;999;1936;1972;2;999;2;1; ;Deutsch;4;0;2
705;2;6;2;1;0;0;0;2;2;2;2;1;1;1;1;1;1;2;5;4;1;4;6;5;5;3;5;6;4;4;3;3;1;2;6;3;6;1;5;6;1;5;5;6;0;1;0;0;2;1;2;5;5;6;3;5;4;6;4;1;5;6;5;4;4;5;6;2;1;2;999;1995;1996;2;999;2;2;     999;Deutsch;6;10;1
706;2;6;1;1;0;0;0;0;0;2;1;999;999;1;3;2;3;4;5;5;3;5;6;6;4;3;3;5;3;4;3;3;1;1;6;2;6;1;2;6;1;3;5;6;0;3;0;0;3;2;1;5;4;4;1;6;5;5;4;1;4;5;5;4;6;3;6;3;2;2;999;1985;2008;1;1985;1;2;     999;Deutsch;6;6;2
707;2;6;1;1;0;0;0;0;2;3;2;999;1;1;2;2;2;3;4;5;6;4;5;6;5;5;3;6;3;4;4;4;4;5;4;3;4;5;4;5;2;5;5;5;0;1;0;1;3;2;2;6;5;5;1;5;5;4;4;2;6;5;5;4;4;3;4;1;1;2;999;1956;1978;1;1956;2;2;     999;Deutsch;4;4;1
708;2;6;1;1;0;0;0;3;1;1;1;1;1;3;1;3;3;1;5;5;1;4;5;6;5;5;6;6;3;4;4;4;2;2;5;2;6;4;3;6;1;6;6;4;0;4;0;1;3;1;1;4;5;5;2;6;5;5;4;2;6;6;6;4;4;3;6;2;3;2;999;1960;1996;2;999;2;2;     999;Deutsch;6;12;2
709;2;6;1;1;0;0;0;1;1;1;1;1;1;1;2;2;2;4;4;3;4;2;4;4;5;2;4;5;3;4;888;2;1;2;6;1;6;1;5;4;1;4;5;4;0;2;0;0;2;1;4;3;3;4;2;4;3;4;4;3;5;6;5;4;5;6;6;2;1;2;999;1972;1999;2;999;2;1; ;Deutsch;6;9;2
710;2;6;2;1;0;0;0;0;0;3;0;999;999;2;999;2;3;2;6;6;2;4;4;5;4;5;5;6;2;4;4;4;5;2;5;5;6;4;3;6;1;4;5;6;0;0;0;1;3;2;2;5;5;5;5;5;5;5;5;1;2;6;5;5;4;4;6;3;1;1;2;1945;1976;1;1945;2;1; ;Deutsch;4;3;2
711;2;6;2;1;0;0;0;3;0;3;1;2;999;1;2;2;3;2;6;6;2;4;6;5;5;3;4;6;1;4;4;3;3;4;888;2;6;2;888;6;1;3;4;6;0;1;0;0;3;888;2;3;2;888;2;6;888;888;888;2;5;5;6;4;5;4;6;2;1;2;999;1932;1934;1;1932;2;2;     999;Deutsch;4;4;2
712;2;6;1;1;0;0;0;3;3;3;1;2;2;1;3;2;1;2;5;3;2;5;3;6;4;4;4;6;3;3;4;4;3;2;5;2;6;2;3;5;1;5;5;6;0;1;0;1;2;1;1;5;4;5;5;6;5;5;4;1;2;5;6;6;5;6;6;2;1;2;999;1987;2015;1;1987;1;2;     999;Deutsch;6;4;2
713;2;6;1;1;0;0;0;3;0;0;1;1;999;999;1;1;1;2;5;5;4;6;6;6;5;4;5;6;888;4;3;4;3;888;4;3;6;2;4;5;1;5;5;6;0;2;0;1;3;2;1;5;5;5;5;5;5;5;5;888;5;5;5;3;4;6;6;2;3;2;999;1940;1961;1;1940;2;2;     999;Deutsch;4;0;2
714;2;6;2;1;0;0;0;4;3;3;1;1;1;1;2;2;1;1;5;4;2;2;5;6;2;3;4;6;3;3;3;4;1;1;6;3;6;1;6;6;1;5;5;6;0;1;0;1;2;1;2;5;4;2;2;5;4;5;4;1;6;6;6;4;5;6;6;2;1;2;999;1988;1995;1;1991;2;2;     999;Deutsch;4;0;2
715;2;6;2;1;0;0;0;2;4;2;1;2;2;1;1;2;2;1;5;4;2;1;6;5;5;3;6;6;3;4;4;3;2;3;4;1;5;3;3;6;1;3;3;6;0;0;0;0;2;0;1;2;3;5;1;6;6;4;4;1;1;5;5;6;5;5;6;2;1;2;999;1961;1999;1;1961;2;2;     999;Deutsch;6;8;2
716;2;6;2;1;1;0;0;2;2;3;2;1;1;2;1;2;2;1;6;4;2;3;6;5;5;2;6;6;3;4;4;4;2;2;6;1;6;5;5;5;1;5;6;5;1;2;0;1;2;2;1;5;4;5;3;5;6;5;5;1;6;5;6;3;3;2;6;1;2;1;2;1949;1;999;999;2;2;     999;Deutsch;5;9;2
717;2;6;2;1;0;0;0;4;1;3;0;1;1;2;999;1;1;2;3;2;4;5;4;2;2;2;2;5;3;4;3;3;4;1;6;2;5;3;5;5;2;2;3;5;0;0;0;0;2;2;2;2;5;5;5;5;5;5;5;2;5;5;5;4;4;4;4;3;2;2;999;1959;1994;1;1959;2;2;     999;Deutsch;5;4;2
718;2;6;2;1;0;0;0;4;3;4;3;3;1;1;2;1;1;1;6;6;6;5;6;5;5;6;6;6;1;4;3;4;4;1;6;1;6;1;6;6;1;4;6;6;0;1;0;1;3;3;1;6;6;6;1;6;6;6;6;2;4;6;6;6;6;6;4;2;1;2;999;1950;1987;2;999;2;2;     999;Deutsch;6;11;2
719;2;6;1;1;0;0;0;999;999;999;999;999;999;999;999;999;999;3;5;5;2;3;6;5;3;5;6;6;888;4;4;4;2;6;888;5;6;3;5;5;6;5;5;6;0;0;0;1;3;888;1;888;5;4;5;5;6;5;888;2;6;5;6;5;5;5;6;3;2;2;999;1925;1967;2;999;2;2;     999;Deutsch;4;0;2
720;2;6;1;1;0;0;0;1;1;1;0;1;1;1;999;2;3;2;5;4;2;2;6;5;5;2;5;6;2;4;3;3;2;2;5;1;6;2;3;5;2;3;5;6;0;2;0;1;2;2;2;5;4;5;2;6;5;5;6;2;5;5;5;3;5;5;4;5;3;2;999;1952;1977;1;1952;2;2;     999;Deutsch;4;4;2
721;2;6;2;0;0;1;0;0;0;0;0;999;999;999;999;999;999;2;3;3;2;5;5;5;5;5;5;5;3;3;2;3;2;2;5;3;6;1;5;6;1;5;5;6;0;0;0;0;2;1;2;4;3;5;4;5;4;5;4;2;5;5;5;5;5;5;6;1;1;2;999;1968;2005;1;1968;2;2;     999;Deutsch;4;3;2
722;2;6;1;1;0;0;0;4;1;4;0;2;3;2;999;2;1;1;6;6;1;4;4;5;3;6;6;6;3;4;4;4;1;1;6;1;6;2;4;6;1;4;6;6;0;4;0;1;2;2;1;6;5;5;1;888;6;6;6;2;6;5;6;3;4;2;5;1;1;2;999;1964;2012;1;1995;2;2;     999;Deutsch;5;3;2
723;2;6;2;1;0;0;0;3;1;3;1;2;2;2;1;3;2;1;5;6;1;4;6;5;5;4;5;6;3;4;4;4;2;2;6;2;6;1;5;6;1;5;5;6;0;1;0;1;2;1;2;5;6;5;2;5;5;5;5;1;4;6;6;3;6;3;6;3;1;2;999;1963;1;999;999;2;1; ;Deutsch;3;3;1
724;2;6;2;1;0;0;0;3;2;3;1;3;2;1;1;3;3;1;6;6;1;3;6;6;2;6;5;6;2;4;4;4;2;2;6;2;6;2;4;6;1;3;5;6;0;0;0;1;3;2;1;6;4;2;1;6;5;5;4;1;6;6;6;4;6;4;4;1;1;1;1;1952;2012;1;1952;2;2;     999;Deutsch;6;10;2
725;2;6;2;1;0;0;0;3;0;1;0;1;999;1;999;2;1;2;5;3;1;2;2;6;2;3;1;6;3;4;3;4;1;1;6;1;6;1;6;6;1;4;6;4;0;0;0;0;1;1;1;2;4;5;2;4;5;5;4;1;5;5;6;6;6;6;6;2;1;2;999;1968;2005;1;1988;1;2;     999;Deutsch;5;3;2
726;2;6;1;1;0;0;0;2;2;4;1;1;1;2;3;3;1;2;5;5;1;3;1;5;3;3;5;6;3;4;4;4;1;1;6;1;6;2;6;6;1;6;5;6;0;2;0;1;2;1;1;5;6;6;4;5;4;5;5;1;6;5;5;4;4;3;6;1;1;1;1;1976;2016;2;999;1;2;     999;Deutsch;3;1;3
727;2;6;1;1;0;0;0;1;2;3;1;1;2;2;1;2;2;2;5;6;1;5;4;5;5;3;5;6;3;4;3;3;2;1;5;3;6;2;4;6;1;4;5;6;0;1;0;1;2;1;1;5;4;3;5;5;4;5;5;2;5;5;5;6;6;6;6;2;4;2;999;1986;2005;1;1986;1;2;     999;Deutsch;4;3;2
728;2;6;1;1;0;0;0;1;1;2;1;1;2;1;1;2;1;1;6;4;1;4;6;5;5;4;4;6;2;4;4;4;1;1;6;2;6;2;5;6;1;5;6;6;0;0;0;0;3;3;1;5;4;6;1;6;6;5;4;1;6;6;6;4;5;2;6;4;1;1;2;1952;1961;2;999;2;2;     999;Deutsch;6;5;2
729;2;6;1;1;0;0;0;2;1;3;1;2;3;3;1;3;3;1;6;4;3;6;5;6;6;4;3;6;3;4;4;4;1;2;6;3;6;2;4;5;1;2;5;5;0;2;0;1;2;2;2;3;5;6;2;6;5;5;5;5;6;6;6;3;4;3;6;2;2;2;999;1965;1;999;999;2;2;     999;Deutsch;6;0;1
730;2;6;1;1;0;0;0;3;0;3;1;1;999;3;3;2;3;2;6;6;1;5;5;6;3;5;6;6;2;4;4;4;1;3;6;2;6;1;1;6;1;6;6;6;0;1;0;1;3;3;1;6;6;6;1;6;6;6;6;1;6;6;6;6;6;6;6;5;1;2;999;1940;1980;2;999;2;2;     999;Deutsch;4;4;2
731;2;6;1;1;0;0;0;3;0;3;2;2;999;3;2;2;2;2;6;4;1;5;5;6;5;5;5;6;1;4;4;3;3;1;5;3;5;3;4;6;2;4;5;5;0;2;0;0;3;2;2;4;5;3;5;5;5;4;5;2;4;5;5;4;5;5;4;2;1;2;999;1953;1975;1;999;2;2;     999;Deutsch;5;4;2
732;2;6;2;1;0;0;0;2;3;3;2;1;3;2;3;2;2;3;5;5;5;6;6;5;4;5;6;6;2;4;4;4;2;1;6;2;6;2;5;6;1;4;6;6;0;1;0;1;3;2;1;6;5;3;5;6;5;6;5;2;5;6;6;4;5;6;6;2;1;1;1;1970;1;999;999;1;2;     999;Deutsch;4;4;2
733;2;6;1;1;0;0;0;3;1;3;1;2;2;2;1;4;2;1;6;2;1;6;6;6;5;4;4;6;3;4;4;4;1;2;6;1;6;2;5;6;1;5;6;6;0;1;0;1;3;1;1;3;4;6;1;6;6;4;3;1;6;6;6;5;6;5;6;5;2;2;999;1959;1;999;999;2;2;     999;Deutsch;4;4;2
734;2;6;2;1;0;0;0;2;1;2;0;3;3;2;999;3;3;2;5;5;2;4;5;6;4;4;5;6;3;4;4;4;2;2;6;2;6;2;3;6;1;3;4;6;2;3;0;1;3;3;1;5;4;5;1;6;5;5;4;1;6;6;6;3;4;2;6;3;1;1;1;1958;1994;2;999;2;2;     999;Deutsch;6;6;1
735;2;6;1;1;0;0;0;3;0;3;3;1;999;1;1;2;2;2;5;5;2;4;5;5;4;4;5;6;1;4;4;4;1;1;6;3;6;3;6;6;2;4;6;6;0;1;0;0;2;2;1;6;4;4;1;5;6;6;4;2;6;5;6;4;5;4;5;2;1;1;1;1952;1977;2;999;2;2;     999;Deutsch;6;0;1
736;2;6;2;1;0;0;0;3;1;3;2;2;1;2;1;2;3;1;6;6;2;6;5;5;6;3;4;6;1;4;4;4;1;1;6;4;6;2;6;5;1;5;6;4;1;2;0;1;3;2;1;5;3;3;6;6;6;6;5;1;6;6;6;3;5;6;6;1;1;2;999;1946;1980;1;999;2;2;     999;Deutsch;4;8;2
737;2;6;2;1;0;0;0;1;1;2;1;1;1;1;1;2;1;3;4;2;4;4;6;5;4;2;2;4;2;3;3;3;4;2;5;4;4;3;4;4;2;3;4;4;0;0;0;0;2;2;3;3;3;1;3;4;4;4;4;2;5;3;6;2;4;6;6;1;2;2;999;1977;1;999;999;2;1; ;Deutsch;6;4;2
738;2;6;1;1;0;0;0;2;0;0;0;1;999;999;999;1;2;5;5;2;2;5;5;4;5;5;5;5;1;1;1;2;5;4;5;5;5;5;3;5;2;2;5;5;0;0;0;0;3;2;1;5;3;5;2;5;5;5;5;2;3;5;5;6;6;6;4;5;6;999;999;1938;1975;1;999;2;2;     999;Deutsch;4;0;2
739;2;6;1;1;0;0;0;3;0;3;1;3;999;3;4;2;2;1;6;6;2;5;6;6;6;6;6;6;3;4;4;4;1;3;6;1;6;1;6;6;1;6;6;6;0;1;0;0;3;1;1;5;6;6;1;6;6;5;6;1;6;6;6;6;6;6;6;3;6;1;2;1946;2013;1;1996;2;2;     999;Deutsch;5;4;2
740;2;6;2;1;1;0;1;1;0;2;1;3;999;3;2;3;2;1;6;5;2;5;4;5;6;5;5;6;2;4;4;3;1;2;5;2;6;1;3;4;2;4;5;6;0;0;0;0;2;1;1;5;4;5;3;6;5;5;4;2;4;5;5;4;5;4;6;3;1;1;2;1951;2007;2;999;2;1; ;Holländisc;6;11;2
741;2;6;1;1;0;0;0;1;1;3;0;2;1;1;999;1;1;1;6;4;4;3;6;6;6;6;6;6;1;4;3;4;4;4;5;888;6;4;4;5;2;3;4;6;2;2;0;1;3;2;1;5;5;4;4;6;6;5;5;1;6;5;6;6;6;6;4;4;4;2;999;1938;1949;1;1938;2;2;     999;Deutsch;4;0;2
742;2;6;1;1;1;0;0;2;1;3;0;2;1;2;999;1;2;2;5;6;2;6;6;6;5;3;6;6;1;4;3;3;2;4;5;2;6;2;2;5;2;4;6;6;0;0;0;0;2;0;1;6;5;5;4;6;6;6;4;2;6;6;6;5;5;6;6;2;2;2;999;1949;1;999;999;2;2;     999;Deutsch;4;0;2
743;2;6;2;1;0;0;0;0;1;0;1;999;4;999;2;3;3;2;5;6;1;6;6;5;3;4;4;6;1;2;888;2;1;1;6;1;6;1;5;6;1;1;4;6;2;0;0;1;1;0;1;3;4;5;1;6;6;5;5;1;6;3;6;1;1;6;6;1;1;2;999;1989;2016;1;999;1;2;     999;Deutsch;4;3;2
744;2;6;2;1;0;0;0;3;2;3;2;2;1;2;1;3;1;1;6;6;1;4;6;6;6;4;6;6;1;4;4;4;1;3;6;1;6;1;6;6;1;3;5;6;3;1;0;1;3;2;1;6;6;6;1;6;6;6;6;1;6;5;6;6;6;6;6;4;5;1;2;1957;1993;2;999;2;2;     999;Deutsch;6;10;2
745;2;6;2;1;0;0;0;3;2;3;1;2;1;2;1;2;3;1;6;5;2;5;5;5;5;3;3;6;1;4;4;4;2;1;6;2;6;1;5;5;1;5;5;5;1;3;0;1;2;1;1;6;5;5;1;5;5;5;5;1;5;6;6;6;6;6;6;4;1;1;2;1949;1986;1;1979;2;2;     999;Deutsch;4;11;2
746;2;6;1;1;0;1;0;0;0;2;1;999;999;1;1;4;1;2;5;6;1;4;5;5;5;2;4;6;2;4;4;4;3;2;5;3;6;1;5;6;1;4;5;5;3;2;0;0;2;1;1;4;4;5;4;5;5;5;4;1;4;5;5;6;6;6;6;2;3;2;999;1979;1990;2;999;1;2;     999;Deutsch;6;11;2
747;2;6;1;1;0;0;0;0;1;2;2;999;2;1;3;2;2;1;6;5;1;5;6;6;5;5;6;6;2;4;2;3;1;1;6;1;6;1;5;6;1;2;5;6;0;3;0;1;2;1;1;6;5;5;2;5;5;4;4;1;5;6;6;6;6;6;6;3;3;2;999;1981;2006;1;1981;1;2;     999;Deutsch;5;7;2
748;2;6;1;1;0;0;0;1;3;3;1;2;1;1;3;2;1;2;4;1;2;5;2;3;2;5;5;5;3;2;1;2;3;3;5;1;6;3;2;6;1;4;2;5;0;0;0;1;0;3;1;4;6;3;1;5;4;3;3;1;5;5;3;4;6;6;6;2;1;2;999;1999;1;999;999;2;2;     999;Deutsch;1;0;2
749;2;6;1;1;0;0;0;3;3;4;0;1;2;1;999;2;3;2;4;1;4;2;1;6;1;3;2;5;4;4;888;3;1;1;6;1;5;1;5;6;1;4;6;3;0;0;0;0;2;2;2;5;6;5;5;4;6;5;5;4;6;6;6;5;5;6;6;3;2;2;999;1993;2012;1;1993;2;2;     999;Deutsch;6;0;2
750;2;6;1;1;1;0;0;4;2;4;4;3;4;3;2;4;2;1;6;6;2;5;6;6;6;6;6;6;4;4;4;4;1;1;6;1;6;2;999;6;1;2;6;6;1;2;0;1;3;3;1;6;5;5;2;5;6;6;6;3;5;6;6;3;3;2;5;3;2;1;1;1956;1999;1;1994;2;2;     999;Deutsch;6;11;1
751;2;6;2;1;1;0;0;4;0;4;3;1;999;3;1;2;3;1;6;6;999;3;5;2;5;5;6;6;3;4;3;4;6;2;6;2;6;2;1;2;1;1;4;6;999;2;0;1;3;1;1;2;2;6;1;6;6;6;3;4;6;5;6;4;3;4;6;1;2;1;2;1982;2014;1;1982;2;2;     999;Deutsch;6;11;1
752;2;6;2;1;0;0;0;3;0;4;3;1;999;1;3;2;1;1;6;5;2;3;6;6;5;5;5;6;2;4;4;4;1;2;6;2;6;1;5;6;1;5;6;6;1;1;0;1;2;2;1;6;5;6;1;6;6;6;5;1;5;6;6;4;4;4;6;2;1;2;999;1974;1;999;999;2;1; ;Deutsch;6;8;2
753;2;6;1;1;0;0;0;4;1;3;1;2;2;2;1;2;1;1;5;4;4;3;6;6;5;4;6;6;3;4;3;4;2;1;6;1;6;1;6;6;1;5;6;6;0;0;0;1;3;3;1;5;6;5;5;6;6;6;5;1;6;6;6;6;6;4;6;4;1;2;999;1983;1991;2;999;999;2; ;Deutsch;5;4;1
754;2;6;1;1;0;0;0;3;1;3;0;1;1;1;999;2;3;2;6;5;2;5;2;6;5;5;5;6;4;4;3;4;2;2;6;1;6;1;5;6;2;5;5;6;1;0;0;0;2;2;1;4;4;5;3;4;5;5;5;3;4;5;5;2;4;4;6;2;1;2;999;1969;2013;1;1993;2;1; ;Deutsch;5;4;2
755;2;6;1;1;1;0;0;4;0;4;0;2;999;2;999;1;1;1;5;5;4;1;6;6;1;3;5;6;1;4;4;4;1;3;999;1;5;1;6;3;2;6;6;6;4;2;0;1;1;0;1;6;6;4;1;6;6;6;6;1;6;6;6;1;4;4;2;1;1;1;1;1965;2000;1;1965;2;2;     999;Deutsch;5;6;1
756;2;6;1;1;0;1;0;2;2;1;2;2;2;2;2;2;1;1;6;5;3;5;6;6;5;4;4;6;1;4;3;4;2;2;4;2;6;1;3;1;2;3;3;6;1;2;0;0;2;0;1;5;3;5;3;4;4;4;3;2;5;5;5;5;6;4;6;3;3;2;999;1974;2001;2;999;1;1; ;Deutsch;6;4;2
757;2;6;1;1;0;0;0;3;0;0;2;1;999;999;1;3;1;3;5;1;1;2;1;6;6;4;6;6;1;4;888;3;6;2;6;4;6;5;1;3;3;2;1;6;0;2;0;1;2;0;1;4;1;5;1;6;4;3;2;1;6;4;5;5;5;6;6;2;1;2;999;1990;2014;2;999;1;1; ;Deutsch;6;10;2
758;2;6;1;1;0;0;0;3;1;2;1;3;3;3;2;2;2;2;5;6;2;5;6;5;4;3;5;6;3;4;4;4;2;2;6;2;6;2;4;5;2;3;5;6;0;2;0;1;3;2;2;5;5;5;2;5;5;5;5;2;4;6;5;6;6;3;6;3;1;1;2;1968;1;999;999;2;2;     999;Deutsch;5;4;2
759;2;6;1;1;0;0;0;4;0;4;1;1;999;3;3;2;1;1;6;6;1;4;4;5;3;4;5;6;3;4;4;4;1;2;6;1;6;1;6;6;1;4;6;6;0;2;0;1;1;1;1;5;6;6;4;6;5;5;5;1;6;6;6;6;5;6;6;2;1;2;999;1962;1995;1;999;2;2;     999;Deutsch;5;4;2
760;2;6;1;1;0;1;0;1;1;3;1;1;1;1;1;1;1;1;6;3;4;6;6;6;6;4;6;6;3;4;2;1;2;888;6;2;6;2;5;5;1;3;5;6;0;1;0;2;2;1;1;3;3;4;2;6;6;5;4;1;2;5;6;4;5;4;6;3;1;1;1;1965;1;999;999;2;2;     999;Deutsch;5;5;1
761;2;6;2;1;0;0;0;2;3;4;1;2;1;1;3;1;1;2;5;4;1;3;4;4;6;4;5;5;3;3;2;2;6;4;5;4;6;5;3;4;3;5;4;6;0;1;0;2;1;0;1;3;2;4;2;4;5;3;1;3;6;5;6;4;5;6;6;2;3;2;999;2000;1;999;999;2;1; ;Deutsch;4;0;2
762;2;6;1;1;0;0;0;0;2;3;2;999;2;3;3;1;1;1;6;6;1;4;5;5;6;4;6;6;3;4;3;4;2;1;6;1;6;1;6;6;1;3;6;6;0;2;0;1;2;1;1;5;5;5;1;5;5;4;4;2;6;6;6;4;5;6;6;1;1;2;999;1982;2014;1;2012;1;1; ;Deutsch;6;11;2
763;2;6;1;1;0;0;0;1;2;3;3;1;2;3;3;1;1;2;5;4;2;6;4;6;4;3;6;6;4;3;2;4;1;1;6;1;6;1;6;6;1;6;6;6;3;2;0;0;2;1;1;3;4;5;3;6;5;4;5;3;5;5;6;6;6;6;6;1;1;2;999;1988;1995;2;999;1;2;     999;Deutsch;4;0;2
764;2;6;1;1;0;0;0;1;2;2;3;2;2;2;2;1;1;4;4;5;3;5;2;4;3;3;3;5;2;4;888;4;3;2;6;1;6;1;6;6;1;5;5;6;0;0;0;1;3;1;2;4;5;5;4;5;4;4;3;1;4;5;5;6;5;6;6;2;3;2;999;1986;2009;2;999;1;2;     999;Deutsch;5;4;2
765;2;6;2;1;0;0;0;3;1;3;3;1;1;3;1;2;2;1;6;5;1;6;6;6;5;5;6;6;2;4;4;4;1;2;6;1;6;1;3;6;1;3;6;6;3;0;0;1;3;3;1;6;3;3;1;6;6;5;3;1;6;6;6;4;6;6;6;3;1;1;2;1943;1;999;999;2;2;     999;Deutsch;4;8;2
766;2;6;2;0;0;0;0;1;2;3;2;1;2;2;1;2;1;2;5;3;1;3;6;6;4;4;4;6;2;4;888;3;2;1;5;6;6;2;2;6;1;3;4;6;0;0;0;0;2;0;1;2;3;3;3;6;5;4;3;2;6;6;6;5;5;6;6;1;3;2;999;1989;2011;1;1987;2;2;     999;Deutsch;6;4;2
767;2;6;1;1;1;0;0;4;1;3;3;2;2;2;3;1;1;1;6;5;2;4;3;4;5;4;5;6;2;4;1;3;2;2;6;3;6;1;4;5;1;2;4;6;2;2;0;1;2;2;1;4;3;5;2;5;6;6;5;1;6;6;6;4;5;6;6;2;3;2;999;1982;2012;1;2008;1;2;     999;Deutsch;6;8;2
768;2;6;1;1;0;0;0;0;2;0;2;999;1;999;1;2;1;2;5;4;2;4;5;5;5;5;4;5;1;4;2;4;4;4;6;2;5;2;5;5;2;4;5;5;0;2;0;0;3;0;2;5;5;5;2;5;5;5;6;888;6;5;5;5;6;6;3;5;2;2;999;1939;1974;1;1939;2;2;     999;Deutsch;4;0;2
769;2;6;1;1;0;0;0;3;3;4;3;3;3;3;2;2;1;1;6;5;1;2;6;6;5;5;6;6;2;4;4;4;5;1;5;6;6;3;6;6;1;5;6;6;3;1;0;1;3;3;1;4;4;5;3;6;5;5;4;1;5;6;6;6;4;6;6;1;1;2;999;1964;2014;2;999;2;2;     999;Deutsch;5;6;1
770;2;6;1;1;1;0;0;4;2;3;3;1;1;3;1;2;1;1;6;5;2;4;6;6;5;4;6;6;2;4;4;4;2;3;5;4;6;4;4;5;2;4;4;5;3;2;0;1;2;1;2;5;4;5;2;5;4;4;4;2;6;5;5;3;4;4;6;2;2;2;999;1964;1996;1;1964;2;1; ;Deutsch;6;7;2
771;2;6;2;1;0;0;0;2;1;4;3;1;1;1;3;2;1;1;6;4;2;4;5;6;5;4;5;6;3;4;3;3;1;2;5;1;5;1;5;6;1;5;5;6;3;3;0;1;2;2;1;5;5;5;2;5;5;5;5;1;5;5;6;5;5;5;6;2;1;2;999;1961;2005;1;1961;2;2;     999;Deutsch;6;9;1
772;2;6;1;1;0;0;0;0;3;1;0;999;1;1;999;2;2;2;6;4;2;5;5;5;6;4;3;6;2;4;3;3;1;2;6;2;6;1;5;4;1;2;5;6;0;1;0;0;2;1;1;5;4;4;3;5;5;5;4;2;2;6;5;3;6;6;6;1;1;2;999;1963;1990;1;999;2;2;     999;Deutsch;5;6;2
773;2;6;2;1;1;0;0;4;1;4;2;3;2;2;2;2;1;2;6;6;3;4;6;6;6;6;6;6;4;4;4;4;1;1;6;1;6;2;5;6;1;5;5;6;3;2;0;1;3;2;1;5;6;5;1;6;6;6;4;1;6;6;6;4;6;5;6;2;1;2;999;1959;2008;1;999;2;1; ;Deutsch;5;4;2
774;2;6;2;1;0;0;0;3;3;4;1;2;2;3;3;2;1;1;6;6;2;5;6;6;5;5;5;6;2;4;3;4;2;2;5;2;6;2;5;6;1;5;5;6;0;2;0;1;3;2;2;5;5;5;2;5;5;5;5;2;5;5;5;2;4;3;6;1;1;1;2;1950;1;999;999;2;1; ;Deutsch;5;8;1
775;2;6;1;1;0;0;0;0;2;3;1;999;1;1;2;2;1;1;6;6;3;5;4;5;5;4;6;6;4;4;4;3;2;2;6;3;5;2;4;6;1;3;4;5;0;2;0;1;2;2;1;5;3;4;1;5;5;4;4;2;3;3;5;4;5;5;5;2;2;1;2;1971;2005;2;999;2;2;     999;Deutsch;6;11;1
776;2;6;1;1;0;0;0;0;0;3;2;999;999;2;1;1;1;2;6;3;2;2;3;6;4;4;4;6;2;4;3;2;1;2;6;2;6;1;5;6;1;4;6;6;3;1;0;1;2;1;1;4;4;5;1;6;6;5;4;4;6;6;6;3;3;2;6;1;1;2;999;1964;1;999;999;2;1; ;Deutsch;5;4;2
777;2;6;2;1;0;0;0;0;2;3;2;999;1;1;2;2;3;2;5;5;5;5;6;6;6;4;5;6;1;4;4;4;2;4;5;1;6;1;6;6;1;3;6;6;0;1;0;0;2;2;1;6;5;4;5;5;5;6;5;1;3;5;6;3;4;5;5;1;1;2;999;1948;1;999;999;2;2;     999;Deutsch;4;7;2
778;2;6;1;1;0;1;0;3;0;3;2;2;999;2;1;1;1;1;6;5;3;3;5;6;6;6;5;6;3;4;4;4;2;2;6;2;5;2;5;5;1;5;6;5;0;0;0;0;3;2;2;5;6;5;4;6;6;6;5;5;5;5;6;2;5;3;6;2;1;2;999;1968;1;999;999;2;1; ;Deutsch;6;6;2
779;2;6;1;1;0;0;0;0;0;3;2;999;999;2;3;2;2;2;5;4;2;5;6;6;3;4;5;6;2;4;3;3;2;2;6;2;6;1;5;6;1;5;6;5;0;2;0;1;2;2;1;4;5;5;4;5;6;5;1;5;6;6;4;6;6;6;1;1;2;999;999;1969;2002;999;999;1;2;     999;Deutsch;5;4;1
780;2;6;1;1;0;0;0;3;1;3;0;1;1;2;999;2;2;1;6;6;2;4;5;5;5;4;5;6;2;4;3;3;2;2;5;2;6;2;4;5;1;4;4;6;2;2;0;1;2;888;2;4;4;5;2;5;5;4;4;2;6;5;6;5;5;4;5;2;1;2;999;1963;1993;2;999;2;2;     999;Deutsch;5;4;1
781;2;6;1;1;0;0;0;3;3;3;2;1;1;1;1;2;1;1;6;6;2;3;6;6;6;3;4;5;3;4;4;4;1;1;6;1;6;3;4;5;1;5;5;5;0;0;0;2;0;2;2;1;4;4;5;2;5;5;5;5;2;5;5;5;3;6;3;6;2;2;999;1963;1963;999;999;2;2;     999;Deutsch;6;3;2
782;2;6;2;1;0;0;0;4;0;4;0;1;999;1;999;2;1;1;6;6;5;6;5;6;6;5;6;6;4;4;4;4;1;1;6;1;6;1;5;6;1;6;6;6;0;1;0;1;2;3;1;6;5;6;1;6;6;5;5;1;6;6;6;1;5;3;5;1;1;2;999;1950;2005;1;1990;1;2;     999;Deutsch;6;6;1
783;2;6;1;1;0;1;0;4;999;4;1;2;999;2;2;2;1;1;6;6;2;5;6;6;6;4;5;6;4;4;4;4;1;1;6;1;6;2;4;6;1;4;5;6;0;1;0;1;2;3;1;6;5;6;2;6;6;6;6;1;6;6;6;6;4;6;6;3;1;1;2;1944;2003;1;1978;2;2;     999;Deutsch;6;11;2
784;2;6;2;0;0;1;0;4;2;3;2;3;2;3;2;2;1;1;6;6;4;6;5;6;5;5;5;6;3;4;4;4;2;1;6;2;6;1;6;6;1;6;6;6;0;0;0;1;3;3;1;6;6;6;2;6;6;5;6;2;6;6;6;2;5;6;6;2;1;2;999;1954;2017;2;999;2;1; ;Deutsch;4;8;2
785;2;6;1;0;0;1;0;4;4;4;2;1;3;3;3;3;1;1;6;4;1;1;5;6;6;5;2;6;4;4;4;4;6;1;6;1;6;4;6;6;1;6;6;6;0;1;0;0;3;2;1;5;6;6;1;6;6;6;5;1;5;6;6;6;6;6;6;3;1;2;999;1970;2014;1;2000;2;2;     999;Deutsch;5;4;2
786;2;6;1;1;1;0;0;3;3;2;2;1;1;2;3;2;2;1;4;3;2;5;5;6;6;3;2;6;4;4;3;2;1;2;6;4;6;2;4;6;1;5;4;6;1;1;0;2;3;3;3;4;5;3;4;1;3;4;6;2;6;6;6;1;3;4;5;4;3;1;1;2001;1;999;999;2;2;     999;Deutsch;1;0;2
787;2;6;1;1;0;0;0;3;3;3;3;1;1;3;2;2;1;1;6;5;1;6;6;6;6;4;5;6;2;4;3;4;2;2;5;5;6;2;5;5;1;5;5;6;0;3;0;1;3;1;1;5;4;5;2;6;6;5;5;1;5;5;5;6;6;5;6;1;1;2;999;1974;1;999;999;2;2;     999;Deutsch;5;4;2
788;2;6;2;1;0;0;0;3;0;3;2;1;999;1;1;3;1;1;6;6;1;2;6;6;6;5;6;6;1;4;4;4;1;4;4;3;6;4;4;6;1;3;6;6;2;1;0;1;3;3;1;6;6;6;1;6;6;6;6;1;6;5;6;6;6;6;6;6;6;1;2;1952;1969;2;999;2;2;     999;Deutsch;5;8;2
789;2;6;2;1;0;0;0;4;3;3;0;1;1;1;999;1;1;1;6;5;2;3;6;5;2;3;4;6;888;4;4;4;2;2;5;2;5;2;4;5;2;3;5;6;0;2;0;1;1;0;2;3;2;5;2;5;6;5;3;2;5;5;6;4;5;2;6;2;1;2;999;1970;1;999;999;2;2;     999;Deutsch;5;3;2
790;2;6;1;1;0;0;0;4;4;3;3;2;1;1;2;1;1;1;6;3;2;5;1;6;3;4;4;6;3;4;4;3;2;1;3;4;6;4;1;6;1;2;6;6;0;0;0;0;3;2;1;5;4;5;1;6;4;4;3;1;6;6;6;4;3;1;6;2;1;2;999;1980;2006;2;999;2;2;     999;Deutsch;5;0;2
791;2;6;2;0;0;0;0;3;3;2;2;1;1;1;1;1;1;1;6;6;3;4;5;1;5;3;5;6;4;4;4;4;3;2;6;6;6;1;5;6;1;4;6;6;0;1;0;1;2;2;1;5;5;6;2;5;6;5;5;2;2;5;6;5;4;5;6;2;4;2;999;1954;2017;1;1996;2;1; ;Deutsch;4;3;2
792;2;6;1;1;0;0;0;3;1;3;2;2;2;2;2;3;3;1;5;5;4;4;5;5;5;4;4;6;2;4;4;4;2;2;5;3;6;3;5;5;1;4;4;6;0;3;0;2;3;2;1;3;4;5;3;5;4;4;4;3;888;6;6;3;4;4;5;3;4;2;999;1978;2005;1;1978;1;2;     999;Deutsch;6;6;2
793;2;6;1;1;1;0;0;3;4;3;2;1;3;1;1;2;2;1;6;4;3;5;5;6;4;5;6;6;1;4;3;3;1;2;5;2;6;1;3;5;1;1;1;6;3;1;0;1;3;2;1;5;5;5;2;6;6;6;5;1;6;6;6;4;5;5;6;1;2;1;1;1951;1;999;999;1;2;     999;Deutsch;5;6;2
794;2;6;1;1;0;0;0;2;2;2;2;1;1;2;2;2;1;1;6;5;1;5;5;6;5;4;6;6;3;4;4;4;2;3;6;1;6;2;5;6;1;4;5;6;3;1;0;0;3;2;1;6;5;5;1;5;6;6;6;1;6;6;6;1;6;6;6;3;1;2;999;1959;1995;1;1959;2;1; ;Deutsch;4;3;2
795;2;6;1;1;0;0;0;4;0;2;2;1;999;2;1;1;1;1;5;5;3;3;4;5;4;4;3;5;2;4;4;4;1;2;6;2;6;2;6;5;1;4;5;6;0;1;0;0;3;2;1;6;6;6;999;2;6;5;4;888;6;6;6;2;5;3;6;3;2;2;999;1939;2000;1;1975;2;2;     999;Deutsch;6;11;2
796;2;6;2;1;1;0;0;4;2;2;2;1;1;1;1;4;2;1;5;5;2;5;5;5;5;5;5;5;4;4;4;4;2;1;6;1;6;1;6;6;1;6;6;6;2;1;0;2;3;3;1;5;5;3;2;5;5;5;5;1;5;5;6;5;5;4;6;3;1;2;999;1942;1;999;999;2;2;     999;Deutsch;4;3;2
797;2;6;2;1;0;0;0;4;3;3;0;1;1;1;999;1;1;1;6;5;2;3;6;5;2;3;4;6;2;4;4;4;2;2;5;2;5;2;4;5;2;3;5;6;0;2;0;1;1;0;2;3;2;5;2;5;6;5;3;2;5;5;6;4;5;2;6;2;1;2;999;1970;1;999;999;2;2;     999;Deutsch;5;3;2
798;2;6;1;1;0;0;0;4;4;3;3;2;1;1;2;1;1;1;6;3;2;5;1;6;3;4;4;6;3;4;4;3;2;1;3;4;6;4;1;6;1;2;6;6;0;0;0;0;3;2;1;5;4;5;1;6;4;4;3;1;6;6;6;4;3;1;6;2;1;2;999;1980;2006;2;999;2;2;     999;Deutsch;5;4;2
799;2;6;2;0;0;0;0;3;3;2;2;1;1;1;1;1;1;1;6;6;3;4;5;1;5;3;5;6;4;4;4;4;3;2;6;6;6;1;5;6;1;4;6;6;0;1;0;1;2;2;1;5;5;6;2;5;6;5;5;2;2;5;6;5;4;5;6;3;4;2;999;1954;2017;1;1991;2;2;     999;Deutsch;5;3;2
800;2;6;2;1;0;0;0;3;1;3;2;2;2;2;2;3;3;1;5;5;4;4;5;5;5;4;4;6;2;4;4;4;2;2;5;3;6;3;5;5;1;4;4;6;0;3;0;2;3;2;1;3;4;5;3;5;4;4;4;3;6;6;6;3;4;4;5;3;4;2;999;1978;2005;1;999;1;2;     999;Deutsch;6;6;2
801;2;6;1;1;1;0;0;3;4;3;2;1;3;1;1;2;2;1;6;4;3;5;5;6;4;5;6;6;1;4;3;3;1;2;5;2;6;1;3;5;1;1;1;6;3;1;0;1;3;2;1;5;5;5;2;6;6;6;5;1;6;6;6;4;5;5;6;1;2;1;999;1951;1;999;999;1;2;     999;Deutsch;5;6;2
802;2;6;2;1;0;0;0;2;2;2;2;1;1;2;2;2;1;1;6;5;1;5;5;6;5;4;6;6;3;4;4;4;2;3;6;1;6;2;5;6;1;4;5;6;3;1;0;0;3;2;1;6;5;5;1;5;6;6;6;1;6;6;6;1;6;6;6;2;1;2;999;1959;1995;1;1959;2;999;     999;Deutsch;4;3;2
803;2;6;1;1;0;0;0;4;0;2;2;1;999;2;1;1;1;1;5;5;3;3;4;5;4;4;3;5;2;4;4;4;1;2;6;2;6;2;6;5;1;4;5;6;0;1;0;0;3;2;1;6;6;6;4;2;6;5;4;3;6;6;6;2;5;3;6;3;2;2;999;1939;2000;1;1975;2;2;     999;Deutsch;6;11;2
804;2;6;2;1;1;0;0;4;2;2;2;1;1;1;1;4;2;1;5;5;2;5;5;5;5;5;5;5;4;4;4;4;2;1;6;1;6;1;6;6;1;6;6;6;2;1;0;2;3;3;1;5;5;3;2;5;5;5;5;1;5;5;6;5;5;4;6;3;1;2;999;1942;1;999;999;2;2;     999;Deutsch;4;3;2
805;2;6;2;1;0;0;0;4;3;3;0;1;1;1;999;1;1;1;6;5;2;3;6;5;2;3;4;6;3;4;4;4;2;2;5;2;5;2;4;5;2;3;5;6;0;2;0;1;1;0;2;3;2;5;2;5;6;5;3;2;5;5;6;4;5;2;6;2;2;2;999;1970;1;999;999;2;2;     999;Deutsch;5;4;2
806;2;6;1;1;0;0;0;4;4;3;3;2;1;1;2;1;1;1;6;3;2; ;1;6;3;4;4;6;3;4;4;3;2;1;3;4;6;4;1;6;1;2;6;6;0;0;0;0;3;2;1;5;4;5;1;6;4;4;3;1;6;6;6;4;3;1;6;2;1;2;999;1978;2006;2;999;2;2;     999;Deutsch;6;7;2
807;2;6;2;0;0;0;0;3;3;2;2;1;1;1;1;1;1;1;6;6;3;4;5;1;5;3;5;6;4;4;4;4;3;2;6;6;6;1;5;6;1;4;6;6;0;1;0;1;2;2;1;5;5;6;2;5;6;5;5;2;2;5;6;5;4;5;5;2;4;2;999;1955;1;999;999;2;2;     999;Deutsch;5;4;2
808;2;6;2;1;0;0;0;3;1;3;2;2;2;2;2;3;3;1;5;5;4;4;5;5;5;4;4;6;2;4;4;4;2;2;5;3;6;3;5;5;1;4;4;6;0;2;0;2;3;2;1;3;4;5;3;5;4;4;4;3;5;6;6;3;4;4;5;3;4;2;999;1975;2005;2;999;1;2;     999;Deutsch;6;4;2
809;1;1;1;1;0;1;999;999;3;2;2;999;2;4;2;2;1;4;5;5;3;6;6;6;5;5;6;6;3;4;3;3;2;3;6;4;6;2;6;6;6;6;6;999;3;2;4;1;3;1;2;6;6;6;5;6;6;6;6;2;5;6;6;5;6;6;6;2;1;2;999;1989;2014;1;1989;2;1;     999;Magyar;9; ;1
810;1;3;2;1;0;0;999;0;0;1;1;999;999;3;3;2;1;1;6;6;5;6;6;6;6;6;6;6;2;4;4;4;2;1;6;1;6;2;6;6;4;6;6;999;2;0;0;1;3;0;1;6;6;6;1;6;6;6;6;1;2;6;6;6;6;6;6;3;1;2;999;1977;2009;1;1977;2;1;     999;Roman;6; ;2
811;1;3;1;1;1;1;999;4;1;0;0;3;1;999;999;1;1;1;6;6;6;6;6;6;6;4;6;6;1;4;4;4;3;1;6;1;6;3;6;6;888;6;6;999;2;0;0;1;3;0;1;6;5;6;1;4;5;6;5;1;1;6;6;6;6;6;6;3;1;1;999;1954;2009;2;999;2;1;     999;Roman;6; ;2
812;1;3;2;1;1;1;999;4;4;2;2;4;1;2;4;2;2;1;6;6;6;6;6;6;6;6;6;6;2;4;3;4;4;3;6;1;6;2;5;6;5;6;6;999;2;2;4;1;3;2;1;6;6;6;1;6;6;6;6;1;6;6;6;6;6;6;6;2;1;2;999;1979;1;999;999;1;1;     999;Roman;5; ;2
813;1;3;2;1;1;1;999;4;4;2;2;4;1;3;4;2;1;1;6;6;6;6;6;6;6;6;6;6;3;4;4;4;4;1;6;1;6;1;6;6;1;6;6;999;2;2;4;2;3;2;1;6;6;6;1;6;6;6;6;1;6;6;6;6;6;6;6;2;1;2;999;1969;1;999;999;2;2;     999;Roman;5; ;2
814;1;3;1;1;1;0;999;3;0;1;1;3;999;3;3;2;1;2;5;5;6;6;6;6;4;3;6;6;1;3;1;3;5;5;5;2;6;2;5;6;5;5;5;999;3;1;3;1;3;3;1;4;5;6;2;5;5;5;5;6;6;6;6;6;6;6;6;4;4;2;999;1950;1968;999;999;1;1;     999;Roman;3; ;2
815;1;3;2;1;0;1;999;0;0;0;0;999;999;999;999;999;999;5;6;6;4;6;4;6;6;6;6;6;1;4;2;4;4;6;6;1;6;999;999;6;3;6;6;999;0;1;0;1;3;2;1;6;4;6;1;6;6;6;6;3;5;6;6;6;6;6;6;3;3;2;999;1941;1996;1;1941;2;1;     999;Roman;3; ;999
816;1;3;1;1;1;1;999;3;1;1;0;3;2;2;999;2;3;2;6;6;6;6;6;6;6;6;6;6;1;3;3;4;2;2;6;1;6;1;6;6;4;6;6;999;1;1;0;1;2;2;1;6;6;6;4;6;6;6;6;3;6;6;6;6;6;6;6;2;4;2;999;1980;1;999;999;2;2;     999;Magyar;7; ;999
817;1;3;2;1;1;1;999;4;1;1;0;3;2;2;999;2;3;2;6;6;6;6;6;6;6;6;6;6;1;2;2;3;2;2;6;1;6;1;6;6;4;6;5;999;1;1;0;1;2;2;1;6;6;6;1;6;6;6;6;999;4;6;6;6;6;6;6;2;4;2;999;1977;1;999;999;1;1;     999;Magyar;7; ;999
818;1;3;2;1;1;0;999;3;0;1;1;3;999;3;3;2;1;2;5;5;5;6;6;6;4;4;6;6;1;3;3;3;2;1;6;1;6;1;6;6;5;6;6;999;3;0;4;1;3;3;1;5;5;5;2;5;5;5;5;2;6;6;6;6;6;6;6;5;4;2;999;1946;1968;1;999;1;999;     999;Roman;3; ;999
819;1;3;1;1;0;0;999;0;0;0;0;999;999;999;999;999;999;2;6;6;5;6;6;6;6;5;6;2;2;3;4;4;3;1;6;2;6;1;6;6;4;6;6;999;2;1;1;1;3;1;1;6;5;6;4;6;6;6;6;1;4;6;6;1;6;6;6;3;5;2;999;1962;1981;999;999;2;1;     999;Magyar;5; ;999
