#link,coreId1,coreId2,cluster1,cluster2,linkType,eucDist,lcDist,eucAdj,cwdAdj,lcpLength,cwdToEucRatio,cwdToPathRatio,Eff_Resist,CWDTORRatio,CF_Centrality
1.0,1.0,2.0,-1.0,-1.0,1.0,703.0,123821.882813,1.0,1.0,1395.0,176.133545964,88.7612063176,-1.0,-1.0,6349.44233
2.0,1.0,6.0,-1.0,-1.0,1.0,520.0,33635.0664063,1.0,1.0,564.0,64.6828200121,59.6366425644,-1.0,-1.0,3595.98457
3.0,1.0,11.0,-1.0,-1.0,1.0,672.0,33839.3320313,1.0,1.0,769.0,50.3561488561,44.0043329406,-1.0,-1.0,3573.043525
4.0,1.0,52.0,-1.0,-1.0,-15.0,1245.0,79473.9921875,0.0,1.0,2732.0,63.8345318775,29.0900410642,-1.0,-1.0,-1.0
5.0,2.0,3.0,-1.0,-1.0,1.0,225.0,18046.7734375,1.0,1.0,326.0,80.2078819444,55.3582007285,-1.0,-1.0,14442.0961
6.0,2.0,11.0,-1.0,-1.0,-15.0,1119.0,115492.914063,1.0,0.0,4946.0,103.210825794,23.3507711409,-1.0,-1.0,-1.0
7.0,2.0,52.0,-1.0,-1.0,1.0,1551.0,68457.125,0.0,1.0,2572.0,44.1374113475,26.6163005443,-1.0,-1.0,5416.87337
8.0,2.0,53.0,-1.0,-1.0,1.0,1692.0,128142.429688,1.0,0.0,2849.0,75.7342965059,44.9780377985,-1.0,-1.0,5837.433068
9.0,3.0,4.0,-1.0,-1.0,1.0,1440.0,106714.757813,1.0,0.0,1733.0,74.1074707035,61.578048363,-1.0,-1.0,16653.20001
10.0,3.0,10.0,-1.0,-1.0,1.0,1436.0,84228.171875,1.0,1.0,1743.0,58.6547157904,48.3236786431,-1.0,-1.0,10455.4553
11.0,3.0,52.0,-1.0,-1.0,1.0,1746.0,65540.5625,0.0,1.0,2285.0,37.5375501145,28.6829595186,-1.0,-1.0,9184.381306
12.0,3.0,53.0,-1.0,-1.0,1.0,1592.0,125225.875,1.0,0.0,2563.0,78.6594692211,48.8591006633,-1.0,-1.0,7331.981891
13.0,4.0,8.0,-1.0,-1.0,1.0,145.0,27135.4160156,1.0,1.0,241.0,187.140800108,112.595087202,-1.0,-1.0,24874.45434
14.0,4.0,10.0,-1.0,-1.0,1.0,361.0,106283.242188,1.0,1.0,1278.0,294.413413263,83.1637262817,-1.0,-1.0,8846.994243
15.0,5.0,6.0,-1.0,-1.0,-15.0,137.0,156.56854248,1.0,0.0,156.0,1.1428360765,1.00364450308,-1.0,-1.0,-1.0
16.0,5.0,7.0,-1.0,-1.0,1.0,77.0,100.0,1.0,1.0,100.0,1.2987012987,1.0,-1.0,-1.0,3989.617611
17.0,5.0,11.0,-1.0,-1.0,1.0,139.0,168.28427124,1.0,1.0,168.0,1.21067821036,1.00169209071,-1.0,-1.0,2599.144474
18.0,5.0,12.0,-1.0,-1.0,-15.0,1748.0,124396.09375,1.0,0.0,2505.0,71.1648133581,49.6591192615,-1.0,-1.0,-1.0
19.0,5.0,18.0,-1.0,-1.0,1.0,1672.0,107654.03125,1.0,0.0,2323.0,64.3863823266,46.3426738054,-1.0,-1.0,4836.383893
20.0,6.0,7.0,-1.0,-1.0,1.0,33.0,48.2842712402,1.0,1.0,48.0,1.46315973455,1.0059223175,-1.0,-1.0,4067.841161
21.0,6.0,11.0,-1.0,-1.0,1.0,165.0,189.705627441,1.0,1.0,189.0,1.1497310754,1.00373347852,-1.0,-1.0,1686.268525
22.0,7.0,11.0,-1.0,-1.0,1.0,88.0,104.852813721,1.0,1.0,104.0,1.19150924683,1.00820013193,-1.0,-1.0,2199.582433
23.0,8.0,9.0,-1.0,-1.0,1.0,63.0,76596.828125,1.0,1.0,104.0,1215.82266865,736.50796274,-1.0,-1.0,8555.066336
24.0,8.0,10.0,-1.0,-1.0,-15.0,134.0,133438.65625,1.0,1.0,1540.0,995.810867537,86.6484780844,-1.0,-1.0,-1.0
25.0,8.0,13.0,-1.0,-1.0,-15.0,999.0,239611.421875,1.0,0.0,1702.0,239.851273148,140.782269022,-1.0,-1.0,-1.0
26.0,8.0,14.0,-1.0,-1.0,-15.0,1239.0,248769.546875,1.0,0.0,2799.0,200.782523709,88.8780088871,-1.0,-1.0,-1.0
27.0,8.0,20.0,-1.0,-1.0,1.0,652.0,219745.078125,1.0,0.0,1055.0,337.032328413,208.289173578,-1.0,-1.0,15955.0191
28.0,8.0,21.0,-1.0,-1.0,1.0,659.0,219716.796875,0.0,1.0,1027.0,333.409403452,213.940405915,-1.0,-1.0,15951.24554
29.0,8.0,63.0,-1.0,-1.0,-15.0,866.0,161496.28125,0.0,1.0,2181.0,186.485313222,74.0468964924,-1.0,-1.0,-1.0
30.0,9.0,10.0,-1.0,-1.0,1.0,106.0,122440.546875,1.0,1.0,136.0,1155.09949882,900.298138787,-1.0,-1.0,8477.555993
31.0,9.0,20.0,-1.0,-1.0,-15.0,579.0,270238.21875,1.0,0.0,1896.0,466.73267487,142.530706092,-1.0,-1.0,-1.0
32.0,9.0,21.0,-1.0,-1.0,-15.0,579.0,270209.9375,1.0,0.0,1868.0,466.683829879,144.652000803,-1.0,-1.0,-1.0
33.0,9.0,35.0,-1.0,-1.0,-15.0,770.0,263962.78125,1.0,0.0,1871.0,342.808806818,141.081123063,-1.0,-1.0,-1.0
34.0,9.0,63.0,-1.0,-1.0,-15.0,679.0,180849.59375,1.0,1.0,1159.0,266.346971649,156.03933887,-1.0,-1.0,-1.0
35.0,10.0,52.0,-1.0,-1.0,1.0,2721.0,93829.6171875,0.0,1.0,3485.0,34.4835050303,26.9238499821,-1.0,-1.0,15082.96783
36.0,10.0,53.0,-1.0,-1.0,1.0,1280.0,123763.203125,1.0,0.0,2341.0,96.6900024414,52.8676647266,-1.0,-1.0,12824.54687
37.0,10.0,63.0,-1.0,-1.0,1.0,614.0,48294.1914063,1.0,1.0,897.0,78.6550348637,53.8396782679,-1.0,-1.0,21181.68559
38.0,11.0,18.0,-1.0,-1.0,1.0,1647.0,107540.898438,1.0,0.0,2210.0,65.2950203024,48.6610400172,-1.0,-1.0,4842.517601
39.0,11.0,30.0,-1.0,-1.0,1.0,1551.0,78399.46875,1.0,0.0,2278.0,50.5476910058,34.4159213126,-1.0,-1.0,7345.380641
40.0,11.0,52.0,-1.0,-1.0,1.0,473.0,45344.953125,1.0,1.0,1673.0,95.8667085095,27.1039767633,-1.0,-1.0,11349.0437
41.0,11.0,53.0,-1.0,-1.0,-15.0,1852.0,112322.757813,1.0,0.0,4293.0,60.649437264,26.1641644102,-1.0,-1.0,-1.0
42.0,12.0,18.0,-1.0,-1.0,1.0,132.0,15313.7089844,1.0,1.0,153.0,116.012946852,100.089601205,-1.0,-1.0,5350.375449
43.0,12.0,24.0,-1.0,-1.0,1.0,363.0,38256.78125,1.0,1.0,396.0,105.390581956,96.6080334596,-1.0,-1.0,4915.351277
44.0,12.0,28.0,-1.0,-1.0,-15.0,414.0,43713.421875,1.0,1.0,493.0,105.587975543,88.6681985294,-1.0,-1.0,-1.0
45.0,12.0,45.0,-1.0,-1.0,-15.0,1510.0,161903.859375,1.0,0.0,2532.0,107.221098924,63.943072423,-1.0,-1.0,-1.0
46.0,13.0,14.0,-1.0,-1.0,1.0,205.0,25313.7089844,1.0,1.0,253.0,123.481507241,100.054185709,-1.0,-1.0,17551.49724
47.0,13.0,20.0,-1.0,-1.0,1.0,431.0,19874.6289063,1.0,1.0,654.0,46.1128280889,30.3893408353,-1.0,-1.0,19967.92725
48.0,13.0,26.0,-1.0,-1.0,1.0,411.0,30681.484375,1.0,0.0,911.0,74.6508135645,33.6789071076,-1.0,-1.0,2812.227247
49.0,14.0,16.0,-1.0,-1.0,1.0,804.0,39899.1640625,1.0,1.0,1898.0,49.6258259484,21.0216881257,-1.0,-1.0,20028.07698
50.0,14.0,20.0,-1.0,-1.0,1.0,674.0,29032.7460938,0.0,1.0,1751.0,43.0752909404,16.5806659588,-1.0,-1.0,28231.15698
51.0,14.0,26.0,-1.0,-1.0,1.0,390.0,29186.4003906,1.0,1.0,1325.0,74.8369240785,22.0274719929,-1.0,-1.0,12881.70749
52.0,14.0,85.0,-1.0,-1.0,1.0,2033.0,38924.4179688,0.0,1.0,3383.0,19.146295115,11.5058876644,-1.0,-1.0,37718.11728
53.0,15.0,17.0,-1.0,-1.0,-15.0,1360.0,129895.929688,1.0,0.0,2302.0,95.5117130059,56.4274238436,-1.0,-1.0,-1.0
54.0,15.0,19.0,-1.0,-1.0,1.0,50.0,7656.85449219,1.0,1.0,76.0,153.137089844,100.748085424,-1.0,-1.0,10798.77474
55.0,15.0,22.0,-1.0,-1.0,1.0,1894.0,208349.03125,1.0,1.0,2291.0,110.004768347,90.9423968791,-1.0,-1.0,15934.15097
56.0,15.0,25.0,-1.0,-1.0,1.0,400.0,63018.8476563,0.0,1.0,677.0,157.547119141,93.0854470551,-1.0,-1.0,7479.436369
57.0,15.0,68.0,-1.0,-1.0,1.0,1064.0,133578.546875,1.0,1.0,1185.0,125.543747063,112.724512131,-1.0,-1.0,2242.97818
58.0,15.0,79.0,-1.0,-1.0,1.0,1355.0,178510.03125,1.0,1.0,2147.0,131.74172048,83.1439363065,-1.0,-1.0,2950.458795
59.0,16.0,22.0,-1.0,-1.0,-15.0,1076.0,67167.828125,1.0,0.0,3936.0,62.4236320864,17.064996983,-1.0,-1.0,-1.0
60.0,16.0,26.0,-1.0,-1.0,1.0,1096.0,46784.15625,1.0,0.0,2023.0,42.6862739507,23.1261276569,-1.0,-1.0,24692.59961
61.0,16.0,36.0,-1.0,-1.0,1.0,1196.0,34384.4023438,1.0,0.0,3483.0,28.7495002875,9.8720649853,-1.0,-1.0,21925.70635
62.0,16.0,85.0,-1.0,-1.0,1.0,1331.0,30429.40625,1.0,1.0,3318.0,22.8620632983,9.17100851417,-1.0,-1.0,22774.17462
63.0,17.0,19.0,-1.0,-1.0,-15.0,1317.0,126381.210938,1.0,0.0,2267.0,95.961435792,55.7482183229,-1.0,-1.0,-1.0
64.0,17.0,25.0,-1.0,-1.0,-15.0,1092.0,64848.796875,1.0,1.0,1576.0,59.3853451236,41.1477137532,-1.0,-1.0,-1.0
65.0,17.0,31.0,-1.0,-1.0,1.0,946.0,40248.3046875,1.0,1.0,1286.0,42.5457766253,31.2972820276,-1.0,-1.0,3978.753129
66.0,17.0,38.0,-1.0,-1.0,1.0,1110.0,29780.5839844,1.0,1.0,1679.0,26.8293549409,17.7370958811,-1.0,-1.0,5493.12869
67.0,17.0,60.0,-1.0,-1.0,1.0,1083.0,21200.1640625,1.0,1.0,2149.0,19.5754054132,9.86512985691,-1.0,-1.0,11161.15804
68.0,17.0,61.0,-1.0,-1.0,1.0,981.0,1138.82250977,1.0,1.0,1138.0,1.16087921485,1.00072276781,-1.0,-1.0,15136.95754
69.0,17.0,90.0,-1.0,-1.0,-15.0,1261.0,38878.0078125,1.0,0.0,1896.0,30.8310926348,20.5052783821,-1.0,-1.0,-1.0
70.0,18.0,23.0,-1.0,-1.0,1.0,220.0,25913.6367188,1.0,1.0,273.0,117.789257813,94.9217462227,-1.0,-1.0,5138.734327
71.0,18.0,24.0,-1.0,-1.0,1.0,314.0,33484.1289063,1.0,1.0,362.0,106.637353205,92.4975936638,-1.0,-1.0,7192.756264
72.0,18.0,30.0,-1.0,-1.0,1.0,529.0,58683.1914063,1.0,1.0,600.0,110.932308897,97.8053190105,-1.0,-1.0,1976.607571
73.0,18.0,52.0,-1.0,-1.0,1.0,1779.0,97918.5078125,0.0,1.0,2247.0,55.0413197372,43.577440059,-1.0,-1.0,8438.902095
74.0,19.0,25.0,-1.0,-1.0,1.0,327.0,59504.1289063,1.0,1.0,642.0,181.969813169,92.6855590441,-1.0,-1.0,6766.716664
75.0,19.0,57.0,-1.0,-1.0,1.0,851.0,118521.617188,1.0,1.0,1015.0,139.273345697,116.770066195,-1.0,-1.0,3095.065393
76.0,19.0,68.0,-1.0,-1.0,1.0,1041.0,130892.25,1.0,1.0,1158.0,125.7370317,113.033031088,-1.0,-1.0,1844.445596
77.0,20.0,21.0,-1.0,-1.0,1.0,1.0,20.0,1.0,1.0,20.0,20.0,1.0,-1.0,-1.0,66068.27734
78.0,20.0,26.0,-1.0,-1.0,1.0,588.0,11306.265625,1.0,1.0,755.0,19.2283428997,14.9751862583,-1.0,-1.0,40120.52693
79.0,20.0,32.0,-1.0,-1.0,1.0,365.0,22488.4101563,1.0,1.0,567.0,61.61208262,39.6620990411,-1.0,-1.0,5251.857291
80.0,20.0,35.0,-1.0,-1.0,1.0,371.0,25843.4765625,0.0,1.0,712.0,69.6589664757,36.297017644,-1.0,-1.0,11563.9986
81.0,21.0,32.0,-1.0,-1.0,1.0,361.0,22496.6933594,1.0,0.0,575.0,62.3177101368,39.1246841033,-1.0,-1.0,5300.423995
82.0,21.0,35.0,-1.0,-1.0,1.0,365.0,25851.7617188,1.0,1.0,720.0,70.8267444351,35.9052246094,-1.0,-1.0,11511.47429
83.0,21.0,63.0,-1.0,-1.0,1.0,817.0,89633.46875,0.0,1.0,982.0,109.710488066,91.2764447556,-1.0,-1.0,43243.30302
84.0,22.0,36.0,-1.0,-1.0,1.0,349.0,32191.7792969,1.0,1.0,441.0,92.240055292,72.9972319658,-1.0,-1.0,16974.60833
85.0,22.0,66.0,-1.0,-1.0,-15.0,732.0,37137.828125,0.0,1.0,1017.0,50.7347378757,36.517038471,-1.0,-1.0,-1.0
86.0,22.0,79.0,-1.0,-1.0,-15.0,1365.0,146455.484375,1.0,1.0,2224.0,107.293395147,65.8522861398,-1.0,-1.0,-1.0
87.0,22.0,85.0,-1.0,-1.0,-15.0,1023.0,37692.3867188,0.0,1.0,1571.0,36.8449528043,23.9926077141,-1.0,-1.0,-1.0
88.0,23.0,24.0,-1.0,-1.0,1.0,223.0,26485.28125,1.0,1.0,264.0,118.768077354,100.323035038,-1.0,-1.0,4685.251973
89.0,23.0,27.0,-1.0,-1.0,1.0,202.0,24970.5625,1.0,1.0,249.0,123.61664604,100.283383534,-1.0,-1.0,5338.75201
90.0,23.0,29.0,-1.0,-1.0,1.0,167.0,19656.8535156,1.0,1.0,196.0,117.705709674,100.290068957,-1.0,-1.0,6586.277655
91.0,23.0,30.0,-1.0,-1.0,1.0,299.0,35112.6992188,1.0,1.0,351.0,117.433776652,100.036180111,-1.0,-1.0,1860.069783
92.0,23.0,52.0,-1.0,-1.0,1.0,1618.0,82670.15625,0.0,1.0,2419.0,51.0940397095,34.1753436337,-1.0,-1.0,10866.60302
93.0,24.0,27.0,-1.0,-1.0,1.0,43.0,7085.20996094,1.0,1.0,84.0,164.772324673,84.3477376302,-1.0,-1.0,3161.885637
94.0,24.0,28.0,-1.0,-1.0,1.0,40.0,4828.42724609,1.0,1.0,48.0,120.710681152,100.592234294,-1.0,-1.0,7688.888573
95.0,24.0,34.0,-1.0,-1.0,1.0,111.0,12020.0,1.0,1.0,140.0,108.288288288,85.8571428571,-1.0,-1.0,7790.497747
96.0,25.0,31.0,-1.0,-1.0,-15.0,233.0,24600.4921875,1.0,1.0,289.0,105.581511534,85.1228103374,-1.0,-1.0,-1.0
97.0,25.0,33.0,-1.0,-1.0,1.0,135.0,15570.4912109,1.0,1.0,169.0,115.336971933,92.1330840882,-1.0,-1.0,9533.636965
98.0,25.0,37.0,-1.0,-1.0,1.0,259.0,27656.8535156,1.0,1.0,276.0,106.783218207,100.205990999,-1.0,-1.0,5530.813658
99.0,25.0,50.0,-1.0,-1.0,-15.0,417.0,46866.1210938,1.0,1.0,564.0,112.388779601,83.0959593862,-1.0,-1.0,-1.0
100.0,25.0,57.0,-1.0,-1.0,-15.0,588.0,97419.6875,1.0,1.0,817.0,165.679740646,119.240743574,-1.0,-1.0,-1.0
101.0,26.0,32.0,-1.0,-1.0,1.0,570.0,33413.2539063,1.0,1.0,942.0,58.6197436953,35.4705455481,-1.0,-1.0,11001.34816
102.0,26.0,81.0,-1.0,-1.0,1.0,852.0,76559.9765625,1.0,0.0,1189.0,89.8591274208,64.3902241905,-1.0,-1.0,25953.67555
103.0,26.0,85.0,-1.0,-1.0,1.0,1993.0,45741.1289063,1.0,1.0,3440.0,22.9508925772,13.2968397983,-1.0,-1.0,39795.17067
104.0,26.0,128.0,-1.0,-1.0,1.0,1750.0,279050.65625,1.0,0.0,2412.0,159.457517857,115.692643553,-1.0,-1.0,2649.023441
105.0,27.0,29.0,-1.0,-1.0,1.0,140.0,16485.28125,1.0,1.0,164.0,117.752008929,100.520007622,-1.0,-1.0,1753.09997
106.0,27.0,34.0,-1.0,-1.0,1.0,99.0,11313.7089844,1.0,1.0,113.0,114.279888731,100.121318446,-1.0,-1.0,7210.780946
107.0,28.0,34.0,-1.0,-1.0,1.0,81.0,8513.56542969,1.0,1.0,113.0,105.105746046,75.3412869884,-1.0,-1.0,7549.496768
108.0,28.0,40.0,-1.0,-1.0,-15.0,381.0,69648.1875,1.0,0.0,619.0,182.803641732,112.517265751,-1.0,-1.0,-1.0
109.0,28.0,42.0,-1.0,-1.0,-15.0,594.0,112476.609375,1.0,0.0,887.0,189.354561237,126.805647548,-1.0,-1.0,-1.0
110.0,28.0,43.0,-1.0,-1.0,-15.0,768.0,131904.96875,1.0,0.0,1095.0,171.751261393,120.461158676,-1.0,-1.0,-1.0
111.0,28.0,45.0,-1.0,-1.0,-15.0,1159.0,120104.0625,1.0,0.0,2072.0,103.627318809,57.9652811293,-1.0,-1.0,-1.0
112.0,29.0,30.0,-1.0,-1.0,1.0,283.0,31656.8535156,1.0,1.0,316.0,111.8616732,100.179916189,-1.0,-1.0,5362.316445
113.0,29.0,34.0,-1.0,-1.0,1.0,207.0,21656.8535156,1.0,1.0,216.0,104.622480752,100.26321072,-1.0,-1.0,4151.381102
114.0,29.0,39.0,-1.0,-1.0,1.0,247.0,28485.28125,1.0,1.0,284.0,115.325025304,100.300286092,-1.0,-1.0,3785.337535
115.0,29.0,41.0,-1.0,-1.0,1.0,258.0,28000.0,1.0,1.0,280.0,108.527131783,100.0,-1.0,-1.0,5083.628731
116.0,30.0,39.0,-1.0,-1.0,1.0,291.0,31112.6992188,1.0,1.0,311.0,106.916492161,100.040833501,-1.0,-1.0,7639.722424
117.0,30.0,52.0,-1.0,-1.0,1.0,1308.0,68777.078125,1.0,1.0,2316.0,52.5818640099,29.6964931455,-1.0,-1.0,12510.66137
118.0,30.0,56.0,-1.0,-1.0,1.0,369.0,39085.2109375,1.0,1.0,404.0,105.92198086,96.7455716275,-1.0,-1.0,7266.251673
119.0,31.0,33.0,-1.0,-1.0,1.0,71.0,9010.0,1.0,1.0,100.0,126.901408451,90.1,-1.0,-1.0,8432.36742
120.0,31.0,37.0,-1.0,-1.0,-15.0,190.0,21295.0664063,1.0,0.0,264.0,112.079296875,80.6631303269,-1.0,-1.0,-1.0
121.0,31.0,46.0,-1.0,-1.0,1.0,295.0,35313.7070313,0.0,1.0,353.0,119.707481462,100.038830117,-1.0,-1.0,823.0160006
122.0,31.0,49.0,-1.0,-1.0,1.0,308.0,34828.4257813,1.0,1.0,348.0,113.079304485,100.08168328,-1.0,-1.0,1424.776245
123.0,31.0,61.0,-1.0,-1.0,1.0,565.0,39535.6914063,1.0,1.0,644.0,69.9746750554,61.3908251651,-1.0,-1.0,3713.902994
124.0,32.0,35.0,-1.0,-1.0,1.0,67.0,7010.0,1.0,1.0,80.0,104.626865672,87.625,-1.0,-1.0,53327.44382
125.0,32.0,81.0,-1.0,-1.0,-15.0,328.0,48693.5664063,1.0,1.0,533.0,148.455995141,91.3575354715,-1.0,-1.0,-1.0
126.0,32.0,85.0,-1.0,-1.0,1.0,2500.0,68019.3203125,0.0,1.0,4377.0,27.207728125,15.540169137,-1.0,-1.0,31857.3156
127.0,32.0,128.0,-1.0,-1.0,1.0,1820.0,277632.5,0.0,1.0,2301.0,152.54532967,120.657322903,-1.0,-1.0,2575.84431
128.0,32.0,153.0,-1.0,-1.0,1.0,3267.0,210260.953125,0.0,1.0,4164.0,64.3590306474,50.4949455151,-1.0,-1.0,12449.19515
129.0,32.0,240.0,-1.0,-1.0,1.0,4563.0,291403.03125,0.0,1.0,5287.0,63.8621589415,55.1168963968,-1.0,-1.0,7893.991774
130.0,33.0,37.0,-1.0,-1.0,1.0,83.0,10828.4267578,1.0,1.0,108.0,130.462972986,100.26321072,-1.0,-1.0,2807.212451
131.0,33.0,46.0,-1.0,-1.0,1.0,250.0,34666.8554688,0.0,1.0,356.0,138.667421875,97.3788074966,-1.0,-1.0,2479.139193
132.0,34.0,40.0,-1.0,-1.0,1.0,319.0,61026.3359375,1.0,0.0,397.0,191.305128331,153.718730321,-1.0,-1.0,9015.343876
133.0,34.0,41.0,-1.0,-1.0,1.0,284.0,31112.6992188,1.0,1.0,311.0,109.551757813,100.040833501,-1.0,-1.0,2573.155326
134.0,34.0,44.0,-1.0,-1.0,1.0,272.0,53511.6171875,1.0,1.0,322.0,196.733886719,166.185146545,-1.0,-1.0,8402.790433
135.0,34.0,47.0,-1.0,-1.0,1.0,222.0,24923.6367188,1.0,1.0,273.0,112.268633868,91.2953725963,-1.0,-1.0,7558.221538
136.0,35.0,63.0,-1.0,-1.0,1.0,340.0,83386.328125,1.0,1.0,985.0,245.25390625,84.6561706853,-1.0,-1.0,43113.59321
137.0,35.0,81.0,-1.0,-1.0,1.0,218.0,38627.4179688,1.0,1.0,273.0,177.189990683,141.492373512,-1.0,-1.0,32989.79062
138.0,36.0,66.0,-1.0,-1.0,1.0,359.0,4354.40673828,1.0,1.0,564.0,12.1292666804,7.72057932319,-1.0,-1.0,18698.36174
139.0,36.0,79.0,-1.0,-1.0,-15.0,1226.0,113672.0625,1.0,0.0,1771.0,92.7178323817,64.185241389,-1.0,-1.0,-1.0
140.0,36.0,85.0,-1.0,-1.0,1.0,665.0,4908.96533203,1.0,1.0,1118.0,7.38190275493,4.39084555638,-1.0,-1.0,13176.04686
141.0,37.0,46.0,-1.0,-1.0,1.0,155.0,38256.78125,1.0,1.0,216.0,246.817943548,177.114728009,-1.0,-1.0,2288.788909
142.0,37.0,48.0,-1.0,-1.0,1.0,123.0,13010.0,1.0,1.0,140.0,105.772357724,92.9285714286,-1.0,-1.0,3333.293346
143.0,37.0,49.0,-1.0,-1.0,1.0,203.0,42742.0625,1.0,0.0,261.0,210.55203202,163.762691571,-1.0,-1.0,2761.724684
144.0,37.0,50.0,-1.0,-1.0,1.0,178.0,18398.9179688,1.0,1.0,197.0,103.36470769,93.3955226843,-1.0,-1.0,2851.573967
145.0,38.0,60.0,-1.0,-1.0,1.0,156.0,18142.1347656,1.0,1.0,181.0,116.295735677,100.23278876,-1.0,-1.0,5685.006929
146.0,38.0,101.0,-1.0,-1.0,-15.0,1939.0,80497.1953125,1.0,0.0,3345.0,41.5147990266,24.0649313341,-1.0,-1.0,-1.0
147.0,39.0,41.0,-1.0,-1.0,1.0,33.0,5010.0,1.0,1.0,60.0,151.818181818,83.5,-1.0,-1.0,8957.464414
148.0,39.0,51.0,-1.0,-1.0,-15.0,197.0,21752.0644531,1.0,0.0,241.0,110.416570828,90.257528851,-1.0,-1.0,-1.0
149.0,39.0,56.0,-1.0,-1.0,1.0,169.0,18398.9179688,1.0,1.0,197.0,108.869337093,93.3955226843,-1.0,-1.0,4304.038685
150.0,40.0,42.0,-1.0,-1.0,1.0,254.0,42828.4257813,1.0,1.0,268.0,168.615849533,159.807558885,-1.0,-1.0,7481.08774
151.0,40.0,44.0,-1.0,-1.0,1.0,53.0,8828.42675781,1.0,1.0,88.0,166.57408977,100.323031339,-1.0,-1.0,12596.84148
152.0,40.0,71.0,-1.0,-1.0,1.0,589.0,52337.9101563,0.0,1.0,675.0,88.8589306559,77.537644676,-1.0,-1.0,7905.496377
153.0,40.0,77.0,-1.0,-1.0,1.0,438.0,47322.5546875,1.0,1.0,511.0,108.0423623,92.6077391145,-1.0,-1.0,6157.487001
154.0,41.0,47.0,-1.0,-1.0,1.0,177.0,21085.2089844,1.0,1.0,224.0,119.125474488,94.1303972518,-1.0,-1.0,6253.381797
155.0,41.0,51.0,-1.0,-1.0,1.0,142.0,16742.0644531,1.0,1.0,181.0,117.901862346,92.4975936635,-1.0,-1.0,8802.392495
156.0,41.0,56.0,-1.0,-1.0,-15.0,232.0,24837.2734375,0.0,1.0,286.0,107.057213093,86.8436134178,-1.0,-1.0,-1.0
157.0,42.0,43.0,-1.0,-1.0,1.0,166.0,18256.7832031,1.0,1.0,196.0,109.980621705,93.146853077,-1.0,-1.0,2754.88113
158.0,42.0,54.0,-1.0,-1.0,1.0,201.0,24398.9179688,1.0,1.0,257.0,121.387651586,94.9374240031,-1.0,-1.0,2431.28151
159.0,42.0,71.0,-1.0,-1.0,1.0,364.0,33695.34375,0.0,1.0,474.0,92.5696256868,71.0872231013,-1.0,-1.0,4049.642711
160.0,42.0,77.0,-1.0,-1.0,1.0,342.0,44020.4101563,1.0,0.0,659.0,128.71464958,66.7988014511,-1.0,-1.0,917.605242
161.0,43.0,45.0,-1.0,-1.0,-15.0,376.0,18932.5488281,1.0,1.0,1112.0,50.352523479,17.0256734066,-1.0,-1.0,-1.0
162.0,43.0,54.0,-1.0,-1.0,1.0,62.0,7010.0,1.0,1.0,80.0,113.064516129,87.625,-1.0,-1.0,3345.990624
163.0,43.0,67.0,-1.0,-1.0,-15.0,245.0,18357.9902344,1.0,1.0,537.0,74.9305723853,34.1862015538,-1.0,-1.0,-1.0
164.0,44.0,47.0,-1.0,-1.0,1.0,268.0,46485.28125,1.0,1.0,304.0,173.452541978,152.912109375,-1.0,-1.0,6196.540058
165.0,44.0,56.0,-1.0,-1.0,1.0,731.0,66006.7578125,0.0,1.0,1445.0,90.2965223153,45.6794171713,-1.0,-1.0,5659.384545
166.0,44.0,77.0,-1.0,-1.0,1.0,451.0,47464.6914063,1.0,1.0,512.0,105.243218196,92.7044754029,-1.0,-1.0,8264.775615
167.0,45.0,55.0,-1.0,-1.0,1.0,158.0,181.421356201,1.0,1.0,181.0,1.14823643165,1.00232793481,-1.0,-1.0,4826.833754
168.0,45.0,62.0,-1.0,-1.0,1.0,551.0,53108.0351563,1.0,0.0,1053.0,96.3848187955,50.4349811551,-1.0,-1.0,4947.919249
169.0,45.0,67.0,-1.0,-1.0,1.0,319.0,533.137084961,1.0,1.0,533.0,1.6712761284,1.00025719505,-1.0,-1.0,9236.041822
170.0,46.0,48.0,-1.0,-1.0,1.0,73.0,31656.8535156,1.0,1.0,136.0,433.655527611,232.770981732,-1.0,-1.0,2529.121884
171.0,46.0,49.0,-1.0,-1.0,1.0,45.0,6828.42724609,1.0,1.0,68.0,151.742827691,100.418047737,-1.0,-1.0,5750.526399
172.0,46.0,69.0,-1.0,-1.0,1.0,217.0,26485.28125,1.0,1.0,264.0,122.051987327,100.323035038,-1.0,-1.0,2181.250351
173.0,47.0,51.0,-1.0,-1.0,1.0,36.0,6828.42724609,1.0,1.0,68.0,189.678534614,100.418047737,-1.0,-1.0,4578.783513
174.0,47.0,56.0,-1.0,-1.0,1.0,403.0,43656.8554688,0.0,1.0,436.0,108.329666176,100.130402451,-1.0,-1.0,2824.890131
175.0,47.0,77.0,-1.0,-1.0,1.0,674.0,86607.6171875,1.0,0.0,1285.0,128.497948349,67.3989238813,-1.0,-1.0,7471.696962
176.0,48.0,50.0,-1.0,-1.0,1.0,82.0,9010.0,1.0,1.0,100.0,109.87804878,90.1,-1.0,-1.0,4368.204942
177.0,48.0,69.0,-1.0,-1.0,1.0,251.0,29798.9902344,1.0,1.0,297.0,118.721076631,100.333300453,-1.0,-1.0,3611.679435
178.0,48.0,75.0,-1.0,-1.0,1.0,334.0,36040.0,0.0,1.0,400.0,107.904191617,90.1,-1.0,-1.0,1856.924001
179.0,48.0,82.0,-1.0,-1.0,1.0,316.0,34398.9179688,1.0,1.0,357.0,108.857335344,96.3555125176,-1.0,-1.0,2348.348579
180.0,49.0,61.0,-1.0,-1.0,1.0,411.0,24130.2050781,1.0,1.0,469.0,58.7109612606,51.4503306569,-1.0,-1.0,4654.392395
181.0,49.0,69.0,-1.0,-1.0,1.0,194.0,22000.0,1.0,1.0,220.0,113.402061856,100.0,-1.0,-1.0,1392.477903
182.0,49.0,74.0,-1.0,-1.0,1.0,388.0,24158.4902344,1.0,1.0,497.0,62.2641500887,48.6086322624,-1.0,-1.0,4568.983691
183.0,50.0,57.0,-1.0,-1.0,1.0,157.0,49913.6367188,1.0,1.0,193.0,317.921252986,258.619879372,-1.0,-1.0,4909.475616
184.0,50.0,82.0,-1.0,-1.0,1.0,248.0,26438.3554688,1.0,1.0,288.0,106.606272052,91.7998453778,-1.0,-1.0,2342.012541
185.0,51.0,56.0,-1.0,-1.0,1.0,341.0,36000.0,1.0,1.0,360.0,105.571847507,100.0,-1.0,-1.0,3647.274767
186.0,51.0,77.0,-1.0,-1.0,1.0,727.0,80122.3359375,1.0,0.0,1220.0,110.209540492,65.6740458504,-1.0,-1.0,7876.830416
187.0,51.0,169.0,-1.0,-1.0,1.0,1984.0,193730.59375,1.0,0.0,9067.0,97.646468624,21.3665593636,-1.0,-1.0,8100.721692
188.0,52.0,53.0,-1.0,-1.0,1.0,1691.0,65295.2539063,1.0,1.0,1927.0,38.6133967512,33.8844078393,-1.0,-1.0,8070.928584
189.0,52.0,56.0,-1.0,-1.0,1.0,1319.0,87092.9140625,1.0,1.0,2700.0,66.0295027009,32.256634838,-1.0,-1.0,12148.29484
190.0,52.0,63.0,-1.0,-1.0,1.0,2507.0,68325.921875,0.0,1.0,3223.0,27.2540573893,21.1994793283,-1.0,-1.0,33832.06518
191.0,52.0,102.0,-1.0,-1.0,1.0,870.0,68070.71875,1.0,0.0,3303.0,78.2422054598,20.6087552982,-1.0,-1.0,10618.10707
192.0,52.0,110.0,-1.0,-1.0,1.0,1062.0,89652.359375,1.0,0.0,3514.0,84.4184174906,25.5129081887,-1.0,-1.0,10143.60011
193.0,53.0,56.0,-1.0,-1.0,-15.0,3456.0,154070.71875,0.0,1.0,5320.0,44.5806477865,28.9606614192,-1.0,-1.0,-1.0
194.0,53.0,63.0,-1.0,-1.0,1.0,663.0,75349.0078125,1.0,1.0,1323.0,113.648578903,56.9531427154,-1.0,-1.0,31382.62255
195.0,53.0,67.0,-1.0,-1.0,1.0,4936.0,123887.039063,0.0,1.0,7093.0,25.0986707988,17.4660988387,-1.0,-1.0,12344.03368
196.0,53.0,76.0,-1.0,-1.0,1.0,448.0,12076.1142578,1.0,1.0,705.0,26.9556121826,17.129240082,-1.0,-1.0,17344.49419
197.0,53.0,81.0,-1.0,-1.0,-15.0,1249.0,129014.257813,0.0,1.0,2021.0,103.294041484,63.8368420648,-1.0,-1.0,-1.0
198.0,53.0,93.0,-1.0,-1.0,1.0,881.0,25602.2285156,0.0,1.0,1871.0,29.0604182924,13.6837137978,-1.0,-1.0,12871.534
199.0,53.0,102.0,-1.0,-1.0,1.0,1762.0,3828.01074219,1.0,1.0,2427.0,2.17253731112,1.57726029756,-1.0,-1.0,58466.54779
200.0,53.0,110.0,-1.0,-1.0,1.0,1899.0,25409.6542969,1.0,1.0,2639.0,13.3805446534,9.62851621709,-1.0,-1.0,16259.11866
201.0,53.0,123.0,-1.0,-1.0,1.0,1456.0,150039.71875,0.0,1.0,2417.0,103.049257383,62.0768385395,-1.0,-1.0,12456.86655
202.0,53.0,131.0,-1.0,-1.0,1.0,2321.0,109985.101563,0.0,1.0,2688.0,47.3869459556,40.9170764743,-1.0,-1.0,31949.99828
203.0,53.0,149.0,-1.0,-1.0,1.0,2379.0,130098.234375,0.0,1.0,2821.0,54.6861010404,46.1177718451,-1.0,-1.0,27889.63405
204.0,53.0,178.0,-1.0,-1.0,1.0,4534.0,27736.53125,0.0,1.0,5886.0,6.1174528562,4.71228869351,-1.0,-1.0,65026.22098
205.0,53.0,224.0,-1.0,-1.0,1.0,4111.0,123119.484375,0.0,1.0,8085.0,29.9487921126,15.2281365955,-1.0,-1.0,13098.51199
206.0,53.0,359.0,-1.0,-1.0,-15.0,5347.0,715394.6875,0.0,1.0,10089.0,133.793657659,70.9083841312,-1.0,-1.0,-1.0
207.0,53.0,390.0,-1.0,-1.0,-15.0,5539.0,711630.125,0.0,1.0,9974.0,128.47628182,71.3485186485,-1.0,-1.0,-1.0
208.0,54.0,67.0,-1.0,-1.0,-15.0,168.0,10337.9902344,1.0,1.0,437.0,61.5356561571,23.6567282252,-1.0,-1.0,-1.0
209.0,54.0,71.0,-1.0,-1.0,1.0,190.0,10120.0,1.0,1.0,220.0,53.2631578947,46.0,-1.0,-1.0,8571.822857
210.0,54.0,77.0,-1.0,-1.0,1.0,321.0,20486.4882813,1.0,0.0,446.0,63.8208357673,45.9338302271,-1.0,-1.0,3863.444174
211.0,55.0,58.0,-1.0,-1.0,1.0,39.0,96.5685424805,1.0,1.0,96.0,2.47611647386,1.00592231751,-1.0,-1.0,12783.52428
212.0,55.0,62.0,-1.0,-1.0,-15.0,382.0,52965.1914063,1.0,0.0,911.0,138.652333524,58.1396173505,-1.0,-1.0,-1.0
213.0,55.0,67.0,-1.0,-1.0,1.0,560.0,609.705627441,1.0,1.0,609.0,1.088760049,1.00115866575,-1.0,-1.0,9001.144
214.0,56.0,67.0,-1.0,-1.0,-15.0,1435.0,80330.1015625,0.0,1.0,2008.0,55.9791648519,40.0050306586,-1.0,-1.0,-1.0
215.0,56.0,77.0,-1.0,-1.0,1.0,1068.0,68255.2578125,0.0,1.0,1473.0,63.9094174274,46.3375816785,-1.0,-1.0,10688.0477
216.0,56.0,110.0,-1.0,-1.0,-15.0,2104.0,178427.828125,1.0,0.0,6907.0,84.8041008199,25.8328982373,-1.0,-1.0,-1.0
217.0,56.0,169.0,-1.0,-1.0,-15.0,2073.0,181624.546875,1.0,0.0,10204.0,87.6143496744,17.7993479885,-1.0,-1.0,-1.0
218.0,56.0,178.0,-1.0,-1.0,-15.0,2295.0,180754.703125,1.0,0.0,10154.0,78.7602192266,17.8013298331,-1.0,-1.0,-1.0
219.0,57.0,68.0,-1.0,-1.0,1.0,451.0,54884.1992188,1.0,1.0,562.0,121.694455031,97.6587174712,-1.0,-1.0,3375.337666
220.0,57.0,70.0,-1.0,-1.0,1.0,338.0,39798.9882813,1.0,1.0,397.0,117.748486039,100.249340759,-1.0,-1.0,2138.590915
221.0,57.0,72.0,-1.0,-1.0,1.0,290.0,33455.84375,1.0,1.0,334.0,115.364978448,100.167196856,-1.0,-1.0,2049.054127
222.0,57.0,73.0,-1.0,-1.0,1.0,153.0,18485.28125,1.0,1.0,184.0,120.818831699,100.463485054,-1.0,-1.0,2134.215435
223.0,57.0,82.0,-1.0,-1.0,1.0,209.0,52485.28125,1.0,1.0,364.0,251.125747608,144.190333104,-1.0,-1.0,4191.121106
224.0,58.0,62.0,-1.0,-1.0,1.0,339.0,52868.625,1.0,1.0,814.0,155.954646018,64.9491707617,-1.0,-1.0,4939.256765
225.0,58.0,67.0,-1.0,-1.0,1.0,612.0,664.852844238,1.0,1.0,664.0,1.0863608566,1.00128440397,-1.0,-1.0,9801.362515
226.0,58.0,96.0,-1.0,-1.0,1.0,568.0,38244.53125,1.0,1.0,1450.0,67.3319212148,26.3755387931,-1.0,-1.0,8574.859708
227.0,58.0,120.0,-1.0,-1.0,1.0,992.0,94915.7421875,1.0,0.0,1291.0,95.6811917213,73.521101617,-1.0,-1.0,8503.575862
228.0,59.0,62.0,-1.0,-1.0,1.0,451.0,50055.7734375,1.0,1.0,514.0,110.98841117,97.3847732247,-1.0,-1.0,3626.090554
229.0,59.0,64.0,-1.0,-1.0,1.0,216.0,25313.7089844,1.0,1.0,253.0,117.19309715,100.054185709,-1.0,-1.0,4502.645318
230.0,59.0,88.0,-1.0,-1.0,1.0,440.0,51673.0390625,1.0,0.0,577.0,117.438725142,89.5546604203,-1.0,-1.0,1665.151837
231.0,59.0,96.0,-1.0,-1.0,1.0,599.0,45667.3203125,0.0,1.0,935.0,76.2392659641,48.8420538102,-1.0,-1.0,2275.930108
232.0,59.0,98.0,-1.0,-1.0,1.0,656.0,160216.1875,1.0,0.0,1060.0,244.23199314,151.147346698,-1.0,-1.0,2276.024068
233.0,60.0,61.0,-1.0,-1.0,1.0,1218.0,20624.1835938,0.0,1.0,1573.0,16.9328272527,13.1113690997,-1.0,-1.0,12137.29438
234.0,60.0,90.0,-1.0,-1.0,1.0,672.0,57153.6914063,1.0,1.0,899.0,85.0501360213,63.5747401627,-1.0,-1.0,3474.206537
235.0,60.0,94.0,-1.0,-1.0,-15.0,789.0,57321.9765625,0.0,1.0,1067.0,72.6514278359,53.7225647259,-1.0,-1.0,-1.0
236.0,60.0,101.0,-1.0,-1.0,1.0,1993.0,62049.9960938,1.0,1.0,3099.0,31.1339669312,20.0225866711,-1.0,-1.0,20249.00378
237.0,60.0,122.0,-1.0,-1.0,1.0,907.0,74010.25,1.0,1.0,1298.0,81.598952591,57.0186825886,-1.0,-1.0,9664.969745
238.0,61.0,65.0,-1.0,-1.0,1.0,37.0,48.2842712402,1.0,1.0,48.0,1.30498030379,1.0059223175,-1.0,-1.0,12395.02012
239.0,61.0,74.0,-1.0,-1.0,1.0,169.0,196.56854248,1.0,1.0,196.0,1.1631274703,1.00290072694,-1.0,-1.0,13495.08359
240.0,61.0,90.0,-1.0,-1.0,-15.0,640.0,37702.6171875,1.0,1.0,720.0,58.9103393555,52.3647460938,-1.0,-1.0,-1.0
241.0,62.0,88.0,-1.0,-1.0,1.0,391.0,35058.4804688,1.0,0.0,734.0,89.6636329125,47.7635973689,-1.0,-1.0,3336.744221
242.0,62.0,96.0,-1.0,-1.0,1.0,393.0,29052.7617188,1.0,1.0,1092.0,73.9256023379,26.6050931491,-1.0,-1.0,3089.479616
243.0,63.0,76.0,-1.0,-1.0,1.0,488.0,75843.03125,1.0,0.0,827.0,155.416047643,91.7086230351,-1.0,-1.0,28789.83046
244.0,63.0,81.0,-1.0,-1.0,1.0,259.0,53305.8359375,1.0,1.0,337.0,205.814038369,158.177554711,-1.0,-1.0,44305.87035
245.0,63.0,93.0,-1.0,-1.0,1.0,586.0,100628.398438,1.0,0.0,2872.0,171.720816447,35.0377431887,-1.0,-1.0,20644.91756
246.0,64.0,91.0,-1.0,-1.0,1.0,357.0,126301.578125,1.0,1.0,431.0,353.785933123,293.043104698,-1.0,-1.0,4961.573478
247.0,64.0,96.0,-1.0,-1.0,1.0,855.0,63460.8945313,0.0,1.0,1078.0,74.2232684577,58.869104389,-1.0,-1.0,3056.489018
248.0,64.0,98.0,-1.0,-1.0,1.0,694.0,178009.765625,1.0,0.0,1203.0,256.498221362,147.971542498,-1.0,-1.0,1598.512705
249.0,65.0,74.0,-1.0,-1.0,1.0,139.0,161.421356201,1.0,1.0,161.0,1.16130472087,1.00261711926,-1.0,-1.0,13365.02245
250.0,65.0,90.0,-1.0,-1.0,1.0,546.0,37606.0507813,1.0,1.0,624.0,68.8755508815,60.2661070213,-1.0,-1.0,4398.207239
251.0,66.0,79.0,-1.0,-1.0,-15.0,962.0,109297.65625,1.0,1.0,1187.0,113.615027287,92.0789016428,-1.0,-1.0,-1.0
252.0,66.0,85.0,-1.0,-1.0,1.0,478.0,1093.96972656,1.0,1.0,1093.0,2.28863959531,1.00088721552,-1.0,-1.0,121736.6415
253.0,66.0,86.0,-1.0,-1.0,1.0,887.0,98212.453125,1.0,1.0,1062.0,110.724298901,92.4787694209,-1.0,-1.0,30976.82852
254.0,66.0,97.0,-1.0,-1.0,1.0,862.0,71323.0703125,1.0,1.0,1045.0,82.741380873,68.2517419258,-1.0,-1.0,44949.55402
255.0,66.0,118.0,-1.0,-1.0,1.0,747.0,278382.25,1.0,1.0,2138.0,372.667001339,130.206852198,-1.0,-1.0,2541.458883
256.0,66.0,119.0,-1.0,-1.0,-15.0,873.0,305971.875,1.0,1.0,2597.0,350.483247423,117.817433577,-1.0,-1.0,-1.0
257.0,66.0,127.0,-1.0,-1.0,1.0,2218.0,55378.0351563,0.0,1.0,2539.0,24.9675541733,21.8109630391,-1.0,-1.0,63713.93867
258.0,67.0,71.0,-1.0,-1.0,1.0,80.0,209.705627441,1.0,1.0,209.0,2.62132034301,1.00337620785,-1.0,-1.0,27108.19224
259.0,67.0,77.0,-1.0,-1.0,1.0,343.0,10618.2041016,0.0,1.0,477.0,30.95686327,22.2603859572,-1.0,-1.0,12636.85595
260.0,67.0,96.0,-1.0,-1.0,1.0,1090.0,38769.3867188,0.0,1.0,1975.0,35.5682446961,19.6300692247,-1.0,-1.0,8591.492062
261.0,67.0,120.0,-1.0,-1.0,1.0,917.0,94684.609375,1.0,1.0,1060.0,103.254753953,89.325103184,-1.0,-1.0,8555.118394
262.0,67.0,178.0,-1.0,-1.0,1.0,2349.0,116689.164063,0.0,1.0,3605.0,49.676102198,32.3687001562,-1.0,-1.0,9118.323787
263.0,68.0,70.0,-1.0,-1.0,1.0,114.0,15085.2099609,1.0,1.0,164.0,132.326403166,91.9829875665,-1.0,-1.0,8458.245719
264.0,68.0,79.0,-1.0,-1.0,1.0,343.0,70142.1328125,1.0,1.0,541.0,204.496014031,129.652740873,-1.0,-1.0,9494.124154
265.0,68.0,84.0,-1.0,-1.0,1.0,206.0,24170.4199219,1.0,1.0,269.0,117.332135543,89.8528621632,-1.0,-1.0,5711.039132
266.0,68.0,95.0,-1.0,-1.0,1.0,409.0,43913.6367188,1.0,1.0,453.0,107.368304936,96.9395954057,-1.0,-1.0,5626.546794
267.0,69.0,74.0,-1.0,-1.0,1.0,253.0,18141.984375,1.0,1.0,351.0,71.7074481225,51.6865651709,-1.0,-1.0,5402.750797
268.0,69.0,75.0,-1.0,-1.0,1.0,242.0,31125.7734375,1.0,1.0,394.0,128.618898502,78.9994249683,-1.0,-1.0,3067.822489
269.0,69.0,78.0,-1.0,-1.0,1.0,326.0,18148.8476563,1.0,1.0,357.0,55.6713118291,50.837108281,-1.0,-1.0,5347.295374
270.0,69.0,82.0,-1.0,-1.0,-15.0,273.0,37125.7734375,1.0,0.0,454.0,135.991844093,81.7748313601,-1.0,-1.0,-1.0
271.0,69.0,87.0,-1.0,-1.0,1.0,394.0,37552.4140625,1.0,0.0,471.0,95.3106955901,79.7291169055,-1.0,-1.0,3402.336756
272.0,70.0,72.0,-1.0,-1.0,1.0,64.0,9656.85449219,1.0,1.0,96.0,150.88835144,100.592234294,-1.0,-1.0,3096.751635
273.0,70.0,73.0,-1.0,-1.0,1.0,236.0,26828.4277344,0.0,1.0,268.0,113.679778536,100.106073636,-1.0,-1.0,3015.032378
274.0,70.0,84.0,-1.0,-1.0,1.0,82.0,11913.6367188,1.0,1.0,133.0,145.288252668,89.5762159308,-1.0,-1.0,2313.400889
275.0,71.0,77.0,-1.0,-1.0,1.0,216.0,10421.6357422,1.0,1.0,281.0,48.2483136213,37.0876716804,-1.0,-1.0,12386.1803
276.0,71.0,120.0,-1.0,-1.0,1.0,902.0,94729.46875,1.0,0.0,1105.0,105.02158398,85.7280260181,-1.0,-1.0,8587.710436
277.0,72.0,73.0,-1.0,-1.0,1.0,157.0,18000.0,1.0,1.0,180.0,114.649681529,100.0,-1.0,-1.0,3345.055977
278.0,72.0,84.0,-1.0,-1.0,1.0,27.0,5010.0,1.0,1.0,60.0,185.555555556,83.5,-1.0,-1.0,3990.142859
279.0,73.0,80.0,-1.0,-1.0,1.0,144.0,18142.1347656,1.0,1.0,181.0,125.987046983,100.23278876,-1.0,-1.0,2955.222065
280.0,73.0,82.0,-1.0,-1.0,1.0,165.0,39313.7070313,1.0,1.0,233.0,238.264891099,168.728356358,-1.0,-1.0,5428.602201
281.0,73.0,83.0,-1.0,-1.0,1.0,191.0,36970.5625,1.0,1.0,209.0,193.56315445,176.892643541,-1.0,-1.0,5270.746738
282.0,73.0,84.0,-1.0,-1.0,1.0,165.0,18256.7832031,1.0,1.0,196.0,110.647170928,93.146853077,-1.0,-1.0,3757.980017
283.0,73.0,89.0,-1.0,-1.0,1.0,280.0,33313.7070313,1.0,1.0,333.0,118.977525112,100.041162256,-1.0,-1.0,3084.631104
284.0,74.0,78.0,-1.0,-1.0,1.0,39.0,60.0,1.0,1.0,60.0,1.53846153846,1.0,-1.0,-1.0,24878.30704
285.0,74.0,90.0,-1.0,-1.0,1.0,618.0,37742.6171875,1.0,1.0,760.0,61.0721960963,49.6613384046,-1.0,-1.0,4410.287151
286.0,74.0,100.0,-1.0,-1.0,-15.0,540.0,16392.9863281,0.0,1.0,722.0,30.3573820891,22.7049672134,-1.0,-1.0,-1.0
287.0,75.0,78.0,-1.0,-1.0,1.0,529.0,27039.9921875,1.0,1.0,649.0,51.1152971408,41.6640865755,-1.0,-1.0,5982.863861
288.0,75.0,82.0,-1.0,-1.0,1.0,34.0,6000.0,1.0,1.0,60.0,176.470588235,100.0,-1.0,-1.0,9381.096497
289.0,75.0,87.0,-1.0,-1.0,1.0,155.0,12566.6396484,1.0,1.0,276.0,81.0750945058,45.5313030739,-1.0,-1.0,3288.356765
290.0,75.0,105.0,-1.0,-1.0,1.0,840.0,31228.125,0.0,1.0,1047.0,37.1763392857,29.8262893983,-1.0,-1.0,5425.081224
291.0,76.0,93.0,-1.0,-1.0,1.0,378.0,37355.5,1.0,1.0,2254.0,98.8240740741,16.5729813665,-1.0,-1.0,3653.582498
292.0,76.0,110.0,-1.0,-1.0,1.0,2185.0,37162.9257813,1.0,0.0,3022.0,17.0082040189,12.2974605497,-1.0,-1.0,16349.07494
293.0,77.0,120.0,-1.0,-1.0,1.0,944.0,105137.960938,1.0,0.0,1373.0,111.374958621,76.5753539243,-1.0,-1.0,8523.584688
294.0,77.0,169.0,-1.0,-1.0,1.0,1578.0,123063.34375,1.0,0.0,3799.0,77.9869098542,32.3936150961,-1.0,-1.0,8949.048892
295.0,78.0,87.0,-1.0,-1.0,1.0,616.0,33466.6328125,1.0,0.0,726.0,54.3289493709,46.0972903753,-1.0,-1.0,5641.840887
296.0,78.0,90.0,-1.0,-1.0,1.0,603.0,37815.7539063,1.0,0.0,833.0,62.7126930453,45.397063513,-1.0,-1.0,4413.74319
297.0,78.0,99.0,-1.0,-1.0,1.0,774.0,38982.8164063,1.0,0.0,1391.0,50.3653958738,28.0250297673,-1.0,-1.0,5842.418287
298.0,78.0,100.0,-1.0,-1.0,-15.0,484.0,16332.9853516,1.0,1.0,662.0,33.7458375033,24.6721833106,-1.0,-1.0,-1.0
299.0,78.0,105.0,-1.0,-1.0,1.0,458.0,14312.9853516,1.0,1.0,622.0,31.2510597197,23.0112304688,-1.0,-1.0,11405.3089
300.0,79.0,86.0,-1.0,-1.0,1.0,67.0,8256.78320313,1.0,1.0,96.0,123.235570196,86.0081583659,-1.0,-1.0,27110.76168
301.0,79.0,95.0,-1.0,-1.0,1.0,356.0,39597.9804688,1.0,1.0,395.0,111.230282216,100.24805182,-1.0,-1.0,11158.91084
302.0,79.0,97.0,-1.0,-1.0,1.0,292.0,50055.7734375,1.0,1.0,334.0,171.423881635,149.867585142,-1.0,-1.0,1972.364912
303.0,79.0,127.0,-1.0,-1.0,1.0,1251.0,74266.578125,0.0,1.0,1984.0,59.3657698841,37.4327510711,-1.0,-1.0,4952.539254
304.0,80.0,84.0,-1.0,-1.0,1.0,19.0,3010.0,1.0,1.0,40.0,158.421052632,75.25,-1.0,-1.0,7264.708471
305.0,80.0,89.0,-1.0,-1.0,1.0,281.0,30284.2714844,1.0,1.0,302.0,107.77320813,100.27904465,-1.0,-1.0,4351.459813
306.0,81.0,93.0,-1.0,-1.0,-15.0,701.0,154293.640625,1.0,0.0,3569.0,220.10505082,43.2316168745,-1.0,-1.0,-1.0
307.0,81.0,123.0,-1.0,-1.0,1.0,677.0,214986.28125,1.0,0.0,852.0,317.557283973,252.331316021,-1.0,-1.0,13563.4431
308.0,81.0,128.0,-1.0,-1.0,1.0,1380.0,270393.875,1.0,1.0,1507.0,195.93759058,179.425265428,-1.0,-1.0,7392.044608
309.0,81.0,131.0,-1.0,-1.0,1.0,1102.0,138069.484375,1.0,1.0,1326.0,125.289913226,104.124799679,-1.0,-1.0,10172.1404
310.0,82.0,83.0,-1.0,-1.0,1.0,40.0,5656.85449219,1.0,1.0,56.0,141.421362305,101.015258789,-1.0,-1.0,5153.720997
311.0,82.0,87.0,-1.0,-1.0,1.0,69.0,10000.0,1.0,1.0,100.0,144.927536232,100.0,-1.0,-1.0,3819.042976
312.0,83.0,87.0,-1.0,-1.0,1.0,75.0,9656.85449219,1.0,1.0,96.0,128.758059896,100.592234294,-1.0,-1.0,4992.888433
313.0,83.0,89.0,-1.0,-1.0,1.0,181.0,40485.28125,1.0,1.0,244.0,223.675587017,165.923283811,-1.0,-1.0,3296.665361
314.0,84.0,89.0,-1.0,-1.0,1.0,307.0,32884.1992188,1.0,1.0,342.0,107.114655436,96.1526292947,-1.0,-1.0,4463.708659
315.0,84.0,95.0,-1.0,-1.0,1.0,345.0,54541.0546875,1.0,1.0,559.0,158.090013587,97.5689708184,-1.0,-1.0,6556.678489
316.0,84.0,103.0,-1.0,-1.0,1.0,386.0,44142.1367188,1.0,1.0,441.0,114.357867147,100.095548115,-1.0,-1.0,4530.991385
317.0,85.0,118.0,-1.0,-1.0,1.0,478.0,278242.25,1.0,1.0,1998.0,582.096757322,139.260385385,-1.0,-1.0,2163.640542
318.0,85.0,128.0,-1.0,-1.0,1.0,1706.0,295177.9375,1.0,0.0,4862.0,173.023410023,60.7112170917,-1.0,-1.0,6899.250892
319.0,85.0,142.0,-1.0,-1.0,1.0,1055.0,280157.5625,0.0,1.0,5044.0,265.552191943,55.5427364195,-1.0,-1.0,1784.159838
320.0,85.0,153.0,-1.0,-1.0,1.0,1350.0,206790.421875,0.0,1.0,5271.0,153.178090278,39.2317248862,-1.0,-1.0,2948.39489
321.0,86.0,97.0,-1.0,-1.0,1.0,209.0,40742.0625,1.0,1.0,261.0,194.938098086,156.099856322,-1.0,-1.0,5630.195799
322.0,87.0,89.0,-1.0,-1.0,1.0,124.0,33313.7070313,1.0,1.0,173.0,268.658927672,192.564780528,-1.0,-1.0,4869.49964
323.0,87.0,92.0,-1.0,-1.0,1.0,113.0,35085.2109375,1.0,1.0,204.0,310.488592367,171.986328125,-1.0,-1.0,3529.177913
324.0,87.0,99.0,-1.0,-1.0,1.0,271.0,45656.8554688,1.0,0.0,296.0,168.475481435,154.246133341,-1.0,-1.0,2142.361557
325.0,87.0,105.0,-1.0,-1.0,1.0,837.0,37654.765625,1.0,1.0,1124.0,44.9877725508,33.500681161,-1.0,-1.0,4772.374628
326.0,88.0,96.0,-1.0,-1.0,1.0,30.0,13040.0537109,1.0,1.0,326.0,434.66845703,40.0001647574,-1.0,-1.0,2864.706397
327.0,88.0,98.0,-1.0,-1.0,1.0,324.0,127588.929688,1.0,0.0,451.0,393.792992864,282.902283122,-1.0,-1.0,3162.606204
328.0,89.0,92.0,-1.0,-1.0,1.0,61.0,8485.28125,1.0,1.0,84.0,139.102971311,101.015252976,-1.0,-1.0,7634.215148
329.0,89.0,103.0,-1.0,-1.0,1.0,429.0,46541.0546875,1.0,1.0,479.0,108.487306964,97.1629534186,-1.0,-1.0,5833.935507
330.0,89.0,104.0,-1.0,-1.0,1.0,208.0,23010.0,1.0,1.0,240.0,110.625,95.875,-1.0,-1.0,3675.311208
331.0,89.0,107.0,-1.0,-1.0,-15.0,264.0,27886.7109375,1.0,1.0,336.0,105.631480824,82.9961635045,-1.0,-1.0,-1.0
332.0,90.0,94.0,-1.0,-1.0,1.0,2.0,20.0,1.0,1.0,20.0,10.0,1.0,-1.0,-1.0,9028.016399
333.0,90.0,100.0,-1.0,-1.0,1.0,440.0,46884.1992188,1.0,1.0,482.0,106.554998225,97.2701228606,-1.0,-1.0,3832.053415
334.0,90.0,122.0,-1.0,-1.0,1.0,664.0,110967.3125,1.0,0.0,1871.0,167.119446536,59.3090927312,-1.0,-1.0,7603.109664
335.0,91.0,96.0,-1.0,-1.0,1.0,1065.0,178793.265625,0.0,1.0,1471.0,167.881000587,121.545387916,-1.0,-1.0,4171.479121
336.0,91.0,98.0,-1.0,-1.0,1.0,690.0,149008.71875,1.0,1.0,957.0,215.954664855,155.703990334,-1.0,-1.0,2646.469784
337.0,91.0,109.0,-1.0,-1.0,1.0,622.0,55152.3320313,1.0,1.0,840.0,88.6693441018,65.6575381325,-1.0,-1.0,3990.766677
338.0,91.0,111.0,-1.0,-1.0,1.0,619.0,58612.4023438,1.0,1.0,920.0,94.6888567751,63.7091329824,-1.0,-1.0,4163.925091
339.0,91.0,133.0,-1.0,-1.0,1.0,841.0,87135.046875,1.0,0.0,1284.0,103.608854786,67.8621860397,-1.0,-1.0,3867.19794
340.0,92.0,99.0,-1.0,-1.0,1.0,128.0,13428.3554688,1.0,1.0,148.0,104.9090271,90.7321315459,-1.0,-1.0,5823.701468
341.0,92.0,104.0,-1.0,-1.0,1.0,163.0,17685.1386719,1.0,1.0,204.0,108.497783263,86.6918562348,-1.0,-1.0,3505.030675
342.0,92.0,105.0,-1.0,-1.0,-15.0,866.0,48313.3359375,0.0,1.0,1232.0,55.7890715214,39.2153700791,-1.0,-1.0,-1.0
343.0,93.0,110.0,-1.0,-1.0,1.0,2390.0,49515.6601563,1.0,0.0,3014.0,20.7178494378,16.4285534692,-1.0,-1.0,14549.11158
344.0,93.0,123.0,-1.0,-1.0,1.0,531.0,172490.34375,1.0,0.0,1136.0,324.840572034,151.840091329,-1.0,-1.0,9176.989219
345.0,94.0,100.0,-1.0,-1.0,1.0,442.0,46826.9179688,1.0,1.0,566.0,105.943253323,82.7330706163,-1.0,-1.0,3836.442373
346.0,94.0,112.0,-1.0,-1.0,1.0,444.0,33849.1953125,1.0,1.0,487.0,76.2369263795,69.5055345226,-1.0,-1.0,3671.033195
347.0,94.0,121.0,-1.0,-1.0,1.0,476.0,36890.3476563,1.0,1.0,529.0,77.5007303704,69.7360069117,-1.0,-1.0,6041.288548
348.0,94.0,122.0,-1.0,-1.0,-15.0,618.0,111135.59375,1.0,1.0,2040.0,179.831057848,54.4782322304,-1.0,-1.0,-1.0
349.0,95.0,97.0,-1.0,-1.0,1.0,465.0,56627.4179688,1.0,0.0,566.0,121.779393481,100.048441641,-1.0,-1.0,8153.128818
350.0,95.0,103.0,-1.0,-1.0,1.0,202.0,19827.2734375,1.0,1.0,226.0,98.1548189975,87.731298396,-1.0,-1.0,10233.75189
351.0,95.0,106.0,-1.0,-1.0,-15.0,248.0,27255.6289063,1.0,1.0,314.0,109.901729461,86.8013659436,-1.0,-1.0,-1.0
352.0,95.0,127.0,-1.0,-1.0,1.0,851.0,47469.609375,0.0,1.0,1378.0,55.7809745887,34.4481925798,-1.0,-1.0,2908.784359
353.0,96.0,98.0,-1.0,-1.0,1.0,422.0,114946.859375,1.0,1.0,522.0,272.38592269,220.204711446,-1.0,-1.0,3555.760177
354.0,96.0,116.0,-1.0,-1.0,-15.0,283.0,103726.539063,1.0,1.0,952.0,366.524873014,108.956448596,-1.0,-1.0,-1.0
355.0,96.0,120.0,-1.0,-1.0,1.0,555.0,94419.7578125,1.0,1.0,795.0,170.125689752,118.766990959,-1.0,-1.0,7197.83565
356.0,97.0,106.0,-1.0,-1.0,1.0,649.0,56208.4570313,1.0,0.0,1236.0,86.6077920359,45.4760979218,-1.0,-1.0,10533.44647
357.0,97.0,119.0,-1.0,-1.0,-15.0,838.0,377314.9375,1.0,0.0,3662.0,450.256488663,103.035209585,-1.0,-1.0,-1.0
358.0,97.0,127.0,-1.0,-1.0,1.0,1222.0,26894.2285156,0.0,1.0,1523.0,22.0083703074,17.6587186576,-1.0,-1.0,13218.25925
359.0,97.0,269.0,-1.0,-1.0,1.0,1489.0,53265.359375,1.0,0.0,1796.0,35.7725717764,29.6577724805,-1.0,-1.0,18752.26633
360.0,98.0,109.0,-1.0,-1.0,1.0,175.0,103923.882813,1.0,1.0,209.0,593.850758931,497.243458435,-1.0,-1.0,5564.400734
361.0,98.0,116.0,-1.0,-1.0,-15.0,443.0,218605.125,1.0,1.0,1407.0,493.465293454,155.36966951,-1.0,-1.0,-1.0
362.0,98.0,150.0,-1.0,-1.0,1.0,1018.0,226892.21875,0.0,1.0,1230.0,222.880372053,184.465218496,-1.0,-1.0,2590.58405
363.0,99.0,104.0,-1.0,-1.0,1.0,71.0,8256.78320313,1.0,1.0,96.0,116.292721171,86.0081583659,-1.0,-1.0,11338.03989
364.0,99.0,105.0,-1.0,-1.0,1.0,826.0,34884.9765625,1.0,1.0,1084.0,42.2336277996,32.181712696,-1.0,-1.0,4096.193198
365.0,99.0,107.0,-1.0,-1.0,-15.0,159.0,13141.7783203,1.0,0.0,201.0,82.6526938384,65.381981693,-1.0,-1.0,-1.0
366.0,99.0,117.0,-1.0,-1.0,-15.0,341.0,31201.7792969,1.0,0.0,441.0,91.5008190525,70.7523340066,-1.0,-1.0,-1.0
367.0,99.0,125.0,-1.0,-1.0,1.0,924.0,99334.1015625,1.0,0.0,1538.0,107.50443892,64.5865419782,-1.0,-1.0,3496.273888
368.0,99.0,127.0,-1.0,-1.0,-15.0,514.0,49373.5585938,1.0,0.0,722.0,96.0575069918,68.3844301853,-1.0,-1.0,-1.0
369.0,99.0,143.0,-1.0,-1.0,1.0,809.0,94522.0,1.0,0.0,1714.0,116.838071693,55.1470245041,-1.0,-1.0,3970.066049
370.0,100.0,105.0,-1.0,-1.0,1.0,8.0,1010.0,1.0,1.0,20.0,126.25,50.5,-1.0,-1.0,8881.425296
371.0,100.0,112.0,-1.0,-1.0,-15.0,281.0,23336.9882813,1.0,1.0,426.0,83.0497803605,54.7816626322,-1.0,-1.0,-1.0
372.0,100.0,114.0,-1.0,-1.0,-15.0,247.0,21268.7050781,1.0,0.0,337.0,86.1081177251,63.1118845047,-1.0,-1.0,-1.0
373.0,101.0,122.0,-1.0,-1.0,1.0,1930.0,72038.734375,1.0,1.0,2518.0,37.3257691062,28.6095053118,-1.0,-1.0,8337.450373
374.0,101.0,129.0,-1.0,-1.0,1.0,1972.0,75725.171875,0.0,1.0,2725.0,38.4001885776,27.7890538991,-1.0,-1.0,5553.236843
375.0,101.0,135.0,-1.0,-1.0,1.0,633.0,20636.5683594,1.0,1.0,676.0,32.6012138379,30.5274679873,-1.0,-1.0,13454.54236
376.0,101.0,144.0,-1.0,-1.0,1.0,1870.0,49858.234375,1.0,1.0,2178.0,26.6621574198,22.89175132,-1.0,-1.0,3748.98096
377.0,101.0,146.0,-1.0,-1.0,-15.0,838.0,40064.9257813,0.0,1.0,884.0,47.8101739634,45.3223142322,-1.0,-1.0,-1.0
378.0,101.0,147.0,-1.0,-1.0,1.0,1861.0,43438.3046875,0.0,1.0,2278.0,23.3413781233,19.068614876,-1.0,-1.0,2581.360029
379.0,101.0,152.0,-1.0,-1.0,1.0,1996.0,53703.3710938,0.0,1.0,2403.0,26.90549654,22.3484690361,-1.0,-1.0,3371.481241
380.0,101.0,192.0,-1.0,-1.0,1.0,2176.0,43865.390625,0.0,1.0,2955.0,20.1587273093,14.8444638325,-1.0,-1.0,5094.278538
381.0,101.0,194.0,-1.0,-1.0,1.0,2133.0,74321.734375,0.0,1.0,3141.0,34.8437573254,23.6618065505,-1.0,-1.0,9282.25309
382.0,101.0,195.0,-1.0,-1.0,1.0,2070.0,71380.0546875,0.0,1.0,3448.0,34.4831182065,20.7018720091,-1.0,-1.0,13821.12069
383.0,101.0,211.0,-1.0,-1.0,-15.0,3640.0,324225.09375,1.0,0.0,6602.0,89.0728279533,49.1101323463,-1.0,-1.0,-1.0
384.0,101.0,253.0,-1.0,-1.0,-15.0,6470.0,503378.75,1.0,0.0,13580.0,77.8019706337,37.0676546392,-1.0,-1.0,-1.0
385.0,102.0,110.0,-1.0,-1.0,1.0,194.0,22828.4277344,1.0,1.0,228.0,117.672307909,100.124683046,-1.0,-1.0,8854.594092
386.0,102.0,178.0,-1.0,-1.0,1.0,2754.0,26776.9472656,0.0,1.0,3526.0,9.72292929034,7.59414272989,-1.0,-1.0,59257.57062
387.0,103.0,106.0,-1.0,-1.0,1.0,50.0,6828.42724609,1.0,1.0,68.0,136.568544922,100.418047737,-1.0,-1.0,7982.042978
388.0,103.0,107.0,-1.0,-1.0,1.0,284.0,29085.2089844,1.0,1.0,304.0,102.412707692,95.6750295539,-1.0,-1.0,5675.23428
389.0,103.0,108.0,-1.0,-1.0,1.0,141.0,14742.0644531,1.0,1.0,161.0,104.553648604,91.5656177211,-1.0,-1.0,2928.02271
390.0,104.0,105.0,-1.0,-1.0,1.0,908.0,32798.6171875,0.0,1.0,1077.0,36.1218250964,30.4536835539,-1.0,-1.0,6512.236088
391.0,104.0,107.0,-1.0,-1.0,1.0,38.0,4856.71142578,1.0,1.0,76.0,127.808195415,63.9040977076,-1.0,-1.0,21272.64709
392.0,105.0,107.0,-1.0,-1.0,1.0,983.0,36056.5507813,0.0,1.0,1095.0,36.6801126972,32.9283568779,-1.0,-1.0,7915.788368
393.0,105.0,112.0,-1.0,-1.0,-15.0,233.0,21638.7753906,0.0,1.0,297.0,92.8702806464,72.857829598,-1.0,-1.0,-1.0
394.0,105.0,114.0,-1.0,-1.0,1.0,182.0,19570.4921875,1.0,1.0,209.0,107.530176854,93.6387186005,-1.0,-1.0,9739.708647
395.0,105.0,115.0,-1.0,-1.0,1.0,142.0,16256.7832031,1.0,1.0,176.0,114.484388754,92.3680863812,-1.0,-1.0,10382.64113
396.0,105.0,117.0,-1.0,-1.0,1.0,1009.0,33829.3242188,0.0,1.0,1258.0,33.5275760345,26.8913547049,-1.0,-1.0,11351.66609
397.0,105.0,124.0,-1.0,-1.0,1.0,325.0,52460.8398438,1.0,1.0,506.0,161.41796875,103.677549098,-1.0,-1.0,4324.283029
398.0,105.0,125.0,-1.0,-1.0,1.0,387.0,74460.8359375,1.0,1.0,566.0,192.40526082,131.556247239,-1.0,-1.0,2985.35993
399.0,105.0,127.0,-1.0,-1.0,1.0,1019.0,48284.8085938,0.0,1.0,1473.0,47.3845030361,32.7799107901,-1.0,-1.0,13815.92191
400.0,105.0,138.0,-1.0,-1.0,1.0,675.0,56682.6914063,0.0,1.0,1052.0,83.974357639,53.8808853672,-1.0,-1.0,5579.389703
401.0,105.0,143.0,-1.0,-1.0,1.0,827.0,70191.5859375,1.0,1.0,1285.0,84.874952766,54.623802286,-1.0,-1.0,4015.028051
402.0,105.0,269.0,-1.0,-1.0,1.0,1507.0,75247.0703125,0.0,1.0,2337.0,49.9316989466,32.198147331,-1.0,-1.0,6261.465892
403.0,106.0,108.0,-1.0,-1.0,1.0,151.0,16000.0,1.0,1.0,160.0,105.960264901,100.0,-1.0,-1.0,3267.824739
404.0,106.0,113.0,-1.0,-1.0,1.0,273.0,30627.4179688,1.0,1.0,306.0,112.188344208,100.089601205,-1.0,-1.0,2773.202657
405.0,106.0,127.0,-1.0,-1.0,1.0,568.0,30706.1855469,0.0,1.0,1105.0,54.060185822,27.7884032099,-1.0,-1.0,8099.100285
406.0,106.0,269.0,-1.0,-1.0,1.0,1066.0,57077.3164063,1.0,0.0,1378.0,53.5434487864,41.4204037782,-1.0,-1.0,10808.76621
407.0,107.0,108.0,-1.0,-1.0,1.0,152.0,16828.4277344,1.0,1.0,168.0,110.713340358,100.169212705,-1.0,-1.0,9347.34974
408.0,107.0,113.0,-1.0,-1.0,1.0,154.0,17313.7089844,1.0,1.0,173.0,112.426681717,100.079242684,-1.0,-1.0,7756.833724
409.0,107.0,117.0,-1.0,-1.0,1.0,153.0,17010.0,1.0,1.0,180.0,111.176470588,94.5,-1.0,-1.0,7365.282251
410.0,108.0,113.0,-1.0,-1.0,1.0,131.0,17313.7089844,1.0,1.0,173.0,132.165717438,100.079242684,-1.0,-1.0,3269.076049
411.0,108.0,127.0,-1.0,-1.0,1.0,437.0,35333.6015625,0.0,1.0,1151.0,80.854923484,30.6981768571,-1.0,-1.0,8172.417193
412.0,109.0,111.0,-1.0,-1.0,1.0,20.0,4256.78271484,1.0,1.0,56.0,212.839135742,76.0139770507,-1.0,-1.0,7050.703476
413.0,109.0,116.0,-1.0,-1.0,-15.0,538.0,173881.921875,1.0,0.0,3652.0,323.200598281,47.6127935036,-1.0,-1.0,-1.0
414.0,109.0,145.0,-1.0,-1.0,1.0,537.0,70828.4296875,1.0,1.0,548.0,131.896517109,129.248959284,-1.0,-1.0,3388.328454
415.0,109.0,150.0,-1.0,-1.0,1.0,922.0,145338.09375,0.0,1.0,1018.0,157.633507321,142.76826498,-1.0,-1.0,2146.063539
416.0,110.0,123.0,-1.0,-1.0,1.0,2751.0,173953.15625,1.0,0.0,3560.0,63.2326994729,48.8632461376,-1.0,-1.0,12734.56652
417.0,110.0,178.0,-1.0,-1.0,1.0,2608.0,48358.5898438,1.0,1.0,3738.0,18.5424040812,12.9370224301,-1.0,-1.0,29230.99049
418.0,110.0,209.0,-1.0,-1.0,1.0,2816.0,52072.0234375,1.0,0.0,4481.0,18.4914855957,11.6206256277,-1.0,-1.0,28701.80431
419.0,110.0,221.0,-1.0,-1.0,1.0,2583.0,124628.84375,1.0,0.0,5746.0,48.2496491483,21.6896699878,-1.0,-1.0,11977.56553
420.0,110.0,224.0,-1.0,-1.0,1.0,2658.0,143741.546875,1.0,0.0,5937.0,54.0788362961,24.2111414645,-1.0,-1.0,8483.834295
421.0,111.0,132.0,-1.0,-1.0,1.0,320.0,33010.0,1.0,1.0,340.0,103.15625,97.0882352941,-1.0,-1.0,4061.646003
422.0,111.0,133.0,-1.0,-1.0,1.0,309.0,33085.2109375,1.0,1.0,344.0,107.071880057,96.1779387718,-1.0,-1.0,3695.171241
423.0,111.0,145.0,-1.0,-1.0,1.0,476.0,67656.8515625,1.0,1.0,516.0,142.136242778,131.117929385,-1.0,-1.0,3261.387512
424.0,112.0,114.0,-1.0,-1.0,1.0,22.0,2020.0,1.0,1.0,40.0,91.8181818182,50.5,-1.0,-1.0,10587.63392
425.0,112.0,121.0,-1.0,-1.0,1.0,114.0,13085.2099609,1.0,1.0,144.0,114.782543517,90.8695136174,-1.0,-1.0,9917.198106
426.0,112.0,126.0,-1.0,-1.0,-15.0,230.0,25878.4277344,1.0,1.0,308.0,112.514903193,84.0208692675,-1.0,-1.0,-1.0
427.0,113.0,117.0,-1.0,-1.0,1.0,95.0,10256.7832031,1.0,1.0,116.0,107.96613898,88.4205448543,-1.0,-1.0,3112.481957
428.0,113.0,127.0,-1.0,-1.0,1.0,263.0,24400.2773438,1.0,1.0,329.0,92.7767199384,74.1649767289,-1.0,-1.0,12440.49366
429.0,113.0,269.0,-1.0,-1.0,1.0,882.0,51362.5351563,1.0,0.0,1193.0,58.2341668439,43.0532566272,-1.0,-1.0,11171.37502
430.0,114.0,115.0,-1.0,-1.0,1.0,53.0,6020.0,1.0,1.0,80.0,113.58490566,75.25,-1.0,-1.0,5316.112821
431.0,114.0,124.0,-1.0,-1.0,1.0,209.0,48055.7734375,0.0,1.0,301.0,229.931930323,159.65373235,-1.0,-1.0,1760.82016
432.0,114.0,126.0,-1.0,-1.0,1.0,202.0,23838.4277344,1.0,1.0,248.0,118.012018487,96.1226924774,-1.0,-1.0,4565.414285
433.0,115.0,124.0,-1.0,-1.0,1.0,129.0,45637.4179688,1.0,1.0,273.0,353.778433867,167.17002919,-1.0,-1.0,1972.063782
434.0,115.0,126.0,-1.0,-1.0,1.0,199.0,26970.5625,1.0,0.0,269.0,135.530464824,100.262314126,-1.0,-1.0,4681.071822
435.0,116.0,120.0,-1.0,-1.0,1.0,24.0,9266.78320313,1.0,1.0,116.0,386.115966797,79.8860620959,-1.0,-1.0,1468.000002
436.0,116.0,145.0,-1.0,-1.0,-15.0,635.0,115124.882813,1.0,0.0,3193.0,181.299028052,36.0553970601,-1.0,-1.0,-1.0
437.0,116.0,150.0,-1.0,-1.0,-15.0,657.0,38697.6796875,1.0,1.0,2747.0,58.900577911,14.0872514334,-1.0,-1.0,-1.0
438.0,117.0,127.0,-1.0,-1.0,1.0,174.0,18171.7792969,1.0,1.0,281.0,104.435513201,64.6682537256,-1.0,-1.0,17284.72705
439.0,118.0,119.0,-1.0,-1.0,1.0,71.0,26256.7832031,1.0,1.0,116.0,369.813847931,226.351579337,-1.0,-1.0,1468.001825
440.0,118.0,128.0,-1.0,-1.0,1.0,1577.0,571460.5625,1.0,0.0,4901.0,362.37194832,116.600808508,-1.0,-1.0,3520.703863
441.0,118.0,142.0,-1.0,-1.0,1.0,377.0,352828.4375,1.0,1.0,388.0,935.884449602,909.351643041,-1.0,-1.0,1729.488849
442.0,119.0,127.0,-1.0,-1.0,-15.0,1848.0,361358.1875,0.0,1.0,5145.0,195.540144751,70.2348275024,-1.0,-1.0,-1.0
443.0,119.0,142.0,-1.0,-1.0,-15.0,472.0,380750.125,1.0,1.0,769.0,806.673993644,495.12369961,-1.0,-1.0,-1.0
444.0,119.0,153.0,-1.0,-1.0,-15.0,727.0,464573.5,1.0,1.0,1119.0,639.028198074,415.168453977,-1.0,-1.0,-1.0
445.0,119.0,200.0,-1.0,-1.0,-15.0,1763.0,880330.5625,1.0,0.0,12063.0,499.336677538,72.9777470364,-1.0,-1.0,-1.0
446.0,119.0,269.0,-1.0,-1.0,-15.0,1755.0,387729.34375,1.0,0.0,5418.0,220.928400997,71.5631863695,-1.0,-1.0,-1.0
447.0,120.0,150.0,-1.0,-1.0,1.0,809.0,28994.3261719,1.0,1.0,2193.0,35.8397109665,13.2213069639,-1.0,-1.0,11706.93073
448.0,120.0,160.0,-1.0,-1.0,1.0,974.0,41964.890625,1.0,1.0,2323.0,43.0851033111,18.0649550689,-1.0,-1.0,7663.486389
449.0,120.0,166.0,-1.0,-1.0,-15.0,1029.0,18150.234375,1.0,1.0,2649.0,17.6387117347,6.85173060589,-1.0,-1.0,-1.0
450.0,120.0,169.0,-1.0,-1.0,1.0,1027.0,18023.9609375,1.0,1.0,2523.0,17.5501080209,7.14386085513,-1.0,-1.0,13949.10835
451.0,120.0,172.0,-1.0,-1.0,1.0,1138.0,25492.5390625,1.0,0.0,3062.0,22.4011766806,8.32545364549,-1.0,-1.0,9276.227696
452.0,120.0,174.0,-1.0,-1.0,-15.0,1149.0,41512.5390625,1.0,0.0,3242.0,36.1292768168,12.8046079773,-1.0,-1.0,-1.0
453.0,120.0,178.0,-1.0,-1.0,1.0,1668.0,22103.1289063,0.0,1.0,2642.0,13.2512763227,8.36605938921,-1.0,-1.0,14379.36567
454.0,120.0,181.0,-1.0,-1.0,1.0,1276.0,49652.5390625,0.0,1.0,3462.0,38.9126481681,14.342154553,-1.0,-1.0,4819.743817
455.0,121.0,122.0,-1.0,-1.0,-15.0,689.0,125482.976563,1.0,1.0,4390.0,182.123333183,28.5838215405,-1.0,-1.0,-1.0
456.0,121.0,126.0,-1.0,-1.0,1.0,253.0,28627.4179688,1.0,1.0,286.0,113.151849679,100.095867024,-1.0,-1.0,3509.106327
457.0,121.0,129.0,-1.0,-1.0,1.0,757.0,109896.914063,1.0,1.0,906.0,145.174259,121.299022145,-1.0,-1.0,8523.996948
458.0,121.0,130.0,-1.0,-1.0,1.0,172.0,20513.5664063,1.0,1.0,233.0,119.264920967,88.0410575378,-1.0,-1.0,3610.370133
459.0,121.0,137.0,-1.0,-1.0,1.0,331.0,97227.34375,0.0,1.0,386.0,293.73819864,251.884310233,-1.0,-1.0,1707.726692
460.0,121.0,151.0,-1.0,-1.0,1.0,937.0,141223.296875,0.0,1.0,1058.0,150.718566569,133.481377009,-1.0,-1.0,7362.616323
461.0,121.0,159.0,-1.0,-1.0,-15.0,724.0,153074.625,0.0,1.0,912.0,211.429040055,167.844983553,-1.0,-1.0,-1.0
462.0,121.0,161.0,-1.0,-1.0,-15.0,855.0,158904.609375,0.0,1.0,1142.0,185.853344298,139.145892623,-1.0,-1.0,-1.0
463.0,122.0,129.0,-1.0,-1.0,1.0,158.0,65495.28125,1.0,1.0,184.0,414.527096519,355.952615489,-1.0,-1.0,3723.863098
464.0,122.0,144.0,-1.0,-1.0,1.0,364.0,83069.03125,1.0,0.0,1828.0,228.211624313,45.4425772702,-1.0,-1.0,5785.848457
465.0,123.0,131.0,-1.0,-1.0,1.0,694.0,98906.9921875,1.0,1.0,1536.0,142.517279809,64.3925730387,-1.0,-1.0,17239.30544
466.0,123.0,149.0,-1.0,-1.0,1.0,691.0,119020.125,1.0,1.0,1669.0,172.243306802,71.312237867,-1.0,-1.0,15291.70305
467.0,123.0,224.0,-1.0,-1.0,1.0,3882.0,271663.0,1.0,0.0,9006.0,69.9801648635,30.1646679991,-1.0,-1.0,12004.76337
468.0,124.0,125.0,-1.0,-1.0,1.0,28.0,27656.8535156,1.0,1.0,116.0,987.744768414,238.421150997,-1.0,-1.0,2448.641274
469.0,124.0,126.0,-1.0,-1.0,1.0,139.0,42142.1367188,1.0,1.0,261.0,303.180839704,161.464125359,-1.0,-1.0,2123.012881
470.0,124.0,139.0,-1.0,-1.0,1.0,219.0,68485.28125,1.0,1.0,244.0,312.718179224,280.677382172,-1.0,-1.0,2776.867392
471.0,124.0,140.0,-1.0,-1.0,1.0,245.0,71656.8515625,0.0,1.0,276.0,292.476945153,259.626273777,-1.0,-1.0,2705.183325
472.0,125.0,138.0,-1.0,-1.0,1.0,281.0,89313.7109375,1.0,1.0,373.0,317.842387678,239.446946213,-1.0,-1.0,1607.525169
473.0,125.0,139.0,-1.0,-1.0,1.0,220.0,78485.28125,1.0,0.0,264.0,356.751278409,297.292732008,-1.0,-1.0,2345.8379
474.0,125.0,140.0,-1.0,-1.0,1.0,233.0,79656.8515625,1.0,1.0,256.0,341.87489941,311.159576416,-1.0,-1.0,2292.765713
475.0,125.0,143.0,-1.0,-1.0,1.0,508.0,134640.703125,1.0,0.0,1739.0,265.040754183,77.4242111127,-1.0,-1.0,1340.912057
476.0,126.0,130.0,-1.0,-1.0,1.0,167.0,18828.4277344,1.0,1.0,188.0,112.745076254,100.151211353,-1.0,-1.0,3023.090293
477.0,126.0,134.0,-1.0,-1.0,1.0,95.0,56828.4257813,1.0,1.0,128.0,598.193955593,443.972076416,-1.0,-1.0,2587.645023
478.0,126.0,137.0,-1.0,-1.0,1.0,133.0,76485.28125,1.0,1.0,164.0,575.077302632,466.373666159,-1.0,-1.0,2114.883863
479.0,126.0,139.0,-1.0,-1.0,1.0,189.0,62742.0625,1.0,1.0,281.0,331.968584656,223.28136121,-1.0,-1.0,2610.39591
480.0,127.0,143.0,-1.0,-1.0,1.0,455.0,79596.1484375,1.0,0.0,1836.0,174.936589973,43.3530220248,-1.0,-1.0,8715.804886
481.0,127.0,153.0,-1.0,-1.0,1.0,2393.0,262316.75,0.0,1.0,7959.0,109.618366068,32.9585060937,-1.0,-1.0,12737.23567
482.0,127.0,269.0,-1.0,-1.0,1.0,671.0,27110.5410156,1.0,1.0,1012.0,40.4031907833,26.7890721498,-1.0,-1.0,25932.1026
483.0,128.0,131.0,-1.0,-1.0,1.0,551.0,255736.859375,1.0,1.0,695.0,464.132231171,367.966704137,-1.0,-1.0,12158.75558
484.0,128.0,142.0,-1.0,-1.0,1.0,1501.0,433050.375,1.0,0.0,2102.0,288.507911392,206.018256422,-1.0,-1.0,4725.266739
485.0,128.0,149.0,-1.0,-1.0,1.0,545.0,275833.4375,1.0,0.0,812.0,506.116399083,339.696351601,-1.0,-1.0,11012.82946
486.0,128.0,153.0,-1.0,-1.0,1.0,1577.0,359683.21875,1.0,0.0,2328.0,228.08067137,154.503100838,-1.0,-1.0,6396.050904
487.0,128.0,204.0,-1.0,-1.0,1.0,2383.0,328050.15625,1.0,0.0,3779.0,137.662675724,86.8087208918,-1.0,-1.0,6490.744922
488.0,128.0,240.0,-1.0,-1.0,1.0,2633.0,229226.390625,1.0,1.0,3360.0,87.0590165686,68.222140067,-1.0,-1.0,7478.715464
489.0,129.0,130.0,-1.0,-1.0,-15.0,761.0,131010.414063,1.0,0.0,1159.0,172.155603237,113.037458208,-1.0,-1.0,-1.0
490.0,129.0,144.0,-1.0,-1.0,1.0,189.0,59313.7070313,1.0,1.0,233.0,313.829137732,254.565266229,-1.0,-1.0,4745.907475
491.0,129.0,151.0,-1.0,-1.0,1.0,353.0,74000.0,1.0,1.0,380.0,209.631728045,194.736842105,-1.0,-1.0,2346.267404
492.0,130.0,137.0,-1.0,-1.0,1.0,140.0,79428.359375,1.0,1.0,208.0,567.345424107,381.86711238,-1.0,-1.0,1865.720166
493.0,130.0,151.0,-1.0,-1.0,-15.0,848.0,161108.4375,1.0,0.0,6105.0,189.986364976,26.3895884521,-1.0,-1.0,-1.0
494.0,130.0,164.0,-1.0,-1.0,-15.0,615.0,155791.90625,1.0,0.0,1031.0,253.320172764,151.107571532,-1.0,-1.0,-1.0
495.0,131.0,149.0,-1.0,-1.0,1.0,63.0,40116.5703125,1.0,1.0,156.0,636.770957341,257.157502003,-1.0,-1.0,5874.496236
496.0,131.0,240.0,-1.0,-1.0,1.0,2849.0,160353.984375,0.0,1.0,3283.0,56.2843047999,48.8437357219,-1.0,-1.0,26166.65795
497.0,132.0,133.0,-1.0,-1.0,1.0,29.0,3428.35571289,1.0,1.0,48.0,118.219162513,71.4240773519,-1.0,-1.0,5061.575737
498.0,132.0,136.0,-1.0,-1.0,1.0,55.0,24828.4277344,1.0,1.0,88.0,451.425958807,282.141224255,-1.0,-1.0,2474.162092
499.0,132.0,141.0,-1.0,-1.0,1.0,147.0,32742.0644531,1.0,1.0,181.0,222.735132334,180.895383719,-1.0,-1.0,3142.517647
500.0,132.0,145.0,-1.0,-1.0,1.0,174.0,35913.6367188,1.0,1.0,213.0,206.400211028,168.608623093,-1.0,-1.0,3380.037759
501.0,133.0,136.0,-1.0,-1.0,1.0,47.0,21428.3554688,1.0,1.0,68.0,455.922456783,315.122874541,-1.0,-1.0,3509.937144
502.0,133.0,154.0,-1.0,-1.0,-15.0,557.0,57011.7695313,1.0,0.0,691.0,102.355061995,82.5061787718,-1.0,-1.0,-1.0
503.0,133.0,444.0,-1.0,-1.0,-15.0,4741.0,367572.71875,1.0,0.0,6257.0,77.530630405,58.7458396596,-1.0,-1.0,-1.0
504.0,134.0,137.0,-1.0,-1.0,1.0,34.0,35838.4257813,1.0,1.0,128.0,1054.07134651,279.987701416,-1.0,-1.0,1642.663081
505.0,134.0,139.0,-1.0,-1.0,1.0,111.0,21085.2089844,1.0,1.0,144.0,189.956837697,146.425062392,-1.0,-1.0,2851.482353
506.0,135.0,144.0,-1.0,-1.0,1.0,1755.0,69798.234375,1.0,0.0,2158.0,39.7710737179,32.3439454935,-1.0,-1.0,6441.071308
507.0,135.0,146.0,-1.0,-1.0,1.0,167.0,18000.0,1.0,1.0,180.0,107.784431138,100.0,-1.0,-1.0,14011.33363
508.0,135.0,147.0,-1.0,-1.0,1.0,1671.0,63378.3046875,1.0,0.0,2258.0,37.928369053,28.0683368855,-1.0,-1.0,5736.610261
509.0,135.0,203.0,-1.0,-1.0,1.0,1851.0,190721.90625,1.0,0.0,4679.0,103.037226499,40.7612537401,-1.0,-1.0,11291.13367
510.0,135.0,211.0,-1.0,-1.0,-15.0,3209.0,344165.09375,1.0,0.0,6582.0,107.249951309,52.2888322318,-1.0,-1.0,-1.0
511.0,136.0,141.0,-1.0,-1.0,1.0,146.0,18485.28125,1.0,1.0,184.0,126.611515411,100.463485054,-1.0,-1.0,2950.693119
512.0,136.0,145.0,-1.0,-1.0,1.0,185.0,21656.8535156,1.0,1.0,216.0,117.064073057,100.26321072,-1.0,-1.0,3466.380756
513.0,136.0,154.0,-1.0,-1.0,-15.0,496.0,38316.6328125,1.0,1.0,626.0,77.2512758317,61.2086786142,-1.0,-1.0,-1.0
514.0,137.0,139.0,-1.0,-1.0,1.0,148.0,32438.3554688,1.0,1.0,188.0,219.178077492,172.544443983,-1.0,-1.0,2221.462033
515.0,137.0,159.0,-1.0,-1.0,1.0,351.0,93685.140625,1.0,1.0,484.0,266.90923255,193.564340134,-1.0,-1.0,2812.279408
516.0,137.0,164.0,-1.0,-1.0,1.0,487.0,107941.921875,1.0,0.0,561.0,221.646656828,192.409842914,-1.0,-1.0,2849.071214
517.0,138.0,140.0,-1.0,-1.0,1.0,211.0,24828.4277344,1.0,1.0,248.0,117.670273623,100.114627961,-1.0,-1.0,3981.85821
518.0,138.0,143.0,-1.0,-1.0,1.0,212.0,53455.84375,1.0,1.0,341.0,252.150206368,156.762005132,-1.0,-1.0,2681.248789
519.0,138.0,156.0,-1.0,-1.0,1.0,436.0,80541.0546875,0.0,1.0,499.0,184.72718965,161.404919213,-1.0,-1.0,2220.663467
520.0,138.0,157.0,-1.0,-1.0,1.0,266.0,46970.5625,1.0,1.0,309.0,176.58106203,152.00829288,-1.0,-1.0,4123.31738
521.0,138.0,158.0,-1.0,-1.0,-15.0,421.0,71375.6328125,0.0,1.0,714.0,169.53832022,99.9658722864,-1.0,-1.0,-1.0
522.0,139.0,140.0,-1.0,-1.0,1.0,46.0,5010.0,1.0,1.0,60.0,108.913043478,83.5,-1.0,-1.0,4821.217911
523.0,139.0,157.0,-1.0,-1.0,1.0,276.0,46998.8476563,0.0,1.0,337.0,170.285679914,139.462455953,-1.0,-1.0,3797.92335
524.0,139.0,159.0,-1.0,-1.0,1.0,284.0,65428.3554688,1.0,1.0,348.0,230.381533341,188.012515715,-1.0,-1.0,3965.141367
525.0,140.0,157.0,-1.0,-1.0,1.0,238.0,43913.6367188,1.0,1.0,293.0,184.51107865,149.875893238,-1.0,-1.0,3872.3638
526.0,140.0,159.0,-1.0,-1.0,1.0,282.0,65656.8515625,1.0,0.0,336.0,232.825714761,195.407296317,-1.0,-1.0,3854.447238
527.0,141.0,145.0,-1.0,-1.0,1.0,28.0,4000.0,1.0,1.0,40.0,142.857142857,100.0,-1.0,-1.0,6878.444405
528.0,142.0,153.0,-1.0,-1.0,1.0,194.0,66426.40625,1.0,1.0,244.0,342.404155928,272.239369877,-1.0,-1.0,6643.191924
529.0,143.0,156.0,-1.0,-1.0,1.0,299.0,32828.4257813,1.0,1.0,328.0,109.794066158,100.086663967,-1.0,-1.0,4260.14206
530.0,143.0,157.0,-1.0,-1.0,1.0,395.0,60970.5625,1.0,0.0,609.0,154.35585443,100.115866174,-1.0,-1.0,3744.118168
531.0,143.0,158.0,-1.0,-1.0,1.0,383.0,45455.84375,1.0,0.0,454.0,118.683665144,100.123003855,-1.0,-1.0,3887.533115
532.0,143.0,269.0,-1.0,-1.0,1.0,614.0,52359.328125,1.0,1.0,697.0,85.2757787052,75.1209872669,-1.0,-1.0,5229.788932
533.0,144.0,147.0,-1.0,-1.0,1.0,156.0,17570.4921875,1.0,1.0,189.0,112.631360176,92.9655671296,-1.0,-1.0,5703.865696
534.0,144.0,148.0,-1.0,-1.0,1.0,110.0,12856.7109375,1.0,1.0,156.0,116.879190341,82.4148137019,-1.0,-1.0,2905.234866
535.0,144.0,151.0,-1.0,-1.0,1.0,186.0,20970.5625,1.0,1.0,209.0,112.744959677,100.337619617,-1.0,-1.0,7297.216222
536.0,145.0,150.0,-1.0,-1.0,1.0,317.0,74742.0625,1.0,1.0,401.0,235.779376972,186.389183292,-1.0,-1.0,4673.148818
537.0,145.0,154.0,-1.0,-1.0,1.0,131.0,15010.0,1.0,1.0,160.0,114.580152672,93.8125,-1.0,-1.0,20180.22431
538.0,145.0,155.0,-1.0,-1.0,1.0,281.0,67227.34375,1.0,1.0,326.0,239.243216192,206.218845859,-1.0,-1.0,4742.498678
539.0,146.0,147.0,-1.0,-1.0,1.0,1616.0,68270.6015625,1.0,0.0,1928.0,42.2466593827,35.4100630511,-1.0,-1.0,8717.520749
540.0,146.0,192.0,-1.0,-1.0,1.0,1447.0,67891.65625,1.0,0.0,1799.0,46.9189054941,37.7385526681,-1.0,-1.0,4934.635725
541.0,146.0,194.0,-1.0,-1.0,1.0,1323.0,98215.453125,1.0,0.0,1853.0,74.2369260204,53.0034825283,-1.0,-1.0,2256.772794
542.0,146.0,195.0,-1.0,-1.0,1.0,1185.0,94731.515625,1.0,0.0,1618.0,79.9422072785,58.5485263443,-1.0,-1.0,5425.921968
543.0,146.0,196.0,-1.0,-1.0,1.0,1171.0,101891.226563,1.0,0.0,1847.0,87.0121490717,55.1657967315,-1.0,-1.0,9410.078039
544.0,146.0,203.0,-1.0,-1.0,1.0,1664.0,194133.359375,1.0,0.0,2869.0,116.666682317,67.6658624521,-1.0,-1.0,9976.589693
545.0,147.0,148.0,-1.0,-1.0,1.0,63.0,7010.0,1.0,1.0,80.0,111.26984127,87.625,-1.0,-1.0,11183.59581
546.0,147.0,152.0,-1.0,-1.0,1.0,113.0,12742.0644531,1.0,1.0,141.0,112.761632328,90.3692514404,-1.0,-1.0,6549.413195
547.0,147.0,192.0,-1.0,-1.0,1.0,1183.0,47572.3242188,1.0,0.0,1462.0,40.2132918164,32.539209452,-1.0,-1.0,6388.236984
548.0,148.0,151.0,-1.0,-1.0,1.0,172.0,19085.2089844,1.0,1.0,204.0,110.960517351,93.554946002,-1.0,-1.0,8808.140547
549.0,148.0,152.0,-1.0,-1.0,1.0,49.0,7428.35546875,1.0,1.0,88.0,151.599091199,84.4131303267,-1.0,-1.0,2433.858012
550.0,149.0,224.0,-1.0,-1.0,1.0,4136.0,252894.875,1.0,0.0,10583.0,61.1447956963,23.8963313805,-1.0,-1.0,19493.84022
551.0,149.0,240.0,-1.0,-1.0,1.0,2596.0,140273.984375,1.0,1.0,3183.0,54.0346627022,44.0697406142,-1.0,-1.0,29027.88072
552.0,149.0,250.0,-1.0,-1.0,-15.0,4225.0,331692.71875,1.0,0.0,11206.0,78.5071523669,29.5995644075,-1.0,-1.0,-1.0
553.0,149.0,273.0,-1.0,-1.0,1.0,2688.0,179669.390625,1.0,1.0,3588.0,66.8412911551,50.0750809992,-1.0,-1.0,24982.07002
554.0,149.0,359.0,-1.0,-1.0,-15.0,3775.0,605333.0,1.0,0.0,7324.0,160.353112583,82.6506007646,-1.0,-1.0,-1.0
555.0,149.0,390.0,-1.0,-1.0,-15.0,3894.0,601568.4375,0.0,1.0,7209.0,154.485988059,83.4468632959,-1.0,-1.0,-1.0
556.0,150.0,155.0,-1.0,-1.0,1.0,60.0,7085.20996094,1.0,1.0,84.0,118.086832682,84.3477376302,-1.0,-1.0,8951.168891
557.0,150.0,160.0,-1.0,-1.0,1.0,164.0,20256.7832031,1.0,1.0,216.0,123.516970751,93.7814037181,-1.0,-1.0,3660.921135
558.0,151.0,152.0,-1.0,-1.0,1.0,128.0,15010.0,1.0,1.0,160.0,117.265625,93.8125,-1.0,-1.0,10753.13526
559.0,151.0,161.0,-1.0,-1.0,1.0,979.0,137877.484375,0.0,1.0,1195.0,140.835019791,115.378648013,-1.0,-1.0,6535.895469
560.0,151.0,164.0,-1.0,-1.0,1.0,907.0,140039.046875,1.0,0.0,1127.0,154.398067117,124.258249224,-1.0,-1.0,6339.493362
561.0,151.0,185.0,-1.0,-1.0,1.0,1101.0,139456.8125,1.0,1.0,1263.0,126.663771571,110.417112035,-1.0,-1.0,5190.230725
562.0,152.0,185.0,-1.0,-1.0,1.0,1227.0,152285.25,1.0,1.0,1391.0,124.111858191,109.478971963,-1.0,-1.0,5669.515449
563.0,152.0,192.0,-1.0,-1.0,1.0,1146.0,57809.109375,1.0,1.0,1558.0,50.4442490183,37.1046915116,-1.0,-1.0,6475.019629
564.0,153.0,200.0,-1.0,-1.0,-15.0,1369.0,493394.5,1.0,1.0,2431.0,360.405040175,202.959481695,-1.0,-1.0,-1.0
565.0,153.0,204.0,-1.0,-1.0,1.0,1253.0,306115.5625,1.0,1.0,1568.0,244.306115323,195.226761798,-1.0,-1.0,6304.51658
566.0,153.0,240.0,-1.0,-1.0,-15.0,2116.0,403297.21875,0.0,1.0,2724.0,190.594148748,148.053310848,-1.0,-1.0,-1.0
567.0,153.0,269.0,-1.0,-1.0,1.0,2019.0,288687.875,0.0,1.0,8232.0,142.985574542,35.0689838435,-1.0,-1.0,13541.49899
568.0,154.0,155.0,-1.0,-1.0,1.0,183.0,56000.0,1.0,1.0,200.0,306.010928962,280.0,-1.0,-1.0,8061.138837
569.0,154.0,162.0,-1.0,-1.0,1.0,238.0,63798.9882813,1.0,1.0,277.0,268.062975972,230.321257333,-1.0,-1.0,7243.04268
570.0,154.0,181.0,-1.0,-1.0,-15.0,1458.0,119943.890625,0.0,1.0,1591.0,82.2660429527,75.388994736,-1.0,-1.0,-1.0
571.0,154.0,202.0,-1.0,-1.0,-15.0,1855.0,165952.84375,0.0,1.0,5280.0,89.4624494609,31.4304628314,-1.0,-1.0,-1.0
572.0,154.0,281.0,-1.0,-1.0,-15.0,3383.0,202000.84375,0.0,1.0,6766.0,59.7105656961,29.8552828481,-1.0,-1.0,-1.0
573.0,154.0,444.0,-1.0,-1.0,-15.0,4319.0,306142.59375,1.0,1.0,5517.0,70.8827491896,55.4907728385,-1.0,-1.0,-1.0
574.0,154.0,448.0,-1.0,-1.0,1.0,4348.0,290627.46875,0.0,1.0,5163.0,66.8416441467,56.2904258667,-1.0,-1.0,28040.62667
575.0,155.0,160.0,-1.0,-1.0,1.0,137.0,15570.4912109,1.0,1.0,169.0,113.653220518,92.1330840882,-1.0,-1.0,5929.555619
576.0,155.0,162.0,-1.0,-1.0,1.0,112.0,12000.0,1.0,1.0,120.0,107.142857143,100.0,-1.0,-1.0,5061.668178
577.0,156.0,158.0,-1.0,-1.0,1.0,144.0,16256.7832031,1.0,1.0,176.0,112.894327799,92.3680863812,-1.0,-1.0,4135.148714
578.0,156.0,269.0,-1.0,-1.0,1.0,398.0,26674.9863281,1.0,1.0,454.0,67.0225787138,58.7554764936,-1.0,-1.0,6673.208016
579.0,157.0,158.0,-1.0,-1.0,1.0,206.0,22742.0644531,1.0,1.0,241.0,110.398371132,94.3654126685,-1.0,-1.0,5293.16132
580.0,157.0,159.0,-1.0,-1.0,1.0,90.0,26438.3554688,1.0,1.0,128.0,293.759505209,206.5496521,-1.0,-1.0,4227.203173
581.0,157.0,163.0,-1.0,-1.0,1.0,123.0,13913.6367188,1.0,1.0,153.0,113.118997714,90.9388020837,-1.0,-1.0,3966.537441
582.0,157.0,165.0,-1.0,-1.0,1.0,68.0,8485.28125,1.0,1.0,84.0,124.783547794,101.015252976,-1.0,-1.0,9370.085618
583.0,158.0,163.0,-1.0,-1.0,1.0,163.0,17913.6367188,1.0,1.0,193.0,109.899611772,92.8167705637,-1.0,-1.0,5015.908466
584.0,158.0,269.0,-1.0,-1.0,1.0,483.0,35645.5507813,1.0,1.0,544.0,73.8003121766,65.5249095244,-1.0,-1.0,5761.655706
585.0,159.0,161.0,-1.0,-1.0,1.0,33.0,4256.78271484,1.0,1.0,56.0,128.993415601,76.0139770507,-1.0,-1.0,8390.705866
586.0,159.0,164.0,-1.0,-1.0,1.0,55.0,14256.7832031,1.0,1.0,76.0,259.214240056,187.589252672,-1.0,-1.0,3928.63555
587.0,159.0,165.0,-1.0,-1.0,-15.0,112.0,28296.7832031,1.0,1.0,176.0,252.649850028,160.77717729,-1.0,-1.0,-1.0
588.0,159.0,167.0,-1.0,-1.0,1.0,56.0,6256.78271484,1.0,1.0,76.0,111.728262765,82.3260883532,-1.0,-1.0,4981.04671
589.0,160.0,162.0,-1.0,-1.0,1.0,74.0,9656.85449219,1.0,1.0,96.0,130.498033678,100.592234294,-1.0,-1.0,7688.826852
590.0,160.0,174.0,-1.0,-1.0,1.0,1078.0,56537.0429688,1.0,0.0,1225.0,52.4462365202,46.1526881378,-1.0,-1.0,4891.834914
591.0,160.0,181.0,-1.0,-1.0,1.0,1057.0,47343.3984375,1.0,1.0,1182.0,44.7903485691,40.0536365799,-1.0,-1.0,4991.412052
592.0,161.0,164.0,-1.0,-1.0,1.0,9.0,9010.0,1.0,1.0,20.0,1001.11111111,450.5,-1.0,-1.0,3073.611784
593.0,161.0,167.0,-1.0,-1.0,1.0,83.0,9085.20996094,1.0,1.0,104.0,109.460360975,87.357788086,-1.0,-1.0,4719.880139
594.0,161.0,170.0,-1.0,-1.0,1.0,163.0,17010.0,0.0,1.0,180.0,104.355828221,94.5,-1.0,-1.0,2574.378918
595.0,161.0,185.0,-1.0,-1.0,-15.0,413.0,39153.4960938,0.0,1.0,473.0,94.8026539801,82.7769473442,-1.0,-1.0,-1.0
596.0,162.0,181.0,-1.0,-1.0,1.0,1138.0,52953.3242188,1.0,1.0,1262.0,46.5319193487,41.9598448643,-1.0,-1.0,5501.591301
597.0,162.0,202.0,-1.0,-1.0,1.0,1540.0,99633.2265625,1.0,0.0,1771.0,64.6969003653,56.2581742307,-1.0,-1.0,5621.624754
598.0,162.0,444.0,-1.0,-1.0,-15.0,4171.0,333624.5625,1.0,0.0,5452.0,79.9867088228,61.1930598863,-1.0,-1.0,-1.0
599.0,163.0,165.0,-1.0,-1.0,1.0,144.0,16000.0,1.0,1.0,160.0,111.111111111,100.0,-1.0,-1.0,5249.708113
600.0,163.0,175.0,-1.0,-1.0,1.0,236.0,28142.1347656,1.0,1.0,281.0,119.246333753,100.149945785,-1.0,-1.0,2845.482384
601.0,163.0,269.0,-1.0,-1.0,1.0,522.0,43874.046875,1.0,1.0,612.0,84.049898228,71.6896190768,-1.0,-1.0,5933.028795
602.0,164.0,167.0,-1.0,-1.0,-15.0,112.0,18095.2089844,1.0,0.0,124.0,161.564365932,145.929104713,-1.0,-1.0,-1.0
603.0,164.0,170.0,-1.0,-1.0,1.0,147.0,25656.8535156,1.0,0.0,176.0,174.536418473,145.777576793,-1.0,-1.0,1623.378992
604.0,164.0,176.0,-1.0,-1.0,1.0,211.0,32256.7832031,1.0,0.0,256.0,152.875749778,126.003059387,-1.0,-1.0,1920.014844
605.0,164.0,185.0,-1.0,-1.0,-15.0,382.0,47390.2773438,1.0,0.0,469.0,124.058317654,101.045367471,-1.0,-1.0,-1.0
606.0,165.0,167.0,-1.0,-1.0,1.0,28.0,3428.35571289,1.0,1.0,48.0,122.44127546,71.4240773519,-1.0,-1.0,12142.81467
607.0,165.0,175.0,-1.0,-1.0,1.0,197.0,21913.6367188,1.0,1.0,233.0,111.236734613,94.0499429991,-1.0,-1.0,2463.045902
608.0,166.0,168.0,-1.0,-1.0,1.0,43.0,56.5685424805,1.0,1.0,56.0,1.31554749955,1.01015254429,-1.0,-1.0,7787.082347
609.0,166.0,169.0,-1.0,-1.0,1.0,21.0,48.2842712402,1.0,1.0,48.0,2.29925101144,1.0059223175,-1.0,-1.0,13926.56309
610.0,166.0,172.0,-1.0,-1.0,1.0,418.0,7389.41113281,1.0,1.0,459.0,17.6780170641,16.0989349299,-1.0,-1.0,4390.365969
611.0,166.0,173.0,-1.0,-1.0,1.0,90.0,116.56854248,1.0,1.0,116.0,1.29520602756,1.00490122828,-1.0,-1.0,6238.82063
612.0,166.0,174.0,-1.0,-1.0,-15.0,574.0,23397.6953125,0.0,1.0,627.0,40.7625353876,37.316898425,-1.0,-1.0,-1.0
613.0,166.0,181.0,-1.0,-1.0,1.0,696.0,31502.5488281,0.0,1.0,812.0,45.262282799,38.7962423991,-1.0,-1.0,4197.999133
614.0,167.0,170.0,-1.0,-1.0,1.0,133.0,14742.0644531,1.0,1.0,161.0,110.842589873,91.5656177211,-1.0,-1.0,4249.316045
615.0,167.0,171.0,-1.0,-1.0,1.0,154.0,17428.3554688,1.0,1.0,188.0,113.171139408,92.7040184511,-1.0,-1.0,4334.522543
616.0,167.0,175.0,-1.0,-1.0,1.0,212.0,23798.9902344,1.0,1.0,237.0,112.259387898,100.417680314,-1.0,-1.0,3075.044294
617.0,168.0,172.0,-1.0,-1.0,1.0,407.0,7399.70556641,1.0,1.0,469.0,18.1810947578,15.777623809,-1.0,-1.0,4344.508516
618.0,168.0,173.0,-1.0,-1.0,1.0,79.0,104.852813721,1.0,1.0,104.0,1.32725080659,1.00820013193,-1.0,-1.0,8279.884267
619.0,168.0,179.0,-1.0,-1.0,1.0,498.0,13441.1269531,0.0,1.0,571.0,26.9902147653,23.5396268881,-1.0,-1.0,4466.974856
620.0,168.0,184.0,-1.0,-1.0,1.0,493.0,7482.54833984,0.0,1.0,552.0,15.1775828394,13.5553411954,-1.0,-1.0,4704.476235
621.0,169.0,173.0,-1.0,-1.0,1.0,58.0,80.0,1.0,1.0,80.0,1.37931034483,1.0,-1.0,-1.0,10059.25171
622.0,169.0,177.0,-1.0,-1.0,1.0,198.0,224.852813721,1.0,1.0,224.0,1.13562027132,1.00380720411,-1.0,-1.0,15478.51835
623.0,169.0,178.0,-1.0,-1.0,1.0,326.0,8389.25976563,1.0,1.0,1629.0,25.7339256614,5.14994460751,-1.0,-1.0,10672.79738
624.0,170.0,171.0,-1.0,-1.0,-15.0,72.0,8486.63964844,1.0,1.0,156.0,117.869995117,54.4015362079,-1.0,-1.0,-1.0
625.0,170.0,176.0,-1.0,-1.0,1.0,40.0,5010.0,1.0,1.0,60.0,125.25,83.5,-1.0,-1.0,7386.761944
626.0,170.0,185.0,-1.0,-1.0,-15.0,223.0,20143.4941406,0.0,1.0,273.0,90.3295701372,73.7856928227,-1.0,-1.0,-1.0
627.0,171.0,175.0,-1.0,-1.0,1.0,216.0,42742.0625,1.0,1.0,281.0,197.879918981,152.106983986,-1.0,-1.0,2442.334434
628.0,171.0,176.0,-1.0,-1.0,1.0,20.0,3428.35571289,1.0,1.0,48.0,171.417785644,71.4240773519,-1.0,-1.0,6342.93394
629.0,171.0,180.0,-1.0,-1.0,-15.0,79.0,8438.35546875,1.0,1.0,108.0,106.814626187,78.1329210069,-1.0,-1.0,-1.0
630.0,172.0,173.0,-1.0,-1.0,1.0,457.0,7410.0,1.0,0.0,480.0,16.2144420131,15.4375,-1.0,-1.0,4430.941966
631.0,172.0,174.0,-1.0,-1.0,1.0,112.0,12000.0,1.0,1.0,120.0,107.142857143,100.0,-1.0,-1.0,5523.691729
632.0,172.0,179.0,-1.0,-1.0,1.0,74.0,8828.42675781,1.0,1.0,88.0,119.303064295,100.323031339,-1.0,-1.0,3972.692039
633.0,172.0,184.0,-1.0,-1.0,1.0,156.0,14220.0,1.0,0.0,360.0,91.1538461538,39.5,-1.0,-1.0,1799.191716
634.0,173.0,177.0,-1.0,-1.0,1.0,171.0,193.137084961,1.0,1.0,193.0,1.1294566372,1.00071028477,-1.0,-1.0,14988.7903
635.0,173.0,184.0,-1.0,-1.0,1.0,504.0,7492.84277344,1.0,1.0,562.0,14.8667515346,13.332460451,-1.0,-1.0,4781.015714
636.0,173.0,186.0,-1.0,-1.0,1.0,281.0,326.274169922,0.0,1.0,326.0,1.16111804243,1.00084101203,-1.0,-1.0,12248.8351
637.0,173.0,190.0,-1.0,-1.0,-15.0,314.0,9145.828125,1.0,1.0,2385.0,29.1268411624,3.83472877358,-1.0,-1.0,-1.0
638.0,173.0,193.0,-1.0,-1.0,-15.0,504.0,9323.81835938,0.0,1.0,2563.0,18.4996396019,3.63785343714,-1.0,-1.0,-1.0
639.0,173.0,197.0,-1.0,-1.0,-15.0,723.0,29828.671875,0.0,1.0,3088.0,41.2568075726,9.65954400097,-1.0,-1.0,-1.0
640.0,173.0,208.0,-1.0,-1.0,-15.0,738.0,9651.51367188,0.0,1.0,2891.0,13.0779318047,3.33846892836,-1.0,-1.0,-1.0
641.0,174.0,179.0,-1.0,-1.0,1.0,107.0,11313.7089844,1.0,1.0,113.0,105.735597985,100.121318446,-1.0,-1.0,3706.342458
642.0,174.0,181.0,-1.0,-1.0,1.0,113.0,14485.28125,1.0,1.0,144.0,128.188329646,100.592230903,-1.0,-1.0,3541.809835
643.0,175.0,180.0,-1.0,-1.0,1.0,266.0,45085.2109375,1.0,1.0,304.0,169.493274201,148.306614926,-1.0,-1.0,2989.191574
644.0,175.0,269.0,-1.0,-1.0,1.0,399.0,35498.5625,1.0,1.0,537.0,88.9688283208,66.10533054,-1.0,-1.0,8191.137442
645.0,176.0,180.0,-1.0,-1.0,1.0,15.0,4000.0,1.0,1.0,40.0,266.666666667,100.0,-1.0,-1.0,13487.4463
646.0,176.0,185.0,-1.0,-1.0,-15.0,135.0,14095.2099609,1.0,1.0,164.0,104.408962673,85.9464022006,-1.0,-1.0,-1.0
647.0,177.0,178.0,-1.0,-1.0,1.0,210.0,8762.98535156,1.0,1.0,2002.0,41.7285016741,4.37711556022,-1.0,-1.0,9860.477291
648.0,177.0,182.0,-1.0,-1.0,1.0,65.0,104.852813721,1.0,1.0,104.0,1.61312021109,1.00820013193,-1.0,-1.0,15283.41948
649.0,177.0,186.0,-1.0,-1.0,1.0,147.0,180.0,1.0,1.0,180.0,1.22448979592,1.0,-1.0,-1.0,6647.224453
650.0,177.0,190.0,-1.0,-1.0,-15.0,260.0,9239.55371094,1.0,0.0,2479.0,35.5367450421,3.72712937109,-1.0,-1.0,-1.0
651.0,178.0,182.0,-1.0,-1.0,1.0,178.0,8809.84863281,1.0,1.0,2049.0,49.493531645,4.29958449625,-1.0,-1.0,9645.729084
652.0,178.0,187.0,-1.0,-1.0,1.0,203.0,221.421356201,1.0,1.0,221.0,1.09074559705,1.00190658914,-1.0,-1.0,118565.8591
653.0,178.0,201.0,-1.0,-1.0,1.0,653.0,696.56854248,0.0,1.0,696.0,1.06672058573,1.00081687138,-1.0,-1.0,45034.3098
654.0,178.0,209.0,-1.0,-1.0,1.0,743.0,3777.69555664,1.0,0.0,807.0,5.08438163747,4.68115930191,-1.0,-1.0,31417.65523
655.0,178.0,221.0,-1.0,-1.0,1.0,2202.0,76768.0,0.0,1.0,2505.0,34.8628519528,30.6459081836,-1.0,-1.0,4128.519094
656.0,178.0,224.0,-1.0,-1.0,1.0,2443.0,95880.6953125,0.0,1.0,2697.0,39.2471122851,35.5508696005,-1.0,-1.0,6331.310861
657.0,179.0,181.0,-1.0,-1.0,1.0,137.0,17656.8535156,1.0,1.0,176.0,128.88214245,100.323031339,-1.0,-1.0,4587.963789
658.0,179.0,183.0,-1.0,-1.0,1.0,44.0,6000.0,1.0,1.0,60.0,136.363636364,100.0,-1.0,-1.0,3108.63409
659.0,179.0,184.0,-1.0,-1.0,1.0,68.0,10485.28125,1.0,1.0,104.0,154.1953125,100.820012019,-1.0,-1.0,2772.733141
660.0,180.0,185.0,-1.0,-1.0,1.0,71.0,8485.28125,1.0,1.0,84.0,119.511003521,101.015252976,-1.0,-1.0,15442.2468
661.0,180.0,269.0,-1.0,-1.0,1.0,575.0,80070.203125,1.0,1.0,809.0,139.252527174,98.9742931088,-1.0,-1.0,4807.931435
662.0,181.0,183.0,-1.0,-1.0,1.0,129.0,16828.4277344,1.0,1.0,168.0,130.452928174,100.169212705,-1.0,-1.0,4508.196611
663.0,181.0,197.0,-1.0,-1.0,1.0,411.0,40119.0507813,1.0,1.0,647.0,97.6132622416,62.0078064626,-1.0,-1.0,3298.879164
664.0,181.0,202.0,-1.0,-1.0,1.0,654.0,68828.7734375,1.0,1.0,877.0,105.24277284,78.4820677737,-1.0,-1.0,7778.232853
665.0,182.0,186.0,-1.0,-1.0,1.0,42.0,68.2842712402,1.0,1.0,68.0,1.62581598191,1.00418045941,-1.0,-1.0,7264.847621
666.0,182.0,187.0,-1.0,-1.0,1.0,100.0,8996.7109375,1.0,1.0,2236.0,89.967109375,4.02357376453,-1.0,-1.0,12019.86328
667.0,183.0,184.0,-1.0,-1.0,1.0,52.0,8000.0,1.0,1.0,80.0,153.846153846,100.0,-1.0,-1.0,4656.119612
668.0,183.0,197.0,-1.0,-1.0,1.0,337.0,35428.3554688,1.0,1.0,368.0,105.128651243,96.2727050783,-1.0,-1.0,3425.089825
669.0,184.0,190.0,-1.0,-1.0,-15.0,603.0,16622.9355469,1.0,0.0,2932.0,27.5670572917,5.66948688503,-1.0,-1.0,-1.0
670.0,184.0,193.0,-1.0,-1.0,-15.0,584.0,16800.9257813,1.0,0.0,3110.0,28.7687085296,5.40222693932,-1.0,-1.0,-1.0
671.0,184.0,197.0,-1.0,-1.0,1.0,313.0,34000.0,1.0,1.0,340.0,108.626198083,100.0,-1.0,-1.0,3688.198271
672.0,185.0,192.0,-1.0,-1.0,1.0,1810.0,200475.640625,1.0,1.0,2722.0,110.760022445,73.6501251378,-1.0,-1.0,5721.635152
673.0,185.0,267.0,-1.0,-1.0,-15.0,1917.0,144864.984375,1.0,0.0,4689.0,75.568588615,30.894643714,-1.0,-1.0,-1.0
674.0,185.0,269.0,-1.0,-1.0,1.0,598.0,83588.1875,1.0,1.0,671.0,139.779577759,124.572559613,-1.0,-1.0,5284.295018
675.0,186.0,187.0,-1.0,-1.0,-15.0,34.0,9064.99609375,1.0,1.0,2304.0,266.617532169,3.93446011013,-1.0,-1.0,-1.0
676.0,186.0,189.0,-1.0,-1.0,1.0,13.0,9010.0,1.0,1.0,20.0,693.076923077,450.5,-1.0,-1.0,12325.98097
677.0,186.0,190.0,-1.0,-1.0,-15.0,115.0,9143.13671875,1.0,1.0,153.0,79.5055366848,59.7590635212,-1.0,-1.0,-1.0
678.0,187.0,189.0,-1.0,-1.0,1.0,24.0,40.0,1.0,1.0,40.0,1.66666666667,1.0,-1.0,-1.0,76063.66479
679.0,187.0,199.0,-1.0,-1.0,1.0,333.0,364.852813721,1.0,1.0,364.0,1.09565409526,1.00234289484,-1.0,-1.0,22681.29074
680.0,187.0,201.0,-1.0,-1.0,1.0,403.0,444.852813721,1.0,1.0,444.0,1.10385313578,1.00192075162,-1.0,-1.0,14425.05427
681.0,187.0,209.0,-1.0,-1.0,1.0,632.0,3632.25390625,1.0,0.0,662.0,5.74723719343,5.48678837802,-1.0,-1.0,26120.29341
682.0,188.0,191.0,-1.0,-1.0,1.0,37.0,56.5685424805,1.0,1.0,56.0,1.5288795265,1.01015254429,-1.0,-1.0,1468.034007
683.0,188.0,200.0,-1.0,-1.0,-15.0,1183.0,658997.1875,1.0,1.0,15168.0,557.055948859,43.4465445345,-1.0,-1.0,-1.0
684.0,188.0,269.0,-1.0,-1.0,1.0,113.0,133.137084961,1.0,1.0,133.0,1.17820429169,1.00103071399,-1.0,-1.0,2934.033922
685.0,189.0,190.0,-1.0,-1.0,1.0,70.0,84.8528137207,1.0,1.0,84.0,1.21218305315,1.01015254429,-1.0,-1.0,34680.83864
686.0,189.0,193.0,-1.0,-1.0,1.0,252.0,274.558441162,1.0,1.0,274.0,1.08951762366,1.00203810643,-1.0,-1.0,32704.34702
687.0,189.0,199.0,-1.0,-1.0,1.0,277.0,300.0,1.0,1.0,300.0,1.08303249097,1.0,-1.0,-1.0,18488.04286
688.0,190.0,193.0,-1.0,-1.0,1.0,149.0,181.421356201,1.0,1.0,181.0,1.21759299464,1.00232793481,-1.0,-1.0,34147.85337
689.0,191.0,200.0,-1.0,-1.0,-15.0,1172.0,659117.1875,1.0,1.0,15288.0,562.386678754,43.1133691457,-1.0,-1.0,-1.0
690.0,191.0,269.0,-1.0,-1.0,-15.0,201.0,226.274169922,1.0,1.0,226.0,1.12574213892,1.00121314125,-1.0,-1.0,-1.0
691.0,191.0,275.0,-1.0,-1.0,-15.0,2559.0,420809.90625,0.0,1.0,12583.0,164.443105217,33.4427327545,-1.0,-1.0,-1.0
692.0,192.0,194.0,-1.0,-1.0,1.0,293.0,69286.78125,1.0,1.0,376.0,236.473656143,184.273354388,-1.0,-1.0,7117.706271
693.0,192.0,206.0,-1.0,-1.0,1.0,466.0,67206.5703125,1.0,1.0,516.0,144.220107967,130.245291303,-1.0,-1.0,5991.142205
694.0,192.0,267.0,-1.0,-1.0,1.0,523.0,67311.421875,1.0,1.0,621.0,128.702527486,108.391983696,-1.0,-1.0,5981.072339
695.0,192.0,269.0,-1.0,-1.0,-15.0,2324.0,127988.8125,0.0,1.0,4040.0,55.0726387694,31.6803991337,-1.0,-1.0,-1.0
696.0,193.0,197.0,-1.0,-1.0,1.0,467.0,20484.8535156,1.0,0.0,504.0,43.8647826887,40.6445506262,-1.0,-1.0,6126.133259
697.0,193.0,199.0,-1.0,-1.0,1.0,327.0,366.274169922,1.0,1.0,366.0,1.12010449517,1.00074909815,-1.0,-1.0,11714.42185
698.0,193.0,208.0,-1.0,-1.0,1.0,294.0,322.842712402,1.0,1.0,322.0,1.09810446395,1.00261711926,-1.0,-1.0,75832.50955
699.0,194.0,195.0,-1.0,-1.0,1.0,466.0,42598.4179688,1.0,1.0,537.0,91.4129140961,79.3266628842,-1.0,-1.0,7722.141129
700.0,194.0,198.0,-1.0,-1.0,1.0,187.0,19398.5605469,1.0,1.0,277.0,103.735617898,70.0309045014,-1.0,-1.0,12524.86951
701.0,194.0,206.0,-1.0,-1.0,1.0,480.0,66843.8984375,1.0,1.0,547.0,139.258121745,122.20091122,-1.0,-1.0,4147.681669
702.0,195.0,196.0,-1.0,-1.0,1.0,80.0,26939.9921875,1.0,1.0,549.0,336.749902344,49.0710240209,-1.0,-1.0,17883.37775
703.0,195.0,198.0,-1.0,-1.0,1.0,301.0,34115.2109375,1.0,1.0,384.0,113.339571221,88.8416951497,-1.0,-1.0,3982.068754
704.0,195.0,215.0,-1.0,-1.0,1.0,580.0,60711.9023438,1.0,0.0,1100.0,104.675693696,55.1926384944,-1.0,-1.0,5687.68099
705.0,195.0,220.0,-1.0,-1.0,1.0,738.0,46808.4726563,0.0,1.0,1057.0,63.4261147104,44.2842693059,-1.0,-1.0,5765.025334
706.0,196.0,203.0,-1.0,-1.0,1.0,967.0,109175.414063,1.0,0.0,1294.0,112.901152082,84.3704900023,-1.0,-1.0,9838.90453
707.0,196.0,207.0,-1.0,-1.0,1.0,892.0,100232.34375,1.0,0.0,1191.0,112.368098374,84.1581391688,-1.0,-1.0,11009.99582
708.0,196.0,215.0,-1.0,-1.0,1.0,545.0,66843.8359375,1.0,1.0,1052.0,122.649240252,63.5397680014,-1.0,-1.0,2884.05601
709.0,196.0,217.0,-1.0,-1.0,1.0,818.0,82773.3984375,1.0,1.0,1030.0,101.18997364,80.3625227549,-1.0,-1.0,7707.18307
710.0,196.0,220.0,-1.0,-1.0,1.0,756.0,52940.4023438,0.0,1.0,1009.0,70.0269872272,52.468188646,-1.0,-1.0,5442.61384
711.0,196.0,229.0,-1.0,-1.0,1.0,847.0,85085.453125,0.0,1.0,1753.0,100.455080431,48.5370525528,-1.0,-1.0,5469.421689
712.0,197.0,202.0,-1.0,-1.0,1.0,223.0,39455.84375,1.0,1.0,314.0,176.932034753,125.655553344,-1.0,-1.0,12198.51139
713.0,197.0,208.0,-1.0,-1.0,1.0,184.0,20189.7050781,1.0,1.0,209.0,109.726658033,96.6014597038,-1.0,-1.0,5658.838048
714.0,197.0,212.0,-1.0,-1.0,-15.0,505.0,27039.1875,0.0,1.0,709.0,53.5429455446,38.1370768688,-1.0,-1.0,-1.0
715.0,198.0,206.0,-1.0,-1.0,1.0,531.0,63898.0625,1.0,1.0,757.0,120.335334275,84.4095937913,-1.0,-1.0,6523.674283
716.0,198.0,215.0,-1.0,-1.0,1.0,654.0,60774.9882813,1.0,0.0,894.0,92.9281166381,67.9809712319,-1.0,-1.0,7216.198114
717.0,198.0,218.0,-1.0,-1.0,1.0,579.0,55085.6210938,1.0,1.0,764.0,95.1392419582,72.1015982903,-1.0,-1.0,1928.333143
718.0,198.0,220.0,-1.0,-1.0,1.0,659.0,46871.5546875,1.0,1.0,851.0,71.1252726669,55.0782076234,-1.0,-1.0,7434.565861
719.0,198.0,267.0,-1.0,-1.0,-15.0,538.0,64074.6289063,1.0,1.0,934.0,119.097823246,68.6023864093,-1.0,-1.0,-1.0
720.0,199.0,201.0,-1.0,-1.0,1.0,123.0,153.137084961,1.0,1.0,153.0,1.2450169509,1.00089598014,-1.0,-1.0,26698.23063
721.0,199.0,208.0,-1.0,-1.0,1.0,415.0,561.421386719,1.0,1.0,561.0,1.3528226186,1.00075113497,-1.0,-1.0,50030.19924
722.0,199.0,216.0,-1.0,-1.0,-15.0,448.0,8576.265625,1.0,1.0,995.0,19.1434500558,8.61936243719,-1.0,-1.0,-1.0
723.0,200.0,204.0,-1.0,-1.0,1.0,715.0,184679.03125,1.0,1.0,822.0,258.292351399,224.670354319,-1.0,-1.0,3222.222142
724.0,200.0,205.0,-1.0,-1.0,1.0,701.0,183082.328125,1.0,1.0,887.0,261.173078638,206.406232384,-1.0,-1.0,3200.328575
725.0,200.0,269.0,-1.0,-1.0,1.0,1234.0,636604.6875,1.0,1.0,5219.0,515.887104943,121.978288465,-1.0,-1.0,6960.925776
726.0,200.0,275.0,-1.0,-1.0,1.0,1552.0,237814.171875,1.0,1.0,2211.0,153.230780847,107.559553087,-1.0,-1.0,3371.932013
727.0,200.0,403.0,-1.0,-1.0,-15.0,2646.0,778274.875,1.0,0.0,8121.0,294.13260582,95.8348571604,-1.0,-1.0,-1.0
728.0,201.0,209.0,-1.0,-1.0,1.0,364.0,3410.0,1.0,1.0,440.0,9.36813186813,7.75,-1.0,-1.0,26108.65704
729.0,201.0,210.0,-1.0,-1.0,-15.0,441.0,11694.8525391,1.0,1.0,804.0,26.518939998,14.5458364914,-1.0,-1.0,-1.0
730.0,201.0,213.0,-1.0,-1.0,-15.0,715.0,19558.1328125,0.0,1.0,917.0,27.3540319056,21.3283891085,-1.0,-1.0,-1.0
731.0,201.0,216.0,-1.0,-1.0,-15.0,465.0,8683.12890625,1.0,1.0,1102.0,18.6733954973,7.87942731965,-1.0,-1.0,-1.0
732.0,201.0,221.0,-1.0,-1.0,1.0,2044.0,76667.7578125,0.0,1.0,2405.0,37.5086877752,31.8784855769,-1.0,-1.0,4314.304924
733.0,201.0,226.0,-1.0,-1.0,1.0,1144.0,60254.9140625,0.0,1.0,1774.0,52.6703794253,33.9655659879,-1.0,-1.0,15142.96003
734.0,201.0,227.0,-1.0,-1.0,1.0,1960.0,84288.8359375,0.0,1.0,2487.0,43.0045081314,33.8917715873,-1.0,-1.0,5855.221999
735.0,202.0,208.0,-1.0,-1.0,-15.0,354.0,60313.7617188,1.0,0.0,612.0,170.377857963,98.5518982333,-1.0,-1.0,-1.0
736.0,202.0,212.0,-1.0,-1.0,-15.0,535.0,67163.2421875,1.0,1.0,1111.0,125.538770444,60.4529632651,-1.0,-1.0,-1.0
737.0,202.0,281.0,-1.0,-1.0,-15.0,1669.0,156752.6875,0.0,1.0,2788.0,93.9201243259,56.2240629484,-1.0,-1.0,-1.0
738.0,202.0,292.0,-1.0,-1.0,-15.0,1625.0,151887.6875,1.0,0.0,2703.0,93.4693461538,56.192263226,-1.0,-1.0,-1.0
739.0,202.0,297.0,-1.0,-1.0,-15.0,1766.0,161939.25,1.0,0.0,3024.0,91.6983295583,53.5513392857,-1.0,-1.0,-1.0
740.0,202.0,443.0,-1.0,-1.0,1.0,3502.0,343124.53125,1.0,0.0,3987.0,97.9795920188,86.0608305117,-1.0,-1.0,22869.70954
741.0,202.0,444.0,-1.0,-1.0,-15.0,3598.0,356954.5,1.0,0.0,4297.0,99.2091439689,83.0706306726,-1.0,-1.0,-1.0
742.0,203.0,207.0,-1.0,-1.0,1.0,65.0,7656.85449219,1.0,1.0,76.0,117.797761418,100.748085424,-1.0,-1.0,7398.413358
743.0,203.0,211.0,-1.0,-1.0,1.0,1720.0,157470.125,1.0,1.0,1899.0,91.5523982558,82.9226566614,-1.0,-1.0,9063.040228
744.0,203.0,222.0,-1.0,-1.0,1.0,1539.0,162558.75,1.0,1.0,1715.0,105.626218324,94.7864431487,-1.0,-1.0,8697.308531
745.0,203.0,228.0,-1.0,-1.0,1.0,1544.0,163872.453125,1.0,0.0,1728.0,106.135008501,94.8335955584,-1.0,-1.0,8628.305929
746.0,203.0,478.0,-1.0,-1.0,-15.0,3730.0,132065.28125,0.0,1.0,4323.0,35.406241622,30.5494520588,-1.0,-1.0,-1.0
747.0,204.0,205.0,-1.0,-1.0,1.0,13.0,2000.0,1.0,1.0,20.0,153.846153846,100.0,-1.0,-1.0,7691.26674
748.0,204.0,240.0,-1.0,-1.0,-15.0,1021.0,100984.960938,1.0,1.0,1238.0,98.9078951401,81.5710508384,-1.0,-1.0,-1.0
749.0,204.0,244.0,-1.0,-1.0,1.0,905.0,90888.390625,1.0,1.0,1042.0,100.429160912,87.2249430182,-1.0,-1.0,8238.316731
750.0,204.0,275.0,-1.0,-1.0,-15.0,1274.0,123044.242188,0.0,1.0,1658.0,96.5810378242,74.2124500531,-1.0,-1.0,-1.0
751.0,205.0,244.0,-1.0,-1.0,-15.0,901.0,94916.671875,1.0,0.0,1110.0,105.34591773,85.5105152027,-1.0,-1.0,-1.0
752.0,205.0,275.0,-1.0,-1.0,1.0,1211.0,119977.679688,1.0,1.0,1562.0,99.0732284789,76.8102942945,-1.0,-1.0,5954.983452
753.0,206.0,267.0,-1.0,-1.0,1.0,1.0,116.56854248,1.0,1.0,116.0,116.56854248,1.00490122828,-1.0,-1.0,11473.47852
754.0,207.0,217.0,-1.0,-1.0,1.0,259.0,28655.7011719,1.0,1.0,314.0,110.639772864,91.260194815,-1.0,-1.0,17786.19926
755.0,207.0,228.0,-1.0,-1.0,1.0,1562.0,167682.03125,1.0,0.0,1718.0,107.350852273,97.6030449651,-1.0,-1.0,8258.952954
756.0,207.0,229.0,-1.0,-1.0,-15.0,543.0,47131.1875,1.0,1.0,589.0,86.797767035,80.0189940577,-1.0,-1.0,-1.0
757.0,207.0,285.0,-1.0,-1.0,1.0,1798.0,131747.296875,1.0,0.0,2676.0,73.2743586624,49.2329211043,-1.0,-1.0,10309.62802
758.0,207.0,478.0,-1.0,-1.0,1.0,3582.0,122311.851563,0.0,1.0,4130.0,34.1462455508,29.6154604269,-1.0,-1.0,13515.48659
759.0,208.0,212.0,-1.0,-1.0,1.0,73.0,6438.35546875,1.0,1.0,88.0,88.1966502568,73.1631303267,-1.0,-1.0,1468.000255
760.0,208.0,216.0,-1.0,-1.0,1.0,69.0,7685.13867188,1.0,1.0,104.0,111.378821332,73.8955641527,-1.0,-1.0,125760.0565
761.0,209.0,210.0,-1.0,-1.0,1.0,53.0,6000.0,1.0,1.0,60.0,113.20754717,100.0,-1.0,-1.0,31643.05382
762.0,209.0,213.0,-1.0,-1.0,1.0,136.0,14856.7109375,1.0,1.0,176.0,109.240521599,84.4131303267,-1.0,-1.0,15854.24685
763.0,209.0,214.0,-1.0,-1.0,1.0,115.0,11913.6367188,1.0,1.0,133.0,103.596841033,89.5762159308,-1.0,-1.0,19953.42418
764.0,209.0,219.0,-1.0,-1.0,1.0,86.0,10438.3554688,1.0,1.0,128.0,121.376226381,81.5496521,-1.0,-1.0,41316.78401
765.0,209.0,221.0,-1.0,-1.0,1.0,1480.0,79277.7578125,1.0,0.0,2045.0,53.566052576,38.7666297372,-1.0,-1.0,4348.669947
766.0,210.0,216.0,-1.0,-1.0,-15.0,682.0,20377.9804688,1.0,1.0,1907.0,29.8797367578,10.6858838326,-1.0,-1.0,-1.0
767.0,210.0,219.0,-1.0,-1.0,1.0,72.0,8000.0,1.0,1.0,80.0,111.111111111,100.0,-1.0,-1.0,31339.87421
768.0,211.0,222.0,-1.0,-1.0,1.0,389.0,42277.34375,1.0,1.0,486.0,108.682117609,86.9904192387,-1.0,-1.0,2238.128026
769.0,211.0,223.0,-1.0,-1.0,1.0,222.0,39373.7070313,1.0,1.0,453.0,177.359040682,86.9176755658,-1.0,-1.0,5007.751487
770.0,211.0,253.0,-1.0,-1.0,1.0,3130.0,227154.875,1.0,0.0,3791.0,72.573442492,59.919513321,-1.0,-1.0,4610.18656
771.0,212.0,216.0,-1.0,-1.0,-15.0,138.0,14143.4941406,1.0,1.0,213.0,102.489087975,66.4013809418,-1.0,-1.0,-1.0
772.0,212.0,281.0,-1.0,-1.0,-15.0,1348.0,102477.867188,0.0,1.0,1864.0,76.0221566677,54.9773965601,-1.0,-1.0,-1.0
773.0,212.0,292.0,-1.0,-1.0,-15.0,1289.0,97612.8671875,1.0,1.0,1779.0,75.727592853,54.8695150014,-1.0,-1.0,-1.0
774.0,213.0,214.0,-1.0,-1.0,1.0,72.0,9085.20996094,1.0,1.0,104.0,126.18347168,87.357788086,-1.0,-1.0,2517.760564
775.0,213.0,221.0,-1.0,-1.0,-15.0,1319.0,95397.6015625,1.0,0.0,2495.0,72.3257024735,38.2355116483,-1.0,-1.0,-1.0
776.0,213.0,225.0,-1.0,-1.0,-15.0,301.0,30535.4863281,1.0,1.0,454.0,101.446798432,67.2587804584,-1.0,-1.0,-1.0
777.0,213.0,226.0,-1.0,-1.0,1.0,413.0,41026.3359375,1.0,1.0,424.0,99.3373751513,96.7602262677,-1.0,-1.0,15184.11438
778.0,214.0,219.0,-1.0,-1.0,1.0,93.0,10256.7832031,1.0,1.0,116.0,110.287991431,88.4205448543,-1.0,-1.0,20661.61726
779.0,214.0,225.0,-1.0,-1.0,-15.0,228.0,21450.2773438,1.0,1.0,349.0,94.0801637886,61.462112733,-1.0,-1.0,-1.0
780.0,215.0,217.0,-1.0,-1.0,-15.0,523.0,67005.6015625,1.0,0.0,1323.0,128.117785014,50.6467131992,-1.0,-1.0,-1.0
781.0,215.0,220.0,-1.0,-1.0,1.0,315.0,32096.5683594,1.0,1.0,416.0,101.893867808,77.1552124024,-1.0,-1.0,3965.466786
782.0,215.0,229.0,-1.0,-1.0,1.0,391.0,47821.9023438,1.0,1.0,920.0,122.306655611,51.9803286346,-1.0,-1.0,12931.60811
783.0,216.0,219.0,-1.0,-1.0,-15.0,697.0,23806.3378906,1.0,1.0,1955.0,34.1554345633,12.1771549313,-1.0,-1.0,-1.0
784.0,216.0,235.0,-1.0,-1.0,1.0,733.0,29743.2617188,0.0,1.0,892.0,40.5774375427,33.3444638103,-1.0,-1.0,14032.10818
785.0,216.0,239.0,-1.0,-1.0,1.0,615.0,37561.1914063,1.0,1.0,700.0,61.0751079777,53.6588448661,-1.0,-1.0,18063.00585
786.0,216.0,249.0,-1.0,-1.0,1.0,741.0,48046.4726563,1.0,1.0,805.0,64.8400440706,59.6850592004,-1.0,-1.0,22980.0211
787.0,216.0,274.0,-1.0,-1.0,1.0,1154.0,86990.046875,0.0,1.0,1309.0,75.3813231153,66.4553452063,-1.0,-1.0,29662.47944
788.0,216.0,292.0,-1.0,-1.0,1.0,1163.0,83336.234375,1.0,1.0,1433.0,71.6562634351,58.1550833043,-1.0,-1.0,45763.62897
789.0,217.0,229.0,-1.0,-1.0,1.0,184.0,18398.9179688,1.0,1.0,197.0,99.9941193957,93.3955226843,-1.0,-1.0,10903.05275
790.0,218.0,220.0,-1.0,-1.0,1.0,356.0,43980.5625,1.0,1.0,449.0,123.540905899,97.9522550111,-1.0,-1.0,8470.1835
791.0,218.0,267.0,-1.0,-1.0,1.0,32.0,40020.0,1.0,1.0,60.0,1250.625,667.0,-1.0,-1.0,9465.988551
792.0,219.0,225.0,-1.0,-1.0,1.0,60.0,8485.28125,1.0,1.0,84.0,141.421354167,101.015252976,-1.0,-1.0,41875.01015
793.0,219.0,231.0,-1.0,-1.0,1.0,227.0,24485.28125,1.0,1.0,244.0,107.86467511,100.34951332,-1.0,-1.0,27483.77387
794.0,219.0,235.0,-1.0,-1.0,1.0,356.0,37112.6992188,1.0,1.0,371.0,104.249155109,100.0342297,-1.0,-1.0,23823.70002
795.0,219.0,239.0,-1.0,-1.0,-15.0,552.0,61500.6640625,1.0,0.0,2789.0,111.41424649,22.0511524068,-1.0,-1.0,-1.0
796.0,220.0,229.0,-1.0,-1.0,1.0,639.0,45726.6953125,1.0,1.0,875.0,71.559773572,52.2590803571,-1.0,-1.0,15325.83774
797.0,220.0,251.0,-1.0,-1.0,1.0,619.0,62524.765625,1.0,1.0,1084.0,101.009314418,57.6796730858,-1.0,-1.0,4732.832163
798.0,220.0,258.0,-1.0,-1.0,1.0,746.0,57018.328125,1.0,1.0,1037.0,76.4320752346,54.9839229749,-1.0,-1.0,4035.227118
799.0,220.0,267.0,-1.0,-1.0,-15.0,429.0,68061.1875,1.0,1.0,1300.0,158.650786713,52.3547596154,-1.0,-1.0,-1.0
800.0,220.0,294.0,-1.0,-1.0,-15.0,1125.0,75484.03125,0.0,1.0,2783.0,67.0969166667,27.1232595221,-1.0,-1.0,-1.0
801.0,220.0,353.0,-1.0,-1.0,1.0,1379.0,119137.53125,0.0,1.0,1715.0,86.3941488397,69.4679482507,-1.0,-1.0,4319.346765
802.0,220.0,478.0,-1.0,-1.0,-15.0,3756.0,163217.609375,0.0,1.0,4924.0,43.4551675652,33.147361774,-1.0,-1.0,-1.0
803.0,221.0,224.0,-1.0,-1.0,1.0,215.0,23913.6367188,1.0,1.0,253.0,111.226217297,94.5203032364,-1.0,-1.0,14399.38987
804.0,221.0,226.0,-1.0,-1.0,1.0,987.0,106751.320313,1.0,0.0,1318.0,108.157366072,80.9949319522,-1.0,-1.0,8410.689714
805.0,221.0,227.0,-1.0,-1.0,1.0,148.0,15570.4912109,1.0,1.0,169.0,105.206021695,92.1330840882,-1.0,-1.0,18355.05864
806.0,221.0,230.0,-1.0,-1.0,1.0,180.0,21313.7089844,1.0,1.0,213.0,118.409494358,100.064361429,-1.0,-1.0,4476.666388
807.0,222.0,223.0,-1.0,-1.0,1.0,285.0,31656.8535156,1.0,1.0,316.0,111.076679002,100.179916189,-1.0,-1.0,5938.017046
808.0,222.0,228.0,-1.0,-1.0,1.0,19.0,6828.42724609,1.0,1.0,68.0,359.390907689,100.418047737,-1.0,-1.0,3497.286936
809.0,222.0,478.0,-1.0,-1.0,1.0,3151.0,156315.765625,0.0,1.0,4763.0,49.6083039115,32.8187624659,-1.0,-1.0,3112.388646
810.0,223.0,228.0,-1.0,-1.0,1.0,254.0,30142.1347656,1.0,1.0,301.0,118.669821912,100.13998261,-1.0,-1.0,6089.661161
811.0,223.0,253.0,-1.0,-1.0,1.0,2898.0,191973.09375,1.0,1.0,3329.0,66.2433035714,57.6668950886,-1.0,-1.0,4540.881407
812.0,223.0,286.0,-1.0,-1.0,1.0,1110.0,175026.328125,1.0,1.0,1224.0,157.681376689,142.995366115,-1.0,-1.0,2880.784231
813.0,223.0,288.0,-1.0,-1.0,1.0,1097.0,191342.5625,1.0,1.0,1251.0,174.423484503,152.951688649,-1.0,-1.0,2309.753922
814.0,223.0,290.0,-1.0,-1.0,1.0,1841.0,260824.140625,1.0,0.0,2037.0,141.67525292,128.043269821,-1.0,-1.0,3338.598055
815.0,223.0,305.0,-1.0,-1.0,1.0,1225.0,185452.75,1.0,1.0,1328.0,151.39,139.64815512,-1.0,-1.0,3240.754103
816.0,224.0,230.0,-1.0,-1.0,1.0,175.0,18970.5625,1.0,1.0,189.0,108.403214286,100.373346561,-1.0,-1.0,17816.74351
817.0,224.0,237.0,-1.0,-1.0,1.0,279.0,31570.4921875,1.0,1.0,329.0,113.155885977,95.9589428191,-1.0,-1.0,13901.70264
818.0,224.0,250.0,-1.0,-1.0,1.0,526.0,80769.5546875,1.0,1.0,614.0,153.554286478,131.546506006,-1.0,-1.0,7406.987299
819.0,224.0,359.0,-1.0,-1.0,-15.0,2858.0,826124.0,0.0,1.0,12314.0,289.056682995,67.0881923014,-1.0,-1.0,-1.0
820.0,224.0,422.0,-1.0,-1.0,-15.0,2403.0,654089.375,0.0,1.0,10662.0,272.196993342,61.3477185331,-1.0,-1.0,-1.0
821.0,225.0,226.0,-1.0,-1.0,1.0,354.0,36438.3554688,1.0,1.0,388.0,102.933207539,93.9132872907,-1.0,-1.0,2934.462406
822.0,225.0,231.0,-1.0,-1.0,1.0,147.0,16142.1357422,1.0,1.0,161.0,109.810447226,100.261712684,-1.0,-1.0,21041.03606
823.0,225.0,232.0,-1.0,-1.0,1.0,159.0,16970.5625,1.0,1.0,169.0,106.733097484,100.417529586,-1.0,-1.0,20489.10705
824.0,226.0,227.0,-1.0,-1.0,1.0,861.0,96447.765625,1.0,1.0,1055.0,112.01831083,91.4196830569,-1.0,-1.0,6882.969754
825.0,226.0,232.0,-1.0,-1.0,1.0,267.0,29570.4921875,1.0,1.0,309.0,110.750907069,95.6973857201,-1.0,-1.0,10463.40452
826.0,226.0,233.0,-1.0,-1.0,1.0,153.0,17570.4921875,1.0,1.0,189.0,114.839818219,92.9655671296,-1.0,-1.0,18219.9434
827.0,226.0,236.0,-1.0,-1.0,1.0,149.0,17428.3554688,1.0,1.0,188.0,116.96882865,92.7040184511,-1.0,-1.0,17379.11682
828.0,226.0,247.0,-1.0,-1.0,-15.0,273.0,29685.1386719,0.0,1.0,324.0,108.736771692,91.6207983701,-1.0,-1.0,-1.0
829.0,227.0,230.0,-1.0,-1.0,1.0,209.0,23085.2089844,1.0,1.0,244.0,110.45554538,94.6115122311,-1.0,-1.0,11941.09213
830.0,227.0,236.0,-1.0,-1.0,1.0,871.0,89504.125,1.0,0.0,942.0,102.760189437,95.0149946921,-1.0,-1.0,10314.65819
831.0,227.0,237.0,-1.0,-1.0,1.0,259.0,26884.1992188,1.0,1.0,282.0,103.799996984,95.334039783,-1.0,-1.0,8260.032262
832.0,227.0,246.0,-1.0,-1.0,1.0,308.0,60797.8359375,1.0,1.0,409.0,197.395571226,148.649965617,-1.0,-1.0,4804.716905
833.0,227.0,247.0,-1.0,-1.0,1.0,844.0,89074.6171875,0.0,1.0,952.0,105.538645957,93.5657743566,-1.0,-1.0,11854.45957
834.0,227.0,254.0,-1.0,-1.0,1.0,478.0,59996.8984375,1.0,1.0,613.0,125.516523928,97.8742225734,-1.0,-1.0,8443.922962
835.0,228.0,285.0,-1.0,-1.0,1.0,1091.0,152197.90625,1.0,1.0,1355.0,139.503122136,112.323178044,-1.0,-1.0,1396.774842
836.0,228.0,286.0,-1.0,-1.0,1.0,1145.0,183519.671875,0.0,1.0,1305.0,160.27918941,140.628101054,-1.0,-1.0,3556.11318
837.0,228.0,288.0,-1.0,-1.0,1.0,1020.0,179026.328125,1.0,1.0,1464.0,175.516007966,122.285743255,-1.0,-1.0,3277.680197
838.0,228.0,289.0,-1.0,-1.0,1.0,973.0,161026.328125,1.0,1.0,1284.0,165.494684609,125.40991287,-1.0,-1.0,3402.939713
839.0,228.0,478.0,-1.0,-1.0,1.0,3058.0,151601.984375,0.0,1.0,4730.0,49.5755344588,32.0511594873,-1.0,-1.0,3147.507105
840.0,229.0,258.0,-1.0,-1.0,1.0,1095.0,88937.171875,1.0,0.0,1258.0,81.2211615297,70.6972749404,-1.0,-1.0,9839.907506
841.0,229.0,285.0,-1.0,-1.0,1.0,1717.0,126846.359375,1.0,0.0,2514.0,73.8767381334,50.4559902049,-1.0,-1.0,15568.86461
842.0,229.0,353.0,-1.0,-1.0,1.0,1538.0,151056.375,1.0,0.0,1936.0,98.2161085826,78.0249870868,-1.0,-1.0,2671.773656
843.0,229.0,478.0,-1.0,-1.0,1.0,3216.0,117410.914063,0.0,1.0,3968.0,36.5083688007,29.5894440683,-1.0,-1.0,19314.52875
844.0,230.0,237.0,-1.0,-1.0,1.0,106.0,12000.0,1.0,1.0,120.0,113.20754717,100.0,-1.0,-1.0,9673.439658
845.0,231.0,232.0,-1.0,-1.0,1.0,180.0,20000.0,1.0,1.0,200.0,111.111111111,100.0,-1.0,-1.0,4106.028912
846.0,231.0,235.0,-1.0,-1.0,1.0,165.0,17656.8535156,1.0,1.0,176.0,107.011233428,100.323031339,-1.0,-1.0,13442.89373
847.0,231.0,241.0,-1.0,-1.0,-15.0,252.0,34485.28125,1.0,0.0,344.0,136.846354167,100.24791061,-1.0,-1.0,-1.0
848.0,231.0,242.0,-1.0,-1.0,1.0,166.0,18142.1347656,1.0,1.0,181.0,109.289968467,100.23278876,-1.0,-1.0,20715.63532
849.0,231.0,248.0,-1.0,-1.0,1.0,310.0,34000.0,1.0,1.0,340.0,109.677419355,100.0,-1.0,-1.0,16194.5022
850.0,232.0,233.0,-1.0,-1.0,1.0,133.0,16485.28125,1.0,1.0,164.0,123.949483083,100.520007622,-1.0,-1.0,3853.4988
851.0,232.0,241.0,-1.0,-1.0,1.0,49.0,11656.8544922,1.0,1.0,116.0,237.894989637,100.490124933,-1.0,-1.0,16090.75456
852.0,232.0,248.0,-1.0,-1.0,1.0,364.0,37457.203125,0.0,1.0,446.0,102.90440419,83.98476037,-1.0,-1.0,15363.34556
853.0,233.0,236.0,-1.0,-1.0,1.0,114.0,15656.8544922,1.0,1.0,156.0,137.340828879,100.364451873,-1.0,-1.0,3826.829471
854.0,233.0,241.0,-1.0,-1.0,1.0,90.0,11656.8544922,1.0,1.0,116.0,129.520605469,100.490124933,-1.0,-1.0,13486.3934
855.0,233.0,243.0,-1.0,-1.0,1.0,171.0,20000.0,1.0,1.0,200.0,116.959064327,100.0,-1.0,-1.0,8078.470806
856.0,234.0,253.0,-1.0,-1.0,1.0,1700.0,106155.171875,1.0,1.0,2305.0,62.44421875,46.0543045011,-1.0,-1.0,2538.805878
857.0,234.0,291.0,-1.0,-1.0,1.0,1198.0,131168.953125,1.0,1.0,2478.0,109.489944178,52.9333951271,-1.0,-1.0,837.3840287
858.0,234.0,330.0,-1.0,-1.0,1.0,1320.0,92026.8125,1.0,1.0,2176.0,69.717282197,42.2917336857,-1.0,-1.0,1368.273562
859.0,234.0,525.0,-1.0,-1.0,1.0,3730.0,226069.390625,1.0,0.0,5768.0,60.6084157172,39.1937223691,-1.0,-1.0,1526.729841
860.0,235.0,238.0,-1.0,-1.0,1.0,51.0,6000.0,1.0,1.0,60.0,117.647058824,100.0,-1.0,-1.0,25646.84809
861.0,235.0,239.0,-1.0,-1.0,1.0,206.0,28627.4179688,1.0,1.0,286.0,138.968048392,100.095867024,-1.0,-1.0,11038.92102
862.0,235.0,242.0,-1.0,-1.0,1.0,92.0,11313.7089844,1.0,1.0,113.0,122.975097657,100.121318446,-1.0,-1.0,13553.94534
863.0,236.0,243.0,-1.0,-1.0,1.0,173.0,18742.0644531,1.0,1.0,201.0,108.335632677,93.2441017567,-1.0,-1.0,9801.142428
864.0,236.0,247.0,-1.0,-1.0,1.0,95.0,10256.7832031,1.0,1.0,116.0,107.96613898,88.4205448543,-1.0,-1.0,16766.78959
865.0,236.0,254.0,-1.0,-1.0,-15.0,630.0,66653.5625,1.0,0.0,833.0,105.799305556,80.0162815126,-1.0,-1.0,-1.0
866.0,237.0,246.0,-1.0,-1.0,1.0,264.0,47685.1367188,1.0,1.0,344.0,180.625517874,138.619583485,-1.0,-1.0,8792.597332
867.0,237.0,250.0,-1.0,-1.0,1.0,388.0,67980.5625,1.0,1.0,529.0,175.207635309,128.507679584,-1.0,-1.0,2956.484619
868.0,237.0,252.0,-1.0,-1.0,1.0,259.0,43570.4921875,1.0,1.0,289.0,168.225838562,150.762948746,-1.0,-1.0,6724.769612
869.0,238.0,239.0,-1.0,-1.0,1.0,193.0,24485.28125,1.0,1.0,244.0,126.866742228,100.34951332,-1.0,-1.0,7345.929561
870.0,238.0,242.0,-1.0,-1.0,1.0,38.0,4828.42724609,1.0,1.0,48.0,127.063874897,100.592234294,-1.0,-1.0,3102.504091
871.0,238.0,245.0,-1.0,-1.0,1.0,84.0,10000.0,1.0,1.0,100.0,119.047619048,100.0,-1.0,-1.0,19803.77653
872.0,239.0,245.0,-1.0,-1.0,1.0,236.0,26970.5625,1.0,1.0,269.0,114.282044492,100.262314126,-1.0,-1.0,3186.041285
873.0,239.0,249.0,-1.0,-1.0,1.0,110.0,14000.0,1.0,1.0,140.0,127.272727273,100.0,-1.0,-1.0,33678.86446
874.0,240.0,244.0,-1.0,-1.0,1.0,81.0,9010.0,1.0,1.0,100.0,111.234567901,90.1,-1.0,-1.0,32128.77304
875.0,240.0,265.0,-1.0,-1.0,1.0,580.0,11357.3925781,0.0,1.0,807.0,19.5817113416,14.0735967511,-1.0,-1.0,28064.96786
876.0,240.0,273.0,-1.0,-1.0,1.0,359.0,71410.6875,1.0,1.0,462.0,198.915564067,154.568587662,-1.0,-1.0,8714.31662
877.0,241.0,243.0,-1.0,-1.0,1.0,41.0,6000.0,1.0,1.0,60.0,146.341463415,100.0,-1.0,-1.0,5938.001052
878.0,241.0,248.0,-1.0,-1.0,1.0,288.0,38460.2773438,1.0,1.0,369.0,133.542629666,104.228393886,-1.0,-1.0,11532.76963
879.0,241.0,259.0,-1.0,-1.0,1.0,261.0,27428.3554688,1.0,1.0,288.0,105.089484555,95.2373453778,-1.0,-1.0,17933.74937
880.0,242.0,245.0,-1.0,-1.0,1.0,66.0,8485.28125,1.0,1.0,84.0,128.564867424,101.015252976,-1.0,-1.0,23435.73989
881.0,242.0,248.0,-1.0,-1.0,1.0,163.0,18970.5625,1.0,1.0,189.0,116.383819018,100.373346561,-1.0,-1.0,11079.35514
882.0,243.0,247.0,-1.0,-1.0,1.0,100.0,9428.35546875,1.0,1.0,108.0,94.2835546875,87.2995876736,-1.0,-1.0,6711.198153
883.0,243.0,259.0,-1.0,-1.0,1.0,237.0,25685.1386719,1.0,1.0,284.0,108.37611254,90.4406291264,-1.0,-1.0,19256.80411
884.0,244.0,265.0,-1.0,-1.0,1.0,437.0,10534.6210938,1.0,1.0,564.0,24.1066844252,18.6784061947,-1.0,-1.0,4390.617629
885.0,244.0,273.0,-1.0,-1.0,1.0,434.0,71075.609375,1.0,0.0,707.0,163.768685196,100.5312721,-1.0,-1.0,7132.236085
886.0,244.0,275.0,-1.0,-1.0,1.0,479.0,31962.9765625,1.0,1.0,632.0,66.7285523225,50.574330004,-1.0,-1.0,21699.3056
887.0,245.0,248.0,-1.0,-1.0,1.0,166.0,17656.8535156,1.0,1.0,176.0,106.366587443,100.323031339,-1.0,-1.0,3148.154313
888.0,245.0,249.0,-1.0,-1.0,1.0,207.0,24256.7832031,1.0,1.0,256.0,117.182527551,94.7530593871,-1.0,-1.0,18721.89071
889.0,245.0,255.0,-1.0,-1.0,1.0,169.0,18142.1347656,1.0,1.0,181.0,107.349909856,100.23278876,-1.0,-1.0,9492.453674
890.0,245.0,264.0,-1.0,-1.0,1.0,287.0,30828.4277344,1.0,1.0,308.0,107.41612451,100.092297839,-1.0,-1.0,19523.80392
891.0,246.0,252.0,-1.0,-1.0,1.0,410.0,59913.6367188,1.0,1.0,453.0,146.130821265,132.259683706,-1.0,-1.0,5253.341359
892.0,246.0,254.0,-1.0,-1.0,1.0,133.0,15313.7089844,1.0,1.0,153.0,115.140669056,100.089601205,-1.0,-1.0,19694.61015
893.0,246.0,260.0,-1.0,-1.0,-15.0,302.0,48008.8476563,1.0,0.0,357.0,158.969694226,134.478564864,-1.0,-1.0,-1.0
894.0,246.0,263.0,-1.0,-1.0,1.0,405.0,84398.921875,1.0,1.0,537.0,208.392399691,157.167452281,-1.0,-1.0,3211.348588
895.0,247.0,254.0,-1.0,-1.0,1.0,518.0,56256.78125,1.0,1.0,576.0,108.603824807,97.6680230035,-1.0,-1.0,11455.48365
896.0,247.0,259.0,-1.0,-1.0,1.0,219.0,23227.3457031,1.0,1.0,246.0,106.060939284,94.4201044841,-1.0,-1.0,22315.54866
897.0,247.0,260.0,-1.0,-1.0,1.0,568.0,80884.203125,1.0,0.0,662.0,142.401766065,122.181575718,-1.0,-1.0,2580.780205
898.0,247.0,271.0,-1.0,-1.0,1.0,506.0,83827.2734375,1.0,1.0,706.0,165.666548295,118.735514784,-1.0,-1.0,7004.453822
899.0,247.0,277.0,-1.0,-1.0,1.0,496.0,103772.0625,1.0,0.0,601.0,209.217867944,172.665661398,-1.0,-1.0,7809.59648
900.0,248.0,255.0,-1.0,-1.0,1.0,18.0,3010.0,1.0,1.0,40.0,167.222222222,75.25,-1.0,-1.0,51492.51327
901.0,248.0,257.0,-1.0,-1.0,-15.0,106.0,7306.78271484,1.0,1.0,136.0,68.9319124042,53.7263434915,-1.0,-1.0,-1.0
902.0,248.0,259.0,-1.0,-1.0,-15.0,334.0,51906.7109375,1.0,1.0,436.0,155.409314184,119.052089306,-1.0,-1.0,-1.0
903.0,248.0,272.0,-1.0,-1.0,-15.0,285.0,26277.3457031,0.0,1.0,326.0,92.2012129933,80.6053549175,-1.0,-1.0,-1.0
904.0,249.0,264.0,-1.0,-1.0,1.0,355.0,36541.0546875,1.0,1.0,379.0,102.932548415,96.4143923153,-1.0,-1.0,6354.418305
905.0,249.0,274.0,-1.0,-1.0,1.0,490.0,81570.4921875,1.0,1.0,669.0,166.470392219,121.928986827,-1.0,-1.0,18632.3721
906.0,249.0,287.0,-1.0,-1.0,1.0,520.0,69010.0,1.0,1.0,540.0,132.711538462,127.796296296,-1.0,-1.0,27095.87078
907.0,249.0,292.0,-1.0,-1.0,1.0,727.0,112864.609375,1.0,0.0,842.0,155.247055536,134.043479068,-1.0,-1.0,24538.43871
908.0,250.0,252.0,-1.0,-1.0,1.0,192.0,52284.2695313,1.0,1.0,522.0,272.313903809,100.161435884,-1.0,-1.0,2396.489963
909.0,250.0,256.0,-1.0,-1.0,1.0,195.0,55313.7070313,1.0,1.0,233.0,283.660036058,237.397884255,-1.0,-1.0,2572.442725
910.0,250.0,262.0,-1.0,-1.0,1.0,208.0,59313.7070313,1.0,1.0,273.0,285.162053035,217.266326122,-1.0,-1.0,2590.900645
911.0,250.0,263.0,-1.0,-1.0,1.0,347.0,87455.84375,0.0,1.0,394.0,252.034131844,221.969146574,-1.0,-1.0,2561.680906
912.0,250.0,359.0,-1.0,-1.0,-15.0,2421.0,872548.1875,1.0,0.0,8295.0,360.408173276,105.189654913,-1.0,-1.0,-1.0
913.0,250.0,364.0,-1.0,-1.0,-15.0,2394.0,871091.5625,1.0,0.0,8238.0,363.864478906,105.740660658,-1.0,-1.0,-1.0
914.0,250.0,422.0,-1.0,-1.0,-15.0,1845.0,700513.5625,1.0,1.0,6643.0,379.682147696,105.451386798,-1.0,-1.0,-1.0
915.0,251.0,258.0,-1.0,-1.0,1.0,81.0,10666.8544922,1.0,1.0,116.0,131.689561632,91.9556421741,-1.0,-1.0,7788.262365
916.0,251.0,267.0,-1.0,-1.0,1.0,45.0,41010.0,1.0,1.0,60.0,911.333333333,683.5,-1.0,-1.0,11432.12351
917.0,252.0,256.0,-1.0,-1.0,1.0,47.0,8828.42675781,1.0,1.0,88.0,187.838867187,100.323031339,-1.0,-1.0,3765.837417
918.0,252.0,263.0,-1.0,-1.0,1.0,201.0,39313.7070313,1.0,1.0,233.0,195.590582245,168.728356358,-1.0,-1.0,3028.098201
919.0,253.0,280.0,-1.0,-1.0,1.0,496.0,109455.84375,1.0,1.0,554.0,220.677104335,197.573725181,-1.0,-1.0,2234.129852
920.0,253.0,283.0,-1.0,-1.0,1.0,524.0,114482.976563,1.0,1.0,680.0,218.478962906,168.357318475,-1.0,-1.0,2145.553271
921.0,253.0,290.0,-1.0,-1.0,1.0,1428.0,127546.8125,1.0,1.0,2167.0,89.3184961485,58.8587044301,-1.0,-1.0,1700.713321
922.0,253.0,291.0,-1.0,-1.0,1.0,865.0,132953.96875,1.0,1.0,1573.0,153.704010116,84.5225484743,-1.0,-1.0,2108.991394
923.0,253.0,305.0,-1.0,-1.0,1.0,2340.0,199797.671875,0.0,1.0,3005.0,85.3836204594,66.4884099418,-1.0,-1.0,2230.244143
924.0,253.0,318.0,-1.0,-1.0,-15.0,1967.0,177830.875,0.0,1.0,2749.0,90.4071555669,64.6892961077,-1.0,-1.0,-1.0
925.0,253.0,335.0,-1.0,-1.0,1.0,1373.0,115158.742188,1.0,1.0,1596.0,83.8738107706,72.1546003684,-1.0,-1.0,2057.24144
926.0,253.0,362.0,-1.0,-1.0,1.0,1470.0,141089.984375,1.0,1.0,1659.0,95.9795812075,85.0451985383,-1.0,-1.0,2219.848517
927.0,254.0,260.0,-1.0,-1.0,1.0,130.0,32256.7832031,1.0,1.0,176.0,248.129101562,183.27717729,-1.0,-1.0,16421.50965
928.0,254.0,263.0,-1.0,-1.0,-15.0,523.0,100045.976563,0.0,1.0,784.0,191.292498208,127.609663983,-1.0,-1.0,-1.0
929.0,254.0,271.0,-1.0,-1.0,-15.0,326.0,74998.84375,0.0,1.0,377.0,230.057802914,198.935925066,-1.0,-1.0,-1.0
930.0,255.0,257.0,-1.0,-1.0,1.0,39.0,4256.78271484,1.0,1.0,56.0,109.148274739,76.0139770507,-1.0,-1.0,36525.92386
931.0,255.0,264.0,-1.0,-1.0,1.0,160.0,18970.5625,1.0,1.0,189.0,118.566015625,100.373346561,-1.0,-1.0,24658.16588
932.0,256.0,262.0,-1.0,-1.0,1.0,88.0,12485.28125,1.0,1.0,124.0,141.878196023,100.687752016,-1.0,-1.0,2021.862776
933.0,256.0,263.0,-1.0,-1.0,1.0,142.0,34485.28125,1.0,1.0,184.0,242.85409331,187.420006793,-1.0,-1.0,3165.602491
934.0,257.0,259.0,-1.0,-1.0,1.0,255.0,43010.0,1.0,0.0,280.0,168.666666667,153.607142857,-1.0,-1.0,6381.601227
935.0,257.0,264.0,-1.0,-1.0,1.0,199.0,22970.5625,1.0,1.0,229.0,115.429962312,100.308133188,-1.0,-1.0,14464.14596
936.0,257.0,272.0,-1.0,-1.0,1.0,147.0,16142.1357422,1.0,1.0,161.0,109.810447226,100.261712684,-1.0,-1.0,27580.88227
937.0,258.0,267.0,-1.0,-1.0,1.0,124.0,47030.0,1.0,1.0,140.0,379.274193548,335.928571429,-1.0,-1.0,11391.50868
938.0,258.0,294.0,-1.0,-1.0,-15.0,299.0,53266.5703125,1.0,1.0,436.0,178.14906459,122.171032827,-1.0,-1.0,-1.0
939.0,258.0,310.0,-1.0,-1.0,-15.0,530.0,119929.835938,1.0,0.0,919.0,226.282709317,130.500365547,-1.0,-1.0,-1.0
940.0,258.0,353.0,-1.0,-1.0,1.0,576.0,118911.6875,1.0,0.0,849.0,206.44390191,140.060880448,-1.0,-1.0,5393.18496
941.0,259.0,266.0,-1.0,-1.0,1.0,123.0,19085.2089844,1.0,1.0,204.0,155.164300686,93.554946002,-1.0,-1.0,29001.04567
942.0,259.0,271.0,-1.0,-1.0,-15.0,561.0,107682.835938,0.0,1.0,1000.0,191.94801415,107.682835938,-1.0,-1.0,-1.0
943.0,259.0,272.0,-1.0,-1.0,1.0,81.0,28095.2089844,1.0,1.0,144.0,346.854431906,195.105617947,-1.0,-1.0,22472.17229
944.0,259.0,277.0,-1.0,-1.0,1.0,382.0,92600.4921875,1.0,1.0,489.0,242.409665412,189.367059688,-1.0,-1.0,3513.305022
945.0,260.0,263.0,-1.0,-1.0,-15.0,543.0,133084.265625,1.0,0.0,992.0,245.090728591,134.157525832,-1.0,-1.0,-1.0
946.0,260.0,271.0,-1.0,-1.0,1.0,164.0,42742.0625,1.0,1.0,201.0,260.622332317,212.647077114,-1.0,-1.0,15202.0844
947.0,261.0,268.0,-1.0,-1.0,1.0,162.0,17137.8417969,1.0,0.0,209.0,105.789146894,81.9992430474,-1.0,-1.0,3235.426404
948.0,261.0,269.0,-1.0,-1.0,1.0,10.0,10010.0,1.0,1.0,20.0,1001.0,500.5,-1.0,-1.0,6502.728164
949.0,261.0,270.0,-1.0,-1.0,1.0,61.0,17044.7050781,1.0,1.0,116.0,279.421394723,146.937112742,-1.0,-1.0,3137.885152
950.0,262.0,263.0,-1.0,-1.0,1.0,135.0,34000.0,1.0,1.0,180.0,251.851851852,188.888888889,-1.0,-1.0,3157.649327
951.0,262.0,375.0,-1.0,-1.0,-15.0,1038.0,557159.125,1.0,0.0,1409.0,536.762162813,395.428761533,-1.0,-1.0,-1.0
952.0,262.0,422.0,-1.0,-1.0,-15.0,1758.0,680111.75,1.0,0.0,6451.0,386.866751991,105.427336847,-1.0,-1.0,-1.0
953.0,262.0,430.0,-1.0,-1.0,-15.0,1660.0,656423.3125,1.0,0.0,6013.0,395.435730422,109.167356145,-1.0,-1.0,-1.0
954.0,263.0,271.0,-1.0,-1.0,-15.0,629.0,175826.328125,1.0,1.0,1193.0,279.533113076,147.381666492,-1.0,-1.0,-1.0
955.0,263.0,375.0,-1.0,-1.0,1.0,907.0,522149.125,1.0,1.0,1209.0,575.688120176,431.885132341,-1.0,-1.0,9223.978247
956.0,263.0,422.0,-1.0,-1.0,-15.0,1812.0,686798.0625,0.0,1.0,6358.0,379.027628311,108.02108564,-1.0,-1.0,-1.0
957.0,263.0,430.0,-1.0,-1.0,-15.0,1676.0,663109.625,0.0,1.0,5920.0,395.650134248,112.01176098,-1.0,-1.0,-1.0
958.0,264.0,272.0,-1.0,-1.0,1.0,246.0,27227.3457031,1.0,1.0,286.0,110.680267086,95.2005094514,-1.0,-1.0,7008.988092
959.0,264.0,287.0,-1.0,-1.0,1.0,383.0,57941.125,1.0,1.0,419.0,151.282310705,138.284307876,-1.0,-1.0,29841.15616
960.0,264.0,309.0,-1.0,-1.0,1.0,460.0,67227.34375,1.0,1.0,526.0,146.146399457,127.808638308,-1.0,-1.0,29459.85769
961.0,265.0,273.0,-1.0,-1.0,1.0,402.0,63381.234375,1.0,1.0,1003.0,157.664762127,63.1916593968,-1.0,-1.0,7524.035873
962.0,265.0,275.0,-1.0,-1.0,1.0,54.0,23533.2089844,1.0,1.0,193.0,435.800166378,121.933725308,-1.0,-1.0,28303.81224
963.0,265.0,303.0,-1.0,-1.0,-15.0,416.0,71694.21875,1.0,0.0,1566.0,172.341871995,45.7817488825,-1.0,-1.0,-1.0
964.0,266.0,272.0,-1.0,-1.0,1.0,12.0,10000.0,1.0,1.0,20.0,833.333333333,500.0,-1.0,-1.0,11046.9906
965.0,266.0,277.0,-1.0,-1.0,1.0,299.0,77110.0,1.0,1.0,400.0,257.892976589,192.775,-1.0,-1.0,4148.198881
966.0,266.0,293.0,-1.0,-1.0,1.0,366.0,61366.5703125,0.0,1.0,496.0,167.668224898,123.722924017,-1.0,-1.0,2738.139153
967.0,266.0,357.0,-1.0,-1.0,1.0,854.0,80595.8984375,0.0,1.0,987.0,94.3745883343,81.6574452254,-1.0,-1.0,23888.52359
968.0,267.0,268.0,-1.0,-1.0,1.0,1790.0,50744.4101563,1.0,1.0,1886.0,28.3488324896,26.9058378347,-1.0,-1.0,28061.12433
969.0,267.0,269.0,-1.0,-1.0,1.0,1960.0,59414.5429688,1.0,1.0,2155.0,30.313542331,27.5705535818,-1.0,-1.0,25421.15115
970.0,267.0,294.0,-1.0,-1.0,1.0,57.0,6020.0,1.0,1.0,80.0,105.614035088,75.25,-1.0,-1.0,27427.2718
971.0,267.0,319.0,-1.0,-1.0,1.0,1755.0,119390.828125,1.0,1.0,2089.0,68.0289618946,57.1521436692,-1.0,-1.0,9243.709734
972.0,267.0,323.0,-1.0,-1.0,-15.0,1905.0,122355.828125,0.0,1.0,2253.0,64.228781168,54.3079574456,-1.0,-1.0,-1.0
973.0,267.0,353.0,-1.0,-1.0,-15.0,358.0,80000.3515625,0.0,1.0,709.0,223.464669169,112.8354747,-1.0,-1.0,-1.0
974.0,267.0,379.0,-1.0,-1.0,-15.0,833.0,81450.3515625,0.0,1.0,1169.0,97.7795336885,69.6752365804,-1.0,-1.0,-1.0
975.0,268.0,269.0,-1.0,-1.0,1.0,97.0,8683.27148438,1.0,1.0,282.0,89.5182627256,30.7917428524,-1.0,-1.0,12564.11581
976.0,268.0,270.0,-1.0,-1.0,1.0,62.0,144.852813721,1.0,1.0,144.0,2.33633570518,1.00592231751,-1.0,-1.0,15174.52884
977.0,268.0,317.0,-1.0,-1.0,-15.0,153.0,64929.8398438,1.0,0.0,659.0,424.378038195,98.5278298085,-1.0,-1.0,-1.0
978.0,268.0,319.0,-1.0,-1.0,-15.0,162.0,77986.2578125,1.0,1.0,925.0,481.396653164,84.3094679054,-1.0,-1.0,-1.0
979.0,269.0,270.0,-1.0,-1.0,1.0,12.0,8630.13378906,1.0,1.0,229.0,719.177815755,37.6861737514,-1.0,-1.0,12416.26335
980.0,269.0,275.0,-1.0,-1.0,1.0,2640.0,399506.0625,1.0,1.0,3524.0,151.328053977,113.367214103,-1.0,-1.0,12035.45285
981.0,269.0,301.0,-1.0,-1.0,1.0,2757.0,388839.1875,0.0,1.0,3527.0,141.037064744,110.246438191,-1.0,-1.0,8623.109405
982.0,269.0,317.0,-1.0,-1.0,1.0,110.0,55000.0,1.0,1.0,120.0,500.0,458.333333333,-1.0,-1.0,16764.82892
983.0,269.0,323.0,-1.0,-1.0,-15.0,239.0,65146.5703125,1.0,0.0,276.0,272.579792103,236.038298234,-1.0,-1.0,-1.0
984.0,269.0,403.0,-1.0,-1.0,1.0,1452.0,634162.5,1.0,0.0,2343.0,436.751033058,270.662612036,-1.0,-1.0,3594.490707
985.0,270.0,317.0,-1.0,-1.0,-15.0,104.0,64876.703125,1.0,1.0,606.0,623.814453125,107.057265883,-1.0,-1.0,-1.0
986.0,270.0,319.0,-1.0,-1.0,-15.0,142.0,77933.1171875,0.0,1.0,872.0,548.824768926,89.3728408114,-1.0,-1.0,-1.0
987.0,271.0,277.0,-1.0,-1.0,1.0,254.0,76220.0,1.0,1.0,340.0,300.078740157,224.176470588,-1.0,-1.0,4123.189391
988.0,271.0,282.0,-1.0,-1.0,1.0,123.0,85090.0,1.0,1.0,220.0,691.788617886,386.772727273,-1.0,-1.0,6678.250005
989.0,271.0,293.0,-1.0,-1.0,1.0,169.0,52902.0625,1.0,1.0,268.0,313.029955621,197.395755597,-1.0,-1.0,11632.98332
990.0,271.0,375.0,-1.0,-1.0,-15.0,584.0,505408.1875,1.0,1.0,2392.0,865.424978596,211.291048286,-1.0,-1.0,-1.0
991.0,272.0,277.0,-1.0,-1.0,1.0,304.0,83110.0,1.0,0.0,380.0,273.388157895,218.710526316,-1.0,-1.0,4968.770249
992.0,272.0,293.0,-1.0,-1.0,1.0,358.0,61840.6953125,1.0,0.0,453.0,172.739372381,136.513676187,-1.0,-1.0,2898.195962
993.0,272.0,309.0,-1.0,-1.0,1.0,450.0,48723.2070313,1.0,1.0,633.0,108.273793403,76.9718910447,-1.0,-1.0,39179.04925
994.0,272.0,357.0,-1.0,-1.0,1.0,793.0,65681.9921875,1.0,1.0,861.0,82.8272284836,76.285705212,-1.0,-1.0,28088.90041
995.0,273.0,275.0,-1.0,-1.0,1.0,463.0,84821.3046875,0.0,1.0,1083.0,183.199362176,78.3206876154,-1.0,-1.0,10152.11525
996.0,273.0,303.0,-1.0,-1.0,1.0,88.0,7914.99560547,1.0,1.0,164.0,89.9431318803,48.262168326,-1.0,-1.0,21403.43345
997.0,273.0,328.0,-1.0,-1.0,1.0,322.0,65562.46875,0.0,1.0,595.0,203.610151398,110.189023109,-1.0,-1.0,29021.86495
998.0,273.0,359.0,-1.0,-1.0,1.0,2715.0,425300.78125,1.0,0.0,3372.0,156.648538214,126.127159327,-1.0,-1.0,18240.96185
999.0,273.0,390.0,-1.0,-1.0,1.0,2647.0,421536.1875,1.0,1.0,3257.0,159.250543068,129.424681455,-1.0,-1.0,18363.04818
1000.0,274.0,284.0,-1.0,-1.0,-15.0,193.0,62636.265625,1.0,1.0,664.0,324.540236399,94.3317253389,-1.0,-1.0,-1.0
1001.0,274.0,287.0,-1.0,-1.0,1.0,254.0,28970.5625,1.0,1.0,289.0,114.057332677,100.2441609,-1.0,-1.0,13186.83906
1002.0,274.0,292.0,-1.0,-1.0,-15.0,313.0,70369.6875,1.0,1.0,817.0,224.823282748,86.1318084455,-1.0,-1.0,-1.0
1003.0,274.0,304.0,-1.0,-1.0,1.0,175.0,22970.5625,1.0,1.0,229.0,131.260357143,100.308133188,-1.0,-1.0,35880.0506
1004.0,274.0,312.0,-1.0,-1.0,-15.0,246.0,48237.34375,1.0,1.0,506.0,196.086763211,95.3307188735,-1.0,-1.0,-1.0
1005.0,274.0,327.0,-1.0,-1.0,-15.0,291.0,41322.5546875,0.0,1.0,451.0,142.001906143,91.6242897727,-1.0,-1.0,-1.0
1006.0,275.0,301.0,-1.0,-1.0,-15.0,164.0,91449.265625,1.0,1.0,493.0,557.617473323,185.495467799,-1.0,-1.0,-1.0
1007.0,275.0,303.0,-1.0,-1.0,-15.0,432.0,93134.2890625,1.0,0.0,1646.0,215.588632089,56.5821926261,-1.0,-1.0,-1.0
1008.0,275.0,324.0,-1.0,-1.0,1.0,143.0,73200.984375,1.0,1.0,224.0,511.894995629,326.790108817,-1.0,-1.0,38896.78212
1009.0,275.0,328.0,-1.0,-1.0,1.0,388.0,150638.328125,1.0,1.0,1934.0,388.243113724,77.8895181618,-1.0,-1.0,9479.824981
1010.0,275.0,403.0,-1.0,-1.0,-15.0,1639.0,540141.3125,1.0,0.0,5590.0,329.555407261,96.6263528623,-1.0,-1.0,-1.0
1011.0,277.0,293.0,-1.0,-1.0,1.0,41.0,54000.0,1.0,1.0,60.0,1317.07317073,900.0,-1.0,-1.0,7005.939201
1012.0,280.0,283.0,-1.0,-1.0,1.0,45.0,8000.0,1.0,1.0,80.0,177.777777778,100.0,-1.0,-1.0,3074.372718
1013.0,280.0,362.0,-1.0,-1.0,1.0,1278.0,152994.953125,1.0,1.0,1369.0,119.714360818,111.756722516,-1.0,-1.0,1333.107163
1014.0,280.0,386.0,-1.0,-1.0,1.0,1278.0,150565.4375,1.0,1.0,1359.0,117.813331377,110.791344739,-1.0,-1.0,1444.29479
1015.0,280.0,446.0,-1.0,-1.0,1.0,1642.0,177965.515625,0.0,1.0,1779.0,108.38338345,100.03682722,-1.0,-1.0,1241.506946
1016.0,281.0,292.0,-1.0,-1.0,1.0,52.0,4856.71142578,1.0,1.0,76.0,93.3982966496,63.9040977076,-1.0,-1.0,13564.50994
1017.0,281.0,297.0,-1.0,-1.0,-15.0,120.0,12506.6396484,1.0,1.0,216.0,104.22199707,57.9011094833,-1.0,-1.0,-1.0
1018.0,281.0,302.0,-1.0,-1.0,1.0,40.0,5428.35546875,1.0,1.0,68.0,135.708886719,79.8287568934,-1.0,-1.0,13532.83667
1019.0,281.0,389.0,-1.0,-1.0,-15.0,958.0,104245.976563,0.0,1.0,1164.0,108.81625946,89.5583991091,-1.0,-1.0,-1.0
1020.0,281.0,448.0,-1.0,-1.0,-15.0,2453.0,253651.28125,0.0,1.0,2859.0,103.404517428,88.7202802553,-1.0,-1.0,-1.0
1021.0,282.0,293.0,-1.0,-1.0,1.0,36.0,9050.0,1.0,1.0,60.0,251.388888889,150.833333333,-1.0,-1.0,7699.846986
1022.0,282.0,375.0,-1.0,-1.0,-15.0,568.0,430854.03125,1.0,0.0,2175.0,758.545829665,198.093807471,-1.0,-1.0,-1.0
1023.0,283.0,291.0,-1.0,-1.0,1.0,420.0,44000.0,1.0,1.0,440.0,104.761904762,100.0,-1.0,-1.0,3588.95529
1024.0,283.0,330.0,-1.0,-1.0,-15.0,665.0,70265.6328125,1.0,1.0,754.0,105.662605733,93.1904944463,-1.0,-1.0,-1.0
1025.0,283.0,386.0,-1.0,-1.0,1.0,1325.0,155393.875,1.0,0.0,1407.0,117.278396226,110.44340796,-1.0,-1.0,1466.533093
1026.0,283.0,446.0,-1.0,-1.0,1.0,1658.0,178107.640625,1.0,1.0,1781.0,107.423184937,100.004290076,-1.0,-1.0,1260.328511
1027.0,284.0,292.0,-1.0,-1.0,1.0,77.0,7685.13867188,1.0,1.0,104.0,99.8069957387,73.8955641527,-1.0,-1.0,6113.172112
1028.0,284.0,295.0,-1.0,-1.0,1.0,28.0,5010.0,1.0,1.0,60.0,178.928571429,83.5,-1.0,-1.0,5214.657058
1029.0,284.0,299.0,-1.0,-1.0,1.0,74.0,10485.28125,1.0,1.0,104.0,141.692989865,100.820012019,-1.0,-1.0,5880.039668
1030.0,284.0,312.0,-1.0,-1.0,1.0,117.0,13913.6367188,1.0,1.0,153.0,118.919971956,90.9388020837,-1.0,-1.0,9105.031261
1031.0,285.0,289.0,-1.0,-1.0,1.0,631.0,82000.0,1.0,1.0,660.0,129.952456418,124.242424242,-1.0,-1.0,6045.905329
1032.0,285.0,300.0,-1.0,-1.0,1.0,611.0,84828.4296875,1.0,0.0,688.0,138.835400471,123.297136174,-1.0,-1.0,5916.198742
1033.0,285.0,326.0,-1.0,-1.0,1.0,630.0,86055.7734375,1.0,1.0,714.0,136.596465774,120.52629333,-1.0,-1.0,5889.983404
1034.0,285.0,353.0,-1.0,-1.0,1.0,2526.0,194942.96875,1.0,0.0,2742.0,77.1745719517,71.0951745988,-1.0,-1.0,11629.54271
1035.0,285.0,369.0,-1.0,-1.0,1.0,917.0,42534.8515625,1.0,0.0,1784.0,46.384789054,23.8424055844,-1.0,-1.0,11065.2921
1036.0,285.0,467.0,-1.0,-1.0,1.0,1929.0,209859.0,1.0,0.0,2620.0,108.791601866,80.0988549618,-1.0,-1.0,1671.531734
1037.0,285.0,478.0,-1.0,-1.0,1.0,1985.0,37024.5585938,0.0,1.0,2374.0,18.6521705762,15.5958545045,-1.0,-1.0,10159.76469
1038.0,286.0,288.0,-1.0,-1.0,1.0,305.0,32000.0,1.0,1.0,320.0,104.918032787,100.0,-1.0,-1.0,3550.032378
1039.0,286.0,305.0,-1.0,-1.0,1.0,321.0,34000.0,1.0,1.0,340.0,105.919003115,100.0,-1.0,-1.0,4534.773215
1040.0,286.0,307.0,-1.0,-1.0,1.0,78.0,11656.8544922,1.0,1.0,116.0,149.446852464,100.490124933,-1.0,-1.0,2056.446341
1041.0,286.0,308.0,-1.0,-1.0,1.0,73.0,8485.28125,1.0,1.0,84.0,116.236729452,101.015252976,-1.0,-1.0,6536.46099
1042.0,286.0,315.0,-1.0,-1.0,1.0,155.0,17570.4921875,1.0,1.0,189.0,113.358014113,92.9655671296,-1.0,-1.0,3218.049114
1043.0,287.0,304.0,-1.0,-1.0,1.0,134.0,15656.8544922,1.0,1.0,156.0,116.842197703,100.364451873,-1.0,-1.0,29475.7395
1044.0,287.0,309.0,-1.0,-1.0,1.0,152.0,17570.4921875,1.0,1.0,189.0,115.595343339,92.9655671296,-1.0,-1.0,18740.64394
1045.0,287.0,316.0,-1.0,-1.0,1.0,171.0,18970.5625,1.0,1.0,189.0,110.938961988,100.373346561,-1.0,-1.0,25794.86008
1046.0,288.0,289.0,-1.0,-1.0,1.0,133.0,18000.0,1.0,1.0,180.0,135.338345865,100.0,-1.0,-1.0,3382.127797
1047.0,288.0,296.0,-1.0,-1.0,1.0,33.0,6828.42724609,1.0,1.0,68.0,206.92203776,100.418047737,-1.0,-1.0,3390.594678
1048.0,288.0,298.0,-1.0,-1.0,1.0,69.0,11656.8544922,1.0,1.0,116.0,168.939920177,100.490124933,-1.0,-1.0,3205.385626
1049.0,288.0,315.0,-1.0,-1.0,1.0,132.0,15570.4912109,1.0,1.0,169.0,117.958266749,92.1330840882,-1.0,-1.0,4309.414643
1050.0,288.0,322.0,-1.0,-1.0,1.0,71.0,10828.4267578,1.0,1.0,108.0,152.513052927,100.26321072,-1.0,-1.0,1993.219003
1051.0,289.0,298.0,-1.0,-1.0,1.0,51.0,6828.42724609,1.0,1.0,68.0,133.890730315,100.418047737,-1.0,-1.0,4306.057895
1052.0,289.0,300.0,-1.0,-1.0,1.0,30.0,4000.0,1.0,1.0,40.0,133.333333333,100.0,-1.0,-1.0,3497.8914
1053.0,289.0,326.0,-1.0,-1.0,-15.0,148.0,15428.3554688,0.0,1.0,168.0,104.245645059,91.835449219,-1.0,-1.0,-1.0
1054.0,290.0,305.0,-1.0,-1.0,1.0,727.0,92828.4296875,1.0,0.0,768.0,127.686973435,120.870351156,-1.0,-1.0,4076.464618
1055.0,290.0,318.0,-1.0,-1.0,1.0,293.0,49455.84375,1.0,1.0,334.0,168.791275597,148.071388473,-1.0,-1.0,3580.819121
1056.0,290.0,335.0,-1.0,-1.0,1.0,517.0,53854.7617188,1.0,1.0,552.0,104.167817638,97.5629741283,-1.0,-1.0,1869.743672
1057.0,290.0,336.0,-1.0,-1.0,1.0,439.0,43854.7617188,1.0,1.0,452.0,99.8969515235,97.0238091124,-1.0,-1.0,2292.264252
1058.0,290.0,337.0,-1.0,-1.0,1.0,370.0,39712.625,1.0,1.0,411.0,107.331418919,96.6243917275,-1.0,-1.0,2449.200046
1059.0,290.0,339.0,-1.0,-1.0,1.0,359.0,40742.0625,1.0,1.0,421.0,113.487639276,96.7744952494,-1.0,-1.0,2151.326987
1060.0,290.0,350.0,-1.0,-1.0,1.0,426.0,46884.1992188,0.0,1.0,482.0,110.056805678,97.2701228606,-1.0,-1.0,2265.645667
1061.0,290.0,415.0,-1.0,-1.0,1.0,1005.0,96699.484375,0.0,1.0,1147.0,96.2183924129,84.3064379904,-1.0,-1.0,2173.040178
1062.0,291.0,330.0,-1.0,-1.0,1.0,176.0,22142.1347656,1.0,1.0,221.0,125.807583895,100.190655048,-1.0,-1.0,4026.606172
1063.0,292.0,297.0,-1.0,-1.0,-15.0,170.0,9943.28027344,1.0,0.0,213.0,58.4898839614,46.6820670115,-1.0,-1.0,-1.0
1064.0,292.0,299.0,-1.0,-1.0,1.0,45.0,4256.78271484,1.0,1.0,56.0,94.5951714409,76.0139770507,-1.0,-1.0,15535.11116
1065.0,292.0,302.0,-1.0,-1.0,1.0,29.0,2856.71142578,1.0,1.0,56.0,98.5072905441,51.0127040318,-1.0,-1.0,46231.22015
1066.0,293.0,357.0,-1.0,-1.0,1.0,706.0,99321.5625,1.0,1.0,1001.0,140.682099858,99.2223401598,-1.0,-1.0,19152.07916
1067.0,293.0,375.0,-1.0,-1.0,-15.0,543.0,403704.03125,1.0,1.0,1995.0,743.46967081,202.357910401,-1.0,-1.0,-1.0
1068.0,293.0,400.0,-1.0,-1.0,1.0,527.0,402887.90625,1.0,1.0,1349.0,764.49318074,298.656713306,-1.0,-1.0,7522.900914
1069.0,294.0,310.0,-1.0,-1.0,1.0,74.0,29448.3554688,1.0,1.0,148.0,397.950749578,198.975374789,-1.0,-1.0,26457.80787
1070.0,294.0,319.0,-1.0,-1.0,-15.0,1749.0,125430.828125,1.0,0.0,2189.0,71.7157393511,57.3005153609,-1.0,-1.0,-1.0
1071.0,294.0,353.0,-1.0,-1.0,-15.0,112.0,36715.1367188,1.0,1.0,244.0,327.813720704,150.471871798,-1.0,-1.0,-1.0
1072.0,295.0,299.0,-1.0,-1.0,1.0,89.0,12000.0,1.0,1.0,120.0,134.831460674,100.0,-1.0,-1.0,4744.797971
1073.0,295.0,311.0,-1.0,-1.0,1.0,96.0,10485.28125,1.0,1.0,104.0,109.221679688,100.820012019,-1.0,-1.0,7836.729325
1074.0,295.0,312.0,-1.0,-1.0,1.0,82.0,9913.63671875,1.0,1.0,113.0,120.898008765,87.731298396,-1.0,-1.0,13226.54267
1075.0,295.0,321.0,-1.0,-1.0,1.0,125.0,14828.4267578,1.0,1.0,148.0,118.627414062,100.192072688,-1.0,-1.0,4920.82835
1076.0,296.0,315.0,-1.0,-1.0,1.0,73.0,9085.20996094,1.0,1.0,104.0,124.454930972,87.357788086,-1.0,-1.0,5684.333412
1077.0,296.0,322.0,-1.0,-1.0,1.0,39.0,5656.85449219,1.0,1.0,56.0,145.047551082,101.015258789,-1.0,-1.0,3860.937779
1078.0,297.0,302.0,-1.0,-1.0,1.0,52.0,7010.0,1.0,1.0,80.0,134.807692308,87.625,-1.0,-1.0,20558.61167
1079.0,297.0,320.0,-1.0,-1.0,1.0,103.0,12828.4267578,1.0,1.0,128.0,124.5478326,100.222084045,-1.0,-1.0,6609.560387
1080.0,297.0,332.0,-1.0,-1.0,-15.0,112.0,12494.9238281,1.0,1.0,204.0,111.561819894,61.2496266083,-1.0,-1.0,-1.0
1081.0,297.0,348.0,-1.0,-1.0,-15.0,444.0,65705.140625,0.0,1.0,524.0,147.984550957,125.391489742,-1.0,-1.0,-1.0
1082.0,297.0,389.0,-1.0,-1.0,-15.0,827.0,105804.1875,0.0,1.0,1152.0,127.937348851,91.8439127604,-1.0,-1.0,-1.0
1083.0,297.0,443.0,-1.0,-1.0,1.0,2375.0,251241.625,1.0,0.0,3040.0,105.785947368,82.6452713816,-1.0,-1.0,14464.62508
1084.0,298.0,300.0,-1.0,-1.0,1.0,42.0,6000.0,1.0,1.0,60.0,142.857142857,100.0,-1.0,-1.0,3677.078883
1085.0,298.0,322.0,-1.0,-1.0,1.0,49.0,7085.20996094,1.0,1.0,84.0,144.596121652,84.3477376302,-1.0,-1.0,5085.109693
1086.0,299.0,302.0,-1.0,-1.0,-15.0,81.0,7141.77832031,1.0,1.0,141.0,88.1701027199,50.6509100731,-1.0,-1.0,-1.0
1087.0,299.0,306.0,-1.0,-1.0,1.0,27.0,4000.0,1.0,1.0,40.0,148.148148148,100.0,-1.0,-1.0,17258.88495
1088.0,299.0,311.0,-1.0,-1.0,1.0,79.0,8485.28125,1.0,1.0,84.0,107.408623418,101.015252976,-1.0,-1.0,5267.644407
1089.0,300.0,322.0,-1.0,-1.0,1.0,110.0,13656.8544922,1.0,1.0,136.0,124.153222656,100.418047737,-1.0,-1.0,3806.13352
1090.0,300.0,326.0,-1.0,-1.0,1.0,81.0,9428.35546875,1.0,1.0,108.0,116.399450231,87.2995876736,-1.0,-1.0,3813.866312
1091.0,301.0,317.0,-1.0,-1.0,1.0,3062.0,370609.34375,0.0,1.0,3619.0,121.035056744,102.406560859,-1.0,-1.0,8473.076423
1092.0,301.0,324.0,-1.0,-1.0,1.0,41.0,18040.0,1.0,1.0,60.0,440.0,300.666666667,-1.0,-1.0,17975.69738
1093.0,301.0,360.0,-1.0,-1.0,-15.0,188.0,31236.4082031,1.0,1.0,895.0,166.151107463,34.9010147521,-1.0,-1.0,-1.0
1094.0,301.0,403.0,-1.0,-1.0,-15.0,1439.0,485165.1875,1.0,1.0,5610.0,337.1544041,86.4822081105,-1.0,-1.0,-1.0
1095.0,301.0,471.0,-1.0,-1.0,-15.0,1997.0,37800.9179688,0.0,1.0,3500.0,18.9288522628,10.8002622768,-1.0,-1.0,-1.0
1096.0,302.0,306.0,-1.0,-1.0,1.0,64.0,7428.35546875,1.0,1.0,88.0,116.068054199,84.4131303267,-1.0,-1.0,4257.932546
1097.0,302.0,320.0,-1.0,-1.0,1.0,140.0,14142.1357422,0.0,1.0,141.0,101.015255301,100.298835051,-1.0,-1.0,15042.99477
1098.0,302.0,331.0,-1.0,-1.0,1.0,68.0,7085.20996094,1.0,1.0,84.0,104.194264131,84.3477376302,-1.0,-1.0,7851.976553
1099.0,302.0,332.0,-1.0,-1.0,1.0,52.0,5428.35546875,1.0,1.0,68.0,104.391451322,79.8287568934,-1.0,-1.0,23014.60252
1100.0,303.0,328.0,-1.0,-1.0,1.0,143.0,58469.984375,1.0,1.0,201.0,408.881009615,290.895444652,-1.0,-1.0,30428.9417
1101.0,303.0,356.0,-1.0,-1.0,-15.0,454.0,115050.476563,1.0,0.0,631.0,253.415146615,182.33039075,-1.0,-1.0,-1.0
1102.0,303.0,376.0,-1.0,-1.0,-15.0,533.0,121395.546875,1.0,1.0,795.0,227.758999765,152.698801101,-1.0,-1.0,-1.0
1103.0,303.0,390.0,-1.0,-1.0,1.0,2601.0,404103.0625,1.0,1.0,3001.0,155.364499231,134.656135455,-1.0,-1.0,19343.01727
1104.0,303.0,481.0,-1.0,-1.0,-15.0,1881.0,522857.84375,1.0,0.0,3574.0,277.968019006,146.294863948,-1.0,-1.0,-1.0
1105.0,304.0,312.0,-1.0,-1.0,1.0,179.0,20828.4277344,1.0,0.0,208.0,116.359931477,100.1366718,-1.0,-1.0,19307.70561
1106.0,304.0,313.0,-1.0,-1.0,1.0,153.0,19656.8535156,1.0,0.0,196.0,128.476166769,100.290068957,-1.0,-1.0,16808.27626
1107.0,304.0,316.0,-1.0,-1.0,1.0,12.0,2828.42724609,1.0,1.0,28.0,235.702270508,101.015258789,-1.0,-1.0,14961.19053
1108.0,304.0,327.0,-1.0,-1.0,1.0,128.0,13913.6367188,1.0,1.0,153.0,108.700286866,90.9388020837,-1.0,-1.0,19952.0618
1109.0,305.0,308.0,-1.0,-1.0,1.0,215.0,24828.4277344,1.0,1.0,248.0,115.48105923,100.114627961,-1.0,-1.0,4425.131531
1110.0,305.0,314.0,-1.0,-1.0,1.0,168.0,21313.7089844,1.0,1.0,213.0,126.867315383,100.064361429,-1.0,-1.0,3008.087397
1111.0,305.0,318.0,-1.0,-1.0,1.0,507.0,55798.9882813,1.0,1.0,557.0,110.057176097,100.177716843,-1.0,-1.0,4257.570064
1112.0,305.0,349.0,-1.0,-1.0,1.0,333.0,36998.8476563,1.0,1.0,397.0,111.10765062,93.1960898144,-1.0,-1.0,3390.376894
1113.0,306.0,311.0,-1.0,-1.0,1.0,59.0,6828.42724609,1.0,1.0,68.0,115.736055018,100.418047737,-1.0,-1.0,6156.103614
1114.0,306.0,331.0,-1.0,-1.0,1.0,23.0,2828.42724609,1.0,1.0,28.0,122.975097656,101.015258789,-1.0,-1.0,20428.36647
1115.0,307.0,308.0,-1.0,-1.0,1.0,60.0,7010.0,1.0,1.0,80.0,116.833333333,87.625,-1.0,-1.0,7237.817685
1116.0,307.0,315.0,-1.0,-1.0,1.0,51.0,7010.0,1.0,1.0,80.0,137.450980392,87.625,-1.0,-1.0,7933.773427
1117.0,307.0,334.0,-1.0,-1.0,1.0,127.0,15085.2099609,1.0,1.0,164.0,118.781180794,91.9829875665,-1.0,-1.0,2665.846467
1118.0,308.0,314.0,-1.0,-1.0,1.0,45.0,7656.85449219,1.0,1.0,76.0,170.152322049,100.748085424,-1.0,-1.0,8013.727878
1119.0,308.0,334.0,-1.0,-1.0,1.0,193.0,21227.3457031,1.0,1.0,226.0,109.986247166,93.9263084208,-1.0,-1.0,2461.127701
1120.0,308.0,380.0,-1.0,-1.0,1.0,612.0,51378.2851563,0.0,1.0,888.0,83.9514463338,57.8584292301,-1.0,-1.0,3096.951594
1121.0,309.0,316.0,-1.0,-1.0,1.0,234.0,24438.3554688,1.0,1.0,268.0,104.437416533,91.1878935403,-1.0,-1.0,10448.73215
1122.0,309.0,333.0,-1.0,-1.0,1.0,315.0,36398.9179688,1.0,0.0,377.0,115.552120536,96.5488540286,-1.0,-1.0,11425.46788
1123.0,309.0,341.0,-1.0,-1.0,1.0,392.0,42312.5546875,0.0,1.0,451.0,107.940190529,93.8194117239,-1.0,-1.0,12321.551
1124.0,309.0,357.0,-1.0,-1.0,1.0,712.0,70094.265625,1.0,1.0,852.0,98.4470022823,82.2702648181,-1.0,-1.0,3721.752825
1125.0,309.0,358.0,-1.0,-1.0,1.0,510.0,53341.9921875,1.0,1.0,561.0,104.592141544,95.0837650401,-1.0,-1.0,17153.01711
1126.0,309.0,367.0,-1.0,-1.0,1.0,562.0,89312.1953125,1.0,0.0,671.0,158.918496997,133.103122671,-1.0,-1.0,14514.1389
1127.0,309.0,368.0,-1.0,-1.0,1.0,545.0,79428.359375,1.0,0.0,568.0,145.740108945,139.838660871,-1.0,-1.0,16437.54601
1128.0,309.0,372.0,-1.0,-1.0,1.0,621.0,90105.4140625,1.0,0.0,714.0,145.097285125,126.198058911,-1.0,-1.0,13633.42821
1129.0,310.0,353.0,-1.0,-1.0,1.0,5.0,6256.78271484,1.0,1.0,76.0,1251.35654297,82.3260883532,-1.0,-1.0,26539.17037
1130.0,311.0,321.0,-1.0,-1.0,1.0,74.0,10485.28125,1.0,1.0,104.0,141.692989865,100.820012019,-1.0,-1.0,5517.157786
1131.0,311.0,331.0,-1.0,-1.0,1.0,88.0,9913.63671875,1.0,1.0,113.0,112.654962713,87.731298396,-1.0,-1.0,9388.993746
1132.0,312.0,313.0,-1.0,-1.0,1.0,19.0,2828.42724609,1.0,1.0,28.0,148.864591899,101.015258789,-1.0,-1.0,27386.0865
1133.0,312.0,321.0,-1.0,-1.0,1.0,85.0,9656.85449219,1.0,1.0,96.0,113.610052849,100.592234294,-1.0,-1.0,16507.62691
1134.0,312.0,325.0,-1.0,-1.0,1.0,49.0,6828.42724609,1.0,1.0,68.0,139.355658083,100.418047737,-1.0,-1.0,11685.04372
1135.0,312.0,327.0,-1.0,-1.0,-15.0,75.0,8485.28125,1.0,1.0,84.0,113.137083333,101.015252976,-1.0,-1.0,-1.0
1136.0,313.0,327.0,-1.0,-1.0,1.0,36.0,5656.85449219,1.0,1.0,56.0,157.134847005,101.015258789,-1.0,-1.0,10939.4408
1137.0,314.0,334.0,-1.0,-1.0,-15.0,315.0,29560.6972656,1.0,0.0,399.0,93.8434833829,74.0869605654,-1.0,-1.0,-1.0
1138.0,314.0,349.0,-1.0,-1.0,1.0,452.0,47854.7617188,1.0,1.0,492.0,105.873366635,97.2657758512,-1.0,-1.0,3456.586727
1139.0,314.0,380.0,-1.0,-1.0,1.0,550.0,51230.0,1.0,1.0,740.0,93.1454545455,69.2297297297,-1.0,-1.0,2267.737447
1140.0,315.0,322.0,-1.0,-1.0,1.0,102.0,10856.7109375,1.0,1.0,136.0,106.438342525,79.8287568934,-1.0,-1.0,5922.622215
1141.0,315.0,334.0,-1.0,-1.0,1.0,110.0,13085.2099609,1.0,1.0,144.0,118.95645419,90.8695136174,-1.0,-1.0,5284.276032
1142.0,316.0,327.0,-1.0,-1.0,1.0,116.0,13428.3554688,1.0,1.0,148.0,115.761685076,90.7321315459,-1.0,-1.0,18617.01322
1143.0,316.0,333.0,-1.0,-1.0,1.0,100.0,13085.2099609,1.0,1.0,144.0,130.852099609,90.8695136174,-1.0,-1.0,13762.48842
1144.0,316.0,341.0,-1.0,-1.0,1.0,193.0,21341.9921875,0.0,1.0,241.0,110.580270402,88.5559841805,-1.0,-1.0,13820.69549
1145.0,317.0,319.0,-1.0,-1.0,1.0,12.0,1428.35571289,1.0,1.0,28.0,119.029642741,51.0127040318,-1.0,-1.0,9950.583442
1146.0,317.0,323.0,-1.0,-1.0,1.0,15.0,40.0,1.0,1.0,40.0,2.66666666667,1.0,-1.0,-1.0,3981.507598
1147.0,317.0,403.0,-1.0,-1.0,1.0,1449.0,615932.6875,0.0,1.0,2435.0,425.074318496,252.949768994,-1.0,-1.0,2648.864924
1148.0,318.0,339.0,-1.0,-1.0,1.0,596.0,82627.4140625,1.0,0.0,666.0,138.636600776,124.06518628,-1.0,-1.0,2991.417243
1149.0,318.0,349.0,-1.0,-1.0,1.0,300.0,31112.6992188,1.0,1.0,311.0,103.708997396,100.040833501,-1.0,-1.0,4427.237507
1150.0,318.0,412.0,-1.0,-1.0,1.0,583.0,58148.2851563,1.0,0.0,648.0,99.7397687072,89.7350079573,-1.0,-1.0,1966.725756
1151.0,318.0,415.0,-1.0,-1.0,1.0,785.0,49330.0,0.0,1.0,820.0,62.8407643312,60.1585365854,-1.0,-1.0,1868.009916
1152.0,319.0,323.0,-1.0,-1.0,-15.0,49.0,2876.71142578,1.0,1.0,76.0,58.7083964445,37.8514661287,-1.0,-1.0,-1.0
1153.0,319.0,353.0,-1.0,-1.0,-15.0,1824.0,182457.328125,1.0,0.0,2205.0,100.031429893,82.747087585,-1.0,-1.0,-1.0
1154.0,319.0,379.0,-1.0,-1.0,-15.0,1925.0,183907.328125,1.0,0.0,2665.0,95.5362743506,69.0083782833,-1.0,-1.0,-1.0
1155.0,319.0,474.0,-1.0,-1.0,-15.0,1846.0,630279.0625,1.0,0.0,7516.0,341.429611322,83.858310604,-1.0,-1.0,-1.0
1156.0,320.0,332.0,-1.0,-1.0,1.0,88.0,9010.0,1.0,1.0,100.0,102.386363636,90.1,-1.0,-1.0,11045.80597
1157.0,320.0,338.0,-1.0,-1.0,1.0,95.0,11010.0,1.0,1.0,120.0,115.894736842,91.75,-1.0,-1.0,4768.246864
1158.0,320.0,342.0,-1.0,-1.0,1.0,121.0,13913.6367188,0.0,1.0,153.0,114.988733213,90.9388020837,-1.0,-1.0,3186.381178
1159.0,320.0,348.0,-1.0,-1.0,-15.0,302.0,52276.78125,1.0,1.0,376.0,173.101924669,139.033992686,-1.0,-1.0,-1.0
1160.0,320.0,443.0,-1.0,-1.0,1.0,2265.0,242007.890625,1.0,0.0,2775.0,106.846750828,87.2100506757,-1.0,-1.0,14749.2676
1161.0,320.0,448.0,-1.0,-1.0,1.0,2195.0,236081.5625,1.0,0.0,2459.0,107.554242597,96.0071421309,-1.0,-1.0,15182.68607
1162.0,321.0,325.0,-1.0,-1.0,1.0,60.0,6828.42724609,1.0,1.0,68.0,113.807120768,100.418047737,-1.0,-1.0,15259.82754
1163.0,321.0,331.0,-1.0,-1.0,1.0,150.0,17428.3554688,1.0,1.0,188.0,116.189036459,92.7040184511,-1.0,-1.0,7862.261025
1164.0,321.0,343.0,-1.0,-1.0,1.0,227.0,26055.7734375,1.0,1.0,274.0,114.783142896,95.0940636405,-1.0,-1.0,9028.945961
1165.0,321.0,346.0,-1.0,-1.0,1.0,283.0,32398.9179688,0.0,1.0,337.0,114.483809077,96.1392224593,-1.0,-1.0,7531.578514
1166.0,321.0,347.0,-1.0,-1.0,1.0,278.0,32970.5625,1.0,1.0,329.0,118.599145683,100.214475684,-1.0,-1.0,9920.077725
1167.0,322.0,326.0,-1.0,-1.0,1.0,74.0,9010.0,1.0,1.0,100.0,121.756756757,90.1,-1.0,-1.0,4599.546653
1168.0,322.0,334.0,-1.0,-1.0,-15.0,212.0,23990.2050781,1.0,1.0,329.0,113.161344708,72.9185564684,-1.0,-1.0,-1.0
1169.0,322.0,344.0,-1.0,-1.0,1.0,157.0,17656.8535156,1.0,1.0,176.0,112.464035131,100.323031339,-1.0,-1.0,6419.172798
1170.0,323.0,403.0,-1.0,-1.0,1.0,1361.0,621450.9375,1.0,1.0,2425.0,456.613473549,256.268427835,-1.0,-1.0,2625.269485
1171.0,323.0,474.0,-1.0,-1.0,-15.0,1723.0,627137.5,1.0,1.0,7175.0,363.979976785,87.4059233449,-1.0,-1.0,-1.0
1172.0,324.0,328.0,-1.0,-1.0,1.0,314.0,116996.375,1.0,1.0,1330.0,372.599920382,87.9671992481,-1.0,-1.0,13132.71797
1173.0,324.0,360.0,-1.0,-1.0,1.0,168.0,12821.8496094,1.0,1.0,461.0,76.3205333893,27.813122797,-1.0,-1.0,45981.57546
1174.0,325.0,327.0,-1.0,-1.0,1.0,70.0,10000.0,1.0,1.0,100.0,142.857142857,100.0,-1.0,-1.0,18782.9156
1175.0,325.0,341.0,-1.0,-1.0,1.0,187.0,21798.9902344,1.0,1.0,217.0,116.572140291,100.456176195,-1.0,-1.0,7106.639926
1176.0,325.0,346.0,-1.0,-1.0,1.0,233.0,27913.6367188,1.0,1.0,293.0,119.801015961,95.2683847058,-1.0,-1.0,10302.69472
1177.0,325.0,347.0,-1.0,-1.0,1.0,295.0,33455.84375,1.0,0.0,334.0,113.409639831,100.167196856,-1.0,-1.0,11931.59323
1178.0,326.0,344.0,-1.0,-1.0,1.0,209.0,22655.7011719,1.0,1.0,254.0,108.400484076,89.1956739051,-1.0,-1.0,5261.408876
1179.0,326.0,369.0,-1.0,-1.0,1.0,456.0,59626.265625,1.0,0.0,624.0,130.759354441,95.5549128606,-1.0,-1.0,2637.042296
1180.0,326.0,478.0,-1.0,-1.0,-15.0,1913.0,87789.8125,0.0,1.0,3028.0,45.8911722426,28.9926725561,-1.0,-1.0,-1.0
1181.0,327.0,333.0,-1.0,-1.0,1.0,81.0,8485.28125,1.0,1.0,84.0,104.756558642,101.015252976,-1.0,-1.0,9800.392404
1182.0,327.0,341.0,-1.0,-1.0,1.0,118.0,13685.1386719,1.0,1.0,164.0,115.975751457,83.4459675116,-1.0,-1.0,5940.926585
1183.0,327.0,346.0,-1.0,-1.0,1.0,214.0,23428.3554688,1.0,1.0,248.0,109.478296583,94.4691752774,-1.0,-1.0,18261.24957
1184.0,328.0,356.0,-1.0,-1.0,1.0,321.0,50828.4257813,1.0,1.0,348.0,158.344005549,146.058694774,-1.0,-1.0,36263.82652
1185.0,328.0,360.0,-1.0,-1.0,1.0,596.0,110788.242188,1.0,1.0,892.0,185.886312396,124.202065233,-1.0,-1.0,18689.51539
1186.0,328.0,376.0,-1.0,-1.0,-15.0,409.0,57173.4960938,0.0,1.0,513.0,139.788499007,111.449310124,-1.0,-1.0,-1.0
1187.0,330.0,446.0,-1.0,-1.0,1.0,1924.0,196058.421875,1.0,1.0,2040.0,101.901466671,96.1070695466,-1.0,-1.0,1341.690223
1188.0,330.0,495.0,-1.0,-1.0,1.0,2283.0,206394.40625,1.0,1.0,4763.0,90.4049085633,43.332858755,-1.0,-1.0,1455.508825
1189.0,330.0,517.0,-1.0,-1.0,1.0,2513.0,197974.015625,0.0,1.0,5813.0,78.7799505074,34.0571160545,-1.0,-1.0,1802.06736
1190.0,330.0,525.0,-1.0,-1.0,1.0,2456.0,199075.96875,1.0,1.0,4724.0,81.0569905334,42.1413989733,-1.0,-1.0,1504.216557
1191.0,331.0,332.0,-1.0,-1.0,1.0,64.0,6020.0,1.0,1.0,80.0,94.0625,75.25,-1.0,-1.0,14701.20292
1192.0,331.0,340.0,-1.0,-1.0,1.0,79.0,8485.28125,1.0,1.0,84.0,107.408623418,101.015252976,-1.0,-1.0,12126.19617
1193.0,331.0,343.0,-1.0,-1.0,1.0,79.0,8000.0,1.0,1.0,80.0,101.265822785,100.0,-1.0,-1.0,15873.29027
1194.0,331.0,347.0,-1.0,-1.0,-15.0,203.0,20923.6367188,0.0,1.0,233.0,103.072102063,89.8010159605,-1.0,-1.0,-1.0
1195.0,332.0,338.0,-1.0,-1.0,1.0,104.0,11913.6367188,1.0,1.0,133.0,114.554199219,89.5762159308,-1.0,-1.0,10110.67868
1196.0,332.0,340.0,-1.0,-1.0,1.0,62.0,8256.78320313,1.0,1.0,96.0,133.173922631,86.0081583659,-1.0,-1.0,3937.452383
1197.0,332.0,342.0,-1.0,-1.0,1.0,48.0,6256.78271484,1.0,1.0,76.0,130.349639892,82.3260883532,-1.0,-1.0,15239.67924
1198.0,333.0,341.0,-1.0,-1.0,1.0,68.0,7428.35546875,1.0,1.0,88.0,109.240521599,84.4131303267,-1.0,-1.0,16676.58971
1199.0,333.0,358.0,-1.0,-1.0,-15.0,414.0,45397.765625,1.0,0.0,495.0,109.656438708,91.7126578283,-1.0,-1.0,-1.0
1200.0,334.0,344.0,-1.0,-1.0,1.0,237.0,27570.4921875,1.0,1.0,289.0,116.331190665,95.3996269464,-1.0,-1.0,3360.284295
1201.0,334.0,380.0,-1.0,-1.0,1.0,642.0,40736.78125,1.0,1.0,896.0,63.452930296,45.4651576451,-1.0,-1.0,4286.421189
1202.0,334.0,414.0,-1.0,-1.0,1.0,728.0,52769.6171875,1.0,0.0,1389.0,72.4857378949,37.9910850882,-1.0,-1.0,2951.543282
1203.0,335.0,336.0,-1.0,-1.0,1.0,68.0,8000.0,1.0,1.0,80.0,117.647058824,100.0,-1.0,-1.0,1838.933245
1204.0,335.0,350.0,-1.0,-1.0,1.0,75.0,9913.63671875,1.0,1.0,113.0,132.181822917,87.731298396,-1.0,-1.0,2538.33771
1205.0,335.0,362.0,-1.0,-1.0,-15.0,536.0,53389.328125,1.0,1.0,737.0,99.6069554571,72.4414221506,-1.0,-1.0,-1.0
1206.0,335.0,363.0,-1.0,-1.0,-15.0,462.0,48339.328125,1.0,1.0,637.0,104.630580357,75.8859154239,-1.0,-1.0,-1.0
1207.0,336.0,337.0,-1.0,-1.0,1.0,84.0,10000.0,1.0,1.0,100.0,119.047619048,100.0,-1.0,-1.0,1224.927397
1208.0,336.0,350.0,-1.0,-1.0,1.0,39.0,5010.0,1.0,1.0,60.0,128.461538462,83.5,-1.0,-1.0,3566.773591
1209.0,337.0,339.0,-1.0,-1.0,1.0,74.0,11656.8544922,1.0,1.0,116.0,157.525060705,100.490124933,-1.0,-1.0,1598.641752
1210.0,337.0,350.0,-1.0,-1.0,1.0,39.0,6000.0,1.0,1.0,60.0,153.846153846,100.0,-1.0,-1.0,3324.289633
1211.0,338.0,342.0,-1.0,-1.0,1.0,62.0,7010.0,1.0,1.0,80.0,113.064516129,87.625,-1.0,-1.0,4689.522516
1212.0,338.0,345.0,-1.0,-1.0,1.0,81.0,9428.35546875,1.0,1.0,108.0,116.399450231,87.2995876736,-1.0,-1.0,16297.31318
1213.0,338.0,348.0,-1.0,-1.0,-15.0,169.0,40256.78125,1.0,1.0,236.0,238.205806213,170.579581568,-1.0,-1.0,-1.0
1214.0,339.0,350.0,-1.0,-1.0,1.0,45.0,7085.20996094,1.0,1.0,84.0,157.449110243,84.3477376302,-1.0,-1.0,4238.169976
1215.0,339.0,412.0,-1.0,-1.0,-15.0,598.0,70067.8984375,1.0,0.0,765.0,117.170398725,91.5920241013,-1.0,-1.0,-1.0
1216.0,340.0,342.0,-1.0,-1.0,1.0,54.0,8000.0,1.0,1.0,80.0,148.148148148,100.0,-1.0,-1.0,10247.59454
1217.0,340.0,343.0,-1.0,-1.0,1.0,42.0,5428.35546875,1.0,1.0,68.0,129.24655878,79.8287568934,-1.0,-1.0,7483.695465
1218.0,341.0,346.0,-1.0,-1.0,1.0,118.0,12742.0644531,1.0,1.0,141.0,107.98359706,90.3692514404,-1.0,-1.0,28839.10547
1219.0,341.0,358.0,-1.0,-1.0,1.0,357.0,37369.4804688,1.0,1.0,387.0,104.676415879,96.5619650357,-1.0,-1.0,14315.86001
1220.0,342.0,343.0,-1.0,-1.0,1.0,122.0,13010.0,1.0,1.0,140.0,106.639344262,92.9285714286,-1.0,-1.0,5448.829742
1221.0,342.0,345.0,-1.0,-1.0,1.0,97.0,12485.28125,1.0,1.0,124.0,128.714239691,100.687752016,-1.0,-1.0,14021.82238
1222.0,342.0,355.0,-1.0,-1.0,1.0,211.0,23913.6367188,1.0,1.0,253.0,113.334771179,94.5203032364,-1.0,-1.0,13000.3699
1223.0,343.0,347.0,-1.0,-1.0,1.0,97.0,11913.6367188,1.0,1.0,133.0,122.820997101,89.5762159308,-1.0,-1.0,12534.08938
1224.0,343.0,355.0,-1.0,-1.0,1.0,205.0,21685.1386719,1.0,1.0,244.0,105.781164253,88.8735191471,-1.0,-1.0,15854.71825
1225.0,344.0,369.0,-1.0,-1.0,1.0,338.0,36884.1992188,1.0,1.0,382.0,109.12484976,96.5554953372,-1.0,-1.0,2776.838251
1226.0,344.0,380.0,-1.0,-1.0,1.0,795.0,37277.8359375,0.0,1.0,875.0,46.8903596698,42.6032410714,-1.0,-1.0,4696.670402
1227.0,344.0,407.0,-1.0,-1.0,1.0,577.0,34369.5546875,1.0,0.0,879.0,59.5659526646,39.1007448094,-1.0,-1.0,2695.025379
1228.0,344.0,414.0,-1.0,-1.0,1.0,702.0,32566.1230469,1.0,0.0,1055.0,46.3904886708,30.8683630776,-1.0,-1.0,3086.483776
1229.0,344.0,420.0,-1.0,-1.0,1.0,716.0,32394.40625,0.0,1.0,884.0,45.243584148,36.6452559389,-1.0,-1.0,3036.500385
1230.0,344.0,478.0,-1.0,-1.0,1.0,1835.0,64124.1132813,0.0,1.0,2753.0,34.9450208617,23.2924494302,-1.0,-1.0,5594.527417
1231.0,345.0,348.0,-1.0,-1.0,1.0,53.0,26828.4277344,1.0,1.0,88.0,506.196749706,304.868496982,-1.0,-1.0,24291.45671
1232.0,345.0,355.0,-1.0,-1.0,1.0,197.0,21570.4921875,1.0,1.0,229.0,109.494884201,94.1942890284,-1.0,-1.0,7787.429757
1233.0,346.0,347.0,-1.0,-1.0,1.0,239.0,25010.0,1.0,1.0,260.0,104.644351464,96.1923076923,-1.0,-1.0,7112.155666
1234.0,346.0,351.0,-1.0,-1.0,1.0,146.0,16170.4199219,1.0,1.0,189.0,110.756300835,85.5577773646,-1.0,-1.0,16010.27756
1235.0,346.0,358.0,-1.0,-1.0,1.0,382.0,40655.703125,1.0,1.0,434.0,106.428542212,93.6767353111,-1.0,-1.0,5642.396069
1236.0,346.0,373.0,-1.0,-1.0,1.0,191.0,19456.640625,1.0,1.0,236.0,101.867228403,82.4433924788,-1.0,-1.0,20708.2022
1237.0,346.0,377.0,-1.0,-1.0,1.0,264.0,19524.9238281,1.0,0.0,304.0,73.9580448034,64.2267231188,-1.0,-1.0,20725.76832
1238.0,347.0,351.0,-1.0,-1.0,1.0,127.0,14142.1357422,1.0,1.0,141.0,111.355399545,100.298835051,-1.0,-1.0,10806.58079
1239.0,347.0,355.0,-1.0,-1.0,1.0,145.0,16742.0644531,1.0,1.0,181.0,115.46251347,92.4975936635,-1.0,-1.0,13979.68411
1240.0,347.0,361.0,-1.0,-1.0,1.0,94.0,12828.4267578,1.0,1.0,128.0,136.472625083,100.222084045,-1.0,-1.0,14195.27662
1241.0,348.0,355.0,-1.0,-1.0,1.0,232.0,43913.6367188,1.0,1.0,273.0,189.282916891,160.855812157,-1.0,-1.0,12543.56308
1242.0,348.0,382.0,-1.0,-1.0,1.0,194.0,52828.4257813,1.0,1.0,208.0,272.311473099,253.982816256,-1.0,-1.0,9782.933926
1243.0,348.0,389.0,-1.0,-1.0,1.0,363.0,68195.625,1.0,1.0,1004.0,187.866735537,67.9239292829,-1.0,-1.0,13186.79761
1244.0,348.0,448.0,-1.0,-1.0,1.0,1979.0,197055.21875,1.0,0.0,2234.0,99.5731272107,88.2073494852,-1.0,-1.0,14478.05099
1245.0,349.0,380.0,-1.0,-1.0,1.0,56.0,6438.35546875,1.0,1.0,88.0,114.970633371,73.1631303267,-1.0,-1.0,11486.74605
1246.0,349.0,412.0,-1.0,-1.0,1.0,434.0,34655.5507813,1.0,0.0,464.0,79.8514994961,74.6886870287,-1.0,-1.0,5851.335527
1247.0,349.0,415.0,-1.0,-1.0,1.0,565.0,25828.9804688,0.0,1.0,627.0,45.7150096793,41.1945462022,-1.0,-1.0,5455.960969
1248.0,350.0,363.0,-1.0,-1.0,1.0,362.0,38312.5546875,1.0,1.0,411.0,105.83578643,93.2178946168,-1.0,-1.0,6070.201136
1249.0,350.0,366.0,-1.0,-1.0,1.0,380.0,52097.4023438,1.0,0.0,407.0,137.098427221,128.003445562,-1.0,-1.0,4239.650403
1250.0,350.0,378.0,-1.0,-1.0,1.0,196.0,36828.4257813,1.0,1.0,208.0,187.900131537,177.059739333,-1.0,-1.0,4645.362323
1251.0,350.0,383.0,-1.0,-1.0,-15.0,272.0,45705.1367188,1.0,0.0,344.0,168.033590878,132.863769531,-1.0,-1.0,-1.0
1252.0,350.0,412.0,-1.0,-1.0,1.0,510.0,62894.40625,1.0,1.0,592.0,123.322365196,106.240551098,-1.0,-1.0,3250.649785
1253.0,350.0,415.0,-1.0,-1.0,-15.0,782.0,81307.5390625,0.0,1.0,1025.0,103.973835118,79.3244283537,-1.0,-1.0,-1.0
1254.0,351.0,361.0,-1.0,-1.0,1.0,108.0,11428.3554688,1.0,1.0,128.0,105.818106193,89.2840271,-1.0,-1.0,6970.02893
1255.0,351.0,373.0,-1.0,-1.0,1.0,132.0,14170.4199219,1.0,1.0,169.0,107.351666075,83.8486385911,-1.0,-1.0,14057.66983
1256.0,351.0,374.0,-1.0,-1.0,1.0,177.0,20142.1347656,1.0,1.0,201.0,113.797371557,100.2096257,-1.0,-1.0,9978.951547
1257.0,352.0,360.0,-1.0,-1.0,1.0,2.0,9010.0,1.0,1.0,20.0,4505.0,450.5,-1.0,-1.0,1468.000007
1258.0,353.0,379.0,-1.0,-1.0,1.0,2.0,1010.0,1.0,1.0,20.0,505.0,50.5,-1.0,-1.0,1468.001909
1259.0,353.0,467.0,-1.0,-1.0,1.0,1912.0,357571.4375,1.0,0.0,3671.0,187.014350157,97.4043687006,-1.0,-1.0,6517.931998
1260.0,353.0,478.0,-1.0,-1.0,1.0,2740.0,185507.53125,0.0,1.0,4196.0,67.7034785584,44.2105651215,-1.0,-1.0,13749.34709
1261.0,355.0,361.0,-1.0,-1.0,1.0,93.0,10020.0,1.0,1.0,120.0,107.741935484,83.5,-1.0,-1.0,8502.358623
1262.0,355.0,374.0,-1.0,-1.0,1.0,160.0,17570.4921875,1.0,1.0,189.0,109.815576172,92.9655671296,-1.0,-1.0,7816.318327
1263.0,355.0,382.0,-1.0,-1.0,1.0,249.0,45523.5664063,1.0,1.0,313.0,182.825567897,145.442704173,-1.0,-1.0,22295.22076
1264.0,355.0,398.0,-1.0,-1.0,1.0,223.0,24742.0644531,1.0,1.0,261.0,110.950961673,94.7971818126,-1.0,-1.0,14517.21582
1265.0,356.0,360.0,-1.0,-1.0,1.0,717.0,89433.921875,1.0,1.0,1478.0,124.733503312,60.5100959912,-1.0,-1.0,4249.50464
1266.0,356.0,376.0,-1.0,-1.0,1.0,53.0,5428.35546875,1.0,1.0,68.0,102.421801297,79.8287568934,-1.0,-1.0,24895.23574
1267.0,356.0,387.0,-1.0,-1.0,-15.0,209.0,12964.9960938,1.0,0.0,264.0,62.033474133,49.1098336886,-1.0,-1.0,-1.0
1268.0,356.0,425.0,-1.0,-1.0,-15.0,532.0,44139.8476563,1.0,0.0,749.0,82.9696384517,58.9317058162,-1.0,-1.0,-1.0
1269.0,356.0,471.0,-1.0,-1.0,1.0,2357.0,89198.34375,0.0,1.0,3052.0,37.8440151676,29.2261938893,-1.0,-1.0,9953.991704
1270.0,357.0,358.0,-1.0,-1.0,1.0,579.0,60020.0,0.0,1.0,620.0,103.66148532,96.8064516129,-1.0,-1.0,17034.45888
1271.0,357.0,371.0,-1.0,-1.0,1.0,25.0,29010.0,1.0,1.0,60.0,1160.4,483.5,-1.0,-1.0,36989.57073
1272.0,357.0,372.0,-1.0,-1.0,1.0,269.0,64533.5664063,1.0,1.0,373.0,239.901733852,173.012242376,-1.0,-1.0,18541.15031
1273.0,357.0,400.0,-1.0,-1.0,1.0,361.0,306423.0625,1.0,1.0,404.0,848.817347645,758.47292698,-1.0,-1.0,5053.603489
1274.0,358.0,365.0,-1.0,-1.0,1.0,18.0,27010.0,1.0,1.0,40.0,1500.55555556,675.25,-1.0,-1.0,15333.69345
1275.0,358.0,367.0,-1.0,-1.0,-15.0,196.0,58323.7070313,0.0,1.0,593.0,297.569933833,98.3536374895,-1.0,-1.0,-1.0
1276.0,358.0,368.0,-1.0,-1.0,1.0,101.0,39010.0,1.0,1.0,160.0,386.237623762,243.8125,-1.0,-1.0,11130.49479
1277.0,358.0,372.0,-1.0,-1.0,-15.0,304.0,67495.28125,0.0,1.0,684.0,222.02395148,98.677311769,-1.0,-1.0,-1.0
1278.0,358.0,373.0,-1.0,-1.0,-15.0,352.0,30677.0605469,0.0,1.0,426.0,87.1507401901,72.0118792181,-1.0,-1.0,-1.0
1279.0,358.0,377.0,-1.0,-1.0,1.0,309.0,30600.4921875,1.0,1.0,349.0,99.0307190534,87.6804933739,-1.0,-1.0,10764.39033
1280.0,358.0,391.0,-1.0,-1.0,1.0,248.0,35838.4257813,0.0,1.0,368.0,144.509781376,97.3870265796,-1.0,-1.0,16595.02291
1281.0,359.0,364.0,-1.0,-1.0,1.0,22.0,1448.35571289,1.0,1.0,48.0,65.8343505859,30.1740773519,-1.0,-1.0,8364.445462
1282.0,359.0,390.0,-1.0,-1.0,1.0,73.0,2924.99560547,1.0,1.0,124.0,40.0684329516,23.5886742377,-1.0,-1.0,6820.661625
1283.0,359.0,422.0,-1.0,-1.0,1.0,1208.0,169923.609375,0.0,1.0,1450.0,140.665239549,117.188696121,-1.0,-1.0,16513.1453
1284.0,360.0,403.0,-1.0,-1.0,-15.0,1302.0,460542.5,1.0,0.0,4737.0,353.719278034,97.2223981423,-1.0,-1.0,-1.0
1285.0,360.0,425.0,-1.0,-1.0,1.0,875.0,85164.234375,1.0,0.0,1520.0,97.3305535714,56.0291015625,-1.0,-1.0,3431.994796
1286.0,360.0,456.0,-1.0,-1.0,-15.0,909.0,88640.875,1.0,0.0,1616.0,97.5147139714,54.8520266089,-1.0,-1.0,-1.0
1287.0,360.0,471.0,-1.0,-1.0,1.0,1645.0,13178.2255859,1.0,1.0,2627.0,8.01107938353,5.01645435322,-1.0,-1.0,44043.30561
1288.0,360.0,480.0,-1.0,-1.0,1.0,1450.0,21782.6328125,1.0,0.0,2492.0,15.0225053879,8.74102440309,-1.0,-1.0,19331.12842
1289.0,361.0,374.0,-1.0,-1.0,1.0,85.0,11010.0,1.0,1.0,120.0,129.529411765,91.75,-1.0,-1.0,14147.79083
1290.0,362.0,363.0,-1.0,-1.0,1.0,17.0,4000.0,1.0,1.0,40.0,235.294117647,100.0,-1.0,-1.0,4590.477504
1291.0,362.0,385.0,-1.0,-1.0,1.0,18.0,10000.0,1.0,1.0,20.0,555.555555556,500.0,-1.0,-1.0,4743.119356
1292.0,362.0,386.0,-1.0,-1.0,-15.0,40.0,19078.2851563,1.0,1.0,108.0,476.957128908,176.650788484,-1.0,-1.0,-1.0
1293.0,363.0,366.0,-1.0,-1.0,1.0,13.0,19394.7753906,1.0,1.0,76.0,1491.90579928,255.194413034,-1.0,-1.0,1634.312625
1294.0,363.0,378.0,-1.0,-1.0,1.0,567.0,60008.8476563,0.0,1.0,637.0,105.835710152,94.2054123333,-1.0,-1.0,1824.47314
1295.0,363.0,385.0,-1.0,-1.0,1.0,21.0,12000.0,1.0,1.0,40.0,571.428571429,300.0,-1.0,-1.0,4667.567205
1296.0,364.0,390.0,-1.0,-1.0,1.0,106.0,2924.99560547,1.0,1.0,124.0,27.5942981648,23.5886742377,-1.0,-1.0,10260.33743
1297.0,364.0,422.0,-1.0,-1.0,1.0,1131.0,168466.96875,1.0,0.0,1393.0,148.953995358,120.938240309,-1.0,-1.0,16597.17864
1298.0,364.0,433.0,-1.0,-1.0,-15.0,657.0,118125.742188,1.0,0.0,902.0,179.79565021,130.959802869,-1.0,-1.0,-1.0
1299.0,364.0,449.0,-1.0,-1.0,-15.0,798.0,120365.742188,1.0,0.0,1162.0,150.834263393,103.584976065,-1.0,-1.0,-1.0
1300.0,365.0,368.0,-1.0,-1.0,1.0,82.0,20000.0,1.0,1.0,120.0,243.902439024,166.666666667,-1.0,-1.0,4003.152605
1301.0,365.0,377.0,-1.0,-1.0,1.0,305.0,39105.2109375,1.0,0.0,344.0,128.213806352,113.677938772,-1.0,-1.0,6553.955554
1302.0,365.0,381.0,-1.0,-1.0,1.0,149.0,25313.7089844,1.0,0.0,173.0,169.890664325,146.322017251,-1.0,-1.0,5983.826595
1303.0,365.0,391.0,-1.0,-1.0,1.0,225.0,34970.5625,1.0,1.0,269.0,155.424722222,130.002091078,-1.0,-1.0,6356.868027
1304.0,365.0,396.0,-1.0,-1.0,1.0,180.0,28000.0,1.0,1.0,200.0,155.555555556,140.0,-1.0,-1.0,9785.628895
1305.0,366.0,378.0,-1.0,-1.0,1.0,551.0,67513.5625,1.0,0.0,613.0,122.529151543,110.136317292,-1.0,-1.0,1470.209193
1306.0,366.0,385.0,-1.0,-1.0,1.0,30.0,27485.28125,1.0,1.0,184.0,916.176041667,149.376528533,-1.0,-1.0,2599.610602
1307.0,366.0,431.0,-1.0,-1.0,1.0,525.0,67142.1328125,1.0,0.0,581.0,127.889776786,115.563051312,-1.0,-1.0,2194.953787
1308.0,367.0,368.0,-1.0,-1.0,1.0,77.0,8000.0,1.0,1.0,80.0,103.896103896,100.0,-1.0,-1.0,7364.744547
1309.0,367.0,372.0,-1.0,-1.0,1.0,78.0,8828.42675781,1.0,1.0,88.0,113.184958433,100.323031339,-1.0,-1.0,13411.68747
1310.0,367.0,381.0,-1.0,-1.0,1.0,86.0,10485.28125,1.0,1.0,104.0,121.921875,100.820012019,-1.0,-1.0,12544.61189
1311.0,367.0,384.0,-1.0,-1.0,1.0,83.0,10828.4267578,1.0,1.0,108.0,130.462972986,100.26321072,-1.0,-1.0,10535.97255
1312.0,368.0,381.0,-1.0,-1.0,1.0,55.0,6828.42724609,1.0,1.0,68.0,124.153222656,100.418047737,-1.0,-1.0,16721.62444
1313.0,368.0,396.0,-1.0,-1.0,1.0,194.0,20970.5625,0.0,1.0,209.0,108.09568299,100.337619617,-1.0,-1.0,13680.47476
1314.0,369.0,407.0,-1.0,-1.0,1.0,302.0,16548.4101563,1.0,0.0,567.0,54.7960601202,29.1859085649,-1.0,-1.0,6969.443409
1315.0,369.0,420.0,-1.0,-1.0,1.0,510.0,14573.2626953,0.0,1.0,572.0,28.5750248927,25.4777319848,-1.0,-1.0,8690.223507
1316.0,369.0,467.0,-1.0,-1.0,1.0,1810.0,205933.859375,1.0,0.0,3485.0,113.775612914,59.0914947991,-1.0,-1.0,3144.888045
1317.0,369.0,478.0,-1.0,-1.0,1.0,1464.0,31922.8417969,1.0,1.0,2062.0,21.8052198066,15.4814945669,-1.0,-1.0,8715.848128
1318.0,371.0,372.0,-1.0,-1.0,1.0,262.0,25866.7109375,1.0,1.0,296.0,98.7279043416,87.387536951,-1.0,-1.0,8439.969868
1319.0,371.0,388.0,-1.0,-1.0,1.0,117.0,15313.7089844,1.0,1.0,153.0,130.886401576,100.089601205,-1.0,-1.0,16665.93797
1320.0,371.0,399.0,-1.0,-1.0,1.0,153.0,18000.0,1.0,1.0,180.0,117.647058824,100.0,-1.0,-1.0,18605.20253
1321.0,371.0,400.0,-1.0,-1.0,1.0,340.0,307622.375,1.0,1.0,466.0,904.771691176,660.133851931,-1.0,-1.0,5165.464509
1322.0,372.0,384.0,-1.0,-1.0,1.0,79.0,8485.28125,1.0,1.0,84.0,107.408623418,101.015252976,-1.0,-1.0,22992.46135
1323.0,372.0,388.0,-1.0,-1.0,1.0,219.0,21180.4199219,1.0,1.0,249.0,96.7142462187,85.0619273972,-1.0,-1.0,8582.701841
1324.0,373.0,374.0,-1.0,-1.0,1.0,204.0,23428.3554688,1.0,1.0,248.0,114.844879749,94.4691752774,-1.0,-1.0,5420.538267
1325.0,373.0,377.0,-1.0,-1.0,1.0,35.0,76.5685424805,1.0,1.0,76.0,2.1876726423,1.00748082211,-1.0,-1.0,29070.17432
1326.0,373.0,398.0,-1.0,-1.0,1.0,213.0,23570.4921875,1.0,1.0,249.0,110.659587735,94.6606111948,-1.0,-1.0,13436.35253
1327.0,373.0,404.0,-1.0,-1.0,-15.0,218.0,33451.6367188,1.0,0.0,381.0,153.447874857,87.7995714404,-1.0,-1.0,-1.0
1328.0,374.0,398.0,-1.0,-1.0,1.0,69.0,8000.0,1.0,1.0,80.0,115.942028986,100.0,-1.0,-1.0,30943.13921
1329.0,375.0,400.0,-1.0,-1.0,1.0,4.0,28.2842712402,1.0,1.0,28.0,7.07106781005,1.01015254429,-1.0,-1.0,15382.80958
1330.0,375.0,430.0,-1.0,-1.0,1.0,1192.0,329255.65625,1.0,1.0,1585.0,276.221188129,207.732275237,-1.0,-1.0,9815.620689
1331.0,376.0,387.0,-1.0,-1.0,1.0,63.0,7428.35546875,1.0,1.0,88.0,117.910404266,84.4131303267,-1.0,-1.0,17088.27764
1332.0,376.0,390.0,-1.0,-1.0,-15.0,2616.0,535573.5625,0.0,1.0,4141.0,204.729955084,129.334354624,-1.0,-1.0,-1.0
1333.0,376.0,401.0,-1.0,-1.0,-15.0,149.0,17428.3554688,0.0,1.0,188.0,116.96882865,92.7040184511,-1.0,-1.0,-1.0
1334.0,376.0,471.0,-1.0,-1.0,1.0,2374.0,90551.484375,0.0,1.0,3076.0,38.1430010004,29.438063841,-1.0,-1.0,8746.439468
1335.0,376.0,481.0,-1.0,-1.0,-15.0,1508.0,400762.375,1.0,1.0,2658.0,265.757543103,150.77591234,-1.0,-1.0,-1.0
1336.0,377.0,391.0,-1.0,-1.0,1.0,163.0,13941.9208984,1.0,1.0,181.0,85.5332570454,77.027187284,-1.0,-1.0,28476.93303
1337.0,377.0,398.0,-1.0,-1.0,-15.0,272.0,23675.34375,0.0,1.0,354.0,87.0417049632,66.8795021186,-1.0,-1.0,-1.0
1338.0,377.0,404.0,-1.0,-1.0,1.0,205.0,33375.0664063,1.0,1.0,304.0,162.805201982,109.786402652,-1.0,-1.0,20963.97501
1339.0,378.0,383.0,-1.0,-1.0,1.0,64.0,8256.78320313,1.0,1.0,96.0,129.012237549,86.0081583659,-1.0,-1.0,4122.798616
1340.0,378.0,385.0,-1.0,-1.0,1.0,601.0,63341.9921875,0.0,1.0,661.0,105.394329763,95.8275222201,-1.0,-1.0,2106.105728
1341.0,378.0,392.0,-1.0,-1.0,1.0,255.0,44170.4179688,0.0,1.0,309.0,173.217325368,142.946336469,-1.0,-1.0,5060.014607
1342.0,378.0,412.0,-1.0,-1.0,-15.0,359.0,47667.0585938,0.0,1.0,426.0,132.777321988,111.894503741,-1.0,-1.0,-1.0
1343.0,378.0,431.0,-1.0,-1.0,1.0,673.0,69882.25,1.0,1.0,698.0,103.83692422,100.117836676,-1.0,-1.0,2380.538311
1344.0,378.0,441.0,-1.0,-1.0,1.0,717.0,75910.5390625,1.0,1.0,787.0,105.872439418,96.4555769536,-1.0,-1.0,2106.078085
1345.0,378.0,457.0,-1.0,-1.0,1.0,797.0,85949.96875,0.0,1.0,897.0,107.841867942,95.819363155,-1.0,-1.0,1698.472971
1346.0,379.0,467.0,-1.0,-1.0,-15.0,1733.0,359589.65625,1.0,1.0,4120.0,207.495473889,87.2790427791,-1.0,-1.0,-1.0
1347.0,379.0,470.0,-1.0,-1.0,-15.0,1859.0,399339.5625,1.0,1.0,4360.0,214.814181011,91.5916427752,-1.0,-1.0,-1.0
1348.0,379.0,474.0,-1.0,-1.0,-15.0,3062.0,603216.75,1.0,0.0,17376.0,197.000898106,34.7155127762,-1.0,-1.0,-1.0
1349.0,379.0,478.0,-1.0,-1.0,-15.0,2568.0,187525.734375,0.0,1.0,4645.0,73.0240398657,40.3715251615,-1.0,-1.0,-1.0
1350.0,379.0,584.0,-1.0,-1.0,-15.0,2673.0,252566.96875,1.0,0.0,9199.0,94.4882037972,27.4559157245,-1.0,-1.0,-1.0
1351.0,379.0,592.0,-1.0,-1.0,-15.0,3215.0,291982.03125,1.0,0.0,12466.0,90.8186722395,23.4222710773,-1.0,-1.0,-1.0
1352.0,380.0,412.0,-1.0,-1.0,1.0,411.0,37163.1367188,1.0,0.0,453.0,90.4212572234,82.0378294013,-1.0,-1.0,6937.823481
1353.0,380.0,414.0,-1.0,-1.0,1.0,391.0,14209.2597656,1.0,1.0,1509.0,36.3408178148,9.41634179298,-1.0,-1.0,8585.437054
1354.0,380.0,415.0,-1.0,-1.0,1.0,434.0,28324.8535156,1.0,1.0,604.0,65.2646394369,46.8954528404,-1.0,-1.0,6864.07561
1355.0,380.0,420.0,-1.0,-1.0,1.0,736.0,14037.5439453,0.0,1.0,1337.0,19.0727499257,10.4992849254,-1.0,-1.0,8889.31669
1356.0,380.0,436.0,-1.0,-1.0,1.0,449.0,33330.3867188,1.0,1.0,1820.0,74.2324871243,18.313399296,-1.0,-1.0,3105.787836
1357.0,381.0,384.0,-1.0,-1.0,1.0,73.0,10000.0,1.0,1.0,100.0,136.98630137,100.0,-1.0,-1.0,5674.423061
1358.0,381.0,394.0,-1.0,-1.0,-15.0,107.0,12458.3554688,1.0,1.0,168.0,116.43322868,74.1568777905,-1.0,-1.0,-1.0
1359.0,381.0,395.0,-1.0,-1.0,1.0,98.0,12485.28125,1.0,1.0,124.0,127.400829082,100.687752016,-1.0,-1.0,11660.21483
1360.0,381.0,396.0,-1.0,-1.0,-15.0,145.0,14762.0644531,1.0,1.0,181.0,101.807341056,81.5583671442,-1.0,-1.0,-1.0
1361.0,381.0,397.0,-1.0,-1.0,1.0,76.0,9428.35546875,1.0,1.0,108.0,124.057308799,87.2995876736,-1.0,-1.0,22330.89739
1362.0,382.0,389.0,-1.0,-1.0,1.0,75.0,8485.28125,1.0,1.0,84.0,113.137083333,101.015252976,-1.0,-1.0,48873.84635
1363.0,382.0,398.0,-1.0,-1.0,1.0,311.0,53227.34375,1.0,1.0,366.0,171.149015273,145.429900956,-1.0,-1.0,13459.22979
1364.0,382.0,405.0,-1.0,-1.0,1.0,321.0,61656.8554688,1.0,1.0,436.0,192.077431367,141.414806121,-1.0,-1.0,3931.875754
1365.0,382.0,411.0,-1.0,-1.0,1.0,317.0,62485.28125,1.0,0.0,444.0,197.114451893,140.732615428,-1.0,-1.0,3270.010962
1366.0,383.0,392.0,-1.0,-1.0,1.0,149.0,33913.6367188,1.0,1.0,193.0,227.608300126,175.718324968,-1.0,-1.0,6012.735476
1367.0,383.0,412.0,-1.0,-1.0,-15.0,256.0,37410.2773438,1.0,0.0,309.0,146.133895874,121.068858718,-1.0,-1.0,-1.0
1368.0,383.0,441.0,-1.0,-1.0,1.0,759.0,77910.5390625,1.0,0.0,807.0,102.648931571,96.5434189126,-1.0,-1.0,2225.363472
1369.0,383.0,457.0,-1.0,-1.0,1.0,822.0,86663.75,1.0,0.0,890.0,105.430352798,97.375,-1.0,-1.0,1656.904726
1370.0,384.0,388.0,-1.0,-1.0,1.0,271.0,29656.8535156,1.0,1.0,296.0,109.434883821,100.192072688,-1.0,-1.0,5666.063053
1371.0,384.0,395.0,-1.0,-1.0,1.0,64.0,9656.85449219,1.0,1.0,96.0,150.88835144,100.592234294,-1.0,-1.0,17201.39035
1372.0,384.0,402.0,-1.0,-1.0,1.0,138.0,17656.8535156,1.0,1.0,176.0,127.948213881,100.323031339,-1.0,-1.0,15840.80292
1373.0,385.0,386.0,-1.0,-1.0,1.0,20.0,28.2842712402,1.0,1.0,28.0,1.41421356201,1.01015254429,-1.0,-1.0,8639.054619
1374.0,385.0,410.0,-1.0,-1.0,-15.0,157.0,15163.1367188,1.0,1.0,313.0,96.5804886548,48.4445262581,-1.0,-1.0,-1.0
1375.0,385.0,421.0,-1.0,-1.0,1.0,261.0,27113.4941406,1.0,1.0,313.0,103.883119313,86.6245819188,-1.0,-1.0,3760.157331
1376.0,385.0,431.0,-1.0,-1.0,1.0,431.0,43295.6289063,1.0,1.0,514.0,100.453895374,84.2327410628,-1.0,-1.0,2500.146074
1377.0,386.0,410.0,-1.0,-1.0,1.0,152.0,15010.0,1.0,1.0,160.0,98.75,93.8125,-1.0,-1.0,5051.119634
1378.0,386.0,429.0,-1.0,-1.0,1.0,376.0,41085.2109375,1.0,0.0,424.0,109.269178025,96.8990823998,-1.0,-1.0,2654.288932
1379.0,386.0,446.0,-1.0,-1.0,-15.0,513.0,72998.84375,1.0,1.0,597.0,142.297941033,122.276120184,-1.0,-1.0,-1.0
1380.0,387.0,401.0,-1.0,-1.0,1.0,48.0,5428.35546875,1.0,1.0,68.0,113.090738932,79.8287568934,-1.0,-1.0,16944.60864
1381.0,387.0,425.0,-1.0,-1.0,-15.0,312.0,26011.5644531,1.0,0.0,441.0,83.3703988881,58.9831393494,-1.0,-1.0,-1.0
1382.0,387.0,471.0,-1.0,-1.0,-15.0,2324.0,85233.71875,0.0,1.0,3159.0,36.6754383606,26.9812341722,-1.0,-1.0,-1.0
1383.0,387.0,481.0,-1.0,-1.0,-15.0,1435.0,388762.375,1.0,0.0,2538.0,270.914547038,153.176664697,-1.0,-1.0,-1.0
1384.0,388.0,399.0,-1.0,-1.0,1.0,50.0,7656.85449219,1.0,1.0,76.0,153.137089844,100.748085424,-1.0,-1.0,16141.01705
1385.0,388.0,402.0,-1.0,-1.0,1.0,319.0,33512.4140625,1.0,1.0,391.0,105.054589538,85.7094988811,-1.0,-1.0,11526.47956
1386.0,389.0,405.0,-1.0,-1.0,1.0,356.0,58142.1367188,0.0,1.0,401.0,163.320608761,144.992859648,-1.0,-1.0,10670.00681
1387.0,389.0,411.0,-1.0,-1.0,1.0,338.0,58970.5625,1.0,0.0,409.0,174.469119822,144.182304401,-1.0,-1.0,9778.494143
1388.0,389.0,417.0,-1.0,-1.0,-15.0,345.0,69798.9921875,1.0,1.0,517.0,202.315919384,135.007721833,-1.0,-1.0,-1.0
1389.0,389.0,445.0,-1.0,-1.0,-15.0,636.0,92582.4140625,0.0,1.0,871.0,145.569833432,106.294390428,-1.0,-1.0,-1.0
1390.0,389.0,448.0,-1.0,-1.0,1.0,1748.0,159314.75,1.0,1.0,1985.0,91.1411613272,80.2593198992,-1.0,-1.0,12675.94233
1391.0,389.0,455.0,-1.0,-1.0,1.0,1710.0,158143.171875,1.0,1.0,1973.0,92.4813870614,80.1536603523,-1.0,-1.0,13817.51692
1392.0,389.0,486.0,-1.0,-1.0,1.0,1450.0,145794.03125,1.0,1.0,1871.0,100.547607759,77.923052512,-1.0,-1.0,20509.52585
1393.0,389.0,513.0,-1.0,-1.0,1.0,1926.0,122791.992188,0.0,1.0,2329.0,63.7549284465,52.7230537518,-1.0,-1.0,34636.20536
1394.0,390.0,422.0,-1.0,-1.0,1.0,1163.0,166340.046875,0.0,1.0,1317.0,143.026695507,126.302237566,-1.0,-1.0,16955.32932
1395.0,390.0,433.0,-1.0,-1.0,1.0,563.0,115152.460938,1.0,1.0,729.0,204.533678398,157.959480025,-1.0,-1.0,20491.81413
1396.0,390.0,449.0,-1.0,-1.0,-15.0,757.0,117392.460938,0.0,1.0,989.0,155.075906127,118.698140483,-1.0,-1.0,-1.0
1397.0,390.0,481.0,-1.0,-1.0,1.0,1344.0,631473.0,1.0,1.0,1778.0,469.845982143,355.159167604,-1.0,-1.0,14306.07707
1398.0,391.0,393.0,-1.0,-1.0,1.0,38.0,4828.42724609,1.0,1.0,48.0,127.063874897,100.592234294,-1.0,-1.0,18292.76788
1399.0,391.0,396.0,-1.0,-1.0,1.0,115.0,12828.4267578,1.0,1.0,128.0,111.551537024,100.222084045,-1.0,-1.0,8444.889859
1400.0,391.0,404.0,-1.0,-1.0,1.0,248.0,33227.34375,1.0,1.0,346.0,133.981224798,96.0327854046,-1.0,-1.0,12646.57101
1401.0,391.0,419.0,-1.0,-1.0,1.0,171.0,19656.8535156,1.0,1.0,196.0,114.95235974,100.290068957,-1.0,-1.0,17316.31787
1402.0,392.0,412.0,-1.0,-1.0,1.0,75.0,2486.63989258,1.0,1.0,96.0,33.1551985677,25.902498881,-1.0,-1.0,14814.93739
1403.0,392.0,415.0,-1.0,-1.0,-15.0,350.0,21511.421875,0.0,1.0,561.0,61.4612053571,38.3447805258,-1.0,-1.0,-1.0
1404.0,392.0,457.0,-1.0,-1.0,1.0,877.0,84350.828125,1.0,1.0,1249.0,96.1811039054,67.5346902522,-1.0,-1.0,3115.157221
1405.0,393.0,396.0,-1.0,-1.0,1.0,55.0,6000.0,1.0,1.0,60.0,109.090909091,100.0,-1.0,-1.0,8385.111253
1406.0,393.0,419.0,-1.0,-1.0,1.0,152.0,16000.0,1.0,1.0,160.0,105.263157895,100.0,-1.0,-1.0,16923.55524
1407.0,394.0,396.0,-1.0,-1.0,1.0,18.0,2020.0,1.0,1.0,40.0,112.222222222,50.5,-1.0,-1.0,19141.0348
1408.0,394.0,397.0,-1.0,-1.0,1.0,21.0,2000.0,1.0,1.0,20.0,95.2380952381,100.0,-1.0,-1.0,19231.80594
1409.0,394.0,406.0,-1.0,-1.0,-15.0,115.0,10486.6396484,0.0,1.0,176.0,91.1881708557,59.5831798205,-1.0,-1.0,-1.0
1410.0,395.0,397.0,-1.0,-1.0,1.0,46.0,5428.35546875,1.0,1.0,68.0,118.007727582,79.8287568934,-1.0,-1.0,14928.31816
1411.0,395.0,402.0,-1.0,-1.0,1.0,43.0,8000.0,1.0,1.0,80.0,186.046511628,100.0,-1.0,-1.0,16303.61625
1412.0,396.0,397.0,-1.0,-1.0,-15.0,69.0,5030.0,1.0,0.0,80.0,72.8985507246,62.875,-1.0,-1.0,-1.0
1413.0,396.0,406.0,-1.0,-1.0,-15.0,127.0,13516.6396484,1.0,1.0,236.0,106.430233452,57.2738968153,-1.0,-1.0,-1.0
1414.0,396.0,419.0,-1.0,-1.0,1.0,148.0,16742.0644531,1.0,1.0,181.0,113.122057116,92.4975936635,-1.0,-1.0,17266.10068
1415.0,397.0,402.0,-1.0,-1.0,1.0,58.0,7085.20996094,1.0,1.0,84.0,122.15879243,84.3477376302,-1.0,-1.0,11815.83994
1416.0,397.0,406.0,-1.0,-1.0,1.0,69.0,7428.35546875,1.0,1.0,88.0,107.657325634,84.4131303267,-1.0,-1.0,16782.86564
1417.0,397.0,408.0,-1.0,-1.0,1.0,74.0,8256.78320313,1.0,1.0,96.0,111.578151394,86.0081583659,-1.0,-1.0,19990.93322
1418.0,398.0,404.0,-1.0,-1.0,1.0,194.0,40142.1367188,1.0,1.0,241.0,206.918230509,166.564882651,-1.0,-1.0,11585.10578
1419.0,398.0,405.0,-1.0,-1.0,1.0,5.0,18020.0,1.0,1.0,40.0,3604.0,450.5,-1.0,-1.0,33430.28559
1420.0,398.0,409.0,-1.0,-1.0,-15.0,82.0,24276.7832031,1.0,1.0,116.0,296.058331745,209.28261382,-1.0,-1.0,-1.0
1421.0,398.0,413.0,-1.0,-1.0,-15.0,180.0,37933.6367188,1.0,1.0,253.0,210.742426216,149.935322999,-1.0,-1.0,-1.0
1422.0,399.0,400.0,-1.0,-1.0,1.0,423.0,290939.34375,1.0,1.0,1260.0,687.799867021,230.904241071,-1.0,-1.0,5801.509921
1423.0,399.0,402.0,-1.0,-1.0,1.0,370.0,35808.6328125,1.0,1.0,437.0,96.7800886824,81.941951516,-1.0,-1.0,10519.72566
1424.0,399.0,430.0,-1.0,-1.0,1.0,2211.0,328586.25,0.0,1.0,2560.0,148.61431479,128.354003906,-1.0,-1.0,13932.18577
1425.0,399.0,461.0,-1.0,-1.0,1.0,844.0,95761.96875,0.0,1.0,1070.0,113.462048282,89.4971670561,-1.0,-1.0,29837.38273
1426.0,399.0,462.0,-1.0,-1.0,-15.0,877.0,107237.09375,1.0,1.0,1345.0,122.277187856,79.7301812268,-1.0,-1.0,-1.0
1427.0,399.0,583.0,-1.0,-1.0,-15.0,2415.0,268638.6875,0.0,1.0,3804.0,111.23755176,70.6200545478,-1.0,-1.0,-1.0
1428.0,400.0,430.0,-1.0,-1.0,-15.0,1324.0,329423.9375,1.0,1.0,1753.0,248.809620468,187.920101255,-1.0,-1.0,-1.0
1429.0,400.0,462.0,-1.0,-1.0,-15.0,1280.0,368157.09375,1.0,0.0,2497.0,287.622729492,147.439765218,-1.0,-1.0,-1.0
1430.0,400.0,466.0,-1.0,-1.0,1.0,1781.0,516230.15625,1.0,0.0,3654.0,289.85410233,141.278094212,-1.0,-1.0,5949.081642
1431.0,400.0,583.0,-1.0,-1.0,1.0,2241.0,374832.59375,1.0,0.0,2854.0,167.261309125,131.335877278,-1.0,-1.0,19306.31311
1432.0,401.0,423.0,-1.0,-1.0,1.0,113.0,14000.0,1.0,1.0,140.0,123.89380531,100.0,-1.0,-1.0,10141.68764
1433.0,401.0,425.0,-1.0,-1.0,-15.0,202.0,19943.2792969,1.0,1.0,313.0,98.7291054302,63.7165472744,-1.0,-1.0,-1.0
1434.0,401.0,440.0,-1.0,-1.0,-15.0,231.0,20896.7109375,1.0,1.0,276.0,90.4619521104,75.712720788,-1.0,-1.0,-1.0
1435.0,401.0,456.0,-1.0,-1.0,-15.0,316.0,22706.703125,0.0,1.0,446.0,71.8566554589,50.9118904148,-1.0,-1.0,-1.0
1436.0,401.0,471.0,-1.0,-1.0,1.0,2282.0,79757.078125,0.0,1.0,3043.0,34.9505162686,26.210015815,-1.0,-1.0,8204.019991
1437.0,401.0,481.0,-1.0,-1.0,-15.0,1358.0,382694.09375,1.0,1.0,2410.0,281.807138255,158.794229772,-1.0,-1.0,-1.0
1438.0,402.0,408.0,-1.0,-1.0,1.0,49.0,5656.85449219,1.0,1.0,56.0,115.446010045,101.015258789,-1.0,-1.0,20790.57714
1439.0,402.0,419.0,-1.0,-1.0,-15.0,315.0,23420.4824219,0.0,1.0,439.0,74.3507378473,53.3496182731,-1.0,-1.0,-1.0
1440.0,402.0,461.0,-1.0,-1.0,1.0,579.0,69171.8359375,0.0,1.0,700.0,119.467765004,98.8169084821,-1.0,-1.0,38421.23707
1441.0,402.0,462.0,-1.0,-1.0,-15.0,703.0,80646.9609375,1.0,0.0,975.0,114.718294363,82.7148317308,-1.0,-1.0,-1.0
1442.0,403.0,471.0,-1.0,-1.0,1.0,837.0,447034.5625,1.0,1.0,1780.0,534.091472521,251.14301264,-1.0,-1.0,5216.919073
1443.0,403.0,474.0,-1.0,-1.0,1.0,898.0,487035.6875,1.0,1.0,1437.0,542.355999443,338.925321851,-1.0,-1.0,3565.20608
1444.0,404.0,413.0,-1.0,-1.0,1.0,48.0,5656.85449219,1.0,1.0,56.0,117.851135254,101.015258789,-1.0,-1.0,23530.00996
1445.0,404.0,419.0,-1.0,-1.0,1.0,278.0,30170.4199219,1.0,1.0,329.0,108.526690367,91.7034040179,-1.0,-1.0,5845.151087
1446.0,404.0,424.0,-1.0,-1.0,1.0,62.0,8000.0,1.0,1.0,80.0,129.032258065,100.0,-1.0,-1.0,22094.52418
1447.0,405.0,409.0,-1.0,-1.0,1.0,56.0,6256.78271484,1.0,1.0,76.0,111.728262765,82.3260883532,-1.0,-1.0,8130.249117
1448.0,405.0,411.0,-1.0,-1.0,1.0,26.0,3428.35571289,1.0,1.0,48.0,131.859835111,71.4240773519,-1.0,-1.0,15170.43123
1449.0,405.0,417.0,-1.0,-1.0,1.0,115.0,13913.6367188,0.0,1.0,153.0,120.988145381,90.9388020837,-1.0,-1.0,6959.750947
1450.0,405.0,418.0,-1.0,-1.0,1.0,112.0,11341.9931641,1.0,1.0,141.0,101.267796108,80.4396678305,-1.0,-1.0,7294.123204
1451.0,406.0,408.0,-1.0,-1.0,1.0,26.0,6000.0,1.0,1.0,60.0,230.769230769,100.0,-1.0,-1.0,9519.433737
1452.0,406.0,419.0,-1.0,-1.0,1.0,197.0,14095.0585938,1.0,1.0,334.0,71.5485207807,42.2007742329,-1.0,-1.0,12062.09211
1453.0,407.0,414.0,-1.0,-1.0,1.0,395.0,2420.0,1.0,0.0,440.0,6.12658227848,5.5,-1.0,-1.0,7071.069533
1454.0,407.0,420.0,-1.0,-1.0,1.0,185.0,2213.13720703,1.0,1.0,233.0,11.9629038218,9.49844294863,-1.0,-1.0,6317.251216
1455.0,407.0,447.0,-1.0,-1.0,1.0,385.0,17171.7695313,1.0,0.0,611.0,44.6019987826,28.1043691183,-1.0,-1.0,3159.209218
1456.0,407.0,478.0,-1.0,-1.0,1.0,1309.0,34385.6835938,1.0,0.0,2545.0,26.2686658471,13.5110741037,-1.0,-1.0,8946.711534
1457.0,408.0,419.0,-1.0,-1.0,1.0,253.0,16935.2011719,1.0,1.0,374.0,66.9375540391,45.2812865559,-1.0,-1.0,8964.754016
1458.0,408.0,461.0,-1.0,-1.0,1.0,525.0,62686.5507813,1.0,0.0,635.0,119.402953869,98.7189776083,-1.0,-1.0,40963.61703
1459.0,408.0,462.0,-1.0,-1.0,-15.0,677.0,74161.6796875,1.0,0.0,910.0,109.544578564,81.4963513049,-1.0,-1.0,-1.0
1460.0,409.0,413.0,-1.0,-1.0,1.0,110.0,14828.4267578,1.0,1.0,148.0,134.803879616,100.192072688,-1.0,-1.0,5652.483762
1461.0,409.0,416.0,-1.0,-1.0,1.0,78.0,10485.28125,1.0,1.0,104.0,134.426682692,100.820012019,-1.0,-1.0,3269.215606
1462.0,409.0,418.0,-1.0,-1.0,1.0,48.0,7010.0,1.0,1.0,80.0,146.041666667,87.625,-1.0,-1.0,6197.190896
1463.0,410.0,421.0,-1.0,-1.0,1.0,97.0,11313.7089844,1.0,1.0,113.0,116.636175097,100.121318446,-1.0,-1.0,3629.582913
1464.0,410.0,429.0,-1.0,-1.0,1.0,225.0,25570.4921875,1.0,1.0,269.0,113.646631944,95.0575917751,-1.0,-1.0,2006.688606
1465.0,410.0,446.0,-1.0,-1.0,-15.0,385.0,57484.1289063,0.0,1.0,442.0,149.309425731,130.054590286,-1.0,-1.0,-1.0
1466.0,411.0,417.0,-1.0,-1.0,1.0,66.0,9656.85449219,1.0,1.0,96.0,146.315977154,100.592234294,-1.0,-1.0,6960.78171
1467.0,411.0,418.0,-1.0,-1.0,-15.0,147.0,14790.3486328,1.0,1.0,209.0,100.61461655,70.7672183388,-1.0,-1.0,-1.0
1468.0,412.0,415.0,-1.0,-1.0,1.0,15.0,9010.0,1.0,1.0,20.0,600.666666667,450.5,-1.0,-1.0,8127.102878
1469.0,412.0,457.0,-1.0,-1.0,1.0,951.0,84749.1875,1.0,0.0,1237.0,89.1158648791,68.5118734842,-1.0,-1.0,3430.251548
1470.0,413.0,416.0,-1.0,-1.0,1.0,28.0,5656.85449219,1.0,1.0,56.0,202.030517578,101.015258789,-1.0,-1.0,10455.70587
1471.0,413.0,424.0,-1.0,-1.0,1.0,47.0,5656.85449219,1.0,1.0,56.0,120.358606217,101.015258789,-1.0,-1.0,10227.16179
1472.0,414.0,420.0,-1.0,-1.0,1.0,207.0,253.137084961,1.0,1.0,253.0,1.22288446841,1.00054183779,-1.0,-1.0,13680.17355
1473.0,414.0,436.0,-1.0,-1.0,1.0,245.0,19210.0,1.0,1.0,400.0,78.4081632653,48.025,-1.0,-1.0,5850.270605
1474.0,414.0,447.0,-1.0,-1.0,1.0,372.0,15008.3378906,1.0,1.0,427.0,40.3449943296,35.1483322965,-1.0,-1.0,3487.696149
1475.0,414.0,460.0,-1.0,-1.0,1.0,521.0,37569.4804688,0.0,1.0,587.0,72.1103271954,64.0025220934,-1.0,-1.0,5692.206703
1476.0,415.0,436.0,-1.0,-1.0,1.0,593.0,54389.9179688,1.0,1.0,689.0,91.7199291211,78.9403744104,-1.0,-1.0,3725.005991
1477.0,415.0,457.0,-1.0,-1.0,1.0,1075.0,75986.7578125,1.0,1.0,1525.0,70.6853561047,49.8273821721,-1.0,-1.0,4479.057763
1478.0,415.0,460.0,-1.0,-1.0,1.0,613.0,50979.2578125,1.0,1.0,717.0,83.1635527121,71.1007779812,-1.0,-1.0,4646.005738
1479.0,415.0,464.0,-1.0,-1.0,-15.0,905.0,68145.828125,0.0,1.0,1053.0,75.2992575967,64.7158861586,-1.0,-1.0,-1.0
1480.0,415.0,502.0,-1.0,-1.0,1.0,1419.0,104374.601563,1.0,0.0,2023.0,73.5550398612,51.5939701251,-1.0,-1.0,3398.564371
1481.0,416.0,418.0,-1.0,-1.0,1.0,52.0,5428.35546875,1.0,1.0,68.0,104.391451322,79.8287568934,-1.0,-1.0,9814.426618
1482.0,416.0,424.0,-1.0,-1.0,1.0,64.0,7656.85449219,1.0,1.0,76.0,119.63835144,100.748085424,-1.0,-1.0,4050.539658
1483.0,417.0,418.0,-1.0,-1.0,1.0,191.0,21010.0,1.0,1.0,220.0,110.0,95.5,-1.0,-1.0,3606.908669
1484.0,417.0,427.0,-1.0,-1.0,1.0,181.0,20970.5625,1.0,1.0,209.0,115.859461326,100.337619617,-1.0,-1.0,5291.669353
1485.0,417.0,445.0,-1.0,-1.0,1.0,260.0,29227.3457031,1.0,1.0,306.0,112.412868089,95.5142016441,-1.0,-1.0,9278.564931
1486.0,417.0,486.0,-1.0,-1.0,-15.0,1244.0,160778.96875,1.0,0.0,1887.0,129.243544011,85.2034810546,-1.0,-1.0,-1.0
1487.0,418.0,424.0,-1.0,-1.0,1.0,122.0,13428.3554688,1.0,1.0,148.0,110.068487449,90.7321315459,-1.0,-1.0,5125.512575
1488.0,418.0,427.0,-1.0,-1.0,1.0,101.0,13085.2099609,1.0,1.0,144.0,129.556534266,90.8695136174,-1.0,-1.0,10809.99316
1489.0,418.0,434.0,-1.0,-1.0,1.0,164.0,17570.4921875,1.0,1.0,189.0,107.137147485,92.9655671296,-1.0,-1.0,7151.340851
1490.0,419.0,424.0,-1.0,-1.0,1.0,274.0,29010.0,1.0,1.0,300.0,105.875912409,96.7,-1.0,-1.0,10487.24365
1491.0,419.0,442.0,-1.0,-1.0,1.0,289.0,28071.5644531,1.0,1.0,521.0,97.1334410142,53.8801620981,-1.0,-1.0,16683.23799
1492.0,419.0,461.0,-1.0,-1.0,1.0,381.0,55523.3515625,1.0,1.0,473.0,145.730581529,117.385521274,-1.0,-1.0,45313.48008
1493.0,420.0,447.0,-1.0,-1.0,1.0,218.0,14930.3486328,1.0,1.0,349.0,68.4878377651,42.7803685754,-1.0,-1.0,3488.402472
1494.0,420.0,478.0,-1.0,-1.0,1.0,1345.0,32410.5390625,0.0,1.0,2550.0,24.0970550651,12.7100153186,-1.0,-1.0,9777.988936
1495.0,421.0,428.0,-1.0,-1.0,1.0,83.0,9656.85449219,1.0,1.0,96.0,116.347644484,100.592234294,-1.0,-1.0,2746.627306
1496.0,421.0,429.0,-1.0,-1.0,1.0,231.0,24970.5625,1.0,1.0,249.0,108.09767316,100.283383534,-1.0,-1.0,1121.486816
1497.0,421.0,431.0,-1.0,-1.0,1.0,117.0,13313.7089844,1.0,1.0,133.0,113.792384482,100.103075071,-1.0,-1.0,2122.092041
1498.0,421.0,432.0,-1.0,-1.0,1.0,89.0,10828.4267578,1.0,1.0,108.0,121.66771638,100.26321072,-1.0,-1.0,2402.291939
1499.0,421.0,435.0,-1.0,-1.0,1.0,195.0,20970.5625,1.0,1.0,209.0,107.541346154,100.337619617,-1.0,-1.0,1500.325254
1500.0,422.0,426.0,-1.0,-1.0,1.0,69.0,9656.85449219,1.0,1.0,96.0,139.95441293,100.592234294,-1.0,-1.0,47234.28518
1501.0,422.0,430.0,-1.0,-1.0,-15.0,234.0,23543.5664063,1.0,1.0,293.0,100.613531651,80.3534689635,-1.0,-1.0,-1.0
1502.0,422.0,449.0,-1.0,-1.0,1.0,358.0,146490.234375,1.0,1.0,531.0,409.190598813,275.876147599,-1.0,-1.0,4354.426964
1503.0,422.0,466.0,-1.0,-1.0,1.0,500.0,217925.828125,1.0,0.0,569.0,435.85165625,382.997940466,-1.0,-1.0,7806.342313
1504.0,423.0,425.0,-1.0,-1.0,1.0,28.0,4438.35546875,1.0,1.0,68.0,158.512695313,65.269933364,-1.0,-1.0,6661.294952
1505.0,423.0,440.0,-1.0,-1.0,1.0,39.0,5428.35546875,1.0,1.0,68.0,139.188601763,79.8287568934,-1.0,-1.0,3890.604044
1506.0,423.0,456.0,-1.0,-1.0,-15.0,104.0,7201.77832031,1.0,1.0,201.0,69.2478684645,35.8297428871,-1.0,-1.0,-1.0
1507.0,424.0,434.0,-1.0,-1.0,1.0,44.0,6828.42724609,1.0,1.0,68.0,155.19152832,100.418047737,-1.0,-1.0,22114.98006
1508.0,424.0,442.0,-1.0,-1.0,1.0,159.0,17913.6367188,1.0,1.0,193.0,112.664381879,92.8167705637,-1.0,-1.0,13743.10937
1509.0,425.0,440.0,-1.0,-1.0,-15.0,105.0,7038.1328125,1.0,0.0,277.0,67.0298363095,25.4084217058,-1.0,-1.0,-1.0
1510.0,425.0,456.0,-1.0,-1.0,1.0,25.0,3428.35571289,1.0,1.0,48.0,137.134228516,71.4240773519,-1.0,-1.0,6176.301888
1511.0,425.0,471.0,-1.0,-1.0,1.0,2046.0,84346.21875,0.0,1.0,2678.0,41.2249358504,31.4959741412,-1.0,-1.0,6691.592951
1512.0,425.0,480.0,-1.0,-1.0,1.0,752.0,90153.59375,0.0,1.0,1315.0,119.885098072,68.5578659696,-1.0,-1.0,4308.068698
1513.0,426.0,430.0,-1.0,-1.0,1.0,114.0,12438.3554688,1.0,1.0,148.0,109.108381305,84.0429423568,-1.0,-1.0,49456.34038
1514.0,426.0,449.0,-1.0,-1.0,1.0,490.0,152923.875,0.0,1.0,622.0,312.089540816,245.858319936,-1.0,-1.0,7043.237549
1515.0,426.0,466.0,-1.0,-1.0,1.0,438.0,223097.40625,1.0,0.0,621.0,509.35480879,359.255082528,-1.0,-1.0,5668.443029
1516.0,427.0,434.0,-1.0,-1.0,1.0,155.0,18256.7832031,1.0,1.0,196.0,117.785698085,93.146853077,-1.0,-1.0,2773.217014
1517.0,427.0,445.0,-1.0,-1.0,1.0,105.0,11010.0,1.0,1.0,120.0,104.857142857,91.75,-1.0,-1.0,16030.55471
1518.0,428.0,432.0,-1.0,-1.0,1.0,40.0,6000.0,1.0,1.0,60.0,150.0,100.0,-1.0,-1.0,1802.283802
1519.0,428.0,435.0,-1.0,-1.0,1.0,125.0,14828.4267578,1.0,1.0,148.0,118.627414062,100.192072688,-1.0,-1.0,1232.54426
1520.0,428.0,438.0,-1.0,-1.0,1.0,37.0,4828.42724609,1.0,1.0,48.0,130.498033678,100.592234294,-1.0,-1.0,2080.19868
1521.0,428.0,439.0,-1.0,-1.0,1.0,117.0,14485.28125,1.0,1.0,144.0,123.80582265,100.592230903,-1.0,-1.0,1369.565883
1522.0,429.0,435.0,-1.0,-1.0,1.0,70.0,9656.85449219,1.0,1.0,96.0,137.955064174,100.592234294,-1.0,-1.0,2698.241355
1523.0,429.0,446.0,-1.0,-1.0,1.0,135.0,31913.6367188,1.0,1.0,173.0,236.397309028,184.471888548,-1.0,-1.0,2593.517361
1524.0,429.0,459.0,-1.0,-1.0,1.0,114.0,13085.2099609,1.0,1.0,144.0,114.782543517,90.8695136174,-1.0,-1.0,3119.42034
1525.0,430.0,449.0,-1.0,-1.0,-15.0,660.0,166810.59375,0.0,1.0,819.0,252.743323864,203.675938645,-1.0,-1.0,-1.0
1526.0,430.0,466.0,-1.0,-1.0,1.0,493.0,229354.1875,1.0,1.0,697.0,465.221475659,329.059092539,-1.0,-1.0,2993.875464
1527.0,430.0,583.0,-1.0,-1.0,1.0,2380.0,243859.34375,0.0,1.0,3545.0,102.461909139,68.789659732,-1.0,-1.0,35394.39388
1528.0,431.0,432.0,-1.0,-1.0,1.0,58.0,8000.0,1.0,1.0,80.0,137.931034483,100.0,-1.0,-1.0,2173.362019
1529.0,431.0,437.0,-1.0,-1.0,1.0,9.0,2828.42724609,1.0,1.0,28.0,314.26969401,101.015258789,-1.0,-1.0,4336.63824
1530.0,431.0,441.0,-1.0,-1.0,1.0,27.0,4256.78271484,1.0,1.0,56.0,157.658619068,76.0139770507,-1.0,-1.0,5772.21372
1531.0,432.0,437.0,-1.0,-1.0,1.0,21.0,4828.42724609,1.0,1.0,48.0,229.925106957,100.592234294,-1.0,-1.0,2670.809386
1532.0,432.0,438.0,-1.0,-1.0,1.0,38.0,4828.42724609,1.0,1.0,48.0,127.063874897,100.592234294,-1.0,-1.0,2074.106301
1533.0,433.0,449.0,-1.0,-1.0,1.0,137.0,2140.0,1.0,1.0,160.0,15.6204379562,13.375,-1.0,-1.0,20991.58634
1534.0,433.0,466.0,-1.0,-1.0,-15.0,880.0,225280.6875,0.0,1.0,1174.0,256.00078125,191.891556644,-1.0,-1.0,-1.0
1535.0,433.0,481.0,-1.0,-1.0,-15.0,1648.0,746825.4375,1.0,1.0,2707.0,453.170775182,275.886751939,-1.0,-1.0,-1.0
1536.0,433.0,635.0,-1.0,-1.0,-15.0,2986.0,426308.8125,0.0,1.0,5368.0,142.769193737,79.4166938338,-1.0,-1.0,-1.0
1537.0,434.0,442.0,-1.0,-1.0,1.0,113.0,13085.2099609,1.0,1.0,144.0,115.798318238,90.8695136174,-1.0,-1.0,9145.805484
1538.0,434.0,445.0,-1.0,-1.0,1.0,97.0,9913.63671875,1.0,1.0,113.0,102.202440399,87.731298396,-1.0,-1.0,20122.64088
1539.0,435.0,439.0,-1.0,-1.0,1.0,31.0,4828.42724609,1.0,1.0,48.0,155.755717616,100.592234294,-1.0,-1.0,2498.023289
1540.0,435.0,459.0,-1.0,-1.0,1.0,111.0,15085.2099609,1.0,1.0,164.0,135.902792441,91.9829875665,-1.0,-1.0,2123.922894
1541.0,436.0,447.0,-1.0,-1.0,1.0,420.0,33912.0625,1.0,0.0,521.0,80.7430059524,65.090331094,-1.0,-1.0,2814.403613
1542.0,436.0,460.0,-1.0,-1.0,1.0,209.0,22020.0,1.0,1.0,240.0,105.358851675,91.75,-1.0,-1.0,5730.362508
1543.0,437.0,438.0,-1.0,-1.0,1.0,46.0,6000.0,1.0,1.0,60.0,130.434782609,100.0,-1.0,-1.0,2514.554057
1544.0,437.0,441.0,-1.0,-1.0,1.0,34.0,4256.78271484,1.0,1.0,56.0,125.199491613,76.0139770507,-1.0,-1.0,5640.746153
1545.0,437.0,452.0,-1.0,-1.0,1.0,110.0,13313.7089844,1.0,1.0,133.0,121.03371804,100.103075071,-1.0,-1.0,1727.285092
1546.0,437.0,459.0,-1.0,-1.0,1.0,125.0,14256.7832031,1.0,1.0,156.0,114.054265625,91.3896359173,-1.0,-1.0,2269.289791
1547.0,438.0,439.0,-1.0,-1.0,1.0,89.0,12000.0,1.0,1.0,120.0,134.831460674,100.0,-1.0,-1.0,1409.338137
1548.0,438.0,452.0,-1.0,-1.0,1.0,58.0,8828.42675781,1.0,1.0,88.0,152.214254445,100.323031339,-1.0,-1.0,2390.814949
1549.0,439.0,452.0,-1.0,-1.0,1.0,98.0,13313.7089844,1.0,1.0,133.0,135.85417331,100.103075071,-1.0,-1.0,1190.063236
1550.0,439.0,459.0,-1.0,-1.0,1.0,81.0,9913.63671875,1.0,1.0,113.0,122.390576775,87.731298396,-1.0,-1.0,2730.373356
1551.0,440.0,456.0,-1.0,-1.0,1.0,6.0,1428.35571289,1.0,1.0,28.0,238.059285482,51.0127040318,-1.0,-1.0,4173.257903
1552.0,440.0,481.0,-1.0,-1.0,-15.0,1222.0,361415.75,1.0,0.0,1992.0,295.757569558,181.433609438,-1.0,-1.0,-1.0
1553.0,441.0,457.0,-1.0,-1.0,1.0,151.0,16142.1357422,1.0,1.0,161.0,106.901561207,100.261712684,-1.0,-1.0,6831.691523
1554.0,441.0,458.0,-1.0,-1.0,1.0,139.0,15656.8544922,1.0,1.0,156.0,112.639240951,100.364451873,-1.0,-1.0,5291.918647
1555.0,441.0,459.0,-1.0,-1.0,1.0,132.0,15570.4912109,1.0,1.0,169.0,117.958266749,92.1330840882,-1.0,-1.0,2330.056657
1556.0,442.0,445.0,-1.0,-1.0,1.0,182.0,20000.0,1.0,1.0,200.0,109.89010989,100.0,-1.0,-1.0,7357.442565
1557.0,442.0,461.0,-1.0,-1.0,1.0,306.0,73496.640625,1.0,1.0,456.0,240.185100082,161.176843476,-1.0,-1.0,29984.53673
1558.0,443.0,444.0,-1.0,-1.0,-15.0,199.0,13230.0625,1.0,1.0,289.0,66.4827261307,45.7787629758,-1.0,-1.0,-1.0
1559.0,443.0,448.0,-1.0,-1.0,1.0,97.0,11428.3554688,1.0,1.0,128.0,117.818097616,89.2840271,-1.0,-1.0,4703.584262
1560.0,443.0,450.0,-1.0,-1.0,1.0,61.0,6856.71142578,1.0,1.0,96.0,112.405105341,71.4240773519,-1.0,-1.0,31623.86575
1561.0,443.0,454.0,-1.0,-1.0,1.0,83.0,9913.63671875,1.0,1.0,113.0,119.44140625,87.731298396,-1.0,-1.0,19134.62687
1562.0,444.0,448.0,-1.0,-1.0,-15.0,319.0,24658.4179688,0.0,1.0,417.0,77.2991158897,59.1328968077,-1.0,-1.0,-1.0
1563.0,444.0,450.0,-1.0,-1.0,-15.0,101.0,6373.3515625,1.0,1.0,193.0,63.1024907178,33.022546956,-1.0,-1.0,-1.0
1564.0,444.0,453.0,-1.0,-1.0,1.0,29.0,3428.35571289,1.0,1.0,48.0,118.219162513,71.4240773519,-1.0,-1.0,1467.999982
1565.0,444.0,519.0,-1.0,-1.0,-15.0,1299.0,133903.484375,1.0,0.0,1532.0,103.081974115,87.4043631691,-1.0,-1.0,-1.0
1566.0,444.0,573.0,-1.0,-1.0,-15.0,1705.0,203226.03125,1.0,0.0,2103.0,119.194153226,96.6362488112,-1.0,-1.0,-1.0
1567.0,445.0,461.0,-1.0,-1.0,-15.0,499.0,93496.640625,1.0,1.0,656.0,187.368017285,142.525366806,-1.0,-1.0,-1.0
1568.0,445.0,485.0,-1.0,-1.0,1.0,1091.0,131515.046875,1.0,0.0,1544.0,120.545414184,85.1781391677,-1.0,-1.0,24486.90574
1569.0,445.0,486.0,-1.0,-1.0,1.0,1081.0,131483.328125,1.0,1.0,1512.0,121.631200856,86.9598730985,-1.0,-1.0,24495.11908
1570.0,446.0,459.0,-1.0,-1.0,1.0,38.0,22000.0,1.0,1.0,60.0,578.947368421,366.666666667,-1.0,-1.0,3205.047806
1571.0,446.0,463.0,-1.0,-1.0,-15.0,373.0,42743.2695313,1.0,1.0,522.0,114.593215902,81.8836581059,-1.0,-1.0,-1.0
1572.0,446.0,476.0,-1.0,-1.0,-15.0,595.0,62514.7734375,1.0,1.0,734.0,105.066846113,85.1699910593,-1.0,-1.0,-1.0
1573.0,446.0,495.0,-1.0,-1.0,1.0,1445.0,147764.5,1.0,1.0,1477.0,102.25916955,100.043669601,-1.0,-1.0,2423.87845
1574.0,447.0,460.0,-1.0,-1.0,1.0,470.0,52271.546875,1.0,1.0,709.0,111.216057181,73.7257360719,-1.0,-1.0,3450.906979
1575.0,447.0,465.0,-1.0,-1.0,1.0,523.0,71455.84375,1.0,1.0,714.0,136.626852294,100.078212535,-1.0,-1.0,3318.830841
1576.0,447.0,478.0,-1.0,-1.0,1.0,1196.0,47334.0234375,1.0,1.0,2893.0,39.5769426735,16.3615704934,-1.0,-1.0,6145.793846
1577.0,447.0,516.0,-1.0,-1.0,1.0,1214.0,125220.265625,1.0,0.0,1339.0,103.146841536,93.5177487864,-1.0,-1.0,3189.611522
1578.0,448.0,454.0,-1.0,-1.0,1.0,41.0,5656.85449219,1.0,1.0,56.0,137.972060785,101.015258789,-1.0,-1.0,28860.29172
1579.0,448.0,455.0,-1.0,-1.0,1.0,33.0,4256.78271484,1.0,1.0,56.0,128.993415601,76.0139770507,-1.0,-1.0,43049.91008
1580.0,449.0,466.0,-1.0,-1.0,1.0,496.0,215925.828125,1.0,1.0,729.0,435.334330897,296.194551612,-1.0,-1.0,10513.30264
1581.0,449.0,481.0,-1.0,-1.0,-15.0,1880.0,749065.4375,1.0,0.0,2967.0,398.4390625,252.465600775,-1.0,-1.0,-1.0
1582.0,449.0,616.0,-1.0,-1.0,-15.0,2484.0,672148.5625,1.0,0.0,7375.0,270.591208736,91.1387881356,-1.0,-1.0,-1.0
1583.0,450.0,453.0,-1.0,-1.0,1.0,20.0,2856.71142578,1.0,1.0,56.0,142.835571289,51.0127040318,-1.0,-1.0,33604.66106
1584.0,450.0,454.0,-1.0,-1.0,1.0,142.0,16256.7832031,1.0,1.0,176.0,114.484388754,92.3680863812,-1.0,-1.0,2860.620062
1585.0,452.0,459.0,-1.0,-1.0,1.0,10.0,3428.35571289,1.0,1.0,48.0,342.835571289,71.4240773519,-1.0,-1.0,4866.771353
1586.0,453.0,454.0,-1.0,-1.0,1.0,170.0,19010.0,1.0,1.0,200.0,111.823529412,95.05,-1.0,-1.0,7170.17499
1587.0,453.0,483.0,-1.0,-1.0,1.0,946.0,109177.335938,1.0,1.0,1075.0,115.409446023,101.5603125,-1.0,-1.0,19677.98743
1588.0,453.0,519.0,-1.0,-1.0,1.0,1240.0,130386.835938,1.0,0.0,1395.0,105.150674144,93.4672659054,-1.0,-1.0,18853.93096
1589.0,454.0,455.0,-1.0,-1.0,1.0,62.0,7010.0,1.0,1.0,80.0,113.064516129,87.625,-1.0,-1.0,6959.506874
1590.0,454.0,479.0,-1.0,-1.0,1.0,806.0,124642.414063,1.0,0.0,951.0,154.643193627,131.064578405,-1.0,-1.0,17135.126
1591.0,454.0,483.0,-1.0,-1.0,1.0,932.0,117879.398438,1.0,1.0,1137.0,126.480041242,103.675812171,-1.0,-1.0,19060.10464
1592.0,455.0,479.0,-1.0,-1.0,1.0,767.0,122728.773438,1.0,1.0,917.0,160.011438641,133.837266563,-1.0,-1.0,17162.63341
1593.0,455.0,483.0,-1.0,-1.0,1.0,934.0,118649.75,1.0,1.0,1187.0,127.033993576,99.9576663858,-1.0,-1.0,18693.01377
1594.0,455.0,486.0,-1.0,-1.0,1.0,1717.0,190044.75,1.0,0.0,2092.0,110.684187536,90.8435707457,-1.0,-1.0,7795.071908
1595.0,455.0,513.0,-1.0,-1.0,1.0,1310.0,122190.640625,0.0,1.0,1585.0,93.275298187,77.0918868297,-1.0,-1.0,18593.36372
1596.0,456.0,469.0,-1.0,-1.0,-15.0,466.0,102362.09375,1.0,0.0,1323.0,219.661145386,77.3711970899,-1.0,-1.0,-1.0
1597.0,456.0,480.0,-1.0,-1.0,1.0,533.0,90757.171875,1.0,1.0,1098.0,170.276119841,82.6568049863,-1.0,-1.0,4465.648457
1598.0,456.0,481.0,-1.0,-1.0,1.0,1234.0,358430.75,1.0,1.0,1807.0,290.462520259,198.356806862,-1.0,-1.0,7610.744867
1599.0,457.0,458.0,-1.0,-1.0,1.0,32.0,3428.35571289,1.0,1.0,48.0,107.136116028,71.4240773519,-1.0,-1.0,10786.49751
1600.0,457.0,464.0,-1.0,-1.0,1.0,1633.0,78011.3046875,0.0,1.0,1909.0,47.7717726194,40.865010313,-1.0,-1.0,5195.978647
1601.0,457.0,473.0,-1.0,-1.0,1.0,1567.0,73807.25,0.0,1.0,1707.0,47.1009891512,43.2379906268,-1.0,-1.0,5943.298913
1602.0,457.0,476.0,-1.0,-1.0,1.0,497.0,43493.7695313,1.0,1.0,542.0,87.5126147511,80.2468072533,-1.0,-1.0,2838.490049
1603.0,457.0,499.0,-1.0,-1.0,1.0,980.0,84816.7578125,1.0,1.0,1445.0,86.5477120536,58.6967182093,-1.0,-1.0,3272.327565
1604.0,457.0,502.0,-1.0,-1.0,1.0,1143.0,72552.3984375,1.0,1.0,1442.0,63.475414206,50.3137298457,-1.0,-1.0,4536.629811
1605.0,458.0,459.0,-1.0,-1.0,1.0,132.0,16256.7832031,1.0,1.0,176.0,123.157448508,92.3680863812,-1.0,-1.0,5725.824283
1606.0,458.0,476.0,-1.0,-1.0,1.0,450.0,42487.203125,1.0,1.0,526.0,94.4160069444,80.7741504278,-1.0,-1.0,3157.629647
1607.0,459.0,463.0,-1.0,-1.0,1.0,174.0,18256.7832031,1.0,1.0,196.0,104.924041397,93.146853077,-1.0,-1.0,5432.166258
1608.0,459.0,476.0,-1.0,-1.0,1.0,361.0,38020.0,1.0,1.0,400.0,105.318559557,95.05,-1.0,-1.0,5016.37181
1609.0,460.0,464.0,-1.0,-1.0,1.0,149.0,17010.0,1.0,1.0,180.0,114.161073826,94.5,-1.0,-1.0,7224.410443
1610.0,460.0,465.0,-1.0,-1.0,1.0,183.0,20742.0644531,1.0,1.0,221.0,113.344614498,93.8554952629,-1.0,-1.0,5789.543476
1611.0,460.0,473.0,-1.0,-1.0,-15.0,319.0,32458.3554688,1.0,0.0,368.0,101.750330623,88.2020529043,-1.0,-1.0,-1.0
1612.0,460.0,502.0,-1.0,-1.0,1.0,1082.0,105557.554688,1.0,0.0,1495.0,97.5578139445,70.607059992,-1.0,-1.0,3387.436866
1613.0,461.0,462.0,-1.0,-1.0,1.0,123.0,11341.9931641,1.0,1.0,141.0,92.2113265374,80.4396678305,-1.0,-1.0,56201.0009
1614.0,461.0,485.0,-1.0,-1.0,1.0,1250.0,95373.453125,1.0,1.0,1601.0,76.2987625,59.571176218,-1.0,-1.0,14768.3088
1615.0,461.0,486.0,-1.0,-1.0,1.0,1301.0,95341.734375,0.0,1.0,1569.0,73.2834238086,60.7659237572,-1.0,-1.0,14778.25939
1616.0,461.0,505.0,-1.0,-1.0,1.0,1262.0,109182.453125,1.0,0.0,1409.0,86.5154145206,77.4893208836,-1.0,-1.0,17793.65014
1617.0,461.0,545.0,-1.0,-1.0,1.0,1342.0,87926.453125,0.0,1.0,1845.0,65.5189665611,47.6566141599,-1.0,-1.0,34035.74563
1618.0,461.0,548.0,-1.0,-1.0,1.0,1399.0,77033.171875,0.0,1.0,1751.0,55.0630249285,43.9938160337,-1.0,-1.0,38649.53583
1619.0,461.0,553.0,-1.0,-1.0,1.0,1559.0,96161.734375,0.0,1.0,1818.0,61.6816769564,52.8942433306,-1.0,-1.0,25926.11602
1620.0,462.0,505.0,-1.0,-1.0,-15.0,1337.0,120632.726563,1.0,0.0,1659.0,90.226422261,72.7141208939,-1.0,-1.0,-1.0
1621.0,462.0,545.0,-1.0,-1.0,-15.0,1252.0,99376.734375,1.0,1.0,2094.0,79.3743884784,47.4578483166,-1.0,-1.0,-1.0
1622.0,462.0,548.0,-1.0,-1.0,-15.0,1335.0,88483.453125,1.0,0.0,2001.0,66.2797401685,44.2196167541,-1.0,-1.0,-1.0
1623.0,462.0,570.0,-1.0,-1.0,-15.0,1440.0,115123.382813,0.0,1.0,2141.0,79.9467936201,53.7708467132,-1.0,-1.0,-1.0
1624.0,462.0,583.0,-1.0,-1.0,1.0,1964.0,161353.296875,1.0,1.0,2411.0,82.155446474,66.9238062526,-1.0,-1.0,22821.87722
1625.0,462.0,594.0,-1.0,-1.0,1.0,2029.0,117034.882813,0.0,1.0,2493.0,57.6810659502,46.9454002459,-1.0,-1.0,33377.75312
1626.0,463.0,476.0,-1.0,-1.0,1.0,188.0,23085.2089844,1.0,1.0,244.0,122.793664811,94.6115122311,-1.0,-1.0,5223.150495
1627.0,464.0,465.0,-1.0,-1.0,1.0,203.0,22000.0,1.0,1.0,220.0,108.374384236,100.0,-1.0,-1.0,3181.291279
1628.0,464.0,468.0,-1.0,-1.0,1.0,143.0,16142.1357422,1.0,1.0,161.0,112.882068127,100.261712684,-1.0,-1.0,3584.275135
1629.0,464.0,473.0,-1.0,-1.0,1.0,131.0,14438.3554688,1.0,1.0,168.0,110.21645396,85.9425920762,-1.0,-1.0,4563.298687
1630.0,465.0,468.0,-1.0,-1.0,1.0,106.0,14142.1357422,1.0,1.0,141.0,133.416374926,100.298835051,-1.0,-1.0,4949.864352
1631.0,465.0,473.0,-1.0,-1.0,-15.0,231.0,25455.84375,1.0,0.0,254.0,110.198457792,100.219857283,-1.0,-1.0,-1.0
1632.0,465.0,478.0,-1.0,-1.0,1.0,1414.0,91092.296875,0.0,1.0,3431.0,64.4217092468,26.549780494,-1.0,-1.0,4715.674299
1633.0,465.0,491.0,-1.0,-1.0,1.0,648.0,67916.6875,1.0,1.0,853.0,104.809702932,79.6209701055,-1.0,-1.0,3083.649072
1634.0,465.0,516.0,-1.0,-1.0,1.0,848.0,76117.6953125,1.0,1.0,935.0,89.7614331515,81.4092997995,-1.0,-1.0,4262.508983
1635.0,465.0,535.0,-1.0,-1.0,-15.0,1635.0,93942.0078125,0.0,1.0,4301.0,57.4568855122,21.8418990496,-1.0,-1.0,-1.0
1636.0,466.0,583.0,-1.0,-1.0,1.0,2101.0,329658.34375,1.0,1.0,4077.0,156.905446811,80.8580681261,-1.0,-1.0,24494.15532
1637.0,466.0,616.0,-1.0,-1.0,-15.0,2261.0,680819.5625,1.0,0.0,7187.0,301.114357585,94.7293116043,-1.0,-1.0,-1.0
1638.0,466.0,635.0,-1.0,-1.0,-15.0,1981.0,425624.96875,1.0,1.0,4735.0,214.853593513,89.8891169483,-1.0,-1.0,-1.0
1639.0,467.0,470.0,-1.0,-1.0,1.0,53.0,39010.0,1.0,1.0,80.0,736.037735849,487.625,-1.0,-1.0,3553.368305
1640.0,467.0,478.0,-1.0,-1.0,1.0,712.0,200423.5625,1.0,1.0,4074.0,281.493767556,49.1957689003,-1.0,-1.0,2482.268243
1641.0,468.0,473.0,-1.0,-1.0,1.0,92.0,11313.7089844,1.0,1.0,113.0,122.975097657,100.121318446,-1.0,-1.0,4526.029959
1642.0,468.0,491.0,-1.0,-1.0,1.0,575.0,65798.9921875,0.0,1.0,657.0,114.433029891,100.15067304,-1.0,-1.0,3322.786611
1643.0,469.0,480.0,-1.0,-1.0,1.0,60.0,11516.6396484,1.0,1.0,136.0,191.94399414,84.6811738853,-1.0,-1.0,1468.000002
1644.0,470.0,478.0,-1.0,-1.0,-15.0,701.0,240173.484375,1.0,1.0,4314.0,342.615526926,55.6730376391,-1.0,-1.0,-1.0
1645.0,470.0,544.0,-1.0,-1.0,1.0,823.0,308264.84375,1.0,1.0,913.0,374.562386087,337.639478368,-1.0,-1.0,2760.392578
1646.0,470.0,572.0,-1.0,-1.0,-15.0,1401.0,305174.71875,0.0,1.0,8829.0,217.826351713,34.5650378016,-1.0,-1.0,-1.0
1647.0,470.0,577.0,-1.0,-1.0,-15.0,1449.0,305086.4375,1.0,0.0,8740.0,210.549646308,34.9069150458,-1.0,-1.0,-1.0
1648.0,470.0,584.0,-1.0,-1.0,-15.0,1567.0,305214.71875,1.0,0.0,8869.0,194.776463784,34.4136564156,-1.0,-1.0,-1.0
1649.0,471.0,472.0,-1.0,-1.0,1.0,3.0,1010.0,1.0,1.0,20.0,336.666666667,50.5,-1.0,-1.0,15281.16744
1650.0,471.0,474.0,-1.0,-1.0,1.0,800.0,238845.828125,1.0,1.0,1065.0,298.557285156,224.268383216,-1.0,-1.0,4197.561324
1651.0,471.0,480.0,-1.0,-1.0,1.0,1715.0,13244.1835938,1.0,1.0,2113.0,7.72255603137,6.26795248168,-1.0,-1.0,15502.49921
1652.0,471.0,487.0,-1.0,-1.0,1.0,503.0,644.264099121,1.0,1.0,644.0,1.28084313941,1.0004100918,-1.0,-1.0,39938.51739
1653.0,471.0,528.0,-1.0,-1.0,1.0,853.0,937.401184082,1.0,1.0,937.0,1.09894628849,1.00042815804,-1.0,-1.0,31641.08519
1654.0,472.0,487.0,-1.0,-1.0,1.0,491.0,1614.26403809,1.0,0.0,624.0,3.28770679855,2.5869615995,-1.0,-1.0,7179.065572
1655.0,472.0,528.0,-1.0,-1.0,1.0,836.0,1907.40112305,1.0,0.0,917.0,2.28158029073,2.0800448452,-1.0,-1.0,8175.479731
1656.0,473.0,491.0,-1.0,-1.0,1.0,473.0,54541.0546875,1.0,1.0,559.0,115.308783695,97.5689708184,-1.0,-1.0,4018.703552
1657.0,473.0,502.0,-1.0,-1.0,1.0,771.0,94967.4609375,1.0,1.0,803.0,123.174398103,118.265829312,-1.0,-1.0,2693.973565
1658.0,473.0,509.0,-1.0,-1.0,1.0,442.0,45010.0,1.0,1.0,460.0,101.832579186,97.847826087,-1.0,-1.0,5991.436929
1659.0,474.0,487.0,-1.0,-1.0,-15.0,599.0,239538.375,1.0,1.0,1758.0,399.8971202,136.256186007,-1.0,-1.0,-1.0
1660.0,474.0,534.0,-1.0,-1.0,-15.0,761.0,240042.640625,1.0,1.0,2262.0,315.430539586,106.119646607,-1.0,-1.0,-1.0
1661.0,474.0,592.0,-1.0,-1.0,-15.0,2009.0,375367.375,1.0,0.0,5487.0,186.842894475,68.4103107345,-1.0,-1.0,-1.0
1662.0,476.0,489.0,-1.0,-1.0,1.0,315.0,36142.1367188,1.0,1.0,361.0,114.736941964,100.116722213,-1.0,-1.0,4502.520347
1663.0,476.0,492.0,-1.0,-1.0,1.0,413.0,46769.5507813,1.0,1.0,467.0,113.243464362,100.148931009,-1.0,-1.0,3942.652306
1664.0,476.0,495.0,-1.0,-1.0,1.0,1156.0,130117.460938,1.0,1.0,1303.0,112.558357213,99.8599086247,-1.0,-1.0,1752.85759
1665.0,476.0,499.0,-1.0,-1.0,1.0,475.0,50083.2617188,1.0,1.0,500.0,105.438445724,100.166523438,-1.0,-1.0,3978.205194
1666.0,476.0,517.0,-1.0,-1.0,1.0,1296.0,147230.15625,1.0,0.0,1474.0,113.603515625,99.8847735753,-1.0,-1.0,1844.184782
1667.0,478.0,516.0,-1.0,-1.0,1.0,1152.0,91717.7890625,1.0,0.0,2505.0,79.616136339,36.6138878493,-1.0,-1.0,3960.564096
1668.0,478.0,535.0,-1.0,-1.0,1.0,569.0,746.274169922,1.0,1.0,746.0,1.31155390144,1.00036752,-1.0,-1.0,52846.56009
1669.0,478.0,544.0,-1.0,-1.0,1.0,868.0,174813.484375,1.0,1.0,4773.0,201.398023474,36.625494317,-1.0,-1.0,4105.488457
1670.0,479.0,482.0,-1.0,-1.0,1.0,110.0,10896.7109375,1.0,1.0,176.0,99.0610085227,61.9131303267,-1.0,-1.0,22424.72995
1671.0,479.0,483.0,-1.0,-1.0,1.0,367.0,69227.34375,1.0,1.0,513.0,188.630364441,134.946089181,-1.0,-1.0,2703.693381
1672.0,479.0,484.0,-1.0,-1.0,-15.0,151.0,12325.0673828,1.0,0.0,204.0,81.6229628,60.4169969745,-1.0,-1.0,-1.0
1673.0,479.0,486.0,-1.0,-1.0,1.0,1275.0,123949.867188,1.0,0.0,1801.0,97.2155821082,68.8228024364,-1.0,-1.0,10343.92798
1674.0,479.0,488.0,-1.0,-1.0,1.0,243.0,47227.34375,1.0,1.0,293.0,194.351208848,161.185473549,-1.0,-1.0,6636.41227
1675.0,479.0,498.0,-1.0,-1.0,1.0,368.0,59969.4101563,0.0,1.0,434.0,162.960353686,138.178364415,-1.0,-1.0,5995.187109
1676.0,479.0,504.0,-1.0,-1.0,1.0,727.0,58912.4648438,1.0,0.0,1310.0,81.0350272955,44.971347209,-1.0,-1.0,8856.566109
1677.0,479.0,513.0,-1.0,-1.0,1.0,593.0,56095.7539063,0.0,1.0,1293.0,94.596549589,43.3841870892,-1.0,-1.0,5703.296521
1678.0,480.0,481.0,-1.0,-1.0,1.0,1159.0,392013.0625,1.0,1.0,1547.0,338.233876186,253.40210892,-1.0,-1.0,7450.292214
1679.0,480.0,528.0,-1.0,-1.0,1.0,2385.0,14290.1132813,1.0,0.0,3159.0,5.99166175317,4.52361927233,-1.0,-1.0,16364.18389
1680.0,480.0,616.0,-1.0,-1.0,-15.0,3542.0,1166921.75,0.0,1.0,27116.0,329.452780915,43.0344353887,-1.0,-1.0,-1.0
1681.0,480.0,658.0,-1.0,-1.0,-15.0,2533.0,1995797.625,1.0,0.0,32288.0,787.918525464,61.8123645007,-1.0,-1.0,-1.0
1682.0,481.0,616.0,-1.0,-1.0,-15.0,2293.0,1418833.0,1.0,1.0,10590.0,618.767117314,133.978564684,-1.0,-1.0,-1.0
1683.0,481.0,635.0,-1.0,-1.0,-15.0,3827.0,1163638.5,0.0,1.0,8138.0,304.060229945,142.98826493,-1.0,-1.0,-1.0
1684.0,481.0,658.0,-1.0,-1.0,-15.0,2618.0,2247709.0,1.0,0.0,15762.0,858.559587471,142.60303261,-1.0,-1.0,-1.0
1685.0,482.0,484.0,-1.0,-1.0,1.0,11.0,1428.35571289,1.0,1.0,28.0,129.850519354,51.0127040318,-1.0,-1.0,22313.44344
1686.0,482.0,488.0,-1.0,-1.0,1.0,203.0,38505.84375,1.0,1.0,241.0,189.68395936,159.77528527,-1.0,-1.0,3085.324137
1687.0,482.0,513.0,-1.0,-1.0,-15.0,458.0,47169.265625,0.0,1.0,527.0,102.989662937,89.5052478653,-1.0,-1.0,-1.0
1688.0,483.0,488.0,-1.0,-1.0,1.0,231.0,26485.28125,1.0,0.0,264.0,114.654897186,100.323035038,-1.0,-1.0,8357.316245
1689.0,483.0,490.0,-1.0,-1.0,1.0,56.0,8000.0,1.0,1.0,80.0,142.857142857,100.0,-1.0,-1.0,20365.75424
1690.0,483.0,498.0,-1.0,-1.0,1.0,158.0,17570.4921875,1.0,1.0,189.0,111.205646756,92.9655671296,-1.0,-1.0,12554.75567
1691.0,483.0,500.0,-1.0,-1.0,1.0,139.0,18142.1347656,1.0,1.0,181.0,130.518955148,100.23278876,-1.0,-1.0,13223.71403
1692.0,483.0,519.0,-1.0,-1.0,1.0,424.0,45854.7617188,1.0,0.0,472.0,108.148022922,97.1499188958,-1.0,-1.0,7567.647788
1693.0,484.0,488.0,-1.0,-1.0,1.0,203.0,38485.28125,1.0,1.0,224.0,189.582666256,171.809291295,-1.0,-1.0,3444.215933
1694.0,484.0,493.0,-1.0,-1.0,1.0,58.0,8828.42675781,1.0,1.0,88.0,152.214254445,100.323031339,-1.0,-1.0,10140.14915
1695.0,484.0,494.0,-1.0,-1.0,1.0,77.0,8828.42675781,1.0,1.0,88.0,114.654892959,100.323031339,-1.0,-1.0,8939.084563
1696.0,484.0,497.0,-1.0,-1.0,1.0,141.0,18970.5625,1.0,1.0,189.0,134.542996454,100.373346561,-1.0,-1.0,5336.720697
1697.0,484.0,504.0,-1.0,-1.0,1.0,508.0,47423.3515625,1.0,0.0,653.0,93.3530542569,72.6238155628,-1.0,-1.0,7454.189873
1698.0,484.0,513.0,-1.0,-1.0,1.0,353.0,38884.1992188,1.0,1.0,402.0,110.153538863,96.7268637284,-1.0,-1.0,4193.089733
1699.0,485.0,486.0,-1.0,-1.0,1.0,32.0,60.0,1.0,1.0,60.0,1.875,1.0,-1.0,-1.0,19894.17587
1700.0,485.0,505.0,-1.0,-1.0,1.0,17.0,27010.0,1.0,1.0,40.0,1588.82352941,675.25,-1.0,-1.0,27886.0037
1701.0,485.0,553.0,-1.0,-1.0,1.0,579.0,102363.710938,0.0,1.0,713.0,176.793973986,143.567617024,-1.0,-1.0,14928.55645
1702.0,486.0,496.0,-1.0,-1.0,1.0,261.0,56038.2578125,1.0,1.0,431.0,214.70596863,130.019159658,-1.0,-1.0,23476.29533
1703.0,486.0,501.0,-1.0,-1.0,1.0,143.0,49924.40625,1.0,1.0,397.0,349.121722028,125.754171914,-1.0,-1.0,24844.02241
1704.0,486.0,504.0,-1.0,-1.0,-15.0,650.0,80554.5234375,1.0,0.0,1527.0,123.930036058,52.7534534627,-1.0,-1.0,-1.0
1705.0,486.0,505.0,-1.0,-1.0,-15.0,68.0,27090.0,1.0,1.0,120.0,398.382352941,225.75,-1.0,-1.0,-1.0
1706.0,486.0,506.0,-1.0,-1.0,1.0,107.0,59394.7773438,1.0,1.0,156.0,555.091377045,380.735752204,-1.0,-1.0,13252.532
1707.0,486.0,513.0,-1.0,-1.0,-15.0,799.0,83501.09375,0.0,1.0,1503.0,104.507000939,55.5562832668,-1.0,-1.0,-1.0
1708.0,487.0,528.0,-1.0,-1.0,1.0,270.0,324.852813721,1.0,1.0,324.0,1.20315856934,1.00263214111,-1.0,-1.0,13488.62227
1709.0,487.0,534.0,-1.0,-1.0,1.0,382.0,442.842712402,1.0,1.0,442.0,1.15927411624,1.00190658914,-1.0,-1.0,33999.45257
1710.0,488.0,493.0,-1.0,-1.0,1.0,176.0,38828.4257813,1.0,1.0,228.0,220.616055576,170.300113076,-1.0,-1.0,3786.45496
1711.0,488.0,498.0,-1.0,-1.0,1.0,105.0,13313.7089844,1.0,1.0,133.0,126.797228423,100.103075071,-1.0,-1.0,4838.483405
1712.0,488.0,512.0,-1.0,-1.0,1.0,122.0,18485.28125,1.0,1.0,184.0,151.51869877,100.463485054,-1.0,-1.0,6191.66805
1713.0,488.0,518.0,-1.0,-1.0,1.0,212.0,24828.4277344,1.0,0.0,248.0,117.115225162,100.114627961,-1.0,-1.0,5968.21931
1714.0,489.0,492.0,-1.0,-1.0,1.0,116.0,15656.8544922,1.0,1.0,156.0,134.972883553,100.364451873,-1.0,-1.0,2965.060925
1715.0,489.0,495.0,-1.0,-1.0,1.0,1503.0,154680.78125,1.0,1.0,4586.0,102.91469145,33.7289099978,-1.0,-1.0,953.6492908
1716.0,489.0,499.0,-1.0,-1.0,1.0,198.0,23085.2089844,1.0,1.0,244.0,116.591964568,94.6115122311,-1.0,-1.0,2780.133601
1717.0,489.0,502.0,-1.0,-1.0,-15.0,645.0,44741.8515625,0.0,1.0,701.0,69.3672117248,63.8257511591,-1.0,-1.0,-1.0
1718.0,489.0,517.0,-1.0,-1.0,1.0,1570.0,143617.046875,1.0,1.0,2993.0,91.475826035,47.9843123538,-1.0,-1.0,1208.018077
1719.0,490.0,498.0,-1.0,-1.0,1.0,97.0,13085.2099609,1.0,1.0,144.0,134.899071762,90.8695136174,-1.0,-1.0,5865.846159
1720.0,490.0,500.0,-1.0,-1.0,1.0,91.0,11313.7089844,1.0,1.0,113.0,124.326472356,100.121318446,-1.0,-1.0,7796.159808
1721.0,490.0,503.0,-1.0,-1.0,1.0,65.0,11656.8544922,1.0,1.0,116.0,179.336222957,100.490124933,-1.0,-1.0,8871.999538
1722.0,491.0,509.0,-1.0,-1.0,1.0,55.0,9656.85449219,1.0,1.0,96.0,175.579172585,100.592234294,-1.0,-1.0,6661.33978
1723.0,491.0,516.0,-1.0,-1.0,1.0,271.0,31455.84375,1.0,1.0,314.0,116.07322417,100.177846338,-1.0,-1.0,4788.218027
1724.0,492.0,499.0,-1.0,-1.0,1.0,7.0,3428.35571289,1.0,1.0,48.0,489.765101841,71.4240773519,-1.0,-1.0,7223.664492
1725.0,493.0,494.0,-1.0,-1.0,1.0,64.0,7428.35546875,1.0,1.0,88.0,116.068054199,84.4131303267,-1.0,-1.0,4528.509713
1726.0,493.0,512.0,-1.0,-1.0,1.0,236.0,43570.4921875,0.0,1.0,289.0,184.620729608,150.762948746,-1.0,-1.0,3133.594513
1727.0,493.0,518.0,-1.0,-1.0,1.0,235.0,44142.1367188,1.0,1.0,281.0,187.838879654,157.089454515,-1.0,-1.0,3351.025655
1728.0,493.0,520.0,-1.0,-1.0,1.0,187.0,20828.4277344,1.0,1.0,208.0,111.381966494,100.1366718,-1.0,-1.0,4409.214943
1729.0,493.0,521.0,-1.0,-1.0,1.0,206.0,23085.2089844,1.0,1.0,244.0,112.064121283,94.6115122311,-1.0,-1.0,5090.950261
1730.0,494.0,497.0,-1.0,-1.0,1.0,65.0,9656.85449219,1.0,1.0,96.0,148.566992188,100.592234294,-1.0,-1.0,5746.043658
1731.0,494.0,520.0,-1.0,-1.0,1.0,219.0,23570.4921875,1.0,1.0,249.0,107.627818208,94.6606111948,-1.0,-1.0,4520.965342
1732.0,494.0,521.0,-1.0,-1.0,1.0,200.0,20856.7109375,1.0,1.0,236.0,104.283554688,88.375893803,-1.0,-1.0,4765.634206
1733.0,495.0,517.0,-1.0,-1.0,1.0,155.0,18256.7832031,1.0,1.0,196.0,117.785698085,93.146853077,-1.0,-1.0,4953.072029
1734.0,495.0,525.0,-1.0,-1.0,1.0,330.0,27021.7695313,1.0,1.0,471.0,81.8841500948,57.371060576,-1.0,-1.0,1811.103626
1735.0,496.0,501.0,-1.0,-1.0,1.0,108.0,12000.0,1.0,1.0,120.0,111.111111111,100.0,-1.0,-1.0,7445.479293
1736.0,496.0,504.0,-1.0,-1.0,-15.0,364.0,25726.4804688,1.0,0.0,1075.0,70.6771441451,23.9316097384,-1.0,-1.0,-1.0
1737.0,496.0,508.0,-1.0,-1.0,1.0,33.0,4828.42724609,1.0,1.0,48.0,146.315977154,100.592234294,-1.0,-1.0,30909.72745
1738.0,496.0,511.0,-1.0,-1.0,-15.0,184.0,20466.640625,1.0,1.0,256.0,111.231742527,79.9478149414,-1.0,-1.0,-1.0
1739.0,496.0,513.0,-1.0,-1.0,-15.0,525.0,28673.0488281,0.0,1.0,1052.0,54.6153311011,27.2557498366,-1.0,-1.0,-1.0
1740.0,496.0,522.0,-1.0,-1.0,-15.0,263.0,14532.9853516,1.0,0.0,842.0,55.2584994357,17.2600776147,-1.0,-1.0,-1.0
1741.0,497.0,513.0,-1.0,-1.0,1.0,186.0,21085.2089844,1.0,1.0,224.0,113.361338626,94.1303972518,-1.0,-1.0,9133.984813
1742.0,497.0,521.0,-1.0,-1.0,1.0,198.0,22398.9179688,1.0,1.0,237.0,113.125848327,94.5102024,-1.0,-1.0,4599.395813
1743.0,497.0,527.0,-1.0,-1.0,1.0,175.0,20828.4277344,1.0,1.0,208.0,119.019587054,100.1366718,-1.0,-1.0,7124.142993
1744.0,498.0,503.0,-1.0,-1.0,1.0,50.0,8256.78320313,1.0,1.0,96.0,165.135664063,86.0081583659,-1.0,-1.0,5906.904473
1745.0,498.0,507.0,-1.0,-1.0,1.0,41.0,6256.78271484,1.0,1.0,76.0,152.60445646,82.3260883532,-1.0,-1.0,10292.19694
1746.0,498.0,512.0,-1.0,-1.0,1.0,41.0,6828.42724609,1.0,1.0,68.0,166.547006002,100.418047737,-1.0,-1.0,10521.18774
1747.0,499.0,502.0,-1.0,-1.0,1.0,160.0,18000.0,1.0,1.0,180.0,112.5,100.0,-1.0,-1.0,7645.558302
1748.0,499.0,517.0,-1.0,-1.0,1.0,1793.0,150551.984375,1.0,0.0,4510.0,83.9665278165,33.3818147173,-1.0,-1.0,1008.817476
1749.0,499.0,626.0,-1.0,-1.0,1.0,2855.0,140201.421875,1.0,0.0,3908.0,49.1073281524,35.8754917797,-1.0,-1.0,9678.64085
1750.0,500.0,503.0,-1.0,-1.0,1.0,124.0,12828.4267578,1.0,1.0,128.0,103.455054498,100.222084045,-1.0,-1.0,3747.076599
1751.0,500.0,510.0,-1.0,-1.0,1.0,56.0,8828.42675781,1.0,1.0,88.0,157.650477818,100.323031339,-1.0,-1.0,9165.574787
1752.0,500.0,519.0,-1.0,-1.0,1.0,262.0,29227.3457031,1.0,1.0,306.0,111.554754592,95.5142016441,-1.0,-1.0,4583.315329
1753.0,500.0,526.0,-1.0,-1.0,1.0,213.0,24142.1347656,1.0,1.0,241.0,113.343355707,100.174833052,-1.0,-1.0,7541.210944
1754.0,501.0,506.0,-1.0,-1.0,1.0,146.0,76097.40625,1.0,1.0,213.0,521.215111301,357.264818075,-1.0,-1.0,7305.391689
1755.0,501.0,508.0,-1.0,-1.0,1.0,88.0,9085.20996094,1.0,1.0,104.0,103.241022283,87.357788086,-1.0,-1.0,25307.379
1756.0,501.0,531.0,-1.0,-1.0,-15.0,114.0,10695.1386719,1.0,1.0,144.0,93.8170058939,74.2717963326,-1.0,-1.0,-1.0
1757.0,501.0,539.0,-1.0,-1.0,1.0,453.0,107712.625,0.0,1.0,551.0,237.776214128,195.485707804,-1.0,-1.0,6024.567169
1758.0,502.0,509.0,-1.0,-1.0,1.0,715.0,89428.359375,1.0,1.0,748.0,125.074628497,119.55663018,-1.0,-1.0,4111.949838
1759.0,502.0,517.0,-1.0,-1.0,1.0,2241.0,134871.984375,0.0,1.0,4670.0,60.1838395248,28.8805105728,-1.0,-1.0,1620.68192
1760.0,502.0,626.0,-1.0,-1.0,1.0,2420.0,123928.28125,1.0,1.0,3475.0,51.2100335744,35.6628147482,-1.0,-1.0,10077.97159
1761.0,503.0,507.0,-1.0,-1.0,1.0,50.0,6256.78271484,1.0,1.0,76.0,125.135654297,82.3260883532,-1.0,-1.0,5191.318131
1762.0,503.0,510.0,-1.0,-1.0,1.0,91.0,10485.28125,1.0,1.0,104.0,115.222870879,100.820012019,-1.0,-1.0,6437.027591
1763.0,503.0,514.0,-1.0,-1.0,1.0,55.0,8256.78320313,1.0,1.0,96.0,150.123330966,86.0081583659,-1.0,-1.0,6530.407256
1764.0,504.0,513.0,-1.0,-1.0,1.0,134.0,13428.3554688,1.0,1.0,148.0,100.211607976,90.7321315459,-1.0,-1.0,16367.69007
1765.0,504.0,522.0,-1.0,-1.0,1.0,69.0,10485.28125,1.0,1.0,104.0,151.960597826,100.820012019,-1.0,-1.0,17051.34501
1766.0,504.0,556.0,-1.0,-1.0,1.0,129.0,14000.0,1.0,1.0,140.0,108.527131783,100.0,-1.0,-1.0,15624.29958
1767.0,505.0,506.0,-1.0,-1.0,1.0,71.0,67000.0,1.0,1.0,80.0,943.661971831,837.5,-1.0,-1.0,3571.567336
1768.0,505.0,539.0,-1.0,-1.0,1.0,324.0,52000.0,1.0,1.0,360.0,160.49382716,144.444444444,-1.0,-1.0,14659.80184
1769.0,505.0,548.0,-1.0,-1.0,1.0,777.0,118892.25,1.0,0.0,838.0,153.014478764,141.876193317,-1.0,-1.0,12537.75103
1770.0,505.0,553.0,-1.0,-1.0,1.0,460.0,92323.7109375,1.0,1.0,573.0,200.703719429,161.123404777,-1.0,-1.0,8801.467825
1771.0,505.0,555.0,-1.0,-1.0,1.0,299.0,79828.4296875,1.0,1.0,368.0,266.984714674,216.925080673,-1.0,-1.0,10655.01715
1772.0,506.0,531.0,-1.0,-1.0,-15.0,225.0,86792.5390625,1.0,0.0,357.0,385.744618056,243.116355917,-1.0,-1.0,-1.0
1773.0,506.0,539.0,-1.0,-1.0,1.0,344.0,64798.9882813,1.0,1.0,397.0,188.369151981,163.22163295,-1.0,-1.0,10551.47166
1774.0,507.0,512.0,-1.0,-1.0,1.0,47.0,5428.35546875,1.0,1.0,68.0,115.496924867,79.8287568934,-1.0,-1.0,4917.059605
1775.0,507.0,514.0,-1.0,-1.0,1.0,21.0,2438.35571289,1.0,1.0,48.0,116.112176804,50.7990773519,-1.0,-1.0,12778.96106
1776.0,508.0,511.0,-1.0,-1.0,1.0,136.0,15428.3554688,1.0,1.0,168.0,113.443790212,91.835449219,-1.0,-1.0,6287.571636
1777.0,508.0,531.0,-1.0,-1.0,1.0,20.0,1010.0,1.0,1.0,20.0,50.5,50.5,-1.0,-1.0,51190.24277
1778.0,509.0,516.0,-1.0,-1.0,1.0,339.0,37798.9882813,1.0,1.0,377.0,111.501440358,100.262568385,-1.0,-1.0,3213.527844
1779.0,509.0,586.0,-1.0,-1.0,1.0,1364.0,141582.515625,1.0,0.0,2183.0,103.799498259,64.8568555314,-1.0,-1.0,6235.178025
1780.0,509.0,626.0,-1.0,-1.0,1.0,1824.0,137313.84375,1.0,1.0,2860.0,75.2817125822,48.011833479,-1.0,-1.0,6991.607301
1781.0,510.0,514.0,-1.0,-1.0,1.0,93.0,10000.0,1.0,1.0,100.0,107.52688172,100.0,-1.0,-1.0,3000.26424
1782.0,510.0,524.0,-1.0,-1.0,1.0,111.0,13656.8544922,1.0,1.0,136.0,123.034725155,100.418047737,-1.0,-1.0,5042.510547
1783.0,510.0,526.0,-1.0,-1.0,1.0,168.0,18970.5625,1.0,1.0,189.0,112.920014881,100.373346561,-1.0,-1.0,6119.795692
1784.0,510.0,532.0,-1.0,-1.0,1.0,170.0,19656.8535156,1.0,1.0,196.0,115.628550092,100.290068957,-1.0,-1.0,7538.445241
1785.0,511.0,513.0,-1.0,-1.0,-15.0,326.0,27305.2734375,0.0,1.0,434.0,83.758507477,62.9153765841,-1.0,-1.0,-1.0
1786.0,511.0,522.0,-1.0,-1.0,1.0,51.0,6828.42724609,1.0,1.0,68.0,133.890730315,100.418047737,-1.0,-1.0,6698.831955
1787.0,511.0,531.0,-1.0,-1.0,-15.0,149.0,12666.4882813,1.0,1.0,546.0,85.0099884651,23.1986964859,-1.0,-1.0,-1.0
1788.0,512.0,514.0,-1.0,-1.0,1.0,59.0,7428.35546875,1.0,1.0,88.0,125.904329979,84.4131303267,-1.0,-1.0,4448.0163
1789.0,512.0,518.0,-1.0,-1.0,1.0,77.0,9085.20996094,1.0,1.0,104.0,117.989739752,87.357788086,-1.0,-1.0,6484.187464
1790.0,512.0,520.0,-1.0,-1.0,1.0,190.0,37913.6367188,0.0,1.0,233.0,199.545456415,162.719470896,-1.0,-1.0,4138.086885
1791.0,512.0,524.0,-1.0,-1.0,1.0,69.0,9085.20996094,1.0,1.0,104.0,131.669709579,87.357788086,-1.0,-1.0,9277.353877
1792.0,513.0,522.0,-1.0,-1.0,-15.0,201.0,19820.3476563,0.0,1.0,289.0,98.6086948075,68.5825178419,-1.0,-1.0,-1.0
1793.0,513.0,527.0,-1.0,-1.0,1.0,193.0,20398.9179688,1.0,1.0,217.0,105.693875486,94.004230271,-1.0,-1.0,12712.6996
1794.0,513.0,538.0,-1.0,-1.0,1.0,235.0,25010.0,0.0,1.0,260.0,106.425531915,96.1923076923,-1.0,-1.0,10460.06719
1795.0,513.0,556.0,-1.0,-1.0,1.0,114.0,16323.7089844,1.0,1.0,173.0,143.190429688,94.3566993318,-1.0,-1.0,26218.30682
1796.0,514.0,524.0,-1.0,-1.0,1.0,16.0,3010.0,1.0,1.0,40.0,188.125,75.25,-1.0,-1.0,20510.68713
1797.0,516.0,535.0,-1.0,-1.0,1.0,1006.0,91244.6484375,1.0,1.0,2032.0,90.7004457629,44.90386242,-1.0,-1.0,3744.335576
1798.0,516.0,586.0,-1.0,-1.0,1.0,1035.0,109196.304688,1.0,1.0,1125.0,105.503676027,97.0633819449,-1.0,-1.0,7351.008587
1799.0,516.0,626.0,-1.0,-1.0,1.0,1607.0,118010.710938,0.0,1.0,2189.0,73.4354143983,53.9107861754,-1.0,-1.0,7458.732136
1800.0,517.0,525.0,-1.0,-1.0,1.0,317.0,37048.6953125,1.0,1.0,527.0,116.872855875,70.3011296252,-1.0,-1.0,2916.773191
1801.0,517.0,626.0,-1.0,-1.0,1.0,4637.0,150660.15625,1.0,0.0,6707.0,32.4908682877,22.4631215521,-1.0,-1.0,9232.772584
1802.0,517.0,704.0,-1.0,-1.0,-15.0,9840.0,5927447.0,1.0,0.0,135249.0,602.382825203,43.8261798608,-1.0,-1.0,-1.0
1803.0,518.0,520.0,-1.0,-1.0,1.0,99.0,28000.0,1.0,1.0,120.0,282.828282828,233.333333333,-1.0,-1.0,3987.662314
1804.0,518.0,523.0,-1.0,-1.0,1.0,53.0,7656.85449219,1.0,1.0,76.0,144.468952683,100.748085424,-1.0,-1.0,10329.59273
1805.0,518.0,524.0,-1.0,-1.0,1.0,97.0,12828.4267578,1.0,1.0,128.0,132.251822245,100.222084045,-1.0,-1.0,4387.610824
1806.0,519.0,526.0,-1.0,-1.0,1.0,97.0,12256.7832031,1.0,1.0,136.0,126.358589723,90.1234059051,-1.0,-1.0,6958.756803
1807.0,519.0,530.0,-1.0,-1.0,1.0,78.0,9085.20996094,1.0,1.0,104.0,116.477050781,87.357788086,-1.0,-1.0,11431.2238
1808.0,519.0,537.0,-1.0,-1.0,1.0,194.0,21227.3457031,1.0,1.0,226.0,109.419307748,93.9263084208,-1.0,-1.0,7874.904093
1809.0,519.0,573.0,-1.0,-1.0,1.0,419.0,68312.5546875,1.0,0.0,551.0,163.037123359,123.979228108,-1.0,-1.0,5919.189471
1810.0,520.0,521.0,-1.0,-1.0,1.0,68.0,7428.35546875,1.0,1.0,88.0,109.240521599,84.4131303267,-1.0,-1.0,10497.7306
1811.0,520.0,523.0,-1.0,-1.0,1.0,139.0,33656.8554688,1.0,1.0,176.0,242.135650855,191.232133345,-1.0,-1.0,4028.252377
1812.0,520.0,529.0,-1.0,-1.0,-15.0,152.0,15685.1386719,1.0,1.0,184.0,103.191701789,85.245318869,-1.0,-1.0,-1.0
1813.0,520.0,542.0,-1.0,-1.0,1.0,241.0,46485.28125,1.0,1.0,304.0,192.88498444,152.912109375,-1.0,-1.0,5788.729317
1814.0,521.0,527.0,-1.0,-1.0,1.0,98.0,12828.4267578,1.0,1.0,128.0,130.902313855,100.222084045,-1.0,-1.0,8541.134275
1815.0,521.0,529.0,-1.0,-1.0,1.0,65.0,8256.78320313,1.0,1.0,96.0,127.027433894,86.0081583659,-1.0,-1.0,13197.23471
1816.0,522.0,531.0,-1.0,-1.0,-15.0,53.0,5141.56445313,1.0,1.0,361.0,97.0106500591,14.242560812,-1.0,-1.0,-1.0
1817.0,522.0,556.0,-1.0,-1.0,1.0,28.0,2856.71142578,1.0,1.0,56.0,102.025408064,51.0127040318,-1.0,-1.0,17885.77493
1818.0,523.0,524.0,-1.0,-1.0,1.0,60.0,8000.0,1.0,1.0,80.0,133.333333333,100.0,-1.0,-1.0,7605.938379
1819.0,523.0,540.0,-1.0,-1.0,1.0,122.0,15313.7089844,1.0,1.0,153.0,125.52220479,100.089601205,-1.0,-1.0,8218.660328
1820.0,523.0,542.0,-1.0,-1.0,1.0,157.0,19656.8535156,1.0,1.0,196.0,125.202888634,100.290068957,-1.0,-1.0,9306.627977
1821.0,524.0,532.0,-1.0,-1.0,1.0,152.0,16742.0644531,1.0,1.0,181.0,110.145160876,92.4975936635,-1.0,-1.0,6543.361666
1822.0,524.0,533.0,-1.0,-1.0,1.0,85.0,12000.0,1.0,1.0,120.0,141.176470588,100.0,-1.0,-1.0,11625.4725
1823.0,524.0,540.0,-1.0,-1.0,1.0,96.0,12000.0,1.0,1.0,120.0,125.0,100.0,-1.0,-1.0,13305.15305
1824.0,525.0,704.0,-1.0,-1.0,-15.0,9799.0,5930068.5,1.0,0.0,135680.0,605.170782733,43.7062831663,-1.0,-1.0,-1.0
1825.0,525.0,708.0,-1.0,-1.0,-15.0,10331.0,5940254.0,1.0,0.0,135126.0,574.99312748,43.9608513536,-1.0,-1.0,-1.0
1826.0,525.0,711.0,-1.0,-1.0,-15.0,10313.0,5940214.0,1.0,0.0,135086.0,575.99282459,43.9735723909,-1.0,-1.0,-1.0
1827.0,525.0,712.0,-1.0,-1.0,-15.0,10403.0,5946092.5,1.0,0.0,135194.0,571.574786119,43.981925973,-1.0,-1.0,-1.0
1828.0,526.0,530.0,-1.0,-1.0,1.0,35.0,5656.85449219,1.0,1.0,56.0,161.624414063,101.015258789,-1.0,-1.0,8599.165899
1829.0,526.0,532.0,-1.0,-1.0,1.0,69.0,10485.28125,1.0,1.0,104.0,151.960597826,100.820012019,-1.0,-1.0,6318.317512
1830.0,526.0,536.0,-1.0,-1.0,1.0,63.0,10828.4267578,1.0,1.0,108.0,171.879789806,100.26321072,-1.0,-1.0,6449.243029
1831.0,527.0,529.0,-1.0,-1.0,1.0,74.0,9428.35546875,1.0,1.0,108.0,127.410209037,87.2995876736,-1.0,-1.0,8606.356198
1832.0,527.0,538.0,-1.0,-1.0,1.0,202.0,22142.1347656,1.0,1.0,221.0,109.614528543,100.190655048,-1.0,-1.0,5091.427282
1833.0,527.0,546.0,-1.0,-1.0,1.0,189.0,19798.9902344,1.0,1.0,197.0,104.756562087,100.502488499,-1.0,-1.0,8424.962629
1834.0,527.0,556.0,-1.0,-1.0,-15.0,235.0,36762.625,1.0,0.0,431.0,156.436702128,85.2961136891,-1.0,-1.0,-1.0
1835.0,527.0,559.0,-1.0,-1.0,1.0,266.0,48142.1367188,1.0,0.0,301.0,180.985476386,159.940653551,-1.0,-1.0,7602.329564
1836.0,528.0,534.0,-1.0,-1.0,1.0,139.0,204.852813721,1.0,1.0,204.0,1.47376124979,1.00418045942,-1.0,-1.0,53754.58529
1837.0,528.0,648.0,-1.0,-1.0,1.0,1555.0,49289.6445313,1.0,0.0,1769.0,31.6975205989,27.8629986045,-1.0,-1.0,16222.92874
1838.0,528.0,658.0,-1.0,-1.0,-15.0,3691.0,1988239.25,1.0,0.0,33470.0,538.672243295,59.4036226471,-1.0,-1.0,-1.0
1839.0,528.0,663.0,-1.0,-1.0,-15.0,2078.0,273741.5,1.0,0.0,2663.0,131.733156882,102.794404807,-1.0,-1.0,-1.0
1840.0,529.0,542.0,-1.0,-1.0,1.0,282.0,51637.4179688,1.0,1.0,366.0,183.111411237,141.085841445,-1.0,-1.0,4651.785986
1841.0,529.0,546.0,-1.0,-1.0,-15.0,279.0,30655.7011719,0.0,1.0,334.0,109.877065132,91.7835364428,-1.0,-1.0,-1.0
1842.0,529.0,559.0,-1.0,-1.0,1.0,313.0,52284.2695313,1.0,0.0,342.0,167.042394669,152.877981086,-1.0,-1.0,6805.348227
1843.0,529.0,571.0,-1.0,-1.0,1.0,354.0,57980.5625,1.0,1.0,409.0,163.786899718,141.761766504,-1.0,-1.0,8174.961325
1844.0,530.0,536.0,-1.0,-1.0,1.0,84.0,12485.28125,1.0,1.0,124.0,148.634300595,100.687752016,-1.0,-1.0,4595.439122
1845.0,530.0,537.0,-1.0,-1.0,1.0,180.0,20256.7832031,1.0,1.0,216.0,112.537684462,93.7814037181,-1.0,-1.0,3745.98433
1846.0,530.0,543.0,-1.0,-1.0,1.0,151.0,16742.0644531,1.0,1.0,181.0,110.874599027,92.4975936635,-1.0,-1.0,6311.863107
1847.0,530.0,549.0,-1.0,-1.0,1.0,131.0,14438.3554688,1.0,1.0,168.0,110.21645396,85.9425920762,-1.0,-1.0,7337.80041
1848.0,531.0,539.0,-1.0,-1.0,1.0,374.0,114055.773438,1.0,1.0,614.0,304.961961064,185.758588661,-1.0,-1.0,5233.620386
1849.0,531.0,554.0,-1.0,-1.0,-15.0,361.0,115183.765625,1.0,0.0,594.0,319.068602839,193.912063342,-1.0,-1.0,-1.0
1850.0,531.0,556.0,-1.0,-1.0,1.0,20.0,2020.0,1.0,1.0,40.0,101.0,50.5,-1.0,-1.0,49603.59535
1851.0,531.0,561.0,-1.0,-1.0,1.0,342.0,77798.9921875,1.0,1.0,437.0,227.482433297,178.029730406,-1.0,-1.0,12539.85268
1852.0,531.0,562.0,-1.0,-1.0,-15.0,228.0,41276.9882813,1.0,1.0,366.0,181.039422286,112.778656506,-1.0,-1.0,-1.0
1853.0,532.0,533.0,-1.0,-1.0,1.0,121.0,13428.3554688,1.0,1.0,148.0,110.97814437,90.7321315459,-1.0,-1.0,5533.219383
1854.0,532.0,536.0,-1.0,-1.0,1.0,37.0,4256.78271484,1.0,1.0,56.0,115.048181482,76.0139770507,-1.0,-1.0,7271.102236
1855.0,532.0,552.0,-1.0,-1.0,1.0,102.0,11913.6367188,1.0,1.0,133.0,116.800359988,89.5762159308,-1.0,-1.0,8918.010854
1856.0,533.0,540.0,-1.0,-1.0,1.0,37.0,6828.42724609,1.0,1.0,68.0,184.552087732,100.418047737,-1.0,-1.0,6087.377701
1857.0,533.0,541.0,-1.0,-1.0,1.0,49.0,7656.85449219,1.0,1.0,76.0,156.262336575,100.748085424,-1.0,-1.0,6151.142307
1858.0,533.0,552.0,-1.0,-1.0,1.0,96.0,11085.2099609,1.0,1.0,124.0,115.470937093,89.3968545234,-1.0,-1.0,5785.884892
1859.0,534.0,592.0,-1.0,-1.0,1.0,2013.0,135324.71875,1.0,1.0,3224.0,67.225394312,41.9741683468,-1.0,-1.0,19317.55882
1860.0,534.0,598.0,-1.0,-1.0,1.0,2138.0,105430.515625,0.0,1.0,3128.0,49.3126827058,33.7054078085,-1.0,-1.0,29669.69057
1861.0,534.0,620.0,-1.0,-1.0,1.0,2128.0,103152.523438,0.0,1.0,2830.0,48.473930187,36.4496549251,-1.0,-1.0,30168.63155
1862.0,534.0,648.0,-1.0,-1.0,1.0,1411.0,49186.8046875,1.0,1.0,1666.0,34.8595355687,29.5238923694,-1.0,-1.0,16098.52393
1863.0,534.0,663.0,-1.0,-1.0,-15.0,1970.0,273638.65625,0.0,1.0,2560.0,138.902871193,106.890100098,-1.0,-1.0,-1.0
1864.0,534.0,666.0,-1.0,-1.0,-15.0,4892.0,983911.75,0.0,1.0,6944.0,201.126686427,141.692360311,-1.0,-1.0,-1.0
1865.0,535.0,544.0,-1.0,-1.0,1.0,781.0,174027.21875,1.0,1.0,3987.0,222.826144366,43.6486628417,-1.0,-1.0,3910.307248
1866.0,535.0,577.0,-1.0,-1.0,1.0,1583.0,62039.8085938,0.0,1.0,3533.0,39.191287804,17.560093007,-1.0,-1.0,16236.66272
1867.0,535.0,586.0,-1.0,-1.0,1.0,478.0,49647.1679688,1.0,1.0,870.0,103.864368136,57.065710309,-1.0,-1.0,16473.80297
1868.0,535.0,626.0,-1.0,-1.0,1.0,1372.0,58556.1328125,0.0,1.0,2029.0,42.6793970937,28.8596021747,-1.0,-1.0,15292.3716
1869.0,536.0,549.0,-1.0,-1.0,1.0,118.0,12742.0644531,1.0,1.0,141.0,107.98359706,90.3692514404,-1.0,-1.0,7088.221801
1870.0,536.0,552.0,-1.0,-1.0,1.0,107.0,11913.6367188,1.0,1.0,133.0,111.342399241,89.5762159308,-1.0,-1.0,8518.204674
1871.0,537.0,543.0,-1.0,-1.0,1.0,97.0,11313.7089844,1.0,1.0,113.0,116.636175097,100.121318446,-1.0,-1.0,3695.779211
1872.0,537.0,547.0,-1.0,-1.0,1.0,41.0,8000.0,1.0,1.0,80.0,195.12195122,100.0,-1.0,-1.0,7996.688768
1873.0,537.0,573.0,-1.0,-1.0,-15.0,171.0,43085.2109375,1.0,0.0,284.0,251.96029788,151.708489217,-1.0,-1.0,-1.0
1874.0,538.0,546.0,-1.0,-1.0,1.0,20.0,4828.42724609,1.0,1.0,48.0,241.421362305,100.592234294,-1.0,-1.0,13571.53293
1875.0,538.0,556.0,-1.0,-1.0,-15.0,67.0,26458.3554688,1.0,1.0,148.0,394.900827893,178.772672086,-1.0,-1.0,-1.0
1876.0,539.0,553.0,-1.0,-1.0,-15.0,138.0,50923.6367188,0.0,1.0,173.0,369.011860281,294.356281612,-1.0,-1.0,-1.0
1877.0,539.0,554.0,-1.0,-1.0,1.0,92.0,53384.7773438,1.0,1.0,136.0,580.269318954,392.535127528,-1.0,-1.0,9011.759868
1878.0,539.0,555.0,-1.0,-1.0,1.0,27.0,30010.0,1.0,1.0,40.0,1111.48148148,750.25,-1.0,-1.0,9318.745804
1879.0,539.0,561.0,-1.0,-1.0,1.0,205.0,88769.5546875,0.0,1.0,273.0,433.022217988,325.163203984,-1.0,-1.0,6842.184314
1880.0,539.0,565.0,-1.0,-1.0,1.0,123.0,78813.1328125,0.0,1.0,224.0,640.757177337,351.844342913,-1.0,-1.0,9206.634679
1881.0,540.0,541.0,-1.0,-1.0,1.0,25.0,2438.35571289,1.0,1.0,48.0,97.5342285156,50.7990773519,-1.0,-1.0,8526.180825
1882.0,540.0,542.0,-1.0,-1.0,1.0,37.0,5656.85449219,1.0,1.0,56.0,152.887959248,101.015258789,-1.0,-1.0,15458.57617
1883.0,540.0,550.0,-1.0,-1.0,1.0,48.0,8000.0,1.0,1.0,80.0,166.666666667,100.0,-1.0,-1.0,6941.406595
1884.0,541.0,550.0,-1.0,-1.0,1.0,81.0,8485.28125,1.0,1.0,84.0,104.756558642,101.015252976,-1.0,-1.0,5936.415976
1885.0,541.0,551.0,-1.0,-1.0,1.0,24.0,5656.85449219,1.0,1.0,56.0,235.702270508,101.015258789,-1.0,-1.0,6109.557166
1886.0,541.0,552.0,-1.0,-1.0,1.0,64.0,8856.7109375,1.0,1.0,116.0,138.386108398,76.3509563578,-1.0,-1.0,3722.982944
1887.0,542.0,550.0,-1.0,-1.0,1.0,26.0,4828.42724609,1.0,1.0,48.0,185.708740234,100.592234294,-1.0,-1.0,8570.832294
1888.0,542.0,571.0,-1.0,-1.0,1.0,388.0,46808.9882813,1.0,1.0,477.0,120.641722374,98.1320509042,-1.0,-1.0,9733.764234
1889.0,542.0,574.0,-1.0,-1.0,1.0,393.0,42951.125,1.0,1.0,439.0,109.290394402,97.8385535308,-1.0,-1.0,9618.334072
1890.0,542.0,576.0,-1.0,-1.0,1.0,380.0,42465.84375,1.0,0.0,434.0,111.752220395,97.8475662442,-1.0,-1.0,9579.454609
1891.0,542.0,580.0,-1.0,-1.0,1.0,317.0,34095.2109375,1.0,1.0,364.0,107.555870465,93.6681619162,-1.0,-1.0,6693.187001
1892.0,543.0,547.0,-1.0,-1.0,1.0,66.0,8000.0,1.0,1.0,80.0,121.212121212,100.0,-1.0,-1.0,4175.083468
1893.0,543.0,549.0,-1.0,-1.0,1.0,78.0,9010.0,1.0,1.0,100.0,115.512820513,90.1,-1.0,-1.0,4792.253276
1894.0,543.0,568.0,-1.0,-1.0,1.0,170.0,36256.78125,1.0,1.0,216.0,213.275183824,167.85546875,-1.0,-1.0,4973.851889
1895.0,544.0,572.0,-1.0,-1.0,1.0,599.0,112918.53125,1.0,1.0,1385.0,188.511738314,81.5296254513,-1.0,-1.0,3491.505081
1896.0,544.0,577.0,-1.0,-1.0,1.0,715.0,112830.242188,1.0,1.0,1297.0,157.804534529,86.9932476392,-1.0,-1.0,3513.668884
1897.0,544.0,586.0,-1.0,-1.0,1.0,1078.0,122266.90625,1.0,0.0,2983.0,113.420135668,40.9879001844,-1.0,-1.0,1722.943761
1898.0,544.0,626.0,-1.0,-1.0,1.0,1749.0,116747.890625,1.0,0.0,3235.0,66.7512239137,36.0889924652,-1.0,-1.0,2444.258075
1899.0,545.0,548.0,-1.0,-1.0,1.0,185.0,27428.3554688,1.0,1.0,208.0,148.261380912,131.8670936,-1.0,-1.0,10036.38392
1900.0,545.0,570.0,-1.0,-1.0,-15.0,230.0,53886.7109375,1.0,1.0,336.0,234.290047554,160.377115885,-1.0,-1.0,-1.0
1901.0,545.0,583.0,-1.0,-1.0,1.0,1628.0,205502.921875,1.0,0.0,2419.0,126.230295992,84.9536675796,-1.0,-1.0,8972.957728
1902.0,545.0,589.0,-1.0,-1.0,-15.0,606.0,111093.28125,1.0,0.0,873.0,183.322246287,127.254617698,-1.0,-1.0,-1.0
1903.0,545.0,594.0,-1.0,-1.0,1.0,1390.0,161184.5,1.0,0.0,2501.0,115.960071942,64.4480207917,-1.0,-1.0,10361.14864
1904.0,545.0,607.0,-1.0,-1.0,1.0,809.0,116142.132813,1.0,0.0,901.0,143.562586913,128.903588028,-1.0,-1.0,20891.80294
1905.0,546.0,556.0,-1.0,-1.0,1.0,42.0,21428.3554688,1.0,1.0,68.0,510.198939733,315.122874541,-1.0,-1.0,10419.79288
1906.0,546.0,559.0,-1.0,-1.0,1.0,81.0,27656.8535156,1.0,1.0,96.0,341.442635995,288.092224121,-1.0,-1.0,8653.648585
1907.0,546.0,571.0,-1.0,-1.0,1.0,238.0,49495.28125,0.0,1.0,324.0,207.963366597,152.763213735,-1.0,-1.0,8826.021204
1908.0,547.0,568.0,-1.0,-1.0,1.0,154.0,36485.28125,1.0,1.0,204.0,236.917410714,178.849417892,-1.0,-1.0,4361.04098
1909.0,547.0,573.0,-1.0,-1.0,1.0,117.0,33085.2109375,1.0,1.0,184.0,282.779580662,179.810929008,-1.0,-1.0,6529.102368
1910.0,548.0,553.0,-1.0,-1.0,1.0,429.0,45010.0,1.0,1.0,460.0,104.918414918,97.847826087,-1.0,-1.0,16178.59688
1911.0,548.0,563.0,-1.0,-1.0,1.0,62.0,30256.7832031,1.0,1.0,136.0,488.012632308,222.476347082,-1.0,-1.0,25786.01769
1912.0,548.0,570.0,-1.0,-1.0,1.0,64.0,26438.3554688,1.0,1.0,108.0,413.0993042,244.799587674,-1.0,-1.0,37281.09908
1913.0,549.0,552.0,-1.0,-1.0,1.0,167.0,17010.0,1.0,1.0,180.0,101.856287425,94.5,-1.0,-1.0,4402.935419
1914.0,549.0,568.0,-1.0,-1.0,1.0,215.0,41227.34375,1.0,1.0,266.0,191.755087209,154.990014098,-1.0,-1.0,4150.813794
1915.0,549.0,610.0,-1.0,-1.0,1.0,280.0,35085.2109375,1.0,1.0,364.0,125.304324777,96.387942136,-1.0,-1.0,10336.08274
1916.0,550.0,551.0,-1.0,-1.0,1.0,85.0,10000.0,1.0,1.0,100.0,117.647058824,100.0,-1.0,-1.0,3669.165941
1917.0,550.0,580.0,-1.0,-1.0,1.0,281.0,30256.7832031,1.0,1.0,316.0,107.675385064,95.7493139339,-1.0,-1.0,8364.44013
1918.0,551.0,552.0,-1.0,-1.0,1.0,32.0,4000.0,1.0,1.0,40.0,125.0,100.0,-1.0,-1.0,8178.885616
1919.0,551.0,580.0,-1.0,-1.0,1.0,310.0,35227.34375,1.0,1.0,366.0,113.636592742,96.2495730874,-1.0,-1.0,7749.89224
1920.0,552.0,580.0,-1.0,-1.0,1.0,338.0,36312.5546875,1.0,1.0,391.0,107.43359375,92.8709838555,-1.0,-1.0,8079.353442
1921.0,552.0,610.0,-1.0,-1.0,1.0,301.0,33570.4921875,1.0,1.0,349.0,111.529874377,96.1905220272,-1.0,-1.0,10670.48662
1922.0,553.0,555.0,-1.0,-1.0,1.0,79.0,18428.3554688,1.0,1.0,108.0,233.27032239,170.632921007,-1.0,-1.0,13564.41803
1923.0,553.0,563.0,-1.0,-1.0,1.0,330.0,55838.4257813,1.0,1.0,388.0,169.207350852,143.913468509,-1.0,-1.0,25204.0255
1924.0,553.0,566.0,-1.0,-1.0,1.0,153.0,80379.484375,1.0,1.0,213.0,525.356107026,377.368471244,-1.0,-1.0,11816.35698
1925.0,553.0,570.0,-1.0,-1.0,-15.0,423.0,60723.421875,0.0,1.0,493.0,143.55418883,123.171241126,-1.0,-1.0,-1.0
1926.0,553.0,579.0,-1.0,-1.0,-15.0,454.0,70288.34375,1.0,1.0,737.0,154.820140419,95.3708870421,-1.0,-1.0,-1.0
1927.0,554.0,555.0,-1.0,-1.0,1.0,102.0,80384.7734375,1.0,0.0,136.0,788.086014093,591.06451057,-1.0,-1.0,5344.750506
1928.0,554.0,561.0,-1.0,-1.0,1.0,77.0,35384.7773438,1.0,1.0,136.0,459.542562906,260.182186351,-1.0,-1.0,6266.114719
1929.0,554.0,565.0,-1.0,-1.0,1.0,59.0,28256.7832031,1.0,1.0,116.0,478.928528866,243.592958647,-1.0,-1.0,9847.184715
1930.0,555.0,565.0,-1.0,-1.0,1.0,58.0,83438.6015625,1.0,1.0,84.0,1438.59657866,993.316685268,-1.0,-1.0,7361.877749
1931.0,555.0,566.0,-1.0,-1.0,1.0,103.0,89122.6953125,1.0,1.0,196.0,865.268886529,454.707629145,-1.0,-1.0,9078.55223
1932.0,556.0,557.0,-1.0,-1.0,1.0,17.0,13000.0,1.0,1.0,40.0,764.705882353,325.0,-1.0,-1.0,17846.35885
1933.0,556.0,559.0,-1.0,-1.0,-15.0,136.0,49725.1367188,1.0,1.0,224.0,365.626005285,221.987217495,-1.0,-1.0,-1.0
1934.0,556.0,560.0,-1.0,-1.0,1.0,17.0,11000.0,1.0,1.0,20.0,647.058823529,550.0,-1.0,-1.0,20866.17932
1935.0,556.0,562.0,-1.0,-1.0,1.0,160.0,39152.1367188,1.0,1.0,221.0,244.700854493,177.158989678,-1.0,-1.0,14264.8602
1936.0,556.0,564.0,-1.0,-1.0,1.0,129.0,35913.6367188,1.0,1.0,193.0,278.400284642,186.081019268,-1.0,-1.0,11134.08633
1937.0,556.0,567.0,-1.0,-1.0,1.0,104.0,31428.3554688,1.0,1.0,148.0,302.195725662,212.353753168,-1.0,-1.0,12258.48547
1938.0,556.0,569.0,-1.0,-1.0,1.0,284.0,55981.921875,0.0,1.0,461.0,197.119443222,121.435839208,-1.0,-1.0,8091.4509
1939.0,557.0,559.0,-1.0,-1.0,1.0,253.0,55240.4179688,1.0,0.0,649.0,218.341572999,85.1162064234,-1.0,-1.0,4130.332752
1940.0,557.0,560.0,-1.0,-1.0,1.0,24.0,4000.0,1.0,1.0,40.0,166.666666667,100.0,-1.0,-1.0,4055.966264
1941.0,557.0,567.0,-1.0,-1.0,1.0,140.0,33313.7070313,1.0,0.0,173.0,237.955050224,192.564780528,-1.0,-1.0,5482.562725
1942.0,557.0,569.0,-1.0,-1.0,1.0,363.0,50971.921875,1.0,1.0,581.0,140.418517562,87.7313629518,-1.0,-1.0,5251.804608
1943.0,557.0,578.0,-1.0,-1.0,1.0,303.0,33010.5625,1.0,1.0,369.0,108.945750825,89.4595189702,-1.0,-1.0,11480.8468
1944.0,559.0,569.0,-1.0,-1.0,1.0,136.0,14333.3515625,1.0,1.0,233.0,105.392290901,61.5165303112,-1.0,-1.0,16589.01819
1945.0,559.0,571.0,-1.0,-1.0,1.0,131.0,30923.6367188,1.0,1.0,173.0,236.058295563,178.749345195,-1.0,-1.0,7446.397367
1946.0,560.0,567.0,-1.0,-1.0,1.0,63.0,26828.4277344,1.0,1.0,108.0,425.848059276,248.411367911,-1.0,-1.0,6641.618602
1947.0,560.0,578.0,-1.0,-1.0,1.0,256.0,26525.28125,0.0,1.0,304.0,103.614379883,87.2542146382,-1.0,-1.0,14245.12127
1948.0,561.0,562.0,-1.0,-1.0,1.0,215.0,56000.0,1.0,1.0,240.0,260.465116279,233.333333333,-1.0,-1.0,8562.273692
1949.0,561.0,565.0,-1.0,-1.0,1.0,106.0,31656.8535156,1.0,1.0,156.0,298.649561468,202.928548177,-1.0,-1.0,7666.94655
1950.0,561.0,578.0,-1.0,-1.0,-15.0,498.0,85075.4140625,0.0,1.0,634.0,170.834164784,134.188350256,-1.0,-1.0,-1.0
1951.0,561.0,604.0,-1.0,-1.0,1.0,657.0,103053.820313,1.0,0.0,837.0,156.855129852,123.122843863,-1.0,-1.0,19361.20153
1952.0,562.0,564.0,-1.0,-1.0,1.0,95.0,12828.4267578,1.0,1.0,128.0,135.036071135,100.222084045,-1.0,-1.0,13883.89587
1953.0,562.0,567.0,-1.0,-1.0,1.0,164.0,19085.2089844,1.0,1.0,204.0,116.373225515,93.554946002,-1.0,-1.0,10121.68383
1954.0,562.0,578.0,-1.0,-1.0,1.0,313.0,28246.9882813,1.0,1.0,386.0,90.2459689498,73.1787261174,-1.0,-1.0,3671.100649
1955.0,562.0,597.0,-1.0,-1.0,1.0,587.0,95017.8984375,1.0,0.0,965.0,161.870355089,98.4641434585,-1.0,-1.0,15372.86719
1956.0,562.0,604.0,-1.0,-1.0,1.0,690.0,155988.46875,1.0,0.0,1255.0,226.070244565,124.293600598,-1.0,-1.0,14815.30332
1957.0,563.0,570.0,-1.0,-1.0,1.0,40.0,4256.78271484,1.0,1.0,56.0,106.419567871,76.0139770507,-1.0,-1.0,50473.458
1958.0,563.0,579.0,-1.0,-1.0,-15.0,215.0,13821.7070313,1.0,0.0,301.0,64.2870094479,45.9192924628,-1.0,-1.0,-1.0
1959.0,564.0,567.0,-1.0,-1.0,1.0,59.0,6256.78271484,1.0,1.0,76.0,106.047164658,82.3260883532,-1.0,-1.0,4101.258914
1960.0,565.0,566.0,-1.0,-1.0,1.0,61.0,24438.3554688,1.0,1.0,108.0,400.628778177,226.281069156,-1.0,-1.0,11699.0241
1961.0,565.0,578.0,-1.0,-1.0,-15.0,632.0,117075.414063,0.0,1.0,794.0,185.245908328,147.450143656,-1.0,-1.0,-1.0
1962.0,565.0,604.0,-1.0,-1.0,1.0,643.0,93254.8359375,1.0,0.0,739.0,145.030849047,126.19057637,-1.0,-1.0,19800.52611
1963.0,566.0,578.0,-1.0,-1.0,1.0,698.0,127585.882813,0.0,1.0,1035.0,182.787797726,123.27138436,-1.0,-1.0,7198.643271
1964.0,566.0,579.0,-1.0,-1.0,1.0,482.0,120822.539063,1.0,1.0,732.0,250.66916818,165.058113474,-1.0,-1.0,12884.33661
1965.0,566.0,597.0,-1.0,-1.0,1.0,746.0,132197.90625,0.0,1.0,1015.0,177.208989611,130.244242611,-1.0,-1.0,7378.590675
1966.0,566.0,604.0,-1.0,-1.0,1.0,626.0,91168.46875,1.0,1.0,732.0,145.63653155,124.547088456,-1.0,-1.0,17610.88722
1967.0,567.0,578.0,-1.0,-1.0,1.0,155.0,18828.4277344,1.0,1.0,188.0,121.473727319,100.151211353,-1.0,-1.0,12292.85311
1968.0,568.0,573.0,-1.0,-1.0,1.0,138.0,15010.0,1.0,1.0,160.0,108.768115942,93.8125,-1.0,-1.0,4559.643863
1969.0,568.0,575.0,-1.0,-1.0,-15.0,179.0,17963.2792969,1.0,1.0,313.0,100.353515625,57.3906686802,-1.0,-1.0,-1.0
1970.0,568.0,581.0,-1.0,-1.0,-15.0,199.0,21411.6347656,1.0,1.0,381.0,107.596154601,56.1985164451,-1.0,-1.0,-1.0
1971.0,568.0,610.0,-1.0,-1.0,1.0,211.0,24055.7734375,1.0,1.0,254.0,114.008404917,94.707769439,-1.0,-1.0,10196.45876
1972.0,569.0,571.0,-1.0,-1.0,1.0,43.0,21010.0,1.0,1.0,60.0,488.604651163,350.166666667,-1.0,-1.0,8749.193648
1973.0,569.0,578.0,-1.0,-1.0,1.0,511.0,46238.703125,1.0,1.0,557.0,90.4866988748,83.0138296679,-1.0,-1.0,7037.095088
1974.0,569.0,588.0,-1.0,-1.0,-15.0,287.0,46486.640625,1.0,0.0,376.0,161.974357578,123.634682513,-1.0,-1.0,-1.0
1975.0,569.0,593.0,-1.0,-1.0,1.0,408.0,37868.6328125,1.0,1.0,517.0,92.8152765012,73.2468719778,-1.0,-1.0,23922.19466
1976.0,570.0,579.0,-1.0,-1.0,1.0,76.0,8856.7109375,1.0,1.0,116.0,116.53567023,76.3509563578,-1.0,-1.0,63321.52993
1977.0,570.0,589.0,-1.0,-1.0,-15.0,315.0,57050.0,1.0,0.0,380.0,181.111111111,150.131578947,-1.0,-1.0,-1.0
1978.0,570.0,594.0,-1.0,-1.0,1.0,1559.0,183976.53125,0.0,1.0,1890.0,118.009320879,97.3420800265,-1.0,-1.0,5809.516212
1979.0,570.0,607.0,-1.0,-1.0,1.0,578.0,69854.765625,0.0,1.0,712.0,120.855995891,98.1106258778,-1.0,-1.0,21185.976
1980.0,571.0,574.0,-1.0,-1.0,1.0,58.0,7085.20996094,1.0,1.0,84.0,122.15879243,84.3477376302,-1.0,-1.0,10926.34096
1981.0,571.0,588.0,-1.0,-1.0,1.0,245.0,25428.3554688,1.0,1.0,268.0,103.789205995,94.881923391,-1.0,-1.0,11119.02152
1982.0,571.0,593.0,-1.0,-1.0,1.0,414.0,56542.4140625,0.0,1.0,491.0,136.575879378,115.157666115,-1.0,-1.0,18102.46841
1983.0,572.0,577.0,-1.0,-1.0,1.0,101.0,120.0,1.0,1.0,120.0,1.18811881188,1.0,-1.0,-1.0,21122.91483
1984.0,572.0,584.0,-1.0,-1.0,-15.0,234.0,273.137084961,1.0,0.0,273.0,1.16725249983,1.00050214271,-1.0,-1.0,-1.0
1985.0,572.0,586.0,-1.0,-1.0,1.0,1631.0,10367.7880859,1.0,0.0,2617.0,6.35670636781,3.96170733126,-1.0,-1.0,19285.11195
1986.0,572.0,591.0,-1.0,-1.0,-15.0,376.0,422.842712402,1.0,0.0,422.0,1.12458168192,1.00199694882,-1.0,-1.0,-1.0
1987.0,572.0,617.0,-1.0,-1.0,1.0,861.0,1027.10681152,1.0,0.0,1027.0,1.19292312604,1.00010400343,-1.0,-1.0,8223.140795
1988.0,572.0,626.0,-1.0,-1.0,1.0,2073.0,4848.77197266,1.0,0.0,2868.0,2.33901204663,1.69064573663,-1.0,-1.0,23908.93409
1989.0,572.0,654.0,-1.0,-1.0,1.0,1679.0,7131.14794922,0.0,1.0,2761.0,4.24725905254,2.58281345499,-1.0,-1.0,19192.05271
1990.0,573.0,575.0,-1.0,-1.0,1.0,26.0,2856.71142578,1.0,1.0,56.0,109.873516376,51.0127040318,-1.0,-1.0,9422.046951
1991.0,573.0,581.0,-1.0,-1.0,-15.0,94.0,6305.06689453,1.0,1.0,124.0,67.075179729,50.8473136656,-1.0,-1.0,-1.0
1992.0,573.0,582.0,-1.0,-1.0,1.0,63.0,7085.20996094,1.0,1.0,84.0,112.463650174,84.3477376302,-1.0,-1.0,4141.719658
1993.0,573.0,596.0,-1.0,-1.0,1.0,160.0,17010.0,1.0,1.0,180.0,106.3125,94.5,-1.0,-1.0,3284.106224
1994.0,574.0,576.0,-1.0,-1.0,1.0,58.0,7656.85449219,1.0,1.0,76.0,132.014732624,100.748085424,-1.0,-1.0,5171.322977
1995.0,574.0,580.0,-1.0,-1.0,1.0,257.0,27428.3554688,0.0,1.0,288.0,106.725118556,95.2373453778,-1.0,-1.0,7929.804671
1996.0,574.0,588.0,-1.0,-1.0,1.0,214.0,23913.6367188,1.0,1.0,253.0,111.745965976,94.5203032364,-1.0,-1.0,12468.99157
1997.0,575.0,581.0,-1.0,-1.0,1.0,22.0,3428.35571289,1.0,1.0,48.0,155.834350586,71.4240773519,-1.0,-1.0,9060.933328
1998.0,576.0,580.0,-1.0,-1.0,1.0,174.0,18000.0,1.0,1.0,180.0,103.448275862,100.0,-1.0,-1.0,11322.80134
1999.0,576.0,588.0,-1.0,-1.0,1.0,225.0,24627.4179688,1.0,1.0,246.0,109.455190972,100.111455158,-1.0,-1.0,12329.82358
2000.0,576.0,601.0,-1.0,-1.0,1.0,370.0,41656.8554688,1.0,1.0,416.0,112.586095862,100.1366718,-1.0,-1.0,7977.358936
2001.0,577.0,584.0,-1.0,-1.0,1.0,36.0,48.2842712402,1.0,1.0,48.0,1.34122975667,1.0059223175,-1.0,-1.0,64293.19873
2002.0,577.0,591.0,-1.0,-1.0,-15.0,187.0,209.705627441,0.0,1.0,209.0,1.1214204676,1.00337620785,-1.0,-1.0,-1.0
2003.0,577.0,626.0,-1.0,-1.0,1.0,2172.0,4760.48779297,0.0,1.0,2780.0,2.19175312752,1.71240568092,-1.0,-1.0,24841.972
2004.0,577.0,654.0,-1.0,-1.0,-15.0,1504.0,7011.14794922,0.0,1.0,2641.0,4.66166751943,2.65473227914,-1.0,-1.0,-1.0
2005.0,578.0,593.0,-1.0,-1.0,1.0,349.0,37065.7734375,1.0,1.0,394.0,106.205654549,94.0755671003,-1.0,-1.0,18870.31787
2006.0,578.0,597.0,-1.0,-1.0,1.0,329.0,67180.984375,1.0,1.0,579.0,204.197520897,116.029333981,-1.0,-1.0,21214.17009
2007.0,579.0,589.0,-1.0,-1.0,-15.0,212.0,47696.8554688,1.0,1.0,276.0,224.985167306,172.814693728,-1.0,-1.0,-1.0
2008.0,579.0,590.0,-1.0,-1.0,1.0,183.0,37656.8554688,1.0,1.0,216.0,205.775166496,174.337293837,-1.0,-1.0,22504.66449
2009.0,579.0,602.0,-1.0,-1.0,1.0,365.0,56000.0,0.0,1.0,400.0,153.424657534,140.0,-1.0,-1.0,18248.75788
2010.0,579.0,604.0,-1.0,-1.0,1.0,810.0,135774.46875,1.0,1.0,933.0,167.622800926,145.524618167,-1.0,-1.0,6250.712515
2011.0,579.0,606.0,-1.0,-1.0,1.0,415.0,60000.0,1.0,1.0,440.0,144.578313253,136.363636364,-1.0,-1.0,18143.92014
2012.0,579.0,607.0,-1.0,-1.0,1.0,481.0,69712.625,0.0,1.0,711.0,144.932692308,98.0486990155,-1.0,-1.0,13417.76041
2013.0,580.0,601.0,-1.0,-1.0,1.0,368.0,42055.7734375,1.0,1.0,434.0,114.281993037,96.902703773,-1.0,-1.0,11832.85537
2014.0,580.0,610.0,-1.0,-1.0,1.0,285.0,28312.5546875,1.0,1.0,311.0,99.3422971491,91.037153336,-1.0,-1.0,4446.944537
2015.0,581.0,595.0,-1.0,-1.0,1.0,203.0,20438.3554688,1.0,1.0,228.0,100.681554033,89.6419099509,-1.0,-1.0,2849.666698
2016.0,581.0,596.0,-1.0,-1.0,1.0,195.0,20398.9179688,1.0,1.0,217.0,104.609835737,94.004230271,-1.0,-1.0,1043.581856
2017.0,581.0,610.0,-1.0,-1.0,1.0,278.0,29010.0,1.0,1.0,300.0,104.352517986,96.7,-1.0,-1.0,7325.735627
2018.0,582.0,596.0,-1.0,-1.0,1.0,100.0,9913.63671875,1.0,1.0,113.0,99.1363671875,87.731298396,-1.0,-1.0,3744.381188
2019.0,583.0,585.0,-1.0,-1.0,1.0,132.0,19913.6367188,1.0,1.0,213.0,150.860884233,93.4912522009,-1.0,-1.0,34084.32361
2020.0,583.0,587.0,-1.0,-1.0,1.0,36.0,8828.42675781,1.0,1.0,88.0,245.234076606,100.323031339,-1.0,-1.0,58395.65752
2021.0,583.0,594.0,-1.0,-1.0,1.0,241.0,66766.703125,1.0,1.0,586.0,277.040261929,113.936353456,-1.0,-1.0,19804.87246
2022.0,583.0,635.0,-1.0,-1.0,-15.0,292.0,74261.484375,1.0,1.0,393.0,254.320151969,188.960520038,-1.0,-1.0,-1.0
2023.0,584.0,591.0,-1.0,-1.0,1.0,25.0,48.2842712402,1.0,1.0,48.0,1.93137084961,1.0059223175,-1.0,-1.0,22737.68394
2024.0,584.0,592.0,-1.0,-1.0,-15.0,2118.0,40159.3164063,1.0,0.0,4011.0,18.9609614761,10.0122952895,-1.0,-1.0,-1.0
2025.0,584.0,598.0,-1.0,-1.0,-15.0,2033.0,10188.5488281,1.0,0.0,3838.0,5.01158328977,2.65465055448,-1.0,-1.0,-1.0
2026.0,584.0,605.0,-1.0,-1.0,1.0,1979.0,10095.4121094,1.0,0.0,3745.0,5.10126938322,2.69570416806,-1.0,-1.0,19232.64054
2027.0,584.0,617.0,-1.0,-1.0,1.0,542.0,749.116882324,1.0,0.0,749.0,1.38213446923,1.00015605117,-1.0,-1.0,4414.926306
2028.0,584.0,654.0,-1.0,-1.0,1.0,1262.0,6869.7265625,1.0,0.0,2499.0,5.44352342512,2.74899022109,-1.0,-1.0,19177.60757
2029.0,585.0,587.0,-1.0,-1.0,1.0,55.0,10828.4267578,1.0,1.0,108.0,196.880486505,100.26321072,-1.0,-1.0,15850.01549
2030.0,585.0,635.0,-1.0,-1.0,1.0,122.0,52213.203125,1.0,1.0,124.0,427.977074795,421.07421875,-1.0,-1.0,48853.50869
2031.0,586.0,626.0,-1.0,-1.0,1.0,678.0,6795.828125,1.0,1.0,1025.0,10.0233453171,6.63007621951,-1.0,-1.0,12850.58223
2032.0,587.0,594.0,-1.0,-1.0,-15.0,227.0,89515.1328125,1.0,1.0,734.0,394.339792126,121.955221815,-1.0,-1.0,-1.0
2033.0,587.0,635.0,-1.0,-1.0,1.0,176.0,63384.7773438,1.0,1.0,236.0,360.140780362,268.579565016,-1.0,-1.0,42743.7989
2034.0,588.0,593.0,-1.0,-1.0,1.0,306.0,49361.9921875,1.0,1.0,381.0,161.313699959,129.559034613,-1.0,-1.0,16115.13712
2035.0,588.0,600.0,-1.0,-1.0,1.0,184.0,20485.28125,1.0,1.0,204.0,111.333050272,100.418045343,-1.0,-1.0,18770.87478
2036.0,588.0,601.0,-1.0,-1.0,1.0,272.0,30284.2714844,1.0,1.0,302.0,111.339233399,100.27904465,-1.0,-1.0,3103.902939
2037.0,589.0,590.0,-1.0,-1.0,1.0,1.0,9010.0,1.0,1.0,20.0,9010.0,450.5,-1.0,-1.0,6562.882682
2038.0,589.0,602.0,-1.0,-1.0,1.0,176.0,34284.2695313,0.0,1.0,229.0,194.796985973,149.712967386,-1.0,-1.0,4680.877847
2039.0,589.0,607.0,-1.0,-1.0,1.0,252.0,40284.2695313,1.0,1.0,289.0,159.858212426,139.391936094,-1.0,-1.0,2497.937228
2040.0,590.0,602.0,-1.0,-1.0,1.0,146.0,28970.5625,1.0,1.0,176.0,198.428510274,164.60546875,-1.0,-1.0,7023.621018
2041.0,590.0,606.0,-1.0,-1.0,1.0,196.0,33798.9882813,1.0,0.0,224.0,172.443817762,150.888340542,-1.0,-1.0,8217.020891
2042.0,590.0,607.0,-1.0,-1.0,1.0,247.0,41597.9804688,1.0,0.0,302.0,168.412876392,137.741657181,-1.0,-1.0,3440.207571
2043.0,591.0,617.0,-1.0,-1.0,1.0,434.0,732.548339844,1.0,1.0,732.0,1.68789940056,1.00074909815,-1.0,-1.0,3184.079241
2044.0,591.0,654.0,-1.0,-1.0,1.0,1205.0,6853.15820313,0.0,1.0,2483.0,5.68726821837,2.76003149542,-1.0,-1.0,19082.94696
2045.0,592.0,598.0,-1.0,-1.0,1.0,86.0,29922.484375,1.0,1.0,124.0,347.935864826,241.310357863,-1.0,-1.0,18299.92286
2046.0,592.0,620.0,-1.0,-1.0,1.0,531.0,32521.8945313,1.0,0.0,744.0,61.2465057087,43.7122238324,-1.0,-1.0,16345.33378
2047.0,592.0,648.0,-1.0,-1.0,1.0,1247.0,181898.484375,1.0,0.0,2278.0,145.868872795,79.8500809372,-1.0,-1.0,14728.7357
2048.0,593.0,597.0,-1.0,-1.0,1.0,392.0,58533.5664063,1.0,1.0,473.0,149.320322465,123.749611853,-1.0,-1.0,13999.87818
2049.0,593.0,600.0,-1.0,-1.0,1.0,383.0,56998.8476563,1.0,1.0,437.0,148.822056544,130.432145667,-1.0,-1.0,7788.837702
2050.0,593.0,603.0,-1.0,-1.0,1.0,514.0,58284.2695313,0.0,1.0,582.0,113.393520489,100.144793009,-1.0,-1.0,20048.24883
2051.0,593.0,608.0,-1.0,-1.0,1.0,177.0,20828.4277344,1.0,1.0,208.0,117.674732963,100.1366718,-1.0,-1.0,31791.08183
2052.0,593.0,613.0,-1.0,-1.0,1.0,356.0,39313.7070313,0.0,1.0,393.0,110.431761324,100.034877942,-1.0,-1.0,17044.89005
2053.0,593.0,619.0,-1.0,-1.0,-15.0,452.0,48420.2773438,0.0,1.0,589.0,107.124507398,82.2076016024,-1.0,-1.0,-1.0
2054.0,594.0,607.0,-1.0,-1.0,1.0,1400.0,174265.03125,1.0,1.0,1871.0,124.475022321,93.1400487707,-1.0,-1.0,7145.699013
2055.0,594.0,618.0,-1.0,-1.0,-15.0,1466.0,198951.4375,1.0,0.0,3229.0,135.710393929,61.6139478167,-1.0,-1.0,-1.0
2056.0,594.0,635.0,-1.0,-1.0,-15.0,401.0,154948.1875,1.0,1.0,1039.0,386.404457606,149.132038017,-1.0,-1.0,-1.0
2057.0,594.0,655.0,-1.0,-1.0,1.0,1523.0,146651.171875,1.0,0.0,2040.0,96.2909861294,71.8878293505,-1.0,-1.0,23902.54139
2058.0,594.0,661.0,-1.0,-1.0,1.0,1750.0,141282.671875,0.0,1.0,2201.0,80.7329553571,64.1902189346,-1.0,-1.0,26616.03489
2059.0,595.0,596.0,-1.0,-1.0,1.0,170.0,18256.7832031,1.0,1.0,196.0,107.392842371,93.146853077,-1.0,-1.0,3266.5477
2060.0,595.0,599.0,-1.0,-1.0,1.0,34.0,3010.0,1.0,1.0,40.0,88.5294117647,75.25,-1.0,-1.0,6132.88125
2061.0,595.0,610.0,-1.0,-1.0,-15.0,253.0,22944.9960938,1.0,1.0,344.0,90.6916841652,66.7005700401,-1.0,-1.0,-1.0
2062.0,596.0,599.0,-1.0,-1.0,1.0,213.0,21570.4921875,1.0,1.0,229.0,101.269916373,94.1942890284,-1.0,-1.0,3400.15576
2063.0,596.0,610.0,-1.0,-1.0,-15.0,497.0,41135.4140625,1.0,0.0,574.0,82.7674327213,71.6644844294,-1.0,-1.0,-1.0
2064.0,596.0,643.0,-1.0,-1.0,-15.0,1714.0,208823.234375,1.0,0.0,2689.0,121.833859029,77.6583244236,-1.0,-1.0,-1.0
2065.0,596.0,686.0,-1.0,-1.0,-15.0,6301.0,473951.5625,1.0,0.0,8302.0,75.2184673068,57.0888415442,-1.0,-1.0,-1.0
2066.0,597.0,603.0,-1.0,-1.0,1.0,116.0,31656.8535156,1.0,1.0,156.0,272.903909617,202.928548177,-1.0,-1.0,11738.89351
2067.0,597.0,604.0,-1.0,-1.0,1.0,286.0,64485.28125,1.0,1.0,324.0,225.473011364,199.028645833,-1.0,-1.0,14630.12247
2068.0,597.0,608.0,-1.0,-1.0,1.0,376.0,60142.1367188,1.0,0.0,441.0,159.952491273,136.376727254,-1.0,-1.0,3717.455503
2069.0,597.0,612.0,-1.0,-1.0,1.0,156.0,47313.7070313,1.0,0.0,313.0,303.29299379,151.162003295,-1.0,-1.0,15899.85117
2070.0,597.0,614.0,-1.0,-1.0,1.0,330.0,52398.9179688,1.0,0.0,377.0,158.784599905,138.989172331,-1.0,-1.0,17192.57629
2071.0,598.0,605.0,-1.0,-1.0,1.0,27.0,28.2842712402,1.0,1.0,28.0,1.04756560149,1.01015254429,-1.0,-1.0,48448.45061
2072.0,598.0,611.0,-1.0,-1.0,-15.0,101.0,161.421356201,1.0,1.0,161.0,1.59823124951,1.00261711926,-1.0,-1.0,-1.0
2073.0,598.0,620.0,-1.0,-1.0,-15.0,467.0,2617.40112305,1.0,1.0,637.0,5.60471332559,4.10894995769,-1.0,-1.0,-1.0
2074.0,598.0,654.0,-1.0,-1.0,-15.0,1317.0,3705.09667969,0.0,1.0,1725.0,2.81328525413,2.14788213315,-1.0,-1.0,-1.0
2075.0,599.0,610.0,-1.0,-1.0,1.0,171.0,18256.7832031,1.0,1.0,196.0,106.764814053,93.146853077,-1.0,-1.0,9174.807309
2076.0,600.0,601.0,-1.0,-1.0,1.0,128.0,16000.0,1.0,1.0,160.0,125.0,100.0,-1.0,-1.0,23399.88381
2077.0,600.0,608.0,-1.0,-1.0,1.0,412.0,58923.6367188,1.0,0.0,453.0,143.018535725,130.074253242,-1.0,-1.0,18349.94485
2078.0,600.0,609.0,-1.0,-1.0,1.0,118.0,14742.0644531,1.0,1.0,161.0,124.932749603,91.5656177211,-1.0,-1.0,20689.67425
2079.0,600.0,613.0,-1.0,-1.0,1.0,326.0,52284.2695313,1.0,0.0,362.0,160.381194881,144.431683788,-1.0,-1.0,20589.88211
2080.0,600.0,619.0,-1.0,-1.0,1.0,306.0,52142.1367188,1.0,1.0,361.0,170.399139604,144.438051853,-1.0,-1.0,15767.08312
2081.0,601.0,609.0,-1.0,-1.0,1.0,32.0,4828.42724609,1.0,1.0,48.0,150.88835144,100.592234294,-1.0,-1.0,15995.57816
2082.0,601.0,610.0,-1.0,-1.0,1.0,218.0,25656.8535156,1.0,1.0,256.0,117.691988604,100.222084045,-1.0,-1.0,19180.18644
2083.0,602.0,606.0,-1.0,-1.0,1.0,29.0,4828.42724609,1.0,1.0,48.0,166.497491244,100.592234294,-1.0,-1.0,17293.60743
2084.0,602.0,607.0,-1.0,-1.0,1.0,192.0,22485.28125,1.0,1.0,224.0,117.110839844,100.380719866,-1.0,-1.0,5491.21156
2085.0,602.0,618.0,-1.0,-1.0,1.0,346.0,74284.2734375,0.0,1.0,382.0,214.6944319,194.461448789,-1.0,-1.0,17574.11026
2086.0,603.0,604.0,-1.0,-1.0,1.0,181.0,52010.2070313,1.0,1.0,309.0,287.349210118,168.317822108,-1.0,-1.0,12155.46775
2087.0,603.0,608.0,-1.0,-1.0,1.0,454.0,48485.28125,0.0,1.0,484.0,106.795773678,100.17620093,-1.0,-1.0,11085.37117
2088.0,603.0,612.0,-1.0,-1.0,1.0,34.0,21010.0,1.0,1.0,60.0,617.941176471,350.166666667,-1.0,-1.0,19051.66567
2089.0,603.0,614.0,-1.0,-1.0,1.0,309.0,40742.0625,0.0,1.0,421.0,131.851334951,96.7744952494,-1.0,-1.0,13551.35299
2090.0,604.0,606.0,-1.0,-1.0,1.0,672.0,129555.195313,1.0,1.0,766.0,192.790469216,169.132108764,-1.0,-1.0,9324.798722
2091.0,604.0,612.0,-1.0,-1.0,1.0,193.0,45773.421875,1.0,1.0,253.0,237.16798899,180.922616107,-1.0,-1.0,6164.366627
2092.0,604.0,615.0,-1.0,-1.0,1.0,295.0,16256.6308594,1.0,1.0,346.0,55.1072232522,46.9844822526,-1.0,-1.0,31451.77843
2093.0,604.0,622.0,-1.0,-1.0,-15.0,449.0,65180.2695313,0.0,1.0,539.0,145.167638154,120.928143843,-1.0,-1.0,-1.0
2094.0,604.0,623.0,-1.0,-1.0,1.0,415.0,42306.1914063,1.0,1.0,544.0,101.942629895,77.7687342028,-1.0,-1.0,31805.46395
2095.0,604.0,627.0,-1.0,-1.0,1.0,429.0,40934.40625,0.0,1.0,572.0,95.4181963869,71.5636472902,-1.0,-1.0,30574.41782
2096.0,605.0,611.0,-1.0,-1.0,1.0,15.0,56.5685424805,1.0,1.0,56.0,3.77123616537,1.01015254429,-1.0,-1.0,13138.32108
2097.0,605.0,620.0,-1.0,-1.0,-15.0,441.0,2512.54833984,0.0,1.0,532.0,5.69738852571,4.72283522526,-1.0,-1.0,-1.0
2098.0,605.0,654.0,-1.0,-1.0,1.0,1190.0,3611.9597168,1.0,0.0,1631.0,3.03526026622,2.21456757621,-1.0,-1.0,18131.86491
2099.0,606.0,607.0,-1.0,-1.0,1.0,196.0,22828.4277344,1.0,0.0,228.0,116.471570073,100.124683046,-1.0,-1.0,8275.787407
2100.0,606.0,618.0,-1.0,-1.0,1.0,314.0,70055.7734375,1.0,1.0,374.0,223.107558718,187.314902239,-1.0,-1.0,17562.80396
2101.0,606.0,623.0,-1.0,-1.0,1.0,566.0,136482.171875,1.0,1.0,784.0,241.134579284,174.084402902,-1.0,-1.0,6064.605916
2102.0,606.0,629.0,-1.0,-1.0,1.0,440.0,131555.203125,1.0,0.0,786.0,298.989098011,167.373031966,-1.0,-1.0,10010.08257
2103.0,606.0,650.0,-1.0,-1.0,1.0,289.0,64856.7109375,1.0,1.0,336.0,224.417684905,193.025925409,-1.0,-1.0,24000.03032
2104.0,606.0,653.0,-1.0,-1.0,-15.0,336.0,74923.28125,1.0,0.0,413.0,222.985956101,181.412303269,-1.0,-1.0,-1.0
2105.0,607.0,618.0,-1.0,-1.0,1.0,214.0,56426.40625,1.0,1.0,309.0,263.674795561,182.609728964,-1.0,-1.0,24494.85824
2106.0,607.0,650.0,-1.0,-1.0,-15.0,290.0,66341.40625,1.0,0.0,494.0,228.763469828,134.294344636,-1.0,-1.0,-1.0
2107.0,607.0,661.0,-1.0,-1.0,1.0,884.0,101924.0,0.0,1.0,1754.0,115.298642534,58.1094640821,-1.0,-1.0,28780.46598
2108.0,608.0,613.0,-1.0,-1.0,1.0,183.0,18970.5625,1.0,1.0,189.0,103.664275956,100.373346561,-1.0,-1.0,3903.205261
2109.0,608.0,614.0,-1.0,-1.0,1.0,263.0,28055.7734375,1.0,1.0,294.0,106.675944629,95.4278008078,-1.0,-1.0,37225.76339
2110.0,609.0,610.0,-1.0,-1.0,1.0,196.0,22000.0,1.0,1.0,220.0,112.244897959,100.0,-1.0,-1.0,25526.85517
2111.0,609.0,619.0,-1.0,-1.0,1.0,274.0,56000.0,1.0,0.0,400.0,204.379562044,140.0,-1.0,-1.0,19953.26028
2112.0,609.0,643.0,-1.0,-1.0,-15.0,648.0,139343.125,1.0,0.0,1320.0,215.035686728,105.562973485,-1.0,-1.0,-1.0
2113.0,610.0,643.0,-1.0,-1.0,-15.0,855.0,166638.1875,1.0,0.0,1645.0,194.898464912,101.29981003,-1.0,-1.0,-1.0
2114.0,611.0,620.0,-1.0,-1.0,1.0,400.0,2427.69555664,1.0,1.0,447.0,6.0692388916,5.43108625647,-1.0,-1.0,8575.718139
2115.0,611.0,654.0,-1.0,-1.0,1.0,1164.0,3611.9597168,1.0,0.0,1631.0,3.10305817595,2.21456757621,-1.0,-1.0,17952.09247
2116.0,612.0,614.0,-1.0,-1.0,1.0,241.0,31913.6367188,1.0,1.0,333.0,132.421729124,95.8367469033,-1.0,-1.0,6600.130101
2117.0,612.0,615.0,-1.0,-1.0,1.0,135.0,50546.640625,1.0,0.0,316.0,374.419560185,159.957723497,-1.0,-1.0,13568.0251
2118.0,612.0,622.0,-1.0,-1.0,1.0,257.0,44923.6367188,0.0,1.0,313.0,174.800142875,143.525995907,-1.0,-1.0,14416.64763
2119.0,613.0,614.0,-1.0,-1.0,1.0,334.0,34438.3554688,1.0,1.0,368.0,103.108848709,93.582487687,-1.0,-1.0,30564.19711
2120.0,613.0,619.0,-1.0,-1.0,1.0,57.0,7428.35546875,1.0,1.0,88.0,130.322025768,84.4131303267,-1.0,-1.0,36295.18335
2121.0,613.0,632.0,-1.0,-1.0,1.0,282.0,39085.2109375,1.0,1.0,404.0,138.600038785,96.7455716275,-1.0,-1.0,42374.48539
2122.0,613.0,634.0,-1.0,-1.0,-15.0,233.0,62170.4179688,1.0,1.0,649.0,266.825828192,95.7941725251,-1.0,-1.0,-1.0
2123.0,613.0,639.0,-1.0,-1.0,-15.0,300.0,54055.7734375,0.0,1.0,554.0,180.185911458,97.5735982626,-1.0,-1.0,-1.0
2124.0,614.0,615.0,-1.0,-1.0,-15.0,262.0,61074.6210938,1.0,0.0,399.0,233.109240816,153.069225799,-1.0,-1.0,-1.0
2125.0,614.0,622.0,-1.0,-1.0,1.0,167.0,16998.8476563,1.0,1.0,197.0,101.789506924,86.2885667832,-1.0,-1.0,29448.68018
2126.0,614.0,630.0,-1.0,-1.0,1.0,182.0,20000.0,1.0,1.0,200.0,109.89010989,100.0,-1.0,-1.0,27847.39912
2127.0,614.0,632.0,-1.0,-1.0,1.0,271.0,29455.84375,1.0,1.0,294.0,108.693150369,100.189944728,-1.0,-1.0,21128.32599
2128.0,614.0,633.0,-1.0,-1.0,1.0,208.0,23656.8535156,1.0,1.0,236.0,113.734872671,100.240904727,-1.0,-1.0,25230.40431
2129.0,615.0,622.0,-1.0,-1.0,1.0,134.0,44055.7734375,1.0,1.0,181.0,328.774428638,243.402063191,-1.0,-1.0,4232.315931
2130.0,615.0,623.0,-1.0,-1.0,1.0,371.0,40742.0625,1.0,0.0,421.0,109.816880054,96.7744952494,-1.0,-1.0,22253.81178
2131.0,615.0,624.0,-1.0,-1.0,1.0,92.0,42142.1367188,1.0,1.0,148.0,458.066703465,284.744167019,-1.0,-1.0,4633.963018
2132.0,615.0,627.0,-1.0,-1.0,1.0,289.0,35227.34375,1.0,1.0,366.0,121.89392301,96.2495730874,-1.0,-1.0,22648.90677
2133.0,615.0,628.0,-1.0,-1.0,-15.0,172.0,49798.9882813,0.0,1.0,224.0,289.529001635,222.31691197,-1.0,-1.0,-1.0
2134.0,615.0,631.0,-1.0,-1.0,-15.0,213.0,48514.1289063,0.0,1.0,269.0,227.76586341,180.349921585,-1.0,-1.0,-1.0
2135.0,615.0,644.0,-1.0,-1.0,-15.0,429.0,77180.984375,0.0,1.0,566.0,179.909054487,136.362163207,-1.0,-1.0,-1.0
2136.0,616.0,635.0,-1.0,-1.0,1.0,1724.0,253448.375,1.0,1.0,1935.0,147.011818445,130.981072351,-1.0,-1.0,17473.2707
2137.0,616.0,658.0,-1.0,-1.0,1.0,2905.0,904073.9375,1.0,0.0,5038.0,311.21305938,179.450960202,-1.0,-1.0,6656.712898
2138.0,616.0,659.0,-1.0,-1.0,1.0,2884.0,866112.8125,1.0,1.0,4865.0,300.316509189,178.029355087,-1.0,-1.0,7138.998078
2139.0,616.0,665.0,-1.0,-1.0,1.0,5041.0,1531782.0,0.0,1.0,7465.0,303.864709383,205.195177495,-1.0,-1.0,6008.274407
2140.0,616.0,671.0,-1.0,-1.0,-15.0,4172.0,679013.375,1.0,1.0,6267.0,162.754883749,108.347434977,-1.0,-1.0,-1.0
2141.0,617.0,626.0,-1.0,-1.0,1.0,2333.0,5100.48779297,1.0,0.0,3120.0,2.18623565922,1.63477172852,-1.0,-1.0,24252.59289
2142.0,617.0,646.0,-1.0,-1.0,1.0,664.0,8173.15820313,1.0,1.0,1823.0,12.3089731975,4.48335611801,-1.0,-1.0,16677.13382
2143.0,617.0,654.0,-1.0,-1.0,1.0,749.0,6051.73681641,1.0,1.0,1681.0,8.07975542912,3.60008138989,-1.0,-1.0,21319.95936
2144.0,617.0,664.0,-1.0,-1.0,-15.0,1959.0,90482.046875,1.0,1.0,3590.0,46.1878748724,25.2039127786,-1.0,-1.0,-1.0
2145.0,618.0,621.0,-1.0,-1.0,1.0,24.0,2856.71142578,1.0,1.0,56.0,119.029642741,51.0127040318,-1.0,-1.0,60068.14721
2146.0,618.0,650.0,-1.0,-1.0,-15.0,99.0,7315.06689453,1.0,1.0,144.0,73.8895645912,50.7990756565,-1.0,-1.0,-1.0
2147.0,618.0,655.0,-1.0,-1.0,-15.0,633.0,66320.2578125,1.0,0.0,1349.0,104.771339356,49.1625335897,-1.0,-1.0,-1.0
2148.0,618.0,661.0,-1.0,-1.0,-15.0,601.0,56482.1992188,0.0,1.0,831.0,93.9803647567,67.9689521285,-1.0,-1.0,-1.0
2149.0,619.0,634.0,-1.0,-1.0,-15.0,160.0,70677.0625,1.0,1.0,826.0,441.731640625,85.5654509685,-1.0,-1.0,-1.0
2150.0,619.0,643.0,-1.0,-1.0,-15.0,330.0,91047.6953125,1.0,0.0,1015.0,275.902107008,89.7021628695,-1.0,-1.0,-1.0
2151.0,620.0,646.0,-1.0,-1.0,1.0,1632.0,4049.94946289,0.0,1.0,2069.0,2.48158668069,1.95744294968,-1.0,-1.0,19010.02229
2152.0,620.0,648.0,-1.0,-1.0,1.0,928.0,149726.296875,1.0,1.0,1883.0,161.342992322,79.5147620154,-1.0,-1.0,21212.65859
2153.0,620.0,654.0,-1.0,-1.0,1.0,1270.0,1928.52819824,1.0,1.0,1928.0,1.51852614035,1.00027396174,-1.0,-1.0,40921.86243
2154.0,620.0,663.0,-1.0,-1.0,-15.0,1567.0,374178.15625,1.0,1.0,2777.0,238.786315412,134.741863972,-1.0,-1.0,-1.0
2155.0,621.0,650.0,-1.0,-1.0,1.0,24.0,2828.42724609,1.0,1.0,28.0,117.851135254,101.015258789,-1.0,-1.0,60694.86358
2156.0,621.0,655.0,-1.0,-1.0,-15.0,607.0,62481.8320313,1.0,0.0,1300.0,102.935472869,48.0629477164,-1.0,-1.0,-1.0
2157.0,622.0,624.0,-1.0,-1.0,1.0,38.0,7010.0,1.0,1.0,80.0,184.473684211,87.625,-1.0,-1.0,12553.89815
2158.0,622.0,628.0,-1.0,-1.0,1.0,49.0,6256.78271484,1.0,1.0,76.0,127.68944316,82.3260883532,-1.0,-1.0,12577.74865
2159.0,622.0,630.0,-1.0,-1.0,-15.0,134.0,15866.7109375,1.0,1.0,196.0,118.408290578,80.952606824,-1.0,-1.0,-1.0
2160.0,622.0,631.0,-1.0,-1.0,1.0,41.0,4438.35546875,1.0,1.0,68.0,108.252572409,65.269933364,-1.0,-1.0,22607.70469
2161.0,623.0,627.0,-1.0,-1.0,1.0,57.0,7085.20996094,1.0,1.0,84.0,124.301929139,84.3477376302,-1.0,-1.0,17271.7608
2162.0,623.0,629.0,-1.0,-1.0,1.0,181.0,21656.8535156,1.0,1.0,216.0,119.651124396,100.26321072,-1.0,-1.0,37408.8584
2163.0,623.0,638.0,-1.0,-1.0,1.0,235.0,25798.9902344,1.0,1.0,257.0,109.782937168,100.385176009,-1.0,-1.0,33563.12281
2164.0,623.0,650.0,-1.0,-1.0,-15.0,437.0,101135.6875,0.0,1.0,521.0,231.431779176,194.118402111,-1.0,-1.0,-1.0
2165.0,624.0,627.0,-1.0,-1.0,1.0,320.0,69656.8515625,1.0,0.0,376.0,217.677661133,185.257583943,-1.0,-1.0,12336.0303
2166.0,624.0,628.0,-1.0,-1.0,1.0,53.0,5656.85449219,1.0,1.0,56.0,106.733103626,101.015258789,-1.0,-1.0,4241.465589
2167.0,626.0,664.0,-1.0,-1.0,-15.0,3377.0,95444.546875,1.0,0.0,6572.0,28.2631172268,14.5229073151,-1.0,-1.0,-1.0
2168.0,626.0,696.0,-1.0,-1.0,-12.0,6315.0,-1.0,1.0,0.0,-1.0,-1.0,-1.0,-1.0,-1.0,-1.0
2169.0,626.0,704.0,-1.0,-1.0,-15.0,9029.0,5777462.5,1.0,0.0,129218.0,639.878447226,44.7109729295,-1.0,-1.0,-1.0
2170.0,627.0,628.0,-1.0,-1.0,1.0,374.0,72000.0,1.0,0.0,400.0,192.513368984,180.0,-1.0,-1.0,12051.90888
2171.0,627.0,638.0,-1.0,-1.0,1.0,251.0,30142.1347656,1.0,1.0,301.0,120.088186317,100.13998261,-1.0,-1.0,32353.8479
2172.0,627.0,644.0,-1.0,-1.0,1.0,497.0,85969.40625,1.0,1.0,567.0,172.976672535,151.621527778,-1.0,-1.0,6452.407925
2173.0,627.0,647.0,-1.0,-1.0,1.0,521.0,85511.6171875,1.0,1.0,709.0,164.129783469,120.608768953,-1.0,-1.0,3388.684695
2174.0,627.0,662.0,-1.0,-1.0,1.0,655.0,73140.984375,1.0,1.0,759.0,111.665625,96.3649333004,-1.0,-1.0,37952.68672
2175.0,628.0,631.0,-1.0,-1.0,1.0,51.0,7010.0,1.0,1.0,80.0,137.450980392,87.625,-1.0,-1.0,6866.240496
2176.0,628.0,644.0,-1.0,-1.0,-15.0,239.0,35313.7070313,1.0,0.0,353.0,147.756096365,100.038830117,-1.0,-1.0,-1.0
2177.0,629.0,638.0,-1.0,-1.0,1.0,78.0,8256.78320313,1.0,1.0,96.0,105.856194912,86.0081583659,-1.0,-1.0,11347.8801
2178.0,629.0,650.0,-1.0,-1.0,-15.0,202.0,78850.6171875,0.0,1.0,256.0,390.349590037,308.010223389,-1.0,-1.0,-1.0
2179.0,629.0,651.0,-1.0,-1.0,1.0,187.0,51913.6367188,0.0,1.0,293.0,277.613030582,177.179647504,-1.0,-1.0,17064.1523
2180.0,629.0,653.0,-1.0,-1.0,1.0,154.0,46010.0,1.0,1.0,220.0,298.766233766,209.136363636,-1.0,-1.0,21112.98489
2181.0,630.0,631.0,-1.0,-1.0,1.0,85.0,11428.3554688,1.0,1.0,128.0,134.451240809,89.2840271,-1.0,-1.0,6281.489493
2182.0,630.0,633.0,-1.0,-1.0,1.0,24.0,4256.78271484,1.0,1.0,56.0,177.365946452,76.0139770507,-1.0,-1.0,11931.19106
2183.0,630.0,636.0,-1.0,-1.0,1.0,26.0,7656.85449219,1.0,1.0,76.0,294.494403546,100.748085424,-1.0,-1.0,15990.51009
2184.0,631.0,636.0,-1.0,-1.0,1.0,69.0,9656.85449219,1.0,1.0,96.0,139.95441293,100.592234294,-1.0,-1.0,12733.50097
2185.0,631.0,644.0,-1.0,-1.0,1.0,210.0,25656.8535156,1.0,1.0,256.0,122.175492931,100.222084045,-1.0,-1.0,15048.99148
2186.0,632.0,633.0,-1.0,-1.0,1.0,111.0,12000.0,1.0,1.0,120.0,108.108108108,100.0,-1.0,-1.0,5195.856169
2187.0,632.0,634.0,-1.0,-1.0,1.0,209.0,22256.7832031,1.0,0.0,236.0,106.491785661,94.308403403,-1.0,-1.0,15626.17402
2188.0,632.0,637.0,-1.0,-1.0,1.0,60.0,8828.42675781,1.0,1.0,88.0,147.140445964,100.323031339,-1.0,-1.0,19879.49936
2189.0,632.0,639.0,-1.0,-1.0,1.0,128.0,14142.1357422,1.0,1.0,141.0,110.485435486,100.298835051,-1.0,-1.0,21317.36828
2190.0,632.0,641.0,-1.0,-1.0,1.0,131.0,14142.1357422,1.0,1.0,141.0,107.955234673,100.298835051,-1.0,-1.0,9709.161765
2191.0,633.0,636.0,-1.0,-1.0,1.0,55.0,7428.35546875,1.0,1.0,88.0,135.061008523,84.4131303267,-1.0,-1.0,11910.33874
2192.0,633.0,641.0,-1.0,-1.0,1.0,48.0,6828.42724609,1.0,1.0,68.0,142.25890096,100.418047737,-1.0,-1.0,22752.56921
2193.0,634.0,639.0,-1.0,-1.0,1.0,89.0,10666.8544922,1.0,1.0,116.0,119.852297665,91.9556421741,-1.0,-1.0,5047.191718
2194.0,634.0,640.0,-1.0,-1.0,1.0,13.0,14666.8544922,1.0,1.0,156.0,1128.21957632,94.0182980269,-1.0,-1.0,6594.641275
2195.0,634.0,643.0,-1.0,-1.0,1.0,149.0,39152.1367188,1.0,0.0,401.0,262.766018247,97.6362511691,-1.0,-1.0,13460.32392
2196.0,635.0,655.0,-1.0,-1.0,1.0,1797.0,180176.8125,1.0,0.0,2125.0,100.265338063,84.7890882353,-1.0,-1.0,10513.51623
2197.0,635.0,661.0,-1.0,-1.0,1.0,2040.0,174808.296875,1.0,1.0,2286.0,85.6903416054,76.4690712489,-1.0,-1.0,12167.85423
2198.0,635.0,671.0,-1.0,-1.0,1.0,3010.0,424025.90625,1.0,1.0,3782.0,140.872394103,112.116844593,-1.0,-1.0,67775.0932
2199.0,636.0,641.0,-1.0,-1.0,1.0,92.0,11656.8544922,1.0,1.0,116.0,126.704940133,100.490124933,-1.0,-1.0,7619.905613
2200.0,636.0,644.0,-1.0,-1.0,1.0,180.0,22970.5625,1.0,1.0,229.0,127.614236111,100.308133188,-1.0,-1.0,12870.6138
2201.0,636.0,645.0,-1.0,-1.0,1.0,143.0,16000.0,1.0,1.0,160.0,111.888111888,100.0,-1.0,-1.0,17536.67732
2202.0,637.0,639.0,-1.0,-1.0,1.0,79.0,8828.42675781,1.0,1.0,88.0,111.752237441,100.323031339,-1.0,-1.0,15402.84202
2203.0,637.0,641.0,-1.0,-1.0,1.0,124.0,14828.4267578,1.0,1.0,148.0,119.584086756,100.192072688,-1.0,-1.0,4559.362981
2204.0,637.0,642.0,-1.0,-1.0,1.0,90.0,11913.6367188,1.0,1.0,133.0,132.37374132,89.5762159308,-1.0,-1.0,8672.644382
2205.0,638.0,649.0,-1.0,-1.0,1.0,339.0,49941.125,1.0,1.0,499.0,147.318952802,100.08241483,-1.0,-1.0,21058.68228
2206.0,638.0,651.0,-1.0,-1.0,1.0,249.0,54000.0,1.0,1.0,300.0,216.86746988,180.0,-1.0,-1.0,15331.36706
2207.0,638.0,653.0,-1.0,-1.0,-15.0,229.0,54266.78125,1.0,0.0,316.0,236.972843886,171.730320411,-1.0,-1.0,-1.0
2208.0,638.0,662.0,-1.0,-1.0,1.0,482.0,49010.0,1.0,1.0,500.0,101.680497925,98.02,-1.0,-1.0,37633.23318
2209.0,639.0,640.0,-1.0,-1.0,1.0,94.0,12000.0,1.0,1.0,120.0,127.659574468,100.0,-1.0,-1.0,11739.07755
2210.0,639.0,642.0,-1.0,-1.0,1.0,168.0,17913.6367188,1.0,1.0,193.0,106.628789993,92.8167705637,-1.0,-1.0,3164.760432
2211.0,639.0,643.0,-1.0,-1.0,1.0,162.0,25656.8535156,1.0,1.0,256.0,158.375638985,100.222084045,-1.0,-1.0,22048.86821
2212.0,640.0,643.0,-1.0,-1.0,1.0,79.0,25656.8535156,1.0,1.0,96.0,324.770297666,267.258890787,-1.0,-1.0,17297.35136
2213.0,641.0,642.0,-1.0,-1.0,1.0,72.0,7085.20996094,1.0,1.0,84.0,98.4056939019,84.3477376302,-1.0,-1.0,20903.97753
2214.0,641.0,645.0,-1.0,-1.0,1.0,129.0,16142.1357422,1.0,1.0,161.0,125.132835211,100.261712684,-1.0,-1.0,13520.14582
2215.0,642.0,643.0,-1.0,-1.0,1.0,292.0,26770.1347656,1.0,1.0,549.0,91.6785437178,48.7616298098,-1.0,-1.0,22289.1578
2216.0,642.0,645.0,-1.0,-1.0,1.0,147.0,18256.7832031,1.0,1.0,196.0,124.195804103,93.146853077,-1.0,-1.0,5276.754529
2217.0,642.0,647.0,-1.0,-1.0,-15.0,346.0,38427.203125,1.0,0.0,426.0,111.061280708,90.2047021714,-1.0,-1.0,-1.0
2218.0,643.0,645.0,-1.0,-1.0,1.0,464.0,33768.9804688,1.0,1.0,647.0,72.7779751483,52.1931691944,-1.0,-1.0,16001.98769
2219.0,643.0,647.0,-1.0,-1.0,1.0,649.0,46798.4179688,1.0,1.0,777.0,72.1085022632,60.2296241555,-1.0,-1.0,6074.096511
2220.0,643.0,661.0,-1.0,-1.0,-15.0,1837.0,151748.421875,0.0,1.0,2935.0,82.6066531709,51.7030398211,-1.0,-1.0,-1.0
2221.0,643.0,662.0,-1.0,-1.0,1.0,1291.0,113080.46875,1.0,1.0,1518.0,87.5913778079,74.4930624177,-1.0,-1.0,24708.24024
2222.0,643.0,684.0,-1.0,-1.0,-15.0,4950.0,285163.9375,1.0,0.0,5977.0,57.6088762626,47.7102120629,-1.0,-1.0,-1.0
2223.0,643.0,686.0,-1.0,-1.0,1.0,5019.0,285047.375,1.0,0.0,5860.0,56.7936590954,48.6428967577,-1.0,-1.0,69639.56678
2224.0,644.0,645.0,-1.0,-1.0,1.0,74.0,9010.0,1.0,1.0,100.0,121.756756757,90.1,-1.0,-1.0,4506.704309
2225.0,644.0,647.0,-1.0,-1.0,1.0,94.0,12485.28125,1.0,1.0,124.0,132.822140957,100.687752016,-1.0,-1.0,24138.36673
2226.0,645.0,647.0,-1.0,-1.0,1.0,154.0,18742.0644531,1.0,1.0,201.0,121.701717228,93.2441017567,-1.0,-1.0,17314.03349
2227.0,646.0,654.0,-1.0,-1.0,1.0,116.0,2193.13720703,1.0,1.0,213.0,18.906355233,10.2964188123,-1.0,-1.0,3978.414549
2228.0,646.0,664.0,-1.0,-1.0,1.0,1427.0,82208.890625,1.0,1.0,1667.0,57.6095939909,49.3154712807,-1.0,-1.0,1468.000022
2229.0,647.0,662.0,-1.0,-1.0,1.0,634.0,86368.328125,1.0,1.0,745.0,136.227646885,115.930641779,-1.0,-1.0,34484.11586
2230.0,648.0,663.0,-1.0,-1.0,1.0,358.0,223823.9375,1.0,1.0,506.0,625.20652933,442.339797431,-1.0,-1.0,43277.38162
2231.0,649.0,651.0,-1.0,-1.0,1.0,80.0,21000.0,1.0,1.0,120.0,262.5,175.0,-1.0,-1.0,11752.77418
2232.0,649.0,652.0,-1.0,-1.0,1.0,92.0,11656.8544922,1.0,1.0,116.0,126.704940133,100.490124933,-1.0,-1.0,5347.24054
2233.0,649.0,653.0,-1.0,-1.0,1.0,84.0,18656.8535156,1.0,1.0,96.0,222.105398995,194.342224121,-1.0,-1.0,11755.77181
2234.0,649.0,660.0,-1.0,-1.0,1.0,325.0,41798.9882813,1.0,1.0,417.0,128.612271635,100.23738197,-1.0,-1.0,13280.93325
2235.0,649.0,661.0,-1.0,-1.0,-15.0,176.0,31227.3457031,1.0,1.0,326.0,177.428100586,95.7894039972,-1.0,-1.0,-1.0
2236.0,649.0,662.0,-1.0,-1.0,1.0,318.0,33712.625,1.0,1.0,351.0,106.014544025,96.0473646724,-1.0,-1.0,27186.03751
2237.0,650.0,653.0,-1.0,-1.0,1.0,2.0,10010.0,1.0,1.0,20.0,5005.0,500.5,-1.0,-1.0,55819.64273
2238.0,650.0,655.0,-1.0,-1.0,-15.0,276.0,53236.9804688,1.0,1.0,875.0,192.887610394,60.8422633929,-1.0,-1.0,-1.0
2239.0,650.0,661.0,-1.0,-1.0,1.0,66.0,43398.9179688,0.0,1.0,357.0,657.559363164,121.565596551,-1.0,-1.0,29836.02002
2240.0,651.0,652.0,-1.0,-1.0,1.0,22.0,17000.0,1.0,1.0,80.0,772.727272727,212.5,-1.0,-1.0,16630.44513
2241.0,651.0,653.0,-1.0,-1.0,1.0,2.0,19000.0,1.0,1.0,20.0,9500.0,950.0,-1.0,-1.0,6120.982383
2242.0,652.0,653.0,-1.0,-1.0,1.0,24.0,19000.0,1.0,1.0,100.0,791.666666667,190.0,-1.0,-1.0,11587.0626
2243.0,652.0,656.0,-1.0,-1.0,-15.0,56.0,33795.0546875,0.0,1.0,306.0,603.48311942,110.441355188,-1.0,-1.0,-1.0
2244.0,652.0,661.0,-1.0,-1.0,1.0,67.0,19570.4921875,1.0,1.0,209.0,292.096898321,93.6387186005,-1.0,-1.0,30590.23504
2245.0,653.0,655.0,-1.0,-1.0,-15.0,266.0,32751.6992188,1.0,0.0,671.0,123.126688792,48.8102819952,-1.0,-1.0,-1.0
2246.0,653.0,656.0,-1.0,-1.0,1.0,14.0,20000.0,1.0,1.0,20.0,1428.57142857,1000.0,-1.0,-1.0,23572.72538
2247.0,653.0,661.0,-1.0,-1.0,1.0,26.0,22913.6367188,1.0,1.0,153.0,881.293719954,149.762331495,-1.0,-1.0,34307.37857
2248.0,654.0,663.0,-1.0,-1.0,-15.0,2446.0,375893.53125,1.0,0.0,4493.0,153.676832073,83.6620367794,-1.0,-1.0,-1.0
2249.0,654.0,664.0,-1.0,-1.0,-15.0,1418.0,84502.03125,1.0,0.0,1980.0,59.592405677,42.6777935606,-1.0,-1.0,-1.0
2250.0,655.0,661.0,-1.0,-1.0,1.0,213.0,8651.49316406,1.0,1.0,321.0,40.6173387984,26.9516920999,-1.0,-1.0,32933.05493
2251.0,656.0,661.0,-1.0,-1.0,1.0,5.0,14156.2773438,1.0,1.0,28.0,2831.25546876,505.581333707,-1.0,-1.0,23861.96202
2252.0,658.0,659.0,-1.0,-1.0,1.0,3.0,31798.9902344,1.0,1.0,124.0,10599.6634115,256.443469632,-1.0,-1.0,7311.195973
2253.0,658.0,663.0,-1.0,-1.0,-15.0,3589.0,2262053.75,1.0,0.0,36206.0,630.274101421,62.4773172955,-1.0,-1.0,-1.0
2254.0,659.0,663.0,-1.0,-1.0,-15.0,3599.0,2224092.75,1.0,0.0,36033.0,617.975201445,61.7237740405,-1.0,-1.0,-1.0
2255.0,659.0,665.0,-1.0,-1.0,1.0,2674.0,1429777.5,1.0,1.0,5238.0,534.696148093,272.962485682,-1.0,-1.0,7170.413088
2256.0,659.0,671.0,-1.0,-1.0,1.0,5912.0,1447362.125,1.0,0.0,10281.0,244.817680142,140.780286451,-1.0,-1.0,16630.30228
2257.0,660.0,661.0,-1.0,-1.0,1.0,252.0,27741.3417969,1.0,1.0,771.0,110.08468967,35.9809880634,-1.0,-1.0,5947.750724
2258.0,660.0,662.0,-1.0,-1.0,1.0,152.0,31010.0,1.0,1.0,160.0,204.013157895,193.8125,-1.0,-1.0,13791.38668
2259.0,661.0,662.0,-1.0,-1.0,1.0,387.0,38383.1015625,1.0,1.0,1131.0,99.1811409884,33.9373134947,-1.0,-1.0,12887.44943
2260.0,661.0,671.0,-1.0,-1.0,1.0,2798.0,315908.0,1.0,1.0,5342.0,112.904932094,59.136652939,-1.0,-1.0,87797.48353
2261.0,661.0,686.0,-1.0,-1.0,1.0,4423.0,171631.5,0.0,1.0,6008.0,38.804318336,28.5671604527,-1.0,-1.0,101376.7101
2262.0,662.0,671.0,-1.0,-1.0,1.0,3158.0,349333.03125,1.0,0.0,4815.0,110.618439281,72.5509929907,-1.0,-1.0,78735.56191
2263.0,662.0,675.0,-1.0,-1.0,1.0,3560.0,242979.25,1.0,0.0,4766.0,68.2525983146,50.9817981536,-1.0,-1.0,94157.75716
2264.0,662.0,684.0,-1.0,-1.0,-15.0,4151.0,204850.234375,1.0,0.0,5275.0,49.3496107866,38.834167654,-1.0,-1.0,-1.0
2265.0,663.0,664.0,-1.0,-1.0,-15.0,3037.0,460323.84375,1.0,0.0,6401.0,151.571894551,71.9143639666,-1.0,-1.0,-1.0
2266.0,663.0,665.0,-1.0,-1.0,-15.0,3014.0,1068328.0,1.0,0.0,4529.0,354.455209025,235.886067565,-1.0,-1.0,-1.0
2267.0,663.0,666.0,-1.0,-1.0,1.0,2506.0,708361.6875,1.0,1.0,3463.0,282.666275938,204.551454664,-1.0,-1.0,21742.64222
2268.0,663.0,668.0,-1.0,-1.0,1.0,2632.0,723841.6875,1.0,0.0,3944.0,275.015838716,183.52983963,-1.0,-1.0,20794.32575
2269.0,664.0,668.0,-1.0,-1.0,-15.0,4689.0,1186077.0,1.0,0.0,11267.0,252.948816379,105.269992012,-1.0,-1.0,-1.0
2270.0,664.0,696.0,-1.0,-1.0,-12.0,4547.0,-1.0,1.0,0.0,-1.0,-1.0,-1.0,-1.0,-1.0,-1.0
2271.0,665.0,666.0,-1.0,-1.0,1.0,763.0,359914.625,1.0,0.0,1014.0,471.709862385,354.945389546,-1.0,-1.0,13949.90094
2272.0,665.0,667.0,-1.0,-1.0,1.0,897.0,375405.0625,1.0,0.0,1174.0,418.511775362,319.765811329,-1.0,-1.0,13128.59331
2273.0,665.0,671.0,-1.0,-1.0,1.0,6429.0,2113031.25,1.0,1.0,12880.0,328.671838544,164.055221273,-1.0,-1.0,15300.19984
2274.0,665.0,677.0,-1.0,-1.0,1.0,1566.0,304674.59375,1.0,1.0,2043.0,194.555934706,149.130980788,-1.0,-1.0,15799.85511
2275.0,665.0,685.0,-1.0,-1.0,-15.0,1752.0,308247.8125,0.0,1.0,2236.0,175.940532249,137.856803444,-1.0,-1.0,-1.0
2276.0,665.0,688.0,-1.0,-1.0,1.0,6593.0,2131181.5,1.0,0.0,8435.0,323.249127863,252.6593361,-1.0,-1.0,17971.73452
2277.0,665.0,701.0,-1.0,-1.0,-15.0,6546.0,2278376.25,1.0,0.0,12913.0,348.056255729,176.440505692,-1.0,-1.0,-1.0
2278.0,666.0,667.0,-1.0,-1.0,1.0,343.0,24603.7714844,1.0,1.0,462.0,71.7311121994,53.2549166329,-1.0,-1.0,11192.8933
2279.0,666.0,668.0,-1.0,-1.0,-15.0,532.0,152868.421875,1.0,1.0,1588.0,287.34665766,96.2647492916,-1.0,-1.0,-1.0
2280.0,666.0,677.0,-1.0,-1.0,-15.0,1064.0,131347.625,0.0,1.0,1493.0,123.447015977,87.9756363027,-1.0,-1.0,-1.0
2281.0,667.0,668.0,-1.0,-1.0,1.0,554.0,127519.867188,1.0,1.0,960.0,230.180265682,132.833194988,-1.0,-1.0,6812.538698
2282.0,667.0,677.0,-1.0,-1.0,1.0,598.0,105999.078125,1.0,1.0,865.0,177.255983487,122.54228685,-1.0,-1.0,4190.883502
2283.0,667.0,685.0,-1.0,-1.0,-15.0,757.0,109572.289063,0.0,1.0,1058.0,144.745428089,103.565490608,-1.0,-1.0,-1.0
2284.0,667.0,692.0,-1.0,-1.0,1.0,1554.0,121872.0,0.0,1.0,2316.0,78.4247104247,52.621761658,-1.0,-1.0,3622.532215
2285.0,668.0,677.0,-1.0,-1.0,1.0,744.0,194473.703125,1.0,0.0,1077.0,261.389385921,180.569826486,-1.0,-1.0,5411.8087
2286.0,668.0,685.0,-1.0,-1.0,-15.0,803.0,198046.921875,1.0,0.0,1270.0,246.633775685,155.942458169,-1.0,-1.0,-1.0
2287.0,668.0,692.0,-1.0,-1.0,1.0,1406.0,149351.34375,0.0,1.0,1854.0,106.224284317,80.5562803398,-1.0,-1.0,4192.656685
2288.0,668.0,693.0,-1.0,-1.0,1.0,1529.0,184200.28125,1.0,0.0,1966.0,120.471079954,93.6929202696,-1.0,-1.0,3122.866565
2289.0,668.0,694.0,-1.0,-1.0,1.0,1484.0,171898.765625,0.0,1.0,1963.0,115.834747726,87.5694170275,-1.0,-1.0,3442.74006
2290.0,668.0,696.0,-1.0,-1.0,-12.0,6196.0,-1.0,1.0,0.0,-1.0,-1.0,-1.0,-1.0,-1.0,-1.0
2291.0,669.0,670.0,-1.0,-1.0,1.0,43.0,10485.28125,1.0,1.0,104.0,243.84375,100.820012019,-1.0,-1.0,31128.36684
2292.0,669.0,671.0,-1.0,-1.0,1.0,59.0,17000.0,1.0,1.0,80.0,288.13559322,212.5,-1.0,-1.0,43143.78535
2293.0,669.0,673.0,-1.0,-1.0,1.0,307.0,104426.40625,1.0,1.0,429.0,340.151160423,243.418196387,-1.0,-1.0,10638.95198
2294.0,669.0,674.0,-1.0,-1.0,1.0,774.0,112634.75,0.0,1.0,1069.0,145.522932817,105.364593078,-1.0,-1.0,10622.73946
2295.0,669.0,686.0,-1.0,-1.0,-15.0,2553.0,271284.84375,0.0,1.0,3085.0,106.261200059,87.9367402755,-1.0,-1.0,-1.0
2296.0,669.0,688.0,-1.0,-1.0,1.0,219.0,76884.203125,1.0,1.0,429.0,351.069420662,179.217256702,-1.0,-1.0,69543.05012
2297.0,669.0,691.0,-1.0,-1.0,1.0,323.0,79828.4296875,1.0,1.0,388.0,247.146841138,205.743375483,-1.0,-1.0,4137.5215
2298.0,670.0,671.0,-1.0,-1.0,1.0,1.0,11000.0,1.0,1.0,20.0,11000.0,550.0,-1.0,-1.0,38150.6744
2299.0,670.0,691.0,-1.0,-1.0,1.0,405.0,86895.5546875,1.0,0.0,554.0,214.556925154,156.851181746,-1.0,-1.0,7420.557401
2300.0,671.0,672.0,-1.0,-1.0,1.0,832.0,122257.554688,1.0,0.0,1082.0,146.944176308,112.992194721,-1.0,-1.0,4606.386644
2301.0,671.0,675.0,-1.0,-1.0,1.0,1763.0,212003.25,1.0,0.0,2097.0,120.251418037,101.098354793,-1.0,-1.0,22502.14505
2302.0,671.0,686.0,-1.0,-1.0,-15.0,2635.0,285392.9375,0.0,1.0,3144.0,108.30851518,90.7738350827,-1.0,-1.0,-1.0
2303.0,671.0,688.0,-1.0,-1.0,1.0,148.0,52913.6367188,1.0,1.0,273.0,357.524572424,193.822845124,-1.0,-1.0,114006.4165
2304.0,671.0,691.0,-1.0,-1.0,1.0,424.0,94991.921875,1.0,0.0,541.0,224.037551592,175.585807532,-1.0,-1.0,10959.38451
2305.0,671.0,703.0,-1.0,-1.0,1.0,4222.0,394484.15625,0.0,1.0,5450.0,93.4353757106,72.3824139908,-1.0,-1.0,85695.82259
2306.0,672.0,674.0,-1.0,-1.0,1.0,42.0,6828.42724609,1.0,1.0,68.0,162.581601097,100.418047737,-1.0,-1.0,2515.868892
2307.0,672.0,675.0,-1.0,-1.0,1.0,905.0,91402.5546875,1.0,0.0,1031.0,100.997297997,88.6542722478,-1.0,-1.0,47310.69573
2308.0,672.0,691.0,-1.0,-1.0,1.0,162.0,29485.28125,1.0,1.0,204.0,182.007908951,144.535692402,-1.0,-1.0,43694.9746
2309.0,673.0,676.0,-1.0,-1.0,1.0,248.0,64142.1367188,1.0,0.0,321.0,258.63764806,199.819740557,-1.0,-1.0,760.119118
2310.0,673.0,678.0,-1.0,-1.0,1.0,74.0,10000.0,1.0,1.0,100.0,135.135135135,100.0,-1.0,-1.0,23379.26142
2311.0,673.0,681.0,-1.0,-1.0,1.0,534.0,62251.6289063,0.0,1.0,651.0,116.576084094,95.6246219759,-1.0,-1.0,1531.726209
2312.0,673.0,688.0,-1.0,-1.0,-15.0,363.0,94695.140625,1.0,1.0,804.0,260.868155992,117.780025653,-1.0,-1.0,-1.0
2313.0,673.0,691.0,-1.0,-1.0,1.0,106.0,59485.28125,1.0,1.0,184.0,561.181898585,323.289572011,-1.0,-1.0,14125.05246
2314.0,674.0,675.0,-1.0,-1.0,1.0,817.0,83010.0,1.0,1.0,840.0,101.603427173,98.8214285714,-1.0,-1.0,52182.29723
2315.0,674.0,686.0,-1.0,-1.0,-15.0,1693.0,156399.671875,0.0,1.0,1887.0,92.3801960278,82.8827089958,-1.0,-1.0,-1.0
2316.0,674.0,691.0,-1.0,-1.0,1.0,144.0,28870.0585938,1.0,1.0,161.0,200.486518013,179.317134123,-1.0,-1.0,44363.64388
2317.0,675.0,684.0,-1.0,-1.0,-15.0,738.0,73173.109375,1.0,0.0,830.0,99.1505547087,88.160372741,-1.0,-1.0,-1.0
2318.0,675.0,686.0,-1.0,-1.0,-15.0,866.0,73289.6796875,0.0,1.0,947.0,84.6301151126,77.3914252244,-1.0,-1.0,-1.0
2319.0,675.0,687.0,-1.0,-1.0,-15.0,597.0,73176.5390625,1.0,1.0,833.0,122.573767274,87.8469856693,-1.0,-1.0,-1.0
2320.0,675.0,689.0,-1.0,-1.0,1.0,633.0,73008.2578125,1.0,1.0,665.0,115.336900178,109.786853853,-1.0,-1.0,82966.36573
2321.0,675.0,691.0,-1.0,-1.0,1.0,866.0,101009.09375,1.0,1.0,896.0,116.638676386,112.73336356,-1.0,-1.0,55201.86929
2322.0,676.0,678.0,-1.0,-1.0,1.0,242.0,54545.1289063,1.0,0.0,454.0,225.393094654,120.143455741,-1.0,-1.0,4679.580269
2323.0,676.0,679.0,-1.0,-1.0,1.0,293.0,53641.4921875,1.0,0.0,441.0,183.076765145,121.636036706,-1.0,-1.0,9193.995562
2324.0,676.0,681.0,-1.0,-1.0,1.0,288.0,2736.34570313,1.0,1.0,346.0,9.50120035809,7.90851359286,-1.0,-1.0,20568.78922
2325.0,676.0,683.0,-1.0,-1.0,1.0,360.0,2819.77709961,1.0,0.0,429.0,7.83271416558,6.5729069921,-1.0,-1.0,22412.64166
2326.0,676.0,691.0,-1.0,-1.0,1.0,36.0,15019.8486328,1.0,1.0,249.0,417.218017578,60.3206772402,-1.0,-1.0,54770.8545
2327.0,677.0,685.0,-1.0,-1.0,1.0,41.0,2458.35571289,1.0,1.0,68.0,59.9598954363,36.1522898954,-1.0,-1.0,9523.165576
2328.0,677.0,694.0,-1.0,-1.0,-15.0,942.0,160920.140625,1.0,0.0,1225.0,170.828174761,131.363380102,-1.0,-1.0,-1.0
2329.0,677.0,701.0,-1.0,-1.0,-15.0,6343.0,2598004.25,1.0,0.0,15230.0,409.586039729,170.584652003,-1.0,-1.0,-1.0
2330.0,678.0,679.0,-1.0,-1.0,1.0,61.0,8256.78320313,1.0,1.0,96.0,135.357101691,86.0081583659,-1.0,-1.0,30813.18372
2331.0,678.0,681.0,-1.0,-1.0,1.0,463.0,52223.34375,0.0,1.0,522.0,112.793399028,100.044719828,-1.0,-1.0,3897.419378
2332.0,678.0,688.0,-1.0,-1.0,-15.0,319.0,81523.5625,1.0,1.0,673.0,255.559757053,121.134565379,-1.0,-1.0,-1.0
2333.0,679.0,681.0,-1.0,-1.0,1.0,455.0,51319.7070313,0.0,1.0,509.0,112.790564904,100.824571771,-1.0,-1.0,8596.280531
2334.0,679.0,683.0,-1.0,-1.0,1.0,455.0,51379.7070313,1.0,1.0,569.0,112.922433036,90.298254888,-1.0,-1.0,8455.94177
2335.0,679.0,688.0,-1.0,-1.0,1.0,230.0,72666.8515625,1.0,1.0,556.0,315.94283288,130.695776192,-1.0,-1.0,55154.89024
2336.0,681.0,683.0,-1.0,-1.0,1.0,69.0,88.2842712402,1.0,1.0,88.0,1.27948219189,1.003230355,-1.0,-1.0,80022.68752
2337.0,681.0,691.0,-1.0,-1.0,1.0,47.0,12504.9238281,1.0,1.0,124.0,266.062209109,100.846159904,-1.0,-1.0,69950.80991
2338.0,683.0,687.0,-1.0,-1.0,-15.0,1368.0,161405.828125,0.0,1.0,1507.0,117.986716466,107.10406644,-1.0,-1.0,-1.0
2339.0,683.0,688.0,-1.0,-1.0,1.0,584.0,114247.335938,1.0,1.0,1015.0,195.628999894,112.558951663,-1.0,-1.0,38535.30823
2340.0,683.0,689.0,-1.0,-1.0,-15.0,1476.0,161494.109375,0.0,1.0,1595.0,109.413353235,101.250225313,-1.0,-1.0,-1.0
2341.0,683.0,691.0,-1.0,-1.0,1.0,128.0,12524.9238281,1.0,1.0,144.0,97.850967407,86.9786376951,-1.0,-1.0,70377.31786
2342.0,683.0,698.0,-1.0,-1.0,1.0,2098.0,254554.921875,0.0,1.0,3174.0,121.332183925,80.2000383979,-1.0,-1.0,123881.6461
2343.0,684.0,686.0,-1.0,-1.0,1.0,82.0,116.56854248,1.0,1.0,116.0,1.42156759122,1.00490122828,-1.0,-1.0,64920.5545
2344.0,684.0,689.0,-1.0,-1.0,-15.0,112.0,148.28427124,1.0,1.0,148.0,1.3239667075,1.00192075162,-1.0,-1.0,-1.0
2345.0,684.0,690.0,-1.0,-1.0,1.0,1.0,28.2842712402,1.0,1.0,28.0,28.2842712402,1.01015254429,-1.0,-1.0,65623.70587
2346.0,685.0,692.0,-1.0,-1.0,1.0,383.0,122610.101563,1.0,1.0,731.0,320.13081348,167.729277104,-1.0,-1.0,4680.7127
2347.0,685.0,693.0,-1.0,-1.0,-15.0,567.0,168211.78125,1.0,0.0,917.0,296.669808201,183.437056979,-1.0,-1.0,-1.0
2348.0,685.0,694.0,-1.0,-1.0,1.0,489.0,158032.078125,1.0,0.0,727.0,323.173983896,217.375623281,-1.0,-1.0,4202.844675
2349.0,686.0,689.0,-1.0,-1.0,-15.0,222.0,240.0,0.0,1.0,240.0,1.08108108108,1.0,-1.0,-1.0,-1.0
2350.0,686.0,690.0,-1.0,-1.0,1.0,59.0,88.2842712402,1.0,1.0,88.0,1.49634358034,1.003230355,-1.0,-1.0,106049.1176
2351.0,686.0,749.0,-1.0,-1.0,-15.0,4590.0,936162.6875,1.0,0.0,10709.0,203.957012527,87.4183105332,-1.0,-1.0,-1.0
2352.0,686.0,750.0,-1.0,-1.0,-15.0,4687.0,955429.5,1.0,0.0,10926.0,203.846703648,87.4454969797,-1.0,-1.0,-1.0
2353.0,687.0,689.0,-1.0,-1.0,1.0,46.0,60.0,1.0,1.0,60.0,1.30434782609,1.0,-1.0,-1.0,90429.6103
2354.0,687.0,690.0,-1.0,-1.0,-15.0,100.0,128.28427124,1.0,0.0,128.0,1.2828427124,1.00222086906,-1.0,-1.0,-1.0
2355.0,687.0,691.0,-1.0,-1.0,1.0,1034.0,129072.992188,1.0,1.0,1104.0,124.828812561,116.913942199,-1.0,-1.0,89755.17044
2356.0,687.0,697.0,-1.0,-1.0,-15.0,2588.0,347088.5625,1.0,0.0,3559.0,134.114591383,97.5241816521,-1.0,-1.0,-1.0
2357.0,688.0,691.0,-1.0,-1.0,1.0,492.0,126539.125,1.0,0.0,927.0,257.193343496,136.503910464,-1.0,-1.0,41408.85566
2358.0,688.0,697.0,-1.0,-1.0,-15.0,1882.0,262430.59375,1.0,0.0,2556.0,139.442398379,102.672376272,-1.0,-1.0,-1.0
2359.0,688.0,698.0,-1.0,-1.0,1.0,1911.0,262362.3125,1.0,1.0,2488.0,137.290587389,105.451090233,-1.0,-1.0,103779.9431
2360.0,688.0,699.0,-1.0,-1.0,1.0,3644.0,344417.90625,1.0,0.0,4524.0,94.5164396954,76.1312790119,-1.0,-1.0,80503.3977
2361.0,688.0,700.0,-1.0,-1.0,-15.0,4081.0,429753.5,1.0,0.0,5170.0,105.305929919,83.1244680851,-1.0,-1.0,-1.0
2362.0,688.0,701.0,-1.0,-1.0,-15.0,4122.0,434958.21875,1.0,0.0,5864.0,105.521159328,74.1743210692,-1.0,-1.0,-1.0
2363.0,688.0,702.0,-1.0,-1.0,1.0,3996.0,415733.5,1.0,0.0,5010.0,104.037412412,82.980738523,-1.0,-1.0,67431.5828
2364.0,688.0,703.0,-1.0,-1.0,1.0,3660.0,343436.1875,0.0,1.0,4533.0,93.8350239071,75.7635533863,-1.0,-1.0,80967.81781
2365.0,689.0,690.0,-1.0,-1.0,1.0,22.0,40.0,1.0,1.0,40.0,1.81818181818,1.0,-1.0,-1.0,171744.7642
2366.0,690.0,697.0,-1.0,-1.0,-15.0,2707.0,347253.40625,1.0,0.0,3723.0,128.279795438,93.2724701182,-1.0,-1.0,-1.0
2367.0,690.0,741.0,-1.0,-1.0,-15.0,4112.0,719862.4375,1.0,0.0,7843.0,175.063822349,91.7840670024,-1.0,-1.0,-1.0
2368.0,690.0,744.0,-1.0,-1.0,-15.0,4177.0,797640.4375,1.0,0.0,8996.0,190.960123893,88.6661224433,-1.0,-1.0,-1.0
2369.0,690.0,748.0,-1.0,-1.0,-15.0,4512.0,929142.5625,1.0,0.0,10449.0,205.92698637,88.9216731266,-1.0,-1.0,-1.0
2370.0,690.0,749.0,-1.0,-1.0,-15.0,4549.0,935971.0,1.0,0.0,10517.0,205.753132557,88.9960064657,-1.0,-1.0,-1.0
2371.0,691.0,697.0,-1.0,-1.0,-15.0,1944.0,261386.734375,1.0,0.0,2866.0,134.458196695,91.2026288817,-1.0,-1.0,-1.0
2372.0,692.0,693.0,-1.0,-1.0,-15.0,151.0,45544.9765625,1.0,0.0,491.0,301.622361341,92.7596264002,-1.0,-1.0,-1.0
2373.0,692.0,694.0,-1.0,-1.0,1.0,69.0,35365.2734375,1.0,1.0,301.0,512.540194746,117.492602782,-1.0,-1.0,3769.000473
2374.0,693.0,694.0,-1.0,-1.0,1.0,5.0,10010.0,1.0,1.0,20.0,2002.0,500.5,-1.0,-1.0,4026.373115
2375.0,693.0,696.0,-1.0,-1.0,-12.0,5855.0,-1.0,1.0,0.0,-1.0,-1.0,-1.0,-1.0,-1.0,-1.0
2376.0,694.0,696.0,-1.0,-1.0,-12.0,5866.0,-1.0,1.0,0.0,-1.0,-1.0,-1.0,-1.0,-1.0,-1.0
2377.0,694.0,701.0,-1.0,-1.0,-15.0,6238.0,2760047.5,1.0,0.0,16589.0,442.457117666,166.378172283,-1.0,-1.0,-1.0
2378.0,694.0,802.0,-1.0,-1.0,-15.0,4888.0,9190138.0,1.0,0.0,56833.0,1880.14279869,161.70425633,-1.0,-1.0,-1.0
2379.0,694.0,907.0,-1.0,-1.0,-15.0,6943.0,9010559.0,1.0,0.0,53826.0,1297.79043641,167.401608888,-1.0,-1.0,-1.0
2380.0,696.0,704.0,-1.0,-1.0,-12.0,5185.0,-1.0,1.0,0.0,-1.0,-1.0,-1.0,-1.0,-1.0,-1.0
2381.0,696.0,707.0,-1.0,-1.0,-12.0,4915.0,-1.0,1.0,0.0,-1.0,-1.0,-1.0,-1.0,-1.0,-1.0
2382.0,696.0,890.0,-1.0,-1.0,-12.0,5910.0,-1.0,1.0,0.0,-1.0,-1.0,-1.0,-1.0,-1.0,-1.0
2383.0,696.0,891.0,-1.0,-1.0,-12.0,5834.0,-1.0,1.0,0.0,-1.0,-1.0,-1.0,-1.0,-1.0,-1.0
2384.0,696.0,907.0,-1.0,-1.0,-12.0,8141.0,-1.0,1.0,0.0,-1.0,-1.0,-1.0,-1.0,-1.0,-1.0
2385.0,696.0,908.0,-1.0,-1.0,-12.0,8136.0,-1.0,1.0,0.0,-1.0,-1.0,-1.0,-1.0,-1.0,-1.0
2386.0,697.0,698.0,-1.0,-1.0,1.0,18.0,28.2842712402,1.0,1.0,28.0,1.57134840223,1.01015254429,-1.0,-1.0,1467.999926
2387.0,697.0,741.0,-1.0,-1.0,-15.0,2594.0,372931.84375,1.0,0.0,4442.0,143.767094738,83.9558405561,-1.0,-1.0,-1.0
2388.0,698.0,699.0,-1.0,-1.0,1.0,2317.0,249747.359375,1.0,0.0,3203.0,107.789106334,77.9729501639,-1.0,-1.0,6114.7231
2389.0,698.0,703.0,-1.0,-1.0,1.0,2311.0,248765.65625,1.0,1.0,3211.0,107.644161077,77.4729542977,-1.0,-1.0,6365.542474
2390.0,698.0,714.0,-1.0,-1.0,1.0,1785.0,264875.59375,1.0,1.0,2301.0,148.389688375,115.11325239,-1.0,-1.0,15683.03549
2391.0,698.0,717.0,-1.0,-1.0,1.0,1867.0,267630.28125,1.0,0.0,2716.0,143.34776714,98.5383951583,-1.0,-1.0,17679.00075
2392.0,698.0,741.0,-1.0,-1.0,1.0,2597.0,372818.71875,1.0,1.0,4329.0,143.557458125,86.1212101525,-1.0,-1.0,45884.64055
2393.0,698.0,744.0,-1.0,-1.0,-15.0,3143.0,450596.71875,0.0,1.0,5482.0,143.36516664,82.1956801806,-1.0,-1.0,-1.0
2394.0,698.0,746.0,-1.0,-1.0,1.0,2549.0,338389.1875,1.0,1.0,3999.0,132.753702432,84.6184514879,-1.0,-1.0,49296.76566
2395.0,698.0,764.0,-1.0,-1.0,1.0,2675.0,313982.59375,0.0,1.0,3358.0,117.376670561,93.5028569833,-1.0,-1.0,52629.38854
2396.0,698.0,769.0,-1.0,-1.0,1.0,2835.0,328901.96875,0.0,1.0,3890.0,116.014803792,84.5506346401,-1.0,-1.0,51632.03012
2397.0,699.0,702.0,-1.0,-1.0,1.0,589.0,73632.1796875,1.0,0.0,822.0,125.012189622,89.5768609337,-1.0,-1.0,4415.832134
2398.0,699.0,703.0,-1.0,-1.0,1.0,11.0,1010.0,1.0,1.0,20.0,91.8181818182,50.5,-1.0,-1.0,82155.00455
2399.0,700.0,701.0,-1.0,-1.0,1.0,38.0,5428.35546875,1.0,1.0,68.0,142.851459704,79.8287568934,-1.0,-1.0,9292.863765
2400.0,700.0,702.0,-1.0,-1.0,1.0,94.0,12828.4267578,1.0,1.0,128.0,136.472625083,100.222084045,-1.0,-1.0,23286.50207
2401.0,700.0,716.0,-1.0,-1.0,1.0,373.0,59326.5703125,1.0,1.0,416.0,159.052467326,142.611947867,-1.0,-1.0,14481.31329
2402.0,701.0,702.0,-1.0,-1.0,-15.0,159.0,18256.7832031,0.0,1.0,196.0,114.822535869,93.146853077,-1.0,-1.0,-1.0
2403.0,701.0,703.0,-1.0,-1.0,1.0,742.0,91473.75,0.0,1.0,1283.0,123.279986523,71.2967653936,-1.0,-1.0,6269.749446
2404.0,701.0,716.0,-1.0,-1.0,1.0,363.0,58328.2851563,1.0,1.0,408.0,160.683981147,142.961483226,-1.0,-1.0,14036.84256
2405.0,701.0,729.0,-1.0,-1.0,-15.0,474.0,58420.0,1.0,0.0,500.0,123.248945148,116.84,-1.0,-1.0,-1.0
2406.0,701.0,738.0,-1.0,-1.0,-15.0,918.0,113795.75,0.0,1.0,1015.0,123.960511983,112.114039409,-1.0,-1.0,-1.0
2407.0,701.0,802.0,-1.0,-1.0,-15.0,4610.0,6568774.0,1.0,0.0,42467.0,1424.8967462,154.679492312,-1.0,-1.0,-1.0
2408.0,701.0,810.0,-1.0,-1.0,-15.0,4162.0,6510108.5,1.0,0.0,42027.0,1564.17791927,154.903002832,-1.0,-1.0,-1.0
2409.0,702.0,703.0,-1.0,-1.0,1.0,527.0,72650.4609375,1.0,1.0,830.0,137.85666212,87.5306758283,-1.0,-1.0,3345.680965
2410.0,702.0,706.0,-1.0,-1.0,1.0,326.0,73868.484375,1.0,1.0,547.0,226.590442868,135.042933044,-1.0,-1.0,14838.60117
2411.0,702.0,716.0,-1.0,-1.0,1.0,400.0,58394.5585938,1.0,1.0,474.0,145.986396485,123.195271295,-1.0,-1.0,19206.06421
2412.0,702.0,720.0,-1.0,-1.0,1.0,528.0,58519.4101563,1.0,0.0,599.0,110.832216205,97.6951755531,-1.0,-1.0,19282.36536
2413.0,703.0,706.0,-1.0,-1.0,1.0,198.0,35138.2851563,1.0,1.0,308.0,177.466086648,114.085341417,-1.0,-1.0,36318.2208
2414.0,703.0,714.0,-1.0,-1.0,-15.0,1129.0,75736.09375,1.0,1.0,1505.0,67.0824568202,50.3229858804,-1.0,-1.0,-1.0
2415.0,703.0,718.0,-1.0,-1.0,-15.0,851.0,34765.5351563,0.0,1.0,1095.0,40.8525677512,31.7493471747,-1.0,-1.0,-1.0
2416.0,703.0,721.0,-1.0,-1.0,1.0,458.0,26892.9140625,1.0,0.0,562.0,58.7181529749,47.8521602536,-1.0,-1.0,55343.94586
2417.0,703.0,722.0,-1.0,-1.0,1.0,586.0,22644.2636719,1.0,1.0,684.0,38.6420881773,33.1056486431,-1.0,-1.0,76153.33769
2418.0,703.0,733.0,-1.0,-1.0,1.0,575.0,22613.96875,1.0,1.0,653.0,39.3286413043,34.630886294,-1.0,-1.0,76670.7756
2419.0,704.0,705.0,-1.0,-1.0,1.0,2.0,104.852813721,1.0,1.0,104.0,52.4264068605,1.00820013193,-1.0,-1.0,3003.929749
2420.0,704.0,707.0,-1.0,-1.0,1.0,212.0,6287.61523438,1.0,1.0,1097.0,29.6585624263,5.73164561019,-1.0,-1.0,2299.098774
2421.0,704.0,709.0,-1.0,-1.0,1.0,435.0,581.421386719,1.0,1.0,581.0,1.33660088901,1.00072527835,-1.0,-1.0,3359.364193
2422.0,704.0,711.0,-1.0,-1.0,1.0,3366.0,53103.0703125,1.0,0.0,4122.0,15.7763132242,12.8828409298,-1.0,-1.0,2365.790071
2423.0,705.0,707.0,-1.0,-1.0,-15.0,194.0,6442.17382813,1.0,1.0,1251.0,33.2070815883,5.14961936701,-1.0,-1.0,-1.0
2424.0,705.0,709.0,-1.0,-1.0,1.0,438.0,634.55847168,1.0,1.0,634.0,1.44876363397,1.00088087016,-1.0,-1.0,3147.065651
2425.0,705.0,713.0,-1.0,-1.0,1.0,82.0,2639.77709961,1.0,1.0,249.0,32.1924036538,10.6015144563,-1.0,-1.0,3712.029208
2426.0,706.0,716.0,-1.0,-1.0,1.0,566.0,16036.765625,0.0,1.0,635.0,28.3335081714,25.2547490157,-1.0,-1.0,2755.823687
2427.0,706.0,720.0,-1.0,-1.0,1.0,378.0,15855.34375,1.0,1.0,454.0,41.945353836,34.9236646476,-1.0,-1.0,3190.827608
2428.0,706.0,721.0,-1.0,-1.0,1.0,334.0,17801.4921875,1.0,0.0,561.0,53.2978808009,31.7317151292,-1.0,-1.0,13537.79819
2429.0,706.0,722.0,-1.0,-1.0,1.0,678.0,13659.1171875,0.0,1.0,789.0,20.146190542,17.3119355989,-1.0,-1.0,36411.25508
2430.0,707.0,710.0,-1.0,-1.0,1.0,3.0,48.2842712402,1.0,1.0,48.0,16.0947570801,1.0059223175,-1.0,-1.0,1678.505195
2431.0,707.0,713.0,-1.0,-1.0,1.0,67.0,5488.35546875,1.0,1.0,128.0,81.9157532649,42.8777770996,-1.0,-1.0,1103.408365
2432.0,707.0,784.0,-1.0,-1.0,1.0,1926.0,203667.578125,1.0,0.0,10294.0,105.746406088,19.7850765616,-1.0,-1.0,1453.750734
2433.0,707.0,890.0,-1.0,-1.0,-12.0,5163.0,-1.0,1.0,0.0,-1.0,-1.0,-1.0,-1.0,-1.0,-1.0
2434.0,707.0,895.0,-1.0,-1.0,-12.0,5162.0,-1.0,1.0,0.0,-1.0,-1.0,-1.0,-1.0,-1.0,-1.0
2435.0,708.0,711.0,-1.0,-1.0,1.0,20.0,2020.0,1.0,1.0,40.0,101.0,50.5,-1.0,-1.0,2352.445165
2436.0,708.0,712.0,-1.0,-1.0,1.0,50.0,7010.0,1.0,1.0,80.0,140.2,87.625,-1.0,-1.0,1579.822279
2437.0,709.0,711.0,-1.0,-1.0,1.0,2735.0,52425.078125,1.0,1.0,3444.0,19.1682186929,15.2221481199,-1.0,-1.0,2371.489219
2438.0,709.0,713.0,-1.0,-1.0,1.0,422.0,3194.33544922,1.0,1.0,804.0,7.56951528251,3.97305404132,-1.0,-1.0,3228.541323
2439.0,709.0,715.0,-1.0,-1.0,1.0,2488.0,70375.109375,1.0,1.0,3806.0,28.2858156652,18.4905699882,-1.0,-1.0,1704.926694
2440.0,709.0,734.0,-1.0,-1.0,1.0,3108.0,84874.21875,0.0,1.0,4625.0,27.3083071911,18.3511824324,-1.0,-1.0,1996.628267
2441.0,709.0,735.0,-1.0,-1.0,1.0,2738.0,57099.890625,0.0,1.0,3811.0,20.8545984752,14.9829154093,-1.0,-1.0,2373.764252
2442.0,709.0,747.0,-1.0,-1.0,1.0,1627.0,78249.4140625,1.0,1.0,2950.0,48.0942926014,26.5252251059,-1.0,-1.0,1843.550438
2443.0,709.0,758.0,-1.0,-1.0,-15.0,1124.0,70816.9453125,1.0,1.0,5425.0,63.0043997442,13.0538148041,-1.0,-1.0,-1.0
2444.0,709.0,760.0,-1.0,-1.0,1.0,1198.0,70760.375,0.0,1.0,5369.0,59.0654215359,13.1794328553,-1.0,-1.0,3012.187762
2445.0,709.0,770.0,-1.0,-1.0,1.0,2536.0,69072.46875,0.0,1.0,3743.0,27.2367778983,18.4537720411,-1.0,-1.0,1714.440528
2446.0,709.0,791.0,-1.0,-1.0,1.0,3301.0,86005.0078125,0.0,1.0,5033.0,26.0542283588,17.088219315,-1.0,-1.0,2012.103107
2447.0,710.0,713.0,-1.0,-1.0,1.0,70.0,5468.35546875,1.0,1.0,108.0,78.1193638393,50.6329210069,-1.0,-1.0,1110.593373
2448.0,710.0,784.0,-1.0,-1.0,-15.0,1907.0,203812.421875,1.0,0.0,10439.0,106.875942252,19.5241327594,-1.0,-1.0,-1.0
2449.0,711.0,712.0,-1.0,-1.0,1.0,41.0,5838.42724609,1.0,1.0,68.0,142.400664539,85.8592242072,-1.0,-1.0,1936.007933
2450.0,711.0,715.0,-1.0,-1.0,1.0,213.0,31152.1347656,1.0,1.0,321.0,146.254153829,97.0471488025,-1.0,-1.0,2619.425888
2451.0,712.0,715.0,-1.0,-1.0,-15.0,259.0,37018.8476563,1.0,1.0,417.0,142.929913731,88.7742150031,-1.0,-1.0,-1.0
2452.0,712.0,728.0,-1.0,-1.0,1.0,248.0,43656.8554688,1.0,1.0,276.0,176.035707535,158.177012568,-1.0,-1.0,2914.832063
2453.0,712.0,731.0,-1.0,-1.0,-15.0,432.0,56137.1328125,1.0,0.0,566.0,129.947066696,99.1822134496,-1.0,-1.0,-1.0
2454.0,712.0,734.0,-1.0,-1.0,-15.0,355.0,50250.4179688,1.0,0.0,449.0,141.550473152,111.916298371,-1.0,-1.0,-1.0
2455.0,712.0,736.0,-1.0,-1.0,-15.0,309.0,51085.2109375,1.0,0.0,364.0,165.324307241,140.343986092,-1.0,-1.0,-1.0
2456.0,713.0,758.0,-1.0,-1.0,-15.0,1370.0,74107.84375,1.0,1.0,6326.0,54.0933166058,11.7148029956,-1.0,-1.0,-1.0
2457.0,713.0,784.0,-1.0,-1.0,1.0,1584.0,200562.09375,1.0,1.0,8438.0,126.617483428,23.768913694,-1.0,-1.0,1456.010381
2458.0,713.0,831.0,-1.0,-1.0,1.0,2599.0,80959.75,0.0,1.0,7207.0,31.150346287,11.2334882753,-1.0,-1.0,4281.922932
2459.0,714.0,717.0,-1.0,-1.0,1.0,140.0,19085.2089844,1.0,1.0,204.0,136.322921317,93.554946002,-1.0,-1.0,34673.17269
2460.0,714.0,718.0,-1.0,-1.0,1.0,341.0,39798.9882813,1.0,1.0,397.0,116.712575605,100.249340759,-1.0,-1.0,23956.02737
2461.0,714.0,733.0,-1.0,-1.0,-15.0,439.0,51798.9882813,1.0,0.0,517.0,117.993139593,100.191466695,-1.0,-1.0,-1.0
2462.0,714.0,764.0,-1.0,-1.0,-15.0,1421.0,256377.65625,0.0,1.0,3596.0,180.420588494,71.2952325501,-1.0,-1.0,-1.0
2463.0,714.0,790.0,-1.0,-1.0,-15.0,1458.0,226024.296875,0.0,1.0,3343.0,155.023523234,67.6112165345,-1.0,-1.0,-1.0
2464.0,714.0,827.0,-1.0,-1.0,-15.0,1194.0,189261.09375,0.0,1.0,2629.0,158.510128769,71.9897655953,-1.0,-1.0,-1.0
2465.0,715.0,728.0,-1.0,-1.0,1.0,324.0,36627.4179688,0.0,1.0,366.0,113.047586323,100.074912483,-1.0,-1.0,1798.936306
2466.0,715.0,735.0,-1.0,-1.0,1.0,268.0,23636.703125,1.0,1.0,386.0,88.1966534515,61.2349821891,-1.0,-1.0,1921.697763
2467.0,715.0,736.0,-1.0,-1.0,1.0,270.0,28541.8496094,1.0,1.0,341.0,105.710554109,83.7004387372,-1.0,-1.0,2087.351195
2468.0,715.0,747.0,-1.0,-1.0,1.0,1169.0,105303.234375,1.0,0.0,1677.0,90.0797556672,62.7926263417,-1.0,-1.0,1654.128839
2469.0,715.0,770.0,-1.0,-1.0,1.0,1151.0,95231.7265625,1.0,0.0,1575.0,82.7382507059,60.4645882937,-1.0,-1.0,1514.317464
2470.0,716.0,720.0,-1.0,-1.0,1.0,403.0,453.137084961,1.0,1.0,453.0,1.1244096401,1.00030261581,-1.0,-1.0,17151.38973
2471.0,716.0,724.0,-1.0,-1.0,1.0,69.0,84.8528137207,1.0,1.0,84.0,1.22975092349,1.01015254429,-1.0,-1.0,20900.50689
2472.0,716.0,729.0,-1.0,-1.0,1.0,59.0,80.0,1.0,1.0,80.0,1.35593220339,1.0,-1.0,-1.0,13593.32487
2473.0,716.0,738.0,-1.0,-1.0,-15.0,592.0,55579.7695313,0.0,1.0,719.0,93.8847458299,77.3014875261,-1.0,-1.0,-1.0
2474.0,717.0,718.0,-1.0,-1.0,1.0,432.0,48485.28125,1.0,1.0,484.0,112.234447338,100.17620093,-1.0,-1.0,32663.28511
2475.0,717.0,742.0,-1.0,-1.0,1.0,557.0,98798.9921875,0.0,1.0,717.0,177.377005723,137.794968183,-1.0,-1.0,39374.14153
2476.0,717.0,746.0,-1.0,-1.0,1.0,1899.0,291318.875,1.0,0.0,2665.0,153.406463928,109.312898687,-1.0,-1.0,44384.18519
2477.0,717.0,764.0,-1.0,-1.0,-15.0,1240.0,249294.734375,1.0,0.0,3363.0,201.044140625,74.1286751041,-1.0,-1.0,-1.0
2478.0,717.0,774.0,-1.0,-1.0,-15.0,706.0,109745.03125,1.0,1.0,1783.0,155.446219901,61.5507746775,-1.0,-1.0,-1.0
2479.0,717.0,778.0,-1.0,-1.0,-15.0,550.0,101185.625,1.0,1.0,1144.0,183.973863636,88.4489729021,-1.0,-1.0,-1.0
2480.0,717.0,827.0,-1.0,-1.0,-15.0,1045.0,182178.171875,0.0,1.0,2396.0,174.333178828,76.0342954403,-1.0,-1.0,-1.0
2481.0,718.0,733.0,-1.0,-1.0,1.0,48.0,10828.4267578,1.0,1.0,108.0,225.592224121,100.26321072,-1.0,-1.0,57290.29851
2482.0,718.0,742.0,-1.0,-1.0,-15.0,233.0,66976.5625,1.0,1.0,646.0,287.45305794,103.678889319,-1.0,-1.0,-1.0
2483.0,718.0,778.0,-1.0,-1.0,-15.0,497.0,67297.984375,1.0,0.0,967.0,135.408419266,69.5946063857,-1.0,-1.0,-1.0
2484.0,720.0,721.0,-1.0,-1.0,1.0,167.0,14116.5683594,1.0,1.0,256.0,84.5303494575,55.1428451539,-1.0,-1.0,16567.48916
2485.0,720.0,722.0,-1.0,-1.0,1.0,603.0,11290.9042969,0.0,1.0,980.0,18.7245510728,11.5213309152,-1.0,-1.0,43605.18369
2486.0,720.0,723.0,-1.0,-1.0,1.0,81.0,116.56854248,1.0,1.0,116.0,1.4391178084,1.00490122828,-1.0,-1.0,12067.26268
2487.0,720.0,724.0,-1.0,-1.0,1.0,332.0,360.0,1.0,1.0,360.0,1.0843373494,1.0,-1.0,-1.0,16925.27348
2488.0,720.0,726.0,-1.0,-1.0,1.0,66.0,1488.35571289,1.0,1.0,88.0,22.5508441347,16.913133101,-1.0,-1.0,7185.331586
2489.0,721.0,722.0,-1.0,-1.0,1.0,385.0,5179.18847656,1.0,1.0,809.0,13.4524376015,6.40196350625,-1.0,-1.0,52772.52757
2490.0,721.0,726.0,-1.0,-1.0,-15.0,167.0,15644.9238281,1.0,1.0,384.0,93.6821786114,40.7419891357,-1.0,-1.0,-1.0
2491.0,721.0,730.0,-1.0,-1.0,1.0,5.0,1428.35571289,1.0,1.0,28.0,285.671142578,51.0127040318,-1.0,-1.0,26194.2183
2492.0,721.0,738.0,-1.0,-1.0,1.0,206.0,56190.4179688,1.0,0.0,269.0,272.769019266,208.886312152,-1.0,-1.0,8327.14311
2493.0,722.0,725.0,-1.0,-1.0,1.0,97.0,108.28427124,1.0,1.0,108.0,1.1163326932,1.00263214111,-1.0,-1.0,106238.6606
2494.0,722.0,730.0,-1.0,-1.0,-15.0,353.0,6695.828125,1.0,1.0,925.0,18.9683516289,7.23873310811,-1.0,-1.0,-1.0
2495.0,722.0,733.0,-1.0,-1.0,1.0,123.0,153.137084961,1.0,1.0,153.0,1.2450169509,1.00089598014,-1.0,-1.0,67230.13559
2496.0,722.0,737.0,-1.0,-1.0,1.0,331.0,54911.7070313,1.0,1.0,441.0,165.896395865,124.516342475,-1.0,-1.0,12348.92426
2497.0,722.0,739.0,-1.0,-1.0,-15.0,176.0,43243.1367188,1.0,1.0,333.0,245.699640448,129.859269426,-1.0,-1.0,-1.0
2498.0,722.0,740.0,-1.0,-1.0,1.0,309.0,54911.7070313,1.0,1.0,441.0,177.707789745,124.516342475,-1.0,-1.0,23862.16725
2499.0,723.0,724.0,-1.0,-1.0,1.0,251.0,280.0,1.0,1.0,280.0,1.11553784861,1.0,-1.0,-1.0,17936.57296
2500.0,723.0,726.0,-1.0,-1.0,1.0,103.0,1528.35571289,1.0,1.0,128.0,14.8384049795,11.940279007,-1.0,-1.0,7801.950575
2501.0,723.0,738.0,-1.0,-1.0,-15.0,218.0,55185.2109375,1.0,1.0,324.0,253.143169438,170.324725116,-1.0,-1.0,-1.0
2502.0,724.0,729.0,-1.0,-1.0,1.0,37.0,56.5685424805,1.0,1.0,56.0,1.5288795265,1.01015254429,-1.0,-1.0,13789.2993
2503.0,724.0,738.0,-1.0,-1.0,-15.0,448.0,55465.2109375,1.0,1.0,604.0,123.806274414,91.8298194329,-1.0,-1.0,-1.0
2504.0,725.0,732.0,-1.0,-1.0,1.0,5.0,40.0,1.0,1.0,40.0,8.0,1.0,-1.0,-1.0,120324.8222
2505.0,725.0,733.0,-1.0,-1.0,1.0,73.0,88.2842712402,1.0,1.0,88.0,1.20937357863,1.003230355,-1.0,-1.0,18085.53728
2506.0,725.0,739.0,-1.0,-1.0,-15.0,121.0,43086.5703125,1.0,1.0,176.0,356.087357955,244.810058594,-1.0,-1.0,-1.0
2507.0,726.0,730.0,-1.0,-1.0,-15.0,190.0,17161.5644531,0.0,1.0,501.0,90.3240234374,34.2546196669,-1.0,-1.0,-1.0
2508.0,726.0,738.0,-1.0,-1.0,1.0,130.0,49656.8554688,1.0,1.0,156.0,381.975811298,318.313176082,-1.0,-1.0,13721.87667
2509.0,727.0,728.0,-1.0,-1.0,1.0,51.0,6000.0,1.0,1.0,60.0,117.647058824,100.0,-1.0,-1.0,3026.725284
2510.0,727.0,736.0,-1.0,-1.0,1.0,1.0,1428.35571289,1.0,1.0,28.0,1428.35571289,51.0127040318,-1.0,-1.0,3538.061116
2511.0,728.0,734.0,-1.0,-1.0,1.0,45.0,4256.78271484,1.0,1.0,56.0,94.5951714409,76.0139770507,-1.0,-1.0,8337.220163
2512.0,728.0,735.0,-1.0,-1.0,-15.0,156.0,15341.9931641,0.0,1.0,181.0,98.3461100263,84.7623931718,-1.0,-1.0,-1.0
2513.0,728.0,736.0,-1.0,-1.0,1.0,80.0,10485.28125,1.0,1.0,104.0,131.066015625,100.820012019,-1.0,-1.0,1944.498127
2514.0,729.0,738.0,-1.0,-1.0,-15.0,551.0,55558.3476563,1.0,1.0,697.0,100.831846926,79.7106853032,-1.0,-1.0,-1.0
2515.0,729.0,810.0,-1.0,-1.0,-15.0,3764.0,6451986.0,1.0,0.0,41824.0,1714.13018066,154.265158761,-1.0,-1.0,-1.0
2516.0,729.0,862.0,-1.0,-1.0,-15.0,2166.0,119049.289063,1.0,0.0,5358.0,54.9627373329,22.2189789218,-1.0,-1.0,-1.0
2517.0,730.0,737.0,-1.0,-1.0,1.0,106.0,53113.4960938,1.0,1.0,233.0,501.070717866,227.954918858,-1.0,-1.0,16873.82736
2518.0,730.0,738.0,-1.0,-1.0,1.0,161.0,52770.3476563,1.0,1.0,229.0,327.766134511,230.438199372,-1.0,-1.0,8229.02296
2519.0,731.0,734.0,-1.0,-1.0,1.0,40.0,5266.78271484,1.0,1.0,76.0,131.669567871,69.2997725637,-1.0,-1.0,11201.19983
2520.0,731.0,791.0,-1.0,-1.0,1.0,1203.0,94685.8671875,1.0,0.0,1586.0,78.7081190254,59.7010511901,-1.0,-1.0,1098.302412
2521.0,731.0,811.0,-1.0,-1.0,1.0,1617.0,142666.28125,1.0,0.0,2245.0,88.2289927335,63.5484548998,-1.0,-1.0,2829.519088
2522.0,731.0,970.0,-1.0,-1.0,1.0,8023.0,448953.0625,1.0,0.0,14339.0,55.9582528356,31.3099283423,-1.0,-1.0,8311.754498
2523.0,732.0,733.0,-1.0,-1.0,1.0,60.0,80.0,1.0,1.0,80.0,1.33333333333,1.0,-1.0,-1.0,77206.67822
2524.0,732.0,739.0,-1.0,-1.0,1.0,85.0,43010.0,1.0,1.0,100.0,506.0,430.1,-1.0,-1.0,90661.35833
2525.0,732.0,742.0,-1.0,-1.0,1.0,129.0,54976.7109375,1.0,1.0,356.0,426.176053779,154.428963308,-1.0,-1.0,105052.1736
2526.0,733.0,742.0,-1.0,-1.0,-15.0,65.0,55189.8476563,1.0,1.0,569.0,849.074579328,96.9944598529,-1.0,-1.0,-1.0
2527.0,734.0,735.0,-1.0,-1.0,-15.0,337.0,28717.0605469,0.0,1.0,446.0,85.213829516,64.3880281321,-1.0,-1.0,-1.0
2528.0,734.0,736.0,-1.0,-1.0,1.0,233.0,22458.3554688,1.0,0.0,268.0,96.3877917116,83.7998338388,-1.0,-1.0,2198.984778
2529.0,734.0,791.0,-1.0,-1.0,1.0,1151.0,88543.7265625,1.0,0.0,1525.0,76.9276512272,58.061460041,-1.0,-1.0,1286.20721
2530.0,735.0,736.0,-1.0,-1.0,1.0,33.0,4256.78271484,1.0,1.0,56.0,128.993415601,76.0139770507,-1.0,-1.0,5041.193004
2531.0,735.0,770.0,-1.0,-1.0,1.0,956.0,81956.5078125,1.0,0.0,1580.0,85.7285646574,51.8712074763,-1.0,-1.0,1802.825712
2532.0,735.0,791.0,-1.0,-1.0,1.0,1119.0,89659.9375,1.0,0.0,1721.0,80.1250558534,52.0975813481,-1.0,-1.0,1498.295514
2533.0,736.0,791.0,-1.0,-1.0,1.0,1090.0,91857.4375,1.0,0.0,1558.0,84.2728784404,58.9585606547,-1.0,-1.0,1446.378118
2534.0,737.0,738.0,-1.0,-1.0,1.0,130.0,16256.7832031,1.0,1.0,176.0,125.052178485,92.3680863812,-1.0,-1.0,29804.34843
2535.0,737.0,740.0,-1.0,-1.0,1.0,21.0,11313.7089844,1.0,1.0,113.0,538.748046876,100.121318446,-1.0,-1.0,58011.56371
2536.0,738.0,740.0,-1.0,-1.0,-15.0,149.0,31570.4921875,1.0,1.0,329.0,211.882497903,95.9589428191,-1.0,-1.0,-1.0
2537.0,738.0,862.0,-1.0,-1.0,-15.0,1697.0,123097.96875,1.0,1.0,4416.0,72.5385791102,27.875445822,-1.0,-1.0,-1.0
2538.0,739.0,740.0,-1.0,-1.0,1.0,305.0,32828.4257813,1.0,1.0,328.0,107.63418289,100.086663967,-1.0,-1.0,80967.60272
2539.0,739.0,742.0,-1.0,-1.0,1.0,178.0,11051.9208984,1.0,1.0,261.0,62.0894432494,42.3445245149,-1.0,-1.0,171684.4616
2540.0,739.0,862.0,-1.0,-1.0,-15.0,1562.0,63177.6171875,1.0,0.0,3626.0,40.4466179177,17.4235017064,-1.0,-1.0,-1.0
2541.0,740.0,742.0,-1.0,-1.0,-15.0,683.0,44238.4882813,0.0,1.0,777.0,64.7708466783,56.934991353,-1.0,-1.0,-1.0
2542.0,740.0,862.0,-1.0,-1.0,-15.0,1621.0,96364.1875,1.0,1.0,4143.0,59.4473704503,23.2595190683,-1.0,-1.0,-1.0
2543.0,741.0,743.0,-1.0,-1.0,1.0,90.0,11313.7089844,1.0,1.0,113.0,125.707877604,100.121318446,-1.0,-1.0,34279.81593
2544.0,741.0,744.0,-1.0,-1.0,-15.0,669.0,84971.921875,1.0,1.0,761.0,127.013336136,111.658241623,-1.0,-1.0,-1.0
2545.0,741.0,745.0,-1.0,-1.0,1.0,118.0,14828.4267578,1.0,1.0,148.0,125.664633541,100.192072688,-1.0,-1.0,22085.58138
2546.0,741.0,746.0,-1.0,-1.0,1.0,417.0,46055.7734375,1.0,1.0,474.0,110.44549985,97.1640789821,-1.0,-1.0,10111.29992
2547.0,742.0,778.0,-1.0,-1.0,1.0,10.0,60.0,1.0,1.0,60.0,6.0,1.0,-1.0,-1.0,314829.6448
2548.0,742.0,839.0,-1.0,-1.0,-15.0,1586.0,23340.3867188,0.0,1.0,2720.0,14.716511172,8.58102452897,-1.0,-1.0,-1.0
2549.0,742.0,862.0,-1.0,-1.0,-15.0,1463.0,51855.9921875,1.0,1.0,3095.0,35.4449707365,16.754763227,-1.0,-1.0,-1.0
2550.0,743.0,744.0,-1.0,-1.0,1.0,545.0,72828.4296875,1.0,1.0,568.0,133.630146216,128.219066351,-1.0,-1.0,15641.94952
2551.0,743.0,745.0,-1.0,-1.0,1.0,34.0,4438.35546875,1.0,1.0,68.0,130.539866728,65.269933364,-1.0,-1.0,17157.37743
2552.0,743.0,753.0,-1.0,-1.0,1.0,454.0,65570.4921875,1.0,1.0,509.0,144.428396889,128.822185044,-1.0,-1.0,15611.53411
2553.0,743.0,756.0,-1.0,-1.0,1.0,294.0,48284.2695313,1.0,1.0,322.0,164.23220929,149.951147613,-1.0,-1.0,17842.59852
2554.0,743.0,786.0,-1.0,-1.0,-15.0,313.0,33200.4179688,1.0,0.0,389.0,106.071622904,85.3481181717,-1.0,-1.0,-1.0
2555.0,744.0,748.0,-1.0,-1.0,1.0,1253.0,138614.625,1.0,1.0,1868.0,110.626197127,74.2048313704,-1.0,-1.0,10555.00269
2556.0,744.0,751.0,-1.0,-1.0,1.0,87.0,9010.0,1.0,1.0,100.0,103.563218391,90.1,-1.0,-1.0,4057.39302
2557.0,744.0,753.0,-1.0,-1.0,1.0,122.0,12742.0644531,1.0,1.0,141.0,104.443151255,90.3692514404,-1.0,-1.0,10653.3541
2558.0,744.0,779.0,-1.0,-1.0,1.0,835.0,81015.7421875,1.0,1.0,871.0,97.0248409431,93.0146293772,-1.0,-1.0,12484.67418
2559.0,745.0,746.0,-1.0,-1.0,1.0,406.0,41010.0,1.0,1.0,420.0,101.009852217,97.6428571429,-1.0,-1.0,18721.81681
2560.0,745.0,754.0,-1.0,-1.0,1.0,352.0,39798.9882813,1.0,1.0,397.0,113.065307617,100.249340759,-1.0,-1.0,3606.838345
2561.0,745.0,756.0,-1.0,-1.0,-15.0,344.0,53342.5546875,0.0,1.0,431.0,155.065565952,123.764628045,-1.0,-1.0,-1.0
2562.0,745.0,759.0,-1.0,-1.0,1.0,297.0,31112.6992188,1.0,1.0,311.0,104.756563026,100.040833501,-1.0,-1.0,12379.32017
2563.0,745.0,786.0,-1.0,-1.0,1.0,256.0,28742.0644531,1.0,1.0,301.0,112.27368927,95.4885862229,-1.0,-1.0,20431.47877
2564.0,746.0,754.0,-1.0,-1.0,1.0,128.0,15313.7089844,1.0,1.0,153.0,119.638351441,100.089601205,-1.0,-1.0,43340.08471
2565.0,746.0,764.0,-1.0,-1.0,1.0,916.0,109074.617188,1.0,0.0,1152.0,119.077093,94.6828274201,-1.0,-1.0,3730.733955
2566.0,746.0,769.0,-1.0,-1.0,-15.0,592.0,60256.6328125,1.0,1.0,786.0,101.784852724,76.6623827131,-1.0,-1.0,-1.0
2567.0,746.0,771.0,-1.0,-1.0,1.0,305.0,33085.2109375,1.0,1.0,344.0,108.476101434,96.1779387718,-1.0,-1.0,25704.25403
2568.0,747.0,758.0,-1.0,-1.0,-15.0,893.0,103189.476563,1.0,1.0,1369.0,115.553725155,75.3758046479,-1.0,-1.0,-1.0
2569.0,747.0,760.0,-1.0,-1.0,1.0,836.0,103132.90625,1.0,1.0,1312.0,123.364720395,78.6073980564,-1.0,-1.0,1206.257864
2570.0,747.0,770.0,-1.0,-1.0,1.0,787.0,103862.015625,1.0,0.0,1475.0,131.972065597,70.4149258475,-1.0,-1.0,632.2632054
2571.0,747.0,787.0,-1.0,-1.0,1.0,797.0,118654.679688,1.0,0.0,1085.0,148.876636999,109.359151786,-1.0,-1.0,898.0569571
2572.0,747.0,835.0,-1.0,-1.0,1.0,1519.0,111122.71875,1.0,0.0,2101.0,73.1551802172,52.890394455,-1.0,-1.0,2207.817831
2573.0,748.0,749.0,-1.0,-1.0,1.0,76.0,8000.0,1.0,1.0,80.0,105.263157895,100.0,-1.0,-1.0,8120.319018
2574.0,748.0,750.0,-1.0,-1.0,-15.0,276.0,27266.7832031,0.0,1.0,296.0,98.7926927649,92.1175108213,-1.0,-1.0,-1.0
2575.0,748.0,755.0,-1.0,-1.0,1.0,146.0,16142.1357422,1.0,1.0,161.0,110.562573577,100.261712684,-1.0,-1.0,5189.277726
2576.0,748.0,757.0,-1.0,-1.0,1.0,162.0,18142.1347656,1.0,1.0,181.0,111.988486207,100.23278876,-1.0,-1.0,4536.463335
2577.0,748.0,768.0,-1.0,-1.0,1.0,341.0,37656.8554688,1.0,1.0,376.0,110.430661199,100.151211353,-1.0,-1.0,2898.34867
2578.0,748.0,779.0,-1.0,-1.0,1.0,739.0,95882.25,1.0,1.0,798.0,129.74594046,120.153195489,-1.0,-1.0,5082.319295
2579.0,748.0,780.0,-1.0,-1.0,1.0,698.0,95740.1171875,1.0,1.0,797.0,137.163491673,120.12561755,-1.0,-1.0,3780.410389
2580.0,749.0,750.0,-1.0,-1.0,-15.0,165.0,17266.7832031,1.0,1.0,196.0,104.647170928,88.0958326689,-1.0,-1.0,-1.0
2581.0,749.0,752.0,-1.0,-1.0,1.0,97.0,12256.7832031,1.0,1.0,136.0,126.358589723,90.1234059051,-1.0,-1.0,4433.040118
2582.0,749.0,755.0,-1.0,-1.0,1.0,73.0,10828.4267578,1.0,1.0,108.0,148.334613121,100.26321072,-1.0,-1.0,2399.929297
2583.0,749.0,757.0,-1.0,-1.0,1.0,109.0,14000.0,0.0,1.0,140.0,128.440366972,100.0,-1.0,-1.0,2154.788854
2584.0,750.0,752.0,-1.0,-1.0,1.0,36.0,4000.0,1.0,1.0,40.0,111.111111111,100.0,-1.0,-1.0,5780.247758
2585.0,750.0,765.0,-1.0,-1.0,1.0,193.0,21010.0,1.0,1.0,220.0,108.860103627,95.5,-1.0,-1.0,2272.077701
2586.0,750.0,766.0,-1.0,-1.0,1.0,260.0,29313.7089844,1.0,1.0,293.0,112.745034555,100.046788343,-1.0,-1.0,3324.333889
2587.0,750.0,783.0,-1.0,-1.0,-15.0,565.0,53770.5546875,1.0,0.0,679.0,95.1691233407,79.1908021907,-1.0,-1.0,-1.0
2588.0,751.0,753.0,-1.0,-1.0,1.0,93.0,11010.0,1.0,1.0,120.0,118.387096774,91.75,-1.0,-1.0,13665.70512
2589.0,751.0,779.0,-1.0,-1.0,1.0,742.0,74045.1796875,1.0,1.0,802.0,99.7913472877,92.3256604582,-1.0,-1.0,13460.30252
2590.0,751.0,785.0,-1.0,-1.0,1.0,454.0,50055.7734375,1.0,1.0,514.0,110.255007572,97.3847732247,-1.0,-1.0,2953.514541
2591.0,752.0,755.0,-1.0,-1.0,1.0,79.0,8256.78320313,1.0,1.0,96.0,104.516243078,86.0081583659,-1.0,-1.0,4133.000187
2592.0,752.0,765.0,-1.0,-1.0,1.0,204.0,21685.1386719,1.0,1.0,244.0,106.299699372,88.8735191471,-1.0,-1.0,2950.452056
2593.0,753.0,756.0,-1.0,-1.0,1.0,189.0,22256.7832031,1.0,1.0,236.0,117.760757688,94.308403403,-1.0,-1.0,8283.920551
2594.0,753.0,761.0,-1.0,-1.0,1.0,94.0,11913.6367188,1.0,1.0,133.0,126.740816157,89.5762159308,-1.0,-1.0,6820.179537
2595.0,753.0,785.0,-1.0,-1.0,1.0,386.0,40828.4257813,1.0,1.0,408.0,105.773123786,100.069671033,-1.0,-1.0,5785.038226
2596.0,754.0,759.0,-1.0,-1.0,1.0,76.0,11656.8544922,1.0,1.0,116.0,153.379664371,100.490124933,-1.0,-1.0,34539.02958
2597.0,754.0,771.0,-1.0,-1.0,1.0,209.0,22398.9179688,1.0,1.0,237.0,107.17185631,94.5102024,-1.0,-1.0,11011.54487
2598.0,754.0,786.0,-1.0,-1.0,-15.0,178.0,19570.4921875,0.0,1.0,209.0,109.946585323,93.6387186005,-1.0,-1.0,-1.0
2599.0,755.0,757.0,-1.0,-1.0,1.0,26.0,4828.42724609,1.0,1.0,48.0,185.708740234,100.592234294,-1.0,-1.0,2592.181418
2600.0,755.0,765.0,-1.0,-1.0,1.0,218.0,22398.9179688,1.0,1.0,237.0,102.747330132,94.5102024,-1.0,-1.0,3729.87195
2601.0,756.0,761.0,-1.0,-1.0,1.0,80.0,10485.28125,1.0,1.0,104.0,131.066015625,100.820012019,-1.0,-1.0,11300.09957
2602.0,756.0,762.0,-1.0,-1.0,1.0,130.0,14828.4267578,1.0,1.0,148.0,114.064821214,100.192072688,-1.0,-1.0,6188.601174
2603.0,756.0,786.0,-1.0,-1.0,1.0,411.0,58514.1289063,1.0,1.0,482.0,142.370143324,121.398607689,-1.0,-1.0,7617.632995
2604.0,757.0,763.0,-1.0,-1.0,1.0,150.0,18485.28125,1.0,1.0,184.0,123.235208333,100.463485054,-1.0,-1.0,3488.107653
2605.0,757.0,765.0,-1.0,-1.0,1.0,199.0,21570.4921875,1.0,1.0,229.0,108.394433103,94.1942890284,-1.0,-1.0,3690.179045
2606.0,757.0,768.0,-1.0,-1.0,1.0,204.0,25798.9902344,1.0,1.0,257.0,126.465638404,100.385176009,-1.0,-1.0,2610.664091
2607.0,758.0,760.0,-1.0,-1.0,1.0,11.0,20.0,1.0,1.0,20.0,1.81818181818,1.0,-1.0,-1.0,2437.426226
2608.0,758.0,784.0,-1.0,-1.0,1.0,454.0,129123.46875,1.0,1.0,671.0,284.412926762,192.434379657,-1.0,-1.0,1209.436666
2609.0,758.0,831.0,-1.0,-1.0,-15.0,1289.0,66150.421875,0.0,1.0,2739.0,51.3191791117,24.15130408,-1.0,-1.0,-1.0
2610.0,759.0,771.0,-1.0,-1.0,1.0,239.0,26970.5625,1.0,0.0,269.0,112.847541841,100.262314126,-1.0,-1.0,10357.37103
2611.0,759.0,786.0,-1.0,-1.0,1.0,42.0,4256.78271484,1.0,1.0,56.0,101.351969401,76.0139770507,-1.0,-1.0,54115.48131
2612.0,760.0,770.0,-1.0,-1.0,1.0,1589.0,68912.3203125,0.0,1.0,1973.0,43.3683576542,34.9276838887,-1.0,-1.0,2013.078352
2613.0,760.0,784.0,-1.0,-1.0,-15.0,453.0,129163.46875,1.0,0.0,711.0,285.129070088,181.66451301,-1.0,-1.0,-1.0
2614.0,760.0,787.0,-1.0,-1.0,1.0,1455.0,75040.8828125,0.0,1.0,1851.0,51.5744899055,40.5407254525,-1.0,-1.0,1162.963801
2615.0,760.0,831.0,-1.0,-1.0,1.0,1271.0,66093.8515625,1.0,1.0,2682.0,52.0014567762,24.643494244,-1.0,-1.0,3158.062681
2616.0,760.0,835.0,-1.0,-1.0,1.0,1321.0,67108.921875,1.0,0.0,2467.0,50.8016062642,27.2026436461,-1.0,-1.0,2728.595694
2617.0,761.0,762.0,-1.0,-1.0,1.0,66.0,7010.0,1.0,1.0,80.0,106.212121212,87.625,-1.0,-1.0,5756.468668
2618.0,761.0,785.0,-1.0,-1.0,1.0,251.0,27341.9921875,1.0,1.0,301.0,108.932239791,90.8371833472,-1.0,-1.0,10462.92451
2619.0,762.0,785.0,-1.0,-1.0,1.0,283.0,30055.7734375,1.0,1.0,314.0,106.204146422,95.7190236863,-1.0,-1.0,10329.77872
2620.0,762.0,786.0,-1.0,-1.0,1.0,339.0,53085.2109375,1.0,1.0,384.0,156.593542588,138.242736816,-1.0,-1.0,9728.611465
2621.0,763.0,765.0,-1.0,-1.0,1.0,94.0,10256.7832031,1.0,1.0,116.0,109.114714927,88.4205448543,-1.0,-1.0,3607.39286
2622.0,763.0,768.0,-1.0,-1.0,1.0,195.0,21656.8535156,1.0,1.0,216.0,111.060787259,100.26321072,-1.0,-1.0,3312.415976
2623.0,763.0,773.0,-1.0,-1.0,1.0,140.0,18485.28125,1.0,1.0,184.0,132.037723214,100.463485054,-1.0,-1.0,3623.621614
2624.0,764.0,769.0,-1.0,-1.0,1.0,431.0,54142.1367188,1.0,1.0,541.0,125.619806772,100.077886726,-1.0,-1.0,9895.589762
2625.0,764.0,772.0,-1.0,-1.0,1.0,126.0,15570.4912109,1.0,1.0,169.0,123.575327071,92.1330840882,-1.0,-1.0,29113.27271
2626.0,764.0,774.0,-1.0,-1.0,-15.0,710.0,139324.84375,1.0,0.0,1354.0,196.232174296,102.898702917,-1.0,-1.0,-1.0
2627.0,764.0,790.0,-1.0,-1.0,1.0,92.0,29656.8535156,1.0,1.0,136.0,322.35710343,218.065099379,-1.0,-1.0,18742.98189
2628.0,764.0,827.0,-1.0,-1.0,-15.0,547.0,66851.7109375,1.0,0.0,701.0,122.21519367,95.3662067582,-1.0,-1.0,-1.0
2629.0,765.0,766.0,-1.0,-1.0,1.0,67.0,6438.35546875,1.0,1.0,88.0,96.0948577425,73.1631303267,-1.0,-1.0,8700.855943
2630.0,765.0,773.0,-1.0,-1.0,1.0,200.0,23798.9902344,1.0,1.0,237.0,118.994951172,100.417680314,-1.0,-1.0,2744.153924
2631.0,765.0,782.0,-1.0,-1.0,1.0,222.0,25656.8535156,1.0,1.0,256.0,115.571412232,100.222084045,-1.0,-1.0,4440.575285
2632.0,766.0,781.0,-1.0,-1.0,1.0,184.0,20998.8476563,1.0,1.0,237.0,114.124172045,88.602732727,-1.0,-1.0,4966.413563
2633.0,766.0,782.0,-1.0,-1.0,1.0,200.0,23085.2089844,1.0,1.0,244.0,115.426044922,94.6115122311,-1.0,-1.0,2874.868453
2634.0,766.0,783.0,-1.0,-1.0,-15.0,243.0,23855.5585938,1.0,0.0,294.0,98.1710230198,81.1413557612,-1.0,-1.0,-1.0
2635.0,766.0,789.0,-1.0,-1.0,1.0,214.0,23428.3554688,1.0,0.0,248.0,109.478296583,94.4691752774,-1.0,-1.0,4023.478253
2636.0,767.0,771.0,-1.0,-1.0,1.0,182.0,22485.28125,1.0,1.0,224.0,123.545501374,100.380719866,-1.0,-1.0,19080.53622
2637.0,767.0,786.0,-1.0,-1.0,1.0,28.0,3428.35571289,1.0,1.0,48.0,122.44127546,71.4240773519,-1.0,-1.0,19962.75054
2638.0,768.0,773.0,-1.0,-1.0,1.0,159.0,18142.1347656,1.0,1.0,181.0,114.101476513,100.23278876,-1.0,-1.0,5079.716206
2639.0,768.0,780.0,-1.0,-1.0,1.0,457.0,67227.34375,1.0,1.0,526.0,147.105785011,127.808638308,-1.0,-1.0,6010.050221
2640.0,768.0,794.0,-1.0,-1.0,1.0,467.0,67941.125,1.0,0.0,519.0,145.484207709,130.907755299,-1.0,-1.0,5440.674182
2641.0,768.0,799.0,-1.0,-1.0,1.0,364.0,47060.2070313,1.0,1.0,469.0,129.286283053,100.341592817,-1.0,-1.0,2751.694737
2642.0,768.0,806.0,-1.0,-1.0,1.0,575.0,45613.7695313,0.0,1.0,682.0,79.328294837,66.8823600166,-1.0,-1.0,5535.87414
2643.0,769.0,771.0,-1.0,-1.0,1.0,252.0,27010.0,1.0,1.0,280.0,107.182539683,96.4642857143,-1.0,-1.0,21329.76044
2644.0,769.0,772.0,-1.0,-1.0,1.0,321.0,35656.8554688,1.0,1.0,356.0,111.080546632,100.159706373,-1.0,-1.0,5383.84078
2645.0,769.0,775.0,-1.0,-1.0,1.0,149.0,17313.7089844,1.0,1.0,173.0,116.199389157,100.079242684,-1.0,-1.0,22486.43728
2646.0,769.0,777.0,-1.0,-1.0,1.0,240.0,27570.4921875,1.0,1.0,289.0,114.877050781,95.3996269464,-1.0,-1.0,8820.904779
2647.0,769.0,816.0,-1.0,-1.0,1.0,445.0,64485.28125,0.0,1.0,484.0,144.910744382,133.234052169,-1.0,-1.0,19083.5684
2648.0,770.0,787.0,-1.0,-1.0,1.0,255.0,28055.7734375,1.0,1.0,294.0,110.022640931,95.4278008078,-1.0,-1.0,3773.549127
2649.0,770.0,791.0,-1.0,-1.0,1.0,708.0,88911.90625,1.0,1.0,1420.0,125.581788489,62.6140184859,-1.0,-1.0,1325.866616
2650.0,771.0,775.0,-1.0,-1.0,1.0,115.0,13085.2099609,1.0,1.0,144.0,113.784434443,90.8695136174,-1.0,-1.0,15834.90139
2651.0,771.0,786.0,-1.0,-1.0,1.0,216.0,23010.0,1.0,1.0,240.0,106.527777778,95.875,-1.0,-1.0,21269.69573
2652.0,771.0,800.0,-1.0,-1.0,-15.0,470.0,46965.34375,1.0,1.0,874.0,99.9262632979,53.7360912471,-1.0,-1.0,-1.0
2653.0,771.0,816.0,-1.0,-1.0,1.0,440.0,48580.4921875,1.0,1.0,509.0,110.410209517,95.4430101916,-1.0,-1.0,17214.7586
2654.0,772.0,776.0,-1.0,-1.0,1.0,20.0,4828.42724609,1.0,1.0,48.0,241.421362305,100.592234294,-1.0,-1.0,13490.65797
2655.0,772.0,777.0,-1.0,-1.0,1.0,77.0,11913.6367188,1.0,1.0,133.0,154.72255479,89.5762159308,-1.0,-1.0,13171.44577
2656.0,772.0,790.0,-1.0,-1.0,1.0,167.0,34000.0,1.0,1.0,180.0,203.592814371,188.888888889,-1.0,-1.0,6778.442307
2657.0,772.0,796.0,-1.0,-1.0,1.0,315.0,50998.8476563,0.0,1.0,377.0,161.901103671,135.275457974,-1.0,-1.0,5873.4349
2658.0,773.0,782.0,-1.0,-1.0,1.0,231.0,28142.1347656,1.0,1.0,281.0,121.827423228,100.149945785,-1.0,-1.0,3064.731891
2659.0,773.0,799.0,-1.0,-1.0,1.0,370.0,48717.0585938,1.0,0.0,486.0,131.667725929,100.240861304,-1.0,-1.0,2528.946542
2660.0,773.0,803.0,-1.0,-1.0,1.0,384.0,42970.5625,1.0,1.0,429.0,111.90250651,100.164481352,-1.0,-1.0,3763.86788
2661.0,773.0,806.0,-1.0,-1.0,1.0,501.0,47270.625,0.0,1.0,699.0,94.3525449102,67.6260729614,-1.0,-1.0,4308.326431
2662.0,774.0,778.0,-1.0,-1.0,1.0,70.0,8060.0,1.0,1.0,140.0,115.142857143,57.5714285714,-1.0,-1.0,314796.3542
2663.0,774.0,827.0,-1.0,-1.0,-15.0,110.0,72208.28125,1.0,1.0,388.0,656.438920455,186.103817655,-1.0,-1.0,-1.0
2664.0,774.0,865.0,-1.0,-1.0,1.0,56.0,7010.0,1.0,1.0,80.0,125.178571429,87.625,-1.0,-1.0,314898.1076
2665.0,775.0,777.0,-1.0,-1.0,1.0,366.0,38256.78125,1.0,0.0,396.0,104.526724727,96.6080334596,-1.0,-1.0,9526.585748
2666.0,775.0,816.0,-1.0,-1.0,1.0,339.0,48884.1992188,1.0,1.0,502.0,144.201177637,97.378882906,-1.0,-1.0,18379.37608
2667.0,776.0,777.0,-1.0,-1.0,1.0,59.0,8256.78320313,1.0,1.0,96.0,139.945478019,86.0081583659,-1.0,-1.0,12269.85727
2668.0,776.0,790.0,-1.0,-1.0,-15.0,252.0,42095.2109375,1.0,0.0,284.0,167.044487847,148.222573724,-1.0,-1.0,-1.0
2669.0,776.0,796.0,-1.0,-1.0,1.0,305.0,53570.4921875,1.0,1.0,389.0,175.640957992,137.713347526,-1.0,-1.0,4913.300802
2670.0,776.0,804.0,-1.0,-1.0,-15.0,336.0,62600.4921875,0.0,1.0,429.0,186.310988653,145.921893211,-1.0,-1.0,-1.0
2671.0,777.0,796.0,-1.0,-1.0,1.0,353.0,61341.9921875,1.0,0.0,481.0,173.773348973,127.530129288,-1.0,-1.0,3842.832425
2672.0,777.0,804.0,-1.0,-1.0,1.0,379.0,66580.4921875,1.0,1.0,529.0,175.674121867,125.861043833,-1.0,-1.0,5703.253376
2673.0,777.0,816.0,-1.0,-1.0,1.0,430.0,65712.625,1.0,1.0,511.0,152.82005814,128.596135029,-1.0,-1.0,17570.33565
2674.0,778.0,836.0,-1.0,-1.0,-15.0,3.0,18759.7773438,1.0,1.0,529.0,6253.2591146,35.462717096,-1.0,-1.0,-1.0
2675.0,778.0,839.0,-1.0,-1.0,-15.0,1160.0,22697.5449219,0.0,1.0,2077.0,19.5668490706,10.9280428127,-1.0,-1.0,-1.0
2676.0,778.0,862.0,-1.0,-1.0,-15.0,1128.0,51213.1484375,1.0,0.0,2452.0,45.4017273382,20.8862758717,-1.0,-1.0,-1.0
2677.0,778.0,865.0,-1.0,-1.0,-15.0,31.0,15194.8525391,1.0,1.0,344.0,490.156533519,44.1710829625,-1.0,-1.0,-1.0
2678.0,779.0,780.0,-1.0,-1.0,1.0,75.0,8256.78320313,1.0,1.0,96.0,110.090442708,86.0081583659,-1.0,-1.0,17333.54306
2679.0,779.0,785.0,-1.0,-1.0,1.0,783.0,76904.9921875,1.0,1.0,844.0,98.2183808269,91.1196589899,-1.0,-1.0,11906.8413
2680.0,779.0,792.0,-1.0,-1.0,1.0,229.0,25798.9902344,1.0,1.0,257.0,112.659346002,100.385176009,-1.0,-1.0,3594.348042
2681.0,779.0,793.0,-1.0,-1.0,-15.0,166.0,14878.6328125,1.0,1.0,297.0,89.6303181476,50.0964067761,-1.0,-1.0,-1.0
2682.0,779.0,794.0,-1.0,-1.0,1.0,94.0,11313.7089844,1.0,1.0,113.0,120.358606217,100.121318446,-1.0,-1.0,15754.53867
2683.0,780.0,794.0,-1.0,-1.0,1.0,35.0,5010.0,1.0,1.0,60.0,143.142857143,83.5,-1.0,-1.0,9864.192434
2684.0,780.0,799.0,-1.0,-1.0,-15.0,346.0,34385.0664063,0.0,1.0,484.0,99.3788046425,71.0435256329,-1.0,-1.0,-1.0
2685.0,781.0,782.0,-1.0,-1.0,1.0,184.0,20256.7832031,0.0,1.0,216.0,110.09121306,93.7814037181,-1.0,-1.0,2255.427612
2686.0,781.0,783.0,-1.0,-1.0,1.0,13.0,2856.71142578,1.0,1.0,56.0,219.747032752,51.0127040318,-1.0,-1.0,7779.0126
2687.0,781.0,789.0,-1.0,-1.0,1.0,141.0,15913.6367188,1.0,1.0,173.0,112.862671765,91.986339415,-1.0,-1.0,1229.344539
2688.0,782.0,789.0,-1.0,-1.0,1.0,29.0,4256.78271484,1.0,1.0,56.0,146.785610857,76.0139770507,-1.0,-1.0,7842.973824
2689.0,782.0,803.0,-1.0,-1.0,-15.0,280.0,31275.6289063,1.0,1.0,374.0,111.698674665,83.6246762201,-1.0,-1.0,-1.0
2690.0,783.0,789.0,-1.0,-1.0,1.0,159.0,17428.3554688,1.0,1.0,188.0,109.612298546,92.7040184511,-1.0,-1.0,2045.876298
2691.0,783.0,795.0,-1.0,-1.0,1.0,215.0,25227.3457031,1.0,1.0,266.0,117.336491642,94.8396455004,-1.0,-1.0,1808.293758
2692.0,783.0,801.0,-1.0,-1.0,1.0,340.0,36769.5507813,1.0,0.0,367.0,108.145737592,100.189511666,-1.0,-1.0,2882.773997
2693.0,783.0,853.0,-1.0,-1.0,1.0,1253.0,129712.242188,1.0,0.0,1468.0,103.521342528,88.3598380027,-1.0,-1.0,5075.90427
2694.0,784.0,831.0,-1.0,-1.0,1.0,957.0,128648.757813,1.0,1.0,1537.0,134.429214016,83.7012087267,-1.0,-1.0,1314.715744
2695.0,784.0,880.0,-1.0,-1.0,1.0,1626.0,191303.140625,1.0,0.0,2281.0,117.65260801,83.8681019838,-1.0,-1.0,2883.387956
2696.0,784.0,895.0,-1.0,-1.0,-12.0,5418.0,-1.0,1.0,0.0,-1.0,-1.0,-1.0,-1.0,-1.0,-1.0
2697.0,785.0,786.0,-1.0,-1.0,1.0,414.0,60856.7109375,1.0,1.0,476.0,146.996886322,127.850233062,-1.0,-1.0,12755.45809
2698.0,785.0,792.0,-1.0,-1.0,1.0,655.0,65026.1835938,1.0,1.0,833.0,99.2766161737,78.0626453707,-1.0,-1.0,14036.44173
2699.0,785.0,797.0,-1.0,-1.0,1.0,99.0,11656.8544922,1.0,1.0,116.0,117.746004972,100.490124933,-1.0,-1.0,15229.11007
2700.0,786.0,788.0,-1.0,-1.0,1.0,3.0,9010.0,1.0,1.0,20.0,3003.33333333,450.5,-1.0,-1.0,13388.37663
2701.0,786.0,797.0,-1.0,-1.0,1.0,376.0,63712.625,1.0,1.0,491.0,169.448470745,129.760947047,-1.0,-1.0,13995.48062
2702.0,786.0,800.0,-1.0,-1.0,1.0,212.0,23590.4921875,1.0,1.0,269.0,111.275906545,87.6969969796,-1.0,-1.0,21685.14146
2703.0,786.0,809.0,-1.0,-1.0,1.0,492.0,54048.8476563,1.0,0.0,617.0,109.855381415,87.5994289405,-1.0,-1.0,16961.88767
2704.0,786.0,812.0,-1.0,-1.0,1.0,519.0,66703.1875,1.0,0.0,700.0,128.522519268,95.2902678571,-1.0,-1.0,14422.86531
2705.0,786.0,813.0,-1.0,-1.0,1.0,510.0,58932.484375,1.0,0.0,651.0,115.553890931,90.5260896697,-1.0,-1.0,16539.7344
2706.0,787.0,791.0,-1.0,-1.0,1.0,825.0,100475.484375,1.0,1.0,934.0,121.788465909,107.57546507,-1.0,-1.0,1463.647468
2707.0,787.0,811.0,-1.0,-1.0,1.0,1064.0,128473.976563,1.0,1.0,1312.0,120.746218574,97.922238234,-1.0,-1.0,2987.069231
2708.0,787.0,831.0,-1.0,-1.0,1.0,1377.0,81949.3515625,0.0,1.0,2789.0,59.5129640977,29.3830590041,-1.0,-1.0,2391.436423
2709.0,787.0,835.0,-1.0,-1.0,1.0,1286.0,82964.421875,1.0,0.0,2574.0,64.5135473367,32.2317101301,-1.0,-1.0,2053.558164
2710.0,788.0,800.0,-1.0,-1.0,1.0,207.0,32600.4921875,1.0,0.0,289.0,157.490300423,112.804471237,-1.0,-1.0,12611.16489
2711.0,789.0,795.0,-1.0,-1.0,1.0,76.0,10000.0,1.0,1.0,100.0,131.578947368,100.0,-1.0,-1.0,6420.142626
2712.0,789.0,803.0,-1.0,-1.0,1.0,244.0,26398.9179688,1.0,1.0,277.0,108.192286757,95.302952956,-1.0,-1.0,3803.55371
2713.0,790.0,796.0,-1.0,-1.0,1.0,35.0,22856.7109375,1.0,1.0,96.0,653.048883929,238.090738932,-1.0,-1.0,8307.654086
2714.0,790.0,804.0,-1.0,-1.0,1.0,69.0,29428.3554688,1.0,1.0,148.0,426.497905345,198.840239654,-1.0,-1.0,10280.50894
2715.0,790.0,808.0,-1.0,-1.0,-15.0,229.0,59548.3554688,0.0,1.0,328.0,260.036486763,181.549864234,-1.0,-1.0,-1.0
2716.0,790.0,820.0,-1.0,-1.0,1.0,567.0,60256.78125,0.0,1.0,616.0,106.272982804,97.8194500812,-1.0,-1.0,8400.166905
2717.0,790.0,827.0,-1.0,-1.0,1.0,380.0,36498.3554688,1.0,1.0,448.0,96.0483038653,81.4695434571,-1.0,-1.0,12787.08585
2718.0,791.0,811.0,-1.0,-1.0,1.0,411.0,48884.1992188,1.0,1.0,502.0,118.939657467,97.378882906,-1.0,-1.0,7554.123603
2719.0,792.0,793.0,-1.0,-1.0,1.0,165.0,18828.4277344,1.0,1.0,188.0,114.111683239,100.151211353,-1.0,-1.0,9624.800474
2720.0,792.0,797.0,-1.0,-1.0,1.0,729.0,60035.46875,1.0,1.0,933.0,82.353180727,64.3466974812,-1.0,-1.0,12862.7902
2721.0,792.0,805.0,-1.0,-1.0,1.0,279.0,31112.6992188,1.0,1.0,311.0,111.515050963,100.040833501,-1.0,-1.0,10382.6582
2722.0,792.0,840.0,-1.0,-1.0,1.0,724.0,82426.40625,1.0,1.0,824.0,113.848627417,100.03204642,-1.0,-1.0,8699.370325
2723.0,793.0,794.0,-1.0,-1.0,1.0,17.0,3428.35571289,1.0,1.0,48.0,201.667983111,71.4240773519,-1.0,-1.0,6052.041584
2724.0,793.0,805.0,-1.0,-1.0,1.0,193.0,22828.4277344,1.0,1.0,228.0,118.282008987,100.124683046,-1.0,-1.0,7881.778208
2725.0,794.0,799.0,-1.0,-1.0,1.0,259.0,28256.7832031,1.0,1.0,296.0,109.099549047,95.4621054159,-1.0,-1.0,12214.08804
2726.0,794.0,805.0,-1.0,-1.0,1.0,193.0,21656.8535156,1.0,1.0,216.0,112.211676247,100.26321072,-1.0,-1.0,8635.778185
2727.0,795.0,801.0,-1.0,-1.0,1.0,108.0,12485.28125,1.0,1.0,124.0,115.604456019,100.687752016,-1.0,-1.0,5658.828399
2728.0,795.0,803.0,-1.0,-1.0,1.0,161.0,16742.0644531,1.0,1.0,181.0,103.98797797,92.4975936635,-1.0,-1.0,2796.342302
2729.0,796.0,804.0,-1.0,-1.0,1.0,2.0,9010.0,1.0,1.0,20.0,4505.0,450.5,-1.0,-1.0,18492.28962
2730.0,797.0,800.0,-1.0,-1.0,-15.0,682.0,87496.2578125,0.0,1.0,953.0,128.293633156,91.8113932975,-1.0,-1.0,-1.0
2731.0,797.0,812.0,-1.0,-1.0,1.0,457.0,76769.5546875,1.0,1.0,607.0,167.985896472,126.473730951,-1.0,-1.0,7859.998192
2732.0,797.0,823.0,-1.0,-1.0,-15.0,640.0,89044.828125,0.0,1.0,862.0,139.132543945,103.300264646,-1.0,-1.0,-1.0
2733.0,797.0,840.0,-1.0,-1.0,1.0,1218.0,103108.539063,1.0,1.0,1847.0,84.6539729581,55.8248722593,-1.0,-1.0,12667.5844
2734.0,799.0,803.0,-1.0,-1.0,1.0,393.0,55906.7109375,1.0,0.0,476.0,142.256261927,117.451073398,-1.0,-1.0,3810.765101
2735.0,799.0,805.0,-1.0,-1.0,1.0,404.0,44627.4179688,1.0,1.0,446.0,110.463905863,100.061475266,-1.0,-1.0,4344.911752
2736.0,799.0,806.0,-1.0,-1.0,1.0,177.0,34553.5664063,1.0,1.0,253.0,195.217889301,136.57536129,-1.0,-1.0,5217.735944
2737.0,799.0,852.0,-1.0,-1.0,1.0,452.0,61597.9804688,0.0,1.0,615.0,136.278717851,100.159317835,-1.0,-1.0,8434.31342
2738.0,800.0,809.0,-1.0,-1.0,1.0,334.0,33685.703125,1.0,1.0,394.0,100.855398578,85.4967084391,-1.0,-1.0,12713.35068
2739.0,800.0,812.0,-1.0,-1.0,1.0,486.0,49854.7617188,0.0,1.0,512.0,102.581814236,97.372581482,-1.0,-1.0,9723.892803
2740.0,800.0,813.0,-1.0,-1.0,1.0,398.0,38569.3398438,1.0,0.0,427.0,96.9078890548,90.3263228192,-1.0,-1.0,12723.19737
2741.0,800.0,816.0,-1.0,-1.0,1.0,301.0,32998.8476563,1.0,1.0,357.0,109.630723111,92.4337469364,-1.0,-1.0,7936.095827
2742.0,801.0,803.0,-1.0,-1.0,1.0,53.0,7010.0,1.0,1.0,80.0,132.264150943,87.625,-1.0,-1.0,4997.332189
2743.0,801.0,807.0,-1.0,-1.0,1.0,165.0,18970.5625,1.0,1.0,189.0,114.973106061,100.373346561,-1.0,-1.0,2386.986713
2744.0,801.0,819.0,-1.0,-1.0,1.0,476.0,49969.4101563,1.0,1.0,527.0,104.977752429,94.8186150973,-1.0,-1.0,4769.951203
2745.0,801.0,853.0,-1.0,-1.0,1.0,917.0,99969.40625,1.0,1.0,1027.0,109.017891221,97.3411940117,-1.0,-1.0,5769.358183
2746.0,802.0,810.0,-1.0,-1.0,1.0,624.0,59108.2421875,1.0,1.0,882.0,94.7247470954,67.0161476049,-1.0,-1.0,1579.725946
2747.0,802.0,882.0,-1.0,-1.0,1.0,1474.0,334129.4375,1.0,1.0,3159.0,226.682114993,105.770635486,-1.0,-1.0,1323.999592
2748.0,802.0,907.0,-1.0,-1.0,1.0,3029.0,1237239.25,1.0,0.0,6750.0,408.464592275,183.294703704,-1.0,-1.0,1043.563645
2749.0,803.0,806.0,-1.0,-1.0,1.0,265.0,27913.6367188,1.0,1.0,293.0,105.334478184,95.2683847058,-1.0,-1.0,2994.91864
2750.0,803.0,807.0,-1.0,-1.0,1.0,95.0,12256.7832031,1.0,1.0,136.0,129.018770559,90.1234059051,-1.0,-1.0,5475.487579
2751.0,804.0,808.0,-1.0,-1.0,1.0,11.0,18000.0,1.0,1.0,20.0,1636.36363636,900.0,-1.0,-1.0,6180.959795
2752.0,804.0,814.0,-1.0,-1.0,1.0,206.0,81313.7109375,0.0,1.0,473.0,394.726752124,171.910593948,-1.0,-1.0,3511.827105
2753.0,804.0,816.0,-1.0,-1.0,1.0,493.0,84000.0,1.0,1.0,520.0,170.385395538,161.538461538,-1.0,-1.0,13102.21729
2754.0,804.0,820.0,-1.0,-1.0,1.0,383.0,68142.1328125,0.0,1.0,521.0,177.916795855,130.791041867,-1.0,-1.0,3866.519273
2755.0,804.0,826.0,-1.0,-1.0,-15.0,762.0,106614.773438,0.0,1.0,1114.0,139.914400837,95.7044644865,-1.0,-1.0,-1.0
2756.0,804.0,827.0,-1.0,-1.0,1.0,491.0,66000.0,1.0,0.0,500.0,134.419551935,132.0,-1.0,-1.0,10803.30896
2757.0,804.0,844.0,-1.0,-1.0,1.0,698.0,83805.140625,0.0,1.0,824.0,120.064671383,101.705267749,-1.0,-1.0,20519.52878
2758.0,805.0,806.0,-1.0,-1.0,1.0,483.0,66828.4296875,1.0,0.0,508.0,138.361138069,131.552026944,-1.0,-1.0,5353.250311
2759.0,805.0,840.0,-1.0,-1.0,1.0,455.0,51313.7070313,1.0,1.0,513.0,112.777378091,100.026719359,-1.0,-1.0,9942.804916
2760.0,805.0,852.0,-1.0,-1.0,1.0,446.0,48083.2617188,1.0,1.0,480.0,107.810003854,100.173461914,-1.0,-1.0,11169.07015
2761.0,806.0,807.0,-1.0,-1.0,1.0,196.0,20828.4277344,1.0,1.0,208.0,106.267488441,100.1366718,-1.0,-1.0,2921.003686
2762.0,806.0,819.0,-1.0,-1.0,1.0,291.0,33827.2734375,1.0,1.0,366.0,116.244925902,92.4242443648,-1.0,-1.0,5597.01978
2763.0,806.0,822.0,-1.0,-1.0,1.0,300.0,32485.28125,1.0,1.0,324.0,108.284270833,100.263213735,-1.0,-1.0,6747.979899
2764.0,806.0,852.0,-1.0,-1.0,1.0,291.0,52970.5625,1.0,1.0,369.0,182.029424399,143.551659892,-1.0,-1.0,7923.598894
2765.0,807.0,819.0,-1.0,-1.0,1.0,295.0,31341.9921875,1.0,1.0,341.0,106.244041314,91.9120005499,-1.0,-1.0,6623.682628
2766.0,808.0,814.0,-1.0,-1.0,1.0,118.0,90000.0,1.0,1.0,260.0,762.711864407,346.153846154,-1.0,-1.0,3173.332258
2767.0,808.0,816.0,-1.0,-1.0,-15.0,505.0,114060.0,1.0,0.0,640.0,225.861386139,178.21875,-1.0,-1.0,-1.0
2768.0,808.0,820.0,-1.0,-1.0,1.0,303.0,71313.7109375,0.0,1.0,393.0,235.358781972,181.459824268,-1.0,-1.0,2771.92537
2769.0,808.0,821.0,-1.0,-1.0,1.0,373.0,76284.2734375,1.0,0.0,442.0,204.515478385,172.588853931,-1.0,-1.0,1982.066638
2770.0,808.0,827.0,-1.0,-1.0,1.0,497.0,83010.0,1.0,0.0,520.0,167.022132797,159.634615385,-1.0,-1.0,7851.911166
2771.0,809.0,812.0,-1.0,-1.0,-15.0,179.0,20000.0,0.0,1.0,200.0,111.731843575,100.0,-1.0,-1.0,-1.0
2772.0,809.0,813.0,-1.0,-1.0,1.0,56.0,8000.0,1.0,1.0,80.0,142.857142857,100.0,-1.0,-1.0,10080.03944
2773.0,809.0,816.0,-1.0,-1.0,1.0,448.0,46828.4257813,1.0,1.0,468.0,104.527736119,100.060738849,-1.0,-1.0,12477.77972
2774.0,809.0,818.0,-1.0,-1.0,1.0,106.0,13313.7089844,1.0,1.0,133.0,125.601028155,100.103075071,-1.0,-1.0,11248.34913
2775.0,809.0,824.0,-1.0,-1.0,1.0,78.0,9085.20996094,1.0,1.0,104.0,116.477050781,87.357788086,-1.0,-1.0,21938.88288
2776.0,810.0,862.0,-1.0,-1.0,-15.0,4205.0,6389982.5,1.0,0.0,37231.0,1519.61533888,171.630697537,-1.0,-1.0,-1.0
2777.0,810.0,882.0,-1.0,-1.0,1.0,1415.0,275464.03125,1.0,1.0,2720.0,194.674227032,101.273540901,-1.0,-1.0,1581.435805
2778.0,811.0,831.0,-1.0,-1.0,1.0,2121.0,154970.109375,0.0,1.0,4513.0,73.0646437412,34.3386016785,-1.0,-1.0,1921.322497
2779.0,811.0,835.0,-1.0,-1.0,1.0,1997.0,155985.171875,1.0,0.0,4297.0,78.1097505633,36.3009476088,-1.0,-1.0,2013.093966
2780.0,811.0,892.0,-1.0,-1.0,-15.0,2347.0,300953.4375,1.0,0.0,4682.0,128.228989135,64.2788204827,-1.0,-1.0,-1.0
2781.0,811.0,909.0,-1.0,-1.0,1.0,2444.0,237076.734375,1.0,0.0,3976.0,97.0035738032,59.6269452653,-1.0,-1.0,4699.740448
2782.0,811.0,925.0,-1.0,-1.0,1.0,3151.0,276292.125,1.0,0.0,5251.0,87.6839495398,52.6170491335,-1.0,-1.0,6613.930115
2783.0,811.0,970.0,-1.0,-1.0,1.0,6602.0,430079.90625,1.0,0.0,11056.0,65.1438815889,38.9001362382,-1.0,-1.0,7845.224364
2784.0,812.0,813.0,-1.0,-1.0,1.0,106.0,12000.0,1.0,1.0,120.0,113.20754717,100.0,-1.0,-1.0,3557.293096
2785.0,812.0,817.0,-1.0,-1.0,1.0,41.0,5656.85449219,1.0,1.0,56.0,137.972060785,101.015258789,-1.0,-1.0,12245.84113
2786.0,812.0,823.0,-1.0,-1.0,-15.0,166.0,17055.4160156,1.0,1.0,254.0,102.743469973,67.147307148,-1.0,-1.0,-1.0
2787.0,812.0,824.0,-1.0,-1.0,1.0,106.0,12485.28125,0.0,1.0,124.0,117.78567217,100.687752016,-1.0,-1.0,13491.71795
2788.0,812.0,840.0,-1.0,-1.0,1.0,1306.0,137133.546875,1.0,0.0,1722.0,105.002715831,79.636206083,-1.0,-1.0,9807.422709
2789.0,813.0,817.0,-1.0,-1.0,1.0,54.0,9656.85449219,1.0,1.0,96.0,178.830638744,100.592234294,-1.0,-1.0,5418.858469
2790.0,813.0,824.0,-1.0,-1.0,1.0,31.0,4000.0,1.0,1.0,40.0,129.032258065,100.0,-1.0,-1.0,34036.42495
2791.0,814.0,816.0,-1.0,-1.0,1.0,568.0,130561.054688,1.0,0.0,679.0,229.861011775,192.284322074,-1.0,-1.0,7259.305419
2792.0,814.0,820.0,-1.0,-1.0,1.0,173.0,55313.7070313,1.0,1.0,233.0,319.732410586,237.397884255,-1.0,-1.0,3035.74651
2793.0,814.0,821.0,-1.0,-1.0,1.0,266.0,62627.4179688,1.0,0.0,306.0,235.441420935,204.664764604,-1.0,-1.0,4863.121793
2794.0,814.0,825.0,-1.0,-1.0,1.0,157.0,105000.0,1.0,0.0,300.0,668.789808917,350.0,-1.0,-1.0,5800.406413
2795.0,815.0,816.0,-1.0,-1.0,1.0,23.0,2438.35571289,1.0,1.0,48.0,106.015465778,50.7990773519,-1.0,-1.0,28861.2125
2796.0,815.0,826.0,-1.0,-1.0,1.0,158.0,19913.6367188,1.0,1.0,213.0,126.035675435,93.4912522009,-1.0,-1.0,27985.60808
2797.0,816.0,818.0,-1.0,-1.0,1.0,409.0,45313.7070313,1.0,1.0,453.0,110.791459734,100.030258347,-1.0,-1.0,14722.24635
2798.0,816.0,825.0,-1.0,-1.0,1.0,624.0,182259.53125,1.0,0.0,889.0,292.082582131,205.016345613,-1.0,-1.0,2454.245798
2799.0,816.0,826.0,-1.0,-1.0,1.0,157.0,19085.2089844,1.0,1.0,204.0,121.561840665,93.554946002,-1.0,-1.0,32588.38185
2800.0,816.0,847.0,-1.0,-1.0,-15.0,632.0,76362.7578125,1.0,0.0,940.0,120.827148438,81.2369763963,-1.0,-1.0,-1.0
2801.0,817.0,823.0,-1.0,-1.0,-15.0,123.0,11398.5615234,1.0,1.0,197.0,92.6712318976,57.8607183929,-1.0,-1.0,-1.0
2802.0,817.0,824.0,-1.0,-1.0,1.0,45.0,6828.42724609,1.0,1.0,68.0,151.742827691,100.418047737,-1.0,-1.0,15482.24047
2803.0,818.0,824.0,-1.0,-1.0,1.0,108.0,12000.0,1.0,1.0,120.0,111.111111111,100.0,-1.0,-1.0,8914.316427
2804.0,818.0,826.0,-1.0,-1.0,1.0,458.0,49913.6367188,1.0,1.0,513.0,108.981739561,97.2975374635,-1.0,-1.0,4207.339865
2805.0,818.0,837.0,-1.0,-1.0,1.0,113.0,14000.0,1.0,1.0,140.0,123.89380531,100.0,-1.0,-1.0,17124.98205
2806.0,819.0,822.0,-1.0,-1.0,1.0,35.0,4000.0,1.0,1.0,40.0,114.285714286,100.0,-1.0,-1.0,8813.712302
2807.0,819.0,848.0,-1.0,-1.0,1.0,296.0,33570.4921875,1.0,1.0,349.0,113.413824958,96.1905220272,-1.0,-1.0,8826.999788
2808.0,819.0,853.0,-1.0,-1.0,-15.0,469.0,49722.1171875,1.0,1.0,760.0,106.017307436,65.4238384046,-1.0,-1.0,-1.0
2809.0,820.0,821.0,-1.0,-1.0,-15.0,65.0,8160.0,1.0,1.0,240.0,125.538461538,34.0,-1.0,-1.0,-1.0
2810.0,820.0,825.0,-1.0,-1.0,-15.0,107.0,54508.3554688,1.0,1.0,208.0,509.423882886,262.059401292,-1.0,-1.0,-1.0
2811.0,820.0,827.0,-1.0,-1.0,-15.0,413.0,23528.7050781,0.0,1.0,617.0,56.9702302133,38.1340438867,-1.0,-1.0,-1.0
2812.0,820.0,830.0,-1.0,-1.0,1.0,23.0,3010.0,1.0,1.0,40.0,130.869565217,75.25,-1.0,-1.0,12008.30189
2813.0,820.0,844.0,-1.0,-1.0,1.0,439.0,105604.125,0.0,1.0,882.0,240.556093394,119.732568027,-1.0,-1.0,15115.28259
2814.0,821.0,827.0,-1.0,-1.0,1.0,110.0,14142.1357422,1.0,1.0,141.0,128.564870384,100.298835051,-1.0,-1.0,43271.80727
2815.0,821.0,830.0,-1.0,-1.0,1.0,18.0,3010.0,1.0,1.0,40.0,167.222222222,75.25,-1.0,-1.0,38452.20501
2816.0,822.0,832.0,-1.0,-1.0,-15.0,268.0,42574.7734375,1.0,1.0,594.0,158.861094916,71.6747027567,-1.0,-1.0,-1.0
2817.0,822.0,848.0,-1.0,-1.0,1.0,249.0,29085.2089844,1.0,1.0,304.0,116.80806821,95.6750295539,-1.0,-1.0,9167.707452
2818.0,822.0,852.0,-1.0,-1.0,1.0,176.0,37428.3554688,1.0,1.0,228.0,212.661110618,164.159453811,-1.0,-1.0,6525.788119
2819.0,823.0,824.0,-1.0,-1.0,1.0,34.0,4000.0,1.0,1.0,40.0,117.647058824,100.0,-1.0,-1.0,32261.47305
2820.0,823.0,834.0,-1.0,-1.0,-15.0,151.0,17343.3515625,1.0,1.0,273.0,114.856632864,63.5287603022,-1.0,-1.0,-1.0
2821.0,823.0,840.0,-1.0,-1.0,1.0,1314.0,125818.46875,1.0,1.0,1537.0,95.7522593227,81.8597714704,-1.0,-1.0,9255.528119
2822.0,823.0,846.0,-1.0,-1.0,1.0,304.0,35313.7070313,1.0,0.0,353.0,116.163509971,100.038830117,-1.0,-1.0,11599.00526
2823.0,823.0,858.0,-1.0,-1.0,1.0,475.0,54970.5625,1.0,0.0,549.0,115.7275,100.128529144,-1.0,-1.0,14075.09055
2824.0,823.0,867.0,-1.0,-1.0,-15.0,752.0,104397.34375,0.0,1.0,906.0,138.826254987,115.228856236,-1.0,-1.0,-1.0
2825.0,823.0,870.0,-1.0,-1.0,-15.0,761.0,113907.835938,1.0,1.0,955.0,149.681781784,119.275220877,-1.0,-1.0,-1.0
2826.0,824.0,829.0,-1.0,-1.0,1.0,67.0,8485.28125,1.0,1.0,84.0,126.645988806,101.015252976,-1.0,-1.0,23340.75084
2827.0,824.0,834.0,-1.0,-1.0,1.0,104.0,12000.0,1.0,1.0,120.0,115.384615385,100.0,-1.0,-1.0,23354.03618
2828.0,824.0,837.0,-1.0,-1.0,1.0,137.0,15341.9931641,1.0,1.0,181.0,111.985351563,84.7623931718,-1.0,-1.0,12830.19347
2829.0,825.0,830.0,-1.0,-1.0,1.0,51.0,50428.3554688,1.0,1.0,88.0,988.791283702,573.049493964,-1.0,-1.0,14449.18992
2830.0,825.0,844.0,-1.0,-1.0,1.0,313.0,121223.492188,1.0,1.0,433.0,387.295502198,279.961875723,-1.0,-1.0,7893.541839
2831.0,825.0,847.0,-1.0,-1.0,1.0,400.0,126545.484375,1.0,0.0,494.0,316.363710938,256.164948128,-1.0,-1.0,10906.61684
2832.0,826.0,837.0,-1.0,-1.0,1.0,454.0,47685.1367188,1.0,1.0,504.0,105.03334079,94.6133665056,-1.0,-1.0,6951.881417
2833.0,826.0,838.0,-1.0,-1.0,1.0,101.0,12256.7832031,1.0,1.0,136.0,121.35428914,90.1234059051,-1.0,-1.0,29302.2434
2834.0,826.0,844.0,-1.0,-1.0,-15.0,555.0,64725.90625,0.0,1.0,844.0,116.623254505,76.6894623815,-1.0,-1.0,-1.0
2835.0,826.0,845.0,-1.0,-1.0,1.0,309.0,46398.9179688,1.0,0.0,477.0,150.158310579,97.2723647145,-1.0,-1.0,16130.35369
2836.0,826.0,847.0,-1.0,-1.0,-15.0,451.0,57257.5507813,1.0,0.0,715.0,126.956875347,80.0804906032,-1.0,-1.0,-1.0
2837.0,826.0,859.0,-1.0,-1.0,1.0,395.0,43484.1289063,1.0,1.0,462.0,110.086402294,94.1214911392,-1.0,-1.0,14654.8227
2838.0,827.0,830.0,-1.0,-1.0,-15.0,137.0,18210.4199219,1.0,1.0,249.0,132.922773153,73.1342165538,-1.0,-1.0,-1.0
2839.0,827.0,844.0,-1.0,-1.0,-15.0,851.0,126944.335938,0.0,1.0,1532.0,149.170782536,82.8618380796,-1.0,-1.0,-1.0
2840.0,827.0,863.0,-1.0,-1.0,-15.0,938.0,135751.25,0.0,1.0,1698.0,144.724147122,79.9477326266,-1.0,-1.0,-1.0
2841.0,827.0,865.0,-1.0,-1.0,1.0,98.0,64020.0,1.0,1.0,120.0,653.265306122,533.5,-1.0,-1.0,76488.82373
2842.0,827.0,874.0,-1.0,-1.0,1.0,936.0,173740.109375,0.0,1.0,1197.0,185.619774973,145.146290205,-1.0,-1.0,10832.12101
2843.0,829.0,834.0,-1.0,-1.0,1.0,63.0,8485.28125,1.0,1.0,84.0,134.687003968,101.015252976,-1.0,-1.0,10859.64153
2844.0,829.0,837.0,-1.0,-1.0,1.0,64.0,8828.42675781,1.0,1.0,88.0,137.944168091,100.323031339,-1.0,-1.0,4232.307586
2845.0,829.0,841.0,-1.0,-1.0,1.0,64.0,8828.42675781,1.0,1.0,88.0,137.944168091,100.323031339,-1.0,-1.0,13218.95505
2846.0,830.0,844.0,-1.0,-1.0,1.0,314.0,106775.703125,1.0,1.0,894.0,340.050009952,119.435909536,-1.0,-1.0,15110.94345
2847.0,830.0,865.0,-1.0,-1.0,-15.0,281.0,83166.9140625,1.0,0.0,726.0,295.967665703,114.554978048,-1.0,-1.0,-1.0
2848.0,830.0,874.0,-1.0,-1.0,-15.0,739.0,185808.40625,1.0,0.0,1385.0,251.432214141,134.157694043,-1.0,-1.0,-1.0
2849.0,831.0,835.0,-1.0,-1.0,1.0,34.0,4828.42724609,1.0,1.0,48.0,142.012566061,100.592234294,-1.0,-1.0,7311.91514
2850.0,831.0,880.0,-1.0,-1.0,1.0,754.0,104687.3125,1.0,1.0,1092.0,138.842589523,95.8675022894,-1.0,-1.0,4073.924269
2851.0,831.0,884.0,-1.0,-1.0,1.0,760.0,130321.53125,0.0,1.0,1282.0,171.475699013,101.654860569,-1.0,-1.0,5165.536397
2852.0,831.0,909.0,-1.0,-1.0,1.0,1692.0,141574.640625,0.0,1.0,3594.0,83.6729554521,39.3919422997,-1.0,-1.0,8881.928993
2853.0,831.0,924.0,-1.0,-1.0,-15.0,2707.0,174909.265625,0.0,1.0,5018.0,64.6136925102,34.8563701923,-1.0,-1.0,-1.0
2854.0,832.0,848.0,-1.0,-1.0,-15.0,175.0,33559.9179688,1.0,1.0,489.0,191.770959822,68.6296890978,-1.0,-1.0,-1.0
2855.0,832.0,850.0,-1.0,-1.0,-15.0,180.0,10501.6357422,1.0,1.0,361.0,58.34242079,29.090403718,-1.0,-1.0,-1.0
2856.0,832.0,852.0,-1.0,-1.0,1.0,42.0,4856.71142578,1.0,1.0,76.0,115.635986328,63.9040977076,-1.0,-1.0,1467.999994
2857.0,834.0,841.0,-1.0,-1.0,1.0,20.0,4828.42724609,1.0,1.0,48.0,241.421362305,100.592234294,-1.0,-1.0,7553.4259
2858.0,834.0,846.0,-1.0,-1.0,1.0,169.0,19313.7089844,1.0,1.0,193.0,114.282301683,100.071031007,-1.0,-1.0,13351.7793
2859.0,834.0,849.0,-1.0,-1.0,1.0,146.0,17656.8535156,1.0,1.0,176.0,120.937352847,100.323031339,-1.0,-1.0,15084.61164
2860.0,834.0,867.0,-1.0,-1.0,-15.0,631.0,88397.34375,0.0,1.0,746.0,140.090877575,118.495098861,-1.0,-1.0,-1.0
2861.0,835.0,880.0,-1.0,-1.0,-15.0,751.0,113544.023438,1.0,0.0,1209.0,151.190443992,93.9156521406,-1.0,-1.0,-1.0
2862.0,835.0,884.0,-1.0,-1.0,-15.0,737.0,139178.25,1.0,1.0,1398.0,188.844301221,99.5552575107,-1.0,-1.0,-1.0
2863.0,835.0,887.0,-1.0,-1.0,-15.0,1005.0,168536.59375,1.0,0.0,1816.0,167.698103234,92.8064943557,-1.0,-1.0,-1.0
2864.0,835.0,892.0,-1.0,-1.0,-15.0,1070.0,182116.71875,1.0,0.0,2046.0,170.202540888,89.0111039834,-1.0,-1.0,-1.0
2865.0,836.0,839.0,-1.0,-1.0,1.0,620.0,757.989929199,1.0,1.0,757.0,1.22256440193,1.00130770039,-1.0,-1.0,3159.049534
2866.0,836.0,851.0,-1.0,-1.0,1.0,186.0,228.28427124,1.0,1.0,228.0,1.22733479161,1.00124680368,-1.0,-1.0,24329.64441
2867.0,836.0,854.0,-1.0,-1.0,1.0,553.0,657.989929199,1.0,1.0,657.0,1.18985520651,1.00150674155,-1.0,-1.0,3693.248093
2868.0,836.0,862.0,-1.0,-1.0,1.0,781.0,29257.0273438,1.0,0.0,1116.0,37.4609825145,26.2159743224,-1.0,-1.0,47230.36048
2869.0,836.0,865.0,-1.0,-1.0,1.0,9.0,484.852813721,1.0,1.0,484.0,53.8725348579,1.00176201182,-1.0,-1.0,29820.85859
2870.0,837.0,841.0,-1.0,-1.0,1.0,56.0,7085.20996094,1.0,1.0,84.0,126.521606445,84.3477376302,-1.0,-1.0,17905.8248
2871.0,837.0,859.0,-1.0,-1.0,1.0,318.0,33969.4101563,1.0,1.0,367.0,106.822044517,92.5597006984,-1.0,-1.0,15333.37374
2872.0,838.0,844.0,-1.0,-1.0,-15.0,474.0,59297.5507813,0.0,1.0,775.0,125.100318104,76.5129687501,-1.0,-1.0,-1.0
2873.0,838.0,845.0,-1.0,-1.0,1.0,199.0,40970.5625,1.0,1.0,409.0,205.882223618,100.17252445,-1.0,-1.0,9998.178607
2874.0,838.0,847.0,-1.0,-1.0,-15.0,359.0,51829.1953125,0.0,1.0,647.0,144.371017584,80.1069479328,-1.0,-1.0,-1.0
2875.0,838.0,859.0,-1.0,-1.0,1.0,315.0,38055.7734375,1.0,1.0,394.0,120.811979167,96.5882574556,-1.0,-1.0,8788.383432
2876.0,838.0,863.0,-1.0,-1.0,1.0,289.0,48284.2695313,1.0,0.0,482.0,167.073596994,100.174833052,-1.0,-1.0,13600.37054
2877.0,839.0,843.0,-1.0,-1.0,1.0,63.0,80.0,1.0,1.0,80.0,1.26984126984,1.0,-1.0,-1.0,2807.174799
2878.0,839.0,854.0,-1.0,-1.0,1.0,87.0,124.852813721,1.0,1.0,124.0,1.43508981289,1.00687753001,-1.0,-1.0,1575.852847
2879.0,839.0,862.0,-1.0,-1.0,-15.0,77.0,28845.0664063,1.0,1.0,704.0,374.61125203,40.9731056908,-1.0,-1.0,-1.0
2880.0,840.0,852.0,-1.0,-1.0,1.0,50.0,5685.13867188,1.0,1.0,84.0,113.702773438,67.6802222843,-1.0,-1.0,28299.49684
2881.0,840.0,870.0,-1.0,-1.0,1.0,1120.0,73956.6796875,1.0,1.0,1235.0,66.032749721,59.883951164,-1.0,-1.0,13774.19529
2882.0,840.0,878.0,-1.0,-1.0,1.0,1170.0,141799.75,1.0,0.0,1648.0,121.196367521,86.0435376214,-1.0,-1.0,10370.92653
2883.0,840.0,881.0,-1.0,-1.0,1.0,1439.0,141297.734375,0.0,1.0,1796.0,98.191615271,78.6735714783,-1.0,-1.0,11499.791
2884.0,841.0,849.0,-1.0,-1.0,1.0,77.0,9656.85449219,1.0,1.0,96.0,125.413694704,100.592234294,-1.0,-1.0,25239.02999
2885.0,841.0,859.0,-1.0,-1.0,1.0,327.0,34284.2695313,1.0,1.0,342.0,104.844860952,100.246402138,-1.0,-1.0,12449.93217
2886.0,843.0,854.0,-1.0,-1.0,1.0,11.0,28.2842712402,1.0,1.0,28.0,2.57129738547,1.01015254429,-1.0,-1.0,3102.709856
2887.0,843.0,855.0,-1.0,-1.0,1.0,125.0,140.0,1.0,1.0,140.0,1.12,1.0,-1.0,-1.0,3742.924393
2888.0,843.0,862.0,-1.0,-1.0,-15.0,95.0,28745.0664063,1.0,1.0,604.0,302.579646382,47.5911695469,-1.0,-1.0,-1.0
2889.0,844.0,847.0,-1.0,-1.0,1.0,68.0,7428.35546875,1.0,1.0,88.0,109.240521599,84.4131303267,-1.0,-1.0,58943.5146
2890.0,844.0,863.0,-1.0,-1.0,-15.0,104.0,10325.0673828,1.0,1.0,184.0,99.2794940654,56.1144966457,-1.0,-1.0,-1.0
2891.0,844.0,874.0,-1.0,-1.0,-15.0,639.0,127664.367188,1.0,0.0,938.0,199.787742078,136.102736874,-1.0,-1.0,-1.0
2892.0,845.0,847.0,-1.0,-1.0,-15.0,159.0,12001.9208984,1.0,1.0,221.0,75.4837792352,54.3073343819,-1.0,-1.0,-1.0
2893.0,845.0,859.0,-1.0,-1.0,1.0,400.0,47227.34375,1.0,1.0,486.0,118.068359375,97.1756044239,-1.0,-1.0,5003.544267
2894.0,845.0,863.0,-1.0,-1.0,1.0,64.0,8485.28125,1.0,1.0,84.0,132.582519531,101.015252976,-1.0,-1.0,30881.10173
2895.0,846.0,849.0,-1.0,-1.0,1.0,98.0,11656.8544922,1.0,1.0,116.0,118.947494818,100.490124933,-1.0,-1.0,3282.872346
2896.0,846.0,858.0,-1.0,-1.0,1.0,154.0,16828.4277344,1.0,1.0,168.0,109.275504769,100.169212705,-1.0,-1.0,23411.05112
2897.0,846.0,867.0,-1.0,-1.0,-15.0,435.0,66255.2109375,0.0,1.0,524.0,152.310829741,126.441242247,-1.0,-1.0,-1.0
2898.0,847.0,863.0,-1.0,-1.0,1.0,23.0,2856.71142578,1.0,1.0,56.0,124.204844599,51.0127040318,-1.0,-1.0,70556.15459
2899.0,848.0,850.0,-1.0,-1.0,1.0,56.0,22020.0,1.0,1.0,80.0,393.214285714,275.25,-1.0,-1.0,6449.639925
2900.0,848.0,853.0,-1.0,-1.0,1.0,221.0,16055.0585938,1.0,1.0,314.0,72.6473239538,51.1307598529,-1.0,-1.0,5480.719902
2901.0,848.0,856.0,-1.0,-1.0,-15.0,158.0,33058.2851563,1.0,1.0,228.0,209.229652888,144.992478756,-1.0,-1.0,-1.0
2902.0,848.0,928.0,-1.0,-1.0,1.0,2792.0,263246.625,0.0,1.0,3430.0,94.2860404728,76.748287172,-1.0,-1.0,11988.15777
2903.0,849.0,857.0,-1.0,-1.0,1.0,198.0,21010.0,1.0,1.0,220.0,106.111111111,95.5,-1.0,-1.0,18849.97118
2904.0,849.0,858.0,-1.0,-1.0,1.0,194.0,19798.9902344,1.0,1.0,197.0,102.056650693,100.502488499,-1.0,-1.0,19272.93511
2905.0,849.0,859.0,-1.0,-1.0,1.0,312.0,34142.1367188,1.0,1.0,341.0,109.429925381,100.12356809,-1.0,-1.0,7195.976185
2906.0,850.0,852.0,-1.0,-1.0,1.0,38.0,5428.35546875,1.0,1.0,68.0,142.851459704,79.8287568934,-1.0,-1.0,16594.92383
2907.0,850.0,856.0,-1.0,-1.0,1.0,104.0,11010.0,1.0,1.0,120.0,105.865384615,91.75,-1.0,-1.0,14758.58451
2908.0,851.0,854.0,-1.0,-1.0,1.0,506.0,548.284301758,1.0,1.0,548.0,1.08356581375,1.00051879883,-1.0,-1.0,14143.93489
2909.0,851.0,865.0,-1.0,-1.0,1.0,111.0,236.56854248,1.0,1.0,236.0,2.13124813045,1.00240907831,-1.0,-1.0,38445.85237
2910.0,852.0,856.0,-1.0,-1.0,1.0,90.0,9913.63671875,1.0,1.0,113.0,110.151519097,87.731298396,-1.0,-1.0,23245.47583
2911.0,852.0,878.0,-1.0,-1.0,-15.0,1223.0,147553.171875,1.0,0.0,1801.0,120.648546096,81.9284685591,-1.0,-1.0,-1.0
2912.0,852.0,881.0,-1.0,-1.0,-15.0,1494.0,147051.15625,0.0,1.0,1949.0,98.4278154284,75.4495414315,-1.0,-1.0,-1.0
2913.0,853.0,856.0,-1.0,-1.0,1.0,310.0,35386.78125,1.0,0.0,336.0,114.150907258,105.317801339,-1.0,-1.0,4659.494179
2914.0,853.0,928.0,-1.0,-1.0,1.0,2680.0,263705.125,1.0,0.0,3308.0,98.3974347015,79.7173896614,-1.0,-1.0,11727.38082
2915.0,854.0,855.0,-1.0,-1.0,1.0,21.0,48.2842712402,1.0,1.0,48.0,2.29925101144,1.0059223175,-1.0,-1.0,10865.6873
2916.0,854.0,862.0,-1.0,-1.0,1.0,146.0,28578.2050781,1.0,0.0,437.0,195.741130672,65.3963502931,-1.0,-1.0,48293.32982
2917.0,854.0,865.0,-1.0,-1.0,1.0,324.0,379.411254883,1.0,1.0,379.0,1.17102239161,1.00108510523,-1.0,-1.0,43459.51768
2918.0,855.0,862.0,-1.0,-1.0,1.0,206.0,28525.0664063,1.0,1.0,384.0,138.471196147,74.2840270997,-1.0,-1.0,48367.35864
2919.0,855.0,865.0,-1.0,-1.0,1.0,388.0,451.126983643,0.0,1.0,451.0,1.16269841145,1.00028156018,-1.0,-1.0,37485.47766
2920.0,856.0,878.0,-1.0,-1.0,1.0,1345.0,156095.171875,1.0,0.0,2113.0,116.05588987,73.873720717,-1.0,-1.0,8265.224434
2921.0,856.0,881.0,-1.0,-1.0,1.0,1613.0,155548.3125,0.0,1.0,2216.0,96.4341676999,70.1932818141,-1.0,-1.0,9277.701905
2922.0,856.0,928.0,-1.0,-1.0,1.0,2625.0,259501.15625,1.0,1.0,3107.0,98.8575833333,83.5214535726,-1.0,-1.0,11459.4087
2923.0,856.0,929.0,-1.0,-1.0,1.0,2670.0,262979.71875,0.0,1.0,3465.0,98.4942766854,75.8960227273,-1.0,-1.0,12405.98956
2924.0,857.0,858.0,-1.0,-1.0,1.0,169.0,18438.3554688,1.0,1.0,208.0,109.102695082,88.6459397538,-1.0,-1.0,2921.041356
2925.0,857.0,859.0,-1.0,-1.0,1.0,278.0,52055.7734375,1.0,1.0,534.0,187.250983588,97.4827217931,-1.0,-1.0,7139.565886
2926.0,857.0,861.0,-1.0,-1.0,1.0,25.0,4000.0,1.0,1.0,40.0,160.0,100.0,-1.0,-1.0,16561.82035
2927.0,857.0,864.0,-1.0,-1.0,1.0,190.0,18998.8476563,0.0,1.0,217.0,99.9939350332,87.552293347,-1.0,-1.0,8842.948312
2928.0,857.0,866.0,-1.0,-1.0,-15.0,330.0,60264.0585938,1.0,0.0,822.0,182.618359375,73.3139398951,-1.0,-1.0,-1.0
2929.0,858.0,861.0,-1.0,-1.0,1.0,195.0,21913.6367188,1.0,0.0,233.0,112.377624199,94.0499429991,-1.0,-1.0,4861.431342
2930.0,858.0,864.0,-1.0,-1.0,-15.0,100.0,10478.3554688,1.0,1.0,168.0,104.783554688,62.3711635048,-1.0,-1.0,-1.0
2931.0,858.0,867.0,-1.0,-1.0,1.0,159.0,46828.4257813,0.0,1.0,228.0,294.51840114,205.387832374,-1.0,-1.0,12600.84243
2932.0,858.0,869.0,-1.0,-1.0,1.0,31.0,5010.0,1.0,1.0,60.0,161.612903226,83.5,-1.0,-1.0,29484.36277
2933.0,858.0,870.0,-1.0,-1.0,1.0,235.0,50398.9179688,1.0,0.0,277.0,214.463480718,181.945552234,-1.0,-1.0,12620.64557
2934.0,859.0,861.0,-1.0,-1.0,-15.0,307.0,57085.7734375,0.0,1.0,614.0,185.947144748,92.9735723738,-1.0,-1.0,-1.0
2935.0,859.0,863.0,-1.0,-1.0,1.0,407.0,51227.34375,1.0,1.0,526.0,125.865709459,97.3903873574,-1.0,-1.0,9282.456124
2936.0,859.0,866.0,-1.0,-1.0,1.0,68.0,7428.35546875,1.0,1.0,88.0,109.240521599,84.4131303267,-1.0,-1.0,37591.5372
2937.0,861.0,864.0,-1.0,-1.0,1.0,166.0,17913.6367188,1.0,1.0,193.0,107.91347421,92.8167705637,-1.0,-1.0,5981.727191
2938.0,861.0,866.0,-1.0,-1.0,-15.0,326.0,65294.0585938,1.0,1.0,902.0,200.288523294,72.3880915674,-1.0,-1.0,-1.0
2939.0,861.0,868.0,-1.0,-1.0,1.0,116.0,14485.28125,1.0,1.0,144.0,124.873114224,100.592230903,-1.0,-1.0,14313.25747
2940.0,862.0,865.0,-1.0,-1.0,1.0,462.0,28665.0664063,1.0,1.0,524.0,62.045598282,54.7043252029,-1.0,-1.0,48669.26567
2941.0,862.0,874.0,-1.0,-1.0,1.0,1584.0,222977.875,0.0,1.0,1965.0,140.76886048,113.474745547,-1.0,-1.0,19288.81646
2942.0,862.0,882.0,-1.0,-1.0,-15.0,4878.0,6137741.5,1.0,0.0,34445.0,1258.24959,178.189621135,-1.0,-1.0,-1.0
2943.0,862.0,912.0,-1.0,-1.0,1.0,1683.0,263302.8125,1.0,0.0,2443.0,156.448492276,107.778474212,-1.0,-1.0,30940.5585
2944.0,862.0,914.0,-1.0,-1.0,1.0,1780.0,261302.8125,1.0,1.0,2423.0,146.799332865,107.84267953,-1.0,-1.0,31595.49004
2945.0,862.0,950.0,-1.0,-1.0,-15.0,7244.0,5520600.5,1.0,0.0,29818.0,762.09283545,185.143218861,-1.0,-1.0,-1.0
2946.0,862.0,955.0,-1.0,-1.0,1.0,4308.0,533638.25,1.0,0.0,5710.0,123.871460074,93.4567863398,-1.0,-1.0,51554.34432
2947.0,862.0,971.0,-1.0,-1.0,1.0,4969.0,563458.625,1.0,0.0,6459.0,113.39477259,87.2362014244,-1.0,-1.0,62735.6963
2948.0,863.0,866.0,-1.0,-1.0,1.0,391.0,42666.8554688,1.0,1.0,436.0,109.122392503,97.8597602495,-1.0,-1.0,5560.036573
2949.0,863.0,871.0,-1.0,-1.0,1.0,414.0,81448.359375,1.0,1.0,488.0,196.735167572,166.902375768,-1.0,-1.0,13720.0031
2950.0,863.0,872.0,-1.0,-1.0,1.0,403.0,82695.140625,1.0,0.0,504.0,205.198860112,164.07765997,-1.0,-1.0,14734.88587
2951.0,863.0,874.0,-1.0,-1.0,1.0,519.0,117186.164063,1.0,1.0,600.0,225.792223628,195.310273438,-1.0,-1.0,17994.78785
2952.0,863.0,875.0,-1.0,-1.0,1.0,64.0,50438.3554688,1.0,1.0,168.0,788.0993042,300.228306362,-1.0,-1.0,27606.92805
2953.0,863.0,883.0,-1.0,-1.0,1.0,448.0,88655.703125,1.0,0.0,554.0,197.892194475,160.028344991,-1.0,-1.0,20267.46192
2954.0,863.0,885.0,-1.0,-1.0,1.0,355.0,75570.4921875,1.0,0.0,409.0,212.87462588,184.768929554,-1.0,-1.0,22132.15323
2955.0,863.0,886.0,-1.0,-1.0,1.0,398.0,79712.625,1.0,0.0,451.0,200.282977387,176.746396896,-1.0,-1.0,21024.3314
2956.0,864.0,868.0,-1.0,-1.0,1.0,58.0,8000.0,1.0,1.0,80.0,137.931034483,100.0,-1.0,-1.0,15278.58655
2957.0,864.0,869.0,-1.0,-1.0,1.0,38.0,4438.35546875,1.0,1.0,68.0,116.798828125,65.269933364,-1.0,-1.0,11540.29277
2958.0,864.0,873.0,-1.0,-1.0,1.0,69.0,46256.78125,1.0,1.0,116.0,670.388134058,398.765355603,-1.0,-1.0,8213.998695
2959.0,865.0,874.0,-1.0,-1.0,1.0,693.0,194421.09375,1.0,1.0,1548.0,280.549918831,125.595021802,-1.0,-1.0,28123.51884
2960.0,865.0,906.0,-1.0,-1.0,-15.0,1102.0,239711.015625,1.0,0.0,2211.0,217.523607645,108.417465231,-1.0,-1.0,-1.0
2961.0,865.0,912.0,-1.0,-1.0,1.0,1178.0,234746.015625,1.0,0.0,2027.0,199.275055709,115.809578503,-1.0,-1.0,40406.66238
2962.0,866.0,868.0,-1.0,-1.0,1.0,368.0,71428.359375,1.0,1.0,408.0,194.098802649,175.069508272,-1.0,-1.0,5076.961535
2963.0,866.0,871.0,-1.0,-1.0,1.0,47.0,42000.0,1.0,1.0,60.0,893.617021277,700.0,-1.0,-1.0,28731.05173
2964.0,866.0,872.0,-1.0,-1.0,-15.0,80.0,46000.0,1.0,0.0,100.0,575.0,460.0,-1.0,-1.0,-1.0
2965.0,866.0,873.0,-1.0,-1.0,1.0,538.0,121425.25,0.0,1.0,601.0,225.697490706,202.038685524,-1.0,-1.0,4895.652409
2966.0,867.0,869.0,-1.0,-1.0,1.0,50.0,30000.0,1.0,1.0,60.0,600.0,500.0,-1.0,-1.0,15646.10815
2967.0,867.0,870.0,-1.0,-1.0,1.0,14.0,4000.0,1.0,1.0,40.0,285.714285714,100.0,-1.0,-1.0,13313.79701
2968.0,867.0,873.0,-1.0,-1.0,1.0,109.0,57996.8984375,1.0,1.0,141.0,532.081637041,411.325520833,-1.0,-1.0,2702.903595
2969.0,867.0,876.0,-1.0,-1.0,1.0,124.0,66828.4296875,1.0,1.0,148.0,538.938949093,451.543443834,-1.0,-1.0,9309.550604
2970.0,867.0,879.0,-1.0,-1.0,1.0,147.0,68828.4296875,1.0,1.0,168.0,468.220610119,409.693033854,-1.0,-1.0,9405.670339
2971.0,868.0,872.0,-1.0,-1.0,1.0,399.0,109326.78125,1.0,0.0,496.0,274.00195802,220.416897681,-1.0,-1.0,11097.60696
2972.0,868.0,873.0,-1.0,-1.0,1.0,117.0,53428.3554688,1.0,1.0,188.0,456.652610844,284.193380153,-1.0,-1.0,5480.157055
2973.0,868.0,883.0,-1.0,-1.0,1.0,464.0,120983.640625,1.0,0.0,613.0,260.740604795,197.363198409,-1.0,-1.0,14840.38808
2974.0,869.0,870.0,-1.0,-1.0,-15.0,170.0,42000.0,1.0,0.0,180.0,247.058823529,233.333333333,-1.0,-1.0,-1.0
2975.0,869.0,873.0,-1.0,-1.0,1.0,58.0,43428.3554688,1.0,1.0,88.0,748.764749462,493.504039418,-1.0,-1.0,9276.434648
2976.0,870.0,876.0,-1.0,-1.0,1.0,122.0,66828.4296875,1.0,1.0,148.0,547.774013832,451.543443834,-1.0,-1.0,8831.635068
2977.0,870.0,878.0,-1.0,-1.0,1.0,155.0,71085.2109375,1.0,1.0,204.0,458.614264113,348.45691636,-1.0,-1.0,8709.073656
2978.0,870.0,881.0,-1.0,-1.0,1.0,302.0,80224.8515625,0.0,1.0,504.0,265.645203849,159.176292783,-1.0,-1.0,9341.158042
2979.0,871.0,872.0,-1.0,-1.0,1.0,16.0,4000.0,1.0,1.0,40.0,250.0,100.0,-1.0,-1.0,27806.31547
2980.0,871.0,873.0,-1.0,-1.0,1.0,562.0,145508.359375,0.0,1.0,588.0,258.911671486,247.463196216,-1.0,-1.0,6188.833205
2981.0,871.0,875.0,-1.0,-1.0,1.0,469.0,45030.0,0.0,1.0,480.0,96.012793177,93.8125,-1.0,-1.0,7822.001315
2982.0,871.0,883.0,-1.0,-1.0,-15.0,147.0,16000.0,0.0,1.0,160.0,108.843537415,100.0,-1.0,-1.0,-1.0
2983.0,871.0,886.0,-1.0,-1.0,1.0,330.0,44848.4257813,0.0,1.0,468.0,135.904320549,95.8299696182,-1.0,-1.0,13974.99296
2984.0,872.0,883.0,-1.0,-1.0,1.0,112.0,12000.0,1.0,1.0,120.0,107.142857143,100.0,-1.0,-1.0,51651.49392
2985.0,872.0,886.0,-1.0,-1.0,-15.0,301.0,45181.7773438,1.0,0.0,401.0,150.105572571,112.672761456,-1.0,-1.0,-1.0
2986.0,873.0,879.0,-1.0,-1.0,1.0,63.0,53740.1171875,1.0,1.0,84.0,853.017733135,639.763299851,-1.0,-1.0,13304.72919
2987.0,873.0,883.0,-1.0,-1.0,1.0,581.0,156264.828125,1.0,1.0,706.0,268.958396084,221.338283463,-1.0,-1.0,10093.16113
2988.0,873.0,897.0,-1.0,-1.0,-15.0,660.0,161980.171875,1.0,0.0,920.0,245.424502841,176.065404212,-1.0,-1.0,-1.0
2989.0,874.0,875.0,-1.0,-1.0,-15.0,476.0,167990.796875,1.0,1.0,1135.0,352.921842174,148.009512665,-1.0,-1.0,-1.0
2990.0,874.0,894.0,-1.0,-1.0,-15.0,538.0,190661.65625,1.0,1.0,2799.0,354.389695632,68.117776438,-1.0,-1.0,-1.0
2991.0,874.0,898.0,-1.0,-1.0,-15.0,590.0,181009.15625,1.0,1.0,2326.0,306.795180085,77.8199296002,-1.0,-1.0,-1.0
2992.0,874.0,906.0,-1.0,-1.0,-15.0,844.0,117773.53125,1.0,1.0,1831.0,139.542098637,64.3219722829,-1.0,-1.0,-1.0
2993.0,874.0,913.0,-1.0,-1.0,-15.0,578.0,183998.59375,0.0,1.0,2316.0,318.336667388,79.4467157815,-1.0,-1.0,-1.0
2994.0,874.0,914.0,-1.0,-1.0,1.0,1067.0,110808.539063,0.0,1.0,1627.0,103.850552074,68.1060473651,-1.0,-1.0,40337.6344
2995.0,875.0,885.0,-1.0,-1.0,1.0,287.0,33227.34375,1.0,1.0,346.0,115.774716899,96.0327854046,-1.0,-1.0,9207.235543
2996.0,875.0,886.0,-1.0,-1.0,1.0,363.0,37969.4101563,0.0,1.0,407.0,104.59892605,93.290934045,-1.0,-1.0,8100.735362
2997.0,875.0,888.0,-1.0,-1.0,1.0,337.0,43570.4921875,1.0,1.0,449.0,129.289294325,97.0389581013,-1.0,-1.0,17688.46975
2998.0,875.0,894.0,-1.0,-1.0,-15.0,585.0,90101.0390625,1.0,0.0,1158.0,154.018870192,77.8074603303,-1.0,-1.0,-1.0
2999.0,875.0,913.0,-1.0,-1.0,-15.0,559.0,83654.546875,1.0,1.0,892.0,149.650352191,93.7831242993,-1.0,-1.0,-1.0
3000.0,876.0,878.0,-1.0,-1.0,1.0,117.0,12256.7832031,1.0,1.0,136.0,104.758830796,90.1234059051,-1.0,-1.0,5761.437963
3001.0,876.0,879.0,-1.0,-1.0,1.0,62.0,6256.78271484,1.0,1.0,76.0,100.915850239,82.3260883532,-1.0,-1.0,8406.835478
3002.0,876.0,881.0,-1.0,-1.0,1.0,148.0,15286.7832031,1.0,1.0,196.0,103.289075697,77.9937918526,-1.0,-1.0,11389.63223
3003.0,878.0,881.0,-1.0,-1.0,1.0,215.0,10908.2753906,1.0,1.0,357.0,50.7361646074,30.555393251,-1.0,-1.0,16070.21814
3004.0,878.0,921.0,-1.0,-1.0,-15.0,1861.0,161026.734375,1.0,0.0,2183.0,86.526993216,73.7639644411,-1.0,-1.0,-1.0
3005.0,878.0,928.0,-1.0,-1.0,-15.0,2581.0,232217.203125,1.0,0.0,3372.0,89.9717950891,68.8663117215,-1.0,-1.0,-1.0
3006.0,878.0,929.0,-1.0,-1.0,1.0,2566.0,204788.84375,1.0,0.0,3243.0,79.8085907054,63.1479629201,-1.0,-1.0,10625.02043
3007.0,879.0,881.0,-1.0,-1.0,1.0,74.0,9428.35546875,1.0,1.0,108.0,127.410209037,87.2995876736,-1.0,-1.0,16052.06123
3008.0,879.0,883.0,-1.0,-1.0,-15.0,645.0,139565.46875,0.0,1.0,1933.0,216.380571705,72.2014840921,-1.0,-1.0,-1.0
3009.0,879.0,889.0,-1.0,-1.0,-15.0,665.0,134435.46875,0.0,1.0,1753.0,202.158599624,76.6888013406,-1.0,-1.0,-1.0
3010.0,879.0,897.0,-1.0,-1.0,1.0,665.0,131402.1875,1.0,0.0,1520.0,197.597274436,86.4488075658,-1.0,-1.0,13260.96396
3011.0,880.0,884.0,-1.0,-1.0,1.0,74.0,45010.0,1.0,1.0,100.0,608.243243243,450.1,-1.0,-1.0,7002.413839
3012.0,880.0,895.0,-1.0,-1.0,-12.0,5261.0,-1.0,1.0,0.0,-1.0,-1.0,-1.0,-1.0,-1.0,-1.0
3013.0,880.0,910.0,-1.0,-1.0,-15.0,917.0,139208.90625,1.0,0.0,1217.0,151.80905807,114.386940222,-1.0,-1.0,-1.0
3014.0,880.0,924.0,-1.0,-1.0,-15.0,1802.0,154363.515625,1.0,1.0,2441.0,85.6623283158,63.237818773,-1.0,-1.0,-1.0
3015.0,880.0,933.0,-1.0,-1.0,-15.0,2280.0,537205.3125,1.0,0.0,6095.0,235.616365132,88.1386894996,-1.0,-1.0,-1.0
3016.0,881.0,889.0,-1.0,-1.0,-15.0,671.0,132207.125,0.0,1.0,1575.0,197.029992548,83.941031746,-1.0,-1.0,-1.0
3017.0,881.0,897.0,-1.0,-1.0,1.0,644.0,129173.84375,1.0,1.0,1342.0,200.580502717,96.2547270864,-1.0,-1.0,12642.72901
3018.0,881.0,911.0,-1.0,-1.0,1.0,806.0,113173.84375,1.0,1.0,1182.0,140.414198201,95.7477527496,-1.0,-1.0,20301.20393
3019.0,881.0,918.0,-1.0,-1.0,1.0,1610.0,153056.671875,0.0,1.0,1863.0,95.066255823,82.1560235507,-1.0,-1.0,26155.33533
3020.0,881.0,921.0,-1.0,-1.0,-15.0,1685.0,160190.171875,1.0,1.0,1996.0,95.0683512611,80.2555971318,-1.0,-1.0,-1.0
3021.0,881.0,929.0,-1.0,-1.0,1.0,2579.0,203968.859375,0.0,1.0,3074.0,79.0883518321,66.3529145657,-1.0,-1.0,9991.938867
3022.0,882.0,907.0,-1.0,-1.0,1.0,2158.0,925410.625,1.0,0.0,3830.0,428.827907785,241.621573107,-1.0,-1.0,1100.643966
3023.0,882.0,948.0,-1.0,-1.0,1.0,3685.0,602988.5,1.0,1.0,4533.0,163.633242877,133.021950143,-1.0,-1.0,2042.627416
3024.0,882.0,950.0,-1.0,-1.0,1.0,3767.0,617303.375,1.0,0.0,4648.0,163.871349881,132.81053679,-1.0,-1.0,2092.670719
3025.0,883.0,886.0,-1.0,-1.0,1.0,131.0,31495.28125,1.0,1.0,164.0,240.421994275,192.044397866,-1.0,-1.0,5592.359077
3026.0,883.0,889.0,-1.0,-1.0,1.0,27.0,4000.0,1.0,1.0,40.0,148.148148148,100.0,-1.0,-1.0,99193.57028
3027.0,883.0,897.0,-1.0,-1.0,-15.0,197.0,7986.71142578,1.0,0.0,236.0,40.5416823644,33.8419975669,-1.0,-1.0,-1.0
3028.0,884.0,887.0,-1.0,-1.0,1.0,81.0,28095.2089844,1.0,1.0,144.0,346.854431906,195.105617947,-1.0,-1.0,12074.80548
3029.0,884.0,892.0,-1.0,-1.0,-15.0,156.0,41675.34375,1.0,1.0,374.0,267.149639423,111.431400401,-1.0,-1.0,-1.0
3030.0,884.0,909.0,-1.0,-1.0,-15.0,757.0,111052.335938,0.0,1.0,980.0,146.700575876,113.318710141,-1.0,-1.0,-1.0
3031.0,884.0,910.0,-1.0,-1.0,-15.0,743.0,93035.765625,1.0,1.0,944.0,125.216373654,98.5548364672,-1.0,-1.0,-1.0
3032.0,884.0,924.0,-1.0,-1.0,-15.0,1696.0,108190.382813,0.0,1.0,2168.0,63.7914993001,49.9033131056,-1.0,-1.0,-1.0
3033.0,885.0,886.0,-1.0,-1.0,1.0,69.0,9010.0,1.0,1.0,100.0,130.579710145,90.1,-1.0,-1.0,3847.867756
3034.0,885.0,888.0,-1.0,-1.0,1.0,137.0,15570.4912109,1.0,1.0,169.0,113.653220518,92.1330840882,-1.0,-1.0,30921.41748
3035.0,886.0,888.0,-1.0,-1.0,1.0,198.0,23341.9921875,1.0,1.0,261.0,117.888849432,89.4329202586,-1.0,-1.0,20637.83103
3036.0,886.0,889.0,-1.0,-1.0,1.0,105.0,28095.2089844,1.0,1.0,144.0,267.573418899,195.105617947,-1.0,-1.0,19208.96583
3037.0,887.0,892.0,-1.0,-1.0,1.0,3.0,13580.1337891,1.0,1.0,229.0,4526.71126303,59.3018942755,-1.0,-1.0,12639.86017
3038.0,888.0,889.0,-1.0,-1.0,1.0,306.0,40312.5546875,1.0,1.0,431.0,131.740374796,93.5326094838,-1.0,-1.0,3743.012028
3039.0,888.0,903.0,-1.0,-1.0,1.0,354.0,37685.1367188,1.0,1.0,404.0,106.455188471,93.2800413832,-1.0,-1.0,31134.85466
3040.0,888.0,913.0,-1.0,-1.0,1.0,340.0,39484.1289063,1.0,1.0,422.0,116.129790901,93.5642865078,-1.0,-1.0,37232.71151
3041.0,889.0,897.0,-1.0,-1.0,1.0,31.0,2856.71142578,1.0,1.0,56.0,92.1519814768,51.0127040318,-1.0,-1.0,98652.99342
3042.0,889.0,903.0,-1.0,-1.0,1.0,512.0,51511.6171875,1.0,1.0,529.0,100.608627319,97.3754578214,-1.0,-1.0,22309.35028
3043.0,889.0,905.0,-1.0,-1.0,-15.0,382.0,26946.9179688,0.0,1.0,486.0,70.5416700754,55.4463332691,-1.0,-1.0,-1.0
3044.0,890.0,891.0,-1.0,-1.0,-15.0,447.0,36795.1367188,1.0,0.0,504.0,82.3157421002,73.0062236484,-1.0,-1.0,-1.0
3045.0,890.0,893.0,-1.0,-1.0,1.0,81.0,11428.3554688,1.0,1.0,128.0,141.090808257,89.2840271,-1.0,-1.0,4.986006054
3046.0,890.0,895.0,-1.0,-1.0,1.0,2.0,6256.78271484,1.0,1.0,76.0,3128.39135742,82.3260883532,-1.0,-1.0,4.144356363
3047.0,890.0,904.0,-1.0,-1.0,-15.0,583.0,49155.9765625,0.0,1.0,704.0,84.3155687178,69.8238303445,-1.0,-1.0,-1.0
3048.0,891.0,893.0,-1.0,-1.0,1.0,227.0,23838.4277344,1.0,1.0,248.0,105.015100152,96.1226924774,-1.0,-1.0,3.108929707
3049.0,891.0,896.0,-1.0,-1.0,1.0,165.0,19313.7089844,1.0,1.0,193.0,117.052781724,100.071031007,-1.0,-1.0,3.002964122
3050.0,891.0,904.0,-1.0,-1.0,1.0,295.0,39455.84375,1.0,1.0,394.0,133.748622881,100.141735406,-1.0,-1.0,2.675011031
3051.0,891.0,908.0,-1.0,-1.0,-12.0,5377.0,-1.0,1.0,0.0,-1.0,-1.0,-1.0,-1.0,-1.0,-1.0
3052.0,892.0,909.0,-1.0,-1.0,1.0,364.0,63720.1328125,1.0,1.0,549.0,175.055309924,116.065815688,-1.0,-1.0,5859.100278
3053.0,892.0,910.0,-1.0,-1.0,1.0,372.0,45703.5664063,1.0,1.0,513.0,122.859049479,89.0907727218,-1.0,-1.0,8225.203169
3054.0,893.0,895.0,-1.0,-1.0,1.0,176.0,18876.7109375,1.0,1.0,236.0,107.254039418,79.9860632945,-1.0,-1.0,3.356251401
3055.0,893.0,896.0,-1.0,-1.0,1.0,21.0,4256.78271484,1.0,1.0,56.0,202.703938802,76.0139770507,-1.0,-1.0,7.294851162
3056.0,893.0,904.0,-1.0,-1.0,-15.0,371.0,36190.984375,0.0,1.0,439.0,97.5498231132,82.4395999431,-1.0,-1.0,-1.0
3057.0,894.0,898.0,-1.0,-1.0,1.0,70.0,9656.85449219,1.0,1.0,96.0,137.955064174,100.592234294,-1.0,-1.0,4707.447468
3058.0,894.0,913.0,-1.0,-1.0,1.0,50.0,6256.78271484,1.0,1.0,76.0,125.135654297,82.3260883532,-1.0,-1.0,5250.232405
3059.0,895.0,896.0,-1.0,-1.0,-15.0,268.0,23221.7792969,1.0,1.0,381.0,86.6484302123,60.9495519604,-1.0,-1.0,-1.0
3060.0,895.0,904.0,-1.0,-1.0,-15.0,611.0,55175.9765625,1.0,1.0,784.0,90.304380626,70.3775211256,-1.0,-1.0,-1.0
3061.0,895.0,933.0,-1.0,-1.0,-12.0,5209.0,-1.0,1.0,0.0,-1.0,-1.0,-1.0,-1.0,-1.0,-1.0
3062.0,895.0,980.0,-1.0,-1.0,-12.0,5554.0,-1.0,1.0,0.0,-1.0,-1.0,-1.0,-1.0,-1.0,-1.0
3063.0,896.0,904.0,-1.0,-1.0,1.0,270.0,31712.6269531,1.0,1.0,331.0,117.4541739,95.8085406438,-1.0,-1.0,3.433331428
3064.0,897.0,901.0,-1.0,-1.0,1.0,101.0,11010.0,1.0,1.0,120.0,109.00990099,91.75,-1.0,-1.0,49984.52657
3065.0,897.0,903.0,-1.0,-1.0,-15.0,502.0,54428.328125,1.0,0.0,645.0,108.422964392,84.385004845,-1.0,-1.0,-1.0
3066.0,897.0,905.0,-1.0,-1.0,1.0,217.0,23913.6367188,1.0,1.0,253.0,110.20109087,94.5203032364,-1.0,-1.0,31969.15918
3067.0,897.0,911.0,-1.0,-1.0,1.0,155.0,18256.7832031,1.0,1.0,196.0,117.785698085,93.146853077,-1.0,-1.0,38875.15396
3068.0,898.0,900.0,-1.0,-1.0,1.0,99.0,11341.9931641,1.0,1.0,141.0,114.565587516,80.4396678305,-1.0,-1.0,1190.310266
3069.0,898.0,906.0,-1.0,-1.0,-15.0,425.0,71760.9140625,1.0,1.0,619.0,168.849209559,115.930394285,-1.0,-1.0,-1.0
3070.0,898.0,912.0,-1.0,-1.0,1.0,420.0,67227.34375,1.0,1.0,526.0,160.065104167,127.808638308,-1.0,-1.0,10116.897
3071.0,898.0,913.0,-1.0,-1.0,1.0,85.0,9685.13867188,1.0,1.0,124.0,113.942807904,78.1059570313,-1.0,-1.0,7163.47666
3072.0,900.0,912.0,-1.0,-1.0,1.0,488.0,69227.34375,1.0,1.0,546.0,141.859310963,126.790006868,-1.0,-1.0,9760.573643
3073.0,900.0,913.0,-1.0,-1.0,1.0,50.0,7010.0,1.0,1.0,80.0,140.2,87.625,-1.0,-1.0,10232.49606
3074.0,901.0,905.0,-1.0,-1.0,1.0,84.0,10485.28125,1.0,1.0,104.0,124.824776786,100.820012019,-1.0,-1.0,21471.423
3075.0,901.0,911.0,-1.0,-1.0,1.0,26.0,5656.85449219,1.0,1.0,56.0,217.571326623,101.015258789,-1.0,-1.0,29710.77328
3076.0,903.0,905.0,-1.0,-1.0,1.0,379.0,41656.8554688,1.0,1.0,416.0,109.912547411,100.1366718,-1.0,-1.0,4063.171078
3077.0,903.0,913.0,-1.0,-1.0,1.0,35.0,5428.35546875,1.0,1.0,68.0,155.095870536,79.8287568934,-1.0,-1.0,56923.94225
3078.0,904.0,908.0,-1.0,-1.0,-12.0,5357.0,-1.0,1.0,0.0,-1.0,-1.0,-1.0,-1.0,-1.0,-1.0
3079.0,904.0,951.0,-1.0,-1.0,-12.0,6563.0,-1.0,1.0,0.0,-1.0,-1.0,-1.0,-1.0,-1.0,-1.0
3080.0,904.0,975.0,-1.0,-1.0,-12.0,6750.0,-1.0,1.0,0.0,-1.0,-1.0,-1.0,-1.0,-1.0,-1.0
3081.0,904.0,980.0,-1.0,-1.0,-12.0,5638.0,-1.0,1.0,0.0,-1.0,-1.0,-1.0,-1.0,-1.0,-1.0
3082.0,904.0,1021.0,-1.0,-1.0,-12.0,7112.0,-1.0,1.0,0.0,-1.0,-1.0,-1.0,-1.0,-1.0,-1.0
3083.0,905.0,911.0,-1.0,-1.0,1.0,98.0,10256.7832031,1.0,1.0,116.0,104.661053093,88.4205448543,-1.0,-1.0,6576.58185
3084.0,905.0,913.0,-1.0,-1.0,1.0,351.0,35200.4179688,1.0,1.0,409.0,100.286091079,86.0645916108,-1.0,-1.0,12857.86949
3085.0,905.0,920.0,-1.0,-1.0,1.0,590.0,37668.9179688,0.0,1.0,657.0,63.8456236759,57.3347305461,-1.0,-1.0,44534.83814
3086.0,906.0,912.0,-1.0,-1.0,1.0,30.0,4256.78271484,1.0,1.0,56.0,141.892757161,76.0139770507,-1.0,-1.0,1467.999997
3087.0,906.0,914.0,-1.0,-1.0,-15.0,160.0,7366.78271484,0.0,1.0,196.0,46.0423919678,37.5856260961,-1.0,-1.0,-1.0
3088.0,907.0,908.0,-1.0,-1.0,1.0,17.0,4828.42724609,1.0,1.0,48.0,284.025132123,100.592234294,-1.0,-1.0,1468.00047
3089.0,907.0,948.0,-1.0,-1.0,1.0,2861.0,734315.4375,1.0,1.0,4753.0,256.663906851,154.495147801,-1.0,-1.0,1667.179641
3090.0,907.0,951.0,-1.0,-1.0,1.0,2916.0,766084.625,1.0,0.0,5140.0,262.71763546,149.043701362,-1.0,-1.0,1654.900818
3091.0,908.0,951.0,-1.0,-1.0,-15.0,2911.0,778618.1875,1.0,0.0,5313.0,267.474471831,146.549630623,-1.0,-1.0,-1.0
3092.0,909.0,910.0,-1.0,-1.0,1.0,44.0,18060.0,1.0,1.0,80.0,410.454545455,225.75,-1.0,-1.0,7128.319788
3093.0,909.0,924.0,-1.0,-1.0,-15.0,1024.0,33194.6210938,1.0,1.0,1284.0,32.4166221619,25.85250864,-1.0,-1.0,-1.0
3094.0,909.0,925.0,-1.0,-1.0,1.0,1328.0,40788.7734375,1.0,1.0,2848.0,30.7144378294,14.3219007856,-1.0,-1.0,24079.04802
3095.0,910.0,924.0,-1.0,-1.0,1.0,976.0,15106.3369141,1.0,1.0,1175.0,15.4778042153,12.8564569482,-1.0,-1.0,10263.79926
3096.0,911.0,913.0,-1.0,-1.0,1.0,476.0,44506.640625,1.0,0.0,536.0,93.5013458508,83.0347772854,-1.0,-1.0,11513.02751
3097.0,911.0,918.0,-1.0,-1.0,1.0,778.0,69224.828125,1.0,1.0,1002.0,88.9779281812,69.0866548154,-1.0,-1.0,25853.37343
3098.0,911.0,920.0,-1.0,-1.0,1.0,522.0,37420.4179688,1.0,1.0,649.0,71.6866244613,57.6585793048,-1.0,-1.0,46218.99058
3099.0,911.0,921.0,-1.0,-1.0,-15.0,910.0,76358.3203125,1.0,0.0,1135.0,83.9102421016,67.2760531388,-1.0,-1.0,-1.0
3100.0,912.0,913.0,-1.0,-1.0,1.0,503.0,69913.640625,1.0,1.0,553.0,138.993321322,126.426113246,-1.0,-1.0,10457.27714
3101.0,912.0,914.0,-1.0,-1.0,1.0,9.0,2000.0,1.0,1.0,20.0,222.222222222,100.0,-1.0,-1.0,66432.19618
3102.0,913.0,914.0,-1.0,-1.0,-15.0,562.0,73580.1328125,1.0,1.0,669.0,130.925503225,109.985250841,-1.0,-1.0,-1.0
3103.0,913.0,915.0,-1.0,-1.0,1.0,176.0,20256.7832031,1.0,1.0,216.0,115.095359109,93.7814037181,-1.0,-1.0,33259.01918
3104.0,913.0,916.0,-1.0,-1.0,1.0,227.0,25428.3554688,1.0,1.0,268.0,112.019187087,94.881923391,-1.0,-1.0,32225.72713
3105.0,913.0,920.0,-1.0,-1.0,1.0,503.0,34290.2070313,1.0,1.0,729.0,68.1713857481,47.0373210306,-1.0,-1.0,40400.87033
3106.0,914.0,915.0,-1.0,-1.0,1.0,708.0,82496.84375,1.0,1.0,846.0,116.520965749,97.5139997045,-1.0,-1.0,12505.74325
3107.0,914.0,917.0,-1.0,-1.0,1.0,802.0,94114.828125,1.0,1.0,982.0,117.350159757,95.8399471741,-1.0,-1.0,21155.56612
3108.0,914.0,938.0,-1.0,-1.0,-15.0,1818.0,207985.796875,0.0,1.0,3332.0,114.403628644,62.4207073454,-1.0,-1.0,-1.0
3109.0,914.0,944.0,-1.0,-1.0,1.0,2207.0,286496.15625,1.0,0.0,2543.0,129.812485841,112.660698486,-1.0,-1.0,51948.38587
3110.0,914.0,955.0,-1.0,-1.0,1.0,2892.0,370409.4375,1.0,1.0,3552.0,128.080718361,104.281936233,-1.0,-1.0,52606.72981
3111.0,915.0,916.0,-1.0,-1.0,1.0,43.0,4256.78271484,1.0,1.0,56.0,98.9949468567,76.0139770507,-1.0,-1.0,39837.47091
3112.0,915.0,917.0,-1.0,-1.0,-15.0,238.0,24533.5664063,1.0,1.0,293.0,103.082211791,83.7323085539,-1.0,-1.0,-1.0
3113.0,916.0,917.0,-1.0,-1.0,1.0,183.0,20256.7832031,1.0,1.0,216.0,110.692804389,93.7814037181,-1.0,-1.0,54263.64306
3114.0,916.0,920.0,-1.0,-1.0,1.0,330.0,36742.0625,1.0,1.0,381.0,111.339583333,96.4358595801,-1.0,-1.0,17401.69543
3115.0,917.0,919.0,-1.0,-1.0,1.0,430.0,48655.703125,1.0,1.0,514.0,113.152797965,94.6609010214,-1.0,-1.0,12919.92831
3116.0,917.0,920.0,-1.0,-1.0,1.0,365.0,38000.0,1.0,1.0,380.0,104.109589041,100.0,-1.0,-1.0,18179.03369
3117.0,917.0,927.0,-1.0,-1.0,-15.0,687.0,62503.5585938,0.0,1.0,982.0,90.9804346344,63.6492450039,-1.0,-1.0,-1.0
3118.0,917.0,931.0,-1.0,-1.0,-15.0,816.0,98718.6171875,1.0,0.0,1497.0,120.978697534,65.9443000585,-1.0,-1.0,-1.0
3119.0,917.0,938.0,-1.0,-1.0,1.0,988.0,122826.125,1.0,1.0,1124.0,124.317940283,109.275911922,-1.0,-1.0,32843.03583
3120.0,917.0,944.0,-1.0,-1.0,1.0,1570.0,210182.25,1.0,0.0,1840.0,133.874044586,114.229483696,-1.0,-1.0,63391.69871
3121.0,918.0,920.0,-1.0,-1.0,1.0,57.0,6715.13867188,1.0,1.0,124.0,117.809450384,54.1543441281,-1.0,-1.0,15339.56396
3122.0,918.0,921.0,-1.0,-1.0,1.0,60.0,7085.20996094,1.0,1.0,84.0,118.086832682,84.3477376302,-1.0,-1.0,14581.30013
3123.0,918.0,922.0,-1.0,-1.0,1.0,34.0,4256.78271484,1.0,1.0,56.0,125.199491613,76.0139770507,-1.0,-1.0,48404.11393
3124.0,919.0,920.0,-1.0,-1.0,1.0,41.0,5428.35546875,1.0,1.0,68.0,132.398913872,79.8287568934,-1.0,-1.0,13976.0534
3125.0,919.0,927.0,-1.0,-1.0,-15.0,180.0,16218.7041016,1.0,1.0,237.0,90.1039116756,68.4333506397,-1.0,-1.0,-1.0
3126.0,919.0,931.0,-1.0,-1.0,-15.0,487.0,52425.4765625,1.0,0.0,744.0,107.649849204,70.4643502184,-1.0,-1.0,-1.0
3127.0,920.0,922.0,-1.0,-1.0,1.0,41.0,7085.20996094,1.0,1.0,84.0,172.809999047,84.3477376302,-1.0,-1.0,40474.0933
3128.0,920.0,927.0,-1.0,-1.0,1.0,55.0,8513.56542969,1.0,1.0,113.0,154.792098722,75.3412869884,-1.0,-1.0,69845.96659
3129.0,921.0,922.0,-1.0,-1.0,1.0,62.0,8020.0,1.0,1.0,100.0,129.35483871,80.2,-1.0,-1.0,18231.72617
3130.0,921.0,923.0,-1.0,-1.0,1.0,31.0,4256.78271484,1.0,1.0,56.0,137.315571446,76.0139770507,-1.0,-1.0,20931.02657
3131.0,921.0,927.0,-1.0,-1.0,-15.0,135.0,10924.9960938,1.0,1.0,204.0,80.9258969911,53.5539024206,-1.0,-1.0,-1.0
3132.0,921.0,929.0,-1.0,-1.0,1.0,1858.0,126885.820313,1.0,1.0,2335.0,68.2916148079,54.3408224039,-1.0,-1.0,19236.596
3133.0,921.0,932.0,-1.0,-1.0,-15.0,446.0,40183.28125,1.0,0.0,593.0,90.0970431614,67.762700253,-1.0,-1.0,-1.0
3134.0,921.0,935.0,-1.0,-1.0,-15.0,761.0,79628.6171875,1.0,1.0,1217.0,104.636816278,65.4302524137,-1.0,-1.0,-1.0
3135.0,921.0,937.0,-1.0,-1.0,1.0,1479.0,144442.1875,1.0,1.0,2030.0,97.6620605139,71.1537869458,-1.0,-1.0,7178.856976
3136.0,921.0,940.0,-1.0,-1.0,1.0,1265.0,156610.296875,1.0,1.0,2236.0,123.802606225,70.0403832178,-1.0,-1.0,4213.806542
3137.0,922.0,923.0,-1.0,-1.0,1.0,15.0,2856.71142578,1.0,1.0,56.0,190.447428385,51.0127040318,-1.0,-1.0,21432.07715
3138.0,922.0,927.0,-1.0,-1.0,1.0,25.0,2828.42724609,1.0,1.0,28.0,113.137089844,101.015258789,-1.0,-1.0,118838.5598
3139.0,923.0,927.0,-1.0,-1.0,-15.0,54.0,5741.70703125,1.0,1.0,141.0,106.327907986,40.7213264628,-1.0,-1.0,-1.0
3140.0,924.0,925.0,-1.0,-1.0,-15.0,1054.0,74123.390625,1.0,1.0,4273.0,70.3257975569,17.3469203429,-1.0,-1.0,-1.0
3141.0,924.0,926.0,-1.0,-1.0,1.0,183.0,9813.42285156,1.0,1.0,253.0,53.6252614839,38.7882326149,-1.0,-1.0,5278.85236
3142.0,924.0,933.0,-1.0,-1.0,-15.0,886.0,392248.21875,1.0,1.0,4319.0,442.718079853,90.8192217527,-1.0,-1.0,-1.0
3143.0,924.0,934.0,-1.0,-1.0,1.0,787.0,200211.375,1.0,1.0,2856.0,254.398189327,70.1020220588,-1.0,-1.0,4476.471699
3144.0,924.0,936.0,-1.0,-1.0,-15.0,848.0,201241.375,0.0,1.0,2896.0,237.312942217,69.4894250691,-1.0,-1.0,-1.0
3145.0,924.0,952.0,-1.0,-1.0,-15.0,1962.0,210432.015625,0.0,1.0,9116.0,107.253830594,23.083810402,-1.0,-1.0,-1.0
3146.0,924.0,953.0,-1.0,-1.0,-15.0,1882.0,252088.875,0.0,1.0,9533.0,133.947329968,26.4438135949,-1.0,-1.0,-1.0
3147.0,925.0,926.0,-1.0,-1.0,-15.0,973.0,79896.8125,1.0,0.0,4446.0,82.1138874615,17.9704931399,-1.0,-1.0,-1.0
3148.0,925.0,934.0,-1.0,-1.0,1.0,1314.0,236827.578125,1.0,0.0,3423.0,180.234077721,69.187139388,-1.0,-1.0,3428.451921
3149.0,925.0,936.0,-1.0,-1.0,-15.0,1347.0,237857.578125,1.0,0.0,3463.0,176.583205735,68.6854109515,-1.0,-1.0,-1.0
3150.0,925.0,952.0,-1.0,-1.0,1.0,1920.0,172721.171875,1.0,1.0,5296.0,89.9589436849,32.6135143269,-1.0,-1.0,6313.870006
3151.0,925.0,961.0,-1.0,-1.0,-15.0,2487.0,285790.875,1.0,1.0,5889.0,114.913902292,48.5296102904,-1.0,-1.0,-1.0
3152.0,925.0,962.0,-1.0,-1.0,-15.0,2521.0,255752.59375,1.0,1.0,5821.0,101.448867017,43.9361954561,-1.0,-1.0,-1.0
3153.0,925.0,970.0,-1.0,-1.0,1.0,4573.0,190200.328125,1.0,0.0,6257.0,41.5920245189,30.3980067325,-1.0,-1.0,8793.595182
3154.0,925.0,976.0,-1.0,-1.0,1.0,4189.0,186403.46875,0.0,1.0,6000.0,44.4983214968,31.0672447917,-1.0,-1.0,9003.917685
3155.0,925.0,978.0,-1.0,-1.0,1.0,3132.0,166237.40625,0.0,1.0,4577.0,53.0770773467,36.3201674132,-1.0,-1.0,8845.525317
3156.0,925.0,981.0,-1.0,-1.0,1.0,3994.0,186474.671875,0.0,1.0,6732.0,46.6887010203,27.6997432969,-1.0,-1.0,9181.655894
3157.0,926.0,934.0,-1.0,-1.0,1.0,657.0,205984.796875,1.0,1.0,3029.0,313.523282915,68.0042247854,-1.0,-1.0,4219.869949
3158.0,927.0,931.0,-1.0,-1.0,1.0,226.0,36018.4882813,1.0,1.0,317.0,159.373841953,113.622991424,-1.0,-1.0,59490.19089
3159.0,927.0,932.0,-1.0,-1.0,1.0,110.0,28000.0,1.0,1.0,120.0,254.545454545,233.333333333,-1.0,-1.0,60355.42779
3160.0,927.0,935.0,-1.0,-1.0,-15.0,425.0,68507.0546875,0.0,1.0,815.0,161.193069853,84.0577358129,-1.0,-1.0,-1.0
3161.0,927.0,938.0,-1.0,-1.0,1.0,477.0,61542.0546875,0.0,1.0,611.0,129.018982573,100.72349376,-1.0,-1.0,65672.94642
3162.0,928.0,929.0,-1.0,-1.0,1.0,66.0,23428.3554688,1.0,1.0,88.0,354.975082861,266.231312145,-1.0,-1.0,14104.05681
3163.0,928.0,930.0,-1.0,-1.0,1.0,57.0,7428.35546875,1.0,1.0,88.0,130.322025768,84.4131303267,-1.0,-1.0,22410.14386
3164.0,929.0,930.0,-1.0,-1.0,1.0,64.0,26828.4277344,1.0,1.0,108.0,419.19418335,248.411367911,-1.0,-1.0,6698.012223
3165.0,929.0,937.0,-1.0,-1.0,1.0,927.0,94426.2578125,1.0,1.0,1113.0,101.862198287,84.8394050427,-1.0,-1.0,17377.16988
3166.0,929.0,942.0,-1.0,-1.0,1.0,897.0,96024.3828125,1.0,1.0,960.0,107.050593994,100.025398763,-1.0,-1.0,16006.20773
3167.0,930.0,942.0,-1.0,-1.0,1.0,908.0,105210.953125,1.0,1.0,1076.0,115.87109375,97.7796962128,-1.0,-1.0,16155.13355
3168.0,931.0,932.0,-1.0,-1.0,1.0,104.0,30000.0,1.0,1.0,140.0,288.461538462,214.285714286,-1.0,-1.0,15939.36339
3169.0,931.0,935.0,-1.0,-1.0,-15.0,323.0,32831.7070313,1.0,0.0,501.0,101.6461518,65.5323493639,-1.0,-1.0,-1.0
3170.0,931.0,938.0,-1.0,-1.0,1.0,255.0,25866.7109375,1.0,1.0,296.0,101.438082108,87.387536951,-1.0,-1.0,74775.6043
3171.0,932.0,935.0,-1.0,-1.0,-15.0,263.0,60488.5625,1.0,1.0,617.0,229.994534221,98.0365680713,-1.0,-1.0,-1.0
3172.0,932.0,938.0,-1.0,-1.0,1.0,318.0,53523.5664063,1.0,1.0,413.0,168.313101907,129.59701309,-1.0,-1.0,44667.55482
3173.0,933.0,934.0,-1.0,-1.0,1.0,937.0,192028.546875,1.0,1.0,1454.0,204.939751201,132.069151909,-1.0,-1.0,2281.325207
3174.0,933.0,936.0,-1.0,-1.0,1.0,956.0,192028.546875,1.0,1.0,1454.0,200.866680832,132.069151909,-1.0,-1.0,2260.352495
3175.0,933.0,949.0,-1.0,-1.0,1.0,1272.0,231508.375,1.0,1.0,1833.0,182.003439465,126.300259138,-1.0,-1.0,4078.945349
3176.0,933.0,953.0,-1.0,-1.0,-15.0,1525.0,306680.96875,0.0,1.0,3004.0,201.10227459,102.090868425,-1.0,-1.0,-1.0
3177.0,933.0,980.0,-1.0,-1.0,-15.0,3637.0,1184803.75,1.0,0.0,16547.0,325.764022546,71.6023297274,-1.0,-1.0,-1.0
3178.0,934.0,936.0,-1.0,-1.0,1.0,5.0,1010.0,1.0,1.0,20.0,202.0,50.5,-1.0,-1.0,6319.476721
3179.0,935.0,938.0,-1.0,-1.0,1.0,98.0,6896.71142578,1.0,1.0,136.0,70.3746063855,50.7111134249,-1.0,-1.0,41093.41516
3180.0,935.0,940.0,-1.0,-1.0,1.0,834.0,119027.539063,1.0,1.0,1125.0,142.718871778,105.802256945,-1.0,-1.0,39965.44167
3181.0,935.0,954.0,-1.0,-1.0,-15.0,1186.0,186810.78125,1.0,0.0,1792.0,157.513306282,104.247087751,-1.0,-1.0,-1.0
3182.0,936.0,949.0,-1.0,-1.0,1.0,1384.0,358664.375,1.0,0.0,2443.0,259.150559971,146.813088416,-1.0,-1.0,3327.795515
3183.0,936.0,952.0,-1.0,-1.0,-15.0,1086.0,322912.8125,1.0,0.0,4893.0,297.341447974,65.9948523401,-1.0,-1.0,-1.0
3184.0,936.0,953.0,-1.0,-1.0,-15.0,1010.0,364569.6875,1.0,1.0,5310.0,360.960086634,68.6571916196,-1.0,-1.0,-1.0
3185.0,937.0,939.0,-1.0,-1.0,1.0,65.0,8485.28125,1.0,1.0,84.0,130.542788462,101.015252976,-1.0,-1.0,9443.323676
3186.0,937.0,940.0,-1.0,-1.0,1.0,273.0,30513.5664063,1.0,1.0,333.0,111.771305518,91.6323315505,-1.0,-1.0,13607.30236
3187.0,937.0,941.0,-1.0,-1.0,1.0,87.0,11656.8544922,1.0,1.0,116.0,133.986833244,100.490124933,-1.0,-1.0,5188.074586
3188.0,937.0,942.0,-1.0,-1.0,1.0,72.0,7085.20996094,1.0,1.0,84.0,98.4056939019,84.3477376302,-1.0,-1.0,15881.65051
3189.0,938.0,940.0,-1.0,-1.0,-15.0,1251.0,126245.671875,0.0,1.0,1583.0,100.915804856,79.7508982154,-1.0,-1.0,-1.0
3190.0,938.0,943.0,-1.0,-1.0,1.0,338.0,97314.2734375,1.0,1.0,449.0,287.91205159,216.735575585,-1.0,-1.0,94262.10196
3191.0,938.0,944.0,-1.0,-1.0,-15.0,464.0,108372.554688,1.0,1.0,617.0,233.561540276,175.644334989,-1.0,-1.0,-1.0
3192.0,938.0,945.0,-1.0,-1.0,-15.0,586.0,113306.398438,1.0,0.0,800.0,193.355628734,141.632998048,-1.0,-1.0,-1.0
3193.0,938.0,946.0,-1.0,-1.0,1.0,416.0,104627.976563,1.0,1.0,522.0,251.509559046,200.436736711,-1.0,-1.0,92833.35534
3194.0,938.0,954.0,-1.0,-1.0,-15.0,897.0,179599.515625,1.0,0.0,1341.0,200.222425446,133.929541853,-1.0,-1.0,-1.0
3195.0,938.0,955.0,-1.0,-1.0,1.0,1416.0,209083.03125,0.0,1.0,2093.0,147.657507945,99.896336001,-1.0,-1.0,68130.04062
3196.0,939.0,940.0,-1.0,-1.0,1.0,193.0,21428.3554688,1.0,1.0,228.0,111.027748543,93.984015214,-1.0,-1.0,16244.75179
3197.0,939.0,941.0,-1.0,-1.0,1.0,13.0,2828.42724609,1.0,1.0,28.0,217.571326622,101.015258789,-1.0,-1.0,8285.322476
3198.0,940.0,941.0,-1.0,-1.0,1.0,215.0,26256.7832031,1.0,0.0,276.0,122.124573038,95.133272475,-1.0,-1.0,13997.62749
3199.0,940.0,954.0,-1.0,-1.0,-15.0,1621.0,306159.75,1.0,0.0,3239.0,188.870913017,94.5229237419,-1.0,-1.0,-1.0
3200.0,940.0,966.0,-1.0,-1.0,-15.0,2009.0,329544.3125,1.0,0.0,3854.0,164.034003235,85.5070867929,-1.0,-1.0,-1.0
3201.0,941.0,942.0,-1.0,-1.0,1.0,81.0,10000.0,1.0,1.0,100.0,123.456790123,100.0,-1.0,-1.0,16819.82495
3202.0,941.0,966.0,-1.0,-1.0,-15.0,2215.0,355885.9375,1.0,0.0,4215.0,160.670852144,84.4331998814,-1.0,-1.0,-1.0
3203.0,942.0,966.0,-1.0,-1.0,-15.0,2318.0,365057.53125,1.0,0.0,4307.0,157.488149806,84.7591203274,-1.0,-1.0,-1.0
3204.0,942.0,986.0,-1.0,-1.0,-15.0,3210.0,457073.28125,1.0,0.0,5721.0,142.390430296,79.8939488289,-1.0,-1.0,-1.0
3205.0,942.0,995.0,-1.0,-1.0,-15.0,3556.0,490558.1875,1.0,0.0,6126.0,137.952246204,80.0780586843,-1.0,-1.0,-1.0
3206.0,943.0,944.0,-1.0,-1.0,1.0,99.0,10438.3554688,1.0,1.0,128.0,105.437934028,81.5496521,-1.0,-1.0,26403.45423
3207.0,943.0,946.0,-1.0,-1.0,1.0,70.0,8000.0,1.0,1.0,80.0,114.285714286,100.0,-1.0,-1.0,68980.07872
3208.0,944.0,946.0,-1.0,-1.0,1.0,25.0,3010.0,1.0,1.0,40.0,120.4,75.25,-1.0,-1.0,94012.72843
3209.0,944.0,955.0,-1.0,-1.0,1.0,900.0,102210.117188,1.0,1.0,1429.0,113.566796876,71.5256243443,-1.0,-1.0,48109.943
3210.0,945.0,946.0,-1.0,-1.0,1.0,64.0,7085.20996094,1.0,1.0,84.0,110.70640564,84.3477376302,-1.0,-1.0,63144.10608
3211.0,945.0,947.0,-1.0,-1.0,1.0,69.0,8256.78320313,1.0,1.0,96.0,119.663524683,86.0081583659,-1.0,-1.0,19138.69076
3212.0,945.0,954.0,-1.0,-1.0,1.0,475.0,65693.1875,1.0,1.0,520.0,138.301447368,126.333052885,-1.0,-1.0,44028.61811
3213.0,946.0,947.0,-1.0,-1.0,1.0,69.0,7085.20996094,1.0,1.0,84.0,102.684202332,84.3477376302,-1.0,-1.0,84289.78073
3214.0,946.0,955.0,-1.0,-1.0,-15.0,649.0,105288.398438,1.0,1.0,1537.0,162.231738733,68.5025363943,-1.0,-1.0,-1.0
3215.0,946.0,956.0,-1.0,-1.0,1.0,473.0,123941.125,1.0,1.0,919.0,262.031976744,134.865206746,-1.0,-1.0,42799.57197
3216.0,946.0,958.0,-1.0,-1.0,1.0,532.0,65106.3359375,1.0,1.0,584.0,122.38033071,111.483451948,-1.0,-1.0,65492.25671
3217.0,946.0,965.0,-1.0,-1.0,-15.0,606.0,77076.5390625,1.0,1.0,773.0,127.189008354,99.7109172865,-1.0,-1.0,-1.0
3218.0,947.0,954.0,-1.0,-1.0,1.0,444.0,66951.125,1.0,1.0,519.0,150.790822072,129.000240848,-1.0,-1.0,40937.34828
3219.0,947.0,958.0,-1.0,-1.0,1.0,483.0,60135.7734375,1.0,1.0,534.0,124.50470691,112.613807935,-1.0,-1.0,61224.60864
3220.0,948.0,950.0,-1.0,-1.0,1.0,223.0,26970.5625,1.0,1.0,269.0,120.944226457,100.262314126,-1.0,-1.0,3351.27647
3221.0,948.0,951.0,-1.0,-1.0,1.0,318.0,33418.5625,1.0,1.0,437.0,105.089819182,76.4726830664,-1.0,-1.0,2185.356158
3222.0,948.0,960.0,-1.0,-1.0,1.0,524.0,113824.171875,1.0,0.0,812.0,217.221702052,140.17755157,-1.0,-1.0,1956.795462
3223.0,949.0,952.0,-1.0,-1.0,-15.0,1543.0,149513.375,0.0,1.0,2040.0,96.8978451069,73.290870098,-1.0,-1.0,-1.0
3224.0,949.0,953.0,-1.0,-1.0,1.0,649.0,74999.453125,1.0,1.0,997.0,115.561561055,75.2251285105,-1.0,-1.0,7883.836372
3225.0,949.0,978.0,-1.0,-1.0,-15.0,2077.0,217909.40625,0.0,1.0,3432.0,104.915457992,63.4934167395,-1.0,-1.0,-1.0
3226.0,949.0,980.0,-1.0,-1.0,-15.0,2547.0,953122.3125,1.0,0.0,14540.0,374.213707303,65.5517408872,-1.0,-1.0,-1.0
3227.0,949.0,983.0,-1.0,-1.0,-15.0,2514.0,839540.25,1.0,0.0,13518.0,333.946002387,62.1053595206,-1.0,-1.0,-1.0
3228.0,949.0,1004.0,-1.0,-1.0,-15.0,3009.0,633108.375,1.0,0.0,10475.0,210.404910269,60.4399403341,-1.0,-1.0,-1.0
3229.0,950.0,951.0,-1.0,-1.0,1.0,534.0,59094.0585938,0.0,1.0,642.0,110.663031075,92.0468202396,-1.0,-1.0,1245.918684
3230.0,950.0,960.0,-1.0,-1.0,1.0,535.0,102024.382813,1.0,1.0,652.0,190.699780959,156.479114744,-1.0,-1.0,1552.306348
3231.0,950.0,971.0,-1.0,-1.0,-15.0,7368.0,4972822.5,1.0,0.0,23667.0,674.921620521,210.116301179,-1.0,-1.0,-1.0
3232.0,950.0,975.0,-1.0,-1.0,1.0,1524.0,158989.15625,0.0,1.0,1712.0,104.32359334,92.8674978096,-1.0,-1.0,1680.254976
3233.0,950.0,1015.0,-1.0,-1.0,-15.0,3612.0,1099057.125,0.0,1.0,6311.0,304.279381229,174.149441451,-1.0,-1.0,-1.0
3234.0,950.0,1036.0,-1.0,-1.0,1.0,6706.0,3821483.25,1.0,0.0,9802.0,569.860311661,389.86770557,-1.0,-1.0,5546.650171
3235.0,951.0,960.0,-1.0,-1.0,1.0,461.0,100712.039063,1.0,1.0,551.0,218.464292978,182.780470169,-1.0,-1.0,1959.61232
3236.0,951.0,975.0,-1.0,-1.0,1.0,1143.0,96809.1875,1.0,1.0,1417.0,84.697451881,68.3198218066,-1.0,-1.0,2972.044106
3237.0,952.0,953.0,-1.0,-1.0,1.0,609.0,72647.4140625,1.0,1.0,746.0,119.289678264,97.3825925771,-1.0,-1.0,3060.373078
3238.0,952.0,961.0,-1.0,-1.0,-15.0,1727.0,224748.609375,1.0,0.0,4883.0,130.138164085,46.0267477729,-1.0,-1.0,-1.0
3239.0,952.0,963.0,-1.0,-1.0,-15.0,1721.0,194718.609375,1.0,0.0,4823.0,113.142713175,40.372923362,-1.0,-1.0,-1.0
3240.0,952.0,978.0,-1.0,-1.0,1.0,1288.0,99386.6015625,1.0,1.0,1722.0,77.1635105299,57.7157964939,-1.0,-1.0,6662.975164
3241.0,953.0,978.0,-1.0,-1.0,1.0,1393.0,141043.453125,1.0,0.0,2138.0,101.251581569,65.9698096936,-1.0,-1.0,5531.219391
3242.0,953.0,1004.0,-1.0,-1.0,1.0,2946.0,556242.4375,1.0,0.0,9181.0,188.812775798,60.5862583052,-1.0,-1.0,4029.880625
3243.0,954.0,958.0,-1.0,-1.0,1.0,247.0,22278.7050781,1.0,1.0,357.0,90.197186551,62.4053363532,-1.0,-1.0,43458.49695
3244.0,954.0,966.0,-1.0,-1.0,1.0,506.0,52960.7695313,1.0,0.0,619.0,104.665552433,85.5585937501,-1.0,-1.0,41991.04915
3245.0,955.0,956.0,-1.0,-1.0,1.0,162.0,19313.7089844,1.0,1.0,193.0,119.22042583,100.071031007,-1.0,-1.0,35520.74372
3246.0,955.0,957.0,-1.0,-1.0,1.0,59.0,8000.0,1.0,1.0,80.0,135.593220339,100.0,-1.0,-1.0,115344.5817
3247.0,955.0,959.0,-1.0,-1.0,1.0,152.0,15570.4912109,1.0,1.0,169.0,102.437442177,92.1330840882,-1.0,-1.0,64441.98622
3248.0,955.0,971.0,-1.0,-1.0,-15.0,917.0,126762.523438,1.0,1.0,1749.0,138.236121525,72.4771431893,-1.0,-1.0,-1.0
3249.0,955.0,974.0,-1.0,-1.0,-15.0,835.0,117919.25,0.0,1.0,1307.0,141.220658683,90.2213083397,-1.0,-1.0,-1.0
3250.0,956.0,959.0,-1.0,-1.0,1.0,36.0,4256.78271484,1.0,1.0,56.0,118.243964301,76.0139770507,-1.0,-1.0,77635.09396
3251.0,956.0,965.0,-1.0,-1.0,-15.0,503.0,66952.1171875,1.0,1.0,967.0,133.10560077,69.2369360781,-1.0,-1.0,-1.0
3252.0,956.0,967.0,-1.0,-1.0,-15.0,112.0,11315.0673828,1.0,0.0,184.0,101.027387346,61.4949314283,-1.0,-1.0,-1.0
3253.0,957.0,959.0,-1.0,-1.0,1.0,130.0,15010.0,1.0,1.0,160.0,115.461538462,93.8125,-1.0,-1.0,6035.665711
3254.0,957.0,967.0,-1.0,-1.0,1.0,69.0,9010.0,1.0,1.0,100.0,130.579710145,90.1,-1.0,-1.0,110165.1848
3255.0,957.0,971.0,-1.0,-1.0,-15.0,829.0,114762.523438,1.0,0.0,1629.0,138.434889551,70.4496767575,-1.0,-1.0,-1.0
3256.0,957.0,974.0,-1.0,-1.0,-15.0,727.0,105919.25,0.0,1.0,1187.0,145.693603851,89.2327295703,-1.0,-1.0,-1.0
3257.0,958.0,965.0,-1.0,-1.0,1.0,147.0,11961.9208984,1.0,1.0,181.0,81.3736115537,66.0879607646,-1.0,-1.0,129106.9694
3258.0,958.0,966.0,-1.0,-1.0,1.0,360.0,30846.9179688,1.0,1.0,426.0,85.6858832467,72.4106055606,-1.0,-1.0,41062.42901
3259.0,958.0,973.0,-1.0,-1.0,-15.0,283.0,20435.2734375,1.0,1.0,494.0,72.2094467756,41.3669502783,-1.0,-1.0,-1.0
3260.0,959.0,965.0,-1.0,-1.0,-15.0,563.0,61893.8359375,0.0,1.0,859.0,109.935765431,72.0533596478,-1.0,-1.0,-1.0
3261.0,959.0,967.0,-1.0,-1.0,1.0,9.0,6256.78271484,1.0,1.0,76.0,695.198079427,82.3260883532,-1.0,-1.0,146434.7443
3262.0,960.0,975.0,-1.0,-1.0,1.0,930.0,166302.859375,1.0,1.0,1225.0,178.820278898,135.757436224,-1.0,-1.0,1072.414256
3263.0,960.0,1015.0,-1.0,-1.0,-15.0,3046.0,1106370.875,1.0,0.0,5823.0,363.220904465,190.000150266,-1.0,-1.0,-1.0
3264.0,960.0,1036.0,-1.0,-1.0,1.0,6568.0,3823947.75,1.0,0.0,9256.0,582.208853532,413.131779386,-1.0,-1.0,5516.66721
3265.0,961.0,962.0,-1.0,-1.0,1.0,27.0,30010.0,1.0,1.0,40.0,1111.48148148,750.25,-1.0,-1.0,1326.855113
3266.0,961.0,963.0,-1.0,-1.0,1.0,23.0,40000.0,1.0,1.0,40.0,1739.13043478,1000.0,-1.0,-1.0,1103.586388
3267.0,961.0,964.0,-1.0,-1.0,-15.0,30.0,44186.2773438,1.0,1.0,88.0,1472.87591146,502.116787998,-1.0,-1.0,-1.0
3268.0,961.0,978.0,-1.0,-1.0,-15.0,1620.0,216110.1875,0.0,1.0,2409.0,133.401350309,89.7095008302,-1.0,-1.0,-1.0
3269.0,962.0,963.0,-1.0,-1.0,-15.0,40.0,40068.2851563,0.0,1.0,108.0,1001.70712891,371.002640336,-1.0,-1.0,-1.0
3270.0,962.0,964.0,-1.0,-1.0,1.0,10.0,14156.2773438,1.0,1.0,28.0,1415.62773438,505.581333707,-1.0,-1.0,2394.390791
3271.0,962.0,970.0,-1.0,-1.0,-15.0,2591.0,191979.34375,1.0,0.0,4737.0,74.0946907565,40.5276216487,-1.0,-1.0,-1.0
3272.0,962.0,976.0,-1.0,-1.0,-15.0,1881.0,187466.515625,1.0,0.0,3765.0,99.6632193647,49.7919032205,-1.0,-1.0,-1.0
3273.0,962.0,981.0,-1.0,-1.0,-15.0,1441.0,168947.03125,1.0,1.0,2565.0,117.24290857,65.8662889864,-1.0,-1.0,-1.0
3274.0,963.0,964.0,-1.0,-1.0,1.0,9.0,20020.0,1.0,1.0,40.0,2224.44444444,500.5,-1.0,-1.0,2006.297448
3275.0,963.0,978.0,-1.0,-1.0,-15.0,1566.0,186080.1875,1.0,1.0,2349.0,118.82515166,79.2167677735,-1.0,-1.0,-1.0
3276.0,963.0,981.0,-1.0,-1.0,-15.0,1479.0,168955.3125,0.0,1.0,2574.0,114.236181542,65.6392045455,-1.0,-1.0,-1.0
3277.0,963.0,992.0,-1.0,-1.0,-15.0,1512.0,288222.65625,1.0,0.0,3300.0,190.623449901,87.3401988636,-1.0,-1.0,-1.0
3278.0,963.0,998.0,-1.0,-1.0,-15.0,1563.0,326570.8125,1.0,0.0,3845.0,208.938459693,84.9338914174,-1.0,-1.0,-1.0
3279.0,964.0,981.0,-1.0,-1.0,1.0,1424.0,148907.03125,1.0,1.0,2505.0,104.569544417,59.4439246507,-1.0,-1.0,5860.000056
3280.0,964.0,992.0,-1.0,-1.0,-15.0,1500.0,268174.375,1.0,0.0,3232.0,178.782916667,82.9747447401,-1.0,-1.0,-1.0
3281.0,965.0,967.0,-1.0,-1.0,1.0,492.0,55395.6289063,1.0,1.0,541.0,112.592741679,102.39487783,-1.0,-1.0,14620.10662
3282.0,965.0,969.0,-1.0,-1.0,1.0,342.0,55347.34375,1.0,1.0,493.0,161.83433845,112.266417343,-1.0,-1.0,14879.45011
3283.0,965.0,973.0,-1.0,-1.0,1.0,75.0,7085.20996094,1.0,1.0,84.0,94.4694661459,84.3477376302,-1.0,-1.0,103141.2273
3284.0,966.0,973.0,-1.0,-1.0,1.0,108.0,12256.7832031,1.0,1.0,136.0,113.488733362,90.1234059051,-1.0,-1.0,83274.82644
3285.0,966.0,986.0,-1.0,-1.0,-15.0,1156.0,122089.109375,1.0,0.0,1547.0,105.613416414,78.9199155624,-1.0,-1.0,-1.0
3286.0,967.0,968.0,-1.0,-1.0,1.0,53.0,7085.20996094,1.0,1.0,84.0,133.68320681,84.3477376302,-1.0,-1.0,109313.7987
3287.0,967.0,969.0,-1.0,-1.0,1.0,142.0,176.56854248,1.0,1.0,176.0,1.24344044,1.003230355,-1.0,-1.0,87328.00768
3288.0,967.0,971.0,-1.0,-1.0,-15.0,618.0,105310.476563,1.0,0.0,1129.0,170.405301882,93.2776586032,-1.0,-1.0,-1.0
3289.0,967.0,974.0,-1.0,-1.0,-15.0,443.0,96467.203125,0.0,1.0,686.0,217.758923533,140.62274508,-1.0,-1.0,-1.0
3290.0,967.0,977.0,-1.0,-1.0,1.0,854.0,74230.1171875,0.0,1.0,1009.0,86.9205119292,73.5680051412,-1.0,-1.0,28766.82279
3291.0,967.0,990.0,-1.0,-1.0,1.0,1094.0,111809.195313,0.0,1.0,1227.0,102.2021895,91.1240385599,-1.0,-1.0,47899.59278
3292.0,968.0,969.0,-1.0,-1.0,-15.0,337.0,7430.06298828,1.0,0.0,429.0,22.0476646536,17.3194941452,-1.0,-1.0,-1.0
3293.0,968.0,971.0,-1.0,-1.0,-15.0,503.0,98185.265625,1.0,0.0,1004.0,195.199335239,97.7940892679,-1.0,-1.0,-1.0
3294.0,968.0,974.0,-1.0,-1.0,1.0,326.0,89341.9921875,1.0,1.0,561.0,274.055190759,159.254888035,-1.0,-1.0,67062.36021
3295.0,968.0,982.0,-1.0,-1.0,-15.0,724.0,113723.625,0.0,1.0,942.0,157.07683011,120.725716561,-1.0,-1.0,-1.0
3296.0,968.0,990.0,-1.0,-1.0,1.0,1057.0,110008.84375,0.0,1.0,1137.0,104.076484153,96.7536004837,-1.0,-1.0,41854.26242
3297.0,969.0,973.0,-1.0,-1.0,1.0,376.0,55543.5664063,1.0,1.0,453.0,147.722251081,122.612729374,-1.0,-1.0,3609.261752
3298.0,969.0,974.0,-1.0,-1.0,1.0,687.0,96662.9765625,1.0,0.0,840.0,140.703022653,115.074972098,-1.0,-1.0,69670.8044
3299.0,969.0,977.0,-1.0,-1.0,1.0,698.0,74048.6953125,1.0,1.0,827.0,106.086956035,89.5389302449,-1.0,-1.0,28634.53162
3300.0,969.0,982.0,-1.0,-1.0,-15.0,925.0,121044.609375,1.0,0.0,1222.0,130.859037162,99.0545084902,-1.0,-1.0,-1.0
3301.0,970.0,976.0,-1.0,-1.0,1.0,891.0,22681.1191406,1.0,1.0,1160.0,25.4558015046,19.5526889143,-1.0,-1.0,3158.2413
3302.0,970.0,981.0,-1.0,-1.0,1.0,1469.0,22752.3164063,0.0,1.0,1891.0,15.488302523,12.031896566,-1.0,-1.0,7201.373215
3303.0,970.0,988.0,-1.0,-1.0,1.0,1356.0,42753.6757813,1.0,1.0,1803.0,31.5292594257,23.712521232,-1.0,-1.0,9047.856085
3304.0,970.0,989.0,-1.0,-1.0,1.0,1464.0,43605.390625,1.0,1.0,2655.0,29.7851028859,16.4238759416,-1.0,-1.0,9099.055038
3305.0,970.0,993.0,-1.0,-1.0,1.0,1389.0,43306.8125,1.0,1.0,2356.0,31.1784107271,18.3814993633,-1.0,-1.0,9164.576393
3306.0,971.0,974.0,-1.0,-1.0,1.0,157.0,8650.13378906,1.0,1.0,249.0,55.0963935609,34.7394931288,-1.0,-1.0,63896.56969
3307.0,971.0,982.0,-1.0,-1.0,-15.0,519.0,33031.7695313,1.0,0.0,631.0,63.6450279987,52.3482876883,-1.0,-1.0,-1.0
3308.0,971.0,985.0,-1.0,-1.0,-15.0,834.0,38503.34375,0.0,1.0,982.0,46.1670788369,39.2091076884,-1.0,-1.0,-1.0
3309.0,971.0,1036.0,-1.0,-1.0,-15.0,5233.0,1150229.25,1.0,0.0,13744.0,219.803028855,83.6895554424,-1.0,-1.0,-1.0
3310.0,973.0,977.0,-1.0,-1.0,1.0,306.0,29477.203125,1.0,1.0,386.0,96.3307291667,76.3658112047,-1.0,-1.0,70586.98112
3311.0,973.0,979.0,-1.0,-1.0,1.0,359.0,39656.8554688,1.0,1.0,396.0,110.464778465,100.143574416,-1.0,-1.0,55823.12892
3312.0,973.0,986.0,-1.0,-1.0,1.0,764.0,83389.484375,1.0,0.0,867.0,109.148539758,96.1816428777,-1.0,-1.0,58570.85618
3313.0,974.0,982.0,-1.0,-1.0,1.0,232.0,24256.7832031,1.0,1.0,256.0,104.555100013,94.7530593871,-1.0,-1.0,194127.3451
3314.0,974.0,985.0,-1.0,-1.0,-15.0,584.0,29728.3554688,0.0,1.0,608.0,50.9047182685,48.8953214947,-1.0,-1.0,-1.0
3315.0,974.0,990.0,-1.0,-1.0,-15.0,727.0,105045.625,0.0,1.0,864.0,144.491918845,121.580584491,-1.0,-1.0,-1.0
3316.0,975.0,1015.0,-1.0,-1.0,1.0,2190.0,938909.75,1.0,1.0,4430.0,428.725913242,211.943510158,-1.0,-1.0,5137.367604
3317.0,975.0,1021.0,-1.0,-1.0,-15.0,6793.0,8349813.0,1.0,0.0,71236.0,1229.1790078,117.213389298,-1.0,-1.0,-1.0
3318.0,976.0,981.0,-1.0,-1.0,1.0,554.0,18239.4824219,1.0,1.0,919.0,32.9232534691,19.8470973035,-1.0,-1.0,6688.085818
3319.0,976.0,988.0,-1.0,-1.0,1.0,580.0,49682.546875,1.0,0.0,732.0,85.6595635776,67.8723317964,-1.0,-1.0,8251.478565
3320.0,977.0,979.0,-1.0,-1.0,1.0,177.0,20485.28125,1.0,1.0,204.0,115.73605226,100.418045343,-1.0,-1.0,8415.48639
3321.0,977.0,982.0,-1.0,-1.0,1.0,899.0,188739.609375,1.0,0.0,1607.0,209.943948137,117.448419026,-1.0,-1.0,49409.9111
3322.0,977.0,986.0,-1.0,-1.0,1.0,556.0,57188.4726563,1.0,1.0,605.0,102.856965209,94.5264010848,-1.0,-1.0,49375.05755
3323.0,977.0,990.0,-1.0,-1.0,1.0,681.0,156782.890625,1.0,1.0,1827.0,230.224508994,85.814390052,-1.0,-1.0,21228.48465
3324.0,977.0,995.0,-1.0,-1.0,-15.0,848.0,90673.3984375,0.0,1.0,1010.0,106.926177403,89.7756420173,-1.0,-1.0,-1.0
3325.0,978.0,981.0,-1.0,-1.0,1.0,2508.0,132395.09375,0.0,1.0,2923.0,52.7891123405,45.2942503421,-1.0,-1.0,6307.14035
3326.0,978.0,984.0,-1.0,-1.0,1.0,397.0,158450.484375,1.0,1.0,546.0,399.119607997,290.202352335,-1.0,-1.0,6593.146683
3327.0,978.0,987.0,-1.0,-1.0,1.0,449.0,158598.765625,1.0,1.0,694.0,353.226649499,228.528480728,-1.0,-1.0,6585.343554
3328.0,978.0,998.0,-1.0,-1.0,1.0,1539.0,265558.875,1.0,0.0,2861.0,172.552875244,92.8202988466,-1.0,-1.0,6277.354119
3329.0,978.0,1004.0,-1.0,-1.0,1.0,2206.0,465404.0625,1.0,0.0,3963.0,210.971923164,117.437310749,-1.0,-1.0,3522.389385
3330.0,978.0,1007.0,-1.0,-1.0,-15.0,2132.0,472019.0,1.0,0.0,4227.0,221.39727955,111.667612964,-1.0,-1.0,-1.0
3331.0,979.0,986.0,-1.0,-1.0,1.0,392.0,43732.625,1.0,1.0,471.0,111.562818878,92.8505838641,-1.0,-1.0,61747.50239
3332.0,980.0,983.0,-1.0,-1.0,1.0,255.0,145838.0,1.0,1.0,1090.0,571.91372549,133.796330275,-1.0,-1.0,1936.812569
3333.0,980.0,1021.0,-1.0,-1.0,1.0,3360.0,1188480.875,1.0,0.0,7072.0,353.714546131,168.05442237,-1.0,-1.0,765.3802807
3334.0,981.0,987.0,-1.0,-1.0,1.0,2661.0,218561.25,0.0,1.0,3831.0,82.135005637,57.0507047768,-1.0,-1.0,4476.638951
3335.0,981.0,988.0,-1.0,-1.0,1.0,380.0,48832.9140625,1.0,1.0,542.0,128.507668586,90.0976274216,-1.0,-1.0,8147.175725
3336.0,981.0,992.0,-1.0,-1.0,-15.0,964.0,167780.90625,1.0,1.0,1239.0,174.046583247,135.416389225,-1.0,-1.0,-1.0
3337.0,981.0,996.0,-1.0,-1.0,1.0,705.0,138884.203125,1.0,1.0,882.0,196.998869681,157.465082908,-1.0,-1.0,9639.178273
3338.0,981.0,998.0,-1.0,-1.0,-15.0,1163.0,224476.609375,0.0,1.0,1520.0,193.015141337,147.681979852,-1.0,-1.0,-1.0
3339.0,981.0,1000.0,-1.0,-1.0,1.0,908.0,97837.6484375,1.0,0.0,1973.0,107.750714138,49.5882658071,-1.0,-1.0,7239.942718
3340.0,982.0,985.0,-1.0,-1.0,1.0,27.0,4000.0,1.0,1.0,40.0,148.148148148,100.0,-1.0,-1.0,314630.6314
3341.0,982.0,990.0,-1.0,-1.0,1.0,322.0,79455.84375,1.0,1.0,434.0,246.757278727,183.077980991,-1.0,-1.0,76301.02454
3342.0,982.0,1036.0,-1.0,-1.0,-15.0,4827.0,1115725.875,1.0,0.0,12802.0,231.142712865,87.1524664115,-1.0,-1.0,-1.0
3343.0,983.0,1004.0,-1.0,-1.0,1.0,1961.0,206013.546875,1.0,1.0,3034.0,105.055352817,67.9016304796,-1.0,-1.0,2477.179937
3344.0,983.0,1007.0,-1.0,-1.0,1.0,2177.0,210351.890625,0.0,1.0,3437.0,96.6246626665,61.2021794079,-1.0,-1.0,2361.772263
3345.0,983.0,1021.0,-1.0,-1.0,1.0,3357.0,1074898.875,1.0,0.0,6049.0,320.19626899,177.698607208,-1.0,-1.0,782.0894362
3346.0,983.0,1029.0,-1.0,-1.0,1.0,3882.0,1026857.4375,1.0,1.0,6244.0,264.517629444,164.455066864,-1.0,-1.0,802.7153532
3347.0,984.0,987.0,-1.0,-1.0,1.0,76.0,153.137084961,1.0,1.0,153.0,2.01496164422,1.00089598014,-1.0,-1.0,3502.298669
3348.0,984.0,998.0,-1.0,-1.0,1.0,1316.0,198563.359375,1.0,0.0,2409.0,150.884011683,82.4256369344,-1.0,-1.0,3839.417506
3349.0,984.0,1001.0,-1.0,-1.0,1.0,851.0,84814.5546875,1.0,0.0,974.0,99.6645766011,87.0785982418,-1.0,-1.0,6318.779106
3350.0,985.0,990.0,-1.0,-1.0,-15.0,304.0,85688.984375,1.0,1.0,727.0,281.871659128,117.866553473,-1.0,-1.0,-1.0
3351.0,985.0,995.0,-1.0,-1.0,-15.0,1311.0,216004.375,0.0,1.0,2266.0,164.763062548,95.3240842895,-1.0,-1.0,-1.0
3352.0,985.0,1036.0,-1.0,-1.0,-15.0,4774.0,1110695.875,1.0,0.0,12722.0,232.655189568,87.3051308756,-1.0,-1.0,-1.0
3353.0,985.0,1043.0,-1.0,-1.0,-15.0,4615.0,1074209.625,0.0,1.0,11531.0,232.764815818,93.1584099384,-1.0,-1.0,-1.0
3354.0,985.0,1046.0,-1.0,-1.0,-15.0,4593.0,1070704.75,1.0,1.0,11406.0,233.116644894,93.8720629493,-1.0,-1.0,-1.0
3355.0,985.0,1089.0,-1.0,-1.0,1.0,5483.0,721451.875,0.0,1.0,8753.0,131.579769287,82.4233834114,-1.0,-1.0,106400.9942
3356.0,985.0,1140.0,-1.0,-1.0,1.0,6711.0,605844.8125,0.0,1.0,7657.0,90.2763839219,79.1230001959,-1.0,-1.0,100269.5221
3357.0,985.0,1156.0,-1.0,-1.0,1.0,6928.0,596963.125,0.0,1.0,7846.0,86.1667328233,76.0850274025,-1.0,-1.0,109000.4001
3358.0,986.0,990.0,-1.0,-1.0,1.0,915.0,132401.65625,1.0,0.0,1645.0,144.701263661,80.4873290274,-1.0,-1.0,4617.281434
3359.0,986.0,995.0,-1.0,-1.0,1.0,354.0,33476.640625,1.0,1.0,396.0,94.5667814266,84.5369712753,-1.0,-1.0,164968.1574
3360.0,987.0,998.0,-1.0,-1.0,1.0,1399.0,198524.78125,0.0,1.0,2371.0,141.904775733,83.730401202,-1.0,-1.0,3841.009792
3361.0,987.0,1001.0,-1.0,-1.0,1.0,813.0,84775.9765625,1.0,1.0,935.0,104.275493927,90.6694936497,-1.0,-1.0,6324.585502
3362.0,987.0,1002.0,-1.0,-1.0,-15.0,1137.0,179745.359375,0.0,1.0,1293.0,158.087387313,139.014199053,-1.0,-1.0,-1.0
3363.0,987.0,1007.0,-1.0,-1.0,-15.0,1900.0,313509.9375,1.0,0.0,3623.0,165.005230263,86.5332424786,-1.0,-1.0,-1.0
3364.0,987.0,1008.0,-1.0,-1.0,-15.0,1182.0,193215.640625,0.0,1.0,1583.0,163.465008989,122.056627053,-1.0,-1.0,-1.0
3365.0,988.0,993.0,-1.0,-1.0,1.0,1695.0,1847.69555664,1.0,1.0,1847.0,1.09008587412,1.00037658724,-1.0,-1.0,6303.831646
3366.0,988.0,996.0,-1.0,-1.0,-15.0,1105.0,187997.109375,0.0,1.0,1705.0,170.133130656,110.262234238,-1.0,-1.0,-1.0
3367.0,988.0,997.0,-1.0,-1.0,1.0,1727.0,1917.40112305,1.0,1.0,1917.0,1.11024963697,1.0002092452,-1.0,-1.0,6529.234813
3368.0,988.0,1000.0,-1.0,-1.0,1.0,656.0,49073.015625,1.0,1.0,1498.0,74.8064262576,32.7590224466,-1.0,-1.0,8214.225449
3369.0,988.0,1012.0,-1.0,-1.0,1.0,1317.0,108179.226563,0.0,1.0,2089.0,82.1406427965,51.7851730795,-1.0,-1.0,12225.12943
3370.0,989.0,991.0,-1.0,-1.0,1.0,81.0,108.28427124,1.0,1.0,108.0,1.33684285481,1.00263214111,-1.0,-1.0,6388.031461
3371.0,989.0,993.0,-1.0,-1.0,1.0,348.0,411.126983643,1.0,1.0,411.0,1.18139937828,1.00030896264,-1.0,-1.0,2043.334568
3372.0,989.0,997.0,-1.0,-1.0,1.0,372.0,439.411254883,1.0,0.0,439.0,1.18121305076,1.00093679928,-1.0,-1.0,3673.531129
3373.0,990.0,995.0,-1.0,-1.0,1.0,886.0,129547.171875,1.0,1.0,1350.0,146.215769611,95.9608680556,-1.0,-1.0,39667.56222
3374.0,990.0,1046.0,-1.0,-1.0,-15.0,4711.0,1152852.0,1.0,0.0,11099.0,244.714922522,103.869898189,-1.0,-1.0,-1.0
3375.0,991.0,993.0,-1.0,-1.0,1.0,351.0,437.989898682,0.0,1.0,437.0,1.24783446918,1.00226521438,-1.0,-1.0,1322.367451
3376.0,991.0,997.0,-1.0,-1.0,1.0,343.0,466.274169922,1.0,1.0,466.0,1.35939991231,1.00058834747,-1.0,-1.0,2543.177657
3377.0,991.0,999.0,-1.0,-1.0,1.0,410.0,455.979797363,1.0,1.0,455.0,1.11214584723,1.0021534008,-1.0,-1.0,3035.298133
3378.0,991.0,1022.0,-1.0,-1.0,1.0,2297.0,227679.671875,1.0,0.0,4021.0,99.1204492273,56.6226490612,-1.0,-1.0,2063.817311
3379.0,992.0,994.0,-1.0,-1.0,1.0,59.0,6828.42724609,1.0,1.0,68.0,115.736055018,100.418047737,-1.0,-1.0,1399.514178
3380.0,992.0,996.0,-1.0,-1.0,1.0,244.0,28256.7832031,1.0,1.0,296.0,115.806488537,95.4621054159,-1.0,-1.0,2991.449084
3381.0,992.0,998.0,-1.0,-1.0,1.0,107.0,52627.4179688,1.0,1.0,173.0,491.845027746,304.204728143,-1.0,-1.0,2732.343918
3382.0,993.0,997.0,-1.0,-1.0,1.0,53.0,68.2842712402,1.0,1.0,68.0,1.28838247623,1.00418045941,-1.0,-1.0,14987.26483
3383.0,994.0,996.0,-1.0,-1.0,1.0,279.0,36742.0625,1.0,0.0,381.0,131.691980287,96.4358595801,-1.0,-1.0,2347.712078
3384.0,994.0,998.0,-1.0,-1.0,1.0,107.0,57455.84375,1.0,1.0,221.0,536.970502336,259.981193439,-1.0,-1.0,2499.144734
3385.0,994.0,1005.0,-1.0,-1.0,-15.0,711.0,121420.25,1.0,0.0,1020.0,170.773909986,119.039460784,-1.0,-1.0,-1.0
3386.0,995.0,1046.0,-1.0,-1.0,-15.0,5094.0,1224643.0,1.0,0.0,11806.0,240.408912446,103.730560732,-1.0,-1.0,-1.0
3387.0,995.0,1140.0,-1.0,-1.0,1.0,6316.0,593333.1875,1.0,1.0,7288.0,93.9412899778,81.4123473518,-1.0,-1.0,105918.0799
3388.0,995.0,1189.0,-1.0,-1.0,1.0,7072.0,703323.125,1.0,0.0,8145.0,99.4517993495,86.3502915899,-1.0,-1.0,96855.45826
3389.0,996.0,998.0,-1.0,-1.0,-15.0,466.0,84952.484375,0.0,1.0,577.0,182.301468616,147.231342071,-1.0,-1.0,-1.0
3390.0,996.0,1000.0,-1.0,-1.0,-15.0,875.0,237001.84375,1.0,1.0,3136.0,270.85925,75.5745675223,-1.0,-1.0,-1.0
3391.0,996.0,1005.0,-1.0,-1.0,-15.0,716.0,159603.1875,1.0,1.0,1517.0,222.909479749,105.209747858,-1.0,-1.0,-1.0
3392.0,996.0,1009.0,-1.0,-1.0,1.0,807.0,156344.75,1.0,1.0,1040.0,193.73574969,150.331490385,-1.0,-1.0,4434.013882
3393.0,996.0,1010.0,-1.0,-1.0,1.0,860.0,155859.46875,1.0,1.0,1035.0,181.231940407,150.588858696,-1.0,-1.0,4136.826391
3394.0,996.0,1013.0,-1.0,-1.0,1.0,907.0,161173.171875,1.0,0.0,1089.0,177.699197216,148.001076102,-1.0,-1.0,3712.478735
3395.0,997.0,999.0,-1.0,-1.0,1.0,121.0,144.852813721,1.0,1.0,144.0,1.19713069191,1.00592231751,-1.0,-1.0,4043.449124
3396.0,997.0,1000.0,-1.0,-1.0,1.0,2009.0,49902.7226563,1.0,0.0,2328.0,24.8395832037,21.4358774297,-1.0,-1.0,8024.135049
3397.0,997.0,1012.0,-1.0,-1.0,1.0,2483.0,109008.9375,0.0,1.0,2919.0,43.9021093435,37.3446171634,-1.0,-1.0,12114.1061
3398.0,997.0,1019.0,-1.0,-1.0,1.0,1948.0,654965.75,1.0,1.0,3744.0,336.224717659,174.937433226,-1.0,-1.0,3049.756934
3399.0,997.0,1022.0,-1.0,-1.0,1.0,2238.0,227376.828125,0.0,1.0,3718.0,101.598225257,61.1556826587,-1.0,-1.0,2062.553408
3400.0,998.0,1001.0,-1.0,-1.0,1.0,918.0,246240.515625,1.0,0.0,2207.0,268.235855801,111.572503681,-1.0,-1.0,1628.150117
3401.0,998.0,1003.0,-1.0,-1.0,1.0,687.0,73142.34375,1.0,1.0,831.0,106.466293668,88.0172608303,-1.0,-1.0,10510.13523
3402.0,998.0,1005.0,-1.0,-1.0,-15.0,711.0,73250.625,1.0,1.0,939.0,103.02478903,78.0091853035,-1.0,-1.0,-1.0
3403.0,998.0,1008.0,-1.0,-1.0,1.0,577.0,166834.578125,1.0,1.0,1047.0,289.141383232,159.345346824,-1.0,-1.0,5221.950664
3404.0,999.0,1019.0,-1.0,-1.0,1.0,1879.0,655103.75,1.0,0.0,3882.0,348.644890899,168.754185987,-1.0,-1.0,3049.158066
3405.0,999.0,1022.0,-1.0,-1.0,1.0,2055.0,227225.109375,1.0,1.0,3566.0,110.57182938,63.71988485,-1.0,-1.0,2063.169556
3406.0,1000.0,1010.0,-1.0,-1.0,1.0,816.0,179680.015625,0.0,1.0,1100.0,220.19609758,163.34546875,-1.0,-1.0,6275.632447
3407.0,1000.0,1012.0,-1.0,-1.0,1.0,629.0,149680.015625,1.0,1.0,800.0,237.965048688,187.100019531,-1.0,-1.0,6349.109002
3408.0,1000.0,1013.0,-1.0,-1.0,1.0,679.0,165680.015625,1.0,1.0,960.0,244.005914028,172.583349609,-1.0,-1.0,6456.799126
3409.0,1000.0,1017.0,-1.0,-1.0,1.0,1257.0,634333.4375,1.0,0.0,1753.0,504.640761734,361.855925556,-1.0,-1.0,3794.565362
3410.0,1000.0,1019.0,-1.0,-1.0,1.0,1403.0,695910.0,1.0,0.0,1898.0,496.015680684,366.654373024,-1.0,-1.0,2343.676667
3411.0,1001.0,1002.0,-1.0,-1.0,1.0,299.0,94969.3828125,1.0,1.0,357.0,317.623353888,266.020680147,-1.0,-1.0,9253.327508
3412.0,1001.0,1004.0,-1.0,-1.0,1.0,2049.0,222392.15625,0.0,1.0,2695.0,108.536923499,82.5202806122,-1.0,-1.0,8333.248065
3413.0,1001.0,1007.0,-1.0,-1.0,-15.0,1884.0,229007.078125,1.0,1.0,2960.0,121.553650809,77.3672561233,-1.0,-1.0,-1.0
3414.0,1001.0,1008.0,-1.0,-1.0,1.0,330.0,108439.65625,1.0,0.0,647.0,328.605018939,167.603796368,-1.0,-1.0,9814.387412
3415.0,1001.0,1020.0,-1.0,-1.0,-15.0,1468.0,276034.125,0.0,1.0,2291.0,188.034145095,120.486305107,-1.0,-1.0,-1.0
3416.0,1002.0,1007.0,-1.0,-1.0,-15.0,2019.0,323976.46875,1.0,0.0,3318.0,160.463828009,97.6420942586,-1.0,-1.0,-1.0
3417.0,1002.0,1008.0,-1.0,-1.0,1.0,58.0,22818.4804688,1.0,1.0,487.0,393.422077048,46.8551960345,-1.0,-1.0,10210.09572
3418.0,1002.0,1020.0,-1.0,-1.0,-15.0,1111.0,190412.9375,1.0,1.0,2131.0,171.388782628,89.3537951666,-1.0,-1.0,-1.0
3419.0,1002.0,1045.0,-1.0,-1.0,-15.0,3424.0,1220052.375,1.0,0.0,11097.0,356.323707652,109.944343066,-1.0,-1.0,-1.0
3420.0,1003.0,1005.0,-1.0,-1.0,1.0,20.0,28.2842712402,1.0,1.0,28.0,1.41421356201,1.01015254429,-1.0,-1.0,11631.13999
3421.0,1003.0,1008.0,-1.0,-1.0,-15.0,208.0,102000.164063,1.0,1.0,1273.0,490.385404149,80.1258162317,-1.0,-1.0,-1.0
3422.0,1003.0,1020.0,-1.0,-1.0,-15.0,863.0,268314.375,1.0,0.0,1637.0,310.908893395,163.906154551,-1.0,-1.0,-1.0
3423.0,1004.0,1007.0,-1.0,-1.0,1.0,45.0,6060.0,1.0,1.0,120.0,134.666666667,50.5,-1.0,-1.0,3781.959099
3424.0,1004.0,1029.0,-1.0,-1.0,1.0,4303.0,1178646.0,1.0,0.0,7521.0,273.912619103,156.714000798,-1.0,-1.0,1067.36965
3425.0,1004.0,1079.0,-1.0,-1.0,-15.0,3498.0,1705345.75,1.0,0.0,14047.0,487.520225843,121.402844024,-1.0,-1.0,-1.0
3426.0,1005.0,1008.0,-1.0,-1.0,1.0,338.0,89531.6015625,0.0,1.0,995.0,264.886395155,89.981509108,-1.0,-1.0,2503.407106
3427.0,1005.0,1009.0,-1.0,-1.0,1.0,90.0,14485.28125,1.0,1.0,144.0,160.947569444,100.592230903,-1.0,-1.0,6768.271958
3428.0,1005.0,1020.0,-1.0,-1.0,1.0,885.0,255845.8125,1.0,0.0,1359.0,289.091313559,188.260347682,-1.0,-1.0,12371.39544
3429.0,1007.0,1045.0,-1.0,-1.0,-15.0,3114.0,1534680.625,1.0,0.0,14217.0,492.832570649,107.946868186,-1.0,-1.0,-1.0
3430.0,1007.0,1079.0,-1.0,-1.0,-15.0,3452.0,1711960.625,1.0,0.0,14312.0,495.932973638,119.617148197,-1.0,-1.0,-1.0
3431.0,1008.0,1009.0,-1.0,-1.0,1.0,652.0,82360.0234375,0.0,1.0,924.0,126.319054352,89.1342244995,-1.0,-1.0,3136.120768
3432.0,1008.0,1010.0,-1.0,-1.0,1.0,801.0,91531.6015625,0.0,1.0,1015.0,114.271662375,90.1789177956,-1.0,-1.0,3355.72656
3433.0,1008.0,1012.0,-1.0,-1.0,-15.0,1164.0,128703.171875,0.0,1.0,1387.0,110.569735288,92.7924815249,-1.0,-1.0,-1.0
3434.0,1008.0,1013.0,-1.0,-1.0,1.0,931.0,104703.171875,0.0,1.0,1147.0,112.463127685,91.284369551,-1.0,-1.0,3435.390182
3435.0,1008.0,1014.0,-1.0,-1.0,1.0,1125.0,121874.742188,0.0,1.0,1319.0,108.333104167,92.3993496497,-1.0,-1.0,2920.833852
3436.0,1008.0,1020.0,-1.0,-1.0,1.0,726.0,166886.765625,1.0,1.0,935.0,229.871577996,178.488519385,-1.0,-1.0,18245.44852
3437.0,1008.0,1031.0,-1.0,-1.0,1.0,2812.0,239067.421875,0.0,1.0,3670.0,85.0168641092,65.1409868869,-1.0,-1.0,17640.93369
3438.0,1009.0,1010.0,-1.0,-1.0,1.0,10.0,4828.42724609,1.0,1.0,48.0,482.842724609,100.592234294,-1.0,-1.0,15208.17314
3439.0,1009.0,1013.0,-1.0,-1.0,-15.0,140.0,19656.8535156,1.0,0.0,196.0,140.40609654,100.290068957,-1.0,-1.0,-1.0
3440.0,1009.0,1020.0,-1.0,-1.0,1.0,893.0,248674.25,1.0,0.0,1287.0,278.470604703,193.22008547,-1.0,-1.0,12796.22054
3441.0,1010.0,1013.0,-1.0,-1.0,1.0,24.0,4000.0,1.0,1.0,40.0,166.666666667,100.0,-1.0,-1.0,18365.42675
3442.0,1010.0,1020.0,-1.0,-1.0,1.0,927.0,257845.8125,1.0,0.0,1379.0,278.150822546,186.980284627,-1.0,-1.0,12531.25616
3443.0,1012.0,1013.0,-1.0,-1.0,1.0,42.0,14000.0,1.0,1.0,140.0,333.333333333,100.0,-1.0,-1.0,10476.70247
3444.0,1012.0,1014.0,-1.0,-1.0,1.0,43.0,6828.42724609,1.0,1.0,68.0,158.80063363,100.418047737,-1.0,-1.0,21161.46761
3445.0,1012.0,1017.0,-1.0,-1.0,1.0,1064.0,552410.5,1.0,1.0,1549.0,519.182800752,356.623950936,-1.0,-1.0,2828.015207
3446.0,1012.0,1018.0,-1.0,-1.0,-15.0,1083.0,627095.625,1.0,1.0,1722.0,579.03566482,364.167029617,-1.0,-1.0,-1.0
3447.0,1012.0,1019.0,-1.0,-1.0,1.0,1245.0,613987.0625,0.0,1.0,1693.0,493.162299197,362.662175133,-1.0,-1.0,1365.798581
3448.0,1012.0,1031.0,-1.0,-1.0,-15.0,2138.0,363600.5,0.0,1.0,2899.0,170.065715622,125.422731977,-1.0,-1.0,-1.0
3449.0,1013.0,1014.0,-1.0,-1.0,1.0,12.0,8828.42675781,1.0,1.0,88.0,735.702229817,100.323031339,-1.0,-1.0,5738.710956
3450.0,1013.0,1020.0,-1.0,-1.0,-15.0,989.0,271017.375,1.0,0.0,1511.0,274.031723964,179.362921906,-1.0,-1.0,-1.0
3451.0,1014.0,1018.0,-1.0,-1.0,-15.0,1121.0,635924.0625,1.0,0.0,1810.0,567.282838983,351.33926105,-1.0,-1.0,-1.0
3452.0,1014.0,1020.0,-1.0,-1.0,1.0,1107.0,288188.96875,1.0,0.0,1682.0,260.333305104,171.337080113,-1.0,-1.0,11315.14213
3453.0,1014.0,1023.0,-1.0,-1.0,-15.0,1340.0,360825.78125,1.0,0.0,3228.0,269.272971082,111.7799818,-1.0,-1.0,-1.0
3454.0,1014.0,1024.0,-1.0,-1.0,-15.0,1385.0,363474.59375,1.0,0.0,2363.0,262.436529783,153.819125582,-1.0,-1.0,-1.0
3455.0,1014.0,1025.0,-1.0,-1.0,1.0,1376.0,358811.1875,1.0,0.0,2309.0,260.763944404,155.396789736,-1.0,-1.0,11704.81303
3456.0,1015.0,1021.0,-1.0,-1.0,-15.0,6232.0,7969163.5,1.0,0.0,67480.0,1278.748957,118.096673088,-1.0,-1.0,-1.0
3457.0,1015.0,1036.0,-1.0,-1.0,1.0,5525.0,3575805.0,1.0,1.0,7442.0,647.204524887,480.489787691,-1.0,-1.0,4977.944414
3458.0,1015.0,1055.0,-1.0,-1.0,-15.0,5641.0,6212278.5,1.0,0.0,33022.0,1101.27255806,188.125446672,-1.0,-1.0,-1.0
3459.0,1015.0,1069.0,-1.0,-1.0,-15.0,3067.0,4932903.0,1.0,0.0,21879.0,1608.38050212,225.462909639,-1.0,-1.0,-1.0
3460.0,1015.0,1084.0,-1.0,-1.0,-15.0,3105.0,4932613.5,1.0,0.0,21590.0,1588.60338164,228.467508106,-1.0,-1.0,-1.0
3461.0,1017.0,1018.0,-1.0,-1.0,1.0,46.0,62440.5507813,1.0,1.0,76.0,1357.40327785,821.586194491,-1.0,-1.0,13293.19474
3462.0,1017.0,1019.0,-1.0,-1.0,1.0,47.0,62440.5507813,1.0,1.0,76.0,1328.52235705,821.586194491,-1.0,-1.0,13919.89734
3463.0,1017.0,1031.0,-1.0,-1.0,1.0,1357.0,471507.75,0.0,1.0,1620.0,347.463338246,291.054166667,-1.0,-1.0,7302.38
3464.0,1018.0,1019.0,-1.0,-1.0,-15.0,155.0,126683.398438,1.0,0.0,241.0,817.312247987,525.657254929,-1.0,-1.0,-1.0
3465.0,1018.0,1025.0,-1.0,-1.0,1.0,989.0,389834.0625,1.0,0.0,1150.0,394.169931749,338.986141304,-1.0,-1.0,6410.154759
3466.0,1018.0,1031.0,-1.0,-1.0,1.0,1308.0,387645.84375,1.0,1.0,1522.0,296.365323968,254.695035315,-1.0,-1.0,6999.646378
3467.0,1018.0,1032.0,-1.0,-1.0,-15.0,1332.0,388156.96875,1.0,0.0,2033.0,291.409135698,190.928169577,-1.0,-1.0,-1.0
3468.0,1019.0,1022.0,-1.0,-1.0,1.0,2030.0,882218.5625,1.0,1.0,7338.0,434.590424877,120.22602378,-1.0,-1.0,2150.018777
3469.0,1019.0,1027.0,-1.0,-1.0,1.0,2023.0,904162.875,1.0,0.0,7923.0,446.941608997,114.118752367,-1.0,-1.0,2085.665226
3470.0,1019.0,1031.0,-1.0,-1.0,-15.0,1341.0,535674.0,0.0,1.0,1708.0,399.458612975,313.6264637,-1.0,-1.0,-1.0
3471.0,1019.0,1032.0,-1.0,-1.0,-15.0,1319.0,536185.125,1.0,0.0,2219.0,406.508813495,241.633675079,-1.0,-1.0,-1.0
3472.0,1019.0,1033.0,-1.0,-1.0,-15.0,1340.0,536305.125,1.0,0.0,2339.0,400.227705224,229.288210774,-1.0,-1.0,-1.0
3473.0,1020.0,1023.0,-1.0,-1.0,1.0,858.0,71370.2578125,1.0,1.0,1269.0,83.1821186626,56.2413379137,-1.0,-1.0,14571.13735
3474.0,1020.0,1028.0,-1.0,-1.0,1.0,1162.0,95497.53125,1.0,0.0,1642.0,82.183761833,58.1592760353,-1.0,-1.0,11094.6489
3475.0,1020.0,1030.0,-1.0,-1.0,1.0,1325.0,113012.25,1.0,0.0,1817.0,85.2922641509,62.1971656577,-1.0,-1.0,9555.736338
3476.0,1020.0,1031.0,-1.0,-1.0,1.0,2038.0,91090.0078125,0.0,1.0,2711.0,44.6957840101,33.6001504288,-1.0,-1.0,13712.67876
3477.0,1020.0,1037.0,-1.0,-1.0,1.0,1532.0,130036.96875,1.0,0.0,2172.0,84.8805279047,59.869690953,-1.0,-1.0,11337.91224
3478.0,1020.0,1045.0,-1.0,-1.0,-15.0,3100.0,1028372.8125,1.0,0.0,8689.0,331.733165323,118.353413799,-1.0,-1.0,-1.0
3479.0,1020.0,1048.0,-1.0,-1.0,-15.0,3096.0,1022024.125,1.0,0.0,8690.0,330.111151486,117.609220368,-1.0,-1.0,-1.0
3480.0,1020.0,1059.0,-1.0,-1.0,1.0,2527.0,383077.28125,1.0,1.0,3813.0,151.593700534,100.466111002,-1.0,-1.0,12835.98112
3481.0,1020.0,1075.0,-1.0,-1.0,-15.0,2929.0,620256.4375,1.0,1.0,5340.0,211.76389126,116.152890918,-1.0,-1.0,-1.0
3482.0,1021.0,1029.0,-1.0,-1.0,1.0,1106.0,76256.65625,1.0,1.0,1800.0,68.9481521248,42.3648090278,-1.0,-1.0,1566.831904
3483.0,1021.0,1055.0,-1.0,-1.0,-15.0,2517.0,3550422.25,1.0,0.0,43043.0,1410.57697656,82.4854738285,-1.0,-1.0,-1.0
3484.0,1022.0,1027.0,-1.0,-1.0,1.0,216.0,17809.9921875,1.0,1.0,329.0,82.4536675347,54.1337148556,-1.0,-1.0,3274.991231
3485.0,1022.0,1031.0,-1.0,-1.0,-15.0,2562.0,701862.25,0.0,1.0,9433.0,273.950917252,74.4049878088,-1.0,-1.0,-1.0
3486.0,1022.0,1033.0,-1.0,-1.0,-15.0,2252.0,702493.375,0.0,1.0,10064.0,311.941996004,69.8026008545,-1.0,-1.0,-1.0
3487.0,1022.0,1117.0,-1.0,-1.0,-15.0,3548.0,894792.625,1.0,0.0,14270.0,252.19634301,62.7044586545,-1.0,-1.0,-1.0
3488.0,1023.0,1024.0,-1.0,-1.0,-15.0,174.0,39315.0664063,1.0,1.0,304.0,225.948657507,129.325876337,-1.0,-1.0,-1.0
3489.0,1023.0,1026.0,-1.0,-1.0,1.0,52.0,22856.7109375,1.0,1.0,96.0,439.552133413,238.090738932,-1.0,-1.0,3787.205427
3490.0,1023.0,1028.0,-1.0,-1.0,1.0,381.0,56962.625,1.0,1.0,637.0,149.5082021,89.4232731554,-1.0,-1.0,1008.85948
3491.0,1023.0,1031.0,-1.0,-1.0,1.0,1096.0,70545.953125,0.0,1.0,2265.0,64.366745552,31.14611617,-1.0,-1.0,3893.837887
3492.0,1023.0,1037.0,-1.0,-1.0,1.0,832.0,91502.0625,0.0,1.0,1168.0,109.978440505,78.3408069349,-1.0,-1.0,5448.89512
3493.0,1023.0,1059.0,-1.0,-1.0,1.0,2107.0,344542.375,0.0,1.0,2809.0,163.522721879,122.656594874,-1.0,-1.0,11457.97451
3494.0,1024.0,1025.0,-1.0,-1.0,1.0,19.0,3010.0,1.0,1.0,40.0,158.421052632,75.25,-1.0,-1.0,9905.59858
3495.0,1024.0,1026.0,-1.0,-1.0,1.0,142.0,15428.3554688,1.0,1.0,168.0,108.650390625,91.835449219,-1.0,-1.0,4951.430773
3496.0,1024.0,1028.0,-1.0,-1.0,1.0,423.0,65854.765625,1.0,1.0,479.0,155.685025118,137.483853079,-1.0,-1.0,2201.953878
3497.0,1024.0,1031.0,-1.0,-1.0,-15.0,863.0,49819.6171875,0.0,1.0,1409.0,57.7284092555,35.3581385291,-1.0,-1.0,-1.0
3498.0,1024.0,1034.0,-1.0,-1.0,1.0,545.0,68657.0625,1.0,1.0,626.0,125.976261468,109.67581869,-1.0,-1.0,3781.017316
3499.0,1025.0,1031.0,-1.0,-1.0,1.0,798.0,45121.046875,1.0,1.0,1320.0,56.5426652569,34.1826112689,-1.0,-1.0,7124.857541
3500.0,1025.0,1034.0,-1.0,-1.0,1.0,546.0,66428.5625,1.0,1.0,617.0,121.664033883,107.663796596,-1.0,-1.0,4140.944123
3501.0,1025.0,1035.0,-1.0,-1.0,1.0,628.0,64775.5234375,1.0,0.0,1925.0,103.145737958,33.6496225649,-1.0,-1.0,5082.069496
3502.0,1026.0,1028.0,-1.0,-1.0,1.0,304.0,54627.4179688,1.0,1.0,353.0,179.695453845,154.751892263,-1.0,-1.0,1816.1903
3503.0,1027.0,1033.0,-1.0,-1.0,-15.0,2076.0,724437.75,1.0,0.0,10648.0,348.958453757,68.0351004884,-1.0,-1.0,-1.0
3504.0,1027.0,1072.0,-1.0,-1.0,-15.0,3047.0,890746.3125,1.0,0.0,13251.0,292.33551444,67.2210635046,-1.0,-1.0,-1.0
3505.0,1027.0,1117.0,-1.0,-1.0,-15.0,3299.0,916736.9375,1.0,0.0,14854.0,277.883279024,61.7165031305,-1.0,-1.0,-1.0
3506.0,1028.0,1030.0,-1.0,-1.0,1.0,161.0,17656.8535156,1.0,1.0,176.0,109.669897612,100.323031339,-1.0,-1.0,3234.658981
3507.0,1028.0,1034.0,-1.0,-1.0,1.0,334.0,46627.4179688,1.0,1.0,466.0,139.603047811,100.058836843,-1.0,-1.0,4554.465708
3508.0,1028.0,1037.0,-1.0,-1.0,1.0,401.0,49470.0,0.0,1.0,640.0,123.366583541,77.296875,-1.0,-1.0,9911.420014
3509.0,1029.0,1055.0,-1.0,-1.0,-15.0,2093.0,3502380.75,1.0,0.0,43237.0,1673.37828476,81.0042498323,-1.0,-1.0,-1.0
3510.0,1029.0,1079.0,-1.0,-1.0,-15.0,4091.0,2884410.0,1.0,0.0,21577.0,705.062331948,133.679844279,-1.0,-1.0,-1.0
3511.0,1029.0,1100.0,-1.0,-1.0,-15.0,2186.0,3140697.75,1.0,0.0,42433.0,1436.73273102,74.0154537742,-1.0,-1.0,-1.0
3512.0,1029.0,1149.0,-1.0,-1.0,-15.0,4502.0,2654960.0,1.0,0.0,22838.0,589.729009329,116.251860934,-1.0,-1.0,-1.0
3513.0,1030.0,1034.0,-1.0,-1.0,-15.0,368.0,70312.5546875,1.0,1.0,731.0,191.066724694,96.1868053181,-1.0,-1.0,-1.0
3514.0,1030.0,1037.0,-1.0,-1.0,1.0,203.0,38828.4257813,1.0,1.0,228.0,191.273033405,170.300113076,-1.0,-1.0,11899.91469
3515.0,1031.0,1032.0,-1.0,-1.0,1.0,176.0,491.126983643,1.0,1.0,491.0,2.79049422524,1.00025862249,-1.0,-1.0,23146.20404
3516.0,1031.0,1033.0,-1.0,-1.0,1.0,317.0,611.12701416,0.0,1.0,611.0,1.92784547054,1.00020787915,-1.0,-1.0,21282.67987
3517.0,1031.0,1034.0,-1.0,-1.0,-15.0,677.0,33164.84375,0.0,1.0,834.0,48.9879523634,39.7659997002,-1.0,-1.0,-1.0
3518.0,1031.0,1035.0,-1.0,-1.0,1.0,535.0,19716.4882813,1.0,1.0,666.0,36.8532491239,29.6043367587,-1.0,-1.0,6169.217914
3519.0,1031.0,1038.0,-1.0,-1.0,1.0,332.0,7704.77294922,1.0,1.0,534.0,23.2071474374,14.4284137626,-1.0,-1.0,11129.92243
3520.0,1031.0,1040.0,-1.0,-1.0,1.0,420.0,20198.4902344,1.0,1.0,497.0,48.0916434152,40.6408254213,-1.0,-1.0,3481.415854
3521.0,1032.0,1033.0,-1.0,-1.0,1.0,93.0,108.28427124,1.0,1.0,108.0,1.16434700258,1.00263214111,-1.0,-1.0,17182.91055
3522.0,1032.0,1040.0,-1.0,-1.0,1.0,512.0,20284.7636719,1.0,1.0,584.0,39.6186790467,34.7341843697,-1.0,-1.0,2985.272183
3523.0,1032.0,1047.0,-1.0,-1.0,1.0,886.0,356799.46875,0.0,1.0,999.0,402.708204007,357.156625375,-1.0,-1.0,4714.773707
3524.0,1033.0,1040.0,-1.0,-1.0,1.0,594.0,20404.7636719,1.0,0.0,704.0,34.3514539931,28.9840393067,-1.0,-1.0,2894.671335
3525.0,1033.0,1047.0,-1.0,-1.0,1.0,920.0,356919.46875,1.0,1.0,1119.0,387.955944293,318.962885389,-1.0,-1.0,4708.592028
3526.0,1033.0,1072.0,-1.0,-1.0,1.0,1495.0,166680.28125,1.0,1.0,2974.0,111.491826923,56.0458242266,-1.0,-1.0,18443.47671
3527.0,1033.0,1117.0,-1.0,-1.0,1.0,3000.0,192670.953125,0.0,1.0,4577.0,64.2236510417,42.0954671455,-1.0,-1.0,12594.16702
3528.0,1034.0,1035.0,-1.0,-1.0,1.0,87.0,12828.4267578,1.0,1.0,128.0,147.453181124,100.222084045,-1.0,-1.0,6899.180174
3529.0,1034.0,1037.0,-1.0,-1.0,1.0,342.0,39455.84375,1.0,1.0,394.0,115.367964181,100.141735406,-1.0,-1.0,9195.785981
3530.0,1034.0,1039.0,-1.0,-1.0,-15.0,444.0,45760.9101563,0.0,1.0,519.0,103.065112965,88.1713105131,-1.0,-1.0,-1.0
3531.0,1035.0,1037.0,-1.0,-1.0,1.0,435.0,49798.9882813,1.0,0.0,497.0,114.480432831,100.199171592,-1.0,-1.0,6865.378679
3532.0,1035.0,1038.0,-1.0,-1.0,1.0,290.0,21013.2792969,1.0,1.0,393.0,72.4595837824,53.4689040634,-1.0,-1.0,3794.543857
3533.0,1035.0,1039.0,-1.0,-1.0,-15.0,533.0,56104.0585938,0.0,1.0,622.0,105.260897925,90.1994511154,-1.0,-1.0,-1.0
3534.0,1035.0,1049.0,-1.0,-1.0,1.0,805.0,296781.90625,1.0,1.0,1162.0,368.673175466,255.406115534,-1.0,-1.0,6148.607172
3535.0,1036.0,1042.0,-1.0,-1.0,1.0,689.0,323365.21875,1.0,1.0,1607.0,469.325426343,201.222911481,-1.0,-1.0,4923.639756
3536.0,1036.0,1046.0,-1.0,-1.0,1.0,1206.0,528048.4375,1.0,0.0,2353.0,437.851109038,224.414975563,-1.0,-1.0,3542.243302
3537.0,1036.0,1053.0,-1.0,-1.0,1.0,927.0,369975.6875,1.0,0.0,2008.0,399.110774002,184.250840388,-1.0,-1.0,4149.321003
3538.0,1036.0,1067.0,-1.0,-1.0,1.0,1252.0,343218.75,1.0,0.0,2057.0,274.136381789,166.854035002,-1.0,-1.0,5002.754983
3539.0,1036.0,1082.0,-1.0,-1.0,1.0,1446.0,334228.75,1.0,0.0,2057.0,231.140214385,162.483592611,-1.0,-1.0,6209.771868
3540.0,1036.0,1084.0,-1.0,-1.0,-15.0,5157.0,1355698.25,1.0,0.0,14027.0,262.885059143,96.6491944108,-1.0,-1.0,-1.0
3541.0,1037.0,1039.0,-1.0,-1.0,1.0,3.0,3428.35571289,1.0,1.0,48.0,1142.78523763,71.4240773519,-1.0,-1.0,37922.95291
3542.0,1037.0,1049.0,-1.0,-1.0,1.0,737.0,282913.125,1.0,0.0,860.0,383.871268657,328.96875,-1.0,-1.0,5554.173217
3543.0,1037.0,1059.0,-1.0,-1.0,1.0,1222.0,293080.3125,1.0,1.0,1760.0,239.836589607,166.52290483,-1.0,-1.0,11912.93762
3544.0,1038.0,1040.0,-1.0,-1.0,1.0,150.0,19313.7089844,1.0,1.0,193.0,128.758059896,100.071031007,-1.0,-1.0,1682.089573
3545.0,1038.0,1041.0,-1.0,-1.0,1.0,136.0,14828.4267578,1.0,1.0,148.0,109.03254969,100.192072688,-1.0,-1.0,3092.595704
3546.0,1038.0,1047.0,-1.0,-1.0,1.0,588.0,360799.0,0.0,1.0,657.0,613.603741497,549.161339422,-1.0,-1.0,4510.664151
3547.0,1038.0,1049.0,-1.0,-1.0,1.0,674.0,305401.8125,1.0,1.0,1282.0,453.118416172,238.222942668,-1.0,-1.0,5917.811025
3548.0,1039.0,1049.0,-1.0,-1.0,1.0,722.0,281827.90625,1.0,1.0,869.0,390.343360457,324.31289557,-1.0,-1.0,5146.41054
3549.0,1039.0,1050.0,-1.0,-1.0,1.0,790.0,305295.5625,1.0,0.0,1321.0,386.450079114,231.109434141,-1.0,-1.0,7396.470635
3550.0,1039.0,1059.0,-1.0,-1.0,1.0,1188.0,288514.46875,1.0,1.0,1672.0,242.857296928,172.556500449,-1.0,-1.0,11677.29938
3551.0,1039.0,1094.0,-1.0,-1.0,1.0,1558.0,213440.390625,0.0,1.0,1983.0,136.996399631,107.635093608,-1.0,-1.0,15506.25348
3552.0,1040.0,1041.0,-1.0,-1.0,1.0,61.0,19313.7089844,1.0,1.0,193.0,316.618180072,100.071031007,-1.0,-1.0,3160.992143
3553.0,1040.0,1047.0,-1.0,-1.0,1.0,419.0,341485.28125,1.0,1.0,464.0,815.000671241,735.959657866,-1.0,-1.0,4815.036035
3554.0,1041.0,1047.0,-1.0,-1.0,1.0,429.0,360799.0,1.0,1.0,657.0,841.023310023,549.161339422,-1.0,-1.0,4461.25103
3555.0,1041.0,1049.0,-1.0,-1.0,-15.0,593.0,322555.3125,1.0,0.0,1535.0,543.938132378,210.133754072,-1.0,-1.0,-1.0
3556.0,1042.0,1044.0,-1.0,-1.0,1.0,678.0,206911.6875,0.0,1.0,754.0,305.179480088,274.418683687,-1.0,-1.0,1734.250836
3557.0,1042.0,1046.0,-1.0,-1.0,1.0,634.0,206340.046875,1.0,1.0,762.0,325.457487185,270.787463091,-1.0,-1.0,1750.166901
3558.0,1042.0,1053.0,-1.0,-1.0,1.0,246.0,59656.8554688,1.0,1.0,276.0,242.507542556,216.148027061,-1.0,-1.0,5510.971483
3559.0,1042.0,1057.0,-1.0,-1.0,1.0,662.0,181989.40625,0.0,1.0,907.0,274.908468656,200.64984151,-1.0,-1.0,3488.91851
3560.0,1042.0,1082.0,-1.0,-1.0,-15.0,924.0,165337.34375,0.0,1.0,1115.0,178.93651921,148.284613229,-1.0,-1.0,-1.0
3561.0,1043.0,1046.0,-1.0,-1.0,1.0,12.0,2828.42724609,1.0,1.0,28.0,235.702270508,101.015258789,-1.0,-1.0,1467.99999
3562.0,1043.0,1089.0,-1.0,-1.0,-15.0,909.0,395891.875,0.0,1.0,1957.0,435.524614961,202.295286152,-1.0,-1.0,-1.0
3563.0,1044.0,1046.0,-1.0,-1.0,1.0,6.0,2000.0,1.0,1.0,20.0,333.333333333,100.0,-1.0,-1.0,4127.029294
3564.0,1044.0,1053.0,-1.0,-1.0,1.0,645.0,245396.96875,1.0,0.0,819.0,380.460416667,299.629998474,-1.0,-1.0,2029.187136
3565.0,1044.0,1057.0,-1.0,-1.0,1.0,474.0,261740.109375,1.0,0.0,649.0,552.194323576,403.297549114,-1.0,-1.0,1833.807821
3566.0,1045.0,1048.0,-1.0,-1.0,1.0,36.0,12846.9169922,1.0,1.0,133.0,356.858805339,96.5933608436,-1.0,-1.0,1619.33788
3567.0,1045.0,1052.0,-1.0,-1.0,1.0,61.0,13015.2011719,1.0,1.0,301.0,213.363953638,43.239871003,-1.0,-1.0,1678.809172
3568.0,1045.0,1065.0,-1.0,-1.0,1.0,840.0,377500.6875,1.0,0.0,1367.0,449.405580357,276.152660936,-1.0,-1.0,1880.571065
3569.0,1045.0,1075.0,-1.0,-1.0,-15.0,1179.0,390498.03125,0.0,1.0,3060.0,331.211222434,127.613735703,-1.0,-1.0,-1.0
3570.0,1045.0,1079.0,-1.0,-1.0,1.0,859.0,372443.75,1.0,1.0,1443.0,433.578288708,258.103776854,-1.0,-1.0,1905.348567
3571.0,1045.0,1092.0,-1.0,-1.0,1.0,942.0,352245.84375,0.0,1.0,2299.0,373.93401672,153.216982927,-1.0,-1.0,4771.387592
3572.0,1046.0,1053.0,-1.0,-1.0,1.0,638.0,244825.328125,1.0,0.0,827.0,383.738758817,296.04030003,-1.0,-1.0,2050.207835
3573.0,1046.0,1057.0,-1.0,-1.0,1.0,444.0,261168.46875,1.0,1.0,657.0,588.217271959,397.516695205,-1.0,-1.0,1832.351802
3574.0,1046.0,1063.0,-1.0,-1.0,1.0,383.0,310600.0625,1.0,0.0,535.0,810.966220627,580.560864486,-1.0,-1.0,3089.195363
3575.0,1046.0,1068.0,-1.0,-1.0,1.0,374.0,307584.78125,1.0,1.0,572.0,822.419201203,537.735631556,-1.0,-1.0,3515.952922
3576.0,1046.0,1080.0,-1.0,-1.0,-15.0,573.0,360251.625,1.0,0.0,789.0,628.711387435,456.592680608,-1.0,-1.0,-1.0
3577.0,1046.0,1089.0,-1.0,-1.0,-15.0,662.0,392386.9375,1.0,1.0,1832.0,592.72951284,214.185009552,-1.0,-1.0,-1.0
3578.0,1046.0,1140.0,-1.0,-1.0,-15.0,3720.0,752915.75,1.0,0.0,6186.0,202.396706989,121.712859683,-1.0,-1.0,-1.0
3579.0,1047.0,1049.0,-1.0,-1.0,1.0,152.0,188284.265625,1.0,1.0,188.0,1238.71227385,1001.5120512,-1.0,-1.0,1694.239418
3580.0,1047.0,1051.0,-1.0,-1.0,1.0,50.0,70724.8203125,1.0,1.0,84.0,1414.49640625,841.962146577,-1.0,-1.0,7162.148269
3581.0,1047.0,1056.0,-1.0,-1.0,1.0,130.0,147293.359375,1.0,1.0,161.0,1133.02584135,914.86558618,-1.0,-1.0,7095.813212
3582.0,1047.0,1072.0,-1.0,-1.0,1.0,582.0,413478.96875,1.0,1.0,1257.0,710.444963488,328.941104813,-1.0,-1.0,3755.424449
3583.0,1047.0,1094.0,-1.0,-1.0,1.0,906.0,404598.78125,0.0,1.0,1187.0,446.577021247,340.858282435,-1.0,-1.0,5465.704033
3584.0,1048.0,1052.0,-1.0,-1.0,1.0,113.0,286.274169922,1.0,1.0,286.0,2.53339973382,1.00095863609,-1.0,-1.0,6008.719569
3585.0,1048.0,1075.0,-1.0,-1.0,-15.0,1091.0,384149.375,1.0,0.0,3061.0,352.107584785,125.49799902,-1.0,-1.0,-1.0
3586.0,1048.0,1092.0,-1.0,-1.0,1.0,853.0,345897.1875,1.0,1.0,2301.0,405.506667644,150.324722947,-1.0,-1.0,4865.426217
3587.0,1049.0,1050.0,-1.0,-1.0,1.0,13.0,54156.2773438,1.0,1.0,68.0,4165.86748798,796.415843291,-1.0,-1.0,17414.68088
3588.0,1049.0,1051.0,-1.0,-1.0,1.0,117.0,136568.546875,1.0,1.0,136.0,1167.25253739,1004.18049173,-1.0,-1.0,2731.686509
3589.0,1049.0,1054.0,-1.0,-1.0,-15.0,91.0,108312.554688,1.0,1.0,136.0,1190.24785371,796.415843294,-1.0,-1.0,-1.0
3590.0,1049.0,1056.0,-1.0,-1.0,1.0,134.0,141421.359375,1.0,1.0,141.0,1055.38327892,1002.98836436,-1.0,-1.0,6264.850354
3591.0,1049.0,1060.0,-1.0,-1.0,-15.0,192.0,208312.5625,1.0,1.0,236.0,1084.96126302,882.680349576,-1.0,-1.0,-1.0
3592.0,1049.0,1094.0,-1.0,-1.0,-15.0,800.0,300311.09375,0.0,1.0,1255.0,375.388867188,239.291708167,-1.0,-1.0,-1.0
3593.0,1050.0,1054.0,-1.0,-1.0,1.0,20.0,20000.0,1.0,1.0,20.0,1000.0,1000.0,-1.0,-1.0,17722.89389
3594.0,1050.0,1059.0,-1.0,-1.0,1.0,1105.0,331909.8125,1.0,0.0,1257.0,300.370871041,264.049174622,-1.0,-1.0,3969.293227
3595.0,1050.0,1094.0,-1.0,-1.0,1.0,749.0,227442.203125,0.0,1.0,1151.0,303.66115237,197.60399924,-1.0,-1.0,5273.083045
3596.0,1051.0,1056.0,-1.0,-1.0,1.0,42.0,68284.2734375,1.0,1.0,68.0,1625.81603423,1004.18049173,-1.0,-1.0,9155.25391
3597.0,1052.0,1065.0,-1.0,-1.0,1.0,777.0,371002.3125,1.0,0.0,1218.0,477.480453668,304.599599754,-1.0,-1.0,1896.944406
3598.0,1052.0,1079.0,-1.0,-1.0,1.0,796.0,365945.40625,0.0,1.0,1295.0,459.730409862,282.58332529,-1.0,-1.0,1922.387999
3599.0,1052.0,1092.0,-1.0,-1.0,1.0,891.0,345747.46875,1.0,1.0,2151.0,388.044297138,160.738014296,-1.0,-1.0,4870.491938
3600.0,1052.0,1110.0,-1.0,-1.0,1.0,1166.0,279207.78125,1.0,1.0,1543.0,239.457788379,180.95125162,-1.0,-1.0,7326.43215
3601.0,1053.0,1057.0,-1.0,-1.0,1.0,362.0,151954.546875,1.0,1.0,766.0,419.763941644,198.374082082,-1.0,-1.0,3843.206202
3602.0,1053.0,1061.0,-1.0,-1.0,1.0,272.0,123982.757813,1.0,1.0,386.0,455.818962548,321.198854438,-1.0,-1.0,4312.230078
3603.0,1053.0,1062.0,-1.0,-1.0,1.0,232.0,81982.7578125,1.0,1.0,306.0,353.373956088,267.917509191,-1.0,-1.0,3135.318303
3604.0,1053.0,1067.0,-1.0,-1.0,1.0,252.0,98783.6953125,1.0,1.0,374.0,391.998790923,264.127527574,-1.0,-1.0,6692.3641
3605.0,1053.0,1081.0,-1.0,-1.0,1.0,520.0,115942.835938,0.0,1.0,674.0,222.966992188,172.022011777,-1.0,-1.0,4982.386607
3606.0,1053.0,1082.0,-1.0,-1.0,1.0,577.0,104573.914063,0.0,1.0,722.0,181.237286071,144.839216154,-1.0,-1.0,9750.950027
3607.0,1054.0,1059.0,-1.0,-1.0,1.0,1089.0,314324.03125,1.0,0.0,1224.0,288.635474059,256.800679126,-1.0,-1.0,3213.534218
3608.0,1054.0,1060.0,-1.0,-1.0,1.0,30.0,40000.0,1.0,1.0,40.0,1333.33333333,1000.0,-1.0,-1.0,12302.01144
3609.0,1054.0,1094.0,-1.0,-1.0,1.0,676.0,201596.765625,0.0,1.0,1047.0,298.220067493,192.547054083,-1.0,-1.0,4400.279713
3610.0,1055.0,1069.0,-1.0,-1.0,-15.0,5096.0,1279350.375,1.0,0.0,11118.0,251.049916601,115.070190232,-1.0,-1.0,-1.0
3611.0,1055.0,1100.0,-1.0,-1.0,-15.0,1181.0,510484.71875,1.0,1.0,1908.0,432.247856689,267.549642951,-1.0,-1.0,-1.0
3612.0,1055.0,1102.0,-1.0,-1.0,1.0,1092.0,509338.15625,1.0,1.0,1751.0,466.426883013,290.884155483,-1.0,-1.0,6933.555786
3613.0,1055.0,1122.0,-1.0,-1.0,1.0,1718.0,864871.3125,1.0,1.0,2904.0,503.417527648,297.820699897,-1.0,-1.0,6695.001725
3614.0,1055.0,1130.0,-1.0,-1.0,-15.0,2499.0,1009333.75,1.0,0.0,6167.0,403.895058023,163.666896384,-1.0,-1.0,-1.0
3615.0,1056.0,1060.0,-1.0,-1.0,1.0,334.0,245664.125,1.0,1.0,849.0,735.521332335,289.357037691,-1.0,-1.0,3949.485304
3616.0,1056.0,1072.0,-1.0,-1.0,1.0,535.0,187127.1875,1.0,0.0,1125.0,349.770443925,166.335277778,-1.0,-1.0,3038.559983
3617.0,1056.0,1094.0,-1.0,-1.0,1.0,680.0,178042.125,1.0,1.0,851.0,261.826654412,209.215188014,-1.0,-1.0,6852.427382
3618.0,1056.0,1105.0,-1.0,-1.0,1.0,827.0,178701.34375,1.0,0.0,1071.0,216.083849758,166.854662698,-1.0,-1.0,9868.586992
3619.0,1057.0,1058.0,-1.0,-1.0,1.0,25.0,3428.35571289,1.0,1.0,48.0,137.134228516,71.4240773519,-1.0,-1.0,12440.75211
3620.0,1057.0,1061.0,-1.0,-1.0,1.0,181.0,77228.28125,1.0,1.0,368.0,426.675587017,209.859459918,-1.0,-1.0,1696.45539
3621.0,1057.0,1063.0,-1.0,-1.0,-15.0,269.0,117955.265625,1.0,0.0,333.0,438.495411245,354.220016892,-1.0,-1.0,-1.0
3622.0,1057.0,1064.0,-1.0,-1.0,-15.0,50.0,15828.4267578,1.0,0.0,68.0,316.568535156,232.770981732,-1.0,-1.0,-1.0
3623.0,1057.0,1068.0,-1.0,-1.0,-15.0,296.0,125704.921875,0.0,1.0,704.0,424.678790118,178.558127663,-1.0,-1.0,-1.0
3624.0,1058.0,1061.0,-1.0,-1.0,1.0,207.0,75228.28125,0.0,1.0,348.0,363.421648551,216.173221983,-1.0,-1.0,1782.214329
3625.0,1058.0,1063.0,-1.0,-1.0,1.0,253.0,113698.484375,1.0,1.0,276.0,449.401124012,411.951030344,-1.0,-1.0,4470.674429
3626.0,1058.0,1064.0,-1.0,-1.0,1.0,16.0,11000.0,1.0,1.0,20.0,687.5,550.0,-1.0,-1.0,8031.374796
3627.0,1058.0,1068.0,-1.0,-1.0,-15.0,278.0,120276.570313,0.0,1.0,636.0,432.6495335,189.114104266,-1.0,-1.0,-1.0
3628.0,1058.0,1076.0,-1.0,-1.0,1.0,241.0,50308.2851563,0.0,1.0,368.0,208.748071188,136.70729662,-1.0,-1.0,2476.361567
3629.0,1058.0,1077.0,-1.0,-1.0,-15.0,180.0,66046.7109375,1.0,0.0,356.0,366.926171875,185.524468926,-1.0,-1.0,-1.0
3630.0,1058.0,1081.0,-1.0,-1.0,1.0,327.0,52361.421875,0.0,1.0,441.0,160.126672401,118.733382937,-1.0,-1.0,3777.749203
3631.0,1059.0,1060.0,-1.0,-1.0,1.0,1065.0,268078.5625,1.0,0.0,1402.0,251.716960094,191.211528174,-1.0,-1.0,2252.835687
3632.0,1059.0,1070.0,-1.0,-1.0,1.0,136.0,46952.484375,1.0,1.0,164.0,345.238855699,286.295636433,-1.0,-1.0,34976.33906
3633.0,1059.0,1073.0,-1.0,-1.0,-15.0,182.0,52972.484375,1.0,1.0,244.0,291.057606456,217.100345799,-1.0,-1.0,-1.0
3634.0,1059.0,1075.0,-1.0,-1.0,1.0,903.0,234024.296875,1.0,1.0,1342.0,259.163119463,174.384721963,-1.0,-1.0,26123.30153
3635.0,1059.0,1094.0,-1.0,-1.0,1.0,1166.0,217811.71875,0.0,1.0,1808.0,186.802503216,120.471083379,-1.0,-1.0,2308.647903
3636.0,1059.0,1097.0,-1.0,-1.0,-15.0,804.0,357013.6875,0.0,1.0,1976.0,444.046875,180.674943067,-1.0,-1.0,-1.0
3637.0,1059.0,1104.0,-1.0,-1.0,-15.0,1013.0,229126.796875,1.0,0.0,2113.0,226.186374013,108.436723557,-1.0,-1.0,-1.0
3638.0,1060.0,1094.0,-1.0,-1.0,1.0,471.0,117744.546875,1.0,1.0,679.0,249.98842224,173.408758284,-1.0,-1.0,3762.580293
3639.0,1060.0,1104.0,-1.0,-1.0,1.0,834.0,156933.734375,1.0,0.0,1027.0,188.169945294,152.807920521,-1.0,-1.0,12200.64412
3640.0,1061.0,1062.0,-1.0,-1.0,1.0,55.0,53112.6992188,1.0,1.0,96.0,965.685440342,553.257283529,-1.0,-1.0,6378.02109
3641.0,1061.0,1064.0,-1.0,-1.0,1.0,194.0,46374.5625,1.0,0.0,296.0,239.044136598,156.670819257,-1.0,-1.0,3740.04403
3642.0,1061.0,1076.0,-1.0,-1.0,1.0,238.0,41229.7070313,1.0,0.0,289.0,173.234063157,142.663346129,-1.0,-1.0,4546.295393
3643.0,1061.0,1081.0,-1.0,-1.0,1.0,258.0,41216.5703125,1.0,1.0,276.0,159.754148498,149.335399683,-1.0,-1.0,2550.333632
3644.0,1062.0,1067.0,-1.0,-1.0,1.0,170.0,84178.28125,1.0,0.0,268.0,495.166360294,314.098064366,-1.0,-1.0,7285.16286
3645.0,1062.0,1081.0,-1.0,-1.0,1.0,272.0,39304.8515625,1.0,1.0,344.0,144.503130744,114.258289426,-1.0,-1.0,9044.657205
3646.0,1062.0,1083.0,-1.0,-1.0,1.0,277.0,50394.8515625,1.0,0.0,464.0,181.930872067,108.609593885,-1.0,-1.0,6873.444854
3647.0,1063.0,1068.0,-1.0,-1.0,1.0,8.0,12428.3554688,1.0,1.0,48.0,1553.5444336,258.924072267,-1.0,-1.0,11490.90987
3648.0,1063.0,1076.0,-1.0,-1.0,1.0,395.0,117462.84375,0.0,1.0,564.0,297.374287975,208.267453457,-1.0,-1.0,3504.589015
3649.0,1063.0,1077.0,-1.0,-1.0,1.0,109.0,68941.125,1.0,1.0,184.0,632.487385321,374.680027174,-1.0,-1.0,1552.769177
3650.0,1064.0,1074.0,-1.0,-1.0,1.0,170.0,35354.5625,1.0,0.0,276.0,207.968014706,128.096240942,-1.0,-1.0,9759.771881
3651.0,1064.0,1076.0,-1.0,-1.0,1.0,199.0,23362.8457031,1.0,1.0,244.0,117.401234689,95.7493676357,-1.0,-1.0,2258.314267
3652.0,1064.0,1077.0,-1.0,-1.0,-15.0,146.0,39192.9882813,1.0,0.0,324.0,268.445125214,120.966013214,-1.0,-1.0,-1.0
3653.0,1065.0,1079.0,-1.0,-1.0,1.0,6.0,23227.3457031,1.0,1.0,133.0,3871.22428385,174.641697016,-1.0,-1.0,1353.68244
3654.0,1065.0,1110.0,-1.0,-1.0,1.0,1008.0,468043.125,1.0,0.0,1709.0,464.328497024,273.869587478,-1.0,-1.0,3548.267189
3655.0,1067.0,1081.0,-1.0,-1.0,1.0,363.0,63463.1367188,0.0,1.0,533.0,174.829577738,119.067798722,-1.0,-1.0,14262.26424
3656.0,1067.0,1082.0,-1.0,-1.0,1.0,275.0,9366.56835938,1.0,1.0,376.0,34.0602485796,24.9110860622,-1.0,-1.0,39828.84861
3657.0,1067.0,1083.0,-1.0,-1.0,1.0,274.0,71143.8359375,1.0,0.0,766.0,259.649036268,92.8770704145,-1.0,-1.0,5146.0236
3658.0,1067.0,1088.0,-1.0,-1.0,1.0,416.0,63944.9257813,0.0,1.0,684.0,153.713763897,93.4867335984,-1.0,-1.0,8705.193146
3659.0,1068.0,1077.0,-1.0,-1.0,1.0,106.0,45941.125,1.0,1.0,124.0,433.406839623,370.492943548,-1.0,-1.0,4128.456722
3660.0,1068.0,1078.0,-1.0,-1.0,1.0,107.0,35010.0,1.0,1.0,200.0,327.196261682,175.05,-1.0,-1.0,5627.41489
3661.0,1068.0,1080.0,-1.0,-1.0,1.0,141.0,31656.8535156,1.0,1.0,156.0,224.5166916,202.928548177,-1.0,-1.0,12519.0306
3662.0,1068.0,1089.0,-1.0,-1.0,-15.0,220.0,78438.359375,0.0,1.0,248.0,356.537997159,316.283707157,-1.0,-1.0,-1.0
3663.0,1069.0,1084.0,-1.0,-1.0,1.0,34.0,88.2842712402,1.0,1.0,88.0,2.59659621295,1.003230355,-1.0,-1.0,74612.6697
3664.0,1069.0,1109.0,-1.0,-1.0,1.0,745.0,25348.0605469,1.0,1.0,997.0,34.0242423448,25.4243335475,-1.0,-1.0,17037.71278
3665.0,1069.0,1130.0,-1.0,-1.0,1.0,3585.0,266211.4375,1.0,1.0,4509.0,74.257025802,59.0400171878,-1.0,-1.0,89855.57407
3666.0,1069.0,1134.0,-1.0,-1.0,-15.0,1737.0,166723.09375,0.0,1.0,2195.0,95.9833585204,75.9558513667,-1.0,-1.0,-1.0
3667.0,1070.0,1073.0,-1.0,-1.0,1.0,22.0,5010.0,1.0,1.0,60.0,227.727272727,83.5,-1.0,-1.0,29479.66676
3668.0,1070.0,1075.0,-1.0,-1.0,-15.0,875.0,284063.34375,1.0,0.0,1623.0,324.643821429,175.023625231,-1.0,-1.0,-1.0
3669.0,1070.0,1097.0,-1.0,-1.0,1.0,671.0,369002.375,1.0,0.0,2715.0,549.929023845,135.91247698,-1.0,-1.0,8164.102783
3670.0,1072.0,1094.0,-1.0,-1.0,1.0,867.0,63492.4570313,0.0,1.0,1280.0,73.2323610511,49.6034820557,-1.0,-1.0,11640.68901
3671.0,1072.0,1105.0,-1.0,-1.0,1.0,766.0,64151.671875,1.0,0.0,1500.0,83.7489188969,42.76778125,-1.0,-1.0,19784.39741
3672.0,1072.0,1108.0,-1.0,-1.0,-15.0,778.0,86670.03125,1.0,0.0,1668.0,111.401068445,51.9604503897,-1.0,-1.0,-1.0
3673.0,1072.0,1117.0,-1.0,-1.0,1.0,1966.0,145731.203125,1.0,1.0,2614.0,74.1257391277,55.7502689843,-1.0,-1.0,5571.747065
3674.0,1073.0,1094.0,-1.0,-1.0,1.0,1181.0,222088.515625,0.0,1.0,2391.0,188.051241003,92.8852010142,-1.0,-1.0,8647.385322
3675.0,1073.0,1097.0,-1.0,-1.0,1.0,636.0,368994.0625,1.0,1.0,2707.0,580.179343553,136.311068526,-1.0,-1.0,7830.729014
3676.0,1073.0,1103.0,-1.0,-1.0,1.0,695.0,388542.96875,1.0,0.0,2749.0,559.054631295,141.339748545,-1.0,-1.0,7205.597925
3677.0,1073.0,1104.0,-1.0,-1.0,1.0,950.0,180556.09375,1.0,1.0,1900.0,190.059046053,95.0295230263,-1.0,-1.0,3212.480518
3678.0,1073.0,1114.0,-1.0,-1.0,1.0,998.0,446542.96875,1.0,0.0,2749.0,447.437844439,162.438329847,-1.0,-1.0,7102.808306
3679.0,1073.0,1174.0,-1.0,-1.0,1.0,2728.0,238149.3125,0.0,1.0,3475.0,87.2981350806,68.532176259,-1.0,-1.0,19163.71057
3680.0,1074.0,1076.0,-1.0,-1.0,1.0,148.0,30148.2851563,1.0,1.0,208.0,203.704629434,144.943678636,-1.0,-1.0,10261.44798
3681.0,1074.0,1077.0,-1.0,-1.0,1.0,8.0,2000.0,1.0,1.0,20.0,250.0,100.0,-1.0,-1.0,32548.77545
3682.0,1074.0,1081.0,-1.0,-1.0,1.0,252.0,48228.2851563,0.0,1.0,308.0,191.382083954,156.585341417,-1.0,-1.0,8689.499311
3683.0,1074.0,1085.0,-1.0,-1.0,-15.0,112.0,45696.8554688,0.0,1.0,176.0,408.007638114,259.641224255,-1.0,-1.0,-1.0
3684.0,1074.0,1090.0,-1.0,-1.0,1.0,254.0,63346.78125,1.0,0.0,416.0,249.396776575,152.275916466,-1.0,-1.0,5015.46558
3685.0,1075.0,1087.0,-1.0,-1.0,1.0,289.0,32627.4179688,1.0,1.0,326.0,112.89764003,100.084104199,-1.0,-1.0,20536.87043
3686.0,1075.0,1092.0,-1.0,-1.0,-15.0,443.0,36067.3359375,1.0,1.0,555.0,81.4161082111,64.9861908784,-1.0,-1.0,-1.0
3687.0,1075.0,1096.0,-1.0,-1.0,1.0,278.0,30055.7734375,1.0,1.0,314.0,108.114292941,95.7190236863,-1.0,-1.0,22941.10475
3688.0,1075.0,1097.0,-1.0,-1.0,1.0,312.0,106541.054688,1.0,1.0,526.0,341.477739385,202.549533627,-1.0,-1.0,17139.2271
3689.0,1075.0,1103.0,-1.0,-1.0,-15.0,541.0,150714.1875,0.0,1.0,799.0,278.584450092,188.628520025,-1.0,-1.0,-1.0
3690.0,1075.0,1107.0,-1.0,-1.0,-15.0,747.0,74711.109375,0.0,1.0,1005.0,100.014871988,74.3394123134,-1.0,-1.0,-1.0
3691.0,1076.0,1077.0,-1.0,-1.0,-15.0,193.0,33986.7109375,0.0,1.0,256.0,176.096947863,132.7605896,-1.0,-1.0,-1.0
3692.0,1076.0,1081.0,-1.0,-1.0,1.0,84.0,18181.421875,1.0,1.0,201.0,216.445498512,90.454835199,-1.0,-1.0,9719.801418
3693.0,1076.0,1090.0,-1.0,-1.0,1.0,215.0,55453.40625,1.0,0.0,759.0,257.922819767,73.0611413043,-1.0,-1.0,2097.787441
3694.0,1077.0,1078.0,-1.0,-1.0,1.0,11.0,12742.0644531,1.0,1.0,28.0,1158.36949574,455.073730468,-1.0,-1.0,25058.82348
3695.0,1077.0,1085.0,-1.0,-1.0,1.0,56.0,32828.4257813,1.0,1.0,88.0,586.221888952,373.050292969,-1.0,-1.0,9874.750334
3696.0,1077.0,1090.0,-1.0,-1.0,1.0,245.0,55346.78125,1.0,0.0,416.0,225.905229592,133.045147236,-1.0,-1.0,6588.313022
3697.0,1078.0,1080.0,-1.0,-1.0,1.0,44.0,6828.42724609,1.0,1.0,68.0,155.19152832,100.418047737,-1.0,-1.0,30358.72188
3698.0,1078.0,1085.0,-1.0,-1.0,1.0,87.0,34485.28125,1.0,1.0,184.0,396.382543103,187.420006793,-1.0,-1.0,3006.079555
3699.0,1078.0,1089.0,-1.0,-1.0,-15.0,73.0,52438.3554688,1.0,0.0,148.0,718.333636559,354.313212627,-1.0,-1.0,-1.0
3700.0,1079.0,1110.0,-1.0,-1.0,1.0,883.0,462986.21875,1.0,1.0,1786.0,524.333203567,259.230805571,-1.0,-1.0,3586.787598
3701.0,1079.0,1111.0,-1.0,-1.0,-15.0,899.0,463127.625,1.0,0.0,1927.0,515.158648498,240.336079398,-1.0,-1.0,-1.0
3702.0,1079.0,1113.0,-1.0,-1.0,-15.0,919.0,463164.1875,1.0,1.0,1964.0,503.987146355,235.826979379,-1.0,-1.0,-1.0
3703.0,1079.0,1136.0,-1.0,-1.0,-15.0,1599.0,535106.375,1.0,0.0,3339.0,334.650641026,160.259471399,-1.0,-1.0,-1.0
3704.0,1079.0,1139.0,-1.0,-1.0,-15.0,1567.0,535029.8125,0.0,1.0,3263.0,341.435745054,163.96868296,-1.0,-1.0,-1.0
3705.0,1079.0,1149.0,-1.0,-1.0,-15.0,2169.0,677435.25,1.0,1.0,4527.0,312.326071923,149.643306826,-1.0,-1.0,-1.0
3706.0,1080.0,1085.0,-1.0,-1.0,1.0,144.0,35656.8554688,0.0,1.0,196.0,247.617051867,181.922731984,-1.0,-1.0,7286.456565
3707.0,1080.0,1089.0,-1.0,-1.0,1.0,17.0,36000.0,1.0,1.0,40.0,2117.64705882,900.0,-1.0,-1.0,47803.73083
3708.0,1081.0,1082.0,-1.0,-1.0,1.0,507.0,69864.921875,0.0,1.0,584.0,137.800634862,119.631715539,-1.0,-1.0,17508.05997
3709.0,1081.0,1083.0,-1.0,-1.0,1.0,149.0,29178.2851563,1.0,0.0,228.0,195.827417156,127.974934896,-1.0,-1.0,19505.67407
3710.0,1081.0,1085.0,-1.0,-1.0,1.0,342.0,22256.5683594,0.0,1.0,396.0,65.0776852614,56.203455453,-1.0,-1.0,32802.40912
3711.0,1081.0,1088.0,-1.0,-1.0,1.0,117.0,18558.3554688,1.0,1.0,248.0,158.61842281,74.8320785032,-1.0,-1.0,20493.13985
3712.0,1081.0,1090.0,-1.0,-1.0,1.0,199.0,27519.9199219,1.0,1.0,469.0,138.291054884,58.6778676373,-1.0,-1.0,5893.842574
3713.0,1081.0,1101.0,-1.0,-1.0,1.0,306.0,26529.9199219,0.0,1.0,469.0,86.6990847121,56.5669934369,-1.0,-1.0,14025.21773
3714.0,1081.0,1106.0,-1.0,-1.0,1.0,351.0,27358.3476563,0.0,1.0,477.0,77.9440104168,57.3550265331,-1.0,-1.0,21975.0569
3715.0,1082.0,1083.0,-1.0,-1.0,1.0,351.0,61780.6953125,1.0,1.0,393.0,176.013376959,157.202787055,-1.0,-1.0,10953.13347
3716.0,1082.0,1084.0,-1.0,-1.0,-15.0,5107.0,1105339.875,1.0,0.0,12281.0,216.436239475,90.0040611514,-1.0,-1.0,-1.0
3717.0,1082.0,1086.0,-1.0,-1.0,1.0,58.0,1110.0,1.0,1.0,120.0,19.1379310345,9.25,-1.0,-1.0,73996.19131
3718.0,1082.0,1088.0,-1.0,-1.0,1.0,459.0,66363.28125,0.0,1.0,713.0,144.582312092,93.0761307854,-1.0,-1.0,13073.32994
3719.0,1082.0,1095.0,-1.0,-1.0,1.0,265.0,40775.1367188,1.0,1.0,364.0,153.868440448,112.01960637,-1.0,-1.0,18472.22736
3720.0,1082.0,1123.0,-1.0,-1.0,-15.0,5165.0,1049973.5,1.0,1.0,10983.0,203.28625363,95.5998816353,-1.0,-1.0,-1.0
3721.0,1083.0,1088.0,-1.0,-1.0,1.0,115.0,21114.8535156,1.0,1.0,164.0,183.607421875,128.749106802,-1.0,-1.0,9721.076516
3722.0,1083.0,1090.0,-1.0,-1.0,1.0,316.0,60676.265625,0.0,1.0,457.0,192.013498813,132.770821937,-1.0,-1.0,11495.90102
3723.0,1083.0,1095.0,-1.0,-1.0,1.0,233.0,51134.8515625,1.0,1.0,324.0,219.462882242,157.823615934,-1.0,-1.0,26159.86805
3724.0,1083.0,1098.0,-1.0,-1.0,1.0,235.0,41914.9960938,1.0,1.0,264.0,178.361685506,158.768924598,-1.0,-1.0,18371.52304
3725.0,1083.0,1101.0,-1.0,-1.0,1.0,406.0,59770.3398438,0.0,1.0,626.0,147.217585822,95.4797761083,-1.0,-1.0,14821.17747
3726.0,1084.0,1109.0,-1.0,-1.0,1.0,504.0,25066.640625,1.0,1.0,716.0,49.7353980655,35.0092746159,-1.0,-1.0,16970.71392
3727.0,1084.0,1118.0,-1.0,-1.0,1.0,956.0,82157.765625,1.0,0.0,1179.0,85.9390853818,69.6842795802,-1.0,-1.0,19770.64897
3728.0,1084.0,1123.0,-1.0,-1.0,1.0,1250.0,55411.1914063,1.0,1.0,1342.0,44.328953125,41.2900084995,-1.0,-1.0,39532.04533
3729.0,1085.0,1089.0,-1.0,-1.0,1.0,120.0,38000.0,1.0,1.0,140.0,316.666666667,271.428571429,-1.0,-1.0,50011.89529
3730.0,1085.0,1090.0,-1.0,-1.0,1.0,229.0,27798.9902344,1.0,0.0,277.0,121.392970456,100.357365467,-1.0,-1.0,20879.58611
3731.0,1085.0,1091.0,-1.0,-1.0,1.0,106.0,14828.4267578,1.0,1.0,148.0,139.89081847,100.192072688,-1.0,-1.0,14594.59538
3732.0,1085.0,1101.0,-1.0,-1.0,-15.0,224.0,24782.0644531,0.0,1.0,301.0,110.634216308,82.3324400435,-1.0,-1.0,-1.0
3733.0,1085.0,1106.0,-1.0,-1.0,1.0,189.0,22742.0644531,1.0,1.0,241.0,120.32838335,94.3654126685,-1.0,-1.0,9489.258755
3734.0,1086.0,1095.0,-1.0,-1.0,1.0,191.0,40485.28125,1.0,1.0,244.0,211.964823298,165.923283811,-1.0,-1.0,16632.23224
3735.0,1086.0,1098.0,-1.0,-1.0,1.0,310.0,82210.421875,0.0,1.0,729.0,265.194909274,112.771497771,-1.0,-1.0,1788.519419
3736.0,1086.0,1101.0,-1.0,-1.0,1.0,708.0,79508.765625,0.0,1.0,1087.0,112.300516419,73.1451385695,-1.0,-1.0,20160.86873
3737.0,1086.0,1106.0,-1.0,-1.0,-15.0,780.0,81568.765625,0.0,1.0,1167.0,104.575340545,69.896114503,-1.0,-1.0,-1.0
3738.0,1086.0,1123.0,-1.0,-1.0,-15.0,5160.0,1048863.5,1.0,1.0,10863.0,203.268120155,96.5537604713,-1.0,-1.0,-1.0
3739.0,1086.0,1152.0,-1.0,-1.0,-15.0,5110.0,1063175.625,1.0,0.0,10905.0,208.05785225,97.4943259972,-1.0,-1.0,-1.0
3740.0,1086.0,1317.0,-1.0,-1.0,1.0,4460.0,948005.375,1.0,1.0,5875.0,212.557258969,161.362617021,-1.0,-1.0,72230.00652
3741.0,1087.0,1092.0,-1.0,-1.0,-15.0,69.0,7705.13867188,1.0,1.0,124.0,111.668676404,62.1382150958,-1.0,-1.0,-1.0
3742.0,1087.0,1093.0,-1.0,-1.0,1.0,11.0,4256.78271484,1.0,1.0,56.0,386.980246804,76.0139770507,-1.0,-1.0,13400.82855
3743.0,1087.0,1096.0,-1.0,-1.0,1.0,13.0,2828.42724609,1.0,1.0,28.0,217.571326622,101.015258789,-1.0,-1.0,8370.644343
3744.0,1088.0,1090.0,-1.0,-1.0,1.0,196.0,45770.3398438,1.0,1.0,646.0,233.52214206,70.8519192628,-1.0,-1.0,11051.10544
3745.0,1088.0,1098.0,-1.0,-1.0,1.0,174.0,62968.4257813,1.0,0.0,368.0,361.88750449,171.109852667,-1.0,-1.0,15059.08618
3746.0,1088.0,1101.0,-1.0,-1.0,1.0,266.0,44780.3398438,1.0,0.0,646.0,168.34714227,69.3194115229,-1.0,-1.0,15591.12897
3747.0,1089.0,1091.0,-1.0,-1.0,1.0,127.0,42485.28125,1.0,1.0,184.0,334.529773622,230.898267663,-1.0,-1.0,40041.45026
3748.0,1089.0,1106.0,-1.0,-1.0,1.0,258.0,53227.34375,1.0,1.0,306.0,206.307533915,173.94556781,-1.0,-1.0,38021.50501
3749.0,1089.0,1140.0,-1.0,-1.0,1.0,3309.0,431192.9375,1.0,0.0,4779.0,130.309137957,90.2266033689,-1.0,-1.0,38750.10386
3750.0,1089.0,1156.0,-1.0,-1.0,1.0,3352.0,394799.96875,1.0,1.0,4785.0,117.780420271,82.5078304598,-1.0,-1.0,32857.07317
3751.0,1090.0,1098.0,-1.0,-1.0,1.0,370.0,62020.4101563,0.0,1.0,679.0,167.622730152,91.3408102449,-1.0,-1.0,22636.74854
3752.0,1090.0,1101.0,-1.0,-1.0,1.0,69.0,9085.20996094,1.0,1.0,104.0,131.669709579,87.357788086,-1.0,-1.0,24293.04858
3753.0,1090.0,1106.0,-1.0,-1.0,-15.0,120.0,11125.2099609,1.0,0.0,164.0,92.7100830075,67.836646103,-1.0,-1.0,-1.0
3754.0,1091.0,1106.0,-1.0,-1.0,1.0,99.0,12742.0644531,1.0,1.0,141.0,128.707721748,90.3692514404,-1.0,-1.0,27635.08002
3755.0,1092.0,1093.0,-1.0,-1.0,1.0,17.0,2828.42724609,1.0,1.0,28.0,166.378073299,101.015258789,-1.0,-1.0,48668.57618
3756.0,1092.0,1099.0,-1.0,-1.0,-15.0,82.0,8449.91992188,1.0,1.0,289.0,103.047803925,29.2384772383,-1.0,-1.0,-1.0
3757.0,1092.0,1107.0,-1.0,-1.0,-15.0,372.0,50388.9101563,1.0,1.0,654.0,135.45405956,77.0472632359,-1.0,-1.0,-1.0
3758.0,1092.0,1110.0,-1.0,-1.0,1.0,826.0,85626.828125,1.0,1.0,913.0,103.664440829,93.7862301479,-1.0,-1.0,34045.54641
3759.0,1092.0,1112.0,-1.0,-1.0,-15.0,881.0,85771.6796875,1.0,0.0,1058.0,97.3571846623,81.0696405364,-1.0,-1.0,-1.0
3760.0,1093.0,1096.0,-1.0,-1.0,1.0,7.0,1428.35571289,1.0,1.0,28.0,204.050816127,51.0127040318,-1.0,-1.0,25901.51152
3761.0,1093.0,1099.0,-1.0,-1.0,1.0,14.0,3010.0,1.0,1.0,40.0,215.0,75.25,-1.0,-1.0,11896.18255
3762.0,1094.0,1104.0,-1.0,-1.0,1.0,430.0,43189.265625,1.0,1.0,507.0,100.440152616,85.1859282544,-1.0,-1.0,35309.19873
3763.0,1094.0,1105.0,-1.0,-1.0,1.0,235.0,26218.5527344,1.0,1.0,507.0,111.568309508,51.7131217641,-1.0,-1.0,21528.8073
3764.0,1094.0,1108.0,-1.0,-1.0,-15.0,274.0,48736.9101563,1.0,1.0,675.0,177.871934877,72.2028298612,-1.0,-1.0,-1.0
3765.0,1094.0,1117.0,-1.0,-1.0,1.0,2590.0,191951.625,0.0,1.0,3686.0,74.1125965251,52.0758613673,-1.0,-1.0,7790.224567
3766.0,1095.0,1098.0,-1.0,-1.0,1.0,82.0,54000.0,1.0,1.0,140.0,658.536585366,385.714285714,-1.0,-1.0,11643.2623
3767.0,1095.0,1317.0,-1.0,-1.0,1.0,4423.0,977871.25,1.0,0.0,5784.0,221.087779787,169.064877248,-1.0,-1.0,69368.19366
3768.0,1096.0,1097.0,-1.0,-1.0,-15.0,687.0,137766.828125,1.0,0.0,1020.0,200.533956514,135.06551777,-1.0,-1.0,-1.0
3769.0,1096.0,1099.0,-1.0,-1.0,1.0,17.0,2438.35571289,1.0,1.0,48.0,143.432688994,50.7990773519,-1.0,-1.0,15111.76687
3770.0,1096.0,1107.0,-1.0,-1.0,-15.0,283.0,44377.34375,1.0,1.0,413.0,156.810401943,107.451195521,-1.0,-1.0,-1.0
3771.0,1096.0,1116.0,-1.0,-1.0,-15.0,866.0,97232.03125,1.0,0.0,1293.0,112.277172344,75.1987867363,-1.0,-1.0,-1.0
3772.0,1097.0,1103.0,-1.0,-1.0,1.0,58.0,43010.0,1.0,1.0,100.0,741.551724138,430.1,-1.0,-1.0,5403.202429
3773.0,1097.0,1116.0,-1.0,-1.0,-15.0,756.0,235276.84375,1.0,0.0,2592.0,311.212756283,90.7703872492,-1.0,-1.0,-1.0
3774.0,1097.0,1174.0,-1.0,-1.0,1.0,2802.0,324776.34375,0.0,1.0,3441.0,115.908759368,94.3842905405,-1.0,-1.0,8069.200626
3775.0,1098.0,1101.0,-1.0,-1.0,1.0,391.0,55791.9140625,1.0,1.0,631.0,142.690317295,88.4182473257,-1.0,-1.0,28091.14705
3776.0,1098.0,1106.0,-1.0,-1.0,-15.0,464.0,57851.9140625,1.0,0.0,711.0,124.680849273,81.3669677391,-1.0,-1.0,-1.0
3777.0,1098.0,1317.0,-1.0,-1.0,1.0,4444.0,947041.6875,1.0,0.0,5642.0,213.105690257,167.855669532,-1.0,-1.0,72176.23375
3778.0,1099.0,1107.0,-1.0,-1.0,1.0,234.0,41898.9882813,1.0,1.0,324.0,179.055505476,129.317865066,-1.0,-1.0,25441.52617
3779.0,1100.0,1102.0,-1.0,-1.0,1.0,31.0,1030.0,1.0,1.0,40.0,33.2258064516,25.75,-1.0,-1.0,23701.96931
3780.0,1100.0,1120.0,-1.0,-1.0,1.0,884.0,428235.84375,1.0,1.0,1331.0,484.4296875,321.739927686,-1.0,-1.0,8446.516228
3781.0,1100.0,1149.0,-1.0,-1.0,1.0,3790.0,1004558.875,1.0,0.0,4884.0,265.055112137,205.68363534,-1.0,-1.0,15093.77474
3782.0,1101.0,1106.0,-1.0,-1.0,1.0,22.0,2020.0,1.0,1.0,40.0,91.8181818182,50.5,-1.0,-1.0,115430.1412
3783.0,1102.0,1120.0,-1.0,-1.0,-15.0,912.0,430384.15625,1.0,1.0,1500.0,471.912452029,286.922770833,-1.0,-1.0,-1.0
3784.0,1102.0,1122.0,-1.0,-1.0,1.0,1588.0,502041.78125,1.0,1.0,1943.0,316.147217412,258.38485911,-1.0,-1.0,16836.97709
3785.0,1102.0,1127.0,-1.0,-1.0,-15.0,1123.0,465212.5625,0.0,1.0,1688.0,414.258737756,275.599859301,-1.0,-1.0,-1.0
3786.0,1102.0,1188.0,-1.0,-1.0,1.0,1946.0,563247.25,0.0,1.0,3451.0,289.438463515,163.212764416,-1.0,-1.0,2187.465374
3787.0,1103.0,1107.0,-1.0,-1.0,-15.0,1056.0,226595.296875,0.0,1.0,1985.0,214.578879616,114.153801952,-1.0,-1.0,-1.0
3788.0,1103.0,1114.0,-1.0,-1.0,1.0,418.0,173798.984375,1.0,1.0,517.0,415.787043959,336.168248308,-1.0,-1.0,4449.508263
3789.0,1103.0,1116.0,-1.0,-1.0,-15.0,707.0,279449.96875,1.0,1.0,2865.0,395.261624823,97.5392561082,-1.0,-1.0,-1.0
3790.0,1103.0,1174.0,-1.0,-1.0,1.0,2693.0,344325.25,0.0,1.0,3483.0,127.859357594,98.8588142406,-1.0,-1.0,7229.607133
3791.0,1104.0,1108.0,-1.0,-1.0,1.0,480.0,74485.28125,1.0,1.0,584.0,155.177669271,127.543289812,-1.0,-1.0,2188.258971
3792.0,1104.0,1114.0,-1.0,-1.0,1.0,1234.0,468697.5625,1.0,0.0,2129.0,379.819742707,220.149160404,-1.0,-1.0,7615.53397
3793.0,1104.0,1131.0,-1.0,-1.0,-15.0,1407.0,404105.75,1.0,0.0,4786.0,287.210909737,84.4349665692,-1.0,-1.0,-1.0
3794.0,1104.0,1153.0,-1.0,-1.0,1.0,1505.0,276739.375,1.0,0.0,2577.0,183.879983389,107.388193636,-1.0,-1.0,20327.72511
3795.0,1104.0,1174.0,-1.0,-1.0,1.0,1852.0,200434.609375,0.0,1.0,2309.0,108.22603098,86.8058074383,-1.0,-1.0,22466.58654
3796.0,1105.0,1108.0,-1.0,-1.0,1.0,26.0,20000.0,1.0,1.0,40.0,769.230769231,500.0,-1.0,-1.0,50951.31481
3797.0,1106.0,1156.0,-1.0,-1.0,1.0,3424.0,318396.6875,1.0,1.0,4041.0,92.9896867699,78.7915584014,-1.0,-1.0,46685.04852
3798.0,1106.0,1317.0,-1.0,-1.0,-15.0,4609.0,917971.5625,1.0,1.0,11752.0,199.169356151,78.1119437117,-1.0,-1.0,-1.0
3799.0,1106.0,1370.0,-1.0,-1.0,1.0,3556.0,312059.15625,1.0,1.0,5224.0,87.7556682368,59.7356730953,-1.0,-1.0,27882.56668
3800.0,1106.0,1474.0,-1.0,-1.0,-15.0,5244.0,582783.25,0.0,1.0,9209.0,111.133342868,63.2840970789,-1.0,-1.0,-1.0
3801.0,1107.0,1110.0,-1.0,-1.0,-15.0,893.0,135262.109375,0.0,1.0,1365.0,151.469327408,99.0931204212,-1.0,-1.0,-1.0
3802.0,1107.0,1112.0,-1.0,-1.0,-15.0,863.0,135406.96875,1.0,0.0,1510.0,156.902628911,89.6734892384,-1.0,-1.0,-1.0
3803.0,1107.0,1115.0,-1.0,-1.0,1.0,226.0,11331.2695313,1.0,1.0,611.0,50.138360758,18.5454493147,-1.0,-1.0,18500.45942
3804.0,1107.0,1116.0,-1.0,-1.0,1.0,663.0,52814.6835938,1.0,1.0,840.0,79.6601562501,62.874623326,-1.0,-1.0,7545.869635
3805.0,1107.0,1119.0,-1.0,-1.0,-15.0,887.0,192667.640625,0.0,1.0,2569.0,217.212672632,74.9971353153,-1.0,-1.0,-1.0
3806.0,1108.0,1117.0,-1.0,-1.0,-15.0,2157.0,215129.1875,1.0,0.0,4075.0,99.7353674084,52.7924386503,-1.0,-1.0,-1.0
3807.0,1108.0,1153.0,-1.0,-1.0,1.0,1571.0,235771.28125,1.0,0.0,2267.0,150.077200032,104.001447397,-1.0,-1.0,23775.52118
3808.0,1108.0,1174.0,-1.0,-1.0,1.0,1527.0,159400.234375,1.0,1.0,1933.0,104.387841765,82.4626147827,-1.0,-1.0,28111.13622
3809.0,1109.0,1118.0,-1.0,-1.0,1.0,321.0,105959.546875,1.0,1.0,631.0,330.09204634,167.923212163,-1.0,-1.0,11508.77366
3810.0,1109.0,1123.0,-1.0,-1.0,1.0,623.0,79212.984375,0.0,1.0,794.0,127.147647472,99.7644639484,-1.0,-1.0,22587.37299
3811.0,1109.0,1130.0,-1.0,-1.0,-15.0,3441.0,291584.34375,1.0,0.0,5531.0,84.7382574106,52.7181963027,-1.0,-1.0,-1.0
3812.0,1109.0,1134.0,-1.0,-1.0,-15.0,863.0,190235.171875,1.0,1.0,1357.0,220.434729867,140.188041175,-1.0,-1.0,-1.0
3813.0,1110.0,1111.0,-1.0,-1.0,1.0,37.0,68.2842712402,1.0,1.0,68.0,1.84552084433,1.00418045941,-1.0,-1.0,28638.18149
3814.0,1110.0,1112.0,-1.0,-1.0,1.0,59.0,88.2842712402,1.0,1.0,88.0,1.49634358034,1.003230355,-1.0,-1.0,19781.96368
3815.0,1110.0,1113.0,-1.0,-1.0,-15.0,84.0,104.852813721,0.0,1.0,104.0,1.24824778239,1.00820013193,-1.0,-1.0,-1.0
3816.0,1110.0,1119.0,-1.0,-1.0,-15.0,442.0,57332.3945313,0.0,1.0,1130.0,129.711299845,50.7366323286,-1.0,-1.0,-1.0
3817.0,1111.0,1112.0,-1.0,-1.0,1.0,30.0,48.2842712402,1.0,1.0,48.0,1.60947570801,1.0059223175,-1.0,-1.0,5372.592856
3818.0,1111.0,1113.0,-1.0,-1.0,1.0,9.0,20.0,1.0,1.0,20.0,2.22222222222,1.0,-1.0,-1.0,33893.76728
3819.0,1112.0,1113.0,-1.0,-1.0,1.0,37.0,60.0,1.0,1.0,60.0,1.62162162162,1.0,-1.0,-1.0,15226.43109
3820.0,1112.0,1115.0,-1.0,-1.0,-15.0,841.0,146778.234375,1.0,0.0,2161.0,174.528221611,67.9214411731,-1.0,-1.0,-1.0
3821.0,1112.0,1119.0,-1.0,-1.0,-15.0,302.0,57310.9726563,1.0,1.0,1109.0,189.771432637,51.6780637117,-1.0,-1.0,-1.0
3822.0,1113.0,1119.0,-1.0,-1.0,1.0,344.0,57170.9726563,1.0,1.0,969.0,166.194687954,58.9999717815,-1.0,-1.0,11130.53633
3823.0,1113.0,1136.0,-1.0,-1.0,1.0,906.0,71885.59375,1.0,0.0,1318.0,79.3439224614,54.5414216616,-1.0,-1.0,19439.87571
3824.0,1113.0,1139.0,-1.0,-1.0,1.0,827.0,71809.0234375,1.0,1.0,1242.0,86.8307417624,57.8172491445,-1.0,-1.0,19452.36923
3825.0,1114.0,1116.0,-1.0,-1.0,1.0,488.0,232940.53125,1.0,1.0,577.0,477.337154201,403.709759532,-1.0,-1.0,8429.906194
3826.0,1114.0,1121.0,-1.0,-1.0,1.0,426.0,237421.921875,1.0,1.0,514.0,557.328455106,461.910353842,-1.0,-1.0,8603.7501
3827.0,1114.0,1128.0,-1.0,-1.0,-15.0,458.0,362817.21875,1.0,1.0,815.0,792.177333515,445.174501534,-1.0,-1.0,-1.0
3828.0,1114.0,1131.0,-1.0,-1.0,-15.0,531.0,411234.625,1.0,1.0,997.0,774.453154426,412.472041123,-1.0,-1.0,-1.0
3829.0,1114.0,1143.0,-1.0,-1.0,-15.0,816.0,463327.46875,0.0,1.0,1431.0,567.803270527,323.778804158,-1.0,-1.0,-1.0
3830.0,1114.0,1174.0,-1.0,-1.0,1.0,2246.0,402325.25,0.0,1.0,3483.0,179.129674978,115.511125467,-1.0,-1.0,5156.989512
3831.0,1115.0,1116.0,-1.0,-1.0,1.0,515.0,54644.9765625,1.0,1.0,691.0,106.106750607,79.0810080499,-1.0,-1.0,5653.234225
3832.0,1115.0,1119.0,-1.0,-1.0,-15.0,757.0,204038.90625,1.0,1.0,3220.0,269.536203765,63.3661199534,-1.0,-1.0,-1.0
3833.0,1115.0,1129.0,-1.0,-1.0,1.0,682.0,295516.5,1.0,1.0,800.0,433.308651026,369.395625,-1.0,-1.0,5447.460907
3834.0,1115.0,1146.0,-1.0,-1.0,1.0,736.0,327581.5,1.0,1.0,1105.0,445.083559783,296.453846154,-1.0,-1.0,5304.829569
3835.0,1115.0,1154.0,-1.0,-1.0,1.0,884.0,489066.59375,1.0,1.0,1015.0,553.242753111,481.839008621,-1.0,-1.0,6197.836473
3836.0,1116.0,1121.0,-1.0,-1.0,1.0,163.0,110139.59375,1.0,1.0,201.0,675.703029141,547.958177861,-1.0,-1.0,8979.943747
3837.0,1116.0,1129.0,-1.0,-1.0,1.0,301.0,256020.0,1.0,1.0,320.0,850.564784053,800.0625,-1.0,-1.0,5702.31614
3838.0,1117.0,1174.0,-1.0,-1.0,-15.0,2401.0,375672.5625,1.0,0.0,6161.0,156.465040608,60.9759069145,-1.0,-1.0,-1.0
3839.0,1117.0,1192.0,-1.0,-1.0,-15.0,2511.0,380239.1875,1.0,0.0,6358.0,151.429385703,59.8048423246,-1.0,-1.0,-1.0
3840.0,1117.0,1215.0,-1.0,-1.0,-15.0,2698.0,397460.96875,1.0,0.0,6679.0,147.316889826,59.5090535634,-1.0,-1.0,-1.0
3841.0,1117.0,1464.0,-1.0,-1.0,-15.0,5827.0,486678.71875,1.0,0.0,11027.0,83.5213177879,44.1351880611,-1.0,-1.0,-1.0
3842.0,1117.0,1472.0,-1.0,-1.0,-15.0,6050.0,486689.84375,1.0,0.0,11038.0,80.4446022727,44.092212697,-1.0,-1.0,-1.0
3843.0,1118.0,1123.0,-1.0,-1.0,1.0,157.0,27306.5683594,1.0,1.0,396.0,173.927187003,68.9559807056,-1.0,-1.0,23346.71905
3844.0,1118.0,1134.0,-1.0,-1.0,1.0,470.0,122012.195313,1.0,1.0,682.0,259.60041556,178.903512189,-1.0,-1.0,4312.475736
3845.0,1118.0,1145.0,-1.0,-1.0,1.0,495.0,99798.9921875,0.0,1.0,677.0,201.614125631,147.413577825,-1.0,-1.0,5952.67818
3846.0,1119.0,1139.0,-1.0,-1.0,1.0,775.0,76629.46875,1.0,1.0,1120.0,98.876733871,68.4191685268,-1.0,-1.0,11065.70511
3847.0,1119.0,1148.0,-1.0,-1.0,-15.0,938.0,485700.625,1.0,0.0,3875.0,517.804504264,125.342096774,-1.0,-1.0,-1.0
3848.0,1119.0,1154.0,-1.0,-1.0,-15.0,943.0,484159.125,1.0,1.0,3734.0,513.42431071,129.662325924,-1.0,-1.0,-1.0
3849.0,1119.0,1172.0,-1.0,-1.0,-15.0,1059.0,440896.5,1.0,0.0,2821.0,416.33286119,156.290854307,-1.0,-1.0,-1.0
3850.0,1120.0,1122.0,-1.0,-1.0,1.0,1916.0,425420.15625,1.0,0.0,3543.0,222.035572156,120.073428239,-1.0,-1.0,26372.52308
3851.0,1120.0,1127.0,-1.0,-1.0,1.0,136.0,39313.7070313,1.0,1.0,233.0,289.07137523,168.728356358,-1.0,-1.0,28334.72367
3852.0,1120.0,1149.0,-1.0,-1.0,1.0,3241.0,620193.0625,1.0,0.0,4000.0,191.358550602,155.048265625,-1.0,-1.0,19025.4487
3853.0,1120.0,1188.0,-1.0,-1.0,1.0,1400.0,255799.78125,1.0,0.0,2176.0,182.714129464,117.55504653,-1.0,-1.0,13741.83282
3854.0,1121.0,1125.0,-1.0,-1.0,1.0,92.0,98020.0,1.0,1.0,120.0,1065.43478261,816.833333333,-1.0,-1.0,6296.004105
3855.0,1121.0,1128.0,-1.0,-1.0,1.0,196.0,125335.3125,1.0,1.0,241.0,639.465880102,520.063537344,-1.0,-1.0,8037.0555
3856.0,1121.0,1129.0,-1.0,-1.0,1.0,179.0,153201.234375,1.0,1.0,241.0,855.872817737,635.689769191,-1.0,-1.0,3676.836413
3857.0,1122.0,1124.0,-1.0,-1.0,1.0,977.0,309844.65625,1.0,0.0,1301.0,317.138849795,238.158844158,-1.0,-1.0,28250.191
3858.0,1122.0,1130.0,-1.0,-1.0,1.0,961.0,308929.875,1.0,1.0,1306.0,321.467091571,236.546611792,-1.0,-1.0,28457.67472
3859.0,1122.0,1164.0,-1.0,-1.0,-15.0,1018.0,303094.3125,1.0,1.0,2561.0,297.735081041,118.349985357,-1.0,-1.0,-1.0
3860.0,1122.0,1171.0,-1.0,-1.0,-15.0,1016.0,271470.34375,1.0,0.0,2134.0,267.195220226,127.211969892,-1.0,-1.0,-1.0
3861.0,1122.0,1181.0,-1.0,-1.0,1.0,1059.0,270736.375,1.0,0.0,1786.0,255.652856468,151.588115901,-1.0,-1.0,11759.87987
3862.0,1122.0,1185.0,-1.0,-1.0,1.0,876.0,269828.84375,1.0,1.0,1893.0,308.023794235,142.540329503,-1.0,-1.0,11806.44544
3863.0,1122.0,1188.0,-1.0,-1.0,1.0,1395.0,266350.46875,1.0,1.0,1807.0,190.932235663,147.399263282,-1.0,-1.0,30183.23955
3864.0,1123.0,1134.0,-1.0,-1.0,1.0,393.0,108012.195313,1.0,0.0,522.0,274.840191636,206.919914393,-1.0,-1.0,2411.357683
3865.0,1123.0,1145.0,-1.0,-1.0,1.0,333.0,77313.7109375,1.0,1.0,433.0,232.173306119,178.553604936,-1.0,-1.0,2363.875631
3866.0,1123.0,1152.0,-1.0,-1.0,1.0,420.0,14811.4931641,1.0,1.0,541.0,35.2654599145,27.3779910612,-1.0,-1.0,31286.20066
3867.0,1123.0,1186.0,-1.0,-1.0,1.0,929.0,44858.3046875,0.0,1.0,1518.0,48.2866573601,29.5509253541,-1.0,-1.0,27063.56344
3868.0,1123.0,1317.0,-1.0,-1.0,1.0,3735.0,98858.1640625,0.0,1.0,4967.0,26.4680492805,19.9029925634,-1.0,-1.0,36154.88554
3869.0,1124.0,1130.0,-1.0,-1.0,1.0,10.0,1428.35571289,1.0,1.0,28.0,142.835571289,51.0127040318,-1.0,-1.0,29431.81598
3870.0,1125.0,1126.0,-1.0,-1.0,1.0,8.0,9010.0,1.0,1.0,20.0,1126.25,450.5,-1.0,-1.0,5308.055706
3871.0,1125.0,1128.0,-1.0,-1.0,1.0,182.0,160048.28125,1.0,1.0,208.0,879.386160714,769.462890625,-1.0,-1.0,3476.900846
3872.0,1125.0,1129.0,-1.0,-1.0,1.0,39.0,62440.5507813,1.0,1.0,76.0,1601.03976362,821.586194491,-1.0,-1.0,1938.635997
3873.0,1126.0,1128.0,-1.0,-1.0,-15.0,198.0,169086.5625,1.0,1.0,256.0,853.972537879,660.494384766,-1.0,-1.0,-1.0
3874.0,1126.0,1129.0,-1.0,-1.0,1.0,40.0,59000.0,1.0,1.0,60.0,1475.0,983.333333333,-1.0,-1.0,2419.284592
3875.0,1126.0,1135.0,-1.0,-1.0,1.0,117.0,101010.0,1.0,1.0,120.0,863.333333333,841.75,-1.0,-1.0,5957.349315
3876.0,1127.0,1149.0,-1.0,-1.0,1.0,3132.0,578394.0625,1.0,1.0,3742.0,184.672433748,154.568162079,-1.0,-1.0,18584.8962
3877.0,1127.0,1188.0,-1.0,-1.0,1.0,1311.0,219456.640625,1.0,1.0,1960.0,167.396369661,111.967673788,-1.0,-1.0,20212.23129
3878.0,1127.0,1248.0,-1.0,-1.0,1.0,2652.0,521978.65625,1.0,0.0,3343.0,196.824531014,156.140788588,-1.0,-1.0,15059.99304
3879.0,1127.0,1283.0,-1.0,-1.0,1.0,2707.0,511552.5,1.0,1.0,3768.0,188.973956409,135.762340764,-1.0,-1.0,13008.51283
3880.0,1127.0,1308.0,-1.0,-1.0,-15.0,2819.0,567500.1875,1.0,0.0,11755.0,201.312588684,48.2773447469,-1.0,-1.0,-1.0
3881.0,1128.0,1131.0,-1.0,-1.0,1.0,74.0,48332.5546875,1.0,1.0,96.0,653.142630912,503.464111328,-1.0,-1.0,11314.84275
3882.0,1128.0,1135.0,-1.0,-1.0,1.0,168.0,147321.640625,1.0,1.0,189.0,876.91452753,779.479580026,-1.0,-1.0,1691.438662
3883.0,1128.0,1137.0,-1.0,-1.0,-15.0,105.0,88517.40625,1.0,1.0,341.0,843.022916667,259.58183651,-1.0,-1.0,-1.0
3884.0,1129.0,1133.0,-1.0,-1.0,1.0,81.0,88281.171875,1.0,1.0,133.0,1089.8910108,663.768209586,-1.0,-1.0,6639.404415
3885.0,1129.0,1135.0,-1.0,-1.0,1.0,109.0,109710.679688,1.0,1.0,124.0,1006.51999714,884.763545871,-1.0,-1.0,5913.707113
3886.0,1129.0,1141.0,-1.0,-1.0,-15.0,218.0,188321.171875,1.0,1.0,273.0,863.858586583,689.821142399,-1.0,-1.0,-1.0
3887.0,1129.0,1146.0,-1.0,-1.0,1.0,437.0,241421.671875,1.0,1.0,582.0,552.452338387,414.813869201,-1.0,-1.0,3078.938215
3888.0,1130.0,1134.0,-1.0,-1.0,-15.0,3157.0,432959.375,1.0,1.0,6729.0,137.14265917,64.3423056918,-1.0,-1.0,-1.0
3889.0,1130.0,1164.0,-1.0,-1.0,1.0,867.0,46504.828125,1.0,1.0,993.0,53.6387867647,46.8326567221,-1.0,-1.0,66669.21731
3890.0,1130.0,1405.0,-1.0,-1.0,1.0,4246.0,590548.5625,1.0,0.0,10793.0,139.083505064,54.7158864542,-1.0,-1.0,32889.6311
3891.0,1130.0,1506.0,-1.0,-1.0,-15.0,6125.0,495226.03125,0.0,1.0,10934.0,80.8532295918,45.2923021081,-1.0,-1.0,-1.0
3892.0,1131.0,1132.0,-1.0,-1.0,1.0,47.0,20060.0,1.0,1.0,80.0,426.808510638,250.75,-1.0,-1.0,6400.062358
3893.0,1131.0,1137.0,-1.0,-1.0,-15.0,116.0,40156.5703125,1.0,1.0,216.0,346.17733028,185.910047743,-1.0,-1.0,-1.0
3894.0,1131.0,1143.0,-1.0,-1.0,1.0,131.0,51871.4179688,1.0,1.0,213.0,395.965022663,243.527783891,-1.0,-1.0,8801.63323
3895.0,1131.0,1147.0,-1.0,-1.0,-15.0,239.0,70032.8359375,1.0,0.0,394.0,293.024418149,177.748314562,-1.0,-1.0,-1.0
3896.0,1131.0,1153.0,-1.0,-1.0,-15.0,837.0,191943.4375,1.0,0.0,2514.0,229.323103345,76.3498160302,-1.0,-1.0,-1.0
3897.0,1132.0,1137.0,-1.0,-1.0,1.0,106.0,20096.5683594,1.0,1.0,136.0,189.590267542,147.768884996,-1.0,-1.0,2384.157626
3898.0,1132.0,1138.0,-1.0,-1.0,1.0,101.0,14818.6328125,1.0,1.0,124.0,146.719136757,119.505103327,-1.0,-1.0,2780.76846
3899.0,1132.0,1143.0,-1.0,-1.0,-15.0,188.0,72141.125,1.0,1.0,502.0,383.729388298,143.707420319,-1.0,-1.0,-1.0
3900.0,1132.0,1144.0,-1.0,-1.0,1.0,159.0,45504.9257813,1.0,1.0,204.0,286.194501769,223.063361673,-1.0,-1.0,6912.640365
3901.0,1133.0,1135.0,-1.0,-1.0,1.0,31.0,21428.3554688,1.0,1.0,68.0,691.237273187,315.122874541,-1.0,-1.0,5105.392906
3902.0,1133.0,1141.0,-1.0,-1.0,1.0,99.0,100000.0,1.0,1.0,120.0,1010.1010101,833.333333333,-1.0,-1.0,3008.35891
3903.0,1134.0,1142.0,-1.0,-1.0,1.0,174.0,60884.1992188,1.0,1.0,269.0,349.909190913,226.335313081,-1.0,-1.0,1856.604763
3904.0,1134.0,1145.0,-1.0,-1.0,1.0,168.0,63870.0585938,1.0,1.0,421.0,380.178920201,151.710352954,-1.0,-1.0,1825.185925
3905.0,1134.0,1186.0,-1.0,-1.0,-15.0,857.0,155812.21875,1.0,0.0,2012.0,181.811223746,77.4414606113,-1.0,-1.0,-1.0
3906.0,1134.0,1405.0,-1.0,-1.0,-15.0,2934.0,379610.15625,1.0,0.0,5166.0,129.383148006,73.4824150697,-1.0,-1.0,-1.0
3907.0,1134.0,1506.0,-1.0,-1.0,-15.0,6553.0,708570.375,0.0,1.0,9842.0,108.129158401,71.9945514123,-1.0,-1.0,-1.0
3908.0,1135.0,1137.0,-1.0,-1.0,1.0,109.0,68352.5546875,1.0,1.0,136.0,627.087657683,502.592313879,-1.0,-1.0,7522.945218
3909.0,1135.0,1141.0,-1.0,-1.0,1.0,124.0,81832.0625,1.0,1.0,208.0,659.935987903,393.423377404,-1.0,-1.0,2671.025709
3910.0,1135.0,1157.0,-1.0,-1.0,1.0,379.0,69616.640625,0.0,1.0,416.0,183.685067612,167.34769381,-1.0,-1.0,9167.43915
3911.0,1136.0,1139.0,-1.0,-1.0,1.0,34.0,133.137084961,1.0,1.0,133.0,3.9157966165,1.00103071399,-1.0,-1.0,8049.204295
3912.0,1136.0,1149.0,-1.0,-1.0,1.0,1062.0,142292.34375,1.0,1.0,1151.0,133.985257768,123.62497285,-1.0,-1.0,27875.16229
3913.0,1136.0,1165.0,-1.0,-1.0,1.0,475.0,291800.75,1.0,1.0,694.0,614.317368421,420.462175793,-1.0,-1.0,8195.813643
3914.0,1136.0,1180.0,-1.0,-1.0,1.0,630.0,291917.34375,0.0,1.0,811.0,463.360863095,359.947402898,-1.0,-1.0,8194.073527
3915.0,1137.0,1138.0,-1.0,-1.0,1.0,15.0,1010.0,1.0,1.0,20.0,67.3333333333,50.5,-1.0,-1.0,8420.604432
3916.0,1137.0,1141.0,-1.0,-1.0,1.0,234.0,146006.625,1.0,0.0,304.0,623.959935897,480.284950658,-1.0,-1.0,2603.716375
3917.0,1137.0,1144.0,-1.0,-1.0,-15.0,77.0,49294.2695313,1.0,1.0,116.0,640.185318588,424.950599408,-1.0,-1.0,-1.0
3918.0,1137.0,1157.0,-1.0,-1.0,1.0,378.0,107223.703125,1.0,1.0,489.0,283.660590278,219.271376534,-1.0,-1.0,2490.146676
3919.0,1138.0,1144.0,-1.0,-1.0,1.0,51.0,48284.2695313,1.0,1.0,96.0,946.750382967,502.961140951,-1.0,-1.0,6745.599729
3920.0,1139.0,1148.0,-1.0,-1.0,-15.0,1170.0,409127.71875,0.0,1.0,2811.0,349.681810897,145.545257471,-1.0,-1.0,-1.0
3921.0,1139.0,1149.0,-1.0,-1.0,1.0,1130.0,142462.046875,0.0,1.0,1320.0,126.072607854,107.925793087,-1.0,-1.0,27846.28632
3922.0,1139.0,1154.0,-1.0,-1.0,-15.0,1170.0,407586.21875,0.0,1.0,2669.0,348.36428953,152.711209723,-1.0,-1.0,-1.0
3923.0,1139.0,1162.0,-1.0,-1.0,-15.0,454.0,292131.875,1.0,1.0,1025.0,643.462279736,285.006707317,-1.0,-1.0,-1.0
3924.0,1139.0,1165.0,-1.0,-1.0,1.0,415.0,291970.46875,1.0,1.0,864.0,703.543298193,337.928783275,-1.0,-1.0,8193.917449
3925.0,1139.0,1172.0,-1.0,-1.0,-15.0,852.0,364323.59375,1.0,1.0,1757.0,427.609851819,207.355488759,-1.0,-1.0,-1.0
3926.0,1140.0,1151.0,-1.0,-1.0,1.0,223.0,29827.2734375,1.0,1.0,326.0,133.754589406,91.494703796,-1.0,-1.0,107840.984
3927.0,1140.0,1156.0,-1.0,-1.0,-15.0,181.0,52645.90625,1.0,1.0,451.0,290.861360497,116.731499446,-1.0,-1.0,-1.0
3928.0,1140.0,1158.0,-1.0,-1.0,1.0,343.0,55752.0625,1.0,1.0,421.0,162.542456268,132.4277019,-1.0,-1.0,66681.78138
3929.0,1140.0,1189.0,-1.0,-1.0,-15.0,871.0,148332.25,1.0,0.0,1390.0,170.3010907,106.713848921,-1.0,-1.0,-1.0
3930.0,1141.0,1146.0,-1.0,-1.0,1.0,499.0,338049.09375,1.0,1.0,642.0,677.453093687,526.556220794,-1.0,-1.0,2323.359229
3931.0,1141.0,1157.0,-1.0,-1.0,1.0,281.0,92019.3828125,1.0,1.0,349.0,327.471113212,263.665853331,-1.0,-1.0,5330.128913
3932.0,1142.0,1145.0,-1.0,-1.0,1.0,11.0,9085.20996094,1.0,1.0,104.0,825.928178267,87.357788086,-1.0,-1.0,2752.374645
3933.0,1142.0,1186.0,-1.0,-1.0,-15.0,621.0,135027.359375,1.0,1.0,2036.0,217.435361312,66.3199211076,-1.0,-1.0,-1.0
3934.0,1142.0,1405.0,-1.0,-1.0,-15.0,2832.0,358825.3125,0.0,1.0,5189.0,126.703853284,69.1511490653,-1.0,-1.0,-1.0
3935.0,1142.0,1506.0,-1.0,-1.0,-15.0,6520.0,687785.5,0.0,1.0,9866.0,105.48857362,69.7127001824,-1.0,-1.0,-1.0
3936.0,1143.0,1144.0,-1.0,-1.0,1.0,127.0,52324.2695313,1.0,1.0,176.0,412.002122294,297.296985973,-1.0,-1.0,2419.536646
3937.0,1143.0,1147.0,-1.0,-1.0,1.0,67.0,18116.5683594,1.0,1.0,136.0,270.396542678,133.210061466,-1.0,-1.0,10761.10748
3938.0,1143.0,1150.0,-1.0,-1.0,-15.0,166.0,18184.8535156,1.0,1.0,204.0,109.547310335,89.141438802,-1.0,-1.0,-1.0
3939.0,1143.0,1163.0,-1.0,-1.0,-15.0,518.0,123341.5625,0.0,1.0,721.0,238.111124517,171.070128294,-1.0,-1.0,-1.0
3940.0,1143.0,1174.0,-1.0,-1.0,-15.0,1692.0,217477.359375,0.0,1.0,2609.0,128.532718307,83.3565961575,-1.0,-1.0,-1.0
3941.0,1144.0,1147.0,-1.0,-1.0,-15.0,243.0,70497.40625,0.0,1.0,369.0,290.112782922,191.049881436,-1.0,-1.0,-1.0
3942.0,1144.0,1150.0,-1.0,-1.0,-15.0,291.0,70565.6953125,1.0,1.0,437.0,242.493798325,161.477563644,-1.0,-1.0,-1.0
3943.0,1144.0,1157.0,-1.0,-1.0,1.0,329.0,65856.0546875,1.0,1.0,417.0,200.170378989,157.928188699,-1.0,-1.0,2859.275152
3944.0,1144.0,1160.0,-1.0,-1.0,-15.0,400.0,92438.96875,1.0,1.0,1620.0,231.097421875,57.061091821,-1.0,-1.0,-1.0
3945.0,1144.0,1167.0,-1.0,-1.0,1.0,430.0,91352.6953125,0.0,1.0,534.0,212.448128634,171.072463132,-1.0,-1.0,7967.698044
3946.0,1144.0,1168.0,-1.0,-1.0,1.0,398.0,91392.6953125,1.0,1.0,574.0,229.62988772,159.220723541,-1.0,-1.0,7963.243557
3947.0,1145.0,1152.0,-1.0,-1.0,1.0,188.0,84627.4140625,1.0,1.0,393.0,450.145819481,215.336931457,-1.0,-1.0,7526.520498
3948.0,1145.0,1186.0,-1.0,-1.0,-15.0,554.0,125113.726563,1.0,1.0,1923.0,225.837051558,65.0617402824,-1.0,-1.0,-1.0
3949.0,1146.0,1154.0,-1.0,-1.0,1.0,299.0,247105.453125,1.0,1.0,349.0,826.439642559,708.038547636,-1.0,-1.0,7140.228221
3950.0,1146.0,1157.0,-1.0,-1.0,-15.0,585.0,402009.4375,1.0,1.0,3033.0,687.195619658,132.545149192,-1.0,-1.0,-1.0
3951.0,1146.0,1166.0,-1.0,-1.0,-15.0,384.0,290005.21875,1.0,1.0,899.0,755.221923828,322.586450222,-1.0,-1.0,-1.0
3952.0,1147.0,1150.0,-1.0,-1.0,1.0,18.0,48.2842712402,1.0,1.0,48.0,2.68245951334,1.0059223175,-1.0,-1.0,10962.86173
3953.0,1147.0,1153.0,-1.0,-1.0,-15.0,702.0,138166.84375,1.0,0.0,1186.0,196.818865741,116.498181914,-1.0,-1.0,-1.0
3954.0,1148.0,1154.0,-1.0,-1.0,1.0,1.0,1428.35571289,1.0,1.0,28.0,1428.35571289,51.0127040318,-1.0,-1.0,1467.999986
3955.0,1148.0,1172.0,-1.0,-1.0,-15.0,450.0,44670.9765625,1.0,0.0,920.0,99.2688368056,48.5554093071,-1.0,-1.0,-1.0
3956.0,1149.0,1165.0,-1.0,-1.0,1.0,1083.0,433779.96875,1.0,0.0,1532.0,400.535520545,283.146193701,-1.0,-1.0,11388.35625
3957.0,1149.0,1180.0,-1.0,-1.0,1.0,1140.0,433896.53125,0.0,1.0,1649.0,380.610992325,263.127065646,-1.0,-1.0,11386.18215
3958.0,1149.0,1223.0,-1.0,-1.0,-15.0,804.0,383613.625,1.0,1.0,1845.0,477.131374378,207.920663957,-1.0,-1.0,-1.0
3959.0,1149.0,1244.0,-1.0,-1.0,1.0,875.0,383440.5,1.0,0.0,1671.0,438.217714286,229.467684022,-1.0,-1.0,4230.705691
3960.0,1149.0,1248.0,-1.0,-1.0,1.0,1156.0,365149.28125,1.0,1.0,1300.0,315.873080666,280.8840625,-1.0,-1.0,9434.913622
3961.0,1149.0,1283.0,-1.0,-1.0,1.0,1767.0,404120.09375,0.0,1.0,2185.0,228.704071166,184.951987986,-1.0,-1.0,11456.33249
3962.0,1150.0,1153.0,-1.0,-1.0,-15.0,636.0,138078.5625,1.0,0.0,1097.0,217.104658019,125.86924567,-1.0,-1.0,-1.0
3963.0,1150.0,1160.0,-1.0,-1.0,1.0,170.0,104924.992188,1.0,1.0,284.0,617.2058364,369.454197845,-1.0,-1.0,5580.753755
3964.0,1150.0,1161.0,-1.0,-1.0,1.0,162.0,104868.429688,1.0,1.0,228.0,647.335985728,459.949253018,-1.0,-1.0,5582.968402
3965.0,1150.0,1163.0,-1.0,-1.0,-15.0,284.0,105116.710938,1.0,1.0,476.0,370.129263866,220.83342634,-1.0,-1.0,-1.0
3966.0,1150.0,1168.0,-1.0,-1.0,-15.0,282.0,105959.554688,1.0,0.0,1319.0,375.74310173,80.3332484367,-1.0,-1.0,-1.0
3967.0,1150.0,1170.0,-1.0,-1.0,-15.0,427.0,105304.992188,1.0,0.0,664.0,246.615906763,158.591855705,-1.0,-1.0,-1.0
3968.0,1151.0,1156.0,-1.0,-1.0,1.0,21.0,22742.0644531,1.0,1.0,48.0,1082.95545015,473.79300944,-1.0,-1.0,52392.36228
3969.0,1151.0,1158.0,-1.0,-1.0,1.0,83.0,27266.7832031,1.0,1.0,136.0,328.515460278,200.491052964,-1.0,-1.0,18955.5202
3970.0,1151.0,1187.0,-1.0,-1.0,1.0,158.0,64256.78125,1.0,0.0,176.0,406.688488924,365.095348011,-1.0,-1.0,38018.2484
3971.0,1152.0,1186.0,-1.0,-1.0,1.0,210.0,59170.3867188,1.0,1.0,1560.0,281.76374628,37.9297350762,-1.0,-1.0,13206.8088
3972.0,1152.0,1317.0,-1.0,-1.0,1.0,3090.0,113170.25,1.0,0.0,5009.0,36.6246763754,22.5933819126,-1.0,-1.0,27669.23783
3973.0,1153.0,1163.0,-1.0,-1.0,1.0,479.0,32950.1328125,0.0,1.0,609.0,68.7894213205,54.1053083949,-1.0,-1.0,18004.55592
3974.0,1153.0,1170.0,-1.0,-1.0,1.0,224.0,32661.8496094,1.0,1.0,321.0,145.811828613,101.75031031,-1.0,-1.0,18098.54538
3975.0,1153.0,1174.0,-1.0,-1.0,1.0,814.0,125734.445313,1.0,1.0,1556.0,154.464920532,80.8061987873,-1.0,-1.0,9568.412232
3976.0,1153.0,1176.0,-1.0,-1.0,1.0,303.0,32726.703125,1.0,0.0,386.0,108.008921205,84.784204987,-1.0,-1.0,18092.1883
3977.0,1153.0,1177.0,-1.0,-1.0,1.0,368.0,102818.398438,1.0,0.0,539.0,279.397821842,190.757696545,-1.0,-1.0,1025.105299
3978.0,1153.0,1179.0,-1.0,-1.0,1.0,342.0,100333.117188,1.0,0.0,514.0,293.371687684,195.200617097,-1.0,-1.0,1596.458278
3979.0,1154.0,1155.0,-1.0,-1.0,1.0,20.0,28.2842712402,1.0,1.0,28.0,1.41421356201,1.01015254429,-1.0,-1.0,9734.391998
3980.0,1154.0,1166.0,-1.0,-1.0,1.0,331.0,42808.0625,1.0,1.0,457.0,129.329493958,93.6719091904,-1.0,-1.0,7033.749153
3981.0,1154.0,1172.0,-1.0,-1.0,-15.0,390.0,43129.484375,1.0,1.0,779.0,110.588421474,55.3651917522,-1.0,-1.0,-1.0
3982.0,1154.0,1238.0,-1.0,-1.0,-15.0,728.0,102599.179688,1.0,0.0,1247.0,140.932939132,82.2768080898,-1.0,-1.0,-1.0
3983.0,1155.0,1166.0,-1.0,-1.0,1.0,346.0,42771.4921875,1.0,1.0,421.0,123.617029444,101.594993319,-1.0,-1.0,7034.47543
3984.0,1155.0,1238.0,-1.0,-1.0,1.0,721.0,102550.890625,1.0,0.0,1198.0,142.234244972,85.601745096,-1.0,-1.0,3166.825093
3985.0,1156.0,1158.0,-1.0,-1.0,1.0,161.0,17010.0,0.0,1.0,180.0,105.652173913,94.5,-1.0,-1.0,41823.93643
3986.0,1156.0,1187.0,-1.0,-1.0,1.0,131.0,49656.8554688,1.0,1.0,176.0,379.059965411,282.141224255,-1.0,-1.0,26636.2422
3987.0,1156.0,1207.0,-1.0,-1.0,1.0,465.0,79536.125,1.0,0.0,1135.0,171.045430108,70.0758810573,-1.0,-1.0,28064.91749
3988.0,1156.0,1262.0,-1.0,-1.0,1.0,1078.0,76481.46875,0.0,1.0,1490.0,70.9475591373,51.3298447987,-1.0,-1.0,37410.27613
3989.0,1156.0,1370.0,-1.0,-1.0,1.0,2484.0,144233.359375,1.0,1.0,2962.0,58.0649594907,48.694584529,-1.0,-1.0,48933.85579
3990.0,1157.0,1159.0,-1.0,-1.0,1.0,39.0,40000.0,1.0,1.0,40.0,1025.64102564,1000.0,-1.0,-1.0,16276.71858
3991.0,1157.0,1166.0,-1.0,-1.0,-15.0,593.0,112027.648438,1.0,1.0,2157.0,188.916776455,51.9367864803,-1.0,-1.0,-1.0
3992.0,1157.0,1167.0,-1.0,-1.0,-15.0,252.0,50874.265625,1.0,1.0,924.0,201.882006448,55.0587290314,-1.0,-1.0,-1.0
3993.0,1157.0,1168.0,-1.0,-1.0,-15.0,290.0,50930.8320313,1.0,0.0,980.0,175.623558729,51.9702367666,-1.0,-1.0,-1.0
3994.0,1157.0,1169.0,-1.0,-1.0,-15.0,165.0,50894.265625,1.0,1.0,944.0,308.450094697,53.9134169756,-1.0,-1.0,-1.0
3995.0,1157.0,1178.0,-1.0,-1.0,-15.0,179.0,50174.8515625,0.0,1.0,224.0,280.30643331,223.994873047,-1.0,-1.0,-1.0
3996.0,1157.0,1234.0,-1.0,-1.0,-15.0,628.0,91193.671875,0.0,1.0,1283.0,145.212853304,71.0784659977,-1.0,-1.0,-1.0
3997.0,1158.0,1187.0,-1.0,-1.0,1.0,87.0,42256.78125,1.0,1.0,116.0,485.71012931,364.282596983,-1.0,-1.0,46035.70463
3998.0,1158.0,1189.0,-1.0,-1.0,-15.0,499.0,96448.40625,1.0,1.0,947.0,193.283379259,101.84625792,-1.0,-1.0,-1.0
3999.0,1159.0,1166.0,-1.0,-1.0,-15.0,594.0,72027.6484375,1.0,0.0,2117.0,121.258667403,34.0234522615,-1.0,-1.0,-1.0
4000.0,1159.0,1169.0,-1.0,-1.0,-15.0,148.0,10894.2636719,1.0,0.0,904.0,73.609889675,12.0511766282,-1.0,-1.0,-1.0
4001.0,1159.0,1178.0,-1.0,-1.0,1.0,134.0,10174.8525391,1.0,1.0,184.0,75.9317353664,55.2981116255,-1.0,-1.0,17387.21429
4002.0,1159.0,1196.0,-1.0,-1.0,-15.0,290.0,44769.1210938,1.0,0.0,671.0,154.376279634,66.7200016301,-1.0,-1.0,-1.0
4003.0,1160.0,1161.0,-1.0,-1.0,1.0,40.0,96.5685424805,1.0,1.0,96.0,2.41421356201,1.00592231751,-1.0,-1.0,6132.39691
4004.0,1160.0,1168.0,-1.0,-1.0,-15.0,83.0,1119.41125488,1.0,1.0,1119.0,13.4868825889,1.00036752,-1.0,-1.0,-1.0
4005.0,1160.0,1175.0,-1.0,-1.0,1.0,132.0,213.137084961,1.0,1.0,213.0,1.61467488607,1.00064359137,-1.0,-1.0,7515.292052
4006.0,1161.0,1163.0,-1.0,-1.0,1.0,153.0,188.28427124,1.0,1.0,188.0,1.2306161519,1.00151208106,-1.0,-1.0,14551.49559
4007.0,1161.0,1175.0,-1.0,-1.0,1.0,164.0,201.421356201,1.0,1.0,201.0,1.22817900123,1.00209629951,-1.0,-1.0,8371.142145
4008.0,1161.0,1184.0,-1.0,-1.0,1.0,157.0,193.137084961,1.0,1.0,193.0,1.23017251568,1.00071028477,-1.0,-1.0,7616.253741
4009.0,1162.0,1165.0,-1.0,-1.0,1.0,27.0,84.8528137207,1.0,1.0,84.0,3.14269680447,1.01015254429,-1.0,-1.0,19230.48156
4010.0,1162.0,1172.0,-1.0,-1.0,1.0,693.0,72196.5703125,1.0,1.0,736.0,104.179755141,98.0931661855,-1.0,-1.0,12712.78802
4011.0,1162.0,1180.0,-1.0,-1.0,1.0,70.0,116.56854248,1.0,1.0,116.0,1.66526489257,1.00490122828,-1.0,-1.0,10173.8506
4012.0,1162.0,1203.0,-1.0,-1.0,-15.0,580.0,57764.5585938,1.0,0.0,854.0,99.594066541,67.6399983534,-1.0,-1.0,-1.0
4013.0,1162.0,1209.0,-1.0,-1.0,1.0,473.0,36601.421875,1.0,1.0,641.0,77.3814415962,57.1005021451,-1.0,-1.0,9160.45099
4014.0,1162.0,1211.0,-1.0,-1.0,1.0,382.0,36444.8515625,1.0,1.0,484.0,95.4053705825,75.2992800878,-1.0,-1.0,9178.812971
4015.0,1163.0,1170.0,-1.0,-1.0,1.0,133.0,160.0,1.0,1.0,160.0,1.2030075188,1.0,-1.0,-1.0,15693.63457
4016.0,1163.0,1173.0,-1.0,-1.0,1.0,55.0,76.5685424805,1.0,1.0,76.0,1.39215531783,1.00748082211,-1.0,-1.0,5183.358691
4017.0,1163.0,1174.0,-1.0,-1.0,-15.0,1277.0,94107.515625,0.0,1.0,1860.0,73.6942174041,50.5954385081,-1.0,-1.0,-1.0
4018.0,1163.0,1184.0,-1.0,-1.0,1.0,136.0,153.137084961,1.0,1.0,153.0,1.12600797765,1.00089598014,-1.0,-1.0,20837.15198
4019.0,1164.0,1185.0,-1.0,-1.0,-15.0,266.0,33137.1835938,1.0,1.0,539.0,124.575878172,61.4790048122,-1.0,-1.0,-1.0
4020.0,1164.0,1191.0,-1.0,-1.0,1.0,63.0,29914.1992188,1.0,1.0,116.0,474.828559029,257.881027748,-1.0,-1.0,100215.5089
4021.0,1164.0,1194.0,-1.0,-1.0,-15.0,308.0,32152.1894531,0.0,1.0,374.0,104.390225497,85.9684209976,-1.0,-1.0,-1.0
4022.0,1164.0,1405.0,-1.0,-1.0,1.0,4194.0,640858.625,1.0,0.0,12228.0,152.803677873,52.4091122833,-1.0,-1.0,34849.2898
4023.0,1164.0,1506.0,-1.0,-1.0,-15.0,5502.0,448712.9375,0.0,1.0,9932.0,81.5545142675,45.1785076017,-1.0,-1.0,-1.0
4024.0,1165.0,1180.0,-1.0,-1.0,1.0,36.0,60.0,1.0,1.0,60.0,1.66666666667,1.0,-1.0,-1.0,9384.627096
4025.0,1165.0,1223.0,-1.0,-1.0,-15.0,1088.0,260189.03125,1.0,0.0,4090.0,239.144330193,63.6159000611,-1.0,-1.0,-1.0
4026.0,1166.0,1172.0,-1.0,-1.0,1.0,825.0,909.705627441,0.0,1.0,909.0,1.10267348781,1.00077626781,-1.0,-1.0,47657.65995
4027.0,1166.0,1196.0,-1.0,-1.0,-15.0,544.0,95940.7890625,1.0,0.0,1912.0,176.3617446,50.1782369574,-1.0,-1.0,-1.0
4028.0,1166.0,1234.0,-1.0,-1.0,1.0,621.0,20665.6855469,1.0,1.0,705.0,33.2780765651,29.3130291445,-1.0,-1.0,35261.47387
4029.0,1166.0,1236.0,-1.0,-1.0,1.0,641.0,50913.4140625,1.0,0.0,942.0,79.4281030616,54.0482102574,-1.0,-1.0,4046.097401
4030.0,1166.0,1238.0,-1.0,-1.0,1.0,627.0,60379.4023438,1.0,1.0,1377.0,96.2988873107,43.8485129585,-1.0,-1.0,1863.874279
4031.0,1167.0,1168.0,-1.0,-1.0,1.0,28.0,40.0,1.0,1.0,40.0,1.42857142857,1.0,-1.0,-1.0,3942.5026
4032.0,1167.0,1169.0,-1.0,-1.0,1.0,86.0,128.28427124,1.0,1.0,128.0,1.49167757256,1.00222086906,-1.0,-1.0,4592.222147
4033.0,1167.0,1183.0,-1.0,-1.0,1.0,121.0,148.28427124,1.0,1.0,148.0,1.22548984496,1.00192075162,-1.0,-1.0,8676.340665
4034.0,1167.0,1208.0,-1.0,-1.0,-15.0,296.0,389.705627441,0.0,1.0,389.0,1.31657306568,1.00181395229,-1.0,-1.0,-1.0
4035.0,1168.0,1175.0,-1.0,-1.0,-15.0,62.0,927.695556641,1.0,1.0,927.0,14.9628315587,1.00075033079,-1.0,-1.0,-1.0
4036.0,1168.0,1183.0,-1.0,-1.0,1.0,156.0,204.852813721,1.0,0.0,204.0,1.31315906231,1.00418045942,-1.0,-1.0,6781.770168
4037.0,1168.0,1208.0,-1.0,-1.0,-15.0,282.0,446.274169922,0.0,1.0,446.0,1.58253251745,1.00061473077,-1.0,-1.0,-1.0
4038.0,1169.0,1178.0,-1.0,-1.0,-15.0,94.0,614.55847168,1.0,1.0,614.0,6.5378560817,1.000909563,-1.0,-1.0,-1.0
4039.0,1169.0,1183.0,-1.0,-1.0,1.0,126.0,184.852813721,1.0,1.0,184.0,1.46708582318,1.00463485718,-1.0,-1.0,4709.734928
4040.0,1170.0,1173.0,-1.0,-1.0,1.0,87.0,104.852813721,1.0,1.0,104.0,1.20520475541,1.00820013193,-1.0,-1.0,23697.15003
4041.0,1170.0,1174.0,-1.0,-1.0,1.0,1011.0,93835.8046875,0.0,1.0,1588.0,92.8148414318,59.090557108,-1.0,-1.0,18897.07011
4042.0,1170.0,1176.0,-1.0,-1.0,1.0,71.0,104.852813721,1.0,1.0,104.0,1.47680019325,1.00820013193,-1.0,-1.0,12138.891
4043.0,1170.0,1177.0,-1.0,-1.0,1.0,446.0,70919.7578125,0.0,1.0,571.0,159.012909893,124.202728218,-1.0,-1.0,8690.811138
4044.0,1170.0,1179.0,-1.0,-1.0,1.0,377.0,68434.4765625,0.0,1.0,546.0,181.523810511,125.337869162,-1.0,-1.0,7661.738221
4045.0,1170.0,1190.0,-1.0,-1.0,1.0,184.0,221.421356201,1.0,1.0,221.0,1.20337693587,1.00190658914,-1.0,-1.0,14924.30914
4046.0,1170.0,1197.0,-1.0,-1.0,1.0,367.0,35514.9140625,0.0,1.0,634.0,96.7708830041,56.0172146096,-1.0,-1.0,5666.295219
4047.0,1171.0,1181.0,-1.0,-1.0,1.0,21.0,2856.71142578,1.0,1.0,56.0,136.033877418,51.0127040318,-1.0,-1.0,1291.394843
4048.0,1171.0,1185.0,-1.0,-1.0,1.0,11.0,1428.35571289,1.0,1.0,28.0,129.850519354,51.0127040318,-1.0,-1.0,1718.337018
4049.0,1172.0,1195.0,-1.0,-1.0,1.0,256.0,70811.7109375,1.0,1.0,341.0,276.60824585,207.658976356,-1.0,-1.0,6377.70391
4050.0,1172.0,1203.0,-1.0,-1.0,1.0,366.0,86468.5625,1.0,0.0,497.0,236.252903005,173.981011066,-1.0,-1.0,5969.432431
4051.0,1172.0,1209.0,-1.0,-1.0,1.0,481.0,85028.8984375,0.0,1.0,591.0,176.775256627,143.872924598,-1.0,-1.0,8726.001505
4052.0,1172.0,1224.0,-1.0,-1.0,1.0,249.0,27426.7832031,1.0,1.0,296.0,110.147723707,92.6580513618,-1.0,-1.0,16800.05275
4053.0,1172.0,1238.0,-1.0,-1.0,1.0,689.0,59811.1171875,1.0,1.0,809.0,86.8085880806,73.9321596879,-1.0,-1.0,2478.672333
4054.0,1173.0,1184.0,-1.0,-1.0,1.0,134.0,148.28427124,1.0,1.0,148.0,1.1065990391,1.00192075162,-1.0,-1.0,20764.23243
4055.0,1173.0,1190.0,-1.0,-1.0,1.0,124.0,144.852813721,1.0,1.0,144.0,1.16816785259,1.00592231751,-1.0,-1.0,7990.951383
4056.0,1174.0,1177.0,-1.0,-1.0,1.0,467.0,63107.9726563,1.0,1.0,1257.0,135.134845088,50.2052288435,-1.0,-1.0,18865.52231
4057.0,1174.0,1192.0,-1.0,-1.0,1.0,20.0,2828.42724609,1.0,1.0,28.0,141.421362305,101.015258789,-1.0,-1.0,29680.67613
4058.0,1174.0,1200.0,-1.0,-1.0,1.0,582.0,73350.8359375,0.0,1.0,639.0,126.032364154,114.790040591,-1.0,-1.0,16852.99407
4059.0,1174.0,1215.0,-1.0,-1.0,-15.0,224.0,20650.1347656,1.0,1.0,369.0,92.1881016321,55.962424839,-1.0,-1.0,-1.0
4060.0,1175.0,1183.0,-1.0,-1.0,-15.0,211.0,699.411254883,1.0,0.0,699.0,3.31474528381,1.00058834747,-1.0,-1.0,-1.0
4061.0,1175.0,1184.0,-1.0,-1.0,1.0,136.0,168.28427124,1.0,1.0,168.0,1.23738434735,1.00169209071,-1.0,-1.0,6029.946028
4062.0,1175.0,1204.0,-1.0,-1.0,1.0,166.0,306.274169922,1.0,1.0,306.0,1.84502512001,1.00089598014,-1.0,-1.0,17580.8901
4063.0,1175.0,1208.0,-1.0,-1.0,-15.0,209.0,466.274169922,1.0,1.0,466.0,2.23097688958,1.00058834747,-1.0,-1.0,-1.0
4064.0,1176.0,1179.0,-1.0,-1.0,1.0,280.0,68471.046875,1.0,0.0,582.0,244.539453125,117.647846864,-1.0,-1.0,7671.492166
4065.0,1176.0,1190.0,-1.0,-1.0,1.0,180.0,213.137084961,1.0,1.0,213.0,1.18409491645,1.00064359137,-1.0,-1.0,10233.67383
4066.0,1176.0,1193.0,-1.0,-1.0,1.0,184.0,197.989898682,1.0,1.0,197.0,1.07603205805,1.00502486641,-1.0,-1.0,11046.94948
4067.0,1176.0,1197.0,-1.0,-1.0,1.0,260.0,35398.3476563,1.0,1.0,517.0,136.147490986,68.4687575557,-1.0,-1.0,5711.557811
4068.0,1176.0,1206.0,-1.0,-1.0,1.0,226.0,249.705627441,1.0,1.0,249.0,1.10489215682,1.00283384514,-1.0,-1.0,11087.14977
4069.0,1176.0,1217.0,-1.0,-1.0,1.0,305.0,328.28427124,1.0,1.0,328.0,1.07634187292,1.00086668061,-1.0,-1.0,11656.91165
4070.0,1177.0,1179.0,-1.0,-1.0,1.0,46.0,5428.35546875,1.0,1.0,68.0,118.007727582,79.8287568934,-1.0,-1.0,18089.71058
4071.0,1177.0,1200.0,-1.0,-1.0,1.0,154.0,18000.0,1.0,1.0,180.0,116.883116883,100.0,-1.0,-1.0,3500.21059
4072.0,1177.0,1215.0,-1.0,-1.0,1.0,522.0,74866.125,1.0,1.0,684.0,143.421695402,109.453399123,-1.0,-1.0,8866.916138
4073.0,1178.0,1183.0,-1.0,-1.0,1.0,132.0,389.705627441,1.0,1.0,389.0,2.9523153594,1.00181395229,-1.0,-1.0,9244.149114
4074.0,1178.0,1196.0,-1.0,-1.0,-15.0,148.0,34489.4140625,1.0,1.0,381.0,233.036581503,90.5233964895,-1.0,-1.0,-1.0
4075.0,1178.0,1198.0,-1.0,-1.0,1.0,163.0,293.137084961,1.0,1.0,293.0,1.7983870243,1.00046786676,-1.0,-1.0,14945.15159
4076.0,1178.0,1201.0,-1.0,-1.0,1.0,168.0,12930.3486328,1.0,0.0,216.0,76.9663609095,59.8627251519,-1.0,-1.0,2585.524254
4077.0,1178.0,1234.0,-1.0,-1.0,-15.0,419.0,40913.96875,0.0,1.0,953.0,97.6467034606,42.9317615425,-1.0,-1.0,-1.0
4078.0,1179.0,1197.0,-1.0,-1.0,1.0,128.0,49488.3554688,1.0,1.0,248.0,386.6277771,199.549820439,-1.0,-1.0,6791.997377
4079.0,1179.0,1200.0,-1.0,-1.0,1.0,146.0,17913.6367188,1.0,1.0,193.0,122.69614191,92.8167705637,-1.0,-1.0,3792.298101
4080.0,1180.0,1205.0,-1.0,-1.0,1.0,173.0,36184.8515625,1.0,1.0,224.0,209.160991691,161.539515904,-1.0,-1.0,9245.039005
4081.0,1180.0,1211.0,-1.0,-1.0,1.0,269.0,36289.7070313,1.0,1.0,329.0,134.905974094,110.303060885,-1.0,-1.0,9247.13028
4082.0,1180.0,1223.0,-1.0,-1.0,-15.0,1031.0,260037.328125,1.0,1.0,3939.0,252.218552983,66.0160772087,-1.0,-1.0,-1.0
4083.0,1181.0,1185.0,-1.0,-1.0,1.0,23.0,1428.35571289,1.0,1.0,28.0,62.1024222996,51.0127040318,-1.0,-1.0,2406.616605
4084.0,1181.0,1188.0,-1.0,-1.0,-15.0,609.0,168028.921875,1.0,1.0,1402.0,275.909559729,119.849444989,-1.0,-1.0,-1.0
4085.0,1181.0,1191.0,-1.0,-1.0,-15.0,32.0,4224.85302734,1.0,1.0,264.0,132.026657104,16.0032311642,-1.0,-1.0,-1.0
4086.0,1181.0,1202.0,-1.0,-1.0,1.0,49.0,4020.0,1.0,1.0,60.0,82.0408163265,67.0,-1.0,-1.0,11007.48241
4087.0,1181.0,1229.0,-1.0,-1.0,-15.0,378.0,110379.65625,0.0,1.0,551.0,292.009672619,200.3260549,-1.0,-1.0,-1.0
4088.0,1182.0,1191.0,-1.0,-1.0,1.0,0.0,20.0,1.0,1.0,20.0,-1.0,1.0,-1.0,-1.0,1468.000081
4089.0,1182.0,1194.0,-1.0,-1.0,-15.0,7.0,2060.0,1.0,1.0,80.0,294.285714286,25.75,-1.0,-1.0,-1.0
4090.0,1183.0,1198.0,-1.0,-1.0,1.0,297.0,386.274169922,0.0,1.0,386.0,1.30058643071,1.00071028477,-1.0,-1.0,12063.60668
4091.0,1183.0,1201.0,-1.0,-1.0,1.0,178.0,12943.4853516,1.0,1.0,229.0,72.7162098404,56.5217700943,-1.0,-1.0,2592.006285
4092.0,1183.0,1208.0,-1.0,-1.0,1.0,160.0,217.989898682,1.0,1.0,217.0,1.36243686676,1.00456174508,-1.0,-1.0,27950.45213
4093.0,1184.0,1190.0,-1.0,-1.0,1.0,262.0,289.705627441,1.0,1.0,289.0,1.10574666962,1.00244161744,-1.0,-1.0,9113.864397
4094.0,1184.0,1204.0,-1.0,-1.0,1.0,172.0,201.421356201,1.0,1.0,201.0,1.17105439652,1.00209629951,-1.0,-1.0,27897.91229
4095.0,1184.0,1213.0,-1.0,-1.0,1.0,274.0,314.558441162,1.0,1.0,314.0,1.14802350789,1.00177847504,-1.0,-1.0,5208.610518
4096.0,1184.0,1216.0,-1.0,-1.0,1.0,198.0,220.0,1.0,1.0,220.0,1.11111111111,1.0,-1.0,-1.0,24263.86144
4097.0,1185.0,1188.0,-1.0,-1.0,-15.0,741.0,168330.5625,0.0,1.0,1463.0,227.166751012,115.058484279,-1.0,-1.0,-1.0
4098.0,1185.0,1191.0,-1.0,-1.0,1.0,22.0,2856.71142578,1.0,1.0,56.0,129.850519354,51.0127040318,-1.0,-1.0,15268.24405
4099.0,1185.0,1202.0,-1.0,-1.0,-15.0,48.0,4373.3515625,0.0,1.0,173.0,91.1114908854,25.2794888006,-1.0,-1.0,-1.0
4100.0,1186.0,1317.0,-1.0,-1.0,1.0,2845.0,57038.8242188,1.0,1.0,3688.0,20.048795859,15.4660586277,-1.0,-1.0,43495.74874
4101.0,1186.0,1341.0,-1.0,-1.0,1.0,2418.0,22121.9804688,1.0,1.0,2741.0,9.14887529727,8.07076996308,-1.0,-1.0,40192.13574
4102.0,1186.0,1353.0,-1.0,-1.0,1.0,1858.0,34560.7109375,1.0,1.0,2104.0,18.6010284917,16.4261934114,-1.0,-1.0,18874.26678
4103.0,1186.0,1359.0,-1.0,-1.0,-15.0,1829.0,67805.765625,1.0,1.0,2779.0,37.0725891881,24.3993399154,-1.0,-1.0,-1.0
4104.0,1186.0,1360.0,-1.0,-1.0,-15.0,1829.0,34688.9921875,1.0,0.0,2232.0,18.9660974235,15.5416631664,-1.0,-1.0,-1.0
4105.0,1186.0,1405.0,-1.0,-1.0,1.0,2259.0,226836.921875,1.0,1.0,3392.0,100.414750719,66.8740925339,-1.0,-1.0,33957.95526
4106.0,1187.0,1189.0,-1.0,-1.0,1.0,340.0,35010.0,1.0,1.0,360.0,102.970588235,97.25,-1.0,-1.0,12511.07182
4107.0,1187.0,1199.0,-1.0,-1.0,1.0,62.0,7085.20996094,1.0,1.0,84.0,114.277580015,84.3477376302,-1.0,-1.0,48281.29547
4108.0,1187.0,1207.0,-1.0,-1.0,1.0,207.0,53752.0625,1.0,1.0,241.0,259.671799517,223.037603734,-1.0,-1.0,18355.21759
4109.0,1187.0,1228.0,-1.0,-1.0,1.0,293.0,30998.8476563,0.0,1.0,337.0,105.798114868,91.9847111463,-1.0,-1.0,24203.75805
4110.0,1187.0,1262.0,-1.0,-1.0,1.0,810.0,59064.828125,0.0,1.0,1513.0,72.9195408951,39.0382208361,-1.0,-1.0,27803.50495
4111.0,1188.0,1191.0,-1.0,-1.0,-15.0,621.0,163985.484375,1.0,0.0,1318.0,264.066802536,124.419942621,-1.0,-1.0,-1.0
4112.0,1188.0,1229.0,-1.0,-1.0,1.0,519.0,57472.6953125,1.0,1.0,674.0,110.737370544,85.2710612945,-1.0,-1.0,46693.51882
4113.0,1188.0,1283.0,-1.0,-1.0,1.0,3062.0,409787.0,0.0,1.0,4881.0,133.829849771,83.9555418972,-1.0,-1.0,26044.13475
4114.0,1188.0,1308.0,-1.0,-1.0,-15.0,2934.0,347830.40625,1.0,1.0,9582.0,118.551604039,36.3003972292,-1.0,-1.0,-1.0
4115.0,1188.0,1427.0,-1.0,-1.0,1.0,2480.0,110649.0625,1.0,1.0,3170.0,44.6165574597,34.9050670347,-1.0,-1.0,9494.167079
4116.0,1188.0,1445.0,-1.0,-1.0,1.0,2922.0,161521.21875,1.0,0.0,6994.0,55.2776244867,23.0942548971,-1.0,-1.0,13745.67073
4117.0,1189.0,1199.0,-1.0,-1.0,1.0,297.0,32513.5664063,1.0,1.0,353.0,109.473287563,92.1064204144,-1.0,-1.0,20788.77411
4118.0,1189.0,1214.0,-1.0,-1.0,1.0,96.0,11010.0,1.0,1.0,120.0,114.6875,91.75,-1.0,-1.0,69099.13965
4119.0,1189.0,1246.0,-1.0,-1.0,-15.0,461.0,44297.34375,1.0,0.0,526.0,96.0896827549,84.2154824144,-1.0,-1.0,-1.0
4120.0,1189.0,1263.0,-1.0,-1.0,-15.0,689.0,66096.1875,1.0,0.0,913.0,95.9306059507,72.3945098576,-1.0,-1.0,-1.0
4121.0,1190.0,1193.0,-1.0,-1.0,1.0,26.0,48.2842712402,1.0,1.0,48.0,1.85708735539,1.0059223175,-1.0,-1.0,3492.651692
4122.0,1190.0,1206.0,-1.0,-1.0,1.0,44.0,60.0,1.0,1.0,60.0,1.36363636364,1.0,-1.0,-1.0,11451.92182
4123.0,1190.0,1213.0,-1.0,-1.0,1.0,180.0,221.421356201,1.0,1.0,221.0,1.23011864556,1.00190658914,-1.0,-1.0,15554.22074
4124.0,1191.0,1194.0,-1.0,-1.0,1.0,0.0,20.0,1.0,1.0,20.0,-1.0,1.0,-1.0,-1.0,36546.39633
4125.0,1191.0,1202.0,-1.0,-1.0,1.0,0.0,28.2842712402,1.0,1.0,28.0,-1.0,1.01015254429,-1.0,-1.0,50696.94783
4126.0,1191.0,1218.0,-1.0,-1.0,-15.0,250.0,102079.445313,1.0,0.0,411.0,408.317781252,248.36848008,-1.0,-1.0,-1.0
4127.0,1191.0,1229.0,-1.0,-1.0,-15.0,311.0,106336.226563,1.0,0.0,467.0,341.917127212,227.700699278,-1.0,-1.0,-1.0
4128.0,1191.0,1405.0,-1.0,-1.0,-15.0,4230.0,670781.125,1.0,0.0,12353.0,158.577098109,54.3010705901,-1.0,-1.0,-1.0
4129.0,1191.0,1476.0,-1.0,-1.0,-15.0,3282.0,338981.625,1.0,0.0,6152.0,103.285077697,55.1010443758,-1.0,-1.0,-1.0
4130.0,1192.0,1215.0,-1.0,-1.0,1.0,125.0,16513.5664063,1.0,1.0,193.0,132.10853125,85.5625202399,-1.0,-1.0,29039.55505
4131.0,1193.0,1206.0,-1.0,-1.0,1.0,34.0,56.5685424805,1.0,1.0,56.0,1.66378066119,1.01015254429,-1.0,-1.0,11953.82453
4132.0,1194.0,1202.0,-1.0,-1.0,1.0,5.0,20.0,1.0,1.0,20.0,4.0,1.0,-1.0,-1.0,36508.29304
4133.0,1194.0,1218.0,-1.0,-1.0,-15.0,349.0,102071.164063,1.0,1.0,402.0,292.467518805,253.908368316,-1.0,-1.0,-1.0
4134.0,1194.0,1229.0,-1.0,-1.0,-15.0,409.0,106327.945313,1.0,0.0,459.0,259.970526438,231.651296978,-1.0,-1.0,-1.0
4135.0,1194.0,1506.0,-1.0,-1.0,-15.0,5334.0,416235.875,0.0,1.0,9232.0,78.0344722535,45.0862082972,-1.0,-1.0,-1.0
4136.0,1195.0,1203.0,-1.0,-1.0,1.0,96.0,13656.8544922,1.0,1.0,136.0,142.25890096,100.418047737,-1.0,-1.0,6565.156956
4137.0,1195.0,1209.0,-1.0,-1.0,-15.0,234.0,34763.421875,0.0,1.0,293.0,148.561631944,118.646491041,-1.0,-1.0,-1.0
4138.0,1195.0,1224.0,-1.0,-1.0,1.0,98.0,49085.2109375,1.0,1.0,144.0,500.869499362,340.869520399,-1.0,-1.0,1278.974643
4139.0,1195.0,1252.0,-1.0,-1.0,-15.0,475.0,35282.8359375,0.0,1.0,812.0,74.2796546053,43.4517683959,-1.0,-1.0,-1.0
4140.0,1196.0,1198.0,-1.0,-1.0,1.0,20.0,34156.2773438,1.0,1.0,48.0,1707.81386719,711.589111329,-1.0,-1.0,1468.0
4141.0,1196.0,1220.0,-1.0,-1.0,-15.0,85.0,64869.1210938,1.0,1.0,791.0,763.166130515,82.009002647,-1.0,-1.0,-1.0
4142.0,1196.0,1234.0,-1.0,-1.0,-15.0,188.0,75106.8125,1.0,1.0,1038.0,399.504321809,72.3572374759,-1.0,-1.0,-1.0
4143.0,1197.0,1200.0,-1.0,-1.0,1.0,120.0,45010.0,1.0,1.0,140.0,375.083333333,321.5,-1.0,-1.0,8577.250796
4144.0,1197.0,1210.0,-1.0,-1.0,1.0,28.0,32000.0,1.0,1.0,80.0,1142.85714286,400.0,-1.0,-1.0,7073.535205
4145.0,1197.0,1217.0,-1.0,-1.0,1.0,288.0,35218.3476563,1.0,1.0,337.0,122.285929362,104.50548266,-1.0,-1.0,5830.127279
4146.0,1197.0,1232.0,-1.0,-1.0,1.0,356.0,35373.4960938,0.0,1.0,493.0,99.3637530725,71.7515133748,-1.0,-1.0,5813.476262
4147.0,1198.0,1201.0,-1.0,-1.0,1.0,132.0,12886.9169922,1.0,1.0,173.0,97.6281590318,74.4908496659,-1.0,-1.0,2309.523027
4148.0,1198.0,1220.0,-1.0,-1.0,1.0,79.0,30672.8417969,1.0,1.0,702.0,388.263820214,43.6935068332,-1.0,-1.0,15943.62388
4149.0,1198.0,1235.0,-1.0,-1.0,1.0,250.0,509.705627441,0.0,1.0,509.0,2.03882250976,1.00138630146,-1.0,-1.0,14629.52353
4150.0,1199.0,1207.0,-1.0,-1.0,1.0,249.0,56438.3554688,1.0,0.0,268.0,226.660062124,210.590878615,-1.0,-1.0,12547.31036
4151.0,1199.0,1214.0,-1.0,-1.0,1.0,285.0,31085.2089844,1.0,1.0,324.0,109.070908717,95.9420030383,-1.0,-1.0,5571.333202
4152.0,1199.0,1227.0,-1.0,-1.0,1.0,300.0,27055.4160156,1.0,1.0,354.0,90.184720052,76.4277288576,-1.0,-1.0,19875.0869
4153.0,1199.0,1228.0,-1.0,-1.0,1.0,256.0,25484.1289063,1.0,1.0,282.0,99.5473785402,90.3692514408,-1.0,-1.0,16689.85888
4154.0,1199.0,1239.0,-1.0,-1.0,1.0,296.0,32513.5664063,1.0,1.0,353.0,109.843129751,92.1064204144,-1.0,-1.0,15065.16993
4155.0,1200.0,1210.0,-1.0,-1.0,1.0,82.0,9913.63671875,1.0,1.0,113.0,120.898008765,87.731298396,-1.0,-1.0,17257.93434
4156.0,1200.0,1215.0,-1.0,-1.0,1.0,522.0,69667.0625,1.0,1.0,646.0,133.461805556,107.84375,-1.0,-1.0,10110.24726
4157.0,1200.0,1233.0,-1.0,-1.0,1.0,276.0,28828.4277344,1.0,1.0,288.0,104.450825125,100.098707411,-1.0,-1.0,3316.661391
4158.0,1201.0,1208.0,-1.0,-1.0,1.0,260.0,13035.2011719,1.0,1.0,321.0,50.1353891227,40.6081033393,-1.0,-1.0,2529.188922
4159.0,1201.0,1220.0,-1.0,-1.0,1.0,211.0,43230.0546875,1.0,0.0,546.0,204.88177577,79.1759243361,-1.0,-1.0,10783.1685
4160.0,1201.0,1235.0,-1.0,-1.0,1.0,230.0,13066.9169922,1.0,1.0,353.0,56.8126825748,37.0167620176,-1.0,-1.0,2073.886077
4161.0,1202.0,1218.0,-1.0,-1.0,1.0,193.0,101998.023438,1.0,1.0,329.0,528.487168073,310.02438735,-1.0,-1.0,79565.87998
4162.0,1202.0,1229.0,-1.0,-1.0,-15.0,258.0,106254.804688,0.0,1.0,386.0,411.840328248,275.271514736,-1.0,-1.0,-1.0
4163.0,1203.0,1209.0,-1.0,-1.0,1.0,90.0,21106.5683594,1.0,1.0,156.0,234.517426216,135.298515124,-1.0,-1.0,13301.23909
4164.0,1203.0,1221.0,-1.0,-1.0,-15.0,162.0,21251.421875,1.0,1.0,301.0,131.181616512,70.6027304817,-1.0,-1.0,-1.0
4165.0,1203.0,1224.0,-1.0,-1.0,1.0,208.0,61913.6367188,1.0,0.0,273.0,297.661714994,226.789878091,-1.0,-1.0,1234.250799
4166.0,1203.0,1252.0,-1.0,-1.0,-15.0,405.0,21625.9804688,0.0,1.0,675.0,53.397482639,32.0384895834,-1.0,-1.0,-1.0
4167.0,1204.0,1208.0,-1.0,-1.0,1.0,86.0,108.28427124,1.0,1.0,108.0,1.25911943302,1.00263214111,-1.0,-1.0,34817.45904
4168.0,1204.0,1216.0,-1.0,-1.0,1.0,93.0,104.852813721,1.0,1.0,104.0,1.1274496099,1.00820013193,-1.0,-1.0,10289.33598
4169.0,1204.0,1222.0,-1.0,-1.0,1.0,161.0,184.852813721,1.0,1.0,184.0,1.14815412249,1.00463485718,-1.0,-1.0,21416.66409
4170.0,1205.0,1211.0,-1.0,-1.0,1.0,222.0,280.0,1.0,1.0,280.0,1.26126126126,1.0,-1.0,-1.0,5654.034834
4171.0,1205.0,1221.0,-1.0,-1.0,-15.0,297.0,381.421356201,1.0,0.0,381.0,1.28424699058,1.00110592179,-1.0,-1.0,-1.0
4172.0,1205.0,1223.0,-1.0,-1.0,-15.0,927.0,223832.46875,1.0,1.0,3694.0,241.45897384,60.5935215891,-1.0,-1.0,-1.0
4173.0,1205.0,1267.0,-1.0,-1.0,1.0,351.0,419.411254883,1.0,1.0,419.0,1.19490386007,1.00098151523,-1.0,-1.0,7508.812792
4174.0,1205.0,1276.0,-1.0,-1.0,-15.0,593.0,653.137084961,0.0,1.0,653.0,1.10141161039,1.00020993103,-1.0,-1.0,-1.0
4175.0,1206.0,1213.0,-1.0,-1.0,1.0,120.0,153.137084961,1.0,1.0,153.0,1.27614237468,1.00089598014,-1.0,-1.0,18764.60485
4176.0,1206.0,1217.0,-1.0,-1.0,1.0,38.0,68.2842712402,1.0,1.0,68.0,1.79695450632,1.00418045941,-1.0,-1.0,17227.50486
4177.0,1207.0,1219.0,-1.0,-1.0,1.0,50.0,8256.78320313,1.0,1.0,96.0,165.135664063,86.0081583659,-1.0,-1.0,11367.28322
4178.0,1207.0,1228.0,-1.0,-1.0,1.0,102.0,48438.3554688,1.0,1.0,188.0,474.885837929,257.650826962,-1.0,-1.0,6708.654117
4179.0,1207.0,1262.0,-1.0,-1.0,1.0,540.0,55038.4804688,1.0,1.0,1027.0,101.923111979,53.5915097067,-1.0,-1.0,12472.91234
4180.0,1207.0,1370.0,-1.0,-1.0,1.0,2080.0,122790.367188,1.0,0.0,2499.0,59.0338303788,49.1358011957,-1.0,-1.0,41040.78862
4181.0,1208.0,1222.0,-1.0,-1.0,1.0,137.0,164.852813721,1.0,1.0,164.0,1.20330520964,1.00520008366,-1.0,-1.0,11970.66481
4182.0,1208.0,1235.0,-1.0,-1.0,1.0,241.0,274.558441162,1.0,1.0,274.0,1.13924664383,1.00203810643,-1.0,-1.0,24569.18765
4183.0,1209.0,1211.0,-1.0,-1.0,1.0,120.0,136.56854248,1.0,1.0,136.0,1.13807118733,1.00418045941,-1.0,-1.0,9783.990003
4184.0,1209.0,1221.0,-1.0,-1.0,1.0,37.0,60.0,1.0,1.0,60.0,1.62162162162,1.0,-1.0,-1.0,14063.81866
4185.0,1209.0,1252.0,-1.0,-1.0,-15.0,391.0,434.558441162,0.0,1.0,434.0,1.11140266282,1.00128673079,-1.0,-1.0,-1.0
4186.0,1210.0,1217.0,-1.0,-1.0,1.0,261.0,58529.9179688,1.0,0.0,549.0,224.252559267,106.611872439,-1.0,-1.0,7179.805797
4187.0,1210.0,1232.0,-1.0,-1.0,1.0,292.0,58405.0664063,1.0,1.0,424.0,200.017350707,137.747798128,-1.0,-1.0,7200.303782
4188.0,1210.0,1233.0,-1.0,-1.0,1.0,219.0,24970.5625,1.0,1.0,249.0,114.020833333,100.283383534,-1.0,-1.0,4089.176467
4189.0,1211.0,1221.0,-1.0,-1.0,1.0,62.0,84.8528137207,1.0,1.0,84.0,1.36859376969,1.01015254429,-1.0,-1.0,10977.04536
4190.0,1211.0,1237.0,-1.0,-1.0,1.0,192.0,228.28427124,0.0,1.0,228.0,1.18898057937,1.00124680368,-1.0,-1.0,8568.577436
4191.0,1211.0,1267.0,-1.0,-1.0,1.0,225.0,296.56854248,1.0,1.0,296.0,1.31808241102,1.00192075162,-1.0,-1.0,9408.692534
4192.0,1213.0,1216.0,-1.0,-1.0,1.0,90.0,120.0,1.0,1.0,120.0,1.33333333333,1.0,-1.0,-1.0,34069.50518
4193.0,1213.0,1217.0,-1.0,-1.0,1.0,166.0,196.56854248,1.0,1.0,196.0,1.18414784627,1.00290072694,-1.0,-1.0,10279.8871
4194.0,1213.0,1226.0,-1.0,-1.0,1.0,106.0,140.0,1.0,1.0,140.0,1.32075471698,1.0,-1.0,-1.0,15506.18239
4195.0,1214.0,1227.0,-1.0,-1.0,1.0,162.0,15361.9931641,1.0,1.0,201.0,94.8271182969,76.4278266871,-1.0,-1.0,27395.12407
4196.0,1214.0,1242.0,-1.0,-1.0,-15.0,195.0,15438.5615234,1.0,1.0,277.0,79.1721103764,55.7348791458,-1.0,-1.0,-1.0
4197.0,1214.0,1245.0,-1.0,-1.0,1.0,272.0,30970.5625,1.0,1.0,309.0,113.862362132,100.228357605,-1.0,-1.0,22774.42527
4198.0,1214.0,1246.0,-1.0,-1.0,1.0,287.0,32627.4179688,1.0,1.0,326.0,113.684383167,100.084104199,-1.0,-1.0,22954.88351
4199.0,1215.0,1233.0,-1.0,-1.0,1.0,528.0,76075.7734375,1.0,1.0,634.0,144.082904238,119.993333498,-1.0,-1.0,10331.13057
4200.0,1215.0,1378.0,-1.0,-1.0,-15.0,2351.0,168029.390625,1.0,0.0,5507.0,71.471454966,30.5119648856,-1.0,-1.0,-1.0
4201.0,1215.0,1464.0,-1.0,-1.0,-15.0,3232.0,182157.96875,1.0,0.0,6606.0,56.3607576578,27.5746243945,-1.0,-1.0,-1.0
4202.0,1216.0,1222.0,-1.0,-1.0,1.0,128.0,144.852813721,1.0,1.0,144.0,1.1316626072,1.00592231751,-1.0,-1.0,27862.64702
4203.0,1216.0,1225.0,-1.0,-1.0,1.0,121.0,144.852813721,1.0,1.0,144.0,1.19713069191,1.00592231751,-1.0,-1.0,14309.97934
4204.0,1216.0,1226.0,-1.0,-1.0,1.0,145.0,189.705627441,1.0,1.0,189.0,1.30831467201,1.00373347852,-1.0,-1.0,11641.14699
4205.0,1216.0,1251.0,-1.0,-1.0,1.0,167.0,193.137084961,1.0,1.0,193.0,1.15650949078,1.00071028477,-1.0,-1.0,28514.93429
4206.0,1217.0,1226.0,-1.0,-1.0,1.0,188.0,213.137084961,1.0,1.0,213.0,1.13370789873,1.00064359137,-1.0,-1.0,18733.76092
4207.0,1217.0,1232.0,-1.0,-1.0,1.0,111.0,136.56854248,1.0,1.0,136.0,1.23034722955,1.00418045941,-1.0,-1.0,6580.902826
4208.0,1217.0,1243.0,-1.0,-1.0,1.0,153.0,168.28427124,1.0,1.0,168.0,1.09989719765,1.00169209071,-1.0,-1.0,9224.578888
4209.0,1218.0,1229.0,-1.0,-1.0,1.0,32.0,4256.78271484,1.0,1.0,56.0,133.024459839,76.0139770507,-1.0,-1.0,80311.98284
4210.0,1218.0,1427.0,-1.0,-1.0,-15.0,2406.0,71561.1328125,0.0,1.0,3160.0,29.7427817176,22.6459281052,-1.0,-1.0,-1.0
4211.0,1218.0,1476.0,-1.0,-1.0,-15.0,3061.0,236902.171875,0.0,1.0,5741.0,77.3937183518,41.2649663604,-1.0,-1.0,-1.0
4212.0,1218.0,1506.0,-1.0,-1.0,-15.0,5255.0,314164.71875,0.0,1.0,8830.0,59.7839617031,35.5792433465,-1.0,-1.0,-1.0
4213.0,1219.0,1228.0,-1.0,-1.0,1.0,78.0,41838.4257813,1.0,1.0,108.0,536.390074119,387.392831308,-1.0,-1.0,9165.215663
4214.0,1219.0,1240.0,-1.0,-1.0,1.0,150.0,17656.8535156,1.0,1.0,176.0,117.712356771,100.323031339,-1.0,-1.0,7326.375666
4215.0,1219.0,1262.0,-1.0,-1.0,1.0,419.0,54910.1953125,1.0,1.0,899.0,131.050585471,61.079193896,-1.0,-1.0,11449.76461
4216.0,1220.0,1231.0,-1.0,-1.0,-15.0,99.0,156.56854248,1.0,0.0,156.0,1.58150042909,1.00364450308,-1.0,-1.0,-1.0
4217.0,1220.0,1234.0,-1.0,-1.0,1.0,16.0,28.2842712402,1.0,1.0,28.0,1.76776695251,1.01015254429,-1.0,-1.0,43944.36827
4218.0,1220.0,1235.0,-1.0,-1.0,1.0,127.0,30151.421875,1.0,1.0,181.0,237.412770669,166.582441298,-1.0,-1.0,16104.51106
4219.0,1221.0,1224.0,-1.0,-1.0,1.0,343.0,53724.7734375,1.0,0.0,654.0,156.631992529,82.147971617,-1.0,-1.0,5917.575511
4220.0,1221.0,1237.0,-1.0,-1.0,1.0,85.0,128.28427124,1.0,1.0,128.0,1.50922672047,1.00222086906,-1.0,-1.0,14481.88446
4221.0,1221.0,1252.0,-1.0,-1.0,1.0,250.0,334.558441162,1.0,1.0,334.0,1.33823376465,1.00167197953,-1.0,-1.0,5542.21896
4222.0,1221.0,1267.0,-1.0,-1.0,-15.0,134.0,221.421356201,1.0,0.0,221.0,1.6523981806,1.00190658914,-1.0,-1.0,-1.0
4223.0,1222.0,1235.0,-1.0,-1.0,1.0,253.0,293.137084961,1.0,1.0,293.0,1.15864460459,1.00046786676,-1.0,-1.0,19478.2297
4224.0,1222.0,1249.0,-1.0,-1.0,1.0,279.0,311.126983643,1.0,1.0,311.0,1.11515047901,1.00040830753,-1.0,-1.0,17413.09538
4225.0,1222.0,1251.0,-1.0,-1.0,1.0,41.0,68.2842712402,1.0,1.0,68.0,1.66547003025,1.00418045941,-1.0,-1.0,25494.31347
4226.0,1223.0,1244.0,-1.0,-1.0,1.0,87.0,144.852813721,1.0,1.0,144.0,1.66497487036,1.00592231751,-1.0,-1.0,28501.18596
4227.0,1223.0,1248.0,-1.0,-1.0,-15.0,797.0,51373.1914063,0.0,1.0,992.0,64.4582075361,51.787491337,-1.0,-1.0,-1.0
4228.0,1223.0,1267.0,-1.0,-1.0,-15.0,920.0,223244.1875,1.0,0.0,3105.0,242.656725543,71.8982890499,-1.0,-1.0,-1.0
4229.0,1223.0,1276.0,-1.0,-1.0,-15.0,889.0,223051.046875,1.0,1.0,2912.0,250.901065101,76.5972001631,-1.0,-1.0,-1.0
4230.0,1223.0,1293.0,-1.0,-1.0,1.0,754.0,199776.734375,1.0,1.0,1342.0,264.955881134,148.864928744,-1.0,-1.0,27683.8197
4231.0,1224.0,1230.0,-1.0,-1.0,1.0,42.0,25656.8535156,1.0,1.0,96.0,610.877464657,267.258890787,-1.0,-1.0,1712.606856
4232.0,1224.0,1238.0,-1.0,-1.0,-15.0,500.0,79313.7109375,1.0,1.0,633.0,158.627421875,125.298121544,-1.0,-1.0,-1.0
4233.0,1224.0,1252.0,-1.0,-1.0,1.0,274.0,53451.6367188,1.0,1.0,381.0,195.078966127,140.293009761,-1.0,-1.0,5937.617509
4234.0,1224.0,1264.0,-1.0,-1.0,1.0,343.0,53563.3515625,1.0,0.0,493.0,156.161374818,108.647771932,-1.0,-1.0,5909.032532
4235.0,1225.0,1226.0,-1.0,-1.0,1.0,156.0,208.28427124,1.0,1.0,208.0,1.33515558487,1.00136668865,-1.0,-1.0,18984.05283
4236.0,1225.0,1251.0,-1.0,-1.0,1.0,130.0,153.137084961,1.0,1.0,153.0,1.17797757662,1.00089598014,-1.0,-1.0,23545.7275
4237.0,1225.0,1259.0,-1.0,-1.0,1.0,240.0,293.137084961,1.0,0.0,293.0,1.22140452067,1.00046786676,-1.0,-1.0,9986.286798
4238.0,1226.0,1243.0,-1.0,-1.0,1.0,277.0,313.137084961,1.0,1.0,313.0,1.13045879047,1.00043797112,-1.0,-1.0,9082.451158
4239.0,1226.0,1259.0,-1.0,-1.0,1.0,397.0,482.842712402,1.0,0.0,482.0,1.21622849472,1.00174836598,-1.0,-1.0,13935.16708
4240.0,1227.0,1239.0,-1.0,-1.0,1.0,240.0,21468.3554688,1.0,1.0,268.0,89.45148112,80.1058039881,-1.0,-1.0,4988.560105
4241.0,1227.0,1242.0,-1.0,-1.0,1.0,50.0,76.5685424805,1.0,1.0,76.0,1.53137084961,1.00748082211,-1.0,-1.0,42112.68339
4242.0,1227.0,1253.0,-1.0,-1.0,1.0,220.0,38210.4179688,1.0,1.0,289.0,173.68371804,132.215979131,-1.0,-1.0,7242.449455
4243.0,1227.0,1255.0,-1.0,-1.0,-15.0,103.0,19094.8535156,1.0,1.0,124.0,185.386927336,153.990754158,-1.0,-1.0,-1.0
4244.0,1228.0,1239.0,-1.0,-1.0,1.0,92.0,10856.7109375,1.0,1.0,136.0,118.007727582,79.8287568934,-1.0,-1.0,7650.480197
4245.0,1228.0,1240.0,-1.0,-1.0,1.0,134.0,50323.7070313,1.0,1.0,193.0,375.550052472,260.744596017,-1.0,-1.0,9211.283485
4246.0,1228.0,1241.0,-1.0,-1.0,1.0,84.0,9085.20996094,1.0,1.0,104.0,108.15726144,87.357788086,-1.0,-1.0,13086.06574
4247.0,1229.0,1427.0,-1.0,-1.0,1.0,2209.0,67127.78125,1.0,1.0,2927.0,30.388312019,22.9339874445,-1.0,-1.0,49528.29204
4248.0,1229.0,1476.0,-1.0,-1.0,1.0,2949.0,232468.828125,1.0,0.0,5508.0,78.8297145219,42.2056695942,-1.0,-1.0,17311.1644
4249.0,1230.0,1238.0,-1.0,-1.0,1.0,395.0,47656.8554688,1.0,1.0,476.0,120.65026701,100.119444262,-1.0,-1.0,11915.19726
4250.0,1230.0,1252.0,-1.0,-1.0,1.0,334.0,55680.1328125,0.0,1.0,389.0,166.706984469,143.136588207,-1.0,-1.0,5957.232802
4251.0,1230.0,1264.0,-1.0,-1.0,1.0,357.0,55791.8515625,1.0,1.0,501.0,156.279696254,111.360981163,-1.0,-1.0,5929.724568
4252.0,1230.0,1294.0,-1.0,-1.0,-15.0,876.0,107920.085938,1.0,0.0,2679.0,123.196445135,40.2837200216,-1.0,-1.0,-1.0
4253.0,1230.0,1295.0,-1.0,-1.0,-15.0,711.0,97067.2421875,1.0,0.0,1816.0,136.522140911,53.4511245526,-1.0,-1.0,-1.0
4254.0,1230.0,1301.0,-1.0,-1.0,-15.0,858.0,97545.234375,1.0,1.0,2294.0,113.689084353,42.5218981582,-1.0,-1.0,-1.0
4255.0,1231.0,1234.0,-1.0,-1.0,1.0,37.0,56.5685424805,1.0,1.0,56.0,1.5288795265,1.01015254429,-1.0,-1.0,13393.23419
4256.0,1231.0,1235.0,-1.0,-1.0,1.0,117.0,32090.0,1.0,1.0,140.0,274.273504274,229.214285714,-1.0,-1.0,15160.63227
4257.0,1231.0,1261.0,-1.0,-1.0,1.0,49.0,60.0,1.0,1.0,60.0,1.22448979592,1.0,-1.0,-1.0,22983.4784
4258.0,1232.0,1233.0,-1.0,-1.0,1.0,324.0,50180.0,1.0,1.0,360.0,154.87654321,139.388888889,-1.0,-1.0,10160.62265
4259.0,1232.0,1243.0,-1.0,-1.0,1.0,19.0,28.2842712402,1.0,1.0,28.0,1.48864585475,1.01015254429,-1.0,-1.0,28506.43276
4260.0,1233.0,1243.0,-1.0,-1.0,-15.0,351.0,50216.5703125,1.0,0.0,396.0,143.067151887,126.809520991,-1.0,-1.0,-1.0
4261.0,1233.0,1298.0,-1.0,-1.0,-15.0,1290.0,51640.8320313,1.0,0.0,1820.0,40.0316527374,28.3740835337,-1.0,-1.0,-1.0
4262.0,1233.0,1339.0,-1.0,-1.0,-15.0,1470.0,51925.6835938,1.0,0.0,2105.0,35.3235942815,24.66778318,-1.0,-1.0,-1.0
4263.0,1233.0,1378.0,-1.0,-1.0,-15.0,1858.0,102358.0625,1.0,0.0,3534.0,55.0904534446,28.9637981041,-1.0,-1.0,-1.0
4264.0,1234.0,1235.0,-1.0,-1.0,-15.0,147.0,40266.2734375,0.0,1.0,306.0,273.920227466,131.589128881,-1.0,-1.0,-1.0
4265.0,1234.0,1236.0,-1.0,-1.0,1.0,539.0,30867.9726563,1.0,1.0,857.0,57.2689659672,36.018637872,-1.0,-1.0,18421.09379
4266.0,1234.0,1238.0,-1.0,-1.0,-15.0,678.0,41326.328125,0.0,1.0,1005.0,60.9532863201,41.1207245025,-1.0,-1.0,-1.0
4267.0,1234.0,1247.0,-1.0,-1.0,1.0,72.0,8336.78320313,1.0,1.0,176.0,115.788655599,47.3680863814,-1.0,-1.0,849.008096
4268.0,1234.0,1261.0,-1.0,-1.0,1.0,50.0,68.2842712402,1.0,1.0,68.0,1.3656854248,1.00418045941,-1.0,-1.0,28815.92692
4269.0,1235.0,1249.0,-1.0,-1.0,1.0,100.0,136.56854248,1.0,1.0,136.0,1.3656854248,1.00418045941,-1.0,-1.0,10384.07745
4270.0,1235.0,1250.0,-1.0,-1.0,1.0,95.0,116.56854248,1.0,1.0,116.0,1.22703728926,1.00490122828,-1.0,-1.0,15723.50289
4271.0,1235.0,1251.0,-1.0,-1.0,1.0,269.0,308.28427124,1.0,0.0,308.0,1.14603818305,1.00092295857,-1.0,-1.0,15019.59231
4272.0,1235.0,1261.0,-1.0,-1.0,1.0,135.0,30143.1367188,1.0,1.0,173.0,223.282494213,174.237784502,-1.0,-1.0,16158.8113
4273.0,1235.0,1265.0,-1.0,-1.0,1.0,137.0,284.852813721,1.0,1.0,284.0,2.0792176184,1.00300286521,-1.0,-1.0,15243.9777
4274.0,1236.0,1238.0,-1.0,-1.0,1.0,57.0,7010.0,1.0,1.0,80.0,122.98245614,87.625,-1.0,-1.0,15040.16796
4275.0,1236.0,1247.0,-1.0,-1.0,-15.0,483.0,39364.7539063,1.0,1.0,1193.0,81.5005256859,32.9964408267,-1.0,-1.0,-1.0
4276.0,1236.0,1278.0,-1.0,-1.0,-15.0,648.0,48587.234375,1.0,1.0,1648.0,74.9802999614,29.4825451305,-1.0,-1.0,-1.0
4277.0,1236.0,1280.0,-1.0,-1.0,-15.0,494.0,54628.5820313,1.0,1.0,2267.0,110.584174152,24.097301293,-1.0,-1.0,-1.0
4278.0,1237.0,1252.0,-1.0,-1.0,1.0,282.0,321.421356201,1.0,1.0,321.0,1.13979204327,1.00131263614,-1.0,-1.0,5563.460262
4279.0,1237.0,1254.0,-1.0,-1.0,1.0,118.0,136.56854248,1.0,1.0,136.0,1.15736052949,1.00418045941,-1.0,-1.0,6037.544353
4280.0,1237.0,1266.0,-1.0,-1.0,1.0,219.0,240.0,1.0,0.0,240.0,1.09589041096,1.0,-1.0,-1.0,5266.341084
4281.0,1237.0,1267.0,-1.0,-1.0,1.0,54.0,68.2842712402,1.0,1.0,68.0,1.26452354149,1.00418045941,-1.0,-1.0,15697.85215
4282.0,1238.0,1280.0,-1.0,-1.0,-15.0,517.0,65086.9375,1.0,1.0,2416.0,125.893496132,26.9399575745,-1.0,-1.0,-1.0
4283.0,1238.0,1294.0,-1.0,-1.0,-15.0,757.0,75441.7890625,1.0,0.0,2781.0,99.6589023283,27.1275760743,-1.0,-1.0,-1.0
4284.0,1238.0,1301.0,-1.0,-1.0,-15.0,904.0,65768.359375,0.0,1.0,3097.0,72.7526099281,21.2361509122,-1.0,-1.0,-1.0
4285.0,1238.0,1306.0,-1.0,-1.0,-15.0,859.0,65464.9296875,0.0,1.0,2794.0,76.2106282742,23.430540332,-1.0,-1.0,-1.0
4286.0,1238.0,1316.0,-1.0,-1.0,-15.0,894.0,65533.2109375,0.0,1.0,2862.0,73.303367939,22.897697742,-1.0,-1.0,-1.0
4287.0,1239.0,1241.0,-1.0,-1.0,1.0,23.0,4000.0,1.0,1.0,40.0,173.913043478,100.0,-1.0,-1.0,13431.81121
4288.0,1239.0,1253.0,-1.0,-1.0,1.0,113.0,38256.78125,1.0,1.0,236.0,338.555586283,162.105005297,-1.0,-1.0,8128.349854
4289.0,1240.0,1241.0,-1.0,-1.0,1.0,190.0,54000.0,1.0,1.0,220.0,284.210526316,245.454545455,-1.0,-1.0,7047.970593
4290.0,1240.0,1253.0,-1.0,-1.0,1.0,367.0,81854.765625,0.0,1.0,446.0,223.037508515,183.53086463,-1.0,-1.0,2534.067808
4291.0,1240.0,1262.0,-1.0,-1.0,1.0,250.0,54697.0585938,1.0,1.0,686.0,218.788234375,79.7333215653,-1.0,-1.0,9971.206164
4292.0,1240.0,1269.0,-1.0,-1.0,1.0,265.0,54970.5625,1.0,1.0,389.0,207.436084906,141.3125,-1.0,-1.0,13050.07185
4293.0,1241.0,1253.0,-1.0,-1.0,1.0,151.0,39913.6367188,1.0,1.0,253.0,264.328719992,157.761409956,-1.0,-1.0,6865.857254
4294.0,1241.0,1269.0,-1.0,-1.0,1.0,426.0,98769.5546875,1.0,0.0,507.0,231.853414759,194.811744946,-1.0,-1.0,10784.99077
4295.0,1242.0,1245.0,-1.0,-1.0,1.0,153.0,18666.8535156,1.0,1.0,196.0,122.005578533,95.239048549,-1.0,-1.0,16694.32456
4296.0,1242.0,1255.0,-1.0,-1.0,1.0,9.0,10000.0,1.0,1.0,20.0,1111.11111111,500.0,-1.0,-1.0,25208.75605
4297.0,1243.0,1259.0,-1.0,-1.0,1.0,641.0,761.421386719,1.0,0.0,761.0,1.18786487788,1.00055372762,-1.0,-1.0,12223.58534
4298.0,1243.0,1272.0,-1.0,-1.0,1.0,755.0,946.274169922,1.0,0.0,946.0,1.25334327142,1.00028982021,-1.0,-1.0,16388.90135
4299.0,1243.0,1298.0,-1.0,-1.0,-15.0,968.0,1404.26403809,1.0,0.0,1404.0,1.45068598976,1.00018806132,-1.0,-1.0,-1.0
4300.0,1244.0,1248.0,-1.0,-1.0,1.0,622.0,51200.0546875,1.0,1.0,819.0,82.3152004622,62.5153292888,-1.0,-1.0,39813.83446
4301.0,1244.0,1257.0,-1.0,-1.0,1.0,305.0,57053.6367188,1.0,1.0,453.0,187.061103996,125.946217922,-1.0,-1.0,18382.26063
4302.0,1244.0,1293.0,-1.0,-1.0,1.0,634.0,199663.59375,1.0,1.0,1229.0,314.926804022,162.460206469,-1.0,-1.0,27718.52651
4303.0,1245.0,1246.0,-1.0,-1.0,1.0,7.0,4000.0,1.0,1.0,40.0,571.428571429,100.0,-1.0,-1.0,12119.80885
4304.0,1245.0,1255.0,-1.0,-1.0,-15.0,152.0,37676.8554688,1.0,1.0,236.0,247.874049137,159.647692664,-1.0,-1.0,-1.0
4305.0,1245.0,1256.0,-1.0,-1.0,1.0,78.0,9656.85449219,1.0,1.0,96.0,123.805826823,100.592234294,-1.0,-1.0,15163.14048
4306.0,1245.0,1271.0,-1.0,-1.0,1.0,222.0,27913.6367188,0.0,1.0,293.0,125.737102337,95.2683847058,-1.0,-1.0,12202.048
4307.0,1246.0,1256.0,-1.0,-1.0,1.0,56.0,6000.0,1.0,1.0,60.0,107.142857143,100.0,-1.0,-1.0,17178.49885
4308.0,1246.0,1263.0,-1.0,-1.0,1.0,193.0,21913.6367188,1.0,0.0,233.0,113.542159165,94.0499429991,-1.0,-1.0,16801.12524
4309.0,1247.0,1261.0,-1.0,-1.0,1.0,88.0,8296.78320313,1.0,1.0,136.0,94.2816273083,61.0057588465,-1.0,-1.0,854.0480587
4310.0,1247.0,1274.0,-1.0,-1.0,-15.0,322.0,8739.62597656,1.0,0.0,579.0,27.1416955794,15.0943453827,-1.0,-1.0,-1.0
4311.0,1247.0,1278.0,-1.0,-1.0,-15.0,350.0,25747.7617188,1.0,1.0,659.0,73.5650334823,39.0709586021,-1.0,-1.0,-1.0
4312.0,1247.0,1280.0,-1.0,-1.0,-15.0,606.0,31789.1074219,1.0,0.0,1278.0,52.4572729734,24.8741059639,-1.0,-1.0,-1.0
4313.0,1248.0,1257.0,-1.0,-1.0,1.0,303.0,58206.4179688,1.0,1.0,526.0,192.100389336,110.658589294,-1.0,-1.0,18397.71273
4314.0,1248.0,1283.0,-1.0,-1.0,1.0,423.0,50170.1171875,1.0,1.0,515.0,118.605477985,97.4177032767,-1.0,-1.0,25852.42703
4315.0,1248.0,1285.0,-1.0,-1.0,1.0,468.0,50210.1171875,1.0,1.0,555.0,107.286575187,90.4686796171,-1.0,-1.0,25822.1304
4316.0,1249.0,1250.0,-1.0,-1.0,1.0,76.0,116.56854248,1.0,1.0,116.0,1.53379661158,1.00490122828,-1.0,-1.0,14500.8819
4317.0,1249.0,1251.0,-1.0,-1.0,1.0,212.0,248.28427124,1.0,1.0,248.0,1.17115222283,1.001146255,-1.0,-1.0,15895.05714
4318.0,1249.0,1260.0,-1.0,-1.0,1.0,159.0,193.137084961,1.0,1.0,193.0,1.21469864755,1.00071028477,-1.0,-1.0,4920.043947
4319.0,1249.0,1268.0,-1.0,-1.0,1.0,164.0,233.137084961,1.0,1.0,233.0,1.42156759123,1.00058834747,-1.0,-1.0,9817.694061
4320.0,1249.0,1270.0,-1.0,-1.0,1.0,230.0,273.137084961,1.0,1.0,273.0,1.18755254331,1.00050214271,-1.0,-1.0,13716.11688
4321.0,1250.0,1265.0,-1.0,-1.0,1.0,98.0,164.852813721,1.0,1.0,164.0,1.68217156858,1.00520008366,-1.0,-1.0,17585.62388
4322.0,1250.0,1270.0,-1.0,-1.0,1.0,224.0,244.852813721,1.0,1.0,244.0,1.0930929184,1.0034951382,-1.0,-1.0,10438.99259
4323.0,1251.0,1259.0,-1.0,-1.0,1.0,86.0,124.852813721,1.0,1.0,124.0,1.45177690373,1.00687753001,-1.0,-1.0,9890.323356
4324.0,1251.0,1260.0,-1.0,-1.0,1.0,90.0,124.852813721,1.0,1.0,124.0,1.38725348579,1.00687753001,-1.0,-1.0,33303.01247
4325.0,1251.0,1272.0,-1.0,-1.0,1.0,209.0,236.56854248,1.0,1.0,236.0,1.13190690182,1.00240907831,-1.0,-1.0,24007.34562
4326.0,1252.0,1254.0,-1.0,-1.0,1.0,322.0,340.0,0.0,1.0,340.0,1.05590062112,1.0,-1.0,-1.0,6608.103143
4327.0,1252.0,1264.0,-1.0,-1.0,1.0,154.0,181.421356201,1.0,1.0,181.0,1.17806075455,1.00232793481,-1.0,-1.0,6787.581748
4328.0,1252.0,1266.0,-1.0,-1.0,1.0,285.0,349.705627441,1.0,1.0,349.0,1.22703728927,1.00202185513,-1.0,-1.0,6163.327556
4329.0,1253.0,1255.0,-1.0,-1.0,1.0,218.0,23685.1386719,1.0,1.0,264.0,108.6474251,89.7164343633,-1.0,-1.0,2672.795905
4330.0,1253.0,1269.0,-1.0,-1.0,1.0,527.0,88884.203125,1.0,1.0,582.0,168.660726992,152.721998497,-1.0,-1.0,9792.15714
4331.0,1253.0,1271.0,-1.0,-1.0,1.0,334.0,36312.5546875,1.0,1.0,391.0,108.720223615,92.8709838555,-1.0,-1.0,10949.82201
4332.0,1254.0,1266.0,-1.0,-1.0,1.0,102.0,128.28427124,1.0,1.0,128.0,1.25768893373,1.00222086906,-1.0,-1.0,5777.544378
4333.0,1254.0,1267.0,-1.0,-1.0,1.0,15.0,28.2842712402,1.0,1.0,28.0,1.88561808268,1.01015254429,-1.0,-1.0,13791.95428
4334.0,1255.0,1256.0,-1.0,-1.0,-15.0,164.0,34210.4179688,1.0,0.0,409.0,208.600109566,83.6440537134,-1.0,-1.0,-1.0
4335.0,1255.0,1271.0,-1.0,-1.0,1.0,123.0,15656.8544922,1.0,1.0,156.0,127.291499937,100.364451873,-1.0,-1.0,24755.39893
4336.0,1256.0,1263.0,-1.0,-1.0,1.0,108.0,13085.2099609,1.0,1.0,144.0,121.15935149,90.8695136174,-1.0,-1.0,20720.58609
4337.0,1256.0,1271.0,-1.0,-1.0,1.0,154.0,17913.6367188,1.0,1.0,193.0,116.322316356,92.8167705637,-1.0,-1.0,11519.60167
4338.0,1257.0,1285.0,-1.0,-1.0,-15.0,804.0,110021.460938,1.0,1.0,1287.0,136.842613107,85.4867606356,-1.0,-1.0,-1.0
4339.0,1257.0,1293.0,-1.0,-1.0,-15.0,594.0,256725.515625,1.0,1.0,1690.0,432.197837753,151.908589127,-1.0,-1.0,-1.0
4340.0,1257.0,1303.0,-1.0,-1.0,-15.0,715.0,266835.5,1.0,0.0,1810.0,373.196503497,147.422928177,-1.0,-1.0,-1.0
4341.0,1259.0,1272.0,-1.0,-1.0,1.0,159.0,208.28427124,1.0,1.0,208.0,1.30996397006,1.00136668865,-1.0,-1.0,30682.17858
4342.0,1260.0,1268.0,-1.0,-1.0,1.0,70.0,133.137084961,1.0,1.0,133.0,1.90195835659,1.00103071399,-1.0,-1.0,13691.35832
4343.0,1260.0,1272.0,-1.0,-1.0,1.0,194.0,241.421356201,1.0,1.0,241.0,1.24443998042,1.00174836598,-1.0,-1.0,6988.274343
4344.0,1260.0,1281.0,-1.0,-1.0,1.0,241.0,268.28427124,0.0,1.0,268.0,1.11321274373,1.00106071358,-1.0,-1.0,15964.29276
4345.0,1261.0,1265.0,-1.0,-1.0,1.0,16.0,30010.0,1.0,1.0,40.0,1875.625,750.25,-1.0,-1.0,16116.47425
4346.0,1261.0,1273.0,-1.0,-1.0,-15.0,170.0,30206.5683594,0.0,1.0,236.0,177.685696232,127.993933726,-1.0,-1.0,-1.0
4347.0,1261.0,1274.0,-1.0,-1.0,1.0,215.0,289.705627441,1.0,1.0,289.0,1.34746803461,1.00244161744,-1.0,-1.0,50032.9784
4348.0,1261.0,1278.0,-1.0,-1.0,1.0,276.0,17297.8417969,0.0,1.0,369.0,62.6733398438,46.8776200458,-1.0,-1.0,28488.84753
4349.0,1262.0,1269.0,-1.0,-1.0,1.0,27.0,3428.35571289,1.0,1.0,48.0,126.976137514,71.4240773519,-1.0,-1.0,54720.18106
4350.0,1262.0,1370.0,-1.0,-1.0,1.0,1535.0,103006.007813,1.0,1.0,1964.0,67.1048910834,52.4470508213,-1.0,-1.0,42611.43147
4351.0,1263.0,1271.0,-1.0,-1.0,1.0,125.0,15428.3554688,1.0,1.0,168.0,123.42684375,91.835449219,-1.0,-1.0,6328.346837
4352.0,1263.0,1387.0,-1.0,-1.0,1.0,1434.0,100004.664063,1.0,0.0,1601.0,69.7382594582,62.4638751174,-1.0,-1.0,41284.29709
4353.0,1263.0,1463.0,-1.0,-1.0,-15.0,2368.0,203771.265625,1.0,0.0,3037.0,86.0520547403,67.096234977,-1.0,-1.0,-1.0
4354.0,1264.0,1266.0,-1.0,-1.0,1.0,353.0,408.28427124,1.0,1.0,408.0,1.1566126664,1.00069674324,-1.0,-1.0,7378.884613
4355.0,1264.0,1282.0,-1.0,-1.0,-15.0,227.0,1383.67529297,1.0,1.0,1383.0,6.09548587211,1.00048828125,-1.0,-1.0,-1.0
4356.0,1264.0,1295.0,-1.0,-1.0,-15.0,391.0,41392.546875,1.0,1.0,1432.0,105.86329124,28.9054098289,-1.0,-1.0,-1.0
4357.0,1264.0,1301.0,-1.0,-1.0,-15.0,658.0,41870.5390625,0.0,1.0,1910.0,63.6330380889,21.9217482003,-1.0,-1.0,-1.0
4358.0,1265.0,1270.0,-1.0,-1.0,1.0,167.0,204.852813721,1.0,1.0,204.0,1.22666355522,1.00418045942,-1.0,-1.0,8224.580541
4359.0,1265.0,1273.0,-1.0,-1.0,1.0,71.0,100.0,1.0,1.0,100.0,1.40845070423,1.0,-1.0,-1.0,13172.71939
4360.0,1265.0,1274.0,-1.0,-1.0,1.0,204.0,40244.8515625,1.0,0.0,284.0,197.27868413,141.707223812,-1.0,-1.0,12198.58805
4361.0,1266.0,1267.0,-1.0,-1.0,-15.0,141.0,173.137084961,1.0,1.0,173.0,1.22792258838,1.00079239862,-1.0,-1.0,-1.0
4362.0,1266.0,1275.0,-1.0,-1.0,1.0,149.0,189.705627441,1.0,1.0,189.0,1.27319213048,1.00373347852,-1.0,-1.0,8529.438294
4363.0,1266.0,1279.0,-1.0,-1.0,1.0,200.0,237.989898682,1.0,1.0,237.0,1.18994949341,1.00417678769,-1.0,-1.0,11202.54804
4364.0,1266.0,1282.0,-1.0,-1.0,-15.0,430.0,1064.26403809,1.0,1.0,1064.0,2.47503264672,1.0002481561,-1.0,-1.0,-1.0
4365.0,1266.0,1288.0,-1.0,-1.0,-15.0,441.0,902.842712402,1.0,1.0,902.0,2.0472623864,1.00093427096,-1.0,-1.0,-1.0
4366.0,1266.0,1292.0,-1.0,-1.0,-15.0,433.0,837.989929199,1.0,1.0,837.0,1.93531161478,1.00118271111,-1.0,-1.0,-1.0
4367.0,1267.0,1275.0,-1.0,-1.0,1.0,77.0,84.8528137207,1.0,1.0,84.0,1.10198459378,1.01015254429,-1.0,-1.0,19254.96741
4368.0,1267.0,1276.0,-1.0,-1.0,1.0,45.0,68.2842712402,1.0,1.0,68.0,1.51742824978,1.00418045941,-1.0,-1.0,25919.48565
4369.0,1268.0,1270.0,-1.0,-1.0,1.0,97.0,136.56854248,1.0,1.0,136.0,1.40792311835,1.00418045941,-1.0,-1.0,13464.78098
4370.0,1268.0,1272.0,-1.0,-1.0,1.0,145.0,266.274169922,1.0,0.0,266.0,1.83637358567,1.00103071399,-1.0,-1.0,3843.378737
4371.0,1268.0,1281.0,-1.0,-1.0,1.0,127.0,209.705627441,1.0,1.0,209.0,1.65122541292,1.00337620785,-1.0,-1.0,12390.31089
4372.0,1269.0,1271.0,-1.0,-1.0,1.0,786.0,111428.359375,1.0,1.0,808.0,141.766360528,137.906385365,-1.0,-1.0,5194.552638
4373.0,1269.0,1370.0,-1.0,-1.0,1.0,1539.0,101589.367188,1.0,1.0,1947.0,66.0099851774,52.1773842773,-1.0,-1.0,41539.89217
4374.0,1269.0,1382.0,-1.0,-1.0,1.0,1144.0,104620.335938,1.0,1.0,1279.0,91.4513426031,81.7985425629,-1.0,-1.0,47077.71176
4375.0,1269.0,1387.0,-1.0,-1.0,-15.0,1180.0,132230.265625,1.0,1.0,1339.0,112.05954714,98.7529989731,-1.0,-1.0,-1.0
4376.0,1270.0,1273.0,-1.0,-1.0,1.0,211.0,281.421356201,1.0,1.0,281.0,1.33375050332,1.00149948826,-1.0,-1.0,8687.729744
4377.0,1270.0,1281.0,-1.0,-1.0,1.0,158.0,181.421356201,1.0,1.0,181.0,1.14823643165,1.00232793481,-1.0,-1.0,6582.821427
4378.0,1270.0,1284.0,-1.0,-1.0,1.0,269.0,297.989898682,0.0,1.0,297.0,1.10776914008,1.0033329922,-1.0,-1.0,9542.97298
4379.0,1270.0,1296.0,-1.0,-1.0,1.0,412.0,469.705627441,1.0,1.0,469.0,1.14006220253,1.00150453612,-1.0,-1.0,15398.75057
4380.0,1271.0,1387.0,-1.0,-1.0,1.0,1236.0,90412.8125,1.0,1.0,1400.0,73.1495246764,64.5805803571,-1.0,-1.0,46388.95174
4381.0,1272.0,1277.0,-1.0,-1.0,1.0,22.0,48.2842712402,1.0,1.0,48.0,2.19473960183,1.0059223175,-1.0,-1.0,49516.29806
4382.0,1272.0,1281.0,-1.0,-1.0,1.0,62.0,96.5685424805,1.0,1.0,96.0,1.55755713678,1.00592231751,-1.0,-1.0,28187.90675
4383.0,1272.0,1298.0,-1.0,-1.0,-15.0,313.0,364.852813721,1.0,1.0,364.0,1.1656639416,1.00234289484,-1.0,-1.0,-1.0
4384.0,1273.0,1274.0,-1.0,-1.0,1.0,155.0,40128.2851563,1.0,1.0,168.0,258.892162299,238.858840216,-1.0,-1.0,12214.29346
4385.0,1273.0,1287.0,-1.0,-1.0,-15.0,232.0,36799.2421875,1.0,0.0,1735.0,158.617423222,21.2099378602,-1.0,-1.0,-1.0
4386.0,1273.0,1296.0,-1.0,-1.0,1.0,403.0,666.274169922,1.0,1.0,666.0,1.65328578144,1.00041166655,-1.0,-1.0,8981.318596
4387.0,1274.0,1278.0,-1.0,-1.0,1.0,46.0,17012.9882813,1.0,1.0,84.0,369.847571333,202.535574777,-1.0,-1.0,28189.35048
4388.0,1274.0,1287.0,-1.0,-1.0,1.0,166.0,9223.13671875,1.0,1.0,233.0,55.5610645708,39.5842777629,-1.0,-1.0,34165.94996
4389.0,1274.0,1289.0,-1.0,-1.0,-15.0,251.0,22714.9238281,0.0,1.0,364.0,90.4977044944,62.4036368904,-1.0,-1.0,-1.0
4390.0,1274.0,1296.0,-1.0,-1.0,1.0,526.0,40520.8320313,0.0,1.0,560.0,77.0358023409,72.3586286273,-1.0,-1.0,12019.26849
4391.0,1274.0,1299.0,-1.0,-1.0,-15.0,385.0,22908.0605469,0.0,1.0,557.0,59.501455966,41.1275772835,-1.0,-1.0,-1.0
4392.0,1274.0,1302.0,-1.0,-1.0,1.0,398.0,18381.984375,0.0,1.0,477.0,46.1858903894,38.5366548742,-1.0,-1.0,17832.21135
4393.0,1274.0,1312.0,-1.0,-1.0,-15.0,499.0,23381.1992188,0.0,1.0,1031.0,46.8561106589,22.6781757699,-1.0,-1.0,-1.0
4394.0,1275.0,1276.0,-1.0,-1.0,1.0,60.0,80.0,1.0,1.0,80.0,1.33333333333,1.0,-1.0,-1.0,15005.48689
4395.0,1275.0,1279.0,-1.0,-1.0,1.0,36.0,60.0,1.0,1.0,60.0,1.66666666667,1.0,-1.0,-1.0,23960.07687
4396.0,1275.0,1290.0,-1.0,-1.0,1.0,249.0,268.28427124,1.0,1.0,268.0,1.07744687245,1.00106071358,-1.0,-1.0,11917.23108
4397.0,1276.0,1290.0,-1.0,-1.0,1.0,267.0,309.705627441,1.0,1.0,309.0,1.15994617019,1.00228358395,-1.0,-1.0,11785.74956
4398.0,1276.0,1293.0,-1.0,-1.0,1.0,1019.0,23214.3183594,1.0,1.0,1510.0,22.7814704214,15.3737207678,-1.0,-1.0,27510.26055
4399.0,1276.0,1319.0,-1.0,-1.0,1.0,510.0,150436.28125,1.0,0.0,586.0,294.97310049,256.717203498,-1.0,-1.0,2822.741406
4400.0,1277.0,1281.0,-1.0,-1.0,1.0,69.0,116.56854248,1.0,1.0,116.0,1.68939916638,1.00490122828,-1.0,-1.0,5290.833137
4401.0,1277.0,1291.0,-1.0,-1.0,1.0,173.0,204.852813721,1.0,1.0,204.0,1.18412031053,1.00418045942,-1.0,-1.0,18613.22102
4402.0,1277.0,1298.0,-1.0,-1.0,1.0,252.0,268.28427124,1.0,1.0,268.0,1.06462012397,1.00106071358,-1.0,-1.0,28213.32094
4403.0,1278.0,1280.0,-1.0,-1.0,1.0,343.0,502.842712402,1.0,1.0,502.0,1.46601373878,1.00167870996,-1.0,-1.0,20735.15965
4404.0,1278.0,1286.0,-1.0,-1.0,1.0,329.0,494.558441162,1.0,0.0,494.0,1.50321714639,1.0011304477,-1.0,-1.0,23714.50314
4405.0,1278.0,1287.0,-1.0,-1.0,1.0,190.0,15453.5566406,1.0,0.0,349.0,81.3345086347,44.2795319215,-1.0,-1.0,11187.89606
4406.0,1278.0,1289.0,-1.0,-1.0,1.0,168.0,196.56854248,1.0,1.0,196.0,1.1700508481,1.00290072694,-1.0,-1.0,27616.18439
4407.0,1279.0,1290.0,-1.0,-1.0,1.0,186.0,208.28427124,1.0,1.0,208.0,1.11980790989,1.00136668865,-1.0,-1.0,10788.48142
4408.0,1279.0,1292.0,-1.0,-1.0,-15.0,399.0,634.55847168,1.0,1.0,634.0,1.59037210947,1.00088087016,-1.0,-1.0,-1.0
4409.0,1279.0,1304.0,-1.0,-1.0,1.0,327.0,429.705627441,1.0,0.0,429.0,1.31408448759,1.00164481921,-1.0,-1.0,27901.05468
4410.0,1280.0,1286.0,-1.0,-1.0,1.0,22.0,40.0,1.0,1.0,40.0,1.81818181818,1.0,-1.0,-1.0,34887.78172
4411.0,1280.0,1289.0,-1.0,-1.0,1.0,414.0,466.274169922,0.0,1.0,466.0,1.12626611092,1.00058834747,-1.0,-1.0,13636.1355
4412.0,1280.0,1294.0,-1.0,-1.0,-15.0,370.0,10578.2841797,1.0,1.0,588.0,28.5899572424,17.9902792172,-1.0,-1.0,-1.0
4413.0,1280.0,1306.0,-1.0,-1.0,-15.0,446.0,601.421386719,0.0,1.0,601.0,1.34847844556,1.00070114263,-1.0,-1.0,-1.0
4414.0,1281.0,1284.0,-1.0,-1.0,1.0,32.0,60.0,1.0,1.0,60.0,1.875,1.0,-1.0,-1.0,29753.29797
4415.0,1281.0,1291.0,-1.0,-1.0,1.0,80.0,100.0,1.0,1.0,100.0,1.25,1.0,-1.0,-1.0,34826.08481
4416.0,1281.0,1296.0,-1.0,-1.0,-15.0,275.0,314.558441162,1.0,0.0,314.0,1.14384887695,1.00177847504,-1.0,-1.0,-1.0
4417.0,1282.0,1288.0,-1.0,-1.0,1.0,100.0,133.137084961,1.0,1.0,133.0,1.33137084961,1.00103071399,-1.0,-1.0,12504.83859
4418.0,1282.0,1292.0,-1.0,-1.0,1.0,193.0,229.705627441,0.0,1.0,229.0,1.19018459814,1.00308134254,-1.0,-1.0,14162.50052
4419.0,1282.0,1295.0,-1.0,-1.0,1.0,149.0,40184.8515625,1.0,1.0,224.0,269.696990352,179.396658761,-1.0,-1.0,25283.41626
4420.0,1283.0,1285.0,-1.0,-1.0,1.0,11.0,20.0,1.0,1.0,20.0,1.81818181818,1.0,-1.0,-1.0,26589.9747
4421.0,1283.0,1308.0,-1.0,-1.0,1.0,390.0,192434.640625,1.0,1.0,502.0,493.422155449,383.3359375,-1.0,-1.0,24785.21959
4422.0,1284.0,1291.0,-1.0,-1.0,1.0,57.0,84.8528137207,1.0,1.0,84.0,1.48864585475,1.01015254429,-1.0,-1.0,20871.05423
4423.0,1284.0,1296.0,-1.0,-1.0,1.0,223.0,254.558441162,1.0,1.0,254.0,1.14151767337,1.00219858725,-1.0,-1.0,18114.41423
4424.0,1285.0,1293.0,-1.0,-1.0,-15.0,1037.0,302686.96875,0.0,1.0,2817.0,291.887144407,107.450113152,-1.0,-1.0,-1.0
4425.0,1285.0,1303.0,-1.0,-1.0,-15.0,993.0,312796.96875,1.0,0.0,2937.0,315.001982628,106.502202503,-1.0,-1.0,-1.0
4426.0,1285.0,1308.0,-1.0,-1.0,-15.0,446.0,192514.640625,1.0,1.0,582.0,431.647176289,330.781169459,-1.0,-1.0,-1.0
4427.0,1286.0,1289.0,-1.0,-1.0,1.0,372.0,433.137084961,1.0,1.0,433.0,1.16434700258,1.00031659344,-1.0,-1.0,17659.10515
4428.0,1286.0,1294.0,-1.0,-1.0,1.0,332.0,10506.5683594,1.0,0.0,516.0,31.6462902392,20.361566588,-1.0,-1.0,1862.751293
4429.0,1286.0,1306.0,-1.0,-1.0,1.0,400.0,529.705627441,0.0,1.0,529.0,1.3242640686,1.0013338893,-1.0,-1.0,33361.03964
4430.0,1286.0,1311.0,-1.0,-1.0,1.0,398.0,499.411254883,1.0,1.0,499.0,1.25480214795,1.00082415808,-1.0,-1.0,31084.17852
4431.0,1286.0,1313.0,-1.0,-1.0,1.0,418.0,494.558441162,1.0,1.0,494.0,1.18315416546,1.0011304477,-1.0,-1.0,9277.987664
4432.0,1286.0,1330.0,-1.0,-1.0,1.0,451.0,644.264099121,1.0,0.0,644.0,1.42852350138,1.0004100918,-1.0,-1.0,16999.4428
4433.0,1287.0,1289.0,-1.0,-1.0,1.0,112.0,15260.4199219,1.0,1.0,156.0,136.253749303,97.8232046276,-1.0,-1.0,11648.55064
4434.0,1287.0,1296.0,-1.0,-1.0,-15.0,372.0,36154.9765625,1.0,0.0,1091.0,97.190797211,33.1393002406,-1.0,-1.0,-1.0
4435.0,1287.0,1299.0,-1.0,-1.0,1.0,172.0,15320.4199219,1.0,0.0,216.0,89.0722088483,70.9278700088,-1.0,-1.0,11520.70555
4436.0,1287.0,1302.0,-1.0,-1.0,1.0,180.0,24366.9882813,1.0,0.0,273.0,135.372157118,89.2563673308,-1.0,-1.0,809.2780355
4437.0,1288.0,1292.0,-1.0,-1.0,1.0,45.0,68.2842712402,1.0,1.0,68.0,1.51742824978,1.00418045941,-1.0,-1.0,25369.22544
4438.0,1288.0,1295.0,-1.0,-1.0,1.0,213.0,40224.8515625,1.0,1.0,264.0,188.849068369,152.366861979,-1.0,-1.0,25294.60713
4439.0,1288.0,1322.0,-1.0,-1.0,1.0,363.0,437.989898682,0.0,1.0,437.0,1.20658374293,1.00226521438,-1.0,-1.0,18280.56738
4440.0,1289.0,1299.0,-1.0,-1.0,1.0,175.0,189.705627441,1.0,1.0,189.0,1.08403215681,1.00373347852,-1.0,-1.0,11944.09391
4441.0,1289.0,1310.0,-1.0,-1.0,1.0,236.0,276.56854248,1.0,1.0,276.0,1.17190060373,1.00205993652,-1.0,-1.0,9667.219899
4442.0,1289.0,1313.0,-1.0,-1.0,1.0,346.0,402.842712402,1.0,1.0,402.0,1.16428529596,1.00209629951,-1.0,-1.0,12975.6082
4443.0,1290.0,1292.0,-1.0,-1.0,-15.0,361.0,477.989898682,0.0,1.0,477.0,1.3240717415,1.00207525929,-1.0,-1.0,-1.0
4444.0,1290.0,1293.0,-1.0,-1.0,1.0,1213.0,23129.4648438,0.0,1.0,1425.0,19.0679842076,16.2312033992,-1.0,-1.0,27592.86434
4445.0,1290.0,1304.0,-1.0,-1.0,1.0,213.0,273.137084961,1.0,1.0,273.0,1.28233373221,1.00050214271,-1.0,-1.0,42311.70366
4446.0,1290.0,1319.0,-1.0,-1.0,1.0,377.0,150351.421875,1.0,1.0,501.0,398.810137599,300.102638473,-1.0,-1.0,2821.53359
4447.0,1290.0,1326.0,-1.0,-1.0,-15.0,366.0,194497.703125,1.0,1.0,549.0,531.414489413,354.276326275,-1.0,-1.0,-1.0
4448.0,1290.0,1331.0,-1.0,-1.0,-15.0,468.0,1089.11694336,0.0,1.0,1089.0,2.3271729559,1.00010738601,-1.0,-1.0,-1.0
4449.0,1291.0,1296.0,-1.0,-1.0,1.0,175.0,193.137084961,1.0,1.0,193.0,1.10364048549,1.00071028477,-1.0,-1.0,16291.99294
4450.0,1291.0,1297.0,-1.0,-1.0,1.0,79.0,100.0,1.0,1.0,100.0,1.26582278481,1.0,-1.0,-1.0,28374.93238
4451.0,1291.0,1298.0,-1.0,-1.0,1.0,90.0,124.852813721,1.0,1.0,124.0,1.38725348579,1.00687753001,-1.0,-1.0,30890.25819
4452.0,1292.0,1295.0,-1.0,-1.0,1.0,293.0,40280.0,1.0,0.0,320.0,137.47440273,125.875,-1.0,-1.0,25296.91027
4453.0,1292.0,1304.0,-1.0,-1.0,1.0,77.0,164.852813721,1.0,1.0,164.0,2.14094563274,1.00520008366,-1.0,-1.0,55875.41983
4454.0,1292.0,1322.0,-1.0,-1.0,1.0,334.0,422.842712402,1.0,1.0,422.0,1.26599614492,1.00199694882,-1.0,-1.0,18368.52439
4455.0,1293.0,1303.0,-1.0,-1.0,1.0,26.0,10030.0,1.0,1.0,40.0,385.769230769,250.75,-1.0,-1.0,1468.006275
4456.0,1293.0,1308.0,-1.0,-1.0,-15.0,1396.0,495291.3125,0.0,1.0,3490.0,354.793203797,141.917281519,-1.0,-1.0,-1.0
4457.0,1293.0,1319.0,-1.0,-1.0,1.0,915.0,171617.953125,1.0,1.0,1077.0,187.560604508,159.348145891,-1.0,-1.0,3854.876981
4458.0,1293.0,1335.0,-1.0,-1.0,-15.0,899.0,280516.875,1.0,1.0,1302.0,312.032119021,215.450748848,-1.0,-1.0,-1.0
4459.0,1293.0,1489.0,-1.0,-1.0,-15.0,3631.0,293357.25,0.0,1.0,8259.0,80.7924125585,35.5197057755,-1.0,-1.0,-1.0
4460.0,1294.0,1301.0,-1.0,-1.0,1.0,300.0,10346.5683594,1.0,0.0,356.0,34.488561198,29.063394268,-1.0,-1.0,1337.739608
4461.0,1294.0,1306.0,-1.0,-1.0,1.0,68.0,10090.0,1.0,1.0,100.0,148.382352941,100.9,-1.0,-1.0,580.3689759
4462.0,1294.0,1311.0,-1.0,-1.0,-15.0,144.0,10174.8525391,1.0,0.0,184.0,70.6586981882,55.2981116255,-1.0,-1.0,-1.0
4463.0,1294.0,1316.0,-1.0,-1.0,1.0,104.0,10134.8525391,1.0,0.0,144.0,97.4505051837,70.3809204104,-1.0,-1.0,803.8595971
4464.0,1295.0,1300.0,-1.0,-1.0,1.0,174.0,397.989898682,1.0,1.0,397.0,2.28729826829,1.00249344756,-1.0,-1.0,29362.85135
4465.0,1295.0,1301.0,-1.0,-1.0,-15.0,252.0,469.705627441,1.0,1.0,469.0,1.86391122,1.00150453612,-1.0,-1.0,-1.0
4466.0,1295.0,1315.0,-1.0,-1.0,1.0,155.0,256.56854248,1.0,1.0,256.0,1.65528091923,1.00222086906,-1.0,-1.0,43247.61364
4467.0,1295.0,1322.0,-1.0,-1.0,1.0,294.0,40369.7070313,1.0,1.0,409.0,137.311928678,98.7034401743,-1.0,-1.0,25345.2068
4468.0,1295.0,1327.0,-1.0,-1.0,1.0,258.0,288.28427124,1.0,0.0,288.0,1.11738089628,1.00098705292,-1.0,-1.0,29823.1425
4469.0,1296.0,1297.0,-1.0,-1.0,1.0,128.0,148.28427124,1.0,1.0,148.0,1.15847086906,1.00192075162,-1.0,-1.0,7953.358052
4470.0,1296.0,1302.0,-1.0,-1.0,-15.0,290.0,29824.5585938,1.0,0.0,874.0,102.843305496,34.1242089174,-1.0,-1.0,-1.0
4471.0,1296.0,1309.0,-1.0,-1.0,1.0,174.0,244.852813721,1.0,1.0,244.0,1.40720007886,1.0034951382,-1.0,-1.0,9382.051269
4472.0,1296.0,1312.0,-1.0,-1.0,1.0,262.0,20313.1367188,1.0,1.0,353.0,77.5310561786,57.5442966538,-1.0,-1.0,45112.45177
4473.0,1296.0,1314.0,-1.0,-1.0,-15.0,193.0,751.12701416,1.0,1.0,751.0,3.8918498143,1.00016912671,-1.0,-1.0,-1.0
4474.0,1296.0,1320.0,-1.0,-1.0,-15.0,234.0,807.695556641,1.0,1.0,807.0,3.451690413,1.00086190414,-1.0,-1.0,-1.0
4475.0,1296.0,1324.0,-1.0,-1.0,-15.0,310.0,20421.421875,1.0,0.0,461.0,65.8755544355,44.2980951735,-1.0,-1.0,-1.0
4476.0,1296.0,1337.0,-1.0,-1.0,-15.0,367.0,19531.1191406,1.0,0.0,1060.0,53.218308285,18.4255840949,-1.0,-1.0,-1.0
4477.0,1297.0,1298.0,-1.0,-1.0,1.0,139.0,164.852813721,1.0,1.0,164.0,1.18599146562,1.00520008366,-1.0,-1.0,7160.581383
4478.0,1297.0,1309.0,-1.0,-1.0,1.0,62.0,104.852813721,1.0,1.0,104.0,1.69117441485,1.00820013193,-1.0,-1.0,21365.04988
4479.0,1298.0,1309.0,-1.0,-1.0,1.0,176.0,189.705627441,1.0,1.0,189.0,1.07787288319,1.00373347852,-1.0,-1.0,6541.9024
4480.0,1298.0,1339.0,-1.0,-1.0,1.0,132.0,176.56854248,1.0,1.0,176.0,1.33764047333,1.003230355,-1.0,-1.0,59138.5175
4481.0,1299.0,1302.0,-1.0,-1.0,1.0,21.0,9050.0,1.0,1.0,60.0,430.952380952,150.833333333,-1.0,-1.0,18754.72908
4482.0,1299.0,1310.0,-1.0,-1.0,1.0,109.0,133.137084961,1.0,1.0,133.0,1.22144114643,1.00103071399,-1.0,-1.0,26058.17946
4483.0,1299.0,1312.0,-1.0,-1.0,-15.0,115.0,453.137084961,1.0,1.0,453.0,3.94032247792,1.00030261581,-1.0,-1.0,-1.0
4484.0,1300.0,1301.0,-1.0,-1.0,1.0,57.0,80.0,1.0,1.0,80.0,1.40350877193,1.0,-1.0,-1.0,18039.76992
4485.0,1300.0,1305.0,-1.0,-1.0,1.0,32.0,56.5685424805,1.0,1.0,56.0,1.76776695252,1.01015254429,-1.0,-1.0,19215.67298
4486.0,1300.0,1315.0,-1.0,-1.0,1.0,71.0,88.2842712402,1.0,1.0,88.0,1.24344044,1.003230355,-1.0,-1.0,11723.41519
4487.0,1301.0,1305.0,-1.0,-1.0,1.0,12.0,28.2842712402,1.0,1.0,28.0,2.35702260335,1.01015254429,-1.0,-1.0,13581.16488
4488.0,1301.0,1316.0,-1.0,-1.0,1.0,187.0,217.989898682,1.0,1.0,217.0,1.16572138333,1.00456174508,-1.0,-1.0,29249.22645
4489.0,1302.0,1312.0,-1.0,-1.0,-15.0,53.0,9463.13671875,1.0,1.0,473.0,178.54974941,20.0066315407,-1.0,-1.0,-1.0
4490.0,1303.0,1308.0,-1.0,-1.0,-15.0,1317.0,505401.3125,1.0,1.0,3610.0,383.75194571,140.000363573,-1.0,-1.0,-1.0
4491.0,1303.0,1335.0,-1.0,-1.0,-15.0,915.0,290583.4375,1.0,0.0,1379.0,317.577527322,210.720404278,-1.0,-1.0,-1.0
4492.0,1303.0,1398.0,-1.0,-1.0,-15.0,1329.0,251536.53125,1.0,0.0,3490.0,189.267517871,72.0735046562,-1.0,-1.0,-1.0
4493.0,1303.0,1438.0,-1.0,-1.0,-15.0,1685.0,408369.28125,1.0,0.0,10869.0,242.355656528,37.5719276152,-1.0,-1.0,-1.0
4494.0,1303.0,1489.0,-1.0,-1.0,-15.0,3508.0,303423.84375,0.0,1.0,8336.0,86.4948243301,36.3992135017,-1.0,-1.0,-1.0
4495.0,1304.0,1318.0,-1.0,-1.0,-15.0,135.0,667.695556641,1.0,1.0,667.0,4.94589301216,1.00104281355,-1.0,-1.0,-1.0
4496.0,1304.0,1322.0,-1.0,-1.0,1.0,228.0,474.558441162,1.0,1.0,474.0,2.08139667176,1.00117814591,-1.0,-1.0,20376.42712
4497.0,1304.0,1325.0,-1.0,-1.0,-15.0,191.0,727.695556641,1.0,1.0,727.0,3.80992438032,1.00095674916,-1.0,-1.0,-1.0
4498.0,1304.0,1326.0,-1.0,-1.0,-15.0,476.0,194736.28125,1.0,0.0,788.0,409.109834559,247.12726047,-1.0,-1.0,-1.0
4499.0,1304.0,1331.0,-1.0,-1.0,-15.0,238.0,764.264099121,0.0,1.0,764.0,3.21119369379,1.00034567948,-1.0,-1.0,-1.0
4500.0,1305.0,1315.0,-1.0,-1.0,1.0,40.0,76.5685424805,1.0,1.0,76.0,1.91421356201,1.00748082211,-1.0,-1.0,23926.72626
4501.0,1305.0,1316.0,-1.0,-1.0,1.0,176.0,229.705627441,1.0,1.0,229.0,1.30514561046,1.00308134254,-1.0,-1.0,29219.2088
4502.0,1306.0,1311.0,-1.0,-1.0,1.0,55.0,76.5685424805,1.0,1.0,76.0,1.39215531783,1.00748082211,-1.0,-1.0,31392.56782
4503.0,1306.0,1316.0,-1.0,-1.0,1.0,13.0,40.0,1.0,1.0,40.0,3.07692307692,1.0,-1.0,-1.0,64158.04212
4504.0,1308.0,1427.0,-1.0,-1.0,-15.0,2471.0,241237.90625,0.0,1.0,6508.0,97.6276431607,37.0679020052,-1.0,-1.0,-1.0
4505.0,1308.0,1438.0,-1.0,-1.0,-15.0,1226.0,320528.0625,1.0,1.0,5325.0,261.44213907,60.1930633803,-1.0,-1.0,-1.0
4506.0,1308.0,1445.0,-1.0,-1.0,1.0,1693.0,184715.96875,1.0,1.0,2394.0,109.105711016,77.1578816834,-1.0,-1.0,25001.70373
4507.0,1308.0,1489.0,-1.0,-1.0,-15.0,3301.0,218038.484375,0.0,1.0,5248.0,66.0522521584,41.5469672971,-1.0,-1.0,-1.0
4508.0,1309.0,1314.0,-1.0,-1.0,-15.0,71.0,501.421356201,1.0,1.0,501.0,7.06227262255,1.00084103034,-1.0,-1.0,-1.0
4509.0,1309.0,1320.0,-1.0,-1.0,-15.0,128.0,557.989929199,0.0,1.0,557.0,4.35929632187,1.0017772517,-1.0,-1.0,-1.0
4510.0,1309.0,1339.0,-1.0,-1.0,1.0,63.0,264.852813721,1.0,1.0,264.0,4.20401291621,1.003230355,-1.0,-1.0,35495.45261
4511.0,1310.0,1312.0,-1.0,-1.0,-15.0,103.0,349.705627441,1.0,1.0,349.0,3.39520026642,1.00202185513,-1.0,-1.0,-1.0
4512.0,1310.0,1313.0,-1.0,-1.0,1.0,208.0,264.852813721,1.0,1.0,264.0,1.2733308352,1.003230355,-1.0,-1.0,13084.021
4513.0,1310.0,1323.0,-1.0,-1.0,1.0,96.0,124.852813721,1.0,1.0,124.0,1.30055014293,1.00687753001,-1.0,-1.0,14722.57987
4514.0,1310.0,1324.0,-1.0,-1.0,1.0,114.0,229.705627441,1.0,1.0,229.0,2.01496164422,1.00308134254,-1.0,-1.0,8897.469285
4515.0,1310.0,1329.0,-1.0,-1.0,1.0,147.0,160.0,0.0,1.0,160.0,1.08843537415,1.0,-1.0,-1.0,11316.21876
4516.0,1311.0,1313.0,-1.0,-1.0,1.0,430.0,562.842712402,0.0,1.0,562.0,1.30893654047,1.00149948826,-1.0,-1.0,33942.94948
4517.0,1311.0,1316.0,-1.0,-1.0,1.0,90.0,136.56854248,1.0,1.0,136.0,1.51742824978,1.00418045941,-1.0,-1.0,35758.93739
4518.0,1311.0,1321.0,-1.0,-1.0,1.0,146.0,181.421356201,1.0,1.0,181.0,1.24261202877,1.00232793481,-1.0,-1.0,18448.38541
4519.0,1311.0,1330.0,-1.0,-1.0,1.0,83.0,144.852813721,1.0,1.0,144.0,1.74521462314,1.00592231751,-1.0,-1.0,35459.20194
4520.0,1311.0,1333.0,-1.0,-1.0,1.0,150.0,201.421356201,1.0,1.0,201.0,1.34280904134,1.00209629951,-1.0,-1.0,18557.66094
4521.0,1312.0,1320.0,-1.0,-1.0,-15.0,395.0,21167.6953125,0.0,1.0,1207.0,53.589102057,17.5374443351,-1.0,-1.0,-1.0
4522.0,1312.0,1324.0,-1.0,-1.0,1.0,9.0,60.0,1.0,1.0,60.0,6.66666666667,1.0,-1.0,-1.0,46415.17842
4523.0,1312.0,1337.0,-1.0,-1.0,-15.0,343.0,39891.1171875,1.0,0.0,1460.0,116.3006332,27.3226830051,-1.0,-1.0,-1.0
4524.0,1313.0,1323.0,-1.0,-1.0,1.0,159.0,204.852813721,1.0,1.0,204.0,1.28838247623,1.00418045942,-1.0,-1.0,12020.62804
4525.0,1313.0,1328.0,-1.0,-1.0,1.0,184.0,217.989898682,1.0,1.0,217.0,1.18472771023,1.00456174508,-1.0,-1.0,8625.67009
4526.0,1313.0,1330.0,-1.0,-1.0,-15.0,174.0,687.695556641,1.0,1.0,687.0,3.95227331403,1.00101245508,-1.0,-1.0,-1.0
4527.0,1313.0,1336.0,-1.0,-1.0,1.0,197.0,228.28427124,1.0,1.0,228.0,1.15880340731,1.00124680368,-1.0,-1.0,5323.382832
4528.0,1314.0,1320.0,-1.0,-1.0,1.0,35.0,56.5685424805,1.0,1.0,56.0,1.61624407087,1.01015254429,-1.0,-1.0,4554.537174
4529.0,1314.0,1339.0,-1.0,-1.0,1.0,37.0,48.2842712402,1.0,1.0,48.0,1.30498030379,1.0059223175,-1.0,-1.0,5064.821199
4530.0,1315.0,1316.0,-1.0,-1.0,1.0,175.0,224.852813721,1.0,1.0,224.0,1.28487322126,1.00380720411,-1.0,-1.0,37142.36436
4531.0,1315.0,1322.0,-1.0,-1.0,-15.0,292.0,40626.2734375,0.0,1.0,666.0,139.131073416,61.0004105668,-1.0,-1.0,-1.0
4532.0,1315.0,1327.0,-1.0,-1.0,1.0,95.0,113.137084961,1.0,1.0,113.0,1.1909166838,1.00121314125,-1.0,-1.0,30794.86339
4533.0,1315.0,1342.0,-1.0,-1.0,1.0,155.0,321.421356201,1.0,1.0,321.0,2.07368616904,1.00131263614,-1.0,-1.0,20056.54186
4534.0,1316.0,1321.0,-1.0,-1.0,1.0,48.0,161.421356201,1.0,1.0,161.0,3.36294492085,1.00261711926,-1.0,-1.0,12669.51055
4535.0,1316.0,1333.0,-1.0,-1.0,1.0,83.0,153.137084961,1.0,1.0,153.0,1.84502512001,1.00089598014,-1.0,-1.0,12596.14908
4536.0,1316.0,1342.0,-1.0,-1.0,1.0,210.0,284.852813721,1.0,1.0,284.0,1.3564419701,1.00300286521,-1.0,-1.0,39389.36274
4537.0,1317.0,1334.0,-1.0,-1.0,1.0,207.0,40970.5625,1.0,1.0,249.0,197.925422705,164.540411647,-1.0,-1.0,30941.78176
4538.0,1317.0,1341.0,-1.0,-1.0,1.0,705.0,34848.5625,1.0,1.0,877.0,49.4305851064,39.7361031927,-1.0,-1.0,49651.78511
4539.0,1317.0,1350.0,-1.0,-1.0,1.0,699.0,34836.84375,0.0,1.0,866.0,49.8381169528,40.2273022517,-1.0,-1.0,49602.57956
4540.0,1317.0,1370.0,-1.0,-1.0,-15.0,4091.0,605159.6875,1.0,0.0,5945.0,147.924636397,101.793050883,-1.0,-1.0,-1.0
4541.0,1317.0,1436.0,-1.0,-1.0,-15.0,1177.0,191946.609375,1.0,0.0,1917.0,163.081231415,100.128643388,-1.0,-1.0,-1.0
4542.0,1317.0,1474.0,-1.0,-1.0,1.0,2532.0,424958.5,1.0,1.0,3592.0,167.835110585,118.306932071,-1.0,-1.0,18564.01362
4543.0,1318.0,1322.0,-1.0,-1.0,1.0,81.0,108.28427124,1.0,1.0,108.0,1.33684285481,1.00263214111,-1.0,-1.0,31475.24077
4544.0,1318.0,1325.0,-1.0,-1.0,1.0,46.0,76.5685424805,1.0,1.0,76.0,1.66453353218,1.00748082211,-1.0,-1.0,15560.72569
4545.0,1318.0,1331.0,-1.0,-1.0,1.0,101.0,113.137084961,1.0,1.0,113.0,1.12016915803,1.00121314125,-1.0,-1.0,15514.23772
4546.0,1319.0,1326.0,-1.0,-1.0,1.0,13.0,14156.2773438,1.0,1.0,28.0,1088.94441106,505.581333707,-1.0,-1.0,1468.00004
4547.0,1319.0,1335.0,-1.0,-1.0,1.0,80.0,90724.8203125,1.0,1.0,104.0,1134.06025391,872.354041466,-1.0,-1.0,1468.000001
4548.0,1320.0,1324.0,-1.0,-1.0,-15.0,383.0,21275.9804688,0.0,1.0,1315.0,55.5508628428,16.179452828,-1.0,-1.0,-1.0
4549.0,1320.0,1337.0,-1.0,-1.0,1.0,134.0,18715.1386719,1.0,1.0,244.0,139.665213969,76.7013879996,-1.0,-1.0,11610.21874
4550.0,1320.0,1339.0,-1.0,-1.0,1.0,20.0,48.2842712402,1.0,1.0,48.0,2.41421356201,1.0059223175,-1.0,-1.0,9279.497379
4551.0,1320.0,1340.0,-1.0,-1.0,-15.0,418.0,21435.9804688,0.0,1.0,1475.0,51.2822499254,14.5328681144,-1.0,-1.0,-1.0
4552.0,1320.0,1346.0,-1.0,-1.0,-15.0,199.0,41985.203125,0.0,1.0,321.0,210.980920226,130.795025312,-1.0,-1.0,-1.0
4553.0,1321.0,1333.0,-1.0,-1.0,1.0,16.0,40.0,1.0,1.0,40.0,2.5,1.0,-1.0,-1.0,12689.72339
4554.0,1322.0,1327.0,-1.0,-1.0,-15.0,196.0,40657.9882813,1.0,1.0,697.0,207.438715721,58.3328382802,-1.0,-1.0,-1.0
4555.0,1322.0,1331.0,-1.0,-1.0,1.0,160.0,204.852813721,1.0,1.0,204.0,1.28033008576,1.00418045942,-1.0,-1.0,24907.35506
4556.0,1322.0,1344.0,-1.0,-1.0,-15.0,289.0,40902.84375,1.0,1.0,942.0,141.532331315,43.4212778662,-1.0,-1.0,-1.0
4557.0,1322.0,1375.0,-1.0,-1.0,1.0,438.0,148518.015625,1.0,1.0,551.0,339.082227454,269.542678085,-1.0,-1.0,6440.541614
4558.0,1322.0,1380.0,-1.0,-1.0,-15.0,434.0,41135.9804688,0.0,1.0,1175.0,94.7833651355,35.0093450798,-1.0,-1.0,-1.0
4559.0,1322.0,1396.0,-1.0,-1.0,-15.0,600.0,105402.96875,0.0,1.0,1582.0,175.671614583,66.6264024968,-1.0,-1.0,-1.0
4560.0,1323.0,1324.0,-1.0,-1.0,1.0,135.0,196.56854248,1.0,0.0,196.0,1.45606327763,1.00290072694,-1.0,-1.0,13602.24206
4561.0,1323.0,1328.0,-1.0,-1.0,1.0,45.0,76.5685424805,1.0,1.0,76.0,1.70152316623,1.00748082211,-1.0,-1.0,11533.67148
4562.0,1323.0,1329.0,-1.0,-1.0,1.0,16.0,48.2842712402,1.0,1.0,48.0,3.01776695251,1.0059223175,-1.0,-1.0,7318.903374
4563.0,1323.0,1332.0,-1.0,-1.0,1.0,69.0,88.2842712402,1.0,0.0,88.0,1.27948219189,1.003230355,-1.0,-1.0,10549.96435
4564.0,1324.0,1329.0,-1.0,-1.0,1.0,100.0,128.28427124,1.0,1.0,128.0,1.2828427124,1.00222086906,-1.0,-1.0,19046.8778
4565.0,1324.0,1337.0,-1.0,-1.0,-15.0,316.0,39999.4023438,1.0,0.0,1569.0,126.580387164,25.4935642727,-1.0,-1.0,-1.0
4566.0,1324.0,1340.0,-1.0,-1.0,1.0,75.0,100.0,1.0,1.0,100.0,1.33333333333,1.0,-1.0,-1.0,15219.9834
4567.0,1325.0,1326.0,-1.0,-1.0,-15.0,451.0,195507.40625,1.0,0.0,1559.0,433.497574834,125.405648653,-1.0,-1.0,-1.0
4568.0,1325.0,1331.0,-1.0,-1.0,1.0,22.0,40.0,1.0,1.0,40.0,1.81818181818,1.0,-1.0,-1.0,15743.43936
4569.0,1326.0,1331.0,-1.0,-1.0,-15.0,419.0,195543.96875,1.0,1.0,1595.0,466.692049523,122.59809953,-1.0,-1.0,-1.0
4570.0,1326.0,1335.0,-1.0,-1.0,-15.0,132.0,136939.375,1.0,1.0,241.0,1037.41950758,568.213174274,-1.0,-1.0,-1.0
4571.0,1326.0,1394.0,-1.0,-1.0,-15.0,456.0,265903.6875,1.0,1.0,2025.0,583.122121711,131.310462963,-1.0,-1.0,-1.0
4572.0,1327.0,1342.0,-1.0,-1.0,-15.0,135.0,313.137084961,1.0,1.0,313.0,2.31953396267,1.00043797112,-1.0,-1.0,-1.0
4573.0,1327.0,1344.0,-1.0,-1.0,1.0,149.0,213.137084961,1.0,1.0,213.0,1.43045023464,1.00064359137,-1.0,-1.0,34000.38665
4574.0,1328.0,1329.0,-1.0,-1.0,1.0,60.0,100.0,0.0,1.0,100.0,1.66666666667,1.0,-1.0,-1.0,10920.97628
4575.0,1328.0,1332.0,-1.0,-1.0,1.0,19.0,56.5685424805,1.0,1.0,56.0,2.9772917095,1.01015254429,-1.0,-1.0,3284.316635
4576.0,1328.0,1336.0,-1.0,-1.0,1.0,128.0,173.137084961,1.0,1.0,173.0,1.35263347626,1.00079239862,-1.0,-1.0,9195.582737
4577.0,1328.0,1351.0,-1.0,-1.0,1.0,143.0,204.852813721,1.0,0.0,204.0,1.43253715889,1.00418045942,-1.0,-1.0,8496.60836
4578.0,1329.0,1332.0,-1.0,-1.0,1.0,47.0,76.5685424805,1.0,1.0,76.0,1.62911792512,1.00748082211,-1.0,-1.0,14228.38861
4579.0,1329.0,1340.0,-1.0,-1.0,1.0,102.0,136.56854248,1.0,1.0,136.0,1.33890727922,1.00418045941,-1.0,-1.0,12092.35449
4580.0,1329.0,1343.0,-1.0,-1.0,1.0,115.0,156.56854248,1.0,1.0,156.0,1.36146558678,1.00364450308,-1.0,-1.0,9634.01568
4581.0,1330.0,1333.0,-1.0,-1.0,1.0,153.0,204.852813721,1.0,1.0,204.0,1.33890727922,1.00418045942,-1.0,-1.0,41673.99992
4582.0,1330.0,1336.0,-1.0,-1.0,-15.0,209.0,459.411254883,1.0,1.0,459.0,2.19813997552,1.00089598014,-1.0,-1.0,-1.0
4583.0,1330.0,1345.0,-1.0,-1.0,1.0,120.0,153.137084961,1.0,1.0,153.0,1.27614237468,1.00089598014,-1.0,-1.0,60193.9205
4584.0,1330.0,1352.0,-1.0,-1.0,-15.0,236.0,17916.765625,1.0,1.0,535.0,75.918498411,33.4892815421,-1.0,-1.0,-1.0
4585.0,1330.0,1355.0,-1.0,-1.0,-15.0,240.0,18239.9121094,1.0,1.0,519.0,75.9996337892,35.1443393245,-1.0,-1.0,-1.0
4586.0,1330.0,1356.0,-1.0,-1.0,-15.0,208.0,10771.5556641,1.0,1.0,391.0,51.7863253082,27.5487357138,-1.0,-1.0,-1.0
4587.0,1331.0,1375.0,-1.0,-1.0,1.0,376.0,148554.578125,1.0,1.0,587.0,395.091963098,253.074238714,-1.0,-1.0,6408.640551
4588.0,1331.0,1394.0,-1.0,-1.0,1.0,342.0,70331.421875,1.0,1.0,401.0,205.647432383,175.390079489,-1.0,-1.0,46748.49308
4589.0,1332.0,1336.0,-1.0,-1.0,1.0,148.0,188.28427124,0.0,1.0,188.0,1.27219102189,1.00151208106,-1.0,-1.0,8614.214509
4590.0,1332.0,1343.0,-1.0,-1.0,1.0,57.0,80.0,1.0,1.0,80.0,1.40350877193,1.0,-1.0,-1.0,7039.538818
4591.0,1332.0,1351.0,-1.0,-1.0,1.0,104.0,144.852813721,1.0,0.0,144.0,1.39281551655,1.00592231751,-1.0,-1.0,11654.71448
4592.0,1333.0,1342.0,-1.0,-1.0,1.0,136.0,196.56854248,1.0,1.0,196.0,1.44535693,1.00290072694,-1.0,-1.0,61297.31713
4593.0,1333.0,1352.0,-1.0,-1.0,1.0,196.0,17618.7753906,1.0,1.0,237.0,89.8917111765,74.3408244329,-1.0,-1.0,3173.625779
4594.0,1333.0,1374.0,-1.0,-1.0,1.0,264.0,21114.8535156,1.0,1.0,324.0,79.9805057409,65.1693009741,-1.0,-1.0,2406.691425
4595.0,1334.0,1341.0,-1.0,-1.0,1.0,494.0,21534.8535156,1.0,1.0,584.0,43.5928208818,36.8747491705,-1.0,-1.0,23062.24477
4596.0,1334.0,1350.0,-1.0,-1.0,1.0,483.0,21523.1367188,1.0,1.0,573.0,44.5613596663,37.5621932265,-1.0,-1.0,22963.21232
4597.0,1334.0,1423.0,-1.0,-1.0,1.0,737.0,165104.546875,1.0,0.0,1375.0,224.022451662,120.076034091,-1.0,-1.0,6025.183517
4598.0,1334.0,1436.0,-1.0,-1.0,-15.0,972.0,178632.90625,1.0,0.0,1624.0,183.778710134,109.995631927,-1.0,-1.0,-1.0
4599.0,1334.0,1474.0,-1.0,-1.0,1.0,2564.0,441301.625,1.0,0.0,3596.0,172.114518331,122.720140434,-1.0,-1.0,20366.87683
4600.0,1335.0,1394.0,-1.0,-1.0,-15.0,411.0,334404.21875,1.0,1.0,2222.0,813.635568735,150.496948132,-1.0,-1.0,-1.0
4601.0,1335.0,1398.0,-1.0,-1.0,-15.0,523.0,481305.625,1.0,1.0,2701.0,920.278441683,178.195344317,-1.0,-1.0,-1.0
4602.0,1335.0,1489.0,-1.0,-1.0,-15.0,3637.0,533192.9375,0.0,1.0,7547.0,146.602402392,70.649653836,-1.0,-1.0,-1.0
4603.0,1336.0,1343.0,-1.0,-1.0,1.0,160.0,204.852813721,0.0,1.0,204.0,1.28033008576,1.00418045942,-1.0,-1.0,7091.593306
4604.0,1336.0,1345.0,-1.0,-1.0,1.0,71.0,221.421356201,1.0,1.0,221.0,3.11861065072,1.00190658914,-1.0,-1.0,25297.88307
4605.0,1336.0,1351.0,-1.0,-1.0,1.0,93.0,144.852813721,1.0,1.0,144.0,1.55755713678,1.00592231751,-1.0,-1.0,2974.543396
4606.0,1337.0,1339.0,-1.0,-1.0,1.0,132.0,18735.1386719,1.0,1.0,264.0,141.932868727,70.9664343633,-1.0,-1.0,11614.53488
4607.0,1337.0,1340.0,-1.0,-1.0,-15.0,290.0,40159.4023438,1.0,0.0,1729.0,138.480697737,23.226953351,-1.0,-1.0,-1.0
4608.0,1337.0,1346.0,-1.0,-1.0,1.0,64.0,27066.5683594,1.0,1.0,96.0,422.915130616,281.94342041,-1.0,-1.0,22598.82261
4609.0,1337.0,1348.0,-1.0,-1.0,-15.0,299.0,41241.1171875,1.0,0.0,1820.0,137.930157818,22.6599544986,-1.0,-1.0,-1.0
4610.0,1338.0,1339.0,-1.0,-1.0,1.0,23.0,48.2842712402,1.0,1.0,48.0,2.09931614088,1.0059223175,-1.0,-1.0,28458.19511
4611.0,1338.0,1347.0,-1.0,-1.0,1.0,19.0,20438.3554688,1.0,1.0,68.0,1075.70291941,300.564051012,-1.0,-1.0,27225.04347
4612.0,1338.0,1365.0,-1.0,-1.0,-15.0,266.0,41543.5664063,1.0,0.0,313.0,156.178821076,132.727049221,-1.0,-1.0,-1.0
4613.0,1338.0,1378.0,-1.0,-1.0,-15.0,338.0,50249.5351563,1.0,0.0,1245.0,148.667263776,40.3610724147,-1.0,-1.0,-1.0
4614.0,1338.0,1381.0,-1.0,-1.0,-15.0,316.0,46567.890625,1.0,0.0,1113.0,147.366742484,41.8399736074,-1.0,-1.0,-1.0
4615.0,1339.0,1346.0,-1.0,-1.0,1.0,122.0,38274.4765625,1.0,1.0,133.0,313.725217725,287.778019267,-1.0,-1.0,21165.03106
4616.0,1339.0,1347.0,-1.0,-1.0,-15.0,75.0,20523.2089844,1.0,1.0,153.0,273.642786459,134.138620813,-1.0,-1.0,-1.0
4617.0,1339.0,1371.0,-1.0,-1.0,1.0,276.0,41122.5390625,0.0,1.0,591.0,148.994706748,69.5812843697,-1.0,-1.0,20611.05617
4618.0,1339.0,1378.0,-1.0,-1.0,-15.0,424.0,46558.8125,1.0,1.0,1077.0,109.808520047,43.2300951718,-1.0,-1.0,-1.0
4619.0,1340.0,1343.0,-1.0,-1.0,1.0,152.0,237.989898682,1.0,1.0,237.0,1.56572301764,1.00417678769,-1.0,-1.0,11946.90308
4620.0,1340.0,1346.0,-1.0,-1.0,1.0,330.0,47137.765625,0.0,1.0,867.0,142.841714015,54.3688184833,-1.0,-1.0,7157.087484
4621.0,1340.0,1348.0,-1.0,-1.0,1.0,22.0,1058.28430176,1.0,1.0,68.0,48.1038318982,15.5630044376,-1.0,-1.0,1468.002387
4622.0,1340.0,1366.0,-1.0,-1.0,1.0,324.0,44517.9882813,0.0,1.0,637.0,137.401198399,69.886951776,-1.0,-1.0,7139.371354
4623.0,1341.0,1349.0,-1.0,-1.0,1.0,3.0,20.0,1.0,1.0,20.0,6.66666666667,1.0,-1.0,-1.0,22172.7688
4624.0,1341.0,1350.0,-1.0,-1.0,-15.0,40.0,68.2842712402,1.0,1.0,68.0,1.70710678101,1.00418045941,-1.0,-1.0,-1.0
4625.0,1341.0,1353.0,-1.0,-1.0,1.0,938.0,50163.8242188,1.0,1.0,1127.0,53.4795567365,44.5109354204,-1.0,-1.0,26005.73806
4626.0,1341.0,1357.0,-1.0,-1.0,1.0,203.0,9256.27441406,1.0,0.0,266.0,45.5974109067,34.798024113,-1.0,-1.0,2472.59412
4627.0,1341.0,1361.0,-1.0,-1.0,1.0,351.0,3404.55834961,1.0,0.0,434.0,9.69959643764,7.84460449219,-1.0,-1.0,18135.99353
4628.0,1342.0,1344.0,-1.0,-1.0,1.0,60.0,88.2842712402,1.0,1.0,88.0,1.47140452067,1.003230355,-1.0,-1.0,48593.51725
4629.0,1342.0,1374.0,-1.0,-1.0,1.0,301.0,21241.7792969,1.0,1.0,381.0,70.5706953385,55.7527015667,-1.0,-1.0,1919.5236
4630.0,1342.0,1380.0,-1.0,-1.0,1.0,220.0,309.705627441,1.0,1.0,309.0,1.407752852,1.00228358395,-1.0,-1.0,66144.73285
4631.0,1342.0,1413.0,-1.0,-1.0,1.0,735.0,19119.5371094,0.0,1.0,1158.0,26.012975659,16.5108265193,-1.0,-1.0,3053.905848
4632.0,1343.0,1348.0,-1.0,-1.0,-15.0,157.0,1344.55847168,1.0,1.0,354.0,8.5640666986,3.79818777311,-1.0,-1.0,-1.0
4633.0,1343.0,1351.0,-1.0,-1.0,1.0,57.0,88.2842712402,1.0,1.0,88.0,1.54884686386,1.003230355,-1.0,-1.0,15548.36459
4634.0,1343.0,1354.0,-1.0,-1.0,1.0,117.0,144.852813721,1.0,1.0,144.0,1.23805823693,1.00592231751,-1.0,-1.0,8848.996679
4635.0,1344.0,1375.0,-1.0,-1.0,1.0,430.0,183317.4375,1.0,0.0,651.0,426.319622093,281.593605991,-1.0,-1.0,8105.326582
4636.0,1344.0,1380.0,-1.0,-1.0,1.0,162.0,233.137084961,1.0,1.0,233.0,1.4391178084,1.00058834747,-1.0,-1.0,71125.64649
4637.0,1345.0,1351.0,-1.0,-1.0,1.0,92.0,144.852813721,1.0,1.0,144.0,1.57448710566,1.00592231751,-1.0,-1.0,38767.45349
4638.0,1345.0,1356.0,-1.0,-1.0,1.0,148.0,10581.8496094,1.0,1.0,201.0,71.4989838473,52.6460179572,-1.0,-1.0,6124.744412
4639.0,1345.0,1372.0,-1.0,-1.0,1.0,223.0,17812.0644531,1.0,1.0,261.0,79.8747284892,68.2454576747,-1.0,-1.0,3806.242129
4640.0,1345.0,1377.0,-1.0,-1.0,-15.0,192.0,16963.4863281,1.0,1.0,402.0,88.3514912922,42.1977271843,-1.0,-1.0,-1.0
4641.0,1346.0,1347.0,-1.0,-1.0,-15.0,189.0,35504.40625,1.0,0.0,1024.0,187.854001323,34.6722717285,-1.0,-1.0,-1.0
4642.0,1346.0,1348.0,-1.0,-1.0,-15.0,315.0,48244.3359375,1.0,0.0,984.0,153.156622024,49.0287966845,-1.0,-1.0,-1.0
4643.0,1346.0,1366.0,-1.0,-1.0,1.0,232.0,2683.20849609,1.0,1.0,293.0,11.5655538625,9.15770817778,-1.0,-1.0,15178.20472
4644.0,1346.0,1371.0,-1.0,-1.0,1.0,199.0,2819.77709961,1.0,1.0,429.0,14.1697341689,6.5729069921,-1.0,-1.0,14095.9223
4645.0,1346.0,1373.0,-1.0,-1.0,1.0,213.0,2666.63989258,1.0,1.0,276.0,12.5194361154,9.66173874123,-1.0,-1.0,15392.52463
4646.0,1347.0,1358.0,-1.0,-1.0,1.0,121.0,15010.0,1.0,1.0,160.0,124.049586777,93.8125,-1.0,-1.0,15749.9075
4647.0,1347.0,1365.0,-1.0,-1.0,1.0,177.0,21085.2089844,1.0,0.0,224.0,119.125474488,94.1303972518,-1.0,-1.0,11824.46239
4648.0,1347.0,1371.0,-1.0,-1.0,-15.0,231.0,32771.4921875,1.0,1.0,681.0,141.867931548,48.1226023311,-1.0,-1.0,-1.0
4649.0,1347.0,1378.0,-1.0,-1.0,-15.0,275.0,37644.9257813,0.0,1.0,604.0,136.890639205,62.3260360618,-1.0,-1.0,-1.0
4650.0,1348.0,1354.0,-1.0,-1.0,-15.0,117.0,1419.70568848,1.0,1.0,429.0,12.1342366537,3.30933726918,-1.0,-1.0,-1.0
4651.0,1348.0,1366.0,-1.0,-1.0,-15.0,260.0,45624.5585938,1.0,1.0,754.0,175.479071515,60.5100246602,-1.0,-1.0,-1.0
4652.0,1348.0,1367.0,-1.0,-1.0,-15.0,138.0,1496.27416992,1.0,0.0,506.0,10.8425664487,2.95706357692,-1.0,-1.0,-1.0
4653.0,1349.0,1350.0,-1.0,-1.0,1.0,20.0,28.2842712402,1.0,1.0,28.0,1.41421356201,1.01015254429,-1.0,-1.0,82487.2248
4654.0,1349.0,1353.0,-1.0,-1.0,1.0,935.0,50172.109375,0.0,1.0,1135.0,53.6600100267,44.204501652,-1.0,-1.0,26005.31902
4655.0,1349.0,1357.0,-1.0,-1.0,1.0,157.0,9231.42089844,1.0,1.0,241.0,58.7988592257,38.3046510309,-1.0,-1.0,2482.136812
4656.0,1349.0,1361.0,-1.0,-1.0,1.0,320.0,3379.70556641,0.0,1.0,409.0,10.561579895,8.26333879318,-1.0,-1.0,18282.77776
4657.0,1349.0,1364.0,-1.0,-1.0,1.0,154.0,3151.42138672,1.0,1.0,181.0,20.4637752384,17.4111678824,-1.0,-1.0,8201.844944
4658.0,1349.0,1393.0,-1.0,-1.0,-15.0,455.0,118096.976563,0.0,1.0,562.0,259.553794644,210.136968973,-1.0,-1.0,-1.0
4659.0,1349.0,1400.0,-1.0,-1.0,1.0,1066.0,129649.679688,0.0,1.0,1313.0,121.622588826,98.7430919177,-1.0,-1.0,17070.02504
4660.0,1349.0,1403.0,-1.0,-1.0,1.0,356.0,124538.359375,0.0,1.0,468.0,349.826852177,266.107605502,-1.0,-1.0,4466.157909
4661.0,1350.0,1364.0,-1.0,-1.0,1.0,171.0,3203.13720703,1.0,0.0,233.0,18.7317965323,13.7473699873,-1.0,-1.0,8716.2361
4662.0,1350.0,1403.0,-1.0,-1.0,1.0,347.0,124534.921875,1.0,1.0,464.0,358.890264769,268.394228179,-1.0,-1.0,4481.680369
4663.0,1350.0,1423.0,-1.0,-1.0,1.0,596.0,143576.5625,1.0,1.0,797.0,240.900272651,180.146251568,-1.0,-1.0,4179.079074
4664.0,1350.0,1474.0,-1.0,-1.0,1.0,2914.0,422824.78125,0.0,1.0,4089.0,145.101160347,103.405424615,-1.0,-1.0,22363.14343
4665.0,1351.0,1354.0,-1.0,-1.0,1.0,108.0,156.56854248,1.0,1.0,156.0,1.44970872667,1.00364450308,-1.0,-1.0,10009.69949
4666.0,1351.0,1377.0,-1.0,-1.0,1.0,161.0,16762.0644531,1.0,1.0,201.0,104.112201572,83.3933554881,-1.0,-1.0,4704.324344
4667.0,1351.0,1379.0,-1.0,-1.0,-15.0,235.0,21264.6328125,1.0,0.0,3303.0,90.4877992021,6.43797542007,-1.0,-1.0,-1.0
4668.0,1352.0,1355.0,-1.0,-1.0,1.0,137.0,15656.8544922,1.0,1.0,156.0,114.283609432,100.364451873,-1.0,-1.0,1140.916674
4669.0,1352.0,1363.0,-1.0,-1.0,1.0,64.0,8000.0,1.0,1.0,80.0,125.0,100.0,-1.0,-1.0,3058.424071
4670.0,1352.0,1374.0,-1.0,-1.0,1.0,188.0,22970.5625,1.0,1.0,229.0,122.183843085,100.308133188,-1.0,-1.0,835.0278292
4671.0,1353.0,1359.0,-1.0,-1.0,-15.0,423.0,33136.7734375,0.0,1.0,566.0,78.337525857,58.5455361087,-1.0,-1.0,-1.0
4672.0,1353.0,1360.0,-1.0,-1.0,1.0,3.0,20.0,1.0,1.0,20.0,6.66666666667,1.0,-1.0,-1.0,81316.75061
4673.0,1353.0,1361.0,-1.0,-1.0,1.0,607.0,53048.3828125,1.0,0.0,1042.0,87.3943703666,50.91015625,-1.0,-1.0,23526.91036
4674.0,1353.0,1369.0,-1.0,-1.0,-15.0,135.0,10791.7070313,1.0,1.0,241.0,79.9385706022,44.7788673498,-1.0,-1.0,-1.0
4675.0,1353.0,1400.0,-1.0,-1.0,1.0,240.0,84851.7109375,1.0,1.0,521.0,353.548795573,162.863168786,-1.0,-1.0,11939.91943
4676.0,1354.0,1366.0,-1.0,-1.0,1.0,304.0,44301.421875,0.0,1.0,421.0,145.728361431,105.229030582,-1.0,-1.0,7214.778402
4677.0,1354.0,1367.0,-1.0,-1.0,1.0,20.0,56.5685424805,1.0,1.0,56.0,2.82842712403,1.01015254429,-1.0,-1.0,5171.808029
4678.0,1354.0,1377.0,-1.0,-1.0,1.0,223.0,16890.3476563,1.0,1.0,329.0,75.7414693108,51.3384427243,-1.0,-1.0,4677.839103
4679.0,1354.0,1379.0,-1.0,-1.0,-15.0,144.0,21477.7714844,1.0,1.0,3517.0,149.151190864,6.10684432312,-1.0,-1.0,-1.0
4680.0,1355.0,1356.0,-1.0,-1.0,1.0,32.0,6828.42724609,1.0,1.0,68.0,213.38835144,100.418047737,-1.0,-1.0,2358.923391
4681.0,1355.0,1363.0,-1.0,-1.0,1.0,121.0,13656.8544922,1.0,1.0,136.0,112.866566051,100.418047737,-1.0,-1.0,1889.954463
4682.0,1355.0,1368.0,-1.0,-1.0,-15.0,82.0,10486.6396484,1.0,1.0,176.0,127.885849371,59.5831798205,-1.0,-1.0,-1.0
4683.0,1356.0,1368.0,-1.0,-1.0,1.0,21.0,3010.0,1.0,1.0,40.0,143.333333333,75.25,-1.0,-1.0,4811.421269
4684.0,1356.0,1372.0,-1.0,-1.0,1.0,69.0,8513.56542969,1.0,1.0,113.0,123.385006227,75.3412869884,-1.0,-1.0,1467.739479
4685.0,1357.0,1361.0,-1.0,-1.0,1.0,70.0,12213.1367188,1.0,0.0,253.0,174.473381697,48.2732676632,-1.0,-1.0,3824.628868
4686.0,1357.0,1364.0,-1.0,-1.0,1.0,7.0,9010.0,1.0,1.0,20.0,1287.14285714,450.5,-1.0,-1.0,1144.258848
4687.0,1358.0,1365.0,-1.0,-1.0,1.0,39.0,5656.85449219,1.0,1.0,56.0,145.047551082,101.015258789,-1.0,-1.0,3217.429698
4688.0,1358.0,1371.0,-1.0,-1.0,1.0,137.0,17343.1367188,1.0,1.0,513.0,126.592238823,33.8072840522,-1.0,-1.0,5195.457808
4689.0,1358.0,1378.0,-1.0,-1.0,1.0,163.0,22216.5683594,0.0,1.0,436.0,136.297965395,50.955432017,-1.0,-1.0,3740.838753
4690.0,1358.0,1388.0,-1.0,-1.0,1.0,177.0,17078.2851563,1.0,1.0,248.0,96.4874867588,68.8640530496,-1.0,-1.0,5421.744894
4691.0,1359.0,1360.0,-1.0,-1.0,-15.0,238.0,24345.0664063,1.0,1.0,344.0,102.290194984,70.7705418788,-1.0,-1.0,-1.0
4692.0,1359.0,1362.0,-1.0,-1.0,1.0,114.0,12020.0,1.0,1.0,140.0,105.438596491,85.8571428571,-1.0,-1.0,59275.04633
4693.0,1359.0,1400.0,-1.0,-1.0,-15.0,431.0,98001.921875,1.0,1.0,541.0,227.382649362,181.149578327,-1.0,-1.0,-1.0
4694.0,1359.0,1405.0,-1.0,-1.0,1.0,1067.0,162541.046875,1.0,1.0,1279.0,152.334626874,127.084477619,-1.0,-1.0,38292.16897
4695.0,1359.0,1406.0,-1.0,-1.0,1.0,307.0,109227.34375,1.0,1.0,386.0,355.789393322,282.972393135,-1.0,-1.0,20528.34261
4696.0,1360.0,1362.0,-1.0,-1.0,1.0,19.0,7656.85449219,1.0,1.0,76.0,402.992341694,100.748085424,-1.0,-1.0,37921.53756
4697.0,1360.0,1369.0,-1.0,-1.0,1.0,4.0,2000.0,1.0,1.0,20.0,500.0,100.0,-1.0,-1.0,42841.93667
4698.0,1361.0,1364.0,-1.0,-1.0,1.0,81.0,6281.42138672,1.0,1.0,341.0,77.5484121817,18.4205905769,-1.0,-1.0,6558.482748
4699.0,1361.0,1393.0,-1.0,-1.0,1.0,189.0,114857.273438,1.0,1.0,293.0,607.710441471,392.004346205,-1.0,-1.0,6319.077334
4700.0,1361.0,1400.0,-1.0,-1.0,1.0,672.0,132492.8125,1.0,0.0,1187.0,197.161923363,111.619892586,-1.0,-1.0,16270.76114
4701.0,1362.0,1369.0,-1.0,-1.0,1.0,30.0,6828.42724609,1.0,1.0,68.0,227.614241536,100.418047737,-1.0,-1.0,30555.0282
4702.0,1362.0,1400.0,-1.0,-1.0,1.0,217.0,81313.7109375,1.0,1.0,273.0,374.717561924,297.852421016,-1.0,-1.0,9125.844176
4703.0,1363.0,1368.0,-1.0,-1.0,1.0,172.0,16751.4921875,1.0,1.0,501.0,97.392396439,33.4361121507,-1.0,-1.0,1146.410822
4704.0,1363.0,1374.0,-1.0,-1.0,1.0,154.0,15878.2753906,1.0,1.0,377.0,103.105684355,42.1174413544,-1.0,-1.0,1470.13653
4705.0,1363.0,1386.0,-1.0,-1.0,1.0,305.0,5821.49267578,1.0,1.0,461.0,19.0868612321,12.6279667587,-1.0,-1.0,2657.645886
4706.0,1363.0,1411.0,-1.0,-1.0,1.0,411.0,5816.64013672,1.0,1.0,456.0,14.1524090918,12.7557897735,-1.0,-1.0,2373.996151
4707.0,1363.0,1415.0,-1.0,-1.0,1.0,415.0,5854.62988281,1.0,0.0,494.0,14.1075418863,11.8514774956,-1.0,-1.0,2571.738241
4708.0,1364.0,1393.0,-1.0,-1.0,1.0,213.0,113448.921875,1.0,1.0,284.0,532.624046362,399.468034771,-1.0,-1.0,6698.822056
4709.0,1364.0,1403.0,-1.0,-1.0,1.0,190.0,126076.335938,1.0,1.0,377.0,663.559662832,334.419989225,-1.0,-1.0,4243.866678
4710.0,1365.0,1378.0,-1.0,-1.0,1.0,101.0,17873.421875,1.0,1.0,393.0,176.96457302,45.4794449746,-1.0,-1.0,3892.367381
4711.0,1365.0,1381.0,-1.0,-1.0,1.0,56.0,14191.7783203,1.0,1.0,261.0,253.424612863,54.3746295797,-1.0,-1.0,5277.552082
4712.0,1365.0,1388.0,-1.0,-1.0,1.0,155.0,12735.1386719,1.0,1.0,204.0,82.16218498,62.4271503525,-1.0,-1.0,6234.354607
4713.0,1366.0,1367.0,-1.0,-1.0,-15.0,203.0,44377.9882813,1.0,1.0,497.0,218.610779711,89.2917269241,-1.0,-1.0,-1.0
4714.0,1366.0,1373.0,-1.0,-1.0,1.0,25.0,40.0,1.0,1.0,40.0,1.6,1.0,-1.0,-1.0,14458.62942
4715.0,1366.0,1376.0,-1.0,-1.0,1.0,164.0,27166.5683594,1.0,1.0,196.0,165.64980707,138.604940609,-1.0,-1.0,5465.59812
4716.0,1366.0,1383.0,-1.0,-1.0,1.0,89.0,116.56854248,1.0,1.0,116.0,1.30975890427,1.00490122828,-1.0,-1.0,7212.574929
4717.0,1367.0,1376.0,-1.0,-1.0,1.0,58.0,52828.4257813,1.0,1.0,108.0,910.834927264,489.152090568,-1.0,-1.0,3739.531884
4718.0,1367.0,1379.0,-1.0,-1.0,-15.0,65.0,21562.6230469,1.0,1.0,3601.0,331.73266226,5.98795419242,-1.0,-1.0,-1.0
4719.0,1367.0,1389.0,-1.0,-1.0,-15.0,131.0,21629.4863281,0.0,1.0,3668.0,165.110582657,5.89680652347,-1.0,-1.0,-1.0
4720.0,1368.0,1372.0,-1.0,-1.0,1.0,69.0,8828.42675781,1.0,1.0,88.0,127.948213881,100.323031339,-1.0,-1.0,1298.98783
4721.0,1368.0,1386.0,-1.0,-1.0,1.0,135.0,11106.5683594,1.0,1.0,216.0,82.2708767363,51.4192979602,-1.0,-1.0,2632.275237
4722.0,1368.0,1411.0,-1.0,-1.0,1.0,448.0,11401.1269531,0.0,1.0,511.0,25.4489440917,22.3114030393,-1.0,-1.0,2423.691615
4723.0,1369.0,1400.0,-1.0,-1.0,1.0,158.0,75656.8515625,1.0,1.0,216.0,478.840832674,350.263201678,-1.0,-1.0,12339.72251
4724.0,1370.0,1382.0,-1.0,-1.0,1.0,1431.0,123606.203125,1.0,1.0,2632.0,86.3775004368,46.9628431326,-1.0,-1.0,8415.137101
4725.0,1370.0,1385.0,-1.0,-1.0,-15.0,77.0,74020.4140625,1.0,1.0,599.0,961.304078734,123.573312291,-1.0,-1.0,-1.0
4726.0,1370.0,1431.0,-1.0,-1.0,1.0,95.0,70398.921875,1.0,1.0,357.0,741.041282895,197.195859594,-1.0,-1.0,147198.6882
4727.0,1370.0,1451.0,-1.0,-1.0,-15.0,844.0,71306.0234375,1.0,1.0,1265.0,84.4858097601,56.3683979743,-1.0,-1.0,-1.0
4728.0,1370.0,1473.0,-1.0,-1.0,-15.0,1319.0,279398.4375,1.0,0.0,2129.0,211.825957165,131.234587835,-1.0,-1.0,-1.0
4729.0,1370.0,1474.0,-1.0,-1.0,-15.0,2446.0,269971.40625,1.0,1.0,3402.0,110.372610895,79.3566743827,-1.0,-1.0,-1.0
4730.0,1371.0,1373.0,-1.0,-1.0,1.0,149.0,188.28427124,1.0,1.0,188.0,1.26365282711,1.00151208106,-1.0,-1.0,12049.53662
4731.0,1371.0,1384.0,-1.0,-1.0,1.0,87.0,128.28427124,1.0,1.0,128.0,1.47453185333,1.00222086906,-1.0,-1.0,19464.44987
4732.0,1371.0,1388.0,-1.0,-1.0,1.0,162.0,233.137084961,1.0,1.0,233.0,1.4391178084,1.00058834747,-1.0,-1.0,12974.24082
4733.0,1372.0,1377.0,-1.0,-1.0,-15.0,128.0,14200.0,1.0,1.0,340.0,110.9375,41.7647058824,-1.0,-1.0,-1.0
4734.0,1372.0,1386.0,-1.0,-1.0,1.0,64.0,8000.0,1.0,1.0,80.0,125.0,100.0,-1.0,-1.0,4252.04723
4735.0,1373.0,1383.0,-1.0,-1.0,1.0,100.0,133.137084961,1.0,1.0,133.0,1.33137084961,1.00103071399,-1.0,-1.0,5775.252563
4736.0,1373.0,1384.0,-1.0,-1.0,1.0,157.0,181.421356201,1.0,1.0,181.0,1.1555500395,1.00232793481,-1.0,-1.0,7872.125696
4737.0,1373.0,1390.0,-1.0,-1.0,1.0,155.0,193.137084961,1.0,1.0,193.0,1.24604570943,1.00071028477,-1.0,-1.0,10514.8842
4738.0,1373.0,1391.0,-1.0,-1.0,1.0,137.0,160.0,1.0,1.0,160.0,1.16788321168,1.0,-1.0,-1.0,12407.47277
4739.0,1374.0,1380.0,-1.0,-1.0,1.0,385.0,10924.4785156,1.0,0.0,784.0,28.3752688717,13.9342838209,-1.0,-1.0,2846.70023
4740.0,1374.0,1411.0,-1.0,-1.0,1.0,433.0,10634.7724609,1.0,1.0,494.0,24.5606754293,21.5278794755,-1.0,-1.0,2583.957653
4741.0,1374.0,1413.0,-1.0,-1.0,1.0,395.0,10589.9199219,1.0,1.0,449.0,26.8099238529,23.5855677548,-1.0,-1.0,2428.851945
4742.0,1375.0,1380.0,-1.0,-1.0,1.0,305.0,183192.578125,1.0,0.0,526.0,600.631403689,348.274863356,-1.0,-1.0,8048.621766
4743.0,1375.0,1394.0,-1.0,-1.0,1.0,84.0,100000.0,1.0,1.0,100.0,1190.47619048,1000.0,-1.0,-1.0,24623.74512
4744.0,1375.0,1396.0,-1.0,-1.0,1.0,224.0,240430.453125,1.0,1.0,254.0,1073.35023717,946.576587106,-1.0,-1.0,3458.459453
4745.0,1376.0,1379.0,-1.0,-1.0,1.0,107.0,56286.1914063,1.0,0.0,164.0,526.039172021,343.208484185,-1.0,-1.0,3644.141769
4746.0,1376.0,1383.0,-1.0,-1.0,1.0,117.0,27106.5683594,1.0,1.0,136.0,231.680071448,199.313002643,-1.0,-1.0,5472.526674
4747.0,1376.0,1389.0,-1.0,-1.0,1.0,97.0,56246.1914063,1.0,1.0,124.0,579.857643364,453.598317793,-1.0,-1.0,3633.137992
4748.0,1377.0,1379.0,-1.0,-1.0,1.0,112.0,5206.56835938,1.0,1.0,256.0,46.4872174945,20.3381576538,-1.0,-1.0,2646.354874
4749.0,1377.0,1386.0,-1.0,-1.0,1.0,116.0,5150.0,1.0,1.0,200.0,44.3965517241,25.75,-1.0,-1.0,2417.882651
4750.0,1377.0,1399.0,-1.0,-1.0,1.0,180.0,5186.56835938,1.0,0.0,236.0,28.8142686632,21.9769845736,-1.0,-1.0,2635.721231
4751.0,1377.0,1402.0,-1.0,-1.0,1.0,182.0,5150.0,1.0,1.0,200.0,28.2967032967,25.75,-1.0,-1.0,2638.446901
4752.0,1378.0,1381.0,-1.0,-1.0,1.0,10.0,3010.0,1.0,1.0,40.0,301.0,75.25,-1.0,-1.0,2877.32043
4753.0,1378.0,1395.0,-1.0,-1.0,1.0,155.0,5174.85302734,1.0,1.0,224.0,33.3861485635,23.1020224435,-1.0,-1.0,2915.23681
4754.0,1378.0,1432.0,-1.0,-1.0,1.0,572.0,5591.42138672,1.0,0.0,641.0,9.77521221455,8.72296628193,-1.0,-1.0,3278.88882
4755.0,1378.0,1459.0,-1.0,-1.0,-15.0,907.0,24836.5175781,1.0,0.0,1906.0,27.3831505822,13.0307017724,-1.0,-1.0,-1.0
4756.0,1378.0,1464.0,-1.0,-1.0,-15.0,1012.0,24823.3808594,1.0,0.0,1893.0,24.5290324698,13.1132492654,-1.0,-1.0,-1.0
4757.0,1379.0,1389.0,-1.0,-1.0,1.0,69.0,84.8528137207,1.0,1.0,84.0,1.22975092349,1.01015254429,-1.0,-1.0,11648.4314
4758.0,1379.0,1399.0,-1.0,-1.0,1.0,175.0,257.989898682,1.0,1.0,257.0,1.47422799247,1.00385174584,-1.0,-1.0,6684.854536
4759.0,1379.0,1402.0,-1.0,-1.0,1.0,210.0,274.558441162,0.0,1.0,274.0,1.30742114839,1.00203810643,-1.0,-1.0,8064.439517
4760.0,1380.0,1396.0,-1.0,-1.0,1.0,118.0,46156.5703125,1.0,1.0,256.0,391.15737553,180.299102783,-1.0,-1.0,43714.80682
4761.0,1380.0,1413.0,-1.0,-1.0,1.0,608.0,715.979797363,1.0,1.0,715.0,1.17759835093,1.00137034596,-1.0,-1.0,57869.42903
4762.0,1380.0,1465.0,-1.0,-1.0,-15.0,1684.0,70288.890625,0.0,1.0,2198.0,41.7392462144,31.9785671633,-1.0,-1.0,-1.0
4763.0,1380.0,1489.0,-1.0,-1.0,1.0,4128.0,210639.390625,0.0,1.0,5166.0,51.026984163,40.7741754985,-1.0,-1.0,81282.56479
4764.0,1381.0,1388.0,-1.0,-1.0,1.0,137.0,1576.64001465,1.0,1.0,176.0,11.5083212748,8.95818190142,-1.0,-1.0,4158.745258
4765.0,1381.0,1395.0,-1.0,-1.0,1.0,109.0,1528.35571289,1.0,1.0,128.0,14.0216120449,11.940279007,-1.0,-1.0,4998.612577
4766.0,1382.0,1387.0,-1.0,-1.0,1.0,19.0,27010.0,1.0,1.0,40.0,1421.57894737,675.25,-1.0,-1.0,46208.2544
4767.0,1382.0,1431.0,-1.0,-1.0,1.0,1654.0,165986.390625,0.0,1.0,1903.0,100.354528794,87.2235368497,-1.0,-1.0,58678.86191
4768.0,1382.0,1461.0,-1.0,-1.0,1.0,847.0,109272.132813,1.0,1.0,1028.0,129.010782542,106.29584904,-1.0,-1.0,22208.79429
4769.0,1382.0,1473.0,-1.0,-1.0,1.0,1891.0,374494.53125,1.0,0.0,3293.0,198.040471311,113.724424916,-1.0,-1.0,16508.53206
4770.0,1383.0,1389.0,-1.0,-1.0,-15.0,188.0,39032.9140625,1.0,1.0,682.0,207.621883311,57.2330118218,-1.0,-1.0,-1.0
4771.0,1383.0,1391.0,-1.0,-1.0,1.0,68.0,168.28427124,1.0,1.0,168.0,2.47476869471,1.00169209071,-1.0,-1.0,9772.675814
4772.0,1383.0,1412.0,-1.0,-1.0,-15.0,255.0,421.421356201,0.0,1.0,421.0,1.65263276942,1.00100084608,-1.0,-1.0,-1.0
4773.0,1384.0,1388.0,-1.0,-1.0,1.0,87.0,116.56854248,1.0,1.0,116.0,1.33986830437,1.00490122828,-1.0,-1.0,6358.435229
4774.0,1384.0,1390.0,-1.0,-1.0,1.0,51.0,76.5685424805,1.0,1.0,76.0,1.50134397021,1.00748082211,-1.0,-1.0,13691.29508
4775.0,1384.0,1397.0,-1.0,-1.0,1.0,121.0,153.137084961,1.0,1.0,153.0,1.26559574348,1.00089598014,-1.0,-1.0,11373.88939
4776.0,1385.0,1431.0,-1.0,-1.0,1.0,28.0,3428.35571289,1.0,1.0,48.0,122.44127546,71.4240773519,-1.0,-1.0,1468.000004
4777.0,1385.0,1451.0,-1.0,-1.0,-15.0,629.0,4267.17822266,1.0,1.0,887.0,6.78406712665,4.81079844719,-1.0,-1.0,-1.0
4778.0,1386.0,1402.0,-1.0,-1.0,1.0,168.0,189.705627441,1.0,1.0,189.0,1.12920016334,1.00373347852,-1.0,-1.0,15745.31325
4779.0,1386.0,1404.0,-1.0,-1.0,1.0,161.0,193.137084961,1.0,1.0,193.0,1.19960922336,1.00071028477,-1.0,-1.0,11140.18425
4780.0,1386.0,1411.0,-1.0,-1.0,1.0,372.0,407.695526123,0.0,1.0,407.0,1.09595571538,1.00170890939,-1.0,-1.0,13685.6325
4781.0,1386.0,1415.0,-1.0,-1.0,1.0,236.0,289.705627441,1.0,1.0,289.0,1.22756621797,1.00244161744,-1.0,-1.0,9991.206275
4782.0,1387.0,1461.0,-1.0,-1.0,1.0,765.0,87198.7578125,1.0,1.0,957.0,113.98530433,91.1167793234,-1.0,-1.0,41785.08903
4783.0,1387.0,1463.0,-1.0,-1.0,-15.0,950.0,102981.820313,1.0,1.0,1230.0,108.401916119,83.725057165,-1.0,-1.0,-1.0
4784.0,1387.0,1473.0,-1.0,-1.0,-15.0,1883.0,401544.53125,1.0,0.0,3373.0,213.247228492,119.046703602,-1.0,-1.0,-1.0
4785.0,1388.0,1395.0,-1.0,-1.0,1.0,121.0,144.852813721,1.0,1.0,144.0,1.19713069191,1.00592231751,-1.0,-1.0,11455.57253
4786.0,1388.0,1397.0,-1.0,-1.0,1.0,47.0,68.2842712402,1.0,1.0,68.0,1.4528568349,1.00418045941,-1.0,-1.0,19508.17465
4787.0,1389.0,1391.0,-1.0,-1.0,1.0,239.0,38828.0625,1.0,0.0,477.0,162.460512552,81.4005503145,-1.0,-1.0,8509.494145
4788.0,1389.0,1399.0,-1.0,-1.0,1.0,236.0,289.705627441,1.0,1.0,289.0,1.22756621797,1.00244161744,-1.0,-1.0,8865.68571
4789.0,1389.0,1409.0,-1.0,-1.0,1.0,288.0,311.126983643,1.0,1.0,311.0,1.08030202654,1.00040830753,-1.0,-1.0,7521.973263
4790.0,1389.0,1412.0,-1.0,-1.0,1.0,266.0,38716.34375,1.0,1.0,366.0,145.550164474,105.782359973,-1.0,-1.0,8486.631552
4791.0,1389.0,1416.0,-1.0,-1.0,1.0,265.0,2961.19848633,1.0,1.0,571.0,11.1743339107,5.18598684121,-1.0,-1.0,8331.648741
4792.0,1389.0,1418.0,-1.0,-1.0,1.0,280.0,357.989898682,1.0,1.0,357.0,1.27853535244,1.00277282544,-1.0,-1.0,5366.662974
4793.0,1390.0,1391.0,-1.0,-1.0,1.0,61.0,96.5685424805,1.0,1.0,96.0,1.58309086034,1.00592231751,-1.0,-1.0,8861.178901
4794.0,1390.0,1397.0,-1.0,-1.0,1.0,135.0,164.852813721,1.0,1.0,164.0,1.22113195349,1.00520008366,-1.0,-1.0,6730.32666
4795.0,1390.0,1412.0,-1.0,-1.0,1.0,248.0,286.274169922,1.0,1.0,286.0,1.15433133033,1.00095863609,-1.0,-1.0,15935.77931
4796.0,1391.0,1412.0,-1.0,-1.0,1.0,186.0,216.56854248,1.0,1.0,216.0,1.16434700258,1.00263214111,-1.0,-1.0,20234.80891
4797.0,1393.0,1400.0,-1.0,-1.0,1.0,640.0,106808.992188,1.0,1.0,737.0,166.889050294,144.924005682,-1.0,-1.0,14634.42396
4798.0,1393.0,1403.0,-1.0,-1.0,1.0,181.0,19685.1386719,1.0,1.0,224.0,108.75767222,87.8800833567,-1.0,-1.0,16439.3912
4799.0,1393.0,1435.0,-1.0,-1.0,1.0,684.0,131381.671875,1.0,1.0,790.0,192.078467654,166.305913766,-1.0,-1.0,10692.65558
4800.0,1393.0,1436.0,-1.0,-1.0,-15.0,639.0,64395.8359375,1.0,1.0,924.0,100.775956084,69.6924631358,-1.0,-1.0,-1.0
4801.0,1394.0,1396.0,-1.0,-1.0,-15.0,314.0,176052.375,1.0,1.0,2301.0,560.676353503,76.5112451108,-1.0,-1.0,-1.0
4802.0,1394.0,1398.0,-1.0,-1.0,1.0,19.0,28312.5546875,1.0,1.0,56.0,1490.13445724,505.581333705,-1.0,-1.0,758.1525661
4803.0,1394.0,1407.0,-1.0,-1.0,1.0,14.0,20.0,1.0,1.0,20.0,1.42857142857,1.0,-1.0,-1.0,69387.07883
4804.0,1395.0,1397.0,-1.0,-1.0,1.0,151.0,196.56854248,1.0,1.0,196.0,1.30177842702,1.00290072694,-1.0,-1.0,3897.845352
4805.0,1395.0,1429.0,-1.0,-1.0,1.0,370.0,417.989898682,1.0,1.0,417.0,1.12970242887,1.00237385775,-1.0,-1.0,9237.867261
4806.0,1395.0,1432.0,-1.0,-1.0,1.0,402.0,436.56854248,1.0,1.0,436.0,1.0859913992,1.00130399651,-1.0,-1.0,9132.814192
4807.0,1396.0,1407.0,-1.0,-1.0,-15.0,580.0,294632.9375,1.0,1.0,2716.0,507.987823276,108.480462997,-1.0,-1.0,-1.0
4808.0,1396.0,1413.0,-1.0,-1.0,1.0,668.0,46651.1289063,1.0,0.0,751.0,69.8370193208,62.1186803013,-1.0,-1.0,43672.5874
4809.0,1396.0,1489.0,-1.0,-1.0,1.0,3916.0,169517.09375,0.0,1.0,4712.0,43.2883283325,35.9756141235,-1.0,-1.0,89362.29253
4810.0,1397.0,1412.0,-1.0,-1.0,1.0,337.0,377.989898682,1.0,1.0,377.0,1.12163174683,1.00262572595,-1.0,-1.0,11033.26263
4811.0,1397.0,1425.0,-1.0,-1.0,1.0,340.0,381.421356201,1.0,1.0,381.0,1.12182751824,1.00110592179,-1.0,-1.0,11439.63756
4812.0,1397.0,1429.0,-1.0,-1.0,1.0,322.0,348.28427124,1.0,1.0,348.0,1.08162817155,1.00081687138,-1.0,-1.0,11402.38031
4813.0,1398.0,1407.0,-1.0,-1.0,1.0,16.0,28284.2714844,1.0,1.0,28.0,1767.76696778,1010.15255301,-1.0,-1.0,758.6581552
4814.0,1398.0,1438.0,-1.0,-1.0,-15.0,2206.0,477363.28125,1.0,0.0,7157.0,216.393146532,66.6987957594,-1.0,-1.0,-1.0
4815.0,1398.0,1489.0,-1.0,-1.0,-15.0,3259.0,372417.8125,0.0,1.0,4624.0,114.273646057,80.5401843642,-1.0,-1.0,-1.0
4816.0,1399.0,1402.0,-1.0,-1.0,1.0,17.0,28.2842712402,1.0,1.0,28.0,1.66378066119,1.01015254429,-1.0,-1.0,19455.41118
4817.0,1399.0,1409.0,-1.0,-1.0,1.0,97.0,136.56854248,1.0,1.0,136.0,1.40792311835,1.00418045941,-1.0,-1.0,4044.244832
4818.0,1400.0,1406.0,-1.0,-1.0,1.0,650.0,69656.8515625,1.0,1.0,696.0,107.164387019,100.081683279,-1.0,-1.0,32029.2317
4819.0,1400.0,1421.0,-1.0,-1.0,1.0,658.0,72426.40625,1.0,1.0,724.0,110.070526216,100.036472721,-1.0,-1.0,28112.74479
4820.0,1400.0,1435.0,-1.0,-1.0,1.0,352.0,43570.4921875,1.0,1.0,449.0,123.779807351,97.0389581013,-1.0,-1.0,10493.67893
4821.0,1400.0,1446.0,-1.0,-1.0,1.0,584.0,64454.6914063,1.0,1.0,672.0,110.367622271,95.9147193546,-1.0,-1.0,21935.2703
4822.0,1401.0,1402.0,-1.0,-1.0,1.0,23.0,48.2842712402,1.0,1.0,48.0,2.09931614088,1.0059223175,-1.0,-1.0,11668.75314
4823.0,1401.0,1404.0,-1.0,-1.0,1.0,20.0,20.0,1.0,1.0,20.0,1.0,1.0,-1.0,-1.0,19116.84811
4824.0,1401.0,1410.0,-1.0,-1.0,1.0,115.0,133.137084961,1.0,1.0,133.0,1.15771378227,1.00103071399,-1.0,-1.0,7451.542653
4825.0,1402.0,1404.0,-1.0,-1.0,1.0,36.0,60.0,1.0,1.0,60.0,1.66666666667,1.0,-1.0,-1.0,15127.95665
4826.0,1402.0,1409.0,-1.0,-1.0,1.0,81.0,113.137084961,1.0,1.0,113.0,1.39675413532,1.00121314125,-1.0,-1.0,8745.706567
4827.0,1402.0,1410.0,-1.0,-1.0,1.0,69.0,88.2842712402,1.0,1.0,88.0,1.27948219189,1.003230355,-1.0,-1.0,6414.052006
4828.0,1403.0,1423.0,-1.0,-1.0,1.0,134.0,30055.7734375,1.0,1.0,314.0,224.296816698,95.7190236863,-1.0,-1.0,15174.2568
4829.0,1403.0,1436.0,-1.0,-1.0,-15.0,299.0,43584.1289063,1.0,1.0,562.0,145.766317412,77.5518307941,-1.0,-1.0,-1.0
4830.0,1404.0,1410.0,-1.0,-1.0,1.0,130.0,141.421356201,1.0,1.0,141.0,1.08785658616,1.00298834185,-1.0,-1.0,9410.647352
4831.0,1404.0,1414.0,-1.0,-1.0,1.0,103.0,133.137084961,1.0,1.0,133.0,1.29259305787,1.00103071399,-1.0,-1.0,15760.66138
4832.0,1404.0,1415.0,-1.0,-1.0,1.0,189.0,244.852813721,1.0,1.0,244.0,1.29551753292,1.0034951382,-1.0,-1.0,18620.69112
4833.0,1405.0,1406.0,-1.0,-1.0,1.0,621.0,78884.203125,1.0,1.0,802.0,127.027702295,98.3593555175,-1.0,-1.0,51996.88
4834.0,1405.0,1408.0,-1.0,-1.0,1.0,62.0,6666.85449219,1.0,1.0,76.0,107.529911164,87.7217696341,-1.0,-1.0,48024.16372
4835.0,1405.0,1421.0,-1.0,-1.0,-15.0,893.0,101035.828125,0.0,1.0,1273.0,113.142024776,79.3682860369,-1.0,-1.0,-1.0
4836.0,1405.0,1458.0,-1.0,-1.0,1.0,987.0,139526.53125,1.0,0.0,1175.0,141.364266717,118.745984043,-1.0,-1.0,24449.27974
4837.0,1405.0,1468.0,-1.0,-1.0,1.0,1066.0,152315.609375,1.0,1.0,1191.0,142.885187031,127.888840785,-1.0,-1.0,19050.94559
4838.0,1405.0,1476.0,-1.0,-1.0,-15.0,4077.0,493994.59375,1.0,0.0,6627.0,121.166199105,74.542718236,-1.0,-1.0,-1.0
4839.0,1405.0,1483.0,-1.0,-1.0,1.0,2204.0,260238.828125,0.0,1.0,2645.0,118.075693342,98.3889709357,-1.0,-1.0,48849.2519
4840.0,1405.0,1506.0,-1.0,-1.0,-15.0,3679.0,328175.40625,0.0,1.0,4471.0,89.2023392906,73.4008960523,-1.0,-1.0,-1.0
4841.0,1406.0,1421.0,-1.0,-1.0,1.0,172.0,20485.28125,1.0,1.0,204.0,119.100472384,100.418045343,-1.0,-1.0,14381.54485
4842.0,1406.0,1458.0,-1.0,-1.0,1.0,625.0,92355.3359375,1.0,0.0,706.0,147.7685375,130.814923424,-1.0,-1.0,11123.96485
4843.0,1407.0,1413.0,-1.0,-1.0,-15.0,1302.0,249175.765625,1.0,0.0,3159.0,191.379236271,78.8780517965,-1.0,-1.0,-1.0
4844.0,1407.0,1438.0,-1.0,-1.0,1.0,2231.0,448885.875,1.0,0.0,6936.0,201.203888391,64.7182634083,-1.0,-1.0,29239.18319
4845.0,1407.0,1448.0,-1.0,-1.0,-15.0,2009.0,279305.53125,1.0,0.0,4168.0,139.027143479,67.0118836972,-1.0,-1.0,-1.0
4846.0,1407.0,1465.0,-1.0,-1.0,-15.0,2270.0,313100.75,1.0,0.0,5204.0,137.929845815,60.1654016141,-1.0,-1.0,-1.0
4847.0,1407.0,1489.0,-1.0,-1.0,1.0,3245.0,343940.40625,1.0,1.0,4403.0,105.9908802,78.115013911,-1.0,-1.0,39622.42959
4848.0,1407.0,1502.0,-1.0,-1.0,-15.0,3267.0,343960.40625,1.0,0.0,4423.0,105.283258724,77.7663138707,-1.0,-1.0,-1.0
4849.0,1408.0,1468.0,-1.0,-1.0,-15.0,1126.0,159082.453125,1.0,0.0,1368.0,141.281041852,116.288342928,-1.0,-1.0,-1.0
4850.0,1408.0,1476.0,-1.0,-1.0,-15.0,4034.0,498547.40625,1.0,0.0,6418.0,123.586367439,77.6795584684,-1.0,-1.0,-1.0
4851.0,1408.0,1483.0,-1.0,-1.0,1.0,2133.0,264791.65625,1.0,1.0,2436.0,124.140485818,108.699366277,-1.0,-1.0,46866.30139
4852.0,1408.0,1485.0,-1.0,-1.0,-15.0,2309.0,267443.15625,1.0,0.0,2697.0,115.826399415,99.1632021691,-1.0,-1.0,-1.0
4853.0,1409.0,1410.0,-1.0,-1.0,1.0,42.0,68.2842712402,1.0,1.0,68.0,1.62581598191,1.00418045941,-1.0,-1.0,8794.634091
4854.0,1409.0,1418.0,-1.0,-1.0,1.0,84.0,104.852813721,1.0,1.0,104.0,1.24824778239,1.00820013193,-1.0,-1.0,12308.34942
4855.0,1410.0,1414.0,-1.0,-1.0,1.0,198.0,228.28427124,1.0,1.0,228.0,1.15295086485,1.00124680368,-1.0,-1.0,14492.97899
4856.0,1410.0,1418.0,-1.0,-1.0,1.0,113.0,144.852813721,1.0,1.0,144.0,1.28188330727,1.00592231751,-1.0,-1.0,12092.49838
4857.0,1410.0,1420.0,-1.0,-1.0,1.0,188.0,1211.42138672,1.0,0.0,221.0,6.44373078043,5.48154473629,-1.0,-1.0,2358.576653
4858.0,1410.0,1426.0,-1.0,-1.0,1.0,146.0,161.421356201,1.0,1.0,161.0,1.1056257274,1.00261711926,-1.0,-1.0,11672.15219
4859.0,1410.0,1433.0,-1.0,-1.0,1.0,215.0,9151.42089844,1.0,1.0,241.0,42.5647483648,37.9727008234,-1.0,-1.0,2177.211602
4860.0,1410.0,1434.0,-1.0,-1.0,1.0,198.0,11110.0,1.0,1.0,220.0,56.1111111111,50.5,-1.0,-1.0,2741.231661
4861.0,1411.0,1413.0,-1.0,-1.0,1.0,98.0,120.0,1.0,1.0,120.0,1.22448979592,1.0,-1.0,-1.0,45193.06207
4862.0,1411.0,1415.0,-1.0,-1.0,1.0,63.0,88.2842712402,1.0,1.0,88.0,1.40133763873,1.003230355,-1.0,-1.0,31930.83146
4863.0,1411.0,1465.0,-1.0,-1.0,-15.0,944.0,69432.9140625,0.0,1.0,1342.0,73.5518157442,51.7383860376,-1.0,-1.0,-1.0
4864.0,1412.0,1416.0,-1.0,-1.0,1.0,152.0,36144.8515625,1.0,1.0,184.0,237.795076069,196.439410666,-1.0,-1.0,8509.005827
4865.0,1412.0,1417.0,-1.0,-1.0,1.0,117.0,133.137084961,1.0,1.0,133.0,1.13792380309,1.00103071399,-1.0,-1.0,19121.57658
4866.0,1412.0,1425.0,-1.0,-1.0,1.0,270.0,294.558441162,1.0,1.0,294.0,1.09095718949,1.00189945973,-1.0,-1.0,4492.006418
4867.0,1412.0,1430.0,-1.0,-1.0,1.0,267.0,314.558441162,1.0,1.0,314.0,1.17812150248,1.00177847504,-1.0,-1.0,5092.668287
4868.0,1412.0,1437.0,-1.0,-1.0,1.0,239.0,276.56854248,1.0,1.0,276.0,1.15719055431,1.00205993652,-1.0,-1.0,16323.44983
4869.0,1413.0,1415.0,-1.0,-1.0,1.0,207.0,220.0,1.0,0.0,220.0,1.06280193237,1.0,-1.0,-1.0,36912.55166
4870.0,1413.0,1419.0,-1.0,-1.0,-15.0,317.0,344.852813721,1.0,0.0,344.0,1.08786376568,1.00247910965,-1.0,-1.0,-1.0
4871.0,1413.0,1443.0,-1.0,-1.0,-15.0,623.0,24613.1367188,1.0,0.0,853.0,39.5074425663,28.8547909951,-1.0,-1.0,-1.0
4872.0,1413.0,1448.0,-1.0,-1.0,-15.0,727.0,30121.4921875,1.0,0.0,1001.0,41.4325889787,30.0914007867,-1.0,-1.0,-1.0
4873.0,1413.0,1465.0,-1.0,-1.0,-15.0,1044.0,69564.6328125,0.0,1.0,1474.0,66.6327900503,47.1944591672,-1.0,-1.0,-1.0
4874.0,1414.0,1415.0,-1.0,-1.0,1.0,110.0,128.28427124,1.0,1.0,128.0,1.16622064764,1.00222086906,-1.0,-1.0,20392.64415
4875.0,1414.0,1419.0,-1.0,-1.0,1.0,93.0,116.56854248,1.0,1.0,116.0,1.25342518796,1.00490122828,-1.0,-1.0,13775.7279
4876.0,1414.0,1420.0,-1.0,-1.0,1.0,91.0,1114.8527832,1.0,1.0,124.0,12.2511294857,8.99074825161,-1.0,-1.0,1854.099915
4877.0,1414.0,1433.0,-1.0,-1.0,1.0,178.0,9143.13671875,0.0,1.0,233.0,51.3659366222,39.2409301234,-1.0,-1.0,2348.587217
4878.0,1415.0,1419.0,-1.0,-1.0,1.0,26.0,56.5685424805,1.0,1.0,56.0,2.17571317233,1.01015254429,-1.0,-1.0,19516.36475
4879.0,1415.0,1443.0,-1.0,-1.0,-15.0,391.0,24293.1367188,0.0,1.0,533.0,62.1307844471,45.5781176713,-1.0,-1.0,-1.0
4880.0,1415.0,1465.0,-1.0,-1.0,-15.0,822.0,69244.6328125,0.0,1.0,1154.0,84.2392126673,60.0040145689,-1.0,-1.0,-1.0
4881.0,1416.0,1417.0,-1.0,-1.0,1.0,30.0,36020.0,1.0,1.0,60.0,1200.66666667,600.333333333,-1.0,-1.0,8503.872763
4882.0,1416.0,1418.0,-1.0,-1.0,1.0,69.0,2634.92431641,1.0,1.0,244.0,38.1873089335,10.7988701492,-1.0,-1.0,9861.398901
4883.0,1416.0,1422.0,-1.0,-1.0,-15.0,41.0,2694.92431641,1.0,1.0,304.0,65.7298613759,8.86488261977,-1.0,-1.0,-1.0
4884.0,1417.0,1422.0,-1.0,-1.0,-15.0,74.0,38734.9257813,1.0,1.0,384.0,523.444942991,100.872202555,-1.0,-1.0,-1.0
4885.0,1417.0,1437.0,-1.0,-1.0,1.0,134.0,140.0,1.0,1.0,140.0,1.0447761194,1.0,-1.0,-1.0,15372.83181
4886.0,1418.0,1422.0,-1.0,-1.0,1.0,15.0,40.0,1.0,1.0,40.0,2.66666666667,1.0,-1.0,-1.0,9062.456717
4887.0,1418.0,1424.0,-1.0,-1.0,-15.0,80.0,3508.35571289,0.0,1.0,128.0,43.8544464111,27.409029007,-1.0,-1.0,-1.0
4888.0,1418.0,1426.0,-1.0,-1.0,1.0,17.0,48.2842712402,1.0,1.0,48.0,2.84025124942,1.0059223175,-1.0,-1.0,6696.094118
4889.0,1419.0,1420.0,-1.0,-1.0,1.0,166.0,1198.28430176,1.0,0.0,208.0,7.21858013108,5.76098222,-1.0,-1.0,2976.302981
4890.0,1419.0,1433.0,-1.0,-1.0,1.0,199.0,9238.28417969,1.0,1.0,328.0,46.4235385914,28.1655005478,-1.0,-1.0,2425.565371
4891.0,1419.0,1439.0,-1.0,-1.0,-15.0,260.0,19218.2851563,1.0,1.0,408.0,73.9164813704,47.103640089,-1.0,-1.0,-1.0
4892.0,1419.0,1443.0,-1.0,-1.0,-15.0,306.0,24248.2851563,1.0,1.0,488.0,79.2427619487,49.6891089268,-1.0,-1.0,-1.0
4893.0,1420.0,1433.0,-1.0,-1.0,1.0,59.0,7656.85449219,1.0,1.0,76.0,129.777194783,100.748085424,-1.0,-1.0,2683.674969
4894.0,1421.0,1446.0,-1.0,-1.0,1.0,422.0,44197.9101563,1.0,1.0,455.0,104.734384257,97.1382640798,-1.0,-1.0,16003.80154
4895.0,1421.0,1458.0,-1.0,-1.0,1.0,449.0,76840.6171875,1.0,1.0,551.0,171.137232043,139.456655513,-1.0,-1.0,15687.25987
4896.0,1421.0,1468.0,-1.0,-1.0,1.0,711.0,101325.898438,0.0,1.0,795.0,142.511812149,127.453960299,-1.0,-1.0,17506.7314
4897.0,1422.0,1424.0,-1.0,-1.0,1.0,20.0,3428.35571289,1.0,1.0,48.0,171.417785644,71.4240773519,-1.0,-1.0,8920.441607
4898.0,1422.0,1426.0,-1.0,-1.0,1.0,92.0,128.28427124,1.0,1.0,128.0,1.39439425261,1.00222086906,-1.0,-1.0,2337.130268
4899.0,1422.0,1437.0,-1.0,-1.0,-15.0,135.0,38894.9257813,1.0,1.0,544.0,288.110561343,71.4980253333,-1.0,-1.0,-1.0
4900.0,1423.0,1436.0,-1.0,-1.0,1.0,22.0,4000.0,1.0,1.0,40.0,181.818181818,100.0,-1.0,-1.0,18801.49831
4901.0,1423.0,1474.0,-1.0,-1.0,-15.0,2388.0,294533.84375,0.0,1.0,3690.0,123.339130549,79.8194698509,-1.0,-1.0,-1.0
4902.0,1424.0,1426.0,-1.0,-1.0,-15.0,73.0,3584.92431641,1.0,1.0,204.0,49.1085522796,17.5731584138,-1.0,-1.0,-1.0
4903.0,1424.0,1437.0,-1.0,-1.0,-15.0,140.0,42363.28125,1.0,1.0,633.0,302.594866071,66.9246149289,-1.0,-1.0,-1.0
4904.0,1424.0,1440.0,-1.0,-1.0,1.0,129.0,14828.4267578,1.0,1.0,148.0,114.949044634,100.192072688,-1.0,-1.0,4678.460452
4905.0,1424.0,1441.0,-1.0,-1.0,1.0,99.0,11313.7089844,1.0,1.0,113.0,114.279888731,100.121318446,-1.0,-1.0,3616.395584
4906.0,1425.0,1429.0,-1.0,-1.0,1.0,99.0,120.0,1.0,1.0,120.0,1.21212121212,1.0,-1.0,-1.0,10566.20833
4907.0,1425.0,1430.0,-1.0,-1.0,1.0,33.0,56.5685424805,1.0,1.0,56.0,1.71419825698,1.01015254429,-1.0,-1.0,17992.92632
4908.0,1426.0,1434.0,-1.0,-1.0,1.0,32.0,6828.42724609,1.0,1.0,68.0,213.38835144,100.418047737,-1.0,-1.0,4254.589389
4909.0,1426.0,1441.0,-1.0,-1.0,1.0,59.0,8000.0,1.0,1.0,80.0,135.593220339,100.0,-1.0,-1.0,8224.627851
4910.0,1427.0,1445.0,-1.0,-1.0,1.0,839.0,54928.7265625,1.0,1.0,3920.0,65.4692807658,14.0124302455,-1.0,-1.0,24019.34438
4911.0,1427.0,1457.0,-1.0,-1.0,1.0,1019.0,25601.3203125,0.0,1.0,3661.0,25.1239649779,6.99298560844,-1.0,-1.0,63047.30307
4912.0,1427.0,1476.0,-1.0,-1.0,1.0,1574.0,169397.609375,1.0,1.0,2677.0,107.622369361,63.2788977867,-1.0,-1.0,38364.75158
4913.0,1427.0,1479.0,-1.0,-1.0,1.0,1274.0,62227.8828125,1.0,1.0,1685.0,48.8444920035,36.9304942507,-1.0,-1.0,20386.27393
4914.0,1427.0,1480.0,-1.0,-1.0,1.0,2437.0,24830.1933594,0.0,1.0,2890.0,10.1888360112,8.5917624081,-1.0,-1.0,71709.34803
4915.0,1427.0,1486.0,-1.0,-1.0,1.0,1927.0,92649.1875,0.0,1.0,3466.0,48.0794953295,26.7308677149,-1.0,-1.0,35797.22781
4916.0,1427.0,1493.0,-1.0,-1.0,1.0,2387.0,101019.828125,0.0,1.0,3536.0,42.3208328969,28.5689559177,-1.0,-1.0,22102.97956
4917.0,1429.0,1430.0,-1.0,-1.0,-15.0,155.0,176.56854248,1.0,1.0,176.0,1.13915188697,1.003230355,-1.0,-1.0,-1.0
4918.0,1429.0,1432.0,-1.0,-1.0,1.0,123.0,148.28427124,1.0,1.0,148.0,1.20556318081,1.00192075162,-1.0,-1.0,4153.41931
4919.0,1429.0,1447.0,-1.0,-1.0,1.0,229.0,4469.91992188,1.0,1.0,269.0,19.5193009689,16.6168026836,-1.0,-1.0,5385.41805
4920.0,1429.0,1450.0,-1.0,-1.0,1.0,256.0,309.705627441,1.0,1.0,309.0,1.20978760719,1.00228358395,-1.0,-1.0,10510.00107
4921.0,1429.0,1456.0,-1.0,-1.0,-15.0,319.0,19060.8320313,0.0,1.0,1080.0,59.7518245495,17.6489185475,-1.0,-1.0,-1.0
4922.0,1430.0,1437.0,-1.0,-1.0,1.0,204.0,236.56854248,1.0,1.0,236.0,1.15964971804,1.00240907831,-1.0,-1.0,15635.77863
4923.0,1430.0,1447.0,-1.0,-1.0,1.0,190.0,4469.91992188,1.0,1.0,269.0,23.5258943257,16.6168026836,-1.0,-1.0,5078.206739
4924.0,1431.0,1451.0,-1.0,-1.0,1.0,418.0,444.264068604,1.0,1.0,444.0,1.06283270001,1.00059474911,-1.0,-1.0,263891.5243
4925.0,1431.0,1461.0,-1.0,-1.0,1.0,1971.0,174150.6875,0.0,1.0,2255.0,88.3565131913,77.2286862528,-1.0,-1.0,43106.37889
4926.0,1431.0,1473.0,-1.0,-1.0,1.0,733.0,208419.515625,1.0,1.0,1191.0,284.337674795,174.995395151,-1.0,-1.0,18036.71756
4927.0,1432.0,1450.0,-1.0,-1.0,1.0,211.0,248.28427124,1.0,1.0,248.0,1.1767027073,1.001146255,-1.0,-1.0,12521.70533
4928.0,1432.0,1459.0,-1.0,-1.0,-15.0,322.0,19455.9804688,1.0,0.0,1475.0,60.4222995925,13.1904952331,-1.0,-1.0,-1.0
4929.0,1433.0,1434.0,-1.0,-1.0,1.0,48.0,6256.78271484,1.0,1.0,76.0,130.349639892,82.3260883532,-1.0,-1.0,2256.793163
4930.0,1433.0,1439.0,-1.0,-1.0,1.0,63.0,6828.42724609,1.0,1.0,68.0,108.387734065,100.418047737,-1.0,-1.0,3381.465338
4931.0,1433.0,1443.0,-1.0,-1.0,1.0,104.0,11010.0,0.0,1.0,120.0,105.865384615,91.75,-1.0,-1.0,3378.950177
4932.0,1434.0,1439.0,-1.0,-1.0,1.0,116.0,13913.6367188,1.0,1.0,153.0,119.945144128,90.9388020837,-1.0,-1.0,1047.942663
4933.0,1434.0,1441.0,-1.0,-1.0,1.0,48.0,7428.35546875,1.0,1.0,88.0,154.757405599,84.4131303267,-1.0,-1.0,5811.907268
4934.0,1434.0,1443.0,-1.0,-1.0,1.0,141.0,14742.0644531,1.0,1.0,161.0,104.553648604,91.5656177211,-1.0,-1.0,1900.750134
4935.0,1435.0,1436.0,-1.0,-1.0,1.0,1035.0,140828.421875,1.0,1.0,1088.0,136.066108092,129.437887753,-1.0,-1.0,13036.71743
4936.0,1435.0,1446.0,-1.0,-1.0,1.0,402.0,44970.5625,1.0,1.0,449.0,111.867070896,100.157154788,-1.0,-1.0,35379.64841
4937.0,1435.0,1470.0,-1.0,-1.0,1.0,1300.0,147861.328125,1.0,1.0,1518.0,113.739483173,97.405354496,-1.0,-1.0,11625.73326
4938.0,1435.0,1471.0,-1.0,-1.0,-15.0,879.0,132596.828125,1.0,1.0,993.0,150.849633817,133.531548968,-1.0,-1.0,-1.0
4939.0,1435.0,1478.0,-1.0,-1.0,1.0,1414.0,153965.875,1.0,0.0,2023.0,108.886757426,76.1076989619,-1.0,-1.0,11402.51859
4940.0,1436.0,1470.0,-1.0,-1.0,1.0,487.0,33321.6289063,1.0,1.0,751.0,68.4222359472,44.3696789698,-1.0,-1.0,15509.4839
4941.0,1436.0,1474.0,-1.0,-1.0,1.0,2355.0,289427.28125,1.0,1.0,3534.0,122.899057856,81.8979290464,-1.0,-1.0,32242.09614
4942.0,1436.0,1478.0,-1.0,-1.0,1.0,1006.0,39426.1757813,0.0,1.0,1255.0,39.1910296037,31.415279507,-1.0,-1.0,13424.50646
4943.0,1437.0,1440.0,-1.0,-1.0,-15.0,138.0,55944.9257813,1.0,1.0,764.0,405.398012908,73.2263426457,-1.0,-1.0,-1.0
4944.0,1437.0,1442.0,-1.0,-1.0,1.0,67.0,46066.5703125,1.0,1.0,116.0,687.560750933,397.125606142,-1.0,-1.0,4093.442799
4945.0,1437.0,1447.0,-1.0,-1.0,1.0,282.0,4673.3515625,1.0,1.0,473.0,16.5721686613,9.88023586152,-1.0,-1.0,4148.23983
4946.0,1437.0,1449.0,-1.0,-1.0,1.0,333.0,61311.421875,0.0,1.0,601.0,184.118384009,102.015676997,-1.0,-1.0,4044.960159
4947.0,1437.0,1454.0,-1.0,-1.0,1.0,197.0,18297.9902344,1.0,1.0,317.0,92.8831991594,57.72236667,-1.0,-1.0,9059.927619
4948.0,1437.0,1455.0,-1.0,-1.0,1.0,359.0,21736.2734375,0.0,1.0,786.0,60.5467226671,27.6542919052,-1.0,-1.0,7170.992843
4949.0,1437.0,1460.0,-1.0,-1.0,1.0,238.0,18301.421875,1.0,1.0,321.0,76.8967305672,57.0137753115,-1.0,-1.0,9030.893076
4950.0,1437.0,1465.0,-1.0,-1.0,1.0,487.0,36719.4101563,0.0,1.0,759.0,75.3991994996,48.3786695076,-1.0,-1.0,9520.09129
4951.0,1438.0,1445.0,-1.0,-1.0,1.0,1231.0,134218.90625,1.0,1.0,2738.0,109.03241775,49.0207838751,-1.0,-1.0,9236.793326
4952.0,1438.0,1457.0,-1.0,-1.0,1.0,1163.0,104891.492188,1.0,0.0,2479.0,90.1904490009,42.3120178249,-1.0,-1.0,8857.596966
4953.0,1438.0,1480.0,-1.0,-1.0,1.0,1624.0,104367.234375,1.0,1.0,1954.0,64.2655384083,53.4120953813,-1.0,-1.0,7343.406025
4954.0,1438.0,1489.0,-1.0,-1.0,1.0,1945.0,105072.328125,1.0,1.0,2659.0,54.0217625321,39.5157307728,-1.0,-1.0,5515.429221
4955.0,1439.0,1443.0,-1.0,-1.0,1.0,16.0,5428.35546875,1.0,1.0,68.0,339.272216797,79.8287568934,-1.0,-1.0,3751.773262
4956.0,1440.0,1441.0,-1.0,-1.0,1.0,84.0,11428.3554688,1.0,1.0,128.0,136.051850819,89.2840271,-1.0,-1.0,3130.369277
4957.0,1440.0,1442.0,-1.0,-1.0,1.0,55.0,35828.4257813,1.0,1.0,88.0,651.425923296,407.14120206,-1.0,-1.0,3493.313699
4958.0,1440.0,1444.0,-1.0,-1.0,1.0,25.0,5656.85449219,1.0,1.0,56.0,226.274179688,101.015258789,-1.0,-1.0,3872.115037
4959.0,1440.0,1449.0,-1.0,-1.0,-15.0,170.0,22884.9960938,0.0,1.0,284.0,134.617624081,80.5809721613,-1.0,-1.0,-1.0
4960.0,1441.0,1443.0,-1.0,-1.0,1.0,141.0,14256.7832031,1.0,1.0,156.0,101.111937611,91.3896359173,-1.0,-1.0,1973.041806
4961.0,1441.0,1444.0,-1.0,-1.0,1.0,78.0,9085.20996094,1.0,1.0,104.0,116.477050781,87.357788086,-1.0,-1.0,5474.299166
4962.0,1441.0,1448.0,-1.0,-1.0,1.0,85.0,9913.63671875,1.0,1.0,113.0,116.631020221,87.731298396,-1.0,-1.0,4113.183687
4963.0,1441.0,1449.0,-1.0,-1.0,1.0,97.0,11428.3554688,1.0,1.0,128.0,117.818097616,89.2840271,-1.0,-1.0,6647.19468
4964.0,1442.0,1444.0,-1.0,-1.0,1.0,99.0,39828.4257813,1.0,0.0,128.0,402.307331124,311.159576416,-1.0,-1.0,2803.500939
4965.0,1442.0,1454.0,-1.0,-1.0,1.0,168.0,64379.7070313,1.0,0.0,449.0,383.212541853,143.384648177,-1.0,-1.0,2203.556605
4966.0,1443.0,1448.0,-1.0,-1.0,1.0,72.0,7685.13867188,1.0,1.0,104.0,106.738037109,73.8955641527,-1.0,-1.0,6575.597648
4967.0,1443.0,1465.0,-1.0,-1.0,-15.0,393.0,50389.7695313,0.0,1.0,459.0,128.218243082,109.781632966,-1.0,-1.0,-1.0
4968.0,1444.0,1449.0,-1.0,-1.0,1.0,68.0,14828.4267578,1.0,1.0,148.0,218.065099379,100.192072688,-1.0,-1.0,3692.013069
4969.0,1444.0,1452.0,-1.0,-1.0,-15.0,109.0,48656.8554688,1.0,0.0,216.0,446.393169439,225.263219763,-1.0,-1.0,-1.0
4970.0,1444.0,1454.0,-1.0,-1.0,1.0,227.0,73452.84375,1.0,0.0,582.0,323.580809471,126.207635309,-1.0,-1.0,2995.191392
4971.0,1445.0,1457.0,-1.0,-1.0,1.0,75.0,29332.8457031,1.0,1.0,264.0,391.104609375,111.109264027,-1.0,-1.0,12331.34608
4972.0,1445.0,1479.0,-1.0,-1.0,1.0,1543.0,106939.070313,1.0,0.0,3461.0,69.3059431711,30.8983156062,-1.0,-1.0,23913.19944
4973.0,1445.0,1480.0,-1.0,-1.0,1.0,1653.0,31024.2167969,0.0,1.0,1956.0,18.7684312141,15.8610515322,-1.0,-1.0,16917.24028
4974.0,1446.0,1458.0,-1.0,-1.0,1.0,488.0,87298.4140625,1.0,1.0,669.0,178.890192751,130.490902933,-1.0,-1.0,20864.62221
4975.0,1446.0,1471.0,-1.0,-1.0,1.0,467.0,87026.3359375,1.0,1.0,524.0,186.351897082,166.080793774,-1.0,-1.0,20490.07809
4976.0,1447.0,1450.0,-1.0,-1.0,1.0,223.0,4669.91992188,1.0,0.0,469.0,20.9413449412,9.9571853345,-1.0,-1.0,4569.203967
4977.0,1447.0,1455.0,-1.0,-1.0,1.0,92.0,26286.1933594,1.0,1.0,1135.0,285.719493037,23.1596417263,-1.0,-1.0,5304.413657
4978.0,1447.0,1456.0,-1.0,-1.0,1.0,149.0,23321.046875,1.0,1.0,1140.0,156.517093121,20.4570586623,-1.0,-1.0,6312.241875
4979.0,1447.0,1460.0,-1.0,-1.0,1.0,237.0,22851.3417969,1.0,1.0,671.0,96.4191637,34.0556509641,-1.0,-1.0,6514.081381
4980.0,1448.0,1449.0,-1.0,-1.0,1.0,118.0,14000.0,1.0,1.0,140.0,118.644067797,100.0,-1.0,-1.0,4273.611218
4981.0,1448.0,1452.0,-1.0,-1.0,-15.0,143.0,47000.0,1.0,0.0,200.0,328.671328671,235.0,-1.0,-1.0,-1.0
4982.0,1448.0,1465.0,-1.0,-1.0,1.0,271.0,41256.2734375,1.0,1.0,306.0,152.237171356,134.824422998,-1.0,-1.0,6350.818193
4983.0,1449.0,1452.0,-1.0,-1.0,1.0,24.0,33000.0,1.0,1.0,60.0,1375.0,550.0,-1.0,-1.0,5066.816789
4984.0,1449.0,1454.0,-1.0,-1.0,1.0,299.0,59521.1289063,0.0,1.0,591.0,199.067320757,100.712570061,-1.0,-1.0,3145.688434
4985.0,1449.0,1465.0,-1.0,-1.0,1.0,218.0,41198.2851563,0.0,1.0,248.0,188.982959433,166.122117566,-1.0,-1.0,5576.702901
4986.0,1450.0,1453.0,-1.0,-1.0,1.0,35.0,19529.1171875,1.0,1.0,1549.0,557.974776786,12.607564356,-1.0,-1.0,8507.623022
4987.0,1450.0,1456.0,-1.0,-1.0,1.0,100.0,19352.5488281,1.0,1.0,1372.0,193.525488281,14.1053562887,-1.0,-1.0,8566.398788
4988.0,1450.0,1459.0,-1.0,-1.0,-15.0,125.0,19584.2636719,1.0,1.0,1604.0,156.674109375,12.2096406932,-1.0,-1.0,-1.0
4989.0,1451.0,1473.0,-1.0,-1.0,1.0,926.0,208519.515625,1.0,1.0,1291.0,225.18306223,161.51782775,-1.0,-1.0,18585.15284
4990.0,1451.0,1474.0,-1.0,-1.0,1.0,1638.0,198423.96875,1.0,1.0,1895.0,121.13795406,104.709218338,-1.0,-1.0,281262.4624
4991.0,1452.0,1454.0,-1.0,-1.0,1.0,261.0,28501.1269531,1.0,0.0,531.0,109.199720127,53.6744387064,-1.0,-1.0,5608.364618
4992.0,1452.0,1465.0,-1.0,-1.0,1.0,170.0,10190.0,1.0,1.0,200.0,59.9411764706,50.95,-1.0,-1.0,8210.410335
4993.0,1453.0,1456.0,-1.0,-1.0,1.0,127.0,148.28427124,1.0,1.0,148.0,1.16759268693,1.00192075162,-1.0,-1.0,3146.573642
4994.0,1453.0,1459.0,-1.0,-1.0,1.0,58.0,76.5685424805,1.0,1.0,76.0,1.32014728415,1.00748082211,-1.0,-1.0,5972.723408
4995.0,1453.0,1462.0,-1.0,-1.0,1.0,85.0,100.0,1.0,1.0,100.0,1.17647058824,1.0,-1.0,-1.0,5871.722086
4996.0,1454.0,1460.0,-1.0,-1.0,1.0,57.0,76.5685424805,1.0,1.0,76.0,1.34330776282,1.00748082211,-1.0,-1.0,9781.889647
4997.0,1454.0,1465.0,-1.0,-1.0,1.0,298.0,18404.8535156,1.0,1.0,424.0,61.7612534081,43.4076733858,-1.0,-1.0,11824.36648
4998.0,1454.0,1467.0,-1.0,-1.0,1.0,376.0,419.411254883,0.0,1.0,419.0,1.11545546511,1.00098151523,-1.0,-1.0,7037.951913
4999.0,1455.0,1456.0,-1.0,-1.0,1.0,88.0,3070.0,1.0,1.0,100.0,34.8863636364,30.7,-1.0,-1.0,3147.664047
5000.0,1455.0,1460.0,-1.0,-1.0,1.0,222.0,3451.42138672,1.0,1.0,481.0,15.5469431834,7.1755122385,-1.0,-1.0,3330.374124
5001.0,1455.0,1466.0,-1.0,-1.0,1.0,161.0,3174.8527832,1.0,1.0,204.0,19.7195825043,15.5630038392,-1.0,-1.0,3384.498904
5002.0,1455.0,1467.0,-1.0,-1.0,1.0,184.0,3226.56860352,1.0,1.0,256.0,17.5356989322,12.6037836075,-1.0,-1.0,3551.61946
5003.0,1456.0,1462.0,-1.0,-1.0,1.0,134.0,141.421356201,1.0,1.0,141.0,1.05538325523,1.00298834185,-1.0,-1.0,6532.493228
5004.0,1456.0,1466.0,-1.0,-1.0,1.0,112.0,140.0,1.0,1.0,140.0,1.25,1.0,-1.0,-1.0,9737.761651
5005.0,1457.0,1479.0,-1.0,-1.0,1.0,1566.0,77611.6640625,1.0,0.0,3201.0,49.5604495929,24.2460681232,-1.0,-1.0,36322.24936
5006.0,1457.0,1480.0,-1.0,-1.0,1.0,1468.0,1696.81237793,1.0,1.0,1696.0,1.15586674246,1.00047899642,-1.0,-1.0,100419.2393
5007.0,1458.0,1468.0,-1.0,-1.0,1.0,251.0,27798.9902344,1.0,1.0,277.0,110.752949141,100.357365467,-1.0,-1.0,20984.39845
5008.0,1458.0,1469.0,-1.0,-1.0,1.0,174.0,18828.4277344,1.0,1.0,188.0,108.209354795,100.151211353,-1.0,-1.0,7390.381717
5009.0,1458.0,1471.0,-1.0,-1.0,1.0,166.0,19313.7089844,1.0,1.0,193.0,116.347644484,100.071031007,-1.0,-1.0,7933.938113
5010.0,1459.0,1462.0,-1.0,-1.0,1.0,69.0,84.8528137207,1.0,1.0,84.0,1.22975092349,1.01015254429,-1.0,-1.0,2803.497533
5011.0,1459.0,1464.0,-1.0,-1.0,1.0,69.0,88.2842712402,1.0,1.0,88.0,1.27948219189,1.003230355,-1.0,-1.0,4038.184842
5012.0,1460.0,1465.0,-1.0,-1.0,1.0,374.0,18417.9902344,1.0,0.0,437.0,49.2459631936,42.1464307423,-1.0,-1.0,11847.37083
5013.0,1460.0,1467.0,-1.0,-1.0,1.0,295.0,354.558441162,1.0,1.0,354.0,1.20189302089,1.00157751741,-1.0,-1.0,6516.421344
5014.0,1461.0,1463.0,-1.0,-1.0,1.0,134.0,7094.85302734,1.0,1.0,164.0,52.9466643831,43.2612989472,-1.0,-1.0,11099.11256
5015.0,1461.0,1473.0,-1.0,-1.0,1.0,1640.0,382373.625,1.0,1.0,3251.0,233.15464939,117.617233159,-1.0,-1.0,10206.4903
5016.0,1462.0,1464.0,-1.0,-1.0,1.0,61.0,80.0,1.0,1.0,80.0,1.31147540984,1.0,-1.0,-1.0,2672.209939
5017.0,1462.0,1466.0,-1.0,-1.0,1.0,52.0,76.5685424805,1.0,1.0,76.0,1.47247197078,1.00748082211,-1.0,-1.0,8966.108819
5018.0,1462.0,1472.0,-1.0,-1.0,1.0,199.0,253.137084961,1.0,1.0,253.0,1.27204565307,1.00054183779,-1.0,-1.0,5250.036131
5019.0,1463.0,1473.0,-1.0,-1.0,1.0,1816.0,389541.625,1.0,0.0,3489.0,214.50530011,111.648502436,-1.0,-1.0,9865.721629
5020.0,1464.0,1472.0,-1.0,-1.0,1.0,195.0,233.137084961,1.0,1.0,233.0,1.19557479467,1.00058834747,-1.0,-1.0,5411.126781
5021.0,1465.0,1467.0,-1.0,-1.0,1.0,575.0,18596.5683594,1.0,1.0,616.0,32.3418580163,30.1892343497,-1.0,-1.0,11823.73552
5022.0,1465.0,1472.0,-1.0,-1.0,1.0,899.0,18957.9902344,1.0,0.0,977.0,21.0878645544,19.4042888786,-1.0,-1.0,11632.14581
5023.0,1465.0,1489.0,-1.0,-1.0,1.0,4803.0,254136.828125,0.0,1.0,5686.0,52.912102462,44.695186093,-1.0,-1.0,67098.77901
5024.0,1465.0,1502.0,-1.0,-1.0,-15.0,4818.0,254156.828125,1.0,0.0,5706.0,52.751520989,44.5420308666,-1.0,-1.0,-1.0
5025.0,1466.0,1467.0,-1.0,-1.0,1.0,48.0,76.5685424805,1.0,1.0,76.0,1.59517796834,1.00748082211,-1.0,-1.0,18730.49425
5026.0,1466.0,1472.0,-1.0,-1.0,1.0,161.0,201.421356201,1.0,1.0,201.0,1.25106432423,1.00209629951,-1.0,-1.0,4228.090456
5027.0,1467.0,1472.0,-1.0,-1.0,1.0,275.0,333.137084961,1.0,1.0,333.0,1.21140758168,1.00041166655,-1.0,-1.0,2744.965413
5028.0,1468.0,1469.0,-1.0,-1.0,1.0,105.0,11428.3554688,1.0,1.0,128.0,108.841480655,89.2840271,-1.0,-1.0,43093.47978
5029.0,1468.0,1475.0,-1.0,-1.0,1.0,163.0,19313.7089844,1.0,1.0,193.0,118.489012174,100.071031007,-1.0,-1.0,30061.92066
5030.0,1468.0,1483.0,-1.0,-1.0,1.0,1880.0,217622.796875,1.0,1.0,2267.0,115.756806848,95.9959403948,-1.0,-1.0,70247.16139
5031.0,1468.0,1488.0,-1.0,-1.0,1.0,1423.0,95530.4765625,1.0,1.0,1609.0,67.13315289,59.3725771053,-1.0,-1.0,19920.33699
5032.0,1469.0,1471.0,-1.0,-1.0,1.0,45.0,6000.0,1.0,1.0,60.0,133.333333333,100.0,-1.0,-1.0,28044.36075
5033.0,1469.0,1475.0,-1.0,-1.0,1.0,22.0,7085.20996094,1.0,1.0,84.0,322.054998225,84.3477376302,-1.0,-1.0,13862.37218
5034.0,1470.0,1471.0,-1.0,-1.0,1.0,1982.0,224676.84375,0.0,1.0,2086.0,113.358649723,107.707020014,-1.0,-1.0,21170.70017
5035.0,1470.0,1474.0,-1.0,-1.0,1.0,2235.0,256177.375,1.0,0.0,2854.0,114.620749441,89.76081815,-1.0,-1.0,37529.94295
5036.0,1470.0,1475.0,-1.0,-1.0,1.0,2030.0,226047.53125,0.0,1.0,2355.0,111.35346367,95.986212845,-1.0,-1.0,21373.15466
5037.0,1470.0,1478.0,-1.0,-1.0,1.0,495.0,6176.265625,1.0,1.0,575.0,12.4773042929,10.7413315217,-1.0,-1.0,7305.3927
5038.0,1470.0,1481.0,-1.0,-1.0,1.0,929.0,6652.83398438,1.0,0.0,1052.0,7.16128523615,6.32398667717,-1.0,-1.0,9826.661628
5039.0,1471.0,1475.0,-1.0,-1.0,1.0,25.0,2856.71142578,1.0,1.0,56.0,114.268457031,51.0127040318,-1.0,-1.0,31425.53135
5040.0,1471.0,1478.0,-1.0,-1.0,1.0,1826.0,227743.03125,1.0,0.0,2500.0,124.722361035,91.0972125,-1.0,-1.0,21008.28914
5041.0,1473.0,1474.0,-1.0,-1.0,-15.0,2626.0,407184.90625,1.0,0.0,3429.0,155.058989433,118.747420895,-1.0,-1.0,-1.0
5042.0,1474.0,1478.0,-1.0,-1.0,1.0,2495.0,250679.9375,0.0,1.0,2957.0,100.472920842,84.7750887724,-1.0,-1.0,38327.93501
5043.0,1474.0,1481.0,-1.0,-1.0,1.0,2157.0,250983.953125,1.0,1.0,3261.0,116.357882765,76.9653336783,-1.0,-1.0,38226.96722
5044.0,1474.0,1482.0,-1.0,-1.0,-15.0,2191.0,261213.578125,1.0,1.0,4341.0,119.22116756,60.1735955137,-1.0,-1.0,-1.0
5045.0,1474.0,1484.0,-1.0,-1.0,1.0,2262.0,251737.09375,1.0,0.0,4014.0,111.289608201,62.7147717364,-1.0,-1.0,38095.45931
5046.0,1474.0,1491.0,-1.0,-1.0,1.0,2462.0,251588.796875,1.0,0.0,3866.0,102.188788333,65.0772883795,-1.0,-1.0,38124.4807
5047.0,1475.0,1478.0,-1.0,-1.0,1.0,1847.0,223703.03125,1.0,1.0,2420.0,121.116963319,92.4392691116,-1.0,-1.0,21721.34198
5048.0,1475.0,1488.0,-1.0,-1.0,1.0,1313.0,73974.09375,1.0,1.0,1621.0,56.3397515232,45.6348511721,-1.0,-1.0,32710.03432
5049.0,1475.0,1494.0,-1.0,-1.0,1.0,1642.0,125422.664063,1.0,1.0,1929.0,76.3840828642,65.0195251752,-1.0,-1.0,5056.732924
5050.0,1476.0,1477.0,-1.0,-1.0,1.0,347.0,37913.6367188,1.0,1.0,393.0,109.261200919,96.4723580631,-1.0,-1.0,26898.59312
5051.0,1476.0,1479.0,-1.0,-1.0,1.0,1001.0,114080.601563,1.0,1.0,2030.0,113.966634928,56.1973406714,-1.0,-1.0,46427.40628
5052.0,1476.0,1485.0,-1.0,-1.0,1.0,2994.0,230902.859375,1.0,0.0,3519.0,77.1218635187,65.6160441532,-1.0,-1.0,67534.83921
5053.0,1476.0,1506.0,-1.0,-1.0,1.0,2384.0,166778.0,1.0,1.0,3114.0,69.9572147651,53.5574823378,-1.0,-1.0,58522.81669
5054.0,1477.0,1479.0,-1.0,-1.0,1.0,813.0,92281.609375,1.0,1.0,1812.0,113.507514606,50.9280404939,-1.0,-1.0,47169.75444
5055.0,1477.0,1486.0,-1.0,-1.0,1.0,1011.0,80720.8203125,1.0,1.0,1758.0,79.8425522379,45.9162800412,-1.0,-1.0,29865.48954
5056.0,1477.0,1490.0,-1.0,-1.0,1.0,1101.0,94921.8359375,1.0,0.0,1900.0,86.2142015781,49.9588610197,-1.0,-1.0,18440.03144
5057.0,1477.0,1492.0,-1.0,-1.0,1.0,1200.0,90436.5546875,1.0,1.0,2015.0,75.3637955729,44.8816648573,-1.0,-1.0,13264.30253
5058.0,1477.0,1506.0,-1.0,-1.0,1.0,2189.0,144979.015625,1.0,1.0,2896.0,66.2307060873,50.0618147876,-1.0,-1.0,73906.10289
5059.0,1477.0,1511.0,-1.0,-1.0,1.0,1885.0,163685.265625,1.0,1.0,2174.0,86.8356846817,75.2922104991,-1.0,-1.0,8725.921798
5060.0,1478.0,1481.0,-1.0,-1.0,1.0,522.0,549.116882324,1.0,1.0,549.0,1.05194805043,1.00021290041,-1.0,-1.0,38673.44709
5061.0,1478.0,1494.0,-1.0,-1.0,-15.0,1586.0,176769.015625,1.0,1.0,2666.0,111.45587366,66.3049570986,-1.0,-1.0,-1.0
5062.0,1478.0,1497.0,-1.0,-1.0,-15.0,1259.0,77487.1796875,1.0,0.0,1895.0,61.5466081712,40.8903322889,-1.0,-1.0,-1.0
5063.0,1478.0,1501.0,-1.0,-1.0,1.0,1168.0,56847.25,1.0,0.0,1635.0,48.6705907534,34.7689602446,-1.0,-1.0,20097.33447
5064.0,1478.0,1504.0,-1.0,-1.0,-15.0,1391.0,94770.53125,0.0,1.0,2108.0,68.131223041,44.957557519,-1.0,-1.0,-1.0
5065.0,1479.0,1480.0,-1.0,-1.0,1.0,2071.0,76823.96875,1.0,0.0,2413.0,37.0951080396,31.8375336718,-1.0,-1.0,38840.30446
5066.0,1479.0,1486.0,-1.0,-1.0,1.0,517.0,79227.34375,1.0,1.0,646.0,153.244378627,122.642946981,-1.0,-1.0,26450.85185
5067.0,1479.0,1493.0,-1.0,-1.0,-15.0,1081.0,129426.046875,1.0,0.0,1204.0,119.728072965,107.496716674,-1.0,-1.0,-1.0
5068.0,1480.0,1489.0,-1.0,-1.0,1.0,673.0,773.969726563,1.0,1.0,773.0,1.15002931139,1.00125449749,-1.0,-1.0,248648.165
5069.0,1480.0,1493.0,-1.0,-1.0,1.0,2040.0,114014.726563,1.0,0.0,2511.0,55.8895718446,45.4061037686,-1.0,-1.0,34663.54631
5070.0,1480.0,1502.0,-1.0,-1.0,-15.0,711.0,822.253967285,1.0,1.0,822.0,1.15647534077,1.00030896263,-1.0,-1.0,-1.0
5071.0,1481.0,1482.0,-1.0,-1.0,-15.0,10.0,10174.4785156,1.0,1.0,1024.0,1017.44785156,9.93601417539,-1.0,-1.0,-1.0
5072.0,1481.0,1484.0,-1.0,-1.0,1.0,138.0,697.989929199,1.0,1.0,697.0,5.05789803767,1.00142027145,-1.0,-1.0,13473.10207
5073.0,1481.0,1491.0,-1.0,-1.0,1.0,388.0,549.705627441,0.0,1.0,549.0,1.41676708103,1.00128529589,-1.0,-1.0,14044.5271
5074.0,1481.0,1497.0,-1.0,-1.0,-15.0,1238.0,77118.890625,0.0,1.0,1527.0,62.2931265145,50.5035302063,-1.0,-1.0,-1.0
5075.0,1481.0,1501.0,-1.0,-1.0,1.0,1060.0,56478.9648438,1.0,1.0,1267.0,53.2820423055,44.5769256857,-1.0,-1.0,20505.29764
5076.0,1481.0,1504.0,-1.0,-1.0,-15.0,1425.0,94402.2421875,0.0,1.0,1740.0,66.2471875,54.2541621767,-1.0,-1.0,-1.0
5077.0,1482.0,1484.0,-1.0,-1.0,1.0,81.0,9383.3515625,1.0,1.0,233.0,115.843846451,40.271895118,-1.0,-1.0,1468.000001
5078.0,1483.0,1485.0,-1.0,-1.0,1.0,16.0,2438.35571289,1.0,1.0,48.0,152.397232056,50.7990773519,-1.0,-1.0,303508.1728
5079.0,1483.0,1488.0,-1.0,-1.0,1.0,1563.0,193592.40625,1.0,1.0,1711.0,123.859504958,113.145766365,-1.0,-1.0,70381.62773
5080.0,1483.0,1499.0,-1.0,-1.0,1.0,1446.0,186732.59375,1.0,1.0,1628.0,129.137340076,114.700610412,-1.0,-1.0,70170.17253
5081.0,1483.0,1506.0,-1.0,-1.0,-15.0,1436.0,67723.453125,0.0,1.0,1613.0,47.1611790564,41.9860217762,-1.0,-1.0,-1.0
5082.0,1483.0,1507.0,-1.0,-1.0,-15.0,1344.0,67673.75,0.0,1.0,1563.0,50.3524925595,43.2973448496,-1.0,-1.0,-1.0
5083.0,1484.0,1491.0,-1.0,-1.0,1.0,140.0,184.852813721,1.0,1.0,184.0,1.32037724086,1.00463485718,-1.0,-1.0,11871.75318
5084.0,1484.0,1501.0,-1.0,-1.0,1.0,910.0,56322.3945313,1.0,0.0,1110.0,61.8927412432,50.7408959741,-1.0,-1.0,20663.42839
5085.0,1485.0,1495.0,-1.0,-1.0,1.0,526.0,88130.203125,1.0,1.0,749.0,167.547914686,117.663822597,-1.0,-1.0,52974.24594
5086.0,1485.0,1499.0,-1.0,-1.0,-15.0,1668.0,189427.53125,1.0,1.0,1933.0,113.565666217,97.9966535178,-1.0,-1.0,-1.0
5087.0,1485.0,1506.0,-1.0,-1.0,1.0,1197.0,65075.390625,1.0,0.0,1355.0,54.3654057018,48.0261185424,-1.0,-1.0,91489.05188
5088.0,1485.0,1507.0,-1.0,-1.0,1.0,1104.0,65025.6835938,1.0,1.0,1305.0,58.900075719,49.8281100336,-1.0,-1.0,91515.89791
5089.0,1485.0,1508.0,-1.0,-1.0,-15.0,1208.0,65230.5390625,0.0,1.0,1510.0,53.9987906147,43.1990324917,-1.0,-1.0,-1.0
5090.0,1486.0,1487.0,-1.0,-1.0,1.0,166.0,18398.9179688,1.0,1.0,197.0,110.836855234,93.3955226843,-1.0,-1.0,31105.06815
5091.0,1486.0,1490.0,-1.0,-1.0,-15.0,226.0,25798.9902344,1.0,1.0,257.0,114.154824046,100.385176009,-1.0,-1.0,-1.0
5092.0,1486.0,1492.0,-1.0,-1.0,1.0,415.0,65369.4804688,0.0,1.0,507.0,157.516820407,128.933886526,-1.0,-1.0,19741.16537
5093.0,1486.0,1493.0,-1.0,-1.0,1.0,383.0,42884.1992188,1.0,1.0,442.0,111.969188561,97.0230751557,-1.0,-1.0,26258.4601
5094.0,1486.0,1505.0,-1.0,-1.0,1.0,465.0,49275.6289063,1.0,1.0,554.0,105.969094422,88.9451785312,-1.0,-1.0,8908.460865
5095.0,1487.0,1490.0,-1.0,-1.0,1.0,38.0,5656.85449219,1.0,1.0,56.0,148.8645919,101.015258789,-1.0,-1.0,31206.16013
5096.0,1487.0,1492.0,-1.0,-1.0,-15.0,225.0,46142.1367188,0.0,1.0,301.0,205.076163195,153.296135278,-1.0,-1.0,-1.0
5097.0,1488.0,1494.0,-1.0,-1.0,1.0,727.0,76912.484375,1.0,1.0,811.0,105.794338893,94.8366021887,-1.0,-1.0,35435.89431
5098.0,1488.0,1499.0,-1.0,-1.0,1.0,434.0,45369.4804688,1.0,1.0,467.0,104.53797343,97.1509217747,-1.0,-1.0,14755.61616
5099.0,1489.0,1502.0,-1.0,-1.0,1.0,0.0,20.0,1.0,1.0,20.0,-1.0,1.0,-1.0,-1.0,37350.28804
5100.0,1490.0,1492.0,-1.0,-1.0,1.0,158.0,38485.28125,1.0,1.0,224.0,243.57772943,171.809291295,-1.0,-1.0,15380.55454
5101.0,1490.0,1496.0,-1.0,-1.0,1.0,307.0,47266.78125,1.0,1.0,336.0,153.96345684,140.674944196,-1.0,-1.0,5222.908024
5102.0,1490.0,1505.0,-1.0,-1.0,1.0,447.0,45114.0585938,1.0,1.0,522.0,100.926305579,86.425399605,-1.0,-1.0,7703.242475
5103.0,1491.0,1501.0,-1.0,-1.0,1.0,799.0,56129.2578125,1.0,1.0,917.0,70.2493839956,61.2096595556,-1.0,-1.0,20699.32951
5104.0,1491.0,1510.0,-1.0,-1.0,1.0,935.0,66292.1015625,1.0,1.0,1020.0,70.9006433824,64.9922564338,-1.0,-1.0,21297.69173
5105.0,1492.0,1496.0,-1.0,-1.0,1.0,127.0,34828.4257813,1.0,1.0,188.0,274.239573081,185.257583943,-1.0,-1.0,11126.7956
5106.0,1492.0,1511.0,-1.0,-1.0,1.0,1116.0,112086.828125,1.0,1.0,1440.0,100.436225918,77.8380750868,-1.0,-1.0,22417.91476
5107.0,1492.0,1512.0,-1.0,-1.0,1.0,981.0,90123.046875,1.0,1.0,1180.0,91.8685493119,76.3754634534,-1.0,-1.0,10578.94133
5108.0,1493.0,1502.0,-1.0,-1.0,1.0,2578.0,114777.570313,1.0,0.0,3274.0,44.5219434884,35.0572908714,-1.0,-1.0,36082.25996
5109.0,1493.0,1505.0,-1.0,-1.0,1.0,320.0,36970.5625,1.0,1.0,369.0,115.533007813,100.191226287,-1.0,-1.0,41571.02891
5110.0,1493.0,1512.0,-1.0,-1.0,1.0,1443.0,129954.164063,0.0,1.0,1649.0,90.058325754,78.8078617726,-1.0,-1.0,25287.87075
5111.0,1494.0,1497.0,-1.0,-1.0,-15.0,655.0,99912.125,1.0,0.0,751.0,152.53759542,133.038781625,-1.0,-1.0,-1.0
5112.0,1494.0,1499.0,-1.0,-1.0,1.0,977.0,102485.28125,1.0,1.0,1024.0,104.897933726,100.083282471,-1.0,-1.0,31817.60686
5113.0,1494.0,1500.0,-1.0,-1.0,1.0,123.0,14485.28125,1.0,1.0,144.0,117.766514228,100.592230903,-1.0,-1.0,48397.62852
5114.0,1494.0,1504.0,-1.0,-1.0,-15.0,454.0,81941.921875,1.0,1.0,501.0,180.488814703,163.556730289,-1.0,-1.0,-1.0
5115.0,1494.0,1509.0,-1.0,-1.0,1.0,506.0,90083.2578125,1.0,0.0,540.0,178.03015378,166.820847801,-1.0,-1.0,22966.50514
5116.0,1495.0,1499.0,-1.0,-1.0,-15.0,2092.0,277767.4375,1.0,0.0,2892.0,132.77602175,96.0468317773,-1.0,-1.0,-1.0
5117.0,1495.0,1507.0,-1.0,-1.0,1.0,583.0,24894.46875,1.0,1.0,1233.0,42.7006325043,20.1901611922,-1.0,-1.0,53515.57838
5118.0,1495.0,1508.0,-1.0,-1.0,-15.0,652.0,25099.3222656,1.0,1.0,1438.0,38.4958930454,17.4543270275,-1.0,-1.0,-1.0
5119.0,1496.0,1505.0,-1.0,-1.0,1.0,301.0,22440.0625,1.0,1.0,589.0,74.5517026578,38.0985780985,-1.0,-1.0,23771.1169
5120.0,1496.0,1512.0,-1.0,-1.0,1.0,913.0,75171.4765625,1.0,1.0,1089.0,82.3345855011,69.0279858242,-1.0,-1.0,17473.72262
5121.0,1497.0,1498.0,-1.0,-1.0,1.0,112.0,13010.0,1.0,1.0,140.0,116.160714286,92.9285714286,-1.0,-1.0,16512.27087
5122.0,1497.0,1501.0,-1.0,-1.0,-15.0,197.0,20020.0,1.0,1.0,220.0,101.624365482,91.0,-1.0,-1.0,-1.0
5123.0,1497.0,1503.0,-1.0,-1.0,1.0,134.0,16095.2099609,1.0,1.0,184.0,120.113507171,87.4739671788,-1.0,-1.0,11059.37454
5124.0,1497.0,1504.0,-1.0,-1.0,1.0,165.0,17913.6367188,1.0,1.0,193.0,108.567495265,92.8167705637,-1.0,-1.0,26848.42309
5125.0,1498.0,1501.0,-1.0,-1.0,1.0,60.0,7010.0,1.0,1.0,80.0,116.833333333,87.625,-1.0,-1.0,24704.96527
5126.0,1498.0,1503.0,-1.0,-1.0,1.0,21.0,4828.42724609,1.0,1.0,48.0,229.925106957,100.592234294,-1.0,-1.0,8700.523229
5127.0,1499.0,1509.0,-1.0,-1.0,1.0,1469.0,193597.984375,1.0,0.0,1575.0,131.788961453,122.919355159,-1.0,-1.0,27232.10549
5128.0,1500.0,1504.0,-1.0,-1.0,1.0,284.0,66256.78125,1.0,1.0,316.0,233.298525528,209.673358386,-1.0,-1.0,30334.85884
5129.0,1500.0,1509.0,-1.0,-1.0,1.0,356.0,77455.84375,1.0,1.0,414.0,217.572594803,187.091410024,-1.0,-1.0,17954.59274
5130.0,1501.0,1503.0,-1.0,-1.0,1.0,39.0,4256.78271484,1.0,1.0,56.0,109.148274739,76.0139770507,-1.0,-1.0,48805.71898
5131.0,1501.0,1510.0,-1.0,-1.0,1.0,292.0,32323.7089844,1.0,1.0,333.0,110.697633508,97.0681951483,-1.0,-1.0,8223.093002
5132.0,1503.0,1504.0,-1.0,-1.0,1.0,312.0,32438.3554688,1.0,1.0,348.0,103.969088041,93.2136651402,-1.0,-1.0,19850.98149
5133.0,1503.0,1509.0,-1.0,-1.0,1.0,500.0,54541.0546875,1.0,1.0,559.0,109.082109375,97.5689708184,-1.0,-1.0,23222.88957
5134.0,1503.0,1510.0,-1.0,-1.0,1.0,293.0,31637.4179688,1.0,1.0,326.0,107.97753573,97.0472943828,-1.0,-1.0,2298.464761
5135.0,1504.0,1509.0,-1.0,-1.0,1.0,225.0,24742.0644531,1.0,1.0,261.0,109.964730903,94.7971818126,-1.0,-1.0,25931.65366
5136.0,1504.0,1510.0,-1.0,-1.0,1.0,525.0,58541.0546875,0.0,1.0,599.0,111.506770833,97.7313099958,-1.0,-1.0,10315.30886
5137.0,1505.0,1512.0,-1.0,-1.0,1.0,1078.0,92841.46875,1.0,1.0,1278.0,86.1238114564,72.6459066901,-1.0,-1.0,19509.82504
5138.0,1506.0,1507.0,-1.0,-1.0,1.0,9.0,20.0,1.0,1.0,20.0,2.22222222222,1.0,-1.0,-1.0,145242.1129
5139.0,1506.0,1508.0,-1.0,-1.0,-15.0,142.0,169.705627441,0.0,1.0,169.0,1.1951100524,1.0041753103,-1.0,-1.0,-1.0
5140.0,1506.0,1511.0,-1.0,-1.0,1.0,1391.0,92061.75,1.0,1.0,1570.0,66.183860532,58.6380573248,-1.0,-1.0,102319.1596
5141.0,1507.0,1508.0,-1.0,-1.0,1.0,13.0,28.2842712402,1.0,1.0,28.0,2.17571317232,1.01015254429,-1.0,-1.0,1468.020077
5142.0,1507.0,1511.0,-1.0,-1.0,-15.0,1396.0,92081.75,1.0,0.0,1590.0,65.9611389685,57.9130503145,-1.0,-1.0,-1.0
5143.0,1508.0,1511.0,-1.0,-1.0,-15.0,1482.0,92243.171875,1.0,0.0,1751.0,62.242356191,52.6802809109,-1.0,-1.0,-1.0
5144.0,1509.0,1510.0,-1.0,-1.0,1.0,601.0,62000.0,1.0,1.0,620.0,103.161397671,100.0,-1.0,-1.0,19642.64001
5145.0,1511.0,1512.0,-1.0,-1.0,1.0,233.0,21980.3476563,1.0,1.0,276.0,94.3362560356,79.6389407837,-1.0,-1.0,72232.88341
# Linkage Mapper Version 2.0.0
# ---Run Settings---
# Project Directory: E:\AmphibianConnectivity\LCP_allspecies